<?xml version="1.0" ?>
<!--MOLLI PACKAGE EXPERIMENTAL XML FORMAT-->
<molecule name="react_0">
	<atoms>
		<a id="1" s="H" t="H" l="H"/>
		<a id="2" s="C" t="C.2" l="C"/>
		<a id="3" s="C" t="C.2" l="C"/>
		<a id="4" s="H" t="H" l="H"/>
		<a id="5" s="C" t="C.3" l="C"/>
		<a id="6" s="H" t="H" l="H"/>
		<a id="7" s="H" t="H" l="H"/>
		<a id="8" s="C" t="C.1" l="C"/>
		<a id="9" s="N" t="N.1" l="N"/>
		<a id="10" s="C" t="C.3" l="C"/>
		<a id="11" s="H" t="H" l="H"/>
		<a id="12" s="H" t="H" l="H"/>
		<a id="13" s="H" t="H" l="H"/>
	</atoms>
	<bonds>
		<b id="1" c="9 8" t="3"/>
		<b id="2" c="8 5" t="1"/>
		<b id="3" c="5 3" t="1"/>
		<b id="4" c="3 2" t="2"/>
		<b id="5" c="2 10" t="1"/>
		<b id="6" c="5 6" t="1"/>
		<b id="7" c="5 7" t="1"/>
		<b id="8" c="3 4" t="1"/>
		<b id="9" c="2 1" t="1"/>
		<b id="10" c="10 11" t="1"/>
		<b id="11" c="10 12" t="1"/>
		<b id="12" c="10 13" t="1"/>
	</bonds>
	<geometry>
		<g u="A" t="cart/3d">#13,3:0.6948,-1.5035,0.4184;0.8143,-0.4917,0.0358;-0.2642,0.2373,-0.2949;-0.1294,1.2481,-0.6788;-1.6838,-0.2490,-0.1844;-1.7181,-1.2797,0.1865;-2.1315,-0.2535,-1.1845;-2.4673,0.6224,0.7049;-3.0988,1.3073,1.3981;2.2210,0.0014,-0.0804;2.7881,-0.6470,-0.7551;2.7038,-0.0164,0.9014;2.2709,1.0241,-0.4671;</g>
	</geometry>
	<conformers/>
	<properties/>
</molecule>
