<?xml version="1.0" ?>
<!--MOLLI PACKAGE EXPERIMENTAL XML FORMAT-->
<molecule name="react_28">
	<atoms>
		<a id="1" s="H" t="H" l="H"/>
		<a id="2" s="C" t="C.2" l="C"/>
		<a id="3" s="H" t="H" l="H"/>
		<a id="4" s="C" t="C.2" l="C"/>
		<a id="5" s="H" t="H" l="H"/>
		<a id="6" s="C" t="C.3" l="C"/>
		<a id="7" s="H" t="H" l="H"/>
		<a id="8" s="H" t="H" l="H"/>
		<a id="9" s="C" t="C.3" l="C"/>
		<a id="10" s="H" t="H" l="H"/>
		<a id="11" s="H" t="H" l="H"/>
		<a id="12" s="C" t="C.3" l="C"/>
		<a id="13" s="H" t="H" l="H"/>
		<a id="14" s="H" t="H" l="H"/>
		<a id="15" s="C" t="C.3" l="C"/>
		<a id="16" s="H" t="H" l="H"/>
		<a id="17" s="H" t="H" l="H"/>
		<a id="18" s="C" t="C.3" l="C"/>
		<a id="19" s="H" t="H" l="H"/>
		<a id="20" s="H" t="H" l="H"/>
		<a id="21" s="C" t="C.3" l="C"/>
		<a id="22" s="H" t="H" l="H"/>
		<a id="23" s="H" t="H" l="H"/>
		<a id="24" s="C" t="C.3" l="C"/>
		<a id="25" s="H" t="H" l="H"/>
		<a id="26" s="H" t="H" l="H"/>
		<a id="27" s="C" t="C.3" l="C"/>
		<a id="28" s="H" t="H" l="H"/>
		<a id="29" s="H" t="H" l="H"/>
		<a id="30" s="C" t="C.3" l="C"/>
		<a id="31" s="H" t="H" l="H"/>
		<a id="32" s="H" t="H" l="H"/>
		<a id="33" s="O" t="O.3" l="O"/>
		<a id="34" s="Si" t="Si" l="SI"/>
		<a id="35" s="C" t="C.3" l="C"/>
		<a id="36" s="H" t="H" l="H"/>
		<a id="37" s="H" t="H" l="H"/>
		<a id="38" s="H" t="H" l="H"/>
		<a id="39" s="C" t="C.3" l="C"/>
		<a id="40" s="H" t="H" l="H"/>
		<a id="41" s="H" t="H" l="H"/>
		<a id="42" s="H" t="H" l="H"/>
		<a id="43" s="C" t="C.3" l="C"/>
		<a id="44" s="C" t="C.3" l="C"/>
		<a id="45" s="H" t="H" l="H"/>
		<a id="46" s="H" t="H" l="H"/>
		<a id="47" s="H" t="H" l="H"/>
		<a id="48" s="C" t="C.3" l="C"/>
		<a id="49" s="H" t="H" l="H"/>
		<a id="50" s="H" t="H" l="H"/>
		<a id="51" s="H" t="H" l="H"/>
		<a id="52" s="C" t="C.3" l="C"/>
		<a id="53" s="H" t="H" l="H"/>
		<a id="54" s="H" t="H" l="H"/>
		<a id="55" s="H" t="H" l="H"/>
	</atoms>
	<bonds>
		<b id="1" c="2 4" t="2"/>
		<b id="2" c="4 6" t="1"/>
		<b id="3" c="6 9" t="1"/>
		<b id="4" c="9 12" t="1"/>
		<b id="5" c="12 15" t="1"/>
		<b id="6" c="15 18" t="1"/>
		<b id="7" c="18 21" t="1"/>
		<b id="8" c="21 24" t="1"/>
		<b id="9" c="24 27" t="1"/>
		<b id="10" c="27 30" t="1"/>
		<b id="11" c="30 33" t="1"/>
		<b id="12" c="33 34" t="1"/>
		<b id="13" c="34 35" t="1"/>
		<b id="14" c="34 39" t="1"/>
		<b id="15" c="34 43" t="1"/>
		<b id="16" c="43 44" t="1"/>
		<b id="17" c="43 48" t="1"/>
		<b id="18" c="43 52" t="1"/>
		<b id="19" c="2 1" t="1"/>
		<b id="20" c="2 3" t="1"/>
		<b id="21" c="4 5" t="1"/>
		<b id="22" c="6 7" t="1"/>
		<b id="23" c="6 8" t="1"/>
		<b id="24" c="9 10" t="1"/>
		<b id="25" c="9 11" t="1"/>
		<b id="26" c="12 13" t="1"/>
		<b id="27" c="12 14" t="1"/>
		<b id="28" c="15 16" t="1"/>
		<b id="29" c="15 17" t="1"/>
		<b id="30" c="18 19" t="1"/>
		<b id="31" c="18 20" t="1"/>
		<b id="32" c="21 22" t="1"/>
		<b id="33" c="21 23" t="1"/>
		<b id="34" c="24 25" t="1"/>
		<b id="35" c="24 26" t="1"/>
		<b id="36" c="27 28" t="1"/>
		<b id="37" c="27 29" t="1"/>
		<b id="38" c="30 31" t="1"/>
		<b id="39" c="30 32" t="1"/>
		<b id="40" c="35 36" t="1"/>
		<b id="41" c="35 37" t="1"/>
		<b id="42" c="35 38" t="1"/>
		<b id="43" c="39 40" t="1"/>
		<b id="44" c="39 41" t="1"/>
		<b id="45" c="39 42" t="1"/>
		<b id="46" c="44 45" t="1"/>
		<b id="47" c="44 46" t="1"/>
		<b id="48" c="44 47" t="1"/>
		<b id="49" c="48 49" t="1"/>
		<b id="50" c="48 50" t="1"/>
		<b id="51" c="48 51" t="1"/>
		<b id="52" c="52 53" t="1"/>
		<b id="53" c="52 54" t="1"/>
		<b id="54" c="52 55" t="1"/>
	</bonds>
	<geometry>
		<g u="A" t="cart/3d">#55,3:9.0627,-1.0179,-2.2832;8.4657,-1.4777,-1.5013;8.8884,-2.3357,-0.9872;7.2559,-0.9955,-1.1911;6.8766,-0.1393,-1.7447;6.3620,-1.5796,-0.1340;6.7889,-2.5199,0.2383;5.4018,-1.8458,-0.5905;6.1437,-0.6483,1.0630;7.1114,-0.4501,1.5439;5.5440,-1.1791,1.8119;5.4845,0.7011,0.7492;6.1657,1.3016,0.1335;5.3685,1.2533,1.6907;4.1242,0.6369,0.0455;4.2236,0.1469,-0.9295;3.8163,1.6688,-0.1569;3.0452,-0.0632,0.8755;3.3656,-1.0857,1.1060;2.9227,0.4546,1.8349;1.6889,-0.1549,0.1660;1.0309,-0.7698,0.7899;1.8094,-0.6862,-0.7859;1.0350,1.2075,-0.0846;1.6676,1.7949,-0.7594;0.9638,1.7680,0.8551;-0.3486,1.0974,-0.7286;-0.6520,2.0877,-1.0906;-0.3048,0.4600,-1.6199;-1.4248,0.5770,0.2224;-1.4789,1.2258,1.1057;-1.1892,-0.4443,0.5407;-2.6686,0.5850,-0.4752;-4.0684,0.1462,0.3384;-3.9482,-1.5692,1.0872;-4.8959,-1.8620,1.5494;-3.6928,-2.3094,0.3235;-3.1734,-1.5975,1.8594;-4.5328,1.3975,1.6558;-5.4767,1.1285,2.1373;-4.6386,2.3955,1.2223;-3.7614,1.4452,2.4299;-5.6189,0.1056,-1.0459;-5.2865,-0.9414,-2.1286;-4.3457,-0.7082,-2.6400;-5.1931,-1.9460,-1.7025;-6.0759,-0.9781,-2.8876;-6.9330,-0.2686,-0.3339;-6.8688,-1.2532,0.1413;-7.1940,0.4598,0.4412;-7.7641,-0.3016,-1.0478;-5.7431,1.5021,-1.6884;-5.9801,2.2693,-0.9434;-6.5409,1.5136,-2.4399;-4.8138,1.7983,-2.1879;</g>
	</geometry>
	<conformers/>
	<properties/>
</molecule>
