<?xml version="1.0" ?>
<!--MOLLI PACKAGE EXPERIMENTAL XML FORMAT-->
<molecule name="react_579">
	<atoms>
		<a id="1" s="H" t="H" l="H"/>
		<a id="2" s="O" t="O.3" l="O"/>
		<a id="3" s="C" t="C.3" l="C"/>
		<a id="4" s="H" t="H" l="H"/>
		<a id="5" s="H" t="H" l="H"/>
		<a id="6" s="C" t="C.2" l="C"/>
		<a id="7" s="H" t="H" l="H"/>
		<a id="8" s="C" t="C.2" l="C"/>
		<a id="9" s="H" t="H" l="H"/>
		<a id="10" s="C" t="C.3" l="C"/>
		<a id="11" s="H" t="H" l="H"/>
		<a id="12" s="H" t="H" l="H"/>
		<a id="13" s="C" t="C.3" l="C"/>
		<a id="14" s="H" t="H" l="H"/>
		<a id="15" s="H" t="H" l="H"/>
		<a id="16" s="C" t="C.3" l="C"/>
		<a id="17" s="H" t="H" l="H"/>
		<a id="18" s="H" t="H" l="H"/>
		<a id="19" s="C" t="C.3" l="C"/>
		<a id="20" s="H" t="H" l="H"/>
		<a id="21" s="H" t="H" l="H"/>
		<a id="22" s="C" t="C.3" l="C"/>
		<a id="23" s="H" t="H" l="H"/>
		<a id="24" s="H" t="H" l="H"/>
		<a id="25" s="C" t="C.3" l="C"/>
		<a id="26" s="H" t="H" l="H"/>
		<a id="27" s="H" t="H" l="H"/>
		<a id="28" s="C" t="C.3" l="C"/>
		<a id="29" s="H" t="H" l="H"/>
		<a id="30" s="H" t="H" l="H"/>
		<a id="31" s="C" t="C.3" l="C"/>
		<a id="32" s="H" t="H" l="H"/>
		<a id="33" s="H" t="H" l="H"/>
		<a id="34" s="C" t="C.3" l="C"/>
		<a id="35" s="H" t="H" l="H"/>
		<a id="36" s="H" t="H" l="H"/>
		<a id="37" s="C" t="C.3" l="C"/>
		<a id="38" s="H" t="H" l="H"/>
		<a id="39" s="H" t="H" l="H"/>
		<a id="40" s="H" t="H" l="H"/>
	</atoms>
	<bonds>
		<b id="1" c="37 34" t="1"/>
		<b id="2" c="34 31" t="1"/>
		<b id="3" c="31 28" t="1"/>
		<b id="4" c="28 25" t="1"/>
		<b id="5" c="25 22" t="1"/>
		<b id="6" c="22 19" t="1"/>
		<b id="7" c="19 16" t="1"/>
		<b id="8" c="16 13" t="1"/>
		<b id="9" c="13 10" t="1"/>
		<b id="10" c="10 8" t="1"/>
		<b id="11" c="8 6" t="2"/>
		<b id="12" c="6 3" t="1"/>
		<b id="13" c="3 2" t="1"/>
		<b id="14" c="37 38" t="1"/>
		<b id="15" c="37 39" t="1"/>
		<b id="16" c="37 40" t="1"/>
		<b id="17" c="34 35" t="1"/>
		<b id="18" c="34 36" t="1"/>
		<b id="19" c="31 32" t="1"/>
		<b id="20" c="31 33" t="1"/>
		<b id="21" c="28 29" t="1"/>
		<b id="22" c="28 30" t="1"/>
		<b id="23" c="25 26" t="1"/>
		<b id="24" c="25 27" t="1"/>
		<b id="25" c="22 23" t="1"/>
		<b id="26" c="22 24" t="1"/>
		<b id="27" c="19 20" t="1"/>
		<b id="28" c="19 21" t="1"/>
		<b id="29" c="16 17" t="1"/>
		<b id="30" c="16 18" t="1"/>
		<b id="31" c="13 14" t="1"/>
		<b id="32" c="13 15" t="1"/>
		<b id="33" c="10 11" t="1"/>
		<b id="34" c="10 12" t="1"/>
		<b id="35" c="8 9" t="1"/>
		<b id="36" c="6 7" t="1"/>
		<b id="37" c="3 4" t="1"/>
		<b id="38" c="3 5" t="1"/>
		<b id="39" c="2 1" t="1"/>
	</bonds>
	<geometry>
		<g u="A" t="cart/3d">#40,3:-5.5422,-0.2876,2.2824;-6.1608,0.2905,1.8039;-5.6398,0.4418,0.4934;-4.7398,1.0583,0.5439;-6.3777,0.9776,-0.1113;-5.4073,-0.9190,-0.0756;-6.3154,-1.5004,-0.2324;-4.2380,-1.4810,-0.4237;-4.2682,-2.4877,-0.8412;-2.8628,-0.8886,-0.2908;-2.2333,-1.6239,0.2232;-2.8674,0.0054,0.3402;-2.2731,-0.5545,-1.6629;-2.9612,0.1110,-2.2003;-2.1860,-1.4671,-2.2660;-0.9081,0.1379,-1.5838;-1.0079,1.0588,-0.9982;-0.6166,0.4356,-2.5985;0.1867,-0.7507,-0.9878;0.1838,-1.7190,-1.5033;-0.0237,-0.9524,0.0687;1.5910,-0.1490,-1.1104;2.3101,-0.8989,-0.7655;1.8184,0.0350,-2.1677;1.7644,1.1502,-0.3170;1.4056,1.0253,0.7112;1.1348,1.9208,-0.7781;3.2094,1.6630,-0.3251;3.1769,2.7587,-0.3842;3.7387,1.3236,-1.2234;4.0183,1.3092,0.9280;4.9924,1.8091,0.8533;3.5212,1.7281,1.8118;4.2400,-0.1882,1.1297;3.2848,-0.6886,1.3206;4.6709,-0.6285,0.2233;5.1683,-0.4587,2.3043;5.3077,-1.5362,2.4365;4.7542,-0.0529,3.2328;6.1518,-0.0070,2.1398;</g>
	</geometry>
	<conformers/>
	<properties/>
</molecule>
