<?xml version="1.0" ?>
<!--MOLLI PACKAGE EXPERIMENTAL XML FORMAT-->
<molecule name="react_580">
	<atoms>
		<a id="1" s="H" t="H" l="H"/>
		<a id="2" s="C" t="C.2" l="C"/>
		<a id="3" s="H" t="H" l="H"/>
		<a id="4" s="C" t="C.2" l="C"/>
		<a id="5" s="H" t="H" l="H"/>
		<a id="6" s="C" t="C.3" l="C"/>
		<a id="7" s="H" t="H" l="H"/>
		<a id="8" s="H" t="H" l="H"/>
		<a id="9" s="C" t="C.3" l="C"/>
		<a id="10" s="H" t="H" l="H"/>
		<a id="11" s="H" t="H" l="H"/>
		<a id="12" s="C" t="C.3" l="C"/>
		<a id="13" s="H" t="H" l="H"/>
		<a id="14" s="H" t="H" l="H"/>
		<a id="15" s="C" t="C.3" l="C"/>
		<a id="16" s="H" t="H" l="H"/>
		<a id="17" s="H" t="H" l="H"/>
		<a id="18" s="C" t="C.3" l="C"/>
		<a id="19" s="H" t="H" l="H"/>
		<a id="20" s="H" t="H" l="H"/>
		<a id="21" s="C" t="C.3" l="C"/>
		<a id="22" s="H" t="H" l="H"/>
		<a id="23" s="H" t="H" l="H"/>
		<a id="24" s="C" t="C.3" l="C"/>
		<a id="25" s="H" t="H" l="H"/>
		<a id="26" s="O" t="O.3" l="O"/>
		<a id="27" s="C" t="C.3" l="C"/>
		<a id="28" s="H" t="H" l="H"/>
		<a id="29" s="H" t="H" l="H"/>
		<a id="30" s="C" t="C.3" l="C"/>
		<a id="31" s="H" t="H" l="H"/>
		<a id="32" s="H" t="H" l="H"/>
		<a id="33" s="O" t="O.3" l="O"/>
	</atoms>
	<bonds>
		<b id="1" c="2 4" t="2"/>
		<b id="2" c="4 6" t="1"/>
		<b id="3" c="6 9" t="1"/>
		<b id="4" c="9 12" t="1"/>
		<b id="5" c="12 15" t="1"/>
		<b id="6" c="15 18" t="1"/>
		<b id="7" c="18 21" t="1"/>
		<b id="8" c="21 24" t="1"/>
		<b id="9" c="24 26" t="1"/>
		<b id="10" c="26 27" t="1"/>
		<b id="11" c="27 30" t="1"/>
		<b id="12" c="30 33" t="1"/>
		<b id="13" c="33 24" t="1"/>
		<b id="14" c="2 1" t="1"/>
		<b id="15" c="2 3" t="1"/>
		<b id="16" c="4 5" t="1"/>
		<b id="17" c="6 7" t="1"/>
		<b id="18" c="6 8" t="1"/>
		<b id="19" c="9 10" t="1"/>
		<b id="20" c="9 11" t="1"/>
		<b id="21" c="12 13" t="1"/>
		<b id="22" c="12 14" t="1"/>
		<b id="23" c="15 16" t="1"/>
		<b id="24" c="15 17" t="1"/>
		<b id="25" c="18 19" t="1"/>
		<b id="26" c="18 20" t="1"/>
		<b id="27" c="21 22" t="1"/>
		<b id="28" c="21 23" t="1"/>
		<b id="29" c="24 25" t="1"/>
		<b id="30" c="27 28" t="1"/>
		<b id="31" c="27 29" t="1"/>
		<b id="32" c="30 31" t="1"/>
		<b id="33" c="30 32" t="1"/>
	</bonds>
	<geometry>
		<g u="A" t="cart/3d">#33,3:5.8077,-2.2364,0.9807;5.5968,-1.1806,0.8411;6.2257,-0.4701,1.3685;4.5948,-0.7819,0.0474;4.0005,-1.5360,-0.4642;4.2458,0.6571,-0.2079;4.2632,0.8369,-1.2895;5.0126,1.3110,0.2262;2.8844,1.0640,0.3656;2.7802,2.1511,0.2582;2.8552,0.8492,1.4412;1.7020,0.3817,-0.3293;1.7515,0.5712,-1.4084;1.7561,-0.7035,-0.1870;0.3677,0.8930,0.2190;0.3028,1.9783,0.0750;0.3189,0.7061,1.2987;-0.8154,0.2131,-0.4729;-0.7673,0.4023,-1.5521;-0.7455,-0.8718,-0.3308;-2.1480,0.7251,0.0763;-2.2066,1.8158,-0.0256;-2.1998,0.5131,1.1520;-3.3474,0.0881,-0.6217;-3.3162,0.2819,-1.6997;-3.3573,-1.3324,-0.4208;-4.4738,-1.5711,0.4349;-4.8910,-2.5656,0.2595;-4.1275,-1.5002,1.4717;-5.4214,-0.4554,0.0910;-6.1556,-0.2517,0.8742;-5.9404,-0.6431,-0.8553;-4.5528,0.6606,-0.0923;</g>
	</geometry>
	<conformers/>
	<properties/>
</molecule>
