<?xml version="1.0" ?>
<!--MOLLI PACKAGE EXPERIMENTAL XML FORMAT-->
<molecule name="react_582">
	<atoms>
		<a id="1" s="H" t="H" l="H"/>
		<a id="2" s="C" t="C.2" l="C"/>
		<a id="3" s="H" t="H" l="H"/>
		<a id="4" s="C" t="C.2" l="C"/>
		<a id="5" s="H" t="H" l="H"/>
		<a id="6" s="C" t="C.3" l="C"/>
		<a id="7" s="H" t="H" l="H"/>
		<a id="8" s="H" t="H" l="H"/>
		<a id="9" s="C" t="C.3" l="C"/>
		<a id="10" s="H" t="H" l="H"/>
		<a id="11" s="H" t="H" l="H"/>
		<a id="12" s="C" t="C.3" l="C"/>
		<a id="13" s="H" t="H" l="H"/>
		<a id="14" s="H" t="H" l="H"/>
		<a id="15" s="C" t="C.3" l="C"/>
		<a id="16" s="H" t="H" l="H"/>
		<a id="17" s="H" t="H" l="H"/>
		<a id="18" s="C" t="C.3" l="C"/>
		<a id="19" s="H" t="H" l="H"/>
		<a id="20" s="H" t="H" l="H"/>
		<a id="21" s="C" t="C.3" l="C"/>
		<a id="22" s="H" t="H" l="H"/>
		<a id="23" s="H" t="H" l="H"/>
		<a id="24" s="C" t="C.3" l="C"/>
		<a id="25" s="H" t="H" l="H"/>
		<a id="26" s="H" t="H" l="H"/>
		<a id="27" s="C" t="C.1" l="C"/>
		<a id="28" s="N" t="N.1" l="N"/>
	</atoms>
	<bonds>
		<b id="1" c="2 4" t="2"/>
		<b id="2" c="4 6" t="1"/>
		<b id="3" c="6 9" t="1"/>
		<b id="4" c="9 12" t="1"/>
		<b id="5" c="12 15" t="1"/>
		<b id="6" c="15 18" t="1"/>
		<b id="7" c="18 21" t="1"/>
		<b id="8" c="21 24" t="1"/>
		<b id="9" c="24 27" t="1"/>
		<b id="10" c="27 28" t="3"/>
		<b id="11" c="2 1" t="1"/>
		<b id="12" c="2 3" t="1"/>
		<b id="13" c="4 5" t="1"/>
		<b id="14" c="6 7" t="1"/>
		<b id="15" c="6 8" t="1"/>
		<b id="16" c="9 10" t="1"/>
		<b id="17" c="9 11" t="1"/>
		<b id="18" c="12 13" t="1"/>
		<b id="19" c="12 14" t="1"/>
		<b id="20" c="15 16" t="1"/>
		<b id="21" c="15 17" t="1"/>
		<b id="22" c="18 19" t="1"/>
		<b id="23" c="18 20" t="1"/>
		<b id="24" c="21 22" t="1"/>
		<b id="25" c="21 23" t="1"/>
		<b id="26" c="24 25" t="1"/>
		<b id="27" c="24 26" t="1"/>
	</bonds>
	<geometry>
		<g u="A" t="cart/3d">#28,3:4.9662,1.5409,-0.9128;4.3890,1.2569,-0.0382;4.4932,1.8705,0.8514;3.5806,0.1899,-0.0675;3.5191,-0.3956,-0.9822;2.7599,-0.2750,1.1022;3.0407,0.2841,2.0037;2.9994,-1.3258,1.3044;1.2504,-0.1167,0.8868;0.7436,-0.3620,1.8284;1.0250,0.9338,0.6688;0.6985,-1.0157,-0.2249;1.0273,-2.0474,-0.0488;1.1083,-0.7134,-1.1955;-0.8325,-1.0099,-0.3026;-1.1398,-1.7529,-1.0488;-1.2399,-1.3384,0.6602;-1.4126,0.3545,-0.6839;-1.2188,1.0828,0.1112;-0.8979,0.7254,-1.5790;-2.9168,0.3133,-0.9863;-3.2282,1.3128,-1.3167;-3.0879,-0.3608,-1.8350;-3.8054,-0.1334,0.1762;-4.8414,-0.1876,-0.1792;-3.5388,-1.1450,0.4994;-3.7444,0.7928,1.3145;-3.6967,1.5218,2.2159;</g>
	</geometry>
	<conformers/>
	<properties/>
</molecule>
