<?xml version="1.0" ?>
<!--MOLLI PACKAGE EXPERIMENTAL XML FORMAT-->
<molecule name="react_584">
	<atoms>
		<a id="1" s="H" t="H" l="H"/>
		<a id="2" s="C" t="C.2" l="C"/>
		<a id="3" s="H" t="H" l="H"/>
		<a id="4" s="C" t="C.2" l="C"/>
		<a id="5" s="H" t="H" l="H"/>
		<a id="6" s="C" t="C.3" l="C"/>
		<a id="7" s="H" t="H" l="H"/>
		<a id="8" s="H" t="H" l="H"/>
		<a id="9" s="C" t="C.3" l="C"/>
		<a id="10" s="H" t="H" l="H"/>
		<a id="11" s="H" t="H" l="H"/>
		<a id="12" s="C" t="C.3" l="C"/>
		<a id="13" s="H" t="H" l="H"/>
		<a id="14" s="H" t="H" l="H"/>
		<a id="15" s="C" t="C.3" l="C"/>
		<a id="16" s="H" t="H" l="H"/>
		<a id="17" s="H" t="H" l="H"/>
		<a id="18" s="C" t="C.3" l="C"/>
		<a id="19" s="H" t="H" l="H"/>
		<a id="20" s="H" t="H" l="H"/>
		<a id="21" s="C" t="C.3" l="C"/>
		<a id="22" s="H" t="H" l="H"/>
		<a id="23" s="H" t="H" l="H"/>
		<a id="24" s="C" t="C.3" l="C"/>
		<a id="25" s="H" t="H" l="H"/>
		<a id="26" s="H" t="H" l="H"/>
		<a id="27" s="O" t="O.3" l="O"/>
		<a id="28" s="Si" t="Si" l="SI"/>
		<a id="29" s="C" t="C.3" l="C"/>
		<a id="30" s="H" t="H" l="H"/>
		<a id="31" s="H" t="H" l="H"/>
		<a id="32" s="H" t="H" l="H"/>
		<a id="33" s="C" t="C.3" l="C"/>
		<a id="34" s="H" t="H" l="H"/>
		<a id="35" s="H" t="H" l="H"/>
		<a id="36" s="H" t="H" l="H"/>
		<a id="37" s="C" t="C.3" l="C"/>
		<a id="38" s="C" t="C.3" l="C"/>
		<a id="39" s="H" t="H" l="H"/>
		<a id="40" s="H" t="H" l="H"/>
		<a id="41" s="H" t="H" l="H"/>
		<a id="42" s="C" t="C.3" l="C"/>
		<a id="43" s="H" t="H" l="H"/>
		<a id="44" s="H" t="H" l="H"/>
		<a id="45" s="H" t="H" l="H"/>
		<a id="46" s="C" t="C.3" l="C"/>
		<a id="47" s="H" t="H" l="H"/>
		<a id="48" s="H" t="H" l="H"/>
		<a id="49" s="H" t="H" l="H"/>
	</atoms>
	<bonds>
		<b id="1" c="2 4" t="2"/>
		<b id="2" c="4 6" t="1"/>
		<b id="3" c="6 9" t="1"/>
		<b id="4" c="9 12" t="1"/>
		<b id="5" c="12 15" t="1"/>
		<b id="6" c="15 18" t="1"/>
		<b id="7" c="18 21" t="1"/>
		<b id="8" c="21 24" t="1"/>
		<b id="9" c="24 27" t="1"/>
		<b id="10" c="27 28" t="1"/>
		<b id="11" c="28 29" t="1"/>
		<b id="12" c="28 33" t="1"/>
		<b id="13" c="28 37" t="1"/>
		<b id="14" c="37 38" t="1"/>
		<b id="15" c="37 42" t="1"/>
		<b id="16" c="37 46" t="1"/>
		<b id="17" c="2 1" t="1"/>
		<b id="18" c="2 3" t="1"/>
		<b id="19" c="4 5" t="1"/>
		<b id="20" c="6 7" t="1"/>
		<b id="21" c="6 8" t="1"/>
		<b id="22" c="9 10" t="1"/>
		<b id="23" c="9 11" t="1"/>
		<b id="24" c="12 13" t="1"/>
		<b id="25" c="12 14" t="1"/>
		<b id="26" c="15 16" t="1"/>
		<b id="27" c="15 17" t="1"/>
		<b id="28" c="18 19" t="1"/>
		<b id="29" c="18 20" t="1"/>
		<b id="30" c="21 22" t="1"/>
		<b id="31" c="21 23" t="1"/>
		<b id="32" c="24 25" t="1"/>
		<b id="33" c="24 26" t="1"/>
		<b id="34" c="29 30" t="1"/>
		<b id="35" c="29 31" t="1"/>
		<b id="36" c="29 32" t="1"/>
		<b id="37" c="33 34" t="1"/>
		<b id="38" c="33 35" t="1"/>
		<b id="39" c="33 36" t="1"/>
		<b id="40" c="38 39" t="1"/>
		<b id="41" c="38 40" t="1"/>
		<b id="42" c="38 41" t="1"/>
		<b id="43" c="42 43" t="1"/>
		<b id="44" c="42 44" t="1"/>
		<b id="45" c="42 45" t="1"/>
		<b id="46" c="46 47" t="1"/>
		<b id="47" c="46 48" t="1"/>
		<b id="48" c="46 49" t="1"/>
	</bonds>
	<geometry>
		<g u="A" t="cart/3d">#49,3:4.8719,3.7772,2.2542;5.1607,2.8195,1.8309;6.0792,2.7825,1.2521;4.4041,1.7312,2.0219;3.4939,1.8160,2.6136;4.7387,0.3679,1.4834;5.7160,0.3718,0.9843;4.8279,-0.3184,2.3355;3.6733,-0.1774,0.5253;3.9130,-1.2261,0.3067;2.6968,-0.1720,1.0248;3.5989,0.6039,-0.7914;4.6070,0.6788,-1.2189;3.2552,1.6281,-0.6068;2.6903,-0.0596,-1.8317;3.0223,-1.0907,-2.0031;2.8100,0.4727,-2.7825;1.2116,-0.0497,-1.4377;1.0741,-0.5988,-0.5013;0.8854,0.9818,-1.2609;0.3416,-0.6855,-2.5273;0.5003,-0.1700,-3.4808;0.6504,-1.7300,-2.6584;-1.1457,-0.6418,-2.1756;-1.7192,-1.1016,-2.9898;-1.4648,0.4019,-2.0682;-1.3586,-1.3756,-0.9753;-2.8288,-1.2870,-0.1766;-4.2709,-0.8836,-1.3074;-5.2114,-0.8696,-0.7486;-4.3587,-1.6338,-2.0980;-4.1385,0.0947,-1.7785;-3.1807,-2.8870,0.7468;-3.2399,-3.7246,0.0443;-4.1312,-2.8245,1.2859;-2.3863,-3.1017,1.4683;-2.7122,0.2207,1.2579;-2.5887,1.5872,0.5520;-2.5335,2.3995,1.2872;-3.4493,1.7869,-0.0962;-1.6834,1.6429,-0.0628;-3.9865,0.1915,2.1269;-4.8934,0.3154,1.5210;-4.0778,-0.7529,2.6767;-3.9697,1.0012,2.8662;-1.4645,-0.0321,2.1314;-1.5141,-1.0042,2.6345;-1.3699,0.7374,2.9067;-0.5448,-0.0122,1.5341;</g>
	</geometry>
	<conformers/>
	<properties/>
</molecule>
