<?xml version="1.0" ?>
<!--MOLLI PACKAGE EXPERIMENTAL XML FORMAT-->
<molecule name="react_592">
	<atoms>
		<a id="1" s="H" t="H" l="H"/>
		<a id="2" s="C" t="C.2" l="C"/>
		<a id="3" s="C" t="C.2" l="C"/>
		<a id="4" s="H" t="H" l="H"/>
		<a id="5" s="C" t="C.3" l="C"/>
		<a id="6" s="H" t="H" l="H"/>
		<a id="7" s="H" t="H" l="H"/>
		<a id="8" s="Si" t="Si" l="SI"/>
		<a id="9" s="C" t="C.3" l="C"/>
		<a id="10" s="H" t="H" l="H"/>
		<a id="11" s="H" t="H" l="H"/>
		<a id="12" s="H" t="H" l="H"/>
		<a id="13" s="C" t="C.3" l="C"/>
		<a id="14" s="H" t="H" l="H"/>
		<a id="15" s="H" t="H" l="H"/>
		<a id="16" s="H" t="H" l="H"/>
		<a id="17" s="C" t="C.3" l="C"/>
		<a id="18" s="H" t="H" l="H"/>
		<a id="19" s="H" t="H" l="H"/>
		<a id="20" s="H" t="H" l="H"/>
		<a id="21" s="C" t="C.3" l="C"/>
		<a id="22" s="H" t="H" l="H"/>
		<a id="23" s="C" t="C.3" l="C"/>
		<a id="24" s="H" t="H" l="H"/>
		<a id="25" s="H" t="H" l="H"/>
		<a id="26" s="C" t="C.3" l="C"/>
		<a id="27" s="H" t="H" l="H"/>
		<a id="28" s="H" t="H" l="H"/>
		<a id="29" s="C" t="C.3" l="C"/>
		<a id="30" s="H" t="H" l="H"/>
		<a id="31" s="H" t="H" l="H"/>
		<a id="32" s="C" t="C.3" l="C"/>
		<a id="33" s="H" t="H" l="H"/>
		<a id="34" s="H" t="H" l="H"/>
		<a id="35" s="C" t="C.3" l="C"/>
		<a id="36" s="H" t="H" l="H"/>
		<a id="37" s="H" t="H" l="H"/>
	</atoms>
	<bonds>
		<b id="1" c="9 8" t="1"/>
		<b id="2" c="8 13" t="1"/>
		<b id="3" c="8 17" t="1"/>
		<b id="4" c="8 5" t="1"/>
		<b id="5" c="5 3" t="1"/>
		<b id="6" c="3 2" t="2"/>
		<b id="7" c="2 21" t="1"/>
		<b id="8" c="21 23" t="1"/>
		<b id="9" c="23 26" t="1"/>
		<b id="10" c="26 29" t="1"/>
		<b id="11" c="29 32" t="1"/>
		<b id="12" c="32 35" t="1"/>
		<b id="13" c="35 21" t="1"/>
		<b id="14" c="9 10" t="1"/>
		<b id="15" c="9 11" t="1"/>
		<b id="16" c="9 12" t="1"/>
		<b id="17" c="13 14" t="1"/>
		<b id="18" c="13 15" t="1"/>
		<b id="19" c="13 16" t="1"/>
		<b id="20" c="17 18" t="1"/>
		<b id="21" c="17 19" t="1"/>
		<b id="22" c="17 20" t="1"/>
		<b id="23" c="5 6" t="1"/>
		<b id="24" c="5 7" t="1"/>
		<b id="25" c="3 4" t="1"/>
		<b id="26" c="2 1" t="1"/>
		<b id="27" c="21 22" t="1"/>
		<b id="28" c="23 24" t="1"/>
		<b id="29" c="23 25" t="1"/>
		<b id="30" c="26 27" t="1"/>
		<b id="31" c="26 28" t="1"/>
		<b id="32" c="29 30" t="1"/>
		<b id="33" c="29 31" t="1"/>
		<b id="34" c="32 33" t="1"/>
		<b id="35" c="32 34" t="1"/>
		<b id="36" c="35 36" t="1"/>
		<b id="37" c="35 37" t="1"/>
	</bonds>
	<geometry>
		<g u="A" t="cart/3d">#37,3:0.6574,-0.7323,1.1540;0.5637,0.1948,0.5905;-0.5814,0.8934,0.6533;-0.6710,1.8257,0.0972;-1.7654,0.4792,1.4824;-2.0370,1.3087,2.1453;-1.5134,-0.3721,2.1256;-3.3049,0.0003,0.4596;-3.8556,1.4620,-0.5786;-4.7605,1.2151,-1.1419;-4.0729,2.3262,0.0560;-3.0774,1.7479,-1.2923;-4.6840,-0.4836,1.6390;-4.3814,-1.3337,2.2576;-5.5841,-0.7655,1.0847;-4.9353,0.3504,2.3009;-2.8945,-1.4532,-0.6528;-3.7757,-1.7637,-1.2221;-2.5509,-2.3069,-0.0612;-2.1053,-1.1890,-1.3629;1.7594,0.6069,-0.2373;1.5184,1.5410,-0.7636;2.9630,0.8798,0.6852;2.9583,0.2048,1.5516;2.8888,1.8975,1.0883;4.2844,0.7160,-0.0558;5.1228,0.9838,0.5971;4.3125,1.4144,-0.9018;4.4699,-0.7130,-0.5692;5.0214,-1.3053,0.1711;5.0997,-0.6844,-1.4667;3.1526,-1.4255,-0.8824;3.3201,-2.1785,-1.6609;2.8115,-1.9693,0.0074;2.0689,-0.4462,-1.3207;1.1641,-0.9949,-1.6100;2.4139,0.0692,-2.2271;</g>
	</geometry>
	<conformers/>
	<properties/>
</molecule>
