<?xml version="1.0" ?>
<!--MOLLI PACKAGE EXPERIMENTAL XML FORMAT-->
<molecule name="react_600">
	<atoms>
		<a id="1" s="H" t="H" l="H"/>
		<a id="2" s="C" t="C.2" l="C"/>
		<a id="3" s="C" t="C.2" l="C"/>
		<a id="4" s="H" t="H" l="H"/>
		<a id="5" s="C" t="C.3" l="C"/>
		<a id="6" s="H" t="H" l="H"/>
		<a id="7" s="H" t="H" l="H"/>
		<a id="8" s="C" t="C.3" l="C"/>
		<a id="9" s="H" t="H" l="H"/>
		<a id="10" s="H" t="H" l="H"/>
		<a id="11" s="C" t="C.3" l="C"/>
		<a id="12" s="H" t="H" l="H"/>
		<a id="13" s="H" t="H" l="H"/>
		<a id="14" s="C" t="C.3" l="C"/>
		<a id="15" s="H" t="H" l="H"/>
		<a id="16" s="H" t="H" l="H"/>
		<a id="17" s="C" t="C.3" l="C"/>
		<a id="18" s="H" t="H" l="H"/>
		<a id="19" s="H" t="H" l="H"/>
		<a id="20" s="C" t="C.3" l="C"/>
		<a id="21" s="H" t="H" l="H"/>
		<a id="22" s="H" t="H" l="H"/>
		<a id="23" s="C" t="C.3" l="C"/>
		<a id="24" s="H" t="H" l="H"/>
		<a id="25" s="H" t="H" l="H"/>
		<a id="26" s="C" t="C.3" l="C"/>
		<a id="27" s="H" t="H" l="H"/>
		<a id="28" s="H" t="H" l="H"/>
		<a id="29" s="C" t="C.3" l="C"/>
		<a id="30" s="H" t="H" l="H"/>
		<a id="31" s="H" t="H" l="H"/>
		<a id="32" s="C" t="C.3" l="C"/>
		<a id="33" s="H" t="H" l="H"/>
		<a id="34" s="H" t="H" l="H"/>
		<a id="35" s="H" t="H" l="H"/>
		<a id="36" s="C" t="C.3" l="C"/>
		<a id="37" s="H" t="H" l="H"/>
		<a id="38" s="H" t="H" l="H"/>
		<a id="39" s="O" t="O.3" l="O"/>
		<a id="40" s="Si" t="Si" l="SI"/>
		<a id="41" s="C" t="C.3" l="C"/>
		<a id="42" s="H" t="H" l="H"/>
		<a id="43" s="H" t="H" l="H"/>
		<a id="44" s="H" t="H" l="H"/>
		<a id="45" s="C" t="C.3" l="C"/>
		<a id="46" s="H" t="H" l="H"/>
		<a id="47" s="H" t="H" l="H"/>
		<a id="48" s="H" t="H" l="H"/>
		<a id="49" s="C" t="C.3" l="C"/>
		<a id="50" s="C" t="C.3" l="C"/>
		<a id="51" s="H" t="H" l="H"/>
		<a id="52" s="H" t="H" l="H"/>
		<a id="53" s="H" t="H" l="H"/>
		<a id="54" s="C" t="C.3" l="C"/>
		<a id="55" s="H" t="H" l="H"/>
		<a id="56" s="H" t="H" l="H"/>
		<a id="57" s="H" t="H" l="H"/>
		<a id="58" s="C" t="C.3" l="C"/>
		<a id="59" s="H" t="H" l="H"/>
		<a id="60" s="H" t="H" l="H"/>
		<a id="61" s="H" t="H" l="H"/>
	</atoms>
	<bonds>
		<b id="1" c="32 29" t="1"/>
		<b id="2" c="29 26" t="1"/>
		<b id="3" c="26 23" t="1"/>
		<b id="4" c="23 20" t="1"/>
		<b id="5" c="20 17" t="1"/>
		<b id="6" c="17 14" t="1"/>
		<b id="7" c="14 11" t="1"/>
		<b id="8" c="11 8" t="1"/>
		<b id="9" c="8 5" t="1"/>
		<b id="10" c="5 3" t="1"/>
		<b id="11" c="3 2" t="2"/>
		<b id="12" c="2 36" t="1"/>
		<b id="13" c="36 39" t="1"/>
		<b id="14" c="39 40" t="1"/>
		<b id="15" c="40 41" t="1"/>
		<b id="16" c="40 45" t="1"/>
		<b id="17" c="40 49" t="1"/>
		<b id="18" c="49 50" t="1"/>
		<b id="19" c="49 54" t="1"/>
		<b id="20" c="49 58" t="1"/>
		<b id="21" c="32 33" t="1"/>
		<b id="22" c="32 34" t="1"/>
		<b id="23" c="32 35" t="1"/>
		<b id="24" c="29 30" t="1"/>
		<b id="25" c="29 31" t="1"/>
		<b id="26" c="26 27" t="1"/>
		<b id="27" c="26 28" t="1"/>
		<b id="28" c="23 24" t="1"/>
		<b id="29" c="23 25" t="1"/>
		<b id="30" c="20 21" t="1"/>
		<b id="31" c="20 22" t="1"/>
		<b id="32" c="17 18" t="1"/>
		<b id="33" c="17 19" t="1"/>
		<b id="34" c="14 15" t="1"/>
		<b id="35" c="14 16" t="1"/>
		<b id="36" c="11 12" t="1"/>
		<b id="37" c="11 13" t="1"/>
		<b id="38" c="8 9" t="1"/>
		<b id="39" c="8 10" t="1"/>
		<b id="40" c="5 6" t="1"/>
		<b id="41" c="5 7" t="1"/>
		<b id="42" c="3 4" t="1"/>
		<b id="43" c="2 1" t="1"/>
		<b id="44" c="36 37" t="1"/>
		<b id="45" c="36 38" t="1"/>
		<b id="46" c="41 42" t="1"/>
		<b id="47" c="41 43" t="1"/>
		<b id="48" c="41 44" t="1"/>
		<b id="49" c="45 46" t="1"/>
		<b id="50" c="45 47" t="1"/>
		<b id="51" c="45 48" t="1"/>
		<b id="52" c="50 51" t="1"/>
		<b id="53" c="50 52" t="1"/>
		<b id="54" c="50 53" t="1"/>
		<b id="55" c="54 55" t="1"/>
		<b id="56" c="54 56" t="1"/>
		<b id="57" c="54 57" t="1"/>
		<b id="58" c="58 59" t="1"/>
		<b id="59" c="58 60" t="1"/>
		<b id="60" c="58 61" t="1"/>
	</bonds>
	<geometry>
		<g u="A" t="cart/3d">#61,3:-1.3393,-1.2806,1.9360;-1.8220,-1.6073,1.0177;-1.0888,-1.8036,-0.0904;-1.5753,-2.1247,-1.0093;0.3998,-1.6055,-0.1551;0.8598,-2.5456,-0.4813;0.7958,-1.3853,0.8424;0.7646,-0.4822,-1.1285;0.3421,0.4678,-0.7774;0.3069,-0.6852,-2.1054;2.2740,-0.3243,-1.3370;2.4324,0.4113,-2.1354;2.6969,-1.2717,-1.6929;3.0180,0.1349,-0.0811;2.9372,-0.6256,0.7032;2.5566,1.0518,0.3045;4.4986,0.3906,-0.3770;4.9480,-0.5278,-0.7712;4.5904,1.1586,-1.1545;5.2451,0.8421,0.8803;5.2008,0.0534,1.6410;4.7370,1.7173,1.3038;6.7062,1.2203,0.6166;7.1228,1.6395,1.5407;6.7401,2.0154,-0.1368;7.5670,0.0351,0.1718;7.4235,-0.7967,0.8719;7.2429,-0.3184,-0.8133;9.0617,0.3621,0.1182;9.4047,0.7034,1.1020;9.6111,-0.5601,-0.1060;9.4170,1.4038,-0.9316;8.9824,2.3788,-0.6929;9.0639,1.0996,-1.9219;10.5032,1.5292,-0.9834;-3.3056,-1.7939,1.0982;-3.5232,-2.5865,1.8245;-3.7152,-2.0827,0.1225;-3.8590,-0.5631,1.5445;-5.5206,-0.3510,1.5561;-6.4816,-1.9626,1.5993;-6.2257,-2.5359,2.4953;-6.2577,-2.5797,0.7245;-7.5585,-1.7720,1.6160;-6.0496,0.7315,2.9997;-5.5623,1.7095,2.9513;-7.1327,0.8836,2.9968;-5.7739,0.2601,3.9480;-6.0649,0.6510,-0.1834;-5.3006,1.9901,-0.2390;-4.2154,1.8338,-0.2320;-5.5500,2.6338,0.6120;-5.5500,2.5413,-1.1531;-7.5846,0.9081,-0.1691;-8.1522,-0.0277,-0.1199;-7.8820,1.5246,0.6865;-7.8964,1.4353,-1.0781;-5.6878,-0.2153,-1.4022;-4.6094,-0.4035,-1.4441;-6.1968,-1.1849,-1.3821;-5.9695,0.2857,-2.3353;</g>
	</geometry>
	<conformers/>
	<properties/>
</molecule>
