<?xml version="1.0" ?>
<!--MOLLI PACKAGE EXPERIMENTAL XML FORMAT-->
<molecule name="react_629">
	<atoms>
		<a id="1" s="H" t="H" l="H"/>
		<a id="2" s="C" t="C.2" l="C"/>
		<a id="3" s="C" t="C.2" l="C"/>
		<a id="4" s="H" t="H" l="H"/>
		<a id="5" s="P" t="P.3" l="P"/>
		<a id="6" s="O" t="O.2" l="O"/>
		<a id="7" s="O" t="O.3" l="O"/>
		<a id="8" s="C" t="C.3" l="C"/>
		<a id="9" s="H" t="H" l="H"/>
		<a id="10" s="H" t="H" l="H"/>
		<a id="11" s="C" t="C.3" l="C"/>
		<a id="12" s="H" t="H" l="H"/>
		<a id="13" s="H" t="H" l="H"/>
		<a id="14" s="H" t="H" l="H"/>
		<a id="15" s="O" t="O.3" l="O"/>
		<a id="16" s="C" t="C.3" l="C"/>
		<a id="17" s="H" t="H" l="H"/>
		<a id="18" s="H" t="H" l="H"/>
		<a id="19" s="C" t="C.3" l="C"/>
		<a id="20" s="H" t="H" l="H"/>
		<a id="21" s="H" t="H" l="H"/>
		<a id="22" s="H" t="H" l="H"/>
		<a id="23" s="C" t="C.3" l="C"/>
		<a id="24" s="H" t="H" l="H"/>
		<a id="25" s="H" t="H" l="H"/>
		<a id="26" s="O" t="O.3" l="O"/>
		<a id="27" s="Si" t="Si" l="SI"/>
		<a id="28" s="C" t="C.3" l="C"/>
		<a id="29" s="H" t="H" l="H"/>
		<a id="30" s="H" t="H" l="H"/>
		<a id="31" s="H" t="H" l="H"/>
		<a id="32" s="C" t="C.3" l="C"/>
		<a id="33" s="H" t="H" l="H"/>
		<a id="34" s="H" t="H" l="H"/>
		<a id="35" s="H" t="H" l="H"/>
		<a id="36" s="C" t="C.3" l="C"/>
		<a id="37" s="C" t="C.3" l="C"/>
		<a id="38" s="H" t="H" l="H"/>
		<a id="39" s="H" t="H" l="H"/>
		<a id="40" s="H" t="H" l="H"/>
		<a id="41" s="C" t="C.3" l="C"/>
		<a id="42" s="H" t="H" l="H"/>
		<a id="43" s="H" t="H" l="H"/>
		<a id="44" s="H" t="H" l="H"/>
		<a id="45" s="C" t="C.3" l="C"/>
		<a id="46" s="H" t="H" l="H"/>
		<a id="47" s="H" t="H" l="H"/>
		<a id="48" s="H" t="H" l="H"/>
	</atoms>
	<bonds>
		<b id="1" c="11 8" t="1"/>
		<b id="2" c="8 7" t="1"/>
		<b id="3" c="7 5" t="1"/>
		<b id="4" c="5 6" t="2"/>
		<b id="5" c="5 3" t="1"/>
		<b id="6" c="3 2" t="2"/>
		<b id="7" c="2 23" t="1"/>
		<b id="8" c="23 26" t="1"/>
		<b id="9" c="26 27" t="1"/>
		<b id="10" c="27 28" t="1"/>
		<b id="11" c="27 32" t="1"/>
		<b id="12" c="27 36" t="1"/>
		<b id="13" c="36 37" t="1"/>
		<b id="14" c="36 41" t="1"/>
		<b id="15" c="36 45" t="1"/>
		<b id="16" c="5 15" t="1"/>
		<b id="17" c="15 16" t="1"/>
		<b id="18" c="16 19" t="1"/>
		<b id="19" c="11 12" t="1"/>
		<b id="20" c="11 13" t="1"/>
		<b id="21" c="11 14" t="1"/>
		<b id="22" c="8 9" t="1"/>
		<b id="23" c="8 10" t="1"/>
		<b id="24" c="3 4" t="1"/>
		<b id="25" c="2 1" t="1"/>
		<b id="26" c="23 24" t="1"/>
		<b id="27" c="23 25" t="1"/>
		<b id="28" c="28 29" t="1"/>
		<b id="29" c="28 30" t="1"/>
		<b id="30" c="28 31" t="1"/>
		<b id="31" c="32 33" t="1"/>
		<b id="32" c="32 34" t="1"/>
		<b id="33" c="32 35" t="1"/>
		<b id="34" c="37 38" t="1"/>
		<b id="35" c="37 39" t="1"/>
		<b id="36" c="37 40" t="1"/>
		<b id="37" c="41 42" t="1"/>
		<b id="38" c="41 43" t="1"/>
		<b id="39" c="41 44" t="1"/>
		<b id="40" c="45 46" t="1"/>
		<b id="41" c="45 47" t="1"/>
		<b id="42" c="45 48" t="1"/>
		<b id="43" c="16 17" t="1"/>
		<b id="44" c="16 18" t="1"/>
		<b id="45" c="19 20" t="1"/>
		<b id="46" c="19 21" t="1"/>
		<b id="47" c="19 22" t="1"/>
	</bonds>
	<geometry>
		<g u="A" t="cart/3d">#48,3:-1.4480,-1.6406,1.2075;-0.9310,-1.1520,0.3833;-1.6653,-0.6504,-0.6270;-1.1593,-0.1732,-1.4591;-3.4106,-0.7072,-0.7496;-4.0967,-1.6120,-1.7358;-3.8949,0.8270,-0.9584;-3.4414,1.8325,-0.0691;-2.3774,2.0199,-0.2421;-3.5821,1.5153,0.9682;-4.2332,3.0978,-0.3310;-3.9142,3.9029,0.3370;-5.3039,2.9197,-0.1851;-4.1020,3.4262,-1.3670;-3.9478,-0.9903,0.7574;-5.3362,-1.2453,0.9007;-5.5645,-2.2283,0.4763;-5.9142,-0.4835,0.3672;-5.6832,-1.2219,2.3748;-5.4501,-0.2441,2.8104;-5.0932,-1.9639,2.9228;-6.7459,-1.4323,2.5280;0.5656,-1.1177,0.5045;0.9304,-2.1516,0.5273;0.8189,-0.6270,1.4504;1.1315,-0.3868,-0.5734;2.7688,-0.4958,-0.9140;3.1495,0.4191,-2.5191;2.5464,0.0131,-3.3367;4.2042,0.3133,-2.7871;2.9197,1.4836,-2.4189;3.3740,-2.2654,-1.0612;2.8304,-2.7893,-1.8533;3.2244,-2.8146,-0.1276;4.4401,-2.2908,-1.3057;3.8793,0.4304,0.5740;3.2050,1.7721,0.9299;3.1438,2.4355,0.0599;3.7705,2.2979,1.7075;2.1867,1.6232,1.3064;3.9452,-0.4761,1.8199;4.4357,-1.4307,1.5986;4.5180,0.0079,2.6197;2.9517,-0.6974,2.2198;5.3106,0.6858,0.0550;5.9278,1.1495,0.8333;5.8026,-0.2454,-0.2469;5.3146,1.3609,-0.8078;</g>
	</geometry>
	<conformers/>
	<properties/>
</molecule>
