<?xml version="1.0" ?>
<!--MOLLI PACKAGE EXPERIMENTAL XML FORMAT-->
<molecule name="react_630">
	<atoms>
		<a id="1" s="H" t="H" l="H"/>
		<a id="2" s="C" t="C.2" l="C"/>
		<a id="3" s="C" t="C.2" l="C"/>
		<a id="4" s="H" t="H" l="H"/>
		<a id="5" s="P" t="P.3" l="P"/>
		<a id="6" s="O" t="O.2" l="O"/>
		<a id="7" s="O" t="O.3" l="O"/>
		<a id="8" s="C" t="C.3" l="C"/>
		<a id="9" s="H" t="H" l="H"/>
		<a id="10" s="H" t="H" l="H"/>
		<a id="11" s="C" t="C.3" l="C"/>
		<a id="12" s="H" t="H" l="H"/>
		<a id="13" s="H" t="H" l="H"/>
		<a id="14" s="H" t="H" l="H"/>
		<a id="15" s="O" t="O.3" l="O"/>
		<a id="16" s="C" t="C.3" l="C"/>
		<a id="17" s="H" t="H" l="H"/>
		<a id="18" s="H" t="H" l="H"/>
		<a id="19" s="C" t="C.3" l="C"/>
		<a id="20" s="H" t="H" l="H"/>
		<a id="21" s="H" t="H" l="H"/>
		<a id="22" s="H" t="H" l="H"/>
		<a id="23" s="C" t="C.3" l="C"/>
		<a id="24" s="H" t="H" l="H"/>
		<a id="25" s="H" t="H" l="H"/>
		<a id="26" s="C" t="C.3" l="C"/>
		<a id="27" s="H" t="H" l="H"/>
		<a id="28" s="H" t="H" l="H"/>
		<a id="29" s="C" t="C.3" l="C"/>
		<a id="30" s="H" t="H" l="H"/>
		<a id="31" s="H" t="H" l="H"/>
		<a id="32" s="C" t="C.3" l="C"/>
		<a id="33" s="H" t="H" l="H"/>
		<a id="34" s="H" t="H" l="H"/>
		<a id="35" s="C" t="C.3" l="C"/>
		<a id="36" s="H" t="H" l="H"/>
		<a id="37" s="H" t="H" l="H"/>
		<a id="38" s="C" t="C.3" l="C"/>
		<a id="39" s="H" t="H" l="H"/>
		<a id="40" s="H" t="H" l="H"/>
		<a id="41" s="C" t="C.3" l="C"/>
		<a id="42" s="H" t="H" l="H"/>
		<a id="43" s="H" t="H" l="H"/>
		<a id="44" s="H" t="H" l="H"/>
	</atoms>
	<bonds>
		<b id="1" c="41 38" t="1"/>
		<b id="2" c="38 35" t="1"/>
		<b id="3" c="35 32" t="1"/>
		<b id="4" c="32 29" t="1"/>
		<b id="5" c="29 26" t="1"/>
		<b id="6" c="26 23" t="1"/>
		<b id="7" c="23 2" t="1"/>
		<b id="8" c="2 3" t="2"/>
		<b id="9" c="3 5" t="1"/>
		<b id="10" c="5 6" t="2"/>
		<b id="11" c="5 7" t="1"/>
		<b id="12" c="7 8" t="1"/>
		<b id="13" c="8 11" t="1"/>
		<b id="14" c="5 15" t="1"/>
		<b id="15" c="15 16" t="1"/>
		<b id="16" c="16 19" t="1"/>
		<b id="17" c="41 42" t="1"/>
		<b id="18" c="41 43" t="1"/>
		<b id="19" c="41 44" t="1"/>
		<b id="20" c="38 39" t="1"/>
		<b id="21" c="38 40" t="1"/>
		<b id="22" c="35 36" t="1"/>
		<b id="23" c="35 37" t="1"/>
		<b id="24" c="32 33" t="1"/>
		<b id="25" c="32 34" t="1"/>
		<b id="26" c="29 30" t="1"/>
		<b id="27" c="29 31" t="1"/>
		<b id="28" c="26 27" t="1"/>
		<b id="29" c="26 28" t="1"/>
		<b id="30" c="23 24" t="1"/>
		<b id="31" c="23 25" t="1"/>
		<b id="32" c="2 1" t="1"/>
		<b id="33" c="3 4" t="1"/>
		<b id="34" c="8 9" t="1"/>
		<b id="35" c="8 10" t="1"/>
		<b id="36" c="11 12" t="1"/>
		<b id="37" c="11 13" t="1"/>
		<b id="38" c="11 14" t="1"/>
		<b id="39" c="16 17" t="1"/>
		<b id="40" c="16 18" t="1"/>
		<b id="41" c="19 20" t="1"/>
		<b id="42" c="19 21" t="1"/>
		<b id="43" c="19 22" t="1"/>
	</bonds>
	<geometry>
		<g u="A" t="cart/3d">#44,3:-0.6476,0.1501,-0.5873;-0.5573,-0.6647,0.1303;-1.6758,-1.1731,0.6767;-1.5979,-1.9808,1.3950;-3.3067,-0.6260,0.3339;-4.5172,-1.3555,0.8473;-3.3155,0.9297,0.7893;-4.5415,1.6293,0.6606;-4.9359,1.5078,-0.3532;-5.2649,1.2230,1.3742;-4.2949,3.0956,0.9493;-3.8872,3.2275,1.9570;-5.2208,3.6713,0.8650;-3.5581,3.5070,0.2515;-3.3692,-0.4522,-1.2777;-3.5797,-1.6180,-2.0561;-2.8606,-1.6061,-2.8809;-3.3998,-2.5237,-1.4673;-4.9937,-1.6051,-2.5993;-5.7230,-1.5984,-1.7829;-5.1709,-0.7009,-3.1911;-5.1776,-2.4804,-3.2285;0.8300,-1.1474,0.4404;1.2841,-1.4911,-0.4955;0.7978,-2.0097,1.1173;1.6745,-0.0339,1.0642;1.7589,0.8089,0.3678;1.1592,0.3556,1.9521;3.0689,-0.4990,1.4959;2.9595,-1.2775,2.2617;3.5782,0.3369,1.9900;3.9609,-1.0490,0.3783;3.5242,-1.9769,-0.0103;4.9229,-1.3417,0.8160;4.2082,-0.1004,-0.7990;4.8647,-0.6090,-1.5165;3.2652,0.0764,-1.3293;4.8272,1.2522,-0.4389;4.9351,1.8369,-1.3606;4.1534,1.8215,0.2104;6.1924,1.1382,0.2211;6.6245,2.1338,0.3645;6.1244,0.6625,1.2038;6.8815,0.5561,-0.3989;</g>
	</geometry>
	<conformers/>
	<properties/>
</molecule>
