<?xml version="1.0" ?>
<!--MOLLI PACKAGE EXPERIMENTAL XML FORMAT-->
<molecule name="react_638">
	<atoms>
		<a id="1" s="H" t="H" l="H"/>
		<a id="2" s="C" t="C.2" l="C"/>
		<a id="3" s="C" t="C.2" l="C"/>
		<a id="4" s="H" t="H" l="H"/>
		<a id="5" s="C" t="C.3" l="C"/>
		<a id="6" s="H" t="H" l="H"/>
		<a id="7" s="H" t="H" l="H"/>
		<a id="8" s="C" t="C.3" l="C"/>
		<a id="9" s="H" t="H" l="H"/>
		<a id="10" s="H" t="H" l="H"/>
		<a id="11" s="H" t="H" l="H"/>
		<a id="12" s="C" t="C.3" l="C"/>
		<a id="13" s="H" t="H" l="H"/>
		<a id="14" s="H" t="H" l="H"/>
		<a id="15" s="C" t="C.3" l="C"/>
		<a id="16" s="H" t="H" l="H"/>
		<a id="17" s="H" t="H" l="H"/>
		<a id="18" s="H" t="H" l="H"/>
	</atoms>
	<bonds>
		<b id="1" c="15 12" t="1"/>
		<b id="2" c="12 2" t="1"/>
		<b id="3" c="2 3" t="2"/>
		<b id="4" c="3 5" t="1"/>
		<b id="5" c="5 8" t="1"/>
		<b id="6" c="15 16" t="1"/>
		<b id="7" c="15 17" t="1"/>
		<b id="8" c="15 18" t="1"/>
		<b id="9" c="12 13" t="1"/>
		<b id="10" c="12 14" t="1"/>
		<b id="11" c="2 1" t="1"/>
		<b id="12" c="3 4" t="1"/>
		<b id="13" c="5 6" t="1"/>
		<b id="14" c="5 7" t="1"/>
		<b id="15" c="8 9" t="1"/>
		<b id="16" c="8 10" t="1"/>
		<b id="17" c="8 11" t="1"/>
	</bonds>
	<geometry>
		<g u="A" t="cart/3d">#18,3:0.0581,-0.9678,-0.8336;0.3911,0.0188,-0.5205;-0.4893,0.9160,-0.0482;-0.1206,1.8966,0.2520;-1.9732,0.7336,0.1277;-2.4811,1.5132,-0.4527;-2.2140,0.9182,1.1815;-2.5502,-0.6184,-0.2700;-3.6313,-0.6300,-0.0963;-2.1090,-1.4287,0.3197;-2.3807,-0.8272,-1.3315;1.8615,0.2901,-0.6674;2.0990,1.3280,-0.4065;2.1406,0.1533,-1.7184;2.6876,-0.6456,0.2013;3.7547,-0.4402,0.0694;2.4464,-0.5164,1.2619;2.5104,-1.6935,-0.0636;</g>
	</geometry>
	<conformers/>
	<properties/>
</molecule>
