<?xml version="1.0" ?>
<!--MOLLI PACKAGE EXPERIMENTAL XML FORMAT-->
<molecule name="react_640">
	<atoms>
		<a id="1" s="H" t="H" l="H"/>
		<a id="2" s="O" t="O.3" l="O"/>
		<a id="3" s="C" t="C.3" l="C"/>
		<a id="4" s="H" t="H" l="H"/>
		<a id="5" s="H" t="H" l="H"/>
		<a id="6" s="C" t="C.2" l="C"/>
		<a id="7" s="H" t="H" l="H"/>
		<a id="8" s="C" t="C.2" l="C"/>
		<a id="9" s="H" t="H" l="H"/>
		<a id="10" s="C" t="C.3" l="C"/>
		<a id="11" s="C" t="C.3" l="C"/>
		<a id="12" s="H" t="H" l="H"/>
		<a id="13" s="H" t="H" l="H"/>
		<a id="14" s="H" t="H" l="H"/>
		<a id="15" s="C" t="C.3" l="C"/>
		<a id="16" s="H" t="H" l="H"/>
		<a id="17" s="H" t="H" l="H"/>
		<a id="18" s="H" t="H" l="H"/>
		<a id="19" s="C" t="C.3" l="C"/>
		<a id="20" s="H" t="H" l="H"/>
		<a id="21" s="H" t="H" l="H"/>
		<a id="22" s="H" t="H" l="H"/>
	</atoms>
	<bonds>
		<b id="1" c="11 10" t="1"/>
		<b id="2" c="10 15" t="1"/>
		<b id="3" c="10 19" t="1"/>
		<b id="4" c="10 8" t="1"/>
		<b id="5" c="8 6" t="2"/>
		<b id="6" c="6 3" t="1"/>
		<b id="7" c="3 2" t="1"/>
		<b id="8" c="11 12" t="1"/>
		<b id="9" c="11 13" t="1"/>
		<b id="10" c="11 14" t="1"/>
		<b id="11" c="15 16" t="1"/>
		<b id="12" c="15 17" t="1"/>
		<b id="13" c="15 18" t="1"/>
		<b id="14" c="19 20" t="1"/>
		<b id="15" c="19 21" t="1"/>
		<b id="16" c="19 22" t="1"/>
		<b id="17" c="8 9" t="1"/>
		<b id="18" c="6 7" t="1"/>
		<b id="19" c="3 4" t="1"/>
		<b id="20" c="3 5" t="1"/>
		<b id="21" c="2 1" t="1"/>
	</bonds>
	<geometry>
		<g u="A" t="cart/3d">#22,3:3.2325,-0.7275,-0.2052;3.3224,-0.0745,-0.9196;2.7592,1.1315,-0.4317;3.3477,1.4574,0.4318;2.8431,1.8952,-1.2105;1.3221,0.9596,-0.0359;0.9115,1.8137,0.4966;0.5426,-0.1076,-0.2882;0.9758,-0.9351,-0.8525;-0.9180,-0.3061,0.0986;-1.0178,-1.5771,0.9610;-0.4428,-1.4736,1.8889;-0.6340,-2.4560,0.4293;-2.0575,-1.7882,1.2363;-1.5289,0.8672,0.8866;-1.5085,1.7963,0.3054;-2.5764,0.6666,1.1413;-0.9936,1.0422,1.8270;-1.7353,-0.5072,-1.1899;-1.6841,0.3781,-1.8349;-1.3686,-1.3621,-1.7705;-2.7917,-0.6928,-0.9639;</g>
	</geometry>
	<conformers/>
	<properties/>
</molecule>
