<?xml version="1.0" ?>
<!--MOLLI PACKAGE EXPERIMENTAL XML FORMAT-->
<molecule name="react_37">
	<atoms>
		<a id="1" s="H" t="H" l="H"/>
		<a id="2" s="O" t="O.3" l="O"/>
		<a id="3" s="C" t="C.3" l="C"/>
		<a id="4" s="H" t="H" l="H"/>
		<a id="5" s="H" t="H" l="H"/>
		<a id="6" s="C" t="C.3" l="C"/>
		<a id="7" s="H" t="H" l="H"/>
		<a id="8" s="H" t="H" l="H"/>
		<a id="9" s="C" t="C.3" l="C"/>
		<a id="10" s="H" t="H" l="H"/>
		<a id="11" s="H" t="H" l="H"/>
		<a id="12" s="C" t="C.3" l="C"/>
		<a id="13" s="H" t="H" l="H"/>
		<a id="14" s="H" t="H" l="H"/>
		<a id="15" s="C" t="C.1" l="C"/>
		<a id="16" s="C" t="C.1" l="C"/>
		<a id="17" s="C" t="C.2" l="C"/>
		<a id="18" s="H" t="H" l="H"/>
		<a id="19" s="C" t="C.2" l="C"/>
		<a id="20" s="H" t="H" l="H"/>
		<a id="21" s="C" t="C.3" l="C"/>
		<a id="22" s="H" t="H" l="H"/>
		<a id="23" s="H" t="H" l="H"/>
		<a id="24" s="C" t="C.3" l="C"/>
		<a id="25" s="H" t="H" l="H"/>
		<a id="26" s="H" t="H" l="H"/>
		<a id="27" s="C" t="C.3" l="C"/>
		<a id="28" s="H" t="H" l="H"/>
		<a id="29" s="H" t="H" l="H"/>
		<a id="30" s="C" t="C.3" l="C"/>
		<a id="31" s="H" t="H" l="H"/>
		<a id="32" s="H" t="H" l="H"/>
		<a id="33" s="H" t="H" l="H"/>
	</atoms>
	<bonds>
		<b id="1" c="30 27" t="1"/>
		<b id="2" c="27 24" t="1"/>
		<b id="3" c="24 21" t="1"/>
		<b id="4" c="21 19" t="1"/>
		<b id="5" c="19 17" t="2"/>
		<b id="6" c="17 16" t="1"/>
		<b id="7" c="16 15" t="3"/>
		<b id="8" c="15 12" t="1"/>
		<b id="9" c="12 9" t="1"/>
		<b id="10" c="9 6" t="1"/>
		<b id="11" c="6 3" t="1"/>
		<b id="12" c="3 2" t="1"/>
		<b id="13" c="30 31" t="1"/>
		<b id="14" c="30 32" t="1"/>
		<b id="15" c="30 33" t="1"/>
		<b id="16" c="27 28" t="1"/>
		<b id="17" c="27 29" t="1"/>
		<b id="18" c="24 25" t="1"/>
		<b id="19" c="24 26" t="1"/>
		<b id="20" c="21 22" t="1"/>
		<b id="21" c="21 23" t="1"/>
		<b id="22" c="19 20" t="1"/>
		<b id="23" c="17 18" t="1"/>
		<b id="24" c="12 13" t="1"/>
		<b id="25" c="12 14" t="1"/>
		<b id="26" c="9 10" t="1"/>
		<b id="27" c="9 11" t="1"/>
		<b id="28" c="6 7" t="1"/>
		<b id="29" c="6 8" t="1"/>
		<b id="30" c="3 4" t="1"/>
		<b id="31" c="3 5" t="1"/>
		<b id="32" c="2 1" t="1"/>
	</bonds>
	<geometry>
		<g u="A" t="cart/3d">#33,3:-7.4939,-0.8882,0.6588;-7.3603,0.0593,0.4855;-5.9879,0.2515,0.1677;-5.7690,-0.3133,-0.7429;-5.8370,1.3151,-0.0409;-5.1229,-0.2001,1.3378;-5.4640,0.3111,2.2471;-5.2858,-1.2689,1.5249;-3.6323,0.0783,1.1421;-3.4774,1.1518,0.9737;-3.1126,-0.1641,2.0784;-3.0115,-0.7238,-0.0024;-3.2091,-1.7922,0.1425;-3.4647,-0.4373,-0.9574;-1.5610,-0.5003,-0.0756;-0.3755,-0.3198,-0.1385;1.0266,-0.1020,-0.2089;1.4443,0.6475,0.4547;1.7951,-0.7960,-1.0610;1.3184,-1.5364,-1.7037;3.2843,-0.6786,-1.2499;3.7207,-1.6697,-1.0735;3.4675,-0.4383,-2.3047;4.0101,0.3475,-0.3730;3.5971,1.3482,-0.5508;3.8516,0.1107,0.6865;5.5114,0.3628,-0.6664;5.9362,-0.6317,-0.4872;5.6822,0.6035,-1.7222;6.2380,1.3789,0.2004;5.8585,2.3900,0.0215;7.3089,1.3731,-0.0257;6.1139,1.1480,1.2632;</g>
	</geometry>
	<conformers/>
	<properties/>
</molecule>
