<?xml version="1.0" ?>
<!--MOLLI PACKAGE EXPERIMENTAL XML FORMAT-->
<molecule name="react_641">
	<atoms>
		<a id="1" s="H" t="H" l="H"/>
		<a id="2" s="C" t="C.2" l="C"/>
		<a id="3" s="C" t="C.2" l="C"/>
		<a id="4" s="H" t="H" l="H"/>
		<a id="5" s="C" t="C.3" l="C"/>
		<a id="6" s="H" t="H" l="H"/>
		<a id="7" s="H" t="H" l="H"/>
		<a id="8" s="C" t="C.3" l="C"/>
		<a id="9" s="H" t="H" l="H"/>
		<a id="10" s="H" t="H" l="H"/>
		<a id="11" s="C" t="C.3" l="C"/>
		<a id="12" s="H" t="H" l="H"/>
		<a id="13" s="H" t="H" l="H"/>
		<a id="14" s="C" t="C.3" l="C"/>
		<a id="15" s="H" t="H" l="H"/>
		<a id="16" s="H" t="H" l="H"/>
		<a id="17" s="C" t="C.3" l="C"/>
		<a id="18" s="H" t="H" l="H"/>
		<a id="19" s="H" t="H" l="H"/>
		<a id="20" s="H" t="H" l="H"/>
		<a id="21" s="C" t="C.3" l="C"/>
		<a id="22" s="H" t="H" l="H"/>
		<a id="23" s="H" t="H" l="H"/>
		<a id="24" s="Cl" t="Cl" l="CL"/>
	</atoms>
	<bonds>
		<b id="1" c="17 14" t="1"/>
		<b id="2" c="14 11" t="1"/>
		<b id="3" c="11 8" t="1"/>
		<b id="4" c="8 5" t="1"/>
		<b id="5" c="5 3" t="1"/>
		<b id="6" c="3 2" t="2"/>
		<b id="7" c="2 21" t="1"/>
		<b id="8" c="21 24" t="1"/>
		<b id="9" c="17 18" t="1"/>
		<b id="10" c="17 19" t="1"/>
		<b id="11" c="17 20" t="1"/>
		<b id="12" c="14 15" t="1"/>
		<b id="13" c="14 16" t="1"/>
		<b id="14" c="11 12" t="1"/>
		<b id="15" c="11 13" t="1"/>
		<b id="16" c="8 9" t="1"/>
		<b id="17" c="8 10" t="1"/>
		<b id="18" c="5 6" t="1"/>
		<b id="19" c="5 7" t="1"/>
		<b id="20" c="3 4" t="1"/>
		<b id="21" c="2 1" t="1"/>
		<b id="22" c="21 22" t="1"/>
		<b id="23" c="21 23" t="1"/>
	</bonds>
	<geometry>
		<g u="A" t="cart/3d">#24,3:2.1560,0.7143,-1.0426;2.5304,0.4698,-0.0518;1.7588,-0.2001,0.8209;2.1659,-0.4305,1.8055;0.3536,-0.7019,0.6045;-0.2712,-0.2709,1.3931;0.3627,-1.7861,0.7742;-0.2725,-0.4238,-0.7684;0.3492,-0.9104,-1.5314;-0.2648,0.6499,-0.9908;-1.6960,-0.9804,-0.8994;-1.8324,-1.8572,-0.2553;-1.8234,-1.3351,-1.9305;-2.8078,0.0406,-0.6406;-3.7703,-0.4405,-0.8531;-2.7144,0.8755,-1.3451;-2.8454,0.5841,0.7770;-2.8722,-0.2272,1.5110;-3.7403,1.1986,0.9193;-1.9781,1.2178,0.9829;3.9222,0.9360,0.2414;3.9918,2.0201,0.1142;4.2415,0.6838,1.2569;5.0566,0.1737,-0.8921;</g>
	</geometry>
	<conformers/>
	<properties/>
</molecule>
