<?xml version="1.0" ?>
<!--MOLLI PACKAGE EXPERIMENTAL XML FORMAT-->
<molecule name="react_643">
	<atoms>
		<a id="1" s="H" t="H" l="H"/>
		<a id="2" s="O" t="O.3" l="O"/>
		<a id="3" s="C" t="C.3" l="C"/>
		<a id="4" s="C" t="C.2" l="C"/>
		<a id="5" s="H" t="H" l="H"/>
		<a id="6" s="C" t="C.2" l="C"/>
		<a id="7" s="H" t="H" l="H"/>
		<a id="8" s="C" t="C.3" l="C"/>
		<a id="9" s="O" t="O.3" l="O"/>
		<a id="10" s="H" t="H" l="H"/>
		<a id="11" s="C" t="C.3" l="C"/>
		<a id="12" s="H" t="H" l="H"/>
		<a id="13" s="H" t="H" l="H"/>
		<a id="14" s="H" t="H" l="H"/>
		<a id="15" s="C" t="C.3" l="C"/>
		<a id="16" s="H" t="H" l="H"/>
		<a id="17" s="H" t="H" l="H"/>
		<a id="18" s="H" t="H" l="H"/>
		<a id="19" s="C" t="C.3" l="C"/>
		<a id="20" s="H" t="H" l="H"/>
		<a id="21" s="H" t="H" l="H"/>
		<a id="22" s="H" t="H" l="H"/>
		<a id="23" s="C" t="C.3" l="C"/>
		<a id="24" s="H" t="H" l="H"/>
		<a id="25" s="H" t="H" l="H"/>
		<a id="26" s="H" t="H" l="H"/>
	</atoms>
	<bonds>
		<b id="1" c="19 3" t="1"/>
		<b id="2" c="3 23" t="1"/>
		<b id="3" c="3 2" t="1"/>
		<b id="4" c="3 4" t="1"/>
		<b id="5" c="4 6" t="2"/>
		<b id="6" c="6 8" t="1"/>
		<b id="7" c="8 11" t="1"/>
		<b id="8" c="8 15" t="1"/>
		<b id="9" c="8 9" t="1"/>
		<b id="10" c="19 20" t="1"/>
		<b id="11" c="19 21" t="1"/>
		<b id="12" c="19 22" t="1"/>
		<b id="13" c="23 24" t="1"/>
		<b id="14" c="23 25" t="1"/>
		<b id="15" c="23 26" t="1"/>
		<b id="16" c="2 1" t="1"/>
		<b id="17" c="4 5" t="1"/>
		<b id="18" c="6 7" t="1"/>
		<b id="19" c="11 12" t="1"/>
		<b id="20" c="11 13" t="1"/>
		<b id="21" c="11 14" t="1"/>
		<b id="22" c="15 16" t="1"/>
		<b id="23" c="15 17" t="1"/>
		<b id="24" c="15 18" t="1"/>
		<b id="25" c="9 10" t="1"/>
	</bonds>
	<geometry>
		<g u="A" t="cart/3d">#26,3:-1.6111,-1.6348,1.4656;-1.9981,-1.5835,0.5749;-1.9496,-0.2123,0.1841;-0.5131,0.2576,0.1003;-0.3988,1.3315,-0.0340;0.5868,-0.5169,0.1629;0.4467,-1.5923,0.2653;2.0311,-0.0765,0.0808;2.6693,-0.5359,1.2745;2.5941,-1.5041,1.2975;2.2545,1.4372,0.0208;1.8220,1.8806,-0.8824;3.3259,1.6710,0.0348;1.8258,1.9361,0.8980;2.7143,-0.7457,-1.1160;2.2770,-0.4192,-2.0658;3.7863,-0.5165,-1.1306;2.6370,-1.8382,-1.0594;-2.7203,0.6030,1.2256;-2.2597,0.5125,2.2167;-3.7468,0.2320,1.3274;-2.7617,1.6658,0.9631;-2.6202,-0.0996,-1.1845;-2.6377,0.9339,-1.5475;-2.1021,-0.7171,-1.9281;-3.6517,-0.4686,-1.1440;</g>
	</geometry>
	<conformers/>
	<properties/>
</molecule>
