<?xml version="1.0" ?>
<!--MOLLI PACKAGE EXPERIMENTAL XML FORMAT-->
<molecule name="react_644">
	<atoms>
		<a id="1" s="H" t="H" l="H"/>
		<a id="2" s="O" t="O.3" l="O"/>
		<a id="3" s="C" t="C.3" l="C"/>
		<a id="4" s="H" t="H" l="H"/>
		<a id="5" s="H" t="H" l="H"/>
		<a id="6" s="C" t="C.2" l="C"/>
		<a id="7" s="H" t="H" l="H"/>
		<a id="8" s="C" t="C.2" l="C"/>
		<a id="9" s="H" t="H" l="H"/>
		<a id="10" s="C" t="C.3" l="C"/>
		<a id="11" s="H" t="H" l="H"/>
		<a id="12" s="H" t="H" l="H"/>
		<a id="13" s="C" t="C.3" l="C"/>
		<a id="14" s="H" t="H" l="H"/>
		<a id="15" s="H" t="H" l="H"/>
		<a id="16" s="C" t="C.3" l="C"/>
		<a id="17" s="H" t="H" l="H"/>
		<a id="18" s="H" t="H" l="H"/>
		<a id="19" s="C" t="C.3" l="C"/>
		<a id="20" s="H" t="H" l="H"/>
		<a id="21" s="H" t="H" l="H"/>
		<a id="22" s="C" t="C.3" l="C"/>
		<a id="23" s="H" t="H" l="H"/>
		<a id="24" s="H" t="H" l="H"/>
		<a id="25" s="H" t="H" l="H"/>
	</atoms>
	<bonds>
		<b id="1" c="22 19" t="1"/>
		<b id="2" c="19 16" t="1"/>
		<b id="3" c="16 13" t="1"/>
		<b id="4" c="13 10" t="1"/>
		<b id="5" c="10 8" t="1"/>
		<b id="6" c="8 6" t="2"/>
		<b id="7" c="6 3" t="1"/>
		<b id="8" c="3 2" t="1"/>
		<b id="9" c="22 23" t="1"/>
		<b id="10" c="22 24" t="1"/>
		<b id="11" c="22 25" t="1"/>
		<b id="12" c="19 20" t="1"/>
		<b id="13" c="19 21" t="1"/>
		<b id="14" c="16 17" t="1"/>
		<b id="15" c="16 18" t="1"/>
		<b id="16" c="13 14" t="1"/>
		<b id="17" c="13 15" t="1"/>
		<b id="18" c="10 11" t="1"/>
		<b id="19" c="10 12" t="1"/>
		<b id="20" c="8 9" t="1"/>
		<b id="21" c="6 7" t="1"/>
		<b id="22" c="3 4" t="1"/>
		<b id="23" c="3 5" t="1"/>
		<b id="24" c="2 1" t="1"/>
	</bonds>
	<geometry>
		<g u="A" t="cart/3d">#25,3:3.9860,2.3463,-0.7449;3.1278,1.9279,-0.5668;3.4004,0.5934,-0.1726;3.9747,0.6116,0.7585;3.9968,0.1091,-0.9521;2.0919,-0.0899,0.0452;1.4250,0.4077,0.7433;1.7243,-1.2334,-0.5561;2.4256,-1.7044,-1.2443;0.4257,-1.9802,-0.3933;0.6563,-2.9157,0.1320;0.0762,-2.2693,-1.3926;-0.7273,-1.2890,0.3453;-0.3944,-0.9305,1.3265;-1.5030,-2.0408,0.5402;-1.3535,-0.1449,-0.4589;-1.7173,-0.5311,-1.4190;-0.6038,0.6205,-0.6862;-2.5129,0.4966,0.3043;-3.2776,-0.2575,0.5238;-2.1557,0.8863,1.2647;-3.1436,1.6295,-0.4897;-3.9699,2.0735,0.0743;-2.4124,2.4172,-0.6977;-3.5394,1.2670,-1.4438;</g>
	</geometry>
	<conformers/>
	<properties/>
</molecule>
