<?xml version="1.0" ?>
<!--MOLLI PACKAGE EXPERIMENTAL XML FORMAT-->
<molecule name="react_648">
	<atoms>
		<a id="1" s="H" t="H" l="H"/>
		<a id="2" s="O" t="O.3" l="O"/>
		<a id="3" s="C" t="C.3" l="C"/>
		<a id="4" s="H" t="H" l="H"/>
		<a id="5" s="H" t="H" l="H"/>
		<a id="6" s="C" t="C.2" l="C"/>
		<a id="7" s="H" t="H" l="H"/>
		<a id="8" s="C" t="C.2" l="C"/>
		<a id="9" s="H" t="H" l="H"/>
		<a id="10" s="C" t="C.3" l="C"/>
		<a id="11" s="H" t="H" l="H"/>
		<a id="12" s="H" t="H" l="H"/>
		<a id="13" s="C" t="C.3" l="C"/>
		<a id="14" s="H" t="H" l="H"/>
		<a id="15" s="H" t="H" l="H"/>
		<a id="16" s="C" t="C.3" l="C"/>
		<a id="17" s="H" t="H" l="H"/>
		<a id="18" s="H" t="H" l="H"/>
		<a id="19" s="C" t="C.3" l="C"/>
		<a id="20" s="H" t="H" l="H"/>
		<a id="21" s="H" t="H" l="H"/>
		<a id="22" s="C" t="C.3" l="C"/>
		<a id="23" s="H" t="H" l="H"/>
		<a id="24" s="H" t="H" l="H"/>
		<a id="25" s="C" t="C.3" l="C"/>
		<a id="26" s="H" t="H" l="H"/>
		<a id="27" s="H" t="H" l="H"/>
		<a id="28" s="H" t="H" l="H"/>
	</atoms>
	<bonds>
		<b id="1" c="25 22" t="1"/>
		<b id="2" c="22 19" t="1"/>
		<b id="3" c="19 16" t="1"/>
		<b id="4" c="16 13" t="1"/>
		<b id="5" c="13 10" t="1"/>
		<b id="6" c="10 8" t="1"/>
		<b id="7" c="8 6" t="2"/>
		<b id="8" c="6 3" t="1"/>
		<b id="9" c="3 2" t="1"/>
		<b id="10" c="25 26" t="1"/>
		<b id="11" c="25 27" t="1"/>
		<b id="12" c="25 28" t="1"/>
		<b id="13" c="22 23" t="1"/>
		<b id="14" c="22 24" t="1"/>
		<b id="15" c="19 20" t="1"/>
		<b id="16" c="19 21" t="1"/>
		<b id="17" c="16 17" t="1"/>
		<b id="18" c="16 18" t="1"/>
		<b id="19" c="13 14" t="1"/>
		<b id="20" c="13 15" t="1"/>
		<b id="21" c="10 11" t="1"/>
		<b id="22" c="10 12" t="1"/>
		<b id="23" c="8 9" t="1"/>
		<b id="24" c="6 7" t="1"/>
		<b id="25" c="3 4" t="1"/>
		<b id="26" c="3 5" t="1"/>
		<b id="27" c="2 1" t="1"/>
	</bonds>
	<geometry>
		<g u="A" t="cart/3d">#28,3:5.9549,-0.9736,-0.4232;5.1107,-1.0436,0.0519;4.4694,0.2149,-0.0718;4.3825,0.4651,-1.1338;5.0818,0.9726,0.4260;3.1391,0.1122,0.5941;3.1544,-0.2297,1.6264;1.9679,0.4003,0.0035;1.9535,0.7378,-1.0308;0.6355,0.2875,0.6896;0.1597,1.2741,0.6652;0.7640,0.0197,1.7453;-0.2538,-0.7497,-0.0000;-0.4308,-0.4604,-1.0429;0.2752,-1.7112,-0.0369;-1.5900,-0.9748,0.7149;-2.1332,-1.7734,0.1957;-1.3904,-1.3559,1.7245;-2.4938,0.2564,0.8376;-3.4184,-0.0469,1.3451;-2.0189,0.9925,1.4970;-2.8582,0.9440,-0.4801;-3.4909,1.8105,-0.2522;-1.9599,1.3384,-0.9673;-3.6073,0.0417,-1.4481;-2.9783,-0.7823,-1.7974;-3.9225,0.6134,-2.3270;-4.5023,-0.3798,-0.9798;</g>
	</geometry>
	<conformers/>
	<properties/>
</molecule>
