<?xml version="1.0" ?>
<!--MOLLI PACKAGE EXPERIMENTAL XML FORMAT-->
<molecule name="react_651">
	<atoms>
		<a id="1" s="H" t="H" l="H"/>
		<a id="2" s="C" t="C.2" l="C"/>
		<a id="3" s="C" t="C.2" l="C"/>
		<a id="4" s="H" t="H" l="H"/>
		<a id="5" s="C" t="C.3" l="C"/>
		<a id="6" s="H" t="H" l="H"/>
		<a id="7" s="H" t="H" l="H"/>
		<a id="8" s="Si" t="Si" l="SI"/>
		<a id="9" s="C" t="C.3" l="C"/>
		<a id="10" s="H" t="H" l="H"/>
		<a id="11" s="H" t="H" l="H"/>
		<a id="12" s="H" t="H" l="H"/>
		<a id="13" s="C" t="C.3" l="C"/>
		<a id="14" s="H" t="H" l="H"/>
		<a id="15" s="H" t="H" l="H"/>
		<a id="16" s="H" t="H" l="H"/>
		<a id="17" s="C" t="C.3" l="C"/>
		<a id="18" s="H" t="H" l="H"/>
		<a id="19" s="H" t="H" l="H"/>
		<a id="20" s="H" t="H" l="H"/>
		<a id="21" s="C" t="C.3" l="C"/>
		<a id="22" s="H" t="H" l="H"/>
		<a id="23" s="H" t="H" l="H"/>
		<a id="24" s="C" t="C.3" l="C"/>
		<a id="25" s="H" t="H" l="H"/>
		<a id="26" s="H" t="H" l="H"/>
		<a id="27" s="C" t="C.3" l="C"/>
		<a id="28" s="H" t="H" l="H"/>
		<a id="29" s="H" t="H" l="H"/>
		<a id="30" s="C" t="C.3" l="C"/>
		<a id="31" s="H" t="H" l="H"/>
		<a id="32" s="H" t="H" l="H"/>
		<a id="33" s="H" t="H" l="H"/>
	</atoms>
	<bonds>
		<b id="1" c="30 27" t="1"/>
		<b id="2" c="27 24" t="1"/>
		<b id="3" c="24 21" t="1"/>
		<b id="4" c="21 2" t="1"/>
		<b id="5" c="2 3" t="2"/>
		<b id="6" c="3 5" t="1"/>
		<b id="7" c="5 8" t="1"/>
		<b id="8" c="8 9" t="1"/>
		<b id="9" c="8 13" t="1"/>
		<b id="10" c="8 17" t="1"/>
		<b id="11" c="30 31" t="1"/>
		<b id="12" c="30 32" t="1"/>
		<b id="13" c="30 33" t="1"/>
		<b id="14" c="27 28" t="1"/>
		<b id="15" c="27 29" t="1"/>
		<b id="16" c="24 25" t="1"/>
		<b id="17" c="24 26" t="1"/>
		<b id="18" c="21 22" t="1"/>
		<b id="19" c="21 23" t="1"/>
		<b id="20" c="2 1" t="1"/>
		<b id="21" c="3 4" t="1"/>
		<b id="22" c="5 6" t="1"/>
		<b id="23" c="5 7" t="1"/>
		<b id="24" c="9 10" t="1"/>
		<b id="25" c="9 11" t="1"/>
		<b id="26" c="9 12" t="1"/>
		<b id="27" c="13 14" t="1"/>
		<b id="28" c="13 15" t="1"/>
		<b id="29" c="13 16" t="1"/>
		<b id="30" c="17 18" t="1"/>
		<b id="31" c="17 19" t="1"/>
		<b id="32" c="17 20" t="1"/>
	</bonds>
	<geometry>
		<g u="A" t="cart/3d">#33,3:1.1518,-1.0819,-0.8543;1.0271,-0.0110,-1.0016;-0.1958,0.4860,-1.2461;-0.3157,1.5562,-1.4101;-1.4363,-0.3593,-1.3329;-1.1829,-1.4260,-1.3311;-1.9359,-0.1532,-2.2863;-2.6859,-0.0555,0.0787;-4.1675,-1.1808,-0.1768;-4.6493,-0.9717,-1.1365;-4.9053,-1.0330,0.6173;-3.8600,-2.2307,-0.1687;-3.2484,1.7334,0.0528;-3.9939,1.9140,0.8328;-3.6968,1.9832,-0.9134;-2.4054,2.4092,0.2243;-1.8798,-0.4467,1.7268;-1.5267,-1.4820,1.7475;-1.0239,0.2104,1.9070;-2.5923,-0.3115,2.5459;2.2723,0.8265,-0.9261;2.0669,1.8391,-1.2961;3.0227,0.4064,-1.6051;2.8389,0.9416,0.4933;2.0951,1.4286,1.1372;3.7066,1.6129,0.4649;3.2577,-0.3762,1.1529;3.6237,-0.1531,2.1625;2.3909,-1.0346,1.2781;4.3511,-1.1139,0.3963;4.6782,-1.9886,0.9677;5.2214,-0.4698,0.2357;3.9973,-1.4680,-0.5763;</g>
	</geometry>
	<conformers/>
	<properties/>
</molecule>
