<?xml version="1.0" ?>
<!--MOLLI PACKAGE EXPERIMENTAL XML FORMAT-->
<molecule name="react_654">
	<atoms>
		<a id="1" s="H" t="H" l="H"/>
		<a id="2" s="O" t="O.3" l="O"/>
		<a id="3" s="C" t="C.3" l="C"/>
		<a id="4" s="C" t="C.2" l="C"/>
		<a id="5" s="H" t="H" l="H"/>
		<a id="6" s="C" t="C.2" l="C"/>
		<a id="7" s="H" t="H" l="H"/>
		<a id="8" s="C" t="C.3" l="C"/>
		<a id="9" s="H" t="H" l="H"/>
		<a id="10" s="H" t="H" l="H"/>
		<a id="11" s="C" t="C.3" l="C"/>
		<a id="12" s="H" t="H" l="H"/>
		<a id="13" s="H" t="H" l="H"/>
		<a id="14" s="C" t="C.3" l="C"/>
		<a id="15" s="H" t="H" l="H"/>
		<a id="16" s="H" t="H" l="H"/>
		<a id="17" s="C" t="C.3" l="C"/>
		<a id="18" s="H" t="H" l="H"/>
		<a id="19" s="H" t="H" l="H"/>
		<a id="20" s="C" t="C.3" l="C"/>
		<a id="21" s="H" t="H" l="H"/>
		<a id="22" s="H" t="H" l="H"/>
		<a id="23" s="H" t="H" l="H"/>
		<a id="24" s="C" t="C.3" l="C"/>
		<a id="25" s="H" t="H" l="H"/>
		<a id="26" s="H" t="H" l="H"/>
		<a id="27" s="H" t="H" l="H"/>
		<a id="28" s="C" t="C.3" l="C"/>
		<a id="29" s="H" t="H" l="H"/>
		<a id="30" s="H" t="H" l="H"/>
		<a id="31" s="H" t="H" l="H"/>
	</atoms>
	<bonds>
		<b id="1" c="20 17" t="1"/>
		<b id="2" c="17 14" t="1"/>
		<b id="3" c="14 11" t="1"/>
		<b id="4" c="11 8" t="1"/>
		<b id="5" c="8 6" t="1"/>
		<b id="6" c="6 4" t="2"/>
		<b id="7" c="4 3" t="1"/>
		<b id="8" c="3 24" t="1"/>
		<b id="9" c="3 28" t="1"/>
		<b id="10" c="3 2" t="1"/>
		<b id="11" c="20 21" t="1"/>
		<b id="12" c="20 22" t="1"/>
		<b id="13" c="20 23" t="1"/>
		<b id="14" c="17 18" t="1"/>
		<b id="15" c="17 19" t="1"/>
		<b id="16" c="14 15" t="1"/>
		<b id="17" c="14 16" t="1"/>
		<b id="18" c="11 12" t="1"/>
		<b id="19" c="11 13" t="1"/>
		<b id="20" c="8 9" t="1"/>
		<b id="21" c="8 10" t="1"/>
		<b id="22" c="6 7" t="1"/>
		<b id="23" c="4 5" t="1"/>
		<b id="24" c="24 25" t="1"/>
		<b id="25" c="24 26" t="1"/>
		<b id="26" c="24 27" t="1"/>
		<b id="27" c="28 29" t="1"/>
		<b id="28" c="28 30" t="1"/>
		<b id="29" c="28 31" t="1"/>
		<b id="30" c="2 1" t="1"/>
	</bonds>
	<geometry>
		<g u="A" t="cart/3d">#31,3:-4.3573,1.1975,-0.8210;-3.4107,1.0226,-0.9490;-2.9632,0.2332,0.1527;-1.4878,-0.0706,0.0036;-1.0662,-0.6708,0.8066;-0.6908,0.3297,-1.0030;-1.1305,0.9333,-1.7976;0.7779,0.0491,-1.1850;1.2873,1.0187,-1.2263;0.9070,-0.4189,-2.1688;1.4448,-0.8346,-0.1250;0.9047,-1.7876,-0.0557;1.3714,-0.3620,0.8614;2.9110,-1.1564,-0.4370;2.9593,-1.7142,-1.3806;3.2873,-1.8341,0.3396;3.8511,0.0473,-0.5376;3.5658,0.6860,-1.3805;4.8595,-0.3226,-0.7600;3.9123,0.8797,0.7334;4.6745,1.6594,0.6353;2.9576,1.3744,0.9349;4.1714,0.2597,1.5974;-3.2053,1.0279,1.4377;-4.2673,1.2756,1.5496;-2.8869,0.4735,2.3273;-2.6670,1.9830,1.4149;-3.7659,-1.0695,0.1625;-4.8398,-0.8660,0.2477;-3.4741,-1.7233,0.9916;-3.6303,-1.6203,-0.7759;</g>
	</geometry>
	<conformers/>
	<properties/>
</molecule>
