<?xml version="1.0" ?>
<!--MOLLI PACKAGE EXPERIMENTAL XML FORMAT-->
<molecule name="react_655">
	<atoms>
		<a id="1" s="H" t="H" l="H"/>
		<a id="2" s="O" t="O.3" l="O"/>
		<a id="3" s="C" t="C.3" l="C"/>
		<a id="4" s="H" t="H" l="H"/>
		<a id="5" s="H" t="H" l="H"/>
		<a id="6" s="C" t="C.2" l="C"/>
		<a id="7" s="H" t="H" l="H"/>
		<a id="8" s="C" t="C.2" l="C"/>
		<a id="9" s="H" t="H" l="H"/>
		<a id="10" s="C" t="C.3" l="C"/>
		<a id="11" s="H" t="H" l="H"/>
		<a id="12" s="H" t="H" l="H"/>
		<a id="13" s="C" t="C.3" l="C"/>
		<a id="14" s="H" t="H" l="H"/>
		<a id="15" s="H" t="H" l="H"/>
		<a id="16" s="C" t="C.3" l="C"/>
		<a id="17" s="H" t="H" l="H"/>
		<a id="18" s="H" t="H" l="H"/>
		<a id="19" s="C" t="C.3" l="C"/>
		<a id="20" s="H" t="H" l="H"/>
		<a id="21" s="H" t="H" l="H"/>
		<a id="22" s="C" t="C.3" l="C"/>
		<a id="23" s="H" t="H" l="H"/>
		<a id="24" s="H" t="H" l="H"/>
		<a id="25" s="C" t="C.3" l="C"/>
		<a id="26" s="H" t="H" l="H"/>
		<a id="27" s="H" t="H" l="H"/>
		<a id="28" s="C" t="C.3" l="C"/>
		<a id="29" s="H" t="H" l="H"/>
		<a id="30" s="H" t="H" l="H"/>
		<a id="31" s="H" t="H" l="H"/>
	</atoms>
	<bonds>
		<b id="1" c="28 25" t="1"/>
		<b id="2" c="25 22" t="1"/>
		<b id="3" c="22 19" t="1"/>
		<b id="4" c="19 16" t="1"/>
		<b id="5" c="16 13" t="1"/>
		<b id="6" c="13 10" t="1"/>
		<b id="7" c="10 8" t="1"/>
		<b id="8" c="8 6" t="2"/>
		<b id="9" c="6 3" t="1"/>
		<b id="10" c="3 2" t="1"/>
		<b id="11" c="28 29" t="1"/>
		<b id="12" c="28 30" t="1"/>
		<b id="13" c="28 31" t="1"/>
		<b id="14" c="25 26" t="1"/>
		<b id="15" c="25 27" t="1"/>
		<b id="16" c="22 23" t="1"/>
		<b id="17" c="22 24" t="1"/>
		<b id="18" c="19 20" t="1"/>
		<b id="19" c="19 21" t="1"/>
		<b id="20" c="16 17" t="1"/>
		<b id="21" c="16 18" t="1"/>
		<b id="22" c="13 14" t="1"/>
		<b id="23" c="13 15" t="1"/>
		<b id="24" c="10 11" t="1"/>
		<b id="25" c="10 12" t="1"/>
		<b id="26" c="8 9" t="1"/>
		<b id="27" c="6 7" t="1"/>
		<b id="28" c="3 4" t="1"/>
		<b id="29" c="3 5" t="1"/>
		<b id="30" c="2 1" t="1"/>
	</bonds>
	<geometry>
		<g u="A" t="cart/3d">#31,3:-5.0983,2.0418,1.3642;-4.4653,1.3057,1.3906;-4.5690,0.6359,0.1452;-4.4043,1.3586,-0.6602;-5.5763,0.2190,0.0522;-3.5575,-0.4595,0.1355;-3.6093,-1.1561,0.9691;-2.6146,-0.6166,-0.8077;-2.5596,0.0838,-1.6384;-1.5982,-1.7235,-0.7972;-1.7801,-2.4169,0.0329;-1.7215,-2.3034,-1.7200;-0.1560,-1.2092,-0.7295;0.0269,-0.5301,-1.5705;0.5203,-2.0634,-0.8576;0.1658,-0.5081,0.5948;-0.4362,0.4023,0.6978;-0.1128,-1.1677,1.4261;1.6488,-0.1516,0.7458;1.8046,0.2391,1.7589;2.2478,-1.0655,0.6621;2.1265,0.8880,-0.2715;2.0949,0.4685,-1.2835;1.4411,1.7443,-0.2600;3.5400,1.4032,0.0118;3.5836,1.8413,1.0157;3.7636,2.2106,-0.6957;4.6130,0.3335,-0.1205;4.5033,-0.4412,0.6439;4.5738,-0.1429,-1.1052;5.6052,0.7800,0.0006;</g>
	</geometry>
	<conformers/>
	<properties/>
</molecule>
