<?xml version="1.0" ?>
<!--MOLLI PACKAGE EXPERIMENTAL XML FORMAT-->
<molecule name="react_658">
	<atoms>
		<a id="1" s="H" t="H" l="H"/>
		<a id="2" s="C" t="C.2" l="C"/>
		<a id="3" s="C" t="C.2" l="C"/>
		<a id="4" s="H" t="H" l="H"/>
		<a id="5" s="C" t="C.3" l="C"/>
		<a id="6" s="H" t="H" l="H"/>
		<a id="7" s="H" t="H" l="H"/>
		<a id="8" s="C" t="C.3" l="C"/>
		<a id="9" s="H" t="H" l="H"/>
		<a id="10" s="H" t="H" l="H"/>
		<a id="11" s="C" t="C.3" l="C"/>
		<a id="12" s="H" t="H" l="H"/>
		<a id="13" s="H" t="H" l="H"/>
		<a id="14" s="C" t="C.3" l="C"/>
		<a id="15" s="C" t="C.3" l="C"/>
		<a id="16" s="H" t="H" l="H"/>
		<a id="17" s="H" t="H" l="H"/>
		<a id="18" s="H" t="H" l="H"/>
		<a id="19" s="O" t="O.3" l="O"/>
		<a id="20" s="C" t="C.3" l="C"/>
		<a id="21" s="H" t="H" l="H"/>
		<a id="22" s="H" t="H" l="H"/>
		<a id="23" s="C" t="C.3" l="C"/>
		<a id="24" s="H" t="H" l="H"/>
		<a id="25" s="H" t="H" l="H"/>
		<a id="26" s="O" t="O.3" l="O"/>
		<a id="27" s="C" t="C.3" l="C"/>
		<a id="28" s="H" t="H" l="H"/>
		<a id="29" s="H" t="H" l="H"/>
		<a id="30" s="C" t="C.3" l="C"/>
		<a id="31" s="H" t="H" l="H"/>
		<a id="32" s="H" t="H" l="H"/>
		<a id="33" s="H" t="H" l="H"/>
	</atoms>
	<bonds>
		<b id="1" c="30 27" t="1"/>
		<b id="2" c="27 2" t="1"/>
		<b id="3" c="2 3" t="2"/>
		<b id="4" c="3 5" t="1"/>
		<b id="5" c="5 8" t="1"/>
		<b id="6" c="8 11" t="1"/>
		<b id="7" c="11 14" t="1"/>
		<b id="8" c="14 15" t="1"/>
		<b id="9" c="14 19" t="1"/>
		<b id="10" c="19 20" t="1"/>
		<b id="11" c="20 23" t="1"/>
		<b id="12" c="23 26" t="1"/>
		<b id="13" c="26 14" t="1"/>
		<b id="14" c="30 31" t="1"/>
		<b id="15" c="30 32" t="1"/>
		<b id="16" c="30 33" t="1"/>
		<b id="17" c="27 28" t="1"/>
		<b id="18" c="27 29" t="1"/>
		<b id="19" c="2 1" t="1"/>
		<b id="20" c="3 4" t="1"/>
		<b id="21" c="5 6" t="1"/>
		<b id="22" c="5 7" t="1"/>
		<b id="23" c="8 9" t="1"/>
		<b id="24" c="8 10" t="1"/>
		<b id="25" c="11 12" t="1"/>
		<b id="26" c="11 13" t="1"/>
		<b id="27" c="15 16" t="1"/>
		<b id="28" c="15 17" t="1"/>
		<b id="29" c="15 18" t="1"/>
		<b id="30" c="20 21" t="1"/>
		<b id="31" c="20 22" t="1"/>
		<b id="32" c="23 24" t="1"/>
		<b id="33" c="23 25" t="1"/>
	</bonds>
	<geometry>
		<g u="A" t="cart/3d">#33,3:3.3463,-1.1273,-1.1364;3.1628,-0.5727,-0.2180;2.0729,0.2043,-0.1172;1.8949,0.7605,0.8009;1.0690,0.3855,-1.2213;1.4483,-0.0581,-2.1505;0.9521,1.4579,-1.4182;-0.2951,-0.2400,-0.9094;-0.1619,-1.3065,-0.6932;-0.9114,-0.1731,-1.8139;-1.0226,0.4451,0.2540;-1.0529,1.5251,0.0571;-0.4544,0.3255,1.1846;-2.4599,-0.0505,0.4793;-2.5324,-1.5347,0.8248;-3.5608,-1.8185,1.0776;-1.9128,-1.7696,1.6965;-2.2290,-2.1644,-0.0170;-3.0242,0.6847,1.5835;-3.9601,1.5807,0.9856;-3.4280,2.4992,0.7156;-4.7658,1.8214,1.6832;-4.4273,0.8332,-0.2320;-5.1528,0.0542,0.0261;-4.8515,1.4811,-1.0029;-3.2403,0.1971,-0.7030;4.1692,-0.7504,0.8818;3.8584,-0.2193,1.7891;4.2257,-1.8144,1.1381;5.5447,-0.2579,0.4601;6.2650,-0.4084,1.2707;5.5253,0.8103,0.2184;5.9083,-0.8000,-0.4194;</g>
	</geometry>
	<conformers/>
	<properties/>
</molecule>
