<?xml version="1.0" ?>
<!--MOLLI PACKAGE EXPERIMENTAL XML FORMAT-->
<molecule name="react_668">
	<atoms>
		<a id="1" s="H" t="H" l="H"/>
		<a id="2" s="O" t="O.3" l="O"/>
		<a id="3" s="C" t="C.3" l="C"/>
		<a id="4" s="H" t="H" l="H"/>
		<a id="5" s="H" t="H" l="H"/>
		<a id="6" s="C" t="C.2" l="C"/>
		<a id="7" s="H" t="H" l="H"/>
		<a id="8" s="C" t="C.2" l="C"/>
		<a id="9" s="H" t="H" l="H"/>
		<a id="10" s="C" t="C.3" l="C"/>
		<a id="11" s="H" t="H" l="H"/>
		<a id="12" s="H" t="H" l="H"/>
		<a id="13" s="C" t="C.3" l="C"/>
		<a id="14" s="H" t="H" l="H"/>
		<a id="15" s="H" t="H" l="H"/>
		<a id="16" s="C" t="C.3" l="C"/>
		<a id="17" s="H" t="H" l="H"/>
		<a id="18" s="H" t="H" l="H"/>
		<a id="19" s="C" t="C.3" l="C"/>
		<a id="20" s="H" t="H" l="H"/>
		<a id="21" s="H" t="H" l="H"/>
		<a id="22" s="C" t="C.3" l="C"/>
		<a id="23" s="H" t="H" l="H"/>
		<a id="24" s="H" t="H" l="H"/>
		<a id="25" s="C" t="C.3" l="C"/>
		<a id="26" s="H" t="H" l="H"/>
		<a id="27" s="H" t="H" l="H"/>
		<a id="28" s="C" t="C.3" l="C"/>
		<a id="29" s="H" t="H" l="H"/>
		<a id="30" s="H" t="H" l="H"/>
		<a id="31" s="C" t="C.3" l="C"/>
		<a id="32" s="H" t="H" l="H"/>
		<a id="33" s="H" t="H" l="H"/>
		<a id="34" s="C" t="C.3" l="C"/>
		<a id="35" s="H" t="H" l="H"/>
		<a id="36" s="H" t="H" l="H"/>
		<a id="37" s="H" t="H" l="H"/>
	</atoms>
	<bonds>
		<b id="1" c="34 31" t="1"/>
		<b id="2" c="31 28" t="1"/>
		<b id="3" c="28 25" t="1"/>
		<b id="4" c="25 22" t="1"/>
		<b id="5" c="22 19" t="1"/>
		<b id="6" c="19 16" t="1"/>
		<b id="7" c="16 13" t="1"/>
		<b id="8" c="13 10" t="1"/>
		<b id="9" c="10 8" t="1"/>
		<b id="10" c="8 6" t="2"/>
		<b id="11" c="6 3" t="1"/>
		<b id="12" c="3 2" t="1"/>
		<b id="13" c="34 35" t="1"/>
		<b id="14" c="34 36" t="1"/>
		<b id="15" c="34 37" t="1"/>
		<b id="16" c="31 32" t="1"/>
		<b id="17" c="31 33" t="1"/>
		<b id="18" c="28 29" t="1"/>
		<b id="19" c="28 30" t="1"/>
		<b id="20" c="25 26" t="1"/>
		<b id="21" c="25 27" t="1"/>
		<b id="22" c="22 23" t="1"/>
		<b id="23" c="22 24" t="1"/>
		<b id="24" c="19 20" t="1"/>
		<b id="25" c="19 21" t="1"/>
		<b id="26" c="16 17" t="1"/>
		<b id="27" c="16 18" t="1"/>
		<b id="28" c="13 14" t="1"/>
		<b id="29" c="13 15" t="1"/>
		<b id="30" c="10 11" t="1"/>
		<b id="31" c="10 12" t="1"/>
		<b id="32" c="8 9" t="1"/>
		<b id="33" c="6 7" t="1"/>
		<b id="34" c="3 4" t="1"/>
		<b id="35" c="3 5" t="1"/>
		<b id="36" c="2 1" t="1"/>
	</bonds>
	<geometry>
		<g u="A" t="cart/3d">#37,3:-5.6923,2.4549,-0.0810;-6.1448,2.2233,-0.9101;-6.0744,0.8120,-1.0295;-6.4608,0.5262,-2.0121;-6.7144,0.3636,-0.2632;-4.6453,0.4010,-0.8959;-3.9684,0.7997,-1.6487;-4.1748,-0.4091,0.0660;-4.8557,-0.8138,0.8127;-2.7339,-0.8227,0.1821;-2.6838,-1.9171,0.1401;-2.1616,-0.4433,-0.6717;-2.1210,-0.3240,1.4930;-2.7387,-0.6639,2.3345;-2.1353,0.7730,1.5185;-0.6910,-0.8223,1.7239;-0.6748,-1.9187,1.6974;-0.3865,-0.5268,2.7357;0.3179,-0.2652,0.7171;0.0738,-0.6141,-0.2924;0.2604,0.8299,0.7064;1.7438,-0.6998,1.0641;2.0009,-0.3485,2.0708;1.7997,-1.7951,1.0791;2.7548,-0.1478,0.0562;2.5007,-0.5022,-0.9500;2.6869,0.9457,0.0432;4.1799,-0.5806,0.4079;4.4542,-0.1857,1.3937;4.2136,-1.6744,0.4855;5.2190,-0.1436,-0.6269;6.1847,-0.5879,-0.3576;4.9526,-0.5395,-1.6137;5.3904,1.3649,-0.7161;5.6253,1.7927,0.2637;6.2111,1.6096,-1.3980;4.4875,1.8496,-1.0987;</g>
	</geometry>
	<conformers/>
	<properties/>
</molecule>
