<?xml version="1.0" ?>
<!--MOLLI PACKAGE EXPERIMENTAL XML FORMAT-->
<molecule name="react_676">
	<atoms>
		<a id="1" s="H" t="H" l="H"/>
		<a id="2" s="O" t="O.3" l="O"/>
		<a id="3" s="C" t="C.3" l="C"/>
		<a id="4" s="H" t="H" l="H"/>
		<a id="5" s="H" t="H" l="H"/>
		<a id="6" s="C" t="C.2" l="C"/>
		<a id="7" s="H" t="H" l="H"/>
		<a id="8" s="C" t="C.2" l="C"/>
		<a id="9" s="H" t="H" l="H"/>
		<a id="10" s="C" t="C.3" l="C"/>
		<a id="11" s="H" t="H" l="H"/>
		<a id="12" s="H" t="H" l="H"/>
		<a id="13" s="C" t="C.3" l="C"/>
		<a id="14" s="H" t="H" l="H"/>
		<a id="15" s="H" t="H" l="H"/>
		<a id="16" s="C" t="C.3" l="C"/>
		<a id="17" s="H" t="H" l="H"/>
		<a id="18" s="H" t="H" l="H"/>
		<a id="19" s="C" t="C.3" l="C"/>
		<a id="20" s="H" t="H" l="H"/>
		<a id="21" s="H" t="H" l="H"/>
		<a id="22" s="C" t="C.3" l="C"/>
		<a id="23" s="H" t="H" l="H"/>
		<a id="24" s="H" t="H" l="H"/>
		<a id="25" s="C" t="C.3" l="C"/>
		<a id="26" s="H" t="H" l="H"/>
		<a id="27" s="H" t="H" l="H"/>
		<a id="28" s="C" t="C.3" l="C"/>
		<a id="29" s="H" t="H" l="H"/>
		<a id="30" s="H" t="H" l="H"/>
		<a id="31" s="C" t="C.3" l="C"/>
		<a id="32" s="H" t="H" l="H"/>
		<a id="33" s="H" t="H" l="H"/>
		<a id="34" s="C" t="C.3" l="C"/>
		<a id="35" s="H" t="H" l="H"/>
		<a id="36" s="H" t="H" l="H"/>
		<a id="37" s="C" t="C.3" l="C"/>
		<a id="38" s="H" t="H" l="H"/>
		<a id="39" s="H" t="H" l="H"/>
		<a id="40" s="H" t="H" l="H"/>
	</atoms>
	<bonds>
		<b id="1" c="37 34" t="1"/>
		<b id="2" c="34 31" t="1"/>
		<b id="3" c="31 28" t="1"/>
		<b id="4" c="28 25" t="1"/>
		<b id="5" c="25 22" t="1"/>
		<b id="6" c="22 19" t="1"/>
		<b id="7" c="19 16" t="1"/>
		<b id="8" c="16 13" t="1"/>
		<b id="9" c="13 10" t="1"/>
		<b id="10" c="10 8" t="1"/>
		<b id="11" c="8 6" t="2"/>
		<b id="12" c="6 3" t="1"/>
		<b id="13" c="3 2" t="1"/>
		<b id="14" c="37 38" t="1"/>
		<b id="15" c="37 39" t="1"/>
		<b id="16" c="37 40" t="1"/>
		<b id="17" c="34 35" t="1"/>
		<b id="18" c="34 36" t="1"/>
		<b id="19" c="31 32" t="1"/>
		<b id="20" c="31 33" t="1"/>
		<b id="21" c="28 29" t="1"/>
		<b id="22" c="28 30" t="1"/>
		<b id="23" c="25 26" t="1"/>
		<b id="24" c="25 27" t="1"/>
		<b id="25" c="22 23" t="1"/>
		<b id="26" c="22 24" t="1"/>
		<b id="27" c="19 20" t="1"/>
		<b id="28" c="19 21" t="1"/>
		<b id="29" c="16 17" t="1"/>
		<b id="30" c="16 18" t="1"/>
		<b id="31" c="13 14" t="1"/>
		<b id="32" c="13 15" t="1"/>
		<b id="33" c="10 11" t="1"/>
		<b id="34" c="10 12" t="1"/>
		<b id="35" c="8 9" t="1"/>
		<b id="36" c="6 7" t="1"/>
		<b id="37" c="3 4" t="1"/>
		<b id="38" c="3 5" t="1"/>
		<b id="39" c="2 1" t="1"/>
	</bonds>
	<geometry>
		<g u="A" t="cart/3d">#40,3:8.1134,1.2542,-0.9832;8.2455,1.0949,-0.0346;7.0549,1.4728,0.6372;7.0253,2.5642,0.7101;7.0905,1.0651,1.6521;5.8726,0.9772,-0.1324;5.7115,1.4213,-1.1115;5.0111,0.0534,0.3233;5.1713,-0.3942,1.3029;3.8212,-0.4400,-0.4498;3.8013,0.0005,-1.4541;3.9181,-1.5245,-0.5801;2.5147,-0.1193,0.2789;2.5250,-0.5729,1.2782;2.4260,0.9654,0.4202;1.3033,-0.6333,-0.5017;1.2890,-0.1778,-1.4994;1.3900,-1.7176,-0.6422;-0.0038,-0.3138,0.2257;0.0101,-0.7693,1.2233;-0.0903,0.7705,0.3664;-1.2149,-0.8274,-0.5550;-1.2294,-0.3716,-1.5525;-1.1275,-1.9117,-0.6958;-2.5227,-0.5083,0.1730;-2.5096,-0.9673,1.1689;-2.5976,0.5756,0.3148;-3.7325,-1.0199,-0.6122;-3.6036,-2.0914,-0.8097;-3.7778,-0.5226,-1.5888;-5.0615,-0.8282,0.1239;-5.0167,-1.3265,1.1000;-5.8466,-1.3339,-0.4521;-5.4472,0.6398,0.3101;-4.7180,1.1474,0.9503;-5.4444,1.1521,-0.6589;-6.8245,0.7751,0.9415;-6.8534,0.2965,1.9256;-7.5922,0.3141,0.3119;-7.0804,1.8315,1.0697;</g>
	</geometry>
	<conformers/>
	<properties/>
</molecule>
