<?xml version="1.0" ?>
<!--MOLLI PACKAGE EXPERIMENTAL XML FORMAT-->
<molecule name="react_43">
	<atoms>
		<a id="1" s="H" t="H" l="H"/>
		<a id="2" s="C" t="C.2" l="C"/>
		<a id="3" s="C" t="C.2" l="C"/>
		<a id="4" s="H" t="H" l="H"/>
		<a id="5" s="C" t="C.3" l="C"/>
		<a id="6" s="H" t="H" l="H"/>
		<a id="7" s="H" t="H" l="H"/>
		<a id="8" s="C" t="C.3" l="C"/>
		<a id="9" s="H" t="H" l="H"/>
		<a id="10" s="H" t="H" l="H"/>
		<a id="11" s="C" t="C.3" l="C"/>
		<a id="12" s="H" t="H" l="H"/>
		<a id="13" s="H" t="H" l="H"/>
		<a id="14" s="C" t="C.3" l="C"/>
		<a id="15" s="H" t="H" l="H"/>
		<a id="16" s="H" t="H" l="H"/>
		<a id="17" s="C" t="C.3" l="C"/>
		<a id="18" s="H" t="H" l="H"/>
		<a id="19" s="H" t="H" l="H"/>
		<a id="20" s="H" t="H" l="H"/>
		<a id="21" s="C" t="C.3" l="C"/>
		<a id="22" s="H" t="H" l="H"/>
		<a id="23" s="H" t="H" l="H"/>
		<a id="24" s="O" t="O.3" l="O"/>
		<a id="25" s="Si" t="Si" l="SI"/>
		<a id="26" s="C" t="C.3" l="C"/>
		<a id="27" s="H" t="H" l="H"/>
		<a id="28" s="H" t="H" l="H"/>
		<a id="29" s="H" t="H" l="H"/>
		<a id="30" s="C" t="C.3" l="C"/>
		<a id="31" s="H" t="H" l="H"/>
		<a id="32" s="H" t="H" l="H"/>
		<a id="33" s="H" t="H" l="H"/>
		<a id="34" s="C" t="C.3" l="C"/>
		<a id="35" s="C" t="C.3" l="C"/>
		<a id="36" s="H" t="H" l="H"/>
		<a id="37" s="H" t="H" l="H"/>
		<a id="38" s="H" t="H" l="H"/>
		<a id="39" s="C" t="C.3" l="C"/>
		<a id="40" s="H" t="H" l="H"/>
		<a id="41" s="H" t="H" l="H"/>
		<a id="42" s="H" t="H" l="H"/>
		<a id="43" s="C" t="C.3" l="C"/>
		<a id="44" s="H" t="H" l="H"/>
		<a id="45" s="H" t="H" l="H"/>
		<a id="46" s="H" t="H" l="H"/>
	</atoms>
	<bonds>
		<b id="1" c="17 14" t="1"/>
		<b id="2" c="14 11" t="1"/>
		<b id="3" c="11 8" t="1"/>
		<b id="4" c="8 5" t="1"/>
		<b id="5" c="5 3" t="1"/>
		<b id="6" c="3 2" t="2"/>
		<b id="7" c="2 21" t="1"/>
		<b id="8" c="21 24" t="1"/>
		<b id="9" c="24 25" t="1"/>
		<b id="10" c="25 26" t="1"/>
		<b id="11" c="25 30" t="1"/>
		<b id="12" c="25 34" t="1"/>
		<b id="13" c="34 35" t="1"/>
		<b id="14" c="34 39" t="1"/>
		<b id="15" c="34 43" t="1"/>
		<b id="16" c="17 18" t="1"/>
		<b id="17" c="17 19" t="1"/>
		<b id="18" c="17 20" t="1"/>
		<b id="19" c="14 15" t="1"/>
		<b id="20" c="14 16" t="1"/>
		<b id="21" c="11 12" t="1"/>
		<b id="22" c="11 13" t="1"/>
		<b id="23" c="8 9" t="1"/>
		<b id="24" c="8 10" t="1"/>
		<b id="25" c="5 6" t="1"/>
		<b id="26" c="5 7" t="1"/>
		<b id="27" c="3 4" t="1"/>
		<b id="28" c="2 1" t="1"/>
		<b id="29" c="21 22" t="1"/>
		<b id="30" c="21 23" t="1"/>
		<b id="31" c="26 27" t="1"/>
		<b id="32" c="26 28" t="1"/>
		<b id="33" c="26 29" t="1"/>
		<b id="34" c="30 31" t="1"/>
		<b id="35" c="30 32" t="1"/>
		<b id="36" c="30 33" t="1"/>
		<b id="37" c="35 36" t="1"/>
		<b id="38" c="35 37" t="1"/>
		<b id="39" c="35 38" t="1"/>
		<b id="40" c="39 40" t="1"/>
		<b id="41" c="39 41" t="1"/>
		<b id="42" c="39 42" t="1"/>
		<b id="43" c="43 44" t="1"/>
		<b id="44" c="43 45" t="1"/>
		<b id="45" c="43 46" t="1"/>
	</bonds>
	<geometry>
		<g u="A" t="cart/3d">#46,3:0.7627,1.0062,-0.2180;0.7640,-0.0193,0.1466;1.7207,-0.8644,-0.2682;1.7198,-1.8918,0.0755;2.8077,-0.4755,-1.2305;2.7508,-1.1378,-2.1017;2.6508,0.5428,-1.5948;4.1937,-0.5805,-0.5914;4.2365,0.0420,0.3086;4.3767,-1.6124,-0.2765;5.2890,-0.1365,-1.5657;5.1245,0.9087,-1.8398;5.2261,-0.7264,-2.4854;6.6806,-0.2867,-0.9500;6.8593,-1.3390,-0.6864;6.7450,0.2967,-0.0215;7.7660,0.1839,-1.9064;7.7333,-0.3774,-2.8478;7.6502,1.2505,-2.1371;8.7552,0.0382,-1.4565;-0.3458,-0.3611,1.0951;-0.3325,-1.4236,1.3716;-0.2144,0.2437,2.0057;-1.5680,-0.0708,0.4287;-2.9103,0.3955,1.3166;-3.4003,-0.8723,2.6101;-4.2573,-0.5186,3.1903;-2.5731,-1.0669,3.3085;-3.6738,-1.8237,2.1319;-2.6576,2.0848,2.1141;-3.5958,2.4658,2.5403;-1.9291,2.0232,2.9260;-2.2854,2.8104,1.3758;-4.5097,0.5782,-0.0089;-4.0979,1.5486,-1.1396;-3.8479,2.5405,-0.7500;-3.2216,1.1794,-1.6978;-4.9169,1.6682,-1.8545;-4.8287,-0.8141,-0.5984;-3.9627,-1.2481,-1.1093;-5.1386,-1.5180,0.1830;-5.6445,-0.7446,-1.3308;-5.7357,1.1277,0.7431;-5.5423,2.1333,1.1494;-6.0250,0.4745,1.5823;-6.5981,1.2046,0.0640;</g>
	</geometry>
	<conformers/>
	<properties/>
</molecule>
