<?xml version="1.0" ?>
<!--MOLLI PACKAGE EXPERIMENTAL XML FORMAT-->
<molecule name="react_685">
	<atoms>
		<a id="1" s="H" t="H" l="H"/>
		<a id="2" s="C" t="C.2" l="C"/>
		<a id="3" s="C" t="C.2" l="C"/>
		<a id="4" s="H" t="H" l="H"/>
		<a id="5" s="C" t="C.3" l="C"/>
		<a id="6" s="H" t="H" l="H"/>
		<a id="7" s="H" t="H" l="H"/>
		<a id="8" s="C" t="C.3" l="C"/>
		<a id="9" s="H" t="H" l="H"/>
		<a id="10" s="H" t="H" l="H"/>
		<a id="11" s="C" t="C.3" l="C"/>
		<a id="12" s="C" t="C.3" l="C"/>
		<a id="13" s="H" t="H" l="H"/>
		<a id="14" s="H" t="H" l="H"/>
		<a id="15" s="C" t="C.3" l="C"/>
		<a id="16" s="H" t="H" l="H"/>
		<a id="17" s="H" t="H" l="H"/>
		<a id="18" s="H" t="H" l="H"/>
		<a id="19" s="O" t="O.3" l="O"/>
		<a id="20" s="C" t="C.3" l="C"/>
		<a id="21" s="H" t="H" l="H"/>
		<a id="22" s="H" t="H" l="H"/>
		<a id="23" s="C" t="C.3" l="C"/>
		<a id="24" s="C" t="C.3" l="C"/>
		<a id="25" s="H" t="H" l="H"/>
		<a id="26" s="H" t="H" l="H"/>
		<a id="27" s="H" t="H" l="H"/>
		<a id="28" s="C" t="C.3" l="C"/>
		<a id="29" s="H" t="H" l="H"/>
		<a id="30" s="H" t="H" l="H"/>
		<a id="31" s="H" t="H" l="H"/>
		<a id="32" s="C" t="C.3" l="C"/>
		<a id="33" s="H" t="H" l="H"/>
		<a id="34" s="H" t="H" l="H"/>
		<a id="35" s="O" t="O.3" l="O"/>
		<a id="36" s="C" t="C.3" l="C"/>
		<a id="37" s="H" t="H" l="H"/>
		<a id="38" s="H" t="H" l="H"/>
		<a id="39" s="H" t="H" l="H"/>
	</atoms>
	<bonds>
		<b id="1" c="36 2" t="1"/>
		<b id="2" c="2 3" t="2"/>
		<b id="3" c="3 5" t="1"/>
		<b id="4" c="5 8" t="1"/>
		<b id="5" c="8 11" t="1"/>
		<b id="6" c="11 12" t="1"/>
		<b id="7" c="12 15" t="1"/>
		<b id="8" c="11 19" t="1"/>
		<b id="9" c="19 20" t="1"/>
		<b id="10" c="20 23" t="1"/>
		<b id="11" c="23 24" t="1"/>
		<b id="12" c="23 28" t="1"/>
		<b id="13" c="23 32" t="1"/>
		<b id="14" c="32 35" t="1"/>
		<b id="15" c="35 11" t="1"/>
		<b id="16" c="36 37" t="1"/>
		<b id="17" c="36 38" t="1"/>
		<b id="18" c="36 39" t="1"/>
		<b id="19" c="2 1" t="1"/>
		<b id="20" c="3 4" t="1"/>
		<b id="21" c="5 6" t="1"/>
		<b id="22" c="5 7" t="1"/>
		<b id="23" c="8 9" t="1"/>
		<b id="24" c="8 10" t="1"/>
		<b id="25" c="12 13" t="1"/>
		<b id="26" c="12 14" t="1"/>
		<b id="27" c="15 16" t="1"/>
		<b id="28" c="15 17" t="1"/>
		<b id="29" c="15 18" t="1"/>
		<b id="30" c="20 21" t="1"/>
		<b id="31" c="20 22" t="1"/>
		<b id="32" c="24 25" t="1"/>
		<b id="33" c="24 26" t="1"/>
		<b id="34" c="24 27" t="1"/>
		<b id="35" c="28 29" t="1"/>
		<b id="36" c="28 30" t="1"/>
		<b id="37" c="28 31" t="1"/>
		<b id="38" c="32 33" t="1"/>
		<b id="39" c="32 34" t="1"/>
	</bonds>
	<geometry>
		<g u="A" t="cart/3d">#39,3:3.2078,0.7571,-1.6594;3.9015,0.6576,-0.8287;3.5018,0.1325,0.3403;4.2301,0.0497,1.1471;2.1271,-0.3777,0.6976;1.8023,0.1631,1.5945;2.2439,-1.4286,0.9845;1.0490,-0.2576,-0.3856;0.9755,0.7946,-0.6903;1.3569,-0.7915,-1.2933;-0.3524,-0.7437,0.0533;-0.3773,-2.2488,0.4061;0.2588,-2.4473,1.2767;-1.3873,-2.5259,0.7329;0.0101,-3.1798,-0.7343;-0.1169,-4.2221,-0.4236;-0.6168,-3.0156,-1.6158;1.0573,-3.0491,-1.0213;-1.2309,-0.4955,-1.0591;-2.5778,-0.2881,-0.6450;-3.2002,-0.2290,-1.5448;-2.9281,-1.1635,-0.0863;-2.6762,1.0051,0.1805;-3.8556,0.8836,1.1587;-3.9811,1.8012,1.7445;-4.7943,0.6979,0.6246;-3.7021,0.0588,1.8637;-2.9185,2.2144,-0.7370;-3.8670,2.1186,-1.2772;-2.1212,2.3123,-1.4824;-2.9553,3.1460,-0.1611;-1.3589,1.2151,0.9452;-0.6474,1.8324,0.3851;-1.5330,1.7341,1.8944;-0.7654,-0.0457,1.2411;5.2927,1.1387,-1.0910;5.9462,1.0139,-0.2219;5.2755,2.2004,-1.3554;5.7271,0.5825,-1.9273;</g>
	</geometry>
	<conformers/>
	<properties/>
</molecule>
