<?xml version="1.0" ?>
<!--MOLLI PACKAGE EXPERIMENTAL XML FORMAT-->
<molecule name="react_686">
	<atoms>
		<a id="1" s="H" t="H" l="H"/>
		<a id="2" s="O" t="O.3" l="O"/>
		<a id="3" s="C" t="C.3" l="C"/>
		<a id="4" s="H" t="H" l="H"/>
		<a id="5" s="H" t="H" l="H"/>
		<a id="6" s="C" t="C.2" l="C"/>
		<a id="7" s="H" t="H" l="H"/>
		<a id="8" s="C" t="C.2" l="C"/>
		<a id="9" s="H" t="H" l="H"/>
		<a id="10" s="C" t="C.3" l="C"/>
		<a id="11" s="H" t="H" l="H"/>
		<a id="12" s="H" t="H" l="H"/>
		<a id="13" s="C" t="C.3" l="C"/>
		<a id="14" s="H" t="H" l="H"/>
		<a id="15" s="H" t="H" l="H"/>
		<a id="16" s="C" t="C.3" l="C"/>
		<a id="17" s="H" t="H" l="H"/>
		<a id="18" s="H" t="H" l="H"/>
		<a id="19" s="C" t="C.3" l="C"/>
		<a id="20" s="H" t="H" l="H"/>
		<a id="21" s="H" t="H" l="H"/>
		<a id="22" s="C" t="C.3" l="C"/>
		<a id="23" s="H" t="H" l="H"/>
		<a id="24" s="H" t="H" l="H"/>
		<a id="25" s="C" t="C.3" l="C"/>
		<a id="26" s="H" t="H" l="H"/>
		<a id="27" s="H" t="H" l="H"/>
		<a id="28" s="C" t="C.3" l="C"/>
		<a id="29" s="H" t="H" l="H"/>
		<a id="30" s="H" t="H" l="H"/>
		<a id="31" s="C" t="C.3" l="C"/>
		<a id="32" s="H" t="H" l="H"/>
		<a id="33" s="H" t="H" l="H"/>
		<a id="34" s="C" t="C.3" l="C"/>
		<a id="35" s="H" t="H" l="H"/>
		<a id="36" s="H" t="H" l="H"/>
		<a id="37" s="C" t="C.3" l="C"/>
		<a id="38" s="H" t="H" l="H"/>
		<a id="39" s="H" t="H" l="H"/>
		<a id="40" s="C" t="C.3" l="C"/>
		<a id="41" s="H" t="H" l="H"/>
		<a id="42" s="H" t="H" l="H"/>
		<a id="43" s="H" t="H" l="H"/>
	</atoms>
	<bonds>
		<b id="1" c="40 37" t="1"/>
		<b id="2" c="37 34" t="1"/>
		<b id="3" c="34 31" t="1"/>
		<b id="4" c="31 28" t="1"/>
		<b id="5" c="28 25" t="1"/>
		<b id="6" c="25 22" t="1"/>
		<b id="7" c="22 19" t="1"/>
		<b id="8" c="19 16" t="1"/>
		<b id="9" c="16 13" t="1"/>
		<b id="10" c="13 10" t="1"/>
		<b id="11" c="10 8" t="1"/>
		<b id="12" c="8 6" t="2"/>
		<b id="13" c="6 3" t="1"/>
		<b id="14" c="3 2" t="1"/>
		<b id="15" c="40 41" t="1"/>
		<b id="16" c="40 42" t="1"/>
		<b id="17" c="40 43" t="1"/>
		<b id="18" c="37 38" t="1"/>
		<b id="19" c="37 39" t="1"/>
		<b id="20" c="34 35" t="1"/>
		<b id="21" c="34 36" t="1"/>
		<b id="22" c="31 32" t="1"/>
		<b id="23" c="31 33" t="1"/>
		<b id="24" c="28 29" t="1"/>
		<b id="25" c="28 30" t="1"/>
		<b id="26" c="25 26" t="1"/>
		<b id="27" c="25 27" t="1"/>
		<b id="28" c="22 23" t="1"/>
		<b id="29" c="22 24" t="1"/>
		<b id="30" c="19 20" t="1"/>
		<b id="31" c="19 21" t="1"/>
		<b id="32" c="16 17" t="1"/>
		<b id="33" c="16 18" t="1"/>
		<b id="34" c="13 14" t="1"/>
		<b id="35" c="13 15" t="1"/>
		<b id="36" c="10 11" t="1"/>
		<b id="37" c="10 12" t="1"/>
		<b id="38" c="8 9" t="1"/>
		<b id="39" c="6 7" t="1"/>
		<b id="40" c="3 4" t="1"/>
		<b id="41" c="3 5" t="1"/>
		<b id="42" c="2 1" t="1"/>
	</bonds>
	<geometry>
		<g u="A" t="cart/3d">#43,3:5.2606,-0.1063,3.0635;6.0230,0.4900,2.9684;6.4107,0.4377,1.6054;7.1840,1.1921,1.4344;6.8394,-0.5484,1.4012;5.2109,0.7269,0.7653;4.7590,1.7059,0.9110;4.6871,-0.1260,-0.1297;5.1465,-1.1014,-0.2800;3.4835,0.1830,-0.9765;3.1673,1.2199,-0.8190;3.7702,0.0924,-2.0309;2.3311,-0.7755,-0.6667;2.6838,-1.8100,-0.7707;2.0162,-0.6568,0.3779;1.1211,-0.5942,-1.5898;0.4266,-1.4175,-1.3881;1.4370,-0.6943,-2.6352;0.4012,0.7421,-1.3913;1.0922,1.5656,-1.6042;0.1033,0.8532,-0.3426;-0.8154,0.9185,-2.3064;-0.4795,0.8857,-3.3508;-1.2206,1.9262,-2.1559;-1.9390,-0.1088,-2.1324;-1.5873,-1.0901,-2.4727;-2.7601,0.1637,-2.8077;-2.4965,-0.2577,-0.7127;-1.7113,-0.6100,-0.0345;-3.2563,-1.0470,-0.7411;-3.1176,1.0304,-0.1666;-3.9160,1.3708,-0.8368;-2.3606,1.8226,-0.1472;-3.6676,0.8835,1.2559;-2.8726,0.5287,1.9231;-3.9572,1.8798,1.6132;-4.8766,-0.0482,1.3497;-5.6521,0.2749,0.6458;-4.5933,-1.0703,1.0776;-5.4557,-0.0642,2.7563;-5.7904,0.9344,3.0547;-4.7127,-0.4095,3.4822;-6.3165,-0.7387,2.8039;</g>
	</geometry>
	<conformers/>
	<properties/>
</molecule>
