<?xml version="1.0" ?>
<!--MOLLI PACKAGE EXPERIMENTAL XML FORMAT-->
<molecule name="react_690">
	<atoms>
		<a id="1" s="H" t="H" l="H"/>
		<a id="2" s="O" t="O.3" l="O"/>
		<a id="3" s="C" t="C.3" l="C"/>
		<a id="4" s="H" t="H" l="H"/>
		<a id="5" s="H" t="H" l="H"/>
		<a id="6" s="C" t="C.2" l="C"/>
		<a id="7" s="H" t="H" l="H"/>
		<a id="8" s="C" t="C.2" l="C"/>
		<a id="9" s="H" t="H" l="H"/>
		<a id="10" s="C" t="C.3" l="C"/>
		<a id="11" s="H" t="H" l="H"/>
		<a id="12" s="H" t="H" l="H"/>
		<a id="13" s="C" t="C.3" l="C"/>
		<a id="14" s="H" t="H" l="H"/>
		<a id="15" s="H" t="H" l="H"/>
		<a id="16" s="C" t="C.3" l="C"/>
		<a id="17" s="H" t="H" l="H"/>
		<a id="18" s="H" t="H" l="H"/>
		<a id="19" s="C" t="C.3" l="C"/>
		<a id="20" s="H" t="H" l="H"/>
		<a id="21" s="H" t="H" l="H"/>
		<a id="22" s="C" t="C.3" l="C"/>
		<a id="23" s="H" t="H" l="H"/>
		<a id="24" s="H" t="H" l="H"/>
		<a id="25" s="C" t="C.3" l="C"/>
		<a id="26" s="H" t="H" l="H"/>
		<a id="27" s="H" t="H" l="H"/>
		<a id="28" s="C" t="C.3" l="C"/>
		<a id="29" s="H" t="H" l="H"/>
		<a id="30" s="H" t="H" l="H"/>
		<a id="31" s="C" t="C.3" l="C"/>
		<a id="32" s="H" t="H" l="H"/>
		<a id="33" s="H" t="H" l="H"/>
		<a id="34" s="C" t="C.3" l="C"/>
		<a id="35" s="H" t="H" l="H"/>
		<a id="36" s="H" t="H" l="H"/>
		<a id="37" s="C" t="C.3" l="C"/>
		<a id="38" s="H" t="H" l="H"/>
		<a id="39" s="H" t="H" l="H"/>
		<a id="40" s="C" t="C.3" l="C"/>
		<a id="41" s="H" t="H" l="H"/>
		<a id="42" s="H" t="H" l="H"/>
		<a id="43" s="C" t="C.3" l="C"/>
		<a id="44" s="H" t="H" l="H"/>
		<a id="45" s="H" t="H" l="H"/>
		<a id="46" s="H" t="H" l="H"/>
	</atoms>
	<bonds>
		<b id="1" c="43 40" t="1"/>
		<b id="2" c="40 37" t="1"/>
		<b id="3" c="37 34" t="1"/>
		<b id="4" c="34 31" t="1"/>
		<b id="5" c="31 28" t="1"/>
		<b id="6" c="28 25" t="1"/>
		<b id="7" c="25 22" t="1"/>
		<b id="8" c="22 19" t="1"/>
		<b id="9" c="19 16" t="1"/>
		<b id="10" c="16 13" t="1"/>
		<b id="11" c="13 10" t="1"/>
		<b id="12" c="10 8" t="1"/>
		<b id="13" c="8 6" t="2"/>
		<b id="14" c="6 3" t="1"/>
		<b id="15" c="3 2" t="1"/>
		<b id="16" c="43 44" t="1"/>
		<b id="17" c="43 45" t="1"/>
		<b id="18" c="43 46" t="1"/>
		<b id="19" c="40 41" t="1"/>
		<b id="20" c="40 42" t="1"/>
		<b id="21" c="37 38" t="1"/>
		<b id="22" c="37 39" t="1"/>
		<b id="23" c="34 35" t="1"/>
		<b id="24" c="34 36" t="1"/>
		<b id="25" c="31 32" t="1"/>
		<b id="26" c="31 33" t="1"/>
		<b id="27" c="28 29" t="1"/>
		<b id="28" c="28 30" t="1"/>
		<b id="29" c="25 26" t="1"/>
		<b id="30" c="25 27" t="1"/>
		<b id="31" c="22 23" t="1"/>
		<b id="32" c="22 24" t="1"/>
		<b id="33" c="19 20" t="1"/>
		<b id="34" c="19 21" t="1"/>
		<b id="35" c="16 17" t="1"/>
		<b id="36" c="16 18" t="1"/>
		<b id="37" c="13 14" t="1"/>
		<b id="38" c="13 15" t="1"/>
		<b id="39" c="10 11" t="1"/>
		<b id="40" c="10 12" t="1"/>
		<b id="41" c="8 9" t="1"/>
		<b id="42" c="6 7" t="1"/>
		<b id="43" c="3 4" t="1"/>
		<b id="44" c="3 5" t="1"/>
		<b id="45" c="2 1" t="1"/>
	</bonds>
	<geometry>
		<g u="A" t="cart/3d">#46,3:6.9244,1.0740,1.2288;6.6569,0.9584,2.1549;5.5215,0.1086,2.1748;5.8544,-0.9240,2.0323;5.0563,0.1821,3.1625;4.5870,0.5027,1.0748;4.9532,0.3471,0.0646;3.3601,1.0096,1.2789;3.0336,1.1712,2.3066;2.3538,1.4278,0.2395;2.3355,2.5253,0.2328;1.3611,1.1197,0.5878;2.5503,0.9467,-1.2042;1.8128,1.4553,-1.8374;3.5283,1.2788,-1.5742;2.4287,-0.5675,-1.4230;2.5495,-0.7670,-2.4954;3.2609,-1.0806,-0.9286;1.1219,-1.2111,-0.9488;1.1787,-2.2863,-1.1614;1.0312,-1.1198,0.1396;-0.1239,-0.6346,-1.6260;-0.0198,-0.7115,-2.7147;-0.2157,0.4276,-1.3788;-1.3866,-1.3737,-1.1761;-1.2639,-2.4460,-1.3740;-1.5030,-1.2734,-0.0920;-2.6569,-0.9045,-1.8917;-3.5001,-1.5232,-1.5657;-2.5443,-1.1023,-2.9655;-3.0126,0.5730,-1.7174;-2.2377,1.1841,-2.1961;-3.9323,0.7745,-2.2814;-3.1952,1.0708,-0.2788;-3.3227,2.1599,-0.3443;-2.2827,0.9186,0.3042;-4.4328,0.5188,0.4398;-5.2328,0.3388,-0.2885;-4.8100,1.2973,1.1159;-4.2164,-0.7510,1.2666;-3.8218,-1.5613,0.6488;-5.1941,-1.0900,1.6309;-3.3108,-0.5441,2.4721;-3.6818,0.2662,3.1078;-3.2767,-1.4570,3.0755;-2.2858,-0.3075,2.1742;</g>
	</geometry>
	<conformers/>
	<properties/>
</molecule>
