<?xml version="1.0" ?>
<!--MOLLI PACKAGE EXPERIMENTAL XML FORMAT-->
<molecule name="react_704">
	<atoms>
		<a id="1" s="H" t="H" l="H"/>
		<a id="2" s="C" t="C.2" l="C"/>
		<a id="3" s="C" t="C.2" l="C"/>
		<a id="4" s="H" t="H" l="H"/>
		<a id="5" s="C" t="C.3" l="C"/>
		<a id="6" s="H" t="H" l="H"/>
		<a id="7" s="H" t="H" l="H"/>
		<a id="8" s="C" t="C.3" l="C"/>
		<a id="9" s="H" t="H" l="H"/>
		<a id="10" s="H" t="H" l="H"/>
		<a id="11" s="O" t="O.3" l="O"/>
		<a id="12" s="Si" t="Si" l="SI"/>
		<a id="13" s="C" t="C.3" l="C"/>
		<a id="14" s="H" t="H" l="H"/>
		<a id="15" s="H" t="H" l="H"/>
		<a id="16" s="H" t="H" l="H"/>
		<a id="17" s="C" t="C.3" l="C"/>
		<a id="18" s="H" t="H" l="H"/>
		<a id="19" s="H" t="H" l="H"/>
		<a id="20" s="H" t="H" l="H"/>
		<a id="21" s="C" t="C.3" l="C"/>
		<a id="22" s="C" t="C.3" l="C"/>
		<a id="23" s="H" t="H" l="H"/>
		<a id="24" s="H" t="H" l="H"/>
		<a id="25" s="H" t="H" l="H"/>
		<a id="26" s="C" t="C.3" l="C"/>
		<a id="27" s="H" t="H" l="H"/>
		<a id="28" s="H" t="H" l="H"/>
		<a id="29" s="H" t="H" l="H"/>
		<a id="30" s="C" t="C.3" l="C"/>
		<a id="31" s="H" t="H" l="H"/>
		<a id="32" s="H" t="H" l="H"/>
		<a id="33" s="H" t="H" l="H"/>
		<a id="34" s="C" t="C.3" l="C"/>
		<a id="35" s="H" t="H" l="H"/>
		<a id="36" s="H" t="H" l="H"/>
		<a id="37" s="C" t="C.3" l="C"/>
		<a id="38" s="H" t="H" l="H"/>
		<a id="39" s="H" t="H" l="H"/>
		<a id="40" s="O" t="O.3" l="O"/>
		<a id="41" s="Si" t="Si" l="SI"/>
		<a id="42" s="C" t="C.3" l="C"/>
		<a id="43" s="H" t="H" l="H"/>
		<a id="44" s="H" t="H" l="H"/>
		<a id="45" s="H" t="H" l="H"/>
		<a id="46" s="C" t="C.3" l="C"/>
		<a id="47" s="H" t="H" l="H"/>
		<a id="48" s="H" t="H" l="H"/>
		<a id="49" s="H" t="H" l="H"/>
		<a id="50" s="C" t="C.3" l="C"/>
		<a id="51" s="C" t="C.3" l="C"/>
		<a id="52" s="H" t="H" l="H"/>
		<a id="53" s="H" t="H" l="H"/>
		<a id="54" s="H" t="H" l="H"/>
		<a id="55" s="C" t="C.3" l="C"/>
		<a id="56" s="H" t="H" l="H"/>
		<a id="57" s="H" t="H" l="H"/>
		<a id="58" s="H" t="H" l="H"/>
		<a id="59" s="C" t="C.3" l="C"/>
		<a id="60" s="H" t="H" l="H"/>
		<a id="61" s="H" t="H" l="H"/>
		<a id="62" s="H" t="H" l="H"/>
	</atoms>
	<bonds>
		<b id="1" c="51 50" t="1"/>
		<b id="2" c="50 55" t="1"/>
		<b id="3" c="50 59" t="1"/>
		<b id="4" c="50 41" t="1"/>
		<b id="5" c="41 42" t="1"/>
		<b id="6" c="41 46" t="1"/>
		<b id="7" c="41 40" t="1"/>
		<b id="8" c="40 37" t="1"/>
		<b id="9" c="37 34" t="1"/>
		<b id="10" c="34 2" t="1"/>
		<b id="11" c="2 3" t="2"/>
		<b id="12" c="3 5" t="1"/>
		<b id="13" c="5 8" t="1"/>
		<b id="14" c="8 11" t="1"/>
		<b id="15" c="11 12" t="1"/>
		<b id="16" c="12 13" t="1"/>
		<b id="17" c="12 17" t="1"/>
		<b id="18" c="12 21" t="1"/>
		<b id="19" c="21 22" t="1"/>
		<b id="20" c="21 26" t="1"/>
		<b id="21" c="21 30" t="1"/>
		<b id="22" c="51 52" t="1"/>
		<b id="23" c="51 53" t="1"/>
		<b id="24" c="51 54" t="1"/>
		<b id="25" c="55 56" t="1"/>
		<b id="26" c="55 57" t="1"/>
		<b id="27" c="55 58" t="1"/>
		<b id="28" c="59 60" t="1"/>
		<b id="29" c="59 61" t="1"/>
		<b id="30" c="59 62" t="1"/>
		<b id="31" c="42 43" t="1"/>
		<b id="32" c="42 44" t="1"/>
		<b id="33" c="42 45" t="1"/>
		<b id="34" c="46 47" t="1"/>
		<b id="35" c="46 48" t="1"/>
		<b id="36" c="46 49" t="1"/>
		<b id="37" c="37 38" t="1"/>
		<b id="38" c="37 39" t="1"/>
		<b id="39" c="34 35" t="1"/>
		<b id="40" c="34 36" t="1"/>
		<b id="41" c="2 1" t="1"/>
		<b id="42" c="3 4" t="1"/>
		<b id="43" c="5 6" t="1"/>
		<b id="44" c="5 7" t="1"/>
		<b id="45" c="8 9" t="1"/>
		<b id="46" c="8 10" t="1"/>
		<b id="47" c="13 14" t="1"/>
		<b id="48" c="13 15" t="1"/>
		<b id="49" c="13 16" t="1"/>
		<b id="50" c="17 18" t="1"/>
		<b id="51" c="17 19" t="1"/>
		<b id="52" c="17 20" t="1"/>
		<b id="53" c="22 23" t="1"/>
		<b id="54" c="22 24" t="1"/>
		<b id="55" c="22 25" t="1"/>
		<b id="56" c="26 27" t="1"/>
		<b id="57" c="26 28" t="1"/>
		<b id="58" c="26 29" t="1"/>
		<b id="59" c="30 31" t="1"/>
		<b id="60" c="30 32" t="1"/>
		<b id="61" c="30 33" t="1"/>
	</bonds>
	<geometry>
		<g u="A" t="cart/3d">#62,3:0.2081,1.9091,-0.7806;-0.3951,1.0351,-0.5429;0.1806,-0.0295,0.0404;-0.4249,-0.9015,0.2800;1.6285,-0.1936,0.4242;2.0092,-1.0948,-0.0749;1.6757,-0.4176,1.4979;2.5835,0.9664,0.1271;2.2932,1.8515,0.7061;2.5431,1.2371,-0.9364;3.8959,0.5903,0.5471;5.1722,0.6154,-0.5387;5.6741,2.3640,-0.9898;6.5296,2.3623,-1.6726;4.8470,2.8819,-1.4834;5.9460,2.9360,-0.0968;4.8076,-0.3797,-2.0882;3.9861,0.0717,-2.6508;4.5206,-1.4044,-1.8344;5.6841,-0.4189,-2.7432;6.7992,-0.2832,0.3897;6.4168,-1.7335,0.7518;6.1587,-2.3190,-0.1375;7.2505,-2.2416,1.2503;5.5574,-1.7636,1.4321;7.1315,0.5041,1.6731;7.9652,0.0363,2.2107;6.2755,0.5385,2.3564;7.4218,1.5360,1.4494;8.0066,-0.2749,-0.5662;8.2957,0.7449,-0.8412;7.7946,-0.8230,-1.4904;8.8755,-0.7478,-0.0964;-1.8457,1.1817,-0.9315;-2.2455,2.0744,-0.4343;-1.8923,1.4017,-2.0053;-2.7758,0.0020,-0.6319;-2.8001,-0.1801,0.4504;-2.4118,-0.8975,-1.1437;-4.0835,0.3201,-1.1080;-5.3578,-0.7248,-0.7954;-4.8073,-2.4294,-0.2295;-4.1928,-2.9075,-0.9976;-5.6703,-3.0727,-0.0371;-4.2168,-2.3655,0.6887;-6.4806,-0.8915,-2.2921;-5.9287,-1.3234,-3.1334;-7.3311,-1.5436,-2.0731;-6.8644,0.0845,-2.6016;-6.4991,0.0936,0.7379;-7.6874,-0.8396,1.0438;-7.3498,-1.8333,1.3576;-8.3369,-0.9672,0.1696;-8.3028,-0.4304,1.8531;-5.6121,0.2487,1.9909;-5.2347,-0.7191,2.3389;-6.1787,0.6954,2.8146;-4.7480,0.8928,1.7968;-7.0136,1.4764,0.2859;-6.1872,2.1549,0.0456;-7.6093,1.9469,1.0773;-7.6498,1.3985,-0.6029;</g>
	</geometry>
	<conformers/>
	<properties/>
</molecule>
