<?xml version="1.0" ?>
<!--MOLLI PACKAGE EXPERIMENTAL XML FORMAT-->
<molecule name="react_767">
	<atoms>
		<a id="1" s="H" t="H" l="H"/>
		<a id="2" s="C" t="C.1" l="C"/>
		<a id="3" s="C" t="C.1" l="C"/>
		<a id="4" s="C" t="C.2" l="C"/>
		<a id="5" s="C" t="C.2" l="C"/>
		<a id="6" s="H" t="H" l="H"/>
		<a id="7" s="C" t="C.3" l="C"/>
		<a id="8" s="H" t="H" l="H"/>
		<a id="9" s="H" t="H" l="H"/>
		<a id="10" s="Cl" t="Cl" l="CL"/>
		<a id="11" s="C" t="C.3" l="C"/>
		<a id="12" s="H" t="H" l="H"/>
		<a id="13" s="H" t="H" l="H"/>
		<a id="14" s="H" t="H" l="H"/>
	</atoms>
	<bonds>
		<b id="1" c="2 3" t="3"/>
		<b id="2" c="3 4" t="1"/>
		<b id="3" c="4 11" t="1"/>
		<b id="4" c="4 5" t="2"/>
		<b id="5" c="5 7" t="1"/>
		<b id="6" c="7 10" t="1"/>
		<b id="7" c="2 1" t="1"/>
		<b id="8" c="11 12" t="1"/>
		<b id="9" c="11 13" t="1"/>
		<b id="10" c="11 14" t="1"/>
		<b id="11" c="5 6" t="1"/>
		<b id="12" c="7 8" t="1"/>
		<b id="13" c="7 9" t="1"/>
	</bonds>
	<geometry>
		<g u="A" t="cart/3d">#14,3:3.8399,-1.4461,0.2358;2.8672,-1.0207,0.1497;1.7708,-0.5420,0.0499;0.4659,0.0324,-0.0688;-0.5653,-0.7998,-0.3121;-0.3579,-1.8660,-0.4098;-2.0131,-0.4528,-0.4402;-2.2536,0.5571,-0.1023;-2.6147,-1.1493,0.1520;-2.5140,-0.6026,-2.1360;0.3561,1.5264,0.0643;-0.6091,1.9186,-0.2649;1.1201,2.0200,-0.5473;0.5077,1.8249,1.1069;</g>
	</geometry>
	<conformers/>
	<properties/>
</molecule>
