<?xml version="1.0" ?>
<!--MOLLI PACKAGE EXPERIMENTAL XML FORMAT-->
<molecule name="react_768">
	<atoms>
		<a id="1" s="H" t="H" l="H"/>
		<a id="2" s="C" t="C.1" l="C"/>
		<a id="3" s="C" t="C.1" l="C"/>
		<a id="4" s="C" t="C.2" l="C"/>
		<a id="5" s="C" t="C.2" l="C"/>
		<a id="6" s="H" t="H" l="H"/>
		<a id="7" s="C" t="C.3" l="C"/>
		<a id="8" s="H" t="H" l="H"/>
		<a id="9" s="H" t="H" l="H"/>
		<a id="10" s="Cl" t="Cl" l="CL"/>
		<a id="11" s="C" t="C.3" l="C"/>
		<a id="12" s="H" t="H" l="H"/>
		<a id="13" s="H" t="H" l="H"/>
		<a id="14" s="H" t="H" l="H"/>
	</atoms>
	<bonds>
		<b id="1" c="2 3" t="3"/>
		<b id="2" c="3 4" t="1"/>
		<b id="3" c="4 11" t="1"/>
		<b id="4" c="4 5" t="2"/>
		<b id="5" c="5 7" t="1"/>
		<b id="6" c="7 10" t="1"/>
		<b id="7" c="2 1" t="1"/>
		<b id="8" c="11 12" t="1"/>
		<b id="9" c="11 13" t="1"/>
		<b id="10" c="11 14" t="1"/>
		<b id="11" c="5 6" t="1"/>
		<b id="12" c="7 8" t="1"/>
		<b id="13" c="7 9" t="1"/>
	</bonds>
	<geometry>
		<g u="A" t="cart/3d">#14,3:3.5475,-0.5792,-0.5090;2.4952,-0.5610,-0.3443;1.3087,-0.5426,-0.1625;-0.1027,-0.5342,0.0522;-0.7822,0.6232,0.1648;-1.8568,0.5770,0.3353;-0.2282,2.0124,0.0909;0.8438,2.0513,-0.1142;-0.4174,2.5390,1.0309;-1.0533,2.9078,-1.2060;-0.8048,-1.8619,0.1474;-0.4013,-2.4476,0.9804;-0.6664,-2.4334,-0.7768;-1.8821,-1.7509,0.3107;</g>
	</geometry>
	<conformers/>
	<properties/>
</molecule>
