<?xml version="1.0" ?>
<!--MOLLI PACKAGE EXPERIMENTAL XML FORMAT-->
<molecule name="react_770">
	<atoms>
		<a id="1" s="H" t="H" l="H"/>
		<a id="2" s="C" t="C.1" l="C"/>
		<a id="3" s="C" t="C.1" l="C"/>
		<a id="4" s="C" t="C.2" l="C"/>
		<a id="5" s="C" t="C.2" l="C"/>
		<a id="6" s="H" t="H" l="H"/>
		<a id="7" s="C" t="C.3" l="C"/>
		<a id="8" s="H" t="H" l="H"/>
		<a id="9" s="H" t="H" l="H"/>
		<a id="10" s="O" t="O.3" l="O"/>
		<a id="11" s="Si" t="Si" l="SI"/>
		<a id="12" s="C" t="C.3" l="C"/>
		<a id="13" s="H" t="H" l="H"/>
		<a id="14" s="H" t="H" l="H"/>
		<a id="15" s="H" t="H" l="H"/>
		<a id="16" s="C" t="C.3" l="C"/>
		<a id="17" s="H" t="H" l="H"/>
		<a id="18" s="H" t="H" l="H"/>
		<a id="19" s="H" t="H" l="H"/>
		<a id="20" s="C" t="C.3" l="C"/>
		<a id="21" s="C" t="C.3" l="C"/>
		<a id="22" s="H" t="H" l="H"/>
		<a id="23" s="H" t="H" l="H"/>
		<a id="24" s="H" t="H" l="H"/>
		<a id="25" s="C" t="C.3" l="C"/>
		<a id="26" s="H" t="H" l="H"/>
		<a id="27" s="H" t="H" l="H"/>
		<a id="28" s="H" t="H" l="H"/>
		<a id="29" s="C" t="C.3" l="C"/>
		<a id="30" s="H" t="H" l="H"/>
		<a id="31" s="C" t="C.3" l="C"/>
		<a id="32" s="H" t="H" l="H"/>
		<a id="33" s="H" t="H" l="H"/>
		<a id="34" s="H" t="H" l="H"/>
		<a id="35" s="C" t="C.3" l="C"/>
		<a id="36" s="H" t="H" l="H"/>
		<a id="37" s="H" t="H" l="H"/>
		<a id="38" s="H" t="H" l="H"/>
		<a id="39" s="C" t="C.3" l="C"/>
		<a id="40" s="H" t="H" l="H"/>
		<a id="41" s="H" t="H" l="H"/>
		<a id="42" s="H" t="H" l="H"/>
	</atoms>
	<bonds>
		<b id="1" c="2 3" t="3"/>
		<b id="2" c="3 4" t="1"/>
		<b id="3" c="4 39" t="1"/>
		<b id="4" c="4 5" t="2"/>
		<b id="5" c="5 7" t="1"/>
		<b id="6" c="7 10" t="1"/>
		<b id="7" c="10 11" t="1"/>
		<b id="8" c="11 12" t="1"/>
		<b id="9" c="11 16" t="1"/>
		<b id="10" c="11 20" t="1"/>
		<b id="11" c="20 21" t="1"/>
		<b id="12" c="20 25" t="1"/>
		<b id="13" c="20 29" t="1"/>
		<b id="14" c="29 31" t="1"/>
		<b id="15" c="29 35" t="1"/>
		<b id="16" c="2 1" t="1"/>
		<b id="17" c="39 40" t="1"/>
		<b id="18" c="39 41" t="1"/>
		<b id="19" c="39 42" t="1"/>
		<b id="20" c="5 6" t="1"/>
		<b id="21" c="7 8" t="1"/>
		<b id="22" c="7 9" t="1"/>
		<b id="23" c="12 13" t="1"/>
		<b id="24" c="12 14" t="1"/>
		<b id="25" c="12 15" t="1"/>
		<b id="26" c="16 17" t="1"/>
		<b id="27" c="16 18" t="1"/>
		<b id="28" c="16 19" t="1"/>
		<b id="29" c="21 22" t="1"/>
		<b id="30" c="21 23" t="1"/>
		<b id="31" c="21 24" t="1"/>
		<b id="32" c="25 26" t="1"/>
		<b id="33" c="25 27" t="1"/>
		<b id="34" c="25 28" t="1"/>
		<b id="35" c="29 30" t="1"/>
		<b id="36" c="31 32" t="1"/>
		<b id="37" c="31 33" t="1"/>
		<b id="38" c="31 34" t="1"/>
		<b id="39" c="35 36" t="1"/>
		<b id="40" c="35 37" t="1"/>
		<b id="41" c="35 38" t="1"/>
	</bonds>
	<geometry>
		<g u="A" t="cart/3d">#42,3:5.3495,0.7162,1.9725;4.9461,0.3191,1.0703;4.4929,-0.1309,0.0537;3.9629,-0.6752,-1.1551;2.8935,-0.1218,-1.7574;2.5277,-0.5639,-2.6825;2.1042,1.0705,-1.3046;2.2426,1.8729,-2.0386;2.4274,1.4697,-0.3368;0.7223,0.7233,-1.3220;-0.1189,0.5186,0.1202;-0.2572,2.1308,1.0551;-0.8390,2.8641,0.4894;0.7348,2.5570,1.2333;-0.7297,1.9835,2.0300;0.6788,-0.7998,1.1907;1.6745,-0.4775,1.5088;0.7900,-1.7367,0.6374;0.0958,-1.0003,2.0919;-2.0494,-0.1477,-0.4244;-2.4710,0.7071,-1.6523;-2.4559,1.7795,-1.4304;-1.8006,0.5468,-2.5049;-3.4821,0.4401,-1.9801;-1.8788,-1.6148,-0.9139;-2.8338,-2.0146,-1.2739;-1.1633,-1.6825,-1.7419;-1.5201,-2.2781,-0.1214;-3.1353,-0.0801,0.7151;-3.9983,-0.6448,0.3308;-3.6913,1.3181,1.0183;-4.1421,1.7751,0.1327;-4.4837,1.2564,1.7734;-2.9302,1.9956,1.4060;-2.7537,-0.7652,2.0315;-2.0182,-0.1835,2.5939;-2.3620,-1.7732,1.8739;-3.6366,-0.8648,2.6739;4.6417,-1.8854,-1.7366;4.6140,-2.7168,-1.0240;5.6888,-1.6614,-1.9671;4.1634,-2.2252,-2.6614;</g>
	</geometry>
	<conformers/>
	<properties/>
</molecule>
