<?xml version="1.0" ?>
<!--MOLLI PACKAGE EXPERIMENTAL XML FORMAT-->
<molecule name="react_7">
	<atoms>
		<a id="1" s="H" t="H" l="H"/>
		<a id="2" s="C" t="C.2" l="C"/>
		<a id="3" s="C" t="C.2" l="C"/>
		<a id="4" s="C" t="C.ar" l="C"/>
		<a id="5" s="C" t="C.ar" l="C"/>
		<a id="6" s="H" t="H" l="H"/>
		<a id="7" s="C" t="C.ar" l="C"/>
		<a id="8" s="H" t="H" l="H"/>
		<a id="9" s="C" t="C.ar" l="C"/>
		<a id="10" s="H" t="H" l="H"/>
		<a id="11" s="C" t="C.ar" l="C"/>
		<a id="12" s="H" t="H" l="H"/>
		<a id="13" s="C" t="C.ar" l="C"/>
		<a id="14" s="H" t="H" l="H"/>
		<a id="15" s="C" t="C.3" l="C"/>
		<a id="16" s="H" t="H" l="H"/>
		<a id="17" s="H" t="H" l="H"/>
		<a id="18" s="C" t="C.3" l="C"/>
		<a id="19" s="H" t="H" l="H"/>
		<a id="20" s="H" t="H" l="H"/>
		<a id="21" s="C" t="C.3" l="C"/>
		<a id="22" s="H" t="H" l="H"/>
		<a id="23" s="H" t="H" l="H"/>
		<a id="24" s="C" t="C.3" l="C"/>
		<a id="25" s="H" t="H" l="H"/>
		<a id="26" s="H" t="H" l="H"/>
	</atoms>
	<bonds>
		<b id="1" c="2 3" t="2"/>
		<b id="2" c="3 4" t="1"/>
		<b id="3" c="4 5" t="ar"/>
		<b id="4" c="5 7" t="ar"/>
		<b id="5" c="7 9" t="ar"/>
		<b id="6" c="9 11" t="ar"/>
		<b id="7" c="11 13" t="ar"/>
		<b id="8" c="3 15" t="1"/>
		<b id="9" c="15 18" t="1"/>
		<b id="10" c="18 21" t="1"/>
		<b id="11" c="21 24" t="1"/>
		<b id="12" c="24 2" t="1"/>
		<b id="13" c="13 4" t="ar"/>
		<b id="14" c="2 1" t="1"/>
		<b id="15" c="5 6" t="1"/>
		<b id="16" c="7 8" t="1"/>
		<b id="17" c="9 10" t="1"/>
		<b id="18" c="11 12" t="1"/>
		<b id="19" c="13 14" t="1"/>
		<b id="20" c="15 16" t="1"/>
		<b id="21" c="15 17" t="1"/>
		<b id="22" c="18 19" t="1"/>
		<b id="23" c="18 20" t="1"/>
		<b id="24" c="21 22" t="1"/>
		<b id="25" c="21 23" t="1"/>
		<b id="26" c="24 25" t="1"/>
		<b id="27" c="24 26" t="1"/>
	</bonds>
	<geometry>
		<g u="A" t="cart/3d">#26,3:-0.4601,2.1647,0.2508;-0.9898,1.2221,0.1280;-0.3086,0.0676,0.0048;1.1666,0.0783,0.0074;1.8724,0.8281,-0.9445;1.3358,1.4042,-1.6949;3.2693,0.8371,-0.9511;3.8038,1.4205,-1.6960;3.9756,0.0972,-0.0052;5.0623,0.1044,-0.0094;3.2863,-0.6508,0.9472;3.8351,-1.2252,1.6888;1.8890,-0.6606,0.9532;1.3703,-1.2390,1.7136;-1.0014,-1.2696,-0.1112;-0.5267,-2.0231,0.5271;-0.9006,-1.6207,-1.1463;-2.4880,-1.2106,0.2555;-2.9876,-2.1236,-0.0878;-2.5960,-1.1794,1.3473;-3.1600,0.0142,-0.3548;-3.1060,-0.0493,-1.4492;-4.2231,0.0332,-0.0897;-2.4884,1.3041,0.1173;-2.8030,2.1286,-0.5325;-2.8271,1.5474,1.1315;</g>
	</geometry>
	<conformers/>
	<properties/>
</molecule>
