<?xml version="1.0" ?>
<!--MOLLI PACKAGE EXPERIMENTAL XML FORMAT-->
<molecule name="react_52">
	<atoms>
		<a id="1" s="H" t="H" l="H"/>
		<a id="2" s="C" t="C.2" l="C"/>
		<a id="3" s="C" t="C.2" l="C"/>
		<a id="4" s="H" t="H" l="H"/>
		<a id="5" s="C" t="C.ar" l="C"/>
		<a id="6" s="C" t="C.ar" l="C"/>
		<a id="7" s="H" t="H" l="H"/>
		<a id="8" s="C" t="C.ar" l="C"/>
		<a id="9" s="H" t="H" l="H"/>
		<a id="10" s="C" t="C.ar" l="C"/>
		<a id="11" s="H" t="H" l="H"/>
		<a id="12" s="C" t="C.ar" l="C"/>
		<a id="13" s="C" t="C.ar" l="C"/>
		<a id="14" s="H" t="H" l="H"/>
		<a id="15" s="O" t="O.3" l="O"/>
		<a id="16" s="C" t="C.3" l="C"/>
		<a id="17" s="H" t="H" l="H"/>
		<a id="18" s="H" t="H" l="H"/>
		<a id="19" s="C" t="C.3" l="C"/>
		<a id="20" s="H" t="H" l="H"/>
		<a id="21" s="H" t="H" l="H"/>
		<a id="22" s="C" t="C.3" l="C"/>
		<a id="23" s="H" t="H" l="H"/>
		<a id="24" s="H" t="H" l="H"/>
		<a id="25" s="C" t="C.3" l="C"/>
		<a id="26" s="H" t="H" l="H"/>
		<a id="27" s="H" t="H" l="H"/>
		<a id="28" s="C" t="C.3" l="C"/>
		<a id="29" s="H" t="H" l="H"/>
		<a id="30" s="H" t="H" l="H"/>
		<a id="31" s="C" t="C.3" l="C"/>
		<a id="32" s="H" t="H" l="H"/>
		<a id="33" s="H" t="H" l="H"/>
		<a id="34" s="O" t="O.3" l="O"/>
		<a id="35" s="C" t="C.ar" l="C"/>
		<a id="36" s="C" t="C.ar" l="C"/>
		<a id="37" s="H" t="H" l="H"/>
		<a id="38" s="C" t="C.ar" l="C"/>
		<a id="39" s="H" t="H" l="H"/>
		<a id="40" s="C" t="C.ar" l="C"/>
		<a id="41" s="H" t="H" l="H"/>
		<a id="42" s="C" t="C.ar" l="C"/>
		<a id="43" s="C" t="C.ar" l="C"/>
		<a id="44" s="H" t="H" l="H"/>
	</atoms>
	<bonds>
		<b id="1" c="2 3" t="2"/>
		<b id="2" c="3 5" t="1"/>
		<b id="3" c="5 6" t="ar"/>
		<b id="4" c="6 8" t="ar"/>
		<b id="5" c="8 10" t="ar"/>
		<b id="6" c="10 12" t="ar"/>
		<b id="7" c="12 13" t="ar"/>
		<b id="8" c="12 15" t="1"/>
		<b id="9" c="15 16" t="1"/>
		<b id="10" c="16 19" t="1"/>
		<b id="11" c="19 22" t="1"/>
		<b id="12" c="22 25" t="1"/>
		<b id="13" c="25 28" t="1"/>
		<b id="14" c="28 31" t="1"/>
		<b id="15" c="31 34" t="1"/>
		<b id="16" c="34 35" t="1"/>
		<b id="17" c="35 36" t="ar"/>
		<b id="18" c="36 38" t="ar"/>
		<b id="19" c="38 40" t="ar"/>
		<b id="20" c="40 42" t="ar"/>
		<b id="21" c="42 43" t="ar"/>
		<b id="22" c="42 2" t="1"/>
		<b id="23" c="13 5" t="ar"/>
		<b id="24" c="43 35" t="ar"/>
		<b id="25" c="2 1" t="1"/>
		<b id="26" c="3 4" t="1"/>
		<b id="27" c="6 7" t="1"/>
		<b id="28" c="8 9" t="1"/>
		<b id="29" c="10 11" t="1"/>
		<b id="30" c="13 14" t="1"/>
		<b id="31" c="16 17" t="1"/>
		<b id="32" c="16 18" t="1"/>
		<b id="33" c="19 20" t="1"/>
		<b id="34" c="19 21" t="1"/>
		<b id="35" c="22 23" t="1"/>
		<b id="36" c="22 24" t="1"/>
		<b id="37" c="25 26" t="1"/>
		<b id="38" c="25 27" t="1"/>
		<b id="39" c="28 29" t="1"/>
		<b id="40" c="28 30" t="1"/>
		<b id="41" c="31 32" t="1"/>
		<b id="42" c="31 33" t="1"/>
		<b id="43" c="36 37" t="1"/>
		<b id="44" c="38 39" t="1"/>
		<b id="45" c="40 41" t="1"/>
		<b id="46" c="43 44" t="1"/>
	</bonds>
	<geometry>
		<g u="A" t="cart/3d">#44,3:-0.2246,-4.6503,-0.3118;0.0388,-3.5987,-0.1926;1.3259,-3.2653,-0.3844;1.9880,-4.0864,-0.6630;2.0213,-1.9722,-0.2792;3.1912,-1.7965,-1.0337;3.5420,-2.5832,-1.6987;3.9327,-0.6171,-0.9460;4.8418,-0.5035,-1.5307;3.5066,0.4144,-0.1120;4.1044,1.3174,-0.0608;2.3371,0.2659,0.6314;1.6266,-0.9406,0.5785;0.7481,-1.0484,1.2084;1.7943,1.2301,1.4398;1.9991,2.5958,1.0603;1.5616,3.2131,1.8535;3.0693,2.8312,1.0616;1.3536,2.9699,-0.2802;1.6072,2.2326,-1.0492;1.7823,3.9232,-0.6139;-0.1716,3.1298,-0.2732;-0.4981,3.2168,-1.3173;-0.4261,4.0847,0.2043;-0.9489,2.0166,0.4305;-0.9474,2.2173,1.5086;-0.4677,1.0477,0.2837;-2.3975,1.9269,-0.0583;-3.0250,1.5317,0.7481;-2.7723,2.9343,-0.2764;-2.5108,1.0492,-1.3154;-3.0238,1.6292,-2.0916;-1.5412,0.7692,-1.7435;-3.3362,-0.1016,-1.0891;-2.7593,-1.0598,-0.2987;-3.4513,-1.3987,0.8648;-4.3704,-0.8775,1.1184;-2.9632,-2.3974,1.7023;-3.4963,-2.6538,2.6135;-1.7985,-3.0808,1.3556;-1.4360,-3.8730,2.0073;-1.1117,-2.7670,0.1737;-1.5983,-1.7491,-0.6578;-1.0957,-1.5261,-1.5938;</g>
	</geometry>
	<conformers/>
	<properties/>
</molecule>
