<?xml version="1.0" ?>
<!--MOLLI PACKAGE EXPERIMENTAL XML FORMAT-->
<molecule name="react_67">
	<atoms>
		<a id="1" s="H" t="H" l="H"/>
		<a id="2" s="C" t="C.2" l="C"/>
		<a id="3" s="C" t="C.2" l="C"/>
		<a id="4" s="H" t="H" l="H"/>
		<a id="5" s="C" t="C.3" l="C"/>
		<a id="6" s="H" t="H" l="H"/>
		<a id="7" s="H" t="H" l="H"/>
		<a id="8" s="C" t="C.ar" l="C"/>
		<a id="9" s="C" t="C.ar" l="C"/>
		<a id="10" s="H" t="H" l="H"/>
		<a id="11" s="C" t="C.ar" l="C"/>
		<a id="12" s="H" t="H" l="H"/>
		<a id="13" s="C" t="C.ar" l="C"/>
		<a id="14" s="H" t="H" l="H"/>
		<a id="15" s="C" t="C.ar" l="C"/>
		<a id="16" s="H" t="H" l="H"/>
		<a id="17" s="C" t="C.ar" l="C"/>
	</atoms>
	<bonds>
		<b id="1" c="3 2" t="2"/>
		<b id="2" c="2 17" t="1"/>
		<b id="3" c="17 15" t="ar"/>
		<b id="4" c="15 13" t="ar"/>
		<b id="5" c="13 11" t="ar"/>
		<b id="6" c="11 9" t="ar"/>
		<b id="7" c="9 8" t="ar"/>
		<b id="8" c="8 5" t="1"/>
		<b id="9" c="5 3" t="1"/>
		<b id="10" c="8 17" t="ar"/>
		<b id="11" c="3 4" t="1"/>
		<b id="12" c="2 1" t="1"/>
		<b id="13" c="15 16" t="1"/>
		<b id="14" c="13 14" t="1"/>
		<b id="15" c="11 12" t="1"/>
		<b id="16" c="9 10" t="1"/>
		<b id="17" c="5 6" t="1"/>
		<b id="18" c="5 7" t="1"/>
	</bonds>
	<geometry>
		<g u="A" t="cart/3d">#17,3:1.5820,2.4686,-0.0512;1.4057,1.4061,-0.0133;2.3216,0.4265,0.0558;3.3896,0.5898,0.0827;1.7022,-0.9508,0.0926;1.9533,-1.4670,1.0235;2.0100,-1.5407,-0.7753;0.2455,-0.6087,0.0327;-0.8517,-1.4530,0.0327;-0.7325,-2.5301,0.0805;-2.1227,-0.8766,-0.0310;-3.0041,-1.5137,-0.0327;-2.2765,0.5192,-0.0931;-3.2748,0.9475,-0.1421;-1.1608,1.3617,-0.0924;-1.2805,2.4385,-0.1403;0.0935,0.7827,-0.0291;</g>
	</geometry>
	<conformers/>
	<properties/>
</molecule>
