<?xml version="1.0" ?>
<!--MOLLI PACKAGE EXPERIMENTAL XML FORMAT-->
<molecule name="react_44">
	<atoms>
		<a id="1" s="H" t="H" l="H"/>
		<a id="2" s="C" t="C.2" l="C"/>
		<a id="3" s="C" t="C.2" l="C"/>
		<a id="4" s="H" t="H" l="H"/>
		<a id="5" s="C" t="C.3" l="C"/>
		<a id="6" s="H" t="H" l="H"/>
		<a id="7" s="H" t="H" l="H"/>
		<a id="8" s="C" t="C.3" l="C"/>
		<a id="9" s="H" t="H" l="H"/>
		<a id="10" s="H" t="H" l="H"/>
		<a id="11" s="C" t="C.3" l="C"/>
		<a id="12" s="H" t="H" l="H"/>
		<a id="13" s="H" t="H" l="H"/>
		<a id="14" s="C" t="C.3" l="C"/>
		<a id="15" s="C" t="C.3" l="C"/>
		<a id="16" s="H" t="H" l="H"/>
		<a id="17" s="H" t="H" l="H"/>
		<a id="18" s="C" t="C.3" l="C"/>
		<a id="19" s="H" t="H" l="H"/>
		<a id="20" s="H" t="H" l="H"/>
		<a id="21" s="H" t="H" l="H"/>
		<a id="22" s="O" t="O.3" l="O"/>
		<a id="23" s="C" t="C.3" l="C"/>
		<a id="24" s="H" t="H" l="H"/>
		<a id="25" s="H" t="H" l="H"/>
		<a id="26" s="C" t="C.3" l="C"/>
		<a id="27" s="C" t="C.3" l="C"/>
		<a id="28" s="H" t="H" l="H"/>
		<a id="29" s="H" t="H" l="H"/>
		<a id="30" s="H" t="H" l="H"/>
		<a id="31" s="C" t="C.3" l="C"/>
		<a id="32" s="H" t="H" l="H"/>
		<a id="33" s="H" t="H" l="H"/>
		<a id="34" s="H" t="H" l="H"/>
		<a id="35" s="C" t="C.3" l="C"/>
		<a id="36" s="H" t="H" l="H"/>
		<a id="37" s="H" t="H" l="H"/>
		<a id="38" s="O" t="O.3" l="O"/>
		<a id="39" s="C" t="C.3" l="C"/>
		<a id="40" s="H" t="H" l="H"/>
		<a id="41" s="H" t="H" l="H"/>
		<a id="42" s="H" t="H" l="H"/>
	</atoms>
	<bonds>
		<b id="1" c="39 2" t="1"/>
		<b id="2" c="2 3" t="2"/>
		<b id="3" c="3 5" t="1"/>
		<b id="4" c="5 8" t="1"/>
		<b id="5" c="8 11" t="1"/>
		<b id="6" c="11 14" t="1"/>
		<b id="7" c="14 15" t="1"/>
		<b id="8" c="15 18" t="1"/>
		<b id="9" c="14 22" t="1"/>
		<b id="10" c="22 23" t="1"/>
		<b id="11" c="23 26" t="1"/>
		<b id="12" c="26 27" t="1"/>
		<b id="13" c="26 31" t="1"/>
		<b id="14" c="26 35" t="1"/>
		<b id="15" c="35 38" t="1"/>
		<b id="16" c="38 14" t="1"/>
		<b id="17" c="39 40" t="1"/>
		<b id="18" c="39 41" t="1"/>
		<b id="19" c="39 42" t="1"/>
		<b id="20" c="2 1" t="1"/>
		<b id="21" c="3 4" t="1"/>
		<b id="22" c="5 6" t="1"/>
		<b id="23" c="5 7" t="1"/>
		<b id="24" c="8 9" t="1"/>
		<b id="25" c="8 10" t="1"/>
		<b id="26" c="11 12" t="1"/>
		<b id="27" c="11 13" t="1"/>
		<b id="28" c="15 16" t="1"/>
		<b id="29" c="15 17" t="1"/>
		<b id="30" c="18 19" t="1"/>
		<b id="31" c="18 20" t="1"/>
		<b id="32" c="18 21" t="1"/>
		<b id="33" c="23 24" t="1"/>
		<b id="34" c="23 25" t="1"/>
		<b id="35" c="27 28" t="1"/>
		<b id="36" c="27 29" t="1"/>
		<b id="37" c="27 30" t="1"/>
		<b id="38" c="31 32" t="1"/>
		<b id="39" c="31 33" t="1"/>
		<b id="40" c="31 34" t="1"/>
		<b id="41" c="35 36" t="1"/>
		<b id="42" c="35 37" t="1"/>
	</bonds>
	<geometry>
		<g u="A" t="cart/3d">#42,3:5.1798,-1.3021,0.9681;5.1367,-0.6625,0.0892;4.0012,-0.0127,-0.2095;3.9624,0.6296,-1.0875;2.7442,-0.0993,0.6101;2.4941,0.9098,0.9490;2.9121,-0.7034,1.5101;1.5954,-0.7004,-0.2042;1.4259,-0.1177,-1.1170;1.9037,-1.7014,-0.5357;0.2980,-0.8527,0.6031;0.5117,-0.9929,1.6697;-0.1549,-1.8054,0.2968;-0.7646,0.2559,0.4014;-0.2941,1.6384,0.9009;-1.0528,2.3904,0.6493;0.5977,1.9570,0.3497;-0.0433,1.7246,2.4002;0.2547,2.7432,2.6695;-0.9459,1.4814,2.9692;0.7570,1.0517,2.7187;-1.9218,-0.1594,1.1495;-3.1289,0.3727,0.6123;-3.9430,0.1175,1.3000;-3.0719,1.4670,0.5974;-3.3815,-0.2160,-0.7853;-4.1883,-1.5204,-0.6845;-5.1743,-1.3437,-0.2403;-4.3431,-1.9665,-1.6734;-3.6715,-2.2586,-0.0609;-4.1846,0.7980,-1.6157;-3.6250,1.7304,-1.7516;-5.1340,1.0449,-1.1273;-4.4148,0.4018,-2.6111;-2.0310,-0.5154,-1.4564;-1.6890,-1.5382,-1.2623;-2.1026,-0.4181,-2.5455;-1.0491,0.4099,-1.0002;6.3878,-0.5723,-0.7225;7.2045,-0.1845,-0.1060;6.6703,-1.5662,-1.0829;6.2725,0.0854,-1.5898;</g>
	</geometry>
	<conformers/>
	<properties/>
</molecule>
