<?xml version="1.0" ?>
<!--MOLLI PACKAGE EXPERIMENTAL XML FORMAT-->
<molecule name="react_70">
	<atoms>
		<a id="1" s="H" t="H" l="H"/>
		<a id="2" s="C" t="C.2" l="C"/>
		<a id="3" s="C" t="C.2" l="C"/>
		<a id="4" s="H" t="H" l="H"/>
		<a id="5" s="C" t="C.3" l="C"/>
		<a id="6" s="H" t="H" l="H"/>
		<a id="7" s="H" t="H" l="H"/>
		<a id="8" s="C" t="C.3" l="C"/>
		<a id="9" s="H" t="H" l="H"/>
		<a id="10" s="H" t="H" l="H"/>
		<a id="11" s="C" t="C.ar" l="C"/>
		<a id="12" s="C" t="C.ar" l="C"/>
		<a id="13" s="H" t="H" l="H"/>
		<a id="14" s="C" t="C.ar" l="C"/>
		<a id="15" s="H" t="H" l="H"/>
		<a id="16" s="C" t="C.ar" l="C"/>
		<a id="17" s="H" t="H" l="H"/>
		<a id="18" s="C" t="C.ar" l="C"/>
		<a id="19" s="H" t="H" l="H"/>
		<a id="20" s="C" t="C.ar" l="C"/>
	</atoms>
	<bonds>
		<b id="1" c="3 2" t="2"/>
		<b id="2" c="2 20" t="1"/>
		<b id="3" c="20 18" t="ar"/>
		<b id="4" c="18 16" t="ar"/>
		<b id="5" c="16 14" t="ar"/>
		<b id="6" c="14 12" t="ar"/>
		<b id="7" c="12 11" t="ar"/>
		<b id="8" c="11 8" t="1"/>
		<b id="9" c="8 5" t="1"/>
		<b id="10" c="5 3" t="1"/>
		<b id="11" c="11 20" t="ar"/>
		<b id="12" c="3 4" t="1"/>
		<b id="13" c="2 1" t="1"/>
		<b id="14" c="18 19" t="1"/>
		<b id="15" c="16 17" t="1"/>
		<b id="16" c="14 15" t="1"/>
		<b id="17" c="12 13" t="1"/>
		<b id="18" c="8 9" t="1"/>
		<b id="19" c="8 10" t="1"/>
		<b id="20" c="5 6" t="1"/>
		<b id="21" c="5 7" t="1"/>
	</bonds>
	<geometry>
		<g u="A" t="cart/3d">#20,3:-0.6626,2.6827,0.5578;-0.8378,1.6378,0.3241;-2.0837,1.1589,0.1959;-2.9334,1.8239,0.3199;-2.3613,-0.2754,-0.1511;-2.5480,-0.3340,-1.2307;-3.2804,-0.6043,0.3475;-1.2210,-1.2269,0.2343;-1.3254,-2.1549,-0.3404;-1.3107,-1.4895,1.2964;0.1483,-0.6288,0.0238;1.2622,-1.4566,-0.1700;1.1431,-2.5364,-0.2135;2.5349,-0.9016,-0.3021;3.3953,-1.5475,-0.4564;2.7054,0.4797,-0.2277;3.6981,0.9107,-0.3272;1.6028,1.3110,-0.0212;1.7536,2.3859,0.0368;0.3208,0.7653,0.1036;</g>
	</geometry>
	<conformers/>
	<properties/>
</molecule>
