<?xml version="1.0" ?>
<!--MOLLI PACKAGE EXPERIMENTAL XML FORMAT-->
<molecule name="react_75">
	<atoms>
		<a id="1" s="H" t="H" l="H"/>
		<a id="2" s="C" t="C.2" l="C"/>
		<a id="3" s="C" t="C.2" l="C"/>
		<a id="4" s="H" t="H" l="H"/>
		<a id="5" s="C" t="C.3" l="C"/>
		<a id="6" s="C" t="C.3" l="C"/>
		<a id="7" s="H" t="H" l="H"/>
		<a id="8" s="H" t="H" l="H"/>
		<a id="9" s="H" t="H" l="H"/>
		<a id="10" s="C" t="C.3" l="C"/>
		<a id="11" s="H" t="H" l="H"/>
		<a id="12" s="H" t="H" l="H"/>
		<a id="13" s="H" t="H" l="H"/>
		<a id="14" s="O" t="O.3" l="O"/>
		<a id="15" s="C" t="C.ar" l="C"/>
		<a id="16" s="C" t="C.ar" l="C"/>
		<a id="17" s="H" t="H" l="H"/>
		<a id="18" s="C" t="C.ar" l="C"/>
		<a id="19" s="O" t="O.3" l="O"/>
		<a id="20" s="C" t="C.3" l="C"/>
		<a id="21" s="H" t="H" l="H"/>
		<a id="22" s="H" t="H" l="H"/>
		<a id="23" s="H" t="H" l="H"/>
		<a id="24" s="C" t="C.ar" l="C"/>
		<a id="25" s="H" t="H" l="H"/>
		<a id="26" s="C" t="C.ar" l="C"/>
		<a id="27" s="H" t="H" l="H"/>
		<a id="28" s="C" t="C.ar" l="C"/>
	</atoms>
	<bonds>
		<b id="1" c="20 19" t="1"/>
		<b id="2" c="19 18" t="1"/>
		<b id="3" c="18 24" t="ar"/>
		<b id="4" c="24 26" t="ar"/>
		<b id="5" c="26 28" t="ar"/>
		<b id="6" c="28 15" t="ar"/>
		<b id="7" c="15 16" t="ar"/>
		<b id="8" c="15 14" t="1"/>
		<b id="9" c="14 5" t="1"/>
		<b id="10" c="5 6" t="1"/>
		<b id="11" c="5 10" t="1"/>
		<b id="12" c="5 3" t="1"/>
		<b id="13" c="3 2" t="2"/>
		<b id="14" c="16 18" t="ar"/>
		<b id="15" c="2 28" t="1"/>
		<b id="16" c="20 21" t="1"/>
		<b id="17" c="20 22" t="1"/>
		<b id="18" c="20 23" t="1"/>
		<b id="19" c="24 25" t="1"/>
		<b id="20" c="26 27" t="1"/>
		<b id="21" c="16 17" t="1"/>
		<b id="22" c="6 7" t="1"/>
		<b id="23" c="6 8" t="1"/>
		<b id="24" c="6 9" t="1"/>
		<b id="25" c="10 11" t="1"/>
		<b id="26" c="10 12" t="1"/>
		<b id="27" c="10 13" t="1"/>
		<b id="28" c="3 4" t="1"/>
		<b id="29" c="2 1" t="1"/>
	</bonds>
	<geometry>
		<g u="A" t="cart/3d">#28,3:-1.5316,-2.2752,-1.9613;-1.3559,-1.4494,-1.2823;-2.3543,-0.7177,-0.7804;-3.3771,-0.9560,-1.0604;-2.1418,0.4402,0.1688;-2.7025,1.7200,-0.4628;-2.1640,1.9681,-1.3855;-3.7680,1.6284,-0.7008;-2.5723,2.5766,0.2090;-2.8711,0.1529,1.4866;-2.4550,-0.7352,1.9774;-2.7439,0.9823,2.1924;-3.9442,-0.0088,1.3359;-0.7717,0.7274,0.5182;0.2245,-0.0424,-0.0146;1.5260,0.2976,0.3712;1.6517,1.1316,1.0525;2.6144,-0.4256,-0.1162;3.9304,-0.1987,0.1799;4.2110,0.8760,1.0682;3.7626,0.7025,2.0521;5.2961,0.9248,1.2012;3.8841,1.8323,0.6467;2.3883,-1.4902,-0.9915;3.2317,-2.0589,-1.3759;1.0898,-1.8316,-1.3783;0.9426,-2.6646,-2.0606;0.0002,-1.1065,-0.8895;</g>
	</geometry>
	<conformers/>
	<properties/>
</molecule>
