<?xml version="1.0" ?>
<!--MOLLI PACKAGE EXPERIMENTAL XML FORMAT-->
<molecule name="react_89">
	<atoms>
		<a id="1" s="H" t="H" l="H"/>
		<a id="2" s="C" t="C.2" l="C"/>
		<a id="3" s="C" t="C.2" l="C"/>
		<a id="4" s="C" t="C.3" l="C"/>
		<a id="5" s="H" t="H" l="H"/>
		<a id="6" s="H" t="H" l="H"/>
		<a id="7" s="O" t="O.3" l="O"/>
		<a id="8" s="C" t="C.2" l="C"/>
		<a id="9" s="O" t="O.2" l="O"/>
		<a id="10" s="C" t="C.3" l="C"/>
		<a id="11" s="C" t="C.3" l="C"/>
		<a id="12" s="H" t="H" l="H"/>
		<a id="13" s="H" t="H" l="H"/>
		<a id="14" s="H" t="H" l="H"/>
		<a id="15" s="C" t="C.3" l="C"/>
		<a id="16" s="H" t="H" l="H"/>
		<a id="17" s="H" t="H" l="H"/>
		<a id="18" s="H" t="H" l="H"/>
		<a id="19" s="C" t="C.3" l="C"/>
		<a id="20" s="H" t="H" l="H"/>
		<a id="21" s="H" t="H" l="H"/>
		<a id="22" s="H" t="H" l="H"/>
		<a id="23" s="C" t="C.3" l="C"/>
		<a id="24" s="H" t="H" l="H"/>
		<a id="25" s="H" t="H" l="H"/>
		<a id="26" s="C" t="C.3" l="C"/>
		<a id="27" s="H" t="H" l="H"/>
		<a id="28" s="H" t="H" l="H"/>
		<a id="29" s="C" t="C.3" l="C"/>
		<a id="30" s="O" t="O.3" l="O"/>
		<a id="31" s="C" t="C.3" l="C"/>
		<a id="32" s="H" t="H" l="H"/>
		<a id="33" s="H" t="H" l="H"/>
		<a id="34" s="H" t="H" l="H"/>
		<a id="35" s="O" t="O.3" l="O"/>
		<a id="36" s="C" t="C.3" l="C"/>
		<a id="37" s="H" t="H" l="H"/>
		<a id="38" s="H" t="H" l="H"/>
		<a id="39" s="H" t="H" l="H"/>
		<a id="40" s="C" t="C.3" l="C"/>
		<a id="41" s="H" t="H" l="H"/>
		<a id="42" s="H" t="H" l="H"/>
	</atoms>
	<bonds>
		<b id="1" c="31 30" t="1"/>
		<b id="2" c="30 29" t="1"/>
		<b id="3" c="29 35" t="1"/>
		<b id="4" c="35 36" t="1"/>
		<b id="5" c="29 40" t="1"/>
		<b id="6" c="40 2" t="1"/>
		<b id="7" c="2 3" t="2"/>
		<b id="8" c="3 4" t="1"/>
		<b id="9" c="4 7" t="1"/>
		<b id="10" c="7 8" t="1"/>
		<b id="11" c="8 9" t="2"/>
		<b id="12" c="8 10" t="1"/>
		<b id="13" c="10 11" t="1"/>
		<b id="14" c="10 15" t="1"/>
		<b id="15" c="10 19" t="1"/>
		<b id="16" c="3 23" t="1"/>
		<b id="17" c="23 26" t="1"/>
		<b id="18" c="26 29" t="1"/>
		<b id="19" c="31 32" t="1"/>
		<b id="20" c="31 33" t="1"/>
		<b id="21" c="31 34" t="1"/>
		<b id="22" c="36 37" t="1"/>
		<b id="23" c="36 38" t="1"/>
		<b id="24" c="36 39" t="1"/>
		<b id="25" c="40 41" t="1"/>
		<b id="26" c="40 42" t="1"/>
		<b id="27" c="2 1" t="1"/>
		<b id="28" c="4 5" t="1"/>
		<b id="29" c="4 6" t="1"/>
		<b id="30" c="11 12" t="1"/>
		<b id="31" c="11 13" t="1"/>
		<b id="32" c="11 14" t="1"/>
		<b id="33" c="15 16" t="1"/>
		<b id="34" c="15 17" t="1"/>
		<b id="35" c="15 18" t="1"/>
		<b id="36" c="19 20" t="1"/>
		<b id="37" c="19 21" t="1"/>
		<b id="38" c="19 22" t="1"/>
		<b id="39" c="23 24" t="1"/>
		<b id="40" c="23 25" t="1"/>
		<b id="41" c="26 27" t="1"/>
		<b id="42" c="26 28" t="1"/>
	</bonds>
	<geometry>
		<g u="A" t="cart/3d">#42,3:0.3944,-1.2196,-0.3672;-0.5365,-0.8279,0.0349;-0.5816,0.4100,0.5660;0.5985,1.3570,0.6369;0.7940,1.6048,1.6876;0.3548,2.2705,0.0803;1.7698,0.7579,0.0750;2.8618,1.5706,0.0677;2.8780,2.7087,0.5189;4.0718,0.8582,-0.5425;4.5803,-0.1858,0.4581;5.4646,-0.7048,0.0726;4.8505,0.2822,1.4121;3.8154,-0.9410,0.6744;3.6855,0.1819,-1.8658;2.9672,-0.6318,-1.7096;3.2220,0.8975,-2.5543;4.5619,-0.2485,-2.3631;5.1818,1.8839,-0.8188;5.5034,2.3826,0.1030;4.8374,2.6628,-1.5088;6.0630,1.4080,-1.2626;-1.8672,0.9690,1.1323;-2.2717,1.7076,0.4290;-1.6570,1.4998,2.0689;-2.9153,-0.1060,1.4266;-2.6020,-0.6565,2.3234;-3.8648,0.3720,1.6931;-3.0938,-1.0775,0.2437;-4.0811,-2.0940,0.4703;-4.0769,-2.7269,1.7387;-4.7481,-3.5887,1.6887;-4.4657,-2.0497,2.5038;-3.0849,-3.0861,2.0189;-3.4569,-0.3502,-0.9496;-4.7704,0.1845,-0.9499;-4.9366,0.6633,-1.9182;-4.8890,0.9489,-0.1755;-5.5227,-0.6007,-0.8292;-1.7288,-1.7434,-0.0813;-1.7595,-2.1358,-1.1079;-1.5454,-2.6068,0.5672;</g>
	</geometry>
	<conformers/>
	<properties/>
</molecule>
