<?xml version="1.0" ?>
<!--MOLLI PACKAGE EXPERIMENTAL XML FORMAT-->
<molecule name="react_90">
	<atoms>
		<a id="1" s="H" t="H" l="H"/>
		<a id="2" s="C" t="C.2" l="C"/>
		<a id="3" s="C" t="C.2" l="C"/>
		<a id="4" s="C" t="C.3" l="C"/>
		<a id="5" s="H" t="H" l="H"/>
		<a id="6" s="H" t="H" l="H"/>
		<a id="7" s="O" t="O.3" l="O"/>
		<a id="8" s="C" t="C.3" l="C"/>
		<a id="9" s="H" t="H" l="H"/>
		<a id="10" s="H" t="H" l="H"/>
		<a id="11" s="C" t="C.ar" l="C"/>
		<a id="12" s="C" t="C.ar" l="C"/>
		<a id="13" s="H" t="H" l="H"/>
		<a id="14" s="C" t="C.ar" l="C"/>
		<a id="15" s="H" t="H" l="H"/>
		<a id="16" s="C" t="C.ar" l="C"/>
		<a id="17" s="H" t="H" l="H"/>
		<a id="18" s="C" t="C.ar" l="C"/>
		<a id="19" s="H" t="H" l="H"/>
		<a id="20" s="C" t="C.ar" l="C"/>
		<a id="21" s="H" t="H" l="H"/>
		<a id="22" s="C" t="C.3" l="C"/>
		<a id="23" s="H" t="H" l="H"/>
		<a id="24" s="H" t="H" l="H"/>
		<a id="25" s="C" t="C.3" l="C"/>
		<a id="26" s="H" t="H" l="H"/>
		<a id="27" s="H" t="H" l="H"/>
		<a id="28" s="C" t="C.3" l="C"/>
		<a id="29" s="O" t="O.3" l="O"/>
		<a id="30" s="C" t="C.3" l="C"/>
		<a id="31" s="H" t="H" l="H"/>
		<a id="32" s="H" t="H" l="H"/>
		<a id="33" s="H" t="H" l="H"/>
		<a id="34" s="O" t="O.3" l="O"/>
		<a id="35" s="C" t="C.3" l="C"/>
		<a id="36" s="H" t="H" l="H"/>
		<a id="37" s="H" t="H" l="H"/>
		<a id="38" s="H" t="H" l="H"/>
		<a id="39" s="C" t="C.3" l="C"/>
		<a id="40" s="H" t="H" l="H"/>
		<a id="41" s="H" t="H" l="H"/>
	</atoms>
	<bonds>
		<b id="1" c="30 29" t="1"/>
		<b id="2" c="29 28" t="1"/>
		<b id="3" c="28 34" t="1"/>
		<b id="4" c="34 35" t="1"/>
		<b id="5" c="28 39" t="1"/>
		<b id="6" c="39 2" t="1"/>
		<b id="7" c="2 3" t="2"/>
		<b id="8" c="3 4" t="1"/>
		<b id="9" c="4 7" t="1"/>
		<b id="10" c="7 8" t="1"/>
		<b id="11" c="8 11" t="1"/>
		<b id="12" c="11 12" t="ar"/>
		<b id="13" c="12 14" t="ar"/>
		<b id="14" c="14 16" t="ar"/>
		<b id="15" c="16 18" t="ar"/>
		<b id="16" c="18 20" t="ar"/>
		<b id="17" c="3 22" t="1"/>
		<b id="18" c="22 25" t="1"/>
		<b id="19" c="25 28" t="1"/>
		<b id="20" c="20 11" t="ar"/>
		<b id="21" c="30 31" t="1"/>
		<b id="22" c="30 32" t="1"/>
		<b id="23" c="30 33" t="1"/>
		<b id="24" c="35 36" t="1"/>
		<b id="25" c="35 37" t="1"/>
		<b id="26" c="35 38" t="1"/>
		<b id="27" c="39 40" t="1"/>
		<b id="28" c="39 41" t="1"/>
		<b id="29" c="2 1" t="1"/>
		<b id="30" c="4 5" t="1"/>
		<b id="31" c="4 6" t="1"/>
		<b id="32" c="8 9" t="1"/>
		<b id="33" c="8 10" t="1"/>
		<b id="34" c="12 13" t="1"/>
		<b id="35" c="14 15" t="1"/>
		<b id="36" c="16 17" t="1"/>
		<b id="37" c="18 19" t="1"/>
		<b id="38" c="20 21" t="1"/>
		<b id="39" c="22 23" t="1"/>
		<b id="40" c="22 24" t="1"/>
		<b id="41" c="25 26" t="1"/>
		<b id="42" c="25 27" t="1"/>
	</bonds>
	<geometry>
		<g u="A" t="cart/3d">#41,3:-0.6149,-0.9655,1.7585;-1.0964,-0.5442,0.8788;-0.4234,-0.4603,-0.2852;1.0006,-0.9376,-0.4852;1.5915,-0.1854,-1.0206;0.9760,-1.8375,-1.1099;1.6319,-1.3006,0.7428;2.3254,-0.2139,1.3589;1.7172,0.6980,1.3236;2.4615,-0.4696,2.4160;3.6905,-0.0015,0.7497;4.5465,-1.0882,0.5200;4.2193,-2.0976,0.7629;5.8158,-0.8892,-0.0247;6.4684,-1.7396,-0.2024;6.2453,0.3985,-0.3389;7.2340,0.5532,-0.7628;5.4073,1.4877,-0.1071;5.7445,2.4919,-0.3497;4.1371,1.2903,0.4379;3.4984,2.1523,0.6155;-1.0740,0.1089,-1.5276;-1.2569,-0.7118,-2.2323;-0.3820,0.8009,-2.0226;-2.3824,0.8609,-1.2587;-2.9013,1.0277,-2.2113;-2.1442,1.8562,-0.8654;-3.2961,0.0946,-0.2841;-3.5614,-1.1632,-0.9428;-4.4789,-2.0157,-0.2772;-5.4200,-1.5054,-0.0541;-4.7004,-2.8540,-0.9441;-4.0434,-2.4286,0.6357;-4.5465,0.7818,-0.1407;-4.5531,1.9938,0.5912;-4.4487,1.7979,1.6616;-3.7826,2.6889,0.2522;-5.5260,2.4709,0.4405;-2.5293,-0.1133,1.0519;-3.0459,-0.8443,1.6811;-2.5033,0.8128,1.6363;</g>
	</geometry>
	<conformers/>
	<properties/>
</molecule>
