<?xml version="1.0" ?>
<!--MOLLI PACKAGE EXPERIMENTAL XML FORMAT-->
<molecule name="react_91">
	<atoms>
		<a id="1" s="H" t="H" l="H"/>
		<a id="2" s="C" t="C.2" l="C"/>
		<a id="3" s="C" t="C.2" l="C"/>
		<a id="4" s="C" t="C.3" l="C"/>
		<a id="5" s="H" t="H" l="H"/>
		<a id="6" s="H" t="H" l="H"/>
		<a id="7" s="O" t="O.3" l="O"/>
		<a id="8" s="C" t="C.2" l="C"/>
		<a id="9" s="O" t="O.2" l="O"/>
		<a id="10" s="C" t="C.3" l="C"/>
		<a id="11" s="H" t="H" l="H"/>
		<a id="12" s="H" t="H" l="H"/>
		<a id="13" s="H" t="H" l="H"/>
		<a id="14" s="C" t="C.3" l="C"/>
		<a id="15" s="H" t="H" l="H"/>
		<a id="16" s="H" t="H" l="H"/>
		<a id="17" s="C" t="C.3" l="C"/>
		<a id="18" s="H" t="H" l="H"/>
		<a id="19" s="H" t="H" l="H"/>
		<a id="20" s="C" t="C.3" l="C"/>
		<a id="21" s="O" t="O.3" l="O"/>
		<a id="22" s="C" t="C.3" l="C"/>
		<a id="23" s="H" t="H" l="H"/>
		<a id="24" s="H" t="H" l="H"/>
		<a id="25" s="H" t="H" l="H"/>
		<a id="26" s="O" t="O.3" l="O"/>
		<a id="27" s="C" t="C.3" l="C"/>
		<a id="28" s="H" t="H" l="H"/>
		<a id="29" s="H" t="H" l="H"/>
		<a id="30" s="H" t="H" l="H"/>
		<a id="31" s="C" t="C.3" l="C"/>
		<a id="32" s="H" t="H" l="H"/>
		<a id="33" s="H" t="H" l="H"/>
	</atoms>
	<bonds>
		<b id="1" c="22 21" t="1"/>
		<b id="2" c="21 20" t="1"/>
		<b id="3" c="20 26" t="1"/>
		<b id="4" c="26 27" t="1"/>
		<b id="5" c="20 31" t="1"/>
		<b id="6" c="31 2" t="1"/>
		<b id="7" c="2 3" t="2"/>
		<b id="8" c="3 4" t="1"/>
		<b id="9" c="4 7" t="1"/>
		<b id="10" c="7 8" t="1"/>
		<b id="11" c="8 10" t="1"/>
		<b id="12" c="8 9" t="2"/>
		<b id="13" c="3 14" t="1"/>
		<b id="14" c="14 17" t="1"/>
		<b id="15" c="17 20" t="1"/>
		<b id="16" c="22 23" t="1"/>
		<b id="17" c="22 24" t="1"/>
		<b id="18" c="22 25" t="1"/>
		<b id="19" c="27 28" t="1"/>
		<b id="20" c="27 29" t="1"/>
		<b id="21" c="27 30" t="1"/>
		<b id="22" c="31 32" t="1"/>
		<b id="23" c="31 33" t="1"/>
		<b id="24" c="2 1" t="1"/>
		<b id="25" c="4 5" t="1"/>
		<b id="26" c="4 6" t="1"/>
		<b id="27" c="10 11" t="1"/>
		<b id="28" c="10 12" t="1"/>
		<b id="29" c="10 13" t="1"/>
		<b id="30" c="14 15" t="1"/>
		<b id="31" c="14 16" t="1"/>
		<b id="32" c="17 18" t="1"/>
		<b id="33" c="17 19" t="1"/>
	</bonds>
	<geometry>
		<g u="A" t="cart/3d">#33,3:1.4429,1.3940,-0.3273;0.5861,0.8230,0.0217;0.7599,-0.3497,0.6587;2.1046,-0.9955,0.9221;2.1350,-1.9706,0.4214;2.2284,-1.1331,2.0034;3.1716,-0.1792,0.4290;4.4073,-0.6969,0.6562;4.6424,-1.7645,1.2043;5.4581,0.2169,0.1042;5.5065,0.1093,-0.9820;6.4279,-0.0443,0.5379;5.2360,1.2529,0.3756;-0.4240,-1.1385,1.1694;-0.5437,-2.0298,0.5406;-0.2190,-1.4935,2.1870;-1.7391,-0.3522,1.1995;-1.7538,0.3265,2.0627;-2.5506,-1.0722,1.3607;-1.9641,0.4493,-0.0962;-2.0746,-0.5063,-1.1630;-2.1970,0.0440,-2.4646;-1.2296,0.4048,-2.8228;-2.9423,0.8437,-2.5016;-2.5184,-0.7554,-3.1382;-3.1411,1.2705,-0.0068;-4.3499,0.5697,0.2469;-4.4768,-0.2799,-0.4289;-5.1808,1.2623,0.0846;-4.3928,0.2394,1.2885;-0.7640,1.4231,-0.2627;-0.8934,2.2784,0.4152;-0.7517,1.8538,-1.2692;</g>
	</geometry>
	<conformers/>
	<properties/>
</molecule>
