<?xml version="1.0" ?>
<!--MOLLI PACKAGE EXPERIMENTAL XML FORMAT-->
<molecule name="react_92">
	<atoms>
		<a id="1" s="H" t="H" l="H"/>
		<a id="2" s="C" t="C.2" l="C"/>
		<a id="3" s="C" t="C.2" l="C"/>
		<a id="4" s="C" t="C.3" l="C"/>
		<a id="5" s="H" t="H" l="H"/>
		<a id="6" s="H" t="H" l="H"/>
		<a id="7" s="O" t="O.3" l="O"/>
		<a id="8" s="C" t="C.ar" l="C"/>
		<a id="9" s="C" t="C.ar" l="C"/>
		<a id="10" s="H" t="H" l="H"/>
		<a id="11" s="C" t="C.ar" l="C"/>
		<a id="12" s="H" t="H" l="H"/>
		<a id="13" s="C" t="C.ar" l="C"/>
		<a id="14" s="O" t="O.3" l="O"/>
		<a id="15" s="C" t="C.3" l="C"/>
		<a id="16" s="H" t="H" l="H"/>
		<a id="17" s="H" t="H" l="H"/>
		<a id="18" s="H" t="H" l="H"/>
		<a id="19" s="C" t="C.ar" l="C"/>
		<a id="20" s="H" t="H" l="H"/>
		<a id="21" s="C" t="C.ar" l="C"/>
		<a id="22" s="H" t="H" l="H"/>
		<a id="23" s="C" t="C.3" l="C"/>
		<a id="24" s="H" t="H" l="H"/>
		<a id="25" s="H" t="H" l="H"/>
		<a id="26" s="C" t="C.3" l="C"/>
		<a id="27" s="H" t="H" l="H"/>
		<a id="28" s="H" t="H" l="H"/>
		<a id="29" s="C" t="C.3" l="C"/>
		<a id="30" s="O" t="O.3" l="O"/>
		<a id="31" s="C" t="C.3" l="C"/>
		<a id="32" s="H" t="H" l="H"/>
		<a id="33" s="H" t="H" l="H"/>
		<a id="34" s="H" t="H" l="H"/>
		<a id="35" s="O" t="O.3" l="O"/>
		<a id="36" s="C" t="C.3" l="C"/>
		<a id="37" s="H" t="H" l="H"/>
		<a id="38" s="H" t="H" l="H"/>
		<a id="39" s="H" t="H" l="H"/>
		<a id="40" s="C" t="C.3" l="C"/>
		<a id="41" s="H" t="H" l="H"/>
		<a id="42" s="H" t="H" l="H"/>
	</atoms>
	<bonds>
		<b id="1" c="15 14" t="1"/>
		<b id="2" c="14 13" t="1"/>
		<b id="3" c="13 11" t="ar"/>
		<b id="4" c="11 9" t="ar"/>
		<b id="5" c="9 8" t="ar"/>
		<b id="6" c="8 7" t="1"/>
		<b id="7" c="7 4" t="1"/>
		<b id="8" c="4 3" t="1"/>
		<b id="9" c="3 2" t="2"/>
		<b id="10" c="2 40" t="1"/>
		<b id="11" c="40 29" t="1"/>
		<b id="12" c="29 30" t="1"/>
		<b id="13" c="30 31" t="1"/>
		<b id="14" c="29 35" t="1"/>
		<b id="15" c="35 36" t="1"/>
		<b id="16" c="29 26" t="1"/>
		<b id="17" c="26 23" t="1"/>
		<b id="18" c="8 21" t="ar"/>
		<b id="19" c="21 19" t="ar"/>
		<b id="20" c="19 13" t="ar"/>
		<b id="21" c="23 3" t="1"/>
		<b id="22" c="15 16" t="1"/>
		<b id="23" c="15 17" t="1"/>
		<b id="24" c="15 18" t="1"/>
		<b id="25" c="11 12" t="1"/>
		<b id="26" c="9 10" t="1"/>
		<b id="27" c="4 5" t="1"/>
		<b id="28" c="4 6" t="1"/>
		<b id="29" c="2 1" t="1"/>
		<b id="30" c="40 41" t="1"/>
		<b id="31" c="40 42" t="1"/>
		<b id="32" c="31 32" t="1"/>
		<b id="33" c="31 33" t="1"/>
		<b id="34" c="31 34" t="1"/>
		<b id="35" c="36 37" t="1"/>
		<b id="36" c="36 38" t="1"/>
		<b id="37" c="36 39" t="1"/>
		<b id="38" c="26 27" t="1"/>
		<b id="39" c="26 28" t="1"/>
		<b id="40" c="23 24" t="1"/>
		<b id="41" c="23 25" t="1"/>
		<b id="42" c="21 22" t="1"/>
		<b id="43" c="19 20" t="1"/>
	</bonds>
	<geometry>
		<g u="A" t="cart/3d">#42,3:-1.2161,2.7109,-0.5875;-1.6375,1.8528,-0.0694;-0.8295,0.9268,0.4788;0.6759,1.0171,0.4016;0.9777,1.9054,-0.1670;1.0739,1.0869,1.4216;1.1634,-0.1577,-0.2435;2.5179,-0.2821,-0.3765;2.9359,-1.4535,-1.0087;2.1986,-2.1755,-1.3508;4.2951,-1.7067,-1.2076;4.6043,-2.6240,-1.7021;5.2565,-0.7919,-0.7775;6.5493,-1.1570,-1.0312;7.5662,-0.2544,-0.6157;7.5579,-0.1238,0.4715;7.4749,0.7076,-1.1309;8.5319,-0.6890,-0.8912;4.8416,0.3804,-0.1458;5.5525,1.1210,0.2050;3.4767,0.6347,0.0539;3.2020,1.5602,0.5487;-1.3878,-0.2656,1.2163;-0.8162,-0.4288,2.1380;-1.2565,-1.1600,0.5960;-2.8610,-0.1061,1.5933;-3.2428,-1.0577,1.9816;-2.9505,0.5982,2.4328;-3.7187,0.4003,0.4187;-5.0559,0.5536,0.9276;-5.9893,1.0791,-0.0068;-6.0080,0.4937,-0.9302;-5.7747,2.1281,-0.2275;-6.9830,1.0300,0.4474;-3.6855,-0.4899,-0.7078;-4.1345,-1.8118,-0.4496;-3.4020,-2.3646,0.1439;-4.2372,-2.3250,-1.4100;-5.1089,-1.8200,0.0466;-3.1423,1.7687,-0.0430;-3.5051,1.9919,-1.0544;-3.5092,2.5695,0.6114;</g>
	</geometry>
	<conformers/>
	<properties/>
</molecule>
