<?xml version="1.0" ?>
<!--MOLLI PACKAGE EXPERIMENTAL XML FORMAT-->
<molecule name="react_176">
	<atoms>
		<a id="1" s="H" t="H" l="H"/>
		<a id="2" s="C" t="C.2" l="C"/>
		<a id="3" s="C" t="C.2" l="C"/>
		<a id="4" s="H" t="H" l="H"/>
		<a id="5" s="C" t="C.3" l="C"/>
		<a id="6" s="H" t="H" l="H"/>
		<a id="7" s="H" t="H" l="H"/>
		<a id="8" s="C" t="C.2" l="C"/>
		<a id="9" s="O" t="O.2" l="O"/>
		<a id="10" s="O" t="O.3" l="O"/>
		<a id="11" s="C" t="C.3" l="C"/>
		<a id="12" s="H" t="H" l="H"/>
		<a id="13" s="H" t="H" l="H"/>
	</atoms>
	<bonds>
		<b id="1" c="9 8" t="2"/>
		<b id="2" c="8 5" t="1"/>
		<b id="3" c="5 3" t="1"/>
		<b id="4" c="3 2" t="2"/>
		<b id="5" c="2 11" t="1"/>
		<b id="6" c="11 10" t="1"/>
		<b id="7" c="10 8" t="1"/>
		<b id="8" c="5 6" t="1"/>
		<b id="9" c="5 7" t="1"/>
		<b id="10" c="3 4" t="1"/>
		<b id="11" c="2 1" t="1"/>
		<b id="12" c="11 12" t="1"/>
		<b id="13" c="11 13" t="1"/>
	</bonds>
	<geometry>
		<g u="A" t="cart/3d">#13,3:-1.8295,1.4927,-0.5338;-1.0356,0.7964,-0.2765;0.2271,1.0770,-0.6014;0.4686,1.9992,-1.1228;1.3420,0.1508,-0.2673;1.8412,-0.1426,-1.1973;2.0597,0.6841,0.3658;0.9520,-1.1198,0.4592;1.8087,-1.9447,0.7758;-0.3442,-1.3400,0.7568;-1.4263,-0.4487,0.4366;-2.1402,-1.0122,-0.1728;-1.9235,-0.1922,1.3777;</g>
	</geometry>
	<conformers/>
	<properties/>
</molecule>
