<?xml version="1.0" ?>
<!--MOLLI PACKAGE EXPERIMENTAL XML FORMAT-->
<molecule name="react_177">
	<atoms>
		<a id="1" s="H" t="H" l="H"/>
		<a id="2" s="C" t="C.2" l="C"/>
		<a id="3" s="C" t="C.2" l="C"/>
		<a id="4" s="H" t="H" l="H"/>
		<a id="5" s="C" t="C.3" l="C"/>
		<a id="6" s="H" t="H" l="H"/>
		<a id="7" s="H" t="H" l="H"/>
		<a id="8" s="C" t="C.ar" l="C"/>
		<a id="9" s="C" t="C.ar" l="C"/>
		<a id="10" s="N" t="N.ar" l="N"/>
		<a id="11" s="C" t="C.ar" l="C"/>
		<a id="12" s="Cl" t="Cl" l="CL"/>
		<a id="13" s="C" t="C.ar" l="C"/>
		<a id="14" s="H" t="H" l="H"/>
		<a id="15" s="C" t="C.ar" l="C"/>
		<a id="16" s="C" t="C.3" l="C"/>
		<a id="17" s="H" t="H" l="H"/>
		<a id="18" s="H" t="H" l="H"/>
		<a id="19" s="H" t="H" l="H"/>
	</atoms>
	<bonds>
		<b id="1" c="16 15" t="1"/>
		<b id="2" c="15 13" t="ar"/>
		<b id="3" c="13 11" t="ar"/>
		<b id="4" c="11 12" t="1"/>
		<b id="5" c="11 10" t="ar"/>
		<b id="6" c="10 9" t="ar"/>
		<b id="7" c="9 8" t="ar"/>
		<b id="8" c="8 5" t="1"/>
		<b id="9" c="5 3" t="1"/>
		<b id="10" c="3 2" t="2"/>
		<b id="11" c="8 15" t="ar"/>
		<b id="12" c="2 9" t="1"/>
		<b id="13" c="16 17" t="1"/>
		<b id="14" c="16 18" t="1"/>
		<b id="15" c="16 19" t="1"/>
		<b id="16" c="13 14" t="1"/>
		<b id="17" c="5 6" t="1"/>
		<b id="18" c="5 7" t="1"/>
		<b id="19" c="3 4" t="1"/>
		<b id="20" c="2 1" t="1"/>
	</bonds>
	<geometry>
		<g u="A" t="cart/3d">#19,3:2.6564,2.2524,0.1468;2.1174,1.3235,0.0696;2.6048,0.0806,-0.0789;3.6569,-0.1594,-0.1431;1.5139,-0.9645,-0.1479;1.5350,-1.4855,-1.1093;1.6024,-1.6730,0.6805;0.2895,-0.1148,-0.0130;0.6705,1.2200,0.1119;-0.1536,2.2620,0.2465;-1.4591,1.9201,0.2515;-2.5386,3.2456,0.4176;-1.9555,0.6177,0.1325;-3.0271,0.4450,0.1429;-1.0550,-0.4462,0.0013;-1.5229,-1.8574,-0.1493;-1.3426,-2.2072,-1.1706;-2.5944,-1.9462,0.0579;-0.9978,-2.5126,0.5533;</g>
	</geometry>
	<conformers/>
	<properties/>
</molecule>
