<?xml version="1.0" ?>
<!--MOLLI PACKAGE EXPERIMENTAL XML FORMAT-->
<molecule name="react_257">
	<atoms>
		<a id="1" s="H" t="H" l="H"/>
		<a id="2" s="C" t="C.2" l="C"/>
		<a id="3" s="C" t="C.2" l="C"/>
		<a id="4" s="C" t="C.2" l="C"/>
		<a id="5" s="O" t="O.2" l="O"/>
		<a id="6" s="C" t="C.3" l="C"/>
		<a id="7" s="H" t="H" l="H"/>
		<a id="8" s="H" t="H" l="H"/>
		<a id="9" s="H" t="H" l="H"/>
		<a id="10" s="C" t="C.3" l="C"/>
		<a id="11" s="H" t="H" l="H"/>
		<a id="12" s="H" t="H" l="H"/>
		<a id="13" s="C" t="C.3" l="C"/>
		<a id="14" s="H" t="H" l="H"/>
		<a id="15" s="H" t="H" l="H"/>
		<a id="16" s="C" t="C.3" l="C"/>
		<a id="17" s="H" t="H" l="H"/>
		<a id="18" s="H" t="H" l="H"/>
		<a id="19" s="C" t="C.3" l="C"/>
		<a id="20" s="H" t="H" l="H"/>
		<a id="21" s="H" t="H" l="H"/>
	</atoms>
	<bonds>
		<b id="1" c="6 4" t="1"/>
		<b id="2" c="4 5" t="2"/>
		<b id="3" c="4 3" t="1"/>
		<b id="4" c="3 2" t="2"/>
		<b id="5" c="2 19" t="1"/>
		<b id="6" c="19 16" t="1"/>
		<b id="7" c="16 13" t="1"/>
		<b id="8" c="13 10" t="1"/>
		<b id="9" c="10 3" t="1"/>
		<b id="10" c="6 7" t="1"/>
		<b id="11" c="6 8" t="1"/>
		<b id="12" c="6 9" t="1"/>
		<b id="13" c="2 1" t="1"/>
		<b id="14" c="19 20" t="1"/>
		<b id="15" c="19 21" t="1"/>
		<b id="16" c="16 17" t="1"/>
		<b id="17" c="16 18" t="1"/>
		<b id="18" c="13 14" t="1"/>
		<b id="19" c="13 15" t="1"/>
		<b id="20" c="10 11" t="1"/>
		<b id="21" c="10 12" t="1"/>
	</bonds>
	<geometry>
		<g u="A" t="cart/3d">#21,3:0.8208,1.4549,-1.1381;0.1381,0.7772,-0.6341;0.5715,-0.1278,0.2631;2.0206,-0.2489,0.6454;2.3619,-1.0625,1.5043;3.0429,0.6344,-0.0239;3.0402,0.4654,-1.1038;4.0387,0.3838,0.3548;2.8443,1.6839,0.2079;-0.3648,-1.0940,0.9480;0.0649,-2.1029,0.9568;-0.4818,-0.7820,1.9935;-1.7446,-1.1733,0.2886;-1.6823,-1.7814,-0.6229;-2.4456,-1.6799,0.9616;-2.2665,0.2143,-0.0634;-2.3879,0.8014,0.8559;-3.2570,0.1396,-0.5261;-1.3086,0.9368,-1.0104;-1.5630,2.0028,-1.0285;-1.4417,0.5583,-2.0309;</g>
	</geometry>
	<conformers/>
	<properties/>
</molecule>
