<?xml version="1.0" ?>
<!--MOLLI PACKAGE EXPERIMENTAL XML FORMAT-->
<molecule name="react_285">
	<atoms>
		<a id="1" s="H" t="H" l="H"/>
		<a id="2" s="C" t="C.2" l="C"/>
		<a id="3" s="C" t="C.2" l="C"/>
		<a id="4" s="C" t="C.ar" l="C"/>
		<a id="5" s="C" t="C.ar" l="C"/>
		<a id="6" s="H" t="H" l="H"/>
		<a id="7" s="C" t="C.ar" l="C"/>
		<a id="8" s="H" t="H" l="H"/>
		<a id="9" s="C" t="C.ar" l="C"/>
		<a id="10" s="H" t="H" l="H"/>
		<a id="11" s="C" t="C.ar" l="C"/>
		<a id="12" s="H" t="H" l="H"/>
		<a id="13" s="C" t="C.ar" l="C"/>
		<a id="14" s="H" t="H" l="H"/>
		<a id="15" s="C" t="C.3" l="C"/>
		<a id="16" s="H" t="H" l="H"/>
		<a id="17" s="H" t="H" l="H"/>
		<a id="18" s="C" t="C.3" l="C"/>
		<a id="19" s="H" t="H" l="H"/>
		<a id="20" s="H" t="H" l="H"/>
		<a id="21" s="C" t="C.3" l="C"/>
		<a id="22" s="H" t="H" l="H"/>
		<a id="23" s="H" t="H" l="H"/>
	</atoms>
	<bonds>
		<b id="1" c="2 3" t="2"/>
		<b id="2" c="3 4" t="1"/>
		<b id="3" c="4 5" t="ar"/>
		<b id="4" c="5 7" t="ar"/>
		<b id="5" c="7 9" t="ar"/>
		<b id="6" c="9 11" t="ar"/>
		<b id="7" c="11 13" t="ar"/>
		<b id="8" c="3 15" t="1"/>
		<b id="9" c="15 18" t="1"/>
		<b id="10" c="18 21" t="1"/>
		<b id="11" c="21 2" t="1"/>
		<b id="12" c="13 4" t="ar"/>
		<b id="13" c="2 1" t="1"/>
		<b id="14" c="5 6" t="1"/>
		<b id="15" c="7 8" t="1"/>
		<b id="16" c="9 10" t="1"/>
		<b id="17" c="11 12" t="1"/>
		<b id="18" c="13 14" t="1"/>
		<b id="19" c="15 16" t="1"/>
		<b id="20" c="15 17" t="1"/>
		<b id="21" c="18 19" t="1"/>
		<b id="22" c="18 20" t="1"/>
		<b id="23" c="21 22" t="1"/>
		<b id="24" c="21 23" t="1"/>
	</bonds>
	<geometry>
		<g u="A" t="cart/3d">#23,3:-1.2578,-1.8448,1.1051;-1.5303,-1.0015,0.4863;-0.6785,-0.1109,-0.0463;0.7845,-0.0842,0.1116;1.5937,0.6100,-0.8010;1.1565,1.1247,-1.6527;2.9840,0.6495,-0.6513;3.5909,1.1892,-1.3734;3.5898,-0.0015,0.4189;4.6695,0.0291,0.5364;2.8056,-0.6897,1.3395;3.2717,-1.1956,2.1809;1.4157,-0.7285,1.1872;0.8332,-1.2620,1.9335;-1.4169,0.8765,-0.9048;-1.2757,0.6464,-1.9668;-1.1124,1.9114,-0.7183;-2.8735,0.6681,-0.4934;-3.1487,1.4001,0.2774;-3.5638,0.8064,-1.3318;-2.9444,-0.7403,0.0856;-3.2678,-1.4705,-0.6632;-3.6251,-0.7820,0.9407;</g>
	</geometry>
	<conformers/>
	<properties/>
</molecule>
