<?xml version="1.0" ?>
<!--MOLLI PACKAGE EXPERIMENTAL XML FORMAT-->
<molecule name="react_46">
	<atoms>
		<a id="1" s="H" t="H" l="H"/>
		<a id="2" s="C" t="C.2" l="C"/>
		<a id="3" s="C" t="C.2" l="C"/>
		<a id="4" s="H" t="H" l="H"/>
		<a id="5" s="C" t="C.3" l="C"/>
		<a id="6" s="H" t="H" l="H"/>
		<a id="7" s="H" t="H" l="H"/>
		<a id="8" s="C" t="C.3" l="C"/>
		<a id="9" s="H" t="H" l="H"/>
		<a id="10" s="H" t="H" l="H"/>
		<a id="11" s="C" t="C.3" l="C"/>
		<a id="12" s="H" t="H" l="H"/>
		<a id="13" s="H" t="H" l="H"/>
		<a id="14" s="C" t="C.3" l="C"/>
		<a id="15" s="H" t="H" l="H"/>
		<a id="16" s="H" t="H" l="H"/>
		<a id="17" s="C" t="C.3" l="C"/>
		<a id="18" s="H" t="H" l="H"/>
		<a id="19" s="H" t="H" l="H"/>
		<a id="20" s="C" t="C.3" l="C"/>
		<a id="21" s="H" t="H" l="H"/>
		<a id="22" s="H" t="H" l="H"/>
		<a id="23" s="H" t="H" l="H"/>
		<a id="24" s="C" t="C.3" l="C"/>
		<a id="25" s="H" t="H" l="H"/>
		<a id="26" s="H" t="H" l="H"/>
		<a id="27" s="C" t="C.3" l="C"/>
		<a id="28" s="H" t="H" l="H"/>
		<a id="29" s="H" t="H" l="H"/>
		<a id="30" s="O" t="O.3" l="O"/>
		<a id="31" s="Si" t="Si" l="SI"/>
		<a id="32" s="C" t="C.3" l="C"/>
		<a id="33" s="H" t="H" l="H"/>
		<a id="34" s="H" t="H" l="H"/>
		<a id="35" s="H" t="H" l="H"/>
		<a id="36" s="C" t="C.3" l="C"/>
		<a id="37" s="H" t="H" l="H"/>
		<a id="38" s="H" t="H" l="H"/>
		<a id="39" s="H" t="H" l="H"/>
		<a id="40" s="C" t="C.3" l="C"/>
		<a id="41" s="C" t="C.3" l="C"/>
		<a id="42" s="H" t="H" l="H"/>
		<a id="43" s="H" t="H" l="H"/>
		<a id="44" s="H" t="H" l="H"/>
		<a id="45" s="C" t="C.3" l="C"/>
		<a id="46" s="H" t="H" l="H"/>
		<a id="47" s="H" t="H" l="H"/>
		<a id="48" s="H" t="H" l="H"/>
		<a id="49" s="C" t="C.3" l="C"/>
		<a id="50" s="H" t="H" l="H"/>
		<a id="51" s="H" t="H" l="H"/>
		<a id="52" s="H" t="H" l="H"/>
	</atoms>
	<bonds>
		<b id="1" c="20 17" t="1"/>
		<b id="2" c="17 14" t="1"/>
		<b id="3" c="14 11" t="1"/>
		<b id="4" c="11 8" t="1"/>
		<b id="5" c="8 5" t="1"/>
		<b id="6" c="5 3" t="1"/>
		<b id="7" c="3 2" t="2"/>
		<b id="8" c="2 24" t="1"/>
		<b id="9" c="24 27" t="1"/>
		<b id="10" c="27 30" t="1"/>
		<b id="11" c="30 31" t="1"/>
		<b id="12" c="31 32" t="1"/>
		<b id="13" c="31 36" t="1"/>
		<b id="14" c="31 40" t="1"/>
		<b id="15" c="40 41" t="1"/>
		<b id="16" c="40 45" t="1"/>
		<b id="17" c="40 49" t="1"/>
		<b id="18" c="20 21" t="1"/>
		<b id="19" c="20 22" t="1"/>
		<b id="20" c="20 23" t="1"/>
		<b id="21" c="17 18" t="1"/>
		<b id="22" c="17 19" t="1"/>
		<b id="23" c="14 15" t="1"/>
		<b id="24" c="14 16" t="1"/>
		<b id="25" c="11 12" t="1"/>
		<b id="26" c="11 13" t="1"/>
		<b id="27" c="8 9" t="1"/>
		<b id="28" c="8 10" t="1"/>
		<b id="29" c="5 6" t="1"/>
		<b id="30" c="5 7" t="1"/>
		<b id="31" c="3 4" t="1"/>
		<b id="32" c="2 1" t="1"/>
		<b id="33" c="24 25" t="1"/>
		<b id="34" c="24 26" t="1"/>
		<b id="35" c="27 28" t="1"/>
		<b id="36" c="27 29" t="1"/>
		<b id="37" c="32 33" t="1"/>
		<b id="38" c="32 34" t="1"/>
		<b id="39" c="32 35" t="1"/>
		<b id="40" c="36 37" t="1"/>
		<b id="41" c="36 38" t="1"/>
		<b id="42" c="36 39" t="1"/>
		<b id="43" c="41 42" t="1"/>
		<b id="44" c="41 43" t="1"/>
		<b id="45" c="41 44" t="1"/>
		<b id="46" c="45 46" t="1"/>
		<b id="47" c="45 47" t="1"/>
		<b id="48" c="45 48" t="1"/>
		<b id="49" c="49 50" t="1"/>
		<b id="50" c="49 51" t="1"/>
		<b id="51" c="49 52" t="1"/>
	</bonds>
	<geometry>
		<g u="A" t="cart/3d">#52,3:1.6503,-0.9000,0.7964;1.3014,-0.0114,0.2766;1.9376,1.1610,0.4279;1.5492,2.0320,-0.1004;3.1492,1.4455,1.2766;2.8058,2.0293,2.1404;3.8077,2.1155,0.7118;3.9693,0.2595,1.8013;3.3236,-0.4034,2.3903;4.7190,0.6477,2.5029;4.6925,-0.5706,0.7329;3.9725,-1.0121,0.0358;5.1868,-1.4101,1.2383;5.7409,0.2228,-0.0507;5.2556,1.0153,-0.6312;6.4347,0.7068,0.6471;6.5224,-0.6834,-1.0032;7.0232,-1.4768,-0.4363;5.8333,-1.1699,-1.7034;7.5623,0.0992,-1.7892;8.2862,0.5730,-1.1185;7.0909,0.8806,-2.3938;8.1093,-0.5678,-2.4628;0.0947,-0.1986,-0.6005;-0.1246,0.7088,-1.1772;0.3117,-0.9746,-1.3450;-1.1442,-0.5958,0.2043;-1.3788,0.1930,0.9305;-0.9520,-1.5308,0.7464;-2.2294,-0.7837,-0.7021;-3.7757,-1.0518,-0.1118;-4.7186,-2.2456,-1.2164;-4.2217,-3.2202,-1.2324;-4.7659,-1.8711,-2.2428;-5.7400,-2.3902,-0.8532;-3.8052,-1.6793,1.6567;-4.8325,-1.8511,1.9907;-3.3401,-0.9614,2.3381;-3.2616,-2.6256,1.7354;-4.8081,0.7533,-0.1477;-4.0755,1.7681,0.7530;-3.0551,1.9552,0.4008;-4.6015,2.7296,0.7609;-4.0134,1.4178,1.7892;-6.2434,0.5303,0.3677;-6.7880,-0.1905,-0.2519;-6.2489,0.1570,1.3976;-6.8095,1.4688,0.3548;-4.8410,1.2730,-1.5998;-5.3594,2.2371,-1.6550;-5.3660,0.5788,-2.2651;-3.8302,1.4168,-1.9984;</g>
	</geometry>
	<conformers/>
	<properties/>
</molecule>
