<?xml version="1.0" ?>
<!--MOLLI PACKAGE EXPERIMENTAL XML FORMAT-->
<molecule name="react_287">
	<atoms>
		<a id="1" s="H" t="H" l="H"/>
		<a id="2" s="C" t="C.2" l="C"/>
		<a id="3" s="C" t="C.2" l="C"/>
		<a id="4" s="C" t="C.ar" l="C"/>
		<a id="5" s="C" t="C.ar" l="C"/>
		<a id="6" s="H" t="H" l="H"/>
		<a id="7" s="C" t="C.ar" l="C"/>
		<a id="8" s="H" t="H" l="H"/>
		<a id="9" s="C" t="C.ar" l="C"/>
		<a id="10" s="H" t="H" l="H"/>
		<a id="11" s="C" t="C.ar" l="C"/>
		<a id="12" s="H" t="H" l="H"/>
		<a id="13" s="C" t="C.ar" l="C"/>
		<a id="14" s="H" t="H" l="H"/>
		<a id="15" s="C" t="C.3" l="C"/>
		<a id="16" s="H" t="H" l="H"/>
		<a id="17" s="H" t="H" l="H"/>
		<a id="18" s="C" t="C.3" l="C"/>
		<a id="19" s="H" t="H" l="H"/>
		<a id="20" s="H" t="H" l="H"/>
		<a id="21" s="C" t="C.3" l="C"/>
		<a id="22" s="H" t="H" l="H"/>
		<a id="23" s="H" t="H" l="H"/>
		<a id="24" s="C" t="C.2" l="C"/>
		<a id="25" s="O" t="O.2" l="O"/>
	</atoms>
	<bonds>
		<b id="1" c="25 24" t="2"/>
		<b id="2" c="24 2" t="1"/>
		<b id="3" c="2 3" t="2"/>
		<b id="4" c="3 4" t="1"/>
		<b id="5" c="4 5" t="ar"/>
		<b id="6" c="5 7" t="ar"/>
		<b id="7" c="7 9" t="ar"/>
		<b id="8" c="9 11" t="ar"/>
		<b id="9" c="11 13" t="ar"/>
		<b id="10" c="3 15" t="1"/>
		<b id="11" c="15 18" t="1"/>
		<b id="12" c="18 21" t="1"/>
		<b id="13" c="21 24" t="1"/>
		<b id="14" c="13 4" t="ar"/>
		<b id="15" c="2 1" t="1"/>
		<b id="16" c="5 6" t="1"/>
		<b id="17" c="7 8" t="1"/>
		<b id="18" c="9 10" t="1"/>
		<b id="19" c="11 12" t="1"/>
		<b id="20" c="13 14" t="1"/>
		<b id="21" c="15 16" t="1"/>
		<b id="22" c="15 17" t="1"/>
		<b id="23" c="18 19" t="1"/>
		<b id="24" c="18 20" t="1"/>
		<b id="25" c="21 22" t="1"/>
		<b id="26" c="21 23" t="1"/>
	</bonds>
	<geometry>
		<g u="A" t="cart/3d">#25,3:0.3739,-2.3302,0.0943;0.9467,-1.4159,-0.0131;0.3937,-0.1913,-0.0604;-1.0738,-0.0344,0.0430;-1.8056,-0.7104,1.0317;-1.3047,-1.3622,1.7441;-3.1898,-0.5481,1.1342;-3.7421,-1.0783,1.9059;-3.8608,0.2947,0.2519;-4.9375,0.4203,0.3311;-3.1486,0.9771,-0.7311;-3.6703,1.6346,-1.4219;-1.7640,0.8157,-0.8332;-1.2356,1.3529,-1.6170;1.2161,1.0638,-0.2293;0.7893,1.8839,0.3612;1.1964,1.3724,-1.2818;2.6635,0.8627,0.2161;2.6954,0.7668,1.3094;3.2591,1.7448,-0.0446;3.2690,-0.3797,-0.4182;4.2635,-0.5548,0.0058;3.3695,-0.2569,-1.5021;2.4121,-1.5968,-0.1574;2.8846,-2.7307,-0.1188;</g>
	</geometry>
	<conformers/>
	<properties/>
</molecule>
