<?xml version="1.0" ?>
<!--MOLLI PACKAGE EXPERIMENTAL XML FORMAT-->
<molecule name="react_290">
	<atoms>
		<a id="1" s="H" t="H" l="H"/>
		<a id="2" s="C" t="C.2" l="C"/>
		<a id="3" s="C" t="C.2" l="C"/>
		<a id="4" s="C" t="C.2" l="C"/>
		<a id="5" s="O" t="O.2" l="O"/>
		<a id="6" s="O" t="O.3" l="O"/>
		<a id="7" s="C" t="C.3" l="C"/>
		<a id="8" s="H" t="H" l="H"/>
		<a id="9" s="H" t="H" l="H"/>
		<a id="10" s="C" t="C.3" l="C"/>
		<a id="11" s="H" t="H" l="H"/>
		<a id="12" s="H" t="H" l="H"/>
		<a id="13" s="H" t="H" l="H"/>
		<a id="14" s="C" t="C.3" l="C"/>
		<a id="15" s="H" t="H" l="H"/>
		<a id="16" s="H" t="H" l="H"/>
		<a id="17" s="C" t="C.ar" l="C"/>
		<a id="18" s="C" t="C.ar" l="C"/>
		<a id="19" s="H" t="H" l="H"/>
		<a id="20" s="C" t="C.ar" l="C"/>
		<a id="21" s="H" t="H" l="H"/>
		<a id="22" s="C" t="C.ar" l="C"/>
		<a id="23" s="H" t="H" l="H"/>
		<a id="24" s="C" t="C.ar" l="C"/>
		<a id="25" s="H" t="H" l="H"/>
		<a id="26" s="C" t="C.ar" l="C"/>
	</atoms>
	<bonds>
		<b id="1" c="10 7" t="1"/>
		<b id="2" c="7 6" t="1"/>
		<b id="3" c="6 4" t="1"/>
		<b id="4" c="4 5" t="2"/>
		<b id="5" c="4 3" t="1"/>
		<b id="6" c="3 2" t="2"/>
		<b id="7" c="2 26" t="1"/>
		<b id="8" c="26 24" t="ar"/>
		<b id="9" c="24 22" t="ar"/>
		<b id="10" c="22 20" t="ar"/>
		<b id="11" c="20 18" t="ar"/>
		<b id="12" c="18 17" t="ar"/>
		<b id="13" c="17 14" t="1"/>
		<b id="14" c="14 3" t="1"/>
		<b id="15" c="17 26" t="ar"/>
		<b id="16" c="10 11" t="1"/>
		<b id="17" c="10 12" t="1"/>
		<b id="18" c="10 13" t="1"/>
		<b id="19" c="7 8" t="1"/>
		<b id="20" c="7 9" t="1"/>
		<b id="21" c="2 1" t="1"/>
		<b id="22" c="24 25" t="1"/>
		<b id="23" c="22 23" t="1"/>
		<b id="24" c="20 21" t="1"/>
		<b id="25" c="18 19" t="1"/>
		<b id="26" c="14 15" t="1"/>
		<b id="27" c="14 16" t="1"/>
	</bonds>
	<geometry>
		<g u="A" t="cart/3d">#26,3:0.7161,-2.0602,1.7389;0.8012,-1.2251,1.0616;-0.1958,-0.5523,0.4609;-1.6120,-0.8804,0.6558;-2.0180,-1.7827,1.3714;-2.3794,-0.0340,-0.0748;-3.7870,-0.2710,0.0461;-4.0939,-0.1527,1.0913;-4.0223,-1.2851,-0.2959;-4.5124,0.7418,-0.8182;-5.5952,0.6010,-0.7590;-4.2002,0.6503,-1.8638;-4.2704,1.7619,-0.5019;0.2885,0.5642,-0.4255;-0.0647,1.5383,-0.0739;0.0073,0.3987,-1.4699;1.7724,0.4372,-0.2453;2.7880,1.1908,-0.8081;2.5730,2.0091,-1.4872;4.1054,0.8666,-0.4755;4.9259,1.4399,-0.9012;4.3851,-0.1936,0.4044;5.4182,-0.4289,0.6497;3.3511,-0.9478,0.9667;3.5691,-1.7655,1.6455;2.0500,-0.6205,0.6324;</g>
	</geometry>
	<conformers/>
	<properties/>
</molecule>
