<?xml version="1.0" ?>
<!--MOLLI PACKAGE EXPERIMENTAL XML FORMAT-->
<molecule name="react_295">
	<atoms>
		<a id="1" s="H" t="H" l="H"/>
		<a id="2" s="C" t="C.ar" l="C"/>
		<a id="3" s="C" t="C.ar" l="C"/>
		<a id="4" s="H" t="H" l="H"/>
		<a id="5" s="C" t="C.ar" l="C"/>
		<a id="6" s="H" t="H" l="H"/>
		<a id="7" s="C" t="C.ar" l="C"/>
		<a id="8" s="C" t="C.ar" l="C"/>
		<a id="9" s="C" t="C.ar" l="C"/>
		<a id="10" s="H" t="H" l="H"/>
		<a id="11" s="C" t="C.2" l="C"/>
		<a id="12" s="C" t="C.3" l="C"/>
		<a id="13" s="H" t="H" l="H"/>
		<a id="14" s="H" t="H" l="H"/>
		<a id="15" s="H" t="H" l="H"/>
		<a id="16" s="C" t="C.2" l="C"/>
		<a id="17" s="C" t="C.3" l="C"/>
		<a id="18" s="H" t="H" l="H"/>
		<a id="19" s="H" t="H" l="H"/>
		<a id="20" s="H" t="H" l="H"/>
		<a id="21" s="C" t="C.3" l="C"/>
		<a id="22" s="H" t="H" l="H"/>
		<a id="23" s="H" t="H" l="H"/>
		<a id="24" s="C" t="C.3" l="C"/>
		<a id="25" s="H" t="H" l="H"/>
		<a id="26" s="H" t="H" l="H"/>
	</atoms>
	<bonds>
		<b id="1" c="17 16" t="1"/>
		<b id="2" c="16 11" t="2"/>
		<b id="3" c="11 12" t="1"/>
		<b id="4" c="11 8" t="1"/>
		<b id="5" c="8 9" t="ar"/>
		<b id="6" c="9 2" t="ar"/>
		<b id="7" c="2 3" t="ar"/>
		<b id="8" c="3 5" t="ar"/>
		<b id="9" c="5 7" t="ar"/>
		<b id="10" c="7 24" t="1"/>
		<b id="11" c="24 21" t="1"/>
		<b id="12" c="21 16" t="1"/>
		<b id="13" c="7 8" t="ar"/>
		<b id="14" c="17 18" t="1"/>
		<b id="15" c="17 19" t="1"/>
		<b id="16" c="17 20" t="1"/>
		<b id="17" c="12 13" t="1"/>
		<b id="18" c="12 14" t="1"/>
		<b id="19" c="12 15" t="1"/>
		<b id="20" c="9 10" t="1"/>
		<b id="21" c="2 1" t="1"/>
		<b id="22" c="3 4" t="1"/>
		<b id="23" c="5 6" t="1"/>
		<b id="24" c="24 25" t="1"/>
		<b id="25" c="24 26" t="1"/>
		<b id="26" c="21 22" t="1"/>
		<b id="27" c="21 23" t="1"/>
	</bonds>
	<geometry>
		<g u="A" t="cart/3d">#26,3:3.6073,2.1721,0.4578;2.9316,1.3494,0.2393;3.4422,0.1016,-0.1012;4.5164,-0.0526,-0.1544;2.5713,-0.9492,-0.3749;2.9771,-1.9206,-0.6470;1.1828,-0.7574,-0.3001;0.6502,0.5061,0.0245;1.5490,1.5495,0.2997;1.1922,2.5376,0.5767;-0.8302,0.6991,0.0697;-1.3424,2.1155,0.0179;-0.8159,2.6930,-0.7507;-2.4006,2.1772,-0.2490;-1.2085,2.6100,0.9855;-1.6307,-0.3898,0.1652;-3.1267,-0.3551,0.3311;-3.5122,0.6261,0.6164;-3.6159,-0.6625,-0.5987;-3.4317,-1.0465,1.1247;-1.0556,-1.7908,0.1467;-1.7720,-2.4903,-0.3017;-0.9020,-2.1133,1.1848;0.2523,-1.8907,-0.6346;0.7233,-2.8563,-0.4151;0.0488,-1.8620,-1.7126;</g>
	</geometry>
	<conformers/>
	<properties/>
</molecule>
