<?xml version="1.0" ?>
<!--MOLLI PACKAGE EXPERIMENTAL XML FORMAT-->
<molecule name="react_296">
	<atoms>
		<a id="1" s="H" t="H" l="H"/>
		<a id="2" s="C" t="C.ar" l="C"/>
		<a id="3" s="C" t="C.ar" l="C"/>
		<a id="4" s="H" t="H" l="H"/>
		<a id="5" s="C" t="C.ar" l="C"/>
		<a id="6" s="H" t="H" l="H"/>
		<a id="7" s="C" t="C.ar" l="C"/>
		<a id="8" s="C" t="C.2" l="C"/>
		<a id="9" s="C" t="C.2" l="C"/>
		<a id="10" s="C" t="C.3" l="C"/>
		<a id="11" s="H" t="H" l="H"/>
		<a id="12" s="H" t="H" l="H"/>
		<a id="13" s="H" t="H" l="H"/>
		<a id="14" s="C" t="C.ar" l="C"/>
		<a id="15" s="C" t="C.ar" l="C"/>
		<a id="16" s="H" t="H" l="H"/>
		<a id="17" s="C" t="C.ar" l="C"/>
		<a id="18" s="H" t="H" l="H"/>
		<a id="19" s="C" t="C.ar" l="C"/>
		<a id="20" s="H" t="H" l="H"/>
		<a id="21" s="C" t="C.ar" l="C"/>
		<a id="22" s="H" t="H" l="H"/>
		<a id="23" s="C" t="C.ar" l="C"/>
		<a id="24" s="C" t="C.3" l="C"/>
		<a id="25" s="H" t="H" l="H"/>
		<a id="26" s="H" t="H" l="H"/>
		<a id="27" s="C" t="C.3" l="C"/>
		<a id="28" s="H" t="H" l="H"/>
		<a id="29" s="H" t="H" l="H"/>
		<a id="30" s="C" t="C.ar" l="C"/>
		<a id="31" s="H" t="H" l="H"/>
		<a id="32" s="C" t="C.ar" l="C"/>
		<a id="33" s="H" t="H" l="H"/>
	</atoms>
	<bonds>
		<b id="1" c="10 9" t="1"/>
		<b id="2" c="9 8" t="2"/>
		<b id="3" c="8 7" t="1"/>
		<b id="4" c="7 5" t="ar"/>
		<b id="5" c="5 3" t="ar"/>
		<b id="6" c="3 2" t="ar"/>
		<b id="7" c="2 32" t="ar"/>
		<b id="8" c="32 30" t="ar"/>
		<b id="9" c="8 27" t="1"/>
		<b id="10" c="27 24" t="1"/>
		<b id="11" c="24 23" t="1"/>
		<b id="12" c="23 21" t="ar"/>
		<b id="13" c="21 19" t="ar"/>
		<b id="14" c="19 17" t="ar"/>
		<b id="15" c="17 15" t="ar"/>
		<b id="16" c="15 14" t="ar"/>
		<b id="17" c="14 9" t="1"/>
		<b id="18" c="30 7" t="ar"/>
		<b id="19" c="14 23" t="ar"/>
		<b id="20" c="10 11" t="1"/>
		<b id="21" c="10 12" t="1"/>
		<b id="22" c="10 13" t="1"/>
		<b id="23" c="5 6" t="1"/>
		<b id="24" c="3 4" t="1"/>
		<b id="25" c="2 1" t="1"/>
		<b id="26" c="32 33" t="1"/>
		<b id="27" c="30 31" t="1"/>
		<b id="28" c="27 28" t="1"/>
		<b id="29" c="27 29" t="1"/>
		<b id="30" c="24 25" t="1"/>
		<b id="31" c="24 26" t="1"/>
		<b id="32" c="21 22" t="1"/>
		<b id="33" c="19 20" t="1"/>
		<b id="34" c="17 18" t="1"/>
		<b id="35" c="15 16" t="1"/>
	</bonds>
	<geometry>
		<g u="A" t="cart/3d">#33,3:5.8159,0.0599,0.0224;4.7323,-0.0228,0.0051;4.0417,-0.3749,1.1645;4.5862,-0.5663,2.0853;2.6499,-0.4805,1.1438;2.1184,-0.7528,2.0525;1.9432,-0.2347,-0.0389;0.4761,-0.3449,-0.0602;-0.3445,0.6885,0.2421;0.1380,2.0671,0.6184;-0.0561,2.2672,1.6776;1.2101,2.2106,0.4572;-0.3666,2.8299,0.0149;-1.8184,0.4514,0.2229;-2.7261,1.3324,0.8321;-2.3812,2.2170,1.3599;-4.1038,1.0970,0.7880;-4.7869,1.7923,1.2689;-4.6007,-0.0214,0.1277;-5.6718,-0.2005,0.0880;-3.7211,-0.9088,-0.4858;-4.1177,-1.7759,-1.0086;-2.3363,-0.6862,-0.4317;-1.4012,-1.6319,-1.1390;-1.8333,-2.6386,-1.1858;-1.2727,-1.2808,-2.1709;-0.0457,-1.7097,-0.4406;0.6524,-2.2334,-1.1054;-0.1294,-2.3148,0.4720;2.6415,0.1200,-1.1991;2.1033,0.3188,-2.1226;4.0333,0.2251,-1.1760;4.5713,0.5017,-2.0788;</g>
	</geometry>
	<conformers/>
	<properties/>
</molecule>
