<?xml version="1.0" ?>
<!--MOLLI PACKAGE EXPERIMENTAL XML FORMAT-->
<molecule name="react_297">
	<atoms>
		<a id="1" s="H" t="H" l="H"/>
		<a id="2" s="C" t="C.ar" l="C"/>
		<a id="3" s="C" t="C.ar" l="C"/>
		<a id="4" s="H" t="H" l="H"/>
		<a id="5" s="C" t="C.ar" l="C"/>
		<a id="6" s="H" t="H" l="H"/>
		<a id="7" s="C" t="C.ar" l="C"/>
		<a id="8" s="C" t="C.2" l="C"/>
		<a id="9" s="C" t="C.2" l="C"/>
		<a id="10" s="C" t="C.3" l="C"/>
		<a id="11" s="H" t="H" l="H"/>
		<a id="12" s="H" t="H" l="H"/>
		<a id="13" s="H" t="H" l="H"/>
		<a id="14" s="C" t="C.ar" l="C"/>
		<a id="15" s="C" t="C.ar" l="C"/>
		<a id="16" s="H" t="H" l="H"/>
		<a id="17" s="C" t="C.ar" l="C"/>
		<a id="18" s="H" t="H" l="H"/>
		<a id="19" s="C" t="C.ar" l="C"/>
		<a id="20" s="H" t="H" l="H"/>
		<a id="21" s="C" t="C.ar" l="C"/>
		<a id="22" s="H" t="H" l="H"/>
		<a id="23" s="C" t="C.ar" l="C"/>
		<a id="24" s="C" t="C.3" l="C"/>
		<a id="25" s="H" t="H" l="H"/>
		<a id="26" s="H" t="H" l="H"/>
		<a id="27" s="C" t="C.ar" l="C"/>
		<a id="28" s="H" t="H" l="H"/>
		<a id="29" s="C" t="C.ar" l="C"/>
		<a id="30" s="H" t="H" l="H"/>
	</atoms>
	<bonds>
		<b id="1" c="10 9" t="1"/>
		<b id="2" c="9 8" t="2"/>
		<b id="3" c="8 7" t="1"/>
		<b id="4" c="7 5" t="ar"/>
		<b id="5" c="5 3" t="ar"/>
		<b id="6" c="3 2" t="ar"/>
		<b id="7" c="2 29" t="ar"/>
		<b id="8" c="29 27" t="ar"/>
		<b id="9" c="8 24" t="1"/>
		<b id="10" c="24 23" t="1"/>
		<b id="11" c="23 21" t="ar"/>
		<b id="12" c="21 19" t="ar"/>
		<b id="13" c="19 17" t="ar"/>
		<b id="14" c="17 15" t="ar"/>
		<b id="15" c="15 14" t="ar"/>
		<b id="16" c="14 9" t="1"/>
		<b id="17" c="27 7" t="ar"/>
		<b id="18" c="14 23" t="ar"/>
		<b id="19" c="10 11" t="1"/>
		<b id="20" c="10 12" t="1"/>
		<b id="21" c="10 13" t="1"/>
		<b id="22" c="5 6" t="1"/>
		<b id="23" c="3 4" t="1"/>
		<b id="24" c="2 1" t="1"/>
		<b id="25" c="29 30" t="1"/>
		<b id="26" c="27 28" t="1"/>
		<b id="27" c="24 25" t="1"/>
		<b id="28" c="24 26" t="1"/>
		<b id="29" c="21 22" t="1"/>
		<b id="30" c="19 20" t="1"/>
		<b id="31" c="17 18" t="1"/>
		<b id="32" c="15 16" t="1"/>
	</bonds>
	<geometry>
		<g u="A" t="cart/3d">#30,3:-5.4173,1.1692,1.0779;-4.3734,0.9274,0.8961;-3.4403,1.0448,1.9241;-3.7555,1.3809,2.9084;-2.0982,0.7338,1.6907;-1.3852,0.8433,2.5042;-1.6746,0.3088,0.4253;-0.2711,-0.0380,0.1858;0.5396,0.4411,-0.7825;0.2917,1.4544,-1.8420;0.3328,0.9913,-2.8332;-0.6842,1.9366,-1.7371;1.0444,2.2490,-1.8000;1.8430,-0.2096,-0.6226;3.0085,-0.0790,-1.3607;3.0629,0.5889,-2.2136;4.1255,-0.8318,-0.9844;5.0496,-0.7440,-1.5506;4.0667,-1.7006,0.1170;4.9460,-2.2775,0.3937;2.8911,-1.8297,0.8585;2.8433,-2.5002,1.7100;1.7920,-1.0782,0.4748;0.4299,-1.0298,1.0948;-0.0514,-2.0121,1.0558;0.4918,-0.6683,2.1256;-2.6240,0.1886,-0.5982;-2.3257,-0.1585,-1.5849;-3.9661,0.4983,-0.3651;-4.6920,0.4008,-1.1679;</g>
	</geometry>
	<conformers/>
	<properties/>
</molecule>
