<?xml version="1.0" ?>
<!--MOLLI PACKAGE EXPERIMENTAL XML FORMAT-->
<molecule name="react_326">
	<atoms>
		<a id="1" s="H" t="H" l="H"/>
		<a id="2" s="C" t="C.2" l="C"/>
		<a id="3" s="C" t="C.2" l="C"/>
		<a id="4" s="C" t="C.ar" l="C"/>
		<a id="5" s="C" t="C.ar" l="C"/>
		<a id="6" s="H" t="H" l="H"/>
		<a id="7" s="C" t="C.ar" l="C"/>
		<a id="8" s="C" t="C.3" l="C"/>
		<a id="9" s="H" t="H" l="H"/>
		<a id="10" s="H" t="H" l="H"/>
		<a id="11" s="H" t="H" l="H"/>
		<a id="12" s="C" t="C.ar" l="C"/>
		<a id="13" s="H" t="H" l="H"/>
		<a id="14" s="C" t="C.ar" l="C"/>
		<a id="15" s="C" t="C.3" l="C"/>
		<a id="16" s="H" t="H" l="H"/>
		<a id="17" s="H" t="H" l="H"/>
		<a id="18" s="H" t="H" l="H"/>
		<a id="19" s="C" t="C.ar" l="C"/>
		<a id="20" s="H" t="H" l="H"/>
		<a id="21" s="C" t="C.3" l="C"/>
		<a id="22" s="H" t="H" l="H"/>
		<a id="23" s="H" t="H" l="H"/>
		<a id="24" s="C" t="C.3" l="C"/>
		<a id="25" s="H" t="H" l="H"/>
		<a id="26" s="H" t="H" l="H"/>
		<a id="27" s="C" t="C.3" l="C"/>
		<a id="28" s="H" t="H" l="H"/>
		<a id="29" s="H" t="H" l="H"/>
		<a id="30" s="C" t="C.3" l="C"/>
		<a id="31" s="H" t="H" l="H"/>
		<a id="32" s="H" t="H" l="H"/>
	</atoms>
	<bonds>
		<b id="1" c="15 14" t="1"/>
		<b id="2" c="14 12" t="ar"/>
		<b id="3" c="12 7" t="ar"/>
		<b id="4" c="7 8" t="1"/>
		<b id="5" c="7 5" t="ar"/>
		<b id="6" c="5 4" t="ar"/>
		<b id="7" c="4 3" t="1"/>
		<b id="8" c="3 2" t="2"/>
		<b id="9" c="2 30" t="1"/>
		<b id="10" c="30 27" t="1"/>
		<b id="11" c="27 24" t="1"/>
		<b id="12" c="24 21" t="1"/>
		<b id="13" c="4 19" t="ar"/>
		<b id="14" c="19 14" t="ar"/>
		<b id="15" c="21 3" t="1"/>
		<b id="16" c="15 16" t="1"/>
		<b id="17" c="15 17" t="1"/>
		<b id="18" c="15 18" t="1"/>
		<b id="19" c="12 13" t="1"/>
		<b id="20" c="8 9" t="1"/>
		<b id="21" c="8 10" t="1"/>
		<b id="22" c="8 11" t="1"/>
		<b id="23" c="5 6" t="1"/>
		<b id="24" c="2 1" t="1"/>
		<b id="25" c="30 31" t="1"/>
		<b id="26" c="30 32" t="1"/>
		<b id="27" c="27 28" t="1"/>
		<b id="28" c="27 29" t="1"/>
		<b id="29" c="24 25" t="1"/>
		<b id="30" c="24 26" t="1"/>
		<b id="31" c="21 22" t="1"/>
		<b id="32" c="21 23" t="1"/>
		<b id="33" c="19 20" t="1"/>
	</bonds>
	<geometry>
		<g u="A" t="cart/3d">#32,3:-1.0922,-2.1162,-0.8727;-1.6816,-1.3397,-0.3899;-1.0943,-0.2155,0.0630;0.3634,-0.0116,-0.0850;0.8695,1.2020,-0.5709;0.1849,1.9906,-0.8750;2.2503,1.4176,-0.6869;2.7708,2.7111,-1.2405;2.8492,2.6469,-2.3300;2.1066,3.5422,-0.9811;3.7578,2.9444,-0.8275;3.1341,0.3915,-0.3336;4.2068,0.5474,-0.4315;2.6536,-0.8322,0.1458;3.6071,-1.9104,0.5683;3.1690,-2.9019,0.4128;3.8563,-1.7952,1.6276;4.5302,-1.8683,-0.0193;1.2706,-1.0172,0.2817;0.8981,-1.9558,0.6875;-1.8873,0.8836,0.7319;-2.0123,1.7156,0.0277;-1.3422,1.2714,1.6013;-3.2707,0.4220,1.2000;-3.8759,1.2933,1.4745;-3.1695,-0.1942,2.1026;-3.9737,-0.3808,0.1114;-4.1270,0.2575,-0.7682;-4.9668,-0.6934,0.4533;-3.1550,-1.6094,-0.2856;-3.3052,-2.4057,0.4533;-3.5243,-1.9896,-1.2449;</g>
	</geometry>
	<conformers/>
	<properties/>
</molecule>
