<?xml version="1.0" ?>
<!--MOLLI PACKAGE EXPERIMENTAL XML FORMAT-->
<molecule name="react_327">
	<atoms>
		<a id="1" s="H" t="H" l="H"/>
		<a id="2" s="C" t="C.2" l="C"/>
		<a id="3" s="C" t="C.2" l="C"/>
		<a id="4" s="C" t="C.ar" l="C"/>
		<a id="5" s="C" t="C.ar" l="C"/>
		<a id="6" s="H" t="H" l="H"/>
		<a id="7" s="C" t="C.ar" l="C"/>
		<a id="8" s="H" t="H" l="H"/>
		<a id="9" s="C" t="C.ar" l="C"/>
		<a id="10" s="H" t="H" l="H"/>
		<a id="11" s="C" t="C.ar" l="C"/>
		<a id="12" s="C" t="C.ar" l="C"/>
		<a id="13" s="H" t="H" l="H"/>
		<a id="14" s="C" t="C.ar" l="C"/>
		<a id="15" s="H" t="H" l="H"/>
		<a id="16" s="C" t="C.ar" l="C"/>
		<a id="17" s="H" t="H" l="H"/>
		<a id="18" s="C" t="C.ar" l="C"/>
		<a id="19" s="H" t="H" l="H"/>
		<a id="20" s="C" t="C.ar" l="C"/>
		<a id="21" s="C" t="C.3" l="C"/>
		<a id="22" s="H" t="H" l="H"/>
		<a id="23" s="H" t="H" l="H"/>
		<a id="24" s="C" t="C.3" l="C"/>
		<a id="25" s="H" t="H" l="H"/>
		<a id="26" s="H" t="H" l="H"/>
		<a id="27" s="C" t="C.3" l="C"/>
		<a id="28" s="H" t="H" l="H"/>
		<a id="29" s="H" t="H" l="H"/>
		<a id="30" s="C" t="C.3" l="C"/>
		<a id="31" s="H" t="H" l="H"/>
		<a id="32" s="H" t="H" l="H"/>
	</atoms>
	<bonds>
		<b id="1" c="2 3" t="2"/>
		<b id="2" c="3 4" t="1"/>
		<b id="3" c="4 5" t="ar"/>
		<b id="4" c="5 7" t="ar"/>
		<b id="5" c="7 9" t="ar"/>
		<b id="6" c="9 11" t="ar"/>
		<b id="7" c="11 12" t="ar"/>
		<b id="8" c="12 14" t="ar"/>
		<b id="9" c="14 16" t="ar"/>
		<b id="10" c="16 18" t="ar"/>
		<b id="11" c="18 20" t="ar"/>
		<b id="12" c="3 21" t="1"/>
		<b id="13" c="21 24" t="1"/>
		<b id="14" c="24 27" t="1"/>
		<b id="15" c="27 30" t="1"/>
		<b id="16" c="30 2" t="1"/>
		<b id="17" c="20 4" t="ar"/>
		<b id="18" c="20 11" t="ar"/>
		<b id="19" c="2 1" t="1"/>
		<b id="20" c="5 6" t="1"/>
		<b id="21" c="7 8" t="1"/>
		<b id="22" c="9 10" t="1"/>
		<b id="23" c="12 13" t="1"/>
		<b id="24" c="14 15" t="1"/>
		<b id="25" c="16 17" t="1"/>
		<b id="26" c="18 19" t="1"/>
		<b id="27" c="21 22" t="1"/>
		<b id="28" c="21 23" t="1"/>
		<b id="29" c="24 25" t="1"/>
		<b id="30" c="24 26" t="1"/>
		<b id="31" c="27 28" t="1"/>
		<b id="32" c="27 29" t="1"/>
		<b id="33" c="30 31" t="1"/>
		<b id="34" c="30 32" t="1"/>
	</bonds>
	<geometry>
		<g u="A" t="cart/3d">#32,3:-1.0975,-0.4476,-2.1989;-1.6242,-0.3411,-1.2526;-1.0256,0.2540,-0.2060;0.3448,0.7836,-0.3426;0.4776,2.1174,-0.7586;-0.4067,2.7162,-0.9654;1.7369,2.6876,-0.9119;1.8311,3.7212,-1.2336;2.8767,1.9298,-0.6531;3.8526,2.3942,-0.7790;2.7764,0.5920,-0.2399;3.9363,-0.1591,0.0150;4.9195,0.2910,-0.1054;3.8556,-1.4894,0.4246;4.7630,-2.0556,0.6169;2.6129,-2.0880,0.5847;2.5423,-3.1248,0.9022;1.4508,-1.3549,0.3356;0.4926,-1.8528,0.4680;1.4998,-0.0033,-0.0799;-1.6826,0.4062,1.1412;-0.9764,0.1687,1.9460;-1.9786,1.4548,1.2721;-2.9153,-0.4895,1.2982;-2.5975,-1.5236,1.4834;-3.4918,-0.1716,2.1743;-3.7925,-0.4453,0.0502;-4.1614,0.5779,-0.0967;-4.6730,-1.0836,0.1853;-3.0185,-0.8926,-1.1921;-3.5713,-0.5850,-2.0870;-2.9563,-1.9871,-1.2134;</g>
	</geometry>
	<conformers/>
	<properties/>
</molecule>
