<?xml version="1.0" ?>
<!--MOLLI PACKAGE EXPERIMENTAL XML FORMAT-->
<molecule name="react_328">
	<atoms>
		<a id="1" s="H" t="H" l="H"/>
		<a id="2" s="C" t="C.2" l="C"/>
		<a id="3" s="C" t="C.2" l="C"/>
		<a id="4" s="C" t="C.ar" l="C"/>
		<a id="5" s="C" t="C.ar" l="C"/>
		<a id="6" s="H" t="H" l="H"/>
		<a id="7" s="C" t="C.ar" l="C"/>
		<a id="8" s="C" t="C.ar" l="C"/>
		<a id="9" s="H" t="H" l="H"/>
		<a id="10" s="C" t="C.ar" l="C"/>
		<a id="11" s="H" t="H" l="H"/>
		<a id="12" s="C" t="C.ar" l="C"/>
		<a id="13" s="H" t="H" l="H"/>
		<a id="14" s="C" t="C.ar" l="C"/>
		<a id="15" s="H" t="H" l="H"/>
		<a id="16" s="C" t="C.ar" l="C"/>
		<a id="17" s="C" t="C.ar" l="C"/>
		<a id="18" s="C" t="C.ar" l="C"/>
		<a id="19" s="H" t="H" l="H"/>
		<a id="20" s="C" t="C.ar" l="C"/>
		<a id="21" s="H" t="H" l="H"/>
		<a id="22" s="C" t="C.ar" l="C"/>
		<a id="23" s="H" t="H" l="H"/>
		<a id="24" s="C" t="C.ar" l="C"/>
		<a id="25" s="H" t="H" l="H"/>
		<a id="26" s="C" t="C.ar" l="C"/>
		<a id="27" s="C" t="C.3" l="C"/>
		<a id="28" s="H" t="H" l="H"/>
		<a id="29" s="H" t="H" l="H"/>
		<a id="30" s="C" t="C.3" l="C"/>
		<a id="31" s="H" t="H" l="H"/>
		<a id="32" s="H" t="H" l="H"/>
		<a id="33" s="C" t="C.3" l="C"/>
		<a id="34" s="H" t="H" l="H"/>
		<a id="35" s="H" t="H" l="H"/>
		<a id="36" s="C" t="C.3" l="C"/>
		<a id="37" s="H" t="H" l="H"/>
		<a id="38" s="H" t="H" l="H"/>
	</atoms>
	<bonds>
		<b id="1" c="2 3" t="2"/>
		<b id="2" c="3 4" t="1"/>
		<b id="3" c="4 5" t="ar"/>
		<b id="4" c="5 7" t="ar"/>
		<b id="5" c="7 8" t="ar"/>
		<b id="6" c="8 10" t="ar"/>
		<b id="7" c="10 12" t="ar"/>
		<b id="8" c="12 14" t="ar"/>
		<b id="9" c="14 16" t="ar"/>
		<b id="10" c="16 17" t="ar"/>
		<b id="11" c="17 18" t="ar"/>
		<b id="12" c="18 20" t="ar"/>
		<b id="13" c="20 22" t="ar"/>
		<b id="14" c="22 24" t="ar"/>
		<b id="15" c="24 26" t="ar"/>
		<b id="16" c="3 27" t="1"/>
		<b id="17" c="27 30" t="1"/>
		<b id="18" c="30 33" t="1"/>
		<b id="19" c="33 36" t="1"/>
		<b id="20" c="36 2" t="1"/>
		<b id="21" c="26 4" t="ar"/>
		<b id="22" c="16 7" t="ar"/>
		<b id="23" c="26 17" t="ar"/>
		<b id="24" c="2 1" t="1"/>
		<b id="25" c="5 6" t="1"/>
		<b id="26" c="8 9" t="1"/>
		<b id="27" c="10 11" t="1"/>
		<b id="28" c="12 13" t="1"/>
		<b id="29" c="14 15" t="1"/>
		<b id="30" c="18 19" t="1"/>
		<b id="31" c="20 21" t="1"/>
		<b id="32" c="22 23" t="1"/>
		<b id="33" c="24 25" t="1"/>
		<b id="34" c="27 28" t="1"/>
		<b id="35" c="27 29" t="1"/>
		<b id="36" c="30 31" t="1"/>
		<b id="37" c="30 32" t="1"/>
		<b id="38" c="33 34" t="1"/>
		<b id="39" c="33 35" t="1"/>
		<b id="40" c="36 37" t="1"/>
		<b id="41" c="36 38" t="1"/>
	</bonds>
	<geometry>
		<g u="A" t="cart/3d">#38,3:-1.7840,1.3061,-1.7094;-2.3036,0.5973,-1.0675;-1.6115,-0.1915,-0.2265;-0.1385,-0.0948,-0.1673;0.5801,-0.9088,-1.0502;0.0311,-1.5628,-1.7264;1.9750,-0.8981,-1.0783;2.6512,-1.7372,-1.9815;2.0926,-2.3873,-2.6522;4.0413,-1.7586,-2.0412;4.5483,-2.4128,-2.7449;4.7713,-0.9389,-1.1962;5.8575,-0.9457,-1.2325;4.1080,-0.1002,-0.2947;4.7316,0.5202,0.3422;2.6921,-0.0479,-0.2020;1.9652,0.8013,0.7093;2.6017,1.6857,1.6194;3.6847,1.7548,1.6636;1.8898,2.5069,2.4965;2.4215,3.1686,3.1749;0.5078,2.4746,2.4953;-0.0587,3.1096,3.1704;-0.1544,1.6197,1.6178;-1.2425,1.6212,1.6399;0.5420,0.7741,0.7190;-2.2630,-1.2191,0.6631;-2.2390,-0.8573,1.6987;-1.7030,-2.1617,0.6393;-3.7140,-1.5078,0.2652;-4.2152,-2.0534,1.0726;-3.7304,-2.1593,-0.6180;-4.4696,-0.2184,-0.0433;-4.5059,0.4048,0.8595;-5.5068,-0.4448,-0.3147;-3.7998,0.5621,-1.1766;-4.0641,0.1123,-2.1410;-4.1888,1.5867,-1.1827;</g>
	</geometry>
	<conformers/>
	<properties/>
</molecule>
