<?xml version="1.0" ?>
<!--MOLLI PACKAGE EXPERIMENTAL XML FORMAT-->
<molecule name="react_329">
	<atoms>
		<a id="1" s="H" t="H" l="H"/>
		<a id="2" s="C" t="C.2" l="C"/>
		<a id="3" s="C" t="C.2" l="C"/>
		<a id="4" s="C" t="C.ar" l="C"/>
		<a id="5" s="C" t="C.ar" l="C"/>
		<a id="6" s="H" t="H" l="H"/>
		<a id="7" s="C" t="C.ar" l="C"/>
		<a id="8" s="H" t="H" l="H"/>
		<a id="9" s="C" t="C.ar" l="C"/>
		<a id="10" s="H" t="H" l="H"/>
		<a id="11" s="C" t="C.ar" l="C"/>
		<a id="12" s="H" t="H" l="H"/>
		<a id="13" s="C" t="C.ar" l="C"/>
		<a id="14" s="H" t="H" l="H"/>
		<a id="15" s="C" t="C.3" l="C"/>
		<a id="16" s="H" t="H" l="H"/>
		<a id="17" s="H" t="H" l="H"/>
		<a id="18" s="C" t="C.3" l="C"/>
		<a id="19" s="H" t="H" l="H"/>
		<a id="20" s="H" t="H" l="H"/>
		<a id="21" s="C" t="C.3" l="C"/>
		<a id="22" s="H" t="H" l="H"/>
		<a id="23" s="H" t="H" l="H"/>
		<a id="24" s="C" t="C.3" l="C"/>
		<a id="25" s="H" t="H" l="H"/>
		<a id="26" s="H" t="H" l="H"/>
		<a id="27" s="C" t="C.3" l="C"/>
		<a id="28" s="H" t="H" l="H"/>
		<a id="29" s="H" t="H" l="H"/>
	</atoms>
	<bonds>
		<b id="1" c="2 3" t="2"/>
		<b id="2" c="3 4" t="1"/>
		<b id="3" c="4 5" t="ar"/>
		<b id="4" c="5 7" t="ar"/>
		<b id="5" c="7 9" t="ar"/>
		<b id="6" c="9 11" t="ar"/>
		<b id="7" c="11 13" t="ar"/>
		<b id="8" c="3 15" t="1"/>
		<b id="9" c="15 18" t="1"/>
		<b id="10" c="18 21" t="1"/>
		<b id="11" c="21 24" t="1"/>
		<b id="12" c="24 27" t="1"/>
		<b id="13" c="27 2" t="1"/>
		<b id="14" c="13 4" t="ar"/>
		<b id="15" c="2 1" t="1"/>
		<b id="16" c="5 6" t="1"/>
		<b id="17" c="7 8" t="1"/>
		<b id="18" c="9 10" t="1"/>
		<b id="19" c="11 12" t="1"/>
		<b id="20" c="13 14" t="1"/>
		<b id="21" c="15 16" t="1"/>
		<b id="22" c="15 17" t="1"/>
		<b id="23" c="18 19" t="1"/>
		<b id="24" c="18 20" t="1"/>
		<b id="25" c="21 22" t="1"/>
		<b id="26" c="21 23" t="1"/>
		<b id="27" c="24 25" t="1"/>
		<b id="28" c="24 26" t="1"/>
		<b id="29" c="27 28" t="1"/>
		<b id="30" c="27 29" t="1"/>
	</bonds>
	<geometry>
		<g u="A" t="cart/3d">#29,3:0.1751,1.2465,1.9558;-0.5012,0.7554,1.2545;0.0298,0.0867,0.2127;1.5005,0.0827,0.0801;2.1781,1.2468,-0.3051;1.6233,2.1578,-0.5164;3.5692,1.2469,-0.4269;4.0867,2.1536,-0.7287;4.2929,0.0853,-0.1615;5.3757,0.0861,-0.2557;3.6276,-1.0766,0.2271;4.1913,-1.9815,0.4382;2.2364,-1.0783,0.3488;1.7295,-1.9880,0.6612;-0.7256,-0.7361,-0.8066;-0.0714,-1.5293,-1.1916;-0.9785,-0.1087,-1.6702;-1.9734,-1.4295,-0.2584;-1.7462,-1.8955,0.7093;-2.2458,-2.2541,-0.9294;-3.1909,-0.5202,-0.1163;-3.9125,-1.0137,0.5470;-3.6889,-0.4342,-1.0904;-2.9156,0.8891,0.3990;-2.5389,1.5147,-0.4205;-3.8740,1.3333,0.6965;-1.9545,0.9543,1.5827;-2.2522,0.2485,2.3667;-2.0467,1.9578,2.0184;</g>
	</geometry>
	<conformers/>
	<properties/>
</molecule>
