<?xml version="1.0" ?>
<!--MOLLI PACKAGE EXPERIMENTAL XML FORMAT-->
<molecule name="react_330">
	<atoms>
		<a id="1" s="H" t="H" l="H"/>
		<a id="2" s="C" t="C.2" l="C"/>
		<a id="3" s="C" t="C.2" l="C"/>
		<a id="4" s="C" t="C.ar" l="C"/>
		<a id="5" s="C" t="C.ar" l="C"/>
		<a id="6" s="H" t="H" l="H"/>
		<a id="7" s="C" t="C.ar" l="C"/>
		<a id="8" s="H" t="H" l="H"/>
		<a id="9" s="C" t="C.ar" l="C"/>
		<a id="10" s="H" t="H" l="H"/>
		<a id="11" s="C" t="C.ar" l="C"/>
		<a id="12" s="H" t="H" l="H"/>
		<a id="13" s="C" t="C.ar" l="C"/>
		<a id="14" s="H" t="H" l="H"/>
		<a id="15" s="C" t="C.3" l="C"/>
		<a id="16" s="H" t="H" l="H"/>
		<a id="17" s="H" t="H" l="H"/>
		<a id="18" s="C" t="C.3" l="C"/>
		<a id="19" s="H" t="H" l="H"/>
		<a id="20" s="H" t="H" l="H"/>
		<a id="21" s="C" t="C.3" l="C"/>
		<a id="22" s="H" t="H" l="H"/>
		<a id="23" s="H" t="H" l="H"/>
		<a id="24" s="C" t="C.3" l="C"/>
		<a id="25" s="H" t="H" l="H"/>
		<a id="26" s="H" t="H" l="H"/>
		<a id="27" s="C" t="C.3" l="C"/>
		<a id="28" s="H" t="H" l="H"/>
		<a id="29" s="H" t="H" l="H"/>
		<a id="30" s="C" t="C.3" l="C"/>
		<a id="31" s="H" t="H" l="H"/>
		<a id="32" s="H" t="H" l="H"/>
	</atoms>
	<bonds>
		<b id="1" c="2 3" t="2"/>
		<b id="2" c="3 4" t="1"/>
		<b id="3" c="4 5" t="ar"/>
		<b id="4" c="5 7" t="ar"/>
		<b id="5" c="7 9" t="ar"/>
		<b id="6" c="9 11" t="ar"/>
		<b id="7" c="11 13" t="ar"/>
		<b id="8" c="3 15" t="1"/>
		<b id="9" c="15 18" t="1"/>
		<b id="10" c="18 21" t="1"/>
		<b id="11" c="21 24" t="1"/>
		<b id="12" c="24 27" t="1"/>
		<b id="13" c="27 30" t="1"/>
		<b id="14" c="30 2" t="1"/>
		<b id="15" c="13 4" t="ar"/>
		<b id="16" c="2 1" t="1"/>
		<b id="17" c="5 6" t="1"/>
		<b id="18" c="7 8" t="1"/>
		<b id="19" c="9 10" t="1"/>
		<b id="20" c="11 12" t="1"/>
		<b id="21" c="13 14" t="1"/>
		<b id="22" c="15 16" t="1"/>
		<b id="23" c="15 17" t="1"/>
		<b id="24" c="18 19" t="1"/>
		<b id="25" c="18 20" t="1"/>
		<b id="26" c="21 22" t="1"/>
		<b id="27" c="21 23" t="1"/>
		<b id="28" c="24 25" t="1"/>
		<b id="29" c="24 26" t="1"/>
		<b id="30" c="27 28" t="1"/>
		<b id="31" c="27 29" t="1"/>
		<b id="32" c="30 31" t="1"/>
		<b id="33" c="30 32" t="1"/>
	</bonds>
	<geometry>
		<g u="A" t="cart/3d">#32,3:0.5419,-2.0677,-0.9302;-0.1355,-1.2099,-0.9320;0.3349,-0.0562,-0.4228;1.7173,-0.0686,0.1026;2.0082,-0.7112,1.3132;1.2164,-1.1982,1.8774;3.3137,-0.7270,1.8081;3.5306,-1.2253,2.7491;4.3374,-0.1041,1.0954;5.3536,-0.1173,1.4807;4.0580,0.5336,-0.1125;4.8561,1.0161,-0.6703;2.7527,0.5507,-0.6085;2.5475,1.0446,-1.5552;-0.3633,1.2795,-0.3711;-0.8931,1.4851,-1.3064;0.3911,2.0763,-0.3144;-1.2812,1.4292,0.8438;-0.9009,0.8529,1.6964;-1.2588,2.4812,1.1573;-2.7459,1.0694,0.5936;-3.2915,1.2467,1.5295;-3.1755,1.7616,-0.1412;-3.0064,-0.3731,0.1630;-2.4968,-1.0743,0.8338;-4.0810,-0.5557,0.2961;-2.6750,-0.6443,-1.3073;-3.5398,-1.1530,-1.7551;-2.5661,0.2808,-1.8820;-1.4722,-1.5628,-1.5182;-1.3341,-1.7104,-2.5968;-1.7424,-2.5488,-1.1160;</g>
	</geometry>
	<conformers/>
	<properties/>
</molecule>
