<?xml version="1.0" ?>
<!--MOLLI PACKAGE EXPERIMENTAL XML FORMAT-->
<molecule name="react_55">
	<atoms>
		<a id="1" s="H" t="H" l="H"/>
		<a id="2" s="C" t="C.2" l="C"/>
		<a id="3" s="C" t="C.2" l="C"/>
		<a id="4" s="H" t="H" l="H"/>
		<a id="5" s="C" t="C.3" l="C"/>
		<a id="6" s="H" t="H" l="H"/>
		<a id="7" s="H" t="H" l="H"/>
		<a id="8" s="C" t="C.3" l="C"/>
		<a id="9" s="H" t="H" l="H"/>
		<a id="10" s="H" t="H" l="H"/>
		<a id="11" s="C" t="C.3" l="C"/>
		<a id="12" s="H" t="H" l="H"/>
		<a id="13" s="H" t="H" l="H"/>
		<a id="14" s="C" t="C.3" l="C"/>
		<a id="15" s="H" t="H" l="H"/>
		<a id="16" s="H" t="H" l="H"/>
		<a id="17" s="C" t="C.3" l="C"/>
		<a id="18" s="H" t="H" l="H"/>
		<a id="19" s="H" t="H" l="H"/>
		<a id="20" s="C" t="C.3" l="C"/>
		<a id="21" s="H" t="H" l="H"/>
		<a id="22" s="H" t="H" l="H"/>
		<a id="23" s="C" t="C.3" l="C"/>
		<a id="24" s="H" t="H" l="H"/>
		<a id="25" s="H" t="H" l="H"/>
		<a id="26" s="C" t="C.3" l="C"/>
		<a id="27" s="H" t="H" l="H"/>
		<a id="28" s="H" t="H" l="H"/>
		<a id="29" s="C" t="C.3" l="C"/>
		<a id="30" s="H" t="H" l="H"/>
		<a id="31" s="H" t="H" l="H"/>
		<a id="32" s="C" t="C.3" l="C"/>
		<a id="33" s="H" t="H" l="H"/>
		<a id="34" s="H" t="H" l="H"/>
		<a id="35" s="C" t="C.3" l="C"/>
		<a id="36" s="H" t="H" l="H"/>
		<a id="37" s="H" t="H" l="H"/>
		<a id="38" s="C" t="C.3" l="C"/>
		<a id="39" s="H" t="H" l="H"/>
		<a id="40" s="H" t="H" l="H"/>
		<a id="41" s="C" t="C.3" l="C"/>
		<a id="42" s="H" t="H" l="H"/>
		<a id="43" s="H" t="H" l="H"/>
		<a id="44" s="C" t="C.3" l="C"/>
		<a id="45" s="H" t="H" l="H"/>
		<a id="46" s="H" t="H" l="H"/>
		<a id="47" s="H" t="H" l="H"/>
		<a id="48" s="C" t="C.3" l="C"/>
		<a id="49" s="H" t="H" l="H"/>
		<a id="50" s="H" t="H" l="H"/>
		<a id="51" s="O" t="O.3" l="O"/>
		<a id="52" s="Si" t="Si" l="SI"/>
		<a id="53" s="C" t="C.3" l="C"/>
		<a id="54" s="H" t="H" l="H"/>
		<a id="55" s="H" t="H" l="H"/>
		<a id="56" s="H" t="H" l="H"/>
		<a id="57" s="C" t="C.3" l="C"/>
		<a id="58" s="H" t="H" l="H"/>
		<a id="59" s="H" t="H" l="H"/>
		<a id="60" s="H" t="H" l="H"/>
		<a id="61" s="C" t="C.3" l="C"/>
		<a id="62" s="C" t="C.3" l="C"/>
		<a id="63" s="H" t="H" l="H"/>
		<a id="64" s="H" t="H" l="H"/>
		<a id="65" s="H" t="H" l="H"/>
		<a id="66" s="C" t="C.3" l="C"/>
		<a id="67" s="H" t="H" l="H"/>
		<a id="68" s="H" t="H" l="H"/>
		<a id="69" s="H" t="H" l="H"/>
		<a id="70" s="C" t="C.3" l="C"/>
		<a id="71" s="H" t="H" l="H"/>
		<a id="72" s="H" t="H" l="H"/>
		<a id="73" s="H" t="H" l="H"/>
	</atoms>
	<bonds>
		<b id="1" c="44 41" t="1"/>
		<b id="2" c="41 38" t="1"/>
		<b id="3" c="38 35" t="1"/>
		<b id="4" c="35 32" t="1"/>
		<b id="5" c="32 29" t="1"/>
		<b id="6" c="29 26" t="1"/>
		<b id="7" c="26 23" t="1"/>
		<b id="8" c="23 20" t="1"/>
		<b id="9" c="20 17" t="1"/>
		<b id="10" c="17 14" t="1"/>
		<b id="11" c="14 11" t="1"/>
		<b id="12" c="11 8" t="1"/>
		<b id="13" c="8 5" t="1"/>
		<b id="14" c="5 3" t="1"/>
		<b id="15" c="3 2" t="2"/>
		<b id="16" c="2 48" t="1"/>
		<b id="17" c="48 51" t="1"/>
		<b id="18" c="51 52" t="1"/>
		<b id="19" c="52 53" t="1"/>
		<b id="20" c="52 57" t="1"/>
		<b id="21" c="52 61" t="1"/>
		<b id="22" c="61 62" t="1"/>
		<b id="23" c="61 66" t="1"/>
		<b id="24" c="61 70" t="1"/>
		<b id="25" c="44 45" t="1"/>
		<b id="26" c="44 46" t="1"/>
		<b id="27" c="44 47" t="1"/>
		<b id="28" c="41 42" t="1"/>
		<b id="29" c="41 43" t="1"/>
		<b id="30" c="38 39" t="1"/>
		<b id="31" c="38 40" t="1"/>
		<b id="32" c="35 36" t="1"/>
		<b id="33" c="35 37" t="1"/>
		<b id="34" c="32 33" t="1"/>
		<b id="35" c="32 34" t="1"/>
		<b id="36" c="29 30" t="1"/>
		<b id="37" c="29 31" t="1"/>
		<b id="38" c="26 27" t="1"/>
		<b id="39" c="26 28" t="1"/>
		<b id="40" c="23 24" t="1"/>
		<b id="41" c="23 25" t="1"/>
		<b id="42" c="20 21" t="1"/>
		<b id="43" c="20 22" t="1"/>
		<b id="44" c="17 18" t="1"/>
		<b id="45" c="17 19" t="1"/>
		<b id="46" c="14 15" t="1"/>
		<b id="47" c="14 16" t="1"/>
		<b id="48" c="11 12" t="1"/>
		<b id="49" c="11 13" t="1"/>
		<b id="50" c="8 9" t="1"/>
		<b id="51" c="8 10" t="1"/>
		<b id="52" c="5 6" t="1"/>
		<b id="53" c="5 7" t="1"/>
		<b id="54" c="3 4" t="1"/>
		<b id="55" c="2 1" t="1"/>
		<b id="56" c="48 49" t="1"/>
		<b id="57" c="48 50" t="1"/>
		<b id="58" c="53 54" t="1"/>
		<b id="59" c="53 55" t="1"/>
		<b id="60" c="53 56" t="1"/>
		<b id="61" c="57 58" t="1"/>
		<b id="62" c="57 59" t="1"/>
		<b id="63" c="57 60" t="1"/>
		<b id="64" c="62 63" t="1"/>
		<b id="65" c="62 64" t="1"/>
		<b id="66" c="62 65" t="1"/>
		<b id="67" c="66 67" t="1"/>
		<b id="68" c="66 68" t="1"/>
		<b id="69" c="66 69" t="1"/>
		<b id="70" c="70 71" t="1"/>
		<b id="71" c="70 72" t="1"/>
		<b id="72" c="70 73" t="1"/>
	</bonds>
	<geometry>
		<g u="A" t="cart/3d">#73,3:-3.0246,-0.2552,-1.3949;-3.7125,-0.4537,-0.5779;-3.2787,-0.3700,0.6915;-3.9883,-0.5777,1.4928;-1.8939,-0.0263,1.1715;-1.5356,-0.8686,1.7764;-1.9804,0.8316,1.8504;-0.8487,0.2957,0.0977;-1.1726,1.1650,-0.4870;-0.7522,-0.5489,-0.5947;0.5180,0.5814,0.7274;0.8434,-0.3045,1.2826;0.4274,1.4010,1.4504;1.5550,0.9538,-0.3356;1.2062,1.8482,-0.8678;1.6345,0.1533,-1.0817;2.9404,1.2539,0.2484;2.8521,1.9964,1.0509;3.5436,1.7116,-0.5449;3.6537,0.0029,0.7698;3.7567,-0.7301,-0.0386;3.0402,-0.4764,1.5406;5.0228,0.2930,1.3930;4.8829,0.9391,2.2686;5.4336,-0.6514,1.7722;6.0620,0.9453,0.4751;5.7350,1.9526,0.1926;6.9781,1.0725,1.0636;6.3649,0.1272,-0.7825;6.6392,-0.8971,-0.5068;5.4570,0.0497,-1.3924;7.4558,0.7463,-1.6639;7.1296,1.7431,-1.9856;7.5448,0.1434,-2.5766;8.8422,0.8724,-1.0213;8.7950,1.5658,-0.1754;9.5151,1.3313,-1.7567;9.4292,-0.4703,-0.5783;8.8228,-0.9035,0.2250;9.3916,-1.1729,-1.4202;10.8813,-0.3663,-0.1052;11.5010,0.0791,-0.8925;11.2648,-1.3800,0.0643;11.0414,0.4306,1.1807;10.4196,0.0143,1.9794;12.0840,0.4007,1.5130;10.7684,1.4801,1.0401;-5.1041,-0.8166,-1.0255;-5.4925,0.0023,-1.6430;-5.0363,-1.7241,-1.6380;-5.9546,-1.0420,0.0907;-7.5627,-1.4463,-0.1496;-7.9144,-2.1482,-1.8552;-7.3288,-3.0570,-2.0224;-8.9726,-2.4043,-1.9593;-7.6576,-1.4287,-2.6376;-8.1513,-2.6617,1.1592;-9.2110,-2.8966,1.0252;-7.5847,-3.5950,1.0913;-8.0116,-2.2507,2.1626;-8.7157,0.2722,0.0602;-10.2052,-0.0909,-0.1011;-10.5332,-0.8012,0.6657;-10.4089,-0.5395,-1.0798;-10.8341,0.8026,-0.0108;-8.3017,1.2897,-1.0220;-7.2489,1.5761,-0.9234;-8.8999,2.2048,-0.9426;-8.4461,0.8877,-2.0309;-8.4639,0.8670,1.4609;-9.0427,1.7876,1.6004;-7.4061,1.1142,1.6087;-8.7571,0.1701,2.2539;</g>
	</geometry>
	<conformers/>
	<properties/>
</molecule>
