<?xml version="1.0" ?>
<!--MOLLI PACKAGE EXPERIMENTAL XML FORMAT-->
<molecule name="react_397">
	<atoms>
		<a id="1" s="H" t="H" l="H"/>
		<a id="2" s="C" t="C.2" l="C"/>
		<a id="3" s="C" t="C.2" l="C"/>
		<a id="4" s="C" t="C.2" l="C"/>
		<a id="5" s="O" t="O.2" l="O"/>
		<a id="6" s="O" t="O.3" l="O"/>
		<a id="7" s="C" t="C.3" l="C"/>
		<a id="8" s="H" t="H" l="H"/>
		<a id="9" s="H" t="H" l="H"/>
		<a id="10" s="H" t="H" l="H"/>
		<a id="11" s="C" t="C.3" l="C"/>
		<a id="12" s="H" t="H" l="H"/>
		<a id="13" s="H" t="H" l="H"/>
		<a id="14" s="C" t="C.ar" l="C"/>
		<a id="15" s="C" t="C.ar" l="C"/>
		<a id="16" s="O" t="O.3" l="O"/>
		<a id="17" s="C" t="C.3" l="C"/>
		<a id="18" s="H" t="H" l="H"/>
		<a id="19" s="H" t="H" l="H"/>
		<a id="20" s="H" t="H" l="H"/>
		<a id="21" s="C" t="C.ar" l="C"/>
		<a id="22" s="H" t="H" l="H"/>
		<a id="23" s="C" t="C.ar" l="C"/>
		<a id="24" s="H" t="H" l="H"/>
		<a id="25" s="C" t="C.ar" l="C"/>
		<a id="26" s="H" t="H" l="H"/>
		<a id="27" s="C" t="C.ar" l="C"/>
		<a id="28" s="C" t="C.3" l="C"/>
		<a id="29" s="H" t="H" l="H"/>
		<a id="30" s="H" t="H" l="H"/>
	</atoms>
	<bonds>
		<b id="1" c="7 6" t="1"/>
		<b id="2" c="6 4" t="1"/>
		<b id="3" c="4 5" t="2"/>
		<b id="4" c="4 3" t="1"/>
		<b id="5" c="3 2" t="2"/>
		<b id="6" c="2 28" t="1"/>
		<b id="7" c="28 27" t="1"/>
		<b id="8" c="27 25" t="ar"/>
		<b id="9" c="25 23" t="ar"/>
		<b id="10" c="23 21" t="ar"/>
		<b id="11" c="21 15" t="ar"/>
		<b id="12" c="15 16" t="1"/>
		<b id="13" c="16 17" t="1"/>
		<b id="14" c="15 14" t="ar"/>
		<b id="15" c="14 11" t="1"/>
		<b id="16" c="11 3" t="1"/>
		<b id="17" c="14 27" t="ar"/>
		<b id="18" c="7 8" t="1"/>
		<b id="19" c="7 9" t="1"/>
		<b id="20" c="7 10" t="1"/>
		<b id="21" c="2 1" t="1"/>
		<b id="22" c="28 29" t="1"/>
		<b id="23" c="28 30" t="1"/>
		<b id="24" c="25 26" t="1"/>
		<b id="25" c="23 24" t="1"/>
		<b id="26" c="21 22" t="1"/>
		<b id="27" c="17 18" t="1"/>
		<b id="28" c="17 19" t="1"/>
		<b id="29" c="17 20" t="1"/>
		<b id="30" c="11 12" t="1"/>
		<b id="31" c="11 13" t="1"/>
	</bonds>
	<geometry>
		<g u="A" t="cart/3d">#30,3:2.7932,1.6972,0.2351;1.8011,1.2598,0.1599;1.6234,-0.0711,0.2389;2.7531,-1.0236,0.4316;2.6025,-2.2346,0.5047;3.9440,-0.3764,0.5128;5.0634,-1.2429,0.6980;5.9645,-0.6256,0.7501;4.9690,-1.7968,1.6373;5.1625,-1.9287,-0.1494;0.2698,-0.7208,0.1403;0.2822,-1.4211,-0.7051;0.0909,-1.2907,1.0614;-0.8983,0.2284,-0.0563;-2.2055,-0.2944,-0.1593;-2.3070,-1.6591,-0.0696;-3.6054,-2.2291,-0.1682;-4.2498,-1.8873,0.6484;-3.5013,-3.3145,-0.0767;-4.0556,-2.0196,-1.1440;-3.2874,0.5715,-0.3404;-4.3055,0.2069,-0.4238;-3.0820,1.9485,-0.4198;-3.9283,2.6159,-0.5607;-1.7953,2.4698,-0.3189;-1.6520,3.5465,-0.3829;-0.6943,1.6203,-0.1370;0.6809,2.2329,-0.0332;0.6883,2.9341,0.8103;0.8788,2.8044,-0.9483;</g>
	</geometry>
	<conformers/>
	<properties/>
</molecule>
