<?xml version="1.0" ?>
<!--MOLLI PACKAGE EXPERIMENTAL XML FORMAT-->
<molecule name="react_398">
	<atoms>
		<a id="1" s="H" t="H" l="H"/>
		<a id="2" s="C" t="C.2" l="C"/>
		<a id="3" s="C" t="C.2" l="C"/>
		<a id="4" s="C" t="C.ar" l="C"/>
		<a id="5" s="C" t="C.ar" l="C"/>
		<a id="6" s="H" t="H" l="H"/>
		<a id="7" s="C" t="C.ar" l="C"/>
		<a id="8" s="H" t="H" l="H"/>
		<a id="9" s="C" t="C.ar" l="C"/>
		<a id="10" s="C" t="C.3" l="C"/>
		<a id="11" s="H" t="H" l="H"/>
		<a id="12" s="H" t="H" l="H"/>
		<a id="13" s="H" t="H" l="H"/>
		<a id="14" s="C" t="C.ar" l="C"/>
		<a id="15" s="H" t="H" l="H"/>
		<a id="16" s="C" t="C.ar" l="C"/>
		<a id="17" s="H" t="H" l="H"/>
		<a id="18" s="C" t="C.3" l="C"/>
		<a id="19" s="H" t="H" l="H"/>
		<a id="20" s="H" t="H" l="H"/>
		<a id="21" s="C" t="C.3" l="C"/>
		<a id="22" s="H" t="H" l="H"/>
		<a id="23" s="H" t="H" l="H"/>
		<a id="24" s="C" t="C.3" l="C"/>
		<a id="25" s="H" t="H" l="H"/>
		<a id="26" s="H" t="H" l="H"/>
		<a id="27" s="C" t="C.3" l="C"/>
		<a id="28" s="H" t="H" l="H"/>
		<a id="29" s="H" t="H" l="H"/>
	</atoms>
	<bonds>
		<b id="1" c="10 9" t="1"/>
		<b id="2" c="9 7" t="ar"/>
		<b id="3" c="7 5" t="ar"/>
		<b id="4" c="5 4" t="ar"/>
		<b id="5" c="4 3" t="1"/>
		<b id="6" c="3 2" t="2"/>
		<b id="7" c="2 27" t="1"/>
		<b id="8" c="27 24" t="1"/>
		<b id="9" c="24 21" t="1"/>
		<b id="10" c="21 18" t="1"/>
		<b id="11" c="4 16" t="ar"/>
		<b id="12" c="16 14" t="ar"/>
		<b id="13" c="14 9" t="ar"/>
		<b id="14" c="18 3" t="1"/>
		<b id="15" c="10 11" t="1"/>
		<b id="16" c="10 12" t="1"/>
		<b id="17" c="10 13" t="1"/>
		<b id="18" c="7 8" t="1"/>
		<b id="19" c="5 6" t="1"/>
		<b id="20" c="2 1" t="1"/>
		<b id="21" c="27 28" t="1"/>
		<b id="22" c="27 29" t="1"/>
		<b id="23" c="24 25" t="1"/>
		<b id="24" c="24 26" t="1"/>
		<b id="25" c="21 22" t="1"/>
		<b id="26" c="21 23" t="1"/>
		<b id="27" c="18 19" t="1"/>
		<b id="28" c="18 20" t="1"/>
		<b id="29" c="16 17" t="1"/>
		<b id="30" c="14 15" t="1"/>
	</bonds>
	<geometry>
		<g u="A" t="cart/3d">#29,3:-1.2477,1.4846,-1.4754;-1.6769,0.9455,-0.6334;-0.9115,0.1310,0.1169;0.5256,-0.0136,-0.1830;1.3672,1.1065,-0.1825;0.9661,2.0924,0.0413;2.7312,0.9752,-0.4599;3.3603,1.8623,-0.4574;3.2810,-0.2813,-0.7339;4.7371,-0.4187,-1.0656;5.1176,-1.3978,-0.7560;5.3300,0.3395,-0.5432;4.8877,-0.3050,-2.1435;2.4406,-1.3995,-0.7513;2.8405,-2.3837,-0.9844;1.0766,-1.2671,-0.4727;0.4462,-2.1522,-0.5023;-1.4754,-0.6801,1.2595;-1.1348,-0.2309,2.2014;-1.0989,-1.7090,1.2442;-3.0066,-0.7388,1.2572;-3.3616,-1.1083,2.2260;-3.3455,-1.4562,0.4988;-3.6121,0.6296,0.9658;-4.7062,0.5690,0.9783;-3.3232,1.3310,1.7591;-3.1413,1.1640,-0.3871;-3.3638,2.2356,-0.4445;-3.7024,0.6760,-1.1930;</g>
	</geometry>
	<conformers/>
	<properties/>
</molecule>
