<?xml version="1.0" ?>
<!--MOLLI PACKAGE EXPERIMENTAL XML FORMAT-->
<molecule name="react_399">
	<atoms>
		<a id="1" s="H" t="H" l="H"/>
		<a id="2" s="C" t="C.2" l="C"/>
		<a id="3" s="C" t="C.2" l="C"/>
		<a id="4" s="C" t="C.ar" l="C"/>
		<a id="5" s="C" t="C.ar" l="C"/>
		<a id="6" s="H" t="H" l="H"/>
		<a id="7" s="C" t="C.ar" l="C"/>
		<a id="8" s="H" t="H" l="H"/>
		<a id="9" s="C" t="C.ar" l="C"/>
		<a id="10" s="O" t="O.3" l="O"/>
		<a id="11" s="C" t="C.3" l="C"/>
		<a id="12" s="H" t="H" l="H"/>
		<a id="13" s="H" t="H" l="H"/>
		<a id="14" s="H" t="H" l="H"/>
		<a id="15" s="C" t="C.ar" l="C"/>
		<a id="16" s="H" t="H" l="H"/>
		<a id="17" s="C" t="C.ar" l="C"/>
		<a id="18" s="H" t="H" l="H"/>
		<a id="19" s="C" t="C.3" l="C"/>
		<a id="20" s="H" t="H" l="H"/>
		<a id="21" s="H" t="H" l="H"/>
		<a id="22" s="C" t="C.3" l="C"/>
		<a id="23" s="H" t="H" l="H"/>
		<a id="24" s="H" t="H" l="H"/>
		<a id="25" s="C" t="C.3" l="C"/>
		<a id="26" s="H" t="H" l="H"/>
		<a id="27" s="H" t="H" l="H"/>
		<a id="28" s="C" t="C.3" l="C"/>
		<a id="29" s="H" t="H" l="H"/>
		<a id="30" s="H" t="H" l="H"/>
	</atoms>
	<bonds>
		<b id="1" c="11 10" t="1"/>
		<b id="2" c="10 9" t="1"/>
		<b id="3" c="9 7" t="ar"/>
		<b id="4" c="7 5" t="ar"/>
		<b id="5" c="5 4" t="ar"/>
		<b id="6" c="4 3" t="1"/>
		<b id="7" c="3 2" t="2"/>
		<b id="8" c="2 28" t="1"/>
		<b id="9" c="28 25" t="1"/>
		<b id="10" c="25 22" t="1"/>
		<b id="11" c="22 19" t="1"/>
		<b id="12" c="4 17" t="ar"/>
		<b id="13" c="17 15" t="ar"/>
		<b id="14" c="15 9" t="ar"/>
		<b id="15" c="19 3" t="1"/>
		<b id="16" c="11 12" t="1"/>
		<b id="17" c="11 13" t="1"/>
		<b id="18" c="11 14" t="1"/>
		<b id="19" c="7 8" t="1"/>
		<b id="20" c="5 6" t="1"/>
		<b id="21" c="2 1" t="1"/>
		<b id="22" c="28 29" t="1"/>
		<b id="23" c="28 30" t="1"/>
		<b id="24" c="25 26" t="1"/>
		<b id="25" c="25 27" t="1"/>
		<b id="26" c="22 23" t="1"/>
		<b id="27" c="22 24" t="1"/>
		<b id="28" c="19 20" t="1"/>
		<b id="29" c="19 21" t="1"/>
		<b id="30" c="17 18" t="1"/>
		<b id="31" c="15 16" t="1"/>
	</bonds>
	<geometry>
		<g u="A" t="cart/3d">#30,3:-1.4027,-2.0745,0.9466;-1.8911,-1.1709,0.5882;-1.1675,-0.1546,0.0804;0.3064,-0.2430,-0.0023;1.1134,0.8256,0.4100;0.6656,1.7264,0.8226;2.5104,0.7537,0.3207;3.0854,1.6082,0.6604;3.1229,-0.3895,-0.1895;4.4681,-0.5885,-0.3315;5.3214,0.4691,0.0869;5.2110,0.6652,1.1586;5.1447,1.3753,-0.5019;6.3546,0.1544,-0.0889;2.3264,-1.4556,-0.6088;2.7932,-2.3501,-1.0136;0.9326,-1.3848,-0.5185;0.3423,-2.2278,-0.8695;-1.8199,1.1144,-0.4186;-1.6688,1.9102,0.3214;-1.3476,1.4435,-1.3524;-3.3221,0.9553,-0.6716;-3.7768,1.9414,-0.8189;-3.4836,0.3872,-1.5966;-3.9966,0.2372,0.4916;-5.0722,0.1418,0.3049;-3.8846,0.8383,1.4031;-3.3873,-1.1470,0.7145;-3.6744,-1.5074,1.7089;-3.8030,-1.8534,-0.0141;</g>
	</geometry>
	<conformers/>
	<properties/>
</molecule>
