<?xml version="1.0" ?>
<!--MOLLI PACKAGE EXPERIMENTAL XML FORMAT-->
<molecule name="react_400">
	<atoms>
		<a id="1" s="H" t="H" l="H"/>
		<a id="2" s="C" t="C.2" l="C"/>
		<a id="3" s="C" t="C.2" l="C"/>
		<a id="4" s="C" t="C.ar" l="C"/>
		<a id="5" s="C" t="C.ar" l="C"/>
		<a id="6" s="H" t="H" l="H"/>
		<a id="7" s="C" t="C.ar" l="C"/>
		<a id="8" s="H" t="H" l="H"/>
		<a id="9" s="C" t="C.ar" l="C"/>
		<a id="10" s="C" t="C.3" l="C"/>
		<a id="11" s="F" t="F" l="F"/>
		<a id="12" s="F" t="F" l="F"/>
		<a id="13" s="F" t="F" l="F"/>
		<a id="14" s="C" t="C.ar" l="C"/>
		<a id="15" s="H" t="H" l="H"/>
		<a id="16" s="C" t="C.ar" l="C"/>
		<a id="17" s="H" t="H" l="H"/>
		<a id="18" s="C" t="C.3" l="C"/>
		<a id="19" s="H" t="H" l="H"/>
		<a id="20" s="H" t="H" l="H"/>
		<a id="21" s="C" t="C.3" l="C"/>
		<a id="22" s="H" t="H" l="H"/>
		<a id="23" s="H" t="H" l="H"/>
		<a id="24" s="C" t="C.3" l="C"/>
		<a id="25" s="H" t="H" l="H"/>
		<a id="26" s="H" t="H" l="H"/>
		<a id="27" s="C" t="C.3" l="C"/>
		<a id="28" s="H" t="H" l="H"/>
		<a id="29" s="H" t="H" l="H"/>
	</atoms>
	<bonds>
		<b id="1" c="11 10" t="1"/>
		<b id="2" c="10 12" t="1"/>
		<b id="3" c="10 13" t="1"/>
		<b id="4" c="10 9" t="1"/>
		<b id="5" c="9 7" t="ar"/>
		<b id="6" c="7 5" t="ar"/>
		<b id="7" c="5 4" t="ar"/>
		<b id="8" c="4 3" t="1"/>
		<b id="9" c="3 2" t="2"/>
		<b id="10" c="2 27" t="1"/>
		<b id="11" c="27 24" t="1"/>
		<b id="12" c="24 21" t="1"/>
		<b id="13" c="21 18" t="1"/>
		<b id="14" c="4 16" t="ar"/>
		<b id="15" c="16 14" t="ar"/>
		<b id="16" c="14 9" t="ar"/>
		<b id="17" c="18 3" t="1"/>
		<b id="18" c="7 8" t="1"/>
		<b id="19" c="5 6" t="1"/>
		<b id="20" c="2 1" t="1"/>
		<b id="21" c="27 28" t="1"/>
		<b id="22" c="27 29" t="1"/>
		<b id="23" c="24 25" t="1"/>
		<b id="24" c="24 26" t="1"/>
		<b id="25" c="21 22" t="1"/>
		<b id="26" c="21 23" t="1"/>
		<b id="27" c="18 19" t="1"/>
		<b id="28" c="18 20" t="1"/>
		<b id="29" c="16 17" t="1"/>
		<b id="30" c="14 15" t="1"/>
	</bonds>
	<geometry>
		<g u="A" t="cart/3d">#29,3:-1.2728,1.9676,-0.8279;-1.7220,1.0348,-0.4944;-0.9514,0.0015,-0.1038;0.5234,0.1099,-0.1181;1.1686,1.2270,0.4315;0.5879,2.0319,0.8777;2.5641,1.3225,0.4320;3.0357,2.2039,0.8644;3.3489,0.2956,-0.1098;4.8531,0.4070,-0.1316;5.3519,1.1297,0.9104;5.3115,1.0144,-1.2607;5.4803,-0.8017,-0.0766;2.7068,-0.8208,-0.6631;3.2918,-1.6284,-1.1013;1.3107,-0.9138,-0.6609;0.8460,-1.7910,-1.1053;-1.5505,-1.3079,0.3569;-1.0096,-1.6867,1.2328;-1.4411,-2.0528,-0.4412;-3.0333,-1.1916,0.7227;-3.4635,-2.1929,0.8378;-3.1371,-0.6856,1.6910;-3.7970,-0.4139,-0.3429;-3.7410,-0.9545,-1.2965;-4.8580,-0.3494,-0.0767;-3.2232,0.9921,-0.5184;-3.5962,1.6439,0.2808;-3.5839,1.4092,-1.4655;</g>
	</geometry>
	<conformers/>
	<properties/>
</molecule>
