<?xml version="1.0" ?>
<!--MOLLI PACKAGE EXPERIMENTAL XML FORMAT-->
<molecule name="react_415">
	<atoms>
		<a id="1" s="H" t="H" l="H"/>
		<a id="2" s="C" t="C.2" l="C"/>
		<a id="3" s="C" t="C.2" l="C"/>
		<a id="4" s="C" t="C.3" l="C"/>
		<a id="5" s="H" t="H" l="H"/>
		<a id="6" s="H" t="H" l="H"/>
		<a id="7" s="O" t="O.3" l="O"/>
		<a id="8" s="C" t="C.2" l="C"/>
		<a id="9" s="O" t="O.2" l="O"/>
		<a id="10" s="C" t="C.ar" l="C"/>
		<a id="11" s="C" t="C.ar" l="C"/>
		<a id="12" s="H" t="H" l="H"/>
		<a id="13" s="C" t="C.ar" l="C"/>
		<a id="14" s="H" t="H" l="H"/>
		<a id="15" s="C" t="C.ar" l="C"/>
		<a id="16" s="H" t="H" l="H"/>
		<a id="17" s="C" t="C.ar" l="C"/>
		<a id="18" s="H" t="H" l="H"/>
		<a id="19" s="C" t="C.ar" l="C"/>
		<a id="20" s="H" t="H" l="H"/>
		<a id="21" s="C" t="C.3" l="C"/>
		<a id="22" s="H" t="H" l="H"/>
		<a id="23" s="H" t="H" l="H"/>
		<a id="24" s="C" t="C.3" l="C"/>
		<a id="25" s="H" t="H" l="H"/>
		<a id="26" s="H" t="H" l="H"/>
		<a id="27" s="C" t="C.3" l="C"/>
		<a id="28" s="O" t="O.3" l="O"/>
		<a id="29" s="C" t="C.3" l="C"/>
		<a id="30" s="H" t="H" l="H"/>
		<a id="31" s="H" t="H" l="H"/>
		<a id="32" s="H" t="H" l="H"/>
		<a id="33" s="O" t="O.3" l="O"/>
		<a id="34" s="C" t="C.3" l="C"/>
		<a id="35" s="H" t="H" l="H"/>
		<a id="36" s="H" t="H" l="H"/>
		<a id="37" s="H" t="H" l="H"/>
		<a id="38" s="C" t="C.3" l="C"/>
		<a id="39" s="H" t="H" l="H"/>
		<a id="40" s="H" t="H" l="H"/>
	</atoms>
	<bonds>
		<b id="1" c="29 28" t="1"/>
		<b id="2" c="28 27" t="1"/>
		<b id="3" c="27 33" t="1"/>
		<b id="4" c="33 34" t="1"/>
		<b id="5" c="27 38" t="1"/>
		<b id="6" c="38 2" t="1"/>
		<b id="7" c="2 3" t="2"/>
		<b id="8" c="3 4" t="1"/>
		<b id="9" c="4 7" t="1"/>
		<b id="10" c="7 8" t="1"/>
		<b id="11" c="8 9" t="2"/>
		<b id="12" c="8 10" t="1"/>
		<b id="13" c="10 11" t="ar"/>
		<b id="14" c="11 13" t="ar"/>
		<b id="15" c="13 15" t="ar"/>
		<b id="16" c="15 17" t="ar"/>
		<b id="17" c="17 19" t="ar"/>
		<b id="18" c="3 21" t="1"/>
		<b id="19" c="21 24" t="1"/>
		<b id="20" c="24 27" t="1"/>
		<b id="21" c="19 10" t="ar"/>
		<b id="22" c="29 30" t="1"/>
		<b id="23" c="29 31" t="1"/>
		<b id="24" c="29 32" t="1"/>
		<b id="25" c="34 35" t="1"/>
		<b id="26" c="34 36" t="1"/>
		<b id="27" c="34 37" t="1"/>
		<b id="28" c="38 39" t="1"/>
		<b id="29" c="38 40" t="1"/>
		<b id="30" c="2 1" t="1"/>
		<b id="31" c="4 5" t="1"/>
		<b id="32" c="4 6" t="1"/>
		<b id="33" c="11 12" t="1"/>
		<b id="34" c="13 14" t="1"/>
		<b id="35" c="15 16" t="1"/>
		<b id="36" c="17 18" t="1"/>
		<b id="37" c="19 20" t="1"/>
		<b id="38" c="21 22" t="1"/>
		<b id="39" c="21 23" t="1"/>
		<b id="40" c="24 25" t="1"/>
		<b id="41" c="24 26" t="1"/>
	</bonds>
	<geometry>
		<g u="A" t="cart/3d">#40,3:0.1733,1.1268,-0.0989;-0.6915,0.4960,0.0890;-0.5359,-0.7481,0.5775;0.8007,-1.3946,0.8801;0.9002,-2.3089,0.2828;0.8379,-1.6445,1.9476;1.8815,-0.5111,0.5648;3.1024,-1.0057,0.8810;3.3254,-2.1005,1.3738;4.1653,-0.0132,0.5664;3.9033,1.1697,-0.1391;2.9022,1.3987,-0.4938;4.9361,2.0728,-0.4017;4.7292,2.9904,-0.9492;6.2314,1.8015,0.0390;7.0328,2.5076,-0.1640;6.5004,0.6246,0.7361;7.5114,0.4118,1.0771;5.4719,-0.2824,0.9977;5.6910,-1.1968,1.5441;-1.7341,-1.6205,0.8701;-1.7775,-2.4142,0.1141;-1.6025,-2.1131,1.8408;-3.0683,-0.8663,0.9000;-3.1677,-0.3115,1.8428;-3.8701,-1.6139,0.8973;-3.2151,0.0998,-0.2899;-4.4140,0.8871,-0.1783;-5.6245,0.1458,-0.1319;-6.4550,0.8533,-0.2178;-5.7282,-0.3691,0.8266;-5.6959,-0.5662,-0.9591;-3.2260,-0.7026,-1.4800;-3.2631,0.0185,-2.7012;-3.5522,-0.6768,-3.4956;-3.9951,0.8304,-2.6758;-2.2704,0.4043,-2.9471;-2.0293,1.1031,-0.2349;-2.2366,1.8676,0.5255;-1.9434,1.6503,-1.1779;</g>
	</geometry>
	<conformers/>
	<properties/>
</molecule>
