<?xml version="1.0" ?>
<!--MOLLI PACKAGE EXPERIMENTAL XML FORMAT-->
<molecule name="react_416">
	<atoms>
		<a id="1" s="H" t="H" l="H"/>
		<a id="2" s="C" t="C.2" l="C"/>
		<a id="3" s="C" t="C.2" l="C"/>
		<a id="4" s="C" t="C.3" l="C"/>
		<a id="5" s="H" t="H" l="H"/>
		<a id="6" s="H" t="H" l="H"/>
		<a id="7" s="O" t="O.3" l="O"/>
		<a id="8" s="C" t="C.2" l="C"/>
		<a id="9" s="O" t="O.2" l="O"/>
		<a id="10" s="C" t="C.ar" l="C"/>
		<a id="11" s="C" t="C.ar" l="C"/>
		<a id="12" s="H" t="H" l="H"/>
		<a id="13" s="C" t="C.ar" l="C"/>
		<a id="14" s="H" t="H" l="H"/>
		<a id="15" s="C" t="C.ar" l="C"/>
		<a id="16" s="N" t="N.pl3" l="N"/>
		<a id="17" s="O" t="O.2" l="O"/>
		<a id="18" s="O" t="O.co2" l="O"/>
		<a id="19" s="C" t="C.ar" l="C"/>
		<a id="20" s="H" t="H" l="H"/>
		<a id="21" s="C" t="C.ar" l="C"/>
		<a id="22" s="H" t="H" l="H"/>
		<a id="23" s="C" t="C.3" l="C"/>
		<a id="24" s="H" t="H" l="H"/>
		<a id="25" s="H" t="H" l="H"/>
		<a id="26" s="C" t="C.3" l="C"/>
		<a id="27" s="H" t="H" l="H"/>
		<a id="28" s="H" t="H" l="H"/>
		<a id="29" s="C" t="C.3" l="C"/>
		<a id="30" s="O" t="O.3" l="O"/>
		<a id="31" s="C" t="C.3" l="C"/>
		<a id="32" s="H" t="H" l="H"/>
		<a id="33" s="H" t="H" l="H"/>
		<a id="34" s="H" t="H" l="H"/>
		<a id="35" s="O" t="O.3" l="O"/>
		<a id="36" s="C" t="C.3" l="C"/>
		<a id="37" s="H" t="H" l="H"/>
		<a id="38" s="H" t="H" l="H"/>
		<a id="39" s="H" t="H" l="H"/>
		<a id="40" s="C" t="C.3" l="C"/>
		<a id="41" s="H" t="H" l="H"/>
		<a id="42" s="H" t="H" l="H"/>
	</atoms>
	<bonds>
		<b id="1" c="31 30" t="1"/>
		<b id="2" c="30 29" t="1"/>
		<b id="3" c="29 35" t="1"/>
		<b id="4" c="35 36" t="1"/>
		<b id="5" c="29 40" t="1"/>
		<b id="6" c="40 2" t="1"/>
		<b id="7" c="2 3" t="2"/>
		<b id="8" c="3 4" t="1"/>
		<b id="9" c="4 7" t="1"/>
		<b id="10" c="7 8" t="1"/>
		<b id="11" c="8 9" t="2"/>
		<b id="12" c="8 10" t="1"/>
		<b id="13" c="10 11" t="ar"/>
		<b id="14" c="11 13" t="ar"/>
		<b id="15" c="13 15" t="ar"/>
		<b id="16" c="15 16" t="1"/>
		<b id="17" c="16 17" t="2"/>
		<b id="18" c="16 18" t="1"/>
		<b id="19" c="15 19" t="ar"/>
		<b id="20" c="19 21" t="ar"/>
		<b id="21" c="3 23" t="1"/>
		<b id="22" c="23 26" t="1"/>
		<b id="23" c="26 29" t="1"/>
		<b id="24" c="21 10" t="ar"/>
		<b id="25" c="31 32" t="1"/>
		<b id="26" c="31 33" t="1"/>
		<b id="27" c="31 34" t="1"/>
		<b id="28" c="36 37" t="1"/>
		<b id="29" c="36 38" t="1"/>
		<b id="30" c="36 39" t="1"/>
		<b id="31" c="40 41" t="1"/>
		<b id="32" c="40 42" t="1"/>
		<b id="33" c="2 1" t="1"/>
		<b id="34" c="4 5" t="1"/>
		<b id="35" c="4 6" t="1"/>
		<b id="36" c="11 12" t="1"/>
		<b id="37" c="13 14" t="1"/>
		<b id="38" c="19 20" t="1"/>
		<b id="39" c="21 22" t="1"/>
		<b id="40" c="23 24" t="1"/>
		<b id="41" c="23 25" t="1"/>
		<b id="42" c="26 27" t="1"/>
		<b id="43" c="26 28" t="1"/>
	</bonds>
	<geometry>
		<g u="A" t="cart/3d">#42,3:0.3111,0.8402,-0.4954;-0.7296,0.8805,-0.1861;-1.1613,0.1562,0.8632;-0.2955,-0.7812,1.6795;-0.2800,-0.4353,2.7200;-0.7216,-1.7912,1.6330;1.0453,-0.8110,1.1781;1.8631,-1.6480,1.8581;1.5504,-2.3400,2.8133;3.2332,-1.6298,1.2750;4.1699,-2.5570,1.7590;3.8860,-3.2666,2.5354;5.4726,-2.5823,1.2500;6.1790,-3.3135,1.6397;5.8421,-1.6695,0.2535;7.2094,-1.6892,-0.2831;7.9931,-2.5363,0.1683;7.4968,-0.8588,-1.1565;4.9171,-0.7366,-0.2350;5.1917,-0.0194,-1.0072;3.6143,-0.7200,0.2764;2.9079,0.0109,-0.1113;-2.6024,0.2267,1.3149;-3.0921,-0.7231,1.0624;-2.6410,0.3225,2.4074;-3.3979,1.3890,0.7120;-4.4593,1.2021,0.9153;-3.1464,2.3256,1.2263;-3.1462,1.5433,-0.7995;-3.6289,0.3458,-1.4278;-3.3986,0.2553,-2.8251;-2.3594,-0.0183,-3.0252;-4.0318,-0.5450,-3.2194;-3.6568,1.1830,-3.3434;-3.8027,2.7108,-1.3213;-5.2138,2.7336,-1.1639;-5.6036,3.5718,-1.7491;-5.4862,2.9043,-0.1186;-5.6778,1.8159,-1.5344;-1.6226,1.7740,-1.0028;-1.3528,1.6683,-2.0587;-1.3748,2.8124,-0.7448;</g>
	</geometry>
	<conformers/>
	<properties/>
</molecule>
