<?xml version="1.0" ?>
<!--MOLLI PACKAGE EXPERIMENTAL XML FORMAT-->
<molecule name="react_417">
	<atoms>
		<a id="1" s="H" t="H" l="H"/>
		<a id="2" s="C" t="C.2" l="C"/>
		<a id="3" s="C" t="C.2" l="C"/>
		<a id="4" s="C" t="C.3" l="C"/>
		<a id="5" s="H" t="H" l="H"/>
		<a id="6" s="H" t="H" l="H"/>
		<a id="7" s="O" t="O.3" l="O"/>
		<a id="8" s="C" t="C.2" l="C"/>
		<a id="9" s="O" t="O.2" l="O"/>
		<a id="10" s="C" t="C.ar" l="C"/>
		<a id="11" s="C" t="C.ar" l="C"/>
		<a id="12" s="H" t="H" l="H"/>
		<a id="13" s="C" t="C.ar" l="C"/>
		<a id="14" s="H" t="H" l="H"/>
		<a id="15" s="C" t="C.ar" l="C"/>
		<a id="16" s="Br" t="Br" l="BR"/>
		<a id="17" s="C" t="C.ar" l="C"/>
		<a id="18" s="H" t="H" l="H"/>
		<a id="19" s="C" t="C.ar" l="C"/>
		<a id="20" s="H" t="H" l="H"/>
		<a id="21" s="C" t="C.3" l="C"/>
		<a id="22" s="H" t="H" l="H"/>
		<a id="23" s="H" t="H" l="H"/>
		<a id="24" s="C" t="C.3" l="C"/>
		<a id="25" s="H" t="H" l="H"/>
		<a id="26" s="H" t="H" l="H"/>
		<a id="27" s="C" t="C.3" l="C"/>
		<a id="28" s="O" t="O.3" l="O"/>
		<a id="29" s="C" t="C.3" l="C"/>
		<a id="30" s="H" t="H" l="H"/>
		<a id="31" s="H" t="H" l="H"/>
		<a id="32" s="H" t="H" l="H"/>
		<a id="33" s="O" t="O.3" l="O"/>
		<a id="34" s="C" t="C.3" l="C"/>
		<a id="35" s="H" t="H" l="H"/>
		<a id="36" s="H" t="H" l="H"/>
		<a id="37" s="H" t="H" l="H"/>
		<a id="38" s="C" t="C.3" l="C"/>
		<a id="39" s="H" t="H" l="H"/>
		<a id="40" s="H" t="H" l="H"/>
	</atoms>
	<bonds>
		<b id="1" c="29 28" t="1"/>
		<b id="2" c="28 27" t="1"/>
		<b id="3" c="27 33" t="1"/>
		<b id="4" c="33 34" t="1"/>
		<b id="5" c="27 38" t="1"/>
		<b id="6" c="38 2" t="1"/>
		<b id="7" c="2 3" t="2"/>
		<b id="8" c="3 4" t="1"/>
		<b id="9" c="4 7" t="1"/>
		<b id="10" c="7 8" t="1"/>
		<b id="11" c="8 9" t="2"/>
		<b id="12" c="8 10" t="1"/>
		<b id="13" c="10 11" t="ar"/>
		<b id="14" c="11 13" t="ar"/>
		<b id="15" c="13 15" t="ar"/>
		<b id="16" c="15 16" t="1"/>
		<b id="17" c="15 17" t="ar"/>
		<b id="18" c="17 19" t="ar"/>
		<b id="19" c="3 21" t="1"/>
		<b id="20" c="21 24" t="1"/>
		<b id="21" c="24 27" t="1"/>
		<b id="22" c="19 10" t="ar"/>
		<b id="23" c="29 30" t="1"/>
		<b id="24" c="29 31" t="1"/>
		<b id="25" c="29 32" t="1"/>
		<b id="26" c="34 35" t="1"/>
		<b id="27" c="34 36" t="1"/>
		<b id="28" c="34 37" t="1"/>
		<b id="29" c="38 39" t="1"/>
		<b id="30" c="38 40" t="1"/>
		<b id="31" c="2 1" t="1"/>
		<b id="32" c="4 5" t="1"/>
		<b id="33" c="4 6" t="1"/>
		<b id="34" c="11 12" t="1"/>
		<b id="35" c="13 14" t="1"/>
		<b id="36" c="17 18" t="1"/>
		<b id="37" c="19 20" t="1"/>
		<b id="38" c="21 22" t="1"/>
		<b id="39" c="21 23" t="1"/>
		<b id="40" c="24 25" t="1"/>
		<b id="41" c="24 26" t="1"/>
	</bonds>
	<geometry>
		<g u="A" t="cart/3d">#40,3:-0.9589,0.4422,-2.5805;-1.2248,0.1667,-1.5616;-0.5030,-0.7576,-0.9028;0.6537,-1.4751,-1.5497;0.5224,-2.5569,-1.4330;0.7116,-1.2896,-2.6289;1.8644,-1.1151,-0.8730;2.6159,-0.1623,-1.4742;2.3820,0.3820,-2.5414;3.8124,0.1519,-0.6447;4.0500,-0.4556,0.5971;3.3571,-1.1886,1.0031;5.1892,-0.1228,1.3371;5.3621,-0.6004,2.2984;6.0904,0.8166,0.8380;7.6289,1.2644,1.8404;5.8652,1.4283,-0.3938;6.5645,2.1622,-0.7866;4.7270,1.0963,-1.1338;4.5557,1.5786,-2.0950;-0.8247,-1.1408,0.5199;0.0987,-1.2101,1.1071;-1.2774,-2.1394,0.5201;-1.7523,-0.1448,1.2173;-1.1883,0.7629,1.4754;-2.0747,-0.5597,2.1796;-2.9608,0.2451,0.3460;-3.7652,-0.8932,-0.0048;-4.3221,-1.6020,1.0924;-5.0445,-2.3209,0.6953;-4.8488,-0.9362,1.7815;-3.5523,-2.1667,1.6244;-3.7147,1.2097,1.1006;-4.8362,1.7531,0.4168;-4.5174,2.4088,-0.3978;-5.4949,0.9679,0.0355;-5.4037,2.3579,1.1297;-2.4215,0.8673,-0.9730;-2.1482,1.9173,-0.8087;-3.2166,0.8586,-1.7292;</g>
	</geometry>
	<conformers/>
	<properties/>
</molecule>
