<?xml version="1.0" ?>
<!--MOLLI PACKAGE EXPERIMENTAL XML FORMAT-->
<molecule name="react_418">
	<atoms>
		<a id="1" s="H" t="H" l="H"/>
		<a id="2" s="C" t="C.2" l="C"/>
		<a id="3" s="C" t="C.2" l="C"/>
		<a id="4" s="C" t="C.3" l="C"/>
		<a id="5" s="H" t="H" l="H"/>
		<a id="6" s="H" t="H" l="H"/>
		<a id="7" s="O" t="O.3" l="O"/>
		<a id="8" s="C" t="C.2" l="C"/>
		<a id="9" s="O" t="O.2" l="O"/>
		<a id="10" s="C" t="C.ar" l="C"/>
		<a id="11" s="C" t="C.ar" l="C"/>
		<a id="12" s="H" t="H" l="H"/>
		<a id="13" s="C" t="C.ar" l="C"/>
		<a id="14" s="H" t="H" l="H"/>
		<a id="15" s="C" t="C.ar" l="C"/>
		<a id="16" s="O" t="O.3" l="O"/>
		<a id="17" s="C" t="C.3" l="C"/>
		<a id="18" s="H" t="H" l="H"/>
		<a id="19" s="H" t="H" l="H"/>
		<a id="20" s="H" t="H" l="H"/>
		<a id="21" s="C" t="C.ar" l="C"/>
		<a id="22" s="H" t="H" l="H"/>
		<a id="23" s="C" t="C.ar" l="C"/>
		<a id="24" s="H" t="H" l="H"/>
		<a id="25" s="C" t="C.3" l="C"/>
		<a id="26" s="H" t="H" l="H"/>
		<a id="27" s="H" t="H" l="H"/>
		<a id="28" s="C" t="C.3" l="C"/>
		<a id="29" s="H" t="H" l="H"/>
		<a id="30" s="H" t="H" l="H"/>
		<a id="31" s="C" t="C.3" l="C"/>
		<a id="32" s="O" t="O.3" l="O"/>
		<a id="33" s="C" t="C.3" l="C"/>
		<a id="34" s="H" t="H" l="H"/>
		<a id="35" s="H" t="H" l="H"/>
		<a id="36" s="H" t="H" l="H"/>
		<a id="37" s="O" t="O.3" l="O"/>
		<a id="38" s="C" t="C.3" l="C"/>
		<a id="39" s="H" t="H" l="H"/>
		<a id="40" s="H" t="H" l="H"/>
		<a id="41" s="H" t="H" l="H"/>
		<a id="42" s="C" t="C.3" l="C"/>
		<a id="43" s="H" t="H" l="H"/>
		<a id="44" s="H" t="H" l="H"/>
	</atoms>
	<bonds>
		<b id="1" c="17 16" t="1"/>
		<b id="2" c="16 15" t="1"/>
		<b id="3" c="15 13" t="ar"/>
		<b id="4" c="13 11" t="ar"/>
		<b id="5" c="11 10" t="ar"/>
		<b id="6" c="10 8" t="1"/>
		<b id="7" c="8 9" t="2"/>
		<b id="8" c="8 7" t="1"/>
		<b id="9" c="7 4" t="1"/>
		<b id="10" c="4 3" t="1"/>
		<b id="11" c="3 2" t="2"/>
		<b id="12" c="2 42" t="1"/>
		<b id="13" c="42 31" t="1"/>
		<b id="14" c="31 32" t="1"/>
		<b id="15" c="32 33" t="1"/>
		<b id="16" c="31 37" t="1"/>
		<b id="17" c="37 38" t="1"/>
		<b id="18" c="31 28" t="1"/>
		<b id="19" c="28 25" t="1"/>
		<b id="20" c="10 23" t="ar"/>
		<b id="21" c="23 21" t="ar"/>
		<b id="22" c="21 15" t="ar"/>
		<b id="23" c="25 3" t="1"/>
		<b id="24" c="17 18" t="1"/>
		<b id="25" c="17 19" t="1"/>
		<b id="26" c="17 20" t="1"/>
		<b id="27" c="13 14" t="1"/>
		<b id="28" c="11 12" t="1"/>
		<b id="29" c="4 5" t="1"/>
		<b id="30" c="4 6" t="1"/>
		<b id="31" c="2 1" t="1"/>
		<b id="32" c="42 43" t="1"/>
		<b id="33" c="42 44" t="1"/>
		<b id="34" c="33 34" t="1"/>
		<b id="35" c="33 35" t="1"/>
		<b id="36" c="33 36" t="1"/>
		<b id="37" c="38 39" t="1"/>
		<b id="38" c="38 40" t="1"/>
		<b id="39" c="38 41" t="1"/>
		<b id="40" c="28 29" t="1"/>
		<b id="41" c="28 30" t="1"/>
		<b id="42" c="25 26" t="1"/>
		<b id="43" c="25 27" t="1"/>
		<b id="44" c="23 24" t="1"/>
		<b id="45" c="21 22" t="1"/>
	</bonds>
	<geometry>
		<g u="A" t="cart/3d">#44,3:-1.9696,-2.7886,-1.5614;-2.2437,-2.0116,-0.8513;-1.3816,-1.6396,0.1135;-0.0126,-2.2575,0.2519;0.1513,-3.0299,-0.5092;0.0829,-2.7112,1.2459;0.9566,-1.2191,0.0889;2.2369,-1.6310,0.2398;2.5969,-2.7663,0.5083;3.1761,-0.4938,0.0419;4.5457,-0.7249,0.2251;4.9002,-1.7158,0.5045;5.4725,0.3104,0.0520;6.5226,0.0842,0.2052;5.0380,1.5864,-0.3071;5.8328,2.6808,-0.5067;7.2337,2.4976,-0.3436;7.7215,3.4569,-0.5417;7.4764,2.2064,0.6837;7.6234,1.7708,-1.0640;3.6718,1.8167,-0.4915;3.3275,2.8092,-0.7740;2.7420,0.7865,-0.3200;1.6872,1.0001,-0.4758;-1.7342,-0.5697,1.1197;-1.4051,-0.8812,2.1186;-1.1852,0.3474,0.8740;-3.2352,-0.2771,1.1840;-3.7282,-1.1090,1.7040;-3.4103,0.6045,1.8106;-3.8460,-0.0935,-0.2198;-3.1601,0.9605,-0.9310;-3.4097,2.2709,-0.4470;-4.4724,2.5220,-0.5046;-2.8641,2.9730,-1.0841;-3.0441,2.3957,0.5749;-5.2478,0.2115,-0.2086;-6.0663,-0.5385,0.6722;-7.1103,-0.3129,0.4363;-5.9178,-1.6148,0.5593;-5.8893,-0.2374,1.7086;-3.5992,-1.3810,-1.0547;-3.7108,-1.1424,-2.1204;-4.3524,-2.1449,-0.8349;</g>
	</geometry>
	<conformers/>
	<properties/>
</molecule>
