<?xml version="1.0" ?>
<!--MOLLI PACKAGE EXPERIMENTAL XML FORMAT-->
<molecule name="react_419">
	<atoms>
		<a id="1" s="H" t="H" l="H"/>
		<a id="2" s="C" t="C.2" l="C"/>
		<a id="3" s="C" t="C.2" l="C"/>
		<a id="4" s="C" t="C.ar" l="C"/>
		<a id="5" s="C" t="C.ar" l="C"/>
		<a id="6" s="H" t="H" l="H"/>
		<a id="7" s="C" t="C.ar" l="C"/>
		<a id="8" s="H" t="H" l="H"/>
		<a id="9" s="C" t="C.ar" l="C"/>
		<a id="10" s="C" t="C.3" l="C"/>
		<a id="11" s="C" t="C.3" l="C"/>
		<a id="12" s="H" t="H" l="H"/>
		<a id="13" s="H" t="H" l="H"/>
		<a id="14" s="H" t="H" l="H"/>
		<a id="15" s="C" t="C.3" l="C"/>
		<a id="16" s="H" t="H" l="H"/>
		<a id="17" s="H" t="H" l="H"/>
		<a id="18" s="H" t="H" l="H"/>
		<a id="19" s="C" t="C.3" l="C"/>
		<a id="20" s="H" t="H" l="H"/>
		<a id="21" s="H" t="H" l="H"/>
		<a id="22" s="H" t="H" l="H"/>
		<a id="23" s="C" t="C.ar" l="C"/>
		<a id="24" s="H" t="H" l="H"/>
		<a id="25" s="C" t="C.ar" l="C"/>
		<a id="26" s="H" t="H" l="H"/>
		<a id="27" s="C" t="C.3" l="C"/>
		<a id="28" s="H" t="H" l="H"/>
		<a id="29" s="H" t="H" l="H"/>
		<a id="30" s="C" t="C.3" l="C"/>
		<a id="31" s="H" t="H" l="H"/>
		<a id="32" s="H" t="H" l="H"/>
		<a id="33" s="C" t="C.3" l="C"/>
		<a id="34" s="H" t="H" l="H"/>
		<a id="35" s="H" t="H" l="H"/>
		<a id="36" s="C" t="C.3" l="C"/>
		<a id="37" s="H" t="H" l="H"/>
		<a id="38" s="H" t="H" l="H"/>
	</atoms>
	<bonds>
		<b id="1" c="11 10" t="1"/>
		<b id="2" c="10 15" t="1"/>
		<b id="3" c="10 19" t="1"/>
		<b id="4" c="10 9" t="1"/>
		<b id="5" c="9 7" t="ar"/>
		<b id="6" c="7 5" t="ar"/>
		<b id="7" c="5 4" t="ar"/>
		<b id="8" c="4 3" t="1"/>
		<b id="9" c="3 2" t="2"/>
		<b id="10" c="2 36" t="1"/>
		<b id="11" c="36 33" t="1"/>
		<b id="12" c="33 30" t="1"/>
		<b id="13" c="30 27" t="1"/>
		<b id="14" c="4 25" t="ar"/>
		<b id="15" c="25 23" t="ar"/>
		<b id="16" c="23 9" t="ar"/>
		<b id="17" c="27 3" t="1"/>
		<b id="18" c="11 12" t="1"/>
		<b id="19" c="11 13" t="1"/>
		<b id="20" c="11 14" t="1"/>
		<b id="21" c="15 16" t="1"/>
		<b id="22" c="15 17" t="1"/>
		<b id="23" c="15 18" t="1"/>
		<b id="24" c="19 20" t="1"/>
		<b id="25" c="19 21" t="1"/>
		<b id="26" c="19 22" t="1"/>
		<b id="27" c="7 8" t="1"/>
		<b id="28" c="5 6" t="1"/>
		<b id="29" c="2 1" t="1"/>
		<b id="30" c="36 37" t="1"/>
		<b id="31" c="36 38" t="1"/>
		<b id="32" c="33 34" t="1"/>
		<b id="33" c="33 35" t="1"/>
		<b id="34" c="30 31" t="1"/>
		<b id="35" c="30 32" t="1"/>
		<b id="36" c="27 28" t="1"/>
		<b id="37" c="27 29" t="1"/>
		<b id="38" c="25 26" t="1"/>
		<b id="39" c="23 24" t="1"/>
	</bonds>
	<geometry>
		<g u="A" t="cart/3d">#38,3:2.2289,2.3676,0.5432;2.8381,1.4743,0.4246;2.2647,0.2803,0.1800;0.7955,0.1551,0.0659;0.0527,1.0458,-0.7166;0.5508,1.8480,-1.2567;-1.3383,0.9181,-0.8390;-1.8495,1.6447,-1.4642;-2.0375,-0.1074,-0.1854;-3.5624,-0.2775,-0.2953;-3.8883,-1.6607,-0.8992;-3.5335,-2.4827,-0.2678;-4.9696,-1.7941,-1.0208;-3.4244,-1.7796,-1.8856;-4.1989,-0.1731,1.1075;-5.2907,-0.2563,1.0533;-3.8508,-0.9641,1.7807;-3.9606,0.7881,1.5782;-4.2465,0.7831,-1.1873;-4.0892,1.7970,-0.8015;-5.3301,0.6208,-1.2337;-3.8715,0.7471,-2.2168;-1.2799,-1.0007,0.5941;-1.7637,-1.8168,1.1266;0.1100,-0.8743,0.7154;0.6435,-1.5867,1.3395;3.0865,-0.9782,0.0189;3.0038,-1.5798,0.9328;2.6959,-1.5850,-0.8074;4.5671,-0.6954,-0.2527;4.6952,-0.3567,-1.2887;5.1441,-1.6208,-0.1455;5.1017,0.3673,0.7005;6.1642,0.5507,0.5052;5.0271,-0.0002,1.7320;4.3197,1.6739,0.5659;4.6753,2.2264,-0.3122;4.5205,2.3017,1.4414;</g>
	</geometry>
	<conformers/>
	<properties/>
</molecule>
