<?xml version="1.0" ?>
<!--MOLLI PACKAGE EXPERIMENTAL XML FORMAT-->
<molecule name="react_424">
	<atoms>
		<a id="1" s="H" t="H" l="H"/>
		<a id="2" s="C" t="C.2" l="C"/>
		<a id="3" s="C" t="C.2" l="C"/>
		<a id="4" s="C" t="C.3" l="C"/>
		<a id="5" s="H" t="H" l="H"/>
		<a id="6" s="H" t="H" l="H"/>
		<a id="7" s="P" t="P.3" l="P"/>
		<a id="8" s="O" t="O.2" l="O"/>
		<a id="9" s="C" t="C.ar" l="C"/>
		<a id="10" s="C" t="C.ar" l="C"/>
		<a id="11" s="H" t="H" l="H"/>
		<a id="12" s="C" t="C.ar" l="C"/>
		<a id="13" s="H" t="H" l="H"/>
		<a id="14" s="C" t="C.ar" l="C"/>
		<a id="15" s="H" t="H" l="H"/>
		<a id="16" s="C" t="C.ar" l="C"/>
		<a id="17" s="H" t="H" l="H"/>
		<a id="18" s="C" t="C.ar" l="C"/>
		<a id="19" s="H" t="H" l="H"/>
		<a id="20" s="C" t="C.ar" l="C"/>
		<a id="21" s="C" t="C.ar" l="C"/>
		<a id="22" s="H" t="H" l="H"/>
		<a id="23" s="C" t="C.ar" l="C"/>
		<a id="24" s="H" t="H" l="H"/>
		<a id="25" s="C" t="C.ar" l="C"/>
		<a id="26" s="H" t="H" l="H"/>
		<a id="27" s="C" t="C.ar" l="C"/>
		<a id="28" s="H" t="H" l="H"/>
		<a id="29" s="C" t="C.ar" l="C"/>
		<a id="30" s="H" t="H" l="H"/>
		<a id="31" s="C" t="C.3" l="C"/>
		<a id="32" s="H" t="H" l="H"/>
		<a id="33" s="H" t="H" l="H"/>
		<a id="34" s="C" t="C.3" l="C"/>
		<a id="35" s="H" t="H" l="H"/>
		<a id="36" s="H" t="H" l="H"/>
		<a id="37" s="C" t="C.3" l="C"/>
		<a id="38" s="H" t="H" l="H"/>
		<a id="39" s="H" t="H" l="H"/>
		<a id="40" s="C" t="C.3" l="C"/>
		<a id="41" s="H" t="H" l="H"/>
		<a id="42" s="H" t="H" l="H"/>
	</atoms>
	<bonds>
		<b id="1" c="8 7" t="2"/>
		<b id="2" c="7 4" t="1"/>
		<b id="3" c="4 3" t="1"/>
		<b id="4" c="3 2" t="2"/>
		<b id="5" c="2 40" t="1"/>
		<b id="6" c="40 37" t="1"/>
		<b id="7" c="37 34" t="1"/>
		<b id="8" c="34 31" t="1"/>
		<b id="9" c="7 9" t="1"/>
		<b id="10" c="9 10" t="ar"/>
		<b id="11" c="10 12" t="ar"/>
		<b id="12" c="12 14" t="ar"/>
		<b id="13" c="14 16" t="ar"/>
		<b id="14" c="16 18" t="ar"/>
		<b id="15" c="7 20" t="1"/>
		<b id="16" c="20 21" t="ar"/>
		<b id="17" c="21 23" t="ar"/>
		<b id="18" c="23 25" t="ar"/>
		<b id="19" c="25 27" t="ar"/>
		<b id="20" c="27 29" t="ar"/>
		<b id="21" c="31 3" t="1"/>
		<b id="22" c="18 9" t="ar"/>
		<b id="23" c="29 20" t="ar"/>
		<b id="24" c="4 5" t="1"/>
		<b id="25" c="4 6" t="1"/>
		<b id="26" c="2 1" t="1"/>
		<b id="27" c="40 41" t="1"/>
		<b id="28" c="40 42" t="1"/>
		<b id="29" c="37 38" t="1"/>
		<b id="30" c="37 39" t="1"/>
		<b id="31" c="34 35" t="1"/>
		<b id="32" c="34 36" t="1"/>
		<b id="33" c="31 32" t="1"/>
		<b id="34" c="31 33" t="1"/>
		<b id="35" c="10 11" t="1"/>
		<b id="36" c="12 13" t="1"/>
		<b id="37" c="14 15" t="1"/>
		<b id="38" c="16 17" t="1"/>
		<b id="39" c="18 19" t="1"/>
		<b id="40" c="21 22" t="1"/>
		<b id="41" c="23 24" t="1"/>
		<b id="42" c="25 26" t="1"/>
		<b id="43" c="27 28" t="1"/>
		<b id="44" c="29 30" t="1"/>
	</bonds>
	<geometry>
		<g u="A" t="cart/3d">#42,3:1.4132,-0.3209,2.5337;2.1013,-0.3197,1.6920;1.8475,0.4351,0.6057;0.6096,1.2968,0.5079;0.0630,1.2782,1.4562;0.8969,2.3387,0.3283;-0.5102,0.7637,-0.8339;0.1829,1.0049,-2.1632;-2.0235,1.7240,-0.6983;-2.6548,2.1533,-1.8777;-2.2176,1.9049,-2.8450;-3.8329,2.8994,-1.8289;-4.3067,3.2251,-2.7521;-4.3974,3.2260,-0.5979;-5.3150,3.8077,-0.5585;-3.7839,2.8075,0.5818;-4.2263,3.0644,1.5421;-2.6041,2.0607,0.5330;-2.1526,1.7467,1.4698;-0.9206,-0.9579,-0.5541;-0.6562,-1.8993,-1.5596;-0.2130,-1.5738,-2.4992;-0.9530,-3.2492,-1.3691;-0.7407,-3.9673,-2.1572;-1.5202,-3.6744,-0.1700;-1.7538,-4.7256,-0.0220;-1.7896,-2.7508,0.8382;-2.2351,-3.0836,1.7732;-1.4895,-1.4002,0.6486;-1.7043,-0.6991,1.4493;2.8090,0.4868,-0.5609;2.3925,-0.0996,-1.3877;2.9186,1.5189,-0.9120;4.1986,-0.0613,-0.2257;4.7707,-0.2056,-1.1496;4.7488,0.6696,0.3797;4.0930,-1.3778,0.5343;3.5919,-2.1221,-0.0976;5.0924,-1.7695,0.7542;3.3095,-1.2012,1.8354;3.0000,-2.1876,2.2004;3.9617,-0.7657,2.6021;</g>
	</geometry>
	<conformers/>
	<properties/>
</molecule>
