<?xml version="1.0" ?>
<!--MOLLI PACKAGE EXPERIMENTAL XML FORMAT-->
<molecule name="react_58">
	<atoms>
		<a id="1" s="H" t="H" l="H"/>
		<a id="2" s="O" t="O.3" l="O"/>
		<a id="3" s="C" t="C.3" l="C"/>
		<a id="4" s="H" t="H" l="H"/>
		<a id="5" s="H" t="H" l="H"/>
		<a id="6" s="C" t="C.2" l="C"/>
		<a id="7" s="H" t="H" l="H"/>
		<a id="8" s="C" t="C.2" l="C"/>
		<a id="9" s="H" t="H" l="H"/>
		<a id="10" s="C" t="C.3" l="C"/>
		<a id="11" s="H" t="H" l="H"/>
		<a id="12" s="H" t="H" l="H"/>
		<a id="13" s="C" t="C.3" l="C"/>
		<a id="14" s="H" t="H" l="H"/>
		<a id="15" s="H" t="H" l="H"/>
		<a id="16" s="H" t="H" l="H"/>
	</atoms>
	<bonds>
		<b id="1" c="13 10" t="1"/>
		<b id="2" c="10 8" t="1"/>
		<b id="3" c="8 6" t="2"/>
		<b id="4" c="6 3" t="1"/>
		<b id="5" c="3 2" t="1"/>
		<b id="6" c="13 14" t="1"/>
		<b id="7" c="13 15" t="1"/>
		<b id="8" c="13 16" t="1"/>
		<b id="9" c="10 11" t="1"/>
		<b id="10" c="10 12" t="1"/>
		<b id="11" c="8 9" t="1"/>
		<b id="12" c="6 7" t="1"/>
		<b id="13" c="3 4" t="1"/>
		<b id="14" c="3 5" t="1"/>
		<b id="15" c="2 1" t="1"/>
	</bonds>
	<geometry>
		<g u="A" t="cart/3d">#16,3:-2.1080,1.5103,-0.0541;-2.4451,1.2874,-0.9387;-1.4637,0.4624,-1.5477;-0.5827,1.0735,-1.7530;-1.8594,0.1042,-2.5026;-1.2007,-0.6918,-0.6378;-2.0749,-1.3104,-0.4355;-0.0419,-1.0424,-0.0559;-0.0494,-1.9250,0.5843;1.2927,-0.3676,-0.1899;2.0350,-1.1219,-0.4764;1.2961,0.3841,-0.9840;1.7158,0.2827,1.1180;2.7013,0.7466,1.0081;1.7780,-0.4536,1.9265;1.0068,1.0615,1.4191;</g>
	</geometry>
	<conformers/>
	<properties/>
</molecule>
