<?xml version="1.0" ?>
<!--MOLLI PACKAGE EXPERIMENTAL XML FORMAT-->
<molecule name="react_426">
	<atoms>
		<a id="1" s="H" t="H" l="H"/>
		<a id="2" s="C" t="C.2" l="C"/>
		<a id="3" s="C" t="C.2" l="C"/>
		<a id="4" s="C" t="C.2" l="C"/>
		<a id="5" s="O" t="O.2" l="O"/>
		<a id="6" s="O" t="O.3" l="O"/>
		<a id="7" s="C" t="C.3" l="C"/>
		<a id="8" s="H" t="H" l="H"/>
		<a id="9" s="H" t="H" l="H"/>
		<a id="10" s="C" t="C.ar" l="C"/>
		<a id="11" s="C" t="C.ar" l="C"/>
		<a id="12" s="H" t="H" l="H"/>
		<a id="13" s="C" t="C.ar" l="C"/>
		<a id="14" s="H" t="H" l="H"/>
		<a id="15" s="C" t="C.ar" l="C"/>
		<a id="16" s="H" t="H" l="H"/>
		<a id="17" s="C" t="C.ar" l="C"/>
		<a id="18" s="H" t="H" l="H"/>
		<a id="19" s="C" t="C.ar" l="C"/>
		<a id="20" s="H" t="H" l="H"/>
		<a id="21" s="C" t="C.3" l="C"/>
		<a id="22" s="H" t="H" l="H"/>
		<a id="23" s="H" t="H" l="H"/>
		<a id="24" s="C" t="C.ar" l="C"/>
		<a id="25" s="C" t="C.ar" l="C"/>
		<a id="26" s="O" t="O.3" l="O"/>
		<a id="27" s="C" t="C.3" l="C"/>
		<a id="28" s="H" t="H" l="H"/>
		<a id="29" s="H" t="H" l="H"/>
		<a id="30" s="H" t="H" l="H"/>
		<a id="31" s="C" t="C.ar" l="C"/>
		<a id="32" s="H" t="H" l="H"/>
		<a id="33" s="C" t="C.ar" l="C"/>
		<a id="34" s="H" t="H" l="H"/>
		<a id="35" s="C" t="C.ar" l="C"/>
		<a id="36" s="H" t="H" l="H"/>
		<a id="37" s="C" t="C.ar" l="C"/>
		<a id="38" s="C" t="C.3" l="C"/>
		<a id="39" s="H" t="H" l="H"/>
		<a id="40" s="H" t="H" l="H"/>
	</atoms>
	<bonds>
		<b id="1" c="27 26" t="1"/>
		<b id="2" c="26 25" t="1"/>
		<b id="3" c="25 31" t="ar"/>
		<b id="4" c="31 33" t="ar"/>
		<b id="5" c="33 35" t="ar"/>
		<b id="6" c="35 37" t="ar"/>
		<b id="7" c="37 24" t="ar"/>
		<b id="8" c="24 21" t="1"/>
		<b id="9" c="21 3" t="1"/>
		<b id="10" c="3 4" t="1"/>
		<b id="11" c="4 5" t="2"/>
		<b id="12" c="4 6" t="1"/>
		<b id="13" c="6 7" t="1"/>
		<b id="14" c="7 10" t="1"/>
		<b id="15" c="10 11" t="ar"/>
		<b id="16" c="11 13" t="ar"/>
		<b id="17" c="13 15" t="ar"/>
		<b id="18" c="15 17" t="ar"/>
		<b id="19" c="17 19" t="ar"/>
		<b id="20" c="3 2" t="2"/>
		<b id="21" c="2 38" t="1"/>
		<b id="22" c="24 25" t="ar"/>
		<b id="23" c="19 10" t="ar"/>
		<b id="24" c="38 37" t="1"/>
		<b id="25" c="27 28" t="1"/>
		<b id="26" c="27 29" t="1"/>
		<b id="27" c="27 30" t="1"/>
		<b id="28" c="31 32" t="1"/>
		<b id="29" c="33 34" t="1"/>
		<b id="30" c="35 36" t="1"/>
		<b id="31" c="21 22" t="1"/>
		<b id="32" c="21 23" t="1"/>
		<b id="33" c="7 8" t="1"/>
		<b id="34" c="7 9" t="1"/>
		<b id="35" c="11 12" t="1"/>
		<b id="36" c="13 14" t="1"/>
		<b id="37" c="15 16" t="1"/>
		<b id="38" c="17 18" t="1"/>
		<b id="39" c="19 20" t="1"/>
		<b id="40" c="2 1" t="1"/>
		<b id="41" c="38 39" t="1"/>
		<b id="42" c="38 40" t="1"/>
	</bonds>
	<geometry>
		<g u="A" t="cart/3d">#40,3:0.3839,-2.3890,0.2940;-0.4225,-1.6756,0.1457;-0.2318,-0.5542,-0.5721;1.0746,-0.2172,-1.2064;1.2723,0.8307,-1.8042;1.9761,-1.2150,-1.0383;3.2794,-0.9738,-1.5793;3.6458,-1.9232,-1.9871;3.2691,-0.2715,-2.4220;4.1980,-0.5054,-0.4812;4.8308,-1.4292,0.3622;4.6726,-2.4962,0.2231;5.6658,-0.9908,1.3913;6.1547,-1.7135,2.0392;5.8686,0.3734,1.5924;6.5167,0.7146,2.3953;5.2336,1.3008,0.7684;5.3833,2.3651,0.9298;4.3990,0.8644,-0.2615;3.8986,1.5993,-0.8902;-1.3145,0.4669,-0.7932;-0.9759,1.4272,-0.3829;-1.4636,0.5838,-1.8746;-2.6589,0.1401,-0.1688;-3.7373,1.0350,-0.3389;-3.4657,2.1566,-1.0801;-4.5199,3.0916,-1.2665;-4.1305,3.9180,-1.8689;-4.8539,3.5065,-0.3098;-5.3529,2.6427,-1.8175;-4.9784,0.7436,0.2335;-5.8299,1.4063,0.1237;-5.1563,-0.4257,0.9724;-6.1243,-0.6455,1.4152;-4.0963,-1.3113,1.1444;-4.2512,-2.2187,1.7244;-2.8420,-1.0403,0.5786;-1.7236,-2.0302,0.7942;-2.0420,-3.0063,0.4082;-1.5513,-2.1339,1.8725;</g>
	</geometry>
	<conformers/>
	<properties/>
</molecule>
