<?xml version="1.0" ?>
<!--MOLLI PACKAGE EXPERIMENTAL XML FORMAT-->
<molecule name="react_483">
	<atoms>
		<a id="1" s="H" t="H" l="H"/>
		<a id="2" s="C" t="C.2" l="C"/>
		<a id="3" s="C" t="C.2" l="C"/>
		<a id="4" s="C" t="C.3" l="C"/>
		<a id="5" s="H" t="H" l="H"/>
		<a id="6" s="H" t="H" l="H"/>
		<a id="7" s="C" t="C.2" l="C"/>
		<a id="8" s="O" t="O.2" l="O"/>
		<a id="9" s="O" t="O.3" l="O"/>
		<a id="10" s="C" t="C.3" l="C"/>
		<a id="11" s="H" t="H" l="H"/>
		<a id="12" s="H" t="H" l="H"/>
		<a id="13" s="H" t="H" l="H"/>
		<a id="14" s="C" t="C.3" l="C"/>
		<a id="15" s="H" t="H" l="H"/>
		<a id="16" s="H" t="H" l="H"/>
		<a id="17" s="C" t="C.3" l="C"/>
		<a id="18" s="H" t="H" l="H"/>
		<a id="19" s="H" t="H" l="H"/>
		<a id="20" s="C" t="C.3" l="C"/>
		<a id="21" s="H" t="H" l="H"/>
		<a id="22" s="H" t="H" l="H"/>
	</atoms>
	<bonds>
		<b id="1" c="10 9" t="1"/>
		<b id="2" c="9 7" t="1"/>
		<b id="3" c="7 8" t="2"/>
		<b id="4" c="7 4" t="1"/>
		<b id="5" c="4 3" t="1"/>
		<b id="6" c="3 2" t="2"/>
		<b id="7" c="2 20" t="1"/>
		<b id="8" c="20 17" t="1"/>
		<b id="9" c="17 14" t="1"/>
		<b id="10" c="14 3" t="1"/>
		<b id="11" c="10 11" t="1"/>
		<b id="12" c="10 12" t="1"/>
		<b id="13" c="10 13" t="1"/>
		<b id="14" c="4 5" t="1"/>
		<b id="15" c="4 6" t="1"/>
		<b id="16" c="2 1" t="1"/>
		<b id="17" c="20 21" t="1"/>
		<b id="18" c="20 22" t="1"/>
		<b id="19" c="17 18" t="1"/>
		<b id="20" c="17 19" t="1"/>
		<b id="21" c="14 15" t="1"/>
		<b id="22" c="14 16" t="1"/>
	</bonds>
	<geometry>
		<g u="A" t="cart/3d">#22,3:-1.4070,2.1994,0.6470;-1.5804,1.1422,0.4974;-0.7710,0.3160,-0.1793;0.5031,0.6729,-0.8781;0.4636,0.3052,-1.9095;0.6161,1.7633,-0.9070;1.7462,0.1003,-0.2100;1.7756,-0.6307,0.7704;2.8523,0.5253,-0.8931;4.0851,0.0459,-0.3549;4.1229,-1.0471,-0.3979;4.8993,0.4443,-0.9665;4.2188,0.3996,0.6722;-1.2918,-1.0897,-0.1704;-1.2889,-1.5389,-1.1682;-0.7041,-1.7188,0.5057;-2.7213,-0.9182,0.3432;-3.0303,-1.7475,0.9876;-3.4177,-0.8923,-0.5053;-2.7529,0.4216,1.0752;-3.6907,0.9519,0.8862;-2.6267,0.2953,2.1553;</g>
	</geometry>
	<conformers/>
	<properties/>
</molecule>
