<?xml version="1.0" ?>
<!--MOLLI PACKAGE EXPERIMENTAL XML FORMAT-->
<molecule name="react_500">
	<atoms>
		<a id="1" s="H" t="H" l="H"/>
		<a id="2" s="C" t="C.2" l="C"/>
		<a id="3" s="C" t="C.2" l="C"/>
		<a id="4" s="C" t="C.ar" l="C"/>
		<a id="5" s="C" t="C.ar" l="C"/>
		<a id="6" s="H" t="H" l="H"/>
		<a id="7" s="C" t="C.ar" l="C"/>
		<a id="8" s="H" t="H" l="H"/>
		<a id="9" s="C" t="C.ar" l="C"/>
		<a id="10" s="H" t="H" l="H"/>
		<a id="11" s="C" t="C.ar" l="C"/>
		<a id="12" s="H" t="H" l="H"/>
		<a id="13" s="C" t="C.ar" l="C"/>
		<a id="14" s="Cl" t="Cl" l="CL"/>
		<a id="15" s="C" t="C.3" l="C"/>
		<a id="16" s="H" t="H" l="H"/>
		<a id="17" s="H" t="H" l="H"/>
		<a id="18" s="C" t="C.3" l="C"/>
		<a id="19" s="H" t="H" l="H"/>
		<a id="20" s="H" t="H" l="H"/>
		<a id="21" s="C" t="C.3" l="C"/>
		<a id="22" s="H" t="H" l="H"/>
		<a id="23" s="H" t="H" l="H"/>
		<a id="24" s="C" t="C.3" l="C"/>
		<a id="25" s="H" t="H" l="H"/>
		<a id="26" s="H" t="H" l="H"/>
	</atoms>
	<bonds>
		<b id="1" c="14 13" t="1"/>
		<b id="2" c="13 11" t="ar"/>
		<b id="3" c="11 9" t="ar"/>
		<b id="4" c="9 7" t="ar"/>
		<b id="5" c="7 5" t="ar"/>
		<b id="6" c="5 4" t="ar"/>
		<b id="7" c="4 3" t="1"/>
		<b id="8" c="3 2" t="2"/>
		<b id="9" c="2 24" t="1"/>
		<b id="10" c="24 21" t="1"/>
		<b id="11" c="21 18" t="1"/>
		<b id="12" c="18 15" t="1"/>
		<b id="13" c="4 13" t="ar"/>
		<b id="14" c="15 3" t="1"/>
		<b id="15" c="11 12" t="1"/>
		<b id="16" c="9 10" t="1"/>
		<b id="17" c="7 8" t="1"/>
		<b id="18" c="5 6" t="1"/>
		<b id="19" c="2 1" t="1"/>
		<b id="20" c="24 25" t="1"/>
		<b id="21" c="24 26" t="1"/>
		<b id="22" c="21 22" t="1"/>
		<b id="23" c="21 23" t="1"/>
		<b id="24" c="18 19" t="1"/>
		<b id="25" c="18 20" t="1"/>
		<b id="26" c="15 16" t="1"/>
		<b id="27" c="15 17" t="1"/>
	</bonds>
	<geometry>
		<g u="A" t="cart/3d">#26,3:-0.7332,1.5708,-1.2641;-1.1350,0.8028,-0.6065;-0.3105,0.0139,0.1051;1.1484,0.1753,-0.0171;1.7974,-0.4683,-1.0827;1.2253,-1.0687,-1.7874;3.1787,-0.3497,-1.2523;3.6683,-0.8551,-2.0813;3.9276,0.4159,-0.3616;5.0027,0.5093,-0.4936;3.2958,1.0660,0.6989;3.8860,1.6651,1.3876;1.9125,0.9497,0.8722;1.1960,1.7940,2.2018;-0.8053,-1.0386,1.0636;-0.2252,-1.0267,1.9938;-0.6551,-2.0251,0.6065;-2.2863,-0.8663,1.4146;-2.6559,-1.7737,1.9055;-2.4010,-0.0449,2.1335;-3.1170,-0.5696,0.1696;-4.1736,-0.4597,0.4384;-3.0516,-1.4207,-0.5205;-2.6308,0.6983,-0.5358;-3.0121,1.5817,-0.0098;-3.0460,0.7244,-1.5496;</g>
	</geometry>
	<conformers/>
	<properties/>
</molecule>
