<?xml version="1.0" ?>
<!--MOLLI PACKAGE EXPERIMENTAL XML FORMAT-->
<molecule name="react_610">
	<atoms>
		<a id="1" s="H" t="H" l="H"/>
		<a id="2" s="C" t="C.2" l="C"/>
		<a id="3" s="C" t="C.2" l="C"/>
		<a id="4" s="H" t="H" l="H"/>
		<a id="5" s="C" t="C.2" l="C"/>
		<a id="6" s="C" t="C.2" l="C"/>
		<a id="7" s="H" t="H" l="H"/>
		<a id="8" s="C" t="C.2" l="C"/>
		<a id="9" s="H" t="H" l="H"/>
		<a id="10" s="C" t="C.2" l="C"/>
		<a id="11" s="H" t="H" l="H"/>
		<a id="12" s="C" t="C.ar" l="C"/>
		<a id="13" s="C" t="C.ar" l="C"/>
		<a id="14" s="H" t="H" l="H"/>
		<a id="15" s="C" t="C.ar" l="C"/>
		<a id="16" s="H" t="H" l="H"/>
		<a id="17" s="C" t="C.ar" l="C"/>
		<a id="18" s="H" t="H" l="H"/>
		<a id="19" s="C" t="C.ar" l="C"/>
		<a id="20" s="H" t="H" l="H"/>
		<a id="21" s="C" t="C.ar" l="C"/>
		<a id="22" s="H" t="H" l="H"/>
		<a id="23" s="O" t="O.3" l="O"/>
		<a id="24" s="C" t="C.2" l="C"/>
		<a id="25" s="O" t="O.2" l="O"/>
	</atoms>
	<bonds>
		<b id="1" c="25 24" t="2"/>
		<b id="2" c="24 2" t="1"/>
		<b id="3" c="2 3" t="2"/>
		<b id="4" c="3 5" t="1"/>
		<b id="5" c="5 6" t="2"/>
		<b id="6" c="6 8" t="1"/>
		<b id="7" c="8 10" t="2"/>
		<b id="8" c="10 12" t="1"/>
		<b id="9" c="12 13" t="ar"/>
		<b id="10" c="13 15" t="ar"/>
		<b id="11" c="15 17" t="ar"/>
		<b id="12" c="17 19" t="ar"/>
		<b id="13" c="19 21" t="ar"/>
		<b id="14" c="5 23" t="1"/>
		<b id="15" c="23 24" t="1"/>
		<b id="16" c="21 12" t="ar"/>
		<b id="17" c="2 1" t="1"/>
		<b id="18" c="3 4" t="1"/>
		<b id="19" c="6 7" t="1"/>
		<b id="20" c="8 9" t="1"/>
		<b id="21" c="10 11" t="1"/>
		<b id="22" c="13 14" t="1"/>
		<b id="23" c="15 16" t="1"/>
		<b id="24" c="17 18" t="1"/>
		<b id="25" c="19 20" t="1"/>
		<b id="26" c="21 22" t="1"/>
	</bonds>
	<geometry>
		<g u="A" t="cart/3d">#25,3:6.2248,-0.1903,0.6836;5.1532,-0.2258,0.6262;4.3077,0.5703,-0.0140;4.5768,1.4274,-0.6118;2.9806,0.1125,0.2137;1.8618,0.6672,-0.2733;1.9395,1.5500,-0.9045;0.5269,0.1652,-0.0144;0.4595,-0.7165,0.6168;-0.5757,0.7442,-0.5176;-0.4649,1.6263,-1.1458;-1.9699,0.3053,-0.3089;-2.3290,-0.8063,0.4659;-1.5789,-1.4141,0.9630;-3.6712,-1.1687,0.6235;-3.9295,-2.0342,1.2285;-4.6747,-0.4252,0.0089;-5.7166,-0.7083,0.1325;-4.3376,0.6815,-0.7641;-5.1169,1.2658,-1.2464;-2.9962,1.0429,-0.9210;-2.7636,1.9129,-1.5312;2.9982,-1.0131,1.0275;4.3241,-1.2329,1.2889;4.7717,-2.1362,1.9756;</g>
	</geometry>
	<conformers/>
	<properties/>
</molecule>
