<?xml version="1.0" ?>
<!--MOLLI PACKAGE EXPERIMENTAL XML FORMAT-->
<molecule name="react_611">
	<atoms>
		<a id="1" s="H" t="H" l="H"/>
		<a id="2" s="C" t="C.2" l="C"/>
		<a id="3" s="C" t="C.2" l="C"/>
		<a id="4" s="H" t="H" l="H"/>
		<a id="5" s="C" t="C.2" l="C"/>
		<a id="6" s="C" t="C.2" l="C"/>
		<a id="7" s="H" t="H" l="H"/>
		<a id="8" s="C" t="C.2" l="C"/>
		<a id="9" s="H" t="H" l="H"/>
		<a id="10" s="C" t="C.2" l="C"/>
		<a id="11" s="H" t="H" l="H"/>
		<a id="12" s="C" t="C.ar" l="C"/>
		<a id="13" s="C" t="C.ar" l="C"/>
		<a id="14" s="H" t="H" l="H"/>
		<a id="15" s="C" t="C.ar" l="C"/>
		<a id="16" s="H" t="H" l="H"/>
		<a id="17" s="C" t="C.ar" l="C"/>
		<a id="18" s="H" t="H" l="H"/>
		<a id="19" s="C" t="C.ar" l="C"/>
		<a id="20" s="H" t="H" l="H"/>
		<a id="21" s="C" t="C.ar" l="C"/>
		<a id="22" s="H" t="H" l="H"/>
		<a id="23" s="O" t="O.3" l="O"/>
		<a id="24" s="C" t="C.2" l="C"/>
		<a id="25" s="O" t="O.2" l="O"/>
	</atoms>
	<bonds>
		<b id="1" c="25 24" t="2"/>
		<b id="2" c="24 2" t="1"/>
		<b id="3" c="2 3" t="2"/>
		<b id="4" c="3 5" t="1"/>
		<b id="5" c="5 6" t="2"/>
		<b id="6" c="6 8" t="1"/>
		<b id="7" c="8 10" t="2"/>
		<b id="8" c="10 12" t="1"/>
		<b id="9" c="12 13" t="ar"/>
		<b id="10" c="13 15" t="ar"/>
		<b id="11" c="15 17" t="ar"/>
		<b id="12" c="17 19" t="ar"/>
		<b id="13" c="19 21" t="ar"/>
		<b id="14" c="5 23" t="1"/>
		<b id="15" c="23 24" t="1"/>
		<b id="16" c="21 12" t="ar"/>
		<b id="17" c="2 1" t="1"/>
		<b id="18" c="3 4" t="1"/>
		<b id="19" c="6 7" t="1"/>
		<b id="20" c="8 9" t="1"/>
		<b id="21" c="10 11" t="1"/>
		<b id="22" c="13 14" t="1"/>
		<b id="23" c="15 16" t="1"/>
		<b id="24" c="17 18" t="1"/>
		<b id="25" c="19 20" t="1"/>
		<b id="26" c="21 22" t="1"/>
	</bonds>
	<geometry>
		<g u="A" t="cart/3d">#25,3:5.0894,2.5037,-0.0038;4.5687,1.5721,0.1147;3.2691,1.3118,0.0648;2.4962,2.0423,-0.1133;3.0638,-0.0800,0.2832;1.9183,-0.7743,0.3170;1.9916,-1.8457,0.5018;0.5818,-0.2442,0.1319;0.4945,0.8204,-0.0528;-0.5128,-1.0217,0.1833;-0.3896,-2.0875,0.3708;-1.9124,-0.5845,0.0093;-2.2901,0.7422,-0.2402;-1.5521,1.5341,-0.3198;-3.6369,1.0886,-0.3953;-3.9109,2.1227,-0.5883;-4.6263,0.1139,-0.3032;-5.6719,0.3844,-0.4239;-4.2707,-1.2083,-0.0561;-5.0387,-1.9739,0.0169;-2.9248,-1.5534,0.0987;-2.6777,-2.5954,0.2911;4.2918,-0.7093,0.4771;5.2214,0.2904,0.3765;6.4282,0.1515,0.4867;</g>
	</geometry>
	<conformers/>
	<properties/>
</molecule>
