<?xml version="1.0" ?>
<!--MOLLI PACKAGE EXPERIMENTAL XML FORMAT-->
<molecule name="react_1">
	<atoms>
		<a id="1" s="H" t="H" l="H"/>
		<a id="2" s="C" t="C.2" l="C"/>
		<a id="3" s="H" t="H" l="H"/>
		<a id="4" s="C" t="C.2" l="C"/>
		<a id="5" s="H" t="H" l="H"/>
		<a id="6" s="C" t="C.ar" l="C"/>
		<a id="7" s="S" t="S.2" l="S"/>
		<a id="8" s="C" t="C.ar" l="C"/>
		<a id="9" s="O" t="O.2" l="O"/>
		<a id="10" s="S" t="S.2" l="S"/>
		<a id="11" s="C" t="C.ar" l="C"/>
		<a id="12" s="H" t="H" l="H"/>
	</atoms>
	<bonds>
		<b id="1" c="2 4" t="2"/>
		<b id="2" c="4 6" t="1"/>
		<b id="3" c="6 11" t="ar"/>
		<b id="4" c="11 10" t="ar"/>
		<b id="5" c="10 8" t="ar"/>
		<b id="6" c="8 9" t="2"/>
		<b id="7" c="8 7" t="ar"/>
		<b id="8" c="7 6" t="ar"/>
		<b id="9" c="2 1" t="1"/>
		<b id="10" c="2 3" t="1"/>
		<b id="11" c="4 5" t="1"/>
		<b id="12" c="11 12" t="1"/>
	</bonds>
	<geometry>
		<g u="A" t="cart/3d">#12,3:-1.7051,2.0298,-0.0609;-2.1289,1.0489,-0.2507;-3.1973,1.0111,-0.4429;-1.4000,-0.0759,-0.2549;-1.9309,-1.0063,-0.4576;0.0271,-0.2003,-0.0188;1.0334,1.1829,0.3206;2.5451,0.3054,0.4830;3.6140,0.8399,0.7337;2.3574,-1.4255,0.2466;0.6502,-1.3887,-0.0490;0.1349,-2.3212,-0.2492;</g>
	</geometry>
	<conformers/>
	<properties/>
</molecule>
