<?xml version="1.0" ?>
<!--MOLLI PACKAGE EXPERIMENTAL XML FORMAT-->
<molecule name="react_3">
	<atoms>
		<a id="1" s="H" t="H" l="H"/>
		<a id="2" s="C" t="C.2" l="C"/>
		<a id="3" s="H" t="H" l="H"/>
		<a id="4" s="C" t="C.2" l="C"/>
		<a id="5" s="H" t="H" l="H"/>
		<a id="6" s="C" t="C.ar" l="C"/>
		<a id="7" s="O" t="O.2" l="O"/>
		<a id="8" s="C" t="C.ar" l="C"/>
		<a id="9" s="H" t="H" l="H"/>
		<a id="10" s="C" t="C.ar" l="C"/>
		<a id="11" s="H" t="H" l="H"/>
		<a id="12" s="C" t="C.ar" l="C"/>
		<a id="13" s="H" t="H" l="H"/>
	</atoms>
	<bonds>
		<b id="1" c="2 4" t="2"/>
		<b id="2" c="4 6" t="1"/>
		<b id="3" c="6 12" t="ar"/>
		<b id="4" c="12 10" t="ar"/>
		<b id="5" c="10 8" t="ar"/>
		<b id="6" c="8 7" t="ar"/>
		<b id="7" c="7 6" t="ar"/>
		<b id="8" c="2 1" t="1"/>
		<b id="9" c="2 3" t="1"/>
		<b id="10" c="4 5" t="1"/>
		<b id="11" c="12 13" t="1"/>
		<b id="12" c="10 11" t="1"/>
		<b id="13" c="8 9" t="1"/>
	</bonds>
	<geometry>
		<g u="A" t="cart/3d">#13,3:-2.1470,0.0941,1.4587;-2.4108,0.0694,0.4075;-3.4694,0.0875,0.1667;-1.5025,0.0188,-0.5741;-1.8293,-0.0039,-1.6101;-0.1006,-0.0076,-0.3394;0.8014,-0.0598,-1.3821;2.0552,-0.0746,-0.8712;2.8550,-0.1150,-1.5971;2.0136,-0.0333,0.4975;2.8624,-0.0338,1.1660;0.6406,0.0095,0.8390;0.2315,0.0487,1.8386;</g>
	</geometry>
	<conformers/>
	<properties/>
</molecule>
