<?xml version="1.0" ?>
<!--MOLLI PACKAGE EXPERIMENTAL XML FORMAT-->
<molecule name="react_4">
	<atoms>
		<a id="1" s="H" t="H" l="H"/>
		<a id="2" s="C" t="C.2" l="C"/>
		<a id="3" s="H" t="H" l="H"/>
		<a id="4" s="C" t="C.2" l="C"/>
		<a id="5" s="H" t="H" l="H"/>
		<a id="6" s="C" t="C.ar" l="C"/>
		<a id="7" s="C" t="C.ar" l="C"/>
		<a id="8" s="H" t="H" l="H"/>
		<a id="9" s="C" t="C.ar" l="C"/>
		<a id="10" s="H" t="H" l="H"/>
		<a id="11" s="C" t="C.ar" l="C"/>
		<a id="12" s="H" t="H" l="H"/>
		<a id="13" s="C" t="C.ar" l="C"/>
		<a id="14" s="C" t="C.ar" l="C"/>
		<a id="15" s="H" t="H" l="H"/>
		<a id="16" s="C" t="C.ar" l="C"/>
		<a id="17" s="H" t="H" l="H"/>
		<a id="18" s="C" t="C.ar" l="C"/>
		<a id="19" s="H" t="H" l="H"/>
		<a id="20" s="C" t="C.ar" l="C"/>
		<a id="21" s="H" t="H" l="H"/>
		<a id="22" s="C" t="C.ar" l="C"/>
	</atoms>
	<bonds>
		<b id="1" c="2 4" t="2"/>
		<b id="2" c="4 6" t="1"/>
		<b id="3" c="6 7" t="ar"/>
		<b id="4" c="7 9" t="ar"/>
		<b id="5" c="9 11" t="ar"/>
		<b id="6" c="11 13" t="ar"/>
		<b id="7" c="13 14" t="ar"/>
		<b id="8" c="14 16" t="ar"/>
		<b id="9" c="16 18" t="ar"/>
		<b id="10" c="18 20" t="ar"/>
		<b id="11" c="20 22" t="ar"/>
		<b id="12" c="22 6" t="ar"/>
		<b id="13" c="22 13" t="ar"/>
		<b id="14" c="2 1" t="1"/>
		<b id="15" c="2 3" t="1"/>
		<b id="16" c="4 5" t="1"/>
		<b id="17" c="7 8" t="1"/>
		<b id="18" c="9 10" t="1"/>
		<b id="19" c="11 12" t="1"/>
		<b id="20" c="14 15" t="1"/>
		<b id="21" c="16 17" t="1"/>
		<b id="22" c="18 19" t="1"/>
		<b id="23" c="20 21" t="1"/>
	</bonds>
	<geometry>
		<g u="A" t="cart/3d">#22,3:-4.0423,-1.5805,0.6944;-3.2054,-0.9081,0.8529;-3.1157,-0.4423,1.8296;-2.3176,-0.6845,-0.1243;-2.4199,-1.1776,-1.0872;-1.1578,0.2098,0.0331;-1.3958,1.5508,0.3759;-2.4121,1.9049,0.5352;-0.3413,2.4489,0.5052;-0.5373,3.4842,0.7708;0.9648,2.0192,0.2868;1.7755,2.7375,0.3908;1.2372,0.6878,-0.0622;2.5620,0.2734,-0.2799;3.3823,0.9815,-0.1817;2.8557,-1.0455,-0.6229;3.8862,-1.3488,-0.7866;1.8276,-1.9696,-0.7503;2.0494,-3.0008,-1.0120;0.5052,-1.5733,-0.5376;-0.2735,-2.3263,-0.6359;0.1728,-0.2407,-0.1942;</g>
	</geometry>
	<conformers/>
	<properties/>
</molecule>
