<?xml version="1.0" ?>
<!--MOLLI PACKAGE EXPERIMENTAL XML FORMAT-->
<molecule name="react_9">
	<atoms>
		<a id="1" s="H" t="H" l="H"/>
		<a id="2" s="C" t="C.2" l="C"/>
		<a id="3" s="C" t="C.2" l="C"/>
		<a id="4" s="O" t="O.2" l="O"/>
		<a id="5" s="O" t="O.3" l="O"/>
		<a id="6" s="C" t="C.3" l="C"/>
		<a id="7" s="H" t="H" l="H"/>
		<a id="8" s="H" t="H" l="H"/>
		<a id="9" s="C" t="C.3" l="C"/>
		<a id="10" s="H" t="H" l="H"/>
		<a id="11" s="H" t="H" l="H"/>
		<a id="12" s="H" t="H" l="H"/>
		<a id="13" s="C" t="C.2" l="C"/>
		<a id="14" s="H" t="H" l="H"/>
		<a id="15" s="C" t="C.3" l="C"/>
		<a id="16" s="H" t="H" l="H"/>
		<a id="17" s="H" t="H" l="H"/>
		<a id="18" s="C" t="C.3" l="C"/>
		<a id="19" s="H" t="H" l="H"/>
		<a id="20" s="H" t="H" l="H"/>
		<a id="21" s="C" t="C.3" l="C"/>
		<a id="22" s="H" t="H" l="H"/>
		<a id="23" s="H" t="H" l="H"/>
		<a id="24" s="C" t="C.3" l="C"/>
		<a id="25" s="H" t="H" l="H"/>
		<a id="26" s="H" t="H" l="H"/>
		<a id="27" s="H" t="H" l="H"/>
	</atoms>
	<bonds>
		<b id="1" c="24 21" t="1"/>
		<b id="2" c="21 18" t="1"/>
		<b id="3" c="18 15" t="1"/>
		<b id="4" c="15 13" t="1"/>
		<b id="5" c="13 2" t="2"/>
		<b id="6" c="2 3" t="1"/>
		<b id="7" c="3 4" t="2"/>
		<b id="8" c="3 5" t="1"/>
		<b id="9" c="5 6" t="1"/>
		<b id="10" c="6 9" t="1"/>
		<b id="11" c="24 25" t="1"/>
		<b id="12" c="24 26" t="1"/>
		<b id="13" c="24 27" t="1"/>
		<b id="14" c="21 22" t="1"/>
		<b id="15" c="21 23" t="1"/>
		<b id="16" c="18 19" t="1"/>
		<b id="17" c="18 20" t="1"/>
		<b id="18" c="15 16" t="1"/>
		<b id="19" c="15 17" t="1"/>
		<b id="20" c="13 14" t="1"/>
		<b id="21" c="2 1" t="1"/>
		<b id="22" c="6 7" t="1"/>
		<b id="23" c="6 8" t="1"/>
		<b id="24" c="9 10" t="1"/>
		<b id="25" c="9 11" t="1"/>
		<b id="26" c="9 12" t="1"/>
	</bonds>
	<geometry>
		<g u="A" t="cart/3d">#27,3:0.3252,0.4330,-1.4727;-0.4734,0.1692,-0.7885;-1.8217,0.3627,-1.3691;-1.9822,0.7790,-2.5069;-2.8012,0.0266,-0.4960;-4.1268,0.1960,-1.0102;-4.2893,1.2465,-1.2766;-4.2641,-0.4351,-1.8955;-5.1089,-0.2159,0.0691;-4.9701,0.3924,0.9690;-4.9454,-1.2585,0.3614;-6.1398,-0.1037,-0.2779;-0.2259,-0.2836,0.4520;-1.0645,-0.5350,1.1010;1.1230,-0.4973,1.0877;1.1563,0.1031,2.0055;1.1811,-1.5482,1.3978;2.3488,-0.1635,0.2306;2.3402,-0.7693,-0.6840;2.3153,0.8901,-0.0733;3.6471,-0.4257,0.9961;3.6940,-1.4777,1.3008;3.6691,0.1786,1.9104;4.8678,-0.0966,0.1515;4.8931,-0.7078,-0.7563;5.7841,-0.2912,0.7176;4.8682,0.9576,-0.1435;</g>
	</geometry>
	<conformers/>
	<properties/>
</molecule>
