<?xml version="1.0" ?>
<!--MOLLI PACKAGE EXPERIMENTAL XML FORMAT-->
<molecule name="react_10">
	<atoms>
		<a id="1" s="H" t="H" l="H"/>
		<a id="2" s="C" t="C.2" l="C"/>
		<a id="3" s="C" t="C.2" l="C"/>
		<a id="4" s="O" t="O.2" l="O"/>
		<a id="5" s="O" t="O.3" l="O"/>
		<a id="6" s="C" t="C.3" l="C"/>
		<a id="7" s="H" t="H" l="H"/>
		<a id="8" s="H" t="H" l="H"/>
		<a id="9" s="C" t="C.3" l="C"/>
		<a id="10" s="H" t="H" l="H"/>
		<a id="11" s="H" t="H" l="H"/>
		<a id="12" s="H" t="H" l="H"/>
		<a id="13" s="C" t="C.2" l="C"/>
		<a id="14" s="H" t="H" l="H"/>
		<a id="15" s="C" t="C.ar" l="C"/>
		<a id="16" s="C" t="C.ar" l="C"/>
		<a id="17" s="H" t="H" l="H"/>
		<a id="18" s="C" t="C.ar" l="C"/>
		<a id="19" s="H" t="H" l="H"/>
		<a id="20" s="C" t="C.ar" l="C"/>
		<a id="21" s="H" t="H" l="H"/>
		<a id="22" s="C" t="C.ar" l="C"/>
		<a id="23" s="H" t="H" l="H"/>
		<a id="24" s="C" t="C.ar" l="C"/>
		<a id="25" s="H" t="H" l="H"/>
	</atoms>
	<bonds>
		<b id="1" c="9 6" t="1"/>
		<b id="2" c="6 5" t="1"/>
		<b id="3" c="5 3" t="1"/>
		<b id="4" c="3 4" t="2"/>
		<b id="5" c="3 2" t="1"/>
		<b id="6" c="2 13" t="2"/>
		<b id="7" c="13 15" t="1"/>
		<b id="8" c="15 16" t="ar"/>
		<b id="9" c="16 18" t="ar"/>
		<b id="10" c="18 20" t="ar"/>
		<b id="11" c="20 22" t="ar"/>
		<b id="12" c="22 24" t="ar"/>
		<b id="13" c="24 15" t="ar"/>
		<b id="14" c="9 10" t="1"/>
		<b id="15" c="9 11" t="1"/>
		<b id="16" c="9 12" t="1"/>
		<b id="17" c="6 7" t="1"/>
		<b id="18" c="6 8" t="1"/>
		<b id="19" c="2 1" t="1"/>
		<b id="20" c="13 14" t="1"/>
		<b id="21" c="16 17" t="1"/>
		<b id="22" c="18 19" t="1"/>
		<b id="23" c="20 21" t="1"/>
		<b id="24" c="22 23" t="1"/>
		<b id="25" c="24 25" t="1"/>
	</bonds>
	<geometry>
		<g u="A" t="cart/3d">#25,3:-0.1834,1.7058,0.9945;0.3380,0.8214,0.6450;1.8016,0.8833,0.8398;2.3456,1.8626,1.3283;2.4161,-0.2462,0.4139;3.8423,-0.2747,0.5667;4.1349,-1.3272,0.6420;4.1543,0.2131,1.4974;4.5104,0.3548,-0.6413;5.5990,0.2852,-0.5626;4.2336,1.4093,-0.7382;4.1898,-0.1445,-1.5616;-0.3127,-0.2206,0.1041;0.2268,-1.1092,-0.2160;-1.7708,-0.2686,-0.0730;-2.5171,0.8528,-0.4593;-2.0339,1.8111,-0.6327;-3.8991,0.7573,-0.6445;-4.4680,1.6345,-0.9418;-4.5469,-0.4616,-0.4558;-5.6215,-0.5352,-0.6008;-3.8135,-1.5871,-0.0876;-4.3157,-2.5405,0.0551;-2.4319,-1.4923,0.0971;-1.8779,-2.3835,0.3842;</g>
	</geometry>
	<conformers/>
	<properties/>
</molecule>
