<?xml version="1.0" ?>
<!--MOLLI PACKAGE EXPERIMENTAL XML FORMAT-->
<molecule name="react_60">
	<atoms>
		<a id="1" s="H" t="H" l="H"/>
		<a id="2" s="O" t="O.3" l="O"/>
		<a id="3" s="C" t="C.3" l="C"/>
		<a id="4" s="H" t="H" l="H"/>
		<a id="5" s="H" t="H" l="H"/>
		<a id="6" s="C" t="C.3" l="C"/>
		<a id="7" s="H" t="H" l="H"/>
		<a id="8" s="H" t="H" l="H"/>
		<a id="9" s="C" t="C.2" l="C"/>
		<a id="10" s="H" t="H" l="H"/>
		<a id="11" s="C" t="C.2" l="C"/>
		<a id="12" s="H" t="H" l="H"/>
		<a id="13" s="C" t="C.3" l="C"/>
		<a id="14" s="H" t="H" l="H"/>
		<a id="15" s="H" t="H" l="H"/>
		<a id="16" s="C" t="C.3" l="C"/>
		<a id="17" s="H" t="H" l="H"/>
		<a id="18" s="H" t="H" l="H"/>
		<a id="19" s="H" t="H" l="H"/>
	</atoms>
	<bonds>
		<b id="1" c="16 13" t="1"/>
		<b id="2" c="13 11" t="1"/>
		<b id="3" c="11 9" t="2"/>
		<b id="4" c="9 6" t="1"/>
		<b id="5" c="6 3" t="1"/>
		<b id="6" c="3 2" t="1"/>
		<b id="7" c="16 17" t="1"/>
		<b id="8" c="16 18" t="1"/>
		<b id="9" c="16 19" t="1"/>
		<b id="10" c="13 14" t="1"/>
		<b id="11" c="13 15" t="1"/>
		<b id="12" c="11 12" t="1"/>
		<b id="13" c="9 10" t="1"/>
		<b id="14" c="6 7" t="1"/>
		<b id="15" c="6 8" t="1"/>
		<b id="16" c="3 4" t="1"/>
		<b id="17" c="3 5" t="1"/>
		<b id="18" c="2 1" t="1"/>
	</bonds>
	<geometry>
		<g u="A" t="cart/3d">#19,3:3.6881,-0.9602,-0.3504;3.4880,-0.0926,0.0400;2.3874,0.4583,-0.6785;2.7124,0.6199,-1.7115;2.1471,1.4339,-0.2434;1.1784,-0.4787,-0.6483;0.4449,-0.1338,-1.3819;1.4870,-1.4862,-0.9519;0.5787,-0.5806,0.7285;1.2520,-0.9751,1.4907;-0.6671,-0.2569,1.1117;-0.9228,-0.4099,2.1606;-1.7694,0.3190,0.2710;-1.4082,0.6657,-0.7012;-2.1678,1.2033,0.7822;-2.8896,-0.6880,0.0630;-3.6952,-0.2405,-0.5280;-2.5300,-1.5740,-0.4712;-3.3138,-1.0142,1.0187;</g>
	</geometry>
	<conformers/>
	<properties/>
</molecule>
