<?xml version="1.0" ?>
<!--MOLLI PACKAGE EXPERIMENTAL XML FORMAT-->
<molecule name="react_11">
	<atoms>
		<a id="1" s="H" t="H" l="H"/>
		<a id="2" s="C" t="C.2" l="C"/>
		<a id="3" s="C" t="C.2" l="C"/>
		<a id="4" s="H" t="H" l="H"/>
		<a id="5" s="C" t="C.ar" l="C"/>
		<a id="6" s="C" t="C.ar" l="C"/>
		<a id="7" s="H" t="H" l="H"/>
		<a id="8" s="C" t="C.ar" l="C"/>
		<a id="9" s="H" t="H" l="H"/>
		<a id="10" s="C" t="C.ar" l="C"/>
		<a id="11" s="H" t="H" l="H"/>
		<a id="12" s="C" t="C.ar" l="C"/>
		<a id="13" s="H" t="H" l="H"/>
		<a id="14" s="C" t="C.ar" l="C"/>
		<a id="15" s="H" t="H" l="H"/>
		<a id="16" s="C" t="C.ar" l="C"/>
		<a id="17" s="C" t="C.ar" l="C"/>
		<a id="18" s="H" t="H" l="H"/>
		<a id="19" s="C" t="C.ar" l="C"/>
		<a id="20" s="H" t="H" l="H"/>
		<a id="21" s="C" t="C.ar" l="C"/>
		<a id="22" s="H" t="H" l="H"/>
		<a id="23" s="C" t="C.ar" l="C"/>
		<a id="24" s="H" t="H" l="H"/>
		<a id="25" s="C" t="C.ar" l="C"/>
		<a id="26" s="H" t="H" l="H"/>
	</atoms>
	<bonds>
		<b id="1" c="2 3" t="2"/>
		<b id="2" c="3 5" t="1"/>
		<b id="3" c="5 6" t="ar"/>
		<b id="4" c="6 8" t="ar"/>
		<b id="5" c="8 10" t="ar"/>
		<b id="6" c="10 12" t="ar"/>
		<b id="7" c="12 14" t="ar"/>
		<b id="8" c="2 16" t="1"/>
		<b id="9" c="16 17" t="ar"/>
		<b id="10" c="17 19" t="ar"/>
		<b id="11" c="19 21" t="ar"/>
		<b id="12" c="21 23" t="ar"/>
		<b id="13" c="23 25" t="ar"/>
		<b id="14" c="14 5" t="ar"/>
		<b id="15" c="25 16" t="ar"/>
		<b id="16" c="2 1" t="1"/>
		<b id="17" c="3 4" t="1"/>
		<b id="18" c="6 7" t="1"/>
		<b id="19" c="8 9" t="1"/>
		<b id="20" c="10 11" t="1"/>
		<b id="21" c="12 13" t="1"/>
		<b id="22" c="14 15" t="1"/>
		<b id="23" c="17 18" t="1"/>
		<b id="24" c="19 20" t="1"/>
		<b id="25" c="21 22" t="1"/>
		<b id="26" c="23 24" t="1"/>
		<b id="27" c="25 26" t="1"/>
	</bonds>
	<geometry>
		<g u="A" t="cart/3d">#26,3:-0.2217,-0.8696,-1.2244;-0.4780,-0.2903,-0.3408;0.4780,0.2904,0.4026;0.2217,0.8697,1.2862;1.9136,0.2089,0.0976;2.5142,-0.9682,-0.3679;1.9221,-1.8654,-0.5295;3.8883,-1.0143,-0.6181;4.3422,-1.9326,-0.9813;4.6769,0.1125,-0.3959;5.7456,0.0760,-0.5899;4.0939,1.2841,0.0820;4.7075,2.1631,0.2610;2.7202,1.3300,0.3329;2.2834,2.2536,0.7058;-1.9136,-0.2089,-0.0358;-2.7201,-1.3300,-0.2710;-2.2833,-2.2536,-0.6439;-4.0939,-1.2842,-0.0201;-4.7074,-2.1632,-0.1991;-4.6769,-0.1126,0.4577;-5.7456,-0.0761,0.6518;-3.8883,1.0143,0.6800;-4.3423,1.9326,1.0431;-2.5143,0.9682,0.4297;-1.9221,1.8655,0.5912;</g>
	</geometry>
	<conformers/>
	<properties/>
</molecule>
