<?xml version="1.0" ?>
<!--MOLLI PACKAGE EXPERIMENTAL XML FORMAT-->
<molecule name="react_13">
	<atoms>
		<a id="1" s="H" t="H" l="H"/>
		<a id="2" s="C" t="C.2" l="C"/>
		<a id="3" s="H" t="H" l="H"/>
		<a id="4" s="C" t="C.2" l="C"/>
		<a id="5" s="C" t="C.ar" l="C"/>
		<a id="6" s="C" t="C.ar" l="C"/>
		<a id="7" s="H" t="H" l="H"/>
		<a id="8" s="C" t="C.ar" l="C"/>
		<a id="9" s="H" t="H" l="H"/>
		<a id="10" s="C" t="C.ar" l="C"/>
		<a id="11" s="H" t="H" l="H"/>
		<a id="12" s="C" t="C.ar" l="C"/>
		<a id="13" s="H" t="H" l="H"/>
		<a id="14" s="C" t="C.ar" l="C"/>
		<a id="15" s="H" t="H" l="H"/>
		<a id="16" s="C" t="C.3" l="C"/>
		<a id="17" s="H" t="H" l="H"/>
		<a id="18" s="H" t="H" l="H"/>
		<a id="19" s="H" t="H" l="H"/>
	</atoms>
	<bonds>
		<b id="1" c="2 4" t="2"/>
		<b id="2" c="4 16" t="1"/>
		<b id="3" c="4 5" t="1"/>
		<b id="4" c="5 6" t="ar"/>
		<b id="5" c="6 8" t="ar"/>
		<b id="6" c="8 10" t="ar"/>
		<b id="7" c="10 12" t="ar"/>
		<b id="8" c="12 14" t="ar"/>
		<b id="9" c="14 5" t="ar"/>
		<b id="10" c="2 1" t="1"/>
		<b id="11" c="2 3" t="1"/>
		<b id="12" c="16 17" t="1"/>
		<b id="13" c="16 18" t="1"/>
		<b id="14" c="16 19" t="1"/>
		<b id="15" c="6 7" t="1"/>
		<b id="16" c="8 9" t="1"/>
		<b id="17" c="10 11" t="1"/>
		<b id="18" c="12 13" t="1"/>
		<b id="19" c="14 15" t="1"/>
	</bonds>
	<geometry>
		<g u="A" t="cart/3d">#19,3:-0.8924,-2.0788,1.7304;-1.6664,-1.4998,1.2358;-2.6929,-1.7853,1.4445;-1.3813,-0.4663,0.4255;0.0221,-0.0821,0.1549;0.9847,-1.0518,-0.1669;0.7094,-2.1025,-0.2226;2.3066,-0.6887,-0.4393;3.0379,-1.4531,-0.6880;2.6845,0.6507,-0.3970;3.7121,0.9340,-0.6083;1.7411,1.6264,-0.0849;2.0326,2.6729,-0.0496;0.4187,1.2625,0.1863;-0.2933,2.0440,0.4384;-2.4655,0.3469,-0.2250;-3.4485,-0.1230,-0.1081;-2.5277,1.3470,0.2157;-2.2816,0.4470,-1.3002;</g>
	</geometry>
	<conformers/>
	<properties/>
</molecule>
