<?xml version="1.0" ?>
<!--MOLLI PACKAGE EXPERIMENTAL XML FORMAT-->
<molecule name="react_15">
	<atoms>
		<a id="1" s="H" t="H" l="H"/>
		<a id="2" s="C" t="C.2" l="C"/>
		<a id="3" s="H" t="H" l="H"/>
		<a id="4" s="C" t="C.2" l="C"/>
		<a id="5" s="H" t="H" l="H"/>
		<a id="6" s="C" t="C.ar" l="C"/>
		<a id="7" s="C" t="C.ar" l="C"/>
		<a id="8" s="H" t="H" l="H"/>
		<a id="9" s="C" t="C.ar" l="C"/>
		<a id="10" s="H" t="H" l="H"/>
		<a id="11" s="C" t="C.ar" l="C"/>
		<a id="12" s="H" t="H" l="H"/>
		<a id="13" s="C" t="C.ar" l="C"/>
		<a id="14" s="H" t="H" l="H"/>
		<a id="15" s="C" t="C.ar" l="C"/>
		<a id="16" s="H" t="H" l="H"/>
	</atoms>
	<bonds>
		<b id="1" c="2 4" t="2"/>
		<b id="2" c="4 6" t="1"/>
		<b id="3" c="6 7" t="ar"/>
		<b id="4" c="7 9" t="ar"/>
		<b id="5" c="9 11" t="ar"/>
		<b id="6" c="11 13" t="ar"/>
		<b id="7" c="13 15" t="ar"/>
		<b id="8" c="15 6" t="ar"/>
		<b id="9" c="2 1" t="1"/>
		<b id="10" c="2 3" t="1"/>
		<b id="11" c="4 5" t="1"/>
		<b id="12" c="7 8" t="1"/>
		<b id="13" c="9 10" t="1"/>
		<b id="14" c="11 12" t="1"/>
		<b id="15" c="13 14" t="1"/>
		<b id="16" c="15 16" t="1"/>
	</bonds>
	<geometry>
		<g u="A" t="cart/3d">#16,3:2.7613,1.3138,0.0500;2.8524,0.2794,-0.2582;3.8551,-0.0747,-0.4791;1.8081,-0.5519,-0.3733;2.0089,-1.5737,-0.6909;0.3933,-0.2309,-0.1131;-0.5626,-1.2434,-0.2909;-0.2601,-2.2375,-0.6127;-1.9202,-1.0021,-0.0603;-2.6445,-1.7996,-0.2037;-2.3434,0.2578,0.3523;-3.3981,0.4476,0.5320;-1.4096,1.2742,0.5338;-1.7353,2.2599,0.8560;-0.0513,1.0315,0.3028;0.6461,1.8496,0.4553;</g>
	</geometry>
	<conformers/>
	<properties/>
</molecule>
