<?xml version="1.0" ?>
<!--MOLLI PACKAGE EXPERIMENTAL XML FORMAT-->
<molecule name="react_16">
	<atoms>
		<a id="1" s="H" t="H" l="H"/>
		<a id="2" s="C" t="C.2" l="C"/>
		<a id="3" s="H" t="H" l="H"/>
		<a id="4" s="C" t="C.2" l="C"/>
		<a id="5" s="H" t="H" l="H"/>
		<a id="6" s="C" t="C.2" l="C"/>
		<a id="7" s="O" t="O.2" l="O"/>
		<a id="8" s="C" t="C.3" l="C"/>
		<a id="9" s="H" t="H" l="H"/>
		<a id="10" s="H" t="H" l="H"/>
		<a id="11" s="C" t="C.ar" l="C"/>
		<a id="12" s="C" t="C.ar" l="C"/>
		<a id="13" s="H" t="H" l="H"/>
		<a id="14" s="C" t="C.ar" l="C"/>
		<a id="15" s="H" t="H" l="H"/>
		<a id="16" s="C" t="C.ar" l="C"/>
		<a id="17" s="H" t="H" l="H"/>
		<a id="18" s="C" t="C.ar" l="C"/>
		<a id="19" s="H" t="H" l="H"/>
		<a id="20" s="C" t="C.ar" l="C"/>
		<a id="21" s="H" t="H" l="H"/>
	</atoms>
	<bonds>
		<b id="1" c="2 4" t="2"/>
		<b id="2" c="4 6" t="1"/>
		<b id="3" c="6 7" t="2"/>
		<b id="4" c="6 8" t="1"/>
		<b id="5" c="8 11" t="1"/>
		<b id="6" c="11 12" t="ar"/>
		<b id="7" c="12 14" t="ar"/>
		<b id="8" c="14 16" t="ar"/>
		<b id="9" c="16 18" t="ar"/>
		<b id="10" c="18 20" t="ar"/>
		<b id="11" c="20 11" t="ar"/>
		<b id="12" c="2 1" t="1"/>
		<b id="13" c="2 3" t="1"/>
		<b id="14" c="4 5" t="1"/>
		<b id="15" c="8 9" t="1"/>
		<b id="16" c="8 10" t="1"/>
		<b id="17" c="12 13" t="1"/>
		<b id="18" c="14 15" t="1"/>
		<b id="19" c="16 17" t="1"/>
		<b id="20" c="18 19" t="1"/>
		<b id="21" c="20 21" t="1"/>
	</bonds>
	<geometry>
		<g u="A" t="cart/3d">#21,3:4.9481,-0.0659,-0.3676;3.8669,0.0428,-0.3677;3.4563,0.8240,-0.9975;3.1159,-0.7681,0.3868;3.5801,-1.5355,1.0004;1.6256,-0.7317,0.4834;1.0907,-1.5526,1.2279;0.8632,0.3018,-0.3313;1.1011,0.1565,-1.3921;1.2166,1.3008,-0.0483;-0.6368,0.2516,-0.1597;-1.2640,1.0034,0.8437;-0.6768,1.6274,1.5134;-2.6498,0.9533,1.0035;-3.1270,1.5369,1.7862;-3.4207,0.1480,0.1674;-4.4987,0.1052,0.2965;-2.8066,-0.6119,-0.8261;-3.4061,-1.2493,-1.4705;-1.4210,-0.5636,-0.9881;-0.9573,-1.1731,-1.7602;</g>
	</geometry>
	<conformers/>
	<properties/>
</molecule>
