<?xml version="1.0" ?>
<!--MOLLI PACKAGE EXPERIMENTAL XML FORMAT-->
<molecule name="react_17">
	<atoms>
		<a id="1" s="H" t="H" l="H"/>
		<a id="2" s="C" t="C.2" l="C"/>
		<a id="3" s="H" t="H" l="H"/>
		<a id="4" s="C" t="C.2" l="C"/>
		<a id="5" s="H" t="H" l="H"/>
		<a id="6" s="C" t="C.3" l="C"/>
		<a id="7" s="H" t="H" l="H"/>
		<a id="8" s="H" t="H" l="H"/>
		<a id="9" s="O" t="O.3" l="O"/>
		<a id="10" s="C" t="C.ar" l="C"/>
		<a id="11" s="C" t="C.ar" l="C"/>
		<a id="12" s="H" t="H" l="H"/>
		<a id="13" s="C" t="C.ar" l="C"/>
		<a id="14" s="H" t="H" l="H"/>
		<a id="15" s="C" t="C.ar" l="C"/>
		<a id="16" s="H" t="H" l="H"/>
		<a id="17" s="C" t="C.ar" l="C"/>
		<a id="18" s="C" t="C.ar" l="C"/>
		<a id="19" s="H" t="H" l="H"/>
		<a id="20" s="C" t="C.ar" l="C"/>
		<a id="21" s="H" t="H" l="H"/>
		<a id="22" s="C" t="C.ar" l="C"/>
		<a id="23" s="H" t="H" l="H"/>
		<a id="24" s="C" t="C.ar" l="C"/>
		<a id="25" s="H" t="H" l="H"/>
		<a id="26" s="C" t="C.ar" l="C"/>
	</atoms>
	<bonds>
		<b id="1" c="2 4" t="2"/>
		<b id="2" c="4 6" t="1"/>
		<b id="3" c="6 9" t="1"/>
		<b id="4" c="9 10" t="1"/>
		<b id="5" c="10 11" t="ar"/>
		<b id="6" c="11 13" t="ar"/>
		<b id="7" c="13 15" t="ar"/>
		<b id="8" c="15 17" t="ar"/>
		<b id="9" c="17 18" t="ar"/>
		<b id="10" c="18 20" t="ar"/>
		<b id="11" c="20 22" t="ar"/>
		<b id="12" c="22 24" t="ar"/>
		<b id="13" c="24 26" t="ar"/>
		<b id="14" c="26 10" t="ar"/>
		<b id="15" c="26 17" t="ar"/>
		<b id="16" c="2 1" t="1"/>
		<b id="17" c="2 3" t="1"/>
		<b id="18" c="4 5" t="1"/>
		<b id="19" c="6 7" t="1"/>
		<b id="20" c="6 8" t="1"/>
		<b id="21" c="11 12" t="1"/>
		<b id="22" c="13 14" t="1"/>
		<b id="23" c="15 16" t="1"/>
		<b id="24" c="18 19" t="1"/>
		<b id="25" c="20 21" t="1"/>
		<b id="26" c="22 23" t="1"/>
		<b id="27" c="24 25" t="1"/>
	</bonds>
	<geometry>
		<g u="A" t="cart/3d">#26,3:4.7862,0.7692,1.1889;4.7025,-0.2114,0.7310;5.4843,-0.9336,0.9459;3.6723,-0.5355,-0.0618;3.6285,-1.5336,-0.4916;2.5408,0.3830,-0.4149;2.5579,0.5481,-1.4986;2.6410,1.3389,0.1130;1.3322,-0.2677,-0.0341;0.1459,0.3842,-0.2774;0.0514,1.6344,-0.8992;0.9277,2.1787,-1.2338;-1.1940,2.2239,-1.1103;-1.2602,3.1953,-1.5939;-2.3553,1.5715,-0.7034;-3.3160,2.0508,-0.8787;-2.2911,0.3186,-0.0784;-3.4654,-0.3361,0.3305;-4.4373,0.1239,0.1654;-3.4117,-1.5827,0.9536;-4.3287,-2.0760,1.2642;-2.1829,-2.1912,1.1765;-2.1328,-3.1619,1.6621;-1.0078,-1.5523,0.7755;-0.0569,-2.0484,0.9620;-1.0308,-0.2901,0.1418;</g>
	</geometry>
	<conformers/>
	<properties/>
</molecule>
