<?xml version="1.0" ?>
<!--MOLLI PACKAGE EXPERIMENTAL XML FORMAT-->
<molecule name="react_18">
	<atoms>
		<a id="1" s="H" t="H" l="H"/>
		<a id="2" s="C" t="C.2" l="C"/>
		<a id="3" s="H" t="H" l="H"/>
		<a id="4" s="C" t="C.2" l="C"/>
		<a id="5" s="H" t="H" l="H"/>
		<a id="6" s="C" t="C.ar" l="C"/>
		<a id="7" s="C" t="C.ar" l="C"/>
		<a id="8" s="H" t="H" l="H"/>
		<a id="9" s="C" t="C.ar" l="C"/>
		<a id="10" s="H" t="H" l="H"/>
		<a id="11" s="C" t="C.ar" l="C"/>
		<a id="12" s="H" t="H" l="H"/>
		<a id="13" s="C" t="C.ar" l="C"/>
		<a id="14" s="O" t="O.3" l="O"/>
		<a id="15" s="C" t="C.3" l="C"/>
		<a id="16" s="H" t="H" l="H"/>
		<a id="17" s="H" t="H" l="H"/>
		<a id="18" s="H" t="H" l="H"/>
		<a id="19" s="C" t="C.ar" l="C"/>
		<a id="20" s="H" t="H" l="H"/>
	</atoms>
	<bonds>
		<b id="1" c="2 4" t="2"/>
		<b id="2" c="4 6" t="1"/>
		<b id="3" c="6 7" t="ar"/>
		<b id="4" c="7 9" t="ar"/>
		<b id="5" c="9 11" t="ar"/>
		<b id="6" c="11 13" t="ar"/>
		<b id="7" c="13 14" t="1"/>
		<b id="8" c="14 15" t="1"/>
		<b id="9" c="13 19" t="ar"/>
		<b id="10" c="19 6" t="ar"/>
		<b id="11" c="2 1" t="1"/>
		<b id="12" c="2 3" t="1"/>
		<b id="13" c="4 5" t="1"/>
		<b id="14" c="7 8" t="1"/>
		<b id="15" c="9 10" t="1"/>
		<b id="16" c="11 12" t="1"/>
		<b id="17" c="15 16" t="1"/>
		<b id="18" c="15 17" t="1"/>
		<b id="19" c="15 18" t="1"/>
		<b id="20" c="19 20" t="1"/>
	</bonds>
	<geometry>
		<g u="A" t="cart/3d">#20,3:3.7892,-0.2475,1.0697;3.7407,0.3728,0.1811;4.6843,0.6838,-0.2564;2.5822,0.7345,-0.3853;2.6009,1.3331,-1.2936;1.2520,0.3587,0.1138;0.9742,0.2110,1.4771;1.7519,0.3608,2.2215;-0.3134,-0.1180,1.9059;-0.5158,-0.2324,2.9679;-1.3423,-0.2934,0.9781;-2.3284,-0.5475,1.3512;-1.0871,-0.1349,-0.3832;-1.9999,-0.2701,-1.3937;-3.3279,-0.6129,-1.0187;-3.7742,0.1654,-0.3911;-3.9250,-0.6860,-1.9328;-3.3588,-1.5884,-0.5222;0.2061,0.1952,-0.8050;0.3914,0.3158,-1.8703;</g>
	</geometry>
	<conformers/>
	<properties/>
</molecule>
