<?xml version="1.0" ?>
<!--MOLLI PACKAGE EXPERIMENTAL XML FORMAT-->
<molecule name="react_19">
	<atoms>
		<a id="1" s="H" t="H" l="H"/>
		<a id="2" s="C" t="C.2" l="C"/>
		<a id="3" s="H" t="H" l="H"/>
		<a id="4" s="C" t="C.2" l="C"/>
		<a id="5" s="H" t="H" l="H"/>
		<a id="6" s="C" t="C.ar" l="C"/>
		<a id="7" s="C" t="C.ar" l="C"/>
		<a id="8" s="H" t="H" l="H"/>
		<a id="9" s="C" t="C.ar" l="C"/>
		<a id="10" s="O" t="O.3" l="O"/>
		<a id="11" s="C" t="C.3" l="C"/>
		<a id="12" s="H" t="H" l="H"/>
		<a id="13" s="H" t="H" l="H"/>
		<a id="14" s="H" t="H" l="H"/>
		<a id="15" s="C" t="C.ar" l="C"/>
		<a id="16" s="O" t="O.3" l="O"/>
		<a id="17" s="C" t="C.3" l="C"/>
		<a id="18" s="H" t="H" l="H"/>
		<a id="19" s="H" t="H" l="H"/>
		<a id="20" s="H" t="H" l="H"/>
		<a id="21" s="C" t="C.ar" l="C"/>
		<a id="22" s="O" t="O.3" l="O"/>
		<a id="23" s="C" t="C.3" l="C"/>
		<a id="24" s="H" t="H" l="H"/>
		<a id="25" s="H" t="H" l="H"/>
		<a id="26" s="H" t="H" l="H"/>
		<a id="27" s="C" t="C.ar" l="C"/>
		<a id="28" s="H" t="H" l="H"/>
	</atoms>
	<bonds>
		<b id="1" c="2 4" t="2"/>
		<b id="2" c="4 6" t="1"/>
		<b id="3" c="6 7" t="ar"/>
		<b id="4" c="7 9" t="ar"/>
		<b id="5" c="9 10" t="1"/>
		<b id="6" c="10 11" t="1"/>
		<b id="7" c="9 15" t="ar"/>
		<b id="8" c="15 16" t="1"/>
		<b id="9" c="16 17" t="1"/>
		<b id="10" c="15 21" t="ar"/>
		<b id="11" c="21 22" t="1"/>
		<b id="12" c="22 23" t="1"/>
		<b id="13" c="21 27" t="ar"/>
		<b id="14" c="27 6" t="ar"/>
		<b id="15" c="2 1" t="1"/>
		<b id="16" c="2 3" t="1"/>
		<b id="17" c="4 5" t="1"/>
		<b id="18" c="7 8" t="1"/>
		<b id="19" c="11 12" t="1"/>
		<b id="20" c="11 13" t="1"/>
		<b id="21" c="11 14" t="1"/>
		<b id="22" c="17 18" t="1"/>
		<b id="23" c="17 19" t="1"/>
		<b id="24" c="17 20" t="1"/>
		<b id="25" c="23 24" t="1"/>
		<b id="26" c="23 25" t="1"/>
		<b id="27" c="23 26" t="1"/>
		<b id="28" c="27 28" t="1"/>
	</bonds>
	<geometry>
		<g u="A" t="cart/3d">#28,3:0.3662,3.8247,1.0978;1.2137,3.7506,0.4241;1.8064,4.6481,0.2751;1.5489,2.6087,-0.1901;2.4278,2.5849,-0.8307;0.8176,1.3426,-0.0383;1.5479,0.1451,0.0018;2.6305,0.1980,-0.0529;0.8962,-1.0855,0.1165;1.5256,-2.3027,0.1709;2.9355,-2.3005,0.3462;3.4395,-1.9069,-0.5424;3.2576,-3.3380,0.4779;3.2254,-1.7456,1.2447;-0.5077,-1.1073,0.1590;-1.1592,-2.3125,0.3105;-1.4630,-2.8603,-0.9709;-2.1333,-2.2050,-1.5379;-0.5529,-3.0601,-1.5469;-1.9776,-3.8129,-0.8136;-1.2574,0.0804,0.1274;-2.6204,-0.0590,0.1888;-3.3906,1.1238,0.3505;-3.0862,1.6794,1.2439;-3.3360,1.7519,-0.5445;-4.4353,0.8267,0.4839;-0.5843,1.2997,0.0138;-1.1348,2.2320,-0.0517;</g>
	</geometry>
	<conformers/>
	<properties/>
</molecule>
