<?xml version="1.0" ?>
<!--MOLLI PACKAGE EXPERIMENTAL XML FORMAT-->
<molecule name="react_21">
	<atoms>
		<a id="1" s="H" t="H" l="H"/>
		<a id="2" s="C" t="C.2" l="C"/>
		<a id="3" s="H" t="H" l="H"/>
		<a id="4" s="C" t="C.2" l="C"/>
		<a id="5" s="H" t="H" l="H"/>
		<a id="6" s="C" t="C.3" l="C"/>
		<a id="7" s="H" t="H" l="H"/>
		<a id="8" s="H" t="H" l="H"/>
		<a id="9" s="O" t="O.3" l="O"/>
		<a id="10" s="C" t="C.3" l="C"/>
		<a id="11" s="H" t="H" l="H"/>
		<a id="12" s="H" t="H" l="H"/>
		<a id="13" s="C" t="C.3" l="C"/>
		<a id="14" s="H" t="H" l="H"/>
		<a id="15" s="H" t="H" l="H"/>
		<a id="16" s="O" t="O.3" l="O"/>
		<a id="17" s="C" t="C.ar" l="C"/>
		<a id="18" s="C" t="C.ar" l="C"/>
		<a id="19" s="H" t="H" l="H"/>
		<a id="20" s="C" t="C.ar" l="C"/>
		<a id="21" s="H" t="H" l="H"/>
		<a id="22" s="C" t="C.ar" l="C"/>
		<a id="23" s="Br" t="Br" l="BR"/>
		<a id="24" s="C" t="C.ar" l="C"/>
		<a id="25" s="H" t="H" l="H"/>
		<a id="26" s="C" t="C.ar" l="C"/>
		<a id="27" s="H" t="H" l="H"/>
	</atoms>
	<bonds>
		<b id="1" c="2 4" t="2"/>
		<b id="2" c="4 6" t="1"/>
		<b id="3" c="6 9" t="1"/>
		<b id="4" c="9 10" t="1"/>
		<b id="5" c="10 13" t="1"/>
		<b id="6" c="13 16" t="1"/>
		<b id="7" c="16 17" t="1"/>
		<b id="8" c="17 18" t="ar"/>
		<b id="9" c="18 20" t="ar"/>
		<b id="10" c="20 22" t="ar"/>
		<b id="11" c="22 23" t="1"/>
		<b id="12" c="22 24" t="ar"/>
		<b id="13" c="24 26" t="ar"/>
		<b id="14" c="26 17" t="ar"/>
		<b id="15" c="2 1" t="1"/>
		<b id="16" c="2 3" t="1"/>
		<b id="17" c="4 5" t="1"/>
		<b id="18" c="6 7" t="1"/>
		<b id="19" c="6 8" t="1"/>
		<b id="20" c="10 11" t="1"/>
		<b id="21" c="10 12" t="1"/>
		<b id="22" c="13 14" t="1"/>
		<b id="23" c="13 15" t="1"/>
		<b id="24" c="18 19" t="1"/>
		<b id="25" c="20 21" t="1"/>
		<b id="26" c="24 25" t="1"/>
		<b id="27" c="26 27" t="1"/>
	</bonds>
	<geometry>
		<g u="A" t="cart/3d">#27,3:-3.0783,-0.6888,-1.9509;-4.1112,-0.5281,-1.6548;-4.8805,-1.0485,-2.2152;-4.4265,0.2783,-0.6316;-5.4769,0.3979,-0.3766;-3.4676,1.0525,0.2257;-3.5772,0.7271,1.2663;-3.7127,2.1185,0.1583;-2.1248,0.8447,-0.1997;-1.1971,1.6008,0.5832;-1.3284,1.3539,1.6429;-1.3955,2.6665,0.4252;0.2282,1.2757,0.1364;0.2772,1.2663,-0.9588;0.9067,2.0313,0.5487;0.5870,-0.0110,0.6508;1.8323,-0.4824,0.3421;2.7988,0.1817,-0.4153;2.6199,1.1650,-0.8369;4.0402,-0.4190,-0.6533;4.7841,0.1074,-1.2456;4.3128,-1.6829,-0.1333;5.9907,-2.4901,-0.4572;3.3558,-2.3537,0.6225;3.5575,-3.3400,1.0308;2.1184,-1.7503,0.8574;1.3673,-2.2729,1.4453;</g>
	</geometry>
	<conformers/>
	<properties/>
</molecule>
