<?xml version="1.0" ?>
<!--MOLLI PACKAGE EXPERIMENTAL XML FORMAT-->
<molecule name="react_22">
	<atoms>
		<a id="1" s="H" t="H" l="H"/>
		<a id="2" s="C" t="C.2" l="C"/>
		<a id="3" s="H" t="H" l="H"/>
		<a id="4" s="C" t="C.2" l="C"/>
		<a id="5" s="H" t="H" l="H"/>
		<a id="6" s="C" t="C.3" l="C"/>
		<a id="7" s="H" t="H" l="H"/>
		<a id="8" s="H" t="H" l="H"/>
		<a id="9" s="C" t="C.3" l="C"/>
		<a id="10" s="H" t="H" l="H"/>
		<a id="11" s="H" t="H" l="H"/>
		<a id="12" s="C" t="C.3" l="C"/>
		<a id="13" s="H" t="H" l="H"/>
		<a id="14" s="H" t="H" l="H"/>
		<a id="15" s="C" t="C.3" l="C"/>
		<a id="16" s="H" t="H" l="H"/>
		<a id="17" s="H" t="H" l="H"/>
		<a id="18" s="C" t="C.3" l="C"/>
		<a id="19" s="H" t="H" l="H"/>
		<a id="20" s="H" t="H" l="H"/>
		<a id="21" s="C" t="C.3" l="C"/>
		<a id="22" s="H" t="H" l="H"/>
		<a id="23" s="H" t="H" l="H"/>
		<a id="24" s="C" t="C.3" l="C"/>
		<a id="25" s="H" t="H" l="H"/>
		<a id="26" s="H" t="H" l="H"/>
		<a id="27" s="C" t="C.3" l="C"/>
		<a id="28" s="H" t="H" l="H"/>
		<a id="29" s="H" t="H" l="H"/>
		<a id="30" s="C" t="C.2" l="C"/>
		<a id="31" s="O" t="O.2" l="O"/>
		<a id="32" s="C" t="C.3" l="C"/>
		<a id="33" s="H" t="H" l="H"/>
		<a id="34" s="H" t="H" l="H"/>
		<a id="35" s="H" t="H" l="H"/>
	</atoms>
	<bonds>
		<b id="1" c="2 4" t="2"/>
		<b id="2" c="4 6" t="1"/>
		<b id="3" c="6 9" t="1"/>
		<b id="4" c="9 12" t="1"/>
		<b id="5" c="12 15" t="1"/>
		<b id="6" c="15 18" t="1"/>
		<b id="7" c="18 21" t="1"/>
		<b id="8" c="21 24" t="1"/>
		<b id="9" c="24 27" t="1"/>
		<b id="10" c="27 30" t="1"/>
		<b id="11" c="30 32" t="1"/>
		<b id="12" c="30 31" t="2"/>
		<b id="13" c="2 1" t="1"/>
		<b id="14" c="2 3" t="1"/>
		<b id="15" c="4 5" t="1"/>
		<b id="16" c="6 7" t="1"/>
		<b id="17" c="6 8" t="1"/>
		<b id="18" c="9 10" t="1"/>
		<b id="19" c="9 11" t="1"/>
		<b id="20" c="12 13" t="1"/>
		<b id="21" c="12 14" t="1"/>
		<b id="22" c="15 16" t="1"/>
		<b id="23" c="15 17" t="1"/>
		<b id="24" c="18 19" t="1"/>
		<b id="25" c="18 20" t="1"/>
		<b id="26" c="21 22" t="1"/>
		<b id="27" c="21 23" t="1"/>
		<b id="28" c="24 25" t="1"/>
		<b id="29" c="24 26" t="1"/>
		<b id="30" c="27 28" t="1"/>
		<b id="31" c="27 29" t="1"/>
		<b id="32" c="32 33" t="1"/>
		<b id="33" c="32 34" t="1"/>
		<b id="34" c="32 35" t="1"/>
	</bonds>
	<geometry>
		<g u="A" t="cart/3d">#35,3:-5.5477,-0.7031,2.1022;-5.6952,-1.1316,1.1158;-6.6515,-1.6039,0.9125;-4.7419,-1.0844,0.1769;-4.9368,-1.5323,-0.7957;-3.3917,-0.4567,0.3781;-3.2786,-0.1078,1.4115;-2.6350,-1.2310,0.2104;-3.1749,0.7086,-0.5871;-3.1973,0.3417,-1.6215;-4.0086,1.4169,-0.4931;-1.8718,1.4825,-0.3546;-1.8719,1.9285,0.6471;-1.8688,2.3210,-1.0632;-0.5950,0.6660,-0.5882;-0.7839,-0.1506,-1.2945;0.1407,1.3273,-1.0615;0.0107,0.1259,0.7114;-0.7479,-0.4215,1.2798;0.3266,0.9648,1.3438;1.1976,-0.8152,0.4825;0.8800,-1.6608,-0.1397;1.4945,-1.2319,1.4531;2.4064,-0.1291,-0.1559;2.6828,0.7533,0.4335;2.1532,0.2295,-1.1603;3.5939,-1.0811,-0.2510;3.3246,-1.9791,-0.8194;3.9168,-1.4162,0.7409;4.7645,-0.4200,-0.9466;4.9911,-0.6134,-2.1410;5.6175,0.5132,-0.1281;5.9723,-0.0028,0.7676;6.4856,0.8258,-0.7151;5.0397,1.3975,0.1495;</g>
	</geometry>
	<conformers/>
	<properties/>
</molecule>
