<?xml version="1.0" ?>
<!--MOLLI PACKAGE EXPERIMENTAL XML FORMAT-->
<molecule name="react_23">
	<atoms>
		<a id="1" s="H" t="H" l="H"/>
		<a id="2" s="C" t="C.2" l="C"/>
		<a id="3" s="H" t="H" l="H"/>
		<a id="4" s="C" t="C.2" l="C"/>
		<a id="5" s="H" t="H" l="H"/>
		<a id="6" s="C" t="C.ar" l="C"/>
		<a id="7" s="C" t="C.ar" l="C"/>
		<a id="8" s="H" t="H" l="H"/>
		<a id="9" s="C" t="C.ar" l="C"/>
		<a id="10" s="H" t="H" l="H"/>
		<a id="11" s="C" t="C.ar" l="C"/>
		<a id="12" s="H" t="H" l="H"/>
		<a id="13" s="C" t="C.ar" l="C"/>
		<a id="14" s="C" t="C.ar" l="C"/>
		<a id="15" s="C" t="C.3" l="C"/>
		<a id="16" s="H" t="H" l="H"/>
		<a id="17" s="H" t="H" l="H"/>
		<a id="18" s="H" t="H" l="H"/>
		<a id="19" s="C" t="C.ar" l="C"/>
		<a id="20" s="C" t="C.3" l="C"/>
		<a id="21" s="H" t="H" l="H"/>
		<a id="22" s="H" t="H" l="H"/>
		<a id="23" s="H" t="H" l="H"/>
		<a id="24" s="O" t="O.2" l="O"/>
		<a id="25" s="C" t="C.ar" l="C"/>
	</atoms>
	<bonds>
		<b id="1" c="2 4" t="2"/>
		<b id="2" c="4 6" t="1"/>
		<b id="3" c="6 7" t="ar"/>
		<b id="4" c="7 9" t="ar"/>
		<b id="5" c="9 11" t="ar"/>
		<b id="6" c="11 13" t="ar"/>
		<b id="7" c="13 14" t="ar"/>
		<b id="8" c="14 15" t="1"/>
		<b id="9" c="14 19" t="ar"/>
		<b id="10" c="19 20" t="1"/>
		<b id="11" c="19 24" t="ar"/>
		<b id="12" c="24 25" t="ar"/>
		<b id="13" c="25 6" t="ar"/>
		<b id="14" c="25 13" t="ar"/>
		<b id="15" c="2 1" t="1"/>
		<b id="16" c="2 3" t="1"/>
		<b id="17" c="4 5" t="1"/>
		<b id="18" c="7 8" t="1"/>
		<b id="19" c="9 10" t="1"/>
		<b id="20" c="11 12" t="1"/>
		<b id="21" c="15 16" t="1"/>
		<b id="22" c="15 17" t="1"/>
		<b id="23" c="15 18" t="1"/>
		<b id="24" c="20 21" t="1"/>
		<b id="25" c="20 22" t="1"/>
		<b id="26" c="20 23" t="1"/>
	</bonds>
	<geometry>
		<g u="A" t="cart/3d">#25,3:4.5666,-1.9745,0.5591;3.9955,-1.0855,0.3091;4.5380,-0.2641,-0.1449;2.6775,-1.0464,0.5450;2.1964,-1.9212,0.9795;1.7995,0.0856,0.2403;2.2139,1.4205,0.1033;3.2640,1.6796,0.2156;1.3016,2.4449,-0.1664;1.6582,3.4676,-0.2691;-0.0658,2.1752,-0.3005;-0.7646,2.9797,-0.5087;-0.5161,0.8498,-0.1533;-1.7897,0.2014,-0.2098;-3.1016,0.8430,-0.4688;-3.8981,0.1012,-0.5835;-3.0634,1.4379,-1.3870;-3.3711,1.5047,0.3606;-1.5399,-1.1379,0.0312;-2.4058,-2.3330,0.1121;-3.2102,-2.1744,0.8370;-2.8557,-2.5432,-0.8630;-1.8396,-3.2165,0.4234;-0.2104,-1.3500,0.2250;0.4210,-0.1442,0.1137;</g>
	</geometry>
	<conformers/>
	<properties/>
</molecule>
