<?xml version="1.0" ?>
<!--MOLLI PACKAGE EXPERIMENTAL XML FORMAT-->
<molecule name="react_61">
	<atoms>
		<a id="1" s="H" t="H" l="H"/>
		<a id="2" s="O" t="O.3" l="O"/>
		<a id="3" s="C" t="C.3" l="C"/>
		<a id="4" s="H" t="H" l="H"/>
		<a id="5" s="H" t="H" l="H"/>
		<a id="6" s="C" t="C.2" l="C"/>
		<a id="7" s="H" t="H" l="H"/>
		<a id="8" s="C" t="C.2" l="C"/>
		<a id="9" s="H" t="H" l="H"/>
		<a id="10" s="C" t="C.3" l="C"/>
		<a id="11" s="H" t="H" l="H"/>
		<a id="12" s="C" t="C.3" l="C"/>
		<a id="13" s="H" t="H" l="H"/>
		<a id="14" s="H" t="H" l="H"/>
		<a id="15" s="H" t="H" l="H"/>
		<a id="16" s="C" t="C.3" l="C"/>
		<a id="17" s="H" t="H" l="H"/>
		<a id="18" s="H" t="H" l="H"/>
		<a id="19" s="H" t="H" l="H"/>
	</atoms>
	<bonds>
		<b id="1" c="12 10" t="1"/>
		<b id="2" c="10 16" t="1"/>
		<b id="3" c="10 8" t="1"/>
		<b id="4" c="8 6" t="2"/>
		<b id="5" c="6 3" t="1"/>
		<b id="6" c="3 2" t="1"/>
		<b id="7" c="12 13" t="1"/>
		<b id="8" c="12 14" t="1"/>
		<b id="9" c="12 15" t="1"/>
		<b id="10" c="10 11" t="1"/>
		<b id="11" c="16 17" t="1"/>
		<b id="12" c="16 18" t="1"/>
		<b id="13" c="16 19" t="1"/>
		<b id="14" c="8 9" t="1"/>
		<b id="15" c="6 7" t="1"/>
		<b id="16" c="3 4" t="1"/>
		<b id="17" c="3 5" t="1"/>
		<b id="18" c="2 1" t="1"/>
	</bonds>
	<geometry>
		<g u="A" t="cart/3d">#19,3:3.4422,2.0618,0.0452;2.6943,1.9296,0.6505;2.1786,0.6343,0.3818;2.9516,-0.1033,0.6173;1.9398,0.5754,-0.6819;0.9950,0.4323,1.2663;1.1712,0.6773,2.3131;-0.2340,0.0064,0.9283;-0.9726,-0.0581,1.7283;-0.7254,-0.3959,-0.4407;0.0894,-0.3692,-1.1709;-1.2611,-1.8279,-0.4053;-2.1072,-1.9259,0.2844;-1.6013,-2.1380,-1.3993;-0.4826,-2.5295,-0.0856;-1.8110,0.5706,-0.9134;-2.1641,0.2967,-1.9135;-2.6755,0.5677,-0.2398;-1.4273,1.5957,-0.9648;</g>
	</geometry>
	<conformers/>
	<properties/>
</molecule>
