<?xml version="1.0" ?>
<!--MOLLI PACKAGE EXPERIMENTAL XML FORMAT-->
<molecule name="react_24">
	<atoms>
		<a id="1" s="H" t="H" l="H"/>
		<a id="2" s="C" t="C.2" l="C"/>
		<a id="3" s="H" t="H" l="H"/>
		<a id="4" s="C" t="C.2" l="C"/>
		<a id="5" s="H" t="H" l="H"/>
		<a id="6" s="C" t="C.3" l="C"/>
		<a id="7" s="H" t="H" l="H"/>
		<a id="8" s="H" t="H" l="H"/>
		<a id="9" s="C" t="C.2" l="C"/>
		<a id="10" s="O" t="O.2" l="O"/>
		<a id="11" s="C" t="C.3" l="C"/>
		<a id="12" s="S" t="S.3" l="S"/>
		<a id="13" s="C" t="C.ar" l="C"/>
		<a id="14" s="C" t="C.ar" l="C"/>
		<a id="15" s="H" t="H" l="H"/>
		<a id="16" s="C" t="C.ar" l="C"/>
		<a id="17" s="H" t="H" l="H"/>
		<a id="18" s="C" t="C.ar" l="C"/>
		<a id="19" s="H" t="H" l="H"/>
		<a id="20" s="C" t="C.ar" l="C"/>
		<a id="21" s="H" t="H" l="H"/>
		<a id="22" s="C" t="C.ar" l="C"/>
		<a id="23" s="H" t="H" l="H"/>
		<a id="24" s="C" t="C.3" l="C"/>
		<a id="25" s="H" t="H" l="H"/>
		<a id="26" s="H" t="H" l="H"/>
		<a id="27" s="H" t="H" l="H"/>
		<a id="28" s="C" t="C.3" l="C"/>
		<a id="29" s="H" t="H" l="H"/>
		<a id="30" s="H" t="H" l="H"/>
		<a id="31" s="H" t="H" l="H"/>
	</atoms>
	<bonds>
		<b id="1" c="2 4" t="2"/>
		<b id="2" c="4 6" t="1"/>
		<b id="3" c="6 9" t="1"/>
		<b id="4" c="9 10" t="2"/>
		<b id="5" c="9 11" t="1"/>
		<b id="6" c="11 24" t="1"/>
		<b id="7" c="11 28" t="1"/>
		<b id="8" c="11 12" t="1"/>
		<b id="9" c="12 13" t="1"/>
		<b id="10" c="13 14" t="ar"/>
		<b id="11" c="14 16" t="ar"/>
		<b id="12" c="16 18" t="ar"/>
		<b id="13" c="18 20" t="ar"/>
		<b id="14" c="20 22" t="ar"/>
		<b id="15" c="22 13" t="ar"/>
		<b id="16" c="2 1" t="1"/>
		<b id="17" c="2 3" t="1"/>
		<b id="18" c="4 5" t="1"/>
		<b id="19" c="6 7" t="1"/>
		<b id="20" c="6 8" t="1"/>
		<b id="21" c="24 25" t="1"/>
		<b id="22" c="24 26" t="1"/>
		<b id="23" c="24 27" t="1"/>
		<b id="24" c="28 29" t="1"/>
		<b id="25" c="28 30" t="1"/>
		<b id="26" c="28 31" t="1"/>
		<b id="27" c="14 15" t="1"/>
		<b id="28" c="16 17" t="1"/>
		<b id="29" c="18 19" t="1"/>
		<b id="30" c="20 21" t="1"/>
		<b id="31" c="22 23" t="1"/>
	</bonds>
	<geometry>
		<g u="A" t="cart/3d">#31,3:4.6481,3.1739,0.0134;3.8245,2.6358,-0.4464;3.4084,3.0478,-1.3609;3.3382,1.5188,0.1101;3.7893,1.1555,1.0310;2.2017,0.7214,-0.4607;2.5368,-0.3033,-0.6394;1.8737,1.1151,-1.4299;0.9956,0.7569,0.4789;0.3985,1.8221,0.6733;0.5633,-0.5463,1.1784;0.0793,-1.8090,-0.0965;-1.4864,-1.1912,-0.6847;-2.6582,-1.8706,-0.3332;-2.6154,-2.7526,0.3015;-3.8997,-1.4220,-0.7889;-4.8057,-1.9512,-0.5054;-3.9759,-0.2975,-1.6077;-4.9416,0.0541,-1.9619;-2.8115,0.3732,-1.9769;-2.8687,1.2478,-2.6202;-1.5690,-0.0764,-1.5229;-0.6771,0.4572,-1.8372;-0.5902,-0.2880,2.1608;-0.9479,-1.2156,2.6223;-0.2627,0.3740,2.9722;-1.4422,0.2113,1.6871;1.7417,-1.1264,1.9762;1.4435,-2.0129,2.5489;2.5860,-1.4136,1.3401;2.1235,-0.3882,2.6919;</g>
	</geometry>
	<conformers/>
	<properties/>
</molecule>
