<?xml version="1.0" ?>
<!--MOLLI PACKAGE EXPERIMENTAL XML FORMAT-->
<molecule name="react_26">
	<atoms>
		<a id="1" s="H" t="H" l="H"/>
		<a id="2" s="C" t="C.2" l="C"/>
		<a id="3" s="H" t="H" l="H"/>
		<a id="4" s="C" t="C.2" l="C"/>
		<a id="5" s="H" t="H" l="H"/>
		<a id="6" s="C" t="C.3" l="C"/>
		<a id="7" s="H" t="H" l="H"/>
		<a id="8" s="H" t="H" l="H"/>
		<a id="9" s="C" t="C.3" l="C"/>
		<a id="10" s="H" t="H" l="H"/>
		<a id="11" s="H" t="H" l="H"/>
		<a id="12" s="C" t="C.3" l="C"/>
		<a id="13" s="H" t="H" l="H"/>
		<a id="14" s="H" t="H" l="H"/>
		<a id="15" s="C" t="C.3" l="C"/>
		<a id="16" s="H" t="H" l="H"/>
		<a id="17" s="H" t="H" l="H"/>
		<a id="18" s="C" t="C.3" l="C"/>
		<a id="19" s="H" t="H" l="H"/>
		<a id="20" s="H" t="H" l="H"/>
		<a id="21" s="C" t="C.3" l="C"/>
		<a id="22" s="H" t="H" l="H"/>
		<a id="23" s="H" t="H" l="H"/>
		<a id="24" s="C" t="C.3" l="C"/>
		<a id="25" s="H" t="H" l="H"/>
		<a id="26" s="H" t="H" l="H"/>
		<a id="27" s="C" t="C.3" l="C"/>
		<a id="28" s="H" t="H" l="H"/>
		<a id="29" s="H" t="H" l="H"/>
		<a id="30" s="C" t="C.2" l="C"/>
		<a id="31" s="O" t="O.2" l="O"/>
		<a id="32" s="C" t="C.3" l="C"/>
		<a id="33" s="H" t="H" l="H"/>
		<a id="34" s="H" t="H" l="H"/>
		<a id="35" s="C" t="C.3" l="C"/>
		<a id="36" s="H" t="H" l="H"/>
		<a id="37" s="H" t="H" l="H"/>
		<a id="38" s="H" t="H" l="H"/>
	</atoms>
	<bonds>
		<b id="1" c="2 4" t="2"/>
		<b id="2" c="4 6" t="1"/>
		<b id="3" c="6 9" t="1"/>
		<b id="4" c="9 12" t="1"/>
		<b id="5" c="12 15" t="1"/>
		<b id="6" c="15 18" t="1"/>
		<b id="7" c="18 21" t="1"/>
		<b id="8" c="21 24" t="1"/>
		<b id="9" c="24 27" t="1"/>
		<b id="10" c="27 30" t="1"/>
		<b id="11" c="30 31" t="2"/>
		<b id="12" c="30 32" t="1"/>
		<b id="13" c="32 35" t="1"/>
		<b id="14" c="2 1" t="1"/>
		<b id="15" c="2 3" t="1"/>
		<b id="16" c="4 5" t="1"/>
		<b id="17" c="6 7" t="1"/>
		<b id="18" c="6 8" t="1"/>
		<b id="19" c="9 10" t="1"/>
		<b id="20" c="9 11" t="1"/>
		<b id="21" c="12 13" t="1"/>
		<b id="22" c="12 14" t="1"/>
		<b id="23" c="15 16" t="1"/>
		<b id="24" c="15 17" t="1"/>
		<b id="25" c="18 19" t="1"/>
		<b id="26" c="18 20" t="1"/>
		<b id="27" c="21 22" t="1"/>
		<b id="28" c="21 23" t="1"/>
		<b id="29" c="24 25" t="1"/>
		<b id="30" c="24 26" t="1"/>
		<b id="31" c="27 28" t="1"/>
		<b id="32" c="27 29" t="1"/>
		<b id="33" c="32 33" t="1"/>
		<b id="34" c="32 34" t="1"/>
		<b id="35" c="35 36" t="1"/>
		<b id="36" c="35 37" t="1"/>
		<b id="37" c="35 38" t="1"/>
	</bonds>
	<geometry>
		<g u="A" t="cart/3d">#38,3:-6.6113,1.3568,-0.3704;-6.1398,0.8990,0.4937;-6.7895,0.5176,1.2755;-4.8087,0.8011,0.6009;-4.3877,0.3404,1.4919;-3.8423,1.3138,-0.4292;-4.3782,1.8984,-1.1875;-3.1442,2.0056,0.0570;-3.0631,0.2020,-1.1394;-3.7635,-0.5068,-1.5989;-2.4909,0.6560,-1.9583;-2.0973,-0.5504,-0.2175;-1.4320,0.1721,0.2683;-2.6549,-1.0658,0.5725;-1.2738,-1.5754,-1.0012;-0.6727,-1.0661,-1.7632;-1.9554,-2.2423,-1.5442;-0.3732,-2.4412,-0.1148;-1.0042,-3.0308,0.5620;0.1490,-3.1638,-0.7545;0.6619,-1.6872,0.7257;1.2261,-2.4259,1.3090;0.1569,-1.0431,1.4546;1.6391,-0.8589,-0.1099;1.1015,-0.0674,-0.6446;2.1078,-1.4956,-0.8703;2.7185,-0.2263,0.7669;3.2861,-1.0088,1.2827;2.2551,0.4229,1.5181;3.7028,0.6137,-0.0323;3.6095,0.7527,-1.2509;4.8093,1.2708,0.7763;4.3447,1.9156,1.5295;5.3723,0.4831,1.2876;5.7536,2.0932,-0.0819;6.2389,1.4702,-0.8405;5.2169,2.8949,-0.5998;6.5331,2.5478,0.5372;</g>
	</geometry>
	<conformers/>
	<properties/>
</molecule>
