<?xml version="1.0" ?>
<!--MOLLI PACKAGE EXPERIMENTAL XML FORMAT-->
<molecule name="react_27">
	<atoms>
		<a id="1" s="H" t="H" l="H"/>
		<a id="2" s="C" t="C.2" l="C"/>
		<a id="3" s="H" t="H" l="H"/>
		<a id="4" s="C" t="C.2" l="C"/>
		<a id="5" s="H" t="H" l="H"/>
		<a id="6" s="C" t="C.3" l="C"/>
		<a id="7" s="H" t="H" l="H"/>
		<a id="8" s="H" t="H" l="H"/>
		<a id="9" s="C" t="C.2" l="C"/>
		<a id="10" s="O" t="O.2" l="O"/>
		<a id="11" s="C" t="C.3" l="C"/>
		<a id="12" s="S" t="S.3" l="S"/>
		<a id="13" s="C" t="C.ar" l="C"/>
		<a id="14" s="C" t="C.ar" l="C"/>
		<a id="15" s="H" t="H" l="H"/>
		<a id="16" s="C" t="C.ar" l="C"/>
		<a id="17" s="H" t="H" l="H"/>
		<a id="18" s="C" t="C.ar" l="C"/>
		<a id="19" s="H" t="H" l="H"/>
		<a id="20" s="C" t="C.ar" l="C"/>
		<a id="21" s="H" t="H" l="H"/>
		<a id="22" s="C" t="C.ar" l="C"/>
		<a id="23" s="H" t="H" l="H"/>
		<a id="24" s="C" t="C.3" l="C"/>
		<a id="25" s="H" t="H" l="H"/>
		<a id="26" s="H" t="H" l="H"/>
		<a id="27" s="C" t="C.3" l="C"/>
		<a id="28" s="H" t="H" l="H"/>
		<a id="29" s="H" t="H" l="H"/>
		<a id="30" s="C" t="C.3" l="C"/>
		<a id="31" s="H" t="H" l="H"/>
		<a id="32" s="H" t="H" l="H"/>
		<a id="33" s="C" t="C.3" l="C"/>
		<a id="34" s="H" t="H" l="H"/>
		<a id="35" s="H" t="H" l="H"/>
	</atoms>
	<bonds>
		<b id="1" c="2 4" t="2"/>
		<b id="2" c="4 6" t="1"/>
		<b id="3" c="6 9" t="1"/>
		<b id="4" c="9 10" t="2"/>
		<b id="5" c="9 11" t="1"/>
		<b id="6" c="11 12" t="1"/>
		<b id="7" c="12 13" t="1"/>
		<b id="8" c="13 14" t="ar"/>
		<b id="9" c="14 16" t="ar"/>
		<b id="10" c="16 18" t="ar"/>
		<b id="11" c="18 20" t="ar"/>
		<b id="12" c="20 22" t="ar"/>
		<b id="13" c="11 24" t="1"/>
		<b id="14" c="24 27" t="1"/>
		<b id="15" c="27 30" t="1"/>
		<b id="16" c="30 33" t="1"/>
		<b id="17" c="33 11" t="1"/>
		<b id="18" c="22 13" t="ar"/>
		<b id="19" c="2 1" t="1"/>
		<b id="20" c="2 3" t="1"/>
		<b id="21" c="4 5" t="1"/>
		<b id="22" c="6 7" t="1"/>
		<b id="23" c="6 8" t="1"/>
		<b id="24" c="14 15" t="1"/>
		<b id="25" c="16 17" t="1"/>
		<b id="26" c="18 19" t="1"/>
		<b id="27" c="20 21" t="1"/>
		<b id="28" c="22 23" t="1"/>
		<b id="29" c="24 25" t="1"/>
		<b id="30" c="24 26" t="1"/>
		<b id="31" c="27 28" t="1"/>
		<b id="32" c="27 29" t="1"/>
		<b id="33" c="30 31" t="1"/>
		<b id="34" c="30 32" t="1"/>
		<b id="35" c="33 34" t="1"/>
		<b id="36" c="33 35" t="1"/>
	</bonds>
	<geometry>
		<g u="A" t="cart/3d">#35,3:-0.4951,-5.0543,-0.6815;-0.9619,-4.1385,-0.3305;-1.1615,-4.0561,0.7337;-1.2681,-3.1569,-1.1887;-1.0396,-3.2878,-2.2458;-1.9063,-1.8560,-0.7953;-2.1511,-1.8632,0.2710;-2.8416,-1.7192,-1.3484;-0.9936,-0.6684,-1.1169;-0.2897,-0.6636,-2.1324;-1.0241,0.5308,-0.1595;-0.2574,0.0566,1.4646;1.4804,0.0138,1.0720;2.3192,0.9975,1.6082;1.9129,1.7841,2.2396;3.6888,0.9857,1.3353;4.3317,1.7577,1.7498;4.2301,-0.0169,0.5337;5.2955,-0.0272,0.3187;3.4040,-1.0106,0.0121;3.8240,-1.7976,-0.6093;2.0342,-1.0000,0.2867;1.4162,-1.7948,-0.1213;-0.4222,1.8018,-0.7803;-0.7412,1.8957,-1.8277;0.6707,1.8299,-0.7943;-1.0170,2.9607,0.0112;-0.3788,3.2103,0.8666;-1.1069,3.8625,-0.6026;-2.3759,2.4679,0.5000;-2.4456,2.5730,1.5886;-3.1955,3.0486,0.0640;-2.4706,0.9984,0.0879;-3.0121,0.4046,0.8330;-3.0520,0.9314,-0.8420;</g>
	</geometry>
	<conformers/>
	<properties/>
</molecule>
