<?xml version="1.0" ?>
<!--MOLLI PACKAGE EXPERIMENTAL XML FORMAT-->
<molecule name="react_29">
	<atoms>
		<a id="1" s="H" t="H" l="H"/>
		<a id="2" s="C" t="C.2" l="C"/>
		<a id="3" s="H" t="H" l="H"/>
		<a id="4" s="C" t="C.2" l="C"/>
		<a id="5" s="H" t="H" l="H"/>
		<a id="6" s="C" t="C.3" l="C"/>
		<a id="7" s="H" t="H" l="H"/>
		<a id="8" s="H" t="H" l="H"/>
		<a id="9" s="C" t="C.3" l="C"/>
		<a id="10" s="H" t="H" l="H"/>
		<a id="11" s="H" t="H" l="H"/>
		<a id="12" s="C" t="C.3" l="C"/>
		<a id="13" s="H" t="H" l="H"/>
		<a id="14" s="H" t="H" l="H"/>
		<a id="15" s="C" t="C.3" l="C"/>
		<a id="16" s="H" t="H" l="H"/>
		<a id="17" s="H" t="H" l="H"/>
		<a id="18" s="C" t="C.3" l="C"/>
		<a id="19" s="H" t="H" l="H"/>
		<a id="20" s="H" t="H" l="H"/>
		<a id="21" s="C" t="C.3" l="C"/>
		<a id="22" s="H" t="H" l="H"/>
		<a id="23" s="H" t="H" l="H"/>
		<a id="24" s="C" t="C.3" l="C"/>
		<a id="25" s="H" t="H" l="H"/>
		<a id="26" s="H" t="H" l="H"/>
		<a id="27" s="C" t="C.3" l="C"/>
		<a id="28" s="H" t="H" l="H"/>
		<a id="29" s="H" t="H" l="H"/>
		<a id="30" s="C" t="C.3" l="C"/>
		<a id="31" s="H" t="H" l="H"/>
		<a id="32" s="H" t="H" l="H"/>
		<a id="33" s="C" t="C.3" l="C"/>
		<a id="34" s="H" t="H" l="H"/>
		<a id="35" s="H" t="H" l="H"/>
		<a id="36" s="C" t="C.3" l="C"/>
		<a id="37" s="H" t="H" l="H"/>
		<a id="38" s="H" t="H" l="H"/>
		<a id="39" s="C" t="C.3" l="C"/>
		<a id="40" s="H" t="H" l="H"/>
		<a id="41" s="H" t="H" l="H"/>
		<a id="42" s="C" t="C.3" l="C"/>
		<a id="43" s="H" t="H" l="H"/>
		<a id="44" s="H" t="H" l="H"/>
		<a id="45" s="C" t="C.3" l="C"/>
		<a id="46" s="H" t="H" l="H"/>
		<a id="47" s="H" t="H" l="H"/>
		<a id="48" s="C" t="C.3" l="C"/>
		<a id="49" s="H" t="H" l="H"/>
		<a id="50" s="H" t="H" l="H"/>
		<a id="51" s="C" t="C.2" l="C"/>
		<a id="52" s="O" t="O.2" l="O"/>
		<a id="53" s="O" t="O.3" l="O"/>
		<a id="54" s="C" t="C.3" l="C"/>
		<a id="55" s="H" t="H" l="H"/>
		<a id="56" s="H" t="H" l="H"/>
		<a id="57" s="H" t="H" l="H"/>
	</atoms>
	<bonds>
		<b id="1" c="2 4" t="2"/>
		<b id="2" c="4 6" t="1"/>
		<b id="3" c="6 9" t="1"/>
		<b id="4" c="9 12" t="1"/>
		<b id="5" c="12 15" t="1"/>
		<b id="6" c="15 18" t="1"/>
		<b id="7" c="18 21" t="1"/>
		<b id="8" c="21 24" t="1"/>
		<b id="9" c="24 27" t="1"/>
		<b id="10" c="27 30" t="1"/>
		<b id="11" c="30 33" t="1"/>
		<b id="12" c="33 36" t="1"/>
		<b id="13" c="36 39" t="1"/>
		<b id="14" c="39 42" t="1"/>
		<b id="15" c="42 45" t="1"/>
		<b id="16" c="45 48" t="1"/>
		<b id="17" c="48 51" t="1"/>
		<b id="18" c="51 52" t="2"/>
		<b id="19" c="51 53" t="1"/>
		<b id="20" c="53 54" t="1"/>
		<b id="21" c="2 1" t="1"/>
		<b id="22" c="2 3" t="1"/>
		<b id="23" c="4 5" t="1"/>
		<b id="24" c="6 7" t="1"/>
		<b id="25" c="6 8" t="1"/>
		<b id="26" c="9 10" t="1"/>
		<b id="27" c="9 11" t="1"/>
		<b id="28" c="12 13" t="1"/>
		<b id="29" c="12 14" t="1"/>
		<b id="30" c="15 16" t="1"/>
		<b id="31" c="15 17" t="1"/>
		<b id="32" c="18 19" t="1"/>
		<b id="33" c="18 20" t="1"/>
		<b id="34" c="21 22" t="1"/>
		<b id="35" c="21 23" t="1"/>
		<b id="36" c="24 25" t="1"/>
		<b id="37" c="24 26" t="1"/>
		<b id="38" c="27 28" t="1"/>
		<b id="39" c="27 29" t="1"/>
		<b id="40" c="30 31" t="1"/>
		<b id="41" c="30 32" t="1"/>
		<b id="42" c="33 34" t="1"/>
		<b id="43" c="33 35" t="1"/>
		<b id="44" c="36 37" t="1"/>
		<b id="45" c="36 38" t="1"/>
		<b id="46" c="39 40" t="1"/>
		<b id="47" c="39 41" t="1"/>
		<b id="48" c="42 43" t="1"/>
		<b id="49" c="42 44" t="1"/>
		<b id="50" c="45 46" t="1"/>
		<b id="51" c="45 47" t="1"/>
		<b id="52" c="48 49" t="1"/>
		<b id="53" c="48 50" t="1"/>
		<b id="54" c="54 55" t="1"/>
		<b id="55" c="54 56" t="1"/>
		<b id="56" c="54 57" t="1"/>
	</bonds>
	<geometry>
		<g u="A" t="cart/3d">#57,3:-9.4248,0.0169,1.7956;-9.0627,-0.3513,0.8406;-9.7809,-0.8331,0.1846;-7.7770,-0.2089,0.4949;-7.0971,0.2746,1.1932;-7.1945,-0.7001,-0.7996;-6.3538,-1.3669,-0.5782;-7.9316,-1.3145,-1.3324;-6.7491,0.4286,-1.7359;-7.6219,1.0401,-1.9990;-6.3957,-0.0199,-2.6730;-5.6567,1.3577,-1.1933;-5.4588,2.1250,-1.9526;-6.0203,1.8898,-0.3066;-4.3485,0.6337,-0.8645;-4.0233,0.0644,-1.7423;-4.5097,-0.0813,-0.0501;-3.2587,1.6260,-0.4497;-3.0453,2.3108,-1.2795;-3.6308,2.2410,0.3792;-1.9612,0.9492,0.0038;-1.2860,1.7254,0.3845;-2.1810,0.2794,0.8430;-1.2577,0.1781,-1.1162;-1.1602,0.8281,-1.9944;-1.8644,-0.6815,-1.4226;0.1421,-0.3109,-0.7262;0.7534,0.5527,-0.4411;0.6065,-0.7578,-1.6135;0.1283,-1.3387,0.4056;-0.6015,-2.1229,0.1690;-0.2088,-0.8665,1.3357;1.4828,-2.0133,0.6550;1.3219,-2.7715,1.4325;1.8049,-2.5572,-0.2409;2.5852,-1.0663,1.1448;3.1872,-1.6110,1.8819;2.1499,-0.2068,1.6676;3.5122,-0.5989,0.0183;4.0476,-1.4617,-0.3970;2.9225,-0.1769,-0.8016;4.5236,0.4628,0.4638;5.0549,0.8147,-0.4286;3.9893,1.3283,0.8743;5.5374,-0.0533,1.4901;5.0140,-0.3480,2.4064;6.0322,-0.9500,1.0985;6.5759,1.0024,1.8621;7.1749,0.6650,2.7161;6.0880,1.9334,2.1727;7.5196,1.3119,0.7273;7.5286,2.3691,0.1116;8.3499,0.2583,0.4955;9.2729,0.4723,-0.5727;9.8856,-0.4276,-0.6766;8.7386,0.6377,-1.5136;9.9324,1.3161,-0.3467;</g>
	</geometry>
	<conformers/>
	<properties/>
</molecule>
