<?xml version="1.0" ?>
<!--MOLLI PACKAGE EXPERIMENTAL XML FORMAT-->
<molecule name="react_30">
	<atoms>
		<a id="1" s="H" t="H" l="H"/>
		<a id="2" s="C" t="C.2" l="C"/>
		<a id="3" s="H" t="H" l="H"/>
		<a id="4" s="C" t="C.2" l="C"/>
		<a id="5" s="H" t="H" l="H"/>
		<a id="6" s="C" t="C.ar" l="C"/>
		<a id="7" s="C" t="C.ar" l="C"/>
		<a id="8" s="H" t="H" l="H"/>
		<a id="9" s="C" t="C.ar" l="C"/>
		<a id="10" s="O" t="O.3" l="O"/>
		<a id="11" s="C" t="C.3" l="C"/>
		<a id="12" s="H" t="H" l="H"/>
		<a id="13" s="H" t="H" l="H"/>
		<a id="14" s="C" t="C.ar" l="C"/>
		<a id="15" s="C" t="C.ar" l="C"/>
		<a id="16" s="H" t="H" l="H"/>
		<a id="17" s="C" t="C.ar" l="C"/>
		<a id="18" s="H" t="H" l="H"/>
		<a id="19" s="C" t="C.ar" l="C"/>
		<a id="20" s="H" t="H" l="H"/>
		<a id="21" s="C" t="C.ar" l="C"/>
		<a id="22" s="H" t="H" l="H"/>
		<a id="23" s="C" t="C.ar" l="C"/>
		<a id="24" s="H" t="H" l="H"/>
		<a id="25" s="C" t="C.ar" l="C"/>
		<a id="26" s="O" t="O.3" l="O"/>
		<a id="27" s="C" t="C.3" l="C"/>
		<a id="28" s="H" t="H" l="H"/>
		<a id="29" s="H" t="H" l="H"/>
		<a id="30" s="H" t="H" l="H"/>
		<a id="31" s="C" t="C.ar" l="C"/>
		<a id="32" s="O" t="O.3" l="O"/>
		<a id="33" s="C" t="C.3" l="C"/>
		<a id="34" s="H" t="H" l="H"/>
		<a id="35" s="H" t="H" l="H"/>
		<a id="36" s="C" t="C.ar" l="C"/>
		<a id="37" s="C" t="C.ar" l="C"/>
		<a id="38" s="H" t="H" l="H"/>
		<a id="39" s="C" t="C.ar" l="C"/>
		<a id="40" s="H" t="H" l="H"/>
		<a id="41" s="C" t="C.ar" l="C"/>
		<a id="42" s="H" t="H" l="H"/>
		<a id="43" s="C" t="C.ar" l="C"/>
		<a id="44" s="H" t="H" l="H"/>
		<a id="45" s="C" t="C.ar" l="C"/>
		<a id="46" s="H" t="H" l="H"/>
		<a id="47" s="C" t="C.ar" l="C"/>
		<a id="48" s="H" t="H" l="H"/>
	</atoms>
	<bonds>
		<b id="1" c="2 4" t="2"/>
		<b id="2" c="4 6" t="1"/>
		<b id="3" c="6 7" t="ar"/>
		<b id="4" c="7 9" t="ar"/>
		<b id="5" c="9 10" t="1"/>
		<b id="6" c="10 11" t="1"/>
		<b id="7" c="11 14" t="1"/>
		<b id="8" c="14 15" t="ar"/>
		<b id="9" c="15 17" t="ar"/>
		<b id="10" c="17 19" t="ar"/>
		<b id="11" c="19 21" t="ar"/>
		<b id="12" c="21 23" t="ar"/>
		<b id="13" c="9 25" t="ar"/>
		<b id="14" c="25 26" t="1"/>
		<b id="15" c="26 27" t="1"/>
		<b id="16" c="25 31" t="ar"/>
		<b id="17" c="31 32" t="1"/>
		<b id="18" c="32 33" t="1"/>
		<b id="19" c="33 36" t="1"/>
		<b id="20" c="36 37" t="ar"/>
		<b id="21" c="37 39" t="ar"/>
		<b id="22" c="39 41" t="ar"/>
		<b id="23" c="41 43" t="ar"/>
		<b id="24" c="43 45" t="ar"/>
		<b id="25" c="31 47" t="ar"/>
		<b id="26" c="47 6" t="ar"/>
		<b id="27" c="23 14" t="ar"/>
		<b id="28" c="45 36" t="ar"/>
		<b id="29" c="2 1" t="1"/>
		<b id="30" c="2 3" t="1"/>
		<b id="31" c="4 5" t="1"/>
		<b id="32" c="7 8" t="1"/>
		<b id="33" c="11 12" t="1"/>
		<b id="34" c="11 13" t="1"/>
		<b id="35" c="15 16" t="1"/>
		<b id="36" c="17 18" t="1"/>
		<b id="37" c="19 20" t="1"/>
		<b id="38" c="21 22" t="1"/>
		<b id="39" c="23 24" t="1"/>
		<b id="40" c="27 28" t="1"/>
		<b id="41" c="27 29" t="1"/>
		<b id="42" c="27 30" t="1"/>
		<b id="43" c="33 34" t="1"/>
		<b id="44" c="33 35" t="1"/>
		<b id="45" c="37 38" t="1"/>
		<b id="46" c="39 40" t="1"/>
		<b id="47" c="41 42" t="1"/>
		<b id="48" c="43 44" t="1"/>
		<b id="49" c="45 46" t="1"/>
		<b id="50" c="47 48" t="1"/>
	</bonds>
	<geometry>
		<g u="A" t="cart/3d">#48,3:1.8535,-3.7662,-2.8767;1.1771,-4.5059,-2.4570;1.2246,-5.5090,-2.8712;0.2961,-4.2135,-1.4902;-0.3845,-4.9858,-1.1343;0.1410,-2.8791,-0.8953;-1.1469,-2.4342,-0.5704;-2.0070,-3.0707,-0.7552;-1.3309,-1.1718,-0.0073;-2.5804,-0.7144,0.3239;-3.4334,-0.6069,-0.8233;-3.9046,-1.5827,-0.9955;-2.8773,-0.3142,-1.7260;-4.4904,0.4413,-0.5599;-5.8418,0.1780,-0.8192;-6.1541,-0.7984,-1.1834;-6.8069,1.1663,-0.6138;-7.8518,0.9546,-0.8167;-6.4319,2.4278,-0.1521;-7.1830,3.1977,0.0044;-5.0917,2.7026,0.1047;-4.7981,3.6866,0.4670;-4.1253,1.7175,-0.1028;-3.0798,1.9447,0.0968;-0.2249,-0.3725,0.2947;-0.4296,0.8834,0.8191;-0.3774,0.8256,2.2445;-0.6103,1.8244,2.6266;-1.1209,0.1281,2.6467;0.6252,0.5572,2.5939;1.0740,-0.8050,-0.0135;2.0841,0.0592,0.3102;3.4198,-0.3056,-0.0365;3.6839,-1.2417,0.4709;3.5146,-0.4234,-1.1234;4.3736,0.7831,0.4056;4.0223,2.1374,0.3093;3.0385,2.4227,-0.0646;4.9156,3.1343,0.7083;4.6235,4.1787,0.6418;6.1749,2.7902,1.1970;6.8674,3.5664,1.5144;6.5460,1.4495,1.2786;7.5292,1.1807,1.6611;5.6525,0.4506,0.8815;5.9604,-0.5908,0.9551;1.2463,-2.0617,-0.6047;2.2384,-2.4350,-0.8379;</g>
	</geometry>
	<conformers/>
	<properties/>
</molecule>
