<?xml version="1.0" ?>
<!--MOLLI PACKAGE EXPERIMENTAL XML FORMAT-->
<molecule name="react_31">
	<atoms>
		<a id="1" s="H" t="H" l="H"/>
		<a id="2" s="C" t="C.2" l="C"/>
		<a id="3" s="C" t="C.2" l="C"/>
		<a id="4" s="O" t="O.2" l="O"/>
		<a id="5" s="O" t="O.3" l="O"/>
		<a id="6" s="C" t="C.3" l="C"/>
		<a id="7" s="H" t="H" l="H"/>
		<a id="8" s="H" t="H" l="H"/>
		<a id="9" s="C" t="C.3" l="C"/>
		<a id="10" s="H" t="H" l="H"/>
		<a id="11" s="H" t="H" l="H"/>
		<a id="12" s="H" t="H" l="H"/>
		<a id="13" s="C" t="C.2" l="C"/>
		<a id="14" s="H" t="H" l="H"/>
		<a id="15" s="C" t="C.3" l="C"/>
		<a id="16" s="H" t="H" l="H"/>
		<a id="17" s="C" t="C.3" l="C"/>
		<a id="18" s="H" t="H" l="H"/>
		<a id="19" s="H" t="H" l="H"/>
		<a id="20" s="H" t="H" l="H"/>
		<a id="21" s="C" t="C.3" l="C"/>
		<a id="22" s="H" t="H" l="H"/>
		<a id="23" s="H" t="H" l="H"/>
		<a id="24" s="H" t="H" l="H"/>
	</atoms>
	<bonds>
		<b id="1" c="9 6" t="1"/>
		<b id="2" c="6 5" t="1"/>
		<b id="3" c="5 3" t="1"/>
		<b id="4" c="3 4" t="2"/>
		<b id="5" c="3 2" t="1"/>
		<b id="6" c="2 13" t="2"/>
		<b id="7" c="13 15" t="1"/>
		<b id="8" c="15 17" t="1"/>
		<b id="9" c="15 21" t="1"/>
		<b id="10" c="9 10" t="1"/>
		<b id="11" c="9 11" t="1"/>
		<b id="12" c="9 12" t="1"/>
		<b id="13" c="6 7" t="1"/>
		<b id="14" c="6 8" t="1"/>
		<b id="15" c="2 1" t="1"/>
		<b id="16" c="13 14" t="1"/>
		<b id="17" c="15 16" t="1"/>
		<b id="18" c="17 18" t="1"/>
		<b id="19" c="17 19" t="1"/>
		<b id="20" c="17 20" t="1"/>
		<b id="21" c="21 22" t="1"/>
		<b id="22" c="21 23" t="1"/>
		<b id="23" c="21 24" t="1"/>
	</bonds>
	<geometry>
		<g u="A" t="cart/3d">#24,3:-0.1913,1.0904,-0.5017;-0.0719,0.1489,0.0186;1.2989,-0.1938,0.4600;1.6146,-1.2086,1.0578;2.1216,0.8146,0.0775;3.5028,0.6518,0.4302;3.9348,1.6553,0.5029;3.6107,0.1831,1.4152;4.2276,-0.1388,-0.6429;5.2938,-0.2181,-0.4127;3.8138,-1.1480,-0.7344;4.1117,0.3428,-1.6195;-1.0973,-0.6824,0.2666;-0.8893,-1.6144,0.7960;-2.5470,-0.4867,-0.1178;-2.8451,-1.3750,-0.6900;-2.8331,0.7341,-0.9965;-2.2509,0.6983,-1.9238;-3.8921,0.7667,-1.2757;-2.5980,1.6702,-0.4780;-3.4099,-0.4316,1.1451;-3.1594,0.4385,1.7626;-4.4726,-0.3674,0.8871;-3.2726,-1.3299,1.7576;</g>
	</geometry>
	<conformers/>
	<properties/>
</molecule>
