<?xml version="1.0" ?>
<!--MOLLI PACKAGE EXPERIMENTAL XML FORMAT-->
<molecule name="react_32">
	<atoms>
		<a id="1" s="H" t="H" l="H"/>
		<a id="2" s="C" t="C.2" l="C"/>
		<a id="3" s="H" t="H" l="H"/>
		<a id="4" s="C" t="C.2" l="C"/>
		<a id="5" s="H" t="H" l="H"/>
		<a id="6" s="C" t="C.3" l="C"/>
		<a id="7" s="H" t="H" l="H"/>
		<a id="8" s="H" t="H" l="H"/>
		<a id="9" s="O" t="O.3" l="O"/>
		<a id="10" s="C" t="C.2" l="C"/>
		<a id="11" s="O" t="O.2" l="O"/>
		<a id="12" s="C" t="C.ar" l="C"/>
		<a id="13" s="C" t="C.ar" l="C"/>
		<a id="14" s="H" t="H" l="H"/>
		<a id="15" s="C" t="C.ar" l="C"/>
		<a id="16" s="H" t="H" l="H"/>
		<a id="17" s="C" t="C.ar" l="C"/>
		<a id="18" s="H" t="H" l="H"/>
		<a id="19" s="C" t="C.ar" l="C"/>
		<a id="20" s="H" t="H" l="H"/>
		<a id="21" s="C" t="C.ar" l="C"/>
		<a id="22" s="H" t="H" l="H"/>
	</atoms>
	<bonds>
		<b id="1" c="3 2" t="1"/>
		<b id="2" c="2 4" t="2"/>
		<b id="3" c="4 6" t="1"/>
		<b id="4" c="6 9" t="1"/>
		<b id="5" c="9 10" t="1"/>
		<b id="6" c="10 11" t="2"/>
		<b id="7" c="10 12" t="1"/>
		<b id="8" c="12 13" t="ar"/>
		<b id="9" c="13 15" t="ar"/>
		<b id="10" c="15 17" t="ar"/>
		<b id="11" c="17 19" t="ar"/>
		<b id="12" c="19 21" t="ar"/>
		<b id="13" c="21 12" t="ar"/>
		<b id="14" c="2 1" t="1"/>
		<b id="15" c="4 5" t="1"/>
		<b id="16" c="6 7" t="1"/>
		<b id="17" c="6 8" t="1"/>
		<b id="18" c="13 14" t="1"/>
		<b id="19" c="15 16" t="1"/>
		<b id="20" c="17 18" t="1"/>
		<b id="21" c="19 20" t="1"/>
		<b id="22" c="21 22" t="1"/>
	</bonds>
	<geometry>
		<g u="A" t="cart/3d">#22,3:4.6286,-0.7364,0.7587;4.4334,-0.4801,-0.2782;5.1278,-0.8519,-1.0256;3.3767,0.2622,-0.6345;3.2227,0.4923,-1.6861;2.3659,0.8200,0.3201;2.5821,0.5146,1.3507;2.3744,1.9139,0.2512;1.0876,0.3186,-0.0771;0.0655,0.7546,0.6984;0.1650,1.5126,1.6505;-1.2275,0.1840,0.2317;-2.3982,0.5611,0.9044;-2.3504,1.2530,1.7434;-3.6357,0.0527,0.5044;-4.5399,0.3493,1.0303;-3.7107,-0.8346,-0.5683;-4.6747,-1.2304,-0.8790;-2.5510,-1.2158,-1.2425;-2.6117,-1.9089,-2.0782;-1.3108,-0.7094,-0.8455;-0.4194,-1.0214,-1.3840;</g>
	</geometry>
	<conformers/>
	<properties/>
</molecule>
