<?xml version="1.0" ?>
<!--MOLLI PACKAGE EXPERIMENTAL XML FORMAT-->
<molecule name="react_33">
	<atoms>
		<a id="1" s="H" t="H" l="H"/>
		<a id="2" s="C" t="C.2" l="C"/>
		<a id="3" s="C" t="C.2" l="C"/>
		<a id="4" s="O" t="O.2" l="O"/>
		<a id="5" s="O" t="O.3" l="O"/>
		<a id="6" s="C" t="C.3" l="C"/>
		<a id="7" s="H" t="H" l="H"/>
		<a id="8" s="H" t="H" l="H"/>
		<a id="9" s="C" t="C.3" l="C"/>
		<a id="10" s="H" t="H" l="H"/>
		<a id="11" s="H" t="H" l="H"/>
		<a id="12" s="H" t="H" l="H"/>
		<a id="13" s="C" t="C.2" l="C"/>
		<a id="14" s="H" t="H" l="H"/>
		<a id="15" s="C" t="C.3" l="C"/>
		<a id="16" s="H" t="H" l="H"/>
		<a id="17" s="H" t="H" l="H"/>
		<a id="18" s="C" t="C.3" l="C"/>
		<a id="19" s="H" t="H" l="H"/>
		<a id="20" s="H" t="H" l="H"/>
		<a id="21" s="C" t="C.3" l="C"/>
		<a id="22" s="H" t="H" l="H"/>
		<a id="23" s="H" t="H" l="H"/>
		<a id="24" s="C" t="C.3" l="C"/>
		<a id="25" s="H" t="H" l="H"/>
		<a id="26" s="H" t="H" l="H"/>
		<a id="27" s="C" t="C.3" l="C"/>
		<a id="28" s="H" t="H" l="H"/>
		<a id="29" s="H" t="H" l="H"/>
		<a id="30" s="H" t="H" l="H"/>
	</atoms>
	<bonds>
		<b id="1" c="27 24" t="1"/>
		<b id="2" c="24 21" t="1"/>
		<b id="3" c="21 18" t="1"/>
		<b id="4" c="18 15" t="1"/>
		<b id="5" c="15 13" t="1"/>
		<b id="6" c="13 2" t="2"/>
		<b id="7" c="2 3" t="1"/>
		<b id="8" c="3 4" t="2"/>
		<b id="9" c="3 5" t="1"/>
		<b id="10" c="5 6" t="1"/>
		<b id="11" c="6 9" t="1"/>
		<b id="12" c="27 28" t="1"/>
		<b id="13" c="27 29" t="1"/>
		<b id="14" c="27 30" t="1"/>
		<b id="15" c="24 25" t="1"/>
		<b id="16" c="24 26" t="1"/>
		<b id="17" c="21 22" t="1"/>
		<b id="18" c="21 23" t="1"/>
		<b id="19" c="18 19" t="1"/>
		<b id="20" c="18 20" t="1"/>
		<b id="21" c="15 16" t="1"/>
		<b id="22" c="15 17" t="1"/>
		<b id="23" c="13 14" t="1"/>
		<b id="24" c="2 1" t="1"/>
		<b id="25" c="6 7" t="1"/>
		<b id="26" c="6 8" t="1"/>
		<b id="27" c="9 10" t="1"/>
		<b id="28" c="9 11" t="1"/>
		<b id="29" c="9 12" t="1"/>
	</bonds>
	<geometry>
		<g u="A" t="cart/3d">#30,3:0.8964,1.2933,-1.3115;1.3509,0.6019,-0.6095;2.7661,0.2932,-0.9120;3.3450,0.7905,-1.8664;3.2929,-0.5753,-0.0160;4.6640,-0.9372,-0.2324;4.8085,-1.9256,0.2159;4.8881,-1.0330,-1.3011;5.5823,0.0663,0.4394;6.6288,-0.2322,0.3309;5.3470,0.1490,1.5056;5.4570,1.0642,0.0074;0.6531,0.0993,0.4220;1.1256,-0.5894,1.1200;-0.7836,0.4423,0.6997;-1.1305,1.2125,0.0019;-0.8485,0.8706,1.7070;-1.6755,-0.7980,0.6039;-1.2813,-1.5802,1.2658;-1.6415,-1.2048,-0.4148;-3.1311,-0.5320,1.0001;-3.1668,-0.1239,2.0175;-3.6581,-1.4939,1.0278;-3.8608,0.4080,0.0397;-3.4009,1.4017,0.0553;-3.7833,0.0278,-0.9854;-5.3296,0.5474,0.4099;-5.8330,1.2260,-0.2859;-5.8389,-0.4207,0.3678;-5.4424,0.9520,1.4209;</g>
	</geometry>
	<conformers/>
	<properties/>
</molecule>
