<?xml version="1.0" ?>
<!--MOLLI PACKAGE EXPERIMENTAL XML FORMAT-->
<molecule name="react_34">
	<atoms>
		<a id="1" s="H" t="H" l="H"/>
		<a id="2" s="C" t="C.2" l="C"/>
		<a id="3" s="C" t="C.2" l="C"/>
		<a id="4" s="O" t="O.2" l="O"/>
		<a id="5" s="C" t="C.3" l="C"/>
		<a id="6" s="H" t="H" l="H"/>
		<a id="7" s="H" t="H" l="H"/>
		<a id="8" s="C" t="C.3" l="C"/>
		<a id="9" s="H" t="H" l="H"/>
		<a id="10" s="H" t="H" l="H"/>
		<a id="11" s="C" t="C.3" l="C"/>
		<a id="12" s="C" t="C.3" l="C"/>
		<a id="13" s="H" t="H" l="H"/>
		<a id="14" s="H" t="H" l="H"/>
		<a id="15" s="H" t="H" l="H"/>
		<a id="16" s="O" t="O.3" l="O"/>
		<a id="17" s="C" t="C.3" l="C"/>
		<a id="18" s="H" t="H" l="H"/>
		<a id="19" s="H" t="H" l="H"/>
		<a id="20" s="C" t="C.3" l="C"/>
		<a id="21" s="H" t="H" l="H"/>
		<a id="22" s="H" t="H" l="H"/>
		<a id="23" s="O" t="O.3" l="O"/>
		<a id="24" s="C" t="C.2" l="C"/>
		<a id="25" s="H" t="H" l="H"/>
		<a id="26" s="C" t="C.3" l="C"/>
		<a id="27" s="H" t="H" l="H"/>
		<a id="28" s="H" t="H" l="H"/>
		<a id="29" s="C" t="C.3" l="C"/>
		<a id="30" s="H" t="H" l="H"/>
		<a id="31" s="H" t="H" l="H"/>
		<a id="32" s="H" t="H" l="H"/>
	</atoms>
	<bonds>
		<b id="1" c="29 26" t="1"/>
		<b id="2" c="26 24" t="1"/>
		<b id="3" c="24 2" t="2"/>
		<b id="4" c="2 3" t="1"/>
		<b id="5" c="3 4" t="2"/>
		<b id="6" c="3 5" t="1"/>
		<b id="7" c="5 8" t="1"/>
		<b id="8" c="8 11" t="1"/>
		<b id="9" c="11 12" t="1"/>
		<b id="10" c="11 16" t="1"/>
		<b id="11" c="16 17" t="1"/>
		<b id="12" c="17 20" t="1"/>
		<b id="13" c="20 23" t="1"/>
		<b id="14" c="23 11" t="1"/>
		<b id="15" c="29 30" t="1"/>
		<b id="16" c="29 31" t="1"/>
		<b id="17" c="29 32" t="1"/>
		<b id="18" c="26 27" t="1"/>
		<b id="19" c="26 28" t="1"/>
		<b id="20" c="24 25" t="1"/>
		<b id="21" c="2 1" t="1"/>
		<b id="22" c="5 6" t="1"/>
		<b id="23" c="5 7" t="1"/>
		<b id="24" c="8 9" t="1"/>
		<b id="25" c="8 10" t="1"/>
		<b id="26" c="12 13" t="1"/>
		<b id="27" c="12 14" t="1"/>
		<b id="28" c="12 15" t="1"/>
		<b id="29" c="17 18" t="1"/>
		<b id="30" c="17 19" t="1"/>
		<b id="31" c="20 21" t="1"/>
		<b id="32" c="20 22" t="1"/>
	</bonds>
	<geometry>
		<g u="A" t="cart/3d">#32,3:3.2630,0.6558,1.8179;2.3850,0.5719,1.1829;1.2959,1.5225,1.5468;1.4441,2.2233,2.5487;0.0360,1.6058,0.7137;0.2827,1.4707,-0.3437;-0.3493,2.6287,0.8018;-0.9985,0.5991,1.2077;-1.3483,0.8846,2.2085;-0.5191,-0.3799,1.3415;-2.1942,0.4308,0.2643;-2.9783,1.7227,0.0567;-3.8713,1.5350,-0.5509;-3.3220,2.1350,1.0111;-2.3880,2.4768,-0.4728;-3.0898,-0.5439,0.8303;-2.9375,-1.7038,0.0134;-3.8565,-2.2948,0.0042;-2.1227,-2.3072,0.4279;-2.5771,-1.1378,-1.3319;-2.0654,-1.8528,-1.9807;-3.4551,-0.7400,-1.8519;-1.7178,-0.0449,-1.0077;2.3370,-0.3264,0.1875;1.4549,-0.4266,-0.4403;3.4655,-1.2675,-0.1265;3.0984,-2.2967,-0.0418;4.2824,-1.1591,0.5964;4.0051,-1.0369,-1.5295;4.8162,-1.7404,-1.7428;3.2247,-1.1827,-2.2841;4.4001,-0.0212,-1.6392;</g>
	</geometry>
	<conformers/>
	<properties/>
</molecule>
