<?xml version="1.0" ?>
<!--MOLLI PACKAGE EXPERIMENTAL XML FORMAT-->
<molecule name="react_35">
	<atoms>
		<a id="1" s="H" t="H" l="H"/>
		<a id="2" s="C" t="C.2" l="C"/>
		<a id="3" s="C" t="C.2" l="C"/>
		<a id="4" s="H" t="H" l="H"/>
		<a id="5" s="C" t="C.3" l="C"/>
		<a id="6" s="H" t="H" l="H"/>
		<a id="7" s="H" t="H" l="H"/>
		<a id="8" s="C" t="C.3" l="C"/>
		<a id="9" s="H" t="H" l="H"/>
		<a id="10" s="H" t="H" l="H"/>
		<a id="11" s="C" t="C.3" l="C"/>
		<a id="12" s="H" t="H" l="H"/>
		<a id="13" s="H" t="H" l="H"/>
		<a id="14" s="H" t="H" l="H"/>
		<a id="15" s="C" t="C.3" l="C"/>
		<a id="16" s="H" t="H" l="H"/>
		<a id="17" s="H" t="H" l="H"/>
		<a id="18" s="Se" t="Se" l="SE"/>
		<a id="19" s="C" t="C.ar" l="C"/>
		<a id="20" s="C" t="C.ar" l="C"/>
		<a id="21" s="H" t="H" l="H"/>
		<a id="22" s="C" t="C.ar" l="C"/>
		<a id="23" s="H" t="H" l="H"/>
		<a id="24" s="C" t="C.ar" l="C"/>
		<a id="25" s="H" t="H" l="H"/>
		<a id="26" s="C" t="C.ar" l="C"/>
		<a id="27" s="H" t="H" l="H"/>
		<a id="28" s="C" t="C.ar" l="C"/>
		<a id="29" s="N" t="N.pl3" l="N"/>
		<a id="30" s="O" t="O.2" l="O"/>
		<a id="31" s="O" t="O.co2" l="O"/>
	</atoms>
	<bonds>
		<b id="1" c="11 8" t="1"/>
		<b id="2" c="8 5" t="1"/>
		<b id="3" c="5 3" t="1"/>
		<b id="4" c="3 2" t="2"/>
		<b id="5" c="2 15" t="1"/>
		<b id="6" c="15 18" t="1"/>
		<b id="7" c="18 19" t="1"/>
		<b id="8" c="19 20" t="ar"/>
		<b id="9" c="20 22" t="ar"/>
		<b id="10" c="22 24" t="ar"/>
		<b id="11" c="24 26" t="ar"/>
		<b id="12" c="26 28" t="ar"/>
		<b id="13" c="28 29" t="1"/>
		<b id="14" c="29 30" t="2"/>
		<b id="15" c="29 31" t="1"/>
		<b id="16" c="28 19" t="ar"/>
		<b id="17" c="11 12" t="1"/>
		<b id="18" c="11 13" t="1"/>
		<b id="19" c="11 14" t="1"/>
		<b id="20" c="8 9" t="1"/>
		<b id="21" c="8 10" t="1"/>
		<b id="22" c="5 6" t="1"/>
		<b id="23" c="5 7" t="1"/>
		<b id="24" c="3 4" t="1"/>
		<b id="25" c="2 1" t="1"/>
		<b id="26" c="15 16" t="1"/>
		<b id="27" c="15 17" t="1"/>
		<b id="28" c="20 21" t="1"/>
		<b id="29" c="22 23" t="1"/>
		<b id="30" c="24 25" t="1"/>
		<b id="31" c="26 27" t="1"/>
	</bonds>
	<geometry>
		<g u="A" t="cart/3d">#31,3:1.1703,0.4392,1.2762;1.3407,0.7142,0.2421;2.5961,0.8130,-0.1814;2.8039,1.0856,-1.2089;3.7222,0.5427,0.7808;4.4171,1.4162,0.8208;3.3548,0.2923,1.7753;4.5345,-0.6137,0.2326;3.8037,-1.4488,0.0498;5.3355,-0.9118,0.9241;5.0690,-0.2127,-1.1238;6.1933,-0.2523,-1.1453;4.8213,0.8439,-1.3833;4.6485,-0.8357,-1.9497;0.1827,0.9771,-0.6909;-0.3796,1.8790,-0.3426;0.5584,1.2292,-1.7030;-0.9173,-0.5878,-0.8308;-2.7558,-0.2073,-0.3944;-3.2185,1.0906,-0.3517;-2.5208,1.8857,-0.5697;-4.5446,1.3653,-0.0369;-4.9208,2.3806,-0.0001;-5.4327,0.3381,0.2416;-6.4593,0.5812,0.4837;-4.9742,-0.9654,0.2003;-5.6877,-1.7505,0.4215;-3.6566,-1.2121,-0.1140;-3.1909,-2.5458,-0.1554;-3.7507,-3.4002,0.5442;-2.1424,-2.9297,-0.9411;</g>
	</geometry>
	<conformers/>
	<properties/>
</molecule>
