<?xml version="1.0" ?>
<!--MOLLI PACKAGE EXPERIMENTAL XML FORMAT-->
<molecule name="react_62">
	<atoms>
		<a id="1" s="H" t="H" l="H"/>
		<a id="2" s="C" t="C.2" l="C"/>
		<a id="3" s="C" t="C.2" l="C"/>
		<a id="4" s="H" t="H" l="H"/>
		<a id="5" s="C" t="C.3" l="C"/>
		<a id="6" s="H" t="H" l="H"/>
		<a id="7" s="H" t="H" l="H"/>
		<a id="8" s="C" t="C.3" l="C"/>
		<a id="9" s="H" t="H" l="H"/>
		<a id="10" s="H" t="H" l="H"/>
		<a id="11" s="O" t="O.3" l="O"/>
		<a id="12" s="C" t="C.3" l="C"/>
		<a id="13" s="H" t="H" l="H"/>
		<a id="14" s="H" t="H" l="H"/>
		<a id="15" s="H" t="H" l="H"/>
		<a id="16" s="C" t="C.3" l="C"/>
		<a id="17" s="H" t="H" l="H"/>
		<a id="18" s="H" t="H" l="H"/>
		<a id="19" s="C" t="C.3" l="C"/>
		<a id="20" s="H" t="H" l="H"/>
		<a id="21" s="H" t="H" l="H"/>
		<a id="22" s="H" t="H" l="H"/>
	</atoms>
	<bonds>
		<b id="1" c="19 16" t="1"/>
		<b id="2" c="16 2" t="1"/>
		<b id="3" c="2 3" t="2"/>
		<b id="4" c="3 5" t="1"/>
		<b id="5" c="5 8" t="1"/>
		<b id="6" c="8 11" t="1"/>
		<b id="7" c="11 12" t="1"/>
		<b id="8" c="19 20" t="1"/>
		<b id="9" c="19 21" t="1"/>
		<b id="10" c="19 22" t="1"/>
		<b id="11" c="16 17" t="1"/>
		<b id="12" c="16 18" t="1"/>
		<b id="13" c="2 1" t="1"/>
		<b id="14" c="3 4" t="1"/>
		<b id="15" c="5 6" t="1"/>
		<b id="16" c="5 7" t="1"/>
		<b id="17" c="8 9" t="1"/>
		<b id="18" c="8 10" t="1"/>
		<b id="19" c="12 13" t="1"/>
		<b id="20" c="12 14" t="1"/>
		<b id="21" c="12 15" t="1"/>
	</bonds>
	<geometry>
		<g u="A" t="cart/3d">#22,3:-2.5400,-1.5026,-0.7221;-1.7014,-0.9042,-0.3656;-0.4951,-1.4921,-0.3141;-0.4250,-2.5331,-0.6298;0.7935,-0.8845,0.1648;1.2751,-1.5845,0.8593;0.6161,0.0179,0.7572;1.7486,-0.5846,-0.9922;1.9234,-1.5009,-1.5678;1.3261,0.1540,-1.6844;3.0271,-0.1518,-0.5221;3.0514,1.2213,-0.1564;2.7674,1.8512,-1.0049;4.0729,1.4778,0.1377;2.3921,1.4134,0.6940;-2.0385,0.5145,-0.0073;-2.6194,0.9499,-0.8289;-1.1423,1.1341,0.0939;-2.8515,0.5838,1.2755;-2.2866,0.1815,2.1233;-3.7841,0.0163,1.1864;-3.1096,1.6229,1.5037;</g>
	</geometry>
	<conformers/>
	<properties/>
</molecule>
