<?xml version="1.0" ?>
<!--MOLLI PACKAGE EXPERIMENTAL XML FORMAT-->
<molecule name="react_36">
	<atoms>
		<a id="1" s="H" t="H" l="H"/>
		<a id="2" s="C" t="C.2" l="C"/>
		<a id="3" s="C" t="C.2" l="C"/>
		<a id="4" s="O" t="O.2" l="O"/>
		<a id="5" s="O" t="O.3" l="O"/>
		<a id="6" s="C" t="C.3" l="C"/>
		<a id="7" s="C" t="C.3" l="C"/>
		<a id="8" s="H" t="H" l="H"/>
		<a id="9" s="H" t="H" l="H"/>
		<a id="10" s="H" t="H" l="H"/>
		<a id="11" s="C" t="C.3" l="C"/>
		<a id="12" s="H" t="H" l="H"/>
		<a id="13" s="H" t="H" l="H"/>
		<a id="14" s="H" t="H" l="H"/>
		<a id="15" s="C" t="C.3" l="C"/>
		<a id="16" s="H" t="H" l="H"/>
		<a id="17" s="H" t="H" l="H"/>
		<a id="18" s="H" t="H" l="H"/>
		<a id="19" s="C" t="C.2" l="C"/>
		<a id="20" s="H" t="H" l="H"/>
		<a id="21" s="C" t="C.3" l="C"/>
		<a id="22" s="H" t="H" l="H"/>
		<a id="23" s="H" t="H" l="H"/>
		<a id="24" s="C" t="C.3" l="C"/>
		<a id="25" s="H" t="H" l="H"/>
		<a id="26" s="H" t="H" l="H"/>
		<a id="27" s="C" t="C.3" l="C"/>
		<a id="28" s="H" t="H" l="H"/>
		<a id="29" s="H" t="H" l="H"/>
		<a id="30" s="C" t="C.3" l="C"/>
		<a id="31" s="H" t="H" l="H"/>
		<a id="32" s="H" t="H" l="H"/>
		<a id="33" s="C" t="C.3" l="C"/>
		<a id="34" s="H" t="H" l="H"/>
		<a id="35" s="H" t="H" l="H"/>
		<a id="36" s="H" t="H" l="H"/>
	</atoms>
	<bonds>
		<b id="1" c="33 30" t="1"/>
		<b id="2" c="30 27" t="1"/>
		<b id="3" c="27 24" t="1"/>
		<b id="4" c="24 21" t="1"/>
		<b id="5" c="21 19" t="1"/>
		<b id="6" c="19 2" t="2"/>
		<b id="7" c="2 3" t="1"/>
		<b id="8" c="3 4" t="2"/>
		<b id="9" c="3 5" t="1"/>
		<b id="10" c="5 6" t="1"/>
		<b id="11" c="6 7" t="1"/>
		<b id="12" c="6 11" t="1"/>
		<b id="13" c="6 15" t="1"/>
		<b id="14" c="33 34" t="1"/>
		<b id="15" c="33 35" t="1"/>
		<b id="16" c="33 36" t="1"/>
		<b id="17" c="30 31" t="1"/>
		<b id="18" c="30 32" t="1"/>
		<b id="19" c="27 28" t="1"/>
		<b id="20" c="27 29" t="1"/>
		<b id="21" c="24 25" t="1"/>
		<b id="22" c="24 26" t="1"/>
		<b id="23" c="21 22" t="1"/>
		<b id="24" c="21 23" t="1"/>
		<b id="25" c="19 20" t="1"/>
		<b id="26" c="2 1" t="1"/>
		<b id="27" c="7 8" t="1"/>
		<b id="28" c="7 9" t="1"/>
		<b id="29" c="7 10" t="1"/>
		<b id="30" c="11 12" t="1"/>
		<b id="31" c="11 13" t="1"/>
		<b id="32" c="11 14" t="1"/>
		<b id="33" c="15 16" t="1"/>
		<b id="34" c="15 17" t="1"/>
		<b id="35" c="15 18" t="1"/>
	</bonds>
	<geometry>
		<g u="A" t="cart/3d">#36,3:-0.0084,2.7774,-1.0565;-0.2983,1.7423,-0.9079;-1.6909,1.5787,-0.4321;-2.4190,2.5406,-0.2445;-1.9990,0.2749,-0.2508;-3.3145,-0.1171,0.2168;-4.4038,0.2879,-0.7823;-5.3726,-0.1466,-0.5133;-4.5333,1.3734,-0.8278;-4.1437,-0.0400,-1.7950;-3.5923,0.4315,1.6206;-3.7072,1.5196,1.6187;-4.5102,0.0060,2.0403;-2.7614,0.2047,2.2981;-3.2609,-1.6507,0.2905;-4.2093,-2.0751,0.6363;-2.4658,-1.9806,0.9694;-3.0266,-2.0799,-0.6907;0.5623,0.7385,-1.1441;0.2501,-0.2933,-0.9974;1.9673,0.9480,-1.6344;2.1159,1.9986,-1.9139;2.1113,0.3625,-2.5503;3.0330,0.5684,-0.5998;4.0122,0.8702,-0.9919;2.8671,1.1443,0.3183;3.0643,-0.9307,-0.2831;3.1270,-1.4945,-1.2220;2.1326,-1.2341,0.2083;4.2495,-1.3361,0.5971;5.1901,-1.0507,0.1120;4.2580,-2.4291,0.6857;4.1988,-0.7385,1.9948;3.2550,-0.9822,2.4926;5.0160,-1.1383,2.6037;4.3068,0.3498,1.9700;</g>
	</geometry>
	<conformers/>
	<properties/>
</molecule>
