<?xml version="1.0" ?>
<!--MOLLI PACKAGE EXPERIMENTAL XML FORMAT-->
<molecule name="react_38">
	<atoms>
		<a id="1" s="H" t="H" l="H"/>
		<a id="2" s="C" t="C.2" l="C"/>
		<a id="3" s="C" t="C.2" l="C"/>
		<a id="4" s="O" t="O.2" l="O"/>
		<a id="5" s="O" t="O.3" l="O"/>
		<a id="6" s="C" t="C.3" l="C"/>
		<a id="7" s="H" t="H" l="H"/>
		<a id="8" s="H" t="H" l="H"/>
		<a id="9" s="C" t="C.3" l="C"/>
		<a id="10" s="H" t="H" l="H"/>
		<a id="11" s="H" t="H" l="H"/>
		<a id="12" s="H" t="H" l="H"/>
		<a id="13" s="C" t="C.2" l="C"/>
		<a id="14" s="H" t="H" l="H"/>
		<a id="15" s="C" t="C.3" l="C"/>
		<a id="16" s="H" t="H" l="H"/>
		<a id="17" s="H" t="H" l="H"/>
		<a id="18" s="C" t="C.3" l="C"/>
		<a id="19" s="H" t="H" l="H"/>
		<a id="20" s="H" t="H" l="H"/>
		<a id="21" s="C" t="C.3" l="C"/>
		<a id="22" s="H" t="H" l="H"/>
		<a id="23" s="H" t="H" l="H"/>
		<a id="24" s="C" t="C.3" l="C"/>
		<a id="25" s="H" t="H" l="H"/>
		<a id="26" s="H" t="H" l="H"/>
		<a id="27" s="C" t="C.3" l="C"/>
		<a id="28" s="H" t="H" l="H"/>
		<a id="29" s="H" t="H" l="H"/>
		<a id="30" s="C" t="C.3" l="C"/>
		<a id="31" s="H" t="H" l="H"/>
		<a id="32" s="H" t="H" l="H"/>
		<a id="33" s="C" t="C.3" l="C"/>
		<a id="34" s="H" t="H" l="H"/>
		<a id="35" s="H" t="H" l="H"/>
		<a id="36" s="H" t="H" l="H"/>
	</atoms>
	<bonds>
		<b id="1" c="33 30" t="1"/>
		<b id="2" c="30 27" t="1"/>
		<b id="3" c="27 24" t="1"/>
		<b id="4" c="24 21" t="1"/>
		<b id="5" c="21 18" t="1"/>
		<b id="6" c="18 15" t="1"/>
		<b id="7" c="15 13" t="1"/>
		<b id="8" c="13 2" t="2"/>
		<b id="9" c="2 3" t="1"/>
		<b id="10" c="3 4" t="2"/>
		<b id="11" c="3 5" t="1"/>
		<b id="12" c="5 6" t="1"/>
		<b id="13" c="6 9" t="1"/>
		<b id="14" c="33 34" t="1"/>
		<b id="15" c="33 35" t="1"/>
		<b id="16" c="33 36" t="1"/>
		<b id="17" c="30 31" t="1"/>
		<b id="18" c="30 32" t="1"/>
		<b id="19" c="27 28" t="1"/>
		<b id="20" c="27 29" t="1"/>
		<b id="21" c="24 25" t="1"/>
		<b id="22" c="24 26" t="1"/>
		<b id="23" c="21 22" t="1"/>
		<b id="24" c="21 23" t="1"/>
		<b id="25" c="18 19" t="1"/>
		<b id="26" c="18 20" t="1"/>
		<b id="27" c="15 16" t="1"/>
		<b id="28" c="15 17" t="1"/>
		<b id="29" c="13 14" t="1"/>
		<b id="30" c="2 1" t="1"/>
		<b id="31" c="6 7" t="1"/>
		<b id="32" c="6 8" t="1"/>
		<b id="33" c="9 10" t="1"/>
		<b id="34" c="9 11" t="1"/>
		<b id="35" c="9 12" t="1"/>
	</bonds>
	<geometry>
		<g u="A" t="cart/3d">#36,3:2.0185,-0.0385,-0.5626;2.0757,0.0936,0.5101;3.3106,0.7184,1.0351;3.5431,0.9426,2.2109;4.1204,0.9859,-0.0198;5.3737,1.6040,0.3053;5.2632,2.3243,1.1241;5.6910,2.1679,-0.5780;6.4100,0.5455,0.6335;6.5097,-0.1646,-0.1940;7.3845,1.0032,0.8254;6.1156,-0.0325,1.5153;1.0915,-0.2796,1.3439;1.2246,-0.1097,2.4136;-0.2200,-0.9229,0.9773;-0.3026,-1.8577,1.5455;-1.0149,-0.2606,1.3390;-0.4410,-1.2247,-0.5092;-0.4115,-0.2963,-1.0915;0.3818,-1.8502,-0.8787;-1.7507,-1.9707,-0.7904;-1.7192,-2.9448,-0.2865;-1.8023,-2.1835,-1.8656;-3.0351,-1.2493,-0.3678;-3.8852,-1.8931,-0.6262;-3.0524,-1.1392,0.7216;-3.2155,0.1125,-1.0429;-3.0926,-0.0048,-2.1266;-2.4371,0.8071,-0.7072;-4.5882,0.7377,-0.7816;-5.3790,0.0596,-1.1229;-4.6735,1.6512,-1.3822;-4.8227,1.0955,0.6780;-5.7756,1.6232,0.7867;-4.8655,0.2023,1.3081;-4.0290,1.7481,1.0551;</g>
	</geometry>
	<conformers/>
	<properties/>
</molecule>
