<?xml version="1.0" ?>
<!--MOLLI PACKAGE EXPERIMENTAL XML FORMAT-->
<molecule name="react_39">
	<atoms>
		<a id="1" s="H" t="H" l="H"/>
		<a id="2" s="C" t="C.2" l="C"/>
		<a id="3" s="C" t="C.2" l="C"/>
		<a id="4" s="H" t="H" l="H"/>
		<a id="5" s="C" t="C.3" l="C"/>
		<a id="6" s="H" t="H" l="H"/>
		<a id="7" s="H" t="H" l="H"/>
		<a id="8" s="C" t="C.3" l="C"/>
		<a id="9" s="H" t="H" l="H"/>
		<a id="10" s="H" t="H" l="H"/>
		<a id="11" s="C" t="C.3" l="C"/>
		<a id="12" s="H" t="H" l="H"/>
		<a id="13" s="H" t="H" l="H"/>
		<a id="14" s="H" t="H" l="H"/>
		<a id="15" s="C" t="C.ar" l="C"/>
		<a id="16" s="N" t="N.ar" l="N"/>
		<a id="17" s="C" t="C.ar" l="C"/>
		<a id="18" s="C" t="C.2" l="C"/>
		<a id="19" s="O" t="O.2" l="O"/>
		<a id="20" s="C" t="C.3" l="C"/>
		<a id="21" s="H" t="H" l="H"/>
		<a id="22" s="H" t="H" l="H"/>
		<a id="23" s="H" t="H" l="H"/>
		<a id="24" s="N" t="N.ar" l="N"/>
		<a id="25" s="C" t="C.3" l="C"/>
		<a id="26" s="H" t="H" l="H"/>
		<a id="27" s="H" t="H" l="H"/>
		<a id="28" s="C" t="C.3" l="C"/>
		<a id="29" s="H" t="H" l="H"/>
		<a id="30" s="H" t="H" l="H"/>
		<a id="31" s="H" t="H" l="H"/>
		<a id="32" s="C" t="C.ar" l="C"/>
		<a id="33" s="H" t="H" l="H"/>
	</atoms>
	<bonds>
		<b id="1" c="11 8" t="1"/>
		<b id="2" c="8 5" t="1"/>
		<b id="3" c="5 3" t="1"/>
		<b id="4" c="3 2" t="2"/>
		<b id="5" c="2 15" t="1"/>
		<b id="6" c="15 32" t="ar"/>
		<b id="7" c="32 24" t="ar"/>
		<b id="8" c="24 25" t="1"/>
		<b id="9" c="25 28" t="1"/>
		<b id="10" c="24 17" t="ar"/>
		<b id="11" c="17 18" t="1"/>
		<b id="12" c="18 20" t="1"/>
		<b id="13" c="18 19" t="2"/>
		<b id="14" c="17 16" t="ar"/>
		<b id="15" c="16 15" t="ar"/>
		<b id="16" c="11 12" t="1"/>
		<b id="17" c="11 13" t="1"/>
		<b id="18" c="11 14" t="1"/>
		<b id="19" c="8 9" t="1"/>
		<b id="20" c="8 10" t="1"/>
		<b id="21" c="5 6" t="1"/>
		<b id="22" c="5 7" t="1"/>
		<b id="23" c="3 4" t="1"/>
		<b id="24" c="2 1" t="1"/>
		<b id="25" c="32 33" t="1"/>
		<b id="26" c="25 26" t="1"/>
		<b id="27" c="25 27" t="1"/>
		<b id="28" c="28 29" t="1"/>
		<b id="29" c="28 30" t="1"/>
		<b id="30" c="28 31" t="1"/>
		<b id="31" c="20 21" t="1"/>
		<b id="32" c="20 22" t="1"/>
		<b id="33" c="20 23" t="1"/>
	</bonds>
	<geometry>
		<g u="A" t="cart/3d">#33,3:1.7133,-1.3732,0.8920;1.2405,-0.5194,0.4134;1.9564,0.6069,0.2540;1.4950,1.4639,-0.2356;3.3820,0.7701,0.6913;3.9923,0.9824,-0.1946;3.7647,-0.1610,1.1263;3.5271,1.9071,1.7035;3.1515,2.8437,1.2747;2.9258,1.6971,2.5957;4.9770,2.1023,2.1164;5.0629,2.9302,2.8273;5.3720,1.2025,2.5965;5.6029,2.3339,1.2488;-0.1043,-0.6905,-0.0111;-0.8404,0.3336,-0.5407;-2.0290,-0.1792,-0.8229;-3.1021,0.6057,-1.4122;-4.2068,0.1462,-1.7071;-2.8015,2.0664,-1.6469;-3.6471,2.5386,-2.1564;-1.9153,2.1720,-2.2787;-2.6457,2.5715,-0.6898;-2.0584,-1.5165,-0.4880;-3.1683,-2.4390,-0.6361;-3.0245,-3.2444,0.0942;-4.0898,-1.9206,-0.3553;-3.2564,-3.0206,-2.0362;-2.3278,-3.5307,-2.3113;-4.0759,-3.7427,-2.0988;-3.4342,-2.2386,-2.7807;-0.8352,-1.8497,0.0356;-0.6006,-2.8479,0.3780;</g>
	</geometry>
	<conformers/>
	<properties/>
</molecule>
