<?xml version="1.0" ?>
<!--MOLLI PACKAGE EXPERIMENTAL XML FORMAT-->
<molecule name="react_40">
	<atoms>
		<a id="1" s="H" t="H" l="H"/>
		<a id="2" s="C" t="C.2" l="C"/>
		<a id="3" s="C" t="C.2" l="C"/>
		<a id="4" s="O" t="O.2" l="O"/>
		<a id="5" s="O" t="O.3" l="O"/>
		<a id="6" s="C" t="C.3" l="C"/>
		<a id="7" s="H" t="H" l="H"/>
		<a id="8" s="H" t="H" l="H"/>
		<a id="9" s="C" t="C.3" l="C"/>
		<a id="10" s="H" t="H" l="H"/>
		<a id="11" s="H" t="H" l="H"/>
		<a id="12" s="H" t="H" l="H"/>
		<a id="13" s="C" t="C.2" l="C"/>
		<a id="14" s="H" t="H" l="H"/>
		<a id="15" s="C" t="C.3" l="C"/>
		<a id="16" s="H" t="H" l="H"/>
		<a id="17" s="H" t="H" l="H"/>
		<a id="18" s="C" t="C.3" l="C"/>
		<a id="19" s="H" t="H" l="H"/>
		<a id="20" s="H" t="H" l="H"/>
		<a id="21" s="O" t="O.3" l="O"/>
		<a id="22" s="Si" t="Si" l="SI"/>
		<a id="23" s="C" t="C.3" l="C"/>
		<a id="24" s="H" t="H" l="H"/>
		<a id="25" s="H" t="H" l="H"/>
		<a id="26" s="H" t="H" l="H"/>
		<a id="27" s="C" t="C.3" l="C"/>
		<a id="28" s="H" t="H" l="H"/>
		<a id="29" s="H" t="H" l="H"/>
		<a id="30" s="H" t="H" l="H"/>
		<a id="31" s="C" t="C.3" l="C"/>
		<a id="32" s="C" t="C.3" l="C"/>
		<a id="33" s="H" t="H" l="H"/>
		<a id="34" s="H" t="H" l="H"/>
		<a id="35" s="H" t="H" l="H"/>
		<a id="36" s="C" t="C.3" l="C"/>
		<a id="37" s="H" t="H" l="H"/>
		<a id="38" s="H" t="H" l="H"/>
		<a id="39" s="H" t="H" l="H"/>
		<a id="40" s="C" t="C.3" l="C"/>
		<a id="41" s="H" t="H" l="H"/>
		<a id="42" s="H" t="H" l="H"/>
		<a id="43" s="H" t="H" l="H"/>
	</atoms>
	<bonds>
		<b id="1" c="9 6" t="1"/>
		<b id="2" c="6 5" t="1"/>
		<b id="3" c="5 3" t="1"/>
		<b id="4" c="3 4" t="2"/>
		<b id="5" c="3 2" t="1"/>
		<b id="6" c="2 13" t="2"/>
		<b id="7" c="13 15" t="1"/>
		<b id="8" c="15 18" t="1"/>
		<b id="9" c="18 21" t="1"/>
		<b id="10" c="21 22" t="1"/>
		<b id="11" c="22 23" t="1"/>
		<b id="12" c="22 27" t="1"/>
		<b id="13" c="22 31" t="1"/>
		<b id="14" c="31 32" t="1"/>
		<b id="15" c="31 36" t="1"/>
		<b id="16" c="31 40" t="1"/>
		<b id="17" c="9 10" t="1"/>
		<b id="18" c="9 11" t="1"/>
		<b id="19" c="9 12" t="1"/>
		<b id="20" c="6 7" t="1"/>
		<b id="21" c="6 8" t="1"/>
		<b id="22" c="2 1" t="1"/>
		<b id="23" c="13 14" t="1"/>
		<b id="24" c="15 16" t="1"/>
		<b id="25" c="15 17" t="1"/>
		<b id="26" c="18 19" t="1"/>
		<b id="27" c="18 20" t="1"/>
		<b id="28" c="23 24" t="1"/>
		<b id="29" c="23 25" t="1"/>
		<b id="30" c="23 26" t="1"/>
		<b id="31" c="27 28" t="1"/>
		<b id="32" c="27 29" t="1"/>
		<b id="33" c="27 30" t="1"/>
		<b id="34" c="32 33" t="1"/>
		<b id="35" c="32 34" t="1"/>
		<b id="36" c="32 35" t="1"/>
		<b id="37" c="36 37" t="1"/>
		<b id="38" c="36 38" t="1"/>
		<b id="39" c="36 39" t="1"/>
		<b id="40" c="40 41" t="1"/>
		<b id="41" c="40 42" t="1"/>
		<b id="42" c="40 43" t="1"/>
	</bonds>
	<geometry>
		<g u="A" t="cart/3d">#43,3:2.6490,1.9646,-0.9427;3.1162,1.4082,-0.1358;4.5931,1.3734,-0.2159;5.1987,1.8444,-1.1674;5.1392,0.7737,0.8693;6.5720,0.7078,0.8869;6.8768,0.6578,1.9367;7.0185,1.6159,0.4661;7.0485,-0.5344,0.1587;8.1372,-0.6192,0.2091;6.7480,-0.5133,-0.8934;6.6028,-1.4334,0.5987;2.3803,0.8101,0.8152;2.8635,0.2519,1.6150;0.8803,0.8681,0.8615;0.4913,1.5888,0.1319;0.5662,1.2466,1.8423;0.2438,-0.5023,0.6169;0.5662,-0.9146,-0.3488;0.5732,-1.2077,1.3890;-1.1748,-0.3957,0.7234;-2.1407,-0.5711,-0.6363;-1.7120,0.6797,-1.9684;-1.7711,1.7003,-1.5792;-2.3943,0.5951,-2.8187;-0.6938,0.5156,-2.3343;-2.0660,-2.3107,-1.3321;-2.7186,-2.4111,-2.2038;-1.0465,-2.5576,-1.6414;-2.3783,-3.0448,-0.5840;-4.1068,-0.2166,-0.0644;-4.2016,1.2090,0.5165;-3.9275,1.9664,-0.2263;-3.5399,1.3357,1.3810;-5.2239,1.4264,0.8474;-4.5005,-1.2499,1.0125;-5.5288,-1.0834,1.3545;-3.8452,-1.1874,1.8888;-4.4436,-2.2740,0.6260;-5.0301,-0.3525,-1.2905;-4.7661,0.3628,-2.0763;-6.0729,-0.1645,-1.0122;-4.9819,-1.3581,-1.7231;</g>
	</geometry>
	<conformers/>
	<properties/>
</molecule>
