<?xml version="1.0" ?>
<!--MOLLI PACKAGE EXPERIMENTAL XML FORMAT-->
<molecule name="react_41">
	<atoms>
		<a id="1" s="H" t="H" l="H"/>
		<a id="2" s="C" t="C.2" l="C"/>
		<a id="3" s="C" t="C.2" l="C"/>
		<a id="4" s="H" t="H" l="H"/>
		<a id="5" s="C" t="C.3" l="C"/>
		<a id="6" s="H" t="H" l="H"/>
		<a id="7" s="H" t="H" l="H"/>
		<a id="8" s="C" t="C.3" l="C"/>
		<a id="9" s="H" t="H" l="H"/>
		<a id="10" s="H" t="H" l="H"/>
		<a id="11" s="O" t="O.3" l="O"/>
		<a id="12" s="C" t="C.3" l="C"/>
		<a id="13" s="H" t="H" l="H"/>
		<a id="14" s="H" t="H" l="H"/>
		<a id="15" s="C" t="C.ar" l="C"/>
		<a id="16" s="C" t="C.ar" l="C"/>
		<a id="17" s="H" t="H" l="H"/>
		<a id="18" s="C" t="C.ar" l="C"/>
		<a id="19" s="H" t="H" l="H"/>
		<a id="20" s="C" t="C.ar" l="C"/>
		<a id="21" s="O" t="O.3" l="O"/>
		<a id="22" s="C" t="C.3" l="C"/>
		<a id="23" s="H" t="H" l="H"/>
		<a id="24" s="H" t="H" l="H"/>
		<a id="25" s="H" t="H" l="H"/>
		<a id="26" s="C" t="C.ar" l="C"/>
		<a id="27" s="H" t="H" l="H"/>
		<a id="28" s="C" t="C.ar" l="C"/>
		<a id="29" s="H" t="H" l="H"/>
		<a id="30" s="C" t="C.3" l="C"/>
		<a id="31" s="H" t="H" l="H"/>
		<a id="32" s="H" t="H" l="H"/>
		<a id="33" s="Cl" t="Cl" l="CL"/>
	</atoms>
	<bonds>
		<b id="1" c="22 21" t="1"/>
		<b id="2" c="21 20" t="1"/>
		<b id="3" c="20 18" t="ar"/>
		<b id="4" c="18 16" t="ar"/>
		<b id="5" c="16 15" t="ar"/>
		<b id="6" c="15 12" t="1"/>
		<b id="7" c="12 11" t="1"/>
		<b id="8" c="11 8" t="1"/>
		<b id="9" c="8 5" t="1"/>
		<b id="10" c="5 3" t="1"/>
		<b id="11" c="3 2" t="2"/>
		<b id="12" c="2 30" t="1"/>
		<b id="13" c="30 33" t="1"/>
		<b id="14" c="15 28" t="ar"/>
		<b id="15" c="28 26" t="ar"/>
		<b id="16" c="26 20" t="ar"/>
		<b id="17" c="22 23" t="1"/>
		<b id="18" c="22 24" t="1"/>
		<b id="19" c="22 25" t="1"/>
		<b id="20" c="18 19" t="1"/>
		<b id="21" c="16 17" t="1"/>
		<b id="22" c="12 13" t="1"/>
		<b id="23" c="12 14" t="1"/>
		<b id="24" c="8 9" t="1"/>
		<b id="25" c="8 10" t="1"/>
		<b id="26" c="5 6" t="1"/>
		<b id="27" c="5 7" t="1"/>
		<b id="28" c="3 4" t="1"/>
		<b id="29" c="2 1" t="1"/>
		<b id="30" c="30 31" t="1"/>
		<b id="31" c="30 32" t="1"/>
		<b id="32" c="28 29" t="1"/>
		<b id="33" c="26 27" t="1"/>
	</bonds>
	<geometry>
		<g u="A" t="cart/3d">#33,3:4.9528,1.0776,-1.6972;4.9670,0.4618,-0.7990;3.8068,-0.0762,-0.3848;3.7692,-0.6952,0.5102;2.4888,0.1143,-1.0903;2.1493,-0.8681,-1.4348;2.6202,0.7413,-1.9801;1.4330,0.7614,-0.1861;0.5444,1.0277,-0.7697;1.8296,1.6930,0.2338;1.0771,-0.0757,0.9174;0.0960,-1.0662,0.6087;0.3363,-1.5641,-0.3367;0.1424,-1.8282,1.3948;-1.3015,-0.4942,0.5952;-1.7235,0.3886,1.5966;-1.0355,0.6883,2.3851;-3.0244,0.8969,1.5905;-3.3351,1.5859,2.3720;-3.9291,0.5275,0.5934;-5.1676,1.0968,0.7050;-6.1281,0.7449,-0.2822;-5.8033,1.0600,-1.2793;-6.3454,-0.3281,-0.2572;-7.0557,1.2774,-0.0510;-3.5196,-0.3608,-0.4008;-4.1890,-0.6800,-1.1924;-2.2155,-0.8711,-0.3974;-1.9210,-1.5673,-1.1797;6.3320,0.3383,-0.1850;6.6681,1.3209,0.1596;7.0377,-0.0131,-0.9439;6.4435,-0.7790,1.1852;</g>
	</geometry>
	<conformers/>
	<properties/>
</molecule>
