<?xml version="1.0" ?>
<!--MOLLI PACKAGE EXPERIMENTAL XML FORMAT-->
<molecule name="react_42">
	<atoms>
		<a id="1" s="H" t="H" l="H"/>
		<a id="2" s="C" t="C.2" l="C"/>
		<a id="3" s="C" t="C.2" l="C"/>
		<a id="4" s="O" t="O.2" l="O"/>
		<a id="5" s="O" t="O.3" l="O"/>
		<a id="6" s="C" t="C.3" l="C"/>
		<a id="7" s="H" t="H" l="H"/>
		<a id="8" s="H" t="H" l="H"/>
		<a id="9" s="C" t="C.3" l="C"/>
		<a id="10" s="H" t="H" l="H"/>
		<a id="11" s="H" t="H" l="H"/>
		<a id="12" s="H" t="H" l="H"/>
		<a id="13" s="C" t="C.2" l="C"/>
		<a id="14" s="H" t="H" l="H"/>
		<a id="15" s="C" t="C.3" l="C"/>
		<a id="16" s="H" t="H" l="H"/>
		<a id="17" s="H" t="H" l="H"/>
		<a id="18" s="C" t="C.3" l="C"/>
		<a id="19" s="H" t="H" l="H"/>
		<a id="20" s="H" t="H" l="H"/>
		<a id="21" s="O" t="O.3" l="O"/>
		<a id="22" s="C" t="C.3" l="C"/>
		<a id="23" s="H" t="H" l="H"/>
		<a id="24" s="H" t="H" l="H"/>
		<a id="25" s="C" t="C.ar" l="C"/>
		<a id="26" s="C" t="C.ar" l="C"/>
		<a id="27" s="H" t="H" l="H"/>
		<a id="28" s="C" t="C.ar" l="C"/>
		<a id="29" s="H" t="H" l="H"/>
		<a id="30" s="C" t="C.ar" l="C"/>
		<a id="31" s="H" t="H" l="H"/>
		<a id="32" s="C" t="C.ar" l="C"/>
		<a id="33" s="H" t="H" l="H"/>
		<a id="34" s="C" t="C.ar" l="C"/>
		<a id="35" s="H" t="H" l="H"/>
	</atoms>
	<bonds>
		<b id="1" c="9 6" t="1"/>
		<b id="2" c="6 5" t="1"/>
		<b id="3" c="5 3" t="1"/>
		<b id="4" c="3 4" t="2"/>
		<b id="5" c="3 2" t="1"/>
		<b id="6" c="2 13" t="2"/>
		<b id="7" c="13 15" t="1"/>
		<b id="8" c="15 18" t="1"/>
		<b id="9" c="18 21" t="1"/>
		<b id="10" c="21 22" t="1"/>
		<b id="11" c="22 25" t="1"/>
		<b id="12" c="25 26" t="ar"/>
		<b id="13" c="26 28" t="ar"/>
		<b id="14" c="28 30" t="ar"/>
		<b id="15" c="30 32" t="ar"/>
		<b id="16" c="32 34" t="ar"/>
		<b id="17" c="34 25" t="ar"/>
		<b id="18" c="9 10" t="1"/>
		<b id="19" c="9 11" t="1"/>
		<b id="20" c="9 12" t="1"/>
		<b id="21" c="6 7" t="1"/>
		<b id="22" c="6 8" t="1"/>
		<b id="23" c="2 1" t="1"/>
		<b id="24" c="13 14" t="1"/>
		<b id="25" c="15 16" t="1"/>
		<b id="26" c="15 17" t="1"/>
		<b id="27" c="18 19" t="1"/>
		<b id="28" c="18 20" t="1"/>
		<b id="29" c="22 23" t="1"/>
		<b id="30" c="22 24" t="1"/>
		<b id="31" c="26 27" t="1"/>
		<b id="32" c="28 29" t="1"/>
		<b id="33" c="30 31" t="1"/>
		<b id="34" c="32 33" t="1"/>
		<b id="35" c="34 35" t="1"/>
	</bonds>
	<geometry>
		<g u="A" t="cart/3d">#35,3:2.4935,-0.1739,0.6976;2.6459,0.7823,0.2134;4.0516,1.1862,-0.0202;4.4073,2.2207,-0.5583;4.8502,0.2026,0.4636;6.2605,0.4297,0.3275;6.5118,1.4851,0.4838;6.7543,-0.1393,1.1221;6.7415,-0.0609,-1.0252;7.8253,0.0537,-1.1164;6.4845,-1.1160,-1.1651;6.2618,0.4941,-1.8376;1.6355,1.5820,-0.1646;1.8762,2.5326,-0.6440;0.1605,1.3264,-0.0047;-0.2737,2.1581,0.5648;-0.2962,1.3857,-0.9994;-0.2520,0.0108,0.6647;0.1939,-0.0440,1.6641;0.1010,-0.8611,0.1010;-1.6656,-0.0573,0.8538;-2.3707,-0.4831,-0.3126;-2.2065,0.2177,-1.1376;-2.0022,-1.4736,-0.6041;-3.8518,-0.5504,-0.0298;-4.4827,0.4167,0.7663;-3.8964,1.2106,1.2249;-5.8602,0.3688,0.9881;-6.3341,1.1198,1.6145;-6.6254,-0.6405,0.4077;-7.6974,-0.6778,0.5813;-6.0143,-1.6005,-0.3963;-6.6113,-2.3861,-0.8519;-4.6363,-1.5535,-0.6183;-4.1786,-2.3086,-1.2532;</g>
	</geometry>
	<conformers/>
	<properties/>
</molecule>
