<?xml version="1.0" ?>
<!--MOLLI PACKAGE EXPERIMENTAL XML FORMAT-->
<molecule name="react_45">
	<atoms>
		<a id="1" s="H" t="H" l="H"/>
		<a id="2" s="C" t="C.2" l="C"/>
		<a id="3" s="C" t="C.2" l="C"/>
		<a id="4" s="H" t="H" l="H"/>
		<a id="5" s="C" t="C.3" l="C"/>
		<a id="6" s="H" t="H" l="H"/>
		<a id="7" s="H" t="H" l="H"/>
		<a id="8" s="H" t="H" l="H"/>
		<a id="9" s="C" t="C.ar" l="C"/>
		<a id="10" s="C" t="C.ar" l="C"/>
		<a id="11" s="H" t="H" l="H"/>
		<a id="12" s="C" t="C.ar" l="C"/>
		<a id="13" s="H" t="H" l="H"/>
		<a id="14" s="C" t="C.ar" l="C"/>
		<a id="15" s="C" t="C.ar" l="C"/>
		<a id="16" s="C" t="C.ar" l="C"/>
		<a id="17" s="H" t="H" l="H"/>
		<a id="18" s="C" t="C.ar" l="C"/>
		<a id="19" s="H" t="H" l="H"/>
		<a id="20" s="C" t="C.ar" l="C"/>
		<a id="21" s="H" t="H" l="H"/>
		<a id="22" s="C" t="C.ar" l="C"/>
		<a id="23" s="H" t="H" l="H"/>
		<a id="24" s="C" t="C.ar" l="C"/>
		<a id="25" s="H" t="H" l="H"/>
		<a id="26" s="C" t="C.ar" l="C"/>
		<a id="27" s="F" t="F" l="F"/>
		<a id="28" s="C" t="C.ar" l="C"/>
		<a id="29" s="H" t="H" l="H"/>
	</atoms>
	<bonds>
		<b id="1" c="5 3" t="1"/>
		<b id="2" c="3 2" t="2"/>
		<b id="3" c="2 9" t="1"/>
		<b id="4" c="9 10" t="ar"/>
		<b id="5" c="10 12" t="ar"/>
		<b id="6" c="12 14" t="ar"/>
		<b id="7" c="14 15" t="1"/>
		<b id="8" c="15 16" t="ar"/>
		<b id="9" c="16 18" t="ar"/>
		<b id="10" c="18 20" t="ar"/>
		<b id="11" c="20 22" t="ar"/>
		<b id="12" c="22 24" t="ar"/>
		<b id="13" c="14 26" t="ar"/>
		<b id="14" c="26 27" t="1"/>
		<b id="15" c="26 28" t="ar"/>
		<b id="16" c="28 9" t="ar"/>
		<b id="17" c="24 15" t="ar"/>
		<b id="18" c="5 6" t="1"/>
		<b id="19" c="5 7" t="1"/>
		<b id="20" c="5 8" t="1"/>
		<b id="21" c="3 4" t="1"/>
		<b id="22" c="2 1" t="1"/>
		<b id="23" c="10 11" t="1"/>
		<b id="24" c="12 13" t="1"/>
		<b id="25" c="16 17" t="1"/>
		<b id="26" c="18 19" t="1"/>
		<b id="27" c="20 21" t="1"/>
		<b id="28" c="22 23" t="1"/>
		<b id="29" c="24 25" t="1"/>
		<b id="30" c="28 29" t="1"/>
	</bonds>
	<geometry>
		<g u="A" t="cart/3d">#29,3:3.6561,-0.2106,-1.7080;3.3504,-0.0972,-0.6699;4.2791,-0.0247,0.2968;3.9882,0.0605,1.3412;5.7501,-0.0730,0.0363;6.1927,-0.9269,0.5582;5.9798,-0.1677,-1.0296;6.2238,0.8408,0.4076;1.9014,-0.0598,-0.4304;1.0572,-0.8052,-1.2611;1.4718,-1.4243,-2.0544;-0.3326,-0.7763,-1.0841;-0.9566,-1.3658,-1.7536;-0.9219,0.0078,-0.0784;-2.3848,0.0325,0.1005;-3.0894,1.2459,0.1755;-2.5564,2.1926,0.1072;-4.4779,1.2680,0.3352;-5.0008,2.2192,0.3921;-5.1889,0.0745,0.4233;-6.2681,0.0914,0.5499;-4.5126,-1.1402,0.3536;-5.0632,-2.0743,0.4283;-3.1240,-1.1601,0.1936;-2.6177,-2.1225,0.1557;-0.0601,0.7625,0.7311;-0.5559,1.5378,1.7089;1.3257,0.7375,0.5619;1.9346,1.3574,1.2126;</g>
	</geometry>
	<conformers/>
	<properties/>
</molecule>
