<?xml version="1.0" ?>
<!--MOLLI PACKAGE EXPERIMENTAL XML FORMAT-->
<molecule name="react_47">
	<atoms>
		<a id="1" s="H" t="H" l="H"/>
		<a id="2" s="C" t="C.2" l="C"/>
		<a id="3" s="C" t="C.2" l="C"/>
		<a id="4" s="O" t="O.2" l="O"/>
		<a id="5" s="O" t="O.3" l="O"/>
		<a id="6" s="C" t="C.3" l="C"/>
		<a id="7" s="C" t="C.3" l="C"/>
		<a id="8" s="H" t="H" l="H"/>
		<a id="9" s="H" t="H" l="H"/>
		<a id="10" s="H" t="H" l="H"/>
		<a id="11" s="C" t="C.3" l="C"/>
		<a id="12" s="H" t="H" l="H"/>
		<a id="13" s="H" t="H" l="H"/>
		<a id="14" s="H" t="H" l="H"/>
		<a id="15" s="C" t="C.3" l="C"/>
		<a id="16" s="H" t="H" l="H"/>
		<a id="17" s="H" t="H" l="H"/>
		<a id="18" s="H" t="H" l="H"/>
		<a id="19" s="C" t="C.2" l="C"/>
		<a id="20" s="H" t="H" l="H"/>
		<a id="21" s="C" t="C.3" l="C"/>
		<a id="22" s="H" t="H" l="H"/>
		<a id="23" s="H" t="H" l="H"/>
		<a id="24" s="C" t="C.3" l="C"/>
		<a id="25" s="H" t="H" l="H"/>
		<a id="26" s="H" t="H" l="H"/>
		<a id="27" s="O" t="O.3" l="O"/>
		<a id="28" s="C" t="C.3" l="C"/>
		<a id="29" s="H" t="H" l="H"/>
		<a id="30" s="H" t="H" l="H"/>
		<a id="31" s="C" t="C.ar" l="C"/>
		<a id="32" s="C" t="C.ar" l="C"/>
		<a id="33" s="H" t="H" l="H"/>
		<a id="34" s="C" t="C.ar" l="C"/>
		<a id="35" s="H" t="H" l="H"/>
		<a id="36" s="C" t="C.ar" l="C"/>
		<a id="37" s="O" t="O.3" l="O"/>
		<a id="38" s="C" t="C.3" l="C"/>
		<a id="39" s="H" t="H" l="H"/>
		<a id="40" s="H" t="H" l="H"/>
		<a id="41" s="H" t="H" l="H"/>
		<a id="42" s="C" t="C.ar" l="C"/>
		<a id="43" s="O" t="O.3" l="O"/>
		<a id="44" s="C" t="C.3" l="C"/>
		<a id="45" s="H" t="H" l="H"/>
		<a id="46" s="H" t="H" l="H"/>
		<a id="47" s="H" t="H" l="H"/>
		<a id="48" s="C" t="C.ar" l="C"/>
		<a id="49" s="H" t="H" l="H"/>
	</atoms>
	<bonds>
		<b id="1" c="38 37" t="1"/>
		<b id="2" c="37 36" t="1"/>
		<b id="3" c="36 34" t="ar"/>
		<b id="4" c="34 32" t="ar"/>
		<b id="5" c="32 31" t="ar"/>
		<b id="6" c="31 28" t="1"/>
		<b id="7" c="28 27" t="1"/>
		<b id="8" c="27 24" t="1"/>
		<b id="9" c="24 21" t="1"/>
		<b id="10" c="21 19" t="1"/>
		<b id="11" c="19 2" t="2"/>
		<b id="12" c="2 3" t="1"/>
		<b id="13" c="3 4" t="2"/>
		<b id="14" c="3 5" t="1"/>
		<b id="15" c="5 6" t="1"/>
		<b id="16" c="6 7" t="1"/>
		<b id="17" c="6 11" t="1"/>
		<b id="18" c="6 15" t="1"/>
		<b id="19" c="31 48" t="ar"/>
		<b id="20" c="48 42" t="ar"/>
		<b id="21" c="42 43" t="1"/>
		<b id="22" c="43 44" t="1"/>
		<b id="23" c="42 36" t="ar"/>
		<b id="24" c="38 39" t="1"/>
		<b id="25" c="38 40" t="1"/>
		<b id="26" c="38 41" t="1"/>
		<b id="27" c="34 35" t="1"/>
		<b id="28" c="32 33" t="1"/>
		<b id="29" c="28 29" t="1"/>
		<b id="30" c="28 30" t="1"/>
		<b id="31" c="24 25" t="1"/>
		<b id="32" c="24 26" t="1"/>
		<b id="33" c="21 22" t="1"/>
		<b id="34" c="21 23" t="1"/>
		<b id="35" c="19 20" t="1"/>
		<b id="36" c="2 1" t="1"/>
		<b id="37" c="7 8" t="1"/>
		<b id="38" c="7 9" t="1"/>
		<b id="39" c="7 10" t="1"/>
		<b id="40" c="11 12" t="1"/>
		<b id="41" c="11 13" t="1"/>
		<b id="42" c="11 14" t="1"/>
		<b id="43" c="15 16" t="1"/>
		<b id="44" c="15 17" t="1"/>
		<b id="45" c="15 18" t="1"/>
		<b id="46" c="48 49" t="1"/>
		<b id="47" c="44 45" t="1"/>
		<b id="48" c="44 46" t="1"/>
		<b id="49" c="44 47" t="1"/>
	</bonds>
	<geometry>
		<g u="A" t="cart/3d">#49,3:-2.7163,-0.2083,0.6355;-3.0802,0.2795,-0.2597;-4.5488,0.2787,-0.4605;-5.1232,0.7703,-1.4156;-5.1000,-0.3649,0.5949;-6.5380,-0.5368,0.6809;-7.0651,-1.3917,-0.4764;-6.9907,-0.8720,-1.4357;-8.1173,-1.6578,-0.3294;-6.4826,-2.3140,-0.5730;-6.7619,-1.2987,1.9958;-7.8239,-1.4933,2.1771;-6.3631,-0.7339,2.8463;-6.2305,-2.2575,1.9859;-7.2569,0.8139,0.7679;-6.8084,1.4433,1.5449;-7.1877,1.3751,-0.1690;-8.3207,0.6853,0.9947;-2.2691,0.8614,-1.1580;-2.7176,1.3361,-2.0324;-0.7664,0.9441,-1.1118;-0.3832,0.5147,-2.0443;-0.4772,2.0019,-1.1383;-0.0671,0.2763,0.0767;-0.2767,-0.7989,0.1207;-0.4346,0.7184,1.0094;1.3418,0.5057,0.0532;2.0436,-0.3771,-0.8180;1.7129,-0.2399,-1.8542;1.8533,-1.4212,-0.5364;3.5163,-0.0832,-0.6982;4.1773,0.6698,-1.6742;3.6327,1.0547,-2.5344;5.5433,0.9430,-1.5563;6.0112,1.5273,-2.3418;6.2678,0.4755,-0.4542;7.6100,0.6938,-0.2585;8.2931,1.4915,-1.2141;9.3348,1.5828,-0.8904;8.2928,1.0143,-2.1993;7.8708,2.5003,-1.2622;5.6084,-0.2695,0.5448;6.3855,-0.6906,1.5976;5.7270,-1.3105,2.6928;5.2906,-2.2694,2.3968;6.4773,-1.5127,3.4640;4.9713,-0.6482,3.1298;4.2401,-0.5410,0.4150;3.7051,-1.1071,1.1716;</g>
	</geometry>
	<conformers/>
	<properties/>
</molecule>
