<?xml version="1.0" ?>
<!--MOLLI PACKAGE EXPERIMENTAL XML FORMAT-->
<molecule name="react_48">
	<atoms>
		<a id="1" s="H" t="H" l="H"/>
		<a id="2" s="C" t="C.2" l="C"/>
		<a id="3" s="C" t="C.2" l="C"/>
		<a id="4" s="H" t="H" l="H"/>
		<a id="5" s="C" t="C.3" l="C"/>
		<a id="6" s="H" t="H" l="H"/>
		<a id="7" s="H" t="H" l="H"/>
		<a id="8" s="C" t="C.3" l="C"/>
		<a id="9" s="H" t="H" l="H"/>
		<a id="10" s="H" t="H" l="H"/>
		<a id="11" s="O" t="O.3" l="O"/>
		<a id="12" s="Si" t="Si" l="SI"/>
		<a id="13" s="C" t="C.3" l="C"/>
		<a id="14" s="H" t="H" l="H"/>
		<a id="15" s="H" t="H" l="H"/>
		<a id="16" s="H" t="H" l="H"/>
		<a id="17" s="C" t="C.3" l="C"/>
		<a id="18" s="H" t="H" l="H"/>
		<a id="19" s="H" t="H" l="H"/>
		<a id="20" s="H" t="H" l="H"/>
		<a id="21" s="C" t="C.3" l="C"/>
		<a id="22" s="C" t="C.3" l="C"/>
		<a id="23" s="H" t="H" l="H"/>
		<a id="24" s="H" t="H" l="H"/>
		<a id="25" s="H" t="H" l="H"/>
		<a id="26" s="C" t="C.3" l="C"/>
		<a id="27" s="H" t="H" l="H"/>
		<a id="28" s="H" t="H" l="H"/>
		<a id="29" s="H" t="H" l="H"/>
		<a id="30" s="C" t="C.3" l="C"/>
		<a id="31" s="H" t="H" l="H"/>
		<a id="32" s="H" t="H" l="H"/>
		<a id="33" s="H" t="H" l="H"/>
		<a id="34" s="C" t="C.ar" l="C"/>
		<a id="35" s="N" t="N.ar" l="N"/>
		<a id="36" s="C" t="C.ar" l="C"/>
		<a id="37" s="C" t="C.2" l="C"/>
		<a id="38" s="O" t="O.2" l="O"/>
		<a id="39" s="C" t="C.3" l="C"/>
		<a id="40" s="H" t="H" l="H"/>
		<a id="41" s="H" t="H" l="H"/>
		<a id="42" s="H" t="H" l="H"/>
		<a id="43" s="N" t="N.ar" l="N"/>
		<a id="44" s="C" t="C.3" l="C"/>
		<a id="45" s="H" t="H" l="H"/>
		<a id="46" s="H" t="H" l="H"/>
		<a id="47" s="C" t="C.3" l="C"/>
		<a id="48" s="H" t="H" l="H"/>
		<a id="49" s="H" t="H" l="H"/>
		<a id="50" s="H" t="H" l="H"/>
		<a id="51" s="C" t="C.ar" l="C"/>
		<a id="52" s="H" t="H" l="H"/>
	</atoms>
	<bonds>
		<b id="1" c="47 44" t="1"/>
		<b id="2" c="44 43" t="1"/>
		<b id="3" c="43 51" t="ar"/>
		<b id="4" c="51 34" t="ar"/>
		<b id="5" c="34 2" t="1"/>
		<b id="6" c="2 3" t="2"/>
		<b id="7" c="3 5" t="1"/>
		<b id="8" c="5 8" t="1"/>
		<b id="9" c="8 11" t="1"/>
		<b id="10" c="11 12" t="1"/>
		<b id="11" c="12 13" t="1"/>
		<b id="12" c="12 17" t="1"/>
		<b id="13" c="12 21" t="1"/>
		<b id="14" c="21 22" t="1"/>
		<b id="15" c="21 26" t="1"/>
		<b id="16" c="21 30" t="1"/>
		<b id="17" c="34 35" t="ar"/>
		<b id="18" c="35 36" t="ar"/>
		<b id="19" c="36 37" t="1"/>
		<b id="20" c="37 39" t="1"/>
		<b id="21" c="37 38" t="2"/>
		<b id="22" c="36 43" t="ar"/>
		<b id="23" c="47 48" t="1"/>
		<b id="24" c="47 49" t="1"/>
		<b id="25" c="47 50" t="1"/>
		<b id="26" c="44 45" t="1"/>
		<b id="27" c="44 46" t="1"/>
		<b id="28" c="51 52" t="1"/>
		<b id="29" c="2 1" t="1"/>
		<b id="30" c="3 4" t="1"/>
		<b id="31" c="5 6" t="1"/>
		<b id="32" c="5 7" t="1"/>
		<b id="33" c="8 9" t="1"/>
		<b id="34" c="8 10" t="1"/>
		<b id="35" c="13 14" t="1"/>
		<b id="36" c="13 15" t="1"/>
		<b id="37" c="13 16" t="1"/>
		<b id="38" c="17 18" t="1"/>
		<b id="39" c="17 19" t="1"/>
		<b id="40" c="17 20" t="1"/>
		<b id="41" c="22 23" t="1"/>
		<b id="42" c="22 24" t="1"/>
		<b id="43" c="22 25" t="1"/>
		<b id="44" c="26 27" t="1"/>
		<b id="45" c="26 28" t="1"/>
		<b id="46" c="26 29" t="1"/>
		<b id="47" c="30 31" t="1"/>
		<b id="48" c="30 32" t="1"/>
		<b id="49" c="30 33" t="1"/>
		<b id="50" c="39 40" t="1"/>
		<b id="51" c="39 41" t="1"/>
		<b id="52" c="39 42" t="1"/>
	</bonds>
	<geometry>
		<g u="A" t="cart/3d">#52,3:0.8031,0.1400,-0.1276;1.4709,-0.2395,0.6423;0.9569,-0.6709,1.8025;1.6281,-1.0373,2.5782;-0.5065,-0.7286,2.1672;-0.7236,-1.7307,2.5482;-0.6841,-0.0525,3.0074;-1.5024,-0.4128,1.0479;-1.3573,0.6227,0.7267;-1.3216,-1.0822,0.1995;-2.8344,-0.5761,1.5327;-4.1271,-0.5012,0.4644;-5.7491,-0.7869,1.3879;-5.9254,0.0140,2.1129;-5.7250,-1.7386,1.9290;-6.5869,-0.8148,0.6869;-3.9925,-1.7404,-0.9436;-3.0383,-1.6310,-1.4729;-4.8053,-1.6010,-1.6710;-4.0603,-2.7661,-0.5553;-4.2476,1.3971,-0.3892;-5.6695,1.6056,-0.9546;-5.9211,0.8453,-1.7053;-5.7507,2.5869,-1.4384;-6.4283,1.5638,-0.1640;-3.9634,2.4466,0.7080;-2.9338,2.3760,1.0761;-4.6328,2.3187,1.5671;-4.1004,3.4632,0.3216;-3.2185,1.5228,-1.5376;-3.2280,2.5356,-1.9508;-2.1999,1.3182,-1.2052;-3.4446,0.8341,-2.3570;2.8412,-0.2452,0.2654;3.1991,0.2992,-0.9411;4.4945,0.0514,-1.0635;5.2616,0.4197,-2.2326;5.6376,-0.4091,-3.0772;5.6953,1.8789,-2.3059;5.1647,2.5047,-1.5750;5.4975,2.2713,-3.3095;6.7760,1.9112,-2.0903;4.9753,-0.6111,0.0487;6.3440,-1.0482,0.2744;7.0156,-0.4122,-0.3156;6.5724,-0.8660,1.3322;6.5500,-2.5141,-0.0808;7.5901,-2.8095,0.1066;6.3279,-2.7014,-1.1366;5.8958,-3.1592,0.5134;3.9329,-0.7715,0.9248;4.0476,-1.2689,1.8796;</g>
	</geometry>
	<conformers/>
	<properties/>
</molecule>
