<?xml version="1.0" ?>
<!--MOLLI PACKAGE EXPERIMENTAL XML FORMAT-->
<molecule name="react_49">
	<atoms>
		<a id="1" s="H" t="H" l="H"/>
		<a id="2" s="C" t="C.2" l="C"/>
		<a id="3" s="C" t="C.2" l="C"/>
		<a id="4" s="O" t="O.2" l="O"/>
		<a id="5" s="O" t="O.3" l="O"/>
		<a id="6" s="C" t="C.3" l="C"/>
		<a id="7" s="H" t="H" l="H"/>
		<a id="8" s="H" t="H" l="H"/>
		<a id="9" s="H" t="H" l="H"/>
		<a id="10" s="C" t="C.2" l="C"/>
		<a id="11" s="H" t="H" l="H"/>
		<a id="12" s="C" t="C.ar" l="C"/>
		<a id="13" s="C" t="C.ar" l="C"/>
		<a id="14" s="H" t="H" l="H"/>
		<a id="15" s="C" t="C.ar" l="C"/>
		<a id="16" s="H" t="H" l="H"/>
		<a id="17" s="C" t="C.ar" l="C"/>
		<a id="18" s="O" t="O.3" l="O"/>
		<a id="19" s="C" t="C.3" l="C"/>
		<a id="20" s="H" t="H" l="H"/>
		<a id="21" s="H" t="H" l="H"/>
		<a id="22" s="C" t="C.ar" l="C"/>
		<a id="23" s="C" t="C.ar" l="C"/>
		<a id="24" s="H" t="H" l="H"/>
		<a id="25" s="C" t="C.ar" l="C"/>
		<a id="26" s="H" t="H" l="H"/>
		<a id="27" s="C" t="C.ar" l="C"/>
		<a id="28" s="H" t="H" l="H"/>
		<a id="29" s="C" t="C.ar" l="C"/>
		<a id="30" s="H" t="H" l="H"/>
		<a id="31" s="C" t="C.ar" l="C"/>
		<a id="32" s="H" t="H" l="H"/>
		<a id="33" s="C" t="C.ar" l="C"/>
		<a id="34" s="O" t="O.3" l="O"/>
		<a id="35" s="C" t="C.3" l="C"/>
		<a id="36" s="H" t="H" l="H"/>
		<a id="37" s="H" t="H" l="H"/>
		<a id="38" s="H" t="H" l="H"/>
		<a id="39" s="C" t="C.ar" l="C"/>
		<a id="40" s="H" t="H" l="H"/>
	</atoms>
	<bonds>
		<b id="1" c="6 5" t="1"/>
		<b id="2" c="5 3" t="1"/>
		<b id="3" c="3 4" t="2"/>
		<b id="4" c="3 2" t="1"/>
		<b id="5" c="2 10" t="2"/>
		<b id="6" c="10 12" t="1"/>
		<b id="7" c="12 13" t="ar"/>
		<b id="8" c="13 15" t="ar"/>
		<b id="9" c="15 17" t="ar"/>
		<b id="10" c="17 18" t="1"/>
		<b id="11" c="18 19" t="1"/>
		<b id="12" c="19 22" t="1"/>
		<b id="13" c="22 23" t="ar"/>
		<b id="14" c="23 25" t="ar"/>
		<b id="15" c="25 27" t="ar"/>
		<b id="16" c="27 29" t="ar"/>
		<b id="17" c="29 31" t="ar"/>
		<b id="18" c="17 33" t="ar"/>
		<b id="19" c="33 34" t="1"/>
		<b id="20" c="34 35" t="1"/>
		<b id="21" c="33 39" t="ar"/>
		<b id="22" c="39 12" t="ar"/>
		<b id="23" c="31 22" t="ar"/>
		<b id="24" c="6 7" t="1"/>
		<b id="25" c="6 8" t="1"/>
		<b id="26" c="6 9" t="1"/>
		<b id="27" c="2 1" t="1"/>
		<b id="28" c="10 11" t="1"/>
		<b id="29" c="13 14" t="1"/>
		<b id="30" c="15 16" t="1"/>
		<b id="31" c="19 20" t="1"/>
		<b id="32" c="19 21" t="1"/>
		<b id="33" c="23 24" t="1"/>
		<b id="34" c="25 26" t="1"/>
		<b id="35" c="27 28" t="1"/>
		<b id="36" c="29 30" t="1"/>
		<b id="37" c="31 32" t="1"/>
		<b id="38" c="35 36" t="1"/>
		<b id="39" c="35 37" t="1"/>
		<b id="40" c="35 38" t="1"/>
		<b id="41" c="39 40" t="1"/>
	</bonds>
	<geometry>
		<g u="A" t="cart/3d">#40,3:3.7314,1.6292,0.7981;3.9846,1.0004,-0.0495;5.3524,1.2342,-0.5597;6.0677,2.1165,-0.1080;5.6832,0.3653,-1.5472;7.0010,0.5534,-2.0642;7.7475,0.3892,-1.2809;7.1619,-0.1827,-2.8562;7.1055,1.5534,-2.4964;3.1258,0.1051,-0.5640;3.4275,-0.5144,-1.4076;1.7630,-0.1399,-0.0588;1.0212,0.8340,0.6219;1.4304,1.8208,0.8188;-0.2758,0.5603,1.0557;-0.8443,1.3153,1.5915;-0.8509,-0.6802,0.7894;-2.1153,-0.8908,1.2757;-3.0871,-0.9623,0.2257;-3.7122,-1.8435,0.4081;-2.6460,-1.0897,-0.7715;-3.9559,0.2726,0.2675;-3.9666,1.1768,-0.8033;-3.3502,0.9986,-1.6817;-4.7655,2.3206,-0.7529;-4.7671,3.0169,-1.5871;-5.5585,2.5726,0.3665;-6.1783,3.4645,0.4054;-5.5525,1.6826,1.4380;-6.1643,1.8803,2.3136;-4.7550,0.5384,1.3896;-4.7486,-0.1451,2.2358;-0.1284,-1.6790,0.1252;-0.7722,-2.8740,-0.0642;0.0286,-3.9847,-0.4479;0.3850,-3.8724,-1.4767;-0.6012,-4.8791,-0.4115;0.8628,-4.1358,0.2465;1.1708,-1.3914,-0.3104;1.7455,-2.1359,-0.8511;</g>
	</geometry>
	<conformers/>
	<properties/>
</molecule>
