<?xml version="1.0" ?>
<!--MOLLI PACKAGE EXPERIMENTAL XML FORMAT-->
<molecule name="react_2">
	<atoms>
		<a id="1" s="H" t="H" l="H"/>
		<a id="2" s="C" t="C.2" l="C"/>
		<a id="3" s="H" t="H" l="H"/>
		<a id="4" s="C" t="C.2" l="C"/>
		<a id="5" s="H" t="H" l="H"/>
		<a id="6" s="C" t="C.3" l="C"/>
		<a id="7" s="H" t="H" l="H"/>
		<a id="8" s="H" t="H" l="H"/>
		<a id="9" s="C" t="C.3" l="C"/>
		<a id="10" s="H" t="H" l="H"/>
		<a id="11" s="H" t="H" l="H"/>
		<a id="12" s="C" t="C.3" l="C"/>
		<a id="13" s="H" t="H" l="H"/>
		<a id="14" s="H" t="H" l="H"/>
		<a id="15" s="Br" t="Br" l="BR"/>
	</atoms>
	<bonds>
		<b id="1" c="2 4" t="2"/>
		<b id="2" c="4 6" t="1"/>
		<b id="3" c="6 9" t="1"/>
		<b id="4" c="9 12" t="1"/>
		<b id="5" c="12 15" t="1"/>
		<b id="6" c="2 1" t="1"/>
		<b id="7" c="2 3" t="1"/>
		<b id="8" c="4 5" t="1"/>
		<b id="9" c="6 7" t="1"/>
		<b id="10" c="6 8" t="1"/>
		<b id="11" c="9 10" t="1"/>
		<b id="12" c="9 11" t="1"/>
		<b id="13" c="12 13" t="1"/>
		<b id="14" c="12 14" t="1"/>
	</bonds>
	<geometry>
		<g u="A" t="cart/3d">#15,3:3.4050,0.1441,0.9470;2.3327,-0.0059,0.8579;1.8590,-0.6179,1.6175;1.6520,0.5548,-0.1501;2.2123,1.1585,-0.8639;0.1744,0.4597,-0.4283;0.0550,0.0669,-1.4459;-0.2212,1.4818,-0.4378;-0.6465,-0.4058,0.5371;-0.2269,-1.4198,0.5445;-0.5625,-0.0160,1.5592;-2.1092,-0.5149,0.1337;-2.2351,-0.7332,-0.9302;-2.6156,-1.2874,0.7194;-3.0732,1.1351,0.5029;</g>
	</geometry>
	<conformers/>
	<properties/>
</molecule>
