<?xml version="1.0" ?>
<!--MOLLI PACKAGE EXPERIMENTAL XML FORMAT-->
<molecule name="react_71">
	<atoms>
		<a id="1" s="H" t="H" l="H"/>
		<a id="2" s="C" t="C.2" l="C"/>
		<a id="3" s="C" t="C.2" l="C"/>
		<a id="4" s="H" t="H" l="H"/>
		<a id="5" s="C" t="C.3" l="C"/>
		<a id="6" s="H" t="H" l="H"/>
		<a id="7" s="H" t="H" l="H"/>
		<a id="8" s="Si" t="Si" l="SI"/>
		<a id="9" s="C" t="C.3" l="C"/>
		<a id="10" s="H" t="H" l="H"/>
		<a id="11" s="H" t="H" l="H"/>
		<a id="12" s="H" t="H" l="H"/>
		<a id="13" s="C" t="C.3" l="C"/>
		<a id="14" s="H" t="H" l="H"/>
		<a id="15" s="H" t="H" l="H"/>
		<a id="16" s="H" t="H" l="H"/>
		<a id="17" s="C" t="C.3" l="C"/>
		<a id="18" s="H" t="H" l="H"/>
		<a id="19" s="H" t="H" l="H"/>
		<a id="20" s="H" t="H" l="H"/>
		<a id="21" s="C" t="C.3" l="C"/>
		<a id="22" s="H" t="H" l="H"/>
		<a id="23" s="H" t="H" l="H"/>
		<a id="24" s="C" t="C.3" l="C"/>
		<a id="25" s="H" t="H" l="H"/>
		<a id="26" s="H" t="H" l="H"/>
		<a id="27" s="C" t="C.3" l="C"/>
		<a id="28" s="H" t="H" l="H"/>
		<a id="29" s="H" t="H" l="H"/>
		<a id="30" s="C" t="C.3" l="C"/>
		<a id="31" s="H" t="H" l="H"/>
		<a id="32" s="H" t="H" l="H"/>
		<a id="33" s="C" t="C.3" l="C"/>
		<a id="34" s="H" t="H" l="H"/>
		<a id="35" s="H" t="H" l="H"/>
		<a id="36" s="H" t="H" l="H"/>
	</atoms>
	<bonds>
		<b id="1" c="33 30" t="1"/>
		<b id="2" c="30 27" t="1"/>
		<b id="3" c="27 24" t="1"/>
		<b id="4" c="24 21" t="1"/>
		<b id="5" c="21 2" t="1"/>
		<b id="6" c="2 3" t="2"/>
		<b id="7" c="3 5" t="1"/>
		<b id="8" c="5 8" t="1"/>
		<b id="9" c="8 9" t="1"/>
		<b id="10" c="8 13" t="1"/>
		<b id="11" c="8 17" t="1"/>
		<b id="12" c="33 34" t="1"/>
		<b id="13" c="33 35" t="1"/>
		<b id="14" c="33 36" t="1"/>
		<b id="15" c="30 31" t="1"/>
		<b id="16" c="30 32" t="1"/>
		<b id="17" c="27 28" t="1"/>
		<b id="18" c="27 29" t="1"/>
		<b id="19" c="24 25" t="1"/>
		<b id="20" c="24 26" t="1"/>
		<b id="21" c="21 22" t="1"/>
		<b id="22" c="21 23" t="1"/>
		<b id="23" c="2 1" t="1"/>
		<b id="24" c="3 4" t="1"/>
		<b id="25" c="5 6" t="1"/>
		<b id="26" c="5 7" t="1"/>
		<b id="27" c="9 10" t="1"/>
		<b id="28" c="9 11" t="1"/>
		<b id="29" c="9 12" t="1"/>
		<b id="30" c="13 14" t="1"/>
		<b id="31" c="13 15" t="1"/>
		<b id="32" c="13 16" t="1"/>
		<b id="33" c="17 18" t="1"/>
		<b id="34" c="17 19" t="1"/>
		<b id="35" c="17 20" t="1"/>
	</bonds>
	<geometry>
		<g u="A" t="cart/3d">#36,3:0.5092,0.4954,-2.8338;0.2203,0.3596,-1.7917;-0.6726,-0.6052,-1.5152;-1.0406,-1.2010,-2.3516;-1.1919,-1.0019,-0.1607;-1.1540,-2.0952,-0.0857;-0.5546,-0.6226,0.6440;-2.9838,-0.4484,0.1860;-3.4863,-1.0698,1.8860;-3.4311,-2.1615,1.9289;-4.5118,-0.7682,2.1190;-2.8249,-0.6619,2.6560;-3.0834,1.4243,0.1530;-2.8150,1.8109,-0.8346;-2.4004,1.8600,0.8882;-4.0979,1.7606,0.3868;-4.1335,-1.1717,-1.1071;-5.1709,-0.8928,-0.8995;-3.8757,-0.8062,-2.1054;-4.0679,-2.2637,-1.1145;0.8622,1.3156,-0.8254;0.3870,1.2854,0.1602;0.6934,2.3307,-1.2065;2.3717,1.0964,-0.6780;2.8517,1.1288,-1.6641;2.7759,1.9358,-0.1008;2.7178,-0.2217,0.0228;2.2579,-0.2429,1.0184;2.2917,-1.0603,-0.5402;4.2243,-0.4622,0.1490;4.3814,-1.4724,0.5458;4.6912,-0.4355,-0.8424;4.9246,0.5285,1.0661;5.9737,0.2432,1.1951;4.4554,0.5489,2.0547;4.9068,1.5410,0.6526;</g>
	</geometry>
	<conformers/>
	<properties/>
</molecule>
