<?xml version="1.0" ?>
<!--MOLLI PACKAGE EXPERIMENTAL XML FORMAT-->
<molecule name="react_50">
	<atoms>
		<a id="1" s="H" t="H" l="H"/>
		<a id="2" s="C" t="C.2" l="C"/>
		<a id="3" s="C" t="C.2" l="C"/>
		<a id="4" s="H" t="H" l="H"/>
		<a id="5" s="C" t="C.3" l="C"/>
		<a id="6" s="H" t="H" l="H"/>
		<a id="7" s="H" t="H" l="H"/>
		<a id="8" s="C" t="C.3" l="C"/>
		<a id="9" s="H" t="H" l="H"/>
		<a id="10" s="H" t="H" l="H"/>
		<a id="11" s="C" t="C.3" l="C"/>
		<a id="12" s="H" t="H" l="H"/>
		<a id="13" s="H" t="H" l="H"/>
		<a id="14" s="C" t="C.3" l="C"/>
		<a id="15" s="H" t="H" l="H"/>
		<a id="16" s="H" t="H" l="H"/>
		<a id="17" s="C" t="C.3" l="C"/>
		<a id="18" s="H" t="H" l="H"/>
		<a id="19" s="H" t="H" l="H"/>
		<a id="20" s="C" t="C.3" l="C"/>
		<a id="21" s="H" t="H" l="H"/>
		<a id="22" s="H" t="H" l="H"/>
		<a id="23" s="C" t="C.3" l="C"/>
		<a id="24" s="H" t="H" l="H"/>
		<a id="25" s="H" t="H" l="H"/>
		<a id="26" s="C" t="C.3" l="C"/>
		<a id="27" s="H" t="H" l="H"/>
		<a id="28" s="H" t="H" l="H"/>
		<a id="29" s="H" t="H" l="H"/>
		<a id="30" s="C" t="C.3" l="C"/>
		<a id="31" s="H" t="H" l="H"/>
		<a id="32" s="H" t="H" l="H"/>
		<a id="33" s="C" t="C.3" l="C"/>
		<a id="34" s="H" t="H" l="H"/>
		<a id="35" s="H" t="H" l="H"/>
		<a id="36" s="C" t="C.3" l="C"/>
		<a id="37" s="H" t="H" l="H"/>
		<a id="38" s="H" t="H" l="H"/>
		<a id="39" s="C" t="C.3" l="C"/>
		<a id="40" s="H" t="H" l="H"/>
		<a id="41" s="H" t="H" l="H"/>
		<a id="42" s="C" t="C.3" l="C"/>
		<a id="43" s="H" t="H" l="H"/>
		<a id="44" s="H" t="H" l="H"/>
		<a id="45" s="C" t="C.3" l="C"/>
		<a id="46" s="H" t="H" l="H"/>
		<a id="47" s="H" t="H" l="H"/>
		<a id="48" s="C" t="C.3" l="C"/>
		<a id="49" s="H" t="H" l="H"/>
		<a id="50" s="H" t="H" l="H"/>
		<a id="51" s="C" t="C.2" l="C"/>
		<a id="52" s="O" t="O.2" l="O"/>
		<a id="53" s="O" t="O.3" l="O"/>
		<a id="54" s="C" t="C.3" l="C"/>
		<a id="55" s="H" t="H" l="H"/>
		<a id="56" s="H" t="H" l="H"/>
		<a id="57" s="H" t="H" l="H"/>
	</atoms>
	<bonds>
		<b id="1" c="26 23" t="1"/>
		<b id="2" c="23 20" t="1"/>
		<b id="3" c="20 17" t="1"/>
		<b id="4" c="17 14" t="1"/>
		<b id="5" c="14 11" t="1"/>
		<b id="6" c="11 8" t="1"/>
		<b id="7" c="8 5" t="1"/>
		<b id="8" c="5 3" t="1"/>
		<b id="9" c="3 2" t="2"/>
		<b id="10" c="2 30" t="1"/>
		<b id="11" c="30 33" t="1"/>
		<b id="12" c="33 36" t="1"/>
		<b id="13" c="36 39" t="1"/>
		<b id="14" c="39 42" t="1"/>
		<b id="15" c="42 45" t="1"/>
		<b id="16" c="45 48" t="1"/>
		<b id="17" c="48 51" t="1"/>
		<b id="18" c="51 52" t="2"/>
		<b id="19" c="51 53" t="1"/>
		<b id="20" c="53 54" t="1"/>
		<b id="21" c="26 27" t="1"/>
		<b id="22" c="26 28" t="1"/>
		<b id="23" c="26 29" t="1"/>
		<b id="24" c="23 24" t="1"/>
		<b id="25" c="23 25" t="1"/>
		<b id="26" c="20 21" t="1"/>
		<b id="27" c="20 22" t="1"/>
		<b id="28" c="17 18" t="1"/>
		<b id="29" c="17 19" t="1"/>
		<b id="30" c="14 15" t="1"/>
		<b id="31" c="14 16" t="1"/>
		<b id="32" c="11 12" t="1"/>
		<b id="33" c="11 13" t="1"/>
		<b id="34" c="8 9" t="1"/>
		<b id="35" c="8 10" t="1"/>
		<b id="36" c="5 6" t="1"/>
		<b id="37" c="5 7" t="1"/>
		<b id="38" c="3 4" t="1"/>
		<b id="39" c="2 1" t="1"/>
		<b id="40" c="30 31" t="1"/>
		<b id="41" c="30 32" t="1"/>
		<b id="42" c="33 34" t="1"/>
		<b id="43" c="33 35" t="1"/>
		<b id="44" c="36 37" t="1"/>
		<b id="45" c="36 38" t="1"/>
		<b id="46" c="39 40" t="1"/>
		<b id="47" c="39 41" t="1"/>
		<b id="48" c="42 43" t="1"/>
		<b id="49" c="42 44" t="1"/>
		<b id="50" c="45 46" t="1"/>
		<b id="51" c="45 47" t="1"/>
		<b id="52" c="48 49" t="1"/>
		<b id="53" c="48 50" t="1"/>
		<b id="54" c="54 55" t="1"/>
		<b id="55" c="54 56" t="1"/>
		<b id="56" c="54 57" t="1"/>
	</bonds>
	<geometry>
		<g u="A" t="cart/3d">#57,3:-0.7095,-0.1939,2.6014;-0.2187,0.4543,1.8778;-0.8860,0.8249,0.7726;-0.4024,1.4903,0.0599;-2.2855,0.4305,0.3712;-2.8592,1.3531,0.2186;-2.2115,-0.0607,-0.6057;-3.0525,-0.4751,1.3418;-2.5225,-1.4275,1.4666;-3.0917,0.0021,2.3292;-4.4948,-0.7520,0.9005;-5.0218,0.2015,0.7815;-4.9999,-1.2962,1.7079;-4.5879,-1.5720,-0.3886;-3.9546,-2.4629,-0.2939;-4.1912,-0.9998,-1.2336;-6.0126,-2.0366,-0.7095;-6.3558,-2.7051,0.0900;-5.9811,-2.6428,-1.6236;-7.0512,-0.9249,-0.8882;-7.1761,-0.3726,0.0503;-8.0195,-1.3974,-1.0967;-6.7156,0.0456,-2.0210;-6.5526,-0.5098,-2.9519;-5.7906,0.5875,-1.7969;-7.8313,1.0576,-2.2325;-8.7687,0.5587,-2.4984;-8.0009,1.6489,-1.3270;-7.5708,1.7449,-3.0434;1.1794,0.8516,2.2770;1.6618,-0.0244,2.7263;1.0864,1.5849,3.0885;2.1099,1.4393,1.2075;3.0235,1.7883,1.7040;1.6528,2.3377,0.7746;2.4960,0.4847,0.0697;3.1487,1.0257,-0.6261;1.6046,0.2230,-0.5112;3.1824,-0.8169,0.4968;3.4031,-1.4024,-0.4040;2.4770,-1.4274,1.0731;4.4651,-0.6516,1.3179;4.2226,-0.1991,2.2866;4.8588,-1.6507,1.5439;5.5712,0.1747,0.6567;5.2360,1.2073,0.5044;6.4151,0.2377,1.3558;6.0571,-0.4115,-0.6637;5.2705,-0.3966,-1.4258;6.3618,-1.4581,-0.5486;7.2192,0.3867,-1.1954;7.1062,1.3529,-1.9373;8.3935,-0.1016,-0.7092;9.5462,0.6153,-1.1524;9.5060,1.6543,-0.8107;9.6325,0.5677,-2.2424;10.4290,0.1411,-0.7147;</g>
	</geometry>
	<conformers/>
	<properties/>
</molecule>
