<?xml version="1.0" ?>
<!--MOLLI PACKAGE EXPERIMENTAL XML FORMAT-->
<molecule name="react_51">
	<atoms>
		<a id="1" s="H" t="H" l="H"/>
		<a id="2" s="C" t="C.2" l="C"/>
		<a id="3" s="C" t="C.2" l="C"/>
		<a id="4" s="O" t="O.2" l="O"/>
		<a id="5" s="O" t="O.3" l="O"/>
		<a id="6" s="C" t="C.3" l="C"/>
		<a id="7" s="H" t="H" l="H"/>
		<a id="8" s="H" t="H" l="H"/>
		<a id="9" s="C" t="C.3" l="C"/>
		<a id="10" s="H" t="H" l="H"/>
		<a id="11" s="H" t="H" l="H"/>
		<a id="12" s="H" t="H" l="H"/>
		<a id="13" s="C" t="C.2" l="C"/>
		<a id="14" s="H" t="H" l="H"/>
		<a id="15" s="C" t="C.3" l="C"/>
		<a id="16" s="H" t="H" l="H"/>
		<a id="17" s="H" t="H" l="H"/>
		<a id="18" s="C" t="C.3" l="C"/>
		<a id="19" s="H" t="H" l="H"/>
		<a id="20" s="H" t="H" l="H"/>
		<a id="21" s="C" t="C.3" l="C"/>
		<a id="22" s="H" t="H" l="H"/>
		<a id="23" s="H" t="H" l="H"/>
		<a id="24" s="C" t="C.3" l="C"/>
		<a id="25" s="H" t="H" l="H"/>
		<a id="26" s="H" t="H" l="H"/>
		<a id="27" s="C" t="C.3" l="C"/>
		<a id="28" s="H" t="H" l="H"/>
		<a id="29" s="H" t="H" l="H"/>
		<a id="30" s="C" t="C.3" l="C"/>
		<a id="31" s="H" t="H" l="H"/>
		<a id="32" s="H" t="H" l="H"/>
		<a id="33" s="C" t="C.3" l="C"/>
		<a id="34" s="H" t="H" l="H"/>
		<a id="35" s="H" t="H" l="H"/>
		<a id="36" s="C" t="C.3" l="C"/>
		<a id="37" s="H" t="H" l="H"/>
		<a id="38" s="H" t="H" l="H"/>
		<a id="39" s="C" t="C.3" l="C"/>
		<a id="40" s="H" t="H" l="H"/>
		<a id="41" s="H" t="H" l="H"/>
		<a id="42" s="C" t="C.3" l="C"/>
		<a id="43" s="H" t="H" l="H"/>
		<a id="44" s="H" t="H" l="H"/>
		<a id="45" s="C" t="C.3" l="C"/>
		<a id="46" s="H" t="H" l="H"/>
		<a id="47" s="H" t="H" l="H"/>
		<a id="48" s="C" t="C.3" l="C"/>
		<a id="49" s="H" t="H" l="H"/>
		<a id="50" s="H" t="H" l="H"/>
		<a id="51" s="C" t="C.3" l="C"/>
		<a id="52" s="H" t="H" l="H"/>
		<a id="53" s="H" t="H" l="H"/>
		<a id="54" s="C" t="C.3" l="C"/>
		<a id="55" s="H" t="H" l="H"/>
		<a id="56" s="H" t="H" l="H"/>
		<a id="57" s="C" t="C.3" l="C"/>
		<a id="58" s="H" t="H" l="H"/>
		<a id="59" s="H" t="H" l="H"/>
		<a id="60" s="H" t="H" l="H"/>
	</atoms>
	<bonds>
		<b id="1" c="57 54" t="1"/>
		<b id="2" c="54 51" t="1"/>
		<b id="3" c="51 48" t="1"/>
		<b id="4" c="48 45" t="1"/>
		<b id="5" c="45 42" t="1"/>
		<b id="6" c="42 39" t="1"/>
		<b id="7" c="39 36" t="1"/>
		<b id="8" c="36 33" t="1"/>
		<b id="9" c="33 30" t="1"/>
		<b id="10" c="30 27" t="1"/>
		<b id="11" c="27 24" t="1"/>
		<b id="12" c="24 21" t="1"/>
		<b id="13" c="21 18" t="1"/>
		<b id="14" c="18 15" t="1"/>
		<b id="15" c="15 13" t="1"/>
		<b id="16" c="13 2" t="2"/>
		<b id="17" c="2 3" t="1"/>
		<b id="18" c="3 4" t="2"/>
		<b id="19" c="3 5" t="1"/>
		<b id="20" c="5 6" t="1"/>
		<b id="21" c="6 9" t="1"/>
		<b id="22" c="57 58" t="1"/>
		<b id="23" c="57 59" t="1"/>
		<b id="24" c="57 60" t="1"/>
		<b id="25" c="54 55" t="1"/>
		<b id="26" c="54 56" t="1"/>
		<b id="27" c="51 52" t="1"/>
		<b id="28" c="51 53" t="1"/>
		<b id="29" c="48 49" t="1"/>
		<b id="30" c="48 50" t="1"/>
		<b id="31" c="45 46" t="1"/>
		<b id="32" c="45 47" t="1"/>
		<b id="33" c="42 43" t="1"/>
		<b id="34" c="42 44" t="1"/>
		<b id="35" c="39 40" t="1"/>
		<b id="36" c="39 41" t="1"/>
		<b id="37" c="36 37" t="1"/>
		<b id="38" c="36 38" t="1"/>
		<b id="39" c="33 34" t="1"/>
		<b id="40" c="33 35" t="1"/>
		<b id="41" c="30 31" t="1"/>
		<b id="42" c="30 32" t="1"/>
		<b id="43" c="27 28" t="1"/>
		<b id="44" c="27 29" t="1"/>
		<b id="45" c="24 25" t="1"/>
		<b id="46" c="24 26" t="1"/>
		<b id="47" c="21 22" t="1"/>
		<b id="48" c="21 23" t="1"/>
		<b id="49" c="18 19" t="1"/>
		<b id="50" c="18 20" t="1"/>
		<b id="51" c="15 16" t="1"/>
		<b id="52" c="15 17" t="1"/>
		<b id="53" c="13 14" t="1"/>
		<b id="54" c="2 1" t="1"/>
		<b id="55" c="6 7" t="1"/>
		<b id="56" c="6 8" t="1"/>
		<b id="57" c="9 10" t="1"/>
		<b id="58" c="9 11" t="1"/>
		<b id="59" c="9 12" t="1"/>
	</bonds>
	<geometry>
		<g u="A" t="cart/3d">#60,3:4.2619,0.9429,1.6231;4.6313,0.0699,1.0984;5.7219,0.2780,0.1221;6.2233,-0.5906,-0.5710;6.0555,1.5930,0.1422;7.0998,1.9385,-0.7750;7.9938,1.3367,-0.5716;6.7592,1.7582,-1.8008;7.4233,3.4093,-0.5946;7.7637,3.6040,0.4284;6.5318,4.0242,-0.7568;8.2036,3.7253,-1.2916;4.1323,-1.1578,1.3104;4.5452,-2.0044,0.7635;3.0312,-1.4549,2.2886;3.3815,-2.2182,2.9943;2.8079,-0.5613,2.8845;1.7353,-1.9195,1.6135;1.4241,-1.1710,0.8772;0.9478,-1.9561,2.3784;1.8542,-3.3030,0.9627;2.1856,-4.0099,1.7354;2.6258,-3.3080,0.1843;0.5265,-3.8170,0.3908;-0.3257,-3.4202,0.9540;0.5024,-4.9049,0.5418;0.3441,-3.5824,-1.1132;-0.5738,-4.0915,-1.4314;1.1646,-4.0775,-1.6468;0.2798,-2.1264,-1.5741;0.2094,-2.1226,-2.6695;1.2148,-1.6119,-1.3305;-0.9155,-1.3597,-1.0032;-1.8448,-1.8775,-1.2695;-0.8583,-1.3401,0.0888;-0.9549,0.0733,-1.5422;-0.9728,0.0419,-2.6389;-0.0374,0.6027,-1.2568;-2.1773,0.8658,-1.0672;-3.0852,0.3151,-1.3377;-2.1996,1.8172,-1.6132;-2.1626,1.1509,0.4347;-2.2712,0.2157,0.9958;-1.1868,1.5706,0.7102;-3.2460,2.1341,0.8946;-3.1170,3.1015,0.3945;-3.0768,2.3167,1.9639;-4.6822,1.6217,0.7301;-5.2621,1.9774,1.5902;-4.7055,0.5264,0.7669;-5.3556,2.1326,-0.5481;-5.4371,3.2260,-0.5084;-4.7339,1.9001,-1.4180;-6.7421,1.5260,-0.7835;-6.6696,0.4323,-0.8198;-7.1017,1.8520,-1.7669;-7.7693,1.9315,0.2619;-7.5155,1.5332,1.2488;-7.8453,3.0212,0.3359;-8.7562,1.5406,-0.0096;</g>
	</geometry>
	<conformers/>
	<properties/>
</molecule>
