<?xml version="1.0" ?>
<!--MOLLI PACKAGE EXPERIMENTAL XML FORMAT-->
<molecule name="react_53">
	<atoms>
		<a id="1" s="H" t="H" l="H"/>
		<a id="2" s="C" t="C.2" l="C"/>
		<a id="3" s="C" t="C.1" l="C"/>
		<a id="4" s="C" t="C.1" l="C"/>
		<a id="5" s="C" t="C.3" l="C"/>
		<a id="6" s="H" t="H" l="H"/>
		<a id="7" s="H" t="H" l="H"/>
		<a id="8" s="C" t="C.3" l="C"/>
		<a id="9" s="H" t="H" l="H"/>
		<a id="10" s="H" t="H" l="H"/>
		<a id="11" s="C" t="C.3" l="C"/>
		<a id="12" s="H" t="H" l="H"/>
		<a id="13" s="H" t="H" l="H"/>
		<a id="14" s="C" t="C.3" l="C"/>
		<a id="15" s="H" t="H" l="H"/>
		<a id="16" s="H" t="H" l="H"/>
		<a id="17" s="C" t="C.3" l="C"/>
		<a id="18" s="H" t="H" l="H"/>
		<a id="19" s="H" t="H" l="H"/>
		<a id="20" s="C" t="C.3" l="C"/>
		<a id="21" s="H" t="H" l="H"/>
		<a id="22" s="H" t="H" l="H"/>
		<a id="23" s="C" t="C.3" l="C"/>
		<a id="24" s="H" t="H" l="H"/>
		<a id="25" s="H" t="H" l="H"/>
		<a id="26" s="C" t="C.3" l="C"/>
		<a id="27" s="H" t="H" l="H"/>
		<a id="28" s="H" t="H" l="H"/>
		<a id="29" s="C" t="C.3" l="C"/>
		<a id="30" s="H" t="H" l="H"/>
		<a id="31" s="H" t="H" l="H"/>
		<a id="32" s="C" t="C.3" l="C"/>
		<a id="33" s="H" t="H" l="H"/>
		<a id="34" s="H" t="H" l="H"/>
		<a id="35" s="C" t="C.3" l="C"/>
		<a id="36" s="H" t="H" l="H"/>
		<a id="37" s="H" t="H" l="H"/>
		<a id="38" s="C" t="C.3" l="C"/>
		<a id="39" s="H" t="H" l="H"/>
		<a id="40" s="H" t="H" l="H"/>
		<a id="41" s="C" t="C.3" l="C"/>
		<a id="42" s="H" t="H" l="H"/>
		<a id="43" s="H" t="H" l="H"/>
		<a id="44" s="H" t="H" l="H"/>
		<a id="45" s="C" t="C.2" l="C"/>
		<a id="46" s="H" t="H" l="H"/>
		<a id="47" s="C" t="C.2" l="C"/>
		<a id="48" s="O" t="O.2" l="O"/>
		<a id="49" s="O" t="O.3" l="O"/>
		<a id="50" s="C" t="C.3" l="C"/>
		<a id="51" s="H" t="H" l="H"/>
		<a id="52" s="H" t="H" l="H"/>
		<a id="53" s="C" t="C.3" l="C"/>
		<a id="54" s="H" t="H" l="H"/>
		<a id="55" s="H" t="H" l="H"/>
		<a id="56" s="H" t="H" l="H"/>
	</atoms>
	<bonds>
		<b id="1" c="41 38" t="1"/>
		<b id="2" c="38 35" t="1"/>
		<b id="3" c="35 32" t="1"/>
		<b id="4" c="32 29" t="1"/>
		<b id="5" c="29 26" t="1"/>
		<b id="6" c="26 23" t="1"/>
		<b id="7" c="23 20" t="1"/>
		<b id="8" c="20 17" t="1"/>
		<b id="9" c="17 14" t="1"/>
		<b id="10" c="14 11" t="1"/>
		<b id="11" c="11 8" t="1"/>
		<b id="12" c="8 5" t="1"/>
		<b id="13" c="5 4" t="1"/>
		<b id="14" c="4 3" t="3"/>
		<b id="15" c="3 2" t="1"/>
		<b id="16" c="2 45" t="2"/>
		<b id="17" c="45 47" t="1"/>
		<b id="18" c="47 48" t="2"/>
		<b id="19" c="47 49" t="1"/>
		<b id="20" c="49 50" t="1"/>
		<b id="21" c="50 53" t="1"/>
		<b id="22" c="41 42" t="1"/>
		<b id="23" c="41 43" t="1"/>
		<b id="24" c="41 44" t="1"/>
		<b id="25" c="38 39" t="1"/>
		<b id="26" c="38 40" t="1"/>
		<b id="27" c="35 36" t="1"/>
		<b id="28" c="35 37" t="1"/>
		<b id="29" c="32 33" t="1"/>
		<b id="30" c="32 34" t="1"/>
		<b id="31" c="29 30" t="1"/>
		<b id="32" c="29 31" t="1"/>
		<b id="33" c="26 27" t="1"/>
		<b id="34" c="26 28" t="1"/>
		<b id="35" c="23 24" t="1"/>
		<b id="36" c="23 25" t="1"/>
		<b id="37" c="20 21" t="1"/>
		<b id="38" c="20 22" t="1"/>
		<b id="39" c="17 18" t="1"/>
		<b id="40" c="17 19" t="1"/>
		<b id="41" c="14 15" t="1"/>
		<b id="42" c="14 16" t="1"/>
		<b id="43" c="11 12" t="1"/>
		<b id="44" c="11 13" t="1"/>
		<b id="45" c="8 9" t="1"/>
		<b id="46" c="8 10" t="1"/>
		<b id="47" c="5 6" t="1"/>
		<b id="48" c="5 7" t="1"/>
		<b id="49" c="2 1" t="1"/>
		<b id="50" c="45 46" t="1"/>
		<b id="51" c="50 51" t="1"/>
		<b id="52" c="50 52" t="1"/>
		<b id="53" c="53 54" t="1"/>
		<b id="54" c="53 55" t="1"/>
		<b id="55" c="53 56" t="1"/>
	</bonds>
	<geometry>
		<g u="A" t="cart/3d">#56,3:6.3491,-0.3645,0.8073;5.7565,-0.7067,-0.0358;4.6185,-1.5073,0.2495;3.6553,-2.1814,0.4938;2.4763,-3.0066,0.7931;2.4441,-3.8468,0.0894;2.5649,-3.4382,1.7967;1.1709,-2.2165,0.6742;1.1169,-1.7460,-0.3145;0.3334,-2.9218,0.7408;1.0170,-1.1575,1.7724;1.1561,-1.6340,2.7509;1.8001,-0.3961,1.6776;-0.3553,-0.4752,1.7662;-0.4183,0.1742,2.6481;-1.1344,-1.2381,1.8766;-0.6084,0.3611,0.5096;0.2417,1.0362,0.3504;-0.6580,-0.2841,-0.3736;-1.8792,1.2134,0.5938;-1.9691,1.7934,-0.3333;-1.7597,1.9452,1.4027;-3.1862,0.4476,0.8276;-3.9911,1.1889,0.8905;-3.1569,-0.0592,1.7989;-3.5058,-0.5626,-0.2767;-3.5355,-0.0559,-1.2480;-2.7008,-1.3038,-0.3398;-4.8125,-1.3289,-0.0423;-4.7225,-1.9076,0.8856;-4.9315,-2.0618,-0.8502;-6.0839,-0.4773,0.0406;-6.9331,-1.1527,0.2034;-6.0343,0.1716,0.9213;-6.3400,0.3540,-1.2188;-5.5590,1.1141,-1.3354;-6.2831,-0.2994,-2.0981;-7.7083,1.0405,-1.2201;-7.8538,1.5225,-2.1942;-8.5022,0.2919,-1.1156;-7.8585,2.0933,-0.1327;-7.0592,2.8387,-0.1940;-7.8387,1.6453,0.8650;-8.8156,2.6131,-0.2432;6.0788,-0.3904,-1.2968;5.4843,-0.7342,-2.1367;7.2417,0.4346,-1.6748;7.4988,0.6960,-2.8407;7.9481,0.8401,-0.5924;9.0901,1.6459,-0.9063;9.7822,1.0770,-1.5374;8.7702,2.5525,-1.4324;9.7743,2.0227,0.3933;9.0880,2.5745,1.0443;10.0812,1.1258,0.9415;10.6564,2.6409,0.2049;</g>
	</geometry>
	<conformers/>
	<properties/>
</molecule>
