<?xml version="1.0" ?>
<!--MOLLI PACKAGE EXPERIMENTAL XML FORMAT-->
<molecule name="react_54">
	<atoms>
		<a id="1" s="H" t="H" l="H"/>
		<a id="2" s="C" t="C.2" l="C"/>
		<a id="3" s="C" t="C.2" l="C"/>
		<a id="4" s="O" t="O.2" l="O"/>
		<a id="5" s="O" t="O.3" l="O"/>
		<a id="6" s="C" t="C.3" l="C"/>
		<a id="7" s="H" t="H" l="H"/>
		<a id="8" s="H" t="H" l="H"/>
		<a id="9" s="C" t="C.3" l="C"/>
		<a id="10" s="H" t="H" l="H"/>
		<a id="11" s="H" t="H" l="H"/>
		<a id="12" s="H" t="H" l="H"/>
		<a id="13" s="C" t="C.2" l="C"/>
		<a id="14" s="H" t="H" l="H"/>
		<a id="15" s="C" t="C.3" l="C"/>
		<a id="16" s="H" t="H" l="H"/>
		<a id="17" s="H" t="H" l="H"/>
		<a id="18" s="C" t="C.3" l="C"/>
		<a id="19" s="H" t="H" l="H"/>
		<a id="20" s="H" t="H" l="H"/>
		<a id="21" s="C" t="C.3" l="C"/>
		<a id="22" s="H" t="H" l="H"/>
		<a id="23" s="H" t="H" l="H"/>
		<a id="24" s="C" t="C.1" l="C"/>
		<a id="25" s="C" t="C.1" l="C"/>
		<a id="26" s="C" t="C.3" l="C"/>
		<a id="27" s="H" t="H" l="H"/>
		<a id="28" s="H" t="H" l="H"/>
		<a id="29" s="C" t="C.3" l="C"/>
		<a id="30" s="H" t="H" l="H"/>
		<a id="31" s="H" t="H" l="H"/>
		<a id="32" s="C" t="C.3" l="C"/>
		<a id="33" s="H" t="H" l="H"/>
		<a id="34" s="H" t="H" l="H"/>
		<a id="35" s="C" t="C.3" l="C"/>
		<a id="36" s="H" t="H" l="H"/>
		<a id="37" s="H" t="H" l="H"/>
		<a id="38" s="C" t="C.3" l="C"/>
		<a id="39" s="H" t="H" l="H"/>
		<a id="40" s="H" t="H" l="H"/>
		<a id="41" s="C" t="C.3" l="C"/>
		<a id="42" s="H" t="H" l="H"/>
		<a id="43" s="H" t="H" l="H"/>
		<a id="44" s="C" t="C.3" l="C"/>
		<a id="45" s="H" t="H" l="H"/>
		<a id="46" s="H" t="H" l="H"/>
		<a id="47" s="C" t="C.3" l="C"/>
		<a id="48" s="H" t="H" l="H"/>
		<a id="49" s="H" t="H" l="H"/>
		<a id="50" s="C" t="C.3" l="C"/>
		<a id="51" s="H" t="H" l="H"/>
		<a id="52" s="H" t="H" l="H"/>
		<a id="53" s="C" t="C.3" l="C"/>
		<a id="54" s="H" t="H" l="H"/>
		<a id="55" s="H" t="H" l="H"/>
		<a id="56" s="H" t="H" l="H"/>
	</atoms>
	<bonds>
		<b id="1" c="53 50" t="1"/>
		<b id="2" c="50 47" t="1"/>
		<b id="3" c="47 44" t="1"/>
		<b id="4" c="44 41" t="1"/>
		<b id="5" c="41 38" t="1"/>
		<b id="6" c="38 35" t="1"/>
		<b id="7" c="35 32" t="1"/>
		<b id="8" c="32 29" t="1"/>
		<b id="9" c="29 26" t="1"/>
		<b id="10" c="26 25" t="1"/>
		<b id="11" c="25 24" t="3"/>
		<b id="12" c="24 21" t="1"/>
		<b id="13" c="21 18" t="1"/>
		<b id="14" c="18 15" t="1"/>
		<b id="15" c="15 13" t="1"/>
		<b id="16" c="13 2" t="2"/>
		<b id="17" c="2 3" t="1"/>
		<b id="18" c="3 4" t="2"/>
		<b id="19" c="3 5" t="1"/>
		<b id="20" c="5 6" t="1"/>
		<b id="21" c="6 9" t="1"/>
		<b id="22" c="53 54" t="1"/>
		<b id="23" c="53 55" t="1"/>
		<b id="24" c="53 56" t="1"/>
		<b id="25" c="50 51" t="1"/>
		<b id="26" c="50 52" t="1"/>
		<b id="27" c="47 48" t="1"/>
		<b id="28" c="47 49" t="1"/>
		<b id="29" c="44 45" t="1"/>
		<b id="30" c="44 46" t="1"/>
		<b id="31" c="41 42" t="1"/>
		<b id="32" c="41 43" t="1"/>
		<b id="33" c="38 39" t="1"/>
		<b id="34" c="38 40" t="1"/>
		<b id="35" c="35 36" t="1"/>
		<b id="36" c="35 37" t="1"/>
		<b id="37" c="32 33" t="1"/>
		<b id="38" c="32 34" t="1"/>
		<b id="39" c="29 30" t="1"/>
		<b id="40" c="29 31" t="1"/>
		<b id="41" c="26 27" t="1"/>
		<b id="42" c="26 28" t="1"/>
		<b id="43" c="21 22" t="1"/>
		<b id="44" c="21 23" t="1"/>
		<b id="45" c="18 19" t="1"/>
		<b id="46" c="18 20" t="1"/>
		<b id="47" c="15 16" t="1"/>
		<b id="48" c="15 17" t="1"/>
		<b id="49" c="13 14" t="1"/>
		<b id="50" c="2 1" t="1"/>
		<b id="51" c="6 7" t="1"/>
		<b id="52" c="6 8" t="1"/>
		<b id="53" c="9 10" t="1"/>
		<b id="54" c="9 11" t="1"/>
		<b id="55" c="9 12" t="1"/>
	</bonds>
	<geometry>
		<g u="A" t="cart/3d">#56,3:6.5155,-1.9967,-0.7476;6.1481,-1.0004,-0.5336;7.0971,-0.0501,0.0859;6.8482,1.1088,0.3721;8.2749,-0.6982,0.2657;9.3204,0.0782,0.8681;8.9255,0.7479,1.6409;9.9945,-0.6258,1.3670;10.0822,0.8464,-0.1957;10.4711,0.1638,-0.9584;9.4292,1.5590,-0.7094;10.9185,1.3951,0.2463;4.8896,-0.6277,-0.8142;4.5619,0.3821,-0.5683;3.8671,-1.5384,-1.4318;2.9780,-1.5553,-0.7910;4.2466,-2.5681,-1.4479;3.4893,-1.1472,-2.8665;2.8275,-1.9242,-3.2712;4.3932,-1.1543,-3.4891;2.8096,0.2168,-3.0115;2.6625,0.4204,-4.0790;3.4566,1.0147,-2.6320;1.5043,0.2607,-2.3370;0.4414,0.2949,-1.7785;-0.8567,0.3346,-1.0884;-1.6552,0.0941,-1.7997;-1.0380,1.3531,-0.7288;-0.8844,-0.6544,0.0780;-0.1193,-0.3831,0.8169;-0.6163,-1.6543,-0.2881;-2.2516,-0.7483,0.7630;-2.2084,-1.5574,1.5024;-3.0045,-1.0358,0.0204;-2.6670,0.5484,1.4625;-1.8466,0.8881,2.1066;-2.8388,1.3387,0.7228;-3.9212,0.3936,2.3291;-3.7519,-0.3834,3.0845;-4.0792,1.3333,2.8729;-5.1800,0.0650,1.5213;-5.0696,-0.9106,1.0357;-5.3028,0.8182,0.7356;-6.4196,0.0445,2.4156;-6.2317,-0.6132,3.2738;-6.5928,1.0477,2.8245;-7.6927,-0.4461,1.7172;-8.4837,-0.4692,2.4781;-7.5616,-1.4815,1.3809;-8.1768,0.4414,0.5670;-9.2739,0.4391,0.5674;-7.8664,1.4813,0.7183;-7.7216,-0.0468,-0.8010;-8.0826,-1.0627,-0.9916;-6.6334,-0.0490,-0.8962;-8.1249,0.6038,-1.5840;</g>
	</geometry>
	<conformers/>
	<properties/>
</molecule>
