<?xml version="1.0" ?>
<!--MOLLI PACKAGE EXPERIMENTAL XML FORMAT-->
<molecule name="react_56">
	<atoms>
		<a id="1" s="H" t="H" l="H"/>
		<a id="2" s="C" t="C.2" l="C"/>
		<a id="3" s="C" t="C.2" l="C"/>
		<a id="4" s="H" t="H" l="H"/>
		<a id="5" s="C" t="C.3" l="C"/>
		<a id="6" s="H" t="H" l="H"/>
		<a id="7" s="H" t="H" l="H"/>
		<a id="8" s="C" t="C.ar" l="C"/>
		<a id="9" s="C" t="C.ar" l="C"/>
		<a id="10" s="O" t="O.3" l="O"/>
		<a id="11" s="C" t="C.3" l="C"/>
		<a id="12" s="H" t="H" l="H"/>
		<a id="13" s="H" t="H" l="H"/>
		<a id="14" s="O" t="O.3" l="O"/>
		<a id="15" s="C" t="C.3" l="C"/>
		<a id="16" s="H" t="H" l="H"/>
		<a id="17" s="H" t="H" l="H"/>
		<a id="18" s="H" t="H" l="H"/>
		<a id="19" s="C" t="C.ar" l="C"/>
		<a id="20" s="H" t="H" l="H"/>
		<a id="21" s="C" t="C.ar" l="C"/>
		<a id="22" s="O" t="O.3" l="O"/>
		<a id="23" s="C" t="C.3" l="C"/>
		<a id="24" s="H" t="H" l="H"/>
		<a id="25" s="H" t="H" l="H"/>
		<a id="26" s="O" t="O.3" l="O"/>
		<a id="27" s="C" t="C.3" l="C"/>
		<a id="28" s="H" t="H" l="H"/>
		<a id="29" s="H" t="H" l="H"/>
		<a id="30" s="H" t="H" l="H"/>
		<a id="31" s="C" t="C.ar" l="C"/>
		<a id="32" s="H" t="H" l="H"/>
		<a id="33" s="C" t="C.ar" l="C"/>
		<a id="34" s="O" t="O.3" l="O"/>
		<a id="35" s="C" t="C.3" l="C"/>
		<a id="36" s="H" t="H" l="H"/>
		<a id="37" s="H" t="H" l="H"/>
		<a id="38" s="O" t="O.3" l="O"/>
		<a id="39" s="C" t="C.3" l="C"/>
		<a id="40" s="H" t="H" l="H"/>
		<a id="41" s="H" t="H" l="H"/>
		<a id="42" s="H" t="H" l="H"/>
		<a id="43" s="C" t="C.ar" l="C"/>
		<a id="44" s="C" t="C.ar" l="C"/>
		<a id="45" s="H" t="H" l="H"/>
		<a id="46" s="C" t="C.ar" l="C"/>
		<a id="47" s="H" t="H" l="H"/>
		<a id="48" s="C" t="C.ar" l="C"/>
		<a id="49" s="O" t="O.3" l="O"/>
		<a id="50" s="C" t="C.3" l="C"/>
		<a id="51" s="H" t="H" l="H"/>
		<a id="52" s="H" t="H" l="H"/>
		<a id="53" s="O" t="O.3" l="O"/>
		<a id="54" s="C" t="C.3" l="C"/>
		<a id="55" s="H" t="H" l="H"/>
		<a id="56" s="H" t="H" l="H"/>
		<a id="57" s="H" t="H" l="H"/>
		<a id="58" s="C" t="C.ar" l="C"/>
		<a id="59" s="O" t="O.3" l="O"/>
		<a id="60" s="C" t="C.3" l="C"/>
		<a id="61" s="H" t="H" l="H"/>
		<a id="62" s="H" t="H" l="H"/>
		<a id="63" s="O" t="O.3" l="O"/>
		<a id="64" s="C" t="C.3" l="C"/>
		<a id="65" s="H" t="H" l="H"/>
		<a id="66" s="H" t="H" l="H"/>
		<a id="67" s="H" t="H" l="H"/>
		<a id="68" s="C" t="C.ar" l="C"/>
		<a id="69" s="H" t="H" l="H"/>
	</atoms>
	<bonds>
		<b id="1" c="27 26" t="1"/>
		<b id="2" c="26 23" t="1"/>
		<b id="3" c="23 22" t="1"/>
		<b id="4" c="22 21" t="1"/>
		<b id="5" c="21 19" t="ar"/>
		<b id="6" c="19 9" t="ar"/>
		<b id="7" c="9 10" t="1"/>
		<b id="8" c="10 11" t="1"/>
		<b id="9" c="11 14" t="1"/>
		<b id="10" c="14 15" t="1"/>
		<b id="11" c="9 8" t="ar"/>
		<b id="12" c="8 5" t="1"/>
		<b id="13" c="5 3" t="1"/>
		<b id="14" c="3 2" t="2"/>
		<b id="15" c="2 43" t="1"/>
		<b id="16" c="43 44" t="ar"/>
		<b id="17" c="44 46" t="ar"/>
		<b id="18" c="46 48" t="ar"/>
		<b id="19" c="48 49" t="1"/>
		<b id="20" c="49 50" t="1"/>
		<b id="21" c="50 53" t="1"/>
		<b id="22" c="53 54" t="1"/>
		<b id="23" c="48 58" t="ar"/>
		<b id="24" c="58 59" t="1"/>
		<b id="25" c="59 60" t="1"/>
		<b id="26" c="60 63" t="1"/>
		<b id="27" c="63 64" t="1"/>
		<b id="28" c="58 68" t="ar"/>
		<b id="29" c="8 33" t="ar"/>
		<b id="30" c="33 34" t="1"/>
		<b id="31" c="34 35" t="1"/>
		<b id="32" c="35 38" t="1"/>
		<b id="33" c="38 39" t="1"/>
		<b id="34" c="33 31" t="ar"/>
		<b id="35" c="31 21" t="ar"/>
		<b id="36" c="68 43" t="ar"/>
		<b id="37" c="27 28" t="1"/>
		<b id="38" c="27 29" t="1"/>
		<b id="39" c="27 30" t="1"/>
		<b id="40" c="23 24" t="1"/>
		<b id="41" c="23 25" t="1"/>
		<b id="42" c="19 20" t="1"/>
		<b id="43" c="11 12" t="1"/>
		<b id="44" c="11 13" t="1"/>
		<b id="45" c="15 16" t="1"/>
		<b id="46" c="15 17" t="1"/>
		<b id="47" c="15 18" t="1"/>
		<b id="48" c="5 6" t="1"/>
		<b id="49" c="5 7" t="1"/>
		<b id="50" c="3 4" t="1"/>
		<b id="51" c="2 1" t="1"/>
		<b id="52" c="44 45" t="1"/>
		<b id="53" c="46 47" t="1"/>
		<b id="54" c="50 51" t="1"/>
		<b id="55" c="50 52" t="1"/>
		<b id="56" c="54 55" t="1"/>
		<b id="57" c="54 56" t="1"/>
		<b id="58" c="54 57" t="1"/>
		<b id="59" c="60 61" t="1"/>
		<b id="60" c="60 62" t="1"/>
		<b id="61" c="64 65" t="1"/>
		<b id="62" c="64 66" t="1"/>
		<b id="63" c="64 67" t="1"/>
		<b id="64" c="68 69" t="1"/>
		<b id="65" c="35 36" t="1"/>
		<b id="66" c="35 37" t="1"/>
		<b id="67" c="39 40" t="1"/>
		<b id="68" c="39 41" t="1"/>
		<b id="69" c="39 42" t="1"/>
		<b id="70" c="31 32" t="1"/>
	</bonds>
	<geometry>
		<g u="A" t="cart/3d">#69,3:-0.3583,0.2482,-1.4441;-0.6683,-0.6360,-0.8931;0.1558,-1.6854,-0.7365;-0.1947,-2.5649,-0.1997;1.5840,-1.7714,-1.2161;1.5963,-2.2451,-2.2042;2.1237,-2.4770,-0.5699;2.3487,-0.4588,-1.2078;2.7735,0.0955,0.0192;2.5139,-0.6541,1.1387;2.3956,0.0501,2.3722;3.3808,0.3713,2.7320;1.7468,0.9257,2.2513;1.7815,-0.7689,3.3726;2.5939,-1.8861,3.7087;2.0861,-2.4531,4.4937;2.7321,-2.5433,2.8445;3.5641,-1.5550,4.0916;3.4556,1.3161,0.0447;3.8269,1.7106,0.9825;3.7037,2.0042,-1.1417;4.3689,3.1960,-1.2489;4.4979,3.9872,-0.0677;4.7309,5.0133,-0.3762;3.5429,4.0412,0.4705;5.5084,3.5287,0.8297;6.8040,3.6193,0.2525;7.0332,4.6541,-0.0200;7.5335,3.2860,0.9961;6.8860,2.9710,-0.6252;3.2906,1.4561,-2.3586;3.5346,2.0002,-3.2667;2.6018,0.2410,-2.4035;2.1603,-0.3499,-3.5587;2.0489,0.4593,-4.7275;1.3629,-0.0477,-5.4163;1.5853,1.4248,-4.4935;3.2880,0.6868,-5.3959;3.8752,-0.5256,-5.8497;4.1375,-1.1720,-5.0067;3.1992,-1.0518,-6.5306;4.7928,-0.2796,-6.3912;-2.0214,-0.6000,-0.3340;-3.1025,-0.2748,-1.1589;-2.9444,-0.0777,-2.2164;-4.4007,-0.1908,-0.6374;-5.2005,0.0954,-1.3131;-4.6365,-0.4307,0.7174;-5.8565,-0.3492,1.3305;-7.0196,-0.2560,0.5118;-7.8715,-0.4714,1.1670;-7.0069,-1.0225,-0.2746;-7.1894,1.0449,-0.0459;-8.4172,1.1528,-0.7494;-8.4860,2.1592,-1.1705;-8.4551,0.4304,-1.5705;-9.2628,0.9987,-0.0724;-3.5462,-0.7556,1.5390;-3.6947,-0.9559,2.8897;-4.1909,-2.2702,3.1456;-5.2532,-2.3271,2.8831;-3.6474,-3.0295,2.5661;-4.1003,-2.6040,4.5344;-2.7499,-2.6320,4.9800;-2.7431,-2.9374,6.0296;-2.2938,-1.6390,4.9101;-2.1677,-3.3575,4.4022;-2.2481,-0.8229,1.0269;-1.4183,-1.0381,1.6981;</g>
	</geometry>
	<conformers/>
	<properties/>
</molecule>
