<?xml version="1.0" ?>
<!--MOLLI PACKAGE EXPERIMENTAL XML FORMAT-->
<molecule name="react_57">
	<atoms>
		<a id="1" s="H" t="H" l="H"/>
		<a id="2" s="C" t="C.2" l="C"/>
		<a id="3" s="H" t="H" l="H"/>
		<a id="4" s="C" t="C.2" l="C"/>
		<a id="5" s="H" t="H" l="H"/>
		<a id="6" s="C" t="C.3" l="C"/>
		<a id="7" s="H" t="H" l="H"/>
		<a id="8" s="H" t="H" l="H"/>
		<a id="9" s="O" t="O.3" l="O"/>
		<a id="10" s="C" t="C.3" l="C"/>
		<a id="11" s="H" t="H" l="H"/>
		<a id="12" s="H" t="H" l="H"/>
		<a id="13" s="C" t="C.ar" l="C"/>
		<a id="14" s="C" t="C.ar" l="C"/>
		<a id="15" s="H" t="H" l="H"/>
		<a id="16" s="C" t="C.ar" l="C"/>
		<a id="17" s="H" t="H" l="H"/>
		<a id="18" s="C" t="C.ar" l="C"/>
		<a id="19" s="H" t="H" l="H"/>
		<a id="20" s="C" t="C.ar" l="C"/>
		<a id="21" s="H" t="H" l="H"/>
		<a id="22" s="C" t="C.ar" l="C"/>
		<a id="23" s="H" t="H" l="H"/>
	</atoms>
	<bonds>
		<b id="1" c="3 2" t="1"/>
		<b id="2" c="2 4" t="2"/>
		<b id="3" c="4 6" t="1"/>
		<b id="4" c="6 9" t="1"/>
		<b id="5" c="9 10" t="1"/>
		<b id="6" c="10 13" t="1"/>
		<b id="7" c="13 14" t="ar"/>
		<b id="8" c="14 16" t="ar"/>
		<b id="9" c="16 18" t="ar"/>
		<b id="10" c="18 20" t="ar"/>
		<b id="11" c="20 22" t="ar"/>
		<b id="12" c="22 13" t="ar"/>
		<b id="13" c="2 1" t="1"/>
		<b id="14" c="4 5" t="1"/>
		<b id="15" c="6 7" t="1"/>
		<b id="16" c="6 8" t="1"/>
		<b id="17" c="10 11" t="1"/>
		<b id="18" c="10 12" t="1"/>
		<b id="19" c="14 15" t="1"/>
		<b id="20" c="16 17" t="1"/>
		<b id="21" c="18 19" t="1"/>
		<b id="22" c="20 21" t="1"/>
		<b id="23" c="22 23" t="1"/>
	</bonds>
	<geometry>
		<g u="A" t="cart/3d">#23,3:3.7371,0.9787,-1.9604;3.0226,0.4132,-1.3711;1.9959,0.3809,-1.7254;3.4024,-0.2340,-0.2603;4.4487,-0.1811,0.0325;2.5285,-1.0607,0.6411;2.8486,-2.1051,0.5623;2.6604,-0.7577,1.6865;1.1570,-1.0100,0.2629;0.4441,0.0266,0.9383;0.3968,-0.1998,2.0100;0.9655,0.9808,0.7990;-0.9628,0.1295,0.4010;-1.5865,1.3817,0.2973;-1.0503,2.2874,0.5716;-2.9012,1.4855,-0.1623;-3.3720,2.4615,-0.2448;-3.6104,0.3390,-0.5144;-4.6328,0.4199,-0.8733;-3.0073,-0.9120,-0.4049;-3.5579,-1.8082,-0.6778;-1.6932,-1.0166,0.0549;-1.2330,-1.9994,0.1359;</g>
	</geometry>
	<conformers/>
	<properties/>
</molecule>
