<?xml version="1.0" ?>
<!--MOLLI PACKAGE EXPERIMENTAL XML FORMAT-->
<molecule name="react_59">
	<atoms>
		<a id="1" s="H" t="H" l="H"/>
		<a id="2" s="O" t="O.3" l="O"/>
		<a id="3" s="C" t="C.3" l="C"/>
		<a id="4" s="H" t="H" l="H"/>
		<a id="5" s="H" t="H" l="H"/>
		<a id="6" s="C" t="C.3" l="C"/>
		<a id="7" s="H" t="H" l="H"/>
		<a id="8" s="H" t="H" l="H"/>
		<a id="9" s="C" t="C.2" l="C"/>
		<a id="10" s="H" t="H" l="H"/>
		<a id="11" s="C" t="C.2" l="C"/>
		<a id="12" s="H" t="H" l="H"/>
		<a id="13" s="C" t="C.ar" l="C"/>
		<a id="14" s="N" t="N.ar" l="N"/>
		<a id="15" s="C" t="C.ar" l="C"/>
		<a id="16" s="C" t="C.2" l="C"/>
		<a id="17" s="O" t="O.2" l="O"/>
		<a id="18" s="C" t="C.3" l="C"/>
		<a id="19" s="H" t="H" l="H"/>
		<a id="20" s="H" t="H" l="H"/>
		<a id="21" s="H" t="H" l="H"/>
		<a id="22" s="N" t="N.ar" l="N"/>
		<a id="23" s="C" t="C.3" l="C"/>
		<a id="24" s="H" t="H" l="H"/>
		<a id="25" s="H" t="H" l="H"/>
		<a id="26" s="O" t="O.3" l="O"/>
		<a id="27" s="C" t="C.3" l="C"/>
		<a id="28" s="H" t="H" l="H"/>
		<a id="29" s="H" t="H" l="H"/>
		<a id="30" s="C" t="C.3" l="C"/>
		<a id="31" s="H" t="H" l="H"/>
		<a id="32" s="H" t="H" l="H"/>
		<a id="33" s="H" t="H" l="H"/>
		<a id="34" s="C" t="C.ar" l="C"/>
		<a id="35" s="H" t="H" l="H"/>
	</atoms>
	<bonds>
		<b id="1" c="30 27" t="1"/>
		<b id="2" c="27 26" t="1"/>
		<b id="3" c="26 23" t="1"/>
		<b id="4" c="23 22" t="1"/>
		<b id="5" c="22 34" t="ar"/>
		<b id="6" c="34 13" t="ar"/>
		<b id="7" c="13 11" t="1"/>
		<b id="8" c="11 9" t="2"/>
		<b id="9" c="9 6" t="1"/>
		<b id="10" c="6 3" t="1"/>
		<b id="11" c="3 2" t="1"/>
		<b id="12" c="13 14" t="ar"/>
		<b id="13" c="14 15" t="ar"/>
		<b id="14" c="15 16" t="1"/>
		<b id="15" c="16 18" t="1"/>
		<b id="16" c="16 17" t="2"/>
		<b id="17" c="15 22" t="ar"/>
		<b id="18" c="30 31" t="1"/>
		<b id="19" c="30 32" t="1"/>
		<b id="20" c="30 33" t="1"/>
		<b id="21" c="27 28" t="1"/>
		<b id="22" c="27 29" t="1"/>
		<b id="23" c="23 24" t="1"/>
		<b id="24" c="23 25" t="1"/>
		<b id="25" c="34 35" t="1"/>
		<b id="26" c="11 12" t="1"/>
		<b id="27" c="9 10" t="1"/>
		<b id="28" c="6 7" t="1"/>
		<b id="29" c="6 8" t="1"/>
		<b id="30" c="3 4" t="1"/>
		<b id="31" c="3 5" t="1"/>
		<b id="32" c="2 1" t="1"/>
		<b id="33" c="18 19" t="1"/>
		<b id="34" c="18 20" t="1"/>
		<b id="35" c="18 21" t="1"/>
	</bonds>
	<geometry>
		<g u="A" t="cart/3d">#35,3:6.1674,-2.5235,1.5986;5.8054,-1.8744,0.9639;4.5200,-1.4896,1.4546;4.6616,-1.0120,2.4323;3.9168,-2.3906,1.5911;3.8781,-0.5007,0.4859;4.6132,0.2697,0.2197;3.0540,0.0023,0.9917;3.4409,-1.1672,-0.7961;4.2444,-1.6837,-1.3124;2.2247,-1.1863,-1.3721;2.1597,-1.7117,-2.3140;1.0135,-0.5885,-0.9287;0.7961,-0.1855,0.3586;-0.4181,0.3458,0.3758;-1.0093,0.9169,1.5712;-2.0559,1.5683,1.5786;-0.2194,0.7421,2.8506;0.5315,1.5308,2.9147;-0.8954,0.8059,3.7106;0.2700,-0.2359,2.8841;-0.9777,0.2911,-0.8848;-2.2505,0.8518,-1.2973;-2.3748,1.8251,-0.8124;-2.2154,0.9994,-2.3829;-3.2818,-0.0742,-0.9564;-4.5806,0.4109,-1.3019;-4.5767,0.8180,-2.3189;-5.2527,-0.4568,-1.3049;-5.1017,1.4414,-0.3091;-6.1604,1.6436,-0.5004;-4.9914,1.0918,0.7224;-4.5471,2.3873,-0.4074;-0.0891,-0.3419,-1.7113;-0.2996,-0.5196,-2.7582;</g>
	</geometry>
	<conformers/>
	<properties/>
</molecule>
