<?xml version="1.0" ?>
<!--MOLLI PACKAGE EXPERIMENTAL XML FORMAT-->
<molecule name="react_63">
	<atoms>
		<a id="1" s="H" t="H" l="H"/>
		<a id="2" s="O" t="O.3" l="O"/>
		<a id="3" s="C" t="C.3" l="C"/>
		<a id="4" s="H" t="H" l="H"/>
		<a id="5" s="H" t="H" l="H"/>
		<a id="6" s="C" t="C.2" l="C"/>
		<a id="7" s="H" t="H" l="H"/>
		<a id="8" s="C" t="C.2" l="C"/>
		<a id="9" s="H" t="H" l="H"/>
		<a id="10" s="C" t="C.ar" l="C"/>
		<a id="11" s="C" t="C.ar" l="C"/>
		<a id="12" s="H" t="H" l="H"/>
		<a id="13" s="C" t="C.ar" l="C"/>
		<a id="14" s="H" t="H" l="H"/>
		<a id="15" s="C" t="C.ar" l="C"/>
		<a id="16" s="H" t="H" l="H"/>
		<a id="17" s="C" t="C.ar" l="C"/>
		<a id="18" s="H" t="H" l="H"/>
		<a id="19" s="C" t="C.ar" l="C"/>
		<a id="20" s="H" t="H" l="H"/>
	</atoms>
	<bonds>
		<b id="1" c="2 3" t="1"/>
		<b id="2" c="3 6" t="1"/>
		<b id="3" c="6 8" t="2"/>
		<b id="4" c="8 10" t="1"/>
		<b id="5" c="10 11" t="ar"/>
		<b id="6" c="11 13" t="ar"/>
		<b id="7" c="13 15" t="ar"/>
		<b id="8" c="15 17" t="ar"/>
		<b id="9" c="17 19" t="ar"/>
		<b id="10" c="19 10" t="ar"/>
		<b id="11" c="2 1" t="1"/>
		<b id="12" c="3 4" t="1"/>
		<b id="13" c="3 5" t="1"/>
		<b id="14" c="6 7" t="1"/>
		<b id="15" c="8 9" t="1"/>
		<b id="16" c="11 12" t="1"/>
		<b id="17" c="13 14" t="1"/>
		<b id="18" c="15 16" t="1"/>
		<b id="19" c="17 18" t="1"/>
		<b id="20" c="19 20" t="1"/>
	</bonds>
	<geometry>
		<g u="A" t="cart/3d">#20,3:-2.6519,1.8189,-0.7223;-3.1697,1.0700,-1.0646;-2.3742,-0.0875,-0.8564;-1.4515,0.0210,-1.4318;-2.9194,-0.9528,-1.2446;-2.1598,-0.2383,0.6140;-3.0736,-0.3224,1.2000;-0.9900,-0.2736,1.2720;-0.9811,-0.3694,2.3555;0.3269,-0.1781,0.6424;1.0768,0.9947,0.7769;0.6861,1.8361,1.3440;2.3350,1.0962,0.1800;2.9137,2.0101,0.2855;2.8497,0.0256,-0.5504;3.8296,0.1052,-1.0143;2.1087,-1.1480,-0.6835;2.5111,-1.9838,-1.2500;0.8505,-1.2511,-0.0874;0.2832,-2.1727,-0.1938;</g>
	</geometry>
	<conformers/>
	<properties/>
</molecule>
