<?xml version="1.0" ?>
<!--MOLLI PACKAGE EXPERIMENTAL XML FORMAT-->
<molecule name="react_64">
	<atoms>
		<a id="1" s="H" t="H" l="H"/>
		<a id="2" s="C" t="C.2" l="C"/>
		<a id="3" s="C" t="C.2" l="C"/>
		<a id="4" s="H" t="H" l="H"/>
		<a id="5" s="C" t="C.3" l="C"/>
		<a id="6" s="H" t="H" l="H"/>
		<a id="7" s="H" t="H" l="H"/>
		<a id="8" s="O" t="O.3" l="O"/>
		<a id="9" s="C" t="C.3" l="C"/>
		<a id="10" s="H" t="H" l="H"/>
		<a id="11" s="H" t="H" l="H"/>
		<a id="12" s="H" t="H" l="H"/>
		<a id="13" s="C" t="C.ar" l="C"/>
		<a id="14" s="C" t="C.ar" l="C"/>
		<a id="15" s="H" t="H" l="H"/>
		<a id="16" s="C" t="C.ar" l="C"/>
		<a id="17" s="H" t="H" l="H"/>
		<a id="18" s="C" t="C.ar" l="C"/>
		<a id="19" s="H" t="H" l="H"/>
		<a id="20" s="C" t="C.ar" l="C"/>
		<a id="21" s="H" t="H" l="H"/>
		<a id="22" s="C" t="C.ar" l="C"/>
		<a id="23" s="H" t="H" l="H"/>
	</atoms>
	<bonds>
		<b id="1" c="9 8" t="1"/>
		<b id="2" c="8 5" t="1"/>
		<b id="3" c="5 3" t="1"/>
		<b id="4" c="3 2" t="2"/>
		<b id="5" c="2 13" t="1"/>
		<b id="6" c="13 14" t="ar"/>
		<b id="7" c="14 16" t="ar"/>
		<b id="8" c="16 18" t="ar"/>
		<b id="9" c="18 20" t="ar"/>
		<b id="10" c="20 22" t="ar"/>
		<b id="11" c="22 13" t="ar"/>
		<b id="12" c="9 10" t="1"/>
		<b id="13" c="9 11" t="1"/>
		<b id="14" c="9 12" t="1"/>
		<b id="15" c="5 6" t="1"/>
		<b id="16" c="5 7" t="1"/>
		<b id="17" c="3 4" t="1"/>
		<b id="18" c="2 1" t="1"/>
		<b id="19" c="14 15" t="1"/>
		<b id="20" c="16 17" t="1"/>
		<b id="21" c="18 19" t="1"/>
		<b id="22" c="20 21" t="1"/>
		<b id="23" c="22 23" t="1"/>
	</bonds>
	<geometry>
		<g u="A" t="cart/3d">#23,3:-0.0035,1.5525,-2.2607;-0.1973,0.7391,-1.5655;-1.3819,0.1074,-1.5851;-2.1199,0.4299,-2.3169;-1.8331,-1.0093,-0.6934;-2.0358,-1.8850,-1.3192;-1.0964,-1.3132,0.0571;-3.0655,-0.6473,-0.0706;-2.8689,0.1160,1.1135;-2.2981,-0.4579,1.8500;-3.8499,0.3449,1.5386;-2.3601,1.0588,0.8927;0.8930,0.4280,-0.6419;1.6998,-0.6969,-0.8444;1.5283,-1.3499,-1.6967;2.7339,-0.9887,0.0471;3.3586,-1.8634,-0.1140;2.9660,-0.1576,1.1425;3.7718,-0.3849,1.8358;2.1662,0.9662,1.3475;2.3482,1.6146,2.2005;1.1318,1.2595,0.4568;0.5128,2.1372,0.6265;</g>
	</geometry>
	<conformers/>
	<properties/>
</molecule>
