<?xml version="1.0" ?>
<!--MOLLI PACKAGE EXPERIMENTAL XML FORMAT-->
<molecule name="react_68">
	<atoms>
		<a id="1" s="H" t="H" l="H"/>
		<a id="2" s="C" t="C.2" l="C"/>
		<a id="3" s="C" t="C.2" l="C"/>
		<a id="4" s="H" t="H" l="H"/>
		<a id="5" s="C" t="C.3" l="C"/>
		<a id="6" s="H" t="H" l="H"/>
		<a id="7" s="H" t="H" l="H"/>
		<a id="8" s="H" t="H" l="H"/>
		<a id="9" s="C" t="C.ar" l="C"/>
		<a id="10" s="C" t="C.ar" l="C"/>
		<a id="11" s="H" t="H" l="H"/>
		<a id="12" s="C" t="C.ar" l="C"/>
		<a id="13" s="H" t="H" l="H"/>
		<a id="14" s="C" t="C.ar" l="C"/>
		<a id="15" s="H" t="H" l="H"/>
		<a id="16" s="C" t="C.ar" l="C"/>
		<a id="17" s="H" t="H" l="H"/>
		<a id="18" s="C" t="C.ar" l="C"/>
		<a id="19" s="H" t="H" l="H"/>
	</atoms>
	<bonds>
		<b id="1" c="5 3" t="1"/>
		<b id="2" c="3 2" t="2"/>
		<b id="3" c="2 9" t="1"/>
		<b id="4" c="9 10" t="ar"/>
		<b id="5" c="10 12" t="ar"/>
		<b id="6" c="12 14" t="ar"/>
		<b id="7" c="14 16" t="ar"/>
		<b id="8" c="16 18" t="ar"/>
		<b id="9" c="18 9" t="ar"/>
		<b id="10" c="5 6" t="1"/>
		<b id="11" c="5 7" t="1"/>
		<b id="12" c="5 8" t="1"/>
		<b id="13" c="3 4" t="1"/>
		<b id="14" c="2 1" t="1"/>
		<b id="15" c="10 11" t="1"/>
		<b id="16" c="12 13" t="1"/>
		<b id="17" c="14 15" t="1"/>
		<b id="18" c="16 17" t="1"/>
		<b id="19" c="18 19" t="1"/>
	</bonds>
	<geometry>
		<g u="A" t="cart/3d">#19,3:-1.1986,0.3883,2.2681;-1.1805,0.2061,1.1956;-2.3372,0.0704,0.5278;-3.2608,0.1634,1.0970;-2.5195,-0.2230,-0.9275;-1.5814,-0.4287,-1.4491;-3.1616,-1.1017,-1.0458;-3.0077,0.6244,-1.4184;0.1571,0.1226,0.6059;1.0040,-0.9330,0.9591;0.6667,-1.6989,1.6533;2.2881,-1.0171,0.4165;2.9398,-1.8423,0.6914;2.7337,-0.0438,-0.4769;3.7332,-0.1098,-0.8987;1.8973,1.0151,-0.8278;2.2443,1.7759,-1.5218;0.6131,1.0999,-0.2862;-0.0298,1.9321,-0.5623;</g>
	</geometry>
	<conformers/>
	<properties/>
</molecule>
