<?xml version="1.0" ?>
<!--MOLLI PACKAGE EXPERIMENTAL XML FORMAT-->
<molecule name="react_72">
	<atoms>
		<a id="1" s="H" t="H" l="H"/>
		<a id="2" s="C" t="C.2" l="C"/>
		<a id="3" s="C" t="C.2" l="C"/>
		<a id="4" s="H" t="H" l="H"/>
		<a id="5" s="Si" t="Si" l="SI"/>
		<a id="6" s="C" t="C.3" l="C"/>
		<a id="7" s="H" t="H" l="H"/>
		<a id="8" s="H" t="H" l="H"/>
		<a id="9" s="H" t="H" l="H"/>
		<a id="10" s="C" t="C.3" l="C"/>
		<a id="11" s="H" t="H" l="H"/>
		<a id="12" s="H" t="H" l="H"/>
		<a id="13" s="H" t="H" l="H"/>
		<a id="14" s="C" t="C.3" l="C"/>
		<a id="15" s="H" t="H" l="H"/>
		<a id="16" s="H" t="H" l="H"/>
		<a id="17" s="H" t="H" l="H"/>
		<a id="18" s="C" t="C.3" l="C"/>
		<a id="19" s="H" t="H" l="H"/>
		<a id="20" s="H" t="H" l="H"/>
		<a id="21" s="C" t="C.3" l="C"/>
		<a id="22" s="H" t="H" l="H"/>
		<a id="23" s="H" t="H" l="H"/>
		<a id="24" s="C" t="C.3" l="C"/>
		<a id="25" s="H" t="H" l="H"/>
		<a id="26" s="H" t="H" l="H"/>
		<a id="27" s="C" t="C.3" l="C"/>
		<a id="28" s="H" t="H" l="H"/>
		<a id="29" s="H" t="H" l="H"/>
		<a id="30" s="C" t="C.3" l="C"/>
		<a id="31" s="H" t="H" l="H"/>
		<a id="32" s="H" t="H" l="H"/>
		<a id="33" s="C" t="C.3" l="C"/>
		<a id="34" s="H" t="H" l="H"/>
		<a id="35" s="H" t="H" l="H"/>
		<a id="36" s="H" t="H" l="H"/>
	</atoms>
	<bonds>
		<b id="1" c="33 30" t="1"/>
		<b id="2" c="30 27" t="1"/>
		<b id="3" c="27 24" t="1"/>
		<b id="4" c="24 21" t="1"/>
		<b id="5" c="21 18" t="1"/>
		<b id="6" c="18 2" t="1"/>
		<b id="7" c="2 3" t="2"/>
		<b id="8" c="3 5" t="1"/>
		<b id="9" c="5 6" t="1"/>
		<b id="10" c="5 10" t="1"/>
		<b id="11" c="5 14" t="1"/>
		<b id="12" c="33 34" t="1"/>
		<b id="13" c="33 35" t="1"/>
		<b id="14" c="33 36" t="1"/>
		<b id="15" c="30 31" t="1"/>
		<b id="16" c="30 32" t="1"/>
		<b id="17" c="27 28" t="1"/>
		<b id="18" c="27 29" t="1"/>
		<b id="19" c="24 25" t="1"/>
		<b id="20" c="24 26" t="1"/>
		<b id="21" c="21 22" t="1"/>
		<b id="22" c="21 23" t="1"/>
		<b id="23" c="18 19" t="1"/>
		<b id="24" c="18 20" t="1"/>
		<b id="25" c="2 1" t="1"/>
		<b id="26" c="3 4" t="1"/>
		<b id="27" c="6 7" t="1"/>
		<b id="28" c="6 8" t="1"/>
		<b id="29" c="6 9" t="1"/>
		<b id="30" c="10 11" t="1"/>
		<b id="31" c="10 12" t="1"/>
		<b id="32" c="10 13" t="1"/>
		<b id="33" c="14 15" t="1"/>
		<b id="34" c="14 16" t="1"/>
		<b id="35" c="14 17" t="1"/>
	</bonds>
	<geometry>
		<g u="A" t="cart/3d">#36,3:0.2706,-1.2868,-1.6752;-0.5316,-0.7215,-1.1988;-1.5590,-1.4304,-0.7046;-1.5256,-2.5127,-0.8016;-3.0951,-0.8583,0.1667;-4.1860,0.1082,-1.0137;-3.6810,1.0112,-1.3682;-4.4489,-0.5004,-1.8841;-5.1131,0.4111,-0.5178;-2.6572,0.2071,1.6461;-1.9785,-0.3246,2.3196;-2.1723,1.1365,1.3350;-3.5582,0.4694,2.2088;-4.0477,-2.3655,0.7717;-3.4401,-2.9521,1.4672;-4.3276,-3.0080,-0.0685;-4.9616,-2.0585,1.2887;-0.3325,0.7703,-1.2106;-1.2668,1.2952,-0.9901;-0.0556,1.0737,-2.2279;0.7369,1.2466,-0.2215;0.7245,2.3437,-0.2091;0.4788,0.9171,0.7927;2.1502,0.7694,-0.5730;2.1877,-0.3242,-0.5392;2.3960,1.0747,-1.5971;3.1843,1.3482,0.3965;3.0974,2.4418,0.4030;2.9664,1.0080,1.4163;4.6259,0.9870,0.0321;4.8505,1.3277,-0.9853;5.3001,1.5313,0.7043;4.9277,-0.4992,0.1465;4.3680,-1.0806,-0.5919;5.9931,-0.6803,-0.0291;4.6803,-0.8751,1.1442;</g>
	</geometry>
	<conformers/>
	<properties/>
</molecule>
