<?xml version="1.0" ?>
<!--MOLLI PACKAGE EXPERIMENTAL XML FORMAT-->
<molecule name="react_69">
	<atoms>
		<a id="1" s="H" t="H" l="H"/>
		<a id="2" s="C" t="C.2" l="C"/>
		<a id="3" s="H" t="H" l="H"/>
		<a id="4" s="C" t="C.2" l="C"/>
		<a id="5" s="H" t="H" l="H"/>
		<a id="6" s="C" t="C.3" l="C"/>
		<a id="7" s="H" t="H" l="H"/>
		<a id="8" s="H" t="H" l="H"/>
		<a id="9" s="O" t="O.3" l="O"/>
		<a id="10" s="C" t="C.2" l="C"/>
		<a id="11" s="O" t="O.2" l="O"/>
		<a id="12" s="C" t="C.ar" l="C"/>
		<a id="13" s="C" t="C.ar" l="C"/>
		<a id="14" s="H" t="H" l="H"/>
		<a id="15" s="C" t="C.ar" l="C"/>
		<a id="16" s="H" t="H" l="H"/>
		<a id="17" s="C" t="C.ar" l="C"/>
		<a id="18" s="H" t="H" l="H"/>
		<a id="19" s="C" t="C.ar" l="C"/>
		<a id="20" s="H" t="H" l="H"/>
		<a id="21" s="C" t="C.ar" l="C"/>
		<a id="22" s="H" t="H" l="H"/>
	</atoms>
	<bonds>
		<b id="1" c="3 2" t="1"/>
		<b id="2" c="2 4" t="2"/>
		<b id="3" c="4 6" t="1"/>
		<b id="4" c="6 9" t="1"/>
		<b id="5" c="9 10" t="1"/>
		<b id="6" c="10 11" t="2"/>
		<b id="7" c="10 12" t="1"/>
		<b id="8" c="12 13" t="ar"/>
		<b id="9" c="13 15" t="ar"/>
		<b id="10" c="15 17" t="ar"/>
		<b id="11" c="17 19" t="ar"/>
		<b id="12" c="19 21" t="ar"/>
		<b id="13" c="21 12" t="ar"/>
		<b id="14" c="2 1" t="1"/>
		<b id="15" c="4 5" t="1"/>
		<b id="16" c="6 7" t="1"/>
		<b id="17" c="6 8" t="1"/>
		<b id="18" c="13 14" t="1"/>
		<b id="19" c="15 16" t="1"/>
		<b id="20" c="17 18" t="1"/>
		<b id="21" c="19 20" t="1"/>
		<b id="22" c="21 22" t="1"/>
	</bonds>
	<geometry>
		<g u="A" t="cart/3d">#22,3:4.7254,1.1200,1.4227;4.2220,0.9357,0.4783;4.5585,1.4976,-0.3874;3.2217,0.0482,0.3995;2.9221,-0.4930,1.2945;2.4687,-0.2829,-0.8525;2.8436,0.2951,-1.7042;2.5913,-1.3415,-1.1076;1.0949,0.0820,-0.6711;0.2530,-0.9193,-0.3204;0.5570,-2.0885,-0.1442;-1.1355,-0.4034,-0.1698;-1.4570,0.9520,-0.3279;-0.6905,1.6846,-0.5681;-2.7773,1.3827,-0.1745;-3.0225,2.4350,-0.2974;-3.7806,0.4658,0.1372;-4.8074,0.8035,0.2565;-3.4687,-0.8835,0.2973;-4.2508,-1.5983,0.5413;-2.1504,-1.3180,0.1450;-1.9175,-2.3736,0.2728;</g>
	</geometry>
	<conformers/>
	<properties/>
</molecule>
