<?xml version="1.0" ?>
<!--MOLLI PACKAGE EXPERIMENTAL XML FORMAT-->
<molecule name="react_73">
	<atoms>
		<a id="1" s="H" t="H" l="H"/>
		<a id="2" s="O" t="O.3" l="O"/>
		<a id="3" s="C" t="C.3" l="C"/>
		<a id="4" s="H" t="H" l="H"/>
		<a id="5" s="H" t="H" l="H"/>
		<a id="6" s="C" t="C.2" l="C"/>
		<a id="7" s="H" t="H" l="H"/>
		<a id="8" s="C" t="C.2" l="C"/>
		<a id="9" s="H" t="H" l="H"/>
		<a id="10" s="C" t="C.3" l="C"/>
		<a id="11" s="H" t="H" l="H"/>
		<a id="12" s="H" t="H" l="H"/>
		<a id="13" s="O" t="O.3" l="O"/>
		<a id="14" s="C" t="C.2" l="C"/>
		<a id="15" s="O" t="O.2" l="O"/>
		<a id="16" s="C" t="C.ar" l="C"/>
		<a id="17" s="C" t="C.ar" l="C"/>
		<a id="18" s="H" t="H" l="H"/>
		<a id="19" s="C" t="C.ar" l="C"/>
		<a id="20" s="H" t="H" l="H"/>
		<a id="21" s="C" t="C.ar" l="C"/>
		<a id="22" s="H" t="H" l="H"/>
		<a id="23" s="C" t="C.ar" l="C"/>
		<a id="24" s="H" t="H" l="H"/>
		<a id="25" s="C" t="C.ar" l="C"/>
		<a id="26" s="H" t="H" l="H"/>
	</atoms>
	<bonds>
		<b id="1" c="15 14" t="2"/>
		<b id="2" c="14 13" t="1"/>
		<b id="3" c="13 10" t="1"/>
		<b id="4" c="10 8" t="1"/>
		<b id="5" c="8 6" t="2"/>
		<b id="6" c="6 3" t="1"/>
		<b id="7" c="3 2" t="1"/>
		<b id="8" c="14 16" t="1"/>
		<b id="9" c="16 17" t="ar"/>
		<b id="10" c="17 19" t="ar"/>
		<b id="11" c="19 21" t="ar"/>
		<b id="12" c="21 23" t="ar"/>
		<b id="13" c="23 25" t="ar"/>
		<b id="14" c="25 16" t="ar"/>
		<b id="15" c="10 11" t="1"/>
		<b id="16" c="10 12" t="1"/>
		<b id="17" c="8 9" t="1"/>
		<b id="18" c="6 7" t="1"/>
		<b id="19" c="3 4" t="1"/>
		<b id="20" c="3 5" t="1"/>
		<b id="21" c="2 1" t="1"/>
		<b id="22" c="17 18" t="1"/>
		<b id="23" c="19 20" t="1"/>
		<b id="24" c="21 22" t="1"/>
		<b id="25" c="23 24" t="1"/>
		<b id="26" c="25 26" t="1"/>
	</bonds>
	<geometry>
		<g u="A" t="cart/3d">#26,3:5.5905,0.6638,-0.0436;5.0839,0.8691,-0.8467;3.8609,1.4618,-0.4450;4.0475,2.5080,-0.1822;3.1740,1.4582,-1.2951;3.3258,0.7272,0.7412;3.7414,1.0261,1.7018;2.3743,-0.2216,0.7405;2.0738,-0.6479,1.6968;1.6822,-0.8156,-0.4498;2.1285,-0.4903,-1.3936;1.7648,-1.9087,-0.4337;0.3178,-0.3772,-0.4552;-0.5742,-1.2041,0.1414;-0.3185,-2.2656,0.6876;-1.9490,-0.6398,0.0520;-3.0047,-1.3797,0.6030;-2.8121,-2.3391,1.0799;-4.3124,-0.8934,0.5449;-5.1263,-1.4726,0.9740;-4.5730,0.3339,-0.0629;-5.5916,0.7120,-0.1078;-3.5290,1.0770,-0.6130;-3.7346,2.0341,-1.0863;-2.2192,0.5938,-0.5569;-1.4209,1.1904,-0.9912;</g>
	</geometry>
	<conformers/>
	<properties/>
</molecule>
