<?xml version="1.0" ?>
<!--MOLLI PACKAGE EXPERIMENTAL XML FORMAT-->
<molecule name="react_76">
	<atoms>
		<a id="1" s="H" t="H" l="H"/>
		<a id="2" s="C" t="C.2" l="C"/>
		<a id="3" s="C" t="C.2" l="C"/>
		<a id="4" s="H" t="H" l="H"/>
		<a id="5" s="C" t="C.3" l="C"/>
		<a id="6" s="H" t="H" l="H"/>
		<a id="7" s="H" t="H" l="H"/>
		<a id="8" s="C" t="C.3" l="C"/>
		<a id="9" s="H" t="H" l="H"/>
		<a id="10" s="H" t="H" l="H"/>
		<a id="11" s="C" t="C.3" l="C"/>
		<a id="12" s="H" t="H" l="H"/>
		<a id="13" s="H" t="H" l="H"/>
		<a id="14" s="C" t="C.3" l="C"/>
		<a id="15" s="H" t="H" l="H"/>
		<a id="16" s="H" t="H" l="H"/>
		<a id="17" s="C" t="C.3" l="C"/>
		<a id="18" s="H" t="H" l="H"/>
		<a id="19" s="H" t="H" l="H"/>
		<a id="20" s="C" t="C.3" l="C"/>
		<a id="21" s="H" t="H" l="H"/>
		<a id="22" s="H" t="H" l="H"/>
		<a id="23" s="C" t="C.3" l="C"/>
		<a id="24" s="H" t="H" l="H"/>
		<a id="25" s="H" t="H" l="H"/>
		<a id="26" s="C" t="C.3" l="C"/>
		<a id="27" s="H" t="H" l="H"/>
		<a id="28" s="H" t="H" l="H"/>
		<a id="29" s="C" t="C.3" l="C"/>
		<a id="30" s="H" t="H" l="H"/>
		<a id="31" s="H" t="H" l="H"/>
		<a id="32" s="C" t="C.3" l="C"/>
		<a id="33" s="H" t="H" l="H"/>
		<a id="34" s="H" t="H" l="H"/>
		<a id="35" s="H" t="H" l="H"/>
		<a id="36" s="C" t="C.3" l="C"/>
		<a id="37" s="H" t="H" l="H"/>
		<a id="38" s="H" t="H" l="H"/>
		<a id="39" s="C" t="C.3" l="C"/>
		<a id="40" s="H" t="H" l="H"/>
		<a id="41" s="H" t="H" l="H"/>
		<a id="42" s="C" t="C.3" l="C"/>
		<a id="43" s="H" t="H" l="H"/>
		<a id="44" s="H" t="H" l="H"/>
		<a id="45" s="C" t="C.2" l="C"/>
		<a id="46" s="O" t="O.2" l="O"/>
		<a id="47" s="O" t="O.3" l="O"/>
		<a id="48" s="C" t="C.3" l="C"/>
		<a id="49" s="H" t="H" l="H"/>
		<a id="50" s="H" t="H" l="H"/>
		<a id="51" s="H" t="H" l="H"/>
	</atoms>
	<bonds>
		<b id="1" c="32 29" t="1"/>
		<b id="2" c="29 26" t="1"/>
		<b id="3" c="26 23" t="1"/>
		<b id="4" c="23 20" t="1"/>
		<b id="5" c="20 17" t="1"/>
		<b id="6" c="17 14" t="1"/>
		<b id="7" c="14 11" t="1"/>
		<b id="8" c="11 8" t="1"/>
		<b id="9" c="8 5" t="1"/>
		<b id="10" c="5 3" t="1"/>
		<b id="11" c="3 2" t="2"/>
		<b id="12" c="2 36" t="1"/>
		<b id="13" c="36 39" t="1"/>
		<b id="14" c="39 42" t="1"/>
		<b id="15" c="42 45" t="1"/>
		<b id="16" c="45 46" t="2"/>
		<b id="17" c="45 47" t="1"/>
		<b id="18" c="47 48" t="1"/>
		<b id="19" c="32 33" t="1"/>
		<b id="20" c="32 34" t="1"/>
		<b id="21" c="32 35" t="1"/>
		<b id="22" c="29 30" t="1"/>
		<b id="23" c="29 31" t="1"/>
		<b id="24" c="26 27" t="1"/>
		<b id="25" c="26 28" t="1"/>
		<b id="26" c="23 24" t="1"/>
		<b id="27" c="23 25" t="1"/>
		<b id="28" c="20 21" t="1"/>
		<b id="29" c="20 22" t="1"/>
		<b id="30" c="17 18" t="1"/>
		<b id="31" c="17 19" t="1"/>
		<b id="32" c="14 15" t="1"/>
		<b id="33" c="14 16" t="1"/>
		<b id="34" c="11 12" t="1"/>
		<b id="35" c="11 13" t="1"/>
		<b id="36" c="8 9" t="1"/>
		<b id="37" c="8 10" t="1"/>
		<b id="38" c="5 6" t="1"/>
		<b id="39" c="5 7" t="1"/>
		<b id="40" c="3 4" t="1"/>
		<b id="41" c="2 1" t="1"/>
		<b id="42" c="36 37" t="1"/>
		<b id="43" c="36 38" t="1"/>
		<b id="44" c="39 40" t="1"/>
		<b id="45" c="39 41" t="1"/>
		<b id="46" c="42 43" t="1"/>
		<b id="47" c="42 44" t="1"/>
		<b id="48" c="48 49" t="1"/>
		<b id="49" c="48 50" t="1"/>
		<b id="50" c="48 51" t="1"/>
	</bonds>
	<geometry>
		<g u="A" t="cart/3d">#51,3:-3.4489,-1.1183,-1.3770;-2.9763,-1.3944,-0.4337;-1.9697,-2.2816,-0.4832;-1.6813,-2.6631,-1.4625;-1.1858,-2.8313,0.6714;-1.8306,-2.9309,1.5521;-0.8833,-3.8565,0.4223;0.0529,-2.0152,1.0572;0.4785,-2.4909,1.9507;-0.2346,-1.0016,1.3609;1.1567,-1.9632,-0.0073;1.1949,-2.9063,-0.5648;2.1131,-1.8707,0.5208;1.0190,-0.7785,-0.9685;1.0310,0.1607,-0.4036;0.0487,-0.8156,-1.4728;2.0988,-0.7491,-2.0562;2.0037,-1.6513,-2.6733;1.8945,0.0998,-2.7209;3.5462,-0.6505,-1.5640;4.2018,-0.6441,-2.4441;3.8117,-1.5470,-0.9922;3.8216,0.6007,-0.7263;3.2211,0.5678,0.1881;3.5185,1.4926,-1.2871;5.3043,0.7047,-0.3588;5.5986,-0.1657,0.2404;5.9049,0.6743,-1.2764;5.6530,1.9890,0.3967;6.7417,2.0332,0.5216;5.3670,2.8627,-0.2004;5.0060,2.0812,1.7704;5.3718,2.9674,2.2986;3.9180,2.1667,1.6966;5.2448,1.2024,2.3778;-3.5433,-0.7308,0.7887;-4.6369,-0.7990,0.7448;-3.2523,-1.2677,1.6975;-3.1109,0.7333,0.9389;-3.5399,1.1217,1.8712;-2.0212,0.7781,1.0574;-3.5088,1.6465,-0.2182;-3.1440,2.6652,-0.0403;-3.0489,1.3219,-1.1580;-5.0014,1.7105,-0.4132;-5.5925,1.2007,-1.3552;-5.5859,2.4047,0.6013;-7.0062,2.5050,0.4914;-7.2857,3.0169,-0.4351;-7.3706,3.0959,1.3364;-7.4637,1.5118,0.5395;</g>
	</geometry>
	<conformers/>
	<properties/>
</molecule>
