<?xml version="1.0" ?>
<!--MOLLI PACKAGE EXPERIMENTAL XML FORMAT-->
<molecule name="react_83">
	<atoms>
		<a id="1" s="H" t="H" l="H"/>
		<a id="2" s="C" t="C.2" l="C"/>
		<a id="3" s="H" t="H" l="H"/>
		<a id="4" s="C" t="C.2" l="C"/>
		<a id="5" s="H" t="H" l="H"/>
		<a id="6" s="C" t="C.ar" l="C"/>
		<a id="7" s="C" t="C.ar" l="C"/>
		<a id="8" s="H" t="H" l="H"/>
		<a id="9" s="C" t="C.ar" l="C"/>
		<a id="10" s="H" t="H" l="H"/>
		<a id="11" s="C" t="C.ar" l="C"/>
		<a id="12" s="C" t="C.ar" l="C"/>
		<a id="13" s="H" t="H" l="H"/>
		<a id="14" s="C" t="C.ar" l="C"/>
		<a id="15" s="H" t="H" l="H"/>
		<a id="16" s="C" t="C.ar" l="C"/>
		<a id="17" s="H" t="H" l="H"/>
		<a id="18" s="C" t="C.ar" l="C"/>
		<a id="19" s="H" t="H" l="H"/>
		<a id="20" s="C" t="C.ar" l="C"/>
		<a id="21" s="C" t="C.ar" l="C"/>
		<a id="22" s="H" t="H" l="H"/>
	</atoms>
	<bonds>
		<b id="1" c="2 4" t="2"/>
		<b id="2" c="4 6" t="1"/>
		<b id="3" c="6 7" t="ar"/>
		<b id="4" c="7 9" t="ar"/>
		<b id="5" c="9 11" t="ar"/>
		<b id="6" c="11 12" t="ar"/>
		<b id="7" c="12 14" t="ar"/>
		<b id="8" c="14 16" t="ar"/>
		<b id="9" c="16 18" t="ar"/>
		<b id="10" c="18 20" t="ar"/>
		<b id="11" c="20 21" t="ar"/>
		<b id="12" c="21 6" t="ar"/>
		<b id="13" c="20 11" t="ar"/>
		<b id="14" c="2 1" t="1"/>
		<b id="15" c="2 3" t="1"/>
		<b id="16" c="4 5" t="1"/>
		<b id="17" c="7 8" t="1"/>
		<b id="18" c="9 10" t="1"/>
		<b id="19" c="12 13" t="1"/>
		<b id="20" c="14 15" t="1"/>
		<b id="21" c="16 17" t="1"/>
		<b id="22" c="18 19" t="1"/>
		<b id="23" c="21 22" t="1"/>
	</bonds>
	<geometry>
		<g u="A" t="cart/3d">#22,3:-3.2082,-1.9983,-0.2121;-3.7124,-1.0674,-0.4496;-4.7711,-1.1240,-0.6830;-3.0843,0.1155,-0.4404;-3.6493,1.0192,-0.6578;-1.6612,0.3000,-0.1252;-1.2628,1.4659,0.5359;-1.9990,2.2073,0.8381;0.0847,1.6934,0.8312;0.3610,2.6062,1.3539;1.0664,0.7634,0.4599;2.4243,0.9766,0.7484;2.7402,1.8750,1.2736;3.3894,0.0434,0.3667;4.4368,0.2208,0.5960;3.0096,-1.1129,-0.3082;3.7598,-1.8402,-0.6069;1.6638,-1.3389,-0.6018;1.3868,-2.2486,-1.1299;0.6794,-0.4111,-0.2231;-0.6809,-0.6246,-0.5114;-0.9727,-1.5209,-1.0542;</g>
	</geometry>
	<conformers/>
	<properties/>
</molecule>
