<?xml version="1.0" ?>
<!--MOLLI PACKAGE EXPERIMENTAL XML FORMAT-->
<molecule name="react_85">
	<atoms>
		<a id="1" s="H" t="H" l="H"/>
		<a id="2" s="C" t="C.2" l="C"/>
		<a id="3" s="H" t="H" l="H"/>
		<a id="4" s="C" t="C.2" l="C"/>
		<a id="5" s="H" t="H" l="H"/>
		<a id="6" s="C" t="C.ar" l="C"/>
		<a id="7" s="C" t="C.ar" l="C"/>
		<a id="8" s="H" t="H" l="H"/>
		<a id="9" s="C" t="C.ar" l="C"/>
		<a id="10" s="H" t="H" l="H"/>
		<a id="11" s="C" t="C.ar" l="C"/>
		<a id="12" s="O" t="O.3" l="O"/>
		<a id="13" s="C" t="C.3" l="C"/>
		<a id="14" s="H" t="H" l="H"/>
		<a id="15" s="H" t="H" l="H"/>
		<a id="16" s="H" t="H" l="H"/>
		<a id="17" s="C" t="C.ar" l="C"/>
		<a id="18" s="Br" t="Br" l="BR"/>
		<a id="19" s="C" t="C.ar" l="C"/>
		<a id="20" s="H" t="H" l="H"/>
	</atoms>
	<bonds>
		<b id="1" c="2 4" t="2"/>
		<b id="2" c="4 6" t="1"/>
		<b id="3" c="6 7" t="ar"/>
		<b id="4" c="7 9" t="ar"/>
		<b id="5" c="9 11" t="ar"/>
		<b id="6" c="11 12" t="1"/>
		<b id="7" c="12 13" t="1"/>
		<b id="8" c="11 17" t="ar"/>
		<b id="9" c="17 18" t="1"/>
		<b id="10" c="17 19" t="ar"/>
		<b id="11" c="19 6" t="ar"/>
		<b id="12" c="2 1" t="1"/>
		<b id="13" c="2 3" t="1"/>
		<b id="14" c="4 5" t="1"/>
		<b id="15" c="7 8" t="1"/>
		<b id="16" c="9 10" t="1"/>
		<b id="17" c="13 14" t="1"/>
		<b id="18" c="13 15" t="1"/>
		<b id="19" c="13 16" t="1"/>
		<b id="20" c="19 20" t="1"/>
	</bonds>
	<geometry>
		<g u="A" t="cart/3d">#20,3:-3.1711,1.9083,-1.0085;-3.6040,0.9967,-0.6097;-4.6865,0.9152,-0.6310;-2.8620,0.0100,-0.0902;-3.3592,-0.8667,0.3193;-1.3959,0.0267,-0.0029;-0.7753,-0.6190,1.0720;-1.3746,-1.0984,1.8440;0.6210,-0.6526,1.1852;1.0432,-1.1618,2.0453;1.4267,-0.0488,0.2166;2.7959,-0.0323,0.2460;3.4412,-0.6564,1.3477;3.1704,-0.1710,2.2911;3.2236,-1.7291,1.3764;4.5208,-0.5400,1.2122;0.8044,0.5837,-0.8701;1.8189,1.4198,-2.2454;-0.5914,0.6174,-0.9824;-1.0460,1.0982,-1.8448;</g>
	</geometry>
	<conformers/>
	<properties/>
</molecule>
