<?xml version="1.0" ?>
<!--MOLLI PACKAGE EXPERIMENTAL XML FORMAT-->
<molecule name="react_86">
	<atoms>
		<a id="1" s="H" t="H" l="H"/>
		<a id="2" s="C" t="C.2" l="C"/>
		<a id="3" s="C" t="C.2" l="C"/>
		<a id="4" s="O" t="O.2" l="O"/>
		<a id="5" s="O" t="O.3" l="O"/>
		<a id="6" s="C" t="C.3" l="C"/>
		<a id="7" s="H" t="H" l="H"/>
		<a id="8" s="H" t="H" l="H"/>
		<a id="9" s="C" t="C.3" l="C"/>
		<a id="10" s="H" t="H" l="H"/>
		<a id="11" s="H" t="H" l="H"/>
		<a id="12" s="H" t="H" l="H"/>
		<a id="13" s="C" t="C.2" l="C"/>
		<a id="14" s="H" t="H" l="H"/>
		<a id="15" s="C" t="C.ar" l="C"/>
		<a id="16" s="C" t="C.ar" l="C"/>
		<a id="17" s="H" t="H" l="H"/>
		<a id="18" s="C" t="C.ar" l="C"/>
		<a id="19" s="C" t="C.ar" l="C"/>
		<a id="20" s="C" t="C.ar" l="C"/>
		<a id="21" s="C" t="C.3" l="C"/>
		<a id="22" s="H" t="H" l="H"/>
		<a id="23" s="H" t="H" l="H"/>
		<a id="24" s="H" t="H" l="H"/>
		<a id="25" s="C" t="C.ar" l="C"/>
		<a id="26" s="O" t="O.3" l="O"/>
		<a id="27" s="C" t="C.3" l="C"/>
		<a id="28" s="H" t="H" l="H"/>
		<a id="29" s="H" t="H" l="H"/>
		<a id="30" s="H" t="H" l="H"/>
		<a id="31" s="O" t="O.3" l="O"/>
		<a id="32" s="C" t="C.3" l="C"/>
		<a id="33" s="H" t="H" l="H"/>
		<a id="34" s="H" t="H" l="H"/>
		<a id="35" s="O" t="O.3" l="O"/>
	</atoms>
	<bonds>
		<b id="1" c="9 6" t="1"/>
		<b id="2" c="6 5" t="1"/>
		<b id="3" c="5 3" t="1"/>
		<b id="4" c="3 4" t="2"/>
		<b id="5" c="3 2" t="1"/>
		<b id="6" c="2 13" t="2"/>
		<b id="7" c="13 15" t="1"/>
		<b id="8" c="15 16" t="ar"/>
		<b id="9" c="16 18" t="ar"/>
		<b id="10" c="18 19" t="ar"/>
		<b id="11" c="19 20" t="ar"/>
		<b id="12" c="20 21" t="1"/>
		<b id="13" c="20 25" t="ar"/>
		<b id="14" c="25 26" t="1"/>
		<b id="15" c="26 27" t="1"/>
		<b id="16" c="19 31" t="1"/>
		<b id="17" c="31 32" t="1"/>
		<b id="18" c="32 35" t="1"/>
		<b id="19" c="25 15" t="ar"/>
		<b id="20" c="35 18" t="1"/>
		<b id="21" c="9 10" t="1"/>
		<b id="22" c="9 11" t="1"/>
		<b id="23" c="9 12" t="1"/>
		<b id="24" c="6 7" t="1"/>
		<b id="25" c="6 8" t="1"/>
		<b id="26" c="2 1" t="1"/>
		<b id="27" c="13 14" t="1"/>
		<b id="28" c="16 17" t="1"/>
		<b id="29" c="21 22" t="1"/>
		<b id="30" c="21 23" t="1"/>
		<b id="31" c="21 24" t="1"/>
		<b id="32" c="27 28" t="1"/>
		<b id="33" c="27 29" t="1"/>
		<b id="34" c="27 30" t="1"/>
		<b id="35" c="32 33" t="1"/>
		<b id="36" c="32 34" t="1"/>
	</bonds>
	<geometry>
		<g u="A" t="cart/3d">#35,3:1.5891,2.0830,0.7272;1.8395,1.1402,0.2534;3.2801,0.9947,-0.0437;4.0872,1.8677,0.2391;3.5574,-0.1923,-0.6345;4.9353,-0.4162,-0.9652;5.4192,0.5059,-1.3074;4.9525,-1.1186,-1.8050;5.6658,-1.0201,0.2194;6.7030,-1.2497,-0.0404;5.1715,-1.9405,0.5473;5.6627,-0.3354,1.0734;0.9071,0.2201,-0.0417;1.1834,-0.6989,-0.5515;-0.5315,0.3850,0.2434;-0.9542,0.9936,1.4356;-0.2522,1.3495,2.1818;-2.3084,1.1303,1.6566;-3.2459,0.6980,0.7473;-2.8911,0.0906,-0.4452;-3.9415,-0.3536,-1.4151;-4.7983,0.3287,-1.4048;-3.5620,-0.3610,-2.4418;-4.2906,-1.3582,-1.1581;-1.5128,-0.1084,-0.6618;-1.0976,-0.7249,-1.8219;-1.1138,-2.1458,-1.6646;-0.5808,-2.4638,-0.7615;-2.1388,-2.5284,-1.6498;-0.6039,-2.5819,-2.5288;-4.5175,0.9447,1.1718;-4.2707,1.5824,2.4404;-4.7635,1.0001,3.2274;-4.7091,2.5868,2.4197;-2.8700,1.6962,2.7591;</g>
	</geometry>
	<conformers/>
	<properties/>
</molecule>
