<?xml version="1.0" ?>
<!--MOLLI PACKAGE EXPERIMENTAL XML FORMAT-->
<molecule name="react_93">
	<atoms>
		<a id="1" s="H" t="H" l="H"/>
		<a id="2" s="C" t="C.2" l="C"/>
		<a id="3" s="H" t="H" l="H"/>
		<a id="4" s="C" t="C.2" l="C"/>
		<a id="5" s="H" t="H" l="H"/>
		<a id="6" s="C" t="C.ar" l="C"/>
		<a id="7" s="O" t="O.2" l="O"/>
		<a id="8" s="C" t="C.ar" l="C"/>
		<a id="9" s="C" t="C.ar" l="C"/>
		<a id="10" s="C" t="C.ar" l="C"/>
		<a id="11" s="O" t="O.3" l="O"/>
		<a id="12" s="C" t="C.3" l="C"/>
		<a id="13" s="H" t="H" l="H"/>
		<a id="14" s="H" t="H" l="H"/>
		<a id="15" s="H" t="H" l="H"/>
		<a id="16" s="C" t="C.ar" l="C"/>
		<a id="17" s="H" t="H" l="H"/>
		<a id="18" s="C" t="C.ar" l="C"/>
		<a id="19" s="O" t="O.3" l="O"/>
		<a id="20" s="C" t="C.3" l="C"/>
		<a id="21" s="H" t="H" l="H"/>
		<a id="22" s="H" t="H" l="H"/>
		<a id="23" s="H" t="H" l="H"/>
		<a id="24" s="C" t="C.ar" l="C"/>
		<a id="25" s="H" t="H" l="H"/>
		<a id="26" s="C" t="C.ar" l="C"/>
		<a id="27" s="C" t="C.3" l="C"/>
		<a id="28" s="H" t="H" l="H"/>
		<a id="29" s="H" t="H" l="H"/>
		<a id="30" s="O" t="O.3" l="O"/>
		<a id="31" s="Si" t="Si" l="SI"/>
		<a id="32" s="C" t="C.3" l="C"/>
		<a id="33" s="H" t="H" l="H"/>
		<a id="34" s="H" t="H" l="H"/>
		<a id="35" s="H" t="H" l="H"/>
		<a id="36" s="C" t="C.3" l="C"/>
		<a id="37" s="H" t="H" l="H"/>
		<a id="38" s="H" t="H" l="H"/>
		<a id="39" s="H" t="H" l="H"/>
		<a id="40" s="C" t="C.3" l="C"/>
		<a id="41" s="C" t="C.3" l="C"/>
		<a id="42" s="H" t="H" l="H"/>
		<a id="43" s="H" t="H" l="H"/>
		<a id="44" s="H" t="H" l="H"/>
		<a id="45" s="C" t="C.3" l="C"/>
		<a id="46" s="H" t="H" l="H"/>
		<a id="47" s="H" t="H" l="H"/>
		<a id="48" s="H" t="H" l="H"/>
		<a id="49" s="C" t="C.3" l="C"/>
		<a id="50" s="H" t="H" l="H"/>
		<a id="51" s="H" t="H" l="H"/>
		<a id="52" s="H" t="H" l="H"/>
		<a id="53" s="C" t="C.ar" l="C"/>
		<a id="54" s="H" t="H" l="H"/>
		<a id="55" s="C" t="C.ar" l="C"/>
		<a id="56" s="H" t="H" l="H"/>
	</atoms>
	<bonds>
		<b id="1" c="2 4" t="2"/>
		<b id="2" c="4 6" t="1"/>
		<b id="3" c="6 55" t="ar"/>
		<b id="4" c="55 53" t="ar"/>
		<b id="5" c="53 8" t="ar"/>
		<b id="6" c="8 9" t="1"/>
		<b id="7" c="9 26" t="ar"/>
		<b id="8" c="26 27" t="1"/>
		<b id="9" c="27 30" t="1"/>
		<b id="10" c="30 31" t="1"/>
		<b id="11" c="31 32" t="1"/>
		<b id="12" c="31 36" t="1"/>
		<b id="13" c="31 40" t="1"/>
		<b id="14" c="40 41" t="1"/>
		<b id="15" c="40 45" t="1"/>
		<b id="16" c="40 49" t="1"/>
		<b id="17" c="26 24" t="ar"/>
		<b id="18" c="24 18" t="ar"/>
		<b id="19" c="18 19" t="1"/>
		<b id="20" c="19 20" t="1"/>
		<b id="21" c="18 16" t="ar"/>
		<b id="22" c="16 10" t="ar"/>
		<b id="23" c="10 11" t="1"/>
		<b id="24" c="11 12" t="1"/>
		<b id="25" c="8 7" t="ar"/>
		<b id="26" c="7 6" t="ar"/>
		<b id="27" c="10 9" t="ar"/>
		<b id="28" c="2 1" t="1"/>
		<b id="29" c="2 3" t="1"/>
		<b id="30" c="4 5" t="1"/>
		<b id="31" c="55 56" t="1"/>
		<b id="32" c="53 54" t="1"/>
		<b id="33" c="27 28" t="1"/>
		<b id="34" c="27 29" t="1"/>
		<b id="35" c="32 33" t="1"/>
		<b id="36" c="32 34" t="1"/>
		<b id="37" c="32 35" t="1"/>
		<b id="38" c="36 37" t="1"/>
		<b id="39" c="36 38" t="1"/>
		<b id="40" c="36 39" t="1"/>
		<b id="41" c="41 42" t="1"/>
		<b id="42" c="41 43" t="1"/>
		<b id="43" c="41 44" t="1"/>
		<b id="44" c="45 46" t="1"/>
		<b id="45" c="45 47" t="1"/>
		<b id="46" c="45 48" t="1"/>
		<b id="47" c="49 50" t="1"/>
		<b id="48" c="49 51" t="1"/>
		<b id="49" c="49 52" t="1"/>
		<b id="50" c="24 25" t="1"/>
		<b id="51" c="20 21" t="1"/>
		<b id="52" c="20 22" t="1"/>
		<b id="53" c="20 23" t="1"/>
		<b id="54" c="16 17" t="1"/>
		<b id="55" c="12 13" t="1"/>
		<b id="56" c="12 14" t="1"/>
		<b id="57" c="12 15" t="1"/>
	</bonds>
	<geometry>
		<g u="A" t="cart/3d">#56,3:3.5586,5.4880,-1.6632;3.1077,5.4244,-0.6791;2.9732,6.3574,-0.1402;2.7238,4.2690,-0.1235;2.2770,4.2700,0.8669;2.8680,3.0091,-0.7658;2.4269,1.8471,-0.1699;2.6825,0.7954,-0.9979;2.2752,-0.5249,-0.5109;3.1831,-1.6111,-0.5711;4.4210,-1.3537,-1.1156;5.4696,-2.2670,-0.8192;6.4098,-1.8124,-1.1462;5.5479,-2.4555,0.2569;5.3414,-3.1999,-1.3771;2.8037,-2.8799,-0.1068;3.4943,-3.7088,-0.1809;1.5397,-3.0822,0.4420;1.0565,-4.2613,0.9402;1.9186,-5.3903,0.8928;2.1710,-5.6508,-0.1404;2.8206,-5.2238,1.4909;1.3826,-6.2390,1.3284;0.6449,-2.0149,0.5083;-0.3401,-2.1906,0.9388;0.9793,-0.7371,0.0219;-0.0342,0.3920,0.1082;0.2241,1.0170,0.9721;0.0038,0.9834,-0.8145;-1.3628,-0.1128,0.2594;-2.6321,0.9735,0.3982;-2.4787,2.0525,1.9246;-1.5880,2.6846,1.8599;-2.3955,1.4404,2.8272;-3.3491,2.7061,2.0308;-2.8268,2.0389,-1.1327;-3.7009,2.6908,-1.0471;-1.9460,2.6724,-1.2741;-2.9457,1.4190,-2.0259;-4.3804,-0.1365,0.6030;-4.5481,-1.0232,-0.6479;-4.6421,-0.4217,-1.5588;-5.4494,-1.6415,-0.5670;-3.6943,-1.6975,-0.7804;-4.2545,-1.0220,1.8598;-3.3934,-1.6967,1.7919;-4.1351,-0.4197,2.7672;-5.1503,-1.6400,1.9900;-5.5816,0.8177,0.7431;-5.4843,1.4632,1.6228;-6.5143,0.2523,0.8514;-5.6887,1.4639,-0.1350;3.3036,1.2518,-2.1373;3.6338,0.6433,-2.9671;3.4167,2.6553,-1.9936;3.8574,3.3361,-2.7077;</g>
	</geometry>
	<conformers/>
	<properties/>
</molecule>
