<?xml version="1.0" ?>
<!--MOLLI PACKAGE EXPERIMENTAL XML FORMAT-->
<molecule name="react_94">
	<atoms>
		<a id="1" s="H" t="H" l="H"/>
		<a id="2" s="O" t="O.3" l="O"/>
		<a id="3" s="C" t="C.3" l="C"/>
		<a id="4" s="H" t="H" l="H"/>
		<a id="5" s="H" t="H" l="H"/>
		<a id="6" s="C" t="C.ar" l="C"/>
		<a id="7" s="C" t="C.ar" l="C"/>
		<a id="8" s="H" t="H" l="H"/>
		<a id="9" s="C" t="C.ar" l="C"/>
		<a id="10" s="H" t="H" l="H"/>
		<a id="11" s="C" t="C.ar" l="C"/>
		<a id="12" s="H" t="H" l="H"/>
		<a id="13" s="C" t="C.ar" l="C"/>
		<a id="14" s="H" t="H" l="H"/>
		<a id="15" s="C" t="C.ar" l="C"/>
		<a id="16" s="C" t="C.ar" l="C"/>
		<a id="17" s="O" t="O.2" l="O"/>
		<a id="18" s="C" t="C.ar" l="C"/>
		<a id="19" s="C" t="C.2" l="C"/>
		<a id="20" s="H" t="H" l="H"/>
		<a id="21" s="C" t="C.2" l="C"/>
		<a id="22" s="H" t="H" l="H"/>
		<a id="23" s="H" t="H" l="H"/>
		<a id="24" s="C" t="C.ar" l="C"/>
		<a id="25" s="H" t="H" l="H"/>
		<a id="26" s="C" t="C.ar" l="C"/>
		<a id="27" s="H" t="H" l="H"/>
	</atoms>
	<bonds>
		<b id="1" c="21 19" t="2"/>
		<b id="2" c="19 18" t="1"/>
		<b id="3" c="18 24" t="ar"/>
		<b id="4" c="24 26" t="ar"/>
		<b id="5" c="26 16" t="ar"/>
		<b id="6" c="16 15" t="1"/>
		<b id="7" c="15 13" t="ar"/>
		<b id="8" c="13 11" t="ar"/>
		<b id="9" c="11 9" t="ar"/>
		<b id="10" c="9 7" t="ar"/>
		<b id="11" c="7 6" t="ar"/>
		<b id="12" c="6 3" t="1"/>
		<b id="13" c="3 2" t="1"/>
		<b id="14" c="16 17" t="ar"/>
		<b id="15" c="17 18" t="ar"/>
		<b id="16" c="6 15" t="ar"/>
		<b id="17" c="21 22" t="1"/>
		<b id="18" c="21 23" t="1"/>
		<b id="19" c="19 20" t="1"/>
		<b id="20" c="24 25" t="1"/>
		<b id="21" c="26 27" t="1"/>
		<b id="22" c="13 14" t="1"/>
		<b id="23" c="11 12" t="1"/>
		<b id="24" c="9 10" t="1"/>
		<b id="25" c="7 8" t="1"/>
		<b id="26" c="3 4" t="1"/>
		<b id="27" c="3 5" t="1"/>
		<b id="28" c="2 1" t="1"/>
	</bonds>
	<geometry>
		<g u="A" t="cart/3d">#27,3:-2.5735,2.8545,2.2362;-2.8441,2.0072,1.8456;-1.7674,1.5835,1.0137;-1.6726,2.3117,0.2026;-0.8623,1.5892,1.6298;-1.9917,0.2041,0.4369;-3.2535,-0.4128,0.5421;-4.0760,0.1064,1.0315;-3.4774,-1.6961,0.0416;-4.4583,-2.1531,0.1426;-2.4439,-2.3894,-0.5754;-2.6109,-3.3914,-0.9608;-1.1899,-1.7926,-0.7009;-0.3903,-2.3442,-1.1924;-0.9490,-0.4947,-0.2133;0.3777,0.0777,-0.4124;1.4213,-0.7052,-0.0233;2.6019,-0.0379,-0.2697;3.8596,-0.6202,0.0464;3.8457,-1.6097,0.4956;5.0293,-0.0117,-0.1824;5.9590,-0.5072,0.0808;5.1088,0.9736,-0.6275;2.2671,1.1876,-0.8362;2.9681,1.9462,-1.1546;0.8560,1.2586,-0.9299;0.2665,2.0660,-1.3395;</g>
	</geometry>
	<conformers/>
	<properties/>
</molecule>
