<?xml version="1.0" ?>
<!--MOLLI PACKAGE EXPERIMENTAL XML FORMAT-->
<molecule name="react_95">
	<atoms>
		<a id="1" s="H" t="H" l="H"/>
		<a id="2" s="C" t="C.2" l="C"/>
		<a id="3" s="H" t="H" l="H"/>
		<a id="4" s="C" t="C.2" l="C"/>
		<a id="5" s="H" t="H" l="H"/>
		<a id="6" s="C" t="C.ar" l="C"/>
		<a id="7" s="O" t="O.2" l="O"/>
		<a id="8" s="C" t="C.ar" l="C"/>
		<a id="9" s="C" t="C.ar" l="C"/>
		<a id="10" s="C" t="C.ar" l="C"/>
		<a id="11" s="H" t="H" l="H"/>
		<a id="12" s="C" t="C.ar" l="C"/>
		<a id="13" s="H" t="H" l="H"/>
		<a id="14" s="C" t="C.ar" l="C"/>
		<a id="15" s="H" t="H" l="H"/>
		<a id="16" s="C" t="C.ar" l="C"/>
		<a id="17" s="H" t="H" l="H"/>
		<a id="18" s="C" t="C.ar" l="C"/>
		<a id="19" s="C" t="C.3" l="C"/>
		<a id="20" s="H" t="H" l="H"/>
		<a id="21" s="H" t="H" l="H"/>
		<a id="22" s="O" t="O.3" l="O"/>
		<a id="23" s="Si" t="Si" l="SI"/>
		<a id="24" s="C" t="C.3" l="C"/>
		<a id="25" s="H" t="H" l="H"/>
		<a id="26" s="H" t="H" l="H"/>
		<a id="27" s="H" t="H" l="H"/>
		<a id="28" s="C" t="C.3" l="C"/>
		<a id="29" s="H" t="H" l="H"/>
		<a id="30" s="H" t="H" l="H"/>
		<a id="31" s="H" t="H" l="H"/>
		<a id="32" s="C" t="C.3" l="C"/>
		<a id="33" s="C" t="C.3" l="C"/>
		<a id="34" s="H" t="H" l="H"/>
		<a id="35" s="H" t="H" l="H"/>
		<a id="36" s="H" t="H" l="H"/>
		<a id="37" s="C" t="C.3" l="C"/>
		<a id="38" s="H" t="H" l="H"/>
		<a id="39" s="H" t="H" l="H"/>
		<a id="40" s="H" t="H" l="H"/>
		<a id="41" s="C" t="C.3" l="C"/>
		<a id="42" s="H" t="H" l="H"/>
		<a id="43" s="H" t="H" l="H"/>
		<a id="44" s="H" t="H" l="H"/>
		<a id="45" s="C" t="C.ar" l="C"/>
		<a id="46" s="H" t="H" l="H"/>
		<a id="47" s="C" t="C.ar" l="C"/>
		<a id="48" s="H" t="H" l="H"/>
	</atoms>
	<bonds>
		<b id="1" c="2 4" t="2"/>
		<b id="2" c="4 6" t="1"/>
		<b id="3" c="6 47" t="ar"/>
		<b id="4" c="47 45" t="ar"/>
		<b id="5" c="45 8" t="ar"/>
		<b id="6" c="8 9" t="1"/>
		<b id="7" c="9 10" t="ar"/>
		<b id="8" c="10 12" t="ar"/>
		<b id="9" c="12 14" t="ar"/>
		<b id="10" c="14 16" t="ar"/>
		<b id="11" c="16 18" t="ar"/>
		<b id="12" c="18 19" t="1"/>
		<b id="13" c="19 22" t="1"/>
		<b id="14" c="22 23" t="1"/>
		<b id="15" c="23 24" t="1"/>
		<b id="16" c="23 28" t="1"/>
		<b id="17" c="23 32" t="1"/>
		<b id="18" c="32 33" t="1"/>
		<b id="19" c="32 37" t="1"/>
		<b id="20" c="32 41" t="1"/>
		<b id="21" c="8 7" t="ar"/>
		<b id="22" c="7 6" t="ar"/>
		<b id="23" c="18 9" t="ar"/>
		<b id="24" c="2 1" t="1"/>
		<b id="25" c="2 3" t="1"/>
		<b id="26" c="4 5" t="1"/>
		<b id="27" c="47 48" t="1"/>
		<b id="28" c="45 46" t="1"/>
		<b id="29" c="10 11" t="1"/>
		<b id="30" c="12 13" t="1"/>
		<b id="31" c="14 15" t="1"/>
		<b id="32" c="16 17" t="1"/>
		<b id="33" c="19 20" t="1"/>
		<b id="34" c="19 21" t="1"/>
		<b id="35" c="24 25" t="1"/>
		<b id="36" c="24 26" t="1"/>
		<b id="37" c="24 27" t="1"/>
		<b id="38" c="28 29" t="1"/>
		<b id="39" c="28 30" t="1"/>
		<b id="40" c="28 31" t="1"/>
		<b id="41" c="33 34" t="1"/>
		<b id="42" c="33 35" t="1"/>
		<b id="43" c="33 36" t="1"/>
		<b id="44" c="37 38" t="1"/>
		<b id="45" c="37 39" t="1"/>
		<b id="46" c="37 40" t="1"/>
		<b id="47" c="41 42" t="1"/>
		<b id="48" c="41 43" t="1"/>
		<b id="49" c="41 44" t="1"/>
	</bonds>
	<geometry>
		<g u="A" t="cart/3d">#48,3:4.7432,3.5568,-1.6450;4.7670,2.7405,-2.3582;5.2175,2.9465,-3.3243;4.2741,1.5241,-2.0962;4.3278,0.7464,-2.8533;3.6689,1.1776,-0.8574;3.1797,-0.0909,-0.6293;2.6506,-0.1422,0.6229;2.0767,-1.4221,1.0136;2.8876,-2.5675,0.9188;3.9036,-2.4817,0.5369;2.4184,-3.8190,1.3179;3.0622,-4.6910,1.2399;1.1294,-3.9443,1.8211;0.7590,-4.9152,2.1394;0.3070,-2.8216,1.9098;-0.7040,-2.9380,2.2983;0.7550,-1.5527,1.4902;-0.1962,-0.3755,1.5842;0.1267,0.4784,0.9809;-0.2055,-0.0365,2.6273;-1.5376,-0.7371,1.2467;-2.0935,-0.5720,-0.3291;-0.7549,-0.7346,-1.6331;0.0113,0.0368,-1.5153;-0.2689,-1.7125,-1.5651;-1.1797,-0.6401,-2.6368;-3.4600,-1.8173,-0.6820;-4.2860,-1.6983,0.0246;-3.0749,-2.8371,-0.5880;-3.8497,-1.6919,-1.6960;-2.9349,1.3210,-0.5363;-3.4951,1.4742,-1.9643;-4.2655,0.7258,-2.1796;-2.7081,1.3708,-2.7192;-3.9507,2.4622,-2.0973;-1.8504,2.3867,-0.2794;-1.0100,2.2848,-0.9748;-2.2612,3.3952,-0.4040;-1.4534,2.3193,0.7393;-4.0701,1.4708,0.4974;-4.8656,0.7359,0.3321;-4.5236,2.4666,0.4339;-3.7016,1.3391,1.5211;2.7977,1.0778,1.2395;2.4856,1.3308,2.2426;3.4400,1.9177,0.2983;3.7117,2.9534,0.4466;</g>
	</geometry>
	<conformers/>
	<properties/>
</molecule>
