<?xml version="1.0" ?>
<!--MOLLI PACKAGE EXPERIMENTAL XML FORMAT-->
<molecule name="react_96">
	<atoms>
		<a id="1" s="H" t="H" l="H"/>
		<a id="2" s="O" t="O.3" l="O"/>
		<a id="3" s="C" t="C.3" l="C"/>
		<a id="4" s="H" t="H" l="H"/>
		<a id="5" s="H" t="H" l="H"/>
		<a id="6" s="C" t="C.ar" l="C"/>
		<a id="7" s="C" t="C.ar" l="C"/>
		<a id="8" s="H" t="H" l="H"/>
		<a id="9" s="C" t="C.ar" l="C"/>
		<a id="10" s="O" t="O.3" l="O"/>
		<a id="11" s="C" t="C.3" l="C"/>
		<a id="12" s="H" t="H" l="H"/>
		<a id="13" s="H" t="H" l="H"/>
		<a id="14" s="H" t="H" l="H"/>
		<a id="15" s="C" t="C.ar" l="C"/>
		<a id="16" s="H" t="H" l="H"/>
		<a id="17" s="C" t="C.ar" l="C"/>
		<a id="18" s="O" t="O.3" l="O"/>
		<a id="19" s="C" t="C.3" l="C"/>
		<a id="20" s="H" t="H" l="H"/>
		<a id="21" s="H" t="H" l="H"/>
		<a id="22" s="H" t="H" l="H"/>
		<a id="23" s="C" t="C.ar" l="C"/>
		<a id="24" s="C" t="C.ar" l="C"/>
		<a id="25" s="O" t="O.2" l="O"/>
		<a id="26" s="C" t="C.ar" l="C"/>
		<a id="27" s="C" t="C.2" l="C"/>
		<a id="28" s="H" t="H" l="H"/>
		<a id="29" s="C" t="C.2" l="C"/>
		<a id="30" s="H" t="H" l="H"/>
		<a id="31" s="H" t="H" l="H"/>
		<a id="32" s="C" t="C.ar" l="C"/>
		<a id="33" s="H" t="H" l="H"/>
		<a id="34" s="C" t="C.ar" l="C"/>
		<a id="35" s="H" t="H" l="H"/>
	</atoms>
	<bonds>
		<b id="1" c="29 27" t="2"/>
		<b id="2" c="27 26" t="1"/>
		<b id="3" c="26 32" t="ar"/>
		<b id="4" c="32 34" t="ar"/>
		<b id="5" c="34 24" t="ar"/>
		<b id="6" c="24 23" t="1"/>
		<b id="7" c="23 6" t="ar"/>
		<b id="8" c="6 3" t="1"/>
		<b id="9" c="3 2" t="1"/>
		<b id="10" c="6 7" t="ar"/>
		<b id="11" c="7 9" t="ar"/>
		<b id="12" c="9 10" t="1"/>
		<b id="13" c="10 11" t="1"/>
		<b id="14" c="9 15" t="ar"/>
		<b id="15" c="15 17" t="ar"/>
		<b id="16" c="17 18" t="1"/>
		<b id="17" c="18 19" t="1"/>
		<b id="18" c="24 25" t="ar"/>
		<b id="19" c="25 26" t="ar"/>
		<b id="20" c="17 23" t="ar"/>
		<b id="21" c="29 30" t="1"/>
		<b id="22" c="29 31" t="1"/>
		<b id="23" c="27 28" t="1"/>
		<b id="24" c="32 33" t="1"/>
		<b id="25" c="34 35" t="1"/>
		<b id="26" c="3 4" t="1"/>
		<b id="27" c="3 5" t="1"/>
		<b id="28" c="2 1" t="1"/>
		<b id="29" c="7 8" t="1"/>
		<b id="30" c="11 12" t="1"/>
		<b id="31" c="11 13" t="1"/>
		<b id="32" c="11 14" t="1"/>
		<b id="33" c="15 16" t="1"/>
		<b id="34" c="19 20" t="1"/>
		<b id="35" c="19 21" t="1"/>
		<b id="36" c="19 22" t="1"/>
	</bonds>
	<geometry>
		<g u="A" t="cart/3d">#35,3:0.2832,1.5890,1.6071;-0.3547,1.4017,2.3231;-0.5249,-0.0077,2.3146;-1.2312,-0.2720,3.1092;0.4220,-0.4948,2.5711;-1.0405,-0.4548,0.9677;-2.4349,-0.6280,0.8178;-3.0715,-0.4129,1.6723;-2.9824,-1.0764,-0.3842;-4.3085,-1.2974,-0.6326;-5.2258,-0.9318,0.3911;-6.2363,-1.1252,0.0176;-5.1552,0.1359,0.6211;-5.0799,-1.5426,1.2882;-2.1357,-1.3480,-1.4547;-2.5489,-1.7175,-2.3889;-0.7599,-1.1329,-1.3397;0.0159,-1.4120,-2.4411;0.1050,-0.2580,-3.2791;0.6758,-0.5345,-4.1700;0.6333,0.5588,-2.7753;-0.8850,0.0777,-3.6049;-0.1844,-0.6967,-0.1317;1.2594,-0.5064,-0.0353;1.6704,0.6870,0.4795;3.0492,0.7185,0.4918;3.7586,1.8453,0.9910;3.1692,2.6821,1.3569;5.0942,1.9173,1.0174;5.5830,2.8049,1.4081;5.7385,1.1220,0.6610;3.4904,-0.4837,-0.0506;4.5227,-0.7704,-0.1921;2.3549,-1.2581,-0.3883;2.3340,-2.2408,-0.8382;</g>
	</geometry>
	<conformers/>
	<properties/>
</molecule>
