<?xml version="1.0" ?>
<!--MOLLI PACKAGE EXPERIMENTAL XML FORMAT-->
<molecule name="react_74">
	<atoms>
		<a id="1" s="H" t="H" l="H"/>
		<a id="2" s="C" t="C.2" l="C"/>
		<a id="3" s="C" t="C.2" l="C"/>
		<a id="4" s="H" t="H" l="H"/>
		<a id="5" s="Si" t="Si" l="SI"/>
		<a id="6" s="C" t="C.3" l="C"/>
		<a id="7" s="H" t="H" l="H"/>
		<a id="8" s="H" t="H" l="H"/>
		<a id="9" s="C" t="C.3" l="C"/>
		<a id="10" s="H" t="H" l="H"/>
		<a id="11" s="H" t="H" l="H"/>
		<a id="12" s="H" t="H" l="H"/>
		<a id="13" s="C" t="C.3" l="C"/>
		<a id="14" s="H" t="H" l="H"/>
		<a id="15" s="H" t="H" l="H"/>
		<a id="16" s="C" t="C.3" l="C"/>
		<a id="17" s="H" t="H" l="H"/>
		<a id="18" s="H" t="H" l="H"/>
		<a id="19" s="H" t="H" l="H"/>
		<a id="20" s="C" t="C.3" l="C"/>
		<a id="21" s="H" t="H" l="H"/>
		<a id="22" s="H" t="H" l="H"/>
		<a id="23" s="C" t="C.3" l="C"/>
		<a id="24" s="H" t="H" l="H"/>
		<a id="25" s="H" t="H" l="H"/>
		<a id="26" s="H" t="H" l="H"/>
		<a id="27" s="C" t="C.3" l="C"/>
		<a id="28" s="H" t="H" l="H"/>
		<a id="29" s="H" t="H" l="H"/>
		<a id="30" s="C" t="C.3" l="C"/>
		<a id="31" s="H" t="H" l="H"/>
		<a id="32" s="H" t="H" l="H"/>
		<a id="33" s="C" t="C.3" l="C"/>
		<a id="34" s="H" t="H" l="H"/>
		<a id="35" s="H" t="H" l="H"/>
		<a id="36" s="C" t="C.3" l="C"/>
		<a id="37" s="H" t="H" l="H"/>
		<a id="38" s="H" t="H" l="H"/>
		<a id="39" s="H" t="H" l="H"/>
	</atoms>
	<bonds>
		<b id="1" c="36 33" t="1"/>
		<b id="2" c="33 30" t="1"/>
		<b id="3" c="30 27" t="1"/>
		<b id="4" c="27 2" t="1"/>
		<b id="5" c="2 3" t="2"/>
		<b id="6" c="3 5" t="1"/>
		<b id="7" c="5 6" t="1"/>
		<b id="8" c="6 9" t="1"/>
		<b id="9" c="5 13" t="1"/>
		<b id="10" c="13 16" t="1"/>
		<b id="11" c="5 20" t="1"/>
		<b id="12" c="20 23" t="1"/>
		<b id="13" c="36 37" t="1"/>
		<b id="14" c="36 38" t="1"/>
		<b id="15" c="36 39" t="1"/>
		<b id="16" c="33 34" t="1"/>
		<b id="17" c="33 35" t="1"/>
		<b id="18" c="30 31" t="1"/>
		<b id="19" c="30 32" t="1"/>
		<b id="20" c="27 28" t="1"/>
		<b id="21" c="27 29" t="1"/>
		<b id="22" c="2 1" t="1"/>
		<b id="23" c="3 4" t="1"/>
		<b id="24" c="6 7" t="1"/>
		<b id="25" c="6 8" t="1"/>
		<b id="26" c="9 10" t="1"/>
		<b id="27" c="9 11" t="1"/>
		<b id="28" c="9 12" t="1"/>
		<b id="29" c="13 14" t="1"/>
		<b id="30" c="13 15" t="1"/>
		<b id="31" c="16 17" t="1"/>
		<b id="32" c="16 18" t="1"/>
		<b id="33" c="16 19" t="1"/>
		<b id="34" c="20 21" t="1"/>
		<b id="35" c="20 22" t="1"/>
		<b id="36" c="23 24" t="1"/>
		<b id="37" c="23 25" t="1"/>
		<b id="38" c="23 26" t="1"/>
	</bonds>
	<geometry>
		<g u="A" t="cart/3d">#39,3:2.1473,-1.7114,1.3970;1.4371,-0.9253,1.1365;0.1487,-1.2869,1.0299;-0.1075,-2.3288,1.2034;-1.3512,-0.2591,0.6086;-1.6960,0.9173,2.0685;-0.8268,1.5717,2.1964;-1.7669,0.3026,2.9735;-2.9473,1.7757,1.9652;-3.0794,2.3561,2.8844;-3.8459,1.1672,1.8208;-2.8774,2.4856,1.1359;-1.0391,0.7035,-0.9997;-0.5084,0.0363,-1.6889;-0.3602,1.5338,-0.7766;-2.2657,1.2523,-1.7151;-2.9533,0.4526,-2.0085;-1.9620,1.7795,-2.6257;-2.8187,1.9595,-1.0910;-2.8494,-1.4264,0.3893;-3.0323,-1.9213,1.3499;-3.7296,-0.8109,0.1732;-2.7037,-2.4842,-0.6967;-2.5371,-2.0323,-1.6800;-1.8667,-3.1595,-0.4905;-3.6143,-3.0893,-0.7551;2.0534,0.4374,0.9694;2.7149,0.6239,1.8245;1.2926,1.2226,1.0095;2.8425,0.5899,-0.3352;3.1496,1.6394,-0.4275;2.1908,0.3766,-1.1916;4.0868,-0.2987,-0.4024;3.8030,-1.3563,-0.3731;4.7277,-0.1083,0.4662;4.8819,-0.0429,-1.6737;5.2192,0.9973,-1.7233;4.2778,-0.2516,-2.5625;5.7656,-0.6880,-1.7042;</g>
	</geometry>
	<conformers/>
	<properties/>
</molecule>
