<?xml version="1.0" ?>
<!--MOLLI PACKAGE EXPERIMENTAL XML FORMAT-->
<molecule name="react_100">
	<atoms>
		<a id="1" s="H" t="H" l="H"/>
		<a id="2" s="C" t="C.2" l="C"/>
		<a id="3" s="H" t="H" l="H"/>
		<a id="4" s="C" t="C.2" l="C"/>
		<a id="5" s="C" t="C.3" l="C"/>
		<a id="6" s="H" t="H" l="H"/>
		<a id="7" s="H" t="H" l="H"/>
		<a id="8" s="H" t="H" l="H"/>
		<a id="9" s="C" t="C.3" l="C"/>
		<a id="10" s="H" t="H" l="H"/>
		<a id="11" s="H" t="H" l="H"/>
		<a id="12" s="O" t="O.3" l="O"/>
		<a id="13" s="Si" t="Si" l="SI"/>
		<a id="14" s="C" t="C.ar" l="C"/>
		<a id="15" s="C" t="C.ar" l="C"/>
		<a id="16" s="H" t="H" l="H"/>
		<a id="17" s="C" t="C.ar" l="C"/>
		<a id="18" s="H" t="H" l="H"/>
		<a id="19" s="C" t="C.ar" l="C"/>
		<a id="20" s="H" t="H" l="H"/>
		<a id="21" s="C" t="C.ar" l="C"/>
		<a id="22" s="H" t="H" l="H"/>
		<a id="23" s="C" t="C.ar" l="C"/>
		<a id="24" s="H" t="H" l="H"/>
		<a id="25" s="C" t="C.ar" l="C"/>
		<a id="26" s="C" t="C.ar" l="C"/>
		<a id="27" s="H" t="H" l="H"/>
		<a id="28" s="C" t="C.ar" l="C"/>
		<a id="29" s="H" t="H" l="H"/>
		<a id="30" s="C" t="C.ar" l="C"/>
		<a id="31" s="H" t="H" l="H"/>
		<a id="32" s="C" t="C.ar" l="C"/>
		<a id="33" s="H" t="H" l="H"/>
		<a id="34" s="C" t="C.ar" l="C"/>
		<a id="35" s="H" t="H" l="H"/>
		<a id="36" s="C" t="C.3" l="C"/>
		<a id="37" s="C" t="C.3" l="C"/>
		<a id="38" s="H" t="H" l="H"/>
		<a id="39" s="H" t="H" l="H"/>
		<a id="40" s="H" t="H" l="H"/>
		<a id="41" s="C" t="C.3" l="C"/>
		<a id="42" s="H" t="H" l="H"/>
		<a id="43" s="H" t="H" l="H"/>
		<a id="44" s="H" t="H" l="H"/>
		<a id="45" s="C" t="C.3" l="C"/>
		<a id="46" s="H" t="H" l="H"/>
		<a id="47" s="H" t="H" l="H"/>
		<a id="48" s="H" t="H" l="H"/>
	</atoms>
	<bonds>
		<b id="1" c="2 4" t="2"/>
		<b id="2" c="4 5" t="1"/>
		<b id="3" c="4 9" t="1"/>
		<b id="4" c="9 12" t="1"/>
		<b id="5" c="12 13" t="1"/>
		<b id="6" c="13 14" t="1"/>
		<b id="7" c="14 15" t="ar"/>
		<b id="8" c="15 17" t="ar"/>
		<b id="9" c="17 19" t="ar"/>
		<b id="10" c="19 21" t="ar"/>
		<b id="11" c="21 23" t="ar"/>
		<b id="12" c="13 25" t="1"/>
		<b id="13" c="25 26" t="ar"/>
		<b id="14" c="26 28" t="ar"/>
		<b id="15" c="28 30" t="ar"/>
		<b id="16" c="30 32" t="ar"/>
		<b id="17" c="32 34" t="ar"/>
		<b id="18" c="13 36" t="1"/>
		<b id="19" c="36 37" t="1"/>
		<b id="20" c="36 41" t="1"/>
		<b id="21" c="36 45" t="1"/>
		<b id="22" c="23 14" t="ar"/>
		<b id="23" c="34 25" t="ar"/>
		<b id="24" c="2 1" t="1"/>
		<b id="25" c="2 3" t="1"/>
		<b id="26" c="5 6" t="1"/>
		<b id="27" c="5 7" t="1"/>
		<b id="28" c="5 8" t="1"/>
		<b id="29" c="9 10" t="1"/>
		<b id="30" c="9 11" t="1"/>
		<b id="31" c="15 16" t="1"/>
		<b id="32" c="17 18" t="1"/>
		<b id="33" c="19 20" t="1"/>
		<b id="34" c="21 22" t="1"/>
		<b id="35" c="23 24" t="1"/>
		<b id="36" c="26 27" t="1"/>
		<b id="37" c="28 29" t="1"/>
		<b id="38" c="30 31" t="1"/>
		<b id="39" c="32 33" t="1"/>
		<b id="40" c="34 35" t="1"/>
		<b id="41" c="37 38" t="1"/>
		<b id="42" c="37 39" t="1"/>
		<b id="43" c="37 40" t="1"/>
		<b id="44" c="41 42" t="1"/>
		<b id="45" c="41 43" t="1"/>
		<b id="46" c="41 44" t="1"/>
		<b id="47" c="45 46" t="1"/>
		<b id="48" c="45 47" t="1"/>
		<b id="49" c="45 48" t="1"/>
	</bonds>
	<geometry>
		<g u="A" t="cart/3d">#48,3:5.2011,-0.6084,1.0580;4.1295,-0.5617,0.8930;3.5196,-0.2412,1.7327;3.5801,-0.8880,-0.2900;4.4358,-1.3334,-1.4437;5.5003,-1.3497,-1.1869;4.3089,-0.6557,-2.2942;4.1536,-2.3436,-1.7578;2.0945,-0.8462,-0.5876;1.9316,-0.1549,-1.4247;1.7712,-1.8527,-0.8811;1.3628,-0.4307,0.5599;-0.2528,-0.0328,0.4217;-0.3631,1.7524,-0.2235;-1.5863,2.2988,-0.6558;-2.4993,1.7050,-0.6463;-1.6586,3.6157,-1.1165;-2.6103,4.0213,-1.4501;-0.5152,4.4096,-1.1480;-0.5735,5.4342,-1.5049;0.7024,3.8897,-0.7170;1.5951,4.5096,-0.7352;0.7797,2.5734,-0.2559;1.7455,2.1997,0.0834;-1.0458,-1.1449,-0.8895;-1.1227,-0.7444,-2.2392;-0.7363,0.2218,-2.5625;-1.6897,-1.5736,-3.2113;-1.7419,-1.2388,-4.2442;-2.1823,-2.8256,-2.8602;-2.6221,-3.4706,-3.6158;-2.1018,-3.2515,-1.5386;-2.4769,-4.2336,-1.2617;-1.5351,-2.4231,-0.5647;-1.4812,-2.8059,0.4509;-1.1446,-0.1123,2.2396;-0.6622,-1.3615,3.0112;-0.9391,-2.2912,2.5070;0.4272,-1.3628,3.1339;-1.1050,-1.3941,4.0136;-0.7436,1.1397,3.0581;-1.1066,2.0630,2.5930;0.3447,1.2220,3.1615;-1.1689,1.0978,4.0677;-2.6799,-0.1484,2.1016;-3.0607,0.7333,1.5756;-3.1576,-0.1712,3.0881;-3.0206,-1.0344,1.5566;</g>
	</geometry>
	<conformers/>
	<properties/>
</molecule>
