<?xml version="1.0" ?>
<!--MOLLI PACKAGE EXPERIMENTAL XML FORMAT-->
<molecule name="react_102">
	<atoms>
		<a id="1" s="H" t="H" l="H"/>
		<a id="2" s="C" t="C.2" l="C"/>
		<a id="3" s="H" t="H" l="H"/>
		<a id="4" s="C" t="C.2" l="C"/>
		<a id="5" s="C" t="C.3" l="C"/>
		<a id="6" s="H" t="H" l="H"/>
		<a id="7" s="H" t="H" l="H"/>
		<a id="8" s="H" t="H" l="H"/>
		<a id="9" s="C" t="C.3" l="C"/>
		<a id="10" s="H" t="H" l="H"/>
		<a id="11" s="H" t="H" l="H"/>
		<a id="12" s="O" t="O.3" l="O"/>
		<a id="13" s="C" t="C.2" l="C"/>
		<a id="14" s="O" t="O.2" l="O"/>
		<a id="15" s="C" t="C.3" l="C"/>
		<a id="16" s="C" t="C.3" l="C"/>
		<a id="17" s="H" t="H" l="H"/>
		<a id="18" s="H" t="H" l="H"/>
		<a id="19" s="H" t="H" l="H"/>
		<a id="20" s="C" t="C.3" l="C"/>
		<a id="21" s="H" t="H" l="H"/>
		<a id="22" s="H" t="H" l="H"/>
		<a id="23" s="H" t="H" l="H"/>
		<a id="24" s="C" t="C.3" l="C"/>
		<a id="25" s="H" t="H" l="H"/>
		<a id="26" s="H" t="H" l="H"/>
		<a id="27" s="H" t="H" l="H"/>
	</atoms>
	<bonds>
		<b id="1" c="2 4" t="2"/>
		<b id="2" c="4 5" t="1"/>
		<b id="3" c="4 9" t="1"/>
		<b id="4" c="9 12" t="1"/>
		<b id="5" c="12 13" t="1"/>
		<b id="6" c="13 14" t="2"/>
		<b id="7" c="13 15" t="1"/>
		<b id="8" c="15 16" t="1"/>
		<b id="9" c="15 20" t="1"/>
		<b id="10" c="15 24" t="1"/>
		<b id="11" c="2 1" t="1"/>
		<b id="12" c="2 3" t="1"/>
		<b id="13" c="5 6" t="1"/>
		<b id="14" c="5 7" t="1"/>
		<b id="15" c="5 8" t="1"/>
		<b id="16" c="9 10" t="1"/>
		<b id="17" c="9 11" t="1"/>
		<b id="18" c="16 17" t="1"/>
		<b id="19" c="16 18" t="1"/>
		<b id="20" c="16 19" t="1"/>
		<b id="21" c="20 21" t="1"/>
		<b id="22" c="20 22" t="1"/>
		<b id="23" c="20 23" t="1"/>
		<b id="24" c="24 25" t="1"/>
		<b id="25" c="24 26" t="1"/>
		<b id="26" c="24 27" t="1"/>
	</bonds>
	<geometry>
		<g u="A" t="cart/3d">#27,3:4.2767,-0.2804,-0.1618;3.4035,-0.6366,0.3762;3.2888,-1.7135,0.4685;2.4947,0.2101,0.8882;2.6375,1.6993,0.7548;3.5585,1.9781,0.2319;1.7970,2.1172,0.1915;2.6622,2.1686,1.7436;1.2816,-0.2808,1.6368;1.2383,0.2044,2.6186;1.3168,-1.3592,1.8320;0.1021,0.1019,0.9195;-0.4633,-0.8609,0.1385;-0.0655,-2.0153,0.0506;-1.6722,-0.2998,-0.6167;-2.7289,0.1744,0.3895;-3.0187,-0.6366,1.0676;-3.6318,0.5281,-0.1206;-2.3557,0.9975,1.0093;-1.2218,0.8645,-1.5094;-0.8322,1.7004,-0.9175;-0.4236,0.5511,-2.1921;-2.0529,1.2465,-2.1126;-2.2809,-1.4002,-1.5007;-3.1493,-1.0293,-2.0566;-2.6093,-2.2563,-0.8999;-1.5517,-1.7731,-2.2294;</g>
	</geometry>
	<conformers/>
	<properties/>
</molecule>
