<?xml version="1.0" ?>
<!--MOLLI PACKAGE EXPERIMENTAL XML FORMAT-->
<molecule name="react_103">
	<atoms>
		<a id="1" s="H" t="H" l="H"/>
		<a id="2" s="C" t="C.2" l="C"/>
		<a id="3" s="H" t="H" l="H"/>
		<a id="4" s="C" t="C.2" l="C"/>
		<a id="5" s="C" t="C.3" l="C"/>
		<a id="6" s="H" t="H" l="H"/>
		<a id="7" s="H" t="H" l="H"/>
		<a id="8" s="H" t="H" l="H"/>
		<a id="9" s="C" t="C.3" l="C"/>
		<a id="10" s="H" t="H" l="H"/>
		<a id="11" s="H" t="H" l="H"/>
		<a id="12" s="O" t="O.3" l="O"/>
		<a id="13" s="C" t="C.3" l="C"/>
		<a id="14" s="H" t="H" l="H"/>
		<a id="15" s="H" t="H" l="H"/>
		<a id="16" s="C" t="C.ar" l="C"/>
		<a id="17" s="C" t="C.ar" l="C"/>
		<a id="18" s="H" t="H" l="H"/>
		<a id="19" s="C" t="C.ar" l="C"/>
		<a id="20" s="H" t="H" l="H"/>
		<a id="21" s="C" t="C.ar" l="C"/>
		<a id="22" s="H" t="H" l="H"/>
		<a id="23" s="C" t="C.ar" l="C"/>
		<a id="24" s="H" t="H" l="H"/>
		<a id="25" s="C" t="C.ar" l="C"/>
		<a id="26" s="H" t="H" l="H"/>
	</atoms>
	<bonds>
		<b id="1" c="2 4" t="2"/>
		<b id="2" c="4 5" t="1"/>
		<b id="3" c="4 9" t="1"/>
		<b id="4" c="9 12" t="1"/>
		<b id="5" c="12 13" t="1"/>
		<b id="6" c="13 16" t="1"/>
		<b id="7" c="16 17" t="ar"/>
		<b id="8" c="17 19" t="ar"/>
		<b id="9" c="19 21" t="ar"/>
		<b id="10" c="21 23" t="ar"/>
		<b id="11" c="23 25" t="ar"/>
		<b id="12" c="25 16" t="ar"/>
		<b id="13" c="2 1" t="1"/>
		<b id="14" c="2 3" t="1"/>
		<b id="15" c="5 6" t="1"/>
		<b id="16" c="5 7" t="1"/>
		<b id="17" c="5 8" t="1"/>
		<b id="18" c="9 10" t="1"/>
		<b id="19" c="9 11" t="1"/>
		<b id="20" c="13 14" t="1"/>
		<b id="21" c="13 15" t="1"/>
		<b id="22" c="17 18" t="1"/>
		<b id="23" c="19 20" t="1"/>
		<b id="24" c="21 22" t="1"/>
		<b id="25" c="23 24" t="1"/>
		<b id="26" c="25 26" t="1"/>
	</bonds>
	<geometry>
		<g u="A" t="cart/3d">#26,3:-4.1895,-1.6772,0.0286;-3.2522,-1.2602,-0.3261;-2.7382,-1.8106,-1.1087;-2.7601,-0.1081,0.1619;-3.4973,0.6590,1.2247;-3.7433,1.6637,0.8657;-2.8792,0.7516,2.1236;-4.4338,0.1701,1.5134;-1.4663,0.5337,-0.2938;-1.7120,1.4513,-0.8400;-0.8525,0.8220,0.5677;-0.7312,-0.2975,-1.1914;0.2071,-1.1461,-0.5271;-0.2460,-1.5929,0.3659;0.4487,-1.9669,-1.2118;1.4886,-0.4171,-0.2000;2.0992,-0.5803,1.0513;1.6472,-1.2202,1.8057;3.2949,0.0774,1.3467;3.7598,-0.0522,2.3206;3.8952,0.8979,0.3933;4.8263,1.4088,0.6237;3.3028,1.0600,-0.8575;3.7708,1.6966,-1.6036;2.1079,0.4030,-1.1542;1.6529,0.5341,-2.1344;</g>
	</geometry>
	<conformers/>
	<properties/>
</molecule>
