<?xml version="1.0" ?>
<!--MOLLI PACKAGE EXPERIMENTAL XML FORMAT-->
<molecule name="react_104">
	<atoms>
		<a id="1" s="H" t="H" l="H"/>
		<a id="2" s="C" t="C.2" l="C"/>
		<a id="3" s="H" t="H" l="H"/>
		<a id="4" s="C" t="C.2" l="C"/>
		<a id="5" s="C" t="C.ar" l="C"/>
		<a id="6" s="C" t="C.ar" l="C"/>
		<a id="7" s="H" t="H" l="H"/>
		<a id="8" s="C" t="C.ar" l="C"/>
		<a id="9" s="H" t="H" l="H"/>
		<a id="10" s="C" t="C.ar" l="C"/>
		<a id="11" s="H" t="H" l="H"/>
		<a id="12" s="C" t="C.ar" l="C"/>
		<a id="13" s="H" t="H" l="H"/>
		<a id="14" s="C" t="C.ar" l="C"/>
		<a id="15" s="H" t="H" l="H"/>
		<a id="16" s="C" t="C.3" l="C"/>
		<a id="17" s="H" t="H" l="H"/>
		<a id="18" s="H" t="H" l="H"/>
		<a id="19" s="Cl" t="Cl" l="CL"/>
	</atoms>
	<bonds>
		<b id="1" c="2 4" t="2"/>
		<b id="2" c="4 16" t="1"/>
		<b id="3" c="16 19" t="1"/>
		<b id="4" c="4 5" t="1"/>
		<b id="5" c="5 6" t="ar"/>
		<b id="6" c="6 8" t="ar"/>
		<b id="7" c="8 10" t="ar"/>
		<b id="8" c="10 12" t="ar"/>
		<b id="9" c="12 14" t="ar"/>
		<b id="10" c="14 5" t="ar"/>
		<b id="11" c="2 1" t="1"/>
		<b id="12" c="2 3" t="1"/>
		<b id="13" c="16 17" t="1"/>
		<b id="14" c="16 18" t="1"/>
		<b id="15" c="6 7" t="1"/>
		<b id="16" c="8 9" t="1"/>
		<b id="17" c="10 11" t="1"/>
		<b id="18" c="12 13" t="1"/>
		<b id="19" c="14 15" t="1"/>
	</bonds>
	<geometry>
		<g u="A" t="cart/3d">#19,3:-1.6141,-1.3829,1.7683;-2.1389,-0.8784,0.9616;-3.2203,-0.9752,0.9480;-1.4870,-0.1671,0.0250;-0.0142,-0.0843,0.0788;0.7717,-0.5792,-0.9702;0.3104,-1.0477,-1.8357;2.1652,-0.4946,-0.9134;2.7662,-0.8835,-1.7313;2.7858,0.0856,0.1912;3.8698,0.1528,0.2338;2.0150,0.5805,1.2409;2.4961,1.0373,2.1018;0.6221,0.4951,1.1858;0.0339,0.8973,2.0078;-2.1895,0.5055,-1.1232;-3.2242,0.1591,-1.2155;-1.6970,0.3136,-2.0810;-2.2512,2.2663,-0.8727;</g>
	</geometry>
	<conformers/>
	<properties/>
</molecule>
