<?xml version="1.0" ?>
<!--MOLLI PACKAGE EXPERIMENTAL XML FORMAT-->
<molecule name="react_107">
	<atoms>
		<a id="1" s="H" t="H" l="H"/>
		<a id="2" s="C" t="C.2" l="C"/>
		<a id="3" s="H" t="H" l="H"/>
		<a id="4" s="C" t="C.2" l="C"/>
		<a id="5" s="C" t="C.2" l="C"/>
		<a id="6" s="O" t="O.2" l="O"/>
		<a id="7" s="N" t="N.am" l="N"/>
		<a id="8" s="O" t="O.3" l="O"/>
		<a id="9" s="C" t="C.3" l="C"/>
		<a id="10" s="H" t="H" l="H"/>
		<a id="11" s="H" t="H" l="H"/>
		<a id="12" s="H" t="H" l="H"/>
		<a id="13" s="C" t="C.3" l="C"/>
		<a id="14" s="H" t="H" l="H"/>
		<a id="15" s="H" t="H" l="H"/>
		<a id="16" s="H" t="H" l="H"/>
		<a id="17" s="C" t="C.3" l="C"/>
		<a id="18" s="H" t="H" l="H"/>
		<a id="19" s="H" t="H" l="H"/>
		<a id="20" s="H" t="H" l="H"/>
	</atoms>
	<bonds>
		<b id="1" c="2 4" t="2"/>
		<b id="2" c="4 17" t="1"/>
		<b id="3" c="4 5" t="1"/>
		<b id="4" c="5 6" t="2"/>
		<b id="5" c="5 7" t="am"/>
		<b id="6" c="7 13" t="1"/>
		<b id="7" c="7 8" t="1"/>
		<b id="8" c="8 9" t="1"/>
		<b id="9" c="2 1" t="1"/>
		<b id="10" c="2 3" t="1"/>
		<b id="11" c="17 18" t="1"/>
		<b id="12" c="17 19" t="1"/>
		<b id="13" c="17 20" t="1"/>
		<b id="14" c="13 14" t="1"/>
		<b id="15" c="13 15" t="1"/>
		<b id="16" c="13 16" t="1"/>
		<b id="17" c="9 10" t="1"/>
		<b id="18" c="9 11" t="1"/>
		<b id="19" c="9 12" t="1"/>
	</bonds>
	<geometry>
		<g u="A" t="cart/3d">#20,3:-0.4529,0.7802,2.4503;-1.2325,0.9695,1.7188;-1.8914,1.8123,1.8991;-1.3896,0.1825,0.6434;-0.4848,-0.9904,0.4646;-0.9289,-2.1243,0.6372;0.8411,-0.7085,0.1416;0.9914,0.4645,-0.6563;1.8853,1.3551,0.0082;1.5485,1.5697,1.0262;1.9134,2.2921,-0.5545;2.8942,0.9321,0.0301;1.6100,-1.7904,-0.4410;1.1853,-2.0561,-1.4144;1.5711,-2.6647,0.2155;2.6496,-1.4760,-0.5653;-2.4667,0.3341,-0.3779;-2.0320,0.4824,-1.3718;-3.1101,1.1940,-0.1637;-3.1008,-0.5579,-0.4069;</g>
	</geometry>
	<conformers/>
	<properties/>
</molecule>
