<?xml version="1.0" ?>
<!--MOLLI PACKAGE EXPERIMENTAL XML FORMAT-->
<molecule name="react_108">
	<atoms>
		<a id="1" s="H" t="H" l="H"/>
		<a id="2" s="C" t="C.2" l="C"/>
		<a id="3" s="H" t="H" l="H"/>
		<a id="4" s="C" t="C.2" l="C"/>
		<a id="5" s="C" t="C.ar" l="C"/>
		<a id="6" s="S" t="S.2" l="S"/>
		<a id="7" s="C" t="C.ar" l="C"/>
		<a id="8" s="S" t="S.3" l="S"/>
		<a id="9" s="C" t="C.3" l="C"/>
		<a id="10" s="H" t="H" l="H"/>
		<a id="11" s="H" t="H" l="H"/>
		<a id="12" s="H" t="H" l="H"/>
		<a id="13" s="N" t="N.ar" l="N"/>
		<a id="14" s="C" t="C.ar" l="C"/>
		<a id="15" s="H" t="H" l="H"/>
		<a id="16" s="C" t="C.3" l="C"/>
		<a id="17" s="H" t="H" l="H"/>
		<a id="18" s="H" t="H" l="H"/>
		<a id="19" s="H" t="H" l="H"/>
	</atoms>
	<bonds>
		<b id="1" c="2 4" t="2"/>
		<b id="2" c="4 16" t="1"/>
		<b id="3" c="4 5" t="1"/>
		<b id="4" c="5 14" t="ar"/>
		<b id="5" c="14 13" t="ar"/>
		<b id="6" c="13 7" t="ar"/>
		<b id="7" c="7 8" t="1"/>
		<b id="8" c="8 9" t="1"/>
		<b id="9" c="7 6" t="ar"/>
		<b id="10" c="6 5" t="ar"/>
		<b id="11" c="2 1" t="1"/>
		<b id="12" c="2 3" t="1"/>
		<b id="13" c="16 17" t="1"/>
		<b id="14" c="16 18" t="1"/>
		<b id="15" c="16 19" t="1"/>
		<b id="16" c="14 15" t="1"/>
		<b id="17" c="9 10" t="1"/>
		<b id="18" c="9 11" t="1"/>
		<b id="19" c="9 12" t="1"/>
	</bonds>
	<geometry>
		<g u="A" t="cart/3d">#19,3:-1.7937,1.8808,2.0004;-2.4711,1.2061,1.4858;-3.5225,1.3221,1.7336;-2.0614,0.2924,0.5846;-0.6587,0.1818,0.2800;0.6017,0.3974,1.4455;1.7800,0.0531,0.2546;3.4939,0.0681,0.6149;4.1804,-0.3572,-0.9998;3.8319,-1.3425,-1.3221;5.2712,-0.3853,-0.9289;3.9043,0.3912,-1.7480;1.3203,-0.2277,-0.9418;-0.0595,-0.1629,-0.9244;-0.5978,-0.3757,-1.8405;-3.1056,-0.5657,-0.0974;-3.1288,-0.3559,-1.1719;-4.1128,-0.3938,0.2973;-2.8718,-1.6263,0.0448;</g>
	</geometry>
	<conformers/>
	<properties/>
</molecule>
