<?xml version="1.0" ?>
<!--MOLLI PACKAGE EXPERIMENTAL XML FORMAT-->
<molecule name="react_109">
	<atoms>
		<a id="1" s="H" t="H" l="H"/>
		<a id="2" s="C" t="C.2" l="C"/>
		<a id="3" s="H" t="H" l="H"/>
		<a id="4" s="C" t="C.2" l="C"/>
		<a id="5" s="C" t="C.ar" l="C"/>
		<a id="6" s="C" t="C.ar" l="C"/>
		<a id="7" s="H" t="H" l="H"/>
		<a id="8" s="S" t="S.2" l="S"/>
		<a id="9" s="C" t="C.ar" l="C"/>
		<a id="10" s="S" t="S.3" l="S"/>
		<a id="11" s="C" t="C.3" l="C"/>
		<a id="12" s="H" t="H" l="H"/>
		<a id="13" s="H" t="H" l="H"/>
		<a id="14" s="H" t="H" l="H"/>
		<a id="15" s="C" t="C.ar" l="C"/>
		<a id="16" s="H" t="H" l="H"/>
		<a id="17" s="C" t="C.3" l="C"/>
		<a id="18" s="H" t="H" l="H"/>
		<a id="19" s="H" t="H" l="H"/>
		<a id="20" s="H" t="H" l="H"/>
	</atoms>
	<bonds>
		<b id="1" c="2 4" t="2"/>
		<b id="2" c="4 17" t="1"/>
		<b id="3" c="4 5" t="1"/>
		<b id="4" c="5 6" t="ar"/>
		<b id="5" c="6 8" t="ar"/>
		<b id="6" c="8 9" t="ar"/>
		<b id="7" c="9 10" t="1"/>
		<b id="8" c="10 11" t="1"/>
		<b id="9" c="9 15" t="ar"/>
		<b id="10" c="15 5" t="ar"/>
		<b id="11" c="2 1" t="1"/>
		<b id="12" c="2 3" t="1"/>
		<b id="13" c="17 18" t="1"/>
		<b id="14" c="17 19" t="1"/>
		<b id="15" c="17 20" t="1"/>
		<b id="16" c="6 7" t="1"/>
		<b id="17" c="11 12" t="1"/>
		<b id="18" c="11 13" t="1"/>
		<b id="19" c="11 14" t="1"/>
		<b id="20" c="15 16" t="1"/>
	</bonds>
	<geometry>
		<g u="A" t="cart/3d">#20,3:-3.5549,0.8185,1.5047;-2.5771,0.3779,1.3368;-2.0755,-0.0353,2.2063;-2.0307,0.3314,0.1100;-0.7314,-0.2279,-0.1606;-0.4046,-0.9047,-1.3188;-1.0341,-1.1250,-2.1696;1.2159,-1.4553,-1.3234;1.5154,-0.7815,0.2166;3.0591,-0.9062,1.0476;4.1761,-0.1960,-0.1828;3.8283,0.7925,-0.4954;4.2586,-0.8469,-1.0572;5.1710,-0.0885,0.2579;0.3908,-0.1702,0.7296;0.3774,0.3096,1.7009;-2.7513,0.9101,-1.0794;-3.0772,0.1208,-1.7651;-2.1091,1.6106,-1.6250;-3.6466,1.4661,-0.7782;</g>
	</geometry>
	<conformers/>
	<properties/>
</molecule>
