<?xml version="1.0" ?>
<!--MOLLI PACKAGE EXPERIMENTAL XML FORMAT-->
<molecule name="react_110">
	<atoms>
		<a id="1" s="H" t="H" l="H"/>
		<a id="2" s="C" t="C.2" l="C"/>
		<a id="3" s="H" t="H" l="H"/>
		<a id="4" s="C" t="C.2" l="C"/>
		<a id="5" s="C" t="C.2" l="C"/>
		<a id="6" s="O" t="O.2" l="O"/>
		<a id="7" s="O" t="O.3" l="O"/>
		<a id="8" s="C" t="C.3" l="C"/>
		<a id="9" s="H" t="H" l="H"/>
		<a id="10" s="H" t="H" l="H"/>
		<a id="11" s="C" t="C.3" l="C"/>
		<a id="12" s="H" t="H" l="H"/>
		<a id="13" s="H" t="H" l="H"/>
		<a id="14" s="H" t="H" l="H"/>
		<a id="15" s="C" t="C.3" l="C"/>
		<a id="16" s="H" t="H" l="H"/>
		<a id="17" s="H" t="H" l="H"/>
		<a id="18" s="C" t="C.3" l="C"/>
		<a id="19" s="H" t="H" l="H"/>
		<a id="20" s="H" t="H" l="H"/>
		<a id="21" s="C" t="C.3" l="C"/>
		<a id="22" s="H" t="H" l="H"/>
		<a id="23" s="H" t="H" l="H"/>
		<a id="24" s="H" t="H" l="H"/>
	</atoms>
	<bonds>
		<b id="1" c="2 4" t="2"/>
		<b id="2" c="4 15" t="1"/>
		<b id="3" c="15 18" t="1"/>
		<b id="4" c="18 21" t="1"/>
		<b id="5" c="4 5" t="1"/>
		<b id="6" c="5 6" t="2"/>
		<b id="7" c="5 7" t="1"/>
		<b id="8" c="7 8" t="1"/>
		<b id="9" c="8 11" t="1"/>
		<b id="10" c="2 1" t="1"/>
		<b id="11" c="2 3" t="1"/>
		<b id="12" c="15 16" t="1"/>
		<b id="13" c="15 17" t="1"/>
		<b id="14" c="18 19" t="1"/>
		<b id="15" c="18 20" t="1"/>
		<b id="16" c="21 22" t="1"/>
		<b id="17" c="21 23" t="1"/>
		<b id="18" c="21 24" t="1"/>
		<b id="19" c="8 9" t="1"/>
		<b id="20" c="8 10" t="1"/>
		<b id="21" c="11 12" t="1"/>
		<b id="22" c="11 13" t="1"/>
		<b id="23" c="11 14" t="1"/>
	</bonds>
	<geometry>
		<g u="A" t="cart/3d">#24,3:-0.4786,-0.2376,2.4216;0.3868,-0.0924,1.7815;1.3187,0.1126,2.2965;0.3098,-0.1615,0.4398;-0.9922,-0.4463,-0.2486;-1.0998,-0.5143,-1.4647;-2.0044,-0.6096,0.6408;-3.2934,-0.8897,0.0770;-3.2133,-1.5462,-0.7970;-3.8627,-1.4353,0.8368;-4.0084,0.4044,-0.2633;-5.0158,0.2038,-0.6387;-4.0818,1.0469,0.6203;-3.4586,0.9692,-1.0228;1.4706,0.0300,-0.5146;1.2210,0.8532,-1.1972;1.5631,-0.8761,-1.1281;2.8392,0.3257,0.1112;3.1337,-0.4919,0.7798;2.7906,1.2426,0.7104;3.9116,0.4952,-0.9554;3.6701,1.3259,-1.6261;4.0143,-0.4139,-1.5565;4.8793,0.7053,-0.4893;</g>
	</geometry>
	<conformers/>
	<properties/>
</molecule>
