<?xml version="1.0" ?>
<!--MOLLI PACKAGE EXPERIMENTAL XML FORMAT-->
<molecule name="react_111">
	<atoms>
		<a id="1" s="H" t="H" l="H"/>
		<a id="2" s="C" t="C.2" l="C"/>
		<a id="3" s="H" t="H" l="H"/>
		<a id="4" s="C" t="C.2" l="C"/>
		<a id="5" s="C" t="C.ar" l="C"/>
		<a id="6" s="C" t="C.ar" l="C"/>
		<a id="7" s="H" t="H" l="H"/>
		<a id="8" s="C" t="C.ar" l="C"/>
		<a id="9" s="H" t="H" l="H"/>
		<a id="10" s="C" t="C.ar" l="C"/>
		<a id="11" s="H" t="H" l="H"/>
		<a id="12" s="C" t="C.ar" l="C"/>
		<a id="13" s="H" t="H" l="H"/>
		<a id="14" s="C" t="C.ar" l="C"/>
		<a id="15" s="H" t="H" l="H"/>
		<a id="16" s="C" t="C.3" l="C"/>
		<a id="17" s="F" t="F" l="F"/>
		<a id="18" s="F" t="F" l="F"/>
		<a id="19" s="F" t="F" l="F"/>
	</atoms>
	<bonds>
		<b id="1" c="2 4" t="2"/>
		<b id="2" c="4 5" t="1"/>
		<b id="3" c="5 6" t="ar"/>
		<b id="4" c="6 8" t="ar"/>
		<b id="5" c="8 10" t="ar"/>
		<b id="6" c="10 12" t="ar"/>
		<b id="7" c="12 14" t="ar"/>
		<b id="8" c="4 16" t="1"/>
		<b id="9" c="16 17" t="1"/>
		<b id="10" c="16 18" t="1"/>
		<b id="11" c="16 19" t="1"/>
		<b id="12" c="14 5" t="ar"/>
		<b id="13" c="2 1" t="1"/>
		<b id="14" c="2 3" t="1"/>
		<b id="15" c="6 7" t="1"/>
		<b id="16" c="8 9" t="1"/>
		<b id="17" c="10 11" t="1"/>
		<b id="18" c="12 13" t="1"/>
		<b id="19" c="14 15" t="1"/>
	</bonds>
	<geometry>
		<g u="A" t="cart/3d">#19,3:-3.2576,-1.2316,-0.3923;-2.1707,-1.2209,-0.3732;-1.6700,-2.1598,-0.5918;-1.4919,-0.0872,-0.1085;-0.0142,-0.1145,-0.0938;0.6723,-1.0369,0.7121;0.1251,-1.7387,1.3382;2.0689,-1.0624,0.7387;2.5867,-1.7797,1.3702;2.7972,-0.1664,-0.0396;3.8838,-0.1850,-0.0189;2.1304,0.7546,-0.8439;2.6973,1.4538,-1.4537;0.7332,0.7815,-0.8708;0.2434,1.5048,-1.5194;-2.1584,1.2352,0.1755;-1.7108,1.8011,1.3258;-1.9574,2.1396,-0.8183;-3.5073,1.1127,0.3097;</g>
	</geometry>
	<conformers/>
	<properties/>
</molecule>
