<?xml version="1.0" ?>
<!--MOLLI PACKAGE EXPERIMENTAL XML FORMAT-->
<molecule name="react_112">
	<atoms>
		<a id="1" s="H" t="H" l="H"/>
		<a id="2" s="C" t="C.2" l="C"/>
		<a id="3" s="H" t="H" l="H"/>
		<a id="4" s="C" t="C.2" l="C"/>
		<a id="5" s="C" t="C.ar" l="C"/>
		<a id="6" s="C" t="C.ar" l="C"/>
		<a id="7" s="H" t="H" l="H"/>
		<a id="8" s="C" t="C.ar" l="C"/>
		<a id="9" s="H" t="H" l="H"/>
		<a id="10" s="C" t="C.ar" l="C"/>
		<a id="11" s="H" t="H" l="H"/>
		<a id="12" s="C" t="C.ar" l="C"/>
		<a id="13" s="H" t="H" l="H"/>
		<a id="14" s="C" t="C.ar" l="C"/>
		<a id="15" s="H" t="H" l="H"/>
		<a id="16" s="C" t="C.3" l="C"/>
		<a id="17" s="H" t="H" l="H"/>
		<a id="18" s="H" t="H" l="H"/>
		<a id="19" s="Br" t="Br" l="BR"/>
	</atoms>
	<bonds>
		<b id="1" c="2 4" t="2"/>
		<b id="2" c="4 16" t="1"/>
		<b id="3" c="16 19" t="1"/>
		<b id="4" c="4 5" t="1"/>
		<b id="5" c="5 6" t="ar"/>
		<b id="6" c="6 8" t="ar"/>
		<b id="7" c="8 10" t="ar"/>
		<b id="8" c="10 12" t="ar"/>
		<b id="9" c="12 14" t="ar"/>
		<b id="10" c="14 5" t="ar"/>
		<b id="11" c="2 1" t="1"/>
		<b id="12" c="2 3" t="1"/>
		<b id="13" c="16 17" t="1"/>
		<b id="14" c="16 18" t="1"/>
		<b id="15" c="6 7" t="1"/>
		<b id="16" c="8 9" t="1"/>
		<b id="17" c="10 11" t="1"/>
		<b id="18" c="12 13" t="1"/>
		<b id="19" c="14 15" t="1"/>
	</bonds>
	<geometry>
		<g u="A" t="cart/3d">#19,3:-3.2411,-0.1198,-1.3067;-2.1857,0.1200,-1.2196;-1.7538,0.7154,-2.0194;-1.4552,-0.3029,-0.1728;-0.0165,0.0268,-0.1177;0.9517,-0.9849,-0.0710;0.6611,-2.0321,-0.0936;2.3108,-0.6654,-0.0131;3.0535,-1.4583,0.0200;2.7153,0.6680,-0.0004;3.7725,0.9158,0.0463;1.7627,1.6833,-0.0470;2.0749,2.7242,-0.0333;0.4041,1.3647,-0.1063;-0.3273,2.1696,-0.1294;-2.0275,-1.1674,0.9128;-3.0081,-1.5742,0.6469;-1.3763,-1.9977,1.1970;-2.3150,-0.0853,2.5074;</g>
	</geometry>
	<conformers/>
	<properties/>
</molecule>
