<?xml version="1.0" ?>
<!--MOLLI PACKAGE EXPERIMENTAL XML FORMAT-->
<molecule name="react_77">
	<atoms>
		<a id="1" s="H" t="H" l="H"/>
		<a id="2" s="C" t="C.2" l="C"/>
		<a id="3" s="C" t="C.2" l="C"/>
		<a id="4" s="C" t="C.3" l="C"/>
		<a id="5" s="H" t="H" l="H"/>
		<a id="6" s="H" t="H" l="H"/>
		<a id="7" s="H" t="H" l="H"/>
		<a id="8" s="C" t="C.3" l="C"/>
		<a id="9" s="H" t="H" l="H"/>
		<a id="10" s="H" t="H" l="H"/>
		<a id="11" s="H" t="H" l="H"/>
		<a id="12" s="C" t="C.3" l="C"/>
		<a id="13" s="H" t="H" l="H"/>
		<a id="14" s="H" t="H" l="H"/>
		<a id="15" s="Cl" t="Cl" l="CL"/>
	</atoms>
	<bonds>
		<b id="1" c="4 3" t="1"/>
		<b id="2" c="3 8" t="1"/>
		<b id="3" c="3 2" t="2"/>
		<b id="4" c="2 12" t="1"/>
		<b id="5" c="12 15" t="1"/>
		<b id="6" c="4 5" t="1"/>
		<b id="7" c="4 6" t="1"/>
		<b id="8" c="4 7" t="1"/>
		<b id="9" c="8 9" t="1"/>
		<b id="10" c="8 10" t="1"/>
		<b id="11" c="8 11" t="1"/>
		<b id="12" c="2 1" t="1"/>
		<b id="13" c="12 13" t="1"/>
		<b id="14" c="12 14" t="1"/>
	</bonds>
	<geometry>
		<g u="A" t="cart/3d">#15,3:0.8943,-1.2241,1.1605;0.7187,-0.3080,0.5960;-0.4032,-0.2252,-0.1473;-1.3794,-1.3729,-0.1900;-1.4824,-1.7453,-1.2145;-2.3631,-1.0463,0.1629;-1.0632,-2.2123,0.4383;-0.8002,0.9509,-0.9962;-1.7366,1.3816,-0.6266;-0.0539,1.7475,-1.0146;-0.9538,0.6310,-2.0325;1.7910,0.7200,0.7802;1.5574,1.6882,0.3351;1.9722,0.8787,1.8476;3.3022,0.1360,0.0516;</g>
	</geometry>
	<conformers/>
	<properties/>
</molecule>
