<?xml version="1.0" ?>
<!--MOLLI PACKAGE EXPERIMENTAL XML FORMAT-->
<molecule name="react_113">
	<atoms>
		<a id="1" s="H" t="H" l="H"/>
		<a id="2" s="C" t="C.2" l="C"/>
		<a id="3" s="H" t="H" l="H"/>
		<a id="4" s="C" t="C.2" l="C"/>
		<a id="5" s="C" t="C.3" l="C"/>
		<a id="6" s="H" t="H" l="H"/>
		<a id="7" s="H" t="H" l="H"/>
		<a id="8" s="O" t="O.3" l="O"/>
		<a id="9" s="C" t="C.2" l="C"/>
		<a id="10" s="O" t="O.2" l="O"/>
		<a id="11" s="C" t="C.3" l="C"/>
		<a id="12" s="C" t="C.3" l="C"/>
		<a id="13" s="H" t="H" l="H"/>
		<a id="14" s="H" t="H" l="H"/>
		<a id="15" s="H" t="H" l="H"/>
		<a id="16" s="C" t="C.3" l="C"/>
		<a id="17" s="H" t="H" l="H"/>
		<a id="18" s="H" t="H" l="H"/>
		<a id="19" s="H" t="H" l="H"/>
		<a id="20" s="C" t="C.3" l="C"/>
		<a id="21" s="H" t="H" l="H"/>
		<a id="22" s="H" t="H" l="H"/>
		<a id="23" s="H" t="H" l="H"/>
		<a id="24" s="C" t="C.3" l="C"/>
		<a id="25" s="H" t="H" l="H"/>
		<a id="26" s="H" t="H" l="H"/>
		<a id="27" s="C" t="C.3" l="C"/>
		<a id="28" s="H" t="H" l="H"/>
		<a id="29" s="H" t="H" l="H"/>
		<a id="30" s="H" t="H" l="H"/>
	</atoms>
	<bonds>
		<b id="1" c="2 4" t="2"/>
		<b id="2" c="4 24" t="1"/>
		<b id="3" c="24 27" t="1"/>
		<b id="4" c="4 5" t="1"/>
		<b id="5" c="5 8" t="1"/>
		<b id="6" c="8 9" t="1"/>
		<b id="7" c="9 10" t="2"/>
		<b id="8" c="9 11" t="1"/>
		<b id="9" c="11 12" t="1"/>
		<b id="10" c="11 16" t="1"/>
		<b id="11" c="11 20" t="1"/>
		<b id="12" c="2 1" t="1"/>
		<b id="13" c="2 3" t="1"/>
		<b id="14" c="24 25" t="1"/>
		<b id="15" c="24 26" t="1"/>
		<b id="16" c="27 28" t="1"/>
		<b id="17" c="27 29" t="1"/>
		<b id="18" c="27 30" t="1"/>
		<b id="19" c="5 6" t="1"/>
		<b id="20" c="5 7" t="1"/>
		<b id="21" c="12 13" t="1"/>
		<b id="22" c="12 14" t="1"/>
		<b id="23" c="12 15" t="1"/>
		<b id="24" c="16 17" t="1"/>
		<b id="25" c="16 18" t="1"/>
		<b id="26" c="16 19" t="1"/>
		<b id="27" c="20 21" t="1"/>
		<b id="28" c="20 22" t="1"/>
		<b id="29" c="20 23" t="1"/>
	</bonds>
	<geometry>
		<g u="A" t="cart/3d">#30,3:0.5977,-0.3767,-2.0081;1.6278,-0.6096,-1.7541;2.2720,-0.8615,-2.5893;2.0651,-0.5836,-0.4814;1.1717,-0.2319,0.6978;1.5844,0.6482,1.2058;1.1478,-1.0813,1.3912;-0.1622,0.0589,0.2685;-1.0140,0.3813,1.2810;-0.6964,0.4264,2.4625;-2.4151,0.6776,0.7400;-2.3474,1.8634,-0.2315;-1.9055,2.7429,0.2508;-3.3451,2.1395,-0.5905;-1.7330,1.6318,-1.1090;-2.9616,-0.5668,0.0279;-2.3544,-0.8321,-0.8449;-3.9880,-0.4059,-0.3204;-2.9633,-1.4347,0.6974;-3.3492,1.0381,1.9060;-4.3627,1.2562,1.5512;-3.4174,0.2167,2.6288;-2.9872,1.9200,2.4470;3.4921,-0.8998,-0.0683;3.8959,-0.0302,0.4654;3.4664,-1.7293,0.6494;4.4755,-1.2679,-1.1737;4.5903,-0.4507,-1.8934;4.1543,-2.1664,-1.7107;5.4615,-1.4725,-0.7434;</g>
	</geometry>
	<conformers/>
	<properties/>
</molecule>
