<?xml version="1.0" ?>
<!--MOLLI PACKAGE EXPERIMENTAL XML FORMAT-->
<molecule name="react_115">
	<atoms>
		<a id="1" s="H" t="H" l="H"/>
		<a id="2" s="C" t="C.2" l="C"/>
		<a id="3" s="H" t="H" l="H"/>
		<a id="4" s="C" t="C.2" l="C"/>
		<a id="5" s="C" t="C.ar" l="C"/>
		<a id="6" s="C" t="C.ar" l="C"/>
		<a id="7" s="H" t="H" l="H"/>
		<a id="8" s="C" t="C.ar" l="C"/>
		<a id="9" s="H" t="H" l="H"/>
		<a id="10" s="C" t="C.ar" l="C"/>
		<a id="11" s="H" t="H" l="H"/>
		<a id="12" s="C" t="C.ar" l="C"/>
		<a id="13" s="H" t="H" l="H"/>
		<a id="14" s="C" t="C.ar" l="C"/>
		<a id="15" s="H" t="H" l="H"/>
		<a id="16" s="C" t="C.3" l="C"/>
		<a id="17" s="H" t="H" l="H"/>
		<a id="18" s="H" t="H" l="H"/>
		<a id="19" s="O" t="O.3" l="O"/>
		<a id="20" s="C" t="C.3" l="C"/>
		<a id="21" s="H" t="H" l="H"/>
		<a id="22" s="H" t="H" l="H"/>
		<a id="23" s="H" t="H" l="H"/>
	</atoms>
	<bonds>
		<b id="1" c="2 4" t="2"/>
		<b id="2" c="4 16" t="1"/>
		<b id="3" c="16 19" t="1"/>
		<b id="4" c="19 20" t="1"/>
		<b id="5" c="4 5" t="1"/>
		<b id="6" c="5 6" t="ar"/>
		<b id="7" c="6 8" t="ar"/>
		<b id="8" c="8 10" t="ar"/>
		<b id="9" c="10 12" t="ar"/>
		<b id="10" c="12 14" t="ar"/>
		<b id="11" c="14 5" t="ar"/>
		<b id="12" c="2 1" t="1"/>
		<b id="13" c="2 3" t="1"/>
		<b id="14" c="16 17" t="1"/>
		<b id="15" c="16 18" t="1"/>
		<b id="16" c="20 21" t="1"/>
		<b id="17" c="20 22" t="1"/>
		<b id="18" c="20 23" t="1"/>
		<b id="19" c="6 7" t="1"/>
		<b id="20" c="8 9" t="1"/>
		<b id="21" c="10 11" t="1"/>
		<b id="22" c="12 13" t="1"/>
		<b id="23" c="14 15" t="1"/>
	</bonds>
	<geometry>
		<g u="A" t="cart/3d">#23,3:0.1735,-3.0203,0.0389;0.9454,-2.2726,0.1925;1.9669,-2.6326,0.2655;0.6682,-0.9573,0.2451;-0.7304,-0.4854,0.1375;-1.0703,0.5631,-0.7282;-0.3129,1.0236,-1.3589;-2.3879,1.0209,-0.8166;-2.6340,1.8297,-1.4994;-3.3835,0.4383,-0.0361;-4.4079,0.7939,-0.1059;-3.0627,-0.6021,0.8324;-3.8362,-1.0578,1.4447;-1.7451,-1.0600,0.9191;-1.5153,-1.8651,1.6132;1.7487,0.0780,0.4383;1.3867,0.8971,1.0724;2.6175,-0.3678,0.9391;2.1540,0.5827,-0.8340;3.1593,1.5774,-0.7036;2.7836,2.4292,-0.1285;3.4316,1.9251,-1.7037;4.0508,1.1619,-0.2238;</g>
	</geometry>
	<conformers/>
	<properties/>
</molecule>
