<?xml version="1.0" ?>
<!--MOLLI PACKAGE EXPERIMENTAL XML FORMAT-->
<molecule name="react_116">
	<atoms>
		<a id="1" s="H" t="H" l="H"/>
		<a id="2" s="C" t="C.2" l="C"/>
		<a id="3" s="H" t="H" l="H"/>
		<a id="4" s="C" t="C.2" l="C"/>
		<a id="5" s="C" t="C.2" l="C"/>
		<a id="6" s="O" t="O.2" l="O"/>
		<a id="7" s="O" t="O.3" l="O"/>
		<a id="8" s="C" t="C.3" l="C"/>
		<a id="9" s="H" t="H" l="H"/>
		<a id="10" s="H" t="H" l="H"/>
		<a id="11" s="H" t="H" l="H"/>
		<a id="12" s="C" t="C.ar" l="C"/>
		<a id="13" s="C" t="C.ar" l="C"/>
		<a id="14" s="H" t="H" l="H"/>
		<a id="15" s="C" t="C.ar" l="C"/>
		<a id="16" s="H" t="H" l="H"/>
		<a id="17" s="C" t="C.ar" l="C"/>
		<a id="18" s="H" t="H" l="H"/>
		<a id="19" s="C" t="C.ar" l="C"/>
		<a id="20" s="H" t="H" l="H"/>
		<a id="21" s="C" t="C.ar" l="C"/>
		<a id="22" s="H" t="H" l="H"/>
	</atoms>
	<bonds>
		<b id="1" c="2 4" t="2"/>
		<b id="2" c="4 5" t="1"/>
		<b id="3" c="5 6" t="2"/>
		<b id="4" c="5 7" t="1"/>
		<b id="5" c="7 8" t="1"/>
		<b id="6" c="4 12" t="1"/>
		<b id="7" c="12 13" t="ar"/>
		<b id="8" c="13 15" t="ar"/>
		<b id="9" c="15 17" t="ar"/>
		<b id="10" c="17 19" t="ar"/>
		<b id="11" c="19 21" t="ar"/>
		<b id="12" c="21 12" t="ar"/>
		<b id="13" c="2 1" t="1"/>
		<b id="14" c="2 3" t="1"/>
		<b id="15" c="8 9" t="1"/>
		<b id="16" c="8 10" t="1"/>
		<b id="17" c="8 11" t="1"/>
		<b id="18" c="13 14" t="1"/>
		<b id="19" c="15 16" t="1"/>
		<b id="20" c="17 18" t="1"/>
		<b id="21" c="19 20" t="1"/>
		<b id="22" c="21 22" t="1"/>
	</bonds>
	<geometry>
		<g u="A" t="cart/3d">#22,3:2.4722,0.4991,1.6682;1.4136,0.6675,1.4979;0.9173,1.3277,2.2033;0.7513,0.1089,0.4665;1.4457,-0.7755,-0.5276;0.9003,-1.2558,-1.5112;2.7489,-0.9716,-0.1906;3.4629,-1.8119,-1.0975;3.4865,-1.3657,-2.0967;3.0163,-2.8108,-1.1281;4.4908,-1.9040,-0.7359;-0.6875,0.4127,0.3091;-1.6007,0.1179,1.3337;-1.2630,-0.3527,2.2544;-2.9578,0.4134,1.1839;-3.6562,0.1776,1.9827;-3.4173,1.0045,0.0089;-4.4737,1.2310,-0.1098;-2.5221,1.2981,-1.0178;-2.8796,1.7518,-1.9386;-1.1646,1.0036,-0.8691;-0.4832,1.2340,-1.6856;</g>
	</geometry>
	<conformers/>
	<properties/>
</molecule>
