<?xml version="1.0" ?>
<!--MOLLI PACKAGE EXPERIMENTAL XML FORMAT-->
<molecule name="react_117">
	<atoms>
		<a id="1" s="H" t="H" l="H"/>
		<a id="2" s="C" t="C.2" l="C"/>
		<a id="3" s="H" t="H" l="H"/>
		<a id="4" s="C" t="C.2" l="C"/>
		<a id="5" s="C" t="C.2" l="C"/>
		<a id="6" s="O" t="O.2" l="O"/>
		<a id="7" s="O" t="O.3" l="O"/>
		<a id="8" s="C" t="C.3" l="C"/>
		<a id="9" s="H" t="H" l="H"/>
		<a id="10" s="H" t="H" l="H"/>
		<a id="11" s="H" t="H" l="H"/>
		<a id="12" s="C" t="C.ar" l="C"/>
		<a id="13" s="C" t="C.ar" l="C"/>
		<a id="14" s="H" t="H" l="H"/>
		<a id="15" s="C" t="C.ar" l="C"/>
		<a id="16" s="H" t="H" l="H"/>
		<a id="17" s="C" t="C.ar" l="C"/>
		<a id="18" s="N" t="N.pl3" l="N"/>
		<a id="19" s="O" t="O.2" l="O"/>
		<a id="20" s="O" t="O.co2" l="O"/>
		<a id="21" s="C" t="C.ar" l="C"/>
		<a id="22" s="H" t="H" l="H"/>
		<a id="23" s="C" t="C.ar" l="C"/>
		<a id="24" s="H" t="H" l="H"/>
	</atoms>
	<bonds>
		<b id="1" c="2 4" t="2"/>
		<b id="2" c="4 5" t="1"/>
		<b id="3" c="5 6" t="2"/>
		<b id="4" c="5 7" t="1"/>
		<b id="5" c="7 8" t="1"/>
		<b id="6" c="4 12" t="1"/>
		<b id="7" c="12 13" t="ar"/>
		<b id="8" c="13 15" t="ar"/>
		<b id="9" c="15 17" t="ar"/>
		<b id="10" c="17 18" t="1"/>
		<b id="11" c="18 19" t="2"/>
		<b id="12" c="18 20" t="1"/>
		<b id="13" c="17 21" t="ar"/>
		<b id="14" c="21 23" t="ar"/>
		<b id="15" c="23 12" t="ar"/>
		<b id="16" c="2 1" t="1"/>
		<b id="17" c="2 3" t="1"/>
		<b id="18" c="8 9" t="1"/>
		<b id="19" c="8 10" t="1"/>
		<b id="20" c="8 11" t="1"/>
		<b id="21" c="13 14" t="1"/>
		<b id="22" c="15 16" t="1"/>
		<b id="23" c="21 22" t="1"/>
		<b id="24" c="23 24" t="1"/>
	</bonds>
	<geometry>
		<g u="A" t="cart/3d">#24,3:2.6523,0.1962,-2.2201;1.5991,0.0929,-1.9770;0.9232,0.0107,-2.8233;1.1516,0.0820,-0.7070;2.0843,0.2267,0.4597;1.7107,0.2590,1.6238;3.3786,0.3138,0.0542;4.3150,0.4485,1.1238;4.1255,1.3682,1.6862;5.3173,0.5085,0.6907;4.2742,-0.4251,1.7820;-0.3030,-0.0494,-0.4739;-1.0058,-1.1724,-0.9413;-0.4838,-1.9656,-1.4743;-2.3812,-1.2973,-0.7201;-2.8994,-2.1794,-1.0909;-3.0621,-0.2914,-0.0235;-4.5061,-0.4174,0.2109;-5.0714,-1.4368,-0.2104;-5.0761,0.5047,0.8115;-2.3765,0.8329,0.4514;-2.8894,1.6203,1.0001;-1.0012,0.9480,0.2245;-0.4759,1.8225,0.6063;</g>
	</geometry>
	<conformers/>
	<properties/>
</molecule>
