<?xml version="1.0" ?>
<!--MOLLI PACKAGE EXPERIMENTAL XML FORMAT-->
<molecule name="react_118">
	<atoms>
		<a id="1" s="H" t="H" l="H"/>
		<a id="2" s="C" t="C.2" l="C"/>
		<a id="3" s="H" t="H" l="H"/>
		<a id="4" s="C" t="C.2" l="C"/>
		<a id="5" s="C" t="C.ar" l="C"/>
		<a id="6" s="C" t="C.ar" l="C"/>
		<a id="7" s="H" t="H" l="H"/>
		<a id="8" s="C" t="C.ar" l="C"/>
		<a id="9" s="H" t="H" l="H"/>
		<a id="10" s="C" t="C.ar" l="C"/>
		<a id="11" s="H" t="H" l="H"/>
		<a id="12" s="C" t="C.ar" l="C"/>
		<a id="13" s="H" t="H" l="H"/>
		<a id="14" s="C" t="C.ar" l="C"/>
		<a id="15" s="H" t="H" l="H"/>
		<a id="16" s="C" t="C.3" l="C"/>
		<a id="17" s="H" t="H" l="H"/>
		<a id="18" s="H" t="H" l="H"/>
		<a id="19" s="C" t="C.3" l="C"/>
		<a id="20" s="H" t="H" l="H"/>
		<a id="21" s="H" t="H" l="H"/>
		<a id="22" s="H" t="H" l="H"/>
	</atoms>
	<bonds>
		<b id="1" c="2 4" t="2"/>
		<b id="2" c="4 16" t="1"/>
		<b id="3" c="16 19" t="1"/>
		<b id="4" c="4 5" t="1"/>
		<b id="5" c="5 6" t="ar"/>
		<b id="6" c="6 8" t="ar"/>
		<b id="7" c="8 10" t="ar"/>
		<b id="8" c="10 12" t="ar"/>
		<b id="9" c="12 14" t="ar"/>
		<b id="10" c="14 5" t="ar"/>
		<b id="11" c="2 1" t="1"/>
		<b id="12" c="2 3" t="1"/>
		<b id="13" c="16 17" t="1"/>
		<b id="14" c="16 18" t="1"/>
		<b id="15" c="19 20" t="1"/>
		<b id="16" c="19 21" t="1"/>
		<b id="17" c="19 22" t="1"/>
		<b id="18" c="6 7" t="1"/>
		<b id="19" c="8 9" t="1"/>
		<b id="20" c="10 11" t="1"/>
		<b id="21" c="12 13" t="1"/>
		<b id="22" c="14 15" t="1"/>
	</bonds>
	<geometry>
		<g u="A" t="cart/3d">#22,3:-2.4642,-1.8286,0.2601;-1.3987,-1.6363,0.2038;-0.7537,-2.5079,0.2758;-0.9009,-0.3992,0.0335;0.5685,-0.2299,-0.0402;1.1616,0.4079,-1.1381;0.5516,0.7668,-1.9631;2.5474,0.5767,-1.2007;2.9947,1.0687,-2.0604;3.3552,0.1128,-0.1647;4.4329,0.2446,-0.2138;2.7792,-0.5205,0.9344;3.4062,-0.8807,1.7456;1.3939,-0.6903,0.9966;0.9603,-1.1766,1.8674;-1.7224,0.8674,-0.1014;-1.3009,1.6301,0.5665;-1.6293,1.2523,-1.1241;-3.2090,0.7502,0.2206;-3.6869,1.7323,0.1411;-3.7171,0.0779,-0.4784;-3.3682,0.3822,1.2396;</g>
	</geometry>
	<conformers/>
	<properties/>
</molecule>
