<?xml version="1.0" ?>
<!--MOLLI PACKAGE EXPERIMENTAL XML FORMAT-->
<molecule name="react_119">
	<atoms>
		<a id="1" s="H" t="H" l="H"/>
		<a id="2" s="C" t="C.2" l="C"/>
		<a id="3" s="H" t="H" l="H"/>
		<a id="4" s="C" t="C.2" l="C"/>
		<a id="5" s="C" t="C.ar" l="C"/>
		<a id="6" s="C" t="C.ar" l="C"/>
		<a id="7" s="H" t="H" l="H"/>
		<a id="8" s="C" t="C.ar" l="C"/>
		<a id="9" s="H" t="H" l="H"/>
		<a id="10" s="C" t="C.ar" l="C"/>
		<a id="11" s="H" t="H" l="H"/>
		<a id="12" s="C" t="C.ar" l="C"/>
		<a id="13" s="H" t="H" l="H"/>
		<a id="14" s="C" t="C.ar" l="C"/>
		<a id="15" s="C" t="C.3" l="C"/>
		<a id="16" s="H" t="H" l="H"/>
		<a id="17" s="H" t="H" l="H"/>
		<a id="18" s="C" t="C.3" l="C"/>
		<a id="19" s="H" t="H" l="H"/>
		<a id="20" s="H" t="H" l="H"/>
	</atoms>
	<bonds>
		<b id="1" c="2 4" t="2"/>
		<b id="2" c="4 18" t="1"/>
		<b id="3" c="18 15" t="1"/>
		<b id="4" c="15 14" t="1"/>
		<b id="5" c="14 12" t="ar"/>
		<b id="6" c="12 10" t="ar"/>
		<b id="7" c="10 8" t="ar"/>
		<b id="8" c="8 6" t="ar"/>
		<b id="9" c="6 5" t="ar"/>
		<b id="10" c="5 4" t="1"/>
		<b id="11" c="5 14" t="ar"/>
		<b id="12" c="2 1" t="1"/>
		<b id="13" c="2 3" t="1"/>
		<b id="14" c="18 19" t="1"/>
		<b id="15" c="18 20" t="1"/>
		<b id="16" c="15 16" t="1"/>
		<b id="17" c="15 17" t="1"/>
		<b id="18" c="12 13" t="1"/>
		<b id="19" c="10 11" t="1"/>
		<b id="20" c="8 9" t="1"/>
		<b id="21" c="6 7" t="1"/>
	</bonds>
	<geometry>
		<g u="A" t="cart/3d">#20,3:-2.0414,2.4144,0.4220;-2.3532,1.3778,0.3562;-3.4187,1.1786,0.4121;-1.4769,0.3778,0.2096;-0.0255,0.4973,0.1047;0.8006,1.5997,0.2697;0.3942,2.5753,0.5128;2.1808,1.4339,0.1226;2.8430,2.2867,0.2494;2.7184,0.1768,-0.1871;3.7937,0.0640,-0.3010;1.8828,-0.9288,-0.3534;2.2981,-1.9006,-0.6008;0.5139,-0.7549,-0.1996;-0.5444,-1.7995,-0.3712;-0.6185,-2.0929,-1.4239;-0.3442,-2.6849,0.2403;-1.8255,-1.0863,0.0886;-2.1338,-1.4736,1.0676;-2.6435,-1.2609,-0.6187;</g>
	</geometry>
	<conformers/>
	<properties/>
</molecule>
