<?xml version="1.0" ?>
<!--MOLLI PACKAGE EXPERIMENTAL XML FORMAT-->
<molecule name="react_121">
	<atoms>
		<a id="1" s="H" t="H" l="H"/>
		<a id="2" s="C" t="C.2" l="C"/>
		<a id="3" s="H" t="H" l="H"/>
		<a id="4" s="C" t="C.2" l="C"/>
		<a id="5" s="C" t="C.ar" l="C"/>
		<a id="6" s="C" t="C.ar" l="C"/>
		<a id="7" s="H" t="H" l="H"/>
		<a id="8" s="C" t="C.ar" l="C"/>
		<a id="9" s="H" t="H" l="H"/>
		<a id="10" s="C" t="C.ar" l="C"/>
		<a id="11" s="H" t="H" l="H"/>
		<a id="12" s="C" t="C.ar" l="C"/>
		<a id="13" s="H" t="H" l="H"/>
		<a id="14" s="C" t="C.ar" l="C"/>
		<a id="15" s="H" t="H" l="H"/>
		<a id="16" s="C" t="C.3" l="C"/>
		<a id="17" s="H" t="H" l="H"/>
		<a id="18" s="C" t="C.3" l="C"/>
		<a id="19" s="H" t="H" l="H"/>
		<a id="20" s="H" t="H" l="H"/>
		<a id="21" s="C" t="C.3" l="C"/>
		<a id="22" s="H" t="H" l="H"/>
		<a id="23" s="H" t="H" l="H"/>
	</atoms>
	<bonds>
		<b id="1" c="2 4" t="2"/>
		<b id="2" c="4 5" t="1"/>
		<b id="3" c="5 6" t="ar"/>
		<b id="4" c="6 8" t="ar"/>
		<b id="5" c="8 10" t="ar"/>
		<b id="6" c="10 12" t="ar"/>
		<b id="7" c="12 14" t="ar"/>
		<b id="8" c="4 16" t="1"/>
		<b id="9" c="16 18" t="1"/>
		<b id="10" c="18 21" t="1"/>
		<b id="11" c="14 5" t="ar"/>
		<b id="12" c="21 16" t="1"/>
		<b id="13" c="2 1" t="1"/>
		<b id="14" c="2 3" t="1"/>
		<b id="15" c="6 7" t="1"/>
		<b id="16" c="8 9" t="1"/>
		<b id="17" c="10 11" t="1"/>
		<b id="18" c="12 13" t="1"/>
		<b id="19" c="14 15" t="1"/>
		<b id="20" c="16 17" t="1"/>
		<b id="21" c="18 19" t="1"/>
		<b id="22" c="18 20" t="1"/>
		<b id="23" c="21 22" t="1"/>
		<b id="24" c="21 23" t="1"/>
	</bonds>
	<geometry>
		<g u="A" t="cart/3d">#23,3:0.4475,-2.1920,-1.7521;-0.5089,-1.8354,-1.3826;-1.3848,-2.4186,-1.6488;-0.6279,-0.7159,-0.6435;0.6208,0.0384,-0.3658;1.7109,-0.5686,0.2748;1.6578,-1.6121,0.5759;2.8712,0.1603,0.5460;3.7097,-0.3205,1.0427;2.9512,1.5040,0.1849;3.8537,2.0713,0.3965;1.8711,2.1208,-0.4439;1.9305,3.1693,-0.7233;0.7101,1.3926,-0.7150;-0.1237,1.8880,-1.2063;-1.9422,-0.2067,-0.1940;-2.4616,0.3929,-0.9361;-2.1376,0.1748,1.2524;-1.3147,0.0484,1.9472;-2.7640,1.0330,1.4665;-2.7929,-1.0613,0.7136;-3.8661,-1.0437,0.5627;-2.4100,-2.0189,1.0482;</g>
	</geometry>
	<conformers/>
	<properties/>
</molecule>
