<?xml version="1.0" ?>
<!--MOLLI PACKAGE EXPERIMENTAL XML FORMAT-->
<molecule name="react_122">
	<atoms>
		<a id="1" s="H" t="H" l="H"/>
		<a id="2" s="C" t="C.2" l="C"/>
		<a id="3" s="H" t="H" l="H"/>
		<a id="4" s="C" t="C.2" l="C"/>
		<a id="5" s="C" t="C.ar" l="C"/>
		<a id="6" s="C" t="C.ar" l="C"/>
		<a id="7" s="H" t="H" l="H"/>
		<a id="8" s="C" t="C.ar" l="C"/>
		<a id="9" s="H" t="H" l="H"/>
		<a id="10" s="C" t="C.ar" l="C"/>
		<a id="11" s="H" t="H" l="H"/>
		<a id="12" s="C" t="C.ar" l="C"/>
		<a id="13" s="H" t="H" l="H"/>
		<a id="14" s="C" t="C.ar" l="C"/>
		<a id="15" s="H" t="H" l="H"/>
		<a id="16" s="C" t="C.3" l="C"/>
		<a id="17" s="H" t="H" l="H"/>
		<a id="18" s="H" t="H" l="H"/>
		<a id="19" s="O" t="O.3" l="O"/>
		<a id="20" s="C" t="C.2" l="C"/>
		<a id="21" s="O" t="O.2" l="O"/>
		<a id="22" s="C" t="C.3" l="C"/>
		<a id="23" s="H" t="H" l="H"/>
		<a id="24" s="H" t="H" l="H"/>
		<a id="25" s="H" t="H" l="H"/>
	</atoms>
	<bonds>
		<b id="1" c="2 4" t="2"/>
		<b id="2" c="4 16" t="1"/>
		<b id="3" c="16 19" t="1"/>
		<b id="4" c="19 20" t="1"/>
		<b id="5" c="20 22" t="1"/>
		<b id="6" c="20 21" t="2"/>
		<b id="7" c="4 5" t="1"/>
		<b id="8" c="5 6" t="ar"/>
		<b id="9" c="6 8" t="ar"/>
		<b id="10" c="8 10" t="ar"/>
		<b id="11" c="10 12" t="ar"/>
		<b id="12" c="12 14" t="ar"/>
		<b id="13" c="14 5" t="ar"/>
		<b id="14" c="2 1" t="1"/>
		<b id="15" c="2 3" t="1"/>
		<b id="16" c="16 17" t="1"/>
		<b id="17" c="16 18" t="1"/>
		<b id="18" c="22 23" t="1"/>
		<b id="19" c="22 24" t="1"/>
		<b id="20" c="22 25" t="1"/>
		<b id="21" c="6 7" t="1"/>
		<b id="22" c="8 9" t="1"/>
		<b id="23" c="10 11" t="1"/>
		<b id="24" c="12 13" t="1"/>
		<b id="25" c="14 15" t="1"/>
	</bonds>
	<geometry>
		<g u="A" t="cart/3d">#25,3:-0.8542,-2.5021,0.9715;0.0138,-1.9314,0.6543;0.9637,-2.4567,0.6584;-0.0731,-0.6378,0.2948;-1.3945,0.0289,0.3142;-1.5812,1.2333,1.0069;-0.7656,1.6853,1.5660;-2.8263,1.8680,1.0100;-2.9585,2.7990,1.5553;-3.8982,1.3080,0.3186;-4.8660,1.8026,0.3213;-3.7273,0.1130,-0.3762;-4.5607,-0.3247,-0.9193;-2.4830,-0.5223,-0.3790;-2.3668,-1.4482,-0.9380;1.1009,0.2198,-0.1325;1.3094,0.9701,0.6394;0.8597,0.7202,-1.0787;2.2735,-0.5838,-0.3274;3.3732,0.1292,-0.6863;3.4176,1.3418,-0.8369;4.5410,-0.7902,-0.8727;5.4191,-0.2065,-1.1635;4.7604,-1.3056,0.0657;4.3233,-1.5099,-1.6659;</g>
	</geometry>
	<conformers/>
	<properties/>
</molecule>
