<?xml version="1.0" ?>
<!--MOLLI PACKAGE EXPERIMENTAL XML FORMAT-->
<molecule name="react_123">
	<atoms>
		<a id="1" s="H" t="H" l="H"/>
		<a id="2" s="C" t="C.2" l="C"/>
		<a id="3" s="H" t="H" l="H"/>
		<a id="4" s="C" t="C.2" l="C"/>
		<a id="5" s="C" t="C.ar" l="C"/>
		<a id="6" s="C" t="C.ar" l="C"/>
		<a id="7" s="H" t="H" l="H"/>
		<a id="8" s="C" t="C.ar" l="C"/>
		<a id="9" s="H" t="H" l="H"/>
		<a id="10" s="C" t="C.ar" l="C"/>
		<a id="11" s="F" t="F" l="F"/>
		<a id="12" s="C" t="C.ar" l="C"/>
		<a id="13" s="H" t="H" l="H"/>
		<a id="14" s="C" t="C.ar" l="C"/>
		<a id="15" s="F" t="F" l="F"/>
		<a id="16" s="C" t="C.3" l="C"/>
		<a id="17" s="H" t="H" l="H"/>
		<a id="18" s="H" t="H" l="H"/>
		<a id="19" s="O" t="O.3" l="O"/>
		<a id="20" s="C" t="C.2" l="C"/>
		<a id="21" s="O" t="O.2" l="O"/>
		<a id="22" s="C" t="C.3" l="C"/>
		<a id="23" s="H" t="H" l="H"/>
		<a id="24" s="H" t="H" l="H"/>
		<a id="25" s="H" t="H" l="H"/>
	</atoms>
	<bonds>
		<b id="1" c="2 4" t="2"/>
		<b id="2" c="4 16" t="1"/>
		<b id="3" c="16 19" t="1"/>
		<b id="4" c="19 20" t="1"/>
		<b id="5" c="20 22" t="1"/>
		<b id="6" c="20 21" t="2"/>
		<b id="7" c="4 5" t="1"/>
		<b id="8" c="5 6" t="ar"/>
		<b id="9" c="6 8" t="ar"/>
		<b id="10" c="8 10" t="ar"/>
		<b id="11" c="10 11" t="1"/>
		<b id="12" c="10 12" t="ar"/>
		<b id="13" c="12 14" t="ar"/>
		<b id="14" c="14 15" t="1"/>
		<b id="15" c="14 5" t="ar"/>
		<b id="16" c="2 1" t="1"/>
		<b id="17" c="2 3" t="1"/>
		<b id="18" c="16 17" t="1"/>
		<b id="19" c="16 18" t="1"/>
		<b id="20" c="22 23" t="1"/>
		<b id="21" c="22 24" t="1"/>
		<b id="22" c="22 25" t="1"/>
		<b id="23" c="6 7" t="1"/>
		<b id="24" c="8 9" t="1"/>
		<b id="25" c="12 13" t="1"/>
	</bonds>
	<geometry>
		<g u="A" t="cart/3d">#25,3:2.2063,0.7530,1.5361;1.1408,0.9624,1.5158;0.7912,1.7259,2.2040;0.3102,0.2847,0.7012;-1.1411,0.5939,0.7105;-1.5860,1.9268,0.6503;-0.8720,2.7463,0.5971;-2.9521,2.2236,0.6399;-3.2949,3.2529,0.5925;-3.8810,1.1909,0.6848;-5.1884,1.4799,0.6742;-3.4737,-0.1329,0.7373;-4.2039,-0.9327,0.7718;-2.1120,-0.4211,0.7470;-1.7448,-1.7098,0.8088;0.7645,-0.8090,-0.2480;0.2489,-0.6966,-1.2101;0.5397,-1.7912,0.1831;2.1790,-0.7180,-0.4761;2.6552,-1.6423,-1.3512;1.9873,-2.4904,-1.9250;4.1341,-1.4737,-1.5190;4.6348,-1.6156,-0.5580;4.5074,-2.2254,-2.2204;4.3505,-0.4817,-1.9235;</g>
	</geometry>
	<conformers/>
	<properties/>
</molecule>
