<?xml version="1.0" ?>
<!--MOLLI PACKAGE EXPERIMENTAL XML FORMAT-->
<molecule name="react_78">
	<atoms>
		<a id="1" s="H" t="H" l="H"/>
		<a id="2" s="C" t="C.2" l="C"/>
		<a id="3" s="C" t="C.2" l="C"/>
		<a id="4" s="C" t="C.3" l="C"/>
		<a id="5" s="H" t="H" l="H"/>
		<a id="6" s="H" t="H" l="H"/>
		<a id="7" s="C" t="C.1" l="C"/>
		<a id="8" s="N" t="N.1" l="N"/>
		<a id="9" s="C" t="C.3" l="C"/>
		<a id="10" s="H" t="H" l="H"/>
		<a id="11" s="H" t="H" l="H"/>
		<a id="12" s="C" t="C.3" l="C"/>
		<a id="13" s="H" t="H" l="H"/>
		<a id="14" s="H" t="H" l="H"/>
		<a id="15" s="C" t="C.3" l="C"/>
		<a id="16" s="H" t="H" l="H"/>
		<a id="17" s="H" t="H" l="H"/>
	</atoms>
	<bonds>
		<b id="1" c="8 7" t="3"/>
		<b id="2" c="7 4" t="1"/>
		<b id="3" c="4 3" t="1"/>
		<b id="4" c="3 2" t="2"/>
		<b id="5" c="2 15" t="1"/>
		<b id="6" c="15 12" t="1"/>
		<b id="7" c="12 9" t="1"/>
		<b id="8" c="9 3" t="1"/>
		<b id="9" c="4 5" t="1"/>
		<b id="10" c="4 6" t="1"/>
		<b id="11" c="2 1" t="1"/>
		<b id="12" c="15 16" t="1"/>
		<b id="13" c="15 17" t="1"/>
		<b id="14" c="12 13" t="1"/>
		<b id="15" c="12 14" t="1"/>
		<b id="16" c="9 10" t="1"/>
		<b id="17" c="9 11" t="1"/>
	</bonds>
	<geometry>
		<g u="A" t="cart/3d">#17,3:0.3495,-2.0595,-0.2740;-0.1303,-1.0971,-0.1429;0.4981,0.0853,-0.0586;1.9635,0.4090,-0.1143;2.2454,0.9286,0.8090;2.1397,1.1061,-0.9421;2.8344,-0.7649,-0.2860;3.5371,-1.6798,-0.4216;-0.4921,1.2057,0.0802;-0.5708,1.7621,-0.8600;-0.2225,1.8994,0.8826;-1.7960,0.4805,0.4076;-1.9594,0.4865,1.4933;-2.6640,0.9651,-0.0511;-1.6152,-0.9546,-0.0769;-2.0621,-1.6669,0.6227;-2.0552,-1.1054,-1.0680;</g>
	</geometry>
	<conformers/>
	<properties/>
</molecule>
