<?xml version="1.0" ?>
<!--MOLLI PACKAGE EXPERIMENTAL XML FORMAT-->
<molecule name="react_124">
	<atoms>
		<a id="1" s="H" t="H" l="H"/>
		<a id="2" s="C" t="C.2" l="C"/>
		<a id="3" s="H" t="H" l="H"/>
		<a id="4" s="C" t="C.2" l="C"/>
		<a id="5" s="C" t="C.ar" l="C"/>
		<a id="6" s="C" t="C.ar" l="C"/>
		<a id="7" s="H" t="H" l="H"/>
		<a id="8" s="C" t="C.ar" l="C"/>
		<a id="9" s="H" t="H" l="H"/>
		<a id="10" s="C" t="C.ar" l="C"/>
		<a id="11" s="F" t="F" l="F"/>
		<a id="12" s="C" t="C.ar" l="C"/>
		<a id="13" s="H" t="H" l="H"/>
		<a id="14" s="C" t="C.ar" l="C"/>
		<a id="15" s="F" t="F" l="F"/>
		<a id="16" s="C" t="C.3" l="C"/>
		<a id="17" s="H" t="H" l="H"/>
		<a id="18" s="H" t="H" l="H"/>
		<a id="19" s="N" t="N.ar" l="N"/>
		<a id="20" s="N" t="N.ar" l="N"/>
		<a id="21" s="C" t="C.ar" l="C"/>
		<a id="22" s="H" t="H" l="H"/>
		<a id="23" s="N" t="N.ar" l="N"/>
		<a id="24" s="C" t="C.ar" l="C"/>
		<a id="25" s="H" t="H" l="H"/>
	</atoms>
	<bonds>
		<b id="1" c="2 4" t="2"/>
		<b id="2" c="4 16" t="1"/>
		<b id="3" c="16 19" t="1"/>
		<b id="4" c="19 24" t="ar"/>
		<b id="5" c="24 23" t="ar"/>
		<b id="6" c="23 21" t="ar"/>
		<b id="7" c="21 20" t="ar"/>
		<b id="8" c="4 5" t="1"/>
		<b id="9" c="5 6" t="ar"/>
		<b id="10" c="6 8" t="ar"/>
		<b id="11" c="8 10" t="ar"/>
		<b id="12" c="10 11" t="1"/>
		<b id="13" c="10 12" t="ar"/>
		<b id="14" c="12 14" t="ar"/>
		<b id="15" c="14 15" t="1"/>
		<b id="16" c="20 19" t="ar"/>
		<b id="17" c="14 5" t="ar"/>
		<b id="18" c="2 1" t="1"/>
		<b id="19" c="2 3" t="1"/>
		<b id="20" c="16 17" t="1"/>
		<b id="21" c="16 18" t="1"/>
		<b id="22" c="24 25" t="1"/>
		<b id="23" c="21 22" t="1"/>
		<b id="24" c="6 7" t="1"/>
		<b id="25" c="8 9" t="1"/>
		<b id="26" c="12 13" t="1"/>
	</bonds>
	<geometry>
		<g u="A" t="cart/3d">#25,3:-1.6513,-0.6166,2.3144;-0.6221,-0.6339,1.9613;0.0583,-1.2830,2.5056;-0.2329,0.1017,0.9030;1.1790,0.0440,0.4633;2.2176,0.2898,1.3772;1.9961,0.5280,2.4161;3.5523,0.2426,0.9646;4.3569,0.4328,1.6689;3.8537,-0.0492,-0.3611;5.1338,-0.0927,-0.7510;2.8493,-0.2938,-1.2850;3.0941,-0.5223,-2.3157;1.5234,-0.2446,-0.8672;0.5642,-0.4906,-1.7726;-1.1770,0.9871,0.1125;-1.4008,1.8911,0.6924;-0.7491,1.3242,-0.8379;-2.4419,0.3497,-0.2203;-3.5877,0.6973,0.4024;-4.4705,-0.0877,-0.2211;-5.5213,-0.0722,0.0382;-3.9516,-0.8932,-1.1944;-2.6728,-0.5938,-1.1734;-1.8999,-1.0148,-1.8009;</g>
	</geometry>
	<conformers/>
	<properties/>
</molecule>
