<?xml version="1.0" ?>
<!--MOLLI PACKAGE EXPERIMENTAL XML FORMAT-->
<molecule name="react_125">
	<atoms>
		<a id="1" s="H" t="H" l="H"/>
		<a id="2" s="C" t="C.2" l="C"/>
		<a id="3" s="H" t="H" l="H"/>
		<a id="4" s="C" t="C.2" l="C"/>
		<a id="5" s="C" t="C.ar" l="C"/>
		<a id="6" s="C" t="C.ar" l="C"/>
		<a id="7" s="H" t="H" l="H"/>
		<a id="8" s="C" t="C.ar" l="C"/>
		<a id="9" s="H" t="H" l="H"/>
		<a id="10" s="C" t="C.ar" l="C"/>
		<a id="11" s="F" t="F" l="F"/>
		<a id="12" s="C" t="C.ar" l="C"/>
		<a id="13" s="H" t="H" l="H"/>
		<a id="14" s="C" t="C.ar" l="C"/>
		<a id="15" s="F" t="F" l="F"/>
		<a id="16" s="C" t="C.3" l="C"/>
		<a id="17" s="H" t="H" l="H"/>
		<a id="18" s="H" t="H" l="H"/>
		<a id="19" s="Cl" t="Cl" l="CL"/>
	</atoms>
	<bonds>
		<b id="1" c="2 4" t="2"/>
		<b id="2" c="4 16" t="1"/>
		<b id="3" c="16 19" t="1"/>
		<b id="4" c="4 5" t="1"/>
		<b id="5" c="5 6" t="ar"/>
		<b id="6" c="6 8" t="ar"/>
		<b id="7" c="8 10" t="ar"/>
		<b id="8" c="10 11" t="1"/>
		<b id="9" c="10 12" t="ar"/>
		<b id="10" c="12 14" t="ar"/>
		<b id="11" c="14 15" t="1"/>
		<b id="12" c="14 5" t="ar"/>
		<b id="13" c="2 1" t="1"/>
		<b id="14" c="2 3" t="1"/>
		<b id="15" c="16 17" t="1"/>
		<b id="16" c="16 18" t="1"/>
		<b id="17" c="6 7" t="1"/>
		<b id="18" c="8 9" t="1"/>
		<b id="19" c="12 13" t="1"/>
	</bonds>
	<geometry>
		<g u="A" t="cart/3d">#19,3:-1.5583,-0.0542,2.3105;-2.1138,-0.0259,1.3768;-3.1966,-0.0381,1.4596;-1.5003,0.0042,0.1802;-0.0216,0.0301,0.1195;0.6441,1.0505,-0.5784;0.0887,1.8493,-1.0638;2.0403,1.0679,-0.6469;2.5589,1.8570,-1.1834;2.7748,0.0666,-0.0211;4.1119,0.0904,-0.0904;2.1441,-0.9530,0.6743;2.7226,-1.7314,1.1572;0.7544,-0.9649,0.7398;0.1642,-1.9662,1.4111;-2.2697,0.0637,-1.1134;-1.9727,0.9188,-1.7276;-3.3466,0.1521,-0.9357;-2.0243,-1.4170,-2.0683;</g>
	</geometry>
	<conformers/>
	<properties/>
</molecule>
