<?xml version="1.0" ?>
<!--MOLLI PACKAGE EXPERIMENTAL XML FORMAT-->
<molecule name="react_126">
	<atoms>
		<a id="1" s="H" t="H" l="H"/>
		<a id="2" s="C" t="C.2" l="C"/>
		<a id="3" s="H" t="H" l="H"/>
		<a id="4" s="C" t="C.2" l="C"/>
		<a id="5" s="C" t="C.ar" l="C"/>
		<a id="6" s="C" t="C.ar" l="C"/>
		<a id="7" s="H" t="H" l="H"/>
		<a id="8" s="C" t="C.ar" l="C"/>
		<a id="9" s="H" t="H" l="H"/>
		<a id="10" s="C" t="C.ar" l="C"/>
		<a id="11" s="F" t="F" l="F"/>
		<a id="12" s="C" t="C.ar" l="C"/>
		<a id="13" s="H" t="H" l="H"/>
		<a id="14" s="C" t="C.ar" l="C"/>
		<a id="15" s="F" t="F" l="F"/>
		<a id="16" s="C" t="C.3" l="C"/>
		<a id="17" s="H" t="H" l="H"/>
		<a id="18" s="H" t="H" l="H"/>
		<a id="19" s="H" t="H" l="H"/>
	</atoms>
	<bonds>
		<b id="1" c="2 4" t="2"/>
		<b id="2" c="4 16" t="1"/>
		<b id="3" c="4 5" t="1"/>
		<b id="4" c="5 6" t="ar"/>
		<b id="5" c="6 8" t="ar"/>
		<b id="6" c="8 10" t="ar"/>
		<b id="7" c="10 11" t="1"/>
		<b id="8" c="10 12" t="ar"/>
		<b id="9" c="12 14" t="ar"/>
		<b id="10" c="14 15" t="1"/>
		<b id="11" c="14 5" t="ar"/>
		<b id="12" c="2 1" t="1"/>
		<b id="13" c="2 3" t="1"/>
		<b id="14" c="16 17" t="1"/>
		<b id="15" c="16 18" t="1"/>
		<b id="16" c="16 19" t="1"/>
		<b id="17" c="6 7" t="1"/>
		<b id="18" c="8 9" t="1"/>
		<b id="19" c="12 13" t="1"/>
	</bonds>
	<geometry>
		<g u="A" t="cart/3d">#19,3:-2.8895,-1.6286,1.1704;-1.8349,-1.4016,1.0426;-1.1391,-2.0130,1.6090;-1.4326,-0.3959,0.2465;0.0067,-0.0847,0.0807;0.9367,-1.1198,-0.1262;0.6092,-2.1566,-0.1664;2.2946,-0.8377,-0.3032;3.0100,-1.6385,-0.4638;2.7314,0.4809,-0.2796;4.0326,0.7474,-0.4500;1.8395,1.5236,-0.0853;2.1874,2.5496,-0.0677;0.4884,1.2356,0.0897;-0.3469,2.2668,0.2880;-2.4252,0.4543,-0.4981;-3.4157,-0.0140,-0.5242;-2.5405,1.4339,-0.0245;-2.1123,0.5984,-1.5380;</g>
	</geometry>
	<conformers/>
	<properties/>
</molecule>
