<?xml version="1.0" ?>
<!--MOLLI PACKAGE EXPERIMENTAL XML FORMAT-->
<molecule name="react_127">
	<atoms>
		<a id="1" s="H" t="H" l="H"/>
		<a id="2" s="C" t="C.2" l="C"/>
		<a id="3" s="H" t="H" l="H"/>
		<a id="4" s="C" t="C.2" l="C"/>
		<a id="5" s="C" t="C.3" l="C"/>
		<a id="6" s="H" t="H" l="H"/>
		<a id="7" s="H" t="H" l="H"/>
		<a id="8" s="H" t="H" l="H"/>
		<a id="9" s="C" t="C.3" l="C"/>
		<a id="10" s="H" t="H" l="H"/>
		<a id="11" s="H" t="H" l="H"/>
		<a id="12" s="O" t="O.3" l="O"/>
		<a id="13" s="C" t="C.ar" l="C"/>
		<a id="14" s="C" t="C.ar" l="C"/>
		<a id="15" s="H" t="H" l="H"/>
		<a id="16" s="C" t="C.ar" l="C"/>
		<a id="17" s="H" t="H" l="H"/>
		<a id="18" s="C" t="C.ar" l="C"/>
		<a id="19" s="O" t="O.3" l="O"/>
		<a id="20" s="C" t="C.3" l="C"/>
		<a id="21" s="H" t="H" l="H"/>
		<a id="22" s="H" t="H" l="H"/>
		<a id="23" s="H" t="H" l="H"/>
		<a id="24" s="C" t="C.ar" l="C"/>
		<a id="25" s="H" t="H" l="H"/>
		<a id="26" s="C" t="C.ar" l="C"/>
		<a id="27" s="H" t="H" l="H"/>
	</atoms>
	<bonds>
		<b id="1" c="2 4" t="2"/>
		<b id="2" c="4 5" t="1"/>
		<b id="3" c="4 9" t="1"/>
		<b id="4" c="9 12" t="1"/>
		<b id="5" c="12 13" t="1"/>
		<b id="6" c="13 14" t="ar"/>
		<b id="7" c="14 16" t="ar"/>
		<b id="8" c="16 18" t="ar"/>
		<b id="9" c="18 19" t="1"/>
		<b id="10" c="19 20" t="1"/>
		<b id="11" c="18 24" t="ar"/>
		<b id="12" c="24 26" t="ar"/>
		<b id="13" c="26 13" t="ar"/>
		<b id="14" c="2 1" t="1"/>
		<b id="15" c="2 3" t="1"/>
		<b id="16" c="5 6" t="1"/>
		<b id="17" c="5 7" t="1"/>
		<b id="18" c="5 8" t="1"/>
		<b id="19" c="9 10" t="1"/>
		<b id="20" c="9 11" t="1"/>
		<b id="21" c="14 15" t="1"/>
		<b id="22" c="16 17" t="1"/>
		<b id="23" c="20 21" t="1"/>
		<b id="24" c="20 22" t="1"/>
		<b id="25" c="20 23" t="1"/>
		<b id="26" c="24 25" t="1"/>
		<b id="27" c="26 27" t="1"/>
	</bonds>
	<geometry>
		<g u="A" t="cart/3d">#27,3:-5.4271,0.7748,-0.6922;-4.4294,0.4741,-0.9978;-4.1809,0.5957,-2.0479;-3.5408,-0.0126,-0.1147;-3.8849,-0.1797,1.3388;-3.2397,0.4470,1.9626;-3.7553,-1.2238,1.6417;-4.9226,0.1000,1.5496;-2.1498,-0.4390,-0.5206;-2.0204,-1.4984,-0.2658;-2.0093,-0.3066,-1.6006;-1.2088,0.3634,0.1907;0.1166,0.1032,-0.0187;0.9916,0.9149,0.7069;0.5890,1.6777,1.3696;2.3780,0.7615,0.5930;3.0124,1.4178,1.1784;2.9031,-0.2122,-0.2538;4.2294,-0.4711,-0.4611;5.1591,0.3323,0.2548;5.0478,0.1967,1.3357;6.1660,0.0033,-0.0197;5.0661,1.3872,-0.0237;2.0282,-1.0237,-0.9797;2.4309,-1.7856,-1.6431;0.6416,-0.8702,-0.8660;0.0090,-1.5266,-1.4532;</g>
	</geometry>
	<conformers/>
	<properties/>
</molecule>
