<?xml version="1.0" ?>
<!--MOLLI PACKAGE EXPERIMENTAL XML FORMAT-->
<molecule name="react_128">
	<atoms>
		<a id="1" s="H" t="H" l="H"/>
		<a id="2" s="C" t="C.2" l="C"/>
		<a id="3" s="H" t="H" l="H"/>
		<a id="4" s="C" t="C.2" l="C"/>
		<a id="5" s="C" t="C.3" l="C"/>
		<a id="6" s="H" t="H" l="H"/>
		<a id="7" s="H" t="H" l="H"/>
		<a id="8" s="H" t="H" l="H"/>
		<a id="9" s="C" t="C.3" l="C"/>
		<a id="10" s="H" t="H" l="H"/>
		<a id="11" s="H" t="H" l="H"/>
		<a id="12" s="O" t="O.3" l="O"/>
		<a id="13" s="C" t="C.ar" l="C"/>
		<a id="14" s="C" t="C.ar" l="C"/>
		<a id="15" s="H" t="H" l="H"/>
		<a id="16" s="C" t="C.ar" l="C"/>
		<a id="17" s="H" t="H" l="H"/>
		<a id="18" s="C" t="C.ar" l="C"/>
		<a id="19" s="H" t="H" l="H"/>
		<a id="20" s="C" t="C.ar" l="C"/>
		<a id="21" s="O" t="O.3" l="O"/>
		<a id="22" s="C" t="C.3" l="C"/>
		<a id="23" s="H" t="H" l="H"/>
		<a id="24" s="H" t="H" l="H"/>
		<a id="25" s="H" t="H" l="H"/>
		<a id="26" s="C" t="C.ar" l="C"/>
		<a id="27" s="H" t="H" l="H"/>
	</atoms>
	<bonds>
		<b id="1" c="2 4" t="2"/>
		<b id="2" c="4 5" t="1"/>
		<b id="3" c="4 9" t="1"/>
		<b id="4" c="9 12" t="1"/>
		<b id="5" c="12 13" t="1"/>
		<b id="6" c="13 14" t="ar"/>
		<b id="7" c="14 16" t="ar"/>
		<b id="8" c="16 18" t="ar"/>
		<b id="9" c="18 20" t="ar"/>
		<b id="10" c="20 21" t="1"/>
		<b id="11" c="21 22" t="1"/>
		<b id="12" c="20 26" t="ar"/>
		<b id="13" c="26 13" t="ar"/>
		<b id="14" c="2 1" t="1"/>
		<b id="15" c="2 3" t="1"/>
		<b id="16" c="5 6" t="1"/>
		<b id="17" c="5 7" t="1"/>
		<b id="18" c="5 8" t="1"/>
		<b id="19" c="9 10" t="1"/>
		<b id="20" c="9 11" t="1"/>
		<b id="21" c="14 15" t="1"/>
		<b id="22" c="16 17" t="1"/>
		<b id="23" c="18 19" t="1"/>
		<b id="24" c="22 23" t="1"/>
		<b id="25" c="22 24" t="1"/>
		<b id="26" c="22 25" t="1"/>
		<b id="27" c="26 27" t="1"/>
	</bonds>
	<geometry>
		<g u="A" t="cart/3d">#27,3:5.4298,0.3735,-0.2092;4.4566,0.5178,0.2507;4.3373,1.3941,0.8808;3.4446,-0.3403,0.0370;3.6098,-1.5517,-0.8374;4.6327,-1.6471,-1.2172;3.3801,-2.4612,-0.2728;2.9395,-1.4986,-1.7010;2.0846,-0.1584,0.6683;2.0750,0.7357,1.3040;1.8630,-1.0409,1.2815;1.1201,-0.0202,-0.3733;-0.1889,0.1143,-0.0004;-0.6720,0.1483,1.3066;-0.0144,0.0680,2.1653;-2.0423,0.2909,1.5403;-2.4158,0.3171,2.5612;-2.9363,0.4006,0.4721;-3.9915,0.5097,0.6977;-2.4625,0.3686,-0.8383;-3.2226,0.4651,-1.9714;-4.6251,0.6166,-1.7947;-5.0821,0.6805,-2.7869;-4.8580,1.5438,-1.2607;-5.0550,-0.2523,-1.2856;-1.0902,0.2257,-1.0634;-0.7165,0.2008,-2.0845;</g>
	</geometry>
	<conformers/>
	<properties/>
</molecule>
