<?xml version="1.0" ?>
<!--MOLLI PACKAGE EXPERIMENTAL XML FORMAT-->
<molecule name="react_129">
	<atoms>
		<a id="1" s="H" t="H" l="H"/>
		<a id="2" s="C" t="C.2" l="C"/>
		<a id="3" s="H" t="H" l="H"/>
		<a id="4" s="C" t="C.2" l="C"/>
		<a id="5" s="C" t="C.3" l="C"/>
		<a id="6" s="H" t="H" l="H"/>
		<a id="7" s="H" t="H" l="H"/>
		<a id="8" s="H" t="H" l="H"/>
		<a id="9" s="C" t="C.3" l="C"/>
		<a id="10" s="H" t="H" l="H"/>
		<a id="11" s="H" t="H" l="H"/>
		<a id="12" s="O" t="O.3" l="O"/>
		<a id="13" s="C" t="C.ar" l="C"/>
		<a id="14" s="C" t="C.ar" l="C"/>
		<a id="15" s="H" t="H" l="H"/>
		<a id="16" s="C" t="C.ar" l="C"/>
		<a id="17" s="H" t="H" l="H"/>
		<a id="18" s="C" t="C.ar" l="C"/>
		<a id="19" s="H" t="H" l="H"/>
		<a id="20" s="C" t="C.ar" l="C"/>
		<a id="21" s="H" t="H" l="H"/>
		<a id="22" s="C" t="C.ar" l="C"/>
		<a id="23" s="O" t="O.3" l="O"/>
		<a id="24" s="C" t="C.3" l="C"/>
		<a id="25" s="H" t="H" l="H"/>
		<a id="26" s="H" t="H" l="H"/>
		<a id="27" s="H" t="H" l="H"/>
	</atoms>
	<bonds>
		<b id="1" c="2 4" t="2"/>
		<b id="2" c="4 5" t="1"/>
		<b id="3" c="4 9" t="1"/>
		<b id="4" c="9 12" t="1"/>
		<b id="5" c="12 13" t="1"/>
		<b id="6" c="13 14" t="ar"/>
		<b id="7" c="14 16" t="ar"/>
		<b id="8" c="16 18" t="ar"/>
		<b id="9" c="18 20" t="ar"/>
		<b id="10" c="20 22" t="ar"/>
		<b id="11" c="22 23" t="1"/>
		<b id="12" c="23 24" t="1"/>
		<b id="13" c="22 13" t="ar"/>
		<b id="14" c="2 1" t="1"/>
		<b id="15" c="2 3" t="1"/>
		<b id="16" c="5 6" t="1"/>
		<b id="17" c="5 7" t="1"/>
		<b id="18" c="5 8" t="1"/>
		<b id="19" c="9 10" t="1"/>
		<b id="20" c="9 11" t="1"/>
		<b id="21" c="14 15" t="1"/>
		<b id="22" c="16 17" t="1"/>
		<b id="23" c="18 19" t="1"/>
		<b id="24" c="20 21" t="1"/>
		<b id="25" c="24 25" t="1"/>
		<b id="26" c="24 26" t="1"/>
		<b id="27" c="24 27" t="1"/>
	</bonds>
	<geometry>
		<g u="A" t="cart/3d">#27,3:2.6697,-3.0267,2.5608;1.8259,-2.4516,2.1921;0.8512,-2.9288,2.2301;1.9819,-1.2104,1.7007;3.3290,-0.5466,1.6470;4.1135,-1.1750,2.0820;3.3110,0.3947,2.2059;3.6127,-0.3322,0.6117;0.8175,-0.3926,1.1865;-0.1223,-0.9427,1.3273;0.7752,0.5425,1.7562;1.0539,-0.1038,-0.1933;-0.0770,0.0558,-0.9544;-0.0132,-0.5655,-2.2071;0.8761,-1.1269,-2.4828;-1.0827,-0.4802,-3.0949;-1.0285,-0.9742,-4.0611;-2.2173,0.2402,-2.7368;-3.0558,0.3084,-3.4255;-2.2778,0.8869,-1.4980;-3.1792,1.4456,-1.2691;-1.2055,0.8152,-0.5986;-1.1774,1.4573,0.6109;-2.2443,2.3467,0.9125;-3.1899,1.8047,1.0160;-2.3219,3.1432,0.1651;-2.0245,2.8162,1.8762;</g>
	</geometry>
	<conformers/>
	<properties/>
</molecule>
