<?xml version="1.0" ?>
<!--MOLLI PACKAGE EXPERIMENTAL XML FORMAT-->
<molecule name="react_130">
	<atoms>
		<a id="1" s="H" t="H" l="H"/>
		<a id="2" s="C" t="C.2" l="C"/>
		<a id="3" s="H" t="H" l="H"/>
		<a id="4" s="C" t="C.2" l="C"/>
		<a id="5" s="C" t="C.3" l="C"/>
		<a id="6" s="H" t="H" l="H"/>
		<a id="7" s="H" t="H" l="H"/>
		<a id="8" s="H" t="H" l="H"/>
		<a id="9" s="C" t="C.3" l="C"/>
		<a id="10" s="H" t="H" l="H"/>
		<a id="11" s="H" t="H" l="H"/>
		<a id="12" s="C" t="C.3" l="C"/>
		<a id="13" s="H" t="H" l="H"/>
		<a id="14" s="H" t="H" l="H"/>
		<a id="15" s="O" t="O.3" l="O"/>
		<a id="16" s="C" t="C.ar" l="C"/>
		<a id="17" s="C" t="C.ar" l="C"/>
		<a id="18" s="H" t="H" l="H"/>
		<a id="19" s="C" t="C.ar" l="C"/>
		<a id="20" s="H" t="H" l="H"/>
		<a id="21" s="C" t="C.ar" l="C"/>
		<a id="22" s="H" t="H" l="H"/>
		<a id="23" s="C" t="C.ar" l="C"/>
		<a id="24" s="H" t="H" l="H"/>
		<a id="25" s="C" t="C.ar" l="C"/>
		<a id="26" s="H" t="H" l="H"/>
	</atoms>
	<bonds>
		<b id="1" c="2 4" t="2"/>
		<b id="2" c="4 5" t="1"/>
		<b id="3" c="4 9" t="1"/>
		<b id="4" c="9 12" t="1"/>
		<b id="5" c="12 15" t="1"/>
		<b id="6" c="15 16" t="1"/>
		<b id="7" c="16 17" t="ar"/>
		<b id="8" c="17 19" t="ar"/>
		<b id="9" c="19 21" t="ar"/>
		<b id="10" c="21 23" t="ar"/>
		<b id="11" c="23 25" t="ar"/>
		<b id="12" c="25 16" t="ar"/>
		<b id="13" c="2 1" t="1"/>
		<b id="14" c="2 3" t="1"/>
		<b id="15" c="5 6" t="1"/>
		<b id="16" c="5 7" t="1"/>
		<b id="17" c="5 8" t="1"/>
		<b id="18" c="9 10" t="1"/>
		<b id="19" c="9 11" t="1"/>
		<b id="20" c="12 13" t="1"/>
		<b id="21" c="12 14" t="1"/>
		<b id="22" c="17 18" t="1"/>
		<b id="23" c="19 20" t="1"/>
		<b id="24" c="21 22" t="1"/>
		<b id="25" c="23 24" t="1"/>
		<b id="26" c="25 26" t="1"/>
	</bonds>
	<geometry>
		<g u="A" t="cart/3d">#26,3:-4.8963,-0.8420,-0.2916;-3.9146,-1.0363,0.1307;-3.8782,-1.6727,1.0103;-2.7998,-0.5164,-0.4084;-2.8480,0.3475,-1.6373;-2.4824,1.3548,-1.4163;-2.2261,-0.0832,-2.4288;-3.8653,0.4436,-2.0314;-1.4321,-0.8045,0.1679;-1.4815,-1.6351,0.8847;-0.7748,-1.1688,-0.6306;-0.8075,0.4047,0.8705;-1.4491,0.6919,1.7128;-0.7442,1.2948,0.2344;0.4597,0.0631,1.4371;1.5802,0.1891,0.6647;1.6219,0.5277,-0.6881;0.7222,0.7240,-1.2602;2.8491,0.6143,-1.3543;2.8749,0.8780,-2.4087;4.0385,0.3614,-0.6734;4.9901,0.4292,-1.1939;4.0035,0.0191,0.6755;4.9263,-0.1814,1.2128;2.7781,-0.0672,1.3385;2.7550,-0.3357,2.3919;</g>
	</geometry>
	<conformers/>
	<properties/>
</molecule>
