<?xml version="1.0" ?>
<!--MOLLI PACKAGE EXPERIMENTAL XML FORMAT-->
<molecule name="react_131">
	<atoms>
		<a id="1" s="H" t="H" l="H"/>
		<a id="2" s="C" t="C.2" l="C"/>
		<a id="3" s="H" t="H" l="H"/>
		<a id="4" s="C" t="C.2" l="C"/>
		<a id="5" s="C" t="C.ar" l="C"/>
		<a id="6" s="C" t="C.ar" l="C"/>
		<a id="7" s="H" t="H" l="H"/>
		<a id="8" s="C" t="C.ar" l="C"/>
		<a id="9" s="H" t="H" l="H"/>
		<a id="10" s="C" t="C.ar" l="C"/>
		<a id="11" s="H" t="H" l="H"/>
		<a id="12" s="C" t="C.ar" l="C"/>
		<a id="13" s="H" t="H" l="H"/>
		<a id="14" s="C" t="C.ar" l="C"/>
		<a id="15" s="C" t="C.3" l="C"/>
		<a id="16" s="H" t="H" l="H"/>
		<a id="17" s="H" t="H" l="H"/>
		<a id="18" s="C" t="C.3" l="C"/>
		<a id="19" s="H" t="H" l="H"/>
		<a id="20" s="H" t="H" l="H"/>
		<a id="21" s="C" t="C.3" l="C"/>
		<a id="22" s="H" t="H" l="H"/>
		<a id="23" s="H" t="H" l="H"/>
	</atoms>
	<bonds>
		<b id="1" c="2 4" t="2"/>
		<b id="2" c="4 21" t="1"/>
		<b id="3" c="21 18" t="1"/>
		<b id="4" c="18 15" t="1"/>
		<b id="5" c="15 14" t="1"/>
		<b id="6" c="14 12" t="ar"/>
		<b id="7" c="12 10" t="ar"/>
		<b id="8" c="10 8" t="ar"/>
		<b id="9" c="8 6" t="ar"/>
		<b id="10" c="6 5" t="ar"/>
		<b id="11" c="5 4" t="1"/>
		<b id="12" c="5 14" t="ar"/>
		<b id="13" c="2 1" t="1"/>
		<b id="14" c="2 3" t="1"/>
		<b id="15" c="21 22" t="1"/>
		<b id="16" c="21 23" t="1"/>
		<b id="17" c="18 19" t="1"/>
		<b id="18" c="18 20" t="1"/>
		<b id="19" c="15 16" t="1"/>
		<b id="20" c="15 17" t="1"/>
		<b id="21" c="12 13" t="1"/>
		<b id="22" c="10 11" t="1"/>
		<b id="23" c="8 9" t="1"/>
		<b id="24" c="6 7" t="1"/>
	</bonds>
	<geometry>
		<g u="A" t="cart/3d">#23,3:-1.8295,2.5111,-0.8243;-2.2033,1.5617,-0.4594;-3.2825,1.4405,-0.4807;-1.4047,0.5708,-0.0253;0.0800,0.6601,-0.0016;0.7522,1.8943,-0.0257;0.2020,2.8304,-0.0511;2.1481,1.9623,0.0027;2.6432,2.9294,-0.0178;2.9008,0.7962,0.0667;3.9858,0.8472,0.0941;2.2577,-0.4378,0.1080;2.8554,-1.3444,0.1741;0.8540,-0.5189,0.0706;0.2198,-1.8865,0.1702;0.7741,-2.6015,-0.4497;0.2980,-2.2216,1.2123;-1.2432,-1.9021,-0.2566;-1.6981,-2.8599,0.0206;-1.3143,-1.8179,-1.3491;-1.9956,-0.7527,0.3997;-3.0553,-0.8202,0.1251;-1.9446,-0.8403,1.4925;</g>
	</geometry>
	<conformers/>
	<properties/>
</molecule>
