<?xml version="1.0" ?>
<!--MOLLI PACKAGE EXPERIMENTAL XML FORMAT-->
<molecule name="react_132">
	<atoms>
		<a id="1" s="H" t="H" l="H"/>
		<a id="2" s="C" t="C.2" l="C"/>
		<a id="3" s="H" t="H" l="H"/>
		<a id="4" s="C" t="C.2" l="C"/>
		<a id="5" s="C" t="C.1" l="C"/>
		<a id="6" s="C" t="C.1" l="C"/>
		<a id="7" s="C" t="C.ar" l="C"/>
		<a id="8" s="C" t="C.ar" l="C"/>
		<a id="9" s="H" t="H" l="H"/>
		<a id="10" s="C" t="C.ar" l="C"/>
		<a id="11" s="H" t="H" l="H"/>
		<a id="12" s="C" t="C.ar" l="C"/>
		<a id="13" s="H" t="H" l="H"/>
		<a id="14" s="C" t="C.ar" l="C"/>
		<a id="15" s="H" t="H" l="H"/>
		<a id="16" s="C" t="C.ar" l="C"/>
		<a id="17" s="H" t="H" l="H"/>
		<a id="18" s="C" t="C.3" l="C"/>
		<a id="19" s="H" t="H" l="H"/>
		<a id="20" s="H" t="H" l="H"/>
		<a id="21" s="H" t="H" l="H"/>
	</atoms>
	<bonds>
		<b id="1" c="2 4" t="2"/>
		<b id="2" c="4 18" t="1"/>
		<b id="3" c="4 5" t="1"/>
		<b id="4" c="5 6" t="3"/>
		<b id="5" c="6 7" t="1"/>
		<b id="6" c="7 8" t="ar"/>
		<b id="7" c="8 10" t="ar"/>
		<b id="8" c="10 12" t="ar"/>
		<b id="9" c="12 14" t="ar"/>
		<b id="10" c="14 16" t="ar"/>
		<b id="11" c="16 7" t="ar"/>
		<b id="12" c="2 1" t="1"/>
		<b id="13" c="2 3" t="1"/>
		<b id="14" c="18 19" t="1"/>
		<b id="15" c="18 20" t="1"/>
		<b id="16" c="18 21" t="1"/>
		<b id="17" c="8 9" t="1"/>
		<b id="18" c="10 11" t="1"/>
		<b id="19" c="12 13" t="1"/>
		<b id="20" c="14 15" t="1"/>
		<b id="21" c="16 17" t="1"/>
	</bonds>
	<geometry>
		<g u="A" t="cart/3d">#21,3:-3.0132,2.1226,-0.6878;-3.5126,1.3367,-0.1281;-4.5799,1.4492,0.0319;-2.8408,0.2755,0.3436;-1.4378,0.1804,0.1027;-0.2563,0.0954,-0.0974;1.1504,-0.0057,-0.3356;1.6216,-0.6502,-1.4819;0.9241,-1.0774,-2.1982;2.9951,-0.7488,-1.7137;3.3600,-1.2505,-2.6061;3.8977,-0.2036,-0.8007;4.9668,-0.2806,-0.9817;3.4291,0.4405,0.3445;4.1323,0.8655,1.0559;2.0559,0.5397,0.5775;1.6981,1.0435,1.4721;-3.5180,-0.8175,1.1183;-3.4005,-1.7782,0.6056;-3.0812,-0.9035,2.1190;-4.5909,-0.6329,1.2380;</g>
	</geometry>
	<conformers/>
	<properties/>
</molecule>
