<?xml version="1.0" ?>
<!--MOLLI PACKAGE EXPERIMENTAL XML FORMAT-->
<molecule name="react_134">
	<atoms>
		<a id="1" s="H" t="H" l="H"/>
		<a id="2" s="C" t="C.2" l="C"/>
		<a id="3" s="H" t="H" l="H"/>
		<a id="4" s="C" t="C.2" l="C"/>
		<a id="5" s="C" t="C.ar" l="C"/>
		<a id="6" s="C" t="C.ar" l="C"/>
		<a id="7" s="H" t="H" l="H"/>
		<a id="8" s="C" t="C.ar" l="C"/>
		<a id="9" s="H" t="H" l="H"/>
		<a id="10" s="C" t="C.ar" l="C"/>
		<a id="11" s="H" t="H" l="H"/>
		<a id="12" s="C" t="C.ar" l="C"/>
		<a id="13" s="H" t="H" l="H"/>
		<a id="14" s="C" t="C.ar" l="C"/>
		<a id="15" s="H" t="H" l="H"/>
		<a id="16" s="C" t="C.3" l="C"/>
		<a id="17" s="H" t="H" l="H"/>
		<a id="18" s="H" t="H" l="H"/>
		<a id="19" s="C" t="C.3" l="C"/>
		<a id="20" s="H" t="H" l="H"/>
		<a id="21" s="H" t="H" l="H"/>
		<a id="22" s="C" t="C.3" l="C"/>
		<a id="23" s="H" t="H" l="H"/>
		<a id="24" s="H" t="H" l="H"/>
		<a id="25" s="H" t="H" l="H"/>
	</atoms>
	<bonds>
		<b id="1" c="2 4" t="2"/>
		<b id="2" c="4 16" t="1"/>
		<b id="3" c="16 19" t="1"/>
		<b id="4" c="19 22" t="1"/>
		<b id="5" c="4 5" t="1"/>
		<b id="6" c="5 6" t="ar"/>
		<b id="7" c="6 8" t="ar"/>
		<b id="8" c="8 10" t="ar"/>
		<b id="9" c="10 12" t="ar"/>
		<b id="10" c="12 14" t="ar"/>
		<b id="11" c="14 5" t="ar"/>
		<b id="12" c="2 1" t="1"/>
		<b id="13" c="2 3" t="1"/>
		<b id="14" c="16 17" t="1"/>
		<b id="15" c="16 18" t="1"/>
		<b id="16" c="19 20" t="1"/>
		<b id="17" c="19 21" t="1"/>
		<b id="18" c="22 23" t="1"/>
		<b id="19" c="22 24" t="1"/>
		<b id="20" c="22 25" t="1"/>
		<b id="21" c="6 7" t="1"/>
		<b id="22" c="8 9" t="1"/>
		<b id="23" c="10 11" t="1"/>
		<b id="24" c="12 13" t="1"/>
		<b id="25" c="14 15" t="1"/>
	</bonds>
	<geometry>
		<g u="A" t="cart/3d">#25,3:1.5606,-1.8461,-1.5876;0.5811,-1.5682,-1.2148;-0.1997,-2.3162,-1.3215;0.3387,-0.3590,-0.6797;-1.0321,-0.0400,-0.2200;-1.7039,-0.8828,0.6779;-1.2220,-1.7842,1.0495;-2.9924,-0.5724,1.1200;-3.5001,-1.2339,1.8169;-3.6236,0.5856,0.6712;-4.6260,0.8272,1.0147;-2.9672,1.4339,-0.2179;-3.4580,2.3371,-0.5706;-1.6781,1.1239,-0.6594;-1.1875,1.7947,-1.3604;1.3712,0.7426,-0.5366;1.3205,1.3748,-1.4328;1.0991,1.3870,0.3106;2.8324,0.3181,-0.3305;3.1842,-0.2924,-1.1694;3.4543,1.2219,-0.3277;3.0617,-0.4221,0.9799;2.7380,0.1831,1.8328;2.5216,-1.3728,1.0090;4.1271,-0.6400,1.1061;</g>
	</geometry>
	<conformers/>
	<properties/>
</molecule>
