<?xml version="1.0" ?>
<!--MOLLI PACKAGE EXPERIMENTAL XML FORMAT-->
<molecule name="react_79">
	<atoms>
		<a id="1" s="H" t="H" l="H"/>
		<a id="2" s="C" t="C.2" l="C"/>
		<a id="3" s="H" t="H" l="H"/>
		<a id="4" s="C" t="C.2" l="C"/>
		<a id="5" s="H" t="H" l="H"/>
		<a id="6" s="C" t="C.3" l="C"/>
		<a id="7" s="H" t="H" l="H"/>
		<a id="8" s="H" t="H" l="H"/>
		<a id="9" s="C" t="C.3" l="C"/>
		<a id="10" s="H" t="H" l="H"/>
		<a id="11" s="H" t="H" l="H"/>
		<a id="12" s="C" t="C.3" l="C"/>
		<a id="13" s="H" t="H" l="H"/>
		<a id="14" s="H" t="H" l="H"/>
		<a id="15" s="H" t="H" l="H"/>
	</atoms>
	<bonds>
		<b id="1" c="2 4" t="2"/>
		<b id="2" c="4 6" t="1"/>
		<b id="3" c="6 9" t="1"/>
		<b id="4" c="9 12" t="1"/>
		<b id="5" c="2 1" t="1"/>
		<b id="6" c="2 3" t="1"/>
		<b id="7" c="4 5" t="1"/>
		<b id="8" c="6 7" t="1"/>
		<b id="9" c="6 8" t="1"/>
		<b id="10" c="9 10" t="1"/>
		<b id="11" c="9 11" t="1"/>
		<b id="12" c="12 13" t="1"/>
		<b id="13" c="12 14" t="1"/>
		<b id="14" c="12 15" t="1"/>
	</bonds>
	<geometry>
		<g u="A" t="cart/3d">#15,3:-3.3535,0.1262,-1.1613;-2.4650,0.5075,-0.6673;-2.3256,1.5839,-0.6477;-1.5809,-0.3279,-0.1079;-1.7679,-1.3992,-0.1501;-0.3327,0.1168,0.5989;-0.2877,1.2115,0.6532;-0.3688,-0.2514,1.6312;0.9196,-0.4156,-0.0981;0.8916,-1.5113,-0.1386;0.9546,-0.0562,-1.1338;2.1852,0.0218,0.6227;3.0686,-0.3698,0.1088;2.2641,1.1133,0.6497;2.1986,-0.3497,1.6524;</g>
	</geometry>
	<conformers/>
	<properties/>
</molecule>
