<?xml version="1.0" ?>
<!--MOLLI PACKAGE EXPERIMENTAL XML FORMAT-->
<molecule name="react_135">
	<atoms>
		<a id="1" s="H" t="H" l="H"/>
		<a id="2" s="C" t="C.2" l="C"/>
		<a id="3" s="H" t="H" l="H"/>
		<a id="4" s="C" t="C.2" l="C"/>
		<a id="5" s="C" t="C.ar" l="C"/>
		<a id="6" s="C" t="C.ar" l="C"/>
		<a id="7" s="H" t="H" l="H"/>
		<a id="8" s="C" t="C.ar" l="C"/>
		<a id="9" s="H" t="H" l="H"/>
		<a id="10" s="C" t="C.ar" l="C"/>
		<a id="11" s="H" t="H" l="H"/>
		<a id="12" s="C" t="C.ar" l="C"/>
		<a id="13" s="H" t="H" l="H"/>
		<a id="14" s="C" t="C.ar" l="C"/>
		<a id="15" s="H" t="H" l="H"/>
		<a id="16" s="C" t="C.3" l="C"/>
		<a id="17" s="H" t="H" l="H"/>
		<a id="18" s="C" t="C.3" l="C"/>
		<a id="19" s="H" t="H" l="H"/>
		<a id="20" s="H" t="H" l="H"/>
		<a id="21" s="H" t="H" l="H"/>
		<a id="22" s="C" t="C.3" l="C"/>
		<a id="23" s="H" t="H" l="H"/>
		<a id="24" s="H" t="H" l="H"/>
		<a id="25" s="H" t="H" l="H"/>
	</atoms>
	<bonds>
		<b id="1" c="2 4" t="2"/>
		<b id="2" c="4 5" t="1"/>
		<b id="3" c="5 6" t="ar"/>
		<b id="4" c="6 8" t="ar"/>
		<b id="5" c="8 10" t="ar"/>
		<b id="6" c="10 12" t="ar"/>
		<b id="7" c="12 14" t="ar"/>
		<b id="8" c="4 16" t="1"/>
		<b id="9" c="16 18" t="1"/>
		<b id="10" c="16 22" t="1"/>
		<b id="11" c="14 5" t="ar"/>
		<b id="12" c="2 1" t="1"/>
		<b id="13" c="2 3" t="1"/>
		<b id="14" c="6 7" t="1"/>
		<b id="15" c="8 9" t="1"/>
		<b id="16" c="10 11" t="1"/>
		<b id="17" c="12 13" t="1"/>
		<b id="18" c="14 15" t="1"/>
		<b id="19" c="16 17" t="1"/>
		<b id="20" c="18 19" t="1"/>
		<b id="21" c="18 20" t="1"/>
		<b id="22" c="18 21" t="1"/>
		<b id="23" c="22 23" t="1"/>
		<b id="24" c="22 24" t="1"/>
		<b id="25" c="22 25" t="1"/>
	</bonds>
	<geometry>
		<g u="A" t="cart/3d">#25,3:-1.5072,-0.8856,-2.8350;-0.5975,-0.6044,-2.3143;0.3126,-0.5600,-2.9064;-0.6000,-0.3252,-0.9999;0.6801,0.0478,-0.3738;1.0890,1.3866,-0.3411;0.4556,2.1626,-0.7641;2.3122,1.7376,0.2336;2.6199,2.7795,0.2593;3.1394,0.7519,0.7700;4.0919,1.0253,1.2162;2.7473,-0.5853,0.7279;3.3945,-1.3554,1.1391;1.5242,-0.9371,0.1533;1.2324,-1.9839,0.1182;-1.8597,-0.3806,-0.1517;-2.6942,-0.6757,-0.8036;-2.2345,0.9824,0.4374;-3.2148,0.9320,0.9241;-1.5113,1.3147,1.1899;-2.2916,1.7475,-0.3445;-1.7810,-1.4387,0.9527;-1.5113,-2.4178,0.5420;-2.7510,-1.5440,1.4510;-1.0451,-1.1744,1.7196;</g>
	</geometry>
	<conformers/>
	<properties/>
</molecule>
