<?xml version="1.0" ?>
<!--MOLLI PACKAGE EXPERIMENTAL XML FORMAT-->
<molecule name="react_136">
	<atoms>
		<a id="1" s="H" t="H" l="H"/>
		<a id="2" s="C" t="C.2" l="C"/>
		<a id="3" s="H" t="H" l="H"/>
		<a id="4" s="C" t="C.2" l="C"/>
		<a id="5" s="C" t="C.ar" l="C"/>
		<a id="6" s="C" t="C.ar" l="C"/>
		<a id="7" s="H" t="H" l="H"/>
		<a id="8" s="C" t="C.ar" l="C"/>
		<a id="9" s="H" t="H" l="H"/>
		<a id="10" s="C" t="C.ar" l="C"/>
		<a id="11" s="H" t="H" l="H"/>
		<a id="12" s="C" t="C.ar" l="C"/>
		<a id="13" s="H" t="H" l="H"/>
		<a id="14" s="C" t="C.ar" l="C"/>
		<a id="15" s="H" t="H" l="H"/>
		<a id="16" s="C" t="C.3" l="C"/>
		<a id="17" s="H" t="H" l="H"/>
		<a id="18" s="H" t="H" l="H"/>
		<a id="19" s="C" t="C.3" l="C"/>
		<a id="20" s="H" t="H" l="H"/>
		<a id="21" s="H" t="H" l="H"/>
		<a id="22" s="C" t="C.3" l="C"/>
		<a id="23" s="H" t="H" l="H"/>
		<a id="24" s="H" t="H" l="H"/>
		<a id="25" s="C" t="C.3" l="C"/>
		<a id="26" s="H" t="H" l="H"/>
		<a id="27" s="H" t="H" l="H"/>
		<a id="28" s="H" t="H" l="H"/>
	</atoms>
	<bonds>
		<b id="1" c="2 4" t="2"/>
		<b id="2" c="4 16" t="1"/>
		<b id="3" c="16 19" t="1"/>
		<b id="4" c="19 22" t="1"/>
		<b id="5" c="22 25" t="1"/>
		<b id="6" c="4 5" t="1"/>
		<b id="7" c="5 6" t="ar"/>
		<b id="8" c="6 8" t="ar"/>
		<b id="9" c="8 10" t="ar"/>
		<b id="10" c="10 12" t="ar"/>
		<b id="11" c="12 14" t="ar"/>
		<b id="12" c="14 5" t="ar"/>
		<b id="13" c="2 1" t="1"/>
		<b id="14" c="2 3" t="1"/>
		<b id="15" c="16 17" t="1"/>
		<b id="16" c="16 18" t="1"/>
		<b id="17" c="19 20" t="1"/>
		<b id="18" c="19 21" t="1"/>
		<b id="19" c="22 23" t="1"/>
		<b id="20" c="22 24" t="1"/>
		<b id="21" c="25 26" t="1"/>
		<b id="22" c="25 27" t="1"/>
		<b id="23" c="25 28" t="1"/>
		<b id="24" c="6 7" t="1"/>
		<b id="25" c="8 9" t="1"/>
		<b id="26" c="10 11" t="1"/>
		<b id="27" c="12 13" t="1"/>
		<b id="28" c="14 15" t="1"/>
	</bonds>
	<geometry>
		<g u="A" t="cart/3d">#28,3:1.3463,-0.5340,-2.7905;0.4066,-0.5127,-2.2447;-0.4885,-0.6696,-2.8358;0.3661,-0.3195,-0.9151;1.6434,-0.1157,-0.1951;2.4953,0.9436,-0.5406;2.2228,1.6268,-1.3417;3.6962,1.1441,0.1444;4.3463,1.9699,-0.1320;4.0580,0.2880,1.1824;4.9924,0.4433,1.7152;3.2203,-0.7679,1.5359;3.5023,-1.4388,2.3431;2.0186,-0.9682,0.8516;1.3853,-1.8050,1.1348;-0.8864,-0.2931,-0.0584;-0.8596,0.6267,0.5390;-0.8546,-1.1334,0.6464;-2.2261,-0.3517,-0.8074;-2.2650,-1.2676,-1.4103;-2.3068,0.4948,-1.5007;-3.4412,-0.3603,0.1254;-4.3397,-0.5323,-0.4793;-3.3675,-1.1986,0.8278;-3.6246,0.9357,0.9001;-3.6633,1.7958,0.2243;-4.5626,0.9058,1.4639;-2.8140,1.0938,1.6171;</g>
	</geometry>
	<conformers/>
	<properties/>
</molecule>
