<?xml version="1.0" ?>
<!--MOLLI PACKAGE EXPERIMENTAL XML FORMAT-->
<molecule name="react_137">
	<atoms>
		<a id="1" s="H" t="H" l="H"/>
		<a id="2" s="C" t="C.2" l="C"/>
		<a id="3" s="H" t="H" l="H"/>
		<a id="4" s="C" t="C.2" l="C"/>
		<a id="5" s="C" t="C.ar" l="C"/>
		<a id="6" s="C" t="C.ar" l="C"/>
		<a id="7" s="H" t="H" l="H"/>
		<a id="8" s="C" t="C.ar" l="C"/>
		<a id="9" s="H" t="H" l="H"/>
		<a id="10" s="C" t="C.ar" l="C"/>
		<a id="11" s="H" t="H" l="H"/>
		<a id="12" s="C" t="C.ar" l="C"/>
		<a id="13" s="H" t="H" l="H"/>
		<a id="14" s="C" t="C.ar" l="C"/>
		<a id="15" s="H" t="H" l="H"/>
		<a id="16" s="C" t="C.3" l="C"/>
		<a id="17" s="C" t="C.3" l="C"/>
		<a id="18" s="H" t="H" l="H"/>
		<a id="19" s="H" t="H" l="H"/>
		<a id="20" s="H" t="H" l="H"/>
		<a id="21" s="C" t="C.3" l="C"/>
		<a id="22" s="H" t="H" l="H"/>
		<a id="23" s="H" t="H" l="H"/>
		<a id="24" s="H" t="H" l="H"/>
		<a id="25" s="C" t="C.3" l="C"/>
		<a id="26" s="H" t="H" l="H"/>
		<a id="27" s="H" t="H" l="H"/>
		<a id="28" s="H" t="H" l="H"/>
	</atoms>
	<bonds>
		<b id="1" c="2 4" t="2"/>
		<b id="2" c="4 5" t="1"/>
		<b id="3" c="5 6" t="ar"/>
		<b id="4" c="6 8" t="ar"/>
		<b id="5" c="8 10" t="ar"/>
		<b id="6" c="10 12" t="ar"/>
		<b id="7" c="12 14" t="ar"/>
		<b id="8" c="4 16" t="1"/>
		<b id="9" c="16 17" t="1"/>
		<b id="10" c="16 21" t="1"/>
		<b id="11" c="16 25" t="1"/>
		<b id="12" c="14 5" t="ar"/>
		<b id="13" c="2 1" t="1"/>
		<b id="14" c="2 3" t="1"/>
		<b id="15" c="6 7" t="1"/>
		<b id="16" c="8 9" t="1"/>
		<b id="17" c="10 11" t="1"/>
		<b id="18" c="12 13" t="1"/>
		<b id="19" c="14 15" t="1"/>
		<b id="20" c="17 18" t="1"/>
		<b id="21" c="17 19" t="1"/>
		<b id="22" c="17 20" t="1"/>
		<b id="23" c="21 22" t="1"/>
		<b id="24" c="21 23" t="1"/>
		<b id="25" c="21 24" t="1"/>
		<b id="26" c="25 26" t="1"/>
		<b id="27" c="25 27" t="1"/>
		<b id="28" c="25 28" t="1"/>
	</bonds>
	<geometry>
		<g u="A" t="cart/3d">#28,3:0.3414,-1.1006,-2.5923;-0.4701,-1.1116,-1.8682;-1.3643,-1.6427,-2.1729;-0.3567,-0.5006,-0.6745;0.9367,0.1748,-0.4309;2.0080,-0.5276,0.1360;1.8884,-1.5699,0.4216;3.2379,0.1017,0.3391;4.0614,-0.4492,0.7854;3.4102,1.4335,-0.0350;4.3680,1.9226,0.1220;2.3562,2.1353,-0.6180;2.4921,3.1708,-0.9184;1.1260,1.5067,-0.8215;0.3145,2.0606,-1.2871;-1.4360,-0.4510,0.4250;-0.9222,-1.1059,1.7248;-0.5862,-2.1339,1.5457;-1.7103,-1.1441,2.4862;-0.0870,-0.5484,2.1627;-2.7287,-1.2010,0.0221;-3.4801,-1.1515,0.8195;-2.5348,-2.2626,-0.1707;-3.1837,-0.7656,-0.8752;-1.8384,1.0076,0.7302;-2.6603,1.0472,1.4549;-1.0097,1.5801,1.1610;-2.1725,1.5253,-0.1765;</g>
	</geometry>
	<conformers/>
	<properties/>
</molecule>
