<?xml version="1.0" ?>
<!--MOLLI PACKAGE EXPERIMENTAL XML FORMAT-->
<molecule name="react_138">
	<atoms>
		<a id="1" s="H" t="H" l="H"/>
		<a id="2" s="C" t="C.2" l="C"/>
		<a id="3" s="H" t="H" l="H"/>
		<a id="4" s="C" t="C.2" l="C"/>
		<a id="5" s="C" t="C.ar" l="C"/>
		<a id="6" s="C" t="C.ar" l="C"/>
		<a id="7" s="H" t="H" l="H"/>
		<a id="8" s="C" t="C.ar" l="C"/>
		<a id="9" s="H" t="H" l="H"/>
		<a id="10" s="C" t="C.ar" l="C"/>
		<a id="11" s="H" t="H" l="H"/>
		<a id="12" s="C" t="C.ar" l="C"/>
		<a id="13" s="H" t="H" l="H"/>
		<a id="14" s="C" t="C.ar" l="C"/>
		<a id="15" s="H" t="H" l="H"/>
		<a id="16" s="C" t="C.3" l="C"/>
		<a id="17" s="H" t="H" l="H"/>
		<a id="18" s="C" t="C.3" l="C"/>
		<a id="19" s="H" t="H" l="H"/>
		<a id="20" s="H" t="H" l="H"/>
		<a id="21" s="C" t="C.3" l="C"/>
		<a id="22" s="H" t="H" l="H"/>
		<a id="23" s="H" t="H" l="H"/>
		<a id="24" s="C" t="C.3" l="C"/>
		<a id="25" s="H" t="H" l="H"/>
		<a id="26" s="H" t="H" l="H"/>
	</atoms>
	<bonds>
		<b id="1" c="2 4" t="2"/>
		<b id="2" c="4 5" t="1"/>
		<b id="3" c="5 6" t="ar"/>
		<b id="4" c="6 8" t="ar"/>
		<b id="5" c="8 10" t="ar"/>
		<b id="6" c="10 12" t="ar"/>
		<b id="7" c="12 14" t="ar"/>
		<b id="8" c="4 16" t="1"/>
		<b id="9" c="16 18" t="1"/>
		<b id="10" c="18 21" t="1"/>
		<b id="11" c="21 24" t="1"/>
		<b id="12" c="14 5" t="ar"/>
		<b id="13" c="24 16" t="1"/>
		<b id="14" c="2 1" t="1"/>
		<b id="15" c="2 3" t="1"/>
		<b id="16" c="6 7" t="1"/>
		<b id="17" c="8 9" t="1"/>
		<b id="18" c="10 11" t="1"/>
		<b id="19" c="12 13" t="1"/>
		<b id="20" c="14 15" t="1"/>
		<b id="21" c="16 17" t="1"/>
		<b id="22" c="18 19" t="1"/>
		<b id="23" c="18 20" t="1"/>
		<b id="24" c="21 22" t="1"/>
		<b id="25" c="21 23" t="1"/>
		<b id="26" c="24 25" t="1"/>
		<b id="27" c="24 26" t="1"/>
	</bonds>
	<geometry>
		<g u="A" t="cart/3d">#26,3:1.9731,1.7822,-1.7365;0.9240,1.6119,-1.5169;0.2067,2.1608,-2.1206;0.5313,0.7814,-0.5373;-0.8991,0.6242,-0.2298;-1.3900,0.9547,1.0398;-0.7201,1.3415,1.8039;-2.7458,0.7998,1.3377;-3.1170,1.0609,2.3251;-3.6220,0.3124,0.3695;-4.6768,0.1917,0.6018;-3.1443,-0.0202,-0.8969;-3.8256,-0.4023,-1.6524;-1.7889,0.1350,-1.1957;-1.4284,-0.1363,-2.1852;1.5535,0.0998,0.3079;1.9189,0.7726,1.0981;1.1942,-1.3107,0.8628;0.8343,-1.3391,1.8950;0.5202,-1.9064,0.2351;2.6786,-1.6815,0.6745;3.3080,-1.4434,1.5396;2.8775,-2.7084,0.3586;2.7190,-0.6153,-0.4380;3.6536,-0.0523,-0.5112;2.4652,-1.0128,-1.4285;</g>
	</geometry>
	<conformers/>
	<properties/>
</molecule>
