<?xml version="1.0" ?>
<!--MOLLI PACKAGE EXPERIMENTAL XML FORMAT-->
<molecule name="react_139">
	<atoms>
		<a id="1" s="H" t="H" l="H"/>
		<a id="2" s="C" t="C.2" l="C"/>
		<a id="3" s="H" t="H" l="H"/>
		<a id="4" s="C" t="C.2" l="C"/>
		<a id="5" s="C" t="C.ar" l="C"/>
		<a id="6" s="C" t="C.ar" l="C"/>
		<a id="7" s="H" t="H" l="H"/>
		<a id="8" s="C" t="C.ar" l="C"/>
		<a id="9" s="H" t="H" l="H"/>
		<a id="10" s="C" t="C.ar" l="C"/>
		<a id="11" s="H" t="H" l="H"/>
		<a id="12" s="C" t="C.ar" l="C"/>
		<a id="13" s="H" t="H" l="H"/>
		<a id="14" s="C" t="C.ar" l="C"/>
		<a id="15" s="H" t="H" l="H"/>
		<a id="16" s="C" t="C.3" l="C"/>
		<a id="17" s="H" t="H" l="H"/>
		<a id="18" s="H" t="H" l="H"/>
		<a id="19" s="C" t="C.3" l="C"/>
		<a id="20" s="H" t="H" l="H"/>
		<a id="21" s="H" t="H" l="H"/>
		<a id="22" s="C" t="C.3" l="C"/>
		<a id="23" s="H" t="H" l="H"/>
		<a id="24" s="H" t="H" l="H"/>
		<a id="25" s="C" t="C.3" l="C"/>
		<a id="26" s="H" t="H" l="H"/>
		<a id="27" s="H" t="H" l="H"/>
		<a id="28" s="C" t="C.3" l="C"/>
		<a id="29" s="H" t="H" l="H"/>
		<a id="30" s="H" t="H" l="H"/>
		<a id="31" s="H" t="H" l="H"/>
	</atoms>
	<bonds>
		<b id="1" c="2 4" t="2"/>
		<b id="2" c="4 16" t="1"/>
		<b id="3" c="16 19" t="1"/>
		<b id="4" c="19 22" t="1"/>
		<b id="5" c="22 25" t="1"/>
		<b id="6" c="25 28" t="1"/>
		<b id="7" c="4 5" t="1"/>
		<b id="8" c="5 6" t="ar"/>
		<b id="9" c="6 8" t="ar"/>
		<b id="10" c="8 10" t="ar"/>
		<b id="11" c="10 12" t="ar"/>
		<b id="12" c="12 14" t="ar"/>
		<b id="13" c="14 5" t="ar"/>
		<b id="14" c="2 1" t="1"/>
		<b id="15" c="2 3" t="1"/>
		<b id="16" c="16 17" t="1"/>
		<b id="17" c="16 18" t="1"/>
		<b id="18" c="19 20" t="1"/>
		<b id="19" c="19 21" t="1"/>
		<b id="20" c="22 23" t="1"/>
		<b id="21" c="22 24" t="1"/>
		<b id="22" c="25 26" t="1"/>
		<b id="23" c="25 27" t="1"/>
		<b id="24" c="28 29" t="1"/>
		<b id="25" c="28 30" t="1"/>
		<b id="26" c="28 31" t="1"/>
		<b id="27" c="6 7" t="1"/>
		<b id="28" c="8 9" t="1"/>
		<b id="29" c="10 11" t="1"/>
		<b id="30" c="12 13" t="1"/>
		<b id="31" c="14 15" t="1"/>
	</bonds>
	<geometry>
		<g u="A" t="cart/3d">#31,3:-2.5417,-2.6977,-1.3668;-1.4832,-2.5355,-1.1851;-0.7949,-3.2042,-1.6925;-1.0401,-1.5687,-0.3632;-2.0111,-0.6923,0.3261;-1.9770,-0.5337,1.7179;-1.2506,-1.0752,2.3183;-2.8882,0.3074,2.3625;-2.8531,0.4169,3.4432;-3.8425,1.0020,1.6223;-4.5504,1.6562,2.1241;-3.8873,0.8562,0.2379;-4.6280,1.3989,-0.3432;-2.9770,0.0145,-0.4061;-3.0188,-0.0767,-1.4891;0.4329,-1.3757,-0.0782;0.6237,-1.4370,0.9997;1.0081,-2.1976,-0.5252;0.9654,-0.0481,-0.6305;0.7752,0.0062,-1.7098;0.4347,0.7931,-0.1679;2.4659,0.0990,-0.3683;3.0044,-0.7347,-0.8351;2.6572,0.0441,0.7104;2.9986,1.4228,-0.9160;2.4667,2.2601,-0.4494;2.8130,1.4812,-1.9948;4.4893,1.5730,-0.6575;5.0540,0.7681,-1.1387;4.7056,1.5512,0.4154;4.8491,2.5263,-1.0572;</g>
	</geometry>
	<conformers/>
	<properties/>
</molecule>
