<?xml version="1.0" ?>
<!--MOLLI PACKAGE EXPERIMENTAL XML FORMAT-->
<molecule name="react_140">
	<atoms>
		<a id="1" s="H" t="H" l="H"/>
		<a id="2" s="C" t="C.2" l="C"/>
		<a id="3" s="H" t="H" l="H"/>
		<a id="4" s="C" t="C.2" l="C"/>
		<a id="5" s="C" t="C.ar" l="C"/>
		<a id="6" s="C" t="C.ar" l="C"/>
		<a id="7" s="H" t="H" l="H"/>
		<a id="8" s="C" t="C.ar" l="C"/>
		<a id="9" s="H" t="H" l="H"/>
		<a id="10" s="C" t="C.ar" l="C"/>
		<a id="11" s="H" t="H" l="H"/>
		<a id="12" s="C" t="C.ar" l="C"/>
		<a id="13" s="H" t="H" l="H"/>
		<a id="14" s="C" t="C.ar" l="C"/>
		<a id="15" s="H" t="H" l="H"/>
		<a id="16" s="C" t="C.3" l="C"/>
		<a id="17" s="H" t="H" l="H"/>
		<a id="18" s="C" t="C.3" l="C"/>
		<a id="19" s="H" t="H" l="H"/>
		<a id="20" s="H" t="H" l="H"/>
		<a id="21" s="C" t="C.3" l="C"/>
		<a id="22" s="H" t="H" l="H"/>
		<a id="23" s="H" t="H" l="H"/>
		<a id="24" s="C" t="C.3" l="C"/>
		<a id="25" s="H" t="H" l="H"/>
		<a id="26" s="H" t="H" l="H"/>
		<a id="27" s="C" t="C.3" l="C"/>
		<a id="28" s="H" t="H" l="H"/>
		<a id="29" s="H" t="H" l="H"/>
	</atoms>
	<bonds>
		<b id="1" c="2 4" t="2"/>
		<b id="2" c="4 5" t="1"/>
		<b id="3" c="5 6" t="ar"/>
		<b id="4" c="6 8" t="ar"/>
		<b id="5" c="8 10" t="ar"/>
		<b id="6" c="10 12" t="ar"/>
		<b id="7" c="12 14" t="ar"/>
		<b id="8" c="4 16" t="1"/>
		<b id="9" c="16 18" t="1"/>
		<b id="10" c="18 21" t="1"/>
		<b id="11" c="21 24" t="1"/>
		<b id="12" c="24 27" t="1"/>
		<b id="13" c="14 5" t="ar"/>
		<b id="14" c="27 16" t="1"/>
		<b id="15" c="2 1" t="1"/>
		<b id="16" c="2 3" t="1"/>
		<b id="17" c="6 7" t="1"/>
		<b id="18" c="8 9" t="1"/>
		<b id="19" c="10 11" t="1"/>
		<b id="20" c="12 13" t="1"/>
		<b id="21" c="14 15" t="1"/>
		<b id="22" c="16 17" t="1"/>
		<b id="23" c="18 19" t="1"/>
		<b id="24" c="18 20" t="1"/>
		<b id="25" c="21 22" t="1"/>
		<b id="26" c="21 23" t="1"/>
		<b id="27" c="24 25" t="1"/>
		<b id="28" c="24 26" t="1"/>
		<b id="29" c="27 28" t="1"/>
		<b id="30" c="27 29" t="1"/>
	</bonds>
	<geometry>
		<g u="A" t="cart/3d">#29,3:0.3802,1.2954,-3.2046;-0.4195,0.9391,-2.5633;-1.4264,0.9756,-2.9706;-0.1733,0.4759,-1.3261;-1.3222,0.0141,-0.5301;-1.7517,-1.3161,-0.6123;-1.2261,-2.0219,-1.2510;-2.8565,-1.7482,0.1243;-3.1800,-2.7836,0.0592;-3.5460,-0.8511,0.9387;-4.4065,-1.1874,1.5111;-3.1355,0.4791,1.0137;-3.6767,1.1811,1.6424;-2.0308,0.9120,0.2775;-1.7241,1.9535,0.3365;1.2205,0.4181,-0.7443;1.9247,0.8066,-1.4962;1.7172,-0.9717,-0.3368;1.9367,-1.6071,-1.2008;0.9872,-1.4965,0.2899;2.9681,-0.6854,0.4907;3.8615,-0.7222,-0.1433;3.0987,-1.4277,1.2846;2.7913,0.7259,1.0543;3.5990,1.3731,0.6934;2.8278,0.7352,2.1484;1.4423,1.2225,0.5395;0.6733,1.0093,1.2906;1.4469,2.3025,0.3606;</g>
	</geometry>
	<conformers/>
	<properties/>
</molecule>
