<?xml version="1.0" ?>
<!--MOLLI PACKAGE EXPERIMENTAL XML FORMAT-->
<molecule name="react_141">
	<atoms>
		<a id="1" s="H" t="H" l="H"/>
		<a id="2" s="C" t="C.2" l="C"/>
		<a id="3" s="H" t="H" l="H"/>
		<a id="4" s="C" t="C.2" l="C"/>
		<a id="5" s="C" t="C.ar" l="C"/>
		<a id="6" s="C" t="C.ar" l="C"/>
		<a id="7" s="H" t="H" l="H"/>
		<a id="8" s="C" t="C.ar" l="C"/>
		<a id="9" s="H" t="H" l="H"/>
		<a id="10" s="C" t="C.ar" l="C"/>
		<a id="11" s="H" t="H" l="H"/>
		<a id="12" s="C" t="C.ar" l="C"/>
		<a id="13" s="H" t="H" l="H"/>
		<a id="14" s="C" t="C.ar" l="C"/>
		<a id="15" s="H" t="H" l="H"/>
		<a id="16" s="C" t="C.3" l="C"/>
		<a id="17" s="H" t="H" l="H"/>
		<a id="18" s="H" t="H" l="H"/>
		<a id="19" s="C" t="C.3" l="C"/>
		<a id="20" s="H" t="H" l="H"/>
		<a id="21" s="H" t="H" l="H"/>
		<a id="22" s="C" t="C.3" l="C"/>
		<a id="23" s="H" t="H" l="H"/>
		<a id="24" s="H" t="H" l="H"/>
		<a id="25" s="C" t="C.3" l="C"/>
		<a id="26" s="H" t="H" l="H"/>
		<a id="27" s="H" t="H" l="H"/>
		<a id="28" s="C" t="C.3" l="C"/>
		<a id="29" s="H" t="H" l="H"/>
		<a id="30" s="H" t="H" l="H"/>
		<a id="31" s="C" t="C.3" l="C"/>
		<a id="32" s="H" t="H" l="H"/>
		<a id="33" s="H" t="H" l="H"/>
		<a id="34" s="H" t="H" l="H"/>
	</atoms>
	<bonds>
		<b id="1" c="2 4" t="2"/>
		<b id="2" c="4 16" t="1"/>
		<b id="3" c="16 19" t="1"/>
		<b id="4" c="19 22" t="1"/>
		<b id="5" c="22 25" t="1"/>
		<b id="6" c="25 28" t="1"/>
		<b id="7" c="28 31" t="1"/>
		<b id="8" c="4 5" t="1"/>
		<b id="9" c="5 6" t="ar"/>
		<b id="10" c="6 8" t="ar"/>
		<b id="11" c="8 10" t="ar"/>
		<b id="12" c="10 12" t="ar"/>
		<b id="13" c="12 14" t="ar"/>
		<b id="14" c="14 5" t="ar"/>
		<b id="15" c="2 1" t="1"/>
		<b id="16" c="2 3" t="1"/>
		<b id="17" c="16 17" t="1"/>
		<b id="18" c="16 18" t="1"/>
		<b id="19" c="19 20" t="1"/>
		<b id="20" c="19 21" t="1"/>
		<b id="21" c="22 23" t="1"/>
		<b id="22" c="22 24" t="1"/>
		<b id="23" c="25 26" t="1"/>
		<b id="24" c="25 27" t="1"/>
		<b id="25" c="28 29" t="1"/>
		<b id="26" c="28 30" t="1"/>
		<b id="27" c="31 32" t="1"/>
		<b id="28" c="31 33" t="1"/>
		<b id="29" c="31 34" t="1"/>
		<b id="30" c="6 7" t="1"/>
		<b id="31" c="8 9" t="1"/>
		<b id="32" c="10 11" t="1"/>
		<b id="33" c="12 13" t="1"/>
		<b id="34" c="14 15" t="1"/>
	</bonds>
	<geometry>
		<g u="A" t="cart/3d">#34,3:0.0864,-0.6169,2.5542;-0.8833,-0.6189,2.0690;-1.5728,-1.3973,2.3839;-1.2240,0.3046,1.1533;-2.5773,0.2564,0.5551;-3.0577,-0.9181,-0.0428;-2.4374,-1.8108,-0.0747;-4.3302,-0.9566,-0.6183;-4.6888,-1.8731,-1.0793;-5.1365,0.1794,-0.6047;-6.1264,0.1497,-1.0520;-4.6709,1.3540,-0.0176;-5.2985,2.2412,-0.0044;-3.3978,1.3929,0.5572;-3.0574,2.3168,1.0182;-0.3251,1.4378,0.6978;-0.5224,2.3069,1.3390;-0.6053,1.7375,-0.3213;1.1894,1.1780,0.6925;1.5395,0.9195,1.6985;1.6919,2.1170,0.4269;1.6071,0.0964,-0.3088;1.2627,0.3748,-1.3122;1.1313,-0.8582,-0.0584;3.1261,-0.0873,-0.3230;3.4719,-0.3629,0.6808;3.6093,0.8627,-0.5819;3.5463,-1.1643,-1.3229;3.0697,-2.1175,-1.0661;3.2060,-0.8919,-2.3287;5.0552,-1.3501,-1.3402;5.4242,-1.6547,-0.3556;5.3334,-2.1246,-2.0618;5.5615,-0.4224,-1.6254;</g>
	</geometry>
	<conformers/>
	<properties/>
</molecule>
