<?xml version="1.0" ?>
<!--MOLLI PACKAGE EXPERIMENTAL XML FORMAT-->
<molecule name="react_142">
	<atoms>
		<a id="1" s="H" t="H" l="H"/>
		<a id="2" s="C" t="C.2" l="C"/>
		<a id="3" s="H" t="H" l="H"/>
		<a id="4" s="C" t="C.2" l="C"/>
		<a id="5" s="C" t="C.ar" l="C"/>
		<a id="6" s="C" t="C.ar" l="C"/>
		<a id="7" s="H" t="H" l="H"/>
		<a id="8" s="C" t="C.ar" l="C"/>
		<a id="9" s="H" t="H" l="H"/>
		<a id="10" s="C" t="C.ar" l="C"/>
		<a id="11" s="H" t="H" l="H"/>
		<a id="12" s="C" t="C.ar" l="C"/>
		<a id="13" s="H" t="H" l="H"/>
		<a id="14" s="C" t="C.ar" l="C"/>
		<a id="15" s="H" t="H" l="H"/>
		<a id="16" s="C" t="C.3" l="C"/>
		<a id="17" s="H" t="H" l="H"/>
		<a id="18" s="C" t="C.3" l="C"/>
		<a id="19" s="H" t="H" l="H"/>
		<a id="20" s="H" t="H" l="H"/>
		<a id="21" s="C" t="C.3" l="C"/>
		<a id="22" s="H" t="H" l="H"/>
		<a id="23" s="H" t="H" l="H"/>
		<a id="24" s="C" t="C.3" l="C"/>
		<a id="25" s="H" t="H" l="H"/>
		<a id="26" s="H" t="H" l="H"/>
		<a id="27" s="C" t="C.3" l="C"/>
		<a id="28" s="H" t="H" l="H"/>
		<a id="29" s="H" t="H" l="H"/>
		<a id="30" s="C" t="C.3" l="C"/>
		<a id="31" s="H" t="H" l="H"/>
		<a id="32" s="H" t="H" l="H"/>
	</atoms>
	<bonds>
		<b id="1" c="2 4" t="2"/>
		<b id="2" c="4 5" t="1"/>
		<b id="3" c="5 6" t="ar"/>
		<b id="4" c="6 8" t="ar"/>
		<b id="5" c="8 10" t="ar"/>
		<b id="6" c="10 12" t="ar"/>
		<b id="7" c="12 14" t="ar"/>
		<b id="8" c="4 16" t="1"/>
		<b id="9" c="16 18" t="1"/>
		<b id="10" c="18 21" t="1"/>
		<b id="11" c="21 24" t="1"/>
		<b id="12" c="24 27" t="1"/>
		<b id="13" c="27 30" t="1"/>
		<b id="14" c="14 5" t="ar"/>
		<b id="15" c="30 16" t="1"/>
		<b id="16" c="2 1" t="1"/>
		<b id="17" c="2 3" t="1"/>
		<b id="18" c="6 7" t="1"/>
		<b id="19" c="8 9" t="1"/>
		<b id="20" c="10 11" t="1"/>
		<b id="21" c="12 13" t="1"/>
		<b id="22" c="14 15" t="1"/>
		<b id="23" c="16 17" t="1"/>
		<b id="24" c="18 19" t="1"/>
		<b id="25" c="18 20" t="1"/>
		<b id="26" c="21 22" t="1"/>
		<b id="27" c="21 23" t="1"/>
		<b id="28" c="24 25" t="1"/>
		<b id="29" c="24 26" t="1"/>
		<b id="30" c="27 28" t="1"/>
		<b id="31" c="27 29" t="1"/>
		<b id="32" c="30 31" t="1"/>
		<b id="33" c="30 32" t="1"/>
	</bonds>
	<geometry>
		<g u="A" t="cart/3d">#32,3:-1.6235,0.7696,-2.8371;-0.6678,0.7379,-2.3203;0.2028,0.9971,-2.9120;-0.5784,0.3998,-1.0222;-1.8318,0.0754,-0.3073;-2.2882,0.8873,0.7386;-1.7315,1.7751,1.0283;-3.4707,0.5753,1.4137;-3.8172,1.2131,2.2225;-4.2073,-0.5502,1.0484;-5.1272,-0.7922,1.5741;-3.7643,-1.3637,0.0072;-4.3369,-2.2418,-0.2791;-2.5826,-1.0520,-0.6687;-2.2446,-1.6986,-1.4752;0.7065,0.3593,-0.2015;0.5030,0.8537,0.7593;1.1072,-1.1032,0.1002;0.5057,-1.4622,0.9460;0.8647,-1.7620,-0.7439;2.5907,-1.2836,0.4366;3.1447,-1.5146,-0.4821;2.7141,-2.1477,1.0993;3.1859,-0.0387,1.0770;4.2338,-0.2127,1.3466;2.6546,0.1731,2.0135;3.0886,1.1751,0.1524;3.0246,2.0808,0.7677;4.0103,1.2700,-0.4346;1.8985,1.1179,-0.8113;2.2211,0.6212,-1.7360;1.6152,2.1415,-1.0854;</g>
	</geometry>
	<conformers/>
	<properties/>
</molecule>
