<?xml version="1.0" ?>
<!--MOLLI PACKAGE EXPERIMENTAL XML FORMAT-->
<molecule name="react_143">
	<atoms>
		<a id="1" s="H" t="H" l="H"/>
		<a id="2" s="C" t="C.2" l="C"/>
		<a id="3" s="H" t="H" l="H"/>
		<a id="4" s="C" t="C.2" l="C"/>
		<a id="5" s="C" t="C.3" l="C"/>
		<a id="6" s="H" t="H" l="H"/>
		<a id="7" s="H" t="H" l="H"/>
		<a id="8" s="H" t="H" l="H"/>
		<a id="9" s="C" t="C.3" l="C"/>
		<a id="10" s="H" t="H" l="H"/>
		<a id="11" s="H" t="H" l="H"/>
		<a id="12" s="C" t="C.3" l="C"/>
		<a id="13" s="H" t="H" l="H"/>
		<a id="14" s="H" t="H" l="H"/>
		<a id="15" s="O" t="O.3" l="O"/>
		<a id="16" s="C" t="C.ar" l="C"/>
		<a id="17" s="C" t="C.ar" l="C"/>
		<a id="18" s="H" t="H" l="H"/>
		<a id="19" s="C" t="C.ar" l="C"/>
		<a id="20" s="H" t="H" l="H"/>
		<a id="21" s="C" t="C.ar" l="C"/>
		<a id="22" s="H" t="H" l="H"/>
		<a id="23" s="C" t="C.ar" l="C"/>
		<a id="24" s="O" t="O.3" l="O"/>
		<a id="25" s="C" t="C.3" l="C"/>
		<a id="26" s="H" t="H" l="H"/>
		<a id="27" s="H" t="H" l="H"/>
		<a id="28" s="H" t="H" l="H"/>
		<a id="29" s="C" t="C.ar" l="C"/>
		<a id="30" s="H" t="H" l="H"/>
	</atoms>
	<bonds>
		<b id="1" c="2 4" t="2"/>
		<b id="2" c="4 5" t="1"/>
		<b id="3" c="4 9" t="1"/>
		<b id="4" c="9 12" t="1"/>
		<b id="5" c="12 15" t="1"/>
		<b id="6" c="15 16" t="1"/>
		<b id="7" c="16 17" t="ar"/>
		<b id="8" c="17 19" t="ar"/>
		<b id="9" c="19 21" t="ar"/>
		<b id="10" c="21 23" t="ar"/>
		<b id="11" c="23 24" t="1"/>
		<b id="12" c="24 25" t="1"/>
		<b id="13" c="23 29" t="ar"/>
		<b id="14" c="29 16" t="ar"/>
		<b id="15" c="2 1" t="1"/>
		<b id="16" c="2 3" t="1"/>
		<b id="17" c="5 6" t="1"/>
		<b id="18" c="5 7" t="1"/>
		<b id="19" c="5 8" t="1"/>
		<b id="20" c="9 10" t="1"/>
		<b id="21" c="9 11" t="1"/>
		<b id="22" c="12 13" t="1"/>
		<b id="23" c="12 14" t="1"/>
		<b id="24" c="17 18" t="1"/>
		<b id="25" c="19 20" t="1"/>
		<b id="26" c="21 22" t="1"/>
		<b id="27" c="25 26" t="1"/>
		<b id="28" c="25 27" t="1"/>
		<b id="29" c="25 28" t="1"/>
		<b id="30" c="29 30" t="1"/>
	</bonds>
	<geometry>
		<g u="A" t="cart/3d">#30,3:4.1260,0.3803,2.4724;4.5239,0.2215,1.4741;5.5512,0.5296,1.3028;3.7821,-0.3310,0.5003;4.3396,-0.5694,-0.8750;5.3962,-0.2889,-0.9433;3.7933,0.0169,-1.6201;4.2613,-1.6291,-1.1383;2.3591,-0.7788,0.7458;2.2405,-1.8201,0.4193;2.1400,-0.7971,1.8219;1.3179,0.1009,0.0492;1.4585,0.0552,-1.0371;1.4230,1.1360,0.3972;0.0215,-0.3985,0.3879;-1.0576,0.2591,-0.1389;-1.0079,1.3792,-0.9689;-0.0688,1.8309,-1.2695;-2.1914,1.9526,-1.4371;-2.1553,2.8254,-2.0836;-3.4230,1.4070,-1.0760;-4.3419,1.8574,-1.4433;-3.4856,0.2870,-0.2459;-4.7522,-0.1486,0.0326;-4.8669,-1.2868,0.8775;-4.3991,-2.1657,0.4217;-4.4503,-1.0856,1.8700;-5.9321,-1.5042,1.0020;-2.2990,-0.2822,0.2194;-2.3028,-1.1530,0.8664;</g>
	</geometry>
	<conformers/>
	<properties/>
</molecule>
