<?xml version="1.0" ?>
<!--MOLLI PACKAGE EXPERIMENTAL XML FORMAT-->
<molecule name="react_144">
	<atoms>
		<a id="1" s="H" t="H" l="H"/>
		<a id="2" s="C" t="C.2" l="C"/>
		<a id="3" s="H" t="H" l="H"/>
		<a id="4" s="C" t="C.2" l="C"/>
		<a id="5" s="C" t="C.3" l="C"/>
		<a id="6" s="H" t="H" l="H"/>
		<a id="7" s="H" t="H" l="H"/>
		<a id="8" s="H" t="H" l="H"/>
		<a id="9" s="C" t="C.3" l="C"/>
		<a id="10" s="H" t="H" l="H"/>
		<a id="11" s="H" t="H" l="H"/>
		<a id="12" s="C" t="C.3" l="C"/>
		<a id="13" s="H" t="H" l="H"/>
		<a id="14" s="H" t="H" l="H"/>
		<a id="15" s="O" t="O.3" l="O"/>
		<a id="16" s="C" t="C.ar" l="C"/>
		<a id="17" s="C" t="C.ar" l="C"/>
		<a id="18" s="H" t="H" l="H"/>
		<a id="19" s="C" t="C.ar" l="C"/>
		<a id="20" s="H" t="H" l="H"/>
		<a id="21" s="C" t="C.ar" l="C"/>
		<a id="22" s="H" t="H" l="H"/>
		<a id="23" s="C" t="C.ar" l="C"/>
		<a id="24" s="H" t="H" l="H"/>
		<a id="25" s="C" t="C.ar" l="C"/>
		<a id="26" s="O" t="O.3" l="O"/>
		<a id="27" s="C" t="C.3" l="C"/>
		<a id="28" s="H" t="H" l="H"/>
		<a id="29" s="H" t="H" l="H"/>
		<a id="30" s="H" t="H" l="H"/>
	</atoms>
	<bonds>
		<b id="1" c="2 4" t="2"/>
		<b id="2" c="4 5" t="1"/>
		<b id="3" c="4 9" t="1"/>
		<b id="4" c="9 12" t="1"/>
		<b id="5" c="12 15" t="1"/>
		<b id="6" c="15 16" t="1"/>
		<b id="7" c="16 17" t="ar"/>
		<b id="8" c="17 19" t="ar"/>
		<b id="9" c="19 21" t="ar"/>
		<b id="10" c="21 23" t="ar"/>
		<b id="11" c="23 25" t="ar"/>
		<b id="12" c="25 26" t="1"/>
		<b id="13" c="26 27" t="1"/>
		<b id="14" c="25 16" t="ar"/>
		<b id="15" c="2 1" t="1"/>
		<b id="16" c="2 3" t="1"/>
		<b id="17" c="5 6" t="1"/>
		<b id="18" c="5 7" t="1"/>
		<b id="19" c="5 8" t="1"/>
		<b id="20" c="9 10" t="1"/>
		<b id="21" c="9 11" t="1"/>
		<b id="22" c="12 13" t="1"/>
		<b id="23" c="12 14" t="1"/>
		<b id="24" c="17 18" t="1"/>
		<b id="25" c="19 20" t="1"/>
		<b id="26" c="21 22" t="1"/>
		<b id="27" c="23 24" t="1"/>
		<b id="28" c="27 28" t="1"/>
		<b id="29" c="27 29" t="1"/>
		<b id="30" c="27 30" t="1"/>
	</bonds>
	<geometry>
		<g u="A" t="cart/3d">#30,3:3.7302,-2.0532,0.0622;3.0059,-1.3117,0.3863;2.2212,-1.6701,1.0455;3.0709,-0.0370,-0.0328;4.1612,0.4013,-0.9751;3.7272,0.7912,-1.9016;4.8333,-0.4209,-1.2429;4.7665,1.1890,-0.5150;2.0975,1.0635,0.3584;2.6923,1.9032,0.7405;1.6056,1.4055,-0.5597;1.0325,0.7484,1.4203;0.5825,1.6665,1.8162;1.5055,0.2694,2.2860;0.0393,-0.1537,0.9352;-1.0883,0.3362,0.3278;-1.2743,1.6695,-0.0525;-0.5135,2.4240,0.1111;-2.4583,2.0689,-0.6762;-2.5935,3.1072,-0.9687;-3.4625,1.1397,-0.9273;-4.3837,1.4522,-1.4124;-3.2868,-0.1952,-0.5594;-4.0927,-0.8891,-0.7718;-2.1035,-0.6076,0.0646;-1.8462,-1.8970,0.4630;-2.8135,-2.8877,0.1492;-2.9643,-2.9667,-0.9325;-2.4323,-3.8509,0.5020;-3.7580,-2.6949,0.6684;</g>
	</geometry>
	<conformers/>
	<properties/>
</molecule>
