<?xml version="1.0" ?>
<!--MOLLI PACKAGE EXPERIMENTAL XML FORMAT-->
<molecule name="react_80">
	<atoms>
		<a id="1" s="H" t="H" l="H"/>
		<a id="2" s="C" t="C.2" l="C"/>
		<a id="3" s="H" t="H" l="H"/>
		<a id="4" s="C" t="C.2" l="C"/>
		<a id="5" s="H" t="H" l="H"/>
		<a id="6" s="C" t="C.3" l="C"/>
		<a id="7" s="H" t="H" l="H"/>
		<a id="8" s="H" t="H" l="H"/>
		<a id="9" s="I" t="I" l="I"/>
	</atoms>
	<bonds>
		<b id="1" c="2 4" t="2"/>
		<b id="2" c="4 6" t="1"/>
		<b id="3" c="6 9" t="1"/>
		<b id="4" c="2 1" t="1"/>
		<b id="5" c="2 3" t="1"/>
		<b id="6" c="4 5" t="1"/>
		<b id="7" c="6 7" t="1"/>
		<b id="8" c="6 8" t="1"/>
	</bonds>
	<geometry>
		<g u="A" t="cart/3d">#9,3:-1.4833,1.2128,0.2594;-1.4249,0.1629,-0.0045;-2.3718,-0.3461,-0.1636;-0.2697,-0.5039,-0.1368;-0.3488,-1.5580,-0.4065;1.1538,-0.0423,0.0254;1.6800,-0.2373,-0.9163;1.6287,-0.6767,0.7829;1.4361,1.9885,0.5601;</g>
	</geometry>
	<conformers/>
	<properties/>
</molecule>
