<?xml version="1.0" ?>
<!--MOLLI PACKAGE EXPERIMENTAL XML FORMAT-->
<molecule name="react_145">
	<atoms>
		<a id="1" s="H" t="H" l="H"/>
		<a id="2" s="C" t="C.2" l="C"/>
		<a id="3" s="H" t="H" l="H"/>
		<a id="4" s="C" t="C.2" l="C"/>
		<a id="5" s="C" t="C.3" l="C"/>
		<a id="6" s="H" t="H" l="H"/>
		<a id="7" s="H" t="H" l="H"/>
		<a id="8" s="H" t="H" l="H"/>
		<a id="9" s="C" t="C.3" l="C"/>
		<a id="10" s="H" t="H" l="H"/>
		<a id="11" s="H" t="H" l="H"/>
		<a id="12" s="C" t="C.3" l="C"/>
		<a id="13" s="H" t="H" l="H"/>
		<a id="14" s="H" t="H" l="H"/>
		<a id="15" s="O" t="O.3" l="O"/>
		<a id="16" s="C" t="C.3" l="C"/>
		<a id="17" s="H" t="H" l="H"/>
		<a id="18" s="H" t="H" l="H"/>
		<a id="19" s="C" t="C.ar" l="C"/>
		<a id="20" s="C" t="C.ar" l="C"/>
		<a id="21" s="H" t="H" l="H"/>
		<a id="22" s="C" t="C.ar" l="C"/>
		<a id="23" s="H" t="H" l="H"/>
		<a id="24" s="C" t="C.ar" l="C"/>
		<a id="25" s="H" t="H" l="H"/>
		<a id="26" s="C" t="C.ar" l="C"/>
		<a id="27" s="H" t="H" l="H"/>
		<a id="28" s="C" t="C.ar" l="C"/>
		<a id="29" s="H" t="H" l="H"/>
	</atoms>
	<bonds>
		<b id="1" c="2 4" t="2"/>
		<b id="2" c="4 5" t="1"/>
		<b id="3" c="4 9" t="1"/>
		<b id="4" c="9 12" t="1"/>
		<b id="5" c="12 15" t="1"/>
		<b id="6" c="15 16" t="1"/>
		<b id="7" c="16 19" t="1"/>
		<b id="8" c="19 20" t="ar"/>
		<b id="9" c="20 22" t="ar"/>
		<b id="10" c="22 24" t="ar"/>
		<b id="11" c="24 26" t="ar"/>
		<b id="12" c="26 28" t="ar"/>
		<b id="13" c="28 19" t="ar"/>
		<b id="14" c="2 1" t="1"/>
		<b id="15" c="2 3" t="1"/>
		<b id="16" c="5 6" t="1"/>
		<b id="17" c="5 7" t="1"/>
		<b id="18" c="5 8" t="1"/>
		<b id="19" c="9 10" t="1"/>
		<b id="20" c="9 11" t="1"/>
		<b id="21" c="12 13" t="1"/>
		<b id="22" c="12 14" t="1"/>
		<b id="23" c="16 17" t="1"/>
		<b id="24" c="16 18" t="1"/>
		<b id="25" c="20 21" t="1"/>
		<b id="26" c="22 23" t="1"/>
		<b id="27" c="24 25" t="1"/>
		<b id="28" c="26 27" t="1"/>
		<b id="29" c="28 29" t="1"/>
	</bonds>
	<geometry>
		<g u="A" t="cart/3d">#29,3:-3.8296,-2.6265,-0.3561;-4.3323,-1.6809,-0.1740;-5.3866,-1.7287,0.0822;-3.6814,-0.5096,-0.2650;-4.3813,0.8004,-0.0350;-3.9532,1.3206,0.8272;-4.2828,1.4436,-0.9154;-5.4510,0.6653,0.1579;-2.2193,-0.4430,-0.6435;-2.0869,0.2581,-1.4776;-1.8765,-1.4102,-1.0346;-1.3127,-0.0368,0.5188;-1.4215,-0.7446,1.3492;-1.5667,0.9685,0.8735;0.0410,-0.0438,0.0631;0.9489,0.3071,1.1077;0.8582,-0.4060,1.9355;0.6978,1.3113,1.4692;2.3694,0.2832,0.5991;2.7975,-0.6921,-0.3133;2.0906,-1.4254,-0.6967;4.1242,-0.7294,-0.7463;4.4392,-1.4855,-1.4604;5.0417,0.2014,-0.2640;6.0739,0.1725,-0.6020;4.6340,1.1679,0.6531;5.3500,1.8922,1.0323;3.3069,1.2061,1.0864;3.0087,1.9646,1.8065;</g>
	</geometry>
	<conformers/>
	<properties/>
</molecule>
