<?xml version="1.0" ?>
<!--MOLLI PACKAGE EXPERIMENTAL XML FORMAT-->
<molecule name="react_146">
	<atoms>
		<a id="1" s="H" t="H" l="H"/>
		<a id="2" s="C" t="C.2" l="C"/>
		<a id="3" s="H" t="H" l="H"/>
		<a id="4" s="C" t="C.2" l="C"/>
		<a id="5" s="C" t="C.3" l="C"/>
		<a id="6" s="H" t="H" l="H"/>
		<a id="7" s="H" t="H" l="H"/>
		<a id="8" s="H" t="H" l="H"/>
		<a id="9" s="C" t="C.3" l="C"/>
		<a id="10" s="H" t="H" l="H"/>
		<a id="11" s="H" t="H" l="H"/>
		<a id="12" s="C" t="C.3" l="C"/>
		<a id="13" s="H" t="H" l="H"/>
		<a id="14" s="H" t="H" l="H"/>
		<a id="15" s="O" t="O.3" l="O"/>
		<a id="16" s="C" t="C.ar" l="C"/>
		<a id="17" s="C" t="C.ar" l="C"/>
		<a id="18" s="H" t="H" l="H"/>
		<a id="19" s="C" t="C.ar" l="C"/>
		<a id="20" s="H" t="H" l="H"/>
		<a id="21" s="C" t="C.ar" l="C"/>
		<a id="22" s="O" t="O.3" l="O"/>
		<a id="23" s="C" t="C.3" l="C"/>
		<a id="24" s="H" t="H" l="H"/>
		<a id="25" s="H" t="H" l="H"/>
		<a id="26" s="H" t="H" l="H"/>
		<a id="27" s="C" t="C.ar" l="C"/>
		<a id="28" s="H" t="H" l="H"/>
		<a id="29" s="C" t="C.ar" l="C"/>
		<a id="30" s="H" t="H" l="H"/>
	</atoms>
	<bonds>
		<b id="1" c="2 4" t="2"/>
		<b id="2" c="4 5" t="1"/>
		<b id="3" c="4 9" t="1"/>
		<b id="4" c="9 12" t="1"/>
		<b id="5" c="12 15" t="1"/>
		<b id="6" c="15 16" t="1"/>
		<b id="7" c="16 17" t="ar"/>
		<b id="8" c="17 19" t="ar"/>
		<b id="9" c="19 21" t="ar"/>
		<b id="10" c="21 22" t="1"/>
		<b id="11" c="22 23" t="1"/>
		<b id="12" c="21 27" t="ar"/>
		<b id="13" c="27 29" t="ar"/>
		<b id="14" c="29 16" t="ar"/>
		<b id="15" c="2 1" t="1"/>
		<b id="16" c="2 3" t="1"/>
		<b id="17" c="5 6" t="1"/>
		<b id="18" c="5 7" t="1"/>
		<b id="19" c="5 8" t="1"/>
		<b id="20" c="9 10" t="1"/>
		<b id="21" c="9 11" t="1"/>
		<b id="22" c="12 13" t="1"/>
		<b id="23" c="12 14" t="1"/>
		<b id="24" c="17 18" t="1"/>
		<b id="25" c="19 20" t="1"/>
		<b id="26" c="23 24" t="1"/>
		<b id="27" c="23 25" t="1"/>
		<b id="28" c="23 26" t="1"/>
		<b id="29" c="27 28" t="1"/>
		<b id="30" c="29 30" t="1"/>
	</bonds>
	<geometry>
		<g u="A" t="cart/3d">#30,3:-2.0217,1.7802,1.3415;-2.9787,1.4932,0.9151;-3.6831,2.2935,0.7098;-3.2669,0.2107,0.6384;-4.5908,-0.1868,0.0491;-5.0866,-0.9227,0.6904;-4.4568,-0.6237,-0.9449;-5.2666,0.6689,-0.0547;-2.2845,-0.9043,0.9377;-2.8068,-1.6816,1.5090;-1.4918,-0.5248,1.5932;-1.6596,-1.5388,-0.3121;-2.4502,-1.8578,-1.0008;-1.1105,-2.4545,-0.0644;-0.8412,-0.6160,-1.0335;0.4554,-0.4322,-0.6479;1.1613,0.4934,-1.4209;0.6599,0.9916,-2.2476;2.5014,0.7906,-1.1477;3.0005,1.5169,-1.7795;3.1516,0.1596,-0.0900;4.4508,0.3526,0.2892;5.2086,1.2853,-0.4710;4.7802,2.2908,-0.4031;5.3001,0.9633,-1.5136;6.2159,1.3235,-0.0451;2.4469,-0.7648,0.6839;2.9470,-1.2607,1.5126;1.1064,-1.0616,0.4097;0.6099,-1.7838,1.0472;</g>
	</geometry>
	<conformers/>
	<properties/>
</molecule>
