<?xml version="1.0" ?>
<!--MOLLI PACKAGE EXPERIMENTAL XML FORMAT-->
<molecule name="react_147">
	<atoms>
		<a id="1" s="H" t="H" l="H"/>
		<a id="2" s="C" t="C.2" l="C"/>
		<a id="3" s="H" t="H" l="H"/>
		<a id="4" s="C" t="C.2" l="C"/>
		<a id="5" s="C" t="C.3" l="C"/>
		<a id="6" s="H" t="H" l="H"/>
		<a id="7" s="H" t="H" l="H"/>
		<a id="8" s="O" t="O.3" l="O"/>
		<a id="9" s="C" t="C.3" l="C"/>
		<a id="10" s="H" t="H" l="H"/>
		<a id="11" s="H" t="H" l="H"/>
		<a id="12" s="C" t="C.ar" l="C"/>
		<a id="13" s="C" t="C.ar" l="C"/>
		<a id="14" s="H" t="H" l="H"/>
		<a id="15" s="C" t="C.ar" l="C"/>
		<a id="16" s="H" t="H" l="H"/>
		<a id="17" s="C" t="C.ar" l="C"/>
		<a id="18" s="H" t="H" l="H"/>
		<a id="19" s="C" t="C.ar" l="C"/>
		<a id="20" s="H" t="H" l="H"/>
		<a id="21" s="C" t="C.ar" l="C"/>
		<a id="22" s="H" t="H" l="H"/>
		<a id="23" s="C" t="C.3" l="C"/>
		<a id="24" s="H" t="H" l="H"/>
		<a id="25" s="H" t="H" l="H"/>
		<a id="26" s="C" t="C.3" l="C"/>
		<a id="27" s="H" t="H" l="H"/>
		<a id="28" s="H" t="H" l="H"/>
		<a id="29" s="H" t="H" l="H"/>
	</atoms>
	<bonds>
		<b id="1" c="2 4" t="2"/>
		<b id="2" c="4 23" t="1"/>
		<b id="3" c="23 26" t="1"/>
		<b id="4" c="4 5" t="1"/>
		<b id="5" c="5 8" t="1"/>
		<b id="6" c="8 9" t="1"/>
		<b id="7" c="9 12" t="1"/>
		<b id="8" c="12 13" t="ar"/>
		<b id="9" c="13 15" t="ar"/>
		<b id="10" c="15 17" t="ar"/>
		<b id="11" c="17 19" t="ar"/>
		<b id="12" c="19 21" t="ar"/>
		<b id="13" c="21 12" t="ar"/>
		<b id="14" c="2 1" t="1"/>
		<b id="15" c="2 3" t="1"/>
		<b id="16" c="23 24" t="1"/>
		<b id="17" c="23 25" t="1"/>
		<b id="18" c="26 27" t="1"/>
		<b id="19" c="26 28" t="1"/>
		<b id="20" c="26 29" t="1"/>
		<b id="21" c="5 6" t="1"/>
		<b id="22" c="5 7" t="1"/>
		<b id="23" c="9 10" t="1"/>
		<b id="24" c="9 11" t="1"/>
		<b id="25" c="13 14" t="1"/>
		<b id="26" c="15 16" t="1"/>
		<b id="27" c="17 18" t="1"/>
		<b id="28" c="19 20" t="1"/>
		<b id="29" c="21 22" t="1"/>
	</bonds>
	<geometry>
		<g u="A" t="cart/3d">#29,3:2.7699,-2.7807,0.5861;2.0490,-1.9825,0.4427;1.0159,-2.2070,0.6945;2.4109,-0.7713,-0.0179;1.4399,0.3675,-0.2467;1.5170,0.7020,-1.2879;1.6912,1.2017,0.4176;0.0988,-0.0419,0.0095;-0.8255,1.0227,-0.2044;-0.5842,1.8419,0.4833;-0.7476,1.3855,-1.2361;-2.2370,0.5464,0.0357;-3.1846,1.4093,0.6060;-2.9008,2.4140,0.9104;-4.5037,0.9914,0.7953;-5.2278,1.6658,1.2446;-4.8930,-0.2893,0.4081;-5.9190,-0.6149,0.5568;-3.9653,-1.1522,-0.1711;-4.2658,-2.1512,-0.4753;-2.6466,-0.7351,-0.3610;-1.9310,-1.4179,-0.8151;3.8531,-0.4854,-0.3748;3.9005,-0.0612,-1.3850;4.4300,-1.4182,-0.4116;4.5285,0.4589,0.6099;4.0588,1.4476,0.6061;4.4869,0.0632,1.6301;5.5817,0.5909,0.3413;</g>
	</geometry>
	<conformers/>
	<properties/>
</molecule>
