<?xml version="1.0" ?>
<!--MOLLI PACKAGE EXPERIMENTAL XML FORMAT-->
<molecule name="react_148">
	<atoms>
		<a id="1" s="H" t="H" l="H"/>
		<a id="2" s="C" t="C.2" l="C"/>
		<a id="3" s="H" t="H" l="H"/>
		<a id="4" s="C" t="C.2" l="C"/>
		<a id="5" s="C" t="C.ar" l="C"/>
		<a id="6" s="C" t="C.ar" l="C"/>
		<a id="7" s="H" t="H" l="H"/>
		<a id="8" s="C" t="C.ar" l="C"/>
		<a id="9" s="H" t="H" l="H"/>
		<a id="10" s="C" t="C.ar" l="C"/>
		<a id="11" s="H" t="H" l="H"/>
		<a id="12" s="C" t="C.ar" l="C"/>
		<a id="13" s="H" t="H" l="H"/>
		<a id="14" s="C" t="C.ar" l="C"/>
		<a id="15" s="C" t="C.3" l="C"/>
		<a id="16" s="H" t="H" l="H"/>
		<a id="17" s="H" t="H" l="H"/>
		<a id="18" s="C" t="C.3" l="C"/>
		<a id="19" s="H" t="H" l="H"/>
		<a id="20" s="H" t="H" l="H"/>
		<a id="21" s="C" t="C.3" l="C"/>
		<a id="22" s="C" t="C.3" l="C"/>
		<a id="23" s="H" t="H" l="H"/>
		<a id="24" s="H" t="H" l="H"/>
		<a id="25" s="H" t="H" l="H"/>
		<a id="26" s="C" t="C.3" l="C"/>
		<a id="27" s="H" t="H" l="H"/>
		<a id="28" s="H" t="H" l="H"/>
		<a id="29" s="H" t="H" l="H"/>
	</atoms>
	<bonds>
		<b id="1" c="2 4" t="2"/>
		<b id="2" c="4 5" t="1"/>
		<b id="3" c="5 6" t="ar"/>
		<b id="4" c="6 8" t="ar"/>
		<b id="5" c="8 10" t="ar"/>
		<b id="6" c="10 12" t="ar"/>
		<b id="7" c="12 14" t="ar"/>
		<b id="8" c="14 15" t="1"/>
		<b id="9" c="15 18" t="1"/>
		<b id="10" c="18 21" t="1"/>
		<b id="11" c="21 22" t="1"/>
		<b id="12" c="21 26" t="1"/>
		<b id="13" c="21 4" t="1"/>
		<b id="14" c="14 5" t="ar"/>
		<b id="15" c="2 1" t="1"/>
		<b id="16" c="2 3" t="1"/>
		<b id="17" c="6 7" t="1"/>
		<b id="18" c="8 9" t="1"/>
		<b id="19" c="10 11" t="1"/>
		<b id="20" c="12 13" t="1"/>
		<b id="21" c="15 16" t="1"/>
		<b id="22" c="15 17" t="1"/>
		<b id="23" c="18 19" t="1"/>
		<b id="24" c="18 20" t="1"/>
		<b id="25" c="22 23" t="1"/>
		<b id="26" c="22 24" t="1"/>
		<b id="27" c="22 25" t="1"/>
		<b id="28" c="26 27" t="1"/>
		<b id="29" c="26 28" t="1"/>
		<b id="30" c="26 29" t="1"/>
	</bonds>
	<geometry>
		<g u="A" t="cart/3d">#29,3:-0.5132,2.6297,1.8486;0.2685,2.0085,1.4261;1.2721,2.2817,1.7324;0.0031,0.9681,0.6120;1.1139,0.1203,0.0762;2.4234,0.6173,-0.0651;2.6630,1.6444,0.1955;3.4586,-0.1774,-0.5664;4.4601,0.2339,-0.6603;3.2043,-1.4860,-0.9533;4.0048,-2.1055,-1.3479;1.9127,-1.9935,-0.8502;1.7174,-3.0125,-1.1778;0.8645,-1.2034,-0.3412;-0.5189,-1.8010,-0.3301;-0.4764,-2.8223,0.0684;-0.8712,-1.8737,-1.3665;-1.5203,-1.0020,0.4937;-2.5309,-1.3691,0.2725;-1.3454,-1.2121,1.5590;-1.4254,0.5210,0.2533;-1.7290,0.8831,-1.2167;-2.7134,0.5061,-1.5173;-0.9941,0.4726,-1.9168;-1.7330,1.9705,-1.3589;-2.5299,1.1764,1.1182;-2.3664,0.9942,2.1867;-3.5173,0.7710,0.8660;-2.5815,2.2598,0.9599;</g>
	</geometry>
	<conformers/>
	<properties/>
</molecule>
