<?xml version="1.0" ?>
<!--MOLLI PACKAGE EXPERIMENTAL XML FORMAT-->
<molecule name="react_149">
	<atoms>
		<a id="1" s="H" t="H" l="H"/>
		<a id="2" s="C" t="C.2" l="C"/>
		<a id="3" s="H" t="H" l="H"/>
		<a id="4" s="C" t="C.2" l="C"/>
		<a id="5" s="C" t="C.ar" l="C"/>
		<a id="6" s="C" t="C.ar" l="C"/>
		<a id="7" s="H" t="H" l="H"/>
		<a id="8" s="C" t="C.ar" l="C"/>
		<a id="9" s="H" t="H" l="H"/>
		<a id="10" s="C" t="C.ar" l="C"/>
		<a id="11" s="C" t="C.3" l="C"/>
		<a id="12" s="H" t="H" l="H"/>
		<a id="13" s="H" t="H" l="H"/>
		<a id="14" s="C" t="C.3" l="C"/>
		<a id="15" s="H" t="H" l="H"/>
		<a id="16" s="C" t="C.3" l="C"/>
		<a id="17" s="H" t="H" l="H"/>
		<a id="18" s="H" t="H" l="H"/>
		<a id="19" s="H" t="H" l="H"/>
		<a id="20" s="C" t="C.3" l="C"/>
		<a id="21" s="H" t="H" l="H"/>
		<a id="22" s="H" t="H" l="H"/>
		<a id="23" s="H" t="H" l="H"/>
		<a id="24" s="C" t="C.ar" l="C"/>
		<a id="25" s="H" t="H" l="H"/>
		<a id="26" s="C" t="C.ar" l="C"/>
		<a id="27" s="H" t="H" l="H"/>
		<a id="28" s="C" t="C.3" l="C"/>
		<a id="29" s="H" t="H" l="H"/>
		<a id="30" s="H" t="H" l="H"/>
		<a id="31" s="H" t="H" l="H"/>
	</atoms>
	<bonds>
		<b id="1" c="2 4" t="2"/>
		<b id="2" c="4 28" t="1"/>
		<b id="3" c="4 5" t="1"/>
		<b id="4" c="5 6" t="ar"/>
		<b id="5" c="6 8" t="ar"/>
		<b id="6" c="8 10" t="ar"/>
		<b id="7" c="10 11" t="1"/>
		<b id="8" c="11 14" t="1"/>
		<b id="9" c="14 16" t="1"/>
		<b id="10" c="14 20" t="1"/>
		<b id="11" c="10 24" t="ar"/>
		<b id="12" c="24 26" t="ar"/>
		<b id="13" c="26 5" t="ar"/>
		<b id="14" c="2 1" t="1"/>
		<b id="15" c="2 3" t="1"/>
		<b id="16" c="28 29" t="1"/>
		<b id="17" c="28 30" t="1"/>
		<b id="18" c="28 31" t="1"/>
		<b id="19" c="6 7" t="1"/>
		<b id="20" c="8 9" t="1"/>
		<b id="21" c="11 12" t="1"/>
		<b id="22" c="11 13" t="1"/>
		<b id="23" c="14 15" t="1"/>
		<b id="24" c="16 17" t="1"/>
		<b id="25" c="16 18" t="1"/>
		<b id="26" c="16 19" t="1"/>
		<b id="27" c="20 21" t="1"/>
		<b id="28" c="20 22" t="1"/>
		<b id="29" c="20 23" t="1"/>
		<b id="30" c="24 25" t="1"/>
		<b id="31" c="26 27" t="1"/>
	</bonds>
	<geometry>
		<g u="A" t="cart/3d">#31,3:3.2364,-1.4306,2.2593;3.9484,-1.0554,1.5304;4.9892,-1.3206,1.6887;3.5694,-0.3212,0.4705;2.1463,0.0272,0.2618;1.3618,0.5131,1.3177;1.7921,0.6412,2.3083;0.0210,0.8586,1.1192;-0.5585,1.2306,1.9609;-0.5667,0.7280,-0.1433;-2.0155,1.0939,-0.3600;-2.0652,1.7475,-1.2414;-2.3759,1.7039,0.4789;-2.9415,-0.1218,-0.5600;-2.5434,-0.7581,-1.3607;-3.0556,-0.9712,0.7085;-3.4192,-0.3766,1.5535;-2.0894,-1.4035,0.9865;-3.7527,-1.8024,0.5565;-4.3323,0.3513,-0.9902;-4.9974,-0.5014,-1.1633;-4.7898,0.9886,-0.2257;-4.2772,0.9245,-1.9217;0.2128,0.2501,-1.2026;-0.2189,0.1396,-2.1948;1.5541,-0.0934,-1.0019;2.1237,-0.4723,-1.8465;4.5631,0.1623,-0.5487;4.4398,1.2356,-0.7301;5.5945,0.0084,-0.2122;4.4467,-0.3703,-1.4978;</g>
	</geometry>
	<conformers/>
	<properties/>
</molecule>
