<?xml version="1.0" ?>
<!--MOLLI PACKAGE EXPERIMENTAL XML FORMAT-->
<molecule name="react_150">
	<atoms>
		<a id="1" s="H" t="H" l="H"/>
		<a id="2" s="C" t="C.2" l="C"/>
		<a id="3" s="H" t="H" l="H"/>
		<a id="4" s="C" t="C.2" l="C"/>
		<a id="5" s="C" t="C.ar" l="C"/>
		<a id="6" s="N" t="N.ar" l="N"/>
		<a id="7" s="C" t="C.ar" l="C"/>
		<a id="8" s="H" t="H" l="H"/>
		<a id="9" s="C" t="C.ar" l="C"/>
		<a id="10" s="H" t="H" l="H"/>
		<a id="11" s="C" t="C.ar" l="C"/>
		<a id="12" s="H" t="H" l="H"/>
		<a id="13" s="C" t="C.ar" l="C"/>
		<a id="14" s="H" t="H" l="H"/>
		<a id="15" s="C" t="C.ar" l="C"/>
		<a id="16" s="C" t="C.ar" l="C"/>
		<a id="17" s="H" t="H" l="H"/>
		<a id="18" s="C" t="C.ar" l="C"/>
		<a id="19" s="H" t="H" l="H"/>
		<a id="20" s="C" t="C.ar" l="C"/>
		<a id="21" s="H" t="H" l="H"/>
		<a id="22" s="C" t="C.ar" l="C"/>
		<a id="23" s="H" t="H" l="H"/>
		<a id="24" s="C" t="C.ar" l="C"/>
		<a id="25" s="H" t="H" l="H"/>
	</atoms>
	<bonds>
		<b id="1" c="2 4" t="2"/>
		<b id="2" c="4 15" t="1"/>
		<b id="3" c="15 16" t="ar"/>
		<b id="4" c="16 18" t="ar"/>
		<b id="5" c="18 20" t="ar"/>
		<b id="6" c="20 22" t="ar"/>
		<b id="7" c="22 24" t="ar"/>
		<b id="8" c="4 5" t="1"/>
		<b id="9" c="5 13" t="ar"/>
		<b id="10" c="13 11" t="ar"/>
		<b id="11" c="11 9" t="ar"/>
		<b id="12" c="9 7" t="ar"/>
		<b id="13" c="7 6" t="ar"/>
		<b id="14" c="24 15" t="ar"/>
		<b id="15" c="6 5" t="ar"/>
		<b id="16" c="2 1" t="1"/>
		<b id="17" c="2 3" t="1"/>
		<b id="18" c="16 17" t="1"/>
		<b id="19" c="18 19" t="1"/>
		<b id="20" c="20 21" t="1"/>
		<b id="21" c="22 23" t="1"/>
		<b id="22" c="24 25" t="1"/>
		<b id="23" c="13 14" t="1"/>
		<b id="24" c="11 12" t="1"/>
		<b id="25" c="9 10" t="1"/>
		<b id="26" c="7 8" t="1"/>
	</bonds>
	<geometry>
		<g u="A" t="cart/3d">#25,3:-0.8820,0.6845,2.8953;0.0607,0.5871,2.3656;0.9599,0.7634,2.9490;0.1168,0.2657,1.0577;1.4324,0.1409,0.3635;2.5508,0.3634,1.1017;3.7477,0.2535,0.4846;4.6108,0.4407,1.1168;3.8998,-0.0715,-0.8509;4.8858,-0.1461,-1.2949;2.7541,-0.2977,-1.6002;2.8268,-0.5556,-2.6529;1.5055,-0.1912,-0.9894;0.6101,-0.3683,-1.5761;-1.1976,0.0589,0.4108;-1.8661,1.1338,-0.1893;-1.4256,2.1282,-0.1769;-3.1028,0.9357,-0.8057;-3.6182,1.7730,-1.2689;-3.6779,-0.3348,-0.8242;-4.6420,-0.4874,-1.3026;-3.0195,-1.4087,-0.2257;-3.4700,-2.3978,-0.2370;-1.7827,-1.2137,0.3915;-1.2769,-2.0559,0.8583;</g>
	</geometry>
	<conformers/>
	<properties/>
</molecule>
