<?xml version="1.0" ?>
<!--MOLLI PACKAGE EXPERIMENTAL XML FORMAT-->
<molecule name="react_151">
	<atoms>
		<a id="1" s="H" t="H" l="H"/>
		<a id="2" s="C" t="C.2" l="C"/>
		<a id="3" s="H" t="H" l="H"/>
		<a id="4" s="C" t="C.2" l="C"/>
		<a id="5" s="C" t="C.ar" l="C"/>
		<a id="6" s="N" t="N.ar" l="N"/>
		<a id="7" s="C" t="C.ar" l="C"/>
		<a id="8" s="Br" t="Br" l="BR"/>
		<a id="9" s="C" t="C.ar" l="C"/>
		<a id="10" s="H" t="H" l="H"/>
		<a id="11" s="C" t="C.ar" l="C"/>
		<a id="12" s="H" t="H" l="H"/>
		<a id="13" s="C" t="C.ar" l="C"/>
		<a id="14" s="H" t="H" l="H"/>
		<a id="15" s="C" t="C.ar" l="C"/>
		<a id="16" s="C" t="C.ar" l="C"/>
		<a id="17" s="H" t="H" l="H"/>
		<a id="18" s="C" t="C.ar" l="C"/>
		<a id="19" s="H" t="H" l="H"/>
		<a id="20" s="C" t="C.ar" l="C"/>
		<a id="21" s="H" t="H" l="H"/>
		<a id="22" s="C" t="C.ar" l="C"/>
		<a id="23" s="H" t="H" l="H"/>
		<a id="24" s="C" t="C.ar" l="C"/>
		<a id="25" s="H" t="H" l="H"/>
	</atoms>
	<bonds>
		<b id="1" c="2 4" t="2"/>
		<b id="2" c="4 15" t="1"/>
		<b id="3" c="15 16" t="ar"/>
		<b id="4" c="16 18" t="ar"/>
		<b id="5" c="18 20" t="ar"/>
		<b id="6" c="20 22" t="ar"/>
		<b id="7" c="22 24" t="ar"/>
		<b id="8" c="4 5" t="1"/>
		<b id="9" c="5 13" t="ar"/>
		<b id="10" c="13 11" t="ar"/>
		<b id="11" c="11 9" t="ar"/>
		<b id="12" c="9 7" t="ar"/>
		<b id="13" c="7 8" t="1"/>
		<b id="14" c="7 6" t="ar"/>
		<b id="15" c="24 15" t="ar"/>
		<b id="16" c="6 5" t="ar"/>
		<b id="17" c="2 1" t="1"/>
		<b id="18" c="2 3" t="1"/>
		<b id="19" c="16 17" t="1"/>
		<b id="20" c="18 19" t="1"/>
		<b id="21" c="20 21" t="1"/>
		<b id="22" c="22 23" t="1"/>
		<b id="23" c="24 25" t="1"/>
		<b id="24" c="13 14" t="1"/>
		<b id="25" c="11 12" t="1"/>
		<b id="26" c="9 10" t="1"/>
	</bonds>
	<geometry>
		<g u="A" t="cart/3d">#25,3:0.6321,-2.4706,1.7528;-0.2328,-2.0703,1.2323;-1.1493,-2.6484,1.3123;-0.1755,-0.9230,0.5271;-1.3857,-0.4040,-0.1752;-2.5250,-1.1323,-0.0696;-3.6283,-0.6758,-0.6994;-5.2143,-1.7047,-0.5430;-3.6616,0.4911,-1.4450;-4.5703,0.8220,-1.9353;-2.4924,1.2325,-1.5496;-2.4739,2.1541,-2.1245;-1.3405,0.7819,-0.9084;-0.4258,1.3609,-0.9896;1.1478,-0.2616,0.5208;2.0859,-0.5688,-0.4732;1.8504,-1.3020,-1.2413;3.3309,0.0625,-0.4828;4.0563,-0.1804,-1.2550;3.6453,1.0008,0.4999;4.6162,1.4897,0.4930;2.7176,1.3085,1.4948;2.9653,2.0364,2.2631;1.4718,0.6790,1.5071;0.7556,0.9223,2.2888;</g>
	</geometry>
	<conformers/>
	<properties/>
</molecule>
