<?xml version="1.0" ?>
<!--MOLLI PACKAGE EXPERIMENTAL XML FORMAT-->
<molecule name="react_152">
	<atoms>
		<a id="1" s="H" t="H" l="H"/>
		<a id="2" s="C" t="C.2" l="C"/>
		<a id="3" s="H" t="H" l="H"/>
		<a id="4" s="C" t="C.2" l="C"/>
		<a id="5" s="C" t="C.ar" l="C"/>
		<a id="6" s="N" t="N.ar" l="N"/>
		<a id="7" s="C" t="C.ar" l="C"/>
		<a id="8" s="H" t="H" l="H"/>
		<a id="9" s="C" t="C.ar" l="C"/>
		<a id="10" s="Br" t="Br" l="BR"/>
		<a id="11" s="C" t="C.ar" l="C"/>
		<a id="12" s="H" t="H" l="H"/>
		<a id="13" s="C" t="C.ar" l="C"/>
		<a id="14" s="H" t="H" l="H"/>
		<a id="15" s="C" t="C.ar" l="C"/>
		<a id="16" s="C" t="C.ar" l="C"/>
		<a id="17" s="H" t="H" l="H"/>
		<a id="18" s="C" t="C.ar" l="C"/>
		<a id="19" s="H" t="H" l="H"/>
		<a id="20" s="C" t="C.ar" l="C"/>
		<a id="21" s="H" t="H" l="H"/>
		<a id="22" s="C" t="C.ar" l="C"/>
		<a id="23" s="H" t="H" l="H"/>
		<a id="24" s="C" t="C.ar" l="C"/>
		<a id="25" s="H" t="H" l="H"/>
	</atoms>
	<bonds>
		<b id="1" c="2 4" t="2"/>
		<b id="2" c="4 15" t="1"/>
		<b id="3" c="15 16" t="ar"/>
		<b id="4" c="16 18" t="ar"/>
		<b id="5" c="18 20" t="ar"/>
		<b id="6" c="20 22" t="ar"/>
		<b id="7" c="22 24" t="ar"/>
		<b id="8" c="4 5" t="1"/>
		<b id="9" c="5 13" t="ar"/>
		<b id="10" c="13 11" t="ar"/>
		<b id="11" c="11 9" t="ar"/>
		<b id="12" c="9 10" t="1"/>
		<b id="13" c="9 7" t="ar"/>
		<b id="14" c="7 6" t="ar"/>
		<b id="15" c="24 15" t="ar"/>
		<b id="16" c="6 5" t="ar"/>
		<b id="17" c="2 1" t="1"/>
		<b id="18" c="2 3" t="1"/>
		<b id="19" c="16 17" t="1"/>
		<b id="20" c="18 19" t="1"/>
		<b id="21" c="20 21" t="1"/>
		<b id="22" c="22 23" t="1"/>
		<b id="23" c="24 25" t="1"/>
		<b id="24" c="13 14" t="1"/>
		<b id="25" c="11 12" t="1"/>
		<b id="26" c="7 8" t="1"/>
	</bonds>
	<geometry>
		<g u="A" t="cart/3d">#25,3:0.8606,-2.1762,1.9218;1.3150,-1.3527,1.3781;2.3717,-1.1869,1.5627;0.6073,-0.5951,0.5160;1.2836,0.5266,-0.1837;1.0395,0.6257,-1.5132;1.6231,1.6489,-2.1816;1.4001,1.6819,-3.2441;2.4411,2.5915,-1.5821;3.2116,3.9856,-2.5887;2.6771,2.4884,-0.2180;3.3057,3.2084,0.2977;2.0883,1.4432,0.4945;2.2496,1.3595,1.5644;-0.8229,-0.9397,0.3133;-1.8073,0.0463,0.4705;-1.5291,1.0621,0.7404;-3.1574,-0.2597,0.2815;-3.9104,0.5138,0.4063;-3.5373,-1.5526,-0.0731;-4.5872,-1.7888,-0.2244;-2.5687,-2.5394,-0.2445;-2.8615,-3.5452,-0.5334;-1.2185,-2.2344,-0.0554;-0.4740,-3.0111,-0.2129;</g>
	</geometry>
	<conformers/>
	<properties/>
</molecule>
