<?xml version="1.0" ?>
<!--MOLLI PACKAGE EXPERIMENTAL XML FORMAT-->
<molecule name="react_153">
	<atoms>
		<a id="1" s="H" t="H" l="H"/>
		<a id="2" s="C" t="C.2" l="C"/>
		<a id="3" s="H" t="H" l="H"/>
		<a id="4" s="C" t="C.2" l="C"/>
		<a id="5" s="C" t="C.3" l="C"/>
		<a id="6" s="H" t="H" l="H"/>
		<a id="7" s="H" t="H" l="H"/>
		<a id="8" s="H" t="H" l="H"/>
		<a id="9" s="C" t="C.3" l="C"/>
		<a id="10" s="H" t="H" l="H"/>
		<a id="11" s="H" t="H" l="H"/>
		<a id="12" s="O" t="O.3" l="O"/>
		<a id="13" s="C" t="C.ar" l="C"/>
		<a id="14" s="C" t="C.ar" l="C"/>
		<a id="15" s="H" t="H" l="H"/>
		<a id="16" s="C" t="C.ar" l="C"/>
		<a id="17" s="H" t="H" l="H"/>
		<a id="18" s="C" t="C.ar" l="C"/>
		<a id="19" s="O" t="O.3" l="O"/>
		<a id="20" s="C" t="C.3" l="C"/>
		<a id="21" s="H" t="H" l="H"/>
		<a id="22" s="H" t="H" l="H"/>
		<a id="23" s="H" t="H" l="H"/>
		<a id="24" s="C" t="C.ar" l="C"/>
		<a id="25" s="H" t="H" l="H"/>
		<a id="26" s="C" t="C.ar" l="C"/>
		<a id="27" s="C" t="C.3" l="C"/>
		<a id="28" s="H" t="H" l="H"/>
		<a id="29" s="H" t="H" l="H"/>
		<a id="30" s="C" t="C.3" l="C"/>
		<a id="31" s="H" t="H" l="H"/>
		<a id="32" s="H" t="H" l="H"/>
		<a id="33" s="C" t="C.3" l="C"/>
		<a id="34" s="H" t="H" l="H"/>
		<a id="35" s="H" t="H" l="H"/>
		<a id="36" s="H" t="H" l="H"/>
	</atoms>
	<bonds>
		<b id="1" c="2 4" t="2"/>
		<b id="2" c="4 5" t="1"/>
		<b id="3" c="4 9" t="1"/>
		<b id="4" c="9 12" t="1"/>
		<b id="5" c="12 13" t="1"/>
		<b id="6" c="13 14" t="ar"/>
		<b id="7" c="14 16" t="ar"/>
		<b id="8" c="16 18" t="ar"/>
		<b id="9" c="18 19" t="1"/>
		<b id="10" c="19 20" t="1"/>
		<b id="11" c="18 24" t="ar"/>
		<b id="12" c="24 26" t="ar"/>
		<b id="13" c="26 27" t="1"/>
		<b id="14" c="27 30" t="1"/>
		<b id="15" c="30 33" t="1"/>
		<b id="16" c="26 13" t="ar"/>
		<b id="17" c="2 1" t="1"/>
		<b id="18" c="2 3" t="1"/>
		<b id="19" c="5 6" t="1"/>
		<b id="20" c="5 7" t="1"/>
		<b id="21" c="5 8" t="1"/>
		<b id="22" c="9 10" t="1"/>
		<b id="23" c="9 11" t="1"/>
		<b id="24" c="14 15" t="1"/>
		<b id="25" c="16 17" t="1"/>
		<b id="26" c="20 21" t="1"/>
		<b id="27" c="20 22" t="1"/>
		<b id="28" c="20 23" t="1"/>
		<b id="29" c="24 25" t="1"/>
		<b id="30" c="27 28" t="1"/>
		<b id="31" c="27 29" t="1"/>
		<b id="32" c="30 31" t="1"/>
		<b id="33" c="30 32" t="1"/>
		<b id="34" c="33 34" t="1"/>
		<b id="35" c="33 35" t="1"/>
		<b id="36" c="33 36" t="1"/>
	</bonds>
	<geometry>
		<g u="A" t="cart/3d">#36,3:-2.1730,0.1728,2.1283;-2.9409,-0.5745,1.9471;-3.5340,-0.8792,2.8036;-3.1485,-1.0884,0.7221;-4.2220,-2.1140,0.4850;-4.9456,-1.7437,-0.2486;-3.7827,-3.0415,0.1037;-4.7711,-2.3574,1.4007;-2.3607,-0.7025,-0.5149;-3.0494,-0.2149,-1.2155;-1.9767,-1.5893,-1.0349;-1.3301,0.2513,-0.2448;-0.0444,-0.2187,-0.1840;0.2953,-1.4886,0.2906;-0.4656,-2.1797,0.6402;1.6343,-1.8913,0.3583;1.8472,-2.8863,0.7338;2.6483,-1.0211,-0.0339;3.9898,-1.2857,-0.0144;4.3846,-2.5724,0.4438;3.9837,-3.3616,-0.2009;4.0917,-2.7267,1.4875;5.4765,-2.6246,0.3936;2.3106,0.2562,-0.4873;3.1081,0.9372,-0.7780;0.9704,0.6727,-0.5661;0.6595,2.0752,-1.0364;-0.2458,2.0667,-1.6562;1.4628,2.4239,-1.6985;0.4977,3.0437,0.1363;1.4143,3.0621,0.7384;-0.3091,2.7088,0.7992;0.1902,4.4524,-0.3462;-0.7411,4.4752,-0.9211;0.0795,5.1294,0.5067;0.9961,4.8345,-0.9808;</g>
	</geometry>
	<conformers/>
	<properties/>
</molecule>
