<?xml version="1.0" ?>
<!--MOLLI PACKAGE EXPERIMENTAL XML FORMAT-->
<molecule name="react_154">
	<atoms>
		<a id="1" s="H" t="H" l="H"/>
		<a id="2" s="C" t="C.2" l="C"/>
		<a id="3" s="H" t="H" l="H"/>
		<a id="4" s="C" t="C.2" l="C"/>
		<a id="5" s="C" t="C.ar" l="C"/>
		<a id="6" s="C" t="C.ar" l="C"/>
		<a id="7" s="H" t="H" l="H"/>
		<a id="8" s="C" t="C.ar" l="C"/>
		<a id="9" s="H" t="H" l="H"/>
		<a id="10" s="C" t="C.ar" l="C"/>
		<a id="11" s="C" t="C.ar" l="C"/>
		<a id="12" s="H" t="H" l="H"/>
		<a id="13" s="C" t="C.ar" l="C"/>
		<a id="14" s="O" t="O.3" l="O"/>
		<a id="15" s="C" t="C.3" l="C"/>
		<a id="16" s="H" t="H" l="H"/>
		<a id="17" s="H" t="H" l="H"/>
		<a id="18" s="H" t="H" l="H"/>
		<a id="19" s="C" t="C.ar" l="C"/>
		<a id="20" s="H" t="H" l="H"/>
		<a id="21" s="C" t="C.ar" l="C"/>
		<a id="22" s="H" t="H" l="H"/>
		<a id="23" s="C" t="C.ar" l="C"/>
		<a id="24" s="C" t="C.ar" l="C"/>
		<a id="25" s="H" t="H" l="H"/>
		<a id="26" s="C" t="C.3" l="C"/>
		<a id="27" s="H" t="H" l="H"/>
		<a id="28" s="H" t="H" l="H"/>
		<a id="29" s="H" t="H" l="H"/>
	</atoms>
	<bonds>
		<b id="1" c="2 4" t="2"/>
		<b id="2" c="4 26" t="1"/>
		<b id="3" c="4 5" t="1"/>
		<b id="4" c="5 6" t="ar"/>
		<b id="5" c="6 8" t="ar"/>
		<b id="6" c="8 10" t="ar"/>
		<b id="7" c="10 11" t="ar"/>
		<b id="8" c="11 13" t="ar"/>
		<b id="9" c="13 14" t="1"/>
		<b id="10" c="14 15" t="1"/>
		<b id="11" c="13 19" t="ar"/>
		<b id="12" c="19 21" t="ar"/>
		<b id="13" c="21 23" t="ar"/>
		<b id="14" c="23 24" t="ar"/>
		<b id="15" c="24 5" t="ar"/>
		<b id="16" c="23 10" t="ar"/>
		<b id="17" c="2 1" t="1"/>
		<b id="18" c="2 3" t="1"/>
		<b id="19" c="26 27" t="1"/>
		<b id="20" c="26 28" t="1"/>
		<b id="21" c="26 29" t="1"/>
		<b id="22" c="6 7" t="1"/>
		<b id="23" c="8 9" t="1"/>
		<b id="24" c="11 12" t="1"/>
		<b id="25" c="15 16" t="1"/>
		<b id="26" c="15 17" t="1"/>
		<b id="27" c="15 18" t="1"/>
		<b id="28" c="19 20" t="1"/>
		<b id="29" c="21 22" t="1"/>
		<b id="30" c="24 25" t="1"/>
	</bonds>
	<geometry>
		<g u="A" t="cart/3d">#29,3:-4.8504,-0.1409,-2.5360;-3.9733,0.1633,-1.9729;-4.0613,1.0795,-1.3967;-2.8515,-0.5764,-1.9769;-1.6662,-0.1537,-1.1988;-1.1973,1.1640,-1.2664;-1.7006,1.8957,-1.8945;-0.0668,1.5614,-0.5456;0.2675,2.5934,-0.6253;0.6281,0.6490,0.2613;1.7675,1.0353,0.9929;2.1029,2.0648,0.9208;2.4495,0.1161,1.7924;3.5625,0.3719,2.5454;4.0725,1.6986,2.5120;3.3410,2.4128,2.9043;4.3922,1.9734,1.5013;4.9532,1.7346,3.1605;1.9905,-1.1988,1.8620;2.5159,-1.9205,2.4827;0.8624,-1.5983,1.1425;0.5301,-2.6309,1.2186;0.1699,-0.6842,0.3360;-0.9685,-1.0682,-0.3965;-1.3206,-2.0948,-0.3226;-2.7552,-1.8602,-2.7530;-2.7352,-2.7262,-2.0839;-3.6083,-1.9889,-3.4286;-1.8502,-1.8718,-3.3702;</g>
	</geometry>
	<conformers/>
	<properties/>
</molecule>
