<?xml version="1.0" ?>
<!--MOLLI PACKAGE EXPERIMENTAL XML FORMAT-->
<molecule name="react_81">
	<atoms>
		<a id="1" s="H" t="H" l="H"/>
		<a id="2" s="C" t="C.2" l="C"/>
		<a id="3" s="H" t="H" l="H"/>
		<a id="4" s="C" t="C.2" l="C"/>
		<a id="5" s="H" t="H" l="H"/>
		<a id="6" s="C" t="C.3" l="C"/>
		<a id="7" s="C" t="C.3" l="C"/>
		<a id="8" s="H" t="H" l="H"/>
		<a id="9" s="H" t="H" l="H"/>
		<a id="10" s="H" t="H" l="H"/>
		<a id="11" s="C" t="C.3" l="C"/>
		<a id="12" s="H" t="H" l="H"/>
		<a id="13" s="H" t="H" l="H"/>
		<a id="14" s="H" t="H" l="H"/>
		<a id="15" s="C" t="C.3" l="C"/>
		<a id="16" s="H" t="H" l="H"/>
		<a id="17" s="H" t="H" l="H"/>
		<a id="18" s="H" t="H" l="H"/>
	</atoms>
	<bonds>
		<b id="1" c="2 4" t="2"/>
		<b id="2" c="4 6" t="1"/>
		<b id="3" c="6 7" t="1"/>
		<b id="4" c="6 11" t="1"/>
		<b id="5" c="6 15" t="1"/>
		<b id="6" c="2 1" t="1"/>
		<b id="7" c="2 3" t="1"/>
		<b id="8" c="4 5" t="1"/>
		<b id="9" c="7 8" t="1"/>
		<b id="10" c="7 9" t="1"/>
		<b id="11" c="7 10" t="1"/>
		<b id="12" c="11 12" t="1"/>
		<b id="13" c="11 13" t="1"/>
		<b id="14" c="11 14" t="1"/>
		<b id="15" c="15 16" t="1"/>
		<b id="16" c="15 17" t="1"/>
		<b id="17" c="15 18" t="1"/>
	</bonds>
	<geometry>
		<g u="A" t="cart/3d">#18,3:3.1217,-0.2375,-1.0770;2.1856,0.2214,-0.7720;2.1376,1.3042,-0.8053;1.1550,-0.5391,-0.3776;1.3076,-1.6194,-0.3809;-0.2215,-0.0774,0.0808;-0.4509,-0.5912,1.5132;0.2854,-0.1712,2.2087;-1.4472,-0.3154,1.8779;-0.3722,-1.6836,1.5668;-0.4048,1.4515,0.0740;-1.4105,1.7284,0.4117;0.3102,1.9452,0.7423;-0.2732,1.8678,-0.9315;-1.2752,-0.7005,-0.8518;-1.2155,-1.7954,-0.8526;-1.1417,-0.3605,-1.8857;-2.2902,-0.4273,-0.5409;</g>
	</geometry>
	<conformers/>
	<properties/>
</molecule>
