<?xml version="1.0" ?>
<!--MOLLI PACKAGE EXPERIMENTAL XML FORMAT-->
<molecule name="react_155">
	<atoms>
		<a id="1" s="H" t="H" l="H"/>
		<a id="2" s="C" t="C.2" l="C"/>
		<a id="3" s="H" t="H" l="H"/>
		<a id="4" s="C" t="C.2" l="C"/>
		<a id="5" s="C" t="C.1" l="C"/>
		<a id="6" s="C" t="C.1" l="C"/>
		<a id="7" s="C" t="C.ar" l="C"/>
		<a id="8" s="C" t="C.ar" l="C"/>
		<a id="9" s="C" t="C.3" l="C"/>
		<a id="10" s="H" t="H" l="H"/>
		<a id="11" s="H" t="H" l="H"/>
		<a id="12" s="H" t="H" l="H"/>
		<a id="13" s="C" t="C.ar" l="C"/>
		<a id="14" s="C" t="C.3" l="C"/>
		<a id="15" s="H" t="H" l="H"/>
		<a id="16" s="H" t="H" l="H"/>
		<a id="17" s="H" t="H" l="H"/>
		<a id="18" s="C" t="C.ar" l="C"/>
		<a id="19" s="H" t="H" l="H"/>
		<a id="20" s="C" t="C.ar" l="C"/>
		<a id="21" s="C" t="C.3" l="C"/>
		<a id="22" s="H" t="H" l="H"/>
		<a id="23" s="H" t="H" l="H"/>
		<a id="24" s="H" t="H" l="H"/>
		<a id="25" s="C" t="C.ar" l="C"/>
		<a id="26" s="C" t="C.3" l="C"/>
		<a id="27" s="H" t="H" l="H"/>
		<a id="28" s="H" t="H" l="H"/>
		<a id="29" s="H" t="H" l="H"/>
		<a id="30" s="C" t="C.3" l="C"/>
		<a id="31" s="H" t="H" l="H"/>
		<a id="32" s="H" t="H" l="H"/>
		<a id="33" s="H" t="H" l="H"/>
	</atoms>
	<bonds>
		<b id="1" c="2 4" t="2"/>
		<b id="2" c="4 30" t="1"/>
		<b id="3" c="4 5" t="1"/>
		<b id="4" c="5 6" t="3"/>
		<b id="5" c="6 7" t="1"/>
		<b id="6" c="7 8" t="ar"/>
		<b id="7" c="8 9" t="1"/>
		<b id="8" c="8 13" t="ar"/>
		<b id="9" c="13 14" t="1"/>
		<b id="10" c="13 18" t="ar"/>
		<b id="11" c="18 20" t="ar"/>
		<b id="12" c="20 21" t="1"/>
		<b id="13" c="20 25" t="ar"/>
		<b id="14" c="25 26" t="1"/>
		<b id="15" c="25 7" t="ar"/>
		<b id="16" c="2 1" t="1"/>
		<b id="17" c="2 3" t="1"/>
		<b id="18" c="30 31" t="1"/>
		<b id="19" c="30 32" t="1"/>
		<b id="20" c="30 33" t="1"/>
		<b id="21" c="9 10" t="1"/>
		<b id="22" c="9 11" t="1"/>
		<b id="23" c="9 12" t="1"/>
		<b id="24" c="14 15" t="1"/>
		<b id="25" c="14 16" t="1"/>
		<b id="26" c="14 17" t="1"/>
		<b id="27" c="18 19" t="1"/>
		<b id="28" c="21 22" t="1"/>
		<b id="29" c="21 23" t="1"/>
		<b id="30" c="21 24" t="1"/>
		<b id="31" c="26 27" t="1"/>
		<b id="32" c="26 28" t="1"/>
		<b id="33" c="26 29" t="1"/>
	</bonds>
	<geometry>
		<g u="A" t="cart/3d">#33,3:4.0203,1.9327,-0.8289;4.5191,1.1273,-0.2962;5.6008,1.1785,-0.2280;3.8293,0.1149,0.2511;2.4082,0.0998,0.1294;1.2108,0.0820,0.0300;-0.2249,0.0594,-0.0845;-0.8641,-1.1014,-0.5863;-0.0356,-2.2925,-1.0089;0.3590,-2.8047,-0.1252;0.7950,-1.9806,-1.6511;-0.6057,-3.0192,-1.5933;-2.2721,-1.1387,-0.6397;-3.0252,-2.3439,-1.1360;-2.8238,-2.5049,-2.1999;-4.1074,-2.2203,-1.0203;-2.7407,-3.2342,-0.5657;-3.0053,-0.0172,-0.2227;-4.0933,-0.0495,-0.2709;-2.3798,1.1417,0.2618;-3.2442,2.2947,0.6971;-3.0114,2.5797,1.7284;-4.3081,2.0357,0.6678;-3.0949,3.1519,0.0327;-0.9725,1.1932,0.3201;-0.2581,2.4146,0.8508;0.1171,2.2181,1.8604;0.5773,2.6911,0.1987;-0.9030,3.2960,0.8958;4.5042,-1.0054,0.9885;4.2882,-1.9649,0.5059;4.1487,-1.0505,2.0237;5.5924,-0.8836,1.0153;</g>
	</geometry>
	<conformers/>
	<properties/>
</molecule>
