<?xml version="1.0" ?>
<!--MOLLI PACKAGE EXPERIMENTAL XML FORMAT-->
<molecule name="react_156">
	<atoms>
		<a id="1" s="H" t="H" l="H"/>
		<a id="2" s="C" t="C.2" l="C"/>
		<a id="3" s="H" t="H" l="H"/>
		<a id="4" s="C" t="C.2" l="C"/>
		<a id="5" s="C" t="C.ar" l="C"/>
		<a id="6" s="C" t="C.ar" l="C"/>
		<a id="7" s="C" t="C.ar" l="C"/>
		<a id="8" s="C" t="C.3" l="C"/>
		<a id="9" s="H" t="H" l="H"/>
		<a id="10" s="H" t="H" l="H"/>
		<a id="11" s="H" t="H" l="H"/>
		<a id="12" s="C" t="C.ar" l="C"/>
		<a id="13" s="C" t="C.3" l="C"/>
		<a id="14" s="H" t="H" l="H"/>
		<a id="15" s="H" t="H" l="H"/>
		<a id="16" s="H" t="H" l="H"/>
		<a id="17" s="C" t="C.ar" l="C"/>
		<a id="18" s="O" t="O.3" l="O"/>
		<a id="19" s="C" t="C.3" l="C"/>
		<a id="20" s="H" t="H" l="H"/>
		<a id="21" s="H" t="H" l="H"/>
		<a id="22" s="H" t="H" l="H"/>
		<a id="23" s="C" t="C.ar" l="C"/>
		<a id="24" s="C" t="C.3" l="C"/>
		<a id="25" s="H" t="H" l="H"/>
		<a id="26" s="H" t="H" l="H"/>
		<a id="27" s="H" t="H" l="H"/>
		<a id="28" s="O" t="O.3" l="O"/>
		<a id="29" s="C" t="C.3" l="C"/>
		<a id="30" s="C" t="C.3" l="C"/>
		<a id="31" s="H" t="H" l="H"/>
		<a id="32" s="H" t="H" l="H"/>
		<a id="33" s="H" t="H" l="H"/>
		<a id="34" s="C" t="C.3" l="C"/>
		<a id="35" s="H" t="H" l="H"/>
		<a id="36" s="H" t="H" l="H"/>
		<a id="37" s="H" t="H" l="H"/>
	</atoms>
	<bonds>
		<b id="1" c="2 4" t="2"/>
		<b id="2" c="4 5" t="1"/>
		<b id="3" c="5 23" t="ar"/>
		<b id="4" c="23 24" t="1"/>
		<b id="5" c="23 17" t="ar"/>
		<b id="6" c="17 18" t="1"/>
		<b id="7" c="18 19" t="1"/>
		<b id="8" c="17 12" t="ar"/>
		<b id="9" c="12 13" t="1"/>
		<b id="10" c="12 7" t="ar"/>
		<b id="11" c="7 8" t="1"/>
		<b id="12" c="7 6" t="ar"/>
		<b id="13" c="6 28" t="1"/>
		<b id="14" c="28 29" t="1"/>
		<b id="15" c="29 30" t="1"/>
		<b id="16" c="29 34" t="1"/>
		<b id="17" c="29 4" t="1"/>
		<b id="18" c="6 5" t="ar"/>
		<b id="19" c="2 1" t="1"/>
		<b id="20" c="2 3" t="1"/>
		<b id="21" c="24 25" t="1"/>
		<b id="22" c="24 26" t="1"/>
		<b id="23" c="24 27" t="1"/>
		<b id="24" c="19 20" t="1"/>
		<b id="25" c="19 21" t="1"/>
		<b id="26" c="19 22" t="1"/>
		<b id="27" c="13 14" t="1"/>
		<b id="28" c="13 15" t="1"/>
		<b id="29" c="13 16" t="1"/>
		<b id="30" c="8 9" t="1"/>
		<b id="31" c="8 10" t="1"/>
		<b id="32" c="8 11" t="1"/>
		<b id="33" c="30 31" t="1"/>
		<b id="34" c="30 32" t="1"/>
		<b id="35" c="30 33" t="1"/>
		<b id="36" c="34 35" t="1"/>
		<b id="37" c="34 36" t="1"/>
		<b id="38" c="34 37" t="1"/>
	</bonds>
	<geometry>
		<g u="A" t="cart/3d">#37,3:-2.3604,2.2322,1.4740;-2.7495,1.4779,0.8042;-3.8307,1.4481,0.7056;-1.9757,0.6147,0.1304;-0.5222,0.4793,0.1345;-0.2281,-0.6292,-0.6609;1.0687,-1.0872,-0.8956;1.3050,-2.2748,-1.7852;2.0796,-2.9265,-1.3681;0.4082,-2.8937,-1.8904;1.6109,-1.9411,-2.7816;2.1291,-0.3665,-0.3135;3.5594,-0.7747,-0.5591;4.2601,0.0433,-0.3653;3.8229,-1.6190,0.0853;3.7113,-1.0589,-1.6055;1.8304,0.7291,0.5331;2.8744,1.3965,1.1359;3.1472,0.8195,2.4154;2.2820,0.8979,3.0825;3.9720,1.3807,2.8645;3.4599,-0.2261,2.3242;0.5132,1.2016,0.7316;0.2591,2.4342,1.5489;1.1789,2.9646,1.8130;-0.3445,3.1494,0.9811;-0.2464,2.1715,2.4831;-1.3223,-1.2487,-1.2200;-2.4757,-0.4849,-0.7921;-3.1378,0.0804,-2.0535;-2.4544,0.7472,-2.5927;-4.0512,0.6381,-1.8215;-3.3940,-0.7258,-2.7507;-3.4186,-1.4635,-0.0832;-3.6662,-2.3061,-0.7393;-4.3532,-0.9841,0.2261;-2.9416,-1.8953,0.8047;</g>
	</geometry>
	<conformers/>
	<properties/>
</molecule>
