<?xml version="1.0" ?>
<!--MOLLI PACKAGE EXPERIMENTAL XML FORMAT-->
<molecule name="react_157">
	<atoms>
		<a id="1" s="H" t="H" l="H"/>
		<a id="2" s="C" t="C.2" l="C"/>
		<a id="3" s="H" t="H" l="H"/>
		<a id="4" s="C" t="C.2" l="C"/>
		<a id="5" s="C" t="C.3" l="C"/>
		<a id="6" s="H" t="H" l="H"/>
		<a id="7" s="H" t="H" l="H"/>
		<a id="8" s="H" t="H" l="H"/>
		<a id="9" s="C" t="C.3" l="C"/>
		<a id="10" s="H" t="H" l="H"/>
		<a id="11" s="H" t="H" l="H"/>
		<a id="12" s="O" t="O.3" l="O"/>
		<a id="13" s="C" t="C.ar" l="C"/>
		<a id="14" s="C" t="C.ar" l="C"/>
		<a id="15" s="H" t="H" l="H"/>
		<a id="16" s="C" t="C.ar" l="C"/>
		<a id="17" s="H" t="H" l="H"/>
		<a id="18" s="C" t="C.ar" l="C"/>
		<a id="19" s="O" t="O.3" l="O"/>
		<a id="20" s="C" t="C.3" l="C"/>
		<a id="21" s="H" t="H" l="H"/>
		<a id="22" s="H" t="H" l="H"/>
		<a id="23" s="H" t="H" l="H"/>
		<a id="24" s="C" t="C.ar" l="C"/>
		<a id="25" s="H" t="H" l="H"/>
		<a id="26" s="C" t="C.ar" l="C"/>
		<a id="27" s="C" t="C.3" l="C"/>
		<a id="28" s="C" t="C.3" l="C"/>
		<a id="29" s="H" t="H" l="H"/>
		<a id="30" s="H" t="H" l="H"/>
		<a id="31" s="H" t="H" l="H"/>
		<a id="32" s="C" t="C.3" l="C"/>
		<a id="33" s="H" t="H" l="H"/>
		<a id="34" s="H" t="H" l="H"/>
		<a id="35" s="H" t="H" l="H"/>
		<a id="36" s="C" t="C.3" l="C"/>
		<a id="37" s="H" t="H" l="H"/>
		<a id="38" s="H" t="H" l="H"/>
		<a id="39" s="H" t="H" l="H"/>
	</atoms>
	<bonds>
		<b id="1" c="2 4" t="2"/>
		<b id="2" c="4 5" t="1"/>
		<b id="3" c="4 9" t="1"/>
		<b id="4" c="9 12" t="1"/>
		<b id="5" c="12 13" t="1"/>
		<b id="6" c="13 14" t="ar"/>
		<b id="7" c="14 16" t="ar"/>
		<b id="8" c="16 18" t="ar"/>
		<b id="9" c="18 19" t="1"/>
		<b id="10" c="19 20" t="1"/>
		<b id="11" c="18 24" t="ar"/>
		<b id="12" c="24 26" t="ar"/>
		<b id="13" c="26 27" t="1"/>
		<b id="14" c="27 28" t="1"/>
		<b id="15" c="27 32" t="1"/>
		<b id="16" c="27 36" t="1"/>
		<b id="17" c="26 13" t="ar"/>
		<b id="18" c="2 1" t="1"/>
		<b id="19" c="2 3" t="1"/>
		<b id="20" c="5 6" t="1"/>
		<b id="21" c="5 7" t="1"/>
		<b id="22" c="5 8" t="1"/>
		<b id="23" c="9 10" t="1"/>
		<b id="24" c="9 11" t="1"/>
		<b id="25" c="14 15" t="1"/>
		<b id="26" c="16 17" t="1"/>
		<b id="27" c="20 21" t="1"/>
		<b id="28" c="20 22" t="1"/>
		<b id="29" c="20 23" t="1"/>
		<b id="30" c="24 25" t="1"/>
		<b id="31" c="28 29" t="1"/>
		<b id="32" c="28 30" t="1"/>
		<b id="33" c="28 31" t="1"/>
		<b id="34" c="32 33" t="1"/>
		<b id="35" c="32 34" t="1"/>
		<b id="36" c="32 35" t="1"/>
		<b id="37" c="36 37" t="1"/>
		<b id="38" c="36 38" t="1"/>
		<b id="39" c="36 39" t="1"/>
	</bonds>
	<geometry>
		<g u="A" t="cart/3d">#39,3:4.6481,1.0689,1.3449;3.7316,0.6185,0.9765;2.9699,0.3896,1.7171;3.5489,0.3488,-0.3280;4.6159,0.6615,-1.3400;4.9317,-0.2524,-1.8535;4.2360,1.3671,-2.0860;5.5036,1.1089,-0.8803;2.2975,-0.2833,-0.9056;1.9058,0.3175,-1.7366;2.5722,-1.2562,-1.3305;1.3062,-0.5468,0.0950;0.1599,0.2003,0.0036;0.2356,1.5921,-0.1570;1.1994,2.0904,-0.2149;-0.9191,2.3710,-0.2198;-0.8087,3.4417,-0.3485;-2.1618,1.7644,-0.1048;-3.3736,2.3983,-0.1501;-3.3560,3.8077,-0.3369;-4.3934,4.1556,-0.3544;-2.8997,4.0734,-1.2962;-2.8506,4.3098,0.4947;-2.2342,0.3777,0.0874;-3.2319,-0.0420,0.1852;-1.0868,-0.4436,0.1612;-1.2151,-1.9662,0.4001;-2.6808,-2.4515,0.5503;-3.1798,-1.9742,1.4020;-3.2687,-2.2494,-0.3527;-2.7241,-3.5341,0.7220;-0.6238,-2.7524,-0.7906;0.4562,-2.6199,-0.8925;-0.7941,-3.8296,-0.6756;-1.0851,-2.4418,-1.7355;-0.4949,-2.3715,1.7058;0.5875,-2.2230,1.6599;-0.8706,-1.7924,2.5577;-0.6531,-3.4332,1.9300;</g>
	</geometry>
	<conformers/>
	<properties/>
</molecule>
