<?xml version="1.0" ?>
<!--MOLLI PACKAGE EXPERIMENTAL XML FORMAT-->
<molecule name="react_158">
	<atoms>
		<a id="1" s="H" t="H" l="H"/>
		<a id="2" s="C" t="C.2" l="C"/>
		<a id="3" s="H" t="H" l="H"/>
		<a id="4" s="C" t="C.2" l="C"/>
		<a id="5" s="C" t="C.3" l="C"/>
		<a id="6" s="H" t="H" l="H"/>
		<a id="7" s="H" t="H" l="H"/>
		<a id="8" s="H" t="H" l="H"/>
		<a id="9" s="C" t="C.3" l="C"/>
		<a id="10" s="H" t="H" l="H"/>
		<a id="11" s="H" t="H" l="H"/>
		<a id="12" s="C" t="C.3" l="C"/>
		<a id="13" s="H" t="H" l="H"/>
		<a id="14" s="H" t="H" l="H"/>
		<a id="15" s="O" t="O.3" l="O"/>
		<a id="16" s="C" t="C.ar" l="C"/>
		<a id="17" s="C" t="C.ar" l="C"/>
		<a id="18" s="H" t="H" l="H"/>
		<a id="19" s="C" t="C.ar" l="C"/>
		<a id="20" s="H" t="H" l="H"/>
		<a id="21" s="C" t="C.ar" l="C"/>
		<a id="22" s="O" t="O.3" l="O"/>
		<a id="23" s="C" t="C.3" l="C"/>
		<a id="24" s="H" t="H" l="H"/>
		<a id="25" s="H" t="H" l="H"/>
		<a id="26" s="H" t="H" l="H"/>
		<a id="27" s="C" t="C.ar" l="C"/>
		<a id="28" s="H" t="H" l="H"/>
		<a id="29" s="C" t="C.ar" l="C"/>
		<a id="30" s="C" t="C.3" l="C"/>
		<a id="31" s="H" t="H" l="H"/>
		<a id="32" s="H" t="H" l="H"/>
		<a id="33" s="C" t="C.3" l="C"/>
		<a id="34" s="H" t="H" l="H"/>
		<a id="35" s="H" t="H" l="H"/>
		<a id="36" s="C" t="C.3" l="C"/>
		<a id="37" s="H" t="H" l="H"/>
		<a id="38" s="H" t="H" l="H"/>
		<a id="39" s="H" t="H" l="H"/>
	</atoms>
	<bonds>
		<b id="1" c="2 4" t="2"/>
		<b id="2" c="4 5" t="1"/>
		<b id="3" c="4 9" t="1"/>
		<b id="4" c="9 12" t="1"/>
		<b id="5" c="12 15" t="1"/>
		<b id="6" c="15 16" t="1"/>
		<b id="7" c="16 17" t="ar"/>
		<b id="8" c="17 19" t="ar"/>
		<b id="9" c="19 21" t="ar"/>
		<b id="10" c="21 22" t="1"/>
		<b id="11" c="22 23" t="1"/>
		<b id="12" c="21 27" t="ar"/>
		<b id="13" c="27 29" t="ar"/>
		<b id="14" c="29 30" t="1"/>
		<b id="15" c="30 33" t="1"/>
		<b id="16" c="33 36" t="1"/>
		<b id="17" c="29 16" t="ar"/>
		<b id="18" c="2 1" t="1"/>
		<b id="19" c="2 3" t="1"/>
		<b id="20" c="5 6" t="1"/>
		<b id="21" c="5 7" t="1"/>
		<b id="22" c="5 8" t="1"/>
		<b id="23" c="9 10" t="1"/>
		<b id="24" c="9 11" t="1"/>
		<b id="25" c="12 13" t="1"/>
		<b id="26" c="12 14" t="1"/>
		<b id="27" c="17 18" t="1"/>
		<b id="28" c="19 20" t="1"/>
		<b id="29" c="23 24" t="1"/>
		<b id="30" c="23 25" t="1"/>
		<b id="31" c="23 26" t="1"/>
		<b id="32" c="27 28" t="1"/>
		<b id="33" c="30 31" t="1"/>
		<b id="34" c="30 32" t="1"/>
		<b id="35" c="33 34" t="1"/>
		<b id="36" c="33 35" t="1"/>
		<b id="37" c="36 37" t="1"/>
		<b id="38" c="36 38" t="1"/>
		<b id="39" c="36 39" t="1"/>
	</bonds>
	<geometry>
		<g u="A" t="cart/3d">#39,3:4.0842,-0.8442,2.2485;4.6071,-0.8532,1.2983;5.6313,-1.2166,1.3243;4.0444,-0.4402,0.1503;4.8251,-0.4711,-1.1383;5.8419,-0.8528,-0.9979;4.9033,0.5369,-1.5586;4.3257,-1.1159,-1.8688;2.6284,0.0844,0.0097;2.6720,1.0957,-0.4167;2.1114,-0.5237,-0.7428;1.7692,0.1448,1.2784;2.2371,0.8363,1.9896;1.6967,-0.8163,1.7996;0.4815,0.6945,0.9906;-0.5331,-0.1346,0.5954;-0.4042,-1.5038,0.3477;0.5442,-2.0189,0.4563;-1.5049,-2.2657,-0.0670;-1.3504,-3.3243,-0.2467;-2.7484,-1.6663,-0.2438;-3.8955,-2.2913,-0.6468;-3.8117,-3.6877,-0.9011;-4.8045,-4.0320,-1.2065;-3.5323,-4.2379,0.0036;-3.1190,-3.8984,-1.7225;-2.8808,-0.2983,-0.0018;-3.8528,0.1685,-0.1479;-1.7870,0.4776,0.4214;-1.9856,1.9599,0.6499;-1.4055,2.2825,1.5234;-3.0347,2.1509,0.9111;-1.6019,2.7802,-0.5829;-0.5524,2.6040,-0.8472;-2.2022,2.4661,-1.4455;-1.8103,4.2676,-0.3461;-2.8585,4.4855,-0.1178;-1.5319,4.8362,-1.2390;-1.1955,4.6217,0.4875;</g>
	</geometry>
	<conformers/>
	<properties/>
</molecule>
