<?xml version="1.0" ?>
<!--MOLLI PACKAGE EXPERIMENTAL XML FORMAT-->
<molecule name="react_159">
	<atoms>
		<a id="1" s="H" t="H" l="H"/>
		<a id="2" s="C" t="C.2" l="C"/>
		<a id="3" s="H" t="H" l="H"/>
		<a id="4" s="C" t="C.2" l="C"/>
		<a id="5" s="C" t="C.ar" l="C"/>
		<a id="6" s="C" t="C.ar" l="C"/>
		<a id="7" s="H" t="H" l="H"/>
		<a id="8" s="C" t="C.ar" l="C"/>
		<a id="9" s="H" t="H" l="H"/>
		<a id="10" s="C" t="C.ar" l="C"/>
		<a id="11" s="H" t="H" l="H"/>
		<a id="12" s="C" t="C.ar" l="C"/>
		<a id="13" s="H" t="H" l="H"/>
		<a id="14" s="C" t="C.ar" l="C"/>
		<a id="15" s="H" t="H" l="H"/>
		<a id="16" s="C" t="C.3" l="C"/>
		<a id="17" s="H" t="H" l="H"/>
		<a id="18" s="H" t="H" l="H"/>
		<a id="19" s="O" t="O.3" l="O"/>
		<a id="20" s="C" t="C.2" l="C"/>
		<a id="21" s="O" t="O.2" l="O"/>
		<a id="22" s="C" t="C.ar" l="C"/>
		<a id="23" s="C" t="C.ar" l="C"/>
		<a id="24" s="H" t="H" l="H"/>
		<a id="25" s="C" t="C.ar" l="C"/>
		<a id="26" s="H" t="H" l="H"/>
		<a id="27" s="C" t="C.ar" l="C"/>
		<a id="28" s="H" t="H" l="H"/>
		<a id="29" s="C" t="C.ar" l="C"/>
		<a id="30" s="H" t="H" l="H"/>
		<a id="31" s="C" t="C.ar" l="C"/>
		<a id="32" s="H" t="H" l="H"/>
	</atoms>
	<bonds>
		<b id="1" c="2 4" t="2"/>
		<b id="2" c="4 16" t="1"/>
		<b id="3" c="16 19" t="1"/>
		<b id="4" c="19 20" t="1"/>
		<b id="5" c="20 21" t="2"/>
		<b id="6" c="20 22" t="1"/>
		<b id="7" c="22 23" t="ar"/>
		<b id="8" c="23 25" t="ar"/>
		<b id="9" c="25 27" t="ar"/>
		<b id="10" c="27 29" t="ar"/>
		<b id="11" c="29 31" t="ar"/>
		<b id="12" c="4 5" t="1"/>
		<b id="13" c="5 6" t="ar"/>
		<b id="14" c="6 8" t="ar"/>
		<b id="15" c="8 10" t="ar"/>
		<b id="16" c="10 12" t="ar"/>
		<b id="17" c="12 14" t="ar"/>
		<b id="18" c="31 22" t="ar"/>
		<b id="19" c="14 5" t="ar"/>
		<b id="20" c="2 1" t="1"/>
		<b id="21" c="2 3" t="1"/>
		<b id="22" c="16 17" t="1"/>
		<b id="23" c="16 18" t="1"/>
		<b id="24" c="23 24" t="1"/>
		<b id="25" c="25 26" t="1"/>
		<b id="26" c="27 28" t="1"/>
		<b id="27" c="29 30" t="1"/>
		<b id="28" c="31 32" t="1"/>
		<b id="29" c="6 7" t="1"/>
		<b id="30" c="8 9" t="1"/>
		<b id="31" c="10 11" t="1"/>
		<b id="32" c="12 13" t="1"/>
		<b id="33" c="14 15" t="1"/>
	</bonds>
	<geometry>
		<g u="A" t="cart/3d">#32,3:-2.4630,0.6278,2.9836;-1.6809,-0.1078,2.8206;-1.0972,-0.3995,3.6890;-1.4356,-0.6359,1.6087;-2.2390,-0.2105,0.4428;-2.8779,-1.1514,-0.3759;-2.8183,-2.2131,-0.1515;-3.6198,-0.7419,-1.4874;-4.1149,-1.4820,-2.1107;-3.7280,0.6124,-1.7954;-4.3051,0.9300,-2.6599;-3.0953,1.5589,-0.9932;-3.1740,2.6161,-1.2322;-2.3549,1.1499,0.1187;-1.8556,1.9026,0.7249;-0.3631,-1.6764,1.3890;-0.8013,-2.6045,1.0062;0.1447,-1.9512,2.3219;0.5678,-1.2060,0.4043;1.6657,-0.5746,0.8818;1.9739,-0.4444,2.0559;2.4862,-0.0522,-0.2442;3.7614,0.4534,0.0437;4.1323,0.4548,1.0669;4.5656,0.9595,-0.9795;5.5543,1.3492,-0.7501;4.0994,0.9667,-2.2935;4.7257,1.3622,-3.0896;2.8293,0.4711,-2.5876;2.4651,0.4824,-3.6121;2.0218,-0.0366,-1.5670;1.0307,-0.4090,-1.8160;</g>
	</geometry>
	<conformers/>
	<properties/>
</molecule>
