<?xml version="1.0" ?>
<!--MOLLI PACKAGE EXPERIMENTAL XML FORMAT-->
<molecule name="react_160">
	<atoms>
		<a id="1" s="H" t="H" l="H"/>
		<a id="2" s="C" t="C.2" l="C"/>
		<a id="3" s="H" t="H" l="H"/>
		<a id="4" s="C" t="C.2" l="C"/>
		<a id="5" s="C" t="C.ar" l="C"/>
		<a id="6" s="C" t="C.ar" l="C"/>
		<a id="7" s="H" t="H" l="H"/>
		<a id="8" s="C" t="C.ar" l="C"/>
		<a id="9" s="H" t="H" l="H"/>
		<a id="10" s="C" t="C.ar" l="C"/>
		<a id="11" s="H" t="H" l="H"/>
		<a id="12" s="C" t="C.ar" l="C"/>
		<a id="13" s="H" t="H" l="H"/>
		<a id="14" s="C" t="C.ar" l="C"/>
		<a id="15" s="H" t="H" l="H"/>
		<a id="16" s="C" t="C.3" l="C"/>
		<a id="17" s="H" t="H" l="H"/>
		<a id="18" s="H" t="H" l="H"/>
		<a id="19" s="O" t="O.3" l="O"/>
		<a id="20" s="C" t="C.3" l="C"/>
		<a id="21" s="H" t="H" l="H"/>
		<a id="22" s="H" t="H" l="H"/>
		<a id="23" s="C" t="C.ar" l="C"/>
		<a id="24" s="C" t="C.ar" l="C"/>
		<a id="25" s="H" t="H" l="H"/>
		<a id="26" s="C" t="C.ar" l="C"/>
		<a id="27" s="H" t="H" l="H"/>
		<a id="28" s="C" t="C.ar" l="C"/>
		<a id="29" s="H" t="H" l="H"/>
		<a id="30" s="C" t="C.ar" l="C"/>
		<a id="31" s="H" t="H" l="H"/>
		<a id="32" s="C" t="C.ar" l="C"/>
		<a id="33" s="H" t="H" l="H"/>
	</atoms>
	<bonds>
		<b id="1" c="2 4" t="2"/>
		<b id="2" c="4 16" t="1"/>
		<b id="3" c="16 19" t="1"/>
		<b id="4" c="19 20" t="1"/>
		<b id="5" c="20 23" t="1"/>
		<b id="6" c="23 24" t="ar"/>
		<b id="7" c="24 26" t="ar"/>
		<b id="8" c="26 28" t="ar"/>
		<b id="9" c="28 30" t="ar"/>
		<b id="10" c="30 32" t="ar"/>
		<b id="11" c="4 5" t="1"/>
		<b id="12" c="5 6" t="ar"/>
		<b id="13" c="6 8" t="ar"/>
		<b id="14" c="8 10" t="ar"/>
		<b id="15" c="10 12" t="ar"/>
		<b id="16" c="12 14" t="ar"/>
		<b id="17" c="32 23" t="ar"/>
		<b id="18" c="14 5" t="ar"/>
		<b id="19" c="2 1" t="1"/>
		<b id="20" c="2 3" t="1"/>
		<b id="21" c="16 17" t="1"/>
		<b id="22" c="16 18" t="1"/>
		<b id="23" c="20 21" t="1"/>
		<b id="24" c="20 22" t="1"/>
		<b id="25" c="24 25" t="1"/>
		<b id="26" c="26 27" t="1"/>
		<b id="27" c="28 29" t="1"/>
		<b id="28" c="30 31" t="1"/>
		<b id="29" c="32 33" t="1"/>
		<b id="30" c="6 7" t="1"/>
		<b id="31" c="8 9" t="1"/>
		<b id="32" c="10 11" t="1"/>
		<b id="33" c="12 13" t="1"/>
		<b id="34" c="14 15" t="1"/>
	</bonds>
	<geometry>
		<g u="A" t="cart/3d">#33,3:-1.5456,-1.6687,2.8128;-0.8260,-1.4236,2.0379;0.2108,-1.6813,2.2330;-1.1798,-0.7921,0.9042;-2.5957,-0.4429,0.6551;-2.9546,0.8439,0.2311;-2.1970,1.6151,0.1108;-4.2905,1.1683,-0.0213;-4.5511,2.1735,-0.3417;-5.2855,0.2077,0.1430;-6.3241,0.4606,-0.0523;-4.9460,-1.0769,0.5603;-5.7191,-1.8299,0.6877;-3.6101,-1.4001,0.8138;-3.3663,-2.4126,1.1268;-0.1673,-0.4389,-0.1576;0.6899,-1.1206,-0.0981;-0.6057,-0.5485,-1.1574;0.2664,0.9070,0.0403;1.2689,1.2996,-0.8966;0.9796,0.9876,-1.9074;1.3080,2.3947,-0.8954;2.6357,0.7825,-0.5182;3.0840,0.8534,0.8089;2.4344,1.2646,1.5800;4.3553,0.3937,1.1545;4.6892,0.4491,2.1872;5.1952,-0.1338,0.1759;6.1858,-0.4908,0.4451;4.7658,-0.1994,-1.1485;5.4235,-0.6065,-1.9120;3.4937,0.2598,-1.4958;3.1780,0.2055,-2.5351;</g>
	</geometry>
	<conformers/>
	<properties/>
</molecule>
