<?xml version="1.0" ?>
<!--MOLLI PACKAGE EXPERIMENTAL XML FORMAT-->
<molecule name="react_161">
	<atoms>
		<a id="1" s="H" t="H" l="H"/>
		<a id="2" s="C" t="C.2" l="C"/>
		<a id="3" s="H" t="H" l="H"/>
		<a id="4" s="C" t="C.2" l="C"/>
		<a id="5" s="C" t="C.3" l="C"/>
		<a id="6" s="H" t="H" l="H"/>
		<a id="7" s="H" t="H" l="H"/>
		<a id="8" s="H" t="H" l="H"/>
		<a id="9" s="C" t="C.3" l="C"/>
		<a id="10" s="H" t="H" l="H"/>
		<a id="11" s="H" t="H" l="H"/>
		<a id="12" s="P" t="P.3" l="P"/>
		<a id="13" s="O" t="O.2" l="O"/>
		<a id="14" s="C" t="C.ar" l="C"/>
		<a id="15" s="C" t="C.ar" l="C"/>
		<a id="16" s="H" t="H" l="H"/>
		<a id="17" s="C" t="C.ar" l="C"/>
		<a id="18" s="H" t="H" l="H"/>
		<a id="19" s="C" t="C.ar" l="C"/>
		<a id="20" s="H" t="H" l="H"/>
		<a id="21" s="C" t="C.ar" l="C"/>
		<a id="22" s="H" t="H" l="H"/>
		<a id="23" s="C" t="C.ar" l="C"/>
		<a id="24" s="H" t="H" l="H"/>
		<a id="25" s="C" t="C.ar" l="C"/>
		<a id="26" s="C" t="C.ar" l="C"/>
		<a id="27" s="H" t="H" l="H"/>
		<a id="28" s="C" t="C.ar" l="C"/>
		<a id="29" s="H" t="H" l="H"/>
		<a id="30" s="C" t="C.ar" l="C"/>
		<a id="31" s="H" t="H" l="H"/>
		<a id="32" s="C" t="C.ar" l="C"/>
		<a id="33" s="H" t="H" l="H"/>
		<a id="34" s="C" t="C.ar" l="C"/>
		<a id="35" s="H" t="H" l="H"/>
	</atoms>
	<bonds>
		<b id="1" c="2 4" t="2"/>
		<b id="2" c="4 5" t="1"/>
		<b id="3" c="4 9" t="1"/>
		<b id="4" c="9 12" t="1"/>
		<b id="5" c="12 13" t="2"/>
		<b id="6" c="12 14" t="1"/>
		<b id="7" c="14 15" t="ar"/>
		<b id="8" c="15 17" t="ar"/>
		<b id="9" c="17 19" t="ar"/>
		<b id="10" c="19 21" t="ar"/>
		<b id="11" c="21 23" t="ar"/>
		<b id="12" c="12 25" t="1"/>
		<b id="13" c="25 26" t="ar"/>
		<b id="14" c="26 28" t="ar"/>
		<b id="15" c="28 30" t="ar"/>
		<b id="16" c="30 32" t="ar"/>
		<b id="17" c="32 34" t="ar"/>
		<b id="18" c="23 14" t="ar"/>
		<b id="19" c="34 25" t="ar"/>
		<b id="20" c="2 1" t="1"/>
		<b id="21" c="2 3" t="1"/>
		<b id="22" c="5 6" t="1"/>
		<b id="23" c="5 7" t="1"/>
		<b id="24" c="5 8" t="1"/>
		<b id="25" c="9 10" t="1"/>
		<b id="26" c="9 11" t="1"/>
		<b id="27" c="15 16" t="1"/>
		<b id="28" c="17 18" t="1"/>
		<b id="29" c="19 20" t="1"/>
		<b id="30" c="21 22" t="1"/>
		<b id="31" c="23 24" t="1"/>
		<b id="32" c="26 27" t="1"/>
		<b id="33" c="28 29" t="1"/>
		<b id="34" c="30 31" t="1"/>
		<b id="35" c="32 33" t="1"/>
		<b id="36" c="34 35" t="1"/>
	</bonds>
	<geometry>
		<g u="A" t="cart/3d">#35,3:4.2228,-0.8521,-1.0190;3.2123,-0.4521,-1.0133;2.5411,-0.8701,-1.7575;2.8456,0.5133,-0.1553;3.8432,1.0728,0.8253;3.5033,0.9005,1.8519;3.9603,2.1507,0.6729;4.8316,0.6130,0.7210;1.4729,1.1424,-0.0725;1.1758,1.2010,0.9810;1.5383,2.1729,-0.4416;0.1136,0.3270,-0.9682;0.3959,0.3836,-2.4582;-0.1166,-1.3456,-0.3662;-0.7424,-2.2786,-1.2074;-1.0593,-1.9754,-2.2046;-0.9569,-3.5908,-0.7855;-1.4406,-4.3020,-1.4502;-0.5474,-3.9877,0.4848;-0.7116,-5.0106,0.8135;0.0772,-3.0739,1.3311;0.4013,-3.3870,2.3205;0.2915,-1.7600,0.9089;0.7852,-1.0699,1.5869;-1.3589,1.2623,-0.5269;-1.9796,2.0681,-1.4923;-1.5736,2.1118,-2.5022;-3.1158,2.8126,-1.1744;-3.5885,3.4310,-1.9332;-3.6447,2.7596,0.1132;-4.5317,3.3374,0.3601;-3.0389,1.9622,1.0823;-3.4561,1.9179,2.0853;-1.9014,1.2174,0.7651;-1.4481,0.5981,1.5344;</g>
	</geometry>
	<conformers/>
	<properties/>
</molecule>
