<?xml version="1.0" ?>
<!--MOLLI PACKAGE EXPERIMENTAL XML FORMAT-->
<molecule name="react_162">
	<atoms>
		<a id="1" s="H" t="H" l="H"/>
		<a id="2" s="C" t="C.2" l="C"/>
		<a id="3" s="H" t="H" l="H"/>
		<a id="4" s="C" t="C.2" l="C"/>
		<a id="5" s="C" t="C.3" l="C"/>
		<a id="6" s="H" t="H" l="H"/>
		<a id="7" s="H" t="H" l="H"/>
		<a id="8" s="H" t="H" l="H"/>
		<a id="9" s="C" t="C.3" l="C"/>
		<a id="10" s="H" t="H" l="H"/>
		<a id="11" s="H" t="H" l="H"/>
		<a id="12" s="C" t="C.3" l="C"/>
		<a id="13" s="H" t="H" l="H"/>
		<a id="14" s="H" t="H" l="H"/>
		<a id="15" s="O" t="O.3" l="O"/>
		<a id="16" s="C" t="C.ar" l="C"/>
		<a id="17" s="C" t="C.ar" l="C"/>
		<a id="18" s="H" t="H" l="H"/>
		<a id="19" s="C" t="C.ar" l="C"/>
		<a id="20" s="H" t="H" l="H"/>
		<a id="21" s="C" t="C.ar" l="C"/>
		<a id="22" s="O" t="O.3" l="O"/>
		<a id="23" s="C" t="C.3" l="C"/>
		<a id="24" s="H" t="H" l="H"/>
		<a id="25" s="H" t="H" l="H"/>
		<a id="26" s="H" t="H" l="H"/>
		<a id="27" s="C" t="C.ar" l="C"/>
		<a id="28" s="H" t="H" l="H"/>
		<a id="29" s="C" t="C.ar" l="C"/>
		<a id="30" s="C" t="C.3" l="C"/>
		<a id="31" s="C" t="C.3" l="C"/>
		<a id="32" s="H" t="H" l="H"/>
		<a id="33" s="H" t="H" l="H"/>
		<a id="34" s="H" t="H" l="H"/>
		<a id="35" s="C" t="C.3" l="C"/>
		<a id="36" s="H" t="H" l="H"/>
		<a id="37" s="H" t="H" l="H"/>
		<a id="38" s="H" t="H" l="H"/>
		<a id="39" s="C" t="C.3" l="C"/>
		<a id="40" s="H" t="H" l="H"/>
		<a id="41" s="H" t="H" l="H"/>
		<a id="42" s="H" t="H" l="H"/>
	</atoms>
	<bonds>
		<b id="1" c="2 4" t="2"/>
		<b id="2" c="4 5" t="1"/>
		<b id="3" c="4 9" t="1"/>
		<b id="4" c="9 12" t="1"/>
		<b id="5" c="12 15" t="1"/>
		<b id="6" c="15 16" t="1"/>
		<b id="7" c="16 17" t="ar"/>
		<b id="8" c="17 19" t="ar"/>
		<b id="9" c="19 21" t="ar"/>
		<b id="10" c="21 22" t="1"/>
		<b id="11" c="22 23" t="1"/>
		<b id="12" c="21 27" t="ar"/>
		<b id="13" c="27 29" t="ar"/>
		<b id="14" c="29 30" t="1"/>
		<b id="15" c="30 31" t="1"/>
		<b id="16" c="30 35" t="1"/>
		<b id="17" c="30 39" t="1"/>
		<b id="18" c="29 16" t="ar"/>
		<b id="19" c="2 1" t="1"/>
		<b id="20" c="2 3" t="1"/>
		<b id="21" c="5 6" t="1"/>
		<b id="22" c="5 7" t="1"/>
		<b id="23" c="5 8" t="1"/>
		<b id="24" c="9 10" t="1"/>
		<b id="25" c="9 11" t="1"/>
		<b id="26" c="12 13" t="1"/>
		<b id="27" c="12 14" t="1"/>
		<b id="28" c="17 18" t="1"/>
		<b id="29" c="19 20" t="1"/>
		<b id="30" c="23 24" t="1"/>
		<b id="31" c="23 25" t="1"/>
		<b id="32" c="23 26" t="1"/>
		<b id="33" c="27 28" t="1"/>
		<b id="34" c="31 32" t="1"/>
		<b id="35" c="31 33" t="1"/>
		<b id="36" c="31 34" t="1"/>
		<b id="37" c="35 36" t="1"/>
		<b id="38" c="35 37" t="1"/>
		<b id="39" c="35 38" t="1"/>
		<b id="40" c="39 40" t="1"/>
		<b id="41" c="39 41" t="1"/>
		<b id="42" c="39 42" t="1"/>
	</bonds>
	<geometry>
		<g u="A" t="cart/3d">#42,3:6.4110,0.4347,1.1933;5.4110,0.0123,1.1576;5.0805,-0.5361,2.0351;4.6220,0.1592,0.0808;5.0869,0.9009,-1.1410;5.0287,0.2547,-2.0228;6.1247,1.2378,-1.0457;4.4669,1.7856,-1.3148;3.2382,-0.4468,0.0244;3.0976,-1.1664,0.8422;3.1354,-1.0429,-0.8917;2.1170,0.5934,0.0898;2.1805,1.2633,-0.7755;2.2071,1.1683,1.0196;0.8718,-0.1064,0.0676;-0.2910,0.6162,0.1026;-0.3156,2.0140,0.1943;0.5936,2.6033,0.2441;-1.5254,2.7047,0.2273;-1.5260,3.7894,0.2988;-2.7298,2.0161,0.1705;-3.8420,2.8110,0.2111;-5.1057,2.1618,0.1587;-5.8799,2.9339,0.2017;-5.2465,1.5014,1.0207;-5.2312,1.6174,-0.7831;-2.7129,0.6213,0.0802;-3.6590,0.0970,0.0371;-1.5038,-0.1172,0.0441;-1.5292,-1.6657,-0.0560;-0.8246,-2.1371,-1.3485;0.2458,-1.9148,-1.3590;-1.2676,-1.6626,-2.2322;-0.9159,-3.2228,-1.4734;-2.9593,-2.2666,-0.1082;-3.5338,-2.0237,0.7934;-2.9267,-3.3609,-0.1785;-3.5171,-1.9093,-0.9818;-0.8483,-2.3002,1.1780;-0.9406,-3.3928,1.1606;-1.3082,-1.9428,2.1069;0.2214,-2.0824,1.2370;</g>
	</geometry>
	<conformers/>
	<properties/>
</molecule>
