<?xml version="1.0" ?>
<!--MOLLI PACKAGE EXPERIMENTAL XML FORMAT-->
<molecule name="react_163">
	<atoms>
		<a id="1" s="H" t="H" l="H"/>
		<a id="2" s="C" t="C.2" l="C"/>
		<a id="3" s="H" t="H" l="H"/>
		<a id="4" s="C" t="C.2" l="C"/>
		<a id="5" s="C" t="C.3" l="C"/>
		<a id="6" s="H" t="H" l="H"/>
		<a id="7" s="H" t="H" l="H"/>
		<a id="8" s="H" t="H" l="H"/>
		<a id="9" s="C" t="C.3" l="C"/>
		<a id="10" s="H" t="H" l="H"/>
		<a id="11" s="H" t="H" l="H"/>
		<a id="12" s="C" t="C.3" l="C"/>
		<a id="13" s="H" t="H" l="H"/>
		<a id="14" s="H" t="H" l="H"/>
		<a id="15" s="C" t="C.ar" l="C"/>
		<a id="16" s="C" t="C.ar" l="C"/>
		<a id="17" s="O" t="O.3" l="O"/>
		<a id="18" s="C" t="C.3" l="C"/>
		<a id="19" s="H" t="H" l="H"/>
		<a id="20" s="H" t="H" l="H"/>
		<a id="21" s="H" t="H" l="H"/>
		<a id="22" s="C" t="C.ar" l="C"/>
		<a id="23" s="C" t="C.3" l="C"/>
		<a id="24" s="H" t="H" l="H"/>
		<a id="25" s="H" t="H" l="H"/>
		<a id="26" s="H" t="H" l="H"/>
		<a id="27" s="C" t="C.ar" l="C"/>
		<a id="28" s="C" t="C.3" l="C"/>
		<a id="29" s="H" t="H" l="H"/>
		<a id="30" s="H" t="H" l="H"/>
		<a id="31" s="H" t="H" l="H"/>
		<a id="32" s="C" t="C.ar" l="C"/>
		<a id="33" s="O" t="O.3" l="O"/>
		<a id="34" s="C" t="C.3" l="C"/>
		<a id="35" s="H" t="H" l="H"/>
		<a id="36" s="H" t="H" l="H"/>
		<a id="37" s="H" t="H" l="H"/>
		<a id="38" s="C" t="C.ar" l="C"/>
		<a id="39" s="C" t="C.3" l="C"/>
		<a id="40" s="H" t="H" l="H"/>
		<a id="41" s="H" t="H" l="H"/>
		<a id="42" s="H" t="H" l="H"/>
	</atoms>
	<bonds>
		<b id="1" c="2 4" t="2"/>
		<b id="2" c="4 5" t="1"/>
		<b id="3" c="4 9" t="1"/>
		<b id="4" c="9 12" t="1"/>
		<b id="5" c="12 15" t="1"/>
		<b id="6" c="15 38" t="ar"/>
		<b id="7" c="38 39" t="1"/>
		<b id="8" c="38 32" t="ar"/>
		<b id="9" c="32 33" t="1"/>
		<b id="10" c="33 34" t="1"/>
		<b id="11" c="32 27" t="ar"/>
		<b id="12" c="27 28" t="1"/>
		<b id="13" c="27 22" t="ar"/>
		<b id="14" c="22 23" t="1"/>
		<b id="15" c="22 16" t="ar"/>
		<b id="16" c="16 17" t="1"/>
		<b id="17" c="17 18" t="1"/>
		<b id="18" c="16 15" t="ar"/>
		<b id="19" c="2 1" t="1"/>
		<b id="20" c="2 3" t="1"/>
		<b id="21" c="5 6" t="1"/>
		<b id="22" c="5 7" t="1"/>
		<b id="23" c="5 8" t="1"/>
		<b id="24" c="9 10" t="1"/>
		<b id="25" c="9 11" t="1"/>
		<b id="26" c="12 13" t="1"/>
		<b id="27" c="12 14" t="1"/>
		<b id="28" c="39 40" t="1"/>
		<b id="29" c="39 41" t="1"/>
		<b id="30" c="39 42" t="1"/>
		<b id="31" c="34 35" t="1"/>
		<b id="32" c="34 36" t="1"/>
		<b id="33" c="34 37" t="1"/>
		<b id="34" c="28 29" t="1"/>
		<b id="35" c="28 30" t="1"/>
		<b id="36" c="28 31" t="1"/>
		<b id="37" c="23 24" t="1"/>
		<b id="38" c="23 25" t="1"/>
		<b id="39" c="23 26" t="1"/>
		<b id="40" c="18 19" t="1"/>
		<b id="41" c="18 20" t="1"/>
		<b id="42" c="18 21" t="1"/>
	</bonds>
	<geometry>
		<g u="A" t="cart/3d">#42,3:-5.6458,0.7472,-0.8507;-4.5720,0.6016,-0.7703;-4.0345,0.4999,-1.7065;-3.9639,0.5492,0.4266;-4.7626,0.6909,1.6964;-5.8309,0.8320,1.5006;-4.4128,1.5555,2.2700;-4.6536,-0.2057,2.3152;-2.4744,0.3477,0.6466;-2.1077,1.1913,1.2463;-2.3461,-0.5486,1.2678;-1.5954,0.2133,-0.6067;-1.9195,-0.6477,-1.2032;-1.7347,1.0753,-1.2691;-0.1248,0.0650,-0.2512;0.3861,-1.2042,0.0962;-0.4673,-2.2840,0.0620;-0.3171,-2.9925,-1.1709;0.6364,-3.5288,-1.2038;-0.4033,-2.3279,-2.0378;-1.1218,-3.7313,-1.2301;1.7065,-1.3800,0.5542;2.1776,-2.7291,1.0357;2.7685,-3.2193,0.2558;2.7850,-2.6324,1.9412;1.3444,-3.3859,1.3042;2.5865,-0.2767,0.5345;4.0107,-0.4297,1.0070;4.0297,-0.5733,2.0921;4.4859,-1.2864,0.5178;4.6322,0.4410,0.7809;2.0965,0.9774,0.1191;2.9568,2.0521,0.1066;3.5242,2.2068,-1.1970;2.7601,2.4701,-1.9357;4.2459,3.0278,-1.1504;4.0584,1.3041,-1.5131;0.7402,1.1810,-0.2094;0.2383,2.5664,-0.5315;-0.7133,2.7650,-0.0288;0.9234,3.3479,-0.1889;0.1083,2.6751,-1.6127;</g>
	</geometry>
	<conformers/>
	<properties/>
</molecule>
