<?xml version="1.0" ?>
<!--MOLLI PACKAGE EXPERIMENTAL XML FORMAT-->
<molecule name="react_164">
	<atoms>
		<a id="1" s="H" t="H" l="H"/>
		<a id="2" s="C" t="C.2" l="C"/>
		<a id="3" s="H" t="H" l="H"/>
		<a id="4" s="C" t="C.2" l="C"/>
		<a id="5" s="C" t="C.1" l="C"/>
		<a id="6" s="C" t="C.1" l="C"/>
		<a id="7" s="C" t="C.ar" l="C"/>
		<a id="8" s="C" t="C.ar" l="C"/>
		<a id="9" s="O" t="O.3" l="O"/>
		<a id="10" s="C" t="C.3" l="C"/>
		<a id="11" s="H" t="H" l="H"/>
		<a id="12" s="H" t="H" l="H"/>
		<a id="13" s="H" t="H" l="H"/>
		<a id="14" s="C" t="C.ar" l="C"/>
		<a id="15" s="C" t="C.3" l="C"/>
		<a id="16" s="H" t="H" l="H"/>
		<a id="17" s="H" t="H" l="H"/>
		<a id="18" s="H" t="H" l="H"/>
		<a id="19" s="C" t="C.ar" l="C"/>
		<a id="20" s="C" t="C.3" l="C"/>
		<a id="21" s="H" t="H" l="H"/>
		<a id="22" s="H" t="H" l="H"/>
		<a id="23" s="H" t="H" l="H"/>
		<a id="24" s="C" t="C.ar" l="C"/>
		<a id="25" s="O" t="O.3" l="O"/>
		<a id="26" s="C" t="C.3" l="C"/>
		<a id="27" s="H" t="H" l="H"/>
		<a id="28" s="H" t="H" l="H"/>
		<a id="29" s="H" t="H" l="H"/>
		<a id="30" s="C" t="C.ar" l="C"/>
		<a id="31" s="C" t="C.3" l="C"/>
		<a id="32" s="H" t="H" l="H"/>
		<a id="33" s="H" t="H" l="H"/>
		<a id="34" s="H" t="H" l="H"/>
		<a id="35" s="C" t="C.3" l="C"/>
		<a id="36" s="H" t="H" l="H"/>
		<a id="37" s="H" t="H" l="H"/>
		<a id="38" s="H" t="H" l="H"/>
	</atoms>
	<bonds>
		<b id="1" c="2 4" t="2"/>
		<b id="2" c="4 35" t="1"/>
		<b id="3" c="4 5" t="1"/>
		<b id="4" c="5 6" t="3"/>
		<b id="5" c="6 7" t="1"/>
		<b id="6" c="7 30" t="ar"/>
		<b id="7" c="30 31" t="1"/>
		<b id="8" c="30 24" t="ar"/>
		<b id="9" c="24 25" t="1"/>
		<b id="10" c="25 26" t="1"/>
		<b id="11" c="24 19" t="ar"/>
		<b id="12" c="19 20" t="1"/>
		<b id="13" c="19 14" t="ar"/>
		<b id="14" c="14 15" t="1"/>
		<b id="15" c="14 8" t="ar"/>
		<b id="16" c="8 9" t="1"/>
		<b id="17" c="9 10" t="1"/>
		<b id="18" c="8 7" t="ar"/>
		<b id="19" c="2 1" t="1"/>
		<b id="20" c="2 3" t="1"/>
		<b id="21" c="35 36" t="1"/>
		<b id="22" c="35 37" t="1"/>
		<b id="23" c="35 38" t="1"/>
		<b id="24" c="31 32" t="1"/>
		<b id="25" c="31 33" t="1"/>
		<b id="26" c="31 34" t="1"/>
		<b id="27" c="26 27" t="1"/>
		<b id="28" c="26 28" t="1"/>
		<b id="29" c="26 29" t="1"/>
		<b id="30" c="20 21" t="1"/>
		<b id="31" c="20 22" t="1"/>
		<b id="32" c="20 23" t="1"/>
		<b id="33" c="15 16" t="1"/>
		<b id="34" c="15 17" t="1"/>
		<b id="35" c="15 18" t="1"/>
		<b id="36" c="10 11" t="1"/>
		<b id="37" c="10 12" t="1"/>
		<b id="38" c="10 13" t="1"/>
	</bonds>
	<geometry>
		<g u="A" t="cart/3d">#38,3:4.5854,1.0664,-1.4773;5.0107,0.1723,-1.0293;6.0814,0.0311,-1.1332;4.2448,-0.7172,-0.3795;2.8426,-0.4770,-0.2768;1.6617,-0.2746,-0.1878;0.2491,-0.0265,-0.0820;-0.2406,1.2887,-0.2000;0.6409,2.3276,-0.4080;1.0897,2.8512,0.8441;1.6272,2.0985,1.4299;1.7823,3.6713,0.6325;0.2552,3.2560,1.4269;-1.6216,1.5662,-0.1781;-2.1167,2.9788,-0.3576;-1.3878,3.6081,-0.8777;-2.3292,3.4271,0.6179;-3.0233,3.0014,-0.9709;-2.5247,0.5055,0.0524;-4.0071,0.7640,0.1550;-4.2068,1.6738,0.7304;-4.4392,0.8670,-0.8452;-4.5299,-0.0423,0.6788;-2.0250,-0.8111,0.1435;-2.9138,-1.8485,0.3127;-3.3075,-2.3691,-0.9597;-2.4505,-2.7708,-1.5106;-3.8206,-1.6109,-1.5607;-4.0087,-3.1897,-0.7808;-0.6456,-1.0919,0.1227;-0.1403,-2.5037,0.2775;0.1620,-2.9025,-0.6960;-0.8974,-3.1709,0.7008;0.7112,-2.5407,0.9652;4.8146,-1.9581,0.2432;4.3576,-2.8508,-0.1972;5.8976,-2.0317,0.0971;4.6225,-1.9672,1.3214;</g>
	</geometry>
	<conformers/>
	<properties/>
</molecule>
