<?xml version="1.0" ?>
<!--MOLLI PACKAGE EXPERIMENTAL XML FORMAT-->
<molecule name="react_82">
	<atoms>
		<a id="1" s="H" t="H" l="H"/>
		<a id="2" s="C" t="C.2" l="C"/>
		<a id="3" s="H" t="H" l="H"/>
		<a id="4" s="C" t="C.2" l="C"/>
		<a id="5" s="H" t="H" l="H"/>
		<a id="6" s="C" t="C.3" l="C"/>
		<a id="7" s="H" t="H" l="H"/>
		<a id="8" s="C" t="C.3" l="C"/>
		<a id="9" s="H" t="H" l="H"/>
		<a id="10" s="H" t="H" l="H"/>
		<a id="11" s="C" t="C.3" l="C"/>
		<a id="12" s="H" t="H" l="H"/>
		<a id="13" s="H" t="H" l="H"/>
		<a id="14" s="C" t="C.3" l="C"/>
		<a id="15" s="H" t="H" l="H"/>
		<a id="16" s="H" t="H" l="H"/>
		<a id="17" s="C" t="C.3" l="C"/>
		<a id="18" s="H" t="H" l="H"/>
		<a id="19" s="H" t="H" l="H"/>
		<a id="20" s="C" t="C.3" l="C"/>
		<a id="21" s="H" t="H" l="H"/>
		<a id="22" s="H" t="H" l="H"/>
	</atoms>
	<bonds>
		<b id="1" c="2 4" t="2"/>
		<b id="2" c="4 6" t="1"/>
		<b id="3" c="6 8" t="1"/>
		<b id="4" c="8 11" t="1"/>
		<b id="5" c="11 14" t="1"/>
		<b id="6" c="14 17" t="1"/>
		<b id="7" c="17 20" t="1"/>
		<b id="8" c="20 6" t="1"/>
		<b id="9" c="2 1" t="1"/>
		<b id="10" c="2 3" t="1"/>
		<b id="11" c="4 5" t="1"/>
		<b id="12" c="6 7" t="1"/>
		<b id="13" c="8 9" t="1"/>
		<b id="14" c="8 10" t="1"/>
		<b id="15" c="11 12" t="1"/>
		<b id="16" c="11 13" t="1"/>
		<b id="17" c="14 15" t="1"/>
		<b id="18" c="14 16" t="1"/>
		<b id="19" c="17 18" t="1"/>
		<b id="20" c="17 19" t="1"/>
		<b id="21" c="20 21" t="1"/>
		<b id="22" c="20 22" t="1"/>
	</bonds>
	<geometry>
		<g u="A" t="cart/3d">#22,3:4.1098,0.0568,-0.2722;3.0569,0.3218,-0.3038;2.7788,1.1547,-0.9402;2.1619,-0.3676,0.4162;2.5332,-1.1911,1.0266;0.6685,-0.1354,0.4933;0.4380,-0.0239,1.5628;-0.0771,-1.3843,-0.0217;0.4570,-1.8458,-0.8627;-0.0863,-2.1373,0.7776;-1.5172,-1.1080,-0.4636;-1.5302,-0.8912,-1.5393;-2.1243,-2.0092,-0.3208;-2.1291,0.0648,0.2872;-2.1469,-0.1644,1.3602;-3.1717,0.2100,-0.0172;-1.3429,1.3555,0.0566;-1.4702,2.0044,0.9316;-1.7690,1.9032,-0.7929;0.1495,1.1286,-0.2071;0.7034,2.0170,0.1199;0.3081,1.0413,-1.2904;</g>
	</geometry>
	<conformers/>
	<properties/>
</molecule>
