<?xml version="1.0" ?>
<!--MOLLI PACKAGE EXPERIMENTAL XML FORMAT-->
<molecule name="react_165">
	<atoms>
		<a id="1" s="H" t="H" l="H"/>
		<a id="2" s="C" t="C.2" l="C"/>
		<a id="3" s="H" t="H" l="H"/>
		<a id="4" s="C" t="C.2" l="C"/>
		<a id="5" s="C" t="C.ar" l="C"/>
		<a id="6" s="C" t="C.ar" l="C"/>
		<a id="7" s="H" t="H" l="H"/>
		<a id="8" s="C" t="C.ar" l="C"/>
		<a id="9" s="H" t="H" l="H"/>
		<a id="10" s="C" t="C.ar" l="C"/>
		<a id="11" s="Cl" t="Cl" l="CL"/>
		<a id="12" s="C" t="C.ar" l="C"/>
		<a id="13" s="Cl" t="Cl" l="CL"/>
		<a id="14" s="C" t="C.ar" l="C"/>
		<a id="15" s="H" t="H" l="H"/>
		<a id="16" s="C" t="C.3" l="C"/>
		<a id="17" s="H" t="H" l="H"/>
		<a id="18" s="H" t="H" l="H"/>
		<a id="19" s="C" t="C.3" l="C"/>
		<a id="20" s="H" t="H" l="H"/>
		<a id="21" s="H" t="H" l="H"/>
		<a id="22" s="O" t="O.3" l="O"/>
		<a id="23" s="Si" t="Si" l="SI"/>
		<a id="24" s="C" t="C.3" l="C"/>
		<a id="25" s="H" t="H" l="H"/>
		<a id="26" s="H" t="H" l="H"/>
		<a id="27" s="H" t="H" l="H"/>
		<a id="28" s="C" t="C.3" l="C"/>
		<a id="29" s="H" t="H" l="H"/>
		<a id="30" s="H" t="H" l="H"/>
		<a id="31" s="H" t="H" l="H"/>
		<a id="32" s="C" t="C.3" l="C"/>
		<a id="33" s="C" t="C.3" l="C"/>
		<a id="34" s="H" t="H" l="H"/>
		<a id="35" s="H" t="H" l="H"/>
		<a id="36" s="H" t="H" l="H"/>
		<a id="37" s="C" t="C.3" l="C"/>
		<a id="38" s="H" t="H" l="H"/>
		<a id="39" s="H" t="H" l="H"/>
		<a id="40" s="H" t="H" l="H"/>
		<a id="41" s="C" t="C.3" l="C"/>
		<a id="42" s="H" t="H" l="H"/>
		<a id="43" s="H" t="H" l="H"/>
		<a id="44" s="H" t="H" l="H"/>
	</atoms>
	<bonds>
		<b id="1" c="2 4" t="2"/>
		<b id="2" c="4 16" t="1"/>
		<b id="3" c="16 19" t="1"/>
		<b id="4" c="19 22" t="1"/>
		<b id="5" c="22 23" t="1"/>
		<b id="6" c="23 24" t="1"/>
		<b id="7" c="23 28" t="1"/>
		<b id="8" c="23 32" t="1"/>
		<b id="9" c="32 33" t="1"/>
		<b id="10" c="32 37" t="1"/>
		<b id="11" c="32 41" t="1"/>
		<b id="12" c="4 5" t="1"/>
		<b id="13" c="5 6" t="ar"/>
		<b id="14" c="6 8" t="ar"/>
		<b id="15" c="8 10" t="ar"/>
		<b id="16" c="10 11" t="1"/>
		<b id="17" c="10 12" t="ar"/>
		<b id="18" c="12 13" t="1"/>
		<b id="19" c="12 14" t="ar"/>
		<b id="20" c="14 5" t="ar"/>
		<b id="21" c="2 1" t="1"/>
		<b id="22" c="2 3" t="1"/>
		<b id="23" c="16 17" t="1"/>
		<b id="24" c="16 18" t="1"/>
		<b id="25" c="19 20" t="1"/>
		<b id="26" c="19 21" t="1"/>
		<b id="27" c="24 25" t="1"/>
		<b id="28" c="24 26" t="1"/>
		<b id="29" c="24 27" t="1"/>
		<b id="30" c="28 29" t="1"/>
		<b id="31" c="28 30" t="1"/>
		<b id="32" c="28 31" t="1"/>
		<b id="33" c="33 34" t="1"/>
		<b id="34" c="33 35" t="1"/>
		<b id="35" c="33 36" t="1"/>
		<b id="36" c="37 38" t="1"/>
		<b id="37" c="37 39" t="1"/>
		<b id="38" c="37 40" t="1"/>
		<b id="39" c="41 42" t="1"/>
		<b id="40" c="41 43" t="1"/>
		<b id="41" c="41 44" t="1"/>
		<b id="42" c="6 7" t="1"/>
		<b id="43" c="8 9" t="1"/>
		<b id="44" c="14 15" t="1"/>
	</bonds>
	<geometry>
		<g u="A" t="cart/3d">#44,3:3.9847,0.1189,2.7165;3.0146,0.2201,2.2359;2.1684,0.3166,2.9073;2.8825,0.2488,0.8982;4.0974,0.1209,0.0606;4.3823,1.0654,-0.9342;3.7261,1.9191,-1.0916;5.5235,0.9389,-1.7322;5.7265,1.6868,-2.4952;6.3944,-0.1372,-1.5484;7.7853,-0.2306,-2.5684;6.1194,-1.0894,-0.5625;7.1462,-2.4505,-0.2780;4.9762,-0.9594,0.2348;4.7643,-1.7135,0.9902;1.5728,0.4137,0.1507;1.5423,-0.3090,-0.6768;1.5432,1.4042,-0.3219;0.2842,0.2381,0.9638;0.2764,-0.7520,1.4370;0.2233,1.0124,1.7387;-0.8260,0.3635,0.0741;-2.3828,0.1799,0.6725;-2.6832,-1.5455,1.3430;-2.4739,-2.3014,0.5807;-2.0351,-1.7418,2.2023;-3.7205,-1.6633,1.6690;-2.7953,1.4637,1.9760;-2.6518,2.4752,1.5855;-2.1500,1.3431,2.8513;-3.8334,1.3661,2.3063;-3.7004,0.4641,-0.9110;-3.3962,-0.5867,-1.9985;-4.0584,-0.4542,-2.8618;-3.5416,-1.6066,-1.6256;-2.3638,-0.5070,-2.3575;-3.4882,1.8824,-1.4789;-3.7002,2.6528,-0.7292;-4.1521,2.0618,-2.3323;-2.4582,2.0277,-1.8241;-5.1485,0.3046,-0.4097;-5.8603,0.4508,-1.2302;-5.3249,-0.6940,0.0047;-5.3893,1.0365,0.3690;</g>
	</geometry>
	<conformers/>
	<properties/>
</molecule>
