<?xml version="1.0" ?>
<!--MOLLI PACKAGE EXPERIMENTAL XML FORMAT-->
<molecule name="react_166">
	<atoms>
		<a id="1" s="H" t="H" l="H"/>
		<a id="2" s="C" t="C.2" l="C"/>
		<a id="3" s="H" t="H" l="H"/>
		<a id="4" s="C" t="C.2" l="C"/>
		<a id="5" s="C" t="C.ar" l="C"/>
		<a id="6" s="C" t="C.ar" l="C"/>
		<a id="7" s="H" t="H" l="H"/>
		<a id="8" s="C" t="C.ar" l="C"/>
		<a id="9" s="H" t="H" l="H"/>
		<a id="10" s="C" t="C.ar" l="C"/>
		<a id="11" s="Cl" t="Cl" l="CL"/>
		<a id="12" s="C" t="C.ar" l="C"/>
		<a id="13" s="H" t="H" l="H"/>
		<a id="14" s="C" t="C.ar" l="C"/>
		<a id="15" s="H" t="H" l="H"/>
		<a id="16" s="C" t="C.3" l="C"/>
		<a id="17" s="H" t="H" l="H"/>
		<a id="18" s="H" t="H" l="H"/>
		<a id="19" s="C" t="C.3" l="C"/>
		<a id="20" s="H" t="H" l="H"/>
		<a id="21" s="H" t="H" l="H"/>
		<a id="22" s="O" t="O.3" l="O"/>
		<a id="23" s="Si" t="Si" l="SI"/>
		<a id="24" s="C" t="C.3" l="C"/>
		<a id="25" s="H" t="H" l="H"/>
		<a id="26" s="H" t="H" l="H"/>
		<a id="27" s="H" t="H" l="H"/>
		<a id="28" s="C" t="C.3" l="C"/>
		<a id="29" s="H" t="H" l="H"/>
		<a id="30" s="H" t="H" l="H"/>
		<a id="31" s="H" t="H" l="H"/>
		<a id="32" s="C" t="C.3" l="C"/>
		<a id="33" s="C" t="C.3" l="C"/>
		<a id="34" s="H" t="H" l="H"/>
		<a id="35" s="H" t="H" l="H"/>
		<a id="36" s="H" t="H" l="H"/>
		<a id="37" s="C" t="C.3" l="C"/>
		<a id="38" s="H" t="H" l="H"/>
		<a id="39" s="H" t="H" l="H"/>
		<a id="40" s="H" t="H" l="H"/>
		<a id="41" s="C" t="C.3" l="C"/>
		<a id="42" s="H" t="H" l="H"/>
		<a id="43" s="H" t="H" l="H"/>
		<a id="44" s="H" t="H" l="H"/>
	</atoms>
	<bonds>
		<b id="1" c="2 4" t="2"/>
		<b id="2" c="4 16" t="1"/>
		<b id="3" c="16 19" t="1"/>
		<b id="4" c="19 22" t="1"/>
		<b id="5" c="22 23" t="1"/>
		<b id="6" c="23 24" t="1"/>
		<b id="7" c="23 28" t="1"/>
		<b id="8" c="23 32" t="1"/>
		<b id="9" c="32 33" t="1"/>
		<b id="10" c="32 37" t="1"/>
		<b id="11" c="32 41" t="1"/>
		<b id="12" c="4 5" t="1"/>
		<b id="13" c="5 6" t="ar"/>
		<b id="14" c="6 8" t="ar"/>
		<b id="15" c="8 10" t="ar"/>
		<b id="16" c="10 11" t="1"/>
		<b id="17" c="10 12" t="ar"/>
		<b id="18" c="12 14" t="ar"/>
		<b id="19" c="14 5" t="ar"/>
		<b id="20" c="2 1" t="1"/>
		<b id="21" c="2 3" t="1"/>
		<b id="22" c="16 17" t="1"/>
		<b id="23" c="16 18" t="1"/>
		<b id="24" c="19 20" t="1"/>
		<b id="25" c="19 21" t="1"/>
		<b id="26" c="24 25" t="1"/>
		<b id="27" c="24 26" t="1"/>
		<b id="28" c="24 27" t="1"/>
		<b id="29" c="28 29" t="1"/>
		<b id="30" c="28 30" t="1"/>
		<b id="31" c="28 31" t="1"/>
		<b id="32" c="33 34" t="1"/>
		<b id="33" c="33 35" t="1"/>
		<b id="34" c="33 36" t="1"/>
		<b id="35" c="37 38" t="1"/>
		<b id="36" c="37 39" t="1"/>
		<b id="37" c="37 40" t="1"/>
		<b id="38" c="41 42" t="1"/>
		<b id="39" c="41 43" t="1"/>
		<b id="40" c="41 44" t="1"/>
		<b id="41" c="6 7" t="1"/>
		<b id="42" c="8 9" t="1"/>
		<b id="43" c="12 13" t="1"/>
		<b id="44" c="14 15" t="1"/>
	</bonds>
	<geometry>
		<g u="A" t="cart/3d">#44,3:2.4323,-3.1216,-0.0032;3.1500,-2.3123,0.0751;4.1877,-2.5849,-0.0997;2.7908,-1.0576,0.3984;3.8417,-0.0186,0.4997;4.7323,0.2058,-0.5620;4.6603,-0.3829,-1.4741;5.7152,1.1961,-0.4728;6.3952,1.3569,-1.3048;5.8127,1.9712,0.6796;7.0215,3.1902,0.7912;4.9360,1.7658,1.7417;5.0105,2.3686,2.6427;3.9529,0.7754,1.6504;3.2841,0.6230,2.4944;1.3740,-0.6002,0.6868;1.2104,0.3717,0.2011;1.2611,-0.4142,1.7628;0.2429,-1.5367,0.2424;0.3413,-1.7876,-0.8221;0.2902,-2.4756,0.8063;-1.0159,-0.9343,0.5488;-2.0636,-0.4936,-0.6842;-1.2793,0.7317,-1.8683;-0.9340,1.6219,-1.3349;-1.9924,1.0451,-2.6360;-0.4174,0.2822,-2.3706;-2.7080,-1.9837,-1.6225;-1.8866,-2.5102,-2.1175;-3.2017,-2.6866,-0.9455;-3.4270,-1.6820,-2.3895;-3.6991,0.4479,0.1835;-4.6896,0.8751,-0.9167;-5.0545,0.0146,-1.4880;-4.2309,1.5749,-1.6238;-5.5622,1.3739,-0.4794;-4.3786,-0.5392,1.1547;-5.2353,-0.0682,1.6500;-3.6874,-0.8748,1.9362;-4.7484,-1.4285,0.6325;-3.2009,1.6852,0.9585;-2.4781,1.4096,1.7348;-2.7163,2.4091,0.2939;-4.0361,2.1972,1.4499;</g>
	</geometry>
	<conformers/>
	<properties/>
</molecule>
