<?xml version="1.0" ?>
<!--MOLLI PACKAGE EXPERIMENTAL XML FORMAT-->
<molecule name="react_167">
	<atoms>
		<a id="1" s="H" t="H" l="H"/>
		<a id="2" s="C" t="C.2" l="C"/>
		<a id="3" s="H" t="H" l="H"/>
		<a id="4" s="C" t="C.2" l="C"/>
		<a id="5" s="C" t="C.ar" l="C"/>
		<a id="6" s="C" t="C.ar" l="C"/>
		<a id="7" s="H" t="H" l="H"/>
		<a id="8" s="C" t="C.ar" l="C"/>
		<a id="9" s="H" t="H" l="H"/>
		<a id="10" s="C" t="C.ar" l="C"/>
		<a id="11" s="F" t="F" l="F"/>
		<a id="12" s="C" t="C.ar" l="C"/>
		<a id="13" s="F" t="F" l="F"/>
		<a id="14" s="C" t="C.ar" l="C"/>
		<a id="15" s="H" t="H" l="H"/>
		<a id="16" s="C" t="C.3" l="C"/>
		<a id="17" s="H" t="H" l="H"/>
		<a id="18" s="H" t="H" l="H"/>
		<a id="19" s="C" t="C.3" l="C"/>
		<a id="20" s="H" t="H" l="H"/>
		<a id="21" s="H" t="H" l="H"/>
		<a id="22" s="O" t="O.3" l="O"/>
		<a id="23" s="Si" t="Si" l="SI"/>
		<a id="24" s="C" t="C.3" l="C"/>
		<a id="25" s="H" t="H" l="H"/>
		<a id="26" s="H" t="H" l="H"/>
		<a id="27" s="H" t="H" l="H"/>
		<a id="28" s="C" t="C.3" l="C"/>
		<a id="29" s="H" t="H" l="H"/>
		<a id="30" s="H" t="H" l="H"/>
		<a id="31" s="H" t="H" l="H"/>
		<a id="32" s="C" t="C.3" l="C"/>
		<a id="33" s="C" t="C.3" l="C"/>
		<a id="34" s="H" t="H" l="H"/>
		<a id="35" s="H" t="H" l="H"/>
		<a id="36" s="H" t="H" l="H"/>
		<a id="37" s="C" t="C.3" l="C"/>
		<a id="38" s="H" t="H" l="H"/>
		<a id="39" s="H" t="H" l="H"/>
		<a id="40" s="H" t="H" l="H"/>
		<a id="41" s="C" t="C.3" l="C"/>
		<a id="42" s="H" t="H" l="H"/>
		<a id="43" s="H" t="H" l="H"/>
		<a id="44" s="H" t="H" l="H"/>
	</atoms>
	<bonds>
		<b id="1" c="2 4" t="2"/>
		<b id="2" c="4 16" t="1"/>
		<b id="3" c="16 19" t="1"/>
		<b id="4" c="19 22" t="1"/>
		<b id="5" c="22 23" t="1"/>
		<b id="6" c="23 24" t="1"/>
		<b id="7" c="23 28" t="1"/>
		<b id="8" c="23 32" t="1"/>
		<b id="9" c="32 33" t="1"/>
		<b id="10" c="32 37" t="1"/>
		<b id="11" c="32 41" t="1"/>
		<b id="12" c="4 5" t="1"/>
		<b id="13" c="5 6" t="ar"/>
		<b id="14" c="6 8" t="ar"/>
		<b id="15" c="8 10" t="ar"/>
		<b id="16" c="10 11" t="1"/>
		<b id="17" c="10 12" t="ar"/>
		<b id="18" c="12 13" t="1"/>
		<b id="19" c="12 14" t="ar"/>
		<b id="20" c="14 5" t="ar"/>
		<b id="21" c="2 1" t="1"/>
		<b id="22" c="2 3" t="1"/>
		<b id="23" c="16 17" t="1"/>
		<b id="24" c="16 18" t="1"/>
		<b id="25" c="19 20" t="1"/>
		<b id="26" c="19 21" t="1"/>
		<b id="27" c="24 25" t="1"/>
		<b id="28" c="24 26" t="1"/>
		<b id="29" c="24 27" t="1"/>
		<b id="30" c="28 29" t="1"/>
		<b id="31" c="28 30" t="1"/>
		<b id="32" c="28 31" t="1"/>
		<b id="33" c="33 34" t="1"/>
		<b id="34" c="33 35" t="1"/>
		<b id="35" c="33 36" t="1"/>
		<b id="36" c="37 38" t="1"/>
		<b id="37" c="37 39" t="1"/>
		<b id="38" c="37 40" t="1"/>
		<b id="39" c="41 42" t="1"/>
		<b id="40" c="41 43" t="1"/>
		<b id="41" c="41 44" t="1"/>
		<b id="42" c="6 7" t="1"/>
		<b id="43" c="8 9" t="1"/>
		<b id="44" c="14 15" t="1"/>
	</bonds>
	<geometry>
		<g u="A" t="cart/3d">#44,3:3.4518,2.6730,1.9270;2.5746,2.1358,1.5751;1.6190,2.5735,1.8423;2.6750,0.9907,0.8776;4.0241,0.4624,0.5704;4.9762,1.2667,-0.0822;4.7281,2.2866,-0.3708;6.2473,0.7689,-0.3838;6.9810,1.3890,-0.8889;6.5707,-0.5365,-0.0354;7.7897,-1.0118,-0.3246;5.6385,-1.3416,0.6059;5.9539,-2.6002,0.9422;4.3696,-0.8535,0.9087;3.6701,-1.5085,1.4191;1.5067,0.1644,0.3742;1.4554,-0.7777,0.9354;1.6989,-0.1237,-0.6689;0.1215,0.8210,0.4246;-0.1550,1.0285,1.4659;0.1354,1.7606,-0.1425;-0.8230,-0.0820,-0.1518;-2.4349,0.3713,-0.2566;-2.6770,1.8719,-1.3553;-2.2631,1.6954,-2.3522;-2.1744,2.7451,-0.9288;-3.7388,2.1120,-1.4609;-3.1957,0.6734,1.4308;-4.2609,0.9055,1.3436;-2.7061,1.5166,1.9272;-3.0863,-0.2069,2.0705;-3.4743,-1.2048,-1.1281;-4.9651,-0.8345,-1.2464;-5.4106,-0.6339,-0.2659;-5.1123,0.0553,-1.8682;-5.5320,-1.6532,-1.7041;-2.8809,-1.4717,-2.5267;-1.8143,-1.7178,-2.4710;-2.9881,-0.6010,-3.1830;-3.3903,-2.3132,-3.0100;-3.3065,-2.4551,-0.2405;-3.7224,-2.2974,0.7609;-2.2513,-2.7273,-0.1241;-3.8240,-3.3153,-0.6803;</g>
	</geometry>
	<conformers/>
	<properties/>
</molecule>
