<?xml version="1.0" ?>
<!--MOLLI PACKAGE EXPERIMENTAL XML FORMAT-->
<molecule name="react_168">
	<atoms>
		<a id="1" s="H" t="H" l="H"/>
		<a id="2" s="C" t="C.2" l="C"/>
		<a id="3" s="H" t="H" l="H"/>
		<a id="4" s="C" t="C.2" l="C"/>
		<a id="5" s="C" t="C.ar" l="C"/>
		<a id="6" s="C" t="C.ar" l="C"/>
		<a id="7" s="H" t="H" l="H"/>
		<a id="8" s="C" t="C.ar" l="C"/>
		<a id="9" s="H" t="H" l="H"/>
		<a id="10" s="C" t="C.ar" l="C"/>
		<a id="11" s="F" t="F" l="F"/>
		<a id="12" s="C" t="C.ar" l="C"/>
		<a id="13" s="H" t="H" l="H"/>
		<a id="14" s="C" t="C.ar" l="C"/>
		<a id="15" s="H" t="H" l="H"/>
		<a id="16" s="C" t="C.3" l="C"/>
		<a id="17" s="H" t="H" l="H"/>
		<a id="18" s="H" t="H" l="H"/>
		<a id="19" s="C" t="C.3" l="C"/>
		<a id="20" s="H" t="H" l="H"/>
		<a id="21" s="H" t="H" l="H"/>
		<a id="22" s="O" t="O.3" l="O"/>
		<a id="23" s="Si" t="Si" l="SI"/>
		<a id="24" s="C" t="C.3" l="C"/>
		<a id="25" s="H" t="H" l="H"/>
		<a id="26" s="H" t="H" l="H"/>
		<a id="27" s="H" t="H" l="H"/>
		<a id="28" s="C" t="C.3" l="C"/>
		<a id="29" s="H" t="H" l="H"/>
		<a id="30" s="H" t="H" l="H"/>
		<a id="31" s="H" t="H" l="H"/>
		<a id="32" s="C" t="C.3" l="C"/>
		<a id="33" s="C" t="C.3" l="C"/>
		<a id="34" s="H" t="H" l="H"/>
		<a id="35" s="H" t="H" l="H"/>
		<a id="36" s="H" t="H" l="H"/>
		<a id="37" s="C" t="C.3" l="C"/>
		<a id="38" s="H" t="H" l="H"/>
		<a id="39" s="H" t="H" l="H"/>
		<a id="40" s="H" t="H" l="H"/>
		<a id="41" s="C" t="C.3" l="C"/>
		<a id="42" s="H" t="H" l="H"/>
		<a id="43" s="H" t="H" l="H"/>
		<a id="44" s="H" t="H" l="H"/>
	</atoms>
	<bonds>
		<b id="1" c="2 4" t="2"/>
		<b id="2" c="4 16" t="1"/>
		<b id="3" c="16 19" t="1"/>
		<b id="4" c="19 22" t="1"/>
		<b id="5" c="22 23" t="1"/>
		<b id="6" c="23 24" t="1"/>
		<b id="7" c="23 28" t="1"/>
		<b id="8" c="23 32" t="1"/>
		<b id="9" c="32 33" t="1"/>
		<b id="10" c="32 37" t="1"/>
		<b id="11" c="32 41" t="1"/>
		<b id="12" c="4 5" t="1"/>
		<b id="13" c="5 6" t="ar"/>
		<b id="14" c="6 8" t="ar"/>
		<b id="15" c="8 10" t="ar"/>
		<b id="16" c="10 11" t="1"/>
		<b id="17" c="10 12" t="ar"/>
		<b id="18" c="12 14" t="ar"/>
		<b id="19" c="14 5" t="ar"/>
		<b id="20" c="2 1" t="1"/>
		<b id="21" c="2 3" t="1"/>
		<b id="22" c="16 17" t="1"/>
		<b id="23" c="16 18" t="1"/>
		<b id="24" c="19 20" t="1"/>
		<b id="25" c="19 21" t="1"/>
		<b id="26" c="24 25" t="1"/>
		<b id="27" c="24 26" t="1"/>
		<b id="28" c="24 27" t="1"/>
		<b id="29" c="28 29" t="1"/>
		<b id="30" c="28 30" t="1"/>
		<b id="31" c="28 31" t="1"/>
		<b id="32" c="33 34" t="1"/>
		<b id="33" c="33 35" t="1"/>
		<b id="34" c="33 36" t="1"/>
		<b id="35" c="37 38" t="1"/>
		<b id="36" c="37 39" t="1"/>
		<b id="37" c="37 40" t="1"/>
		<b id="38" c="41 42" t="1"/>
		<b id="39" c="41 43" t="1"/>
		<b id="40" c="41 44" t="1"/>
		<b id="41" c="6 7" t="1"/>
		<b id="42" c="8 9" t="1"/>
		<b id="43" c="12 13" t="1"/>
		<b id="44" c="14 15" t="1"/>
	</bonds>
	<geometry>
		<g u="A" t="cart/3d">#44,3:3.6164,0.9426,-2.4579;2.7307,0.4940,-2.0149;1.8800,0.3813,-2.6777;2.7092,0.0838,-0.7346;3.9247,0.2685,0.0917;4.5187,1.5359,0.2170;4.0901,2.3970,-0.2910;5.6578,1.7130,1.0059;6.1168,2.6911,1.1054;6.2042,0.6244,1.6730;7.2965,0.7938,2.4293;5.6330,-0.6373,1.5677;6.0766,-1.4745,2.0968;4.4932,-0.8150,0.7793;4.0623,-1.8100,0.6979;1.5305,-0.5753,-0.0442;1.7581,-1.6334,0.1397;1.4022,-0.1238,0.9496;0.1783,-0.4983,-0.7632;-0.0797,0.5512,-0.9532;0.2305,-1.0372,-1.7174;-0.8080,-1.1112,0.0677;-2.4286,-1.0261,-0.3549;-2.7096,-0.6643,-2.1750;-3.7788,-0.6314,-2.4037;-2.2697,0.2958,-2.4592;-2.2555,-1.4440,-2.7940;-3.3297,-2.6068,0.1171;-2.9131,-3.4583,-0.4293;-4.3943,-2.5362,-0.1231;-3.2289,-2.8072,1.1874;-3.3027,0.5190,0.7278;-4.8010,0.6040,0.3765;-5.2852,1.4107,0.9387;-4.9547,0.8074,-0.6890;-5.3264,-0.3263,0.6183;-2.6002,1.8437,0.3680;-2.6859,2.0695,-0.7005;-1.5344,1.8152,0.6200;-3.0455,2.6803,0.9186;-3.1268,0.2271,2.2323;-3.6253,-0.7040,2.5237;-3.5571,1.0337,2.8368;-2.0686,0.1379,2.5035;</g>
	</geometry>
	<conformers/>
	<properties/>
</molecule>
