<?xml version="1.0" ?>
<!--MOLLI PACKAGE EXPERIMENTAL XML FORMAT-->
<molecule name="react_169">
	<atoms>
		<a id="1" s="H" t="H" l="H"/>
		<a id="2" s="C" t="C.2" l="C"/>
		<a id="3" s="H" t="H" l="H"/>
		<a id="4" s="C" t="C.2" l="C"/>
		<a id="5" s="C" t="C.ar" l="C"/>
		<a id="6" s="N" t="N.ar" l="N"/>
		<a id="7" s="C" t="C.ar" l="C"/>
		<a id="8" s="C" t="C.ar" l="C"/>
		<a id="9" s="C" t="C.ar" l="C"/>
		<a id="10" s="H" t="H" l="H"/>
		<a id="11" s="C" t="C.ar" l="C"/>
		<a id="12" s="H" t="H" l="H"/>
		<a id="13" s="C" t="C.ar" l="C"/>
		<a id="14" s="F" t="F" l="F"/>
		<a id="15" s="C" t="C.ar" l="C"/>
		<a id="16" s="H" t="H" l="H"/>
		<a id="17" s="C" t="C.ar" l="C"/>
		<a id="18" s="F" t="F" l="F"/>
		<a id="19" s="C" t="C.ar" l="C"/>
		<a id="20" s="H" t="H" l="H"/>
		<a id="21" s="S" t="S.2" l="S"/>
		<a id="22" s="C" t="C.ar" l="C"/>
		<a id="23" s="C" t="C.ar" l="C"/>
		<a id="24" s="H" t="H" l="H"/>
		<a id="25" s="C" t="C.ar" l="C"/>
		<a id="26" s="H" t="H" l="H"/>
		<a id="27" s="C" t="C.ar" l="C"/>
		<a id="28" s="F" t="F" l="F"/>
		<a id="29" s="C" t="C.ar" l="C"/>
		<a id="30" s="H" t="H" l="H"/>
		<a id="31" s="C" t="C.ar" l="C"/>
		<a id="32" s="F" t="F" l="F"/>
	</atoms>
	<bonds>
		<b id="1" c="2 4" t="2"/>
		<b id="2" c="4 5" t="1"/>
		<b id="3" c="5 6" t="ar"/>
		<b id="4" c="6 7" t="ar"/>
		<b id="5" c="7 8" t="1"/>
		<b id="6" c="8 9" t="ar"/>
		<b id="7" c="9 11" t="ar"/>
		<b id="8" c="11 13" t="ar"/>
		<b id="9" c="13 14" t="1"/>
		<b id="10" c="13 15" t="ar"/>
		<b id="11" c="15 17" t="ar"/>
		<b id="12" c="17 18" t="1"/>
		<b id="13" c="7 19" t="ar"/>
		<b id="14" c="19 21" t="ar"/>
		<b id="15" c="4 22" t="1"/>
		<b id="16" c="22 23" t="ar"/>
		<b id="17" c="23 25" t="ar"/>
		<b id="18" c="25 27" t="ar"/>
		<b id="19" c="27 28" t="1"/>
		<b id="20" c="27 29" t="ar"/>
		<b id="21" c="29 31" t="ar"/>
		<b id="22" c="31 32" t="1"/>
		<b id="23" c="21 5" t="ar"/>
		<b id="24" c="31 22" t="ar"/>
		<b id="25" c="17 8" t="ar"/>
		<b id="26" c="2 1" t="1"/>
		<b id="27" c="2 3" t="1"/>
		<b id="28" c="9 10" t="1"/>
		<b id="29" c="11 12" t="1"/>
		<b id="30" c="15 16" t="1"/>
		<b id="31" c="19 20" t="1"/>
		<b id="32" c="23 24" t="1"/>
		<b id="33" c="25 26" t="1"/>
		<b id="34" c="29 30" t="1"/>
	</bonds>
	<geometry>
		<g u="A" t="cart/3d">#32,3:2.3912,-1.7440,2.3077;1.5327,-1.3602,1.7654;0.5558,-1.6332,2.1588;1.6588,-0.5797,0.6738;0.4551,-0.1052,0.0352;-0.7819,-0.2787,0.4726;-1.7075,0.2883,-0.3815;-3.1314,0.2266,-0.1015;-3.9362,1.3719,-0.2168;-3.5057,2.3273,-0.5089;-5.3028,1.3027,0.0676;-5.9318,2.1843,-0.0136;-5.8627,0.0936,0.4671;-7.1729,0.0331,0.7369;-5.0860,-1.0492,0.5890;-5.5307,-1.9875,0.8985;-3.7250,-0.9760,0.3058;-3.0008,-2.1011,0.4072;-1.1720,0.9051,-1.4913;-1.6787,1.4087,-2.3017;0.5319,0.7644,-1.4700;3.0430,-0.2773,0.2494;3.8207,-1.2572,-0.3881;3.4118,-2.2476,-0.5783;5.1263,-0.9640,-0.7887;5.7357,-1.7140,-1.2841;5.6519,0.3029,-0.5519;6.9042,0.5774,-0.9388;4.9009,1.2855,0.0775;5.3197,2.2685,0.2575;3.6017,0.9889,0.4743;2.8847,1.9456,1.0830;</g>
	</geometry>
	<conformers/>
	<properties/>
</molecule>
