<?xml version="1.0" ?>
<!--MOLLI PACKAGE EXPERIMENTAL XML FORMAT-->
<molecule name="react_170">
	<atoms>
		<a id="1" s="H" t="H" l="H"/>
		<a id="2" s="C" t="C.2" l="C"/>
		<a id="3" s="H" t="H" l="H"/>
		<a id="4" s="C" t="C.2" l="C"/>
		<a id="5" s="C" t="C.3" l="C"/>
		<a id="6" s="H" t="H" l="H"/>
		<a id="7" s="H" t="H" l="H"/>
		<a id="8" s="H" t="H" l="H"/>
		<a id="9" s="C" t="C.3" l="C"/>
		<a id="10" s="H" t="H" l="H"/>
		<a id="11" s="H" t="H" l="H"/>
		<a id="12" s="C" t="C.3" l="C"/>
		<a id="13" s="H" t="H" l="H"/>
		<a id="14" s="H" t="H" l="H"/>
		<a id="15" s="C" t="C.3" l="C"/>
		<a id="16" s="H" t="H" l="H"/>
		<a id="17" s="H" t="H" l="H"/>
		<a id="18" s="C" t="C.ar" l="C"/>
		<a id="19" s="C" t="C.ar" l="C"/>
		<a id="20" s="O" t="O.3" l="O"/>
		<a id="21" s="C" t="C.3" l="C"/>
		<a id="22" s="H" t="H" l="H"/>
		<a id="23" s="H" t="H" l="H"/>
		<a id="24" s="H" t="H" l="H"/>
		<a id="25" s="C" t="C.ar" l="C"/>
		<a id="26" s="C" t="C.3" l="C"/>
		<a id="27" s="H" t="H" l="H"/>
		<a id="28" s="H" t="H" l="H"/>
		<a id="29" s="H" t="H" l="H"/>
		<a id="30" s="C" t="C.ar" l="C"/>
		<a id="31" s="C" t="C.3" l="C"/>
		<a id="32" s="H" t="H" l="H"/>
		<a id="33" s="H" t="H" l="H"/>
		<a id="34" s="H" t="H" l="H"/>
		<a id="35" s="C" t="C.ar" l="C"/>
		<a id="36" s="O" t="O.3" l="O"/>
		<a id="37" s="C" t="C.3" l="C"/>
		<a id="38" s="H" t="H" l="H"/>
		<a id="39" s="H" t="H" l="H"/>
		<a id="40" s="H" t="H" l="H"/>
		<a id="41" s="C" t="C.ar" l="C"/>
		<a id="42" s="C" t="C.3" l="C"/>
		<a id="43" s="H" t="H" l="H"/>
		<a id="44" s="H" t="H" l="H"/>
		<a id="45" s="H" t="H" l="H"/>
	</atoms>
	<bonds>
		<b id="1" c="2 4" t="2"/>
		<b id="2" c="4 5" t="1"/>
		<b id="3" c="4 9" t="1"/>
		<b id="4" c="9 12" t="1"/>
		<b id="5" c="12 15" t="1"/>
		<b id="6" c="15 18" t="1"/>
		<b id="7" c="18 41" t="ar"/>
		<b id="8" c="41 42" t="1"/>
		<b id="9" c="41 35" t="ar"/>
		<b id="10" c="35 36" t="1"/>
		<b id="11" c="36 37" t="1"/>
		<b id="12" c="35 30" t="ar"/>
		<b id="13" c="30 31" t="1"/>
		<b id="14" c="30 25" t="ar"/>
		<b id="15" c="25 26" t="1"/>
		<b id="16" c="25 19" t="ar"/>
		<b id="17" c="19 20" t="1"/>
		<b id="18" c="20 21" t="1"/>
		<b id="19" c="19 18" t="ar"/>
		<b id="20" c="2 1" t="1"/>
		<b id="21" c="2 3" t="1"/>
		<b id="22" c="5 6" t="1"/>
		<b id="23" c="5 7" t="1"/>
		<b id="24" c="5 8" t="1"/>
		<b id="25" c="9 10" t="1"/>
		<b id="26" c="9 11" t="1"/>
		<b id="27" c="12 13" t="1"/>
		<b id="28" c="12 14" t="1"/>
		<b id="29" c="15 16" t="1"/>
		<b id="30" c="15 17" t="1"/>
		<b id="31" c="42 43" t="1"/>
		<b id="32" c="42 44" t="1"/>
		<b id="33" c="42 45" t="1"/>
		<b id="34" c="37 38" t="1"/>
		<b id="35" c="37 39" t="1"/>
		<b id="36" c="37 40" t="1"/>
		<b id="37" c="31 32" t="1"/>
		<b id="38" c="31 33" t="1"/>
		<b id="39" c="31 34" t="1"/>
		<b id="40" c="26 27" t="1"/>
		<b id="41" c="26 28" t="1"/>
		<b id="42" c="26 29" t="1"/>
		<b id="43" c="21 22" t="1"/>
		<b id="44" c="21 23" t="1"/>
		<b id="45" c="21 24" t="1"/>
	</bonds>
	<geometry>
		<g u="A" t="cart/3d">#45,3:2.9528,0.6945,-2.7297;3.9992,0.6636,-2.4450;4.7149,0.8728,-3.2350;4.4007,0.3802,-1.1946;5.8674,0.3450,-0.8525;6.5004,0.5690,-1.7177;6.0934,1.0823,-0.0753;6.1471,-0.6473,-0.4839;3.4777,0.0738,-0.0307;3.6980,0.7903,0.7714;3.7363,-0.9217,0.3530;1.9700,0.1097,-0.3099;1.7206,-0.6161,-1.0942;1.6852,1.1000,-0.6864;1.1691,-0.2090,0.9578;1.4462,0.4816,1.7616;1.4541,-1.1962,1.3393;-0.3266,-0.1575,0.7015;-0.9900,-1.2972,0.1965;-0.2570,-2.4457,-0.0044;-0.3935,-3.3208,1.1187;-0.1904,-2.8082,2.0657;0.3407,-4.1240,1.0051;-1.3887,-3.7753,1.1453;-2.3517,-1.2750,-0.1645;-3.0015,-2.4892,-0.7780;-3.6905,-2.2015,-1.5789;-3.5505,-3.0478,-0.0138;-2.2689,-3.1577,-1.2409;-3.1005,-0.1053,0.0807;-4.5801,-0.0624,-0.2079;-5.0648,-0.9972,0.0920;-4.7492,0.1051,-1.2760;-5.0853,0.7297,0.3537;-2.4354,1.0413,0.5602;-3.1585,2.1986,0.7434;-3.1404,2.9808,-0.4541;-3.6451,2.4632,-1.2764;-3.6855,3.9079,-0.2538;-2.1185,3.2458,-0.7466;-1.0675,1.0290,0.9021;-0.4121,2.2576,1.4816;-0.0163,2.0380,2.4786;-1.1038,3.0960,1.6020;0.3987,2.5994,0.8310;</g>
	</geometry>
	<conformers/>
	<properties/>
</molecule>
