<?xml version="1.0" ?>
<!--MOLLI PACKAGE EXPERIMENTAL XML FORMAT-->
<molecule name="react_171">
	<atoms>
		<a id="1" s="H" t="H" l="H"/>
		<a id="2" s="C" t="C.2" l="C"/>
		<a id="3" s="H" t="H" l="H"/>
		<a id="4" s="C" t="C.2" l="C"/>
		<a id="5" s="C" t="C.ar" l="C"/>
		<a id="6" s="C" t="C.ar" l="C"/>
		<a id="7" s="H" t="H" l="H"/>
		<a id="8" s="C" t="C.ar" l="C"/>
		<a id="9" s="H" t="H" l="H"/>
		<a id="10" s="C" t="C.ar" l="C"/>
		<a id="11" s="H" t="H" l="H"/>
		<a id="12" s="C" t="C.ar" l="C"/>
		<a id="13" s="H" t="H" l="H"/>
		<a id="14" s="C" t="C.ar" l="C"/>
		<a id="15" s="H" t="H" l="H"/>
		<a id="16" s="C" t="C.3" l="C"/>
		<a id="17" s="C" t="C.3" l="C"/>
		<a id="18" s="H" t="H" l="H"/>
		<a id="19" s="H" t="H" l="H"/>
		<a id="20" s="C" t="C.3" l="C"/>
		<a id="21" s="H" t="H" l="H"/>
		<a id="22" s="C" t="C.3" l="C"/>
		<a id="23" s="H" t="H" l="H"/>
		<a id="24" s="H" t="H" l="H"/>
		<a id="25" s="C" t="C.3" l="C"/>
		<a id="26" s="H" t="H" l="H"/>
		<a id="27" s="C" t="C.3" l="C"/>
		<a id="28" s="H" t="H" l="H"/>
		<a id="29" s="H" t="H" l="H"/>
		<a id="30" s="C" t="C.3" l="C"/>
		<a id="31" s="H" t="H" l="H"/>
		<a id="32" s="H" t="H" l="H"/>
		<a id="33" s="C" t="C.3" l="C"/>
		<a id="34" s="H" t="H" l="H"/>
		<a id="35" s="C" t="C.3" l="C"/>
		<a id="36" s="H" t="H" l="H"/>
		<a id="37" s="H" t="H" l="H"/>
		<a id="38" s="C" t="C.3" l="C"/>
		<a id="39" s="H" t="H" l="H"/>
		<a id="40" s="H" t="H" l="H"/>
	</atoms>
	<bonds>
		<b id="1" c="2 4" t="2"/>
		<b id="2" c="4 5" t="1"/>
		<b id="3" c="5 6" t="ar"/>
		<b id="4" c="6 8" t="ar"/>
		<b id="5" c="8 10" t="ar"/>
		<b id="6" c="10 12" t="ar"/>
		<b id="7" c="12 14" t="ar"/>
		<b id="8" c="4 16" t="1"/>
		<b id="9" c="16 17" t="1"/>
		<b id="10" c="17 20" t="1"/>
		<b id="11" c="20 22" t="1"/>
		<b id="12" c="22 25" t="1"/>
		<b id="13" c="25 27" t="1"/>
		<b id="14" c="25 30" t="1"/>
		<b id="15" c="30 33" t="1"/>
		<b id="16" c="33 35" t="1"/>
		<b id="17" c="33 38" t="1"/>
		<b id="18" c="14 5" t="ar"/>
		<b id="19" c="27 16" t="1"/>
		<b id="20" c="35 16" t="1"/>
		<b id="21" c="38 20" t="1"/>
		<b id="22" c="2 1" t="1"/>
		<b id="23" c="2 3" t="1"/>
		<b id="24" c="6 7" t="1"/>
		<b id="25" c="8 9" t="1"/>
		<b id="26" c="10 11" t="1"/>
		<b id="27" c="12 13" t="1"/>
		<b id="28" c="14 15" t="1"/>
		<b id="29" c="17 18" t="1"/>
		<b id="30" c="17 19" t="1"/>
		<b id="31" c="20 21" t="1"/>
		<b id="32" c="22 23" t="1"/>
		<b id="33" c="22 24" t="1"/>
		<b id="34" c="25 26" t="1"/>
		<b id="35" c="27 28" t="1"/>
		<b id="36" c="27 29" t="1"/>
		<b id="37" c="30 31" t="1"/>
		<b id="38" c="30 32" t="1"/>
		<b id="39" c="33 34" t="1"/>
		<b id="40" c="35 36" t="1"/>
		<b id="41" c="35 37" t="1"/>
		<b id="42" c="38 39" t="1"/>
		<b id="43" c="38 40" t="1"/>
	</bonds>
	<geometry>
		<g u="A" t="cart/3d">#40,3:2.5581,0.7776,2.6159;1.5449,0.8711,2.2313;0.8642,1.4520,2.8422;1.1768,0.2971,1.0710;2.2449,-0.4560,0.3781;3.0975,0.1914,-0.5254;2.9637,1.2486,-0.7417;4.1254,-0.5124,-1.1564;4.7775,-0.0035,-1.8612;4.3178,-1.8647,-0.8781;5.1188,-2.4119,-1.3683;3.4882,-2.5129,0.0355;3.6432,-3.5647,0.2606;2.4601,-1.8098,0.6669;1.8261,-2.3227,1.3861;-0.2240,0.3614,0.4300;-0.1667,1.0249,-0.9777;0.5007,0.4658,-1.6449;0.2428,2.0408,-0.9002;-1.5599,1.0786,-1.6308;-1.4836,1.5429,-2.6205;-2.1080,-0.3505,-1.7720;-1.4472,-0.9443,-2.4154;-3.0903,-0.3282,-2.2597;-2.2245,-1.0081,-0.3876;-2.6198,-2.0245,-0.4951;-0.8318,-1.0631,0.2663;-0.1867,-1.6922,-0.3593;-0.9034,-1.5580,1.2439;-3.1699,-0.1776,0.4906;-4.1717,-0.1522,0.0445;-3.2730,-0.6445,1.4778;-2.6242,1.2493,0.6373;-3.3005,1.8393,1.2661;-1.2319,1.1929,1.2870;-1.3293,0.7562,2.2900;-0.8633,2.2192,1.4184;-2.5080,1.9006,-0.7475;-2.1353,2.9277,-0.6503;-3.4976,1.9643,-1.2164;</g>
	</geometry>
	<conformers/>
	<properties/>
</molecule>
