<?xml version="1.0" ?>
<!--MOLLI PACKAGE EXPERIMENTAL XML FORMAT-->
<molecule name="react_172">
	<atoms>
		<a id="1" s="H" t="H" l="H"/>
		<a id="2" s="C" t="C.2" l="C"/>
		<a id="3" s="H" t="H" l="H"/>
		<a id="4" s="C" t="C.2" l="C"/>
		<a id="5" s="C" t="C.2" l="C"/>
		<a id="6" s="O" t="O.2" l="O"/>
		<a id="7" s="O" t="O.3" l="O"/>
		<a id="8" s="C" t="C.3" l="C"/>
		<a id="9" s="H" t="H" l="H"/>
		<a id="10" s="H" t="H" l="H"/>
		<a id="11" s="H" t="H" l="H"/>
		<a id="12" s="C" t="C.3" l="C"/>
		<a id="13" s="H" t="H" l="H"/>
		<a id="14" s="H" t="H" l="H"/>
		<a id="15" s="C" t="C.3" l="C"/>
		<a id="16" s="H" t="H" l="H"/>
		<a id="17" s="H" t="H" l="H"/>
		<a id="18" s="C" t="C.3" l="C"/>
		<a id="19" s="H" t="H" l="H"/>
		<a id="20" s="H" t="H" l="H"/>
		<a id="21" s="C" t="C.3" l="C"/>
		<a id="22" s="H" t="H" l="H"/>
		<a id="23" s="H" t="H" l="H"/>
		<a id="24" s="C" t="C.3" l="C"/>
		<a id="25" s="H" t="H" l="H"/>
		<a id="26" s="H" t="H" l="H"/>
		<a id="27" s="C" t="C.3" l="C"/>
		<a id="28" s="H" t="H" l="H"/>
		<a id="29" s="H" t="H" l="H"/>
		<a id="30" s="C" t="C.3" l="C"/>
		<a id="31" s="H" t="H" l="H"/>
		<a id="32" s="H" t="H" l="H"/>
		<a id="33" s="C" t="C.3" l="C"/>
		<a id="34" s="H" t="H" l="H"/>
		<a id="35" s="H" t="H" l="H"/>
		<a id="36" s="C" t="C.3" l="C"/>
		<a id="37" s="H" t="H" l="H"/>
		<a id="38" s="H" t="H" l="H"/>
		<a id="39" s="C" t="C.3" l="C"/>
		<a id="40" s="H" t="H" l="H"/>
		<a id="41" s="H" t="H" l="H"/>
		<a id="42" s="C" t="C.3" l="C"/>
		<a id="43" s="H" t="H" l="H"/>
		<a id="44" s="H" t="H" l="H"/>
		<a id="45" s="C" t="C.3" l="C"/>
		<a id="46" s="H" t="H" l="H"/>
		<a id="47" s="H" t="H" l="H"/>
		<a id="48" s="C" t="C.3" l="C"/>
		<a id="49" s="H" t="H" l="H"/>
		<a id="50" s="H" t="H" l="H"/>
		<a id="51" s="C" t="C.3" l="C"/>
		<a id="52" s="H" t="H" l="H"/>
		<a id="53" s="H" t="H" l="H"/>
		<a id="54" s="H" t="H" l="H"/>
	</atoms>
	<bonds>
		<b id="1" c="2 4" t="2"/>
		<b id="2" c="4 12" t="1"/>
		<b id="3" c="12 15" t="1"/>
		<b id="4" c="15 18" t="1"/>
		<b id="5" c="18 21" t="1"/>
		<b id="6" c="21 24" t="1"/>
		<b id="7" c="24 27" t="1"/>
		<b id="8" c="27 30" t="1"/>
		<b id="9" c="30 33" t="1"/>
		<b id="10" c="33 36" t="1"/>
		<b id="11" c="36 39" t="1"/>
		<b id="12" c="39 42" t="1"/>
		<b id="13" c="42 45" t="1"/>
		<b id="14" c="45 48" t="1"/>
		<b id="15" c="48 51" t="1"/>
		<b id="16" c="4 5" t="1"/>
		<b id="17" c="5 6" t="2"/>
		<b id="18" c="5 7" t="1"/>
		<b id="19" c="7 8" t="1"/>
		<b id="20" c="2 1" t="1"/>
		<b id="21" c="2 3" t="1"/>
		<b id="22" c="12 13" t="1"/>
		<b id="23" c="12 14" t="1"/>
		<b id="24" c="15 16" t="1"/>
		<b id="25" c="15 17" t="1"/>
		<b id="26" c="18 19" t="1"/>
		<b id="27" c="18 20" t="1"/>
		<b id="28" c="21 22" t="1"/>
		<b id="29" c="21 23" t="1"/>
		<b id="30" c="24 25" t="1"/>
		<b id="31" c="24 26" t="1"/>
		<b id="32" c="27 28" t="1"/>
		<b id="33" c="27 29" t="1"/>
		<b id="34" c="30 31" t="1"/>
		<b id="35" c="30 32" t="1"/>
		<b id="36" c="33 34" t="1"/>
		<b id="37" c="33 35" t="1"/>
		<b id="38" c="36 37" t="1"/>
		<b id="39" c="36 38" t="1"/>
		<b id="40" c="39 40" t="1"/>
		<b id="41" c="39 41" t="1"/>
		<b id="42" c="42 43" t="1"/>
		<b id="43" c="42 44" t="1"/>
		<b id="44" c="45 46" t="1"/>
		<b id="45" c="45 47" t="1"/>
		<b id="46" c="48 49" t="1"/>
		<b id="47" c="48 50" t="1"/>
		<b id="48" c="51 52" t="1"/>
		<b id="49" c="51 53" t="1"/>
		<b id="50" c="51 54" t="1"/>
		<b id="51" c="8 9" t="1"/>
		<b id="52" c="8 10" t="1"/>
		<b id="53" c="8 11" t="1"/>
	</bonds>
	<geometry>
		<g u="A" t="cart/3d">#54,3:3.8053,1.5248,1.9710;4.6275,1.5135,1.2653;4.8871,2.4773,0.8365;5.2903,0.3852,0.9522;6.4410,0.4169,-0.0087;7.2001,-0.5275,-0.1737;6.5113,1.6018,-0.6679;7.5832,1.6807,-1.6074;7.4656,0.9229,-2.3883;8.5471,1.5703,-1.1005;7.5506,2.6681,-2.0762;4.9993,-0.9886,1.5206;5.7424,-1.1622,2.3110;5.1890,-1.7506,0.7535;3.6107,-1.2728,2.1176;3.2504,-0.4406,2.7308;3.7266,-2.1171,2.8109;2.5386,-1.6890,1.1003;2.8854,-2.5717,0.5490;1.6583,-2.0059,1.6707;2.1379,-0.5957,0.1101;3.0075,-0.3175,-0.4943;1.8169,0.3012,0.6524;1.0324,-1.0295,-0.8593;0.9266,-0.2499,-1.6242;1.3381,-1.9443,-1.3813;-0.3238,-1.2460,-0.1823;-0.5866,-0.3477,0.3872;-0.2629,-2.0788,0.5265;-1.4128,-1.5481,-1.2150;-1.0964,-2.4004,-1.8297;-1.5210,-0.7005,-1.9013;-2.7678,-1.8947,-0.5903;-3.4736,-2.1217,-1.3992;-2.6611,-2.8189,-0.0084;-3.3835,-0.8241,0.3173;-4.3275,-1.2266,0.7024;-2.7421,-0.6558,1.1897;-3.6467,0.5026,-0.3988;-4.2826,0.3335,-1.2749;-2.7011,0.9079,-0.7768;-4.2696,1.5696,0.5080;-4.3515,2.5038,-0.0606;-3.5765,1.7808,1.3323;-5.6364,1.2232,1.1076;-5.5241,0.3952,1.8173;-5.9765,2.0810,1.7019;-6.7287,0.8586,0.0997;-6.4566,-0.0506,-0.4472;-7.6441,0.6218,0.6554;-7.0391,1.9729,-0.8875;-6.1893,2.1737,-1.5464;-7.8879,1.6899,-1.5183;-7.2994,2.8990,-0.3654;</g>
	</geometry>
	<conformers/>
	<properties/>
</molecule>
