<?xml version="1.0" ?>
<!--MOLLI PACKAGE EXPERIMENTAL XML FORMAT-->
<molecule name="react_173">
	<atoms>
		<a id="1" s="H" t="H" l="H"/>
		<a id="2" s="C" t="C.2" l="C"/>
		<a id="3" s="H" t="H" l="H"/>
		<a id="4" s="C" t="C.2" l="C"/>
		<a id="5" s="C" t="C.3" l="C"/>
		<a id="6" s="H" t="H" l="H"/>
		<a id="7" s="H" t="H" l="H"/>
		<a id="8" s="H" t="H" l="H"/>
		<a id="9" s="C" t="C.3" l="C"/>
		<a id="10" s="H" t="H" l="H"/>
		<a id="11" s="H" t="H" l="H"/>
		<a id="12" s="C" t="C.ar" l="C"/>
		<a id="13" s="C" t="C.ar" l="C"/>
		<a id="14" s="H" t="H" l="H"/>
		<a id="15" s="C" t="C.ar" l="C"/>
		<a id="16" s="H" t="H" l="H"/>
		<a id="17" s="C" t="C.ar" l="C"/>
		<a id="18" s="C" t="C.ar" l="C"/>
		<a id="19" s="C" t="C.ar" l="C"/>
		<a id="20" s="O" t="O.3" l="O"/>
		<a id="21" s="C" t="C.3" l="C"/>
		<a id="22" s="H" t="H" l="H"/>
		<a id="23" s="H" t="H" l="H"/>
		<a id="24" s="H" t="H" l="H"/>
		<a id="25" s="C" t="C.2" l="C"/>
		<a id="26" s="O" t="O.2" l="O"/>
		<a id="27" s="C" t="C.ar" l="C"/>
		<a id="28" s="C" t="C.ar" l="C"/>
		<a id="29" s="H" t="H" l="H"/>
		<a id="30" s="C" t="C.ar" l="C"/>
		<a id="31" s="H" t="H" l="H"/>
		<a id="32" s="C" t="C.ar" l="C"/>
		<a id="33" s="H" t="H" l="H"/>
		<a id="34" s="C" t="C.ar" l="C"/>
		<a id="35" s="O" t="O.3" l="O"/>
		<a id="36" s="C" t="C.3" l="C"/>
		<a id="37" s="H" t="H" l="H"/>
		<a id="38" s="H" t="H" l="H"/>
		<a id="39" s="H" t="H" l="H"/>
		<a id="40" s="C" t="C.ar" l="C"/>
		<a id="41" s="C" t="C.2" l="C"/>
		<a id="42" s="O" t="O.2" l="O"/>
	</atoms>
	<bonds>
		<b id="1" c="2 4" t="2"/>
		<b id="2" c="4 5" t="1"/>
		<b id="3" c="4 9" t="1"/>
		<b id="4" c="9 12" t="1"/>
		<b id="5" c="12 13" t="ar"/>
		<b id="6" c="13 15" t="ar"/>
		<b id="7" c="15 17" t="ar"/>
		<b id="8" c="17 18" t="ar"/>
		<b id="9" c="18 19" t="ar"/>
		<b id="10" c="19 20" t="1"/>
		<b id="11" c="20 21" t="1"/>
		<b id="12" c="18 25" t="1"/>
		<b id="13" c="25 26" t="2"/>
		<b id="14" c="25 27" t="1"/>
		<b id="15" c="27 28" t="ar"/>
		<b id="16" c="28 30" t="ar"/>
		<b id="17" c="30 32" t="ar"/>
		<b id="18" c="32 34" t="ar"/>
		<b id="19" c="34 35" t="1"/>
		<b id="20" c="35 36" t="1"/>
		<b id="21" c="34 40" t="ar"/>
		<b id="22" c="40 41" t="1"/>
		<b id="23" c="41 42" t="2"/>
		<b id="24" c="19 12" t="ar"/>
		<b id="25" c="40 27" t="ar"/>
		<b id="26" c="41 17" t="1"/>
		<b id="27" c="2 1" t="1"/>
		<b id="28" c="2 3" t="1"/>
		<b id="29" c="5 6" t="1"/>
		<b id="30" c="5 7" t="1"/>
		<b id="31" c="5 8" t="1"/>
		<b id="32" c="9 10" t="1"/>
		<b id="33" c="9 11" t="1"/>
		<b id="34" c="13 14" t="1"/>
		<b id="35" c="15 16" t="1"/>
		<b id="36" c="21 22" t="1"/>
		<b id="37" c="21 23" t="1"/>
		<b id="38" c="21 24" t="1"/>
		<b id="39" c="28 29" t="1"/>
		<b id="40" c="30 31" t="1"/>
		<b id="41" c="32 33" t="1"/>
		<b id="42" c="36 37" t="1"/>
		<b id="43" c="36 38" t="1"/>
		<b id="44" c="36 39" t="1"/>
	</bonds>
	<geometry>
		<g u="A" t="cart/3d">#42,3:-2.9013,0.9627,-1.8852;-3.9690,0.9519,-1.6919;-4.6120,1.0651,-2.5603;-4.4800,0.8045,-0.4566;-5.9728,0.7890,-0.2503;-6.2846,-0.1632,0.1907;-6.2713,1.5995,0.4227;-6.5230,0.9180,-1.1882;-3.6782,0.6372,0.8234;-3.9694,-0.3062,1.3021;-3.9865,1.4202,1.5304;-2.1689,0.7049,0.6997;-1.5533,1.9631,0.6185;-2.1565,2.8697,0.6252;-0.1673,2.0685,0.5364;0.2908,3.0553,0.4813;0.6293,0.9159,0.5412;0.0430,-0.3496,0.6009;-1.3619,-0.4507,0.6655;-1.9741,-1.6696,0.8136;-2.2889,-2.2489,-0.4557;-1.6003,-1.9470,-1.2537;-3.3128,-1.9853,-0.7342;-2.2380,-3.3369,-0.3515;0.9288,-1.5404,0.5856;0.5023,-2.6722,0.3912;2.3818,-1.3632,0.7917;3.1747,-2.5002,1.0202;2.7219,-3.4908,1.0400;4.5448,-2.3707,1.2384;5.1528,-3.2515,1.4313;5.1264,-1.1065,1.2265;6.1898,-0.9976,1.4265;4.3429,0.0251,0.9720;4.9625,1.2441,1.0491;5.5854,1.5713,-0.1939;4.9032,1.4445,-1.0412;6.4861,0.9674,-0.3438;5.8849,2.6226,-0.1520;2.9604,-0.0942,0.7591;2.0973,1.0751,0.4809;2.5611,2.1690,0.1827;</g>
	</geometry>
	<conformers/>
	<properties/>
</molecule>
