<?xml version="1.0" ?>
<!--MOLLI PACKAGE EXPERIMENTAL XML FORMAT-->
<molecule name="react_174">
	<atoms>
		<a id="1" s="H" t="H" l="H"/>
		<a id="2" s="C" t="C.2" l="C"/>
		<a id="3" s="H" t="H" l="H"/>
		<a id="4" s="C" t="C.2" l="C"/>
		<a id="5" s="C" t="C.ar" l="C"/>
		<a id="6" s="C" t="C.ar" l="C"/>
		<a id="7" s="H" t="H" l="H"/>
		<a id="8" s="C" t="C.ar" l="C"/>
		<a id="9" s="H" t="H" l="H"/>
		<a id="10" s="C" t="C.ar" l="C"/>
		<a id="11" s="H" t="H" l="H"/>
		<a id="12" s="C" t="C.ar" l="C"/>
		<a id="13" s="H" t="H" l="H"/>
		<a id="14" s="C" t="C.ar" l="C"/>
		<a id="15" s="H" t="H" l="H"/>
		<a id="16" s="C" t="C.3" l="C"/>
		<a id="17" s="H" t="H" l="H"/>
		<a id="18" s="H" t="H" l="H"/>
		<a id="19" s="P" t="P.3" l="P"/>
		<a id="20" s="O" t="O.2" l="O"/>
		<a id="21" s="C" t="C.ar" l="C"/>
		<a id="22" s="C" t="C.ar" l="C"/>
		<a id="23" s="H" t="H" l="H"/>
		<a id="24" s="C" t="C.ar" l="C"/>
		<a id="25" s="H" t="H" l="H"/>
		<a id="26" s="C" t="C.ar" l="C"/>
		<a id="27" s="H" t="H" l="H"/>
		<a id="28" s="C" t="C.ar" l="C"/>
		<a id="29" s="H" t="H" l="H"/>
		<a id="30" s="C" t="C.ar" l="C"/>
		<a id="31" s="H" t="H" l="H"/>
		<a id="32" s="C" t="C.ar" l="C"/>
		<a id="33" s="C" t="C.ar" l="C"/>
		<a id="34" s="H" t="H" l="H"/>
		<a id="35" s="C" t="C.ar" l="C"/>
		<a id="36" s="H" t="H" l="H"/>
		<a id="37" s="C" t="C.ar" l="C"/>
		<a id="38" s="H" t="H" l="H"/>
		<a id="39" s="C" t="C.ar" l="C"/>
		<a id="40" s="H" t="H" l="H"/>
		<a id="41" s="C" t="C.ar" l="C"/>
		<a id="42" s="H" t="H" l="H"/>
	</atoms>
	<bonds>
		<b id="1" c="2 4" t="2"/>
		<b id="2" c="4 16" t="1"/>
		<b id="3" c="16 19" t="1"/>
		<b id="4" c="19 20" t="2"/>
		<b id="5" c="19 21" t="1"/>
		<b id="6" c="21 22" t="ar"/>
		<b id="7" c="22 24" t="ar"/>
		<b id="8" c="24 26" t="ar"/>
		<b id="9" c="26 28" t="ar"/>
		<b id="10" c="28 30" t="ar"/>
		<b id="11" c="19 32" t="1"/>
		<b id="12" c="32 33" t="ar"/>
		<b id="13" c="33 35" t="ar"/>
		<b id="14" c="35 37" t="ar"/>
		<b id="15" c="37 39" t="ar"/>
		<b id="16" c="39 41" t="ar"/>
		<b id="17" c="4 5" t="1"/>
		<b id="18" c="5 6" t="ar"/>
		<b id="19" c="6 8" t="ar"/>
		<b id="20" c="8 10" t="ar"/>
		<b id="21" c="10 12" t="ar"/>
		<b id="22" c="12 14" t="ar"/>
		<b id="23" c="30 21" t="ar"/>
		<b id="24" c="41 32" t="ar"/>
		<b id="25" c="14 5" t="ar"/>
		<b id="26" c="2 1" t="1"/>
		<b id="27" c="2 3" t="1"/>
		<b id="28" c="16 17" t="1"/>
		<b id="29" c="16 18" t="1"/>
		<b id="30" c="22 23" t="1"/>
		<b id="31" c="24 25" t="1"/>
		<b id="32" c="26 27" t="1"/>
		<b id="33" c="28 29" t="1"/>
		<b id="34" c="30 31" t="1"/>
		<b id="35" c="33 34" t="1"/>
		<b id="36" c="35 36" t="1"/>
		<b id="37" c="37 38" t="1"/>
		<b id="38" c="39 40" t="1"/>
		<b id="39" c="41 42" t="1"/>
		<b id="40" c="6 7" t="1"/>
		<b id="41" c="8 9" t="1"/>
		<b id="42" c="10 11" t="1"/>
		<b id="43" c="12 13" t="1"/>
		<b id="44" c="14 15" t="1"/>
	</bonds>
	<geometry>
		<g u="A" t="cart/3d">#42,3:1.3602,1.5136,3.1510;1.1892,1.9239,2.1584;0.9113,2.9740,2.1226;1.3504,1.1930,1.0405;1.8369,-0.1978,1.1782;2.9171,-0.6604,0.4167;3.4348,-0.0095,-0.2836;3.3832,-1.9714,0.5566;4.2340,-2.3104,-0.0380;2.7835,-2.8358,1.4688;3.1630,-3.8488,1.5843;1.7088,-2.3934,2.2354;1.2482,-3.0652,2.9527;1.2398,-1.0846,2.0916;0.3964,-0.7701,2.6962;1.2224,1.8150,-0.3300;2.0989,1.5944,-0.9478;1.2079,2.9104,-0.2461;-0.2540,1.3405,-1.2963;-0.1705,2.1340,-2.5898;-0.1575,-0.4226,-1.6136;-0.6765,-1.3826,-0.7332;-1.1594,-1.0760,0.1912;-0.5658,-2.7478,-1.0195;-0.9675,-3.4815,-0.3196;0.0600,-3.1724,-2.1920;0.1483,-4.2375,-2.4119;0.5709,-2.2293,-3.0825;1.0544,-2.5524,-4.0043;0.4617,-0.8654,-2.7951;0.8552,-0.1368,-3.5007;-1.7591,1.7590,-0.4149;-1.8071,2.8348,0.4824;-0.9239,3.4412,0.6598;-2.9950,3.1749,1.1370;-3.0137,4.0135,1.8305;-4.1626,2.4581,0.8867;-5.0870,2.7299,1.3886;-4.1440,1.4124,-0.0312;-5.0558,0.8680,-0.2555;-2.9568,1.0765,-0.6873;-2.9799,0.2847,-1.4362;</g>
	</geometry>
	<conformers/>
	<properties/>
</molecule>
