<?xml version="1.0" ?>
<!--MOLLI PACKAGE EXPERIMENTAL XML FORMAT-->
<molecule name="react_87">
	<atoms>
		<a id="1" s="H" t="H" l="H"/>
		<a id="2" s="C" t="C.2" l="C"/>
		<a id="3" s="C" t="C.2" l="C"/>
		<a id="4" s="C" t="C.3" l="C"/>
		<a id="5" s="H" t="H" l="H"/>
		<a id="6" s="H" t="H" l="H"/>
		<a id="7" s="O" t="O.3" l="O"/>
		<a id="8" s="Si" t="Si" l="SI"/>
		<a id="9" s="C" t="C.3" l="C"/>
		<a id="10" s="H" t="H" l="H"/>
		<a id="11" s="C" t="C.3" l="C"/>
		<a id="12" s="H" t="H" l="H"/>
		<a id="13" s="H" t="H" l="H"/>
		<a id="14" s="H" t="H" l="H"/>
		<a id="15" s="C" t="C.3" l="C"/>
		<a id="16" s="H" t="H" l="H"/>
		<a id="17" s="H" t="H" l="H"/>
		<a id="18" s="H" t="H" l="H"/>
		<a id="19" s="C" t="C.3" l="C"/>
		<a id="20" s="H" t="H" l="H"/>
		<a id="21" s="C" t="C.3" l="C"/>
		<a id="22" s="H" t="H" l="H"/>
		<a id="23" s="H" t="H" l="H"/>
		<a id="24" s="H" t="H" l="H"/>
		<a id="25" s="C" t="C.3" l="C"/>
		<a id="26" s="H" t="H" l="H"/>
		<a id="27" s="H" t="H" l="H"/>
		<a id="28" s="H" t="H" l="H"/>
		<a id="29" s="C" t="C.3" l="C"/>
		<a id="30" s="H" t="H" l="H"/>
		<a id="31" s="C" t="C.3" l="C"/>
		<a id="32" s="H" t="H" l="H"/>
		<a id="33" s="H" t="H" l="H"/>
		<a id="34" s="H" t="H" l="H"/>
		<a id="35" s="C" t="C.3" l="C"/>
		<a id="36" s="H" t="H" l="H"/>
		<a id="37" s="H" t="H" l="H"/>
		<a id="38" s="H" t="H" l="H"/>
		<a id="39" s="C" t="C.3" l="C"/>
		<a id="40" s="H" t="H" l="H"/>
		<a id="41" s="H" t="H" l="H"/>
		<a id="42" s="C" t="C.3" l="C"/>
		<a id="43" s="H" t="H" l="H"/>
		<a id="44" s="H" t="H" l="H"/>
		<a id="45" s="C" t="C.3" l="C"/>
		<a id="46" s="O" t="O.3" l="O"/>
		<a id="47" s="C" t="C.3" l="C"/>
		<a id="48" s="H" t="H" l="H"/>
		<a id="49" s="H" t="H" l="H"/>
		<a id="50" s="H" t="H" l="H"/>
		<a id="51" s="O" t="O.3" l="O"/>
		<a id="52" s="C" t="C.3" l="C"/>
		<a id="53" s="H" t="H" l="H"/>
		<a id="54" s="H" t="H" l="H"/>
		<a id="55" s="H" t="H" l="H"/>
		<a id="56" s="C" t="C.3" l="C"/>
		<a id="57" s="H" t="H" l="H"/>
		<a id="58" s="H" t="H" l="H"/>
	</atoms>
	<bonds>
		<b id="1" c="47 46" t="1"/>
		<b id="2" c="46 45" t="1"/>
		<b id="3" c="45 51" t="1"/>
		<b id="4" c="51 52" t="1"/>
		<b id="5" c="45 56" t="1"/>
		<b id="6" c="56 2" t="1"/>
		<b id="7" c="2 3" t="2"/>
		<b id="8" c="3 4" t="1"/>
		<b id="9" c="4 7" t="1"/>
		<b id="10" c="7 8" t="1"/>
		<b id="11" c="8 9" t="1"/>
		<b id="12" c="9 11" t="1"/>
		<b id="13" c="9 15" t="1"/>
		<b id="14" c="8 19" t="1"/>
		<b id="15" c="19 21" t="1"/>
		<b id="16" c="19 25" t="1"/>
		<b id="17" c="8 29" t="1"/>
		<b id="18" c="29 31" t="1"/>
		<b id="19" c="29 35" t="1"/>
		<b id="20" c="3 39" t="1"/>
		<b id="21" c="39 42" t="1"/>
		<b id="22" c="42 45" t="1"/>
		<b id="23" c="47 48" t="1"/>
		<b id="24" c="47 49" t="1"/>
		<b id="25" c="47 50" t="1"/>
		<b id="26" c="52 53" t="1"/>
		<b id="27" c="52 54" t="1"/>
		<b id="28" c="52 55" t="1"/>
		<b id="29" c="56 57" t="1"/>
		<b id="30" c="56 58" t="1"/>
		<b id="31" c="2 1" t="1"/>
		<b id="32" c="4 5" t="1"/>
		<b id="33" c="4 6" t="1"/>
		<b id="34" c="9 10" t="1"/>
		<b id="35" c="11 12" t="1"/>
		<b id="36" c="11 13" t="1"/>
		<b id="37" c="11 14" t="1"/>
		<b id="38" c="15 16" t="1"/>
		<b id="39" c="15 17" t="1"/>
		<b id="40" c="15 18" t="1"/>
		<b id="41" c="19 20" t="1"/>
		<b id="42" c="21 22" t="1"/>
		<b id="43" c="21 23" t="1"/>
		<b id="44" c="21 24" t="1"/>
		<b id="45" c="25 26" t="1"/>
		<b id="46" c="25 27" t="1"/>
		<b id="47" c="25 28" t="1"/>
		<b id="48" c="29 30" t="1"/>
		<b id="49" c="31 32" t="1"/>
		<b id="50" c="31 33" t="1"/>
		<b id="51" c="31 34" t="1"/>
		<b id="52" c="35 36" t="1"/>
		<b id="53" c="35 37" t="1"/>
		<b id="54" c="35 38" t="1"/>
		<b id="55" c="39 40" t="1"/>
		<b id="56" c="39 41" t="1"/>
		<b id="57" c="42 43" t="1"/>
		<b id="58" c="42 44" t="1"/>
	</bonds>
	<geometry>
		<g u="A" t="cart/3d">#58,3:1.2109,1.3293,-1.3432;2.0070,0.7042,-0.9430;1.7067,-0.4386,-0.2987;0.2942,-0.9272,-0.0437;0.1553,-1.8803,-0.5671;0.1751,-1.0882,1.0351;-0.6595,0.0112,-0.5234;-2.2597,-0.0709,-0.0295;-3.2735,1.3960,-0.8949;-3.1687,2.2464,-0.2107;-2.6596,1.7988,-2.2424;-2.6939,0.9769,-2.9654;-3.2009,2.6482,-2.6733;-1.6127,2.1012,-2.1283;-4.7654,1.0942,-1.0648;-4.9345,0.2815,-1.7791;-5.2340,0.8096,-0.1181;-5.2931,1.9779,-1.4405;-3.0942,-1.7805,-0.4936;-4.1696,-1.6273,-0.3447;-2.8655,-2.1633,-1.9613;-3.3942,-3.0916,-2.2042;-3.2361,-1.3894,-2.6410;-1.8026,-2.3170,-2.1777;-2.6699,-2.9380,0.4190;-2.8922,-2.7239,1.4693;-3.2118,-3.8527,0.1534;-1.5999,-3.1528,0.3395;-2.3827,0.1934,1.9212;-1.9000,-0.6898,2.3563;-1.6038,1.4313,2.3849;-0.5530,1.3804,2.0789;-1.6251,1.5112,3.4773;-2.0276,2.3540,1.9736;-3.8244,0.2517,2.4334;-4.4010,-0.6237,2.1170;-4.3433,1.1469,2.0746;-3.8396,0.2788,3.5286;2.7879,-1.3405,0.2439;2.5741,-2.3765,-0.0491;2.7496,-1.3234,1.3392;4.2037,-1.0053,-0.2259;4.9086,-1.4890,0.4613;4.3643,-1.4762,-1.2059;4.5128,0.4996,-0.3423;4.7791,1.0884,0.9370;3.6948,1.5517,1.7179;4.1071,1.9530,2.6489;3.0123,0.7472,1.9898;3.1590,2.3670,1.2265;5.7051,0.6683,-1.1512;6.9068,0.1845,-0.5697;7.1152,0.6718,0.3867;7.7277,0.4219,-1.2525;6.8805,-0.9011,-0.4475;3.4059,1.2088,-1.1663;3.4352,2.2880,-0.9751;3.6132,1.0940,-2.2392;</g>
	</geometry>
	<conformers/>
	<properties/>
</molecule>
