<?xml version="1.0" ?>
<!--MOLLI PACKAGE EXPERIMENTAL XML FORMAT-->
<molecule name="react_175">
	<atoms>
		<a id="1" s="H" t="H" l="H"/>
		<a id="2" s="C" t="C.2" l="C"/>
		<a id="3" s="H" t="H" l="H"/>
		<a id="4" s="C" t="C.2" l="C"/>
		<a id="5" s="C" t="C.3" l="C"/>
		<a id="6" s="H" t="H" l="H"/>
		<a id="7" s="H" t="H" l="H"/>
		<a id="8" s="O" t="O.3" l="O"/>
		<a id="9" s="Si" t="Si" l="SI"/>
		<a id="10" s="C" t="C.ar" l="C"/>
		<a id="11" s="C" t="C.ar" l="C"/>
		<a id="12" s="H" t="H" l="H"/>
		<a id="13" s="C" t="C.ar" l="C"/>
		<a id="14" s="H" t="H" l="H"/>
		<a id="15" s="C" t="C.ar" l="C"/>
		<a id="16" s="H" t="H" l="H"/>
		<a id="17" s="C" t="C.ar" l="C"/>
		<a id="18" s="H" t="H" l="H"/>
		<a id="19" s="C" t="C.ar" l="C"/>
		<a id="20" s="H" t="H" l="H"/>
		<a id="21" s="C" t="C.ar" l="C"/>
		<a id="22" s="C" t="C.ar" l="C"/>
		<a id="23" s="H" t="H" l="H"/>
		<a id="24" s="C" t="C.ar" l="C"/>
		<a id="25" s="H" t="H" l="H"/>
		<a id="26" s="C" t="C.ar" l="C"/>
		<a id="27" s="H" t="H" l="H"/>
		<a id="28" s="C" t="C.ar" l="C"/>
		<a id="29" s="H" t="H" l="H"/>
		<a id="30" s="C" t="C.ar" l="C"/>
		<a id="31" s="H" t="H" l="H"/>
		<a id="32" s="C" t="C.3" l="C"/>
		<a id="33" s="C" t="C.3" l="C"/>
		<a id="34" s="H" t="H" l="H"/>
		<a id="35" s="H" t="H" l="H"/>
		<a id="36" s="H" t="H" l="H"/>
		<a id="37" s="C" t="C.3" l="C"/>
		<a id="38" s="H" t="H" l="H"/>
		<a id="39" s="H" t="H" l="H"/>
		<a id="40" s="H" t="H" l="H"/>
		<a id="41" s="C" t="C.3" l="C"/>
		<a id="42" s="H" t="H" l="H"/>
		<a id="43" s="H" t="H" l="H"/>
		<a id="44" s="H" t="H" l="H"/>
		<a id="45" s="C" t="C.3" l="C"/>
		<a id="46" s="H" t="H" l="H"/>
		<a id="47" s="H" t="H" l="H"/>
		<a id="48" s="C" t="C.3" l="C"/>
		<a id="49" s="H" t="H" l="H"/>
		<a id="50" s="H" t="H" l="H"/>
		<a id="51" s="H" t="H" l="H"/>
	</atoms>
	<bonds>
		<b id="1" c="2 4" t="2"/>
		<b id="2" c="4 45" t="1"/>
		<b id="3" c="45 48" t="1"/>
		<b id="4" c="4 5" t="1"/>
		<b id="5" c="5 8" t="1"/>
		<b id="6" c="8 9" t="1"/>
		<b id="7" c="9 10" t="1"/>
		<b id="8" c="10 11" t="ar"/>
		<b id="9" c="11 13" t="ar"/>
		<b id="10" c="13 15" t="ar"/>
		<b id="11" c="15 17" t="ar"/>
		<b id="12" c="17 19" t="ar"/>
		<b id="13" c="9 21" t="1"/>
		<b id="14" c="21 22" t="ar"/>
		<b id="15" c="22 24" t="ar"/>
		<b id="16" c="24 26" t="ar"/>
		<b id="17" c="26 28" t="ar"/>
		<b id="18" c="28 30" t="ar"/>
		<b id="19" c="9 32" t="1"/>
		<b id="20" c="32 33" t="1"/>
		<b id="21" c="32 37" t="1"/>
		<b id="22" c="32 41" t="1"/>
		<b id="23" c="19 10" t="ar"/>
		<b id="24" c="30 21" t="ar"/>
		<b id="25" c="2 1" t="1"/>
		<b id="26" c="2 3" t="1"/>
		<b id="27" c="45 46" t="1"/>
		<b id="28" c="45 47" t="1"/>
		<b id="29" c="48 49" t="1"/>
		<b id="30" c="48 50" t="1"/>
		<b id="31" c="48 51" t="1"/>
		<b id="32" c="5 6" t="1"/>
		<b id="33" c="5 7" t="1"/>
		<b id="34" c="11 12" t="1"/>
		<b id="35" c="13 14" t="1"/>
		<b id="36" c="15 16" t="1"/>
		<b id="37" c="17 18" t="1"/>
		<b id="38" c="19 20" t="1"/>
		<b id="39" c="22 23" t="1"/>
		<b id="40" c="24 25" t="1"/>
		<b id="41" c="26 27" t="1"/>
		<b id="42" c="28 29" t="1"/>
		<b id="43" c="30 31" t="1"/>
		<b id="44" c="33 34" t="1"/>
		<b id="45" c="33 35" t="1"/>
		<b id="46" c="33 36" t="1"/>
		<b id="47" c="37 38" t="1"/>
		<b id="48" c="37 39" t="1"/>
		<b id="49" c="37 40" t="1"/>
		<b id="50" c="41 42" t="1"/>
		<b id="51" c="41 43" t="1"/>
		<b id="52" c="41 44" t="1"/>
	</bonds>
	<geometry>
		<g u="A" t="cart/3d">#51,3:4.7720,-0.9060,-1.5582;3.7370,-0.8233,-1.2422;2.9826,-1.1364,-1.9580;3.4028,-0.3580,-0.0248;1.9748,-0.2353,0.4746;1.8787,-0.8189,1.3987;1.7697,0.8204,0.6897;1.0578,-0.7353,-0.4929;-0.5778,-0.4476,-0.3190;-1.0067,-0.4688,1.5251;-1.0019,0.7151,2.2909;-0.7614,1.6770,1.8387;-1.2975,0.6972,3.6571;-1.2923,1.6249,4.2238;-1.5933,-0.5041,4.2918;-1.8220,-0.5184,5.3538;-1.5871,-1.6883,3.5622;-1.8082,-2.6309,4.0567;-1.2918,-1.6722,2.1952;-1.2847,-2.6244,1.6717;-0.9331,1.3102,-0.9513;-2.1790,1.9276,-0.7319;-2.9669,1.4177,-0.1792;-2.4337,3.2150,-1.2106;-3.3999,3.6788,-1.0297;-1.4536,3.9043,-1.9198;-1.6540,4.9049,-2.2930;-0.2177,3.3075,-2.1539;0.5469,3.8415,-2.7121;0.0417,2.0205,-1.6768;1.0157,1.5781,-1.8850;-1.6364,-1.7591,-1.4425;-1.5599,-1.3330,-2.9294;-2.0288,-0.3571,-3.0975;-2.0799,-2.0557,-3.5692;-0.5222,-1.2705,-3.2778;-1.0266,-3.1738,-1.3197;-1.5648,-3.8856,-1.9566;-1.0747,-3.5572,-0.2970;0.0250,-3.1870,-1.6294;-3.1155,-1.7923,-1.0081;-3.2294,-2.1202,0.0301;-3.6876,-2.4886,-1.6324;-3.5877,-0.8086,-1.1005;4.4751,0.0529,0.9611;5.4590,-0.2952,0.6222;4.2943,-0.4423,1.9227;4.5427,1.5602,1.1653;4.7092,2.0812,0.2165;5.3691,1.8111,1.8382;3.6220,1.9479,1.6124;</g>
	</geometry>
	<conformers/>
	<properties/>
</molecule>
