<?xml version="1.0" ?>
<!--MOLLI PACKAGE EXPERIMENTAL XML FORMAT-->
<molecule name="react_178">
	<atoms>
		<a id="1" s="H" t="H" l="H"/>
		<a id="2" s="C" t="C.2" l="C"/>
		<a id="3" s="C" t="C.2" l="C"/>
		<a id="4" s="H" t="H" l="H"/>
		<a id="5" s="C" t="C.3" l="C"/>
		<a id="6" s="H" t="H" l="H"/>
		<a id="7" s="H" t="H" l="H"/>
		<a id="8" s="H" t="H" l="H"/>
		<a id="9" s="C" t="C.ar" l="C"/>
		<a id="10" s="C" t="C.ar" l="C"/>
		<a id="11" s="H" t="H" l="H"/>
		<a id="12" s="C" t="C.ar" l="C"/>
		<a id="13" s="H" t="H" l="H"/>
		<a id="14" s="C" t="C.ar" l="C"/>
		<a id="15" s="O" t="O.3" l="O"/>
		<a id="16" s="C" t="C.3" l="C"/>
		<a id="17" s="H" t="H" l="H"/>
		<a id="18" s="H" t="H" l="H"/>
		<a id="19" s="H" t="H" l="H"/>
		<a id="20" s="C" t="C.ar" l="C"/>
		<a id="21" s="Cl" t="Cl" l="CL"/>
		<a id="22" s="C" t="C.ar" l="C"/>
		<a id="23" s="H" t="H" l="H"/>
	</atoms>
	<bonds>
		<b id="1" c="5 3" t="1"/>
		<b id="2" c="3 2" t="2"/>
		<b id="3" c="2 9" t="1"/>
		<b id="4" c="9 10" t="ar"/>
		<b id="5" c="10 12" t="ar"/>
		<b id="6" c="12 14" t="ar"/>
		<b id="7" c="14 15" t="1"/>
		<b id="8" c="15 16" t="1"/>
		<b id="9" c="14 20" t="ar"/>
		<b id="10" c="20 21" t="1"/>
		<b id="11" c="20 22" t="ar"/>
		<b id="12" c="22 9" t="ar"/>
		<b id="13" c="5 6" t="1"/>
		<b id="14" c="5 7" t="1"/>
		<b id="15" c="5 8" t="1"/>
		<b id="16" c="3 4" t="1"/>
		<b id="17" c="2 1" t="1"/>
		<b id="18" c="10 11" t="1"/>
		<b id="19" c="12 13" t="1"/>
		<b id="20" c="16 17" t="1"/>
		<b id="21" c="16 18" t="1"/>
		<b id="22" c="16 19" t="1"/>
		<b id="23" c="22 23" t="1"/>
	</bonds>
	<geometry>
		<g u="A" t="cart/3d">#23,3:-2.3092,-0.8805,-2.0698;-2.1961,-0.4370,-1.0824;-3.2800,0.0275,-0.4407;-4.2424,-0.0748,-0.9401;-3.3329,0.7037,0.8927;-3.8896,0.0833,1.6016;-3.8532,1.6620,0.7963;-2.3455,0.9073,1.3147;-0.8248,-0.3999,-0.5717;0.1358,0.3743,-1.2268;-0.1379,0.9607,-2.1018;1.4567,0.4140,-0.7634;2.1619,1.0349,-1.3059;1.8367,-0.3263,0.3607;3.1028,-0.3480,0.8849;4.0953,0.4450,0.2482;4.2635,0.1144,-0.7820;5.0325,0.3116,0.7970;3.8360,1.5081,0.2865;0.8676,-1.1094,1.0096;1.2608,-2.0565,2.4040;-0.4513,-1.1493,0.5463;-1.1864,-1.7653,1.0584;</g>
	</geometry>
	<conformers/>
	<properties/>
</molecule>
