<?xml version="1.0" ?>
<!--MOLLI PACKAGE EXPERIMENTAL XML FORMAT-->
<molecule name="react_191">
	<atoms>
		<a id="1" s="H" t="H" l="H"/>
		<a id="2" s="C" t="C.2" l="C"/>
		<a id="3" s="H" t="H" l="H"/>
		<a id="4" s="C" t="C.2" l="C"/>
		<a id="5" s="H" t="H" l="H"/>
		<a id="6" s="C" t="C.ar" l="C"/>
		<a id="7" s="C" t="C.ar" l="C"/>
		<a id="8" s="H" t="H" l="H"/>
		<a id="9" s="C" t="C.ar" l="C"/>
		<a id="10" s="H" t="H" l="H"/>
		<a id="11" s="C" t="C.ar" l="C"/>
		<a id="12" s="Cl" t="Cl" l="CL"/>
		<a id="13" s="C" t="C.ar" l="C"/>
		<a id="14" s="H" t="H" l="H"/>
		<a id="15" s="C" t="C.ar" l="C"/>
		<a id="16" s="H" t="H" l="H"/>
	</atoms>
	<bonds>
		<b id="1" c="2 4" t="2"/>
		<b id="2" c="4 6" t="1"/>
		<b id="3" c="6 7" t="ar"/>
		<b id="4" c="7 9" t="ar"/>
		<b id="5" c="9 11" t="ar"/>
		<b id="6" c="11 12" t="1"/>
		<b id="7" c="11 13" t="ar"/>
		<b id="8" c="13 15" t="ar"/>
		<b id="9" c="15 6" t="ar"/>
		<b id="10" c="2 1" t="1"/>
		<b id="11" c="2 3" t="1"/>
		<b id="12" c="4 5" t="1"/>
		<b id="13" c="7 8" t="1"/>
		<b id="14" c="9 10" t="1"/>
		<b id="15" c="13 14" t="1"/>
		<b id="16" c="15 16" t="1"/>
	</bonds>
	<geometry>
		<g u="A" t="cart/3d">#16,3:2.5348,1.7501,0.2461;2.8177,0.7411,-0.0285;3.8801,0.5541,-0.1562;1.9368,-0.2518,-0.2104;2.3297,-1.2295,-0.4855;0.4719,-0.1650,-0.0773;-0.2057,1.0126,0.2698;0.3341,1.9357,0.4604;-1.6010,1.0324,0.3809;-2.1054,1.9562,0.6511;-2.3324,-0.1277,0.1454;-4.0468,-0.1030,0.2819;-1.6812,-1.3073,-0.2002;-2.2471,-2.2161,-0.3852;-0.2867,-1.3238,-0.3104;0.2009,-2.2580,-0.5819;</g>
	</geometry>
	<conformers/>
	<properties/>
</molecule>
