<?xml version="1.0" ?>
<!--MOLLI PACKAGE EXPERIMENTAL XML FORMAT-->
<molecule name="react_193">
	<atoms>
		<a id="1" s="H" t="H" l="H"/>
		<a id="2" s="C" t="C.2" l="C"/>
		<a id="3" s="H" t="H" l="H"/>
		<a id="4" s="C" t="C.2" l="C"/>
		<a id="5" s="H" t="H" l="H"/>
		<a id="6" s="C" t="C.3" l="C"/>
		<a id="7" s="H" t="H" l="H"/>
		<a id="8" s="H" t="H" l="H"/>
		<a id="9" s="C" t="C.ar" l="C"/>
		<a id="10" s="C" t="C.ar" l="C"/>
		<a id="11" s="H" t="H" l="H"/>
		<a id="12" s="C" t="C.ar" l="C"/>
		<a id="13" s="H" t="H" l="H"/>
		<a id="14" s="C" t="C.ar" l="C"/>
		<a id="15" s="H" t="H" l="H"/>
		<a id="16" s="C" t="C.ar" l="C"/>
		<a id="17" s="H" t="H" l="H"/>
		<a id="18" s="C" t="C.ar" l="C"/>
		<a id="19" s="H" t="H" l="H"/>
	</atoms>
	<bonds>
		<b id="1" c="2 4" t="2"/>
		<b id="2" c="4 6" t="1"/>
		<b id="3" c="6 9" t="1"/>
		<b id="4" c="9 10" t="ar"/>
		<b id="5" c="10 12" t="ar"/>
		<b id="6" c="12 14" t="ar"/>
		<b id="7" c="14 16" t="ar"/>
		<b id="8" c="16 18" t="ar"/>
		<b id="9" c="18 9" t="ar"/>
		<b id="10" c="2 1" t="1"/>
		<b id="11" c="2 3" t="1"/>
		<b id="12" c="4 5" t="1"/>
		<b id="13" c="6 7" t="1"/>
		<b id="14" c="6 8" t="1"/>
		<b id="15" c="10 11" t="1"/>
		<b id="16" c="12 13" t="1"/>
		<b id="17" c="14 15" t="1"/>
		<b id="18" c="16 17" t="1"/>
		<b id="19" c="18 19" t="1"/>
	</bonds>
	<geometry>
		<g u="A" t="cart/3d">#19,3:3.9316,-1.2386,0.1828;3.2139,-0.4979,0.5221;3.3084,-0.1378,1.5417;2.2491,-0.0564,-0.2957;2.1969,-0.4492,-1.3093;1.2135,0.9637,0.0857;1.3421,1.8489,-0.5497;1.3597,1.3133,1.1158;-0.1937,0.4348,-0.0577;-0.9536,0.7245,-1.1998;-0.5394,1.3425,-1.9931;-2.2498,0.2234,-1.3335;-2.8321,0.4549,-2.2214;-2.7966,-0.5757,-0.3310;-3.8051,-0.9665,-0.4367;-2.0477,-0.8771,0.8049;-2.4711,-1.5046,1.5845;-0.7518,-0.3767,0.9406;-0.1744,-0.6257,1.8282;</g>
	</geometry>
	<conformers/>
	<properties/>
</molecule>
