<?xml version="1.0" ?>
<!--MOLLI PACKAGE EXPERIMENTAL XML FORMAT-->
<molecule name="react_194">
	<atoms>
		<a id="1" s="H" t="H" l="H"/>
		<a id="2" s="C" t="C.2" l="C"/>
		<a id="3" s="H" t="H" l="H"/>
		<a id="4" s="C" t="C.2" l="C"/>
		<a id="5" s="H" t="H" l="H"/>
		<a id="6" s="C" t="C.3" l="C"/>
		<a id="7" s="H" t="H" l="H"/>
		<a id="8" s="H" t="H" l="H"/>
		<a id="9" s="S" t="S.3" l="S"/>
		<a id="10" s="C" t="C.ar" l="C"/>
		<a id="11" s="C" t="C.ar" l="C"/>
		<a id="12" s="H" t="H" l="H"/>
		<a id="13" s="C" t="C.ar" l="C"/>
		<a id="14" s="H" t="H" l="H"/>
		<a id="15" s="C" t="C.ar" l="C"/>
		<a id="16" s="H" t="H" l="H"/>
		<a id="17" s="C" t="C.ar" l="C"/>
		<a id="18" s="H" t="H" l="H"/>
		<a id="19" s="C" t="C.ar" l="C"/>
		<a id="20" s="H" t="H" l="H"/>
	</atoms>
	<bonds>
		<b id="1" c="2 4" t="2"/>
		<b id="2" c="4 6" t="1"/>
		<b id="3" c="6 9" t="1"/>
		<b id="4" c="9 10" t="1"/>
		<b id="5" c="10 11" t="ar"/>
		<b id="6" c="11 13" t="ar"/>
		<b id="7" c="13 15" t="ar"/>
		<b id="8" c="15 17" t="ar"/>
		<b id="9" c="17 19" t="ar"/>
		<b id="10" c="19 10" t="ar"/>
		<b id="11" c="2 1" t="1"/>
		<b id="12" c="2 3" t="1"/>
		<b id="13" c="4 5" t="1"/>
		<b id="14" c="6 7" t="1"/>
		<b id="15" c="6 8" t="1"/>
		<b id="16" c="11 12" t="1"/>
		<b id="17" c="13 14" t="1"/>
		<b id="18" c="15 16" t="1"/>
		<b id="19" c="17 18" t="1"/>
		<b id="20" c="19 20" t="1"/>
	</bonds>
	<geometry>
		<g u="A" t="cart/3d">#20,3:3.9236,1.6237,0.1605;3.5412,0.7735,0.7173;4.1568,0.3838,1.5222;2.3476,0.2421,0.4199;1.7754,0.6710,-0.4006;1.7422,-0.9352,1.1243;1.5028,-1.7244,0.4050;2.4492,-1.3626,1.8436;0.2586,-0.4306,2.0542;-0.8966,-0.1819,0.7180;-1.3120,-1.2443,-0.0908;-0.9392,-2.2504,0.0825;-2.2240,-1.0267,-1.1260;-2.5432,-1.8563,-1.7515;-2.7314,0.2519,-1.3520;-3.4434,0.4206,-2.1559;-2.3326,1.3123,-0.5401;-2.7330,2.3085,-0.7093;-1.4211,1.0950,0.4954;-1.1211,1.9299,1.1244;</g>
	</geometry>
	<conformers/>
	<properties/>
</molecule>
