<?xml version="1.0" ?>
<!--MOLLI PACKAGE EXPERIMENTAL XML FORMAT-->
<molecule name="react_195">
	<atoms>
		<a id="1" s="H" t="H" l="H"/>
		<a id="2" s="C" t="C.2" l="C"/>
		<a id="3" s="H" t="H" l="H"/>
		<a id="4" s="C" t="C.2" l="C"/>
		<a id="5" s="H" t="H" l="H"/>
		<a id="6" s="C" t="C.3" l="C"/>
		<a id="7" s="H" t="H" l="H"/>
		<a id="8" s="H" t="H" l="H"/>
		<a id="9" s="O" t="O.3" l="O"/>
		<a id="10" s="C" t="C.ar" l="C"/>
		<a id="11" s="C" t="C.ar" l="C"/>
		<a id="12" s="H" t="H" l="H"/>
		<a id="13" s="C" t="C.ar" l="C"/>
		<a id="14" s="H" t="H" l="H"/>
		<a id="15" s="C" t="C.ar" l="C"/>
		<a id="16" s="H" t="H" l="H"/>
		<a id="17" s="C" t="C.ar" l="C"/>
		<a id="18" s="H" t="H" l="H"/>
		<a id="19" s="C" t="C.ar" l="C"/>
		<a id="20" s="H" t="H" l="H"/>
	</atoms>
	<bonds>
		<b id="1" c="2 4" t="2"/>
		<b id="2" c="4 6" t="1"/>
		<b id="3" c="6 9" t="1"/>
		<b id="4" c="9 10" t="1"/>
		<b id="5" c="10 11" t="ar"/>
		<b id="6" c="11 13" t="ar"/>
		<b id="7" c="13 15" t="ar"/>
		<b id="8" c="15 17" t="ar"/>
		<b id="9" c="17 19" t="ar"/>
		<b id="10" c="19 10" t="ar"/>
		<b id="11" c="2 1" t="1"/>
		<b id="12" c="2 3" t="1"/>
		<b id="13" c="4 5" t="1"/>
		<b id="14" c="6 7" t="1"/>
		<b id="15" c="6 8" t="1"/>
		<b id="16" c="11 12" t="1"/>
		<b id="17" c="13 14" t="1"/>
		<b id="18" c="15 16" t="1"/>
		<b id="19" c="17 18" t="1"/>
		<b id="20" c="19 20" t="1"/>
	</bonds>
	<geometry>
		<g u="A" t="cart/3d">#20,3:3.2448,1.2861,-0.1384;3.2431,0.3776,-0.7323;3.8314,0.3735,-1.6451;2.5457,-0.7060,-0.3659;2.5784,-1.5942,-0.9929;1.7020,-0.8051,0.8707;1.6176,0.1375,1.4242;2.1887,-1.5134,1.5512;0.4293,-1.3681,0.5519;-0.6057,-0.5240,0.2612;-0.5025,0.8337,-0.0407;0.4549,1.3407,-0.0762;-1.6503,1.5793,-0.3298;-1.5626,2.6368,-0.5659;-2.9040,0.9705,-0.3245;-3.7935,1.5521,-0.5513;-3.0122,-0.3871,-0.0353;-3.9855,-0.8700,-0.0352;-1.8656,-1.1296,0.2523;-1.9538,-2.1902,0.4745;</g>
	</geometry>
	<conformers/>
	<properties/>
</molecule>
