<?xml version="1.0" ?>
<!--MOLLI PACKAGE EXPERIMENTAL XML FORMAT-->
<molecule name="react_196">
	<atoms>
		<a id="1" s="H" t="H" l="H"/>
		<a id="2" s="C" t="C.2" l="C"/>
		<a id="3" s="H" t="H" l="H"/>
		<a id="4" s="C" t="C.2" l="C"/>
		<a id="5" s="H" t="H" l="H"/>
		<a id="6" s="C" t="C.3" l="C"/>
		<a id="7" s="H" t="H" l="H"/>
		<a id="8" s="H" t="H" l="H"/>
		<a id="9" s="O" t="O.3" l="O"/>
		<a id="10" s="C" t="C.ar" l="C"/>
		<a id="11" s="C" t="C.ar" l="C"/>
		<a id="12" s="H" t="H" l="H"/>
		<a id="13" s="C" t="C.ar" l="C"/>
		<a id="14" s="H" t="H" l="H"/>
		<a id="15" s="C" t="C.ar" l="C"/>
		<a id="16" s="H" t="H" l="H"/>
		<a id="17" s="C" t="C.ar" l="C"/>
		<a id="18" s="H" t="H" l="H"/>
		<a id="19" s="C" t="C.ar" l="C"/>
		<a id="20" s="Cl" t="Cl" l="CL"/>
	</atoms>
	<bonds>
		<b id="1" c="2 4" t="2"/>
		<b id="2" c="4 6" t="1"/>
		<b id="3" c="6 9" t="1"/>
		<b id="4" c="9 10" t="1"/>
		<b id="5" c="10 11" t="ar"/>
		<b id="6" c="11 13" t="ar"/>
		<b id="7" c="13 15" t="ar"/>
		<b id="8" c="15 17" t="ar"/>
		<b id="9" c="17 19" t="ar"/>
		<b id="10" c="19 20" t="1"/>
		<b id="11" c="19 10" t="ar"/>
		<b id="12" c="2 1" t="1"/>
		<b id="13" c="2 3" t="1"/>
		<b id="14" c="4 5" t="1"/>
		<b id="15" c="6 7" t="1"/>
		<b id="16" c="6 8" t="1"/>
		<b id="17" c="11 12" t="1"/>
		<b id="18" c="13 14" t="1"/>
		<b id="19" c="15 16" t="1"/>
		<b id="20" c="17 18" t="1"/>
	</bonds>
	<geometry>
		<g u="A" t="cart/3d">#20,3:3.7682,1.2083,-1.0757;3.9318,0.2654,-0.5637;4.9576,-0.0152,-0.3442;2.9152,-0.5290,-0.2026;3.1291,-1.4627,0.3130;1.4671,-0.2347,-0.4520;1.0627,-1.0026,-1.1226;1.3435,0.7501,-0.9197;0.8011,-0.2684,0.8156;-0.5474,-0.0854,0.6487;-1.0438,1.2201,0.6467;-0.3645,2.0613,0.7556;-2.4149,1.4416,0.5135;-2.8026,2.4575,0.5081;-3.2894,0.3601,0.3982;-4.3583,0.5338,0.2984;-2.7951,-0.9462,0.4245;-3.4843,-1.7831,0.3474;-1.4236,-1.1716,0.5583;-0.8523,-2.7990,0.6048;</g>
	</geometry>
	<conformers/>
	<properties/>
</molecule>
