<?xml version="1.0" ?>
<!--MOLLI PACKAGE EXPERIMENTAL XML FORMAT-->
<molecule name="react_197">
	<atoms>
		<a id="1" s="H" t="H" l="H"/>
		<a id="2" s="C" t="C.2" l="C"/>
		<a id="3" s="H" t="H" l="H"/>
		<a id="4" s="C" t="C.2" l="C"/>
		<a id="5" s="H" t="H" l="H"/>
		<a id="6" s="C" t="C.3" l="C"/>
		<a id="7" s="H" t="H" l="H"/>
		<a id="8" s="H" t="H" l="H"/>
		<a id="9" s="O" t="O.3" l="O"/>
		<a id="10" s="C" t="C.ar" l="C"/>
		<a id="11" s="C" t="C.ar" l="C"/>
		<a id="12" s="H" t="H" l="H"/>
		<a id="13" s="C" t="C.ar" l="C"/>
		<a id="14" s="H" t="H" l="H"/>
		<a id="15" s="C" t="C.ar" l="C"/>
		<a id="16" s="Cl" t="Cl" l="CL"/>
		<a id="17" s="C" t="C.ar" l="C"/>
		<a id="18" s="H" t="H" l="H"/>
		<a id="19" s="C" t="C.ar" l="C"/>
		<a id="20" s="H" t="H" l="H"/>
	</atoms>
	<bonds>
		<b id="1" c="2 4" t="2"/>
		<b id="2" c="4 6" t="1"/>
		<b id="3" c="6 9" t="1"/>
		<b id="4" c="9 10" t="1"/>
		<b id="5" c="10 11" t="ar"/>
		<b id="6" c="11 13" t="ar"/>
		<b id="7" c="13 15" t="ar"/>
		<b id="8" c="15 16" t="1"/>
		<b id="9" c="15 17" t="ar"/>
		<b id="10" c="17 19" t="ar"/>
		<b id="11" c="19 10" t="ar"/>
		<b id="12" c="2 1" t="1"/>
		<b id="13" c="2 3" t="1"/>
		<b id="14" c="4 5" t="1"/>
		<b id="15" c="6 7" t="1"/>
		<b id="16" c="6 8" t="1"/>
		<b id="17" c="11 12" t="1"/>
		<b id="18" c="13 14" t="1"/>
		<b id="19" c="17 18" t="1"/>
		<b id="20" c="19 20" t="1"/>
	</bonds>
	<geometry>
		<g u="A" t="cart/3d">#20,3:4.3444,-0.8966,-0.6671;3.7425,-0.0852,-1.0647;4.1857,0.5340,-1.8389;2.4952,0.1470,-0.6336;1.9350,0.9677,-1.0744;1.7941,-0.6586,0.4212;2.4040,-1.5261,0.6998;1.6527,-0.0835,1.3427;0.5698,-1.1778,-0.0984;-0.5858,-0.4759,0.0990;-1.7510,-1.1764,-0.2310;-1.6782,-2.1964,-0.6019;-3.0070,-0.5822,-0.0879;-3.9013,-1.1422,-0.3460;-3.0983,0.7240,0.3826;-4.6402,1.4650,0.5616;-1.9451,1.4361,0.7052;-2.0150,2.4592,1.0654;-0.6880,0.8373,0.5608;0.1863,1.4308,0.8056;</g>
	</geometry>
	<conformers/>
	<properties/>
</molecule>
