<?xml version="1.0" ?>
<!--MOLLI PACKAGE EXPERIMENTAL XML FORMAT-->
<molecule name="react_198">
	<atoms>
		<a id="1" s="H" t="H" l="H"/>
		<a id="2" s="C" t="C.2" l="C"/>
		<a id="3" s="H" t="H" l="H"/>
		<a id="4" s="C" t="C.2" l="C"/>
		<a id="5" s="H" t="H" l="H"/>
		<a id="6" s="C" t="C.ar" l="C"/>
		<a id="7" s="C" t="C.ar" l="C"/>
		<a id="8" s="H" t="H" l="H"/>
		<a id="9" s="C" t="C.ar" l="C"/>
		<a id="10" s="H" t="H" l="H"/>
		<a id="11" s="C" t="C.ar" l="C"/>
		<a id="12" s="O" t="O.3" l="O"/>
		<a id="13" s="C" t="C.3" l="C"/>
		<a id="14" s="H" t="H" l="H"/>
		<a id="15" s="H" t="H" l="H"/>
		<a id="16" s="H" t="H" l="H"/>
		<a id="17" s="C" t="C.ar" l="C"/>
		<a id="18" s="H" t="H" l="H"/>
		<a id="19" s="C" t="C.ar" l="C"/>
		<a id="20" s="H" t="H" l="H"/>
	</atoms>
	<bonds>
		<b id="1" c="2 4" t="2"/>
		<b id="2" c="4 6" t="1"/>
		<b id="3" c="6 7" t="ar"/>
		<b id="4" c="7 9" t="ar"/>
		<b id="5" c="9 11" t="ar"/>
		<b id="6" c="11 12" t="1"/>
		<b id="7" c="12 13" t="1"/>
		<b id="8" c="11 17" t="ar"/>
		<b id="9" c="17 19" t="ar"/>
		<b id="10" c="19 6" t="ar"/>
		<b id="11" c="2 1" t="1"/>
		<b id="12" c="2 3" t="1"/>
		<b id="13" c="4 5" t="1"/>
		<b id="14" c="7 8" t="1"/>
		<b id="15" c="9 10" t="1"/>
		<b id="16" c="13 14" t="1"/>
		<b id="17" c="13 15" t="1"/>
		<b id="18" c="13 16" t="1"/>
		<b id="19" c="17 18" t="1"/>
		<b id="20" c="19 20" t="1"/>
	</bonds>
	<geometry>
		<g u="A" t="cart/3d">#20,3:-3.4988,1.6479,-0.4197;-3.7567,0.6001,-0.3076;-4.8122,0.3467,-0.3239;-2.8344,-0.3555,-0.1343;-3.1572,-1.3854,0.0007;-1.3857,-0.1180,-0.0850;-0.7583,0.8669,-0.8548;-1.3348,1.5075,-1.5169;0.6290,1.0364,-0.7969;1.1007,1.8086,-1.3997;1.4144,0.2221,0.0204;2.7537,0.4947,-0.0168;3.5946,-0.3033,0.8065;3.3424,-0.1811,1.8650;4.6236,0.0422,0.6677;3.5542,-1.3563,0.5087;0.7986,-0.7719,0.7790;1.3655,-1.4331,1.4253;-0.5910,-0.9428,0.7209;-1.0477,-1.7257,1.3227;</g>
	</geometry>
	<conformers/>
	<properties/>
</molecule>
