<?xml version="1.0" ?>
<!--MOLLI PACKAGE EXPERIMENTAL XML FORMAT-->
<molecule name="react_199">
	<atoms>
		<a id="1" s="H" t="H" l="H"/>
		<a id="2" s="C" t="C.2" l="C"/>
		<a id="3" s="H" t="H" l="H"/>
		<a id="4" s="C" t="C.2" l="C"/>
		<a id="5" s="H" t="H" l="H"/>
		<a id="6" s="C" t="C.1" l="C"/>
		<a id="7" s="C" t="C.1" l="C"/>
		<a id="8" s="C" t="C.ar" l="C"/>
		<a id="9" s="C" t="C.ar" l="C"/>
		<a id="10" s="H" t="H" l="H"/>
		<a id="11" s="C" t="C.ar" l="C"/>
		<a id="12" s="H" t="H" l="H"/>
		<a id="13" s="C" t="C.ar" l="C"/>
		<a id="14" s="H" t="H" l="H"/>
		<a id="15" s="C" t="C.ar" l="C"/>
		<a id="16" s="H" t="H" l="H"/>
		<a id="17" s="C" t="C.ar" l="C"/>
		<a id="18" s="H" t="H" l="H"/>
	</atoms>
	<bonds>
		<b id="1" c="2 4" t="2"/>
		<b id="2" c="4 6" t="1"/>
		<b id="3" c="6 7" t="3"/>
		<b id="4" c="7 8" t="1"/>
		<b id="5" c="8 9" t="ar"/>
		<b id="6" c="9 11" t="ar"/>
		<b id="7" c="11 13" t="ar"/>
		<b id="8" c="13 15" t="ar"/>
		<b id="9" c="15 17" t="ar"/>
		<b id="10" c="17 8" t="ar"/>
		<b id="11" c="2 1" t="1"/>
		<b id="12" c="2 3" t="1"/>
		<b id="13" c="4 5" t="1"/>
		<b id="14" c="9 10" t="1"/>
		<b id="15" c="11 12" t="1"/>
		<b id="16" c="13 14" t="1"/>
		<b id="17" c="15 16" t="1"/>
		<b id="18" c="17 18" t="1"/>
	</bonds>
	<geometry>
		<g u="A" t="cart/3d">#18,3:3.9531,0.6274,-1.4327;4.2957,-0.0414,-0.6488;5.3636,-0.2139,-0.5665;3.4422,-0.6367,0.1907;3.8099,-1.3015,0.9665;2.0416,-0.4244,0.0999;0.8557,-0.2476,0.0269;-0.5563,-0.0365,-0.0611;-1.3401,-0.8698,-0.8627;-0.8832,-1.6815,-1.4234;-2.7185,-0.6631,-0.9480;-3.3268,-1.3123,-1.5723;-3.3138,0.3759,-0.2327;-4.3869,0.5364,-0.2995;-2.5329,1.2092,0.5682;-2.9966,2.0189,1.1255;-1.1544,1.0036,0.6544;-0.5522,1.6574,1.2805;</g>
	</geometry>
	<conformers/>
	<properties/>
</molecule>
