<?xml version="1.0" ?>
<!--MOLLI PACKAGE EXPERIMENTAL XML FORMAT-->
<molecule name="react_5">
	<atoms>
		<a id="1" s="H" t="H" l="H"/>
		<a id="2" s="O" t="O.3" l="O"/>
		<a id="3" s="C" t="C.3" l="C"/>
		<a id="4" s="H" t="H" l="H"/>
		<a id="5" s="H" t="H" l="H"/>
		<a id="6" s="C" t="C.3" l="C"/>
		<a id="7" s="H" t="H" l="H"/>
		<a id="8" s="H" t="H" l="H"/>
		<a id="9" s="C" t="C.3" l="C"/>
		<a id="10" s="H" t="H" l="H"/>
		<a id="11" s="H" t="H" l="H"/>
		<a id="12" s="C" t="C.3" l="C"/>
		<a id="13" s="H" t="H" l="H"/>
		<a id="14" s="H" t="H" l="H"/>
		<a id="15" s="C" t="C.3" l="C"/>
		<a id="16" s="H" t="H" l="H"/>
		<a id="17" s="H" t="H" l="H"/>
		<a id="18" s="C" t="C.3" l="C"/>
		<a id="19" s="H" t="H" l="H"/>
		<a id="20" s="H" t="H" l="H"/>
		<a id="21" s="C" t="C.2" l="C"/>
		<a id="22" s="H" t="H" l="H"/>
		<a id="23" s="C" t="C.2" l="C"/>
		<a id="24" s="H" t="H" l="H"/>
		<a id="25" s="H" t="H" l="H"/>
	</atoms>
	<bonds>
		<b id="1" c="23 21" t="2"/>
		<b id="2" c="21 18" t="1"/>
		<b id="3" c="18 15" t="1"/>
		<b id="4" c="15 12" t="1"/>
		<b id="5" c="12 9" t="1"/>
		<b id="6" c="9 6" t="1"/>
		<b id="7" c="6 3" t="1"/>
		<b id="8" c="3 2" t="1"/>
		<b id="9" c="23 24" t="1"/>
		<b id="10" c="23 25" t="1"/>
		<b id="11" c="21 22" t="1"/>
		<b id="12" c="18 19" t="1"/>
		<b id="13" c="18 20" t="1"/>
		<b id="14" c="15 16" t="1"/>
		<b id="15" c="15 17" t="1"/>
		<b id="16" c="12 13" t="1"/>
		<b id="17" c="12 14" t="1"/>
		<b id="18" c="9 10" t="1"/>
		<b id="19" c="9 11" t="1"/>
		<b id="20" c="6 7" t="1"/>
		<b id="21" c="6 8" t="1"/>
		<b id="22" c="3 4" t="1"/>
		<b id="23" c="3 5" t="1"/>
		<b id="24" c="2 1" t="1"/>
	</bonds>
	<geometry>
		<g u="A" t="cart/3d">#25,3:4.2577,-0.0049,-0.5679;4.3295,0.4153,0.3053;3.2216,1.2908,0.4573;3.1632,1.9471,-0.4172;3.4159,1.9161,1.3343;1.9268,0.5099,0.6621;1.1378,1.2205,0.9290;2.0516,-0.1837,1.5022;1.5155,-0.2859,-0.5808;1.3880,0.3948,-1.4312;2.3182,-0.9821,-0.8506;0.2360,-1.1054,-0.3823;0.3581,-1.7763,0.4768;0.1010,-1.7436,-1.2645;-1.0172,-0.2451,-0.1942;-1.0998,0.4615,-1.0291;-0.9292,0.3410,0.7275;-2.2781,-1.1149,-0.1225;-2.3553,-1.7085,-1.0420;-2.1720,-1.8282,0.7044;-3.5849,-0.3903,0.0633;-4.4615,-1.0358,0.1133;-3.7785,0.9305,0.1710;-4.7797,1.3306,0.3034;-2.9649,1.6466,0.1325;</g>
	</geometry>
	<conformers/>
	<properties/>
</molecule>
