<?xml version="1.0" ?>
<!--MOLLI PACKAGE EXPERIMENTAL XML FORMAT-->
<molecule name="react_88">
	<atoms>
		<a id="1" s="H" t="H" l="H"/>
		<a id="2" s="O" t="O.3" l="O"/>
		<a id="3" s="C" t="C.3" l="C"/>
		<a id="4" s="H" t="H" l="H"/>
		<a id="5" s="H" t="H" l="H"/>
		<a id="6" s="C" t="C.2" l="C"/>
		<a id="7" s="C" t="C.2" l="C"/>
		<a id="8" s="H" t="H" l="H"/>
		<a id="9" s="C" t="C.3" l="C"/>
		<a id="10" s="H" t="H" l="H"/>
		<a id="11" s="H" t="H" l="H"/>
		<a id="12" s="C" t="C.3" l="C"/>
		<a id="13" s="O" t="O.3" l="O"/>
		<a id="14" s="C" t="C.3" l="C"/>
		<a id="15" s="H" t="H" l="H"/>
		<a id="16" s="H" t="H" l="H"/>
		<a id="17" s="H" t="H" l="H"/>
		<a id="18" s="O" t="O.3" l="O"/>
		<a id="19" s="C" t="C.3" l="C"/>
		<a id="20" s="H" t="H" l="H"/>
		<a id="21" s="H" t="H" l="H"/>
		<a id="22" s="H" t="H" l="H"/>
		<a id="23" s="C" t="C.3" l="C"/>
		<a id="24" s="H" t="H" l="H"/>
		<a id="25" s="H" t="H" l="H"/>
		<a id="26" s="C" t="C.3" l="C"/>
		<a id="27" s="H" t="H" l="H"/>
		<a id="28" s="H" t="H" l="H"/>
	</atoms>
	<bonds>
		<b id="1" c="14 13" t="1"/>
		<b id="2" c="13 12" t="1"/>
		<b id="3" c="12 18" t="1"/>
		<b id="4" c="18 19" t="1"/>
		<b id="5" c="12 9" t="1"/>
		<b id="6" c="9 7" t="1"/>
		<b id="7" c="7 6" t="2"/>
		<b id="8" c="6 3" t="1"/>
		<b id="9" c="3 2" t="1"/>
		<b id="10" c="6 26" t="1"/>
		<b id="11" c="26 23" t="1"/>
		<b id="12" c="23 12" t="1"/>
		<b id="13" c="14 15" t="1"/>
		<b id="14" c="14 16" t="1"/>
		<b id="15" c="14 17" t="1"/>
		<b id="16" c="19 20" t="1"/>
		<b id="17" c="19 21" t="1"/>
		<b id="18" c="19 22" t="1"/>
		<b id="19" c="9 10" t="1"/>
		<b id="20" c="9 11" t="1"/>
		<b id="21" c="7 8" t="1"/>
		<b id="22" c="3 4" t="1"/>
		<b id="23" c="3 5" t="1"/>
		<b id="24" c="2 1" t="1"/>
		<b id="25" c="26 27" t="1"/>
		<b id="26" c="26 28" t="1"/>
		<b id="27" c="23 24" t="1"/>
		<b id="28" c="23 25" t="1"/>
	</bonds>
	<geometry>
		<g u="A" t="cart/3d">#28,3:3.8403,0.3372,-1.4182;4.1479,-0.0285,-0.5714;3.2288,-1.0490,-0.2145;3.3914,-1.9034,-0.8798;3.4450,-1.3763,0.8073;1.8299,-0.5097,-0.3151;0.9514,-0.9589,-1.2288;1.2461,-1.7167,-1.9509;-0.4697,-0.4720,-1.3146;-0.5443,0.1757,-2.1988;-1.1205,-1.3261,-1.5280;-0.9740,0.3037,-0.0646;-2.1554,1.0106,-0.4800;-2.7273,1.8616,0.5026;-2.1177,2.7588,0.6393;-2.8669,1.3452,1.4563;-3.7090,2.1804,0.1405;-1.2429,-0.5480,1.0601;-2.1925,-1.5774,0.8331;-3.0847,-1.2061,0.3213;-2.4969,-1.9743,1.8058;-1.7418,-2.3986,0.2697;0.1402,1.2770,0.3660;-0.1551,1.8386,1.2604;0.3067,2.0214,-0.4239;1.4508,0.5510,0.6900;2.2455,1.3035,0.7582;1.3746,0.0804,1.6782;</g>
	</geometry>
	<conformers/>
	<properties/>
</molecule>
