<?xml version="1.0" ?>
<!--MOLLI PACKAGE EXPERIMENTAL XML FORMAT-->
<molecule name="react_202">
	<atoms>
		<a id="1" s="H" t="H" l="H"/>
		<a id="2" s="C" t="C.2" l="C"/>
		<a id="3" s="H" t="H" l="H"/>
		<a id="4" s="C" t="C.2" l="C"/>
		<a id="5" s="H" t="H" l="H"/>
		<a id="6" s="C" t="C.2" l="C"/>
		<a id="7" s="O" t="O.2" l="O"/>
		<a id="8" s="O" t="O.3" l="O"/>
		<a id="9" s="C" t="C.3" l="C"/>
		<a id="10" s="H" t="H" l="H"/>
		<a id="11" s="H" t="H" l="H"/>
		<a id="12" s="C" t="C.ar" l="C"/>
		<a id="13" s="C" t="C.ar" l="C"/>
		<a id="14" s="H" t="H" l="H"/>
		<a id="15" s="C" t="C.ar" l="C"/>
		<a id="16" s="H" t="H" l="H"/>
		<a id="17" s="C" t="C.ar" l="C"/>
		<a id="18" s="H" t="H" l="H"/>
		<a id="19" s="C" t="C.ar" l="C"/>
		<a id="20" s="H" t="H" l="H"/>
		<a id="21" s="C" t="C.ar" l="C"/>
		<a id="22" s="H" t="H" l="H"/>
	</atoms>
	<bonds>
		<b id="1" c="2 4" t="2"/>
		<b id="2" c="4 6" t="1"/>
		<b id="3" c="6 7" t="2"/>
		<b id="4" c="6 8" t="1"/>
		<b id="5" c="8 9" t="1"/>
		<b id="6" c="9 12" t="1"/>
		<b id="7" c="12 13" t="ar"/>
		<b id="8" c="13 15" t="ar"/>
		<b id="9" c="15 17" t="ar"/>
		<b id="10" c="17 19" t="ar"/>
		<b id="11" c="19 21" t="ar"/>
		<b id="12" c="21 12" t="ar"/>
		<b id="13" c="2 1" t="1"/>
		<b id="14" c="2 3" t="1"/>
		<b id="15" c="4 5" t="1"/>
		<b id="16" c="9 10" t="1"/>
		<b id="17" c="9 11" t="1"/>
		<b id="18" c="13 14" t="1"/>
		<b id="19" c="15 16" t="1"/>
		<b id="20" c="17 18" t="1"/>
		<b id="21" c="19 20" t="1"/>
		<b id="22" c="21 22" t="1"/>
	</bonds>
	<geometry>
		<g u="A" t="cart/3d">#22,3:5.3096,0.8501,-0.8995;4.6567,0.1557,-0.3816;5.1136,-0.7132,0.0850;3.3361,0.3693,-0.3242;2.8804,1.2352,-0.7891;2.4453,-0.5761,0.3811;2.8042,-1.5923,0.9518;1.1787,-0.1114,0.2771;0.2143,-0.9438,0.9239;0.2256,-1.9499,0.4861;0.4404,-1.0271,1.9943;-1.1419,-0.3158,0.7327;-1.6284,0.6216,1.6549;-1.0342,0.8956,2.5239;-2.8773,1.2161,1.4676;-3.2478,1.9395,2.1892;-3.6476,0.8863,0.3539;-4.6193,1.3508,0.2082;-3.1684,-0.0344,-0.5761;-3.7658,-0.2862,-1.4484;-1.9197,-0.6301,-0.3907;-1.5545,-1.3400,-1.1297;</g>
	</geometry>
	<conformers/>
	<properties/>
</molecule>
