<?xml version="1.0" ?>
<!--MOLLI PACKAGE EXPERIMENTAL XML FORMAT-->
<molecule name="react_203">
	<atoms>
		<a id="1" s="H" t="H" l="H"/>
		<a id="2" s="C" t="C.2" l="C"/>
		<a id="3" s="H" t="H" l="H"/>
		<a id="4" s="C" t="C.2" l="C"/>
		<a id="5" s="H" t="H" l="H"/>
		<a id="6" s="C" t="C.3" l="C"/>
		<a id="7" s="H" t="H" l="H"/>
		<a id="8" s="H" t="H" l="H"/>
		<a id="9" s="O" t="O.3" l="O"/>
		<a id="10" s="C" t="C.ar" l="C"/>
		<a id="11" s="C" t="C.ar" l="C"/>
		<a id="12" s="H" t="H" l="H"/>
		<a id="13" s="C" t="C.ar" l="C"/>
		<a id="14" s="H" t="H" l="H"/>
		<a id="15" s="C" t="C.ar" l="C"/>
		<a id="16" s="O" t="O.3" l="O"/>
		<a id="17" s="C" t="C.3" l="C"/>
		<a id="18" s="H" t="H" l="H"/>
		<a id="19" s="H" t="H" l="H"/>
		<a id="20" s="H" t="H" l="H"/>
		<a id="21" s="C" t="C.ar" l="C"/>
		<a id="22" s="H" t="H" l="H"/>
		<a id="23" s="C" t="C.ar" l="C"/>
		<a id="24" s="H" t="H" l="H"/>
	</atoms>
	<bonds>
		<b id="1" c="2 4" t="2"/>
		<b id="2" c="4 6" t="1"/>
		<b id="3" c="6 9" t="1"/>
		<b id="4" c="9 10" t="1"/>
		<b id="5" c="10 11" t="ar"/>
		<b id="6" c="11 13" t="ar"/>
		<b id="7" c="13 15" t="ar"/>
		<b id="8" c="15 16" t="1"/>
		<b id="9" c="16 17" t="1"/>
		<b id="10" c="15 21" t="ar"/>
		<b id="11" c="21 23" t="ar"/>
		<b id="12" c="23 10" t="ar"/>
		<b id="13" c="2 1" t="1"/>
		<b id="14" c="2 3" t="1"/>
		<b id="15" c="4 5" t="1"/>
		<b id="16" c="6 7" t="1"/>
		<b id="17" c="6 8" t="1"/>
		<b id="18" c="11 12" t="1"/>
		<b id="19" c="13 14" t="1"/>
		<b id="20" c="17 18" t="1"/>
		<b id="21" c="17 19" t="1"/>
		<b id="22" c="17 20" t="1"/>
		<b id="23" c="21 22" t="1"/>
		<b id="24" c="23 24" t="1"/>
	</bonds>
	<geometry>
		<g u="A" t="cart/3d">#24,3:5.9346,-0.6291,0.1622;4.9279,-0.4947,0.5466;4.7251,-0.8442,1.5540;3.9782,0.0720,-0.2096;4.2283,0.3993,-1.2163;2.5599,0.2966,0.2218;2.3704,1.3764,0.2350;2.3883,-0.1258,1.2192;1.7174,-0.3400,-0.7359;0.3677,-0.2397,-0.5431;-0.4084,-0.8906,-1.5028;0.0746,-1.4226,-2.3186;-1.8028,-0.8657,-1.4242;-2.3930,-1.3781,-2.1796;-2.4420,-0.1893,-0.3849;-3.8076,-0.2404,-0.4220;-4.5052,0.4332,0.6177;-4.2992,1.5085,0.5991;-4.2688,0.0016,1.5959;-5.5770,0.2968,0.4441;-1.6689,0.4624,0.5758;-2.1212,1.0012,1.4017;-0.2686,0.4375,0.4971;0.2903,0.9590,1.2668;</g>
	</geometry>
	<conformers/>
	<properties/>
</molecule>
