<?xml version="1.0" ?>
<!--MOLLI PACKAGE EXPERIMENTAL XML FORMAT-->
<molecule name="react_204">
	<atoms>
		<a id="1" s="H" t="H" l="H"/>
		<a id="2" s="C" t="C.2" l="C"/>
		<a id="3" s="H" t="H" l="H"/>
		<a id="4" s="C" t="C.2" l="C"/>
		<a id="5" s="H" t="H" l="H"/>
		<a id="6" s="C" t="C.3" l="C"/>
		<a id="7" s="H" t="H" l="H"/>
		<a id="8" s="H" t="H" l="H"/>
		<a id="9" s="O" t="O.3" l="O"/>
		<a id="10" s="C" t="C.ar" l="C"/>
		<a id="11" s="C" t="C.ar" l="C"/>
		<a id="12" s="H" t="H" l="H"/>
		<a id="13" s="C" t="C.ar" l="C"/>
		<a id="14" s="H" t="H" l="H"/>
		<a id="15" s="C" t="C.ar" l="C"/>
		<a id="16" s="C" t="C.3" l="C"/>
		<a id="17" s="H" t="H" l="H"/>
		<a id="18" s="H" t="H" l="H"/>
		<a id="19" s="H" t="H" l="H"/>
		<a id="20" s="C" t="C.ar" l="C"/>
		<a id="21" s="H" t="H" l="H"/>
		<a id="22" s="C" t="C.ar" l="C"/>
		<a id="23" s="H" t="H" l="H"/>
	</atoms>
	<bonds>
		<b id="1" c="2 4" t="2"/>
		<b id="2" c="4 6" t="1"/>
		<b id="3" c="6 9" t="1"/>
		<b id="4" c="9 10" t="1"/>
		<b id="5" c="10 11" t="ar"/>
		<b id="6" c="11 13" t="ar"/>
		<b id="7" c="13 15" t="ar"/>
		<b id="8" c="15 16" t="1"/>
		<b id="9" c="15 20" t="ar"/>
		<b id="10" c="20 22" t="ar"/>
		<b id="11" c="22 10" t="ar"/>
		<b id="12" c="2 1" t="1"/>
		<b id="13" c="2 3" t="1"/>
		<b id="14" c="4 5" t="1"/>
		<b id="15" c="6 7" t="1"/>
		<b id="16" c="6 8" t="1"/>
		<b id="17" c="11 12" t="1"/>
		<b id="18" c="13 14" t="1"/>
		<b id="19" c="16 17" t="1"/>
		<b id="20" c="16 18" t="1"/>
		<b id="21" c="16 19" t="1"/>
		<b id="22" c="20 21" t="1"/>
		<b id="23" c="22 23" t="1"/>
	</bonds>
	<geometry>
		<g u="A" t="cart/3d">#23,3:-5.2834,1.0462,0.9973;-4.2303,0.8687,0.8042;-3.5214,1.5929,1.1950;-3.8285,-0.2049,0.1095;-4.5871,-0.8937,-0.2555;-2.4103,-0.5785,-0.2335;-2.3271,-0.6245,-1.3259;-2.2062,-1.5656,0.1981;-1.4932,0.3810,0.2858;-0.1633,0.1623,0.0535;0.6884,1.1292,0.5916;0.2693,1.9692,1.1401;2.0726,1.0314,0.4305;2.7118,1.8025,0.8539;2.6268,-0.0465,-0.2660;4.1094,-0.1390,-0.4713;4.3928,0.3797,-1.3923;4.4296,-1.1840,-0.5403;4.6490,0.3107,0.3688;1.7713,-1.0068,-0.8176;2.1796,-1.8440,-1.3798;0.3844,-0.9068,-0.6550;-0.2344,-1.6795,-1.0977;</g>
	</geometry>
	<conformers/>
	<properties/>
</molecule>
