<?xml version="1.0" ?>
<!--MOLLI PACKAGE EXPERIMENTAL XML FORMAT-->
<molecule name="react_206">
	<atoms>
		<a id="1" s="H" t="H" l="H"/>
		<a id="2" s="C" t="C.2" l="C"/>
		<a id="3" s="H" t="H" l="H"/>
		<a id="4" s="C" t="C.2" l="C"/>
		<a id="5" s="H" t="H" l="H"/>
		<a id="6" s="C" t="C.3" l="C"/>
		<a id="7" s="H" t="H" l="H"/>
		<a id="8" s="H" t="H" l="H"/>
		<a id="9" s="C" t="C.3" l="C"/>
		<a id="10" s="H" t="H" l="H"/>
		<a id="11" s="H" t="H" l="H"/>
		<a id="12" s="C" t="C.ar" l="C"/>
		<a id="13" s="C" t="C.ar" l="C"/>
		<a id="14" s="H" t="H" l="H"/>
		<a id="15" s="C" t="C.ar" l="C"/>
		<a id="16" s="H" t="H" l="H"/>
		<a id="17" s="C" t="C.ar" l="C"/>
		<a id="18" s="Cl" t="Cl" l="CL"/>
		<a id="19" s="C" t="C.ar" l="C"/>
		<a id="20" s="H" t="H" l="H"/>
		<a id="21" s="C" t="C.ar" l="C"/>
		<a id="22" s="H" t="H" l="H"/>
	</atoms>
	<bonds>
		<b id="1" c="2 4" t="2"/>
		<b id="2" c="4 6" t="1"/>
		<b id="3" c="6 9" t="1"/>
		<b id="4" c="9 12" t="1"/>
		<b id="5" c="12 13" t="ar"/>
		<b id="6" c="13 15" t="ar"/>
		<b id="7" c="15 17" t="ar"/>
		<b id="8" c="17 18" t="1"/>
		<b id="9" c="17 19" t="ar"/>
		<b id="10" c="19 21" t="ar"/>
		<b id="11" c="21 12" t="ar"/>
		<b id="12" c="2 1" t="1"/>
		<b id="13" c="2 3" t="1"/>
		<b id="14" c="4 5" t="1"/>
		<b id="15" c="6 7" t="1"/>
		<b id="16" c="6 8" t="1"/>
		<b id="17" c="9 10" t="1"/>
		<b id="18" c="9 11" t="1"/>
		<b id="19" c="13 14" t="1"/>
		<b id="20" c="15 16" t="1"/>
		<b id="21" c="19 20" t="1"/>
		<b id="22" c="21 22" t="1"/>
	</bonds>
	<geometry>
		<g u="A" t="cart/3d">#22,3:-3.8166,1.5413,0.2944;-4.0138,0.4769,0.2104;-5.0408,0.1708,0.0351;-3.0372,-0.4325,0.3195;-3.2882,-1.4881,0.2352;-1.5946,-0.0932,0.5712;-1.2822,-0.5834,1.5018;-1.4750,0.9855,0.7340;-0.7018,-0.5478,-0.5873;-0.8073,-1.6285,-0.7505;-1.0217,-0.0724,-1.5240;0.7510,-0.2232,-0.3343;1.2850,1.0063,-0.7452;0.6599,1.7317,-1.2619;2.6242,1.3142,-0.4960;3.0275,2.2693,-0.8212;3.4334,0.3957,0.1688;5.0833,0.7754,0.4766;2.9149,-0.8274,0.5882;3.5450,-1.5431,1.1089;1.5756,-1.1355,0.3391;1.1793,-2.0919,0.6738;</g>
	</geometry>
	<conformers/>
	<properties/>
</molecule>
