<?xml version="1.0" ?>
<!--MOLLI PACKAGE EXPERIMENTAL XML FORMAT-->
<molecule name="react_207">
	<atoms>
		<a id="1" s="H" t="H" l="H"/>
		<a id="2" s="C" t="C.2" l="C"/>
		<a id="3" s="H" t="H" l="H"/>
		<a id="4" s="C" t="C.2" l="C"/>
		<a id="5" s="H" t="H" l="H"/>
		<a id="6" s="C" t="C.3" l="C"/>
		<a id="7" s="H" t="H" l="H"/>
		<a id="8" s="H" t="H" l="H"/>
		<a id="9" s="O" t="O.3" l="O"/>
		<a id="10" s="C" t="C.ar" l="C"/>
		<a id="11" s="C" t="C.ar" l="C"/>
		<a id="12" s="H" t="H" l="H"/>
		<a id="13" s="C" t="C.ar" l="C"/>
		<a id="14" s="H" t="H" l="H"/>
		<a id="15" s="C" t="C.ar" l="C"/>
		<a id="16" s="C" t="C.1" l="C"/>
		<a id="17" s="N" t="N.1" l="N"/>
		<a id="18" s="C" t="C.ar" l="C"/>
		<a id="19" s="H" t="H" l="H"/>
		<a id="20" s="C" t="C.ar" l="C"/>
		<a id="21" s="H" t="H" l="H"/>
	</atoms>
	<bonds>
		<b id="1" c="2 4" t="2"/>
		<b id="2" c="4 6" t="1"/>
		<b id="3" c="6 9" t="1"/>
		<b id="4" c="9 10" t="1"/>
		<b id="5" c="10 11" t="ar"/>
		<b id="6" c="11 13" t="ar"/>
		<b id="7" c="13 15" t="ar"/>
		<b id="8" c="15 16" t="1"/>
		<b id="9" c="16 17" t="3"/>
		<b id="10" c="15 18" t="ar"/>
		<b id="11" c="18 20" t="ar"/>
		<b id="12" c="20 10" t="ar"/>
		<b id="13" c="2 1" t="1"/>
		<b id="14" c="2 3" t="1"/>
		<b id="15" c="4 5" t="1"/>
		<b id="16" c="6 7" t="1"/>
		<b id="17" c="6 8" t="1"/>
		<b id="18" c="11 12" t="1"/>
		<b id="19" c="13 14" t="1"/>
		<b id="20" c="18 19" t="1"/>
		<b id="21" c="20 21" t="1"/>
	</bonds>
	<geometry>
		<g u="A" t="cart/3d">#21,3:4.1468,1.3474,-1.0300;4.3079,0.4541,-0.4346;5.3013,0.0156,-0.4481;3.3252,-0.1031,0.2856;3.5355,-1.0020,0.8606;1.9220,0.4181,0.3671;1.7921,1.2836,-0.2937;1.7202,0.7065,1.4055;1.0513,-0.6400,-0.0281;-0.2914,-0.3843,-0.0127;-1.0908,-1.4534,-0.4279;-0.6229,-2.3886,-0.7287;-2.4827,-1.3339,-0.4617;-3.0834,-2.1801,-0.7891;-3.0879,-0.1354,-0.0772;-4.5151,-0.0044,-0.1089;-5.6703,0.1050,-0.1333;-2.2920,0.9365,0.3393;-2.7501,1.8767,0.6421;-0.8974,0.8127,0.3717;-0.3182,1.6690,0.7020;</g>
	</geometry>
	<conformers/>
	<properties/>
</molecule>
