<?xml version="1.0" ?>
<!--MOLLI PACKAGE EXPERIMENTAL XML FORMAT-->
<molecule name="react_208">
	<atoms>
		<a id="1" s="H" t="H" l="H"/>
		<a id="2" s="C" t="C.2" l="C"/>
		<a id="3" s="H" t="H" l="H"/>
		<a id="4" s="C" t="C.2" l="C"/>
		<a id="5" s="H" t="H" l="H"/>
		<a id="6" s="C" t="C.3" l="C"/>
		<a id="7" s="H" t="H" l="H"/>
		<a id="8" s="H" t="H" l="H"/>
		<a id="9" s="O" t="O.3" l="O"/>
		<a id="10" s="C" t="C.ar" l="C"/>
		<a id="11" s="C" t="C.ar" l="C"/>
		<a id="12" s="H" t="H" l="H"/>
		<a id="13" s="C" t="C.ar" l="C"/>
		<a id="14" s="H" t="H" l="H"/>
		<a id="15" s="C" t="C.ar" l="C"/>
		<a id="16" s="H" t="H" l="H"/>
		<a id="17" s="C" t="C.ar" l="C"/>
		<a id="18" s="H" t="H" l="H"/>
		<a id="19" s="C" t="C.ar" l="C"/>
		<a id="20" s="O" t="O.3" l="O"/>
		<a id="21" s="C" t="C.3" l="C"/>
		<a id="22" s="H" t="H" l="H"/>
		<a id="23" s="H" t="H" l="H"/>
		<a id="24" s="H" t="H" l="H"/>
	</atoms>
	<bonds>
		<b id="1" c="2 4" t="2"/>
		<b id="2" c="4 6" t="1"/>
		<b id="3" c="6 9" t="1"/>
		<b id="4" c="9 10" t="1"/>
		<b id="5" c="10 11" t="ar"/>
		<b id="6" c="11 13" t="ar"/>
		<b id="7" c="13 15" t="ar"/>
		<b id="8" c="15 17" t="ar"/>
		<b id="9" c="17 19" t="ar"/>
		<b id="10" c="19 20" t="1"/>
		<b id="11" c="20 21" t="1"/>
		<b id="12" c="19 10" t="ar"/>
		<b id="13" c="2 1" t="1"/>
		<b id="14" c="2 3" t="1"/>
		<b id="15" c="4 5" t="1"/>
		<b id="16" c="6 7" t="1"/>
		<b id="17" c="6 8" t="1"/>
		<b id="18" c="11 12" t="1"/>
		<b id="19" c="13 14" t="1"/>
		<b id="20" c="15 16" t="1"/>
		<b id="21" c="17 18" t="1"/>
		<b id="22" c="21 22" t="1"/>
		<b id="23" c="21 23" t="1"/>
		<b id="24" c="21 24" t="1"/>
	</bonds>
	<geometry>
		<g u="A" t="cart/3d">#24,3:5.0982,-0.1653,0.3949;4.0192,-0.2778,0.4158;3.6216,-1.2870,0.4665;3.2144,0.7936,0.3834;3.6713,1.7795,0.3348;1.7063,0.7946,0.4068;1.3586,1.3001,-0.5029;1.3891,1.3561,1.2920;1.2045,-0.5391,0.4909;-0.0357,-0.7420,-0.0610;-0.1598,-1.9656,-0.7309;0.6943,-2.6362,-0.7849;-1.3607,-2.3247,-1.3377;-1.4430,-3.2720,-1.8635;-2.4504,-1.4640,-1.2663;-3.3897,-1.7377,-1.7404;-2.3441,-0.2519,-0.5767;-3.2245,0.3811,-0.5410;-1.1435,0.1177,0.0458;-0.9855,1.2687,0.7714;-2.1440,2.0487,1.0360;-1.8475,2.8743,1.6902;-2.5429,2.4837,0.1139;-2.9060,1.4649,1.5629;</g>
	</geometry>
	<conformers/>
	<properties/>
</molecule>
