<?xml version="1.0" ?>
<!--MOLLI PACKAGE EXPERIMENTAL XML FORMAT-->
<molecule name="react_209">
	<atoms>
		<a id="1" s="H" t="H" l="H"/>
		<a id="2" s="C" t="C.2" l="C"/>
		<a id="3" s="H" t="H" l="H"/>
		<a id="4" s="C" t="C.2" l="C"/>
		<a id="5" s="H" t="H" l="H"/>
		<a id="6" s="C" t="C.3" l="C"/>
		<a id="7" s="H" t="H" l="H"/>
		<a id="8" s="H" t="H" l="H"/>
		<a id="9" s="O" t="O.3" l="O"/>
		<a id="10" s="C" t="C.ar" l="C"/>
		<a id="11" s="C" t="C.ar" l="C"/>
		<a id="12" s="H" t="H" l="H"/>
		<a id="13" s="C" t="C.ar" l="C"/>
		<a id="14" s="H" t="H" l="H"/>
		<a id="15" s="C" t="C.ar" l="C"/>
		<a id="16" s="H" t="H" l="H"/>
		<a id="17" s="C" t="C.ar" l="C"/>
		<a id="18" s="H" t="H" l="H"/>
		<a id="19" s="C" t="C.ar" l="C"/>
		<a id="20" s="C" t="C.3" l="C"/>
		<a id="21" s="H" t="H" l="H"/>
		<a id="22" s="H" t="H" l="H"/>
		<a id="23" s="H" t="H" l="H"/>
	</atoms>
	<bonds>
		<b id="1" c="2 4" t="2"/>
		<b id="2" c="4 6" t="1"/>
		<b id="3" c="6 9" t="1"/>
		<b id="4" c="9 10" t="1"/>
		<b id="5" c="10 11" t="ar"/>
		<b id="6" c="11 13" t="ar"/>
		<b id="7" c="13 15" t="ar"/>
		<b id="8" c="15 17" t="ar"/>
		<b id="9" c="17 19" t="ar"/>
		<b id="10" c="19 20" t="1"/>
		<b id="11" c="19 10" t="ar"/>
		<b id="12" c="2 1" t="1"/>
		<b id="13" c="2 3" t="1"/>
		<b id="14" c="4 5" t="1"/>
		<b id="15" c="6 7" t="1"/>
		<b id="16" c="6 8" t="1"/>
		<b id="17" c="11 12" t="1"/>
		<b id="18" c="13 14" t="1"/>
		<b id="19" c="15 16" t="1"/>
		<b id="20" c="17 18" t="1"/>
		<b id="21" c="20 21" t="1"/>
		<b id="22" c="20 22" t="1"/>
		<b id="23" c="20 23" t="1"/>
	</bonds>
	<geometry>
		<g u="A" t="cart/3d">#23,3:2.8806,-1.4117,-3.9801;2.7709,-0.9671,-2.9956;3.4484,-0.1613,-2.7308;1.8227,-1.3983,-2.1531;1.1623,-2.2036,-2.4665;1.5833,-0.8489,-0.7785;1.7670,-1.6488,-0.0516;2.2500,-0.0011,-0.5806;0.2221,-0.4318,-0.7192;-0.2296,0.0933,0.4638;0.5388,0.2332,1.6241;1.5780,-0.0746,1.6651;-0.0205,0.7816,2.7813;0.5843,0.8866,3.6784;-1.3495,1.1937,2.7885;-1.7835,1.6203,3.6889;-2.1238,1.0584,1.6378;-3.1612,1.3845,1.6563;-1.5742,0.5091,0.4694;-2.4259,0.3723,-0.7626;-2.4988,-0.6792,-1.0584;-1.9981,0.9538,-1.5857;-3.4432,0.7396,-0.5908;</g>
	</geometry>
	<conformers/>
	<properties/>
</molecule>
