<?xml version="1.0" ?>
<!--MOLLI PACKAGE EXPERIMENTAL XML FORMAT-->
<molecule name="react_210">
	<atoms>
		<a id="1" s="H" t="H" l="H"/>
		<a id="2" s="C" t="C.2" l="C"/>
		<a id="3" s="H" t="H" l="H"/>
		<a id="4" s="C" t="C.2" l="C"/>
		<a id="5" s="H" t="H" l="H"/>
		<a id="6" s="C" t="C.3" l="C"/>
		<a id="7" s="H" t="H" l="H"/>
		<a id="8" s="H" t="H" l="H"/>
		<a id="9" s="O" t="O.3" l="O"/>
		<a id="10" s="C" t="C.ar" l="C"/>
		<a id="11" s="C" t="C.ar" l="C"/>
		<a id="12" s="H" t="H" l="H"/>
		<a id="13" s="C" t="C.ar" l="C"/>
		<a id="14" s="H" t="H" l="H"/>
		<a id="15" s="C" t="C.ar" l="C"/>
		<a id="16" s="H" t="H" l="H"/>
		<a id="17" s="C" t="C.ar" l="C"/>
		<a id="18" s="H" t="H" l="H"/>
		<a id="19" s="C" t="C.ar" l="C"/>
		<a id="20" s="C" t="C.1" l="C"/>
		<a id="21" s="N" t="N.1" l="N"/>
	</atoms>
	<bonds>
		<b id="1" c="2 4" t="2"/>
		<b id="2" c="4 6" t="1"/>
		<b id="3" c="6 9" t="1"/>
		<b id="4" c="9 10" t="1"/>
		<b id="5" c="10 11" t="ar"/>
		<b id="6" c="11 13" t="ar"/>
		<b id="7" c="13 15" t="ar"/>
		<b id="8" c="15 17" t="ar"/>
		<b id="9" c="17 19" t="ar"/>
		<b id="10" c="19 20" t="1"/>
		<b id="11" c="20 21" t="3"/>
		<b id="12" c="19 10" t="ar"/>
		<b id="13" c="2 1" t="1"/>
		<b id="14" c="2 3" t="1"/>
		<b id="15" c="4 5" t="1"/>
		<b id="16" c="6 7" t="1"/>
		<b id="17" c="6 8" t="1"/>
		<b id="18" c="11 12" t="1"/>
		<b id="19" c="13 14" t="1"/>
		<b id="20" c="15 16" t="1"/>
		<b id="21" c="17 18" t="1"/>
	</bonds>
	<geometry>
		<g u="A" t="cart/3d">#21,3:4.4919,0.3222,0.3038;3.9381,-0.3952,-0.2942;4.4970,-0.9775,-1.0207;2.6145,-0.5553,-0.1605;2.1108,-1.2804,-0.7945;1.7581,0.2112,0.8042;1.3780,-0.4320,1.6054;2.3497,0.9907,1.2985;0.7189,0.8838,0.0920;-0.5292,0.3225,0.0396;-0.8033,-1.0283,0.2809;-0.0194,-1.7365,0.5302;-2.1106,-1.5159,0.1850;-2.3109,-2.5682,0.3751;-3.1552,-0.6632,-0.1608;-4.1703,-1.0458,-0.2363;-2.8931,0.6811,-0.4177;-3.7132,1.3420,-0.6935;-1.5841,1.1770,-0.3236;-1.3541,2.5680,-0.5954;-1.2139,3.6995,-0.8174;</g>
	</geometry>
	<conformers/>
	<properties/>
</molecule>
