<?xml version="1.0" ?>
<!--MOLLI PACKAGE EXPERIMENTAL XML FORMAT-->
<molecule name="react_211">
	<atoms>
		<a id="1" s="H" t="H" l="H"/>
		<a id="2" s="C" t="C.2" l="C"/>
		<a id="3" s="H" t="H" l="H"/>
		<a id="4" s="C" t="C.2" l="C"/>
		<a id="5" s="H" t="H" l="H"/>
		<a id="6" s="C" t="C.3" l="C"/>
		<a id="7" s="H" t="H" l="H"/>
		<a id="8" s="H" t="H" l="H"/>
		<a id="9" s="C" t="C.3" l="C"/>
		<a id="10" s="H" t="H" l="H"/>
		<a id="11" s="H" t="H" l="H"/>
		<a id="12" s="C" t="C.ar" l="C"/>
		<a id="13" s="C" t="C.ar" l="C"/>
		<a id="14" s="H" t="H" l="H"/>
		<a id="15" s="C" t="C.ar" l="C"/>
		<a id="16" s="H" t="H" l="H"/>
		<a id="17" s="C" t="C.ar" l="C"/>
		<a id="18" s="H" t="H" l="H"/>
		<a id="19" s="C" t="C.ar" l="C"/>
		<a id="20" s="H" t="H" l="H"/>
		<a id="21" s="C" t="C.ar" l="C"/>
		<a id="22" s="Cl" t="Cl" l="CL"/>
	</atoms>
	<bonds>
		<b id="1" c="2 4" t="2"/>
		<b id="2" c="4 6" t="1"/>
		<b id="3" c="6 9" t="1"/>
		<b id="4" c="9 12" t="1"/>
		<b id="5" c="12 13" t="ar"/>
		<b id="6" c="13 15" t="ar"/>
		<b id="7" c="15 17" t="ar"/>
		<b id="8" c="17 19" t="ar"/>
		<b id="9" c="19 21" t="ar"/>
		<b id="10" c="21 22" t="1"/>
		<b id="11" c="21 12" t="ar"/>
		<b id="12" c="2 1" t="1"/>
		<b id="13" c="2 3" t="1"/>
		<b id="14" c="4 5" t="1"/>
		<b id="15" c="6 7" t="1"/>
		<b id="16" c="6 8" t="1"/>
		<b id="17" c="9 10" t="1"/>
		<b id="18" c="9 11" t="1"/>
		<b id="19" c="13 14" t="1"/>
		<b id="20" c="15 16" t="1"/>
		<b id="21" c="17 18" t="1"/>
		<b id="22" c="19 20" t="1"/>
	</bonds>
	<geometry>
		<g u="A" t="cart/3d">#22,3:4.9914,0.2223,-0.6252;3.9787,0.5307,-0.3841;3.7729,1.5966,-0.3579;3.0266,-0.3765,-0.1330;3.2825,-1.4335,-0.1682;1.6057,-0.0291,0.2142;1.3704,-0.4767,1.1880;1.4954,1.0549,0.3401;0.6277,-0.5429,-0.8476;0.7390,-1.6302,-0.9595;0.8721,-0.1323,-1.8350;-0.8083,-0.2278,-0.4928;-1.5591,-1.1923,0.2027;-1.1122,-2.1492,0.4663;-2.8837,-0.9439,0.5675;-3.4504,-1.7019,1.1029;-3.4783,0.2732,0.2476;-4.5094,0.4680,0.5312;-2.7468,1.2436,-0.4357;-3.2166,2.1932,-0.6794;-1.4195,0.9984,-0.8026;-0.5783,2.2552,-1.6388;</g>
	</geometry>
	<conformers/>
	<properties/>
</molecule>
