<?xml version="1.0" ?>
<!--MOLLI PACKAGE EXPERIMENTAL XML FORMAT-->
<molecule name="react_101">
	<atoms>
		<a id="1" s="H" t="H" l="H"/>
		<a id="2" s="C" t="C.2" l="C"/>
		<a id="3" s="H" t="H" l="H"/>
		<a id="4" s="C" t="C.2" l="C"/>
		<a id="5" s="C" t="C.3" l="C"/>
		<a id="6" s="H" t="H" l="H"/>
		<a id="7" s="H" t="H" l="H"/>
		<a id="8" s="H" t="H" l="H"/>
		<a id="9" s="C" t="C.3" l="C"/>
		<a id="10" s="H" t="H" l="H"/>
		<a id="11" s="H" t="H" l="H"/>
		<a id="12" s="O" t="O.3" l="O"/>
		<a id="13" s="Si" t="Si" l="SI"/>
		<a id="14" s="C" t="C.3" l="C"/>
		<a id="15" s="H" t="H" l="H"/>
		<a id="16" s="H" t="H" l="H"/>
		<a id="17" s="H" t="H" l="H"/>
		<a id="18" s="C" t="C.3" l="C"/>
		<a id="19" s="H" t="H" l="H"/>
		<a id="20" s="H" t="H" l="H"/>
		<a id="21" s="H" t="H" l="H"/>
		<a id="22" s="C" t="C.3" l="C"/>
		<a id="23" s="C" t="C.3" l="C"/>
		<a id="24" s="H" t="H" l="H"/>
		<a id="25" s="H" t="H" l="H"/>
		<a id="26" s="H" t="H" l="H"/>
		<a id="27" s="C" t="C.3" l="C"/>
		<a id="28" s="H" t="H" l="H"/>
		<a id="29" s="H" t="H" l="H"/>
		<a id="30" s="H" t="H" l="H"/>
		<a id="31" s="C" t="C.3" l="C"/>
		<a id="32" s="H" t="H" l="H"/>
		<a id="33" s="H" t="H" l="H"/>
		<a id="34" s="H" t="H" l="H"/>
	</atoms>
	<bonds>
		<b id="1" c="2 4" t="2"/>
		<b id="2" c="4 5" t="1"/>
		<b id="3" c="4 9" t="1"/>
		<b id="4" c="9 12" t="1"/>
		<b id="5" c="12 13" t="1"/>
		<b id="6" c="13 14" t="1"/>
		<b id="7" c="13 18" t="1"/>
		<b id="8" c="13 22" t="1"/>
		<b id="9" c="22 23" t="1"/>
		<b id="10" c="22 27" t="1"/>
		<b id="11" c="22 31" t="1"/>
		<b id="12" c="2 1" t="1"/>
		<b id="13" c="2 3" t="1"/>
		<b id="14" c="5 6" t="1"/>
		<b id="15" c="5 7" t="1"/>
		<b id="16" c="5 8" t="1"/>
		<b id="17" c="9 10" t="1"/>
		<b id="18" c="9 11" t="1"/>
		<b id="19" c="14 15" t="1"/>
		<b id="20" c="14 16" t="1"/>
		<b id="21" c="14 17" t="1"/>
		<b id="22" c="18 19" t="1"/>
		<b id="23" c="18 20" t="1"/>
		<b id="24" c="18 21" t="1"/>
		<b id="25" c="23 24" t="1"/>
		<b id="26" c="23 25" t="1"/>
		<b id="27" c="23 26" t="1"/>
		<b id="28" c="27 28" t="1"/>
		<b id="29" c="27 29" t="1"/>
		<b id="30" c="27 30" t="1"/>
		<b id="31" c="31 32" t="1"/>
		<b id="32" c="31 33" t="1"/>
		<b id="33" c="31 34" t="1"/>
	</bonds>
	<geometry>
		<g u="A" t="cart/3d">#34,3:-5.2814,0.2196,-0.0660;-4.3840,-0.2351,0.3425;-4.5066,-1.1763,0.8696;-3.1762,0.3335,0.1884;-3.0046,1.6348,-0.5438;-3.9629,2.0487,-0.8751;-2.3778,1.4992,-1.4309;-2.5307,2.3767,0.1072;-1.9186,-0.2816,0.7488;-2.1475,-1.2070,1.2928;-1.4610,0.4273,1.4507;-1.0446,-0.5701,-0.3353;0.5275,-1.0625,-0.0332;1.0969,-2.3198,-1.3094;2.1364,-2.6110,-1.1343;0.4776,-3.2202,-1.2570;1.0176,-1.9108,-2.3205;0.7790,-1.7612,1.6902;0.1357,-2.6323,1.8468;1.8163,-2.0772,1.8335;0.5393,-1.0186,2.4564;1.7706,0.5960,-0.2183;3.2314,0.1675,0.0210;3.3700,-0.2511,1.0238;3.5552,-0.5874,-0.7039;3.9070,1.0254,-0.0740;1.3529,1.6542,0.8226;1.9958,2.5392,0.7547;1.4303,1.2682,1.8449;0.3205,1.9860,0.6669;1.6123,1.1724,-1.6405;2.2375,2.0632,-1.7697;1.9109,0.4471,-2.4054;0.5752,1.4631,-1.8433;</g>
	</geometry>
	<conformers/>
	<properties/>
</molecule>
