<?xml version="1.0" ?>
<!--MOLLI PACKAGE EXPERIMENTAL XML FORMAT-->
<molecule name="react_213">
	<atoms>
		<a id="1" s="H" t="H" l="H"/>
		<a id="2" s="C" t="C.2" l="C"/>
		<a id="3" s="H" t="H" l="H"/>
		<a id="4" s="C" t="C.2" l="C"/>
		<a id="5" s="H" t="H" l="H"/>
		<a id="6" s="C" t="C.3" l="C"/>
		<a id="7" s="H" t="H" l="H"/>
		<a id="8" s="H" t="H" l="H"/>
		<a id="9" s="O" t="O.3" l="O"/>
		<a id="10" s="C" t="C.3" l="C"/>
		<a id="11" s="H" t="H" l="H"/>
		<a id="12" s="H" t="H" l="H"/>
		<a id="13" s="C" t="C.ar" l="C"/>
		<a id="14" s="C" t="C.ar" l="C"/>
		<a id="15" s="H" t="H" l="H"/>
		<a id="16" s="C" t="C.ar" l="C"/>
		<a id="17" s="H" t="H" l="H"/>
		<a id="18" s="C" t="C.ar" l="C"/>
		<a id="19" s="H" t="H" l="H"/>
		<a id="20" s="C" t="C.ar" l="C"/>
		<a id="21" s="H" t="H" l="H"/>
		<a id="22" s="C" t="C.ar" l="C"/>
		<a id="23" s="H" t="H" l="H"/>
	</atoms>
	<bonds>
		<b id="1" c="2 4" t="2"/>
		<b id="2" c="4 6" t="1"/>
		<b id="3" c="6 9" t="1"/>
		<b id="4" c="9 10" t="1"/>
		<b id="5" c="10 13" t="1"/>
		<b id="6" c="13 14" t="ar"/>
		<b id="7" c="14 16" t="ar"/>
		<b id="8" c="16 18" t="ar"/>
		<b id="9" c="18 20" t="ar"/>
		<b id="10" c="20 22" t="ar"/>
		<b id="11" c="22 13" t="ar"/>
		<b id="12" c="2 1" t="1"/>
		<b id="13" c="2 3" t="1"/>
		<b id="14" c="4 5" t="1"/>
		<b id="15" c="6 7" t="1"/>
		<b id="16" c="6 8" t="1"/>
		<b id="17" c="10 11" t="1"/>
		<b id="18" c="10 12" t="1"/>
		<b id="19" c="14 15" t="1"/>
		<b id="20" c="16 17" t="1"/>
		<b id="21" c="18 19" t="1"/>
		<b id="22" c="20 21" t="1"/>
		<b id="23" c="22 23" t="1"/>
	</bonds>
	<geometry>
		<g u="A" t="cart/3d">#23,3:4.4983,0.9437,-1.6153;3.5986,0.6127,-1.1073;2.6539,1.0418,-1.4284;3.6555,-0.2924,-0.1203;4.6297,-0.6873,0.1586;2.4963,-0.8365,0.6637;2.4588,-1.9238,0.5325;2.6493,-0.6112,1.7252;1.2713,-0.2601,0.2251;0.1601,-0.7676,0.9614;0.3002,-0.5366,2.0242;0.1088,-1.8547,0.8268;-1.1458,-0.1608,0.5023;-2.3383,-0.5581,1.1287;-2.3169,-1.2918,1.9315;-3.5655,-0.0212,0.7340;-4.4809,-0.3374,1.2270;-3.6171,0.9196,-0.2918;-4.5712,1.3383,-0.6000;-2.4426,1.3236,-0.9226;-2.4789,2.0575,-1.7233;-1.2149,0.7869,-0.5282;-0.3087,1.1153,-1.0332;</g>
	</geometry>
	<conformers/>
	<properties/>
</molecule>
