<?xml version="1.0" ?>
<!--MOLLI PACKAGE EXPERIMENTAL XML FORMAT-->
<molecule name="react_214">
	<atoms>
		<a id="1" s="H" t="H" l="H"/>
		<a id="2" s="C" t="C.2" l="C"/>
		<a id="3" s="H" t="H" l="H"/>
		<a id="4" s="C" t="C.2" l="C"/>
		<a id="5" s="H" t="H" l="H"/>
		<a id="6" s="C" t="C.3" l="C"/>
		<a id="7" s="H" t="H" l="H"/>
		<a id="8" s="H" t="H" l="H"/>
		<a id="9" s="C" t="C.ar" l="C"/>
		<a id="10" s="C" t="C.ar" l="C"/>
		<a id="11" s="H" t="H" l="H"/>
		<a id="12" s="C" t="C.ar" l="C"/>
		<a id="13" s="H" t="H" l="H"/>
		<a id="14" s="C" t="C.ar" l="C"/>
		<a id="15" s="C" t="C.ar" l="C"/>
		<a id="16" s="C" t="C.ar" l="C"/>
		<a id="17" s="H" t="H" l="H"/>
		<a id="18" s="O" t="O.3" l="O"/>
		<a id="19" s="C" t="C.3" l="C"/>
		<a id="20" s="H" t="H" l="H"/>
		<a id="21" s="H" t="H" l="H"/>
		<a id="22" s="O" t="O.3" l="O"/>
	</atoms>
	<bonds>
		<b id="1" c="2 4" t="2"/>
		<b id="2" c="4 6" t="1"/>
		<b id="3" c="6 9" t="1"/>
		<b id="4" c="9 10" t="ar"/>
		<b id="5" c="10 12" t="ar"/>
		<b id="6" c="12 14" t="ar"/>
		<b id="7" c="14 15" t="ar"/>
		<b id="8" c="15 16" t="ar"/>
		<b id="9" c="15 18" t="1"/>
		<b id="10" c="18 19" t="1"/>
		<b id="11" c="19 22" t="1"/>
		<b id="12" c="16 9" t="ar"/>
		<b id="13" c="22 14" t="1"/>
		<b id="14" c="2 1" t="1"/>
		<b id="15" c="2 3" t="1"/>
		<b id="16" c="4 5" t="1"/>
		<b id="17" c="6 7" t="1"/>
		<b id="18" c="6 8" t="1"/>
		<b id="19" c="10 11" t="1"/>
		<b id="20" c="12 13" t="1"/>
		<b id="21" c="16 17" t="1"/>
		<b id="22" c="19 20" t="1"/>
		<b id="23" c="19 21" t="1"/>
	</bonds>
	<geometry>
		<g u="A" t="cart/3d">#22,3:4.2681,-0.8702,0.2884;3.9539,0.1688,0.2792;4.5904,0.8897,0.7834;2.8239,0.5596,-0.3248;2.5548,1.6140,-0.3065;1.8838,-0.3641,-1.0462;1.8416,-0.0689,-2.1021;2.2566,-1.3963,-1.0404;0.4932,-0.3412,-0.4552;0.2039,-1.0950,0.7067;0.9840,-1.6964,1.1699;-1.0723,-1.0772,1.2784;-1.2979,-1.6535,2.1682;-2.0334,-0.2974,0.6743;-1.7615,0.4444,-0.4507;-0.5132,0.4473,-1.0372;-0.3259,1.0464,-1.9218;-2.8436,1.1450,-0.8846;-3.8272,0.7583,0.0973;-4.1887,1.6600,0.6050;-4.6700,0.2844,-0.4190;-3.3207,-0.1579,1.0898;</g>
	</geometry>
	<conformers/>
	<properties/>
</molecule>
