<?xml version="1.0" ?>
<!--MOLLI PACKAGE EXPERIMENTAL XML FORMAT-->
<molecule name="react_215">
	<atoms>
		<a id="1" s="H" t="H" l="H"/>
		<a id="2" s="C" t="C.2" l="C"/>
		<a id="3" s="H" t="H" l="H"/>
		<a id="4" s="C" t="C.2" l="C"/>
		<a id="5" s="H" t="H" l="H"/>
		<a id="6" s="C" t="C.3" l="C"/>
		<a id="7" s="H" t="H" l="H"/>
		<a id="8" s="H" t="H" l="H"/>
		<a id="9" s="O" t="O.3" l="O"/>
		<a id="10" s="C" t="C.ar" l="C"/>
		<a id="11" s="C" t="C.ar" l="C"/>
		<a id="12" s="C" t="C.3" l="C"/>
		<a id="13" s="H" t="H" l="H"/>
		<a id="14" s="H" t="H" l="H"/>
		<a id="15" s="H" t="H" l="H"/>
		<a id="16" s="C" t="C.ar" l="C"/>
		<a id="17" s="H" t="H" l="H"/>
		<a id="18" s="C" t="C.ar" l="C"/>
		<a id="19" s="H" t="H" l="H"/>
		<a id="20" s="C" t="C.ar" l="C"/>
		<a id="21" s="H" t="H" l="H"/>
		<a id="22" s="C" t="C.ar" l="C"/>
		<a id="23" s="C" t="C.3" l="C"/>
		<a id="24" s="H" t="H" l="H"/>
		<a id="25" s="H" t="H" l="H"/>
		<a id="26" s="H" t="H" l="H"/>
	</atoms>
	<bonds>
		<b id="1" c="2 4" t="2"/>
		<b id="2" c="4 6" t="1"/>
		<b id="3" c="6 9" t="1"/>
		<b id="4" c="9 10" t="1"/>
		<b id="5" c="10 11" t="ar"/>
		<b id="6" c="11 12" t="1"/>
		<b id="7" c="11 16" t="ar"/>
		<b id="8" c="16 18" t="ar"/>
		<b id="9" c="18 20" t="ar"/>
		<b id="10" c="20 22" t="ar"/>
		<b id="11" c="22 23" t="1"/>
		<b id="12" c="22 10" t="ar"/>
		<b id="13" c="2 1" t="1"/>
		<b id="14" c="2 3" t="1"/>
		<b id="15" c="4 5" t="1"/>
		<b id="16" c="6 7" t="1"/>
		<b id="17" c="6 8" t="1"/>
		<b id="18" c="12 13" t="1"/>
		<b id="19" c="12 14" t="1"/>
		<b id="20" c="12 15" t="1"/>
		<b id="21" c="16 17" t="1"/>
		<b id="22" c="18 19" t="1"/>
		<b id="23" c="20 21" t="1"/>
		<b id="24" c="23 24" t="1"/>
		<b id="25" c="23 25" t="1"/>
		<b id="26" c="23 26" t="1"/>
	</bonds>
	<geometry>
		<g u="A" t="cart/3d">#26,3:4.9396,-0.5165,-0.6694;4.0114,-0.0172,-0.4085;3.9485,1.0514,-0.5884;2.9857,-0.7078,0.1070;3.0929,-1.7787,0.2632;1.6634,-0.1156,0.4924;1.5258,-0.2395,1.5726;1.6311,0.9543,0.2522;0.6508,-0.8370,-0.2194;-0.5759,-0.2489,-0.0299;-1.0223,0.7131,-0.9519;-0.1822,1.1256,-2.1266;0.3155,0.2602,-2.5760;0.5721,1.8538,-1.8140;-0.7974,1.5812,-2.9100;-2.2658,1.3221,-0.7399;-2.6261,2.0879,-1.4231;-3.0616,0.9491,0.3428;-4.0266,1.4257,0.4960;-2.6293,-0.0445,1.2208;-3.2707,-0.3332,2.0506;-1.3906,-0.6720,1.0331;-0.9527,-1.7437,1.9892;-0.3780,-2.5212,1.4758;-0.3406,-1.3105,2.7859;-1.8170,-2.2380,2.4460;</g>
	</geometry>
	<conformers/>
	<properties/>
</molecule>
