<?xml version="1.0" ?>
<!--MOLLI PACKAGE EXPERIMENTAL XML FORMAT-->
<molecule name="react_216">
	<atoms>
		<a id="1" s="H" t="H" l="H"/>
		<a id="2" s="C" t="C.2" l="C"/>
		<a id="3" s="H" t="H" l="H"/>
		<a id="4" s="C" t="C.2" l="C"/>
		<a id="5" s="H" t="H" l="H"/>
		<a id="6" s="C" t="C.3" l="C"/>
		<a id="7" s="H" t="H" l="H"/>
		<a id="8" s="H" t="H" l="H"/>
		<a id="9" s="C" t="C.3" l="C"/>
		<a id="10" s="H" t="H" l="H"/>
		<a id="11" s="H" t="H" l="H"/>
		<a id="12" s="C" t="C.ar" l="C"/>
		<a id="13" s="C" t="C.ar" l="C"/>
		<a id="14" s="H" t="H" l="H"/>
		<a id="15" s="C" t="C.ar" l="C"/>
		<a id="16" s="H" t="H" l="H"/>
		<a id="17" s="C" t="C.ar" l="C"/>
		<a id="18" s="H" t="H" l="H"/>
		<a id="19" s="C" t="C.ar" l="C"/>
		<a id="20" s="H" t="H" l="H"/>
		<a id="21" s="C" t="C.ar" l="C"/>
		<a id="22" s="C" t="C.3" l="C"/>
		<a id="23" s="H" t="H" l="H"/>
		<a id="24" s="H" t="H" l="H"/>
		<a id="25" s="H" t="H" l="H"/>
	</atoms>
	<bonds>
		<b id="1" c="2 4" t="2"/>
		<b id="2" c="4 6" t="1"/>
		<b id="3" c="6 9" t="1"/>
		<b id="4" c="9 12" t="1"/>
		<b id="5" c="12 13" t="ar"/>
		<b id="6" c="13 15" t="ar"/>
		<b id="7" c="15 17" t="ar"/>
		<b id="8" c="17 19" t="ar"/>
		<b id="9" c="19 21" t="ar"/>
		<b id="10" c="21 22" t="1"/>
		<b id="11" c="21 12" t="ar"/>
		<b id="12" c="2 1" t="1"/>
		<b id="13" c="2 3" t="1"/>
		<b id="14" c="4 5" t="1"/>
		<b id="15" c="6 7" t="1"/>
		<b id="16" c="6 8" t="1"/>
		<b id="17" c="9 10" t="1"/>
		<b id="18" c="9 11" t="1"/>
		<b id="19" c="13 14" t="1"/>
		<b id="20" c="15 16" t="1"/>
		<b id="21" c="17 18" t="1"/>
		<b id="22" c="19 20" t="1"/>
		<b id="23" c="22 23" t="1"/>
		<b id="24" c="22 24" t="1"/>
		<b id="25" c="22 25" t="1"/>
	</bonds>
	<geometry>
		<g u="A" t="cart/3d">#25,3:2.4404,0.3422,-2.0119;2.7615,-0.5929,-1.5631;3.2063,-1.3362,-2.2171;2.6049,-0.8338,-0.2554;2.9374,-1.7872,0.1495;2.0012,0.1459,0.7147;1.8321,1.1156,0.2315;2.7437,0.3178,1.5041;0.7090,-0.3622,1.3695;0.5058,0.2305,2.2694;0.8451,-1.3890,1.7351;-0.4973,-0.3076,0.4536;-0.7994,-1.4374,-0.3273;-0.1749,-2.3263,-0.2659;-1.8913,-1.4415,-1.1941;-2.1078,-2.3233,-1.7907;-2.7001,-0.3157,-1.2936;-3.5532,-0.3156,-1.9664;-2.4149,0.8146,-0.5284;-3.0621,1.6844,-0.6189;-1.3143,0.8379,0.3449;-1.0636,2.0777,1.1592;-0.0340,2.4244,1.0324;-1.7187,2.8996,0.8509;-1.2556,1.8783,2.2182;</g>
	</geometry>
	<conformers/>
	<properties/>
</molecule>
