<?xml version="1.0" ?>
<!--MOLLI PACKAGE EXPERIMENTAL XML FORMAT-->
<molecule name="react_218">
	<atoms>
		<a id="1" s="H" t="H" l="H"/>
		<a id="2" s="C" t="C.2" l="C"/>
		<a id="3" s="H" t="H" l="H"/>
		<a id="4" s="C" t="C.2" l="C"/>
		<a id="5" s="H" t="H" l="H"/>
		<a id="6" s="C" t="C.ar" l="C"/>
		<a id="7" s="C" t="C.ar" l="C"/>
		<a id="8" s="H" t="H" l="H"/>
		<a id="9" s="C" t="C.ar" l="C"/>
		<a id="10" s="H" t="H" l="H"/>
		<a id="11" s="C" t="C.ar" l="C"/>
		<a id="12" s="H" t="H" l="H"/>
		<a id="13" s="C" t="C.ar" l="C"/>
		<a id="14" s="O" t="O.2" l="O"/>
		<a id="15" s="C" t="C.ar" l="C"/>
		<a id="16" s="C" t="C.3" l="C"/>
		<a id="17" s="H" t="H" l="H"/>
		<a id="18" s="H" t="H" l="H"/>
		<a id="19" s="H" t="H" l="H"/>
		<a id="20" s="C" t="C.ar" l="C"/>
		<a id="21" s="C" t="C.3" l="C"/>
		<a id="22" s="H" t="H" l="H"/>
		<a id="23" s="H" t="H" l="H"/>
		<a id="24" s="H" t="H" l="H"/>
		<a id="25" s="C" t="C.ar" l="C"/>
	</atoms>
	<bonds>
		<b id="1" c="2 4" t="2"/>
		<b id="2" c="4 6" t="1"/>
		<b id="3" c="6 7" t="ar"/>
		<b id="4" c="7 9" t="ar"/>
		<b id="5" c="9 11" t="ar"/>
		<b id="6" c="11 13" t="ar"/>
		<b id="7" c="13 14" t="ar"/>
		<b id="8" c="14 15" t="ar"/>
		<b id="9" c="15 16" t="1"/>
		<b id="10" c="15 20" t="ar"/>
		<b id="11" c="20 21" t="1"/>
		<b id="12" c="20 25" t="ar"/>
		<b id="13" c="25 6" t="ar"/>
		<b id="14" c="25 13" t="ar"/>
		<b id="15" c="2 1" t="1"/>
		<b id="16" c="2 3" t="1"/>
		<b id="17" c="4 5" t="1"/>
		<b id="18" c="7 8" t="1"/>
		<b id="19" c="9 10" t="1"/>
		<b id="20" c="11 12" t="1"/>
		<b id="21" c="16 17" t="1"/>
		<b id="22" c="16 18" t="1"/>
		<b id="23" c="16 19" t="1"/>
		<b id="24" c="21 22" t="1"/>
		<b id="25" c="21 23" t="1"/>
		<b id="26" c="21 24" t="1"/>
	</bonds>
	<geometry>
		<g u="A" t="cart/3d">#25,3:-3.0152,-3.0486,0.9777;-2.7738,-1.9907,0.9497;-3.2769,-1.3464,1.6640;-1.8760,-1.5221,0.0736;-1.3830,-2.2035,-0.6135;-1.5020,-0.1099,-0.0172;-2.4717,0.9114,-0.0741;-3.5291,0.6579,-0.0278;-2.1071,2.2522,-0.2046;-2.8778,3.0185,-0.2454;-0.7648,2.6216,-0.2921;-0.4582,3.6552,-0.3973;0.1750,1.5931,-0.2421;1.5183,1.7762,-0.3187;2.0988,0.5516,-0.2279;3.5760,0.5298,-0.2852;3.9192,-0.1694,-1.0539;3.9891,0.2152,0.6780;3.9812,1.5184,-0.5229;1.1381,-0.4366,-0.0869;1.3918,-1.8916,0.0640;1.0574,-2.4325,-0.8267;0.8652,-2.2889,0.9373;2.4575,-2.1018,0.2009;-0.1320,0.2409,-0.1087;</g>
	</geometry>
	<conformers/>
	<properties/>
</molecule>
