<?xml version="1.0" ?>
<!--MOLLI PACKAGE EXPERIMENTAL XML FORMAT-->
<molecule name="react_219">
	<atoms>
		<a id="1" s="H" t="H" l="H"/>
		<a id="2" s="C" t="C.2" l="C"/>
		<a id="3" s="H" t="H" l="H"/>
		<a id="4" s="C" t="C.2" l="C"/>
		<a id="5" s="H" t="H" l="H"/>
		<a id="6" s="C" t="C.ar" l="C"/>
		<a id="7" s="C" t="C.ar" l="C"/>
		<a id="8" s="H" t="H" l="H"/>
		<a id="9" s="C" t="C.ar" l="C"/>
		<a id="10" s="H" t="H" l="H"/>
		<a id="11" s="C" t="C.ar" l="C"/>
		<a id="12" s="H" t="H" l="H"/>
		<a id="13" s="C" t="C.ar" l="C"/>
		<a id="14" s="C" t="C.ar" l="C"/>
		<a id="15" s="H" t="H" l="H"/>
		<a id="16" s="C" t="C.ar" l="C"/>
		<a id="17" s="H" t="H" l="H"/>
		<a id="18" s="C" t="C.ar" l="C"/>
		<a id="19" s="C" t="C.3" l="C"/>
		<a id="20" s="F" t="F" l="F"/>
		<a id="21" s="F" t="F" l="F"/>
		<a id="22" s="F" t="F" l="F"/>
		<a id="23" s="N" t="N.ar" l="N"/>
		<a id="24" s="C" t="C.ar" l="C"/>
	</atoms>
	<bonds>
		<b id="1" c="2 4" t="2"/>
		<b id="2" c="4 6" t="1"/>
		<b id="3" c="6 7" t="ar"/>
		<b id="4" c="7 9" t="ar"/>
		<b id="5" c="9 11" t="ar"/>
		<b id="6" c="11 13" t="ar"/>
		<b id="7" c="13 14" t="ar"/>
		<b id="8" c="14 16" t="ar"/>
		<b id="9" c="16 18" t="ar"/>
		<b id="10" c="18 19" t="1"/>
		<b id="11" c="19 20" t="1"/>
		<b id="12" c="19 21" t="1"/>
		<b id="13" c="19 22" t="1"/>
		<b id="14" c="18 23" t="ar"/>
		<b id="15" c="23 24" t="ar"/>
		<b id="16" c="24 6" t="ar"/>
		<b id="17" c="24 13" t="ar"/>
		<b id="18" c="2 1" t="1"/>
		<b id="19" c="2 3" t="1"/>
		<b id="20" c="4 5" t="1"/>
		<b id="21" c="7 8" t="1"/>
		<b id="22" c="9 10" t="1"/>
		<b id="23" c="11 12" t="1"/>
		<b id="24" c="14 15" t="1"/>
		<b id="25" c="16 17" t="1"/>
	</bonds>
	<geometry>
		<g u="A" t="cart/3d">#24,3:-2.2663,-3.4699,0.7619;-1.8724,-2.5594,0.3230;-1.2546,-2.6592,-0.5644;-2.1283,-1.3674,0.8765;-2.7531,-1.3026,1.7631;-1.6312,-0.0890,0.3328;-2.5971,0.9095,0.1124;-3.6469,0.7116,0.3202;-2.2291,2.1539,-0.3846;-2.9824,2.9178,-0.5593;-0.8910,2.4124,-0.6563;-0.6127,3.3901,-1.0444;0.0861,1.4296,-0.4278;1.4345,1.6986,-0.6905;1.7421,2.6679,-1.0769;2.3996,0.7274,-0.4542;3.4473,0.9355,-0.6532;1.9975,-0.5076,0.0389;3.0482,-1.5711,0.3265;4.0684,-1.5597,-0.5847;2.5715,-2.8483,0.3192;3.6487,-1.3996,1.5402;0.6882,-0.7774,0.3056;-0.2667,0.1570,0.0757;</g>
	</geometry>
	<conformers/>
	<properties/>
</molecule>
