<?xml version="1.0" ?>
<!--MOLLI PACKAGE EXPERIMENTAL XML FORMAT-->
<molecule name="react_220">
	<atoms>
		<a id="1" s="H" t="H" l="H"/>
		<a id="2" s="C" t="C.2" l="C"/>
		<a id="3" s="H" t="H" l="H"/>
		<a id="4" s="C" t="C.2" l="C"/>
		<a id="5" s="H" t="H" l="H"/>
		<a id="6" s="C" t="C.ar" l="C"/>
		<a id="7" s="C" t="C.ar" l="C"/>
		<a id="8" s="H" t="H" l="H"/>
		<a id="9" s="C" t="C.ar" l="C"/>
		<a id="10" s="H" t="H" l="H"/>
		<a id="11" s="C" t="C.ar" l="C"/>
		<a id="12" s="H" t="H" l="H"/>
		<a id="13" s="C" t="C.ar" l="C"/>
		<a id="14" s="C" t="C.ar" l="C"/>
		<a id="15" s="C" t="C.ar" l="C"/>
		<a id="16" s="C" t="C.3" l="C"/>
		<a id="17" s="H" t="H" l="H"/>
		<a id="18" s="H" t="H" l="H"/>
		<a id="19" s="H" t="H" l="H"/>
		<a id="20" s="C" t="C.ar" l="C"/>
		<a id="21" s="C" t="C.3" l="C"/>
		<a id="22" s="H" t="H" l="H"/>
		<a id="23" s="H" t="H" l="H"/>
		<a id="24" s="H" t="H" l="H"/>
		<a id="25" s="N" t="N.ar" l="N"/>
		<a id="26" s="H" t="H" l="H"/>
	</atoms>
	<bonds>
		<b id="1" c="2 4" t="2"/>
		<b id="2" c="4 6" t="1"/>
		<b id="3" c="6 7" t="ar"/>
		<b id="4" c="7 9" t="ar"/>
		<b id="5" c="9 11" t="ar"/>
		<b id="6" c="11 13" t="ar"/>
		<b id="7" c="13 25" t="ar"/>
		<b id="8" c="25 20" t="ar"/>
		<b id="9" c="20 21" t="1"/>
		<b id="10" c="20 15" t="ar"/>
		<b id="11" c="15 16" t="1"/>
		<b id="12" c="15 14" t="ar"/>
		<b id="13" c="14 6" t="ar"/>
		<b id="14" c="14 13" t="ar"/>
		<b id="15" c="2 1" t="1"/>
		<b id="16" c="2 3" t="1"/>
		<b id="17" c="4 5" t="1"/>
		<b id="18" c="7 8" t="1"/>
		<b id="19" c="9 10" t="1"/>
		<b id="20" c="11 12" t="1"/>
		<b id="21" c="25 26" t="1"/>
		<b id="22" c="21 22" t="1"/>
		<b id="23" c="21 23" t="1"/>
		<b id="24" c="21 24" t="1"/>
		<b id="25" c="16 17" t="1"/>
		<b id="26" c="16 18" t="1"/>
		<b id="27" c="16 19" t="1"/>
	</bonds>
	<geometry>
		<g u="A" t="cart/3d">#26,3:-2.8421,-3.4556,-0.1061;-2.6527,-2.4300,-0.4057;-3.1117,-2.0852,-1.3269;-1.8645,-1.6406,0.3352;-1.4085,-2.0238,1.2429;-1.5647,-0.2494,-0.0110;-2.5938,0.6593,-0.3188;-3.6288,0.3254,-0.3272;-2.3134,1.9926,-0.5998;-3.1260,2.6755,-0.8350;-1.0018,2.4645,-0.5733;-0.7838,3.5057,-0.7882;0.0166,1.5554,-0.2583;-0.2178,0.2055,0.0245;1.0735,-0.3923,0.2735;1.3551,-1.8215,0.5863;0.9852,-2.0737,1.5849;2.4286,-2.0346,0.5666;0.8803,-2.4803,-0.1471;2.0240,0.6113,0.1603;3.5012,0.5745,0.3185;3.9509,-0.0479,-0.4616;3.7702,0.1559,1.2935;3.9406,1.5749,0.2495;1.3699,1.7700,-0.1618;1.8134,2.6646,-0.3148;</g>
	</geometry>
	<conformers/>
	<properties/>
</molecule>
