<?xml version="1.0" ?>
<!--MOLLI PACKAGE EXPERIMENTAL XML FORMAT-->
<molecule name="react_221">
	<atoms>
		<a id="1" s="H" t="H" l="H"/>
		<a id="2" s="C" t="C.2" l="C"/>
		<a id="3" s="H" t="H" l="H"/>
		<a id="4" s="C" t="C.2" l="C"/>
		<a id="5" s="H" t="H" l="H"/>
		<a id="6" s="C" t="C.ar" l="C"/>
		<a id="7" s="C" t="C.ar" l="C"/>
		<a id="8" s="H" t="H" l="H"/>
		<a id="9" s="C" t="C.ar" l="C"/>
		<a id="10" s="H" t="H" l="H"/>
		<a id="11" s="C" t="C.ar" l="C"/>
		<a id="12" s="H" t="H" l="H"/>
		<a id="13" s="C" t="C.ar" l="C"/>
		<a id="14" s="C" t="C.ar" l="C"/>
		<a id="15" s="N" t="N.ar" l="N"/>
		<a id="16" s="C" t="C.ar" l="C"/>
		<a id="17" s="C" t="C.3" l="C"/>
		<a id="18" s="H" t="H" l="H"/>
		<a id="19" s="H" t="H" l="H"/>
		<a id="20" s="C" t="C.3" l="C"/>
		<a id="21" s="H" t="H" l="H"/>
		<a id="22" s="H" t="H" l="H"/>
		<a id="23" s="H" t="H" l="H"/>
		<a id="24" s="N" t="N.ar" l="N"/>
		<a id="25" s="C" t="C.3" l="C"/>
		<a id="26" s="H" t="H" l="H"/>
		<a id="27" s="H" t="H" l="H"/>
		<a id="28" s="H" t="H" l="H"/>
	</atoms>
	<bonds>
		<b id="1" c="2 4" t="2"/>
		<b id="2" c="4 6" t="1"/>
		<b id="3" c="6 7" t="ar"/>
		<b id="4" c="7 9" t="ar"/>
		<b id="5" c="9 11" t="ar"/>
		<b id="6" c="11 13" t="ar"/>
		<b id="7" c="13 14" t="ar"/>
		<b id="8" c="14 15" t="ar"/>
		<b id="9" c="15 16" t="ar"/>
		<b id="10" c="16 17" t="1"/>
		<b id="11" c="17 20" t="1"/>
		<b id="12" c="16 24" t="ar"/>
		<b id="13" c="24 25" t="1"/>
		<b id="14" c="14 6" t="ar"/>
		<b id="15" c="24 13" t="ar"/>
		<b id="16" c="2 1" t="1"/>
		<b id="17" c="2 3" t="1"/>
		<b id="18" c="4 5" t="1"/>
		<b id="19" c="7 8" t="1"/>
		<b id="20" c="9 10" t="1"/>
		<b id="21" c="11 12" t="1"/>
		<b id="22" c="17 18" t="1"/>
		<b id="23" c="17 19" t="1"/>
		<b id="24" c="20 21" t="1"/>
		<b id="25" c="20 22" t="1"/>
		<b id="26" c="20 23" t="1"/>
		<b id="27" c="25 26" t="1"/>
		<b id="28" c="25 27" t="1"/>
		<b id="29" c="25 28" t="1"/>
	</bonds>
	<geometry>
		<g u="A" t="cart/3d">#28,3:1.8693,2.2501,-1.4213;2.8857,1.8730,-1.3986;3.6469,2.4986,-1.8525;3.2131,0.6977,-0.8466;4.2621,0.4102,-0.8809;2.3202,-0.2756,-0.1920;2.8574,-1.4955,0.2657;3.9162,-1.7071,0.1300;2.0629,-2.4534,0.8953;2.5138,-3.3832,1.2356;0.6992,-2.2371,1.0952;0.0894,-2.9869,1.5870;0.1650,-1.0246,0.6396;0.9370,-0.0444,0.0091;0.1420,1.0373,-0.3122;-1.0749,0.7504,0.0969;-2.2561,1.6531,-0.0397;-2.9780,1.4801,0.7656;-1.9200,2.6919,0.0629;-2.9343,1.4815,-1.3893;-3.3024,0.4589,-1.5238;-2.2420,1.6982,-2.2102;-3.7862,2.1633,-1.4750;-1.1076,-0.4987,0.6718;-2.2758,-1.1406,1.2248;-2.4944,-0.6780,2.1904;-3.1148,-1.0098,0.5372;-2.0936,-2.2092,1.3549;</g>
	</geometry>
	<conformers/>
	<properties/>
</molecule>
