<?xml version="1.0" ?>
<!--MOLLI PACKAGE EXPERIMENTAL XML FORMAT-->
<molecule name="react_222">
	<atoms>
		<a id="1" s="H" t="H" l="H"/>
		<a id="2" s="C" t="C.2" l="C"/>
		<a id="3" s="H" t="H" l="H"/>
		<a id="4" s="C" t="C.2" l="C"/>
		<a id="5" s="H" t="H" l="H"/>
		<a id="6" s="C" t="C.ar" l="C"/>
		<a id="7" s="C" t="C.ar" l="C"/>
		<a id="8" s="H" t="H" l="H"/>
		<a id="9" s="C" t="C.ar" l="C"/>
		<a id="10" s="H" t="H" l="H"/>
		<a id="11" s="C" t="C.ar" l="C"/>
		<a id="12" s="H" t="H" l="H"/>
		<a id="13" s="C" t="C.ar" l="C"/>
		<a id="14" s="C" t="C.3" l="C"/>
		<a id="15" s="C" t="C.3" l="C"/>
		<a id="16" s="H" t="H" l="H"/>
		<a id="17" s="H" t="H" l="H"/>
		<a id="18" s="H" t="H" l="H"/>
		<a id="19" s="C" t="C.3" l="C"/>
		<a id="20" s="H" t="H" l="H"/>
		<a id="21" s="H" t="H" l="H"/>
		<a id="22" s="H" t="H" l="H"/>
		<a id="23" s="C" t="C.3" l="C"/>
		<a id="24" s="H" t="H" l="H"/>
		<a id="25" s="H" t="H" l="H"/>
		<a id="26" s="H" t="H" l="H"/>
		<a id="27" s="C" t="C.ar" l="C"/>
		<a id="28" s="H" t="H" l="H"/>
	</atoms>
	<bonds>
		<b id="1" c="2 4" t="2"/>
		<b id="2" c="4 6" t="1"/>
		<b id="3" c="6 7" t="ar"/>
		<b id="4" c="7 9" t="ar"/>
		<b id="5" c="9 11" t="ar"/>
		<b id="6" c="11 13" t="ar"/>
		<b id="7" c="13 14" t="1"/>
		<b id="8" c="14 15" t="1"/>
		<b id="9" c="14 19" t="1"/>
		<b id="10" c="14 23" t="1"/>
		<b id="11" c="13 27" t="ar"/>
		<b id="12" c="27 6" t="ar"/>
		<b id="13" c="2 1" t="1"/>
		<b id="14" c="2 3" t="1"/>
		<b id="15" c="4 5" t="1"/>
		<b id="16" c="7 8" t="1"/>
		<b id="17" c="9 10" t="1"/>
		<b id="18" c="11 12" t="1"/>
		<b id="19" c="15 16" t="1"/>
		<b id="20" c="15 17" t="1"/>
		<b id="21" c="15 18" t="1"/>
		<b id="22" c="19 20" t="1"/>
		<b id="23" c="19 21" t="1"/>
		<b id="24" c="19 22" t="1"/>
		<b id="25" c="23 24" t="1"/>
		<b id="26" c="23 25" t="1"/>
		<b id="27" c="23 26" t="1"/>
		<b id="28" c="27 28" t="1"/>
	</bonds>
	<geometry>
		<g u="A" t="cart/3d">#28,3:4.7148,0.4162,0.2938;4.4639,-0.5209,-0.1920;5.2754,-1.0679,-0.6615;3.2115,-0.9929,-0.2427;3.0152,-1.9244,-0.7689;2.0438,-0.3237,0.3486;2.1189,0.3739,1.5566;3.0591,0.4540,2.0953;0.9803,0.9670,2.0960;1.0451,1.5107,3.0348;-0.2455,0.8589,1.4370;-1.1121,1.3355,1.8901;-0.3680,0.1523,0.2260;-1.7362,0.0479,-0.4710;-2.2541,1.4620,-0.8122;-2.4129,2.0728,0.0832;-3.2130,1.4148,-1.3415;-1.5446,1.9974,-1.4543;-2.7447,-0.6494,0.4677;-2.3915,-1.6471,0.7547;-3.7203,-0.7679,-0.0181;-2.9134,-0.0826,1.3898;-1.7085,-0.7578,-1.7896;-2.7046,-0.8028,-2.2461;-1.3839,-1.7918,-1.6241;-1.0372,-0.3022,-2.5269;0.7992,-0.4375,-0.2960;0.7629,-0.9943,-1.2287;</g>
	</geometry>
	<conformers/>
	<properties/>
</molecule>
