<?xml version="1.0" ?>
<!--MOLLI PACKAGE EXPERIMENTAL XML FORMAT-->
<molecule name="react_224">
	<atoms>
		<a id="1" s="H" t="H" l="H"/>
		<a id="2" s="C" t="C.2" l="C"/>
		<a id="3" s="H" t="H" l="H"/>
		<a id="4" s="C" t="C.2" l="C"/>
		<a id="5" s="H" t="H" l="H"/>
		<a id="6" s="C" t="C.3" l="C"/>
		<a id="7" s="H" t="H" l="H"/>
		<a id="8" s="O" t="O.3" l="O"/>
		<a id="9" s="C" t="C.3" l="C"/>
		<a id="10" s="H" t="H" l="H"/>
		<a id="11" s="H" t="H" l="H"/>
		<a id="12" s="C" t="C.ar" l="C"/>
		<a id="13" s="C" t="C.ar" l="C"/>
		<a id="14" s="H" t="H" l="H"/>
		<a id="15" s="C" t="C.ar" l="C"/>
		<a id="16" s="H" t="H" l="H"/>
		<a id="17" s="C" t="C.ar" l="C"/>
		<a id="18" s="H" t="H" l="H"/>
		<a id="19" s="C" t="C.ar" l="C"/>
		<a id="20" s="H" t="H" l="H"/>
		<a id="21" s="C" t="C.ar" l="C"/>
		<a id="22" s="C" t="C.3" l="C"/>
		<a id="23" s="H" t="H" l="H"/>
		<a id="24" s="H" t="H" l="H"/>
		<a id="25" s="O" t="O.3" l="O"/>
	</atoms>
	<bonds>
		<b id="1" c="2 4" t="2"/>
		<b id="2" c="4 6" t="1"/>
		<b id="3" c="6 8" t="1"/>
		<b id="4" c="8 9" t="1"/>
		<b id="5" c="9 12" t="1"/>
		<b id="6" c="12 13" t="ar"/>
		<b id="7" c="13 15" t="ar"/>
		<b id="8" c="15 17" t="ar"/>
		<b id="9" c="17 19" t="ar"/>
		<b id="10" c="19 21" t="ar"/>
		<b id="11" c="21 22" t="1"/>
		<b id="12" c="22 25" t="1"/>
		<b id="13" c="25 6" t="1"/>
		<b id="14" c="21 12" t="ar"/>
		<b id="15" c="2 1" t="1"/>
		<b id="16" c="2 3" t="1"/>
		<b id="17" c="4 5" t="1"/>
		<b id="18" c="6 7" t="1"/>
		<b id="19" c="9 10" t="1"/>
		<b id="20" c="9 11" t="1"/>
		<b id="21" c="13 14" t="1"/>
		<b id="22" c="15 16" t="1"/>
		<b id="23" c="17 18" t="1"/>
		<b id="24" c="19 20" t="1"/>
		<b id="25" c="22 23" t="1"/>
		<b id="26" c="22 24" t="1"/>
	</bonds>
	<geometry>
		<g u="A" t="cart/3d">#25,3:-5.1272,0.3068,1.1703;-4.3694,0.0050,0.4540;-4.7070,-0.4120,-0.4895;-3.0662,0.1502,0.7353;-2.7854,0.5683,1.6975;-1.9354,-0.2417,-0.1729;-2.3467,-0.7401,-1.0598;-1.1060,-1.1563,0.5286;-0.0266,-1.6073,-0.2811;0.2570,-2.5871,0.1202;-0.3373,-1.7585,-1.3223;1.1774,-0.6931,-0.2184;2.4467,-1.2554,-0.4514;2.5452,-2.3216,-0.6464;3.5973,-0.4679,-0.4330;4.5695,-0.9204,-0.6093;3.4979,0.8962,-0.1877;4.3923,1.5131,-0.1687;2.2475,1.4730,0.0321;2.1914,2.5431,0.2219;1.0746,0.6959,0.0045;-0.2492,1.3750,0.2753;-0.1468,2.4508,0.0927;-0.5337,1.2580,1.3277;-1.2599,0.9259,-0.6196;</g>
	</geometry>
	<conformers/>
	<properties/>
</molecule>
