<?xml version="1.0" ?>
<!--MOLLI PACKAGE EXPERIMENTAL XML FORMAT-->
<molecule name="react_105">
	<atoms>
		<a id="1" s="H" t="H" l="H"/>
		<a id="2" s="C" t="C.2" l="C"/>
		<a id="3" s="H" t="H" l="H"/>
		<a id="4" s="C" t="C.2" l="C"/>
		<a id="5" s="C" t="C.3" l="C"/>
		<a id="6" s="H" t="H" l="H"/>
		<a id="7" s="H" t="H" l="H"/>
		<a id="8" s="H" t="H" l="H"/>
		<a id="9" s="C" t="C.3" l="C"/>
		<a id="10" s="H" t="H" l="H"/>
		<a id="11" s="H" t="H" l="H"/>
		<a id="12" s="Cl" t="Cl" l="CL"/>
	</atoms>
	<bonds>
		<b id="1" c="2 4" t="2"/>
		<b id="2" c="4 5" t="1"/>
		<b id="3" c="4 9" t="1"/>
		<b id="4" c="9 12" t="1"/>
		<b id="5" c="2 1" t="1"/>
		<b id="6" c="2 3" t="1"/>
		<b id="7" c="5 6" t="1"/>
		<b id="8" c="5 7" t="1"/>
		<b id="9" c="5 8" t="1"/>
		<b id="10" c="9 10" t="1"/>
		<b id="11" c="9 11" t="1"/>
	</bonds>
	<geometry>
		<g u="A" t="cart/3d">#12,3:1.8578,1.3917,-0.1875;0.8047,1.3458,0.0751;0.3483,2.2667,0.4266;0.1034,0.2026,-0.0155;-1.3565,0.1480,0.3406;-1.7438,1.1298,0.6334;-1.5276,-0.5367,1.1769;-1.9436,-0.1959,-0.5172;0.7213,-1.0761,-0.5146;1.7054,-0.9039,-0.9622;0.0880,-1.5439,-1.2749;0.9425,-2.2281,0.8193;</g>
	</geometry>
	<conformers/>
	<properties/>
</molecule>
