<?xml version="1.0" ?>
<!--MOLLI PACKAGE EXPERIMENTAL XML FORMAT-->
<molecule name="react_225">
	<atoms>
		<a id="1" s="H" t="H" l="H"/>
		<a id="2" s="C" t="C.2" l="C"/>
		<a id="3" s="H" t="H" l="H"/>
		<a id="4" s="C" t="C.2" l="C"/>
		<a id="5" s="H" t="H" l="H"/>
		<a id="6" s="C" t="C.ar" l="C"/>
		<a id="7" s="C" t="C.ar" l="C"/>
		<a id="8" s="H" t="H" l="H"/>
		<a id="9" s="C" t="C.ar" l="C"/>
		<a id="10" s="H" t="H" l="H"/>
		<a id="11" s="C" t="C.ar" l="C"/>
		<a id="12" s="C" t="C.3" l="C"/>
		<a id="13" s="C" t="C.3" l="C"/>
		<a id="14" s="H" t="H" l="H"/>
		<a id="15" s="H" t="H" l="H"/>
		<a id="16" s="H" t="H" l="H"/>
		<a id="17" s="C" t="C.3" l="C"/>
		<a id="18" s="H" t="H" l="H"/>
		<a id="19" s="H" t="H" l="H"/>
		<a id="20" s="H" t="H" l="H"/>
		<a id="21" s="C" t="C.3" l="C"/>
		<a id="22" s="H" t="H" l="H"/>
		<a id="23" s="H" t="H" l="H"/>
		<a id="24" s="H" t="H" l="H"/>
		<a id="25" s="C" t="C.ar" l="C"/>
		<a id="26" s="H" t="H" l="H"/>
		<a id="27" s="C" t="C.ar" l="C"/>
		<a id="28" s="H" t="H" l="H"/>
	</atoms>
	<bonds>
		<b id="1" c="2 4" t="2"/>
		<b id="2" c="4 6" t="1"/>
		<b id="3" c="6 7" t="ar"/>
		<b id="4" c="7 9" t="ar"/>
		<b id="5" c="9 11" t="ar"/>
		<b id="6" c="11 12" t="1"/>
		<b id="7" c="12 13" t="1"/>
		<b id="8" c="12 17" t="1"/>
		<b id="9" c="12 21" t="1"/>
		<b id="10" c="11 25" t="ar"/>
		<b id="11" c="25 27" t="ar"/>
		<b id="12" c="27 6" t="ar"/>
		<b id="13" c="2 1" t="1"/>
		<b id="14" c="2 3" t="1"/>
		<b id="15" c="4 5" t="1"/>
		<b id="16" c="7 8" t="1"/>
		<b id="17" c="9 10" t="1"/>
		<b id="18" c="13 14" t="1"/>
		<b id="19" c="13 15" t="1"/>
		<b id="20" c="13 16" t="1"/>
		<b id="21" c="17 18" t="1"/>
		<b id="22" c="17 19" t="1"/>
		<b id="23" c="17 20" t="1"/>
		<b id="24" c="21 22" t="1"/>
		<b id="25" c="21 23" t="1"/>
		<b id="26" c="21 24" t="1"/>
		<b id="27" c="25 26" t="1"/>
		<b id="28" c="27 28" t="1"/>
	</bonds>
	<geometry>
		<g u="A" t="cart/3d">#28,3:5.8040,-0.6105,0.1785;4.7338,-0.6652,0.3525;4.3978,-1.2922,1.1716;3.8879,0.0378,-0.4117;4.2875,0.6716,-1.2002;2.4276,0.0447,-0.2532;1.7080,-1.0817,0.1528;2.2212,-2.0128,0.3800;0.3106,-1.0437,0.2631;-0.1857,-1.9543,0.5870;-0.4155,0.1189,-0.0379;-1.9479,0.1963,0.0733;-2.5522,0.5296,-1.3078;-3.6473,0.5571,-1.2639;-2.2670,-0.2208,-2.0547;-2.2223,1.5057,-1.6800;-2.3406,1.2999,1.0792;-3.4285,1.3524,1.2037;-2.0074,2.2925,0.7568;-1.9007,1.1094,2.0654;-2.6062,-1.1161,0.5557;-2.4046,-1.9454,-0.1322;-2.2499,-1.4038,1.5517;-3.6958,-1.0105,0.6216;0.3211,1.2408,-0.4611;-0.1841,2.1705,-0.7141;1.7166,1.2032,-0.5724;2.2399,2.0972,-0.9038;</g>
	</geometry>
	<conformers/>
	<properties/>
</molecule>
