<?xml version="1.0" ?>
<!--MOLLI PACKAGE EXPERIMENTAL XML FORMAT-->
<molecule name="react_227">
	<atoms>
		<a id="1" s="H" t="H" l="H"/>
		<a id="2" s="C" t="C.2" l="C"/>
		<a id="3" s="H" t="H" l="H"/>
		<a id="4" s="C" t="C.2" l="C"/>
		<a id="5" s="H" t="H" l="H"/>
		<a id="6" s="C" t="C.ar" l="C"/>
		<a id="7" s="C" t="C.ar" l="C"/>
		<a id="8" s="H" t="H" l="H"/>
		<a id="9" s="C" t="C.ar" l="C"/>
		<a id="10" s="H" t="H" l="H"/>
		<a id="11" s="C" t="C.ar" l="C"/>
		<a id="12" s="H" t="H" l="H"/>
		<a id="13" s="C" t="C.ar" l="C"/>
		<a id="14" s="O" t="O.3" l="O"/>
		<a id="15" s="C" t="C.3" l="C"/>
		<a id="16" s="H" t="H" l="H"/>
		<a id="17" s="H" t="H" l="H"/>
		<a id="18" s="H" t="H" l="H"/>
		<a id="19" s="C" t="C.ar" l="C"/>
		<a id="20" s="O" t="O.3" l="O"/>
		<a id="21" s="C" t="C.3" l="C"/>
		<a id="22" s="H" t="H" l="H"/>
		<a id="23" s="C" t="C.3" l="C"/>
		<a id="24" s="H" t="H" l="H"/>
		<a id="25" s="H" t="H" l="H"/>
		<a id="26" s="H" t="H" l="H"/>
		<a id="27" s="C" t="C.3" l="C"/>
		<a id="28" s="H" t="H" l="H"/>
		<a id="29" s="H" t="H" l="H"/>
		<a id="30" s="H" t="H" l="H"/>
	</atoms>
	<bonds>
		<b id="1" c="2 4" t="2"/>
		<b id="2" c="4 6" t="1"/>
		<b id="3" c="6 7" t="ar"/>
		<b id="4" c="7 9" t="ar"/>
		<b id="5" c="9 11" t="ar"/>
		<b id="6" c="11 13" t="ar"/>
		<b id="7" c="13 14" t="1"/>
		<b id="8" c="14 15" t="1"/>
		<b id="9" c="13 19" t="ar"/>
		<b id="10" c="19 20" t="1"/>
		<b id="11" c="20 21" t="1"/>
		<b id="12" c="21 23" t="1"/>
		<b id="13" c="21 27" t="1"/>
		<b id="14" c="19 6" t="ar"/>
		<b id="15" c="2 1" t="1"/>
		<b id="16" c="2 3" t="1"/>
		<b id="17" c="4 5" t="1"/>
		<b id="18" c="7 8" t="1"/>
		<b id="19" c="9 10" t="1"/>
		<b id="20" c="11 12" t="1"/>
		<b id="21" c="15 16" t="1"/>
		<b id="22" c="15 17" t="1"/>
		<b id="23" c="15 18" t="1"/>
		<b id="24" c="21 22" t="1"/>
		<b id="25" c="23 24" t="1"/>
		<b id="26" c="23 25" t="1"/>
		<b id="27" c="23 26" t="1"/>
		<b id="28" c="27 28" t="1"/>
		<b id="29" c="27 29" t="1"/>
		<b id="30" c="27 30" t="1"/>
	</bonds>
	<geometry>
		<g u="A" t="cart/3d">#30,3:1.1719,3.2864,3.1229;0.6340,3.0731,2.2043;0.5433,3.8793,1.4845;0.1350,1.8494,1.9854;0.2859,1.0705,2.7306;-0.5955,1.4386,0.7724;-1.4769,2.3221,0.1344;-1.6162,3.3327,0.5108;-2.2094,1.9169,-0.9819;-2.8863,2.6167,-1.4661;-2.0941,0.6125,-1.4653;-2.6922,0.3382,-2.3276;-1.2408,-0.2992,-0.8388;-1.0917,-1.6084,-1.2196;-1.9746,-2.1068,-2.2150;-1.7924,-1.6217,-3.1793;-3.0207,-2.0011,-1.9087;-1.7706,-3.1749,-2.3375;-0.4722,0.1293,0.2637;0.3607,-0.7493,0.9251;1.5168,-1.1100,0.1499;1.3958,-0.8963,-0.9198;1.7381,-2.6085,0.3310;0.8677,-3.1719,-0.0212;1.8677,-2.8616,1.3892;2.6189,-2.9498,-0.2215;2.7219,-0.3322,0.6720;3.6426,-0.6410,0.1674;2.5873,0.7417,0.5075;2.8459,-0.4749,1.7511;</g>
	</geometry>
	<conformers/>
	<properties/>
</molecule>
