<?xml version="1.0" ?>
<!--MOLLI PACKAGE EXPERIMENTAL XML FORMAT-->
<molecule name="react_228">
	<atoms>
		<a id="1" s="H" t="H" l="H"/>
		<a id="2" s="C" t="C.2" l="C"/>
		<a id="3" s="H" t="H" l="H"/>
		<a id="4" s="C" t="C.2" l="C"/>
		<a id="5" s="H" t="H" l="H"/>
		<a id="6" s="C" t="C.ar" l="C"/>
		<a id="7" s="C" t="C.ar" l="C"/>
		<a id="8" s="H" t="H" l="H"/>
		<a id="9" s="C" t="C.ar" l="C"/>
		<a id="10" s="H" t="H" l="H"/>
		<a id="11" s="C" t="C.ar" l="C"/>
		<a id="12" s="H" t="H" l="H"/>
		<a id="13" s="C" t="C.ar" l="C"/>
		<a id="14" s="N" t="N.ar" l="N"/>
		<a id="15" s="C" t="C.ar" l="C"/>
		<a id="16" s="C" t="C.3" l="C"/>
		<a id="17" s="C" t="C.3" l="C"/>
		<a id="18" s="H" t="H" l="H"/>
		<a id="19" s="H" t="H" l="H"/>
		<a id="20" s="H" t="H" l="H"/>
		<a id="21" s="C" t="C.3" l="C"/>
		<a id="22" s="H" t="H" l="H"/>
		<a id="23" s="H" t="H" l="H"/>
		<a id="24" s="H" t="H" l="H"/>
		<a id="25" s="C" t="C.3" l="C"/>
		<a id="26" s="H" t="H" l="H"/>
		<a id="27" s="H" t="H" l="H"/>
		<a id="28" s="H" t="H" l="H"/>
		<a id="29" s="O" t="O.2" l="O"/>
		<a id="30" s="C" t="C.ar" l="C"/>
	</atoms>
	<bonds>
		<b id="1" c="2 4" t="2"/>
		<b id="2" c="4 6" t="1"/>
		<b id="3" c="6 7" t="ar"/>
		<b id="4" c="7 9" t="ar"/>
		<b id="5" c="9 11" t="ar"/>
		<b id="6" c="11 13" t="ar"/>
		<b id="7" c="13 14" t="ar"/>
		<b id="8" c="14 15" t="ar"/>
		<b id="9" c="15 16" t="1"/>
		<b id="10" c="16 17" t="1"/>
		<b id="11" c="16 21" t="1"/>
		<b id="12" c="16 25" t="1"/>
		<b id="13" c="15 29" t="ar"/>
		<b id="14" c="29 30" t="ar"/>
		<b id="15" c="30 6" t="ar"/>
		<b id="16" c="30 13" t="ar"/>
		<b id="17" c="2 1" t="1"/>
		<b id="18" c="2 3" t="1"/>
		<b id="19" c="4 5" t="1"/>
		<b id="20" c="7 8" t="1"/>
		<b id="21" c="9 10" t="1"/>
		<b id="22" c="11 12" t="1"/>
		<b id="23" c="17 18" t="1"/>
		<b id="24" c="17 19" t="1"/>
		<b id="25" c="17 20" t="1"/>
		<b id="26" c="21 22" t="1"/>
		<b id="27" c="21 23" t="1"/>
		<b id="28" c="21 24" t="1"/>
		<b id="29" c="25 26" t="1"/>
		<b id="30" c="25 27" t="1"/>
		<b id="31" c="25 28" t="1"/>
	</bonds>
	<geometry>
		<g u="A" t="cart/3d">#30,3:4.2316,2.8441,1.2813;4.0257,1.7824,1.1814;4.7813,1.0996,1.5535;2.8737,1.3700,0.6366;2.1529,2.1170,0.3085;2.4819,-0.0284,0.4614;3.3566,-1.1275,0.4004;4.4297,-0.9751,0.4958;2.8865,-2.4341,0.2068;3.5951,-3.2591,0.1679;1.5182,-2.6958,0.0564;1.1495,-3.7042,-0.0951;0.6298,-1.6143,0.0989;-0.7361,-1.5742,-0.0251;-1.0260,-0.2918,0.0947;-2.3709,0.3831,0.0463;-2.6361,1.1097,1.3753;-3.6211,1.5902,1.3745;-2.6035,0.4138,2.2221;-1.8887,1.8892,1.5647;-2.4031,1.3956,-1.1107;-2.2011,0.9076,-2.0716;-3.3815,1.8842,-1.1824;-1.6504,2.1819,-0.9794;-3.4805,-0.6599,-0.1777;-4.4682,-0.1862,-0.2158;-3.3358,-1.2017,-1.1200;-3.4996,-1.4028,0.6286;0.0616,0.5220,0.2895;1.1287,-0.3354,0.2931;</g>
	</geometry>
	<conformers/>
	<properties/>
</molecule>
