<?xml version="1.0" ?>
<!--MOLLI PACKAGE EXPERIMENTAL XML FORMAT-->
<molecule name="react_229">
	<atoms>
		<a id="1" s="H" t="H" l="H"/>
		<a id="2" s="C" t="C.2" l="C"/>
		<a id="3" s="H" t="H" l="H"/>
		<a id="4" s="C" t="C.2" l="C"/>
		<a id="5" s="H" t="H" l="H"/>
		<a id="6" s="C" t="C.ar" l="C"/>
		<a id="7" s="C" t="C.ar" l="C"/>
		<a id="8" s="H" t="H" l="H"/>
		<a id="9" s="C" t="C.ar" l="C"/>
		<a id="10" s="H" t="H" l="H"/>
		<a id="11" s="C" t="C.ar" l="C"/>
		<a id="12" s="H" t="H" l="H"/>
		<a id="13" s="C" t="C.ar" l="C"/>
		<a id="14" s="C" t="C.ar" l="C"/>
		<a id="15" s="H" t="H" l="H"/>
		<a id="16" s="C" t="C.ar" l="C"/>
		<a id="17" s="H" t="H" l="H"/>
		<a id="18" s="C" t="C.ar" l="C"/>
		<a id="19" s="C" t="C.3" l="C"/>
		<a id="20" s="H" t="H" l="H"/>
		<a id="21" s="H" t="H" l="H"/>
		<a id="22" s="C" t="C.3" l="C"/>
		<a id="23" s="H" t="H" l="H"/>
		<a id="24" s="H" t="H" l="H"/>
		<a id="25" s="H" t="H" l="H"/>
		<a id="26" s="N" t="N.ar" l="N"/>
		<a id="27" s="C" t="C.ar" l="C"/>
	</atoms>
	<bonds>
		<b id="1" c="2 4" t="2"/>
		<b id="2" c="4 6" t="1"/>
		<b id="3" c="6 7" t="ar"/>
		<b id="4" c="7 9" t="ar"/>
		<b id="5" c="9 11" t="ar"/>
		<b id="6" c="11 13" t="ar"/>
		<b id="7" c="13 14" t="ar"/>
		<b id="8" c="14 16" t="ar"/>
		<b id="9" c="16 18" t="ar"/>
		<b id="10" c="18 19" t="1"/>
		<b id="11" c="19 22" t="1"/>
		<b id="12" c="18 26" t="ar"/>
		<b id="13" c="26 27" t="ar"/>
		<b id="14" c="27 6" t="ar"/>
		<b id="15" c="27 13" t="ar"/>
		<b id="16" c="2 1" t="1"/>
		<b id="17" c="2 3" t="1"/>
		<b id="18" c="4 5" t="1"/>
		<b id="19" c="7 8" t="1"/>
		<b id="20" c="9 10" t="1"/>
		<b id="21" c="11 12" t="1"/>
		<b id="22" c="14 15" t="1"/>
		<b id="23" c="16 17" t="1"/>
		<b id="24" c="19 20" t="1"/>
		<b id="25" c="19 21" t="1"/>
		<b id="26" c="22 23" t="1"/>
		<b id="27" c="22 24" t="1"/>
		<b id="28" c="22 25" t="1"/>
	</bonds>
	<geometry>
		<g u="A" t="cart/3d">#27,3:-2.6382,3.2633,2.0441;-2.3970,2.2078,2.1245;-2.5294,1.7439,3.0953;-1.9286,1.5445,1.0586;-1.7823,2.0845,0.1239;-1.5378,0.1164,1.0318;-2.2063,-0.8125,1.8513;-3.0066,-0.4914,2.5133;-1.8685,-2.1613,1.8217;-2.3890,-2.8688,2.4617;-0.8667,-2.5973,0.9639;-0.6095,-3.6541,0.9474;-0.2034,-1.6879,0.1251;0.7998,-2.1286,-0.7462;1.0825,-3.1776,-0.7831;1.4485,-1.2239,-1.5762;2.2301,-1.5580,-2.2499;1.0729,0.1083,-1.5193;1.7562,1.1370,-2.3807;1.0521,1.9495,-2.5966;2.0285,0.6954,-3.3465;2.9906,1.7057,-1.6989;2.7337,2.1788,-0.7449;3.7296,0.9229,-1.4968;3.4617,2.4604,-2.3365;0.1095,0.5564,-0.6797;-0.5323,-0.3130,0.1397;</g>
	</geometry>
	<conformers/>
	<properties/>
</molecule>
