<?xml version="1.0" ?>
<!--MOLLI PACKAGE EXPERIMENTAL XML FORMAT-->
<molecule name="react_230">
	<atoms>
		<a id="1" s="H" t="H" l="H"/>
		<a id="2" s="C" t="C.2" l="C"/>
		<a id="3" s="H" t="H" l="H"/>
		<a id="4" s="C" t="C.2" l="C"/>
		<a id="5" s="H" t="H" l="H"/>
		<a id="6" s="C" t="C.ar" l="C"/>
		<a id="7" s="C" t="C.ar" l="C"/>
		<a id="8" s="H" t="H" l="H"/>
		<a id="9" s="C" t="C.ar" l="C"/>
		<a id="10" s="H" t="H" l="H"/>
		<a id="11" s="C" t="C.ar" l="C"/>
		<a id="12" s="H" t="H" l="H"/>
		<a id="13" s="C" t="C.ar" l="C"/>
		<a id="14" s="C" t="C.ar" l="C"/>
		<a id="15" s="H" t="H" l="H"/>
		<a id="16" s="C" t="C.ar" l="C"/>
		<a id="17" s="C" t="C.3" l="C"/>
		<a id="18" s="H" t="H" l="H"/>
		<a id="19" s="H" t="H" l="H"/>
		<a id="20" s="H" t="H" l="H"/>
		<a id="21" s="C" t="C.ar" l="C"/>
		<a id="22" s="C" t="C.3" l="C"/>
		<a id="23" s="H" t="H" l="H"/>
		<a id="24" s="H" t="H" l="H"/>
		<a id="25" s="H" t="H" l="H"/>
		<a id="26" s="N" t="N.ar" l="N"/>
		<a id="27" s="C" t="C.ar" l="C"/>
	</atoms>
	<bonds>
		<b id="1" c="2 4" t="2"/>
		<b id="2" c="4 6" t="1"/>
		<b id="3" c="6 7" t="ar"/>
		<b id="4" c="7 9" t="ar"/>
		<b id="5" c="9 11" t="ar"/>
		<b id="6" c="11 13" t="ar"/>
		<b id="7" c="13 14" t="ar"/>
		<b id="8" c="14 16" t="ar"/>
		<b id="9" c="16 17" t="1"/>
		<b id="10" c="16 21" t="ar"/>
		<b id="11" c="21 22" t="1"/>
		<b id="12" c="21 26" t="ar"/>
		<b id="13" c="26 27" t="ar"/>
		<b id="14" c="27 6" t="ar"/>
		<b id="15" c="27 13" t="ar"/>
		<b id="16" c="2 1" t="1"/>
		<b id="17" c="2 3" t="1"/>
		<b id="18" c="4 5" t="1"/>
		<b id="19" c="7 8" t="1"/>
		<b id="20" c="9 10" t="1"/>
		<b id="21" c="11 12" t="1"/>
		<b id="22" c="14 15" t="1"/>
		<b id="23" c="17 18" t="1"/>
		<b id="24" c="17 19" t="1"/>
		<b id="25" c="17 20" t="1"/>
		<b id="26" c="22 23" t="1"/>
		<b id="27" c="22 24" t="1"/>
		<b id="28" c="22 25" t="1"/>
	</bonds>
	<geometry>
		<g u="A" t="cart/3d">#27,3:3.6149,-2.5398,-1.2548;2.9961,-1.8208,-0.7294;2.4923,-2.1561,0.1724;2.8464,-0.5753,-1.1973;3.3626,-0.2671,-2.1020;2.0247,0.4538,-0.5312;2.6613,1.6807,-0.2685;3.7065,1.8233,-0.5349;1.9715,2.7191,0.3449;2.4714,3.6616,0.5517;0.6380,2.5405,0.6921;0.1050,3.3585,1.1720;-0.0142,1.3252,0.4228;-1.3620,1.1520,0.7643;-1.9047,1.9628,1.2458;-2.0201,-0.0485,0.4913;-3.4626,-0.2233,0.8584;-3.8644,0.6713,1.3460;-3.5807,-1.0585,1.5560;-4.0643,-0.4086,-0.0371;-1.2835,-1.0533,-0.1309;-1.8929,-2.3817,-0.4740;-2.2426,-2.8870,0.4314;-1.1577,-3.0333,-0.9581;-2.7305,-2.2507,-1.1659;0.0217,-0.9024,-0.4659;0.6678,0.2577,-0.1990;</g>
	</geometry>
	<conformers/>
	<properties/>
</molecule>
