<?xml version="1.0" ?>
<!--MOLLI PACKAGE EXPERIMENTAL XML FORMAT-->
<molecule name="react_231">
	<atoms>
		<a id="1" s="H" t="H" l="H"/>
		<a id="2" s="C" t="C.2" l="C"/>
		<a id="3" s="H" t="H" l="H"/>
		<a id="4" s="C" t="C.2" l="C"/>
		<a id="5" s="H" t="H" l="H"/>
		<a id="6" s="C" t="C.3" l="C"/>
		<a id="7" s="H" t="H" l="H"/>
		<a id="8" s="H" t="H" l="H"/>
		<a id="9" s="N" t="N.am" l="N"/>
		<a id="10" s="C" t="C.2" l="C"/>
		<a id="11" s="O" t="O.2" l="O"/>
		<a id="12" s="O" t="O.3" l="O"/>
		<a id="13" s="C" t="C.3" l="C"/>
		<a id="14" s="C" t="C.3" l="C"/>
		<a id="15" s="H" t="H" l="H"/>
		<a id="16" s="H" t="H" l="H"/>
		<a id="17" s="H" t="H" l="H"/>
		<a id="18" s="C" t="C.3" l="C"/>
		<a id="19" s="H" t="H" l="H"/>
		<a id="20" s="H" t="H" l="H"/>
		<a id="21" s="H" t="H" l="H"/>
		<a id="22" s="C" t="C.3" l="C"/>
		<a id="23" s="H" t="H" l="H"/>
		<a id="24" s="H" t="H" l="H"/>
		<a id="25" s="H" t="H" l="H"/>
		<a id="26" s="C" t="C.2" l="C"/>
		<a id="27" s="O" t="O.2" l="O"/>
		<a id="28" s="O" t="O.3" l="O"/>
		<a id="29" s="C" t="C.3" l="C"/>
		<a id="30" s="C" t="C.3" l="C"/>
		<a id="31" s="H" t="H" l="H"/>
		<a id="32" s="H" t="H" l="H"/>
		<a id="33" s="H" t="H" l="H"/>
		<a id="34" s="C" t="C.3" l="C"/>
		<a id="35" s="H" t="H" l="H"/>
		<a id="36" s="H" t="H" l="H"/>
		<a id="37" s="H" t="H" l="H"/>
		<a id="38" s="C" t="C.3" l="C"/>
		<a id="39" s="H" t="H" l="H"/>
		<a id="40" s="H" t="H" l="H"/>
		<a id="41" s="H" t="H" l="H"/>
	</atoms>
	<bonds>
		<b id="1" c="2 4" t="2"/>
		<b id="2" c="4 6" t="1"/>
		<b id="3" c="6 9" t="1"/>
		<b id="4" c="9 10" t="am"/>
		<b id="5" c="10 11" t="2"/>
		<b id="6" c="10 12" t="1"/>
		<b id="7" c="12 13" t="1"/>
		<b id="8" c="13 14" t="1"/>
		<b id="9" c="13 18" t="1"/>
		<b id="10" c="13 22" t="1"/>
		<b id="11" c="9 26" t="am"/>
		<b id="12" c="26 27" t="2"/>
		<b id="13" c="26 28" t="1"/>
		<b id="14" c="28 29" t="1"/>
		<b id="15" c="29 30" t="1"/>
		<b id="16" c="29 34" t="1"/>
		<b id="17" c="29 38" t="1"/>
		<b id="18" c="2 1" t="1"/>
		<b id="19" c="2 3" t="1"/>
		<b id="20" c="4 5" t="1"/>
		<b id="21" c="6 7" t="1"/>
		<b id="22" c="6 8" t="1"/>
		<b id="23" c="14 15" t="1"/>
		<b id="24" c="14 16" t="1"/>
		<b id="25" c="14 17" t="1"/>
		<b id="26" c="18 19" t="1"/>
		<b id="27" c="18 20" t="1"/>
		<b id="28" c="18 21" t="1"/>
		<b id="29" c="22 23" t="1"/>
		<b id="30" c="22 24" t="1"/>
		<b id="31" c="22 25" t="1"/>
		<b id="32" c="30 31" t="1"/>
		<b id="33" c="30 32" t="1"/>
		<b id="34" c="30 33" t="1"/>
		<b id="35" c="34 35" t="1"/>
		<b id="36" c="34 36" t="1"/>
		<b id="37" c="34 37" t="1"/>
		<b id="38" c="38 39" t="1"/>
		<b id="39" c="38 40" t="1"/>
		<b id="40" c="38 41" t="1"/>
	</bonds>
	<geometry>
		<g u="A" t="cart/3d">#41,3:0.8732,3.1208,2.8385;0.0851,3.3464,2.1249;-0.0374,4.3829,1.8257;-0.6971,2.3855,1.6151;-1.4702,2.6602,0.9006;-0.6000,0.9287,1.9806;-1.5958,0.5491,2.2357;0.0145,0.7942,2.8785;-0.0354,0.1908,0.8619;-0.8662,-0.3461,-0.1160;-0.5337,-1.1408,-0.9854;-2.1529,0.0947,0.0134;-3.1993,-0.3333,-0.8980;-4.4583,0.3987,-0.4075;-4.6813,0.1357,0.6332;-4.3095,1.4848,-0.4260;-5.3337,0.1589,-1.0201;-2.9054,0.1118,-2.3346;-2.6454,1.1759,-2.3662;-2.0596,-0.4306,-2.7674;-3.7687,-0.0556,-2.9877;-3.4432,-1.8428,-0.7993;-3.5595,-2.1501,0.2461;-4.3421,-2.1377,-1.3514;-2.6078,-2.4210,-1.2050;1.3489,0.0309,0.8615;2.0621,0.3322,1.8148;1.8391,-0.4794,-0.2968;3.2545,-0.7260,-0.4908;3.7784,-1.7725,0.4984;4.7987,-2.0819,0.2477;3.7950,-1.3936,1.5247;3.1357,-2.6601,0.5018;3.3567,-1.3004,-1.9121;2.9552,-0.5936,-2.6478;4.3918,-1.5322,-2.1843;2.7604,-2.2156,-2.0063;4.0595,0.5764,-0.4303;3.6142,1.3391,-1.0789;5.0978,0.4177,-0.7411;4.0818,0.9977,0.5792;</g>
	</geometry>
	<conformers/>
	<properties/>
</molecule>
