<?xml version="1.0" ?>
<!--MOLLI PACKAGE EXPERIMENTAL XML FORMAT-->
<molecule name="react_232">
	<atoms>
		<a id="1" s="H" t="H" l="H"/>
		<a id="2" s="C" t="C.2" l="C"/>
		<a id="3" s="H" t="H" l="H"/>
		<a id="4" s="C" t="C.2" l="C"/>
		<a id="5" s="H" t="H" l="H"/>
		<a id="6" s="C" t="C.ar" l="C"/>
		<a id="7" s="C" t="C.ar" l="C"/>
		<a id="8" s="H" t="H" l="H"/>
		<a id="9" s="C" t="C.ar" l="C"/>
		<a id="10" s="H" t="H" l="H"/>
		<a id="11" s="C" t="C.ar" l="C"/>
		<a id="12" s="H" t="H" l="H"/>
		<a id="13" s="C" t="C.ar" l="C"/>
		<a id="14" s="C" t="C.ar" l="C"/>
		<a id="15" s="C" t="C.3" l="C"/>
		<a id="16" s="H" t="H" l="H"/>
		<a id="17" s="H" t="H" l="H"/>
		<a id="18" s="H" t="H" l="H"/>
		<a id="19" s="C" t="C.ar" l="C"/>
		<a id="20" s="C" t="C.3" l="C"/>
		<a id="21" s="H" t="H" l="H"/>
		<a id="22" s="H" t="H" l="H"/>
		<a id="23" s="C" t="C.3" l="C"/>
		<a id="24" s="H" t="H" l="H"/>
		<a id="25" s="H" t="H" l="H"/>
		<a id="26" s="H" t="H" l="H"/>
		<a id="27" s="S" t="S.2" l="S"/>
		<a id="28" s="C" t="C.ar" l="C"/>
	</atoms>
	<bonds>
		<b id="1" c="2 4" t="2"/>
		<b id="2" c="4 6" t="1"/>
		<b id="3" c="6 7" t="ar"/>
		<b id="4" c="7 9" t="ar"/>
		<b id="5" c="9 11" t="ar"/>
		<b id="6" c="11 13" t="ar"/>
		<b id="7" c="13 14" t="ar"/>
		<b id="8" c="14 15" t="1"/>
		<b id="9" c="14 19" t="ar"/>
		<b id="10" c="19 20" t="1"/>
		<b id="11" c="20 23" t="1"/>
		<b id="12" c="19 27" t="ar"/>
		<b id="13" c="27 28" t="ar"/>
		<b id="14" c="28 6" t="ar"/>
		<b id="15" c="28 13" t="ar"/>
		<b id="16" c="2 1" t="1"/>
		<b id="17" c="2 3" t="1"/>
		<b id="18" c="4 5" t="1"/>
		<b id="19" c="7 8" t="1"/>
		<b id="20" c="9 10" t="1"/>
		<b id="21" c="11 12" t="1"/>
		<b id="22" c="15 16" t="1"/>
		<b id="23" c="15 17" t="1"/>
		<b id="24" c="15 18" t="1"/>
		<b id="25" c="20 21" t="1"/>
		<b id="26" c="20 22" t="1"/>
		<b id="27" c="23 24" t="1"/>
		<b id="28" c="23 25" t="1"/>
		<b id="29" c="23 26" t="1"/>
	</bonds>
	<geometry>
		<g u="A" t="cart/3d">#28,3:-4.5243,0.3412,-1.7109;-4.3145,1.1042,-0.9683;-4.9580,1.9783,-0.9583;-3.2952,1.0050,-0.1050;-3.1138,1.8106,0.6022;-2.3720,-0.1361,-0.0604;-2.8274,-1.4597,-0.1579;-3.8883,-1.6635,-0.2851;-1.9445,-2.5251,-0.0813;-2.3128,-3.5447,-0.1603;-0.5823,-2.2901,0.1041;0.0961,-3.1378,0.1637;-0.0740,-0.9693,0.2212;1.2918,-0.5165,0.4196;2.4539,-1.4537,0.5370;2.3924,-2.0121,1.4767;2.4546,-2.1679,-0.2931;3.4137,-0.9303,0.5168;1.3699,0.8636,0.4900;2.5778,1.7350,0.6971;2.2946,2.6818,1.1735;3.2716,1.2453,1.3906;3.2929,2.0285,-0.6137;4.1720,2.6550,-0.4326;3.6283,1.1069,-1.1009;2.6378,2.5582,-1.3137;-0.1560,1.5995,0.3074;-0.9842,0.0938,0.1416;</g>
	</geometry>
	<conformers/>
	<properties/>
</molecule>
