<?xml version="1.0" ?>
<!--MOLLI PACKAGE EXPERIMENTAL XML FORMAT-->
<molecule name="react_233">
	<atoms>
		<a id="1" s="H" t="H" l="H"/>
		<a id="2" s="C" t="C.2" l="C"/>
		<a id="3" s="H" t="H" l="H"/>
		<a id="4" s="C" t="C.2" l="C"/>
		<a id="5" s="H" t="H" l="H"/>
		<a id="6" s="C" t="C.ar" l="C"/>
		<a id="7" s="C" t="C.ar" l="C"/>
		<a id="8" s="H" t="H" l="H"/>
		<a id="9" s="C" t="C.ar" l="C"/>
		<a id="10" s="H" t="H" l="H"/>
		<a id="11" s="C" t="C.ar" l="C"/>
		<a id="12" s="H" t="H" l="H"/>
		<a id="13" s="C" t="C.ar" l="C"/>
		<a id="14" s="C" t="C.ar" l="C"/>
		<a id="15" s="H" t="H" l="H"/>
		<a id="16" s="C" t="C.ar" l="C"/>
		<a id="17" s="C" t="C.3" l="C"/>
		<a id="18" s="H" t="H" l="H"/>
		<a id="19" s="H" t="H" l="H"/>
		<a id="20" s="H" t="H" l="H"/>
		<a id="21" s="C" t="C.ar" l="C"/>
		<a id="22" s="C" t="C.3" l="C"/>
		<a id="23" s="H" t="H" l="H"/>
		<a id="24" s="H" t="H" l="H"/>
		<a id="25" s="C" t="C.3" l="C"/>
		<a id="26" s="H" t="H" l="H"/>
		<a id="27" s="H" t="H" l="H"/>
		<a id="28" s="H" t="H" l="H"/>
		<a id="29" s="N" t="N.ar" l="N"/>
		<a id="30" s="C" t="C.ar" l="C"/>
	</atoms>
	<bonds>
		<b id="1" c="2 4" t="2"/>
		<b id="2" c="4 6" t="1"/>
		<b id="3" c="6 7" t="ar"/>
		<b id="4" c="7 9" t="ar"/>
		<b id="5" c="9 11" t="ar"/>
		<b id="6" c="11 13" t="ar"/>
		<b id="7" c="13 14" t="ar"/>
		<b id="8" c="14 16" t="ar"/>
		<b id="9" c="16 17" t="1"/>
		<b id="10" c="16 21" t="ar"/>
		<b id="11" c="21 22" t="1"/>
		<b id="12" c="22 25" t="1"/>
		<b id="13" c="21 29" t="ar"/>
		<b id="14" c="29 30" t="ar"/>
		<b id="15" c="30 6" t="ar"/>
		<b id="16" c="30 13" t="ar"/>
		<b id="17" c="2 1" t="1"/>
		<b id="18" c="2 3" t="1"/>
		<b id="19" c="4 5" t="1"/>
		<b id="20" c="7 8" t="1"/>
		<b id="21" c="9 10" t="1"/>
		<b id="22" c="11 12" t="1"/>
		<b id="23" c="14 15" t="1"/>
		<b id="24" c="17 18" t="1"/>
		<b id="25" c="17 19" t="1"/>
		<b id="26" c="17 20" t="1"/>
		<b id="27" c="22 23" t="1"/>
		<b id="28" c="22 24" t="1"/>
		<b id="29" c="25 26" t="1"/>
		<b id="30" c="25 27" t="1"/>
		<b id="31" c="25 28" t="1"/>
	</bonds>
	<geometry>
		<g u="A" t="cart/3d">#30,3:3.2906,3.3125,1.6180;3.2389,2.2376,1.4738;3.9452,1.6307,2.0288;2.3101,1.7146,0.6618;1.6063,2.3825,0.1668;2.1097,0.2723,0.3922;3.2082,-0.6074,0.4060;4.2088,-0.2408,0.6207;3.0398,-1.9601,0.1313;3.8941,-2.6316,0.1482;1.7733,-2.4438,-0.1716;1.6508,-3.5032,-0.3860;0.6702,-1.5757,-0.2092;-0.6060,-2.0581,-0.5248;-0.7441,-3.1157,-0.7400;-1.7059,-1.1979,-0.5678;-3.0650,-1.7332,-0.9077;-3.7631,-1.5555,-0.0837;-3.0382,-2.8134,-1.0869;-3.4456,-1.2591,-1.8179;-1.4815,0.1505,-0.2875;-2.6196,1.1488,-0.3130;-3.3780,0.8349,0.4138;-3.0787,1.1325,-1.3085;-2.2203,2.5856,0.0040;-3.0984,3.2381,-0.0373;-1.4861,2.9623,-0.7162;-1.7875,2.6660,1.0069;-0.2491,0.6276,0.0197;0.8209,-0.2013,0.0663;</g>
	</geometry>
	<conformers/>
	<properties/>
</molecule>
