<?xml version="1.0" ?>
<!--MOLLI PACKAGE EXPERIMENTAL XML FORMAT-->
<molecule name="react_234">
	<atoms>
		<a id="1" s="H" t="H" l="H"/>
		<a id="2" s="C" t="C.2" l="C"/>
		<a id="3" s="H" t="H" l="H"/>
		<a id="4" s="C" t="C.2" l="C"/>
		<a id="5" s="H" t="H" l="H"/>
		<a id="6" s="C" t="C.3" l="C"/>
		<a id="7" s="H" t="H" l="H"/>
		<a id="8" s="H" t="H" l="H"/>
		<a id="9" s="C" t="C.ar" l="C"/>
		<a id="10" s="C" t="C.ar" l="C"/>
		<a id="11" s="H" t="H" l="H"/>
		<a id="12" s="C" t="C.ar" l="C"/>
		<a id="13" s="H" t="H" l="H"/>
		<a id="14" s="C" t="C.ar" l="C"/>
		<a id="15" s="H" t="H" l="H"/>
		<a id="16" s="C" t="C.ar" l="C"/>
		<a id="17" s="H" t="H" l="H"/>
		<a id="18" s="C" t="C.ar" l="C"/>
		<a id="19" s="C" t="C.2" l="C"/>
		<a id="20" s="O" t="O.2" l="O"/>
		<a id="21" s="N" t="N.am" l="N"/>
		<a id="22" s="C" t="C.3" l="C"/>
		<a id="23" s="H" t="H" l="H"/>
		<a id="24" s="H" t="H" l="H"/>
		<a id="25" s="C" t="C.3" l="C"/>
		<a id="26" s="H" t="H" l="H"/>
		<a id="27" s="H" t="H" l="H"/>
		<a id="28" s="H" t="H" l="H"/>
		<a id="29" s="C" t="C.3" l="C"/>
		<a id="30" s="H" t="H" l="H"/>
		<a id="31" s="H" t="H" l="H"/>
		<a id="32" s="C" t="C.3" l="C"/>
		<a id="33" s="H" t="H" l="H"/>
		<a id="34" s="H" t="H" l="H"/>
		<a id="35" s="H" t="H" l="H"/>
	</atoms>
	<bonds>
		<b id="1" c="2 4" t="2"/>
		<b id="2" c="4 6" t="1"/>
		<b id="3" c="6 9" t="1"/>
		<b id="4" c="9 10" t="ar"/>
		<b id="5" c="10 12" t="ar"/>
		<b id="6" c="12 14" t="ar"/>
		<b id="7" c="14 16" t="ar"/>
		<b id="8" c="16 18" t="ar"/>
		<b id="9" c="18 19" t="1"/>
		<b id="10" c="19 20" t="2"/>
		<b id="11" c="19 21" t="am"/>
		<b id="12" c="21 22" t="1"/>
		<b id="13" c="22 25" t="1"/>
		<b id="14" c="21 29" t="1"/>
		<b id="15" c="29 32" t="1"/>
		<b id="16" c="18 9" t="ar"/>
		<b id="17" c="2 1" t="1"/>
		<b id="18" c="2 3" t="1"/>
		<b id="19" c="4 5" t="1"/>
		<b id="20" c="6 7" t="1"/>
		<b id="21" c="6 8" t="1"/>
		<b id="22" c="10 11" t="1"/>
		<b id="23" c="12 13" t="1"/>
		<b id="24" c="14 15" t="1"/>
		<b id="25" c="16 17" t="1"/>
		<b id="26" c="22 23" t="1"/>
		<b id="27" c="22 24" t="1"/>
		<b id="28" c="25 26" t="1"/>
		<b id="29" c="25 27" t="1"/>
		<b id="30" c="25 28" t="1"/>
		<b id="31" c="29 30" t="1"/>
		<b id="32" c="29 31" t="1"/>
		<b id="33" c="32 33" t="1"/>
		<b id="34" c="32 34" t="1"/>
		<b id="35" c="32 35" t="1"/>
	</bonds>
	<geometry>
		<g u="A" t="cart/3d">#35,3:4.7355,-2.0294,0.5800;4.2297,-2.0171,-0.3798;4.7828,-2.3710,-1.2447;2.9697,-1.5817,-0.5107;2.5059,-1.5949,-1.4970;2.1189,-1.0790,0.6205;1.2315,-1.7155,0.7131;2.6440,-1.1861,1.5789;1.7209,0.3678,0.4415;2.5705,1.3826,0.9127;3.5018,1.1254,1.4139;2.2453,2.7300,0.7325;2.9175,3.5019,1.0999;1.0739,3.0879,0.0669;0.8328,4.1368,-0.0856;0.2219,2.0979,-0.4178;-0.6815,2.3729,-0.9564;0.5399,0.7481,-0.2207;-0.3898,-0.2602,-0.7674;-0.1673,-0.6795,-1.9003;-1.4625,-0.6771,0.0242;-2.3994,-1.6358,-0.5606;-1.8210,-2.4094,-1.0795;-2.9541,-2.1342,0.2418;-3.3647,-0.9966,-1.5487;-2.8326,-0.5258,-2.3812;-3.9771,-0.2270,-1.0713;-4.0364,-1.7550,-1.9628;-1.7398,-0.1832,1.3775;-0.8312,0.2298,1.8233;-2.0246,-1.0385,2.0008;-2.8286,0.8761,1.4112;-3.7967,0.4561,1.1233;-2.6040,1.7038,0.7322;-2.9312,1.2797,2.4234;</g>
	</geometry>
	<conformers/>
	<properties/>
</molecule>
