<?xml version="1.0" ?>
<!--MOLLI PACKAGE EXPERIMENTAL XML FORMAT-->
<molecule name="react_235">
	<atoms>
		<a id="1" s="H" t="H" l="H"/>
		<a id="2" s="C" t="C.2" l="C"/>
		<a id="3" s="H" t="H" l="H"/>
		<a id="4" s="C" t="C.2" l="C"/>
		<a id="5" s="H" t="H" l="H"/>
		<a id="6" s="C" t="C.3" l="C"/>
		<a id="7" s="H" t="H" l="H"/>
		<a id="8" s="H" t="H" l="H"/>
		<a id="9" s="O" t="O.3" l="O"/>
		<a id="10" s="C" t="C.ar" l="C"/>
		<a id="11" s="C" t="C.ar" l="C"/>
		<a id="12" s="H" t="H" l="H"/>
		<a id="13" s="C" t="C.ar" l="C"/>
		<a id="14" s="H" t="H" l="H"/>
		<a id="15" s="C" t="C.ar" l="C"/>
		<a id="16" s="H" t="H" l="H"/>
		<a id="17" s="C" t="C.ar" l="C"/>
		<a id="18" s="H" t="H" l="H"/>
		<a id="19" s="C" t="C.ar" l="C"/>
		<a id="20" s="C" t="C.3" l="C"/>
		<a id="21" s="H" t="H" l="H"/>
		<a id="22" s="C" t="C.3" l="C"/>
		<a id="23" s="H" t="H" l="H"/>
		<a id="24" s="H" t="H" l="H"/>
		<a id="25" s="C" t="C.3" l="C"/>
		<a id="26" s="H" t="H" l="H"/>
		<a id="27" s="H" t="H" l="H"/>
		<a id="28" s="C" t="C.3" l="C"/>
		<a id="29" s="H" t="H" l="H"/>
		<a id="30" s="H" t="H" l="H"/>
		<a id="31" s="C" t="C.3" l="C"/>
		<a id="32" s="H" t="H" l="H"/>
		<a id="33" s="H" t="H" l="H"/>
	</atoms>
	<bonds>
		<b id="1" c="2 4" t="2"/>
		<b id="2" c="4 6" t="1"/>
		<b id="3" c="6 9" t="1"/>
		<b id="4" c="9 10" t="1"/>
		<b id="5" c="10 11" t="ar"/>
		<b id="6" c="11 13" t="ar"/>
		<b id="7" c="13 15" t="ar"/>
		<b id="8" c="15 17" t="ar"/>
		<b id="9" c="17 19" t="ar"/>
		<b id="10" c="19 20" t="1"/>
		<b id="11" c="20 22" t="1"/>
		<b id="12" c="22 25" t="1"/>
		<b id="13" c="25 28" t="1"/>
		<b id="14" c="28 31" t="1"/>
		<b id="15" c="19 10" t="ar"/>
		<b id="16" c="31 20" t="1"/>
		<b id="17" c="2 1" t="1"/>
		<b id="18" c="2 3" t="1"/>
		<b id="19" c="4 5" t="1"/>
		<b id="20" c="6 7" t="1"/>
		<b id="21" c="6 8" t="1"/>
		<b id="22" c="11 12" t="1"/>
		<b id="23" c="13 14" t="1"/>
		<b id="24" c="15 16" t="1"/>
		<b id="25" c="17 18" t="1"/>
		<b id="26" c="20 21" t="1"/>
		<b id="27" c="22 23" t="1"/>
		<b id="28" c="22 24" t="1"/>
		<b id="29" c="25 26" t="1"/>
		<b id="30" c="25 27" t="1"/>
		<b id="31" c="28 29" t="1"/>
		<b id="32" c="28 30" t="1"/>
		<b id="33" c="31 32" t="1"/>
		<b id="34" c="31 33" t="1"/>
	</bonds>
	<geometry>
		<g u="A" t="cart/3d">#33,3:1.9986,2.4242,-0.0594;3.0806,2.3306,-0.0495;3.6598,3.2428,0.0511;3.6851,1.1391,-0.1579;4.7724,1.1117,-0.1428;3.0159,-0.2025,-0.3028;3.3453,-0.6435,-1.2510;3.3359,-0.8330,0.5352;1.5986,-0.0628,-0.2952;0.8373,-1.1996,-0.3989;1.3631,-2.4872,-0.5610;2.4310,-2.6698,-0.6086;0.5151,-3.5891,-0.6721;0.9311,-4.5851,-0.7984;-0.8619,-3.4122,-0.6244;-1.5245,-4.2694,-0.7129;-1.3966,-2.1332,-0.4629;-2.4780,-2.0397,-0.4312;-0.5631,-1.0079,-0.3444;-1.1257,0.3896,-0.1589;-0.6031,1.0546,-0.8626;-2.6269,0.6064,-0.3850;-2.9070,0.5363,-1.4406;-3.2364,-0.1078,0.1807;-2.8569,2.0006,0.1808;-2.5661,2.7575,-0.5574;-3.9052,2.1746,0.4412;-1.9379,2.0858,1.3967;-1.4220,3.0517,1.4212;-2.5070,1.9944,2.3283;-0.9455,0.9283,1.2674;-1.1851,0.1561,2.0098;0.0790,1.2588,1.4658;</g>
	</geometry>
	<conformers/>
	<properties/>
</molecule>
