<?xml version="1.0" ?>
<!--MOLLI PACKAGE EXPERIMENTAL XML FORMAT-->
<molecule name="react_106">
	<atoms>
		<a id="1" s="H" t="H" l="H"/>
		<a id="2" s="C" t="C.2" l="C"/>
		<a id="3" s="H" t="H" l="H"/>
		<a id="4" s="C" t="C.2" l="C"/>
		<a id="5" s="C" t="C.3" l="C"/>
		<a id="6" s="H" t="H" l="H"/>
		<a id="7" s="H" t="H" l="H"/>
		<a id="8" s="H" t="H" l="H"/>
		<a id="9" s="C" t="C.3" l="C"/>
		<a id="10" s="F" t="F" l="F"/>
		<a id="11" s="F" t="F" l="F"/>
		<a id="12" s="F" t="F" l="F"/>
	</atoms>
	<bonds>
		<b id="1" c="2 4" t="2"/>
		<b id="2" c="4 5" t="1"/>
		<b id="3" c="4 9" t="1"/>
		<b id="4" c="9 10" t="1"/>
		<b id="5" c="9 11" t="1"/>
		<b id="6" c="9 12" t="1"/>
		<b id="7" c="2 1" t="1"/>
		<b id="8" c="2 3" t="1"/>
		<b id="9" c="5 6" t="1"/>
		<b id="10" c="5 7" t="1"/>
		<b id="11" c="5 8" t="1"/>
	</bonds>
	<geometry>
		<g u="A" t="cart/3d">#12,3:-1.9371,1.1209,-0.6571;-0.9165,1.2509,-0.3047;-0.5671,2.2711,-0.1757;-0.1278,0.1923,-0.0423;1.2810,0.3610,0.4440;1.5569,1.4157,0.5481;1.9849,-0.0982,-0.2577;1.4063,-0.1127,1.4231;-0.5643,-1.2372,-0.2049;-0.4915,-1.9158,0.9676;-1.8430,-1.3498,-0.6460;0.2182,-1.8981,-1.0945;</g>
	</geometry>
	<conformers/>
	<properties/>
</molecule>
