<?xml version="1.0" ?>
<!--MOLLI PACKAGE EXPERIMENTAL XML FORMAT-->
<molecule name="react_236">
	<atoms>
		<a id="1" s="H" t="H" l="H"/>
		<a id="2" s="C" t="C.2" l="C"/>
		<a id="3" s="H" t="H" l="H"/>
		<a id="4" s="C" t="C.2" l="C"/>
		<a id="5" s="H" t="H" l="H"/>
		<a id="6" s="C" t="C.ar" l="C"/>
		<a id="7" s="C" t="C.ar" l="C"/>
		<a id="8" s="H" t="H" l="H"/>
		<a id="9" s="C" t="C.ar" l="C"/>
		<a id="10" s="H" t="H" l="H"/>
		<a id="11" s="C" t="C.ar" l="C"/>
		<a id="12" s="H" t="H" l="H"/>
		<a id="13" s="C" t="C.ar" l="C"/>
		<a id="14" s="C" t="C.ar" l="C"/>
		<a id="15" s="H" t="H" l="H"/>
		<a id="16" s="C" t="C.ar" l="C"/>
		<a id="17" s="C" t="C.ar" l="C"/>
		<a id="18" s="H" t="H" l="H"/>
		<a id="19" s="C" t="C.ar" l="C"/>
		<a id="20" s="H" t="H" l="H"/>
		<a id="21" s="C" t="C.ar" l="C"/>
		<a id="22" s="H" t="H" l="H"/>
		<a id="23" s="C" t="C.ar" l="C"/>
		<a id="24" s="H" t="H" l="H"/>
		<a id="25" s="C" t="C.ar" l="C"/>
		<a id="26" s="N" t="N.ar" l="N"/>
		<a id="27" s="C" t="C.ar" l="C"/>
	</atoms>
	<bonds>
		<b id="1" c="2 4" t="2"/>
		<b id="2" c="4 6" t="1"/>
		<b id="3" c="6 7" t="ar"/>
		<b id="4" c="7 9" t="ar"/>
		<b id="5" c="9 11" t="ar"/>
		<b id="6" c="11 13" t="ar"/>
		<b id="7" c="13 14" t="ar"/>
		<b id="8" c="14 16" t="ar"/>
		<b id="9" c="16 17" t="ar"/>
		<b id="10" c="17 19" t="ar"/>
		<b id="11" c="19 21" t="ar"/>
		<b id="12" c="21 23" t="ar"/>
		<b id="13" c="23 25" t="ar"/>
		<b id="14" c="25 26" t="ar"/>
		<b id="15" c="26 27" t="ar"/>
		<b id="16" c="27 6" t="ar"/>
		<b id="17" c="27 13" t="ar"/>
		<b id="18" c="25 16" t="ar"/>
		<b id="19" c="2 1" t="1"/>
		<b id="20" c="2 3" t="1"/>
		<b id="21" c="4 5" t="1"/>
		<b id="22" c="7 8" t="1"/>
		<b id="23" c="9 10" t="1"/>
		<b id="24" c="11 12" t="1"/>
		<b id="25" c="14 15" t="1"/>
		<b id="26" c="17 18" t="1"/>
		<b id="27" c="19 20" t="1"/>
		<b id="28" c="21 22" t="1"/>
		<b id="29" c="23 24" t="1"/>
	</bonds>
	<geometry>
		<g u="A" t="cart/3d">#27,3:-1.9441,-2.3302,1.4246;-2.6097,-2.4835,0.5802;-3.0650,-3.4618,0.4721;-2.8483,-1.5153,-0.3133;-3.5192,-1.6961,-1.1484;-2.2666,-0.1623,-0.2230;-3.1783,0.9084,-0.2606;-4.2468,0.7155,-0.3327;-2.7309,2.2220,-0.1924;-3.4413,3.0441,-0.2144;-1.3680,2.4740,-0.0944;-1.0262,3.5055,-0.0413;-0.4459,1.4140,-0.0698;0.9273,1.6710,0.0184;1.2852,2.6964,0.0739;1.8448,0.6172,0.0325;3.2320,0.8363,0.1195;3.6288,1.8469,0.1799;4.1148,-0.2414,0.1288;5.1861,-0.0710,0.1959;3.6159,-1.5364,0.0511;4.2928,-2.3866,0.0568;2.2361,-1.7455,-0.0351;1.8506,-2.7606,-0.0961;1.3354,-0.6886,-0.0457;0.0193,-0.9436,-0.1288;-0.8785,0.0715,-0.1379;</g>
	</geometry>
	<conformers/>
	<properties/>
</molecule>
