<?xml version="1.0" ?>
<!--MOLLI PACKAGE EXPERIMENTAL XML FORMAT-->
<molecule name="react_237">
	<atoms>
		<a id="1" s="H" t="H" l="H"/>
		<a id="2" s="C" t="C.2" l="C"/>
		<a id="3" s="H" t="H" l="H"/>
		<a id="4" s="C" t="C.2" l="C"/>
		<a id="5" s="H" t="H" l="H"/>
		<a id="6" s="C" t="C.ar" l="C"/>
		<a id="7" s="C" t="C.ar" l="C"/>
		<a id="8" s="H" t="H" l="H"/>
		<a id="9" s="C" t="C.ar" l="C"/>
		<a id="10" s="H" t="H" l="H"/>
		<a id="11" s="C" t="C.ar" l="C"/>
		<a id="12" s="H" t="H" l="H"/>
		<a id="13" s="C" t="C.ar" l="C"/>
		<a id="14" s="C" t="C.ar" l="C"/>
		<a id="15" s="C" t="C.ar" l="C"/>
		<a id="16" s="H" t="H" l="H"/>
		<a id="17" s="C" t="C.ar" l="C"/>
		<a id="18" s="H" t="H" l="H"/>
		<a id="19" s="C" t="C.ar" l="C"/>
		<a id="20" s="H" t="H" l="H"/>
		<a id="21" s="C" t="C.ar" l="C"/>
		<a id="22" s="H" t="H" l="H"/>
		<a id="23" s="C" t="C.ar" l="C"/>
		<a id="24" s="N" t="N.ar" l="N"/>
		<a id="25" s="C" t="C.3" l="C"/>
		<a id="26" s="H" t="H" l="H"/>
		<a id="27" s="H" t="H" l="H"/>
		<a id="28" s="H" t="H" l="H"/>
		<a id="29" s="C" t="C.ar" l="C"/>
	</atoms>
	<bonds>
		<b id="1" c="2 4" t="2"/>
		<b id="2" c="4 6" t="1"/>
		<b id="3" c="6 7" t="ar"/>
		<b id="4" c="7 9" t="ar"/>
		<b id="5" c="9 11" t="ar"/>
		<b id="6" c="11 13" t="ar"/>
		<b id="7" c="13 14" t="ar"/>
		<b id="8" c="14 15" t="ar"/>
		<b id="9" c="15 17" t="ar"/>
		<b id="10" c="17 19" t="ar"/>
		<b id="11" c="19 21" t="ar"/>
		<b id="12" c="21 23" t="ar"/>
		<b id="13" c="23 24" t="ar"/>
		<b id="14" c="24 25" t="1"/>
		<b id="15" c="24 29" t="ar"/>
		<b id="16" c="29 6" t="ar"/>
		<b id="17" c="29 13" t="ar"/>
		<b id="18" c="23 14" t="ar"/>
		<b id="19" c="2 1" t="1"/>
		<b id="20" c="2 3" t="1"/>
		<b id="21" c="4 5" t="1"/>
		<b id="22" c="7 8" t="1"/>
		<b id="23" c="9 10" t="1"/>
		<b id="24" c="11 12" t="1"/>
		<b id="25" c="15 16" t="1"/>
		<b id="26" c="17 18" t="1"/>
		<b id="27" c="19 20" t="1"/>
		<b id="28" c="21 22" t="1"/>
		<b id="29" c="25 26" t="1"/>
		<b id="30" c="25 27" t="1"/>
		<b id="31" c="25 28" t="1"/>
	</bonds>
	<geometry>
		<g u="A" t="cart/3d">#29,3:-4.5634,-1.9315,-0.6749;-3.9464,-1.0427,-0.5908;-4.2277,-0.1802,-1.1877;-2.8773,-1.0284,0.2150;-2.6155,-1.9060,0.7984;-2.0208,0.1456,0.3728;-2.5624,1.3693,0.8025;-3.6325,1.4544,0.9811;-1.7565,2.4777,1.0257;-2.1976,3.4128,1.3598;-0.3780,2.3879,0.8394;0.2507,3.2535,1.0286;0.2021,1.1730,0.4113;1.5550,0.7862,0.1635;2.7910,1.4621,0.2618;2.8225,2.5000,0.5797;3.9771,0.7901,-0.0459;4.9273,1.3118,0.0328;3.9462,-0.5398,-0.4479;4.8763,-1.0525,-0.6822;2.7346,-1.2292,-0.5572;2.7327,-2.2674,-0.8720;1.5444,-0.5449,-0.2487;0.2199,-0.9464,-0.2812;-0.2161,-2.2385,-0.7684;-0.5280,-2.8420,0.0870;-1.0327,-2.0938,-1.4793;0.5967,-2.7443,-1.2925;-0.6215,0.0634,0.1692;</g>
	</geometry>
	<conformers/>
	<properties/>
</molecule>
