<?xml version="1.0" ?>
<!--MOLLI PACKAGE EXPERIMENTAL XML FORMAT-->
<molecule name="react_239">
	<atoms>
		<a id="1" s="H" t="H" l="H"/>
		<a id="2" s="C" t="C.2" l="C"/>
		<a id="3" s="H" t="H" l="H"/>
		<a id="4" s="C" t="C.2" l="C"/>
		<a id="5" s="H" t="H" l="H"/>
		<a id="6" s="C" t="C.3" l="C"/>
		<a id="7" s="H" t="H" l="H"/>
		<a id="8" s="H" t="H" l="H"/>
		<a id="9" s="C" t="C.ar" l="C"/>
		<a id="10" s="C" t="C.ar" l="C"/>
		<a id="11" s="H" t="H" l="H"/>
		<a id="12" s="C" t="C.ar" l="C"/>
		<a id="13" s="H" t="H" l="H"/>
		<a id="14" s="C" t="C.ar" l="C"/>
		<a id="15" s="H" t="H" l="H"/>
		<a id="16" s="C" t="C.ar" l="C"/>
		<a id="17" s="O" t="O.3" l="O"/>
		<a id="18" s="C" t="C.3" l="C"/>
		<a id="19" s="H" t="H" l="H"/>
		<a id="20" s="H" t="H" l="H"/>
		<a id="21" s="H" t="H" l="H"/>
		<a id="22" s="C" t="C.ar" l="C"/>
		<a id="23" s="C" t="C.2" l="C"/>
		<a id="24" s="O" t="O.2" l="O"/>
		<a id="25" s="N" t="N.am" l="N"/>
		<a id="26" s="C" t="C.3" l="C"/>
		<a id="27" s="H" t="H" l="H"/>
		<a id="28" s="H" t="H" l="H"/>
		<a id="29" s="C" t="C.3" l="C"/>
		<a id="30" s="H" t="H" l="H"/>
		<a id="31" s="H" t="H" l="H"/>
		<a id="32" s="H" t="H" l="H"/>
		<a id="33" s="C" t="C.3" l="C"/>
		<a id="34" s="H" t="H" l="H"/>
		<a id="35" s="H" t="H" l="H"/>
		<a id="36" s="C" t="C.3" l="C"/>
		<a id="37" s="H" t="H" l="H"/>
		<a id="38" s="H" t="H" l="H"/>
		<a id="39" s="H" t="H" l="H"/>
	</atoms>
	<bonds>
		<b id="1" c="2 4" t="2"/>
		<b id="2" c="4 6" t="1"/>
		<b id="3" c="6 9" t="1"/>
		<b id="4" c="9 10" t="ar"/>
		<b id="5" c="10 12" t="ar"/>
		<b id="6" c="12 14" t="ar"/>
		<b id="7" c="14 16" t="ar"/>
		<b id="8" c="16 17" t="1"/>
		<b id="9" c="17 18" t="1"/>
		<b id="10" c="16 22" t="ar"/>
		<b id="11" c="22 23" t="1"/>
		<b id="12" c="23 24" t="2"/>
		<b id="13" c="23 25" t="am"/>
		<b id="14" c="25 26" t="1"/>
		<b id="15" c="26 29" t="1"/>
		<b id="16" c="25 33" t="1"/>
		<b id="17" c="33 36" t="1"/>
		<b id="18" c="22 9" t="ar"/>
		<b id="19" c="2 1" t="1"/>
		<b id="20" c="2 3" t="1"/>
		<b id="21" c="4 5" t="1"/>
		<b id="22" c="6 7" t="1"/>
		<b id="23" c="6 8" t="1"/>
		<b id="24" c="10 11" t="1"/>
		<b id="25" c="12 13" t="1"/>
		<b id="26" c="14 15" t="1"/>
		<b id="27" c="18 19" t="1"/>
		<b id="28" c="18 20" t="1"/>
		<b id="29" c="18 21" t="1"/>
		<b id="30" c="26 27" t="1"/>
		<b id="31" c="26 28" t="1"/>
		<b id="32" c="29 30" t="1"/>
		<b id="33" c="29 31" t="1"/>
		<b id="34" c="29 32" t="1"/>
		<b id="35" c="33 34" t="1"/>
		<b id="36" c="33 35" t="1"/>
		<b id="37" c="36 37" t="1"/>
		<b id="38" c="36 38" t="1"/>
		<b id="39" c="36 39" t="1"/>
	</bonds>
	<geometry>
		<g u="A" t="cart/3d">#39,3:4.3954,-2.2447,-1.2535;3.3687,-2.5918,-1.1940;3.1051,-3.4793,-1.7611;2.4520,-1.9586,-0.4502;1.4400,-2.3556,-0.4121;2.7260,-0.7376,0.3831;2.4367,-0.9366,1.4206;3.8054,-0.5395,0.4303;2.0278,0.4935,-0.1501;2.6856,1.2933,-1.0974;3.6845,1.0269,-1.4383;2.0735,2.4353,-1.6132;2.5975,3.0435,-2.3470;0.7931,2.8021,-1.1932;0.3521,3.6934,-1.6275;0.1087,2.0260,-0.2540;-1.1571,2.3039,0.1934;-1.6221,3.6370,0.0238;-0.9041,4.3664,0.4138;-1.8566,3.8357,-1.0267;-2.5487,3.7424,0.5964;0.7239,0.8610,0.2440;0.0028,0.0388,1.2401;0.3001,0.2047,2.4221;-0.9392,-0.9032,0.7919;-1.4088,-0.9422,-0.6012;-2.2252,-0.2178,-0.6975;-0.6076,-0.6147,-1.2694;-1.8712,-2.3112,-1.0778;-1.1031,-3.0703,-0.8992;-2.7896,-2.6251,-0.5725;-2.0831,-2.2830,-2.1515;-1.7609,-1.5303,1.8291;-2.0234,-2.5461,1.5204;-1.1698,-1.6379,2.7458;-3.0110,-0.7233,2.1459;-3.6635,-0.6429,1.2709;-3.5788,-1.2037,2.9486;-2.7550,0.2916,2.4672;</g>
	</geometry>
	<conformers/>
	<properties/>
</molecule>
