<?xml version="1.0" ?>
<!--MOLLI PACKAGE EXPERIMENTAL XML FORMAT-->
<molecule name="react_240">
	<atoms>
		<a id="1" s="H" t="H" l="H"/>
		<a id="2" s="C" t="C.2" l="C"/>
		<a id="3" s="H" t="H" l="H"/>
		<a id="4" s="C" t="C.2" l="C"/>
		<a id="5" s="H" t="H" l="H"/>
		<a id="6" s="C" t="C.ar" l="C"/>
		<a id="7" s="C" t="C.ar" l="C"/>
		<a id="8" s="H" t="H" l="H"/>
		<a id="9" s="C" t="C.ar" l="C"/>
		<a id="10" s="H" t="H" l="H"/>
		<a id="11" s="C" t="C.ar" l="C"/>
		<a id="12" s="H" t="H" l="H"/>
		<a id="13" s="C" t="C.ar" l="C"/>
		<a id="14" s="H" t="H" l="H"/>
		<a id="15" s="C" t="C.ar" l="C"/>
		<a id="16" s="C" t="C.3" l="C"/>
		<a id="17" s="H" t="H" l="H"/>
		<a id="18" s="H" t="H" l="H"/>
		<a id="19" s="O" t="O.3" l="O"/>
		<a id="20" s="Si" t="Si" l="SI"/>
		<a id="21" s="C" t="C.3" l="C"/>
		<a id="22" s="H" t="H" l="H"/>
		<a id="23" s="H" t="H" l="H"/>
		<a id="24" s="H" t="H" l="H"/>
		<a id="25" s="C" t="C.3" l="C"/>
		<a id="26" s="H" t="H" l="H"/>
		<a id="27" s="H" t="H" l="H"/>
		<a id="28" s="H" t="H" l="H"/>
		<a id="29" s="C" t="C.3" l="C"/>
		<a id="30" s="C" t="C.3" l="C"/>
		<a id="31" s="H" t="H" l="H"/>
		<a id="32" s="H" t="H" l="H"/>
		<a id="33" s="H" t="H" l="H"/>
		<a id="34" s="C" t="C.3" l="C"/>
		<a id="35" s="H" t="H" l="H"/>
		<a id="36" s="H" t="H" l="H"/>
		<a id="37" s="H" t="H" l="H"/>
		<a id="38" s="C" t="C.3" l="C"/>
		<a id="39" s="H" t="H" l="H"/>
		<a id="40" s="H" t="H" l="H"/>
		<a id="41" s="H" t="H" l="H"/>
	</atoms>
	<bonds>
		<b id="1" c="2 4" t="2"/>
		<b id="2" c="4 6" t="1"/>
		<b id="3" c="6 7" t="ar"/>
		<b id="4" c="7 9" t="ar"/>
		<b id="5" c="9 11" t="ar"/>
		<b id="6" c="11 13" t="ar"/>
		<b id="7" c="13 15" t="ar"/>
		<b id="8" c="15 16" t="1"/>
		<b id="9" c="16 19" t="1"/>
		<b id="10" c="19 20" t="1"/>
		<b id="11" c="20 21" t="1"/>
		<b id="12" c="20 25" t="1"/>
		<b id="13" c="20 29" t="1"/>
		<b id="14" c="29 30" t="1"/>
		<b id="15" c="29 34" t="1"/>
		<b id="16" c="29 38" t="1"/>
		<b id="17" c="15 6" t="ar"/>
		<b id="18" c="2 1" t="1"/>
		<b id="19" c="2 3" t="1"/>
		<b id="20" c="4 5" t="1"/>
		<b id="21" c="7 8" t="1"/>
		<b id="22" c="9 10" t="1"/>
		<b id="23" c="11 12" t="1"/>
		<b id="24" c="13 14" t="1"/>
		<b id="25" c="16 17" t="1"/>
		<b id="26" c="16 18" t="1"/>
		<b id="27" c="21 22" t="1"/>
		<b id="28" c="21 23" t="1"/>
		<b id="29" c="21 24" t="1"/>
		<b id="30" c="25 26" t="1"/>
		<b id="31" c="25 27" t="1"/>
		<b id="32" c="25 28" t="1"/>
		<b id="33" c="30 31" t="1"/>
		<b id="34" c="30 32" t="1"/>
		<b id="35" c="30 33" t="1"/>
		<b id="36" c="34 35" t="1"/>
		<b id="37" c="34 36" t="1"/>
		<b id="38" c="34 37" t="1"/>
		<b id="39" c="38 39" t="1"/>
		<b id="40" c="38 40" t="1"/>
		<b id="41" c="38 41" t="1"/>
	</bonds>
	<geometry>
		<g u="A" t="cart/3d">#41,3:4.9159,-2.4545,-1.8496;4.6972,-1.6852,-1.1161;5.1280,-1.8004,-0.1256;3.9199,-0.6424,-1.4322;3.4890,-0.5482,-2.4249;3.5976,0.4182,-0.4688;4.6356,1.2409,-0.0019;5.6553,1.0859,-0.3476;4.3774,2.2697,0.9031;5.1888,2.8998,1.2567;3.0789,2.4874,1.3498;2.8714,3.2873,2.0557;2.0382,1.6774,0.8923;1.0312,1.8664,1.2596;2.2760,0.6349,-0.0220;1.1449,-0.2566,-0.5030;1.1007,-0.1997,-1.5980;1.3630,-1.2857,-0.1899;-0.1147,0.1466,0.0347;-1.4874,-0.7344,-0.3510;-1.3993,-2.4980,0.2799;-2.3308,-3.0335,0.0758;-1.2205,-2.5171,1.3588;-0.5844,-3.0404,-0.2087;-1.8460,-0.7203,-2.1916;-1.0425,-1.2176,-2.7430;-1.9294,0.3046,-2.5642;-2.7805,-1.2439,-2.4120;-3.0986,0.1791,0.5974;-4.3909,-0.5950,0.2752;-5.2533,-0.1294,0.7660;-4.5942,-0.6115,-0.8011;-4.3368,-1.6331,0.6207;-3.2078,1.6316,0.0898;-2.2906,2.1975,0.2892;-4.0341,2.1543,0.5849;-3.3941,1.6685,-0.9893;-2.8402,0.1737,2.1181;-3.6594,0.6682,2.6524;-1.9134,0.7015,2.3707;-2.7601,-0.8464,2.5098;</g>
	</geometry>
	<conformers/>
	<properties/>
</molecule>
