<?xml version="1.0" ?>
<!--MOLLI PACKAGE EXPERIMENTAL XML FORMAT-->
<molecule name="react_241">
	<atoms>
		<a id="1" s="H" t="H" l="H"/>
		<a id="2" s="C" t="C.2" l="C"/>
		<a id="3" s="H" t="H" l="H"/>
		<a id="4" s="C" t="C.2" l="C"/>
		<a id="5" s="H" t="H" l="H"/>
		<a id="6" s="C" t="C.ar" l="C"/>
		<a id="7" s="C" t="C.ar" l="C"/>
		<a id="8" s="H" t="H" l="H"/>
		<a id="9" s="C" t="C.ar" l="C"/>
		<a id="10" s="H" t="H" l="H"/>
		<a id="11" s="C" t="C.ar" l="C"/>
		<a id="12" s="O" t="O.3" l="O"/>
		<a id="13" s="C" t="C.3" l="C"/>
		<a id="14" s="H" t="H" l="H"/>
		<a id="15" s="H" t="H" l="H"/>
		<a id="16" s="C" t="C.ar" l="C"/>
		<a id="17" s="C" t="C.ar" l="C"/>
		<a id="18" s="H" t="H" l="H"/>
		<a id="19" s="C" t="C.ar" l="C"/>
		<a id="20" s="H" t="H" l="H"/>
		<a id="21" s="C" t="C.ar" l="C"/>
		<a id="22" s="H" t="H" l="H"/>
		<a id="23" s="C" t="C.ar" l="C"/>
		<a id="24" s="H" t="H" l="H"/>
		<a id="25" s="C" t="C.ar" l="C"/>
		<a id="26" s="H" t="H" l="H"/>
		<a id="27" s="C" t="C.ar" l="C"/>
		<a id="28" s="H" t="H" l="H"/>
		<a id="29" s="C" t="C.ar" l="C"/>
		<a id="30" s="H" t="H" l="H"/>
	</atoms>
	<bonds>
		<b id="1" c="2 4" t="2"/>
		<b id="2" c="4 6" t="1"/>
		<b id="3" c="6 7" t="ar"/>
		<b id="4" c="7 9" t="ar"/>
		<b id="5" c="9 11" t="ar"/>
		<b id="6" c="11 12" t="1"/>
		<b id="7" c="12 13" t="1"/>
		<b id="8" c="13 16" t="1"/>
		<b id="9" c="16 17" t="ar"/>
		<b id="10" c="17 19" t="ar"/>
		<b id="11" c="19 21" t="ar"/>
		<b id="12" c="21 23" t="ar"/>
		<b id="13" c="23 25" t="ar"/>
		<b id="14" c="11 27" t="ar"/>
		<b id="15" c="27 29" t="ar"/>
		<b id="16" c="29 6" t="ar"/>
		<b id="17" c="25 16" t="ar"/>
		<b id="18" c="2 1" t="1"/>
		<b id="19" c="2 3" t="1"/>
		<b id="20" c="4 5" t="1"/>
		<b id="21" c="7 8" t="1"/>
		<b id="22" c="9 10" t="1"/>
		<b id="23" c="13 14" t="1"/>
		<b id="24" c="13 15" t="1"/>
		<b id="25" c="17 18" t="1"/>
		<b id="26" c="19 20" t="1"/>
		<b id="27" c="21 22" t="1"/>
		<b id="28" c="23 24" t="1"/>
		<b id="29" c="25 26" t="1"/>
		<b id="30" c="27 28" t="1"/>
		<b id="31" c="29 30" t="1"/>
	</bonds>
	<geometry>
		<g u="A" t="cart/3d">#30,3:-5.5864,1.7995,-1.0348;-5.9497,0.9953,-0.4037;-7.0218,0.9404,-0.2419;-5.1316,0.1091,0.1787;-5.5544,-0.6582,0.8236;-3.6699,0.1027,0.0346;-3.0294,0.4737,-1.1521;-3.6028,0.7956,-2.0174;-1.6353,0.4232,-1.2516;-1.1527,0.7171,-2.1808;-0.8573,-0.0067,-0.1754;0.4893,-0.0050,-0.4091;1.3354,-0.4305,0.6579;1.1958,0.2032,1.5429;1.1101,-1.4724,0.9168;2.7741,-0.3112,0.2143;3.6179,-1.4306,0.2028;3.2424,-2.4080,0.4969;4.9516,-1.3078,-0.1921;5.5976,-2.1819,-0.2014;5.4553,-0.0668,-0.5775;6.4928,0.0270,-0.8870;4.6266,1.0533,-0.5700;5.0165,2.0210,-0.8744;3.2934,0.9326,-0.1754;2.6529,1.8125,-0.1791;-1.4886,-0.3933,1.0055;-0.9315,-0.7400,1.8690;-2.8855,-0.3435,1.1056;-3.3550,-0.6502,2.0379;</g>
	</geometry>
	<conformers/>
	<properties/>
</molecule>
