<?xml version="1.0" ?>
<!--MOLLI PACKAGE EXPERIMENTAL XML FORMAT-->
<molecule name="react_242">
	<atoms>
		<a id="1" s="H" t="H" l="H"/>
		<a id="2" s="C" t="C.2" l="C"/>
		<a id="3" s="H" t="H" l="H"/>
		<a id="4" s="C" t="C.2" l="C"/>
		<a id="5" s="H" t="H" l="H"/>
		<a id="6" s="C" t="C.ar" l="C"/>
		<a id="7" s="C" t="C.ar" l="C"/>
		<a id="8" s="H" t="H" l="H"/>
		<a id="9" s="C" t="C.ar" l="C"/>
		<a id="10" s="H" t="H" l="H"/>
		<a id="11" s="C" t="C.ar" l="C"/>
		<a id="12" s="H" t="H" l="H"/>
		<a id="13" s="C" t="C.ar" l="C"/>
		<a id="14" s="C" t="C.ar" l="C"/>
		<a id="15" s="C" t="C.ar" l="C"/>
		<a id="16" s="H" t="H" l="H"/>
		<a id="17" s="C" t="C.ar" l="C"/>
		<a id="18" s="C" t="C.3" l="C"/>
		<a id="19" s="H" t="H" l="H"/>
		<a id="20" s="H" t="H" l="H"/>
		<a id="21" s="H" t="H" l="H"/>
		<a id="22" s="N" t="N.ar" l="N"/>
		<a id="23" s="C" t="C.2" l="C"/>
		<a id="24" s="O" t="O.2" l="O"/>
		<a id="25" s="O" t="O.3" l="O"/>
		<a id="26" s="C" t="C.3" l="C"/>
		<a id="27" s="C" t="C.3" l="C"/>
		<a id="28" s="H" t="H" l="H"/>
		<a id="29" s="H" t="H" l="H"/>
		<a id="30" s="H" t="H" l="H"/>
		<a id="31" s="C" t="C.3" l="C"/>
		<a id="32" s="H" t="H" l="H"/>
		<a id="33" s="H" t="H" l="H"/>
		<a id="34" s="H" t="H" l="H"/>
		<a id="35" s="C" t="C.3" l="C"/>
		<a id="36" s="H" t="H" l="H"/>
		<a id="37" s="H" t="H" l="H"/>
		<a id="38" s="H" t="H" l="H"/>
	</atoms>
	<bonds>
		<b id="1" c="2 4" t="2"/>
		<b id="2" c="4 6" t="1"/>
		<b id="3" c="6 7" t="ar"/>
		<b id="4" c="7 9" t="ar"/>
		<b id="5" c="9 11" t="ar"/>
		<b id="6" c="11 13" t="ar"/>
		<b id="7" c="13 14" t="ar"/>
		<b id="8" c="14 15" t="ar"/>
		<b id="9" c="15 17" t="ar"/>
		<b id="10" c="17 18" t="1"/>
		<b id="11" c="17 22" t="ar"/>
		<b id="12" c="22 23" t="am"/>
		<b id="13" c="23 24" t="2"/>
		<b id="14" c="23 25" t="1"/>
		<b id="15" c="25 26" t="1"/>
		<b id="16" c="26 27" t="1"/>
		<b id="17" c="26 31" t="1"/>
		<b id="18" c="26 35" t="1"/>
		<b id="19" c="14 6" t="ar"/>
		<b id="20" c="22 13" t="ar"/>
		<b id="21" c="2 1" t="1"/>
		<b id="22" c="2 3" t="1"/>
		<b id="23" c="4 5" t="1"/>
		<b id="24" c="7 8" t="1"/>
		<b id="25" c="9 10" t="1"/>
		<b id="26" c="11 12" t="1"/>
		<b id="27" c="15 16" t="1"/>
		<b id="28" c="18 19" t="1"/>
		<b id="29" c="18 20" t="1"/>
		<b id="30" c="18 21" t="1"/>
		<b id="31" c="27 28" t="1"/>
		<b id="32" c="27 29" t="1"/>
		<b id="33" c="27 30" t="1"/>
		<b id="34" c="31 32" t="1"/>
		<b id="35" c="31 33" t="1"/>
		<b id="36" c="31 34" t="1"/>
		<b id="37" c="35 36" t="1"/>
		<b id="38" c="35 37" t="1"/>
		<b id="39" c="35 38" t="1"/>
	</bonds>
	<geometry>
		<g u="A" t="cart/3d">#38,3:6.4394,-0.7984,-0.3045;5.3866,-0.7250,-0.0522;4.8236,-1.6509,0.0165;4.8243,0.4677,0.1810;5.4308,1.3692,0.1463;3.4198,0.6510,0.5607;3.1082,1.3979,1.7023;3.9019,1.8251,2.3105;1.7869,1.5885,2.0758;1.5569,2.1657,2.9685;0.7445,1.0454,1.3199;-0.2726,1.2236,1.6509;1.0396,0.2999,0.1563;2.3759,0.1074,-0.2336;2.3471,-0.6248,-1.4448;3.2066,-0.9252,-2.0311;1.0377,-0.8937,-1.7707;0.5391,-1.6409,-2.9616;-0.0070,-2.5400,-2.6600;-0.1065,-1.0088,-3.5792;1.3753,-1.9644,-3.5913;0.2065,-0.3465,-0.7839;-1.2133,-0.4491,-0.7792;-1.8157,-1.0206,-1.6755;-1.7521,0.1421,0.3121;-3.1881,0.1435,0.5176;-3.7282,-1.2819,0.6771;-3.1429,-1.8386,1.4176;-3.6713,-1.8480,-0.2575;-4.7768,-1.2776,0.9936;-3.3940,0.8967,1.8407;-2.9872,1.9128,1.7780;-4.4531,0.9643,2.1104;-2.8592,0.4001,2.6589;-3.9087,0.9084,-0.5979;-3.4501,1.8913,-0.7539;-3.8551,0.3819,-1.5556;-4.9687,1.0518,-0.3623;</g>
	</geometry>
	<conformers/>
	<properties/>
</molecule>
