<?xml version="1.0" ?>
<!--MOLLI PACKAGE EXPERIMENTAL XML FORMAT-->
<molecule name="react_243">
	<atoms>
		<a id="1" s="H" t="H" l="H"/>
		<a id="2" s="C" t="C.2" l="C"/>
		<a id="3" s="H" t="H" l="H"/>
		<a id="4" s="C" t="C.2" l="C"/>
		<a id="5" s="H" t="H" l="H"/>
		<a id="6" s="C" t="C.3" l="C"/>
		<a id="7" s="H" t="H" l="H"/>
		<a id="8" s="H" t="H" l="H"/>
		<a id="9" s="C" t="C.ar" l="C"/>
		<a id="10" s="C" t="C.ar" l="C"/>
		<a id="11" s="H" t="H" l="H"/>
		<a id="12" s="C" t="C.ar" l="C"/>
		<a id="13" s="O" t="O.3" l="O"/>
		<a id="14" s="C" t="C.3" l="C"/>
		<a id="15" s="H" t="H" l="H"/>
		<a id="16" s="H" t="H" l="H"/>
		<a id="17" s="H" t="H" l="H"/>
		<a id="18" s="C" t="C.ar" l="C"/>
		<a id="19" s="H" t="H" l="H"/>
		<a id="20" s="C" t="C.ar" l="C"/>
		<a id="21" s="O" t="O.3" l="O"/>
		<a id="22" s="C" t="C.3" l="C"/>
		<a id="23" s="H" t="H" l="H"/>
		<a id="24" s="H" t="H" l="H"/>
		<a id="25" s="H" t="H" l="H"/>
		<a id="26" s="C" t="C.ar" l="C"/>
		<a id="27" s="C" t="C.2" l="C"/>
		<a id="28" s="O" t="O.2" l="O"/>
		<a id="29" s="N" t="N.am" l="N"/>
		<a id="30" s="C" t="C.3" l="C"/>
		<a id="31" s="H" t="H" l="H"/>
		<a id="32" s="H" t="H" l="H"/>
		<a id="33" s="C" t="C.3" l="C"/>
		<a id="34" s="H" t="H" l="H"/>
		<a id="35" s="H" t="H" l="H"/>
		<a id="36" s="H" t="H" l="H"/>
		<a id="37" s="C" t="C.3" l="C"/>
		<a id="38" s="H" t="H" l="H"/>
		<a id="39" s="H" t="H" l="H"/>
		<a id="40" s="C" t="C.3" l="C"/>
		<a id="41" s="H" t="H" l="H"/>
		<a id="42" s="H" t="H" l="H"/>
		<a id="43" s="H" t="H" l="H"/>
	</atoms>
	<bonds>
		<b id="1" c="2 4" t="2"/>
		<b id="2" c="4 6" t="1"/>
		<b id="3" c="6 9" t="1"/>
		<b id="4" c="9 10" t="ar"/>
		<b id="5" c="10 12" t="ar"/>
		<b id="6" c="12 13" t="1"/>
		<b id="7" c="13 14" t="1"/>
		<b id="8" c="12 18" t="ar"/>
		<b id="9" c="18 20" t="ar"/>
		<b id="10" c="20 21" t="1"/>
		<b id="11" c="21 22" t="1"/>
		<b id="12" c="20 26" t="ar"/>
		<b id="13" c="26 27" t="1"/>
		<b id="14" c="27 28" t="2"/>
		<b id="15" c="27 29" t="am"/>
		<b id="16" c="29 30" t="1"/>
		<b id="17" c="30 33" t="1"/>
		<b id="18" c="29 37" t="1"/>
		<b id="19" c="37 40" t="1"/>
		<b id="20" c="26 9" t="ar"/>
		<b id="21" c="2 1" t="1"/>
		<b id="22" c="2 3" t="1"/>
		<b id="23" c="4 5" t="1"/>
		<b id="24" c="6 7" t="1"/>
		<b id="25" c="6 8" t="1"/>
		<b id="26" c="10 11" t="1"/>
		<b id="27" c="14 15" t="1"/>
		<b id="28" c="14 16" t="1"/>
		<b id="29" c="14 17" t="1"/>
		<b id="30" c="18 19" t="1"/>
		<b id="31" c="22 23" t="1"/>
		<b id="32" c="22 24" t="1"/>
		<b id="33" c="22 25" t="1"/>
		<b id="34" c="30 31" t="1"/>
		<b id="35" c="30 32" t="1"/>
		<b id="36" c="33 34" t="1"/>
		<b id="37" c="33 35" t="1"/>
		<b id="38" c="33 36" t="1"/>
		<b id="39" c="37 38" t="1"/>
		<b id="40" c="37 39" t="1"/>
		<b id="41" c="40 41" t="1"/>
		<b id="42" c="40 42" t="1"/>
		<b id="43" c="40 43" t="1"/>
	</bonds>
	<geometry>
		<g u="A" t="cart/3d">#43,3:-2.3387,4.1539,-1.5627;-2.4106,3.1196,-1.8853;-3.3427,2.8003,-2.3407;-1.3788,2.2803,-1.7260;-0.4606,2.6552,-1.2796;-1.3769,0.8408,-2.1595;-0.5344,0.6718,-2.8384;-2.2669,0.6199,-2.7643;-1.3389,-0.1146,-0.9865;-2.5512,-0.4914,-0.3792;-3.4738,-0.0785,-0.7765;-2.5647,-1.3714,0.7034;-3.6781,-1.8034,1.3722;-4.9354,-1.3232,0.9120;-5.1252,-1.6388,-0.1192;-5.0027,-0.2349,1.0126;-5.7127,-1.7643,1.5434;-1.3598,-1.8901,1.1903;-1.4119,-2.5719,2.0333;-0.1373,-1.5341,0.6140;1.0801,-1.9995,1.0371;1.0837,-3.0961,1.9419;2.1218,-3.4156,2.0745;0.5218,-3.9466,1.5416;0.7016,-2.7942,2.9223;-0.1349,-0.6242,-0.4580;1.1542,-0.2346,-1.0689;1.4752,-0.7994,-2.1133;1.9101,0.7779,-0.4688;1.5247,1.4976,0.7502;0.4771,1.3083,0.9961;1.6010,2.5704,0.5380;2.3825,1.1473,1.9548;3.4174,1.4726,1.8121;2.3901,0.0702,2.1425;1.9991,1.6487,2.8491;3.1851,1.1243,-1.0940;3.4907,2.1220,-0.7602;3.0342,1.1814,-2.1786;4.2823,0.1110,-0.8000;5.2150,0.4140,-1.2860;4.0170,-0.8847,-1.1691;4.4717,0.0241,0.2735;</g>
	</geometry>
	<conformers/>
	<properties/>
</molecule>
