<?xml version="1.0" ?>
<!--MOLLI PACKAGE EXPERIMENTAL XML FORMAT-->
<molecule name="react_244">
	<atoms>
		<a id="1" s="H" t="H" l="H"/>
		<a id="2" s="C" t="C.2" l="C"/>
		<a id="3" s="H" t="H" l="H"/>
		<a id="4" s="C" t="C.2" l="C"/>
		<a id="5" s="H" t="H" l="H"/>
		<a id="6" s="C" t="C.3" l="C"/>
		<a id="7" s="H" t="H" l="H"/>
		<a id="8" s="H" t="H" l="H"/>
		<a id="9" s="C" t="C.ar" l="C"/>
		<a id="10" s="C" t="C.ar" l="C"/>
		<a id="11" s="O" t="O.3" l="O"/>
		<a id="12" s="C" t="C.3" l="C"/>
		<a id="13" s="H" t="H" l="H"/>
		<a id="14" s="H" t="H" l="H"/>
		<a id="15" s="H" t="H" l="H"/>
		<a id="16" s="C" t="C.ar" l="C"/>
		<a id="17" s="H" t="H" l="H"/>
		<a id="18" s="C" t="C.ar" l="C"/>
		<a id="19" s="O" t="O.3" l="O"/>
		<a id="20" s="C" t="C.3" l="C"/>
		<a id="21" s="H" t="H" l="H"/>
		<a id="22" s="H" t="H" l="H"/>
		<a id="23" s="H" t="H" l="H"/>
		<a id="24" s="C" t="C.ar" l="C"/>
		<a id="25" s="H" t="H" l="H"/>
		<a id="26" s="C" t="C.ar" l="C"/>
		<a id="27" s="C" t="C.2" l="C"/>
		<a id="28" s="O" t="O.2" l="O"/>
		<a id="29" s="N" t="N.am" l="N"/>
		<a id="30" s="C" t="C.3" l="C"/>
		<a id="31" s="H" t="H" l="H"/>
		<a id="32" s="H" t="H" l="H"/>
		<a id="33" s="C" t="C.3" l="C"/>
		<a id="34" s="H" t="H" l="H"/>
		<a id="35" s="H" t="H" l="H"/>
		<a id="36" s="H" t="H" l="H"/>
		<a id="37" s="C" t="C.3" l="C"/>
		<a id="38" s="H" t="H" l="H"/>
		<a id="39" s="H" t="H" l="H"/>
		<a id="40" s="C" t="C.3" l="C"/>
		<a id="41" s="H" t="H" l="H"/>
		<a id="42" s="H" t="H" l="H"/>
		<a id="43" s="H" t="H" l="H"/>
	</atoms>
	<bonds>
		<b id="1" c="2 4" t="2"/>
		<b id="2" c="4 6" t="1"/>
		<b id="3" c="6 9" t="1"/>
		<b id="4" c="9 10" t="ar"/>
		<b id="5" c="10 11" t="1"/>
		<b id="6" c="11 12" t="1"/>
		<b id="7" c="10 16" t="ar"/>
		<b id="8" c="16 18" t="ar"/>
		<b id="9" c="18 19" t="1"/>
		<b id="10" c="19 20" t="1"/>
		<b id="11" c="18 24" t="ar"/>
		<b id="12" c="24 26" t="ar"/>
		<b id="13" c="26 27" t="1"/>
		<b id="14" c="27 28" t="2"/>
		<b id="15" c="27 29" t="am"/>
		<b id="16" c="29 30" t="1"/>
		<b id="17" c="30 33" t="1"/>
		<b id="18" c="29 37" t="1"/>
		<b id="19" c="37 40" t="1"/>
		<b id="20" c="26 9" t="ar"/>
		<b id="21" c="2 1" t="1"/>
		<b id="22" c="2 3" t="1"/>
		<b id="23" c="4 5" t="1"/>
		<b id="24" c="6 7" t="1"/>
		<b id="25" c="6 8" t="1"/>
		<b id="26" c="12 13" t="1"/>
		<b id="27" c="12 14" t="1"/>
		<b id="28" c="12 15" t="1"/>
		<b id="29" c="16 17" t="1"/>
		<b id="30" c="20 21" t="1"/>
		<b id="31" c="20 22" t="1"/>
		<b id="32" c="20 23" t="1"/>
		<b id="33" c="24 25" t="1"/>
		<b id="34" c="30 31" t="1"/>
		<b id="35" c="30 32" t="1"/>
		<b id="36" c="33 34" t="1"/>
		<b id="37" c="33 35" t="1"/>
		<b id="38" c="33 36" t="1"/>
		<b id="39" c="37 38" t="1"/>
		<b id="40" c="37 39" t="1"/>
		<b id="41" c="40 41" t="1"/>
		<b id="42" c="40 42" t="1"/>
		<b id="43" c="40 43" t="1"/>
	</bonds>
	<geometry>
		<g u="A" t="cart/3d">#43,3:-2.1427,-3.2012,-1.9338;-1.1180,-2.9229,-2.1617;-0.7722,-3.0611,-3.1809;-0.3076,-2.4179,-1.2222;0.7140,-2.1622,-1.4908;-0.7003,-2.2169,0.2166;-1.6029,-2.7946,0.4538;0.0684,-2.6622,0.8586;-0.9106,-0.7583,0.5720;-2.1923,-0.1744,0.4940;-3.2023,-1.0061,0.0788;-4.5121,-0.4661,-0.0306;-4.5467,0.3392,-0.7716;-4.8820,-0.1278,0.9427;-5.1744,-1.2650,-0.3779;-2.3754,1.1772,0.8314;-3.3619,1.6177,0.7701;-1.2987,1.9621,1.2507;-1.3533,3.2812,1.6088;-2.6360,3.8940,1.6394;-2.5059,4.9250,1.9824;-3.2999,3.3882,2.3484;-3.0785,3.9295,0.6385;-0.0291,1.3983,1.3190;0.8119,2.0002,1.6548;0.1658,0.0601,0.9637;1.5412,-0.4686,1.0541;1.8203,-1.1486,2.0384;2.4429,-0.1699,0.0303;3.7908,-0.7267,0.1338;4.4941,-0.0653,-0.3825;4.0896,-0.7538,1.1879;3.8697,-2.1327,-0.4418;3.6011,-2.1408,-1.5030;4.8859,-2.5265,-0.3438;3.1876,-2.8125,0.0791;2.1046,0.5575,-1.1983;1.0230,0.5656,-1.3555;2.5388,0.0169,-2.0467;2.6150,1.9902,-1.1777;2.2059,2.5477,-0.3303;2.3265,2.5073,-2.0981;3.7060,2.0239,-1.0999;</g>
	</geometry>
	<conformers/>
	<properties/>
</molecule>
