<?xml version="1.0" ?>
<!--MOLLI PACKAGE EXPERIMENTAL XML FORMAT-->
<molecule name="react_245">
	<atoms>
		<a id="1" s="H" t="H" l="H"/>
		<a id="2" s="C" t="C.2" l="C"/>
		<a id="3" s="H" t="H" l="H"/>
		<a id="4" s="C" t="C.2" l="C"/>
		<a id="5" s="H" t="H" l="H"/>
		<a id="6" s="C" t="C.ar" l="C"/>
		<a id="7" s="C" t="C.ar" l="C"/>
		<a id="8" s="H" t="H" l="H"/>
		<a id="9" s="C" t="C.ar" l="C"/>
		<a id="10" s="H" t="H" l="H"/>
		<a id="11" s="C" t="C.ar" l="C"/>
		<a id="12" s="H" t="H" l="H"/>
		<a id="13" s="C" t="C.ar" l="C"/>
		<a id="14" s="C" t="C.ar" l="C"/>
		<a id="15" s="H" t="H" l="H"/>
		<a id="16" s="C" t="C.ar" l="C"/>
		<a id="17" s="C" t="C.3" l="C"/>
		<a id="18" s="H" t="H" l="H"/>
		<a id="19" s="H" t="H" l="H"/>
		<a id="20" s="H" t="H" l="H"/>
		<a id="21" s="N" t="N.ar" l="N"/>
		<a id="22" s="Si" t="Si" l="SI"/>
		<a id="23" s="C" t="C.3" l="C"/>
		<a id="24" s="H" t="H" l="H"/>
		<a id="25" s="H" t="H" l="H"/>
		<a id="26" s="H" t="H" l="H"/>
		<a id="27" s="C" t="C.3" l="C"/>
		<a id="28" s="H" t="H" l="H"/>
		<a id="29" s="H" t="H" l="H"/>
		<a id="30" s="H" t="H" l="H"/>
		<a id="31" s="C" t="C.3" l="C"/>
		<a id="32" s="C" t="C.3" l="C"/>
		<a id="33" s="H" t="H" l="H"/>
		<a id="34" s="H" t="H" l="H"/>
		<a id="35" s="H" t="H" l="H"/>
		<a id="36" s="C" t="C.3" l="C"/>
		<a id="37" s="H" t="H" l="H"/>
		<a id="38" s="H" t="H" l="H"/>
		<a id="39" s="H" t="H" l="H"/>
		<a id="40" s="C" t="C.3" l="C"/>
		<a id="41" s="H" t="H" l="H"/>
		<a id="42" s="H" t="H" l="H"/>
		<a id="43" s="H" t="H" l="H"/>
		<a id="44" s="C" t="C.ar" l="C"/>
	</atoms>
	<bonds>
		<b id="1" c="2 4" t="2"/>
		<b id="2" c="4 6" t="1"/>
		<b id="3" c="6 7" t="ar"/>
		<b id="4" c="7 9" t="ar"/>
		<b id="5" c="9 11" t="ar"/>
		<b id="6" c="11 13" t="ar"/>
		<b id="7" c="13 14" t="ar"/>
		<b id="8" c="14 16" t="ar"/>
		<b id="9" c="16 17" t="1"/>
		<b id="10" c="16 21" t="ar"/>
		<b id="11" c="21 22" t="1"/>
		<b id="12" c="22 23" t="1"/>
		<b id="13" c="22 27" t="1"/>
		<b id="14" c="22 31" t="1"/>
		<b id="15" c="31 32" t="1"/>
		<b id="16" c="31 36" t="1"/>
		<b id="17" c="31 40" t="1"/>
		<b id="18" c="21 44" t="ar"/>
		<b id="19" c="44 6" t="ar"/>
		<b id="20" c="44 13" t="ar"/>
		<b id="21" c="2 1" t="1"/>
		<b id="22" c="2 3" t="1"/>
		<b id="23" c="4 5" t="1"/>
		<b id="24" c="7 8" t="1"/>
		<b id="25" c="9 10" t="1"/>
		<b id="26" c="11 12" t="1"/>
		<b id="27" c="14 15" t="1"/>
		<b id="28" c="17 18" t="1"/>
		<b id="29" c="17 19" t="1"/>
		<b id="30" c="17 20" t="1"/>
		<b id="31" c="23 24" t="1"/>
		<b id="32" c="23 25" t="1"/>
		<b id="33" c="23 26" t="1"/>
		<b id="34" c="27 28" t="1"/>
		<b id="35" c="27 29" t="1"/>
		<b id="36" c="27 30" t="1"/>
		<b id="37" c="32 33" t="1"/>
		<b id="38" c="32 34" t="1"/>
		<b id="39" c="32 35" t="1"/>
		<b id="40" c="36 37" t="1"/>
		<b id="41" c="36 38" t="1"/>
		<b id="42" c="36 39" t="1"/>
		<b id="43" c="40 41" t="1"/>
		<b id="44" c="40 42" t="1"/>
		<b id="45" c="40 43" t="1"/>
	</bonds>
	<geometry>
		<g u="A" t="cart/3d">#44,3:0.2628,-3.8162,-0.9902;0.8948,-2.9363,-1.0467;1.1095,-2.5340,-2.0328;1.3922,-2.3784,0.0634;1.2268,-2.8273,1.0365;2.3126,-1.2509,-0.0004;3.6858,-1.5564,-0.0696;4.0128,-2.5915,0.0148;4.6377,-0.5722,-0.2769;5.6908,-0.8323,-0.3339;4.2337,0.7441,-0.4654;4.9722,1.5113,-0.6817;2.8653,1.0825,-0.4012;2.1946,2.3015,-0.6428;2.6530,3.2316,-0.9543;0.8422,2.0968,-0.4752;-0.2259,3.1047,-0.7368;-0.3686,3.7486,0.1361;-1.1785,2.6516,-1.0154;0.0679,3.7514,-1.5718;0.6885,0.8029,0.0132;-0.7726,0.2904,0.9436;-1.4896,1.7760,1.9207;-0.6886,2.2759,2.4730;-1.9790,2.5004,1.2679;-2.2321,1.4163,2.6397;-0.4523,-0.9733,2.3026;-1.1706,-0.8340,3.1171;0.5501,-0.8499,2.7227;-0.5710,-2.0003,1.9561;-2.2677,-0.3831,-0.3257;-1.7790,-0.3589,-1.7885;-0.8846,-0.9698,-1.9301;-1.5421,0.6559,-2.1223;-2.5513,-0.7486,-2.4619;-3.5133,0.5221,-0.1980;-4.3205,0.1660,-0.8489;-3.9011,0.5328,0.8268;-3.2957,1.5551,-0.4888;-2.6687,-1.8228,0.0611;-1.8295,-2.5177,-0.0326;-3.0349,-1.8746,1.0928;-3.4701,-2.1919,-0.5895;1.8939,0.1024,-0.1065;</g>
	</geometry>
	<conformers/>
	<properties/>
</molecule>
