<?xml version="1.0" ?>
<!--MOLLI PACKAGE EXPERIMENTAL XML FORMAT-->
<molecule name="react_246">
	<atoms>
		<a id="1" s="H" t="H" l="H"/>
		<a id="2" s="C" t="C.2" l="C"/>
		<a id="3" s="H" t="H" l="H"/>
		<a id="4" s="C" t="C.2" l="C"/>
		<a id="5" s="H" t="H" l="H"/>
		<a id="6" s="C" t="C.ar" l="C"/>
		<a id="7" s="C" t="C.ar" l="C"/>
		<a id="8" s="O" t="O.3" l="O"/>
		<a id="9" s="C" t="C.3" l="C"/>
		<a id="10" s="H" t="H" l="H"/>
		<a id="11" s="H" t="H" l="H"/>
		<a id="12" s="H" t="H" l="H"/>
		<a id="13" s="C" t="C.ar" l="C"/>
		<a id="14" s="H" t="H" l="H"/>
		<a id="15" s="C" t="C.ar" l="C"/>
		<a id="16" s="O" t="O.3" l="O"/>
		<a id="17" s="C" t="C.3" l="C"/>
		<a id="18" s="H" t="H" l="H"/>
		<a id="19" s="H" t="H" l="H"/>
		<a id="20" s="H" t="H" l="H"/>
		<a id="21" s="C" t="C.ar" l="C"/>
		<a id="22" s="H" t="H" l="H"/>
		<a id="23" s="C" t="C.ar" l="C"/>
		<a id="24" s="C" t="C.3" l="C"/>
		<a id="25" s="H" t="H" l="H"/>
		<a id="26" s="H" t="H" l="H"/>
		<a id="27" s="O" t="O.3" l="O"/>
		<a id="28" s="Si" t="Si" l="SI"/>
		<a id="29" s="C" t="C.3" l="C"/>
		<a id="30" s="H" t="H" l="H"/>
		<a id="31" s="H" t="H" l="H"/>
		<a id="32" s="H" t="H" l="H"/>
		<a id="33" s="C" t="C.3" l="C"/>
		<a id="34" s="H" t="H" l="H"/>
		<a id="35" s="H" t="H" l="H"/>
		<a id="36" s="H" t="H" l="H"/>
		<a id="37" s="C" t="C.3" l="C"/>
		<a id="38" s="C" t="C.3" l="C"/>
		<a id="39" s="H" t="H" l="H"/>
		<a id="40" s="H" t="H" l="H"/>
		<a id="41" s="H" t="H" l="H"/>
		<a id="42" s="C" t="C.3" l="C"/>
		<a id="43" s="H" t="H" l="H"/>
		<a id="44" s="H" t="H" l="H"/>
		<a id="45" s="H" t="H" l="H"/>
		<a id="46" s="C" t="C.3" l="C"/>
		<a id="47" s="H" t="H" l="H"/>
		<a id="48" s="H" t="H" l="H"/>
		<a id="49" s="H" t="H" l="H"/>
	</atoms>
	<bonds>
		<b id="1" c="2 4" t="2"/>
		<b id="2" c="4 6" t="1"/>
		<b id="3" c="6 23" t="ar"/>
		<b id="4" c="23 24" t="1"/>
		<b id="5" c="24 27" t="1"/>
		<b id="6" c="27 28" t="1"/>
		<b id="7" c="28 29" t="1"/>
		<b id="8" c="28 33" t="1"/>
		<b id="9" c="28 37" t="1"/>
		<b id="10" c="37 38" t="1"/>
		<b id="11" c="37 42" t="1"/>
		<b id="12" c="37 46" t="1"/>
		<b id="13" c="23 21" t="ar"/>
		<b id="14" c="21 15" t="ar"/>
		<b id="15" c="15 16" t="1"/>
		<b id="16" c="16 17" t="1"/>
		<b id="17" c="15 13" t="ar"/>
		<b id="18" c="13 7" t="ar"/>
		<b id="19" c="7 8" t="1"/>
		<b id="20" c="8 9" t="1"/>
		<b id="21" c="7 6" t="ar"/>
		<b id="22" c="2 1" t="1"/>
		<b id="23" c="2 3" t="1"/>
		<b id="24" c="4 5" t="1"/>
		<b id="25" c="24 25" t="1"/>
		<b id="26" c="24 26" t="1"/>
		<b id="27" c="29 30" t="1"/>
		<b id="28" c="29 31" t="1"/>
		<b id="29" c="29 32" t="1"/>
		<b id="30" c="33 34" t="1"/>
		<b id="31" c="33 35" t="1"/>
		<b id="32" c="33 36" t="1"/>
		<b id="33" c="38 39" t="1"/>
		<b id="34" c="38 40" t="1"/>
		<b id="35" c="38 41" t="1"/>
		<b id="36" c="42 43" t="1"/>
		<b id="37" c="42 44" t="1"/>
		<b id="38" c="42 45" t="1"/>
		<b id="39" c="46 47" t="1"/>
		<b id="40" c="46 48" t="1"/>
		<b id="41" c="46 49" t="1"/>
		<b id="42" c="21 22" t="1"/>
		<b id="43" c="17 18" t="1"/>
		<b id="44" c="17 19" t="1"/>
		<b id="45" c="17 20" t="1"/>
		<b id="46" c="13 14" t="1"/>
		<b id="47" c="9 10" t="1"/>
		<b id="48" c="9 11" t="1"/>
		<b id="49" c="9 12" t="1"/>
	</bonds>
	<geometry>
		<g u="A" t="cart/3d">#49,3:0.8056,3.5218,-2.3410;1.3869,2.6414,-2.0891;2.1409,2.3129,-2.7975;1.1844,2.0014,-0.9310;0.4344,2.3351,-0.2199;1.9531,0.8054,-0.5484;3.2412,0.9375,0.0193;3.7043,2.2229,0.1763;4.9710,2.4049,0.7918;5.7699,1.9624,0.1879;5.1605,3.4809,0.8544;4.9767,2.0072,1.8119;3.9625,-0.2070,0.3886;4.9501,-0.1072,0.8173;3.4131,-1.4772,0.2116;4.0096,-2.6659,0.5349;5.2898,-2.6035,1.1497;5.6099,-3.6285,1.3603;6.0286,-2.1560,0.4767;5.2452,-2.0662,2.1029;2.1396,-1.6038,-0.3442;1.7176,-2.6000,-0.4636;1.3991,-0.4779,-0.7395;0.0198,-0.6829,-1.3217;-0.1293,-0.0128,-2.1779;-0.0776,-1.7099,-1.6982;-0.9375,-0.4591,-0.2928;-2.5599,-0.3553,-0.6947;-3.1879,-1.9181,-1.5182;-4.2609,-1.8507,-1.7189;-3.0105,-2.7911,-0.8836;-2.6756,-2.0818,-2.4710;-2.9250,1.1383,-1.7696;-3.9975,1.2273,-1.9643;-2.4129,1.0532,-2.7326;-2.5850,2.0582,-1.2853;-3.6276,-0.1144,1.0731;-3.1403,1.1732,1.7690;-3.6651,1.3227,2.7194;-3.3211,2.0591,1.1501;-2.0667,1.1319,1.9859;-5.1315,-0.0100,0.7556;-5.7132,0.1171,1.6758;-5.3492,0.8462,0.1079;-5.5019,-0.9107,0.2540;-3.3592,-1.3334,1.9794;-3.8891,-1.2315,2.9334;-2.2917,-1.4412,2.2031;-3.6977,-2.2650,1.5126;</g>
	</geometry>
	<conformers/>
	<properties/>
</molecule>
