<?xml version="1.0" ?>
<!--MOLLI PACKAGE EXPERIMENTAL XML FORMAT-->
<molecule name="react_114">
	<atoms>
		<a id="1" s="H" t="H" l="H"/>
		<a id="2" s="C" t="C.2" l="C"/>
		<a id="3" s="H" t="H" l="H"/>
		<a id="4" s="C" t="C.2" l="C"/>
		<a id="5" s="C" t="C.3" l="C"/>
		<a id="6" s="H" t="H" l="H"/>
		<a id="7" s="H" t="H" l="H"/>
		<a id="8" s="H" t="H" l="H"/>
		<a id="9" s="C" t="C.3" l="C"/>
		<a id="10" s="H" t="H" l="H"/>
		<a id="11" s="H" t="H" l="H"/>
		<a id="12" s="C" t="C.3" l="C"/>
		<a id="13" s="H" t="H" l="H"/>
		<a id="14" s="H" t="H" l="H"/>
		<a id="15" s="C" t="C.3" l="C"/>
		<a id="16" s="H" t="H" l="H"/>
		<a id="17" s="H" t="H" l="H"/>
		<a id="18" s="C" t="C.3" l="C"/>
		<a id="19" s="C" t="C.3" l="C"/>
		<a id="20" s="H" t="H" l="H"/>
		<a id="21" s="H" t="H" l="H"/>
		<a id="22" s="H" t="H" l="H"/>
		<a id="23" s="O" t="O.3" l="O"/>
		<a id="24" s="C" t="C.3" l="C"/>
		<a id="25" s="H" t="H" l="H"/>
		<a id="26" s="H" t="H" l="H"/>
		<a id="27" s="C" t="C.3" l="C"/>
		<a id="28" s="H" t="H" l="H"/>
		<a id="29" s="H" t="H" l="H"/>
		<a id="30" s="O" t="O.3" l="O"/>
	</atoms>
	<bonds>
		<b id="1" c="2 4" t="2"/>
		<b id="2" c="4 5" t="1"/>
		<b id="3" c="4 9" t="1"/>
		<b id="4" c="9 12" t="1"/>
		<b id="5" c="12 15" t="1"/>
		<b id="6" c="15 18" t="1"/>
		<b id="7" c="18 19" t="1"/>
		<b id="8" c="18 23" t="1"/>
		<b id="9" c="23 24" t="1"/>
		<b id="10" c="24 27" t="1"/>
		<b id="11" c="27 30" t="1"/>
		<b id="12" c="30 18" t="1"/>
		<b id="13" c="2 1" t="1"/>
		<b id="14" c="2 3" t="1"/>
		<b id="15" c="5 6" t="1"/>
		<b id="16" c="5 7" t="1"/>
		<b id="17" c="5 8" t="1"/>
		<b id="18" c="9 10" t="1"/>
		<b id="19" c="9 11" t="1"/>
		<b id="20" c="12 13" t="1"/>
		<b id="21" c="12 14" t="1"/>
		<b id="22" c="15 16" t="1"/>
		<b id="23" c="15 17" t="1"/>
		<b id="24" c="19 20" t="1"/>
		<b id="25" c="19 21" t="1"/>
		<b id="26" c="19 22" t="1"/>
		<b id="27" c="24 25" t="1"/>
		<b id="28" c="24 26" t="1"/>
		<b id="29" c="27 28" t="1"/>
		<b id="30" c="27 29" t="1"/>
	</bonds>
	<geometry>
		<g u="A" t="cart/3d">#30,3:4.3167,0.3935,-0.9116;3.4925,0.8433,-0.3666;3.2044,1.8505,-0.6530;2.8530,0.1855,0.6145;3.2579,-1.2007,1.0294;3.5834,-1.2028,2.0748;2.4199,-1.8963,0.9262;4.0847,-1.5857,0.4231;1.7193,0.8233,1.3841;1.5980,0.3219,2.3526;1.9961,1.8584,1.6255;0.3761,0.8450,0.6430;-0.3363,1.4055,1.2602;0.4852,1.4007,-0.2961;-0.1855,-0.5536,0.3538;0.4815,-1.0597,-0.3541;-0.1875,-1.1278,1.2888;-1.6071,-0.5356,-0.2299;-2.0805,-1.9624,-0.5088;-1.4272,-2.4632,-1.2311;-2.1209,-2.5542,0.4116;-3.0895,-1.9610,-0.9368;-2.5101,0.0735,0.7074;-3.3701,0.8782,-0.0975;-4.1945,0.2523,-0.4555;-3.7771,1.7102,0.4824;-2.4772,1.3190,-1.2250;-3.0264,1.5948,-2.1288;-1.8403,2.1577,-0.9257;-1.6384,0.1896,-1.4696;</g>
	</geometry>
	<conformers/>
	<properties/>
</molecule>
