<?xml version="1.0" ?>
<!--MOLLI PACKAGE EXPERIMENTAL XML FORMAT-->
<molecule name="react_249">
	<atoms>
		<a id="1" s="H" t="H" l="H"/>
		<a id="2" s="C" t="C.2" l="C"/>
		<a id="3" s="H" t="H" l="H"/>
		<a id="4" s="C" t="C.2" l="C"/>
		<a id="5" s="H" t="H" l="H"/>
		<a id="6" s="C" t="C.3" l="C"/>
		<a id="7" s="H" t="H" l="H"/>
		<a id="8" s="H" t="H" l="H"/>
		<a id="9" s="C" t="C.3" l="C"/>
		<a id="10" s="H" t="H" l="H"/>
		<a id="11" s="H" t="H" l="H"/>
		<a id="12" s="C" t="C.3" l="C"/>
		<a id="13" s="H" t="H" l="H"/>
		<a id="14" s="H" t="H" l="H"/>
		<a id="15" s="C" t="C.3" l="C"/>
		<a id="16" s="H" t="H" l="H"/>
		<a id="17" s="H" t="H" l="H"/>
		<a id="18" s="O" t="O.3" l="O"/>
		<a id="19" s="C" t="C.3" l="C"/>
		<a id="20" s="C" t="C.ar" l="C"/>
		<a id="21" s="C" t="C.ar" l="C"/>
		<a id="22" s="H" t="H" l="H"/>
		<a id="23" s="C" t="C.ar" l="C"/>
		<a id="24" s="H" t="H" l="H"/>
		<a id="25" s="C" t="C.ar" l="C"/>
		<a id="26" s="H" t="H" l="H"/>
		<a id="27" s="C" t="C.ar" l="C"/>
		<a id="28" s="H" t="H" l="H"/>
		<a id="29" s="C" t="C.ar" l="C"/>
		<a id="30" s="H" t="H" l="H"/>
		<a id="31" s="C" t="C.ar" l="C"/>
		<a id="32" s="C" t="C.ar" l="C"/>
		<a id="33" s="H" t="H" l="H"/>
		<a id="34" s="C" t="C.ar" l="C"/>
		<a id="35" s="H" t="H" l="H"/>
		<a id="36" s="C" t="C.ar" l="C"/>
		<a id="37" s="H" t="H" l="H"/>
		<a id="38" s="C" t="C.ar" l="C"/>
		<a id="39" s="H" t="H" l="H"/>
		<a id="40" s="C" t="C.ar" l="C"/>
		<a id="41" s="H" t="H" l="H"/>
		<a id="42" s="C" t="C.ar" l="C"/>
		<a id="43" s="C" t="C.ar" l="C"/>
		<a id="44" s="H" t="H" l="H"/>
		<a id="45" s="C" t="C.ar" l="C"/>
		<a id="46" s="H" t="H" l="H"/>
		<a id="47" s="C" t="C.ar" l="C"/>
		<a id="48" s="H" t="H" l="H"/>
		<a id="49" s="C" t="C.ar" l="C"/>
		<a id="50" s="H" t="H" l="H"/>
		<a id="51" s="C" t="C.ar" l="C"/>
		<a id="52" s="H" t="H" l="H"/>
	</atoms>
	<bonds>
		<b id="1" c="2 4" t="2"/>
		<b id="2" c="4 6" t="1"/>
		<b id="3" c="6 9" t="1"/>
		<b id="4" c="9 12" t="1"/>
		<b id="5" c="12 15" t="1"/>
		<b id="6" c="15 18" t="1"/>
		<b id="7" c="18 19" t="1"/>
		<b id="8" c="19 20" t="1"/>
		<b id="9" c="20 21" t="ar"/>
		<b id="10" c="21 23" t="ar"/>
		<b id="11" c="23 25" t="ar"/>
		<b id="12" c="25 27" t="ar"/>
		<b id="13" c="27 29" t="ar"/>
		<b id="14" c="19 31" t="1"/>
		<b id="15" c="31 32" t="ar"/>
		<b id="16" c="32 34" t="ar"/>
		<b id="17" c="34 36" t="ar"/>
		<b id="18" c="36 38" t="ar"/>
		<b id="19" c="38 40" t="ar"/>
		<b id="20" c="19 42" t="1"/>
		<b id="21" c="42 43" t="ar"/>
		<b id="22" c="43 45" t="ar"/>
		<b id="23" c="45 47" t="ar"/>
		<b id="24" c="47 49" t="ar"/>
		<b id="25" c="49 51" t="ar"/>
		<b id="26" c="29 20" t="ar"/>
		<b id="27" c="40 31" t="ar"/>
		<b id="28" c="51 42" t="ar"/>
		<b id="29" c="2 1" t="1"/>
		<b id="30" c="2 3" t="1"/>
		<b id="31" c="4 5" t="1"/>
		<b id="32" c="6 7" t="1"/>
		<b id="33" c="6 8" t="1"/>
		<b id="34" c="9 10" t="1"/>
		<b id="35" c="9 11" t="1"/>
		<b id="36" c="12 13" t="1"/>
		<b id="37" c="12 14" t="1"/>
		<b id="38" c="15 16" t="1"/>
		<b id="39" c="15 17" t="1"/>
		<b id="40" c="21 22" t="1"/>
		<b id="41" c="23 24" t="1"/>
		<b id="42" c="25 26" t="1"/>
		<b id="43" c="27 28" t="1"/>
		<b id="44" c="29 30" t="1"/>
		<b id="45" c="32 33" t="1"/>
		<b id="46" c="34 35" t="1"/>
		<b id="47" c="36 37" t="1"/>
		<b id="48" c="38 39" t="1"/>
		<b id="49" c="40 41" t="1"/>
		<b id="50" c="43 44" t="1"/>
		<b id="51" c="45 46" t="1"/>
		<b id="52" c="47 48" t="1"/>
		<b id="53" c="49 50" t="1"/>
		<b id="54" c="51 52" t="1"/>
	</bonds>
	<geometry>
		<g u="A" t="cart/3d">#52,3:7.0422,-0.8859,0.9592;6.3916,-0.1663,0.4719;6.8274,0.7827,0.1751;5.1016,-0.4488,0.2511;4.7167,-1.4184,0.5598;4.1402,0.4851,-0.4281;4.6820,1.3418,-0.8482;3.6839,-0.0371,-1.2777;3.0468,1.0155,0.5046;2.4758,1.7769,-0.0365;3.5070,1.5273,1.3595;2.1023,-0.0793,1.0175;2.6509,-0.7177,1.7197;1.7859,-0.7092,0.1828;0.8946,0.5064,1.7481;0.4615,-0.2202,2.4396;1.2412,1.3250,2.3906;-0.0839,1.0733,0.8828;-1.0608,0.2345,0.1918;-2.3405,1.1306,0.0245;-3.5359,0.5928,-0.4998;-3.5907,-0.4565,-0.7806;-4.6763,1.3831,-0.6631;-5.5854,0.9454,-1.0668;-4.6480,2.7293,-0.3122;-5.5339,3.3449,-0.4414;-3.4800,3.2868,0.1998;-3.4524,4.3393,0.4694;-2.3379,2.4979,0.3642;-1.4402,2.9681,0.7598;-1.3789,-1.0333,1.0467;-0.6960,-2.2548,0.8712;0.0742,-2.3585,0.1099;-0.9664,-3.3658,1.6762;-0.4302,-4.2971,1.5115;-1.9096,-3.2781,2.6944;-2.1176,-4.1406,3.3218;-2.5716,-2.0762,2.9191;-3.2947,-1.9950,3.7266;-2.3008,-0.9656,2.1146;-2.8166,-0.0334,2.3411;-0.5453,-0.0223,-1.2586;-0.9888,-1.1068,-2.0423;-1.7026,-1.8250,-1.6447;-0.5413,-1.2895,-3.3544;-0.8909,-2.1411,-3.9323;0.3368,-0.3752,-3.9270;0.6798,-0.5138,-4.9486;0.7514,0.7326,-3.1961;1.4126,1.4675,-3.6474;0.3028,0.9130,-1.8851;0.6080,1.8112,-1.3524;</g>
	</geometry>
	<conformers/>
	<properties/>
</molecule>
