<?xml version="1.0" ?>
<!--MOLLI PACKAGE EXPERIMENTAL XML FORMAT-->
<molecule name="react_250">
	<atoms>
		<a id="1" s="H" t="H" l="H"/>
		<a id="2" s="C" t="C.2" l="C"/>
		<a id="3" s="H" t="H" l="H"/>
		<a id="4" s="C" t="C.2" l="C"/>
		<a id="5" s="H" t="H" l="H"/>
		<a id="6" s="C" t="C.3" l="C"/>
		<a id="7" s="H" t="H" l="H"/>
		<a id="8" s="H" t="H" l="H"/>
		<a id="9" s="C" t="C.ar" l="C"/>
		<a id="10" s="C" t="C.ar" l="C"/>
		<a id="11" s="C" t="C.1" l="C"/>
		<a id="12" s="N" t="N.1" l="N"/>
		<a id="13" s="C" t="C.ar" l="C"/>
		<a id="14" s="N" t="N.am" l="N"/>
		<a id="15" s="H" t="H" l="H"/>
		<a id="16" s="C" t="C.2" l="C"/>
		<a id="17" s="O" t="O.2" l="O"/>
		<a id="18" s="O" t="O.3" l="O"/>
		<a id="19" s="C" t="C.3" l="C"/>
		<a id="20" s="C" t="C.3" l="C"/>
		<a id="21" s="H" t="H" l="H"/>
		<a id="22" s="H" t="H" l="H"/>
		<a id="23" s="H" t="H" l="H"/>
		<a id="24" s="C" t="C.3" l="C"/>
		<a id="25" s="H" t="H" l="H"/>
		<a id="26" s="H" t="H" l="H"/>
		<a id="27" s="H" t="H" l="H"/>
		<a id="28" s="C" t="C.3" l="C"/>
		<a id="29" s="H" t="H" l="H"/>
		<a id="30" s="H" t="H" l="H"/>
		<a id="31" s="H" t="H" l="H"/>
		<a id="32" s="C" t="C.ar" l="C"/>
		<a id="33" s="O" t="O.3" l="O"/>
		<a id="34" s="C" t="C.3" l="C"/>
		<a id="35" s="H" t="H" l="H"/>
		<a id="36" s="H" t="H" l="H"/>
		<a id="37" s="C" t="C.ar" l="C"/>
		<a id="38" s="C" t="C.ar" l="C"/>
		<a id="39" s="H" t="H" l="H"/>
		<a id="40" s="C" t="C.ar" l="C"/>
		<a id="41" s="H" t="H" l="H"/>
		<a id="42" s="C" t="C.ar" l="C"/>
		<a id="43" s="H" t="H" l="H"/>
		<a id="44" s="C" t="C.ar" l="C"/>
		<a id="45" s="H" t="H" l="H"/>
		<a id="46" s="C" t="C.ar" l="C"/>
		<a id="47" s="H" t="H" l="H"/>
		<a id="48" s="C" t="C.ar" l="C"/>
		<a id="49" s="H" t="H" l="H"/>
		<a id="50" s="C" t="C.ar" l="C"/>
		<a id="51" s="N" t="N.am" l="N"/>
		<a id="52" s="H" t="H" l="H"/>
		<a id="53" s="C" t="C.2" l="C"/>
		<a id="54" s="O" t="O.2" l="O"/>
		<a id="55" s="O" t="O.3" l="O"/>
		<a id="56" s="C" t="C.3" l="C"/>
		<a id="57" s="C" t="C.3" l="C"/>
		<a id="58" s="H" t="H" l="H"/>
		<a id="59" s="H" t="H" l="H"/>
		<a id="60" s="H" t="H" l="H"/>
		<a id="61" s="C" t="C.3" l="C"/>
		<a id="62" s="H" t="H" l="H"/>
		<a id="63" s="H" t="H" l="H"/>
		<a id="64" s="H" t="H" l="H"/>
		<a id="65" s="C" t="C.3" l="C"/>
		<a id="66" s="H" t="H" l="H"/>
		<a id="67" s="H" t="H" l="H"/>
		<a id="68" s="H" t="H" l="H"/>
	</atoms>
	<bonds>
		<b id="1" c="2 4" t="2"/>
		<b id="2" c="4 6" t="1"/>
		<b id="3" c="6 9" t="1"/>
		<b id="4" c="9 50" t="ar"/>
		<b id="5" c="50 51" t="1"/>
		<b id="6" c="51 53" t="am"/>
		<b id="7" c="53 54" t="2"/>
		<b id="8" c="53 55" t="1"/>
		<b id="9" c="55 56" t="1"/>
		<b id="10" c="56 57" t="1"/>
		<b id="11" c="56 61" t="1"/>
		<b id="12" c="56 65" t="1"/>
		<b id="13" c="50 48" t="ar"/>
		<b id="14" c="48 32" t="ar"/>
		<b id="15" c="32 33" t="1"/>
		<b id="16" c="33 34" t="1"/>
		<b id="17" c="34 37" t="1"/>
		<b id="18" c="37 38" t="ar"/>
		<b id="19" c="38 40" t="ar"/>
		<b id="20" c="40 42" t="ar"/>
		<b id="21" c="42 44" t="ar"/>
		<b id="22" c="44 46" t="ar"/>
		<b id="23" c="32 13" t="ar"/>
		<b id="24" c="13 14" t="1"/>
		<b id="25" c="14 16" t="am"/>
		<b id="26" c="16 17" t="2"/>
		<b id="27" c="16 18" t="1"/>
		<b id="28" c="18 19" t="1"/>
		<b id="29" c="19 20" t="1"/>
		<b id="30" c="19 24" t="1"/>
		<b id="31" c="19 28" t="1"/>
		<b id="32" c="13 10" t="ar"/>
		<b id="33" c="10 11" t="1"/>
		<b id="34" c="11 12" t="3"/>
		<b id="35" c="10 9" t="ar"/>
		<b id="36" c="46 37" t="ar"/>
		<b id="37" c="2 1" t="1"/>
		<b id="38" c="2 3" t="1"/>
		<b id="39" c="4 5" t="1"/>
		<b id="40" c="6 7" t="1"/>
		<b id="41" c="6 8" t="1"/>
		<b id="42" c="51 52" t="1"/>
		<b id="43" c="57 58" t="1"/>
		<b id="44" c="57 59" t="1"/>
		<b id="45" c="57 60" t="1"/>
		<b id="46" c="61 62" t="1"/>
		<b id="47" c="61 63" t="1"/>
		<b id="48" c="61 64" t="1"/>
		<b id="49" c="65 66" t="1"/>
		<b id="50" c="65 67" t="1"/>
		<b id="51" c="65 68" t="1"/>
		<b id="52" c="48 49" t="1"/>
		<b id="53" c="34 35" t="1"/>
		<b id="54" c="34 36" t="1"/>
		<b id="55" c="38 39" t="1"/>
		<b id="56" c="40 41" t="1"/>
		<b id="57" c="42 43" t="1"/>
		<b id="58" c="44 45" t="1"/>
		<b id="59" c="46 47" t="1"/>
		<b id="60" c="14 15" t="1"/>
		<b id="61" c="20 21" t="1"/>
		<b id="62" c="20 22" t="1"/>
		<b id="63" c="20 23" t="1"/>
		<b id="64" c="24 25" t="1"/>
		<b id="65" c="24 26" t="1"/>
		<b id="66" c="24 27" t="1"/>
		<b id="67" c="28 29" t="1"/>
		<b id="68" c="28 30" t="1"/>
		<b id="69" c="28 31" t="1"/>
	</bonds>
	<geometry>
		<g u="A" t="cart/3d">#68,3:1.0420,-2.2075,-2.6660;1.7321,-3.0423,-2.5959;2.0670,-3.4772,-3.5337;2.1503,-3.5463,-1.4264;2.8286,-4.3990,-1.4614;1.7839,-3.0970,-0.0364;2.7058,-2.8771,0.5174;1.3744,-3.9579,0.5030;0.8479,-1.8967,0.0603;-0.5527,-2.0968,0.2296;-1.0524,-3.4318,0.4449;-1.3919,-4.5168,0.6848;-1.4193,-0.9881,0.3229;-2.8290,-1.0768,0.4309;-3.3049,-0.2305,0.7228;-3.6291,-1.8902,-0.3240;-3.2558,-2.6994,-1.1576;-4.9211,-1.5904,-0.0437;-6.0057,-2.2910,-0.7068;-5.9986,-2.0309,-2.2173;-6.9117,-2.4079,-2.6904;-5.1521,-2.5163,-2.7119;-5.9134,-0.9588,-2.4268;-7.2831,-1.6794,-0.1112;-7.3167,-0.5978,-0.2877;-8.1865,-2.1278,-0.5381;-7.3098,-1.8160,0.9763;-5.9830,-3.7889,-0.3821;-5.1262,-4.2936,-0.8387;-6.8883,-4.2885,-0.7437;-5.9025,-3.9516,0.6988;-0.8882,0.3144,0.3457;-1.8104,1.3221,0.5160;-1.3856,2.6855,0.4052;-2.2788,3.2716,0.1568;-0.7024,2.8289,-0.4402;-0.8407,3.2226,1.7071;0.3813,3.9102,1.7391;0.9680,4.0417,0.8317;0.8747,4.4232,2.9400;1.8277,4.9462,2.9543;0.1494,4.2623,4.1189;0.5350,4.6618,5.0532;-1.0695,3.5877,4.0987;-1.6359,3.4618,5.0178;-1.5638,3.0719,2.8993;-2.5169,2.5473,2.8991;0.4826,0.5044,0.1741;0.8810,1.5084,0.1763;1.3543,-0.5751,-0.0123;2.7268,-0.3705,-0.2784;3.3060,-1.1720,-0.4829;3.4251,0.8007,-0.3895;3.0090,1.9385,-0.2491;4.7087,0.4808,-0.6939;5.7165,1.5121,-0.8619;5.3789,2.4428,-2.0309;5.1376,1.8657,-2.9300;4.5080,3.0700,-1.8184;6.2148,3.1123,-2.2607;5.9392,2.2856,0.4420;6.8038,2.9534,0.3666;6.1026,1.5967,1.2782;5.0732,2.8993,0.7074;7.0039,0.7462,-1.2029;6.8703,0.1405,-2.1071;7.2655,0.0480,-0.3992;7.8501,1.4231,-1.3616;</g>
	</geometry>
	<conformers/>
	<properties/>
</molecule>
