<?xml version="1.0" ?>
<!--MOLLI PACKAGE EXPERIMENTAL XML FORMAT-->
<molecule name="react_251">
	<atoms>
		<a id="1" s="H" t="H" l="H"/>
		<a id="2" s="C" t="C.2" l="C"/>
		<a id="3" s="H" t="H" l="H"/>
		<a id="4" s="C" t="C.2" l="C"/>
		<a id="5" s="H" t="H" l="H"/>
		<a id="6" s="C" t="C.3" l="C"/>
		<a id="7" s="H" t="H" l="H"/>
		<a id="8" s="H" t="H" l="H"/>
		<a id="9" s="C" t="C.ar" l="C"/>
		<a id="10" s="C" t="C.ar" l="C"/>
		<a id="11" s="C" t="C.1" l="C"/>
		<a id="12" s="N" t="N.1" l="N"/>
		<a id="13" s="C" t="C.ar" l="C"/>
		<a id="14" s="N" t="N.am" l="N"/>
		<a id="15" s="H" t="H" l="H"/>
		<a id="16" s="C" t="C.2" l="C"/>
		<a id="17" s="O" t="O.2" l="O"/>
		<a id="18" s="C" t="C.ar" l="C"/>
		<a id="19" s="C" t="C.ar" l="C"/>
		<a id="20" s="H" t="H" l="H"/>
		<a id="21" s="C" t="C.ar" l="C"/>
		<a id="22" s="H" t="H" l="H"/>
		<a id="23" s="C" t="C.ar" l="C"/>
		<a id="24" s="H" t="H" l="H"/>
		<a id="25" s="C" t="C.ar" l="C"/>
		<a id="26" s="H" t="H" l="H"/>
		<a id="27" s="C" t="C.ar" l="C"/>
		<a id="28" s="H" t="H" l="H"/>
		<a id="29" s="C" t="C.ar" l="C"/>
		<a id="30" s="O" t="O.3" l="O"/>
		<a id="31" s="C" t="C.3" l="C"/>
		<a id="32" s="H" t="H" l="H"/>
		<a id="33" s="H" t="H" l="H"/>
		<a id="34" s="C" t="C.ar" l="C"/>
		<a id="35" s="C" t="C.ar" l="C"/>
		<a id="36" s="H" t="H" l="H"/>
		<a id="37" s="C" t="C.ar" l="C"/>
		<a id="38" s="H" t="H" l="H"/>
		<a id="39" s="C" t="C.ar" l="C"/>
		<a id="40" s="H" t="H" l="H"/>
		<a id="41" s="C" t="C.ar" l="C"/>
		<a id="42" s="H" t="H" l="H"/>
		<a id="43" s="C" t="C.ar" l="C"/>
		<a id="44" s="H" t="H" l="H"/>
		<a id="45" s="C" t="C.ar" l="C"/>
		<a id="46" s="H" t="H" l="H"/>
		<a id="47" s="C" t="C.ar" l="C"/>
		<a id="48" s="N" t="N.am" l="N"/>
		<a id="49" s="H" t="H" l="H"/>
		<a id="50" s="C" t="C.2" l="C"/>
		<a id="51" s="O" t="O.2" l="O"/>
		<a id="52" s="C" t="C.ar" l="C"/>
		<a id="53" s="C" t="C.ar" l="C"/>
		<a id="54" s="H" t="H" l="H"/>
		<a id="55" s="C" t="C.ar" l="C"/>
		<a id="56" s="H" t="H" l="H"/>
		<a id="57" s="C" t="C.ar" l="C"/>
		<a id="58" s="H" t="H" l="H"/>
		<a id="59" s="C" t="C.ar" l="C"/>
		<a id="60" s="H" t="H" l="H"/>
		<a id="61" s="C" t="C.ar" l="C"/>
		<a id="62" s="H" t="H" l="H"/>
	</atoms>
	<bonds>
		<b id="1" c="2 4" t="2"/>
		<b id="2" c="4 6" t="1"/>
		<b id="3" c="6 9" t="1"/>
		<b id="4" c="9 47" t="ar"/>
		<b id="5" c="47 48" t="1"/>
		<b id="6" c="48 50" t="am"/>
		<b id="7" c="50 51" t="2"/>
		<b id="8" c="50 52" t="1"/>
		<b id="9" c="52 53" t="ar"/>
		<b id="10" c="53 55" t="ar"/>
		<b id="11" c="55 57" t="ar"/>
		<b id="12" c="57 59" t="ar"/>
		<b id="13" c="59 61" t="ar"/>
		<b id="14" c="47 45" t="ar"/>
		<b id="15" c="45 29" t="ar"/>
		<b id="16" c="29 30" t="1"/>
		<b id="17" c="30 31" t="1"/>
		<b id="18" c="31 34" t="1"/>
		<b id="19" c="34 35" t="ar"/>
		<b id="20" c="35 37" t="ar"/>
		<b id="21" c="37 39" t="ar"/>
		<b id="22" c="39 41" t="ar"/>
		<b id="23" c="41 43" t="ar"/>
		<b id="24" c="29 13" t="ar"/>
		<b id="25" c="13 14" t="1"/>
		<b id="26" c="14 16" t="am"/>
		<b id="27" c="16 17" t="2"/>
		<b id="28" c="16 18" t="1"/>
		<b id="29" c="18 19" t="ar"/>
		<b id="30" c="19 21" t="ar"/>
		<b id="31" c="21 23" t="ar"/>
		<b id="32" c="23 25" t="ar"/>
		<b id="33" c="25 27" t="ar"/>
		<b id="34" c="13 10" t="ar"/>
		<b id="35" c="10 11" t="1"/>
		<b id="36" c="11 12" t="3"/>
		<b id="37" c="10 9" t="ar"/>
		<b id="38" c="61 52" t="ar"/>
		<b id="39" c="43 34" t="ar"/>
		<b id="40" c="27 18" t="ar"/>
		<b id="41" c="2 1" t="1"/>
		<b id="42" c="2 3" t="1"/>
		<b id="43" c="4 5" t="1"/>
		<b id="44" c="6 7" t="1"/>
		<b id="45" c="6 8" t="1"/>
		<b id="46" c="48 49" t="1"/>
		<b id="47" c="53 54" t="1"/>
		<b id="48" c="55 56" t="1"/>
		<b id="49" c="57 58" t="1"/>
		<b id="50" c="59 60" t="1"/>
		<b id="51" c="61 62" t="1"/>
		<b id="52" c="45 46" t="1"/>
		<b id="53" c="31 32" t="1"/>
		<b id="54" c="31 33" t="1"/>
		<b id="55" c="35 36" t="1"/>
		<b id="56" c="37 38" t="1"/>
		<b id="57" c="39 40" t="1"/>
		<b id="58" c="41 42" t="1"/>
		<b id="59" c="43 44" t="1"/>
		<b id="60" c="14 15" t="1"/>
		<b id="61" c="19 20" t="1"/>
		<b id="62" c="21 22" t="1"/>
		<b id="63" c="23 24" t="1"/>
		<b id="64" c="25 26" t="1"/>
		<b id="65" c="27 28" t="1"/>
	</bonds>
	<geometry>
		<g u="A" t="cart/3d">#62,3:2.3320,-5.4953,-0.4421;2.9782,-4.7684,-0.9283;3.5175,-5.0977,-1.8114;3.0952,-3.5126,-0.4773;3.7493,-2.8300,-1.0155;2.3753,-2.9845,0.7323;3.1086,-2.6703,1.4845;1.8266,-3.7845,1.2445;1.4432,-1.8263,0.3959;0.0630,-2.0912,0.1541;-0.3848,-3.4577,0.0422;-0.6753,-4.5744,-0.0955;-0.8235,-1.0313,-0.1132;-2.2272,-1.1740,-0.2849;-2.6748,-0.3453,-0.6710;-3.0295,-1.9449,0.5384;-2.6312,-2.5587,1.5223;-4.4888,-1.9076,0.2281;-5.3981,-2.2078,1.2508;-5.0378,-2.4659,2.2454;-6.7714,-2.1788,1.0020;-7.4716,-2.4116,1.8004;-7.2424,-1.8583,-0.2706;-8.3122,-1.8404,-0.4647;-6.3432,-1.5731,-1.2978;-6.7142,-1.3377,-2.2928;-4.9679,-1.6009,-1.0534;-4.2880,-1.4058,-1.8778;-0.3252,0.2747,-0.2500;-1.2646,1.2268,-0.5711;-0.8874,2.5986,-0.4359;-0.4560,2.7970,0.5531;-0.1616,2.8548,-1.2163;-2.1316,3.4415,-0.5864;-2.1845,4.4780,-1.5290;-1.3340,4.6799,-2.1782;-3.3304,5.2666,-1.6492;-3.3627,6.0690,-2.3826;-4.4318,5.0299,-0.8277;-5.3223,5.6458,-0.9215;-4.3896,4.0061,0.1174;-5.2467,3.8232,0.7614;-3.2445,3.2183,0.2408;-3.2215,2.4260,0.9874;1.0329,0.5289,-0.0580;1.3955,1.5421,-0.1683;1.9275,-0.4973,0.2744;3.3077,-0.2334,0.4790;3.8939,-1.0284,0.6890;3.9828,0.9662,0.3227;3.5261,2.0230,-0.0942;5.4313,0.9116,0.6685;6.3330,1.6477,-0.1090;5.9750,2.2463,-0.9440;7.6969,1.6145,0.1836;8.3962,2.1837,-0.4243;8.1610,0.8573,1.2590;9.2239,0.8377,1.4887;7.2637,0.1382,2.0491;7.6291,-0.4342,2.8985;5.8981,0.1659,1.7594;5.2124,-0.3712,2.4090;</g>
	</geometry>
	<conformers/>
	<properties/>
</molecule>
