<?xml version="1.0" ?>
<!--MOLLI PACKAGE EXPERIMENTAL XML FORMAT-->
<molecule name="react_252">
	<atoms>
		<a id="1" s="H" t="H" l="H"/>
		<a id="2" s="C" t="C.2" l="C"/>
		<a id="3" s="H" t="H" l="H"/>
		<a id="4" s="C" t="C.2" l="C"/>
		<a id="5" s="H" t="H" l="H"/>
		<a id="6" s="C" t="C.3" l="C"/>
		<a id="7" s="H" t="H" l="H"/>
		<a id="8" s="H" t="H" l="H"/>
		<a id="9" s="C" t="C.ar" l="C"/>
		<a id="10" s="C" t="C.ar" l="C"/>
		<a id="11" s="C" t="C.1" l="C"/>
		<a id="12" s="N" t="N.1" l="N"/>
		<a id="13" s="C" t="C.ar" l="C"/>
		<a id="14" s="N" t="N.am" l="N"/>
		<a id="15" s="C" t="C.2" l="C"/>
		<a id="16" s="O" t="O.2" l="O"/>
		<a id="17" s="C" t="C.ar" l="C"/>
		<a id="18" s="C" t="C.ar" l="C"/>
		<a id="19" s="H" t="H" l="H"/>
		<a id="20" s="C" t="C.ar" l="C"/>
		<a id="21" s="H" t="H" l="H"/>
		<a id="22" s="C" t="C.ar" l="C"/>
		<a id="23" s="H" t="H" l="H"/>
		<a id="24" s="C" t="C.ar" l="C"/>
		<a id="25" s="H" t="H" l="H"/>
		<a id="26" s="C" t="C.ar" l="C"/>
		<a id="27" s="H" t="H" l="H"/>
		<a id="28" s="C" t="C.3" l="C"/>
		<a id="29" s="H" t="H" l="H"/>
		<a id="30" s="H" t="H" l="H"/>
		<a id="31" s="H" t="H" l="H"/>
		<a id="32" s="C" t="C.ar" l="C"/>
		<a id="33" s="O" t="O.3" l="O"/>
		<a id="34" s="C" t="C.3" l="C"/>
		<a id="35" s="H" t="H" l="H"/>
		<a id="36" s="H" t="H" l="H"/>
		<a id="37" s="C" t="C.ar" l="C"/>
		<a id="38" s="C" t="C.ar" l="C"/>
		<a id="39" s="H" t="H" l="H"/>
		<a id="40" s="C" t="C.ar" l="C"/>
		<a id="41" s="H" t="H" l="H"/>
		<a id="42" s="C" t="C.ar" l="C"/>
		<a id="43" s="H" t="H" l="H"/>
		<a id="44" s="C" t="C.ar" l="C"/>
		<a id="45" s="H" t="H" l="H"/>
		<a id="46" s="C" t="C.ar" l="C"/>
		<a id="47" s="H" t="H" l="H"/>
		<a id="48" s="C" t="C.ar" l="C"/>
		<a id="49" s="H" t="H" l="H"/>
		<a id="50" s="C" t="C.ar" l="C"/>
		<a id="51" s="N" t="N.am" l="N"/>
		<a id="52" s="C" t="C.2" l="C"/>
		<a id="53" s="O" t="O.2" l="O"/>
		<a id="54" s="C" t="C.ar" l="C"/>
		<a id="55" s="C" t="C.ar" l="C"/>
		<a id="56" s="H" t="H" l="H"/>
		<a id="57" s="C" t="C.ar" l="C"/>
		<a id="58" s="H" t="H" l="H"/>
		<a id="59" s="C" t="C.ar" l="C"/>
		<a id="60" s="H" t="H" l="H"/>
		<a id="61" s="C" t="C.ar" l="C"/>
		<a id="62" s="H" t="H" l="H"/>
		<a id="63" s="C" t="C.ar" l="C"/>
		<a id="64" s="H" t="H" l="H"/>
		<a id="65" s="C" t="C.3" l="C"/>
		<a id="66" s="H" t="H" l="H"/>
		<a id="67" s="H" t="H" l="H"/>
		<a id="68" s="H" t="H" l="H"/>
	</atoms>
	<bonds>
		<b id="1" c="2 4" t="2"/>
		<b id="2" c="4 6" t="1"/>
		<b id="3" c="6 9" t="1"/>
		<b id="4" c="9 50" t="ar"/>
		<b id="5" c="50 51" t="1"/>
		<b id="6" c="51 65" t="1"/>
		<b id="7" c="51 52" t="am"/>
		<b id="8" c="52 53" t="2"/>
		<b id="9" c="52 54" t="1"/>
		<b id="10" c="54 55" t="ar"/>
		<b id="11" c="55 57" t="ar"/>
		<b id="12" c="57 59" t="ar"/>
		<b id="13" c="59 61" t="ar"/>
		<b id="14" c="61 63" t="ar"/>
		<b id="15" c="50 48" t="ar"/>
		<b id="16" c="48 32" t="ar"/>
		<b id="17" c="32 33" t="1"/>
		<b id="18" c="33 34" t="1"/>
		<b id="19" c="34 37" t="1"/>
		<b id="20" c="37 38" t="ar"/>
		<b id="21" c="38 40" t="ar"/>
		<b id="22" c="40 42" t="ar"/>
		<b id="23" c="42 44" t="ar"/>
		<b id="24" c="44 46" t="ar"/>
		<b id="25" c="32 13" t="ar"/>
		<b id="26" c="13 14" t="1"/>
		<b id="27" c="14 28" t="1"/>
		<b id="28" c="14 15" t="am"/>
		<b id="29" c="15 16" t="2"/>
		<b id="30" c="15 17" t="1"/>
		<b id="31" c="17 18" t="ar"/>
		<b id="32" c="18 20" t="ar"/>
		<b id="33" c="20 22" t="ar"/>
		<b id="34" c="22 24" t="ar"/>
		<b id="35" c="24 26" t="ar"/>
		<b id="36" c="13 10" t="ar"/>
		<b id="37" c="10 11" t="1"/>
		<b id="38" c="11 12" t="3"/>
		<b id="39" c="10 9" t="ar"/>
		<b id="40" c="63 54" t="ar"/>
		<b id="41" c="46 37" t="ar"/>
		<b id="42" c="26 17" t="ar"/>
		<b id="43" c="2 1" t="1"/>
		<b id="44" c="2 3" t="1"/>
		<b id="45" c="4 5" t="1"/>
		<b id="46" c="6 7" t="1"/>
		<b id="47" c="6 8" t="1"/>
		<b id="48" c="65 66" t="1"/>
		<b id="49" c="65 67" t="1"/>
		<b id="50" c="65 68" t="1"/>
		<b id="51" c="55 56" t="1"/>
		<b id="52" c="57 58" t="1"/>
		<b id="53" c="59 60" t="1"/>
		<b id="54" c="61 62" t="1"/>
		<b id="55" c="63 64" t="1"/>
		<b id="56" c="48 49" t="1"/>
		<b id="57" c="34 35" t="1"/>
		<b id="58" c="34 36" t="1"/>
		<b id="59" c="38 39" t="1"/>
		<b id="60" c="40 41" t="1"/>
		<b id="61" c="42 43" t="1"/>
		<b id="62" c="44 45" t="1"/>
		<b id="63" c="46 47" t="1"/>
		<b id="64" c="28 29" t="1"/>
		<b id="65" c="28 30" t="1"/>
		<b id="66" c="28 31" t="1"/>
		<b id="67" c="18 19" t="1"/>
		<b id="68" c="20 21" t="1"/>
		<b id="69" c="22 23" t="1"/>
		<b id="70" c="24 25" t="1"/>
		<b id="71" c="26 27" t="1"/>
	</bonds>
	<geometry>
		<g u="A" t="cart/3d">#68,3:3.3595,-3.1689,4.8515;3.4056,-2.9570,3.7860;4.3896,-2.9235,3.3250;2.2843,-2.7715,3.0775;1.3319,-2.8589,3.6008;2.2470,-2.5090,1.5933;3.2525,-2.3057,1.2061;1.9536,-3.4338,1.0797;1.2920,-1.3952,1.1800;-0.1003,-1.6776,1.0539;-0.6184,-2.9432,1.5143;-1.0282,-3.9408,1.9474;-1.0069,-0.7081,0.5584;-2.4022,-1.0353,0.4217;-2.7432,-2.0273,-0.5129;-1.9397,-2.5759,-1.2662;-4.1574,-2.4478,-0.5999;-4.8388,-2.3073,-1.8107;-4.3357,-1.8824,-2.6769;-6.1633,-2.7354,-1.9075;-6.6919,-2.6521,-2.8554;-6.7968,-3.3035,-0.8012;-7.8266,-3.6369,-0.8804;-6.1093,-3.4564,0.4050;-6.6043,-3.9143,1.2602;-4.7815,-3.0405,0.5045;-4.2307,-3.1964,1.4287;-3.3859,-0.0515,0.8705;-2.9496,0.6305,1.6067;-3.7750,0.5002,0.0103;-4.2202,-0.5605,1.3610;-0.5153,0.5511,0.1794;-1.4029,1.4613,-0.3354;-0.8904,2.3158,-1.3622;-0.3885,3.1771,-0.9008;-0.1759,1.7969,-2.0171;-2.0592,2.7797,-2.1970;-2.6337,1.9128,-3.1388;-2.2434,0.9045,-3.2640;-3.7107,2.3308,-3.9228;-4.1373,1.6529,-4.6577;-4.2267,3.6179,-3.7689;-5.0627,3.9459,-4.3814;-3.6749,4.4815,-2.8243;-4.0822,5.4831,-2.7011;-2.5977,4.0637,-2.0380;-2.1818,4.7469,-1.3016;0.8403,0.8444,0.3406;1.2028,1.8409,0.1008;1.7525,-0.1053,0.8303;3.1225,0.2910,0.9777;3.7719,0.9966,-0.0538;3.2697,1.3082,-1.1329;5.1876,1.3791,0.1500;5.5356,2.7330,0.1048;4.7772,3.4870,-0.0904;6.8636,3.1093,0.3055;7.1403,4.1620,0.2854;7.8397,2.1365,0.5313;8.8748,2.4335,0.6855;7.4950,0.7821,0.5374;8.2620,0.0262,0.6898;6.1678,0.3998,0.3453;5.9030,-0.6542,0.3386;3.6805,0.2271,2.3290;4.1519,1.1830,2.5817;2.8997,0.0447,3.0735;4.4346,-0.5606,2.3699;</g>
	</geometry>
	<conformers/>
	<properties/>
</molecule>
