<?xml version="1.0" ?>
<!--MOLLI PACKAGE EXPERIMENTAL XML FORMAT-->
<molecule name="react_253">
	<atoms>
		<a id="1" s="H" t="H" l="H"/>
		<a id="2" s="C" t="C.2" l="C"/>
		<a id="3" s="H" t="H" l="H"/>
		<a id="4" s="C" t="C.2" l="C"/>
		<a id="5" s="H" t="H" l="H"/>
		<a id="6" s="C" t="C.ar" l="C"/>
		<a id="7" s="C" t="C.ar" l="C"/>
		<a id="8" s="H" t="H" l="H"/>
		<a id="9" s="C" t="C.ar" l="C"/>
		<a id="10" s="H" t="H" l="H"/>
		<a id="11" s="C" t="C.ar" l="C"/>
		<a id="12" s="H" t="H" l="H"/>
		<a id="13" s="C" t="C.ar" l="C"/>
		<a id="14" s="H" t="H" l="H"/>
		<a id="15" s="C" t="C.ar" l="C"/>
		<a id="16" s="O" t="O.3" l="O"/>
		<a id="17" s="C" t="C.3" l="C"/>
		<a id="18" s="H" t="H" l="H"/>
		<a id="19" s="H" t="H" l="H"/>
		<a id="20" s="H" t="H" l="H"/>
	</atoms>
	<bonds>
		<b id="1" c="2 4" t="2"/>
		<b id="2" c="4 6" t="1"/>
		<b id="3" c="6 7" t="ar"/>
		<b id="4" c="7 9" t="ar"/>
		<b id="5" c="9 11" t="ar"/>
		<b id="6" c="11 13" t="ar"/>
		<b id="7" c="13 15" t="ar"/>
		<b id="8" c="15 16" t="1"/>
		<b id="9" c="16 17" t="1"/>
		<b id="10" c="15 6" t="ar"/>
		<b id="11" c="2 1" t="1"/>
		<b id="12" c="2 3" t="1"/>
		<b id="13" c="4 5" t="1"/>
		<b id="14" c="7 8" t="1"/>
		<b id="15" c="9 10" t="1"/>
		<b id="16" c="11 12" t="1"/>
		<b id="17" c="13 14" t="1"/>
		<b id="18" c="17 18" t="1"/>
		<b id="19" c="17 19" t="1"/>
		<b id="20" c="17 20" t="1"/>
	</bonds>
	<geometry>
		<g u="A" t="cart/3d">#20,3:-1.9662,2.8482,0.5913;-0.9143,3.0431,0.4134;-0.5613,4.0553,0.5841;-0.0585,2.0878,0.0262;0.9930,2.3361,-0.1019;-0.4182,0.6767,-0.2160;-1.6518,0.3508,-0.8050;-2.3568,1.1323,-1.0773;-1.9924,-0.9764,-1.0669;-2.9518,-1.2113,-1.5204;-1.0993,-1.9948,-0.7538;-1.3623,-3.0295,-0.9587;0.1389,-1.6901,-0.1836;0.8072,-2.5155,0.0367;0.4925,-0.3609,0.0848;1.6914,0.0197,0.6383;2.6065,-1.0060,0.9983;2.1778,-1.6718,1.7545;2.9384,-1.5655,0.1177;3.4872,-0.5281,1.4384;</g>
	</geometry>
	<conformers/>
	<properties/>
</molecule>
