<?xml version="1.0" ?>
<!--MOLLI PACKAGE EXPERIMENTAL XML FORMAT-->
<molecule name="react_254">
	<atoms>
		<a id="1" s="H" t="H" l="H"/>
		<a id="2" s="C" t="C.2" l="C"/>
		<a id="3" s="H" t="H" l="H"/>
		<a id="4" s="C" t="C.2" l="C"/>
		<a id="5" s="H" t="H" l="H"/>
		<a id="6" s="C" t="C.ar" l="C"/>
		<a id="7" s="C" t="C.ar" l="C"/>
		<a id="8" s="H" t="H" l="H"/>
		<a id="9" s="N" t="N.ar" l="N"/>
		<a id="10" s="S" t="S.O2" l="S"/>
		<a id="11" s="O" t="O.2" l="O"/>
		<a id="12" s="O" t="O.2" l="O"/>
		<a id="13" s="C" t="C.ar" l="C"/>
		<a id="14" s="C" t="C.ar" l="C"/>
		<a id="15" s="H" t="H" l="H"/>
		<a id="16" s="C" t="C.ar" l="C"/>
		<a id="17" s="H" t="H" l="H"/>
		<a id="18" s="C" t="C.ar" l="C"/>
		<a id="19" s="C" t="C.3" l="C"/>
		<a id="20" s="H" t="H" l="H"/>
		<a id="21" s="H" t="H" l="H"/>
		<a id="22" s="H" t="H" l="H"/>
		<a id="23" s="C" t="C.ar" l="C"/>
		<a id="24" s="H" t="H" l="H"/>
		<a id="25" s="C" t="C.ar" l="C"/>
		<a id="26" s="H" t="H" l="H"/>
		<a id="27" s="C" t="C.ar" l="C"/>
		<a id="28" s="C" t="C.ar" l="C"/>
		<a id="29" s="H" t="H" l="H"/>
		<a id="30" s="C" t="C.ar" l="C"/>
		<a id="31" s="H" t="H" l="H"/>
		<a id="32" s="C" t="C.ar" l="C"/>
		<a id="33" s="Br" t="Br" l="BR"/>
		<a id="34" s="C" t="C.ar" l="C"/>
		<a id="35" s="H" t="H" l="H"/>
		<a id="36" s="C" t="C.ar" l="C"/>
	</atoms>
	<bonds>
		<b id="1" c="2 4" t="2"/>
		<b id="2" c="4 6" t="1"/>
		<b id="3" c="6 7" t="ar"/>
		<b id="4" c="7 9" t="ar"/>
		<b id="5" c="9 10" t="1"/>
		<b id="6" c="10 11" t="2"/>
		<b id="7" c="10 12" t="2"/>
		<b id="8" c="10 13" t="1"/>
		<b id="9" c="13 14" t="ar"/>
		<b id="10" c="14 16" t="ar"/>
		<b id="11" c="16 18" t="ar"/>
		<b id="12" c="18 19" t="1"/>
		<b id="13" c="18 23" t="ar"/>
		<b id="14" c="23 25" t="ar"/>
		<b id="15" c="9 27" t="ar"/>
		<b id="16" c="27 28" t="ar"/>
		<b id="17" c="28 30" t="ar"/>
		<b id="18" c="30 32" t="ar"/>
		<b id="19" c="32 33" t="1"/>
		<b id="20" c="32 34" t="ar"/>
		<b id="21" c="34 36" t="ar"/>
		<b id="22" c="36 6" t="ar"/>
		<b id="23" c="25 13" t="ar"/>
		<b id="24" c="36 27" t="ar"/>
		<b id="25" c="2 1" t="1"/>
		<b id="26" c="2 3" t="1"/>
		<b id="27" c="4 5" t="1"/>
		<b id="28" c="7 8" t="1"/>
		<b id="29" c="14 15" t="1"/>
		<b id="30" c="16 17" t="1"/>
		<b id="31" c="19 20" t="1"/>
		<b id="32" c="19 21" t="1"/>
		<b id="33" c="19 22" t="1"/>
		<b id="34" c="23 24" t="1"/>
		<b id="35" c="25 26" t="1"/>
		<b id="36" c="28 29" t="1"/>
		<b id="37" c="30 31" t="1"/>
		<b id="38" c="34 35" t="1"/>
	</bonds>
	<geometry>
		<g u="A" t="cart/3d">#36,3:-2.8282,0.4402,-4.0773;-3.5287,0.9862,-3.4551;-4.2685,1.5950,-3.9659;-3.5093,0.9264,-2.1165;-4.2619,1.5106,-1.5893;-2.6015,0.1691,-1.3137;-1.5711,-0.6160,-1.7813;-1.2304,-0.8303,-2.7864;-0.9528,-1.1771,-0.6941;0.4802,-2.0933,-0.8105;0.6742,-2.3742,-2.2205;0.3502,-3.1508,0.1739;1.7485,-0.9687,-0.2978;2.5402,-1.2760,0.8108;2.3987,-2.2029,1.3625;3.5322,-0.3814,1.2149;4.1508,-0.6261,2.0764;3.7344,0.8182,0.5190;4.8254,1.7609,0.9365;4.5632,2.7951,0.6899;4.9868,1.7163,2.0187;5.7589,1.5010,0.4280;2.9506,1.0990,-0.6085;3.1155,2.0132,-1.1759;1.9565,0.2098,-1.0191;1.3668,0.4410,-1.9030;-1.5293,-0.7564,0.4874;-1.2376,-1.0314,1.8363;-0.4325,-1.7006,2.1276;-2.0280,-0.4343,2.8226;-1.8143,-0.6444,3.8684;-3.0753,0.4095,2.4750;-4.1262,1.2022,3.8342;-3.3666,0.6832,1.1365;-4.1881,1.3450,0.8785;-2.5831,0.0948,0.1178;</g>
	</geometry>
	<conformers/>
	<properties/>
</molecule>
