<?xml version="1.0" ?>
<!--MOLLI PACKAGE EXPERIMENTAL XML FORMAT-->
<molecule name="react_255">
	<atoms>
		<a id="1" s="H" t="H" l="H"/>
		<a id="2" s="C" t="C.2" l="C"/>
		<a id="3" s="H" t="H" l="H"/>
		<a id="4" s="C" t="C.2" l="C"/>
		<a id="5" s="H" t="H" l="H"/>
		<a id="6" s="C" t="C.3" l="C"/>
		<a id="7" s="H" t="H" l="H"/>
		<a id="8" s="H" t="H" l="H"/>
		<a id="9" s="C" t="C.3" l="C"/>
		<a id="10" s="H" t="H" l="H"/>
		<a id="11" s="H" t="H" l="H"/>
		<a id="12" s="C" t="C.ar" l="C"/>
		<a id="13" s="N" t="N.ar" l="N"/>
		<a id="14" s="C" t="C.ar" l="C"/>
		<a id="15" s="O" t="O.3" l="O"/>
		<a id="16" s="C" t="C.3" l="C"/>
		<a id="17" s="H" t="H" l="H"/>
		<a id="18" s="H" t="H" l="H"/>
		<a id="19" s="H" t="H" l="H"/>
		<a id="20" s="C" t="C.ar" l="C"/>
		<a id="21" s="N" t="N.am" l="N"/>
		<a id="22" s="H" t="H" l="H"/>
		<a id="23" s="C" t="C.2" l="C"/>
		<a id="24" s="O" t="O.2" l="O"/>
		<a id="25" s="O" t="O.3" l="O"/>
		<a id="26" s="C" t="C.3" l="C"/>
		<a id="27" s="H" t="H" l="H"/>
		<a id="28" s="H" t="H" l="H"/>
		<a id="29" s="C" t="C.ar" l="C"/>
		<a id="30" s="C" t="C.ar" l="C"/>
		<a id="31" s="H" t="H" l="H"/>
		<a id="32" s="C" t="C.ar" l="C"/>
		<a id="33" s="H" t="H" l="H"/>
		<a id="34" s="C" t="C.ar" l="C"/>
		<a id="35" s="H" t="H" l="H"/>
		<a id="36" s="C" t="C.ar" l="C"/>
		<a id="37" s="H" t="H" l="H"/>
		<a id="38" s="C" t="C.ar" l="C"/>
		<a id="39" s="H" t="H" l="H"/>
		<a id="40" s="C" t="C.ar" l="C"/>
		<a id="41" s="H" t="H" l="H"/>
		<a id="42" s="C" t="C.ar" l="C"/>
		<a id="43" s="H" t="H" l="H"/>
	</atoms>
	<bonds>
		<b id="1" c="2 4" t="2"/>
		<b id="2" c="4 6" t="1"/>
		<b id="3" c="6 9" t="1"/>
		<b id="4" c="9 12" t="1"/>
		<b id="5" c="12 42" t="ar"/>
		<b id="6" c="42 40" t="ar"/>
		<b id="7" c="40 20" t="ar"/>
		<b id="8" c="20 21" t="1"/>
		<b id="9" c="21 23" t="am"/>
		<b id="10" c="23 24" t="2"/>
		<b id="11" c="23 25" t="1"/>
		<b id="12" c="25 26" t="1"/>
		<b id="13" c="26 29" t="1"/>
		<b id="14" c="29 30" t="ar"/>
		<b id="15" c="30 32" t="ar"/>
		<b id="16" c="32 34" t="ar"/>
		<b id="17" c="34 36" t="ar"/>
		<b id="18" c="36 38" t="ar"/>
		<b id="19" c="20 14" t="ar"/>
		<b id="20" c="14 15" t="1"/>
		<b id="21" c="15 16" t="1"/>
		<b id="22" c="14 13" t="ar"/>
		<b id="23" c="13 12" t="ar"/>
		<b id="24" c="38 29" t="ar"/>
		<b id="25" c="2 1" t="1"/>
		<b id="26" c="2 3" t="1"/>
		<b id="27" c="4 5" t="1"/>
		<b id="28" c="6 7" t="1"/>
		<b id="29" c="6 8" t="1"/>
		<b id="30" c="9 10" t="1"/>
		<b id="31" c="9 11" t="1"/>
		<b id="32" c="42 43" t="1"/>
		<b id="33" c="40 41" t="1"/>
		<b id="34" c="21 22" t="1"/>
		<b id="35" c="26 27" t="1"/>
		<b id="36" c="26 28" t="1"/>
		<b id="37" c="30 31" t="1"/>
		<b id="38" c="32 33" t="1"/>
		<b id="39" c="34 35" t="1"/>
		<b id="40" c="36 37" t="1"/>
		<b id="41" c="38 39" t="1"/>
		<b id="42" c="16 17" t="1"/>
		<b id="43" c="16 18" t="1"/>
		<b id="44" c="16 19" t="1"/>
	</bonds>
	<geometry>
		<g u="A" t="cart/3d">#43,3:6.0923,-1.8009,1.2267;5.8203,-0.7527,1.1489;5.4946,-0.2516,2.0550;5.8774,-0.1178,-0.0286;6.2044,-0.6684,-0.9087;5.5110,1.3275,-0.2256;6.4085,1.8532,-0.5744;5.2337,1.7896,0.7299;4.3966,1.5371,-1.2580;4.6911,1.0908,-2.2167;4.2751,2.6112,-1.4466;3.0614,0.9751,-0.8364;2.6082,-0.1048,-1.5150;1.4159,-0.6188,-1.1337;0.9156,-1.7317,-1.7967;1.7849,-2.2027,-2.8218;1.9197,-1.4495,-3.6058;2.7486,-2.5225,-2.4103;1.3138,-3.0775,-3.2805;0.6259,-0.1035,-0.0981;-0.5978,-0.7347,0.1959;-0.8353,-1.5344,-0.3794;-1.5214,-0.4089,1.1429;-1.4712,0.5116,1.9443;-2.5416,-1.3009,1.0584;-3.6314,-1.0936,1.9645;-3.9819,-2.0817,2.2853;-3.3322,-0.5723,2.8821;-4.7442,-0.3682,1.2540;-5.6647,-1.0719,0.4648;-5.5899,-2.1525,0.3670;-6.6834,-0.3943,-0.2074;-7.3944,-0.9476,-0.8152;-6.7860,0.9918,-0.1044;-7.5776,1.5193,-0.6300;-5.8680,1.7026,0.6665;-5.9411,2.7845,0.7402;-4.8493,1.0269,1.3399;-4.1309,1.5953,1.9286;1.1125,1.0108,0.5759;0.5645,1.4747,1.3892;2.3418,1.5576,0.2047;2.7250,2.4277,0.7287;</g>
	</geometry>
	<conformers/>
	<properties/>
</molecule>
