<?xml version="1.0" ?>
<!--MOLLI PACKAGE EXPERIMENTAL XML FORMAT-->
<molecule name="react_260">
	<atoms>
		<a id="1" s="H" t="H" l="H"/>
		<a id="2" s="C" t="C.2" l="C"/>
		<a id="3" s="C" t="C.2" l="C"/>
		<a id="4" s="C" t="C.3" l="C"/>
		<a id="5" s="H" t="H" l="H"/>
		<a id="6" s="H" t="H" l="H"/>
		<a id="7" s="H" t="H" l="H"/>
		<a id="8" s="C" t="C.3" l="C"/>
		<a id="9" s="H" t="H" l="H"/>
		<a id="10" s="H" t="H" l="H"/>
		<a id="11" s="H" t="H" l="H"/>
		<a id="12" s="C" t="C.3" l="C"/>
		<a id="13" s="H" t="H" l="H"/>
		<a id="14" s="H" t="H" l="H"/>
		<a id="15" s="C" t="C.3" l="C"/>
		<a id="16" s="H" t="H" l="H"/>
		<a id="17" s="H" t="H" l="H"/>
		<a id="18" s="C" t="C.2" l="C"/>
		<a id="19" s="O" t="O.2" l="O"/>
		<a id="20" s="C" t="C.3" l="C"/>
		<a id="21" s="H" t="H" l="H"/>
		<a id="22" s="H" t="H" l="H"/>
		<a id="23" s="H" t="H" l="H"/>
	</atoms>
	<bonds>
		<b id="1" c="20 18" t="1"/>
		<b id="2" c="18 19" t="2"/>
		<b id="3" c="18 15" t="1"/>
		<b id="4" c="15 12" t="1"/>
		<b id="5" c="12 2" t="1"/>
		<b id="6" c="2 3" t="2"/>
		<b id="7" c="3 4" t="1"/>
		<b id="8" c="3 8" t="1"/>
		<b id="9" c="20 21" t="1"/>
		<b id="10" c="20 22" t="1"/>
		<b id="11" c="20 23" t="1"/>
		<b id="12" c="15 16" t="1"/>
		<b id="13" c="15 17" t="1"/>
		<b id="14" c="12 13" t="1"/>
		<b id="15" c="12 14" t="1"/>
		<b id="16" c="2 1" t="1"/>
		<b id="17" c="4 5" t="1"/>
		<b id="18" c="4 6" t="1"/>
		<b id="19" c="4 7" t="1"/>
		<b id="20" c="8 9" t="1"/>
		<b id="21" c="8 10" t="1"/>
		<b id="22" c="8 11" t="1"/>
	</bonds>
	<geometry>
		<g u="A" t="cart/3d">#23,3:-0.8399,1.4081,-1.3746;-0.8782,0.4398,-0.8750;-2.0396,0.0548,-0.3110;-3.2570,0.9399,-0.3779;-3.5840,1.2126,0.6309;-3.0672,1.8677,-0.9279;-4.0774,0.4175,-0.8810;-2.2550,-1.2383,0.4263;-2.6728,-1.0394,1.4192;-1.3358,-1.8085,0.5788;-2.9587,-1.8720,-0.1229;0.4123,-0.3322,-0.9329;0.8330,-0.2185,-1.9403;0.2469,-1.4074,-0.8080;1.4054,0.1784,0.1058;0.9912,0.0569,1.1135;1.6148,1.2418,-0.0579;2.7240,-0.5688,0.0523;2.9620,-1.4455,-0.7770;3.7533,-0.1721,1.0788;4.6572,-0.7731,0.9466;3.3567,-0.3473,2.0819;4.0087,0.8829,0.9524;</g>
	</geometry>
	<conformers/>
	<properties/>
</molecule>
