<?xml version="1.0" ?>
<!--MOLLI PACKAGE EXPERIMENTAL XML FORMAT-->
<molecule name="react_261">
	<atoms>
		<a id="1" s="H" t="H" l="H"/>
		<a id="2" s="C" t="C.2" l="C"/>
		<a id="3" s="C" t="C.2" l="C"/>
		<a id="4" s="C" t="C.2" l="C"/>
		<a id="5" s="O" t="O.2" l="O"/>
		<a id="6" s="O" t="O.3" l="O"/>
		<a id="7" s="C" t="C.3" l="C"/>
		<a id="8" s="H" t="H" l="H"/>
		<a id="9" s="H" t="H" l="H"/>
		<a id="10" s="H" t="H" l="H"/>
		<a id="11" s="C" t="C.3" l="C"/>
		<a id="12" s="H" t="H" l="H"/>
		<a id="13" s="C" t="C.3" l="C"/>
		<a id="14" s="H" t="H" l="H"/>
		<a id="15" s="H" t="H" l="H"/>
		<a id="16" s="H" t="H" l="H"/>
		<a id="17" s="C" t="C.3" l="C"/>
		<a id="18" s="H" t="H" l="H"/>
		<a id="19" s="H" t="H" l="H"/>
		<a id="20" s="H" t="H" l="H"/>
		<a id="21" s="C" t="C.3" l="C"/>
		<a id="22" s="H" t="H" l="H"/>
		<a id="23" s="H" t="H" l="H"/>
		<a id="24" s="H" t="H" l="H"/>
	</atoms>
	<bonds>
		<b id="1" c="21 2" t="1"/>
		<b id="2" c="2 3" t="2"/>
		<b id="3" c="3 4" t="1"/>
		<b id="4" c="4 5" t="2"/>
		<b id="5" c="4 6" t="1"/>
		<b id="6" c="6 7" t="1"/>
		<b id="7" c="3 11" t="1"/>
		<b id="8" c="11 13" t="1"/>
		<b id="9" c="11 17" t="1"/>
		<b id="10" c="21 22" t="1"/>
		<b id="11" c="21 23" t="1"/>
		<b id="12" c="21 24" t="1"/>
		<b id="13" c="2 1" t="1"/>
		<b id="14" c="7 8" t="1"/>
		<b id="15" c="7 9" t="1"/>
		<b id="16" c="7 10" t="1"/>
		<b id="17" c="11 12" t="1"/>
		<b id="18" c="13 14" t="1"/>
		<b id="19" c="13 15" t="1"/>
		<b id="20" c="13 16" t="1"/>
		<b id="21" c="17 18" t="1"/>
		<b id="22" c="17 19" t="1"/>
		<b id="23" c="17 20" t="1"/>
	</bonds>
	<geometry>
		<g u="A" t="cart/3d">#24,3:0.2345,2.5752,-0.0303;-0.4198,1.7054,-0.1203;0.1444,0.4793,-0.1404;1.6360,0.4840,-0.0232;2.3667,1.3210,-0.5314;2.0363,-0.5543,0.7540;3.4490,-0.6188,0.9474;3.6652,-1.4850,1.5789;3.8080,0.2801,1.4583;3.9620,-0.7524,-0.0103;-0.5253,-0.8726,-0.3060;0.2580,-1.6231,-0.4794;-1.4230,-0.9652,-1.5445;-1.7069,-2.0081,-1.7268;-0.8997,-0.6052,-2.4371;-2.3501,-0.3964,-1.4400;-1.2690,-1.3061,0.9585;-2.1239,-0.6595,1.1775;-1.6479,-2.3282,0.8487;-0.6052,-1.2913,1.8300;-1.8666,2.0693,-0.1837;-2.0863,2.8178,0.5849;-2.1003,2.5065,-1.1589;-2.5360,1.2275,-0.0059;</g>
	</geometry>
	<conformers/>
	<properties/>
</molecule>
