<?xml version="1.0" ?>
<!--MOLLI PACKAGE EXPERIMENTAL XML FORMAT-->
<molecule name="react_262">
	<atoms>
		<a id="1" s="H" t="H" l="H"/>
		<a id="2" s="C" t="C.2" l="C"/>
		<a id="3" s="C" t="C.2" l="C"/>
		<a id="4" s="C" t="C.3" l="C"/>
		<a id="5" s="H" t="H" l="H"/>
		<a id="6" s="H" t="H" l="H"/>
		<a id="7" s="H" t="H" l="H"/>
		<a id="8" s="C" t="C.3" l="C"/>
		<a id="9" s="H" t="H" l="H"/>
		<a id="10" s="H" t="H" l="H"/>
		<a id="11" s="O" t="O.3" l="O"/>
		<a id="12" s="C" t="C.2" l="C"/>
		<a id="13" s="O" t="O.2" l="O"/>
		<a id="14" s="C" t="C.3" l="C"/>
		<a id="15" s="H" t="H" l="H"/>
		<a id="16" s="H" t="H" l="H"/>
		<a id="17" s="H" t="H" l="H"/>
		<a id="18" s="C" t="C.3" l="C"/>
		<a id="19" s="H" t="H" l="H"/>
		<a id="20" s="H" t="H" l="H"/>
		<a id="21" s="O" t="O.3" l="O"/>
		<a id="22" s="C" t="C.2" l="C"/>
		<a id="23" s="O" t="O.2" l="O"/>
		<a id="24" s="C" t="C.3" l="C"/>
		<a id="25" s="H" t="H" l="H"/>
		<a id="26" s="H" t="H" l="H"/>
		<a id="27" s="H" t="H" l="H"/>
	</atoms>
	<bonds>
		<b id="1" c="19 18" t="1"/>
		<b id="2" c="18 20" t="1"/>
		<b id="3" c="18 2" t="1"/>
		<b id="4" c="2 3" t="2"/>
		<b id="5" c="3 4" t="1"/>
		<b id="6" c="3 8" t="1"/>
		<b id="7" c="8 9" t="1"/>
		<b id="8" c="8 10" t="1"/>
		<b id="9" c="8 11" t="1"/>
		<b id="10" c="11 12" t="1"/>
		<b id="11" c="12 14" t="1"/>
		<b id="12" c="12 13" t="2"/>
		<b id="13" c="18 21" t="1"/>
		<b id="14" c="21 22" t="1"/>
		<b id="15" c="22 24" t="1"/>
		<b id="16" c="22 23" t="2"/>
		<b id="17" c="2 1" t="1"/>
		<b id="18" c="4 5" t="1"/>
		<b id="19" c="4 6" t="1"/>
		<b id="20" c="4 7" t="1"/>
		<b id="21" c="14 15" t="1"/>
		<b id="22" c="14 16" t="1"/>
		<b id="23" c="14 17" t="1"/>
		<b id="24" c="24 25" t="1"/>
		<b id="25" c="24 26" t="1"/>
		<b id="26" c="24 27" t="1"/>
	</bonds>
	<geometry>
		<g u="A" t="cart/3d">#27,3:-1.6629,-1.6481,0.3709;-0.6628,-1.2168,0.4109;0.0937,-1.2529,-0.7060;-0.4500,-1.8680,-1.9712;-0.4816,-1.1258,-2.7753;-1.4658,-2.2569,-1.8417;0.1847,-2.7013,-2.2908;1.5035,-0.7262,-0.8258;2.1397,-1.4961,-1.2811;1.9340,-0.4639,0.1449;1.4696,0.4329,-1.6639;2.6876,1.0002,-1.8662;3.7464,0.5932,-1.4089;2.5531,2.2018,-2.7501;2.1993,1.8960,-3.7377;3.5298,2.6816,-2.8592;1.8637,2.9203,-2.2996;-0.3219,-0.6398,1.7531;-0.3046,-1.4326,2.5091;0.6598,-0.1628,1.7727;-1.2785,0.3875,2.0515;-2.2405,0.0724,2.9575;-2.3699,-1.0033,3.5237;-3.1600,1.2397,3.1515;-3.7951,1.0584,4.0236;-2.5802,2.1472,3.3397;-3.7915,1.3634,2.2685;</g>
	</geometry>
	<conformers/>
	<properties/>
</molecule>
