<?xml version="1.0" ?>
<!--MOLLI PACKAGE EXPERIMENTAL XML FORMAT-->
<molecule name="react_133">
	<atoms>
		<a id="1" s="H" t="H" l="H"/>
		<a id="2" s="C" t="C.2" l="C"/>
		<a id="3" s="H" t="H" l="H"/>
		<a id="4" s="C" t="C.2" l="C"/>
		<a id="5" s="C" t="C.3" l="C"/>
		<a id="6" s="H" t="H" l="H"/>
		<a id="7" s="H" t="H" l="H"/>
		<a id="8" s="O" t="O.3" l="O"/>
		<a id="9" s="Si" t="Si" l="SI"/>
		<a id="10" s="C" t="C.3" l="C"/>
		<a id="11" s="H" t="H" l="H"/>
		<a id="12" s="H" t="H" l="H"/>
		<a id="13" s="H" t="H" l="H"/>
		<a id="14" s="C" t="C.3" l="C"/>
		<a id="15" s="H" t="H" l="H"/>
		<a id="16" s="H" t="H" l="H"/>
		<a id="17" s="H" t="H" l="H"/>
		<a id="18" s="C" t="C.3" l="C"/>
		<a id="19" s="C" t="C.3" l="C"/>
		<a id="20" s="H" t="H" l="H"/>
		<a id="21" s="H" t="H" l="H"/>
		<a id="22" s="H" t="H" l="H"/>
		<a id="23" s="C" t="C.3" l="C"/>
		<a id="24" s="H" t="H" l="H"/>
		<a id="25" s="H" t="H" l="H"/>
		<a id="26" s="H" t="H" l="H"/>
		<a id="27" s="C" t="C.3" l="C"/>
		<a id="28" s="H" t="H" l="H"/>
		<a id="29" s="H" t="H" l="H"/>
		<a id="30" s="H" t="H" l="H"/>
		<a id="31" s="C" t="C.3" l="C"/>
		<a id="32" s="H" t="H" l="H"/>
		<a id="33" s="H" t="H" l="H"/>
		<a id="34" s="C" t="C.3" l="C"/>
		<a id="35" s="H" t="H" l="H"/>
		<a id="36" s="H" t="H" l="H"/>
		<a id="37" s="H" t="H" l="H"/>
	</atoms>
	<bonds>
		<b id="1" c="2 4" t="2"/>
		<b id="2" c="4 31" t="1"/>
		<b id="3" c="31 34" t="1"/>
		<b id="4" c="4 5" t="1"/>
		<b id="5" c="5 8" t="1"/>
		<b id="6" c="8 9" t="1"/>
		<b id="7" c="9 10" t="1"/>
		<b id="8" c="9 14" t="1"/>
		<b id="9" c="9 18" t="1"/>
		<b id="10" c="18 19" t="1"/>
		<b id="11" c="18 23" t="1"/>
		<b id="12" c="18 27" t="1"/>
		<b id="13" c="2 1" t="1"/>
		<b id="14" c="2 3" t="1"/>
		<b id="15" c="31 32" t="1"/>
		<b id="16" c="31 33" t="1"/>
		<b id="17" c="34 35" t="1"/>
		<b id="18" c="34 36" t="1"/>
		<b id="19" c="34 37" t="1"/>
		<b id="20" c="5 6" t="1"/>
		<b id="21" c="5 7" t="1"/>
		<b id="22" c="10 11" t="1"/>
		<b id="23" c="10 12" t="1"/>
		<b id="24" c="10 13" t="1"/>
		<b id="25" c="14 15" t="1"/>
		<b id="26" c="14 16" t="1"/>
		<b id="27" c="14 17" t="1"/>
		<b id="28" c="19 20" t="1"/>
		<b id="29" c="19 21" t="1"/>
		<b id="30" c="19 22" t="1"/>
		<b id="31" c="23 24" t="1"/>
		<b id="32" c="23 25" t="1"/>
		<b id="33" c="23 26" t="1"/>
		<b id="34" c="27 28" t="1"/>
		<b id="35" c="27 29" t="1"/>
		<b id="36" c="27 30" t="1"/>
	</bonds>
	<geometry>
		<g u="A" t="cart/3d">#37,3:2.0852,2.1202,-1.1413;2.8554,1.7499,-0.4705;3.7393,2.3686,-0.3548;2.7166,0.5802,0.1796;1.4960,-0.3126,0.0642;1.0846,-0.4699,1.0692;1.7993,-1.2793,-0.3554;0.5125,0.2750,-0.7820;-0.9944,-0.4409,-0.9347;-1.6455,-0.2693,-2.6899;-2.6458,-0.7023,-2.7797;-1.6958,0.7826,-2.9849;-0.9855,-0.7883,-3.3914;-1.0231,-2.2486,-0.4305;-0.3302,-2.8284,-1.0477;-2.0238,-2.6713,-0.5581;-0.7314,-2.3711,0.6164;-2.3221,0.5703,0.3069;-3.7266,-0.0477,0.1633;-4.4456,0.4716,0.8073;-3.7332,-1.1053,0.4488;-4.0961,0.0230,-0.8655;-1.8371,0.4466,1.7654;-2.5209,0.9659,2.4465;-1.7837,-0.5995,2.0862;-0.8433,0.8886,1.8977;-2.3508,2.0554,-0.1094;-1.3569,2.5120,-0.0389;-3.0249,2.6269,0.5388;-2.7020,2.1790,-1.1398;3.7957,0.0944,1.1228;3.3442,-0.1708,2.0863;4.5088,0.9009,1.3353;4.5676,-1.0970,0.5731;3.9220,-1.9719,0.4473;5.0203,-0.8626,-0.3961;5.3711,-1.3743,1.2632;</g>
	</geometry>
	<conformers/>
	<properties/>
</molecule>
