<?xml version="1.0" ?>
<!--MOLLI PACKAGE EXPERIMENTAL XML FORMAT-->
<molecule name="react_263">
	<atoms>
		<a id="1" s="H" t="H" l="H"/>
		<a id="2" s="C" t="C.2" l="C"/>
		<a id="3" s="C" t="C.2" l="C"/>
		<a id="4" s="C" t="C.3" l="C"/>
		<a id="5" s="H" t="H" l="H"/>
		<a id="6" s="H" t="H" l="H"/>
		<a id="7" s="H" t="H" l="H"/>
		<a id="8" s="C" t="C.3" l="C"/>
		<a id="9" s="H" t="H" l="H"/>
		<a id="10" s="H" t="H" l="H"/>
		<a id="11" s="C" t="C.3" l="C"/>
		<a id="12" s="H" t="H" l="H"/>
		<a id="13" s="H" t="H" l="H"/>
		<a id="14" s="C" t="C.2" l="C"/>
		<a id="15" s="O" t="O.2" l="O"/>
		<a id="16" s="O" t="O.3" l="O"/>
		<a id="17" s="C" t="C.3" l="C"/>
		<a id="18" s="H" t="H" l="H"/>
		<a id="19" s="H" t="H" l="H"/>
		<a id="20" s="H" t="H" l="H"/>
		<a id="21" s="C" t="C.3" l="C"/>
		<a id="22" s="H" t="H" l="H"/>
		<a id="23" s="H" t="H" l="H"/>
		<a id="24" s="H" t="H" l="H"/>
	</atoms>
	<bonds>
		<b id="1" c="21 2" t="1"/>
		<b id="2" c="2 3" t="2"/>
		<b id="3" c="3 4" t="1"/>
		<b id="4" c="3 8" t="1"/>
		<b id="5" c="8 11" t="1"/>
		<b id="6" c="11 14" t="1"/>
		<b id="7" c="14 15" t="2"/>
		<b id="8" c="14 16" t="1"/>
		<b id="9" c="16 17" t="1"/>
		<b id="10" c="21 22" t="1"/>
		<b id="11" c="21 23" t="1"/>
		<b id="12" c="21 24" t="1"/>
		<b id="13" c="2 1" t="1"/>
		<b id="14" c="4 5" t="1"/>
		<b id="15" c="4 6" t="1"/>
		<b id="16" c="4 7" t="1"/>
		<b id="17" c="8 9" t="1"/>
		<b id="18" c="8 10" t="1"/>
		<b id="19" c="11 12" t="1"/>
		<b id="20" c="11 13" t="1"/>
		<b id="21" c="17 18" t="1"/>
		<b id="22" c="17 19" t="1"/>
		<b id="23" c="17 20" t="1"/>
	</bonds>
	<geometry>
		<g u="A" t="cart/3d">#24,3:-0.1420,-0.5165,1.3685;-1.0943,-0.2436,0.9199;-1.2916,-0.4348,-0.4006;-2.5924,-0.1267,-1.1036;-2.4618,0.7262,-1.7776;-3.4156,0.1024,-0.4241;-2.9111,-0.9899,-1.6984;-0.2377,-0.9958,-1.3505;-0.2030,-0.3485,-2.2371;-0.5997,-1.9735,-1.6953;1.1893,-1.1886,-0.8377;1.1995,-1.7840,0.0817;1.7783,-1.7455,-1.5761;1.8897,0.1313,-0.6295;1.9215,1.0385,-1.4501;2.5093,0.1508,0.5841;3.1994,1.3696,0.8617;4.0029,1.5288,0.1358;2.5027,2.2139,0.8621;3.6438,1.2879,1.8575;-2.0471,0.3346,1.9204;-2.3891,-0.4485,2.6037;-1.5310,1.0986,2.5115;-2.9202,0.8131,1.4736;</g>
	</geometry>
	<conformers/>
	<properties/>
</molecule>
