<?xml version="1.0" ?>
<!--MOLLI PACKAGE EXPERIMENTAL XML FORMAT-->
<molecule name="react_264">
	<atoms>
		<a id="1" s="H" t="H" l="H"/>
		<a id="2" s="C" t="C.3" l="C"/>
		<a id="3" s="H" t="H" l="H"/>
		<a id="4" s="H" t="H" l="H"/>
		<a id="5" s="C" t="C.2" l="C"/>
		<a id="6" s="O" t="O.2" l="O"/>
		<a id="7" s="O" t="O.3" l="O"/>
		<a id="8" s="C" t="C.3" l="C"/>
		<a id="9" s="H" t="H" l="H"/>
		<a id="10" s="H" t="H" l="H"/>
		<a id="11" s="C" t="C.2" l="C"/>
		<a id="12" s="H" t="H" l="H"/>
		<a id="13" s="C" t="C.2" l="C"/>
		<a id="14" s="C" t="C.3" l="C"/>
		<a id="15" s="H" t="H" l="H"/>
		<a id="16" s="H" t="H" l="H"/>
		<a id="17" s="H" t="H" l="H"/>
		<a id="18" s="C" t="C.3" l="C"/>
		<a id="19" s="H" t="H" l="H"/>
		<a id="20" s="H" t="H" l="H"/>
		<a id="21" s="O" t="O.3" l="O"/>
		<a id="22" s="C" t="C.2" l="C"/>
		<a id="23" s="O" t="O.2" l="O"/>
		<a id="24" s="C" t="C.3" l="C"/>
		<a id="25" s="H" t="H" l="H"/>
		<a id="26" s="H" t="H" l="H"/>
		<a id="27" s="H" t="H" l="H"/>
	</atoms>
	<bonds>
		<b id="1" c="12 11" t="1"/>
		<b id="2" c="11 8" t="1"/>
		<b id="3" c="8 7" t="1"/>
		<b id="4" c="7 5" t="1"/>
		<b id="5" c="5 2" t="1"/>
		<b id="6" c="5 6" t="2"/>
		<b id="7" c="11 13" t="2"/>
		<b id="8" c="13 18" t="1"/>
		<b id="9" c="18 21" t="1"/>
		<b id="10" c="21 22" t="1"/>
		<b id="11" c="22 24" t="1"/>
		<b id="12" c="22 23" t="2"/>
		<b id="13" c="13 14" t="1"/>
		<b id="14" c="14 15" t="1"/>
		<b id="15" c="14 16" t="1"/>
		<b id="16" c="14 17" t="1"/>
		<b id="17" c="8 9" t="1"/>
		<b id="18" c="8 10" t="1"/>
		<b id="19" c="2 1" t="1"/>
		<b id="20" c="2 3" t="1"/>
		<b id="21" c="2 4" t="1"/>
		<b id="22" c="18 19" t="1"/>
		<b id="23" c="18 20" t="1"/>
		<b id="24" c="24 25" t="1"/>
		<b id="25" c="24 26" t="1"/>
		<b id="26" c="24 27" t="1"/>
	</bonds>
	<geometry>
		<g u="A" t="cart/3d">#27,3:-5.7727,-0.0040,0.2262;-4.8476,0.4306,-0.1632;-4.6805,0.0479,-1.1731;-4.9534,1.5183,-0.1758;-3.7043,0.0410,0.7234;-3.8118,-0.6705,1.7119;-2.5513,0.5897,0.2572;-1.3698,0.3041,1.0150;-0.7379,1.1951,0.9790;-1.5901,0.1368,2.0761;-0.6972,-0.9010,0.4274;-1.1948,-1.8373,0.6806;0.4264,-0.9487,-0.3178;0.9750,-2.2728,-0.7847;0.3626,-3.1171,-0.4506;1.0119,-2.3039,-1.8786;1.9875,-2.4258,-0.3974;1.2145,0.2541,-0.7776;0.6802,1.1921,-0.5998;1.4042,0.1733,-1.8554;2.4551,0.2626,-0.0654;3.2709,1.2980,-0.3961;3.0185,2.1678,-1.2175;4.5397,1.2241,0.3968;5.1884,2.0606,0.1214;5.0621,0.2904,0.1740;4.3145,1.2946,1.4639;</g>
	</geometry>
	<conformers/>
	<properties/>
</molecule>
