<?xml version="1.0" ?>
<!--MOLLI PACKAGE EXPERIMENTAL XML FORMAT-->
<molecule name="react_266">
	<atoms>
		<a id="1" s="H" t="H" l="H"/>
		<a id="2" s="C" t="C.2" l="C"/>
		<a id="3" s="C" t="C.2" l="C"/>
		<a id="4" s="C" t="C.3" l="C"/>
		<a id="5" s="H" t="H" l="H"/>
		<a id="6" s="H" t="H" l="H"/>
		<a id="7" s="C" t="C.3" l="C"/>
		<a id="8" s="H" t="H" l="H"/>
		<a id="9" s="H" t="H" l="H"/>
		<a id="10" s="C" t="C.ar" l="C"/>
		<a id="11" s="C" t="C.ar" l="C"/>
		<a id="12" s="H" t="H" l="H"/>
		<a id="13" s="C" t="C.ar" l="C"/>
		<a id="14" s="H" t="H" l="H"/>
		<a id="15" s="C" t="C.ar" l="C"/>
		<a id="16" s="H" t="H" l="H"/>
		<a id="17" s="C" t="C.ar" l="C"/>
		<a id="18" s="H" t="H" l="H"/>
		<a id="19" s="C" t="C.ar" l="C"/>
		<a id="20" s="F" t="F" l="F"/>
	</atoms>
	<bonds>
		<b id="1" c="20 19" t="1"/>
		<b id="2" c="19 17" t="ar"/>
		<b id="3" c="17 15" t="ar"/>
		<b id="4" c="15 13" t="ar"/>
		<b id="5" c="13 11" t="ar"/>
		<b id="6" c="11 10" t="ar"/>
		<b id="7" c="10 2" t="1"/>
		<b id="8" c="2 3" t="2"/>
		<b id="9" c="3 4" t="1"/>
		<b id="10" c="4 7" t="1"/>
		<b id="11" c="10 19" t="ar"/>
		<b id="12" c="7 3" t="1"/>
		<b id="13" c="17 18" t="1"/>
		<b id="14" c="15 16" t="1"/>
		<b id="15" c="13 14" t="1"/>
		<b id="16" c="11 12" t="1"/>
		<b id="17" c="2 1" t="1"/>
		<b id="18" c="4 5" t="1"/>
		<b id="19" c="4 6" t="1"/>
		<b id="20" c="7 8" t="1"/>
		<b id="21" c="7 9" t="1"/>
	</bonds>
	<geometry>
		<g u="A" t="cart/3d">#20,3:0.7897,1.4024,-1.6743;0.7881,0.6898,-0.8551;1.9321,0.2700,-0.3556;2.5853,-0.5285,0.6048;2.5509,-0.1883,1.6301;2.5597,-1.5986,0.4518;3.3365,0.3521,-0.4466;3.8010,1.2666,-0.1058;3.8056,-0.1454,-1.2839;-0.5248,0.2810,-0.3430;-1.5156,1.2614,-0.1867;-1.2990,2.3027,-0.4159;-2.7905,0.9210,0.2776;-3.5455,1.6938,0.4016;-3.0948,-0.4052,0.5810;-4.0859,-0.6696,0.9406;-2.1255,-1.3919,0.4147;-2.3486,-2.4309,0.6354;-0.8558,-1.0479,-0.0477;0.0371,-2.0344,-0.2231;</g>
	</geometry>
	<conformers/>
	<properties/>
</molecule>
