<?xml version="1.0" ?>
<!--MOLLI PACKAGE EXPERIMENTAL XML FORMAT-->
<molecule name="react_267">
	<atoms>
		<a id="1" s="H" t="H" l="H"/>
		<a id="2" s="C" t="C.2" l="C"/>
		<a id="3" s="C" t="C.2" l="C"/>
		<a id="4" s="C" t="C.3" l="C"/>
		<a id="5" s="H" t="H" l="H"/>
		<a id="6" s="H" t="H" l="H"/>
		<a id="7" s="C" t="C.3" l="C"/>
		<a id="8" s="H" t="H" l="H"/>
		<a id="9" s="H" t="H" l="H"/>
		<a id="10" s="C" t="C.ar" l="C"/>
		<a id="11" s="C" t="C.ar" l="C"/>
		<a id="12" s="H" t="H" l="H"/>
		<a id="13" s="C" t="C.ar" l="C"/>
		<a id="14" s="H" t="H" l="H"/>
		<a id="15" s="C" t="C.ar" l="C"/>
		<a id="16" s="H" t="H" l="H"/>
		<a id="17" s="C" t="C.ar" l="C"/>
		<a id="18" s="F" t="F" l="F"/>
		<a id="19" s="C" t="C.ar" l="C"/>
		<a id="20" s="H" t="H" l="H"/>
	</atoms>
	<bonds>
		<b id="1" c="18 17" t="1"/>
		<b id="2" c="17 15" t="ar"/>
		<b id="3" c="15 13" t="ar"/>
		<b id="4" c="13 11" t="ar"/>
		<b id="5" c="11 10" t="ar"/>
		<b id="6" c="10 2" t="1"/>
		<b id="7" c="2 3" t="2"/>
		<b id="8" c="3 4" t="1"/>
		<b id="9" c="4 7" t="1"/>
		<b id="10" c="10 19" t="ar"/>
		<b id="11" c="19 17" t="ar"/>
		<b id="12" c="7 3" t="1"/>
		<b id="13" c="15 16" t="1"/>
		<b id="14" c="13 14" t="1"/>
		<b id="15" c="11 12" t="1"/>
		<b id="16" c="2 1" t="1"/>
		<b id="17" c="4 5" t="1"/>
		<b id="18" c="4 6" t="1"/>
		<b id="19" c="7 8" t="1"/>
		<b id="20" c="7 9" t="1"/>
		<b id="21" c="19 20" t="1"/>
	</bonds>
	<geometry>
		<g u="A" t="cart/3d">#20,3:1.0041,-2.0713,0.2616;0.8943,-0.9907,0.2195;1.9777,-0.2450,0.2997;2.5393,1.0472,0.3343;2.3877,1.6243,1.2359;2.5708,1.6022,-0.5929;3.3823,-0.2647,0.4293;3.9527,-0.5684,-0.4374;3.7847,-0.5430,1.3933;-0.4791,-0.4806,0.1057;-1.5359,-1.2839,0.5649;-1.3329,-2.2517,1.0198;-2.8639,-0.8570,0.4588;-3.6692,-1.4882,0.8257;-3.1507,0.3768,-0.1181;-4.1743,0.7249,-0.2101;-2.1090,1.1676,-0.5860;-2.3848,2.3510,-1.1505;-0.7843,0.7513,-0.4845;-0.0096,1.3991,-0.8801;</g>
	</geometry>
	<conformers/>
	<properties/>
</molecule>
