<?xml version="1.0" ?>
<!--MOLLI PACKAGE EXPERIMENTAL XML FORMAT-->
<molecule name="react_268">
	<atoms>
		<a id="1" s="H" t="H" l="H"/>
		<a id="2" s="C" t="C.2" l="C"/>
		<a id="3" s="C" t="C.2" l="C"/>
		<a id="4" s="C" t="C.3" l="C"/>
		<a id="5" s="H" t="H" l="H"/>
		<a id="6" s="H" t="H" l="H"/>
		<a id="7" s="C" t="C.3" l="C"/>
		<a id="8" s="H" t="H" l="H"/>
		<a id="9" s="H" t="H" l="H"/>
		<a id="10" s="C" t="C.ar" l="C"/>
		<a id="11" s="C" t="C.ar" l="C"/>
		<a id="12" s="H" t="H" l="H"/>
		<a id="13" s="C" t="C.ar" l="C"/>
		<a id="14" s="H" t="H" l="H"/>
		<a id="15" s="C" t="C.ar" l="C"/>
		<a id="16" s="F" t="F" l="F"/>
		<a id="17" s="C" t="C.ar" l="C"/>
		<a id="18" s="H" t="H" l="H"/>
		<a id="19" s="C" t="C.ar" l="C"/>
		<a id="20" s="H" t="H" l="H"/>
	</atoms>
	<bonds>
		<b id="1" c="16 15" t="1"/>
		<b id="2" c="15 13" t="ar"/>
		<b id="3" c="13 11" t="ar"/>
		<b id="4" c="11 10" t="ar"/>
		<b id="5" c="10 2" t="1"/>
		<b id="6" c="2 3" t="2"/>
		<b id="7" c="3 4" t="1"/>
		<b id="8" c="4 7" t="1"/>
		<b id="9" c="10 19" t="ar"/>
		<b id="10" c="19 17" t="ar"/>
		<b id="11" c="17 15" t="ar"/>
		<b id="12" c="7 3" t="1"/>
		<b id="13" c="13 14" t="1"/>
		<b id="14" c="11 12" t="1"/>
		<b id="15" c="2 1" t="1"/>
		<b id="16" c="4 5" t="1"/>
		<b id="17" c="4 6" t="1"/>
		<b id="18" c="7 8" t="1"/>
		<b id="19" c="7 9" t="1"/>
		<b id="20" c="19 20" t="1"/>
		<b id="21" c="17 18" t="1"/>
	</bonds>
	<geometry>
		<g u="A" t="cart/3d">#20,3:-1.1522,0.4330,1.9486;-0.9690,0.2076,0.9012;-2.0007,0.1056,0.0880;-3.4070,0.1704,-0.0025;-3.9659,-0.6561,0.4137;-3.8614,1.1482,0.0763;-2.4722,-0.1111,-1.2224;-2.3127,0.6829,-1.9385;-2.4327,-1.1209,-1.6060;0.4384,0.0727,0.5019;1.4160,0.7529,1.2456;1.1305,1.3883,2.0813;2.7697,0.6357,0.9198;3.5254,1.1666,1.4893;3.1498,-0.1709,-0.1446;4.4473,-0.2851,-0.4566;2.2031,-0.8651,-0.8861;2.5214,-1.4968,-1.7089;0.8491,-0.7472,-0.5601;0.1231,-1.3108,-1.1399;</g>
	</geometry>
	<conformers/>
	<properties/>
</molecule>
