<?xml version="1.0" ?>
<!--MOLLI PACKAGE EXPERIMENTAL XML FORMAT-->
<molecule name="react_269">
	<atoms>
		<a id="1" s="H" t="H" l="H"/>
		<a id="2" s="C" t="C.2" l="C"/>
		<a id="3" s="C" t="C.2" l="C"/>
		<a id="4" s="C" t="C.3" l="C"/>
		<a id="5" s="H" t="H" l="H"/>
		<a id="6" s="H" t="H" l="H"/>
		<a id="7" s="C" t="C.3" l="C"/>
		<a id="8" s="H" t="H" l="H"/>
		<a id="9" s="H" t="H" l="H"/>
		<a id="10" s="C" t="C.ar" l="C"/>
		<a id="11" s="C" t="C.ar" l="C"/>
		<a id="12" s="H" t="H" l="H"/>
		<a id="13" s="C" t="C.ar" l="C"/>
		<a id="14" s="H" t="H" l="H"/>
		<a id="15" s="C" t="C.ar" l="C"/>
		<a id="16" s="Br" t="Br" l="BR"/>
		<a id="17" s="C" t="C.ar" l="C"/>
		<a id="18" s="H" t="H" l="H"/>
		<a id="19" s="C" t="C.ar" l="C"/>
		<a id="20" s="H" t="H" l="H"/>
	</atoms>
	<bonds>
		<b id="1" c="16 15" t="1"/>
		<b id="2" c="15 13" t="ar"/>
		<b id="3" c="13 11" t="ar"/>
		<b id="4" c="11 10" t="ar"/>
		<b id="5" c="10 2" t="1"/>
		<b id="6" c="2 3" t="2"/>
		<b id="7" c="3 4" t="1"/>
		<b id="8" c="4 7" t="1"/>
		<b id="9" c="10 19" t="ar"/>
		<b id="10" c="19 17" t="ar"/>
		<b id="11" c="17 15" t="ar"/>
		<b id="12" c="7 3" t="1"/>
		<b id="13" c="13 14" t="1"/>
		<b id="14" c="11 12" t="1"/>
		<b id="15" c="2 1" t="1"/>
		<b id="16" c="4 5" t="1"/>
		<b id="17" c="4 6" t="1"/>
		<b id="18" c="7 8" t="1"/>
		<b id="19" c="7 9" t="1"/>
		<b id="20" c="19 20" t="1"/>
		<b id="21" c="17 18" t="1"/>
	</bonds>
	<geometry>
		<g u="A" t="cart/3d">#20,3:1.1032,0.1489,-2.0394;0.9581,0.0308,-0.9688;2.0189,-0.1098,-0.2000;3.4275,-0.1832,-0.1826;3.8777,-1.0944,-0.5510;3.9711,0.7327,-0.3685;2.5397,-0.2653,1.1004;2.4996,0.5973,1.7509;2.4221,-1.2306,1.5724;-0.4309,0.0750,-0.4925;-0.8607,-0.6060,0.6548;-0.1621,-1.1912,1.2468;-2.1998,-0.5575,1.0559;-2.5096,-1.0909,1.9505;-3.1209,0.1667,0.3040;-4.9308,0.2327,0.8442;-2.7169,0.8382,-0.8465;-3.4309,1.4021,-1.4406;-1.3773,0.7868,-1.2444;-1.0780,1.3177,-2.1457;</g>
	</geometry>
	<conformers/>
	<properties/>
</molecule>
