<?xml version="1.0" ?>
<!--MOLLI PACKAGE EXPERIMENTAL XML FORMAT-->
<molecule name="react_270">
	<atoms>
		<a id="1" s="H" t="H" l="H"/>
		<a id="2" s="C" t="C.2" l="C"/>
		<a id="3" s="C" t="C.2" l="C"/>
		<a id="4" s="C" t="C.3" l="C"/>
		<a id="5" s="H" t="H" l="H"/>
		<a id="6" s="H" t="H" l="H"/>
		<a id="7" s="C" t="C.3" l="C"/>
		<a id="8" s="H" t="H" l="H"/>
		<a id="9" s="H" t="H" l="H"/>
		<a id="10" s="C" t="C.ar" l="C"/>
		<a id="11" s="C" t="C.ar" l="C"/>
		<a id="12" s="H" t="H" l="H"/>
		<a id="13" s="C" t="C.ar" l="C"/>
		<a id="14" s="H" t="H" l="H"/>
		<a id="15" s="C" t="C.ar" l="C"/>
		<a id="16" s="Cl" t="Cl" l="CL"/>
		<a id="17" s="C" t="C.ar" l="C"/>
		<a id="18" s="H" t="H" l="H"/>
		<a id="19" s="C" t="C.ar" l="C"/>
		<a id="20" s="H" t="H" l="H"/>
	</atoms>
	<bonds>
		<b id="1" c="16 15" t="1"/>
		<b id="2" c="15 13" t="ar"/>
		<b id="3" c="13 11" t="ar"/>
		<b id="4" c="11 10" t="ar"/>
		<b id="5" c="10 2" t="1"/>
		<b id="6" c="2 3" t="2"/>
		<b id="7" c="3 4" t="1"/>
		<b id="8" c="4 7" t="1"/>
		<b id="9" c="10 19" t="ar"/>
		<b id="10" c="19 17" t="ar"/>
		<b id="11" c="17 15" t="ar"/>
		<b id="12" c="7 3" t="1"/>
		<b id="13" c="13 14" t="1"/>
		<b id="14" c="11 12" t="1"/>
		<b id="15" c="2 1" t="1"/>
		<b id="16" c="4 5" t="1"/>
		<b id="17" c="4 6" t="1"/>
		<b id="18" c="7 8" t="1"/>
		<b id="19" c="7 9" t="1"/>
		<b id="20" c="19 20" t="1"/>
		<b id="21" c="17 18" t="1"/>
	</bonds>
	<geometry>
		<g u="A" t="cart/3d">#20,3:-1.1270,-0.4735,2.0359;-0.9619,-0.1596,1.0084;-2.0031,0.1911,0.2810;-2.4981,0.6264,-0.9647;-2.3181,1.6558,-1.2409;-2.5021,-0.0949,-1.7701;-3.4046,0.3517,0.2779;-3.8043,1.2001,0.8156;-4.0039,-0.5481,0.2825;0.4275,-0.1951,0.5330;0.9107,0.6679,-0.4605;0.2554,1.3980,-0.9282;2.2494,0.6161,-0.8628;2.6049,1.2911,-1.6366;3.1172,-0.2942,-0.2660;4.7638,-0.3579,-0.7596;2.6594,-1.1495,0.7323;3.3346,-1.8586,1.2033;1.3206,-1.0953,1.1328;0.9798,-1.7716,1.9142;</g>
	</geometry>
	<conformers/>
	<properties/>
</molecule>
