<?xml version="1.0" ?>
<!--MOLLI PACKAGE EXPERIMENTAL XML FORMAT-->
<molecule name="react_271">
	<atoms>
		<a id="1" s="H" t="H" l="H"/>
		<a id="2" s="C" t="C.2" l="C"/>
		<a id="3" s="C" t="C.2" l="C"/>
		<a id="4" s="C" t="C.3" l="C"/>
		<a id="5" s="H" t="H" l="H"/>
		<a id="6" s="H" t="H" l="H"/>
		<a id="7" s="C" t="C.3" l="C"/>
		<a id="8" s="H" t="H" l="H"/>
		<a id="9" s="H" t="H" l="H"/>
		<a id="10" s="C" t="C.ar" l="C"/>
		<a id="11" s="C" t="C.ar" l="C"/>
		<a id="12" s="H" t="H" l="H"/>
		<a id="13" s="C" t="C.ar" l="C"/>
		<a id="14" s="H" t="H" l="H"/>
		<a id="15" s="C" t="C.ar" l="C"/>
		<a id="16" s="H" t="H" l="H"/>
		<a id="17" s="C" t="C.ar" l="C"/>
		<a id="18" s="H" t="H" l="H"/>
		<a id="19" s="C" t="C.ar" l="C"/>
		<a id="20" s="O" t="O.3" l="O"/>
		<a id="21" s="C" t="C.3" l="C"/>
		<a id="22" s="H" t="H" l="H"/>
		<a id="23" s="H" t="H" l="H"/>
		<a id="24" s="H" t="H" l="H"/>
	</atoms>
	<bonds>
		<b id="1" c="21 20" t="1"/>
		<b id="2" c="20 19" t="1"/>
		<b id="3" c="19 17" t="ar"/>
		<b id="4" c="17 15" t="ar"/>
		<b id="5" c="15 13" t="ar"/>
		<b id="6" c="13 11" t="ar"/>
		<b id="7" c="11 10" t="ar"/>
		<b id="8" c="10 2" t="1"/>
		<b id="9" c="2 3" t="2"/>
		<b id="10" c="3 4" t="1"/>
		<b id="11" c="4 7" t="1"/>
		<b id="12" c="10 19" t="ar"/>
		<b id="13" c="7 3" t="1"/>
		<b id="14" c="21 22" t="1"/>
		<b id="15" c="21 23" t="1"/>
		<b id="16" c="21 24" t="1"/>
		<b id="17" c="17 18" t="1"/>
		<b id="18" c="15 16" t="1"/>
		<b id="19" c="13 14" t="1"/>
		<b id="20" c="11 12" t="1"/>
		<b id="21" c="2 1" t="1"/>
		<b id="22" c="4 5" t="1"/>
		<b id="23" c="4 6" t="1"/>
		<b id="24" c="7 8" t="1"/>
		<b id="25" c="7 9" t="1"/>
	</bonds>
	<geometry>
		<g u="A" t="cart/3d">#24,3:-1.4132,0.7806,1.3739;-1.2515,-0.0262,0.6638;-2.2936,-0.6870,0.2015;-3.6983,-0.8061,0.2512;-4.2739,-0.0219,-0.2204;-4.1224,-1.2474,1.1420;-2.7844,-1.6958,-0.6518;-2.6236,-2.7221,-0.3534;-2.7591,-1.4924,-1.7132;0.1487,-0.2589,0.2612;0.6037,-1.5586,-0.0184;-0.0732,-2.4064,0.0474;1.9327,-1.7933,-0.3721;2.2662,-2.8048,-0.5879;2.8283,-0.7323,-0.4404;3.8646,-0.9134,-0.7143;2.4001,0.5650,-0.1505;3.1346,1.3610,-0.2090;1.0675,0.8134,0.2051;0.5722,2.0591,0.5082;1.4601,3.1640,0.4095;2.2826,3.0745,1.1267;0.8974,4.0679,0.6620;1.8346,3.2812,-0.6128;</g>
	</geometry>
	<conformers/>
	<properties/>
</molecule>
