<?xml version="1.0" ?>
<!--MOLLI PACKAGE EXPERIMENTAL XML FORMAT-->
<molecule name="react_272">
	<atoms>
		<a id="1" s="H" t="H" l="H"/>
		<a id="2" s="C" t="C.2" l="C"/>
		<a id="3" s="C" t="C.2" l="C"/>
		<a id="4" s="C" t="C.3" l="C"/>
		<a id="5" s="H" t="H" l="H"/>
		<a id="6" s="H" t="H" l="H"/>
		<a id="7" s="C" t="C.3" l="C"/>
		<a id="8" s="H" t="H" l="H"/>
		<a id="9" s="H" t="H" l="H"/>
		<a id="10" s="C" t="C.ar" l="C"/>
		<a id="11" s="C" t="C.ar" l="C"/>
		<a id="12" s="H" t="H" l="H"/>
		<a id="13" s="C" t="C.ar" l="C"/>
		<a id="14" s="H" t="H" l="H"/>
		<a id="15" s="C" t="C.ar" l="C"/>
		<a id="16" s="O" t="O.3" l="O"/>
		<a id="17" s="C" t="C.3" l="C"/>
		<a id="18" s="H" t="H" l="H"/>
		<a id="19" s="H" t="H" l="H"/>
		<a id="20" s="H" t="H" l="H"/>
		<a id="21" s="C" t="C.ar" l="C"/>
		<a id="22" s="H" t="H" l="H"/>
		<a id="23" s="C" t="C.ar" l="C"/>
		<a id="24" s="H" t="H" l="H"/>
	</atoms>
	<bonds>
		<b id="1" c="17 16" t="1"/>
		<b id="2" c="16 15" t="1"/>
		<b id="3" c="15 13" t="ar"/>
		<b id="4" c="13 11" t="ar"/>
		<b id="5" c="11 10" t="ar"/>
		<b id="6" c="10 2" t="1"/>
		<b id="7" c="2 3" t="2"/>
		<b id="8" c="3 4" t="1"/>
		<b id="9" c="4 7" t="1"/>
		<b id="10" c="10 23" t="ar"/>
		<b id="11" c="23 21" t="ar"/>
		<b id="12" c="21 15" t="ar"/>
		<b id="13" c="7 3" t="1"/>
		<b id="14" c="17 18" t="1"/>
		<b id="15" c="17 19" t="1"/>
		<b id="16" c="17 20" t="1"/>
		<b id="17" c="13 14" t="1"/>
		<b id="18" c="11 12" t="1"/>
		<b id="19" c="2 1" t="1"/>
		<b id="20" c="4 5" t="1"/>
		<b id="21" c="4 6" t="1"/>
		<b id="22" c="7 8" t="1"/>
		<b id="23" c="7 9" t="1"/>
		<b id="24" c="23 24" t="1"/>
		<b id="25" c="21 22" t="1"/>
	</bonds>
	<geometry>
		<g u="A" t="cart/3d">#24,3:-2.3238,-0.9865,1.4263;-2.0123,-0.3679,0.5888;-2.9358,0.1104,-0.2203;-3.2410,0.8642,-1.3714;-3.1471,1.9388,-1.3019;-2.9966,0.4200,-2.3263;-4.3205,0.1653,-0.4841;-4.9218,0.7824,0.1687;-4.7861,-0.7342,-0.8619;-0.5659,-0.1600,0.4378;-0.0209,0.9849,-0.1523;-0.6619,1.7722,-0.5387;1.3656,1.1459,-0.2464;1.7709,2.0413,-0.7112;2.2332,0.1740,0.2537;3.5617,0.4560,0.0964;4.4851,-0.5096,0.5828;4.3912,-0.6345,1.6666;4.3678,-1.4659,0.0623;5.4944,-0.1404,0.3768;1.6999,-0.9636,0.8562;2.3315,-1.7452,1.2643;0.3111,-1.1248,0.9512;-0.0785,-2.0228,1.4262;</g>
	</geometry>
	<conformers/>
	<properties/>
</molecule>
