<?xml version="1.0" ?>
<!--MOLLI PACKAGE EXPERIMENTAL XML FORMAT-->
<molecule name="react_273">
	<atoms>
		<a id="1" s="H" t="H" l="H"/>
		<a id="2" s="C" t="C.2" l="C"/>
		<a id="3" s="C" t="C.2" l="C"/>
		<a id="4" s="C" t="C.3" l="C"/>
		<a id="5" s="H" t="H" l="H"/>
		<a id="6" s="H" t="H" l="H"/>
		<a id="7" s="C" t="C.3" l="C"/>
		<a id="8" s="H" t="H" l="H"/>
		<a id="9" s="H" t="H" l="H"/>
		<a id="10" s="C" t="C.ar" l="C"/>
		<a id="11" s="C" t="C.ar" l="C"/>
		<a id="12" s="H" t="H" l="H"/>
		<a id="13" s="C" t="C.ar" l="C"/>
		<a id="14" s="H" t="H" l="H"/>
		<a id="15" s="C" t="C.ar" l="C"/>
		<a id="16" s="O" t="O.3" l="O"/>
		<a id="17" s="C" t="C.3" l="C"/>
		<a id="18" s="H" t="H" l="H"/>
		<a id="19" s="H" t="H" l="H"/>
		<a id="20" s="H" t="H" l="H"/>
		<a id="21" s="C" t="C.ar" l="C"/>
		<a id="22" s="O" t="O.3" l="O"/>
		<a id="23" s="C" t="C.3" l="C"/>
		<a id="24" s="H" t="H" l="H"/>
		<a id="25" s="H" t="H" l="H"/>
		<a id="26" s="H" t="H" l="H"/>
		<a id="27" s="C" t="C.ar" l="C"/>
		<a id="28" s="H" t="H" l="H"/>
	</atoms>
	<bonds>
		<b id="1" c="17 16" t="1"/>
		<b id="2" c="16 15" t="1"/>
		<b id="3" c="15 13" t="ar"/>
		<b id="4" c="13 11" t="ar"/>
		<b id="5" c="11 10" t="ar"/>
		<b id="6" c="10 2" t="1"/>
		<b id="7" c="2 3" t="2"/>
		<b id="8" c="3 4" t="1"/>
		<b id="9" c="4 7" t="1"/>
		<b id="10" c="10 27" t="ar"/>
		<b id="11" c="27 21" t="ar"/>
		<b id="12" c="21 22" t="1"/>
		<b id="13" c="22 23" t="1"/>
		<b id="14" c="21 15" t="ar"/>
		<b id="15" c="7 3" t="1"/>
		<b id="16" c="17 18" t="1"/>
		<b id="17" c="17 19" t="1"/>
		<b id="18" c="17 20" t="1"/>
		<b id="19" c="13 14" t="1"/>
		<b id="20" c="11 12" t="1"/>
		<b id="21" c="2 1" t="1"/>
		<b id="22" c="4 5" t="1"/>
		<b id="23" c="4 6" t="1"/>
		<b id="24" c="7 8" t="1"/>
		<b id="25" c="7 9" t="1"/>
		<b id="26" c="27 28" t="1"/>
		<b id="27" c="23 24" t="1"/>
		<b id="28" c="23 25" t="1"/>
		<b id="29" c="23 26" t="1"/>
	</bonds>
	<geometry>
		<g u="A" t="cart/3d">#28,3:2.5139,-1.9592,0.6008;2.1887,-1.0107,0.1815;3.1003,-0.1334,-0.1865;3.3847,1.1242,-0.7557;3.1962,1.9999,-0.1507;3.2208,1.2289,-1.8192;4.4842,0.1249,-0.2714;5.0424,-0.4204,-1.0197;5.0020,0.3437,0.6520;0.7381,-0.8259,0.0372;-0.0636,-1.9532,-0.1682;0.3855,-2.9411,-0.2479;-1.4518,-1.8335,-0.2867;-2.0246,-2.7394,-0.4524;-2.0637,-0.5810,-0.1915;-3.4158,-0.3672,-0.2958;-4.2451,-1.4957,-0.5306;-4.1863,-2.2085,0.2985;-5.2794,-1.1437,-0.5924;-4.0002,-1.9751,-1.4841;-1.2697,0.5613,0.0303;-1.9451,1.7544,0.1230;-1.1766,2.9355,0.2985;-0.4890,3.0897,-0.5397;-0.6413,2.9193,1.2535;-1.8676,3.7838,0.3206;0.1209,0.4278,0.1493;0.7420,1.2946,0.3428;</g>
	</geometry>
	<conformers/>
	<properties/>
</molecule>
