<?xml version="1.0" ?>
<!--MOLLI PACKAGE EXPERIMENTAL XML FORMAT-->
<molecule name="react_179">
	<atoms>
		<a id="1" s="H" t="H" l="H"/>
		<a id="2" s="C" t="C.2" l="C"/>
		<a id="3" s="H" t="H" l="H"/>
		<a id="4" s="C" t="C.2" l="C"/>
		<a id="5" s="H" t="H" l="H"/>
		<a id="6" s="C" t="C.3" l="C"/>
		<a id="7" s="H" t="H" l="H"/>
		<a id="8" s="H" t="H" l="H"/>
		<a id="9" s="Br" t="Br" l="BR"/>
	</atoms>
	<bonds>
		<b id="1" c="2 4" t="2"/>
		<b id="2" c="4 6" t="1"/>
		<b id="3" c="6 9" t="1"/>
		<b id="4" c="2 1" t="1"/>
		<b id="5" c="2 3" t="1"/>
		<b id="6" c="4 5" t="1"/>
		<b id="7" c="6 7" t="1"/>
		<b id="8" c="6 8" t="1"/>
	</bonds>
	<geometry>
		<g u="A" t="cart/3d">#9,3:2.2427,0.6103,0.5866;1.3930,0.3635,-0.0432;1.5222,0.4595,-1.1169;0.2333,-0.0337,0.4979;0.1620,-0.1150,1.5809;-0.9813,-0.3979,-0.2882;-1.3243,-1.4061,-0.0432;-0.8388,-0.3100,-1.3685;-2.4089,0.8294,0.1947;</g>
	</geometry>
	<conformers/>
	<properties/>
</molecule>
