<?xml version="1.0" ?>
<!--MOLLI PACKAGE EXPERIMENTAL XML FORMAT-->
<molecule name="react_274">
	<atoms>
		<a id="1" s="H" t="H" l="H"/>
		<a id="2" s="C" t="C.2" l="C"/>
		<a id="3" s="C" t="C.2" l="C"/>
		<a id="4" s="C" t="C.3" l="C"/>
		<a id="5" s="H" t="H" l="H"/>
		<a id="6" s="H" t="H" l="H"/>
		<a id="7" s="C" t="C.3" l="C"/>
		<a id="8" s="H" t="H" l="H"/>
		<a id="9" s="H" t="H" l="H"/>
		<a id="10" s="C" t="C.ar" l="C"/>
		<a id="11" s="C" t="C.ar" l="C"/>
		<a id="12" s="H" t="H" l="H"/>
		<a id="13" s="C" t="C.ar" l="C"/>
		<a id="14" s="H" t="H" l="H"/>
		<a id="15" s="C" t="C.ar" l="C"/>
		<a id="16" s="H" t="H" l="H"/>
		<a id="17" s="C" t="C.ar" l="C"/>
		<a id="18" s="H" t="H" l="H"/>
		<a id="19" s="C" t="C.ar" l="C"/>
		<a id="20" s="H" t="H" l="H"/>
	</atoms>
	<bonds>
		<b id="1" c="2 3" t="2"/>
		<b id="2" c="3 4" t="1"/>
		<b id="3" c="4 7" t="1"/>
		<b id="4" c="2 10" t="1"/>
		<b id="5" c="10 11" t="ar"/>
		<b id="6" c="11 13" t="ar"/>
		<b id="7" c="13 15" t="ar"/>
		<b id="8" c="15 17" t="ar"/>
		<b id="9" c="17 19" t="ar"/>
		<b id="10" c="7 3" t="1"/>
		<b id="11" c="19 10" t="ar"/>
		<b id="12" c="2 1" t="1"/>
		<b id="13" c="4 5" t="1"/>
		<b id="14" c="4 6" t="1"/>
		<b id="15" c="7 8" t="1"/>
		<b id="16" c="7 9" t="1"/>
		<b id="17" c="11 12" t="1"/>
		<b id="18" c="13 14" t="1"/>
		<b id="19" c="15 16" t="1"/>
		<b id="20" c="17 18" t="1"/>
		<b id="21" c="19 20" t="1"/>
	</bonds>
	<geometry>
		<g u="A" t="cart/3d">#20,3:0.9503,-1.4083,1.2873;0.8682,-0.6929,0.4734;1.9686,-0.3007,-0.1360;2.5590,0.4785,-1.1513;2.6006,1.5476,-0.9972;2.4181,0.1434,-2.1694;3.3725,-0.4331,-0.1775;3.9349,0.0406,0.6149;3.7682,-1.3631,-0.5610;-0.4929,-0.2642,0.1226;-0.7736,0.9900,-0.4353;0.0255,1.6964,-0.6419;-2.0886,1.3642,-0.7265;-2.2897,2.3396,-1.1618;-3.1400,0.4921,-0.4546;-4.1621,0.7838,-0.6808;-2.8781,-0.7522,0.1129;-3.6959,-1.4340,0.3305;-1.5631,-1.1254,0.4042;-1.3818,-2.1023,0.8469;</g>
	</geometry>
	<conformers/>
	<properties/>
</molecule>
