<?xml version="1.0" ?>
<!--MOLLI PACKAGE EXPERIMENTAL XML FORMAT-->
<molecule name="react_276">
	<atoms>
		<a id="1" s="H" t="H" l="H"/>
		<a id="2" s="C" t="C.2" l="C"/>
		<a id="3" s="C" t="C.2" l="C"/>
		<a id="4" s="C" t="C.3" l="C"/>
		<a id="5" s="H" t="H" l="H"/>
		<a id="6" s="H" t="H" l="H"/>
		<a id="7" s="C" t="C.3" l="C"/>
		<a id="8" s="H" t="H" l="H"/>
		<a id="9" s="H" t="H" l="H"/>
		<a id="10" s="C" t="C.ar" l="C"/>
		<a id="11" s="C" t="C.ar" l="C"/>
		<a id="12" s="H" t="H" l="H"/>
		<a id="13" s="C" t="C.ar" l="C"/>
		<a id="14" s="H" t="H" l="H"/>
		<a id="15" s="C" t="C.ar" l="C"/>
		<a id="16" s="C" t="C.ar" l="C"/>
		<a id="17" s="C" t="C.ar" l="C"/>
		<a id="18" s="H" t="H" l="H"/>
		<a id="19" s="O" t="O.3" l="O"/>
		<a id="20" s="C" t="C.3" l="C"/>
		<a id="21" s="H" t="H" l="H"/>
		<a id="22" s="H" t="H" l="H"/>
		<a id="23" s="O" t="O.3" l="O"/>
	</atoms>
	<bonds>
		<b id="1" c="2 3" t="2"/>
		<b id="2" c="3 4" t="1"/>
		<b id="3" c="4 7" t="1"/>
		<b id="4" c="2 10" t="1"/>
		<b id="5" c="10 11" t="ar"/>
		<b id="6" c="11 13" t="ar"/>
		<b id="7" c="13 15" t="ar"/>
		<b id="8" c="15 16" t="ar"/>
		<b id="9" c="16 17" t="ar"/>
		<b id="10" c="16 19" t="1"/>
		<b id="11" c="19 20" t="1"/>
		<b id="12" c="20 23" t="1"/>
		<b id="13" c="7 3" t="1"/>
		<b id="14" c="17 10" t="ar"/>
		<b id="15" c="23 15" t="1"/>
		<b id="16" c="2 1" t="1"/>
		<b id="17" c="4 5" t="1"/>
		<b id="18" c="4 6" t="1"/>
		<b id="19" c="7 8" t="1"/>
		<b id="20" c="7 9" t="1"/>
		<b id="21" c="11 12" t="1"/>
		<b id="22" c="13 14" t="1"/>
		<b id="23" c="17 18" t="1"/>
		<b id="24" c="20 21" t="1"/>
		<b id="25" c="20 22" t="1"/>
	</bonds>
	<geometry>
		<g u="A" t="cart/3d">#23,3:-1.9235,-1.7580,1.2907;-1.6562,-0.8993,0.6805;-2.6201,-0.2151,0.0983;-4.0150,-0.1210,-0.0892;-4.6042,0.2130,0.7534;-4.4748,-0.8515,-0.7401;-2.9878,0.8781,-0.7117;-2.9016,1.8630,-0.2743;-2.7867,0.8026,-1.7711;-0.2237,-0.5790,0.6001;0.6157,-0.9870,1.6632;0.1940,-1.4997,2.5258;1.9929,-0.7366,1.6406;2.6341,-1.0441,2.4585;2.5056,-0.0868,0.5412;1.7038,0.3037,-0.5039;0.3434,0.0695,-0.5078;-0.2516,0.3786,-1.3590;2.4055,0.9203,-1.4931;3.7397,0.8770,-0.9462;4.1124,1.9034,-0.8494;4.3868,0.3328,-1.6437;3.8112,0.2365,0.3445;</g>
	</geometry>
	<conformers/>
	<properties/>
</molecule>
