<?xml version="1.0" ?>
<!--MOLLI PACKAGE EXPERIMENTAL XML FORMAT-->
<molecule name="react_277">
	<atoms>
		<a id="1" s="H" t="H" l="H"/>
		<a id="2" s="C" t="C.2" l="C"/>
		<a id="3" s="C" t="C.2" l="C"/>
		<a id="4" s="C" t="C.2" l="C"/>
		<a id="5" s="O" t="O.2" l="O"/>
		<a id="6" s="O" t="O.3" l="O"/>
		<a id="7" s="C" t="C.3" l="C"/>
		<a id="8" s="H" t="H" l="H"/>
		<a id="9" s="H" t="H" l="H"/>
		<a id="10" s="C" t="C.ar" l="C"/>
		<a id="11" s="C" t="C.ar" l="C"/>
		<a id="12" s="H" t="H" l="H"/>
		<a id="13" s="C" t="C.ar" l="C"/>
		<a id="14" s="H" t="H" l="H"/>
		<a id="15" s="C" t="C.ar" l="C"/>
		<a id="16" s="H" t="H" l="H"/>
		<a id="17" s="C" t="C.ar" l="C"/>
		<a id="18" s="H" t="H" l="H"/>
		<a id="19" s="C" t="C.ar" l="C"/>
		<a id="20" s="C" t="C.3" l="C"/>
		<a id="21" s="H" t="H" l="H"/>
		<a id="22" s="H" t="H" l="H"/>
		<a id="23" s="H" t="H" l="H"/>
	</atoms>
	<bonds>
		<b id="1" c="20 2" t="1"/>
		<b id="2" c="2 3" t="2"/>
		<b id="3" c="3 4" t="1"/>
		<b id="4" c="4 5" t="2"/>
		<b id="5" c="4 6" t="1"/>
		<b id="6" c="6 7" t="1"/>
		<b id="7" c="7 10" t="1"/>
		<b id="8" c="10 11" t="ar"/>
		<b id="9" c="11 13" t="ar"/>
		<b id="10" c="13 15" t="ar"/>
		<b id="11" c="15 17" t="ar"/>
		<b id="12" c="17 19" t="ar"/>
		<b id="13" c="19 3" t="1"/>
		<b id="14" c="19 10" t="ar"/>
		<b id="15" c="20 21" t="1"/>
		<b id="16" c="20 22" t="1"/>
		<b id="17" c="20 23" t="1"/>
		<b id="18" c="2 1" t="1"/>
		<b id="19" c="7 8" t="1"/>
		<b id="20" c="7 9" t="1"/>
		<b id="21" c="11 12" t="1"/>
		<b id="22" c="13 14" t="1"/>
		<b id="23" c="15 16" t="1"/>
		<b id="24" c="17 18" t="1"/>
	</bonds>
	<geometry>
		<g u="A" t="cart/3d">#23,3:2.2170,-2.4367,-0.1795;1.8653,-1.4101,-0.0573;0.5663,-1.1476,-0.3152;-0.2812,-2.3346,-0.6605;0.1688,-3.3492,-1.1798;-1.6009,-2.2152,-0.3605;-2.0479,-1.1731,0.5248;-1.8168,-1.4581,1.5575;-3.1371,-1.1241,0.4223;-1.4332,0.1502,0.1842;-2.1503,1.3477,0.2986;-3.1838,1.3445,0.6374;-1.5451,2.5567,-0.0393;-2.1036,3.4863,0.0391;-0.2291,2.5717,-0.4959;0.2361,3.5119,-0.7819;0.4913,1.3793,-0.5968;1.5054,1.4140,-0.9863;-0.0941,0.1641,-0.2238;2.9271,-0.4871,0.4483;3.5375,-1.0109,1.1918;3.5833,-0.1795,-0.3710;2.5252,0.3997,0.9438;</g>
	</geometry>
	<conformers/>
	<properties/>
</molecule>
