<?xml version="1.0" ?>
<!--MOLLI PACKAGE EXPERIMENTAL XML FORMAT-->
<molecule name="react_278">
	<atoms>
		<a id="1" s="H" t="H" l="H"/>
		<a id="2" s="C" t="C.2" l="C"/>
		<a id="3" s="C" t="C.2" l="C"/>
		<a id="4" s="C" t="C.2" l="C"/>
		<a id="5" s="O" t="O.2" l="O"/>
		<a id="6" s="O" t="O.3" l="O"/>
		<a id="7" s="C" t="C.3" l="C"/>
		<a id="8" s="H" t="H" l="H"/>
		<a id="9" s="H" t="H" l="H"/>
		<a id="10" s="C" t="C.ar" l="C"/>
		<a id="11" s="C" t="C.ar" l="C"/>
		<a id="12" s="H" t="H" l="H"/>
		<a id="13" s="C" t="C.ar" l="C"/>
		<a id="14" s="H" t="H" l="H"/>
		<a id="15" s="C" t="C.ar" l="C"/>
		<a id="16" s="H" t="H" l="H"/>
		<a id="17" s="C" t="C.ar" l="C"/>
		<a id="18" s="H" t="H" l="H"/>
		<a id="19" s="C" t="C.ar" l="C"/>
		<a id="20" s="C" t="C.3" l="C"/>
		<a id="21" s="H" t="H" l="H"/>
		<a id="22" s="H" t="H" l="H"/>
		<a id="23" s="H" t="H" l="H"/>
	</atoms>
	<bonds>
		<b id="1" c="20 2" t="1"/>
		<b id="2" c="2 3" t="2"/>
		<b id="3" c="3 4" t="1"/>
		<b id="4" c="4 5" t="2"/>
		<b id="5" c="4 6" t="1"/>
		<b id="6" c="6 7" t="1"/>
		<b id="7" c="7 10" t="1"/>
		<b id="8" c="10 11" t="ar"/>
		<b id="9" c="11 13" t="ar"/>
		<b id="10" c="13 15" t="ar"/>
		<b id="11" c="15 17" t="ar"/>
		<b id="12" c="17 19" t="ar"/>
		<b id="13" c="19 3" t="1"/>
		<b id="14" c="19 10" t="ar"/>
		<b id="15" c="20 21" t="1"/>
		<b id="16" c="20 22" t="1"/>
		<b id="17" c="20 23" t="1"/>
		<b id="18" c="2 1" t="1"/>
		<b id="19" c="7 8" t="1"/>
		<b id="20" c="7 9" t="1"/>
		<b id="21" c="11 12" t="1"/>
		<b id="22" c="13 14" t="1"/>
		<b id="23" c="15 16" t="1"/>
		<b id="24" c="17 18" t="1"/>
	</bonds>
	<geometry>
		<g u="A" t="cart/3d">#23,3:1.6609,-1.8692,-0.3123;1.9663,-0.8316,-0.1933;1.0353,0.1019,0.0974;1.4046,1.5430,0.2585;2.4999,1.9159,0.6601;0.4229,2.4349,-0.0341;-0.7820,2.0129,-0.6951;-1.5131,2.8151,-0.5488;-0.5851,1.9257,-1.7696;-1.3116,0.7240,-0.1443;-2.6865,0.4712,-0.0572;-3.4085,1.2239,-0.3660;-3.1414,-0.7507,0.4355;-4.2088,-0.9441,0.5114;-2.2278,-1.7224,0.8379;-2.5827,-2.6709,1.2337;-0.8562,-1.4783,0.7391;-0.1644,-2.2452,1.0783;-0.3890,-0.2593,0.2303;3.4300,-0.6240,-0.4348;3.7723,-1.3284,-1.2008;3.9965,-0.8197,0.4801;3.6686,0.3754,-0.8059;</g>
	</geometry>
	<conformers/>
	<properties/>
</molecule>
