<?xml version="1.0" ?>
<!--MOLLI PACKAGE EXPERIMENTAL XML FORMAT-->
<molecule name="react_282">
	<atoms>
		<a id="1" s="H" t="H" l="H"/>
		<a id="2" s="C" t="C.2" l="C"/>
		<a id="3" s="C" t="C.2" l="C"/>
		<a id="4" s="C" t="C.2" l="C"/>
		<a id="5" s="O" t="O.2" l="O"/>
		<a id="6" s="O" t="O.3" l="O"/>
		<a id="7" s="C" t="C.3" l="C"/>
		<a id="8" s="H" t="H" l="H"/>
		<a id="9" s="H" t="H" l="H"/>
		<a id="10" s="C" t="C.ar" l="C"/>
		<a id="11" s="C" t="C.ar" l="C"/>
		<a id="12" s="H" t="H" l="H"/>
		<a id="13" s="C" t="C.ar" l="C"/>
		<a id="14" s="H" t="H" l="H"/>
		<a id="15" s="C" t="C.ar" l="C"/>
		<a id="16" s="H" t="H" l="H"/>
		<a id="17" s="C" t="C.ar" l="C"/>
		<a id="18" s="H" t="H" l="H"/>
		<a id="19" s="C" t="C.ar" l="C"/>
		<a id="20" s="H" t="H" l="H"/>
		<a id="21" s="C" t="C.3" l="C"/>
		<a id="22" s="F" t="F" l="F"/>
		<a id="23" s="F" t="F" l="F"/>
		<a id="24" s="F" t="F" l="F"/>
		<a id="25" s="C" t="C.3" l="C"/>
		<a id="26" s="H" t="H" l="H"/>
		<a id="27" s="H" t="H" l="H"/>
		<a id="28" s="H" t="H" l="H"/>
	</atoms>
	<bonds>
		<b id="1" c="25 2" t="1"/>
		<b id="2" c="2 3" t="2"/>
		<b id="3" c="3 4" t="1"/>
		<b id="4" c="4 5" t="2"/>
		<b id="5" c="4 6" t="1"/>
		<b id="6" c="6 7" t="1"/>
		<b id="7" c="7 10" t="1"/>
		<b id="8" c="10 11" t="ar"/>
		<b id="9" c="11 13" t="ar"/>
		<b id="10" c="13 15" t="ar"/>
		<b id="11" c="15 17" t="ar"/>
		<b id="12" c="17 19" t="ar"/>
		<b id="13" c="3 21" t="1"/>
		<b id="14" c="21 22" t="1"/>
		<b id="15" c="21 23" t="1"/>
		<b id="16" c="21 24" t="1"/>
		<b id="17" c="19 10" t="ar"/>
		<b id="18" c="25 26" t="1"/>
		<b id="19" c="25 27" t="1"/>
		<b id="20" c="25 28" t="1"/>
		<b id="21" c="2 1" t="1"/>
		<b id="22" c="7 8" t="1"/>
		<b id="23" c="7 9" t="1"/>
		<b id="24" c="11 12" t="1"/>
		<b id="25" c="13 14" t="1"/>
		<b id="26" c="15 16" t="1"/>
		<b id="27" c="17 18" t="1"/>
		<b id="28" c="19 20" t="1"/>
	</bonds>
	<geometry>
		<g u="A" t="cart/3d">#28,3:-2.2050,-1.9687,-0.1107;-2.7530,-1.0303,-0.1950;-2.2906,0.0670,0.4451;-1.0628,-0.0012,1.2704;-0.8357,0.7501,2.2051;-0.2391,-0.9852,0.8307;1.0215,-1.0925,1.5042;0.9834,-0.7290,2.5385;1.2684,-2.1586,1.5701;2.0750,-0.3746,0.7026;2.4072,0.9549,0.9976;1.9139,1.4757,1.8169;3.3665,1.6290,0.2406;3.6173,2.6598,0.4777;3.9972,0.9839,-0.8215;4.7428,1.5107,-1.4112;3.6660,-0.3340,-1.1313;4.1527,-0.8341,-1.9645;2.7060,-1.0097,-0.3761;2.4499,-2.0342,-0.6362;-2.8532,1.4464,0.4588;-3.7894,1.6429,-0.5106;-3.4672,1.7424,1.6329;-1.9108,2.4009,0.2404;-3.9971,-1.1404,-1.0181;-4.4995,-2.0863,-0.7895;-4.7189,-0.3459,-0.8197;-3.7453,-1.1391,-2.0826;</g>
	</geometry>
	<conformers/>
	<properties/>
</molecule>
