<?xml version="1.0" ?>
<!--MOLLI PACKAGE EXPERIMENTAL XML FORMAT-->
<molecule name="react_284">
	<atoms>
		<a id="1" s="H" t="H" l="H"/>
		<a id="2" s="C" t="C.2" l="C"/>
		<a id="3" s="C" t="C.2" l="C"/>
		<a id="4" s="C" t="C.3" l="C"/>
		<a id="5" s="H" t="H" l="H"/>
		<a id="6" s="H" t="H" l="H"/>
		<a id="7" s="H" t="H" l="H"/>
		<a id="8" s="C" t="C.3" l="C"/>
		<a id="9" s="H" t="H" l="H"/>
		<a id="10" s="H" t="H" l="H"/>
		<a id="11" s="H" t="H" l="H"/>
		<a id="12" s="C" t="C.3" l="C"/>
		<a id="13" s="H" t="H" l="H"/>
		<a id="14" s="H" t="H" l="H"/>
		<a id="15" s="O" t="O.3" l="O"/>
		<a id="16" s="C" t="C.2" l="C"/>
		<a id="17" s="O" t="O.2" l="O"/>
		<a id="18" s="C" t="C.ar" l="C"/>
		<a id="19" s="C" t="C.ar" l="C"/>
		<a id="20" s="H" t="H" l="H"/>
		<a id="21" s="C" t="C.ar" l="C"/>
		<a id="22" s="H" t="H" l="H"/>
		<a id="23" s="C" t="C.ar" l="C"/>
		<a id="24" s="N" t="N.pl3" l="N"/>
		<a id="25" s="O" t="O.2" l="O"/>
		<a id="26" s="O" t="O.co2" l="O"/>
		<a id="27" s="C" t="C.ar" l="C"/>
		<a id="28" s="H" t="H" l="H"/>
		<a id="29" s="C" t="C.ar" l="C"/>
		<a id="30" s="H" t="H" l="H"/>
	</atoms>
	<bonds>
		<b id="1" c="4 3" t="1"/>
		<b id="2" c="3 8" t="1"/>
		<b id="3" c="3 2" t="2"/>
		<b id="4" c="2 12" t="1"/>
		<b id="5" c="12 15" t="1"/>
		<b id="6" c="15 16" t="1"/>
		<b id="7" c="16 17" t="2"/>
		<b id="8" c="16 18" t="1"/>
		<b id="9" c="18 19" t="ar"/>
		<b id="10" c="19 21" t="ar"/>
		<b id="11" c="21 23" t="ar"/>
		<b id="12" c="23 24" t="1"/>
		<b id="13" c="24 25" t="2"/>
		<b id="14" c="24 26" t="1"/>
		<b id="15" c="23 27" t="ar"/>
		<b id="16" c="27 29" t="ar"/>
		<b id="17" c="29 18" t="ar"/>
		<b id="18" c="4 5" t="1"/>
		<b id="19" c="4 6" t="1"/>
		<b id="20" c="4 7" t="1"/>
		<b id="21" c="8 9" t="1"/>
		<b id="22" c="8 10" t="1"/>
		<b id="23" c="8 11" t="1"/>
		<b id="24" c="2 1" t="1"/>
		<b id="25" c="12 13" t="1"/>
		<b id="26" c="12 14" t="1"/>
		<b id="27" c="19 20" t="1"/>
		<b id="28" c="21 22" t="1"/>
		<b id="29" c="27 28" t="1"/>
		<b id="30" c="29 30" t="1"/>
	</bonds>
	<geometry>
		<g u="A" t="cart/3d">#30,3:-2.5910,-1.4403,0.5036;-2.6998,-0.3565,0.5337;-3.7640,0.1932,-0.0849;-4.0773,1.6629,-0.1431;-5.0594,1.8548,0.3022;-3.3544,2.2866,0.3858;-4.1001,2.0005,-1.1846;-4.7655,-0.6770,-0.8006;-4.8150,-0.4047,-1.8600;-5.7602,-0.5499,-0.3611;-4.5102,-1.7403,-0.7428;-1.6016,0.3255,1.2938;-1.6071,-0.0419,2.3267;-1.6996,1.4136,1.2996;-0.3689,-0.0385,0.6625;0.7277,0.4880,1.2562;0.7361,1.1994,2.2477;1.9623,0.0767,0.5316;1.9266,-0.7130,-0.6282;0.9796,-1.0546,-1.0421;3.1144,-1.0733,-1.2752;3.0623,-1.6861,-2.1735;4.3437,-0.6408,-0.7592;5.5915,-1.0178,-1.4365;5.5044,-1.7182,-2.4549;6.6564,-0.6134,-0.9491;4.3913,0.1486,0.3972;5.3377,0.4930,0.8103;3.1997,0.5044,1.0379;3.2402,1.1190,1.9369;</g>
	</geometry>
	<conformers/>
	<properties/>
</molecule>
