<?xml version="1.0" ?>
<!--MOLLI PACKAGE EXPERIMENTAL XML FORMAT-->
<molecule name="react_288">
	<atoms>
		<a id="1" s="H" t="H" l="H"/>
		<a id="2" s="C" t="C.2" l="C"/>
		<a id="3" s="C" t="C.2" l="C"/>
		<a id="4" s="C" t="C.3" l="C"/>
		<a id="5" s="H" t="H" l="H"/>
		<a id="6" s="H" t="H" l="H"/>
		<a id="7" s="C" t="C.3" l="C"/>
		<a id="8" s="H" t="H" l="H"/>
		<a id="9" s="H" t="H" l="H"/>
		<a id="10" s="C" t="C.3" l="C"/>
		<a id="11" s="H" t="H" l="H"/>
		<a id="12" s="H" t="H" l="H"/>
		<a id="13" s="C" t="C.3" l="C"/>
		<a id="14" s="H" t="H" l="H"/>
		<a id="15" s="H" t="H" l="H"/>
		<a id="16" s="C" t="C.ar" l="C"/>
		<a id="17" s="C" t="C.ar" l="C"/>
		<a id="18" s="H" t="H" l="H"/>
		<a id="19" s="C" t="C.ar" l="C"/>
		<a id="20" s="H" t="H" l="H"/>
		<a id="21" s="C" t="C.ar" l="C"/>
		<a id="22" s="H" t="H" l="H"/>
		<a id="23" s="C" t="C.ar" l="C"/>
		<a id="24" s="H" t="H" l="H"/>
		<a id="25" s="C" t="C.ar" l="C"/>
		<a id="26" s="H" t="H" l="H"/>
	</atoms>
	<bonds>
		<b id="1" c="2 10" t="1"/>
		<b id="2" c="10 13" t="1"/>
		<b id="3" c="13 16" t="1"/>
		<b id="4" c="16 17" t="ar"/>
		<b id="5" c="17 19" t="ar"/>
		<b id="6" c="19 21" t="ar"/>
		<b id="7" c="21 23" t="ar"/>
		<b id="8" c="23 25" t="ar"/>
		<b id="9" c="2 3" t="2"/>
		<b id="10" c="3 4" t="1"/>
		<b id="11" c="4 7" t="1"/>
		<b id="12" c="25 16" t="ar"/>
		<b id="13" c="7 3" t="1"/>
		<b id="14" c="2 1" t="1"/>
		<b id="15" c="10 11" t="1"/>
		<b id="16" c="10 12" t="1"/>
		<b id="17" c="13 14" t="1"/>
		<b id="18" c="13 15" t="1"/>
		<b id="19" c="17 18" t="1"/>
		<b id="20" c="19 20" t="1"/>
		<b id="21" c="21 22" t="1"/>
		<b id="22" c="23 24" t="1"/>
		<b id="23" c="25 26" t="1"/>
		<b id="24" c="4 5" t="1"/>
		<b id="25" c="4 6" t="1"/>
		<b id="26" c="7 8" t="1"/>
		<b id="27" c="7 9" t="1"/>
	</bonds>
	<geometry>
		<g u="A" t="cart/3d">#26,3:2.2564,0.4903,2.0381;2.1344,0.1877,1.0014;3.1578,0.2944,0.1809;3.6380,0.1043,-1.1289;3.8180,-0.9139,-1.4444;3.2854,0.7890,-1.8874;4.5047,0.6801,0.0420;4.7177,1.7399,0.0450;5.2507,0.0369,0.4876;0.7910,-0.3461,0.5955;0.8210,-0.7271,-0.4334;0.5525,-1.2046,1.2358;-0.2973,0.7237,0.7234;-0.3400,1.1049,1.7522;-0.0552,1.5906,0.0944;-1.6539,0.1894,0.3340;-2.0863,0.2529,-0.9974;-1.4524,0.7006,-1.7595;-3.3334,-0.2576,-1.3607;-3.6618,-0.2022,-2.3952;-4.1569,-0.8395,-0.3987;-5.1276,-1.2370,-0.6824;-3.7335,-0.9131,0.9271;-4.3742,-1.3690,1.6772;-2.4867,-0.4032,1.2925;-2.1684,-0.4712,2.3302;</g>
	</geometry>
	<conformers/>
	<properties/>
</molecule>
