<?xml version="1.0" ?>
<!--MOLLI PACKAGE EXPERIMENTAL XML FORMAT-->
<molecule name="react_291">
	<atoms>
		<a id="1" s="H" t="H" l="H"/>
		<a id="2" s="C" t="C.2" l="C"/>
		<a id="3" s="C" t="C.2" l="C"/>
		<a id="4" s="C" t="C.2" l="C"/>
		<a id="5" s="O" t="O.2" l="O"/>
		<a id="6" s="O" t="O.3" l="O"/>
		<a id="7" s="C" t="C.3" l="C"/>
		<a id="8" s="C" t="C.3" l="C"/>
		<a id="9" s="H" t="H" l="H"/>
		<a id="10" s="H" t="H" l="H"/>
		<a id="11" s="H" t="H" l="H"/>
		<a id="12" s="C" t="C.3" l="C"/>
		<a id="13" s="H" t="H" l="H"/>
		<a id="14" s="H" t="H" l="H"/>
		<a id="15" s="H" t="H" l="H"/>
		<a id="16" s="C" t="C.3" l="C"/>
		<a id="17" s="H" t="H" l="H"/>
		<a id="18" s="H" t="H" l="H"/>
		<a id="19" s="H" t="H" l="H"/>
		<a id="20" s="C" t="C.3" l="C"/>
		<a id="21" s="H" t="H" l="H"/>
		<a id="22" s="H" t="H" l="H"/>
		<a id="23" s="H" t="H" l="H"/>
		<a id="24" s="C" t="C.3" l="C"/>
		<a id="25" s="H" t="H" l="H"/>
		<a id="26" s="H" t="H" l="H"/>
		<a id="27" s="H" t="H" l="H"/>
	</atoms>
	<bonds>
		<b id="1" c="24 2" t="1"/>
		<b id="2" c="2 3" t="2"/>
		<b id="3" c="3 20" t="1"/>
		<b id="4" c="3 4" t="1"/>
		<b id="5" c="4 5" t="2"/>
		<b id="6" c="4 6" t="1"/>
		<b id="7" c="6 7" t="1"/>
		<b id="8" c="7 8" t="1"/>
		<b id="9" c="7 12" t="1"/>
		<b id="10" c="7 16" t="1"/>
		<b id="11" c="24 25" t="1"/>
		<b id="12" c="24 26" t="1"/>
		<b id="13" c="24 27" t="1"/>
		<b id="14" c="2 1" t="1"/>
		<b id="15" c="20 21" t="1"/>
		<b id="16" c="20 22" t="1"/>
		<b id="17" c="20 23" t="1"/>
		<b id="18" c="8 9" t="1"/>
		<b id="19" c="8 10" t="1"/>
		<b id="20" c="8 11" t="1"/>
		<b id="21" c="12 13" t="1"/>
		<b id="22" c="12 14" t="1"/>
		<b id="23" c="12 15" t="1"/>
		<b id="24" c="16 17" t="1"/>
		<b id="25" c="16 18" t="1"/>
		<b id="26" c="16 19" t="1"/>
	</bonds>
	<geometry>
		<g u="A" t="cart/3d">#27,3:3.6987,-0.1369,-0.5113;2.6603,-0.3071,-0.2303;1.9603,0.7286,0.2738;0.5297,0.6444,0.6774;0.0956,1.1625,1.6934;-0.1818,0.0035,-0.2793;-1.6146,-0.1699,-0.1442;-2.3395,1.1802,-0.1391;-3.4252,1.0498,-0.2016;-2.0137,1.7995,-0.9824;-2.1304,1.7529,0.7695;-1.9602,-1.0104,1.0899;-1.3683,-1.9324,1.1106;-1.7434,-0.4779,2.0208;-3.0223,-1.2779,1.1052;-2.0327,-0.9483,-1.4008;-1.7678,-0.3938,-2.3087;-3.1096,-1.1460,-1.4180;-1.5034,-1.9067,-1.4593;2.5732,2.0791,0.4977;2.0035,2.8496,-0.0326;3.6061,2.1262,0.1367;2.5836,2.3260,1.5645;2.2009,-1.7183,-0.4206;1.3042,-1.9611,0.1548;2.9871,-2.4035,-0.0862;2.0096,-1.9123,-1.4800;</g>
	</geometry>
	<conformers/>
	<properties/>
</molecule>
