<?xml version="1.0" ?>
<!--MOLLI PACKAGE EXPERIMENTAL XML FORMAT-->
<molecule name="react_293">
	<atoms>
		<a id="1" s="H" t="H" l="H"/>
		<a id="2" s="C" t="C.ar" l="C"/>
		<a id="3" s="C" t="C.ar" l="C"/>
		<a id="4" s="H" t="H" l="H"/>
		<a id="5" s="C" t="C.ar" l="C"/>
		<a id="6" s="H" t="H" l="H"/>
		<a id="7" s="C" t="C.ar" l="C"/>
		<a id="8" s="C" t="C.2" l="C"/>
		<a id="9" s="C" t="C.2" l="C"/>
		<a id="10" s="C" t="C.3" l="C"/>
		<a id="11" s="H" t="H" l="H"/>
		<a id="12" s="H" t="H" l="H"/>
		<a id="13" s="H" t="H" l="H"/>
		<a id="14" s="C" t="C.3" l="C"/>
		<a id="15" s="H" t="H" l="H"/>
		<a id="16" s="H" t="H" l="H"/>
		<a id="17" s="H" t="H" l="H"/>
		<a id="18" s="C" t="C.3" l="C"/>
		<a id="19" s="H" t="H" l="H"/>
		<a id="20" s="H" t="H" l="H"/>
		<a id="21" s="H" t="H" l="H"/>
		<a id="22" s="C" t="C.ar" l="C"/>
		<a id="23" s="H" t="H" l="H"/>
		<a id="24" s="C" t="C.ar" l="C"/>
		<a id="25" s="H" t="H" l="H"/>
	</atoms>
	<bonds>
		<b id="1" c="10 9" t="1"/>
		<b id="2" c="9 14" t="1"/>
		<b id="3" c="9 8" t="2"/>
		<b id="4" c="8 18" t="1"/>
		<b id="5" c="8 7" t="1"/>
		<b id="6" c="7 5" t="ar"/>
		<b id="7" c="5 3" t="ar"/>
		<b id="8" c="3 2" t="ar"/>
		<b id="9" c="2 24" t="ar"/>
		<b id="10" c="24 22" t="ar"/>
		<b id="11" c="22 7" t="ar"/>
		<b id="12" c="10 11" t="1"/>
		<b id="13" c="10 12" t="1"/>
		<b id="14" c="10 13" t="1"/>
		<b id="15" c="14 15" t="1"/>
		<b id="16" c="14 16" t="1"/>
		<b id="17" c="14 17" t="1"/>
		<b id="18" c="18 19" t="1"/>
		<b id="19" c="18 20" t="1"/>
		<b id="20" c="18 21" t="1"/>
		<b id="21" c="5 6" t="1"/>
		<b id="22" c="3 4" t="1"/>
		<b id="23" c="2 1" t="1"/>
		<b id="24" c="24 25" t="1"/>
		<b id="25" c="22 23" t="1"/>
	</bonds>
	<geometry>
		<g u="A" t="cart/3d">#25,3:4.2304,-0.8312,1.4678;3.2620,-0.5688,1.0496;2.7275,-1.3213,0.0041;3.2781,-2.1700,-0.3925;1.4835,-0.9856,-0.5331;1.0717,-1.5783,-1.3461;0.7685,0.1064,-0.0260;-0.5464,0.4647,-0.5916;-1.6933,-0.0828,-0.1227;-3.0627,0.2835,-0.6417;-3.0641,1.1594,-1.2943;-3.4908,-0.5571,-1.1974;-3.7313,0.5198,0.1936;-1.7564,-1.1102,0.9854;-2.3326,-0.7159,1.8294;-2.2522,-2.0176,0.6238;-0.7797,-1.4095,1.3729;-0.4519,1.4616,-1.7181;0.4668,1.3212,-2.2997;-1.2745,1.3648,-2.4321;-0.4497,2.4823,-1.3218;1.3101,0.8568,1.0244;0.7628,1.7041,1.4299;2.5542,0.5191,1.5601;2.9699,1.1043,2.3760;</g>
	</geometry>
	<conformers/>
	<properties/>
</molecule>
