<?xml version="1.0" ?>
<!--MOLLI PACKAGE EXPERIMENTAL XML FORMAT-->
<molecule name="react_294">
	<atoms>
		<a id="1" s="H" t="H" l="H"/>
		<a id="2" s="C" t="C.ar" l="C"/>
		<a id="3" s="C" t="C.ar" l="C"/>
		<a id="4" s="H" t="H" l="H"/>
		<a id="5" s="C" t="C.ar" l="C"/>
		<a id="6" s="H" t="H" l="H"/>
		<a id="7" s="C" t="C.ar" l="C"/>
		<a id="8" s="C" t="C.3" l="C"/>
		<a id="9" s="H" t="H" l="H"/>
		<a id="10" s="H" t="H" l="H"/>
		<a id="11" s="C" t="C.2" l="C"/>
		<a id="12" s="C" t="C.2" l="C"/>
		<a id="13" s="C" t="C.3" l="C"/>
		<a id="14" s="H" t="H" l="H"/>
		<a id="15" s="H" t="H" l="H"/>
		<a id="16" s="H" t="H" l="H"/>
		<a id="17" s="C" t="C.3" l="C"/>
		<a id="18" s="H" t="H" l="H"/>
		<a id="19" s="H" t="H" l="H"/>
		<a id="20" s="C" t="C.ar" l="C"/>
		<a id="21" s="C" t="C.ar" l="C"/>
		<a id="22" s="H" t="H" l="H"/>
		<a id="23" s="C" t="C.ar" l="C"/>
		<a id="24" s="H" t="H" l="H"/>
		<a id="25" s="C" t="C.ar" l="C"/>
		<a id="26" s="H" t="H" l="H"/>
		<a id="27" s="C" t="C.ar" l="C"/>
		<a id="28" s="H" t="H" l="H"/>
		<a id="29" s="C" t="C.ar" l="C"/>
		<a id="30" s="H" t="H" l="H"/>
		<a id="31" s="C" t="C.3" l="C"/>
		<a id="32" s="H" t="H" l="H"/>
		<a id="33" s="H" t="H" l="H"/>
		<a id="34" s="H" t="H" l="H"/>
		<a id="35" s="C" t="C.ar" l="C"/>
		<a id="36" s="H" t="H" l="H"/>
		<a id="37" s="C" t="C.ar" l="C"/>
		<a id="38" s="H" t="H" l="H"/>
	</atoms>
	<bonds>
		<b id="1" c="31 11" t="1"/>
		<b id="2" c="11 8" t="1"/>
		<b id="3" c="8 7" t="1"/>
		<b id="4" c="7 5" t="ar"/>
		<b id="5" c="5 3" t="ar"/>
		<b id="6" c="3 2" t="ar"/>
		<b id="7" c="2 37" t="ar"/>
		<b id="8" c="37 35" t="ar"/>
		<b id="9" c="11 12" t="2"/>
		<b id="10" c="12 13" t="1"/>
		<b id="11" c="12 17" t="1"/>
		<b id="12" c="17 20" t="1"/>
		<b id="13" c="20 21" t="ar"/>
		<b id="14" c="21 23" t="ar"/>
		<b id="15" c="23 25" t="ar"/>
		<b id="16" c="25 27" t="ar"/>
		<b id="17" c="27 29" t="ar"/>
		<b id="18" c="35 7" t="ar"/>
		<b id="19" c="29 20" t="ar"/>
		<b id="20" c="31 32" t="1"/>
		<b id="21" c="31 33" t="1"/>
		<b id="22" c="31 34" t="1"/>
		<b id="23" c="8 9" t="1"/>
		<b id="24" c="8 10" t="1"/>
		<b id="25" c="5 6" t="1"/>
		<b id="26" c="3 4" t="1"/>
		<b id="27" c="2 1" t="1"/>
		<b id="28" c="37 38" t="1"/>
		<b id="29" c="35 36" t="1"/>
		<b id="30" c="13 14" t="1"/>
		<b id="31" c="13 15" t="1"/>
		<b id="32" c="13 16" t="1"/>
		<b id="33" c="17 18" t="1"/>
		<b id="34" c="17 19" t="1"/>
		<b id="35" c="21 22" t="1"/>
		<b id="36" c="23 24" t="1"/>
		<b id="37" c="25 26" t="1"/>
		<b id="38" c="27 28" t="1"/>
		<b id="39" c="29 30" t="1"/>
	</bonds>
	<geometry>
		<g u="A" t="cart/3d">#38,3:-6.5260,0.5011,0.7705;-5.5264,0.1922,0.4768;-4.6407,1.1213,-0.0651;-4.9485,2.1555,-0.1933;-3.3562,0.7255,-0.4419;-2.6744,1.4627,-0.8592;-2.9437,-0.6049,-0.2800;-1.5512,-1.0352,-0.6881;-1.4133,-0.7922,-1.7459;-1.4793,-2.1313,-0.6629;-0.4547,-0.4623,0.2037;0.4549,0.4632,-0.2040;0.4617,1.0803,-1.5871;0.6612,2.1561,-1.5252;1.2419,0.6217,-2.2027;-0.4893,0.9891,-2.1148;1.5514,1.0360,0.6879;1.4799,2.1321,0.6623;1.4132,0.7934,1.7457;2.9438,0.6051,0.2800;3.8443,1.5296,-0.2686;3.5501,2.5671,-0.4086;5.1285,1.1314,-0.6445;5.8185,1.8556,-1.0693;5.5262,-0.1935,-0.4764;6.5256,-0.5029,-0.7699;4.6405,-1.1217,0.0670;4.9483,-2.1558,0.1966;3.3562,-0.7252,0.4436;2.6745,-1.4617,0.8620;-0.4616,-1.0794,1.5869;-0.6610,-2.1552,1.5250;0.4893,-0.9881,2.1147;-1.2420,-0.6208,2.2024;-3.8443,-1.5303,0.2670;-3.5501,-2.5681,0.4057;-5.1287,-1.1328,0.6431;-5.8187,-1.8577,1.0667;</g>
	</geometry>
	<conformers/>
	<properties/>
</molecule>
