<?xml version="1.0" ?>
<!--MOLLI PACKAGE EXPERIMENTAL XML FORMAT-->
<molecule name="react_180">
	<atoms>
		<a id="1" s="H" t="H" l="H"/>
		<a id="2" s="C" t="C.2" l="C"/>
		<a id="3" s="H" t="H" l="H"/>
		<a id="4" s="C" t="C.2" l="C"/>
		<a id="5" s="H" t="H" l="H"/>
		<a id="6" s="C" t="C.3" l="C"/>
		<a id="7" s="H" t="H" l="H"/>
		<a id="8" s="Cl" t="Cl" l="CL"/>
		<a id="9" s="Cl" t="Cl" l="CL"/>
	</atoms>
	<bonds>
		<b id="1" c="2 4" t="2"/>
		<b id="2" c="4 6" t="1"/>
		<b id="3" c="6 8" t="1"/>
		<b id="4" c="6 9" t="1"/>
		<b id="5" c="2 1" t="1"/>
		<b id="6" c="2 3" t="1"/>
		<b id="7" c="4 5" t="1"/>
		<b id="8" c="6 7" t="1"/>
	</bonds>
	<geometry>
		<g u="A" t="cart/3d">#9,3:1.3955,0.2885,-1.3482;1.4001,0.3153,-0.2628;2.3379,0.5859,0.2146;0.3125,0.0446,0.4756;0.4242,0.1047,1.5578;-1.0694,-0.3463,0.0271;-1.3687,-1.2636,0.5424;-2.2151,0.9299,0.5070;-1.2169,-0.6590,-1.7135;</g>
	</geometry>
	<conformers/>
	<properties/>
</molecule>
