<?xml version="1.0" ?>
<!--MOLLI PACKAGE EXPERIMENTAL XML FORMAT-->
<molecule name="react_305">
	<atoms>
		<a id="1" s="H" t="H" l="H"/>
		<a id="2" s="C" t="C.ar" l="C"/>
		<a id="3" s="C" t="C.ar" l="C"/>
		<a id="4" s="H" t="H" l="H"/>
		<a id="5" s="C" t="C.ar" l="C"/>
		<a id="6" s="H" t="H" l="H"/>
		<a id="7" s="C" t="C.ar" l="C"/>
		<a id="8" s="C" t="C.2" l="C"/>
		<a id="9" s="C" t="C.2" l="C"/>
		<a id="10" s="C" t="C.3" l="C"/>
		<a id="11" s="H" t="H" l="H"/>
		<a id="12" s="H" t="H" l="H"/>
		<a id="13" s="C" t="C.3" l="C"/>
		<a id="14" s="H" t="H" l="H"/>
		<a id="15" s="H" t="H" l="H"/>
		<a id="16" s="C" t="C.3" l="C"/>
		<a id="17" s="H" t="H" l="H"/>
		<a id="18" s="H" t="H" l="H"/>
		<a id="19" s="H" t="H" l="H"/>
		<a id="20" s="C" t="C.ar" l="C"/>
		<a id="21" s="H" t="H" l="H"/>
		<a id="22" s="C" t="C.ar" l="C"/>
		<a id="23" s="H" t="H" l="H"/>
	</atoms>
	<bonds>
		<b id="1" c="16 8" t="1"/>
		<b id="2" c="8 9" t="2"/>
		<b id="3" c="9 10" t="1"/>
		<b id="4" c="10 13" t="1"/>
		<b id="5" c="8 7" t="1"/>
		<b id="6" c="7 5" t="ar"/>
		<b id="7" c="5 3" t="ar"/>
		<b id="8" c="3 2" t="ar"/>
		<b id="9" c="2 22" t="ar"/>
		<b id="10" c="22 20" t="ar"/>
		<b id="11" c="13 9" t="1"/>
		<b id="12" c="20 7" t="ar"/>
		<b id="13" c="16 17" t="1"/>
		<b id="14" c="16 18" t="1"/>
		<b id="15" c="16 19" t="1"/>
		<b id="16" c="10 11" t="1"/>
		<b id="17" c="10 12" t="1"/>
		<b id="18" c="13 14" t="1"/>
		<b id="19" c="13 15" t="1"/>
		<b id="20" c="5 6" t="1"/>
		<b id="21" c="3 4" t="1"/>
		<b id="22" c="2 1" t="1"/>
		<b id="23" c="22 23" t="1"/>
		<b id="24" c="20 21" t="1"/>
	</bonds>
	<geometry>
		<g u="A" t="cart/3d">#23,3:4.2537,0.9340,0.7707;3.2408,0.6338,0.5160;2.8332,-0.6836,0.7092;3.5274,-1.4131,1.1179;1.5302,-1.0699,0.3810;1.2366,-2.1020,0.5540;0.6140,-0.1441,-0.1394;-0.7587,-0.5592,-0.5016;-1.8024,0.1723,-0.1520;-3.2088,0.2843,-0.1847;-3.6582,0.5487,-1.1315;-3.7700,-0.3929,0.4438;-2.2751,1.3274,0.5059;-2.1226,2.2771,0.0132;-2.2182,1.3306,1.5855;-0.9265,-1.8465,-1.2562;-1.9510,-1.9700,-1.6252;-0.2649,-1.8722,-2.1289;-0.7031,-2.7096,-0.6210;1.0443,1.1778,-0.3329;0.3703,1.9193,-0.7548;2.3471,1.5648,-0.0061;2.6619,2.5929,-0.1639;</g>
	</geometry>
	<conformers/>
	<properties/>
</molecule>
