<?xml version="1.0" ?>
<!--MOLLI PACKAGE EXPERIMENTAL XML FORMAT-->
<molecule name="react_310">
	<atoms>
		<a id="1" s="H" t="H" l="H"/>
		<a id="2" s="C" t="C.ar" l="C"/>
		<a id="3" s="C" t="C.ar" l="C"/>
		<a id="4" s="H" t="H" l="H"/>
		<a id="5" s="C" t="C.ar" l="C"/>
		<a id="6" s="C" t="C.3" l="C"/>
		<a id="7" s="H" t="H" l="H"/>
		<a id="8" s="H" t="H" l="H"/>
		<a id="9" s="C" t="C.2" l="C"/>
		<a id="10" s="C" t="C.2" l="C"/>
		<a id="11" s="C" t="C.3" l="C"/>
		<a id="12" s="H" t="H" l="H"/>
		<a id="13" s="H" t="H" l="H"/>
		<a id="14" s="C" t="C.3" l="C"/>
		<a id="15" s="H" t="H" l="H"/>
		<a id="16" s="H" t="H" l="H"/>
		<a id="17" s="C" t="C.3" l="C"/>
		<a id="18" s="H" t="H" l="H"/>
		<a id="19" s="H" t="H" l="H"/>
		<a id="20" s="H" t="H" l="H"/>
		<a id="21" s="C" t="C.ar" l="C"/>
		<a id="22" s="O" t="O.3" l="O"/>
		<a id="23" s="Si" t="Si" l="SI"/>
		<a id="24" s="C" t="C.3" l="C"/>
		<a id="25" s="H" t="H" l="H"/>
		<a id="26" s="H" t="H" l="H"/>
		<a id="27" s="H" t="H" l="H"/>
		<a id="28" s="C" t="C.3" l="C"/>
		<a id="29" s="H" t="H" l="H"/>
		<a id="30" s="H" t="H" l="H"/>
		<a id="31" s="H" t="H" l="H"/>
		<a id="32" s="C" t="C.3" l="C"/>
		<a id="33" s="C" t="C.3" l="C"/>
		<a id="34" s="H" t="H" l="H"/>
		<a id="35" s="H" t="H" l="H"/>
		<a id="36" s="H" t="H" l="H"/>
		<a id="37" s="C" t="C.3" l="C"/>
		<a id="38" s="H" t="H" l="H"/>
		<a id="39" s="H" t="H" l="H"/>
		<a id="40" s="H" t="H" l="H"/>
		<a id="41" s="C" t="C.3" l="C"/>
		<a id="42" s="H" t="H" l="H"/>
		<a id="43" s="H" t="H" l="H"/>
		<a id="44" s="H" t="H" l="H"/>
		<a id="45" s="C" t="C.ar" l="C"/>
		<a id="46" s="H" t="H" l="H"/>
		<a id="47" s="C" t="C.ar" l="C"/>
		<a id="48" s="C" t="C.3" l="C"/>
		<a id="49" s="H" t="H" l="H"/>
		<a id="50" s="H" t="H" l="H"/>
		<a id="51" s="H" t="H" l="H"/>
	</atoms>
	<bonds>
		<b id="1" c="17 9" t="1"/>
		<b id="2" c="9 6" t="1"/>
		<b id="3" c="6 5" t="1"/>
		<b id="4" c="5 3" t="ar"/>
		<b id="5" c="3 2" t="ar"/>
		<b id="6" c="2 47" t="ar"/>
		<b id="7" c="47 48" t="1"/>
		<b id="8" c="47 45" t="ar"/>
		<b id="9" c="45 21" t="ar"/>
		<b id="10" c="21 22" t="1"/>
		<b id="11" c="22 23" t="1"/>
		<b id="12" c="23 24" t="1"/>
		<b id="13" c="23 28" t="1"/>
		<b id="14" c="23 32" t="1"/>
		<b id="15" c="32 33" t="1"/>
		<b id="16" c="32 37" t="1"/>
		<b id="17" c="32 41" t="1"/>
		<b id="18" c="9 10" t="2"/>
		<b id="19" c="10 11" t="1"/>
		<b id="20" c="11 14" t="1"/>
		<b id="21" c="21 5" t="ar"/>
		<b id="22" c="14 10" t="1"/>
		<b id="23" c="17 18" t="1"/>
		<b id="24" c="17 19" t="1"/>
		<b id="25" c="17 20" t="1"/>
		<b id="26" c="6 7" t="1"/>
		<b id="27" c="6 8" t="1"/>
		<b id="28" c="3 4" t="1"/>
		<b id="29" c="2 1" t="1"/>
		<b id="30" c="48 49" t="1"/>
		<b id="31" c="48 50" t="1"/>
		<b id="32" c="48 51" t="1"/>
		<b id="33" c="45 46" t="1"/>
		<b id="34" c="24 25" t="1"/>
		<b id="35" c="24 26" t="1"/>
		<b id="36" c="24 27" t="1"/>
		<b id="37" c="28 29" t="1"/>
		<b id="38" c="28 30" t="1"/>
		<b id="39" c="28 31" t="1"/>
		<b id="40" c="33 34" t="1"/>
		<b id="41" c="33 35" t="1"/>
		<b id="42" c="33 36" t="1"/>
		<b id="43" c="37 38" t="1"/>
		<b id="44" c="37 39" t="1"/>
		<b id="45" c="37 40" t="1"/>
		<b id="46" c="41 42" t="1"/>
		<b id="47" c="41 43" t="1"/>
		<b id="48" c="41 44" t="1"/>
		<b id="49" c="11 12" t="1"/>
		<b id="50" c="11 13" t="1"/>
		<b id="51" c="14 15" t="1"/>
		<b id="52" c="14 16" t="1"/>
	</bonds>
	<geometry>
		<g u="A" t="cart/3d">#51,3:-2.5123,4.5058,0.5944;-1.9338,3.6382,0.2855;-2.5977,2.5135,-0.2032;-3.6842,2.5260,-0.2576;-1.8823,1.3771,-0.6196;-2.6490,0.1735,-1.1305;-2.1801,-0.1669,-2.0635;-3.6599,0.4885,-1.4231;-2.7848,-0.9609,-0.1394;-2.5179,-2.2063,-0.4872;-2.4669,-3.5532,-0.0753;-3.4111,-4.0572,0.0751;-1.6594,-3.8329,0.5864;-2.1068,-3.0730,-1.5191;-1.0661,-3.0398,-1.8036;-2.8160,-3.2634,-2.3123;-3.2729,-0.6328,1.2420;-3.4556,-1.5342,1.8373;-4.2155,-0.0782,1.1909;-2.5375,-0.0283,1.7821;-0.4794,1.3859,-0.5352;0.1754,0.2617,-0.9600;1.7236,-0.3412,-0.8662;3.0702,0.8709,-1.3610;3.2139,1.6517,-0.6105;2.8215,1.3494,-2.3128;4.0246,0.3499,-1.4839;1.9025,-1.8716,-1.9656;1.2661,-2.6837,-1.6068;2.9388,-2.2211,-1.9723;1.6134,-1.6317,-2.9929;2.1229,-0.9805,1.0726;3.5116,-1.6505,1.1052;3.5551,-2.5241,0.4456;4.3008,-0.9569,0.7944;3.7531,-1.9929,2.1180;1.0370,-1.9926,1.4926;0.0390,-1.5412,1.4701;1.2142,-2.3505,2.5132;1.0225,-2.8684,0.8349;2.1039,0.2266,2.0306;1.1165,0.6981,2.0650;2.8330,0.9894,1.7374;2.3486,-0.0867,3.0522;0.1780,2.5208,-0.0497;1.2591,2.5532,0.0091;-0.5412,3.6463,0.3775;0.1821,4.8648,0.8699;0.4407,5.5125,0.0267;-0.4373,5.4309,1.5734;1.0999,4.5858,1.3982;</g>
	</geometry>
	<conformers/>
	<properties/>
</molecule>
