<?xml version="1.0" ?>
<!--MOLLI PACKAGE EXPERIMENTAL XML FORMAT-->
<molecule name="react_312">
	<atoms>
		<a id="1" s="H" t="H" l="H"/>
		<a id="2" s="C" t="C.2" l="C"/>
		<a id="3" s="H" t="H" l="H"/>
		<a id="4" s="C" t="C.2" l="C"/>
		<a id="5" s="H" t="H" l="H"/>
		<a id="6" s="C" t="C.3" l="C"/>
		<a id="7" s="H" t="H" l="H"/>
		<a id="8" s="H" t="H" l="H"/>
		<a id="9" s="O" t="O.3" l="O"/>
		<a id="10" s="S" t="S.O2" l="S"/>
		<a id="11" s="O" t="O.2" l="O"/>
		<a id="12" s="O" t="O.2" l="O"/>
		<a id="13" s="C" t="C.ar" l="C"/>
		<a id="14" s="C" t="C.ar" l="C"/>
		<a id="15" s="H" t="H" l="H"/>
		<a id="16" s="C" t="C.ar" l="C"/>
		<a id="17" s="H" t="H" l="H"/>
		<a id="18" s="C" t="C.ar" l="C"/>
		<a id="19" s="C" t="C.3" l="C"/>
		<a id="20" s="H" t="H" l="H"/>
		<a id="21" s="H" t="H" l="H"/>
		<a id="22" s="H" t="H" l="H"/>
		<a id="23" s="C" t="C.ar" l="C"/>
		<a id="24" s="H" t="H" l="H"/>
		<a id="25" s="C" t="C.ar" l="C"/>
		<a id="26" s="H" t="H" l="H"/>
	</atoms>
	<bonds>
		<b id="1" c="2 4" t="2"/>
		<b id="2" c="4 6" t="1"/>
		<b id="3" c="6 9" t="1"/>
		<b id="4" c="9 10" t="1"/>
		<b id="5" c="10 11" t="2"/>
		<b id="6" c="10 12" t="2"/>
		<b id="7" c="10 13" t="1"/>
		<b id="8" c="13 14" t="ar"/>
		<b id="9" c="14 16" t="ar"/>
		<b id="10" c="16 18" t="ar"/>
		<b id="11" c="18 19" t="1"/>
		<b id="12" c="18 23" t="ar"/>
		<b id="13" c="23 25" t="ar"/>
		<b id="14" c="25 13" t="ar"/>
		<b id="15" c="2 1" t="1"/>
		<b id="16" c="2 3" t="1"/>
		<b id="17" c="4 5" t="1"/>
		<b id="18" c="6 7" t="1"/>
		<b id="19" c="6 8" t="1"/>
		<b id="20" c="14 15" t="1"/>
		<b id="21" c="16 17" t="1"/>
		<b id="22" c="19 20" t="1"/>
		<b id="23" c="19 21" t="1"/>
		<b id="24" c="19 22" t="1"/>
		<b id="25" c="23 24" t="1"/>
		<b id="26" c="25 26" t="1"/>
	</bonds>
	<geometry>
		<g u="A" t="cart/3d">#26,3:5.0950,-1.2216,-1.4594;4.8369,-1.6005,-0.4751;5.2823,-2.5425,-0.1692;3.9991,-0.9439,0.3382;3.7717,-1.3662,1.3145;3.3379,0.3575,0.0072;3.6190,0.7031,-0.9939;3.6422,1.1127,0.7399;1.9405,0.1549,0.0759;1.0036,1.4363,-0.2779;1.1832,1.7609,-1.6785;1.2137,2.4300,0.7570;-0.6486,0.8124,-0.1026;-1.6048,1.5549,0.5929;-1.3578,2.5246,1.0195;-2.8957,1.0441,0.7374;-3.6422,1.6286,1.2719;-3.2293,-0.2083,0.2025;-4.6283,-0.7373,0.3306;-5.2342,-0.4006,-0.5162;-4.6310,-1.8321,0.3554;-5.0933,-0.3907,1.2594;-2.2601,-0.9360,-0.5024;-2.5097,-1.9007,-0.9400;-0.9670,-0.4325,-0.6509;-0.2229,-1.0070,-1.1977;</g>
	</geometry>
	<conformers/>
	<properties/>
</molecule>
