<?xml version="1.0" ?>
<!--MOLLI PACKAGE EXPERIMENTAL XML FORMAT-->
<molecule name="react_313">
	<atoms>
		<a id="1" s="H" t="H" l="H"/>
		<a id="2" s="C" t="C.2" l="C"/>
		<a id="3" s="H" t="H" l="H"/>
		<a id="4" s="C" t="C.2" l="C"/>
		<a id="5" s="H" t="H" l="H"/>
		<a id="6" s="C" t="C.2" l="C"/>
		<a id="7" s="O" t="O.2" l="O"/>
		<a id="8" s="C" t="C.3" l="C"/>
		<a id="9" s="H" t="H" l="H"/>
		<a id="10" s="H" t="H" l="H"/>
		<a id="11" s="C" t="C.3" l="C"/>
		<a id="12" s="H" t="H" l="H"/>
		<a id="13" s="H" t="H" l="H"/>
		<a id="14" s="H" t="H" l="H"/>
	</atoms>
	<bonds>
		<b id="1" c="2 4" t="2"/>
		<b id="2" c="4 6" t="1"/>
		<b id="3" c="6 7" t="2"/>
		<b id="4" c="6 8" t="1"/>
		<b id="5" c="8 11" t="1"/>
		<b id="6" c="2 1" t="1"/>
		<b id="7" c="2 3" t="1"/>
		<b id="8" c="4 5" t="1"/>
		<b id="9" c="8 9" t="1"/>
		<b id="10" c="8 10" t="1"/>
		<b id="11" c="11 12" t="1"/>
		<b id="12" c="11 13" t="1"/>
		<b id="13" c="11 14" t="1"/>
	</bonds>
	<geometry>
		<g u="A" t="cart/3d">#14,3:3.6829,0.2104,-0.0445;2.6700,0.5937,0.0142;2.5425,1.6337,0.3043;1.6200,-0.1890,-0.2614;1.7479,-1.2251,-0.5503;0.2249,0.3378,-0.1809;0.0033,1.5023,0.1400;-0.8736,-0.6531,-0.5182;-0.7991,-1.5013,0.1710;-0.7137,-1.0135,-1.5403;-2.2595,-0.0409,-0.4129;-2.4532,0.3217,0.6020;-2.3683,0.8063,-1.0981;-3.0240,-0.7831,-0.6627;</g>
	</geometry>
	<conformers/>
	<properties/>
</molecule>
