<?xml version="1.0" ?>
<!--MOLLI PACKAGE EXPERIMENTAL XML FORMAT-->
<molecule name="react_316">
	<atoms>
		<a id="1" s="H" t="H" l="H"/>
		<a id="2" s="C" t="C.2" l="C"/>
		<a id="3" s="H" t="H" l="H"/>
		<a id="4" s="C" t="C.2" l="C"/>
		<a id="5" s="C" t="C.3" l="C"/>
		<a id="6" s="H" t="H" l="H"/>
		<a id="7" s="H" t="H" l="H"/>
		<a id="8" s="O" t="O.3" l="O"/>
		<a id="9" s="C" t="C.ar" l="C"/>
		<a id="10" s="C" t="C.ar" l="C"/>
		<a id="11" s="H" t="H" l="H"/>
		<a id="12" s="C" t="C.ar" l="C"/>
		<a id="13" s="H" t="H" l="H"/>
		<a id="14" s="C" t="C.ar" l="C"/>
		<a id="15" s="H" t="H" l="H"/>
		<a id="16" s="C" t="C.ar" l="C"/>
		<a id="17" s="H" t="H" l="H"/>
		<a id="18" s="C" t="C.ar" l="C"/>
		<a id="19" s="H" t="H" l="H"/>
		<a id="20" s="C" t="C.3" l="C"/>
		<a id="21" s="H" t="H" l="H"/>
		<a id="22" s="H" t="H" l="H"/>
		<a id="23" s="C" t="C.3" l="C"/>
		<a id="24" s="H" t="H" l="H"/>
		<a id="25" s="H" t="H" l="H"/>
		<a id="26" s="H" t="H" l="H"/>
	</atoms>
	<bonds>
		<b id="1" c="2 4" t="2"/>
		<b id="2" c="4 20" t="1"/>
		<b id="3" c="20 23" t="1"/>
		<b id="4" c="4 5" t="1"/>
		<b id="5" c="5 8" t="1"/>
		<b id="6" c="8 9" t="1"/>
		<b id="7" c="9 10" t="ar"/>
		<b id="8" c="10 12" t="ar"/>
		<b id="9" c="12 14" t="ar"/>
		<b id="10" c="14 16" t="ar"/>
		<b id="11" c="16 18" t="ar"/>
		<b id="12" c="18 9" t="ar"/>
		<b id="13" c="2 1" t="1"/>
		<b id="14" c="2 3" t="1"/>
		<b id="15" c="20 21" t="1"/>
		<b id="16" c="20 22" t="1"/>
		<b id="17" c="23 24" t="1"/>
		<b id="18" c="23 25" t="1"/>
		<b id="19" c="23 26" t="1"/>
		<b id="20" c="5 6" t="1"/>
		<b id="21" c="5 7" t="1"/>
		<b id="22" c="10 11" t="1"/>
		<b id="23" c="12 13" t="1"/>
		<b id="24" c="14 15" t="1"/>
		<b id="25" c="16 17" t="1"/>
		<b id="26" c="18 19" t="1"/>
	</bonds>
	<geometry>
		<g u="A" t="cart/3d">#26,3:3.0356,0.6479,-2.5192;2.0915,0.4502,-2.0214;1.2652,0.1383,-2.6539;1.9514,0.5809,-0.6896;0.6518,0.3319,0.0563;0.8009,-0.5043,0.7492;0.3948,1.2414,0.6131;-0.4072,0.0145,-0.8474;-1.6388,-0.2314,-0.3056;-2.6345,-0.5348,-1.2382;-2.3898,-0.5583,-2.2973;-3.9393,-0.8077,-0.8242;-4.7039,-1.0421,-1.5598;-4.2569,-0.7785,0.5312;-5.2716,-0.9904,0.8575;-3.2696,-0.4768,1.4678;-3.5170,-0.4538,2.5261;-1.9624,-0.2034,1.0519;-1.2253,0.0265,1.8134;3.1170,1.0333,0.1631;2.8005,1.8700,0.7976;3.9246,1.4231,-0.4695;3.6823,-0.0827,1.0307;3.9963,-0.9371,0.4219;4.5559,0.2777,1.5835;2.9485,-0.4344,1.7627;</g>
	</geometry>
	<conformers/>
	<properties/>
</molecule>
