<?xml version="1.0" ?>
<!--MOLLI PACKAGE EXPERIMENTAL XML FORMAT-->
<molecule name="react_319">
	<atoms>
		<a id="1" s="H" t="H" l="H"/>
		<a id="2" s="C" t="C.2" l="C"/>
		<a id="3" s="C" t="C.2" l="C"/>
		<a id="4" s="H" t="H" l="H"/>
		<a id="5" s="C" t="C.3" l="C"/>
		<a id="6" s="H" t="H" l="H"/>
		<a id="7" s="H" t="H" l="H"/>
		<a id="8" s="H" t="H" l="H"/>
		<a id="9" s="C" t="C.ar" l="C"/>
		<a id="10" s="C" t="C.ar" l="C"/>
		<a id="11" s="H" t="H" l="H"/>
		<a id="12" s="C" t="C.ar" l="C"/>
		<a id="13" s="H" t="H" l="H"/>
		<a id="14" s="C" t="C.ar" l="C"/>
		<a id="15" s="H" t="H" l="H"/>
		<a id="16" s="C" t="C.ar" l="C"/>
		<a id="17" s="H" t="H" l="H"/>
		<a id="18" s="C" t="C.ar" l="C"/>
		<a id="19" s="H" t="H" l="H"/>
	</atoms>
	<bonds>
		<b id="1" c="5 3" t="1"/>
		<b id="2" c="3 2" t="2"/>
		<b id="3" c="2 9" t="1"/>
		<b id="4" c="9 10" t="ar"/>
		<b id="5" c="10 12" t="ar"/>
		<b id="6" c="12 14" t="ar"/>
		<b id="7" c="14 16" t="ar"/>
		<b id="8" c="16 18" t="ar"/>
		<b id="9" c="18 9" t="ar"/>
		<b id="10" c="5 6" t="1"/>
		<b id="11" c="5 7" t="1"/>
		<b id="12" c="5 8" t="1"/>
		<b id="13" c="3 4" t="1"/>
		<b id="14" c="2 1" t="1"/>
		<b id="15" c="10 11" t="1"/>
		<b id="16" c="12 13" t="1"/>
		<b id="17" c="14 15" t="1"/>
		<b id="18" c="16 17" t="1"/>
		<b id="19" c="18 19" t="1"/>
	</bonds>
	<geometry>
		<g u="A" t="cart/3d">#19,3:1.4746,1.4901,-0.0891;1.1342,0.4607,-0.0012;2.0274,-0.5361,0.1021;1.6968,-1.5703,0.1611;3.5063,-0.3236,0.1230;3.9260,-0.7195,1.0528;3.9702,-0.8508,-0.7162;3.7744,0.7352,0.0512;-0.3223,0.2664,-0.0326;-0.9663,-0.6995,0.7517;-0.3939,-1.3514,1.4066;-2.3571,-0.8326,0.7170;-2.8442,-1.5877,1.3284;-3.1189,0.0053,-0.0945;-4.2004,-0.0981,-0.1207;-2.4918,0.9801,-0.8673;-3.0836,1.6384,-1.4978;-1.1013,1.1134,-0.8319;-0.6302,1.8802,-1.4425;</g>
	</geometry>
	<conformers/>
	<properties/>
</molecule>
