<?xml version="1.0" ?>
<!--MOLLI PACKAGE EXPERIMENTAL XML FORMAT-->
<molecule name="react_322">
	<atoms>
		<a id="1" s="H" t="H" l="H"/>
		<a id="2" s="C" t="C.2" l="C"/>
		<a id="3" s="C" t="C.2" l="C"/>
		<a id="4" s="H" t="H" l="H"/>
		<a id="5" s="C" t="C.3" l="C"/>
		<a id="6" s="H" t="H" l="H"/>
		<a id="7" s="H" t="H" l="H"/>
		<a id="8" s="Cl" t="Cl" l="CL"/>
		<a id="9" s="C" t="C.ar" l="C"/>
		<a id="10" s="C" t="C.ar" l="C"/>
		<a id="11" s="H" t="H" l="H"/>
		<a id="12" s="C" t="C.ar" l="C"/>
		<a id="13" s="H" t="H" l="H"/>
		<a id="14" s="C" t="C.ar" l="C"/>
		<a id="15" s="H" t="H" l="H"/>
		<a id="16" s="C" t="C.ar" l="C"/>
		<a id="17" s="H" t="H" l="H"/>
		<a id="18" s="C" t="C.ar" l="C"/>
		<a id="19" s="H" t="H" l="H"/>
	</atoms>
	<bonds>
		<b id="1" c="8 5" t="1"/>
		<b id="2" c="5 3" t="1"/>
		<b id="3" c="3 2" t="2"/>
		<b id="4" c="2 9" t="1"/>
		<b id="5" c="9 10" t="ar"/>
		<b id="6" c="10 12" t="ar"/>
		<b id="7" c="12 14" t="ar"/>
		<b id="8" c="14 16" t="ar"/>
		<b id="9" c="16 18" t="ar"/>
		<b id="10" c="18 9" t="ar"/>
		<b id="11" c="5 6" t="1"/>
		<b id="12" c="5 7" t="1"/>
		<b id="13" c="3 4" t="1"/>
		<b id="14" c="2 1" t="1"/>
		<b id="15" c="10 11" t="1"/>
		<b id="16" c="12 13" t="1"/>
		<b id="17" c="14 15" t="1"/>
		<b id="18" c="16 17" t="1"/>
		<b id="19" c="18 19" t="1"/>
	</bonds>
	<geometry>
		<g u="A" t="cart/3d">#19,3:1.4633,-1.1071,1.0317;1.1179,-0.4054,0.2756;1.9946,0.1928,-0.5477;1.6444,0.8722,-1.3217;3.4713,-0.0324,-0.5007;3.7602,-0.7475,0.2753;3.8282,-0.4035,-1.4657;4.2960,1.5030,-0.1612;-0.3347,-0.1919,0.2216;-0.8953,1.0702,-0.0149;-0.2593,1.9369,-0.1781;-2.2822,1.2405,-0.0294;-2.7050,2.2243,-0.2160;-3.1218,0.1532,0.2025;-4.2004,0.2866,0.1922;-2.5760,-1.1035,0.4548;-3.2289,-1.9521,0.6416;-1.1892,-1.2738,0.4701;-0.7829,-2.2626,0.6699;</g>
	</geometry>
	<conformers/>
	<properties/>
</molecule>
