<?xml version="1.0" ?>
<!--MOLLI PACKAGE EXPERIMENTAL XML FORMAT-->
<molecule name="react_324">
	<atoms>
		<a id="1" s="H" t="H" l="H"/>
		<a id="2" s="C" t="C.2" l="C"/>
		<a id="3" s="C" t="C.2" l="C"/>
		<a id="4" s="H" t="H" l="H"/>
		<a id="5" s="C" t="C.3" l="C"/>
		<a id="6" s="H" t="H" l="H"/>
		<a id="7" s="H" t="H" l="H"/>
		<a id="8" s="O" t="O.3" l="O"/>
		<a id="9" s="Si" t="Si" l="SI"/>
		<a id="10" s="C" t="C.3" l="C"/>
		<a id="11" s="H" t="H" l="H"/>
		<a id="12" s="H" t="H" l="H"/>
		<a id="13" s="H" t="H" l="H"/>
		<a id="14" s="C" t="C.3" l="C"/>
		<a id="15" s="H" t="H" l="H"/>
		<a id="16" s="H" t="H" l="H"/>
		<a id="17" s="H" t="H" l="H"/>
		<a id="18" s="C" t="C.3" l="C"/>
		<a id="19" s="C" t="C.3" l="C"/>
		<a id="20" s="H" t="H" l="H"/>
		<a id="21" s="H" t="H" l="H"/>
		<a id="22" s="H" t="H" l="H"/>
		<a id="23" s="C" t="C.3" l="C"/>
		<a id="24" s="H" t="H" l="H"/>
		<a id="25" s="H" t="H" l="H"/>
		<a id="26" s="H" t="H" l="H"/>
		<a id="27" s="C" t="C.3" l="C"/>
		<a id="28" s="H" t="H" l="H"/>
		<a id="29" s="H" t="H" l="H"/>
		<a id="30" s="H" t="H" l="H"/>
		<a id="31" s="C" t="C.3" l="C"/>
		<a id="32" s="H" t="H" l="H"/>
		<a id="33" s="H" t="H" l="H"/>
		<a id="34" s="O" t="O.3" l="O"/>
		<a id="35" s="C" t="C.3" l="C"/>
		<a id="36" s="H" t="H" l="H"/>
		<a id="37" s="H" t="H" l="H"/>
		<a id="38" s="C" t="C.ar" l="C"/>
		<a id="39" s="C" t="C.ar" l="C"/>
		<a id="40" s="H" t="H" l="H"/>
		<a id="41" s="C" t="C.ar" l="C"/>
		<a id="42" s="H" t="H" l="H"/>
		<a id="43" s="C" t="C.ar" l="C"/>
		<a id="44" s="H" t="H" l="H"/>
		<a id="45" s="C" t="C.ar" l="C"/>
		<a id="46" s="H" t="H" l="H"/>
		<a id="47" s="C" t="C.ar" l="C"/>
		<a id="48" s="H" t="H" l="H"/>
	</atoms>
	<bonds>
		<b id="1" c="19 18" t="1"/>
		<b id="2" c="18 23" t="1"/>
		<b id="3" c="18 27" t="1"/>
		<b id="4" c="18 9" t="1"/>
		<b id="5" c="9 10" t="1"/>
		<b id="6" c="9 14" t="1"/>
		<b id="7" c="9 8" t="1"/>
		<b id="8" c="8 5" t="1"/>
		<b id="9" c="5 3" t="1"/>
		<b id="10" c="3 2" t="2"/>
		<b id="11" c="2 31" t="1"/>
		<b id="12" c="31 34" t="1"/>
		<b id="13" c="34 35" t="1"/>
		<b id="14" c="35 38" t="1"/>
		<b id="15" c="38 39" t="ar"/>
		<b id="16" c="39 41" t="ar"/>
		<b id="17" c="41 43" t="ar"/>
		<b id="18" c="43 45" t="ar"/>
		<b id="19" c="45 47" t="ar"/>
		<b id="20" c="47 38" t="ar"/>
		<b id="21" c="19 20" t="1"/>
		<b id="22" c="19 21" t="1"/>
		<b id="23" c="19 22" t="1"/>
		<b id="24" c="23 24" t="1"/>
		<b id="25" c="23 25" t="1"/>
		<b id="26" c="23 26" t="1"/>
		<b id="27" c="27 28" t="1"/>
		<b id="28" c="27 29" t="1"/>
		<b id="29" c="27 30" t="1"/>
		<b id="30" c="10 11" t="1"/>
		<b id="31" c="10 12" t="1"/>
		<b id="32" c="10 13" t="1"/>
		<b id="33" c="14 15" t="1"/>
		<b id="34" c="14 16" t="1"/>
		<b id="35" c="14 17" t="1"/>
		<b id="36" c="5 6" t="1"/>
		<b id="37" c="5 7" t="1"/>
		<b id="38" c="3 4" t="1"/>
		<b id="39" c="2 1" t="1"/>
		<b id="40" c="31 32" t="1"/>
		<b id="41" c="31 33" t="1"/>
		<b id="42" c="35 36" t="1"/>
		<b id="43" c="35 37" t="1"/>
		<b id="44" c="39 40" t="1"/>
		<b id="45" c="41 42" t="1"/>
		<b id="46" c="43 44" t="1"/>
		<b id="47" c="45 46" t="1"/>
		<b id="48" c="47 48" t="1"/>
	</bonds>
	<geometry>
		<g u="A" t="cart/3d">#48,3:0.6921,-0.0470,-0.7999;0.8100,0.8727,-1.3669;-0.1104,1.8439,-1.2355;0.0159,2.7673,-1.7966;-1.3311,1.8036,-0.3581;-1.2455,2.6015,0.3900;-2.2097,1.9958,-0.9860;-1.4462,0.5411,0.2855;-2.7903,0.2012,1.2259;-2.3186,-0.8315,2.7242;-1.8232,-1.7573,2.4184;-3.2023,-1.0901,3.3144;-1.6315,-0.2737,3.3672;-3.7248,1.7292,1.7860;-3.0763,2.3753,2.3856;-4.5872,1.4537,2.3997;-4.0850,2.3073,0.9304;-4.1022,-0.9457,0.0877;-5.3302,-1.3147,0.9426;-5.0476,-1.9003,1.8245;-6.0399,-1.9158,0.3624;-5.8626,-0.4225,1.2906;-4.5416,-0.1285,-1.1440;-5.0498,0.7980,-0.8548;-5.2366,-0.7062,-1.7641;-3.6867,0.1412,-1.7735;-3.3687,-2.2241,-0.3680;-4.0216,-2.8448,-0.9921;-2.4754,-1.9867,-0.9567;-3.0522,-2.8340,0.4855;2.0082,0.9528,-2.2612;1.9931,1.8826,-2.8405;2.0128,0.1262,-2.9807;3.1995,0.9691,-1.4818;3.6795,-0.3381,-1.1705;2.9224,-0.8731,-0.5865;3.8762,-0.8951,-2.0943;4.9648,-0.2438,-0.3843;5.2107,-1.1266,0.6775;4.4631,-1.8624,0.9652;6.4142,-1.0705,1.3842;6.5909,-1.7545,2.2100;7.3886,-0.1385,1.0320;8.3239,-0.0937,1.5835;7.1616,0.7371,-0.0276;7.9191,1.4657,-0.3043;5.9590,0.6818,-0.7345;5.7917,1.3720,-1.5589;</g>
	</geometry>
	<conformers/>
	<properties/>
</molecule>
