<?xml version="1.0" ?>
<!--MOLLI PACKAGE EXPERIMENTAL XML FORMAT-->
<molecule name="react_339">
	<atoms>
		<a id="1" s="H" t="H" l="H"/>
		<a id="2" s="C" t="C.2" l="C"/>
		<a id="3" s="C" t="C.2" l="C"/>
		<a id="4" s="O" t="O.2" l="O"/>
		<a id="5" s="N" t="N.am" l="N"/>
		<a id="6" s="C" t="C.3" l="C"/>
		<a id="7" s="H" t="H" l="H"/>
		<a id="8" s="H" t="H" l="H"/>
		<a id="9" s="H" t="H" l="H"/>
		<a id="10" s="C" t="C.3" l="C"/>
		<a id="11" s="H" t="H" l="H"/>
		<a id="12" s="H" t="H" l="H"/>
		<a id="13" s="C" t="C.ar" l="C"/>
		<a id="14" s="C" t="C.ar" l="C"/>
		<a id="15" s="H" t="H" l="H"/>
		<a id="16" s="C" t="C.ar" l="C"/>
		<a id="17" s="H" t="H" l="H"/>
		<a id="18" s="C" t="C.ar" l="C"/>
		<a id="19" s="H" t="H" l="H"/>
		<a id="20" s="C" t="C.ar" l="C"/>
		<a id="21" s="H" t="H" l="H"/>
		<a id="22" s="C" t="C.ar" l="C"/>
		<a id="23" s="H" t="H" l="H"/>
		<a id="24" s="C" t="C.2" l="C"/>
		<a id="25" s="H" t="H" l="H"/>
		<a id="26" s="C" t="C.ar" l="C"/>
		<a id="27" s="C" t="C.ar" l="C"/>
		<a id="28" s="H" t="H" l="H"/>
		<a id="29" s="C" t="C.ar" l="C"/>
		<a id="30" s="H" t="H" l="H"/>
		<a id="31" s="C" t="C.ar" l="C"/>
		<a id="32" s="H" t="H" l="H"/>
		<a id="33" s="C" t="C.ar" l="C"/>
		<a id="34" s="H" t="H" l="H"/>
		<a id="35" s="C" t="C.ar" l="C"/>
		<a id="36" s="H" t="H" l="H"/>
	</atoms>
	<bonds>
		<b id="1" c="6 5" t="1"/>
		<b id="2" c="5 10" t="1"/>
		<b id="3" c="10 13" t="1"/>
		<b id="4" c="13 14" t="ar"/>
		<b id="5" c="14 16" t="ar"/>
		<b id="6" c="16 18" t="ar"/>
		<b id="7" c="18 20" t="ar"/>
		<b id="8" c="20 22" t="ar"/>
		<b id="9" c="5 3" t="am"/>
		<b id="10" c="3 4" t="2"/>
		<b id="11" c="3 2" t="1"/>
		<b id="12" c="2 24" t="2"/>
		<b id="13" c="24 26" t="1"/>
		<b id="14" c="26 27" t="ar"/>
		<b id="15" c="27 29" t="ar"/>
		<b id="16" c="29 31" t="ar"/>
		<b id="17" c="31 33" t="ar"/>
		<b id="18" c="33 35" t="ar"/>
		<b id="19" c="22 13" t="ar"/>
		<b id="20" c="35 26" t="ar"/>
		<b id="21" c="6 7" t="1"/>
		<b id="22" c="6 8" t="1"/>
		<b id="23" c="6 9" t="1"/>
		<b id="24" c="10 11" t="1"/>
		<b id="25" c="10 12" t="1"/>
		<b id="26" c="14 15" t="1"/>
		<b id="27" c="16 17" t="1"/>
		<b id="28" c="18 19" t="1"/>
		<b id="29" c="20 21" t="1"/>
		<b id="30" c="22 23" t="1"/>
		<b id="31" c="2 1" t="1"/>
		<b id="32" c="24 25" t="1"/>
		<b id="33" c="27 28" t="1"/>
		<b id="34" c="29 30" t="1"/>
		<b id="35" c="31 32" t="1"/>
		<b id="36" c="33 34" t="1"/>
		<b id="37" c="35 36" t="1"/>
	</bonds>
	<geometry>
		<g u="A" t="cart/3d">#36,3:-1.8252,1.8684,1.6300;-1.1176,1.3880,0.9685;0.3094,1.5180,1.3358;0.8443,2.6172,1.2161;0.9501,0.3842,1.8065;0.3079,-0.9129,1.9800;-0.7530,-0.8039,2.2179;0.4133,-1.4899,1.0568;0.7859,-1.4489,2.8054;2.4044,0.4239,1.9332;2.7591,1.4565,2.0349;2.6800,-0.0820,2.8665;3.0977,-0.2151,0.7518;3.6562,-1.4973,0.8539;3.6096,-2.0449,1.7922;4.2795,-2.0871,-0.2474;4.7125,-3.0801,-0.1594;4.3484,-1.4036,-1.4602;4.8350,-1.8626,-2.3168;3.7946,-0.1300,-1.5744;3.8478,0.4052,-2.5188;3.1715,0.4614,-0.4748;2.7415,1.4572,-0.5750;-1.4466,0.7546,-0.1676;-0.6685,0.3149,-0.7893;-2.8250,0.5836,-0.6433;-3.1574,-0.5851,-1.3414;-2.4124,-1.3604,-1.5061;-4.4516,-0.7786,-1.8313;-4.6984,-1.6920,-2.3661;-5.4238,0.2001,-1.6383;-6.4300,0.0516,-2.0216;-5.1014,1.3742,-0.9613;-5.8548,2.1450,-0.8207;-3.8072,1.5677,-0.4707;-3.5757,2.5027,0.0337;</g>
	</geometry>
	<conformers/>
	<properties/>
</molecule>
