<?xml version="1.0" ?>
<!--MOLLI PACKAGE EXPERIMENTAL XML FORMAT-->
<molecule name="react_340">
	<atoms>
		<a id="1" s="H" t="H" l="H"/>
		<a id="2" s="C" t="C.2" l="C"/>
		<a id="3" s="C" t="C.2" l="C"/>
		<a id="4" s="O" t="O.2" l="O"/>
		<a id="5" s="N" t="N.am" l="N"/>
		<a id="6" s="O" t="O.3" l="O"/>
		<a id="7" s="C" t="C.3" l="C"/>
		<a id="8" s="H" t="H" l="H"/>
		<a id="9" s="H" t="H" l="H"/>
		<a id="10" s="H" t="H" l="H"/>
		<a id="11" s="C" t="C.3" l="C"/>
		<a id="12" s="H" t="H" l="H"/>
		<a id="13" s="H" t="H" l="H"/>
		<a id="14" s="H" t="H" l="H"/>
		<a id="15" s="C" t="C.2" l="C"/>
		<a id="16" s="H" t="H" l="H"/>
		<a id="17" s="C" t="C.ar" l="C"/>
		<a id="18" s="C" t="C.ar" l="C"/>
		<a id="19" s="H" t="H" l="H"/>
		<a id="20" s="C" t="C.ar" l="C"/>
		<a id="21" s="H" t="H" l="H"/>
		<a id="22" s="C" t="C.ar" l="C"/>
		<a id="23" s="H" t="H" l="H"/>
		<a id="24" s="C" t="C.ar" l="C"/>
		<a id="25" s="H" t="H" l="H"/>
		<a id="26" s="C" t="C.ar" l="C"/>
		<a id="27" s="H" t="H" l="H"/>
	</atoms>
	<bonds>
		<b id="1" c="7 6" t="1"/>
		<b id="2" c="6 5" t="1"/>
		<b id="3" c="5 11" t="1"/>
		<b id="4" c="5 3" t="am"/>
		<b id="5" c="3 4" t="2"/>
		<b id="6" c="3 2" t="1"/>
		<b id="7" c="2 15" t="2"/>
		<b id="8" c="15 17" t="1"/>
		<b id="9" c="17 18" t="ar"/>
		<b id="10" c="18 20" t="ar"/>
		<b id="11" c="20 22" t="ar"/>
		<b id="12" c="22 24" t="ar"/>
		<b id="13" c="24 26" t="ar"/>
		<b id="14" c="26 17" t="ar"/>
		<b id="15" c="7 8" t="1"/>
		<b id="16" c="7 9" t="1"/>
		<b id="17" c="7 10" t="1"/>
		<b id="18" c="11 12" t="1"/>
		<b id="19" c="11 13" t="1"/>
		<b id="20" c="11 14" t="1"/>
		<b id="21" c="2 1" t="1"/>
		<b id="22" c="15 16" t="1"/>
		<b id="23" c="18 19" t="1"/>
		<b id="24" c="20 21" t="1"/>
		<b id="25" c="22 23" t="1"/>
		<b id="26" c="24 25" t="1"/>
		<b id="27" c="26 27" t="1"/>
	</bonds>
	<geometry>
		<g u="A" t="cart/3d">#27,3:0.4797,0.6368,0.2310;0.4577,-0.4212,0.0129;1.7458,-1.1738,0.0240;1.7792,-2.3682,-0.2712;2.8855,-0.4369,0.3301;2.6739,0.7054,1.1508;3.0969,1.8614,0.4271;2.5532,1.9472,-0.5190;4.1744,1.8220,0.2406;2.8798,2.7428,1.0363;4.0445,-1.1709,0.8005;4.2809,-1.9792,0.1025;4.9004,-0.4951,0.8774;3.8244,-1.6011,1.7827;-0.6885,-1.0552,-0.2812;-0.6822,-2.1162,-0.5254;-1.9992,-0.3942,-0.3293;-2.9252,-0.7996,-1.2992;-2.6649,-1.5722,-2.0197;-4.1917,-0.2134,-1.3634;-4.8985,-0.5324,-2.1250;-4.5494,0.7761,-0.4503;-5.5357,1.2302,-0.4983;-3.6437,1.1758,0.5301;-3.9252,1.9388,1.2512;-2.3764,0.5902,0.5939;-1.6956,0.9030,1.3817;</g>
	</geometry>
	<conformers/>
	<properties/>
</molecule>
