<?xml version="1.0" ?>
<!--MOLLI PACKAGE EXPERIMENTAL XML FORMAT-->
<molecule name="react_181">
	<atoms>
		<a id="1" s="H" t="H" l="H"/>
		<a id="2" s="C" t="C.2" l="C"/>
		<a id="3" s="H" t="H" l="H"/>
		<a id="4" s="C" t="C.2" l="C"/>
		<a id="5" s="H" t="H" l="H"/>
		<a id="6" s="C" t="C.3" l="C"/>
		<a id="7" s="F" t="F" l="F"/>
		<a id="8" s="F" t="F" l="F"/>
		<a id="9" s="F" t="F" l="F"/>
	</atoms>
	<bonds>
		<b id="1" c="2 4" t="2"/>
		<b id="2" c="4 6" t="1"/>
		<b id="3" c="6 7" t="1"/>
		<b id="4" c="6 8" t="1"/>
		<b id="5" c="6 9" t="1"/>
		<b id="6" c="2 1" t="1"/>
		<b id="7" c="2 3" t="1"/>
		<b id="8" c="4 5" t="1"/>
	</bonds>
	<geometry>
		<g u="A" t="cart/3d">#9,3:-2.2840,-0.5763,-0.4732;-1.4303,-0.1448,0.0407;-1.6219,0.4163,0.9519;-0.1859,-0.3015,-0.4357;-0.0334,-0.8681,-1.3482;1.0682,0.2362,0.1694;1.7117,1.0623,-0.6910;0.8456,0.9389,1.3072;1.9299,-0.7631,0.4789;</g>
	</geometry>
	<conformers/>
	<properties/>
</molecule>
