<?xml version="1.0" ?>
<!--MOLLI PACKAGE EXPERIMENTAL XML FORMAT-->
<molecule name="react_341">
	<atoms>
		<a id="1" s="H" t="H" l="H"/>
		<a id="2" s="C" t="C.2" l="C"/>
		<a id="3" s="C" t="C.2" l="C"/>
		<a id="4" s="H" t="H" l="H"/>
		<a id="5" s="C" t="C.3" l="C"/>
		<a id="6" s="H" t="H" l="H"/>
		<a id="7" s="H" t="H" l="H"/>
		<a id="8" s="C" t="C.2" l="C"/>
		<a id="9" s="O" t="O.2" l="O"/>
		<a id="10" s="N" t="N.am" l="N"/>
		<a id="11" s="C" t="C.3" l="C"/>
		<a id="12" s="H" t="H" l="H"/>
		<a id="13" s="H" t="H" l="H"/>
		<a id="14" s="H" t="H" l="H"/>
		<a id="15" s="C" t="C.3" l="C"/>
		<a id="16" s="H" t="H" l="H"/>
		<a id="17" s="H" t="H" l="H"/>
		<a id="18" s="C" t="C.ar" l="C"/>
		<a id="19" s="C" t="C.ar" l="C"/>
		<a id="20" s="H" t="H" l="H"/>
		<a id="21" s="C" t="C.ar" l="C"/>
		<a id="22" s="H" t="H" l="H"/>
		<a id="23" s="C" t="C.ar" l="C"/>
		<a id="24" s="H" t="H" l="H"/>
		<a id="25" s="C" t="C.ar" l="C"/>
		<a id="26" s="H" t="H" l="H"/>
		<a id="27" s="C" t="C.ar" l="C"/>
		<a id="28" s="H" t="H" l="H"/>
		<a id="29" s="C" t="C.ar" l="C"/>
		<a id="30" s="C" t="C.ar" l="C"/>
		<a id="31" s="H" t="H" l="H"/>
		<a id="32" s="C" t="C.ar" l="C"/>
		<a id="33" s="H" t="H" l="H"/>
		<a id="34" s="C" t="C.ar" l="C"/>
		<a id="35" s="H" t="H" l="H"/>
		<a id="36" s="C" t="C.ar" l="C"/>
		<a id="37" s="H" t="H" l="H"/>
		<a id="38" s="C" t="C.ar" l="C"/>
		<a id="39" s="H" t="H" l="H"/>
	</atoms>
	<bonds>
		<b id="1" c="11 10" t="1"/>
		<b id="2" c="10 15" t="1"/>
		<b id="3" c="15 18" t="1"/>
		<b id="4" c="18 19" t="ar"/>
		<b id="5" c="19 21" t="ar"/>
		<b id="6" c="21 23" t="ar"/>
		<b id="7" c="23 25" t="ar"/>
		<b id="8" c="25 27" t="ar"/>
		<b id="9" c="10 8" t="am"/>
		<b id="10" c="8 9" t="2"/>
		<b id="11" c="8 5" t="1"/>
		<b id="12" c="5 3" t="1"/>
		<b id="13" c="3 2" t="2"/>
		<b id="14" c="2 29" t="1"/>
		<b id="15" c="29 30" t="ar"/>
		<b id="16" c="30 32" t="ar"/>
		<b id="17" c="32 34" t="ar"/>
		<b id="18" c="34 36" t="ar"/>
		<b id="19" c="36 38" t="ar"/>
		<b id="20" c="27 18" t="ar"/>
		<b id="21" c="38 29" t="ar"/>
		<b id="22" c="11 12" t="1"/>
		<b id="23" c="11 13" t="1"/>
		<b id="24" c="11 14" t="1"/>
		<b id="25" c="15 16" t="1"/>
		<b id="26" c="15 17" t="1"/>
		<b id="27" c="19 20" t="1"/>
		<b id="28" c="21 22" t="1"/>
		<b id="29" c="23 24" t="1"/>
		<b id="30" c="25 26" t="1"/>
		<b id="31" c="27 28" t="1"/>
		<b id="32" c="5 6" t="1"/>
		<b id="33" c="5 7" t="1"/>
		<b id="34" c="3 4" t="1"/>
		<b id="35" c="2 1" t="1"/>
		<b id="36" c="30 31" t="1"/>
		<b id="37" c="32 33" t="1"/>
		<b id="38" c="34 35" t="1"/>
		<b id="39" c="36 37" t="1"/>
		<b id="40" c="38 39" t="1"/>
	</bonds>
	<geometry>
		<g u="A" t="cart/3d">#39,3:1.9350,-0.8271,-0.5664;2.3847,0.1423,-0.7713;1.6649,1.1349,-1.3208;2.1381,2.0978,-1.5037;0.2143,1.0799,-1.7207;0.1532,1.1785,-2.8121;-0.3160,1.9517,-1.3236;-0.5390,-0.1987,-1.3418;-0.6157,-1.1254,-2.1532;-1.1031,-0.2766,-0.0722;-1.0951,0.8164,0.8894;-1.9452,1.4735,0.6846;-0.1726,1.3961,0.8267;-1.1723,0.4159,1.9045;-1.9707,-1.4137,0.2297;-1.7348,-2.2676,-0.4164;-1.7523,-1.7449,1.2524;-3.4362,-1.0761,0.0799;-4.2341,-0.8254,1.2057;-3.8097,-0.8833,2.2052;-5.5835,-0.4993,1.0582;-6.1958,-0.3091,1.9359;-6.1477,-0.4183,-0.2137;-7.1985,-0.1657,-0.3280;-5.3642,-0.6628,-1.3398;-5.8021,-0.6009,-2.3326;-4.0152,-0.9889,-1.1945;-3.4121,-1.1781,-2.0815;3.7982,0.2694,-0.3884;4.2438,-0.3706,0.7755;3.5476,-0.9292,1.3968;5.5848,-0.2956,1.1604;5.9169,-0.7916,2.0686;6.4964,0.4105,0.3786;7.5402,0.4667,0.6758;6.0691,1.0366,-0.7905;6.7805,1.5776,-1.4090;4.7277,0.9620,-1.1750;4.4209,1.4391,-2.1024;</g>
	</geometry>
	<conformers/>
	<properties/>
</molecule>
