<?xml version="1.0" ?>
<!--MOLLI PACKAGE EXPERIMENTAL XML FORMAT-->
<molecule name="react_342">
	<atoms>
		<a id="1" s="H" t="H" l="H"/>
		<a id="2" s="C" t="C.2" l="C"/>
		<a id="3" s="C" t="C.2" l="C"/>
		<a id="4" s="H" t="H" l="H"/>
		<a id="5" s="C" t="C.3" l="C"/>
		<a id="6" s="H" t="H" l="H"/>
		<a id="7" s="H" t="H" l="H"/>
		<a id="8" s="C" t="C.2" l="C"/>
		<a id="9" s="O" t="O.2" l="O"/>
		<a id="10" s="N" t="N.am" l="N"/>
		<a id="11" s="O" t="O.3" l="O"/>
		<a id="12" s="C" t="C.3" l="C"/>
		<a id="13" s="H" t="H" l="H"/>
		<a id="14" s="H" t="H" l="H"/>
		<a id="15" s="H" t="H" l="H"/>
		<a id="16" s="C" t="C.3" l="C"/>
		<a id="17" s="H" t="H" l="H"/>
		<a id="18" s="H" t="H" l="H"/>
		<a id="19" s="H" t="H" l="H"/>
		<a id="20" s="C" t="C.ar" l="C"/>
		<a id="21" s="C" t="C.ar" l="C"/>
		<a id="22" s="H" t="H" l="H"/>
		<a id="23" s="C" t="C.ar" l="C"/>
		<a id="24" s="H" t="H" l="H"/>
		<a id="25" s="C" t="C.ar" l="C"/>
		<a id="26" s="H" t="H" l="H"/>
		<a id="27" s="C" t="C.ar" l="C"/>
		<a id="28" s="H" t="H" l="H"/>
		<a id="29" s="C" t="C.ar" l="C"/>
		<a id="30" s="H" t="H" l="H"/>
	</atoms>
	<bonds>
		<b id="1" c="12 11" t="1"/>
		<b id="2" c="11 10" t="1"/>
		<b id="3" c="10 16" t="1"/>
		<b id="4" c="10 8" t="am"/>
		<b id="5" c="8 9" t="2"/>
		<b id="6" c="8 5" t="1"/>
		<b id="7" c="5 3" t="1"/>
		<b id="8" c="3 2" t="2"/>
		<b id="9" c="2 20" t="1"/>
		<b id="10" c="20 21" t="ar"/>
		<b id="11" c="21 23" t="ar"/>
		<b id="12" c="23 25" t="ar"/>
		<b id="13" c="25 27" t="ar"/>
		<b id="14" c="27 29" t="ar"/>
		<b id="15" c="29 20" t="ar"/>
		<b id="16" c="12 13" t="1"/>
		<b id="17" c="12 14" t="1"/>
		<b id="18" c="12 15" t="1"/>
		<b id="19" c="16 17" t="1"/>
		<b id="20" c="16 18" t="1"/>
		<b id="21" c="16 19" t="1"/>
		<b id="22" c="5 6" t="1"/>
		<b id="23" c="5 7" t="1"/>
		<b id="24" c="3 4" t="1"/>
		<b id="25" c="2 1" t="1"/>
		<b id="26" c="21 22" t="1"/>
		<b id="27" c="23 24" t="1"/>
		<b id="28" c="25 26" t="1"/>
		<b id="29" c="27 28" t="1"/>
		<b id="30" c="29 30" t="1"/>
	</bonds>
	<geometry>
		<g u="A" t="cart/3d">#30,3:1.0005,0.1083,-1.6837;1.2659,-0.1221,-0.6544;0.3060,-0.4090,0.2403;0.5611,-0.6029,1.2802;-1.1613,-0.4507,-0.0923;-1.5175,-1.4747,0.0635;-1.3223,-0.1798,-1.1418;-1.9931,0.4907,0.7877;-1.4880,1.2407,1.6257;-3.3760,0.3994,0.6151;-3.7760,-0.0533,-0.6716;-4.5151,-1.2640,-0.5139;-5.4403,-1.0767,0.0397;-4.7728,-1.6379,-1.5083;-3.9153,-2.0213,0.0001;-4.1823,1.5335,1.0228;-5.2419,1.2771,0.9418;-3.9578,2.3866,0.3749;-3.9497,1.8008,2.0576;2.7009,-0.0642,-0.3408;3.3078,-0.9457,0.5635;2.7198,-1.6993,1.0808;4.6821,-0.8793,0.8091;5.1393,-1.5659,1.5165;5.4655,0.0625,0.1457;6.5338,0.1146,0.3378;4.8768,0.9351,-0.7666;5.4853,1.6697,-1.2874;3.5029,0.8680,-1.0124;3.0616,1.5599,-1.7261;</g>
	</geometry>
	<conformers/>
	<properties/>
</molecule>
