<?xml version="1.0" ?>
<!--MOLLI PACKAGE EXPERIMENTAL XML FORMAT-->
<molecule name="react_343">
	<atoms>
		<a id="1" s="H" t="H" l="H"/>
		<a id="2" s="C" t="C.2" l="C"/>
		<a id="3" s="C" t="C.2" l="C"/>
		<a id="4" s="H" t="H" l="H"/>
		<a id="5" s="C" t="C.3" l="C"/>
		<a id="6" s="H" t="H" l="H"/>
		<a id="7" s="H" t="H" l="H"/>
		<a id="8" s="C" t="C.3" l="C"/>
		<a id="9" s="H" t="H" l="H"/>
		<a id="10" s="H" t="H" l="H"/>
		<a id="11" s="C" t="C.3" l="C"/>
		<a id="12" s="H" t="H" l="H"/>
		<a id="13" s="H" t="H" l="H"/>
		<a id="14" s="C" t="C.3" l="C"/>
		<a id="15" s="H" t="H" l="H"/>
		<a id="16" s="H" t="H" l="H"/>
		<a id="17" s="H" t="H" l="H"/>
		<a id="18" s="C" t="C.3" l="C"/>
		<a id="19" s="H" t="H" l="H"/>
		<a id="20" s="H" t="H" l="H"/>
		<a id="21" s="C" t="C.2" l="C"/>
		<a id="22" s="O" t="O.2" l="O"/>
		<a id="23" s="N" t="N.am" l="N"/>
		<a id="24" s="O" t="O.3" l="O"/>
		<a id="25" s="C" t="C.3" l="C"/>
		<a id="26" s="H" t="H" l="H"/>
		<a id="27" s="H" t="H" l="H"/>
		<a id="28" s="H" t="H" l="H"/>
		<a id="29" s="C" t="C.3" l="C"/>
		<a id="30" s="H" t="H" l="H"/>
		<a id="31" s="H" t="H" l="H"/>
		<a id="32" s="H" t="H" l="H"/>
	</atoms>
	<bonds>
		<b id="1" c="14 11" t="1"/>
		<b id="2" c="11 8" t="1"/>
		<b id="3" c="8 5" t="1"/>
		<b id="4" c="5 3" t="1"/>
		<b id="5" c="3 2" t="2"/>
		<b id="6" c="2 18" t="1"/>
		<b id="7" c="18 21" t="1"/>
		<b id="8" c="21 22" t="2"/>
		<b id="9" c="21 23" t="am"/>
		<b id="10" c="23 29" t="1"/>
		<b id="11" c="23 24" t="1"/>
		<b id="12" c="24 25" t="1"/>
		<b id="13" c="14 15" t="1"/>
		<b id="14" c="14 16" t="1"/>
		<b id="15" c="14 17" t="1"/>
		<b id="16" c="11 12" t="1"/>
		<b id="17" c="11 13" t="1"/>
		<b id="18" c="8 9" t="1"/>
		<b id="19" c="8 10" t="1"/>
		<b id="20" c="5 6" t="1"/>
		<b id="21" c="5 7" t="1"/>
		<b id="22" c="3 4" t="1"/>
		<b id="23" c="2 1" t="1"/>
		<b id="24" c="18 19" t="1"/>
		<b id="25" c="18 20" t="1"/>
		<b id="26" c="29 30" t="1"/>
		<b id="27" c="29 31" t="1"/>
		<b id="28" c="29 32" t="1"/>
		<b id="29" c="25 26" t="1"/>
		<b id="30" c="25 27" t="1"/>
		<b id="31" c="25 28" t="1"/>
	</bonds>
	<geometry>
		<g u="A" t="cart/3d">#32,3:1.1845,1.3350,0.1544;0.3980,0.6388,-0.1267;0.7239,-0.4980,-0.7637;-0.0719,-1.1844,-1.0540;2.0969,-0.9608,-1.1795;2.1340,-0.9141,-2.2753;2.1878,-2.0222,-0.9159;3.3191,-0.2162,-0.6277;4.2023,-0.5584,-1.1826;3.2336,0.8595,-0.8220;3.5544,-0.4742,0.8630;2.6911,-0.1533,1.4547;3.6809,-1.5494,1.0361;4.7907,0.2574,1.3628;5.6851,-0.0676,0.8218;4.9459,0.0556,2.4273;4.6844,1.3393,1.2339;-0.9846,1.0832,0.2791;-1.0903,0.8454,1.3427;-1.0412,2.1737,0.1745;-2.1780,0.5196,-0.5107;-2.1102,0.2751,-1.7163;-3.3270,0.2888,0.2676;-4.4244,-0.0724,-0.5764;-4.6294,-1.4778,-0.4626;-4.8632,-1.7463,0.5724;-5.4775,-1.7526,-1.0954;-3.7457,-2.0253,-0.8051;-3.8007,1.3060,1.1872;-3.0596,1.4921,1.9672;-4.7299,0.9674,1.6549;-3.9791,2.2360,0.6382;</g>
	</geometry>
	<conformers/>
	<properties/>
</molecule>
