<?xml version="1.0" ?>
<!--MOLLI PACKAGE EXPERIMENTAL XML FORMAT-->
<molecule name="react_344">
	<atoms>
		<a id="1" s="H" t="H" l="H"/>
		<a id="2" s="C" t="C.2" l="C"/>
		<a id="3" s="C" t="C.2" l="C"/>
		<a id="4" s="O" t="O.2" l="O"/>
		<a id="5" s="C" t="C.3" l="C"/>
		<a id="6" s="H" t="H" l="H"/>
		<a id="7" s="H" t="H" l="H"/>
		<a id="8" s="H" t="H" l="H"/>
		<a id="9" s="C" t="C.2" l="C"/>
		<a id="10" s="H" t="H" l="H"/>
		<a id="11" s="C" t="C.3" l="C"/>
		<a id="12" s="H" t="H" l="H"/>
		<a id="13" s="H" t="H" l="H"/>
		<a id="14" s="C" t="C.3" l="C"/>
		<a id="15" s="H" t="H" l="H"/>
		<a id="16" s="H" t="H" l="H"/>
		<a id="17" s="C" t="C.3" l="C"/>
		<a id="18" s="H" t="H" l="H"/>
		<a id="19" s="H" t="H" l="H"/>
		<a id="20" s="C" t="C.3" l="C"/>
		<a id="21" s="H" t="H" l="H"/>
		<a id="22" s="H" t="H" l="H"/>
		<a id="23" s="C" t="C.3" l="C"/>
		<a id="24" s="H" t="H" l="H"/>
		<a id="25" s="H" t="H" l="H"/>
		<a id="26" s="H" t="H" l="H"/>
	</atoms>
	<bonds>
		<b id="1" c="23 20" t="1"/>
		<b id="2" c="20 17" t="1"/>
		<b id="3" c="17 14" t="1"/>
		<b id="4" c="14 11" t="1"/>
		<b id="5" c="11 9" t="1"/>
		<b id="6" c="9 2" t="2"/>
		<b id="7" c="2 3" t="1"/>
		<b id="8" c="3 5" t="1"/>
		<b id="9" c="3 4" t="2"/>
		<b id="10" c="23 24" t="1"/>
		<b id="11" c="23 25" t="1"/>
		<b id="12" c="23 26" t="1"/>
		<b id="13" c="20 21" t="1"/>
		<b id="14" c="20 22" t="1"/>
		<b id="15" c="17 18" t="1"/>
		<b id="16" c="17 19" t="1"/>
		<b id="17" c="14 15" t="1"/>
		<b id="18" c="14 16" t="1"/>
		<b id="19" c="11 12" t="1"/>
		<b id="20" c="11 13" t="1"/>
		<b id="21" c="9 10" t="1"/>
		<b id="22" c="2 1" t="1"/>
		<b id="23" c="5 6" t="1"/>
		<b id="24" c="5 7" t="1"/>
		<b id="25" c="5 8" t="1"/>
	</bonds>
	<geometry>
		<g u="A" t="cart/3d">#26,3:2.1945,-0.9083,-0.8930;2.4270,0.0081,-0.3645;3.8555,0.2551,-0.0136;4.2109,1.2837,0.5573;4.8499,-0.8015,-0.4156;5.3831,-0.4735,-1.3113;4.3553,-1.7552,-0.6184;5.5573,-0.9581,0.4037;1.4754,0.8937,-0.0324;1.7505,1.8072,0.4952;0.0188,0.7205,-0.3552;-0.1282,-0.1767,-0.9666;-0.3062,1.5761,-0.9588;-0.8230,0.6347,0.9204;-0.5248,-0.2440,1.5063;-0.6204,1.5121,1.5483;-2.3301,0.5826,0.6515;-2.6297,1.4596,0.0648;-2.8508,0.6552,1.6146;-2.7771,-0.6942,-0.0613;-2.4352,-1.5728,0.4977;-2.3323,-0.7491,-1.0605;-4.2909,-0.7502,-0.2004;-4.7762,-0.7380,0.7807;-4.5903,-1.6683,-0.7156;-4.6631,0.1013,-0.7791;</g>
	</geometry>
	<conformers/>
	<properties/>
</molecule>
