<?xml version="1.0" ?>
<!--MOLLI PACKAGE EXPERIMENTAL XML FORMAT-->
<molecule name="react_345">
	<atoms>
		<a id="1" s="H" t="H" l="H"/>
		<a id="2" s="C" t="C.2" l="C"/>
		<a id="3" s="C" t="C.2" l="C"/>
		<a id="4" s="O" t="O.2" l="O"/>
		<a id="5" s="C" t="C.3" l="C"/>
		<a id="6" s="H" t="H" l="H"/>
		<a id="7" s="H" t="H" l="H"/>
		<a id="8" s="H" t="H" l="H"/>
		<a id="9" s="C" t="C.2" l="C"/>
		<a id="10" s="H" t="H" l="H"/>
		<a id="11" s="C" t="C.ar" l="C"/>
		<a id="12" s="C" t="C.ar" l="C"/>
		<a id="13" s="H" t="H" l="H"/>
		<a id="14" s="C" t="C.ar" l="C"/>
		<a id="15" s="H" t="H" l="H"/>
		<a id="16" s="C" t="C.ar" l="C"/>
		<a id="17" s="H" t="H" l="H"/>
		<a id="18" s="C" t="C.ar" l="C"/>
		<a id="19" s="H" t="H" l="H"/>
		<a id="20" s="C" t="C.ar" l="C"/>
		<a id="21" s="H" t="H" l="H"/>
	</atoms>
	<bonds>
		<b id="1" c="5 3" t="1"/>
		<b id="2" c="3 4" t="2"/>
		<b id="3" c="3 2" t="1"/>
		<b id="4" c="2 9" t="2"/>
		<b id="5" c="9 11" t="1"/>
		<b id="6" c="11 12" t="ar"/>
		<b id="7" c="12 14" t="ar"/>
		<b id="8" c="14 16" t="ar"/>
		<b id="9" c="16 18" t="ar"/>
		<b id="10" c="18 20" t="ar"/>
		<b id="11" c="20 11" t="ar"/>
		<b id="12" c="5 6" t="1"/>
		<b id="13" c="5 7" t="1"/>
		<b id="14" c="5 8" t="1"/>
		<b id="15" c="2 1" t="1"/>
		<b id="16" c="9 10" t="1"/>
		<b id="17" c="12 13" t="1"/>
		<b id="18" c="14 15" t="1"/>
		<b id="19" c="16 17" t="1"/>
		<b id="20" c="18 19" t="1"/>
		<b id="21" c="20 21" t="1"/>
	</bonds>
	<geometry>
		<g u="A" t="cart/3d">#21,3:1.5079,0.9627,0.5789;1.5451,-0.0155,0.1164;2.8908,-0.5685,-0.2045;3.0291,-1.6877,-0.6927;4.0798,0.2950,0.1241;3.7899,1.3435,0.2335;4.8054,0.2314,-0.6918;4.5337,-0.0540,1.0549;0.4420,-0.7314,-0.1476;0.5246,-1.7247,-0.5867;-0.9213,-0.2747,0.1523;-1.3241,1.0554,-0.0272;-0.6265,1.8034,-0.3946;-2.6390,1.4424,0.2456;-2.9406,2.4770,0.1035;-3.5661,0.5023,0.6903;-4.5892,0.8033,0.9004;-3.1818,-0.8262,0.8565;-3.9045,-1.5634,1.1966;-1.8676,-1.2136,0.5831;-1.5874,-2.2565,0.7172;</g>
	</geometry>
	<conformers/>
	<properties/>
</molecule>
