<?xml version="1.0" ?>
<!--MOLLI PACKAGE EXPERIMENTAL XML FORMAT-->
<molecule name="react_347">
	<atoms>
		<a id="1" s="H" t="H" l="H"/>
		<a id="2" s="C" t="C.2" l="C"/>
		<a id="3" s="C" t="C.2" l="C"/>
		<a id="4" s="C" t="C.2" l="C"/>
		<a id="5" s="O" t="O.2" l="O"/>
		<a id="6" s="C" t="C.3" l="C"/>
		<a id="7" s="H" t="H" l="H"/>
		<a id="8" s="H" t="H" l="H"/>
		<a id="9" s="C" t="C.3" l="C"/>
		<a id="10" s="H" t="H" l="H"/>
		<a id="11" s="H" t="H" l="H"/>
		<a id="12" s="H" t="H" l="H"/>
		<a id="13" s="C" t="C.3" l="C"/>
		<a id="14" s="H" t="H" l="H"/>
		<a id="15" s="H" t="H" l="H"/>
		<a id="16" s="H" t="H" l="H"/>
		<a id="17" s="C" t="C.3" l="C"/>
		<a id="18" s="H" t="H" l="H"/>
		<a id="19" s="H" t="H" l="H"/>
		<a id="20" s="O" t="O.3" l="O"/>
		<a id="21" s="Si" t="Si" l="SI"/>
		<a id="22" s="C" t="C.3" l="C"/>
		<a id="23" s="H" t="H" l="H"/>
		<a id="24" s="H" t="H" l="H"/>
		<a id="25" s="H" t="H" l="H"/>
		<a id="26" s="C" t="C.3" l="C"/>
		<a id="27" s="H" t="H" l="H"/>
		<a id="28" s="H" t="H" l="H"/>
		<a id="29" s="H" t="H" l="H"/>
		<a id="30" s="C" t="C.3" l="C"/>
		<a id="31" s="C" t="C.3" l="C"/>
		<a id="32" s="H" t="H" l="H"/>
		<a id="33" s="H" t="H" l="H"/>
		<a id="34" s="H" t="H" l="H"/>
		<a id="35" s="C" t="C.3" l="C"/>
		<a id="36" s="H" t="H" l="H"/>
		<a id="37" s="H" t="H" l="H"/>
		<a id="38" s="H" t="H" l="H"/>
		<a id="39" s="C" t="C.3" l="C"/>
		<a id="40" s="H" t="H" l="H"/>
		<a id="41" s="H" t="H" l="H"/>
		<a id="42" s="H" t="H" l="H"/>
	</atoms>
	<bonds>
		<b id="1" c="9 6" t="1"/>
		<b id="2" c="6 4" t="1"/>
		<b id="3" c="4 5" t="2"/>
		<b id="4" c="4 3" t="1"/>
		<b id="5" c="3 13" t="1"/>
		<b id="6" c="3 2" t="2"/>
		<b id="7" c="2 17" t="1"/>
		<b id="8" c="17 20" t="1"/>
		<b id="9" c="20 21" t="1"/>
		<b id="10" c="21 22" t="1"/>
		<b id="11" c="21 26" t="1"/>
		<b id="12" c="21 30" t="1"/>
		<b id="13" c="30 31" t="1"/>
		<b id="14" c="30 35" t="1"/>
		<b id="15" c="30 39" t="1"/>
		<b id="16" c="9 10" t="1"/>
		<b id="17" c="9 11" t="1"/>
		<b id="18" c="9 12" t="1"/>
		<b id="19" c="6 7" t="1"/>
		<b id="20" c="6 8" t="1"/>
		<b id="21" c="13 14" t="1"/>
		<b id="22" c="13 15" t="1"/>
		<b id="23" c="13 16" t="1"/>
		<b id="24" c="2 1" t="1"/>
		<b id="25" c="17 18" t="1"/>
		<b id="26" c="17 19" t="1"/>
		<b id="27" c="22 23" t="1"/>
		<b id="28" c="22 24" t="1"/>
		<b id="29" c="22 25" t="1"/>
		<b id="30" c="26 27" t="1"/>
		<b id="31" c="26 28" t="1"/>
		<b id="32" c="26 29" t="1"/>
		<b id="33" c="31 32" t="1"/>
		<b id="34" c="31 33" t="1"/>
		<b id="35" c="31 34" t="1"/>
		<b id="36" c="35 36" t="1"/>
		<b id="37" c="35 37" t="1"/>
		<b id="38" c="35 38" t="1"/>
		<b id="39" c="39 40" t="1"/>
		<b id="40" c="39 41" t="1"/>
		<b id="41" c="39 42" t="1"/>
	</bonds>
	<geometry>
		<g u="A" t="cart/3d">#42,3:2.4633,-1.6045,-0.2984;1.8861,-0.9767,0.3822;2.5205,-0.0029,1.0614;3.9952,0.1001,0.8200;4.7124,-0.8859,0.9804;4.5194,1.4423,0.3416;4.0814,1.6494,-0.6432;4.2038,2.2273,1.0372;6.0349,1.4597,0.2325;6.3930,0.6892,-0.4593;6.3819,2.4324,-0.1299;6.4977,1.2721,1.2088;1.9234,0.9572,2.0379;1.0271,0.5539,2.5192;1.6552,1.8942,1.5405;2.6327,1.1834,2.8411;0.4303,-1.3133,0.4300;0.3291,-2.3992,0.5346;-0.0726,-0.8393,1.2757;-0.1296,-0.8716,-0.7979;-1.7553,-1.1082,-1.1238;-2.3878,-2.7822,-0.5695;-1.8225,-3.5801,-1.0609;-2.2823,-2.9079,0.5125;-3.4451,-2.9033,-0.8280;-2.0731,-0.9050,-2.9717;-1.4504,-1.6010,-3.5417;-1.8338,0.1118,-3.2927;-3.1194,-1.1102,-3.2125;-2.8764,0.3574,-0.1612;-2.1149,1.6967,-0.2626;-1.9405,1.9820,-1.3058;-2.6837,2.5029,0.2140;-1.1400,1.6403,0.2350;-4.2541,0.4782,-0.8488;-4.7944,-0.4764,-0.8299;-4.1595,0.7925,-1.8944;-4.8752,1.2238,-0.3413;-3.0757,-0.0240,1.3195;-3.6754,0.7338,1.8372;-3.6027,-0.9813,1.4228;-2.1230,-0.1076,1.8524;</g>
	</geometry>
	<conformers/>
	<properties/>
</molecule>
