<?xml version="1.0" ?>
<!--MOLLI PACKAGE EXPERIMENTAL XML FORMAT-->
<molecule name="react_348">
	<atoms>
		<a id="1" s="H" t="H" l="H"/>
		<a id="2" s="C" t="C.2" l="C"/>
		<a id="3" s="C" t="C.2" l="C"/>
		<a id="4" s="H" t="H" l="H"/>
		<a id="5" s="C" t="C.3" l="C"/>
		<a id="6" s="H" t="H" l="H"/>
		<a id="7" s="H" t="H" l="H"/>
		<a id="8" s="S" t="S.3" l="S"/>
		<a id="9" s="C" t="C.ar" l="C"/>
		<a id="10" s="C" t="C.ar" l="C"/>
		<a id="11" s="H" t="H" l="H"/>
		<a id="12" s="C" t="C.ar" l="C"/>
		<a id="13" s="H" t="H" l="H"/>
		<a id="14" s="C" t="C.ar" l="C"/>
		<a id="15" s="H" t="H" l="H"/>
		<a id="16" s="C" t="C.ar" l="C"/>
		<a id="17" s="H" t="H" l="H"/>
		<a id="18" s="C" t="C.ar" l="C"/>
		<a id="19" s="H" t="H" l="H"/>
		<a id="20" s="C" t="C.ar" l="C"/>
		<a id="21" s="C" t="C.ar" l="C"/>
		<a id="22" s="H" t="H" l="H"/>
		<a id="23" s="C" t="C.ar" l="C"/>
		<a id="24" s="H" t="H" l="H"/>
		<a id="25" s="C" t="C.ar" l="C"/>
		<a id="26" s="H" t="H" l="H"/>
		<a id="27" s="C" t="C.ar" l="C"/>
		<a id="28" s="H" t="H" l="H"/>
		<a id="29" s="C" t="C.ar" l="C"/>
		<a id="30" s="H" t="H" l="H"/>
	</atoms>
	<bonds>
		<b id="1" c="3 2" t="2"/>
		<b id="2" c="2 20" t="1"/>
		<b id="3" c="20 21" t="ar"/>
		<b id="4" c="21 23" t="ar"/>
		<b id="5" c="23 25" t="ar"/>
		<b id="6" c="25 27" t="ar"/>
		<b id="7" c="27 29" t="ar"/>
		<b id="8" c="3 5" t="1"/>
		<b id="9" c="5 8" t="1"/>
		<b id="10" c="8 9" t="1"/>
		<b id="11" c="9 10" t="ar"/>
		<b id="12" c="10 12" t="ar"/>
		<b id="13" c="12 14" t="ar"/>
		<b id="14" c="14 16" t="ar"/>
		<b id="15" c="16 18" t="ar"/>
		<b id="16" c="29 20" t="ar"/>
		<b id="17" c="18 9" t="ar"/>
		<b id="18" c="3 4" t="1"/>
		<b id="19" c="2 1" t="1"/>
		<b id="20" c="21 22" t="1"/>
		<b id="21" c="23 24" t="1"/>
		<b id="22" c="25 26" t="1"/>
		<b id="23" c="27 28" t="1"/>
		<b id="24" c="29 30" t="1"/>
		<b id="25" c="5 6" t="1"/>
		<b id="26" c="5 7" t="1"/>
		<b id="27" c="10 11" t="1"/>
		<b id="28" c="12 13" t="1"/>
		<b id="29" c="14 15" t="1"/>
		<b id="30" c="16 17" t="1"/>
		<b id="31" c="18 19" t="1"/>
	</bonds>
	<geometry>
		<g u="A" t="cart/3d">#30,3:-1.3943,-0.1789,1.8832;-1.6780,-0.2588,0.8363;-0.7361,-0.3599,-0.1163;-1.0241,-0.4721,-1.1597;0.7365,-0.3671,0.1614;1.1738,-1.2873,-0.2400;0.9375,-0.3338,1.2371;1.4981,1.0744,-0.6497;3.2112,0.7403,-0.2878;3.6898,0.7517,1.0262;3.0233,0.9726,1.8560;5.0374,0.4938,1.2872;5.4040,0.5052,2.3105;5.9140,0.2309,0.2358;6.9635,0.0331,0.4387;5.4458,0.2314,-1.0772;6.1295,0.0349,-1.8990;4.0984,0.4897,-1.3387;3.7480,0.4929,-2.3681;-3.1218,-0.2648,0.5655;-3.6770,0.4045,-0.5330;-3.0411,0.9446,-1.2305;-5.0585,0.4027,-0.7425;-5.4767,0.9240,-1.5996;-5.8992,-0.2595,0.1497;-6.9737,-0.2597,-0.0131;-5.3602,-0.9151,1.2546;-6.0142,-1.4277,1.9550;-3.9787,-0.9126,1.4645;-3.5771,-1.4294,2.3329;</g>
	</geometry>
	<conformers/>
	<properties/>
</molecule>
