<?xml version="1.0" ?>
<!--MOLLI PACKAGE EXPERIMENTAL XML FORMAT-->
<molecule name="react_349">
	<atoms>
		<a id="1" s="H" t="H" l="H"/>
		<a id="2" s="C" t="C.2" l="C"/>
		<a id="3" s="C" t="C.2" l="C"/>
		<a id="4" s="H" t="H" l="H"/>
		<a id="5" s="C" t="C.3" l="C"/>
		<a id="6" s="H" t="H" l="H"/>
		<a id="7" s="H" t="H" l="H"/>
		<a id="8" s="S" t="S.3" l="S"/>
		<a id="9" s="C" t="C.3" l="C"/>
		<a id="10" s="H" t="H" l="H"/>
		<a id="11" s="H" t="H" l="H"/>
		<a id="12" s="C" t="C.ar" l="C"/>
		<a id="13" s="C" t="C.ar" l="C"/>
		<a id="14" s="H" t="H" l="H"/>
		<a id="15" s="C" t="C.ar" l="C"/>
		<a id="16" s="H" t="H" l="H"/>
		<a id="17" s="C" t="C.ar" l="C"/>
		<a id="18" s="H" t="H" l="H"/>
		<a id="19" s="C" t="C.ar" l="C"/>
		<a id="20" s="H" t="H" l="H"/>
		<a id="21" s="C" t="C.ar" l="C"/>
		<a id="22" s="H" t="H" l="H"/>
		<a id="23" s="C" t="C.ar" l="C"/>
		<a id="24" s="C" t="C.ar" l="C"/>
		<a id="25" s="H" t="H" l="H"/>
		<a id="26" s="C" t="C.ar" l="C"/>
		<a id="27" s="H" t="H" l="H"/>
		<a id="28" s="C" t="C.ar" l="C"/>
		<a id="29" s="H" t="H" l="H"/>
		<a id="30" s="C" t="C.ar" l="C"/>
		<a id="31" s="H" t="H" l="H"/>
		<a id="32" s="C" t="C.ar" l="C"/>
		<a id="33" s="H" t="H" l="H"/>
	</atoms>
	<bonds>
		<b id="1" c="3 2" t="2"/>
		<b id="2" c="2 23" t="1"/>
		<b id="3" c="23 24" t="ar"/>
		<b id="4" c="24 26" t="ar"/>
		<b id="5" c="26 28" t="ar"/>
		<b id="6" c="28 30" t="ar"/>
		<b id="7" c="30 32" t="ar"/>
		<b id="8" c="3 5" t="1"/>
		<b id="9" c="5 8" t="1"/>
		<b id="10" c="8 9" t="1"/>
		<b id="11" c="9 12" t="1"/>
		<b id="12" c="12 13" t="ar"/>
		<b id="13" c="13 15" t="ar"/>
		<b id="14" c="15 17" t="ar"/>
		<b id="15" c="17 19" t="ar"/>
		<b id="16" c="19 21" t="ar"/>
		<b id="17" c="32 23" t="ar"/>
		<b id="18" c="21 12" t="ar"/>
		<b id="19" c="3 4" t="1"/>
		<b id="20" c="2 1" t="1"/>
		<b id="21" c="24 25" t="1"/>
		<b id="22" c="26 27" t="1"/>
		<b id="23" c="28 29" t="1"/>
		<b id="24" c="30 31" t="1"/>
		<b id="25" c="32 33" t="1"/>
		<b id="26" c="5 6" t="1"/>
		<b id="27" c="5 7" t="1"/>
		<b id="28" c="9 10" t="1"/>
		<b id="29" c="9 11" t="1"/>
		<b id="30" c="13 14" t="1"/>
		<b id="31" c="15 16" t="1"/>
		<b id="32" c="17 18" t="1"/>
		<b id="33" c="19 20" t="1"/>
		<b id="34" c="21 22" t="1"/>
	</bonds>
	<geometry>
		<g u="A" t="cart/3d">#33,3:2.0523,-1.0610,-2.1271;1.8902,-0.6066,-1.1520;0.6454,-0.3125,-0.7412;0.4884,0.1224,0.2419;-0.5796,-0.5219,-1.5771;-1.2163,0.3671,-1.5586;-0.3045,-0.6813,-2.6257;-1.4940,-1.9953,-1.0348;-2.1251,-1.4365,0.5797;-1.2807,-1.2403,1.2489;-2.6746,-2.2714,1.0303;-3.0487,-0.2470,0.5013;-4.2945,-0.3464,-0.1367;-4.6045,-1.2866,-0.5892;-5.1479,0.7559,-0.2047;-6.1088,0.6674,-0.7050;-4.7689,1.9681,0.3679;-5.4344,2.8257,0.3148;-3.5376,2.0790,1.0105;-3.2439,3.0240,1.4602;-2.6823,0.9777,1.0793;-1.7272,1.0837,1.5886;3.0931,-0.3913,-0.3379;4.1144,-1.3492,-0.3709;4.0022,-2.2525,-0.9664;5.2852,-1.1664,0.3691;6.0671,-1.9208,0.3416;5.4508,-0.0180,1.1405;6.3622,0.1249,1.7151;4.4486,0.9496,1.1689;4.5799,1.8507,1.7621;3.2771,0.7663,0.4295;2.5165,1.5425,0.4506;</g>
	</geometry>
	<conformers/>
	<properties/>
</molecule>
