<?xml version="1.0" ?>
<!--MOLLI PACKAGE EXPERIMENTAL XML FORMAT-->
<molecule name="react_350">
	<atoms>
		<a id="1" s="H" t="H" l="H"/>
		<a id="2" s="C" t="C.2" l="C"/>
		<a id="3" s="C" t="C.2" l="C"/>
		<a id="4" s="H" t="H" l="H"/>
		<a id="5" s="C" t="C.3" l="C"/>
		<a id="6" s="H" t="H" l="H"/>
		<a id="7" s="H" t="H" l="H"/>
		<a id="8" s="C" t="C.3" l="C"/>
		<a id="9" s="H" t="H" l="H"/>
		<a id="10" s="H" t="H" l="H"/>
		<a id="11" s="C" t="C.3" l="C"/>
		<a id="12" s="H" t="H" l="H"/>
		<a id="13" s="H" t="H" l="H"/>
		<a id="14" s="H" t="H" l="H"/>
		<a id="15" s="C" t="C.3" l="C"/>
		<a id="16" s="H" t="H" l="H"/>
		<a id="17" s="H" t="H" l="H"/>
		<a id="18" s="S" t="S.3" l="S"/>
		<a id="19" s="C" t="C.ar" l="C"/>
		<a id="20" s="C" t="C.ar" l="C"/>
		<a id="21" s="H" t="H" l="H"/>
		<a id="22" s="C" t="C.ar" l="C"/>
		<a id="23" s="H" t="H" l="H"/>
		<a id="24" s="C" t="C.ar" l="C"/>
		<a id="25" s="H" t="H" l="H"/>
		<a id="26" s="C" t="C.ar" l="C"/>
		<a id="27" s="H" t="H" l="H"/>
		<a id="28" s="C" t="C.ar" l="C"/>
		<a id="29" s="H" t="H" l="H"/>
	</atoms>
	<bonds>
		<b id="1" c="11 8" t="1"/>
		<b id="2" c="8 5" t="1"/>
		<b id="3" c="5 3" t="1"/>
		<b id="4" c="3 2" t="2"/>
		<b id="5" c="2 15" t="1"/>
		<b id="6" c="15 18" t="1"/>
		<b id="7" c="18 19" t="1"/>
		<b id="8" c="19 20" t="ar"/>
		<b id="9" c="20 22" t="ar"/>
		<b id="10" c="22 24" t="ar"/>
		<b id="11" c="24 26" t="ar"/>
		<b id="12" c="26 28" t="ar"/>
		<b id="13" c="28 19" t="ar"/>
		<b id="14" c="11 12" t="1"/>
		<b id="15" c="11 13" t="1"/>
		<b id="16" c="11 14" t="1"/>
		<b id="17" c="8 9" t="1"/>
		<b id="18" c="8 10" t="1"/>
		<b id="19" c="5 6" t="1"/>
		<b id="20" c="5 7" t="1"/>
		<b id="21" c="3 4" t="1"/>
		<b id="22" c="2 1" t="1"/>
		<b id="23" c="15 16" t="1"/>
		<b id="24" c="15 17" t="1"/>
		<b id="25" c="20 21" t="1"/>
		<b id="26" c="22 23" t="1"/>
		<b id="27" c="24 25" t="1"/>
		<b id="28" c="26 27" t="1"/>
		<b id="29" c="28 29" t="1"/>
	</bonds>
	<geometry>
		<g u="A" t="cart/3d">#29,3:1.3507,-1.6162,-1.2509;0.7911,-1.5595,-0.3206;1.1011,-0.6354,0.6045;0.5164,-0.6054,1.5239;2.1759,0.4164,0.5228;1.6951,1.3927,0.6635;2.8489,0.2721,1.3773;3.0048,0.4532,-0.7641;2.3513,0.6153,-1.6296;3.5159,-0.5054,-0.9119;4.0458,1.5621,-0.7214;4.7394,1.4172,0.1131;3.5710,2.5419,-0.6080;4.6272,1.5717,-1.6486;-0.3077,-2.5690,-0.1619;-0.7447,-2.5544,0.8419;0.1084,-3.5699,-0.3167;-1.5995,-2.2963,-1.4171;-2.3658,-0.8302,-0.7496;-2.1872,0.3985,-1.3918;-1.5770,0.4660,-2.2891;-2.7842,1.5529,-0.8812;-2.6372,2.5058,-1.3826;-3.5693,1.4821,0.2686;-4.0357,2.3807,0.6643;-3.7611,0.2574,0.9066;-4.3799,0.1999,1.7983;-3.1633,-0.8973,0.3970;-3.3304,-1.8471,0.8981;</g>
	</geometry>
	<conformers/>
	<properties/>
</molecule>
