<?xml version="1.0" ?>
<!--MOLLI PACKAGE EXPERIMENTAL XML FORMAT-->
<molecule name="react_351">
	<atoms>
		<a id="1" s="H" t="H" l="H"/>
		<a id="2" s="C" t="C.2" l="C"/>
		<a id="3" s="C" t="C.2" l="C"/>
		<a id="4" s="H" t="H" l="H"/>
		<a id="5" s="C" t="C.3" l="C"/>
		<a id="6" s="H" t="H" l="H"/>
		<a id="7" s="H" t="H" l="H"/>
		<a id="8" s="C" t="C.3" l="C"/>
		<a id="9" s="H" t="H" l="H"/>
		<a id="10" s="H" t="H" l="H"/>
		<a id="11" s="S" t="S.3" l="S"/>
		<a id="12" s="C" t="C.ar" l="C"/>
		<a id="13" s="C" t="C.ar" l="C"/>
		<a id="14" s="H" t="H" l="H"/>
		<a id="15" s="C" t="C.ar" l="C"/>
		<a id="16" s="H" t="H" l="H"/>
		<a id="17" s="C" t="C.ar" l="C"/>
		<a id="18" s="H" t="H" l="H"/>
		<a id="19" s="C" t="C.ar" l="C"/>
		<a id="20" s="H" t="H" l="H"/>
		<a id="21" s="C" t="C.ar" l="C"/>
		<a id="22" s="H" t="H" l="H"/>
		<a id="23" s="C" t="C.3" l="C"/>
		<a id="24" s="H" t="H" l="H"/>
		<a id="25" s="H" t="H" l="H"/>
		<a id="26" s="C" t="C.3" l="C"/>
		<a id="27" s="H" t="H" l="H"/>
		<a id="28" s="H" t="H" l="H"/>
		<a id="29" s="H" t="H" l="H"/>
	</atoms>
	<bonds>
		<b id="1" c="26 23" t="1"/>
		<b id="2" c="23 2" t="1"/>
		<b id="3" c="2 3" t="2"/>
		<b id="4" c="3 5" t="1"/>
		<b id="5" c="5 8" t="1"/>
		<b id="6" c="8 11" t="1"/>
		<b id="7" c="11 12" t="1"/>
		<b id="8" c="12 13" t="ar"/>
		<b id="9" c="13 15" t="ar"/>
		<b id="10" c="15 17" t="ar"/>
		<b id="11" c="17 19" t="ar"/>
		<b id="12" c="19 21" t="ar"/>
		<b id="13" c="21 12" t="ar"/>
		<b id="14" c="26 27" t="1"/>
		<b id="15" c="26 28" t="1"/>
		<b id="16" c="26 29" t="1"/>
		<b id="17" c="23 24" t="1"/>
		<b id="18" c="23 25" t="1"/>
		<b id="19" c="2 1" t="1"/>
		<b id="20" c="3 4" t="1"/>
		<b id="21" c="5 6" t="1"/>
		<b id="22" c="5 7" t="1"/>
		<b id="23" c="8 9" t="1"/>
		<b id="24" c="8 10" t="1"/>
		<b id="25" c="13 14" t="1"/>
		<b id="26" c="15 16" t="1"/>
		<b id="27" c="17 18" t="1"/>
		<b id="28" c="19 20" t="1"/>
		<b id="29" c="21 22" t="1"/>
	</bonds>
	<geometry>
		<g u="A" t="cart/3d">#29,3:3.2461,-1.5010,-0.4535;3.1542,-0.7172,0.2965;2.2085,0.2257,0.1613;2.1200,1.0114,0.9097;1.2447,0.2898,-0.9939;1.4938,-0.4764,-1.7391;1.3675,1.2649,-1.4816;-0.1980,0.1114,-0.5191;-0.4563,0.8876,0.2102;-0.3160,-0.8649,-0.0370;-1.3426,0.2283,-1.9382;-2.9038,0.1898,-1.0765;-3.2601,-0.8821,-0.2520;-2.5894,-1.7270,-0.1202;-4.4943,-0.8890,0.4023;-4.7648,-1.7256,1.0413;-5.3820,0.1715,0.2294;-6.3435,0.1648,0.7366;-5.0396,1.2363,-0.6020;-5.7334,2.0607,-0.7448;-3.8057,1.2431,-1.2566;-3.5543,2.0780,-1.9064;4.1177,-0.7787,1.4465;3.8990,0.0014,2.1849;3.9976,-1.7423,1.9546;5.5557,-0.6316,0.9741;5.8246,-1.4240,0.2673;6.2412,-0.6921,1.8254;5.7130,0.3334,0.4805;</g>
	</geometry>
	<conformers/>
	<properties/>
</molecule>
