<?xml version="1.0" ?>
<!--MOLLI PACKAGE EXPERIMENTAL XML FORMAT-->
<molecule name="react_182">
	<atoms>
		<a id="1" s="H" t="H" l="H"/>
		<a id="2" s="C" t="C.2" l="C"/>
		<a id="3" s="H" t="H" l="H"/>
		<a id="4" s="C" t="C.2" l="C"/>
		<a id="5" s="H" t="H" l="H"/>
		<a id="6" s="C" t="C.3" l="C"/>
		<a id="7" s="Cl" t="Cl" l="CL"/>
		<a id="8" s="Cl" t="Cl" l="CL"/>
		<a id="9" s="Cl" t="Cl" l="CL"/>
	</atoms>
	<bonds>
		<b id="1" c="2 4" t="2"/>
		<b id="2" c="4 6" t="1"/>
		<b id="3" c="6 7" t="1"/>
		<b id="4" c="6 8" t="1"/>
		<b id="5" c="6 9" t="1"/>
		<b id="6" c="2 1" t="1"/>
		<b id="7" c="2 3" t="1"/>
		<b id="8" c="4 5" t="1"/>
	</bonds>
	<geometry>
		<g u="A" t="cart/3d">#9,3:2.4422,0.1712,-0.0842;1.4665,-0.1494,0.2720;1.4575,-0.8183,1.1273;0.3467,0.2772,-0.3355;0.4804,0.9473,-1.1852;-1.0988,-0.0307,-0.0213;-1.8402,-0.7818,-1.4663;-1.3152,-1.1259,1.3677;-1.9391,1.5104,0.3256;</g>
	</geometry>
	<conformers/>
	<properties/>
</molecule>
