<?xml version="1.0" ?>
<!--MOLLI PACKAGE EXPERIMENTAL XML FORMAT-->
<molecule name="react_352">
	<atoms>
		<a id="1" s="H" t="H" l="H"/>
		<a id="2" s="C" t="C.2" l="C"/>
		<a id="3" s="C" t="C.2" l="C"/>
		<a id="4" s="H" t="H" l="H"/>
		<a id="5" s="C" t="C.3" l="C"/>
		<a id="6" s="H" t="H" l="H"/>
		<a id="7" s="S" t="S.3" l="S"/>
		<a id="8" s="C" t="C.3" l="C"/>
		<a id="9" s="H" t="H" l="H"/>
		<a id="10" s="H" t="H" l="H"/>
		<a id="11" s="C" t="C.3" l="C"/>
		<a id="12" s="H" t="H" l="H"/>
		<a id="13" s="H" t="H" l="H"/>
		<a id="14" s="C" t="C.3" l="C"/>
		<a id="15" s="H" t="H" l="H"/>
		<a id="16" s="H" t="H" l="H"/>
		<a id="17" s="S" t="S.3" l="S"/>
		<a id="18" s="C" t="C.ar" l="C"/>
		<a id="19" s="C" t="C.ar" l="C"/>
		<a id="20" s="H" t="H" l="H"/>
		<a id="21" s="C" t="C.ar" l="C"/>
		<a id="22" s="H" t="H" l="H"/>
		<a id="23" s="C" t="C.ar" l="C"/>
		<a id="24" s="H" t="H" l="H"/>
		<a id="25" s="C" t="C.ar" l="C"/>
		<a id="26" s="H" t="H" l="H"/>
		<a id="27" s="C" t="C.ar" l="C"/>
		<a id="28" s="H" t="H" l="H"/>
	</atoms>
	<bonds>
		<b id="1" c="2 3" t="2"/>
		<b id="2" c="3 5" t="1"/>
		<b id="3" c="5 7" t="1"/>
		<b id="4" c="7 8" t="1"/>
		<b id="5" c="8 11" t="1"/>
		<b id="6" c="11 14" t="1"/>
		<b id="7" c="14 17" t="1"/>
		<b id="8" c="2 18" t="1"/>
		<b id="9" c="18 19" t="ar"/>
		<b id="10" c="19 21" t="ar"/>
		<b id="11" c="21 23" t="ar"/>
		<b id="12" c="23 25" t="ar"/>
		<b id="13" c="25 27" t="ar"/>
		<b id="14" c="17 5" t="1"/>
		<b id="15" c="27 18" t="ar"/>
		<b id="16" c="2 1" t="1"/>
		<b id="17" c="3 4" t="1"/>
		<b id="18" c="5 6" t="1"/>
		<b id="19" c="8 9" t="1"/>
		<b id="20" c="8 10" t="1"/>
		<b id="21" c="11 12" t="1"/>
		<b id="22" c="11 13" t="1"/>
		<b id="23" c="14 15" t="1"/>
		<b id="24" c="14 16" t="1"/>
		<b id="25" c="19 20" t="1"/>
		<b id="26" c="21 22" t="1"/>
		<b id="27" c="23 24" t="1"/>
		<b id="28" c="25 26" t="1"/>
		<b id="29" c="27 28" t="1"/>
	</bonds>
	<geometry>
		<g u="A" t="cart/3d">#28,3:0.5122,1.2661,-0.9359;0.9051,0.4923,-0.2812;0.0896,-0.2630,0.4774;0.5444,-1.0100,1.1278;-1.4132,-0.2204,0.5922;-1.6578,-0.3317,1.6546;-2.1497,1.3316,0.0149;-3.8765,1.0166,0.4680;-4.4557,1.9032,0.1896;-3.9494,0.9154,1.5562;-4.4619,-0.2031,-0.2316;-5.5280,-0.2576,0.0235;-4.4197,-0.0784,-1.3214;-3.8159,-1.5196,0.1799;-4.3539,-2.3477,-0.2933;-3.8881,-1.6683,1.2627;-2.0779,-1.6442,-0.3211;2.3672,0.3514,-0.2867;3.1605,1.5053,-0.3048;2.6984,2.4897,-0.2870;4.5539,1.4087,-0.3362;5.1595,2.3111,-0.3432;5.1661,0.1572,-0.3616;6.2499,0.0820,-0.3885;4.3863,-0.9976,-0.3609;4.8609,-1.9748,-0.3927;2.9928,-0.9013,-0.3286;2.4007,-1.8131,-0.3505;</g>
	</geometry>
	<conformers/>
	<properties/>
</molecule>
