<?xml version="1.0" ?>
<!--MOLLI PACKAGE EXPERIMENTAL XML FORMAT-->
<molecule name="react_357">
	<atoms>
		<a id="1" s="H" t="H" l="H"/>
		<a id="2" s="C" t="C.2" l="C"/>
		<a id="3" s="H" t="H" l="H"/>
		<a id="4" s="C" t="C.2" l="C"/>
		<a id="5" s="H" t="H" l="H"/>
		<a id="6" s="C" t="C.3" l="C"/>
		<a id="7" s="H" t="H" l="H"/>
		<a id="8" s="H" t="H" l="H"/>
		<a id="9" s="N" t="N.ar" l="N"/>
		<a id="10" s="C" t="C.ar" l="C"/>
		<a id="11" s="H" t="H" l="H"/>
		<a id="12" s="C" t="C.ar" l="C"/>
		<a id="13" s="H" t="H" l="H"/>
		<a id="14" s="C" t="C.ar" l="C"/>
		<a id="15" s="N" t="N.am" l="N"/>
		<a id="16" s="H" t="H" l="H"/>
		<a id="17" s="C" t="C.2" l="C"/>
		<a id="18" s="O" t="O.2" l="O"/>
		<a id="19" s="C" t="C.ar" l="C"/>
		<a id="20" s="C" t="C.ar" l="C"/>
		<a id="21" s="H" t="H" l="H"/>
		<a id="22" s="C" t="C.ar" l="C"/>
		<a id="23" s="H" t="H" l="H"/>
		<a id="24" s="C" t="C.ar" l="C"/>
		<a id="25" s="H" t="H" l="H"/>
		<a id="26" s="C" t="C.ar" l="C"/>
		<a id="27" s="H" t="H" l="H"/>
		<a id="28" s="C" t="C.ar" l="C"/>
		<a id="29" s="H" t="H" l="H"/>
		<a id="30" s="N" t="N.ar" l="N"/>
		<a id="31" s="C" t="C.ar" l="C"/>
		<a id="32" s="O" t="O.2" l="O"/>
	</atoms>
	<bonds>
		<b id="1" c="2 4" t="2"/>
		<b id="2" c="4 6" t="1"/>
		<b id="3" c="6 9" t="1"/>
		<b id="4" c="9 10" t="ar"/>
		<b id="5" c="10 12" t="ar"/>
		<b id="6" c="12 14" t="ar"/>
		<b id="7" c="14 15" t="1"/>
		<b id="8" c="15 17" t="am"/>
		<b id="9" c="17 18" t="2"/>
		<b id="10" c="17 19" t="1"/>
		<b id="11" c="19 20" t="ar"/>
		<b id="12" c="20 22" t="ar"/>
		<b id="13" c="22 24" t="ar"/>
		<b id="14" c="24 26" t="ar"/>
		<b id="15" c="26 28" t="ar"/>
		<b id="16" c="14 30" t="ar"/>
		<b id="17" c="30 31" t="ar"/>
		<b id="18" c="31 32" t="2"/>
		<b id="19" c="31 9" t="ar"/>
		<b id="20" c="28 19" t="ar"/>
		<b id="21" c="2 1" t="1"/>
		<b id="22" c="2 3" t="1"/>
		<b id="23" c="4 5" t="1"/>
		<b id="24" c="6 7" t="1"/>
		<b id="25" c="6 8" t="1"/>
		<b id="26" c="10 11" t="1"/>
		<b id="27" c="12 13" t="1"/>
		<b id="28" c="15 16" t="1"/>
		<b id="29" c="20 21" t="1"/>
		<b id="30" c="22 23" t="1"/>
		<b id="31" c="24 25" t="1"/>
		<b id="32" c="26 27" t="1"/>
		<b id="33" c="28 29" t="1"/>
	</bonds>
	<geometry>
		<g u="A" t="cart/3d">#32,3:6.2857,-1.2208,-0.3495;5.9654,-1.0268,0.6692;6.3769,-1.6564,1.4528;5.0964,-0.0509,0.9656;4.8143,0.1089,2.0049;4.4780,0.8806,-0.0375;4.7225,1.9139,0.2315;4.8712,0.7120,-1.0476;3.0335,0.6813,-0.0521;2.4975,-0.3456,-0.7998;3.1873,-0.9695,-1.3601;1.1840,-0.5692,-0.8302;0.7478,-1.3684,-1.4079;0.3940,0.3566,-0.0122;-0.9727,0.2358,0.0281;-1.3761,0.9354,0.6360;-1.8388,-0.6699,-0.5749;-1.5019,-1.6713,-1.1953;-3.2892,-0.3926,-0.3745;-4.1709,-1.4789,-0.3049;-3.7953,-2.4966,-0.3938;-5.5370,-1.2627,-0.1178;-6.2176,-2.1087,-0.0600;-6.0282,0.0378,-0.0103;-7.0935,0.2050,0.1320;-5.1578,1.1243,-0.0978;-5.5486,2.1372,-0.0303;-3.7894,0.9137,-0.2843;-3.1396,1.7788,-0.3846;0.8665,1.3199,0.6977;2.2275,1.5232,0.7213;2.7080,2.4238,1.4052;</g>
	</geometry>
	<conformers/>
	<properties/>
</molecule>
