<?xml version="1.0" ?>
<!--MOLLI PACKAGE EXPERIMENTAL XML FORMAT-->
<molecule name="react_358">
	<atoms>
		<a id="1" s="H" t="H" l="H"/>
		<a id="2" s="C" t="C.2" l="C"/>
		<a id="3" s="H" t="H" l="H"/>
		<a id="4" s="C" t="C.2" l="C"/>
		<a id="5" s="C" t="C.3" l="C"/>
		<a id="6" s="H" t="H" l="H"/>
		<a id="7" s="H" t="H" l="H"/>
		<a id="8" s="H" t="H" l="H"/>
		<a id="9" s="C" t="C.3" l="C"/>
		<a id="10" s="H" t="H" l="H"/>
		<a id="11" s="H" t="H" l="H"/>
		<a id="12" s="N" t="N.ar" l="N"/>
		<a id="13" s="C" t="C.ar" l="C"/>
		<a id="14" s="H" t="H" l="H"/>
		<a id="15" s="C" t="C.ar" l="C"/>
		<a id="16" s="H" t="H" l="H"/>
		<a id="17" s="C" t="C.ar" l="C"/>
		<a id="18" s="N" t="N.am" l="N"/>
		<a id="19" s="H" t="H" l="H"/>
		<a id="20" s="C" t="C.2" l="C"/>
		<a id="21" s="O" t="O.2" l="O"/>
		<a id="22" s="C" t="C.ar" l="C"/>
		<a id="23" s="C" t="C.ar" l="C"/>
		<a id="24" s="H" t="H" l="H"/>
		<a id="25" s="C" t="C.ar" l="C"/>
		<a id="26" s="H" t="H" l="H"/>
		<a id="27" s="C" t="C.ar" l="C"/>
		<a id="28" s="H" t="H" l="H"/>
		<a id="29" s="C" t="C.ar" l="C"/>
		<a id="30" s="H" t="H" l="H"/>
		<a id="31" s="C" t="C.ar" l="C"/>
		<a id="32" s="H" t="H" l="H"/>
		<a id="33" s="N" t="N.ar" l="N"/>
		<a id="34" s="C" t="C.ar" l="C"/>
		<a id="35" s="O" t="O.2" l="O"/>
	</atoms>
	<bonds>
		<b id="1" c="2 4" t="2"/>
		<b id="2" c="4 5" t="1"/>
		<b id="3" c="4 9" t="1"/>
		<b id="4" c="9 12" t="1"/>
		<b id="5" c="12 13" t="ar"/>
		<b id="6" c="13 15" t="ar"/>
		<b id="7" c="15 17" t="ar"/>
		<b id="8" c="17 18" t="1"/>
		<b id="9" c="18 20" t="am"/>
		<b id="10" c="20 21" t="2"/>
		<b id="11" c="20 22" t="1"/>
		<b id="12" c="22 23" t="ar"/>
		<b id="13" c="23 25" t="ar"/>
		<b id="14" c="25 27" t="ar"/>
		<b id="15" c="27 29" t="ar"/>
		<b id="16" c="29 31" t="ar"/>
		<b id="17" c="17 33" t="ar"/>
		<b id="18" c="33 34" t="ar"/>
		<b id="19" c="34 35" t="2"/>
		<b id="20" c="34 12" t="ar"/>
		<b id="21" c="31 22" t="ar"/>
		<b id="22" c="2 1" t="1"/>
		<b id="23" c="2 3" t="1"/>
		<b id="24" c="5 6" t="1"/>
		<b id="25" c="5 7" t="1"/>
		<b id="26" c="5 8" t="1"/>
		<b id="27" c="9 10" t="1"/>
		<b id="28" c="9 11" t="1"/>
		<b id="29" c="13 14" t="1"/>
		<b id="30" c="15 16" t="1"/>
		<b id="31" c="18 19" t="1"/>
		<b id="32" c="23 24" t="1"/>
		<b id="33" c="25 26" t="1"/>
		<b id="34" c="27 28" t="1"/>
		<b id="35" c="29 30" t="1"/>
		<b id="36" c="31 32" t="1"/>
	</bonds>
	<geometry>
		<g u="A" t="cart/3d">#35,3:4.8320,-2.4217,1.0836;4.6092,-1.3914,0.8245;5.0580,-0.6213,1.4483;3.7968,-1.0742,-0.1986;3.1789,-2.1382,-1.0600;2.0902,-2.1394,-0.9535;3.5364,-3.1390,-0.7948;3.4279,-1.9689,-2.1126;3.5075,0.3660,-0.5639;3.5188,0.4970,-1.6532;4.2905,1.0278,-0.1736;2.2124,0.7740,-0.0289;1.0736,0.6082,-0.7863;1.1905,0.1845,-1.7791;-0.1251,0.9650,-0.3260;-1.0164,0.8741,-0.9248;-0.1110,1.5278,1.0305;-1.2949,1.9080,1.6229;-1.1064,2.6211,2.3181;-2.5812,1.9914,1.1137;-3.2070,3.0464,1.1436;-3.2029,0.7627,0.5524;-4.2027,0.8997,-0.4182;-4.5132,1.8886,-0.7506;-4.8085,-0.2338,-0.9620;-5.5843,-0.1258,-1.7164;-4.4264,-1.5039,-0.5299;-4.9043,-2.3860,-0.9503;-3.4456,-1.6447,0.4521;-3.1631,-2.6362,0.7987;-2.8366,-0.5140,0.9997;-2.0907,-0.6419,1.7806;0.9404,1.7268,1.7427;2.1690,1.3594,1.2431;3.1881,1.5515,1.9018;</g>
	</geometry>
	<conformers/>
	<properties/>
</molecule>
