<?xml version="1.0" ?>
<!--MOLLI PACKAGE EXPERIMENTAL XML FORMAT-->
<molecule name="react_359">
	<atoms>
		<a id="1" s="H" t="H" l="H"/>
		<a id="2" s="C" t="C.2" l="C"/>
		<a id="3" s="H" t="H" l="H"/>
		<a id="4" s="C" t="C.2" l="C"/>
		<a id="5" s="C" t="C.3" l="C"/>
		<a id="6" s="H" t="H" l="H"/>
		<a id="7" s="H" t="H" l="H"/>
		<a id="8" s="N" t="N.ar" l="N"/>
		<a id="9" s="C" t="C.ar" l="C"/>
		<a id="10" s="H" t="H" l="H"/>
		<a id="11" s="C" t="C.ar" l="C"/>
		<a id="12" s="H" t="H" l="H"/>
		<a id="13" s="C" t="C.ar" l="C"/>
		<a id="14" s="N" t="N.am" l="N"/>
		<a id="15" s="H" t="H" l="H"/>
		<a id="16" s="C" t="C.2" l="C"/>
		<a id="17" s="O" t="O.2" l="O"/>
		<a id="18" s="C" t="C.ar" l="C"/>
		<a id="19" s="C" t="C.ar" l="C"/>
		<a id="20" s="H" t="H" l="H"/>
		<a id="21" s="C" t="C.ar" l="C"/>
		<a id="22" s="H" t="H" l="H"/>
		<a id="23" s="C" t="C.ar" l="C"/>
		<a id="24" s="H" t="H" l="H"/>
		<a id="25" s="C" t="C.ar" l="C"/>
		<a id="26" s="H" t="H" l="H"/>
		<a id="27" s="C" t="C.ar" l="C"/>
		<a id="28" s="H" t="H" l="H"/>
		<a id="29" s="N" t="N.ar" l="N"/>
		<a id="30" s="C" t="C.ar" l="C"/>
		<a id="31" s="O" t="O.2" l="O"/>
		<a id="32" s="C" t="C.3" l="C"/>
		<a id="33" s="C" t="C.3" l="C"/>
		<a id="34" s="H" t="H" l="H"/>
		<a id="35" s="H" t="H" l="H"/>
		<a id="36" s="H" t="H" l="H"/>
		<a id="37" s="C" t="C.3" l="C"/>
		<a id="38" s="H" t="H" l="H"/>
		<a id="39" s="H" t="H" l="H"/>
		<a id="40" s="H" t="H" l="H"/>
		<a id="41" s="C" t="C.3" l="C"/>
		<a id="42" s="H" t="H" l="H"/>
		<a id="43" s="H" t="H" l="H"/>
		<a id="44" s="H" t="H" l="H"/>
	</atoms>
	<bonds>
		<b id="1" c="2 4" t="2"/>
		<b id="2" c="4 5" t="1"/>
		<b id="3" c="5 8" t="1"/>
		<b id="4" c="8 9" t="ar"/>
		<b id="5" c="9 11" t="ar"/>
		<b id="6" c="11 13" t="ar"/>
		<b id="7" c="13 14" t="1"/>
		<b id="8" c="14 16" t="am"/>
		<b id="9" c="16 17" t="2"/>
		<b id="10" c="16 18" t="1"/>
		<b id="11" c="18 19" t="ar"/>
		<b id="12" c="19 21" t="ar"/>
		<b id="13" c="21 23" t="ar"/>
		<b id="14" c="23 25" t="ar"/>
		<b id="15" c="25 27" t="ar"/>
		<b id="16" c="13 29" t="ar"/>
		<b id="17" c="29 30" t="ar"/>
		<b id="18" c="30 31" t="2"/>
		<b id="19" c="4 32" t="1"/>
		<b id="20" c="32 33" t="1"/>
		<b id="21" c="32 37" t="1"/>
		<b id="22" c="32 41" t="1"/>
		<b id="23" c="30 8" t="ar"/>
		<b id="24" c="27 18" t="ar"/>
		<b id="25" c="2 1" t="1"/>
		<b id="26" c="2 3" t="1"/>
		<b id="27" c="5 6" t="1"/>
		<b id="28" c="5 7" t="1"/>
		<b id="29" c="9 10" t="1"/>
		<b id="30" c="11 12" t="1"/>
		<b id="31" c="14 15" t="1"/>
		<b id="32" c="19 20" t="1"/>
		<b id="33" c="21 22" t="1"/>
		<b id="34" c="23 24" t="1"/>
		<b id="35" c="25 26" t="1"/>
		<b id="36" c="27 28" t="1"/>
		<b id="37" c="33 34" t="1"/>
		<b id="38" c="33 35" t="1"/>
		<b id="39" c="33 36" t="1"/>
		<b id="40" c="37 38" t="1"/>
		<b id="41" c="37 39" t="1"/>
		<b id="42" c="37 40" t="1"/>
		<b id="43" c="41 42" t="1"/>
		<b id="44" c="41 43" t="1"/>
		<b id="45" c="41 44" t="1"/>
	</bonds>
	<geometry>
		<g u="A" t="cart/3d">#44,3:-1.5430,0.7647,2.4017;-2.5719,0.9206,2.0862;-3.0588,1.7840,2.5242;-3.1859,0.0731,1.2341;-2.4360,-1.1397,0.6757;-2.5058,-1.9603,1.3983;-2.8939,-1.5053,-0.2493;-1.0436,-0.8316,0.3448;-0.7664,-0.0268,-0.7399;-1.6120,0.3611,-1.2993;0.4872,0.2695,-1.0792;0.7335,0.9050,-1.9160;1.5140,-0.3264,-0.2061;2.7993,0.0082,-0.5933;2.9027,0.5459,-1.4397;3.9819,-0.3316,0.0535;4.0968,-0.7091,1.2116;5.2160,-0.0787,-0.7411;6.3576,0.3862,-0.0775;6.3357,0.5496,0.9987;7.5281,0.6395,-0.7937;8.4129,1.0013,-0.2754;7.5647,0.4182,-2.1703;8.4808,0.6089,-2.7248;6.4360,-0.0653,-2.8330;6.4790,-0.2586,-3.9023;5.2614,-0.3190,-2.1214;4.4075,-0.7352,-2.6485;1.2768,-1.0901,0.7978;-0.0229,-1.3903,1.1267;-0.2784,-2.1294,2.0746;-4.6660,0.2261,0.8074;-5.4116,1.3617,1.5497;-4.9678,2.3419,1.3405;-5.4061,1.2042,2.6346;-6.4616,1.4146,1.2372;-4.7470,0.5446,-0.6999;-5.7849,0.7111,-1.0120;-4.1791,1.4502,-0.9432;-4.3569,-0.2692,-1.3196;-5.4388,-1.0786,1.0966;-6.5012,-0.9719,0.8476;-5.0600,-1.9230,0.5109;-5.3722,-1.3502,2.1566;</g>
	</geometry>
	<conformers/>
	<properties/>
</molecule>
