<?xml version="1.0" ?>
<!--MOLLI PACKAGE EXPERIMENTAL XML FORMAT-->
<molecule name="react_360">
	<atoms>
		<a id="1" s="H" t="H" l="H"/>
		<a id="2" s="C" t="C.2" l="C"/>
		<a id="3" s="H" t="H" l="H"/>
		<a id="4" s="C" t="C.2" l="C"/>
		<a id="5" s="C" t="C.ar" l="C"/>
		<a id="6" s="C" t="C.ar" l="C"/>
		<a id="7" s="H" t="H" l="H"/>
		<a id="8" s="C" t="C.ar" l="C"/>
		<a id="9" s="H" t="H" l="H"/>
		<a id="10" s="C" t="C.ar" l="C"/>
		<a id="11" s="H" t="H" l="H"/>
		<a id="12" s="C" t="C.ar" l="C"/>
		<a id="13" s="H" t="H" l="H"/>
		<a id="14" s="C" t="C.ar" l="C"/>
		<a id="15" s="H" t="H" l="H"/>
		<a id="16" s="C" t="C.3" l="C"/>
		<a id="17" s="H" t="H" l="H"/>
		<a id="18" s="H" t="H" l="H"/>
		<a id="19" s="N" t="N.ar" l="N"/>
		<a id="20" s="C" t="C.ar" l="C"/>
		<a id="21" s="H" t="H" l="H"/>
		<a id="22" s="C" t="C.ar" l="C"/>
		<a id="23" s="H" t="H" l="H"/>
		<a id="24" s="C" t="C.ar" l="C"/>
		<a id="25" s="N" t="N.am" l="N"/>
		<a id="26" s="H" t="H" l="H"/>
		<a id="27" s="C" t="C.2" l="C"/>
		<a id="28" s="O" t="O.2" l="O"/>
		<a id="29" s="C" t="C.ar" l="C"/>
		<a id="30" s="C" t="C.ar" l="C"/>
		<a id="31" s="H" t="H" l="H"/>
		<a id="32" s="C" t="C.ar" l="C"/>
		<a id="33" s="H" t="H" l="H"/>
		<a id="34" s="C" t="C.ar" l="C"/>
		<a id="35" s="H" t="H" l="H"/>
		<a id="36" s="C" t="C.ar" l="C"/>
		<a id="37" s="H" t="H" l="H"/>
		<a id="38" s="C" t="C.ar" l="C"/>
		<a id="39" s="H" t="H" l="H"/>
		<a id="40" s="N" t="N.ar" l="N"/>
		<a id="41" s="C" t="C.ar" l="C"/>
		<a id="42" s="O" t="O.2" l="O"/>
	</atoms>
	<bonds>
		<b id="1" c="2 4" t="2"/>
		<b id="2" c="4 16" t="1"/>
		<b id="3" c="16 19" t="1"/>
		<b id="4" c="19 20" t="ar"/>
		<b id="5" c="20 22" t="ar"/>
		<b id="6" c="22 24" t="ar"/>
		<b id="7" c="24 25" t="1"/>
		<b id="8" c="25 27" t="am"/>
		<b id="9" c="27 28" t="2"/>
		<b id="10" c="27 29" t="1"/>
		<b id="11" c="29 30" t="ar"/>
		<b id="12" c="30 32" t="ar"/>
		<b id="13" c="32 34" t="ar"/>
		<b id="14" c="34 36" t="ar"/>
		<b id="15" c="36 38" t="ar"/>
		<b id="16" c="24 40" t="ar"/>
		<b id="17" c="40 41" t="ar"/>
		<b id="18" c="41 42" t="2"/>
		<b id="19" c="4 5" t="1"/>
		<b id="20" c="5 6" t="ar"/>
		<b id="21" c="6 8" t="ar"/>
		<b id="22" c="8 10" t="ar"/>
		<b id="23" c="10 12" t="ar"/>
		<b id="24" c="12 14" t="ar"/>
		<b id="25" c="41 19" t="ar"/>
		<b id="26" c="14 5" t="ar"/>
		<b id="27" c="38 29" t="ar"/>
		<b id="28" c="2 1" t="1"/>
		<b id="29" c="2 3" t="1"/>
		<b id="30" c="16 17" t="1"/>
		<b id="31" c="16 18" t="1"/>
		<b id="32" c="20 21" t="1"/>
		<b id="33" c="22 23" t="1"/>
		<b id="34" c="25 26" t="1"/>
		<b id="35" c="30 31" t="1"/>
		<b id="36" c="32 33" t="1"/>
		<b id="37" c="34 35" t="1"/>
		<b id="38" c="36 37" t="1"/>
		<b id="39" c="38 39" t="1"/>
		<b id="40" c="6 7" t="1"/>
		<b id="41" c="8 9" t="1"/>
		<b id="42" c="10 11" t="1"/>
		<b id="43" c="12 13" t="1"/>
		<b id="44" c="14 15" t="1"/>
	</bonds>
	<geometry>
		<g u="A" t="cart/3d">#42,3:-2.4495,0.4550,-3.3690;-3.2220,0.0969,-2.6909;-3.8800,-0.6809,-3.0689;-3.3491,0.6134,-1.4557;-4.4329,0.1361,-0.5734;-4.5389,-1.2237,-0.2388;-3.8210,-1.9418,-0.6327;-5.5601,-1.6714,0.6055;-5.6384,-2.7287,0.8496;-6.4876,-0.7644,1.1213;-7.2816,-1.1126,1.7782;-6.3934,0.5892,0.7974;-7.1203,1.2974,1.1901;-5.3769,1.0358,-0.0530;-5.3395,2.0911,-0.3124;-2.4627,1.7330,-0.9475;-2.8463,2.1827,-0.0223;-2.4333,2.5445,-1.6856;-1.1177,1.2272,-0.6728;-0.8919,0.4766,0.4613;-1.7395,0.2952,1.1151;0.3172,-0.0105,0.7388;0.5264,-0.6017,1.6177;1.3549,0.3284,-0.2536;2.5991,-0.1752,0.0824;2.6848,-0.6470,0.9706;3.7673,-0.0683,-0.6624;3.8406,0.1720,-1.8605;5.0164,-0.4048,0.0779;5.1883,-0.0599,1.4253;4.4258,0.4938,1.9678;6.3798,-0.3805,2.0807;6.5227,-0.1021,3.1231;7.4013,-1.0362,1.3905;8.3356,-1.2752,1.8947;7.2389,-1.3690,0.0451;8.0401,-1.8716,-0.4919;6.0511,-1.0495,-0.6136;5.9337,-1.2981,-1.6682;1.1630,1.0269,-1.3135;-0.0939,1.5076,-1.5873;-0.3107,2.1705,-2.6009;</g>
	</geometry>
	<conformers/>
	<properties/>
</molecule>
