<?xml version="1.0" ?>
<!--MOLLI PACKAGE EXPERIMENTAL XML FORMAT-->
<molecule name="react_361">
	<atoms>
		<a id="1" s="H" t="H" l="H"/>
		<a id="2" s="C" t="C.2" l="C"/>
		<a id="3" s="H" t="H" l="H"/>
		<a id="4" s="C" t="C.2" l="C"/>
		<a id="5" s="C" t="C.ar" l="C"/>
		<a id="6" s="C" t="C.ar" l="C"/>
		<a id="7" s="H" t="H" l="H"/>
		<a id="8" s="C" t="C.ar" l="C"/>
		<a id="9" s="H" t="H" l="H"/>
		<a id="10" s="C" t="C.ar" l="C"/>
		<a id="11" s="H" t="H" l="H"/>
		<a id="12" s="C" t="C.ar" l="C"/>
		<a id="13" s="H" t="H" l="H"/>
		<a id="14" s="C" t="C.ar" l="C"/>
		<a id="15" s="H" t="H" l="H"/>
		<a id="16" s="C" t="C.3" l="C"/>
		<a id="17" s="H" t="H" l="H"/>
		<a id="18" s="H" t="H" l="H"/>
		<a id="19" s="N" t="N.ar" l="N"/>
		<a id="20" s="C" t="C.ar" l="C"/>
		<a id="21" s="H" t="H" l="H"/>
		<a id="22" s="C" t="C.ar" l="C"/>
		<a id="23" s="H" t="H" l="H"/>
		<a id="24" s="C" t="C.ar" l="C"/>
		<a id="25" s="N" t="N.am" l="N"/>
		<a id="26" s="C" t="C.2" l="C"/>
		<a id="27" s="O" t="O.2" l="O"/>
		<a id="28" s="O" t="O.3" l="O"/>
		<a id="29" s="C" t="C.3" l="C"/>
		<a id="30" s="C" t="C.3" l="C"/>
		<a id="31" s="H" t="H" l="H"/>
		<a id="32" s="H" t="H" l="H"/>
		<a id="33" s="H" t="H" l="H"/>
		<a id="34" s="C" t="C.3" l="C"/>
		<a id="35" s="H" t="H" l="H"/>
		<a id="36" s="H" t="H" l="H"/>
		<a id="37" s="H" t="H" l="H"/>
		<a id="38" s="C" t="C.3" l="C"/>
		<a id="39" s="H" t="H" l="H"/>
		<a id="40" s="H" t="H" l="H"/>
		<a id="41" s="H" t="H" l="H"/>
		<a id="42" s="C" t="C.2" l="C"/>
		<a id="43" s="O" t="O.2" l="O"/>
		<a id="44" s="O" t="O.3" l="O"/>
		<a id="45" s="C" t="C.3" l="C"/>
		<a id="46" s="C" t="C.3" l="C"/>
		<a id="47" s="H" t="H" l="H"/>
		<a id="48" s="H" t="H" l="H"/>
		<a id="49" s="H" t="H" l="H"/>
		<a id="50" s="C" t="C.3" l="C"/>
		<a id="51" s="H" t="H" l="H"/>
		<a id="52" s="H" t="H" l="H"/>
		<a id="53" s="H" t="H" l="H"/>
		<a id="54" s="C" t="C.3" l="C"/>
		<a id="55" s="H" t="H" l="H"/>
		<a id="56" s="H" t="H" l="H"/>
		<a id="57" s="H" t="H" l="H"/>
		<a id="58" s="N" t="N.ar" l="N"/>
		<a id="59" s="C" t="C.ar" l="C"/>
		<a id="60" s="O" t="O.2" l="O"/>
	</atoms>
	<bonds>
		<b id="1" c="2 4" t="2"/>
		<b id="2" c="4 16" t="1"/>
		<b id="3" c="16 19" t="1"/>
		<b id="4" c="19 20" t="ar"/>
		<b id="5" c="20 22" t="ar"/>
		<b id="6" c="22 24" t="ar"/>
		<b id="7" c="24 25" t="1"/>
		<b id="8" c="25 26" t="am"/>
		<b id="9" c="26 27" t="2"/>
		<b id="10" c="26 28" t="1"/>
		<b id="11" c="28 29" t="1"/>
		<b id="12" c="29 30" t="1"/>
		<b id="13" c="29 34" t="1"/>
		<b id="14" c="29 38" t="1"/>
		<b id="15" c="25 42" t="am"/>
		<b id="16" c="42 43" t="2"/>
		<b id="17" c="42 44" t="1"/>
		<b id="18" c="44 45" t="1"/>
		<b id="19" c="45 46" t="1"/>
		<b id="20" c="45 50" t="1"/>
		<b id="21" c="45 54" t="1"/>
		<b id="22" c="24 58" t="ar"/>
		<b id="23" c="58 59" t="ar"/>
		<b id="24" c="59 60" t="2"/>
		<b id="25" c="4 5" t="1"/>
		<b id="26" c="5 6" t="ar"/>
		<b id="27" c="6 8" t="ar"/>
		<b id="28" c="8 10" t="ar"/>
		<b id="29" c="10 12" t="ar"/>
		<b id="30" c="12 14" t="ar"/>
		<b id="31" c="59 19" t="ar"/>
		<b id="32" c="14 5" t="ar"/>
		<b id="33" c="2 1" t="1"/>
		<b id="34" c="2 3" t="1"/>
		<b id="35" c="16 17" t="1"/>
		<b id="36" c="16 18" t="1"/>
		<b id="37" c="20 21" t="1"/>
		<b id="38" c="22 23" t="1"/>
		<b id="39" c="30 31" t="1"/>
		<b id="40" c="30 32" t="1"/>
		<b id="41" c="30 33" t="1"/>
		<b id="42" c="34 35" t="1"/>
		<b id="43" c="34 36" t="1"/>
		<b id="44" c="34 37" t="1"/>
		<b id="45" c="38 39" t="1"/>
		<b id="46" c="38 40" t="1"/>
		<b id="47" c="38 41" t="1"/>
		<b id="48" c="46 47" t="1"/>
		<b id="49" c="46 48" t="1"/>
		<b id="50" c="46 49" t="1"/>
		<b id="51" c="50 51" t="1"/>
		<b id="52" c="50 52" t="1"/>
		<b id="53" c="50 53" t="1"/>
		<b id="54" c="54 55" t="1"/>
		<b id="55" c="54 56" t="1"/>
		<b id="56" c="54 57" t="1"/>
		<b id="57" c="6 7" t="1"/>
		<b id="58" c="8 9" t="1"/>
		<b id="59" c="10 11" t="1"/>
		<b id="60" c="12 13" t="1"/>
		<b id="61" c="14 15" t="1"/>
	</bonds>
	<geometry>
		<g u="A" t="cart/3d">#60,3:5.3931,-1.9456,0.9233;4.6526,-1.5899,0.2130;3.7139,-2.1358,0.1858;4.8930,-0.5616,-0.6216;6.2080,0.1147,-0.5742;6.7249,0.5976,0.6373;6.1658,0.4754,1.5621;7.9606,1.2482,0.6764;8.3504,1.6155,1.6222;8.6933,1.4254,-0.4948;9.6562,1.9284,-0.4642;8.1908,0.9541,-1.7060;8.7634,1.0871,-2.6203;6.9551,0.3033,-1.7459;6.5917,-0.0684,-2.7018;3.9122,-0.0582,-1.6655;4.1433,0.9748,-1.9577;4.0025,-0.6683,-2.5717;2.5351,-0.0571,-1.1679;2.1383,0.9208,-0.2839;2.8835,1.6514,0.0192;0.8940,0.9621,0.1898;0.5875,1.7133,0.9025;-0.0097,-0.1034,-0.3049;-1.3170,-0.0961,0.1593;-1.9526,0.9891,0.7318;-1.7052,2.1602,0.4617;-2.9588,0.6126,1.5738;-3.8343,1.5869,2.1993;-3.0544,2.5499,3.1009;-3.7307,3.1627,3.7073;-2.4267,3.2352,2.5243;-2.3861,1.9990,3.7722;-4.7794,0.7528,3.0775;-5.3311,0.0231,2.4740;-4.2139,0.1753,3.8181;-5.5035,1.3808,3.6071;-4.6674,2.3271,1.1478;-4.0494,2.9690,0.5132;-5.1678,1.6168,0.4796;-5.4292,2.9602,1.6154;-2.0957,-1.1945,-0.1009;-1.9529,-2.2824,0.4472;-3.1208,-0.8836,-0.9475;-4.0917,-1.8861,-1.3429;-4.9228,-2.3548,-0.1442;-5.7491,-3.0006,-0.4606;-4.3233,-2.9191,0.5764;-5.3392,-1.4981,0.3967;-5.0202,-1.1583,-2.3274;-5.8135,-1.8144,-2.7004;-5.4860,-0.2869,-1.8520;-4.4548,-0.7764,-3.1855;-3.4242,-3.0556,-2.0749;-2.8163,-3.6670,-1.4010;-4.1689,-3.7165,-2.5317;-2.7535,-2.6902,-2.8610;0.3707,-1.0296,-1.1242;1.6579,-1.0511,-1.6027;2.0123,-1.9229,-2.3913;</g>
	</geometry>
	<conformers/>
	<properties/>
</molecule>
