<?xml version="1.0" ?>
<!--MOLLI PACKAGE EXPERIMENTAL XML FORMAT-->
<molecule name="react_363">
	<atoms>
		<a id="1" s="H" t="H" l="H"/>
		<a id="2" s="C" t="C.2" l="C"/>
		<a id="3" s="H" t="H" l="H"/>
		<a id="4" s="C" t="C.2" l="C"/>
		<a id="5" s="H" t="H" l="H"/>
		<a id="6" s="C" t="C.3" l="C"/>
		<a id="7" s="H" t="H" l="H"/>
		<a id="8" s="H" t="H" l="H"/>
		<a id="9" s="N" t="N.ar" l="N"/>
		<a id="10" s="C" t="C.ar" l="C"/>
		<a id="11" s="H" t="H" l="H"/>
		<a id="12" s="C" t="C.ar" l="C"/>
		<a id="13" s="H" t="H" l="H"/>
		<a id="14" s="C" t="C.ar" l="C"/>
		<a id="15" s="N" t="N.am" l="N"/>
		<a id="16" s="C" t="C.2" l="C"/>
		<a id="17" s="O" t="O.2" l="O"/>
		<a id="18" s="O" t="O.3" l="O"/>
		<a id="19" s="C" t="C.3" l="C"/>
		<a id="20" s="C" t="C.3" l="C"/>
		<a id="21" s="H" t="H" l="H"/>
		<a id="22" s="H" t="H" l="H"/>
		<a id="23" s="H" t="H" l="H"/>
		<a id="24" s="C" t="C.3" l="C"/>
		<a id="25" s="H" t="H" l="H"/>
		<a id="26" s="H" t="H" l="H"/>
		<a id="27" s="H" t="H" l="H"/>
		<a id="28" s="C" t="C.3" l="C"/>
		<a id="29" s="H" t="H" l="H"/>
		<a id="30" s="H" t="H" l="H"/>
		<a id="31" s="H" t="H" l="H"/>
		<a id="32" s="C" t="C.2" l="C"/>
		<a id="33" s="O" t="O.2" l="O"/>
		<a id="34" s="O" t="O.3" l="O"/>
		<a id="35" s="C" t="C.3" l="C"/>
		<a id="36" s="C" t="C.3" l="C"/>
		<a id="37" s="H" t="H" l="H"/>
		<a id="38" s="H" t="H" l="H"/>
		<a id="39" s="H" t="H" l="H"/>
		<a id="40" s="C" t="C.3" l="C"/>
		<a id="41" s="H" t="H" l="H"/>
		<a id="42" s="H" t="H" l="H"/>
		<a id="43" s="H" t="H" l="H"/>
		<a id="44" s="C" t="C.3" l="C"/>
		<a id="45" s="H" t="H" l="H"/>
		<a id="46" s="H" t="H" l="H"/>
		<a id="47" s="H" t="H" l="H"/>
		<a id="48" s="N" t="N.ar" l="N"/>
		<a id="49" s="C" t="C.ar" l="C"/>
		<a id="50" s="O" t="O.2" l="O"/>
	</atoms>
	<bonds>
		<b id="1" c="2 4" t="2"/>
		<b id="2" c="4 6" t="1"/>
		<b id="3" c="6 9" t="1"/>
		<b id="4" c="9 10" t="ar"/>
		<b id="5" c="10 12" t="ar"/>
		<b id="6" c="12 14" t="ar"/>
		<b id="7" c="14 15" t="1"/>
		<b id="8" c="15 16" t="am"/>
		<b id="9" c="16 17" t="2"/>
		<b id="10" c="16 18" t="1"/>
		<b id="11" c="18 19" t="1"/>
		<b id="12" c="19 20" t="1"/>
		<b id="13" c="19 24" t="1"/>
		<b id="14" c="19 28" t="1"/>
		<b id="15" c="15 32" t="am"/>
		<b id="16" c="32 33" t="2"/>
		<b id="17" c="32 34" t="1"/>
		<b id="18" c="34 35" t="1"/>
		<b id="19" c="35 36" t="1"/>
		<b id="20" c="35 40" t="1"/>
		<b id="21" c="35 44" t="1"/>
		<b id="22" c="14 48" t="ar"/>
		<b id="23" c="48 49" t="ar"/>
		<b id="24" c="49 50" t="2"/>
		<b id="25" c="49 9" t="ar"/>
		<b id="26" c="2 1" t="1"/>
		<b id="27" c="2 3" t="1"/>
		<b id="28" c="4 5" t="1"/>
		<b id="29" c="6 7" t="1"/>
		<b id="30" c="6 8" t="1"/>
		<b id="31" c="10 11" t="1"/>
		<b id="32" c="12 13" t="1"/>
		<b id="33" c="20 21" t="1"/>
		<b id="34" c="20 22" t="1"/>
		<b id="35" c="20 23" t="1"/>
		<b id="36" c="24 25" t="1"/>
		<b id="37" c="24 26" t="1"/>
		<b id="38" c="24 27" t="1"/>
		<b id="39" c="28 29" t="1"/>
		<b id="40" c="28 30" t="1"/>
		<b id="41" c="28 31" t="1"/>
		<b id="42" c="36 37" t="1"/>
		<b id="43" c="36 38" t="1"/>
		<b id="44" c="36 39" t="1"/>
		<b id="45" c="40 41" t="1"/>
		<b id="46" c="40 42" t="1"/>
		<b id="47" c="40 43" t="1"/>
		<b id="48" c="44 45" t="1"/>
		<b id="49" c="44 46" t="1"/>
		<b id="50" c="44 47" t="1"/>
	</bonds>
	<geometry>
		<g u="A" t="cart/3d">#50,3:6.8413,1.6974,-0.0586;6.6947,1.1149,-0.9646;7.1754,1.4698,-1.8708;5.9270,0.0168,-0.9741;5.8000,-0.5251,-1.9076;5.2294,-0.5352,0.2371;5.6031,-0.0692,1.1560;5.4312,-1.6096,0.3248;3.7926,-0.3222,0.1071;3.0359,-1.1996,-0.6356;3.5524,-2.0327,-1.1030;1.7244,-1.0242,-0.7879;1.1275,-1.6852,-1.3986;1.1618,0.1663,-0.1078;-0.2048,0.3706,-0.2361;-1.1334,-0.5875,-0.5723;-1.9816,-0.4534,-1.4469;-0.9298,-1.7499,0.1138;-1.8140,-2.8895,-0.0565;-1.7344,-3.4508,-1.4800;-2.2696,-4.4030,-1.5626;-2.1693,-2.7678,-2.2156;-0.6921,-3.6108,-1.7775;-3.2514,-2.5419,0.3461;-3.2739,-2.0622,1.3312;-3.7143,-1.8403,-0.3543;-3.8831,-3.4361,0.3792;-1.2729,-3.9470,0.9177;-0.2302,-4.1934,0.6852;-1.8620,-4.8695,0.8858;-1.2784,-3.5681,1.9465;-0.7221,1.6205,-0.0121;-0.3493,2.6367,-0.5887;-1.7997,1.5711,0.8267;-2.5595,2.7665,1.1413;-1.6912,3.8098,1.8524;-2.2978,4.6359,2.2391;-1.1455,3.3570,2.6879;-0.9397,4.2416,1.1847;-3.6466,2.2868,2.1154;-4.2665,1.5085,1.6548;-3.1981,1.8357,3.0083;-4.2996,3.1066,2.4329;-3.2406,3.3370,-0.1073;-3.9496,4.1304,0.1532;-2.5185,3.7632,-0.8099;-3.7796,2.5515,-0.6489;1.8746,1.0005,0.5748;3.2260,0.8002,0.7204;3.9017,1.5788,1.3883;</g>
	</geometry>
	<conformers/>
	<properties/>
</molecule>
