<?xml version="1.0" ?>
<!--MOLLI PACKAGE EXPERIMENTAL XML FORMAT-->
<molecule name="react_364">
	<atoms>
		<a id="1" s="H" t="H" l="H"/>
		<a id="2" s="C" t="C.2" l="C"/>
		<a id="3" s="H" t="H" l="H"/>
		<a id="4" s="C" t="C.2" l="C"/>
		<a id="5" s="H" t="H" l="H"/>
		<a id="6" s="C" t="C.3" l="C"/>
		<a id="7" s="H" t="H" l="H"/>
		<a id="8" s="H" t="H" l="H"/>
		<a id="9" s="N" t="N.ar" l="N"/>
		<a id="10" s="C" t="C.ar" l="C"/>
		<a id="11" s="H" t="H" l="H"/>
		<a id="12" s="C" t="C.ar" l="C"/>
		<a id="13" s="H" t="H" l="H"/>
		<a id="14" s="C" t="C.ar" l="C"/>
		<a id="15" s="N" t="N.am" l="N"/>
		<a id="16" s="H" t="H" l="H"/>
		<a id="17" s="C" t="C.2" l="C"/>
		<a id="18" s="O" t="O.2" l="O"/>
		<a id="19" s="C" t="C.3" l="C"/>
		<a id="20" s="H" t="H" l="H"/>
		<a id="21" s="C" t="C.3" l="C"/>
		<a id="22" s="H" t="H" l="H"/>
		<a id="23" s="H" t="H" l="H"/>
		<a id="24" s="H" t="H" l="H"/>
		<a id="25" s="C" t="C.3" l="C"/>
		<a id="26" s="H" t="H" l="H"/>
		<a id="27" s="H" t="H" l="H"/>
		<a id="28" s="H" t="H" l="H"/>
		<a id="29" s="N" t="N.ar" l="N"/>
		<a id="30" s="C" t="C.ar" l="C"/>
		<a id="31" s="O" t="O.2" l="O"/>
	</atoms>
	<bonds>
		<b id="1" c="2 4" t="2"/>
		<b id="2" c="4 6" t="1"/>
		<b id="3" c="6 9" t="1"/>
		<b id="4" c="9 10" t="ar"/>
		<b id="5" c="10 12" t="ar"/>
		<b id="6" c="12 14" t="ar"/>
		<b id="7" c="14 15" t="1"/>
		<b id="8" c="15 17" t="am"/>
		<b id="9" c="17 18" t="2"/>
		<b id="10" c="17 19" t="1"/>
		<b id="11" c="19 21" t="1"/>
		<b id="12" c="19 25" t="1"/>
		<b id="13" c="14 29" t="ar"/>
		<b id="14" c="29 30" t="ar"/>
		<b id="15" c="30 31" t="2"/>
		<b id="16" c="30 9" t="ar"/>
		<b id="17" c="2 1" t="1"/>
		<b id="18" c="2 3" t="1"/>
		<b id="19" c="4 5" t="1"/>
		<b id="20" c="6 7" t="1"/>
		<b id="21" c="6 8" t="1"/>
		<b id="22" c="10 11" t="1"/>
		<b id="23" c="12 13" t="1"/>
		<b id="24" c="15 16" t="1"/>
		<b id="25" c="19 20" t="1"/>
		<b id="26" c="21 22" t="1"/>
		<b id="27" c="21 23" t="1"/>
		<b id="28" c="21 24" t="1"/>
		<b id="29" c="25 26" t="1"/>
		<b id="30" c="25 27" t="1"/>
		<b id="31" c="25 28" t="1"/>
	</bonds>
	<geometry>
		<g u="A" t="cart/3d">#31,3:5.9247,-2.1389,0.0891;5.3777,-1.3573,0.6065;5.3088,-1.4260,1.6894;4.7855,-0.3634,-0.0694;4.8700,-0.3430,-1.1525;4.0124,0.7517,0.5770;4.3481,1.7163,0.1773;4.1899,0.7818,1.6580;2.5918,0.5818,0.2973;2.0734,1.0136,-0.9041;2.7597,1.4812,-1.6034;0.7825,0.8587,-1.1950;0.3494,1.1834,-2.1287;-0.0094,0.2009,-0.1393;-1.3440,0.0670,-0.4826;-1.6277,0.4379,-1.3759;-2.3590,-0.5223,0.2714;-2.2141,-1.1233,1.3283;-3.7332,-0.3659,-0.3892;-3.6468,-0.7133,-1.4265;-4.1679,1.0990,-0.3842;-5.1603,1.2132,-0.8329;-3.4738,1.7264,-0.9526;-4.2061,1.4951,0.6367;-4.7828,-1.2286,0.3100;-4.9237,-0.9219,1.3524;-5.7495,-1.1553,-0.1993;-4.4826,-2.2821,0.3115;0.4551,-0.2056,0.9856;1.7904,-0.0416,1.2658;2.2617,-0.4196,2.3362;</g>
	</geometry>
	<conformers/>
	<properties/>
</molecule>
