<?xml version="1.0" ?>
<!--MOLLI PACKAGE EXPERIMENTAL XML FORMAT-->
<molecule name="react_365">
	<atoms>
		<a id="1" s="H" t="H" l="H"/>
		<a id="2" s="C" t="C.2" l="C"/>
		<a id="3" s="H" t="H" l="H"/>
		<a id="4" s="C" t="C.2" l="C"/>
		<a id="5" s="C" t="C.3" l="C"/>
		<a id="6" s="H" t="H" l="H"/>
		<a id="7" s="H" t="H" l="H"/>
		<a id="8" s="H" t="H" l="H"/>
		<a id="9" s="C" t="C.3" l="C"/>
		<a id="10" s="H" t="H" l="H"/>
		<a id="11" s="H" t="H" l="H"/>
		<a id="12" s="N" t="N.ar" l="N"/>
		<a id="13" s="C" t="C.ar" l="C"/>
		<a id="14" s="H" t="H" l="H"/>
		<a id="15" s="C" t="C.ar" l="C"/>
		<a id="16" s="H" t="H" l="H"/>
		<a id="17" s="C" t="C.ar" l="C"/>
		<a id="18" s="N" t="N.pl3" l="N"/>
		<a id="19" s="H" t="H" l="H"/>
		<a id="20" s="C" t="C.3" l="C"/>
		<a id="21" s="H" t="H" l="H"/>
		<a id="22" s="H" t="H" l="H"/>
		<a id="23" s="C" t="C.ar" l="C"/>
		<a id="24" s="C" t="C.ar" l="C"/>
		<a id="25" s="H" t="H" l="H"/>
		<a id="26" s="C" t="C.ar" l="C"/>
		<a id="27" s="H" t="H" l="H"/>
		<a id="28" s="C" t="C.ar" l="C"/>
		<a id="29" s="H" t="H" l="H"/>
		<a id="30" s="C" t="C.ar" l="C"/>
		<a id="31" s="H" t="H" l="H"/>
		<a id="32" s="C" t="C.ar" l="C"/>
		<a id="33" s="H" t="H" l="H"/>
		<a id="34" s="N" t="N.ar" l="N"/>
		<a id="35" s="C" t="C.ar" l="C"/>
		<a id="36" s="O" t="O.2" l="O"/>
	</atoms>
	<bonds>
		<b id="1" c="2 4" t="2"/>
		<b id="2" c="4 5" t="1"/>
		<b id="3" c="4 9" t="1"/>
		<b id="4" c="9 12" t="1"/>
		<b id="5" c="12 13" t="ar"/>
		<b id="6" c="13 15" t="ar"/>
		<b id="7" c="15 17" t="ar"/>
		<b id="8" c="17 18" t="1"/>
		<b id="9" c="18 20" t="1"/>
		<b id="10" c="20 23" t="1"/>
		<b id="11" c="23 24" t="ar"/>
		<b id="12" c="24 26" t="ar"/>
		<b id="13" c="26 28" t="ar"/>
		<b id="14" c="28 30" t="ar"/>
		<b id="15" c="30 32" t="ar"/>
		<b id="16" c="17 34" t="ar"/>
		<b id="17" c="34 35" t="ar"/>
		<b id="18" c="35 36" t="2"/>
		<b id="19" c="35 12" t="ar"/>
		<b id="20" c="32 23" t="ar"/>
		<b id="21" c="2 1" t="1"/>
		<b id="22" c="2 3" t="1"/>
		<b id="23" c="5 6" t="1"/>
		<b id="24" c="5 7" t="1"/>
		<b id="25" c="5 8" t="1"/>
		<b id="26" c="9 10" t="1"/>
		<b id="27" c="9 11" t="1"/>
		<b id="28" c="13 14" t="1"/>
		<b id="29" c="15 16" t="1"/>
		<b id="30" c="18 19" t="1"/>
		<b id="31" c="20 21" t="1"/>
		<b id="32" c="20 22" t="1"/>
		<b id="33" c="24 25" t="1"/>
		<b id="34" c="26 27" t="1"/>
		<b id="35" c="28 29" t="1"/>
		<b id="36" c="30 31" t="1"/>
		<b id="37" c="32 33" t="1"/>
	</bonds>
	<geometry>
		<g u="A" t="cart/3d">#36,3:5.7530,-0.0580,-1.8641;5.6144,0.5819,-0.9981;6.1557,1.5237,-0.9927;4.8139,0.2275,0.0224;4.6484,1.1070,1.2316;5.2897,1.9936,1.1835;4.9132,0.5577,2.1408;3.6140,1.4530,1.3198;4.0701,-1.0909,0.0442;4.3701,-1.7338,-0.7935;4.3254,-1.6401,0.9574;2.6312,-0.8657,-0.0524;2.0750,-0.5299,-1.2653;2.7438,-0.4425,-2.1156;0.7667,-0.3181,-1.3858;0.2910,-0.0570,-2.3192;-0.0396,-0.4685,-0.1525;-1.3964,-0.2596,-0.2399;-1.7538,0.2249,-1.0542;-2.2400,-0.1668,0.9348;-1.9064,0.6557,1.5788;-2.1853,-1.0877,1.5279;-3.6678,0.0648,0.5017;-4.2164,1.3554,0.5058;-3.6248,2.2035,0.8441;-5.5288,1.5669,0.0798;-5.9491,2.5694,0.0921;-6.3018,0.4939,-0.3605;-7.3242,0.6596,-0.6905;-5.7640,-0.7917,-0.3783;-6.3657,-1.6283,-0.7240;-4.4523,-1.0057,0.0474;-4.0392,-2.0125,0.0232;0.4915,-0.7894,0.9873;1.8452,-0.9995,1.0959;2.3432,-1.2929,2.1811;</g>
	</geometry>
	<conformers/>
	<properties/>
</molecule>
