<?xml version="1.0" ?>
<!--MOLLI PACKAGE EXPERIMENTAL XML FORMAT-->
<molecule name="react_366">
	<atoms>
		<a id="1" s="H" t="H" l="H"/>
		<a id="2" s="C" t="C.2" l="C"/>
		<a id="3" s="H" t="H" l="H"/>
		<a id="4" s="C" t="C.2" l="C"/>
		<a id="5" s="C" t="C.3" l="C"/>
		<a id="6" s="H" t="H" l="H"/>
		<a id="7" s="H" t="H" l="H"/>
		<a id="8" s="N" t="N.ar" l="N"/>
		<a id="9" s="C" t="C.ar" l="C"/>
		<a id="10" s="H" t="H" l="H"/>
		<a id="11" s="C" t="C.ar" l="C"/>
		<a id="12" s="H" t="H" l="H"/>
		<a id="13" s="C" t="C.ar" l="C"/>
		<a id="14" s="N" t="N.am" l="N"/>
		<a id="15" s="H" t="H" l="H"/>
		<a id="16" s="C" t="C.2" l="C"/>
		<a id="17" s="O" t="O.2" l="O"/>
		<a id="18" s="C" t="C.ar" l="C"/>
		<a id="19" s="C" t="C.ar" l="C"/>
		<a id="20" s="H" t="H" l="H"/>
		<a id="21" s="C" t="C.ar" l="C"/>
		<a id="22" s="H" t="H" l="H"/>
		<a id="23" s="C" t="C.ar" l="C"/>
		<a id="24" s="H" t="H" l="H"/>
		<a id="25" s="C" t="C.ar" l="C"/>
		<a id="26" s="H" t="H" l="H"/>
		<a id="27" s="C" t="C.ar" l="C"/>
		<a id="28" s="H" t="H" l="H"/>
		<a id="29" s="N" t="N.ar" l="N"/>
		<a id="30" s="C" t="C.ar" l="C"/>
		<a id="31" s="O" t="O.2" l="O"/>
		<a id="32" s="C" t="C.3" l="C"/>
		<a id="33" s="H" t="H" l="H"/>
		<a id="34" s="H" t="H" l="H"/>
		<a id="35" s="C" t="C.3" l="C"/>
		<a id="36" s="H" t="H" l="H"/>
		<a id="37" s="H" t="H" l="H"/>
		<a id="38" s="H" t="H" l="H"/>
	</atoms>
	<bonds>
		<b id="1" c="2 4" t="2"/>
		<b id="2" c="4 32" t="1"/>
		<b id="3" c="32 35" t="1"/>
		<b id="4" c="4 5" t="1"/>
		<b id="5" c="5 8" t="1"/>
		<b id="6" c="8 9" t="ar"/>
		<b id="7" c="9 11" t="ar"/>
		<b id="8" c="11 13" t="ar"/>
		<b id="9" c="13 14" t="1"/>
		<b id="10" c="14 16" t="am"/>
		<b id="11" c="16 17" t="2"/>
		<b id="12" c="16 18" t="1"/>
		<b id="13" c="18 19" t="ar"/>
		<b id="14" c="19 21" t="ar"/>
		<b id="15" c="21 23" t="ar"/>
		<b id="16" c="23 25" t="ar"/>
		<b id="17" c="25 27" t="ar"/>
		<b id="18" c="13 29" t="ar"/>
		<b id="19" c="29 30" t="ar"/>
		<b id="20" c="30 31" t="2"/>
		<b id="21" c="30 8" t="ar"/>
		<b id="22" c="27 18" t="ar"/>
		<b id="23" c="2 1" t="1"/>
		<b id="24" c="2 3" t="1"/>
		<b id="25" c="32 33" t="1"/>
		<b id="26" c="32 34" t="1"/>
		<b id="27" c="35 36" t="1"/>
		<b id="28" c="35 37" t="1"/>
		<b id="29" c="35 38" t="1"/>
		<b id="30" c="5 6" t="1"/>
		<b id="31" c="5 7" t="1"/>
		<b id="32" c="9 10" t="1"/>
		<b id="33" c="11 12" t="1"/>
		<b id="34" c="14 15" t="1"/>
		<b id="35" c="19 20" t="1"/>
		<b id="36" c="21 22" t="1"/>
		<b id="37" c="23 24" t="1"/>
		<b id="38" c="25 26" t="1"/>
		<b id="39" c="27 28" t="1"/>
	</bonds>
	<geometry>
		<g u="A" t="cart/3d">#38,3:4.9658,-0.8287,-0.7664;4.5906,-0.4944,0.1984;5.0479,-0.9363,1.0781;3.5908,0.4018,0.2878;2.9725,1.0040,-0.9586;3.6429,0.8807,-1.8184;2.8321,2.0852,-0.8477;1.6929,0.3658,-1.2517;0.5267,0.9064,-0.7556;0.6080,1.8124,-0.1627;-0.6581,0.3486,-1.0027;-1.5785,0.7847,-0.6509;-0.5965,-0.8669,-1.8247;-1.7560,-1.5488,-2.1206;-1.6277,-2.0686,-2.9812;-3.0844,-1.2298,-1.8872;-3.8911,-1.1625,-2.8092;-3.5221,-0.9963,-0.4853;-4.6327,-0.1748,-0.2569;-5.1598,0.2806,-1.0933;-5.0706,0.0612,1.0470;-5.9329,0.7002,1.2229;-4.4093,-0.5312,2.1228;-4.7561,-0.3512,3.1380;-3.3152,-1.3673,1.8988;-2.8133,-1.8411,2.7394;-2.8731,-1.6070,0.5964;-2.0334,-2.2798,0.4392;0.4726,-1.3685,-2.3324;1.6838,-0.7679,-2.0748;2.7158,-1.2200,-2.5646;3.0687,0.8389,1.6375;1.9861,0.6818,1.6893;3.4960,0.2100,2.4292;3.3940,2.2905,1.9613;4.4712,2.4783,1.9010;3.0659,2.5302,2.9780;2.8863,2.9799,1.2798;</g>
	</geometry>
	<conformers/>
	<properties/>
</molecule>
