<?xml version="1.0" ?>
<!--MOLLI PACKAGE EXPERIMENTAL XML FORMAT-->
<molecule name="react_6">
	<atoms>
		<a id="1" s="H" t="H" l="H"/>
		<a id="2" s="C" t="C.2" l="C"/>
		<a id="3" s="C" t="C.2" l="C"/>
		<a id="4" s="C" t="C.3" l="C"/>
		<a id="5" s="H" t="H" l="H"/>
		<a id="6" s="H" t="H" l="H"/>
		<a id="7" s="H" t="H" l="H"/>
		<a id="8" s="C" t="C.3" l="C"/>
		<a id="9" s="H" t="H" l="H"/>
		<a id="10" s="H" t="H" l="H"/>
		<a id="11" s="H" t="H" l="H"/>
		<a id="12" s="C" t="C.3" l="C"/>
		<a id="13" s="H" t="H" l="H"/>
		<a id="14" s="H" t="H" l="H"/>
		<a id="15" s="C" t="C.3" l="C"/>
		<a id="16" s="H" t="H" l="H"/>
		<a id="17" s="H" t="H" l="H"/>
		<a id="18" s="C" t="C.3" l="C"/>
		<a id="19" s="H" t="H" l="H"/>
		<a id="20" s="H" t="H" l="H"/>
		<a id="21" s="C" t="C.3" l="C"/>
		<a id="22" s="H" t="H" l="H"/>
		<a id="23" s="H" t="H" l="H"/>
		<a id="24" s="H" t="H" l="H"/>
	</atoms>
	<bonds>
		<b id="1" c="21 18" t="1"/>
		<b id="2" c="18 15" t="1"/>
		<b id="3" c="15 12" t="1"/>
		<b id="4" c="12 2" t="1"/>
		<b id="5" c="2 3" t="2"/>
		<b id="6" c="3 4" t="1"/>
		<b id="7" c="3 8" t="1"/>
		<b id="8" c="21 22" t="1"/>
		<b id="9" c="21 23" t="1"/>
		<b id="10" c="21 24" t="1"/>
		<b id="11" c="18 19" t="1"/>
		<b id="12" c="18 20" t="1"/>
		<b id="13" c="15 16" t="1"/>
		<b id="14" c="15 17" t="1"/>
		<b id="15" c="12 13" t="1"/>
		<b id="16" c="12 14" t="1"/>
		<b id="17" c="2 1" t="1"/>
		<b id="18" c="4 5" t="1"/>
		<b id="19" c="4 6" t="1"/>
		<b id="20" c="4 7" t="1"/>
		<b id="21" c="8 9" t="1"/>
		<b id="22" c="8 10" t="1"/>
		<b id="23" c="8 11" t="1"/>
	</bonds>
	<geometry>
		<g u="A" t="cart/3d">#24,3:1.4322,-1.7562,0.5701;1.0851,-0.8922,0.0032;2.0036,-0.0409,-0.4940;3.4743,-0.2876,-0.2797;3.9870,-0.3772,-1.2431;3.9213,0.5423,0.2772;3.6643,-1.2069,0.2842;1.6930,1.2074,-1.2729;0.6277,1.4469,-1.3025;2.1980,2.0679,-0.8206;2.0453,1.1047,-2.3044;-0.4105,-0.8183,-0.1426;-0.6943,-0.1946,-0.9945;-0.7790,-1.8257,-0.3731;-1.0655,-0.3113,1.1437;-0.7196,0.7071,1.3624;-0.7448,-0.9382,1.9859;-2.5950,-0.3299,1.0922;-2.9784,-0.0691,2.0860;-2.9493,-1.3435,0.8720;-3.1801,0.6429,0.0799;-4.2719,0.6563,0.1602;-2.9280,0.3563,-0.9451;-2.8153,1.6599,0.2555;</g>
	</geometry>
	<conformers/>
	<properties/>
</molecule>
