<?xml version="1.0" ?>
<!--MOLLI PACKAGE EXPERIMENTAL XML FORMAT-->
<molecule name="react_183">
	<atoms>
		<a id="1" s="H" t="H" l="H"/>
		<a id="2" s="C" t="C.2" l="C"/>
		<a id="3" s="H" t="H" l="H"/>
		<a id="4" s="C" t="C.2" l="C"/>
		<a id="5" s="H" t="H" l="H"/>
		<a id="6" s="C" t="C.3" l="C"/>
		<a id="7" s="H" t="H" l="H"/>
		<a id="8" s="H" t="H" l="H"/>
		<a id="9" s="Cl" t="Cl" l="CL"/>
	</atoms>
	<bonds>
		<b id="1" c="2 4" t="2"/>
		<b id="2" c="4 6" t="1"/>
		<b id="3" c="6 9" t="1"/>
		<b id="4" c="2 1" t="1"/>
		<b id="5" c="2 3" t="1"/>
		<b id="6" c="4 5" t="1"/>
		<b id="7" c="6 7" t="1"/>
		<b id="8" c="6 8" t="1"/>
	</bonds>
	<geometry>
		<g u="A" t="cart/3d">#9,3:-1.4305,-0.8694,0.9716;-1.3706,0.0593,0.4124;-2.2552,0.6893,0.3936;-0.2526,0.4317,-0.2254;-0.2475,1.3741,-0.7694;1.0124,-0.3650,-0.2575;1.2882,-0.5952,-1.2905;0.9261,-1.3038,0.2976;2.3297,0.5789,0.4676;</g>
	</geometry>
	<conformers/>
	<properties/>
</molecule>
