<?xml version="1.0" ?>
<!--MOLLI PACKAGE EXPERIMENTAL XML FORMAT-->
<molecule name="react_367">
	<atoms>
		<a id="1" s="H" t="H" l="H"/>
		<a id="2" s="C" t="C.2" l="C"/>
		<a id="3" s="H" t="H" l="H"/>
		<a id="4" s="C" t="C.2" l="C"/>
		<a id="5" s="H" t="H" l="H"/>
		<a id="6" s="C" t="C.3" l="C"/>
		<a id="7" s="H" t="H" l="H"/>
		<a id="8" s="H" t="H" l="H"/>
		<a id="9" s="O" t="O.3" l="O"/>
		<a id="10" s="C" t="C.ar" l="C"/>
		<a id="11" s="C" t="C.ar" l="C"/>
		<a id="12" s="H" t="H" l="H"/>
		<a id="13" s="C" t="C.ar" l="C"/>
		<a id="14" s="H" t="H" l="H"/>
		<a id="15" s="C" t="C.ar" l="C"/>
		<a id="16" s="H" t="H" l="H"/>
		<a id="17" s="C" t="C.ar" l="C"/>
		<a id="18" s="H" t="H" l="H"/>
		<a id="19" s="C" t="C.ar" l="C"/>
		<a id="20" s="N" t="N.pl3" l="N"/>
		<a id="21" s="O" t="O.2" l="O"/>
		<a id="22" s="O" t="O.co2" l="O"/>
	</atoms>
	<bonds>
		<b id="1" c="2 4" t="2"/>
		<b id="2" c="4 6" t="1"/>
		<b id="3" c="6 9" t="1"/>
		<b id="4" c="9 10" t="1"/>
		<b id="5" c="10 11" t="ar"/>
		<b id="6" c="11 13" t="ar"/>
		<b id="7" c="13 15" t="ar"/>
		<b id="8" c="15 17" t="ar"/>
		<b id="9" c="17 19" t="ar"/>
		<b id="10" c="19 20" t="1"/>
		<b id="11" c="20 21" t="2"/>
		<b id="12" c="20 22" t="1"/>
		<b id="13" c="19 10" t="ar"/>
		<b id="14" c="2 1" t="1"/>
		<b id="15" c="2 3" t="1"/>
		<b id="16" c="4 5" t="1"/>
		<b id="17" c="6 7" t="1"/>
		<b id="18" c="6 8" t="1"/>
		<b id="19" c="11 12" t="1"/>
		<b id="20" c="13 14" t="1"/>
		<b id="21" c="15 16" t="1"/>
		<b id="22" c="17 18" t="1"/>
	</bonds>
	<geometry>
		<g u="A" t="cart/3d">#22,3:3.7389,-0.2665,2.3215;3.9419,0.2402,1.3833;4.8714,0.7966,1.3054;3.0832,0.2006,0.3557;3.3307,0.7331,-0.5605;1.7734,-0.5266,0.3615;1.5762,-0.9590,1.3495;1.8127,-1.3198,-0.3944;0.7618,0.4231,0.0315;-0.5143,-0.0338,-0.1416;-0.9447,-1.3299,0.1594;-0.2665,-2.0848,0.5458;-2.2867,-1.6957,-0.0185;-2.6051,-2.7083,0.2227;-3.2199,-0.7736,-0.4936;-4.2593,-1.0669,-0.6229;-2.8149,0.5221,-0.7989;-3.5369,1.2465,-1.1688;-1.4688,0.8716,-0.6239;-1.0762,2.2233,-0.9693;-1.6121,3.1417,-0.3321;-0.2848,2.3661,-1.9118;</g>
	</geometry>
	<conformers/>
	<properties/>
</molecule>
