<?xml version="1.0" ?>
<!--MOLLI PACKAGE EXPERIMENTAL XML FORMAT-->
<molecule name="react_368">
	<atoms>
		<a id="1" s="H" t="H" l="H"/>
		<a id="2" s="C" t="C.2" l="C"/>
		<a id="3" s="H" t="H" l="H"/>
		<a id="4" s="C" t="C.2" l="C"/>
		<a id="5" s="H" t="H" l="H"/>
		<a id="6" s="C" t="C.3" l="C"/>
		<a id="7" s="H" t="H" l="H"/>
		<a id="8" s="H" t="H" l="H"/>
		<a id="9" s="O" t="O.3" l="O"/>
		<a id="10" s="C" t="C.ar" l="C"/>
		<a id="11" s="C" t="C.ar" l="C"/>
		<a id="12" s="H" t="H" l="H"/>
		<a id="13" s="C" t="C.ar" l="C"/>
		<a id="14" s="H" t="H" l="H"/>
		<a id="15" s="C" t="C.ar" l="C"/>
		<a id="16" s="H" t="H" l="H"/>
		<a id="17" s="C" t="C.ar" l="C"/>
		<a id="18" s="N" t="N.pl3" l="N"/>
		<a id="19" s="O" t="O.2" l="O"/>
		<a id="20" s="O" t="O.co2" l="O"/>
		<a id="21" s="C" t="C.ar" l="C"/>
		<a id="22" s="H" t="H" l="H"/>
	</atoms>
	<bonds>
		<b id="1" c="2 4" t="2"/>
		<b id="2" c="4 6" t="1"/>
		<b id="3" c="6 9" t="1"/>
		<b id="4" c="9 10" t="1"/>
		<b id="5" c="10 11" t="ar"/>
		<b id="6" c="11 13" t="ar"/>
		<b id="7" c="13 15" t="ar"/>
		<b id="8" c="15 17" t="ar"/>
		<b id="9" c="17 18" t="1"/>
		<b id="10" c="18 19" t="2"/>
		<b id="11" c="18 20" t="1"/>
		<b id="12" c="17 21" t="ar"/>
		<b id="13" c="21 10" t="ar"/>
		<b id="14" c="2 1" t="1"/>
		<b id="15" c="2 3" t="1"/>
		<b id="16" c="4 5" t="1"/>
		<b id="17" c="6 7" t="1"/>
		<b id="18" c="6 8" t="1"/>
		<b id="19" c="11 12" t="1"/>
		<b id="20" c="13 14" t="1"/>
		<b id="21" c="15 16" t="1"/>
		<b id="22" c="21 22" t="1"/>
	</bonds>
	<geometry>
		<g u="A" t="cart/3d">#22,3:4.1861,2.3500,-2.3275;3.3667,1.6385,-2.2846;3.4907,0.6999,-2.8154;2.2559,1.9176,-1.5896;2.1837,2.8700,-1.0690;1.0741,1.0046,-1.4614;0.2061,1.4963,-1.9163;1.2681,0.0486,-1.9623;0.8473,0.7954,-0.0688;-0.2036,-0.0053,0.2832;-1.0926,-0.6281,-0.5967;-1.0067,-0.5143,-1.6731;-2.1322,-1.4259,-0.1061;-2.8192,-1.9067,-0.7996;-2.2914,-1.6070,1.2673;-3.1053,-2.2307,1.6312;-1.4005,-0.9822,2.1479;-1.5598,-1.1661,3.5948;-0.7580,-0.5902,4.3437;-2.4893,-1.8879,3.9844;-0.3591,-0.1832,1.6605;0.3391,0.3064,2.3369;</g>
	</geometry>
	<conformers/>
	<properties/>
</molecule>
