<?xml version="1.0" ?>
<!--MOLLI PACKAGE EXPERIMENTAL XML FORMAT-->
<molecule name="react_369">
	<atoms>
		<a id="1" s="H" t="H" l="H"/>
		<a id="2" s="C" t="C.2" l="C"/>
		<a id="3" s="H" t="H" l="H"/>
		<a id="4" s="C" t="C.2" l="C"/>
		<a id="5" s="H" t="H" l="H"/>
		<a id="6" s="C" t="C.ar" l="C"/>
		<a id="7" s="C" t="C.ar" l="C"/>
		<a id="8" s="H" t="H" l="H"/>
		<a id="9" s="C" t="C.ar" l="C"/>
		<a id="10" s="H" t="H" l="H"/>
		<a id="11" s="C" t="C.ar" l="C"/>
		<a id="12" s="H" t="H" l="H"/>
		<a id="13" s="C" t="C.ar" l="C"/>
		<a id="14" s="H" t="H" l="H"/>
		<a id="15" s="C" t="C.ar" l="C"/>
		<a id="16" s="Br" t="Br" l="BR"/>
	</atoms>
	<bonds>
		<b id="1" c="2 4" t="2"/>
		<b id="2" c="4 6" t="1"/>
		<b id="3" c="6 7" t="ar"/>
		<b id="4" c="7 9" t="ar"/>
		<b id="5" c="9 11" t="ar"/>
		<b id="6" c="11 13" t="ar"/>
		<b id="7" c="13 15" t="ar"/>
		<b id="8" c="15 16" t="1"/>
		<b id="9" c="15 6" t="ar"/>
		<b id="10" c="2 1" t="1"/>
		<b id="11" c="2 3" t="1"/>
		<b id="12" c="4 5" t="1"/>
		<b id="13" c="7 8" t="1"/>
		<b id="14" c="9 10" t="1"/>
		<b id="15" c="11 12" t="1"/>
		<b id="16" c="13 14" t="1"/>
	</bonds>
	<geometry>
		<g u="A" t="cart/3d">#16,3:3.8321,-0.6222,0.1210;2.7698,-0.7765,-0.0486;2.4874,-1.7311,-0.4742;1.8978,0.1917,0.2682;2.3240,1.0989,0.6883;0.4240,0.1635,0.1102;-0.2173,-0.9698,-0.4260;0.3505,-1.8433,-0.7338;-1.6067,-1.0234,-0.5861;-2.0687,-1.9148,-1.0036;-2.3939,0.0580,-0.2134;-3.4729,0.0187,-0.3369;-1.7911,1.1933,0.3197;-2.4159,2.0353,0.6087;-0.3978,1.2502,0.4817;0.2787,2.8716,1.2248;</g>
	</geometry>
	<conformers/>
	<properties/>
</molecule>
