<?xml version="1.0" ?>
<!--MOLLI PACKAGE EXPERIMENTAL XML FORMAT-->
<molecule name="react_370">
	<atoms>
		<a id="1" s="H" t="H" l="H"/>
		<a id="2" s="C" t="C.2" l="C"/>
		<a id="3" s="N" t="N.2" l="N"/>
		<a id="4" s="N" t="N.2" l="N"/>
		<a id="5" s="C" t="C.2" l="C"/>
		<a id="6" s="O" t="O.2" l="O"/>
		<a id="7" s="C" t="C.2" l="C"/>
		<a id="8" s="H" t="H" l="H"/>
		<a id="9" s="C" t="C.2" l="C"/>
		<a id="10" s="H" t="H" l="H"/>
		<a id="11" s="C" t="C.ar" l="C"/>
		<a id="12" s="C" t="C.ar" l="C"/>
		<a id="13" s="H" t="H" l="H"/>
		<a id="14" s="C" t="C.ar" l="C"/>
		<a id="15" s="H" t="H" l="H"/>
		<a id="16" s="C" t="C.ar" l="C"/>
		<a id="17" s="H" t="H" l="H"/>
		<a id="18" s="C" t="C.ar" l="C"/>
		<a id="19" s="H" t="H" l="H"/>
		<a id="20" s="C" t="C.ar" l="C"/>
		<a id="21" s="H" t="H" l="H"/>
	</atoms>
	<bonds>
		<b id="1" c="4 3" t="2"/>
		<b id="2" c="3 2" t="2"/>
		<b id="3" c="2 5" t="1"/>
		<b id="4" c="5 6" t="2"/>
		<b id="5" c="5 7" t="1"/>
		<b id="6" c="7 9" t="2"/>
		<b id="7" c="9 11" t="1"/>
		<b id="8" c="11 12" t="ar"/>
		<b id="9" c="12 14" t="ar"/>
		<b id="10" c="14 16" t="ar"/>
		<b id="11" c="16 18" t="ar"/>
		<b id="12" c="18 20" t="ar"/>
		<b id="13" c="20 11" t="ar"/>
		<b id="14" c="2 1" t="1"/>
		<b id="15" c="7 8" t="1"/>
		<b id="16" c="9 10" t="1"/>
		<b id="17" c="12 13" t="1"/>
		<b id="18" c="14 15" t="1"/>
		<b id="19" c="16 17" t="1"/>
		<b id="20" c="18 19" t="1"/>
		<b id="21" c="20 21" t="1"/>
	</bonds>
	<geometry>
		<g u="A" t="cart/3d">#21,3:3.6310,-0.0576,1.6804;3.5729,-0.4384,0.6559;4.2671,-0.0140,-0.3716;4.8646,0.3814,-1.2585;2.6364,-1.5345,0.3408;3.0929,-2.6654,0.2775;1.2012,-1.2447,0.1384;0.5993,-2.1246,-0.0673;0.6689,-0.0155,0.2101;1.2728,0.8580,0.4405;-0.7628,0.2544,0.0120;-1.5172,-0.3953,-0.9743;-1.0630,-1.1380,-1.6258;-2.8692,-0.0894,-1.1506;-3.4455,-0.6013,-1.9172;-3.4775,0.8754,-0.3507;-4.5291,1.1132,-0.4892;-2.7340,1.5394,0.6222;-3.2058,2.2963,1.2437;-1.3819,1.2346,0.7988;-0.8211,1.7662,1.5643;</g>
	</geometry>
	<conformers/>
	<properties/>
</molecule>
