<?xml version="1.0" ?>
<!--MOLLI PACKAGE EXPERIMENTAL XML FORMAT-->
<molecule name="react_371">
	<atoms>
		<a id="1" s="H" t="H" l="H"/>
		<a id="2" s="C" t="C.2" l="C"/>
		<a id="3" s="N" t="N.2" l="N"/>
		<a id="4" s="N" t="N.2" l="N"/>
		<a id="5" s="C" t="C.2" l="C"/>
		<a id="6" s="O" t="O.2" l="O"/>
		<a id="7" s="C" t="C.2" l="C"/>
		<a id="8" s="H" t="H" l="H"/>
		<a id="9" s="C" t="C.2" l="C"/>
		<a id="10" s="H" t="H" l="H"/>
		<a id="11" s="C" t="C.ar" l="C"/>
		<a id="12" s="C" t="C.ar" l="C"/>
		<a id="13" s="H" t="H" l="H"/>
		<a id="14" s="C" t="C.ar" l="C"/>
		<a id="15" s="H" t="H" l="H"/>
		<a id="16" s="C" t="C.ar" l="C"/>
		<a id="17" s="H" t="H" l="H"/>
		<a id="18" s="C" t="C.ar" l="C"/>
		<a id="19" s="H" t="H" l="H"/>
		<a id="20" s="C" t="C.ar" l="C"/>
		<a id="21" s="H" t="H" l="H"/>
	</atoms>
	<bonds>
		<b id="1" c="4 3" t="2"/>
		<b id="2" c="3 2" t="2"/>
		<b id="3" c="2 5" t="1"/>
		<b id="4" c="5 6" t="2"/>
		<b id="5" c="5 7" t="1"/>
		<b id="6" c="7 9" t="2"/>
		<b id="7" c="9 11" t="1"/>
		<b id="8" c="11 12" t="ar"/>
		<b id="9" c="12 14" t="ar"/>
		<b id="10" c="14 16" t="ar"/>
		<b id="11" c="16 18" t="ar"/>
		<b id="12" c="18 20" t="ar"/>
		<b id="13" c="20 11" t="ar"/>
		<b id="14" c="2 1" t="1"/>
		<b id="15" c="7 8" t="1"/>
		<b id="16" c="9 10" t="1"/>
		<b id="17" c="12 13" t="1"/>
		<b id="18" c="14 15" t="1"/>
		<b id="19" c="16 17" t="1"/>
		<b id="20" c="18 19" t="1"/>
		<b id="21" c="20 21" t="1"/>
	</bonds>
	<geometry>
		<g u="A" t="cart/3d">#21,3:1.2341,0.1908,1.8813;1.8705,0.2761,0.9952;2.2244,1.3882,0.3985;2.5150,2.3609,-0.1219;2.4227,-0.9407,0.3767;3.5654,-1.2477,0.6882;1.6287,-1.7610,-0.5667;2.2032,-2.5955,-0.9645;0.3580,-1.6174,-0.9713;-0.0496,-2.3344,-1.6824;-0.5887,-0.5853,-0.5570;-1.3996,-0.7858,0.5652;-1.3426,-1.7131,1.1309;-2.2920,0.2080,0.9707;-2.9211,0.0510,1.8434;-2.3787,1.4020,0.2559;-3.0733,2.1764,0.5724;-1.5777,1.6026,-0.8677;-1.6462,2.5337,-1.4251;-0.6862,0.6097,-1.2770;-0.0664,0.7814,-2.1545;</g>
	</geometry>
	<conformers/>
	<properties/>
</molecule>
