<?xml version="1.0" ?>
<!--MOLLI PACKAGE EXPERIMENTAL XML FORMAT-->
<molecule name="react_372">
	<atoms>
		<a id="1" s="H" t="H" l="H"/>
		<a id="2" s="C" t="C.2" l="C"/>
		<a id="3" s="N" t="N.2" l="N"/>
		<a id="4" s="N" t="N.2" l="N"/>
		<a id="5" s="C" t="C.2" l="C"/>
		<a id="6" s="O" t="O.2" l="O"/>
		<a id="7" s="C" t="C.2" l="C"/>
		<a id="8" s="H" t="H" l="H"/>
		<a id="9" s="C" t="C.2" l="C"/>
		<a id="10" s="H" t="H" l="H"/>
		<a id="11" s="C" t="C.ar" l="C"/>
		<a id="12" s="C" t="C.ar" l="C"/>
		<a id="13" s="H" t="H" l="H"/>
		<a id="14" s="C" t="C.ar" l="C"/>
		<a id="15" s="H" t="H" l="H"/>
		<a id="16" s="C" t="C.ar" l="C"/>
		<a id="17" s="C" t="C.3" l="C"/>
		<a id="18" s="H" t="H" l="H"/>
		<a id="19" s="H" t="H" l="H"/>
		<a id="20" s="H" t="H" l="H"/>
		<a id="21" s="C" t="C.ar" l="C"/>
		<a id="22" s="H" t="H" l="H"/>
		<a id="23" s="C" t="C.ar" l="C"/>
		<a id="24" s="H" t="H" l="H"/>
	</atoms>
	<bonds>
		<b id="1" c="17 16" t="1"/>
		<b id="2" c="16 14" t="ar"/>
		<b id="3" c="14 12" t="ar"/>
		<b id="4" c="12 11" t="ar"/>
		<b id="5" c="11 9" t="1"/>
		<b id="6" c="9 7" t="2"/>
		<b id="7" c="7 5" t="1"/>
		<b id="8" c="5 6" t="2"/>
		<b id="9" c="5 2" t="1"/>
		<b id="10" c="2 3" t="2"/>
		<b id="11" c="3 4" t="2"/>
		<b id="12" c="11 23" t="ar"/>
		<b id="13" c="23 21" t="ar"/>
		<b id="14" c="21 16" t="ar"/>
		<b id="15" c="17 18" t="1"/>
		<b id="16" c="17 19" t="1"/>
		<b id="17" c="17 20" t="1"/>
		<b id="18" c="14 15" t="1"/>
		<b id="19" c="12 13" t="1"/>
		<b id="20" c="9 10" t="1"/>
		<b id="21" c="7 8" t="1"/>
		<b id="22" c="2 1" t="1"/>
		<b id="23" c="23 24" t="1"/>
		<b id="24" c="21 22" t="1"/>
	</bonds>
	<geometry>
		<g u="A" t="cart/3d">#24,3:4.3717,1.5659,-0.7228;4.2693,0.4774,-0.7764;4.9149,-0.4010,-0.0490;5.4691,-1.1504,0.6078;3.3230,-0.1157,-1.7408;3.7759,-0.5117,-2.8036;1.8829,-0.1867,-1.4149;1.2761,-0.6362,-2.1948;1.3566,0.2438,-0.2586;1.9733,0.6656,0.5304;-0.0770,0.1566,0.0550;-1.0690,0.4256,-0.8957;-0.8062,0.6968,-1.9153;-2.4226,0.3606,-0.5499;-3.1745,0.5634,-1.3096;-2.8078,0.0456,0.7572;-4.2598,-0.0583,1.1186;-4.8622,0.6312,0.5178;-4.4203,0.2025,2.1700;-4.6154,-1.0792,0.9489;-1.8186,-0.2231,1.7085;-2.0941,-0.4852,2.7278;-0.4654,-0.1572,1.3628;0.2803,-0.3675,2.1265;</g>
	</geometry>
	<conformers/>
	<properties/>
</molecule>
