<?xml version="1.0" ?>
<!--MOLLI PACKAGE EXPERIMENTAL XML FORMAT-->
<molecule name="react_373">
	<atoms>
		<a id="1" s="H" t="H" l="H"/>
		<a id="2" s="C" t="C.2" l="C"/>
		<a id="3" s="N" t="N.2" l="N"/>
		<a id="4" s="N" t="N.2" l="N"/>
		<a id="5" s="C" t="C.2" l="C"/>
		<a id="6" s="O" t="O.2" l="O"/>
		<a id="7" s="C" t="C.2" l="C"/>
		<a id="8" s="H" t="H" l="H"/>
		<a id="9" s="C" t="C.2" l="C"/>
		<a id="10" s="H" t="H" l="H"/>
		<a id="11" s="C" t="C.ar" l="C"/>
		<a id="12" s="C" t="C.ar" l="C"/>
		<a id="13" s="H" t="H" l="H"/>
		<a id="14" s="C" t="C.ar" l="C"/>
		<a id="15" s="H" t="H" l="H"/>
		<a id="16" s="C" t="C.ar" l="C"/>
		<a id="17" s="C" t="C.ar" l="C"/>
		<a id="18" s="C" t="C.ar" l="C"/>
		<a id="19" s="H" t="H" l="H"/>
		<a id="20" s="C" t="C.ar" l="C"/>
		<a id="21" s="H" t="H" l="H"/>
		<a id="22" s="C" t="C.ar" l="C"/>
		<a id="23" s="H" t="H" l="H"/>
		<a id="24" s="C" t="C.ar" l="C"/>
		<a id="25" s="H" t="H" l="H"/>
		<a id="26" s="C" t="C.ar" l="C"/>
		<a id="27" s="H" t="H" l="H"/>
		<a id="28" s="C" t="C.ar" l="C"/>
		<a id="29" s="H" t="H" l="H"/>
		<a id="30" s="C" t="C.ar" l="C"/>
		<a id="31" s="H" t="H" l="H"/>
	</atoms>
	<bonds>
		<b id="1" c="4 3" t="2"/>
		<b id="2" c="3 2" t="2"/>
		<b id="3" c="2 5" t="1"/>
		<b id="4" c="5 6" t="2"/>
		<b id="5" c="5 7" t="1"/>
		<b id="6" c="7 9" t="2"/>
		<b id="7" c="9 11" t="1"/>
		<b id="8" c="11 12" t="ar"/>
		<b id="9" c="12 14" t="ar"/>
		<b id="10" c="14 16" t="ar"/>
		<b id="11" c="16 17" t="1"/>
		<b id="12" c="17 18" t="ar"/>
		<b id="13" c="18 20" t="ar"/>
		<b id="14" c="20 22" t="ar"/>
		<b id="15" c="22 24" t="ar"/>
		<b id="16" c="24 26" t="ar"/>
		<b id="17" c="16 28" t="ar"/>
		<b id="18" c="28 30" t="ar"/>
		<b id="19" c="30 11" t="ar"/>
		<b id="20" c="26 17" t="ar"/>
		<b id="21" c="2 1" t="1"/>
		<b id="22" c="7 8" t="1"/>
		<b id="23" c="9 10" t="1"/>
		<b id="24" c="12 13" t="1"/>
		<b id="25" c="14 15" t="1"/>
		<b id="26" c="18 19" t="1"/>
		<b id="27" c="20 21" t="1"/>
		<b id="28" c="22 23" t="1"/>
		<b id="29" c="24 25" t="1"/>
		<b id="30" c="26 27" t="1"/>
		<b id="31" c="28 29" t="1"/>
		<b id="32" c="30 31" t="1"/>
	</bonds>
	<geometry>
		<g u="A" t="cart/3d">#31,3:-6.4635,-0.1809,1.2521;-6.1910,-0.3120,0.2001;-6.7871,0.2352,-0.8309;-7.3046,0.7367,-1.7144;-5.0443,-1.1733,-0.1514;-5.2768,-2.3002,-0.5534;-3.7014,-0.5874,0.0441;-3.6450,0.4296,0.4115;-2.6146,-1.3138,-0.2555;-2.7203,-2.3235,-0.6513;-1.2381,-0.8213,-0.1180;-0.8310,-0.0169,0.9515;-1.5325,0.2778,1.7276;0.4989,0.4091,1.0567;0.7869,1.0260,1.9060;1.4593,0.0342,0.1047;2.8569,0.4821,0.2184;3.1725,1.8456,0.3414;2.3803,2.5916,0.3414;4.4992,2.2718,0.4490;4.7225,3.3316,0.5393;5.5339,1.3401,0.4365;6.5658,1.6708,0.5203;5.2434,-0.0163,0.3160;6.0482,-0.7467,0.3087;3.9162,-0.4407,0.2073;3.7113,-1.5063,0.1253;1.0451,-0.7867,-0.9548;1.7579,-1.0950,-1.7175;-0.2839,-1.2134,-1.0624;-0.5643,-1.8479,-1.9008;</g>
	</geometry>
	<conformers/>
	<properties/>
</molecule>
