<?xml version="1.0" ?>
<!--MOLLI PACKAGE EXPERIMENTAL XML FORMAT-->
<molecule name="react_374">
	<atoms>
		<a id="1" s="H" t="H" l="H"/>
		<a id="2" s="C" t="C.2" l="C"/>
		<a id="3" s="C" t="C.2" l="C"/>
		<a id="4" s="O" t="O.2" l="O"/>
		<a id="5" s="O" t="O.3" l="O"/>
		<a id="6" s="C" t="C.3" l="C"/>
		<a id="7" s="H" t="H" l="H"/>
		<a id="8" s="H" t="H" l="H"/>
		<a id="9" s="H" t="H" l="H"/>
		<a id="10" s="C" t="C.2" l="C"/>
		<a id="11" s="H" t="H" l="H"/>
		<a id="12" s="C" t="C.ar" l="C"/>
		<a id="13" s="C" t="C.ar" l="C"/>
		<a id="14" s="H" t="H" l="H"/>
		<a id="15" s="C" t="C.ar" l="C"/>
		<a id="16" s="H" t="H" l="H"/>
		<a id="17" s="C" t="C.ar" l="C"/>
		<a id="18" s="S" t="S.O2" l="S"/>
		<a id="19" s="O" t="O.2" l="O"/>
		<a id="20" s="O" t="O.2" l="O"/>
		<a id="21" s="C" t="C.3" l="C"/>
		<a id="22" s="H" t="H" l="H"/>
		<a id="23" s="H" t="H" l="H"/>
		<a id="24" s="H" t="H" l="H"/>
		<a id="25" s="C" t="C.ar" l="C"/>
		<a id="26" s="H" t="H" l="H"/>
		<a id="27" s="C" t="C.ar" l="C"/>
		<a id="28" s="H" t="H" l="H"/>
	</atoms>
	<bonds>
		<b id="1" c="6 5" t="1"/>
		<b id="2" c="5 3" t="1"/>
		<b id="3" c="3 4" t="2"/>
		<b id="4" c="3 2" t="1"/>
		<b id="5" c="2 10" t="2"/>
		<b id="6" c="10 12" t="1"/>
		<b id="7" c="12 13" t="ar"/>
		<b id="8" c="13 15" t="ar"/>
		<b id="9" c="15 17" t="ar"/>
		<b id="10" c="17 18" t="1"/>
		<b id="11" c="18 21" t="1"/>
		<b id="12" c="18 19" t="2"/>
		<b id="13" c="18 20" t="2"/>
		<b id="14" c="17 25" t="ar"/>
		<b id="15" c="25 27" t="ar"/>
		<b id="16" c="27 12" t="ar"/>
		<b id="17" c="6 7" t="1"/>
		<b id="18" c="6 8" t="1"/>
		<b id="19" c="6 9" t="1"/>
		<b id="20" c="2 1" t="1"/>
		<b id="21" c="10 11" t="1"/>
		<b id="22" c="13 14" t="1"/>
		<b id="23" c="15 16" t="1"/>
		<b id="24" c="21 22" t="1"/>
		<b id="25" c="21 23" t="1"/>
		<b id="26" c="21 24" t="1"/>
		<b id="27" c="25 26" t="1"/>
		<b id="28" c="27 28" t="1"/>
	</bonds>
	<geometry>
		<g u="A" t="cart/3d">#28,3:2.0615,1.0172,-1.7991;2.4623,0.5645,-0.8986;3.9340,0.6582,-0.7974;4.6053,1.2218,-1.6490;4.4046,0.0594,0.3229;5.8244,0.1251,0.4600;6.1557,1.1663,0.5259;6.3148,-0.3865,-0.3742;6.0990,-0.3845,1.3877;1.6757,-0.0303,0.0121;2.1053,-0.5019,0.8934;0.2140,-0.1247,-0.1074;-0.5653,0.9212,-0.6238;-0.1012,1.8415,-0.9725;-1.9562,0.8043,-0.6976;-2.5417,1.6186,-1.1198;-2.5738,-0.3580,-0.2326;-4.3407,-0.5157,-0.3370;-4.7953,0.3600,-1.4002;-4.6532,-1.9320,-0.3541;-4.8994,0.1540,1.2073;-4.4809,-0.4364,2.0247;-5.9898,0.0946,1.2275;-4.5836,1.1964,1.2797;-1.8158,-1.4098,0.2840;-2.2904,-2.3277,0.6250;-0.4258,-1.2845,0.3545;0.1564,-2.1109,0.7587;</g>
	</geometry>
	<conformers/>
	<properties/>
</molecule>
