<?xml version="1.0" ?>
<!--MOLLI PACKAGE EXPERIMENTAL XML FORMAT-->
<molecule name="react_375">
	<atoms>
		<a id="1" s="H" t="H" l="H"/>
		<a id="2" s="C" t="C.2" l="C"/>
		<a id="3" s="C" t="C.2" l="C"/>
		<a id="4" s="O" t="O.2" l="O"/>
		<a id="5" s="O" t="O.3" l="O"/>
		<a id="6" s="C" t="C.3" l="C"/>
		<a id="7" s="H" t="H" l="H"/>
		<a id="8" s="H" t="H" l="H"/>
		<a id="9" s="C" t="C.3" l="C"/>
		<a id="10" s="H" t="H" l="H"/>
		<a id="11" s="H" t="H" l="H"/>
		<a id="12" s="H" t="H" l="H"/>
		<a id="13" s="C" t="C.2" l="C"/>
		<a id="14" s="H" t="H" l="H"/>
		<a id="15" s="C" t="C.ar" l="C"/>
		<a id="16" s="C" t="C.ar" l="C"/>
		<a id="17" s="H" t="H" l="H"/>
		<a id="18" s="C" t="C.ar" l="C"/>
		<a id="19" s="H" t="H" l="H"/>
		<a id="20" s="C" t="C.ar" l="C"/>
		<a id="21" s="S" t="S.O2" l="S"/>
		<a id="22" s="O" t="O.2" l="O"/>
		<a id="23" s="O" t="O.2" l="O"/>
		<a id="24" s="C" t="C.3" l="C"/>
		<a id="25" s="H" t="H" l="H"/>
		<a id="26" s="H" t="H" l="H"/>
		<a id="27" s="H" t="H" l="H"/>
		<a id="28" s="C" t="C.ar" l="C"/>
		<a id="29" s="H" t="H" l="H"/>
		<a id="30" s="C" t="C.ar" l="C"/>
		<a id="31" s="H" t="H" l="H"/>
	</atoms>
	<bonds>
		<b id="1" c="9 6" t="1"/>
		<b id="2" c="6 5" t="1"/>
		<b id="3" c="5 3" t="1"/>
		<b id="4" c="3 4" t="2"/>
		<b id="5" c="3 2" t="1"/>
		<b id="6" c="2 13" t="2"/>
		<b id="7" c="13 15" t="1"/>
		<b id="8" c="15 16" t="ar"/>
		<b id="9" c="16 18" t="ar"/>
		<b id="10" c="18 20" t="ar"/>
		<b id="11" c="20 21" t="1"/>
		<b id="12" c="21 24" t="1"/>
		<b id="13" c="21 22" t="2"/>
		<b id="14" c="21 23" t="2"/>
		<b id="15" c="20 28" t="ar"/>
		<b id="16" c="28 30" t="ar"/>
		<b id="17" c="30 15" t="ar"/>
		<b id="18" c="9 10" t="1"/>
		<b id="19" c="9 11" t="1"/>
		<b id="20" c="9 12" t="1"/>
		<b id="21" c="6 7" t="1"/>
		<b id="22" c="6 8" t="1"/>
		<b id="23" c="2 1" t="1"/>
		<b id="24" c="13 14" t="1"/>
		<b id="25" c="16 17" t="1"/>
		<b id="26" c="18 19" t="1"/>
		<b id="27" c="24 25" t="1"/>
		<b id="28" c="24 26" t="1"/>
		<b id="29" c="24 27" t="1"/>
		<b id="30" c="28 29" t="1"/>
		<b id="31" c="30 31" t="1"/>
	</bonds>
	<geometry>
		<g u="A" t="cart/3d">#31,3:-1.4986,0.6365,-1.9407;-1.8550,0.5335,-0.9215;-3.3273,0.5942,-0.8040;-4.0469,0.7169,-1.7839;-3.7352,0.4930,0.4837;-5.1537,0.5471,0.6931;-5.6316,1.2585,0.0098;-5.3127,0.9217,1.7096;-5.7550,-0.8395,0.5609;-5.2683,-1.5369,1.2506;-6.8269,-0.8197,0.7768;-5.6091,-1.2363,-0.4488;-1.0164,0.3808,0.1156;-1.3980,0.3073,1.1318;0.4464,0.3318,-0.0164;1.0814,-0.3146,-1.0873;0.4998,-0.7918,-1.8734;2.4761,-0.3626,-1.1648;2.9501,-0.8514,-2.0136;3.2411,0.2216,-0.1538;5.0145,0.1741,-0.2556;5.5275,1.2816,0.5282;5.3679,0.0253,-1.6545;5.4285,-1.3333,0.5823;4.9645,-2.1716,0.0593;6.5151,-1.4420,0.5665;5.0767,-1.2763,1.6141;2.6279,0.8699,0.9194;3.2198,1.3481,1.6971;1.2330,0.9129,0.9892;0.7645,1.4214,1.8302;</g>
	</geometry>
	<conformers/>
	<properties/>
</molecule>
