<?xml version="1.0" ?>
<!--MOLLI PACKAGE EXPERIMENTAL XML FORMAT-->
<molecule name="react_376">
	<atoms>
		<a id="1" s="H" t="H" l="H"/>
		<a id="2" s="C" t="C.2" l="C"/>
		<a id="3" s="H" t="H" l="H"/>
		<a id="4" s="C" t="C.2" l="C"/>
		<a id="5" s="C" t="C.ar" l="C"/>
		<a id="6" s="C" t="C.ar" l="C"/>
		<a id="7" s="H" t="H" l="H"/>
		<a id="8" s="C" t="C.ar" l="C"/>
		<a id="9" s="H" t="H" l="H"/>
		<a id="10" s="N" t="N.ar" l="N"/>
		<a id="11" s="C" t="C.ar" l="C"/>
		<a id="12" s="O" t="O.3" l="O"/>
		<a id="13" s="C" t="C.3" l="C"/>
		<a id="14" s="H" t="H" l="H"/>
		<a id="15" s="H" t="H" l="H"/>
		<a id="16" s="H" t="H" l="H"/>
		<a id="17" s="C" t="C.ar" l="C"/>
		<a id="18" s="C" t="C.3" l="C"/>
		<a id="19" s="H" t="H" l="H"/>
		<a id="20" s="H" t="H" l="H"/>
		<a id="21" s="O" t="O.3" l="O"/>
		<a id="22" s="Si" t="Si" l="SI"/>
		<a id="23" s="C" t="C.3" l="C"/>
		<a id="24" s="H" t="H" l="H"/>
		<a id="25" s="H" t="H" l="H"/>
		<a id="26" s="H" t="H" l="H"/>
		<a id="27" s="C" t="C.3" l="C"/>
		<a id="28" s="H" t="H" l="H"/>
		<a id="29" s="H" t="H" l="H"/>
		<a id="30" s="H" t="H" l="H"/>
		<a id="31" s="C" t="C.3" l="C"/>
		<a id="32" s="C" t="C.3" l="C"/>
		<a id="33" s="H" t="H" l="H"/>
		<a id="34" s="H" t="H" l="H"/>
		<a id="35" s="H" t="H" l="H"/>
		<a id="36" s="C" t="C.3" l="C"/>
		<a id="37" s="H" t="H" l="H"/>
		<a id="38" s="H" t="H" l="H"/>
		<a id="39" s="H" t="H" l="H"/>
		<a id="40" s="C" t="C.3" l="C"/>
		<a id="41" s="H" t="H" l="H"/>
		<a id="42" s="H" t="H" l="H"/>
		<a id="43" s="H" t="H" l="H"/>
		<a id="44" s="C" t="C.3" l="C"/>
		<a id="45" s="H" t="H" l="H"/>
		<a id="46" s="H" t="H" l="H"/>
		<a id="47" s="C" t="C.3" l="C"/>
		<a id="48" s="H" t="H" l="H"/>
		<a id="49" s="H" t="H" l="H"/>
		<a id="50" s="H" t="H" l="H"/>
	</atoms>
	<bonds>
		<b id="1" c="2 4" t="2"/>
		<b id="2" c="4 44" t="1"/>
		<b id="3" c="44 47" t="1"/>
		<b id="4" c="4 5" t="1"/>
		<b id="5" c="5 6" t="ar"/>
		<b id="6" c="6 8" t="ar"/>
		<b id="7" c="8 10" t="ar"/>
		<b id="8" c="10 11" t="ar"/>
		<b id="9" c="11 12" t="1"/>
		<b id="10" c="12 13" t="1"/>
		<b id="11" c="11 17" t="ar"/>
		<b id="12" c="17 18" t="1"/>
		<b id="13" c="18 21" t="1"/>
		<b id="14" c="21 22" t="1"/>
		<b id="15" c="22 23" t="1"/>
		<b id="16" c="22 27" t="1"/>
		<b id="17" c="22 31" t="1"/>
		<b id="18" c="31 32" t="1"/>
		<b id="19" c="31 36" t="1"/>
		<b id="20" c="31 40" t="1"/>
		<b id="21" c="17 5" t="ar"/>
		<b id="22" c="2 1" t="1"/>
		<b id="23" c="2 3" t="1"/>
		<b id="24" c="44 45" t="1"/>
		<b id="25" c="44 46" t="1"/>
		<b id="26" c="47 48" t="1"/>
		<b id="27" c="47 49" t="1"/>
		<b id="28" c="47 50" t="1"/>
		<b id="29" c="6 7" t="1"/>
		<b id="30" c="8 9" t="1"/>
		<b id="31" c="13 14" t="1"/>
		<b id="32" c="13 15" t="1"/>
		<b id="33" c="13 16" t="1"/>
		<b id="34" c="18 19" t="1"/>
		<b id="35" c="18 20" t="1"/>
		<b id="36" c="23 24" t="1"/>
		<b id="37" c="23 25" t="1"/>
		<b id="38" c="23 26" t="1"/>
		<b id="39" c="27 28" t="1"/>
		<b id="40" c="27 29" t="1"/>
		<b id="41" c="27 30" t="1"/>
		<b id="42" c="32 33" t="1"/>
		<b id="43" c="32 34" t="1"/>
		<b id="44" c="32 35" t="1"/>
		<b id="45" c="36 37" t="1"/>
		<b id="46" c="36 38" t="1"/>
		<b id="47" c="36 39" t="1"/>
		<b id="48" c="40 41" t="1"/>
		<b id="49" c="40 42" t="1"/>
		<b id="50" c="40 43" t="1"/>
	</bonds>
	<geometry>
		<g u="A" t="cart/3d">#50,3:-1.6224,-0.3023,1.9200;-2.1444,-1.1053,1.4035;-2.1521,-2.0681,1.9014;-2.7326,-0.9044,0.2129;-2.6657,0.4526,-0.3724;-3.7905,1.2727,-0.2440;-4.6845,0.9283,0.2655;-3.7439,2.5486,-0.7713;-4.5958,3.2173,-0.6923;-2.6703,3.0568,-1.4047;-1.5831,2.2569,-1.5096;-0.4646,2.7493,-2.1569;-0.5667,4.1287,-2.4943;-1.3601,4.2991,-3.2308;-0.7147,4.7482,-1.6024;0.3805,4.4297,-2.9527;-1.5231,0.9469,-1.0298;-0.2694,0.1296,-1.1922;0.2806,0.4400,-2.0893;-0.5283,-0.9270,-1.3400;0.5386,0.2978,-0.0303;1.9800,-0.5468,0.0900;1.7152,-2.4041,0.0536;2.6626,-2.9358,0.1809;1.2820,-2.7116,-0.9025;1.0342,-2.7163,0.8507;3.2122,-0.0403,-1.2283;3.3983,1.0367,-1.1940;4.1657,-0.5581,-1.0920;2.8341,-0.2868,-2.2245;2.8219,-0.0855,1.9350;1.8107,-0.4507,3.0405;1.5698,-1.5194,3.0305;2.2160,-0.2128,4.0306;0.8723,0.1035,2.9258;4.1238,-0.8873,2.1201;4.5874,-0.6535,3.0852;4.8550,-0.6565,1.3381;3.9399,-1.9668,2.0970;3.1192,1.4273,1.9767;3.8474,1.7157,1.2105;3.5346,1.7143,2.9490;2.2126,2.0212,1.8153;-3.4868,-1.9298,-0.6040;-3.0379,-1.9791,-1.6051;-4.5220,-1.5908,-0.7372;-3.5232,-3.3463,-0.0411;-4.0953,-3.9999,-0.7080;-2.5138,-3.7619,0.0498;-4.0031,-3.3738,0.9426;</g>
	</geometry>
	<conformers/>
	<properties/>
</molecule>
