<?xml version="1.0" ?>
<!--MOLLI PACKAGE EXPERIMENTAL XML FORMAT-->
<molecule name="react_184">
	<atoms>
		<a id="1" s="H" t="H" l="H"/>
		<a id="2" s="C" t="C.2" l="C"/>
		<a id="3" s="H" t="H" l="H"/>
		<a id="4" s="C" t="C.2" l="C"/>
		<a id="5" s="H" t="H" l="H"/>
		<a id="6" s="C" t="C.3" l="C"/>
		<a id="7" s="H" t="H" l="H"/>
		<a id="8" s="H" t="H" l="H"/>
		<a id="9" s="H" t="H" l="H"/>
	</atoms>
	<bonds>
		<b id="1" c="2 4" t="2"/>
		<b id="2" c="4 6" t="1"/>
		<b id="3" c="2 1" t="1"/>
		<b id="4" c="2 3" t="1"/>
		<b id="5" c="4 5" t="1"/>
		<b id="6" c="6 7" t="1"/>
		<b id="7" c="6 8" t="1"/>
		<b id="8" c="6 9" t="1"/>
	</bonds>
	<geometry>
		<g u="A" t="cart/3d">#9,3:-1.4412,0.3219,1.1679;-1.3299,-0.2812,0.2722;-2.1979,-0.8371,-0.0688;-0.1710,-0.3447,-0.3948;-0.1067,-0.9626,-1.2877;1.0680,0.3868,0.0056;1.3810,1.0584,-0.7995;1.8769,-0.3256,0.1940;0.9209,0.9840,0.9111;</g>
	</geometry>
	<conformers/>
	<properties/>
</molecule>
