<?xml version="1.0" ?>
<!--MOLLI PACKAGE EXPERIMENTAL XML FORMAT-->
<molecule name="react_377">
	<atoms>
		<a id="1" s="H" t="H" l="H"/>
		<a id="2" s="C" t="C.2" l="C"/>
		<a id="3" s="C" t="C.2" l="C"/>
		<a id="4" s="O" t="O.2" l="O"/>
		<a id="5" s="O" t="O.3" l="O"/>
		<a id="6" s="C" t="C.3" l="C"/>
		<a id="7" s="H" t="H" l="H"/>
		<a id="8" s="H" t="H" l="H"/>
		<a id="9" s="H" t="H" l="H"/>
		<a id="10" s="C" t="C.2" l="C"/>
		<a id="11" s="H" t="H" l="H"/>
		<a id="12" s="C" t="C.3" l="C"/>
		<a id="13" s="H" t="H" l="H"/>
		<a id="14" s="H" t="H" l="H"/>
		<a id="15" s="H" t="H" l="H"/>
	</atoms>
	<bonds>
		<b id="1" c="12 10" t="1"/>
		<b id="2" c="10 2" t="2"/>
		<b id="3" c="2 3" t="1"/>
		<b id="4" c="3 4" t="2"/>
		<b id="5" c="3 5" t="1"/>
		<b id="6" c="5 6" t="1"/>
		<b id="7" c="12 13" t="1"/>
		<b id="8" c="12 14" t="1"/>
		<b id="9" c="12 15" t="1"/>
		<b id="10" c="10 11" t="1"/>
		<b id="11" c="2 1" t="1"/>
		<b id="12" c="6 7" t="1"/>
		<b id="13" c="6 8" t="1"/>
		<b id="14" c="6 9" t="1"/>
	</bonds>
	<geometry>
		<g u="A" t="cart/3d">#15,3:-0.4667,-1.3587,-0.4175;-0.4797,-0.3275,-0.0858;0.8272,0.3451,0.0774;0.9883,1.4980,0.4411;1.7982,-0.5447,-0.2477;3.1200,-0.0178,-0.1320;3.2569,0.8285,-0.8126;3.8246,-0.8053,-0.4135;3.3263,0.2779,0.9015;-1.6235,0.3257,0.1703;-1.5918,1.3628,0.5021;-2.9789,-0.2838,0.0295;-3.5689,0.2832,-0.6971;-2.9316,-1.3244,-0.3067;-3.5005,-0.2590,0.9910;</g>
	</geometry>
	<conformers/>
	<properties/>
</molecule>
