<?xml version="1.0" ?>
<!--MOLLI PACKAGE EXPERIMENTAL XML FORMAT-->
<molecule name="react_378">
	<atoms>
		<a id="1" s="H" t="H" l="H"/>
		<a id="2" s="C" t="C.2" l="C"/>
		<a id="3" s="C" t="C.2" l="C"/>
		<a id="4" s="O" t="O.2" l="O"/>
		<a id="5" s="O" t="O.3" l="O"/>
		<a id="6" s="C" t="C.3" l="C"/>
		<a id="7" s="H" t="H" l="H"/>
		<a id="8" s="H" t="H" l="H"/>
		<a id="9" s="C" t="C.3" l="C"/>
		<a id="10" s="H" t="H" l="H"/>
		<a id="11" s="H" t="H" l="H"/>
		<a id="12" s="C" t="C.3" l="C"/>
		<a id="13" s="H" t="H" l="H"/>
		<a id="14" s="H" t="H" l="H"/>
		<a id="15" s="C" t="C.3" l="C"/>
		<a id="16" s="H" t="H" l="H"/>
		<a id="17" s="H" t="H" l="H"/>
		<a id="18" s="C" t="C.3" l="C"/>
		<a id="19" s="H" t="H" l="H"/>
		<a id="20" s="H" t="H" l="H"/>
		<a id="21" s="C" t="C.3" l="C"/>
		<a id="22" s="H" t="H" l="H"/>
		<a id="23" s="H" t="H" l="H"/>
		<a id="24" s="H" t="H" l="H"/>
		<a id="25" s="C" t="C.2" l="C"/>
		<a id="26" s="H" t="H" l="H"/>
		<a id="27" s="C" t="C.3" l="C"/>
		<a id="28" s="H" t="H" l="H"/>
		<a id="29" s="H" t="H" l="H"/>
		<a id="30" s="H" t="H" l="H"/>
	</atoms>
	<bonds>
		<b id="1" c="27 25" t="1"/>
		<b id="2" c="25 2" t="2"/>
		<b id="3" c="2 3" t="1"/>
		<b id="4" c="3 4" t="2"/>
		<b id="5" c="3 5" t="1"/>
		<b id="6" c="5 6" t="1"/>
		<b id="7" c="6 9" t="1"/>
		<b id="8" c="9 12" t="1"/>
		<b id="9" c="12 15" t="1"/>
		<b id="10" c="15 18" t="1"/>
		<b id="11" c="18 21" t="1"/>
		<b id="12" c="27 28" t="1"/>
		<b id="13" c="27 29" t="1"/>
		<b id="14" c="27 30" t="1"/>
		<b id="15" c="25 26" t="1"/>
		<b id="16" c="2 1" t="1"/>
		<b id="17" c="6 7" t="1"/>
		<b id="18" c="6 8" t="1"/>
		<b id="19" c="9 10" t="1"/>
		<b id="20" c="9 11" t="1"/>
		<b id="21" c="12 13" t="1"/>
		<b id="22" c="12 14" t="1"/>
		<b id="23" c="15 16" t="1"/>
		<b id="24" c="15 17" t="1"/>
		<b id="25" c="18 19" t="1"/>
		<b id="26" c="18 20" t="1"/>
		<b id="27" c="21 22" t="1"/>
		<b id="28" c="21 23" t="1"/>
		<b id="29" c="21 24" t="1"/>
	</bonds>
	<geometry>
		<g u="A" t="cart/3d">#30,3:4.1737,1.1780,-0.6686;3.3329,0.5044,-0.5391;2.0841,0.9840,-1.1717;2.0289,2.0513,-1.7639;1.0669,0.1071,-0.9985;-0.1926,0.4909,-1.5684;-0.7415,-0.4321,-1.7783;-0.0490,0.9887,-2.5350;-0.9827,1.3839,-0.6128;-0.4416,2.3306,-0.4905;-1.9482,1.6415,-1.0590;-1.1834,0.7958,0.7860;-1.7191,1.5332,1.3973;-0.2020,0.6722,1.2613;-1.9229,-0.5442,0.8658;-1.3926,-1.3192,0.3017;-1.8809,-0.8597,1.9170;-3.4009,-0.4895,0.4679;-3.9428,-1.2292,1.0706;-3.8338,0.4874,0.7107;-3.6574,-0.8239,-0.9936;-4.7349,-0.8603,-1.1847;-3.2297,-0.0785,-1.6667;-3.2384,-1.8018,-1.2517;3.4613,-0.6449,0.1433;2.6094,-1.3101,0.2675;4.7396,-1.0955,0.7710;5.0414,-2.0596,0.3506;5.5544,-0.3826,0.6097;4.6019,-1.2181,1.8496;</g>
	</geometry>
	<conformers/>
	<properties/>
</molecule>
