<?xml version="1.0" ?>
<!--MOLLI PACKAGE EXPERIMENTAL XML FORMAT-->
<molecule name="react_379">
	<atoms>
		<a id="1" s="H" t="H" l="H"/>
		<a id="2" s="C" t="C.2" l="C"/>
		<a id="3" s="C" t="C.2" l="C"/>
		<a id="4" s="O" t="O.2" l="O"/>
		<a id="5" s="O" t="O.3" l="O"/>
		<a id="6" s="C" t="C.3" l="C"/>
		<a id="7" s="H" t="H" l="H"/>
		<a id="8" s="H" t="H" l="H"/>
		<a id="9" s="C" t="C.3" l="C"/>
		<a id="10" s="H" t="H" l="H"/>
		<a id="11" s="H" t="H" l="H"/>
		<a id="12" s="H" t="H" l="H"/>
		<a id="13" s="C" t="C.2" l="C"/>
		<a id="14" s="H" t="H" l="H"/>
		<a id="15" s="C" t="C.ar" l="C"/>
		<a id="16" s="S" t="S.2" l="S"/>
		<a id="17" s="C" t="C.ar" l="C"/>
		<a id="18" s="C" t="C.ar" l="C"/>
		<a id="19" s="C" t="C.ar" l="C"/>
		<a id="20" s="H" t="H" l="H"/>
		<a id="21" s="C" t="C.ar" l="C"/>
		<a id="22" s="H" t="H" l="H"/>
		<a id="23" s="C" t="C.ar" l="C"/>
		<a id="24" s="H" t="H" l="H"/>
		<a id="25" s="C" t="C.ar" l="C"/>
		<a id="26" s="H" t="H" l="H"/>
		<a id="27" s="C" t="C.ar" l="C"/>
		<a id="28" s="H" t="H" l="H"/>
		<a id="29" s="C" t="C.ar" l="C"/>
		<a id="30" s="H" t="H" l="H"/>
		<a id="31" s="C" t="C.ar" l="C"/>
		<a id="32" s="H" t="H" l="H"/>
	</atoms>
	<bonds>
		<b id="1" c="9 6" t="1"/>
		<b id="2" c="6 5" t="1"/>
		<b id="3" c="5 3" t="1"/>
		<b id="4" c="3 4" t="2"/>
		<b id="5" c="3 2" t="1"/>
		<b id="6" c="2 13" t="2"/>
		<b id="7" c="13 15" t="1"/>
		<b id="8" c="15 31" t="ar"/>
		<b id="9" c="31 29" t="ar"/>
		<b id="10" c="29 17" t="ar"/>
		<b id="11" c="17 18" t="1"/>
		<b id="12" c="18 19" t="ar"/>
		<b id="13" c="19 21" t="ar"/>
		<b id="14" c="21 23" t="ar"/>
		<b id="15" c="23 25" t="ar"/>
		<b id="16" c="25 27" t="ar"/>
		<b id="17" c="17 16" t="ar"/>
		<b id="18" c="16 15" t="ar"/>
		<b id="19" c="27 18" t="ar"/>
		<b id="20" c="9 10" t="1"/>
		<b id="21" c="9 11" t="1"/>
		<b id="22" c="9 12" t="1"/>
		<b id="23" c="6 7" t="1"/>
		<b id="24" c="6 8" t="1"/>
		<b id="25" c="2 1" t="1"/>
		<b id="26" c="13 14" t="1"/>
		<b id="27" c="31 32" t="1"/>
		<b id="28" c="29 30" t="1"/>
		<b id="29" c="19 20" t="1"/>
		<b id="30" c="21 22" t="1"/>
		<b id="31" c="23 24" t="1"/>
		<b id="32" c="25 26" t="1"/>
		<b id="33" c="27 28" t="1"/>
	</bonds>
	<geometry>
		<g u="A" t="cart/3d">#32,3:1.3921,-1.7501,1.0447;2.0829,-1.0525,0.5853;3.4986,-1.4063,0.8185;3.8217,-2.3924,1.4641;4.3460,-0.5213,0.2404;5.7324,-0.8223,0.4394;5.9609,-0.8230,1.5111;5.9631,-1.8044,0.0115;6.5525,0.2453,-0.2582;6.3195,0.2728,-1.3278;7.6228,0.0584,-0.1343;6.3174,1.2362,0.1443;1.6840,0.0178,-0.1198;2.4288,0.6807,-0.5554;0.3172,0.3693,-0.3517;-1.0235,-0.5398,0.2322;-2.1804,0.5132,-0.4632;-3.6181,0.2655,-0.2911;-4.4743,1.3219,0.0554;-4.0766,2.3209,0.2194;-5.8465,1.1087,0.2124;-6.4960,1.9358,0.4871;-6.3810,-0.1631,0.0204;-7.4480,-0.3297,0.1429;-5.5455,-1.2214,-0.3291;-5.9602,-2.2143,-0.4828;-4.1730,-1.0084,-0.4854;-3.5435,-1.8482,-0.7709;-1.5598,1.5539,-1.1234;-2.0990,2.3403,-1.6376;-0.1388,1.4677,-1.0634;0.5241,2.1888,-1.5272;</g>
	</geometry>
	<conformers/>
	<properties/>
</molecule>
