<?xml version="1.0" ?>
<!--MOLLI PACKAGE EXPERIMENTAL XML FORMAT-->
<molecule name="react_380">
	<atoms>
		<a id="1" s="H" t="H" l="H"/>
		<a id="2" s="C" t="C.2" l="C"/>
		<a id="3" s="C" t="C.2" l="C"/>
		<a id="4" s="O" t="O.2" l="O"/>
		<a id="5" s="O" t="O.3" l="O"/>
		<a id="6" s="C" t="C.3" l="C"/>
		<a id="7" s="H" t="H" l="H"/>
		<a id="8" s="H" t="H" l="H"/>
		<a id="9" s="C" t="C.3" l="C"/>
		<a id="10" s="H" t="H" l="H"/>
		<a id="11" s="H" t="H" l="H"/>
		<a id="12" s="H" t="H" l="H"/>
		<a id="13" s="C" t="C.2" l="C"/>
		<a id="14" s="H" t="H" l="H"/>
		<a id="15" s="C" t="C.3" l="C"/>
		<a id="16" s="H" t="H" l="H"/>
		<a id="17" s="H" t="H" l="H"/>
		<a id="18" s="C" t="C.ar" l="C"/>
		<a id="19" s="S" t="S.2" l="S"/>
		<a id="20" s="C" t="C.ar" l="C"/>
		<a id="21" s="H" t="H" l="H"/>
		<a id="22" s="C" t="C.ar" l="C"/>
		<a id="23" s="H" t="H" l="H"/>
		<a id="24" s="C" t="C.ar" l="C"/>
		<a id="25" s="H" t="H" l="H"/>
	</atoms>
	<bonds>
		<b id="1" c="9 6" t="1"/>
		<b id="2" c="6 5" t="1"/>
		<b id="3" c="5 3" t="1"/>
		<b id="4" c="3 4" t="2"/>
		<b id="5" c="3 2" t="1"/>
		<b id="6" c="2 13" t="2"/>
		<b id="7" c="13 15" t="1"/>
		<b id="8" c="15 18" t="1"/>
		<b id="9" c="18 24" t="ar"/>
		<b id="10" c="24 22" t="ar"/>
		<b id="11" c="22 20" t="ar"/>
		<b id="12" c="20 19" t="ar"/>
		<b id="13" c="19 18" t="ar"/>
		<b id="14" c="9 10" t="1"/>
		<b id="15" c="9 11" t="1"/>
		<b id="16" c="9 12" t="1"/>
		<b id="17" c="6 7" t="1"/>
		<b id="18" c="6 8" t="1"/>
		<b id="19" c="2 1" t="1"/>
		<b id="20" c="13 14" t="1"/>
		<b id="21" c="15 16" t="1"/>
		<b id="22" c="15 17" t="1"/>
		<b id="23" c="24 25" t="1"/>
		<b id="24" c="22 23" t="1"/>
		<b id="25" c="20 21" t="1"/>
	</bonds>
	<geometry>
		<g u="A" t="cart/3d">#25,3:0.7520,-1.0309,1.3102;0.6512,-0.5272,0.3564;1.8051,0.2683,-0.1136;1.8609,0.8702,-1.1726;2.7727,0.1948,0.8337;3.9751,0.9227,0.5456;4.4355,1.1733,1.5069;3.7568,1.8690,0.0371;4.9256,0.0630,-0.2663;5.8693,0.5873,-0.4414;4.4876,-0.2007,-1.2341;5.1348,-0.8767,0.2553;-0.4703,-0.6032,-0.3775;-0.5309,-0.0742,-1.3278;-1.6855,-1.3906,0.0246;-1.9127,-2.0963,-0.7853;-1.4670,-2.0141,0.9016;-2.9017,-0.5504,0.2879;-3.2208,0.0360,1.8670;-4.6476,0.8257,1.3538;-5.2453,1.3819,2.0627;-4.8809,0.6497,0.0086;-5.7331,1.0729,-0.5088;-3.8723,-0.1455,-0.6080;-3.8586,-0.4048,-1.6600;</g>
	</geometry>
	<conformers/>
	<properties/>
</molecule>
