<?xml version="1.0" ?>
<!--MOLLI PACKAGE EXPERIMENTAL XML FORMAT-->
<molecule name="react_381">
	<atoms>
		<a id="1" s="H" t="H" l="H"/>
		<a id="2" s="C" t="C.2" l="C"/>
		<a id="3" s="C" t="C.2" l="C"/>
		<a id="4" s="O" t="O.2" l="O"/>
		<a id="5" s="O" t="O.3" l="O"/>
		<a id="6" s="C" t="C.3" l="C"/>
		<a id="7" s="H" t="H" l="H"/>
		<a id="8" s="H" t="H" l="H"/>
		<a id="9" s="C" t="C.3" l="C"/>
		<a id="10" s="H" t="H" l="H"/>
		<a id="11" s="H" t="H" l="H"/>
		<a id="12" s="H" t="H" l="H"/>
		<a id="13" s="C" t="C.2" l="C"/>
		<a id="14" s="H" t="H" l="H"/>
		<a id="15" s="C" t="C.3" l="C"/>
		<a id="16" s="H" t="H" l="H"/>
		<a id="17" s="H" t="H" l="H"/>
		<a id="18" s="C" t="C.ar" l="C"/>
		<a id="19" s="S" t="S.2" l="S"/>
		<a id="20" s="C" t="C.ar" l="C"/>
		<a id="21" s="H" t="H" l="H"/>
		<a id="22" s="C" t="C.ar" l="C"/>
		<a id="23" s="C" t="C.ar" l="C"/>
		<a id="24" s="C" t="C.ar" l="C"/>
		<a id="25" s="H" t="H" l="H"/>
		<a id="26" s="C" t="C.ar" l="C"/>
		<a id="27" s="H" t="H" l="H"/>
		<a id="28" s="C" t="C.ar" l="C"/>
		<a id="29" s="H" t="H" l="H"/>
		<a id="30" s="C" t="C.ar" l="C"/>
		<a id="31" s="H" t="H" l="H"/>
		<a id="32" s="C" t="C.ar" l="C"/>
		<a id="33" s="H" t="H" l="H"/>
		<a id="34" s="C" t="C.ar" l="C"/>
		<a id="35" s="H" t="H" l="H"/>
	</atoms>
	<bonds>
		<b id="1" c="9 6" t="1"/>
		<b id="2" c="6 5" t="1"/>
		<b id="3" c="5 3" t="1"/>
		<b id="4" c="3 4" t="2"/>
		<b id="5" c="3 2" t="1"/>
		<b id="6" c="2 13" t="2"/>
		<b id="7" c="13 15" t="1"/>
		<b id="8" c="15 18" t="1"/>
		<b id="9" c="18 34" t="ar"/>
		<b id="10" c="34 22" t="ar"/>
		<b id="11" c="22 23" t="1"/>
		<b id="12" c="23 24" t="ar"/>
		<b id="13" c="24 26" t="ar"/>
		<b id="14" c="26 28" t="ar"/>
		<b id="15" c="28 30" t="ar"/>
		<b id="16" c="30 32" t="ar"/>
		<b id="17" c="22 20" t="ar"/>
		<b id="18" c="20 19" t="ar"/>
		<b id="19" c="19 18" t="ar"/>
		<b id="20" c="32 23" t="ar"/>
		<b id="21" c="9 10" t="1"/>
		<b id="22" c="9 11" t="1"/>
		<b id="23" c="9 12" t="1"/>
		<b id="24" c="6 7" t="1"/>
		<b id="25" c="6 8" t="1"/>
		<b id="26" c="2 1" t="1"/>
		<b id="27" c="13 14" t="1"/>
		<b id="28" c="15 16" t="1"/>
		<b id="29" c="15 17" t="1"/>
		<b id="30" c="34 35" t="1"/>
		<b id="31" c="24 25" t="1"/>
		<b id="32" c="26 27" t="1"/>
		<b id="33" c="28 29" t="1"/>
		<b id="34" c="30 31" t="1"/>
		<b id="35" c="32 33" t="1"/>
		<b id="36" c="20 21" t="1"/>
	</bonds>
	<geometry>
		<g u="A" t="cart/3d">#35,3:-2.6291,-0.6558,-1.4791;-2.7195,-0.9010,-0.4278;-3.7971,-0.2311,0.3306;-4.0470,-0.4085,1.5106;-4.4464,0.6034,-0.5189;-5.5250,1.3241,0.0885;-6.2712,0.6194,0.4723;-5.1423,1.9406,0.9098;-6.1549,2.2120,-0.9670;-6.5242,1.6118,-1.8051;-6.9873,2.7849,-0.5488;-5.4157,2.9089,-1.3757;-1.8953,-1.7704,0.1778;-2.0217,-1.9874,1.2383;-0.7782,-2.4968,-0.5178;-0.8000,-2.2841,-1.5950;-0.9639,-3.5747,-0.4272;0.5887,-2.1551,0.0011;1.3971,-3.2088,1.0800;2.7565,-2.1754,1.1713;3.5883,-2.4511,1.8054;2.6173,-1.0434,0.3923;3.6512,-0.0157,0.3291;3.3004,1.3376,0.4235;2.2625,1.6308,0.5627;4.2818,2.3297,0.3582;4.0007,3.3766,0.4384;5.6204,1.9779,0.1943;6.3835,2.7503,0.1434;5.9797,0.6349,0.0949;7.0228,0.3597,-0.0374;4.9997,-0.3587,0.1613;5.2991,-1.3998,0.0676;1.3512,-1.0371,-0.2775;1.0178,-0.2479,-0.9410;</g>
	</geometry>
	<conformers/>
	<properties/>
</molecule>
