<?xml version="1.0" ?>
<!--MOLLI PACKAGE EXPERIMENTAL XML FORMAT-->
<molecule name="react_382">
	<atoms>
		<a id="1" s="H" t="H" l="H"/>
		<a id="2" s="C" t="C.2" l="C"/>
		<a id="3" s="C" t="C.2" l="C"/>
		<a id="4" s="O" t="O.2" l="O"/>
		<a id="5" s="O" t="O.3" l="O"/>
		<a id="6" s="C" t="C.3" l="C"/>
		<a id="7" s="H" t="H" l="H"/>
		<a id="8" s="H" t="H" l="H"/>
		<a id="9" s="C" t="C.3" l="C"/>
		<a id="10" s="H" t="H" l="H"/>
		<a id="11" s="H" t="H" l="H"/>
		<a id="12" s="H" t="H" l="H"/>
		<a id="13" s="C" t="C.2" l="C"/>
		<a id="14" s="H" t="H" l="H"/>
		<a id="15" s="C" t="C.3" l="C"/>
		<a id="16" s="H" t="H" l="H"/>
		<a id="17" s="H" t="H" l="H"/>
		<a id="18" s="C" t="C.ar" l="C"/>
		<a id="19" s="S" t="S.2" l="S"/>
		<a id="20" s="C" t="C.ar" l="C"/>
		<a id="21" s="C" t="C.ar" l="C"/>
		<a id="22" s="H" t="H" l="H"/>
		<a id="23" s="C" t="C.ar" l="C"/>
		<a id="24" s="H" t="H" l="H"/>
		<a id="25" s="C" t="C.ar" l="C"/>
		<a id="26" s="H" t="H" l="H"/>
		<a id="27" s="C" t="C.ar" l="C"/>
		<a id="28" s="H" t="H" l="H"/>
		<a id="29" s="C" t="C.ar" l="C"/>
		<a id="30" s="C" t="C.ar" l="C"/>
		<a id="31" s="H" t="H" l="H"/>
	</atoms>
	<bonds>
		<b id="1" c="9 6" t="1"/>
		<b id="2" c="6 5" t="1"/>
		<b id="3" c="5 3" t="1"/>
		<b id="4" c="3 4" t="2"/>
		<b id="5" c="3 2" t="1"/>
		<b id="6" c="2 13" t="2"/>
		<b id="7" c="13 15" t="1"/>
		<b id="8" c="15 18" t="1"/>
		<b id="9" c="18 30" t="ar"/>
		<b id="10" c="30 29" t="ar"/>
		<b id="11" c="29 27" t="ar"/>
		<b id="12" c="27 25" t="ar"/>
		<b id="13" c="25 23" t="ar"/>
		<b id="14" c="23 21" t="ar"/>
		<b id="15" c="21 20" t="ar"/>
		<b id="16" c="20 19" t="ar"/>
		<b id="17" c="19 18" t="ar"/>
		<b id="18" c="20 29" t="ar"/>
		<b id="19" c="9 10" t="1"/>
		<b id="20" c="9 11" t="1"/>
		<b id="21" c="9 12" t="1"/>
		<b id="22" c="6 7" t="1"/>
		<b id="23" c="6 8" t="1"/>
		<b id="24" c="2 1" t="1"/>
		<b id="25" c="13 14" t="1"/>
		<b id="26" c="15 16" t="1"/>
		<b id="27" c="15 17" t="1"/>
		<b id="28" c="30 31" t="1"/>
		<b id="29" c="27 28" t="1"/>
		<b id="30" c="25 26" t="1"/>
		<b id="31" c="23 24" t="1"/>
		<b id="32" c="21 22" t="1"/>
	</bonds>
	<geometry>
		<g u="A" t="cart/3d">#31,3:-1.9216,1.3077,1.2582;-1.9288,0.9053,0.2525;-3.1195,0.1289,-0.1546;-3.2959,-0.3667,-1.2543;-3.9632,0.0797,0.9062;-5.1819,-0.6467,0.6915;-5.0147,-1.5308,0.0654;-5.5174,-1.0050,1.6703;-6.2367,0.2653,0.0936;-5.9246,0.6366,-0.8877;-6.3931,1.1418,0.7309;-7.1875,-0.2632,-0.0194;-0.9088,1.0908,-0.6002;-0.9583,0.6670,-1.6030;0.3338,1.8698,-0.2713;0.4147,2.7009,-0.9835;0.2366,2.3387,0.7171;1.5907,1.0487,-0.2815;2.6170,1.0514,-1.6459;3.7296,-0.0424,-0.9181;4.9187,-0.5450,-1.4816;5.2245,-0.2502,-2.4813;5.6991,-1.4307,-0.7350;6.6186,-1.8255,-1.1608;5.3095,-1.8102,0.5420;5.9235,-2.5010,1.1146;4.1283,-1.3087,1.0973;3.8327,-1.6139,2.0979;3.3171,-0.4091,0.3646;2.0810,0.2305,0.7144;1.5768,0.0862,1.6623;</g>
	</geometry>
	<conformers/>
	<properties/>
</molecule>
