<?xml version="1.0" ?>
<!--MOLLI PACKAGE EXPERIMENTAL XML FORMAT-->
<molecule name="react_383">
	<atoms>
		<a id="1" s="H" t="H" l="H"/>
		<a id="2" s="C" t="C.2" l="C"/>
		<a id="3" s="C" t="C.2" l="C"/>
		<a id="4" s="O" t="O.2" l="O"/>
		<a id="5" s="O" t="O.3" l="O"/>
		<a id="6" s="C" t="C.3" l="C"/>
		<a id="7" s="H" t="H" l="H"/>
		<a id="8" s="H" t="H" l="H"/>
		<a id="9" s="C" t="C.3" l="C"/>
		<a id="10" s="H" t="H" l="H"/>
		<a id="11" s="H" t="H" l="H"/>
		<a id="12" s="H" t="H" l="H"/>
		<a id="13" s="C" t="C.2" l="C"/>
		<a id="14" s="H" t="H" l="H"/>
		<a id="15" s="C" t="C.3" l="C"/>
		<a id="16" s="H" t="H" l="H"/>
		<a id="17" s="H" t="H" l="H"/>
		<a id="18" s="C" t="C.ar" l="C"/>
		<a id="19" s="C" t="C.ar" l="C"/>
		<a id="20" s="H" t="H" l="H"/>
		<a id="21" s="S" t="S.2" l="S"/>
		<a id="22" s="C" t="C.ar" l="C"/>
		<a id="23" s="C" t="C.ar" l="C"/>
		<a id="24" s="H" t="H" l="H"/>
		<a id="25" s="C" t="C.ar" l="C"/>
		<a id="26" s="H" t="H" l="H"/>
		<a id="27" s="C" t="C.ar" l="C"/>
		<a id="28" s="H" t="H" l="H"/>
		<a id="29" s="C" t="C.ar" l="C"/>
		<a id="30" s="H" t="H" l="H"/>
		<a id="31" s="C" t="C.ar" l="C"/>
	</atoms>
	<bonds>
		<b id="1" c="9 6" t="1"/>
		<b id="2" c="6 5" t="1"/>
		<b id="3" c="5 3" t="1"/>
		<b id="4" c="3 4" t="2"/>
		<b id="5" c="3 2" t="1"/>
		<b id="6" c="2 13" t="2"/>
		<b id="7" c="13 15" t="1"/>
		<b id="8" c="15 18" t="1"/>
		<b id="9" c="18 19" t="ar"/>
		<b id="10" c="19 21" t="ar"/>
		<b id="11" c="21 22" t="ar"/>
		<b id="12" c="22 23" t="ar"/>
		<b id="13" c="23 25" t="ar"/>
		<b id="14" c="25 27" t="ar"/>
		<b id="15" c="27 29" t="ar"/>
		<b id="16" c="29 31" t="ar"/>
		<b id="17" c="31 18" t="ar"/>
		<b id="18" c="31 22" t="ar"/>
		<b id="19" c="9 10" t="1"/>
		<b id="20" c="9 11" t="1"/>
		<b id="21" c="9 12" t="1"/>
		<b id="22" c="6 7" t="1"/>
		<b id="23" c="6 8" t="1"/>
		<b id="24" c="2 1" t="1"/>
		<b id="25" c="13 14" t="1"/>
		<b id="26" c="15 16" t="1"/>
		<b id="27" c="15 17" t="1"/>
		<b id="28" c="19 20" t="1"/>
		<b id="29" c="23 24" t="1"/>
		<b id="30" c="25 26" t="1"/>
		<b id="31" c="27 28" t="1"/>
		<b id="32" c="29 30" t="1"/>
	</bonds>
	<geometry>
		<g u="A" t="cart/3d">#31,3:1.9572,-0.8480,-1.8277;1.7308,-0.8035,-0.7694;2.8511,-0.5055,0.1485;2.7737,-0.4641,1.3644;3.9580,-0.2928,-0.6056;5.1536,0.0129,0.1265;5.9986,-0.2953,-0.4979;5.2120,-0.5663,1.0553;5.2359,1.5038,0.3959;4.4009,1.8368,1.0204;6.1723,1.7553,0.9018;5.1777,2.0676,-0.5409;0.4916,-1.0024,-0.2928;0.3120,-0.9435,0.7805;-0.6984,-1.3170,-1.1517;-0.3956,-1.4625,-2.1968;-1.1282,-2.2723,-0.8281;-1.7364,-0.2328,-1.0798;-1.7995,0.8269,-1.9643;-1.1401,1.0286,-2.7975;-3.0859,1.8907,-1.6376;-3.6065,0.9634,-0.2862;-4.7016,1.2432,0.5558;-5.3191,2.1204,0.3848;-4.9816,0.3790,1.6154;-5.8234,0.5880,2.2713;-4.1926,-0.7393,1.8367;-4.4150,-1.4063,2.6661;-3.1076,-1.0135,0.9982;-2.5000,-1.8938,1.1926;-2.7940,-0.1578,-0.0900;</g>
	</geometry>
	<conformers/>
	<properties/>
</molecule>
