<?xml version="1.0" ?>
<!--MOLLI PACKAGE EXPERIMENTAL XML FORMAT-->
<molecule name="react_384">
	<atoms>
		<a id="1" s="H" t="H" l="H"/>
		<a id="2" s="C" t="C.2" l="C"/>
		<a id="3" s="C" t="C.2" l="C"/>
		<a id="4" s="O" t="O.2" l="O"/>
		<a id="5" s="O" t="O.3" l="O"/>
		<a id="6" s="C" t="C.3" l="C"/>
		<a id="7" s="H" t="H" l="H"/>
		<a id="8" s="H" t="H" l="H"/>
		<a id="9" s="C" t="C.3" l="C"/>
		<a id="10" s="H" t="H" l="H"/>
		<a id="11" s="H" t="H" l="H"/>
		<a id="12" s="H" t="H" l="H"/>
		<a id="13" s="C" t="C.2" l="C"/>
		<a id="14" s="H" t="H" l="H"/>
		<a id="15" s="C" t="C.ar" l="C"/>
		<a id="16" s="S" t="S.2" l="S"/>
		<a id="17" s="C" t="C.ar" l="C"/>
		<a id="18" s="H" t="H" l="H"/>
		<a id="19" s="C" t="C.ar" l="C"/>
		<a id="20" s="C" t="C.ar" l="C"/>
		<a id="21" s="C" t="C.ar" l="C"/>
		<a id="22" s="H" t="H" l="H"/>
		<a id="23" s="C" t="C.ar" l="C"/>
		<a id="24" s="H" t="H" l="H"/>
		<a id="25" s="C" t="C.ar" l="C"/>
		<a id="26" s="H" t="H" l="H"/>
		<a id="27" s="C" t="C.ar" l="C"/>
		<a id="28" s="H" t="H" l="H"/>
		<a id="29" s="C" t="C.ar" l="C"/>
		<a id="30" s="H" t="H" l="H"/>
		<a id="31" s="C" t="C.ar" l="C"/>
		<a id="32" s="H" t="H" l="H"/>
	</atoms>
	<bonds>
		<b id="1" c="9 6" t="1"/>
		<b id="2" c="6 5" t="1"/>
		<b id="3" c="5 3" t="1"/>
		<b id="4" c="3 4" t="2"/>
		<b id="5" c="3 2" t="1"/>
		<b id="6" c="2 13" t="2"/>
		<b id="7" c="13 15" t="1"/>
		<b id="8" c="15 31" t="ar"/>
		<b id="9" c="31 19" t="ar"/>
		<b id="10" c="19 20" t="1"/>
		<b id="11" c="20 21" t="ar"/>
		<b id="12" c="21 23" t="ar"/>
		<b id="13" c="23 25" t="ar"/>
		<b id="14" c="25 27" t="ar"/>
		<b id="15" c="27 29" t="ar"/>
		<b id="16" c="19 17" t="ar"/>
		<b id="17" c="17 16" t="ar"/>
		<b id="18" c="16 15" t="ar"/>
		<b id="19" c="29 20" t="ar"/>
		<b id="20" c="9 10" t="1"/>
		<b id="21" c="9 11" t="1"/>
		<b id="22" c="9 12" t="1"/>
		<b id="23" c="6 7" t="1"/>
		<b id="24" c="6 8" t="1"/>
		<b id="25" c="2 1" t="1"/>
		<b id="26" c="13 14" t="1"/>
		<b id="27" c="31 32" t="1"/>
		<b id="28" c="21 22" t="1"/>
		<b id="29" c="23 24" t="1"/>
		<b id="30" c="25 26" t="1"/>
		<b id="31" c="27 28" t="1"/>
		<b id="32" c="29 30" t="1"/>
		<b id="33" c="17 18" t="1"/>
	</bonds>
	<geometry>
		<g u="A" t="cart/3d">#32,3:2.2630,2.6075,-0.3319;2.4714,1.5439,-0.3389;3.9131,1.2411,-0.4602;4.7533,2.1249,-0.5378;4.1520,-0.0925,-0.4683;5.5293,-0.4776,-0.5870;6.0743,0.1909,-1.2634;5.5445,-1.4746,-1.0395;6.1775,-0.5302,0.7837;7.2111,-0.8800,0.7108;6.1751,0.4565,1.2575;5.6225,-1.2028,1.4459;1.5133,0.6085,-0.2455;1.7887,-0.4441,-0.2573;0.1163,0.8912,-0.1270;-0.5473,2.4803,-0.1069;-2.1466,1.9072,0.0492;-2.9596,2.6173,0.1186;-2.2139,0.5308,0.0805;-3.4801,-0.1811,0.2184;-4.5986,0.1829,-0.5438;-4.5403,0.9996,-1.2595;-5.8037,-0.5109,-0.4083;-6.6653,-0.2231,-1.0054;-5.9006,-1.5738,0.4878;-6.8387,-2.1128,0.5929;-4.7935,-1.9459,1.2481;-4.8686,-2.7737,1.9486;-3.5872,-1.2542,1.1130;-2.7378,-1.5532,1.7225;-0.9044,-0.0421,-0.0133;-0.7187,-1.1102,-0.0090;</g>
	</geometry>
	<conformers/>
	<properties/>
</molecule>
