<?xml version="1.0" ?>
<!--MOLLI PACKAGE EXPERIMENTAL XML FORMAT-->
<molecule name="react_385">
	<atoms>
		<a id="1" s="H" t="H" l="H"/>
		<a id="2" s="C" t="C.2" l="C"/>
		<a id="3" s="C" t="C.2" l="C"/>
		<a id="4" s="O" t="O.2" l="O"/>
		<a id="5" s="O" t="O.3" l="O"/>
		<a id="6" s="C" t="C.3" l="C"/>
		<a id="7" s="H" t="H" l="H"/>
		<a id="8" s="H" t="H" l="H"/>
		<a id="9" s="C" t="C.3" l="C"/>
		<a id="10" s="H" t="H" l="H"/>
		<a id="11" s="H" t="H" l="H"/>
		<a id="12" s="H" t="H" l="H"/>
		<a id="13" s="C" t="C.2" l="C"/>
		<a id="14" s="H" t="H" l="H"/>
		<a id="15" s="C" t="C.ar" l="C"/>
		<a id="16" s="C" t="C.ar" l="C"/>
		<a id="17" s="H" t="H" l="H"/>
		<a id="18" s="C" t="C.ar" l="C"/>
		<a id="19" s="O" t="O.3" l="O"/>
		<a id="20" s="Si" t="Si" l="SI"/>
		<a id="21" s="C" t="C.3" l="C"/>
		<a id="22" s="H" t="H" l="H"/>
		<a id="23" s="H" t="H" l="H"/>
		<a id="24" s="H" t="H" l="H"/>
		<a id="25" s="C" t="C.3" l="C"/>
		<a id="26" s="H" t="H" l="H"/>
		<a id="27" s="H" t="H" l="H"/>
		<a id="28" s="H" t="H" l="H"/>
		<a id="29" s="C" t="C.3" l="C"/>
		<a id="30" s="C" t="C.3" l="C"/>
		<a id="31" s="H" t="H" l="H"/>
		<a id="32" s="H" t="H" l="H"/>
		<a id="33" s="H" t="H" l="H"/>
		<a id="34" s="C" t="C.3" l="C"/>
		<a id="35" s="H" t="H" l="H"/>
		<a id="36" s="H" t="H" l="H"/>
		<a id="37" s="H" t="H" l="H"/>
		<a id="38" s="C" t="C.3" l="C"/>
		<a id="39" s="H" t="H" l="H"/>
		<a id="40" s="H" t="H" l="H"/>
		<a id="41" s="H" t="H" l="H"/>
		<a id="42" s="C" t="C.ar" l="C"/>
		<a id="43" s="O" t="O.3" l="O"/>
		<a id="44" s="C" t="C.3" l="C"/>
		<a id="45" s="H" t="H" l="H"/>
		<a id="46" s="H" t="H" l="H"/>
		<a id="47" s="H" t="H" l="H"/>
		<a id="48" s="C" t="C.ar" l="C"/>
		<a id="49" s="C" t="C.3" l="C"/>
		<a id="50" s="H" t="H" l="H"/>
		<a id="51" s="H" t="H" l="H"/>
		<a id="52" s="H" t="H" l="H"/>
		<a id="53" s="C" t="C.ar" l="C"/>
		<a id="54" s="H" t="H" l="H"/>
	</atoms>
	<bonds>
		<b id="1" c="9 6" t="1"/>
		<b id="2" c="6 5" t="1"/>
		<b id="3" c="5 3" t="1"/>
		<b id="4" c="3 4" t="2"/>
		<b id="5" c="3 2" t="1"/>
		<b id="6" c="2 13" t="2"/>
		<b id="7" c="13 15" t="1"/>
		<b id="8" c="15 53" t="ar"/>
		<b id="9" c="53 48" t="ar"/>
		<b id="10" c="48 49" t="1"/>
		<b id="11" c="48 42" t="ar"/>
		<b id="12" c="42 43" t="1"/>
		<b id="13" c="43 44" t="1"/>
		<b id="14" c="42 18" t="ar"/>
		<b id="15" c="18 19" t="1"/>
		<b id="16" c="19 20" t="1"/>
		<b id="17" c="20 21" t="1"/>
		<b id="18" c="20 25" t="1"/>
		<b id="19" c="20 29" t="1"/>
		<b id="20" c="29 30" t="1"/>
		<b id="21" c="29 34" t="1"/>
		<b id="22" c="29 38" t="1"/>
		<b id="23" c="18 16" t="ar"/>
		<b id="24" c="16 15" t="ar"/>
		<b id="25" c="9 10" t="1"/>
		<b id="26" c="9 11" t="1"/>
		<b id="27" c="9 12" t="1"/>
		<b id="28" c="6 7" t="1"/>
		<b id="29" c="6 8" t="1"/>
		<b id="30" c="2 1" t="1"/>
		<b id="31" c="13 14" t="1"/>
		<b id="32" c="53 54" t="1"/>
		<b id="33" c="49 50" t="1"/>
		<b id="34" c="49 51" t="1"/>
		<b id="35" c="49 52" t="1"/>
		<b id="36" c="44 45" t="1"/>
		<b id="37" c="44 46" t="1"/>
		<b id="38" c="44 47" t="1"/>
		<b id="39" c="21 22" t="1"/>
		<b id="40" c="21 23" t="1"/>
		<b id="41" c="21 24" t="1"/>
		<b id="42" c="25 26" t="1"/>
		<b id="43" c="25 27" t="1"/>
		<b id="44" c="25 28" t="1"/>
		<b id="45" c="30 31" t="1"/>
		<b id="46" c="30 32" t="1"/>
		<b id="47" c="30 33" t="1"/>
		<b id="48" c="34 35" t="1"/>
		<b id="49" c="34 36" t="1"/>
		<b id="50" c="34 37" t="1"/>
		<b id="51" c="38 39" t="1"/>
		<b id="52" c="38 40" t="1"/>
		<b id="53" c="38 41" t="1"/>
		<b id="54" c="16 17" t="1"/>
	</bonds>
	<geometry>
		<g u="A" t="cart/3d">#54,3:4.3896,1.1900,1.1356;4.2806,0.2970,0.5297;5.4911,-0.5504,0.5029;6.5130,-0.2333,1.0932;5.3073,-1.6691,-0.2384;6.4340,-2.5537,-0.3200;6.9759,-2.5990,0.6317;6.0396,-3.5567,-0.5131;7.3455,-2.1362,-1.4587;8.1762,-2.8391,-1.5680;7.7548,-1.1356,-1.2874;6.7899,-2.0960,-2.4013;3.1382,0.0089,-0.1135;3.0403,-0.9045,-0.6958;1.9423,0.8622,-0.0662;0.6820,0.2523,0.0033;0.6291,-0.8305,0.0500;-0.4861,1.0210,0.0254;-1.7358,0.4690,0.1369;-2.3152,-1.0101,0.6477;-1.6662,-1.4857,2.3430;-0.5777,-1.5927,2.3240;-2.0920,-2.4380,2.6714;-1.9191,-0.7217,3.0836;-1.9814,-2.3818,-0.5886;-2.4691,-3.3109,-0.2803;-2.3554,-2.1098,-1.5798;-0.9089,-2.5776,-0.6735;-4.3914,-0.8499,0.8188;-4.7118,0.3355,1.7520;-4.2973,0.1826,2.7545;-4.3044,1.2755,1.3632;-5.7950,0.4631,1.8585;-4.9584,-2.1575,1.4039;-6.0494,-2.1006,1.4913;-4.5594,-2.3592,2.4039;-4.7228,-3.0193,0.7701;-4.9828,-0.5948,-0.5822;-4.7800,-1.4288,-1.2631;-4.5701,0.3127,-1.0357;-6.0706,-0.4727,-0.5272;-0.3909,2.4195,-0.0641;-1.4939,3.2387,-0.0287;-2.3636,3.0213,-1.1386;-2.8126,3.9840,-1.4019;-3.1738,2.3455,-0.8532;-1.8418,2.6421,-2.0251;0.8630,3.0489,-0.1197;0.9703,4.5463,-0.1830;2.0149,4.8749,-0.1847;0.4838,4.9995,0.6868;0.5011,4.9206,-1.0986;2.0220,2.2590,-0.1346;2.9925,2.7453,-0.2103;</g>
	</geometry>
	<conformers/>
	<properties/>
</molecule>
