<?xml version="1.0" ?>
<!--MOLLI PACKAGE EXPERIMENTAL XML FORMAT-->
<molecule name="react_389">
	<atoms>
		<a id="1" s="H" t="H" l="H"/>
		<a id="2" s="C" t="C.2" l="C"/>
		<a id="3" s="C" t="C.2" l="C"/>
		<a id="4" s="H" t="H" l="H"/>
		<a id="5" s="C" t="C.3" l="C"/>
		<a id="6" s="H" t="H" l="H"/>
		<a id="7" s="H" t="H" l="H"/>
		<a id="8" s="C" t="C.2" l="C"/>
		<a id="9" s="O" t="O.2" l="O"/>
		<a id="10" s="O" t="O.3" l="O"/>
		<a id="11" s="C" t="C.3" l="C"/>
		<a id="12" s="H" t="H" l="H"/>
		<a id="13" s="H" t="H" l="H"/>
		<a id="14" s="H" t="H" l="H"/>
		<a id="15" s="C" t="C.3" l="C"/>
		<a id="16" s="H" t="H" l="H"/>
		<a id="17" s="H" t="H" l="H"/>
		<a id="18" s="O" t="O.3" l="O"/>
		<a id="19" s="Si" t="Si" l="SI"/>
		<a id="20" s="C" t="C.3" l="C"/>
		<a id="21" s="H" t="H" l="H"/>
		<a id="22" s="H" t="H" l="H"/>
		<a id="23" s="H" t="H" l="H"/>
		<a id="24" s="C" t="C.3" l="C"/>
		<a id="25" s="H" t="H" l="H"/>
		<a id="26" s="H" t="H" l="H"/>
		<a id="27" s="H" t="H" l="H"/>
		<a id="28" s="C" t="C.3" l="C"/>
		<a id="29" s="C" t="C.3" l="C"/>
		<a id="30" s="H" t="H" l="H"/>
		<a id="31" s="H" t="H" l="H"/>
		<a id="32" s="H" t="H" l="H"/>
		<a id="33" s="C" t="C.3" l="C"/>
		<a id="34" s="H" t="H" l="H"/>
		<a id="35" s="H" t="H" l="H"/>
		<a id="36" s="H" t="H" l="H"/>
		<a id="37" s="C" t="C.3" l="C"/>
		<a id="38" s="H" t="H" l="H"/>
		<a id="39" s="H" t="H" l="H"/>
		<a id="40" s="H" t="H" l="H"/>
	</atoms>
	<bonds>
		<b id="1" c="11 10" t="1"/>
		<b id="2" c="10 8" t="1"/>
		<b id="3" c="8 9" t="2"/>
		<b id="4" c="8 5" t="1"/>
		<b id="5" c="5 3" t="1"/>
		<b id="6" c="3 2" t="2"/>
		<b id="7" c="2 15" t="1"/>
		<b id="8" c="15 18" t="1"/>
		<b id="9" c="18 19" t="1"/>
		<b id="10" c="19 20" t="1"/>
		<b id="11" c="19 24" t="1"/>
		<b id="12" c="19 28" t="1"/>
		<b id="13" c="28 29" t="1"/>
		<b id="14" c="28 33" t="1"/>
		<b id="15" c="28 37" t="1"/>
		<b id="16" c="11 12" t="1"/>
		<b id="17" c="11 13" t="1"/>
		<b id="18" c="11 14" t="1"/>
		<b id="19" c="5 6" t="1"/>
		<b id="20" c="5 7" t="1"/>
		<b id="21" c="3 4" t="1"/>
		<b id="22" c="2 1" t="1"/>
		<b id="23" c="15 16" t="1"/>
		<b id="24" c="15 17" t="1"/>
		<b id="25" c="20 21" t="1"/>
		<b id="26" c="20 22" t="1"/>
		<b id="27" c="20 23" t="1"/>
		<b id="28" c="24 25" t="1"/>
		<b id="29" c="24 26" t="1"/>
		<b id="30" c="24 27" t="1"/>
		<b id="31" c="29 30" t="1"/>
		<b id="32" c="29 31" t="1"/>
		<b id="33" c="29 32" t="1"/>
		<b id="34" c="33 34" t="1"/>
		<b id="35" c="33 35" t="1"/>
		<b id="36" c="33 36" t="1"/>
		<b id="37" c="37 38" t="1"/>
		<b id="38" c="37 39" t="1"/>
		<b id="39" c="37 40" t="1"/>
	</bonds>
	<geometry>
		<g u="A" t="cart/3d">#40,3:1.7584,-1.0291,1.0495;1.7996,-0.2486,0.2933;2.7808,0.6685,0.3244;2.8142,1.4487,-0.4347;3.8736,0.7012,1.3570;3.8082,1.6413,1.9150;3.7667,-0.1349,2.0574;5.2559,0.6219,0.7260;5.5089,0.7105,-0.4682;6.1912,0.4662,1.7098;7.5334,0.3929,1.2276;8.1955,0.2605,2.0877;7.8088,1.3219,0.7185;7.6555,-0.4667,0.5612;0.7096,-0.2886,-0.7337;0.7902,0.5607,-1.4236;0.7966,-1.2226,-1.3022;-0.5261,-0.2510,-0.0308;-1.9592,-0.2368,-0.9010;-2.1557,-1.7666,-1.9684;-2.0850,-2.6751,-1.3636;-1.3727,-1.8051,-2.7316;-3.1235,-1.7664,-2.4778;-2.1384,1.3105,-1.9457;-2.0567,2.2091,-1.3276;-1.3555,1.3513,-2.7089;-3.1065,1.3291,-2.4542;-3.5253,-0.2382,0.4692;-4.8683,-0.2252,-0.2857;-4.9784,-1.1047,-0.9294;-4.9686,0.6648,-0.9163;-5.7080,-0.2258,0.4187;-3.4024,1.0171,1.3570;-4.1999,1.0403,2.1083;-3.4790,1.9372,0.7670;-2.4447,1.0413,1.8893;-3.4164,-1.5078,1.3384;-2.4591,-1.5505,1.8702;-3.5033,-2.4182,0.7350;-4.2142,-1.5331,2.0895;</g>
	</geometry>
	<conformers/>
	<properties/>
</molecule>
