<?xml version="1.0" ?>
<!--MOLLI PACKAGE EXPERIMENTAL XML FORMAT-->
<molecule name="react_185">
	<atoms>
		<a id="1" s="H" t="H" l="H"/>
		<a id="2" s="C" t="C.2" l="C"/>
		<a id="3" s="H" t="H" l="H"/>
		<a id="4" s="C" t="C.2" l="C"/>
		<a id="5" s="H" t="H" l="H"/>
		<a id="6" s="C" t="C.3" l="C"/>
		<a id="7" s="H" t="H" l="H"/>
		<a id="8" s="H" t="H" l="H"/>
		<a id="9" s="C" t="C.3" l="C"/>
		<a id="10" s="H" t="H" l="H"/>
		<a id="11" s="H" t="H" l="H"/>
		<a id="12" s="H" t="H" l="H"/>
	</atoms>
	<bonds>
		<b id="1" c="2 4" t="2"/>
		<b id="2" c="4 6" t="1"/>
		<b id="3" c="6 9" t="1"/>
		<b id="4" c="2 1" t="1"/>
		<b id="5" c="2 3" t="1"/>
		<b id="6" c="4 5" t="1"/>
		<b id="7" c="6 7" t="1"/>
		<b id="8" c="6 8" t="1"/>
		<b id="9" c="9 10" t="1"/>
		<b id="10" c="9 11" t="1"/>
		<b id="11" c="9 12" t="1"/>
	</bonds>
	<geometry>
		<g u="A" t="cart/3d">#12,3:2.8245,-0.4348,0.6004;1.9761,0.1014,0.1864;2.1076,1.1569,-0.0304;0.8157,-0.5259,-0.0431;0.7353,-1.5866,0.1868;-0.4006,0.1389,-0.6183;-0.6765,-0.3745,-1.5464;-0.1904,1.1825,-0.8803;-1.5706,0.0925,0.3521;-1.8386,-0.9397,0.6019;-2.4492,0.5710,-0.0922;-1.3333,0.6183,1.2832;</g>
	</geometry>
	<conformers/>
	<properties/>
</molecule>
