<?xml version="1.0" ?>
<!--MOLLI PACKAGE EXPERIMENTAL XML FORMAT-->
<molecule name="react_390">
	<atoms>
		<a id="1" s="H" t="H" l="H"/>
		<a id="2" s="C" t="C.2" l="C"/>
		<a id="3" s="C" t="C.2" l="C"/>
		<a id="4" s="H" t="H" l="H"/>
		<a id="5" s="C" t="C.3" l="C"/>
		<a id="6" s="H" t="H" l="H"/>
		<a id="7" s="H" t="H" l="H"/>
		<a id="8" s="C" t="C.3" l="C"/>
		<a id="9" s="H" t="H" l="H"/>
		<a id="10" s="H" t="H" l="H"/>
		<a id="11" s="C" t="C.3" l="C"/>
		<a id="12" s="H" t="H" l="H"/>
		<a id="13" s="H" t="H" l="H"/>
		<a id="14" s="C" t="C.3" l="C"/>
		<a id="15" s="H" t="H" l="H"/>
		<a id="16" s="H" t="H" l="H"/>
		<a id="17" s="C" t="C.3" l="C"/>
		<a id="18" s="H" t="H" l="H"/>
		<a id="19" s="H" t="H" l="H"/>
		<a id="20" s="C" t="C.3" l="C"/>
		<a id="21" s="H" t="H" l="H"/>
		<a id="22" s="H" t="H" l="H"/>
		<a id="23" s="C" t="C.3" l="C"/>
		<a id="24" s="H" t="H" l="H"/>
		<a id="25" s="H" t="H" l="H"/>
		<a id="26" s="C" t="C.3" l="C"/>
		<a id="27" s="H" t="H" l="H"/>
		<a id="28" s="H" t="H" l="H"/>
		<a id="29" s="H" t="H" l="H"/>
		<a id="30" s="C" t="C.3" l="C"/>
		<a id="31" s="H" t="H" l="H"/>
		<a id="32" s="H" t="H" l="H"/>
		<a id="33" s="C" t="C.2" l="C"/>
		<a id="34" s="O" t="O.2" l="O"/>
		<a id="35" s="O" t="O.3" l="O"/>
		<a id="36" s="C" t="C.3" l="C"/>
		<a id="37" s="H" t="H" l="H"/>
		<a id="38" s="H" t="H" l="H"/>
		<a id="39" s="H" t="H" l="H"/>
	</atoms>
	<bonds>
		<b id="1" c="26 23" t="1"/>
		<b id="2" c="23 20" t="1"/>
		<b id="3" c="20 17" t="1"/>
		<b id="4" c="17 14" t="1"/>
		<b id="5" c="14 11" t="1"/>
		<b id="6" c="11 8" t="1"/>
		<b id="7" c="8 5" t="1"/>
		<b id="8" c="5 3" t="1"/>
		<b id="9" c="3 2" t="2"/>
		<b id="10" c="2 30" t="1"/>
		<b id="11" c="30 33" t="1"/>
		<b id="12" c="33 34" t="2"/>
		<b id="13" c="33 35" t="1"/>
		<b id="14" c="35 36" t="1"/>
		<b id="15" c="26 27" t="1"/>
		<b id="16" c="26 28" t="1"/>
		<b id="17" c="26 29" t="1"/>
		<b id="18" c="23 24" t="1"/>
		<b id="19" c="23 25" t="1"/>
		<b id="20" c="20 21" t="1"/>
		<b id="21" c="20 22" t="1"/>
		<b id="22" c="17 18" t="1"/>
		<b id="23" c="17 19" t="1"/>
		<b id="24" c="14 15" t="1"/>
		<b id="25" c="14 16" t="1"/>
		<b id="26" c="11 12" t="1"/>
		<b id="27" c="11 13" t="1"/>
		<b id="28" c="8 9" t="1"/>
		<b id="29" c="8 10" t="1"/>
		<b id="30" c="5 6" t="1"/>
		<b id="31" c="5 7" t="1"/>
		<b id="32" c="3 4" t="1"/>
		<b id="33" c="2 1" t="1"/>
		<b id="34" c="30 31" t="1"/>
		<b id="35" c="30 32" t="1"/>
		<b id="36" c="36 37" t="1"/>
		<b id="37" c="36 38" t="1"/>
		<b id="38" c="36 39" t="1"/>
	</bonds>
	<geometry>
		<g u="A" t="cart/3d">#39,3:2.3416,1.1755,0.4352;2.6761,0.2878,-0.1003;1.9126,-0.8171,-0.0975;2.2466,-1.7093,-0.6238;0.5939,-0.9199,0.6178;0.4070,-0.0099,1.1987;0.6515,-1.7494,1.3326;-0.5507,-1.1623,-0.3686;-0.6231,-0.3244,-1.0723;-0.3243,-2.0493,-0.9749;-1.9035,-1.3931,0.3133;-1.8325,-2.2884,0.9438;-2.6430,-1.6295,-0.4600;-2.4188,-0.2380,1.1781;-1.7508,-0.1094,2.0385;-3.3856,-0.5209,1.6087;-2.5527,1.1110,0.4702;-2.9145,1.8481,1.1985;-1.5551,1.4573,0.1737;-3.4600,1.1503,-0.7645;-3.1201,0.4399,-1.5259;-3.3349,2.1466,-1.2094;-4.9532,0.9701,-0.4743;-5.5153,1.5529,-1.2149;-5.2116,1.3826,0.5075;-5.4323,-0.4697,-0.5763;-5.1839,-0.8980,-1.5526;-6.5204,-0.5100,-0.4600;-4.9966,-1.1034,0.1984;4.0038,0.3971,-0.7984;4.2687,-0.5566,-1.2690;3.9377,1.1672,-1.5741;5.1224,0.7869,0.1568;4.9823,1.2155,1.2944;6.3259,0.6224,-0.4693;7.4510,0.9768,0.3358;7.4133,2.0381,0.6006;7.4921,0.3530,1.2342;8.3566,0.7986,-0.2506;</g>
	</geometry>
	<conformers/>
	<properties/>
</molecule>
