<?xml version="1.0" ?>
<!--MOLLI PACKAGE EXPERIMENTAL XML FORMAT-->
<molecule name="react_391">
	<atoms>
		<a id="1" s="H" t="H" l="H"/>
		<a id="2" s="C" t="C.2" l="C"/>
		<a id="3" s="C" t="C.2" l="C"/>
		<a id="4" s="H" t="H" l="H"/>
		<a id="5" s="C" t="C.3" l="C"/>
		<a id="6" s="H" t="H" l="H"/>
		<a id="7" s="H" t="H" l="H"/>
		<a id="8" s="C" t="C.2" l="C"/>
		<a id="9" s="O" t="O.2" l="O"/>
		<a id="10" s="O" t="O.3" l="O"/>
		<a id="11" s="C" t="C.3" l="C"/>
		<a id="12" s="H" t="H" l="H"/>
		<a id="13" s="H" t="H" l="H"/>
		<a id="14" s="H" t="H" l="H"/>
		<a id="15" s="C" t="C.3" l="C"/>
		<a id="16" s="H" t="H" l="H"/>
		<a id="17" s="H" t="H" l="H"/>
		<a id="18" s="H" t="H" l="H"/>
	</atoms>
	<bonds>
		<b id="1" c="15 2" t="1"/>
		<b id="2" c="2 3" t="2"/>
		<b id="3" c="3 5" t="1"/>
		<b id="4" c="5 8" t="1"/>
		<b id="5" c="8 9" t="2"/>
		<b id="6" c="8 10" t="1"/>
		<b id="7" c="10 11" t="1"/>
		<b id="8" c="15 16" t="1"/>
		<b id="9" c="15 17" t="1"/>
		<b id="10" c="15 18" t="1"/>
		<b id="11" c="2 1" t="1"/>
		<b id="12" c="3 4" t="1"/>
		<b id="13" c="5 6" t="1"/>
		<b id="14" c="5 7" t="1"/>
		<b id="15" c="11 12" t="1"/>
		<b id="16" c="11 13" t="1"/>
		<b id="17" c="11 14" t="1"/>
	</bonds>
	<geometry>
		<g u="A" t="cart/3d">#18,3:1.0476,0.2123,1.3350;1.7459,0.2924,0.5044;1.3040,0.3058,-0.7633;2.0375,0.3934,-1.5640;-0.1227,0.2321,-1.2412;-0.1683,-0.4479,-2.1002;-0.3992,1.2319,-1.5974;-1.1877,-0.2501,-0.2602;-1.0320,-1.0827,0.6227;-2.3812,0.3461,-0.5588;-3.4599,-0.0606,0.2841;-4.3560,0.4837,-0.0263;-3.6499,-1.1327,0.1722;-3.2473,0.1899,1.3282;3.1894,0.3749,0.8852;3.3584,1.2536,1.5150;3.8454,0.4492,0.0122;3.4759,-0.5158,1.4526;</g>
	</geometry>
	<conformers/>
	<properties/>
</molecule>
