<?xml version="1.0" ?>
<!--MOLLI PACKAGE EXPERIMENTAL XML FORMAT-->
<molecule name="react_392">
	<atoms>
		<a id="1" s="H" t="H" l="H"/>
		<a id="2" s="C" t="C.2" l="C"/>
		<a id="3" s="C" t="C.2" l="C"/>
		<a id="4" s="H" t="H" l="H"/>
		<a id="5" s="C" t="C.3" l="C"/>
		<a id="6" s="H" t="H" l="H"/>
		<a id="7" s="H" t="H" l="H"/>
		<a id="8" s="C" t="C.3" l="C"/>
		<a id="9" s="H" t="H" l="H"/>
		<a id="10" s="H" t="H" l="H"/>
		<a id="11" s="C" t="C.3" l="C"/>
		<a id="12" s="H" t="H" l="H"/>
		<a id="13" s="H" t="H" l="H"/>
		<a id="14" s="C" t="C.3" l="C"/>
		<a id="15" s="H" t="H" l="H"/>
		<a id="16" s="H" t="H" l="H"/>
		<a id="17" s="H" t="H" l="H"/>
		<a id="18" s="C" t="C.3" l="C"/>
		<a id="19" s="H" t="H" l="H"/>
		<a id="20" s="H" t="H" l="H"/>
		<a id="21" s="C" t="C.2" l="C"/>
		<a id="22" s="O" t="O.2" l="O"/>
		<a id="23" s="O" t="O.3" l="O"/>
		<a id="24" s="C" t="C.3" l="C"/>
		<a id="25" s="H" t="H" l="H"/>
		<a id="26" s="H" t="H" l="H"/>
		<a id="27" s="H" t="H" l="H"/>
	</atoms>
	<bonds>
		<b id="1" c="14 11" t="1"/>
		<b id="2" c="11 8" t="1"/>
		<b id="3" c="8 5" t="1"/>
		<b id="4" c="5 3" t="1"/>
		<b id="5" c="3 2" t="2"/>
		<b id="6" c="2 18" t="1"/>
		<b id="7" c="18 21" t="1"/>
		<b id="8" c="21 22" t="2"/>
		<b id="9" c="21 23" t="1"/>
		<b id="10" c="23 24" t="1"/>
		<b id="11" c="14 15" t="1"/>
		<b id="12" c="14 16" t="1"/>
		<b id="13" c="14 17" t="1"/>
		<b id="14" c="11 12" t="1"/>
		<b id="15" c="11 13" t="1"/>
		<b id="16" c="8 9" t="1"/>
		<b id="17" c="8 10" t="1"/>
		<b id="18" c="5 6" t="1"/>
		<b id="19" c="5 7" t="1"/>
		<b id="20" c="3 4" t="1"/>
		<b id="21" c="2 1" t="1"/>
		<b id="22" c="18 19" t="1"/>
		<b id="23" c="18 20" t="1"/>
		<b id="24" c="24 25" t="1"/>
		<b id="25" c="24 26" t="1"/>
		<b id="26" c="24 27" t="1"/>
	</bonds>
	<geometry>
		<g u="A" t="cart/3d">#27,3:0.0492,0.8718,1.6789;0.6792,0.5480,0.8532;0.1017,0.0899,-0.2700;0.7325,-0.2295,-1.0994;-1.3735,-0.0580,-0.5494;-1.5541,-1.1163,-0.7700;-1.5935,0.4988,-1.4688;-2.3338,0.4061,0.5519;-2.1247,1.4548,0.7978;-2.1678,-0.1776,1.4658;-3.8083,0.3057,0.1497;-4.4144,0.7654,0.9396;-3.9868,0.8850,-0.7636;-4.2877,-1.1231,-0.0547;-5.3667,-1.1338,-0.2397;-4.0900,-1.7349,0.8311;-3.8008,-1.5911,-0.9152;2.1540,0.6976,1.1269;2.3479,0.3941,2.1627;2.3955,1.7642,1.0450;3.1313,-0.0959,0.2642;2.9295,-1.1976,-0.2283;4.3119,0.5874,0.1734;5.3137,-0.0845,-0.5912;4.9724,-0.2400,-1.6195;5.5794,-1.0366,-0.1213;6.2040,0.5501,-0.6147;</g>
	</geometry>
	<conformers/>
	<properties/>
</molecule>
