<?xml version="1.0" ?>
<!--MOLLI PACKAGE EXPERIMENTAL XML FORMAT-->
<molecule name="react_393">
	<atoms>
		<a id="1" s="H" t="H" l="H"/>
		<a id="2" s="C" t="C.2" l="C"/>
		<a id="3" s="C" t="C.2" l="C"/>
		<a id="4" s="H" t="H" l="H"/>
		<a id="5" s="C" t="C.3" l="C"/>
		<a id="6" s="H" t="H" l="H"/>
		<a id="7" s="H" t="H" l="H"/>
		<a id="8" s="C" t="C.3" l="C"/>
		<a id="9" s="H" t="H" l="H"/>
		<a id="10" s="H" t="H" l="H"/>
		<a id="11" s="H" t="H" l="H"/>
		<a id="12" s="C" t="C.3" l="C"/>
		<a id="13" s="H" t="H" l="H"/>
		<a id="14" s="H" t="H" l="H"/>
		<a id="15" s="C" t="C.2" l="C"/>
		<a id="16" s="O" t="O.2" l="O"/>
		<a id="17" s="O" t="O.3" l="O"/>
		<a id="18" s="C" t="C.3" l="C"/>
		<a id="19" s="H" t="H" l="H"/>
		<a id="20" s="H" t="H" l="H"/>
		<a id="21" s="C" t="C.3" l="C"/>
		<a id="22" s="H" t="H" l="H"/>
		<a id="23" s="H" t="H" l="H"/>
		<a id="24" s="H" t="H" l="H"/>
	</atoms>
	<bonds>
		<b id="1" c="8 5" t="1"/>
		<b id="2" c="5 3" t="1"/>
		<b id="3" c="3 2" t="2"/>
		<b id="4" c="2 12" t="1"/>
		<b id="5" c="12 15" t="1"/>
		<b id="6" c="15 16" t="2"/>
		<b id="7" c="15 17" t="1"/>
		<b id="8" c="17 18" t="1"/>
		<b id="9" c="18 21" t="1"/>
		<b id="10" c="8 9" t="1"/>
		<b id="11" c="8 10" t="1"/>
		<b id="12" c="8 11" t="1"/>
		<b id="13" c="5 6" t="1"/>
		<b id="14" c="5 7" t="1"/>
		<b id="15" c="3 4" t="1"/>
		<b id="16" c="2 1" t="1"/>
		<b id="17" c="12 13" t="1"/>
		<b id="18" c="12 14" t="1"/>
		<b id="19" c="18 19" t="1"/>
		<b id="20" c="18 20" t="1"/>
		<b id="21" c="21 22" t="1"/>
		<b id="22" c="21 23" t="1"/>
		<b id="23" c="21 24" t="1"/>
	</bonds>
	<geometry>
		<g u="A" t="cart/3d">#24,3:-0.7713,1.2667,-0.6291;-0.9122,0.2306,-0.9324;-2.0418,-0.4130,-0.5973;-2.1838,-1.4492,-0.9002;-3.1599,0.2108,0.1873;-4.0786,0.1597,-0.4080;-2.9617,1.2718,0.3788;-3.3744,-0.5050,1.5118;-4.2006,-0.0430,2.0616;-2.4784,-0.4521,2.1395;-3.6206,-1.5610,1.3572;0.2067,-0.3881,-1.7189;-0.0405,-1.3968,-2.0692;0.4142,0.2073,-2.6150;1.4586,-0.4841,-0.8704;1.7185,-1.4169,-0.1214;2.2279,0.6303,-1.0369;3.4318,0.6781,-0.2575;4.1341,1.3249,-0.7934;3.8985,-0.3108,-0.1826;3.1443,1.2629,1.1127;2.4431,0.6335,1.6697;2.6805,2.2504,1.0194;4.0654,1.3589,1.6944;</g>
	</geometry>
	<conformers/>
	<properties/>
</molecule>
