<?xml version="1.0" ?>
<!--MOLLI PACKAGE EXPERIMENTAL XML FORMAT-->
<molecule name="react_394">
	<atoms>
		<a id="1" s="H" t="H" l="H"/>
		<a id="2" s="C" t="C.2" l="C"/>
		<a id="3" s="C" t="C.2" l="C"/>
		<a id="4" s="H" t="H" l="H"/>
		<a id="5" s="C" t="C.3" l="C"/>
		<a id="6" s="H" t="H" l="H"/>
		<a id="7" s="H" t="H" l="H"/>
		<a id="8" s="C" t="C.3" l="C"/>
		<a id="9" s="H" t="H" l="H"/>
		<a id="10" s="H" t="H" l="H"/>
		<a id="11" s="C" t="C.3" l="C"/>
		<a id="12" s="H" t="H" l="H"/>
		<a id="13" s="H" t="H" l="H"/>
		<a id="14" s="C" t="C.3" l="C"/>
		<a id="15" s="H" t="H" l="H"/>
		<a id="16" s="H" t="H" l="H"/>
		<a id="17" s="C" t="C.3" l="C"/>
		<a id="18" s="H" t="H" l="H"/>
		<a id="19" s="H" t="H" l="H"/>
		<a id="20" s="C" t="C.3" l="C"/>
		<a id="21" s="H" t="H" l="H"/>
		<a id="22" s="H" t="H" l="H"/>
		<a id="23" s="H" t="H" l="H"/>
		<a id="24" s="C" t="C.3" l="C"/>
		<a id="25" s="H" t="H" l="H"/>
		<a id="26" s="H" t="H" l="H"/>
		<a id="27" s="C" t="C.2" l="C"/>
		<a id="28" s="O" t="O.2" l="O"/>
		<a id="29" s="O" t="O.3" l="O"/>
		<a id="30" s="C" t="C.3" l="C"/>
		<a id="31" s="H" t="H" l="H"/>
		<a id="32" s="H" t="H" l="H"/>
		<a id="33" s="H" t="H" l="H"/>
	</atoms>
	<bonds>
		<b id="1" c="20 17" t="1"/>
		<b id="2" c="17 14" t="1"/>
		<b id="3" c="14 11" t="1"/>
		<b id="4" c="11 8" t="1"/>
		<b id="5" c="8 5" t="1"/>
		<b id="6" c="5 3" t="1"/>
		<b id="7" c="3 2" t="2"/>
		<b id="8" c="2 24" t="1"/>
		<b id="9" c="24 27" t="1"/>
		<b id="10" c="27 28" t="2"/>
		<b id="11" c="27 29" t="1"/>
		<b id="12" c="29 30" t="1"/>
		<b id="13" c="20 21" t="1"/>
		<b id="14" c="20 22" t="1"/>
		<b id="15" c="20 23" t="1"/>
		<b id="16" c="17 18" t="1"/>
		<b id="17" c="17 19" t="1"/>
		<b id="18" c="14 15" t="1"/>
		<b id="19" c="14 16" t="1"/>
		<b id="20" c="11 12" t="1"/>
		<b id="21" c="11 13" t="1"/>
		<b id="22" c="8 9" t="1"/>
		<b id="23" c="8 10" t="1"/>
		<b id="24" c="5 6" t="1"/>
		<b id="25" c="5 7" t="1"/>
		<b id="26" c="3 4" t="1"/>
		<b id="27" c="2 1" t="1"/>
		<b id="28" c="24 25" t="1"/>
		<b id="29" c="24 26" t="1"/>
		<b id="30" c="30 31" t="1"/>
		<b id="31" c="30 32" t="1"/>
		<b id="32" c="30 33" t="1"/>
	</bonds>
	<geometry>
		<g u="A" t="cart/3d">#33,3:-2.1292,-2.8359,0.9184;-2.0473,-1.7664,0.7292;-0.8238,-1.2132,0.7154;-0.7067,-0.1449,0.5439;0.4476,-1.9837,0.9404;1.0088,-1.5089,1.7529;0.2163,-2.9979,1.2902;1.3193,-2.0988,-0.3151;2.1962,-2.7117,-0.0711;0.7646,-2.6502,-1.0852;1.7981,-0.7751,-0.9231;2.3847,-1.0092,-1.8206;0.9400,-0.1840,-1.2636;2.6570,0.0584,0.0300;3.4911,-0.5495,0.4008;2.0650,0.3642,0.8998;3.2024,1.3066,-0.6652;3.8068,1.0165,-1.5324;2.3720,1.9178,-1.0377;4.0532,2.1425,0.2777;4.9109,1.5694,0.6443;4.4331,3.0289,-0.2398;3.4690,2.4772,1.1408;-3.3680,-1.0717,0.5243;-4.0069,-1.7133,-0.0942;-3.8455,-0.9786,1.5071;-3.3609,0.2970,-0.1510;-2.5724,0.6764,-1.0062;-4.4236,1.0291,0.3002;-4.5298,2.3238,-0.2932;-4.6903,2.2382,-1.3724;-5.3950,2.8278,0.1463;-3.6367,2.9192,-0.0787;</g>
	</geometry>
	<conformers/>
	<properties/>
</molecule>
