<?xml version="1.0" ?>
<!--MOLLI PACKAGE EXPERIMENTAL XML FORMAT-->
<molecule name="react_395">
	<atoms>
		<a id="1" s="H" t="H" l="H"/>
		<a id="2" s="C" t="C.2" l="C"/>
		<a id="3" s="C" t="C.2" l="C"/>
		<a id="4" s="H" t="H" l="H"/>
		<a id="5" s="C" t="C.3" l="C"/>
		<a id="6" s="H" t="H" l="H"/>
		<a id="7" s="H" t="H" l="H"/>
		<a id="8" s="C" t="C.2" l="C"/>
		<a id="9" s="O" t="O.2" l="O"/>
		<a id="10" s="O" t="O.3" l="O"/>
		<a id="11" s="C" t="C.3" l="C"/>
		<a id="12" s="H" t="H" l="H"/>
		<a id="13" s="H" t="H" l="H"/>
		<a id="14" s="H" t="H" l="H"/>
		<a id="15" s="C" t="C.ar" l="C"/>
		<a id="16" s="C" t="C.ar" l="C"/>
		<a id="17" s="H" t="H" l="H"/>
		<a id="18" s="C" t="C.ar" l="C"/>
		<a id="19" s="H" t="H" l="H"/>
		<a id="20" s="C" t="C.ar" l="C"/>
		<a id="21" s="H" t="H" l="H"/>
		<a id="22" s="C" t="C.ar" l="C"/>
		<a id="23" s="H" t="H" l="H"/>
		<a id="24" s="C" t="C.ar" l="C"/>
		<a id="25" s="H" t="H" l="H"/>
	</atoms>
	<bonds>
		<b id="1" c="11 10" t="1"/>
		<b id="2" c="10 8" t="1"/>
		<b id="3" c="8 9" t="2"/>
		<b id="4" c="8 5" t="1"/>
		<b id="5" c="5 3" t="1"/>
		<b id="6" c="3 2" t="2"/>
		<b id="7" c="2 15" t="1"/>
		<b id="8" c="15 16" t="ar"/>
		<b id="9" c="16 18" t="ar"/>
		<b id="10" c="18 20" t="ar"/>
		<b id="11" c="20 22" t="ar"/>
		<b id="12" c="22 24" t="ar"/>
		<b id="13" c="24 15" t="ar"/>
		<b id="14" c="11 12" t="1"/>
		<b id="15" c="11 13" t="1"/>
		<b id="16" c="11 14" t="1"/>
		<b id="17" c="5 6" t="1"/>
		<b id="18" c="5 7" t="1"/>
		<b id="19" c="3 4" t="1"/>
		<b id="20" c="2 1" t="1"/>
		<b id="21" c="16 17" t="1"/>
		<b id="22" c="18 19" t="1"/>
		<b id="23" c="20 21" t="1"/>
		<b id="24" c="22 23" t="1"/>
		<b id="25" c="24 25" t="1"/>
	</bonds>
	<geometry>
		<g u="A" t="cart/3d">#25,3:-0.1862,-1.8715,-0.1206;-0.4709,-0.8780,0.2182;0.3588,-0.1574,0.9901;0.0612,0.8274,1.3469;1.7222,-0.6232,1.4196;1.9407,-1.6120,1.0004;1.7508,-0.6882,2.5124;2.8147,0.3376,0.9748;2.6455,1.4652,0.5306;4.0346,-0.2418,1.1828;5.1391,0.5840,0.8111;6.0594,0.0266,1.0064;5.0984,0.8218,-0.2565;5.1536,1.4980,1.4130;-1.7991,-0.4163,-0.2075;-2.0390,0.9093,-0.5927;-1.2376,1.6444,-0.5739;-3.3082,1.3062,-1.0219;-3.4817,2.3381,-1.3157;-4.3471,0.3796,-1.0800;-5.3338,0.6888,-1.4146;-4.1168,-0.9451,-0.7147;-4.9242,-1.6708,-0.7640;-2.8474,-1.3422,-0.2863;-2.6872,-2.3805,-0.0056;</g>
	</geometry>
	<conformers/>
	<properties/>
</molecule>
