<?xml version="1.0" ?>
<!--MOLLI PACKAGE EXPERIMENTAL XML FORMAT-->
<molecule name="react_396">
	<atoms>
		<a id="1" s="H" t="H" l="H"/>
		<a id="2" s="C" t="C.2" l="C"/>
		<a id="3" s="C" t="C.2" l="C"/>
		<a id="4" s="H" t="H" l="H"/>
		<a id="5" s="C" t="C.3" l="C"/>
		<a id="6" s="H" t="H" l="H"/>
		<a id="7" s="H" t="H" l="H"/>
		<a id="8" s="C" t="C.ar" l="C"/>
		<a id="9" s="C" t="C.ar" l="C"/>
		<a id="10" s="H" t="H" l="H"/>
		<a id="11" s="C" t="C.ar" l="C"/>
		<a id="12" s="H" t="H" l="H"/>
		<a id="13" s="C" t="C.ar" l="C"/>
		<a id="14" s="H" t="H" l="H"/>
		<a id="15" s="C" t="C.ar" l="C"/>
		<a id="16" s="H" t="H" l="H"/>
		<a id="17" s="C" t="C.ar" l="C"/>
		<a id="18" s="H" t="H" l="H"/>
		<a id="19" s="C" t="C.3" l="C"/>
		<a id="20" s="H" t="H" l="H"/>
		<a id="21" s="H" t="H" l="H"/>
		<a id="22" s="C" t="C.2" l="C"/>
		<a id="23" s="O" t="O.2" l="O"/>
		<a id="24" s="O" t="O.3" l="O"/>
		<a id="25" s="C" t="C.3" l="C"/>
		<a id="26" s="H" t="H" l="H"/>
		<a id="27" s="H" t="H" l="H"/>
		<a id="28" s="C" t="C.3" l="C"/>
		<a id="29" s="H" t="H" l="H"/>
		<a id="30" s="H" t="H" l="H"/>
		<a id="31" s="H" t="H" l="H"/>
	</atoms>
	<bonds>
		<b id="1" c="28 25" t="1"/>
		<b id="2" c="25 24" t="1"/>
		<b id="3" c="24 22" t="1"/>
		<b id="4" c="22 23" t="2"/>
		<b id="5" c="22 19" t="1"/>
		<b id="6" c="19 2" t="1"/>
		<b id="7" c="2 3" t="2"/>
		<b id="8" c="3 5" t="1"/>
		<b id="9" c="5 8" t="1"/>
		<b id="10" c="8 9" t="ar"/>
		<b id="11" c="9 11" t="ar"/>
		<b id="12" c="11 13" t="ar"/>
		<b id="13" c="13 15" t="ar"/>
		<b id="14" c="15 17" t="ar"/>
		<b id="15" c="17 8" t="ar"/>
		<b id="16" c="28 29" t="1"/>
		<b id="17" c="28 30" t="1"/>
		<b id="18" c="28 31" t="1"/>
		<b id="19" c="25 26" t="1"/>
		<b id="20" c="25 27" t="1"/>
		<b id="21" c="19 20" t="1"/>
		<b id="22" c="19 21" t="1"/>
		<b id="23" c="2 1" t="1"/>
		<b id="24" c="3 4" t="1"/>
		<b id="25" c="5 6" t="1"/>
		<b id="26" c="5 7" t="1"/>
		<b id="27" c="9 10" t="1"/>
		<b id="28" c="11 12" t="1"/>
		<b id="29" c="13 14" t="1"/>
		<b id="30" c="15 16" t="1"/>
		<b id="31" c="17 18" t="1"/>
	</bonds>
	<geometry>
		<g u="A" t="cart/3d">#31,3:0.2014,-2.8167,0.4426;0.5029,-1.7730,0.5192;-0.4060,-0.8732,0.9312;-0.1413,0.1796,1.0110;-1.8180,-1.2148,1.3208;-1.9748,-0.9263,2.3677;-1.9909,-2.2980,1.2838;-2.8351,-0.5226,0.4452;-3.3999,0.6996,0.8367;-3.1172,1.1567,1.7823;-4.3284,1.3447,0.0179;-4.7622,2.2908,0.3309;-4.6967,0.7787,-1.2012;-5.4186,1.2824,-1.8383;-4.1350,-0.4311,-1.6049;-4.4175,-0.8702,-2.5580;-3.2064,-1.0779,-0.7878;-2.7694,-2.0175,-1.1178;1.9271,-1.5047,0.1095;1.9639,-1.5196,-0.9863;2.5561,-2.3265,0.4720;2.5787,-0.2197,0.6110;2.3630,0.3246,1.6856;3.5020,0.2068,-0.3016;4.1975,1.3996,0.0806;4.7502,1.2230,1.0101;3.4810,2.2159,0.2254;5.1654,1.7595,-1.0297;5.8759,0.9440,-1.2010;5.7225,2.6674,-0.7826;4.6299,1.9183,-1.9715;</g>
	</geometry>
	<conformers/>
	<properties/>
</molecule>
