<?xml version="1.0" ?>
<!--MOLLI PACKAGE EXPERIMENTAL XML FORMAT-->
<molecule name="react_405">
	<atoms>
		<a id="1" s="H" t="H" l="H"/>
		<a id="2" s="C" t="C.2" l="C"/>
		<a id="3" s="C" t="C.2" l="C"/>
		<a id="4" s="C" t="C.3" l="C"/>
		<a id="5" s="H" t="H" l="H"/>
		<a id="6" s="H" t="H" l="H"/>
		<a id="7" s="C" t="C.3" l="C"/>
		<a id="8" s="H" t="H" l="H"/>
		<a id="9" s="H" t="H" l="H"/>
		<a id="10" s="C" t="C.ar" l="C"/>
		<a id="11" s="C" t="C.ar" l="C"/>
		<a id="12" s="H" t="H" l="H"/>
		<a id="13" s="C" t="C.ar" l="C"/>
		<a id="14" s="H" t="H" l="H"/>
		<a id="15" s="C" t="C.ar" l="C"/>
		<a id="16" s="C" t="C.ar" l="C"/>
		<a id="17" s="H" t="H" l="H"/>
		<a id="18" s="C" t="C.ar" l="C"/>
		<a id="19" s="H" t="H" l="H"/>
		<a id="20" s="C" t="C.ar" l="C"/>
		<a id="21" s="H" t="H" l="H"/>
		<a id="22" s="C" t="C.ar" l="C"/>
		<a id="23" s="H" t="H" l="H"/>
		<a id="24" s="C" t="C.ar" l="C"/>
		<a id="25" s="C" t="C.ar" l="C"/>
		<a id="26" s="H" t="H" l="H"/>
	</atoms>
	<bonds>
		<b id="1" c="2 3" t="2"/>
		<b id="2" c="3 4" t="1"/>
		<b id="3" c="4 7" t="1"/>
		<b id="4" c="2 10" t="1"/>
		<b id="5" c="10 11" t="ar"/>
		<b id="6" c="11 13" t="ar"/>
		<b id="7" c="13 15" t="ar"/>
		<b id="8" c="15 16" t="ar"/>
		<b id="9" c="16 18" t="ar"/>
		<b id="10" c="18 20" t="ar"/>
		<b id="11" c="20 22" t="ar"/>
		<b id="12" c="22 24" t="ar"/>
		<b id="13" c="24 25" t="ar"/>
		<b id="14" c="7 3" t="1"/>
		<b id="15" c="25 10" t="ar"/>
		<b id="16" c="24 15" t="ar"/>
		<b id="17" c="2 1" t="1"/>
		<b id="18" c="4 5" t="1"/>
		<b id="19" c="4 6" t="1"/>
		<b id="20" c="7 8" t="1"/>
		<b id="21" c="7 9" t="1"/>
		<b id="22" c="11 12" t="1"/>
		<b id="23" c="13 14" t="1"/>
		<b id="24" c="16 17" t="1"/>
		<b id="25" c="18 19" t="1"/>
		<b id="26" c="20 21" t="1"/>
		<b id="27" c="22 23" t="1"/>
		<b id="28" c="25 26" t="1"/>
	</bonds>
	<geometry>
		<g u="A" t="cart/3d">#26,3:2.3272,-2.5839,0.5923;2.0443,-1.6603,0.0943;2.8986,-1.1026,-0.7395;4.1747,-1.2157,-1.3298;4.2979,-1.9691,-2.0952;5.0294,-1.0285,-0.6949;3.1921,-0.0334,-1.6097;3.4004,0.9248,-1.1544;2.6834,-0.0133,-2.5632;0.7266,-1.1117,0.4426;0.1989,-1.3858,1.7090;0.7684,-1.9691,2.4292;-1.0618,-0.9067,2.0777;-1.4386,-1.1313,3.0729;-1.8304,-0.1501,1.1820;-3.0986,0.3389,1.5357;-3.5091,0.1392,2.5229;-3.8527,1.0862,0.6298;-4.8327,1.4585,0.9162;-3.3492,1.3530,-0.6398;-3.9352,1.9343,-1.3469;-2.0902,0.8739,-1.0057;-1.7138,1.0931,-2.0023;-1.3174,0.1218,-0.1055;-0.0467,-0.3679,-0.4595;0.3346,-0.1701,-1.4582;</g>
	</geometry>
	<conformers/>
	<properties/>
</molecule>
