<?xml version="1.0" ?>
<!--MOLLI PACKAGE EXPERIMENTAL XML FORMAT-->
<molecule name="react_409">
	<atoms>
		<a id="1" s="H" t="H" l="H"/>
		<a id="2" s="C" t="C.1" l="C"/>
		<a id="3" s="C" t="C.1" l="C"/>
		<a id="4" s="C" t="C.2" l="C"/>
		<a id="5" s="C" t="C.2" l="C"/>
		<a id="6" s="H" t="H" l="H"/>
		<a id="7" s="C" t="C.3" l="C"/>
		<a id="8" s="H" t="H" l="H"/>
		<a id="9" s="H" t="H" l="H"/>
		<a id="10" s="O" t="O.3" l="O"/>
		<a id="11" s="C" t="C.3" l="C"/>
		<a id="12" s="H" t="H" l="H"/>
		<a id="13" s="H" t="H" l="H"/>
		<a id="14" s="C" t="C.ar" l="C"/>
		<a id="15" s="C" t="C.ar" l="C"/>
		<a id="16" s="H" t="H" l="H"/>
		<a id="17" s="C" t="C.ar" l="C"/>
		<a id="18" s="H" t="H" l="H"/>
		<a id="19" s="C" t="C.ar" l="C"/>
		<a id="20" s="O" t="O.3" l="O"/>
		<a id="21" s="C" t="C.3" l="C"/>
		<a id="22" s="H" t="H" l="H"/>
		<a id="23" s="H" t="H" l="H"/>
		<a id="24" s="H" t="H" l="H"/>
		<a id="25" s="C" t="C.ar" l="C"/>
		<a id="26" s="H" t="H" l="H"/>
		<a id="27" s="C" t="C.ar" l="C"/>
		<a id="28" s="H" t="H" l="H"/>
		<a id="29" s="C" t="C.3" l="C"/>
		<a id="30" s="H" t="H" l="H"/>
		<a id="31" s="H" t="H" l="H"/>
		<a id="32" s="H" t="H" l="H"/>
	</atoms>
	<bonds>
		<b id="1" c="2 3" t="3"/>
		<b id="2" c="3 4" t="1"/>
		<b id="3" c="4 29" t="1"/>
		<b id="4" c="4 5" t="2"/>
		<b id="5" c="5 7" t="1"/>
		<b id="6" c="7 10" t="1"/>
		<b id="7" c="10 11" t="1"/>
		<b id="8" c="11 14" t="1"/>
		<b id="9" c="14 15" t="ar"/>
		<b id="10" c="15 17" t="ar"/>
		<b id="11" c="17 19" t="ar"/>
		<b id="12" c="19 20" t="1"/>
		<b id="13" c="20 21" t="1"/>
		<b id="14" c="19 25" t="ar"/>
		<b id="15" c="25 27" t="ar"/>
		<b id="16" c="27 14" t="ar"/>
		<b id="17" c="2 1" t="1"/>
		<b id="18" c="29 30" t="1"/>
		<b id="19" c="29 31" t="1"/>
		<b id="20" c="29 32" t="1"/>
		<b id="21" c="5 6" t="1"/>
		<b id="22" c="7 8" t="1"/>
		<b id="23" c="7 9" t="1"/>
		<b id="24" c="11 12" t="1"/>
		<b id="25" c="11 13" t="1"/>
		<b id="26" c="15 16" t="1"/>
		<b id="27" c="17 18" t="1"/>
		<b id="28" c="21 22" t="1"/>
		<b id="29" c="21 23" t="1"/>
		<b id="30" c="21 24" t="1"/>
		<b id="31" c="25 26" t="1"/>
		<b id="32" c="27 28" t="1"/>
	</bonds>
	<geometry>
		<g u="A" t="cart/3d">#32,3:6.3728,-1.0948,-2.1744;5.7023,-0.9148,-1.3668;4.9453,-0.7146,-0.4567;4.0453,-0.4804,0.6303;3.1844,0.5503,0.5230;3.2108,1.1512,-0.3846;2.1876,1.0166,1.5393;2.2140,2.1094,1.6273;2.4164,0.6275,2.5352;0.8856,0.5598,1.1919;0.2127,1.4256,0.2799;0.7867,1.4906,-0.6511;0.1220,2.4297,0.7112;-1.1712,0.8939,0.0006;-1.6738,0.8665,-1.3072;-1.0572,1.1997,-2.1390;-2.9709,0.4070,-1.5681;-3.3107,0.4012,-2.5981;-3.7867,-0.0249,-0.5228;-5.0665,-0.4932,-0.6400;-5.5994,-0.5822,-1.9550;-5.0129,-1.2693,-2.5740;-6.6131,-0.9870,-1.8782;-5.6705,0.4068,-2.4194;-3.2942,0.0095,0.7828;-3.9220,-0.3255,1.6046;-2.0004,0.4669,1.0452;-1.6370,0.4802,2.0705;4.1080,-1.4262,1.7979;4.1716,-2.4624,1.4464;3.2272,-1.3701,2.4428;4.9938,-1.2169,2.4066;</g>
	</geometry>
	<conformers/>
	<properties/>
</molecule>
