<?xml version="1.0" ?>
<!--MOLLI PACKAGE EXPERIMENTAL XML FORMAT-->
<molecule name="react_411">
	<atoms>
		<a id="1" s="H" t="H" l="H"/>
		<a id="2" s="C" t="C.2" l="C"/>
		<a id="3" s="C" t="C.2" l="C"/>
		<a id="4" s="C" t="C.3" l="C"/>
		<a id="5" s="H" t="H" l="H"/>
		<a id="6" s="H" t="H" l="H"/>
		<a id="7" s="H" t="H" l="H"/>
		<a id="8" s="C" t="C.3" l="C"/>
		<a id="9" s="H" t="H" l="H"/>
		<a id="10" s="H" t="H" l="H"/>
		<a id="11" s="H" t="H" l="H"/>
		<a id="12" s="C" t="C.3" l="C"/>
		<a id="13" s="H" t="H" l="H"/>
		<a id="14" s="H" t="H" l="H"/>
		<a id="15" s="N" t="N.am" l="N"/>
		<a id="16" s="C" t="C.2" l="C"/>
		<a id="17" s="O" t="O.2" l="O"/>
		<a id="18" s="O" t="O.3" l="O"/>
		<a id="19" s="C" t="C.3" l="C"/>
		<a id="20" s="C" t="C.3" l="C"/>
		<a id="21" s="H" t="H" l="H"/>
		<a id="22" s="H" t="H" l="H"/>
		<a id="23" s="H" t="H" l="H"/>
		<a id="24" s="C" t="C.3" l="C"/>
		<a id="25" s="H" t="H" l="H"/>
		<a id="26" s="H" t="H" l="H"/>
		<a id="27" s="H" t="H" l="H"/>
		<a id="28" s="C" t="C.3" l="C"/>
		<a id="29" s="H" t="H" l="H"/>
		<a id="30" s="H" t="H" l="H"/>
		<a id="31" s="H" t="H" l="H"/>
		<a id="32" s="C" t="C.2" l="C"/>
		<a id="33" s="O" t="O.2" l="O"/>
		<a id="34" s="O" t="O.3" l="O"/>
		<a id="35" s="C" t="C.3" l="C"/>
		<a id="36" s="C" t="C.3" l="C"/>
		<a id="37" s="H" t="H" l="H"/>
		<a id="38" s="H" t="H" l="H"/>
		<a id="39" s="H" t="H" l="H"/>
		<a id="40" s="C" t="C.3" l="C"/>
		<a id="41" s="H" t="H" l="H"/>
		<a id="42" s="H" t="H" l="H"/>
		<a id="43" s="H" t="H" l="H"/>
		<a id="44" s="C" t="C.3" l="C"/>
		<a id="45" s="H" t="H" l="H"/>
		<a id="46" s="H" t="H" l="H"/>
		<a id="47" s="H" t="H" l="H"/>
	</atoms>
	<bonds>
		<b id="1" c="4 3" t="1"/>
		<b id="2" c="3 8" t="1"/>
		<b id="3" c="3 2" t="2"/>
		<b id="4" c="2 12" t="1"/>
		<b id="5" c="12 15" t="1"/>
		<b id="6" c="15 16" t="am"/>
		<b id="7" c="16 17" t="2"/>
		<b id="8" c="16 18" t="1"/>
		<b id="9" c="18 19" t="1"/>
		<b id="10" c="19 20" t="1"/>
		<b id="11" c="19 24" t="1"/>
		<b id="12" c="19 28" t="1"/>
		<b id="13" c="15 32" t="am"/>
		<b id="14" c="32 33" t="2"/>
		<b id="15" c="32 34" t="1"/>
		<b id="16" c="34 35" t="1"/>
		<b id="17" c="35 36" t="1"/>
		<b id="18" c="35 40" t="1"/>
		<b id="19" c="35 44" t="1"/>
		<b id="20" c="4 5" t="1"/>
		<b id="21" c="4 6" t="1"/>
		<b id="22" c="4 7" t="1"/>
		<b id="23" c="8 9" t="1"/>
		<b id="24" c="8 10" t="1"/>
		<b id="25" c="8 11" t="1"/>
		<b id="26" c="2 1" t="1"/>
		<b id="27" c="12 13" t="1"/>
		<b id="28" c="12 14" t="1"/>
		<b id="29" c="20 21" t="1"/>
		<b id="30" c="20 22" t="1"/>
		<b id="31" c="20 23" t="1"/>
		<b id="32" c="24 25" t="1"/>
		<b id="33" c="24 26" t="1"/>
		<b id="34" c="24 27" t="1"/>
		<b id="35" c="28 29" t="1"/>
		<b id="36" c="28 30" t="1"/>
		<b id="37" c="28 31" t="1"/>
		<b id="38" c="36 37" t="1"/>
		<b id="39" c="36 38" t="1"/>
		<b id="40" c="36 39" t="1"/>
		<b id="41" c="40 41" t="1"/>
		<b id="42" c="40 42" t="1"/>
		<b id="43" c="40 43" t="1"/>
		<b id="44" c="44 45" t="1"/>
		<b id="45" c="44 46" t="1"/>
		<b id="46" c="44 47" t="1"/>
	</bonds>
	<geometry>
		<g u="A" t="cart/3d">#47,3:-0.8238,2.4679,-1.4034;-0.0531,2.5042,-0.6312;1.0872,3.1661,-0.9111;2.2462,3.3465,0.0281;3.1421,2.8738,-0.3876;2.4537,4.4127,0.1681;2.0762,2.9200,1.0181;1.2858,3.8065,-2.2614;1.4335,4.8858,-2.1511;0.4281,3.6548,-2.9252;2.1664,3.3827,-2.7552;-0.4493,1.7992,0.6407;0.2848,1.9176,1.4401;-1.3749,2.2531,1.0150;-0.6672,0.3881,0.3555;0.3942,-0.5099,0.3811;0.3812,-1.6422,-0.0851;1.5032,0.0187,0.9792;2.7277,-0.7520,1.1103;3.6938,0.1715,1.8691;3.8753,1.0945,1.3081;4.6592,-0.3121,2.0523;3.2682,0.4732,2.8332;2.5123,-2.0156,1.9520;1.9863,-1.7769,2.8831;3.4654,-2.4939,2.2029;1.9052,-2.7607,1.4298;3.3314,-1.0674,-0.2623;2.7208,-1.7798,-0.8249;4.3336,-1.4989,-0.1671;3.3988,-0.1607,-0.8741;-1.9586,0.0223,-0.0161;-2.8424,0.8390,-0.2617;-2.1562,-1.3197,-0.0596;-3.4266,-1.8980,-0.4516;-3.7882,-1.5224,-1.8926;-4.0286,-0.4596,-1.9907;-2.9473,-1.7176,-2.5677;-4.6571,-2.0882,-2.2457;-3.1997,-3.4159,-0.3825;-4.0991,-3.9753,-0.6605;-2.3837,-3.7185,-1.0493;-2.9013,-3.7197,0.6277;-4.5368,-1.5235,0.5359;-4.7925,-0.4612,0.4812;-5.4530,-2.0907,0.3389;-4.2215,-1.7179,1.5672;</g>
	</geometry>
	<conformers/>
	<properties/>
</molecule>
