<?xml version="1.0" ?>
<!--MOLLI PACKAGE EXPERIMENTAL XML FORMAT-->
<molecule name="react_186">
	<atoms>
		<a id="1" s="H" t="H" l="H"/>
		<a id="2" s="C" t="C.2" l="C"/>
		<a id="3" s="H" t="H" l="H"/>
		<a id="4" s="C" t="C.2" l="C"/>
		<a id="5" s="H" t="H" l="H"/>
		<a id="6" s="Si" t="Si" l="SI"/>
		<a id="7" s="C" t="C.3" l="C"/>
		<a id="8" s="H" t="H" l="H"/>
		<a id="9" s="H" t="H" l="H"/>
		<a id="10" s="H" t="H" l="H"/>
		<a id="11" s="C" t="C.3" l="C"/>
		<a id="12" s="H" t="H" l="H"/>
		<a id="13" s="H" t="H" l="H"/>
		<a id="14" s="H" t="H" l="H"/>
		<a id="15" s="C" t="C.3" l="C"/>
		<a id="16" s="H" t="H" l="H"/>
		<a id="17" s="H" t="H" l="H"/>
		<a id="18" s="H" t="H" l="H"/>
	</atoms>
	<bonds>
		<b id="1" c="2 4" t="2"/>
		<b id="2" c="4 6" t="1"/>
		<b id="3" c="6 7" t="1"/>
		<b id="4" c="6 11" t="1"/>
		<b id="5" c="6 15" t="1"/>
		<b id="6" c="2 1" t="1"/>
		<b id="7" c="2 3" t="1"/>
		<b id="8" c="4 5" t="1"/>
		<b id="9" c="7 8" t="1"/>
		<b id="10" c="7 9" t="1"/>
		<b id="11" c="7 10" t="1"/>
		<b id="12" c="11 12" t="1"/>
		<b id="13" c="11 13" t="1"/>
		<b id="14" c="11 14" t="1"/>
		<b id="15" c="15 16" t="1"/>
		<b id="16" c="15 17" t="1"/>
		<b id="17" c="15 18" t="1"/>
	</bonds>
	<geometry>
		<g u="A" t="cart/3d">#18,3:2.8466,-1.9263,1.0404;1.9241,-1.3526,1.0648;1.4651,-1.2016,2.0380;1.3981,-0.8654,-0.0658;1.8927,-1.0419,-1.0160;-0.1681,0.1314,-0.1874;-1.6110,-0.8763,0.4622;-1.4601,-1.1394,1.5134;-1.7264,-1.8018,-0.1097;-2.5428,-0.3083,0.3837;-0.4830,0.5795,-1.9827;-0.5896,-0.3215,-2.5941;-1.4011,1.1670,-2.0771;0.3443,1.1714,-2.3853;0.0024,1.7028,0.8229;-0.9064,2.3075,0.7495;0.1726,1.4704,1.8785;0.8427,2.3050,0.4647;</g>
	</geometry>
	<conformers/>
	<properties/>
</molecule>
