<?xml version="1.0" ?>
<!--MOLLI PACKAGE EXPERIMENTAL XML FORMAT-->
<molecule name="react_414">
	<atoms>
		<a id="1" s="H" t="H" l="H"/>
		<a id="2" s="C" t="C.2" l="C"/>
		<a id="3" s="C" t="C.2" l="C"/>
		<a id="4" s="C" t="C.ar" l="C"/>
		<a id="5" s="C" t="C.ar" l="C"/>
		<a id="6" s="H" t="H" l="H"/>
		<a id="7" s="C" t="C.ar" l="C"/>
		<a id="8" s="H" t="H" l="H"/>
		<a id="9" s="C" t="C.ar" l="C"/>
		<a id="10" s="H" t="H" l="H"/>
		<a id="11" s="C" t="C.ar" l="C"/>
		<a id="12" s="H" t="H" l="H"/>
		<a id="13" s="C" t="C.ar" l="C"/>
		<a id="14" s="H" t="H" l="H"/>
		<a id="15" s="C" t="C.3" l="C"/>
		<a id="16" s="H" t="H" l="H"/>
		<a id="17" s="H" t="H" l="H"/>
		<a id="18" s="H" t="H" l="H"/>
		<a id="19" s="C" t="C.ar" l="C"/>
		<a id="20" s="C" t="C.ar" l="C"/>
		<a id="21" s="H" t="H" l="H"/>
		<a id="22" s="C" t="C.ar" l="C"/>
		<a id="23" s="H" t="H" l="H"/>
		<a id="24" s="C" t="C.ar" l="C"/>
		<a id="25" s="H" t="H" l="H"/>
		<a id="26" s="C" t="C.ar" l="C"/>
		<a id="27" s="H" t="H" l="H"/>
		<a id="28" s="C" t="C.ar" l="C"/>
		<a id="29" s="H" t="H" l="H"/>
	</atoms>
	<bonds>
		<b id="1" c="15 3" t="1"/>
		<b id="2" c="3 2" t="2"/>
		<b id="3" c="2 19" t="1"/>
		<b id="4" c="19 20" t="ar"/>
		<b id="5" c="20 22" t="ar"/>
		<b id="6" c="22 24" t="ar"/>
		<b id="7" c="24 26" t="ar"/>
		<b id="8" c="26 28" t="ar"/>
		<b id="9" c="3 4" t="1"/>
		<b id="10" c="4 5" t="ar"/>
		<b id="11" c="5 7" t="ar"/>
		<b id="12" c="7 9" t="ar"/>
		<b id="13" c="9 11" t="ar"/>
		<b id="14" c="11 13" t="ar"/>
		<b id="15" c="28 19" t="ar"/>
		<b id="16" c="13 4" t="ar"/>
		<b id="17" c="15 16" t="1"/>
		<b id="18" c="15 17" t="1"/>
		<b id="19" c="15 18" t="1"/>
		<b id="20" c="2 1" t="1"/>
		<b id="21" c="20 21" t="1"/>
		<b id="22" c="22 23" t="1"/>
		<b id="23" c="24 25" t="1"/>
		<b id="24" c="26 27" t="1"/>
		<b id="25" c="28 29" t="1"/>
		<b id="26" c="5 6" t="1"/>
		<b id="27" c="7 8" t="1"/>
		<b id="28" c="9 10" t="1"/>
		<b id="29" c="11 12" t="1"/>
		<b id="30" c="13 14" t="1"/>
	</bonds>
	<geometry>
		<g u="A" t="cart/3d">#29,3:0.1823,1.2498,-1.1751;0.4643,0.4516,-0.4912;-0.4688,-0.2326,0.2006;-1.8967,0.1148,0.0166;-2.3409,1.4373,0.1665;-1.6387,2.2270,0.4236;-3.6907,1.7599,0.0045;-4.0203,2.7884,0.1251;-4.6132,0.7637,-0.3067;-5.6632,1.0142,-0.4330;-4.1876,-0.5546,-0.4542;-4.9053,-1.3335,-0.6981;-2.8378,-0.8775,-0.2913;-2.5271,-1.9112,-0.4209;-0.1810,-1.3508,1.1676;0.8628,-1.3654,1.4957;-0.7883,-1.2437,2.0736;-0.4024,-2.3225,0.7144;1.9068,0.2035,-0.4285;2.4636,-0.9322,-1.0273;1.8276,-1.6468,-1.5441;3.8405,-1.1550,-0.9667;4.2678,-2.0389,-1.4326;4.6664,-0.2432,-0.3103;5.7383,-0.4171,-0.2632;4.1174,0.8921,0.2849;4.7609,1.6030,0.7965;2.7406,1.1166,0.2249;2.3225,2.0034,0.6948;</g>
	</geometry>
	<conformers/>
	<properties/>
</molecule>
