<?xml version="1.0" ?>
<!--MOLLI PACKAGE EXPERIMENTAL XML FORMAT-->
<molecule name="react_422">
	<atoms>
		<a id="1" s="H" t="H" l="H"/>
		<a id="2" s="O" t="O.3" l="O"/>
		<a id="3" s="C" t="C.3" l="C"/>
		<a id="4" s="H" t="H" l="H"/>
		<a id="5" s="H" t="H" l="H"/>
		<a id="6" s="C" t="C.2" l="C"/>
		<a id="7" s="H" t="H" l="H"/>
		<a id="8" s="C" t="C.2" l="C"/>
		<a id="9" s="C" t="C.3" l="C"/>
		<a id="10" s="H" t="H" l="H"/>
		<a id="11" s="H" t="H" l="H"/>
		<a id="12" s="H" t="H" l="H"/>
		<a id="13" s="C" t="C.3" l="C"/>
		<a id="14" s="H" t="H" l="H"/>
		<a id="15" s="H" t="H" l="H"/>
		<a id="16" s="C" t="C.3" l="C"/>
		<a id="17" s="H" t="H" l="H"/>
		<a id="18" s="H" t="H" l="H"/>
		<a id="19" s="C" t="C.ar" l="C"/>
		<a id="20" s="C" t="C.ar" l="C"/>
		<a id="21" s="O" t="O.3" l="O"/>
		<a id="22" s="C" t="C.3" l="C"/>
		<a id="23" s="H" t="H" l="H"/>
		<a id="24" s="H" t="H" l="H"/>
		<a id="25" s="H" t="H" l="H"/>
		<a id="26" s="C" t="C.ar" l="C"/>
		<a id="27" s="C" t="C.3" l="C"/>
		<a id="28" s="H" t="H" l="H"/>
		<a id="29" s="H" t="H" l="H"/>
		<a id="30" s="H" t="H" l="H"/>
		<a id="31" s="C" t="C.ar" l="C"/>
		<a id="32" s="C" t="C.3" l="C"/>
		<a id="33" s="H" t="H" l="H"/>
		<a id="34" s="H" t="H" l="H"/>
		<a id="35" s="H" t="H" l="H"/>
		<a id="36" s="C" t="C.ar" l="C"/>
		<a id="37" s="O" t="O.3" l="O"/>
		<a id="38" s="C" t="C.3" l="C"/>
		<a id="39" s="H" t="H" l="H"/>
		<a id="40" s="H" t="H" l="H"/>
		<a id="41" s="H" t="H" l="H"/>
		<a id="42" s="C" t="C.ar" l="C"/>
		<a id="43" s="C" t="C.3" l="C"/>
		<a id="44" s="H" t="H" l="H"/>
		<a id="45" s="H" t="H" l="H"/>
		<a id="46" s="H" t="H" l="H"/>
	</atoms>
	<bonds>
		<b id="1" c="38 37" t="1"/>
		<b id="2" c="37 36" t="1"/>
		<b id="3" c="36 31" t="ar"/>
		<b id="4" c="31 32" t="1"/>
		<b id="5" c="31 26" t="ar"/>
		<b id="6" c="26 27" t="1"/>
		<b id="7" c="26 20" t="ar"/>
		<b id="8" c="20 21" t="1"/>
		<b id="9" c="21 22" t="1"/>
		<b id="10" c="20 19" t="ar"/>
		<b id="11" c="19 16" t="1"/>
		<b id="12" c="16 13" t="1"/>
		<b id="13" c="13 8" t="1"/>
		<b id="14" c="8 9" t="1"/>
		<b id="15" c="8 6" t="2"/>
		<b id="16" c="6 3" t="1"/>
		<b id="17" c="3 2" t="1"/>
		<b id="18" c="19 42" t="ar"/>
		<b id="19" c="42 43" t="1"/>
		<b id="20" c="42 36" t="ar"/>
		<b id="21" c="38 39" t="1"/>
		<b id="22" c="38 40" t="1"/>
		<b id="23" c="38 41" t="1"/>
		<b id="24" c="32 33" t="1"/>
		<b id="25" c="32 34" t="1"/>
		<b id="26" c="32 35" t="1"/>
		<b id="27" c="27 28" t="1"/>
		<b id="28" c="27 29" t="1"/>
		<b id="29" c="27 30" t="1"/>
		<b id="30" c="22 23" t="1"/>
		<b id="31" c="22 24" t="1"/>
		<b id="32" c="22 25" t="1"/>
		<b id="33" c="16 17" t="1"/>
		<b id="34" c="16 18" t="1"/>
		<b id="35" c="13 14" t="1"/>
		<b id="36" c="13 15" t="1"/>
		<b id="37" c="9 10" t="1"/>
		<b id="38" c="9 11" t="1"/>
		<b id="39" c="9 12" t="1"/>
		<b id="40" c="6 7" t="1"/>
		<b id="41" c="3 4" t="1"/>
		<b id="42" c="3 5" t="1"/>
		<b id="43" c="2 1" t="1"/>
		<b id="44" c="43 44" t="1"/>
		<b id="45" c="43 45" t="1"/>
		<b id="46" c="43 46" t="1"/>
	</bonds>
	<geometry>
		<g u="A" t="cart/3d">#46,3:6.1915,0.2152,-1.5679;6.4876,0.8466,-0.8897;5.7168,0.5825,0.2714;6.0619,-0.3536,0.7141;5.9040,1.3799,0.9971;4.2736,0.5788,-0.1162;3.9144,1.5564,-0.4387;3.4018,-0.4499,-0.0941;3.7463,-1.8615,0.2995;3.3833,-2.5643,-0.4582;3.2808,-2.1154,1.2567;4.8208,-2.0326,0.3946;1.9594,-0.2369,-0.5232;1.8598,0.7212,-1.0503;1.6925,-1.0021,-1.2636;0.9839,-0.2715,0.6608;1.2916,0.4470,1.4297;1.0319,-1.2424,1.1674;-0.4431,0.0027,0.2197;-1.2245,-1.0484,-0.3066;-0.6713,-2.3083,-0.3607;-1.0993,-3.0822,0.7632;-2.1552,-3.3560,0.6752;-0.5114,-4.0049,0.7744;-0.9252,-2.5587,1.7099;-2.5056,-0.8291,-0.8491;-3.2579,-1.9519,-1.5178;-2.5961,-2.7689,-1.8216;-3.7452,-1.6059,-2.4350;-4.0147,-2.3531,-0.8367;-3.0810,0.4549,-0.7377;-4.4556,0.7248,-1.2972;-4.8567,1.6963,-0.9960;-4.4220,0.7088,-2.3914;-5.1671,-0.0286,-0.9436;-2.3287,1.4894,-0.1464;-2.8914,2.7417,-0.0457;-3.5051,2.8987,1.2365;-4.2712,2.1355,1.4122;-3.9929,3.8779,1.2542;-2.7613,2.8771,2.0397;-0.9954,1.3013,0.2726;-0.1902,2.4679,0.7876;0.8170,2.4676,0.3595;-0.6295,3.4316,0.5122;-0.1217,2.4224,1.8789;</g>
	</geometry>
	<conformers/>
	<properties/>
</molecule>
