<?xml version="1.0" ?>
<!--MOLLI PACKAGE EXPERIMENTAL XML FORMAT-->
<molecule name="react_423">
	<atoms>
		<a id="1" s="H" t="H" l="H"/>
		<a id="2" s="O" t="O.3" l="O"/>
		<a id="3" s="C" t="C.3" l="C"/>
		<a id="4" s="H" t="H" l="H"/>
		<a id="5" s="H" t="H" l="H"/>
		<a id="6" s="C" t="C.2" l="C"/>
		<a id="7" s="H" t="H" l="H"/>
		<a id="8" s="C" t="C.2" l="C"/>
		<a id="9" s="C" t="C.3" l="C"/>
		<a id="10" s="H" t="H" l="H"/>
		<a id="11" s="H" t="H" l="H"/>
		<a id="12" s="H" t="H" l="H"/>
		<a id="13" s="C" t="C.3" l="C"/>
		<a id="14" s="H" t="H" l="H"/>
		<a id="15" s="H" t="H" l="H"/>
		<a id="16" s="C" t="C.3" l="C"/>
		<a id="17" s="H" t="H" l="H"/>
		<a id="18" s="H" t="H" l="H"/>
		<a id="19" s="C" t="C.3" l="C"/>
		<a id="20" s="H" t="H" l="H"/>
		<a id="21" s="H" t="H" l="H"/>
		<a id="22" s="C" t="C.ar" l="C"/>
		<a id="23" s="C" t="C.ar" l="C"/>
		<a id="24" s="O" t="O.3" l="O"/>
		<a id="25" s="C" t="C.3" l="C"/>
		<a id="26" s="H" t="H" l="H"/>
		<a id="27" s="H" t="H" l="H"/>
		<a id="28" s="H" t="H" l="H"/>
		<a id="29" s="C" t="C.ar" l="C"/>
		<a id="30" s="C" t="C.3" l="C"/>
		<a id="31" s="H" t="H" l="H"/>
		<a id="32" s="H" t="H" l="H"/>
		<a id="33" s="H" t="H" l="H"/>
		<a id="34" s="C" t="C.ar" l="C"/>
		<a id="35" s="C" t="C.3" l="C"/>
		<a id="36" s="H" t="H" l="H"/>
		<a id="37" s="H" t="H" l="H"/>
		<a id="38" s="H" t="H" l="H"/>
		<a id="39" s="C" t="C.ar" l="C"/>
		<a id="40" s="O" t="O.3" l="O"/>
		<a id="41" s="C" t="C.3" l="C"/>
		<a id="42" s="H" t="H" l="H"/>
		<a id="43" s="H" t="H" l="H"/>
		<a id="44" s="H" t="H" l="H"/>
		<a id="45" s="C" t="C.ar" l="C"/>
		<a id="46" s="C" t="C.3" l="C"/>
		<a id="47" s="H" t="H" l="H"/>
		<a id="48" s="H" t="H" l="H"/>
		<a id="49" s="H" t="H" l="H"/>
	</atoms>
	<bonds>
		<b id="1" c="41 40" t="1"/>
		<b id="2" c="40 39" t="1"/>
		<b id="3" c="39 34" t="ar"/>
		<b id="4" c="34 35" t="1"/>
		<b id="5" c="34 29" t="ar"/>
		<b id="6" c="29 30" t="1"/>
		<b id="7" c="29 23" t="ar"/>
		<b id="8" c="23 24" t="1"/>
		<b id="9" c="24 25" t="1"/>
		<b id="10" c="23 22" t="ar"/>
		<b id="11" c="22 19" t="1"/>
		<b id="12" c="19 16" t="1"/>
		<b id="13" c="16 13" t="1"/>
		<b id="14" c="13 8" t="1"/>
		<b id="15" c="8 9" t="1"/>
		<b id="16" c="8 6" t="2"/>
		<b id="17" c="6 3" t="1"/>
		<b id="18" c="3 2" t="1"/>
		<b id="19" c="22 45" t="ar"/>
		<b id="20" c="45 46" t="1"/>
		<b id="21" c="45 39" t="ar"/>
		<b id="22" c="41 42" t="1"/>
		<b id="23" c="41 43" t="1"/>
		<b id="24" c="41 44" t="1"/>
		<b id="25" c="35 36" t="1"/>
		<b id="26" c="35 37" t="1"/>
		<b id="27" c="35 38" t="1"/>
		<b id="28" c="30 31" t="1"/>
		<b id="29" c="30 32" t="1"/>
		<b id="30" c="30 33" t="1"/>
		<b id="31" c="25 26" t="1"/>
		<b id="32" c="25 27" t="1"/>
		<b id="33" c="25 28" t="1"/>
		<b id="34" c="19 20" t="1"/>
		<b id="35" c="19 21" t="1"/>
		<b id="36" c="16 17" t="1"/>
		<b id="37" c="16 18" t="1"/>
		<b id="38" c="13 14" t="1"/>
		<b id="39" c="13 15" t="1"/>
		<b id="40" c="9 10" t="1"/>
		<b id="41" c="9 11" t="1"/>
		<b id="42" c="9 12" t="1"/>
		<b id="43" c="6 7" t="1"/>
		<b id="44" c="3 4" t="1"/>
		<b id="45" c="3 5" t="1"/>
		<b id="46" c="2 1" t="1"/>
		<b id="47" c="46 47" t="1"/>
		<b id="48" c="46 48" t="1"/>
		<b id="49" c="46 49" t="1"/>
	</bonds>
	<geometry>
		<g u="A" t="cart/3d">#49,3:4.9113,1.0735,-2.3546;5.7723,0.6304,-2.2598;6.0745,0.5509,-0.8762;6.6075,-0.3828,-0.6829;6.7594,1.3677,-0.6275;4.8191,0.6937,-0.0728;4.5275,1.7269,0.1096;4.0576,-0.2892,0.4476;4.3291,-1.7592,0.2693;4.5762,-2.2134,1.2332;3.4480,-2.2660,-0.1338;5.1525,-1.9671,-0.4186;2.8405,0.0477,1.2874;2.9238,1.0717,1.6755;2.8197,-0.6058,2.1692;1.5329,-0.0848,0.5000;1.5696,0.5613,-0.3861;1.4247,-1.1090,0.1271;0.3279,0.2794,1.3735;0.4571,1.2811,1.8005;0.2882,-0.3836,2.2469;-0.9855,0.2113,0.6159;-1.7202,-0.9948,0.5926;-1.1984,-2.0779,1.2629;-0.6382,-3.0263,0.3516;-0.3617,-2.5898,-0.6157;0.2655,-3.4385,0.8112;-1.3423,-3.8493,0.1966;-2.9790,-1.0947,-0.0339;-3.7736,-2.3728,0.0441;-3.5841,-2.9878,-0.8413;-4.8468,-2.1683,0.1166;-3.5239,-2.9517,0.9388;-3.4705,0.0152,-0.7516;-4.7693,-0.0682,-1.5125;-5.6129,0.0673,-0.8292;-4.8326,0.6891,-2.3002;-4.8655,-1.0340,-2.0196;-2.7492,1.2248,-0.7110;-3.2635,2.3259,-1.3587;-4.0926,3.0763,-0.4675;-4.4673,3.9459,-1.0158;-3.5269,3.4406,0.3970;-4.9551,2.4899,-0.1336;-1.4959,1.3329,-0.0743;-0.7540,2.6455,-0.0938;-0.9229,3.1831,0.8448;0.3194,2.4954,-0.2339;-1.0727,3.2874,-0.9208;</g>
	</geometry>
	<conformers/>
	<properties/>
</molecule>
