<?xml version="1.0" ?>
<!--MOLLI PACKAGE EXPERIMENTAL XML FORMAT-->
<molecule name="react_425">
	<atoms>
		<a id="1" s="H" t="H" l="H"/>
		<a id="2" s="C" t="C.2" l="C"/>
		<a id="3" s="C" t="C.2" l="C"/>
		<a id="4" s="O" t="O.2" l="O"/>
		<a id="5" s="O" t="O.3" l="O"/>
		<a id="6" s="C" t="C.3" l="C"/>
		<a id="7" s="H" t="H" l="H"/>
		<a id="8" s="H" t="H" l="H"/>
		<a id="9" s="H" t="H" l="H"/>
		<a id="10" s="C" t="C.2" l="C"/>
		<a id="11" s="C" t="C.2" l="C"/>
		<a id="12" s="O" t="O.2" l="O"/>
		<a id="13" s="O" t="O.3" l="O"/>
		<a id="14" s="C" t="C.3" l="C"/>
		<a id="15" s="H" t="H" l="H"/>
		<a id="16" s="H" t="H" l="H"/>
		<a id="17" s="H" t="H" l="H"/>
		<a id="18" s="C" t="C.3" l="C"/>
		<a id="19" s="H" t="H" l="H"/>
		<a id="20" s="H" t="H" l="H"/>
		<a id="21" s="C" t="C.ar" l="C"/>
		<a id="22" s="C" t="C.ar" l="C"/>
		<a id="23" s="H" t="H" l="H"/>
		<a id="24" s="C" t="C.ar" l="C"/>
		<a id="25" s="H" t="H" l="H"/>
		<a id="26" s="C" t="C.ar" l="C"/>
		<a id="27" s="O" t="O.3" l="O"/>
		<a id="28" s="Si" t="Si" l="SI"/>
		<a id="29" s="C" t="C.3" l="C"/>
		<a id="30" s="H" t="H" l="H"/>
		<a id="31" s="H" t="H" l="H"/>
		<a id="32" s="H" t="H" l="H"/>
		<a id="33" s="C" t="C.3" l="C"/>
		<a id="34" s="H" t="H" l="H"/>
		<a id="35" s="H" t="H" l="H"/>
		<a id="36" s="H" t="H" l="H"/>
		<a id="37" s="C" t="C.3" l="C"/>
		<a id="38" s="C" t="C.3" l="C"/>
		<a id="39" s="H" t="H" l="H"/>
		<a id="40" s="H" t="H" l="H"/>
		<a id="41" s="H" t="H" l="H"/>
		<a id="42" s="C" t="C.3" l="C"/>
		<a id="43" s="H" t="H" l="H"/>
		<a id="44" s="H" t="H" l="H"/>
		<a id="45" s="H" t="H" l="H"/>
		<a id="46" s="C" t="C.3" l="C"/>
		<a id="47" s="H" t="H" l="H"/>
		<a id="48" s="H" t="H" l="H"/>
		<a id="49" s="H" t="H" l="H"/>
		<a id="50" s="C" t="C.ar" l="C"/>
		<a id="51" s="H" t="H" l="H"/>
		<a id="52" s="C" t="C.ar" l="C"/>
		<a id="53" s="H" t="H" l="H"/>
	</atoms>
	<bonds>
		<b id="1" c="6 5" t="1"/>
		<b id="2" c="5 3" t="1"/>
		<b id="3" c="3 4" t="2"/>
		<b id="4" c="3 2" t="1"/>
		<b id="5" c="2 10" t="2"/>
		<b id="6" c="10 18" t="1"/>
		<b id="7" c="18 21" t="1"/>
		<b id="8" c="21 22" t="ar"/>
		<b id="9" c="22 24" t="ar"/>
		<b id="10" c="24 26" t="ar"/>
		<b id="11" c="26 27" t="1"/>
		<b id="12" c="27 28" t="1"/>
		<b id="13" c="28 29" t="1"/>
		<b id="14" c="28 33" t="1"/>
		<b id="15" c="28 37" t="1"/>
		<b id="16" c="37 38" t="1"/>
		<b id="17" c="37 42" t="1"/>
		<b id="18" c="37 46" t="1"/>
		<b id="19" c="26 50" t="ar"/>
		<b id="20" c="50 52" t="ar"/>
		<b id="21" c="10 11" t="1"/>
		<b id="22" c="11 12" t="2"/>
		<b id="23" c="11 13" t="1"/>
		<b id="24" c="13 14" t="1"/>
		<b id="25" c="52 21" t="ar"/>
		<b id="26" c="6 7" t="1"/>
		<b id="27" c="6 8" t="1"/>
		<b id="28" c="6 9" t="1"/>
		<b id="29" c="2 1" t="1"/>
		<b id="30" c="18 19" t="1"/>
		<b id="31" c="18 20" t="1"/>
		<b id="32" c="22 23" t="1"/>
		<b id="33" c="24 25" t="1"/>
		<b id="34" c="29 30" t="1"/>
		<b id="35" c="29 31" t="1"/>
		<b id="36" c="29 32" t="1"/>
		<b id="37" c="33 34" t="1"/>
		<b id="38" c="33 35" t="1"/>
		<b id="39" c="33 36" t="1"/>
		<b id="40" c="38 39" t="1"/>
		<b id="41" c="38 40" t="1"/>
		<b id="42" c="38 41" t="1"/>
		<b id="43" c="42 43" t="1"/>
		<b id="44" c="42 44" t="1"/>
		<b id="45" c="42 45" t="1"/>
		<b id="46" c="46 47" t="1"/>
		<b id="47" c="46 48" t="1"/>
		<b id="48" c="46 49" t="1"/>
		<b id="49" c="50 51" t="1"/>
		<b id="50" c="52 53" t="1"/>
		<b id="51" c="14 15" t="1"/>
		<b id="52" c="14 16" t="1"/>
		<b id="53" c="14 17" t="1"/>
	</bonds>
	<geometry>
		<g u="A" t="cart/3d">#53,3:4.5832,1.2576,-2.3892;4.7627,0.5310,-1.6037;5.7149,-0.5236,-2.0004;5.7273,-1.0068,-3.1221;6.6100,-0.7497,-1.0097;7.5612,-1.7699,-1.3164;8.1321,-1.5130,-2.2148;7.0580,-2.7338,-1.4359;8.2591,-1.8444,-0.4779;4.1279,0.6225,-0.4204;4.2868,-0.4456,0.5960;4.2456,-1.6407,0.3504;4.4816,0.1168,1.8154;4.6441,-0.8382,2.8638;4.7611,-0.2933,3.8048;5.5426,-1.4417,2.6970;3.7581,-1.4765,2.9434;3.2110,1.7673,-0.0842;3.5383,2.2569,0.8420;3.2839,2.5547,-0.8476;1.7596,1.3628,0.0322;1.1906,1.1035,1.2851;1.7823,1.1977,2.1927;-0.1479,0.7191,1.3861;-0.5805,0.5204,2.3625;-0.9355,0.5911,0.2430;-2.2327,0.2195,0.4573;-3.5719,0.0404,-0.5207;-4.0451,1.6401,-1.3822;-3.2511,1.9660,-2.0604;-4.9578,1.5114,-1.9699;-4.2131,2.4364,-0.6520;-3.3812,-1.3451,-1.7693;-3.1346,-2.2876,-1.2704;-4.3060,-1.4865,-2.3356;-2.5821,-1.1195,-2.4813;-5.1775,-0.4741,0.7166;-5.3440,0.6306,1.7814;-5.5735,1.5988,1.3238;-6.1630,0.3877,2.4683;-4.4334,0.7486,2.3814;-6.4567,-0.5997,-0.1317;-6.3573,-1.3773,-0.8962;-6.6996,0.3404,-0.6387;-7.3136,-0.8651,0.4987;-4.8543,-1.8188,1.3999;-3.9283,-1.7635,1.9847;-4.7357,-2.6244,0.6665;-5.6606,-2.1106,2.0827;-0.3768,0.8374,-1.0095;-0.9570,0.7373,-1.9201;0.9653,1.2174,-1.1143;1.3836,1.4004,-2.1008;</g>
	</geometry>
	<conformers/>
	<properties/>
</molecule>
