<?xml version="1.0" ?>
<!--MOLLI PACKAGE EXPERIMENTAL XML FORMAT-->
<molecule name="react_430">
	<atoms>
		<a id="1" s="H" t="H" l="H"/>
		<a id="2" s="C" t="C.2" l="C"/>
		<a id="3" s="H" t="H" l="H"/>
		<a id="4" s="C" t="C.2" l="C"/>
		<a id="5" s="H" t="H" l="H"/>
		<a id="6" s="C" t="C.3" l="C"/>
		<a id="7" s="H" t="H" l="H"/>
		<a id="8" s="H" t="H" l="H"/>
		<a id="9" s="O" t="O.3" l="O"/>
		<a id="10" s="C" t="C.3" l="C"/>
		<a id="11" s="H" t="H" l="H"/>
		<a id="12" s="H" t="H" l="H"/>
		<a id="13" s="C" t="C.ar" l="C"/>
		<a id="14" s="C" t="C.ar" l="C"/>
		<a id="15" s="H" t="H" l="H"/>
		<a id="16" s="C" t="C.ar" l="C"/>
		<a id="17" s="H" t="H" l="H"/>
		<a id="18" s="C" t="C.ar" l="C"/>
		<a id="19" s="H" t="H" l="H"/>
		<a id="20" s="C" t="C.ar" l="C"/>
		<a id="21" s="H" t="H" l="H"/>
		<a id="22" s="C" t="C.ar" l="C"/>
		<a id="23" s="H" t="H" l="H"/>
	</atoms>
	<bonds>
		<b id="1" c="3 2" t="1"/>
		<b id="2" c="2 4" t="2"/>
		<b id="3" c="4 6" t="1"/>
		<b id="4" c="6 9" t="1"/>
		<b id="5" c="9 10" t="1"/>
		<b id="6" c="10 13" t="1"/>
		<b id="7" c="13 14" t="ar"/>
		<b id="8" c="14 16" t="ar"/>
		<b id="9" c="16 18" t="ar"/>
		<b id="10" c="18 20" t="ar"/>
		<b id="11" c="20 22" t="ar"/>
		<b id="12" c="22 13" t="ar"/>
		<b id="13" c="2 1" t="1"/>
		<b id="14" c="4 5" t="1"/>
		<b id="15" c="6 7" t="1"/>
		<b id="16" c="6 8" t="1"/>
		<b id="17" c="10 11" t="1"/>
		<b id="18" c="10 12" t="1"/>
		<b id="19" c="14 15" t="1"/>
		<b id="20" c="16 17" t="1"/>
		<b id="21" c="18 19" t="1"/>
		<b id="22" c="20 21" t="1"/>
		<b id="23" c="22 23" t="1"/>
	</bonds>
	<geometry>
		<g u="A" t="cart/3d">#23,3:-4.7233,-1.1026,0.7794;-4.3828,-0.1200,0.4677;-5.0058,0.7312,0.7245;-3.2308,0.0497,-0.1950;-2.9331,1.0569,-0.4741;-2.3029,-1.0604,-0.5831;-2.6617,-2.0180,-0.1908;-2.2442,-1.1537,-1.6737;-1.0223,-0.8242,-0.0073;-0.1323,-0.1528,-0.8983;0.0516,-0.7819,-1.7772;-0.5885,0.7904,-1.2204;1.1882,0.1267,-0.2216;1.7271,-0.7593,0.7225;1.1732,-1.6506,1.0108;2.9686,-0.5072,1.3093;3.3688,-1.1982,2.0463;3.6919,0.6283,0.9512;4.6576,0.8243,1.4091;3.1758,1.5106,0.0045;3.7411,2.3948,-0.2779;1.9338,1.2593,-0.5825;1.5500,1.9568,-1.3235;</g>
	</geometry>
	<conformers/>
	<properties/>
</molecule>
