<?xml version="1.0" ?>
<!--MOLLI PACKAGE EXPERIMENTAL XML FORMAT-->
<molecule name="react_433">
	<atoms>
		<a id="1" s="H" t="H" l="H"/>
		<a id="2" s="C" t="C.2" l="C"/>
		<a id="3" s="C" t="C.2" l="C"/>
		<a id="4" s="H" t="H" l="H"/>
		<a id="5" s="C" t="C.3" l="C"/>
		<a id="6" s="H" t="H" l="H"/>
		<a id="7" s="H" t="H" l="H"/>
		<a id="8" s="C" t="C.3" l="C"/>
		<a id="9" s="H" t="H" l="H"/>
		<a id="10" s="H" t="H" l="H"/>
		<a id="11" s="O" t="O.3" l="O"/>
		<a id="12" s="C" t="C.3" l="C"/>
		<a id="13" s="H" t="H" l="H"/>
		<a id="14" s="H" t="H" l="H"/>
		<a id="15" s="H" t="H" l="H"/>
		<a id="16" s="C" t="C.ar" l="C"/>
		<a id="17" s="C" t="C.ar" l="C"/>
		<a id="18" s="H" t="H" l="H"/>
		<a id="19" s="C" t="C.ar" l="C"/>
		<a id="20" s="H" t="H" l="H"/>
		<a id="21" s="C" t="C.ar" l="C"/>
		<a id="22" s="H" t="H" l="H"/>
		<a id="23" s="C" t="C.ar" l="C"/>
		<a id="24" s="H" t="H" l="H"/>
		<a id="25" s="C" t="C.ar" l="C"/>
		<a id="26" s="H" t="H" l="H"/>
	</atoms>
	<bonds>
		<b id="1" c="12 11" t="1"/>
		<b id="2" c="11 8" t="1"/>
		<b id="3" c="8 5" t="1"/>
		<b id="4" c="5 3" t="1"/>
		<b id="5" c="3 2" t="2"/>
		<b id="6" c="2 16" t="1"/>
		<b id="7" c="16 17" t="ar"/>
		<b id="8" c="17 19" t="ar"/>
		<b id="9" c="19 21" t="ar"/>
		<b id="10" c="21 23" t="ar"/>
		<b id="11" c="23 25" t="ar"/>
		<b id="12" c="25 16" t="ar"/>
		<b id="13" c="12 13" t="1"/>
		<b id="14" c="12 14" t="1"/>
		<b id="15" c="12 15" t="1"/>
		<b id="16" c="8 9" t="1"/>
		<b id="17" c="8 10" t="1"/>
		<b id="18" c="5 6" t="1"/>
		<b id="19" c="5 7" t="1"/>
		<b id="20" c="3 4" t="1"/>
		<b id="21" c="2 1" t="1"/>
		<b id="22" c="17 18" t="1"/>
		<b id="23" c="19 20" t="1"/>
		<b id="24" c="21 22" t="1"/>
		<b id="25" c="23 24" t="1"/>
		<b id="26" c="25 26" t="1"/>
	</bonds>
	<geometry>
		<g u="A" t="cart/3d">#26,3:0.0472,1.5692,-0.1223;-0.3889,0.5767,-0.2118;0.3566,-0.4503,-0.6505;-0.0851,-1.4367,-0.7769;1.8060,-0.3253,-1.0283;2.1281,0.7216,-0.9920;1.9312,-0.6366,-2.0725;2.7045,-1.1807,-0.1319;2.6541,-0.8599,0.9159;2.3664,-2.2229,-0.1647;4.0585,-1.1806,-0.5887;4.7814,-0.0222,-0.1943;5.8141,-0.1318,-0.5367;4.3623,0.8772,-0.6528;4.7869,0.0760,0.8955;-1.8102,0.4718,0.1471;-2.3368,-0.6489,0.8028;-1.6998,-1.4925,1.0561;-3.6882,-0.6971,1.1555;-4.0852,-1.5735,1.6610;-4.5246,0.3786,0.8654;-5.5755,0.3408,1.1400;-4.0098,1.5050,0.2275;-4.6589,2.3475,0.0036;-2.6584,1.5533,-0.1244;-2.2759,2.4414,-0.6224;</g>
	</geometry>
	<conformers/>
	<properties/>
</molecule>
