<?xml version="1.0" ?>
<!--MOLLI PACKAGE EXPERIMENTAL XML FORMAT-->
<molecule name="react_435">
	<atoms>
		<a id="1" s="H" t="H" l="H"/>
		<a id="2" s="C" t="C.2" l="C"/>
		<a id="3" s="C" t="C.2" l="C"/>
		<a id="4" s="C" t="C.3" l="C"/>
		<a id="5" s="H" t="H" l="H"/>
		<a id="6" s="H" t="H" l="H"/>
		<a id="7" s="H" t="H" l="H"/>
		<a id="8" s="C" t="C.3" l="C"/>
		<a id="9" s="H" t="H" l="H"/>
		<a id="10" s="H" t="H" l="H"/>
		<a id="11" s="H" t="H" l="H"/>
		<a id="12" s="C" t="C.3" l="C"/>
		<a id="13" s="H" t="H" l="H"/>
		<a id="14" s="H" t="H" l="H"/>
		<a id="15" s="C" t="C.ar" l="C"/>
		<a id="16" s="C" t="C.ar" l="C"/>
		<a id="17" s="H" t="H" l="H"/>
		<a id="18" s="C" t="C.ar" l="C"/>
		<a id="19" s="H" t="H" l="H"/>
		<a id="20" s="C" t="C.ar" l="C"/>
		<a id="21" s="O" t="O.3" l="O"/>
		<a id="22" s="C" t="C.2" l="C"/>
		<a id="23" s="O" t="O.2" l="O"/>
		<a id="24" s="O" t="O.3" l="O"/>
		<a id="25" s="C" t="C.3" l="C"/>
		<a id="26" s="C" t="C.3" l="C"/>
		<a id="27" s="H" t="H" l="H"/>
		<a id="28" s="H" t="H" l="H"/>
		<a id="29" s="H" t="H" l="H"/>
		<a id="30" s="C" t="C.3" l="C"/>
		<a id="31" s="H" t="H" l="H"/>
		<a id="32" s="H" t="H" l="H"/>
		<a id="33" s="H" t="H" l="H"/>
		<a id="34" s="C" t="C.3" l="C"/>
		<a id="35" s="H" t="H" l="H"/>
		<a id="36" s="H" t="H" l="H"/>
		<a id="37" s="H" t="H" l="H"/>
		<a id="38" s="C" t="C.ar" l="C"/>
		<a id="39" s="H" t="H" l="H"/>
		<a id="40" s="C" t="C.ar" l="C"/>
		<a id="41" s="O" t="O.3" l="O"/>
		<a id="42" s="C" t="C.3" l="C"/>
		<a id="43" s="H" t="H" l="H"/>
		<a id="44" s="H" t="H" l="H"/>
		<a id="45" s="C" t="C.ar" l="C"/>
		<a id="46" s="C" t="C.ar" l="C"/>
		<a id="47" s="H" t="H" l="H"/>
		<a id="48" s="C" t="C.ar" l="C"/>
		<a id="49" s="H" t="H" l="H"/>
		<a id="50" s="C" t="C.ar" l="C"/>
		<a id="51" s="H" t="H" l="H"/>
		<a id="52" s="C" t="C.ar" l="C"/>
		<a id="53" s="H" t="H" l="H"/>
		<a id="54" s="C" t="C.ar" l="C"/>
		<a id="55" s="H" t="H" l="H"/>
	</atoms>
	<bonds>
		<b id="1" c="4 3" t="1"/>
		<b id="2" c="3 8" t="1"/>
		<b id="3" c="3 2" t="2"/>
		<b id="4" c="2 12" t="1"/>
		<b id="5" c="12 15" t="1"/>
		<b id="6" c="15 16" t="ar"/>
		<b id="7" c="16 18" t="ar"/>
		<b id="8" c="18 20" t="ar"/>
		<b id="9" c="20 21" t="1"/>
		<b id="10" c="21 22" t="1"/>
		<b id="11" c="22 23" t="2"/>
		<b id="12" c="22 24" t="1"/>
		<b id="13" c="24 25" t="1"/>
		<b id="14" c="25 26" t="1"/>
		<b id="15" c="25 30" t="1"/>
		<b id="16" c="25 34" t="1"/>
		<b id="17" c="20 38" t="ar"/>
		<b id="18" c="38 40" t="ar"/>
		<b id="19" c="40 41" t="1"/>
		<b id="20" c="41 42" t="1"/>
		<b id="21" c="42 45" t="1"/>
		<b id="22" c="45 46" t="ar"/>
		<b id="23" c="46 48" t="ar"/>
		<b id="24" c="48 50" t="ar"/>
		<b id="25" c="50 52" t="ar"/>
		<b id="26" c="52 54" t="ar"/>
		<b id="27" c="40 15" t="ar"/>
		<b id="28" c="54 45" t="ar"/>
		<b id="29" c="4 5" t="1"/>
		<b id="30" c="4 6" t="1"/>
		<b id="31" c="4 7" t="1"/>
		<b id="32" c="8 9" t="1"/>
		<b id="33" c="8 10" t="1"/>
		<b id="34" c="8 11" t="1"/>
		<b id="35" c="2 1" t="1"/>
		<b id="36" c="12 13" t="1"/>
		<b id="37" c="12 14" t="1"/>
		<b id="38" c="16 17" t="1"/>
		<b id="39" c="18 19" t="1"/>
		<b id="40" c="26 27" t="1"/>
		<b id="41" c="26 28" t="1"/>
		<b id="42" c="26 29" t="1"/>
		<b id="43" c="30 31" t="1"/>
		<b id="44" c="30 32" t="1"/>
		<b id="45" c="30 33" t="1"/>
		<b id="46" c="34 35" t="1"/>
		<b id="47" c="34 36" t="1"/>
		<b id="48" c="34 37" t="1"/>
		<b id="49" c="38 39" t="1"/>
		<b id="50" c="42 43" t="1"/>
		<b id="51" c="42 44" t="1"/>
		<b id="52" c="46 47" t="1"/>
		<b id="53" c="48 49" t="1"/>
		<b id="54" c="50 51" t="1"/>
		<b id="55" c="52 53" t="1"/>
		<b id="56" c="54 55" t="1"/>
	</bonds>
	<geometry>
		<g u="A" t="cart/3d">#55,3:-3.0842,2.5226,-1.0423;-3.0936,3.1559,-0.1549;-3.1574,4.4911,-0.3272;-3.1813,5.5129,0.7752;-3.2281,5.0765,1.7746;-2.2828,6.1377,0.7275;-4.0600,6.1611,0.6687;-3.2054,5.0795,-1.7138;-3.1975,4.3100,-2.4933;-4.1167,5.6726,-1.8436;-2.3395,5.7293,-1.8790;-3.0363,2.3755,1.1311;-3.2013,3.0053,2.0104;-3.8689,1.6620,1.1469;-1.7201,1.6462,1.2934;-0.6379,2.3102,1.9013;-0.7561,3.3320,2.2566;0.5914,1.6711,2.0606;1.4173,2.1844,2.5442;0.7408,0.3669,1.6007;1.9555,-0.2837,1.8302;2.7164,-0.4711,0.6876;2.4445,-0.0871,-0.4405;3.8253,-1.1666,1.0466;4.8222,-1.5339,0.0614;5.8852,-2.3125,0.8540;6.3018,-1.6971,1.6590;5.4448,-3.1937,1.3348;6.7075,-2.6446,0.2135;5.4789,-0.2926,-0.5540;4.7869,0.2569,-1.2008;5.8012,0.4054,0.2258;6.3490,-0.5623,-1.1615;4.2368,-2.4614,-1.0110;3.5249,-1.9409,-1.6596;3.6920,-3.2942,-0.5531;5.0230,-2.8700,-1.6532;-0.3165,-0.3184,1.0048;-0.1825,-1.3527,0.7091;-1.5371,0.3346,0.8184;-2.6114,-0.2931,0.2418;-2.3228,-0.9226,-1.0162;-3.1831,-0.7343,-1.6692;-1.4546,-0.4615,-1.5054;-2.1621,-2.4205,-0.8914;-1.2536,-3.0977,-1.7180;-0.6471,-2.5464,-2.4329;-1.1082,-4.4829,-1.6261;-0.3967,-4.9958,-2.2666;-1.8748,-5.2064,-0.7153;-1.7611,-6.2845,-0.6429;-2.7889,-4.5458,0.1035;-3.3881,-5.1072,0.8164;-2.9363,-3.1612,0.0138;-3.6533,-2.6572,0.6594;</g>
	</geometry>
	<conformers/>
	<properties/>
</molecule>
