<?xml version="1.0" ?>
<!--MOLLI PACKAGE EXPERIMENTAL XML FORMAT-->
<molecule name="react_436">
	<atoms>
		<a id="1" s="H" t="H" l="H"/>
		<a id="2" s="C" t="C.2" l="C"/>
		<a id="3" s="C" t="C.2" l="C"/>
		<a id="4" s="C" t="C.3" l="C"/>
		<a id="5" s="H" t="H" l="H"/>
		<a id="6" s="H" t="H" l="H"/>
		<a id="7" s="H" t="H" l="H"/>
		<a id="8" s="C" t="C.3" l="C"/>
		<a id="9" s="H" t="H" l="H"/>
		<a id="10" s="H" t="H" l="H"/>
		<a id="11" s="H" t="H" l="H"/>
		<a id="12" s="C" t="C.3" l="C"/>
		<a id="13" s="H" t="H" l="H"/>
		<a id="14" s="H" t="H" l="H"/>
		<a id="15" s="C" t="C.ar" l="C"/>
		<a id="16" s="C" t="C.ar" l="C"/>
		<a id="17" s="O" t="O.3" l="O"/>
		<a id="18" s="C" t="C.3" l="C"/>
		<a id="19" s="H" t="H" l="H"/>
		<a id="20" s="H" t="H" l="H"/>
		<a id="21" s="C" t="C.ar" l="C"/>
		<a id="22" s="C" t="C.ar" l="C"/>
		<a id="23" s="H" t="H" l="H"/>
		<a id="24" s="C" t="C.ar" l="C"/>
		<a id="25" s="H" t="H" l="H"/>
		<a id="26" s="C" t="C.ar" l="C"/>
		<a id="27" s="H" t="H" l="H"/>
		<a id="28" s="C" t="C.ar" l="C"/>
		<a id="29" s="H" t="H" l="H"/>
		<a id="30" s="C" t="C.ar" l="C"/>
		<a id="31" s="H" t="H" l="H"/>
		<a id="32" s="C" t="C.ar" l="C"/>
		<a id="33" s="H" t="H" l="H"/>
		<a id="34" s="C" t="C.ar" l="C"/>
		<a id="35" s="C" t="C.3" l="C"/>
		<a id="36" s="H" t="H" l="H"/>
		<a id="37" s="H" t="H" l="H"/>
		<a id="38" s="H" t="H" l="H"/>
		<a id="39" s="C" t="C.ar" l="C"/>
		<a id="40" s="C" t="C.2" l="C"/>
		<a id="41" s="O" t="O.2" l="O"/>
		<a id="42" s="O" t="O.3" l="O"/>
		<a id="43" s="C" t="C.3" l="C"/>
		<a id="44" s="H" t="H" l="H"/>
		<a id="45" s="H" t="H" l="H"/>
		<a id="46" s="H" t="H" l="H"/>
		<a id="47" s="C" t="C.ar" l="C"/>
		<a id="48" s="O" t="O.3" l="O"/>
		<a id="49" s="C" t="C.3" l="C"/>
		<a id="50" s="H" t="H" l="H"/>
		<a id="51" s="H" t="H" l="H"/>
		<a id="52" s="O" t="O.3" l="O"/>
		<a id="53" s="C" t="C.3" l="C"/>
		<a id="54" s="H" t="H" l="H"/>
		<a id="55" s="H" t="H" l="H"/>
		<a id="56" s="C" t="C.3" l="C"/>
		<a id="57" s="H" t="H" l="H"/>
		<a id="58" s="H" t="H" l="H"/>
		<a id="59" s="Si" t="Si" l="SI"/>
		<a id="60" s="C" t="C.3" l="C"/>
		<a id="61" s="H" t="H" l="H"/>
		<a id="62" s="H" t="H" l="H"/>
		<a id="63" s="H" t="H" l="H"/>
		<a id="64" s="C" t="C.3" l="C"/>
		<a id="65" s="H" t="H" l="H"/>
		<a id="66" s="H" t="H" l="H"/>
		<a id="67" s="H" t="H" l="H"/>
		<a id="68" s="C" t="C.3" l="C"/>
		<a id="69" s="H" t="H" l="H"/>
		<a id="70" s="H" t="H" l="H"/>
		<a id="71" s="H" t="H" l="H"/>
	</atoms>
	<bonds>
		<b id="1" c="43 42" t="1"/>
		<b id="2" c="42 40" t="1"/>
		<b id="3" c="40 41" t="2"/>
		<b id="4" c="40 39" t="1"/>
		<b id="5" c="39 34" t="ar"/>
		<b id="6" c="34 35" t="1"/>
		<b id="7" c="34 32" t="ar"/>
		<b id="8" c="32 16" t="ar"/>
		<b id="9" c="16 17" t="1"/>
		<b id="10" c="17 18" t="1"/>
		<b id="11" c="18 21" t="1"/>
		<b id="12" c="21 22" t="ar"/>
		<b id="13" c="22 24" t="ar"/>
		<b id="14" c="24 26" t="ar"/>
		<b id="15" c="26 28" t="ar"/>
		<b id="16" c="28 30" t="ar"/>
		<b id="17" c="16 15" t="ar"/>
		<b id="18" c="15 12" t="1"/>
		<b id="19" c="12 2" t="1"/>
		<b id="20" c="2 3" t="2"/>
		<b id="21" c="3 4" t="1"/>
		<b id="22" c="3 8" t="1"/>
		<b id="23" c="15 47" t="ar"/>
		<b id="24" c="47 48" t="1"/>
		<b id="25" c="48 49" t="1"/>
		<b id="26" c="49 52" t="1"/>
		<b id="27" c="52 53" t="1"/>
		<b id="28" c="53 56" t="1"/>
		<b id="29" c="56 59" t="1"/>
		<b id="30" c="59 60" t="1"/>
		<b id="31" c="59 64" t="1"/>
		<b id="32" c="59 68" t="1"/>
		<b id="33" c="47 39" t="ar"/>
		<b id="34" c="30 21" t="ar"/>
		<b id="35" c="43 44" t="1"/>
		<b id="36" c="43 45" t="1"/>
		<b id="37" c="43 46" t="1"/>
		<b id="38" c="35 36" t="1"/>
		<b id="39" c="35 37" t="1"/>
		<b id="40" c="35 38" t="1"/>
		<b id="41" c="32 33" t="1"/>
		<b id="42" c="18 19" t="1"/>
		<b id="43" c="18 20" t="1"/>
		<b id="44" c="22 23" t="1"/>
		<b id="45" c="24 25" t="1"/>
		<b id="46" c="26 27" t="1"/>
		<b id="47" c="28 29" t="1"/>
		<b id="48" c="30 31" t="1"/>
		<b id="49" c="12 13" t="1"/>
		<b id="50" c="12 14" t="1"/>
		<b id="51" c="2 1" t="1"/>
		<b id="52" c="4 5" t="1"/>
		<b id="53" c="4 6" t="1"/>
		<b id="54" c="4 7" t="1"/>
		<b id="55" c="8 9" t="1"/>
		<b id="56" c="8 10" t="1"/>
		<b id="57" c="8 11" t="1"/>
		<b id="58" c="49 50" t="1"/>
		<b id="59" c="49 51" t="1"/>
		<b id="60" c="53 54" t="1"/>
		<b id="61" c="53 55" t="1"/>
		<b id="62" c="56 57" t="1"/>
		<b id="63" c="56 58" t="1"/>
		<b id="64" c="60 61" t="1"/>
		<b id="65" c="60 62" t="1"/>
		<b id="66" c="60 63" t="1"/>
		<b id="67" c="64 65" t="1"/>
		<b id="68" c="64 66" t="1"/>
		<b id="69" c="64 67" t="1"/>
		<b id="70" c="68 69" t="1"/>
		<b id="71" c="68 70" t="1"/>
		<b id="72" c="68 71" t="1"/>
	</bonds>
	<geometry>
		<g u="A" t="cart/3d">#71,3:-0.6268,-2.2613,2.3148;-0.9490,-1.2357,2.5055;-1.7665,-1.0094,3.5535;-2.2259,-2.1515,4.4230;-3.3173,-2.2376,4.3891;-1.9213,-1.9832,5.4612;-1.8061,-3.1121,4.1064;-2.2952,0.3346,3.9728;-3.3902,0.3100,4.0132;-1.9209,0.5923,4.9696;-2.0169,1.1442,3.2963;-0.3634,-0.2412,1.5376;-0.5692,0.7952,1.8210;0.7295,-0.3145,1.5942;-0.8253,-0.4857,0.1150;-1.9777,0.1450,-0.3839;-2.6192,1.0523,0.4212;-4.0194,0.7833,0.5953;-4.2455,0.9297,1.6577;-4.2655,-0.2620,0.3644;-4.8762,1.7459,-0.1955;-6.0642,1.3037,-0.7957;-6.3716,0.2637,-0.7088;-6.8657,2.1899,-1.5188;-7.7808,1.8361,-1.9869;-6.4939,3.5276,-1.6412;-7.1164,4.2166,-2.2076;-5.3247,3.9826,-1.0350;-5.0313,5.0256,-1.1268;-4.5232,3.0986,-0.3109;-3.6132,3.4686,0.1584;-2.4142,-0.0826,-1.6964;-3.2687,0.4675,-2.0836;-1.7570,-1.0019,-2.5235;-2.2541,-1.2426,-3.9207;-2.4341,-2.3099,-4.0869;-1.5240,-0.8781,-4.6497;-3.1997,-0.7221,-4.1054;-0.6264,-1.6631,-2.0170;0.0842,-2.6380,-2.8569;0.8990,-2.3264,-3.7091;-0.3417,-3.8782,-2.5244;0.3092,-4.9226,-3.2463;-0.0118,-5.8784,-2.8228;1.3969,-4.8490,-3.1426;0.0181,-4.8904,-4.3013;-0.1444,-1.3847,-0.7276;0.9660,-2.0344,-0.2459;2.1678,-1.3582,-0.6418;2.0117,-0.2752,-0.7141;2.4914,-1.7485,-1.6119;3.1908,-1.6341,0.3150;4.3751,-0.8735,0.0903;5.2118,-1.4820,0.4534;4.5383,-0.7099,-0.9826;4.3072,0.4349,0.8755;3.4371,1.0185,0.5549;4.1347,0.2081,1.9347;5.8422,1.5434,0.7384;7.3778,0.5723,1.2018;7.2953,0.1784,2.2197;8.2665,1.2103,1.1521;7.5274,-0.2694,0.5190;5.6502,2.9983,1.9103;4.7187,3.5388,1.7135;5.6372,2.6525,2.9504;6.4869,3.6937,1.7966;5.9979,2.1729,-1.0214;6.8585,2.8422,-1.1185;5.1002,2.7276,-1.3133;6.1312,1.3425,-1.7210;</g>
	</geometry>
	<conformers/>
	<properties/>
</molecule>
