<?xml version="1.0" ?>
<!--MOLLI PACKAGE EXPERIMENTAL XML FORMAT-->
<molecule name="react_438">
	<atoms>
		<a id="1" s="H" t="H" l="H"/>
		<a id="2" s="C" t="C.2" l="C"/>
		<a id="3" s="C" t="C.2" l="C"/>
		<a id="4" s="O" t="O.2" l="O"/>
		<a id="5" s="O" t="O.3" l="O"/>
		<a id="6" s="C" t="C.3" l="C"/>
		<a id="7" s="H" t="H" l="H"/>
		<a id="8" s="H" t="H" l="H"/>
		<a id="9" s="C" t="C.3" l="C"/>
		<a id="10" s="H" t="H" l="H"/>
		<a id="11" s="H" t="H" l="H"/>
		<a id="12" s="H" t="H" l="H"/>
		<a id="13" s="C" t="C.2" l="C"/>
		<a id="14" s="H" t="H" l="H"/>
		<a id="15" s="C" t="C.3" l="C"/>
		<a id="16" s="H" t="H" l="H"/>
		<a id="17" s="H" t="H" l="H"/>
		<a id="18" s="C" t="C.3" l="C"/>
		<a id="19" s="H" t="H" l="H"/>
		<a id="20" s="H" t="H" l="H"/>
		<a id="21" s="O" t="O.3" l="O"/>
		<a id="22" s="C" t="C.3" l="C"/>
		<a id="23" s="H" t="H" l="H"/>
		<a id="24" s="H" t="H" l="H"/>
		<a id="25" s="C" t="C.ar" l="C"/>
		<a id="26" s="C" t="C.ar" l="C"/>
		<a id="27" s="H" t="H" l="H"/>
		<a id="28" s="C" t="C.ar" l="C"/>
		<a id="29" s="H" t="H" l="H"/>
		<a id="30" s="C" t="C.ar" l="C"/>
		<a id="31" s="O" t="O.3" l="O"/>
		<a id="32" s="C" t="C.3" l="C"/>
		<a id="33" s="H" t="H" l="H"/>
		<a id="34" s="H" t="H" l="H"/>
		<a id="35" s="H" t="H" l="H"/>
		<a id="36" s="C" t="C.ar" l="C"/>
		<a id="37" s="H" t="H" l="H"/>
		<a id="38" s="C" t="C.ar" l="C"/>
		<a id="39" s="H" t="H" l="H"/>
	</atoms>
	<bonds>
		<b id="1" c="9 6" t="1"/>
		<b id="2" c="6 5" t="1"/>
		<b id="3" c="5 3" t="1"/>
		<b id="4" c="3 4" t="2"/>
		<b id="5" c="3 2" t="1"/>
		<b id="6" c="2 13" t="2"/>
		<b id="7" c="13 15" t="1"/>
		<b id="8" c="15 18" t="1"/>
		<b id="9" c="18 21" t="1"/>
		<b id="10" c="21 22" t="1"/>
		<b id="11" c="22 25" t="1"/>
		<b id="12" c="25 26" t="ar"/>
		<b id="13" c="26 28" t="ar"/>
		<b id="14" c="28 30" t="ar"/>
		<b id="15" c="30 31" t="1"/>
		<b id="16" c="31 32" t="1"/>
		<b id="17" c="30 36" t="ar"/>
		<b id="18" c="36 38" t="ar"/>
		<b id="19" c="38 25" t="ar"/>
		<b id="20" c="9 10" t="1"/>
		<b id="21" c="9 11" t="1"/>
		<b id="22" c="9 12" t="1"/>
		<b id="23" c="6 7" t="1"/>
		<b id="24" c="6 8" t="1"/>
		<b id="25" c="2 1" t="1"/>
		<b id="26" c="13 14" t="1"/>
		<b id="27" c="15 16" t="1"/>
		<b id="28" c="15 17" t="1"/>
		<b id="29" c="18 19" t="1"/>
		<b id="30" c="18 20" t="1"/>
		<b id="31" c="22 23" t="1"/>
		<b id="32" c="22 24" t="1"/>
		<b id="33" c="26 27" t="1"/>
		<b id="34" c="28 29" t="1"/>
		<b id="35" c="32 33" t="1"/>
		<b id="36" c="32 34" t="1"/>
		<b id="37" c="32 35" t="1"/>
		<b id="38" c="36 37" t="1"/>
		<b id="39" c="38 39" t="1"/>
	</bonds>
	<geometry>
		<g u="A" t="cart/3d">#39,3:-3.2706,-1.2369,1.9086;-3.6613,-0.6526,1.0813;-5.1286,-0.7607,0.9190;-5.8119,-1.4475,1.6633;-5.5712,-0.0249,-0.1287;-6.9860,-0.0659,-0.3630;-7.2532,0.8668,-0.8706;-7.5465,-0.0914,0.5786;-7.3354,-1.2466,-1.2494;-6.7691,-1.2053,-2.1856;-7.0779,-2.1928,-0.7630;-8.4038,-1.2535,-1.4830;-2.8499,0.0841,0.3047;-3.2598,0.6690,-0.5164;-1.3639,0.1719,0.5074;-1.1004,1.2199,0.6890;-1.0516,-0.3711,1.4082;-0.5881,-0.3651,-0.6979;-0.8133,0.1987,-1.6115;-0.8798,-1.4055,-0.8821;0.8170,-0.3751,-0.4470;1.4405,0.8851,-0.6957;0.9885,1.6465,-0.0513;1.2961,1.1694,-1.7445;2.9217,0.8004,-0.4175;3.6087,1.9173,0.0747;3.0788,2.8418,0.2912;4.9872,1.8598,0.2982;5.5062,2.7327,0.6866;5.7066,0.6944,0.0275;7.0463,0.7743,0.2914;7.8162,-0.3980,0.0574;8.8531,-0.1763,0.3279;7.8008,-0.6751,-1.0018;7.4775,-1.2263,0.6887;5.0332,-0.4174,-0.4759;5.5474,-1.3441,-0.7060;3.6525,-0.3613,-0.7015;3.1440,-1.2389,-1.0969;</g>
	</geometry>
	<conformers/>
	<properties/>
</molecule>
