<?xml version="1.0" ?>
<!--MOLLI PACKAGE EXPERIMENTAL XML FORMAT-->
<molecule name="react_439">
	<atoms>
		<a id="1" s="H" t="H" l="H"/>
		<a id="2" s="C" t="C.2" l="C"/>
		<a id="3" s="H" t="H" l="H"/>
		<a id="4" s="C" t="C.2" l="C"/>
		<a id="5" s="H" t="H" l="H"/>
		<a id="6" s="C" t="C.3" l="C"/>
		<a id="7" s="H" t="H" l="H"/>
		<a id="8" s="H" t="H" l="H"/>
		<a id="9" s="O" t="O.3" l="O"/>
		<a id="10" s="C" t="C.ar" l="C"/>
		<a id="11" s="C" t="C.ar" l="C"/>
		<a id="12" s="H" t="H" l="H"/>
		<a id="13" s="C" t="C.ar" l="C"/>
		<a id="14" s="H" t="H" l="H"/>
		<a id="15" s="C" t="C.ar" l="C"/>
		<a id="16" s="O" t="O.3" l="O"/>
		<a id="17" s="C" t="C.3" l="C"/>
		<a id="18" s="H" t="H" l="H"/>
		<a id="19" s="H" t="H" l="H"/>
		<a id="20" s="C" t="C.3" l="C"/>
		<a id="21" s="H" t="H" l="H"/>
		<a id="22" s="H" t="H" l="H"/>
		<a id="23" s="C" t="C.3" l="C"/>
		<a id="24" s="H" t="H" l="H"/>
		<a id="25" s="H" t="H" l="H"/>
		<a id="26" s="C" t="C.3" l="C"/>
		<a id="27" s="H" t="H" l="H"/>
		<a id="28" s="H" t="H" l="H"/>
		<a id="29" s="O" t="O.3" l="O"/>
		<a id="30" s="C" t="C.2" l="C"/>
		<a id="31" s="O" t="O.2" l="O"/>
		<a id="32" s="C" t="C.3" l="C"/>
		<a id="33" s="H" t="H" l="H"/>
		<a id="34" s="H" t="H" l="H"/>
		<a id="35" s="H" t="H" l="H"/>
		<a id="36" s="C" t="C.ar" l="C"/>
		<a id="37" s="C" t="C.2" l="C"/>
		<a id="38" s="O" t="O.2" l="O"/>
		<a id="39" s="O" t="O.3" l="O"/>
		<a id="40" s="C" t="C.3" l="C"/>
		<a id="41" s="H" t="H" l="H"/>
		<a id="42" s="H" t="H" l="H"/>
		<a id="43" s="H" t="H" l="H"/>
		<a id="44" s="C" t="C.ar" l="C"/>
		<a id="45" s="H" t="H" l="H"/>
	</atoms>
	<bonds>
		<b id="1" c="2 4" t="2"/>
		<b id="2" c="4 6" t="1"/>
		<b id="3" c="6 9" t="1"/>
		<b id="4" c="9 10" t="1"/>
		<b id="5" c="10 11" t="ar"/>
		<b id="6" c="11 13" t="ar"/>
		<b id="7" c="13 15" t="ar"/>
		<b id="8" c="15 16" t="1"/>
		<b id="9" c="16 17" t="1"/>
		<b id="10" c="17 20" t="1"/>
		<b id="11" c="20 23" t="1"/>
		<b id="12" c="23 26" t="1"/>
		<b id="13" c="26 29" t="1"/>
		<b id="14" c="29 30" t="1"/>
		<b id="15" c="30 32" t="1"/>
		<b id="16" c="30 31" t="2"/>
		<b id="17" c="15 36" t="ar"/>
		<b id="18" c="36 37" t="1"/>
		<b id="19" c="37 38" t="2"/>
		<b id="20" c="37 39" t="1"/>
		<b id="21" c="39 40" t="1"/>
		<b id="22" c="36 44" t="ar"/>
		<b id="23" c="44 10" t="ar"/>
		<b id="24" c="2 1" t="1"/>
		<b id="25" c="2 3" t="1"/>
		<b id="26" c="4 5" t="1"/>
		<b id="27" c="6 7" t="1"/>
		<b id="28" c="6 8" t="1"/>
		<b id="29" c="11 12" t="1"/>
		<b id="30" c="13 14" t="1"/>
		<b id="31" c="17 18" t="1"/>
		<b id="32" c="17 19" t="1"/>
		<b id="33" c="20 21" t="1"/>
		<b id="34" c="20 22" t="1"/>
		<b id="35" c="23 24" t="1"/>
		<b id="36" c="23 25" t="1"/>
		<b id="37" c="26 27" t="1"/>
		<b id="38" c="26 28" t="1"/>
		<b id="39" c="32 33" t="1"/>
		<b id="40" c="32 34" t="1"/>
		<b id="41" c="32 35" t="1"/>
		<b id="42" c="40 41" t="1"/>
		<b id="43" c="40 42" t="1"/>
		<b id="44" c="40 43" t="1"/>
		<b id="45" c="44 45" t="1"/>
	</bonds>
	<geometry>
		<g u="A" t="cart/3d">#45,3:-1.7456,1.9529,-4.0703;-2.4906,2.7326,-3.9407;-2.2141,3.7403,-4.2396;-3.7089,2.4701,-3.4422;-4.4143,3.2935,-3.3523;-4.2343,1.1297,-2.9960;-5.0443,0.8463,-3.6813;-4.6935,1.1916,-2.0008;-3.2583,0.0900,-3.0724;-2.5028,-0.1794,-1.9645;-2.3676,0.6389,-0.8461;-2.8825,1.5903,-0.7714;-1.5427,0.2519,0.2160;-1.4795,0.8870,1.0911;-0.8250,-0.9446,0.1539;-0.0624,-1.3658,1.2090;0.9385,-0.4134,1.5932;0.4873,0.3319,2.2580;1.3535,0.0814,0.7073;2.0389,-1.1707,2.3318;2.5396,-1.8545,1.6302;1.5759,-1.8191,3.0905;3.0760,-0.2741,3.0206;3.7575,-0.9220,3.5836;2.5634,0.3659,3.7497;3.9114,0.5775,2.0632;4.2846,-0.0348,1.2329;4.7949,0.9855,2.5749;3.1348,1.6406,1.4946;3.0356,2.7720,2.2424;3.5358,2.9489,3.3432;2.2117,3.7865,1.5150;2.7381,4.1124,0.6181;2.0492,4.6496,2.1619;1.2377,3.3610,1.2561;-0.9604,-1.7697,-0.9633;-0.1826,-3.0242,-1.0676;0.9984,-3.1377,-0.7779;-0.9965,-4.0069,-1.5336;-0.3551,-5.2781,-1.6504;-1.1082,-6.0095,-1.9589;0.4273,-5.2405,-2.4152;0.0583,-5.5945,-0.6872;-1.7931,-1.3801,-2.0215;-1.8861,-2.0088,-2.9013;</g>
	</geometry>
	<conformers/>
	<properties/>
</molecule>
