<?xml version="1.0" ?>
<!--MOLLI PACKAGE EXPERIMENTAL XML FORMAT-->
<molecule name="react_187">
	<atoms>
		<a id="1" s="H" t="H" l="H"/>
		<a id="2" s="C" t="C.2" l="C"/>
		<a id="3" s="H" t="H" l="H"/>
		<a id="4" s="C" t="C.2" l="C"/>
		<a id="5" s="H" t="H" l="H"/>
		<a id="6" s="C" t="C.3" l="C"/>
		<a id="7" s="H" t="H" l="H"/>
		<a id="8" s="H" t="H" l="H"/>
		<a id="9" s="C" t="C.3" l="C"/>
		<a id="10" s="H" t="H" l="H"/>
		<a id="11" s="H" t="H" l="H"/>
		<a id="12" s="C" t="C.3" l="C"/>
		<a id="13" s="H" t="H" l="H"/>
		<a id="14" s="H" t="H" l="H"/>
		<a id="15" s="C" t="C.3" l="C"/>
		<a id="16" s="H" t="H" l="H"/>
		<a id="17" s="H" t="H" l="H"/>
		<a id="18" s="N" t="N.2" l="N"/>
		<a id="19" s="N" t="N.2" l="N"/>
		<a id="20" s="N" t="N.2" l="N"/>
	</atoms>
	<bonds>
		<b id="1" c="2 4" t="2"/>
		<b id="2" c="4 6" t="1"/>
		<b id="3" c="6 9" t="1"/>
		<b id="4" c="9 12" t="1"/>
		<b id="5" c="12 15" t="1"/>
		<b id="6" c="15 18" t="1"/>
		<b id="7" c="18 19" t="2"/>
		<b id="8" c="19 20" t="2"/>
		<b id="9" c="2 1" t="1"/>
		<b id="10" c="2 3" t="1"/>
		<b id="11" c="4 5" t="1"/>
		<b id="12" c="6 7" t="1"/>
		<b id="13" c="6 8" t="1"/>
		<b id="14" c="9 10" t="1"/>
		<b id="15" c="9 11" t="1"/>
		<b id="16" c="12 13" t="1"/>
		<b id="17" c="12 14" t="1"/>
		<b id="18" c="15 16" t="1"/>
		<b id="19" c="15 17" t="1"/>
	</bonds>
	<geometry>
		<g u="A" t="cart/3d">#20,3:-3.6180,1.4499,-0.0089;-3.1547,1.0510,0.8881;-3.4901,1.4449,1.8427;-2.2017,0.1120,0.8319;-1.7757,-0.2567,1.7624;-1.6896,-0.4900,-0.4458;-1.8117,-1.5786,-0.3951;-2.3007,-0.1502,-1.2915;-0.2258,-0.1439,-0.7393;-0.1028,0.9460,-0.7589;0.0143,-0.5068,-1.7466;0.7578,-0.7662,0.2595;0.5860,-0.3587,1.2624;0.5808,-1.8471,0.3129;2.2147,-0.5318,-0.1369;2.8648,-1.1025,0.5373;2.3923,-0.8881,-1.1588;2.5266,0.8967,-0.0281;3.6854,1.2162,-0.3470;4.7482,1.5040,-0.6405;</g>
	</geometry>
	<conformers/>
	<properties/>
</molecule>
