<?xml version="1.0" ?>
<!--MOLLI PACKAGE EXPERIMENTAL XML FORMAT-->
<molecule name="react_441">
	<atoms>
		<a id="1" s="H" t="H" l="H"/>
		<a id="2" s="C" t="C.2" l="C"/>
		<a id="3" s="H" t="H" l="H"/>
		<a id="4" s="C" t="C.2" l="C"/>
		<a id="5" s="C" t="C.3" l="C"/>
		<a id="6" s="H" t="H" l="H"/>
		<a id="7" s="H" t="H" l="H"/>
		<a id="8" s="H" t="H" l="H"/>
		<a id="9" s="C" t="C.3" l="C"/>
		<a id="10" s="H" t="H" l="H"/>
		<a id="11" s="H" t="H" l="H"/>
		<a id="12" s="O" t="O.3" l="O"/>
		<a id="13" s="C" t="C.ar" l="C"/>
		<a id="14" s="C" t="C.ar" l="C"/>
		<a id="15" s="H" t="H" l="H"/>
		<a id="16" s="C" t="C.ar" l="C"/>
		<a id="17" s="H" t="H" l="H"/>
		<a id="18" s="C" t="C.ar" l="C"/>
		<a id="19" s="N" t="N.pl3" l="N"/>
		<a id="20" s="C" t="C.3" l="C"/>
		<a id="21" s="H" t="H" l="H"/>
		<a id="22" s="H" t="H" l="H"/>
		<a id="23" s="C" t="C.3" l="C"/>
		<a id="24" s="H" t="H" l="H"/>
		<a id="25" s="H" t="H" l="H"/>
		<a id="26" s="C" t="C.3" l="C"/>
		<a id="27" s="H" t="H" l="H"/>
		<a id="28" s="O" t="O.3" l="O"/>
		<a id="29" s="C" t="C.ar" l="C"/>
		<a id="30" s="C" t="C.ar" l="C"/>
		<a id="31" s="H" t="H" l="H"/>
		<a id="32" s="C" t="C.ar" l="C"/>
		<a id="33" s="H" t="H" l="H"/>
		<a id="34" s="C" t="C.ar" l="C"/>
		<a id="35" s="O" t="O.3" l="O"/>
		<a id="36" s="C" t="C.3" l="C"/>
		<a id="37" s="F" t="F" l="F"/>
		<a id="38" s="F" t="F" l="F"/>
		<a id="39" s="F" t="F" l="F"/>
		<a id="40" s="C" t="C.ar" l="C"/>
		<a id="41" s="H" t="H" l="H"/>
		<a id="42" s="C" t="C.ar" l="C"/>
		<a id="43" s="H" t="H" l="H"/>
		<a id="44" s="C" t="C.3" l="C"/>
		<a id="45" s="H" t="H" l="H"/>
		<a id="46" s="H" t="H" l="H"/>
		<a id="47" s="C" t="C.3" l="C"/>
		<a id="48" s="H" t="H" l="H"/>
		<a id="49" s="H" t="H" l="H"/>
		<a id="50" s="C" t="C.ar" l="C"/>
		<a id="51" s="H" t="H" l="H"/>
		<a id="52" s="C" t="C.ar" l="C"/>
		<a id="53" s="H" t="H" l="H"/>
	</atoms>
	<bonds>
		<b id="1" c="2 4" t="2"/>
		<b id="2" c="4 5" t="1"/>
		<b id="3" c="4 9" t="1"/>
		<b id="4" c="9 12" t="1"/>
		<b id="5" c="12 13" t="1"/>
		<b id="6" c="13 14" t="ar"/>
		<b id="7" c="14 16" t="ar"/>
		<b id="8" c="16 18" t="ar"/>
		<b id="9" c="18 19" t="1"/>
		<b id="10" c="19 20" t="1"/>
		<b id="11" c="20 23" t="1"/>
		<b id="12" c="23 26" t="1"/>
		<b id="13" c="26 28" t="1"/>
		<b id="14" c="28 29" t="1"/>
		<b id="15" c="29 30" t="ar"/>
		<b id="16" c="30 32" t="ar"/>
		<b id="17" c="32 34" t="ar"/>
		<b id="18" c="34 35" t="1"/>
		<b id="19" c="35 36" t="1"/>
		<b id="20" c="36 37" t="1"/>
		<b id="21" c="36 38" t="1"/>
		<b id="22" c="36 39" t="1"/>
		<b id="23" c="34 40" t="ar"/>
		<b id="24" c="40 42" t="ar"/>
		<b id="25" c="26 44" t="1"/>
		<b id="26" c="44 47" t="1"/>
		<b id="27" c="18 50" t="ar"/>
		<b id="28" c="50 52" t="ar"/>
		<b id="29" c="52 13" t="ar"/>
		<b id="30" c="47 19" t="1"/>
		<b id="31" c="42 29" t="ar"/>
		<b id="32" c="2 1" t="1"/>
		<b id="33" c="2 3" t="1"/>
		<b id="34" c="5 6" t="1"/>
		<b id="35" c="5 7" t="1"/>
		<b id="36" c="5 8" t="1"/>
		<b id="37" c="9 10" t="1"/>
		<b id="38" c="9 11" t="1"/>
		<b id="39" c="14 15" t="1"/>
		<b id="40" c="16 17" t="1"/>
		<b id="41" c="20 21" t="1"/>
		<b id="42" c="20 22" t="1"/>
		<b id="43" c="23 24" t="1"/>
		<b id="44" c="23 25" t="1"/>
		<b id="45" c="26 27" t="1"/>
		<b id="46" c="30 31" t="1"/>
		<b id="47" c="32 33" t="1"/>
		<b id="48" c="40 41" t="1"/>
		<b id="49" c="42 43" t="1"/>
		<b id="50" c="44 45" t="1"/>
		<b id="51" c="44 46" t="1"/>
		<b id="52" c="47 48" t="1"/>
		<b id="53" c="47 49" t="1"/>
		<b id="54" c="50 51" t="1"/>
		<b id="55" c="52 53" t="1"/>
	</bonds>
	<geometry>
		<g u="A" t="cart/3d">#53,3:-6.5943,1.1341,-2.3832;-7.2854,1.4075,-1.5902;-7.7444,2.3884,-1.6611;-7.5587,0.5694,-0.5759;-8.5236,0.9577,0.5094;-9.3446,0.2352,0.5661;-8.9629,1.9464,0.3406;-8.0141,0.9799,1.4780;-6.9536,-0.8125,-0.4167;-7.7610,-1.5461,-0.5286;-6.5511,-0.9603,0.5928;-5.9892,-1.1294,-1.4236;-4.6714,-0.9418,-1.1150;-3.7716,-1.6701,-1.8856;-4.1395,-2.3359,-2.6624;-2.3928,-1.5539,-1.6697;-1.7324,-2.1304,-2.3117;-1.8627,-0.7027,-0.6857;-0.4860,-0.5979,-0.4925;0.0795,0.4936,0.3036;0.0018,0.2664,1.3734;-0.4583,1.4317,0.1198;1.5345,0.7294,-0.0941;1.5497,1.0778,-1.1349;1.9493,1.5388,0.5161;2.3910,-0.5387,-0.0023;2.9346,-0.6933,-0.9441;3.3090,-0.4468,1.0967;4.5442,0.0900,0.8696;5.4906,-0.1825,1.8587;5.2080,-0.7886,2.7173;6.7975,0.3100,1.7635;7.4874,0.0585,2.5630;7.1695,1.0919,0.6722;8.3984,1.6406,0.4443;9.4191,1.3870,1.3945;10.5502,2.0052,0.9887;9.6774,0.0656,1.4948;9.0887,1.8753,2.6086;6.2163,1.3758,-0.3107;6.4888,1.9941,-1.1641;4.9101,0.8817,-0.2150;4.2056,1.1491,-0.9944;1.5475,-1.7903,0.2403;2.1599,-2.6853,0.0714;1.2399,-1.8414,1.2942;0.3250,-1.8111,-0.6650;0.6406,-1.8868,-1.7126;-0.2515,-2.7123,-0.4217;-2.7920,0.0422,0.0563;-2.4629,0.7249,0.8338;-4.1759,-0.0705,-0.1520;-4.8340,0.5520,0.4449;</g>
	</geometry>
	<conformers/>
	<properties/>
</molecule>
