<?xml version="1.0" ?>
<!--MOLLI PACKAGE EXPERIMENTAL XML FORMAT-->
<molecule name="react_444">
	<atoms>
		<a id="1" s="H" t="H" l="H"/>
		<a id="2" s="C" t="C.2" l="C"/>
		<a id="3" s="H" t="H" l="H"/>
		<a id="4" s="C" t="C.2" l="C"/>
		<a id="5" s="C" t="C.3" l="C"/>
		<a id="6" s="H" t="H" l="H"/>
		<a id="7" s="H" t="H" l="H"/>
		<a id="8" s="N" t="N.ar" l="N"/>
		<a id="9" s="C" t="C.ar" l="C"/>
		<a id="10" s="H" t="H" l="H"/>
		<a id="11" s="C" t="C.ar" l="C"/>
		<a id="12" s="H" t="H" l="H"/>
		<a id="13" s="C" t="C.ar" l="C"/>
		<a id="14" s="N" t="N.am" l="N"/>
		<a id="15" s="H" t="H" l="H"/>
		<a id="16" s="C" t="C.2" l="C"/>
		<a id="17" s="O" t="O.2" l="O"/>
		<a id="18" s="C" t="C.ar" l="C"/>
		<a id="19" s="C" t="C.ar" l="C"/>
		<a id="20" s="H" t="H" l="H"/>
		<a id="21" s="C" t="C.ar" l="C"/>
		<a id="22" s="H" t="H" l="H"/>
		<a id="23" s="C" t="C.ar" l="C"/>
		<a id="24" s="H" t="H" l="H"/>
		<a id="25" s="C" t="C.ar" l="C"/>
		<a id="26" s="H" t="H" l="H"/>
		<a id="27" s="C" t="C.ar" l="C"/>
		<a id="28" s="H" t="H" l="H"/>
		<a id="29" s="N" t="N.ar" l="N"/>
		<a id="30" s="C" t="C.ar" l="C"/>
		<a id="31" s="O" t="O.2" l="O"/>
		<a id="32" s="C" t="C.3" l="C"/>
		<a id="33" s="H" t="H" l="H"/>
		<a id="34" s="H" t="H" l="H"/>
		<a id="35" s="C" t="C.3" l="C"/>
		<a id="36" s="H" t="H" l="H"/>
		<a id="37" s="H" t="H" l="H"/>
		<a id="38" s="C" t="C.3" l="C"/>
		<a id="39" s="H" t="H" l="H"/>
		<a id="40" s="H" t="H" l="H"/>
		<a id="41" s="H" t="H" l="H"/>
	</atoms>
	<bonds>
		<b id="1" c="2 4" t="2"/>
		<b id="2" c="4 32" t="1"/>
		<b id="3" c="32 35" t="1"/>
		<b id="4" c="35 38" t="1"/>
		<b id="5" c="4 5" t="1"/>
		<b id="6" c="5 8" t="1"/>
		<b id="7" c="8 9" t="ar"/>
		<b id="8" c="9 11" t="ar"/>
		<b id="9" c="11 13" t="ar"/>
		<b id="10" c="13 14" t="1"/>
		<b id="11" c="14 16" t="am"/>
		<b id="12" c="16 17" t="2"/>
		<b id="13" c="16 18" t="1"/>
		<b id="14" c="18 19" t="ar"/>
		<b id="15" c="19 21" t="ar"/>
		<b id="16" c="21 23" t="ar"/>
		<b id="17" c="23 25" t="ar"/>
		<b id="18" c="25 27" t="ar"/>
		<b id="19" c="13 29" t="ar"/>
		<b id="20" c="29 30" t="ar"/>
		<b id="21" c="30 31" t="2"/>
		<b id="22" c="30 8" t="ar"/>
		<b id="23" c="27 18" t="ar"/>
		<b id="24" c="2 1" t="1"/>
		<b id="25" c="2 3" t="1"/>
		<b id="26" c="32 33" t="1"/>
		<b id="27" c="32 34" t="1"/>
		<b id="28" c="35 36" t="1"/>
		<b id="29" c="35 37" t="1"/>
		<b id="30" c="38 39" t="1"/>
		<b id="31" c="38 40" t="1"/>
		<b id="32" c="38 41" t="1"/>
		<b id="33" c="5 6" t="1"/>
		<b id="34" c="5 7" t="1"/>
		<b id="35" c="9 10" t="1"/>
		<b id="36" c="11 12" t="1"/>
		<b id="37" c="14 15" t="1"/>
		<b id="38" c="19 20" t="1"/>
		<b id="39" c="21 22" t="1"/>
		<b id="40" c="23 24" t="1"/>
		<b id="41" c="25 26" t="1"/>
		<b id="42" c="27 28" t="1"/>
	</bonds>
	<geometry>
		<g u="A" t="cart/3d">#41,3:-1.4769,-1.3248,-0.7389;-2.4046,-1.0636,-0.2388;-2.9445,-1.8961,0.1990;-2.8618,0.2024,-0.1960;-2.1385,1.3941,-0.8160;-2.1813,2.2514,-0.1316;-2.6657,1.6934,-1.7289;-0.7274,1.1350,-1.0936;0.1834,1.1683,-0.0588;-0.1993,1.3880,0.9337;1.4804,0.9453,-0.2683;2.2042,1.0023,0.5279;1.8282,0.6625,-1.6670;3.1366,0.3951,-2.0037;3.2846,0.6326,-2.9779;4.3013,0.4775,-1.2571;5.2349,1.1880,-1.6165;4.4099,-0.3401,-0.0197;5.2644,0.0962,1.0001;5.8342,1.0162,0.8827;5.3911,-0.6502,2.1724;6.0543,-0.3095,2.9641;4.6753,-1.8378,2.3238;4.7799,-2.4213,3.2358;3.8388,-2.2874,1.3018;3.2957,-3.2226,1.4172;3.7088,-1.5447,0.1267;3.0702,-1.9219,-0.6685;1.0026,0.6557,-2.6527;-0.3312,0.8954,-2.4136;-1.1375,0.8938,-3.3400;-4.1785,0.5977,0.4574;-4.7875,1.1114,-0.2983;-3.9581,1.3345,1.2411;-5.0244,-0.5218,1.0761;-4.4564,-1.0351,1.8608;-5.2838,-1.2652,0.3131;-6.3090,0.0249,1.6822;-6.0922,0.7496,2.4734;-6.8978,-0.7881,2.1183;-6.9226,0.5187,0.9218;</g>
	</geometry>
	<conformers/>
	<properties/>
</molecule>
