<?xml version="1.0" ?>
<!--MOLLI PACKAGE EXPERIMENTAL XML FORMAT-->
<molecule name="react_445">
	<atoms>
		<a id="1" s="H" t="H" l="H"/>
		<a id="2" s="C" t="C.2" l="C"/>
		<a id="3" s="H" t="H" l="H"/>
		<a id="4" s="C" t="C.2" l="C"/>
		<a id="5" s="C" t="C.3" l="C"/>
		<a id="6" s="H" t="H" l="H"/>
		<a id="7" s="H" t="H" l="H"/>
		<a id="8" s="N" t="N.ar" l="N"/>
		<a id="9" s="C" t="C.ar" l="C"/>
		<a id="10" s="H" t="H" l="H"/>
		<a id="11" s="C" t="C.ar" l="C"/>
		<a id="12" s="H" t="H" l="H"/>
		<a id="13" s="C" t="C.ar" l="C"/>
		<a id="14" s="N" t="N.am" l="N"/>
		<a id="15" s="H" t="H" l="H"/>
		<a id="16" s="C" t="C.2" l="C"/>
		<a id="17" s="O" t="O.2" l="O"/>
		<a id="18" s="C" t="C.ar" l="C"/>
		<a id="19" s="C" t="C.ar" l="C"/>
		<a id="20" s="H" t="H" l="H"/>
		<a id="21" s="C" t="C.ar" l="C"/>
		<a id="22" s="H" t="H" l="H"/>
		<a id="23" s="C" t="C.ar" l="C"/>
		<a id="24" s="H" t="H" l="H"/>
		<a id="25" s="C" t="C.ar" l="C"/>
		<a id="26" s="H" t="H" l="H"/>
		<a id="27" s="C" t="C.ar" l="C"/>
		<a id="28" s="H" t="H" l="H"/>
		<a id="29" s="N" t="N.ar" l="N"/>
		<a id="30" s="C" t="C.ar" l="C"/>
		<a id="31" s="O" t="O.2" l="O"/>
		<a id="32" s="C" t="C.3" l="C"/>
		<a id="33" s="H" t="H" l="H"/>
		<a id="34" s="H" t="H" l="H"/>
		<a id="35" s="C" t="C.3" l="C"/>
		<a id="36" s="H" t="H" l="H"/>
		<a id="37" s="H" t="H" l="H"/>
		<a id="38" s="C" t="C.3" l="C"/>
		<a id="39" s="H" t="H" l="H"/>
		<a id="40" s="H" t="H" l="H"/>
		<a id="41" s="C" t="C.3" l="C"/>
		<a id="42" s="H" t="H" l="H"/>
		<a id="43" s="H" t="H" l="H"/>
		<a id="44" s="H" t="H" l="H"/>
	</atoms>
	<bonds>
		<b id="1" c="2 4" t="2"/>
		<b id="2" c="4 32" t="1"/>
		<b id="3" c="32 35" t="1"/>
		<b id="4" c="35 38" t="1"/>
		<b id="5" c="38 41" t="1"/>
		<b id="6" c="4 5" t="1"/>
		<b id="7" c="5 8" t="1"/>
		<b id="8" c="8 9" t="ar"/>
		<b id="9" c="9 11" t="ar"/>
		<b id="10" c="11 13" t="ar"/>
		<b id="11" c="13 14" t="1"/>
		<b id="12" c="14 16" t="am"/>
		<b id="13" c="16 17" t="2"/>
		<b id="14" c="16 18" t="1"/>
		<b id="15" c="18 19" t="ar"/>
		<b id="16" c="19 21" t="ar"/>
		<b id="17" c="21 23" t="ar"/>
		<b id="18" c="23 25" t="ar"/>
		<b id="19" c="25 27" t="ar"/>
		<b id="20" c="13 29" t="ar"/>
		<b id="21" c="29 30" t="ar"/>
		<b id="22" c="30 31" t="2"/>
		<b id="23" c="30 8" t="ar"/>
		<b id="24" c="27 18" t="ar"/>
		<b id="25" c="2 1" t="1"/>
		<b id="26" c="2 3" t="1"/>
		<b id="27" c="32 33" t="1"/>
		<b id="28" c="32 34" t="1"/>
		<b id="29" c="35 36" t="1"/>
		<b id="30" c="35 37" t="1"/>
		<b id="31" c="38 39" t="1"/>
		<b id="32" c="38 40" t="1"/>
		<b id="33" c="41 42" t="1"/>
		<b id="34" c="41 43" t="1"/>
		<b id="35" c="41 44" t="1"/>
		<b id="36" c="5 6" t="1"/>
		<b id="37" c="5 7" t="1"/>
		<b id="38" c="9 10" t="1"/>
		<b id="39" c="11 12" t="1"/>
		<b id="40" c="14 15" t="1"/>
		<b id="41" c="19 20" t="1"/>
		<b id="42" c="21 22" t="1"/>
		<b id="43" c="23 24" t="1"/>
		<b id="44" c="25 26" t="1"/>
		<b id="45" c="27 28" t="1"/>
	</bonds>
	<geometry>
		<g u="A" t="cart/3d">#44,3:1.4461,-1.4674,-1.9334;2.4975,-1.3392,-1.6926;3.1324,-2.2091,-1.8317;2.9959,-0.1611,-1.2727;2.1745,1.1047,-1.0869;2.2599,1.7194,-1.9898;2.5781,1.7056,-0.2628;0.7769,0.8263,-0.7630;0.4506,0.3808,0.5004;1.2662,0.2453,1.2045;-0.8114,0.1178,0.8361;-1.0955,-0.2421,1.8131;-1.7899,0.3384,-0.2440;-3.0859,0.0542,0.1481;-3.2330,-0.1981,1.1129;-4.2262,0.0917,-0.6460;-4.2638,0.0816,-1.8689;-5.5080,0.0121,0.1085;-5.6778,0.6662,1.3366;-4.8911,1.2859,1.7574;-6.8934,0.5640,2.0167;-7.0333,1.0777,2.9649;-7.9397,-0.1805,1.4708;-8.8882,-0.2534,1.9981;-7.7797,-0.8162,0.2396;-8.6009,-1.3829,-0.1929;-6.5677,-0.7162,-0.4448;-6.4498,-1.2045,-1.4108;-1.5067,0.7630,-1.4217;-0.1995,1.0343,-1.7467;0.0990,1.4524,-2.8629;4.4808,-0.0137,-1.0089;5.0286,-0.7992,-1.5433;4.8290,0.9371,-1.4316;4.8107,-0.0825,0.4862;4.5105,-1.0584,0.8886;4.2275,0.6704,1.0302;6.2912,0.1606,0.7903;6.4176,0.2076,1.8785;6.5987,1.1352,0.3938;7.2104,-0.9216,0.2453;6.9030,-1.9120,0.5955;7.2192,-0.9279,-0.8484;8.2370,-0.7466,0.5828;</g>
	</geometry>
	<conformers/>
	<properties/>
</molecule>
