<?xml version="1.0" ?>
<!--MOLLI PACKAGE EXPERIMENTAL XML FORMAT-->
<molecule name="react_446">
	<atoms>
		<a id="1" s="H" t="H" l="H"/>
		<a id="2" s="C" t="C.2" l="C"/>
		<a id="3" s="H" t="H" l="H"/>
		<a id="4" s="C" t="C.2" l="C"/>
		<a id="5" s="C" t="C.3" l="C"/>
		<a id="6" s="H" t="H" l="H"/>
		<a id="7" s="H" t="H" l="H"/>
		<a id="8" s="N" t="N.ar" l="N"/>
		<a id="9" s="C" t="C.ar" l="C"/>
		<a id="10" s="H" t="H" l="H"/>
		<a id="11" s="C" t="C.ar" l="C"/>
		<a id="12" s="H" t="H" l="H"/>
		<a id="13" s="C" t="C.ar" l="C"/>
		<a id="14" s="N" t="N.am" l="N"/>
		<a id="15" s="H" t="H" l="H"/>
		<a id="16" s="C" t="C.2" l="C"/>
		<a id="17" s="O" t="O.2" l="O"/>
		<a id="18" s="C" t="C.ar" l="C"/>
		<a id="19" s="C" t="C.ar" l="C"/>
		<a id="20" s="H" t="H" l="H"/>
		<a id="21" s="C" t="C.ar" l="C"/>
		<a id="22" s="H" t="H" l="H"/>
		<a id="23" s="C" t="C.ar" l="C"/>
		<a id="24" s="H" t="H" l="H"/>
		<a id="25" s="C" t="C.ar" l="C"/>
		<a id="26" s="H" t="H" l="H"/>
		<a id="27" s="C" t="C.ar" l="C"/>
		<a id="28" s="H" t="H" l="H"/>
		<a id="29" s="N" t="N.ar" l="N"/>
		<a id="30" s="C" t="C.ar" l="C"/>
		<a id="31" s="O" t="O.2" l="O"/>
		<a id="32" s="C" t="C.3" l="C"/>
		<a id="33" s="H" t="H" l="H"/>
		<a id="34" s="C" t="C.3" l="C"/>
		<a id="35" s="H" t="H" l="H"/>
		<a id="36" s="H" t="H" l="H"/>
		<a id="37" s="H" t="H" l="H"/>
		<a id="38" s="C" t="C.3" l="C"/>
		<a id="39" s="H" t="H" l="H"/>
		<a id="40" s="H" t="H" l="H"/>
		<a id="41" s="H" t="H" l="H"/>
	</atoms>
	<bonds>
		<b id="1" c="2 4" t="2"/>
		<b id="2" c="4 5" t="1"/>
		<b id="3" c="5 8" t="1"/>
		<b id="4" c="8 9" t="ar"/>
		<b id="5" c="9 11" t="ar"/>
		<b id="6" c="11 13" t="ar"/>
		<b id="7" c="13 14" t="1"/>
		<b id="8" c="14 16" t="am"/>
		<b id="9" c="16 17" t="2"/>
		<b id="10" c="16 18" t="1"/>
		<b id="11" c="18 19" t="ar"/>
		<b id="12" c="19 21" t="ar"/>
		<b id="13" c="21 23" t="ar"/>
		<b id="14" c="23 25" t="ar"/>
		<b id="15" c="25 27" t="ar"/>
		<b id="16" c="13 29" t="ar"/>
		<b id="17" c="29 30" t="ar"/>
		<b id="18" c="30 31" t="2"/>
		<b id="19" c="4 32" t="1"/>
		<b id="20" c="32 34" t="1"/>
		<b id="21" c="32 38" t="1"/>
		<b id="22" c="30 8" t="ar"/>
		<b id="23" c="27 18" t="ar"/>
		<b id="24" c="2 1" t="1"/>
		<b id="25" c="2 3" t="1"/>
		<b id="26" c="5 6" t="1"/>
		<b id="27" c="5 7" t="1"/>
		<b id="28" c="9 10" t="1"/>
		<b id="29" c="11 12" t="1"/>
		<b id="30" c="14 15" t="1"/>
		<b id="31" c="19 20" t="1"/>
		<b id="32" c="21 22" t="1"/>
		<b id="33" c="23 24" t="1"/>
		<b id="34" c="25 26" t="1"/>
		<b id="35" c="27 28" t="1"/>
		<b id="36" c="32 33" t="1"/>
		<b id="37" c="34 35" t="1"/>
		<b id="38" c="34 36" t="1"/>
		<b id="39" c="34 37" t="1"/>
		<b id="40" c="38 39" t="1"/>
		<b id="41" c="38 40" t="1"/>
		<b id="42" c="38 41" t="1"/>
	</bonds>
	<geometry>
		<g u="A" t="cart/3d">#41,3:-4.2587,-0.3092,2.3308;-3.6338,0.3712,1.7641;-2.9198,0.9559,2.3417;-3.7285,0.5138,0.4284;-2.8358,1.5081,-0.2997;-2.9644,2.5034,0.1406;-3.1206,1.6050,-1.3545;-1.4385,1.0785,-0.2502;-1.0236,0.0115,-1.0184;-1.7680,-0.4745,-1.6410;0.2394,-0.4119,-0.9911;0.5894,-1.2506,-1.5738;1.1218,0.3514,-0.0901;2.4243,-0.1159,-0.1018;2.6392,-0.8680,-0.7379;3.4866,0.3471,0.6667;3.4112,1.0391,1.6728;4.8223,-0.1675,0.2536;5.1532,-0.3550,-1.0956;4.4579,-0.0937,-1.8883;6.4147,-0.8441,-1.4412;6.6784,-0.9828,-2.4869;7.3478,-1.1368,-0.4467;8.3321,-1.5112,-0.7183;7.0288,-0.9317,0.8952;7.7622,-1.1454,1.6692;5.7703,-0.4422,1.2463;5.5286,-0.2725,2.2944;0.7580,1.3543,0.6240;-0.5507,1.7714,0.5866;-0.9256,2.7285,1.2611;-4.7190,-0.2513,-0.4437;-4.1999,-0.5241,-1.3715;-5.9083,0.6415,-0.8118;-6.5843,0.1199,-1.4975;-5.5828,1.5618,-1.3086;-6.4834,0.9256,0.0761;-5.2300,-1.5680,0.1542;-5.8385,-2.1091,-0.5793;-4.3967,-2.2210,0.4375;-5.8553,-1.4016,1.0386;</g>
	</geometry>
	<conformers/>
	<properties/>
</molecule>
