<?xml version="1.0" ?>
<!--MOLLI PACKAGE EXPERIMENTAL XML FORMAT-->
<molecule name="react_447">
	<atoms>
		<a id="1" s="H" t="H" l="H"/>
		<a id="2" s="C" t="C.2" l="C"/>
		<a id="3" s="H" t="H" l="H"/>
		<a id="4" s="C" t="C.2" l="C"/>
		<a id="5" s="C" t="C.3" l="C"/>
		<a id="6" s="H" t="H" l="H"/>
		<a id="7" s="H" t="H" l="H"/>
		<a id="8" s="N" t="N.ar" l="N"/>
		<a id="9" s="C" t="C.ar" l="C"/>
		<a id="10" s="H" t="H" l="H"/>
		<a id="11" s="C" t="C.ar" l="C"/>
		<a id="12" s="H" t="H" l="H"/>
		<a id="13" s="C" t="C.ar" l="C"/>
		<a id="14" s="N" t="N.am" l="N"/>
		<a id="15" s="H" t="H" l="H"/>
		<a id="16" s="C" t="C.2" l="C"/>
		<a id="17" s="O" t="O.2" l="O"/>
		<a id="18" s="C" t="C.ar" l="C"/>
		<a id="19" s="C" t="C.ar" l="C"/>
		<a id="20" s="H" t="H" l="H"/>
		<a id="21" s="C" t="C.ar" l="C"/>
		<a id="22" s="H" t="H" l="H"/>
		<a id="23" s="C" t="C.ar" l="C"/>
		<a id="24" s="H" t="H" l="H"/>
		<a id="25" s="C" t="C.ar" l="C"/>
		<a id="26" s="H" t="H" l="H"/>
		<a id="27" s="C" t="C.ar" l="C"/>
		<a id="28" s="H" t="H" l="H"/>
		<a id="29" s="N" t="N.ar" l="N"/>
		<a id="30" s="C" t="C.ar" l="C"/>
		<a id="31" s="O" t="O.2" l="O"/>
		<a id="32" s="C" t="C.3" l="C"/>
		<a id="33" s="H" t="H" l="H"/>
		<a id="34" s="C" t="C.3" l="C"/>
		<a id="35" s="H" t="H" l="H"/>
		<a id="36" s="H" t="H" l="H"/>
		<a id="37" s="C" t="C.3" l="C"/>
		<a id="38" s="H" t="H" l="H"/>
		<a id="39" s="H" t="H" l="H"/>
		<a id="40" s="C" t="C.3" l="C"/>
		<a id="41" s="H" t="H" l="H"/>
		<a id="42" s="H" t="H" l="H"/>
		<a id="43" s="C" t="C.3" l="C"/>
		<a id="44" s="H" t="H" l="H"/>
		<a id="45" s="H" t="H" l="H"/>
		<a id="46" s="C" t="C.3" l="C"/>
		<a id="47" s="H" t="H" l="H"/>
		<a id="48" s="H" t="H" l="H"/>
	</atoms>
	<bonds>
		<b id="1" c="2 4" t="2"/>
		<b id="2" c="4 5" t="1"/>
		<b id="3" c="5 8" t="1"/>
		<b id="4" c="8 9" t="ar"/>
		<b id="5" c="9 11" t="ar"/>
		<b id="6" c="11 13" t="ar"/>
		<b id="7" c="13 14" t="1"/>
		<b id="8" c="14 16" t="am"/>
		<b id="9" c="16 17" t="2"/>
		<b id="10" c="16 18" t="1"/>
		<b id="11" c="18 19" t="ar"/>
		<b id="12" c="19 21" t="ar"/>
		<b id="13" c="21 23" t="ar"/>
		<b id="14" c="23 25" t="ar"/>
		<b id="15" c="25 27" t="ar"/>
		<b id="16" c="13 29" t="ar"/>
		<b id="17" c="29 30" t="ar"/>
		<b id="18" c="30 31" t="2"/>
		<b id="19" c="4 32" t="1"/>
		<b id="20" c="32 34" t="1"/>
		<b id="21" c="34 37" t="1"/>
		<b id="22" c="37 40" t="1"/>
		<b id="23" c="40 43" t="1"/>
		<b id="24" c="43 46" t="1"/>
		<b id="25" c="30 8" t="ar"/>
		<b id="26" c="46 32" t="1"/>
		<b id="27" c="27 18" t="ar"/>
		<b id="28" c="2 1" t="1"/>
		<b id="29" c="2 3" t="1"/>
		<b id="30" c="5 6" t="1"/>
		<b id="31" c="5 7" t="1"/>
		<b id="32" c="9 10" t="1"/>
		<b id="33" c="11 12" t="1"/>
		<b id="34" c="14 15" t="1"/>
		<b id="35" c="19 20" t="1"/>
		<b id="36" c="21 22" t="1"/>
		<b id="37" c="23 24" t="1"/>
		<b id="38" c="25 26" t="1"/>
		<b id="39" c="27 28" t="1"/>
		<b id="40" c="32 33" t="1"/>
		<b id="41" c="34 35" t="1"/>
		<b id="42" c="34 36" t="1"/>
		<b id="43" c="37 38" t="1"/>
		<b id="44" c="37 39" t="1"/>
		<b id="45" c="40 41" t="1"/>
		<b id="46" c="40 42" t="1"/>
		<b id="47" c="43 44" t="1"/>
		<b id="48" c="43 45" t="1"/>
		<b id="49" c="46 47" t="1"/>
		<b id="50" c="46 48" t="1"/>
	</bonds>
	<geometry>
		<g u="A" t="cart/3d">#48,3:1.0733,-1.2363,2.2760;2.0760,-1.3060,1.8629;2.6515,-2.1810,2.1487;2.5863,-0.3466,1.0658;1.8077,0.9007,0.6702;2.1757,1.3108,-0.2769;1.9698,1.6759,1.4269;0.3835,0.6288,0.4786;-0.0271,-0.0835,-0.6284;0.7437,-0.4249,-1.3126;-1.3149,-0.3497,-0.8407;-1.6643,-0.9134,-1.6921;-2.2259,0.1735,0.1930;-3.5515,-0.1266,-0.0667;-3.7570,-0.6022,-0.9311;-4.6475,0.1640,0.7377;-4.6222,0.4720,1.9214;-5.9695,-0.0466,0.0838;-7.0248,-0.5490,0.8545;-6.8736,-0.7700,1.9099;-8.2748,-0.7650,0.2732;-9.0921,-1.1556,0.8749;-8.4768,-0.4699,-1.0751;-9.4544,-0.6319,-1.5238;-7.4342,0.0503,-1.8428;-7.6057,0.3007,-2.8871;-6.1808,0.2673,-1.2660;-5.3956,0.7131,-1.8703;-1.8641,0.8501,1.2218;-0.5315,1.1186,1.4205;-0.1583,1.7721,2.3916;4.0190,-0.4700,0.5565;4.4806,-1.3432,1.0418;4.8835,0.7454,0.9357;4.4641,1.6654,0.5099;4.8926,0.8755,2.0247;6.3187,0.5876,0.4357;6.8902,1.4935,0.6663;6.8025,-0.2395,0.9696;6.3656,0.3203,-1.0658;7.4023,0.1496,-1.3773;6.0116,1.2074,-1.6054;5.5096,-0.8826,-1.4510;5.5152,-1.0047,-2.5401;5.9474,-1.7939,-1.0254;4.0707,-0.7324,-0.9590;3.5100,-1.6433,-1.2023;3.5958,0.0871,-1.5117;</g>
	</geometry>
	<conformers/>
	<properties/>
</molecule>
