<?xml version="1.0" ?>
<!--MOLLI PACKAGE EXPERIMENTAL XML FORMAT-->
<molecule name="react_449">
	<atoms>
		<a id="1" s="H" t="H" l="H"/>
		<a id="2" s="C" t="C.2" l="C"/>
		<a id="3" s="H" t="H" l="H"/>
		<a id="4" s="C" t="C.2" l="C"/>
		<a id="5" s="C" t="C.ar" l="C"/>
		<a id="6" s="C" t="C.ar" l="C"/>
		<a id="7" s="H" t="H" l="H"/>
		<a id="8" s="C" t="C.ar" l="C"/>
		<a id="9" s="H" t="H" l="H"/>
		<a id="10" s="C" t="C.ar" l="C"/>
		<a id="11" s="H" t="H" l="H"/>
		<a id="12" s="C" t="C.ar" l="C"/>
		<a id="13" s="H" t="H" l="H"/>
		<a id="14" s="C" t="C.ar" l="C"/>
		<a id="15" s="H" t="H" l="H"/>
		<a id="16" s="C" t="C.3" l="C"/>
		<a id="17" s="H" t="H" l="H"/>
		<a id="18" s="H" t="H" l="H"/>
		<a id="19" s="N" t="N.ar" l="N"/>
		<a id="20" s="C" t="C.ar" l="C"/>
		<a id="21" s="H" t="H" l="H"/>
		<a id="22" s="C" t="C.ar" l="C"/>
		<a id="23" s="C" t="C.3" l="C"/>
		<a id="24" s="H" t="H" l="H"/>
		<a id="25" s="H" t="H" l="H"/>
		<a id="26" s="H" t="H" l="H"/>
		<a id="27" s="C" t="C.ar" l="C"/>
		<a id="28" s="N" t="N.am" l="N"/>
		<a id="29" s="H" t="H" l="H"/>
		<a id="30" s="C" t="C.2" l="C"/>
		<a id="31" s="O" t="O.2" l="O"/>
		<a id="32" s="C" t="C.ar" l="C"/>
		<a id="33" s="C" t="C.ar" l="C"/>
		<a id="34" s="H" t="H" l="H"/>
		<a id="35" s="C" t="C.ar" l="C"/>
		<a id="36" s="H" t="H" l="H"/>
		<a id="37" s="C" t="C.ar" l="C"/>
		<a id="38" s="H" t="H" l="H"/>
		<a id="39" s="C" t="C.ar" l="C"/>
		<a id="40" s="H" t="H" l="H"/>
		<a id="41" s="C" t="C.ar" l="C"/>
		<a id="42" s="H" t="H" l="H"/>
		<a id="43" s="N" t="N.ar" l="N"/>
		<a id="44" s="C" t="C.ar" l="C"/>
		<a id="45" s="O" t="O.2" l="O"/>
	</atoms>
	<bonds>
		<b id="1" c="2 4" t="2"/>
		<b id="2" c="4 16" t="1"/>
		<b id="3" c="16 19" t="1"/>
		<b id="4" c="19 20" t="ar"/>
		<b id="5" c="20 22" t="ar"/>
		<b id="6" c="22 23" t="1"/>
		<b id="7" c="22 27" t="ar"/>
		<b id="8" c="27 28" t="1"/>
		<b id="9" c="28 30" t="am"/>
		<b id="10" c="30 31" t="2"/>
		<b id="11" c="30 32" t="1"/>
		<b id="12" c="32 33" t="ar"/>
		<b id="13" c="33 35" t="ar"/>
		<b id="14" c="35 37" t="ar"/>
		<b id="15" c="37 39" t="ar"/>
		<b id="16" c="39 41" t="ar"/>
		<b id="17" c="27 43" t="ar"/>
		<b id="18" c="43 44" t="ar"/>
		<b id="19" c="44 45" t="2"/>
		<b id="20" c="4 5" t="1"/>
		<b id="21" c="5 6" t="ar"/>
		<b id="22" c="6 8" t="ar"/>
		<b id="23" c="8 10" t="ar"/>
		<b id="24" c="10 12" t="ar"/>
		<b id="25" c="12 14" t="ar"/>
		<b id="26" c="44 19" t="ar"/>
		<b id="27" c="14 5" t="ar"/>
		<b id="28" c="41 32" t="ar"/>
		<b id="29" c="2 1" t="1"/>
		<b id="30" c="2 3" t="1"/>
		<b id="31" c="16 17" t="1"/>
		<b id="32" c="16 18" t="1"/>
		<b id="33" c="20 21" t="1"/>
		<b id="34" c="23 24" t="1"/>
		<b id="35" c="23 25" t="1"/>
		<b id="36" c="23 26" t="1"/>
		<b id="37" c="28 29" t="1"/>
		<b id="38" c="33 34" t="1"/>
		<b id="39" c="35 36" t="1"/>
		<b id="40" c="37 38" t="1"/>
		<b id="41" c="39 40" t="1"/>
		<b id="42" c="41 42" t="1"/>
		<b id="43" c="6 7" t="1"/>
		<b id="44" c="8 9" t="1"/>
		<b id="45" c="10 11" t="1"/>
		<b id="46" c="12 13" t="1"/>
		<b id="47" c="14 15" t="1"/>
	</bonds>
	<geometry>
		<g u="A" t="cart/3d">#45,3:3.7391,3.2604,0.4419;2.9428,2.9652,-0.2342;2.0512,3.5904,-0.2386;3.0414,1.8912,-1.0425;4.2746,1.0752,-1.0335;4.7551,0.5150,0.1605;4.2302,0.6857,1.0955;5.9064,-0.2764,0.1677;6.2718,-0.7011,1.1003;6.5918,-0.5103,-1.0186;7.4915,-1.1172,-1.0123;6.1281,0.0438,-2.2119;6.6663,-0.1309,-3.1377;4.9753,0.8305,-2.2198;4.6395,1.2640,-3.1602;1.9493,1.5087,-2.0195;2.2721,0.7347,-2.7251;1.6846,2.3798,-2.6302;0.7822,0.9901,-1.3041;0.8277,-0.2706,-0.7511;1.7579,-0.8188,-0.8742;-0.2090,-0.7897,-0.0835;-0.1655,-2.1322,0.5623;0.8295,-2.5822,0.4901;-0.8733,-2.8157,0.0876;-0.4047,-2.0593,1.6259;-1.3864,0.1182,-0.0129;-2.4872,-0.4085,0.6411;-2.4531,-1.3759,0.9181;-3.6802,0.2465,0.9289;-3.8609,1.4573,0.9731;-4.7864,-0.6569,1.3427;-5.0203,-1.8704,0.6804;-4.4206,-2.1697,-0.1739;-6.0669,-2.6946,1.0921;-6.2619,-3.6294,0.5709;-6.8778,-2.3108,2.1578;-7.6958,-2.9523,2.4737;-6.6529,-1.0987,2.8107;-7.2920,-0.7978,3.6342;-5.6126,-0.2669,2.4000;-5.4454,0.6839,2.9017;-1.4337,1.2976,-0.5206;-0.3473,1.8046,-1.1846;-0.3746,2.9342,-1.6679;</g>
	</geometry>
	<conformers/>
	<properties/>
</molecule>
