<?xml version="1.0" ?>
<!--MOLLI PACKAGE EXPERIMENTAL XML FORMAT-->
<molecule name="react_450">
	<atoms>
		<a id="1" s="H" t="H" l="H"/>
		<a id="2" s="C" t="C.2" l="C"/>
		<a id="3" s="H" t="H" l="H"/>
		<a id="4" s="C" t="C.2" l="C"/>
		<a id="5" s="C" t="C.ar" l="C"/>
		<a id="6" s="C" t="C.ar" l="C"/>
		<a id="7" s="H" t="H" l="H"/>
		<a id="8" s="C" t="C.ar" l="C"/>
		<a id="9" s="H" t="H" l="H"/>
		<a id="10" s="C" t="C.ar" l="C"/>
		<a id="11" s="H" t="H" l="H"/>
		<a id="12" s="C" t="C.ar" l="C"/>
		<a id="13" s="H" t="H" l="H"/>
		<a id="14" s="C" t="C.ar" l="C"/>
		<a id="15" s="H" t="H" l="H"/>
		<a id="16" s="C" t="C.3" l="C"/>
		<a id="17" s="H" t="H" l="H"/>
		<a id="18" s="H" t="H" l="H"/>
		<a id="19" s="N" t="N.ar" l="N"/>
		<a id="20" s="C" t="C.ar" l="C"/>
		<a id="21" s="H" t="H" l="H"/>
		<a id="22" s="C" t="C.ar" l="C"/>
		<a id="23" s="F" t="F" l="F"/>
		<a id="24" s="C" t="C.ar" l="C"/>
		<a id="25" s="N" t="N.am" l="N"/>
		<a id="26" s="H" t="H" l="H"/>
		<a id="27" s="C" t="C.2" l="C"/>
		<a id="28" s="O" t="O.2" l="O"/>
		<a id="29" s="C" t="C.ar" l="C"/>
		<a id="30" s="C" t="C.ar" l="C"/>
		<a id="31" s="H" t="H" l="H"/>
		<a id="32" s="C" t="C.ar" l="C"/>
		<a id="33" s="H" t="H" l="H"/>
		<a id="34" s="C" t="C.ar" l="C"/>
		<a id="35" s="H" t="H" l="H"/>
		<a id="36" s="C" t="C.ar" l="C"/>
		<a id="37" s="H" t="H" l="H"/>
		<a id="38" s="C" t="C.ar" l="C"/>
		<a id="39" s="H" t="H" l="H"/>
		<a id="40" s="N" t="N.ar" l="N"/>
		<a id="41" s="C" t="C.ar" l="C"/>
		<a id="42" s="O" t="O.2" l="O"/>
	</atoms>
	<bonds>
		<b id="1" c="2 4" t="2"/>
		<b id="2" c="4 16" t="1"/>
		<b id="3" c="16 19" t="1"/>
		<b id="4" c="19 20" t="ar"/>
		<b id="5" c="20 22" t="ar"/>
		<b id="6" c="22 23" t="1"/>
		<b id="7" c="22 24" t="ar"/>
		<b id="8" c="24 25" t="1"/>
		<b id="9" c="25 27" t="am"/>
		<b id="10" c="27 28" t="2"/>
		<b id="11" c="27 29" t="1"/>
		<b id="12" c="29 30" t="ar"/>
		<b id="13" c="30 32" t="ar"/>
		<b id="14" c="32 34" t="ar"/>
		<b id="15" c="34 36" t="ar"/>
		<b id="16" c="36 38" t="ar"/>
		<b id="17" c="24 40" t="ar"/>
		<b id="18" c="40 41" t="ar"/>
		<b id="19" c="41 42" t="2"/>
		<b id="20" c="4 5" t="1"/>
		<b id="21" c="5 6" t="ar"/>
		<b id="22" c="6 8" t="ar"/>
		<b id="23" c="8 10" t="ar"/>
		<b id="24" c="10 12" t="ar"/>
		<b id="25" c="12 14" t="ar"/>
		<b id="26" c="41 19" t="ar"/>
		<b id="27" c="14 5" t="ar"/>
		<b id="28" c="38 29" t="ar"/>
		<b id="29" c="2 1" t="1"/>
		<b id="30" c="2 3" t="1"/>
		<b id="31" c="16 17" t="1"/>
		<b id="32" c="16 18" t="1"/>
		<b id="33" c="20 21" t="1"/>
		<b id="34" c="25 26" t="1"/>
		<b id="35" c="30 31" t="1"/>
		<b id="36" c="32 33" t="1"/>
		<b id="37" c="34 35" t="1"/>
		<b id="38" c="36 37" t="1"/>
		<b id="39" c="38 39" t="1"/>
		<b id="40" c="6 7" t="1"/>
		<b id="41" c="8 9" t="1"/>
		<b id="42" c="10 11" t="1"/>
		<b id="43" c="12 13" t="1"/>
		<b id="44" c="14 15" t="1"/>
	</bonds>
	<geometry>
		<g u="A" t="cart/3d">#42,3:-4.4410,-0.1980,-3.1986;-4.4092,0.2039,-2.1904;-5.2347,0.8499,-1.9044;-3.4172,-0.1131,-1.3374;-3.4257,0.4344,0.0410;-3.1474,-0.3814,1.1463;-2.9416,-1.4425,1.0225;-3.1262,0.1468,2.4404;-2.9030,-0.5020,3.2838;-3.3834,1.4991,2.6486;-3.3638,1.9078,3.6554;-3.6591,2.3254,1.5630;-3.8540,3.3829,1.7211;-3.6774,1.7975,0.2691;-3.8767,2.4692,-0.5624;-2.3032,-1.0624,-1.7403;-2.3903,-1.9990,-1.1798;-2.3837,-1.3375,-2.8002;-0.9878,-0.4453,-1.5592;-0.6424,0.6631,-2.3109;-1.3660,1.0441,-3.0227;0.5408,1.2424,-2.1461;0.9583,2.3262,-2.8211;1.4264,0.6320,-1.1415;2.6339,1.3003,-1.0078;2.6520,2.2304,-1.4101;3.5974,1.1807,-0.0186;4.1691,2.1914,0.3885;3.9393,-0.1437,0.5528;4.2715,-0.2198,1.9109;4.2371,0.6718,2.5328;4.6443,-1.4421,2.4720;4.8902,-1.5017,3.5290;4.7006,-2.5858,1.6756;4.9854,-3.5389,2.1144;4.3933,-2.5093,0.3167;4.4399,-3.4023,-0.3012;4.0221,-1.2879,-0.2492;3.7955,-1.2411,-1.3100;1.1271,-0.4063,-0.4429;-0.0988,-1.0102,-0.6279;-0.3914,-2.0255,-0.0013;</g>
	</geometry>
	<conformers/>
	<properties/>
</molecule>
