<?xml version="1.0" ?>
<!--MOLLI PACKAGE EXPERIMENTAL XML FORMAT-->
<molecule name="react_451">
	<atoms>
		<a id="1" s="H" t="H" l="H"/>
		<a id="2" s="C" t="C.2" l="C"/>
		<a id="3" s="H" t="H" l="H"/>
		<a id="4" s="C" t="C.2" l="C"/>
		<a id="5" s="C" t="C.ar" l="C"/>
		<a id="6" s="C" t="C.ar" l="C"/>
		<a id="7" s="H" t="H" l="H"/>
		<a id="8" s="C" t="C.ar" l="C"/>
		<a id="9" s="H" t="H" l="H"/>
		<a id="10" s="C" t="C.ar" l="C"/>
		<a id="11" s="H" t="H" l="H"/>
		<a id="12" s="C" t="C.ar" l="C"/>
		<a id="13" s="H" t="H" l="H"/>
		<a id="14" s="C" t="C.ar" l="C"/>
		<a id="15" s="H" t="H" l="H"/>
		<a id="16" s="C" t="C.3" l="C"/>
		<a id="17" s="H" t="H" l="H"/>
		<a id="18" s="H" t="H" l="H"/>
		<a id="19" s="N" t="N.ar" l="N"/>
		<a id="20" s="C" t="C.ar" l="C"/>
		<a id="21" s="H" t="H" l="H"/>
		<a id="22" s="C" t="C.ar" l="C"/>
		<a id="23" s="Cl" t="Cl" l="CL"/>
		<a id="24" s="C" t="C.ar" l="C"/>
		<a id="25" s="N" t="N.am" l="N"/>
		<a id="26" s="H" t="H" l="H"/>
		<a id="27" s="C" t="C.2" l="C"/>
		<a id="28" s="O" t="O.2" l="O"/>
		<a id="29" s="C" t="C.ar" l="C"/>
		<a id="30" s="C" t="C.ar" l="C"/>
		<a id="31" s="H" t="H" l="H"/>
		<a id="32" s="C" t="C.ar" l="C"/>
		<a id="33" s="H" t="H" l="H"/>
		<a id="34" s="C" t="C.ar" l="C"/>
		<a id="35" s="H" t="H" l="H"/>
		<a id="36" s="C" t="C.ar" l="C"/>
		<a id="37" s="H" t="H" l="H"/>
		<a id="38" s="C" t="C.ar" l="C"/>
		<a id="39" s="H" t="H" l="H"/>
		<a id="40" s="N" t="N.ar" l="N"/>
		<a id="41" s="C" t="C.ar" l="C"/>
		<a id="42" s="O" t="O.2" l="O"/>
	</atoms>
	<bonds>
		<b id="1" c="2 4" t="2"/>
		<b id="2" c="4 16" t="1"/>
		<b id="3" c="16 19" t="1"/>
		<b id="4" c="19 20" t="ar"/>
		<b id="5" c="20 22" t="ar"/>
		<b id="6" c="22 23" t="1"/>
		<b id="7" c="22 24" t="ar"/>
		<b id="8" c="24 25" t="1"/>
		<b id="9" c="25 27" t="am"/>
		<b id="10" c="27 28" t="2"/>
		<b id="11" c="27 29" t="1"/>
		<b id="12" c="29 30" t="ar"/>
		<b id="13" c="30 32" t="ar"/>
		<b id="14" c="32 34" t="ar"/>
		<b id="15" c="34 36" t="ar"/>
		<b id="16" c="36 38" t="ar"/>
		<b id="17" c="24 40" t="ar"/>
		<b id="18" c="40 41" t="ar"/>
		<b id="19" c="41 42" t="2"/>
		<b id="20" c="4 5" t="1"/>
		<b id="21" c="5 6" t="ar"/>
		<b id="22" c="6 8" t="ar"/>
		<b id="23" c="8 10" t="ar"/>
		<b id="24" c="10 12" t="ar"/>
		<b id="25" c="12 14" t="ar"/>
		<b id="26" c="41 19" t="ar"/>
		<b id="27" c="14 5" t="ar"/>
		<b id="28" c="38 29" t="ar"/>
		<b id="29" c="2 1" t="1"/>
		<b id="30" c="2 3" t="1"/>
		<b id="31" c="16 17" t="1"/>
		<b id="32" c="16 18" t="1"/>
		<b id="33" c="20 21" t="1"/>
		<b id="34" c="25 26" t="1"/>
		<b id="35" c="30 31" t="1"/>
		<b id="36" c="32 33" t="1"/>
		<b id="37" c="34 35" t="1"/>
		<b id="38" c="36 37" t="1"/>
		<b id="39" c="38 39" t="1"/>
		<b id="40" c="6 7" t="1"/>
		<b id="41" c="8 9" t="1"/>
		<b id="42" c="10 11" t="1"/>
		<b id="43" c="12 13" t="1"/>
		<b id="44" c="14 15" t="1"/>
	</bonds>
	<geometry>
		<g u="A" t="cart/3d">#42,3:2.9922,-3.2602,3.0742;2.7199,-2.2094,3.1171;2.2157,-1.8711,4.0195;2.9801,-1.3591,2.1090;3.6937,-1.8554,0.9173;3.1137,-2.8310,0.0943;2.1281,-3.2311,0.3263;3.7943,-3.3013,-1.0326;3.3404,-4.0616,-1.6619;5.0562,-2.7987,-1.3466;5.5903,-3.1719,-2.2197;5.6414,-1.8282,-0.5352;6.6308,-1.4439,-0.7718;4.9640,-1.3597,0.5938;5.4468,-0.6177,1.2267;2.6482,0.1152,2.1795;2.5768,0.4396,3.2255;3.4360,0.7357,1.7332;1.3860,0.3780,1.4901;1.3808,0.5614,0.1207;2.3388,0.5147,-0.3888;0.2462,0.7771,-0.5432;0.1790,1.0140,-2.2370;-0.9720,0.8126,0.3067;-2.1400,1.0661,-0.3971;-2.0315,1.2174,-1.3913;-3.4339,1.1463,0.1058;-3.8091,0.7620,1.2067;-4.4482,1.6668,-0.8551;-4.1344,2.6554,-1.7991;-3.1461,3.1046,-1.8439;-5.1170,3.1116,-2.6809;-4.8796,3.8825,-3.4109;-6.4116,2.5908,-2.6184;-7.1770,2.9506,-3.3028;-6.7324,1.6212,-1.6681;-7.7458,1.2247,-1.6104;-5.7549,1.1632,-0.7839;-6.0129,0.4121,-0.0375;-0.9771,0.6465,1.5837;0.2034,0.4032,2.2449;0.2208,0.2268,3.4616;</g>
	</geometry>
	<conformers/>
	<properties/>
</molecule>
