<?xml version="1.0" ?>
<!--MOLLI PACKAGE EXPERIMENTAL XML FORMAT-->
<molecule name="react_452">
	<atoms>
		<a id="1" s="H" t="H" l="H"/>
		<a id="2" s="C" t="C.2" l="C"/>
		<a id="3" s="H" t="H" l="H"/>
		<a id="4" s="C" t="C.2" l="C"/>
		<a id="5" s="C" t="C.ar" l="C"/>
		<a id="6" s="C" t="C.ar" l="C"/>
		<a id="7" s="H" t="H" l="H"/>
		<a id="8" s="C" t="C.ar" l="C"/>
		<a id="9" s="H" t="H" l="H"/>
		<a id="10" s="C" t="C.ar" l="C"/>
		<a id="11" s="H" t="H" l="H"/>
		<a id="12" s="C" t="C.ar" l="C"/>
		<a id="13" s="H" t="H" l="H"/>
		<a id="14" s="C" t="C.ar" l="C"/>
		<a id="15" s="H" t="H" l="H"/>
		<a id="16" s="C" t="C.3" l="C"/>
		<a id="17" s="H" t="H" l="H"/>
		<a id="18" s="H" t="H" l="H"/>
		<a id="19" s="N" t="N.ar" l="N"/>
		<a id="20" s="C" t="C.ar" l="C"/>
		<a id="21" s="H" t="H" l="H"/>
		<a id="22" s="C" t="C.ar" l="C"/>
		<a id="23" s="Br" t="Br" l="BR"/>
		<a id="24" s="C" t="C.ar" l="C"/>
		<a id="25" s="N" t="N.am" l="N"/>
		<a id="26" s="H" t="H" l="H"/>
		<a id="27" s="C" t="C.2" l="C"/>
		<a id="28" s="O" t="O.2" l="O"/>
		<a id="29" s="C" t="C.ar" l="C"/>
		<a id="30" s="C" t="C.ar" l="C"/>
		<a id="31" s="H" t="H" l="H"/>
		<a id="32" s="C" t="C.ar" l="C"/>
		<a id="33" s="H" t="H" l="H"/>
		<a id="34" s="C" t="C.ar" l="C"/>
		<a id="35" s="H" t="H" l="H"/>
		<a id="36" s="C" t="C.ar" l="C"/>
		<a id="37" s="H" t="H" l="H"/>
		<a id="38" s="C" t="C.ar" l="C"/>
		<a id="39" s="H" t="H" l="H"/>
		<a id="40" s="N" t="N.ar" l="N"/>
		<a id="41" s="C" t="C.ar" l="C"/>
		<a id="42" s="O" t="O.2" l="O"/>
	</atoms>
	<bonds>
		<b id="1" c="2 4" t="2"/>
		<b id="2" c="4 16" t="1"/>
		<b id="3" c="16 19" t="1"/>
		<b id="4" c="19 20" t="ar"/>
		<b id="5" c="20 22" t="ar"/>
		<b id="6" c="22 23" t="1"/>
		<b id="7" c="22 24" t="ar"/>
		<b id="8" c="24 25" t="1"/>
		<b id="9" c="25 27" t="am"/>
		<b id="10" c="27 28" t="2"/>
		<b id="11" c="27 29" t="1"/>
		<b id="12" c="29 30" t="ar"/>
		<b id="13" c="30 32" t="ar"/>
		<b id="14" c="32 34" t="ar"/>
		<b id="15" c="34 36" t="ar"/>
		<b id="16" c="36 38" t="ar"/>
		<b id="17" c="24 40" t="ar"/>
		<b id="18" c="40 41" t="ar"/>
		<b id="19" c="41 42" t="2"/>
		<b id="20" c="4 5" t="1"/>
		<b id="21" c="5 6" t="ar"/>
		<b id="22" c="6 8" t="ar"/>
		<b id="23" c="8 10" t="ar"/>
		<b id="24" c="10 12" t="ar"/>
		<b id="25" c="12 14" t="ar"/>
		<b id="26" c="41 19" t="ar"/>
		<b id="27" c="14 5" t="ar"/>
		<b id="28" c="38 29" t="ar"/>
		<b id="29" c="2 1" t="1"/>
		<b id="30" c="2 3" t="1"/>
		<b id="31" c="16 17" t="1"/>
		<b id="32" c="16 18" t="1"/>
		<b id="33" c="20 21" t="1"/>
		<b id="34" c="25 26" t="1"/>
		<b id="35" c="30 31" t="1"/>
		<b id="36" c="32 33" t="1"/>
		<b id="37" c="34 35" t="1"/>
		<b id="38" c="36 37" t="1"/>
		<b id="39" c="38 39" t="1"/>
		<b id="40" c="6 7" t="1"/>
		<b id="41" c="8 9" t="1"/>
		<b id="42" c="10 11" t="1"/>
		<b id="43" c="12 13" t="1"/>
		<b id="44" c="14 15" t="1"/>
	</bonds>
	<geometry>
		<g u="A" t="cart/3d">#42,3:-2.7886,1.1776,-3.6727;-3.4056,0.6172,-2.9771;-4.0314,-0.1635,-3.4003;-3.3753,0.8822,-1.6595;-4.2359,0.1074,-0.7476;-4.0098,-1.2643,-0.5593;-3.2094,-1.7700,-1.1006;-4.7967,-1.9959,0.3328;-4.6080,-3.0570,0.4765;-5.8219,-1.3633,1.0340;-6.4345,-1.9348,1.7278;-6.0666,-0.0029,0.8433;-6.8761,0.4872,1.3818;-5.2762,0.7306,-0.0429;-5.4920,1.7869,-0.1902;-2.5409,1.9965,-1.0662;-2.4448,2.8195,-1.7857;-3.0098,2.4354,-0.1760;-1.2191,1.4870,-0.7025;-1.0525,0.8134,0.4928;-1.9302,0.7172,1.1286;0.1239,0.2955,0.8485;0.4036,-0.6237,2.4405;1.2103,0.5282,-0.1486;2.4406,0.0089,0.2285;2.4679,-0.4532,1.1270;3.6353,0.0525,-0.4797;3.7633,0.3473,-1.6575;4.8370,-0.3962,0.2830;4.9659,-0.1794,1.6599;4.2076,0.3568,2.2219;6.1108,-0.6188,2.3310;6.2146,-0.4447,3.3987;7.1314,-1.2590,1.6311;8.0244,-1.5945,2.1543;7.0173,-1.4601,0.2572;7.8199,-1.9457,-0.2925;5.8750,-1.0251,-0.4177;5.7961,-1.1751,-1.4920;1.0672,1.1617,-1.2605;-0.1622,1.6628,-1.6074;-0.3246,2.2552,-2.6719;</g>
	</geometry>
	<conformers/>
	<properties/>
</molecule>
