<?xml version="1.0" ?>
<!--MOLLI PACKAGE EXPERIMENTAL XML FORMAT-->
<molecule name="react_453">
	<atoms>
		<a id="1" s="H" t="H" l="H"/>
		<a id="2" s="C" t="C.2" l="C"/>
		<a id="3" s="H" t="H" l="H"/>
		<a id="4" s="C" t="C.2" l="C"/>
		<a id="5" s="C" t="C.ar" l="C"/>
		<a id="6" s="C" t="C.ar" l="C"/>
		<a id="7" s="H" t="H" l="H"/>
		<a id="8" s="C" t="C.ar" l="C"/>
		<a id="9" s="H" t="H" l="H"/>
		<a id="10" s="C" t="C.ar" l="C"/>
		<a id="11" s="H" t="H" l="H"/>
		<a id="12" s="C" t="C.ar" l="C"/>
		<a id="13" s="H" t="H" l="H"/>
		<a id="14" s="C" t="C.ar" l="C"/>
		<a id="15" s="H" t="H" l="H"/>
		<a id="16" s="C" t="C.3" l="C"/>
		<a id="17" s="H" t="H" l="H"/>
		<a id="18" s="H" t="H" l="H"/>
		<a id="19" s="N" t="N.ar" l="N"/>
		<a id="20" s="C" t="C.ar" l="C"/>
		<a id="21" s="H" t="H" l="H"/>
		<a id="22" s="C" t="C.ar" l="C"/>
		<a id="23" s="Br" t="Br" l="BR"/>
		<a id="24" s="C" t="C.ar" l="C"/>
		<a id="25" s="N" t="N.am" l="N"/>
		<a id="26" s="C" t="C.2" l="C"/>
		<a id="27" s="O" t="O.2" l="O"/>
		<a id="28" s="O" t="O.3" l="O"/>
		<a id="29" s="C" t="C.3" l="C"/>
		<a id="30" s="C" t="C.3" l="C"/>
		<a id="31" s="H" t="H" l="H"/>
		<a id="32" s="H" t="H" l="H"/>
		<a id="33" s="H" t="H" l="H"/>
		<a id="34" s="C" t="C.3" l="C"/>
		<a id="35" s="H" t="H" l="H"/>
		<a id="36" s="H" t="H" l="H"/>
		<a id="37" s="H" t="H" l="H"/>
		<a id="38" s="C" t="C.3" l="C"/>
		<a id="39" s="H" t="H" l="H"/>
		<a id="40" s="H" t="H" l="H"/>
		<a id="41" s="H" t="H" l="H"/>
		<a id="42" s="C" t="C.2" l="C"/>
		<a id="43" s="O" t="O.2" l="O"/>
		<a id="44" s="O" t="O.3" l="O"/>
		<a id="45" s="C" t="C.3" l="C"/>
		<a id="46" s="C" t="C.3" l="C"/>
		<a id="47" s="H" t="H" l="H"/>
		<a id="48" s="H" t="H" l="H"/>
		<a id="49" s="H" t="H" l="H"/>
		<a id="50" s="C" t="C.3" l="C"/>
		<a id="51" s="H" t="H" l="H"/>
		<a id="52" s="H" t="H" l="H"/>
		<a id="53" s="H" t="H" l="H"/>
		<a id="54" s="C" t="C.3" l="C"/>
		<a id="55" s="H" t="H" l="H"/>
		<a id="56" s="H" t="H" l="H"/>
		<a id="57" s="H" t="H" l="H"/>
		<a id="58" s="N" t="N.ar" l="N"/>
		<a id="59" s="C" t="C.ar" l="C"/>
		<a id="60" s="O" t="O.2" l="O"/>
	</atoms>
	<bonds>
		<b id="1" c="2 4" t="2"/>
		<b id="2" c="4 16" t="1"/>
		<b id="3" c="16 19" t="1"/>
		<b id="4" c="19 20" t="ar"/>
		<b id="5" c="20 22" t="ar"/>
		<b id="6" c="22 23" t="1"/>
		<b id="7" c="22 24" t="ar"/>
		<b id="8" c="24 25" t="1"/>
		<b id="9" c="25 26" t="am"/>
		<b id="10" c="26 27" t="2"/>
		<b id="11" c="26 28" t="1"/>
		<b id="12" c="28 29" t="1"/>
		<b id="13" c="29 30" t="1"/>
		<b id="14" c="29 34" t="1"/>
		<b id="15" c="29 38" t="1"/>
		<b id="16" c="25 42" t="am"/>
		<b id="17" c="42 43" t="2"/>
		<b id="18" c="42 44" t="1"/>
		<b id="19" c="44 45" t="1"/>
		<b id="20" c="45 46" t="1"/>
		<b id="21" c="45 50" t="1"/>
		<b id="22" c="45 54" t="1"/>
		<b id="23" c="24 58" t="ar"/>
		<b id="24" c="58 59" t="ar"/>
		<b id="25" c="59 60" t="2"/>
		<b id="26" c="4 5" t="1"/>
		<b id="27" c="5 6" t="ar"/>
		<b id="28" c="6 8" t="ar"/>
		<b id="29" c="8 10" t="ar"/>
		<b id="30" c="10 12" t="ar"/>
		<b id="31" c="12 14" t="ar"/>
		<b id="32" c="59 19" t="ar"/>
		<b id="33" c="14 5" t="ar"/>
		<b id="34" c="2 1" t="1"/>
		<b id="35" c="2 3" t="1"/>
		<b id="36" c="16 17" t="1"/>
		<b id="37" c="16 18" t="1"/>
		<b id="38" c="20 21" t="1"/>
		<b id="39" c="30 31" t="1"/>
		<b id="40" c="30 32" t="1"/>
		<b id="41" c="30 33" t="1"/>
		<b id="42" c="34 35" t="1"/>
		<b id="43" c="34 36" t="1"/>
		<b id="44" c="34 37" t="1"/>
		<b id="45" c="38 39" t="1"/>
		<b id="46" c="38 40" t="1"/>
		<b id="47" c="38 41" t="1"/>
		<b id="48" c="46 47" t="1"/>
		<b id="49" c="46 48" t="1"/>
		<b id="50" c="46 49" t="1"/>
		<b id="51" c="50 51" t="1"/>
		<b id="52" c="50 52" t="1"/>
		<b id="53" c="50 53" t="1"/>
		<b id="54" c="54 55" t="1"/>
		<b id="55" c="54 56" t="1"/>
		<b id="56" c="54 57" t="1"/>
		<b id="57" c="6 7" t="1"/>
		<b id="58" c="8 9" t="1"/>
		<b id="59" c="10 11" t="1"/>
		<b id="60" c="12 13" t="1"/>
		<b id="61" c="14 15" t="1"/>
	</bonds>
	<geometry>
		<g u="A" t="cart/3d">#60,3:4.6966,-1.7121,-1.9136;4.0226,-0.9007,-1.6530;3.0127,-0.9678,-2.0476;4.4243,0.1519,-0.9170;5.8206,0.1994,-0.4388;6.3259,-0.8102,0.3932;5.6984,-1.6490,0.6842;7.6375,-0.7474,0.8677;8.0207,-1.5356,1.5125;8.4569,0.3228,0.5119;9.4795,0.3694,0.8790;7.9669,1.3289,-0.3193;8.6071,2.1607,-0.6036;6.6540,1.2696,-0.7918;6.2966,2.0569,-1.4525;3.5565,1.3364,-0.5346;3.9036,1.7861,0.4057;3.6406,2.1112,-1.3045;2.1601,0.9443,-0.3249;1.8282,0.2162,0.7991;2.6384,0.0054,1.4930;0.5755,-0.1753,1.0501;0.1106,-0.9587,2.6693;-0.4050,0.2215,-0.0109;-1.7065,-0.2268,0.1225;-2.7280,0.4840,-0.4589;-3.5465,0.0285,-1.2505;-2.6815,1.7952,-0.0802;-3.5790,2.7786,-0.6584;-3.3493,2.9157,-2.1679;-3.9018,3.7681,-2.5789;-3.6724,2.0242,-2.7128;-2.2850,3.0511,-2.3859;-5.0411,2.4696,-0.3226;-5.1603,2.2822,0.7508;-5.4017,1.5753,-0.8389;-5.6982,3.2995,-0.6067;-3.1893,4.1011,0.0215;-2.1336,4.3351,-0.1625;-3.3088,4.0305,1.1082;-3.7977,4.9384,-0.3389;-1.9401,-1.5702,0.2906;-1.1808,-2.4544,-0.0929;-3.1311,-1.8026,0.9108;-3.6236,-3.1522,1.1131;-3.8685,-3.8603,-0.2235;-4.4913,-3.2453,-0.8793;-2.9386,-4.0508,-0.7635;-4.3657,-4.8253,-0.0745;-4.9735,-2.9716,1.8254;-5.4569,-3.9318,2.0304;-5.6542,-2.3623,1.2170;-4.8490,-2.4379,2.7751;-2.6931,-3.9585,2.0256;-3.1460,-4.9124,2.3134;-2.4555,-3.3980,2.9351;-1.7418,-4.1861,1.5378;-0.1027,0.9706,-1.0242;1.1917,1.3776,-1.2291;1.4726,2.0975,-2.1825;</g>
	</geometry>
	<conformers/>
	<properties/>
</molecule>
