<?xml version="1.0" ?>
<!--MOLLI PACKAGE EXPERIMENTAL XML FORMAT-->
<molecule name="react_188">
	<atoms>
		<a id="1" s="H" t="H" l="H"/>
		<a id="2" s="O" t="O.3" l="O"/>
		<a id="3" s="C" t="C.3" l="C"/>
		<a id="4" s="H" t="H" l="H"/>
		<a id="5" s="H" t="H" l="H"/>
		<a id="6" s="C" t="C.3" l="C"/>
		<a id="7" s="H" t="H" l="H"/>
		<a id="8" s="H" t="H" l="H"/>
		<a id="9" s="C" t="C.3" l="C"/>
		<a id="10" s="H" t="H" l="H"/>
		<a id="11" s="H" t="H" l="H"/>
		<a id="12" s="C" t="C.3" l="C"/>
		<a id="13" s="H" t="H" l="H"/>
		<a id="14" s="H" t="H" l="H"/>
		<a id="15" s="C" t="C.2" l="C"/>
		<a id="16" s="H" t="H" l="H"/>
		<a id="17" s="C" t="C.2" l="C"/>
		<a id="18" s="H" t="H" l="H"/>
		<a id="19" s="H" t="H" l="H"/>
	</atoms>
	<bonds>
		<b id="1" c="17 15" t="2"/>
		<b id="2" c="15 12" t="1"/>
		<b id="3" c="12 9" t="1"/>
		<b id="4" c="9 6" t="1"/>
		<b id="5" c="6 3" t="1"/>
		<b id="6" c="3 2" t="1"/>
		<b id="7" c="17 18" t="1"/>
		<b id="8" c="17 19" t="1"/>
		<b id="9" c="15 16" t="1"/>
		<b id="10" c="12 13" t="1"/>
		<b id="11" c="12 14" t="1"/>
		<b id="12" c="9 10" t="1"/>
		<b id="13" c="9 11" t="1"/>
		<b id="14" c="6 7" t="1"/>
		<b id="15" c="6 8" t="1"/>
		<b id="16" c="3 4" t="1"/>
		<b id="17" c="3 5" t="1"/>
		<b id="18" c="2 1" t="1"/>
	</bonds>
	<geometry>
		<g u="A" t="cart/3d">#19,3:4.3255,0.1960,-0.8740;3.6393,-0.3389,-0.4395;2.3934,0.2944,-0.6951;2.2439,0.3445,-1.7783;2.4307,1.3117,-0.2927;1.2873,-0.5127,-0.0305;1.3072,-1.5404,-0.4143;1.4907,-0.5904,1.0449;-0.0866,0.1136,-0.2655;-0.2748,0.1777,-1.3443;-0.0895,1.1371,0.1294;-1.1915,-0.7071,0.4078;-0.9802,-0.7764,1.4822;-1.1647,-1.7313,0.0154;-2.5987,-0.1946,0.2511;-3.3612,-0.7998,0.7410;-3.0019,0.8983,-0.4097;-4.0555,1.1601,-0.4475;-2.3133,1.5581,-0.9258;</g>
	</geometry>
	<conformers/>
	<properties/>
</molecule>
