<?xml version="1.0" ?>
<!--MOLLI PACKAGE EXPERIMENTAL XML FORMAT-->
<molecule name="react_454">
	<atoms>
		<a id="1" s="H" t="H" l="H"/>
		<a id="2" s="C" t="C.2" l="C"/>
		<a id="3" s="H" t="H" l="H"/>
		<a id="4" s="C" t="C.2" l="C"/>
		<a id="5" s="C" t="C.ar" l="C"/>
		<a id="6" s="C" t="C.ar" l="C"/>
		<a id="7" s="H" t="H" l="H"/>
		<a id="8" s="C" t="C.ar" l="C"/>
		<a id="9" s="H" t="H" l="H"/>
		<a id="10" s="C" t="C.ar" l="C"/>
		<a id="11" s="H" t="H" l="H"/>
		<a id="12" s="C" t="C.ar" l="C"/>
		<a id="13" s="H" t="H" l="H"/>
		<a id="14" s="C" t="C.ar" l="C"/>
		<a id="15" s="H" t="H" l="H"/>
		<a id="16" s="C" t="C.3" l="C"/>
		<a id="17" s="H" t="H" l="H"/>
		<a id="18" s="H" t="H" l="H"/>
		<a id="19" s="N" t="N.ar" l="N"/>
		<a id="20" s="C" t="C.ar" l="C"/>
		<a id="21" s="H" t="H" l="H"/>
		<a id="22" s="C" t="C.ar" l="C"/>
		<a id="23" s="Br" t="Br" l="BR"/>
		<a id="24" s="C" t="C.ar" l="C"/>
		<a id="25" s="N" t="N.am" l="N"/>
		<a id="26" s="H" t="H" l="H"/>
		<a id="27" s="C" t="C.2" l="C"/>
		<a id="28" s="O" t="O.2" l="O"/>
		<a id="29" s="C" t="C.3" l="C"/>
		<a id="30" s="H" t="H" l="H"/>
		<a id="31" s="H" t="H" l="H"/>
		<a id="32" s="H" t="H" l="H"/>
		<a id="33" s="N" t="N.ar" l="N"/>
		<a id="34" s="C" t="C.ar" l="C"/>
		<a id="35" s="O" t="O.2" l="O"/>
	</atoms>
	<bonds>
		<b id="1" c="2 4" t="2"/>
		<b id="2" c="4 16" t="1"/>
		<b id="3" c="16 19" t="1"/>
		<b id="4" c="19 20" t="ar"/>
		<b id="5" c="20 22" t="ar"/>
		<b id="6" c="22 23" t="1"/>
		<b id="7" c="22 24" t="ar"/>
		<b id="8" c="24 25" t="1"/>
		<b id="9" c="25 27" t="am"/>
		<b id="10" c="27 29" t="1"/>
		<b id="11" c="27 28" t="2"/>
		<b id="12" c="24 33" t="ar"/>
		<b id="13" c="33 34" t="ar"/>
		<b id="14" c="34 35" t="2"/>
		<b id="15" c="4 5" t="1"/>
		<b id="16" c="5 6" t="ar"/>
		<b id="17" c="6 8" t="ar"/>
		<b id="18" c="8 10" t="ar"/>
		<b id="19" c="10 12" t="ar"/>
		<b id="20" c="12 14" t="ar"/>
		<b id="21" c="34 19" t="ar"/>
		<b id="22" c="14 5" t="ar"/>
		<b id="23" c="2 1" t="1"/>
		<b id="24" c="2 3" t="1"/>
		<b id="25" c="16 17" t="1"/>
		<b id="26" c="16 18" t="1"/>
		<b id="27" c="20 21" t="1"/>
		<b id="28" c="25 26" t="1"/>
		<b id="29" c="29 30" t="1"/>
		<b id="30" c="29 31" t="1"/>
		<b id="31" c="29 32" t="1"/>
		<b id="32" c="6 7" t="1"/>
		<b id="33" c="8 9" t="1"/>
		<b id="34" c="10 11" t="1"/>
		<b id="35" c="12 13" t="1"/>
		<b id="36" c="14 15" t="1"/>
	</bonds>
	<geometry>
		<g u="A" t="cart/3d">#35,3:3.8885,-2.6283,-0.0897;3.0533,-2.6010,0.6045;2.8481,-3.5205,1.1446;2.3320,-1.4844,0.8181;2.6613,-0.2378,0.0836;2.6862,1.0027,0.7361;2.4885,1.0800,1.8033;2.9655,2.1783,0.0331;2.9735,3.1305,0.5580;3.2251,2.1317,-1.3338;3.4399,3.0476,-1.8777;3.2020,0.9100,-2.0001;3.3983,0.8702,-3.0681;2.9190,-0.2647,-1.2973;2.8882,-1.2022,-1.8470;1.2076,-1.4587,1.8388;1.0211,-2.4620,2.2445;1.4978,-0.8393,2.6938;-0.0498,-1.0037,1.2408;-0.6298,-1.7368,0.2239;-0.1092,-2.6380,-0.0860;-1.7667,-1.3531,-0.3602;-2.5808,-2.2932,-1.7373;-2.3333,-0.0919,0.1955;-3.5093,0.3161,-0.4170;-3.8497,-0.2775,-1.1611;-4.2773,1.4400,-0.1343;-4.0269,2.3173,0.6812;-5.5082,1.5172,-1.0026;-5.2432,1.9541,-1.9688;-6.2590,2.1445,-0.5135;-5.9423,0.5246,-1.1534;-1.8159,0.5851,1.1587;-0.6464,0.1616,1.7402;-0.1480,0.7816,2.6764;</g>
	</geometry>
	<conformers/>
	<properties/>
</molecule>
