<?xml version="1.0" ?>
<!--MOLLI PACKAGE EXPERIMENTAL XML FORMAT-->
<molecule name="react_455">
	<atoms>
		<a id="1" s="H" t="H" l="H"/>
		<a id="2" s="C" t="C.2" l="C"/>
		<a id="3" s="H" t="H" l="H"/>
		<a id="4" s="C" t="C.2" l="C"/>
		<a id="5" s="C" t="C.ar" l="C"/>
		<a id="6" s="C" t="C.ar" l="C"/>
		<a id="7" s="H" t="H" l="H"/>
		<a id="8" s="C" t="C.ar" l="C"/>
		<a id="9" s="H" t="H" l="H"/>
		<a id="10" s="C" t="C.ar" l="C"/>
		<a id="11" s="H" t="H" l="H"/>
		<a id="12" s="C" t="C.ar" l="C"/>
		<a id="13" s="H" t="H" l="H"/>
		<a id="14" s="C" t="C.ar" l="C"/>
		<a id="15" s="H" t="H" l="H"/>
		<a id="16" s="C" t="C.3" l="C"/>
		<a id="17" s="H" t="H" l="H"/>
		<a id="18" s="H" t="H" l="H"/>
		<a id="19" s="N" t="N.ar" l="N"/>
		<a id="20" s="C" t="C.ar" l="C"/>
		<a id="21" s="H" t="H" l="H"/>
		<a id="22" s="C" t="C.ar" l="C"/>
		<a id="23" s="C" t="C.3" l="C"/>
		<a id="24" s="H" t="H" l="H"/>
		<a id="25" s="H" t="H" l="H"/>
		<a id="26" s="H" t="H" l="H"/>
		<a id="27" s="C" t="C.ar" l="C"/>
		<a id="28" s="O" t="O.2" l="O"/>
		<a id="29" s="N" t="N.ar" l="N"/>
		<a id="30" s="C" t="C.2" l="C"/>
		<a id="31" s="O" t="O.2" l="O"/>
		<a id="32" s="C" t="C.ar" l="C"/>
		<a id="33" s="C" t="C.ar" l="C"/>
		<a id="34" s="H" t="H" l="H"/>
		<a id="35" s="C" t="C.ar" l="C"/>
		<a id="36" s="H" t="H" l="H"/>
		<a id="37" s="C" t="C.ar" l="C"/>
		<a id="38" s="H" t="H" l="H"/>
		<a id="39" s="C" t="C.ar" l="C"/>
		<a id="40" s="H" t="H" l="H"/>
		<a id="41" s="C" t="C.ar" l="C"/>
		<a id="42" s="H" t="H" l="H"/>
		<a id="43" s="C" t="C.ar" l="C"/>
		<a id="44" s="O" t="O.2" l="O"/>
	</atoms>
	<bonds>
		<b id="1" c="2 4" t="2"/>
		<b id="2" c="4 16" t="1"/>
		<b id="3" c="16 19" t="1"/>
		<b id="4" c="19 20" t="ar"/>
		<b id="5" c="20 22" t="ar"/>
		<b id="6" c="22 23" t="1"/>
		<b id="7" c="22 27" t="ar"/>
		<b id="8" c="27 28" t="2"/>
		<b id="9" c="27 29" t="ar"/>
		<b id="10" c="29 30" t="am"/>
		<b id="11" c="30 31" t="2"/>
		<b id="12" c="30 32" t="1"/>
		<b id="13" c="32 33" t="ar"/>
		<b id="14" c="33 35" t="ar"/>
		<b id="15" c="35 37" t="ar"/>
		<b id="16" c="37 39" t="ar"/>
		<b id="17" c="39 41" t="ar"/>
		<b id="18" c="29 43" t="ar"/>
		<b id="19" c="43 44" t="2"/>
		<b id="20" c="4 5" t="1"/>
		<b id="21" c="5 6" t="ar"/>
		<b id="22" c="6 8" t="ar"/>
		<b id="23" c="8 10" t="ar"/>
		<b id="24" c="10 12" t="ar"/>
		<b id="25" c="12 14" t="ar"/>
		<b id="26" c="43 19" t="ar"/>
		<b id="27" c="14 5" t="ar"/>
		<b id="28" c="41 32" t="ar"/>
		<b id="29" c="2 1" t="1"/>
		<b id="30" c="2 3" t="1"/>
		<b id="31" c="16 17" t="1"/>
		<b id="32" c="16 18" t="1"/>
		<b id="33" c="20 21" t="1"/>
		<b id="34" c="23 24" t="1"/>
		<b id="35" c="23 25" t="1"/>
		<b id="36" c="23 26" t="1"/>
		<b id="37" c="33 34" t="1"/>
		<b id="38" c="35 36" t="1"/>
		<b id="39" c="37 38" t="1"/>
		<b id="40" c="39 40" t="1"/>
		<b id="41" c="41 42" t="1"/>
		<b id="42" c="6 7" t="1"/>
		<b id="43" c="8 9" t="1"/>
		<b id="44" c="10 11" t="1"/>
		<b id="45" c="12 13" t="1"/>
		<b id="46" c="14 15" t="1"/>
	</bonds>
	<geometry>
		<g u="A" t="cart/3d">#44,3:2.7591,2.5135,-2.4699;2.1235,2.4672,-1.5903;1.2899,3.1638,-1.5523;2.3377,1.5863,-0.5976;3.4827,0.6618,-0.6906;3.5395,-0.2895,-1.7190;2.7446,-0.3445,-2.4603;4.6082,-1.1844,-1.7985;4.6416,-1.9184,-2.5997;5.6311,-1.1344,-0.8536;6.4654,-1.8283,-0.9190;5.5880,-0.1889,0.1695;6.3916,-0.1432,0.9002;4.5185,0.7060,0.2513;4.5117,1.4467,1.0472;1.4795,1.5333,0.6473;2.0807,1.4061,1.5557;0.9385,2.4786,0.7784;0.5156,0.4321,0.5418;0.8883,-0.8293,0.9494;1.8945,-0.9373,1.3483;0.0690,-1.8798,0.8637;0.4354,-3.2636,1.2922;0.3438,-3.9617,0.4537;-0.2195,-3.6021,2.1018;1.4672,-3.3165,1.6557;-1.2928,-1.6671,0.3117;-2.1162,-2.5788,0.3866;-1.5694,-0.4051,-0.1592;-2.6414,-0.2853,-1.0078;-2.5836,-0.5769,-2.2021;-3.9077,0.2631,-0.4257;-4.0761,0.4810,0.9494;-3.2889,0.2563,1.6623;-5.2826,0.9913,1.4369;-5.4102,1.1585,2.5038;-6.3257,1.2842,0.5595;-7.2632,1.6806,0.9416;-6.1683,1.0665,-0.8077;-6.9811,1.2924,-1.4935;-4.9649,0.5566,-1.2990;-4.8547,0.3905,-2.3692;-0.7284,0.6888,-0.0401;-1.0708,1.8301,-0.3587;</g>
	</geometry>
	<conformers/>
	<properties/>
</molecule>
