<?xml version="1.0" ?>
<!--MOLLI PACKAGE EXPERIMENTAL XML FORMAT-->
<molecule name="react_456">
	<atoms>
		<a id="1" s="H" t="H" l="H"/>
		<a id="2" s="C" t="C.2" l="C"/>
		<a id="3" s="H" t="H" l="H"/>
		<a id="4" s="C" t="C.2" l="C"/>
		<a id="5" s="C" t="C.ar" l="C"/>
		<a id="6" s="C" t="C.ar" l="C"/>
		<a id="7" s="H" t="H" l="H"/>
		<a id="8" s="C" t="C.ar" l="C"/>
		<a id="9" s="H" t="H" l="H"/>
		<a id="10" s="C" t="C.ar" l="C"/>
		<a id="11" s="H" t="H" l="H"/>
		<a id="12" s="C" t="C.ar" l="C"/>
		<a id="13" s="H" t="H" l="H"/>
		<a id="14" s="C" t="C.ar" l="C"/>
		<a id="15" s="H" t="H" l="H"/>
		<a id="16" s="C" t="C.3" l="C"/>
		<a id="17" s="H" t="H" l="H"/>
		<a id="18" s="H" t="H" l="H"/>
		<a id="19" s="N" t="N.ar" l="N"/>
		<a id="20" s="C" t="C.ar" l="C"/>
		<a id="21" s="H" t="H" l="H"/>
		<a id="22" s="C" t="C.ar" l="C"/>
		<a id="23" s="Cl" t="Cl" l="CL"/>
		<a id="24" s="C" t="C.ar" l="C"/>
		<a id="25" s="O" t="O.2" l="O"/>
		<a id="26" s="N" t="N.ar" l="N"/>
		<a id="27" s="C" t="C.2" l="C"/>
		<a id="28" s="O" t="O.2" l="O"/>
		<a id="29" s="C" t="C.ar" l="C"/>
		<a id="30" s="C" t="C.ar" l="C"/>
		<a id="31" s="H" t="H" l="H"/>
		<a id="32" s="C" t="C.ar" l="C"/>
		<a id="33" s="H" t="H" l="H"/>
		<a id="34" s="C" t="C.ar" l="C"/>
		<a id="35" s="H" t="H" l="H"/>
		<a id="36" s="C" t="C.ar" l="C"/>
		<a id="37" s="H" t="H" l="H"/>
		<a id="38" s="C" t="C.ar" l="C"/>
		<a id="39" s="H" t="H" l="H"/>
		<a id="40" s="C" t="C.ar" l="C"/>
		<a id="41" s="O" t="O.2" l="O"/>
	</atoms>
	<bonds>
		<b id="1" c="2 4" t="2"/>
		<b id="2" c="4 16" t="1"/>
		<b id="3" c="16 19" t="1"/>
		<b id="4" c="19 20" t="ar"/>
		<b id="5" c="20 22" t="ar"/>
		<b id="6" c="22 23" t="1"/>
		<b id="7" c="22 24" t="ar"/>
		<b id="8" c="24 25" t="2"/>
		<b id="9" c="24 26" t="ar"/>
		<b id="10" c="26 27" t="am"/>
		<b id="11" c="27 28" t="2"/>
		<b id="12" c="27 29" t="1"/>
		<b id="13" c="29 30" t="ar"/>
		<b id="14" c="30 32" t="ar"/>
		<b id="15" c="32 34" t="ar"/>
		<b id="16" c="34 36" t="ar"/>
		<b id="17" c="36 38" t="ar"/>
		<b id="18" c="26 40" t="ar"/>
		<b id="19" c="40 41" t="2"/>
		<b id="20" c="4 5" t="1"/>
		<b id="21" c="5 6" t="ar"/>
		<b id="22" c="6 8" t="ar"/>
		<b id="23" c="8 10" t="ar"/>
		<b id="24" c="10 12" t="ar"/>
		<b id="25" c="12 14" t="ar"/>
		<b id="26" c="40 19" t="ar"/>
		<b id="27" c="14 5" t="ar"/>
		<b id="28" c="38 29" t="ar"/>
		<b id="29" c="2 1" t="1"/>
		<b id="30" c="2 3" t="1"/>
		<b id="31" c="16 17" t="1"/>
		<b id="32" c="16 18" t="1"/>
		<b id="33" c="20 21" t="1"/>
		<b id="34" c="30 31" t="1"/>
		<b id="35" c="32 33" t="1"/>
		<b id="36" c="34 35" t="1"/>
		<b id="37" c="36 37" t="1"/>
		<b id="38" c="38 39" t="1"/>
		<b id="39" c="6 7" t="1"/>
		<b id="40" c="8 9" t="1"/>
		<b id="41" c="10 11" t="1"/>
		<b id="42" c="12 13" t="1"/>
		<b id="43" c="14 15" t="1"/>
	</bonds>
	<geometry>
		<g u="A" t="cart/3d">#41,3:-1.2358,-2.6847,-1.9507;-2.1114,-2.2807,-1.4488;-2.8280,-3.0005,-1.0633;-2.2816,-0.9549,-1.3068;-3.4863,-0.4533,-0.6199;-4.4144,0.3499,-1.2949;-4.2816,0.5853,-2.3480;-5.5379,0.8451,-0.6288;-6.2571,1.4627,-1.1610;-5.7429,0.5417,0.7160;-6.6186,0.9255,1.2334;-4.8288,-0.2609,1.3956;-4.9891,-0.5015,2.4436;-3.7064,-0.7582,0.7307;-2.9986,-1.3787,1.2769;-1.3080,0.0590,-1.8661;-0.6771,-0.4009,-2.6367;-1.8214,0.8934,-2.3587;-0.4568,0.5761,-0.7881;-0.8868,1.6591,-0.0498;-1.8450,2.0935,-0.3246;-0.1714,2.1603,0.9568;-0.7114,3.5194,1.8568;1.1357,1.5414,1.2905;1.9038,2.0937,2.0783;1.4565,0.4058,0.5761;2.3863,-0.4276,1.1443;2.1093,-1.2059,2.0563;3.7713,-0.3865,0.5777;4.6943,-1.3467,1.0164;4.3994,-2.0989,1.7460;6.0001,-1.3507,0.5220;6.7079,-2.1003,0.8672;6.3941,-0.3942,-0.4113;7.4115,-0.3971,-0.7950;5.4856,0.5680,-0.8501;5.7982,1.3159,-1.5749;4.1772,0.5756,-0.3583;3.5002,1.3453,-0.7153;0.7312,-0.0999,-0.4923;1.1338,-1.0348,-1.1875;</g>
	</geometry>
	<conformers/>
	<properties/>
</molecule>
