<?xml version="1.0" ?>
<!--MOLLI PACKAGE EXPERIMENTAL XML FORMAT-->
<molecule name="react_457">
	<atoms>
		<a id="1" s="H" t="H" l="H"/>
		<a id="2" s="C" t="C.2" l="C"/>
		<a id="3" s="H" t="H" l="H"/>
		<a id="4" s="C" t="C.2" l="C"/>
		<a id="5" s="C" t="C.ar" l="C"/>
		<a id="6" s="C" t="C.ar" l="C"/>
		<a id="7" s="H" t="H" l="H"/>
		<a id="8" s="C" t="C.ar" l="C"/>
		<a id="9" s="H" t="H" l="H"/>
		<a id="10" s="C" t="C.ar" l="C"/>
		<a id="11" s="H" t="H" l="H"/>
		<a id="12" s="C" t="C.ar" l="C"/>
		<a id="13" s="H" t="H" l="H"/>
		<a id="14" s="C" t="C.ar" l="C"/>
		<a id="15" s="H" t="H" l="H"/>
		<a id="16" s="C" t="C.3" l="C"/>
		<a id="17" s="H" t="H" l="H"/>
		<a id="18" s="H" t="H" l="H"/>
		<a id="19" s="N" t="N.ar" l="N"/>
		<a id="20" s="C" t="C.ar" l="C"/>
		<a id="21" s="H" t="H" l="H"/>
		<a id="22" s="C" t="C.ar" l="C"/>
		<a id="23" s="Br" t="Br" l="BR"/>
		<a id="24" s="C" t="C.ar" l="C"/>
		<a id="25" s="O" t="O.2" l="O"/>
		<a id="26" s="N" t="N.ar" l="N"/>
		<a id="27" s="C" t="C.2" l="C"/>
		<a id="28" s="O" t="O.2" l="O"/>
		<a id="29" s="C" t="C.ar" l="C"/>
		<a id="30" s="C" t="C.ar" l="C"/>
		<a id="31" s="H" t="H" l="H"/>
		<a id="32" s="C" t="C.ar" l="C"/>
		<a id="33" s="H" t="H" l="H"/>
		<a id="34" s="C" t="C.ar" l="C"/>
		<a id="35" s="H" t="H" l="H"/>
		<a id="36" s="C" t="C.ar" l="C"/>
		<a id="37" s="H" t="H" l="H"/>
		<a id="38" s="C" t="C.ar" l="C"/>
		<a id="39" s="H" t="H" l="H"/>
		<a id="40" s="C" t="C.ar" l="C"/>
		<a id="41" s="O" t="O.2" l="O"/>
	</atoms>
	<bonds>
		<b id="1" c="2 4" t="2"/>
		<b id="2" c="4 16" t="1"/>
		<b id="3" c="16 19" t="1"/>
		<b id="4" c="19 20" t="ar"/>
		<b id="5" c="20 22" t="ar"/>
		<b id="6" c="22 23" t="1"/>
		<b id="7" c="22 24" t="ar"/>
		<b id="8" c="24 25" t="2"/>
		<b id="9" c="24 26" t="ar"/>
		<b id="10" c="26 27" t="am"/>
		<b id="11" c="27 28" t="2"/>
		<b id="12" c="27 29" t="1"/>
		<b id="13" c="29 30" t="ar"/>
		<b id="14" c="30 32" t="ar"/>
		<b id="15" c="32 34" t="ar"/>
		<b id="16" c="34 36" t="ar"/>
		<b id="17" c="36 38" t="ar"/>
		<b id="18" c="26 40" t="ar"/>
		<b id="19" c="40 41" t="2"/>
		<b id="20" c="4 5" t="1"/>
		<b id="21" c="5 6" t="ar"/>
		<b id="22" c="6 8" t="ar"/>
		<b id="23" c="8 10" t="ar"/>
		<b id="24" c="10 12" t="ar"/>
		<b id="25" c="12 14" t="ar"/>
		<b id="26" c="40 19" t="ar"/>
		<b id="27" c="14 5" t="ar"/>
		<b id="28" c="38 29" t="ar"/>
		<b id="29" c="2 1" t="1"/>
		<b id="30" c="2 3" t="1"/>
		<b id="31" c="16 17" t="1"/>
		<b id="32" c="16 18" t="1"/>
		<b id="33" c="20 21" t="1"/>
		<b id="34" c="30 31" t="1"/>
		<b id="35" c="32 33" t="1"/>
		<b id="36" c="34 35" t="1"/>
		<b id="37" c="36 37" t="1"/>
		<b id="38" c="38 39" t="1"/>
		<b id="39" c="6 7" t="1"/>
		<b id="40" c="8 9" t="1"/>
		<b id="41" c="10 11" t="1"/>
		<b id="42" c="12 13" t="1"/>
		<b id="43" c="14 15" t="1"/>
	</bonds>
	<geometry>
		<g u="A" t="cart/3d">#41,3:3.2513,-2.7120,-0.1584;2.4970,-2.1719,-0.7236;1.7335,-2.7701,-1.2145;2.4898,-0.8303,-0.8078;3.5468,-0.0607,-0.1259;4.4380,0.7361,-0.8560;4.3898,0.7697,-1.9416;5.4170,1.4857,-0.1997;6.1092,2.0969,-0.7735;5.5134,1.4449,1.1901;6.2770,2.0268,1.7002;4.6354,0.6515,1.9257;4.7116,0.6157,3.0096;3.6577,-0.0999,1.2712;2.9754,-0.7100,1.8601;1.4639,-0.0669,-1.6163;0.9747,-0.7314,-2.3392;1.9216,0.7343,-2.2089;0.4513,0.5043,-0.7206;0.6731,1.7422,-0.1547;1.5992,2.2435,-0.4269;-0.1899,2.3134,0.6883;0.1164,3.9899,1.4395;-1.4452,1.5818,1.0131;-2.3566,2.1496,1.6162;-1.5533,0.3086,0.4956;-2.4318,-0.5339,1.1287;-2.1618,-1.0999,2.1874;-3.7440,-0.7803,0.4515;-4.1641,-0.0521,-0.6708;-3.5529,0.7347,-1.1015;-5.4025,-0.3228,-1.2597;-5.7265,0.2442,-2.1292;-6.2273,-1.3160,-0.7333;-7.1904,-1.5238,-1.1930;-5.8193,-2.0407,0.3846;-6.4622,-2.8139,0.7981;-4.5834,-1.7735,0.9764;-4.2768,-2.3462,1.8500;-0.6698,-0.2666,-0.4034;-0.8852,-1.3511,-0.9483;</g>
	</geometry>
	<conformers/>
	<properties/>
</molecule>
