<?xml version="1.0" ?>
<!--MOLLI PACKAGE EXPERIMENTAL XML FORMAT-->
<molecule name="react_458">
	<atoms>
		<a id="1" s="H" t="H" l="H"/>
		<a id="2" s="C" t="C.2" l="C"/>
		<a id="3" s="H" t="H" l="H"/>
		<a id="4" s="C" t="C.2" l="C"/>
		<a id="5" s="C" t="C.ar" l="C"/>
		<a id="6" s="C" t="C.ar" l="C"/>
		<a id="7" s="H" t="H" l="H"/>
		<a id="8" s="C" t="C.ar" l="C"/>
		<a id="9" s="H" t="H" l="H"/>
		<a id="10" s="C" t="C.ar" l="C"/>
		<a id="11" s="H" t="H" l="H"/>
		<a id="12" s="C" t="C.ar" l="C"/>
		<a id="13" s="H" t="H" l="H"/>
		<a id="14" s="C" t="C.ar" l="C"/>
		<a id="15" s="H" t="H" l="H"/>
		<a id="16" s="C" t="C.3" l="C"/>
		<a id="17" s="H" t="H" l="H"/>
		<a id="18" s="H" t="H" l="H"/>
		<a id="19" s="N" t="N.ar" l="N"/>
		<a id="20" s="C" t="C.ar" l="C"/>
		<a id="21" s="H" t="H" l="H"/>
		<a id="22" s="C" t="C.ar" l="C"/>
		<a id="23" s="I" t="I" l="I"/>
		<a id="24" s="C" t="C.ar" l="C"/>
		<a id="25" s="O" t="O.2" l="O"/>
		<a id="26" s="N" t="N.ar" l="N"/>
		<a id="27" s="C" t="C.2" l="C"/>
		<a id="28" s="O" t="O.2" l="O"/>
		<a id="29" s="C" t="C.ar" l="C"/>
		<a id="30" s="C" t="C.ar" l="C"/>
		<a id="31" s="H" t="H" l="H"/>
		<a id="32" s="C" t="C.ar" l="C"/>
		<a id="33" s="H" t="H" l="H"/>
		<a id="34" s="C" t="C.ar" l="C"/>
		<a id="35" s="H" t="H" l="H"/>
		<a id="36" s="C" t="C.ar" l="C"/>
		<a id="37" s="H" t="H" l="H"/>
		<a id="38" s="C" t="C.ar" l="C"/>
		<a id="39" s="H" t="H" l="H"/>
		<a id="40" s="C" t="C.ar" l="C"/>
		<a id="41" s="O" t="O.2" l="O"/>
	</atoms>
	<bonds>
		<b id="1" c="2 4" t="2"/>
		<b id="2" c="4 16" t="1"/>
		<b id="3" c="16 19" t="1"/>
		<b id="4" c="19 20" t="ar"/>
		<b id="5" c="20 22" t="ar"/>
		<b id="6" c="22 23" t="1"/>
		<b id="7" c="22 24" t="ar"/>
		<b id="8" c="24 25" t="2"/>
		<b id="9" c="24 26" t="ar"/>
		<b id="10" c="26 27" t="am"/>
		<b id="11" c="27 28" t="2"/>
		<b id="12" c="27 29" t="1"/>
		<b id="13" c="29 30" t="ar"/>
		<b id="14" c="30 32" t="ar"/>
		<b id="15" c="32 34" t="ar"/>
		<b id="16" c="34 36" t="ar"/>
		<b id="17" c="36 38" t="ar"/>
		<b id="18" c="26 40" t="ar"/>
		<b id="19" c="40 41" t="2"/>
		<b id="20" c="4 5" t="1"/>
		<b id="21" c="5 6" t="ar"/>
		<b id="22" c="6 8" t="ar"/>
		<b id="23" c="8 10" t="ar"/>
		<b id="24" c="10 12" t="ar"/>
		<b id="25" c="12 14" t="ar"/>
		<b id="26" c="40 19" t="ar"/>
		<b id="27" c="14 5" t="ar"/>
		<b id="28" c="38 29" t="ar"/>
		<b id="29" c="2 1" t="1"/>
		<b id="30" c="2 3" t="1"/>
		<b id="31" c="16 17" t="1"/>
		<b id="32" c="16 18" t="1"/>
		<b id="33" c="20 21" t="1"/>
		<b id="34" c="30 31" t="1"/>
		<b id="35" c="32 33" t="1"/>
		<b id="36" c="34 35" t="1"/>
		<b id="37" c="36 37" t="1"/>
		<b id="38" c="38 39" t="1"/>
		<b id="39" c="6 7" t="1"/>
		<b id="40" c="8 9" t="1"/>
		<b id="41" c="10 11" t="1"/>
		<b id="42" c="12 13" t="1"/>
		<b id="43" c="14 15" t="1"/>
	</bonds>
	<geometry>
		<g u="A" t="cart/3d">#41,3:1.0807,3.0150,-1.3868;1.9515,2.3653,-1.4240;2.5587,2.4143,-2.3234;2.2443,1.5366,-0.4071;3.4361,0.6733,-0.5024;4.4940,0.8088,0.4057;4.4715,1.5801,1.1717;5.6045,-0.0348,0.3285;6.4245,0.0803,1.0330;5.6670,-1.0193,-0.6560;6.5326,-1.6743,-0.7171;4.6227,-1.1591,-1.5680;4.6714,-1.9241,-2.3388;3.5129,-0.3153,-1.4935;2.7024,-0.4411,-2.2087;1.4252,1.4788,0.8638;2.0581,1.4541,1.7590;0.8049,2.3784,0.9607;0.5600,0.2932,0.8431;1.0535,-0.9090,1.3049;2.0732,-0.8978,1.6837;0.3364,-2.0358,1.2908;1.0975,-3.8061,1.9818;-1.0583,-1.9737,0.7690;-1.8291,-2.9205,0.9303;-1.4457,-0.7678,0.2240;-2.4985,-0.8061,-0.6550;-2.3746,-1.1749,-1.8225;-3.8249,-0.3330,-0.1472;-4.0593,-0.0514,1.2064;-3.2831,-0.1695,1.9560;-5.3202,0.3835,1.6246;-5.4996,0.6000,2.6750;-6.3515,0.5371,0.6991;-7.3315,0.8748,1.0275;-6.1281,0.2546,-0.6469;-6.9319,0.3713,-1.3696;-4.8704,-0.1805,-1.0691;-4.7092,-0.3989,-2.1233;-0.7085,0.4039,0.2695;-1.1591,1.4898,-0.1011;</g>
	</geometry>
	<conformers/>
	<properties/>
</molecule>
