<?xml version="1.0" ?>
<!--MOLLI PACKAGE EXPERIMENTAL XML FORMAT-->
<molecule name="react_459">
	<atoms>
		<a id="1" s="H" t="H" l="H"/>
		<a id="2" s="C" t="C.2" l="C"/>
		<a id="3" s="H" t="H" l="H"/>
		<a id="4" s="C" t="C.2" l="C"/>
		<a id="5" s="C" t="C.ar" l="C"/>
		<a id="6" s="C" t="C.ar" l="C"/>
		<a id="7" s="H" t="H" l="H"/>
		<a id="8" s="C" t="C.ar" l="C"/>
		<a id="9" s="H" t="H" l="H"/>
		<a id="10" s="C" t="C.ar" l="C"/>
		<a id="11" s="H" t="H" l="H"/>
		<a id="12" s="C" t="C.ar" l="C"/>
		<a id="13" s="H" t="H" l="H"/>
		<a id="14" s="C" t="C.ar" l="C"/>
		<a id="15" s="H" t="H" l="H"/>
		<a id="16" s="C" t="C.3" l="C"/>
		<a id="17" s="H" t="H" l="H"/>
		<a id="18" s="H" t="H" l="H"/>
		<a id="19" s="N" t="N.ar" l="N"/>
		<a id="20" s="C" t="C.ar" l="C"/>
		<a id="21" s="H" t="H" l="H"/>
		<a id="22" s="C" t="C.ar" l="C"/>
		<a id="23" s="F" t="F" l="F"/>
		<a id="24" s="C" t="C.ar" l="C"/>
		<a id="25" s="O" t="O.2" l="O"/>
		<a id="26" s="N" t="N.ar" l="N"/>
		<a id="27" s="C" t="C.2" l="C"/>
		<a id="28" s="O" t="O.2" l="O"/>
		<a id="29" s="C" t="C.ar" l="C"/>
		<a id="30" s="C" t="C.ar" l="C"/>
		<a id="31" s="H" t="H" l="H"/>
		<a id="32" s="C" t="C.ar" l="C"/>
		<a id="33" s="H" t="H" l="H"/>
		<a id="34" s="C" t="C.ar" l="C"/>
		<a id="35" s="H" t="H" l="H"/>
		<a id="36" s="C" t="C.ar" l="C"/>
		<a id="37" s="H" t="H" l="H"/>
		<a id="38" s="C" t="C.ar" l="C"/>
		<a id="39" s="H" t="H" l="H"/>
		<a id="40" s="C" t="C.ar" l="C"/>
		<a id="41" s="O" t="O.2" l="O"/>
	</atoms>
	<bonds>
		<b id="1" c="2 4" t="2"/>
		<b id="2" c="4 16" t="1"/>
		<b id="3" c="16 19" t="1"/>
		<b id="4" c="19 20" t="ar"/>
		<b id="5" c="20 22" t="ar"/>
		<b id="6" c="22 23" t="1"/>
		<b id="7" c="22 24" t="ar"/>
		<b id="8" c="24 25" t="2"/>
		<b id="9" c="24 26" t="ar"/>
		<b id="10" c="26 27" t="am"/>
		<b id="11" c="27 28" t="2"/>
		<b id="12" c="27 29" t="1"/>
		<b id="13" c="29 30" t="ar"/>
		<b id="14" c="30 32" t="ar"/>
		<b id="15" c="32 34" t="ar"/>
		<b id="16" c="34 36" t="ar"/>
		<b id="17" c="36 38" t="ar"/>
		<b id="18" c="26 40" t="ar"/>
		<b id="19" c="40 41" t="2"/>
		<b id="20" c="4 5" t="1"/>
		<b id="21" c="5 6" t="ar"/>
		<b id="22" c="6 8" t="ar"/>
		<b id="23" c="8 10" t="ar"/>
		<b id="24" c="10 12" t="ar"/>
		<b id="25" c="12 14" t="ar"/>
		<b id="26" c="40 19" t="ar"/>
		<b id="27" c="14 5" t="ar"/>
		<b id="28" c="38 29" t="ar"/>
		<b id="29" c="2 1" t="1"/>
		<b id="30" c="2 3" t="1"/>
		<b id="31" c="16 17" t="1"/>
		<b id="32" c="16 18" t="1"/>
		<b id="33" c="20 21" t="1"/>
		<b id="34" c="30 31" t="1"/>
		<b id="35" c="32 33" t="1"/>
		<b id="36" c="34 35" t="1"/>
		<b id="37" c="36 37" t="1"/>
		<b id="38" c="38 39" t="1"/>
		<b id="39" c="6 7" t="1"/>
		<b id="40" c="8 9" t="1"/>
		<b id="41" c="10 11" t="1"/>
		<b id="42" c="12 13" t="1"/>
		<b id="43" c="14 15" t="1"/>
	</bonds>
	<geometry>
		<g u="A" t="cart/3d">#41,3:2.6775,-3.1833,-0.1755;1.9687,-2.6043,0.4099;1.0438,-3.1015,0.6895;2.2050,-1.3287,0.7626;3.4749,-0.6934,0.3607;4.4001,-0.2711,1.3244;4.2077,-0.4328,2.3831;5.5910,0.3484,0.9389;6.3060,0.6689,1.6925;5.8652,0.5518,-0.4122;6.7888,1.0383,-0.7160;4.9542,0.1320,-1.3790;5.1690,0.2876,-2.4331;3.7641,-0.4899,-0.9954;3.0598,-0.8085,-1.7621;1.2451,-0.5215,1.6076;1.7667,0.0867,2.3575;0.5816,-1.1884,2.1727;0.4384,0.3516,0.7480;0.9240,1.5966,0.4062;1.8902,1.8943,0.8024;0.2364,2.4155,-0.3821;0.6845,3.6424,-0.7059;-1.0833,2.0127,-0.9038;-1.7949,2.8421,-1.4674;-1.4686,0.7245,-0.5976;-2.4492,0.1811,-1.3899;-2.2435,-0.1860,-2.5455;-3.7962,-0.0088,-0.7679;-4.1636,0.6154,0.4332;-3.4817,1.2713,0.9670;-5.4413,0.4140,0.9638;-5.7255,0.9012,1.8938;-6.3568,-0.4044,0.3005;-7.3515,-0.5569,0.7142;-6.0002,-1.0232,-0.8964;-6.7133,-1.6595,-1.4159;-4.7264,-0.8234,-1.4318;-4.4606,-1.3097,-2.3691;-0.7732,-0.1393,0.2410;-1.2127,-1.2418,0.5771;</g>
	</geometry>
	<conformers/>
	<properties/>
</molecule>
