<?xml version="1.0" ?>
<!--MOLLI PACKAGE EXPERIMENTAL XML FORMAT-->
<molecule name="react_462">
	<atoms>
		<a id="1" s="H" t="H" l="H"/>
		<a id="2" s="C" t="C.2" l="C"/>
		<a id="3" s="C" t="C.2" l="C"/>
		<a id="4" s="O" t="O.2" l="O"/>
		<a id="5" s="O" t="O.3" l="O"/>
		<a id="6" s="C" t="C.3" l="C"/>
		<a id="7" s="H" t="H" l="H"/>
		<a id="8" s="H" t="H" l="H"/>
		<a id="9" s="C" t="C.3" l="C"/>
		<a id="10" s="H" t="H" l="H"/>
		<a id="11" s="H" t="H" l="H"/>
		<a id="12" s="H" t="H" l="H"/>
		<a id="13" s="C" t="C.2" l="C"/>
		<a id="14" s="H" t="H" l="H"/>
		<a id="15" s="C" t="C.3" l="C"/>
		<a id="16" s="H" t="H" l="H"/>
		<a id="17" s="H" t="H" l="H"/>
		<a id="18" s="C" t="C.3" l="C"/>
		<a id="19" s="H" t="H" l="H"/>
		<a id="20" s="H" t="H" l="H"/>
		<a id="21" s="C" t="C.3" l="C"/>
		<a id="22" s="H" t="H" l="H"/>
		<a id="23" s="H" t="H" l="H"/>
		<a id="24" s="O" t="O.3" l="O"/>
		<a id="25" s="C" t="C.3" l="C"/>
		<a id="26" s="H" t="H" l="H"/>
		<a id="27" s="H" t="H" l="H"/>
		<a id="28" s="C" t="C.ar" l="C"/>
		<a id="29" s="C" t="C.ar" l="C"/>
		<a id="30" s="H" t="H" l="H"/>
		<a id="31" s="C" t="C.ar" l="C"/>
		<a id="32" s="H" t="H" l="H"/>
		<a id="33" s="C" t="C.ar" l="C"/>
		<a id="34" s="O" t="O.3" l="O"/>
		<a id="35" s="C" t="C.3" l="C"/>
		<a id="36" s="H" t="H" l="H"/>
		<a id="37" s="H" t="H" l="H"/>
		<a id="38" s="H" t="H" l="H"/>
		<a id="39" s="C" t="C.ar" l="C"/>
		<a id="40" s="H" t="H" l="H"/>
		<a id="41" s="C" t="C.ar" l="C"/>
		<a id="42" s="H" t="H" l="H"/>
	</atoms>
	<bonds>
		<b id="1" c="9 6" t="1"/>
		<b id="2" c="6 5" t="1"/>
		<b id="3" c="5 3" t="1"/>
		<b id="4" c="3 4" t="2"/>
		<b id="5" c="3 2" t="1"/>
		<b id="6" c="2 13" t="2"/>
		<b id="7" c="13 15" t="1"/>
		<b id="8" c="15 18" t="1"/>
		<b id="9" c="18 21" t="1"/>
		<b id="10" c="21 24" t="1"/>
		<b id="11" c="24 25" t="1"/>
		<b id="12" c="25 28" t="1"/>
		<b id="13" c="28 29" t="ar"/>
		<b id="14" c="29 31" t="ar"/>
		<b id="15" c="31 33" t="ar"/>
		<b id="16" c="33 34" t="1"/>
		<b id="17" c="34 35" t="1"/>
		<b id="18" c="33 39" t="ar"/>
		<b id="19" c="39 41" t="ar"/>
		<b id="20" c="41 28" t="ar"/>
		<b id="21" c="9 10" t="1"/>
		<b id="22" c="9 11" t="1"/>
		<b id="23" c="9 12" t="1"/>
		<b id="24" c="6 7" t="1"/>
		<b id="25" c="6 8" t="1"/>
		<b id="26" c="2 1" t="1"/>
		<b id="27" c="13 14" t="1"/>
		<b id="28" c="15 16" t="1"/>
		<b id="29" c="15 17" t="1"/>
		<b id="30" c="18 19" t="1"/>
		<b id="31" c="18 20" t="1"/>
		<b id="32" c="21 22" t="1"/>
		<b id="33" c="21 23" t="1"/>
		<b id="34" c="25 26" t="1"/>
		<b id="35" c="25 27" t="1"/>
		<b id="36" c="29 30" t="1"/>
		<b id="37" c="31 32" t="1"/>
		<b id="38" c="35 36" t="1"/>
		<b id="39" c="35 37" t="1"/>
		<b id="40" c="35 38" t="1"/>
		<b id="41" c="39 40" t="1"/>
		<b id="42" c="41 42" t="1"/>
	</bonds>
	<geometry>
		<g u="A" t="cart/3d">#42,3:-3.6803,-1.0197,3.0380;-3.9620,-0.8502,2.0038;-5.4134,-0.6397,1.8097;-6.2013,-0.6593,2.7438;-5.7223,-0.4302,0.5076;-7.1178,-0.2215,0.2639;-7.6856,-1.1019,0.5851;-7.4620,0.6612,0.8145;-7.3104,-0.0034,-1.2242;-8.3652,0.1613,-1.4612;-6.9515,-0.8693,-1.7903;-6.7319,0.8617,-1.5650;-3.0427,-0.8412,1.0248;-3.3430,-0.6772,-0.0083;-1.5752,-1.0657,1.2610;-1.3858,-1.3123,2.3128;-1.2623,-1.9336,0.6688;-0.7577,0.1668,0.8659;-0.9157,0.3762,-0.1985;-1.1110,1.0444,1.4212;0.7333,-0.0223,1.1432;1.2931,0.8833,0.8839;0.8806,-0.1920,2.2155;1.2594,-1.1635,0.4673;1.6378,-0.9127,-0.8877;0.8660,-0.3289,-1.4008;1.6981,-1.8822,-1.3949;2.9919,-0.2521,-0.9792;3.2048,0.8155,-1.8587;2.3945,1.1958,-2.4760;4.4659,1.4098,-1.9542;4.6186,2.2411,-2.6383;5.5346,0.9472,-1.1832;6.7106,1.6186,-1.3748;7.8288,1.1840,-0.6113;8.0942,0.1495,-0.8533;8.6811,1.8168,-0.8770;7.6459,1.3055,0.4615;5.3317,-0.1228,-0.3127;6.1304,-0.5196,0.3045;4.0698,-0.7198,-0.2152;3.9259,-1.5551,0.4682;</g>
	</geometry>
	<conformers/>
	<properties/>
</molecule>
