<?xml version="1.0" ?>
<!--MOLLI PACKAGE EXPERIMENTAL XML FORMAT-->
<molecule name="react_463">
	<atoms>
		<a id="1" s="H" t="H" l="H"/>
		<a id="2" s="C" t="C.2" l="C"/>
		<a id="3" s="C" t="C.2" l="C"/>
		<a id="4" s="C" t="C.3" l="C"/>
		<a id="5" s="H" t="H" l="H"/>
		<a id="6" s="H" t="H" l="H"/>
		<a id="7" s="H" t="H" l="H"/>
		<a id="8" s="C" t="C.3" l="C"/>
		<a id="9" s="H" t="H" l="H"/>
		<a id="10" s="H" t="H" l="H"/>
		<a id="11" s="H" t="H" l="H"/>
		<a id="12" s="C" t="C.ar" l="C"/>
		<a id="13" s="N" t="N.ar" l="N"/>
		<a id="14" s="C" t="C.ar" l="C"/>
		<a id="15" s="C" t="C.2" l="C"/>
		<a id="16" s="O" t="O.2" l="O"/>
		<a id="17" s="O" t="O.3" l="O"/>
		<a id="18" s="C" t="C.3" l="C"/>
		<a id="19" s="H" t="H" l="H"/>
		<a id="20" s="H" t="H" l="H"/>
		<a id="21" s="C" t="C.3" l="C"/>
		<a id="22" s="H" t="H" l="H"/>
		<a id="23" s="H" t="H" l="H"/>
		<a id="24" s="Si" t="Si" l="SI"/>
		<a id="25" s="C" t="C.3" l="C"/>
		<a id="26" s="H" t="H" l="H"/>
		<a id="27" s="H" t="H" l="H"/>
		<a id="28" s="H" t="H" l="H"/>
		<a id="29" s="C" t="C.3" l="C"/>
		<a id="30" s="H" t="H" l="H"/>
		<a id="31" s="H" t="H" l="H"/>
		<a id="32" s="H" t="H" l="H"/>
		<a id="33" s="C" t="C.3" l="C"/>
		<a id="34" s="H" t="H" l="H"/>
		<a id="35" s="H" t="H" l="H"/>
		<a id="36" s="H" t="H" l="H"/>
		<a id="37" s="C" t="C.ar" l="C"/>
		<a id="38" s="H" t="H" l="H"/>
		<a id="39" s="S" t="S.2" l="S"/>
	</atoms>
	<bonds>
		<b id="1" c="4 3" t="1"/>
		<b id="2" c="3 8" t="1"/>
		<b id="3" c="3 2" t="2"/>
		<b id="4" c="2 12" t="1"/>
		<b id="5" c="12 13" t="ar"/>
		<b id="6" c="13 14" t="ar"/>
		<b id="7" c="14 15" t="1"/>
		<b id="8" c="15 16" t="2"/>
		<b id="9" c="15 17" t="1"/>
		<b id="10" c="17 18" t="1"/>
		<b id="11" c="18 21" t="1"/>
		<b id="12" c="21 24" t="1"/>
		<b id="13" c="24 25" t="1"/>
		<b id="14" c="24 29" t="1"/>
		<b id="15" c="24 33" t="1"/>
		<b id="16" c="14 37" t="ar"/>
		<b id="17" c="37 39" t="ar"/>
		<b id="18" c="39 12" t="ar"/>
		<b id="19" c="4 5" t="1"/>
		<b id="20" c="4 6" t="1"/>
		<b id="21" c="4 7" t="1"/>
		<b id="22" c="8 9" t="1"/>
		<b id="23" c="8 10" t="1"/>
		<b id="24" c="8 11" t="1"/>
		<b id="25" c="2 1" t="1"/>
		<b id="26" c="18 19" t="1"/>
		<b id="27" c="18 20" t="1"/>
		<b id="28" c="21 22" t="1"/>
		<b id="29" c="21 23" t="1"/>
		<b id="30" c="25 26" t="1"/>
		<b id="31" c="25 27" t="1"/>
		<b id="32" c="25 28" t="1"/>
		<b id="33" c="29 30" t="1"/>
		<b id="34" c="29 31" t="1"/>
		<b id="35" c="29 32" t="1"/>
		<b id="36" c="33 34" t="1"/>
		<b id="37" c="33 35" t="1"/>
		<b id="38" c="33 36" t="1"/>
		<b id="39" c="37 38" t="1"/>
	</bonds>
	<geometry>
		<g u="A" t="cart/3d">#39,3:-5.4244,-2.5017,0.9244;-4.9714,-1.5560,0.6422;-5.7274,-0.6513,-0.0149;-5.3065,0.7323,-0.4402;-5.2120,0.7810,-1.5321;-6.0648,1.4636,-0.1388;-4.3697,1.0681,0.0066;-7.1537,-0.9846,-0.3724;-7.3202,-0.8434,-1.4491;-7.8420,-0.3316,0.1752;-7.4126,-2.0213,-0.1335;-3.6029,-1.3756,1.0013;-2.7064,-0.5978,0.4254;-1.4690,-0.6663,1.0651;-0.3246,0.1294,0.6066;-0.3254,0.8006,-0.4199;0.7484,0.0291,1.4542;1.9310,0.7410,1.0567;1.6835,1.6699,0.5234;2.4414,1.0384,1.9827;2.8168,-0.1896,0.2282;3.0399,-1.0902,0.8189;2.2611,-0.5444,-0.6516;4.4517,0.5599,-0.3693;5.4542,-0.7885,-1.2107;6.3946,-0.3885,-1.6012;4.8924,-1.2212,-2.0465;5.6930,-1.5903,-0.5016;5.4141,1.2331,1.0961;4.8853,2.0764,1.5534;6.4027,1.5818,0.7830;5.5509,0.4590,1.8587;4.1051,1.9399,-1.5927;3.5358,2.7521,-1.1234;5.0422,2.3571,-1.9755;3.5254,1.5638,-2.4447;-1.4466,-1.5468,2.1318;-0.6200,-1.7892,2.7870;-2.9698,-2.2984,2.3255;</g>
	</geometry>
	<conformers/>
	<properties/>
</molecule>
