<?xml version="1.0" ?>
<!--MOLLI PACKAGE EXPERIMENTAL XML FORMAT-->
<molecule name="react_464">
	<atoms>
		<a id="1" s="H" t="H" l="H"/>
		<a id="2" s="C" t="C.2" l="C"/>
		<a id="3" s="C" t="C.2" l="C"/>
		<a id="4" s="H" t="H" l="H"/>
		<a id="5" s="C" t="C.3" l="C"/>
		<a id="6" s="H" t="H" l="H"/>
		<a id="7" s="H" t="H" l="H"/>
		<a id="8" s="C" t="C.3" l="C"/>
		<a id="9" s="H" t="H" l="H"/>
		<a id="10" s="H" t="H" l="H"/>
		<a id="11" s="H" t="H" l="H"/>
		<a id="12" s="C" t="C.3" l="C"/>
		<a id="13" s="H" t="H" l="H"/>
		<a id="14" s="H" t="H" l="H"/>
		<a id="15" s="C" t="C.1" l="C"/>
		<a id="16" s="C" t="C.1" l="C"/>
		<a id="17" s="C" t="C.2" l="C"/>
		<a id="18" s="O" t="O.2" l="O"/>
		<a id="19" s="O" t="O.3" l="O"/>
		<a id="20" s="C" t="C.3" l="C"/>
		<a id="21" s="H" t="H" l="H"/>
		<a id="22" s="H" t="H" l="H"/>
		<a id="23" s="H" t="H" l="H"/>
	</atoms>
	<bonds>
		<b id="1" c="8 5" t="1"/>
		<b id="2" c="5 3" t="1"/>
		<b id="3" c="3 2" t="2"/>
		<b id="4" c="2 12" t="1"/>
		<b id="5" c="12 15" t="1"/>
		<b id="6" c="15 16" t="3"/>
		<b id="7" c="16 17" t="1"/>
		<b id="8" c="17 18" t="2"/>
		<b id="9" c="17 19" t="1"/>
		<b id="10" c="19 20" t="1"/>
		<b id="11" c="8 9" t="1"/>
		<b id="12" c="8 10" t="1"/>
		<b id="13" c="8 11" t="1"/>
		<b id="14" c="5 6" t="1"/>
		<b id="15" c="5 7" t="1"/>
		<b id="16" c="3 4" t="1"/>
		<b id="17" c="2 1" t="1"/>
		<b id="18" c="12 13" t="1"/>
		<b id="19" c="12 14" t="1"/>
		<b id="20" c="20 21" t="1"/>
		<b id="21" c="20 22" t="1"/>
		<b id="22" c="20 23" t="1"/>
	</bonds>
	<geometry>
		<g u="A" t="cart/3d">#23,3:-2.5320,2.1272,-0.0109;-1.6774,1.4548,-0.0792;-1.8886,0.2098,-0.5405;-1.0628,-0.4935,-0.6301;-3.2318,-0.3054,-0.9734;-3.9905,0.4845,-0.9277;-3.1653,-0.6241,-2.0199;-3.6786,-1.4783,-0.1148;-4.6520,-1.8464,-0.4547;-2.9653,-2.3075,-0.1728;-3.7757,-1.1848,0.9360;-0.3834,2.0767,0.3751;-0.1935,2.9652,-0.2382;-0.5116,2.4238,1.4070;0.7772,1.1812,0.3060;1.7329,0.4530,0.2526;2.8723,-0.4272,0.1849;2.7693,-1.5692,-0.2367;4.0069,0.1693,0.6333;5.1557,-0.6747,0.5804;5.3678,-0.9712,-0.4517;6.0108,-0.1080,0.9594;5.0156,-1.5550,1.2158;</g>
	</geometry>
	<conformers/>
	<properties/>
</molecule>
