<?xml version="1.0" ?>
<!--MOLLI PACKAGE EXPERIMENTAL XML FORMAT-->
<molecule name="react_465">
	<atoms>
		<a id="1" s="H" t="H" l="H"/>
		<a id="2" s="C" t="C.2" l="C"/>
		<a id="3" s="C" t="C.2" l="C"/>
		<a id="4" s="O" t="O.2" l="O"/>
		<a id="5" s="O" t="O.3" l="O"/>
		<a id="6" s="C" t="C.3" l="C"/>
		<a id="7" s="H" t="H" l="H"/>
		<a id="8" s="H" t="H" l="H"/>
		<a id="9" s="C" t="C.3" l="C"/>
		<a id="10" s="H" t="H" l="H"/>
		<a id="11" s="H" t="H" l="H"/>
		<a id="12" s="H" t="H" l="H"/>
		<a id="13" s="C" t="C.2" l="C"/>
		<a id="14" s="H" t="H" l="H"/>
		<a id="15" s="C" t="C.3" l="C"/>
		<a id="16" s="H" t="H" l="H"/>
		<a id="17" s="H" t="H" l="H"/>
		<a id="18" s="C" t="C.3" l="C"/>
		<a id="19" s="H" t="H" l="H"/>
		<a id="20" s="H" t="H" l="H"/>
		<a id="21" s="O" t="O.3" l="O"/>
		<a id="22" s="Si" t="Si" l="SI"/>
		<a id="23" s="C" t="C.ar" l="C"/>
		<a id="24" s="C" t="C.ar" l="C"/>
		<a id="25" s="H" t="H" l="H"/>
		<a id="26" s="C" t="C.ar" l="C"/>
		<a id="27" s="H" t="H" l="H"/>
		<a id="28" s="C" t="C.ar" l="C"/>
		<a id="29" s="H" t="H" l="H"/>
		<a id="30" s="C" t="C.ar" l="C"/>
		<a id="31" s="H" t="H" l="H"/>
		<a id="32" s="C" t="C.ar" l="C"/>
		<a id="33" s="H" t="H" l="H"/>
		<a id="34" s="C" t="C.ar" l="C"/>
		<a id="35" s="C" t="C.ar" l="C"/>
		<a id="36" s="H" t="H" l="H"/>
		<a id="37" s="C" t="C.ar" l="C"/>
		<a id="38" s="H" t="H" l="H"/>
		<a id="39" s="C" t="C.ar" l="C"/>
		<a id="40" s="H" t="H" l="H"/>
		<a id="41" s="C" t="C.ar" l="C"/>
		<a id="42" s="H" t="H" l="H"/>
		<a id="43" s="C" t="C.ar" l="C"/>
		<a id="44" s="H" t="H" l="H"/>
		<a id="45" s="C" t="C.3" l="C"/>
		<a id="46" s="C" t="C.3" l="C"/>
		<a id="47" s="H" t="H" l="H"/>
		<a id="48" s="H" t="H" l="H"/>
		<a id="49" s="H" t="H" l="H"/>
		<a id="50" s="C" t="C.3" l="C"/>
		<a id="51" s="H" t="H" l="H"/>
		<a id="52" s="H" t="H" l="H"/>
		<a id="53" s="H" t="H" l="H"/>
		<a id="54" s="C" t="C.3" l="C"/>
		<a id="55" s="H" t="H" l="H"/>
		<a id="56" s="H" t="H" l="H"/>
		<a id="57" s="H" t="H" l="H"/>
	</atoms>
	<bonds>
		<b id="1" c="9 6" t="1"/>
		<b id="2" c="6 5" t="1"/>
		<b id="3" c="5 3" t="1"/>
		<b id="4" c="3 4" t="2"/>
		<b id="5" c="3 2" t="1"/>
		<b id="6" c="2 13" t="2"/>
		<b id="7" c="13 15" t="1"/>
		<b id="8" c="15 18" t="1"/>
		<b id="9" c="18 21" t="1"/>
		<b id="10" c="21 22" t="1"/>
		<b id="11" c="22 23" t="1"/>
		<b id="12" c="23 24" t="ar"/>
		<b id="13" c="24 26" t="ar"/>
		<b id="14" c="26 28" t="ar"/>
		<b id="15" c="28 30" t="ar"/>
		<b id="16" c="30 32" t="ar"/>
		<b id="17" c="22 34" t="1"/>
		<b id="18" c="34 35" t="ar"/>
		<b id="19" c="35 37" t="ar"/>
		<b id="20" c="37 39" t="ar"/>
		<b id="21" c="39 41" t="ar"/>
		<b id="22" c="41 43" t="ar"/>
		<b id="23" c="22 45" t="1"/>
		<b id="24" c="45 46" t="1"/>
		<b id="25" c="45 50" t="1"/>
		<b id="26" c="45 54" t="1"/>
		<b id="27" c="32 23" t="ar"/>
		<b id="28" c="43 34" t="ar"/>
		<b id="29" c="9 10" t="1"/>
		<b id="30" c="9 11" t="1"/>
		<b id="31" c="9 12" t="1"/>
		<b id="32" c="6 7" t="1"/>
		<b id="33" c="6 8" t="1"/>
		<b id="34" c="2 1" t="1"/>
		<b id="35" c="13 14" t="1"/>
		<b id="36" c="15 16" t="1"/>
		<b id="37" c="15 17" t="1"/>
		<b id="38" c="18 19" t="1"/>
		<b id="39" c="18 20" t="1"/>
		<b id="40" c="24 25" t="1"/>
		<b id="41" c="26 27" t="1"/>
		<b id="42" c="28 29" t="1"/>
		<b id="43" c="30 31" t="1"/>
		<b id="44" c="32 33" t="1"/>
		<b id="45" c="35 36" t="1"/>
		<b id="46" c="37 38" t="1"/>
		<b id="47" c="39 40" t="1"/>
		<b id="48" c="41 42" t="1"/>
		<b id="49" c="43 44" t="1"/>
		<b id="50" c="46 47" t="1"/>
		<b id="51" c="46 48" t="1"/>
		<b id="52" c="46 49" t="1"/>
		<b id="53" c="50 51" t="1"/>
		<b id="54" c="50 52" t="1"/>
		<b id="55" c="50 53" t="1"/>
		<b id="56" c="54 55" t="1"/>
		<b id="57" c="54 56" t="1"/>
		<b id="58" c="54 57" t="1"/>
	</bonds>
	<geometry>
		<g u="A" t="cart/3d">#57,3:3.6278,0.5713,-3.2064;3.9921,0.3753,-2.2030;5.3428,0.9220,-1.9439;5.9686,1.5296,-2.7995;5.7528,0.6641,-0.6788;7.0546,1.1581,-0.3340;7.4365,0.5195,0.4692;7.7517,1.0683,-1.1751;6.9575,2.5904,0.1567;6.2573,2.6627,0.9955;6.5804,3.2507,-0.6307;7.9357,2.9568,0.4807;3.2496,-0.3033,-1.3132;3.6322,-0.4969,-0.3128;1.8823,-0.8457,-1.6158;1.6159,-0.6915,-2.6691;1.8899,-1.9331,-1.4704;0.8046,-0.2223,-0.7257;1.0470,-0.4083,0.3287;0.7692,0.8606,-0.8996;-0.4492,-0.8083,-1.0692;-1.8001,-0.5160,-0.1269;-1.7108,1.2557,0.5341;-1.0738,1.5450,1.7585;-0.6256,0.7542,2.3596;-0.9879,2.8541,2.2413;-0.4958,3.0495,3.1906;-1.5264,3.9052,1.5077;-1.4588,4.9230,1.8819;-2.1452,3.6484,0.2889;-2.5595,4.4687,-0.2920;-2.2321,2.3391,-0.1956;-2.7128,2.1919,-1.1586;-1.7201,-1.6719,1.3816;-0.8262,-2.7587,1.4051;-0.1638,-2.9546,0.5628;-0.7731,-3.6182,2.5051;-0.0772,-4.4531,2.5069;-1.6133,-3.4109,3.5958;-1.5719,-4.0814,4.4499;-2.5106,-2.3463,3.5879;-3.1695,-2.1855,4.4372;-2.5677,-1.4847,2.4898;-3.2806,-0.6615,2.5167;-3.4811,-0.9473,-1.1696;-3.3660,-0.4024,-2.6111;-3.2752,0.6868,-2.6359;-4.2539,-0.6653,-3.1981;-2.4948,-0.8188,-3.1301;-3.6479,-2.4849,-1.2523;-3.7920,-2.9322,-0.2624;-4.5233,-2.7501,-1.8570;-2.7735,-2.9612,-1.7110;-4.7262,-0.3482,-0.4848;-5.6353,-0.6018,-1.0425;-4.6762,0.7436,-0.4272;-4.8516,-0.7301,0.5339;</g>
	</geometry>
	<conformers/>
	<properties/>
</molecule>
