<?xml version="1.0" ?>
<!--MOLLI PACKAGE EXPERIMENTAL XML FORMAT-->
<molecule name="react_189">
	<atoms>
		<a id="1" s="H" t="H" l="H"/>
		<a id="2" s="C" t="C.2" l="C"/>
		<a id="3" s="H" t="H" l="H"/>
		<a id="4" s="C" t="C.2" l="C"/>
		<a id="5" s="H" t="H" l="H"/>
		<a id="6" s="C" t="C.3" l="C"/>
		<a id="7" s="H" t="H" l="H"/>
		<a id="8" s="C" t="C.3" l="C"/>
		<a id="9" s="H" t="H" l="H"/>
		<a id="10" s="H" t="H" l="H"/>
		<a id="11" s="C" t="C.3" l="C"/>
		<a id="12" s="H" t="H" l="H"/>
		<a id="13" s="H" t="H" l="H"/>
		<a id="14" s="C" t="C.3" l="C"/>
		<a id="15" s="H" t="H" l="H"/>
		<a id="16" s="H" t="H" l="H"/>
		<a id="17" s="C" t="C.3" l="C"/>
		<a id="18" s="H" t="H" l="H"/>
		<a id="19" s="H" t="H" l="H"/>
	</atoms>
	<bonds>
		<b id="1" c="2 4" t="2"/>
		<b id="2" c="4 6" t="1"/>
		<b id="3" c="6 8" t="1"/>
		<b id="4" c="8 11" t="1"/>
		<b id="5" c="11 14" t="1"/>
		<b id="6" c="14 17" t="1"/>
		<b id="7" c="17 6" t="1"/>
		<b id="8" c="2 1" t="1"/>
		<b id="9" c="2 3" t="1"/>
		<b id="10" c="4 5" t="1"/>
		<b id="11" c="6 7" t="1"/>
		<b id="12" c="8 9" t="1"/>
		<b id="13" c="8 10" t="1"/>
		<b id="14" c="11 12" t="1"/>
		<b id="15" c="11 13" t="1"/>
		<b id="16" c="14 15" t="1"/>
		<b id="17" c="14 16" t="1"/>
		<b id="18" c="17 18" t="1"/>
		<b id="19" c="17 19" t="1"/>
	</bonds>
	<geometry>
		<g u="A" t="cart/3d">#19,3:2.6143,1.2454,0.1989;2.7715,0.3025,-0.3136;3.7998,-0.0215,-0.4454;1.7598,-0.4432,-0.7765;2.0085,-1.3708,-1.2915;0.2912,-0.1319,-0.6836;-0.0860,-0.0167,-1.7095;-0.4990,-1.2497,0.0027;-0.6475,-2.1138,-0.6538;0.0216,-1.6047,0.9014;-1.8295,-0.6117,0.4020;-2.6350,-0.9277,-0.2700;-2.1117,-0.9148,1.4160;-1.6260,0.8995,0.3102;-2.0038,1.4217,1.1945;-2.1640,1.2915,-0.5612;-0.1269,1.0961,0.1277;0.3623,1.1135,1.1096;0.1004,2.0361,-0.3850;</g>
	</geometry>
	<conformers/>
	<properties/>
</molecule>
