<?xml version="1.0" ?>
<!--MOLLI PACKAGE EXPERIMENTAL XML FORMAT-->
<molecule name="react_466">
	<atoms>
		<a id="1" s="H" t="H" l="H"/>
		<a id="2" s="C" t="C.2" l="C"/>
		<a id="3" s="H" t="H" l="H"/>
		<a id="4" s="C" t="C.2" l="C"/>
		<a id="5" s="H" t="H" l="H"/>
		<a id="6" s="C" t="C.ar" l="C"/>
		<a id="7" s="C" t="C.ar" l="C"/>
		<a id="8" s="H" t="H" l="H"/>
		<a id="9" s="C" t="C.ar" l="C"/>
		<a id="10" s="O" t="O.3" l="O"/>
		<a id="11" s="C" t="C.3" l="C"/>
		<a id="12" s="H" t="H" l="H"/>
		<a id="13" s="H" t="H" l="H"/>
		<a id="14" s="H" t="H" l="H"/>
		<a id="15" s="C" t="C.ar" l="C"/>
		<a id="16" s="C" t="C.ar" l="C"/>
		<a id="17" s="H" t="H" l="H"/>
		<a id="18" s="C" t="C.ar" l="C"/>
		<a id="19" s="H" t="H" l="H"/>
		<a id="20" s="C" t="C.ar" l="C"/>
		<a id="21" s="H" t="H" l="H"/>
		<a id="22" s="C" t="C.ar" l="C"/>
		<a id="23" s="H" t="H" l="H"/>
		<a id="24" s="C" t="C.ar" l="C"/>
		<a id="25" s="C" t="C.ar" l="C"/>
		<a id="26" s="O" t="O.3" l="O"/>
		<a id="27" s="C" t="C.3" l="C"/>
		<a id="28" s="H" t="H" l="H"/>
		<a id="29" s="H" t="H" l="H"/>
		<a id="30" s="H" t="H" l="H"/>
	</atoms>
	<bonds>
		<b id="1" c="2 4" t="2"/>
		<b id="2" c="4 6" t="1"/>
		<b id="3" c="6 7" t="ar"/>
		<b id="4" c="7 9" t="ar"/>
		<b id="5" c="9 10" t="1"/>
		<b id="6" c="10 11" t="1"/>
		<b id="7" c="9 15" t="ar"/>
		<b id="8" c="15 16" t="ar"/>
		<b id="9" c="16 18" t="ar"/>
		<b id="10" c="18 20" t="ar"/>
		<b id="11" c="20 22" t="ar"/>
		<b id="12" c="22 24" t="ar"/>
		<b id="13" c="24 25" t="ar"/>
		<b id="14" c="25 26" t="1"/>
		<b id="15" c="26 27" t="1"/>
		<b id="16" c="25 6" t="ar"/>
		<b id="17" c="24 15" t="ar"/>
		<b id="18" c="2 1" t="1"/>
		<b id="19" c="2 3" t="1"/>
		<b id="20" c="4 5" t="1"/>
		<b id="21" c="7 8" t="1"/>
		<b id="22" c="11 12" t="1"/>
		<b id="23" c="11 13" t="1"/>
		<b id="24" c="11 14" t="1"/>
		<b id="25" c="16 17" t="1"/>
		<b id="26" c="18 19" t="1"/>
		<b id="27" c="20 21" t="1"/>
		<b id="28" c="22 23" t="1"/>
		<b id="29" c="27 28" t="1"/>
		<b id="30" c="27 29" t="1"/>
		<b id="31" c="27 30" t="1"/>
	</bonds>
	<geometry>
		<g u="A" t="cart/3d">#30,3:0.5906,3.6077,-1.2699;1.4394,3.4910,-0.6043;2.1572,4.3048,-0.5686;1.6302,2.3912,0.1362;2.5163,2.3121,0.7633;0.7303,1.2235,0.1517;-0.6594,1.3965,0.1514;-1.0512,2.4070,0.1097;-1.5253,0.2983,0.2288;-2.8977,0.4047,0.2207;-3.4635,1.7024,0.0949;-3.1691,2.1731,-0.8488;-3.2025,2.3310,0.9525;-4.5522,1.5919,0.0845;-1.0053,-1.0166,0.3426;-1.8413,-2.1520,0.4470;-2.9234,-2.0330,0.4303;-1.3211,-3.4399,0.5811;-1.9920,-4.2906,0.6630;0.0524,-3.6257,0.6189;0.4674,-4.6233,0.7329;0.9005,-2.5237,0.5137;1.9748,-2.6933,0.5558;0.3976,-1.2107,0.3645;1.2442,-0.0829,0.2398;2.6132,-0.2696,0.2580;3.1064,-0.3910,-1.0791;2.9619,0.5344,-1.6460;2.6400,-1.2315,-1.6046;4.1814,-0.5854,-1.0200;</g>
	</geometry>
	<conformers/>
	<properties/>
</molecule>
