<?xml version="1.0" ?>
<!--MOLLI PACKAGE EXPERIMENTAL XML FORMAT-->
<molecule name="react_467">
	<atoms>
		<a id="1" s="H" t="H" l="H"/>
		<a id="2" s="C" t="C.2" l="C"/>
		<a id="3" s="C" t="C.2" l="C"/>
		<a id="4" s="H" t="H" l="H"/>
		<a id="5" s="C" t="C.3" l="C"/>
		<a id="6" s="H" t="H" l="H"/>
		<a id="7" s="H" t="H" l="H"/>
		<a id="8" s="C" t="C.2" l="C"/>
		<a id="9" s="O" t="O.2" l="O"/>
		<a id="10" s="O" t="O.3" l="O"/>
		<a id="11" s="C" t="C.3" l="C"/>
		<a id="12" s="H" t="H" l="H"/>
		<a id="13" s="H" t="H" l="H"/>
		<a id="14" s="H" t="H" l="H"/>
		<a id="15" s="C" t="C.ar" l="C"/>
		<a id="16" s="C" t="C.ar" l="C"/>
		<a id="17" s="H" t="H" l="H"/>
		<a id="18" s="C" t="C.ar" l="C"/>
		<a id="19" s="H" t="H" l="H"/>
		<a id="20" s="C" t="C.ar" l="C"/>
		<a id="21" s="C" t="C.ar" l="C"/>
		<a id="22" s="C" t="C.ar" l="C"/>
		<a id="23" s="H" t="H" l="H"/>
		<a id="24" s="O" t="O.3" l="O"/>
		<a id="25" s="C" t="C.3" l="C"/>
		<a id="26" s="H" t="H" l="H"/>
		<a id="27" s="H" t="H" l="H"/>
		<a id="28" s="O" t="O.3" l="O"/>
	</atoms>
	<bonds>
		<b id="1" c="11 10" t="1"/>
		<b id="2" c="10 8" t="1"/>
		<b id="3" c="8 9" t="2"/>
		<b id="4" c="8 5" t="1"/>
		<b id="5" c="5 3" t="1"/>
		<b id="6" c="3 2" t="2"/>
		<b id="7" c="2 15" t="1"/>
		<b id="8" c="15 16" t="ar"/>
		<b id="9" c="16 18" t="ar"/>
		<b id="10" c="18 20" t="ar"/>
		<b id="11" c="20 21" t="ar"/>
		<b id="12" c="21 22" t="ar"/>
		<b id="13" c="21 24" t="1"/>
		<b id="14" c="24 25" t="1"/>
		<b id="15" c="25 28" t="1"/>
		<b id="16" c="22 15" t="ar"/>
		<b id="17" c="28 20" t="1"/>
		<b id="18" c="11 12" t="1"/>
		<b id="19" c="11 13" t="1"/>
		<b id="20" c="11 14" t="1"/>
		<b id="21" c="5 6" t="1"/>
		<b id="22" c="5 7" t="1"/>
		<b id="23" c="3 4" t="1"/>
		<b id="24" c="2 1" t="1"/>
		<b id="25" c="16 17" t="1"/>
		<b id="26" c="18 19" t="1"/>
		<b id="27" c="22 23" t="1"/>
		<b id="28" c="25 26" t="1"/>
		<b id="29" c="25 27" t="1"/>
	</bonds>
	<geometry>
		<g u="A" t="cart/3d">#28,3:0.1340,-1.7266,-1.1964;0.0876,-0.9783,-0.4080;-1.0136,-0.8640,0.3531;-1.0785,-0.0942,1.1202;-2.2294,-1.7365,0.1998;-2.0781,-2.4677,-0.6028;-2.4042,-2.2763,1.1364;-3.4778,-0.9271,-0.1176;-3.5991,0.2849,-0.0026;-4.4721,-1.7739,-0.5198;-5.6996,-1.1170,-0.8393;-6.1090,-0.6194,0.0454;-6.4131,-1.8765,-1.1713;-5.5519,-0.4030,-1.6555;1.2734,-0.1202,-0.2727;1.9877,0.2326,-1.4403;1.6382,-0.1008,-2.4156;3.1426,1.0211,-1.3734;3.6870,1.2981,-2.2691;3.5638,1.4324,-0.1290;2.8845,1.0846,1.0139;1.7436,0.3088,0.9779;1.2435,0.0404,1.9016;3.4701,1.5821,2.1365;4.5884,2.2930,1.5663;5.5141,1.8880,1.9910;4.5085,3.3504,1.8423;4.6595,2.1948,0.1289;</g>
	</geometry>
	<conformers/>
	<properties/>
</molecule>
