<?xml version="1.0" ?>
<!--MOLLI PACKAGE EXPERIMENTAL XML FORMAT-->
<molecule name="react_468">
	<atoms>
		<a id="1" s="H" t="H" l="H"/>
		<a id="2" s="C" t="C.2" l="C"/>
		<a id="3" s="H" t="H" l="H"/>
		<a id="4" s="C" t="C.2" l="C"/>
		<a id="5" s="H" t="H" l="H"/>
		<a id="6" s="C" t="C.ar" l="C"/>
		<a id="7" s="C" t="C.ar" l="C"/>
		<a id="8" s="H" t="H" l="H"/>
		<a id="9" s="C" t="C.ar" l="C"/>
		<a id="10" s="H" t="H" l="H"/>
		<a id="11" s="C" t="C.ar" l="C"/>
		<a id="12" s="O" t="O.3" l="O"/>
		<a id="13" s="C" t="C.3" l="C"/>
		<a id="14" s="H" t="H" l="H"/>
		<a id="15" s="H" t="H" l="H"/>
		<a id="16" s="H" t="H" l="H"/>
		<a id="17" s="C" t="C.ar" l="C"/>
		<a id="18" s="O" t="O.3" l="O"/>
		<a id="19" s="C" t="C.3" l="C"/>
		<a id="20" s="H" t="H" l="H"/>
		<a id="21" s="H" t="H" l="H"/>
		<a id="22" s="H" t="H" l="H"/>
		<a id="23" s="C" t="C.ar" l="C"/>
		<a id="24" s="H" t="H" l="H"/>
	</atoms>
	<bonds>
		<b id="1" c="2 4" t="2"/>
		<b id="2" c="4 6" t="1"/>
		<b id="3" c="6 7" t="ar"/>
		<b id="4" c="7 9" t="ar"/>
		<b id="5" c="9 11" t="ar"/>
		<b id="6" c="11 12" t="1"/>
		<b id="7" c="12 13" t="1"/>
		<b id="8" c="11 17" t="ar"/>
		<b id="9" c="17 18" t="1"/>
		<b id="10" c="18 19" t="1"/>
		<b id="11" c="17 23" t="ar"/>
		<b id="12" c="23 6" t="ar"/>
		<b id="13" c="2 1" t="1"/>
		<b id="14" c="2 3" t="1"/>
		<b id="15" c="4 5" t="1"/>
		<b id="16" c="7 8" t="1"/>
		<b id="17" c="9 10" t="1"/>
		<b id="18" c="13 14" t="1"/>
		<b id="19" c="13 15" t="1"/>
		<b id="20" c="13 16" t="1"/>
		<b id="21" c="19 20" t="1"/>
		<b id="22" c="19 21" t="1"/>
		<b id="23" c="19 22" t="1"/>
		<b id="24" c="23 24" t="1"/>
	</bonds>
	<geometry>
		<g u="A" t="cart/3d">#24,3:-4.7596,1.4585,-0.4568;-3.8929,0.8118,-0.3599;-4.0802,-0.2385,-0.1623;-2.6570,1.3174,-0.4625;-2.5316,2.3845,-0.6328;-1.4232,0.5297,-0.3341;-1.3178,-0.7738,-0.8275;-2.1643,-1.2508,-1.3157;-0.1185,-1.4845,-0.7168;-0.0910,-2.4929,-1.1150;0.9991,-0.8974,-0.1173;2.2145,-1.5177,0.0346;2.3355,-2.8530,-0.4329;2.1840,-2.9075,-1.5160;1.6500,-3.5219,0.0978;3.3555,-3.1896,-0.2236;0.9099,0.4210,0.3712;2.0520,0.9303,0.9403;1.9940,2.2438,1.4765;2.9760,2.4758,1.8999;1.2599,2.3089,2.2863;1.7881,2.9809,0.6935;-0.2970,1.1241,0.2525;-0.3855,2.1410,0.6206;</g>
	</geometry>
	<conformers/>
	<properties/>
</molecule>
