<?xml version="1.0" ?>
<!--MOLLI PACKAGE EXPERIMENTAL XML FORMAT-->
<molecule name="react_469">
	<atoms>
		<a id="1" s="H" t="H" l="H"/>
		<a id="2" s="C" t="C.2" l="C"/>
		<a id="3" s="H" t="H" l="H"/>
		<a id="4" s="C" t="C.2" l="C"/>
		<a id="5" s="H" t="H" l="H"/>
		<a id="6" s="C" t="C.ar" l="C"/>
		<a id="7" s="C" t="C.ar" l="C"/>
		<a id="8" s="H" t="H" l="H"/>
		<a id="9" s="C" t="C.ar" l="C"/>
		<a id="10" s="H" t="H" l="H"/>
		<a id="11" s="C" t="C.ar" l="C"/>
		<a id="12" s="F" t="F" l="F"/>
		<a id="13" s="C" t="C.ar" l="C"/>
		<a id="14" s="H" t="H" l="H"/>
		<a id="15" s="C" t="C.ar" l="C"/>
		<a id="16" s="H" t="H" l="H"/>
	</atoms>
	<bonds>
		<b id="1" c="2 4" t="2"/>
		<b id="2" c="4 6" t="1"/>
		<b id="3" c="6 7" t="ar"/>
		<b id="4" c="7 9" t="ar"/>
		<b id="5" c="9 11" t="ar"/>
		<b id="6" c="11 12" t="1"/>
		<b id="7" c="11 13" t="ar"/>
		<b id="8" c="13 15" t="ar"/>
		<b id="9" c="15 6" t="ar"/>
		<b id="10" c="2 1" t="1"/>
		<b id="11" c="2 3" t="1"/>
		<b id="12" c="4 5" t="1"/>
		<b id="13" c="7 8" t="1"/>
		<b id="14" c="9 10" t="1"/>
		<b id="15" c="13 14" t="1"/>
		<b id="16" c="15 16" t="1"/>
	</bonds>
	<geometry>
		<g u="A" t="cart/3d">#16,3:-3.8460,-0.4667,-0.4446;-2.8169,-0.6364,-0.1409;-2.6285,-1.5234,0.4515;-1.8612,0.2305,-0.5014;-2.1605,1.0907,-1.0983;-0.4268,0.1468,-0.1739;0.1346,-0.8921,0.5848;-0.4790,-1.6995,0.9731;1.5053,-0.9155,0.8623;1.9371,-1.7198,1.4491;2.3209,0.0998,0.3824;3.6331,0.0761,0.6488;1.7929,1.1391,-0.3702;2.4460,1.9242,-0.7370;0.4230,1.1618,-0.6470;0.0262,1.9843,-1.2386;</g>
	</geometry>
	<conformers/>
	<properties/>
</molecule>
