<?xml version="1.0" ?>
<!--MOLLI PACKAGE EXPERIMENTAL XML FORMAT-->
<molecule name="react_470">
	<atoms>
		<a id="1" s="H" t="H" l="H"/>
		<a id="2" s="C" t="C.2" l="C"/>
		<a id="3" s="H" t="H" l="H"/>
		<a id="4" s="C" t="C.2" l="C"/>
		<a id="5" s="H" t="H" l="H"/>
		<a id="6" s="C" t="C.ar" l="C"/>
		<a id="7" s="C" t="C.ar" l="C"/>
		<a id="8" s="H" t="H" l="H"/>
		<a id="9" s="C" t="C.ar" l="C"/>
		<a id="10" s="H" t="H" l="H"/>
		<a id="11" s="C" t="C.ar" l="C"/>
		<a id="12" s="C" t="C.3" l="C"/>
		<a id="13" s="H" t="H" l="H"/>
		<a id="14" s="H" t="H" l="H"/>
		<a id="15" s="H" t="H" l="H"/>
		<a id="16" s="C" t="C.ar" l="C"/>
		<a id="17" s="H" t="H" l="H"/>
		<a id="18" s="C" t="C.ar" l="C"/>
		<a id="19" s="H" t="H" l="H"/>
	</atoms>
	<bonds>
		<b id="1" c="2 4" t="2"/>
		<b id="2" c="4 6" t="1"/>
		<b id="3" c="6 7" t="ar"/>
		<b id="4" c="7 9" t="ar"/>
		<b id="5" c="9 11" t="ar"/>
		<b id="6" c="11 12" t="1"/>
		<b id="7" c="11 16" t="ar"/>
		<b id="8" c="16 18" t="ar"/>
		<b id="9" c="18 6" t="ar"/>
		<b id="10" c="2 1" t="1"/>
		<b id="11" c="2 3" t="1"/>
		<b id="12" c="4 5" t="1"/>
		<b id="13" c="7 8" t="1"/>
		<b id="14" c="9 10" t="1"/>
		<b id="15" c="12 13" t="1"/>
		<b id="16" c="12 14" t="1"/>
		<b id="17" c="12 15" t="1"/>
		<b id="18" c="16 17" t="1"/>
		<b id="19" c="18 19" t="1"/>
	</bonds>
	<geometry>
		<g u="A" t="cart/3d">#19,3:4.5528,0.1163,-0.0003;3.5009,0.3704,-0.0861;3.2601,1.3532,-0.4773;2.5603,-0.5172,0.2624;2.8635,-1.4981,0.6213;1.1132,-0.2789,0.1733;0.2654,-1.3591,-0.0999;0.6762,-2.3515,-0.2711;-1.1204,-1.1823,-0.1660;-1.7547,-2.0393,-0.3808;-1.6849,0.0802,0.0414;-3.1728,0.2644,0.0046;-3.4331,1.2756,-0.3254;-3.5953,0.0972,1.0001;-3.6357,-0.4356,-0.6989;-0.8438,1.1555,0.3448;-1.2604,2.1415,0.5377;0.5422,0.9771,0.4098;1.1665,1.8306,0.6614;</g>
	</geometry>
	<conformers/>
	<properties/>
</molecule>
