<?xml version="1.0" ?>
<!--MOLLI PACKAGE EXPERIMENTAL XML FORMAT-->
<molecule name="react_471">
	<atoms>
		<a id="1" s="H" t="H" l="H"/>
		<a id="2" s="C" t="C.2" l="C"/>
		<a id="3" s="H" t="H" l="H"/>
		<a id="4" s="C" t="C.2" l="C"/>
		<a id="5" s="H" t="H" l="H"/>
		<a id="6" s="C" t="C.ar" l="C"/>
		<a id="7" s="C" t="C.ar" l="C"/>
		<a id="8" s="H" t="H" l="H"/>
		<a id="9" s="C" t="C.ar" l="C"/>
		<a id="10" s="H" t="H" l="H"/>
		<a id="11" s="C" t="C.ar" l="C"/>
		<a id="12" s="Br" t="Br" l="BR"/>
		<a id="13" s="C" t="C.ar" l="C"/>
		<a id="14" s="H" t="H" l="H"/>
		<a id="15" s="C" t="C.ar" l="C"/>
		<a id="16" s="H" t="H" l="H"/>
	</atoms>
	<bonds>
		<b id="1" c="2 4" t="2"/>
		<b id="2" c="4 6" t="1"/>
		<b id="3" c="6 7" t="ar"/>
		<b id="4" c="7 9" t="ar"/>
		<b id="5" c="9 11" t="ar"/>
		<b id="6" c="11 12" t="1"/>
		<b id="7" c="11 13" t="ar"/>
		<b id="8" c="13 15" t="ar"/>
		<b id="9" c="15 6" t="ar"/>
		<b id="10" c="2 1" t="1"/>
		<b id="11" c="2 3" t="1"/>
		<b id="12" c="4 5" t="1"/>
		<b id="13" c="7 8" t="1"/>
		<b id="14" c="9 10" t="1"/>
		<b id="15" c="13 14" t="1"/>
		<b id="16" c="15 16" t="1"/>
	</bonds>
	<geometry>
		<g u="A" t="cart/3d">#16,3:2.8987,-1.0928,0.0300;2.9235,-0.0101,0.0097;3.9066,0.4518,0.0042;1.8242,0.7556,-0.0083;1.9626,1.8355,-0.0281;0.4262,0.2899,-0.0041;0.0608,-1.0636,0.0206;0.8123,-1.8475,0.0382;-1.2861,-1.4449,0.0234;-1.5423,-2.5008,0.0428;-2.2813,-0.4725,0.0015;-4.0997,-0.9867,0.0052;-1.9429,0.8766,-0.0232;-2.7132,1.6428,-0.0405;-0.5956,1.2530,-0.0259;-0.3540,2.3138,-0.0454;</g>
	</geometry>
	<conformers/>
	<properties/>
</molecule>
