<?xml version="1.0" ?>
<!--MOLLI PACKAGE EXPERIMENTAL XML FORMAT-->
<molecule name="react_472">
	<atoms>
		<a id="1" s="H" t="H" l="H"/>
		<a id="2" s="C" t="C.2" l="C"/>
		<a id="3" s="H" t="H" l="H"/>
		<a id="4" s="C" t="C.2" l="C"/>
		<a id="5" s="H" t="H" l="H"/>
		<a id="6" s="C" t="C.ar" l="C"/>
		<a id="7" s="C" t="C.ar" l="C"/>
		<a id="8" s="H" t="H" l="H"/>
		<a id="9" s="C" t="C.ar" l="C"/>
		<a id="10" s="H" t="H" l="H"/>
		<a id="11" s="C" t="C.ar" l="C"/>
		<a id="12" s="C" t="C.1" l="C"/>
		<a id="13" s="N" t="N.1" l="N"/>
		<a id="14" s="C" t="C.ar" l="C"/>
		<a id="15" s="H" t="H" l="H"/>
		<a id="16" s="C" t="C.ar" l="C"/>
		<a id="17" s="H" t="H" l="H"/>
	</atoms>
	<bonds>
		<b id="1" c="2 4" t="2"/>
		<b id="2" c="4 6" t="1"/>
		<b id="3" c="6 7" t="ar"/>
		<b id="4" c="7 9" t="ar"/>
		<b id="5" c="9 11" t="ar"/>
		<b id="6" c="11 12" t="1"/>
		<b id="7" c="12 13" t="3"/>
		<b id="8" c="11 14" t="ar"/>
		<b id="9" c="14 16" t="ar"/>
		<b id="10" c="16 6" t="ar"/>
		<b id="11" c="2 1" t="1"/>
		<b id="12" c="2 3" t="1"/>
		<b id="13" c="4 5" t="1"/>
		<b id="14" c="7 8" t="1"/>
		<b id="15" c="9 10" t="1"/>
		<b id="16" c="14 15" t="1"/>
		<b id="17" c="16 17" t="1"/>
	</bonds>
	<geometry>
		<g u="A" t="cart/3d">#17,3:-4.1771,0.1087,-0.2207;-3.1480,0.4093,-0.0447;-2.9894,1.4430,0.2378;-2.1579,-0.4828,-0.1808;-2.4306,-1.4970,-0.4692;-0.7188,-0.2389,0.0197;0.1700,-1.3084,-0.1722;-0.2020,-2.2896,-0.4617;1.5488,-1.1423,0.0025;2.2122,-1.9909,-0.1537;2.0624,0.1017,0.3735;3.4738,0.2761,0.5534;4.6166,0.4168,0.6990;1.1903,1.1748,0.5679;1.5725,2.1521,0.8573;-0.1887,1.0041,0.3920;-0.8340,1.8633,0.5528;</g>
	</geometry>
	<conformers/>
	<properties/>
</molecule>
