<?xml version="1.0" ?>
<!--MOLLI PACKAGE EXPERIMENTAL XML FORMAT-->
<molecule name="react_473">
	<atoms>
		<a id="1" s="H" t="H" l="H"/>
		<a id="2" s="C" t="C.2" l="C"/>
		<a id="3" s="C" t="C.2" l="C"/>
		<a id="4" s="O" t="O.2" l="O"/>
		<a id="5" s="C" t="C.3" l="C"/>
		<a id="6" s="H" t="H" l="H"/>
		<a id="7" s="H" t="H" l="H"/>
		<a id="8" s="C" t="C.3" l="C"/>
		<a id="9" s="H" t="H" l="H"/>
		<a id="10" s="H" t="H" l="H"/>
		<a id="11" s="C" t="C.3" l="C"/>
		<a id="12" s="H" t="H" l="H"/>
		<a id="13" s="H" t="H" l="H"/>
		<a id="14" s="C" t="C.3" l="C"/>
		<a id="15" s="H" t="H" l="H"/>
		<a id="16" s="H" t="H" l="H"/>
		<a id="17" s="C" t="C.3" l="C"/>
		<a id="18" s="H" t="H" l="H"/>
		<a id="19" s="H" t="H" l="H"/>
		<a id="20" s="H" t="H" l="H"/>
		<a id="21" s="C" t="C.2" l="C"/>
		<a id="22" s="H" t="H" l="H"/>
		<a id="23" s="C" t="C.3" l="C"/>
		<a id="24" s="H" t="H" l="H"/>
		<a id="25" s="H" t="H" l="H"/>
		<a id="26" s="C" t="C.2" l="C"/>
		<a id="27" s="O" t="O.2" l="O"/>
		<a id="28" s="O" t="O.3" l="O"/>
		<a id="29" s="C" t="C.3" l="C"/>
		<a id="30" s="H" t="H" l="H"/>
		<a id="31" s="H" t="H" l="H"/>
		<a id="32" s="H" t="H" l="H"/>
	</atoms>
	<bonds>
		<b id="1" c="17 14" t="1"/>
		<b id="2" c="14 11" t="1"/>
		<b id="3" c="11 8" t="1"/>
		<b id="4" c="8 5" t="1"/>
		<b id="5" c="5 3" t="1"/>
		<b id="6" c="3 4" t="2"/>
		<b id="7" c="3 2" t="1"/>
		<b id="8" c="2 21" t="2"/>
		<b id="9" c="21 23" t="1"/>
		<b id="10" c="23 26" t="1"/>
		<b id="11" c="26 27" t="2"/>
		<b id="12" c="26 28" t="1"/>
		<b id="13" c="28 29" t="1"/>
		<b id="14" c="17 18" t="1"/>
		<b id="15" c="17 19" t="1"/>
		<b id="16" c="17 20" t="1"/>
		<b id="17" c="14 15" t="1"/>
		<b id="18" c="14 16" t="1"/>
		<b id="19" c="11 12" t="1"/>
		<b id="20" c="11 13" t="1"/>
		<b id="21" c="8 9" t="1"/>
		<b id="22" c="8 10" t="1"/>
		<b id="23" c="5 6" t="1"/>
		<b id="24" c="5 7" t="1"/>
		<b id="25" c="2 1" t="1"/>
		<b id="26" c="21 22" t="1"/>
		<b id="27" c="23 24" t="1"/>
		<b id="28" c="23 25" t="1"/>
		<b id="29" c="29 30" t="1"/>
		<b id="30" c="29 31" t="1"/>
		<b id="31" c="29 32" t="1"/>
	</bonds>
	<geometry>
		<g u="A" t="cart/3d">#32,3:1.5320,-2.1153,0.6642;1.1597,-1.1132,0.4611;-0.2764,-1.0811,0.0568;-0.8705,-2.1552,-0.0204;-0.9339,0.2557,-0.2488;-0.4292,0.6702,-1.1288;-0.7852,0.9323,0.5988;-2.4270,0.1482,-0.5631;-2.7497,1.0995,-1.0067;-2.5984,-0.6294,-1.3187;-3.2718,-0.1221,0.6855;-3.2079,0.7375,1.3633;-2.8682,-0.9807,1.2322;-4.7405,-0.4140,0.3670;-4.8067,-1.2816,-0.3039;-5.2525,-0.6950,1.2980;-5.4743,0.7607,-0.2629;-5.0791,0.9903,-1.2560;-6.5365,0.5196,-0.3761;-5.3955,1.6587,0.3558;1.9575,-0.0394,0.5593;1.5863,0.9610,0.3394;3.4081,-0.1140,0.9565;3.6927,-1.1490,1.1960;3.5710,0.5057,1.8439;4.3153,0.3996,-0.1496;3.9680,1.1205,-1.0749;5.5926,-0.0265,0.0744;6.5364,0.4147,-0.9041;6.6387,1.5033,-0.8682;6.2397,0.0872,-1.9042;7.5053,-0.0349,-0.6658;</g>
	</geometry>
	<conformers/>
	<properties/>
</molecule>
