<?xml version="1.0" ?>
<!--MOLLI PACKAGE EXPERIMENTAL XML FORMAT-->
<molecule name="react_475">
	<atoms>
		<a id="1" s="H" t="H" l="H"/>
		<a id="2" s="C" t="C.2" l="C"/>
		<a id="3" s="H" t="H" l="H"/>
		<a id="4" s="C" t="C.2" l="C"/>
		<a id="5" s="H" t="H" l="H"/>
		<a id="6" s="C" t="C.3" l="C"/>
		<a id="7" s="C" t="C.2" l="C"/>
		<a id="8" s="O" t="O.2" l="O"/>
		<a id="9" s="O" t="O.3" l="O"/>
		<a id="10" s="C" t="C.3" l="C"/>
		<a id="11" s="H" t="H" l="H"/>
		<a id="12" s="H" t="H" l="H"/>
		<a id="13" s="H" t="H" l="H"/>
		<a id="14" s="C" t="C.3" l="C"/>
		<a id="15" s="H" t="H" l="H"/>
		<a id="16" s="H" t="H" l="H"/>
		<a id="17" s="H" t="H" l="H"/>
		<a id="18" s="C" t="C.3" l="C"/>
		<a id="19" s="H" t="H" l="H"/>
		<a id="20" s="H" t="H" l="H"/>
		<a id="21" s="H" t="H" l="H"/>
	</atoms>
	<bonds>
		<b id="1" c="2 4" t="2"/>
		<b id="2" c="4 6" t="1"/>
		<b id="3" c="6 14" t="1"/>
		<b id="4" c="6 18" t="1"/>
		<b id="5" c="6 7" t="1"/>
		<b id="6" c="7 8" t="2"/>
		<b id="7" c="7 9" t="1"/>
		<b id="8" c="9 10" t="1"/>
		<b id="9" c="2 1" t="1"/>
		<b id="10" c="2 3" t="1"/>
		<b id="11" c="4 5" t="1"/>
		<b id="12" c="14 15" t="1"/>
		<b id="13" c="14 16" t="1"/>
		<b id="14" c="14 17" t="1"/>
		<b id="15" c="18 19" t="1"/>
		<b id="16" c="18 20" t="1"/>
		<b id="17" c="18 21" t="1"/>
		<b id="18" c="10 11" t="1"/>
		<b id="19" c="10 12" t="1"/>
		<b id="20" c="10 13" t="1"/>
	</bonds>
	<geometry>
		<g u="A" t="cart/3d">#21,3:-2.5280,1.4132,1.2992;-2.1062,1.7278,0.3505;-2.4845,2.6564,-0.0683;-1.1611,1.0284,-0.2936;-0.8011,1.4366,-1.2399;-0.5100,-0.2819,0.1371;0.9997,-0.0121,0.3119;1.5692,0.1077,1.3908;1.6234,0.1214,-0.8972;3.0194,0.4077,-0.8053;3.1822,1.3612,-0.2931;3.5448,-0.4042,-0.2929;3.4157,0.4890,-1.8212;-1.0556,-0.8473,1.4628;-0.5344,-1.7722,1.7381;-2.1247,-1.0788,1.3928;-0.9163,-0.1448,2.2931;-0.7390,-1.3436,-0.9538;-0.1740,-2.2579,-0.7372;-0.4202,-0.9946,-1.9432;-1.7992,-1.6120,-1.0305;</g>
	</geometry>
	<conformers/>
	<properties/>
</molecule>
