<?xml version="1.0" ?>
<!--MOLLI PACKAGE EXPERIMENTAL XML FORMAT-->
<molecule name="react_476">
	<atoms>
		<a id="1" s="H" t="H" l="H"/>
		<a id="2" s="C" t="C.2" l="C"/>
		<a id="3" s="H" t="H" l="H"/>
		<a id="4" s="C" t="C.2" l="C"/>
		<a id="5" s="H" t="H" l="H"/>
		<a id="6" s="C" t="C.3" l="C"/>
		<a id="7" s="C" t="C.2" l="C"/>
		<a id="8" s="O" t="O.2" l="O"/>
		<a id="9" s="O" t="O.3" l="O"/>
		<a id="10" s="C" t="C.3" l="C"/>
		<a id="11" s="H" t="H" l="H"/>
		<a id="12" s="H" t="H" l="H"/>
		<a id="13" s="C" t="C.3" l="C"/>
		<a id="14" s="H" t="H" l="H"/>
		<a id="15" s="H" t="H" l="H"/>
		<a id="16" s="H" t="H" l="H"/>
		<a id="17" s="C" t="C.3" l="C"/>
		<a id="18" s="H" t="H" l="H"/>
		<a id="19" s="H" t="H" l="H"/>
		<a id="20" s="C" t="C.3" l="C"/>
		<a id="21" s="H" t="H" l="H"/>
		<a id="22" s="H" t="H" l="H"/>
		<a id="23" s="H" t="H" l="H"/>
		<a id="24" s="C" t="C.3" l="C"/>
		<a id="25" s="H" t="H" l="H"/>
		<a id="26" s="H" t="H" l="H"/>
		<a id="27" s="C" t="C.3" l="C"/>
		<a id="28" s="H" t="H" l="H"/>
		<a id="29" s="H" t="H" l="H"/>
		<a id="30" s="H" t="H" l="H"/>
	</atoms>
	<bonds>
		<b id="1" c="2 4" t="2"/>
		<b id="2" c="4 6" t="1"/>
		<b id="3" c="6 17" t="1"/>
		<b id="4" c="17 20" t="1"/>
		<b id="5" c="6 24" t="1"/>
		<b id="6" c="24 27" t="1"/>
		<b id="7" c="6 7" t="1"/>
		<b id="8" c="7 8" t="2"/>
		<b id="9" c="7 9" t="1"/>
		<b id="10" c="9 10" t="1"/>
		<b id="11" c="10 13" t="1"/>
		<b id="12" c="2 1" t="1"/>
		<b id="13" c="2 3" t="1"/>
		<b id="14" c="4 5" t="1"/>
		<b id="15" c="17 18" t="1"/>
		<b id="16" c="17 19" t="1"/>
		<b id="17" c="20 21" t="1"/>
		<b id="18" c="20 22" t="1"/>
		<b id="19" c="20 23" t="1"/>
		<b id="20" c="24 25" t="1"/>
		<b id="21" c="24 26" t="1"/>
		<b id="22" c="27 28" t="1"/>
		<b id="23" c="27 29" t="1"/>
		<b id="24" c="27 30" t="1"/>
		<b id="25" c="10 11" t="1"/>
		<b id="26" c="10 12" t="1"/>
		<b id="27" c="13 14" t="1"/>
		<b id="28" c="13 15" t="1"/>
		<b id="29" c="13 16" t="1"/>
	</bonds>
	<geometry>
		<g u="A" t="cart/3d">#30,3:0.1460,-2.1248,-2.3071;-0.9329,-2.0185,-2.2544;-1.5162,-2.6375,-2.9303;-1.5414,-1.1681,-1.4153;-2.6318,-1.1516,-1.4430;-0.9043,-0.2228,-0.3873;0.6270,-0.0480,-0.6005;1.1580,0.1584,-1.6870;1.3112,-0.0734,0.5791;2.7325,0.1051,0.4916;3.1700,-0.3886,1.3655;3.1435,-0.3899,-0.3957;3.0770,1.5822,0.5158;2.6588,2.0597,1.4081;4.1609,1.7279,0.5123;2.6523,2.0994,-0.3503;-1.5334,1.1847,-0.6303;-1.2800,1.5300,-1.6423;-2.6292,1.1126,-0.5991;-1.1150,2.2752,0.3520;-1.5797,3.2254,0.0678;-0.0322,2.4267,0.3539;-1.4387,2.0468,1.3712;-1.2752,-0.7324,1.0362;-0.8114,-0.1009,1.8034;-2.3593,-0.6405,1.1876;-0.8841,-2.1801,1.3328;-1.4575,-2.8852,0.7237;0.1805,-2.3599,1.1594;-1.0954,-2.4120,2.3821;</g>
	</geometry>
	<conformers/>
	<properties/>
</molecule>
