<?xml version="1.0" ?>
<!--MOLLI PACKAGE EXPERIMENTAL XML FORMAT-->
<molecule name="react_190">
	<atoms>
		<a id="1" s="H" t="H" l="H"/>
		<a id="2" s="C" t="C.2" l="C"/>
		<a id="3" s="H" t="H" l="H"/>
		<a id="4" s="C" t="C.2" l="C"/>
		<a id="5" s="H" t="H" l="H"/>
		<a id="6" s="C" t="C.3" l="C"/>
		<a id="7" s="H" t="H" l="H"/>
		<a id="8" s="H" t="H" l="H"/>
		<a id="9" s="C" t="C.3" l="C"/>
		<a id="10" s="H" t="H" l="H"/>
		<a id="11" s="H" t="H" l="H"/>
		<a id="12" s="C" t="C.3" l="C"/>
		<a id="13" s="H" t="H" l="H"/>
		<a id="14" s="H" t="H" l="H"/>
		<a id="15" s="C" t="C.3" l="C"/>
		<a id="16" s="H" t="H" l="H"/>
		<a id="17" s="H" t="H" l="H"/>
		<a id="18" s="C" t="C.3" l="C"/>
		<a id="19" s="H" t="H" l="H"/>
		<a id="20" s="H" t="H" l="H"/>
		<a id="21" s="H" t="H" l="H"/>
	</atoms>
	<bonds>
		<b id="1" c="2 4" t="2"/>
		<b id="2" c="4 6" t="1"/>
		<b id="3" c="6 9" t="1"/>
		<b id="4" c="9 12" t="1"/>
		<b id="5" c="12 15" t="1"/>
		<b id="6" c="15 18" t="1"/>
		<b id="7" c="2 1" t="1"/>
		<b id="8" c="2 3" t="1"/>
		<b id="9" c="4 5" t="1"/>
		<b id="10" c="6 7" t="1"/>
		<b id="11" c="6 8" t="1"/>
		<b id="12" c="9 10" t="1"/>
		<b id="13" c="9 11" t="1"/>
		<b id="14" c="12 13" t="1"/>
		<b id="15" c="12 14" t="1"/>
		<b id="16" c="15 16" t="1"/>
		<b id="17" c="15 17" t="1"/>
		<b id="18" c="18 19" t="1"/>
		<b id="19" c="18 20" t="1"/>
		<b id="20" c="18 21" t="1"/>
	</bonds>
	<geometry>
		<g u="A" t="cart/3d">#21,3:3.5595,1.6220,-0.9579;3.7694,0.6219,-0.5915;4.7249,0.1807,-0.8582;2.8904,-0.0519,0.1608;3.1494,-1.0504,0.5076;1.5527,0.4872,0.5791;1.5106,0.4981,1.6749;1.4324,1.5253,0.2457;0.4110,-0.3671,0.0245;0.5202,-1.4031,0.3696;0.4623,-0.3874,-1.0716;-0.9512,0.1751,0.4619;-1.0639,1.2093,0.1145;-1.0043,0.1945,1.5573;-2.0928,-0.6777,-0.0909;-1.9874,-1.7120,0.2568;-2.0467,-0.6972,-1.1860;-3.4483,-0.1420,0.3416;-3.5393,-0.1396,1.4325;-4.2500,-0.7666,-0.0648;-3.5990,0.8808,-0.0184;</g>
	</geometry>
	<conformers/>
	<properties/>
</molecule>
