<?xml version="1.0" ?>
<!--MOLLI PACKAGE EXPERIMENTAL XML FORMAT-->
<molecule name="react_481">
	<atoms>
		<a id="1" s="H" t="H" l="H"/>
		<a id="2" s="C" t="C.1" l="C"/>
		<a id="3" s="C" t="C.1" l="C"/>
		<a id="4" s="C" t="C.2" l="C"/>
		<a id="5" s="C" t="C.2" l="C"/>
		<a id="6" s="H" t="H" l="H"/>
		<a id="7" s="C" t="C.3" l="C"/>
		<a id="8" s="H" t="H" l="H"/>
		<a id="9" s="H" t="H" l="H"/>
		<a id="10" s="C" t="C.2" l="C"/>
		<a id="11" s="O" t="O.2" l="O"/>
		<a id="12" s="O" t="O.3" l="O"/>
		<a id="13" s="C" t="C.3" l="C"/>
		<a id="14" s="H" t="H" l="H"/>
		<a id="15" s="H" t="H" l="H"/>
		<a id="16" s="H" t="H" l="H"/>
		<a id="17" s="C" t="C.3" l="C"/>
		<a id="18" s="H" t="H" l="H"/>
		<a id="19" s="H" t="H" l="H"/>
		<a id="20" s="H" t="H" l="H"/>
	</atoms>
	<bonds>
		<b id="1" c="2 3" t="3"/>
		<b id="2" c="3 4" t="1"/>
		<b id="3" c="4 17" t="1"/>
		<b id="4" c="4 5" t="2"/>
		<b id="5" c="5 7" t="1"/>
		<b id="6" c="7 10" t="1"/>
		<b id="7" c="10 11" t="2"/>
		<b id="8" c="10 12" t="1"/>
		<b id="9" c="12 13" t="1"/>
		<b id="10" c="2 1" t="1"/>
		<b id="11" c="17 18" t="1"/>
		<b id="12" c="17 19" t="1"/>
		<b id="13" c="17 20" t="1"/>
		<b id="14" c="5 6" t="1"/>
		<b id="15" c="7 8" t="1"/>
		<b id="16" c="7 9" t="1"/>
		<b id="17" c="13 14" t="1"/>
		<b id="18" c="13 15" t="1"/>
		<b id="19" c="13 16" t="1"/>
	</bonds>
	<geometry>
		<g u="A" t="cart/3d">#20,3:-2.5031,-3.1551,1.3114;-2.2431,-2.3826,0.6260;-1.9488,-1.5123,-0.1470;-1.6060,-0.4822,-1.0734;-0.7975,0.5341,-0.7175;-0.5579,1.2930,-1.4632;-0.1407,0.7594,0.6194;-0.4376,0.0073,1.3555;-0.4391,1.7446,0.9944;1.3772,0.7381,0.5089;2.0195,0.6866,-0.5308;1.9165,0.8197,1.7603;3.3447,0.8324,1.8163;3.6408,1.4363,2.6787;3.7059,-0.1894,1.9634;3.8038,1.2702,0.9241;-2.1713,-0.5774,-2.4647;-1.8625,-1.5157,-2.9382;-3.2657,-0.5508,-2.4349;-1.8351,0.2439,-3.1071;</g>
	</geometry>
	<conformers/>
	<properties/>
</molecule>
