<?xml version="1.0" ?>
<!--MOLLI PACKAGE EXPERIMENTAL XML FORMAT-->
<molecule name="react_482">
	<atoms>
		<a id="1" s="H" t="H" l="H"/>
		<a id="2" s="C" t="C.2" l="C"/>
		<a id="3" s="C" t="C.2" l="C"/>
		<a id="4" s="C" t="C.3" l="C"/>
		<a id="5" s="H" t="H" l="H"/>
		<a id="6" s="H" t="H" l="H"/>
		<a id="7" s="C" t="C.2" l="C"/>
		<a id="8" s="O" t="O.2" l="O"/>
		<a id="9" s="O" t="O.3" l="O"/>
		<a id="10" s="C" t="C.3" l="C"/>
		<a id="11" s="H" t="H" l="H"/>
		<a id="12" s="H" t="H" l="H"/>
		<a id="13" s="H" t="H" l="H"/>
		<a id="14" s="C" t="C.3" l="C"/>
		<a id="15" s="H" t="H" l="H"/>
		<a id="16" s="H" t="H" l="H"/>
		<a id="17" s="C" t="C.3" l="C"/>
		<a id="18" s="H" t="H" l="H"/>
		<a id="19" s="H" t="H" l="H"/>
		<a id="20" s="H" t="H" l="H"/>
		<a id="21" s="C" t="C.3" l="C"/>
		<a id="22" s="H" t="H" l="H"/>
		<a id="23" s="H" t="H" l="H"/>
		<a id="24" s="C" t="C.3" l="C"/>
		<a id="25" s="H" t="H" l="H"/>
		<a id="26" s="H" t="H" l="H"/>
		<a id="27" s="H" t="H" l="H"/>
	</atoms>
	<bonds>
		<b id="1" c="24 21" t="1"/>
		<b id="2" c="21 2" t="1"/>
		<b id="3" c="2 3" t="2"/>
		<b id="4" c="3 14" t="1"/>
		<b id="5" c="14 17" t="1"/>
		<b id="6" c="3 4" t="1"/>
		<b id="7" c="4 7" t="1"/>
		<b id="8" c="7 8" t="2"/>
		<b id="9" c="7 9" t="1"/>
		<b id="10" c="9 10" t="1"/>
		<b id="11" c="24 25" t="1"/>
		<b id="12" c="24 26" t="1"/>
		<b id="13" c="24 27" t="1"/>
		<b id="14" c="21 22" t="1"/>
		<b id="15" c="21 23" t="1"/>
		<b id="16" c="2 1" t="1"/>
		<b id="17" c="14 15" t="1"/>
		<b id="18" c="14 16" t="1"/>
		<b id="19" c="17 18" t="1"/>
		<b id="20" c="17 19" t="1"/>
		<b id="21" c="17 20" t="1"/>
		<b id="22" c="4 5" t="1"/>
		<b id="23" c="4 6" t="1"/>
		<b id="24" c="10 11" t="1"/>
		<b id="25" c="10 12" t="1"/>
		<b id="26" c="10 13" t="1"/>
	</bonds>
	<geometry>
		<g u="A" t="cart/3d">#27,3:-0.0327,1.0663,-2.1606;-0.7267,0.5974,-1.4628;-0.2473,-0.3025,-0.5788;1.2275,-0.6625,-0.5709;1.3370,-1.7513,-0.5138;1.7058,-0.3286,-1.4999;1.9965,-0.0368,0.5866;1.5390,0.6944,1.4540;3.3052,-0.4267,0.5119;4.1274,0.1032,1.5524;3.7777,-0.2415,2.5305;5.1457,-0.2649,1.3998;4.1445,1.1967,1.5085;-1.0980,-1.0047,0.4586;-1.9573,-0.3871,0.7428;-0.5243,-1.1392,1.3832;-1.5902,-2.3607,-0.0264;-2.2000,-2.2617,-0.9306;-0.7556,-3.0332,-0.2500;-2.2057,-2.8352,0.7446;-2.1528,1.0444,-1.6261;-2.4092,0.9969,-2.6911;-2.8542,0.3774,-1.1159;-2.3469,2.4665,-1.1249;-3.3834,2.7833,-1.2783;-1.6971,3.1683,-1.6586;-2.1248,2.5418,-0.0550;</g>
	</geometry>
	<conformers/>
	<properties/>
</molecule>
