<?xml version="1.0" ?>
<!--MOLLI PACKAGE EXPERIMENTAL XML FORMAT-->
<molecule name="react_484">
	<atoms>
		<a id="1" s="H" t="H" l="H"/>
		<a id="2" s="C" t="C.2" l="C"/>
		<a id="3" s="C" t="C.2" l="C"/>
		<a id="4" s="C" t="C.3" l="C"/>
		<a id="5" s="H" t="H" l="H"/>
		<a id="6" s="H" t="H" l="H"/>
		<a id="7" s="H" t="H" l="H"/>
		<a id="8" s="C" t="C.3" l="C"/>
		<a id="9" s="H" t="H" l="H"/>
		<a id="10" s="H" t="H" l="H"/>
		<a id="11" s="C" t="C.2" l="C"/>
		<a id="12" s="O" t="O.2" l="O"/>
		<a id="13" s="O" t="O.3" l="O"/>
		<a id="14" s="C" t="C.3" l="C"/>
		<a id="15" s="H" t="H" l="H"/>
		<a id="16" s="H" t="H" l="H"/>
		<a id="17" s="H" t="H" l="H"/>
		<a id="18" s="C" t="C.3" l="C"/>
		<a id="19" s="H" t="H" l="H"/>
		<a id="20" s="C" t="C.3" l="C"/>
		<a id="21" s="H" t="H" l="H"/>
		<a id="22" s="H" t="H" l="H"/>
		<a id="23" s="H" t="H" l="H"/>
		<a id="24" s="C" t="C.3" l="C"/>
		<a id="25" s="H" t="H" l="H"/>
		<a id="26" s="H" t="H" l="H"/>
		<a id="27" s="H" t="H" l="H"/>
	</atoms>
	<bonds>
		<b id="1" c="14 13" t="1"/>
		<b id="2" c="13 11" t="1"/>
		<b id="3" c="11 12" t="2"/>
		<b id="4" c="11 8" t="1"/>
		<b id="5" c="8 3" t="1"/>
		<b id="6" c="3 4" t="1"/>
		<b id="7" c="3 2" t="2"/>
		<b id="8" c="2 18" t="1"/>
		<b id="9" c="18 20" t="1"/>
		<b id="10" c="18 24" t="1"/>
		<b id="11" c="14 15" t="1"/>
		<b id="12" c="14 16" t="1"/>
		<b id="13" c="14 17" t="1"/>
		<b id="14" c="8 9" t="1"/>
		<b id="15" c="8 10" t="1"/>
		<b id="16" c="4 5" t="1"/>
		<b id="17" c="4 6" t="1"/>
		<b id="18" c="4 7" t="1"/>
		<b id="19" c="2 1" t="1"/>
		<b id="20" c="18 19" t="1"/>
		<b id="21" c="20 21" t="1"/>
		<b id="22" c="20 22" t="1"/>
		<b id="23" c="20 23" t="1"/>
		<b id="24" c="24 25" t="1"/>
		<b id="25" c="24 26" t="1"/>
		<b id="26" c="24 27" t="1"/>
	</bonds>
	<geometry>
		<g u="A" t="cart/3d">#27,3:-0.8310,1.4979,0.3064;-0.9922,0.4196,0.2607;0.0611,-0.3892,0.5004;0.0093,-1.8946,0.5088;-1.0067,-2.2941,0.4910;0.4780,-2.2822,1.4200;0.5455,-2.3028,-0.3531;1.4231,0.1999,0.8243;1.8186,-0.2841,1.7251;1.3381,1.2732,1.0338;2.4391,0.0381,-0.2998;2.2335,-0.4465,-1.4038;3.6442,0.5321,0.1177;4.6791,0.4384,-0.8620;4.4184,1.0196,-1.7521;5.5925,0.8574,-0.4308;4.8676,-0.6079,-1.1220;-2.4071,0.0258,-0.0970;-2.4868,-1.0515,-0.2683;-3.3567,0.3948,1.0422;-3.3509,1.4728,1.2397;-4.3844,0.1039,0.7989;-3.0754,-0.1190,1.9682;-2.8309,0.7187,-1.3935;-3.8472,0.4227,-1.6755;-2.8156,1.8100,-1.2926;-2.1633,0.4470,-2.2188;</g>
	</geometry>
	<conformers/>
	<properties/>
</molecule>
