<?xml version="1.0" ?>
<!--MOLLI PACKAGE EXPERIMENTAL XML FORMAT-->
<molecule name="react_485">
	<atoms>
		<a id="1" s="H" t="H" l="H"/>
		<a id="2" s="C" t="C.2" l="C"/>
		<a id="3" s="C" t="C.2" l="C"/>
		<a id="4" s="C" t="C.3" l="C"/>
		<a id="5" s="H" t="H" l="H"/>
		<a id="6" s="H" t="H" l="H"/>
		<a id="7" s="H" t="H" l="H"/>
		<a id="8" s="C" t="C.3" l="C"/>
		<a id="9" s="H" t="H" l="H"/>
		<a id="10" s="H" t="H" l="H"/>
		<a id="11" s="C" t="C.2" l="C"/>
		<a id="12" s="O" t="O.2" l="O"/>
		<a id="13" s="O" t="O.3" l="O"/>
		<a id="14" s="C" t="C.3" l="C"/>
		<a id="15" s="H" t="H" l="H"/>
		<a id="16" s="H" t="H" l="H"/>
		<a id="17" s="H" t="H" l="H"/>
		<a id="18" s="C" t="C.3" l="C"/>
		<a id="19" s="C" t="C.3" l="C"/>
		<a id="20" s="H" t="H" l="H"/>
		<a id="21" s="H" t="H" l="H"/>
		<a id="22" s="H" t="H" l="H"/>
		<a id="23" s="C" t="C.3" l="C"/>
		<a id="24" s="H" t="H" l="H"/>
		<a id="25" s="H" t="H" l="H"/>
		<a id="26" s="H" t="H" l="H"/>
		<a id="27" s="C" t="C.3" l="C"/>
		<a id="28" s="H" t="H" l="H"/>
		<a id="29" s="H" t="H" l="H"/>
		<a id="30" s="H" t="H" l="H"/>
	</atoms>
	<bonds>
		<b id="1" c="14 13" t="1"/>
		<b id="2" c="13 11" t="1"/>
		<b id="3" c="11 12" t="2"/>
		<b id="4" c="11 8" t="1"/>
		<b id="5" c="8 3" t="1"/>
		<b id="6" c="3 4" t="1"/>
		<b id="7" c="3 2" t="2"/>
		<b id="8" c="2 18" t="1"/>
		<b id="9" c="18 19" t="1"/>
		<b id="10" c="18 23" t="1"/>
		<b id="11" c="18 27" t="1"/>
		<b id="12" c="14 15" t="1"/>
		<b id="13" c="14 16" t="1"/>
		<b id="14" c="14 17" t="1"/>
		<b id="15" c="8 9" t="1"/>
		<b id="16" c="8 10" t="1"/>
		<b id="17" c="4 5" t="1"/>
		<b id="18" c="4 6" t="1"/>
		<b id="19" c="4 7" t="1"/>
		<b id="20" c="2 1" t="1"/>
		<b id="21" c="19 20" t="1"/>
		<b id="22" c="19 21" t="1"/>
		<b id="23" c="19 22" t="1"/>
		<b id="24" c="23 24" t="1"/>
		<b id="25" c="23 25" t="1"/>
		<b id="26" c="23 26" t="1"/>
		<b id="27" c="27 28" t="1"/>
		<b id="28" c="27 29" t="1"/>
		<b id="29" c="27 30" t="1"/>
	</bonds>
	<geometry>
		<g u="A" t="cart/3d">#30,3:-0.4449,1.2215,-1.2118;-0.7240,0.4765,-0.4631;0.0906,-0.5970,-0.3627;-0.1258,-1.7783,0.5439;-1.1783,-1.9368,0.7840;0.4362,-1.6583,1.4748;0.2105,-2.7019,0.0598;1.3262,-0.7012,-1.2435;1.3209,0.0825,-2.0109;1.3217,-1.6691,-1.7585;2.6341,-0.5685,-0.4723;2.7553,-0.3827,0.7304;3.6785,-0.6943,-1.3464;4.9634,-0.5846,-0.7329;5.0850,0.3999,-0.2704;5.1055,-1.3810,0.0044;5.7217,-0.6962,-1.5129;-1.9806,0.8545,0.3190;-2.2583,2.3573,0.0788;-1.4252,2.9774,0.4312;-2.4080,2.5740,-0.9858;-3.1616,2.6844,0.6071;-3.1885,0.0608,-0.2040;-3.3302,0.2136,-1.2805;-4.1116,0.3727,0.2984;-3.0752,-1.0150,-0.0371;-1.8325,0.6636,1.8397;-2.6705,1.1255,2.3757;-0.9104,1.1263,2.2103;-1.8236,-0.3882,2.1354;</g>
	</geometry>
	<conformers/>
	<properties/>
</molecule>
