<?xml version="1.0" ?>
<!--MOLLI PACKAGE EXPERIMENTAL XML FORMAT-->
<molecule name="react_486">
	<atoms>
		<a id="1" s="H" t="H" l="H"/>
		<a id="2" s="C" t="C.2" l="C"/>
		<a id="3" s="C" t="C.2" l="C"/>
		<a id="4" s="C" t="C.3" l="C"/>
		<a id="5" s="H" t="H" l="H"/>
		<a id="6" s="H" t="H" l="H"/>
		<a id="7" s="H" t="H" l="H"/>
		<a id="8" s="C" t="C.3" l="C"/>
		<a id="9" s="H" t="H" l="H"/>
		<a id="10" s="H" t="H" l="H"/>
		<a id="11" s="C" t="C.2" l="C"/>
		<a id="12" s="O" t="O.2" l="O"/>
		<a id="13" s="O" t="O.3" l="O"/>
		<a id="14" s="C" t="C.3" l="C"/>
		<a id="15" s="H" t="H" l="H"/>
		<a id="16" s="H" t="H" l="H"/>
		<a id="17" s="H" t="H" l="H"/>
		<a id="18" s="C" t="C.ar" l="C"/>
		<a id="19" s="C" t="C.ar" l="C"/>
		<a id="20" s="H" t="H" l="H"/>
		<a id="21" s="C" t="C.ar" l="C"/>
		<a id="22" s="H" t="H" l="H"/>
		<a id="23" s="C" t="C.ar" l="C"/>
		<a id="24" s="H" t="H" l="H"/>
		<a id="25" s="C" t="C.ar" l="C"/>
		<a id="26" s="H" t="H" l="H"/>
		<a id="27" s="C" t="C.ar" l="C"/>
		<a id="28" s="H" t="H" l="H"/>
	</atoms>
	<bonds>
		<b id="1" c="14 13" t="1"/>
		<b id="2" c="13 11" t="1"/>
		<b id="3" c="11 12" t="2"/>
		<b id="4" c="11 8" t="1"/>
		<b id="5" c="8 3" t="1"/>
		<b id="6" c="3 4" t="1"/>
		<b id="7" c="3 2" t="2"/>
		<b id="8" c="2 18" t="1"/>
		<b id="9" c="18 19" t="ar"/>
		<b id="10" c="19 21" t="ar"/>
		<b id="11" c="21 23" t="ar"/>
		<b id="12" c="23 25" t="ar"/>
		<b id="13" c="25 27" t="ar"/>
		<b id="14" c="27 18" t="ar"/>
		<b id="15" c="14 15" t="1"/>
		<b id="16" c="14 16" t="1"/>
		<b id="17" c="14 17" t="1"/>
		<b id="18" c="8 9" t="1"/>
		<b id="19" c="8 10" t="1"/>
		<b id="20" c="4 5" t="1"/>
		<b id="21" c="4 6" t="1"/>
		<b id="22" c="4 7" t="1"/>
		<b id="23" c="2 1" t="1"/>
		<b id="24" c="19 20" t="1"/>
		<b id="25" c="21 22" t="1"/>
		<b id="26" c="23 24" t="1"/>
		<b id="27" c="25 26" t="1"/>
		<b id="28" c="27 28" t="1"/>
	</bonds>
	<geometry>
		<g u="A" t="cart/3d">#28,3:-0.3120,-1.6820,-1.1631;-0.5205,-0.8591,-0.4822;0.4325,-0.4015,0.3547;0.2332,0.7067,1.3574;0.5287,0.3669,2.3559;0.8435,1.5763,1.0953;-0.8054,1.0401,1.4326;1.8140,-1.0253,0.3563;1.8101,-1.9733,-0.1953;2.1100,-1.2415,1.3894;2.8737,-0.1353,-0.2803;2.6810,0.9265,-0.8561;4.0992,-0.7201,-0.1203;5.1757,0.0262,-0.6894;5.0423,0.1275,-1.7710;6.1031,-0.5232,-0.5053;5.2552,1.0086,-0.2135;-1.8800,-0.3254,-0.5946;-2.1083,0.9246,-1.1811;-1.2737,1.5165,-1.5506;-3.4083,1.4208,-1.2943;-3.5790,2.3932,-1.7486;-4.4850,0.6690,-0.8256;-5.4968,1.0559,-0.9139;-4.2636,-0.5793,-0.2445;-5.1029,-1.1654,0.1205;-2.9639,-1.0772,-0.1306;-2.8025,-2.0504,0.3260;</g>
	</geometry>
	<conformers/>
	<properties/>
</molecule>
