<?xml version="1.0" ?>
<!--MOLLI PACKAGE EXPERIMENTAL XML FORMAT-->
<molecule name="react_487">
	<atoms>
		<a id="1" s="H" t="H" l="H"/>
		<a id="2" s="C" t="C.2" l="C"/>
		<a id="3" s="C" t="C.2" l="C"/>
		<a id="4" s="C" t="C.2" l="C"/>
		<a id="5" s="O" t="O.2" l="O"/>
		<a id="6" s="O" t="O.3" l="O"/>
		<a id="7" s="C" t="C.3" l="C"/>
		<a id="8" s="H" t="H" l="H"/>
		<a id="9" s="H" t="H" l="H"/>
		<a id="10" s="H" t="H" l="H"/>
		<a id="11" s="C" t="C.3" l="C"/>
		<a id="12" s="H" t="H" l="H"/>
		<a id="13" s="H" t="H" l="H"/>
		<a id="14" s="C" t="C.2" l="C"/>
		<a id="15" s="O" t="O.2" l="O"/>
		<a id="16" s="O" t="O.3" l="O"/>
		<a id="17" s="C" t="C.3" l="C"/>
		<a id="18" s="H" t="H" l="H"/>
		<a id="19" s="H" t="H" l="H"/>
		<a id="20" s="H" t="H" l="H"/>
		<a id="21" s="C" t="C.3" l="C"/>
		<a id="22" s="H" t="H" l="H"/>
		<a id="23" s="H" t="H" l="H"/>
		<a id="24" s="C" t="C.3" l="C"/>
		<a id="25" s="H" t="H" l="H"/>
		<a id="26" s="C" t="C.3" l="C"/>
		<a id="27" s="H" t="H" l="H"/>
		<a id="28" s="H" t="H" l="H"/>
		<a id="29" s="H" t="H" l="H"/>
		<a id="30" s="C" t="C.3" l="C"/>
		<a id="31" s="H" t="H" l="H"/>
		<a id="32" s="H" t="H" l="H"/>
		<a id="33" s="H" t="H" l="H"/>
	</atoms>
	<bonds>
		<b id="1" c="17 16" t="1"/>
		<b id="2" c="16 14" t="1"/>
		<b id="3" c="14 15" t="2"/>
		<b id="4" c="14 11" t="1"/>
		<b id="5" c="11 3" t="1"/>
		<b id="6" c="3 2" t="2"/>
		<b id="7" c="2 21" t="1"/>
		<b id="8" c="21 24" t="1"/>
		<b id="9" c="24 26" t="1"/>
		<b id="10" c="24 30" t="1"/>
		<b id="11" c="3 4" t="1"/>
		<b id="12" c="4 5" t="2"/>
		<b id="13" c="4 6" t="1"/>
		<b id="14" c="6 7" t="1"/>
		<b id="15" c="17 18" t="1"/>
		<b id="16" c="17 19" t="1"/>
		<b id="17" c="17 20" t="1"/>
		<b id="18" c="11 12" t="1"/>
		<b id="19" c="11 13" t="1"/>
		<b id="20" c="2 1" t="1"/>
		<b id="21" c="21 22" t="1"/>
		<b id="22" c="21 23" t="1"/>
		<b id="23" c="24 25" t="1"/>
		<b id="24" c="26 27" t="1"/>
		<b id="25" c="26 28" t="1"/>
		<b id="26" c="26 29" t="1"/>
		<b id="27" c="30 31" t="1"/>
		<b id="28" c="30 32" t="1"/>
		<b id="29" c="30 33" t="1"/>
		<b id="30" c="7 8" t="1"/>
		<b id="31" c="7 9" t="1"/>
		<b id="32" c="7 10" t="1"/>
	</bonds>
	<geometry>
		<g u="A" t="cart/3d">#33,3:-0.1797,-2.0273,-0.2774;-0.3495,-0.9517,-0.3259;0.5844,-0.1427,0.2160;0.5182,1.3439,0.2088;0.8500,2.0216,1.1706;0.1393,1.8068,-1.0057;0.1547,3.2292,-1.1132;-0.5476,3.6753,-0.4020;1.1664,3.6154,-0.9536;-0.1617,3.4962,-2.1252;1.7924,-0.6800,0.9420;1.7978,-1.7761,0.9450;1.7698,-0.3389,1.9838;3.0909,-0.2200,0.3018;3.2072,0.2779,-0.8096;4.1299,-0.4905,1.1460;5.4058,-0.0949,0.6407;5.6442,-0.6493,-0.2723;6.1585,-0.3337,1.3972;5.4291,0.9841,0.4579;-1.6492,-0.5673,-0.9851;-1.5436,-0.7559,-2.0607;-1.8684,0.4982,-0.8663;-2.8498,-1.3717,-0.4448;-2.6395,-2.4442,-0.5492;-3.1170,-1.0789,1.0342;-3.9920,-1.6354,1.3870;-3.3063,-0.0127,1.1994;-2.2683,-1.3740,1.6592;-4.1009,-1.0584,-1.2689;-4.3683,0.0016,-1.1993;-3.9413,-1.2996,-2.3251;-4.9553,-1.6472,-0.9183;</g>
	</geometry>
	<conformers/>
	<properties/>
</molecule>
