<?xml version="1.0" ?>
<!--MOLLI PACKAGE EXPERIMENTAL XML FORMAT-->
<molecule name="react_488">
	<atoms>
		<a id="1" s="H" t="H" l="H"/>
		<a id="2" s="C" t="C.2" l="C"/>
		<a id="3" s="C" t="C.2" l="C"/>
		<a id="4" s="C" t="C.2" l="C"/>
		<a id="5" s="O" t="O.2" l="O"/>
		<a id="6" s="O" t="O.3" l="O"/>
		<a id="7" s="C" t="C.3" l="C"/>
		<a id="8" s="H" t="H" l="H"/>
		<a id="9" s="H" t="H" l="H"/>
		<a id="10" s="H" t="H" l="H"/>
		<a id="11" s="C" t="C.3" l="C"/>
		<a id="12" s="H" t="H" l="H"/>
		<a id="13" s="H" t="H" l="H"/>
		<a id="14" s="C" t="C.2" l="C"/>
		<a id="15" s="O" t="O.2" l="O"/>
		<a id="16" s="O" t="O.3" l="O"/>
		<a id="17" s="C" t="C.3" l="C"/>
		<a id="18" s="H" t="H" l="H"/>
		<a id="19" s="H" t="H" l="H"/>
		<a id="20" s="H" t="H" l="H"/>
		<a id="21" s="C" t="C.ar" l="C"/>
		<a id="22" s="C" t="C.ar" l="C"/>
		<a id="23" s="H" t="H" l="H"/>
		<a id="24" s="C" t="C.ar" l="C"/>
		<a id="25" s="H" t="H" l="H"/>
		<a id="26" s="C" t="C.ar" l="C"/>
		<a id="27" s="H" t="H" l="H"/>
		<a id="28" s="C" t="C.ar" l="C"/>
		<a id="29" s="H" t="H" l="H"/>
		<a id="30" s="C" t="C.ar" l="C"/>
		<a id="31" s="H" t="H" l="H"/>
	</atoms>
	<bonds>
		<b id="1" c="17 16" t="1"/>
		<b id="2" c="16 14" t="1"/>
		<b id="3" c="14 15" t="2"/>
		<b id="4" c="14 11" t="1"/>
		<b id="5" c="11 3" t="1"/>
		<b id="6" c="3 2" t="2"/>
		<b id="7" c="2 21" t="1"/>
		<b id="8" c="21 22" t="ar"/>
		<b id="9" c="22 24" t="ar"/>
		<b id="10" c="24 26" t="ar"/>
		<b id="11" c="26 28" t="ar"/>
		<b id="12" c="28 30" t="ar"/>
		<b id="13" c="3 4" t="1"/>
		<b id="14" c="4 5" t="2"/>
		<b id="15" c="4 6" t="1"/>
		<b id="16" c="6 7" t="1"/>
		<b id="17" c="30 21" t="ar"/>
		<b id="18" c="17 18" t="1"/>
		<b id="19" c="17 19" t="1"/>
		<b id="20" c="17 20" t="1"/>
		<b id="21" c="11 12" t="1"/>
		<b id="22" c="11 13" t="1"/>
		<b id="23" c="2 1" t="1"/>
		<b id="24" c="22 23" t="1"/>
		<b id="25" c="24 25" t="1"/>
		<b id="26" c="26 27" t="1"/>
		<b id="27" c="28 29" t="1"/>
		<b id="28" c="30 31" t="1"/>
		<b id="29" c="7 8" t="1"/>
		<b id="30" c="7 9" t="1"/>
		<b id="31" c="7 10" t="1"/>
	</bonds>
	<geometry>
		<g u="A" t="cart/3d">#31,3:1.5744,-0.6505,-1.6537;0.7281,-0.2130,-1.1264;0.9175,0.3535,0.0824;-0.1471,0.9994,0.8978;-0.1571,0.9653,2.1198;-1.0033,1.7021,0.1195;-2.0542,2.3445,0.8385;-1.6470,3.0888,1.5304;-2.6941,2.8580,0.1146;-2.6598,1.6067,1.3746;2.2654,0.3651,0.7532;2.4435,1.3498,1.2024;3.0750,0.1820,0.0373;2.3422,-0.7085,1.8228;1.7719,-1.7915,1.7832;3.2072,-0.3178,2.8043;3.3382,-1.2608,3.8685;3.9825,-0.8207,4.6340;2.3632,-1.4787,4.3166;3.8081,-2.1792,3.5040;-0.5480,-0.3817,-1.8305;-1.5712,-1.1686,-1.2867;-1.4388,-1.6626,-0.3266;-2.7745,-1.3306,-1.9754;-3.5667,-1.9390,-1.5464;-2.9579,-0.7162,-3.2134;-3.8955,-0.8434,-3.7486;-1.9379,0.0575,-3.7667;-2.0793,0.5345,-4.7328;-0.7347,0.2227,-3.0784;0.0503,0.8329,-3.5181;</g>
	</geometry>
	<conformers/>
	<properties/>
</molecule>
