<?xml version="1.0" ?>
<!--MOLLI PACKAGE EXPERIMENTAL XML FORMAT-->
<molecule name="react_489">
	<atoms>
		<a id="1" s="H" t="H" l="H"/>
		<a id="2" s="C" t="C.2" l="C"/>
		<a id="3" s="C" t="C.2" l="C"/>
		<a id="4" s="C" t="C.2" l="C"/>
		<a id="5" s="O" t="O.2" l="O"/>
		<a id="6" s="O" t="O.3" l="O"/>
		<a id="7" s="C" t="C.3" l="C"/>
		<a id="8" s="H" t="H" l="H"/>
		<a id="9" s="H" t="H" l="H"/>
		<a id="10" s="C" t="C.3" l="C"/>
		<a id="11" s="H" t="H" l="H"/>
		<a id="12" s="H" t="H" l="H"/>
		<a id="13" s="H" t="H" l="H"/>
		<a id="14" s="C" t="C.3" l="C"/>
		<a id="15" s="H" t="H" l="H"/>
		<a id="16" s="H" t="H" l="H"/>
		<a id="17" s="C" t="C.2" l="C"/>
		<a id="18" s="O" t="O.2" l="O"/>
		<a id="19" s="O" t="O.3" l="O"/>
		<a id="20" s="C" t="C.3" l="C"/>
		<a id="21" s="H" t="H" l="H"/>
		<a id="22" s="H" t="H" l="H"/>
		<a id="23" s="C" t="C.3" l="C"/>
		<a id="24" s="H" t="H" l="H"/>
		<a id="25" s="H" t="H" l="H"/>
		<a id="26" s="H" t="H" l="H"/>
		<a id="27" s="C" t="C.ar" l="C"/>
		<a id="28" s="C" t="C.ar" l="C"/>
		<a id="29" s="H" t="H" l="H"/>
		<a id="30" s="C" t="C.ar" l="C"/>
		<a id="31" s="H" t="H" l="H"/>
		<a id="32" s="C" t="C.ar" l="C"/>
		<a id="33" s="H" t="H" l="H"/>
		<a id="34" s="C" t="C.ar" l="C"/>
		<a id="35" s="H" t="H" l="H"/>
		<a id="36" s="C" t="C.ar" l="C"/>
		<a id="37" s="H" t="H" l="H"/>
	</atoms>
	<bonds>
		<b id="1" c="23 20" t="1"/>
		<b id="2" c="20 19" t="1"/>
		<b id="3" c="19 17" t="1"/>
		<b id="4" c="17 18" t="2"/>
		<b id="5" c="17 14" t="1"/>
		<b id="6" c="14 3" t="1"/>
		<b id="7" c="3 2" t="2"/>
		<b id="8" c="2 27" t="1"/>
		<b id="9" c="27 28" t="ar"/>
		<b id="10" c="28 30" t="ar"/>
		<b id="11" c="30 32" t="ar"/>
		<b id="12" c="32 34" t="ar"/>
		<b id="13" c="34 36" t="ar"/>
		<b id="14" c="3 4" t="1"/>
		<b id="15" c="4 5" t="2"/>
		<b id="16" c="4 6" t="1"/>
		<b id="17" c="6 7" t="1"/>
		<b id="18" c="7 10" t="1"/>
		<b id="19" c="36 27" t="ar"/>
		<b id="20" c="23 24" t="1"/>
		<b id="21" c="23 25" t="1"/>
		<b id="22" c="23 26" t="1"/>
		<b id="23" c="20 21" t="1"/>
		<b id="24" c="20 22" t="1"/>
		<b id="25" c="14 15" t="1"/>
		<b id="26" c="14 16" t="1"/>
		<b id="27" c="2 1" t="1"/>
		<b id="28" c="28 29" t="1"/>
		<b id="29" c="30 31" t="1"/>
		<b id="30" c="32 33" t="1"/>
		<b id="31" c="34 35" t="1"/>
		<b id="32" c="36 37" t="1"/>
		<b id="33" c="7 8" t="1"/>
		<b id="34" c="7 9" t="1"/>
		<b id="35" c="10 11" t="1"/>
		<b id="36" c="10 12" t="1"/>
		<b id="37" c="10 13" t="1"/>
	</bonds>
	<geometry>
		<g u="A" t="cart/3d">#37,3:0.9074,0.0813,2.6212;0.3089,0.3518,1.7535;0.8409,0.2666,0.5180;0.1159,0.6245,-0.7287;0.2010,-0.0320,-1.7553;-0.5171,1.8127,-0.5846;-1.2328,2.2906,-1.7309;-0.7459,1.9945,-2.6662;-1.2124,3.3837,-1.6894;-2.6689,1.8059,-1.6776;-3.2409,2.1901,-2.5270;-3.1508,2.1373,-0.7518;-2.7161,0.7118,-1.6875;2.2376,-0.2320,0.2731;2.7238,0.3962,-0.4831;2.8529,-0.1832,1.1789;2.2091,-1.6748,-0.1925;1.4488,-2.5360,0.2303;3.2074,-1.8894,-1.0968;3.2499,-3.2233,-1.6170;3.5039,-3.9210,-0.8115;2.2769,-3.4909,-2.0433;4.3142,-3.2764,-2.6946;4.3873,-4.2803,-3.1228;4.0847,-2.5657,-3.4947;5.2910,-2.9924,-2.2902;-1.0738,0.7138,2.0777;-2.1360,-0.1137,1.6953;-1.9484,-1.0341,1.1461;-3.4488,0.2324,2.0200;-4.2690,-0.4130,1.7185;-3.7060,1.4036,2.7310;-4.7283,1.6725,2.9830;-2.6516,2.2279,3.1206;-2.8525,3.1403,3.6757;-1.3373,1.8829,2.7982;-0.5251,2.5376,3.1041;</g>
	</geometry>
	<conformers/>
	<properties/>
</molecule>
