<?xml version="1.0" ?>
<!--MOLLI PACKAGE EXPERIMENTAL XML FORMAT-->
<molecule name="react_490">
	<atoms>
		<a id="1" s="H" t="H" l="H"/>
		<a id="2" s="C" t="C.2" l="C"/>
		<a id="3" s="C" t="C.2" l="C"/>
		<a id="4" s="C" t="C.2" l="C"/>
		<a id="5" s="O" t="O.2" l="O"/>
		<a id="6" s="O" t="O.3" l="O"/>
		<a id="7" s="C" t="C.3" l="C"/>
		<a id="8" s="H" t="H" l="H"/>
		<a id="9" s="H" t="H" l="H"/>
		<a id="10" s="H" t="H" l="H"/>
		<a id="11" s="C" t="C.3" l="C"/>
		<a id="12" s="H" t="H" l="H"/>
		<a id="13" s="H" t="H" l="H"/>
		<a id="14" s="C" t="C.2" l="C"/>
		<a id="15" s="O" t="O.2" l="O"/>
		<a id="16" s="O" t="O.3" l="O"/>
		<a id="17" s="C" t="C.3" l="C"/>
		<a id="18" s="H" t="H" l="H"/>
		<a id="19" s="H" t="H" l="H"/>
		<a id="20" s="H" t="H" l="H"/>
		<a id="21" s="C" t="C.3" l="C"/>
		<a id="22" s="H" t="H" l="H"/>
		<a id="23" s="H" t="H" l="H"/>
		<a id="24" s="C" t="C.3" l="C"/>
		<a id="25" s="H" t="H" l="H"/>
		<a id="26" s="C" t="C.3" l="C"/>
		<a id="27" s="H" t="H" l="H"/>
		<a id="28" s="H" t="H" l="H"/>
		<a id="29" s="H" t="H" l="H"/>
		<a id="30" s="C" t="C.3" l="C"/>
		<a id="31" s="H" t="H" l="H"/>
		<a id="32" s="H" t="H" l="H"/>
		<a id="33" s="H" t="H" l="H"/>
	</atoms>
	<bonds>
		<b id="1" c="17 16" t="1"/>
		<b id="2" c="16 14" t="1"/>
		<b id="3" c="14 15" t="2"/>
		<b id="4" c="14 11" t="1"/>
		<b id="5" c="11 3" t="1"/>
		<b id="6" c="3 2" t="2"/>
		<b id="7" c="2 21" t="1"/>
		<b id="8" c="21 24" t="1"/>
		<b id="9" c="24 26" t="1"/>
		<b id="10" c="24 30" t="1"/>
		<b id="11" c="3 4" t="1"/>
		<b id="12" c="4 5" t="2"/>
		<b id="13" c="4 6" t="1"/>
		<b id="14" c="6 7" t="1"/>
		<b id="15" c="17 18" t="1"/>
		<b id="16" c="17 19" t="1"/>
		<b id="17" c="17 20" t="1"/>
		<b id="18" c="11 12" t="1"/>
		<b id="19" c="11 13" t="1"/>
		<b id="20" c="2 1" t="1"/>
		<b id="21" c="21 22" t="1"/>
		<b id="22" c="21 23" t="1"/>
		<b id="23" c="24 25" t="1"/>
		<b id="24" c="26 27" t="1"/>
		<b id="25" c="26 28" t="1"/>
		<b id="26" c="26 29" t="1"/>
		<b id="27" c="30 31" t="1"/>
		<b id="28" c="30 32" t="1"/>
		<b id="29" c="30 33" t="1"/>
		<b id="30" c="7 8" t="1"/>
		<b id="31" c="7 9" t="1"/>
		<b id="32" c="7 10" t="1"/>
	</bonds>
	<geometry>
		<g u="A" t="cart/3d">#33,3:0.9178,1.1254,1.8615;0.7168,0.4521,1.0259;-0.4534,0.5687,0.3627;-1.3913,1.6331,0.8404;-1.1748,2.3722,1.7894;-2.4989,1.6705,0.0557;-3.4619,2.6443,0.4605;-3.8103,2.4410,1.4780;-3.0414,3.6521,0.3871;-4.3172,2.5761,-0.2174;-0.8746,-0.2663,-0.8169;-0.0468,-0.8628,-1.2121;-1.2100,0.3868,-1.6312;-1.9952,-1.2221,-0.4484;-2.3553,-1.5064,0.6857;-2.5245,-1.7555,-1.5893;-3.5874,-2.6809,-1.3571;-4.4173,-2.1903,-0.8388;-3.2271,-3.5424,-0.7862;-3.9465,-3.0346,-2.3275;1.8054,-0.5558,0.7751;1.3869,-1.4625,0.3232;2.2026,-0.8760,1.7473;2.9476,-0.0138,-0.1037;2.5277,0.3421,-1.0535;3.6865,1.1530,0.5568;3.0236,2.0105,0.7089;4.5172,1.4910,-0.0722;4.0969,0.8626,1.5300;3.9368,-1.1374,-0.4220;4.3948,-1.5345,0.4903;4.7387,-0.7769,-1.0750;3.4347,-1.9633,-0.9371;</g>
	</geometry>
	<conformers/>
	<properties/>
</molecule>
