<?xml version="1.0" ?>
<!--MOLLI PACKAGE EXPERIMENTAL XML FORMAT-->
<molecule name="react_491">
	<atoms>
		<a id="1" s="H" t="H" l="H"/>
		<a id="2" s="C" t="C.2" l="C"/>
		<a id="3" s="C" t="C.2" l="C"/>
		<a id="4" s="C" t="C.2" l="C"/>
		<a id="5" s="O" t="O.2" l="O"/>
		<a id="6" s="O" t="O.3" l="O"/>
		<a id="7" s="C" t="C.3" l="C"/>
		<a id="8" s="H" t="H" l="H"/>
		<a id="9" s="H" t="H" l="H"/>
		<a id="10" s="H" t="H" l="H"/>
		<a id="11" s="C" t="C.3" l="C"/>
		<a id="12" s="H" t="H" l="H"/>
		<a id="13" s="H" t="H" l="H"/>
		<a id="14" s="C" t="C.2" l="C"/>
		<a id="15" s="O" t="O.2" l="O"/>
		<a id="16" s="O" t="O.3" l="O"/>
		<a id="17" s="C" t="C.3" l="C"/>
		<a id="18" s="H" t="H" l="H"/>
		<a id="19" s="H" t="H" l="H"/>
		<a id="20" s="H" t="H" l="H"/>
		<a id="21" s="C" t="C.ar" l="C"/>
		<a id="22" s="C" t="C.ar" l="C"/>
		<a id="23" s="H" t="H" l="H"/>
		<a id="24" s="C" t="C.ar" l="C"/>
		<a id="25" s="H" t="H" l="H"/>
		<a id="26" s="C" t="C.ar" l="C"/>
		<a id="27" s="H" t="H" l="H"/>
		<a id="28" s="C" t="C.ar" l="C"/>
		<a id="29" s="H" t="H" l="H"/>
		<a id="30" s="C" t="C.ar" l="C"/>
		<a id="31" s="H" t="H" l="H"/>
	</atoms>
	<bonds>
		<b id="1" c="17 16" t="1"/>
		<b id="2" c="16 14" t="1"/>
		<b id="3" c="14 15" t="2"/>
		<b id="4" c="14 11" t="1"/>
		<b id="5" c="11 3" t="1"/>
		<b id="6" c="3 2" t="2"/>
		<b id="7" c="2 21" t="1"/>
		<b id="8" c="21 22" t="ar"/>
		<b id="9" c="22 24" t="ar"/>
		<b id="10" c="24 26" t="ar"/>
		<b id="11" c="26 28" t="ar"/>
		<b id="12" c="28 30" t="ar"/>
		<b id="13" c="3 4" t="1"/>
		<b id="14" c="4 5" t="2"/>
		<b id="15" c="4 6" t="1"/>
		<b id="16" c="6 7" t="1"/>
		<b id="17" c="30 21" t="ar"/>
		<b id="18" c="17 18" t="1"/>
		<b id="19" c="17 19" t="1"/>
		<b id="20" c="17 20" t="1"/>
		<b id="21" c="11 12" t="1"/>
		<b id="22" c="11 13" t="1"/>
		<b id="23" c="2 1" t="1"/>
		<b id="24" c="22 23" t="1"/>
		<b id="25" c="24 25" t="1"/>
		<b id="26" c="26 27" t="1"/>
		<b id="27" c="28 29" t="1"/>
		<b id="28" c="30 31" t="1"/>
		<b id="29" c="7 8" t="1"/>
		<b id="30" c="7 9" t="1"/>
		<b id="31" c="7 10" t="1"/>
	</bonds>
	<geometry>
		<g u="A" t="cart/3d">#31,3:-1.7743,1.6182,-0.5028;-1.0923,0.9343,-0.0022;0.2411,0.9946,-0.1929;0.8413,1.9989,-1.1208;2.0498,2.1454,-1.2417;-0.1048,2.7053,-1.7882;0.4237,3.6607,-2.7081;-0.4168,4.1601,-3.1979;1.0146,4.4153,-2.1796;1.0253,3.1633,-3.4755;1.2615,0.1068,0.4769;2.0752,0.7211,0.8806;0.8407,-0.4564,1.3157;1.8296,-0.8921,-0.5133;1.3039,-1.2327,-1.5655;2.9969,-1.4045,-0.0246;3.6154,-2.3609,-0.8855;4.5486,-2.6852,-0.4168;3.8533,-1.9097,-1.8539;2.9694,-3.2353,-1.0123;-1.7589,-0.0459,0.8576;-1.8746,-1.3814,0.4543;-1.4759,-1.7045,-0.5058;-2.5064,-2.3115,1.2813;-2.5942,-3.3474,0.9639;-3.0273,-1.9108,2.5111;-3.5208,-2.6355,3.1538;-2.9192,-0.5803,2.9148;-3.3282,-0.2684,3.8723;-2.2874,0.3520,2.0894;-2.2093,1.3864,2.4156;</g>
	</geometry>
	<conformers/>
	<properties/>
</molecule>
