<?xml version="1.0" ?>
<!--MOLLI PACKAGE EXPERIMENTAL XML FORMAT-->
<molecule name="react_192">
	<atoms>
		<a id="1" s="H" t="H" l="H"/>
		<a id="2" s="C" t="C.2" l="C"/>
		<a id="3" s="H" t="H" l="H"/>
		<a id="4" s="C" t="C.2" l="C"/>
		<a id="5" s="H" t="H" l="H"/>
		<a id="6" s="Si" t="Si" l="SI"/>
		<a id="7" s="C" t="C.3" l="C"/>
		<a id="8" s="H" t="H" l="H"/>
		<a id="9" s="H" t="H" l="H"/>
		<a id="10" s="C" t="C.3" l="C"/>
		<a id="11" s="H" t="H" l="H"/>
		<a id="12" s="H" t="H" l="H"/>
		<a id="13" s="H" t="H" l="H"/>
		<a id="14" s="C" t="C.3" l="C"/>
		<a id="15" s="H" t="H" l="H"/>
		<a id="16" s="H" t="H" l="H"/>
		<a id="17" s="C" t="C.3" l="C"/>
		<a id="18" s="H" t="H" l="H"/>
		<a id="19" s="H" t="H" l="H"/>
		<a id="20" s="H" t="H" l="H"/>
		<a id="21" s="C" t="C.3" l="C"/>
		<a id="22" s="H" t="H" l="H"/>
		<a id="23" s="H" t="H" l="H"/>
		<a id="24" s="C" t="C.3" l="C"/>
		<a id="25" s="H" t="H" l="H"/>
		<a id="26" s="H" t="H" l="H"/>
		<a id="27" s="H" t="H" l="H"/>
	</atoms>
	<bonds>
		<b id="1" c="2 4" t="2"/>
		<b id="2" c="4 6" t="1"/>
		<b id="3" c="6 7" t="1"/>
		<b id="4" c="7 10" t="1"/>
		<b id="5" c="6 14" t="1"/>
		<b id="6" c="14 17" t="1"/>
		<b id="7" c="6 21" t="1"/>
		<b id="8" c="21 24" t="1"/>
		<b id="9" c="2 1" t="1"/>
		<b id="10" c="2 3" t="1"/>
		<b id="11" c="4 5" t="1"/>
		<b id="12" c="7 8" t="1"/>
		<b id="13" c="7 9" t="1"/>
		<b id="14" c="10 11" t="1"/>
		<b id="15" c="10 12" t="1"/>
		<b id="16" c="10 13" t="1"/>
		<b id="17" c="14 15" t="1"/>
		<b id="18" c="14 16" t="1"/>
		<b id="19" c="17 18" t="1"/>
		<b id="20" c="17 19" t="1"/>
		<b id="21" c="17 20" t="1"/>
		<b id="22" c="21 22" t="1"/>
		<b id="23" c="21 23" t="1"/>
		<b id="24" c="24 25" t="1"/>
		<b id="25" c="24 26" t="1"/>
		<b id="26" c="24 27" t="1"/>
	</bonds>
	<geometry>
		<g u="A" t="cart/3d">#27,3:1.1571,-0.8363,3.7848;1.1590,-0.3890,2.7945;1.9650,0.3043,2.5701;0.2008,-0.6940,1.9107;-0.5863,-1.3910,2.1808;0.0669,-0.0112,0.1845;-0.1938,1.8770,0.2568;-0.2516,2.2491,-0.7722;0.6972,2.3252,0.7110;-1.4287,2.3377,1.0192;-2.3465,1.9411,0.5723;-1.4933,3.4306,1.0038;-1.3968,2.0185,2.0663;1.6766,-0.3770,-0.7707;1.8538,-1.4580,-0.7372;2.5045,0.1008,-0.2347;1.6939,0.0850,-2.2214;1.5595,1.1691,-2.2986;2.6534,-0.1677,-2.6844;0.9026,-0.3966,-2.8055;-1.4099,-0.8095,-0.7154;-1.5313,-0.3036,-1.6799;-2.3146,-0.6053,-0.1316;-1.3007,-2.3097,-0.9523;-2.1945,-2.6742,-1.4690;-0.4319,-2.5556,-1.5721;-1.2101,-2.8598,-0.0097;</g>
	</geometry>
	<conformers/>
	<properties/>
</molecule>
