<?xml version="1.0" ?>
<!--MOLLI PACKAGE EXPERIMENTAL XML FORMAT-->
<molecule name="react_492">
	<atoms>
		<a id="1" s="H" t="H" l="H"/>
		<a id="2" s="C" t="C.2" l="C"/>
		<a id="3" s="C" t="C.2" l="C"/>
		<a id="4" s="C" t="C.2" l="C"/>
		<a id="5" s="O" t="O.2" l="O"/>
		<a id="6" s="O" t="O.3" l="O"/>
		<a id="7" s="C" t="C.3" l="C"/>
		<a id="8" s="H" t="H" l="H"/>
		<a id="9" s="H" t="H" l="H"/>
		<a id="10" s="C" t="C.3" l="C"/>
		<a id="11" s="H" t="H" l="H"/>
		<a id="12" s="H" t="H" l="H"/>
		<a id="13" s="H" t="H" l="H"/>
		<a id="14" s="C" t="C.3" l="C"/>
		<a id="15" s="H" t="H" l="H"/>
		<a id="16" s="H" t="H" l="H"/>
		<a id="17" s="C" t="C.2" l="C"/>
		<a id="18" s="O" t="O.2" l="O"/>
		<a id="19" s="O" t="O.3" l="O"/>
		<a id="20" s="C" t="C.3" l="C"/>
		<a id="21" s="H" t="H" l="H"/>
		<a id="22" s="H" t="H" l="H"/>
		<a id="23" s="C" t="C.3" l="C"/>
		<a id="24" s="H" t="H" l="H"/>
		<a id="25" s="H" t="H" l="H"/>
		<a id="26" s="H" t="H" l="H"/>
		<a id="27" s="C" t="C.ar" l="C"/>
		<a id="28" s="C" t="C.ar" l="C"/>
		<a id="29" s="H" t="H" l="H"/>
		<a id="30" s="C" t="C.ar" l="C"/>
		<a id="31" s="H" t="H" l="H"/>
		<a id="32" s="C" t="C.ar" l="C"/>
		<a id="33" s="H" t="H" l="H"/>
		<a id="34" s="C" t="C.ar" l="C"/>
		<a id="35" s="H" t="H" l="H"/>
		<a id="36" s="C" t="C.ar" l="C"/>
		<a id="37" s="H" t="H" l="H"/>
	</atoms>
	<bonds>
		<b id="1" c="23 20" t="1"/>
		<b id="2" c="20 19" t="1"/>
		<b id="3" c="19 17" t="1"/>
		<b id="4" c="17 18" t="2"/>
		<b id="5" c="17 14" t="1"/>
		<b id="6" c="14 3" t="1"/>
		<b id="7" c="3 2" t="2"/>
		<b id="8" c="2 27" t="1"/>
		<b id="9" c="27 28" t="ar"/>
		<b id="10" c="28 30" t="ar"/>
		<b id="11" c="30 32" t="ar"/>
		<b id="12" c="32 34" t="ar"/>
		<b id="13" c="34 36" t="ar"/>
		<b id="14" c="3 4" t="1"/>
		<b id="15" c="4 5" t="2"/>
		<b id="16" c="4 6" t="1"/>
		<b id="17" c="6 7" t="1"/>
		<b id="18" c="7 10" t="1"/>
		<b id="19" c="36 27" t="ar"/>
		<b id="20" c="23 24" t="1"/>
		<b id="21" c="23 25" t="1"/>
		<b id="22" c="23 26" t="1"/>
		<b id="23" c="20 21" t="1"/>
		<b id="24" c="20 22" t="1"/>
		<b id="25" c="14 15" t="1"/>
		<b id="26" c="14 16" t="1"/>
		<b id="27" c="2 1" t="1"/>
		<b id="28" c="28 29" t="1"/>
		<b id="29" c="30 31" t="1"/>
		<b id="30" c="32 33" t="1"/>
		<b id="31" c="34 35" t="1"/>
		<b id="32" c="36 37" t="1"/>
		<b id="33" c="7 8" t="1"/>
		<b id="34" c="7 9" t="1"/>
		<b id="35" c="10 11" t="1"/>
		<b id="36" c="10 12" t="1"/>
		<b id="37" c="10 13" t="1"/>
	</bonds>
	<geometry>
		<g u="A" t="cart/3d">#37,3:-2.6785,-0.1279,-0.2818;-1.6932,-0.4012,0.0894;-0.6664,0.4729,0.0893;-0.8348,1.8586,-0.4417;0.0441,2.7053,-0.3602;-2.0560,2.0414,-1.0020;-2.2985,3.3383,-1.5657;-1.3988,3.7399,-2.0459;-3.0513,3.2101,-2.3504;-2.8277,4.2803,-0.5007;-3.7267,3.8655,-0.0330;-3.0718,5.2553,-0.9319;-2.0920,4.4251,0.2967;0.7225,0.1904,0.6077;1.0433,1.0075,1.2649;0.7709,-0.7305,1.1970;1.7022,0.0562,-0.5425;1.4096,-0.1952,-1.7046;2.9764,0.2004,-0.0742;3.9878,0.0895,-1.0823;3.9473,-0.9063,-1.5377;3.8305,0.8545,-1.8509;5.3376,0.2961,-0.4234;5.3863,1.2797,0.0554;6.1455,0.2197,-1.1565;5.5012,-0.4489,0.3623;-1.5967,-1.7865,0.5543;-2.1755,-2.1552,1.7725;-2.6996,-1.4209,2.3796;-2.0815,-3.4737,2.2222;-2.5314,-3.7574,3.1702;-1.4123,-4.4274,1.4555;-1.3410,-5.4540,1.8059;-0.8380,-4.0657,0.2375;-0.3200,-4.8093,-0.3628;-0.9307,-2.7484,-0.2143;-0.4827,-2.4784,-1.1690;</g>
	</geometry>
	<conformers/>
	<properties/>
</molecule>
