<?xml version="1.0" ?>
<!--MOLLI PACKAGE EXPERIMENTAL XML FORMAT-->
<molecule name="react_493">
	<atoms>
		<a id="1" s="H" t="H" l="H"/>
		<a id="2" s="C" t="C.2" l="C"/>
		<a id="3" s="C" t="C.2" l="C"/>
		<a id="4" s="C" t="C.3" l="C"/>
		<a id="5" s="H" t="H" l="H"/>
		<a id="6" s="H" t="H" l="H"/>
		<a id="7" s="H" t="H" l="H"/>
		<a id="8" s="C" t="C.3" l="C"/>
		<a id="9" s="H" t="H" l="H"/>
		<a id="10" s="H" t="H" l="H"/>
		<a id="11" s="C" t="C.3" l="C"/>
		<a id="12" s="H" t="H" l="H"/>
		<a id="13" s="H" t="H" l="H"/>
		<a id="14" s="C" t="C.3" l="C"/>
		<a id="15" s="H" t="H" l="H"/>
		<a id="16" s="H" t="H" l="H"/>
		<a id="17" s="C" t="C.3" l="C"/>
		<a id="18" s="H" t="H" l="H"/>
		<a id="19" s="H" t="H" l="H"/>
		<a id="20" s="C" t="C.3" l="C"/>
		<a id="21" s="H" t="H" l="H"/>
		<a id="22" s="H" t="H" l="H"/>
		<a id="23" s="H" t="H" l="H"/>
		<a id="24" s="C" t="C.3" l="C"/>
		<a id="25" s="H" t="H" l="H"/>
		<a id="26" s="H" t="H" l="H"/>
		<a id="27" s="C" t="C.2" l="C"/>
		<a id="28" s="O" t="O.2" l="O"/>
		<a id="29" s="O" t="O.3" l="O"/>
		<a id="30" s="C" t="C.3" l="C"/>
		<a id="31" s="H" t="H" l="H"/>
		<a id="32" s="H" t="H" l="H"/>
		<a id="33" s="H" t="H" l="H"/>
	</atoms>
	<bonds>
		<b id="1" c="20 17" t="1"/>
		<b id="2" c="17 14" t="1"/>
		<b id="3" c="14 11" t="1"/>
		<b id="4" c="11 8" t="1"/>
		<b id="5" c="8 3" t="1"/>
		<b id="6" c="3 4" t="1"/>
		<b id="7" c="3 2" t="2"/>
		<b id="8" c="2 24" t="1"/>
		<b id="9" c="24 27" t="1"/>
		<b id="10" c="27 28" t="2"/>
		<b id="11" c="27 29" t="1"/>
		<b id="12" c="29 30" t="1"/>
		<b id="13" c="20 21" t="1"/>
		<b id="14" c="20 22" t="1"/>
		<b id="15" c="20 23" t="1"/>
		<b id="16" c="17 18" t="1"/>
		<b id="17" c="17 19" t="1"/>
		<b id="18" c="14 15" t="1"/>
		<b id="19" c="14 16" t="1"/>
		<b id="20" c="11 12" t="1"/>
		<b id="21" c="11 13" t="1"/>
		<b id="22" c="8 9" t="1"/>
		<b id="23" c="8 10" t="1"/>
		<b id="24" c="4 5" t="1"/>
		<b id="25" c="4 6" t="1"/>
		<b id="26" c="4 7" t="1"/>
		<b id="27" c="2 1" t="1"/>
		<b id="28" c="24 25" t="1"/>
		<b id="29" c="24 26" t="1"/>
		<b id="30" c="30 31" t="1"/>
		<b id="31" c="30 32" t="1"/>
		<b id="32" c="30 33" t="1"/>
	</bonds>
	<geometry>
		<g u="A" t="cart/3d">#33,3:-0.2462,-1.9459,-0.8109;-0.7263,-1.0704,-1.2522;0.0640,-0.0504,-1.6460;-0.4161,1.2301,-2.2736;-1.5030,1.3280,-2.2889;-0.0622,1.2948,-3.3080;-0.0275,2.0938,-1.7251;1.5700,-0.1596,-1.4883;2.0683,0.5741,-2.1344;1.8920,-1.1407,-1.8625;2.0771,0.0002,-0.0479;1.6345,-0.7733,0.5915;3.1574,-0.1825,-0.0579;1.7960,1.3813,0.5506;2.2371,2.1581,-0.0856;0.7145,1.5589,0.5682;2.3127,1.5365,1.9833;1.8810,0.7575,2.6226;1.9614,2.4990,2.3750;3.8293,1.4997,2.0924;4.2893,2.2435,1.4341;4.2276,0.5144,1.8343;4.1365,1.7211,3.1196;-2.2253,-1.1810,-1.3244;-2.6747,-0.3272,-1.8364;-2.4847,-2.0869,-1.8835;-2.8504,-1.2926,0.0587;-2.2564,-1.5321,1.1015;-4.2031,-1.1263,-0.0438;-4.8956,-1.2327,1.2009;-5.9574,-1.0493,1.0146;-4.7857,-2.2405,1.6129;-4.5340,-0.4809,1.9093;</g>
	</geometry>
	<conformers/>
	<properties/>
</molecule>
