<?xml version="1.0" ?>
<!--MOLLI PACKAGE EXPERIMENTAL XML FORMAT-->
<molecule name="react_494">
	<atoms>
		<a id="1" s="H" t="H" l="H"/>
		<a id="2" s="C" t="C.2" l="C"/>
		<a id="3" s="C" t="C.2" l="C"/>
		<a id="4" s="C" t="C.3" l="C"/>
		<a id="5" s="H" t="H" l="H"/>
		<a id="6" s="H" t="H" l="H"/>
		<a id="7" s="H" t="H" l="H"/>
		<a id="8" s="C" t="C.3" l="C"/>
		<a id="9" s="H" t="H" l="H"/>
		<a id="10" s="H" t="H" l="H"/>
		<a id="11" s="C" t="C.3" l="C"/>
		<a id="12" s="H" t="H" l="H"/>
		<a id="13" s="H" t="H" l="H"/>
		<a id="14" s="C" t="C.3" l="C"/>
		<a id="15" s="H" t="H" l="H"/>
		<a id="16" s="H" t="H" l="H"/>
		<a id="17" s="C" t="C.3" l="C"/>
		<a id="18" s="H" t="H" l="H"/>
		<a id="19" s="H" t="H" l="H"/>
		<a id="20" s="C" t="C.3" l="C"/>
		<a id="21" s="H" t="H" l="H"/>
		<a id="22" s="H" t="H" l="H"/>
		<a id="23" s="H" t="H" l="H"/>
		<a id="24" s="C" t="C.3" l="C"/>
		<a id="25" s="H" t="H" l="H"/>
		<a id="26" s="H" t="H" l="H"/>
		<a id="27" s="C" t="C.2" l="C"/>
		<a id="28" s="O" t="O.2" l="O"/>
		<a id="29" s="O" t="O.3" l="O"/>
		<a id="30" s="C" t="C.3" l="C"/>
		<a id="31" s="H" t="H" l="H"/>
		<a id="32" s="H" t="H" l="H"/>
		<a id="33" s="H" t="H" l="H"/>
	</atoms>
	<bonds>
		<b id="1" c="20 17" t="1"/>
		<b id="2" c="17 14" t="1"/>
		<b id="3" c="14 11" t="1"/>
		<b id="4" c="11 8" t="1"/>
		<b id="5" c="8 3" t="1"/>
		<b id="6" c="3 4" t="1"/>
		<b id="7" c="3 2" t="2"/>
		<b id="8" c="2 24" t="1"/>
		<b id="9" c="24 27" t="1"/>
		<b id="10" c="27 28" t="2"/>
		<b id="11" c="27 29" t="1"/>
		<b id="12" c="29 30" t="1"/>
		<b id="13" c="20 21" t="1"/>
		<b id="14" c="20 22" t="1"/>
		<b id="15" c="20 23" t="1"/>
		<b id="16" c="17 18" t="1"/>
		<b id="17" c="17 19" t="1"/>
		<b id="18" c="14 15" t="1"/>
		<b id="19" c="14 16" t="1"/>
		<b id="20" c="11 12" t="1"/>
		<b id="21" c="11 13" t="1"/>
		<b id="22" c="8 9" t="1"/>
		<b id="23" c="8 10" t="1"/>
		<b id="24" c="4 5" t="1"/>
		<b id="25" c="4 6" t="1"/>
		<b id="26" c="4 7" t="1"/>
		<b id="27" c="2 1" t="1"/>
		<b id="28" c="24 25" t="1"/>
		<b id="29" c="24 26" t="1"/>
		<b id="30" c="30 31" t="1"/>
		<b id="31" c="30 32" t="1"/>
		<b id="32" c="30 33" t="1"/>
	</bonds>
	<geometry>
		<g u="A" t="cart/3d">#33,3:-2.4632,-2.2474,-0.3394;-1.7259,-1.5778,0.1067;-0.4227,-1.7854,-0.1719;-0.0073,-2.9149,-1.0805;0.6454,-3.6120,-0.5450;-0.8650,-3.4849,-1.4532;0.5341,-2.5276,-1.9493;0.7172,-0.9598,0.3855;0.4470,-0.5321,1.3575;1.5645,-1.6250,0.5905;1.1362,0.1565,-0.5759;0.2570,0.7602,-0.8357;1.5086,-0.2732,-1.5139;2.1973,1.0936,0.0093;1.8256,1.5324,0.9433;2.3432,1.9243,-0.6925;3.5415,0.4088,0.2583;3.8911,-0.0728,-0.6621;3.4360,-0.3739,1.0170;4.5912,1.4036,0.7301;5.5439,0.8943,0.9061;4.7573,2.1843,-0.0191;4.2844,1.8834,1.6649;-2.3224,-0.4863,0.9564;-2.7723,-0.9367,1.8476;-1.5667,0.2395,1.2691;-3.4137,0.2776,0.2182;-3.9307,-0.0462,-0.8427;-3.7622,1.3798,0.9476;-4.7934,2.1671,0.3508;-5.7158,1.5850,0.2603;-4.4730,2.5428,-0.6260;-4.9870,3.0227,1.0038;</g>
	</geometry>
	<conformers/>
	<properties/>
</molecule>
