<?xml version="1.0" ?>
<!--MOLLI PACKAGE EXPERIMENTAL XML FORMAT-->
<molecule name="react_495">
	<atoms>
		<a id="1" s="H" t="H" l="H"/>
		<a id="2" s="C" t="C.1" l="C"/>
		<a id="3" s="C" t="C.1" l="C"/>
		<a id="4" s="C" t="C.3" l="C"/>
		<a id="5" s="H" t="H" l="H"/>
		<a id="6" s="H" t="H" l="H"/>
		<a id="7" s="C" t="C.2" l="C"/>
		<a id="8" s="H" t="H" l="H"/>
		<a id="9" s="C" t="C.2" l="C"/>
		<a id="10" s="H" t="H" l="H"/>
		<a id="11" s="C" t="C.3" l="C"/>
		<a id="12" s="H" t="H" l="H"/>
		<a id="13" s="H" t="H" l="H"/>
		<a id="14" s="C" t="C.2" l="C"/>
		<a id="15" s="O" t="O.2" l="O"/>
		<a id="16" s="O" t="O.3" l="O"/>
		<a id="17" s="C" t="C.3" l="C"/>
		<a id="18" s="H" t="H" l="H"/>
		<a id="19" s="H" t="H" l="H"/>
		<a id="20" s="H" t="H" l="H"/>
	</atoms>
	<bonds>
		<b id="1" c="2 3" t="3"/>
		<b id="2" c="3 4" t="1"/>
		<b id="3" c="4 7" t="1"/>
		<b id="4" c="7 9" t="2"/>
		<b id="5" c="9 11" t="1"/>
		<b id="6" c="11 14" t="1"/>
		<b id="7" c="14 15" t="2"/>
		<b id="8" c="14 16" t="1"/>
		<b id="9" c="16 17" t="1"/>
		<b id="10" c="2 1" t="1"/>
		<b id="11" c="4 5" t="1"/>
		<b id="12" c="4 6" t="1"/>
		<b id="13" c="7 8" t="1"/>
		<b id="14" c="9 10" t="1"/>
		<b id="15" c="11 12" t="1"/>
		<b id="16" c="11 13" t="1"/>
		<b id="17" c="17 18" t="1"/>
		<b id="18" c="17 19" t="1"/>
		<b id="19" c="17 20" t="1"/>
	</bonds>
	<geometry>
		<g u="A" t="cart/3d">#20,3:-5.9343,-0.2581,-0.2828;-4.9796,0.2146,-0.2574;-3.9025,0.7455,-0.2270;-2.5887,1.4019,-0.1880;-2.4485,1.8976,0.7793;-2.5344,2.1789,-0.9586;-1.5085,0.3898,-0.4413;-1.5390,-0.1091,-1.4082;-0.5315,0.0933,0.4326;-0.4986,0.5991,1.3970;0.5592,-0.9098,0.1743;0.4553,-1.3413,-0.8277;0.4866,-1.7133,0.9151;1.9441,-0.2891,0.2859;2.2009,0.8261,0.7194;2.8763,-1.1894,-0.1470;4.2206,-0.7129,-0.0726;4.4938,-0.4978,0.9652;4.8802,-1.5003,-0.4479;4.3487,0.1744,-0.7005;</g>
	</geometry>
	<conformers/>
	<properties/>
</molecule>
