<?xml version="1.0" ?>
<!--MOLLI PACKAGE EXPERIMENTAL XML FORMAT-->
<molecule name="react_496">
	<atoms>
		<a id="1" s="H" t="H" l="H"/>
		<a id="2" s="C" t="C.2" l="C"/>
		<a id="3" s="C" t="C.2" l="C"/>
		<a id="4" s="H" t="H" l="H"/>
		<a id="5" s="C" t="C.3" l="C"/>
		<a id="6" s="H" t="H" l="H"/>
		<a id="7" s="H" t="H" l="H"/>
		<a id="8" s="C" t="C.3" l="C"/>
		<a id="9" s="H" t="H" l="H"/>
		<a id="10" s="H" t="H" l="H"/>
		<a id="11" s="C" t="C.3" l="C"/>
		<a id="12" s="H" t="H" l="H"/>
		<a id="13" s="H" t="H" l="H"/>
		<a id="14" s="C" t="C.3" l="C"/>
		<a id="15" s="H" t="H" l="H"/>
		<a id="16" s="H" t="H" l="H"/>
		<a id="17" s="C" t="C.3" l="C"/>
		<a id="18" s="H" t="H" l="H"/>
		<a id="19" s="H" t="H" l="H"/>
		<a id="20" s="H" t="H" l="H"/>
		<a id="21" s="C" t="C.3" l="C"/>
		<a id="22" s="H" t="H" l="H"/>
		<a id="23" s="H" t="H" l="H"/>
		<a id="24" s="C" t="C.2" l="C"/>
		<a id="25" s="O" t="O.2" l="O"/>
		<a id="26" s="O" t="O.3" l="O"/>
		<a id="27" s="C" t="C.3" l="C"/>
		<a id="28" s="H" t="H" l="H"/>
		<a id="29" s="H" t="H" l="H"/>
		<a id="30" s="H" t="H" l="H"/>
	</atoms>
	<bonds>
		<b id="1" c="17 14" t="1"/>
		<b id="2" c="14 11" t="1"/>
		<b id="3" c="11 8" t="1"/>
		<b id="4" c="8 5" t="1"/>
		<b id="5" c="5 3" t="1"/>
		<b id="6" c="3 2" t="2"/>
		<b id="7" c="2 21" t="1"/>
		<b id="8" c="21 24" t="1"/>
		<b id="9" c="24 25" t="2"/>
		<b id="10" c="24 26" t="1"/>
		<b id="11" c="26 27" t="1"/>
		<b id="12" c="17 18" t="1"/>
		<b id="13" c="17 19" t="1"/>
		<b id="14" c="17 20" t="1"/>
		<b id="15" c="14 15" t="1"/>
		<b id="16" c="14 16" t="1"/>
		<b id="17" c="11 12" t="1"/>
		<b id="18" c="11 13" t="1"/>
		<b id="19" c="8 9" t="1"/>
		<b id="20" c="8 10" t="1"/>
		<b id="21" c="5 6" t="1"/>
		<b id="22" c="5 7" t="1"/>
		<b id="23" c="3 4" t="1"/>
		<b id="24" c="2 1" t="1"/>
		<b id="25" c="21 22" t="1"/>
		<b id="26" c="21 23" t="1"/>
		<b id="27" c="27 28" t="1"/>
		<b id="28" c="27 29" t="1"/>
		<b id="29" c="27 30" t="1"/>
	</bonds>
	<geometry>
		<g u="A" t="cart/3d">#30,3:0.4709,0.0525,0.5986;0.9721,-0.1160,-0.3522;0.4370,-0.9405,-1.2678;0.9761,-1.1019,-2.2011;-0.8496,-1.7188,-1.1618;-1.3941,-1.5992,-2.1071;-0.5786,-2.7803,-1.0976;-1.8046,-1.3991,-0.0048;-1.2753,-1.4474,0.9541;-2.5709,-2.1844,0.0278;-2.5053,-0.0457,-0.1627;-3.0629,-0.0323,-1.1072;-1.7698,0.7641,-0.2149;-3.4641,0.2185,0.9987;-4.2151,-0.5784,1.0511;-2.9126,0.2082,1.9460;-4.1681,1.5575,0.8465;-3.4461,2.3800,0.8239;-4.8485,1.7257,1.6871;-4.7548,1.5895,-0.0772;2.2763,0.6129,-0.5338;2.0879,1.6916,-0.5162;2.7328,0.3498,-1.4948;3.2706,0.2916,0.5726;3.0174,-0.2745,1.6275;4.5014,0.7729,0.2244;5.5133,0.5392,1.2048;5.6466,-0.5345,1.3707;5.2649,1.0494,2.1407;6.4532,0.9498,0.8258;</g>
	</geometry>
	<conformers/>
	<properties/>
</molecule>
