<?xml version="1.0" ?>
<!--MOLLI PACKAGE EXPERIMENTAL XML FORMAT-->
<molecule name="react_497">
	<atoms>
		<a id="1" s="H" t="H" l="H"/>
		<a id="2" s="C" t="C.2" l="C"/>
		<a id="3" s="C" t="C.2" l="C"/>
		<a id="4" s="H" t="H" l="H"/>
		<a id="5" s="C" t="C.3" l="C"/>
		<a id="6" s="H" t="H" l="H"/>
		<a id="7" s="H" t="H" l="H"/>
		<a id="8" s="C" t="C.2" l="C"/>
		<a id="9" s="O" t="O.2" l="O"/>
		<a id="10" s="O" t="O.3" l="O"/>
		<a id="11" s="C" t="C.3" l="C"/>
		<a id="12" s="H" t="H" l="H"/>
		<a id="13" s="H" t="H" l="H"/>
		<a id="14" s="H" t="H" l="H"/>
		<a id="15" s="C" t="C.ar" l="C"/>
		<a id="16" s="C" t="C.ar" l="C"/>
		<a id="17" s="H" t="H" l="H"/>
		<a id="18" s="C" t="C.ar" l="C"/>
		<a id="19" s="C" t="C.ar" l="C"/>
		<a id="20" s="C" t="C.ar" l="C"/>
		<a id="21" s="C" t="C.ar" l="C"/>
		<a id="22" s="H" t="H" l="H"/>
		<a id="23" s="C" t="C.ar" l="C"/>
		<a id="24" s="H" t="H" l="H"/>
		<a id="25" s="C" t="C.ar" l="C"/>
		<a id="26" s="H" t="H" l="H"/>
		<a id="27" s="C" t="C.ar" l="C"/>
		<a id="28" s="C" t="C.ar" l="C"/>
		<a id="29" s="O" t="O.3" l="O"/>
		<a id="30" s="C" t="C.3" l="C"/>
		<a id="31" s="H" t="H" l="H"/>
		<a id="32" s="H" t="H" l="H"/>
		<a id="33" s="H" t="H" l="H"/>
		<a id="34" s="O" t="O.3" l="O"/>
		<a id="35" s="C" t="C.3" l="C"/>
		<a id="36" s="C" t="C.3" l="C"/>
		<a id="37" s="H" t="H" l="H"/>
		<a id="38" s="H" t="H" l="H"/>
		<a id="39" s="H" t="H" l="H"/>
		<a id="40" s="C" t="C.3" l="C"/>
		<a id="41" s="H" t="H" l="H"/>
		<a id="42" s="H" t="H" l="H"/>
		<a id="43" s="H" t="H" l="H"/>
		<a id="44" s="O" t="O.3" l="O"/>
	</atoms>
	<bonds>
		<b id="1" c="11 10" t="1"/>
		<b id="2" c="10 8" t="1"/>
		<b id="3" c="8 9" t="2"/>
		<b id="4" c="8 5" t="1"/>
		<b id="5" c="5 3" t="1"/>
		<b id="6" c="3 2" t="2"/>
		<b id="7" c="2 15" t="1"/>
		<b id="8" c="15 16" t="ar"/>
		<b id="9" c="16 18" t="ar"/>
		<b id="10" c="18 19" t="ar"/>
		<b id="11" c="19 20" t="ar"/>
		<b id="12" c="20 21" t="ar"/>
		<b id="13" c="21 23" t="ar"/>
		<b id="14" c="23 25" t="ar"/>
		<b id="15" c="25 27" t="ar"/>
		<b id="16" c="27 28" t="ar"/>
		<b id="17" c="28 29" t="1"/>
		<b id="18" c="29 30" t="1"/>
		<b id="19" c="20 34" t="1"/>
		<b id="20" c="34 35" t="1"/>
		<b id="21" c="35 36" t="1"/>
		<b id="22" c="35 40" t="1"/>
		<b id="23" c="35 44" t="1"/>
		<b id="24" c="28 15" t="ar"/>
		<b id="25" c="44 18" t="1"/>
		<b id="26" c="27 19" t="ar"/>
		<b id="27" c="11 12" t="1"/>
		<b id="28" c="11 13" t="1"/>
		<b id="29" c="11 14" t="1"/>
		<b id="30" c="5 6" t="1"/>
		<b id="31" c="5 7" t="1"/>
		<b id="32" c="3 4" t="1"/>
		<b id="33" c="2 1" t="1"/>
		<b id="34" c="16 17" t="1"/>
		<b id="35" c="21 22" t="1"/>
		<b id="36" c="23 24" t="1"/>
		<b id="37" c="25 26" t="1"/>
		<b id="38" c="30 31" t="1"/>
		<b id="39" c="30 32" t="1"/>
		<b id="40" c="30 33" t="1"/>
		<b id="41" c="36 37" t="1"/>
		<b id="42" c="36 38" t="1"/>
		<b id="43" c="36 39" t="1"/>
		<b id="44" c="40 41" t="1"/>
		<b id="45" c="40 42" t="1"/>
		<b id="46" c="40 43" t="1"/>
	</bonds>
	<geometry>
		<g u="A" t="cart/3d">#44,3:2.0629,2.2549,-0.9669;1.9304,1.1826,-0.8224;2.9974,0.3660,-0.7815;2.8735,-0.7020,-0.6061;4.4101,0.8518,-0.9451;4.8741,0.3279,-1.7900;4.4675,1.9271,-1.1625;5.2314,0.5710,0.2985;6.1829,-0.2019,0.3303;4.7728,1.2929,1.3621;5.4871,1.0568,2.5761;6.5140,1.4265,2.4881;5.4812,-0.0106,2.8273;4.9848,1.6021,3.3803;0.5370,0.7415,-0.6359;0.0746,-0.4392,-1.2303;0.7422,-1.0667,-1.8149;-1.2611,-0.8200,-1.1011;-2.1714,-0.0201,-0.4222;-3.5079,-0.4031,-0.3747;-4.4601,0.4040,0.2412;-5.5038,0.1011,0.2537;-4.0692,1.5994,0.8380;-4.8074,2.2352,1.3196;-2.7272,1.9881,0.8056;-2.4436,2.9350,1.2602;-1.7509,1.1888,0.1739;-0.3800,1.5361,0.0829;0.0490,2.7171,0.6566;0.5452,2.4656,1.9752;1.3247,1.6960,1.9822;0.9867,3.3929,2.3493;-0.2675,2.1798,2.6503;-3.9503,-1.5567,-0.9561;-2.9044,-2.4995,-1.2597;-2.6777,-3.4141,-0.0462;-3.6135,-3.8855,0.2810;-1.9392,-4.1936,-0.2723;-2.2934,-2.8470,0.8076;-3.4380,-3.3453,-2.4215;-4.3957,-3.8163,-2.1703;-3.6083,-2.7128,-3.3016;-2.7218,-4.1212,-2.7164;-1.6370,-1.9847,-1.7116;</g>
	</geometry>
	<conformers/>
	<properties/>
</molecule>
