<?xml version="1.0" ?>
<!--MOLLI PACKAGE EXPERIMENTAL XML FORMAT-->
<molecule name="react_498">
	<atoms>
		<a id="1" s="H" t="H" l="H"/>
		<a id="2" s="C" t="C.2" l="C"/>
		<a id="3" s="C" t="C.2" l="C"/>
		<a id="4" s="H" t="H" l="H"/>
		<a id="5" s="C" t="C.3" l="C"/>
		<a id="6" s="H" t="H" l="H"/>
		<a id="7" s="H" t="H" l="H"/>
		<a id="8" s="C" t="C.2" l="C"/>
		<a id="9" s="O" t="O.2" l="O"/>
		<a id="10" s="O" t="O.3" l="O"/>
		<a id="11" s="C" t="C.3" l="C"/>
		<a id="12" s="H" t="H" l="H"/>
		<a id="13" s="H" t="H" l="H"/>
		<a id="14" s="H" t="H" l="H"/>
		<a id="15" s="C" t="C.3" l="C"/>
		<a id="16" s="H" t="H" l="H"/>
		<a id="17" s="H" t="H" l="H"/>
		<a id="18" s="C" t="C.1" l="C"/>
		<a id="19" s="C" t="C.1" l="C"/>
		<a id="20" s="C" t="C.3" l="C"/>
		<a id="21" s="H" t="H" l="H"/>
		<a id="22" s="H" t="H" l="H"/>
		<a id="23" s="C" t="C.3" l="C"/>
		<a id="24" s="H" t="H" l="H"/>
		<a id="25" s="H" t="H" l="H"/>
		<a id="26" s="C" t="C.3" l="C"/>
		<a id="27" s="H" t="H" l="H"/>
		<a id="28" s="H" t="H" l="H"/>
		<a id="29" s="C" t="C.3" l="C"/>
		<a id="30" s="H" t="H" l="H"/>
		<a id="31" s="H" t="H" l="H"/>
		<a id="32" s="C" t="C.3" l="C"/>
		<a id="33" s="H" t="H" l="H"/>
		<a id="34" s="H" t="H" l="H"/>
		<a id="35" s="H" t="H" l="H"/>
	</atoms>
	<bonds>
		<b id="1" c="32 29" t="1"/>
		<b id="2" c="29 26" t="1"/>
		<b id="3" c="26 23" t="1"/>
		<b id="4" c="23 20" t="1"/>
		<b id="5" c="20 19" t="1"/>
		<b id="6" c="19 18" t="3"/>
		<b id="7" c="18 15" t="1"/>
		<b id="8" c="15 2" t="1"/>
		<b id="9" c="2 3" t="2"/>
		<b id="10" c="3 5" t="1"/>
		<b id="11" c="5 8" t="1"/>
		<b id="12" c="8 9" t="2"/>
		<b id="13" c="8 10" t="1"/>
		<b id="14" c="10 11" t="1"/>
		<b id="15" c="32 33" t="1"/>
		<b id="16" c="32 34" t="1"/>
		<b id="17" c="32 35" t="1"/>
		<b id="18" c="29 30" t="1"/>
		<b id="19" c="29 31" t="1"/>
		<b id="20" c="26 27" t="1"/>
		<b id="21" c="26 28" t="1"/>
		<b id="22" c="23 24" t="1"/>
		<b id="23" c="23 25" t="1"/>
		<b id="24" c="20 21" t="1"/>
		<b id="25" c="20 22" t="1"/>
		<b id="26" c="15 16" t="1"/>
		<b id="27" c="15 17" t="1"/>
		<b id="28" c="2 1" t="1"/>
		<b id="29" c="3 4" t="1"/>
		<b id="30" c="5 6" t="1"/>
		<b id="31" c="5 7" t="1"/>
		<b id="32" c="11 12" t="1"/>
		<b id="33" c="11 13" t="1"/>
		<b id="34" c="11 14" t="1"/>
	</bonds>
	<geometry>
		<g u="A" t="cart/3d">#35,3:-3.0303,-1.3956,-1.0558;-2.2730,-0.6841,-0.7295;-2.6512,0.3815,-0.0011;-1.8909,1.0876,0.3294;-4.0419,0.7400,0.4555;-4.1796,1.8202,0.3260;-4.0973,0.5245,1.5294;-5.2307,0.0762,-0.2347;-5.2656,-0.3285,-1.3887;-6.2948,0.0554,0.6238;-7.4786,-0.5185,0.0678;-7.3022,-1.5599,-0.2190;-8.2573,-0.4985,0.8353;-7.8223,0.0684,-0.7897;-0.8866,-1.0560,-1.1900;-0.8819,-1.0826,-2.2858;-0.6723,-2.0747,-0.8459;0.1754,-0.1563,-0.7186;1.0581,0.5673,-0.3420;2.1353,1.4556,0.1181;1.7424,2.1052,0.9092;2.4570,2.1112,-0.6991;3.3328,0.6789,0.6705;3.9961,1.3953,1.1685;2.9984,-0.0344,1.4342;4.1150,-0.0605,-0.4214;3.4432,-0.7405,-0.9585;4.4902,0.6598,-1.1586;5.2811,-0.8882,0.1249;5.7101,-1.4689,-0.7006;4.9126,-1.6110,0.8622;6.3857,-0.0482,0.7470;7.2315,-0.6859,1.0235;6.0431,0.4572,1.6545;6.7481,0.7084,0.0440;</g>
	</geometry>
	<conformers/>
	<properties/>
</molecule>
