<?xml version="1.0" ?>
<!--MOLLI PACKAGE EXPERIMENTAL XML FORMAT-->
<molecule name="react_499">
	<atoms>
		<a id="1" s="H" t="H" l="H"/>
		<a id="2" s="C" t="C.2" l="C"/>
		<a id="3" s="C" t="C.2" l="C"/>
		<a id="4" s="H" t="H" l="H"/>
		<a id="5" s="C" t="C.3" l="C"/>
		<a id="6" s="H" t="H" l="H"/>
		<a id="7" s="H" t="H" l="H"/>
		<a id="8" s="C" t="C.3" l="C"/>
		<a id="9" s="H" t="H" l="H"/>
		<a id="10" s="H" t="H" l="H"/>
		<a id="11" s="C" t="C.3" l="C"/>
		<a id="12" s="H" t="H" l="H"/>
		<a id="13" s="H" t="H" l="H"/>
		<a id="14" s="C" t="C.3" l="C"/>
		<a id="15" s="H" t="H" l="H"/>
		<a id="16" s="H" t="H" l="H"/>
		<a id="17" s="C" t="C.3" l="C"/>
		<a id="18" s="H" t="H" l="H"/>
		<a id="19" s="H" t="H" l="H"/>
		<a id="20" s="C" t="C.3" l="C"/>
		<a id="21" s="H" t="H" l="H"/>
		<a id="22" s="H" t="H" l="H"/>
		<a id="23" s="C" t="C.3" l="C"/>
		<a id="24" s="H" t="H" l="H"/>
		<a id="25" s="H" t="H" l="H"/>
		<a id="26" s="C" t="C.3" l="C"/>
		<a id="27" s="H" t="H" l="H"/>
		<a id="28" s="H" t="H" l="H"/>
		<a id="29" s="C" t="C.3" l="C"/>
		<a id="30" s="H" t="H" l="H"/>
		<a id="31" s="H" t="H" l="H"/>
		<a id="32" s="H" t="H" l="H"/>
		<a id="33" s="C" t="C.3" l="C"/>
		<a id="34" s="H" t="H" l="H"/>
		<a id="35" s="H" t="H" l="H"/>
		<a id="36" s="C" t="C.2" l="C"/>
		<a id="37" s="O" t="O.2" l="O"/>
		<a id="38" s="O" t="O.3" l="O"/>
		<a id="39" s="C" t="C.3" l="C"/>
		<a id="40" s="H" t="H" l="H"/>
		<a id="41" s="H" t="H" l="H"/>
		<a id="42" s="H" t="H" l="H"/>
	</atoms>
	<bonds>
		<b id="1" c="29 26" t="1"/>
		<b id="2" c="26 23" t="1"/>
		<b id="3" c="23 20" t="1"/>
		<b id="4" c="20 17" t="1"/>
		<b id="5" c="17 14" t="1"/>
		<b id="6" c="14 11" t="1"/>
		<b id="7" c="11 8" t="1"/>
		<b id="8" c="8 5" t="1"/>
		<b id="9" c="5 3" t="1"/>
		<b id="10" c="3 2" t="2"/>
		<b id="11" c="2 33" t="1"/>
		<b id="12" c="33 36" t="1"/>
		<b id="13" c="36 37" t="2"/>
		<b id="14" c="36 38" t="1"/>
		<b id="15" c="38 39" t="1"/>
		<b id="16" c="29 30" t="1"/>
		<b id="17" c="29 31" t="1"/>
		<b id="18" c="29 32" t="1"/>
		<b id="19" c="26 27" t="1"/>
		<b id="20" c="26 28" t="1"/>
		<b id="21" c="23 24" t="1"/>
		<b id="22" c="23 25" t="1"/>
		<b id="23" c="20 21" t="1"/>
		<b id="24" c="20 22" t="1"/>
		<b id="25" c="17 18" t="1"/>
		<b id="26" c="17 19" t="1"/>
		<b id="27" c="14 15" t="1"/>
		<b id="28" c="14 16" t="1"/>
		<b id="29" c="11 12" t="1"/>
		<b id="30" c="11 13" t="1"/>
		<b id="31" c="8 9" t="1"/>
		<b id="32" c="8 10" t="1"/>
		<b id="33" c="5 6" t="1"/>
		<b id="34" c="5 7" t="1"/>
		<b id="35" c="3 4" t="1"/>
		<b id="36" c="2 1" t="1"/>
		<b id="37" c="33 34" t="1"/>
		<b id="38" c="33 35" t="1"/>
		<b id="39" c="39 40" t="1"/>
		<b id="40" c="39 41" t="1"/>
		<b id="41" c="39 42" t="1"/>
	</bonds>
	<geometry>
		<g u="A" t="cart/3d">#42,3:4.0757,-0.4908,-1.4750;3.8119,-0.0094,-0.5345;2.7430,-0.4385,0.1557;2.4893,0.0345,1.1032;1.8696,-1.5826,-0.2789;2.3218,-2.0942,-1.1384;1.8264,-2.3209,0.5313;0.4516,-1.1512,-0.6667;-0.0657,-2.0214,-1.0910;0.4983,-0.3952,-1.4608;-0.3664,-0.6114,0.5104;0.1013,0.2965,0.9078;-0.3803,-1.3511,1.3195;-1.8019,-0.2900,0.0854;-2.2681,-1.1968,-0.3168;-1.7875,0.4538,-0.7203;-2.6222,0.2419,1.2627;-2.1011,1.1005,1.7049;-2.6870,-0.5248,2.0448;-4.0320,0.6927,0.8665;-4.5000,1.1592,1.7424;-3.9564,1.4681,0.0953;-4.9197,-0.4550,0.3768;-4.8900,-1.2706,1.1100;-4.5306,-0.8579,-0.5654;-6.3808,-0.0432,0.1773;-6.9631,-0.9393,-0.0710;-6.7897,0.3515,1.1150;-6.5751,0.9802,-0.9317;-6.1506,0.6210,-1.8744;-7.6426,1.1639,-1.0896;-6.1073,1.9372,-0.6813;4.6961,1.1227,-0.0985;4.7449,1.8810,-0.8882;4.3147,1.6300,0.7950;6.0896,0.6151,0.2157;6.3964,0.0071,1.2338;6.9430,0.9067,-0.8091;8.2741,0.4315,-0.6064;8.2812,-0.6571,-0.4904;8.7256,0.9195,0.2633;8.8636,0.6868,-1.4919;</g>
	</geometry>
	<conformers/>
	<properties/>
</molecule>
