<?xml version="1.0" ?>
<!--MOLLI PACKAGE EXPERIMENTAL XML FORMAT-->
<molecule name="react_502">
	<atoms>
		<a id="1" s="H" t="H" l="H"/>
		<a id="2" s="C" t="C.2" l="C"/>
		<a id="3" s="H" t="H" l="H"/>
		<a id="4" s="C" t="C.2" l="C"/>
		<a id="5" s="H" t="H" l="H"/>
		<a id="6" s="C" t="C.3" l="C"/>
		<a id="7" s="H" t="H" l="H"/>
		<a id="8" s="H" t="H" l="H"/>
		<a id="9" s="O" t="O.3" l="O"/>
		<a id="10" s="C" t="C.ar" l="C"/>
		<a id="11" s="C" t="C.ar" l="C"/>
		<a id="12" s="H" t="H" l="H"/>
		<a id="13" s="C" t="C.ar" l="C"/>
		<a id="14" s="H" t="H" l="H"/>
		<a id="15" s="C" t="C.ar" l="C"/>
		<a id="16" s="N" t="N.pl3" l="N"/>
		<a id="17" s="O" t="O.2" l="O"/>
		<a id="18" s="O" t="O.co2" l="O"/>
		<a id="19" s="C" t="C.ar" l="C"/>
		<a id="20" s="H" t="H" l="H"/>
		<a id="21" s="C" t="C.ar" l="C"/>
		<a id="22" s="H" t="H" l="H"/>
	</atoms>
	<bonds>
		<b id="1" c="2 4" t="2"/>
		<b id="2" c="4 6" t="1"/>
		<b id="3" c="6 9" t="1"/>
		<b id="4" c="9 10" t="1"/>
		<b id="5" c="10 11" t="ar"/>
		<b id="6" c="11 13" t="ar"/>
		<b id="7" c="13 15" t="ar"/>
		<b id="8" c="15 16" t="1"/>
		<b id="9" c="16 17" t="2"/>
		<b id="10" c="16 18" t="1"/>
		<b id="11" c="15 19" t="ar"/>
		<b id="12" c="19 21" t="ar"/>
		<b id="13" c="21 10" t="ar"/>
		<b id="14" c="2 1" t="1"/>
		<b id="15" c="2 3" t="1"/>
		<b id="16" c="4 5" t="1"/>
		<b id="17" c="6 7" t="1"/>
		<b id="18" c="6 8" t="1"/>
		<b id="19" c="11 12" t="1"/>
		<b id="20" c="13 14" t="1"/>
		<b id="21" c="19 20" t="1"/>
		<b id="22" c="21 22" t="1"/>
	</bonds>
	<geometry>
		<g u="A" t="cart/3d">#22,3:5.2448,0.5840,-0.4341;4.1646,0.4979,-0.3708;3.5735,1.2616,-0.8675;3.5928,-0.5143,0.2963;4.2422,-1.2464,0.7719;2.1181,-0.7629,0.4686;1.8870,-1.7458,0.0411;1.8966,-0.7619,1.5425;1.3539,0.2464,-0.1879;-0.0077,0.1507,-0.1166;-0.7291,-0.8477,0.5421;-0.2358,-1.6579,1.0700;-2.1292,-0.8259,0.5365;-2.6719,-1.6135,1.0559;-2.8060,0.2019,-0.1329;-4.2739,0.2252,-0.1390;-4.8342,1.1513,-0.7423;-4.8668,-0.6836,0.4601;-2.0920,1.2058,-0.7951;-2.5981,2.0126,-1.3206;-0.6953,1.1722,-0.7818;-0.1335,1.9504,-1.2952;</g>
	</geometry>
	<conformers/>
	<properties/>
</molecule>
