<?xml version="1.0" ?>
<!--MOLLI PACKAGE EXPERIMENTAL XML FORMAT-->
<molecule name="react_504">
	<atoms>
		<a id="1" s="H" t="H" l="H"/>
		<a id="2" s="C" t="C.2" l="C"/>
		<a id="3" s="C" t="C.2" l="C"/>
		<a id="4" s="H" t="H" l="H"/>
		<a id="5" s="C" t="C.3" l="C"/>
		<a id="6" s="H" t="H" l="H"/>
		<a id="7" s="H" t="H" l="H"/>
		<a id="8" s="H" t="H" l="H"/>
		<a id="9" s="C" t="C.ar" l="C"/>
		<a id="10" s="C" t="C.ar" l="C"/>
		<a id="11" s="H" t="H" l="H"/>
		<a id="12" s="N" t="N.ar" l="N"/>
		<a id="13" s="C" t="C.ar" l="C"/>
		<a id="14" s="C" t="C.2" l="C"/>
		<a id="15" s="O" t="O.2" l="O"/>
		<a id="16" s="O" t="O.3" l="O"/>
		<a id="17" s="C" t="C.3" l="C"/>
		<a id="18" s="H" t="H" l="H"/>
		<a id="19" s="H" t="H" l="H"/>
		<a id="20" s="H" t="H" l="H"/>
		<a id="21" s="C" t="C.ar" l="C"/>
		<a id="22" s="H" t="H" l="H"/>
		<a id="23" s="C" t="C.ar" l="C"/>
		<a id="24" s="H" t="H" l="H"/>
	</atoms>
	<bonds>
		<b id="1" c="5 3" t="1"/>
		<b id="2" c="3 2" t="2"/>
		<b id="3" c="2 9" t="1"/>
		<b id="4" c="9 23" t="ar"/>
		<b id="5" c="23 21" t="ar"/>
		<b id="6" c="21 13" t="ar"/>
		<b id="7" c="13 14" t="1"/>
		<b id="8" c="14 15" t="2"/>
		<b id="9" c="14 16" t="1"/>
		<b id="10" c="16 17" t="1"/>
		<b id="11" c="13 12" t="ar"/>
		<b id="12" c="12 10" t="ar"/>
		<b id="13" c="10 9" t="ar"/>
		<b id="14" c="5 6" t="1"/>
		<b id="15" c="5 7" t="1"/>
		<b id="16" c="5 8" t="1"/>
		<b id="17" c="3 4" t="1"/>
		<b id="18" c="2 1" t="1"/>
		<b id="19" c="23 24" t="1"/>
		<b id="20" c="21 22" t="1"/>
		<b id="21" c="17 18" t="1"/>
		<b id="22" c="17 19" t="1"/>
		<b id="23" c="17 20" t="1"/>
		<b id="24" c="10 11" t="1"/>
	</bonds>
	<geometry>
		<g u="A" t="cart/3d">#24,3:-2.9318,-1.2151,1.1071;-2.6103,-0.3664,0.5065;-3.5263,0.4554,-0.0300;-3.2265,1.3252,-0.6103;-5.0009,0.2685,0.1332;-5.4723,0.1556,-0.8479;-5.2435,-0.6149,0.7321;-5.4349,1.1443,0.6252;-1.1594,-0.1970,0.3648;-0.5514,0.3068,-0.7822;-1.1370,0.6173,-1.6437;0.7867,0.4461,-0.9460;1.5839,0.0539,0.0815;3.0595,0.2271,-0.1397;3.5660,0.6846,-1.1527;3.7537,-0.1993,0.9526;5.1705,-0.0675,0.8232;5.5376,-0.6738,-0.0109;5.6297,-0.4342,1.7454;5.4479,0.9832,0.6927;1.0714,-0.4783,1.2622;1.7208,-0.7919,2.0725;-0.3129,-0.6075,1.3966;-0.7204,-1.0221,2.3160;</g>
	</geometry>
	<conformers/>
	<properties/>
</molecule>
