<?xml version="1.0" ?>
<!--MOLLI PACKAGE EXPERIMENTAL XML FORMAT-->
<molecule name="react_200">
	<atoms>
		<a id="1" s="H" t="H" l="H"/>
		<a id="2" s="C" t="C.2" l="C"/>
		<a id="3" s="H" t="H" l="H"/>
		<a id="4" s="C" t="C.2" l="C"/>
		<a id="5" s="H" t="H" l="H"/>
		<a id="6" s="C" t="C.1" l="C"/>
		<a id="7" s="C" t="C.1" l="C"/>
		<a id="8" s="C" t="C.3" l="C"/>
		<a id="9" s="H" t="H" l="H"/>
		<a id="10" s="C" t="C.3" l="C"/>
		<a id="11" s="H" t="H" l="H"/>
		<a id="12" s="H" t="H" l="H"/>
		<a id="13" s="C" t="C.3" l="C"/>
		<a id="14" s="H" t="H" l="H"/>
		<a id="15" s="H" t="H" l="H"/>
		<a id="16" s="C" t="C.3" l="C"/>
		<a id="17" s="H" t="H" l="H"/>
		<a id="18" s="H" t="H" l="H"/>
		<a id="19" s="C" t="C.3" l="C"/>
		<a id="20" s="H" t="H" l="H"/>
		<a id="21" s="H" t="H" l="H"/>
		<a id="22" s="C" t="C.3" l="C"/>
		<a id="23" s="H" t="H" l="H"/>
		<a id="24" s="H" t="H" l="H"/>
	</atoms>
	<bonds>
		<b id="1" c="2 4" t="2"/>
		<b id="2" c="4 6" t="1"/>
		<b id="3" c="6 7" t="3"/>
		<b id="4" c="7 8" t="1"/>
		<b id="5" c="8 10" t="1"/>
		<b id="6" c="10 13" t="1"/>
		<b id="7" c="13 16" t="1"/>
		<b id="8" c="16 19" t="1"/>
		<b id="9" c="19 22" t="1"/>
		<b id="10" c="22 8" t="1"/>
		<b id="11" c="2 1" t="1"/>
		<b id="12" c="2 3" t="1"/>
		<b id="13" c="4 5" t="1"/>
		<b id="14" c="8 9" t="1"/>
		<b id="15" c="10 11" t="1"/>
		<b id="16" c="10 12" t="1"/>
		<b id="17" c="13 14" t="1"/>
		<b id="18" c="13 15" t="1"/>
		<b id="19" c="16 17" t="1"/>
		<b id="20" c="16 18" t="1"/>
		<b id="21" c="19 20" t="1"/>
		<b id="22" c="19 21" t="1"/>
		<b id="23" c="22 23" t="1"/>
		<b id="24" c="22 24" t="1"/>
	</bonds>
	<geometry>
		<g u="A" t="cart/3d">#24,3:-4.1253,0.6814,-1.3476;-4.6364,0.0949,-0.5901;-5.7134,-0.0051,-0.6726;-3.9725,-0.4878,0.4134;-4.5055,-1.0695,1.1592;-2.5641,-0.3688,0.5386;-1.3721,-0.2692,0.6459;0.0913,-0.1454,0.7774;0.3528,-0.2638,1.8375;0.5552,1.2432,0.3178;0.2192,1.4321,-0.7107;0.0949,2.0201,0.9413;2.0748,1.3797,0.3815;2.3736,2.3578,-0.0121;2.4005,1.3435,1.4284;2.7726,0.2750,-0.4060;3.8579,0.3635,-0.2834;2.5603,0.3994,-1.4751;2.3161,-1.1094,0.0440;2.7838,-1.8744,-0.5860;2.6557,-1.2901,1.0713;0.7969,-1.2501,-0.0203;0.4763,-1.2207,-1.0705;0.5075,-2.2363,0.3641;</g>
	</geometry>
	<conformers/>
	<properties/>
</molecule>
