<?xml version="1.0" ?>
<!--MOLLI PACKAGE EXPERIMENTAL XML FORMAT-->
<molecule name="react_506">
	<atoms>
		<a id="1" s="H" t="H" l="H"/>
		<a id="2" s="C" t="C.2" l="C"/>
		<a id="3" s="C" t="C.2" l="C"/>
		<a id="4" s="O" t="O.2" l="O"/>
		<a id="5" s="O" t="O.3" l="O"/>
		<a id="6" s="C" t="C.3" l="C"/>
		<a id="7" s="H" t="H" l="H"/>
		<a id="8" s="H" t="H" l="H"/>
		<a id="9" s="C" t="C.ar" l="C"/>
		<a id="10" s="C" t="C.ar" l="C"/>
		<a id="11" s="H" t="H" l="H"/>
		<a id="12" s="C" t="C.ar" l="C"/>
		<a id="13" s="H" t="H" l="H"/>
		<a id="14" s="C" t="C.ar" l="C"/>
		<a id="15" s="H" t="H" l="H"/>
		<a id="16" s="C" t="C.ar" l="C"/>
		<a id="17" s="H" t="H" l="H"/>
		<a id="18" s="C" t="C.ar" l="C"/>
		<a id="19" s="H" t="H" l="H"/>
		<a id="20" s="C" t="C.2" l="C"/>
		<a id="21" s="H" t="H" l="H"/>
		<a id="22" s="C" t="C.3" l="C"/>
		<a id="23" s="H" t="H" l="H"/>
		<a id="24" s="H" t="H" l="H"/>
		<a id="25" s="C" t="C.3" l="C"/>
		<a id="26" s="H" t="H" l="H"/>
		<a id="27" s="H" t="H" l="H"/>
		<a id="28" s="N" t="N.am" l="N"/>
		<a id="29" s="H" t="H" l="H"/>
		<a id="30" s="C" t="C.2" l="C"/>
		<a id="31" s="O" t="O.2" l="O"/>
		<a id="32" s="O" t="O.3" l="O"/>
		<a id="33" s="C" t="C.3" l="C"/>
		<a id="34" s="C" t="C.3" l="C"/>
		<a id="35" s="H" t="H" l="H"/>
		<a id="36" s="H" t="H" l="H"/>
		<a id="37" s="H" t="H" l="H"/>
		<a id="38" s="C" t="C.3" l="C"/>
		<a id="39" s="H" t="H" l="H"/>
		<a id="40" s="H" t="H" l="H"/>
		<a id="41" s="H" t="H" l="H"/>
		<a id="42" s="C" t="C.3" l="C"/>
		<a id="43" s="H" t="H" l="H"/>
		<a id="44" s="H" t="H" l="H"/>
		<a id="45" s="H" t="H" l="H"/>
	</atoms>
	<bonds>
		<b id="1" c="34 33" t="1"/>
		<b id="2" c="33 38" t="1"/>
		<b id="3" c="33 42" t="1"/>
		<b id="4" c="33 32" t="1"/>
		<b id="5" c="32 30" t="1"/>
		<b id="6" c="30 31" t="2"/>
		<b id="7" c="30 28" t="am"/>
		<b id="8" c="28 25" t="1"/>
		<b id="9" c="25 22" t="1"/>
		<b id="10" c="22 20" t="1"/>
		<b id="11" c="20 2" t="2"/>
		<b id="12" c="2 3" t="1"/>
		<b id="13" c="3 4" t="2"/>
		<b id="14" c="3 5" t="1"/>
		<b id="15" c="5 6" t="1"/>
		<b id="16" c="6 9" t="1"/>
		<b id="17" c="9 10" t="ar"/>
		<b id="18" c="10 12" t="ar"/>
		<b id="19" c="12 14" t="ar"/>
		<b id="20" c="14 16" t="ar"/>
		<b id="21" c="16 18" t="ar"/>
		<b id="22" c="18 9" t="ar"/>
		<b id="23" c="34 35" t="1"/>
		<b id="24" c="34 36" t="1"/>
		<b id="25" c="34 37" t="1"/>
		<b id="26" c="38 39" t="1"/>
		<b id="27" c="38 40" t="1"/>
		<b id="28" c="38 41" t="1"/>
		<b id="29" c="42 43" t="1"/>
		<b id="30" c="42 44" t="1"/>
		<b id="31" c="42 45" t="1"/>
		<b id="32" c="28 29" t="1"/>
		<b id="33" c="25 26" t="1"/>
		<b id="34" c="25 27" t="1"/>
		<b id="35" c="22 23" t="1"/>
		<b id="36" c="22 24" t="1"/>
		<b id="37" c="20 21" t="1"/>
		<b id="38" c="2 1" t="1"/>
		<b id="39" c="6 7" t="1"/>
		<b id="40" c="6 8" t="1"/>
		<b id="41" c="10 11" t="1"/>
		<b id="42" c="12 13" t="1"/>
		<b id="43" c="14 15" t="1"/>
		<b id="44" c="16 17" t="1"/>
		<b id="45" c="18 19" t="1"/>
	</bonds>
	<geometry>
		<g u="A" t="cart/3d">#45,3:1.8093,0.5481,0.1416;1.7477,-0.5169,-0.0490;3.0245,-1.2500,-0.1884;3.1331,-2.4487,-0.3832;4.0330,-0.3574,-0.0572;5.3300,-0.9452,-0.1761;5.4713,-1.7131,0.5947;5.4464,-1.4143,-1.1611;6.3511,0.1497,-0.0069;6.7553,0.9201,-1.1065;6.3424,0.7253,-2.0939;7.6881,1.9462,-0.9472;7.9981,2.5361,-1.8059;8.2192,2.2174,0.3124;8.9446,3.0171,0.4358;7.8150,1.4665,1.4147;8.2243,1.6823,2.3982;6.8822,0.4399,1.2577;6.5700,-0.1319,2.1288;0.5735,-1.1576,-0.1594;0.5590,-2.2283,-0.3644;-0.7629,-0.4821,-0.0371;-0.6400,0.6001,0.0974;-1.3083,-0.6151,-0.9791;-1.5807,-1.0504,1.1265;-1.7819,-2.1162,0.9663;-1.0348,-0.9461,2.0707;-2.8421,-0.3641,1.2911;-2.9354,0.3964,1.9493;-3.9246,-0.6101,0.5031;-3.9668,-1.4451,-0.3851;-4.9214,0.2277,0.8660;-6.2031,0.1898,0.1869;-6.0602,0.5586,-1.2940;-5.4874,1.4855,-1.4102;-5.5269,-0.2125,-1.8581;-7.0389,0.6921,-1.7675;-7.0445,1.2711,0.8822;-6.5626,2.2524,0.8004;-7.1390,1.0620,1.9542;-8.0498,1.3428,0.4539;-6.8949,-1.1649,0.3762;-7.9262,-1.1404,0.0080;-6.9092,-1.4495,1.4343;-6.3765,-1.9671,-0.1574;</g>
	</geometry>
	<conformers/>
	<properties/>
</molecule>
