<?xml version="1.0" ?>
<!--MOLLI PACKAGE EXPERIMENTAL XML FORMAT-->
<molecule name="react_507">
	<atoms>
		<a id="1" s="H" t="H" l="H"/>
		<a id="2" s="C" t="C.2" l="C"/>
		<a id="3" s="C" t="C.2" l="C"/>
		<a id="4" s="C" t="C.3" l="C"/>
		<a id="5" s="H" t="H" l="H"/>
		<a id="6" s="H" t="H" l="H"/>
		<a id="7" s="H" t="H" l="H"/>
		<a id="8" s="C" t="C.3" l="C"/>
		<a id="9" s="H" t="H" l="H"/>
		<a id="10" s="H" t="H" l="H"/>
		<a id="11" s="O" t="O.3" l="O"/>
		<a id="12" s="C" t="C.3" l="C"/>
		<a id="13" s="H" t="H" l="H"/>
		<a id="14" s="H" t="H" l="H"/>
		<a id="15" s="H" t="H" l="H"/>
		<a id="16" s="C" t="C.ar" l="C"/>
		<a id="17" s="C" t="C.ar" l="C"/>
		<a id="18" s="H" t="H" l="H"/>
		<a id="19" s="C" t="C.ar" l="C"/>
		<a id="20" s="H" t="H" l="H"/>
		<a id="21" s="C" t="C.ar" l="C"/>
		<a id="22" s="H" t="H" l="H"/>
		<a id="23" s="C" t="C.ar" l="C"/>
		<a id="24" s="H" t="H" l="H"/>
		<a id="25" s="C" t="C.ar" l="C"/>
		<a id="26" s="H" t="H" l="H"/>
	</atoms>
	<bonds>
		<b id="1" c="12 11" t="1"/>
		<b id="2" c="11 8" t="1"/>
		<b id="3" c="8 3" t="1"/>
		<b id="4" c="3 4" t="1"/>
		<b id="5" c="3 2" t="2"/>
		<b id="6" c="2 16" t="1"/>
		<b id="7" c="16 17" t="ar"/>
		<b id="8" c="17 19" t="ar"/>
		<b id="9" c="19 21" t="ar"/>
		<b id="10" c="21 23" t="ar"/>
		<b id="11" c="23 25" t="ar"/>
		<b id="12" c="25 16" t="ar"/>
		<b id="13" c="12 13" t="1"/>
		<b id="14" c="12 14" t="1"/>
		<b id="15" c="12 15" t="1"/>
		<b id="16" c="8 9" t="1"/>
		<b id="17" c="8 10" t="1"/>
		<b id="18" c="4 5" t="1"/>
		<b id="19" c="4 6" t="1"/>
		<b id="20" c="4 7" t="1"/>
		<b id="21" c="2 1" t="1"/>
		<b id="22" c="17 18" t="1"/>
		<b id="23" c="19 20" t="1"/>
		<b id="24" c="21 22" t="1"/>
		<b id="25" c="23 24" t="1"/>
		<b id="26" c="25 26" t="1"/>
	</bonds>
	<geometry>
		<g u="A" t="cart/3d">#26,3:0.7620,0.5545,1.3848;0.3331,0.0231,0.5371;1.1283,-0.6538,-0.3169;0.6185,-1.4633,-1.4822;-0.4720,-1.5232,-1.5295;0.9693,-1.0276,-2.4236;0.9924,-2.4908,-1.4171;2.6381,-0.6969,-0.1761;2.9240,-1.7043,0.1470;3.1255,-0.5134,-1.1416;3.1340,0.2099,0.8084;3.4556,1.4827,0.2611;3.7759,2.1354,1.0776;4.2798,1.3914,-0.4530;2.5857,1.9341,-0.2252;-1.1261,0.1131,0.4549;-1.9185,-0.6154,1.3475;-1.4556,-1.2535,2.0964;-3.3106,-0.5316,1.2802;-3.9220,-1.1013,1.9750;-3.9156,0.2823,0.3229;-4.9993,0.3473,0.2717;-3.1302,1.0140,-0.5673;-3.6010,1.6499,-1.3122;-1.7381,0.9311,-0.5013;-1.1332,1.5065,-1.1975;</g>
	</geometry>
	<conformers/>
	<properties/>
</molecule>
