<?xml version="1.0" ?>
<!--MOLLI PACKAGE EXPERIMENTAL XML FORMAT-->
<molecule name="react_508">
	<atoms>
		<a id="1" s="H" t="H" l="H"/>
		<a id="2" s="C" t="C.2" l="C"/>
		<a id="3" s="H" t="H" l="H"/>
		<a id="4" s="C" t="C.2" l="C"/>
		<a id="5" s="H" t="H" l="H"/>
		<a id="6" s="C" t="C.ar" l="C"/>
		<a id="7" s="N" t="N.ar" l="N"/>
		<a id="8" s="C" t="C.ar" l="C"/>
		<a id="9" s="C" t="C.2" l="C"/>
		<a id="10" s="O" t="O.2" l="O"/>
		<a id="11" s="O" t="O.3" l="O"/>
		<a id="12" s="C" t="C.3" l="C"/>
		<a id="13" s="H" t="H" l="H"/>
		<a id="14" s="H" t="H" l="H"/>
		<a id="15" s="H" t="H" l="H"/>
		<a id="16" s="C" t="C.ar" l="C"/>
		<a id="17" s="H" t="H" l="H"/>
		<a id="18" s="C" t="C.ar" l="C"/>
		<a id="19" s="C" t="C.ar" l="C"/>
		<a id="20" s="C" t="C.ar" l="C"/>
		<a id="21" s="H" t="H" l="H"/>
		<a id="22" s="C" t="C.ar" l="C"/>
		<a id="23" s="H" t="H" l="H"/>
		<a id="24" s="C" t="C.ar" l="C"/>
		<a id="25" s="H" t="H" l="H"/>
		<a id="26" s="C" t="C.ar" l="C"/>
		<a id="27" s="H" t="H" l="H"/>
		<a id="28" s="C" t="C.ar" l="C"/>
		<a id="29" s="N" t="N.ar" l="N"/>
		<a id="30" s="H" t="H" l="H"/>
		<a id="31" s="C" t="C.ar" l="C"/>
	</atoms>
	<bonds>
		<b id="1" c="2 4" t="2"/>
		<b id="2" c="4 6" t="1"/>
		<b id="3" c="6 7" t="ar"/>
		<b id="4" c="7 8" t="ar"/>
		<b id="5" c="8 9" t="1"/>
		<b id="6" c="9 10" t="2"/>
		<b id="7" c="9 11" t="1"/>
		<b id="8" c="11 12" t="1"/>
		<b id="9" c="8 16" t="ar"/>
		<b id="10" c="16 18" t="ar"/>
		<b id="11" c="18 31" t="ar"/>
		<b id="12" c="31 29" t="ar"/>
		<b id="13" c="29 28" t="ar"/>
		<b id="14" c="28 26" t="ar"/>
		<b id="15" c="26 24" t="ar"/>
		<b id="16" c="24 22" t="ar"/>
		<b id="17" c="22 20" t="ar"/>
		<b id="18" c="20 19" t="ar"/>
		<b id="19" c="31 6" t="ar"/>
		<b id="20" c="19 28" t="ar"/>
		<b id="21" c="19 18" t="ar"/>
		<b id="22" c="2 1" t="1"/>
		<b id="23" c="2 3" t="1"/>
		<b id="24" c="4 5" t="1"/>
		<b id="25" c="12 13" t="1"/>
		<b id="26" c="12 14" t="1"/>
		<b id="27" c="12 15" t="1"/>
		<b id="28" c="16 17" t="1"/>
		<b id="29" c="29 30" t="1"/>
		<b id="30" c="26 27" t="1"/>
		<b id="31" c="24 25" t="1"/>
		<b id="32" c="22 23" t="1"/>
		<b id="33" c="20 21" t="1"/>
	</bonds>
	<geometry>
		<g u="A" t="cart/3d">#31,3:3.0829,3.3539,-0.0462;2.1477,3.8896,0.0997;2.2041,4.9672,0.2083;0.9700,3.2507,0.1446;0.0695,3.8342,0.2923;0.8349,1.8011,0.0042;1.9393,1.0427,-0.1814;1.8263,-0.3032,-0.3129;3.1245,-1.0321,-0.5140;4.2237,-0.5009,-0.5627;2.9034,-2.3713,-0.6345;4.0932,-3.1377,-0.8293;4.5940,-2.8402,-1.7559;3.8076,-4.1899,-0.9133;4.7644,-3.0290,0.0285;0.6118,-0.9813,-0.2687;0.5458,-2.0569,-0.3761;-0.5445,-0.2086,-0.0766;-1.9372,-0.5230,0.0231;-2.6792,-1.7210,-0.0327;-2.1797,-2.6739,-0.1812;-4.0712,-1.6747,0.1050;-4.6458,-2.5970,0.0624;-4.7254,-0.4601,0.2959;-5.8081,-0.4448,0.4009;-4.0123,0.7408,0.3548;-4.5268,1.6847,0.5037;-2.6211,0.6750,0.2151;-1.6807,1.6773,0.2313;-1.9007,2.6544,0.3556;-0.4104,1.1742,0.0568;</g>
	</geometry>
	<conformers/>
	<properties/>
</molecule>
