<?xml version="1.0" ?>
<!--MOLLI PACKAGE EXPERIMENTAL XML FORMAT-->
<molecule name="react_509">
	<atoms>
		<a id="1" s="H" t="H" l="H"/>
		<a id="2" s="C" t="C.2" l="C"/>
		<a id="3" s="C" t="C.2" l="C"/>
		<a id="4" s="O" t="O.2" l="O"/>
		<a id="5" s="C" t="C.3" l="C"/>
		<a id="6" s="H" t="H" l="H"/>
		<a id="7" s="H" t="H" l="H"/>
		<a id="8" s="H" t="H" l="H"/>
		<a id="9" s="C" t="C.2" l="C"/>
		<a id="10" s="H" t="H" l="H"/>
		<a id="11" s="C" t="C.3" l="C"/>
		<a id="12" s="H" t="H" l="H"/>
		<a id="13" s="H" t="H" l="H"/>
		<a id="14" s="C" t="C.3" l="C"/>
		<a id="15" s="H" t="H" l="H"/>
		<a id="16" s="H" t="H" l="H"/>
		<a id="17" s="O" t="O.3" l="O"/>
		<a id="18" s="Si" t="Si" l="SI"/>
		<a id="19" s="C" t="C.3" l="C"/>
		<a id="20" s="H" t="H" l="H"/>
		<a id="21" s="H" t="H" l="H"/>
		<a id="22" s="H" t="H" l="H"/>
		<a id="23" s="C" t="C.3" l="C"/>
		<a id="24" s="H" t="H" l="H"/>
		<a id="25" s="H" t="H" l="H"/>
		<a id="26" s="H" t="H" l="H"/>
		<a id="27" s="C" t="C.3" l="C"/>
		<a id="28" s="C" t="C.3" l="C"/>
		<a id="29" s="H" t="H" l="H"/>
		<a id="30" s="H" t="H" l="H"/>
		<a id="31" s="H" t="H" l="H"/>
		<a id="32" s="C" t="C.3" l="C"/>
		<a id="33" s="H" t="H" l="H"/>
		<a id="34" s="H" t="H" l="H"/>
		<a id="35" s="H" t="H" l="H"/>
		<a id="36" s="C" t="C.3" l="C"/>
		<a id="37" s="H" t="H" l="H"/>
		<a id="38" s="H" t="H" l="H"/>
		<a id="39" s="H" t="H" l="H"/>
	</atoms>
	<bonds>
		<b id="1" c="5 3" t="1"/>
		<b id="2" c="3 4" t="2"/>
		<b id="3" c="3 2" t="1"/>
		<b id="4" c="2 9" t="2"/>
		<b id="5" c="9 11" t="1"/>
		<b id="6" c="11 14" t="1"/>
		<b id="7" c="14 17" t="1"/>
		<b id="8" c="17 18" t="1"/>
		<b id="9" c="18 19" t="1"/>
		<b id="10" c="18 23" t="1"/>
		<b id="11" c="18 27" t="1"/>
		<b id="12" c="27 28" t="1"/>
		<b id="13" c="27 32" t="1"/>
		<b id="14" c="27 36" t="1"/>
		<b id="15" c="5 6" t="1"/>
		<b id="16" c="5 7" t="1"/>
		<b id="17" c="5 8" t="1"/>
		<b id="18" c="2 1" t="1"/>
		<b id="19" c="9 10" t="1"/>
		<b id="20" c="11 12" t="1"/>
		<b id="21" c="11 13" t="1"/>
		<b id="22" c="14 15" t="1"/>
		<b id="23" c="14 16" t="1"/>
		<b id="24" c="19 20" t="1"/>
		<b id="25" c="19 21" t="1"/>
		<b id="26" c="19 22" t="1"/>
		<b id="27" c="23 24" t="1"/>
		<b id="28" c="23 25" t="1"/>
		<b id="29" c="23 26" t="1"/>
		<b id="30" c="28 29" t="1"/>
		<b id="31" c="28 30" t="1"/>
		<b id="32" c="28 31" t="1"/>
		<b id="33" c="32 33" t="1"/>
		<b id="34" c="32 34" t="1"/>
		<b id="35" c="32 35" t="1"/>
		<b id="36" c="36 37" t="1"/>
		<b id="37" c="36 38" t="1"/>
		<b id="38" c="36 39" t="1"/>
	</bonds>
	<geometry>
		<g u="A" t="cart/3d">#39,3:4.5906,-0.3672,-1.3913;4.0597,-0.1188,-0.4805;4.7624,0.7534,0.5048;4.2106,1.1460,1.5299;6.1732,1.1593,0.1703;6.6181,0.4783,-0.5603;6.7823,1.1209,1.0779;6.1712,2.1744,-0.2345;2.8218,-0.5741,-0.2362;2.3200,-0.3108,0.6959;2.0456,-1.4577,-1.1759;1.8597,-2.4124,-0.6699;2.6366,-1.6670,-2.0752;0.7133,-0.8247,-1.5919;0.8809,0.1959,-1.9601;0.2761,-1.4239,-2.4004;-0.1746,-0.8305,-0.4755;-1.6403,-0.0231,-0.5819;-2.7140,-0.6881,-1.9685;-3.6869,-0.1889,-1.9837;-2.8801,-1.7628,-1.8513;-2.2342,-0.5227,-2.9378;-1.4147,1.8294,-0.7678;-0.9072,2.0623,-1.7086;-0.8121,2.2320,0.0513;-2.3804,2.3428,-0.7695;-2.6632,-0.3439,1.1992;-4.0211,0.3823,1.1506;-4.5774,0.2252,2.0817;-3.8969,1.4628,1.0199;-4.6457,0.0162,0.3284;-2.8784,-1.8610,1.3768;-1.9261,-2.4032,1.3940;-3.4856,-2.2796,0.5666;-3.3967,-2.0715,2.3193;-1.8093,0.2035,2.3615;-2.3071,0.0318,3.3228;-1.6417,1.2820,2.2655;-0.8285,-0.2837,2.4045;</g>
	</geometry>
	<conformers/>
	<properties/>
</molecule>
