<?xml version="1.0" ?>
<!--MOLLI PACKAGE EXPERIMENTAL XML FORMAT-->
<molecule name="react_524">
	<atoms>
		<a id="1" s="H" t="H" l="H"/>
		<a id="2" s="C" t="C.2" l="C"/>
		<a id="3" s="C" t="C.2" l="C"/>
		<a id="4" s="H" t="H" l="H"/>
		<a id="5" s="C" t="C.3" l="C"/>
		<a id="6" s="H" t="H" l="H"/>
		<a id="7" s="H" t="H" l="H"/>
		<a id="8" s="C" t="C.3" l="C"/>
		<a id="9" s="H" t="H" l="H"/>
		<a id="10" s="H" t="H" l="H"/>
		<a id="11" s="C" t="C.3" l="C"/>
		<a id="12" s="H" t="H" l="H"/>
		<a id="13" s="H" t="H" l="H"/>
		<a id="14" s="C" t="C.3" l="C"/>
		<a id="15" s="H" t="H" l="H"/>
		<a id="16" s="H" t="H" l="H"/>
		<a id="17" s="C" t="C.3" l="C"/>
		<a id="18" s="H" t="H" l="H"/>
		<a id="19" s="H" t="H" l="H"/>
		<a id="20" s="C" t="C.3" l="C"/>
		<a id="21" s="H" t="H" l="H"/>
		<a id="22" s="H" t="H" l="H"/>
		<a id="23" s="H" t="H" l="H"/>
		<a id="24" s="C" t="C.ar" l="C"/>
		<a id="25" s="C" t="C.ar" l="C"/>
		<a id="26" s="O" t="O.3" l="O"/>
		<a id="27" s="C" t="C.3" l="C"/>
		<a id="28" s="H" t="H" l="H"/>
		<a id="29" s="H" t="H" l="H"/>
		<a id="30" s="C" t="C.ar" l="C"/>
		<a id="31" s="C" t="C.ar" l="C"/>
		<a id="32" s="H" t="H" l="H"/>
		<a id="33" s="C" t="C.ar" l="C"/>
		<a id="34" s="H" t="H" l="H"/>
		<a id="35" s="C" t="C.ar" l="C"/>
		<a id="36" s="H" t="H" l="H"/>
		<a id="37" s="C" t="C.ar" l="C"/>
		<a id="38" s="H" t="H" l="H"/>
		<a id="39" s="C" t="C.ar" l="C"/>
		<a id="40" s="H" t="H" l="H"/>
		<a id="41" s="C" t="C.ar" l="C"/>
		<a id="42" s="O" t="O.3" l="O"/>
		<a id="43" s="C" t="C.3" l="C"/>
		<a id="44" s="H" t="H" l="H"/>
		<a id="45" s="H" t="H" l="H"/>
		<a id="46" s="C" t="C.ar" l="C"/>
		<a id="47" s="C" t="C.ar" l="C"/>
		<a id="48" s="H" t="H" l="H"/>
		<a id="49" s="C" t="C.ar" l="C"/>
		<a id="50" s="H" t="H" l="H"/>
		<a id="51" s="C" t="C.ar" l="C"/>
		<a id="52" s="H" t="H" l="H"/>
		<a id="53" s="C" t="C.ar" l="C"/>
		<a id="54" s="H" t="H" l="H"/>
		<a id="55" s="C" t="C.ar" l="C"/>
		<a id="56" s="H" t="H" l="H"/>
		<a id="57" s="C" t="C.ar" l="C"/>
		<a id="58" s="O" t="O.3" l="O"/>
		<a id="59" s="C" t="C.3" l="C"/>
		<a id="60" s="H" t="H" l="H"/>
		<a id="61" s="H" t="H" l="H"/>
		<a id="62" s="C" t="C.ar" l="C"/>
		<a id="63" s="C" t="C.ar" l="C"/>
		<a id="64" s="H" t="H" l="H"/>
		<a id="65" s="C" t="C.ar" l="C"/>
		<a id="66" s="H" t="H" l="H"/>
		<a id="67" s="C" t="C.ar" l="C"/>
		<a id="68" s="H" t="H" l="H"/>
		<a id="69" s="C" t="C.ar" l="C"/>
		<a id="70" s="H" t="H" l="H"/>
		<a id="71" s="C" t="C.ar" l="C"/>
		<a id="72" s="H" t="H" l="H"/>
		<a id="73" s="C" t="C.ar" l="C"/>
		<a id="74" s="H" t="H" l="H"/>
		<a id="75" s="C" t="C.ar" l="C"/>
		<a id="76" s="C" t="C.2" l="C"/>
		<a id="77" s="O" t="O.2" l="O"/>
		<a id="78" s="O" t="O.3" l="O"/>
		<a id="79" s="C" t="C.3" l="C"/>
		<a id="80" s="H" t="H" l="H"/>
		<a id="81" s="H" t="H" l="H"/>
		<a id="82" s="H" t="H" l="H"/>
	</atoms>
	<bonds>
		<b id="1" c="20 17" t="1"/>
		<b id="2" c="17 14" t="1"/>
		<b id="3" c="14 11" t="1"/>
		<b id="4" c="11 8" t="1"/>
		<b id="5" c="8 5" t="1"/>
		<b id="6" c="5 3" t="1"/>
		<b id="7" c="3 2" t="2"/>
		<b id="8" c="2 24" t="1"/>
		<b id="9" c="24 75" t="ar"/>
		<b id="10" c="75 76" t="1"/>
		<b id="11" c="76 77" t="2"/>
		<b id="12" c="76 78" t="1"/>
		<b id="13" c="78 79" t="1"/>
		<b id="14" c="75 73" t="ar"/>
		<b id="15" c="73 57" t="ar"/>
		<b id="16" c="57 58" t="1"/>
		<b id="17" c="58 59" t="1"/>
		<b id="18" c="59 62" t="1"/>
		<b id="19" c="62 63" t="ar"/>
		<b id="20" c="63 65" t="ar"/>
		<b id="21" c="65 67" t="ar"/>
		<b id="22" c="67 69" t="ar"/>
		<b id="23" c="69 71" t="ar"/>
		<b id="24" c="57 41" t="ar"/>
		<b id="25" c="41 42" t="1"/>
		<b id="26" c="42 43" t="1"/>
		<b id="27" c="43 46" t="1"/>
		<b id="28" c="46 47" t="ar"/>
		<b id="29" c="47 49" t="ar"/>
		<b id="30" c="49 51" t="ar"/>
		<b id="31" c="51 53" t="ar"/>
		<b id="32" c="53 55" t="ar"/>
		<b id="33" c="41 25" t="ar"/>
		<b id="34" c="25 26" t="1"/>
		<b id="35" c="26 27" t="1"/>
		<b id="36" c="27 30" t="1"/>
		<b id="37" c="30 31" t="ar"/>
		<b id="38" c="31 33" t="ar"/>
		<b id="39" c="33 35" t="ar"/>
		<b id="40" c="35 37" t="ar"/>
		<b id="41" c="37 39" t="ar"/>
		<b id="42" c="25 24" t="ar"/>
		<b id="43" c="39 30" t="ar"/>
		<b id="44" c="71 62" t="ar"/>
		<b id="45" c="55 46" t="ar"/>
		<b id="46" c="20 21" t="1"/>
		<b id="47" c="20 22" t="1"/>
		<b id="48" c="20 23" t="1"/>
		<b id="49" c="17 18" t="1"/>
		<b id="50" c="17 19" t="1"/>
		<b id="51" c="14 15" t="1"/>
		<b id="52" c="14 16" t="1"/>
		<b id="53" c="11 12" t="1"/>
		<b id="54" c="11 13" t="1"/>
		<b id="55" c="8 9" t="1"/>
		<b id="56" c="8 10" t="1"/>
		<b id="57" c="5 6" t="1"/>
		<b id="58" c="5 7" t="1"/>
		<b id="59" c="3 4" t="1"/>
		<b id="60" c="2 1" t="1"/>
		<b id="61" c="79 80" t="1"/>
		<b id="62" c="79 81" t="1"/>
		<b id="63" c="79 82" t="1"/>
		<b id="64" c="73 74" t="1"/>
		<b id="65" c="59 60" t="1"/>
		<b id="66" c="59 61" t="1"/>
		<b id="67" c="63 64" t="1"/>
		<b id="68" c="65 66" t="1"/>
		<b id="69" c="67 68" t="1"/>
		<b id="70" c="69 70" t="1"/>
		<b id="71" c="71 72" t="1"/>
		<b id="72" c="43 44" t="1"/>
		<b id="73" c="43 45" t="1"/>
		<b id="74" c="47 48" t="1"/>
		<b id="75" c="49 50" t="1"/>
		<b id="76" c="51 52" t="1"/>
		<b id="77" c="53 54" t="1"/>
		<b id="78" c="55 56" t="1"/>
		<b id="79" c="27 28" t="1"/>
		<b id="80" c="27 29" t="1"/>
		<b id="81" c="31 32" t="1"/>
		<b id="82" c="33 34" t="1"/>
		<b id="83" c="35 36" t="1"/>
		<b id="84" c="37 38" t="1"/>
		<b id="85" c="39 40" t="1"/>
	</bonds>
	<geometry>
		<g u="A" t="cart/3d">#82,3:2.1526,0.1939,-2.1921;1.7282,-0.1052,-1.2354;2.4607,-0.8334,-0.3786;2.0441,-1.1315,0.5821;3.8572,-1.3040,-0.6704;3.8458,-2.4008,-0.6806;4.1780,-0.9947,-1.6723;4.8782,-0.8414,0.3735;4.5973,-1.2504,1.3536;5.8514,-1.2847,0.1319;5.0336,0.6767,0.5166;4.0991,1.1014,0.9042;5.7956,0.8731,1.2824;5.4151,1.4305,-0.7611;5.4760,2.4989,-0.5141;4.6202,1.3305,-1.5087;6.7479,0.9875,-1.3648;7.5387,1.0502,-0.6101;6.6903,-0.0556,-1.6925;7.1242,1.8512,-2.5588;8.0794,1.5212,-2.9787;6.3653,1.7870,-3.3445;7.2290,2.9008,-2.2665;0.3520,0.3616,-0.9704;-0.6610,-0.5032,-0.5194;-0.3578,-1.7966,-0.1648;-0.7406,-2.7147,-1.1928;-0.2017,-2.4939,-2.1236;-1.8162,-2.6671,-1.4071;-0.3902,-4.1003,-0.7130;0.8312,-4.6922,-1.0624;1.5369,-4.1585,-1.6951;1.1563,-5.9675,-0.5967;2.1040,-6.4203,-0.8743;0.2710,-6.6560,0.2315;0.5273,-7.6467,0.5966;-0.9381,-6.0689,0.5997;-1.6242,-6.5983,1.2549;-1.2667,-4.7962,0.1320;-2.2086,-4.3430,0.4361;-1.9775,-0.0409,-0.3333;-2.9354,-0.9235,0.1100;-3.0485,-0.8547,1.5364;-3.5506,0.0755,1.8291;-2.0545,-0.8883,2.0012;-3.8756,-2.0191,2.0364;-5.0143,-2.4509,1.3397;-5.2996,-1.9665,0.4059;-5.7871,-3.5073,1.8267;-6.6624,-3.8402,1.2732;-5.4383,-4.1343,3.0224;-6.0420,-4.9560,3.3996;-4.3168,-3.7066,3.7309;-4.0475,-4.1920,4.6668;-3.5400,-2.6531,3.2425;-2.6693,-2.3302,3.8096;-2.3398,1.2723,-0.6594;-3.6541,1.6026,-0.4664;-4.1310,2.8654,-0.9390;-3.7436,3.0775,-1.9432;-5.2189,2.7734,-1.0477;-3.8660,3.9931,0.0327;-3.9661,3.7951,1.4175;-4.2199,2.8143,1.8141;-3.7344,4.8481,2.3041;-3.8073,4.6818,3.3759;-3.4134,6.1119,1.8157;-3.2343,6.9322,2.5053;-3.3271,6.3267,0.4416;-3.0813,7.3150,0.0625;-3.5573,5.2748,-0.4463;-3.4878,5.4630,-1.5157;-1.3496,2.1354,-1.1174;-1.5629,3.1717,-1.3594;-0.0214,1.6888,-1.2562;0.9442,2.7047,-1.7166;0.8218,3.3243,-2.7599;1.8915,2.8815,-0.7638;2.8019,3.9443,-1.0407;2.2668,4.8783,-1.2420;3.4448,3.6804,-1.8846;3.4234,4.0922,-0.1544;</g>
	</geometry>
	<conformers/>
	<properties/>
</molecule>
