<?xml version="1.0" ?>
<!--MOLLI PACKAGE EXPERIMENTAL XML FORMAT-->
<molecule name="react_550">
	<atoms>
		<a id="1" s="H" t="H" l="H"/>
		<a id="2" s="C" t="C.2" l="C"/>
		<a id="3" s="C" t="C.2" l="C"/>
		<a id="4" s="O" t="O.2" l="O"/>
		<a id="5" s="O" t="O.3" l="O"/>
		<a id="6" s="C" t="C.3" l="C"/>
		<a id="7" s="H" t="H" l="H"/>
		<a id="8" s="H" t="H" l="H"/>
		<a id="9" s="C" t="C.3" l="C"/>
		<a id="10" s="H" t="H" l="H"/>
		<a id="11" s="H" t="H" l="H"/>
		<a id="12" s="H" t="H" l="H"/>
		<a id="13" s="C" t="C.2" l="C"/>
		<a id="14" s="C" t="C.3" l="C"/>
		<a id="15" s="H" t="H" l="H"/>
		<a id="16" s="H" t="H" l="H"/>
		<a id="17" s="H" t="H" l="H"/>
		<a id="18" s="C" t="C.3" l="C"/>
		<a id="19" s="H" t="H" l="H"/>
		<a id="20" s="H" t="H" l="H"/>
		<a id="21" s="C" t="C.3" l="C"/>
		<a id="22" s="H" t="H" l="H"/>
		<a id="23" s="H" t="H" l="H"/>
		<a id="24" s="N" t="N.am" l="N"/>
		<a id="25" s="H" t="H" l="H"/>
		<a id="26" s="C" t="C.2" l="C"/>
		<a id="27" s="O" t="O.2" l="O"/>
		<a id="28" s="O" t="O.3" l="O"/>
		<a id="29" s="C" t="C.3" l="C"/>
		<a id="30" s="H" t="H" l="H"/>
		<a id="31" s="H" t="H" l="H"/>
		<a id="32" s="C" t="C.ar" l="C"/>
		<a id="33" s="C" t="C.ar" l="C"/>
		<a id="34" s="H" t="H" l="H"/>
		<a id="35" s="C" t="C.ar" l="C"/>
		<a id="36" s="H" t="H" l="H"/>
		<a id="37" s="C" t="C.ar" l="C"/>
		<a id="38" s="H" t="H" l="H"/>
		<a id="39" s="C" t="C.ar" l="C"/>
		<a id="40" s="H" t="H" l="H"/>
		<a id="41" s="C" t="C.ar" l="C"/>
		<a id="42" s="H" t="H" l="H"/>
	</atoms>
	<bonds>
		<b id="1" c="9 6" t="1"/>
		<b id="2" c="6 5" t="1"/>
		<b id="3" c="5 3" t="1"/>
		<b id="4" c="3 4" t="2"/>
		<b id="5" c="3 2" t="1"/>
		<b id="6" c="2 13" t="2"/>
		<b id="7" c="13 14" t="1"/>
		<b id="8" c="13 18" t="1"/>
		<b id="9" c="18 21" t="1"/>
		<b id="10" c="21 24" t="1"/>
		<b id="11" c="24 26" t="am"/>
		<b id="12" c="26 27" t="2"/>
		<b id="13" c="26 28" t="1"/>
		<b id="14" c="28 29" t="1"/>
		<b id="15" c="29 32" t="1"/>
		<b id="16" c="32 33" t="ar"/>
		<b id="17" c="33 35" t="ar"/>
		<b id="18" c="35 37" t="ar"/>
		<b id="19" c="37 39" t="ar"/>
		<b id="20" c="39 41" t="ar"/>
		<b id="21" c="41 32" t="ar"/>
		<b id="22" c="9 10" t="1"/>
		<b id="23" c="9 11" t="1"/>
		<b id="24" c="9 12" t="1"/>
		<b id="25" c="6 7" t="1"/>
		<b id="26" c="6 8" t="1"/>
		<b id="27" c="2 1" t="1"/>
		<b id="28" c="14 15" t="1"/>
		<b id="29" c="14 16" t="1"/>
		<b id="30" c="14 17" t="1"/>
		<b id="31" c="18 19" t="1"/>
		<b id="32" c="18 20" t="1"/>
		<b id="33" c="21 22" t="1"/>
		<b id="34" c="21 23" t="1"/>
		<b id="35" c="24 25" t="1"/>
		<b id="36" c="29 30" t="1"/>
		<b id="37" c="29 31" t="1"/>
		<b id="38" c="33 34" t="1"/>
		<b id="39" c="35 36" t="1"/>
		<b id="40" c="37 38" t="1"/>
		<b id="41" c="39 40" t="1"/>
		<b id="42" c="41 42" t="1"/>
	</bonds>
	<geometry>
		<g u="A" t="cart/3d">#42,3:-3.3537,0.6353,0.6980;-3.5854,0.1382,-0.2398;-5.0179,0.2071,-0.6191;-5.4825,-0.0102,-1.7240;-5.7143,0.5770,0.4866;-7.1263,0.6900,0.2730;-7.3252,1.4505,-0.4904;-7.5299,-0.2753,-0.0529;-7.7719,1.0987,1.5827;-7.5644,0.3583,2.3623;-8.8550,1.1983,1.4694;-7.3635,2.0525,1.9327;-2.6017,-0.4438,-0.9554;-2.8063,-1.2082,-2.2376;-2.1246,-2.0649,-2.2833;-3.8129,-1.6220,-2.3316;-2.6054,-0.5654,-3.1001;-1.1679,-0.3891,-0.4612;-1.1268,0.0320,0.5523;-0.7817,-1.4120,-0.3672;-0.2572,0.4391,-1.3758;-0.1898,-0.0181,-2.3695;-0.6492,1.4551,-1.4939;1.0807,0.5620,-0.8419;1.3493,1.3712,-0.2990;2.0073,-0.4298,-0.9366;1.8427,-1.5010,-1.4990;3.1342,-0.0412,-0.2994;4.1778,-1.0163,-0.3395;4.4613,-1.2284,-1.3781;3.8438,-1.9506,0.1289;5.3611,-0.4590,0.4091;6.2885,0.3668,-0.2422;6.1660,0.6026,-1.2971;7.3753,0.8975,0.4546;8.0909,1.5340,-0.0592;7.5410,0.6153,1.8093;8.3869,1.0297,2.3513;6.6183,-0.1938,2.4699;6.7440,-0.4085,3.5279;5.5306,-0.7255,1.7749;4.8140,-1.3483,2.3058;</g>
	</geometry>
	<conformers/>
	<properties/>
</molecule>
