<?xml version="1.0" ?>
<!--MOLLI PACKAGE EXPERIMENTAL XML FORMAT-->
<molecule name="react_551">
	<atoms>
		<a id="1" s="H" t="H" l="H"/>
		<a id="2" s="C" t="C.2" l="C"/>
		<a id="3" s="C" t="C.2" l="C"/>
		<a id="4" s="H" t="H" l="H"/>
		<a id="5" s="C" t="C.3" l="C"/>
		<a id="6" s="H" t="H" l="H"/>
		<a id="7" s="H" t="H" l="H"/>
		<a id="8" s="O" t="O.3" l="O"/>
		<a id="9" s="C" t="C.3" l="C"/>
		<a id="10" s="H" t="H" l="H"/>
		<a id="11" s="H" t="H" l="H"/>
		<a id="12" s="C" t="C.ar" l="C"/>
		<a id="13" s="C" t="C.ar" l="C"/>
		<a id="14" s="H" t="H" l="H"/>
		<a id="15" s="C" t="C.ar" l="C"/>
		<a id="16" s="H" t="H" l="H"/>
		<a id="17" s="C" t="C.ar" l="C"/>
		<a id="18" s="H" t="H" l="H"/>
		<a id="19" s="C" t="C.ar" l="C"/>
		<a id="20" s="H" t="H" l="H"/>
		<a id="21" s="C" t="C.ar" l="C"/>
		<a id="22" s="H" t="H" l="H"/>
		<a id="23" s="C" t="C.3" l="C"/>
		<a id="24" s="F" t="F" l="F"/>
		<a id="25" s="F" t="F" l="F"/>
		<a id="26" s="F" t="F" l="F"/>
	</atoms>
	<bonds>
		<b id="1" c="24 23" t="1"/>
		<b id="2" c="23 25" t="1"/>
		<b id="3" c="23 26" t="1"/>
		<b id="4" c="23 2" t="1"/>
		<b id="5" c="2 3" t="2"/>
		<b id="6" c="3 5" t="1"/>
		<b id="7" c="5 8" t="1"/>
		<b id="8" c="8 9" t="1"/>
		<b id="9" c="9 12" t="1"/>
		<b id="10" c="12 13" t="ar"/>
		<b id="11" c="13 15" t="ar"/>
		<b id="12" c="15 17" t="ar"/>
		<b id="13" c="17 19" t="ar"/>
		<b id="14" c="19 21" t="ar"/>
		<b id="15" c="21 12" t="ar"/>
		<b id="16" c="2 1" t="1"/>
		<b id="17" c="3 4" t="1"/>
		<b id="18" c="5 6" t="1"/>
		<b id="19" c="5 7" t="1"/>
		<b id="20" c="9 10" t="1"/>
		<b id="21" c="9 11" t="1"/>
		<b id="22" c="13 14" t="1"/>
		<b id="23" c="15 16" t="1"/>
		<b id="24" c="17 18" t="1"/>
		<b id="25" c="19 20" t="1"/>
		<b id="26" c="21 22" t="1"/>
	</bonds>
	<geometry>
		<g u="A" t="cart/3d">#26,3:2.8433,-0.6243,1.2305;3.2138,0.1175,0.5301;2.4719,0.4603,-0.5396;2.8597,1.2084,-1.2297;1.1217,-0.0895,-0.8968;0.4036,0.7366,-0.9323;1.1806,-0.5542,-1.8874;0.7128,-1.0590,0.0633;-0.5567,-1.6359,-0.2468;-0.6550,-2.5509,0.3482;-0.5834,-1.9337,-1.3019;-1.7029,-0.7206,0.1082;-2.7759,-0.5480,-0.7773;-2.7882,-1.0601,-1.7367;-3.8451,0.2841,-0.4397;-4.6719,0.4149,-1.1331;-3.8560,0.9453,0.7871;-4.6890,1.5923,1.0493;-2.8001,0.7734,1.6798;-2.8083,1.2855,2.6384;-1.7310,-0.0584,1.3443;-0.9112,-0.1871,2.0487;4.5515,0.6654,0.8852;4.9935,1.5911,-0.0028;5.4879,-0.3137,0.9357;4.5342,1.2604,2.1030;</g>
	</geometry>
	<conformers/>
	<properties/>
</molecule>
