<?xml version="1.0" ?>
<!--MOLLI PACKAGE EXPERIMENTAL XML FORMAT-->
<molecule name="react_552">
	<atoms>
		<a id="1" s="H" t="H" l="H"/>
		<a id="2" s="C" t="C.2" l="C"/>
		<a id="3" s="H" t="H" l="H"/>
		<a id="4" s="C" t="C.2" l="C"/>
		<a id="5" s="H" t="H" l="H"/>
		<a id="6" s="C" t="C.2" l="C"/>
		<a id="7" s="O" t="O.2" l="O"/>
		<a id="8" s="O" t="O.3" l="O"/>
		<a id="9" s="C" t="C.3" l="C"/>
		<a id="10" s="H" t="H" l="H"/>
		<a id="11" s="H" t="H" l="H"/>
		<a id="12" s="C" t="C.3" l="C"/>
		<a id="13" s="H" t="H" l="H"/>
		<a id="14" s="H" t="H" l="H"/>
		<a id="15" s="H" t="H" l="H"/>
	</atoms>
	<bonds>
		<b id="1" c="2 4" t="2"/>
		<b id="2" c="4 6" t="1"/>
		<b id="3" c="6 7" t="2"/>
		<b id="4" c="6 8" t="1"/>
		<b id="5" c="8 9" t="1"/>
		<b id="6" c="9 12" t="1"/>
		<b id="7" c="2 1" t="1"/>
		<b id="8" c="2 3" t="1"/>
		<b id="9" c="4 5" t="1"/>
		<b id="10" c="9 10" t="1"/>
		<b id="11" c="9 11" t="1"/>
		<b id="12" c="12 13" t="1"/>
		<b id="13" c="12 14" t="1"/>
		<b id="14" c="12 15" t="1"/>
	</bonds>
	<geometry>
		<g u="A" t="cart/3d">#15,3:-3.4141,1.1995,0.1223;-3.2512,0.1298,0.2266;-4.1254,-0.5053,0.3215;-2.0187,-0.3931,0.2385;-1.8554,-1.4587,0.3424;-0.8271,0.4722,0.1092;-0.8458,1.6852,-0.0147;0.2716,-0.3216,0.1535;1.5077,0.3927,0.0382;1.5395,0.9256,-0.9188;1.5999,1.1086,0.8628;2.6425,-0.6109,0.1028;3.6112,-0.1105,0.0186;2.5530,-1.3465,-0.7034;2.6123,-1.1668,1.0458;</g>
	</geometry>
	<conformers/>
	<properties/>
</molecule>
