<?xml version="1.0" ?>
<!--MOLLI PACKAGE EXPERIMENTAL XML FORMAT-->
<molecule name="react_576">
	<atoms>
		<a id="1" s="H" t="H" l="H"/>
		<a id="2" s="O" t="O.3" l="O"/>
		<a id="3" s="C" t="C.3" l="C"/>
		<a id="4" s="H" t="H" l="H"/>
		<a id="5" s="H" t="H" l="H"/>
		<a id="6" s="C" t="C.2" l="C"/>
		<a id="7" s="H" t="H" l="H"/>
		<a id="8" s="C" t="C.2" l="C"/>
		<a id="9" s="H" t="H" l="H"/>
		<a id="10" s="C" t="C.3" l="C"/>
		<a id="11" s="H" t="H" l="H"/>
		<a id="12" s="H" t="H" l="H"/>
		<a id="13" s="O" t="O.3" l="O"/>
		<a id="14" s="C" t="C.3" l="C"/>
		<a id="15" s="H" t="H" l="H"/>
		<a id="16" s="H" t="H" l="H"/>
		<a id="17" s="C" t="C.ar" l="C"/>
		<a id="18" s="C" t="C.ar" l="C"/>
		<a id="19" s="H" t="H" l="H"/>
		<a id="20" s="C" t="C.ar" l="C"/>
		<a id="21" s="H" t="H" l="H"/>
		<a id="22" s="C" t="C.ar" l="C"/>
		<a id="23" s="H" t="H" l="H"/>
		<a id="24" s="C" t="C.ar" l="C"/>
		<a id="25" s="H" t="H" l="H"/>
		<a id="26" s="C" t="C.ar" l="C"/>
		<a id="27" s="H" t="H" l="H"/>
	</atoms>
	<bonds>
		<b id="1" c="2 3" t="1"/>
		<b id="2" c="3 6" t="1"/>
		<b id="3" c="6 8" t="2"/>
		<b id="4" c="8 10" t="1"/>
		<b id="5" c="10 13" t="1"/>
		<b id="6" c="13 14" t="1"/>
		<b id="7" c="14 17" t="1"/>
		<b id="8" c="17 18" t="ar"/>
		<b id="9" c="18 20" t="ar"/>
		<b id="10" c="20 22" t="ar"/>
		<b id="11" c="22 24" t="ar"/>
		<b id="12" c="24 26" t="ar"/>
		<b id="13" c="26 17" t="ar"/>
		<b id="14" c="2 1" t="1"/>
		<b id="15" c="3 4" t="1"/>
		<b id="16" c="3 5" t="1"/>
		<b id="17" c="6 7" t="1"/>
		<b id="18" c="8 9" t="1"/>
		<b id="19" c="10 11" t="1"/>
		<b id="20" c="10 12" t="1"/>
		<b id="21" c="14 15" t="1"/>
		<b id="22" c="14 16" t="1"/>
		<b id="23" c="18 19" t="1"/>
		<b id="24" c="20 21" t="1"/>
		<b id="25" c="22 23" t="1"/>
		<b id="26" c="24 25" t="1"/>
		<b id="27" c="26 27" t="1"/>
	</bonds>
	<geometry>
		<g u="A" t="cart/3d">#27,3:4.0055,-1.2780,2.1108;3.3967,-1.6449,1.4484;3.7628,-1.0826,0.1997;3.6528,0.0019,0.2599;4.8136,-1.3151,0.0009;2.9013,-1.7116,-0.8422;3.0383,-2.7865,-0.9524;1.9885,-1.1181,-1.6301;1.4414,-1.7438,-2.3342;1.5905,0.3250,-1.6467;2.1536,0.9551,-0.9528;1.7741,0.7181,-2.6524;0.1920,0.4425,-1.4014;-0.1317,0.3260,-0.0139;0.1311,-0.6787,0.3355;0.4306,1.0664,0.5675;-1.6065,0.5713,0.1972;-2.3126,-0.1695,1.1565;-1.8106,-0.9475,1.7276;-3.6674,0.0765,1.3890;-4.2056,-0.5090,2.1297;-4.3295,1.0713,0.6724;-5.3842,1.2612,0.8521;-3.6375,1.8226,-0.2751;-4.1511,2.5992,-0.8353;-2.2829,1.5776,-0.5078;-1.7532,2.1703,-1.2506;</g>
	</geometry>
	<conformers/>
	<properties/>
</molecule>
