<?xml version="1.0" ?>
<!--MOLLI PACKAGE EXPERIMENTAL XML FORMAT-->
<molecule name="react_578">
	<atoms>
		<a id="1" s="H" t="H" l="H"/>
		<a id="2" s="C" t="C.2" l="C"/>
		<a id="3" s="C" t="C.2" l="C"/>
		<a id="4" s="H" t="H" l="H"/>
		<a id="5" s="C" t="C.3" l="C"/>
		<a id="6" s="H" t="H" l="H"/>
		<a id="7" s="H" t="H" l="H"/>
		<a id="8" s="O" t="O.3" l="O"/>
		<a id="9" s="C" t="C.3" l="C"/>
		<a id="10" s="H" t="H" l="H"/>
		<a id="11" s="H" t="H" l="H"/>
		<a id="12" s="C" t="C.ar" l="C"/>
		<a id="13" s="C" t="C.ar" l="C"/>
		<a id="14" s="H" t="H" l="H"/>
		<a id="15" s="C" t="C.ar" l="C"/>
		<a id="16" s="H" t="H" l="H"/>
		<a id="17" s="C" t="C.ar" l="C"/>
		<a id="18" s="H" t="H" l="H"/>
		<a id="19" s="C" t="C.ar" l="C"/>
		<a id="20" s="H" t="H" l="H"/>
		<a id="21" s="C" t="C.ar" l="C"/>
		<a id="22" s="H" t="H" l="H"/>
		<a id="23" s="C" t="C.3" l="C"/>
		<a id="24" s="H" t="H" l="H"/>
		<a id="25" s="H" t="H" l="H"/>
		<a id="26" s="O" t="O.3" l="O"/>
		<a id="27" s="C" t="C.3" l="C"/>
		<a id="28" s="H" t="H" l="H"/>
		<a id="29" s="H" t="H" l="H"/>
		<a id="30" s="H" t="H" l="H"/>
	</atoms>
	<bonds>
		<b id="1" c="27 26" t="1"/>
		<b id="2" c="26 23" t="1"/>
		<b id="3" c="23 2" t="1"/>
		<b id="4" c="2 3" t="2"/>
		<b id="5" c="3 5" t="1"/>
		<b id="6" c="5 8" t="1"/>
		<b id="7" c="8 9" t="1"/>
		<b id="8" c="9 12" t="1"/>
		<b id="9" c="12 13" t="ar"/>
		<b id="10" c="13 15" t="ar"/>
		<b id="11" c="15 17" t="ar"/>
		<b id="12" c="17 19" t="ar"/>
		<b id="13" c="19 21" t="ar"/>
		<b id="14" c="21 12" t="ar"/>
		<b id="15" c="27 28" t="1"/>
		<b id="16" c="27 29" t="1"/>
		<b id="17" c="27 30" t="1"/>
		<b id="18" c="23 24" t="1"/>
		<b id="19" c="23 25" t="1"/>
		<b id="20" c="2 1" t="1"/>
		<b id="21" c="3 4" t="1"/>
		<b id="22" c="5 6" t="1"/>
		<b id="23" c="5 7" t="1"/>
		<b id="24" c="9 10" t="1"/>
		<b id="25" c="9 11" t="1"/>
		<b id="26" c="13 14" t="1"/>
		<b id="27" c="15 16" t="1"/>
		<b id="28" c="17 18" t="1"/>
		<b id="29" c="19 20" t="1"/>
		<b id="30" c="21 22" t="1"/>
	</bonds>
	<geometry>
		<g u="A" t="cart/3d">#30,3:3.6123,0.5536,1.9797;3.0279,-0.1288,1.3661;1.7269,-0.2736,1.6722;1.3366,0.2967,2.5140;0.7111,-1.1095,0.9605;0.4907,-2.0005,1.5583;1.0504,-1.4127,-0.0343;-0.4698,-0.3219,0.8369;-1.4860,-1.0124,0.1120;-1.1331,-1.2425,-0.9003;-1.7165,-1.9495,0.6326;-2.7261,-0.1589,0.0116;-3.9971,-0.7473,0.0870;-4.0992,-1.8174,0.2515;-5.1495,0.0307,-0.0448;-6.1293,-0.4346,0.0217;-5.0447,1.4030,-0.2629;-5.9412,2.0084,-0.3644;-3.7883,1.9984,-0.3523;-3.7026,3.0679,-0.5240;-2.6360,1.2214,-0.2211;-1.6596,1.6971,-0.2936;3.7940,-0.8225,0.2806;3.2251,-1.6567,-0.1392;4.7221,-1.2494,0.6788;4.0598,0.0855,-0.7834;5.2480,0.8402,-0.5901;6.1171,0.1776,-0.5337;5.3750,1.5045,-1.4493;5.1819,1.4529,0.3135;</g>
	</geometry>
	<conformers/>
	<properties/>
</molecule>
