<?xml version="1.0" ?>
<!--MOLLI PACKAGE EXPERIMENTAL XML FORMAT-->
<molecule name="react_8">
	<atoms>
		<a id="1" s="H" t="H" l="H"/>
		<a id="2" s="C" t="C.2" l="C"/>
		<a id="3" s="C" t="C.2" l="C"/>
		<a id="4" s="H" t="H" l="H"/>
		<a id="5" s="C" t="C.3" l="C"/>
		<a id="6" s="H" t="H" l="H"/>
		<a id="7" s="H" t="H" l="H"/>
		<a id="8" s="C" t="C.3" l="C"/>
		<a id="9" s="H" t="H" l="H"/>
		<a id="10" s="H" t="H" l="H"/>
		<a id="11" s="C" t="C.3" l="C"/>
		<a id="12" s="H" t="H" l="H"/>
		<a id="13" s="H" t="H" l="H"/>
		<a id="14" s="C" t="C.3" l="C"/>
		<a id="15" s="H" t="H" l="H"/>
		<a id="16" s="H" t="H" l="H"/>
		<a id="17" s="H" t="H" l="H"/>
		<a id="18" s="C" t="C.3" l="C"/>
		<a id="19" s="H" t="H" l="H"/>
		<a id="20" s="H" t="H" l="H"/>
		<a id="21" s="C" t="C.3" l="C"/>
		<a id="22" s="H" t="H" l="H"/>
		<a id="23" s="H" t="H" l="H"/>
		<a id="24" s="C" t="C.3" l="C"/>
		<a id="25" s="H" t="H" l="H"/>
		<a id="26" s="H" t="H" l="H"/>
		<a id="27" s="C" t="C.3" l="C"/>
		<a id="28" s="H" t="H" l="H"/>
		<a id="29" s="H" t="H" l="H"/>
		<a id="30" s="H" t="H" l="H"/>
	</atoms>
	<bonds>
		<b id="1" c="27 24" t="1"/>
		<b id="2" c="24 21" t="1"/>
		<b id="3" c="21 18" t="1"/>
		<b id="4" c="18 2" t="1"/>
		<b id="5" c="2 3" t="2"/>
		<b id="6" c="3 5" t="1"/>
		<b id="7" c="5 8" t="1"/>
		<b id="8" c="8 11" t="1"/>
		<b id="9" c="11 14" t="1"/>
		<b id="10" c="27 28" t="1"/>
		<b id="11" c="27 29" t="1"/>
		<b id="12" c="27 30" t="1"/>
		<b id="13" c="24 25" t="1"/>
		<b id="14" c="24 26" t="1"/>
		<b id="15" c="21 22" t="1"/>
		<b id="16" c="21 23" t="1"/>
		<b id="17" c="18 19" t="1"/>
		<b id="18" c="18 20" t="1"/>
		<b id="19" c="2 1" t="1"/>
		<b id="20" c="3 4" t="1"/>
		<b id="21" c="5 6" t="1"/>
		<b id="22" c="5 7" t="1"/>
		<b id="23" c="8 9" t="1"/>
		<b id="24" c="8 10" t="1"/>
		<b id="25" c="11 12" t="1"/>
		<b id="26" c="11 13" t="1"/>
		<b id="27" c="14 15" t="1"/>
		<b id="28" c="14 16" t="1"/>
		<b id="29" c="14 17" t="1"/>
	</bonds>
	<geometry>
		<g u="A" t="cart/3d">#30,3:-0.8055,1.9035,-0.0279;-0.6847,1.1563,-0.8099;0.5020,0.5513,-0.9747;0.6240,-0.1912,-1.7610;1.7124,0.8362,-0.1307;2.5173,1.1683,-0.7957;1.5135,1.6582,0.5674;2.1445,-0.4085,0.6483;2.4101,-1.2132,-0.0491;1.2976,-0.7762,1.2422;3.3161,-0.1505,1.5988;3.4881,-1.0570,2.1914;3.0547,0.6451,2.3061;4.6089,0.2118,0.8844;5.4278,0.2892,1.6068;4.8782,-0.5516,0.1477;4.5280,1.1749,0.3721;-1.8940,0.8736,-1.6559;-2.1948,1.8115,-2.1383;-1.6535,0.1710,-2.4631;-3.0773,0.3365,-0.8448;-3.3288,1.0405,-0.0415;-3.9522,0.2860,-1.5049;-2.8170,-1.0506,-0.2518;-2.5462,-1.7514,-1.0500;-1.9756,-1.0145,0.4491;-4.0410,-1.5789,0.4805;-3.8349,-2.5699,0.8968;-4.3213,-0.9154,1.3048;-4.8964,-1.6666,-0.1970;</g>
	</geometry>
	<conformers/>
	<properties/>
</molecule>
