<?xml version="1.0" ?>
<!--MOLLI PACKAGE EXPERIMENTAL XML FORMAT-->
<molecule name="react_201">
	<atoms>
		<a id="1" s="H" t="H" l="H"/>
		<a id="2" s="C" t="C.2" l="C"/>
		<a id="3" s="H" t="H" l="H"/>
		<a id="4" s="C" t="C.2" l="C"/>
		<a id="5" s="H" t="H" l="H"/>
		<a id="6" s="C" t="C.1" l="C"/>
		<a id="7" s="C" t="C.1" l="C"/>
		<a id="8" s="C" t="C.3" l="C"/>
		<a id="9" s="H" t="H" l="H"/>
		<a id="10" s="H" t="H" l="H"/>
		<a id="11" s="C" t="C.3" l="C"/>
		<a id="12" s="H" t="H" l="H"/>
		<a id="13" s="H" t="H" l="H"/>
		<a id="14" s="C" t="C.3" l="C"/>
		<a id="15" s="H" t="H" l="H"/>
		<a id="16" s="H" t="H" l="H"/>
		<a id="17" s="C" t="C.3" l="C"/>
		<a id="18" s="H" t="H" l="H"/>
		<a id="19" s="H" t="H" l="H"/>
		<a id="20" s="C" t="C.3" l="C"/>
		<a id="21" s="H" t="H" l="H"/>
		<a id="22" s="H" t="H" l="H"/>
		<a id="23" s="C" t="C.3" l="C"/>
		<a id="24" s="H" t="H" l="H"/>
		<a id="25" s="H" t="H" l="H"/>
		<a id="26" s="H" t="H" l="H"/>
	</atoms>
	<bonds>
		<b id="1" c="2 4" t="2"/>
		<b id="2" c="4 6" t="1"/>
		<b id="3" c="6 7" t="3"/>
		<b id="4" c="7 8" t="1"/>
		<b id="5" c="8 11" t="1"/>
		<b id="6" c="11 14" t="1"/>
		<b id="7" c="14 17" t="1"/>
		<b id="8" c="17 20" t="1"/>
		<b id="9" c="20 23" t="1"/>
		<b id="10" c="2 1" t="1"/>
		<b id="11" c="2 3" t="1"/>
		<b id="12" c="4 5" t="1"/>
		<b id="13" c="8 9" t="1"/>
		<b id="14" c="8 10" t="1"/>
		<b id="15" c="11 12" t="1"/>
		<b id="16" c="11 13" t="1"/>
		<b id="17" c="14 15" t="1"/>
		<b id="18" c="14 16" t="1"/>
		<b id="19" c="17 18" t="1"/>
		<b id="20" c="17 19" t="1"/>
		<b id="21" c="20 21" t="1"/>
		<b id="22" c="20 22" t="1"/>
		<b id="23" c="23 24" t="1"/>
		<b id="24" c="23 25" t="1"/>
		<b id="25" c="23 26" t="1"/>
	</bonds>
	<geometry>
		<g u="A" t="cart/3d">#26,3:-6.6749,0.3199,0.0014;-5.6154,0.5269,0.1077;-5.3294,1.4353,0.6292;-4.7031,-0.3141,-0.3902;-5.0138,-1.2165,-0.9081;-3.3127,-0.0613,-0.2620;-2.1352,0.1493,-0.1562;-0.6942,0.4094,-0.0225;-0.2862,-0.2560,0.7455;-0.5407,1.4399,0.3176;0.0285,0.1852,-1.3490;-0.4778,0.7556,-2.1393;-0.0515,-0.8707,-1.6390;1.5040,0.6006,-1.3415;1.5912,1.6752,-1.1419;1.8829,0.4468,-2.3604;2.3908,-0.2050,-0.3860;1.9755,-1.2071,-0.2271;3.3686,-0.3457,-0.8649;2.6219,0.4996,0.9527;1.6726,0.6961,1.4590;3.1002,1.4710,0.7804;3.5059,-0.3308,1.8707;4.4839,-0.5139,1.4143;3.0424,-1.2977,2.0915;3.6663,0.1932,2.8181;</g>
	</geometry>
	<conformers/>
	<properties/>
</molecule>
