<?xml version="1.0" ?>
<!--MOLLI PACKAGE EXPERIMENTAL XML FORMAT-->
<molecule name="react_581">
	<atoms>
		<a id="1" s="H" t="H" l="H"/>
		<a id="2" s="C" t="C.2" l="C"/>
		<a id="3" s="H" t="H" l="H"/>
		<a id="4" s="C" t="C.2" l="C"/>
		<a id="5" s="H" t="H" l="H"/>
		<a id="6" s="C" t="C.3" l="C"/>
		<a id="7" s="H" t="H" l="H"/>
		<a id="8" s="H" t="H" l="H"/>
		<a id="9" s="C" t="C.3" l="C"/>
		<a id="10" s="H" t="H" l="H"/>
		<a id="11" s="H" t="H" l="H"/>
		<a id="12" s="C" t="C.3" l="C"/>
		<a id="13" s="H" t="H" l="H"/>
		<a id="14" s="H" t="H" l="H"/>
		<a id="15" s="C" t="C.3" l="C"/>
		<a id="16" s="H" t="H" l="H"/>
		<a id="17" s="H" t="H" l="H"/>
		<a id="18" s="C" t="C.3" l="C"/>
		<a id="19" s="H" t="H" l="H"/>
		<a id="20" s="H" t="H" l="H"/>
		<a id="21" s="C" t="C.3" l="C"/>
		<a id="22" s="H" t="H" l="H"/>
		<a id="23" s="H" t="H" l="H"/>
		<a id="24" s="C" t="C.2" l="C"/>
		<a id="25" s="O" t="O.2" l="O"/>
		<a id="26" s="O" t="O.3" l="O"/>
		<a id="27" s="C" t="C.3" l="C"/>
		<a id="28" s="H" t="H" l="H"/>
		<a id="29" s="H" t="H" l="H"/>
		<a id="30" s="C" t="C.3" l="C"/>
		<a id="31" s="H" t="H" l="H"/>
		<a id="32" s="H" t="H" l="H"/>
		<a id="33" s="H" t="H" l="H"/>
	</atoms>
	<bonds>
		<b id="1" c="2 4" t="2"/>
		<b id="2" c="4 6" t="1"/>
		<b id="3" c="6 9" t="1"/>
		<b id="4" c="9 12" t="1"/>
		<b id="5" c="12 15" t="1"/>
		<b id="6" c="15 18" t="1"/>
		<b id="7" c="18 21" t="1"/>
		<b id="8" c="21 24" t="1"/>
		<b id="9" c="24 25" t="2"/>
		<b id="10" c="24 26" t="1"/>
		<b id="11" c="26 27" t="1"/>
		<b id="12" c="27 30" t="1"/>
		<b id="13" c="2 1" t="1"/>
		<b id="14" c="2 3" t="1"/>
		<b id="15" c="4 5" t="1"/>
		<b id="16" c="6 7" t="1"/>
		<b id="17" c="6 8" t="1"/>
		<b id="18" c="9 10" t="1"/>
		<b id="19" c="9 11" t="1"/>
		<b id="20" c="12 13" t="1"/>
		<b id="21" c="12 14" t="1"/>
		<b id="22" c="15 16" t="1"/>
		<b id="23" c="15 17" t="1"/>
		<b id="24" c="18 19" t="1"/>
		<b id="25" c="18 20" t="1"/>
		<b id="26" c="21 22" t="1"/>
		<b id="27" c="21 23" t="1"/>
		<b id="28" c="27 28" t="1"/>
		<b id="29" c="27 29" t="1"/>
		<b id="30" c="30 31" t="1"/>
		<b id="31" c="30 32" t="1"/>
		<b id="32" c="30 33" t="1"/>
	</bonds>
	<geometry>
		<g u="A" t="cart/3d">#33,3:-4.6639,1.7939,0.8440;-4.6672,1.5630,-0.2168;-4.8207,2.3860,-0.9081;-4.4885,0.3146,-0.6666;-4.5050,0.1329,-1.7394;-4.2783,-0.8784,0.2217;-4.3594,-0.5992,1.2794;-5.0876,-1.5919,0.0245;-2.9374,-1.5778,-0.0226;-2.9260,-2.5104,0.5553;-2.8510,-1.8601,-1.0795;-1.7323,-0.7221,0.3833;-1.7188,0.1975,-0.2110;-1.8287,-0.4300,1.4359;-0.4204,-1.4845,0.1811;-0.4703,-2.4360,0.7251;-0.2968,-1.7336,-0.8799;0.8088,-0.7176,0.6742;0.6968,-0.4829,1.7402;1.6809,-1.3796,0.5987;1.0784,0.5626,-0.1084;1.1233,0.3716,-1.1868;0.2863,1.3032,0.0460;2.3764,1.1858,0.3355;2.4684,2.0269,1.2190;3.4192,0.6587,-0.3633;4.6993,1.1814,0.0110;4.7213,2.2635,-0.1599;4.8899,0.9701,1.0692;5.7543,0.5064,-0.8435;6.7532,0.8742,-0.5931;5.7305,-0.5789,-0.6995;5.5655,0.6907,-1.9063;</g>
	</geometry>
	<conformers/>
	<properties/>
</molecule>
