<?xml version="1.0" ?>
<!--MOLLI PACKAGE EXPERIMENTAL XML FORMAT-->
<molecule name="react_212">
	<atoms>
		<a id="1" s="H" t="H" l="H"/>
		<a id="2" s="C" t="C.2" l="C"/>
		<a id="3" s="H" t="H" l="H"/>
		<a id="4" s="C" t="C.2" l="C"/>
		<a id="5" s="H" t="H" l="H"/>
		<a id="6" s="C" t="C.3" l="C"/>
		<a id="7" s="H" t="H" l="H"/>
		<a id="8" s="C" t="C.3" l="C"/>
		<a id="9" s="H" t="H" l="H"/>
		<a id="10" s="H" t="H" l="H"/>
		<a id="11" s="C" t="C.3" l="C"/>
		<a id="12" s="H" t="H" l="H"/>
		<a id="13" s="H" t="H" l="H"/>
		<a id="14" s="C" t="C.3" l="C"/>
		<a id="15" s="H" t="H" l="H"/>
		<a id="16" s="H" t="H" l="H"/>
		<a id="17" s="C" t="C.3" l="C"/>
		<a id="18" s="H" t="H" l="H"/>
		<a id="19" s="H" t="H" l="H"/>
		<a id="20" s="C" t="C.3" l="C"/>
		<a id="21" s="H" t="H" l="H"/>
		<a id="22" s="H" t="H" l="H"/>
		<a id="23" s="C" t="C.3" l="C"/>
		<a id="24" s="H" t="H" l="H"/>
		<a id="25" s="H" t="H" l="H"/>
		<a id="26" s="C" t="C.3" l="C"/>
		<a id="27" s="H" t="H" l="H"/>
		<a id="28" s="H" t="H" l="H"/>
	</atoms>
	<bonds>
		<b id="1" c="2 4" t="2"/>
		<b id="2" c="4 6" t="1"/>
		<b id="3" c="6 8" t="1"/>
		<b id="4" c="8 11" t="1"/>
		<b id="5" c="11 14" t="1"/>
		<b id="6" c="14 17" t="1"/>
		<b id="7" c="17 20" t="1"/>
		<b id="8" c="20 23" t="1"/>
		<b id="9" c="23 26" t="1"/>
		<b id="10" c="26 6" t="1"/>
		<b id="11" c="2 1" t="1"/>
		<b id="12" c="2 3" t="1"/>
		<b id="13" c="4 5" t="1"/>
		<b id="14" c="6 7" t="1"/>
		<b id="15" c="8 9" t="1"/>
		<b id="16" c="8 10" t="1"/>
		<b id="17" c="11 12" t="1"/>
		<b id="18" c="11 13" t="1"/>
		<b id="19" c="14 15" t="1"/>
		<b id="20" c="14 16" t="1"/>
		<b id="21" c="17 18" t="1"/>
		<b id="22" c="17 19" t="1"/>
		<b id="23" c="20 21" t="1"/>
		<b id="24" c="20 22" t="1"/>
		<b id="25" c="23 24" t="1"/>
		<b id="26" c="23 25" t="1"/>
		<b id="27" c="26 27" t="1"/>
		<b id="28" c="26 28" t="1"/>
	</bonds>
	<geometry>
		<g u="A" t="cart/3d">#28,3:4.6807,-0.3397,0.5349;3.6579,-0.5708,0.2511;3.5134,-1.4298,-0.3942;2.6457,0.1875,0.6937;2.9030,1.0230,1.3465;1.1539,0.0294,0.4242;0.7094,-0.0327,1.4252;0.8052,-1.2692,-0.3355;1.3848,-1.3247,-1.2664;1.1301,-2.1216,0.2771;-0.6611,-1.5002,-0.7113;-0.7599,-2.5588,-0.9870;-0.8994,-0.9511,-1.6277;-1.6579,-1.2000,0.4041;-1.1603,-1.0645,1.3692;-2.2997,-2.0803,0.5425;-2.5765,-0.0124,0.1225;-3.3734,-0.3443,-0.5559;-3.0795,0.2591,1.0595;-1.9480,1.2420,-0.4854;-2.7280,2.0157,-0.4750;-1.7193,1.0852,-1.5455;-0.7304,1.8010,0.2462;-0.8217,1.6663,1.3300;-0.7424,2.8873,0.0806;0.6292,1.3032,-0.2712;1.3353,2.1264,-0.0917;0.6091,1.1740,-1.3603;</g>
	</geometry>
	<conformers/>
	<properties/>
</molecule>
