<?xml version="1.0" ?>
<!--MOLLI PACKAGE EXPERIMENTAL XML FORMAT-->
<molecule name="react_217">
	<atoms>
		<a id="1" s="H" t="H" l="H"/>
		<a id="2" s="C" t="C.2" l="C"/>
		<a id="3" s="H" t="H" l="H"/>
		<a id="4" s="C" t="C.2" l="C"/>
		<a id="5" s="H" t="H" l="H"/>
		<a id="6" s="Si" t="Si" l="SI"/>
		<a id="7" s="C" t="C.3" l="C"/>
		<a id="8" s="H" t="H" l="H"/>
		<a id="9" s="C" t="C.3" l="C"/>
		<a id="10" s="H" t="H" l="H"/>
		<a id="11" s="H" t="H" l="H"/>
		<a id="12" s="H" t="H" l="H"/>
		<a id="13" s="C" t="C.3" l="C"/>
		<a id="14" s="H" t="H" l="H"/>
		<a id="15" s="H" t="H" l="H"/>
		<a id="16" s="H" t="H" l="H"/>
		<a id="17" s="C" t="C.3" l="C"/>
		<a id="18" s="H" t="H" l="H"/>
		<a id="19" s="C" t="C.3" l="C"/>
		<a id="20" s="H" t="H" l="H"/>
		<a id="21" s="H" t="H" l="H"/>
		<a id="22" s="H" t="H" l="H"/>
		<a id="23" s="C" t="C.3" l="C"/>
		<a id="24" s="H" t="H" l="H"/>
		<a id="25" s="H" t="H" l="H"/>
		<a id="26" s="H" t="H" l="H"/>
		<a id="27" s="C" t="C.3" l="C"/>
		<a id="28" s="H" t="H" l="H"/>
		<a id="29" s="C" t="C.3" l="C"/>
		<a id="30" s="H" t="H" l="H"/>
		<a id="31" s="H" t="H" l="H"/>
		<a id="32" s="H" t="H" l="H"/>
		<a id="33" s="C" t="C.3" l="C"/>
		<a id="34" s="H" t="H" l="H"/>
		<a id="35" s="H" t="H" l="H"/>
		<a id="36" s="H" t="H" l="H"/>
	</atoms>
	<bonds>
		<b id="1" c="2 4" t="2"/>
		<b id="2" c="4 6" t="1"/>
		<b id="3" c="6 7" t="1"/>
		<b id="4" c="7 9" t="1"/>
		<b id="5" c="7 13" t="1"/>
		<b id="6" c="6 17" t="1"/>
		<b id="7" c="17 19" t="1"/>
		<b id="8" c="17 23" t="1"/>
		<b id="9" c="6 27" t="1"/>
		<b id="10" c="27 29" t="1"/>
		<b id="11" c="27 33" t="1"/>
		<b id="12" c="2 1" t="1"/>
		<b id="13" c="2 3" t="1"/>
		<b id="14" c="4 5" t="1"/>
		<b id="15" c="7 8" t="1"/>
		<b id="16" c="9 10" t="1"/>
		<b id="17" c="9 11" t="1"/>
		<b id="18" c="9 12" t="1"/>
		<b id="19" c="13 14" t="1"/>
		<b id="20" c="13 15" t="1"/>
		<b id="21" c="13 16" t="1"/>
		<b id="22" c="17 18" t="1"/>
		<b id="23" c="19 20" t="1"/>
		<b id="24" c="19 21" t="1"/>
		<b id="25" c="19 22" t="1"/>
		<b id="26" c="23 24" t="1"/>
		<b id="27" c="23 25" t="1"/>
		<b id="28" c="23 26" t="1"/>
		<b id="29" c="27 28" t="1"/>
		<b id="30" c="29 30" t="1"/>
		<b id="31" c="29 31" t="1"/>
		<b id="32" c="29 32" t="1"/>
		<b id="33" c="33 34" t="1"/>
		<b id="34" c="33 35" t="1"/>
		<b id="35" c="33 36" t="1"/>
	</bonds>
	<geometry>
		<g u="A" t="cart/3d">#36,3:1.3809,-2.4390,3.0820;1.1434,-2.0831,2.0831;1.4724,-2.7007,1.2522;0.4774,-0.9339,1.9138;0.1834,-0.3545,2.7824;0.0048,-0.1780,0.2745;1.5591,0.7828,-0.4589;1.1936,1.2722,-1.3695;2.0866,1.8648,0.4918;2.4518,1.4348,1.4311;2.9164,2.4109,0.0296;1.3122,2.5976,0.7381;2.7035,-0.1596,-0.8550;3.5247,0.4046,-1.3106;3.1070,-0.6939,0.0120;2.3757,-0.9052,-1.5866;-1.5177,1.0475,0.4530;-2.4044,0.4104,0.3509;-1.6010,1.7321,1.8233;-2.4664,2.4028,1.8681;-0.7061,2.3250,2.0385;-1.7227,0.9993,2.6278;-1.5740,2.1092,-0.6535;-2.5030,2.6860,-0.5831;-0.7411,2.8162,-0.5785;-1.5422,1.6629,-1.6515;-0.4953,-1.6211,-0.9848;0.3929,-2.2619,-1.0419;-1.6637,-2.4718,-0.4696;-2.5849,-1.8853,-0.3854;-1.4484,-2.8996,0.5150;-1.8608,-3.3052,-1.1530;-0.8027,-1.1093,-2.3955;-0.9443,-1.9505,-3.0833;-1.7196,-0.5113,-2.4159;0.0126,-0.4950,-2.7910;</g>
	</geometry>
	<conformers/>
	<properties/>
</molecule>
