<?xml version="1.0" ?>
<!--MOLLI PACKAGE EXPERIMENTAL XML FORMAT-->
<molecule name="react_223">
	<atoms>
		<a id="1" s="H" t="H" l="H"/>
		<a id="2" s="C" t="C.2" l="C"/>
		<a id="3" s="H" t="H" l="H"/>
		<a id="4" s="C" t="C.2" l="C"/>
		<a id="5" s="H" t="H" l="H"/>
		<a id="6" s="C" t="C.3" l="C"/>
		<a id="7" s="H" t="H" l="H"/>
		<a id="8" s="H" t="H" l="H"/>
		<a id="9" s="Si" t="Si" l="SI"/>
		<a id="10" s="C" t="C.3" l="C"/>
		<a id="11" s="H" t="H" l="H"/>
		<a id="12" s="C" t="C.3" l="C"/>
		<a id="13" s="H" t="H" l="H"/>
		<a id="14" s="H" t="H" l="H"/>
		<a id="15" s="H" t="H" l="H"/>
		<a id="16" s="C" t="C.3" l="C"/>
		<a id="17" s="H" t="H" l="H"/>
		<a id="18" s="H" t="H" l="H"/>
		<a id="19" s="H" t="H" l="H"/>
		<a id="20" s="C" t="C.3" l="C"/>
		<a id="21" s="H" t="H" l="H"/>
		<a id="22" s="C" t="C.3" l="C"/>
		<a id="23" s="H" t="H" l="H"/>
		<a id="24" s="H" t="H" l="H"/>
		<a id="25" s="H" t="H" l="H"/>
		<a id="26" s="C" t="C.3" l="C"/>
		<a id="27" s="H" t="H" l="H"/>
		<a id="28" s="H" t="H" l="H"/>
		<a id="29" s="H" t="H" l="H"/>
		<a id="30" s="C" t="C.3" l="C"/>
		<a id="31" s="H" t="H" l="H"/>
		<a id="32" s="C" t="C.3" l="C"/>
		<a id="33" s="H" t="H" l="H"/>
		<a id="34" s="H" t="H" l="H"/>
		<a id="35" s="H" t="H" l="H"/>
		<a id="36" s="C" t="C.3" l="C"/>
		<a id="37" s="H" t="H" l="H"/>
		<a id="38" s="H" t="H" l="H"/>
		<a id="39" s="H" t="H" l="H"/>
	</atoms>
	<bonds>
		<b id="1" c="2 4" t="2"/>
		<b id="2" c="4 6" t="1"/>
		<b id="3" c="6 9" t="1"/>
		<b id="4" c="9 10" t="1"/>
		<b id="5" c="10 12" t="1"/>
		<b id="6" c="10 16" t="1"/>
		<b id="7" c="9 20" t="1"/>
		<b id="8" c="20 22" t="1"/>
		<b id="9" c="20 26" t="1"/>
		<b id="10" c="9 30" t="1"/>
		<b id="11" c="30 32" t="1"/>
		<b id="12" c="30 36" t="1"/>
		<b id="13" c="2 1" t="1"/>
		<b id="14" c="2 3" t="1"/>
		<b id="15" c="4 5" t="1"/>
		<b id="16" c="6 7" t="1"/>
		<b id="17" c="6 8" t="1"/>
		<b id="18" c="10 11" t="1"/>
		<b id="19" c="12 13" t="1"/>
		<b id="20" c="12 14" t="1"/>
		<b id="21" c="12 15" t="1"/>
		<b id="22" c="16 17" t="1"/>
		<b id="23" c="16 18" t="1"/>
		<b id="24" c="16 19" t="1"/>
		<b id="25" c="20 21" t="1"/>
		<b id="26" c="22 23" t="1"/>
		<b id="27" c="22 24" t="1"/>
		<b id="28" c="22 25" t="1"/>
		<b id="29" c="26 27" t="1"/>
		<b id="30" c="26 28" t="1"/>
		<b id="31" c="26 29" t="1"/>
		<b id="32" c="30 31" t="1"/>
		<b id="33" c="32 33" t="1"/>
		<b id="34" c="32 34" t="1"/>
		<b id="35" c="32 35" t="1"/>
		<b id="36" c="36 37" t="1"/>
		<b id="37" c="36 38" t="1"/>
		<b id="38" c="36 39" t="1"/>
	</bonds>
	<geometry>
		<g u="A" t="cart/3d">#39,3:4.3669,-1.4499,-0.6914;3.6755,-0.6150,-0.6283;4.0288,0.2914,-0.1464;2.4378,-0.7114,-1.1306;2.1484,-1.6397,-1.6201;1.4315,0.4046,-1.1053;1.1092,0.6078,-2.1330;1.8953,1.3267,-0.7361;-0.1227,0.0700,-0.0499;0.3829,-0.2931,1.8231;0.9175,-1.2498,1.7817;-0.8346,-0.4589,2.7417;-0.5187,-0.7820,3.7399;-1.3834,0.4822,2.8569;-1.5357,-1.2075,2.3592;1.3409,0.7457,2.4151;2.2177,0.9021,1.7795;0.8505,1.7128,2.5600;1.7015,0.4136,3.3952;-1.3051,1.6551,-0.0936;-1.9490,1.5535,0.7876;-2.2080,1.7048,-1.3306;-2.8549,2.5888,-1.3010;-1.6225,1.7501,-2.2554;-2.8637,0.8297,-1.3815;-0.5321,2.9754,0.0200;0.1168,3.1374,-0.8479;0.0937,3.0073,0.9152;-1.2256,3.8218,0.0779;-1.1070,-1.5006,-0.7444;-2.1335,-1.3660,-0.3819;-1.1342,-1.5605,-2.2781;-1.5209,-0.6391,-2.7211;-1.7780,-2.3800,-2.6165;-0.1354,-1.7326,-2.6932;-0.5837,-2.8356,-0.1969;-1.1740,-3.6702,-0.5917;0.4619,-3.0073,-0.4719;-0.6543,-2.8816,0.8938;</g>
	</geometry>
	<conformers/>
	<properties/>
</molecule>
