<?xml version="1.0" ?>
<!--MOLLI PACKAGE EXPERIMENTAL XML FORMAT-->
<molecule name="react_226">
	<atoms>
		<a id="1" s="H" t="H" l="H"/>
		<a id="2" s="C" t="C.2" l="C"/>
		<a id="3" s="H" t="H" l="H"/>
		<a id="4" s="C" t="C.2" l="C"/>
		<a id="5" s="H" t="H" l="H"/>
		<a id="6" s="C" t="C.3" l="C"/>
		<a id="7" s="C" t="C.3" l="C"/>
		<a id="8" s="H" t="H" l="H"/>
		<a id="9" s="H" t="H" l="H"/>
		<a id="10" s="C" t="C.3" l="C"/>
		<a id="11" s="H" t="H" l="H"/>
		<a id="12" s="C" t="C.3" l="C"/>
		<a id="13" s="H" t="H" l="H"/>
		<a id="14" s="H" t="H" l="H"/>
		<a id="15" s="C" t="C.3" l="C"/>
		<a id="16" s="H" t="H" l="H"/>
		<a id="17" s="C" t="C.3" l="C"/>
		<a id="18" s="H" t="H" l="H"/>
		<a id="19" s="H" t="H" l="H"/>
		<a id="20" s="C" t="C.3" l="C"/>
		<a id="21" s="H" t="H" l="H"/>
		<a id="22" s="H" t="H" l="H"/>
		<a id="23" s="C" t="C.3" l="C"/>
		<a id="24" s="H" t="H" l="H"/>
		<a id="25" s="C" t="C.3" l="C"/>
		<a id="26" s="H" t="H" l="H"/>
		<a id="27" s="H" t="H" l="H"/>
		<a id="28" s="C" t="C.3" l="C"/>
		<a id="29" s="H" t="H" l="H"/>
		<a id="30" s="H" t="H" l="H"/>
	</atoms>
	<bonds>
		<b id="1" c="2 4" t="2"/>
		<b id="2" c="4 6" t="1"/>
		<b id="3" c="6 7" t="1"/>
		<b id="4" c="7 10" t="1"/>
		<b id="5" c="10 12" t="1"/>
		<b id="6" c="12 15" t="1"/>
		<b id="7" c="15 17" t="1"/>
		<b id="8" c="15 20" t="1"/>
		<b id="9" c="20 23" t="1"/>
		<b id="10" c="23 25" t="1"/>
		<b id="11" c="23 28" t="1"/>
		<b id="12" c="17 6" t="1"/>
		<b id="13" c="25 6" t="1"/>
		<b id="14" c="28 10" t="1"/>
		<b id="15" c="2 1" t="1"/>
		<b id="16" c="2 3" t="1"/>
		<b id="17" c="4 5" t="1"/>
		<b id="18" c="7 8" t="1"/>
		<b id="19" c="7 9" t="1"/>
		<b id="20" c="10 11" t="1"/>
		<b id="21" c="12 13" t="1"/>
		<b id="22" c="12 14" t="1"/>
		<b id="23" c="15 16" t="1"/>
		<b id="24" c="17 18" t="1"/>
		<b id="25" c="17 19" t="1"/>
		<b id="26" c="20 21" t="1"/>
		<b id="27" c="20 22" t="1"/>
		<b id="28" c="23 24" t="1"/>
		<b id="29" c="25 26" t="1"/>
		<b id="30" c="25 27" t="1"/>
		<b id="31" c="28 29" t="1"/>
		<b id="32" c="28 30" t="1"/>
	</bonds>
	<geometry>
		<g u="A" t="cart/3d">#30,3:3.3488,-0.3631,-1.3900;3.4846,-0.4019,-0.3150;4.5011,-0.5288,0.0464;2.4659,-0.3009,0.5495;2.7101,-0.3522,1.6115;0.9911,-0.1211,0.2297;0.1965,-1.3075,0.8372;0.3935,-1.3903,1.9147;0.5248,-2.2541,0.3870;-1.3150,-1.1274,0.6113;-1.8565,-1.9735,1.0489;-1.7737,0.1808,1.2760;-1.5914,0.1363,2.3568;-2.8546,0.3104,1.1408;-1.0216,1.3742,0.6646;-1.3550,2.3034,1.1401;0.4895,1.1902,0.8905;0.6949,1.1797,1.9695;1.0299,2.0533,0.4790;-1.3059,1.4339,-0.8442;-0.7867,2.2910,-1.2903;-2.3783,1.5861,-1.0177;-0.8451,0.1315,-1.5170;-1.0514,0.1786,-2.5922;0.6658,-0.0506,-1.2873;1.2032,0.7845,-1.7558;0.9978,-0.9669,-1.7932;-1.5979,-1.0562,-0.8974;-1.2887,-1.9906,-1.3816;-2.6756,-0.9488,-1.0718;</g>
	</geometry>
	<conformers/>
	<properties/>
</molecule>
