<?xml version="1.0" ?>
<!--MOLLI PACKAGE EXPERIMENTAL XML FORMAT-->
<molecule name="react_247">
	<atoms>
		<a id="1" s="H" t="H" l="H"/>
		<a id="2" s="C" t="C.2" l="C"/>
		<a id="3" s="H" t="H" l="H"/>
		<a id="4" s="C" t="C.2" l="C"/>
		<a id="5" s="H" t="H" l="H"/>
		<a id="6" s="C" t="C.3" l="C"/>
		<a id="7" s="H" t="H" l="H"/>
		<a id="8" s="H" t="H" l="H"/>
		<a id="9" s="C" t="C.1" l="C"/>
		<a id="10" s="C" t="C.1" l="C"/>
		<a id="11" s="C" t="C.3" l="C"/>
		<a id="12" s="H" t="H" l="H"/>
		<a id="13" s="H" t="H" l="H"/>
		<a id="14" s="C" t="C.3" l="C"/>
		<a id="15" s="H" t="H" l="H"/>
		<a id="16" s="H" t="H" l="H"/>
		<a id="17" s="C" t="C.3" l="C"/>
		<a id="18" s="H" t="H" l="H"/>
		<a id="19" s="H" t="H" l="H"/>
		<a id="20" s="C" t="C.3" l="C"/>
		<a id="21" s="H" t="H" l="H"/>
		<a id="22" s="H" t="H" l="H"/>
		<a id="23" s="C" t="C.3" l="C"/>
		<a id="24" s="H" t="H" l="H"/>
		<a id="25" s="H" t="H" l="H"/>
		<a id="26" s="C" t="C.3" l="C"/>
		<a id="27" s="H" t="H" l="H"/>
		<a id="28" s="H" t="H" l="H"/>
		<a id="29" s="C" t="C.3" l="C"/>
		<a id="30" s="H" t="H" l="H"/>
		<a id="31" s="H" t="H" l="H"/>
		<a id="32" s="C" t="C.3" l="C"/>
		<a id="33" s="H" t="H" l="H"/>
		<a id="34" s="H" t="H" l="H"/>
		<a id="35" s="C" t="C.3" l="C"/>
		<a id="36" s="H" t="H" l="H"/>
		<a id="37" s="H" t="H" l="H"/>
		<a id="38" s="C" t="C.3" l="C"/>
		<a id="39" s="H" t="H" l="H"/>
		<a id="40" s="H" t="H" l="H"/>
		<a id="41" s="C" t="C.3" l="C"/>
		<a id="42" s="H" t="H" l="H"/>
		<a id="43" s="H" t="H" l="H"/>
		<a id="44" s="C" t="C.3" l="C"/>
		<a id="45" s="H" t="H" l="H"/>
		<a id="46" s="H" t="H" l="H"/>
		<a id="47" s="C" t="C.3" l="C"/>
		<a id="48" s="H" t="H" l="H"/>
		<a id="49" s="H" t="H" l="H"/>
		<a id="50" s="H" t="H" l="H"/>
	</atoms>
	<bonds>
		<b id="1" c="2 4" t="2"/>
		<b id="2" c="4 6" t="1"/>
		<b id="3" c="6 9" t="1"/>
		<b id="4" c="9 10" t="3"/>
		<b id="5" c="10 11" t="1"/>
		<b id="6" c="11 14" t="1"/>
		<b id="7" c="14 17" t="1"/>
		<b id="8" c="17 20" t="1"/>
		<b id="9" c="20 23" t="1"/>
		<b id="10" c="23 26" t="1"/>
		<b id="11" c="26 29" t="1"/>
		<b id="12" c="29 32" t="1"/>
		<b id="13" c="32 35" t="1"/>
		<b id="14" c="35 38" t="1"/>
		<b id="15" c="38 41" t="1"/>
		<b id="16" c="41 44" t="1"/>
		<b id="17" c="44 47" t="1"/>
		<b id="18" c="2 1" t="1"/>
		<b id="19" c="2 3" t="1"/>
		<b id="20" c="4 5" t="1"/>
		<b id="21" c="6 7" t="1"/>
		<b id="22" c="6 8" t="1"/>
		<b id="23" c="11 12" t="1"/>
		<b id="24" c="11 13" t="1"/>
		<b id="25" c="14 15" t="1"/>
		<b id="26" c="14 16" t="1"/>
		<b id="27" c="17 18" t="1"/>
		<b id="28" c="17 19" t="1"/>
		<b id="29" c="20 21" t="1"/>
		<b id="30" c="20 22" t="1"/>
		<b id="31" c="23 24" t="1"/>
		<b id="32" c="23 25" t="1"/>
		<b id="33" c="26 27" t="1"/>
		<b id="34" c="26 28" t="1"/>
		<b id="35" c="29 30" t="1"/>
		<b id="36" c="29 31" t="1"/>
		<b id="37" c="32 33" t="1"/>
		<b id="38" c="32 34" t="1"/>
		<b id="39" c="35 36" t="1"/>
		<b id="40" c="35 37" t="1"/>
		<b id="41" c="38 39" t="1"/>
		<b id="42" c="38 40" t="1"/>
		<b id="43" c="41 42" t="1"/>
		<b id="44" c="41 43" t="1"/>
		<b id="45" c="44 45" t="1"/>
		<b id="46" c="44 46" t="1"/>
		<b id="47" c="47 48" t="1"/>
		<b id="48" c="47 49" t="1"/>
		<b id="49" c="47 50" t="1"/>
	</bonds>
	<geometry>
		<g u="A" t="cart/3d">#50,3:8.7161,-1.6129,1.5565;8.9353,-1.7806,0.5066;9.7060,-2.5062,0.2646;8.2801,-1.1292,-0.4639;8.5382,-1.3342,-1.5012;7.2042,-0.1100,-0.2288;7.5180,0.8446,-0.6657;7.0499,0.0615,0.8426;5.9497,-0.5571,-0.8481;4.9195,-0.9169,-1.3515;3.6612,-1.3620,-1.9676;3.5827,-0.9688,-2.9877;3.6748,-2.4552,-2.0504;2.4366,-0.9470,-1.1487;1.5561,-1.4523,-1.5644;2.5507,-1.2977,-0.1162;2.1956,0.5670,-1.1688;3.0315,1.0905,-0.6900;2.1628,0.9102,-2.2104;0.8848,0.9803,-0.4900;0.7420,2.0556,-0.6520;0.0519,0.4655,-0.9818;0.8654,0.6919,1.0113;0.8687,-0.3904,1.1847;1.7839,1.0855,1.4641;-0.3281,1.3082,1.7515;-0.3093,2.4003,1.6557;-0.1868,1.0917,2.8184;-1.6934,0.7470,1.3361;-1.5889,-0.2739,0.9510;-2.3141,0.6808,2.2379;-2.4179,1.6348,0.3191;-2.6370,2.6087,0.7741;-1.7667,1.8333,-0.5380;-3.7160,1.0147,-0.2097;-3.4853,0.0525,-0.6810;-4.1104,1.6684,-0.9974;-4.7847,0.8307,0.8708;-4.4597,0.0799,1.6000;-4.9084,1.7735,1.4177;-6.1501,0.4228,0.3080;-6.4904,1.1752,-0.4139;-6.8744,0.4272,1.1322;-6.1477,-0.9588,-0.3475;-5.4880,-0.9645,-1.2217;-5.7636,-1.7053,0.3571;-7.5452,-1.3644,-0.7908;-7.9476,-0.6525,-1.5185;-8.2301,-1.4092,0.0619;-7.5219,-2.3531,-1.2596;</g>
	</geometry>
	<conformers/>
	<properties/>
</molecule>
