<?xml version="1.0" ?>
<!--MOLLI PACKAGE EXPERIMENTAL XML FORMAT-->
<molecule name="react_256">
	<atoms>
		<a id="1" s="H" t="H" l="H"/>
		<a id="2" s="C" t="C.2" l="C"/>
		<a id="3" s="C" t="C.2" l="C"/>
		<a id="4" s="C" t="C.3" l="C"/>
		<a id="5" s="H" t="H" l="H"/>
		<a id="6" s="H" t="H" l="H"/>
		<a id="7" s="C" t="C.3" l="C"/>
		<a id="8" s="H" t="H" l="H"/>
		<a id="9" s="H" t="H" l="H"/>
		<a id="10" s="H" t="H" l="H"/>
		<a id="11" s="C" t="C.3" l="C"/>
		<a id="12" s="H" t="H" l="H"/>
		<a id="13" s="H" t="H" l="H"/>
		<a id="14" s="C" t="C.3" l="C"/>
		<a id="15" s="H" t="H" l="H"/>
		<a id="16" s="H" t="H" l="H"/>
		<a id="17" s="C" t="C.3" l="C"/>
		<a id="18" s="H" t="H" l="H"/>
		<a id="19" s="H" t="H" l="H"/>
		<a id="20" s="O" t="O.2" l="O"/>
	</atoms>
	<bonds>
		<b id="1" c="7 4" t="1"/>
		<b id="2" c="4 3" t="1"/>
		<b id="3" c="3 2" t="2"/>
		<b id="4" c="2 20" t="1"/>
		<b id="5" c="20 17" t="1"/>
		<b id="6" c="17 14" t="1"/>
		<b id="7" c="14 11" t="1"/>
		<b id="8" c="11 3" t="1"/>
		<b id="9" c="7 8" t="1"/>
		<b id="10" c="7 9" t="1"/>
		<b id="11" c="7 10" t="1"/>
		<b id="12" c="4 5" t="1"/>
		<b id="13" c="4 6" t="1"/>
		<b id="14" c="2 1" t="1"/>
		<b id="15" c="17 18" t="1"/>
		<b id="16" c="17 19" t="1"/>
		<b id="17" c="14 15" t="1"/>
		<b id="18" c="14 16" t="1"/>
		<b id="19" c="11 12" t="1"/>
		<b id="20" c="11 13" t="1"/>
	</bonds>
	<geometry>
		<g u="A" t="cart/3d">#20,3:0.0858,-1.4140,2.0019;-0.3804,-0.8460,1.2055;0.2609,-0.4469,0.0955;1.6935,-0.8299,-0.1738;1.7828,-1.2022,-1.2014;1.9923,-1.6607,0.4777;2.6615,0.3249,0.0412;2.5918,0.7148,1.0622;3.6903,-0.0123,-0.1218;2.4677,1.1486,-0.6531;-0.4430,0.3956,-0.9330;-0.6549,-0.2247,-1.8123;0.1930,1.2235,-1.2638;-1.7428,0.9701,-0.3782;-2.3719,1.3449,-1.1924;-1.5074,1.8182,0.2775;-2.4740,-0.0952,0.4233;-3.3944,0.3223,0.8448;-2.7612,-0.9408,-0.2142;-1.6896,-0.5900,1.5147;</g>
	</geometry>
	<conformers/>
	<properties/>
</molecule>
