<?xml version="1.0" ?>
<!--MOLLI PACKAGE EXPERIMENTAL XML FORMAT-->
<molecule name="react_258">
	<atoms>
		<a id="1" s="H" t="H" l="H"/>
		<a id="2" s="O" t="O.3" l="O"/>
		<a id="3" s="C" t="C.3" l="C"/>
		<a id="4" s="C" t="C.2" l="C"/>
		<a id="5" s="C" t="C.2" l="C"/>
		<a id="6" s="H" t="H" l="H"/>
		<a id="7" s="C" t="C.3" l="C"/>
		<a id="8" s="H" t="H" l="H"/>
		<a id="9" s="H" t="H" l="H"/>
		<a id="10" s="C" t="C.3" l="C"/>
		<a id="11" s="H" t="H" l="H"/>
		<a id="12" s="H" t="H" l="H"/>
		<a id="13" s="H" t="H" l="H"/>
		<a id="14" s="C" t="C.3" l="C"/>
		<a id="15" s="H" t="H" l="H"/>
		<a id="16" s="H" t="H" l="H"/>
		<a id="17" s="H" t="H" l="H"/>
		<a id="18" s="C" t="C.3" l="C"/>
		<a id="19" s="H" t="H" l="H"/>
		<a id="20" s="H" t="H" l="H"/>
		<a id="21" s="H" t="H" l="H"/>
		<a id="22" s="C" t="C.3" l="C"/>
		<a id="23" s="H" t="H" l="H"/>
		<a id="24" s="H" t="H" l="H"/>
		<a id="25" s="H" t="H" l="H"/>
	</atoms>
	<bonds>
		<b id="1" c="10 7" t="1"/>
		<b id="2" c="7 5" t="1"/>
		<b id="3" c="5 4" t="2"/>
		<b id="4" c="4 14" t="1"/>
		<b id="5" c="4 3" t="1"/>
		<b id="6" c="3 18" t="1"/>
		<b id="7" c="3 22" t="1"/>
		<b id="8" c="3 2" t="1"/>
		<b id="9" c="10 11" t="1"/>
		<b id="10" c="10 12" t="1"/>
		<b id="11" c="10 13" t="1"/>
		<b id="12" c="7 8" t="1"/>
		<b id="13" c="7 9" t="1"/>
		<b id="14" c="5 6" t="1"/>
		<b id="15" c="14 15" t="1"/>
		<b id="16" c="14 16" t="1"/>
		<b id="17" c="14 17" t="1"/>
		<b id="18" c="18 19" t="1"/>
		<b id="19" c="18 20" t="1"/>
		<b id="20" c="18 21" t="1"/>
		<b id="21" c="22 23" t="1"/>
		<b id="22" c="22 24" t="1"/>
		<b id="23" c="22 25" t="1"/>
		<b id="24" c="2 1" t="1"/>
	</bonds>
	<geometry>
		<g u="A" t="cart/3d">#25,3:-0.8654,2.0513,-0.7250;-1.2784,1.8449,0.1309;-1.4529,0.4221,0.1667;-0.0940,-0.2760,-0.0175;1.0762,0.3796,0.1588;1.0401,1.4219,0.4791;2.4801,-0.1363,-0.0005;2.9854,-0.0739,0.9702;2.5141,-1.1835,-0.3082;3.2524,0.6885,-1.0208;4.2774,0.3145,-1.1106;3.3032,1.7419,-0.7251;2.7836,0.6332,-2.0091;-0.1631,-1.7415,-0.3785;0.7755,-2.2746,-0.2150;-0.9098,-2.2570,0.2339;-0.4373,-1.8602,-1.4315;-2.4539,0.0891,-0.9478;-2.0292,0.3095,-1.9343;-2.7613,-0.9615,-0.9309;-3.3555,0.7064,-0.8558;-2.0542,0.0930,1.5359;-2.9753,0.6639,1.7029;-2.2892,-0.9709,1.6412;-1.3684,0.3756,2.3436;</g>
	</geometry>
	<conformers/>
	<properties/>
</molecule>
