<?xml version="1.0" ?>
<!--MOLLI PACKAGE EXPERIMENTAL XML FORMAT-->
<molecule name="react_259">
	<atoms>
		<a id="1" s="H" t="H" l="H"/>
		<a id="2" s="C" t="C.2" l="C"/>
		<a id="3" s="C" t="C.2" l="C"/>
		<a id="4" s="C" t="C.3" l="C"/>
		<a id="5" s="H" t="H" l="H"/>
		<a id="6" s="H" t="H" l="H"/>
		<a id="7" s="C" t="C.1" l="C"/>
		<a id="8" s="N" t="N.1" l="N"/>
		<a id="9" s="C" t="C.3" l="C"/>
		<a id="10" s="H" t="H" l="H"/>
		<a id="11" s="H" t="H" l="H"/>
		<a id="12" s="C" t="C.3" l="C"/>
		<a id="13" s="H" t="H" l="H"/>
		<a id="14" s="H" t="H" l="H"/>
		<a id="15" s="C" t="C.3" l="C"/>
		<a id="16" s="H" t="H" l="H"/>
		<a id="17" s="H" t="H" l="H"/>
		<a id="18" s="C" t="C.3" l="C"/>
		<a id="19" s="H" t="H" l="H"/>
		<a id="20" s="H" t="H" l="H"/>
	</atoms>
	<bonds>
		<b id="1" c="8 7" t="3"/>
		<b id="2" c="7 4" t="1"/>
		<b id="3" c="4 3" t="1"/>
		<b id="4" c="3 2" t="2"/>
		<b id="5" c="2 18" t="1"/>
		<b id="6" c="18 15" t="1"/>
		<b id="7" c="15 12" t="1"/>
		<b id="8" c="12 9" t="1"/>
		<b id="9" c="9 3" t="1"/>
		<b id="10" c="4 5" t="1"/>
		<b id="11" c="4 6" t="1"/>
		<b id="12" c="2 1" t="1"/>
		<b id="13" c="18 19" t="1"/>
		<b id="14" c="18 20" t="1"/>
		<b id="15" c="15 16" t="1"/>
		<b id="16" c="15 17" t="1"/>
		<b id="17" c="12 13" t="1"/>
		<b id="18" c="12 14" t="1"/>
		<b id="19" c="9 10" t="1"/>
		<b id="20" c="9 11" t="1"/>
	</bonds>
	<geometry>
		<g u="A" t="cart/3d">#20,3:0.3125,2.0856,-0.6876;-0.0463,1.1238,-0.3249;0.7847,0.0681,-0.2063;2.2734,0.0745,-0.5147;2.8139,-0.2765,0.3729;2.4674,-0.6493,-1.3157;2.8299,1.3779,-0.9128;3.2859,2.3983,-1.2293;0.2665,-1.2750,0.2710;0.6743,-2.0756,-0.3579;0.6392,-1.4449,1.2890;-1.2591,-1.3947,0.2653;-1.6114,-1.5560,-0.7615;-1.5618,-2.2728,0.8469;-1.9095,-0.1407,0.8329;-1.6044,-0.0133,1.8794;-3.0003,-0.2452,0.8299;-1.5073,1.0925,0.0269;-1.7616,1.9911,0.6005;-2.0858,1.1320,-0.9039;</g>
	</geometry>
	<conformers/>
	<properties/>
</molecule>
