<?xml version="1.0" ?>
<!--MOLLI PACKAGE EXPERIMENTAL XML FORMAT-->
<molecule name="react_265">
	<atoms>
		<a id="1" s="H" t="H" l="H"/>
		<a id="2" s="C" t="C.2" l="C"/>
		<a id="3" s="C" t="C.2" l="C"/>
		<a id="4" s="O" t="O.2" l="O"/>
		<a id="5" s="C" t="C.3" l="C"/>
		<a id="6" s="H" t="H" l="H"/>
		<a id="7" s="H" t="H" l="H"/>
		<a id="8" s="C" t="C.3" l="C"/>
		<a id="9" s="H" t="H" l="H"/>
		<a id="10" s="H" t="H" l="H"/>
		<a id="11" s="H" t="H" l="H"/>
		<a id="12" s="O" t="O.2" l="O"/>
		<a id="13" s="C" t="C.3" l="C"/>
		<a id="14" s="H" t="H" l="H"/>
		<a id="15" s="H" t="H" l="H"/>
		<a id="16" s="C" t="C.3" l="C"/>
		<a id="17" s="H" t="H" l="H"/>
		<a id="18" s="H" t="H" l="H"/>
		<a id="19" s="H" t="H" l="H"/>
		<a id="20" s="C" t="C.3" l="C"/>
		<a id="21" s="H" t="H" l="H"/>
		<a id="22" s="H" t="H" l="H"/>
		<a id="23" s="C" t="C.3" l="C"/>
		<a id="24" s="H" t="H" l="H"/>
		<a id="25" s="C" t="C.3" l="C"/>
		<a id="26" s="H" t="H" l="H"/>
		<a id="27" s="H" t="H" l="H"/>
		<a id="28" s="H" t="H" l="H"/>
		<a id="29" s="C" t="C.3" l="C"/>
		<a id="30" s="H" t="H" l="H"/>
		<a id="31" s="H" t="H" l="H"/>
		<a id="32" s="H" t="H" l="H"/>
	</atoms>
	<bonds>
		<b id="1" c="8 5" t="1"/>
		<b id="2" c="5 4" t="1"/>
		<b id="3" c="4 3" t="1"/>
		<b id="4" c="3 2" t="2"/>
		<b id="5" c="2 20" t="1"/>
		<b id="6" c="20 23" t="1"/>
		<b id="7" c="23 25" t="1"/>
		<b id="8" c="23 29" t="1"/>
		<b id="9" c="3 12" t="1"/>
		<b id="10" c="12 13" t="1"/>
		<b id="11" c="13 16" t="1"/>
		<b id="12" c="8 9" t="1"/>
		<b id="13" c="8 10" t="1"/>
		<b id="14" c="8 11" t="1"/>
		<b id="15" c="5 6" t="1"/>
		<b id="16" c="5 7" t="1"/>
		<b id="17" c="2 1" t="1"/>
		<b id="18" c="20 21" t="1"/>
		<b id="19" c="20 22" t="1"/>
		<b id="20" c="23 24" t="1"/>
		<b id="21" c="25 26" t="1"/>
		<b id="22" c="25 27" t="1"/>
		<b id="23" c="25 28" t="1"/>
		<b id="24" c="29 30" t="1"/>
		<b id="25" c="29 31" t="1"/>
		<b id="26" c="29 32" t="1"/>
		<b id="27" c="13 14" t="1"/>
		<b id="28" c="13 15" t="1"/>
		<b id="29" c="16 17" t="1"/>
		<b id="30" c="16 18" t="1"/>
		<b id="31" c="16 19" t="1"/>
	</bonds>
	<geometry>
		<g u="A" t="cart/3d">#32,3:0.8460,-0.8186,-1.5185;0.6162,0.0271,-0.8809;-0.6471,0.2652,-0.4825;-1.7362,-0.5137,-0.8191;-1.5359,-1.6620,-1.6392;-1.1306,-1.3659,-2.6133;-0.8555,-2.3658,-1.1464;-2.8822,-2.3325,-1.8436;-3.5880,-1.6431,-2.3188;-2.7831,-3.2237,-2.4695;-3.3185,-2.6222,-0.8819;-0.8600,1.3697,0.3320;-2.1955,1.4881,0.8211;-2.4706,0.5949,1.3946;-2.8934,1.6231,-0.0135;-2.2569,2.7034,1.7278;-1.5537,2.5986,2.5608;-1.9701,3.6075,1.1806;-3.2644,2.8390,2.1308;1.8114,0.8767,-0.5283;1.4988,1.8458,-0.1207;2.3385,1.1112,-1.4623;2.8035,0.2246,0.4558;3.6198,0.9433,0.6077;3.4258,-1.0569,-0.1017;2.6859,-1.8567,-0.2089;3.8785,-0.8751,-1.0821;4.2135,-1.4224,0.5661;2.1687,-0.0403,1.8225;1.7281,0.8753,2.2309;2.9229,-0.3930,2.5342;1.3840,-0.8017,1.7663;</g>
	</geometry>
	<conformers/>
	<properties/>
</molecule>
