<?xml version="1.0" ?>
<!--MOLLI PACKAGE EXPERIMENTAL XML FORMAT-->
<molecule name="react_12">
	<atoms>
		<a id="1" s="H" t="H" l="H"/>
		<a id="2" s="C" t="C.2" l="C"/>
		<a id="3" s="H" t="H" l="H"/>
		<a id="4" s="C" t="C.2" l="C"/>
		<a id="5" s="C" t="C.3" l="C"/>
		<a id="6" s="H" t="H" l="H"/>
		<a id="7" s="H" t="H" l="H"/>
		<a id="8" s="H" t="H" l="H"/>
		<a id="9" s="C" t="C.3" l="C"/>
		<a id="10" s="H" t="H" l="H"/>
		<a id="11" s="H" t="H" l="H"/>
		<a id="12" s="C" t="C.3" l="C"/>
		<a id="13" s="H" t="H" l="H"/>
		<a id="14" s="H" t="H" l="H"/>
		<a id="15" s="C" t="C.3" l="C"/>
		<a id="16" s="H" t="H" l="H"/>
		<a id="17" s="H" t="H" l="H"/>
		<a id="18" s="C" t="C.3" l="C"/>
		<a id="19" s="H" t="H" l="H"/>
		<a id="20" s="H" t="H" l="H"/>
		<a id="21" s="C" t="C.3" l="C"/>
		<a id="22" s="H" t="H" l="H"/>
		<a id="23" s="H" t="H" l="H"/>
		<a id="24" s="H" t="H" l="H"/>
	</atoms>
	<bonds>
		<b id="1" c="2 4" t="2"/>
		<b id="2" c="4 5" t="1"/>
		<b id="3" c="4 9" t="1"/>
		<b id="4" c="9 12" t="1"/>
		<b id="5" c="12 15" t="1"/>
		<b id="6" c="15 18" t="1"/>
		<b id="7" c="18 21" t="1"/>
		<b id="8" c="2 1" t="1"/>
		<b id="9" c="2 3" t="1"/>
		<b id="10" c="5 6" t="1"/>
		<b id="11" c="5 7" t="1"/>
		<b id="12" c="5 8" t="1"/>
		<b id="13" c="9 10" t="1"/>
		<b id="14" c="9 11" t="1"/>
		<b id="15" c="12 13" t="1"/>
		<b id="16" c="12 14" t="1"/>
		<b id="17" c="15 16" t="1"/>
		<b id="18" c="15 17" t="1"/>
		<b id="19" c="18 19" t="1"/>
		<b id="20" c="18 20" t="1"/>
		<b id="21" c="21 22" t="1"/>
		<b id="22" c="21 23" t="1"/>
		<b id="23" c="21 24" t="1"/>
	</bonds>
	<geometry>
		<g u="A" t="cart/3d">#24,3:-2.7737,-1.2424,-1.8961;-3.1425,-0.6023,-1.1002;-4.2189,-0.5639,-0.9616;-2.3070,0.1052,-0.3222;-2.8194,1.0026,0.7694;-3.9140,1.0345,0.7937;-2.4774,0.6543,1.7487;-2.4625,2.0266,0.6185;-0.8087,0.0648,-0.5263;-0.5724,-0.4261,-1.4792;-0.4422,1.0942,-0.6142;-0.0831,-0.6680,0.6071;-0.5388,-1.6564,0.7491;-0.2101,-0.1251,1.5515;1.4123,-0.8674,0.3395;1.8213,-1.4969,1.1397;1.5478,-1.4216,-0.5972;2.1987,0.4428,0.2838;1.8595,1.0554,-0.5583;2.0263,1.0207,1.1991;3.6903,0.1877,0.1289;4.2346,1.1364,0.0874;3.8999,-0.3651,-0.7925;4.0797,-0.3902,0.9731;</g>
	</geometry>
	<conformers/>
	<properties/>
</molecule>
