<?xml version="1.0" ?>
<!--MOLLI PACKAGE EXPERIMENTAL XML FORMAT-->
<molecule name="react_275">
	<atoms>
		<a id="1" s="H" t="H" l="H"/>
		<a id="2" s="C" t="C.2" l="C"/>
		<a id="3" s="C" t="C.2" l="C"/>
		<a id="4" s="C" t="C.3" l="C"/>
		<a id="5" s="H" t="H" l="H"/>
		<a id="6" s="H" t="H" l="H"/>
		<a id="7" s="Si" t="Si" l="SI"/>
		<a id="8" s="C" t="C.3" l="C"/>
		<a id="9" s="H" t="H" l="H"/>
		<a id="10" s="H" t="H" l="H"/>
		<a id="11" s="H" t="H" l="H"/>
		<a id="12" s="C" t="C.3" l="C"/>
		<a id="13" s="H" t="H" l="H"/>
		<a id="14" s="H" t="H" l="H"/>
		<a id="15" s="H" t="H" l="H"/>
		<a id="16" s="C" t="C.3" l="C"/>
		<a id="17" s="H" t="H" l="H"/>
		<a id="18" s="H" t="H" l="H"/>
		<a id="19" s="H" t="H" l="H"/>
		<a id="20" s="C" t="C.3" l="C"/>
		<a id="21" s="H" t="H" l="H"/>
		<a id="22" s="H" t="H" l="H"/>
		<a id="23" s="C" t="C.3" l="C"/>
		<a id="24" s="H" t="H" l="H"/>
		<a id="25" s="H" t="H" l="H"/>
		<a id="26" s="C" t="C.3" l="C"/>
		<a id="27" s="H" t="H" l="H"/>
		<a id="28" s="H" t="H" l="H"/>
		<a id="29" s="C" t="C.3" l="C"/>
		<a id="30" s="H" t="H" l="H"/>
		<a id="31" s="H" t="H" l="H"/>
	</atoms>
	<bonds>
		<b id="1" c="8 7" t="1"/>
		<b id="2" c="7 12" t="1"/>
		<b id="3" c="7 16" t="1"/>
		<b id="4" c="7 4" t="1"/>
		<b id="5" c="4 3" t="1"/>
		<b id="6" c="3 2" t="2"/>
		<b id="7" c="2 29" t="1"/>
		<b id="8" c="29 26" t="1"/>
		<b id="9" c="26 23" t="1"/>
		<b id="10" c="23 20" t="1"/>
		<b id="11" c="20 3" t="1"/>
		<b id="12" c="8 9" t="1"/>
		<b id="13" c="8 10" t="1"/>
		<b id="14" c="8 11" t="1"/>
		<b id="15" c="12 13" t="1"/>
		<b id="16" c="12 14" t="1"/>
		<b id="17" c="12 15" t="1"/>
		<b id="18" c="16 17" t="1"/>
		<b id="19" c="16 18" t="1"/>
		<b id="20" c="16 19" t="1"/>
		<b id="21" c="4 5" t="1"/>
		<b id="22" c="4 6" t="1"/>
		<b id="23" c="2 1" t="1"/>
		<b id="24" c="29 30" t="1"/>
		<b id="25" c="29 31" t="1"/>
		<b id="26" c="26 27" t="1"/>
		<b id="27" c="26 28" t="1"/>
		<b id="28" c="23 24" t="1"/>
		<b id="29" c="23 25" t="1"/>
		<b id="30" c="20 21" t="1"/>
		<b id="31" c="20 22" t="1"/>
	</bonds>
	<geometry>
		<g u="A" t="cart/3d">#31,3:0.0122,1.6822,0.0541;0.9155,1.0843,0.0016;0.8689,-0.2619,-0.0090;-0.3791,-1.1258,0.0139;-0.3016,-1.8344,-0.8212;-0.3519,-1.7253,0.9329;-2.1362,-0.4171,-0.0979;-3.3441,-1.8677,-0.1450;-3.1457,-2.5021,-1.0138;-3.2454,-2.4764,0.7586;-4.3742,-1.5053,-0.2083;-2.3518,0.5842,-1.6678;-1.7143,1.4723,-1.6652;-2.0962,-0.0168,-2.5456;-3.3898,0.9143,-1.7721;-2.5300,0.6284,1.4076;-2.3785,0.0528,2.3256;-1.8963,1.5178,1.4545;-3.5729,0.9587,1.3817;2.1543,-1.0726,-0.0466;2.2488,-1.5188,-1.0448;2.0918,-1.9007,0.6701;3.4171,-0.2681,0.2669;3.4846,-0.0957,1.3487;4.3030,-0.8463,-0.0190;3.4064,1.0684,-0.4602;4.3197,1.6303,-0.2346;3.3982,0.8948,-1.5438;2.1832,1.8898,-0.0620;2.0560,2.7089,-0.7791;2.3482,2.3477,0.9207;</g>
	</geometry>
	<conformers/>
	<properties/>
</molecule>
