<?xml version="1.0" ?>
<!--MOLLI PACKAGE EXPERIMENTAL XML FORMAT-->
<molecule name="react_281">
	<atoms>
		<a id="1" s="H" t="H" l="H"/>
		<a id="2" s="C" t="C.2" l="C"/>
		<a id="3" s="C" t="C.2" l="C"/>
		<a id="4" s="C" t="C.3" l="C"/>
		<a id="5" s="H" t="H" l="H"/>
		<a id="6" s="H" t="H" l="H"/>
		<a id="7" s="C" t="C.3" l="C"/>
		<a id="8" s="H" t="H" l="H"/>
		<a id="9" s="H" t="H" l="H"/>
		<a id="10" s="C" t="C.3" l="C"/>
		<a id="11" s="H" t="H" l="H"/>
		<a id="12" s="H" t="H" l="H"/>
		<a id="13" s="C" t="C.3" l="C"/>
		<a id="14" s="H" t="H" l="H"/>
		<a id="15" s="H" t="H" l="H"/>
		<a id="16" s="C" t="C.3" l="C"/>
		<a id="17" s="H" t="H" l="H"/>
		<a id="18" s="H" t="H" l="H"/>
		<a id="19" s="C" t="C.3" l="C"/>
		<a id="20" s="H" t="H" l="H"/>
		<a id="21" s="H" t="H" l="H"/>
		<a id="22" s="C" t="C.3" l="C"/>
		<a id="23" s="H" t="H" l="H"/>
		<a id="24" s="H" t="H" l="H"/>
		<a id="25" s="C" t="C.3" l="C"/>
		<a id="26" s="H" t="H" l="H"/>
		<a id="27" s="H" t="H" l="H"/>
		<a id="28" s="C" t="C.3" l="C"/>
		<a id="29" s="H" t="H" l="H"/>
		<a id="30" s="H" t="H" l="H"/>
		<a id="31" s="H" t="H" l="H"/>
	</atoms>
	<bonds>
		<b id="1" c="28 25" t="1"/>
		<b id="2" c="25 22" t="1"/>
		<b id="3" c="22 19" t="1"/>
		<b id="4" c="19 16" t="1"/>
		<b id="5" c="16 13" t="1"/>
		<b id="6" c="13 10" t="1"/>
		<b id="7" c="10 2" t="1"/>
		<b id="8" c="2 3" t="2"/>
		<b id="9" c="3 4" t="1"/>
		<b id="10" c="4 7" t="1"/>
		<b id="11" c="7 3" t="1"/>
		<b id="12" c="28 29" t="1"/>
		<b id="13" c="28 30" t="1"/>
		<b id="14" c="28 31" t="1"/>
		<b id="15" c="25 26" t="1"/>
		<b id="16" c="25 27" t="1"/>
		<b id="17" c="22 23" t="1"/>
		<b id="18" c="22 24" t="1"/>
		<b id="19" c="19 20" t="1"/>
		<b id="20" c="19 21" t="1"/>
		<b id="21" c="16 17" t="1"/>
		<b id="22" c="16 18" t="1"/>
		<b id="23" c="13 14" t="1"/>
		<b id="24" c="13 15" t="1"/>
		<b id="25" c="10 11" t="1"/>
		<b id="26" c="10 12" t="1"/>
		<b id="27" c="2 1" t="1"/>
		<b id="28" c="4 5" t="1"/>
		<b id="29" c="4 6" t="1"/>
		<b id="30" c="7 8" t="1"/>
		<b id="31" c="7 9" t="1"/>
	</bonds>
	<geometry>
		<g u="A" t="cart/3d">#31,3:-2.8107,1.0864,1.9104;-2.8618,0.7466,0.8793;-3.5549,1.4506,0.0098;-3.9912,1.5710,-1.3235;-3.2538,1.8623,-2.0582;-4.7573,0.8841,-1.6547;-4.3528,2.5929,-0.1928;-5.3551,2.5723,0.2114;-3.8518,3.5508,-0.1922;-2.1353,-0.5206,0.5383;-2.5236,-1.3248,1.1747;-2.3325,-0.8141,-0.5003;-0.6268,-0.3710,0.7521;-0.2536,0.4481,0.1263;-0.4247,-0.0984,1.7956;0.1105,-1.6683,0.4108;-0.3253,-2.4906,0.9918;-0.0421,-1.9140,-0.6472;1.6107,-1.6143,0.7140;2.0259,-2.6180,0.5592;1.7634,-1.3698,1.7722;2.3734,-0.6183,-0.1623;2.1752,-0.8314,-1.2197;2.0239,0.4011,0.0353;3.8783,-0.6894,0.1006;4.2451,-1.7021,-0.1035;4.0820,-0.4769,1.1566;4.6424,0.3005,-0.7642;4.3227,1.3275,-0.5608;4.4847,0.0955,-1.8278;5.7156,0.2322,-0.5604;</g>
	</geometry>
	<conformers/>
	<properties/>
</molecule>
