<?xml version="1.0" ?>
<!--MOLLI PACKAGE EXPERIMENTAL XML FORMAT-->
<molecule name="react_283">
	<atoms>
		<a id="1" s="H" t="H" l="H"/>
		<a id="2" s="O" t="O.3" l="O"/>
		<a id="3" s="C" t="C.3" l="C"/>
		<a id="4" s="C" t="C.2" l="C"/>
		<a id="5" s="H" t="H" l="H"/>
		<a id="6" s="C" t="C.2" l="C"/>
		<a id="7" s="C" t="C.3" l="C"/>
		<a id="8" s="H" t="H" l="H"/>
		<a id="9" s="H" t="H" l="H"/>
		<a id="10" s="H" t="H" l="H"/>
		<a id="11" s="C" t="C.3" l="C"/>
		<a id="12" s="H" t="H" l="H"/>
		<a id="13" s="H" t="H" l="H"/>
		<a id="14" s="C" t="C.3" l="C"/>
		<a id="15" s="H" t="H" l="H"/>
		<a id="16" s="H" t="H" l="H"/>
		<a id="17" s="C" t="C.3" l="C"/>
		<a id="18" s="H" t="H" l="H"/>
		<a id="19" s="H" t="H" l="H"/>
		<a id="20" s="C" t="C.3" l="C"/>
		<a id="21" s="H" t="H" l="H"/>
		<a id="22" s="H" t="H" l="H"/>
		<a id="23" s="C" t="C.3" l="C"/>
		<a id="24" s="H" t="H" l="H"/>
		<a id="25" s="H" t="H" l="H"/>
		<a id="26" s="H" t="H" l="H"/>
		<a id="27" s="C" t="C.3" l="C"/>
		<a id="28" s="H" t="H" l="H"/>
		<a id="29" s="H" t="H" l="H"/>
		<a id="30" s="H" t="H" l="H"/>
		<a id="31" s="C" t="C.3" l="C"/>
		<a id="32" s="H" t="H" l="H"/>
		<a id="33" s="H" t="H" l="H"/>
		<a id="34" s="H" t="H" l="H"/>
	</atoms>
	<bonds>
		<b id="1" c="23 20" t="1"/>
		<b id="2" c="20 17" t="1"/>
		<b id="3" c="17 14" t="1"/>
		<b id="4" c="14 11" t="1"/>
		<b id="5" c="11 6" t="1"/>
		<b id="6" c="6 7" t="1"/>
		<b id="7" c="6 4" t="2"/>
		<b id="8" c="4 3" t="1"/>
		<b id="9" c="3 27" t="1"/>
		<b id="10" c="3 31" t="1"/>
		<b id="11" c="3 2" t="1"/>
		<b id="12" c="23 24" t="1"/>
		<b id="13" c="23 25" t="1"/>
		<b id="14" c="23 26" t="1"/>
		<b id="15" c="20 21" t="1"/>
		<b id="16" c="20 22" t="1"/>
		<b id="17" c="17 18" t="1"/>
		<b id="18" c="17 19" t="1"/>
		<b id="19" c="14 15" t="1"/>
		<b id="20" c="14 16" t="1"/>
		<b id="21" c="11 12" t="1"/>
		<b id="22" c="11 13" t="1"/>
		<b id="23" c="7 8" t="1"/>
		<b id="24" c="7 9" t="1"/>
		<b id="25" c="7 10" t="1"/>
		<b id="26" c="4 5" t="1"/>
		<b id="27" c="27 28" t="1"/>
		<b id="28" c="27 29" t="1"/>
		<b id="29" c="27 30" t="1"/>
		<b id="30" c="31 32" t="1"/>
		<b id="31" c="31 33" t="1"/>
		<b id="32" c="31 34" t="1"/>
		<b id="33" c="2 1" t="1"/>
	</bonds>
	<geometry>
		<g u="A" t="cart/3d">#34,3:-3.5952,0.4284,-1.7805;-2.7420,0.5075,-1.3239;-2.8898,-0.0531,-0.0236;-1.6019,0.0549,0.7684;-1.6009,-0.5757,1.6589;-0.4855,0.7820,0.5435;-0.3329,1.7576,-0.5918;-0.1269,1.2330,-1.5295;-1.2272,2.3777,-0.7089;0.4947,2.4519,-0.4112;0.6843,0.6896,1.5050;1.1558,1.6735,1.6205;0.3081,0.4379,2.5060;1.7373,-0.3587,1.1249;2.4449,-0.4424,1.9596;1.2614,-1.3418,1.0192;2.5144,-0.0258,-0.1505;2.9310,0.9858,-0.0758;1.8415,-0.0406,-1.0143;3.6451,-1.0284,-0.3871;3.2343,-2.0420,-0.4614;4.3358,-1.0194,0.4641;4.4165,-0.7079,-1.6575;4.8667,0.2884,-1.6023;3.7609,-0.7410,-2.5335;5.2199,-1.4360,-1.8069;-3.2641,-1.5283,-0.2031;-2.4825,-2.0657,-0.7535;-3.4184,-2.0323,0.7573;-4.1823,-1.6298,-0.7936;-4.0069,0.6980,0.7039;-4.1777,0.3021,1.7109;-4.9485,0.6352,0.1460;-3.7699,1.7654,0.7881;</g>
	</geometry>
	<conformers/>
	<properties/>
</molecule>
