<?xml version="1.0" ?>
<!--MOLLI PACKAGE EXPERIMENTAL XML FORMAT-->
<molecule name="react_286">
	<atoms>
		<a id="1" s="H" t="H" l="H"/>
		<a id="2" s="C" t="C.2" l="C"/>
		<a id="3" s="C" t="C.2" l="C"/>
		<a id="4" s="C" t="C.3" l="C"/>
		<a id="5" s="H" t="H" l="H"/>
		<a id="6" s="H" t="H" l="H"/>
		<a id="7" s="C" t="C.3" l="C"/>
		<a id="8" s="H" t="H" l="H"/>
		<a id="9" s="H" t="H" l="H"/>
		<a id="10" s="C" t="C.3" l="C"/>
		<a id="11" s="H" t="H" l="H"/>
		<a id="12" s="H" t="H" l="H"/>
		<a id="13" s="C" t="C.3" l="C"/>
		<a id="14" s="H" t="H" l="H"/>
		<a id="15" s="H" t="H" l="H"/>
		<a id="16" s="C" t="C.3" l="C"/>
		<a id="17" s="H" t="H" l="H"/>
		<a id="18" s="H" t="H" l="H"/>
		<a id="19" s="C" t="C.3" l="C"/>
		<a id="20" s="H" t="H" l="H"/>
		<a id="21" s="H" t="H" l="H"/>
		<a id="22" s="C" t="C.3" l="C"/>
		<a id="23" s="H" t="H" l="H"/>
		<a id="24" s="H" t="H" l="H"/>
		<a id="25" s="C" t="C.3" l="C"/>
		<a id="26" s="H" t="H" l="H"/>
		<a id="27" s="H" t="H" l="H"/>
		<a id="28" s="C" t="C.3" l="C"/>
		<a id="29" s="H" t="H" l="H"/>
		<a id="30" s="H" t="H" l="H"/>
		<a id="31" s="C" t="C.3" l="C"/>
		<a id="32" s="H" t="H" l="H"/>
		<a id="33" s="H" t="H" l="H"/>
		<a id="34" s="H" t="H" l="H"/>
	</atoms>
	<bonds>
		<b id="1" c="31 28" t="1"/>
		<b id="2" c="28 25" t="1"/>
		<b id="3" c="25 22" t="1"/>
		<b id="4" c="22 19" t="1"/>
		<b id="5" c="19 16" t="1"/>
		<b id="6" c="16 13" t="1"/>
		<b id="7" c="13 10" t="1"/>
		<b id="8" c="10 2" t="1"/>
		<b id="9" c="2 3" t="2"/>
		<b id="10" c="3 4" t="1"/>
		<b id="11" c="4 7" t="1"/>
		<b id="12" c="7 3" t="1"/>
		<b id="13" c="31 32" t="1"/>
		<b id="14" c="31 33" t="1"/>
		<b id="15" c="31 34" t="1"/>
		<b id="16" c="28 29" t="1"/>
		<b id="17" c="28 30" t="1"/>
		<b id="18" c="25 26" t="1"/>
		<b id="19" c="25 27" t="1"/>
		<b id="20" c="22 23" t="1"/>
		<b id="21" c="22 24" t="1"/>
		<b id="22" c="19 20" t="1"/>
		<b id="23" c="19 21" t="1"/>
		<b id="24" c="16 17" t="1"/>
		<b id="25" c="16 18" t="1"/>
		<b id="26" c="13 14" t="1"/>
		<b id="27" c="13 15" t="1"/>
		<b id="28" c="10 11" t="1"/>
		<b id="29" c="10 12" t="1"/>
		<b id="30" c="2 1" t="1"/>
		<b id="31" c="4 5" t="1"/>
		<b id="32" c="4 6" t="1"/>
		<b id="33" c="7 8" t="1"/>
		<b id="34" c="7 9" t="1"/>
	</bonds>
	<geometry>
		<g u="A" t="cart/3d">#34,3:3.9807,-1.6996,0.2006;3.3023,-1.0505,-0.3470;3.4745,-0.8956,-1.6425;4.2448,-1.2494,-2.7667;4.1193,-2.2502,-3.1553;5.2362,-0.8246,-2.8388;3.0185,-0.2764,-2.8221;3.2109,0.7820,-2.9286;2.0937,-0.6436,-3.2444;2.2195,-0.3701,0.4382;1.6786,0.3376,-0.2003;2.6863,0.2147,1.2397;1.2480,-1.3895,1.0368;0.7647,-1.9624,0.2363;1.8104,-2.1199,1.6335;0.1861,-0.7604,1.9446;0.6867,-0.3006,2.8060;-0.4426,-1.5639,2.3485;-0.7173,0.2936,1.2944;-1.4045,0.6559,2.0675;-0.1214,1.1591,0.9833;-1.5188,-0.2407,0.1049;-0.8301,-0.5970,-0.6695;-2.1190,-1.1033,0.4183;-2.4274,0.8127,-0.5376;-2.8420,0.3870,-1.4600;-1.8295,1.6833,-0.8337;-3.5790,1.2575,0.3648;-4.1470,0.3834,0.7031;-3.1929,1.7618,1.2568;-4.5163,2.2099,-0.3624;-4.9581,1.7309,-1.2419;-5.3307,2.5195,0.3002;-3.9846,3.1088,-0.6905;</g>
	</geometry>
	<conformers/>
	<properties/>
</molecule>
