<?xml version="1.0" ?>
<!--MOLLI PACKAGE EXPERIMENTAL XML FORMAT-->
<molecule name="react_292">
	<atoms>
		<a id="1" s="H" t="H" l="H"/>
		<a id="2" s="C" t="C.3" l="C"/>
		<a id="3" s="H" t="H" l="H"/>
		<a id="4" s="H" t="H" l="H"/>
		<a id="5" s="C" t="C.2" l="C"/>
		<a id="6" s="C" t="C.2" l="C"/>
		<a id="7" s="C" t="C.3" l="C"/>
		<a id="8" s="H" t="H" l="H"/>
		<a id="9" s="H" t="H" l="H"/>
		<a id="10" s="H" t="H" l="H"/>
		<a id="11" s="C" t="C.3" l="C"/>
		<a id="12" s="H" t="H" l="H"/>
		<a id="13" s="H" t="H" l="H"/>
		<a id="14" s="C" t="C.3" l="C"/>
		<a id="15" s="H" t="H" l="H"/>
		<a id="16" s="H" t="H" l="H"/>
		<a id="17" s="C" t="C.3" l="C"/>
		<a id="18" s="H" t="H" l="H"/>
		<a id="19" s="H" t="H" l="H"/>
		<a id="20" s="C" t="C.3" l="C"/>
		<a id="21" s="H" t="H" l="H"/>
		<a id="22" s="H" t="H" l="H"/>
		<a id="23" s="C" t="C.3" l="C"/>
		<a id="24" s="H" t="H" l="H"/>
		<a id="25" s="H" t="H" l="H"/>
		<a id="26" s="H" t="H" l="H"/>
		<a id="27" s="C" t="C.3" l="C"/>
		<a id="28" s="H" t="H" l="H"/>
		<a id="29" s="H" t="H" l="H"/>
		<a id="30" s="H" t="H" l="H"/>
	</atoms>
	<bonds>
		<b id="1" c="23 20" t="1"/>
		<b id="2" c="20 17" t="1"/>
		<b id="3" c="17 14" t="1"/>
		<b id="4" c="14 11" t="1"/>
		<b id="5" c="11 6" t="1"/>
		<b id="6" c="6 7" t="1"/>
		<b id="7" c="6 5" t="2"/>
		<b id="8" c="5 2" t="1"/>
		<b id="9" c="5 27" t="1"/>
		<b id="10" c="23 24" t="1"/>
		<b id="11" c="23 25" t="1"/>
		<b id="12" c="23 26" t="1"/>
		<b id="13" c="20 21" t="1"/>
		<b id="14" c="20 22" t="1"/>
		<b id="15" c="17 18" t="1"/>
		<b id="16" c="17 19" t="1"/>
		<b id="17" c="14 15" t="1"/>
		<b id="18" c="14 16" t="1"/>
		<b id="19" c="11 12" t="1"/>
		<b id="20" c="11 13" t="1"/>
		<b id="21" c="7 8" t="1"/>
		<b id="22" c="7 9" t="1"/>
		<b id="23" c="7 10" t="1"/>
		<b id="24" c="2 1" t="1"/>
		<b id="25" c="2 3" t="1"/>
		<b id="26" c="2 4" t="1"/>
		<b id="27" c="27 28" t="1"/>
		<b id="28" c="27 29" t="1"/>
		<b id="29" c="27 30" t="1"/>
	</bonds>
	<geometry>
		<g u="A" t="cart/3d">#30,3:-3.9561,-1.4758,0.6718;-3.4443,-0.5335,0.4522;-3.3295,0.0271,1.3827;-4.0998,0.0723,-0.1837;-2.1366,-0.8058,-0.2549;-0.9207,-0.7217,0.3426;-0.7408,-0.4379,1.8171;0.0390,-1.0807,2.2404;-1.6373,-0.6390,2.4084;-0.4503,0.6047,1.9739;0.3910,-0.9563,-0.3939;1.1768,-1.2479,0.3131;0.2895,-1.8334,-1.0451;0.8698,0.2334,-1.2373;0.0976,0.4952,-1.9713;1.7382,-0.0861,-1.8256;1.2279,1.5023,-0.4561;1.5202,2.2754,-1.1784;0.3334,1.8870,0.0472;2.3490,1.3515,0.5753;2.0578,0.6479,1.3617;2.4946,2.3208,1.0674;3.6748,0.9137,-0.0273;3.9809,1.5858,-0.8352;3.6177,-0.1038,-0.4248;4.4573,0.9262,0.7382;-2.3469,-1.1609,-1.7089;-2.8216,-0.3252,-2.2342;-3.0029,-2.0347,-1.7876;-1.4287,-1.4007,-2.2480;</g>
	</geometry>
	<conformers/>
	<properties/>
</molecule>
