<?xml version="1.0" ?>
<!--MOLLI PACKAGE EXPERIMENTAL XML FORMAT-->
<molecule name="react_311">
	<atoms>
		<a id="1" s="H" t="H" l="H"/>
		<a id="2" s="C" t="C.2" l="C"/>
		<a id="3" s="H" t="H" l="H"/>
		<a id="4" s="C" t="C.2" l="C"/>
		<a id="5" s="H" t="H" l="H"/>
		<a id="6" s="C" t="C.3" l="C"/>
		<a id="7" s="H" t="H" l="H"/>
		<a id="8" s="H" t="H" l="H"/>
		<a id="9" s="C" t="C.3" l="C"/>
		<a id="10" s="H" t="H" l="H"/>
		<a id="11" s="H" t="H" l="H"/>
		<a id="12" s="C" t="C.3" l="C"/>
		<a id="13" s="H" t="H" l="H"/>
		<a id="14" s="H" t="H" l="H"/>
		<a id="15" s="C" t="C.3" l="C"/>
		<a id="16" s="H" t="H" l="H"/>
		<a id="17" s="H" t="H" l="H"/>
		<a id="18" s="H" t="H" l="H"/>
	</atoms>
	<bonds>
		<b id="1" c="2 4" t="2"/>
		<b id="2" c="4 6" t="1"/>
		<b id="3" c="6 9" t="1"/>
		<b id="4" c="9 12" t="1"/>
		<b id="5" c="12 15" t="1"/>
		<b id="6" c="2 1" t="1"/>
		<b id="7" c="2 3" t="1"/>
		<b id="8" c="4 5" t="1"/>
		<b id="9" c="6 7" t="1"/>
		<b id="10" c="6 8" t="1"/>
		<b id="11" c="9 10" t="1"/>
		<b id="12" c="9 11" t="1"/>
		<b id="13" c="12 13" t="1"/>
		<b id="14" c="12 14" t="1"/>
		<b id="15" c="15 16" t="1"/>
		<b id="16" c="15 17" t="1"/>
		<b id="17" c="15 18" t="1"/>
	</bonds>
	<geometry>
		<g u="A" t="cart/3d">#18,3:2.4252,1.8268,-0.9540;2.8605,0.9735,-0.4433;3.9114,1.0316,-0.1767;2.1383,-0.1143,-0.1472;2.6221,-0.9457,0.3618;0.6835,-0.2783,-0.4858;0.3336,0.5776,-1.0739;0.5736,-1.1675,-1.1178;-0.1648,-0.4320,0.7791;0.2307,-1.2585,1.3837;-0.0835,0.4726,1.3950;-1.6394,-0.7206,0.4875;-2.1458,-0.9304,1.4373;-1.7288,-1.6251,-0.1253;-2.3598,0.4296,-0.1989;-3.4269,0.2028,-0.2902;-2.2585,1.3558,0.3755;-1.9716,0.6023,-1.2068;</g>
	</geometry>
	<conformers/>
	<properties/>
</molecule>
