<?xml version="1.0" ?>
<!--MOLLI PACKAGE EXPERIMENTAL XML FORMAT-->
<molecule name="react_314">
	<atoms>
		<a id="1" s="H" t="H" l="H"/>
		<a id="2" s="C" t="C.2" l="C"/>
		<a id="3" s="H" t="H" l="H"/>
		<a id="4" s="C" t="C.2" l="C"/>
		<a id="5" s="C" t="C.3" l="C"/>
		<a id="6" s="H" t="H" l="H"/>
		<a id="7" s="H" t="H" l="H"/>
		<a id="8" s="H" t="H" l="H"/>
		<a id="9" s="C" t="C.3" l="C"/>
		<a id="10" s="H" t="H" l="H"/>
		<a id="11" s="C" t="C.3" l="C"/>
		<a id="12" s="H" t="H" l="H"/>
		<a id="13" s="H" t="H" l="H"/>
		<a id="14" s="C" t="C.3" l="C"/>
		<a id="15" s="H" t="H" l="H"/>
		<a id="16" s="H" t="H" l="H"/>
		<a id="17" s="C" t="C.3" l="C"/>
		<a id="18" s="H" t="H" l="H"/>
		<a id="19" s="H" t="H" l="H"/>
		<a id="20" s="C" t="C.3" l="C"/>
		<a id="21" s="H" t="H" l="H"/>
		<a id="22" s="H" t="H" l="H"/>
		<a id="23" s="C" t="C.3" l="C"/>
		<a id="24" s="H" t="H" l="H"/>
		<a id="25" s="H" t="H" l="H"/>
	</atoms>
	<bonds>
		<b id="1" c="2 4" t="2"/>
		<b id="2" c="4 5" t="1"/>
		<b id="3" c="4 9" t="1"/>
		<b id="4" c="9 11" t="1"/>
		<b id="5" c="11 14" t="1"/>
		<b id="6" c="14 17" t="1"/>
		<b id="7" c="17 20" t="1"/>
		<b id="8" c="20 23" t="1"/>
		<b id="9" c="23 9" t="1"/>
		<b id="10" c="2 1" t="1"/>
		<b id="11" c="2 3" t="1"/>
		<b id="12" c="5 6" t="1"/>
		<b id="13" c="5 7" t="1"/>
		<b id="14" c="5 8" t="1"/>
		<b id="15" c="9 10" t="1"/>
		<b id="16" c="11 12" t="1"/>
		<b id="17" c="11 13" t="1"/>
		<b id="18" c="14 15" t="1"/>
		<b id="19" c="14 16" t="1"/>
		<b id="20" c="17 18" t="1"/>
		<b id="21" c="17 19" t="1"/>
		<b id="22" c="20 21" t="1"/>
		<b id="23" c="20 22" t="1"/>
		<b id="24" c="23 24" t="1"/>
		<b id="25" c="23 25" t="1"/>
	</bonds>
	<geometry>
		<g u="A" t="cart/3d">#25,3:-1.0788,-0.4591,2.6635;-1.9016,-0.2326,1.9948;-2.8760,-0.1208,2.4623;-1.7417,-0.0874,0.6677;-2.9365,0.2195,-0.2016;-3.0477,-0.5445,-0.9779;-3.8695,0.2414,0.3720;-2.8258,1.1949,-0.6843;-0.4139,-0.2429,-0.0725;-0.6258,-0.8287,-0.9790;0.1360,1.1281,-0.5114;-0.5987,1.6620,-1.1250;0.3235,1.7536,0.3713;1.4285,0.9938,-1.3164;1.8194,1.9901,-1.5522;1.2099,0.5032,-2.2731;2.4874,0.1928,-0.5676;2.8178,0.7582,0.3124;3.3665,0.0543,-1.2069;1.9526,-1.1654,-0.1273;1.7516,-1.7857,-1.0093;2.7144,-1.6866,0.4635;0.6749,-1.0192,0.6975;0.9266,-0.5025,1.6323;0.3068,-2.0167,0.9670;</g>
	</geometry>
	<conformers/>
	<properties/>
</molecule>
