<?xml version="1.0" ?>
<!--MOLLI PACKAGE EXPERIMENTAL XML FORMAT-->
<molecule name="react_315">
	<atoms>
		<a id="1" s="H" t="H" l="H"/>
		<a id="2" s="C" t="C.2" l="C"/>
		<a id="3" s="H" t="H" l="H"/>
		<a id="4" s="C" t="C.2" l="C"/>
		<a id="5" s="C" t="C.3" l="C"/>
		<a id="6" s="H" t="H" l="H"/>
		<a id="7" s="H" t="H" l="H"/>
		<a id="8" s="H" t="H" l="H"/>
		<a id="9" s="C" t="C.3" l="C"/>
		<a id="10" s="H" t="H" l="H"/>
		<a id="11" s="H" t="H" l="H"/>
		<a id="12" s="C" t="C.3" l="C"/>
		<a id="13" s="H" t="H" l="H"/>
		<a id="14" s="C" t="C.3" l="C"/>
		<a id="15" s="H" t="H" l="H"/>
		<a id="16" s="H" t="H" l="H"/>
		<a id="17" s="H" t="H" l="H"/>
		<a id="18" s="C" t="C.3" l="C"/>
		<a id="19" s="H" t="H" l="H"/>
		<a id="20" s="H" t="H" l="H"/>
		<a id="21" s="H" t="H" l="H"/>
	</atoms>
	<bonds>
		<b id="1" c="2 4" t="2"/>
		<b id="2" c="4 5" t="1"/>
		<b id="3" c="4 9" t="1"/>
		<b id="4" c="9 12" t="1"/>
		<b id="5" c="12 14" t="1"/>
		<b id="6" c="12 18" t="1"/>
		<b id="7" c="2 1" t="1"/>
		<b id="8" c="2 3" t="1"/>
		<b id="9" c="5 6" t="1"/>
		<b id="10" c="5 7" t="1"/>
		<b id="11" c="5 8" t="1"/>
		<b id="12" c="9 10" t="1"/>
		<b id="13" c="9 11" t="1"/>
		<b id="14" c="12 13" t="1"/>
		<b id="15" c="14 15" t="1"/>
		<b id="16" c="14 16" t="1"/>
		<b id="17" c="14 17" t="1"/>
		<b id="18" c="18 19" t="1"/>
		<b id="19" c="18 20" t="1"/>
		<b id="20" c="18 21" t="1"/>
	</bonds>
	<geometry>
		<g u="A" t="cart/3d">#21,3:2.8970,-1.0228,-1.0303;1.9127,-0.5753,-0.9250;1.3460,-0.4521,-1.8412;1.4433,-0.1934,0.2744;2.2884,-0.3642,1.5105;2.4589,0.6054,1.9897;1.7856,-1.0234,2.2257;3.2674,-0.8013,1.2870;0.0907,0.4498,0.5244;0.2824,1.5019,0.7755;-0.3417,-0.0059,1.4260;-0.9764,0.3945,-0.5912;-0.5513,0.7721,-1.5287;-2.1534,1.3059,-0.2263;-2.9131,1.2950,-1.0152;-1.8193,2.3413,-0.1012;-2.6294,0.9876,0.7075;-1.4931,-1.0292,-0.8191;-0.6943,-1.7079,-1.1304;-1.9438,-1.4371,0.0923;-2.2565,-1.0408,-1.6046;</g>
	</geometry>
	<conformers/>
	<properties/>
</molecule>
