<?xml version="1.0" ?>
<!--MOLLI PACKAGE EXPERIMENTAL XML FORMAT-->
<molecule name="react_317">
	<atoms>
		<a id="1" s="H" t="H" l="H"/>
		<a id="2" s="C" t="C.2" l="C"/>
		<a id="3" s="C" t="C.2" l="C"/>
		<a id="4" s="H" t="H" l="H"/>
		<a id="5" s="C" t="C.3" l="C"/>
		<a id="6" s="H" t="H" l="H"/>
		<a id="7" s="H" t="H" l="H"/>
		<a id="8" s="H" t="H" l="H"/>
		<a id="9" s="C" t="C.3" l="C"/>
		<a id="10" s="H" t="H" l="H"/>
		<a id="11" s="H" t="H" l="H"/>
		<a id="12" s="H" t="H" l="H"/>
	</atoms>
	<bonds>
		<b id="1" c="9 2" t="1"/>
		<b id="2" c="2 3" t="2"/>
		<b id="3" c="3 5" t="1"/>
		<b id="4" c="9 10" t="1"/>
		<b id="5" c="9 11" t="1"/>
		<b id="6" c="9 12" t="1"/>
		<b id="7" c="2 1" t="1"/>
		<b id="8" c="3 4" t="1"/>
		<b id="9" c="5 6" t="1"/>
		<b id="10" c="5 7" t="1"/>
		<b id="11" c="5 8" t="1"/>
	</bonds>
	<geometry>
		<g u="A" t="cart/3d">#12,3:-0.2019,-0.8699,-1.3144;-0.4781,-0.2706,-0.4494;0.4781,0.2706,0.3206;0.2019,0.8699,1.1856;1.9423,0.1073,0.0720;2.4063,1.0870,-0.0772;2.1466,-0.5055,-0.8117;2.4156,-0.3701,0.9354;-1.9423,-0.1073,-0.2008;-2.1466,0.5055,0.6829;-2.4063,-1.0870,-0.0516;-2.4156,0.3701,-1.0642;</g>
	</geometry>
	<conformers/>
	<properties/>
</molecule>
