<?xml version="1.0" ?>
<!--MOLLI PACKAGE EXPERIMENTAL XML FORMAT-->
<molecule name="react_318">
	<atoms>
		<a id="1" s="H" t="H" l="H"/>
		<a id="2" s="C" t="C.2" l="C"/>
		<a id="3" s="C" t="C.2" l="C"/>
		<a id="4" s="H" t="H" l="H"/>
		<a id="5" s="C" t="C.3" l="C"/>
		<a id="6" s="C" t="C.3" l="C"/>
		<a id="7" s="H" t="H" l="H"/>
		<a id="8" s="H" t="H" l="H"/>
		<a id="9" s="H" t="H" l="H"/>
		<a id="10" s="C" t="C.3" l="C"/>
		<a id="11" s="H" t="H" l="H"/>
		<a id="12" s="H" t="H" l="H"/>
		<a id="13" s="H" t="H" l="H"/>
		<a id="14" s="C" t="C.3" l="C"/>
		<a id="15" s="H" t="H" l="H"/>
		<a id="16" s="H" t="H" l="H"/>
		<a id="17" s="H" t="H" l="H"/>
		<a id="18" s="C" t="C.3" l="C"/>
		<a id="19" s="H" t="H" l="H"/>
		<a id="20" s="H" t="H" l="H"/>
		<a id="21" s="H" t="H" l="H"/>
	</atoms>
	<bonds>
		<b id="1" c="18 2" t="1"/>
		<b id="2" c="2 3" t="2"/>
		<b id="3" c="3 5" t="1"/>
		<b id="4" c="5 6" t="1"/>
		<b id="5" c="5 10" t="1"/>
		<b id="6" c="5 14" t="1"/>
		<b id="7" c="18 19" t="1"/>
		<b id="8" c="18 20" t="1"/>
		<b id="9" c="18 21" t="1"/>
		<b id="10" c="2 1" t="1"/>
		<b id="11" c="3 4" t="1"/>
		<b id="12" c="6 7" t="1"/>
		<b id="13" c="6 8" t="1"/>
		<b id="14" c="6 9" t="1"/>
		<b id="15" c="10 11" t="1"/>
		<b id="16" c="10 12" t="1"/>
		<b id="17" c="10 13" t="1"/>
		<b id="18" c="14 15" t="1"/>
		<b id="19" c="14 16" t="1"/>
		<b id="20" c="14 17" t="1"/>
	</bonds>
	<geometry>
		<g u="A" t="cart/3d">#21,3:1.4493,0.5439,-1.5849;1.6659,0.1357,-0.6016;0.6735,-0.1688,0.2510;0.9490,-0.5758,1.2253;-0.8255,-0.0148,0.0261;-1.4794,-1.4004,0.1717;-1.2785,-1.8394,1.1562;-1.1035,-2.0986,-0.5856;-2.5676,-1.3389,0.0557;-1.3822,0.9209,1.1139;-2.4683,1.0357,1.0195;-1.1791,0.5349,2.1200;-0.9353,1.9198,1.0455;-1.2012,0.5603,-1.3520;-2.2890,0.6487,-1.4577;-0.7780,1.5607,-1.4993;-0.8468,-0.0823,-2.1662;3.1162,-0.0517,-0.2893;3.6367,0.9090,-0.3491;3.5679,-0.7340,-1.0160;3.2759,-0.4647,0.7116;</g>
	</geometry>
	<conformers/>
	<properties/>
</molecule>
