<?xml version="1.0" ?>
<!--MOLLI PACKAGE EXPERIMENTAL XML FORMAT-->
<molecule name="react_14">
	<atoms>
		<a id="1" s="H" t="H" l="H"/>
		<a id="2" s="C" t="C.2" l="C"/>
		<a id="3" s="H" t="H" l="H"/>
		<a id="4" s="C" t="C.2" l="C"/>
		<a id="5" s="H" t="H" l="H"/>
		<a id="6" s="C" t="C.3" l="C"/>
		<a id="7" s="H" t="H" l="H"/>
		<a id="8" s="H" t="H" l="H"/>
		<a id="9" s="C" t="C.3" l="C"/>
		<a id="10" s="H" t="H" l="H"/>
		<a id="11" s="H" t="H" l="H"/>
		<a id="12" s="C" t="C.3" l="C"/>
		<a id="13" s="H" t="H" l="H"/>
		<a id="14" s="H" t="H" l="H"/>
		<a id="15" s="C" t="C.3" l="C"/>
		<a id="16" s="H" t="H" l="H"/>
		<a id="17" s="H" t="H" l="H"/>
		<a id="18" s="C" t="C.3" l="C"/>
		<a id="19" s="H" t="H" l="H"/>
		<a id="20" s="H" t="H" l="H"/>
		<a id="21" s="C" t="C.3" l="C"/>
		<a id="22" s="H" t="H" l="H"/>
		<a id="23" s="H" t="H" l="H"/>
		<a id="24" s="C" t="C.3" l="C"/>
		<a id="25" s="H" t="H" l="H"/>
		<a id="26" s="H" t="H" l="H"/>
		<a id="27" s="C" t="C.3" l="C"/>
		<a id="28" s="H" t="H" l="H"/>
		<a id="29" s="H" t="H" l="H"/>
		<a id="30" s="H" t="H" l="H"/>
	</atoms>
	<bonds>
		<b id="1" c="2 4" t="2"/>
		<b id="2" c="4 6" t="1"/>
		<b id="3" c="6 9" t="1"/>
		<b id="4" c="9 12" t="1"/>
		<b id="5" c="12 15" t="1"/>
		<b id="6" c="15 18" t="1"/>
		<b id="7" c="18 21" t="1"/>
		<b id="8" c="21 24" t="1"/>
		<b id="9" c="24 27" t="1"/>
		<b id="10" c="2 1" t="1"/>
		<b id="11" c="2 3" t="1"/>
		<b id="12" c="4 5" t="1"/>
		<b id="13" c="6 7" t="1"/>
		<b id="14" c="6 8" t="1"/>
		<b id="15" c="9 10" t="1"/>
		<b id="16" c="9 11" t="1"/>
		<b id="17" c="12 13" t="1"/>
		<b id="18" c="12 14" t="1"/>
		<b id="19" c="15 16" t="1"/>
		<b id="20" c="15 17" t="1"/>
		<b id="21" c="18 19" t="1"/>
		<b id="22" c="18 20" t="1"/>
		<b id="23" c="21 22" t="1"/>
		<b id="24" c="21 23" t="1"/>
		<b id="25" c="24 25" t="1"/>
		<b id="26" c="24 26" t="1"/>
		<b id="27" c="27 28" t="1"/>
		<b id="28" c="27 29" t="1"/>
		<b id="29" c="27 30" t="1"/>
	</bonds>
	<geometry>
		<g u="A" t="cart/3d">#30,3:4.0448,0.3435,2.5759;4.3672,0.8291,1.6601;5.0676,1.6538,1.7498;3.9236,0.4352,0.4598;4.2797,0.9514,-0.4296;2.9611,-0.6980,0.2483;3.4408,-1.4439,-0.3967;2.7356,-1.1968,1.1989;1.6618,-0.2106,-0.3977;1.8821,0.2709,-1.3588;1.2021,0.5484,0.2464;0.6862,-1.3688,-0.6184;1.1869,-2.1521,-1.2016;0.4254,-1.8245,0.3436;-0.5851,-0.9624,-1.3701;-0.3063,-0.6236,-2.3759;-1.2054,-1.8568,-1.5089;-1.4347,0.1312,-0.7130;-2.2858,0.3263,-1.3755;-0.8668,1.0668,-0.6585;-1.9460,-0.2490,0.6787;-2.5159,-1.1842,0.6223;-1.0949,-0.4346,1.3436;-2.8073,0.8395,1.3249;-3.0180,0.5446,2.3599;-2.2470,1.7806,1.3719;-4.1311,1.0722,0.6133;-3.9825,1.4897,-0.3866;-4.6966,0.1397,0.5197;-4.7416,1.7827,1.1800;</g>
	</geometry>
	<conformers/>
	<properties/>
</molecule>
