<?xml version="1.0" ?>
<!--MOLLI PACKAGE EXPERIMENTAL XML FORMAT-->
<molecule name="react_320">
	<atoms>
		<a id="1" s="H" t="H" l="H"/>
		<a id="2" s="C" t="C.2" l="C"/>
		<a id="3" s="C" t="C.2" l="C"/>
		<a id="4" s="H" t="H" l="H"/>
		<a id="5" s="C" t="C.3" l="C"/>
		<a id="6" s="H" t="H" l="H"/>
		<a id="7" s="H" t="H" l="H"/>
		<a id="8" s="Cl" t="Cl" l="CL"/>
		<a id="9" s="C" t="C.3" l="C"/>
		<a id="10" s="H" t="H" l="H"/>
		<a id="11" s="H" t="H" l="H"/>
		<a id="12" s="H" t="H" l="H"/>
	</atoms>
	<bonds>
		<b id="1" c="9 2" t="1"/>
		<b id="2" c="2 3" t="2"/>
		<b id="3" c="3 5" t="1"/>
		<b id="4" c="5 8" t="1"/>
		<b id="5" c="9 10" t="1"/>
		<b id="6" c="9 11" t="1"/>
		<b id="7" c="9 12" t="1"/>
		<b id="8" c="2 1" t="1"/>
		<b id="9" c="3 4" t="1"/>
		<b id="10" c="5 6" t="1"/>
		<b id="11" c="5 7" t="1"/>
	</bonds>
	<geometry>
		<g u="A" t="cart/3d">#12,3:-0.3775,-1.5092,0.1950;-0.5490,-0.4406,0.0826;0.4936,0.4017,-0.0015;0.3138,1.4690,-0.1151;1.9274,-0.0199,0.0588;2.4354,0.4856,0.8851;2.0385,-1.1003,0.1909;2.7456,0.4322,-1.4506;-1.9778,-0.0068,0.0214;-2.4951,-0.2985,0.9405;-2.0772,1.0768,-0.0972;-2.4777,-0.4901,-0.8235;</g>
	</geometry>
	<conformers/>
	<properties/>
</molecule>
