<?xml version="1.0" ?>
<!--MOLLI PACKAGE EXPERIMENTAL XML FORMAT-->
<molecule name="react_321">
	<atoms>
		<a id="1" s="H" t="H" l="H"/>
		<a id="2" s="C" t="C.2" l="C"/>
		<a id="3" s="C" t="C.2" l="C"/>
		<a id="4" s="H" t="H" l="H"/>
		<a id="5" s="C" t="C.3" l="C"/>
		<a id="6" s="H" t="H" l="H"/>
		<a id="7" s="H" t="H" l="H"/>
		<a id="8" s="Cl" t="Cl" l="CL"/>
		<a id="9" s="C" t="C.3" l="C"/>
		<a id="10" s="H" t="H" l="H"/>
		<a id="11" s="H" t="H" l="H"/>
		<a id="12" s="Cl" t="Cl" l="CL"/>
	</atoms>
	<bonds>
		<b id="1" c="12 9" t="1"/>
		<b id="2" c="9 2" t="1"/>
		<b id="3" c="2 3" t="2"/>
		<b id="4" c="3 5" t="1"/>
		<b id="5" c="5 8" t="1"/>
		<b id="6" c="9 10" t="1"/>
		<b id="7" c="9 11" t="1"/>
		<b id="8" c="2 1" t="1"/>
		<b id="9" c="3 4" t="1"/>
		<b id="10" c="5 6" t="1"/>
		<b id="11" c="5 7" t="1"/>
	</bonds>
	<geometry>
		<g u="A" t="cart/3d">#12,3:-0.1085,-1.3338,1.2129;-0.4586,-0.4341,0.7077;0.4626,0.4293,0.2432;0.1577,1.3357,-0.2755;1.9407,0.2467,0.3904;2.1936,-0.6350,0.9866;2.3849,1.1256,0.8665;2.6781,0.0506,-1.2119;-1.9554,-0.3460,0.6201;-2.3829,-0.4831,1.6180;-2.3335,-1.1465,-0.0229;-2.5789,1.1905,-0.0036;</g>
	</geometry>
	<conformers/>
	<properties/>
</molecule>
