<?xml version="1.0" ?>
<!--MOLLI PACKAGE EXPERIMENTAL XML FORMAT-->
<molecule name="react_323">
	<atoms>
		<a id="1" s="H" t="H" l="H"/>
		<a id="2" s="C" t="C.2" l="C"/>
		<a id="3" s="C" t="C.2" l="C"/>
		<a id="4" s="H" t="H" l="H"/>
		<a id="5" s="C" t="C.3" l="C"/>
		<a id="6" s="H" t="H" l="H"/>
		<a id="7" s="H" t="H" l="H"/>
		<a id="8" s="C" t="C.3" l="C"/>
		<a id="9" s="H" t="H" l="H"/>
		<a id="10" s="H" t="H" l="H"/>
		<a id="11" s="C" t="C.3" l="C"/>
		<a id="12" s="H" t="H" l="H"/>
		<a id="13" s="H" t="H" l="H"/>
		<a id="14" s="C" t="C.3" l="C"/>
		<a id="15" s="H" t="H" l="H"/>
		<a id="16" s="H" t="H" l="H"/>
		<a id="17" s="H" t="H" l="H"/>
		<a id="18" s="C" t="C.3" l="C"/>
		<a id="19" s="H" t="H" l="H"/>
		<a id="20" s="H" t="H" l="H"/>
		<a id="21" s="Cl" t="Cl" l="CL"/>
	</atoms>
	<bonds>
		<b id="1" c="14 11" t="1"/>
		<b id="2" c="11 8" t="1"/>
		<b id="3" c="8 5" t="1"/>
		<b id="4" c="5 3" t="1"/>
		<b id="5" c="3 2" t="2"/>
		<b id="6" c="2 18" t="1"/>
		<b id="7" c="18 21" t="1"/>
		<b id="8" c="14 15" t="1"/>
		<b id="9" c="14 16" t="1"/>
		<b id="10" c="14 17" t="1"/>
		<b id="11" c="11 12" t="1"/>
		<b id="12" c="11 13" t="1"/>
		<b id="13" c="8 9" t="1"/>
		<b id="14" c="8 10" t="1"/>
		<b id="15" c="5 6" t="1"/>
		<b id="16" c="5 7" t="1"/>
		<b id="17" c="3 4" t="1"/>
		<b id="18" c="2 1" t="1"/>
		<b id="19" c="18 19" t="1"/>
		<b id="20" c="18 20" t="1"/>
	</bonds>
	<geometry>
		<g u="A" t="cart/3d">#21,3:2.3711,-0.2443,1.2871;2.4153,0.2539,0.3193;1.2533,0.5771,-0.2742;1.2454,1.0798,-1.2392;-0.0986,0.2968,0.3231;0.0016,-0.1289,1.3287;-0.6239,1.2523,0.4309;-0.9052,-0.6566,-0.5620;-1.0665,-0.2049,-1.5492;-0.3253,-1.5737,-0.7286;-2.2541,-1.0498,0.0450;-2.1010,-1.5117,1.0273;-2.7135,-1.8124,-0.5953;-3.2223,0.1154,0.1787;-2.8647,0.8532,0.9027;-4.1962,-0.2440,0.5263;-3.3699,0.6163,-0.7832;3.8170,0.4822,-0.1678;4.3362,-0.4782,-0.2418;4.3560,1.1032,0.5542;3.9454,1.2744,-1.7476;</g>
	</geometry>
	<conformers/>
	<properties/>
</molecule>
