<?xml version="1.0" ?>
<!--MOLLI PACKAGE EXPERIMENTAL XML FORMAT-->
<molecule name="react_325">
	<atoms>
		<a id="1" s="H" t="H" l="H"/>
		<a id="2" s="C" t="C.2" l="C"/>
		<a id="3" s="C" t="C.2" l="C"/>
		<a id="4" s="C" t="C.3" l="C"/>
		<a id="5" s="H" t="H" l="H"/>
		<a id="6" s="H" t="H" l="H"/>
		<a id="7" s="H" t="H" l="H"/>
		<a id="8" s="C" t="C.3" l="C"/>
		<a id="9" s="H" t="H" l="H"/>
		<a id="10" s="H" t="H" l="H"/>
		<a id="11" s="C" t="C.3" l="C"/>
		<a id="12" s="H" t="H" l="H"/>
		<a id="13" s="H" t="H" l="H"/>
		<a id="14" s="C" t="C.3" l="C"/>
		<a id="15" s="H" t="H" l="H"/>
		<a id="16" s="H" t="H" l="H"/>
		<a id="17" s="C" t="C.3" l="C"/>
		<a id="18" s="H" t="H" l="H"/>
		<a id="19" s="H" t="H" l="H"/>
	</atoms>
	<bonds>
		<b id="1" c="4 3" t="1"/>
		<b id="2" c="3 2" t="2"/>
		<b id="3" c="2 17" t="1"/>
		<b id="4" c="17 14" t="1"/>
		<b id="5" c="14 11" t="1"/>
		<b id="6" c="11 8" t="1"/>
		<b id="7" c="8 3" t="1"/>
		<b id="8" c="4 5" t="1"/>
		<b id="9" c="4 6" t="1"/>
		<b id="10" c="4 7" t="1"/>
		<b id="11" c="2 1" t="1"/>
		<b id="12" c="17 18" t="1"/>
		<b id="13" c="17 19" t="1"/>
		<b id="14" c="14 15" t="1"/>
		<b id="15" c="14 16" t="1"/>
		<b id="16" c="11 12" t="1"/>
		<b id="17" c="11 13" t="1"/>
		<b id="18" c="8 9" t="1"/>
		<b id="19" c="8 10" t="1"/>
	</bonds>
	<geometry>
		<g u="A" t="cart/3d">#19,3:0.8694,-1.2471,1.8330;0.3302,-0.7218,1.0479;1.0052,-0.0333,0.1099;2.5053,0.0184,0.0831;2.9523,-0.5708,0.8906;2.8809,-0.3773,-0.8661;2.8521,1.0511,0.1919;0.2977,0.7330,-0.9820;0.7544,1.7230,-1.0995;0.4406,0.1976,-1.9289;-1.2001,0.9197,-0.7253;-1.6949,1.2399,-1.6491;-1.3493,1.7210,0.0097;-1.8368,-0.3648,-0.2075;-1.7457,-1.1486,-0.9704;-2.9081,-0.2126,-0.0346;-1.1669,-0.8286,1.0862;-1.5338,-0.2305,1.9289;-1.4523,-1.8684,1.2823;</g>
	</geometry>
	<conformers/>
	<properties/>
</molecule>
