<?xml version="1.0" ?>
<!--MOLLI PACKAGE EXPERIMENTAL XML FORMAT-->
<molecule name="react_333">
	<atoms>
		<a id="1" s="H" t="H" l="H"/>
		<a id="2" s="C" t="C.2" l="C"/>
		<a id="3" s="C" t="C.2" l="C"/>
		<a id="4" s="O" t="O.2" l="O"/>
		<a id="5" s="C" t="C.3" l="C"/>
		<a id="6" s="H" t="H" l="H"/>
		<a id="7" s="H" t="H" l="H"/>
		<a id="8" s="H" t="H" l="H"/>
		<a id="9" s="C" t="C.3" l="C"/>
		<a id="10" s="H" t="H" l="H"/>
		<a id="11" s="H" t="H" l="H"/>
		<a id="12" s="C" t="C.3" l="C"/>
		<a id="13" s="H" t="H" l="H"/>
		<a id="14" s="H" t="H" l="H"/>
		<a id="15" s="C" t="C.3" l="C"/>
		<a id="16" s="H" t="H" l="H"/>
		<a id="17" s="H" t="H" l="H"/>
		<a id="18" s="C" t="C.3" l="C"/>
		<a id="19" s="H" t="H" l="H"/>
		<a id="20" s="H" t="H" l="H"/>
		<a id="21" s="C" t="C.3" l="C"/>
		<a id="22" s="H" t="H" l="H"/>
		<a id="23" s="H" t="H" l="H"/>
		<a id="24" s="H" t="H" l="H"/>
		<a id="25" s="C" t="C.3" l="C"/>
		<a id="26" s="H" t="H" l="H"/>
		<a id="27" s="H" t="H" l="H"/>
		<a id="28" s="C" t="C.3" l="C"/>
		<a id="29" s="H" t="H" l="H"/>
		<a id="30" s="H" t="H" l="H"/>
		<a id="31" s="C" t="C.3" l="C"/>
		<a id="32" s="H" t="H" l="H"/>
		<a id="33" s="H" t="H" l="H"/>
		<a id="34" s="C" t="C.3" l="C"/>
		<a id="35" s="H" t="H" l="H"/>
		<a id="36" s="H" t="H" l="H"/>
		<a id="37" s="H" t="H" l="H"/>
	</atoms>
	<bonds>
		<b id="1" c="34 31" t="1"/>
		<b id="2" c="31 28" t="1"/>
		<b id="3" c="28 25" t="1"/>
		<b id="4" c="25 2" t="1"/>
		<b id="5" c="2 3" t="2"/>
		<b id="6" c="3 9" t="1"/>
		<b id="7" c="9 12" t="1"/>
		<b id="8" c="12 15" t="1"/>
		<b id="9" c="15 18" t="1"/>
		<b id="10" c="18 21" t="1"/>
		<b id="11" c="3 4" t="1"/>
		<b id="12" c="4 5" t="1"/>
		<b id="13" c="34 35" t="1"/>
		<b id="14" c="34 36" t="1"/>
		<b id="15" c="34 37" t="1"/>
		<b id="16" c="31 32" t="1"/>
		<b id="17" c="31 33" t="1"/>
		<b id="18" c="28 29" t="1"/>
		<b id="19" c="28 30" t="1"/>
		<b id="20" c="25 26" t="1"/>
		<b id="21" c="25 27" t="1"/>
		<b id="22" c="2 1" t="1"/>
		<b id="23" c="9 10" t="1"/>
		<b id="24" c="9 11" t="1"/>
		<b id="25" c="12 13" t="1"/>
		<b id="26" c="12 14" t="1"/>
		<b id="27" c="15 16" t="1"/>
		<b id="28" c="15 17" t="1"/>
		<b id="29" c="18 19" t="1"/>
		<b id="30" c="18 20" t="1"/>
		<b id="31" c="21 22" t="1"/>
		<b id="32" c="21 23" t="1"/>
		<b id="33" c="21 24" t="1"/>
		<b id="34" c="5 6" t="1"/>
		<b id="35" c="5 7" t="1"/>
		<b id="36" c="5 8" t="1"/>
	</bonds>
	<geometry>
		<g u="A" t="cart/3d">#37,3:-0.6020,0.4553,1.2378;-0.9632,-0.4224,0.7095;-0.0898,-1.2655,0.1321;-0.5757,-2.3509,-0.5839;-0.1057,-3.5959,-0.0730;-0.6901,-4.3935,-0.5409;0.9459,-3.7515,-0.3331;-0.2470,-3.6600,1.0115;1.4136,-1.0683,0.0825;1.7480,-1.2982,-0.9378;1.8830,-1.8059,0.7452;1.9401,0.3245,0.4536;1.4577,1.0846,-0.1734;1.6919,0.5514,1.4976;3.4585,0.4084,0.2743;3.9446,-0.3517,0.8980;3.7186,0.1861,-0.7678;3.9867,1.7930,0.6489;3.7335,2.0189,1.6913;3.5064,2.5561,0.0255;5.4942,1.8807,0.4718;6.0069,1.1512,1.1068;5.8505,2.8788,0.7452;5.7787,1.6915,-0.5682;-2.4591,-0.5849,0.7100;-2.7590,-1.5538,0.2952;-2.8047,-0.5717,1.7508;-3.1357,0.5413,-0.0742;-2.7779,0.5366,-1.1117;-2.8594,1.5127,0.3555;-4.6572,0.3917,-0.0587;-4.9411,-0.5733,-0.4947;-5.0218,0.4008,0.9750;-5.3349,1.5086,-0.8364;-5.0973,2.4866,-0.4058;-6.4217,1.3818,-0.8124;-5.0157,1.5071,-1.8836;</g>
	</geometry>
	<conformers/>
	<properties/>
</molecule>
