<?xml version="1.0" ?>
<!--MOLLI PACKAGE EXPERIMENTAL XML FORMAT-->
<molecule name="react_334">
	<atoms>
		<a id="1" s="H" t="H" l="H"/>
		<a id="2" s="C" t="C.2" l="C"/>
		<a id="3" s="C" t="C.2" l="C"/>
		<a id="4" s="O" t="O.2" l="O"/>
		<a id="5" s="Si" t="Si" l="SI"/>
		<a id="6" s="C" t="C.3" l="C"/>
		<a id="7" s="H" t="H" l="H"/>
		<a id="8" s="H" t="H" l="H"/>
		<a id="9" s="H" t="H" l="H"/>
		<a id="10" s="C" t="C.3" l="C"/>
		<a id="11" s="H" t="H" l="H"/>
		<a id="12" s="H" t="H" l="H"/>
		<a id="13" s="H" t="H" l="H"/>
		<a id="14" s="C" t="C.3" l="C"/>
		<a id="15" s="C" t="C.3" l="C"/>
		<a id="16" s="H" t="H" l="H"/>
		<a id="17" s="H" t="H" l="H"/>
		<a id="18" s="H" t="H" l="H"/>
		<a id="19" s="C" t="C.3" l="C"/>
		<a id="20" s="H" t="H" l="H"/>
		<a id="21" s="H" t="H" l="H"/>
		<a id="22" s="H" t="H" l="H"/>
		<a id="23" s="C" t="C.3" l="C"/>
		<a id="24" s="H" t="H" l="H"/>
		<a id="25" s="H" t="H" l="H"/>
		<a id="26" s="H" t="H" l="H"/>
		<a id="27" s="C" t="C.3" l="C"/>
		<a id="28" s="H" t="H" l="H"/>
		<a id="29" s="H" t="H" l="H"/>
		<a id="30" s="C" t="C.3" l="C"/>
		<a id="31" s="H" t="H" l="H"/>
		<a id="32" s="H" t="H" l="H"/>
		<a id="33" s="C" t="C.3" l="C"/>
		<a id="34" s="H" t="H" l="H"/>
		<a id="35" s="H" t="H" l="H"/>
		<a id="36" s="C" t="C.3" l="C"/>
		<a id="37" s="H" t="H" l="H"/>
		<a id="38" s="H" t="H" l="H"/>
		<a id="39" s="C" t="C.3" l="C"/>
		<a id="40" s="H" t="H" l="H"/>
		<a id="41" s="H" t="H" l="H"/>
		<a id="42" s="H" t="H" l="H"/>
		<a id="43" s="C" t="C.3" l="C"/>
		<a id="44" s="H" t="H" l="H"/>
		<a id="45" s="H" t="H" l="H"/>
		<a id="46" s="C" t="C.3" l="C"/>
		<a id="47" s="H" t="H" l="H"/>
		<a id="48" s="H" t="H" l="H"/>
		<a id="49" s="C" t="C.3" l="C"/>
		<a id="50" s="H" t="H" l="H"/>
		<a id="51" s="H" t="H" l="H"/>
		<a id="52" s="C" t="C.3" l="C"/>
		<a id="53" s="H" t="H" l="H"/>
		<a id="54" s="H" t="H" l="H"/>
		<a id="55" s="H" t="H" l="H"/>
	</atoms>
	<bonds>
		<b id="1" c="52 49" t="1"/>
		<b id="2" c="49 46" t="1"/>
		<b id="3" c="46 43" t="1"/>
		<b id="4" c="43 2" t="1"/>
		<b id="5" c="2 3" t="2"/>
		<b id="6" c="3 27" t="1"/>
		<b id="7" c="27 30" t="1"/>
		<b id="8" c="30 33" t="1"/>
		<b id="9" c="33 36" t="1"/>
		<b id="10" c="36 39" t="1"/>
		<b id="11" c="3 4" t="1"/>
		<b id="12" c="4 5" t="1"/>
		<b id="13" c="5 6" t="1"/>
		<b id="14" c="5 10" t="1"/>
		<b id="15" c="5 14" t="1"/>
		<b id="16" c="14 15" t="1"/>
		<b id="17" c="14 19" t="1"/>
		<b id="18" c="14 23" t="1"/>
		<b id="19" c="52 53" t="1"/>
		<b id="20" c="52 54" t="1"/>
		<b id="21" c="52 55" t="1"/>
		<b id="22" c="49 50" t="1"/>
		<b id="23" c="49 51" t="1"/>
		<b id="24" c="46 47" t="1"/>
		<b id="25" c="46 48" t="1"/>
		<b id="26" c="43 44" t="1"/>
		<b id="27" c="43 45" t="1"/>
		<b id="28" c="2 1" t="1"/>
		<b id="29" c="27 28" t="1"/>
		<b id="30" c="27 29" t="1"/>
		<b id="31" c="30 31" t="1"/>
		<b id="32" c="30 32" t="1"/>
		<b id="33" c="33 34" t="1"/>
		<b id="34" c="33 35" t="1"/>
		<b id="35" c="36 37" t="1"/>
		<b id="36" c="36 38" t="1"/>
		<b id="37" c="39 40" t="1"/>
		<b id="38" c="39 41" t="1"/>
		<b id="39" c="39 42" t="1"/>
		<b id="40" c="6 7" t="1"/>
		<b id="41" c="6 8" t="1"/>
		<b id="42" c="6 9" t="1"/>
		<b id="43" c="10 11" t="1"/>
		<b id="44" c="10 12" t="1"/>
		<b id="45" c="10 13" t="1"/>
		<b id="46" c="15 16" t="1"/>
		<b id="47" c="15 17" t="1"/>
		<b id="48" c="15 18" t="1"/>
		<b id="49" c="19 20" t="1"/>
		<b id="50" c="19 21" t="1"/>
		<b id="51" c="19 22" t="1"/>
		<b id="52" c="23 24" t="1"/>
		<b id="53" c="23 25" t="1"/>
		<b id="54" c="23 26" t="1"/>
	</bonds>
	<geometry>
		<g u="A" t="cart/3d">#55,3:-2.3085,0.8829,-0.5981;-1.2657,0.9299,-0.2964;-0.5976,-0.2058,-0.0219;0.7165,-0.1393,0.4281;1.9841,-0.6490,-0.5526;2.2231,-2.5104,-0.5148;2.3139,-2.8690,0.5145;3.1261,-2.7985,-1.0604;1.3747,-3.0208,-0.9788;1.8276,-0.0454,-2.3236;0.9344,-0.4660,-2.7952;1.7493,1.0450,-2.3580;2.6955,-0.3472,-2.9166;3.7373,0.1953,0.2201;3.9395,-0.3312,1.6554;4.0631,-1.4196,1.6719;4.8359,0.1090,2.1067;3.0878,-0.0824,2.2988;3.5733,1.7285,0.2391;2.7271,2.0343,0.8645;4.4720,2.2091,0.6420;3.4073,2.1294,-0.7668;4.9302,-0.2035,-0.6689;5.0589,-1.2904,-0.7093;5.8616,0.2240,-0.2802;4.8068,0.1569,-1.6959;-1.2213,-1.5914,-0.0020;-0.8063,-2.1361,0.8565;-0.9050,-2.1285,-0.9044;-2.7517,-1.6567,0.0930;-3.0961,-1.0817,0.9614;-3.2014,-1.2072,-0.8005;-3.2366,-3.1039,0.2168;-2.8909,-3.6824,-0.6485;-2.7968,-3.5641,1.1100;-4.7611,-3.1737,0.3039;-5.1114,-2.5995,1.1695;-5.2065,-2.7193,-0.5887;-5.2467,-4.6090,0.4280;-4.9398,-5.2033,-0.4387;-6.3392,-4.6356,0.4885;-4.8449,-5.0826,1.3294;-0.6970,2.3221,-0.2370;-0.8490,2.7872,-1.2175;0.3830,2.3099,-0.0604;-1.3822,3.1485,0.8540;-1.3061,2.6181,1.8121;-2.4529,3.2453,0.6336;-0.7697,4.5400,1.0310;0.2966,4.4503,1.2693;-1.2471,5.0223,1.8923;-0.9427,5.4385,-0.1837;-0.5725,6.4446,0.0380;-1.9971,5.5201,-0.4655;-0.3817,5.0622,-1.0441;</g>
	</geometry>
	<conformers/>
	<properties/>
</molecule>
