<?xml version="1.0" ?>
<!--MOLLI PACKAGE EXPERIMENTAL XML FORMAT-->
<molecule name="react_337">
	<atoms>
		<a id="1" s="H" t="H" l="H"/>
		<a id="2" s="C" t="C.2" l="C"/>
		<a id="3" s="C" t="C.2" l="C"/>
		<a id="4" s="O" t="O.2" l="O"/>
		<a id="5" s="C" t="C.3" l="C"/>
		<a id="6" s="H" t="H" l="H"/>
		<a id="7" s="H" t="H" l="H"/>
		<a id="8" s="H" t="H" l="H"/>
		<a id="9" s="C" t="C.3" l="C"/>
		<a id="10" s="H" t="H" l="H"/>
		<a id="11" s="H" t="H" l="H"/>
		<a id="12" s="C" t="C.3" l="C"/>
		<a id="13" s="H" t="H" l="H"/>
		<a id="14" s="C" t="C.3" l="C"/>
		<a id="15" s="H" t="H" l="H"/>
		<a id="16" s="H" t="H" l="H"/>
		<a id="17" s="H" t="H" l="H"/>
		<a id="18" s="C" t="C.3" l="C"/>
		<a id="19" s="H" t="H" l="H"/>
		<a id="20" s="H" t="H" l="H"/>
		<a id="21" s="H" t="H" l="H"/>
		<a id="22" s="C" t="C.3" l="C"/>
		<a id="23" s="H" t="H" l="H"/>
		<a id="24" s="C" t="C.3" l="C"/>
		<a id="25" s="H" t="H" l="H"/>
		<a id="26" s="H" t="H" l="H"/>
		<a id="27" s="H" t="H" l="H"/>
		<a id="28" s="C" t="C.3" l="C"/>
		<a id="29" s="H" t="H" l="H"/>
		<a id="30" s="H" t="H" l="H"/>
		<a id="31" s="H" t="H" l="H"/>
	</atoms>
	<bonds>
		<b id="1" c="5 4" t="1"/>
		<b id="2" c="4 3" t="1"/>
		<b id="3" c="3 2" t="2"/>
		<b id="4" c="2 22" t="1"/>
		<b id="5" c="22 24" t="1"/>
		<b id="6" c="22 28" t="1"/>
		<b id="7" c="3 9" t="1"/>
		<b id="8" c="9 12" t="1"/>
		<b id="9" c="12 14" t="1"/>
		<b id="10" c="12 18" t="1"/>
		<b id="11" c="5 6" t="1"/>
		<b id="12" c="5 7" t="1"/>
		<b id="13" c="5 8" t="1"/>
		<b id="14" c="2 1" t="1"/>
		<b id="15" c="22 23" t="1"/>
		<b id="16" c="24 25" t="1"/>
		<b id="17" c="24 26" t="1"/>
		<b id="18" c="24 27" t="1"/>
		<b id="19" c="28 29" t="1"/>
		<b id="20" c="28 30" t="1"/>
		<b id="21" c="28 31" t="1"/>
		<b id="22" c="9 10" t="1"/>
		<b id="23" c="9 11" t="1"/>
		<b id="24" c="12 13" t="1"/>
		<b id="25" c="14 15" t="1"/>
		<b id="26" c="14 16" t="1"/>
		<b id="27" c="14 17" t="1"/>
		<b id="28" c="18 19" t="1"/>
		<b id="29" c="18 20" t="1"/>
		<b id="30" c="18 21" t="1"/>
	</bonds>
	<geometry>
		<g u="A" t="cart/3d">#31,3:0.5679,1.5212,1.2986;0.9189,0.7863,0.5730;0.0461,-0.1695,0.2055;0.3696,-1.1436,-0.7157;0.6785,-2.3832,-0.0805;1.0638,-3.0644,-0.8450;1.4525,-2.2573,0.6845;-0.2161,-2.8373,0.3559;-1.3736,-0.1981,0.7306;-1.7103,-1.2343,0.8525;-1.3848,0.2297,1.7425;-2.3777,0.5746,-0.1491;-2.0267,1.6080,-0.2674;-2.5308,-0.0378,-1.5433;-2.8152,-1.0939,-1.4839;-1.6009,0.0347,-2.1153;-3.3031,0.4880,-2.1153;-3.7422,0.6223,0.5438;-4.4598,1.2003,-0.0482;-3.6632,1.0983,1.5269;-4.1517,-0.3838,0.6853;2.3402,1.0397,0.1182;2.4122,2.1226,-0.0531;3.3116,0.6859,1.2462;3.0615,1.2238,2.1676;4.3378,0.9557,0.9741;3.2923,-0.3873,1.4671;2.7819,0.3724,-1.1853;2.8894,-0.7113,-1.0763;2.0744,0.5765,-1.9960;3.7576,0.7620,-1.4978;</g>
	</geometry>
	<conformers/>
	<properties/>
</molecule>
