<?xml version="1.0" ?>
<!--MOLLI PACKAGE EXPERIMENTAL XML FORMAT-->
<molecule name="react_338">
	<atoms>
		<a id="1" s="H" t="H" l="H"/>
		<a id="2" s="C" t="C.2" l="C"/>
		<a id="3" s="C" t="C.2" l="C"/>
		<a id="4" s="O" t="O.2" l="O"/>
		<a id="5" s="Si" t="Si" l="SI"/>
		<a id="6" s="C" t="C.3" l="C"/>
		<a id="7" s="H" t="H" l="H"/>
		<a id="8" s="H" t="H" l="H"/>
		<a id="9" s="H" t="H" l="H"/>
		<a id="10" s="C" t="C.3" l="C"/>
		<a id="11" s="H" t="H" l="H"/>
		<a id="12" s="H" t="H" l="H"/>
		<a id="13" s="H" t="H" l="H"/>
		<a id="14" s="C" t="C.3" l="C"/>
		<a id="15" s="C" t="C.3" l="C"/>
		<a id="16" s="H" t="H" l="H"/>
		<a id="17" s="H" t="H" l="H"/>
		<a id="18" s="H" t="H" l="H"/>
		<a id="19" s="C" t="C.3" l="C"/>
		<a id="20" s="H" t="H" l="H"/>
		<a id="21" s="H" t="H" l="H"/>
		<a id="22" s="H" t="H" l="H"/>
		<a id="23" s="C" t="C.3" l="C"/>
		<a id="24" s="H" t="H" l="H"/>
		<a id="25" s="H" t="H" l="H"/>
		<a id="26" s="H" t="H" l="H"/>
		<a id="27" s="C" t="C.3" l="C"/>
		<a id="28" s="H" t="H" l="H"/>
		<a id="29" s="H" t="H" l="H"/>
		<a id="30" s="C" t="C.3" l="C"/>
		<a id="31" s="H" t="H" l="H"/>
		<a id="32" s="C" t="C.3" l="C"/>
		<a id="33" s="H" t="H" l="H"/>
		<a id="34" s="H" t="H" l="H"/>
		<a id="35" s="H" t="H" l="H"/>
		<a id="36" s="C" t="C.3" l="C"/>
		<a id="37" s="H" t="H" l="H"/>
		<a id="38" s="H" t="H" l="H"/>
		<a id="39" s="H" t="H" l="H"/>
		<a id="40" s="C" t="C.3" l="C"/>
		<a id="41" s="H" t="H" l="H"/>
		<a id="42" s="C" t="C.3" l="C"/>
		<a id="43" s="H" t="H" l="H"/>
		<a id="44" s="H" t="H" l="H"/>
		<a id="45" s="H" t="H" l="H"/>
		<a id="46" s="C" t="C.3" l="C"/>
		<a id="47" s="H" t="H" l="H"/>
		<a id="48" s="H" t="H" l="H"/>
		<a id="49" s="H" t="H" l="H"/>
	</atoms>
	<bonds>
		<b id="1" c="42 40" t="1"/>
		<b id="2" c="40 46" t="1"/>
		<b id="3" c="40 2" t="1"/>
		<b id="4" c="2 3" t="2"/>
		<b id="5" c="3 27" t="1"/>
		<b id="6" c="27 30" t="1"/>
		<b id="7" c="30 32" t="1"/>
		<b id="8" c="30 36" t="1"/>
		<b id="9" c="3 4" t="1"/>
		<b id="10" c="4 5" t="1"/>
		<b id="11" c="5 6" t="1"/>
		<b id="12" c="5 10" t="1"/>
		<b id="13" c="5 14" t="1"/>
		<b id="14" c="14 15" t="1"/>
		<b id="15" c="14 19" t="1"/>
		<b id="16" c="14 23" t="1"/>
		<b id="17" c="42 43" t="1"/>
		<b id="18" c="42 44" t="1"/>
		<b id="19" c="42 45" t="1"/>
		<b id="20" c="40 41" t="1"/>
		<b id="21" c="46 47" t="1"/>
		<b id="22" c="46 48" t="1"/>
		<b id="23" c="46 49" t="1"/>
		<b id="24" c="2 1" t="1"/>
		<b id="25" c="27 28" t="1"/>
		<b id="26" c="27 29" t="1"/>
		<b id="27" c="30 31" t="1"/>
		<b id="28" c="32 33" t="1"/>
		<b id="29" c="32 34" t="1"/>
		<b id="30" c="32 35" t="1"/>
		<b id="31" c="36 37" t="1"/>
		<b id="32" c="36 38" t="1"/>
		<b id="33" c="36 39" t="1"/>
		<b id="34" c="6 7" t="1"/>
		<b id="35" c="6 8" t="1"/>
		<b id="36" c="6 9" t="1"/>
		<b id="37" c="10 11" t="1"/>
		<b id="38" c="10 12" t="1"/>
		<b id="39" c="10 13" t="1"/>
		<b id="40" c="15 16" t="1"/>
		<b id="41" c="15 17" t="1"/>
		<b id="42" c="15 18" t="1"/>
		<b id="43" c="19 20" t="1"/>
		<b id="44" c="19 21" t="1"/>
		<b id="45" c="19 22" t="1"/>
		<b id="46" c="23 24" t="1"/>
		<b id="47" c="23 25" t="1"/>
		<b id="48" c="23 26" t="1"/>
	</bonds>
	<geometry>
		<g u="A" t="cart/3d">#49,3:-2.7633,-1.3285,-0.5456;-1.7235,-1.3029,-0.2270;-1.2780,-0.2301,0.4547;0.0035,-0.2117,0.9858;1.2350,0.6694,0.2550;1.1422,2.5084,0.6177;0.2741,2.9571,0.1274;2.0349,3.0236,0.2522;1.0572,2.6886,1.6931;1.3778,0.3776,-1.5927;1.5566,-0.6790,-1.8094;0.4610,0.6811,-2.1055;2.2047,0.9566,-2.0139;3.0368,-0.0082,1.0992;3.1429,-1.5271,0.8547;4.0638,-1.9264,1.2945;2.3007,-2.0664,1.3030;3.1586,-1.7635,-0.2149;3.0015,0.2840,2.6126;3.9145,-0.0789,3.0982;2.9258,1.3582,2.8140;2.1501,-0.2071,3.0973;4.2169,0.7264,0.4367;5.1690,0.3908,0.8634;4.1535,1.8097,0.5850;4.2556,0.5383,-0.6417;-2.1838,0.9123,0.8817;-2.7245,0.5772,1.7776;-1.5729,1.7590,1.2162;-3.2048,1.4321,-0.1545;-3.8857,0.6202,-0.4365;-2.5328,1.9575,-1.4241;-1.8283,2.7641,-1.1971;-1.9892,1.1651,-1.9464;-3.2800,2.3521,-2.1214;-4.0574,2.5395,0.4727;-4.5784,2.1720,1.3631;-4.8153,2.8942,-0.2339;-3.4426,3.3965,0.7683;-0.9230,-2.5361,-0.5739;0.1243,-2.4156,-0.2768;-1.4802,-3.7485,0.1720;-2.5234,-3.9457,-0.1000;-1.4381,-3.5944,1.2561;-0.8972,-4.6464,-0.0596;-0.9559,-2.7761,-2.0835;-1.9760,-2.9582,-2.4405;-0.3475,-3.6474,-2.3490;-0.5593,-1.9133,-2.6293;</g>
	</geometry>
	<conformers/>
	<properties/>
</molecule>
