<?xml version="1.0" ?>
<!--MOLLI PACKAGE EXPERIMENTAL XML FORMAT-->
<molecule name="react_402">
	<atoms>
		<a id="1" s="H" t="H" l="H"/>
		<a id="2" s="C" t="C.2" l="C"/>
		<a id="3" s="C" t="C.2" l="C"/>
		<a id="4" s="O" t="O.2" l="O"/>
		<a id="5" s="C" t="C.3" l="C"/>
		<a id="6" s="H" t="H" l="H"/>
		<a id="7" s="H" t="H" l="H"/>
		<a id="8" s="H" t="H" l="H"/>
		<a id="9" s="O" t="O.2" l="O"/>
		<a id="10" s="C" t="C.3" l="C"/>
		<a id="11" s="H" t="H" l="H"/>
		<a id="12" s="H" t="H" l="H"/>
		<a id="13" s="H" t="H" l="H"/>
		<a id="14" s="C" t="C.3" l="C"/>
		<a id="15" s="H" t="H" l="H"/>
		<a id="16" s="H" t="H" l="H"/>
		<a id="17" s="C" t="C.3" l="C"/>
		<a id="18" s="H" t="H" l="H"/>
		<a id="19" s="H" t="H" l="H"/>
		<a id="20" s="C" t="C.3" l="C"/>
		<a id="21" s="H" t="H" l="H"/>
		<a id="22" s="H" t="H" l="H"/>
		<a id="23" s="C" t="C.3" l="C"/>
		<a id="24" s="H" t="H" l="H"/>
		<a id="25" s="H" t="H" l="H"/>
		<a id="26" s="C" t="C.3" l="C"/>
		<a id="27" s="H" t="H" l="H"/>
		<a id="28" s="H" t="H" l="H"/>
		<a id="29" s="C" t="C.3" l="C"/>
		<a id="30" s="H" t="H" l="H"/>
		<a id="31" s="H" t="H" l="H"/>
		<a id="32" s="C" t="C.3" l="C"/>
		<a id="33" s="H" t="H" l="H"/>
		<a id="34" s="H" t="H" l="H"/>
		<a id="35" s="C" t="C.3" l="C"/>
		<a id="36" s="H" t="H" l="H"/>
		<a id="37" s="H" t="H" l="H"/>
		<a id="38" s="C" t="C.3" l="C"/>
		<a id="39" s="H" t="H" l="H"/>
		<a id="40" s="H" t="H" l="H"/>
		<a id="41" s="H" t="H" l="H"/>
	</atoms>
	<bonds>
		<b id="1" c="38 35" t="1"/>
		<b id="2" c="35 32" t="1"/>
		<b id="3" c="32 29" t="1"/>
		<b id="4" c="29 26" t="1"/>
		<b id="5" c="26 23" t="1"/>
		<b id="6" c="23 20" t="1"/>
		<b id="7" c="20 17" t="1"/>
		<b id="8" c="17 14" t="1"/>
		<b id="9" c="14 2" t="1"/>
		<b id="10" c="2 3" t="2"/>
		<b id="11" c="3 4" t="1"/>
		<b id="12" c="4 5" t="1"/>
		<b id="13" c="3 9" t="1"/>
		<b id="14" c="9 10" t="1"/>
		<b id="15" c="38 39" t="1"/>
		<b id="16" c="38 40" t="1"/>
		<b id="17" c="38 41" t="1"/>
		<b id="18" c="35 36" t="1"/>
		<b id="19" c="35 37" t="1"/>
		<b id="20" c="32 33" t="1"/>
		<b id="21" c="32 34" t="1"/>
		<b id="22" c="29 30" t="1"/>
		<b id="23" c="29 31" t="1"/>
		<b id="24" c="26 27" t="1"/>
		<b id="25" c="26 28" t="1"/>
		<b id="26" c="23 24" t="1"/>
		<b id="27" c="23 25" t="1"/>
		<b id="28" c="20 21" t="1"/>
		<b id="29" c="20 22" t="1"/>
		<b id="30" c="17 18" t="1"/>
		<b id="31" c="17 19" t="1"/>
		<b id="32" c="14 15" t="1"/>
		<b id="33" c="14 16" t="1"/>
		<b id="34" c="2 1" t="1"/>
		<b id="35" c="5 6" t="1"/>
		<b id="36" c="5 7" t="1"/>
		<b id="37" c="5 8" t="1"/>
		<b id="38" c="10 11" t="1"/>
		<b id="39" c="10 12" t="1"/>
		<b id="40" c="10 13" t="1"/>
	</bonds>
	<geometry>
		<g u="A" t="cart/3d">#41,3:-4.4961,-2.5510,0.2942;-3.8263,-1.6919,0.2631;-4.4099,-0.4961,0.0991;-3.6775,0.6698,0.0438;-4.0644,1.5537,1.0939;-3.9508,1.0739,2.0725;-5.0917,1.9079,0.9612;-3.4004,2.4226,1.0626;-5.7895,-0.4494,-0.0232;-6.1621,0.1675,-1.2539;-7.2492,0.0926,-1.3513;-5.8945,1.2289,-1.2662;-5.7076,-0.3497,-2.1063;-2.3760,-2.0654,0.4134;-2.1435,-2.7863,-0.3810;-2.2773,-2.6097,1.3614;-1.3271,-0.9507,0.3807;-1.5148,-0.2380,1.1924;-1.3916,-0.4048,-0.5682;0.0877,-1.5170,0.5347;0.1617,-2.0676,1.4805;0.2879,-2.2318,-0.2728;1.1382,-0.4041,0.5054;1.0509,0.1440,-0.4391;0.9404,0.3083,1.3153;2.5511,-0.9726,0.6553;2.7727,-1.6428,-0.1842;2.5945,-1.5830,1.5660;3.6365,0.1046,0.7538;4.5773,-0.3966,1.0079;3.4055,0.7847,1.5826;3.8167,0.9049,-0.5389;2.8784,1.4116,-0.7907;4.0428,0.2242,-1.3684;4.9078,1.9747,-0.4407;4.6944,2.6506,0.3956;4.8798,2.5818,-1.3535;6.3092,1.4040,-0.2869;6.4321,0.8918,0.6716;7.0487,2.2103,-0.3273;6.5360,0.6963,-1.0905;</g>
	</geometry>
	<conformers/>
	<properties/>
</molecule>
