<?xml version="1.0" ?>
<!--MOLLI PACKAGE EXPERIMENTAL XML FORMAT-->
<molecule name="react_403">
	<atoms>
		<a id="1" s="H" t="H" l="H"/>
		<a id="2" s="C" t="C.2" l="C"/>
		<a id="3" s="C" t="C.2" l="C"/>
		<a id="4" s="C" t="C.3" l="C"/>
		<a id="5" s="H" t="H" l="H"/>
		<a id="6" s="H" t="H" l="H"/>
		<a id="7" s="H" t="H" l="H"/>
		<a id="8" s="C" t="C.3" l="C"/>
		<a id="9" s="H" t="H" l="H"/>
		<a id="10" s="H" t="H" l="H"/>
		<a id="11" s="O" t="O.3" l="O"/>
		<a id="12" s="Si" t="Si" l="SI"/>
		<a id="13" s="C" t="C.3" l="C"/>
		<a id="14" s="H" t="H" l="H"/>
		<a id="15" s="H" t="H" l="H"/>
		<a id="16" s="H" t="H" l="H"/>
		<a id="17" s="C" t="C.3" l="C"/>
		<a id="18" s="H" t="H" l="H"/>
		<a id="19" s="H" t="H" l="H"/>
		<a id="20" s="H" t="H" l="H"/>
		<a id="21" s="C" t="C.3" l="C"/>
		<a id="22" s="C" t="C.3" l="C"/>
		<a id="23" s="H" t="H" l="H"/>
		<a id="24" s="H" t="H" l="H"/>
		<a id="25" s="H" t="H" l="H"/>
		<a id="26" s="C" t="C.3" l="C"/>
		<a id="27" s="H" t="H" l="H"/>
		<a id="28" s="H" t="H" l="H"/>
		<a id="29" s="H" t="H" l="H"/>
		<a id="30" s="C" t="C.3" l="C"/>
		<a id="31" s="H" t="H" l="H"/>
		<a id="32" s="H" t="H" l="H"/>
		<a id="33" s="H" t="H" l="H"/>
		<a id="34" s="C" t="C.3" l="C"/>
		<a id="35" s="H" t="H" l="H"/>
		<a id="36" s="H" t="H" l="H"/>
		<a id="37" s="O" t="O.3" l="O"/>
		<a id="38" s="P" t="P.3" l="P"/>
		<a id="39" s="O" t="O.2" l="O"/>
		<a id="40" s="O" t="O.3" l="O"/>
		<a id="41" s="C" t="C.3" l="C"/>
		<a id="42" s="H" t="H" l="H"/>
		<a id="43" s="H" t="H" l="H"/>
		<a id="44" s="H" t="H" l="H"/>
		<a id="45" s="O" t="O.3" l="O"/>
		<a id="46" s="C" t="C.3" l="C"/>
		<a id="47" s="H" t="H" l="H"/>
		<a id="48" s="H" t="H" l="H"/>
		<a id="49" s="H" t="H" l="H"/>
	</atoms>
	<bonds>
		<b id="1" c="41 40" t="1"/>
		<b id="2" c="40 38" t="1"/>
		<b id="3" c="38 39" t="2"/>
		<b id="4" c="38 45" t="1"/>
		<b id="5" c="45 46" t="1"/>
		<b id="6" c="38 37" t="1"/>
		<b id="7" c="37 34" t="1"/>
		<b id="8" c="34 2" t="1"/>
		<b id="9" c="2 3" t="2"/>
		<b id="10" c="3 4" t="1"/>
		<b id="11" c="3 8" t="1"/>
		<b id="12" c="8 11" t="1"/>
		<b id="13" c="11 12" t="1"/>
		<b id="14" c="12 13" t="1"/>
		<b id="15" c="12 17" t="1"/>
		<b id="16" c="12 21" t="1"/>
		<b id="17" c="21 22" t="1"/>
		<b id="18" c="21 26" t="1"/>
		<b id="19" c="21 30" t="1"/>
		<b id="20" c="41 42" t="1"/>
		<b id="21" c="41 43" t="1"/>
		<b id="22" c="41 44" t="1"/>
		<b id="23" c="46 47" t="1"/>
		<b id="24" c="46 48" t="1"/>
		<b id="25" c="46 49" t="1"/>
		<b id="26" c="34 35" t="1"/>
		<b id="27" c="34 36" t="1"/>
		<b id="28" c="2 1" t="1"/>
		<b id="29" c="4 5" t="1"/>
		<b id="30" c="4 6" t="1"/>
		<b id="31" c="4 7" t="1"/>
		<b id="32" c="8 9" t="1"/>
		<b id="33" c="8 10" t="1"/>
		<b id="34" c="13 14" t="1"/>
		<b id="35" c="13 15" t="1"/>
		<b id="36" c="13 16" t="1"/>
		<b id="37" c="17 18" t="1"/>
		<b id="38" c="17 19" t="1"/>
		<b id="39" c="17 20" t="1"/>
		<b id="40" c="22 23" t="1"/>
		<b id="41" c="22 24" t="1"/>
		<b id="42" c="22 25" t="1"/>
		<b id="43" c="26 27" t="1"/>
		<b id="44" c="26 28" t="1"/>
		<b id="45" c="26 29" t="1"/>
		<b id="46" c="30 31" t="1"/>
		<b id="47" c="30 32" t="1"/>
		<b id="48" c="30 33" t="1"/>
	</bonds>
	<geometry>
		<g u="A" t="cart/3d">#49,3:2.1782,-2.9872,0.8511;1.7419,-2.0259,0.5860;0.7671,-1.5165,1.3672;0.2717,-2.2713,2.5722;-0.8004,-2.4741,2.4821;0.4408,-1.6869,3.4824;0.7805,-3.2331,2.6966;0.1019,-0.1795,1.1438;0.6888,0.4529,0.4697;0.0255,0.3526,2.1013;-1.1959,-0.4275,0.6178;-2.0958,0.8635,0.0384;-2.3344,2.2010,1.3309;-1.3721,2.6399,1.6110;-2.9730,3.0031,0.9503;-2.7964,1.7919,2.2339;-1.3559,1.5891,-1.5244;-1.2360,0.8193,-2.2920;-1.9919,2.3819,-1.9278;-0.3707,2.0181,-1.3190;-3.9833,0.1389,-0.4529;-3.8263,-0.9465,-1.5378;-4.8009,-1.3683,-1.8083;-3.3780,-0.5412,-2.4516;-3.1921,-1.7711,-1.1931;-4.6188,-0.4729,0.8125;-4.7445,0.2756,1.6028;-4.0053,-1.2857,1.2180;-5.6094,-0.8852,0.5887;-4.8559,1.2941,-0.9800;-5.8549,0.9326,-1.2494;-4.9827,2.0802,-0.2277;-4.4204,1.7542,-1.8736;2.2883,-1.4296,-0.6721;2.4148,-2.2187,-1.4209;1.6199,-0.6833,-1.1110;3.5597,-0.8916,-0.3735;3.9118,0.5239,-1.0518;2.9151,1.6080,-0.7838;5.4010,0.8289,-0.5181;5.5120,1.2329,0.8311;6.5709,1.3454,1.0776;5.0115,2.1937,0.9780;5.0738,0.4797,1.4915;4.1208,0.1623,-2.6071;5.1493,-0.7403,-2.9569;5.0500,-0.9882,-4.0170;5.0736,-1.6619,-2.3742;6.1265,-0.2773,-2.7969;</g>
	</geometry>
	<conformers/>
	<properties/>
</molecule>
