<?xml version="1.0" ?>
<!--MOLLI PACKAGE EXPERIMENTAL XML FORMAT-->
<molecule name="react_20">
	<atoms>
		<a id="1" s="H" t="H" l="H"/>
		<a id="2" s="C" t="C.2" l="C"/>
		<a id="3" s="H" t="H" l="H"/>
		<a id="4" s="C" t="C.2" l="C"/>
		<a id="5" s="H" t="H" l="H"/>
		<a id="6" s="C" t="C.3" l="C"/>
		<a id="7" s="H" t="H" l="H"/>
		<a id="8" s="H" t="H" l="H"/>
		<a id="9" s="C" t="C.3" l="C"/>
		<a id="10" s="H" t="H" l="H"/>
		<a id="11" s="H" t="H" l="H"/>
		<a id="12" s="C" t="C.3" l="C"/>
		<a id="13" s="H" t="H" l="H"/>
		<a id="14" s="H" t="H" l="H"/>
		<a id="15" s="C" t="C.3" l="C"/>
		<a id="16" s="H" t="H" l="H"/>
		<a id="17" s="H" t="H" l="H"/>
		<a id="18" s="C" t="C.3" l="C"/>
		<a id="19" s="H" t="H" l="H"/>
		<a id="20" s="H" t="H" l="H"/>
		<a id="21" s="C" t="C.3" l="C"/>
		<a id="22" s="H" t="H" l="H"/>
		<a id="23" s="H" t="H" l="H"/>
		<a id="24" s="C" t="C.3" l="C"/>
		<a id="25" s="H" t="H" l="H"/>
		<a id="26" s="H" t="H" l="H"/>
		<a id="27" s="C" t="C.3" l="C"/>
		<a id="28" s="H" t="H" l="H"/>
		<a id="29" s="H" t="H" l="H"/>
		<a id="30" s="C" t="C.3" l="C"/>
		<a id="31" s="H" t="H" l="H"/>
		<a id="32" s="H" t="H" l="H"/>
		<a id="33" s="C" t="C.1" l="C"/>
		<a id="34" s="N" t="N.1" l="N"/>
	</atoms>
	<bonds>
		<b id="1" c="2 4" t="2"/>
		<b id="2" c="4 6" t="1"/>
		<b id="3" c="6 9" t="1"/>
		<b id="4" c="9 12" t="1"/>
		<b id="5" c="12 15" t="1"/>
		<b id="6" c="15 18" t="1"/>
		<b id="7" c="18 21" t="1"/>
		<b id="8" c="21 24" t="1"/>
		<b id="9" c="24 27" t="1"/>
		<b id="10" c="27 30" t="1"/>
		<b id="11" c="30 33" t="1"/>
		<b id="12" c="33 34" t="3"/>
		<b id="13" c="2 1" t="1"/>
		<b id="14" c="2 3" t="1"/>
		<b id="15" c="4 5" t="1"/>
		<b id="16" c="6 7" t="1"/>
		<b id="17" c="6 8" t="1"/>
		<b id="18" c="9 10" t="1"/>
		<b id="19" c="9 11" t="1"/>
		<b id="20" c="12 13" t="1"/>
		<b id="21" c="12 14" t="1"/>
		<b id="22" c="15 16" t="1"/>
		<b id="23" c="15 17" t="1"/>
		<b id="24" c="18 19" t="1"/>
		<b id="25" c="18 20" t="1"/>
		<b id="26" c="21 22" t="1"/>
		<b id="27" c="21 23" t="1"/>
		<b id="28" c="24 25" t="1"/>
		<b id="29" c="24 26" t="1"/>
		<b id="30" c="27 28" t="1"/>
		<b id="31" c="27 29" t="1"/>
		<b id="32" c="30 31" t="1"/>
		<b id="33" c="30 32" t="1"/>
	</bonds>
	<geometry>
		<g u="A" t="cart/3d">#34,3:-7.0100,-0.7103,1.5286;-5.9611,-0.5720,1.2824;-5.2581,-1.2743,1.7170;-5.5795,0.4275,0.4767;-6.3546,1.0857,0.0850;-4.1810,0.7652,0.0326;-3.9776,1.8009,0.3324;-4.1666,0.7471,-1.0643;-3.0590,-0.1355,0.5603;-3.2391,-1.1732,0.2534;-3.0494,-0.1146,1.6571;-1.6934,0.3156,0.0355;-1.6964,0.2960,-1.0611;-1.5072,1.3527,0.3402;-0.5715,-0.5819,0.5607;-0.7586,-1.6189,0.2562;-0.5679,-0.5623,1.6573;0.7939,-0.1313,0.0361;0.7914,-0.1546,-1.0603;0.9681,0.9068,0.3397;1.9141,-1.0290,0.5663;1.9548,-0.9642,1.6604;1.6815,-2.0727,0.3207;3.2908,-0.6986,-0.0193;3.9904,-1.4752,0.3119;3.2481,-0.7586,-1.1136;3.8163,0.6787,0.4024;3.8081,0.7593,1.4966;3.1459,1.4556,0.0176;5.2205,0.9659,-0.1342;5.4535,2.0232,0.0386;5.2485,0.8083,-1.2183;6.2466,0.1435,0.5212;7.0585,-0.5048,1.0377;</g>
	</geometry>
	<conformers/>
	<properties/>
</molecule>
