<?xml version="1.0" ?>
<!--MOLLI PACKAGE EXPERIMENTAL XML FORMAT-->
<molecule name="react_406">
	<atoms>
		<a id="1" s="H" t="H" l="H"/>
		<a id="2" s="C" t="C.2" l="C"/>
		<a id="3" s="C" t="C.2" l="C"/>
		<a id="4" s="C" t="C.3" l="C"/>
		<a id="5" s="H" t="H" l="H"/>
		<a id="6" s="H" t="H" l="H"/>
		<a id="7" s="C" t="C.3" l="C"/>
		<a id="8" s="H" t="H" l="H"/>
		<a id="9" s="H" t="H" l="H"/>
		<a id="10" s="C" t="C.3" l="C"/>
		<a id="11" s="H" t="H" l="H"/>
		<a id="12" s="H" t="H" l="H"/>
		<a id="13" s="C" t="C.3" l="C"/>
		<a id="14" s="H" t="H" l="H"/>
		<a id="15" s="H" t="H" l="H"/>
		<a id="16" s="C" t="C.3" l="C"/>
		<a id="17" s="H" t="H" l="H"/>
		<a id="18" s="H" t="H" l="H"/>
		<a id="19" s="C" t="C.3" l="C"/>
		<a id="20" s="H" t="H" l="H"/>
		<a id="21" s="H" t="H" l="H"/>
		<a id="22" s="C" t="C.3" l="C"/>
		<a id="23" s="H" t="H" l="H"/>
		<a id="24" s="H" t="H" l="H"/>
		<a id="25" s="C" t="C.3" l="C"/>
		<a id="26" s="H" t="H" l="H"/>
		<a id="27" s="H" t="H" l="H"/>
		<a id="28" s="C" t="C.3" l="C"/>
		<a id="29" s="H" t="H" l="H"/>
		<a id="30" s="H" t="H" l="H"/>
		<a id="31" s="C" t="C.3" l="C"/>
		<a id="32" s="H" t="H" l="H"/>
		<a id="33" s="H" t="H" l="H"/>
		<a id="34" s="C" t="C.3" l="C"/>
		<a id="35" s="H" t="H" l="H"/>
		<a id="36" s="H" t="H" l="H"/>
		<a id="37" s="C" t="C.3" l="C"/>
		<a id="38" s="H" t="H" l="H"/>
		<a id="39" s="H" t="H" l="H"/>
		<a id="40" s="H" t="H" l="H"/>
	</atoms>
	<bonds>
		<b id="1" c="37 34" t="1"/>
		<b id="2" c="34 31" t="1"/>
		<b id="3" c="31 28" t="1"/>
		<b id="4" c="28 25" t="1"/>
		<b id="5" c="25 22" t="1"/>
		<b id="6" c="22 19" t="1"/>
		<b id="7" c="19 16" t="1"/>
		<b id="8" c="16 13" t="1"/>
		<b id="9" c="13 10" t="1"/>
		<b id="10" c="10 2" t="1"/>
		<b id="11" c="2 3" t="2"/>
		<b id="12" c="3 4" t="1"/>
		<b id="13" c="4 7" t="1"/>
		<b id="14" c="7 3" t="1"/>
		<b id="15" c="37 38" t="1"/>
		<b id="16" c="37 39" t="1"/>
		<b id="17" c="37 40" t="1"/>
		<b id="18" c="34 35" t="1"/>
		<b id="19" c="34 36" t="1"/>
		<b id="20" c="31 32" t="1"/>
		<b id="21" c="31 33" t="1"/>
		<b id="22" c="28 29" t="1"/>
		<b id="23" c="28 30" t="1"/>
		<b id="24" c="25 26" t="1"/>
		<b id="25" c="25 27" t="1"/>
		<b id="26" c="22 23" t="1"/>
		<b id="27" c="22 24" t="1"/>
		<b id="28" c="19 20" t="1"/>
		<b id="29" c="19 21" t="1"/>
		<b id="30" c="16 17" t="1"/>
		<b id="31" c="16 18" t="1"/>
		<b id="32" c="13 14" t="1"/>
		<b id="33" c="13 15" t="1"/>
		<b id="34" c="10 11" t="1"/>
		<b id="35" c="10 12" t="1"/>
		<b id="36" c="2 1" t="1"/>
		<b id="37" c="4 5" t="1"/>
		<b id="38" c="4 6" t="1"/>
		<b id="39" c="7 8" t="1"/>
		<b id="40" c="7 9" t="1"/>
	</bonds>
	<geometry>
		<g u="A" t="cart/3d">#40,3:3.8738,-1.6161,1.5789;4.0946,-0.6894,1.0555;5.3156,-0.2015,1.1105;6.1866,0.8324,0.7169;6.5014,0.8438,-0.3172;6.0553,1.7945,1.1919;6.6203,-0.3799,1.6089;7.2192,-1.1576,1.1559;6.7728,-0.2069,2.6650;2.9655,-0.0340,0.3158;2.1655,0.1714,1.0358;3.2808,0.9317,-0.0976;2.4486,-0.9318,-0.8105;3.2839,-1.2012,-1.4705;2.0734,-1.8759,-0.3976;1.3665,-0.2694,-1.6696;1.0786,-0.9696,-2.4637;1.8021,0.6028,-2.1731;0.1040,0.1845,-0.9284;0.3560,0.9597,-0.1959;-0.5537,0.6595,-1.6651;-0.6414,-0.9607,-0.2387;-0.8993,-1.7325,-0.9737;0.0164,-1.4324,0.5000;-1.9070,-0.5064,0.4961;-2.2865,-1.3567,1.0766;-1.6517,0.2790,1.2179;-3.0122,-0.0112,-0.4394;-2.6809,0.8871,-0.9717;-3.2260,-0.7774,-1.1943;-4.2907,0.3128,0.3371;-4.6354,-0.5826,0.8686;-4.0763,1.0761,1.0951;-5.3956,0.8116,-0.5940;-5.0585,1.7096,-1.1246;-5.6159,0.0505,-1.3516;-6.6676,1.1340,0.1737;-7.0495,0.2477,0.6903;-6.4887,1.9159,0.9186;-7.4441,1.4888,-0.5113;</g>
	</geometry>
	<conformers/>
	<properties/>
</molecule>
