<?xml version="1.0" ?>
<!--MOLLI PACKAGE EXPERIMENTAL XML FORMAT-->
<molecule name="react_413">
	<atoms>
		<a id="1" s="H" t="H" l="H"/>
		<a id="2" s="C" t="C.2" l="C"/>
		<a id="3" s="C" t="C.2" l="C"/>
		<a id="4" s="C" t="C.3" l="C"/>
		<a id="5" s="H" t="H" l="H"/>
		<a id="6" s="H" t="H" l="H"/>
		<a id="7" s="H" t="H" l="H"/>
		<a id="8" s="C" t="C.3" l="C"/>
		<a id="9" s="H" t="H" l="H"/>
		<a id="10" s="H" t="H" l="H"/>
		<a id="11" s="C" t="C.3" l="C"/>
		<a id="12" s="H" t="H" l="H"/>
		<a id="13" s="H" t="H" l="H"/>
		<a id="14" s="C" t="C.3" l="C"/>
		<a id="15" s="H" t="H" l="H"/>
		<a id="16" s="H" t="H" l="H"/>
		<a id="17" s="C" t="C.3" l="C"/>
		<a id="18" s="H" t="H" l="H"/>
		<a id="19" s="H" t="H" l="H"/>
		<a id="20" s="C" t="C.3" l="C"/>
		<a id="21" s="H" t="H" l="H"/>
		<a id="22" s="H" t="H" l="H"/>
		<a id="23" s="H" t="H" l="H"/>
		<a id="24" s="C" t="C.3" l="C"/>
		<a id="25" s="H" t="H" l="H"/>
		<a id="26" s="H" t="H" l="H"/>
		<a id="27" s="O" t="O.3" l="O"/>
		<a id="28" s="Si" t="Si" l="SI"/>
		<a id="29" s="C" t="C.3" l="C"/>
		<a id="30" s="H" t="H" l="H"/>
		<a id="31" s="H" t="H" l="H"/>
		<a id="32" s="H" t="H" l="H"/>
		<a id="33" s="C" t="C.3" l="C"/>
		<a id="34" s="H" t="H" l="H"/>
		<a id="35" s="H" t="H" l="H"/>
		<a id="36" s="H" t="H" l="H"/>
		<a id="37" s="C" t="C.3" l="C"/>
		<a id="38" s="C" t="C.3" l="C"/>
		<a id="39" s="H" t="H" l="H"/>
		<a id="40" s="H" t="H" l="H"/>
		<a id="41" s="H" t="H" l="H"/>
		<a id="42" s="C" t="C.3" l="C"/>
		<a id="43" s="H" t="H" l="H"/>
		<a id="44" s="H" t="H" l="H"/>
		<a id="45" s="H" t="H" l="H"/>
		<a id="46" s="C" t="C.3" l="C"/>
		<a id="47" s="H" t="H" l="H"/>
		<a id="48" s="H" t="H" l="H"/>
		<a id="49" s="H" t="H" l="H"/>
	</atoms>
	<bonds>
		<b id="1" c="20 17" t="1"/>
		<b id="2" c="17 14" t="1"/>
		<b id="3" c="14 11" t="1"/>
		<b id="4" c="11 8" t="1"/>
		<b id="5" c="8 3" t="1"/>
		<b id="6" c="3 4" t="1"/>
		<b id="7" c="3 2" t="2"/>
		<b id="8" c="2 24" t="1"/>
		<b id="9" c="24 27" t="1"/>
		<b id="10" c="27 28" t="1"/>
		<b id="11" c="28 29" t="1"/>
		<b id="12" c="28 33" t="1"/>
		<b id="13" c="28 37" t="1"/>
		<b id="14" c="37 38" t="1"/>
		<b id="15" c="37 42" t="1"/>
		<b id="16" c="37 46" t="1"/>
		<b id="17" c="20 21" t="1"/>
		<b id="18" c="20 22" t="1"/>
		<b id="19" c="20 23" t="1"/>
		<b id="20" c="17 18" t="1"/>
		<b id="21" c="17 19" t="1"/>
		<b id="22" c="14 15" t="1"/>
		<b id="23" c="14 16" t="1"/>
		<b id="24" c="11 12" t="1"/>
		<b id="25" c="11 13" t="1"/>
		<b id="26" c="8 9" t="1"/>
		<b id="27" c="8 10" t="1"/>
		<b id="28" c="4 5" t="1"/>
		<b id="29" c="4 6" t="1"/>
		<b id="30" c="4 7" t="1"/>
		<b id="31" c="2 1" t="1"/>
		<b id="32" c="24 25" t="1"/>
		<b id="33" c="24 26" t="1"/>
		<b id="34" c="29 30" t="1"/>
		<b id="35" c="29 31" t="1"/>
		<b id="36" c="29 32" t="1"/>
		<b id="37" c="33 34" t="1"/>
		<b id="38" c="33 35" t="1"/>
		<b id="39" c="33 36" t="1"/>
		<b id="40" c="38 39" t="1"/>
		<b id="41" c="38 40" t="1"/>
		<b id="42" c="38 41" t="1"/>
		<b id="43" c="42 43" t="1"/>
		<b id="44" c="42 44" t="1"/>
		<b id="45" c="42 45" t="1"/>
		<b id="46" c="46 47" t="1"/>
		<b id="47" c="46 48" t="1"/>
		<b id="48" c="46 49" t="1"/>
	</bonds>
	<geometry>
		<g u="A" t="cart/3d">#49,3:1.2259,-0.7165,-0.1067;0.9564,0.1892,0.4361;1.7792,1.2548,0.3503;1.5337,2.5852,1.0098;1.6596,3.3957,0.2840;2.2427,2.7422,1.8283;0.5260,2.6874,1.4177;3.0378,1.1757,-0.4960;3.0800,2.0483,-1.1598;2.9858,0.3003,-1.1543;4.3093,1.1013,0.3556;4.3552,1.9697,1.0245;4.2740,0.2188,1.0053;5.5976,1.0897,-0.4744;6.4511,1.0943,0.2154;5.6603,2.0239,-1.0463;5.7564,-0.0835,-1.4445;4.9849,-0.0446,-2.2210;6.7175,0.0265,-1.9613;5.7264,-1.4436,-0.7656;4.7422,-1.6566,-0.3381;6.4722,-1.5008,0.0334;5.9484,-2.2309,-1.4931;-0.3216,0.0486,1.2064;-0.2070,-0.7809,1.9155;-0.5706,0.9510,1.7715;-1.3443,-0.2579,0.2656;-2.9315,-0.3736,0.7919;-3.5979,1.2750,1.3894;-3.0404,1.6196,2.2654;-4.6515,1.1921,1.6709;-3.5086,2.0363,0.6094;-3.1454,-1.6789,2.1215;-4.1969,-1.7794,2.4051;-2.5781,-1.4102,3.0176;-2.7882,-2.6520,1.7728;-4.0931,-0.9541,-0.8327;-3.5876,-2.3222,-1.3348;-4.1622,-2.6512,-2.2081;-2.5329,-2.2780,-1.6295;-3.6864,-3.0957,-0.5652;-3.9422,0.1013,-1.9472;-4.5278,-0.1802,-2.8297;-2.8979,0.2064,-2.2622;-4.2925,1.0864,-1.6203;-5.5675,-1.0605,-0.3983;-5.7014,-1.7998,0.3988;-6.1980,-1.3669,-1.2408;-5.9509,-0.1019,-0.0321;</g>
	</geometry>
	<conformers/>
	<properties/>
</molecule>
