<?xml version="1.0" ?>
<!--MOLLI PACKAGE EXPERIMENTAL XML FORMAT-->
<molecule name="react_427">
	<atoms>
		<a id="1" s="H" t="H" l="H"/>
		<a id="2" s="C" t="C.2" l="C"/>
		<a id="3" s="H" t="H" l="H"/>
		<a id="4" s="C" t="C.2" l="C"/>
		<a id="5" s="C" t="C.3" l="C"/>
		<a id="6" s="H" t="H" l="H"/>
		<a id="7" s="H" t="H" l="H"/>
		<a id="8" s="H" t="H" l="H"/>
		<a id="9" s="C" t="C.3" l="C"/>
		<a id="10" s="H" t="H" l="H"/>
		<a id="11" s="H" t="H" l="H"/>
		<a id="12" s="C" t="C.3" l="C"/>
		<a id="13" s="H" t="H" l="H"/>
		<a id="14" s="H" t="H" l="H"/>
		<a id="15" s="C" t="C.3" l="C"/>
		<a id="16" s="H" t="H" l="H"/>
		<a id="17" s="H" t="H" l="H"/>
		<a id="18" s="C" t="C.3" l="C"/>
		<a id="19" s="H" t="H" l="H"/>
		<a id="20" s="H" t="H" l="H"/>
		<a id="21" s="C" t="C.3" l="C"/>
		<a id="22" s="H" t="H" l="H"/>
		<a id="23" s="H" t="H" l="H"/>
		<a id="24" s="C" t="C.3" l="C"/>
		<a id="25" s="H" t="H" l="H"/>
		<a id="26" s="H" t="H" l="H"/>
		<a id="27" s="H" t="H" l="H"/>
	</atoms>
	<bonds>
		<b id="1" c="2 4" t="2"/>
		<b id="2" c="4 5" t="1"/>
		<b id="3" c="4 9" t="1"/>
		<b id="4" c="9 12" t="1"/>
		<b id="5" c="12 15" t="1"/>
		<b id="6" c="15 18" t="1"/>
		<b id="7" c="18 21" t="1"/>
		<b id="8" c="21 24" t="1"/>
		<b id="9" c="2 1" t="1"/>
		<b id="10" c="2 3" t="1"/>
		<b id="11" c="5 6" t="1"/>
		<b id="12" c="5 7" t="1"/>
		<b id="13" c="5 8" t="1"/>
		<b id="14" c="9 10" t="1"/>
		<b id="15" c="9 11" t="1"/>
		<b id="16" c="12 13" t="1"/>
		<b id="17" c="12 14" t="1"/>
		<b id="18" c="15 16" t="1"/>
		<b id="19" c="15 17" t="1"/>
		<b id="20" c="18 19" t="1"/>
		<b id="21" c="18 20" t="1"/>
		<b id="22" c="21 22" t="1"/>
		<b id="23" c="21 23" t="1"/>
		<b id="24" c="24 25" t="1"/>
		<b id="25" c="24 26" t="1"/>
		<b id="26" c="24 27" t="1"/>
	</bonds>
	<geometry>
		<g u="A" t="cart/3d">#27,3:2.1848,-0.8288,-2.4420;2.7921,-0.1115,-1.9007;3.6798,0.2460,-2.4150;2.4773,0.3206,-0.6681;3.3547,1.3226,0.0366;4.2177,1.6171,-0.5700;3.7347,0.9015,0.9731;2.7855,2.2290,0.2672;1.2624,-0.1170,0.1290;1.6123,-0.5063,1.0938;0.6708,0.7815,0.3417;0.3535,-1.1721,-0.5156;0.9496,-2.0579,-0.7698;-0.0583,-0.7916,-1.4576;-0.7880,-1.6326,0.3989;-1.3538,-2.4141,-0.1236;-0.3582,-2.1088,1.2891;-1.7616,-0.5426,0.8573;-1.2390,0.1910,1.4818;-2.5142,-1.0123,1.5034;-2.4690,0.1676,-0.2970;-2.9595,-0.5690,-0.9436;-1.7434,0.7110,-0.9117;-3.5081,1.1546,0.2127;-4.0000,1.6545,-0.6276;-4.2774,0.6456,0.8021;-3.0447,1.9221,0.8409;</g>
	</geometry>
	<conformers/>
	<properties/>
</molecule>
