<?xml version="1.0" ?>
<!--MOLLI PACKAGE EXPERIMENTAL XML FORMAT-->
<molecule name="react_428">
	<atoms>
		<a id="1" s="H" t="H" l="H"/>
		<a id="2" s="C" t="C.2" l="C"/>
		<a id="3" s="C" t="C.2" l="C"/>
		<a id="4" s="H" t="H" l="H"/>
		<a id="5" s="P" t="P.3" l="P"/>
		<a id="6" s="O" t="O.2" l="O"/>
		<a id="7" s="O" t="O.3" l="O"/>
		<a id="8" s="C" t="C.3" l="C"/>
		<a id="9" s="H" t="H" l="H"/>
		<a id="10" s="H" t="H" l="H"/>
		<a id="11" s="C" t="C.3" l="C"/>
		<a id="12" s="H" t="H" l="H"/>
		<a id="13" s="H" t="H" l="H"/>
		<a id="14" s="H" t="H" l="H"/>
		<a id="15" s="O" t="O.3" l="O"/>
		<a id="16" s="C" t="C.3" l="C"/>
		<a id="17" s="H" t="H" l="H"/>
		<a id="18" s="H" t="H" l="H"/>
		<a id="19" s="C" t="C.3" l="C"/>
		<a id="20" s="H" t="H" l="H"/>
		<a id="21" s="H" t="H" l="H"/>
		<a id="22" s="H" t="H" l="H"/>
		<a id="23" s="C" t="C.3" l="C"/>
		<a id="24" s="H" t="H" l="H"/>
		<a id="25" s="H" t="H" l="H"/>
		<a id="26" s="H" t="H" l="H"/>
	</atoms>
	<bonds>
		<b id="1" c="23 2" t="1"/>
		<b id="2" c="2 3" t="2"/>
		<b id="3" c="3 5" t="1"/>
		<b id="4" c="5 6" t="2"/>
		<b id="5" c="5 7" t="1"/>
		<b id="6" c="7 8" t="1"/>
		<b id="7" c="8 11" t="1"/>
		<b id="8" c="5 15" t="1"/>
		<b id="9" c="15 16" t="1"/>
		<b id="10" c="16 19" t="1"/>
		<b id="11" c="23 24" t="1"/>
		<b id="12" c="23 25" t="1"/>
		<b id="13" c="23 26" t="1"/>
		<b id="14" c="2 1" t="1"/>
		<b id="15" c="3 4" t="1"/>
		<b id="16" c="8 9" t="1"/>
		<b id="17" c="8 10" t="1"/>
		<b id="18" c="11 12" t="1"/>
		<b id="19" c="11 13" t="1"/>
		<b id="20" c="11 14" t="1"/>
		<b id="21" c="16 17" t="1"/>
		<b id="22" c="16 18" t="1"/>
		<b id="23" c="19 20" t="1"/>
		<b id="24" c="19 21" t="1"/>
		<b id="25" c="19 22" t="1"/>
	</bonds>
	<geometry>
		<g u="A" t="cart/3d">#26,3:0.6854,-1.3107,0.8844;1.4747,-1.2718,0.1360;1.3023,-0.5249,-0.9688;2.0916,-0.4919,-1.7118;-0.1146,0.4364,-1.3674;-0.6052,0.5274,-2.7864;-1.2994,-0.0716,-0.3813;-2.0922,-1.1530,-0.8430;-2.7429,-0.8009,-1.6494;-1.4485,-1.9503,-1.2282;-2.9252,-1.6692,0.3116;-2.2811,-2.0050,1.1311;-3.5573,-2.5034,-0.0052;-3.5629,-0.8747,0.7130;0.1673,1.9169,-0.7729;0.4939,2.0843,0.5944;1.5250,1.7597,0.7620;-0.1735,1.4902,1.2254;0.3574,3.5522,0.9454;-0.6661,3.8976,0.7658;0.6102,3.7277,1.9948;1.0145,4.1623,0.3168;2.7015,-2.0740,0.4218;3.4486,-1.9856,-0.3732;3.1571,-1.7366,1.3576;2.4389,-3.1309,0.5277;</g>
	</geometry>
	<conformers/>
	<properties/>
</molecule>
