<?xml version="1.0" ?>
<!--MOLLI PACKAGE EXPERIMENTAL XML FORMAT-->
<molecule name="react_429">
	<atoms>
		<a id="1" s="H" t="H" l="H"/>
		<a id="2" s="C" t="C.2" l="C"/>
		<a id="3" s="C" t="C.2" l="C"/>
		<a id="4" s="H" t="H" l="H"/>
		<a id="5" s="C" t="C.3" l="C"/>
		<a id="6" s="H" t="H" l="H"/>
		<a id="7" s="H" t="H" l="H"/>
		<a id="8" s="Si" t="Si" l="SI"/>
		<a id="9" s="C" t="C.3" l="C"/>
		<a id="10" s="H" t="H" l="H"/>
		<a id="11" s="H" t="H" l="H"/>
		<a id="12" s="H" t="H" l="H"/>
		<a id="13" s="C" t="C.3" l="C"/>
		<a id="14" s="H" t="H" l="H"/>
		<a id="15" s="H" t="H" l="H"/>
		<a id="16" s="H" t="H" l="H"/>
		<a id="17" s="C" t="C.3" l="C"/>
		<a id="18" s="H" t="H" l="H"/>
		<a id="19" s="H" t="H" l="H"/>
		<a id="20" s="H" t="H" l="H"/>
		<a id="21" s="C" t="C.3" l="C"/>
		<a id="22" s="H" t="H" l="H"/>
		<a id="23" s="C" t="C.3" l="C"/>
		<a id="24" s="H" t="H" l="H"/>
		<a id="25" s="H" t="H" l="H"/>
		<a id="26" s="H" t="H" l="H"/>
		<a id="27" s="C" t="C.3" l="C"/>
		<a id="28" s="H" t="H" l="H"/>
		<a id="29" s="H" t="H" l="H"/>
		<a id="30" s="H" t="H" l="H"/>
	</atoms>
	<bonds>
		<b id="1" c="23 21" t="1"/>
		<b id="2" c="21 27" t="1"/>
		<b id="3" c="21 2" t="1"/>
		<b id="4" c="2 3" t="2"/>
		<b id="5" c="3 5" t="1"/>
		<b id="6" c="5 8" t="1"/>
		<b id="7" c="8 9" t="1"/>
		<b id="8" c="8 13" t="1"/>
		<b id="9" c="8 17" t="1"/>
		<b id="10" c="23 24" t="1"/>
		<b id="11" c="23 25" t="1"/>
		<b id="12" c="23 26" t="1"/>
		<b id="13" c="21 22" t="1"/>
		<b id="14" c="27 28" t="1"/>
		<b id="15" c="27 29" t="1"/>
		<b id="16" c="27 30" t="1"/>
		<b id="17" c="2 1" t="1"/>
		<b id="18" c="3 4" t="1"/>
		<b id="19" c="5 6" t="1"/>
		<b id="20" c="5 7" t="1"/>
		<b id="21" c="9 10" t="1"/>
		<b id="22" c="9 11" t="1"/>
		<b id="23" c="9 12" t="1"/>
		<b id="24" c="13 14" t="1"/>
		<b id="25" c="13 15" t="1"/>
		<b id="26" c="13 16" t="1"/>
		<b id="27" c="17 18" t="1"/>
		<b id="28" c="17 19" t="1"/>
		<b id="29" c="17 20" t="1"/>
	</bonds>
	<geometry>
		<g u="A" t="cart/3d">#30,3:1.3979,0.5353,1.4973;1.4798,-0.1628,0.6655;0.3939,-0.8426,0.2631;0.4803,-1.5492,-0.5614;-0.9579,-0.7120,0.9087;-1.2986,-1.7082,1.2134;-0.8991,-0.1040,1.8191;-2.2917,0.0577,-0.2201;-3.9085,0.1433,0.7317;-3.7951,0.7581,1.6294;-4.2283,-0.8568,1.0387;-4.6973,0.5813,0.1130;-2.5218,-1.0076,-1.7464;-2.8007,-2.0278,-1.4667;-3.3112,-0.6001,-2.3850;-1.5991,-1.0530,-2.3323;-1.7698,1.7877,-0.7229;-1.6113,2.4148,0.1595;-0.8384,1.7619,-1.2963;-2.5392,2.2574,-1.3429;2.8397,-0.2964,0.0255;2.7974,-1.0297,-0.7899;3.2758,1.0429,-0.5673;3.3598,1.8172,0.2038;2.5576,1.3920,-1.3177;4.2510,0.9498,-1.0574;3.8601,-0.7898,1.0505;4.8451,-0.9128,0.5872;3.9666,-0.0866,1.8844;3.5628,-1.7599,1.4641;</g>
	</geometry>
	<conformers/>
	<properties/>
</molecule>
