<?xml version="1.0" ?>
<!--MOLLI PACKAGE EXPERIMENTAL XML FORMAT-->
<molecule name="react_431">
	<atoms>
		<a id="1" s="H" t="H" l="H"/>
		<a id="2" s="C" t="C.2" l="C"/>
		<a id="3" s="C" t="C.2" l="C"/>
		<a id="4" s="H" t="H" l="H"/>
		<a id="5" s="C" t="C.3" l="C"/>
		<a id="6" s="H" t="H" l="H"/>
		<a id="7" s="H" t="H" l="H"/>
		<a id="8" s="Si" t="Si" l="SI"/>
		<a id="9" s="C" t="C.3" l="C"/>
		<a id="10" s="H" t="H" l="H"/>
		<a id="11" s="H" t="H" l="H"/>
		<a id="12" s="H" t="H" l="H"/>
		<a id="13" s="C" t="C.3" l="C"/>
		<a id="14" s="H" t="H" l="H"/>
		<a id="15" s="H" t="H" l="H"/>
		<a id="16" s="H" t="H" l="H"/>
		<a id="17" s="C" t="C.3" l="C"/>
		<a id="18" s="H" t="H" l="H"/>
		<a id="19" s="H" t="H" l="H"/>
		<a id="20" s="H" t="H" l="H"/>
		<a id="21" s="C" t="C.3" l="C"/>
		<a id="22" s="H" t="H" l="H"/>
		<a id="23" s="H" t="H" l="H"/>
		<a id="24" s="C" t="C.3" l="C"/>
		<a id="25" s="H" t="H" l="H"/>
		<a id="26" s="H" t="H" l="H"/>
		<a id="27" s="C" t="C.3" l="C"/>
		<a id="28" s="H" t="H" l="H"/>
		<a id="29" s="H" t="H" l="H"/>
		<a id="30" s="C" t="C.3" l="C"/>
		<a id="31" s="H" t="H" l="H"/>
		<a id="32" s="H" t="H" l="H"/>
		<a id="33" s="C" t="C.3" l="C"/>
		<a id="34" s="H" t="H" l="H"/>
		<a id="35" s="H" t="H" l="H"/>
		<a id="36" s="H" t="H" l="H"/>
	</atoms>
	<bonds>
		<b id="1" c="33 30" t="1"/>
		<b id="2" c="30 27" t="1"/>
		<b id="3" c="27 24" t="1"/>
		<b id="4" c="24 21" t="1"/>
		<b id="5" c="21 2" t="1"/>
		<b id="6" c="2 3" t="2"/>
		<b id="7" c="3 5" t="1"/>
		<b id="8" c="5 8" t="1"/>
		<b id="9" c="8 9" t="1"/>
		<b id="10" c="8 13" t="1"/>
		<b id="11" c="8 17" t="1"/>
		<b id="12" c="33 34" t="1"/>
		<b id="13" c="33 35" t="1"/>
		<b id="14" c="33 36" t="1"/>
		<b id="15" c="30 31" t="1"/>
		<b id="16" c="30 32" t="1"/>
		<b id="17" c="27 28" t="1"/>
		<b id="18" c="27 29" t="1"/>
		<b id="19" c="24 25" t="1"/>
		<b id="20" c="24 26" t="1"/>
		<b id="21" c="21 22" t="1"/>
		<b id="22" c="21 23" t="1"/>
		<b id="23" c="2 1" t="1"/>
		<b id="24" c="3 4" t="1"/>
		<b id="25" c="5 6" t="1"/>
		<b id="26" c="5 7" t="1"/>
		<b id="27" c="9 10" t="1"/>
		<b id="28" c="9 11" t="1"/>
		<b id="29" c="9 12" t="1"/>
		<b id="30" c="13 14" t="1"/>
		<b id="31" c="13 15" t="1"/>
		<b id="32" c="13 16" t="1"/>
		<b id="33" c="17 18" t="1"/>
		<b id="34" c="17 19" t="1"/>
		<b id="35" c="17 20" t="1"/>
	</bonds>
	<geometry>
		<g u="A" t="cart/3d">#36,3:-0.5805,-0.5288,-0.8581;-0.0524,-0.6227,0.0855;-0.6193,-0.2441,1.2423;-0.0330,-0.3723,2.1539;-1.9788,0.3523,1.4956;-2.5043,-0.3197,2.1855;-1.8207,1.2892,2.0447;-3.1922,0.7537,0.0993;-4.7365,1.5187,0.8676;-4.4812,2.4347,1.4082;-5.4671,1.7665,0.0921;-5.2005,0.8200,1.5699;-2.4452,1.9936,-1.0925;-1.5745,1.5774,-1.6061;-2.1289,2.8960,-0.5608;-3.1778,2.2848,-1.8514;-3.6941,-0.8055,-0.8130;-4.4566,-0.5807,-1.5648;-4.1085,-1.5416,-0.1176;-2.8411,-1.2608,-1.3232;1.3302,-1.2102,-0.0112;1.2543,-2.1968,-0.4837;1.7477,-1.3663,0.9896;2.2537,-0.3091,-0.8341;1.7964,-0.1191,-1.8142;2.3509,0.6701,-0.3500;3.6407,-0.9149,-1.0729;4.2117,-0.2279,-1.7101;3.5286,-1.8437,-1.6461;4.4603,-1.2174,0.1838;5.4232,-1.6400,-0.1279;3.9670,-1.9887,0.7853;4.7268,0.0065,1.0459;5.4004,-0.2535,1.8688;3.8037,0.3963,1.4849;5.1975,0.8037,0.4620;</g>
	</geometry>
	<conformers/>
	<properties/>
</molecule>
