<?xml version="1.0" ?>
<!--MOLLI PACKAGE EXPERIMENTAL XML FORMAT-->
<molecule name="react_432">
	<atoms>
		<a id="1" s="H" t="H" l="H"/>
		<a id="2" s="O" t="O.3" l="O"/>
		<a id="3" s="C" t="C.3" l="C"/>
		<a id="4" s="H" t="H" l="H"/>
		<a id="5" s="H" t="H" l="H"/>
		<a id="6" s="C" t="C.2" l="C"/>
		<a id="7" s="H" t="H" l="H"/>
		<a id="8" s="C" t="C.2" l="C"/>
		<a id="9" s="H" t="H" l="H"/>
		<a id="10" s="C" t="C.3" l="C"/>
		<a id="11" s="H" t="H" l="H"/>
		<a id="12" s="H" t="H" l="H"/>
		<a id="13" s="C" t="C.3" l="C"/>
		<a id="14" s="H" t="H" l="H"/>
		<a id="15" s="H" t="H" l="H"/>
		<a id="16" s="C" t="C.3" l="C"/>
		<a id="17" s="H" t="H" l="H"/>
		<a id="18" s="H" t="H" l="H"/>
		<a id="19" s="C" t="C.3" l="C"/>
		<a id="20" s="H" t="H" l="H"/>
		<a id="21" s="H" t="H" l="H"/>
		<a id="22" s="C" t="C.3" l="C"/>
		<a id="23" s="H" t="H" l="H"/>
		<a id="24" s="H" t="H" l="H"/>
		<a id="25" s="C" t="C.3" l="C"/>
		<a id="26" s="H" t="H" l="H"/>
		<a id="27" s="H" t="H" l="H"/>
		<a id="28" s="C" t="C.3" l="C"/>
		<a id="29" s="H" t="H" l="H"/>
		<a id="30" s="H" t="H" l="H"/>
		<a id="31" s="C" t="C.3" l="C"/>
		<a id="32" s="H" t="H" l="H"/>
		<a id="33" s="H" t="H" l="H"/>
		<a id="34" s="H" t="H" l="H"/>
	</atoms>
	<bonds>
		<b id="1" c="31 28" t="1"/>
		<b id="2" c="28 25" t="1"/>
		<b id="3" c="25 22" t="1"/>
		<b id="4" c="22 19" t="1"/>
		<b id="5" c="19 16" t="1"/>
		<b id="6" c="16 13" t="1"/>
		<b id="7" c="13 10" t="1"/>
		<b id="8" c="10 8" t="1"/>
		<b id="9" c="8 6" t="2"/>
		<b id="10" c="6 3" t="1"/>
		<b id="11" c="3 2" t="1"/>
		<b id="12" c="31 32" t="1"/>
		<b id="13" c="31 33" t="1"/>
		<b id="14" c="31 34" t="1"/>
		<b id="15" c="28 29" t="1"/>
		<b id="16" c="28 30" t="1"/>
		<b id="17" c="25 26" t="1"/>
		<b id="18" c="25 27" t="1"/>
		<b id="19" c="22 23" t="1"/>
		<b id="20" c="22 24" t="1"/>
		<b id="21" c="19 20" t="1"/>
		<b id="22" c="19 21" t="1"/>
		<b id="23" c="16 17" t="1"/>
		<b id="24" c="16 18" t="1"/>
		<b id="25" c="13 14" t="1"/>
		<b id="26" c="13 15" t="1"/>
		<b id="27" c="10 11" t="1"/>
		<b id="28" c="10 12" t="1"/>
		<b id="29" c="8 9" t="1"/>
		<b id="30" c="6 7" t="1"/>
		<b id="31" c="3 4" t="1"/>
		<b id="32" c="3 5" t="1"/>
		<b id="33" c="2 1" t="1"/>
	</bonds>
	<geometry>
		<g u="A" t="cart/3d">#34,3:6.0991,0.4877,-0.9519;6.6466,0.1059,-0.2445;5.9327,0.2937,0.9663;5.9254,1.3615,1.2063;6.4585,-0.2359,1.7660;4.5590,-0.2646,0.7921;4.5075,-1.3297,0.5760;3.4292,0.4539,0.8912;3.4824,1.5176,1.1162;2.0518,-0.1249,0.7227;1.4959,0.0564,1.6489;2.1023,-1.2119,0.5862;1.3290,0.5113,-0.4672;1.9502,0.4015,-1.3658;1.2085,1.5893,-0.3005;-0.0388,-0.1169,-0.7574;0.0780,-1.1963,-0.9122;-0.3992,0.3016,-1.7035;-1.0703,0.1406,0.3443;-0.7070,-0.2798,1.2887;-1.1866,1.2197,0.5011;-2.4389,-0.4886,0.0569;-2.3172,-1.5601,-0.1424;-3.0394,-0.4022,0.9696;-3.1824,0.1755,-1.1052;-2.5880,0.0872,-2.0211;-3.3010,1.2474,-0.9057;-4.5527,-0.4494,-1.3821;-4.4425,-1.5239,-1.5690;-4.9545,-0.0076,-2.3019;-5.5605,-0.2295,-0.2644;-6.5431,-0.6063,-0.5662;-5.2709,-0.7583,0.6482;-5.6633,0.8349,-0.0312;</g>
	</geometry>
	<conformers/>
	<properties/>
</molecule>
