<?xml version="1.0" ?>
<!--MOLLI PACKAGE EXPERIMENTAL XML FORMAT-->
<molecule name="react_440">
	<atoms>
		<a id="1" s="H" t="H" l="H"/>
		<a id="2" s="C" t="C.2" l="C"/>
		<a id="3" s="C" t="C.2" l="C"/>
		<a id="4" s="C" t="C.3" l="C"/>
		<a id="5" s="H" t="H" l="H"/>
		<a id="6" s="H" t="H" l="H"/>
		<a id="7" s="H" t="H" l="H"/>
		<a id="8" s="C" t="C.3" l="C"/>
		<a id="9" s="H" t="H" l="H"/>
		<a id="10" s="H" t="H" l="H"/>
		<a id="11" s="C" t="C.1" l="C"/>
		<a id="12" s="C" t="C.1" l="C"/>
		<a id="13" s="C" t="C.3" l="C"/>
		<a id="14" s="H" t="H" l="H"/>
		<a id="15" s="H" t="H" l="H"/>
		<a id="16" s="H" t="H" l="H"/>
		<a id="17" s="C" t="C.3" l="C"/>
		<a id="18" s="H" t="H" l="H"/>
		<a id="19" s="H" t="H" l="H"/>
		<a id="20" s="H" t="H" l="H"/>
	</atoms>
	<bonds>
		<b id="1" c="13 12" t="1"/>
		<b id="2" c="12 11" t="3"/>
		<b id="3" c="11 8" t="1"/>
		<b id="4" c="8 3" t="1"/>
		<b id="5" c="3 4" t="1"/>
		<b id="6" c="3 2" t="2"/>
		<b id="7" c="2 17" t="1"/>
		<b id="8" c="13 14" t="1"/>
		<b id="9" c="13 15" t="1"/>
		<b id="10" c="13 16" t="1"/>
		<b id="11" c="8 9" t="1"/>
		<b id="12" c="8 10" t="1"/>
		<b id="13" c="4 5" t="1"/>
		<b id="14" c="4 6" t="1"/>
		<b id="15" c="4 7" t="1"/>
		<b id="16" c="2 1" t="1"/>
		<b id="17" c="17 18" t="1"/>
		<b id="18" c="17 19" t="1"/>
		<b id="19" c="17 20" t="1"/>
	</bonds>
	<geometry>
		<g u="A" t="cart/3d">#20,3:-1.7843,1.6633,0.6820;-1.8304,0.7711,0.0573;-0.9486,-0.2222,0.2951;-0.9017,-1.5250,-0.4603;-1.7656,-1.6793,-1.1105;-0.8855,-2.3670,0.2404;-0.0018,-1.5760,-1.0813;0.0675,-0.0978,1.4148;0.0162,-0.9855,2.0562;-0.1645,0.7577,2.0609;1.4249,0.0625,0.8720;2.5357,0.1938,0.4330;3.8854,0.3550,-0.1071;4.6217,-0.1434,0.5306;4.1543,1.4135,-0.1731;3.9572,-0.0768,-1.1099;-2.8858,0.8366,-1.0004;-2.8270,0.0279,-1.7310;-3.8769,0.8132,-0.5373;-2.7907,1.7783,-1.5510;</g>
	</geometry>
	<conformers/>
	<properties/>
</molecule>
