<?xml version="1.0" ?>
<!--MOLLI PACKAGE EXPERIMENTAL XML FORMAT-->
<molecule name="react_501">
	<atoms>
		<a id="1" s="H" t="H" l="H"/>
		<a id="2" s="C" t="C.2" l="C"/>
		<a id="3" s="C" t="C.2" l="C"/>
		<a id="4" s="H" t="H" l="H"/>
		<a id="5" s="C" t="C.3" l="C"/>
		<a id="6" s="H" t="H" l="H"/>
		<a id="7" s="H" t="H" l="H"/>
		<a id="8" s="C" t="C.3" l="C"/>
		<a id="9" s="H" t="H" l="H"/>
		<a id="10" s="H" t="H" l="H"/>
		<a id="11" s="O" t="O.3" l="O"/>
		<a id="12" s="S" t="S.O2" l="S"/>
		<a id="13" s="O" t="O.2" l="O"/>
		<a id="14" s="O" t="O.2" l="O"/>
		<a id="15" s="C" t="C.3" l="C"/>
		<a id="16" s="H" t="H" l="H"/>
		<a id="17" s="H" t="H" l="H"/>
		<a id="18" s="H" t="H" l="H"/>
		<a id="19" s="C" t="C.3" l="C"/>
		<a id="20" s="H" t="H" l="H"/>
		<a id="21" s="H" t="H" l="H"/>
		<a id="22" s="H" t="H" l="H"/>
	</atoms>
	<bonds>
		<b id="1" c="19 2" t="1"/>
		<b id="2" c="2 3" t="2"/>
		<b id="3" c="3 5" t="1"/>
		<b id="4" c="5 8" t="1"/>
		<b id="5" c="8 11" t="1"/>
		<b id="6" c="11 12" t="1"/>
		<b id="7" c="12 15" t="1"/>
		<b id="8" c="12 13" t="2"/>
		<b id="9" c="12 14" t="2"/>
		<b id="10" c="19 20" t="1"/>
		<b id="11" c="19 21" t="1"/>
		<b id="12" c="19 22" t="1"/>
		<b id="13" c="2 1" t="1"/>
		<b id="14" c="3 4" t="1"/>
		<b id="15" c="5 6" t="1"/>
		<b id="16" c="5 7" t="1"/>
		<b id="17" c="8 9" t="1"/>
		<b id="18" c="8 10" t="1"/>
		<b id="19" c="15 16" t="1"/>
		<b id="20" c="15 17" t="1"/>
		<b id="21" c="15 18" t="1"/>
	</bonds>
	<geometry>
		<g u="A" t="cart/3d">#22,3:-2.5372,-1.2835,1.6603;-2.8564,-0.5734,0.9000;-1.9615,0.2525,0.3364;-2.2880,0.9651,-0.4193;-0.5032,0.2761,0.6938;-0.2885,-0.3930,1.5365;-0.2378,1.2817,1.0428;0.3843,-0.1022,-0.4887;0.2184,0.5856,-1.3260;0.1602,-1.1222,-0.8220;1.7436,-0.0271,-0.0781;2.8737,-0.3771,-1.1968;2.7751,-1.7822,-1.5290;2.8539,0.6559,-2.2103;4.2957,-0.1337,-0.1613;4.3023,0.8989,0.1925;4.2462,-0.8319,0.6763;5.1880,-0.3298,-0.7593;-4.3095,-0.5936,0.5509;-4.9090,-0.3769,1.4403;-4.5609,0.1432,-0.2184;-4.5894,-1.5841,0.1796;</g>
	</geometry>
	<conformers/>
	<properties/>
</molecule>
