<?xml version="1.0" ?>
<!--MOLLI PACKAGE EXPERIMENTAL XML FORMAT-->
<molecule name="react_511">
	<atoms>
		<a id="1" s="H" t="H" l="H"/>
		<a id="2" s="C" t="C.2" l="C"/>
		<a id="3" s="C" t="C.2" l="C"/>
		<a id="4" s="H" t="H" l="H"/>
		<a id="5" s="C" t="C.3" l="C"/>
		<a id="6" s="H" t="H" l="H"/>
		<a id="7" s="H" t="H" l="H"/>
		<a id="8" s="C" t="C.3" l="C"/>
		<a id="9" s="H" t="H" l="H"/>
		<a id="10" s="H" t="H" l="H"/>
		<a id="11" s="C" t="C.3" l="C"/>
		<a id="12" s="H" t="H" l="H"/>
		<a id="13" s="H" t="H" l="H"/>
		<a id="14" s="C" t="C.3" l="C"/>
		<a id="15" s="H" t="H" l="H"/>
		<a id="16" s="H" t="H" l="H"/>
		<a id="17" s="C" t="C.3" l="C"/>
		<a id="18" s="H" t="H" l="H"/>
		<a id="19" s="H" t="H" l="H"/>
		<a id="20" s="H" t="H" l="H"/>
		<a id="21" s="C" t="C.3" l="C"/>
		<a id="22" s="H" t="H" l="H"/>
		<a id="23" s="H" t="H" l="H"/>
		<a id="24" s="H" t="H" l="H"/>
	</atoms>
	<bonds>
		<b id="1" c="21 2" t="1"/>
		<b id="2" c="2 3" t="2"/>
		<b id="3" c="3 5" t="1"/>
		<b id="4" c="5 8" t="1"/>
		<b id="5" c="8 11" t="1"/>
		<b id="6" c="11 14" t="1"/>
		<b id="7" c="14 17" t="1"/>
		<b id="8" c="21 22" t="1"/>
		<b id="9" c="21 23" t="1"/>
		<b id="10" c="21 24" t="1"/>
		<b id="11" c="2 1" t="1"/>
		<b id="12" c="3 4" t="1"/>
		<b id="13" c="5 6" t="1"/>
		<b id="14" c="5 7" t="1"/>
		<b id="15" c="8 9" t="1"/>
		<b id="16" c="8 10" t="1"/>
		<b id="17" c="11 12" t="1"/>
		<b id="18" c="11 13" t="1"/>
		<b id="19" c="14 15" t="1"/>
		<b id="20" c="14 16" t="1"/>
		<b id="21" c="17 18" t="1"/>
		<b id="22" c="17 19" t="1"/>
		<b id="23" c="17 20" t="1"/>
	</bonds>
	<geometry>
		<g u="A" t="cart/3d">#24,3:1.8816,1.9552,-0.0448;2.4476,1.0548,-0.2739;1.9221,-0.1507,-0.0065;2.4927,-1.0494,-0.2333;0.5682,-0.3572,0.6134;0.1286,0.6073,0.8908;0.6953,-0.9296,1.5399;-0.3655,-1.1088,-0.3380;-0.5158,-0.5256,-1.2545;0.1127,-2.0468,-0.6500;-1.7197,-1.4582,0.2880;-1.5540,-2.1241,1.1441;-2.2984,-2.0365,-0.4432;-2.5635,-0.2698,0.7554;-2.0577,0.2618,1.5686;-3.4989,-0.6577,1.1768;-2.9050,0.7090,-0.3570;-2.0119,1.2184,-0.7308;-3.3900,0.1985,-1.1949;-3.5915,1.4761,0.0155;3.7954,1.2611,-0.8847;3.6971,1.8072,-1.8279;4.3066,0.3152,-1.0895;4.4240,1.8499,-0.2097;</g>
	</geometry>
	<conformers/>
	<properties/>
</molecule>
