<?xml version="1.0" ?>
<!--MOLLI PACKAGE EXPERIMENTAL XML FORMAT-->
<molecule name="react_25">
	<atoms>
		<a id="1" s="H" t="H" l="H"/>
		<a id="2" s="C" t="C.2" l="C"/>
		<a id="3" s="H" t="H" l="H"/>
		<a id="4" s="C" t="C.2" l="C"/>
		<a id="5" s="H" t="H" l="H"/>
		<a id="6" s="C" t="C.3" l="C"/>
		<a id="7" s="H" t="H" l="H"/>
		<a id="8" s="H" t="H" l="H"/>
		<a id="9" s="C" t="C.3" l="C"/>
		<a id="10" s="H" t="H" l="H"/>
		<a id="11" s="H" t="H" l="H"/>
		<a id="12" s="C" t="C.3" l="C"/>
		<a id="13" s="H" t="H" l="H"/>
		<a id="14" s="H" t="H" l="H"/>
		<a id="15" s="C" t="C.3" l="C"/>
		<a id="16" s="H" t="H" l="H"/>
		<a id="17" s="H" t="H" l="H"/>
		<a id="18" s="C" t="C.3" l="C"/>
		<a id="19" s="H" t="H" l="H"/>
		<a id="20" s="H" t="H" l="H"/>
		<a id="21" s="C" t="C.3" l="C"/>
		<a id="22" s="H" t="H" l="H"/>
		<a id="23" s="H" t="H" l="H"/>
		<a id="24" s="C" t="C.3" l="C"/>
		<a id="25" s="H" t="H" l="H"/>
		<a id="26" s="H" t="H" l="H"/>
		<a id="27" s="C" t="C.3" l="C"/>
		<a id="28" s="H" t="H" l="H"/>
		<a id="29" s="H" t="H" l="H"/>
		<a id="30" s="C" t="C.3" l="C"/>
		<a id="31" s="H" t="H" l="H"/>
		<a id="32" s="O" t="O.3" l="O"/>
		<a id="33" s="C" t="C.3" l="C"/>
		<a id="34" s="H" t="H" l="H"/>
		<a id="35" s="H" t="H" l="H"/>
		<a id="36" s="C" t="C.3" l="C"/>
		<a id="37" s="H" t="H" l="H"/>
		<a id="38" s="H" t="H" l="H"/>
		<a id="39" s="O" t="O.3" l="O"/>
	</atoms>
	<bonds>
		<b id="1" c="2 4" t="2"/>
		<b id="2" c="4 6" t="1"/>
		<b id="3" c="6 9" t="1"/>
		<b id="4" c="9 12" t="1"/>
		<b id="5" c="12 15" t="1"/>
		<b id="6" c="15 18" t="1"/>
		<b id="7" c="18 21" t="1"/>
		<b id="8" c="21 24" t="1"/>
		<b id="9" c="24 27" t="1"/>
		<b id="10" c="27 30" t="1"/>
		<b id="11" c="30 32" t="1"/>
		<b id="12" c="32 33" t="1"/>
		<b id="13" c="33 36" t="1"/>
		<b id="14" c="36 39" t="1"/>
		<b id="15" c="39 30" t="1"/>
		<b id="16" c="2 1" t="1"/>
		<b id="17" c="2 3" t="1"/>
		<b id="18" c="4 5" t="1"/>
		<b id="19" c="6 7" t="1"/>
		<b id="20" c="6 8" t="1"/>
		<b id="21" c="9 10" t="1"/>
		<b id="22" c="9 11" t="1"/>
		<b id="23" c="12 13" t="1"/>
		<b id="24" c="12 14" t="1"/>
		<b id="25" c="15 16" t="1"/>
		<b id="26" c="15 17" t="1"/>
		<b id="27" c="18 19" t="1"/>
		<b id="28" c="18 20" t="1"/>
		<b id="29" c="21 22" t="1"/>
		<b id="30" c="21 23" t="1"/>
		<b id="31" c="24 25" t="1"/>
		<b id="32" c="24 26" t="1"/>
		<b id="33" c="27 28" t="1"/>
		<b id="34" c="27 29" t="1"/>
		<b id="35" c="30 31" t="1"/>
		<b id="36" c="33 34" t="1"/>
		<b id="37" c="33 35" t="1"/>
		<b id="38" c="36 37" t="1"/>
		<b id="39" c="36 38" t="1"/>
	</bonds>
	<geometry>
		<g u="A" t="cart/3d">#39,3:-5.1144,2.3394,1.6735;-4.0915,2.3570,1.3107;-3.4808,3.2148,1.5757;-3.5891,1.3636,0.5660;-2.5589,1.4415,0.2286;-4.3701,0.1474,0.1511;-5.4138,0.2659,0.4705;-4.3907,0.0858,-0.9430;-3.8324,-1.1541,0.7580;-4.6877,-1.8216,0.9271;-3.3888,-0.9716,1.7448;-2.8403,-1.9209,-0.1252;-2.6151,-2.8727,0.3726;-3.3227,-2.1747,-1.0773;-1.5315,-1.1796,-0.3987;-1.1110,-0.8279,0.5495;-1.7269,-0.3029,-1.0252;-0.5238,-2.0833,-1.1150;-0.2642,-2.9321,-0.4707;-0.9935,-2.5015,-2.0141;0.7536,-1.3534,-1.5404;1.3587,-2.0458,-2.1388;0.4952,-0.5130,-2.1962;1.5890,-0.8497,-0.3611;1.8010,-1.6816,0.3212;1.0226,-0.1011,0.2031;2.9059,-0.2344,-0.8401;3.4718,-0.9629,-1.4336;2.6874,0.6066,-1.5108;3.7732,0.2553,0.3172;3.9992,-0.5658,1.0067;3.1028,1.2884,1.0533;3.8433,2.4751,0.7721;3.4146,2.9378,-0.1234;3.7822,3.1771,1.6072;5.2353,1.9659,0.5189;5.8531,2.6581,-0.0583;5.7485,1.7107,1.4524;5.0101,0.7602,-0.2085;</g>
	</geometry>
	<conformers/>
	<properties/>
</molecule>
