<?xml version="1.0" ?>
<!--MOLLI PACKAGE EXPERIMENTAL XML FORMAT-->
<molecule name="react_520">
	<atoms>
		<a id="1" s="H" t="H" l="H"/>
		<a id="2" s="C" t="C.2" l="C"/>
		<a id="3" s="H" t="H" l="H"/>
		<a id="4" s="C" t="C.2" l="C"/>
		<a id="5" s="H" t="H" l="H"/>
		<a id="6" s="C" t="C.3" l="C"/>
		<a id="7" s="H" t="H" l="H"/>
		<a id="8" s="H" t="H" l="H"/>
		<a id="9" s="C" t="C.3" l="C"/>
		<a id="10" s="H" t="H" l="H"/>
		<a id="11" s="H" t="H" l="H"/>
		<a id="12" s="C" t="C.3" l="C"/>
		<a id="13" s="H" t="H" l="H"/>
		<a id="14" s="H" t="H" l="H"/>
		<a id="15" s="C" t="C.3" l="C"/>
		<a id="16" s="H" t="H" l="H"/>
		<a id="17" s="H" t="H" l="H"/>
		<a id="18" s="C" t="C.3" l="C"/>
		<a id="19" s="H" t="H" l="H"/>
		<a id="20" s="H" t="H" l="H"/>
		<a id="21" s="C" t="C.3" l="C"/>
		<a id="22" s="H" t="H" l="H"/>
		<a id="23" s="H" t="H" l="H"/>
		<a id="24" s="C" t="C.3" l="C"/>
		<a id="25" s="H" t="H" l="H"/>
		<a id="26" s="H" t="H" l="H"/>
		<a id="27" s="C" t="C.3" l="C"/>
		<a id="28" s="H" t="H" l="H"/>
		<a id="29" s="H" t="H" l="H"/>
		<a id="30" s="C" t="C.3" l="C"/>
		<a id="31" s="H" t="H" l="H"/>
		<a id="32" s="H" t="H" l="H"/>
		<a id="33" s="C" t="C.3" l="C"/>
		<a id="34" s="H" t="H" l="H"/>
		<a id="35" s="H" t="H" l="H"/>
		<a id="36" s="C" t="C.3" l="C"/>
		<a id="37" s="H" t="H" l="H"/>
		<a id="38" s="H" t="H" l="H"/>
		<a id="39" s="C" t="C.3" l="C"/>
		<a id="40" s="H" t="H" l="H"/>
		<a id="41" s="H" t="H" l="H"/>
		<a id="42" s="C" t="C.3" l="C"/>
		<a id="43" s="H" t="H" l="H"/>
		<a id="44" s="H" t="H" l="H"/>
		<a id="45" s="C" t="C.3" l="C"/>
		<a id="46" s="H" t="H" l="H"/>
		<a id="47" s="H" t="H" l="H"/>
		<a id="48" s="H" t="H" l="H"/>
	</atoms>
	<bonds>
		<b id="1" c="2 4" t="2"/>
		<b id="2" c="4 6" t="1"/>
		<b id="3" c="6 9" t="1"/>
		<b id="4" c="9 12" t="1"/>
		<b id="5" c="12 15" t="1"/>
		<b id="6" c="15 18" t="1"/>
		<b id="7" c="18 21" t="1"/>
		<b id="8" c="21 24" t="1"/>
		<b id="9" c="24 27" t="1"/>
		<b id="10" c="27 30" t="1"/>
		<b id="11" c="30 33" t="1"/>
		<b id="12" c="33 36" t="1"/>
		<b id="13" c="36 39" t="1"/>
		<b id="14" c="39 42" t="1"/>
		<b id="15" c="42 45" t="1"/>
		<b id="16" c="2 1" t="1"/>
		<b id="17" c="2 3" t="1"/>
		<b id="18" c="4 5" t="1"/>
		<b id="19" c="6 7" t="1"/>
		<b id="20" c="6 8" t="1"/>
		<b id="21" c="9 10" t="1"/>
		<b id="22" c="9 11" t="1"/>
		<b id="23" c="12 13" t="1"/>
		<b id="24" c="12 14" t="1"/>
		<b id="25" c="15 16" t="1"/>
		<b id="26" c="15 17" t="1"/>
		<b id="27" c="18 19" t="1"/>
		<b id="28" c="18 20" t="1"/>
		<b id="29" c="21 22" t="1"/>
		<b id="30" c="21 23" t="1"/>
		<b id="31" c="24 25" t="1"/>
		<b id="32" c="24 26" t="1"/>
		<b id="33" c="27 28" t="1"/>
		<b id="34" c="27 29" t="1"/>
		<b id="35" c="30 31" t="1"/>
		<b id="36" c="30 32" t="1"/>
		<b id="37" c="33 34" t="1"/>
		<b id="38" c="33 35" t="1"/>
		<b id="39" c="36 37" t="1"/>
		<b id="40" c="36 38" t="1"/>
		<b id="41" c="39 40" t="1"/>
		<b id="42" c="39 41" t="1"/>
		<b id="43" c="42 43" t="1"/>
		<b id="44" c="42 44" t="1"/>
		<b id="45" c="45 46" t="1"/>
		<b id="46" c="45 47" t="1"/>
		<b id="47" c="45 48" t="1"/>
	</bonds>
	<geometry>
		<g u="A" t="cart/3d">#48,3:6.6647,-1.2537,-0.2033;7.2451,-0.3516,-0.0436;8.2962,-0.3887,-0.3147;6.7140,0.7694,0.4615;7.3718,1.6294,0.5855;5.2878,1.0001,0.8883;5.3033,1.3353,1.9328;4.9043,1.8370,0.2935;4.3369,-0.1961,0.7655;4.2765,-0.5279,-0.2775;4.7430,-1.0403,1.3376;2.9300,0.0916,1.3010;2.3434,-0.8331,1.2538;3.0030,0.3403,2.3675;2.1619,1.2183,0.6001;1.1680,1.2817,1.0537;2.6474,2.1747,0.8305;2.0354,1.1051,-0.9244;3.0428,1.1477,-1.3559;1.5169,1.9939,-1.3045;1.3441,-0.1593,-1.4466;1.5325,-1.0203,-0.7983;1.8036,-0.4083,-2.4125;-0.1620,-0.0218,-1.7024;-0.3361,0.7765,-2.4343;-0.4957,-0.9529,-2.1734;-0.9914,0.2497,-0.4478;-0.7288,1.2382,-0.0561;-0.7500,-0.4835,0.3308;-2.5036,0.2527,-0.7028;-2.9893,0.6473,0.1946;-2.7376,0.9494,-1.5170;-3.0684,-1.1329,-1.0299;-2.6410,-1.4648,-1.9832;-2.7537,-1.8628,-0.2750;-4.5950,-1.1410,-1.1834;-4.8405,-1.8486,-1.9865;-4.9624,-0.1662,-1.5223;-5.3576,-1.6130,0.0602;-4.9997,-2.6132,0.3353;-6.4144,-1.7333,-0.2104;-5.2686,-0.7117,1.2912;-5.7977,-1.2053,2.1158;-4.2289,-0.6064,1.6166;-5.8917,0.6597,1.0814;-6.9384,0.5708,0.7733;-5.3581,1.2362,0.3209;-5.8621,1.2320,2.0142;</g>
	</geometry>
	<conformers/>
	<properties/>
</molecule>
