<?xml version="1.0" ?>
<!--MOLLI PACKAGE EXPERIMENTAL XML FORMAT-->
<molecule name="react_521">
	<atoms>
		<a id="1" s="H" t="H" l="H"/>
		<a id="2" s="C" t="C.2" l="C"/>
		<a id="3" s="H" t="H" l="H"/>
		<a id="4" s="C" t="C.2" l="C"/>
		<a id="5" s="H" t="H" l="H"/>
		<a id="6" s="C" t="C.3" l="C"/>
		<a id="7" s="H" t="H" l="H"/>
		<a id="8" s="H" t="H" l="H"/>
		<a id="9" s="C" t="C.3" l="C"/>
		<a id="10" s="H" t="H" l="H"/>
		<a id="11" s="H" t="H" l="H"/>
		<a id="12" s="C" t="C.3" l="C"/>
		<a id="13" s="H" t="H" l="H"/>
		<a id="14" s="H" t="H" l="H"/>
		<a id="15" s="C" t="C.3" l="C"/>
		<a id="16" s="H" t="H" l="H"/>
		<a id="17" s="H" t="H" l="H"/>
		<a id="18" s="C" t="C.3" l="C"/>
		<a id="19" s="H" t="H" l="H"/>
		<a id="20" s="H" t="H" l="H"/>
		<a id="21" s="C" t="C.3" l="C"/>
		<a id="22" s="H" t="H" l="H"/>
		<a id="23" s="H" t="H" l="H"/>
		<a id="24" s="C" t="C.3" l="C"/>
		<a id="25" s="H" t="H" l="H"/>
		<a id="26" s="H" t="H" l="H"/>
		<a id="27" s="C" t="C.3" l="C"/>
		<a id="28" s="H" t="H" l="H"/>
		<a id="29" s="H" t="H" l="H"/>
		<a id="30" s="C" t="C.3" l="C"/>
		<a id="31" s="H" t="H" l="H"/>
		<a id="32" s="H" t="H" l="H"/>
		<a id="33" s="C" t="C.3" l="C"/>
		<a id="34" s="H" t="H" l="H"/>
		<a id="35" s="H" t="H" l="H"/>
		<a id="36" s="C" t="C.3" l="C"/>
		<a id="37" s="H" t="H" l="H"/>
		<a id="38" s="H" t="H" l="H"/>
		<a id="39" s="C" t="C.3" l="C"/>
		<a id="40" s="H" t="H" l="H"/>
		<a id="41" s="H" t="H" l="H"/>
		<a id="42" s="H" t="H" l="H"/>
	</atoms>
	<bonds>
		<b id="1" c="2 4" t="2"/>
		<b id="2" c="4 6" t="1"/>
		<b id="3" c="6 9" t="1"/>
		<b id="4" c="9 12" t="1"/>
		<b id="5" c="12 15" t="1"/>
		<b id="6" c="15 18" t="1"/>
		<b id="7" c="18 21" t="1"/>
		<b id="8" c="21 24" t="1"/>
		<b id="9" c="24 27" t="1"/>
		<b id="10" c="27 30" t="1"/>
		<b id="11" c="30 33" t="1"/>
		<b id="12" c="33 36" t="1"/>
		<b id="13" c="36 39" t="1"/>
		<b id="14" c="2 1" t="1"/>
		<b id="15" c="2 3" t="1"/>
		<b id="16" c="4 5" t="1"/>
		<b id="17" c="6 7" t="1"/>
		<b id="18" c="6 8" t="1"/>
		<b id="19" c="9 10" t="1"/>
		<b id="20" c="9 11" t="1"/>
		<b id="21" c="12 13" t="1"/>
		<b id="22" c="12 14" t="1"/>
		<b id="23" c="15 16" t="1"/>
		<b id="24" c="15 17" t="1"/>
		<b id="25" c="18 19" t="1"/>
		<b id="26" c="18 20" t="1"/>
		<b id="27" c="21 22" t="1"/>
		<b id="28" c="21 23" t="1"/>
		<b id="29" c="24 25" t="1"/>
		<b id="30" c="24 26" t="1"/>
		<b id="31" c="27 28" t="1"/>
		<b id="32" c="27 29" t="1"/>
		<b id="33" c="30 31" t="1"/>
		<b id="34" c="30 32" t="1"/>
		<b id="35" c="33 34" t="1"/>
		<b id="36" c="33 35" t="1"/>
		<b id="37" c="36 37" t="1"/>
		<b id="38" c="36 38" t="1"/>
		<b id="39" c="39 40" t="1"/>
		<b id="40" c="39 41" t="1"/>
		<b id="41" c="39 42" t="1"/>
	</bonds>
	<geometry>
		<g u="A" t="cart/3d">#42,3:7.0925,1.9144,-1.1647;6.3542,1.1805,-0.8548;6.3674,0.2245,-1.3669;5.4777,1.4682,0.1161;5.5357,2.4556,0.5735;4.3930,0.5805,0.6685;4.5431,0.5067,1.7527;3.4413,1.1021,0.5148;4.3034,-0.8331,0.0825;4.1035,-0.7834,-0.9942;5.2729,-1.3352,0.1962;3.2465,-1.7092,0.7655;3.2840,-2.7091,0.3152;3.5203,-1.8377,1.8202;1.8056,-1.1918,0.6999;1.1637,-1.9105,1.2247;1.7290,-0.2498,1.2529;1.2907,-1.0126,-0.7303;1.8472,-0.2153,-1.2360;1.4719,-1.9351,-1.2954;-0.2077,-0.6964,-0.7980;-0.7664,-1.5034,-0.3107;-0.5088,-0.6925,-1.8528;-0.5681,0.6518,-0.1681;0.0926,1.4268,-0.5758;-0.3938,0.6222,0.9135;-2.0173,1.0742,-0.4300;-2.1508,2.0928,-0.0446;-2.1975,1.1202,-1.5109;-3.0467,0.1521,0.2272;-2.8326,0.0668,1.2994;-2.9762,-0.8544,-0.2001;-4.4694,0.6803,0.0296;-4.6824,0.7693,-1.0427;-4.5516,1.6858,0.4600;-5.5001,-0.2408,0.6819;-5.4258,-1.2466,0.2522;-5.2935,-0.3303,1.7548;-6.9150,0.2808,0.4883;-7.6355,-0.3930,0.9624;-7.1649,0.3516,-0.5751;-7.0320,1.2729,0.9359;</g>
	</geometry>
	<conformers/>
	<properties/>
</molecule>
