<?xml version="1.0" ?>
<!--MOLLI PACKAGE EXPERIMENTAL XML FORMAT-->
<molecule name="react_522">
	<atoms>
		<a id="1" s="H" t="H" l="H"/>
		<a id="2" s="C" t="C.2" l="C"/>
		<a id="3" s="H" t="H" l="H"/>
		<a id="4" s="C" t="C.2" l="C"/>
		<a id="5" s="H" t="H" l="H"/>
		<a id="6" s="C" t="C.3" l="C"/>
		<a id="7" s="H" t="H" l="H"/>
		<a id="8" s="H" t="H" l="H"/>
		<a id="9" s="C" t="C.3" l="C"/>
		<a id="10" s="H" t="H" l="H"/>
		<a id="11" s="H" t="H" l="H"/>
		<a id="12" s="C" t="C.3" l="C"/>
		<a id="13" s="H" t="H" l="H"/>
		<a id="14" s="H" t="H" l="H"/>
		<a id="15" s="C" t="C.3" l="C"/>
		<a id="16" s="H" t="H" l="H"/>
		<a id="17" s="H" t="H" l="H"/>
		<a id="18" s="C" t="C.3" l="C"/>
		<a id="19" s="H" t="H" l="H"/>
		<a id="20" s="H" t="H" l="H"/>
		<a id="21" s="C" t="C.3" l="C"/>
		<a id="22" s="H" t="H" l="H"/>
		<a id="23" s="H" t="H" l="H"/>
		<a id="24" s="H" t="H" l="H"/>
	</atoms>
	<bonds>
		<b id="1" c="2 4" t="2"/>
		<b id="2" c="4 6" t="1"/>
		<b id="3" c="6 9" t="1"/>
		<b id="4" c="9 12" t="1"/>
		<b id="5" c="12 15" t="1"/>
		<b id="6" c="15 18" t="1"/>
		<b id="7" c="18 21" t="1"/>
		<b id="8" c="2 1" t="1"/>
		<b id="9" c="2 3" t="1"/>
		<b id="10" c="4 5" t="1"/>
		<b id="11" c="6 7" t="1"/>
		<b id="12" c="6 8" t="1"/>
		<b id="13" c="9 10" t="1"/>
		<b id="14" c="9 11" t="1"/>
		<b id="15" c="12 13" t="1"/>
		<b id="16" c="12 14" t="1"/>
		<b id="17" c="15 16" t="1"/>
		<b id="18" c="15 17" t="1"/>
		<b id="19" c="18 19" t="1"/>
		<b id="20" c="18 20" t="1"/>
		<b id="21" c="21 22" t="1"/>
		<b id="22" c="21 23" t="1"/>
		<b id="23" c="21 24" t="1"/>
	</bonds>
	<geometry>
		<g u="A" t="cart/3d">#24,3:5.1921,0.4890,-0.9858;4.2612,-0.0315,-0.7822;4.3166,-1.0964,-0.5789;3.0949,0.6260,-0.7837;3.0910,1.6930,-0.9977;1.7640,-0.0190,-0.5188;1.8775,-1.1029,-0.3953;1.1320,0.1391,-1.3996;1.1004,0.5751,0.7259;1.7875,0.4890,1.5778;0.9189,1.6473,0.5781;-0.2128,-0.1174,1.1034;-0.0325,-1.1881,1.2587;-0.5480,0.2887,2.0659;-1.3219,0.0753,0.0668;-1.4635,1.1456,-0.1261;-1.0350,-0.3913,-0.8821;-2.6391,-0.5368,0.5458;-2.5032,-1.6071,0.7399;-2.9448,-0.0717,1.4902;-3.7451,-0.3523,-0.4810;-4.6772,-0.7965,-0.1180;-3.4853,-0.8348,-1.4286;-3.9276,0.7096,-0.6745;</g>
	</geometry>
	<conformers/>
	<properties/>
</molecule>
