<?xml version="1.0" ?>
<!--MOLLI PACKAGE EXPERIMENTAL XML FORMAT-->
<molecule name="react_523">
	<atoms>
		<a id="1" s="H" t="H" l="H"/>
		<a id="2" s="O" t="O.3" l="O"/>
		<a id="3" s="C" t="C.3" l="C"/>
		<a id="4" s="H" t="H" l="H"/>
		<a id="5" s="H" t="H" l="H"/>
		<a id="6" s="C" t="C.3" l="C"/>
		<a id="7" s="H" t="H" l="H"/>
		<a id="8" s="H" t="H" l="H"/>
		<a id="9" s="C" t="C.3" l="C"/>
		<a id="10" s="H" t="H" l="H"/>
		<a id="11" s="H" t="H" l="H"/>
		<a id="12" s="C" t="C.2" l="C"/>
		<a id="13" s="H" t="H" l="H"/>
		<a id="14" s="C" t="C.2" l="C"/>
		<a id="15" s="H" t="H" l="H"/>
		<a id="16" s="C" t="C.3" l="C"/>
		<a id="17" s="H" t="H" l="H"/>
		<a id="18" s="H" t="H" l="H"/>
		<a id="19" s="H" t="H" l="H"/>
	</atoms>
	<bonds>
		<b id="1" c="16 14" t="1"/>
		<b id="2" c="14 12" t="2"/>
		<b id="3" c="12 9" t="1"/>
		<b id="4" c="9 6" t="1"/>
		<b id="5" c="6 3" t="1"/>
		<b id="6" c="3 2" t="1"/>
		<b id="7" c="16 17" t="1"/>
		<b id="8" c="16 18" t="1"/>
		<b id="9" c="16 19" t="1"/>
		<b id="10" c="14 15" t="1"/>
		<b id="11" c="12 13" t="1"/>
		<b id="12" c="9 10" t="1"/>
		<b id="13" c="9 11" t="1"/>
		<b id="14" c="6 7" t="1"/>
		<b id="15" c="6 8" t="1"/>
		<b id="16" c="3 4" t="1"/>
		<b id="17" c="3 5" t="1"/>
		<b id="18" c="2 1" t="1"/>
	</bonds>
	<geometry>
		<g u="A" t="cart/3d">#19,3:-3.1724,1.7771,-0.2290;-3.2287,0.8876,-0.6184;-2.7976,-0.0394,0.3682;-3.4588,0.0513,1.2359;-2.9110,-1.0492,-0.0383;-1.3518,0.2273,0.7690;-1.2623,1.2562,1.1398;-1.0805,-0.4444,1.5924;-0.3875,0.0302,-0.4035;-0.6255,0.7312,-1.2121;-0.5068,-0.9803,-0.8130;1.0356,0.2656,0.0210;1.2827,1.2734,0.3494;1.9890,-0.6785,-0.0012;1.7470,-1.6848,-0.3363;3.4058,-0.4443,0.4114;3.6675,-1.1104,1.2392;4.0774,-0.6556,-0.4263;3.5779,0.5870,0.7354;</g>
	</geometry>
	<conformers/>
	<properties/>
</molecule>
