<?xml version="1.0" ?>
<!--MOLLI PACKAGE EXPERIMENTAL XML FORMAT-->
<molecule name="react_535">
	<atoms>
		<a id="1" s="H" t="H" l="H"/>
		<a id="2" s="C" t="C.2" l="C"/>
		<a id="3" s="C" t="C.2" l="C"/>
		<a id="4" s="O" t="O.2" l="O"/>
		<a id="5" s="C" t="C.3" l="C"/>
		<a id="6" s="H" t="H" l="H"/>
		<a id="7" s="H" t="H" l="H"/>
		<a id="8" s="H" t="H" l="H"/>
		<a id="9" s="C" t="C.3" l="C"/>
		<a id="10" s="H" t="H" l="H"/>
		<a id="11" s="H" t="H" l="H"/>
		<a id="12" s="C" t="C.3" l="C"/>
		<a id="13" s="H" t="H" l="H"/>
		<a id="14" s="H" t="H" l="H"/>
		<a id="15" s="C" t="C.3" l="C"/>
		<a id="16" s="H" t="H" l="H"/>
		<a id="17" s="H" t="H" l="H"/>
		<a id="18" s="C" t="C.3" l="C"/>
		<a id="19" s="H" t="H" l="H"/>
		<a id="20" s="H" t="H" l="H"/>
	</atoms>
	<bonds>
		<b id="1" c="5 4" t="1"/>
		<b id="2" c="4 3" t="1"/>
		<b id="3" c="3 2" t="2"/>
		<b id="4" c="2 18" t="1"/>
		<b id="5" c="18 15" t="1"/>
		<b id="6" c="15 12" t="1"/>
		<b id="7" c="12 9" t="1"/>
		<b id="8" c="9 3" t="1"/>
		<b id="9" c="5 6" t="1"/>
		<b id="10" c="5 7" t="1"/>
		<b id="11" c="5 8" t="1"/>
		<b id="12" c="2 1" t="1"/>
		<b id="13" c="18 19" t="1"/>
		<b id="14" c="18 20" t="1"/>
		<b id="15" c="15 16" t="1"/>
		<b id="16" c="15 17" t="1"/>
		<b id="17" c="12 13" t="1"/>
		<b id="18" c="12 14" t="1"/>
		<b id="19" c="9 10" t="1"/>
		<b id="20" c="9 11" t="1"/>
	</bonds>
	<geometry>
		<g u="A" t="cart/3d">#20,3:-0.8951,-1.5974,-0.9671;-0.2483,-0.8503,-0.5200;-0.7499,0.2606,0.0528;-2.0823,0.5997,0.1364;-3.0372,-0.2824,-0.4402;-4.0304,0.1495,-0.2853;-3.0152,-1.2599,0.0525;-2.8781,-0.3820,-1.5188;0.1476,1.2849,0.7062;0.1899,2.1684,0.0570;-0.2909,1.6082,1.6580;1.5671,0.7803,0.9714;1.5653,0.1147,1.8440;2.2193,1.6260,1.2168;2.1128,0.0311,-0.2375;3.1322,-0.3179,-0.0383;2.1723,0.7156,-1.0934;1.2208,-1.1576,-0.5934;1.4699,-1.4994,-1.6045;1.4303,-1.9920,0.0868;</g>
	</geometry>
	<conformers/>
	<properties/>
</molecule>
