<?xml version="1.0" ?>
<!--MOLLI PACKAGE EXPERIMENTAL XML FORMAT-->
<molecule name="react_536">
	<atoms>
		<a id="1" s="H" t="H" l="H"/>
		<a id="2" s="C" t="C.2" l="C"/>
		<a id="3" s="C" t="C.2" l="C"/>
		<a id="4" s="O" t="O.2" l="O"/>
		<a id="5" s="C" t="C.3" l="C"/>
		<a id="6" s="H" t="H" l="H"/>
		<a id="7" s="H" t="H" l="H"/>
		<a id="8" s="C" t="C.3" l="C"/>
		<a id="9" s="H" t="H" l="H"/>
		<a id="10" s="H" t="H" l="H"/>
		<a id="11" s="C" t="C.3" l="C"/>
		<a id="12" s="H" t="H" l="H"/>
		<a id="13" s="H" t="H" l="H"/>
		<a id="14" s="C" t="C.3" l="C"/>
		<a id="15" s="H" t="H" l="H"/>
		<a id="16" s="H" t="H" l="H"/>
		<a id="17" s="C" t="C.3" l="C"/>
		<a id="18" s="H" t="H" l="H"/>
		<a id="19" s="H" t="H" l="H"/>
		<a id="20" s="H" t="H" l="H"/>
		<a id="21" s="C" t="C.3" l="C"/>
		<a id="22" s="H" t="H" l="H"/>
		<a id="23" s="H" t="H" l="H"/>
		<a id="24" s="C" t="C.3" l="C"/>
		<a id="25" s="H" t="H" l="H"/>
		<a id="26" s="H" t="H" l="H"/>
		<a id="27" s="C" t="C.3" l="C"/>
		<a id="28" s="H" t="H" l="H"/>
		<a id="29" s="H" t="H" l="H"/>
		<a id="30" s="C" t="C.3" l="C"/>
		<a id="31" s="H" t="H" l="H"/>
		<a id="32" s="H" t="H" l="H"/>
	</atoms>
	<bonds>
		<b id="1" c="17 14" t="1"/>
		<b id="2" c="14 11" t="1"/>
		<b id="3" c="11 8" t="1"/>
		<b id="4" c="8 5" t="1"/>
		<b id="5" c="5 4" t="1"/>
		<b id="6" c="4 3" t="1"/>
		<b id="7" c="3 2" t="2"/>
		<b id="8" c="2 30" t="1"/>
		<b id="9" c="30 27" t="1"/>
		<b id="10" c="27 24" t="1"/>
		<b id="11" c="24 21" t="1"/>
		<b id="12" c="21 3" t="1"/>
		<b id="13" c="17 18" t="1"/>
		<b id="14" c="17 19" t="1"/>
		<b id="15" c="17 20" t="1"/>
		<b id="16" c="14 15" t="1"/>
		<b id="17" c="14 16" t="1"/>
		<b id="18" c="11 12" t="1"/>
		<b id="19" c="11 13" t="1"/>
		<b id="20" c="8 9" t="1"/>
		<b id="21" c="8 10" t="1"/>
		<b id="22" c="5 6" t="1"/>
		<b id="23" c="5 7" t="1"/>
		<b id="24" c="2 1" t="1"/>
		<b id="25" c="30 31" t="1"/>
		<b id="26" c="30 32" t="1"/>
		<b id="27" c="27 28" t="1"/>
		<b id="28" c="27 29" t="1"/>
		<b id="29" c="24 25" t="1"/>
		<b id="30" c="24 26" t="1"/>
		<b id="31" c="21 22" t="1"/>
		<b id="32" c="21 23" t="1"/>
	</bonds>
	<geometry>
		<g u="A" t="cart/3d">#32,3:-2.4616,-1.7848,-2.1031;-2.5385,-1.1752,-1.2067;-1.6062,-0.2428,-0.9649;-0.5872,-0.0422,-1.8749;0.7074,-0.3472,-1.3408;0.6449,-0.8552,-0.3710;1.1827,-1.0453,-2.0393;1.5300,0.9362,-1.2593;1.5212,1.4225,-2.2432;1.0462,1.6464,-0.5784;2.9805,0.7096,-0.8321;3.5197,1.6596,-0.9348;3.4599,-0.0005,-1.5169;3.1156,0.2128,0.6078;2.5954,0.8964,1.2886;2.6507,-0.7727,0.7166;4.5751,0.1098,1.0239;5.0692,1.0851,0.9680;5.1182,-0.5886,0.3792;4.6507,-0.2501,2.0548;-1.6870,0.7078,0.2018;-1.4505,1.7259,-0.1285;-0.9328,0.4238,0.9455;-3.0670,0.7162,0.8663;-3.7677,1.2976,0.2533;-3.0042,1.2167,1.8391;-3.6024,-0.7024,1.0398;-4.5841,-0.6787,1.5262;-2.9322,-1.2639,1.7033;-3.7115,-1.4231,-0.3060;-3.8152,-2.4995,-0.1287;-4.6192,-1.0942,-0.8260;</g>
	</geometry>
	<conformers/>
	<properties/>
</molecule>
