<?xml version="1.0" ?>
<!--MOLLI PACKAGE EXPERIMENTAL XML FORMAT-->
<molecule name="react_537">
	<atoms>
		<a id="1" s="H" t="H" l="H"/>
		<a id="2" s="C" t="C.2" l="C"/>
		<a id="3" s="C" t="C.2" l="C"/>
		<a id="4" s="O" t="O.2" l="O"/>
		<a id="5" s="C" t="C.3" l="C"/>
		<a id="6" s="H" t="H" l="H"/>
		<a id="7" s="H" t="H" l="H"/>
		<a id="8" s="H" t="H" l="H"/>
		<a id="9" s="C" t="C.3" l="C"/>
		<a id="10" s="H" t="H" l="H"/>
		<a id="11" s="H" t="H" l="H"/>
		<a id="12" s="C" t="C.3" l="C"/>
		<a id="13" s="H" t="H" l="H"/>
		<a id="14" s="H" t="H" l="H"/>
		<a id="15" s="C" t="C.3" l="C"/>
		<a id="16" s="H" t="H" l="H"/>
		<a id="17" s="H" t="H" l="H"/>
		<a id="18" s="C" t="C.3" l="C"/>
		<a id="19" s="H" t="H" l="H"/>
		<a id="20" s="H" t="H" l="H"/>
		<a id="21" s="C" t="C.3" l="C"/>
		<a id="22" s="H" t="H" l="H"/>
		<a id="23" s="H" t="H" l="H"/>
	</atoms>
	<bonds>
		<b id="1" c="5 4" t="1"/>
		<b id="2" c="4 3" t="1"/>
		<b id="3" c="3 2" t="2"/>
		<b id="4" c="2 21" t="1"/>
		<b id="5" c="21 18" t="1"/>
		<b id="6" c="18 15" t="1"/>
		<b id="7" c="15 12" t="1"/>
		<b id="8" c="12 9" t="1"/>
		<b id="9" c="9 3" t="1"/>
		<b id="10" c="5 6" t="1"/>
		<b id="11" c="5 7" t="1"/>
		<b id="12" c="5 8" t="1"/>
		<b id="13" c="2 1" t="1"/>
		<b id="14" c="21 22" t="1"/>
		<b id="15" c="21 23" t="1"/>
		<b id="16" c="18 19" t="1"/>
		<b id="17" c="18 20" t="1"/>
		<b id="18" c="15 16" t="1"/>
		<b id="19" c="15 17" t="1"/>
		<b id="20" c="12 13" t="1"/>
		<b id="21" c="12 14" t="1"/>
		<b id="22" c="9 10" t="1"/>
		<b id="23" c="9 11" t="1"/>
	</bonds>
	<geometry>
		<g u="A" t="cart/3d">#23,3:1.1104,1.3729,1.7524;0.4503,0.8653,1.0499;0.9185,0.6524,-0.1906;2.1800,1.1224,-0.5254;3.1808,0.1448,-0.2407;3.0064,-0.7779,-0.8041;4.1477,0.5542,-0.5473;3.2259,-0.0694,0.8325;0.1911,-0.0411,-1.3164;0.9371,-0.4559,-2.0064;-0.3815,0.6932,-1.8952;-0.6975,-1.2001,-0.8674;-0.1627,-1.8168,-0.1332;-0.8880,-1.8567,-1.7259;-2.0467,-0.7765,-0.2921;-2.4554,-1.6180,0.2814;-2.7492,-0.6076,-1.1182;-2.0408,0.4738,0.5829;-2.0157,1.3685,-0.0527;-2.9980,0.5156,1.1180;-0.9059,0.5330,1.6020;-1.1586,1.3233,2.3210;-0.8483,-0.3993,2.1756;</g>
	</geometry>
	<conformers/>
	<properties/>
</molecule>
