<?xml version="1.0" ?>
<!--MOLLI PACKAGE EXPERIMENTAL XML FORMAT-->
<molecule name="react_538">
	<atoms>
		<a id="1" s="H" t="H" l="H"/>
		<a id="2" s="C" t="C.2" l="C"/>
		<a id="3" s="C" t="C.2" l="C"/>
		<a id="4" s="O" t="O.2" l="O"/>
		<a id="5" s="C" t="C.3" l="C"/>
		<a id="6" s="H" t="H" l="H"/>
		<a id="7" s="H" t="H" l="H"/>
		<a id="8" s="C" t="C.3" l="C"/>
		<a id="9" s="H" t="H" l="H"/>
		<a id="10" s="H" t="H" l="H"/>
		<a id="11" s="C" t="C.3" l="C"/>
		<a id="12" s="H" t="H" l="H"/>
		<a id="13" s="H" t="H" l="H"/>
		<a id="14" s="C" t="C.3" l="C"/>
		<a id="15" s="H" t="H" l="H"/>
		<a id="16" s="H" t="H" l="H"/>
		<a id="17" s="C" t="C.3" l="C"/>
		<a id="18" s="H" t="H" l="H"/>
		<a id="19" s="H" t="H" l="H"/>
		<a id="20" s="H" t="H" l="H"/>
		<a id="21" s="C" t="C.3" l="C"/>
		<a id="22" s="H" t="H" l="H"/>
		<a id="23" s="H" t="H" l="H"/>
		<a id="24" s="C" t="C.3" l="C"/>
		<a id="25" s="H" t="H" l="H"/>
		<a id="26" s="H" t="H" l="H"/>
		<a id="27" s="C" t="C.3" l="C"/>
		<a id="28" s="H" t="H" l="H"/>
		<a id="29" s="H" t="H" l="H"/>
		<a id="30" s="C" t="C.3" l="C"/>
		<a id="31" s="H" t="H" l="H"/>
		<a id="32" s="H" t="H" l="H"/>
		<a id="33" s="C" t="C.3" l="C"/>
		<a id="34" s="H" t="H" l="H"/>
		<a id="35" s="H" t="H" l="H"/>
	</atoms>
	<bonds>
		<b id="1" c="17 14" t="1"/>
		<b id="2" c="14 11" t="1"/>
		<b id="3" c="11 8" t="1"/>
		<b id="4" c="8 5" t="1"/>
		<b id="5" c="5 4" t="1"/>
		<b id="6" c="4 3" t="1"/>
		<b id="7" c="3 2" t="2"/>
		<b id="8" c="2 33" t="1"/>
		<b id="9" c="33 30" t="1"/>
		<b id="10" c="30 27" t="1"/>
		<b id="11" c="27 24" t="1"/>
		<b id="12" c="24 21" t="1"/>
		<b id="13" c="21 3" t="1"/>
		<b id="14" c="17 18" t="1"/>
		<b id="15" c="17 19" t="1"/>
		<b id="16" c="17 20" t="1"/>
		<b id="17" c="14 15" t="1"/>
		<b id="18" c="14 16" t="1"/>
		<b id="19" c="11 12" t="1"/>
		<b id="20" c="11 13" t="1"/>
		<b id="21" c="8 9" t="1"/>
		<b id="22" c="8 10" t="1"/>
		<b id="23" c="5 6" t="1"/>
		<b id="24" c="5 7" t="1"/>
		<b id="25" c="2 1" t="1"/>
		<b id="26" c="33 34" t="1"/>
		<b id="27" c="33 35" t="1"/>
		<b id="28" c="30 31" t="1"/>
		<b id="29" c="30 32" t="1"/>
		<b id="30" c="27 28" t="1"/>
		<b id="31" c="27 29" t="1"/>
		<b id="32" c="24 25" t="1"/>
		<b id="33" c="24 26" t="1"/>
		<b id="34" c="21 22" t="1"/>
		<b id="35" c="21 23" t="1"/>
	</bonds>
	<geometry>
		<g u="A" t="cart/3d">#35,3:-1.6524,1.8342,-1.3345;-2.0776,1.1304,-0.6207;-1.2957,0.1309,-0.1870;-0.0220,0.0406,-0.7372;1.0150,0.0413,0.2493;0.8352,0.8300,0.9908;1.0461,-0.9318,0.7527;2.3411,0.2934,-0.4641;2.4823,-0.4772,-1.2308;2.2872,1.2485,-1.0012;3.5131,0.3029,0.5161;3.3147,1.0393,1.3048;3.5916,-0.6738,1.0089;4.8495,0.6550,-0.1404;4.7782,1.6323,-0.6318;5.6078,0.7506,0.6460;5.3248,-0.3832,-1.1449;6.3256,-0.1253,-1.5061;4.6627,-0.4334,-2.0142;5.3751,-1.3771,-0.6892;-1.6970,-0.9910,0.7453;-1.1554,-0.8792,1.6925;-1.3424,-1.9288,0.2959;-3.1828,-1.1840,1.0795;-3.2896,-2.1743,1.5409;-3.5036,-0.4658,1.8430;-4.0937,-1.1186,-0.1429;-3.6192,-1.6354,-0.9867;-5.0170,-1.6734,0.0657;-4.4811,0.3031,-0.5610;-4.6695,0.3101,-1.6422;-5.4399,0.5561,-0.0902;-3.4855,1.4048,-0.2025;-3.8152,2.3350,-0.6824;-3.5104,1.6140,0.8738;</g>
	</geometry>
	<conformers/>
	<properties/>
</molecule>
