<?xml version="1.0" ?>
<!--MOLLI PACKAGE EXPERIMENTAL XML FORMAT-->
<molecule name="react_574">
	<atoms>
		<a id="1" s="H" t="H" l="H"/>
		<a id="2" s="C" t="C.2" l="C"/>
		<a id="3" s="C" t="C.1" l="C"/>
		<a id="4" s="C" t="C.1" l="C"/>
		<a id="5" s="Si" t="Si" l="SI"/>
		<a id="6" s="C" t="C.3" l="C"/>
		<a id="7" s="H" t="H" l="H"/>
		<a id="8" s="H" t="H" l="H"/>
		<a id="9" s="H" t="H" l="H"/>
		<a id="10" s="C" t="C.3" l="C"/>
		<a id="11" s="H" t="H" l="H"/>
		<a id="12" s="H" t="H" l="H"/>
		<a id="13" s="H" t="H" l="H"/>
		<a id="14" s="C" t="C.3" l="C"/>
		<a id="15" s="H" t="H" l="H"/>
		<a id="16" s="H" t="H" l="H"/>
		<a id="17" s="H" t="H" l="H"/>
		<a id="18" s="C" t="C.2" l="C"/>
		<a id="19" s="H" t="H" l="H"/>
		<a id="20" s="C" t="C.3" l="C"/>
		<a id="21" s="H" t="H" l="H"/>
		<a id="22" s="H" t="H" l="H"/>
		<a id="23" s="C" t="C.3" l="C"/>
		<a id="24" s="H" t="H" l="H"/>
		<a id="25" s="H" t="H" l="H"/>
		<a id="26" s="C" t="C.3" l="C"/>
		<a id="27" s="H" t="H" l="H"/>
		<a id="28" s="H" t="H" l="H"/>
		<a id="29" s="C" t="C.3" l="C"/>
		<a id="30" s="H" t="H" l="H"/>
		<a id="31" s="H" t="H" l="H"/>
		<a id="32" s="C" t="C.3" l="C"/>
		<a id="33" s="H" t="H" l="H"/>
		<a id="34" s="H" t="H" l="H"/>
		<a id="35" s="C" t="C.3" l="C"/>
		<a id="36" s="H" t="H" l="H"/>
		<a id="37" s="H" t="H" l="H"/>
		<a id="38" s="H" t="H" l="H"/>
	</atoms>
	<bonds>
		<b id="1" c="35 32" t="1"/>
		<b id="2" c="32 29" t="1"/>
		<b id="3" c="29 26" t="1"/>
		<b id="4" c="26 23" t="1"/>
		<b id="5" c="23 20" t="1"/>
		<b id="6" c="20 18" t="1"/>
		<b id="7" c="18 2" t="2"/>
		<b id="8" c="2 3" t="1"/>
		<b id="9" c="3 4" t="3"/>
		<b id="10" c="4 5" t="1"/>
		<b id="11" c="5 6" t="1"/>
		<b id="12" c="5 10" t="1"/>
		<b id="13" c="5 14" t="1"/>
		<b id="14" c="35 36" t="1"/>
		<b id="15" c="35 37" t="1"/>
		<b id="16" c="35 38" t="1"/>
		<b id="17" c="32 33" t="1"/>
		<b id="18" c="32 34" t="1"/>
		<b id="19" c="29 30" t="1"/>
		<b id="20" c="29 31" t="1"/>
		<b id="21" c="26 27" t="1"/>
		<b id="22" c="26 28" t="1"/>
		<b id="23" c="23 24" t="1"/>
		<b id="24" c="23 25" t="1"/>
		<b id="25" c="20 21" t="1"/>
		<b id="26" c="20 22" t="1"/>
		<b id="27" c="18 19" t="1"/>
		<b id="28" c="2 1" t="1"/>
		<b id="29" c="6 7" t="1"/>
		<b id="30" c="6 8" t="1"/>
		<b id="31" c="6 9" t="1"/>
		<b id="32" c="10 11" t="1"/>
		<b id="33" c="10 12" t="1"/>
		<b id="34" c="10 13" t="1"/>
		<b id="35" c="14 15" t="1"/>
		<b id="36" c="14 16" t="1"/>
		<b id="37" c="14 17" t="1"/>
	</bonds>
	<geometry>
		<g u="A" t="cart/3d">#38,3:-0.4253,-0.9513,1.0021;-0.7418,-0.2406,0.2463;-2.1333,-0.1663,-0.0296;-3.3092,-0.1045,-0.2616;-5.1581,-0.0020,-0.6316;-6.0109,1.0230,0.6881;-7.0844,1.0925,0.4885;-5.6020,2.0374,0.7150;-5.8755,0.5727,1.6760;-5.4237,0.8010,-2.3061;-4.9401,0.2185,-3.0960;-6.4912,0.8687,-2.5362;-5.0059,1.8121,-2.3215;-5.8961,-1.7266,-0.6482;-5.4194,-2.3445,-1.4151;-6.9685,-1.6848,-0.8608;-5.7585,-2.2161,0.3206;0.1364,0.5361,-0.4046;-0.2439,1.2288,-1.1557;1.6317,0.5736,-0.2268;1.9130,1.6091,0.0021;2.0776,0.3321,-1.1985;2.2172,-0.3486,0.8491;1.9970,-1.3959,0.6074;1.7364,-0.1342,1.8121;3.7300,-0.1793,1.0349;4.0368,-0.7829,1.8982;3.9460,0.8657,1.2850;4.5433,-0.6082,-0.1895;4.3454,0.0665,-1.0301;4.2227,-1.6096,-0.5020;6.0510,-0.6492,0.0730;6.2675,-1.3340,0.9011;6.5469,-1.0596,-0.8148;6.6510,0.7154,0.3746;6.2738,1.1194,1.3186;7.7396,0.6363,0.4598;6.4247,1.4294,-0.4234;</g>
	</geometry>
	<conformers/>
	<properties/>
</molecule>
