<?xml version="1.0" ?>
<!--MOLLI PACKAGE EXPERIMENTAL XML FORMAT-->
<molecule name="react_577">
	<atoms>
		<a id="1" s="H" t="H" l="H"/>
		<a id="2" s="O" t="O.3" l="O"/>
		<a id="3" s="C" t="C.3" l="C"/>
		<a id="4" s="H" t="H" l="H"/>
		<a id="5" s="H" t="H" l="H"/>
		<a id="6" s="C" t="C.2" l="C"/>
		<a id="7" s="H" t="H" l="H"/>
		<a id="8" s="C" t="C.2" l="C"/>
		<a id="9" s="H" t="H" l="H"/>
		<a id="10" s="C" t="C.3" l="C"/>
		<a id="11" s="H" t="H" l="H"/>
		<a id="12" s="H" t="H" l="H"/>
		<a id="13" s="C" t="C.3" l="C"/>
		<a id="14" s="H" t="H" l="H"/>
		<a id="15" s="H" t="H" l="H"/>
		<a id="16" s="C" t="C.3" l="C"/>
		<a id="17" s="H" t="H" l="H"/>
		<a id="18" s="H" t="H" l="H"/>
		<a id="19" s="H" t="H" l="H"/>
	</atoms>
	<bonds>
		<b id="1" c="16 13" t="1"/>
		<b id="2" c="13 10" t="1"/>
		<b id="3" c="10 8" t="1"/>
		<b id="4" c="8 6" t="2"/>
		<b id="5" c="6 3" t="1"/>
		<b id="6" c="3 2" t="1"/>
		<b id="7" c="16 17" t="1"/>
		<b id="8" c="16 18" t="1"/>
		<b id="9" c="16 19" t="1"/>
		<b id="10" c="13 14" t="1"/>
		<b id="11" c="13 15" t="1"/>
		<b id="12" c="10 11" t="1"/>
		<b id="13" c="10 12" t="1"/>
		<b id="14" c="8 9" t="1"/>
		<b id="15" c="6 7" t="1"/>
		<b id="16" c="3 4" t="1"/>
		<b id="17" c="3 5" t="1"/>
		<b id="18" c="2 1" t="1"/>
	</bonds>
	<geometry>
		<g u="A" t="cart/3d">#19,3:4.0882,0.4128,-0.7556;3.6382,0.0893,0.0420;2.3688,-0.3902,-0.3740;1.8570,0.4078,-0.9152;2.5214,-1.2352,-1.0524;1.6400,-0.8448,0.8451;2.1914,-1.5595,1.4550;0.4157,-0.4858,1.2660;0.0564,-0.9309,2.1940;-0.5310,0.4843,0.6187;-0.0575,1.0278,-0.2042;-0.8108,1.2382,1.3647;-1.7852,-0.2269,0.1093;-2.2868,-0.7460,0.9352;-1.5101,-0.9888,-0.6302;-2.7604,0.7522,-0.5259;-3.0820,1.5095,0.1961;-2.3036,1.2627,-1.3797;-3.6498,0.2234,-0.8826;</g>
	</geometry>
	<conformers/>
	<properties/>
</molecule>
