,b1,b5,l,vol,espmin,espmax,b1^2,b1 b5,b1 l,b1 vol,b1 espmin,b1 espmax,b5^2,b5 l,b5 vol,b5 espmin,b5 espmax,l^2,l vol,l espmin,l espmax,vol^2,vol espmin,vol espmax,espmin^2,espmin espmax,espmax^2,ddG er (kcal/mol)
react_1,1.446943946993725,3.036744029743056,6.042562955607844,0.0027947289214269,12.38870753651932,156.89436610500954,2.0936467857417798,4.393998392406048,8.743249892945283,0.004043816096346954,17.925765381042172,227.01735335306103,9.221814302180096,18.349716979788674,0.008486876366893388,37.62133364775785,476.44802956970904,36.5125670724842,0.01688732545158005,74.85954522803135,948.0440845697055,7.810509744259964e-06,0.03462307925140994,0.43847722256261046,153.4800744254106,1943.718415802553,24615.842115492767,1.886692938390812
react_14,1.6800143454970022,9.37664954957838,3.717151639231609,51.67323982762095,27.443550761275297,149.83601039349787,2.8224482010757206,15.752905755989682,6.2448680782968005,86.81178418871023,46.105558970317674,251.72664693311435,87.92155677560844,34.8544282437156,484.52186095491754,257.3285578845434,1404.9597593668132,13.817216309042237,192.07726812964927,102.01183969861033,556.963171650115,2670.1237142828318,1418.097180208868,7742.51209987712,753.1484783866939,4112.032157100932,22450.830010640402,1.2590906904780963
react_15,0.0004268268605638,3.101821780203387,6.063096156109912,0.0032360583197561,48.82978895109185,147.83302715135702,1.8218116889874959e-07,0.001323940852472629,0.0025878922976088374,1.381236613222862e-06,0.020841865519987464,0.06309910686665672,9.62129835614411,18.806643712489162,0.010037676178227848,151.46130289123138,458.55170345147786,36.761134998234795,0.019620532759460713,296.05970569302326,896.325858667485,1.0472073448862673e-05,0.15801604478711526,0.4783962974478783,2384.348289008172,7218.6555158017945,21854.60391673386,2.271235607736596
react_16,1.8505088563536003,7.058453626307248,3.852940591366892,30.83155104108265,30.79336322431605,148.27294881419226,3.4243830274431097,13.061730947642749,7.129900687328712,57.05405825664151,56.98339136351011,274.3804049383268,49.82176759472994,27.195802489080034,217.62307325060684,217.35352631686987,1046.5777332408043,14.845151200602656,118.79213450098752,118.6449991116718,571.2868630878669,950.5845395988847,949.4071499770977,4571.484989376604,948.2312186646601,4565.822769175844,21984.86735005608,1.0245321768682063
react_17,1.6930727357375166,7.59996909818696,7.702307555499063,85.8611636811539,30.32609237703675,144.88271808974756,2.8664952884977186,12.867300472587983,13.040566924480542,145.36919528725792,51.34428018501826,245.29697987729628,57.75953029339671,58.53729940652482,652.5421907111421,230.47736493424242,1101.1041803434143,59.32554167949795,661.3290897452935,233.58089044441272,1115.9312542039033,7372.139428681901,2603.833581394546,12439.79877247429,919.6718788605665,4393.726692625858,20991.002001073262,1.5757954989148215
react_179,1.6439957301289163,3.201190069411823,2.9436689152713007,13.645748924962168,66.6322144515982,155.1836344793907,2.7027219606821085,5.262742805444126,4.839379127619237,22.433552967049057,109.54307604746171,255.12123247000477,10.247617860500872,9.42324369920276,43.68263594827595,213.30238320537512,496.77230963065966,8.665186682734516,40.168566936007906,196.14317843686075,456.809240975806,186.20646372310617,909.2464687207448,2117.5969133688677,4439.852002723772,10340.22921200919,24081.960410233136,0.8606176142775799
react_18,3.1031907279828546,5.17003085065642,6.054795145554154,0.0019543457286002,24.09540496338421,144.8716175099919,9.629792694238759,16.043591799142312,18.789184155519248,0.006064707544265037,74.77263726936593,449.5642602048854,26.729218996739142,31.303477696919703,0.010104027709711631,124.57398701975617,748.9907319111549,36.660544254626146,0.011833163030262986,145.89274100246018,877.1679664280771,3.8194672268978455e-06,0.04709075176908198,0.2831292268760546,580.5885403494804,3490.740291603757,20987.78555996139,2.8730026748254267
react_180,1.662210672094186,2.9095623780693787,2.904307461239301,12.253789734769644,50.98281730013516,155.99991279012704,2.7629443184238056,4.83630563595066,4.827570857114738,20.368380070732286,84.74418300971276,259.3047198855115,8.465553231876738,8.45026372356806,35.653165601058504,148.3376871444579,453.89147723625774,8.435001829410275,35.58877295514903,148.06977667978268,453.07171066904624,150.1553628639459,624.7327232820325,1911.5901299726183,2599.247659858961,7953.315052616065,24335.97279052724,0.8048244472990138
react_181,2.178123328721169,2.1781547246033983,2.725119815119582,11.196398568729906,50.45130184516679,167.13959830838874,4.744221235119387,4.744289619222895,5.935647042872281,24.387136920210917,109.88915751331115,364.05065822858677,4.744358004312106,5.935732600413057,24.387488441021773,109.89074147644219,364.0559057237311,7.426278006757384,30.511527597622393,137.48584235684314,455.4754312413175,125.3593409098571,564.8728837697859,1871.3615592781352,2545.33385787213,8432.41032453645,27935.645322689546,0.8048244472990138
react_182,2.930593855902662,2.930731573084388,2.8762470620674394,21.39384918286807,54.81746064718287,160.70290599941106,8.588380348254432,8.58878394138105,8.42911196815292,62.69668296942135,160.6477133688201,470.9549489475771,8.589187553473693,8.429508076792256,62.69962927003709,160.6552626750098,470.97708049888655,8.272797162051576,61.53399585853818,157.66856013645722,462.22126124650595,457.6967828593048,1172.7564856736358,3438.053734200025,3004.9539918054425,8809.325225510644,25825.423996655547,0.94147487006162
react_183,1.6593087284723316,2.907247169159015,2.907377400456329,12.204276167020277,52.68576479629296,153.70462026334403,2.753305456384466,4.8240206036120306,4.824236697540384,20.250661968623596,87.4219493927292,255.04341800949194,8.452086102583108,8.452464717153559,35.48084733820453,153.1705405590004,446.8573221472683,8.452843348684201,35.48243671692254,153.17740189449978,446.8773392993683,148.94435676089915,642.991623644634,1875.8536338408314,2775.7898121703024,8098.045471298068,23625.110290298788,0.8048244472990138
react_184,1.664788464727418,1.6648159576461867,2.3545511157756205,5.651465352774283,67.14057612493035,150.28600634435222,2.7715206322894734,2.7715664021835016,3.919829537154324,9.408494328105293,111.77485664793713,250.19440977202913,2.77161217283339,3.919894270636887,9.408649703383162,111.77670253834262,250.19854157299363,5.543910956800219,13.306664052141947,158.08591842877274,353.85608392355647,31.939060633608147,379.44263973534805,849.3361578619226,4507.856962387567,10090.289049474744,22585.883702934676,0.3966976844670258
react_185,1.6821416817567505,3.092167531332264,3.694910056510551,19.07909664612412,55.95854645595335,149.73227021432805,2.829600637503429,5.201463891428874,6.215362216398589,32.093743718710805,94.13020344408062,251.870892831586,9.561500041825466,11.425280907934987,58.9957631762953,173.03320045164708,462.99726434941425,13.652360325702803,70.49554606690074,206.7617960478149,553.247270999076,364.0119288321447,1067.6385160097605,2856.756454462737,3131.3589214630897,8378.800198743837,22419.752743536552,0.8416047555871515
react_186,3.367004436519638,3.367123620719554,4.114057519886007,40.39327137053217,49.59404164402142,145.76971132105876,11.336718875542925,11.337120169272804,13.852049921553164,136.00432391012347,166.9833582403598,490.80726472819174,11.337521477207558,13.85254025220708,136.00913814985378,166.98926906653372,490.8246381746075,16.925469276930603,166.18024183473403,204.0327399671261,599.7049770320142,1631.6163720134537,2003.2655824884305,5888.115506995662,2459.5689665889304,7229.309133693569,21248.808738624808,0.5262302315478604
react_187,1.6832283606446252,8.140692716600398,3.715988334447045,43.32455340548523,27.768616542206864,148.00391191047592,2.8332577140783926,13.70264485587493,6.254856952365851,72.92511700437542,46.74092289970808,249.1243820140619,66.27087790611077,30.250719169205105,352.69187635799864,226.05577443521275,1204.8543677179782,13.808569301746523,160.99353504991112,103.18785513457395,549.9808101118566,1877.0169277847422,1203.062910379282,6412.203385786146,771.0960646681247,4109.863876588569,21905.157940803918,1.097415714630016
react_188,1.6802947166025832,5.935062463563118,3.716891433858722,36.46408910513627,16.542762176673435,142.54878854993925,2.8233903346425553,9.972654100231418,6.2454730384982104,61.27041626908629,27.79671588347742,239.52397625856173,35.224966446395904,22.059982830234194,216.4166465159151,98.1823268384262,846.0359641491405,13.815281931092345,135.53306043834215,61.48765102683955,529.8383710682074,1329.6297942673175,603.2167540552981,5197.911727514213,273.66298043397717,2358.150707554554,20320.15711705529,0.6869551246443248
react_189,1.691545029634966,4.189815424135479,4.123324355137604,11.87624066341578,48.9348826681863,145.0103624263766,2.8613245872827577,7.087261455784286,6.974788818505815,20.089195864949634,82.77555755314077,245.29155780790234,17.554553288323564,17.275967981869012,49.75925631232441,205.02812618142687,607.5666531535086,17.001803737670937,48.96959237493786,201.77439352153357,597.9247591400094,141.0450922953705,581.1624434033941,1722.1779628647935,2394.6227417491596,7096.065071005909,21028.005211029093,1.1925691598929764
react_19,2.452949746151502,5.198036916977613,7.934501203737916,88.44059084502231,11.417555057010848,144.0595462737395,6.016962457144719,12.750523335986372,19.462932713547712,216.94032486278635,28.006688778765557,353.3708274628699,27.01958779026213,41.243830174833,459.7174561717383,59.348872687966825,748.8268397739427,62.956309352118446,701.7319745191221,90.5926043435965,1143.0406433189241,7821.738109016645,1009.7753152476118,12740.711389315355,130.36056347987397,1644.8078010684226,20753.152872595692,2.271235607736596
react_190,1.6865705821392678,5.6625536605898334,5.769181557001218,51.99912041070359,38.159951022242,147.30835525190662,2.844520328537589,9.550296423735837,9.730131897058673,87.70018678181023,64.35945080998863,248.44593847118622,32.064513959059326,32.6683001442046,294.4478096290811,216.08277034892518,834.1414662671515,33.283455837643,299.9923664537168,220.15168565358832,849.8486463114832,2703.9085234868508,1984.283888072113,7659.904902246592,1456.181862019908,5621.279621579782,21699.751527021923,1.3256122210632166
react_191,0.000231993990337,3.103308971162611,7.343027322808733,0.0039039371534281,37.41983698706025,144.77143844705864,5.382121155248404e-08,0.0007199490314686241,0.001703538209772016,9.056899582486539e-07,0.008681177300388171,0.03358610369216051,9.630526570498343,22.78768256636451,0.012115123191088449,116.12531582138656,449.27050370087284,53.920050263515584,0.02866671718415069,274.77488541103224,1063.0606280790744,1.5240725297916298e-05,0.14608469188900752,0.5651785973087016,1400.2442001381623,5417.323627071161,20958.769390030488,2.494054670518096
react_192,3.340258291283837,4.78611852152492,4.147924935940502,24.063413630633697,45.43114194414701,140.07067986174468,11.157325452490419,15.986872074590755,13.85514065889824,80.37801689631671,151.75174856142993,467.87224977395664,22.90693050208389,19.852460361799903,115.17034966869116,217.43882991290965,670.3948752088838,17.205281274197016,99.81323344235608,188.44496653837982,581.0026657926699,579.0478755589676,1093.2283603140413,3370.5787070372357,2063.9886583492334,6363.5709390120965,19619.795356931365,0.3966976844670258
react_193,1.6761185209538945,6.059113129875943,3.3836582558439305,29.236452884618355,36.28769940056675,146.2468858992835,2.809373296284671,10.155791737539987,5.671412271198563,49.00376016690474,60.82248504809746,245.12711408762004,36.712851920635046,20.50196816499709,177.14697554419047,219.8712758909654,886.1264265558176,11.44914319234079,98.926165174631,122.78517366231054,494.849482864576,854.7701772745089,1060.9236138158635,4275.740189116559,1316.7971277858926,5306.9630337821845,21388.15163523805,0.5126175079350523
react_194,1.665780162537674,7.291984025665322,3.9551593718522216,43.89932008674096,33.62022862318385,149.47788722548654,2.7748235499040397,12.146842335494902,6.5884260213063985,73.12661654938474,56.00390990048095,248.99729927825908,53.17303103055823,28.84095895850689,320.11314081008385,245.15817005947264,1089.9903658384503,15.643285656750459,173.62880725901397,132.97336232279991,591.2088665445525,1927.150304078138,1475.905177718558,6561.977617201401,1130.3197726751505,5025.48074263135,22343.63876939527,0.7695506037328774
react_195,1.642296737369448,7.186229351770494,3.02866879081248,35.52516709976987,30.64512076386517,154.0028541158868,2.6971385735743336,11.801921018401245,4.973972873724007,58.342866022456505,50.32838184678849,252.91838486010394,51.64189229624777,21.764708561327893,255.29199853891768,220.2228663218393,1106.6998305040152,9.17283464444153,107.5939648834713,92.81392084819795,466.42363795683366,1262.0374974665713,1088.6730359289372,5470.97712630836,939.1234266318801,4719.436062361261,23716.879075839115,1.285589821380927
react_196,1.6925671198953771,5.78780709004236,7.696082488305684,65.30407455361829,35.832441908316724,150.29251656684025,2.8647834553509317,9.796251976903042,13.0261361717088,110.5315293846507,60.64881299957805,254.38017190736505,33.49871091154461,44.54344079136649,377.96738571008683,207.39126133048654,869.8640929658669,59.229685666805416,502.5855445871106,275.7694286838271,1156.6636048734513,4264.622153304536,2340.0044578189118,9814.713706731847,1283.9638931128927,5385.347869136032,22587.84053599395,0.3241006147030766
react_197,1.6424280319575826,8.45173785751965,3.03172418665185,41.76483762317751,26.62267067259897,152.4641749190068,2.697569840160058,13.881371175947393,4.979388789320801,68.59574006246345,43.72582059825158,250.41143475626097,71.43187281223084,25.62333808188341,352.9854592529704,225.00783359188284,1288.5872390784677,9.191351543929821,126.61946837377444,80.71259459138518,462.2293266998713,1744.301661690384,1111.891517736426,6367.641508844053,708.7665937416614,4059.003518238242,23245.324633733504,1.7249256291987816
react_198,2.223647119784436,3.1001873591557194,8.167219733329864,26.98885845524554,23.81829251480941,143.29393728184365,4.944606513325617,6.8937226919787316,18.16101463666556,60.01369737027657,52.963477548739135,318.63515091934323,9.611161661868914,25.31991137671639,83.67051782099519,73.84116937108543,444.23805300482417,66.70347817249274,220.42393735572793,194.5292286411744,1170.3130722348053,728.3984807172787,642.8285253278256,3867.3397907945105,567.311058321026,3413.0169137777057,20533.15246173294,2.494054670518096
react_199,0.0002126949556563,2.6909065689778564,8.677401681123355,0.0017340087087613,37.22759105260521,147.6020419825842,4.5239144161635425e-08,0.0005723422533639916,0.001845639565778435,3.6881490541762275e-07,0.007918120828124736,0.03139420977426508,7.240978162968179,23.35007718539433,0.004666055425070593,100.17596931067663,397.1833043654812,75.29729993556242,0.015046690084487844,323.03876118404924,1280.8022072369163,3.0067862020600312e-06,0.06455296709142169,0.25594322622875204,1385.8935355800118,5494.868457457111,21786.362797428552,1.008155128006235
react_2,1.6886559082078831,3.2185092269571536,5.654304640417105,27.899663160854537,45.07973281369924,151.67140800755303,2.8515587763253905,5.434954621722784,9.548174937847595,47.11293103358684,76.124157156286,256.1208192381629,10.358801644008334,18.198431657209102,89.79532331220692,145.08953600965415,488.1558261378925,31.971160966642405,157.75319487649395,254.89454243726283,857.5963461157031,778.3912044891438,1257.70936088353,4231.581194543265,2032.1823105545118,6837.306548458054,23004.21600699362,0.8416047555871515
react_20,1.6796450699336958,8.10125746524117,7.838033696600846,99.89782444600672,-20.47375790841053,144.03259932286505,2.82120756095257,13.607237161755881,13.165114656469791,167.79288832783703,-34.38864653387776,241.92364536238566,65.6303725181258,63.49792899739945,809.2979960545639,-165.86318409705126,1166.8451705024509,61.43477222905032,783.0025142249164,-160.4740043821698,1128.9323669016244,9979.575329045178,-2045.2838732844368,14388.5433216576,419.1747628922027,-2948.8885694554333,20745.389667700987,1.4470889050346116
react_200,1.3306604704816691,4.612744835017586,6.880221674979805,0.7147982441513756,43.92039990808349,146.90279751361655,1.770657287702497,6.13799721237639,9.155239011046804,0.9511537678619405,58.443140005433435,195.47774565454236,21.277414912981417,31.73670699503914,3.297181908788897,202.59359782791896,677.625120480569,47.33745029686192,4.917970372647801,302.18208742137705,1010.723811568354,0.5109365298418895,31.394224736724315,105.00586172365817,1929.0015280859802,6452.029614414251,21580.431917326623,0.9852697138169656
react_201,1.2994695694654503,5.608642330815286,9.066114403845155,61.81264682354498,30.41544596036553,147.91822944579363,1.6886211619667229,7.288260034910239,11.781139781089182,80.32365355531194,39.523946467215865,192.21523793401715,31.456868795013122,50.84859302142013,346.6850275542694,170.5893577239309,829.6204431689263,82.19443038360859,560.4005277067347,275.74991272064386,1341.0435905697823,3820.8033073323054,1880.0592191286926,9143.217275496932,925.0993529679159,4498.998914261486,21879.802602378448,0.6558249414364155
react_202,1.7536538256812624,7.585666146835621,4.909378656467772,0.008567637393626,27.2085515399312,151.37917929512668,3.0753017403265273,13.302632458739128,8.609350662632645,0.015024670092382073,47.714380499246154,265.46667689938863,57.54233089124797,37.24090747636492,0.06499123693519171,206.3949883208883,1148.3119157148021,24.101998792581306,0.042061776156622654,133.57708220354155,743.177711865103,7.340441050865851e-05,0.23311300359991483,1.296961917145342,740.3052769010925,4118.80820192394,22915.655924066108,1.0245321768682063
react_203,1.6923308032232716,5.05125396787302,9.940709132678355,73.59376458317489,13.053301058110703,145.61305527639848,2.8639835475383233,8.548392684735285,16.822968271114473,124.54499472926871,22.090503464387666,246.4254587957021,25.515166647952928,50.21304644991311,371.7407953614751,65.93553876362277,735.5285232390212,98.81769806051486,731.5742077001476,129.7590690399611,1447.4970284232927,5416.042185523766,960.6415651039067,10716.212910248101,170.388668513674,1900.7310485141447,21203.16186692748,1.7249256291987816
react_204,1.6924679888561165,5.060621272192686,8.726361796138985,64.57572059854176,29.44329931760533,147.071400836559,2.8644478933026676,8.564939506910438,14.769087999142195,109.29233997034848,49.83184158135616,248.9136379921028,25.609887660569125,44.160812134390525,326.7932653281519,149.00138685020994,744.2726596046678,76.149390197114,563.5111011892601,256.93288231743617,1283.3982535647917,4170.023690820931,1901.3222702329172,9497.241688457776,866.9078747060985,4330.267275890318,21629.99694402781,1.543533564108471
react_205,1.6867381782705686,7.122726532239548,3.724282389466044,9.65630844093678,27.695964248897404,145.01326553618398,2.8450856820355166,12.01417477530918,6.281889292973116,16.287664108484417,46.715840282632,244.5994113355692,50.73323325306921,26.52704498900229,68.7792443357491,197.27077939157948,1032.8898339612765,13.870279316486906,35.96281947383316,103.14759191144975,540.0703510753732,93.2442927065069,267.4407733565113,1400.29282004486,767.0664356762031,4016.2822179060176,21028.847181467805,1.3256122210632166
react_206,1.687785948643011,3.287345568102873,9.362531844772542,2.0969717586135284,25.528413699216816,147.87508013767868,2.848621408436788,5.548335658177905,15.801949691329824,3.5392394688891367,43.08649793268389,249.58148241083327,10.806640884125601,30.777877566135032,6.89347081711507,83.92071763481707,486.1164893234552,87.65700254437995,19.63296486760784,239.01058620544507,1384.4851468373083,4.397290556422714,53.532362569460375,310.0898668514245,651.6999059983608,3775.016221559501,21867.03932572489,1.3256122210632166
react_207,1.6424587279098095,9.120885720409994,3.032589766488273,44.99554883190074,-10.29787692202814,155.8787710203705,2.6976706728871096,14.980678357755346,4.980903530138635,73.9033318960474,-16.913837829526123,256.0244479582622,83.19055632477894,27.65990469702437,410.39925882289407,-93.92575856866608,1421.7524567147564,9.1966006918094,136.45304092514556,-31.229236170298293,472.71636580914435,2024.5994146839641,-463.35862391002087,7013.850853303755,106.04626910123974,-1605.2203987247822,24298.191254821097,1.988440635339029
react_208,1.6416989883037738,7.179622967969472,4.475220173332347,52.382935669348775,30.79854921357165,140.38160590906034,2.6951755681976346,11.78677976291802,7.346964430996353,85.99701249275155,50.56194708514457,230.46434039736343,51.54698596219477,32.13039354317724,376.08972806132374,221.12197131389715,1007.8870020651285,20.0275955998008,234.4251704458402,137.83028874994494,628.2385947290182,2743.971949339132,1613.3184221637962,7353.60063149418,948.5506336607949,4323.5497982704155,19706.995277606726,0.7458897859716693
react_209,1.6412094401104038,7.1815269850472845,4.371983361100683,51.175174326272135,30.598479240053344,148.30513201783077,2.6935684263075053,11.78638988226721,7.175340364244053,83.9891792035734,50.218512981797765,243.39978268448357,51.57432983696234,31.39751648592228,367.5158953886223,219.7438043638522,1065.0573076070518,19.114238509741224,223.7370106558886,133.7760421124979,648.3875695477963,2618.8984673243426,1565.8825092285488,7589.540984493293,936.2669318039755,4537.911503240965,21994.412182826214,1.886692938390812
react_21,1.6565748101827946,8.60226142184575,6.783926365798394,96.27783856134012,31.26326346177236,149.78136354313716,2.744240101732162,14.250289582036899,11.238081531716531,159.49144213956174,51.78993473488025,248.1240338803926,73.99890156977567,58.35710806514977,828.2071364349092,268.93476519820416,1288.4584453185823,46.02165693657461,653.1417674583566,212.0876772792191,1016.1057412455226,9269.42219804347,3009.9594324731625,14420.625938703553,977.3916422801908,4682.654230112603,22434.456864841417,0.8230152121319365
react_210,1.6412933236056468,7.190714549117226,4.204005308509421,49.27039359409195,11.511321600680375,148.71886212569038,2.6938437741124703,11.802071781420093,6.90000584525921,80.86716805740555,18.89345528907417,244.0912755011243,51.70637572688615,30.22980213646475,354.28933605776916,82.77462771357978,1069.3948856153606,17.67366063397539,207.13299622191113,48.39365711721946,625.2148858518831,2427.571684916737,567.1673460536947,7327.436871798259,132.5105249942906,1711.9506500160662,22117.299951960103,0.31228557251126
react_211,1.6803090731865786,7.349311185452794,3.7322148673610624,45.52365327975741,36.78095742298765,144.64528180987867,2.823438581433139,12.34911426658794,6.271274504708637,76.49380765057633,61.80337647833538,243.0487794187687,54.012374900621545,27.429208471209872,334.5674942515959,270.31470180042606,1063.0431875283127,13.929427816150953,169.9040555873008,137.27443612984874,539.8472712644598,2072.4030079355675,1674.4035530216092,6584.781657665718,1352.8388289516301,5320.191951685197,20922.257549859216,1.1075894836747928
react_212,2.113796833691216,3.688492967503312,6.635215174318991,41.39321147473557,42.4682761043081,144.57907071301568,4.46813705412301,7.796724755800817,14.025496826335392,87.49683935160695,89.76930756161079,305.6107818911909,13.604980371321387,24.473944508346857,152.67856942693956,156.64393775272939,533.2788855731224,44.026080409513,274.6528648909605,281.78615003447374,959.31324388394,1713.3979561921806,1757.8983337530847,5984.592048844606,1803.5544752717467,6140.023893944635,20903.10768823919,1.368419286027596
react_213,1.656830265524601,5.277619314040695,4.581225237958296,27.42719432214452,28.944657389442312,143.65906383203466,2.74508652875832,8.744119409419808,7.590312627434447,45.44220565135353,47.95638438806831,238.0186848738456,27.85326562393538,24.17796279781938,144.7502904844972,152.75888287681147,758.1778499169512,20.98762468090604,125.65015483499494,132.60199493656918,658.134528888779,752.2509883846766,793.8707428081306,3940.165059858578,837.7931913921975,4158.162383506267,20637.92662109661,0.1863481509286366
react_214,1.6751543608784354,7.668555336999608,5.2651385903502925,59.2111838412608,18.319016960524426,147.99097159845903,2.8061421327700393,12.846013914412493,8.81991987025463,99.18787282446277,30.68718114842851,247.9077214437953,58.80674095662518,40.37600663707333,454.06423985596547,140.48039528121592,1134.8769550791203,27.721684375595867,311.7550890229479,96.45216313613868,779.1929755864808,3505.964291883584,1084.6906810407863,8762.720626163164,335.5863823999816,2711.0491187166595,21901.327674655906,1.493427750076506
react_215,1.689001471479621,4.6653340167903385,7.84153240915031,0.3537977654281413,26.865611340028007,148.22375941368344,2.8527259706603254,7.879756019302813,13.244359777710011,0.5975649464143324,45.3760570855069,250.35014775795267,21.765341488221075,36.58336789217284,1.6505847501163164,125.33705046650093,691.5133468892045,61.48963052375466,2.774316643889729,210.66756201446572,1162.301413248497,0.1251728588219461,9.504993258962841,52.441234863919625,721.7610726734414,3982.121911765837,21970.28285472551,0.4091184007238878
react_216,1.6872139956070764,4.584011274038958,8.096979910087896,60.72800658385891,26.390324686791697,147.40434336734924,2.8466910669723955,7.734207977579155,13.661337826449625,102.46114263360543,44.52612516016988,248.70267114266278,21.013159360516273,37.11664719350986,278.3778668303213,120.97354588980177,675.7031718382386,65.56108366436699,491.71344928919103,213.681928809649,1193.5300069051248,3687.890783649211,1602.6318113296604,8951.571934501784,696.4492370742872,3890.0484817076767,21728.040443559395,1.2234161884088224
react_217,3.242449907339447,4.899908475029729,5.232998007029028,82.27966250981478,46.00716426121555,141.11220388864658,10.513481401605587,15.887707780831915,16.967733902998784,266.7876840808699,149.17592549572908,457.54925242320724,24.009103063668167,25.641211284455217,403.16281565442733,225.43089407561496,691.4368837641025,27.38426814156978,430.5693099328818,240.7553988879981,738.4398817167614,6769.942862729021,3785.4539484464276,11610.664511974013,2116.6591633584694,6492.172343567103,19912.654086310962,0.0652097204911501
react_218,3.1026090378051223,6.302149442234682,6.109445009095913,17.221327750447657,31.961403765078376,142.07074261206586,9.626182841470026,19.553105817075835,18.95521930119438,53.43104712154305,99.16374018247083,440.78997003588086,39.71708759225891,38.50263545643727,108.53138107702435,201.42554291112614,895.3510513104978,37.32531831916697,105.21275487497739,195.26643871625743,867.9733893898358,296.57412948833854,550.4178096028064,2446.6468222718763,1021.5313306343662,4540.780367828763,20184.095906343864,2.7734997689789584
react_219,3.1094874411374085,7.256636739228228,6.04958018360572,21.15949158529297,24.938618553318868,145.45393864160835,9.668912146591268,22.564420805526492,18.811093605075722,65.79517334532116,77.54632119086139,452.2871954700524,52.65877676511689,43.899605817260316,153.5467440212275,180.97049561961242,1055.5063950121437,36.59742039787501,128.00604098956032,150.86817260665975,879.9352648336761,447.72408414808393,527.6884894277817,3077.7313907348316,621.9346953479401,3627.420292860918,21156.848266356767,2.112330669903123
react_22,1.683459326659075,11.50651524244691,3.71609455203114,66.69904526649734,-19.42178101702687,146.5023665276882,2.834035304515426,19.37075040224206,6.255894032363799,112.28512983314077,-32.69577839344406,246.63077530866298,132.3998930246631,42.75929860532024,767.473581015608,-223.47701930788574,1685.7317135053884,13.809358719635519,247.85995874050914,-72.17317462811536,544.4166461132113,4448.76263946226,-1295.414251210674,9771.56797667926,377.20557787334525,-2845.3368811769674,21462.943398213094,1.4039556858223057
react_220,3.102203209636259,6.347497779432025,6.095098684348505,19.958047297433545,40.18050534527714,134.43034588916467,9.623664753877506,19.691227984513056,18.90823470163567,61.91391838417061,124.6480926469256,417.0302504898791,40.29072805989449,38.6886253643212,126.68366090225877,255.04566845560328,853.2963220197519,37.150227971946876,121.64626782475244,244.90414526645677,819.3662243655621,398.32365192659444,801.9244261158225,2682.9672014662997,1614.473009801845,5401.479231567036,18071.517895880454,3.3719641172676784
react_221,3.089782782508591,7.543332337375368,6.585087477462989,6.791808246455807,30.54903444319065,131.74392545533502,9.54675764308653,23.307258378762697,20.34648990917807,20.985212181999017,94.38988064483239,407.0601125719894,56.90186275209293,49.67350331319216,51.23286677474279,230.44151939091395,993.7882131399986,43.36337708583987,44.724651433066,201.16806416044028,867.5452737477441,46.128659256625106,207.48318405252473,894.7794793280035,933.2435054112486,4024.6497164161706,17356.46189438087,2.8730026748254267
react_222,3.098023665103179,5.374606029917487,7.01353428897322,33.3514750331844,41.54435983933523,140.80801402997878,9.597750629539336,16.65065667129062,21.728095203251637,103.3236589189031,128.70540993382264,436.2265597010547,28.886389976825413,37.694983680548525,179.2510388199954,223.284566901553,756.7876012662301,49.189663222603095,233.91171373307307,291.3727922466196,987.5618345614785,1112.3208868891224,1385.5656799512176,4696.154964393116,1725.93383446017,5849.778803123601,19826.8968150667,1.988440635339029
react_223,1.6806376540862478,6.341604427297431,6.52213697300012,36.17050845510795,40.46054920433637,141.2024925865861,2.824542924332526,10.657939187836117,10.961348981932103,60.78951847709941,67.99952249781707,237.31022589185085,40.21594671231837,41.36081270341782,229.37905655651173,256.58479796510505,895.450352132527,42.53827069457517,235.909010527273,263.8892439134928,920.9419975787486,1308.3056819010358,1463.4786370937597,5107.36595198543,1637.0560419165242,5713.130399074507,19938.1439126649,0.1751890076501606
react_224,1.7116078243723116,4.844201119866754,6.846159382062673,16.727746347018677,31.284190902563505,142.86982603383458,2.929601344452518,8.29137253959705,11.717939965238381,28.631341531672522,53.546265927984784,244.53711210622225,23.466284489718312,33.16417294537428,81.03256758707488,151.54691260432344,692.0901712682698,46.869898284604766,114.52081759440652,214.17655705782488,978.1095999151986,279.8174978501967,523.3140100897916,2389.89021053667,978.7006004280372,4469.566911858518,20411.787190938157,0.8800804961461687
react_225,2.5205065034212404,3.095974024659048,8.289247947855408,26.820777445257352,39.301943393942345,142.66551384530203,6.352953033788768,7.803422663576362,20.893103361040726,67.60194397758488,99.06080392152514,359.5893554610168,9.585055161363545,25.663296330518662,83.03643029167803,121.67779586626577,441.68872507969087,68.7116315410251,222.32407439798612,325.783553624966,1182.5898178719071,719.3541027680255,1054.10867693503,3826.3999959581274,1544.6427545406484,5607.031949415758,20353.448840744066,2.494054670518096
react_226,3.1237128942360664,3.150168021862544,5.811868747778311,56.87431967619973,45.59400750875778,139.83594940270618,9.757582245616662,9.840220468902151,18.15460934704273,177.6590457234491,142.4225891550027,436.80735822697545,9.923558565965374,18.308363076513544,179.16366310915208,143.62878444264948,440.50673611519375,33.77781834140223,330.5460810772583,264.986387326119,812.7081841494972,3234.68823863056,2593.1281583721407,7953.074488554402,2078.8135207086607,6375.681327061258,19554.092745356204,1.4470889050346116
react_227,2.793089337439093,6.561411284913918,6.739144062498542,93.27468409647068,19.4511823456874,139.5592773402767,7.80134804691595,18.3266078984456,18.82303142443065,260.52452560285195,54.328890010323,389.8015294798321,43.05211804979571,44.21829590233856,612.0135648273634,127.62720734791168,915.7058172549229,45.41606269510935,628.5915335101575,131.0843200135157,940.510075254313,8700.1666932964,1814.3028885968397,13017.347506646049,378.3484946451812,2714.5929515780817,19476.79189174027,1.5981284553068844
react_228,3.076538051504874,7.5195057873388755,6.121492346996835,0.0081587265931338,10.751287591159958,144.6459897660616,9.465086382357406,23.134045683259167,18.83300413753164,0.025100632815600862,33.076745376875785,445.0088915128731,56.54296728582284,46.03059713039333,0.0613495918343852,80.84436926307194,1087.66635716126,37.472668554340814,0.04994358240110812,65.81392470964772,885.4493193767286,6.656481962150868e-05,0.08771681598042619,1.1801270832945263,115.59018486783009,1555.1306348829085,20922.462355403597,1.6973122680433244
react_229,3.108616087146151,7.435764188263935,6.048847387412483,31.515113041231285,32.07301548577827,141.28821012904768,9.663493977263846,23.114936175862507,18.80354429720241,97.96838738820102,99.70269190237795,439.21080293124334,55.29058906346842,44.97780278359561,234.3389489410773,238.4873799587847,1050.5858131014825,36.58855471620682,190.63010918346092,194.00477592759,854.630820711276,993.2023500015862,1010.7847086074637,4452.713913610177,1028.6783223509728,4531.538951426841,19962.358321469932,2.5517882814393
react_23,3.0781072983747846,6.34979570992042,6.50372528407045,18.16064519284572,43.79684693319231,138.7673905736042,9.474744540308116,19.54535251789494,20.019164263521873,55.90041451129336,134.81139419086256,427.14091770103533,40.319905557723764,41.297326907291506,115.31638693491865,278.10103076442584,881.1445813411232,42.29844257065726,118.11184731574319,284.8426607619662,902.504986678029,329.8090338204304,795.3789977190788,2520.1053445442694,1918.1638012894769,6077.574164270656,19256.388686607213,2.5830854507418013
react_230,3.1082860285906846,6.529655756925048,6.047211683168968,20.12506637216325,41.08063241252548,132.04430946907334,9.66144203553205,20.296037760756857,18.79646358672446,62.554462629055244,127.69035577352258,410.4314822776253,42.636404303944424,39.48621058034866,131.40975549549447,268.2423879305687,862.2038854939274,36.56876914105527,121.70053649029653,248.4232802769939,798.4998909173592,405.0182964839761,826.7504539125163,2657.4004921315654,1687.6183594130391,5424.46373946476,17435.69966316441,2.0111536403510075
react_231,1.6734240899738315,7.884371862228857,5.248302543259904,40.11807484472316,1.4901363193771144,146.12514071642155,2.8003481849047462,13.193897808565609,8.782635907362051,67.13455288853292,2.4936300141906025,244.5293306256758,62.16331966190614,41.37956889654254,316.3058204725266,11.748788867382194,1152.1049478287864,27.54467958558838,210.55179423825177,7.820686234790863,766.9089476562067,1609.4599292468092,59.78140038961137,5862.259331957103,2.2205062503267734,217.74637935563135,21352.556749394,0.3843756656061347
react_232,3.096511713929477,7.844461856444362,6.704784252539404,31.89070176297547,41.76928646693579,140.97921172806988,9.588384794502467,24.290468027952937,20.761442977358154,98.74993157448496,129.33908482734265,436.5437805365123,61.53558181721052,52.595424324734175,250.16539355490403,327.6575744607755,1105.9060489524377,44.95413187310037,213.82027498282855,280.0540541433183,945.2351987297814,1017.0168589350468,1332.0518575693366,4495.9259959992505,1744.6732919569451,5888.601080552545,19875.138139467956,2.329247163126845
react_233,3.108367853960513,7.309214209104683,6.046869659007911,31.14425993126613,31.01258880288885,139.95679988256722,9.661950715535085,22.71972648529241,18.79589526514936,96.8078164057381,96.39853410299544,435.03721769815644,53.424612354577796,44.19786563222461,227.64006722166005,226.67765473919596,1022.974230362481,36.56463267303045,188.325280430629,187.52908227947708,846.3005267817377,969.964926666269,965.8641268186439,4358.850954690871,961.7806642570669,4340.4226849262595,19587.905833368968,2.112330669903123
react_234,1.6668503376180692,6.086715401807381,4.374872722017953,42.55528782871155,22.955647654910543,137.85294386577516,2.7783900480174712,10.145643622487736,7.292258073731706,70.93329588472196,38.26362904382908,229.78022602431207,37.048104382599185,26.628605178053654,259.02192585536477,139.7244941396075,839.071636612302,19.139511333856774,186.17396789945275,100.42803674172352,603.0890837682518,1810.9525221844854,976.8841932492054,5866.371704243278,526.9617592563999,3164.5036075748963,19003.434132460556,0.1751890076501606
react_235,1.6406791755005992,8.058243098678963,5.58383035991086,46.30263142937533,27.2838699327216,148.22268580773294,2.691828156921326,13.220991643123995,9.161274191033764,75.96776315705564,44.764077225683266,243.18587394151564,64.93528183740713,44.995862461945755,373.1178601664394,219.8600565906083,1194.4144349778242,31.179161488262245,258.54603911910874,152.34850126618994,827.6503330407478,2143.9336772845763,1263.3149734618237,6863.10039042756,744.4095585056698,4044.0884806568456,21969.964588057916,1.988440635339029
react_236,2.726029393727637,8.007499572153632,6.047738938111117,0.0095651822072699,29.72560867410048,132.133940913595,7.431236255467069,21.82867920395228,16.48631411088207,0.026074967853378345,81.03288299204313,360.20100683953086,64.1200493980406,48.42726695942163,0.07659319243228525,238.02779873986591,1058.0624753325853,36.57514626354538,0.057847724885033806,179.77272103741103,799.1115795092221,9.149271065827266e-05,0.2843308631897737,1.2638852206031712,883.6118110457578,3927.7618201642404,17459.378341357417,2.494054670518096
react_237,3.100473667171219,7.38227537374796,6.825453540587504,2.4121104615678304,28.29385658873049,143.72411391087817,9.612936960822148,22.88855040011212,21.16213896909212,7.478684968399273,87.72435729607778,445.61283051819447,54.497989693845575,50.38737758733995,17.806863659192018,208.87304072334155,1061.0109867380224,46.586816034718495,16.463747890196306,193.1184036304256,980.9822621608051,5.818276878804972,68.2479074757767,346.6784387439958,800.5423206636476,4066.5094673367516,20656.620919467085,3.151349098385578
react_238,3.337676789212826,6.419622760076417,5.851076501840738,121.6768976079792,31.64698525106207,139.5736661324009,11.140086349250039,21.426625881809436,19.529002232102407,406.11815692957776,105.6274081210305,465.85178583545473,41.21155638169116,37.561703882165105,781.1197812596711,203.16170680552077,896.0102838108678,34.23509623039285,711.9408364109286,185.16893175658967,816.6561981830553,14805.267411502655,3850.7069839947076,16982.890682762416,1001.5316754809402,4417.085753528752,19480.80827763891,0.0
react_239,1.6876145099585795,7.956473490924987,5.993658695507948,41.66863350527596,18.20649597860395,131.08088828272864,2.8480427342227363,13.4274601113858,10.114985382278626,70.32059051364995,30.725546788994553,221.2140090441924,63.305470411792044,47.68838652446102,331.5353778877969,144.8595026163947,1042.9416127884301,35.923944558238034,249.7475675388311,109.12352293689005,785.6541058706824,1736.2750181970066,758.6398083477286,5461.9614933990415,331.4764958189218,2386.5236653913325,17182.199272989186,0.1751890076501606
react_24,1.675879039748352,5.980692050844755,9.80195608605172,39.00408572695768,17.5846209171261,142.98010994449805,2.8085705558678584,10.022916451200311,16.42689275314787,65.36612973435625,29.469697616932073,239.6173693568992,35.76867740703764,58.62248084657889,233.2714254576832,105.16820253617448,855.1200069739687,96.07834311288634,382.31633547223583,172.36368201953653,1401.4847588548166,1521.318703395864,685.8720617276396,5576.808465525037,309.2188927990287,2514.25103206301,20443.311839740752,0.3005421108594009
react_240,3.107912960403222,7.473975240418329,6.061573581470269,40.43446961942195,32.568899196070305,141.21084818892055,9.65912296944232,23.22846451542891,18.838843094289228,125.6668121772318,101.22130391753298,438.87102523587805,55.86030589438622,45.30405086588265,302.2062247950068,243.4191461991099,1055.4063830424636,36.74267428357831,245.09651282585028,197.41877894446804,855.9599467989697,1634.9463334039565,1316.9061650815206,5709.785751027713,1060.7331948437889,4599.08188005654,19940.503646234367,1.255752230391482
react_241,2.214085735565044,3.230521530696073,12.45928528585086,42.860946592737854,16.6752574752526,141.5148064965943,4.902175644432601,7.1526516395499256,27.58592582673783,94.89781046379605,36.92044971283115,313.3259144353568,10.436269360290897,40.24998937302598,138.46321079385413,53.86977830370416,457.1666292995364,155.23378983421978,534.0167612205383,207.76179009918928,1763.1733463130493,1837.0607428255266,714.7173200669544,6065.45856333216,278.0642118659677,2359.7958348912593,20026.44045776853,2.271235607736596
react_242,3.101370663765277,6.368428884271748,10.148000195411884,0.002331739772291,13.57934858381904,135.85788657023537,9.618499994063876,19.750858515955834,31.472710101934716,0.007231589325318035,42.114593330898934,421.3456638500786,40.5568864540267,64.62681756205639,0.014849518916463232,86.47911575078784,865.2012889900017,102.98190796607963,0.02366249566485873,137.8032320821617,1378.685859462994,5.437010365683684e-06,0.03166350717469432,0.31678523749521714,184.3987079608682,1844.8615995981734,18457.365343330937,0.4780959413874129
react_243,1.6653121624668183,7.959731566625327,5.833690672515584,77.07232530326213,15.608448079799238,133.76384436228184,2.7732645984599107,13.255437787872218,9.714916029009435,128.34948071712154,25.99293842452153,222.7585569148265,63.357326612731676,46.434611795950026,613.4750206295915,124.23905688681046,1064.724294443612,34.03194686259533,449.61610523072716,91.0548579755686,780.3368911760699,5940.14332765186,1202.979387885364,10309.490526504713,243.62365145978853,2087.8460196830224,17892.76605857676,0.0925137270928745
react_244,1.923671241858247,8.262732551308597,8.288786377437955,112.67415226250525,13.981314708912354,133.89004147382255,3.70051104675245,15.894780988118368,15.94489998418379,216.74802640813866,26.895453028904402,257.56042235440043,68.27274921445468,68.48802501169985,930.9963855905032,115.52386415541979,1106.2976039818116,68.70397961080101,933.9319783628234,115.88813089790563,1109.7859518428231,12695.464588074215,1575.3327823419947,15085.946919454624,195.47716098964895,1871.9588062348403,17926.543205861923,0.8230152121319365
react_245,3.118078328138616,6.757150406211378,6.070154273420973,3.307987159957208,33.74398058132765,140.68588016775175,9.722412460407707,21.06932424158074,18.92721648841194,10.31456307322338,105.21637455576804,438.66959402617306,45.65908161216259,41.016945414412255,22.35256678164687,228.01315209230697,950.6356523237289,36.8467729031309,20.079992395435955,204.83116792798035,853.9849967102691,10.942779050441755,111.62465448887723,465.38708518220125,1138.6562254730175,4747.301608447603,19792.516878575003,0.658894347408457
react_246,2.137697508780672,8.621757205537232,8.167153159626718,141.2434404267721,21.13788148816058,131.6306884851104,4.569750639047092,18.43070889958875,17.458902963164228,301.935750731922,45.186396598141954,281.38659485370516,74.33469731123319,70.41521160273783,1217.7666502343911,182.24568203034056,1134.8878369163274,66.70239073280068,1153.55681075806,172.6363155838458,1075.0479933650097,19949.709463591123,2985.587104721178,18591.97130738169,446.81003380752173,2782.393893403247,17326.638151064173,1.4470889050346116
react_247,1.6860192741021984,13.368076580876188,4.115446704216099,90.52420108102297,21.422943414941503,145.11194171393896,2.842660992644104,22.53883477303147,6.938722464848713,152.6255477953078,36.11949550559215,244.6615306320959,178.70547147217042,55.01560670647533,1210.1344524737501,286.38354815871526,1939.867549631578,16.93690157524315,372.5475249906914,88.164981871629,597.2004622690288,8194.630981357479,1939.2948374415414,13136.142590970296,458.9425045597855,3108.724916170004,21057.475627989617,0.8230152121319365
react_248,4.624190339428424,6.341993394229615,5.503256045151504,103.70659190869904,28.65271463308096,138.20769919046634,21.38313629526316,29.326584586315462,25.448103439390657,479.55902043925204,132.49560620469242,639.098707431184,40.220880212452066,34.90161348510503,657.7065208230357,181.7153269297457,876.5123152976112,30.285827098496576,570.7239288436081,157.68322501450376,760.5923560564146,10755.057205317442,2971.475383529337,14333.049458585927,820.9780558447718,3960.0257649991267,19101.36811552243,0.0
react_249,1.686631115806872,10.50139064770239,9.781248755956796,91.60240706183544,9.452774277588,144.53531309722146,2.8447245208079344,17.711972225658133,16.49735850324399,154.4994700332988,15.943343227278747,243.77775640266225,110.27920553565123,102.71671420865533,961.952660826186,99.26727539350435,1517.8217852218982,95.67282722590636,895.9859301162259,92.45993664299803,1413.7358514240234,8391.000979522198,865.8968772392634,13239.782585141515,89.35494154302934,1366.259689848543,20890.456732111837,0.7870098645125718
react_25,1.6812727681942428,11.885724298423389,3.7255420647780886,61.689639340634,2.419430654254046,144.29315223580957,2.826678121071532,19.983144593203864,6.2636524202735515,103.71711070313219,4.067722873531707,242.59614749097284,141.27044209813215,44.28076584413137,733.2260452719489,28.75668571561771,1715.028625625267,13.879663676430983,229.82734632452122,9.013690675237019,537.5702083139371,3805.6116019774986,149.25380447060624,8901.392520750289,5.85364469074416,349.1072757182634,20820.513782146518,1.543533564108471
react_250,1.6631550676550908,9.890386726361005,8.747190438248376,142.41804159308236,6.646366565922858,140.47942559914108,2.7660847790668095,16.44924680501595,14.54793410511694,236.86328760104843,11.053938235607966,233.63906858648778,97.81974959697794,86.51309620340363,1408.5695081665513,65.735135662133,1389.3958462725632,76.51334056298381,1245.7577316570696,58.13703407453412,1228.800288371431,20282.898571208938,946.5625100284736,20006.804677950793,44.17418852861721,933.677757502179,19734.469016664614,0.6869551246443248
react_251,1.666276893884702,11.94440105707593,7.952269371166387,133.8160898907718,1.1806822837738529,145.58179928075137,2.77647868709405,19.902679492697633,13.250682707121578,222.97465861499128,1.9673436084713918,242.57958831167653,142.6687166122766,94.98509468311234,1598.3530455451023,14.102542718379231,1738.8873972200226,63.23858815159104,1064.1415930076325,9.38910356233359,1157.705683419612,17906.745913655115,157.99428661792362,19481.18713901332,1.394010655217441,171.88585125070418,21194.06028182098,1.1347740141156684
react_252,1.6739990477918438,10.875158954252417,9.247370389753032,150.38309845490463,1.3654546432040446,133.7889520201517,2.802272812008,18.20500573400349,15.480089227025067,251.74116361749745,2.2857697725265225,223.96257828680262,118.26908228025651,100.56662289741134,1635.4400997300788,14.849536289666005,1454.9761195419997,85.51385912528114,1390.6482117711998,12.626864836115873,1237.19599338724,22615.076300897537,205.3413000446605,20119.597143824984,1.8644663826474848,182.6827457453193,17899.483682650454,0.6869551246443248
react_253,3.12355858943606,4.732003436334937,6.059337807002677,0.0005906911236652,47.4153593901155,136.08883308442486,9.756618261639789,14.780689978804944,18.926696653357872,0.0018450583330280733,148.104653094193,425.08144350718555,22.39185652148565,28.67280732465087,0.0027951524269962716,224.36964356908254,643.9728258023101,36.71557465937202,0.00357919705788544,287.30567978514625,824.6082114193323,3.489160035768566e-07,0.028007831917136617,0.08038646573292477,2248.2163060938137,6452.700929679445,18520.170490280452,1.886692938390812
react_254,1.7780803752396568,7.651811665456957,8.667625497284353,113.24299031734184,6.191547702791659,145.07733563348972,3.1615698208123986,13.60553615737889,15.41173479664818,201.35513871671998,11.009069462694027,257.959163381965,58.55022176362316,66.32303789193257,866.5140343414654,47.37655693945443,1110.104449193751,75.12773176117383,981.5478302633172,53.66601673636934,1257.4760134149153,12823.974856013576,701.1493765565958,16428.991314409028,38.335262955944664,898.2532441686677,21047.43331451223,2.8730026748254267
react_255,1.6867338891022097,15.173528139503295,5.052623139625488,1.810794123414926,-1.4140616521746785,144.78270192827247,2.8450712126458653,25.593704130146207,8.522430678468316,3.054327814151085,-2.3851457100028917,244.20988989820103,230.23595620029835,76.66611938741282,27.476135586483583,-21.456304270265004,2196.86440182196,25.52900059107892,9.149260289064106,-7.144720624634829,731.5324299802892,3.2789753573940303,-2.5605745299043092,262.1716658238507,1.9995703561509814,-204.731666695007,20962.030777650994,0.9069268797568272
react_26,1.6797300649222155,11.29032794934667,5.463326332192909,98.98227511461,-15.856650476876782,144.5074327260119,2.8214930910035902,18.964703299349186,9.176913494665644,166.26350340441246,-26.634892534973115,242.73347935460666,127.47150520379859,61.68274598475923,1117.5423472164027,-179.02678406210313,1631.5363065948259,29.847934612032425,540.7724700540117,-86.63005609070017,789.4912624096162,9797.490786864342,-1569.5273398984295,14303.674462192106,251.43336434583668,-2291.403852047156,20882.398113062856,1.5981284553068844
react_27,1.6558939578812384,9.38771831738869,5.031342744071569,68.81839947852272,15.771213431147812,144.41978333289904,2.7419847997475926,15.545066040054957,8.331370049937721,113.95597188754314,26.115457029093097,239.1438466194651,88.12925520663512,47.23282843958134,646.0477493579,148.05570921503283,1355.772245387562,25.314409808321628,346.24895487488396,79.35038026200962,726.6254289723697,4735.972106785536,1085.3496661657732,9938.738342005145,248.73117309081715,2277.6752266232743,20857.073817921504,0.3241006147030766
react_28,1.681007897670105,15.507670841359078,3.724796655336888,69.39096073400823,6.760301514929835,142.93029774084127,2.8257875520292663,26.06851715879301,6.261412594836501,116.64675302078399,11.364120237228228,240.26695931869375,240.48785492393856,57.762920481959675,1076.0921784286722,104.836530681873,2216.5160106224153,13.874110123608867,258.46721845264716,25.180748471879546,532.3862949713911,4815.105431588672,469.1038169725525,9918.070678234822,45.70167657276262,966.2519083467815,20429.070012285534,1.5981284553068844
react_29,1.6876527445655591,17.882099306174585,4.582440955191147,115.61824056602124,-14.824337661470333,143.68489914988476,2.8481717862396643,30.178773972659418,7.733569054837961,195.12344101308682,-25.01833414074699,242.4902144029286,319.76947559588956,81.9436642254096,2067.4968594067745,-265.0902782106764,2569.3876353959195,20.99876510781315,529.8137607368782,-67.93165203350421,658.4275665069415,13367.57755158236,-1713.9638379758057,16612.595235615878,219.7609871012877,-2130.0334618522033,20645.350243712553,1.525268925130999
react_3,0.9734823329081658,2.872012177800761,5.35427467814436,0.0020410200508677,51.04607144687834,143.5037167093758,0.9476678524843248,2.7958531149861465,5.21229180471109,0.001986896960631032,49.692448717904036,139.69833292323568,8.24845394943587,15.377542078920854,0.005861834441227563,146.6049388243223,412.14442194899783,28.668257329017894,0.01092818197594584,273.31468776676854,768.3583165966126,4.165762848043989e-06,0.10418605534110387,0.2928939631778742,2605.701410159808,7325.300976039385,20593.316709404782,1.661527042252833
react_30,2.4565814530561094,8.930936597484028,8.349755850577024,163.0850916260446,5.793044112197341,142.75446657558203,6.034792435499266,21.9395732037993,20.511855360074257,400.6318113584974,14.231084722759883,350.6879749304931,79.76162850827959,74.57114010597472,1456.5026133070776,51.7373096724626,1274.9310899941759,69.71842276424525,1361.7206979464559,48.37050396847053,1191.9649424854683,26596.747110675362,944.7591298314217,23281.125261505917,33.559360085864284,826.9829220855477,20378.837727278966,1.4470889050346116
react_311,1.6803414391534943,5.182396565860253,3.717043369772801,30.387699150706,44.38484144066897,145.49228693752693,2.8235473521364365,8.708195703741744,6.245902005359983,51.061710123460735,74.58168834301335,244.47671881833713,26.85723416584014,19.263192794664185,157.48110772301328,230.0198498583747,753.9987281841941,13.816411412771942,112.95239565078231,164.98038059545567,540.8011405142164,923.4122596738181,1348.753208550837,4421.175844205761,1970.0141497133257,6457.652086562446,21168.00555831167,1.1925691598929764
react_312,1.6587939326252807,9.158364285721465,5.590627961799092,76.31380541059009,15.676604958023727,142.44983482474612,2.7515973109144443,15.191839109926828,9.273699742597575,126.58887739063317,26.004257188533153,236.29492171076228,83.87563638997844,51.20100746009659,698.9096299798458,143.57205896892856,1304.6074797658766,31.255121007249873,426.64209439973985,87.64206602440574,796.3840297248878,5823.79689624541,1196.3413802653147,10870.888975586375,245.7559430099341,2233.129786883276,20291.955441597453,0.459880754927536
react_313,1.8455568961492488,4.352761401593858,3.856239872370819,9.382839676186023,33.68915137671525,152.64594558689203,3.406080256924049,8.033268822003814,7.116910089659664,17.3165644698479,62.17524564871279,281.7167775471116,18.946531819205326,16.785292071742926,40.841262379845936,146.64083776501872,664.4313800604199,14.87058595326251,36.18248047537145,129.9134488052256,588.6393817279195,88.03768038901065,316.09990619448087,1432.2524346616233,1134.958920483235,5142.5123679186445,23300.784704116402,0.7528553442398
react_357,1.666553891620188,12.072901456152524,5.527337404736304,92.02067063592412,1.2509731334495695,144.32305067747143,2.7774018736743935,20.120140904898022,9.211605662161118,153.3574067577989,2.084814143862681,240.52214175703764,145.75494956996974,66.73099980228724,1110.95648851658,15.102875364430993,1742.3979686804194,30.551458785797063,508.62929481486304,6.914550592835986,797.7221963752411,8467.803824285227,115.11538668755279,13280.703911563383,1.5649337806126344,180.54425893499746,20829.142956851985,0.8763409472136713
react_363,1.6647447838046163,11.599778670413242,9.495702554269595,174.8674595474959,0.6223648953693504,147.03173991633318,2.7713751952046786,19.310671034858494,15.80792129578048,291.1096911388586,1.0360787131892317,244.77032207943265,134.554865202574,110.14804794960499,2028.4238274083934,7.219295038519359,1705.5356405552288,90.16836699916212,1660.489382283792,5.909791926646469,1396.1696682822278,30578.62840859512,108.8313681647814,25711.06683201733,0.3873380629881024,91.50739342900224,21618.332542824242,0.4342740435359016
react_364,1.6653556120651674,10.427700280505306,5.720196646518063,78.457081437222,0.5500117985747124,143.60992538529473,2.773409314636948,17.365829183073032,9.526161587395206,130.65894087773154,0.9159652354584537,239.16159518866053,108.73693314005044,59.64849617544191,818.1269301105475,5.735358186278756,1497.521259223584,32.72064967483649,448.7899341327918,3.146175645752438,821.4770135956721,6155.513627646885,43.152320472209155,11267.215611147443,0.30251297857139,78.9871533543462,20623.81066916992,0.7870098645125718
react_367,1.6918586916128375,6.230550656488029,7.69627605834983,75.10377411972067,17.21781596735832,148.11682966663366,2.8623858323859026,10.541211281713343,13.02101154237095,127.0649730173767,29.13011159496547,250.59274564563233,38.81976148306341,47.95203784786464,467.9378691463543,107.27647457871446,922.84941031637,59.23266516632879,578.0193786493197,132.51306480665326,1139.9480100019925,5640.576887026024,1293.122961247399,11124.132918611997,296.4531866858191,2550.2483148686574,21938.59523049457,0.3643819965570918
react_368,1.642252798789354,8.536312001824848,3.4674141113858514,47.91985629772434,0.639708190326413,152.4646941830924,2.6969942551314667,14.01878227633601,5.694370528985115,78.69651812252144,1.0505625659720246,250.38557073874645,72.86862259249895,29.598928694319884,409.05884443998633,5.460748702749014,1301.4861988096868,12.022960619837734,166.15798594231154,2.2181332063069106,528.658232098583,2296.3126275945506,30.654724552919003,7306.086235730276,0.40922656877069424,97.53291360453603,23245.482972343892,1.7151132512496416
react_369,0.0303004649415224,4.613157219415042,6.066830434033268,0.0076086156157207,52.51724493210986,146.95811680312423,0.0009181181756724281,0.13978080859661643,0.1838277828725862,0.00023054459071766495,1.5912969388907399,4.45289926606522,21.28121953104112,27.987242615727464,0.03509974005741597,242.2703076023506,677.9408974819715,36.8064315153123,0.046160180778315116,318.6132198657035,891.56997554941,5.789103158778889e-05,0.3995835298850799,1.1181478223651575,2758.061015259219,7717.835414911285,21596.688094320703,2.5837498498549607
react_4,0.0744807911627176,5.65314411946652,6.060941645067754,0.001575214339713,39.03493585584875,147.49938325323328,0.005547388252224351,0.42105064657473096,0.45142372891570937,0.00011732321027268204,2.9073529055295477,10.985870760713713,31.9580384354589,34.26337661924451,0.008904913681447885,220.6701180872442,833.8352710629542,36.735013624916604,0.009547282191474426,236.58846834126217,893.9851545813308,2.481300216037463e-06,0.0614883907099101,0.2323431435993166,1523.7262172702265,5757.628964067212,21756.06806008419,3.2505783702049342
react_5,1.6865276094397172,6.830130625201649,7.776590305530837,83.5432911585096,-7.481391094536122,145.76465309273107,2.8443753774024474,11.519203875482338,13.115434257579002,140.89806712228747,-12.617572637951596,245.83611192129342,46.65068435731747,53.115127605452415,570.6115914718746,-51.09887843390206,995.5916211605568,60.47535678007619,649.6819481154058,-58.179713457654344,1133.5519881299979,6979.481497595509,-625.0200344815121,12177.658853945179,55.9712127094044,-1090.5223775461054,21247.334091244233,1.988440635339029
react_79,1.683933511171592,4.425591501643895,3.7148685369938335,27.124826275373525,53.61298552612957,151.20087561705768,2.8356320700466866,7.452401836374363,6.255591619040901,45.6764039498092,90.28070296140712,254.6122213700511,19.585860139422667,16.4404906270442,120.04340064786011,237.26917312219618,669.153310171966,13.800248247146705,100.76516370180875,199.16519310532453,561.6913755957256,735.756200469194,1454.2429185003798,4101.2974837970505,2874.352217024979,8106.33035599543,22861.704787364946,1.163063982201545
react_80,1.6897709549438948,3.412654916377794,3.211142806612351,15.714770698925983,68.87478614283371,154.67856942705393,2.8553258801720025,5.766605156941682,5.426095846790571,26.554363090648497,116.38261315213266,261.37135397010843,11.646213578277528,10.958522286176827,53.62908948543946,235.04587754481062,527.8645804135195,10.311438124458245,50.46237288741872,221.1667740795245,496.6949755527733,246.95401811982265,1082.3514711721966,2430.7382505840555,4743.736166221079,10653.453390167797,23925.45983999994,0.8731496586803169
react_81,3.1296722602531672,3.129819330620413,3.6290801472849976,7.303280025640207,56.38586465385468,145.82833174963002,9.794848456598169,9.795308738646844,11.357831467193336,22.856872905107195,176.46927647755857,456.3948846358133,9.795769042325212,11.358365197343362,22.85794700118267,176.47756916738066,456.4163316621186,13.1702227154181,26.504188551113945,204.62882200280288,529.2227036642728,53.337899132915226,411.80175905494906,1065.0251424395067,3179.365732762819,8222.656576732059,21265.90234088015,0.8418164132047582
react_82,1.7024099173873892,4.951614125432211,3.659173226154077,0.0027052163327119,47.313336767113285,144.43886539384374,2.8981995268189373,8.42967699421128,6.229412789643108,0.0046053871134870816,80.54669373702305,245.89415690266176,24.518482447179796,18.11881383402788,0.013395187405406166,234.2773866573693,715.2055261455583,13.389548699002834,0.009898855175614103,173.1276951382322,528.5268290652257,7.318195406771221e-06,0.1279928113774933,0.39073837774180176,2238.551836038274,6833.884680638674,20862.58583626091,1.448691717949406
react_83,0.0067456568481396,4.166852287639975,8.168074951279566,0.0073526496420132,37.09280509346041,138.78040311196094,4.550388631285269e-05,0.02810815566930476,0.05509903073121654,4.959845140961752e-05,0.2502153346954087,0.9361649766397736,17.362657987010497,34.03516179635404,0.03063740498103795,154.56023975866924,578.2774401866724,66.71744840972069,0.06005699336646268,302.9768121565891,1133.568734387289,5.4061456758196833e-05,0.2727304000916971,1.0204036812596071,1375.8761897014429,5147.754443423834,19260.000287918378,2.373650860962769
react_85,2.283828040629363,3.955996237281703,8.1648485809063,34.41510368819,16.94060004247209,147.8228051476089,5.215870519164956,9.034815135328206,18.64711013656667,78.59817882425534,38.68941740208474,337.6018674405998,15.649906229386993,32.30011026404018,136.14602069613932,67.01695002531385,584.7864609483672,66.66475234912762,280.9941105102613,138.31743421647946,1206.950820835043,1184.399361868869,583.012507001833,5087.337166634067,286.9839297990054,2504.2070191619273,21851.58172170795,2.112330669903123
react_93,2.872323258981482,9.949698884738693,8.937117578880647,92.42384291148252,7.759973986049619,141.27830081326798,8.250240904086002,28.57875152649706,25.670290690071155,265.47115367910203,22.289153769221567,405.79694941533205,98.99650789697039,88.92162880736734,919.5894067396418,77.20940451459917,1405.67655203955,79.87207061873748,826.002751191914,69.35179992238058,1262.6207857126453,8542.166738526399,717.2066166838409,13057.483481166653,60.217196264166816,1096.3159391042523,19959.558280684236,1.3635830574449357
react_94,2.438552149591417,6.460600809450325,7.581815033331953,118.22899330543434,26.15146508994525,138.41379978098556,5.946536586276921,15.75451199153714,18.488651347336155,288.3075657689962,63.77171141005089,337.52926898903837,41.739362819070195,48.98308034144706,763.8303298495862,168.9541765284122,894.2363069041305,57.4839191996584,896.3903588188449,198.27557116260266,1049.4278280000754,13978.094858016439,3091.861391046437,16364.52420768587,683.8991263506252,3619.7236529391153,19158.379969810758,1.4470889050346116
react_95,2.344129087137264,9.608571597295205,7.686644476969745,169.85436791121228,4.283821276558282,145.47028476126823,5.494941177162984,22.523732167060654,18.01848690094778,398.16056439798706,10.041830058477755,341.00112582302955,92.32464814034812,73.85767379991755,1632.0578551882043,41.16140344582679,1397.7616464075675,59.084503315329485,1305.610138993907,32.9282111557822,1118.1783609234185,28850.50629851746,727.6257551744094,24708.76326798927,18.351124729493428,623.1687009673128,21161.603748524467,1.4470889050346116
react_96,2.8726915518400142,7.644978038162069,8.95876675444702,22.74846671185436,7.588335713560332,141.0967750623285,8.25235675201299,21.961663824230623,25.735773570405136,65.3493281404578,21.798947896870633,405.32751371342187,58.44568920398036,68.48957508676394,173.91152841398747,58.01265987636963,1078.681746606995,80.25950176058518,203.79820729280553,67.9821297122273,1264.053097588078,517.4927377403459,172.62300237830283,3209.7352906553824,57.5828389016952,1070.6896972736563,19908.29993298933,1.3635830574449357
