<?xml version="1.0" ?>
<!--MOLLI PACKAGE EXPERIMENTAL XML FORMAT-->
<molecule name="react_292_c1_frag_1">
	<atoms>
		<a id="1" s="H" t="H" l="H"/>
		<a id="2" s="C" t="C.3" l="C"/>
		<a id="3" s="H" t="H" l="H"/>
		<a id="4" s="H" t="H" l="H"/>
		<a id="5" s="H" t="H" l="H"/>
	</atoms>
	<bonds>
		<b id="1" c="1 2" t="1"/>
		<b id="2" c="3 2" t="1"/>
		<b id="3" c="4 2" t="1"/>
		<b id="4" c="2 5" t="1"/>
	</bonds>
	<geometry>
		<g u="A" t="cart/3d">#5,3:-0.8379,-0.4551,-0.5326;-0.0000,-0.0000,-0.0000;-0.2527,1.0291,0.2647;0.2063,-0.5695,0.9088;0.8843,-0.0044,-0.6410;</g>
	</geometry>
	<conformers/>
	<properties/>
</molecule>
