<?xml version="1.0" ?>
<!--MOLLI PACKAGE EXPERIMENTAL XML FORMAT-->
<molecule name="react_314_c2_frag_1">
	<atoms>
		<a id="1" s="H" t="H" l="H"/>
		<a id="2" s="C" t="C.3" l="C"/>
		<a id="3" s="H" t="H" l="H"/>
		<a id="4" s="C" t="C.3" l="C"/>
		<a id="5" s="H" t="H" l="H"/>
		<a id="6" s="H" t="H" l="H"/>
		<a id="7" s="C" t="C.3" l="C"/>
		<a id="8" s="H" t="H" l="H"/>
		<a id="9" s="H" t="H" l="H"/>
		<a id="10" s="C" t="C.3" l="C"/>
		<a id="11" s="H" t="H" l="H"/>
		<a id="12" s="H" t="H" l="H"/>
		<a id="13" s="C" t="C.3" l="C"/>
		<a id="14" s="H" t="H" l="H"/>
		<a id="15" s="H" t="H" l="H"/>
		<a id="16" s="C" t="C.3" l="C"/>
		<a id="17" s="H" t="H" l="H"/>
		<a id="18" s="H" t="H" l="H"/>
	</atoms>
	<bonds>
		<b id="1" c="1 2" t="1"/>
		<b id="2" c="3 2" t="1"/>
		<b id="3" c="2 4" t="1"/>
		<b id="4" c="5 4" t="1"/>
		<b id="5" c="6 4" t="1"/>
		<b id="6" c="4 7" t="1"/>
		<b id="7" c="8 7" t="1"/>
		<b id="8" c="9 7" t="1"/>
		<b id="9" c="7 10" t="1"/>
		<b id="10" c="11 10" t="1"/>
		<b id="11" c="12 10" t="1"/>
		<b id="12" c="10 13" t="1"/>
		<b id="13" c="14 13" t="1"/>
		<b id="14" c="15 13" t="1"/>
		<b id="15" c="13 16" t="1"/>
		<b id="16" c="17 16" t="1"/>
		<b id="17" c="16 18" t="1"/>
		<b id="18" c="16 2" t="1"/>
	</bonds>
	<geometry>
		<g u="A" t="cart/3d">#18,3:-1.7305,0.0841,1.0587;-1.4479,-0.2768,0.0621;-2.3587,-0.6652,-0.4073;-0.9009,0.8859,-0.7618;-1.6335,1.7006,-0.7820;-0.7556,0.5606,-1.7993;0.4228,1.3991,-0.2013;0.8209,2.1833,-0.8550;0.2495,1.8580,0.7799;1.4479,0.2768,-0.0621;1.7305,-0.0841,-1.0587;2.3587,0.6652,0.4073;0.9009,-0.8859,0.7618;1.6335,-1.7006,0.7820;0.7556,-0.5606,1.7993;-0.4228,-1.3991,0.2013;-0.8209,-2.1833,0.8550;-0.2495,-1.8580,-0.7799;</g>
	</geometry>
	<conformers/>
	<properties/>
</molecule>
