<?xml version="1.0" ?>
<!--MOLLI PACKAGE EXPERIMENTAL XML FORMAT-->
<molecule name="react_318_c2_frag_0">
	<atoms>
		<a id="1" s="H" t="H" l="H"/>
		<a id="2" s="C" t="C.3" l="C"/>
		<a id="3" s="C" t="C.3" l="C"/>
		<a id="4" s="H" t="H" l="H"/>
		<a id="5" s="H" t="H" l="H"/>
		<a id="6" s="H" t="H" l="H"/>
		<a id="7" s="C" t="C.3" l="C"/>
		<a id="8" s="H" t="H" l="H"/>
		<a id="9" s="H" t="H" l="H"/>
		<a id="10" s="H" t="H" l="H"/>
		<a id="11" s="C" t="C.3" l="C"/>
		<a id="12" s="H" t="H" l="H"/>
		<a id="13" s="H" t="H" l="H"/>
		<a id="14" s="H" t="H" l="H"/>
	</atoms>
	<bonds>
		<b id="1" c="1 2" t="1"/>
		<b id="2" c="4 3" t="1"/>
		<b id="3" c="5 3" t="1"/>
		<b id="4" c="3 6" t="1"/>
		<b id="5" c="3 2" t="1"/>
		<b id="6" c="8 7" t="1"/>
		<b id="7" c="9 7" t="1"/>
		<b id="8" c="7 10" t="1"/>
		<b id="9" c="7 2" t="1"/>
		<b id="10" c="2 11" t="1"/>
		<b id="11" c="12 11" t="1"/>
		<b id="12" c="13 11" t="1"/>
		<b id="13" c="11 14" t="1"/>
	</bonds>
	<geometry>
		<g u="A" t="cart/3d">#14,3:0.2304,-0.3295,1.4527;0.0628,-0.0897,0.3956;1.3594,-0.3507,-0.3677;1.2465,-0.1261,-1.4338;2.1727,0.2689,0.0247;1.6620,-1.3989,-0.2726;-1.0581,-0.9850,-0.1280;-1.9821,-0.8212,0.4365;-1.2668,-0.7856,-1.1847;-0.7891,-2.0420,-0.0297;-0.3334,1.3816,0.2938;0.4564,2.0253,0.6953;-0.5134,1.6749,-0.7462;-1.2473,1.5783,0.8641;</g>
	</geometry>
	<conformers/>
	<properties/>
</molecule>
