<?xml version="1.0" ?>
<!--MOLLI PACKAGE EXPERIMENTAL XML FORMAT-->
<molecule name="react_20_c2_frag_0">
	<atoms>
		<a id="1" s="H" t="H" l="H"/>
		<a id="2" s="C" t="C.3" l="C"/>
		<a id="3" s="H" t="H" l="H"/>
		<a id="4" s="H" t="H" l="H"/>
		<a id="5" s="C" t="C.3" l="C"/>
		<a id="6" s="H" t="H" l="H"/>
		<a id="7" s="H" t="H" l="H"/>
		<a id="8" s="C" t="C.3" l="C"/>
		<a id="9" s="H" t="H" l="H"/>
		<a id="10" s="H" t="H" l="H"/>
		<a id="11" s="C" t="C.3" l="C"/>
		<a id="12" s="H" t="H" l="H"/>
		<a id="13" s="H" t="H" l="H"/>
		<a id="14" s="C" t="C.3" l="C"/>
		<a id="15" s="H" t="H" l="H"/>
		<a id="16" s="H" t="H" l="H"/>
		<a id="17" s="C" t="C.3" l="C"/>
		<a id="18" s="H" t="H" l="H"/>
		<a id="19" s="H" t="H" l="H"/>
		<a id="20" s="C" t="C.3" l="C"/>
		<a id="21" s="H" t="H" l="H"/>
		<a id="22" s="H" t="H" l="H"/>
		<a id="23" s="C" t="C.3" l="C"/>
		<a id="24" s="H" t="H" l="H"/>
		<a id="25" s="H" t="H" l="H"/>
		<a id="26" s="C" t="C.3" l="C"/>
		<a id="27" s="H" t="H" l="H"/>
		<a id="28" s="H" t="H" l="H"/>
		<a id="29" s="C" t="C.1" l="C"/>
		<a id="30" s="N" t="N.1" l="N"/>
	</atoms>
	<bonds>
		<b id="1" c="1 2" t="1"/>
		<b id="2" c="3 2" t="1"/>
		<b id="3" c="4 2" t="1"/>
		<b id="4" c="2 5" t="1"/>
		<b id="5" c="6 5" t="1"/>
		<b id="6" c="7 5" t="1"/>
		<b id="7" c="5 8" t="1"/>
		<b id="8" c="9 8" t="1"/>
		<b id="9" c="10 8" t="1"/>
		<b id="10" c="8 11" t="1"/>
		<b id="11" c="12 11" t="1"/>
		<b id="12" c="13 11" t="1"/>
		<b id="13" c="11 14" t="1"/>
		<b id="14" c="15 14" t="1"/>
		<b id="15" c="16 14" t="1"/>
		<b id="16" c="14 17" t="1"/>
		<b id="17" c="18 17" t="1"/>
		<b id="18" c="19 17" t="1"/>
		<b id="19" c="17 20" t="1"/>
		<b id="20" c="21 20" t="1"/>
		<b id="21" c="22 20" t="1"/>
		<b id="22" c="20 23" t="1"/>
		<b id="23" c="24 23" t="1"/>
		<b id="24" c="25 23" t="1"/>
		<b id="25" c="23 26" t="1"/>
		<b id="26" c="27 26" t="1"/>
		<b id="27" c="28 26" t="1"/>
		<b id="28" c="26 29" t="1"/>
		<b id="29" c="29 30" t="3"/>
	</bonds>
	<geometry>
		<g u="A" t="cart/3d">#30,3:5.3393,1.2932,-0.6146;5.3033,0.2229,-0.3877;5.3876,-0.3310,-1.3281;6.1726,-0.0228,0.2303;4.0194,-0.1362,0.3430;3.9816,0.4095,1.2930;4.0296,-1.2058,0.5834;2.7857,0.1957,-0.4961;2.7825,1.2658,-0.7372;2.8305,-0.3495,-1.4468;1.4964,-0.1670,0.2425;1.4517,0.3784,1.1931;1.4997,-1.2370,0.4834;0.2618,0.1652,-0.5972;0.2584,1.2352,-0.8381;0.3064,-0.3802,-1.5477;-1.0276,-0.1976,0.1415;-1.0722,0.3478,1.0921;-1.0242,-1.2676,0.3824;-2.2622,0.1346,-0.6982;-2.2174,-0.4109,-1.6487;-2.2654,1.2046,-0.9390;-3.5518,-0.2281,0.0403;-3.5947,0.3138,0.9939;-3.5468,-1.2980,0.2859;-4.7857,0.1036,-0.7983;-4.7471,-0.4410,-1.7488;-4.7950,1.1728,-1.0399;-6.0201,-0.2470,-0.0836;-6.9963,-0.5234,0.4795;</g>
	</geometry>
	<conformers/>
	<properties/>
</molecule>
