<?xml version="1.0" ?>
<!--MOLLI PACKAGE EXPERIMENTAL XML FORMAT-->
<molecule name="react_25_c2_frag_0">
	<atoms>
		<a id="1" s="H" t="H" l="H"/>
		<a id="2" s="C" t="C.3" l="C"/>
		<a id="3" s="H" t="H" l="H"/>
		<a id="4" s="H" t="H" l="H"/>
		<a id="5" s="C" t="C.3" l="C"/>
		<a id="6" s="H" t="H" l="H"/>
		<a id="7" s="H" t="H" l="H"/>
		<a id="8" s="C" t="C.3" l="C"/>
		<a id="9" s="H" t="H" l="H"/>
		<a id="10" s="H" t="H" l="H"/>
		<a id="11" s="C" t="C.3" l="C"/>
		<a id="12" s="H" t="H" l="H"/>
		<a id="13" s="H" t="H" l="H"/>
		<a id="14" s="C" t="C.3" l="C"/>
		<a id="15" s="H" t="H" l="H"/>
		<a id="16" s="H" t="H" l="H"/>
		<a id="17" s="C" t="C.3" l="C"/>
		<a id="18" s="H" t="H" l="H"/>
		<a id="19" s="H" t="H" l="H"/>
		<a id="20" s="C" t="C.3" l="C"/>
		<a id="21" s="H" t="H" l="H"/>
		<a id="22" s="H" t="H" l="H"/>
		<a id="23" s="C" t="C.3" l="C"/>
		<a id="24" s="H" t="H" l="H"/>
		<a id="25" s="H" t="H" l="H"/>
		<a id="26" s="C" t="C.3" l="C"/>
		<a id="27" s="H" t="H" l="H"/>
		<a id="28" s="O" t="O.3" l="O"/>
		<a id="29" s="C" t="C.3" l="C"/>
		<a id="30" s="H" t="H" l="H"/>
		<a id="31" s="H" t="H" l="H"/>
		<a id="32" s="C" t="C.3" l="C"/>
		<a id="33" s="H" t="H" l="H"/>
		<a id="34" s="H" t="H" l="H"/>
		<a id="35" s="O" t="O.3" l="O"/>
	</atoms>
	<bonds>
		<b id="1" c="1 2" t="1"/>
		<b id="2" c="3 2" t="1"/>
		<b id="3" c="4 2" t="1"/>
		<b id="4" c="2 5" t="1"/>
		<b id="5" c="6 5" t="1"/>
		<b id="6" c="7 5" t="1"/>
		<b id="7" c="5 8" t="1"/>
		<b id="8" c="9 8" t="1"/>
		<b id="9" c="10 8" t="1"/>
		<b id="10" c="8 11" t="1"/>
		<b id="11" c="12 11" t="1"/>
		<b id="12" c="13 11" t="1"/>
		<b id="13" c="11 14" t="1"/>
		<b id="14" c="15 14" t="1"/>
		<b id="15" c="16 14" t="1"/>
		<b id="16" c="14 17" t="1"/>
		<b id="17" c="18 17" t="1"/>
		<b id="18" c="19 17" t="1"/>
		<b id="19" c="17 20" t="1"/>
		<b id="20" c="21 20" t="1"/>
		<b id="21" c="22 20" t="1"/>
		<b id="22" c="20 23" t="1"/>
		<b id="23" c="24 23" t="1"/>
		<b id="24" c="25 23" t="1"/>
		<b id="25" c="23 26" t="1"/>
		<b id="26" c="27 26" t="1"/>
		<b id="27" c="26 28" t="1"/>
		<b id="28" c="28 29" t="1"/>
		<b id="29" c="30 29" t="1"/>
		<b id="30" c="31 29" t="1"/>
		<b id="31" c="29 32" t="1"/>
		<b id="32" c="33 32" t="1"/>
		<b id="33" c="34 32" t="1"/>
		<b id="34" c="32 35" t="1"/>
		<b id="35" c="35 26" t="1"/>
	</bonds>
	<geometry>
		<g u="A" t="cart/3d">#35,3:-5.3243,-0.7238,-0.2425;-5.3350,0.2650,-0.7118;-6.3703,0.6204,-0.7292;-5.0037,0.1601,-1.7490;-4.4605,1.2438,0.0566;-4.4665,2.2150,-0.4517;-4.9025,1.4025,1.0475;-3.0196,0.7602,0.2404;-2.5000,1.4722,0.8933;-3.0293,-0.2028,0.7635;-2.2524,0.6362,-1.0787;-2.3570,1.5700,-1.6447;-2.6867,-0.1592,-1.6951;-0.7571,0.3603,-0.8846;-0.3184,1.1690,-0.2891;-0.2732,0.3912,-1.8686;-0.4734,-0.9932,-0.2276;-1.0253,-1.7754,-0.7633;-0.8397,-0.9961,0.8053;1.0123,-1.3685,-0.2331;1.3800,-1.3847,-1.2660;1.1073,-2.3913,0.1522;1.8756,-0.4336,0.6168;1.8635,0.5740,0.1841;1.4572,-0.3426,1.6265;3.3236,-0.9109,0.7116;3.3731,-1.9163,1.1444;3.9313,-0.9504,-0.5875;4.8940,0.1025,-0.5708;5.7298,-0.1258,-1.2366;4.3996,1.0193,-0.9100;5.2892,0.1908,0.8773;5.7291,1.1531,1.1500;5.9743,-0.6162,1.1592;4.0551,-0.0146,1.5617;</g>
	</geometry>
	<conformers/>
	<properties/>
</molecule>
