<?xml version="1.0" ?>
<!--MOLLI PACKAGE EXPERIMENTAL XML FORMAT-->
<molecule name="react_333_c2_frag_0">
	<atoms>
		<a id="1" s="H" t="H" l="H"/>
		<a id="2" s="O" t="O.3" l="O"/>
		<a id="3" s="C" t="C.3" l="C"/>
		<a id="4" s="H" t="H" l="H"/>
		<a id="5" s="H" t="H" l="H"/>
		<a id="6" s="H" t="H" l="H"/>
	</atoms>
	<bonds>
		<b id="1" c="1 2" t="1"/>
		<b id="2" c="2 3" t="1"/>
		<b id="3" c="4 3" t="1"/>
		<b id="4" c="5 3" t="1"/>
		<b id="5" c="3 6" t="1"/>
	</bonds>
	<geometry>
		<g u="A" t="cart/3d">#6,3:1.5626,-0.1408,-0.0088;0.9153,0.5784,-0.1053;-0.3711,-0.0017,0.0074;-0.5080,-0.7432,-0.7835;-0.4739,-0.4749,0.9870;-1.1249,0.7823,-0.0969;</g>
	</geometry>
	<conformers/>
	<properties/>
</molecule>
