<?xml version="1.0" ?>
<!--MOLLI PACKAGE EXPERIMENTAL XML FORMAT-->
<molecule name="react_334_c2_frag_0">
	<atoms>
		<a id="1" s="H" t="H" l="H"/>
		<a id="2" s="O" t="O.3" l="O"/>
		<a id="3" s="Si" t="Si" l="SI"/>
		<a id="4" s="C" t="C.3" l="C"/>
		<a id="5" s="H" t="H" l="H"/>
		<a id="6" s="H" t="H" l="H"/>
		<a id="7" s="H" t="H" l="H"/>
		<a id="8" s="C" t="C.3" l="C"/>
		<a id="9" s="H" t="H" l="H"/>
		<a id="10" s="H" t="H" l="H"/>
		<a id="11" s="H" t="H" l="H"/>
		<a id="12" s="C" t="C.3" l="C"/>
		<a id="13" s="C" t="C.3" l="C"/>
		<a id="14" s="H" t="H" l="H"/>
		<a id="15" s="H" t="H" l="H"/>
		<a id="16" s="H" t="H" l="H"/>
		<a id="17" s="C" t="C.3" l="C"/>
		<a id="18" s="H" t="H" l="H"/>
		<a id="19" s="H" t="H" l="H"/>
		<a id="20" s="H" t="H" l="H"/>
		<a id="21" s="C" t="C.3" l="C"/>
		<a id="22" s="H" t="H" l="H"/>
		<a id="23" s="H" t="H" l="H"/>
		<a id="24" s="H" t="H" l="H"/>
	</atoms>
	<bonds>
		<b id="1" c="1 2" t="1"/>
		<b id="2" c="2 3" t="1"/>
		<b id="3" c="5 4" t="1"/>
		<b id="4" c="6 4" t="1"/>
		<b id="5" c="4 7" t="1"/>
		<b id="6" c="4 3" t="1"/>
		<b id="7" c="9 8" t="1"/>
		<b id="8" c="10 8" t="1"/>
		<b id="9" c="8 11" t="1"/>
		<b id="10" c="8 3" t="1"/>
		<b id="11" c="3 12" t="1"/>
		<b id="12" c="14 13" t="1"/>
		<b id="13" c="15 13" t="1"/>
		<b id="14" c="13 16" t="1"/>
		<b id="15" c="13 12" t="1"/>
		<b id="16" c="18 17" t="1"/>
		<b id="17" c="19 17" t="1"/>
		<b id="18" c="17 20" t="1"/>
		<b id="19" c="17 12" t="1"/>
		<b id="20" c="12 21" t="1"/>
		<b id="21" c="22 21" t="1"/>
		<b id="22" c="23 21" t="1"/>
		<b id="23" c="21 24" t="1"/>
	</bonds>
	<geometry>
		<g u="A" t="cart/3d">#24,3:0.9757,0.0229,2.6456;1.2448,0.6966,2.0001;1.0848,0.3038,0.3828;1.5765,1.7287,-0.7285;0.9732,2.6161,-0.5165;2.6278,1.9893,-0.5734;1.4447,1.4677,-1.7824;2.0714,-1.2294,-0.0500;1.7638,-2.0789,0.5664;1.9346,-1.4997,-1.1009;3.1386,-1.0572,0.1194;-0.9106,-0.1163,0.0182;-1.3398,-1.3053,0.9024;-2.3985,-1.5425,0.7465;-0.7633,-2.2081,0.6722;-1.2037,-1.0852,1.9673;-1.0971,-0.4723,-1.4698;-0.7987,0.3547,-2.1235;-2.1476,-0.6992,-1.6851;-0.5063,-1.3507,-1.7520;-1.7519,1.1273,0.3727;-1.6239,1.4136,1.4228;-2.8183,0.9339,0.2097;-1.4761,1.9901,-0.2439;</g>
	</geometry>
	<conformers/>
	<properties/>
</molecule>
