<?xml version="1.0" ?>
<!--MOLLI PACKAGE EXPERIMENTAL XML FORMAT-->
<molecule name="react_337_c2_frag_0">
	<atoms>
		<a id="1" s="H" t="H" l="H"/>
		<a id="2" s="O" t="O.3" l="O"/>
		<a id="3" s="C" t="C.3" l="C"/>
		<a id="4" s="H" t="H" l="H"/>
		<a id="5" s="H" t="H" l="H"/>
		<a id="6" s="H" t="H" l="H"/>
	</atoms>
	<bonds>
		<b id="1" c="1 2" t="1"/>
		<b id="2" c="2 3" t="1"/>
		<b id="3" c="4 3" t="1"/>
		<b id="4" c="5 3" t="1"/>
		<b id="5" c="3 6" t="1"/>
	</bonds>
	<geometry>
		<g u="A" t="cart/3d">#6,3:1.5453,-0.2642,-0.0614;0.9371,0.4475,-0.3242;-0.3687,0.0307,0.0299;-1.0796,0.8107,-0.2528;-0.6140,-0.8925,-0.5008;-0.4201,-0.1322,1.1092;</g>
	</geometry>
	<conformers/>
	<properties/>
</molecule>
