<?xml version="1.0" ?>
<!--MOLLI PACKAGE EXPERIMENTAL XML FORMAT-->
<molecule name="react_338_c1_frag_0">
	<atoms>
		<a id="1" s="H" t="H" l="H"/>
		<a id="2" s="C" t="C.3" l="C"/>
		<a id="3" s="H" t="H" l="H"/>
		<a id="4" s="C" t="C.3" l="C"/>
		<a id="5" s="H" t="H" l="H"/>
		<a id="6" s="H" t="H" l="H"/>
		<a id="7" s="H" t="H" l="H"/>
		<a id="8" s="C" t="C.3" l="C"/>
		<a id="9" s="H" t="H" l="H"/>
		<a id="10" s="H" t="H" l="H"/>
		<a id="11" s="H" t="H" l="H"/>
	</atoms>
	<bonds>
		<b id="1" c="1 2" t="1"/>
		<b id="2" c="3 2" t="1"/>
		<b id="3" c="5 4" t="1"/>
		<b id="4" c="6 4" t="1"/>
		<b id="5" c="4 7" t="1"/>
		<b id="6" c="4 2" t="1"/>
		<b id="7" c="2 8" t="1"/>
		<b id="8" c="9 8" t="1"/>
		<b id="9" c="10 8" t="1"/>
		<b id="10" c="8 11" t="1"/>
	</bonds>
	<geometry>
		<g u="A" t="cart/3d">#11,3:-0.0914,1.5429,-0.0158;0.0328,0.5150,0.3428;0.2259,0.5669,1.4200;1.2224,-0.1235,-0.3541;2.1308,0.4558,-0.1611;1.0680,-0.1626,-1.4371;1.3870,-1.1439,0.0065;-1.2471,-0.2652,0.0954;-1.4796,-0.3089,-0.9735;-1.1605,-1.2901,0.4702;-2.0881,0.2136,0.6067;</g>
	</geometry>
	<conformers/>
	<properties/>
</molecule>
