<?xml version="1.0" ?>
<!--MOLLI PACKAGE EXPERIMENTAL XML FORMAT-->
<molecule name="react_338_c2_frag_0">
	<atoms>
		<a id="1" s="H" t="H" l="H"/>
		<a id="2" s="O" t="O.3" l="O"/>
		<a id="3" s="Si" t="Si" l="SI"/>
		<a id="4" s="C" t="C.3" l="C"/>
		<a id="5" s="H" t="H" l="H"/>
		<a id="6" s="H" t="H" l="H"/>
		<a id="7" s="H" t="H" l="H"/>
		<a id="8" s="C" t="C.3" l="C"/>
		<a id="9" s="H" t="H" l="H"/>
		<a id="10" s="H" t="H" l="H"/>
		<a id="11" s="H" t="H" l="H"/>
		<a id="12" s="C" t="C.3" l="C"/>
		<a id="13" s="C" t="C.3" l="C"/>
		<a id="14" s="H" t="H" l="H"/>
		<a id="15" s="H" t="H" l="H"/>
		<a id="16" s="H" t="H" l="H"/>
		<a id="17" s="C" t="C.3" l="C"/>
		<a id="18" s="H" t="H" l="H"/>
		<a id="19" s="H" t="H" l="H"/>
		<a id="20" s="H" t="H" l="H"/>
		<a id="21" s="C" t="C.3" l="C"/>
		<a id="22" s="H" t="H" l="H"/>
		<a id="23" s="H" t="H" l="H"/>
		<a id="24" s="H" t="H" l="H"/>
	</atoms>
	<bonds>
		<b id="1" c="1 2" t="1"/>
		<b id="2" c="2 3" t="1"/>
		<b id="3" c="5 4" t="1"/>
		<b id="4" c="6 4" t="1"/>
		<b id="5" c="4 7" t="1"/>
		<b id="6" c="4 3" t="1"/>
		<b id="7" c="9 8" t="1"/>
		<b id="8" c="10 8" t="1"/>
		<b id="9" c="8 11" t="1"/>
		<b id="10" c="8 3" t="1"/>
		<b id="11" c="3 12" t="1"/>
		<b id="12" c="14 13" t="1"/>
		<b id="13" c="15 13" t="1"/>
		<b id="14" c="13 16" t="1"/>
		<b id="15" c="13 12" t="1"/>
		<b id="16" c="18 17" t="1"/>
		<b id="17" c="19 17" t="1"/>
		<b id="18" c="17 20" t="1"/>
		<b id="19" c="17 12" t="1"/>
		<b id="20" c="12 21" t="1"/>
		<b id="21" c="22 21" t="1"/>
		<b id="22" c="23 21" t="1"/>
		<b id="23" c="21 24" t="1"/>
	</bonds>
	<geometry>
		<g u="A" t="cart/3d">#24,3:1.2048,2.2862,1.1285;1.3914,1.3953,1.4671;1.1028,0.1149,0.4314;1.4428,-1.5325,1.2546;2.4937,-1.6020,1.5513;1.2276,-2.3623,0.5753;0.8293,-1.6553,2.1517;2.1015,0.2722,-1.1463;1.8803,1.2141,-1.6564;1.8820,-0.5504,-1.8328;3.1727,0.2512,-0.9239;-0.9007,0.1521,-0.0935;-1.2054,-1.0246,-1.0413;-2.2620,-1.0237,-1.3326;-0.6108,-0.9678,-1.9597;-0.9958,-1.9898,-0.5672;-1.2070,1.4896,-0.7985;-0.9850,2.3460,-0.1517;-2.2661,1.5492,-1.0742;-0.6211,1.6049,-1.7171;-1.7513,0.0314,1.1879;-2.8203,0.0671,0.9489;-1.5622,-0.9131,1.7101;-1.5411,0.8475,1.8885;</g>
	</geometry>
	<conformers/>
	<properties/>
</molecule>
