<?xml version="1.0" ?>
<!--MOLLI PACKAGE EXPERIMENTAL XML FORMAT-->
<molecule name="react_28_c2_frag_0">
	<atoms>
		<a id="1" s="H" t="H" l="H"/>
		<a id="2" s="C" t="C.3" l="C"/>
		<a id="3" s="H" t="H" l="H"/>
		<a id="4" s="H" t="H" l="H"/>
		<a id="5" s="C" t="C.3" l="C"/>
		<a id="6" s="H" t="H" l="H"/>
		<a id="7" s="H" t="H" l="H"/>
		<a id="8" s="C" t="C.3" l="C"/>
		<a id="9" s="H" t="H" l="H"/>
		<a id="10" s="H" t="H" l="H"/>
		<a id="11" s="C" t="C.3" l="C"/>
		<a id="12" s="H" t="H" l="H"/>
		<a id="13" s="H" t="H" l="H"/>
		<a id="14" s="C" t="C.3" l="C"/>
		<a id="15" s="H" t="H" l="H"/>
		<a id="16" s="H" t="H" l="H"/>
		<a id="17" s="C" t="C.3" l="C"/>
		<a id="18" s="H" t="H" l="H"/>
		<a id="19" s="H" t="H" l="H"/>
		<a id="20" s="C" t="C.3" l="C"/>
		<a id="21" s="H" t="H" l="H"/>
		<a id="22" s="H" t="H" l="H"/>
		<a id="23" s="C" t="C.3" l="C"/>
		<a id="24" s="H" t="H" l="H"/>
		<a id="25" s="H" t="H" l="H"/>
		<a id="26" s="C" t="C.3" l="C"/>
		<a id="27" s="H" t="H" l="H"/>
		<a id="28" s="H" t="H" l="H"/>
		<a id="29" s="O" t="O.3" l="O"/>
		<a id="30" s="Si" t="Si" l="SI"/>
		<a id="31" s="C" t="C.3" l="C"/>
		<a id="32" s="H" t="H" l="H"/>
		<a id="33" s="H" t="H" l="H"/>
		<a id="34" s="H" t="H" l="H"/>
		<a id="35" s="C" t="C.3" l="C"/>
		<a id="36" s="H" t="H" l="H"/>
		<a id="37" s="H" t="H" l="H"/>
		<a id="38" s="H" t="H" l="H"/>
		<a id="39" s="C" t="C.3" l="C"/>
		<a id="40" s="C" t="C.3" l="C"/>
		<a id="41" s="H" t="H" l="H"/>
		<a id="42" s="H" t="H" l="H"/>
		<a id="43" s="H" t="H" l="H"/>
		<a id="44" s="C" t="C.3" l="C"/>
		<a id="45" s="H" t="H" l="H"/>
		<a id="46" s="H" t="H" l="H"/>
		<a id="47" s="H" t="H" l="H"/>
		<a id="48" s="C" t="C.3" l="C"/>
		<a id="49" s="H" t="H" l="H"/>
		<a id="50" s="H" t="H" l="H"/>
		<a id="51" s="H" t="H" l="H"/>
	</atoms>
	<bonds>
		<b id="1" c="1 2" t="1"/>
		<b id="2" c="3 2" t="1"/>
		<b id="3" c="4 2" t="1"/>
		<b id="4" c="2 5" t="1"/>
		<b id="5" c="6 5" t="1"/>
		<b id="6" c="7 5" t="1"/>
		<b id="7" c="5 8" t="1"/>
		<b id="8" c="9 8" t="1"/>
		<b id="9" c="10 8" t="1"/>
		<b id="10" c="8 11" t="1"/>
		<b id="11" c="12 11" t="1"/>
		<b id="12" c="13 11" t="1"/>
		<b id="13" c="11 14" t="1"/>
		<b id="14" c="15 14" t="1"/>
		<b id="15" c="16 14" t="1"/>
		<b id="16" c="14 17" t="1"/>
		<b id="17" c="18 17" t="1"/>
		<b id="18" c="19 17" t="1"/>
		<b id="19" c="17 20" t="1"/>
		<b id="20" c="21 20" t="1"/>
		<b id="21" c="22 20" t="1"/>
		<b id="22" c="20 23" t="1"/>
		<b id="23" c="24 23" t="1"/>
		<b id="24" c="25 23" t="1"/>
		<b id="25" c="23 26" t="1"/>
		<b id="26" c="27 26" t="1"/>
		<b id="27" c="28 26" t="1"/>
		<b id="28" c="26 29" t="1"/>
		<b id="29" c="29 30" t="1"/>
		<b id="30" c="32 31" t="1"/>
		<b id="31" c="33 31" t="1"/>
		<b id="32" c="31 34" t="1"/>
		<b id="33" c="31 30" t="1"/>
		<b id="34" c="36 35" t="1"/>
		<b id="35" c="37 35" t="1"/>
		<b id="36" c="35 38" t="1"/>
		<b id="37" c="35 30" t="1"/>
		<b id="38" c="30 39" t="1"/>
		<b id="39" c="41 40" t="1"/>
		<b id="40" c="42 40" t="1"/>
		<b id="41" c="40 43" t="1"/>
		<b id="42" c="40 39" t="1"/>
		<b id="43" c="45 44" t="1"/>
		<b id="44" c="46 44" t="1"/>
		<b id="45" c="44 47" t="1"/>
		<b id="46" c="44 39" t="1"/>
		<b id="47" c="39 48" t="1"/>
		<b id="48" c="49 48" t="1"/>
		<b id="49" c="50 48" t="1"/>
		<b id="50" c="48 51" t="1"/>
	</bonds>
	<geometry>
		<g u="A" t="cart/3d">#51,3:9.1829,-0.8729,0.3740;8.2831,-0.2599,0.2621;8.3591,0.5848,0.9543;8.2647,0.1332,-0.7594;7.0417,-1.0895,0.5492;7.0120,-1.9426,-0.1387;7.1078,-1.4943,1.5659;5.7659,-0.2589,0.4018;5.8011,0.5927,1.0918;5.7203,0.1474,-0.6146;4.5210,-1.1014,0.6886;4.4529,-1.9221,-0.0359;4.6239,-1.5627,1.6788;3.2189,-0.2936,0.6745;3.2944,0.5382,1.3853;2.4201,-0.9495,1.0379;2.8512,0.2409,-0.7123;3.6495,0.8980,-1.0749;2.7769,-0.5906,-1.4234;1.5483,1.0471,-0.7262;1.4456,1.5102,-1.7155;1.6145,1.8665,-0.0000;0.3064,0.2034,-0.4429;0.2646,-0.6533,-1.1269;0.3440,-0.2179,0.5682;-0.9741,1.0245,-0.5847;-0.9531,1.8643,0.1211;-1.0504,1.4158,-1.6069;-2.0786,0.1700,-0.3016;-3.6361,0.7890,-0.3716;-4.0826,1.3897,-2.0914;-3.4418,2.2269,-2.3839;-3.9551,0.5913,-2.8279;-5.1211,1.7305,-2.1293;-3.9123,2.1545,0.8844;-3.2674,3.0113,0.6679;-4.9499,2.4997,0.8649;-3.6845,1.8052,1.8955;-4.9472,-0.7556,0.1005;-4.6162,-1.2654,1.5181;-3.5826,-1.6235,1.5857;-4.7462,-0.4790,2.2699;-5.2739,-2.0973,1.7945;-4.7557,-1.8931,-0.9236;-5.4163,-2.7369,-0.6939;-4.9869,-1.5617,-1.9421;-3.7259,-2.2679,-0.9207;-6.3959,-0.2336,0.0491;-6.5576,0.5805,0.7640;-7.1041,-1.0331,0.2951;-6.6554,0.1405,-0.9473;</g>
	</geometry>
	<conformers/>
	<properties/>
</molecule>
