<?xml version="1.0" ?>
<!--MOLLI PACKAGE EXPERIMENTAL XML FORMAT-->
<molecule name="react_402_c2_frag_0">
	<atoms>
		<a id="1" s="H" t="H" l="H"/>
		<a id="2" s="O" t="O.3" l="O"/>
		<a id="3" s="C" t="C.3" l="C"/>
		<a id="4" s="H" t="H" l="H"/>
		<a id="5" s="H" t="H" l="H"/>
		<a id="6" s="H" t="H" l="H"/>
	</atoms>
	<bonds>
		<b id="1" c="1 2" t="1"/>
		<b id="2" c="2 3" t="1"/>
		<b id="3" c="4 3" t="1"/>
		<b id="4" c="5 3" t="1"/>
		<b id="5" c="3 6" t="1"/>
	</bonds>
	<geometry>
		<g u="A" t="cart/3d">#6,3:1.5369,0.1691,0.2661;0.9758,-0.3153,-0.3632;-0.3691,-0.0181,-0.0356;-0.5383,1.0575,-0.1274;-0.5768,-0.3446,0.9864;-1.0286,-0.5487,-0.7263;</g>
	</geometry>
	<conformers/>
	<properties/>
</molecule>
