<?xml version="1.0" ?>
<!--MOLLI PACKAGE EXPERIMENTAL XML FORMAT-->
<molecule name="react_403_c1_frag_0">
	<atoms>
		<a id="1" s="H" t="H" l="H"/>
		<a id="2" s="C" t="C.3" l="C"/>
		<a id="3" s="H" t="H" l="H"/>
		<a id="4" s="H" t="H" l="H"/>
		<a id="5" s="O" t="O.3" l="O"/>
		<a id="6" s="P" t="P.3" l="P"/>
		<a id="7" s="O" t="O.2" l="O"/>
		<a id="8" s="O" t="O.3" l="O"/>
		<a id="9" s="C" t="C.3" l="C"/>
		<a id="10" s="H" t="H" l="H"/>
		<a id="11" s="H" t="H" l="H"/>
		<a id="12" s="H" t="H" l="H"/>
		<a id="13" s="O" t="O.3" l="O"/>
		<a id="14" s="C" t="C.3" l="C"/>
		<a id="15" s="H" t="H" l="H"/>
		<a id="16" s="H" t="H" l="H"/>
		<a id="17" s="H" t="H" l="H"/>
	</atoms>
	<bonds>
		<b id="1" c="1 2" t="1"/>
		<b id="2" c="3 2" t="1"/>
		<b id="3" c="4 2" t="1"/>
		<b id="4" c="2 5" t="1"/>
		<b id="5" c="5 6" t="1"/>
		<b id="6" c="6 7" t="2"/>
		<b id="7" c="8 9" t="1"/>
		<b id="8" c="10 9" t="1"/>
		<b id="9" c="11 9" t="1"/>
		<b id="10" c="9 12" t="1"/>
		<b id="11" c="8 6" t="1"/>
		<b id="12" c="6 13" t="1"/>
		<b id="13" c="13 14" t="1"/>
		<b id="14" c="15 14" t="1"/>
		<b id="15" c="16 14" t="1"/>
		<b id="16" c="14 17" t="1"/>
	</bonds>
	<geometry>
		<g u="A" t="cart/3d">#17,3:2.4137,-1.5401,-0.0902;1.5551,-1.6434,0.5786;1.9163,-1.8708,1.5846;0.9149,-2.4624,0.2394;0.8264,-0.4331,0.6213;0.0947,0.0061,-0.7469;0.9714,-0.0351,-1.9585;-1.2000,-0.9493,-0.8127;-2.1421,-0.8794,0.2369;-1.6543,-1.0046,1.2070;-2.8700,-1.6842,0.1060;-2.6704,0.0770,0.2058;-0.5089,1.4571,-0.3932;0.4136,2.5259,-0.3499;0.8330,2.6999,-1.3444;1.2164,2.3082,0.3598;-0.1099,3.4284,-0.0248;</g>
	</geometry>
	<conformers/>
	<properties/>
</molecule>
