<?xml version="1.0" ?>
<!--MOLLI PACKAGE EXPERIMENTAL XML FORMAT-->
<molecule name="react_37_c1_frag_0">
	<atoms>
		<a id="1" s="H" t="H" l="H"/>
		<a id="2" s="C" t="C.1" l="C"/>
		<a id="3" s="C" t="C.1" l="C"/>
		<a id="4" s="C" t="C.3" l="C"/>
		<a id="5" s="H" t="H" l="H"/>
		<a id="6" s="H" t="H" l="H"/>
		<a id="7" s="C" t="C.3" l="C"/>
		<a id="8" s="H" t="H" l="H"/>
		<a id="9" s="H" t="H" l="H"/>
		<a id="10" s="C" t="C.3" l="C"/>
		<a id="11" s="H" t="H" l="H"/>
		<a id="12" s="H" t="H" l="H"/>
		<a id="13" s="C" t="C.3" l="C"/>
		<a id="14" s="H" t="H" l="H"/>
		<a id="15" s="H" t="H" l="H"/>
		<a id="16" s="O" t="O.3" l="O"/>
		<a id="17" s="H" t="H" l="H"/>
	</atoms>
	<bonds>
		<b id="1" c="1 2" t="1"/>
		<b id="2" c="2 3" t="3"/>
		<b id="3" c="3 4" t="1"/>
		<b id="4" c="5 4" t="1"/>
		<b id="5" c="6 4" t="1"/>
		<b id="6" c="4 7" t="1"/>
		<b id="7" c="8 7" t="1"/>
		<b id="8" c="9 7" t="1"/>
		<b id="9" c="7 10" t="1"/>
		<b id="10" c="11 10" t="1"/>
		<b id="11" c="12 10" t="1"/>
		<b id="12" c="10 13" t="1"/>
		<b id="13" c="14 13" t="1"/>
		<b id="14" c="15 13" t="1"/>
		<b id="15" c="13 16" t="1"/>
		<b id="16" c="16 17" t="1"/>
	</bonds>
	<geometry>
		<g u="A" t="cart/3d">#17,3:3.3996,2.1927,0.7592;2.8797,1.2954,0.5131;2.2966,0.2827,0.2369;1.5882,-0.9616,-0.0995;2.2435,-1.5848,-0.7195;1.3777,-1.5326,0.8121;0.2912,-0.6989,-0.8662;-0.0871,-1.6570,-1.2439;0.4926,-0.0681,-1.7413;-0.7889,-0.0490,0.0006;-0.9965,-0.6729,0.8789;-0.4441,0.9155,0.3923;-2.0789,0.1641,-0.7810;-1.9219,0.8299,-1.6357;-2.4706,-0.7872,-1.1543;-3.0648,0.7407,0.0647;-2.7162,1.5912,0.3825;</g>
	</geometry>
	<conformers/>
	<properties/>
</molecule>
