<?xml version="1.0" ?>
<!--MOLLI PACKAGE EXPERIMENTAL XML FORMAT-->
<molecule name="react_428_c2_frag_0">
	<atoms>
		<a id="1" s="H" t="H" l="H"/>
		<a id="2" s="P" t="P.3" l="P"/>
		<a id="3" s="O" t="O.2" l="O"/>
		<a id="4" s="O" t="O.3" l="O"/>
		<a id="5" s="C" t="C.3" l="C"/>
		<a id="6" s="H" t="H" l="H"/>
		<a id="7" s="H" t="H" l="H"/>
		<a id="8" s="C" t="C.3" l="C"/>
		<a id="9" s="H" t="H" l="H"/>
		<a id="10" s="H" t="H" l="H"/>
		<a id="11" s="H" t="H" l="H"/>
		<a id="12" s="O" t="O.3" l="O"/>
		<a id="13" s="C" t="C.3" l="C"/>
		<a id="14" s="H" t="H" l="H"/>
		<a id="15" s="H" t="H" l="H"/>
		<a id="16" s="C" t="C.3" l="C"/>
		<a id="17" s="H" t="H" l="H"/>
		<a id="18" s="H" t="H" l="H"/>
		<a id="19" s="H" t="H" l="H"/>
	</atoms>
	<bonds>
		<b id="1" c="1 2" t="1"/>
		<b id="2" c="2 3" t="2"/>
		<b id="3" c="4 5" t="1"/>
		<b id="4" c="6 5" t="1"/>
		<b id="5" c="7 5" t="1"/>
		<b id="6" c="5 8" t="1"/>
		<b id="7" c="9 8" t="1"/>
		<b id="8" c="10 8" t="1"/>
		<b id="9" c="8 11" t="1"/>
		<b id="10" c="4 2" t="1"/>
		<b id="11" c="2 12" t="1"/>
		<b id="12" c="12 13" t="1"/>
		<b id="13" c="14 13" t="1"/>
		<b id="14" c="15 13" t="1"/>
		<b id="15" c="13 16" t="1"/>
		<b id="16" c="17 16" t="1"/>
		<b id="17" c="18 16" t="1"/>
		<b id="18" c="16 19" t="1"/>
	</bonds>
	<geometry>
		<g u="A" t="cart/3d">#19,3:-0.2095,-1.6658,1.8533;0.1873,-0.5295,1.1183;0.5531,0.7802,1.7605;1.3675,-1.0791,0.1536;1.9585,-0.1645,-0.7556;2.0465,-0.6652,-1.7247;1.3283,0.7204,-0.8931;3.3310,0.2292,-0.2491;3.2594,0.7161,0.7287;3.8226,0.9125,-0.9471;3.9620,-0.6560,-0.1180;-1.0063,-0.3385,0.0359;-2.2159,0.2092,0.5308;-2.5573,-0.3789,1.3888;-2.0409,1.2402,0.8536;-3.2528,0.1768,-0.5724;-2.9099,0.7490,-1.4408;-4.2030,0.5939,-0.2276;-3.4205,-0.8499,-0.9140;</g>
	</geometry>
	<conformers/>
	<properties/>
</molecule>
