<?xml version="1.0" ?>
<!--MOLLI PACKAGE EXPERIMENTAL XML FORMAT-->
<molecule name="react_429_c1_frag_0">
	<atoms>
		<a id="1" s="H" t="H" l="H"/>
		<a id="2" s="C" t="C.3" l="C"/>
		<a id="3" s="H" t="H" l="H"/>
		<a id="4" s="C" t="C.3" l="C"/>
		<a id="5" s="H" t="H" l="H"/>
		<a id="6" s="H" t="H" l="H"/>
		<a id="7" s="H" t="H" l="H"/>
		<a id="8" s="C" t="C.3" l="C"/>
		<a id="9" s="H" t="H" l="H"/>
		<a id="10" s="H" t="H" l="H"/>
		<a id="11" s="H" t="H" l="H"/>
	</atoms>
	<bonds>
		<b id="1" c="1 2" t="1"/>
		<b id="2" c="3 2" t="1"/>
		<b id="3" c="5 4" t="1"/>
		<b id="4" c="6 4" t="1"/>
		<b id="5" c="4 7" t="1"/>
		<b id="6" c="4 2" t="1"/>
		<b id="7" c="2 8" t="1"/>
		<b id="8" c="9 8" t="1"/>
		<b id="9" c="10 8" t="1"/>
		<b id="10" c="8 11" t="1"/>
	</bonds>
	<geometry>
		<g u="A" t="cart/3d">#11,3:0.2548,1.4987,0.2793;0.0745,0.5595,-0.2554;0.0503,0.7934,-1.3255;1.2113,-0.4086,0.0252;1.2763,-0.6383,1.0936;2.1658,0.0263,-0.2875;1.0707,-1.3474,-0.5200;-1.2675,-0.0137,0.1675;-1.2808,-0.2309,1.2404;-1.4864,-0.9400,-0.3732;-2.0690,0.7009,-0.0444;</g>
	</geometry>
	<conformers/>
	<properties/>
</molecule>
