<?xml version="1.0" ?>
<!--MOLLI PACKAGE EXPERIMENTAL XML FORMAT-->
<molecule name="react_429_c2_frag_0">
	<atoms>
		<a id="1" s="H" t="H" l="H"/>
		<a id="2" s="C" t="C.3" l="C"/>
		<a id="3" s="H" t="H" l="H"/>
		<a id="4" s="H" t="H" l="H"/>
		<a id="5" s="Si" t="Si" l="SI"/>
		<a id="6" s="C" t="C.3" l="C"/>
		<a id="7" s="H" t="H" l="H"/>
		<a id="8" s="H" t="H" l="H"/>
		<a id="9" s="H" t="H" l="H"/>
		<a id="10" s="C" t="C.3" l="C"/>
		<a id="11" s="H" t="H" l="H"/>
		<a id="12" s="H" t="H" l="H"/>
		<a id="13" s="H" t="H" l="H"/>
		<a id="14" s="C" t="C.3" l="C"/>
		<a id="15" s="H" t="H" l="H"/>
		<a id="16" s="H" t="H" l="H"/>
		<a id="17" s="H" t="H" l="H"/>
	</atoms>
	<bonds>
		<b id="1" c="1 2" t="1"/>
		<b id="2" c="3 2" t="1"/>
		<b id="3" c="4 2" t="1"/>
		<b id="4" c="2 5" t="1"/>
		<b id="5" c="7 6" t="1"/>
		<b id="6" c="8 6" t="1"/>
		<b id="7" c="6 9" t="1"/>
		<b id="8" c="6 5" t="1"/>
		<b id="9" c="11 10" t="1"/>
		<b id="10" c="12 10" t="1"/>
		<b id="11" c="10 13" t="1"/>
		<b id="12" c="10 5" t="1"/>
		<b id="13" c="5 14" t="1"/>
		<b id="14" c="15 14" t="1"/>
		<b id="15" c="16 14" t="1"/>
		<b id="16" c="14 17" t="1"/>
	</bonds>
	<geometry>
		<g u="A" t="cart/3d">#17,3:1.8058,-1.5632,-0.6769;1.3854,-1.2330,0.2776;1.0175,-2.1136,0.8125;2.1892,-0.7844,0.8688;0.0000,0.0000,-0.0000;-1.3572,-0.8027,-1.0150;-1.7610,-1.6777,-0.4970;-0.9727,-1.1273,-1.9864;-2.1770,-0.0995,-1.1890;-0.6949,0.5425,1.6551;-1.0901,-0.3149,2.2081;0.0816,1.0143,2.2644;-1.5061,1.2634,1.5161;0.6668,1.4933,-0.9177;1.4612,1.9776,-0.3421;1.0778,1.1988,-1.8879;-0.1265,2.2266,-1.0904;</g>
	</geometry>
	<conformers/>
	<properties/>
</molecule>
