<?xml version="1.0" ?>
<!--MOLLI PACKAGE EXPERIMENTAL XML FORMAT-->
<molecule name="react_431_c2_frag_0">
	<atoms>
		<a id="1" s="H" t="H" l="H"/>
		<a id="2" s="C" t="C.3" l="C"/>
		<a id="3" s="H" t="H" l="H"/>
		<a id="4" s="H" t="H" l="H"/>
		<a id="5" s="Si" t="Si" l="SI"/>
		<a id="6" s="C" t="C.3" l="C"/>
		<a id="7" s="H" t="H" l="H"/>
		<a id="8" s="H" t="H" l="H"/>
		<a id="9" s="H" t="H" l="H"/>
		<a id="10" s="C" t="C.3" l="C"/>
		<a id="11" s="H" t="H" l="H"/>
		<a id="12" s="H" t="H" l="H"/>
		<a id="13" s="H" t="H" l="H"/>
		<a id="14" s="C" t="C.3" l="C"/>
		<a id="15" s="H" t="H" l="H"/>
		<a id="16" s="H" t="H" l="H"/>
		<a id="17" s="H" t="H" l="H"/>
	</atoms>
	<bonds>
		<b id="1" c="1 2" t="1"/>
		<b id="2" c="3 2" t="1"/>
		<b id="3" c="4 2" t="1"/>
		<b id="4" c="2 5" t="1"/>
		<b id="5" c="7 6" t="1"/>
		<b id="6" c="8 6" t="1"/>
		<b id="7" c="6 9" t="1"/>
		<b id="8" c="6 5" t="1"/>
		<b id="9" c="11 10" t="1"/>
		<b id="10" c="12 10" t="1"/>
		<b id="11" c="10 13" t="1"/>
		<b id="12" c="10 5" t="1"/>
		<b id="13" c="5 14" t="1"/>
		<b id="14" c="15 14" t="1"/>
		<b id="15" c="16 14" t="1"/>
		<b id="16" c="14 17" t="1"/>
	</bonds>
	<geometry>
		<g u="A" t="cart/3d">#17,3:-1.8910,1.0891,1.1836;-1.1334,0.3472,1.4531;-0.5640,0.7329,2.3038;-1.6461,-0.5659,1.7701;-0.0000,0.0000,-0.0000;0.8598,1.5850,-0.5147;1.4554,1.9870,0.3103;1.5273,1.4048,-1.3626;0.1284,2.3432,-0.8099;1.2829,-1.2737,0.4984;0.8020,-2.2080,0.8029;1.9559,-1.4914,-0.3363;1.8841,-0.9092,1.3366;-1.0093,-0.6585,-1.4367;-1.7653,0.0702,-1.7440;-0.3664,-0.8681,-2.2967;-1.5203,-1.5847,-1.1576;</g>
	</geometry>
	<conformers/>
	<properties/>
</molecule>
