<?xml version="1.0" ?>
<!--MOLLI PACKAGE EXPERIMENTAL XML FORMAT-->
<molecule name="react_440_c2_frag_0">
	<atoms>
		<a id="1" s="H" t="H" l="H"/>
		<a id="2" s="C" t="C.3" l="C"/>
		<a id="3" s="H" t="H" l="H"/>
		<a id="4" s="H" t="H" l="H"/>
		<a id="5" s="H" t="H" l="H"/>
	</atoms>
	<bonds>
		<b id="1" c="1 2" t="1"/>
		<b id="2" c="3 2" t="1"/>
		<b id="3" c="4 2" t="1"/>
		<b id="4" c="2 5" t="1"/>
	</bonds>
	<geometry>
		<g u="A" t="cart/3d">#5,3:0.9160,-0.5247,-0.2804;-0.0000,-0.0000,-0.0000;0.0888,1.0554,-0.2667;-0.1568,-0.0914,1.0770;-0.8480,-0.4394,-0.5299;</g>
	</geometry>
	<conformers/>
	<properties/>
</molecule>
