<?xml version="1.0" ?>
<!--MOLLI PACKAGE EXPERIMENTAL XML FORMAT-->
<molecule name="react_440_c2_frag_1">
	<atoms>
		<a id="1" s="H" t="H" l="H"/>
		<a id="2" s="C" t="C.3" l="C"/>
		<a id="3" s="H" t="H" l="H"/>
		<a id="4" s="H" t="H" l="H"/>
		<a id="5" s="C" t="C.1" l="C"/>
		<a id="6" s="C" t="C.1" l="C"/>
		<a id="7" s="C" t="C.3" l="C"/>
		<a id="8" s="H" t="H" l="H"/>
		<a id="9" s="H" t="H" l="H"/>
		<a id="10" s="H" t="H" l="H"/>
	</atoms>
	<bonds>
		<b id="1" c="1 2" t="1"/>
		<b id="2" c="3 2" t="1"/>
		<b id="3" c="4 2" t="1"/>
		<b id="4" c="2 5" t="1"/>
		<b id="5" c="5 6" t="3"/>
		<b id="6" c="6 7" t="1"/>
		<b id="7" c="8 7" t="1"/>
		<b id="8" c="9 7" t="1"/>
		<b id="9" c="7 10" t="1"/>
	</bonds>
	<geometry>
		<g u="A" t="cart/3d">#10,3:-2.5274,0.3151,0.7578;-2.0507,-0.2205,-0.0687;-2.3311,-1.2756,0.0036;-2.4532,0.1744,-1.0063;-0.5968,-0.0642,-0.0200;0.5968,0.0642,0.0200;2.0507,0.2205,0.0687;2.3839,0.4455,1.0863;2.5516,-0.6958,-0.2579;2.3763,1.0364,-0.5835;</g>
	</geometry>
	<conformers/>
	<properties/>
</molecule>
