<?xml version="1.0" ?>
<!--MOLLI PACKAGE EXPERIMENTAL XML FORMAT-->
<molecule name="react_501_c2_frag_0">
	<atoms>
		<a id="1" s="H" t="H" l="H"/>
		<a id="2" s="C" t="C.3" l="C"/>
		<a id="3" s="H" t="H" l="H"/>
		<a id="4" s="H" t="H" l="H"/>
		<a id="5" s="C" t="C.3" l="C"/>
		<a id="6" s="H" t="H" l="H"/>
		<a id="7" s="H" t="H" l="H"/>
		<a id="8" s="O" t="O.3" l="O"/>
		<a id="9" s="S" t="S.O2" l="S"/>
		<a id="10" s="O" t="O.2" l="O"/>
		<a id="11" s="O" t="O.2" l="O"/>
		<a id="12" s="C" t="C.3" l="C"/>
		<a id="13" s="H" t="H" l="H"/>
		<a id="14" s="H" t="H" l="H"/>
		<a id="15" s="H" t="H" l="H"/>
	</atoms>
	<bonds>
		<b id="1" c="1 2" t="1"/>
		<b id="2" c="3 2" t="1"/>
		<b id="3" c="4 2" t="1"/>
		<b id="4" c="2 5" t="1"/>
		<b id="5" c="6 5" t="1"/>
		<b id="6" c="7 5" t="1"/>
		<b id="7" c="5 8" t="1"/>
		<b id="8" c="8 9" t="1"/>
		<b id="9" c="9 10" t="2"/>
		<b id="10" c="9 11" t="2"/>
		<b id="11" c="9 12" t="1"/>
		<b id="12" c="13 12" t="1"/>
		<b id="13" c="14 12" t="1"/>
		<b id="14" c="12 15" t="1"/>
	</bonds>
	<geometry>
		<g u="A" t="cart/3d">#15,3:-2.6480,0.5555,-0.7316;-2.4043,0.3381,0.3136;-2.2420,1.3008,0.8097;-3.2595,-0.1594,0.7795;-1.1618,-0.5246,0.4035;-1.3321,-1.4774,-0.1087;-0.9206,-0.7221,1.4533;-0.0870,0.1665,-0.2139;1.3601,-0.5804,-0.2339;1.2687,-1.7408,-1.0942;1.8531,-0.6681,1.1241;2.2570,0.6934,-1.0862;2.2200,1.6089,-0.4928;1.8050,0.8473,-2.0678;3.2915,0.3623,-1.1986;</g>
	</geometry>
	<conformers/>
	<properties/>
</molecule>
