<?xml version="1.0" ?>
<!--MOLLI PACKAGE EXPERIMENTAL XML FORMAT-->
<molecule name="react_520_c2_frag_0">
	<atoms>
		<a id="1" s="H" t="H" l="H"/>
		<a id="2" s="C" t="C.3" l="C"/>
		<a id="3" s="H" t="H" l="H"/>
		<a id="4" s="H" t="H" l="H"/>
		<a id="5" s="C" t="C.3" l="C"/>
		<a id="6" s="H" t="H" l="H"/>
		<a id="7" s="H" t="H" l="H"/>
		<a id="8" s="C" t="C.3" l="C"/>
		<a id="9" s="H" t="H" l="H"/>
		<a id="10" s="H" t="H" l="H"/>
		<a id="11" s="C" t="C.3" l="C"/>
		<a id="12" s="H" t="H" l="H"/>
		<a id="13" s="H" t="H" l="H"/>
		<a id="14" s="C" t="C.3" l="C"/>
		<a id="15" s="H" t="H" l="H"/>
		<a id="16" s="H" t="H" l="H"/>
		<a id="17" s="C" t="C.3" l="C"/>
		<a id="18" s="H" t="H" l="H"/>
		<a id="19" s="H" t="H" l="H"/>
		<a id="20" s="C" t="C.3" l="C"/>
		<a id="21" s="H" t="H" l="H"/>
		<a id="22" s="H" t="H" l="H"/>
		<a id="23" s="C" t="C.3" l="C"/>
		<a id="24" s="H" t="H" l="H"/>
		<a id="25" s="H" t="H" l="H"/>
		<a id="26" s="C" t="C.3" l="C"/>
		<a id="27" s="H" t="H" l="H"/>
		<a id="28" s="H" t="H" l="H"/>
		<a id="29" s="C" t="C.3" l="C"/>
		<a id="30" s="H" t="H" l="H"/>
		<a id="31" s="H" t="H" l="H"/>
		<a id="32" s="C" t="C.3" l="C"/>
		<a id="33" s="H" t="H" l="H"/>
		<a id="34" s="H" t="H" l="H"/>
		<a id="35" s="C" t="C.3" l="C"/>
		<a id="36" s="H" t="H" l="H"/>
		<a id="37" s="H" t="H" l="H"/>
		<a id="38" s="C" t="C.3" l="C"/>
		<a id="39" s="H" t="H" l="H"/>
		<a id="40" s="H" t="H" l="H"/>
		<a id="41" s="C" t="C.3" l="C"/>
		<a id="42" s="H" t="H" l="H"/>
		<a id="43" s="H" t="H" l="H"/>
		<a id="44" s="H" t="H" l="H"/>
	</atoms>
	<bonds>
		<b id="1" c="1 2" t="1"/>
		<b id="2" c="3 2" t="1"/>
		<b id="3" c="4 2" t="1"/>
		<b id="4" c="2 5" t="1"/>
		<b id="5" c="6 5" t="1"/>
		<b id="6" c="7 5" t="1"/>
		<b id="7" c="5 8" t="1"/>
		<b id="8" c="9 8" t="1"/>
		<b id="9" c="10 8" t="1"/>
		<b id="10" c="8 11" t="1"/>
		<b id="11" c="12 11" t="1"/>
		<b id="12" c="13 11" t="1"/>
		<b id="13" c="11 14" t="1"/>
		<b id="14" c="15 14" t="1"/>
		<b id="15" c="16 14" t="1"/>
		<b id="16" c="14 17" t="1"/>
		<b id="17" c="18 17" t="1"/>
		<b id="18" c="19 17" t="1"/>
		<b id="19" c="17 20" t="1"/>
		<b id="20" c="21 20" t="1"/>
		<b id="21" c="22 20" t="1"/>
		<b id="22" c="20 23" t="1"/>
		<b id="23" c="24 23" t="1"/>
		<b id="24" c="25 23" t="1"/>
		<b id="25" c="23 26" t="1"/>
		<b id="26" c="27 26" t="1"/>
		<b id="27" c="28 26" t="1"/>
		<b id="28" c="26 29" t="1"/>
		<b id="29" c="30 29" t="1"/>
		<b id="30" c="31 29" t="1"/>
		<b id="31" c="29 32" t="1"/>
		<b id="32" c="33 32" t="1"/>
		<b id="33" c="34 32" t="1"/>
		<b id="34" c="32 35" t="1"/>
		<b id="35" c="36 35" t="1"/>
		<b id="36" c="37 35" t="1"/>
		<b id="37" c="35 38" t="1"/>
		<b id="38" c="39 38" t="1"/>
		<b id="39" c="40 38" t="1"/>
		<b id="40" c="38 41" t="1"/>
		<b id="41" c="42 41" t="1"/>
		<b id="42" c="43 41" t="1"/>
		<b id="43" c="41 44" t="1"/>
	</bonds>
	<geometry>
		<g u="A" t="cart/3d">#44,3:7.1276,-0.2712,-0.3183;6.7724,0.0916,-1.2879;6.5164,1.1504,-1.1897;7.5999,0.0170,-2.0009;5.5879,-0.7273,-1.7774;5.9333,-1.7484,-1.9795;5.2303,-0.3198,-2.7302;4.4335,-0.7982,-0.7738;4.8005,-1.1936,0.1810;3.7059,-1.5213,-1.1580;3.7469,0.5513,-0.5461;3.3765,0.9464,-1.4996;4.4797,1.2727,-0.1673;2.5970,0.4875,0.4665;2.2978,1.5177,0.6886;2.9577,0.0524,1.4062;1.3842,-0.2987,-0.0390;1.6835,-1.3291,-0.2603;1.0238,0.1358,-0.9791;0.2340,-0.3619,0.9732;0.6040,-0.7540,1.9281;-0.4968,-1.0855,0.5943;-0.4557,0.9863,1.1961;-0.8211,1.3803,0.2410;0.2722,1.7148,1.5706;-1.6017,0.9239,2.2122;-2.0000,1.9378,2.3439;-1.1949,0.6255,3.1865;-2.7591,-0.0171,1.8639;-3.4978,0.0430,2.6733;-2.4087,-1.0553,1.8476;-3.4431,0.3216,0.5379;-2.7388,0.1925,-0.2915;-3.7534,1.3734,0.5422;-4.6628,-0.5715,0.2998;-4.3529,-1.6237,0.3000;-5.3778,-0.4449,1.1218;-5.3449,-0.2387,-1.0270;-5.6597,0.8113,-1.0309;-4.6360,-0.3680,-1.8531;-6.5574,-1.1238,-1.2674;-7.0296,-0.8688,-2.2213;-7.3012,-0.9941,-0.4748;-6.2716,-2.1800,-1.3014;</g>
	</geometry>
	<conformers/>
	<properties/>
</molecule>
