<?xml version="1.0" ?>
<!--MOLLI PACKAGE EXPERIMENTAL XML FORMAT-->
<molecule name="react_521_c2_frag_0">
	<atoms>
		<a id="1" s="H" t="H" l="H"/>
		<a id="2" s="C" t="C.3" l="C"/>
		<a id="3" s="H" t="H" l="H"/>
		<a id="4" s="H" t="H" l="H"/>
		<a id="5" s="C" t="C.3" l="C"/>
		<a id="6" s="H" t="H" l="H"/>
		<a id="7" s="H" t="H" l="H"/>
		<a id="8" s="C" t="C.3" l="C"/>
		<a id="9" s="H" t="H" l="H"/>
		<a id="10" s="H" t="H" l="H"/>
		<a id="11" s="C" t="C.3" l="C"/>
		<a id="12" s="H" t="H" l="H"/>
		<a id="13" s="H" t="H" l="H"/>
		<a id="14" s="C" t="C.3" l="C"/>
		<a id="15" s="H" t="H" l="H"/>
		<a id="16" s="H" t="H" l="H"/>
		<a id="17" s="C" t="C.3" l="C"/>
		<a id="18" s="H" t="H" l="H"/>
		<a id="19" s="H" t="H" l="H"/>
		<a id="20" s="C" t="C.3" l="C"/>
		<a id="21" s="H" t="H" l="H"/>
		<a id="22" s="H" t="H" l="H"/>
		<a id="23" s="C" t="C.3" l="C"/>
		<a id="24" s="H" t="H" l="H"/>
		<a id="25" s="H" t="H" l="H"/>
		<a id="26" s="C" t="C.3" l="C"/>
		<a id="27" s="H" t="H" l="H"/>
		<a id="28" s="H" t="H" l="H"/>
		<a id="29" s="C" t="C.3" l="C"/>
		<a id="30" s="H" t="H" l="H"/>
		<a id="31" s="H" t="H" l="H"/>
		<a id="32" s="C" t="C.3" l="C"/>
		<a id="33" s="H" t="H" l="H"/>
		<a id="34" s="H" t="H" l="H"/>
		<a id="35" s="C" t="C.3" l="C"/>
		<a id="36" s="H" t="H" l="H"/>
		<a id="37" s="H" t="H" l="H"/>
		<a id="38" s="H" t="H" l="H"/>
	</atoms>
	<bonds>
		<b id="1" c="1 2" t="1"/>
		<b id="2" c="3 2" t="1"/>
		<b id="3" c="4 2" t="1"/>
		<b id="4" c="2 5" t="1"/>
		<b id="5" c="6 5" t="1"/>
		<b id="6" c="7 5" t="1"/>
		<b id="7" c="5 8" t="1"/>
		<b id="8" c="9 8" t="1"/>
		<b id="9" c="10 8" t="1"/>
		<b id="10" c="8 11" t="1"/>
		<b id="11" c="12 11" t="1"/>
		<b id="12" c="13 11" t="1"/>
		<b id="13" c="11 14" t="1"/>
		<b id="14" c="15 14" t="1"/>
		<b id="15" c="16 14" t="1"/>
		<b id="16" c="14 17" t="1"/>
		<b id="17" c="18 17" t="1"/>
		<b id="18" c="19 17" t="1"/>
		<b id="19" c="17 20" t="1"/>
		<b id="20" c="21 20" t="1"/>
		<b id="21" c="22 20" t="1"/>
		<b id="22" c="20 23" t="1"/>
		<b id="23" c="24 23" t="1"/>
		<b id="24" c="25 23" t="1"/>
		<b id="25" c="23 26" t="1"/>
		<b id="26" c="27 26" t="1"/>
		<b id="27" c="28 26" t="1"/>
		<b id="28" c="26 29" t="1"/>
		<b id="29" c="30 29" t="1"/>
		<b id="30" c="31 29" t="1"/>
		<b id="31" c="29 32" t="1"/>
		<b id="32" c="33 32" t="1"/>
		<b id="33" c="34 32" t="1"/>
		<b id="34" c="32 35" t="1"/>
		<b id="35" c="36 35" t="1"/>
		<b id="36" c="37 35" t="1"/>
		<b id="37" c="35 38" t="1"/>
	</bonds>
	<geometry>
		<g u="A" t="cart/3d">#38,3:-5.9125,1.6655,1.2549;-6.0447,0.5937,1.0766;-7.0859,0.3392,1.2998;-5.4123,0.0444,1.7801;-5.7181,0.2352,-0.3649;-5.8272,-0.8464,-0.5056;-6.4561,0.7156,-1.0184;-4.3212,0.6797,-0.8038;-4.2197,1.7629,-0.6651;-4.2239,0.4886,-1.8797;-3.1942,-0.0439,-0.0634;-3.3257,-1.1281,-0.1627;-3.2349,0.1926,1.0058;-1.8234,0.3580,-0.6127;-1.7713,0.1191,-1.6819;-1.6932,1.4428,-0.5168;-0.6946,-0.3612,0.1278;-0.7458,-0.1223,1.1970;-0.8253,-1.4460,0.0322;0.6753,0.0401,-0.4216;0.8059,1.1249,-0.3261;0.7268,-0.1990,-1.4908;1.8042,-0.6790,0.3190;1.6728,-1.7637,0.2237;1.7533,-0.4396,1.3882;3.1749,-0.2778,-0.2309;3.2948,0.8073,-0.1373;3.2270,-0.5206,-1.2991;4.3023,-0.9961,0.5141;4.2823,-0.7166,1.5745;4.1287,-2.0785,0.4696;5.6896,-0.7114,-0.0653;5.7171,-0.9933,-1.1243;6.4183,-1.3480,0.4508;6.1245,0.7383,0.0840;5.4993,1.4085,-0.5130;7.1575,0.8573,-0.2584;6.0756,1.0578,1.1297;</g>
	</geometry>
	<conformers/>
	<properties/>
</molecule>
