<?xml version="1.0" ?>
<!--MOLLI PACKAGE EXPERIMENTAL XML FORMAT-->
<molecule name="react_535_c2_frag_0">
	<atoms>
		<a id="1" s="H" t="H" l="H"/>
		<a id="2" s="O" t="O.3" l="O"/>
		<a id="3" s="C" t="C.3" l="C"/>
		<a id="4" s="H" t="H" l="H"/>
		<a id="5" s="H" t="H" l="H"/>
		<a id="6" s="H" t="H" l="H"/>
	</atoms>
	<bonds>
		<b id="1" c="1 2" t="1"/>
		<b id="2" c="2 3" t="1"/>
		<b id="3" c="4 3" t="1"/>
		<b id="4" c="5 3" t="1"/>
		<b id="5" c="3 6" t="1"/>
	</bonds>
	<geometry>
		<g u="A" t="cart/3d">#6,3:1.5308,-0.3436,-0.0059;0.9844,0.4585,-0.0656;-0.3683,0.0465,0.0047;-0.5892,-0.6253,-0.8284;-1.0118,0.9271,-0.0597;-0.5460,-0.4632,0.9548;</g>
	</geometry>
	<conformers/>
	<properties/>
</molecule>
