<?xml version="1.0" ?>
<!--MOLLI PACKAGE EXPERIMENTAL XML FORMAT-->
<molecule name="react_536_c2_frag_0">
	<atoms>
		<a id="1" s="H" t="H" l="H"/>
		<a id="2" s="O" t="O.3" l="O"/>
		<a id="3" s="C" t="C.3" l="C"/>
		<a id="4" s="H" t="H" l="H"/>
		<a id="5" s="H" t="H" l="H"/>
		<a id="6" s="C" t="C.3" l="C"/>
		<a id="7" s="H" t="H" l="H"/>
		<a id="8" s="H" t="H" l="H"/>
		<a id="9" s="C" t="C.3" l="C"/>
		<a id="10" s="H" t="H" l="H"/>
		<a id="11" s="H" t="H" l="H"/>
		<a id="12" s="C" t="C.3" l="C"/>
		<a id="13" s="H" t="H" l="H"/>
		<a id="14" s="H" t="H" l="H"/>
		<a id="15" s="C" t="C.3" l="C"/>
		<a id="16" s="H" t="H" l="H"/>
		<a id="17" s="H" t="H" l="H"/>
		<a id="18" s="H" t="H" l="H"/>
	</atoms>
	<bonds>
		<b id="1" c="1 2" t="1"/>
		<b id="2" c="2 3" t="1"/>
		<b id="3" c="4 3" t="1"/>
		<b id="4" c="5 3" t="1"/>
		<b id="5" c="3 6" t="1"/>
		<b id="6" c="7 6" t="1"/>
		<b id="7" c="8 6" t="1"/>
		<b id="8" c="6 9" t="1"/>
		<b id="9" c="10 9" t="1"/>
		<b id="10" c="11 9" t="1"/>
		<b id="11" c="9 12" t="1"/>
		<b id="12" c="13 12" t="1"/>
		<b id="13" c="14 12" t="1"/>
		<b id="14" c="12 15" t="1"/>
		<b id="15" c="16 15" t="1"/>
		<b id="16" c="17 15" t="1"/>
		<b id="17" c="15 18" t="1"/>
	</bonds>
	<geometry>
		<g u="A" t="cart/3d">#18,3:-2.8797,1.3631,0.8626;-2.4235,0.8835,0.1503;-1.6021,-0.0983,0.7682;-2.2473,-0.7607,1.3542;-0.9123,0.4037,1.4500;-0.8686,-0.9054,-0.2983;-1.6252,-1.3243,-0.9743;-0.3477,-1.7510,0.1643;0.1020,-0.0790,-1.1524;0.0981,-0.5018,-2.1656;-0.2424,0.9566,-1.2530;1.5552,-0.1013,-0.6690;1.9235,-1.1339,-0.6504;2.1679,0.4349,-1.4040;1.7751,0.5334,0.6929;1.3507,1.5413,0.7332;1.3292,-0.0697,1.4888;2.8470,0.6090,0.9026;</g>
	</geometry>
	<conformers/>
	<properties/>
</molecule>
