<?xml version="1.0" ?>
<!--MOLLI PACKAGE EXPERIMENTAL XML FORMAT-->
<molecule name="react_538_c2_frag_0">
	<atoms>
		<a id="1" s="H" t="H" l="H"/>
		<a id="2" s="O" t="O.3" l="O"/>
		<a id="3" s="C" t="C.3" l="C"/>
		<a id="4" s="H" t="H" l="H"/>
		<a id="5" s="H" t="H" l="H"/>
		<a id="6" s="C" t="C.3" l="C"/>
		<a id="7" s="H" t="H" l="H"/>
		<a id="8" s="H" t="H" l="H"/>
		<a id="9" s="C" t="C.3" l="C"/>
		<a id="10" s="H" t="H" l="H"/>
		<a id="11" s="H" t="H" l="H"/>
		<a id="12" s="C" t="C.3" l="C"/>
		<a id="13" s="H" t="H" l="H"/>
		<a id="14" s="H" t="H" l="H"/>
		<a id="15" s="C" t="C.3" l="C"/>
		<a id="16" s="H" t="H" l="H"/>
		<a id="17" s="H" t="H" l="H"/>
		<a id="18" s="H" t="H" l="H"/>
	</atoms>
	<bonds>
		<b id="1" c="1 2" t="1"/>
		<b id="2" c="2 3" t="1"/>
		<b id="3" c="4 3" t="1"/>
		<b id="4" c="5 3" t="1"/>
		<b id="5" c="3 6" t="1"/>
		<b id="6" c="7 6" t="1"/>
		<b id="7" c="8 6" t="1"/>
		<b id="8" c="6 9" t="1"/>
		<b id="9" c="10 9" t="1"/>
		<b id="10" c="11 9" t="1"/>
		<b id="11" c="9 12" t="1"/>
		<b id="12" c="13 12" t="1"/>
		<b id="13" c="14 12" t="1"/>
		<b id="14" c="12 15" t="1"/>
		<b id="15" c="16 15" t="1"/>
		<b id="16" c="17 15" t="1"/>
		<b id="17" c="15 18" t="1"/>
	</bonds>
	<geometry>
		<g u="A" t="cart/3d">#18,3:2.4650,-0.6969,1.0163;2.6748,0.2466,0.9149;2.1827,0.6658,-0.3497;2.5791,0.0003,-1.1236;2.5733,1.6706,-0.5386;0.6575,0.6972,-0.3623;0.3111,1.3355,0.4584;0.3213,1.1485,-1.3028;0.0392,-0.6967,-0.2137;0.4839,-1.3678,-0.9588;0.2800,-1.1126,0.7717;-1.4792,-0.7070,-0.4075;-1.7321,-0.3070,-1.3963;-1.8243,-1.7477,-0.3894;-2.2326,0.0705,0.6606;-3.3118,-0.0521,0.5231;-2.0121,1.1407,0.6081;-1.9760,-0.2879,1.6624;</g>
	</geometry>
	<conformers/>
	<properties/>
</molecule>
