<?xml version="1.0" ?>
<!--MOLLI PACKAGE EXPERIMENTAL XML FORMAT-->
<molecule name="react_574_c1_frag_0">
	<atoms>
		<a id="1" s="H" t="H" l="H"/>
		<a id="2" s="C" t="C.1" l="C"/>
		<a id="3" s="C" t="C.1" l="C"/>
		<a id="4" s="Si" t="Si" l="SI"/>
		<a id="5" s="C" t="C.3" l="C"/>
		<a id="6" s="H" t="H" l="H"/>
		<a id="7" s="H" t="H" l="H"/>
		<a id="8" s="H" t="H" l="H"/>
		<a id="9" s="C" t="C.3" l="C"/>
		<a id="10" s="H" t="H" l="H"/>
		<a id="11" s="H" t="H" l="H"/>
		<a id="12" s="H" t="H" l="H"/>
		<a id="13" s="C" t="C.3" l="C"/>
		<a id="14" s="H" t="H" l="H"/>
		<a id="15" s="H" t="H" l="H"/>
		<a id="16" s="H" t="H" l="H"/>
	</atoms>
	<bonds>
		<b id="1" c="1 2" t="1"/>
		<b id="2" c="2 3" t="3"/>
		<b id="3" c="3 4" t="1"/>
		<b id="4" c="6 5" t="1"/>
		<b id="5" c="7 5" t="1"/>
		<b id="6" c="5 8" t="1"/>
		<b id="7" c="5 4" t="1"/>
		<b id="8" c="10 9" t="1"/>
		<b id="9" c="11 9" t="1"/>
		<b id="10" c="9 12" t="1"/>
		<b id="11" c="9 4" t="1"/>
		<b id="12" c="4 13" t="1"/>
		<b id="13" c="14 13" t="1"/>
		<b id="14" c="15 13" t="1"/>
		<b id="15" c="13 16" t="1"/>
	</bonds>
	<geometry>
		<g u="A" t="cart/3d">#16,3:4.0501,0.2559,0.7892;3.0057,0.1899,0.5857;1.8296,0.1156,0.3565;-0.0249,-0.0016,-0.0049;-0.9890,0.1275,1.5990;-2.0644,0.0616,1.4087;-0.7879,1.0811,2.0963;-0.7130,-0.6805,2.2831;-0.4044,-1.6448,-0.8261;0.1436,-1.7429,-1.7679;-0.1202,-2.4776,-0.1759;-1.4736,-1.7298,-1.0425;-0.5337,1.3955,-1.1485;0.0125,1.3399,-2.0949;-1.6042,1.3432,-1.3684;-0.3262,2.3668,-0.6897;</g>
	</geometry>
	<conformers/>
	<properties/>
</molecule>
