<?xml version="1.0" ?>
<!--MOLLI PACKAGE EXPERIMENTAL XML FORMAT-->
<molecule name="react_577_c1_frag_0">
	<atoms>
		<a id="1" s="H" t="H" l="H"/>
		<a id="2" s="C" t="C.3" l="C"/>
		<a id="3" s="H" t="H" l="H"/>
		<a id="4" s="H" t="H" l="H"/>
		<a id="5" s="O" t="O.3" l="O"/>
		<a id="6" s="H" t="H" l="H"/>
	</atoms>
	<bonds>
		<b id="1" c="1 2" t="1"/>
		<b id="2" c="3 2" t="1"/>
		<b id="3" c="4 2" t="1"/>
		<b id="4" c="2 5" t="1"/>
		<b id="5" c="5 6" t="1"/>
	</bonds>
	<geometry>
		<g u="A" t="cart/3d">#6,3:-0.4050,1.0391,-0.4250;-0.3693,0.0366,0.0084;-0.5860,-0.7114,-0.7582;-1.1103,-0.0389,0.8077;0.9174,-0.1995,0.5496;1.5532,-0.1259,-0.1824;</g>
	</geometry>
	<conformers/>
	<properties/>
</molecule>
