<?xml version="1.0" ?>
<!--MOLLI PACKAGE EXPERIMENTAL XML FORMAT-->
<molecule name="react_579_c1_frag_0">
	<atoms>
		<a id="1" s="H" t="H" l="H"/>
		<a id="2" s="C" t="C.3" l="C"/>
		<a id="3" s="H" t="H" l="H"/>
		<a id="4" s="H" t="H" l="H"/>
		<a id="5" s="O" t="O.3" l="O"/>
		<a id="6" s="H" t="H" l="H"/>
	</atoms>
	<bonds>
		<b id="1" c="1 2" t="1"/>
		<b id="2" c="3 2" t="1"/>
		<b id="3" c="4 2" t="1"/>
		<b id="4" c="2 5" t="1"/>
		<b id="5" c="5 6" t="1"/>
	</bonds>
	<geometry>
		<g u="A" t="cart/3d">#6,3:-0.5215,-0.3672,-1.0087;-0.3684,0.0445,-0.0082;-1.0203,0.9102,0.1308;-0.6018,-0.7096,0.7474;0.9790,0.4553,0.1335;1.5331,-0.3333,0.0051;</g>
	</geometry>
	<conformers/>
	<properties/>
</molecule>
