<?xml version="1.0" ?>
<!--MOLLI PACKAGE EXPERIMENTAL XML FORMAT-->
<molecule name="react_580_c2_frag_0">
	<atoms>
		<a id="1" s="H" t="H" l="H"/>
		<a id="2" s="C" t="C.3" l="C"/>
		<a id="3" s="H" t="H" l="H"/>
		<a id="4" s="H" t="H" l="H"/>
		<a id="5" s="C" t="C.3" l="C"/>
		<a id="6" s="H" t="H" l="H"/>
		<a id="7" s="H" t="H" l="H"/>
		<a id="8" s="C" t="C.3" l="C"/>
		<a id="9" s="H" t="H" l="H"/>
		<a id="10" s="H" t="H" l="H"/>
		<a id="11" s="C" t="C.3" l="C"/>
		<a id="12" s="H" t="H" l="H"/>
		<a id="13" s="H" t="H" l="H"/>
		<a id="14" s="C" t="C.3" l="C"/>
		<a id="15" s="H" t="H" l="H"/>
		<a id="16" s="H" t="H" l="H"/>
		<a id="17" s="C" t="C.3" l="C"/>
		<a id="18" s="H" t="H" l="H"/>
		<a id="19" s="H" t="H" l="H"/>
		<a id="20" s="C" t="C.3" l="C"/>
		<a id="21" s="H" t="H" l="H"/>
		<a id="22" s="O" t="O.3" l="O"/>
		<a id="23" s="C" t="C.3" l="C"/>
		<a id="24" s="H" t="H" l="H"/>
		<a id="25" s="H" t="H" l="H"/>
		<a id="26" s="C" t="C.3" l="C"/>
		<a id="27" s="H" t="H" l="H"/>
		<a id="28" s="H" t="H" l="H"/>
		<a id="29" s="O" t="O.3" l="O"/>
	</atoms>
	<bonds>
		<b id="1" c="1 2" t="1"/>
		<b id="2" c="3 2" t="1"/>
		<b id="3" c="4 2" t="1"/>
		<b id="4" c="2 5" t="1"/>
		<b id="5" c="6 5" t="1"/>
		<b id="6" c="7 5" t="1"/>
		<b id="7" c="5 8" t="1"/>
		<b id="8" c="9 8" t="1"/>
		<b id="9" c="10 8" t="1"/>
		<b id="10" c="8 11" t="1"/>
		<b id="11" c="12 11" t="1"/>
		<b id="12" c="13 11" t="1"/>
		<b id="13" c="11 14" t="1"/>
		<b id="14" c="15 14" t="1"/>
		<b id="15" c="16 14" t="1"/>
		<b id="16" c="14 17" t="1"/>
		<b id="17" c="18 17" t="1"/>
		<b id="18" c="19 17" t="1"/>
		<b id="19" c="17 20" t="1"/>
		<b id="20" c="21 20" t="1"/>
		<b id="21" c="20 22" t="1"/>
		<b id="22" c="22 23" t="1"/>
		<b id="23" c="24 23" t="1"/>
		<b id="24" c="25 23" t="1"/>
		<b id="25" c="23 26" t="1"/>
		<b id="26" c="27 26" t="1"/>
		<b id="27" c="28 26" t="1"/>
		<b id="28" c="26 29" t="1"/>
		<b id="29" c="29 20" t="1"/>
	</bonds>
	<geometry>
		<g u="A" t="cart/3d">#29,3:4.4381,-0.4917,-1.4166;4.4294,-0.5391,-0.3231;3.8882,-1.4398,-0.0192;5.4639,-0.6437,0.0195;3.8070,0.7139,0.2732;4.4540,1.5682,0.0405;3.7817,0.6244,1.3655;2.4031,1.0113,-0.2580;2.4355,1.1044,-1.3504;2.0893,1.9872,0.1328;1.3681,-0.0433,0.1402;1.6301,-1.0115,-0.3008;1.3720,-0.1695,1.2296;-0.0352,0.3548,-0.3239;-0.3036,1.3224,0.1165;-0.0384,0.4825,-1.4132;-1.0701,-0.7008,0.0696;-0.7859,-1.6799,-0.3351;-1.0768,-0.8087,1.1619;-2.4750,-0.3451,-0.4108;-2.4918,-0.2178,-1.4990;-2.9149,0.8745,0.2024;-4.2632,0.6107,0.5833;-4.9084,0.8196,-0.2770;-4.5606,1.2434,1.4230;-4.2411,-0.8552,0.9174;-3.7884,-1.0376,1.8980;-5.2272,-1.3246,0.8808;-3.3796,-1.4092,-0.0762;</g>
	</geometry>
	<conformers/>
	<properties/>
</molecule>
