<?xml version="1.0" ?>
<!--MOLLI PACKAGE EXPERIMENTAL XML FORMAT-->
<molecule name="react_582_c2_frag_0">
	<atoms>
		<a id="1" s="H" t="H" l="H"/>
		<a id="2" s="C" t="C.3" l="C"/>
		<a id="3" s="H" t="H" l="H"/>
		<a id="4" s="H" t="H" l="H"/>
		<a id="5" s="C" t="C.3" l="C"/>
		<a id="6" s="H" t="H" l="H"/>
		<a id="7" s="H" t="H" l="H"/>
		<a id="8" s="C" t="C.3" l="C"/>
		<a id="9" s="H" t="H" l="H"/>
		<a id="10" s="H" t="H" l="H"/>
		<a id="11" s="C" t="C.3" l="C"/>
		<a id="12" s="H" t="H" l="H"/>
		<a id="13" s="H" t="H" l="H"/>
		<a id="14" s="C" t="C.3" l="C"/>
		<a id="15" s="H" t="H" l="H"/>
		<a id="16" s="H" t="H" l="H"/>
		<a id="17" s="C" t="C.3" l="C"/>
		<a id="18" s="H" t="H" l="H"/>
		<a id="19" s="H" t="H" l="H"/>
		<a id="20" s="C" t="C.3" l="C"/>
		<a id="21" s="H" t="H" l="H"/>
		<a id="22" s="H" t="H" l="H"/>
		<a id="23" s="C" t="C.1" l="C"/>
		<a id="24" s="N" t="N.1" l="N"/>
	</atoms>
	<bonds>
		<b id="1" c="1 2" t="1"/>
		<b id="2" c="3 2" t="1"/>
		<b id="3" c="4 2" t="1"/>
		<b id="4" c="2 5" t="1"/>
		<b id="5" c="6 5" t="1"/>
		<b id="6" c="7 5" t="1"/>
		<b id="7" c="5 8" t="1"/>
		<b id="8" c="9 8" t="1"/>
		<b id="9" c="10 8" t="1"/>
		<b id="10" c="8 11" t="1"/>
		<b id="11" c="12 11" t="1"/>
		<b id="12" c="13 11" t="1"/>
		<b id="13" c="11 14" t="1"/>
		<b id="14" c="15 14" t="1"/>
		<b id="15" c="16 14" t="1"/>
		<b id="16" c="14 17" t="1"/>
		<b id="17" c="18 17" t="1"/>
		<b id="18" c="19 17" t="1"/>
		<b id="19" c="17 20" t="1"/>
		<b id="20" c="21 20" t="1"/>
		<b id="21" c="22 20" t="1"/>
		<b id="22" c="20 23" t="1"/>
		<b id="23" c="23 24" t="3"/>
	</bonds>
	<geometry>
		<g u="A" t="cart/3d">#24,3:2.2842,0.8853,0.9020;2.9943,0.6219,0.1127;3.6248,-0.1975,0.4720;3.6356,1.4924,-0.0592;2.2804,0.2382,-1.1738;3.0314,0.1048,-1.9620;1.6389,1.0650,-1.4975;1.4690,-1.0548,-1.0615;2.1536,-1.8843,-0.8443;1.0250,-1.2717,-2.0411;0.3609,-1.0554,-0.0039;-0.1183,-2.0425,-0.0173;0.7950,-0.9390,0.9958;-0.7034,0.0190,-0.2365;-1.1049,-0.0751,-1.2526;-0.2552,1.0154,-0.1537;-1.8432,-0.1013,0.7779;-2.3004,-1.0963,0.7022;-1.4404,-0.0160,1.7954;-2.9060,0.9735,0.5511;-3.3126,0.8865,-0.4631;-2.4527,1.9682,0.6321;-3.9967,0.8522,1.5274;-4.8592,0.7579,2.2978;</g>
	</geometry>
	<conformers/>
	<properties/>
</molecule>
