<?xml version="1.0" ?>
<!--MOLLI PACKAGE EXPERIMENTAL XML FORMAT-->
<molecule name="react_584_c2_frag_0">
	<atoms>
		<a id="1" s="H" t="H" l="H"/>
		<a id="2" s="C" t="C.3" l="C"/>
		<a id="3" s="H" t="H" l="H"/>
		<a id="4" s="H" t="H" l="H"/>
		<a id="5" s="C" t="C.3" l="C"/>
		<a id="6" s="H" t="H" l="H"/>
		<a id="7" s="H" t="H" l="H"/>
		<a id="8" s="C" t="C.3" l="C"/>
		<a id="9" s="H" t="H" l="H"/>
		<a id="10" s="H" t="H" l="H"/>
		<a id="11" s="C" t="C.3" l="C"/>
		<a id="12" s="H" t="H" l="H"/>
		<a id="13" s="H" t="H" l="H"/>
		<a id="14" s="C" t="C.3" l="C"/>
		<a id="15" s="H" t="H" l="H"/>
		<a id="16" s="H" t="H" l="H"/>
		<a id="17" s="C" t="C.3" l="C"/>
		<a id="18" s="H" t="H" l="H"/>
		<a id="19" s="H" t="H" l="H"/>
		<a id="20" s="C" t="C.3" l="C"/>
		<a id="21" s="H" t="H" l="H"/>
		<a id="22" s="H" t="H" l="H"/>
		<a id="23" s="O" t="O.3" l="O"/>
		<a id="24" s="Si" t="Si" l="SI"/>
		<a id="25" s="C" t="C.3" l="C"/>
		<a id="26" s="H" t="H" l="H"/>
		<a id="27" s="H" t="H" l="H"/>
		<a id="28" s="H" t="H" l="H"/>
		<a id="29" s="C" t="C.3" l="C"/>
		<a id="30" s="H" t="H" l="H"/>
		<a id="31" s="H" t="H" l="H"/>
		<a id="32" s="H" t="H" l="H"/>
		<a id="33" s="C" t="C.3" l="C"/>
		<a id="34" s="C" t="C.3" l="C"/>
		<a id="35" s="H" t="H" l="H"/>
		<a id="36" s="H" t="H" l="H"/>
		<a id="37" s="H" t="H" l="H"/>
		<a id="38" s="C" t="C.3" l="C"/>
		<a id="39" s="H" t="H" l="H"/>
		<a id="40" s="H" t="H" l="H"/>
		<a id="41" s="H" t="H" l="H"/>
		<a id="42" s="C" t="C.3" l="C"/>
		<a id="43" s="H" t="H" l="H"/>
		<a id="44" s="H" t="H" l="H"/>
		<a id="45" s="H" t="H" l="H"/>
	</atoms>
	<bonds>
		<b id="1" c="1 2" t="1"/>
		<b id="2" c="3 2" t="1"/>
		<b id="3" c="4 2" t="1"/>
		<b id="4" c="2 5" t="1"/>
		<b id="5" c="6 5" t="1"/>
		<b id="6" c="7 5" t="1"/>
		<b id="7" c="5 8" t="1"/>
		<b id="8" c="9 8" t="1"/>
		<b id="9" c="10 8" t="1"/>
		<b id="10" c="8 11" t="1"/>
		<b id="11" c="12 11" t="1"/>
		<b id="12" c="13 11" t="1"/>
		<b id="13" c="11 14" t="1"/>
		<b id="14" c="15 14" t="1"/>
		<b id="15" c="16 14" t="1"/>
		<b id="16" c="14 17" t="1"/>
		<b id="17" c="18 17" t="1"/>
		<b id="18" c="19 17" t="1"/>
		<b id="19" c="17 20" t="1"/>
		<b id="20" c="21 20" t="1"/>
		<b id="21" c="22 20" t="1"/>
		<b id="22" c="20 23" t="1"/>
		<b id="23" c="23 24" t="1"/>
		<b id="24" c="26 25" t="1"/>
		<b id="25" c="27 25" t="1"/>
		<b id="26" c="25 28" t="1"/>
		<b id="27" c="25 24" t="1"/>
		<b id="28" c="30 29" t="1"/>
		<b id="29" c="31 29" t="1"/>
		<b id="30" c="29 32" t="1"/>
		<b id="31" c="29 24" t="1"/>
		<b id="32" c="24 33" t="1"/>
		<b id="33" c="35 34" t="1"/>
		<b id="34" c="36 34" t="1"/>
		<b id="35" c="34 37" t="1"/>
		<b id="36" c="34 33" t="1"/>
		<b id="37" c="39 38" t="1"/>
		<b id="38" c="40 38" t="1"/>
		<b id="39" c="38 41" t="1"/>
		<b id="40" c="38 33" t="1"/>
		<b id="41" c="33 42" t="1"/>
		<b id="42" c="43 42" t="1"/>
		<b id="43" c="44 42" t="1"/>
		<b id="44" c="42 45" t="1"/>
	</bonds>
	<geometry>
		<g u="A" t="cart/3d">#45,3:7.4044,1.5323,1.7820;6.4953,1.3941,1.1878;5.6584,1.7957,1.7663;6.5975,1.9827,0.2707;6.2987,-0.0805,0.8716;6.1666,-0.6394,1.8053;7.2138,-0.4605,0.4018;5.1230,-0.3523,-0.0693;5.2629,0.2056,-1.0032;5.1350,-1.4172,-0.3330;3.7640,-0.0039,0.5419;3.7092,1.0711,0.7474;3.6470,-0.5251,1.4997;2.6189,-0.3929,-0.3957;2.7376,0.1256,-1.3549;2.6620,-1.4692,-0.6021;1.2615,-0.0431,0.2104;1.1340,-0.5510,1.1747;1.2077,1.0312,0.4272;0.1126,-0.4282,-0.7183;0.2137,0.1064,-1.6711;0.1382,-1.5085,-0.9081;-1.1094,-0.0692,-0.0794;-2.5639,-0.3693,-0.8591;-2.7127,0.5799,-2.4700;-1.9483,0.2519,-3.1808;-3.6920,0.4191,-2.9297;-2.5826,1.6529,-2.3030;-2.8429,-2.2001,-1.1570;-2.0819,-2.5991,-1.8342;-2.7893,-2.7597,-0.2188;-3.8230,-2.3779,-1.6085;-4.0926,0.2912,0.3877;-5.4534,0.0357,-0.2881;-5.6123,-1.0299,-0.4863;-6.2740,0.3771,0.3533;-5.5374,0.5688,-1.2414;-4.0081,-0.4808,1.7204;-3.0396,-0.3314,2.2112;-4.1437,-1.5578,1.5718;-4.7866,-0.1434,2.4141;-3.9012,1.8003,0.6430;-2.9299,2.0102,1.1052;-4.6778,2.1813,1.3160;-3.9594,2.3770,-0.2868;</g>
	</geometry>
	<conformers/>
	<properties/>
</molecule>
