<?xml version="1.0" ?>
<!--MOLLI PACKAGE EXPERIMENTAL XML FORMAT-->
<molecule name="react_592_c1_frag_0">
	<atoms>
		<a id="1" s="H" t="H" l="H"/>
		<a id="2" s="C" t="C.3" l="C"/>
		<a id="3" s="H" t="H" l="H"/>
		<a id="4" s="C" t="C.3" l="C"/>
		<a id="5" s="H" t="H" l="H"/>
		<a id="6" s="H" t="H" l="H"/>
		<a id="7" s="C" t="C.3" l="C"/>
		<a id="8" s="H" t="H" l="H"/>
		<a id="9" s="H" t="H" l="H"/>
		<a id="10" s="C" t="C.3" l="C"/>
		<a id="11" s="H" t="H" l="H"/>
		<a id="12" s="H" t="H" l="H"/>
		<a id="13" s="C" t="C.3" l="C"/>
		<a id="14" s="H" t="H" l="H"/>
		<a id="15" s="H" t="H" l="H"/>
		<a id="16" s="C" t="C.3" l="C"/>
		<a id="17" s="H" t="H" l="H"/>
		<a id="18" s="H" t="H" l="H"/>
	</atoms>
	<bonds>
		<b id="1" c="1 2" t="1"/>
		<b id="2" c="3 2" t="1"/>
		<b id="3" c="2 4" t="1"/>
		<b id="4" c="5 4" t="1"/>
		<b id="5" c="6 4" t="1"/>
		<b id="6" c="4 7" t="1"/>
		<b id="7" c="8 7" t="1"/>
		<b id="8" c="9 7" t="1"/>
		<b id="9" c="7 10" t="1"/>
		<b id="10" c="11 10" t="1"/>
		<b id="11" c="12 10" t="1"/>
		<b id="12" c="10 13" t="1"/>
		<b id="13" c="14 13" t="1"/>
		<b id="14" c="15 13" t="1"/>
		<b id="15" c="13 16" t="1"/>
		<b id="16" c="17 16" t="1"/>
		<b id="17" c="16 18" t="1"/>
		<b id="18" c="16 2" t="1"/>
	</bonds>
	<geometry>
		<g u="A" t="cart/3d">#18,3:-1.1645,-0.2255,-1.5743;-1.3505,-0.1440,-0.4958;-2.4371,-0.1937,-0.3627;-0.6909,-1.3235,0.2219;-1.2946,-1.6147,1.0901;-0.6907,-2.1886,-0.4524;0.7357,-1.0336,0.6932;0.7075,-0.6501,1.7211;1.3092,-1.9669,0.7250;1.4319,-0.0150,-0.1990;2.4637,0.1417,0.1353;1.4922,-0.4140,-1.2195;0.6909,1.3235,-0.2219;1.1027,1.9892,0.5464;0.8826,1.8140,-1.1840;-0.8172,1.1927,0.0015;-1.0352,1.2896,1.0727;-1.3359,2.0190,-0.4976;</g>
	</geometry>
	<conformers/>
	<properties/>
</molecule>
