<?xml version="1.0" ?>
<!--MOLLI PACKAGE EXPERIMENTAL XML FORMAT-->
<molecule name="react_592_c2_frag_0">
	<atoms>
		<a id="1" s="H" t="H" l="H"/>
		<a id="2" s="C" t="C.3" l="C"/>
		<a id="3" s="H" t="H" l="H"/>
		<a id="4" s="H" t="H" l="H"/>
		<a id="5" s="Si" t="Si" l="SI"/>
		<a id="6" s="C" t="C.3" l="C"/>
		<a id="7" s="H" t="H" l="H"/>
		<a id="8" s="H" t="H" l="H"/>
		<a id="9" s="H" t="H" l="H"/>
		<a id="10" s="C" t="C.3" l="C"/>
		<a id="11" s="H" t="H" l="H"/>
		<a id="12" s="H" t="H" l="H"/>
		<a id="13" s="H" t="H" l="H"/>
		<a id="14" s="C" t="C.3" l="C"/>
		<a id="15" s="H" t="H" l="H"/>
		<a id="16" s="H" t="H" l="H"/>
		<a id="17" s="H" t="H" l="H"/>
	</atoms>
	<bonds>
		<b id="1" c="1 2" t="1"/>
		<b id="2" c="3 2" t="1"/>
		<b id="3" c="4 2" t="1"/>
		<b id="4" c="2 5" t="1"/>
		<b id="5" c="7 6" t="1"/>
		<b id="6" c="8 6" t="1"/>
		<b id="7" c="6 9" t="1"/>
		<b id="8" c="6 5" t="1"/>
		<b id="9" c="11 10" t="1"/>
		<b id="10" c="12 10" t="1"/>
		<b id="11" c="10 13" t="1"/>
		<b id="12" c="10 5" t="1"/>
		<b id="13" c="5 14" t="1"/>
		<b id="14" c="15 14" t="1"/>
		<b id="15" c="16 14" t="1"/>
		<b id="16" c="14 17" t="1"/>
	</bonds>
	<geometry>
		<g u="A" t="cart/3d">#17,3:2.1358,0.0961,-1.2617;1.4442,0.8387,-0.8528;1.0940,1.4695,-1.6752;1.9957,1.4690,-0.1489;-0.0000,-0.0000,-0.0000;-0.9199,-1.0698,-1.2353;-1.3010,-0.4640,-2.0627;-1.7680,-1.5693,-0.7578;-0.2592,-1.8374,-1.6491;-1.1620,1.3017,0.6869;-0.6447,1.9381,1.4110;-1.5464,1.9386,-0.1154;-2.0133,0.8333,1.1896;0.6376,-1.0707,1.4013;1.3187,-1.8383,1.0220;1.1785,-0.4654,2.1348;-0.1901,-1.5702,1.9134;</g>
	</geometry>
	<conformers/>
	<properties/>
</molecule>
