<?xml version="1.0" ?>
<!--MOLLI PACKAGE EXPERIMENTAL XML FORMAT-->
<molecule name="react_600_c2_frag_0">
	<atoms>
		<a id="1" s="H" t="H" l="H"/>
		<a id="2" s="C" t="C.3" l="C"/>
		<a id="3" s="H" t="H" l="H"/>
		<a id="4" s="H" t="H" l="H"/>
		<a id="5" s="C" t="C.3" l="C"/>
		<a id="6" s="H" t="H" l="H"/>
		<a id="7" s="H" t="H" l="H"/>
		<a id="8" s="C" t="C.3" l="C"/>
		<a id="9" s="H" t="H" l="H"/>
		<a id="10" s="H" t="H" l="H"/>
		<a id="11" s="C" t="C.3" l="C"/>
		<a id="12" s="H" t="H" l="H"/>
		<a id="13" s="H" t="H" l="H"/>
		<a id="14" s="C" t="C.3" l="C"/>
		<a id="15" s="H" t="H" l="H"/>
		<a id="16" s="H" t="H" l="H"/>
		<a id="17" s="C" t="C.3" l="C"/>
		<a id="18" s="H" t="H" l="H"/>
		<a id="19" s="H" t="H" l="H"/>
		<a id="20" s="C" t="C.3" l="C"/>
		<a id="21" s="H" t="H" l="H"/>
		<a id="22" s="H" t="H" l="H"/>
		<a id="23" s="C" t="C.3" l="C"/>
		<a id="24" s="H" t="H" l="H"/>
		<a id="25" s="H" t="H" l="H"/>
		<a id="26" s="C" t="C.3" l="C"/>
		<a id="27" s="H" t="H" l="H"/>
		<a id="28" s="H" t="H" l="H"/>
		<a id="29" s="C" t="C.3" l="C"/>
		<a id="30" s="H" t="H" l="H"/>
		<a id="31" s="H" t="H" l="H"/>
		<a id="32" s="H" t="H" l="H"/>
	</atoms>
	<bonds>
		<b id="1" c="1 2" t="1"/>
		<b id="2" c="3 2" t="1"/>
		<b id="3" c="4 2" t="1"/>
		<b id="4" c="2 5" t="1"/>
		<b id="5" c="6 5" t="1"/>
		<b id="6" c="7 5" t="1"/>
		<b id="7" c="5 8" t="1"/>
		<b id="8" c="9 8" t="1"/>
		<b id="9" c="10 8" t="1"/>
		<b id="10" c="8 11" t="1"/>
		<b id="11" c="12 11" t="1"/>
		<b id="12" c="13 11" t="1"/>
		<b id="13" c="11 14" t="1"/>
		<b id="14" c="15 14" t="1"/>
		<b id="15" c="16 14" t="1"/>
		<b id="16" c="14 17" t="1"/>
		<b id="17" c="18 17" t="1"/>
		<b id="18" c="19 17" t="1"/>
		<b id="19" c="17 20" t="1"/>
		<b id="20" c="21 20" t="1"/>
		<b id="21" c="22 20" t="1"/>
		<b id="22" c="20 23" t="1"/>
		<b id="23" c="24 23" t="1"/>
		<b id="24" c="25 23" t="1"/>
		<b id="25" c="23 26" t="1"/>
		<b id="26" c="27 26" t="1"/>
		<b id="27" c="28 26" t="1"/>
		<b id="28" c="26 29" t="1"/>
		<b id="29" c="30 29" t="1"/>
		<b id="30" c="31 29" t="1"/>
		<b id="31" c="29 32" t="1"/>
	</bonds>
	<geometry>
		<g u="A" t="cart/3d">#32,3:-3.4553,0.3454,-1.6091;-4.2869,0.2893,-0.9008;-5.2041,0.1519,-1.4828;-4.3633,1.2433,-0.3702;-4.1092,-0.8652,0.0700;-3.9807,-1.7958,-0.4955;-5.0339,-0.9771,0.6491;-2.9468,-0.6939,1.0525;-2.9726,-1.5573,1.7301;-3.1091,0.1916,1.6785;-1.5604,-0.6515,0.3986;-0.8634,-1.1750,1.0640;-1.5651,-1.2029,-0.5487;-1.0447,0.7758,0.1893;-1.7876,1.3671,-0.3553;-0.9132,1.2637,1.1630;0.2710,0.8372,-0.5932;0.5033,1.8919,-0.7867;0.1383,0.3593,-1.5715;1.4489,0.1932,0.1412;1.5445,0.6337,1.1409;1.2680,-0.8794,0.2733;2.7559,0.3874,-0.6311;2.9494,1.4589,-0.7633;2.6590,-0.0495,-1.6325;3.9338,-0.2586,0.0980;4.0369,0.1773,1.0985;3.7481,-1.3311,0.2288;5.2344,-0.0674,-0.6658;5.1755,-0.5210,-1.6604;5.4662,0.9957,-0.7859;6.0631,-0.5371,-0.1268;</g>
	</geometry>
	<conformers/>
	<properties/>
</molecule>
