<?xml version="1.0" ?>
<!--MOLLI PACKAGE EXPERIMENTAL XML FORMAT-->
<molecule name="react_0_c2_frag_0">
	<atoms>
		<a id="1" s="H" t="H" l="H"/>
		<a id="2" s="C" t="C.3" l="C"/>
		<a id="3" s="H" t="H" l="H"/>
		<a id="4" s="H" t="H" l="H"/>
		<a id="5" s="C" t="C.1" l="C"/>
		<a id="6" s="N" t="N.1" l="N"/>
	</atoms>
	<bonds>
		<b id="1" c="1 2" t="1"/>
		<b id="2" c="3 2" t="1"/>
		<b id="3" c="4 2" t="1"/>
		<b id="4" c="2 5" t="1"/>
		<b id="5" c="5 6" t="3"/>
	</bonds>
	<geometry>
		<g u="A" t="cart/3d">#6,3:-0.8589,-0.8507,-0.5916;-0.4862,-0.0042,-0.0073;-0.8894,-0.0872,1.0064;-0.8763,0.9151,-0.4539;0.9754,0.0085,0.0146;2.1355,0.0185,0.0319;</g>
	</geometry>
	<conformers/>
	<properties/>
</molecule>
