<?xml version="1.0" ?>
<!--MOLLI PACKAGE EXPERIMENTAL XML FORMAT-->
<molecule name="react_44_c2_frag_0">
	<atoms>
		<a id="1" s="H" t="H" l="H"/>
		<a id="2" s="C" t="C.3" l="C"/>
		<a id="3" s="H" t="H" l="H"/>
		<a id="4" s="H" t="H" l="H"/>
		<a id="5" s="C" t="C.3" l="C"/>
		<a id="6" s="H" t="H" l="H"/>
		<a id="7" s="H" t="H" l="H"/>
		<a id="8" s="C" t="C.3" l="C"/>
		<a id="9" s="H" t="H" l="H"/>
		<a id="10" s="H" t="H" l="H"/>
		<a id="11" s="C" t="C.3" l="C"/>
		<a id="12" s="C" t="C.3" l="C"/>
		<a id="13" s="H" t="H" l="H"/>
		<a id="14" s="H" t="H" l="H"/>
		<a id="15" s="C" t="C.3" l="C"/>
		<a id="16" s="H" t="H" l="H"/>
		<a id="17" s="H" t="H" l="H"/>
		<a id="18" s="H" t="H" l="H"/>
		<a id="19" s="O" t="O.3" l="O"/>
		<a id="20" s="C" t="C.3" l="C"/>
		<a id="21" s="H" t="H" l="H"/>
		<a id="22" s="H" t="H" l="H"/>
		<a id="23" s="C" t="C.3" l="C"/>
		<a id="24" s="C" t="C.3" l="C"/>
		<a id="25" s="H" t="H" l="H"/>
		<a id="26" s="H" t="H" l="H"/>
		<a id="27" s="H" t="H" l="H"/>
		<a id="28" s="C" t="C.3" l="C"/>
		<a id="29" s="H" t="H" l="H"/>
		<a id="30" s="H" t="H" l="H"/>
		<a id="31" s="H" t="H" l="H"/>
		<a id="32" s="C" t="C.3" l="C"/>
		<a id="33" s="H" t="H" l="H"/>
		<a id="34" s="H" t="H" l="H"/>
		<a id="35" s="O" t="O.3" l="O"/>
	</atoms>
	<bonds>
		<b id="1" c="1 2" t="1"/>
		<b id="2" c="3 2" t="1"/>
		<b id="3" c="4 2" t="1"/>
		<b id="4" c="2 5" t="1"/>
		<b id="5" c="6 5" t="1"/>
		<b id="6" c="7 5" t="1"/>
		<b id="7" c="5 8" t="1"/>
		<b id="8" c="9 8" t="1"/>
		<b id="9" c="10 8" t="1"/>
		<b id="10" c="8 11" t="1"/>
		<b id="11" c="13 12" t="1"/>
		<b id="12" c="14 12" t="1"/>
		<b id="13" c="12 15" t="1"/>
		<b id="14" c="16 15" t="1"/>
		<b id="15" c="17 15" t="1"/>
		<b id="16" c="15 18" t="1"/>
		<b id="17" c="12 11" t="1"/>
		<b id="18" c="11 19" t="1"/>
		<b id="19" c="19 20" t="1"/>
		<b id="20" c="21 20" t="1"/>
		<b id="21" c="22 20" t="1"/>
		<b id="22" c="20 23" t="1"/>
		<b id="23" c="25 24" t="1"/>
		<b id="24" c="26 24" t="1"/>
		<b id="25" c="24 27" t="1"/>
		<b id="26" c="24 23" t="1"/>
		<b id="27" c="29 28" t="1"/>
		<b id="28" c="30 28" t="1"/>
		<b id="29" c="28 31" t="1"/>
		<b id="30" c="28 23" t="1"/>
		<b id="31" c="23 32" t="1"/>
		<b id="32" c="33 32" t="1"/>
		<b id="33" c="34 32" t="1"/>
		<b id="34" c="32 35" t="1"/>
		<b id="35" c="35 11" t="1"/>
	</bonds>
	<geometry>
		<g u="A" t="cart/3d">#35,3:-1.2020,0.7609,-2.3798;-2.2692,0.8065,-2.1500;-2.8064,0.5063,-3.0558;-2.5360,1.8447,-1.9293;-2.6433,-0.1136,-0.9990;-3.7392,-0.1675,-0.9648;-2.3006,-1.1328,-1.2039;-2.1641,0.3519,0.3841;-2.6798,-0.2959,1.1031;-2.5303,1.3744,0.5430;-0.6416,0.3062,0.6717;-0.3682,0.8181,2.1116;0.7055,0.7550,2.3220;-0.6263,1.8822,2.1815;-1.0682,0.0490,3.2262;-2.1504,0.2046,3.2055;-0.7098,0.3990,4.2001;-0.8660,-1.0243,3.1616;0.0097,1.1750,-0.2630;1.4248,1.0179,-0.3088;1.8636,1.3804,0.6268;1.7905,1.7014,-1.0836;1.8206,-0.4347,-0.6268;2.4436,-0.5291,-2.0287;2.7115,-1.5630,-2.2740;3.3534,0.0776,-2.1001;1.7457,-0.1744,-2.7957;2.8608,-0.9141,0.4016;3.7565,-0.2830,0.3804;3.1748,-1.9438,0.1960;2.4587,-0.8888,1.4203;0.5729,-1.3232,-0.5704;0.8506,-2.3831,-0.5448;-0.0549,-1.1905,-1.4575;-0.1869,-1.0492,0.6004;</g>
	</geometry>
	<conformers/>
	<properties/>
</molecule>
