<?xml version="1.0" ?>
<!--MOLLI PACKAGE EXPERIMENTAL XML FORMAT-->
<molecule name="react_630_c2_frag_0">
	<atoms>
		<a id="1" s="H" t="H" l="H"/>
		<a id="2" s="P" t="P.3" l="P"/>
		<a id="3" s="O" t="O.2" l="O"/>
		<a id="4" s="O" t="O.3" l="O"/>
		<a id="5" s="C" t="C.3" l="C"/>
		<a id="6" s="H" t="H" l="H"/>
		<a id="7" s="H" t="H" l="H"/>
		<a id="8" s="C" t="C.3" l="C"/>
		<a id="9" s="H" t="H" l="H"/>
		<a id="10" s="H" t="H" l="H"/>
		<a id="11" s="H" t="H" l="H"/>
		<a id="12" s="O" t="O.3" l="O"/>
		<a id="13" s="C" t="C.3" l="C"/>
		<a id="14" s="H" t="H" l="H"/>
		<a id="15" s="H" t="H" l="H"/>
		<a id="16" s="C" t="C.3" l="C"/>
		<a id="17" s="H" t="H" l="H"/>
		<a id="18" s="H" t="H" l="H"/>
		<a id="19" s="H" t="H" l="H"/>
	</atoms>
	<bonds>
		<b id="1" c="1 2" t="1"/>
		<b id="2" c="2 3" t="2"/>
		<b id="3" c="4 5" t="1"/>
		<b id="4" c="6 5" t="1"/>
		<b id="5" c="7 5" t="1"/>
		<b id="6" c="5 8" t="1"/>
		<b id="7" c="9 8" t="1"/>
		<b id="8" c="10 8" t="1"/>
		<b id="9" c="8 11" t="1"/>
		<b id="10" c="4 2" t="1"/>
		<b id="11" c="2 12" t="1"/>
		<b id="12" c="12 13" t="1"/>
		<b id="13" c="14 13" t="1"/>
		<b id="14" c="15 13" t="1"/>
		<b id="15" c="13 16" t="1"/>
		<b id="16" c="17 16" t="1"/>
		<b id="17" c="18 16" t="1"/>
		<b id="18" c="16 19" t="1"/>
	</bonds>
	<geometry>
		<g u="A" t="cart/3d">#19,3:0.3662,-0.5327,1.5979;-0.0004,-0.2962,0.2567;-0.5056,-1.3792,-0.6558;-1.0471,0.9364,0.3552;-2.3680,0.6352,0.7698;-2.6702,1.3887,1.5035;-2.4085,-0.3437,1.2595;-3.2945,0.6770,-0.4279;-4.3271,0.4764,-0.1288;-3.2517,1.6571,-0.9143;-2.9955,-0.0628,-1.1773;1.2807,0.4691,-0.3742;2.4172,-0.3137,-0.6947;2.1133,-1.2701,-1.1319;2.9933,0.2290,-1.4505;3.2657,-0.5292,0.5424;3.5490,0.4300,0.9879;2.7093,-1.0833,1.3050;4.1737,-1.0879,0.2984;</g>
	</geometry>
	<conformers/>
	<properties/>
</molecule>
