<?xml version="1.0" ?>
<!--MOLLI PACKAGE EXPERIMENTAL XML FORMAT-->
<molecule name="react_640_c1_frag_0">
	<atoms>
		<a id="1" s="H" t="H" l="H"/>
		<a id="2" s="C" t="C.3" l="C"/>
		<a id="3" s="H" t="H" l="H"/>
		<a id="4" s="H" t="H" l="H"/>
		<a id="5" s="O" t="O.3" l="O"/>
		<a id="6" s="H" t="H" l="H"/>
	</atoms>
	<bonds>
		<b id="1" c="1 2" t="1"/>
		<b id="2" c="3 2" t="1"/>
		<b id="3" c="4 2" t="1"/>
		<b id="4" c="2 5" t="1"/>
		<b id="5" c="5 6" t="1"/>
	</bonds>
	<geometry>
		<g u="A" t="cart/3d">#6,3:-0.5684,-0.5628,-0.8857;-0.3689,0.0418,0.0024;-0.5548,-0.5451,0.9052;-1.0223,0.9174,-0.0014;0.9794,0.4734,-0.0121;1.5350,-0.3246,-0.0084;</g>
	</geometry>
	<conformers/>
	<properties/>
</molecule>
