<?xml version="1.0" ?>
<!--MOLLI PACKAGE EXPERIMENTAL XML FORMAT-->
<molecule name="react_643_c1_frag_0">
	<atoms>
		<a id="1" s="H" t="H" l="H"/>
		<a id="2" s="C" t="C.3" l="C"/>
		<a id="3" s="O" t="O.3" l="O"/>
		<a id="4" s="H" t="H" l="H"/>
		<a id="5" s="C" t="C.3" l="C"/>
		<a id="6" s="H" t="H" l="H"/>
		<a id="7" s="H" t="H" l="H"/>
		<a id="8" s="H" t="H" l="H"/>
		<a id="9" s="C" t="C.3" l="C"/>
		<a id="10" s="H" t="H" l="H"/>
		<a id="11" s="H" t="H" l="H"/>
		<a id="12" s="H" t="H" l="H"/>
	</atoms>
	<bonds>
		<b id="1" c="1 2" t="1"/>
		<b id="2" c="3 4" t="1"/>
		<b id="3" c="3 2" t="1"/>
		<b id="4" c="6 5" t="1"/>
		<b id="5" c="7 5" t="1"/>
		<b id="6" c="5 8" t="1"/>
		<b id="7" c="5 2" t="1"/>
		<b id="8" c="2 9" t="1"/>
		<b id="9" c="10 9" t="1"/>
		<b id="10" c="11 9" t="1"/>
		<b id="11" c="9 12" t="1"/>
	</bonds>
	<geometry>
		<g u="A" t="cart/3d">#12,3:-0.1452,-0.2789,1.5602;-0.1605,-0.2676,0.4655;-0.8953,-1.4102,0.0375;-0.9135,-1.4074,-0.9349;-0.8642,0.9906,-0.0194;-0.9297,1.0092,-1.1129;-0.3419,1.8920,0.3153;-1.8922,1.0215,0.3574;1.2627,-0.3608,-0.0631;1.7379,-1.2851,0.2828;1.8666,0.4886,0.2699;1.2753,-0.3919,-1.1582;</g>
	</geometry>
	<conformers/>
	<properties/>
</molecule>
