<?xml version="1.0" ?>
<!--MOLLI PACKAGE EXPERIMENTAL XML FORMAT-->
<molecule name="react_46_c1_frag_0">
	<atoms>
		<a id="1" s="H" t="H" l="H"/>
		<a id="2" s="C" t="C.3" l="C"/>
		<a id="3" s="H" t="H" l="H"/>
		<a id="4" s="H" t="H" l="H"/>
		<a id="5" s="C" t="C.3" l="C"/>
		<a id="6" s="H" t="H" l="H"/>
		<a id="7" s="H" t="H" l="H"/>
		<a id="8" s="O" t="O.3" l="O"/>
		<a id="9" s="Si" t="Si" l="SI"/>
		<a id="10" s="C" t="C.3" l="C"/>
		<a id="11" s="H" t="H" l="H"/>
		<a id="12" s="H" t="H" l="H"/>
		<a id="13" s="H" t="H" l="H"/>
		<a id="14" s="C" t="C.3" l="C"/>
		<a id="15" s="H" t="H" l="H"/>
		<a id="16" s="H" t="H" l="H"/>
		<a id="17" s="H" t="H" l="H"/>
		<a id="18" s="C" t="C.3" l="C"/>
		<a id="19" s="C" t="C.3" l="C"/>
		<a id="20" s="H" t="H" l="H"/>
		<a id="21" s="H" t="H" l="H"/>
		<a id="22" s="H" t="H" l="H"/>
		<a id="23" s="C" t="C.3" l="C"/>
		<a id="24" s="H" t="H" l="H"/>
		<a id="25" s="H" t="H" l="H"/>
		<a id="26" s="H" t="H" l="H"/>
		<a id="27" s="C" t="C.3" l="C"/>
		<a id="28" s="H" t="H" l="H"/>
		<a id="29" s="H" t="H" l="H"/>
		<a id="30" s="H" t="H" l="H"/>
	</atoms>
	<bonds>
		<b id="1" c="1 2" t="1"/>
		<b id="2" c="3 2" t="1"/>
		<b id="3" c="4 2" t="1"/>
		<b id="4" c="2 5" t="1"/>
		<b id="5" c="6 5" t="1"/>
		<b id="6" c="7 5" t="1"/>
		<b id="7" c="5 8" t="1"/>
		<b id="8" c="8 9" t="1"/>
		<b id="9" c="11 10" t="1"/>
		<b id="10" c="12 10" t="1"/>
		<b id="11" c="10 13" t="1"/>
		<b id="12" c="10 9" t="1"/>
		<b id="13" c="15 14" t="1"/>
		<b id="14" c="16 14" t="1"/>
		<b id="15" c="14 17" t="1"/>
		<b id="16" c="14 9" t="1"/>
		<b id="17" c="9 18" t="1"/>
		<b id="18" c="20 19" t="1"/>
		<b id="19" c="21 19" t="1"/>
		<b id="20" c="19 22" t="1"/>
		<b id="21" c="19 18" t="1"/>
		<b id="22" c="24 23" t="1"/>
		<b id="23" c="25 23" t="1"/>
		<b id="24" c="23 26" t="1"/>
		<b id="25" c="23 18" t="1"/>
		<b id="26" c="18 27" t="1"/>
		<b id="27" c="28 27" t="1"/>
		<b id="28" c="29 27" t="1"/>
		<b id="29" c="27 30" t="1"/>
	</bonds>
	<geometry>
		<g u="A" t="cart/3d">#30,3:3.6236,1.0676,-0.5779;3.5914,0.1146,-1.1165;4.1605,-0.6075,-0.5218;4.0829,0.2398,-2.0853;2.1572,-0.3503,-1.2933;1.6081,0.3917,-1.8851;2.1506,-1.3103,-1.8233;1.5765,-0.5005,-0.0028;-0.0512,-0.8747,0.1463;-0.3457,-2.0255,1.6035;-1.4116,-2.2388,1.7236;0.0251,-1.5809,2.5313;0.1762,-2.9745,1.4485;-0.7940,-1.6261,-1.4050;-1.8517,-1.8609,-1.2546;-0.7135,-0.9404,-2.2531;-0.2759,-2.5538,-1.6660;-1.0899,0.8838,0.5416;-2.5879,0.5640,0.7125;-3.1566,1.4765,0.9251;-2.7608,-0.1314,1.5411;-3.0109,0.1162,-0.1934;-0.8892,1.8594,-0.6355;-1.2581,1.4381,-1.5771;0.1680,2.1118,-0.7729;-1.4303,2.7961,-0.4590;-0.5294,1.5060,1.8371;-0.6663,0.8405,2.6965;0.5417,1.7210,1.7492;-1.0390,2.4488,2.0665;</g>
	</geometry>
	<conformers/>
	<properties/>
</molecule>
