<?xml version="1.0" ?>
<!--MOLLI PACKAGE EXPERIMENTAL XML FORMAT-->
<molecule name="react_643_c2_frag_0">
	<atoms>
		<a id="1" s="H" t="H" l="H"/>
		<a id="2" s="C" t="C.3" l="C"/>
		<a id="3" s="O" t="O.3" l="O"/>
		<a id="4" s="H" t="H" l="H"/>
		<a id="5" s="C" t="C.3" l="C"/>
		<a id="6" s="H" t="H" l="H"/>
		<a id="7" s="H" t="H" l="H"/>
		<a id="8" s="H" t="H" l="H"/>
		<a id="9" s="C" t="C.3" l="C"/>
		<a id="10" s="H" t="H" l="H"/>
		<a id="11" s="H" t="H" l="H"/>
		<a id="12" s="H" t="H" l="H"/>
	</atoms>
	<bonds>
		<b id="1" c="1 2" t="1"/>
		<b id="2" c="3 4" t="1"/>
		<b id="3" c="3 2" t="1"/>
		<b id="4" c="6 5" t="1"/>
		<b id="5" c="7 5" t="1"/>
		<b id="6" c="5 8" t="1"/>
		<b id="7" c="5 2" t="1"/>
		<b id="8" c="2 9" t="1"/>
		<b id="9" c="10 9" t="1"/>
		<b id="10" c="11 9" t="1"/>
		<b id="11" c="9 12" t="1"/>
	</bonds>
	<geometry>
		<g u="A" t="cart/3d">#12,3:-0.0560,0.2539,-1.5702;-0.0599,0.2898,-0.4759;-0.3299,1.6352,-0.0943;-0.3350,1.6755,0.8774;-1.1619,-0.6127,0.0577;-1.0024,-1.6533,-0.2404;-2.1373,-0.2863,-0.3187;-1.2152,-0.5655,1.1510;1.3088,-0.1147,0.0501;2.0795,0.5635,-0.3316;1.5631,-1.1362,-0.2483;1.3462,-0.0493,1.1432;</g>
	</geometry>
	<conformers/>
	<properties/>
</molecule>
