<?xml version="1.0" ?>
<!--MOLLI PACKAGE EXPERIMENTAL XML FORMAT-->
<molecule name="react_644_c1_frag_0">
	<atoms>
		<a id="1" s="H" t="H" l="H"/>
		<a id="2" s="C" t="C.3" l="C"/>
		<a id="3" s="H" t="H" l="H"/>
		<a id="4" s="H" t="H" l="H"/>
		<a id="5" s="O" t="O.3" l="O"/>
		<a id="6" s="H" t="H" l="H"/>
	</atoms>
	<bonds>
		<b id="1" c="1 2" t="1"/>
		<b id="2" c="3 2" t="1"/>
		<b id="3" c="4 2" t="1"/>
		<b id="4" c="2 5" t="1"/>
		<b id="5" c="5 6" t="1"/>
	</bonds>
	<geometry>
		<g u="A" t="cart/3d">#6,3:-0.5577,-0.5599,-0.8943;-0.3703,-0.0024,0.0266;-0.5143,1.0670,-0.1464;-1.0622,-0.3402,0.8017;0.9569,-0.2370,0.4601;1.5476,0.0725,-0.2476;</g>
	</geometry>
	<conformers/>
	<properties/>
</molecule>
