<?xml version="1.0" ?>
<!--MOLLI PACKAGE EXPERIMENTAL XML FORMAT-->
<molecule name="react_655_c1_frag_0">
	<atoms>
		<a id="1" s="H" t="H" l="H"/>
		<a id="2" s="C" t="C.3" l="C"/>
		<a id="3" s="H" t="H" l="H"/>
		<a id="4" s="H" t="H" l="H"/>
		<a id="5" s="O" t="O.3" l="O"/>
		<a id="6" s="H" t="H" l="H"/>
	</atoms>
	<bonds>
		<b id="1" c="1 2" t="1"/>
		<b id="2" c="3 2" t="1"/>
		<b id="3" c="4 2" t="1"/>
		<b id="4" c="2 5" t="1"/>
		<b id="5" c="5 6" t="1"/>
	</bonds>
	<geometry>
		<g u="A" t="cart/3d">#6,3:-0.5848,-0.5786,0.8646;-0.3696,0.0306,-0.0167;-1.0489,0.8859,-0.0404;-0.5027,-0.5629,-0.9245;0.9634,0.5029,0.0486;1.5426,-0.2779,0.0684;</g>
	</geometry>
	<conformers/>
	<properties/>
</molecule>
