<?xml version="1.0" ?>
<!--MOLLI PACKAGE EXPERIMENTAL XML FORMAT-->
<molecule name="react_655_c2_frag_0">
	<atoms>
		<a id="1" s="H" t="H" l="H"/>
		<a id="2" s="C" t="C.3" l="C"/>
		<a id="3" s="H" t="H" l="H"/>
		<a id="4" s="H" t="H" l="H"/>
		<a id="5" s="C" t="C.3" l="C"/>
		<a id="6" s="H" t="H" l="H"/>
		<a id="7" s="H" t="H" l="H"/>
		<a id="8" s="C" t="C.3" l="C"/>
		<a id="9" s="H" t="H" l="H"/>
		<a id="10" s="H" t="H" l="H"/>
		<a id="11" s="C" t="C.3" l="C"/>
		<a id="12" s="H" t="H" l="H"/>
		<a id="13" s="H" t="H" l="H"/>
		<a id="14" s="C" t="C.3" l="C"/>
		<a id="15" s="H" t="H" l="H"/>
		<a id="16" s="H" t="H" l="H"/>
		<a id="17" s="C" t="C.3" l="C"/>
		<a id="18" s="H" t="H" l="H"/>
		<a id="19" s="H" t="H" l="H"/>
		<a id="20" s="C" t="C.3" l="C"/>
		<a id="21" s="H" t="H" l="H"/>
		<a id="22" s="H" t="H" l="H"/>
		<a id="23" s="H" t="H" l="H"/>
	</atoms>
	<bonds>
		<b id="1" c="1 2" t="1"/>
		<b id="2" c="3 2" t="1"/>
		<b id="3" c="4 2" t="1"/>
		<b id="4" c="2 5" t="1"/>
		<b id="5" c="6 5" t="1"/>
		<b id="6" c="7 5" t="1"/>
		<b id="7" c="5 8" t="1"/>
		<b id="8" c="9 8" t="1"/>
		<b id="9" c="10 8" t="1"/>
		<b id="10" c="8 11" t="1"/>
		<b id="11" c="12 11" t="1"/>
		<b id="12" c="13 11" t="1"/>
		<b id="13" c="11 14" t="1"/>
		<b id="14" c="15 14" t="1"/>
		<b id="15" c="16 14" t="1"/>
		<b id="16" c="14 17" t="1"/>
		<b id="17" c="18 17" t="1"/>
		<b id="18" c="19 17" t="1"/>
		<b id="19" c="17 20" t="1"/>
		<b id="20" c="21 20" t="1"/>
		<b id="21" c="22 20" t="1"/>
		<b id="22" c="20 23" t="1"/>
	</bonds>
	<geometry>
		<g u="A" t="cart/3d">#23,3:-3.6748,-0.9152,-0.0401;-2.9143,-0.1320,0.0424;-3.3693,0.8152,-0.2639;-2.6310,-0.0557,1.0962;-1.7186,-0.4718,-0.8335;-1.2721,-1.4127,-0.4943;-2.0760,-0.6505,-1.8550;-0.6627,0.6352,-0.8818;0.1226,0.3391,-1.5871;-1.1190,1.5397,-1.3038;-0.0276,1.0027,0.4632;0.7026,1.8032,0.2937;-0.7920,1.4393,1.1173;0.6494,-0.1494,1.2127;1.0697,0.2486,2.1451;-0.1077,-0.8826,1.5147;1.7557,-0.8772,0.4455;2.1404,-1.6845,1.0806;1.3484,-1.3576,-0.4507;2.9173,0.0235,0.0556;3.3322,0.5312,0.9320;3.7157,-0.5700,-0.4013;2.6110,0.7814,-0.6713;</g>
	</geometry>
	<conformers/>
	<properties/>
</molecule>
