<?xml version="1.0" ?>
<!--MOLLI PACKAGE EXPERIMENTAL XML FORMAT-->
<molecule name="react_658_c2_frag_0">
	<atoms>
		<a id="1" s="H" t="H" l="H"/>
		<a id="2" s="C" t="C.3" l="C"/>
		<a id="3" s="H" t="H" l="H"/>
		<a id="4" s="H" t="H" l="H"/>
		<a id="5" s="C" t="C.3" l="C"/>
		<a id="6" s="H" t="H" l="H"/>
		<a id="7" s="H" t="H" l="H"/>
		<a id="8" s="C" t="C.3" l="C"/>
		<a id="9" s="H" t="H" l="H"/>
		<a id="10" s="H" t="H" l="H"/>
		<a id="11" s="C" t="C.3" l="C"/>
		<a id="12" s="C" t="C.3" l="C"/>
		<a id="13" s="H" t="H" l="H"/>
		<a id="14" s="H" t="H" l="H"/>
		<a id="15" s="H" t="H" l="H"/>
		<a id="16" s="O" t="O.3" l="O"/>
		<a id="17" s="C" t="C.3" l="C"/>
		<a id="18" s="H" t="H" l="H"/>
		<a id="19" s="H" t="H" l="H"/>
		<a id="20" s="C" t="C.3" l="C"/>
		<a id="21" s="H" t="H" l="H"/>
		<a id="22" s="H" t="H" l="H"/>
		<a id="23" s="O" t="O.3" l="O"/>
	</atoms>
	<bonds>
		<b id="1" c="1 2" t="1"/>
		<b id="2" c="3 2" t="1"/>
		<b id="3" c="4 2" t="1"/>
		<b id="4" c="2 5" t="1"/>
		<b id="5" c="6 5" t="1"/>
		<b id="6" c="7 5" t="1"/>
		<b id="7" c="5 8" t="1"/>
		<b id="8" c="9 8" t="1"/>
		<b id="9" c="10 8" t="1"/>
		<b id="10" c="8 11" t="1"/>
		<b id="11" c="13 12" t="1"/>
		<b id="12" c="14 12" t="1"/>
		<b id="13" c="12 15" t="1"/>
		<b id="14" c="12 11" t="1"/>
		<b id="15" c="11 16" t="1"/>
		<b id="16" c="16 17" t="1"/>
		<b id="17" c="18 17" t="1"/>
		<b id="18" c="19 17" t="1"/>
		<b id="19" c="17 20" t="1"/>
		<b id="20" c="21 20" t="1"/>
		<b id="21" c="22 20" t="1"/>
		<b id="22" c="20 23" t="1"/>
		<b id="23" c="23 11" t="1"/>
	</bonds>
	<geometry>
		<g u="A" t="cart/3d">#23,3:3.2673,-0.5337,-1.2749;3.0997,-0.5125,-0.1933;3.6265,-1.3640,0.2487;3.5429,0.4055,0.2057;1.6149,-0.5864,0.1301;1.2141,-1.5305,-0.2554;1.4927,-0.5980,1.2187;0.8528,0.5993,-0.4724;1.2640,1.5243,-0.0488;1.0372,0.6158,-1.5541;-0.6620,0.5515,-0.2189;-1.3397,1.7725,-0.8413;-0.9545,2.7028,-0.4105;-1.2004,1.7932,-1.9272;-2.4194,1.7560,-0.6542;-1.2172,-0.6347,-0.8090;-2.1715,-1.0952,0.1460;-2.3236,-2.1733,0.0530;-3.1210,-0.5812,-0.0381;-1.5668,-0.6906,1.4625;-2.3035,-0.5881,2.2632;-0.7924,-1.3964,1.7797;-0.9401,0.5638,1.1907;</g>
	</geometry>
	<conformers/>
	<properties/>
</molecule>
