<?xml version="1.0" ?>
<!--MOLLI PACKAGE EXPERIMENTAL XML FORMAT-->
<molecule name="react_685_c2_frag_0">
	<atoms>
		<a id="1" s="H" t="H" l="H"/>
		<a id="2" s="C" t="C.3" l="C"/>
		<a id="3" s="H" t="H" l="H"/>
		<a id="4" s="H" t="H" l="H"/>
		<a id="5" s="C" t="C.3" l="C"/>
		<a id="6" s="H" t="H" l="H"/>
		<a id="7" s="H" t="H" l="H"/>
		<a id="8" s="C" t="C.3" l="C"/>
		<a id="9" s="C" t="C.3" l="C"/>
		<a id="10" s="H" t="H" l="H"/>
		<a id="11" s="H" t="H" l="H"/>
		<a id="12" s="C" t="C.3" l="C"/>
		<a id="13" s="H" t="H" l="H"/>
		<a id="14" s="H" t="H" l="H"/>
		<a id="15" s="H" t="H" l="H"/>
		<a id="16" s="O" t="O.3" l="O"/>
		<a id="17" s="C" t="C.3" l="C"/>
		<a id="18" s="H" t="H" l="H"/>
		<a id="19" s="H" t="H" l="H"/>
		<a id="20" s="C" t="C.3" l="C"/>
		<a id="21" s="C" t="C.3" l="C"/>
		<a id="22" s="H" t="H" l="H"/>
		<a id="23" s="H" t="H" l="H"/>
		<a id="24" s="H" t="H" l="H"/>
		<a id="25" s="C" t="C.3" l="C"/>
		<a id="26" s="H" t="H" l="H"/>
		<a id="27" s="H" t="H" l="H"/>
		<a id="28" s="H" t="H" l="H"/>
		<a id="29" s="C" t="C.3" l="C"/>
		<a id="30" s="H" t="H" l="H"/>
		<a id="31" s="H" t="H" l="H"/>
		<a id="32" s="O" t="O.3" l="O"/>
	</atoms>
	<bonds>
		<b id="1" c="1 2" t="1"/>
		<b id="2" c="3 2" t="1"/>
		<b id="3" c="4 2" t="1"/>
		<b id="4" c="2 5" t="1"/>
		<b id="5" c="6 5" t="1"/>
		<b id="6" c="7 5" t="1"/>
		<b id="7" c="5 8" t="1"/>
		<b id="8" c="10 9" t="1"/>
		<b id="9" c="11 9" t="1"/>
		<b id="10" c="9 12" t="1"/>
		<b id="11" c="13 12" t="1"/>
		<b id="12" c="14 12" t="1"/>
		<b id="13" c="12 15" t="1"/>
		<b id="14" c="9 8" t="1"/>
		<b id="15" c="8 16" t="1"/>
		<b id="16" c="16 17" t="1"/>
		<b id="17" c="18 17" t="1"/>
		<b id="18" c="19 17" t="1"/>
		<b id="19" c="17 20" t="1"/>
		<b id="20" c="22 21" t="1"/>
		<b id="21" c="23 21" t="1"/>
		<b id="22" c="21 24" t="1"/>
		<b id="23" c="21 20" t="1"/>
		<b id="24" c="26 25" t="1"/>
		<b id="25" c="27 25" t="1"/>
		<b id="26" c="25 28" t="1"/>
		<b id="27" c="25 20" t="1"/>
		<b id="28" c="20 29" t="1"/>
		<b id="29" c="30 29" t="1"/>
		<b id="30" c="31 29" t="1"/>
		<b id="31" c="29 32" t="1"/>
		<b id="32" c="32 8" t="1"/>
	</bonds>
	<geometry>
		<g u="A" t="cart/3d">#32,3:-2.2121,-0.9126,2.1695;-2.5404,-1.5213,1.3216;-2.7310,-2.5345,1.6908;-3.4913,-1.1260,0.9535;-1.4860,-1.5616,0.2216;-0.6347,-2.1196,0.6279;-1.8588,-2.1538,-0.6233;-1.0023,-0.1776,-0.2816;-2.2056,0.6377,-0.8119;-2.9136,0.8420,-0.0010;-2.7285,0.0501,-1.5768;-1.8450,1.9818,-1.4356;-1.1111,1.8720,-2.2393;-2.7407,2.4452,-1.8626;-1.4475,2.6719,-0.6859;-0.4162,0.5116,0.8281;0.8202,1.1375,0.5048;1.1723,1.6601,1.4015;0.6570,1.9061,-0.2585;1.8464,0.0968,0.0418;3.0535,0.8190,-0.5775;3.5178,1.5026,0.1423;2.7553,1.4081,-1.4522;3.8190,0.1052,-0.9019;2.3385,-0.7346,1.2400;2.8234,-0.0991,1.9897;1.5110,-1.2553,1.7341;3.0666,-1.4901,0.9235;1.1883,-0.8373,-0.9891;1.7912,-0.8993,-1.9023;1.0992,-1.8679,-0.6297;-0.0951,-0.3570,-1.3796;</g>
	</geometry>
	<conformers/>
	<properties/>
</molecule>
