<?xml version="1.0" ?>
<!--MOLLI PACKAGE EXPERIMENTAL XML FORMAT-->
<molecule name="react_55_c1_frag_0">
	<atoms>
		<a id="1" s="H" t="H" l="H"/>
		<a id="2" s="C" t="C.3" l="C"/>
		<a id="3" s="H" t="H" l="H"/>
		<a id="4" s="H" t="H" l="H"/>
		<a id="5" s="O" t="O.3" l="O"/>
		<a id="6" s="Si" t="Si" l="SI"/>
		<a id="7" s="C" t="C.3" l="C"/>
		<a id="8" s="H" t="H" l="H"/>
		<a id="9" s="H" t="H" l="H"/>
		<a id="10" s="H" t="H" l="H"/>
		<a id="11" s="C" t="C.3" l="C"/>
		<a id="12" s="H" t="H" l="H"/>
		<a id="13" s="H" t="H" l="H"/>
		<a id="14" s="H" t="H" l="H"/>
		<a id="15" s="C" t="C.3" l="C"/>
		<a id="16" s="C" t="C.3" l="C"/>
		<a id="17" s="H" t="H" l="H"/>
		<a id="18" s="H" t="H" l="H"/>
		<a id="19" s="H" t="H" l="H"/>
		<a id="20" s="C" t="C.3" l="C"/>
		<a id="21" s="H" t="H" l="H"/>
		<a id="22" s="H" t="H" l="H"/>
		<a id="23" s="H" t="H" l="H"/>
		<a id="24" s="C" t="C.3" l="C"/>
		<a id="25" s="H" t="H" l="H"/>
		<a id="26" s="H" t="H" l="H"/>
		<a id="27" s="H" t="H" l="H"/>
	</atoms>
	<bonds>
		<b id="1" c="1 2" t="1"/>
		<b id="2" c="3 2" t="1"/>
		<b id="3" c="4 2" t="1"/>
		<b id="4" c="2 5" t="1"/>
		<b id="5" c="5 6" t="1"/>
		<b id="6" c="8 7" t="1"/>
		<b id="7" c="9 7" t="1"/>
		<b id="8" c="7 10" t="1"/>
		<b id="9" c="7 6" t="1"/>
		<b id="10" c="12 11" t="1"/>
		<b id="11" c="13 11" t="1"/>
		<b id="12" c="11 14" t="1"/>
		<b id="13" c="11 6" t="1"/>
		<b id="14" c="6 15" t="1"/>
		<b id="15" c="17 16" t="1"/>
		<b id="16" c="18 16" t="1"/>
		<b id="17" c="16 19" t="1"/>
		<b id="18" c="16 15" t="1"/>
		<b id="19" c="21 20" t="1"/>
		<b id="20" c="22 20" t="1"/>
		<b id="21" c="20 23" t="1"/>
		<b id="22" c="20 15" t="1"/>
		<b id="23" c="15 24" t="1"/>
		<b id="24" c="25 24" t="1"/>
		<b id="25" c="26 24" t="1"/>
		<b id="26" c="24 27" t="1"/>
	</bonds>
	<geometry>
		<g u="A" t="cart/3d">#27,3:3.1069,-0.3633,-1.5623;2.4189,-1.1721,-1.2926;1.6439,-1.2818,-2.0588;2.9925,-2.1035,-1.2584;1.8570,-0.9538,-0.0084;0.8313,0.3482,0.2440;1.0928,1.0891,1.9522;2.1124,1.4748,2.0460;0.9411,0.3356,2.7302;0.3986,1.9151,2.1302;0.9942,1.6951,-1.0535;0.3124,2.5236,-0.8408;2.0138,2.0916,-1.0667;0.7646,1.3111,-2.0514;-1.1303,-0.3419,0.1760;-2.0935,0.8325,0.4380;-1.9841,1.6201,-0.3155;-1.9220,1.2844,1.4211;-3.1351,0.4925,0.4098;-1.4007,-0.9455,-1.2169;-0.7341,-1.7895,-1.4258;-1.2625,-0.2049,-2.0122;-2.4303,-1.3151,-1.2858;-1.3090,-1.4256,1.2591;-0.6177,-2.2626,1.1084;-2.3277,-1.8293,1.2393;-1.1334,-1.0250,2.2636;</g>
	</geometry>
	<conformers/>
	<properties/>
</molecule>
