<?xml version="1.0" ?>
<!--MOLLI PACKAGE EXPERIMENTAL XML FORMAT-->
<molecule name="react_690_c2_frag_0">
	<atoms>
		<a id="1" s="H" t="H" l="H"/>
		<a id="2" s="C" t="C.3" l="C"/>
		<a id="3" s="H" t="H" l="H"/>
		<a id="4" s="H" t="H" l="H"/>
		<a id="5" s="C" t="C.3" l="C"/>
		<a id="6" s="H" t="H" l="H"/>
		<a id="7" s="H" t="H" l="H"/>
		<a id="8" s="C" t="C.3" l="C"/>
		<a id="9" s="H" t="H" l="H"/>
		<a id="10" s="H" t="H" l="H"/>
		<a id="11" s="C" t="C.3" l="C"/>
		<a id="12" s="H" t="H" l="H"/>
		<a id="13" s="H" t="H" l="H"/>
		<a id="14" s="C" t="C.3" l="C"/>
		<a id="15" s="H" t="H" l="H"/>
		<a id="16" s="H" t="H" l="H"/>
		<a id="17" s="C" t="C.3" l="C"/>
		<a id="18" s="H" t="H" l="H"/>
		<a id="19" s="H" t="H" l="H"/>
		<a id="20" s="C" t="C.3" l="C"/>
		<a id="21" s="H" t="H" l="H"/>
		<a id="22" s="H" t="H" l="H"/>
		<a id="23" s="C" t="C.3" l="C"/>
		<a id="24" s="H" t="H" l="H"/>
		<a id="25" s="H" t="H" l="H"/>
		<a id="26" s="C" t="C.3" l="C"/>
		<a id="27" s="H" t="H" l="H"/>
		<a id="28" s="H" t="H" l="H"/>
		<a id="29" s="C" t="C.3" l="C"/>
		<a id="30" s="H" t="H" l="H"/>
		<a id="31" s="H" t="H" l="H"/>
		<a id="32" s="C" t="C.3" l="C"/>
		<a id="33" s="H" t="H" l="H"/>
		<a id="34" s="H" t="H" l="H"/>
		<a id="35" s="C" t="C.3" l="C"/>
		<a id="36" s="H" t="H" l="H"/>
		<a id="37" s="H" t="H" l="H"/>
		<a id="38" s="H" t="H" l="H"/>
	</atoms>
	<bonds>
		<b id="1" c="1 2" t="1"/>
		<b id="2" c="3 2" t="1"/>
		<b id="3" c="4 2" t="1"/>
		<b id="4" c="2 5" t="1"/>
		<b id="5" c="6 5" t="1"/>
		<b id="6" c="7 5" t="1"/>
		<b id="7" c="5 8" t="1"/>
		<b id="8" c="9 8" t="1"/>
		<b id="9" c="10 8" t="1"/>
		<b id="10" c="8 11" t="1"/>
		<b id="11" c="12 11" t="1"/>
		<b id="12" c="13 11" t="1"/>
		<b id="13" c="11 14" t="1"/>
		<b id="14" c="15 14" t="1"/>
		<b id="15" c="16 14" t="1"/>
		<b id="16" c="14 17" t="1"/>
		<b id="17" c="18 17" t="1"/>
		<b id="18" c="19 17" t="1"/>
		<b id="19" c="17 20" t="1"/>
		<b id="20" c="21 20" t="1"/>
		<b id="21" c="22 20" t="1"/>
		<b id="22" c="20 23" t="1"/>
		<b id="23" c="24 23" t="1"/>
		<b id="24" c="25 23" t="1"/>
		<b id="25" c="23 26" t="1"/>
		<b id="26" c="27 26" t="1"/>
		<b id="27" c="28 26" t="1"/>
		<b id="28" c="26 29" t="1"/>
		<b id="29" c="30 29" t="1"/>
		<b id="30" c="31 29" t="1"/>
		<b id="31" c="29 32" t="1"/>
		<b id="32" c="33 32" t="1"/>
		<b id="33" c="34 32" t="1"/>
		<b id="34" c="32 35" t="1"/>
		<b id="35" c="36 35" t="1"/>
		<b id="36" c="37 35" t="1"/>
		<b id="37" c="35 38" t="1"/>
	</bonds>
	<geometry>
		<g u="A" t="cart/3d">#38,3:-4.8913,1.2686,-1.4750;-5.3051,1.0886,-0.4777;-5.6784,2.0406,-0.0876;-6.1549,0.4055,-0.5758;-4.2489,0.5152,0.4548;-3.4383,1.2449,0.5547;-4.6865,0.3734,1.4496;-3.7057,-0.8143,-0.0691;-3.2343,-0.6647,-1.0472;-4.5441,-1.5026,-0.2360;-2.7229,-1.4924,0.8904;-2.4191,-2.4516,0.4528;-3.2483,-1.7334,1.8230;-1.4666,-0.6883,1.2386;-1.7420,0.2257,1.7771;-0.8663,-1.2856,1.9366;-0.6113,-0.3358,0.0200;-1.1715,0.3225,-0.6535;-0.3730,-1.2487,-0.5389;0.6859,0.3629,0.4367;1.2463,-0.2950,1.1103;0.4475,1.2757,0.9959;1.5405,0.7163,-0.7822;1.8104,-0.1968,-1.3250;0.9415,1.3198,-1.4759;2.8009,1.5127,-0.4315;2.5014,2.4637,0.0270;3.3157,1.7785,-1.3625;3.7873,0.8160,0.5116;3.3268,0.7012,1.5000;4.6481,1.4807,0.6584;4.2944,-0.5511,0.0469;4.9756,-0.9433,0.8119;3.4654,-1.2638,-0.0217;5.0358,-0.5039,-1.2799;5.8608,0.2145,-1.2436;5.4544,-1.4887,-1.5114;4.3700,-0.2256,-2.1021;</g>
	</geometry>
	<conformers/>
	<properties/>
</molecule>
