<?xml version="1.0" ?>
<!--MOLLI PACKAGE EXPERIMENTAL XML FORMAT-->
<molecule name="react_704_c1_frag_0">
	<atoms>
		<a id="1" s="H" t="H" l="H"/>
		<a id="2" s="C" t="C.3" l="C"/>
		<a id="3" s="H" t="H" l="H"/>
		<a id="4" s="H" t="H" l="H"/>
		<a id="5" s="C" t="C.3" l="C"/>
		<a id="6" s="H" t="H" l="H"/>
		<a id="7" s="H" t="H" l="H"/>
		<a id="8" s="O" t="O.3" l="O"/>
		<a id="9" s="Si" t="Si" l="SI"/>
		<a id="10" s="C" t="C.3" l="C"/>
		<a id="11" s="H" t="H" l="H"/>
		<a id="12" s="H" t="H" l="H"/>
		<a id="13" s="H" t="H" l="H"/>
		<a id="14" s="C" t="C.3" l="C"/>
		<a id="15" s="H" t="H" l="H"/>
		<a id="16" s="H" t="H" l="H"/>
		<a id="17" s="H" t="H" l="H"/>
		<a id="18" s="C" t="C.3" l="C"/>
		<a id="19" s="C" t="C.3" l="C"/>
		<a id="20" s="H" t="H" l="H"/>
		<a id="21" s="H" t="H" l="H"/>
		<a id="22" s="H" t="H" l="H"/>
		<a id="23" s="C" t="C.3" l="C"/>
		<a id="24" s="H" t="H" l="H"/>
		<a id="25" s="H" t="H" l="H"/>
		<a id="26" s="H" t="H" l="H"/>
		<a id="27" s="C" t="C.3" l="C"/>
		<a id="28" s="H" t="H" l="H"/>
		<a id="29" s="H" t="H" l="H"/>
		<a id="30" s="H" t="H" l="H"/>
	</atoms>
	<bonds>
		<b id="1" c="1 2" t="1"/>
		<b id="2" c="3 2" t="1"/>
		<b id="3" c="4 2" t="1"/>
		<b id="4" c="2 5" t="1"/>
		<b id="5" c="6 5" t="1"/>
		<b id="6" c="7 5" t="1"/>
		<b id="7" c="5 8" t="1"/>
		<b id="8" c="8 9" t="1"/>
		<b id="9" c="11 10" t="1"/>
		<b id="10" c="12 10" t="1"/>
		<b id="11" c="10 13" t="1"/>
		<b id="12" c="10 9" t="1"/>
		<b id="13" c="15 14" t="1"/>
		<b id="14" c="16 14" t="1"/>
		<b id="15" c="14 17" t="1"/>
		<b id="16" c="14 9" t="1"/>
		<b id="17" c="9 18" t="1"/>
		<b id="18" c="20 19" t="1"/>
		<b id="19" c="21 19" t="1"/>
		<b id="20" c="19 22" t="1"/>
		<b id="21" c="19 18" t="1"/>
		<b id="22" c="24 23" t="1"/>
		<b id="23" c="25 23" t="1"/>
		<b id="24" c="23 26" t="1"/>
		<b id="25" c="23 18" t="1"/>
		<b id="26" c="18 27" t="1"/>
		<b id="27" c="28 27" t="1"/>
		<b id="28" c="29 27" t="1"/>
		<b id="29" c="27 30" t="1"/>
	</bonds>
	<geometry>
		<g u="A" t="cart/3d">#30,3:4.2587,1.1970,1.2277;3.4153,1.4664,0.5858;3.8019,1.8329,-0.3709;2.8697,2.2957,1.0483;2.4969,0.2771,0.3712;3.0610,-0.5349,-0.1031;2.1187,-0.0661,1.3415;1.4277,0.6878,-0.4734;0.1611,-0.3630,-0.7946;-0.4459,-0.1636,-2.5628;-0.7544,0.8680,-2.7540;-1.2967,-0.8217,-2.7603;0.3514,-0.4166,-3.2680;0.5808,-2.1644,-0.4762;1.4216,-2.4773,-1.1025;0.8560,-2.3265,0.5698;-0.2718,-2.8088,-0.7090;-1.4282,0.1329,0.4526;-0.9823,-0.0278,1.9199;-1.8020,0.2217,2.6035;-0.6726,-1.0557,2.1380;-0.1421,0.6332,2.1597;-2.6187,-0.8004,0.1575;-2.9552,-0.7103,-0.8811;-3.4711,-0.5560,0.8017;-2.3621,-1.8504,0.3357;-1.8251,1.5993,0.1849;-0.9869,2.2820,0.3650;-2.1577,1.7452,-0.8487;-2.6480,1.9044,0.8415;</g>
	</geometry>
	<conformers/>
	<properties/>
</molecule>
