<?xml version="1.0" ?>
<!--MOLLI PACKAGE EXPERIMENTAL XML FORMAT-->
<molecule name="react_768_c1_frag_0">
	<atoms>
		<a id="1" s="H" t="H" l="H"/>
		<a id="2" s="C" t="C.1" l="C"/>
		<a id="3" s="C" t="C.1" l="C"/>
		<a id="4" s="H" t="H" l="H"/>
	</atoms>
	<bonds>
		<b id="1" c="1 2" t="1"/>
		<b id="2" c="2 3" t="3"/>
		<b id="3" c="3 4" t="1"/>
	</bonds>
	<geometry>
		<g u="A" t="cart/3d">#4,3:-1.6659,-0.1645,0.0078;-0.6001,-0.1734,0.0028;0.6001,-0.1834,-0.0028;1.6659,-0.1923,-0.0078;</g>
	</geometry>
	<conformers/>
	<properties/>
</molecule>
