<?xml version="1.0" ?>
<!--MOLLI PACKAGE EXPERIMENTAL XML FORMAT-->
<molecule name="react_770_c1_frag_0">
	<atoms>
		<a id="1" s="H" t="H" l="H"/>
		<a id="2" s="C" t="C.1" l="C"/>
		<a id="3" s="C" t="C.1" l="C"/>
		<a id="4" s="H" t="H" l="H"/>
	</atoms>
	<bonds>
		<b id="1" c="1 2" t="1"/>
		<b id="2" c="2 3" t="3"/>
		<b id="3" c="3 4" t="1"/>
	</bonds>
	<geometry>
		<g u="A" t="cart/3d">#4,3:1.6133,0.0003,0.5363;0.5812,0.0001,0.2704;-0.5812,-0.0001,-0.0290;-1.6133,-0.0003,-0.2949;</g>
	</geometry>
	<conformers/>
	<properties/>
</molecule>
