<?xml version="1.0" ?>
<!--MOLLI PACKAGE EXPERIMENTAL XML FORMAT-->
<molecule name="react_770_c2_frag_0">
	<atoms>
		<a id="1" s="H" t="H" l="H"/>
		<a id="2" s="C" t="C.3" l="C"/>
		<a id="3" s="H" t="H" l="H"/>
		<a id="4" s="H" t="H" l="H"/>
		<a id="5" s="O" t="O.3" l="O"/>
		<a id="6" s="Si" t="Si" l="SI"/>
		<a id="7" s="C" t="C.3" l="C"/>
		<a id="8" s="H" t="H" l="H"/>
		<a id="9" s="H" t="H" l="H"/>
		<a id="10" s="H" t="H" l="H"/>
		<a id="11" s="C" t="C.3" l="C"/>
		<a id="12" s="H" t="H" l="H"/>
		<a id="13" s="H" t="H" l="H"/>
		<a id="14" s="H" t="H" l="H"/>
		<a id="15" s="C" t="C.3" l="C"/>
		<a id="16" s="C" t="C.3" l="C"/>
		<a id="17" s="H" t="H" l="H"/>
		<a id="18" s="H" t="H" l="H"/>
		<a id="19" s="H" t="H" l="H"/>
		<a id="20" s="C" t="C.3" l="C"/>
		<a id="21" s="H" t="H" l="H"/>
		<a id="22" s="H" t="H" l="H"/>
		<a id="23" s="H" t="H" l="H"/>
		<a id="24" s="C" t="C.3" l="C"/>
		<a id="25" s="H" t="H" l="H"/>
		<a id="26" s="C" t="C.3" l="C"/>
		<a id="27" s="H" t="H" l="H"/>
		<a id="28" s="H" t="H" l="H"/>
		<a id="29" s="H" t="H" l="H"/>
		<a id="30" s="C" t="C.3" l="C"/>
		<a id="31" s="H" t="H" l="H"/>
		<a id="32" s="H" t="H" l="H"/>
		<a id="33" s="H" t="H" l="H"/>
	</atoms>
	<bonds>
		<b id="1" c="1 2" t="1"/>
		<b id="2" c="3 2" t="1"/>
		<b id="3" c="4 2" t="1"/>
		<b id="4" c="2 5" t="1"/>
		<b id="5" c="5 6" t="1"/>
		<b id="6" c="8 7" t="1"/>
		<b id="7" c="9 7" t="1"/>
		<b id="8" c="7 10" t="1"/>
		<b id="9" c="7 6" t="1"/>
		<b id="10" c="12 11" t="1"/>
		<b id="11" c="13 11" t="1"/>
		<b id="12" c="11 14" t="1"/>
		<b id="13" c="11 6" t="1"/>
		<b id="14" c="6 15" t="1"/>
		<b id="15" c="17 16" t="1"/>
		<b id="16" c="18 16" t="1"/>
		<b id="17" c="16 19" t="1"/>
		<b id="18" c="16 15" t="1"/>
		<b id="19" c="21 20" t="1"/>
		<b id="20" c="22 20" t="1"/>
		<b id="21" c="20 23" t="1"/>
		<b id="22" c="20 15" t="1"/>
		<b id="23" c="15 24" t="1"/>
		<b id="24" c="25 24" t="1"/>
		<b id="25" c="27 26" t="1"/>
		<b id="26" c="28 26" t="1"/>
		<b id="27" c="26 29" t="1"/>
		<b id="28" c="26 24" t="1"/>
		<b id="29" c="24 30" t="1"/>
		<b id="30" c="31 30" t="1"/>
		<b id="31" c="32 30" t="1"/>
		<b id="32" c="30 33" t="1"/>
	</bonds>
	<geometry>
		<g u="A" t="cart/3d">#33,3:2.8973,2.1413,1.3866;2.5793,2.4191,0.3757;3.3719,2.1948,-0.3466;2.4077,3.4999,0.3622;1.3640,1.7763,0.0238;1.3162,0.1022,-0.0482;2.3884,-0.5665,-1.4374;2.3676,-1.6596,-1.4596;2.0468,-0.1933,-2.4070;3.4281,-0.2547,-1.3003;1.7644,-0.7123,1.5792;1.1651,-0.3053,2.3985;1.5989,-1.7925,1.5345;2.8189,-0.5410,1.8155;-0.7064,-0.4778,-0.4887;-0.6502,-1.9966,-0.7991;-0.3600,-2.5747,0.0849;-1.6225,-2.3659,-1.1422;0.0639,-2.2241,-1.5974;-1.1181,0.2923,-1.7647;-1.0311,1.3763,-1.6378;-0.4864,0.0174,-2.6172;-2.1528,0.0661,-2.0421;-1.6196,-0.1680,0.7608;-1.1294,-0.5741,1.6547;-1.8608,1.3273,1.0171;-0.9301,1.8790,1.1597;-2.4499,1.4659,1.9312;-2.4187,1.7942,0.1991;-2.9934,-0.8540,0.6763;-3.6136,-0.5877,1.5398;-3.5369,-0.5599,-0.2269;-2.8985,-1.9439,0.6848;</g>
	</geometry>
	<conformers/>
	<properties/>
</molecule>
