<?xml version="1.0" ?>
<!--MOLLI PACKAGE EXPERIMENTAL XML FORMAT-->
<molecule name="react_52_c1_frag_0">
	<atoms>
		<a id="1" s="H" t="H" l="H"/>
		<a id="2" s="C" t="C.ar" l="C"/>
		<a id="3" s="C" t="C.ar" l="C"/>
		<a id="4" s="H" t="H" l="H"/>
		<a id="5" s="C" t="C.ar" l="C"/>
		<a id="6" s="H" t="H" l="H"/>
		<a id="7" s="C" t="C.ar" l="C"/>
		<a id="8" s="H" t="H" l="H"/>
		<a id="9" s="C" t="C.ar" l="C"/>
		<a id="10" s="O" t="O.3" l="O"/>
		<a id="11" s="C" t="C.3" l="C"/>
		<a id="12" s="H" t="H" l="H"/>
		<a id="13" s="H" t="H" l="H"/>
		<a id="14" s="C" t="C.3" l="C"/>
		<a id="15" s="H" t="H" l="H"/>
		<a id="16" s="H" t="H" l="H"/>
		<a id="17" s="C" t="C.3" l="C"/>
		<a id="18" s="H" t="H" l="H"/>
		<a id="19" s="H" t="H" l="H"/>
		<a id="20" s="C" t="C.3" l="C"/>
		<a id="21" s="H" t="H" l="H"/>
		<a id="22" s="H" t="H" l="H"/>
		<a id="23" s="C" t="C.3" l="C"/>
		<a id="24" s="H" t="H" l="H"/>
		<a id="25" s="H" t="H" l="H"/>
		<a id="26" s="C" t="C.3" l="C"/>
		<a id="27" s="H" t="H" l="H"/>
		<a id="28" s="H" t="H" l="H"/>
		<a id="29" s="O" t="O.3" l="O"/>
		<a id="30" s="C" t="C.ar" l="C"/>
		<a id="31" s="C" t="C.ar" l="C"/>
		<a id="32" s="H" t="H" l="H"/>
		<a id="33" s="C" t="C.ar" l="C"/>
		<a id="34" s="C" t="C.ar" l="C"/>
		<a id="35" s="H" t="H" l="H"/>
		<a id="36" s="C" t="C.ar" l="C"/>
		<a id="37" s="H" t="H" l="H"/>
		<a id="38" s="C" t="C.ar" l="C"/>
		<a id="39" s="H" t="H" l="H"/>
		<a id="40" s="C" t="C.ar" l="C"/>
		<a id="41" s="H" t="H" l="H"/>
		<a id="42" s="H" t="H" l="H"/>
	</atoms>
	<bonds>
		<b id="1" c="1 2" t="1"/>
		<b id="2" c="2 3" t="ar"/>
		<b id="3" c="4 3" t="1"/>
		<b id="4" c="3 5" t="ar"/>
		<b id="5" c="6 5" t="1"/>
		<b id="6" c="5 7" t="ar"/>
		<b id="7" c="8 7" t="1"/>
		<b id="8" c="7 9" t="ar"/>
		<b id="9" c="10 11" t="1"/>
		<b id="10" c="12 11" t="1"/>
		<b id="11" c="13 11" t="1"/>
		<b id="12" c="11 14" t="1"/>
		<b id="13" c="15 14" t="1"/>
		<b id="14" c="16 14" t="1"/>
		<b id="15" c="14 17" t="1"/>
		<b id="16" c="18 17" t="1"/>
		<b id="17" c="19 17" t="1"/>
		<b id="18" c="17 20" t="1"/>
		<b id="19" c="21 20" t="1"/>
		<b id="20" c="22 20" t="1"/>
		<b id="21" c="20 23" t="1"/>
		<b id="22" c="24 23" t="1"/>
		<b id="23" c="25 23" t="1"/>
		<b id="24" c="23 26" t="1"/>
		<b id="25" c="27 26" t="1"/>
		<b id="26" c="28 26" t="1"/>
		<b id="27" c="26 29" t="1"/>
		<b id="28" c="29 30" t="1"/>
		<b id="29" c="30 31" t="ar"/>
		<b id="30" c="32 31" t="1"/>
		<b id="31" c="31 33" t="ar"/>
		<b id="32" c="33 34" t="ar"/>
		<b id="33" c="35 34" t="1"/>
		<b id="34" c="34 36" t="ar"/>
		<b id="35" c="37 36" t="1"/>
		<b id="36" c="36 38" t="ar"/>
		<b id="37" c="38 39" t="1"/>
		<b id="38" c="10 9" t="1"/>
		<b id="39" c="9 40" t="ar"/>
		<b id="40" c="40 41" t="1"/>
		<b id="41" c="40 2" t="ar"/>
		<b id="42" c="38 30" t="ar"/>
		<b id="43" c="33 42" t="1"/>
	</bonds>
	<geometry>
		<g u="A" t="cart/3d">#42,3:-5.6638,0.0971,3.7435;-5.4153,0.2928,2.7040;-6.4242,0.5347,1.7759;-7.4650,0.5286,2.0881;-6.0944,0.7832,0.4448;-6.8811,0.9699,-0.2818;-4.7555,0.7918,0.0385;-4.5466,0.9834,-1.0077;-3.7398,0.5527,0.9639;-2.3976,0.5268,0.7113;-1.9322,0.8211,-0.6044;-0.9102,1.2009,-0.4951;-2.4915,1.6432,-1.0656;-1.9154,-0.4225,-1.4959;-2.9455,-0.7481,-1.6815;-1.4969,-0.1588,-2.4735;-1.1628,-1.6205,-0.9037;-1.6782,-1.9563,0.0045;-1.2273,-2.4541,-1.6144;0.3099,-1.3740,-0.5619;0.7133,-2.2933,-0.1189;0.3893,-0.6017,0.2112;1.1591,-0.9970,-1.7802;1.0470,-1.7611,-2.5579;0.8050,-0.0449,-2.1911;2.6403,-0.8566,-1.4269;3.2007,-0.6565,-2.3480;2.9989,-1.7867,-0.9696;2.7920,0.2366,-0.5228;4.0553,0.5042,-0.0735;4.1366,1.5535,0.8459;3.2321,2.0773,1.1452;5.3665,1.9341,1.3852;6.5270,1.2647,1.0053;7.4864,1.5579,1.4232;6.4543,0.2178,0.0879;7.3598,-0.3050,-0.2096;5.2213,-0.1628,-0.4518;5.2077,-0.9808,-1.1636;-4.0802,0.3016,2.2965;-3.2948,0.1116,3.0241;5.4157,2.7508,2.1002;</g>
	</geometry>
	<conformers/>
	<properties/>
</molecule>
