<?xml version="1.0" ?>
<!--MOLLI PACKAGE EXPERIMENTAL XML FORMAT-->
<molecule name="react_52_c2_frag_0">
	<atoms>
		<a id="1" s="H" t="H" l="H"/>
		<a id="2" s="C" t="C.ar" l="C"/>
		<a id="3" s="C" t="C.ar" l="C"/>
		<a id="4" s="H" t="H" l="H"/>
		<a id="5" s="C" t="C.ar" l="C"/>
		<a id="6" s="H" t="H" l="H"/>
		<a id="7" s="C" t="C.ar" l="C"/>
		<a id="8" s="H" t="H" l="H"/>
		<a id="9" s="C" t="C.ar" l="C"/>
		<a id="10" s="O" t="O.3" l="O"/>
		<a id="11" s="C" t="C.3" l="C"/>
		<a id="12" s="H" t="H" l="H"/>
		<a id="13" s="H" t="H" l="H"/>
		<a id="14" s="C" t="C.3" l="C"/>
		<a id="15" s="H" t="H" l="H"/>
		<a id="16" s="H" t="H" l="H"/>
		<a id="17" s="C" t="C.3" l="C"/>
		<a id="18" s="H" t="H" l="H"/>
		<a id="19" s="H" t="H" l="H"/>
		<a id="20" s="C" t="C.3" l="C"/>
		<a id="21" s="H" t="H" l="H"/>
		<a id="22" s="H" t="H" l="H"/>
		<a id="23" s="C" t="C.3" l="C"/>
		<a id="24" s="H" t="H" l="H"/>
		<a id="25" s="H" t="H" l="H"/>
		<a id="26" s="C" t="C.3" l="C"/>
		<a id="27" s="H" t="H" l="H"/>
		<a id="28" s="H" t="H" l="H"/>
		<a id="29" s="O" t="O.3" l="O"/>
		<a id="30" s="C" t="C.ar" l="C"/>
		<a id="31" s="C" t="C.ar" l="C"/>
		<a id="32" s="H" t="H" l="H"/>
		<a id="33" s="C" t="C.ar" l="C"/>
		<a id="34" s="C" t="C.ar" l="C"/>
		<a id="35" s="H" t="H" l="H"/>
		<a id="36" s="C" t="C.ar" l="C"/>
		<a id="37" s="H" t="H" l="H"/>
		<a id="38" s="C" t="C.ar" l="C"/>
		<a id="39" s="H" t="H" l="H"/>
		<a id="40" s="C" t="C.ar" l="C"/>
		<a id="41" s="H" t="H" l="H"/>
		<a id="42" s="H" t="H" l="H"/>
	</atoms>
	<bonds>
		<b id="1" c="1 2" t="1"/>
		<b id="2" c="2 3" t="ar"/>
		<b id="3" c="4 3" t="1"/>
		<b id="4" c="3 5" t="ar"/>
		<b id="5" c="6 5" t="1"/>
		<b id="6" c="5 7" t="ar"/>
		<b id="7" c="8 7" t="1"/>
		<b id="8" c="7 9" t="ar"/>
		<b id="9" c="10 11" t="1"/>
		<b id="10" c="12 11" t="1"/>
		<b id="11" c="13 11" t="1"/>
		<b id="12" c="11 14" t="1"/>
		<b id="13" c="15 14" t="1"/>
		<b id="14" c="16 14" t="1"/>
		<b id="15" c="14 17" t="1"/>
		<b id="16" c="18 17" t="1"/>
		<b id="17" c="19 17" t="1"/>
		<b id="18" c="17 20" t="1"/>
		<b id="19" c="21 20" t="1"/>
		<b id="20" c="22 20" t="1"/>
		<b id="21" c="20 23" t="1"/>
		<b id="22" c="24 23" t="1"/>
		<b id="23" c="25 23" t="1"/>
		<b id="24" c="23 26" t="1"/>
		<b id="25" c="27 26" t="1"/>
		<b id="26" c="28 26" t="1"/>
		<b id="27" c="26 29" t="1"/>
		<b id="28" c="29 30" t="1"/>
		<b id="29" c="30 31" t="ar"/>
		<b id="30" c="32 31" t="1"/>
		<b id="31" c="31 33" t="ar"/>
		<b id="32" c="33 34" t="ar"/>
		<b id="33" c="35 34" t="1"/>
		<b id="34" c="34 36" t="ar"/>
		<b id="35" c="37 36" t="1"/>
		<b id="36" c="36 38" t="ar"/>
		<b id="37" c="38 39" t="1"/>
		<b id="38" c="10 9" t="1"/>
		<b id="39" c="9 40" t="ar"/>
		<b id="40" c="40 41" t="1"/>
		<b id="41" c="40 2" t="ar"/>
		<b id="42" c="38 30" t="ar"/>
		<b id="43" c="33 42" t="1"/>
	</bonds>
	<geometry>
		<g u="A" t="cart/3d">#42,3:-5.1501,0.3465,-2.5492;-5.1434,-0.1861,-1.6016;-6.2971,-0.8312,-1.1600;-7.2016,-0.8042,-1.7618;-6.2879,-1.5084,0.0563;-7.1838,-2.0121,0.4086;-5.1232,-1.5393,0.8253;-5.1199,-2.0685,1.7750;-3.9596,-0.8996,0.3877;-2.8987,-1.0089,1.2426;-1.6297,-0.4966,0.8318;-1.4412,-0.6788,-0.2311;-0.8753,-1.0816,1.3713;-1.4918,0.9711,1.2365;-1.6703,1.0514,2.3166;-2.2777,1.5748,0.7683;-0.1185,1.5636,0.9166;-0.0534,2.5542,1.3830;0.6566,0.9419,1.3787;0.1357,1.7030,-0.5865;-0.6988,2.2497,-1.0432;0.1576,0.7156,-1.0603;1.4330,2.4528,-0.9143;1.3827,3.4734,-0.5175;1.4981,2.5350,-2.0065;2.7042,1.7741,-0.4021;3.5710,2.3413,-0.7624;2.7065,1.7702,0.6939;2.7528,0.4422,-0.9097;3.7965,-0.3424,-0.5043;3.7470,-1.6613,-0.9639;2.9189,-1.9819,-1.5910;4.7495,-2.5715,-0.6249;5.8126,-2.1650,0.1773;6.5952,-2.8707,0.4431;5.8708,-0.8503,0.6369;6.7017,-0.5316,1.2612;4.8656,0.0609,0.2967;4.9505,1.0753,0.6707;-3.9771,-0.2183,-0.8297;-3.1063,0.3058,-1.2074;4.6987,-3.5945,-0.9877;</g>
	</geometry>
	<conformers/>
	<properties/>
</molecule>
