<?xml version="1.0" ?>
<!--MOLLI PACKAGE EXPERIMENTAL XML FORMAT-->
<molecule name="react_67_c2_frag_0">
	<atoms>
		<a id="1" s="H" t="H" l="H"/>
		<a id="2" s="C" t="C.3" l="C"/>
		<a id="3" s="H" t="H" l="H"/>
		<a id="4" s="H" t="H" l="H"/>
		<a id="5" s="C" t="C.ar" l="C"/>
		<a id="6" s="C" t="C.ar" l="C"/>
		<a id="7" s="C" t="C.ar" l="C"/>
		<a id="8" s="H" t="H" l="H"/>
		<a id="9" s="C" t="C.ar" l="C"/>
		<a id="10" s="H" t="H" l="H"/>
		<a id="11" s="C" t="C.ar" l="C"/>
		<a id="12" s="H" t="H" l="H"/>
		<a id="13" s="C" t="C.ar" l="C"/>
		<a id="14" s="H" t="H" l="H"/>
		<a id="15" s="H" t="H" l="H"/>
	</atoms>
	<bonds>
		<b id="1" c="1 2" t="1"/>
		<b id="2" c="3 2" t="1"/>
		<b id="3" c="4 2" t="1"/>
		<b id="4" c="2 5" t="1"/>
		<b id="5" c="5 6" t="ar"/>
		<b id="6" c="6 7" t="ar"/>
		<b id="7" c="8 7" t="1"/>
		<b id="8" c="7 9" t="ar"/>
		<b id="9" c="10 9" t="1"/>
		<b id="10" c="9 11" t="ar"/>
		<b id="11" c="12 11" t="1"/>
		<b id="12" c="11 13" t="ar"/>
		<b id="13" c="13 14" t="1"/>
		<b id="14" c="13 5" t="ar"/>
		<b id="15" c="6 15" t="1"/>
	</bonds>
	<geometry>
		<g u="A" t="cart/3d">#15,3:2.5560,-0.1677,-1.0755;2.2027,-0.2832,-0.0463;2.4850,-1.2774,0.3158;2.7127,0.4497,0.5877;0.7156,-0.0959,0.0095;-0.1441,-1.1851,-0.1789;-1.5283,-1.0051,-0.1583;-2.1882,-1.8569,-0.3001;-2.0643,0.2659,0.0402;-3.1417,0.4056,0.0552;-1.2166,1.3584,0.2139;-1.6333,2.3510,0.3625;0.1677,1.1797,0.1935;0.8169,2.0425,0.3230;0.2599,-2.1815,-0.3421;</g>
	</geometry>
	<conformers/>
	<properties/>
</molecule>
