<?xml version="1.0" ?>
<!--MOLLI PACKAGE EXPERIMENTAL XML FORMAT-->
<molecule name="react_70_c2_frag_0">
	<atoms>
		<a id="1" s="H" t="H" l="H"/>
		<a id="2" s="C" t="C.3" l="C"/>
		<a id="3" s="H" t="H" l="H"/>
		<a id="4" s="H" t="H" l="H"/>
		<a id="5" s="C" t="C.3" l="C"/>
		<a id="6" s="H" t="H" l="H"/>
		<a id="7" s="H" t="H" l="H"/>
		<a id="8" s="C" t="C.ar" l="C"/>
		<a id="9" s="C" t="C.ar" l="C"/>
		<a id="10" s="C" t="C.ar" l="C"/>
		<a id="11" s="H" t="H" l="H"/>
		<a id="12" s="C" t="C.ar" l="C"/>
		<a id="13" s="H" t="H" l="H"/>
		<a id="14" s="C" t="C.ar" l="C"/>
		<a id="15" s="H" t="H" l="H"/>
		<a id="16" s="C" t="C.ar" l="C"/>
		<a id="17" s="H" t="H" l="H"/>
		<a id="18" s="H" t="H" l="H"/>
	</atoms>
	<bonds>
		<b id="1" c="1 2" t="1"/>
		<b id="2" c="3 2" t="1"/>
		<b id="3" c="4 2" t="1"/>
		<b id="4" c="2 5" t="1"/>
		<b id="5" c="6 5" t="1"/>
		<b id="6" c="7 5" t="1"/>
		<b id="7" c="5 8" t="1"/>
		<b id="8" c="8 9" t="ar"/>
		<b id="9" c="9 10" t="ar"/>
		<b id="10" c="11 10" t="1"/>
		<b id="11" c="10 12" t="ar"/>
		<b id="12" c="13 12" t="1"/>
		<b id="13" c="12 14" t="ar"/>
		<b id="14" c="15 14" t="1"/>
		<b id="15" c="14 16" t="ar"/>
		<b id="16" c="16 17" t="1"/>
		<b id="17" c="16 8" t="ar"/>
		<b id="18" c="9 18" t="1"/>
	</bonds>
	<geometry>
		<g u="A" t="cart/3d">#18,3:-3.5379,0.1054,-0.2520;-2.4788,0.2911,-0.4571;-2.2710,-0.0283,-1.4840;-2.3065,1.3713,-0.4001;-1.6104,-0.4596,0.5408;-1.8645,-0.1481,1.5613;-1.8293,-1.5332,0.4886;-0.1422,-0.2289,0.2910;0.5230,0.8426,0.9015;1.8792,1.0652,0.6571;2.3873,1.8975,1.1366;2.5812,0.2224,-0.2026;3.6368,0.3965,-0.3928;1.9276,-0.8423,-0.8201;2.4734,-1.4981,-1.4931;0.5715,-1.0663,-0.5769;0.0736,-1.8983,-1.0693;-0.0130,1.5112,1.5712;</g>
	</geometry>
	<conformers/>
	<properties/>
</molecule>
