<?xml version="1.0" ?>
<!--MOLLI PACKAGE EXPERIMENTAL XML FORMAT-->
<molecule name="react_75_c1_frag_0">
	<atoms>
		<a id="1" s="H" t="H" l="H"/>
		<a id="2" s="C" t="C.ar" l="C"/>
		<a id="3" s="C" t="C.ar" l="C"/>
		<a id="4" s="H" t="H" l="H"/>
		<a id="5" s="C" t="C.ar" l="C"/>
		<a id="6" s="H" t="H" l="H"/>
		<a id="7" s="C" t="C.ar" l="C"/>
		<a id="8" s="O" t="O.3" l="O"/>
		<a id="9" s="C" t="C.3" l="C"/>
		<a id="10" s="H" t="H" l="H"/>
		<a id="11" s="H" t="H" l="H"/>
		<a id="12" s="H" t="H" l="H"/>
		<a id="13" s="C" t="C.ar" l="C"/>
		<a id="14" s="H" t="H" l="H"/>
		<a id="15" s="C" t="C.ar" l="C"/>
		<a id="16" s="O" t="O.3" l="O"/>
		<a id="17" s="C" t="C.3" l="C"/>
		<a id="18" s="C" t="C.3" l="C"/>
		<a id="19" s="H" t="H" l="H"/>
		<a id="20" s="H" t="H" l="H"/>
		<a id="21" s="H" t="H" l="H"/>
		<a id="22" s="C" t="C.3" l="C"/>
		<a id="23" s="H" t="H" l="H"/>
		<a id="24" s="H" t="H" l="H"/>
		<a id="25" s="H" t="H" l="H"/>
		<a id="26" s="H" t="H" l="H"/>
	</atoms>
	<bonds>
		<b id="1" c="1 2" t="1"/>
		<b id="2" c="2 3" t="ar"/>
		<b id="3" c="4 3" t="1"/>
		<b id="4" c="3 5" t="ar"/>
		<b id="5" c="6 5" t="1"/>
		<b id="6" c="5 7" t="ar"/>
		<b id="7" c="8 9" t="1"/>
		<b id="8" c="10 9" t="1"/>
		<b id="9" c="11 9" t="1"/>
		<b id="10" c="9 12" t="1"/>
		<b id="11" c="8 7" t="1"/>
		<b id="12" c="7 13" t="ar"/>
		<b id="13" c="14 13" t="1"/>
		<b id="14" c="13 15" t="ar"/>
		<b id="15" c="15 16" t="1"/>
		<b id="16" c="16 17" t="1"/>
		<b id="17" c="19 18" t="1"/>
		<b id="18" c="20 18" t="1"/>
		<b id="19" c="18 21" t="1"/>
		<b id="20" c="18 17" t="1"/>
		<b id="21" c="17 22" t="1"/>
		<b id="22" c="23 22" t="1"/>
		<b id="23" c="24 22" t="1"/>
		<b id="24" c="22 25" t="1"/>
		<b id="25" c="15 2" t="ar"/>
		<b id="26" c="17 26" t="1"/>
	</bonds>
	<geometry>
		<g u="A" t="cart/3d">#26,3:0.9303,2.1259,-0.4123;0.0037,1.5953,-0.2256;-1.1702,2.3458,-0.1337;-1.1375,3.4251,-0.2577;-2.3866,1.7138,0.1213;-3.2975,2.3029,0.1924;-2.4427,0.3300,0.2900;-3.6933,-0.1660,0.5380;-3.7998,-1.5723,0.7209;-4.8521,-1.8058,0.9092;-3.2248,-1.9020,1.5925;-3.4957,-2.1121,-0.1821;-1.2656,-0.4145,0.1971;-1.2653,-1.4922,0.3227;-0.0393,0.2110,-0.0657;1.0255,-0.6451,-0.1243;2.3015,-0.1488,-0.5409;3.0863,0.3474,0.6699;2.5740,1.1804,1.1609;3.1852,-0.4432,1.4222;4.0874,0.6828,0.3815;3.0350,-1.3194,-1.1928;3.1385,-2.1581,-0.4952;2.4662,-1.6933,-2.0512;4.0306,-1.0234,-1.5372;2.2061,0.6357,-1.3001;</g>
	</geometry>
	<conformers/>
	<properties/>
</molecule>
