<?xml version="1.0" ?>
<!--MOLLI PACKAGE EXPERIMENTAL XML FORMAT-->
<molecule name="react_75_c2_frag_0">
	<atoms>
		<a id="1" s="H" t="H" l="H"/>
		<a id="2" s="C" t="C.3" l="C"/>
		<a id="3" s="O" t="O.3" l="O"/>
		<a id="4" s="C" t="C.ar" l="C"/>
		<a id="5" s="C" t="C.ar" l="C"/>
		<a id="6" s="C" t="C.ar" l="C"/>
		<a id="7" s="H" t="H" l="H"/>
		<a id="8" s="C" t="C.ar" l="C"/>
		<a id="9" s="H" t="H" l="H"/>
		<a id="10" s="C" t="C.ar" l="C"/>
		<a id="11" s="O" t="O.3" l="O"/>
		<a id="12" s="C" t="C.3" l="C"/>
		<a id="13" s="H" t="H" l="H"/>
		<a id="14" s="H" t="H" l="H"/>
		<a id="15" s="H" t="H" l="H"/>
		<a id="16" s="C" t="C.ar" l="C"/>
		<a id="17" s="H" t="H" l="H"/>
		<a id="18" s="C" t="C.3" l="C"/>
		<a id="19" s="H" t="H" l="H"/>
		<a id="20" s="H" t="H" l="H"/>
		<a id="21" s="H" t="H" l="H"/>
		<a id="22" s="C" t="C.3" l="C"/>
		<a id="23" s="H" t="H" l="H"/>
		<a id="24" s="H" t="H" l="H"/>
		<a id="25" s="H" t="H" l="H"/>
		<a id="26" s="H" t="H" l="H"/>
	</atoms>
	<bonds>
		<b id="1" c="1 2" t="1"/>
		<b id="2" c="3 4" t="1"/>
		<b id="3" c="4 5" t="ar"/>
		<b id="4" c="5 6" t="ar"/>
		<b id="5" c="7 6" t="1"/>
		<b id="6" c="6 8" t="ar"/>
		<b id="7" c="9 8" t="1"/>
		<b id="8" c="8 10" t="ar"/>
		<b id="9" c="11 12" t="1"/>
		<b id="10" c="13 12" t="1"/>
		<b id="11" c="14 12" t="1"/>
		<b id="12" c="12 15" t="1"/>
		<b id="13" c="11 10" t="1"/>
		<b id="14" c="10 16" t="ar"/>
		<b id="15" c="16 17" t="1"/>
		<b id="16" c="3 2" t="1"/>
		<b id="17" c="19 18" t="1"/>
		<b id="18" c="20 18" t="1"/>
		<b id="19" c="18 21" t="1"/>
		<b id="20" c="18 2" t="1"/>
		<b id="21" c="2 22" t="1"/>
		<b id="22" c="23 22" t="1"/>
		<b id="23" c="24 22" t="1"/>
		<b id="24" c="22 25" t="1"/>
		<b id="25" c="16 4" t="ar"/>
		<b id="26" c="5 26" t="1"/>
	</bonds>
	<geometry>
		<g u="A" t="cart/3d">#26,3:-2.5255,-0.5929,0.4814;-2.3451,0.1592,-0.2949;-0.9991,0.6445,-0.2643;0.0121,-0.2080,0.0837;-0.0965,-1.5847,0.2746;1.0296,-2.3323,0.6248;0.9458,-3.4057,0.7733;2.2650,-1.7051,0.7809;3.1388,-2.2920,1.0531;2.3891,-0.3292,0.5863;3.6529,0.1625,0.7663;3.8293,1.5607,0.5749;3.2369,2.1357,1.2944;3.5944,1.8513,-0.4544;4.8840,1.7916,0.7529;1.2596,0.4125,0.2362;1.3129,1.4841,0.0748;-3.2476,1.3518,0.0152;-4.3036,1.0652,0.0057;-3.0956,2.1606,-0.7084;-3.0072,1.7637,1.0015;-2.6675,-0.3905,-1.6814;-2.0249,-1.2403,-1.9308;-3.7096,-0.7187,-1.7437;-2.4927,0.3681,-2.4527;-1.0356,-2.1118,0.1506;</g>
	</geometry>
	<conformers/>
	<properties/>
</molecule>
