<?xml version="1.0" ?>
<!--MOLLI PACKAGE EXPERIMENTAL XML FORMAT-->
<molecule name="react_89_c2_frag_0">
	<atoms>
		<a id="1" s="H" t="H" l="H"/>
		<a id="2" s="C" t="C.3" l="C"/>
		<a id="3" s="H" t="H" l="H"/>
		<a id="4" s="H" t="H" l="H"/>
		<a id="5" s="O" t="O.3" l="O"/>
		<a id="6" s="C" t="C.2" l="C"/>
		<a id="7" s="O" t="O.2" l="O"/>
		<a id="8" s="C" t="C.3" l="C"/>
		<a id="9" s="C" t="C.3" l="C"/>
		<a id="10" s="H" t="H" l="H"/>
		<a id="11" s="H" t="H" l="H"/>
		<a id="12" s="H" t="H" l="H"/>
		<a id="13" s="C" t="C.3" l="C"/>
		<a id="14" s="H" t="H" l="H"/>
		<a id="15" s="H" t="H" l="H"/>
		<a id="16" s="H" t="H" l="H"/>
		<a id="17" s="C" t="C.3" l="C"/>
		<a id="18" s="H" t="H" l="H"/>
		<a id="19" s="H" t="H" l="H"/>
		<a id="20" s="H" t="H" l="H"/>
	</atoms>
	<bonds>
		<b id="1" c="1 2" t="1"/>
		<b id="2" c="3 2" t="1"/>
		<b id="3" c="4 2" t="1"/>
		<b id="4" c="2 5" t="1"/>
		<b id="5" c="5 6" t="1"/>
		<b id="6" c="6 7" t="2"/>
		<b id="7" c="6 8" t="1"/>
		<b id="8" c="10 9" t="1"/>
		<b id="9" c="11 9" t="1"/>
		<b id="10" c="9 12" t="1"/>
		<b id="11" c="9 8" t="1"/>
		<b id="12" c="14 13" t="1"/>
		<b id="13" c="15 13" t="1"/>
		<b id="14" c="13 16" t="1"/>
		<b id="15" c="13 8" t="1"/>
		<b id="16" c="8 17" t="1"/>
		<b id="17" c="18 17" t="1"/>
		<b id="18" c="19 17" t="1"/>
		<b id="19" c="17 20" t="1"/>
	</bonds>
	<geometry>
		<g u="A" t="cart/3d">#20,3:3.1541,0.5609,-1.0365;2.9653,0.2593,-0.0015;3.2718,-0.7784,0.1635;3.5530,0.9027,0.6589;1.5860,0.4316,0.3261;0.7348,-0.3205,-0.4297;1.0930,-1.0842,-1.3171;-0.7202,-0.0796,-0.0181;-0.9078,-0.4736,1.4529;-0.3028,0.1520,2.1188;-0.6071,-1.5138,1.6232;-1.9539,-0.3688,1.7613;-1.6482,-0.9415,-0.8890;-1.5376,-0.6956,-1.9516;-2.6996,-0.7920,-0.6191;-1.4222,-2.0081,-0.7754;-1.0724,1.3994,-0.2254;-0.4698,2.0519,0.4164;-2.1263,1.5922,0.0042;-0.8901,1.7060,-1.2619;</g>
	</geometry>
	<conformers/>
	<properties/>
</molecule>
