<?xml version="1.0" ?>
<!--MOLLI PACKAGE EXPERIMENTAL XML FORMAT-->
<molecule name="react_89_c2_frag_1">
	<atoms>
		<a id="1" s="H" t="H" l="H"/>
		<a id="2" s="C" t="C.3" l="C"/>
		<a id="3" s="H" t="H" l="H"/>
		<a id="4" s="H" t="H" l="H"/>
		<a id="5" s="C" t="C.3" l="C"/>
		<a id="6" s="H" t="H" l="H"/>
		<a id="7" s="H" t="H" l="H"/>
		<a id="8" s="C" t="C.3" l="C"/>
		<a id="9" s="O" t="O.3" l="O"/>
		<a id="10" s="C" t="C.3" l="C"/>
		<a id="11" s="H" t="H" l="H"/>
		<a id="12" s="H" t="H" l="H"/>
		<a id="13" s="H" t="H" l="H"/>
		<a id="14" s="O" t="O.3" l="O"/>
		<a id="15" s="C" t="C.3" l="C"/>
		<a id="16" s="H" t="H" l="H"/>
		<a id="17" s="H" t="H" l="H"/>
		<a id="18" s="H" t="H" l="H"/>
		<a id="19" s="C" t="C.3" l="C"/>
		<a id="20" s="H" t="H" l="H"/>
		<a id="21" s="H" t="H" l="H"/>
		<a id="22" s="H" t="H" l="H"/>
	</atoms>
	<bonds>
		<b id="1" c="1 2" t="1"/>
		<b id="2" c="3 2" t="1"/>
		<b id="3" c="4 2" t="1"/>
		<b id="4" c="2 5" t="1"/>
		<b id="5" c="6 5" t="1"/>
		<b id="6" c="7 5" t="1"/>
		<b id="7" c="5 8" t="1"/>
		<b id="8" c="9 10" t="1"/>
		<b id="9" c="11 10" t="1"/>
		<b id="10" c="12 10" t="1"/>
		<b id="11" c="10 13" t="1"/>
		<b id="12" c="9 8" t="1"/>
		<b id="13" c="14 15" t="1"/>
		<b id="14" c="16 15" t="1"/>
		<b id="15" c="17 15" t="1"/>
		<b id="16" c="15 18" t="1"/>
		<b id="17" c="14 8" t="1"/>
		<b id="18" c="8 19" t="1"/>
		<b id="19" c="20 19" t="1"/>
		<b id="20" c="19 21" t="1"/>
		<b id="21" c="19 22" t="1"/>
	</bonds>
	<geometry>
		<g u="A" t="cart/3d">#22,3:-2.6756,-2.0074,-0.3255;-1.9344,-1.2616,-0.6306;-1.3244,-1.7024,-1.4247;-2.4737,-0.4044,-1.0453;-1.0808,-0.8555,0.5675;-0.6073,-1.7570,0.9721;-1.7527,-0.4702,1.3453;-0.0183,0.2165,0.2282;0.8005,-0.1903,-0.8722;1.6665,-1.2914,-0.6521;2.1758,-1.5103,-1.5951;1.1162,-2.1869,-0.3544;2.4323,-1.0491,0.0893;-0.7714,1.3880,-0.1393;0.0042,2.4558,-0.6628;0.5296,2.1559,-1.5738;-0.6783,3.2705,-0.9218;0.7120,2.8355,0.0781;0.8059,0.5290,1.4873;1.2019,-0.3821,1.9484;0.2029,1.0582,2.2331;1.6690,1.1594,1.2483;</g>
	</geometry>
	<conformers/>
	<properties/>
</molecule>
