<?xml version="1.0" ?>
<!--MOLLI PACKAGE EXPERIMENTAL XML FORMAT-->
<molecule name="react_91_c2_frag_1">
	<atoms>
		<a id="1" s="H" t="H" l="H"/>
		<a id="2" s="C" t="C.3" l="C"/>
		<a id="3" s="H" t="H" l="H"/>
		<a id="4" s="H" t="H" l="H"/>
		<a id="5" s="C" t="C.3" l="C"/>
		<a id="6" s="H" t="H" l="H"/>
		<a id="7" s="H" t="H" l="H"/>
		<a id="8" s="C" t="C.3" l="C"/>
		<a id="9" s="O" t="O.3" l="O"/>
		<a id="10" s="C" t="C.3" l="C"/>
		<a id="11" s="H" t="H" l="H"/>
		<a id="12" s="H" t="H" l="H"/>
		<a id="13" s="H" t="H" l="H"/>
		<a id="14" s="O" t="O.3" l="O"/>
		<a id="15" s="C" t="C.3" l="C"/>
		<a id="16" s="H" t="H" l="H"/>
		<a id="17" s="H" t="H" l="H"/>
		<a id="18" s="H" t="H" l="H"/>
		<a id="19" s="C" t="C.3" l="C"/>
		<a id="20" s="H" t="H" l="H"/>
		<a id="21" s="H" t="H" l="H"/>
		<a id="22" s="H" t="H" l="H"/>
	</atoms>
	<bonds>
		<b id="1" c="1 2" t="1"/>
		<b id="2" c="3 2" t="1"/>
		<b id="3" c="4 2" t="1"/>
		<b id="4" c="2 5" t="1"/>
		<b id="5" c="6 5" t="1"/>
		<b id="6" c="7 5" t="1"/>
		<b id="7" c="5 8" t="1"/>
		<b id="8" c="9 10" t="1"/>
		<b id="9" c="11 10" t="1"/>
		<b id="10" c="12 10" t="1"/>
		<b id="11" c="10 13" t="1"/>
		<b id="12" c="9 8" t="1"/>
		<b id="13" c="14 15" t="1"/>
		<b id="14" c="16 15" t="1"/>
		<b id="15" c="17 15" t="1"/>
		<b id="16" c="15 18" t="1"/>
		<b id="17" c="14 8" t="1"/>
		<b id="18" c="8 19" t="1"/>
		<b id="19" c="20 19" t="1"/>
		<b id="20" c="19 21" t="1"/>
		<b id="21" c="19 22" t="1"/>
	</bonds>
	<geometry>
		<g u="A" t="cart/3d">#22,3:1.6341,1.1261,-1.5027;2.0340,0.2129,-1.0592;1.8149,-0.6205,-1.7343;3.1233,0.3185,-1.0144;1.4861,-0.0537,0.3410;1.9649,-0.9851,0.6716;1.8286,0.7360,1.0206;-0.0553,-0.2102,0.4497;-0.5404,-0.8381,-0.7412;-1.9311,-1.1253,-0.7538;-2.2018,-1.4308,-1.7686;-2.1617,-1.9583,-0.0843;-2.5287,-0.2480,-0.4914;-0.7105,1.0355,0.7235;-0.5584,2.0462,-0.2569;0.4350,2.4966,-0.1899;-0.7487,1.6689,-1.2654;-1.2890,2.8325,-0.0456;-0.3378,-1.0871,1.6838;-0.0013,-2.1176,1.5282;0.1525,-0.6794,2.5753;-1.4087,-1.1189,1.9143;</g>
	</geometry>
	<conformers/>
	<properties/>
</molecule>
