<?xml version="1.0" ?>
<!--MOLLI PACKAGE EXPERIMENTAL XML FORMAT-->
<molecule name="react_92_c2_frag_0">
	<atoms>
		<a id="1" s="H" t="H" l="H"/>
		<a id="2" s="C" t="C.3" l="C"/>
		<a id="3" s="H" t="H" l="H"/>
		<a id="4" s="H" t="H" l="H"/>
		<a id="5" s="O" t="O.3" l="O"/>
		<a id="6" s="C" t="C.ar" l="C"/>
		<a id="7" s="C" t="C.ar" l="C"/>
		<a id="8" s="H" t="H" l="H"/>
		<a id="9" s="C" t="C.ar" l="C"/>
		<a id="10" s="H" t="H" l="H"/>
		<a id="11" s="C" t="C.ar" l="C"/>
		<a id="12" s="O" t="O.3" l="O"/>
		<a id="13" s="C" t="C.3" l="C"/>
		<a id="14" s="H" t="H" l="H"/>
		<a id="15" s="H" t="H" l="H"/>
		<a id="16" s="H" t="H" l="H"/>
		<a id="17" s="C" t="C.ar" l="C"/>
		<a id="18" s="H" t="H" l="H"/>
		<a id="19" s="C" t="C.ar" l="C"/>
		<a id="20" s="H" t="H" l="H"/>
	</atoms>
	<bonds>
		<b id="1" c="1 2" t="1"/>
		<b id="2" c="3 2" t="1"/>
		<b id="3" c="4 2" t="1"/>
		<b id="4" c="2 5" t="1"/>
		<b id="5" c="5 6" t="1"/>
		<b id="6" c="6 7" t="ar"/>
		<b id="7" c="8 7" t="1"/>
		<b id="8" c="7 9" t="ar"/>
		<b id="9" c="10 9" t="1"/>
		<b id="10" c="9 11" t="ar"/>
		<b id="11" c="12 13" t="1"/>
		<b id="12" c="14 13" t="1"/>
		<b id="13" c="15 13" t="1"/>
		<b id="14" c="13 16" t="1"/>
		<b id="15" c="12 11" t="1"/>
		<b id="16" c="11 17" t="ar"/>
		<b id="17" c="18 17" t="1"/>
		<b id="18" c="17 19" t="ar"/>
		<b id="19" c="19 20" t="1"/>
		<b id="20" c="19 6" t="ar"/>
	</bonds>
	<geometry>
		<g u="A" t="cart/3d">#20,3:4.5741,-0.4902,-0.1615;3.5772,-0.0501,-0.0611;3.5075,0.7815,-0.7700;3.4702,0.2994,0.9711;2.6238,-1.0612,-0.3615;1.3050,-0.7079,-0.2919;0.4080,-1.7327,-0.5949;0.7825,-2.7182,-0.8598;-0.9695,-1.5033,-0.5609;-1.6552,-2.3121,-0.7996;-1.4704,-0.2456,-0.2234;-2.8343,-0.1520,-0.2267;-3.3932,1.1109,0.1110;-4.4824,1.0184,0.0621;-3.0919,1.8808,-0.6070;-3.1292,1.3986,1.1341;-0.5761,0.7808,0.0800;-0.9184,1.7748,0.3479;0.8070,0.5505,0.0459;1.4654,1.3777,0.2890;</g>
	</geometry>
	<conformers/>
	<properties/>
</molecule>
