<?xml version="1.0" ?>
<!--MOLLI PACKAGE EXPERIMENTAL XML FORMAT-->
<molecule name="react_177_c1_frag_0">
	<atoms>
		<a id="1" s="H" t="H" l="H"/>
		<a id="2" s="C" t="C.ar" l="C"/>
		<a id="3" s="N" t="N.ar" l="N"/>
		<a id="4" s="C" t="C.ar" l="C"/>
		<a id="5" s="Cl" t="Cl" l="CL"/>
		<a id="6" s="C" t="C.ar" l="C"/>
		<a id="7" s="H" t="H" l="H"/>
		<a id="8" s="C" t="C.ar" l="C"/>
		<a id="9" s="C" t="C.3" l="C"/>
		<a id="10" s="H" t="H" l="H"/>
		<a id="11" s="H" t="H" l="H"/>
		<a id="12" s="H" t="H" l="H"/>
		<a id="13" s="C" t="C.ar" l="C"/>
		<a id="14" s="C" t="C.3" l="C"/>
		<a id="15" s="H" t="H" l="H"/>
		<a id="16" s="H" t="H" l="H"/>
		<a id="17" s="H" t="H" l="H"/>
	</atoms>
	<bonds>
		<b id="1" c="1 2" t="1"/>
		<b id="2" c="2 3" t="ar"/>
		<b id="3" c="3 4" t="ar"/>
		<b id="4" c="5 4" t="1"/>
		<b id="5" c="4 6" t="ar"/>
		<b id="6" c="7 6" t="1"/>
		<b id="7" c="6 8" t="ar"/>
		<b id="8" c="10 9" t="1"/>
		<b id="9" c="11 9" t="1"/>
		<b id="10" c="9 12" t="1"/>
		<b id="11" c="9 8" t="1"/>
		<b id="12" c="8 13" t="ar"/>
		<b id="13" c="13 14" t="1"/>
		<b id="14" c="15 14" t="1"/>
		<b id="15" c="14 16" t="1"/>
		<b id="16" c="13 2" t="ar"/>
		<b id="17" c="14 17" t="1"/>
	</bonds>
	<geometry>
		<g u="A" t="cart/3d">#17,3:0.2673,-2.5990,-0.9658;0.5783,-1.6297,-0.5830;1.9147,-1.4865,-0.4556;2.3396,-0.2999,0.0154;4.0427,-0.1568,0.1629;1.5068,0.7494,0.3655;1.9273,1.6770,0.7385;0.1245,0.5814,0.2262;-0.8036,1.7026,0.5982;-1.3886,2.0168,-0.2720;-1.4803,1.3866,1.3983;-0.2520,2.5775,0.9585;-0.3572,-0.6451,-0.2630;-1.8214,-0.9142,-0.4449;-1.9994,-1.9221,-0.8350;-2.3451,-0.8341,0.5129;-2.2534,-0.2041,-1.1571;</g>
	</geometry>
	<conformers/>
	<properties/>
</molecule>
