<?xml version="1.0" ?>
<!--MOLLI PACKAGE EXPERIMENTAL XML FORMAT-->
<molecule name="react_60_c1_frag_0">
	<atoms>
		<a id="1" s="H" t="H" l="H"/>
		<a id="2" s="C" t="C.3" l="C"/>
		<a id="3" s="H" t="H" l="H"/>
		<a id="4" s="H" t="H" l="H"/>
		<a id="5" s="C" t="C.3" l="C"/>
		<a id="6" s="H" t="H" l="H"/>
		<a id="7" s="H" t="H" l="H"/>
		<a id="8" s="O" t="O.3" l="O"/>
		<a id="9" s="H" t="H" l="H"/>
	</atoms>
	<bonds>
		<b id="1" c="1 2" t="1"/>
		<b id="2" c="3 2" t="1"/>
		<b id="3" c="4 2" t="1"/>
		<b id="4" c="2 5" t="1"/>
		<b id="5" c="6 5" t="1"/>
		<b id="6" c="7 5" t="1"/>
		<b id="7" c="5 8" t="1"/>
		<b id="8" c="8 9" t="1"/>
	</bonds>
	<geometry>
		<g u="A" t="cart/3d">#9,3:-0.8124,0.8724,1.1792;-0.8480,0.2649,0.2689;-0.9620,0.9573,-0.5717;-1.7267,-0.3846,0.3114;0.4199,-0.5506,0.1226;0.4025,-1.1413,-0.7984;0.5352,-1.2342,0.9687;1.5493,0.3097,0.0911;1.4423,0.9064,-0.6692;</g>
	</geometry>
	<conformers/>
	<properties/>
</molecule>
