<?xml version="1.0" ?>
<!--MOLLI PACKAGE EXPERIMENTAL XML FORMAT-->
<molecule name="react_257_c2_frag_0">
	<atoms>
		<a id="1" s="H" t="H" l="H"/>
		<a id="2" s="C" t="C.2" l="C"/>
		<a id="3" s="O" t="O.2" l="O"/>
		<a id="4" s="C" t="C.3" l="C"/>
		<a id="5" s="H" t="H" l="H"/>
		<a id="6" s="H" t="H" l="H"/>
		<a id="7" s="H" t="H" l="H"/>
	</atoms>
	<bonds>
		<b id="1" c="1 2" t="1"/>
		<b id="2" c="2 3" t="2"/>
		<b id="3" c="2 4" t="1"/>
		<b id="4" c="5 4" t="1"/>
		<b id="5" c="6 4" t="1"/>
		<b id="6" c="4 7" t="1"/>
	</bonds>
	<geometry>
		<g u="A" t="cart/3d">#7,3:1.2499,1.0878,-0.0349;0.8365,0.0680,-0.1126;1.5637,-0.8912,-0.3481;-0.6432,-0.0473,0.0872;-0.9543,-1.0905,-0.0085;-1.1539,0.5551,-0.6676;-0.8989,0.3182,1.0844;</g>
	</geometry>
	<conformers/>
	<properties/>
</molecule>
