<?xml version="1.0" ?>
<!--MOLLI PACKAGE EXPERIMENTAL XML FORMAT-->
<molecule name="react_285_c2_frag_1">
	<atoms>
		<a id="1" s="H" t="H" l="H"/>
		<a id="2" s="C" t="C.3" l="C"/>
		<a id="3" s="H" t="H" l="H"/>
		<a id="4" s="H" t="H" l="H"/>
		<a id="5" s="C" t="C.3" l="C"/>
		<a id="6" s="H" t="H" l="H"/>
		<a id="7" s="H" t="H" l="H"/>
		<a id="8" s="C" t="C.3" l="C"/>
		<a id="9" s="H" t="H" l="H"/>
		<a id="10" s="H" t="H" l="H"/>
		<a id="11" s="H" t="H" l="H"/>
	</atoms>
	<bonds>
		<b id="1" c="1 2" t="1"/>
		<b id="2" c="3 2" t="1"/>
		<b id="3" c="4 2" t="1"/>
		<b id="4" c="2 5" t="1"/>
		<b id="5" c="6 5" t="1"/>
		<b id="6" c="7 5" t="1"/>
		<b id="7" c="5 8" t="1"/>
		<b id="8" c="9 8" t="1"/>
		<b id="9" c="8 10" t="1"/>
		<b id="10" c="8 11" t="1"/>
	</bonds>
	<geometry>
		<g u="A" t="cart/3d">#11,3:1.0028,-0.2270,1.4749;1.1715,0.1885,0.4762;1.1370,1.2803,0.5482;2.1772,-0.0991,0.1541;0.1358,-0.3253,-0.5095;0.2115,-1.4159,-0.5827;0.3449,0.0832,-1.5044;-1.2740,0.0570,-0.0918;-2.0007,-0.3237,-0.8163;-1.5201,-0.3627,0.8889;-1.3859,1.1446,-0.0378;</g>
	</geometry>
	<conformers/>
	<properties/>
</molecule>
