<?xml version="1.0" ?>
<!--MOLLI PACKAGE EXPERIMENTAL XML FORMAT-->
<molecule name="react_287_c1_frag_0">
	<atoms>
		<a id="1" s="H" t="H" l="H"/>
		<a id="2" s="C" t="C.2" l="C"/>
		<a id="3" s="O" t="O.2" l="O"/>
		<a id="4" s="C" t="C.3" l="C"/>
		<a id="5" s="H" t="H" l="H"/>
		<a id="6" s="H" t="H" l="H"/>
		<a id="7" s="C" t="C.3" l="C"/>
		<a id="8" s="H" t="H" l="H"/>
		<a id="9" s="H" t="H" l="H"/>
		<a id="10" s="C" t="C.3" l="C"/>
		<a id="11" s="H" t="H" l="H"/>
		<a id="12" s="H" t="H" l="H"/>
		<a id="13" s="H" t="H" l="H"/>
	</atoms>
	<bonds>
		<b id="1" c="1 2" t="1"/>
		<b id="2" c="2 3" t="2"/>
		<b id="3" c="2 4" t="1"/>
		<b id="4" c="5 4" t="1"/>
		<b id="5" c="6 4" t="1"/>
		<b id="6" c="4 7" t="1"/>
		<b id="7" c="8 7" t="1"/>
		<b id="8" c="9 7" t="1"/>
		<b id="9" c="7 10" t="1"/>
		<b id="10" c="11 10" t="1"/>
		<b id="11" c="10 12" t="1"/>
		<b id="12" c="10 13" t="1"/>
	</bonds>
	<geometry>
		<g u="A" t="cart/3d">#13,3:2.0726,0.2943,-1.6307;2.0167,-0.0978,-0.6006;3.0236,-0.1771,0.0960;0.6605,-0.5714,-0.1504;0.3915,-1.4428,-0.7563;0.7255,-0.8860,0.8967;-0.3665,0.5412,-0.3175;-0.4125,0.8547,-1.3674;-0.0592,1.4220,0.2591;-1.7475,0.0978,0.1359;-2.4683,0.9112,0.0068;-2.0952,-0.7603,-0.4482;-1.7411,-0.1857,1.1932;</g>
	</geometry>
	<conformers/>
	<properties/>
</molecule>
