<?xml version="1.0" ?>
<!--MOLLI PACKAGE EXPERIMENTAL XML FORMAT-->
<molecule name="react_296_c1_frag_1">
	<atoms>
		<a id="1" s="H" t="H" l="H"/>
		<a id="2" s="C" t="C.3" l="C"/>
		<a id="3" s="H" t="H" l="H"/>
		<a id="4" s="H" t="H" l="H"/>
		<a id="5" s="C" t="C.3" l="C"/>
		<a id="6" s="H" t="H" l="H"/>
		<a id="7" s="H" t="H" l="H"/>
		<a id="8" s="C" t="C.ar" l="C"/>
		<a id="9" s="C" t="C.ar" l="C"/>
		<a id="10" s="C" t="C.ar" l="C"/>
		<a id="11" s="H" t="H" l="H"/>
		<a id="12" s="C" t="C.ar" l="C"/>
		<a id="13" s="H" t="H" l="H"/>
		<a id="14" s="C" t="C.ar" l="C"/>
		<a id="15" s="H" t="H" l="H"/>
		<a id="16" s="C" t="C.ar" l="C"/>
		<a id="17" s="H" t="H" l="H"/>
		<a id="18" s="H" t="H" l="H"/>
	</atoms>
	<bonds>
		<b id="1" c="1 2" t="1"/>
		<b id="2" c="3 2" t="1"/>
		<b id="3" c="4 2" t="1"/>
		<b id="4" c="2 5" t="1"/>
		<b id="5" c="6 5" t="1"/>
		<b id="6" c="7 5" t="1"/>
		<b id="7" c="5 8" t="1"/>
		<b id="8" c="8 9" t="ar"/>
		<b id="9" c="9 10" t="ar"/>
		<b id="10" c="11 10" t="1"/>
		<b id="11" c="10 12" t="ar"/>
		<b id="12" c="13 12" t="1"/>
		<b id="13" c="12 14" t="ar"/>
		<b id="14" c="15 14" t="1"/>
		<b id="15" c="14 16" t="ar"/>
		<b id="16" c="16 17" t="1"/>
		<b id="17" c="16 8" t="ar"/>
		<b id="18" c="9 18" t="1"/>
	</bonds>
	<geometry>
		<g u="A" t="cart/3d">#18,3:2.2784,-1.1087,0.9697;2.4740,-0.1153,0.5519;3.5358,-0.0597,0.2922;2.2773,0.6235,1.3362;1.6176,0.1444,-0.6780;1.8596,1.1288,-1.0971;1.8606,-0.5855,-1.4598;0.1458,0.0764,-0.3608;-0.5461,1.2228,0.0521;-1.9057,1.1557,0.3612;-2.4346,2.0504,0.6786;-2.5845,-0.0576,0.2650;-3.6428,-0.1093,0.5062;-1.9042,-1.2051,-0.1383;-2.4320,-2.1523,-0.2106;-0.5447,-1.1398,-0.4477;-0.0259,-2.0443,-0.7568;-0.0285,2.1756,0.1361;</g>
	</geometry>
	<conformers/>
	<properties/>
</molecule>
