<?xml version="1.0" ?>
<!--MOLLI PACKAGE EXPERIMENTAL XML FORMAT-->
<molecule name="react_296_c2_frag_0">
	<atoms>
		<a id="1" s="H" t="H" l="H"/>
		<a id="2" s="C" t="C.3" l="C"/>
		<a id="3" s="H" t="H" l="H"/>
		<a id="4" s="H" t="H" l="H"/>
		<a id="5" s="H" t="H" l="H"/>
	</atoms>
	<bonds>
		<b id="1" c="1 2" t="1"/>
		<b id="2" c="3 2" t="1"/>
		<b id="3" c="4 2" t="1"/>
		<b id="4" c="2 5" t="1"/>
	</bonds>
	<geometry>
		<g u="A" t="cart/3d">#5,3:0.9519,-0.0392,-0.5340;0.0000,0.0000,-0.0000;0.0236,-0.7000,0.8381;-0.8102,-0.2730,-0.6796;-0.1653,1.0122,0.3756;</g>
	</geometry>
	<conformers/>
	<properties/>
</molecule>
