<?xml version="1.0" ?>
<!--MOLLI PACKAGE EXPERIMENTAL XML FORMAT-->
<molecule name="react_296_c2_frag_1">
	<atoms>
		<a id="1" s="H" t="H" l="H"/>
		<a id="2" s="C" t="C.ar" l="C"/>
		<a id="3" s="C" t="C.ar" l="C"/>
		<a id="4" s="H" t="H" l="H"/>
		<a id="5" s="C" t="C.ar" l="C"/>
		<a id="6" s="H" t="H" l="H"/>
		<a id="7" s="C" t="C.ar" l="C"/>
		<a id="8" s="H" t="H" l="H"/>
		<a id="9" s="C" t="C.ar" l="C"/>
		<a id="10" s="H" t="H" l="H"/>
		<a id="11" s="C" t="C.ar" l="C"/>
		<a id="12" s="C" t="C.3" l="C"/>
		<a id="13" s="H" t="H" l="H"/>
		<a id="14" s="H" t="H" l="H"/>
		<a id="15" s="C" t="C.3" l="C"/>
		<a id="16" s="H" t="H" l="H"/>
		<a id="17" s="H" t="H" l="H"/>
		<a id="18" s="H" t="H" l="H"/>
	</atoms>
	<bonds>
		<b id="1" c="1 2" t="1"/>
		<b id="2" c="2 3" t="ar"/>
		<b id="3" c="4 3" t="1"/>
		<b id="4" c="3 5" t="ar"/>
		<b id="5" c="6 5" t="1"/>
		<b id="6" c="5 7" t="ar"/>
		<b id="7" c="8 7" t="1"/>
		<b id="8" c="7 9" t="ar"/>
		<b id="9" c="10 9" t="1"/>
		<b id="10" c="9 11" t="ar"/>
		<b id="11" c="11 12" t="1"/>
		<b id="12" c="13 12" t="1"/>
		<b id="13" c="14 12" t="1"/>
		<b id="14" c="12 15" t="1"/>
		<b id="15" c="16 15" t="1"/>
		<b id="16" c="15 17" t="1"/>
		<b id="17" c="11 2" t="ar"/>
		<b id="18" c="15 18" t="1"/>
	</bonds>
	<geometry>
		<g u="A" t="cart/3d">#18,3:-0.0662,1.7665,-1.2758;-0.5676,0.9931,-0.6984;-1.8990,1.1780,-0.3222;-2.4227,2.0859,-0.6094;-2.5562,0.2006,0.4227;-3.5926,0.3454,0.7157;-1.8823,-0.9614,0.7938;-2.3931,-1.7227,1.3774;-0.5509,-1.1479,0.4184;-0.0365,-2.0577,0.7190;0.1172,-0.1745,-0.3363;1.5600,-0.3672,-0.7272;1.7610,-1.4344,-0.8816;1.7489,0.1191,-1.6920;2.5097,0.1880,0.3230;2.3672,-0.3075,1.2894;3.5482,0.0344,0.0131;2.3549,1.2623,0.4705;</g>
	</geometry>
	<conformers/>
	<properties/>
</molecule>
