<?xml version="1.0" ?>
<!--MOLLI PACKAGE EXPERIMENTAL XML FORMAT-->
<molecule name="react_297_c1_frag_1">
	<atoms>
		<a id="1" s="H" t="H" l="H"/>
		<a id="2" s="C" t="C.3" l="C"/>
		<a id="3" s="H" t="H" l="H"/>
		<a id="4" s="H" t="H" l="H"/>
		<a id="5" s="C" t="C.ar" l="C"/>
		<a id="6" s="C" t="C.ar" l="C"/>
		<a id="7" s="C" t="C.ar" l="C"/>
		<a id="8" s="H" t="H" l="H"/>
		<a id="9" s="C" t="C.ar" l="C"/>
		<a id="10" s="H" t="H" l="H"/>
		<a id="11" s="C" t="C.ar" l="C"/>
		<a id="12" s="H" t="H" l="H"/>
		<a id="13" s="C" t="C.ar" l="C"/>
		<a id="14" s="H" t="H" l="H"/>
		<a id="15" s="H" t="H" l="H"/>
	</atoms>
	<bonds>
		<b id="1" c="1 2" t="1"/>
		<b id="2" c="3 2" t="1"/>
		<b id="3" c="4 2" t="1"/>
		<b id="4" c="2 5" t="1"/>
		<b id="5" c="5 6" t="ar"/>
		<b id="6" c="6 7" t="ar"/>
		<b id="7" c="8 7" t="1"/>
		<b id="8" c="7 9" t="ar"/>
		<b id="9" c="10 9" t="1"/>
		<b id="10" c="9 11" t="ar"/>
		<b id="11" c="12 11" t="1"/>
		<b id="12" c="11 13" t="ar"/>
		<b id="13" c="13 14" t="1"/>
		<b id="14" c="13 5" t="ar"/>
		<b id="15" c="6 15" t="1"/>
	</bonds>
	<geometry>
		<g u="A" t="cart/3d">#15,3:2.6943,0.6269,-0.5044;2.2090,-0.2311,-0.0273;2.5101,-1.1247,-0.5840;2.5719,-0.3160,1.0016;0.7175,-0.0739,-0.0337;0.1379,1.1983,0.0468;-1.2504,1.3425,0.0726;-1.6918,2.3339,0.1298;-2.0702,0.2164,0.0289;-3.1508,0.3291,0.0499;-1.5025,-1.0547,-0.0364;-2.1406,-1.9339,-0.0643;-0.1143,-1.2001,-0.0623;0.3147,-2.1985,-0.1059;0.7652,2.0857,0.0889;</g>
	</geometry>
	<conformers/>
	<properties/>
</molecule>
