<?xml version="1.0" ?>
<!--MOLLI PACKAGE EXPERIMENTAL XML FORMAT-->
<molecule name="react_326_c2_frag_0">
	<atoms>
		<a id="1" s="H" t="H" l="H"/>
		<a id="2" s="C" t="C.ar" l="C"/>
		<a id="3" s="C" t="C.ar" l="C"/>
		<a id="4" s="H" t="H" l="H"/>
		<a id="5" s="C" t="C.ar" l="C"/>
		<a id="6" s="C" t="C.3" l="C"/>
		<a id="7" s="H" t="H" l="H"/>
		<a id="8" s="H" t="H" l="H"/>
		<a id="9" s="H" t="H" l="H"/>
		<a id="10" s="C" t="C.ar" l="C"/>
		<a id="11" s="H" t="H" l="H"/>
		<a id="12" s="C" t="C.ar" l="C"/>
		<a id="13" s="C" t="C.3" l="C"/>
		<a id="14" s="H" t="H" l="H"/>
		<a id="15" s="H" t="H" l="H"/>
		<a id="16" s="H" t="H" l="H"/>
		<a id="17" s="C" t="C.ar" l="C"/>
		<a id="18" s="H" t="H" l="H"/>
	</atoms>
	<bonds>
		<b id="1" c="1 2" t="1"/>
		<b id="2" c="2 3" t="ar"/>
		<b id="3" c="4 3" t="1"/>
		<b id="4" c="3 5" t="ar"/>
		<b id="5" c="7 6" t="1"/>
		<b id="6" c="8 6" t="1"/>
		<b id="7" c="6 9" t="1"/>
		<b id="8" c="6 5" t="1"/>
		<b id="9" c="5 10" t="ar"/>
		<b id="10" c="11 10" t="1"/>
		<b id="11" c="10 12" t="ar"/>
		<b id="12" c="14 13" t="1"/>
		<b id="13" c="15 13" t="1"/>
		<b id="14" c="13 16" t="1"/>
		<b id="15" c="13 12" t="1"/>
		<b id="16" c="12 17" t="ar"/>
		<b id="17" c="17 18" t="1"/>
		<b id="18" c="17 2" t="ar"/>
	</bonds>
	<geometry>
		<g u="A" t="cart/3d">#18,3:0.3485,3.0298,-0.0850;0.2244,1.9506,-0.0548;1.3335,1.1181,-0.2029;2.3168,1.5615,-0.3412;1.1818,-0.2726,-0.1804;2.3765,-1.1697,-0.3138;2.1032,-2.1150,-0.7943;2.7965,-1.3826,0.6740;3.1491,-0.7026,-0.9336;-0.0939,-0.8166,0.0229;-0.2183,-1.8975,0.0533;-1.2116,0.0130,0.1877;-2.5779,-0.5807,0.3629;-3.0415,-0.7472,-0.6142;-3.2204,0.0831,0.9510;-2.5231,-1.5353,0.8967;-1.0438,1.4009,0.1322;-1.8998,2.0628,0.2395;</g>
	</geometry>
	<conformers/>
	<properties/>
</molecule>
