<?xml version="1.0" ?>
<!--MOLLI PACKAGE EXPERIMENTAL XML FORMAT-->
<molecule name="react_327_c2_frag_0">
	<atoms>
		<a id="1" s="H" t="H" l="H"/>
		<a id="2" s="C" t="C.ar" l="C"/>
		<a id="3" s="C" t="C.ar" l="C"/>
		<a id="4" s="H" t="H" l="H"/>
		<a id="5" s="C" t="C.ar" l="C"/>
		<a id="6" s="H" t="H" l="H"/>
		<a id="7" s="C" t="C.ar" l="C"/>
		<a id="8" s="H" t="H" l="H"/>
		<a id="9" s="C" t="C.ar" l="C"/>
		<a id="10" s="C" t="C.ar" l="C"/>
		<a id="11" s="H" t="H" l="H"/>
		<a id="12" s="C" t="C.ar" l="C"/>
		<a id="13" s="H" t="H" l="H"/>
		<a id="14" s="C" t="C.ar" l="C"/>
		<a id="15" s="H" t="H" l="H"/>
		<a id="16" s="C" t="C.ar" l="C"/>
		<a id="17" s="H" t="H" l="H"/>
		<a id="18" s="C" t="C.ar" l="C"/>
	</atoms>
	<bonds>
		<b id="1" c="1 2" t="1"/>
		<b id="2" c="2 3" t="ar"/>
		<b id="3" c="4 3" t="1"/>
		<b id="4" c="3 5" t="ar"/>
		<b id="5" c="6 5" t="1"/>
		<b id="6" c="5 7" t="ar"/>
		<b id="7" c="8 7" t="1"/>
		<b id="8" c="7 9" t="ar"/>
		<b id="9" c="9 10" t="ar"/>
		<b id="10" c="11 10" t="1"/>
		<b id="11" c="10 12" t="ar"/>
		<b id="12" c="13 12" t="1"/>
		<b id="13" c="12 14" t="ar"/>
		<b id="14" c="15 14" t="1"/>
		<b id="15" c="14 16" t="ar"/>
		<b id="16" c="17 16" t="1"/>
		<b id="17" c="16 18" t="ar"/>
		<b id="18" c="18 2" t="ar"/>
		<b id="19" c="18 9" t="ar"/>
	</bonds>
	<geometry>
		<g u="A" t="cart/3d">#18,3:1.4463,2.3624,-0.1841;1.3348,1.2876,-0.0603;2.4776,0.5065,0.1192;3.4582,0.9748,0.1335;2.3606,-0.8711,0.2797;3.2496,-1.4803,0.4195;1.1004,-1.4711,0.2611;1.0290,-2.5489,0.3881;-0.0595,-0.6998,0.0815;-1.3348,-1.2876,0.0603;-1.4463,-2.3624,0.1841;-2.4776,-0.5065,-0.1192;-3.4582,-0.9748,-0.1335;-2.3606,0.8711,-0.2797;-3.2496,1.4803,-0.4195;-1.1004,1.4711,-0.2611;-1.0290,2.5489,-0.3881;0.0595,0.6998,-0.0815;</g>
	</geometry>
	<conformers/>
	<properties/>
</molecule>
