<?xml version="1.0" ?>
<!--MOLLI PACKAGE EXPERIMENTAL XML FORMAT-->
<molecule name="react_328_c2_frag_0">
	<atoms>
		<a id="1" s="H" t="H" l="H"/>
		<a id="2" s="C" t="C.ar" l="C"/>
		<a id="3" s="C" t="C.ar" l="C"/>
		<a id="4" s="H" t="H" l="H"/>
		<a id="5" s="C" t="C.ar" l="C"/>
		<a id="6" s="C" t="C.ar" l="C"/>
		<a id="7" s="H" t="H" l="H"/>
		<a id="8" s="C" t="C.ar" l="C"/>
		<a id="9" s="H" t="H" l="H"/>
		<a id="10" s="C" t="C.ar" l="C"/>
		<a id="11" s="H" t="H" l="H"/>
		<a id="12" s="C" t="C.ar" l="C"/>
		<a id="13" s="H" t="H" l="H"/>
		<a id="14" s="C" t="C.ar" l="C"/>
		<a id="15" s="C" t="C.ar" l="C"/>
		<a id="16" s="C" t="C.ar" l="C"/>
		<a id="17" s="H" t="H" l="H"/>
		<a id="18" s="C" t="C.ar" l="C"/>
		<a id="19" s="H" t="H" l="H"/>
		<a id="20" s="C" t="C.ar" l="C"/>
		<a id="21" s="H" t="H" l="H"/>
		<a id="22" s="C" t="C.ar" l="C"/>
		<a id="23" s="H" t="H" l="H"/>
		<a id="24" s="C" t="C.ar" l="C"/>
	</atoms>
	<bonds>
		<b id="1" c="1 2" t="1"/>
		<b id="2" c="2 3" t="ar"/>
		<b id="3" c="4 3" t="1"/>
		<b id="4" c="3 5" t="ar"/>
		<b id="5" c="5 6" t="ar"/>
		<b id="6" c="7 6" t="1"/>
		<b id="7" c="6 8" t="ar"/>
		<b id="8" c="9 8" t="1"/>
		<b id="9" c="8 10" t="ar"/>
		<b id="10" c="11 10" t="1"/>
		<b id="11" c="10 12" t="ar"/>
		<b id="12" c="13 12" t="1"/>
		<b id="13" c="12 14" t="ar"/>
		<b id="14" c="14 15" t="ar"/>
		<b id="15" c="15 16" t="ar"/>
		<b id="16" c="17 16" t="1"/>
		<b id="17" c="16 18" t="ar"/>
		<b id="18" c="19 18" t="1"/>
		<b id="19" c="18 20" t="ar"/>
		<b id="20" c="21 20" t="1"/>
		<b id="21" c="20 22" t="ar"/>
		<b id="22" c="23 22" t="1"/>
		<b id="23" c="22 24" t="ar"/>
		<b id="24" c="24 2" t="ar"/>
		<b id="25" c="14 5" t="ar"/>
		<b id="26" c="24 15" t="ar"/>
	</bonds>
	<geometry>
		<g u="A" t="cart/3d">#24,3:-1.5931,2.8471,0.2068;-0.9553,1.9686,0.1348;0.4231,2.1501,0.0649;0.8163,3.1643,0.0846;1.2861,1.0554,-0.0288;2.6730,1.2730,-0.0977;3.0727,2.2850,-0.0784;3.5642,0.2077,-0.1917;4.6334,0.3932,-0.2441;3.0774,-1.0900,-0.2178;3.7640,-1.9292,-0.2910;1.6997,-1.3193,-0.1499;1.3717,-2.3544,-0.1741;0.7595,-0.2619,-0.0535;-0.6676,-0.4498,0.0190;-1.3076,-1.7153,0.0028;-0.7275,-2.6308,-0.0676;-2.6975,-1.8504,0.0753;-3.1478,-2.8394,0.0598;-3.4977,-0.7222,0.1667;-4.5783,-0.8198,0.2234;-2.9070,0.5382,0.1855;-3.5505,1.4128,0.2577;-1.5113,0.6870,0.1132;</g>
	</geometry>
	<conformers/>
	<properties/>
</molecule>
