<?xml version="1.0" ?>
<!--MOLLI PACKAGE EXPERIMENTAL XML FORMAT-->
<molecule name="react_330_c1_frag_0">
	<atoms>
		<a id="1" s="H" t="H" l="H"/>
		<a id="2" s="C" t="C.3" l="C"/>
		<a id="3" s="H" t="H" l="H"/>
		<a id="4" s="H" t="H" l="H"/>
		<a id="5" s="C" t="C.3" l="C"/>
		<a id="6" s="H" t="H" l="H"/>
		<a id="7" s="H" t="H" l="H"/>
		<a id="8" s="C" t="C.3" l="C"/>
		<a id="9" s="H" t="H" l="H"/>
		<a id="10" s="H" t="H" l="H"/>
		<a id="11" s="C" t="C.3" l="C"/>
		<a id="12" s="H" t="H" l="H"/>
		<a id="13" s="H" t="H" l="H"/>
		<a id="14" s="C" t="C.3" l="C"/>
		<a id="15" s="H" t="H" l="H"/>
		<a id="16" s="H" t="H" l="H"/>
		<a id="17" s="C" t="C.3" l="C"/>
		<a id="18" s="H" t="H" l="H"/>
		<a id="19" s="H" t="H" l="H"/>
		<a id="20" s="H" t="H" l="H"/>
	</atoms>
	<bonds>
		<b id="1" c="1 2" t="1"/>
		<b id="2" c="3 2" t="1"/>
		<b id="3" c="4 2" t="1"/>
		<b id="4" c="2 5" t="1"/>
		<b id="5" c="6 5" t="1"/>
		<b id="6" c="7 5" t="1"/>
		<b id="7" c="5 8" t="1"/>
		<b id="8" c="9 8" t="1"/>
		<b id="9" c="10 8" t="1"/>
		<b id="10" c="8 11" t="1"/>
		<b id="11" c="12 11" t="1"/>
		<b id="12" c="13 11" t="1"/>
		<b id="13" c="11 14" t="1"/>
		<b id="14" c="15 14" t="1"/>
		<b id="15" c="16 14" t="1"/>
		<b id="16" c="14 17" t="1"/>
		<b id="17" c="18 17" t="1"/>
		<b id="18" c="17 19" t="1"/>
		<b id="19" c="17 20" t="1"/>
	</bonds>
	<geometry>
		<g u="A" t="cart/3d">#20,3:2.8178,-1.0075,-0.6649;2.7586,-0.0345,-0.1671;2.5409,0.7279,-0.9205;3.7436,0.1903,0.2547;1.7107,-0.0472,0.9351;1.6475,0.9477,1.3909;2.0439,-0.7352,1.7214;0.3251,-0.4925,0.4595;0.3970,-1.4828,-0.0062;-0.3098,-0.6039,1.3457;-0.3251,0.4925,-0.5159;-0.3970,1.4828,-0.0502;0.3098,0.6039,-1.4021;-1.7107,0.0472,-0.9915;-2.0439,0.7352,-1.7778;-1.6475,-0.9477,-1.4474;-2.7586,0.0345,0.1107;-2.5409,-0.7279,0.8641;-2.8178,1.0075,0.6084;-3.7436,-0.1903,-0.3111;</g>
	</geometry>
	<conformers/>
	<properties/>
</molecule>
