<?xml version="1.0" ?>
<!--MOLLI PACKAGE EXPERIMENTAL XML FORMAT-->
<molecule name="react_330_c2_frag_0">
	<atoms>
		<a id="1" s="H" t="H" l="H"/>
		<a id="2" s="C" t="C.ar" l="C"/>
		<a id="3" s="C" t="C.ar" l="C"/>
		<a id="4" s="H" t="H" l="H"/>
		<a id="5" s="C" t="C.ar" l="C"/>
		<a id="6" s="H" t="H" l="H"/>
		<a id="7" s="C" t="C.ar" l="C"/>
		<a id="8" s="H" t="H" l="H"/>
		<a id="9" s="C" t="C.ar" l="C"/>
		<a id="10" s="H" t="H" l="H"/>
		<a id="11" s="C" t="C.ar" l="C"/>
		<a id="12" s="H" t="H" l="H"/>
	</atoms>
	<bonds>
		<b id="1" c="1 2" t="1"/>
		<b id="2" c="2 3" t="ar"/>
		<b id="3" c="4 3" t="1"/>
		<b id="4" c="3 5" t="ar"/>
		<b id="5" c="6 5" t="1"/>
		<b id="6" c="5 7" t="ar"/>
		<b id="7" c="8 7" t="1"/>
		<b id="8" c="7 9" t="ar"/>
		<b id="9" c="10 9" t="1"/>
		<b id="10" c="9 11" t="ar"/>
		<b id="11" c="11 12" t="1"/>
		<b id="12" c="11 2" t="ar"/>
	</bonds>
	<geometry>
		<g u="A" t="cart/3d">#12,3:2.4413,0.4401,0.0677;1.3722,0.2473,0.0381;0.8992,-1.0647,0.0585;1.5998,-1.8942,0.1041;-0.4730,-1.3120,0.0205;-0.8415,-2.3342,0.0364;-1.3722,-0.2473,-0.0381;-2.4413,-0.4400,-0.0678;-0.8992,1.0647,-0.0585;-1.5998,1.8942,-0.1041;0.4730,1.3120,-0.0204;0.8415,2.3342,-0.0364;</g>
	</geometry>
	<conformers/>
	<properties/>
</molecule>
