<?xml version="1.0" ?>
<!--MOLLI PACKAGE EXPERIMENTAL XML FORMAT-->
<molecule name="react_397_c1_frag_0">
	<atoms>
		<a id="1" s="H" t="H" l="H"/>
		<a id="2" s="C" t="C.3" l="C"/>
		<a id="3" s="H" t="H" l="H"/>
		<a id="4" s="H" t="H" l="H"/>
		<a id="5" s="C" t="C.ar" l="C"/>
		<a id="6" s="C" t="C.ar" l="C"/>
		<a id="7" s="H" t="H" l="H"/>
		<a id="8" s="C" t="C.ar" l="C"/>
		<a id="9" s="H" t="H" l="H"/>
		<a id="10" s="C" t="C.ar" l="C"/>
		<a id="11" s="H" t="H" l="H"/>
		<a id="12" s="C" t="C.ar" l="C"/>
		<a id="13" s="O" t="O.3" l="O"/>
		<a id="14" s="C" t="C.3" l="C"/>
		<a id="15" s="H" t="H" l="H"/>
		<a id="16" s="H" t="H" l="H"/>
		<a id="17" s="H" t="H" l="H"/>
		<a id="18" s="C" t="C.ar" l="C"/>
		<a id="19" s="C" t="C.3" l="C"/>
		<a id="20" s="H" t="H" l="H"/>
		<a id="21" s="H" t="H" l="H"/>
		<a id="22" s="H" t="H" l="H"/>
	</atoms>
	<bonds>
		<b id="1" c="1 2" t="1"/>
		<b id="2" c="3 2" t="1"/>
		<b id="3" c="4 2" t="1"/>
		<b id="4" c="2 5" t="1"/>
		<b id="5" c="5 6" t="ar"/>
		<b id="6" c="7 6" t="1"/>
		<b id="7" c="6 8" t="ar"/>
		<b id="8" c="9 8" t="1"/>
		<b id="9" c="8 10" t="ar"/>
		<b id="10" c="11 10" t="1"/>
		<b id="11" c="10 12" t="ar"/>
		<b id="12" c="13 14" t="1"/>
		<b id="13" c="15 14" t="1"/>
		<b id="14" c="16 14" t="1"/>
		<b id="15" c="14 17" t="1"/>
		<b id="16" c="13 12" t="1"/>
		<b id="17" c="12 18" t="ar"/>
		<b id="18" c="18 19" t="1"/>
		<b id="19" c="20 19" t="1"/>
		<b id="20" c="19 21" t="1"/>
		<b id="21" c="18 5" t="ar"/>
		<b id="22" c="19 22" t="1"/>
	</bonds>
	<geometry>
		<g u="A" t="cart/3d">#22,3:-3.6404,0.3366,0.4483;-2.8866,-0.3743,0.0931;-3.1569,-0.6684,-0.9259;-2.9333,-1.2467,0.7528;-1.5080,0.2293,0.1106;-1.3789,1.6075,0.3342;-2.2610,2.2249,0.4905;-0.1233,2.2066,0.3665;-0.0371,3.2753,0.5445;1.0236,1.4372,0.1798;1.9819,1.9429,0.2237;0.9235,0.0620,-0.0525;1.9995,-0.7711,-0.2294;3.2967,-0.1938,-0.1678;3.4893,0.2420,0.8181;3.4387,0.5446,-0.9638;4.0260,-0.9944,-0.3245;-0.3486,-0.5501,-0.1125;-0.4551,-2.0375,-0.3467;-0.4508,-2.5651,0.6122;-1.3690,-2.2947,-0.8906;0.3700,-2.4128,-0.9607;</g>
	</geometry>
	<conformers/>
	<properties/>
</molecule>
