<?xml version="1.0" ?>
<!--MOLLI PACKAGE EXPERIMENTAL XML FORMAT-->
<molecule name="react_398_c2_frag_0">
	<atoms>
		<a id="1" s="H" t="H" l="H"/>
		<a id="2" s="C" t="C.ar" l="C"/>
		<a id="3" s="C" t="C.ar" l="C"/>
		<a id="4" s="H" t="H" l="H"/>
		<a id="5" s="C" t="C.ar" l="C"/>
		<a id="6" s="H" t="H" l="H"/>
		<a id="7" s="C" t="C.ar" l="C"/>
		<a id="8" s="C" t="C.3" l="C"/>
		<a id="9" s="H" t="H" l="H"/>
		<a id="10" s="H" t="H" l="H"/>
		<a id="11" s="H" t="H" l="H"/>
		<a id="12" s="C" t="C.ar" l="C"/>
		<a id="13" s="H" t="H" l="H"/>
		<a id="14" s="C" t="C.ar" l="C"/>
		<a id="15" s="H" t="H" l="H"/>
	</atoms>
	<bonds>
		<b id="1" c="1 2" t="1"/>
		<b id="2" c="2 3" t="ar"/>
		<b id="3" c="4 3" t="1"/>
		<b id="4" c="3 5" t="ar"/>
		<b id="5" c="6 5" t="1"/>
		<b id="6" c="5 7" t="ar"/>
		<b id="7" c="9 8" t="1"/>
		<b id="8" c="10 8" t="1"/>
		<b id="9" c="8 11" t="1"/>
		<b id="10" c="8 7" t="1"/>
		<b id="11" c="7 12" t="ar"/>
		<b id="12" c="13 12" t="1"/>
		<b id="13" c="12 14" t="ar"/>
		<b id="14" c="14 15" t="1"/>
		<b id="15" c="14 2" t="ar"/>
	</bonds>
	<geometry>
		<g u="A" t="cart/3d">#15,3:-3.1545,0.2818,-0.0879;-2.0726,0.1848,-0.0617;-1.2679,1.3182,-0.1608;-1.7225,2.3001,-0.2623;0.1222,1.1943,-0.1259;0.7374,2.0883,-0.1969;0.7190,-0.0664,-0.0022;2.2114,-0.1968,0.0693;2.5440,-0.1242,1.1093;2.5398,-1.1574,-0.3414;2.7007,0.5898,-0.5148;-0.0982,-1.1980,0.1115;0.3438,-2.1849,0.2272;-1.4881,-1.0728,0.0765;-2.1146,-1.9568,0.1601;</g>
	</geometry>
	<conformers/>
	<properties/>
</molecule>
