<?xml version="1.0" ?>
<!--MOLLI PACKAGE EXPERIMENTAL XML FORMAT-->
<molecule name="react_399_c2_frag_0">
	<atoms>
		<a id="1" s="H" t="H" l="H"/>
		<a id="2" s="C" t="C.ar" l="C"/>
		<a id="3" s="C" t="C.ar" l="C"/>
		<a id="4" s="H" t="H" l="H"/>
		<a id="5" s="C" t="C.ar" l="C"/>
		<a id="6" s="H" t="H" l="H"/>
		<a id="7" s="C" t="C.ar" l="C"/>
		<a id="8" s="O" t="O.3" l="O"/>
		<a id="9" s="C" t="C.3" l="C"/>
		<a id="10" s="H" t="H" l="H"/>
		<a id="11" s="H" t="H" l="H"/>
		<a id="12" s="H" t="H" l="H"/>
		<a id="13" s="C" t="C.ar" l="C"/>
		<a id="14" s="H" t="H" l="H"/>
		<a id="15" s="C" t="C.ar" l="C"/>
		<a id="16" s="H" t="H" l="H"/>
	</atoms>
	<bonds>
		<b id="1" c="1 2" t="1"/>
		<b id="2" c="2 3" t="ar"/>
		<b id="3" c="4 3" t="1"/>
		<b id="4" c="3 5" t="ar"/>
		<b id="5" c="6 5" t="1"/>
		<b id="6" c="5 7" t="ar"/>
		<b id="7" c="8 9" t="1"/>
		<b id="8" c="10 9" t="1"/>
		<b id="9" c="11 9" t="1"/>
		<b id="10" c="9 12" t="1"/>
		<b id="11" c="8 7" t="1"/>
		<b id="12" c="7 13" t="ar"/>
		<b id="13" c="14 13" t="1"/>
		<b id="14" c="13 15" t="ar"/>
		<b id="15" c="15 16" t="1"/>
		<b id="16" c="15 2" t="ar"/>
	</bonds>
	<geometry>
		<g u="A" t="cart/3d">#16,3:-3.4260,-0.0216,0.3119;-2.3539,0.0684,0.1585;-1.8426,1.1231,-0.5934;-2.5128,1.8591,-1.0289;-0.4647,1.2343,-0.7876;-0.0686,2.0589,-1.3751;0.4115,0.2964,-0.2345;1.7339,0.5228,-0.5012;2.6655,-0.4047,0.0401;2.6314,-0.4058,1.1346;2.5015,-1.4098,-0.3623;3.6681,-0.0857,-0.2609;-0.1062,-0.7589,0.5182;0.5344,-1.5103,0.9666;-1.4867,-0.8713,0.7135;-1.8849,-1.6950,1.3005;</g>
	</geometry>
	<conformers/>
	<properties/>
</molecule>
