<?xml version="1.0" ?>
<!--MOLLI PACKAGE EXPERIMENTAL XML FORMAT-->
<molecule name="react_400_c2_frag_0">
	<atoms>
		<a id="1" s="H" t="H" l="H"/>
		<a id="2" s="C" t="C.ar" l="C"/>
		<a id="3" s="C" t="C.ar" l="C"/>
		<a id="4" s="H" t="H" l="H"/>
		<a id="5" s="C" t="C.ar" l="C"/>
		<a id="6" s="H" t="H" l="H"/>
		<a id="7" s="C" t="C.ar" l="C"/>
		<a id="8" s="C" t="C.3" l="C"/>
		<a id="9" s="F" t="F" l="F"/>
		<a id="10" s="F" t="F" l="F"/>
		<a id="11" s="F" t="F" l="F"/>
		<a id="12" s="C" t="C.ar" l="C"/>
		<a id="13" s="H" t="H" l="H"/>
		<a id="14" s="C" t="C.ar" l="C"/>
		<a id="15" s="H" t="H" l="H"/>
	</atoms>
	<bonds>
		<b id="1" c="1 2" t="1"/>
		<b id="2" c="2 3" t="ar"/>
		<b id="3" c="4 3" t="1"/>
		<b id="4" c="3 5" t="ar"/>
		<b id="5" c="6 5" t="1"/>
		<b id="6" c="5 7" t="ar"/>
		<b id="7" c="9 8" t="1"/>
		<b id="8" c="10 8" t="1"/>
		<b id="9" c="8 11" t="1"/>
		<b id="10" c="8 7" t="1"/>
		<b id="11" c="7 12" t="ar"/>
		<b id="12" c="13 12" t="1"/>
		<b id="13" c="12 14" t="ar"/>
		<b id="14" c="14 15" t="1"/>
		<b id="15" c="14 2" t="ar"/>
	</bonds>
	<geometry>
		<g u="A" t="cart/3d">#15,3:-3.1966,-0.1055,0.1077;-2.1107,-0.0691,0.0682;-1.4470,1.1407,0.2637;-2.0159,2.0470,0.4567;-0.0528,1.1887,0.2139;0.4535,2.1399,0.3718;0.6917,0.0258,-0.0392;2.1990,0.0720,-0.0706;2.7500,-0.1401,1.1565;2.7470,-0.8665,-0.8931;2.6898,1.2693,-0.4983;0.0108,-1.1877,-0.2254;0.5672,-2.1050,-0.4129;-1.3834,-1.2329,-0.1751;-1.9028,-2.1765,-0.3240;</g>
	</geometry>
	<conformers/>
	<properties/>
</molecule>
