<?xml version="1.0" ?>
<!--MOLLI PACKAGE EXPERIMENTAL XML FORMAT-->
<molecule name="react_400_c2_frag_1">
	<atoms>
		<a id="1" s="H" t="H" l="H"/>
		<a id="2" s="C" t="C.3" l="C"/>
		<a id="3" s="H" t="H" l="H"/>
		<a id="4" s="H" t="H" l="H"/>
		<a id="5" s="C" t="C.3" l="C"/>
		<a id="6" s="H" t="H" l="H"/>
		<a id="7" s="H" t="H" l="H"/>
		<a id="8" s="C" t="C.3" l="C"/>
		<a id="9" s="H" t="H" l="H"/>
		<a id="10" s="H" t="H" l="H"/>
		<a id="11" s="C" t="C.3" l="C"/>
		<a id="12" s="H" t="H" l="H"/>
		<a id="13" s="H" t="H" l="H"/>
		<a id="14" s="H" t="H" l="H"/>
	</atoms>
	<bonds>
		<b id="1" c="1 2" t="1"/>
		<b id="2" c="3 2" t="1"/>
		<b id="3" c="4 2" t="1"/>
		<b id="4" c="2 5" t="1"/>
		<b id="5" c="6 5" t="1"/>
		<b id="6" c="7 5" t="1"/>
		<b id="7" c="5 8" t="1"/>
		<b id="8" c="9 8" t="1"/>
		<b id="9" c="10 8" t="1"/>
		<b id="10" c="8 11" t="1"/>
		<b id="11" c="12 11" t="1"/>
		<b id="12" c="11 13" t="1"/>
		<b id="13" c="11 14" t="1"/>
	</bonds>
	<geometry>
		<g u="A" t="cart/3d">#14,3:2.0787,0.9134,0.6439;1.9238,0.1817,-0.1556;2.7304,-0.5561,-0.1017;2.0017,0.7006,-1.1164;0.5737,-0.5028,-0.0137;0.4641,-1.2501,-0.8082;0.5407,-1.0385,0.9421;-0.5737,0.5028,-0.0851;-0.4641,1.2501,0.7094;-0.5408,1.0385,-1.0409;-1.9238,-0.1817,0.0568;-2.7304,0.5561,0.0029;-2.0017,-0.7006,1.0176;-2.0787,-0.9134,-0.7427;</g>
	</geometry>
	<conformers/>
	<properties/>
</molecule>
