<?xml version="1.0" ?>
<!--MOLLI PACKAGE EXPERIMENTAL XML FORMAT-->
<molecule name="react_415_c1_frag_0">
	<atoms>
		<a id="1" s="H" t="H" l="H"/>
		<a id="2" s="C" t="C.3" l="C"/>
		<a id="3" s="H" t="H" l="H"/>
		<a id="4" s="H" t="H" l="H"/>
		<a id="5" s="C" t="C.3" l="C"/>
		<a id="6" s="O" t="O.3" l="O"/>
		<a id="7" s="C" t="C.3" l="C"/>
		<a id="8" s="H" t="H" l="H"/>
		<a id="9" s="H" t="H" l="H"/>
		<a id="10" s="H" t="H" l="H"/>
		<a id="11" s="O" t="O.3" l="O"/>
		<a id="12" s="C" t="C.3" l="C"/>
		<a id="13" s="H" t="H" l="H"/>
		<a id="14" s="H" t="H" l="H"/>
		<a id="15" s="H" t="H" l="H"/>
		<a id="16" s="C" t="C.3" l="C"/>
		<a id="17" s="H" t="H" l="H"/>
		<a id="18" s="H" t="H" l="H"/>
		<a id="19" s="C" t="C.3" l="C"/>
		<a id="20" s="H" t="H" l="H"/>
		<a id="21" s="H" t="H" l="H"/>
		<a id="22" s="H" t="H" l="H"/>
	</atoms>
	<bonds>
		<b id="1" c="1 2" t="1"/>
		<b id="2" c="3 2" t="1"/>
		<b id="3" c="4 2" t="1"/>
		<b id="4" c="2 5" t="1"/>
		<b id="5" c="6 7" t="1"/>
		<b id="6" c="8 7" t="1"/>
		<b id="7" c="9 7" t="1"/>
		<b id="8" c="7 10" t="1"/>
		<b id="9" c="6 5" t="1"/>
		<b id="10" c="11 12" t="1"/>
		<b id="11" c="13 12" t="1"/>
		<b id="12" c="14 12" t="1"/>
		<b id="13" c="12 15" t="1"/>
		<b id="14" c="11 5" t="1"/>
		<b id="15" c="5 16" t="1"/>
		<b id="16" c="17 16" t="1"/>
		<b id="17" c="18 16" t="1"/>
		<b id="18" c="16 19" t="1"/>
		<b id="19" c="20 19" t="1"/>
		<b id="20" c="19 21" t="1"/>
		<b id="21" c="19 22" t="1"/>
	</bonds>
	<geometry>
		<g u="A" t="cart/3d">#22,3:0.3311,-1.9608,-1.1210;0.0830,-0.9476,-1.4524;0.8319,-0.6099,-2.1774;-0.8639,-1.0081,-2.0016;-0.0245,0.0332,-0.2742;-0.8136,-0.5158,0.7893;-2.1333,-0.8957,0.4266;-2.6787,-1.1343,1.3441;-2.1214,-1.7943,-0.1962;-2.6615,-0.0853,-0.0834;-0.6090,1.2292,-0.8140;-0.7664,2.2975,0.1084;-1.3998,3.0558,-0.3607;-1.2532,1.9697,1.0311;0.1979,2.7627,0.3296;1.3839,0.3232,0.3007;1.2916,0.9802,1.1744;1.9824,0.8732,-0.4361;2.1513,-0.9109,0.7620;1.5753,-1.4913,1.4891;2.4081,-1.5616,-0.0790;3.0888,-0.6091,1.2406;</g>
	</geometry>
	<conformers/>
	<properties/>
</molecule>
