<?xml version="1.0" ?>
<!--MOLLI PACKAGE EXPERIMENTAL XML FORMAT-->
<molecule name="react_415_c2_frag_0">
	<atoms>
		<a id="1" s="H" t="H" l="H"/>
		<a id="2" s="C" t="C.3" l="C"/>
		<a id="3" s="H" t="H" l="H"/>
		<a id="4" s="H" t="H" l="H"/>
		<a id="5" s="O" t="O.3" l="O"/>
		<a id="6" s="C" t="C.2" l="C"/>
		<a id="7" s="O" t="O.2" l="O"/>
		<a id="8" s="C" t="C.ar" l="C"/>
		<a id="9" s="C" t="C.ar" l="C"/>
		<a id="10" s="H" t="H" l="H"/>
		<a id="11" s="C" t="C.ar" l="C"/>
		<a id="12" s="H" t="H" l="H"/>
		<a id="13" s="C" t="C.ar" l="C"/>
		<a id="14" s="H" t="H" l="H"/>
		<a id="15" s="C" t="C.ar" l="C"/>
		<a id="16" s="H" t="H" l="H"/>
		<a id="17" s="C" t="C.ar" l="C"/>
		<a id="18" s="H" t="H" l="H"/>
	</atoms>
	<bonds>
		<b id="1" c="1 2" t="1"/>
		<b id="2" c="3 2" t="1"/>
		<b id="3" c="4 2" t="1"/>
		<b id="4" c="2 5" t="1"/>
		<b id="5" c="5 6" t="1"/>
		<b id="6" c="6 7" t="2"/>
		<b id="7" c="6 8" t="1"/>
		<b id="8" c="8 9" t="ar"/>
		<b id="9" c="10 9" t="1"/>
		<b id="10" c="9 11" t="ar"/>
		<b id="11" c="12 11" t="1"/>
		<b id="12" c="11 13" t="ar"/>
		<b id="13" c="14 13" t="1"/>
		<b id="14" c="13 15" t="ar"/>
		<b id="15" c="16 15" t="1"/>
		<b id="16" c="15 17" t="ar"/>
		<b id="17" c="17 18" t="1"/>
		<b id="18" c="17 8" t="ar"/>
	</bonds>
	<geometry>
		<g u="A" t="cart/3d">#18,3:3.7720,0.2351,0.6572;3.3148,0.8901,-0.0912;3.6114,0.5921,-1.1017;3.6629,1.9118,0.0843;1.8924,0.8796,0.0365;1.3313,-0.3401,-0.1598;1.9350,-1.3683,-0.4235;-0.1480,-0.2699,-0.0105;-0.8186,0.9232,0.2928;-0.2719,1.8525,0.4314;-2.2099,0.9330,0.4218;-2.7266,1.8604,0.6571;-2.9368,-0.2445,0.2492;-4.0195,-0.2344,0.3501;-2.2770,-1.4350,-0.0526;-2.8438,-2.3531,-0.1871;-0.8868,-1.4489,-0.1823;-0.3811,-2.3836,-0.4181;</g>
	</geometry>
	<conformers/>
	<properties/>
</molecule>
