<?xml version="1.0" ?>
<!--MOLLI PACKAGE EXPERIMENTAL XML FORMAT-->
<molecule name="react_416_c2_frag_0">
	<atoms>
		<a id="1" s="H" t="H" l="H"/>
		<a id="2" s="C" t="C.3" l="C"/>
		<a id="3" s="H" t="H" l="H"/>
		<a id="4" s="H" t="H" l="H"/>
		<a id="5" s="O" t="O.3" l="O"/>
		<a id="6" s="C" t="C.2" l="C"/>
		<a id="7" s="O" t="O.2" l="O"/>
		<a id="8" s="C" t="C.ar" l="C"/>
		<a id="9" s="C" t="C.ar" l="C"/>
		<a id="10" s="H" t="H" l="H"/>
		<a id="11" s="C" t="C.ar" l="C"/>
		<a id="12" s="H" t="H" l="H"/>
		<a id="13" s="C" t="C.ar" l="C"/>
		<a id="14" s="N" t="N.pl3" l="N"/>
		<a id="15" s="O" t="O.2" l="O"/>
		<a id="16" s="O" t="O.co2" l="O"/>
		<a id="17" s="C" t="C.ar" l="C"/>
		<a id="18" s="H" t="H" l="H"/>
		<a id="19" s="C" t="C.ar" l="C"/>
		<a id="20" s="H" t="H" l="H"/>
	</atoms>
	<bonds>
		<b id="1" c="1 2" t="1"/>
		<b id="2" c="3 2" t="1"/>
		<b id="3" c="4 2" t="1"/>
		<b id="4" c="2 5" t="1"/>
		<b id="5" c="5 6" t="1"/>
		<b id="6" c="6 7" t="2"/>
		<b id="7" c="6 8" t="1"/>
		<b id="8" c="8 9" t="ar"/>
		<b id="9" c="10 9" t="1"/>
		<b id="10" c="9 11" t="ar"/>
		<b id="11" c="12 11" t="1"/>
		<b id="12" c="11 13" t="ar"/>
		<b id="13" c="14 15" t="2"/>
		<b id="14" c="14 16" t="1"/>
		<b id="15" c="14 13" t="1"/>
		<b id="16" c="13 17" t="ar"/>
		<b id="17" c="18 17" t="1"/>
		<b id="18" c="17 19" t="ar"/>
		<b id="19" c="19 20" t="1"/>
		<b id="20" c="19 8" t="ar"/>
	</bonds>
	<geometry>
		<g u="A" t="cart/3d">#20,3:3.9697,-0.9728,-1.4434;3.7681,0.0627,-1.1517;4.3158,0.3235,-0.2406;4.1035,0.7211,-1.9578;2.3660,0.2669,-0.9684;1.8224,-0.4968,0.0110;2.4198,-1.3021,0.7069;0.3632,-0.2267,0.1397;-0.3051,0.7040,-0.6708;0.2309,1.2674,-1.4321;-1.6784,0.9230,-0.5116;-2.1758,1.6498,-1.1517;-2.3863,0.2071,0.4635;-3.8276,0.4354,0.6321;-4.3688,1.2678,-0.1092;-4.4161,-0.2177,1.5052;-1.7298,-0.7244,1.2782;-2.2650,-1.2885,2.0400;-0.3572,-0.9374,1.1128;0.1507,-1.6626,1.7481;</g>
	</geometry>
	<conformers/>
	<properties/>
</molecule>
