<?xml version="1.0" ?>
<!--MOLLI PACKAGE EXPERIMENTAL XML FORMAT-->
<molecule name="react_417_c1_frag_0">
	<atoms>
		<a id="1" s="H" t="H" l="H"/>
		<a id="2" s="C" t="C.3" l="C"/>
		<a id="3" s="H" t="H" l="H"/>
		<a id="4" s="H" t="H" l="H"/>
		<a id="5" s="C" t="C.3" l="C"/>
		<a id="6" s="O" t="O.3" l="O"/>
		<a id="7" s="C" t="C.3" l="C"/>
		<a id="8" s="H" t="H" l="H"/>
		<a id="9" s="H" t="H" l="H"/>
		<a id="10" s="H" t="H" l="H"/>
		<a id="11" s="O" t="O.3" l="O"/>
		<a id="12" s="C" t="C.3" l="C"/>
		<a id="13" s="H" t="H" l="H"/>
		<a id="14" s="H" t="H" l="H"/>
		<a id="15" s="H" t="H" l="H"/>
		<a id="16" s="C" t="C.3" l="C"/>
		<a id="17" s="H" t="H" l="H"/>
		<a id="18" s="H" t="H" l="H"/>
		<a id="19" s="C" t="C.3" l="C"/>
		<a id="20" s="H" t="H" l="H"/>
		<a id="21" s="H" t="H" l="H"/>
		<a id="22" s="H" t="H" l="H"/>
	</atoms>
	<bonds>
		<b id="1" c="1 2" t="1"/>
		<b id="2" c="3 2" t="1"/>
		<b id="3" c="4 2" t="1"/>
		<b id="4" c="2 5" t="1"/>
		<b id="5" c="6 7" t="1"/>
		<b id="6" c="8 7" t="1"/>
		<b id="7" c="9 7" t="1"/>
		<b id="8" c="7 10" t="1"/>
		<b id="9" c="6 5" t="1"/>
		<b id="10" c="11 12" t="1"/>
		<b id="11" c="13 12" t="1"/>
		<b id="12" c="14 12" t="1"/>
		<b id="13" c="12 15" t="1"/>
		<b id="14" c="11 5" t="1"/>
		<b id="15" c="5 16" t="1"/>
		<b id="16" c="17 16" t="1"/>
		<b id="17" c="18 16" t="1"/>
		<b id="18" c="16 19" t="1"/>
		<b id="19" c="20 19" t="1"/>
		<b id="20" c="19 21" t="1"/>
		<b id="21" c="19 22" t="1"/>
	</bonds>
	<geometry>
		<g u="A" t="cart/3d">#22,3:1.4494,0.8611,1.3746;0.5264,0.2729,1.3223;0.7443,-0.6923,1.7913;-0.2269,0.7893,1.9263;0.0651,0.1033,-0.1333;-0.5678,1.3155,-0.5840;0.2974,2.4350,-0.7023;0.6980,2.7317,0.2703;-0.2890,3.2725,-1.0914;1.1110,2.2385,-1.4061;1.1665,-0.1890,-1.0041;1.8928,-1.3793,-0.7489;1.2792,-2.2655,-0.9274;2.7330,-1.4143,-1.4487;2.3028,-1.3937,0.2638;-1.0187,-0.9959,-0.2497;-0.6318,-1.9572,0.1069;-1.2612,-1.1401,-1.3108;-2.3147,-0.6975,0.4966;-2.7793,0.2280,0.1437;-3.0310,-1.5101,0.3370;-2.1453,-0.6128,1.5739;</g>
	</geometry>
	<conformers/>
	<properties/>
</molecule>
