<?xml version="1.0" ?>
<!--MOLLI PACKAGE EXPERIMENTAL XML FORMAT-->
<molecule name="react_418_c2_frag_0">
	<atoms>
		<a id="1" s="H" t="H" l="H"/>
		<a id="2" s="C" t="C.3" l="C"/>
		<a id="3" s="H" t="H" l="H"/>
		<a id="4" s="H" t="H" l="H"/>
		<a id="5" s="O" t="O.3" l="O"/>
		<a id="6" s="C" t="C.2" l="C"/>
		<a id="7" s="O" t="O.2" l="O"/>
		<a id="8" s="C" t="C.ar" l="C"/>
		<a id="9" s="C" t="C.ar" l="C"/>
		<a id="10" s="H" t="H" l="H"/>
		<a id="11" s="C" t="C.ar" l="C"/>
		<a id="12" s="H" t="H" l="H"/>
		<a id="13" s="C" t="C.ar" l="C"/>
		<a id="14" s="O" t="O.3" l="O"/>
		<a id="15" s="C" t="C.3" l="C"/>
		<a id="16" s="H" t="H" l="H"/>
		<a id="17" s="H" t="H" l="H"/>
		<a id="18" s="H" t="H" l="H"/>
		<a id="19" s="C" t="C.ar" l="C"/>
		<a id="20" s="H" t="H" l="H"/>
		<a id="21" s="C" t="C.ar" l="C"/>
		<a id="22" s="H" t="H" l="H"/>
	</atoms>
	<bonds>
		<b id="1" c="1 2" t="1"/>
		<b id="2" c="3 2" t="1"/>
		<b id="3" c="4 2" t="1"/>
		<b id="4" c="2 5" t="1"/>
		<b id="5" c="5 6" t="1"/>
		<b id="6" c="6 7" t="2"/>
		<b id="7" c="6 8" t="1"/>
		<b id="8" c="8 9" t="ar"/>
		<b id="9" c="10 9" t="1"/>
		<b id="10" c="9 11" t="ar"/>
		<b id="11" c="12 11" t="1"/>
		<b id="12" c="11 13" t="ar"/>
		<b id="13" c="14 15" t="1"/>
		<b id="14" c="16 15" t="1"/>
		<b id="15" c="17 15" t="1"/>
		<b id="16" c="15 18" t="1"/>
		<b id="17" c="14 13" t="1"/>
		<b id="18" c="13 19" t="ar"/>
		<b id="19" c="20 19" t="1"/>
		<b id="20" c="19 21" t="ar"/>
		<b id="21" c="21 22" t="1"/>
		<b id="22" c="21 8" t="ar"/>
	</bonds>
	<geometry>
		<g u="A" t="cart/3d">#22,3:4.5825,1.0851,0.9150;4.0959,0.2493,1.4275;4.5357,-0.7045,1.1197;4.2469,0.3686,2.5040;2.6902,0.2572,1.1747;2.3665,0.1157,-0.1353;3.1581,-0.0104,-1.0562;0.8891,0.1336,-0.3166;0.3791,-0.0014,-1.6127;1.0515,-0.1161,-2.4607;-1.0016,0.0099,-1.8288;-1.3881,-0.0957,-2.8401;-1.8898,0.1554,-0.7603;-3.2109,0.1498,-1.1117;-4.1584,0.2948,-0.0612;-5.1576,0.2700,-0.5064;-4.0897,-0.5354,0.6495;-4.0427,1.2593,0.4441;-1.3845,0.2903,0.5334;-2.0369,0.4057,1.3928;-0.0010,0.2796,0.7556;0.3657,0.3865,1.7737;</g>
	</geometry>
	<conformers/>
	<properties/>
</molecule>
