<?xml version="1.0" ?>
<!--MOLLI PACKAGE EXPERIMENTAL XML FORMAT-->
<molecule name="react_419_c2_frag_0">
	<atoms>
		<a id="1" s="H" t="H" l="H"/>
		<a id="2" s="C" t="C.ar" l="C"/>
		<a id="3" s="C" t="C.ar" l="C"/>
		<a id="4" s="H" t="H" l="H"/>
		<a id="5" s="C" t="C.ar" l="C"/>
		<a id="6" s="H" t="H" l="H"/>
		<a id="7" s="C" t="C.ar" l="C"/>
		<a id="8" s="C" t="C.3" l="C"/>
		<a id="9" s="C" t="C.3" l="C"/>
		<a id="10" s="H" t="H" l="H"/>
		<a id="11" s="H" t="H" l="H"/>
		<a id="12" s="H" t="H" l="H"/>
		<a id="13" s="C" t="C.3" l="C"/>
		<a id="14" s="H" t="H" l="H"/>
		<a id="15" s="H" t="H" l="H"/>
		<a id="16" s="H" t="H" l="H"/>
		<a id="17" s="C" t="C.3" l="C"/>
		<a id="18" s="H" t="H" l="H"/>
		<a id="19" s="H" t="H" l="H"/>
		<a id="20" s="H" t="H" l="H"/>
		<a id="21" s="C" t="C.ar" l="C"/>
		<a id="22" s="H" t="H" l="H"/>
		<a id="23" s="C" t="C.ar" l="C"/>
		<a id="24" s="H" t="H" l="H"/>
	</atoms>
	<bonds>
		<b id="1" c="1 2" t="1"/>
		<b id="2" c="2 3" t="ar"/>
		<b id="3" c="4 3" t="1"/>
		<b id="4" c="3 5" t="ar"/>
		<b id="5" c="6 5" t="1"/>
		<b id="6" c="5 7" t="ar"/>
		<b id="7" c="10 9" t="1"/>
		<b id="8" c="11 9" t="1"/>
		<b id="9" c="9 12" t="1"/>
		<b id="10" c="9 8" t="1"/>
		<b id="11" c="14 13" t="1"/>
		<b id="12" c="15 13" t="1"/>
		<b id="13" c="13 16" t="1"/>
		<b id="14" c="13 8" t="1"/>
		<b id="15" c="8 17" t="1"/>
		<b id="16" c="18 17" t="1"/>
		<b id="17" c="19 17" t="1"/>
		<b id="18" c="17 20" t="1"/>
		<b id="19" c="8 7" t="1"/>
		<b id="20" c="7 21" t="ar"/>
		<b id="21" c="22 21" t="1"/>
		<b id="22" c="21 23" t="ar"/>
		<b id="23" c="23 24" t="1"/>
		<b id="24" c="23 2" t="ar"/>
	</bonds>
	<geometry>
		<g u="A" t="cart/3d">#24,3:4.3070,-0.3464,0.0892;3.2249,-0.2544,0.0610;2.6175,0.5729,-0.8774;3.2271,1.1294,-1.5847;1.2239,0.6932,-0.9160;0.8024,1.3530,-1.6690;0.4050,-0.0111,-0.0171;-1.1299,0.0969,-0.0306;-1.6799,1.0467,-1.1188;-2.7753,1.0901,-1.0884;-1.3135,2.0710,-0.9831;-1.3990,0.7136,-2.1247;-1.7462,-1.2954,-0.2866;-1.3902,-1.7161,-1.2345;-2.8400,-1.2405,-0.3359;-1.4972,-2.0109,0.5047;-1.6249,0.6289,1.3317;-1.1810,1.6054,1.5587;-1.3734,-0.0464,2.1568;-2.7147,0.7486,1.3369;1.0470,-0.8421,0.9228;0.4656,-1.4121,1.6442;2.4390,-0.9628,0.9622;2.9058,-1.6115,1.6986;</g>
	</geometry>
	<conformers/>
	<properties/>
</molecule>
