<?xml version="1.0" ?>
<!--MOLLI PACKAGE EXPERIMENTAL XML FORMAT-->
<molecule name="react_424_c1_frag_0">
	<atoms>
		<a id="1" s="H" t="H" l="H"/>
		<a id="2" s="C" t="C.3" l="C"/>
		<a id="3" s="H" t="H" l="H"/>
		<a id="4" s="H" t="H" l="H"/>
		<a id="5" s="C" t="C.3" l="C"/>
		<a id="6" s="H" t="H" l="H"/>
		<a id="7" s="H" t="H" l="H"/>
		<a id="8" s="C" t="C.3" l="C"/>
		<a id="9" s="H" t="H" l="H"/>
		<a id="10" s="H" t="H" l="H"/>
		<a id="11" s="C" t="C.3" l="C"/>
		<a id="12" s="H" t="H" l="H"/>
		<a id="13" s="H" t="H" l="H"/>
		<a id="14" s="H" t="H" l="H"/>
	</atoms>
	<bonds>
		<b id="1" c="1 2" t="1"/>
		<b id="2" c="3 2" t="1"/>
		<b id="3" c="4 2" t="1"/>
		<b id="4" c="2 5" t="1"/>
		<b id="5" c="6 5" t="1"/>
		<b id="6" c="7 5" t="1"/>
		<b id="7" c="5 8" t="1"/>
		<b id="8" c="9 8" t="1"/>
		<b id="9" c="10 8" t="1"/>
		<b id="10" c="8 11" t="1"/>
		<b id="11" c="12 11" t="1"/>
		<b id="12" c="11 13" t="1"/>
		<b id="13" c="11 14" t="1"/>
	</bonds>
	<geometry>
		<g u="A" t="cart/3d">#14,3:-1.6310,-1.7241,0.0373;-1.7014,-0.7797,-0.5118;-2.7274,-0.4095,-0.4206;-1.5060,-0.9817,-1.5698;-0.7213,0.2444,0.0375;-0.8398,1.1861,-0.5111;-0.9641,0.4479,1.0870;0.7213,-0.2444,-0.0761;0.8398,-1.1861,0.4725;0.9641,-0.4479,-1.1256;1.7014,0.7797,0.4733;1.6310,1.7241,-0.0758;2.7274,0.4095,0.3821;1.5060,0.9817,1.5313;</g>
	</geometry>
	<conformers/>
	<properties/>
</molecule>
