<?xml version="1.0" ?>
<!--MOLLI PACKAGE EXPERIMENTAL XML FORMAT-->
<molecule name="react_424_c2_frag_0">
	<atoms>
		<a id="1" s="H" t="H" l="H"/>
		<a id="2" s="C" t="C.3" l="C"/>
		<a id="3" s="H" t="H" l="H"/>
		<a id="4" s="H" t="H" l="H"/>
		<a id="5" s="P" t="P.3" l="P"/>
		<a id="6" s="O" t="O.2" l="O"/>
		<a id="7" s="C" t="C.ar" l="C"/>
		<a id="8" s="C" t="C.ar" l="C"/>
		<a id="9" s="H" t="H" l="H"/>
		<a id="10" s="C" t="C.ar" l="C"/>
		<a id="11" s="H" t="H" l="H"/>
		<a id="12" s="C" t="C.ar" l="C"/>
		<a id="13" s="H" t="H" l="H"/>
		<a id="14" s="C" t="C.ar" l="C"/>
		<a id="15" s="H" t="H" l="H"/>
		<a id="16" s="C" t="C.ar" l="C"/>
		<a id="17" s="H" t="H" l="H"/>
		<a id="18" s="C" t="C.ar" l="C"/>
		<a id="19" s="C" t="C.ar" l="C"/>
		<a id="20" s="H" t="H" l="H"/>
		<a id="21" s="C" t="C.ar" l="C"/>
		<a id="22" s="H" t="H" l="H"/>
		<a id="23" s="C" t="C.ar" l="C"/>
		<a id="24" s="H" t="H" l="H"/>
		<a id="25" s="C" t="C.ar" l="C"/>
		<a id="26" s="H" t="H" l="H"/>
		<a id="27" s="C" t="C.ar" l="C"/>
		<a id="28" s="H" t="H" l="H"/>
	</atoms>
	<bonds>
		<b id="1" c="1 2" t="1"/>
		<b id="2" c="3 2" t="1"/>
		<b id="3" c="4 2" t="1"/>
		<b id="4" c="2 5" t="1"/>
		<b id="5" c="5 6" t="2"/>
		<b id="6" c="7 8" t="ar"/>
		<b id="7" c="9 8" t="1"/>
		<b id="8" c="8 10" t="ar"/>
		<b id="9" c="11 10" t="1"/>
		<b id="10" c="10 12" t="ar"/>
		<b id="11" c="13 12" t="1"/>
		<b id="12" c="12 14" t="ar"/>
		<b id="13" c="15 14" t="1"/>
		<b id="14" c="14 16" t="ar"/>
		<b id="15" c="16 17" t="1"/>
		<b id="16" c="7 5" t="1"/>
		<b id="17" c="5 18" t="1"/>
		<b id="18" c="18 19" t="ar"/>
		<b id="19" c="20 19" t="1"/>
		<b id="20" c="19 21" t="ar"/>
		<b id="21" c="22 21" t="1"/>
		<b id="22" c="21 23" t="ar"/>
		<b id="23" c="24 23" t="1"/>
		<b id="24" c="23 25" t="ar"/>
		<b id="25" c="26 25" t="1"/>
		<b id="26" c="25 27" t="ar"/>
		<b id="27" c="27 28" t="1"/>
		<b id="28" c="16 7" t="ar"/>
		<b id="29" c="27 18" t="ar"/>
	</bonds>
	<geometry>
		<g u="A" t="cart/3d">#28,3:0.0618,-1.9886,1.7769;-0.0139,-2.5014,0.8147;-0.9144,-3.1223,0.8281;0.8553,-3.1534,0.6915;-0.1065,-1.3240,-0.5582;-0.3200,-2.1286,-1.8244;1.4025,-0.3651,-0.5963;1.8175,0.1859,-1.8183;1.2259,0.0098,-2.7159;2.9822,0.9494,-1.8997;3.2912,1.3670,-2.8546;3.7484,1.1717,-0.7584;4.6568,1.7652,-0.8212;3.3509,0.6297,0.4621;3.9521,0.8022,1.3514;2.1849,-0.1351,0.5435;1.8988,-0.5452,1.5076;-1.4684,-0.2268,-0.1819;-1.4280,0.6483,0.9125;-0.5539,0.6864,1.5569;-2.5074,1.4900,1.1881;-2.4657,2.1683,2.0367;-3.6381,1.4653,0.3742;-4.4775,2.1219,0.5880;-3.6912,0.6006,-0.7166;-4.5710,0.5808,-1.3547;-2.6124,-0.2401,-0.9926;-2.6600,-0.9122,-1.8485;</g>
	</geometry>
	<conformers/>
	<properties/>
</molecule>
