<?xml version="1.0" ?>
<!--MOLLI PACKAGE EXPERIMENTAL XML FORMAT-->
<molecule name="react_426_c1_frag_0">
	<atoms>
		<a id="1" s="H" t="H" l="H"/>
		<a id="2" s="C" t="C.3" l="C"/>
		<a id="3" s="H" t="H" l="H"/>
		<a id="4" s="H" t="H" l="H"/>
		<a id="5" s="C" t="C.ar" l="C"/>
		<a id="6" s="C" t="C.ar" l="C"/>
		<a id="7" s="H" t="H" l="H"/>
		<a id="8" s="C" t="C.ar" l="C"/>
		<a id="9" s="H" t="H" l="H"/>
		<a id="10" s="C" t="C.ar" l="C"/>
		<a id="11" s="H" t="H" l="H"/>
		<a id="12" s="C" t="C.ar" l="C"/>
		<a id="13" s="O" t="O.3" l="O"/>
		<a id="14" s="C" t="C.3" l="C"/>
		<a id="15" s="H" t="H" l="H"/>
		<a id="16" s="H" t="H" l="H"/>
		<a id="17" s="H" t="H" l="H"/>
		<a id="18" s="C" t="C.ar" l="C"/>
		<a id="19" s="C" t="C.3" l="C"/>
		<a id="20" s="H" t="H" l="H"/>
		<a id="21" s="H" t="H" l="H"/>
		<a id="22" s="H" t="H" l="H"/>
	</atoms>
	<bonds>
		<b id="1" c="1 2" t="1"/>
		<b id="2" c="3 2" t="1"/>
		<b id="3" c="4 2" t="1"/>
		<b id="4" c="2 5" t="1"/>
		<b id="5" c="5 6" t="ar"/>
		<b id="6" c="7 6" t="1"/>
		<b id="7" c="6 8" t="ar"/>
		<b id="8" c="9 8" t="1"/>
		<b id="9" c="8 10" t="ar"/>
		<b id="10" c="11 10" t="1"/>
		<b id="11" c="10 12" t="ar"/>
		<b id="12" c="13 14" t="1"/>
		<b id="13" c="15 14" t="1"/>
		<b id="14" c="16 14" t="1"/>
		<b id="15" c="14 17" t="1"/>
		<b id="16" c="13 12" t="1"/>
		<b id="17" c="12 18" t="ar"/>
		<b id="18" c="18 19" t="1"/>
		<b id="19" c="20 19" t="1"/>
		<b id="20" c="19 21" t="1"/>
		<b id="21" c="18 5" t="ar"/>
		<b id="22" c="19 22" t="1"/>
	</bonds>
	<geometry>
		<g u="A" t="cart/3d">#22,3:-3.6183,0.4545,0.6264;-2.8892,-0.3013,0.3148;-3.1954,-0.6782,-0.6660;-2.9333,-1.1108,1.0505;-1.4994,0.2712,0.2403;-1.3370,1.6606,0.3368;-2.2019,2.3085,0.4621;-0.0697,2.2326,0.2807;0.0425,3.3106,0.3606;1.0561,1.4246,0.1312;2.0249,1.9111,0.1033;0.9226,0.0369,0.0249;1.9765,-0.8320,-0.1072;3.2858,-0.2800,-0.1334;3.4184,0.3819,-0.9955;3.5161,0.2367,0.8041;3.9945,-1.1072,-0.2386;-0.3624,-0.5501,0.0550;-0.5045,-2.0497,-0.0430;-1.4391,-2.3338,-0.5362;-0.4819,-2.4905,0.9584;0.2945,-2.4957,-0.6440;</g>
	</geometry>
	<conformers/>
	<properties/>
</molecule>
