<?xml version="1.0" ?>
<!--MOLLI PACKAGE EXPERIMENTAL XML FORMAT-->
<molecule name="react_426_c2_frag_0">
	<atoms>
		<a id="1" s="H" t="H" l="H"/>
		<a id="2" s="C" t="C.2" l="C"/>
		<a id="3" s="O" t="O.2" l="O"/>
		<a id="4" s="O" t="O.3" l="O"/>
		<a id="5" s="C" t="C.3" l="C"/>
		<a id="6" s="H" t="H" l="H"/>
		<a id="7" s="H" t="H" l="H"/>
		<a id="8" s="C" t="C.ar" l="C"/>
		<a id="9" s="C" t="C.ar" l="C"/>
		<a id="10" s="H" t="H" l="H"/>
		<a id="11" s="C" t="C.ar" l="C"/>
		<a id="12" s="H" t="H" l="H"/>
		<a id="13" s="C" t="C.ar" l="C"/>
		<a id="14" s="H" t="H" l="H"/>
		<a id="15" s="C" t="C.ar" l="C"/>
		<a id="16" s="H" t="H" l="H"/>
		<a id="17" s="C" t="C.ar" l="C"/>
		<a id="18" s="H" t="H" l="H"/>
	</atoms>
	<bonds>
		<b id="1" c="1 2" t="1"/>
		<b id="2" c="2 3" t="2"/>
		<b id="3" c="2 4" t="1"/>
		<b id="4" c="4 5" t="1"/>
		<b id="5" c="6 5" t="1"/>
		<b id="6" c="7 5" t="1"/>
		<b id="7" c="5 8" t="1"/>
		<b id="8" c="8 9" t="ar"/>
		<b id="9" c="10 9" t="1"/>
		<b id="10" c="9 11" t="ar"/>
		<b id="11" c="12 11" t="1"/>
		<b id="12" c="11 13" t="ar"/>
		<b id="13" c="14 13" t="1"/>
		<b id="14" c="13 15" t="ar"/>
		<b id="15" c="16 15" t="1"/>
		<b id="16" c="15 17" t="ar"/>
		<b id="17" c="17 18" t="1"/>
		<b id="18" c="17 8" t="ar"/>
	</bonds>
	<geometry>
		<g u="A" t="cart/3d">#18,3:3.4506,1.7680,0.3317;2.8436,1.1188,-0.3183;2.6625,1.3217,-1.5080;2.3617,0.0913,0.4197;1.5204,-0.8310,-0.2826;1.7275,-1.8319,0.1138;1.7492,-0.8803,-1.3545;0.0756,-0.4798,-0.0405;-0.5701,-0.8894,1.1345;-0.0348,-1.4747,1.8788;-1.9038,-0.5475,1.3645;-2.3979,-0.8713,2.2769;-2.6011,0.2131,0.4276;-3.6388,0.4807,0.6080;-1.9649,0.6367,-0.7378;-2.5050,1.2370,-1.4652;-0.6316,0.2955,-0.9698;-0.1430,0.6432,-1.8788;</g>
	</geometry>
	<conformers/>
	<properties/>
</molecule>
