<?xml version="1.0" ?>
<!--MOLLI PACKAGE EXPERIMENTAL XML FORMAT-->
<molecule name="react_483_c1_frag_0">
	<atoms>
		<a id="1" s="H" t="H" l="H"/>
		<a id="2" s="C" t="C.3" l="C"/>
		<a id="3" s="H" t="H" l="H"/>
		<a id="4" s="H" t="H" l="H"/>
		<a id="5" s="C" t="C.3" l="C"/>
		<a id="6" s="H" t="H" l="H"/>
		<a id="7" s="H" t="H" l="H"/>
		<a id="8" s="C" t="C.3" l="C"/>
		<a id="9" s="H" t="H" l="H"/>
		<a id="10" s="H" t="H" l="H"/>
		<a id="11" s="H" t="H" l="H"/>
	</atoms>
	<bonds>
		<b id="1" c="1 2" t="1"/>
		<b id="2" c="3 2" t="1"/>
		<b id="3" c="4 2" t="1"/>
		<b id="4" c="2 5" t="1"/>
		<b id="5" c="6 5" t="1"/>
		<b id="6" c="7 5" t="1"/>
		<b id="7" c="5 8" t="1"/>
		<b id="8" c="9 8" t="1"/>
		<b id="9" c="8 10" t="1"/>
		<b id="10" c="8 11" t="1"/>
	</bonds>
	<geometry>
		<g u="A" t="cart/3d">#11,3:2.0461,-0.4847,-0.5935;1.2501,0.1631,-0.2132;1.5364,0.5013,0.7878;1.1841,1.0394,-0.8660;-0.0692,-0.5897,-0.1771;-0.3168,-0.9402,-1.1852;0.0335,-1.4753,0.4597;-1.1979,0.2819,0.3469;-0.9890,0.6239,1.3656;-1.3413,1.1620,-0.2883;-2.1360,-0.2817,0.3633;</g>
	</geometry>
	<conformers/>
	<properties/>
</molecule>
