<?xml version="1.0" ?>
<!--MOLLI PACKAGE EXPERIMENTAL XML FORMAT-->
<molecule name="react_610_c1_frag_0">
	<atoms>
		<a id="1" s="H" t="H" l="H"/>
		<a id="2" s="C" t="C.2" l="C"/>
		<a id="3" s="O" t="O.2" l="O"/>
		<a id="4" s="O" t="O.3" l="O"/>
		<a id="5" s="C" t="C.2" l="C"/>
		<a id="6" s="C" t="C.2" l="C"/>
		<a id="7" s="H" t="H" l="H"/>
		<a id="8" s="C" t="C.2" l="C"/>
		<a id="9" s="H" t="H" l="H"/>
		<a id="10" s="C" t="C.2" l="C"/>
		<a id="11" s="H" t="H" l="H"/>
		<a id="12" s="C" t="C.ar" l="C"/>
		<a id="13" s="C" t="C.ar" l="C"/>
		<a id="14" s="H" t="H" l="H"/>
		<a id="15" s="C" t="C.ar" l="C"/>
		<a id="16" s="H" t="H" l="H"/>
		<a id="17" s="C" t="C.ar" l="C"/>
		<a id="18" s="H" t="H" l="H"/>
		<a id="19" s="C" t="C.ar" l="C"/>
		<a id="20" s="H" t="H" l="H"/>
		<a id="21" s="C" t="C.ar" l="C"/>
		<a id="22" s="H" t="H" l="H"/>
		<a id="23" s="H" t="H" l="H"/>
	</atoms>
	<bonds>
		<b id="1" c="1 2" t="1"/>
		<b id="2" c="2 3" t="2"/>
		<b id="3" c="2 4" t="1"/>
		<b id="4" c="4 5" t="1"/>
		<b id="5" c="5 6" t="2"/>
		<b id="6" c="7 6" t="1"/>
		<b id="7" c="6 8" t="1"/>
		<b id="8" c="9 8" t="1"/>
		<b id="9" c="8 10" t="2"/>
		<b id="10" c="10 11" t="1"/>
		<b id="11" c="10 12" t="1"/>
		<b id="12" c="12 13" t="ar"/>
		<b id="13" c="14 13" t="1"/>
		<b id="14" c="13 15" t="ar"/>
		<b id="15" c="16 15" t="1"/>
		<b id="16" c="15 17" t="ar"/>
		<b id="17" c="18 17" t="1"/>
		<b id="18" c="17 19" t="ar"/>
		<b id="19" c="20 19" t="1"/>
		<b id="20" c="19 21" t="ar"/>
		<b id="21" c="21 22" t="1"/>
		<b id="22" c="21 12" t="ar"/>
		<b id="23" c="5 23" t="1"/>
	</bonds>
	<geometry>
		<g u="A" t="cart/3d">#23,3:6.4693,0.9589,-0.5308;5.4747,0.8950,-1.0000;5.2736,1.0655,-2.1927;4.5651,0.6025,-0.0230;3.2386,0.4810,-0.4439;2.2526,0.2439,0.4281;2.4924,0.1461,1.4842;0.8690,0.1105,0.0328;0.6471,0.2048,-1.0285;-0.1159,-0.1338,0.9113;0.1039,-0.2573,1.9693;-1.5300,-0.2806,0.5377;-2.1363,0.5325,-0.4290;-1.5646,1.2991,-0.9463;-3.4914,0.3825,-0.7356;-3.9498,1.0174,-1.4893;-4.2560,-0.5744,-0.0717;-5.3100,-0.6903,-0.3101;-3.6683,-1.3782,0.9027;-4.2635,-2.1223,1.4254;-2.3135,-1.2279,1.2098;-1.8729,-1.8651,1.9731;3.0860,0.5901,-1.5108;</g>
	</geometry>
	<conformers/>
	<properties/>
</molecule>
