<?xml version="1.0" ?>
<!--MOLLI PACKAGE EXPERIMENTAL XML FORMAT-->
<molecule name="react_72_c1_frag_0">
	<atoms>
		<a id="1" s="H" t="H" l="H"/>
		<a id="2" s="C" t="C.3" l="C"/>
		<a id="3" s="H" t="H" l="H"/>
		<a id="4" s="H" t="H" l="H"/>
		<a id="5" s="C" t="C.3" l="C"/>
		<a id="6" s="H" t="H" l="H"/>
		<a id="7" s="H" t="H" l="H"/>
		<a id="8" s="C" t="C.3" l="C"/>
		<a id="9" s="H" t="H" l="H"/>
		<a id="10" s="H" t="H" l="H"/>
		<a id="11" s="C" t="C.3" l="C"/>
		<a id="12" s="H" t="H" l="H"/>
		<a id="13" s="H" t="H" l="H"/>
		<a id="14" s="C" t="C.3" l="C"/>
		<a id="15" s="H" t="H" l="H"/>
		<a id="16" s="H" t="H" l="H"/>
		<a id="17" s="C" t="C.3" l="C"/>
		<a id="18" s="H" t="H" l="H"/>
		<a id="19" s="H" t="H" l="H"/>
		<a id="20" s="H" t="H" l="H"/>
	</atoms>
	<bonds>
		<b id="1" c="1 2" t="1"/>
		<b id="2" c="3 2" t="1"/>
		<b id="3" c="4 2" t="1"/>
		<b id="4" c="2 5" t="1"/>
		<b id="5" c="6 5" t="1"/>
		<b id="6" c="7 5" t="1"/>
		<b id="7" c="5 8" t="1"/>
		<b id="8" c="9 8" t="1"/>
		<b id="9" c="10 8" t="1"/>
		<b id="10" c="8 11" t="1"/>
		<b id="11" c="12 11" t="1"/>
		<b id="12" c="13 11" t="1"/>
		<b id="13" c="11 14" t="1"/>
		<b id="14" c="15 14" t="1"/>
		<b id="15" c="16 14" t="1"/>
		<b id="16" c="14 17" t="1"/>
		<b id="17" c="18 17" t="1"/>
		<b id="18" c="19 17" t="1"/>
		<b id="19" c="17 20" t="1"/>
	</bonds>
	<geometry>
		<g u="A" t="cart/3d">#20,3:3.2101,0.4047,1.4007;3.1688,0.1585,0.3349;3.3551,-0.9143,0.2222;3.9761,0.6983,-0.1699;1.8244,0.5437,-0.2617;1.6836,1.6262,-0.1616;1.8279,0.3145,-1.3337;0.6752,-0.1951,0.4237;0.6789,0.0343,1.4963;0.8231,-1.2774,0.3244;-0.6752,0.1951,-0.1792;-0.8231,1.2774,-0.0798;-0.6789,-0.0343,-1.2518;-1.8244,-0.5437,0.5062;-1.8279,-0.3145,1.5782;-1.6836,-1.6262,0.4062;-3.1688,-0.1585,-0.0903;-3.9761,-0.6983,0.4145;-3.3551,0.9143,0.0224;-3.2101,-0.4047,-1.1561;</g>
	</geometry>
	<conformers/>
	<properties/>
</molecule>
