<?xml version="1.0" ?>
<!--MOLLI PACKAGE EXPERIMENTAL XML FORMAT-->
<molecule name="react_610_c2_frag_0">
	<atoms>
		<a id="1" s="H" t="H" l="H"/>
		<a id="2" s="C" t="C.2" l="C"/>
		<a id="3" s="O" t="O.3" l="O"/>
		<a id="4" s="C" t="C.2" l="C"/>
		<a id="5" s="O" t="O.2" l="O"/>
		<a id="6" s="C" t="C.2" l="C"/>
		<a id="7" s="H" t="H" l="H"/>
		<a id="8" s="C" t="C.2" l="C"/>
		<a id="9" s="H" t="H" l="H"/>
		<a id="10" s="C" t="C.2" l="C"/>
		<a id="11" s="H" t="H" l="H"/>
		<a id="12" s="C" t="C.ar" l="C"/>
		<a id="13" s="C" t="C.ar" l="C"/>
		<a id="14" s="H" t="H" l="H"/>
		<a id="15" s="C" t="C.ar" l="C"/>
		<a id="16" s="H" t="H" l="H"/>
		<a id="17" s="C" t="C.ar" l="C"/>
		<a id="18" s="H" t="H" l="H"/>
		<a id="19" s="C" t="C.ar" l="C"/>
		<a id="20" s="H" t="H" l="H"/>
		<a id="21" s="C" t="C.ar" l="C"/>
		<a id="22" s="H" t="H" l="H"/>
		<a id="23" s="H" t="H" l="H"/>
	</atoms>
	<bonds>
		<b id="1" c="1 2" t="1"/>
		<b id="2" c="3 4" t="1"/>
		<b id="3" c="4 5" t="2"/>
		<b id="4" c="3 2" t="1"/>
		<b id="5" c="2 6" t="2"/>
		<b id="6" c="7 6" t="1"/>
		<b id="7" c="6 8" t="1"/>
		<b id="8" c="9 8" t="1"/>
		<b id="9" c="8 10" t="2"/>
		<b id="10" c="10 11" t="1"/>
		<b id="11" c="10 12" t="1"/>
		<b id="12" c="12 13" t="ar"/>
		<b id="13" c="14 13" t="1"/>
		<b id="14" c="13 15" t="ar"/>
		<b id="15" c="16 15" t="1"/>
		<b id="16" c="15 17" t="ar"/>
		<b id="17" c="18 17" t="1"/>
		<b id="18" c="17 19" t="ar"/>
		<b id="19" c="20 19" t="1"/>
		<b id="20" c="19 21" t="ar"/>
		<b id="21" c="21 22" t="1"/>
		<b id="22" c="21 12" t="ar"/>
		<b id="23" c="4 23" t="1"/>
	</bonds>
	<geometry>
		<g u="A" t="cart/3d">#23,3:3.0547,2.1489,-0.1127;3.2789,1.0910,-0.0249;4.6785,0.9545,0.0052;5.3316,-0.2392,0.1097;4.8683,-1.3648,0.1934;2.3375,0.1391,0.0385;2.6058,-0.9095,0.1261;0.9216,0.4455,-0.0055;0.6563,1.4945,-0.0931;-0.0237,-0.5066,0.0579;0.2891,-1.5463,0.1454;-1.4850,-0.3005,0.0214;-2.0924,0.9581,-0.0875;-1.5006,1.8659,-0.1519;-3.4857,1.0833,-0.1166;-3.9384,2.0678,-0.2015;-4.2927,-0.0482,-0.0373;-5.3746,0.0505,-0.0600;-3.7078,-1.3060,0.0713;-4.3322,-2.1934,0.1336;-2.3156,-1.4299,0.1002;-1.8864,-2.4261,0.1857;6.4130,-0.0287,0.1077;</g>
	</geometry>
	<conformers/>
	<properties/>
</molecule>
