<?xml version="1.0" ?>
<!--MOLLI PACKAGE EXPERIMENTAL XML FORMAT-->
<molecule name="react_611_c2_frag_0">
	<atoms>
		<a id="1" s="H" t="H" l="H"/>
		<a id="2" s="C" t="C.2" l="C"/>
		<a id="3" s="O" t="O.3" l="O"/>
		<a id="4" s="C" t="C.2" l="C"/>
		<a id="5" s="O" t="O.2" l="O"/>
		<a id="6" s="C" t="C.2" l="C"/>
		<a id="7" s="H" t="H" l="H"/>
		<a id="8" s="C" t="C.2" l="C"/>
		<a id="9" s="H" t="H" l="H"/>
		<a id="10" s="C" t="C.2" l="C"/>
		<a id="11" s="H" t="H" l="H"/>
		<a id="12" s="C" t="C.ar" l="C"/>
		<a id="13" s="C" t="C.ar" l="C"/>
		<a id="14" s="H" t="H" l="H"/>
		<a id="15" s="C" t="C.ar" l="C"/>
		<a id="16" s="H" t="H" l="H"/>
		<a id="17" s="C" t="C.ar" l="C"/>
		<a id="18" s="H" t="H" l="H"/>
		<a id="19" s="C" t="C.ar" l="C"/>
		<a id="20" s="H" t="H" l="H"/>
		<a id="21" s="C" t="C.ar" l="C"/>
		<a id="22" s="H" t="H" l="H"/>
		<a id="23" s="H" t="H" l="H"/>
	</atoms>
	<bonds>
		<b id="1" c="1 2" t="1"/>
		<b id="2" c="3 4" t="1"/>
		<b id="3" c="4 5" t="2"/>
		<b id="4" c="3 2" t="1"/>
		<b id="5" c="2 6" t="2"/>
		<b id="6" c="7 6" t="1"/>
		<b id="7" c="6 8" t="1"/>
		<b id="8" c="9 8" t="1"/>
		<b id="9" c="8 10" t="2"/>
		<b id="10" c="10 11" t="1"/>
		<b id="11" c="10 12" t="1"/>
		<b id="12" c="12 13" t="ar"/>
		<b id="13" c="14 13" t="1"/>
		<b id="14" c="13 15" t="ar"/>
		<b id="15" c="16 15" t="1"/>
		<b id="16" c="15 17" t="ar"/>
		<b id="17" c="18 17" t="1"/>
		<b id="18" c="17 19" t="ar"/>
		<b id="19" c="20 19" t="1"/>
		<b id="20" c="19 21" t="ar"/>
		<b id="21" c="21 22" t="1"/>
		<b id="22" c="21 12" t="ar"/>
		<b id="23" c="4 23" t="1"/>
	</bonds>
	<geometry>
		<g u="A" t="cart/3d">#23,3:2.4271,1.8265,-0.3625;2.9566,0.9573,0.0131;4.3343,1.2086,-0.1151;5.3111,0.3537,0.3056;5.2003,-0.7293,0.8567;2.3395,-0.1289,0.4991;2.9003,-0.9706,0.8951;0.9019,-0.2640,0.6068;0.5553,-0.6974,1.5432;0.0302,0.0618,-0.3610;0.3787,0.4853,-1.3000;-1.4259,-0.1011,-0.2432;-2.0069,-1.2179,0.3721;-1.3857,-2.0028,0.7963;-3.3964,-1.3507,0.4379;-3.8351,-2.2205,0.9199;-4.2187,-0.3739,-0.1196;-5.2993,-0.4783,-0.0688;-3.6530,0.7331,-0.7482;-4.2921,1.4939,-1.1885;-2.2636,0.8656,-0.8147;-1.8412,1.7369,-1.3099;6.2829,0.8129,0.0637;</g>
	</geometry>
	<conformers/>
	<properties/>
</molecule>
