<?xml version="1.0" ?>
<!--MOLLI PACKAGE EXPERIMENTAL XML FORMAT-->
<molecule name="react_1_c2_frag_0">
	<atoms>
		<a id="1" s="H" t="H" l="H"/>
		<a id="2" s="C" t="C.ar" l="C"/>
		<a id="3" s="S" t="S.2" l="S"/>
		<a id="4" s="C" t="C.ar" l="C"/>
		<a id="5" s="O" t="O.2" l="O"/>
		<a id="6" s="S" t="S.2" l="S"/>
		<a id="7" s="C" t="C.ar" l="C"/>
		<a id="8" s="H" t="H" l="H"/>
	</atoms>
	<bonds>
		<b id="1" c="1 2" t="1"/>
		<b id="2" c="2 3" t="ar"/>
		<b id="3" c="3 4" t="ar"/>
		<b id="4" c="4 5" t="2"/>
		<b id="5" c="4 6" t="ar"/>
		<b id="6" c="6 7" t="ar"/>
		<b id="7" c="7 8" t="1"/>
		<b id="8" c="7 2" t="ar"/>
	</bonds>
	<geometry>
		<g u="A" t="cart/3d">#8,3:-1.8490,-1.2553,-0.4658;-0.9372,-0.6693,-0.4641;0.5815,-1.4274,-0.8150;1.5657,0.0242,-0.6462;2.7770,0.0430,-0.7989;0.6104,1.4459,-0.2328;-0.9240,0.6405,-0.1987;-1.8243,1.1984,0.0314;</g>
	</geometry>
	<conformers/>
	<properties/>
</molecule>
