<?xml version="1.0" ?>
<!--MOLLI PACKAGE EXPERIMENTAL XML FORMAT-->
<molecule name="react_3_c2_frag_0">
	<atoms>
		<a id="1" s="H" t="H" l="H"/>
		<a id="2" s="C" t="C.ar" l="C"/>
		<a id="3" s="O" t="O.2" l="O"/>
		<a id="4" s="C" t="C.ar" l="C"/>
		<a id="5" s="H" t="H" l="H"/>
		<a id="6" s="C" t="C.ar" l="C"/>
		<a id="7" s="H" t="H" l="H"/>
		<a id="8" s="C" t="C.ar" l="C"/>
		<a id="9" s="H" t="H" l="H"/>
	</atoms>
	<bonds>
		<b id="1" c="1 2" t="1"/>
		<b id="2" c="2 3" t="ar"/>
		<b id="3" c="3 4" t="ar"/>
		<b id="4" c="5 4" t="1"/>
		<b id="5" c="4 6" t="ar"/>
		<b id="6" c="7 6" t="1"/>
		<b id="7" c="6 8" t="ar"/>
		<b id="8" c="8 9" t="1"/>
		<b id="9" c="8 2" t="ar"/>
	</bonds>
	<geometry>
		<g u="A" t="cart/3d">#9,3:-2.0029,-1.1577,-0.0505;-1.0672,-0.6167,-0.0269;0.0540,-1.3811,-0.0854;1.1120,-0.5305,-0.0441;2.0870,-0.9959,-0.0827;0.6783,0.7721,0.0405;1.3055,1.6510,0.0880;-0.7365,0.7161,0.0516;-1.4303,1.5427,0.1096;</g>
	</geometry>
	<conformers/>
	<properties/>
</molecule>
