<?xml version="1.0" ?>
<!--MOLLI PACKAGE EXPERIMENTAL XML FORMAT-->
<molecule name="react_9_c2_frag_0">
	<atoms>
		<a id="1" s="H" t="H" l="H"/>
		<a id="2" s="C" t="C.3" l="C"/>
		<a id="3" s="H" t="H" l="H"/>
		<a id="4" s="H" t="H" l="H"/>
		<a id="5" s="C" t="C.3" l="C"/>
		<a id="6" s="H" t="H" l="H"/>
		<a id="7" s="H" t="H" l="H"/>
		<a id="8" s="C" t="C.3" l="C"/>
		<a id="9" s="H" t="H" l="H"/>
		<a id="10" s="H" t="H" l="H"/>
		<a id="11" s="C" t="C.3" l="C"/>
		<a id="12" s="H" t="H" l="H"/>
		<a id="13" s="H" t="H" l="H"/>
		<a id="14" s="H" t="H" l="H"/>
	</atoms>
	<bonds>
		<b id="1" c="1 2" t="1"/>
		<b id="2" c="3 2" t="1"/>
		<b id="3" c="4 2" t="1"/>
		<b id="4" c="2 5" t="1"/>
		<b id="5" c="6 5" t="1"/>
		<b id="6" c="7 5" t="1"/>
		<b id="7" c="5 8" t="1"/>
		<b id="8" c="9 8" t="1"/>
		<b id="9" c="10 8" t="1"/>
		<b id="10" c="8 11" t="1"/>
		<b id="11" c="12 11" t="1"/>
		<b id="12" c="13 11" t="1"/>
		<b id="13" c="11 14" t="1"/>
	</bonds>
	<geometry>
		<g u="A" t="cart/3d">#14,3:2.5459,0.2696,0.5385;1.5190,-0.1011,0.6203;1.0651,0.3720,1.4959;1.5617,-1.1812,0.7926;0.7463,0.2192,-0.6500;0.6973,1.3063,-0.7822;1.3027,-0.1796,-1.5066;-0.6638,-0.3717,-0.6698;-1.1049,-0.1860,-1.6564;-0.6143,-1.4596,-0.5445;-1.5822,0.2178,0.3895;-2.5964,-0.1763,0.2686;-1.6303,1.3081,0.3053;-1.2460,-0.0374,1.3987;</g>
	</geometry>
	<conformers/>
	<properties/>
</molecule>
