<?xml version="1.0" ?>
<!--MOLLI PACKAGE EXPERIMENTAL XML FORMAT-->
<molecule name="react_10_c1_frag_0">
	<atoms>
		<a id="1" s="H" t="H" l="H"/>
		<a id="2" s="C" t="C.2" l="C"/>
		<a id="3" s="O" t="O.2" l="O"/>
		<a id="4" s="O" t="O.3" l="O"/>
		<a id="5" s="C" t="C.3" l="C"/>
		<a id="6" s="H" t="H" l="H"/>
		<a id="7" s="H" t="H" l="H"/>
		<a id="8" s="C" t="C.3" l="C"/>
		<a id="9" s="H" t="H" l="H"/>
		<a id="10" s="H" t="H" l="H"/>
		<a id="11" s="H" t="H" l="H"/>
	</atoms>
	<bonds>
		<b id="1" c="1 2" t="1"/>
		<b id="2" c="2 3" t="2"/>
		<b id="3" c="2 4" t="1"/>
		<b id="4" c="4 5" t="1"/>
		<b id="5" c="6 5" t="1"/>
		<b id="6" c="7 5" t="1"/>
		<b id="7" c="5 8" t="1"/>
		<b id="8" c="9 8" t="1"/>
		<b id="9" c="10 8" t="1"/>
		<b id="10" c="8 11" t="1"/>
	</bonds>
	<geometry>
		<g u="A" t="cart/3d">#11,3:2.7113,0.3368,-0.6267;1.8283,-0.1241,-0.1573;1.7483,-1.3038,0.1435;0.8778,0.8271,0.0160;-0.3412,0.3815,0.6284;-0.7875,1.2508,1.1226;-0.1467,-0.3662,1.4060;-1.2936,-0.1501,-0.4263;-2.2481,-0.4384,0.0231;-1.4792,0.6081,-1.1941;-0.8695,-1.0216,-0.9350;</g>
	</geometry>
	<conformers/>
	<properties/>
</molecule>
