<?xml version="1.0" ?>
<!--MOLLI PACKAGE EXPERIMENTAL XML FORMAT-->
<molecule name="react_72_c2_frag_0">
	<atoms>
		<a id="1" s="H" t="H" l="H"/>
		<a id="2" s="Si" t="Si" l="SI"/>
		<a id="3" s="C" t="C.3" l="C"/>
		<a id="4" s="H" t="H" l="H"/>
		<a id="5" s="H" t="H" l="H"/>
		<a id="6" s="H" t="H" l="H"/>
		<a id="7" s="C" t="C.3" l="C"/>
		<a id="8" s="H" t="H" l="H"/>
		<a id="9" s="H" t="H" l="H"/>
		<a id="10" s="H" t="H" l="H"/>
		<a id="11" s="C" t="C.3" l="C"/>
		<a id="12" s="H" t="H" l="H"/>
		<a id="13" s="H" t="H" l="H"/>
		<a id="14" s="H" t="H" l="H"/>
	</atoms>
	<bonds>
		<b id="1" c="1 2" t="1"/>
		<b id="2" c="4 3" t="1"/>
		<b id="3" c="5 3" t="1"/>
		<b id="4" c="3 6" t="1"/>
		<b id="5" c="3 2" t="1"/>
		<b id="6" c="8 7" t="1"/>
		<b id="7" c="9 7" t="1"/>
		<b id="8" c="7 10" t="1"/>
		<b id="9" c="7 2" t="1"/>
		<b id="10" c="2 11" t="1"/>
		<b id="11" c="12 11" t="1"/>
		<b id="12" c="13 11" t="1"/>
		<b id="13" c="11 14" t="1"/>
	</bonds>
	<geometry>
		<g u="A" t="cart/3d">#14,3:0.2150,0.9249,-1.7110;0.0518,0.2231,-0.4127;-0.9840,-1.2960,-0.6974;-0.5037,-1.9673,-1.4156;-1.9688,-1.0288,-1.0924;-1.1328,-1.8493,0.2348;-0.7931,1.3809,0.7737;-1.7757,1.6788,0.3956;-0.2002,2.2882,0.9230;-0.9362,0.9066,1.7493;1.7406,-0.2421,0.2146;1.6723,-0.7643,1.1738;2.3626,0.6466,0.3575;2.2522,-0.9013,-0.4931;</g>
	</geometry>
	<conformers/>
	<properties/>
</molecule>
