<?xml version="1.0" ?>
<!--MOLLI PACKAGE EXPERIMENTAL XML FORMAT-->
<molecule name="react_11_c2_frag_0">
	<atoms>
		<a id="1" s="H" t="H" l="H"/>
		<a id="2" s="C" t="C.ar" l="C"/>
		<a id="3" s="C" t="C.ar" l="C"/>
		<a id="4" s="H" t="H" l="H"/>
		<a id="5" s="C" t="C.ar" l="C"/>
		<a id="6" s="H" t="H" l="H"/>
		<a id="7" s="C" t="C.ar" l="C"/>
		<a id="8" s="H" t="H" l="H"/>
		<a id="9" s="C" t="C.ar" l="C"/>
		<a id="10" s="H" t="H" l="H"/>
		<a id="11" s="C" t="C.ar" l="C"/>
		<a id="12" s="H" t="H" l="H"/>
	</atoms>
	<bonds>
		<b id="1" c="1 2" t="1"/>
		<b id="2" c="2 3" t="ar"/>
		<b id="3" c="4 3" t="1"/>
		<b id="4" c="3 5" t="ar"/>
		<b id="5" c="6 5" t="1"/>
		<b id="6" c="5 7" t="ar"/>
		<b id="7" c="8 7" t="1"/>
		<b id="8" c="7 9" t="ar"/>
		<b id="9" c="10 9" t="1"/>
		<b id="10" c="9 11" t="ar"/>
		<b id="11" c="11 12" t="1"/>
		<b id="12" c="11 2" t="ar"/>
	</bonds>
	<geometry>
		<g u="A" t="cart/3d">#12,3:1.3509,-2.0809,0.0534;0.7593,-1.1696,0.0300;1.3925,0.0713,-0.0381;2.4774,0.1269,-0.0678;0.6332,1.2410,-0.0681;1.1265,2.2078,-0.1212;-0.7593,1.1696,-0.0300;-1.3509,2.0809,-0.0534;-1.3925,-0.0713,0.0381;-2.4774,-0.1269,0.0678;-0.6332,-1.2410,0.0681;-1.1265,-2.2078,0.1212;</g>
	</geometry>
	<conformers/>
	<properties/>
</molecule>
