<?xml version="1.0" ?>
<!--MOLLI PACKAGE EXPERIMENTAL XML FORMAT-->
<molecule name="react_15_c2_frag_0">
	<atoms>
		<a id="1" s="H" t="H" l="H"/>
		<a id="2" s="C" t="C.ar" l="C"/>
		<a id="3" s="C" t="C.ar" l="C"/>
		<a id="4" s="H" t="H" l="H"/>
		<a id="5" s="C" t="C.ar" l="C"/>
		<a id="6" s="H" t="H" l="H"/>
		<a id="7" s="C" t="C.ar" l="C"/>
		<a id="8" s="H" t="H" l="H"/>
		<a id="9" s="C" t="C.ar" l="C"/>
		<a id="10" s="H" t="H" l="H"/>
		<a id="11" s="C" t="C.ar" l="C"/>
		<a id="12" s="H" t="H" l="H"/>
	</atoms>
	<bonds>
		<b id="1" c="1 2" t="1"/>
		<b id="2" c="2 3" t="ar"/>
		<b id="3" c="4 3" t="1"/>
		<b id="4" c="3 5" t="ar"/>
		<b id="5" c="6 5" t="1"/>
		<b id="6" c="5 7" t="ar"/>
		<b id="7" c="8 7" t="1"/>
		<b id="8" c="7 9" t="ar"/>
		<b id="9" c="10 9" t="1"/>
		<b id="10" c="9 11" t="ar"/>
		<b id="11" c="11 12" t="1"/>
		<b id="12" c="11 2" t="ar"/>
	</bonds>
	<geometry>
		<g u="A" t="cart/3d">#12,3:1.4042,2.0460,-0.0088;0.7893,1.1500,-0.0050;1.3905,-0.1084,0.0139;2.4739,-0.1929,0.0247;0.6013,-1.2584,0.0189;1.0697,-2.2389,0.0336;-0.7893,-1.1500,0.0050;-1.4042,-2.0460,0.0088;-1.3905,0.1084,-0.0139;-2.4739,0.1929,-0.0247;-0.6013,1.2584,-0.0189;-1.0697,2.2389,-0.0336;</g>
	</geometry>
	<conformers/>
	<properties/>
</molecule>
