<?xml version="1.0" ?>
<!--MOLLI PACKAGE EXPERIMENTAL XML FORMAT-->
<molecule name="react_16_c2_frag_0">
	<atoms>
		<a id="1" s="H" t="H" l="H"/>
		<a id="2" s="C" t="C.2" l="C"/>
		<a id="3" s="O" t="O.2" l="O"/>
		<a id="4" s="C" t="C.3" l="C"/>
		<a id="5" s="H" t="H" l="H"/>
		<a id="6" s="H" t="H" l="H"/>
		<a id="7" s="C" t="C.ar" l="C"/>
		<a id="8" s="C" t="C.ar" l="C"/>
		<a id="9" s="H" t="H" l="H"/>
		<a id="10" s="C" t="C.ar" l="C"/>
		<a id="11" s="H" t="H" l="H"/>
		<a id="12" s="C" t="C.ar" l="C"/>
		<a id="13" s="H" t="H" l="H"/>
		<a id="14" s="C" t="C.ar" l="C"/>
		<a id="15" s="H" t="H" l="H"/>
		<a id="16" s="C" t="C.ar" l="C"/>
		<a id="17" s="H" t="H" l="H"/>
	</atoms>
	<bonds>
		<b id="1" c="1 2" t="1"/>
		<b id="2" c="2 3" t="2"/>
		<b id="3" c="2 4" t="1"/>
		<b id="4" c="5 4" t="1"/>
		<b id="5" c="6 4" t="1"/>
		<b id="6" c="4 7" t="1"/>
		<b id="7" c="7 8" t="ar"/>
		<b id="8" c="9 8" t="1"/>
		<b id="9" c="8 10" t="ar"/>
		<b id="10" c="11 10" t="1"/>
		<b id="11" c="10 12" t="ar"/>
		<b id="12" c="13 12" t="1"/>
		<b id="13" c="12 14" t="ar"/>
		<b id="14" c="15 14" t="1"/>
		<b id="15" c="14 16" t="ar"/>
		<b id="16" c="16 17" t="1"/>
		<b id="17" c="16 7" t="ar"/>
	</bonds>
	<geometry>
		<g u="A" t="cart/3d">#17,3:2.3831,-0.5018,1.4293;2.6288,-0.0095,0.4723;3.6305,0.6942,0.3706;1.7194,-0.3296,-0.6847;1.9860,0.2989,-1.5420;1.9010,-1.3703,-0.9752;0.2705,-0.1235,-0.3282;-0.2603,1.1724,-0.2565;0.3647,2.0371,-0.4738;-1.5964,1.3706,0.0938;-2.0003,2.3785,0.1451;-2.4130,0.2778,0.3776;-3.4539,0.4333,0.6493;-1.8947,-1.0142,0.3118;-2.5332,-1.8659,0.5325;-0.5584,-1.2157,-0.0378;-0.1737,-2.2322,-0.0842;</g>
	</geometry>
	<conformers/>
	<properties/>
</molecule>
