<?xml version="1.0" ?>
<!--MOLLI PACKAGE EXPERIMENTAL XML FORMAT-->
<molecule name="react_17_c2_frag_0">
	<atoms>
		<a id="1" s="H" t="H" l="H"/>
		<a id="2" s="C" t="C.3" l="C"/>
		<a id="3" s="H" t="H" l="H"/>
		<a id="4" s="H" t="H" l="H"/>
		<a id="5" s="O" t="O.3" l="O"/>
		<a id="6" s="C" t="C.ar" l="C"/>
		<a id="7" s="C" t="C.ar" l="C"/>
		<a id="8" s="H" t="H" l="H"/>
		<a id="9" s="C" t="C.ar" l="C"/>
		<a id="10" s="H" t="H" l="H"/>
		<a id="11" s="C" t="C.ar" l="C"/>
		<a id="12" s="H" t="H" l="H"/>
		<a id="13" s="C" t="C.ar" l="C"/>
		<a id="14" s="C" t="C.ar" l="C"/>
		<a id="15" s="H" t="H" l="H"/>
		<a id="16" s="C" t="C.ar" l="C"/>
		<a id="17" s="H" t="H" l="H"/>
		<a id="18" s="C" t="C.ar" l="C"/>
		<a id="19" s="H" t="H" l="H"/>
		<a id="20" s="C" t="C.ar" l="C"/>
		<a id="21" s="H" t="H" l="H"/>
		<a id="22" s="C" t="C.ar" l="C"/>
	</atoms>
	<bonds>
		<b id="1" c="1 2" t="1"/>
		<b id="2" c="3 2" t="1"/>
		<b id="3" c="4 2" t="1"/>
		<b id="4" c="2 5" t="1"/>
		<b id="5" c="5 6" t="1"/>
		<b id="6" c="6 7" t="ar"/>
		<b id="7" c="8 7" t="1"/>
		<b id="8" c="7 9" t="ar"/>
		<b id="9" c="10 9" t="1"/>
		<b id="10" c="9 11" t="ar"/>
		<b id="11" c="12 11" t="1"/>
		<b id="12" c="11 13" t="ar"/>
		<b id="13" c="13 14" t="ar"/>
		<b id="14" c="15 14" t="1"/>
		<b id="15" c="14 16" t="ar"/>
		<b id="16" c="17 16" t="1"/>
		<b id="17" c="16 18" t="ar"/>
		<b id="18" c="19 18" t="1"/>
		<b id="19" c="18 20" t="ar"/>
		<b id="20" c="21 20" t="1"/>
		<b id="21" c="20 22" t="ar"/>
		<b id="22" c="22 6" t="ar"/>
		<b id="23" c="22 13" t="ar"/>
	</bonds>
	<geometry>
		<g u="A" t="cart/3d">#22,3:-3.4489,-1.1541,-0.9744;-3.3593,-0.6549,-0.0041;-4.2398,-0.0177,0.1233;-3.3526,-1.3791,0.8171;-2.2103,0.1803,0.0391;-0.9802,-0.4187,-0.1024;-0.7965,-1.7940,-0.2851;-1.6323,-2.4839,-0.3267;0.4863,-2.3222,-0.4205;0.6212,-3.3915,-0.5621;1.5968,-1.4828,-0.3749;2.5883,-1.9173,-0.4828;1.4434,-0.1015,-0.1931;2.5670,0.7414,-0.1477;3.5681,0.3291,-0.2534;2.4248,2.1170,0.0328;3.3035,2.7553,0.0656;1.1571,2.6683,0.1703;1.0384,3.7391,0.3112;0.0316,1.8428,0.1272;-0.9510,2.2979,0.2373;0.1442,0.4465,-0.0543;</g>
	</geometry>
	<conformers/>
	<properties/>
</molecule>
