<?xml version="1.0" ?>
<!--MOLLI PACKAGE EXPERIMENTAL XML FORMAT-->
<molecule name="react_18_c2_frag_0">
	<atoms>
		<a id="1" s="H" t="H" l="H"/>
		<a id="2" s="C" t="C.ar" l="C"/>
		<a id="3" s="C" t="C.ar" l="C"/>
		<a id="4" s="H" t="H" l="H"/>
		<a id="5" s="C" t="C.ar" l="C"/>
		<a id="6" s="H" t="H" l="H"/>
		<a id="7" s="C" t="C.ar" l="C"/>
		<a id="8" s="H" t="H" l="H"/>
		<a id="9" s="C" t="C.ar" l="C"/>
		<a id="10" s="O" t="O.3" l="O"/>
		<a id="11" s="C" t="C.3" l="C"/>
		<a id="12" s="H" t="H" l="H"/>
		<a id="13" s="H" t="H" l="H"/>
		<a id="14" s="H" t="H" l="H"/>
		<a id="15" s="C" t="C.ar" l="C"/>
		<a id="16" s="H" t="H" l="H"/>
	</atoms>
	<bonds>
		<b id="1" c="1 2" t="1"/>
		<b id="2" c="2 3" t="ar"/>
		<b id="3" c="4 3" t="1"/>
		<b id="4" c="3 5" t="ar"/>
		<b id="5" c="6 5" t="1"/>
		<b id="6" c="5 7" t="ar"/>
		<b id="7" c="8 7" t="1"/>
		<b id="8" c="7 9" t="ar"/>
		<b id="9" c="10 11" t="1"/>
		<b id="10" c="12 11" t="1"/>
		<b id="11" c="13 11" t="1"/>
		<b id="12" c="11 14" t="1"/>
		<b id="13" c="10 9" t="1"/>
		<b id="14" c="9 15" t="ar"/>
		<b id="15" c="15 16" t="1"/>
		<b id="16" c="15 2" t="ar"/>
	</bonds>
	<geometry>
		<g u="A" t="cart/3d">#16,3:2.4775,1.8031,1.1999;1.8223,1.0783,0.7246;2.3598,-0.0100,0.0421;3.4374,-0.1376,-0.0170;1.5117,-0.9350,-0.5647;1.9305,-1.7849,-1.0977;0.1242,-0.7742,-0.4908;-0.5009,-1.5157,-0.9761;-0.4197,0.3149,0.1920;-1.7516,0.5895,0.3396;-2.6646,-0.3210,-0.2594;-2.5692,-1.3207,0.1772;-3.6778,0.0368,-0.0522;-2.5378,-0.3497,-1.3466;0.4374,1.2378,0.7977;0.0208,2.0885,1.3313;</g>
	</geometry>
	<conformers/>
	<properties/>
</molecule>
