<?xml version="1.0" ?>
<!--MOLLI PACKAGE EXPERIMENTAL XML FORMAT-->
<molecule name="react_19_c2_frag_0">
	<atoms>
		<a id="1" s="H" t="H" l="H"/>
		<a id="2" s="C" t="C.ar" l="C"/>
		<a id="3" s="C" t="C.ar" l="C"/>
		<a id="4" s="H" t="H" l="H"/>
		<a id="5" s="C" t="C.ar" l="C"/>
		<a id="6" s="O" t="O.3" l="O"/>
		<a id="7" s="C" t="C.3" l="C"/>
		<a id="8" s="H" t="H" l="H"/>
		<a id="9" s="H" t="H" l="H"/>
		<a id="10" s="H" t="H" l="H"/>
		<a id="11" s="C" t="C.ar" l="C"/>
		<a id="12" s="O" t="O.3" l="O"/>
		<a id="13" s="C" t="C.3" l="C"/>
		<a id="14" s="H" t="H" l="H"/>
		<a id="15" s="H" t="H" l="H"/>
		<a id="16" s="H" t="H" l="H"/>
		<a id="17" s="C" t="C.ar" l="C"/>
		<a id="18" s="O" t="O.3" l="O"/>
		<a id="19" s="C" t="C.3" l="C"/>
		<a id="20" s="H" t="H" l="H"/>
		<a id="21" s="H" t="H" l="H"/>
		<a id="22" s="H" t="H" l="H"/>
		<a id="23" s="C" t="C.ar" l="C"/>
		<a id="24" s="H" t="H" l="H"/>
	</atoms>
	<bonds>
		<b id="1" c="1 2" t="1"/>
		<b id="2" c="2 3" t="ar"/>
		<b id="3" c="4 3" t="1"/>
		<b id="4" c="3 5" t="ar"/>
		<b id="5" c="6 7" t="1"/>
		<b id="6" c="8 7" t="1"/>
		<b id="7" c="9 7" t="1"/>
		<b id="8" c="7 10" t="1"/>
		<b id="9" c="6 5" t="1"/>
		<b id="10" c="5 11" t="ar"/>
		<b id="11" c="12 13" t="1"/>
		<b id="12" c="14 13" t="1"/>
		<b id="13" c="15 13" t="1"/>
		<b id="14" c="13 16" t="1"/>
		<b id="15" c="12 11" t="1"/>
		<b id="16" c="11 17" t="ar"/>
		<b id="17" c="18 19" t="1"/>
		<b id="18" c="20 19" t="1"/>
		<b id="19" c="21 19" t="1"/>
		<b id="20" c="19 22" t="1"/>
		<b id="21" c="18 17" t="1"/>
		<b id="22" c="17 23" t="ar"/>
		<b id="23" c="23 24" t="1"/>
		<b id="24" c="23 2" t="ar"/>
	</bonds>
	<geometry>
		<g u="A" t="cart/3d">#24,3:0.0025,-3.0120,-1.3248;0.0035,-2.0491,-0.8190;-1.2091,-1.4532,-0.4622;-2.1254,-1.9794,-0.7075;-1.2206,-0.2173,0.1865;-2.3515,0.4517,0.5777;-3.5876,-0.2400,0.4709;-4.3662,0.3984,0.8995;-3.8465,-0.4208,-0.5774;-3.5721,-1.1744,1.0420;0.0056,0.4178,0.4545;0.0082,1.6199,1.1299;-0.0322,2.6962,0.1949;-0.9475,2.6700,-0.4065;-0.0291,3.6319,0.7621;0.8488,2.6942,-0.4563;1.2317,-0.1843,0.1186;2.3642,0.5151,0.4472;3.6107,-0.1432,0.2716;4.3944,0.5162,0.6569;3.6519,-1.0772,0.8419;3.8160,-0.3177,-0.7896;1.2176,-1.4206,-0.5294;2.1327,-1.9221,-0.8254;</g>
	</geometry>
	<conformers/>
	<properties/>
</molecule>
