<?xml version="1.0" ?>
<!--MOLLI PACKAGE EXPERIMENTAL XML FORMAT-->
<molecule name="react_23_c2_frag_0">
	<atoms>
		<a id="1" s="H" t="H" l="H"/>
		<a id="2" s="C" t="C.ar" l="C"/>
		<a id="3" s="C" t="C.ar" l="C"/>
		<a id="4" s="H" t="H" l="H"/>
		<a id="5" s="C" t="C.ar" l="C"/>
		<a id="6" s="H" t="H" l="H"/>
		<a id="7" s="C" t="C.ar" l="C"/>
		<a id="8" s="H" t="H" l="H"/>
		<a id="9" s="C" t="C.ar" l="C"/>
		<a id="10" s="C" t="C.ar" l="C"/>
		<a id="11" s="C" t="C.3" l="C"/>
		<a id="12" s="H" t="H" l="H"/>
		<a id="13" s="H" t="H" l="H"/>
		<a id="14" s="H" t="H" l="H"/>
		<a id="15" s="C" t="C.ar" l="C"/>
		<a id="16" s="C" t="C.3" l="C"/>
		<a id="17" s="H" t="H" l="H"/>
		<a id="18" s="H" t="H" l="H"/>
		<a id="19" s="H" t="H" l="H"/>
		<a id="20" s="O" t="O.2" l="O"/>
		<a id="21" s="C" t="C.ar" l="C"/>
	</atoms>
	<bonds>
		<b id="1" c="1 2" t="1"/>
		<b id="2" c="2 3" t="ar"/>
		<b id="3" c="4 3" t="1"/>
		<b id="4" c="3 5" t="ar"/>
		<b id="5" c="6 5" t="1"/>
		<b id="6" c="5 7" t="ar"/>
		<b id="7" c="8 7" t="1"/>
		<b id="8" c="7 9" t="ar"/>
		<b id="9" c="9 10" t="ar"/>
		<b id="10" c="12 11" t="1"/>
		<b id="11" c="13 11" t="1"/>
		<b id="12" c="11 14" t="1"/>
		<b id="13" c="11 10" t="1"/>
		<b id="14" c="10 15" t="ar"/>
		<b id="15" c="17 16" t="1"/>
		<b id="16" c="18 16" t="1"/>
		<b id="17" c="16 19" t="1"/>
		<b id="18" c="16 15" t="1"/>
		<b id="19" c="15 20" t="ar"/>
		<b id="20" c="20 21" t="ar"/>
		<b id="21" c="21 2" t="ar"/>
		<b id="22" c="21 9" t="ar"/>
	</bonds>
	<geometry>
		<g u="A" t="cart/3d">#21,3:2.3887,-2.2371,-0.9137;2.1545,-1.2463,-0.5449;3.1483,-0.3115,-0.2379;4.1936,-0.5814,-0.3717;2.8196,0.9606,0.2373;3.6123,1.6689,0.4688;1.4817,1.3399,0.4208;1.2391,2.3313,0.7906;0.4651,0.4143,0.1174;-0.9636,0.4129,0.1641;-1.8403,1.5267,0.6004;-1.8276,1.6133,1.6915;-1.5011,2.4765,0.1746;-2.8759,1.3705,0.2823;-1.3526,-0.8424,-0.2736;-2.6686,-1.4890,-0.4600;-2.5643,-2.5671,-0.6172;-3.3002,-1.3365,0.4206;-3.1797,-1.0647,-1.3295;-0.2655,-1.5994,-0.5897;0.8363,-0.8395,-0.3516;</g>
	</geometry>
	<conformers/>
	<properties/>
</molecule>
