<?xml version="1.0" ?>
<!--MOLLI PACKAGE EXPERIMENTAL XML FORMAT-->
<molecule name="react_24_c2_frag_0">
	<atoms>
		<a id="1" s="H" t="H" l="H"/>
		<a id="2" s="C" t="C.3" l="C"/>
		<a id="3" s="H" t="H" l="H"/>
		<a id="4" s="H" t="H" l="H"/>
		<a id="5" s="C" t="C.2" l="C"/>
		<a id="6" s="O" t="O.2" l="O"/>
		<a id="7" s="C" t="C.3" l="C"/>
		<a id="8" s="S" t="S.3" l="S"/>
		<a id="9" s="C" t="C.ar" l="C"/>
		<a id="10" s="C" t="C.ar" l="C"/>
		<a id="11" s="H" t="H" l="H"/>
		<a id="12" s="C" t="C.ar" l="C"/>
		<a id="13" s="H" t="H" l="H"/>
		<a id="14" s="C" t="C.ar" l="C"/>
		<a id="15" s="H" t="H" l="H"/>
		<a id="16" s="C" t="C.ar" l="C"/>
		<a id="17" s="H" t="H" l="H"/>
		<a id="18" s="C" t="C.ar" l="C"/>
		<a id="19" s="H" t="H" l="H"/>
		<a id="20" s="C" t="C.3" l="C"/>
		<a id="21" s="H" t="H" l="H"/>
		<a id="22" s="H" t="H" l="H"/>
		<a id="23" s="H" t="H" l="H"/>
		<a id="24" s="C" t="C.3" l="C"/>
		<a id="25" s="H" t="H" l="H"/>
		<a id="26" s="H" t="H" l="H"/>
		<a id="27" s="H" t="H" l="H"/>
	</atoms>
	<bonds>
		<b id="1" c="1 2" t="1"/>
		<b id="2" c="3 2" t="1"/>
		<b id="3" c="4 2" t="1"/>
		<b id="4" c="2 5" t="1"/>
		<b id="5" c="5 6" t="2"/>
		<b id="6" c="5 7" t="1"/>
		<b id="7" c="8 9" t="1"/>
		<b id="8" c="9 10" t="ar"/>
		<b id="9" c="11 10" t="1"/>
		<b id="10" c="10 12" t="ar"/>
		<b id="11" c="13 12" t="1"/>
		<b id="12" c="12 14" t="ar"/>
		<b id="13" c="15 14" t="1"/>
		<b id="14" c="14 16" t="ar"/>
		<b id="15" c="17 16" t="1"/>
		<b id="16" c="16 18" t="ar"/>
		<b id="17" c="18 19" t="1"/>
		<b id="18" c="8 7" t="1"/>
		<b id="19" c="21 20" t="1"/>
		<b id="20" c="22 20" t="1"/>
		<b id="21" c="20 23" t="1"/>
		<b id="22" c="20 7" t="1"/>
		<b id="23" c="7 24" t="1"/>
		<b id="24" c="25 24" t="1"/>
		<b id="25" c="26 24" t="1"/>
		<b id="26" c="24 27" t="1"/>
		<b id="27" c="18 9" t="ar"/>
	</bonds>
	<geometry>
		<g u="A" t="cart/3d">#27,3:2.8430,-0.4308,-2.6498;1.8384,-0.7900,-2.4153;1.7578,-1.8340,-2.7333;1.0926,-0.2149,-2.9668;1.5984,-0.7041,-0.9242;1.6211,-1.7385,-0.2503;1.3648,0.6806,-0.2913;-0.2547,1.3726,-0.8812;-1.4461,0.3493,-0.0378;-2.1748,0.8902,1.0273;-2.0045,1.9152,1.3478;-3.1278,0.1189,1.6959;-3.6845,0.5440,2.5269;-3.3656,-1.1944,1.2962;-4.1055,-1.7969,1.8168;-2.6567,-1.7336,0.2242;-2.8441,-2.7566,-0.0923;-1.7048,-0.9616,-0.4463;-1.1747,-1.4012,-1.2864;2.4619,1.6548,-0.7478;2.3690,2.6293,-0.2536;2.4455,1.8288,-1.8300;3.4556,1.2583,-0.5062;1.4051,0.5988,1.2419;1.1902,1.5676,1.7074;0.7008,-0.1382,1.6422;2.3998,0.2863,1.5832;</g>
	</geometry>
	<conformers/>
	<properties/>
</molecule>
