<?xml version="1.0" ?>
<!--MOLLI PACKAGE EXPERIMENTAL XML FORMAT-->
<molecule name="react_27_c2_frag_0">
	<atoms>
		<a id="1" s="H" t="H" l="H"/>
		<a id="2" s="C" t="C.3" l="C"/>
		<a id="3" s="H" t="H" l="H"/>
		<a id="4" s="H" t="H" l="H"/>
		<a id="5" s="C" t="C.2" l="C"/>
		<a id="6" s="O" t="O.2" l="O"/>
		<a id="7" s="C" t="C.3" l="C"/>
		<a id="8" s="S" t="S.3" l="S"/>
		<a id="9" s="C" t="C.ar" l="C"/>
		<a id="10" s="C" t="C.ar" l="C"/>
		<a id="11" s="H" t="H" l="H"/>
		<a id="12" s="C" t="C.ar" l="C"/>
		<a id="13" s="H" t="H" l="H"/>
		<a id="14" s="C" t="C.ar" l="C"/>
		<a id="15" s="H" t="H" l="H"/>
		<a id="16" s="C" t="C.ar" l="C"/>
		<a id="17" s="H" t="H" l="H"/>
		<a id="18" s="C" t="C.ar" l="C"/>
		<a id="19" s="H" t="H" l="H"/>
		<a id="20" s="C" t="C.3" l="C"/>
		<a id="21" s="H" t="H" l="H"/>
		<a id="22" s="H" t="H" l="H"/>
		<a id="23" s="C" t="C.3" l="C"/>
		<a id="24" s="H" t="H" l="H"/>
		<a id="25" s="H" t="H" l="H"/>
		<a id="26" s="C" t="C.3" l="C"/>
		<a id="27" s="H" t="H" l="H"/>
		<a id="28" s="H" t="H" l="H"/>
		<a id="29" s="C" t="C.3" l="C"/>
		<a id="30" s="H" t="H" l="H"/>
		<a id="31" s="H" t="H" l="H"/>
	</atoms>
	<bonds>
		<b id="1" c="1 2" t="1"/>
		<b id="2" c="3 2" t="1"/>
		<b id="3" c="4 2" t="1"/>
		<b id="4" c="2 5" t="1"/>
		<b id="5" c="5 6" t="2"/>
		<b id="6" c="5 7" t="1"/>
		<b id="7" c="8 9" t="1"/>
		<b id="8" c="9 10" t="ar"/>
		<b id="9" c="11 10" t="1"/>
		<b id="10" c="10 12" t="ar"/>
		<b id="11" c="13 12" t="1"/>
		<b id="12" c="12 14" t="ar"/>
		<b id="13" c="15 14" t="1"/>
		<b id="14" c="14 16" t="ar"/>
		<b id="15" c="17 16" t="1"/>
		<b id="16" c="16 18" t="ar"/>
		<b id="17" c="18 19" t="1"/>
		<b id="18" c="8 7" t="1"/>
		<b id="19" c="7 20" t="1"/>
		<b id="20" c="21 20" t="1"/>
		<b id="21" c="22 20" t="1"/>
		<b id="22" c="20 23" t="1"/>
		<b id="23" c="24 23" t="1"/>
		<b id="24" c="25 23" t="1"/>
		<b id="25" c="23 26" t="1"/>
		<b id="26" c="27 26" t="1"/>
		<b id="27" c="28 26" t="1"/>
		<b id="28" c="26 29" t="1"/>
		<b id="29" c="30 29" t="1"/>
		<b id="30" c="29 31" t="1"/>
		<b id="31" c="29 7" t="1"/>
		<b id="32" c="18 9" t="ar"/>
	</bonds>
	<geometry>
		<g u="A" t="cart/3d">#31,3:-1.6336,-2.8276,1.2435;-2.5685,-2.2931,1.4227;-3.2680,-2.5044,0.6103;-2.9872,-2.6537,2.3667;-2.3459,-0.7979,1.5173;-3.1351,-0.1154,2.1766;-1.1528,-0.1835,0.7406;0.3727,-0.7418,1.6627;1.7088,-0.2428,0.5939;2.2096,-1.1255,-0.3684;1.7796,-2.1170,-0.4860;3.2754,-0.7481,-1.1886;3.6536,-1.4375,-1.9391;3.8615,0.5068,-1.0367;4.6939,0.7996,-1.6716;3.3913,1.3788,-0.0569;3.8596,2.3507,0.0768;2.3257,1.0003,0.7628;1.9877,1.6842,1.5378;-1.2236,-0.6247,-0.7394;-0.4910,-1.3833,-1.0242;-2.2078,-1.0495,-0.9748;-1.0688,0.6504,-1.5591;-1.5330,0.5658,-2.5460;-0.0097,0.8924,-1.7007;-1.7418,1.6994,-0.6951;-1.4760,2.7174,-0.9940;-2.8322,1.5986,-0.7490;-1.2491,1.3627,0.7081;-1.9163,1.7920,1.4615;-0.2789,1.8466,0.8481;</g>
	</geometry>
	<conformers/>
	<properties/>
</molecule>
