<?xml version="1.0" ?>
<!--MOLLI PACKAGE EXPERIMENTAL XML FORMAT-->
<molecule name="react_29_c2_frag_0">
	<atoms>
		<a id="1" s="H" t="H" l="H"/>
		<a id="2" s="C" t="C.3" l="C"/>
		<a id="3" s="H" t="H" l="H"/>
		<a id="4" s="H" t="H" l="H"/>
		<a id="5" s="C" t="C.3" l="C"/>
		<a id="6" s="H" t="H" l="H"/>
		<a id="7" s="H" t="H" l="H"/>
		<a id="8" s="C" t="C.3" l="C"/>
		<a id="9" s="H" t="H" l="H"/>
		<a id="10" s="H" t="H" l="H"/>
		<a id="11" s="C" t="C.3" l="C"/>
		<a id="12" s="H" t="H" l="H"/>
		<a id="13" s="H" t="H" l="H"/>
		<a id="14" s="C" t="C.3" l="C"/>
		<a id="15" s="H" t="H" l="H"/>
		<a id="16" s="H" t="H" l="H"/>
		<a id="17" s="C" t="C.3" l="C"/>
		<a id="18" s="H" t="H" l="H"/>
		<a id="19" s="H" t="H" l="H"/>
		<a id="20" s="C" t="C.3" l="C"/>
		<a id="21" s="H" t="H" l="H"/>
		<a id="22" s="H" t="H" l="H"/>
		<a id="23" s="C" t="C.3" l="C"/>
		<a id="24" s="H" t="H" l="H"/>
		<a id="25" s="H" t="H" l="H"/>
		<a id="26" s="C" t="C.3" l="C"/>
		<a id="27" s="H" t="H" l="H"/>
		<a id="28" s="H" t="H" l="H"/>
		<a id="29" s="C" t="C.3" l="C"/>
		<a id="30" s="H" t="H" l="H"/>
		<a id="31" s="H" t="H" l="H"/>
		<a id="32" s="C" t="C.3" l="C"/>
		<a id="33" s="H" t="H" l="H"/>
		<a id="34" s="H" t="H" l="H"/>
		<a id="35" s="C" t="C.3" l="C"/>
		<a id="36" s="H" t="H" l="H"/>
		<a id="37" s="H" t="H" l="H"/>
		<a id="38" s="C" t="C.3" l="C"/>
		<a id="39" s="H" t="H" l="H"/>
		<a id="40" s="H" t="H" l="H"/>
		<a id="41" s="C" t="C.3" l="C"/>
		<a id="42" s="H" t="H" l="H"/>
		<a id="43" s="H" t="H" l="H"/>
		<a id="44" s="C" t="C.3" l="C"/>
		<a id="45" s="H" t="H" l="H"/>
		<a id="46" s="H" t="H" l="H"/>
		<a id="47" s="C" t="C.2" l="C"/>
		<a id="48" s="O" t="O.2" l="O"/>
		<a id="49" s="O" t="O.3" l="O"/>
		<a id="50" s="C" t="C.3" l="C"/>
		<a id="51" s="H" t="H" l="H"/>
		<a id="52" s="H" t="H" l="H"/>
		<a id="53" s="H" t="H" l="H"/>
	</atoms>
	<bonds>
		<b id="1" c="1 2" t="1"/>
		<b id="2" c="3 2" t="1"/>
		<b id="3" c="4 2" t="1"/>
		<b id="4" c="2 5" t="1"/>
		<b id="5" c="6 5" t="1"/>
		<b id="6" c="7 5" t="1"/>
		<b id="7" c="5 8" t="1"/>
		<b id="8" c="9 8" t="1"/>
		<b id="9" c="10 8" t="1"/>
		<b id="10" c="8 11" t="1"/>
		<b id="11" c="12 11" t="1"/>
		<b id="12" c="13 11" t="1"/>
		<b id="13" c="11 14" t="1"/>
		<b id="14" c="15 14" t="1"/>
		<b id="15" c="16 14" t="1"/>
		<b id="16" c="14 17" t="1"/>
		<b id="17" c="18 17" t="1"/>
		<b id="18" c="19 17" t="1"/>
		<b id="19" c="17 20" t="1"/>
		<b id="20" c="21 20" t="1"/>
		<b id="21" c="22 20" t="1"/>
		<b id="22" c="20 23" t="1"/>
		<b id="23" c="24 23" t="1"/>
		<b id="24" c="25 23" t="1"/>
		<b id="25" c="23 26" t="1"/>
		<b id="26" c="27 26" t="1"/>
		<b id="27" c="28 26" t="1"/>
		<b id="28" c="26 29" t="1"/>
		<b id="29" c="30 29" t="1"/>
		<b id="30" c="31 29" t="1"/>
		<b id="31" c="29 32" t="1"/>
		<b id="32" c="33 32" t="1"/>
		<b id="33" c="34 32" t="1"/>
		<b id="34" c="32 35" t="1"/>
		<b id="35" c="36 35" t="1"/>
		<b id="36" c="37 35" t="1"/>
		<b id="37" c="35 38" t="1"/>
		<b id="38" c="39 38" t="1"/>
		<b id="39" c="40 38" t="1"/>
		<b id="40" c="38 41" t="1"/>
		<b id="41" c="42 41" t="1"/>
		<b id="42" c="43 41" t="1"/>
		<b id="43" c="41 44" t="1"/>
		<b id="44" c="45 44" t="1"/>
		<b id="45" c="46 44" t="1"/>
		<b id="46" c="44 47" t="1"/>
		<b id="47" c="47 48" t="2"/>
		<b id="48" c="47 49" t="1"/>
		<b id="49" c="49 50" t="1"/>
		<b id="50" c="51 50" t="1"/>
		<b id="51" c="52 50" t="1"/>
		<b id="52" c="50 53" t="1"/>
	</bonds>
	<geometry>
		<g u="A" t="cart/3d">#53,3:-5.6208,0.9206,2.8382;-6.4589,1.4042,2.3284;-7.2920,1.4545,3.0368;-6.1672,2.4285,2.0758;-6.8772,0.6330,1.0861;-7.7903,1.0887,0.6848;-7.1329,-0.3960,1.3645;-5.8152,0.6263,-0.0155;-6.2495,0.1560,-0.9065;-5.5664,1.6579,-0.2925;-4.5409,-0.1254,0.3757;-4.0558,0.3728,1.2226;-4.7982,-1.1413,0.6987;-3.5562,-0.1935,-0.7951;-4.0297,-0.6999,-1.6448;-3.3130,0.8255,-1.1163;-2.2787,-0.9380,-0.4010;-2.5479,-1.9290,-0.0142;-1.7857,-0.4105,0.4226;-1.3043,-1.1359,-1.5665;-1.8062,-1.7274,-2.3431;-0.4612,-1.7485,-1.2285;-0.7757,0.1456,-2.2133;-0.1186,-0.1351,-3.0466;-1.6129,0.6864,-2.6708;-0.0214,1.1135,-1.2949;-0.6496,1.4332,-0.4565;0.1678,2.0186,-1.8876;1.3385,0.6020,-0.8026;2.0107,1.4664,-0.7455;1.7771,-0.0872,-1.5337;1.2799,-0.0533,0.5802;0.5640,-0.8797,0.5717;0.9141,0.6715,1.3176;2.6297,-0.6163,1.0400;2.9859,-1.3371,0.2957;2.4684,-1.1737,1.9710;3.6869,0.4637,1.2831;3.9363,0.9689,0.3438;3.2698,1.2295,1.9489;4.9707,-0.0764,1.9260;5.6330,0.7736,2.1331;4.7256,-0.5245,2.8966;5.7228,-1.1053,1.0864;6.6079,-1.4592,1.6278;5.1079,-1.9923,0.9013;6.2024,-0.5203,-0.2184;7.0324,0.3743,-0.3073;5.5671,-1.1116,-1.2669;5.9438,-0.5906,-2.5418;5.6886,0.4715,-2.6115;7.0124,-0.7463,-2.7196;5.3827,-1.1322,-3.3082;</g>
	</geometry>
	<conformers/>
	<properties/>
</molecule>
