<?xml version="1.0" ?>
<!--MOLLI PACKAGE EXPERIMENTAL XML FORMAT-->
<molecule name="react_30_c2_frag_0">
	<atoms>
		<a id="1" s="H" t="H" l="H"/>
		<a id="2" s="C" t="C.ar" l="C"/>
		<a id="3" s="C" t="C.ar" l="C"/>
		<a id="4" s="H" t="H" l="H"/>
		<a id="5" s="C" t="C.ar" l="C"/>
		<a id="6" s="O" t="O.3" l="O"/>
		<a id="7" s="C" t="C.3" l="C"/>
		<a id="8" s="H" t="H" l="H"/>
		<a id="9" s="H" t="H" l="H"/>
		<a id="10" s="C" t="C.ar" l="C"/>
		<a id="11" s="C" t="C.ar" l="C"/>
		<a id="12" s="H" t="H" l="H"/>
		<a id="13" s="C" t="C.ar" l="C"/>
		<a id="14" s="H" t="H" l="H"/>
		<a id="15" s="C" t="C.ar" l="C"/>
		<a id="16" s="H" t="H" l="H"/>
		<a id="17" s="C" t="C.ar" l="C"/>
		<a id="18" s="H" t="H" l="H"/>
		<a id="19" s="C" t="C.ar" l="C"/>
		<a id="20" s="H" t="H" l="H"/>
		<a id="21" s="C" t="C.ar" l="C"/>
		<a id="22" s="O" t="O.3" l="O"/>
		<a id="23" s="C" t="C.3" l="C"/>
		<a id="24" s="H" t="H" l="H"/>
		<a id="25" s="H" t="H" l="H"/>
		<a id="26" s="H" t="H" l="H"/>
		<a id="27" s="C" t="C.ar" l="C"/>
		<a id="28" s="O" t="O.3" l="O"/>
		<a id="29" s="C" t="C.3" l="C"/>
		<a id="30" s="H" t="H" l="H"/>
		<a id="31" s="H" t="H" l="H"/>
		<a id="32" s="C" t="C.ar" l="C"/>
		<a id="33" s="C" t="C.ar" l="C"/>
		<a id="34" s="H" t="H" l="H"/>
		<a id="35" s="C" t="C.ar" l="C"/>
		<a id="36" s="H" t="H" l="H"/>
		<a id="37" s="C" t="C.ar" l="C"/>
		<a id="38" s="H" t="H" l="H"/>
		<a id="39" s="C" t="C.ar" l="C"/>
		<a id="40" s="H" t="H" l="H"/>
		<a id="41" s="C" t="C.ar" l="C"/>
		<a id="42" s="H" t="H" l="H"/>
		<a id="43" s="C" t="C.ar" l="C"/>
		<a id="44" s="H" t="H" l="H"/>
	</atoms>
	<bonds>
		<b id="1" c="1 2" t="1"/>
		<b id="2" c="2 3" t="ar"/>
		<b id="3" c="4 3" t="1"/>
		<b id="4" c="3 5" t="ar"/>
		<b id="5" c="6 7" t="1"/>
		<b id="6" c="8 7" t="1"/>
		<b id="7" c="9 7" t="1"/>
		<b id="8" c="7 10" t="1"/>
		<b id="9" c="10 11" t="ar"/>
		<b id="10" c="12 11" t="1"/>
		<b id="11" c="11 13" t="ar"/>
		<b id="12" c="14 13" t="1"/>
		<b id="13" c="13 15" t="ar"/>
		<b id="14" c="16 15" t="1"/>
		<b id="15" c="15 17" t="ar"/>
		<b id="16" c="18 17" t="1"/>
		<b id="17" c="17 19" t="ar"/>
		<b id="18" c="19 20" t="1"/>
		<b id="19" c="6 5" t="1"/>
		<b id="20" c="5 21" t="ar"/>
		<b id="21" c="22 23" t="1"/>
		<b id="22" c="24 23" t="1"/>
		<b id="23" c="25 23" t="1"/>
		<b id="24" c="23 26" t="1"/>
		<b id="25" c="22 21" t="1"/>
		<b id="26" c="21 27" t="ar"/>
		<b id="27" c="28 29" t="1"/>
		<b id="28" c="30 29" t="1"/>
		<b id="29" c="31 29" t="1"/>
		<b id="30" c="29 32" t="1"/>
		<b id="31" c="32 33" t="ar"/>
		<b id="32" c="34 33" t="1"/>
		<b id="33" c="33 35" t="ar"/>
		<b id="34" c="36 35" t="1"/>
		<b id="35" c="35 37" t="ar"/>
		<b id="36" c="38 37" t="1"/>
		<b id="37" c="37 39" t="ar"/>
		<b id="38" c="40 39" t="1"/>
		<b id="39" c="39 41" t="ar"/>
		<b id="40" c="41 42" t="1"/>
		<b id="41" c="28 27" t="1"/>
		<b id="42" c="27 43" t="ar"/>
		<b id="43" c="43 44" t="1"/>
		<b id="44" c="43 2" t="ar"/>
		<b id="45" c="19 10" t="ar"/>
		<b id="46" c="41 32" t="ar"/>
	</bonds>
	<geometry>
		<g u="A" t="cart/3d">#44,3:-1.1071,-1.0052,3.5314;-0.7724,-0.9463,2.4983;0.5864,-0.8229,2.2158;1.3140,-0.7952,3.0221;1.0050,-0.7227,0.8927;2.3499,-0.6175,0.6540;2.6915,0.7253,0.2943;2.0230,1.1424,-0.4697;2.6258,1.3706,1.1798;4.1050,0.7212,-0.2315;5.1921,0.9066,0.6334;5.0257,1.0616,1.6967;6.4980,0.8876,0.1408;7.3355,1.0344,0.8178;6.7295,0.6742,-1.2171;7.7467,0.6570,-1.5990;5.6563,0.4743,-2.0836;5.8362,0.2989,-3.1409;4.3500,0.4933,-1.5931;3.5194,0.3255,-2.2755;0.0741,-0.8061,-0.1508;0.5019,-0.7181,-1.4556;0.8693,-2.0138,-1.9277;0.0219,-2.7073,-1.8884;1.1744,-1.9135,-2.9736;1.7187,-2.4192,-1.3673;-1.2977,-0.9220,0.1255;-2.1286,-0.9497,-0.9638;-3.5124,-1.2498,-0.7746;-3.8881,-1.6041,-1.7422;-3.6385,-2.0867,-0.0764;-4.3451,-0.0489,-0.3834;-5.5069,-0.2245,0.3835;-5.8020,-1.2168,0.7172;-6.3003,0.8704,0.7307;-7.1954,0.7252,1.3300;-5.9481,2.1501,0.3059;-6.5656,3.0027,0.5761;-4.8058,2.3357,-0.4701;-4.5316,3.3322,-0.8066;-4.0117,1.2419,-0.8183;-3.1241,1.4024,-1.4283;-1.7107,-0.9864,1.4599;-2.7583,-1.0569,1.7328;</g>
	</geometry>
	<conformers/>
	<properties/>
</molecule>
