<?xml version="1.0" ?>
<!--MOLLI PACKAGE EXPERIMENTAL XML FORMAT-->
<molecule name="react_31_c2_frag_0">
	<atoms>
		<a id="1" s="H" t="H" l="H"/>
		<a id="2" s="C" t="C.3" l="C"/>
		<a id="3" s="H" t="H" l="H"/>
		<a id="4" s="C" t="C.3" l="C"/>
		<a id="5" s="H" t="H" l="H"/>
		<a id="6" s="H" t="H" l="H"/>
		<a id="7" s="H" t="H" l="H"/>
		<a id="8" s="C" t="C.3" l="C"/>
		<a id="9" s="H" t="H" l="H"/>
		<a id="10" s="H" t="H" l="H"/>
		<a id="11" s="H" t="H" l="H"/>
	</atoms>
	<bonds>
		<b id="1" c="1 2" t="1"/>
		<b id="2" c="3 2" t="1"/>
		<b id="3" c="5 4" t="1"/>
		<b id="4" c="6 4" t="1"/>
		<b id="5" c="4 7" t="1"/>
		<b id="6" c="4 2" t="1"/>
		<b id="7" c="2 8" t="1"/>
		<b id="8" c="9 8" t="1"/>
		<b id="9" c="10 8" t="1"/>
		<b id="10" c="8 11" t="1"/>
	</bonds>
	<geometry>
		<g u="A" t="cart/3d">#11,3:0.2006,1.0920,1.0753;0.0892,0.6049,0.1003;0.1647,1.3857,-0.6645;-1.2773,-0.0540,0.0173;-1.4268,-0.5257,-0.9593;-2.0667,0.6907,0.1593;-1.3907,-0.8210,0.7901;1.2100,-0.4025,-0.0929;2.1826,0.0954,-0.0290;1.1753,-1.1805,0.6764;1.1392,-0.8851,-1.0730;</g>
	</geometry>
	<conformers/>
	<properties/>
</molecule>
