<?xml version="1.0" ?>
<!--MOLLI PACKAGE EXPERIMENTAL XML FORMAT-->
<molecule name="react_32_c2_frag_0">
	<atoms>
		<a id="1" s="H" t="H" l="H"/>
		<a id="2" s="C" t="C.3" l="C"/>
		<a id="3" s="H" t="H" l="H"/>
		<a id="4" s="H" t="H" l="H"/>
		<a id="5" s="O" t="O.3" l="O"/>
		<a id="6" s="C" t="C.2" l="C"/>
		<a id="7" s="O" t="O.2" l="O"/>
		<a id="8" s="C" t="C.ar" l="C"/>
		<a id="9" s="C" t="C.ar" l="C"/>
		<a id="10" s="H" t="H" l="H"/>
		<a id="11" s="C" t="C.ar" l="C"/>
		<a id="12" s="H" t="H" l="H"/>
		<a id="13" s="C" t="C.ar" l="C"/>
		<a id="14" s="H" t="H" l="H"/>
		<a id="15" s="C" t="C.ar" l="C"/>
		<a id="16" s="H" t="H" l="H"/>
		<a id="17" s="C" t="C.ar" l="C"/>
		<a id="18" s="H" t="H" l="H"/>
	</atoms>
	<bonds>
		<b id="1" c="1 2" t="1"/>
		<b id="2" c="3 2" t="1"/>
		<b id="3" c="4 2" t="1"/>
		<b id="4" c="2 5" t="1"/>
		<b id="5" c="5 6" t="1"/>
		<b id="6" c="6 7" t="2"/>
		<b id="7" c="6 8" t="1"/>
		<b id="8" c="8 9" t="ar"/>
		<b id="9" c="10 9" t="1"/>
		<b id="10" c="9 11" t="ar"/>
		<b id="11" c="12 11" t="1"/>
		<b id="12" c="11 13" t="ar"/>
		<b id="13" c="14 13" t="1"/>
		<b id="14" c="13 15" t="ar"/>
		<b id="15" c="16 15" t="1"/>
		<b id="16" c="15 17" t="ar"/>
		<b id="17" c="17 18" t="1"/>
		<b id="18" c="17 8" t="ar"/>
	</bonds>
	<geometry>
		<g u="A" t="cart/3d">#18,3:3.9137,1.2080,-0.4946;3.3782,0.2548,-0.5121;3.4948,-0.1897,-1.5055;3.8048,-0.3962,0.2575;2.0009,0.5163,-0.2393;1.2210,-0.5941,-0.2322;1.6045,-1.7359,-0.4334;-0.1957,-0.2411,0.0582;-1.1395,-1.2768,0.1028;-0.8325,-2.3064,-0.0717;-2.4809,-0.9971,0.3714;-3.2076,-1.8052,0.4046;-2.8870,0.3174,0.5968;-3.9318,0.5345,0.8059;-1.9549,1.3538,0.5543;-2.2739,2.3783,0.7304;-0.6117,1.0781,0.2858;0.0978,1.9012,0.2575;</g>
	</geometry>
	<conformers/>
	<properties/>
</molecule>
