<?xml version="1.0" ?>
<!--MOLLI PACKAGE EXPERIMENTAL XML FORMAT-->
<molecule name="react_33_c2_frag_0">
	<atoms>
		<a id="1" s="H" t="H" l="H"/>
		<a id="2" s="C" t="C.3" l="C"/>
		<a id="3" s="H" t="H" l="H"/>
		<a id="4" s="H" t="H" l="H"/>
		<a id="5" s="C" t="C.3" l="C"/>
		<a id="6" s="H" t="H" l="H"/>
		<a id="7" s="H" t="H" l="H"/>
		<a id="8" s="C" t="C.3" l="C"/>
		<a id="9" s="H" t="H" l="H"/>
		<a id="10" s="H" t="H" l="H"/>
		<a id="11" s="C" t="C.3" l="C"/>
		<a id="12" s="H" t="H" l="H"/>
		<a id="13" s="H" t="H" l="H"/>
		<a id="14" s="C" t="C.3" l="C"/>
		<a id="15" s="H" t="H" l="H"/>
		<a id="16" s="H" t="H" l="H"/>
		<a id="17" s="H" t="H" l="H"/>
	</atoms>
	<bonds>
		<b id="1" c="1 2" t="1"/>
		<b id="2" c="3 2" t="1"/>
		<b id="3" c="4 2" t="1"/>
		<b id="4" c="2 5" t="1"/>
		<b id="5" c="6 5" t="1"/>
		<b id="6" c="7 5" t="1"/>
		<b id="7" c="5 8" t="1"/>
		<b id="8" c="9 8" t="1"/>
		<b id="9" c="10 8" t="1"/>
		<b id="10" c="8 11" t="1"/>
		<b id="11" c="12 11" t="1"/>
		<b id="12" c="13 11" t="1"/>
		<b id="13" c="11 14" t="1"/>
		<b id="14" c="15 14" t="1"/>
		<b id="15" c="16 14" t="1"/>
		<b id="16" c="14 17" t="1"/>
	</bonds>
	<geometry>
		<g u="A" t="cart/3d">#17,3:2.0493,-0.3018,1.1469;2.1102,-0.5203,0.0762;1.6832,-1.5118,-0.1003;3.1684,-0.5619,-0.2013;1.3987,0.5472,-0.7406;1.4484,0.2864,-1.8042;1.9389,1.4940,-0.6212;-0.0577,0.7652,-0.3249;-0.1008,1.0302,0.7386;-0.4469,1.6273,-0.8808;-0.9516,-0.4464,-0.5919;-0.8761,-0.7408,-1.6450;-0.6250,-1.3008,0.0104;-2.4058,-0.1460,-0.2616;-2.5203,0.1251,0.7929;-2.7848,0.6797,-0.8723;-3.0280,-1.0252,-0.4561;</g>
	</geometry>
	<conformers/>
	<properties/>
</molecule>
