<?xml version="1.0" ?>
<!--MOLLI PACKAGE EXPERIMENTAL XML FORMAT-->
<molecule name="react_34_c1_frag_0">
	<atoms>
		<a id="1" s="H" t="H" l="H"/>
		<a id="2" s="C" t="C.2" l="C"/>
		<a id="3" s="O" t="O.2" l="O"/>
		<a id="4" s="C" t="C.3" l="C"/>
		<a id="5" s="H" t="H" l="H"/>
		<a id="6" s="H" t="H" l="H"/>
		<a id="7" s="C" t="C.3" l="C"/>
		<a id="8" s="H" t="H" l="H"/>
		<a id="9" s="H" t="H" l="H"/>
		<a id="10" s="C" t="C.3" l="C"/>
		<a id="11" s="C" t="C.3" l="C"/>
		<a id="12" s="H" t="H" l="H"/>
		<a id="13" s="H" t="H" l="H"/>
		<a id="14" s="H" t="H" l="H"/>
		<a id="15" s="O" t="O.3" l="O"/>
		<a id="16" s="C" t="C.3" l="C"/>
		<a id="17" s="H" t="H" l="H"/>
		<a id="18" s="H" t="H" l="H"/>
		<a id="19" s="C" t="C.3" l="C"/>
		<a id="20" s="H" t="H" l="H"/>
		<a id="21" s="H" t="H" l="H"/>
		<a id="22" s="O" t="O.3" l="O"/>
	</atoms>
	<bonds>
		<b id="1" c="1 2" t="1"/>
		<b id="2" c="2 3" t="2"/>
		<b id="3" c="2 4" t="1"/>
		<b id="4" c="5 4" t="1"/>
		<b id="5" c="6 4" t="1"/>
		<b id="6" c="4 7" t="1"/>
		<b id="7" c="8 7" t="1"/>
		<b id="8" c="9 7" t="1"/>
		<b id="9" c="7 10" t="1"/>
		<b id="10" c="12 11" t="1"/>
		<b id="11" c="13 11" t="1"/>
		<b id="12" c="11 14" t="1"/>
		<b id="13" c="11 10" t="1"/>
		<b id="14" c="10 15" t="1"/>
		<b id="15" c="15 16" t="1"/>
		<b id="16" c="17 16" t="1"/>
		<b id="17" c="18 16" t="1"/>
		<b id="18" c="16 19" t="1"/>
		<b id="19" c="20 19" t="1"/>
		<b id="20" c="21 19" t="1"/>
		<b id="21" c="19 22" t="1"/>
		<b id="22" c="22 10" t="1"/>
	</bonds>
	<geometry>
		<g u="A" t="cart/3d">#22,3:3.5992,-0.0889,1.1651;3.1740,0.7671,0.6132;3.7035,1.8725,0.6683;1.9663,0.4678,-0.2337;2.2859,-0.2105,-1.0305;1.6198,1.4013,-0.6886;0.8787,-0.1645,0.6278;0.6767,0.5005,1.4792;1.2447,-1.0980,1.0757;-0.4364,-0.4290,-0.1164;-0.2851,-1.4382,-1.2502;0.1231,-2.3863,-0.8853;0.3500,-1.0553,-2.0550;-1.2613,-1.6601,-1.6971;-1.3771,-0.9532,0.8393;-2.5613,-0.1783,0.6491;-3.1659,-0.6646,-0.1240;-3.1381,-0.1192,1.5753;-2.0361,1.1523,0.1859;-2.7745,1.7450,-0.3594;-1.6410,1.7428,1.0195;-0.9453,0.7969,-0.6633;</g>
	</geometry>
	<conformers/>
	<properties/>
</molecule>
