<?xml version="1.0" ?>
<!--MOLLI PACKAGE EXPERIMENTAL XML FORMAT-->
<molecule name="react_35_c1_frag_0">
	<atoms>
		<a id="1" s="H" t="H" l="H"/>
		<a id="2" s="C" t="C.3" l="C"/>
		<a id="3" s="H" t="H" l="H"/>
		<a id="4" s="H" t="H" l="H"/>
		<a id="5" s="Se" t="Se" l="SE"/>
		<a id="6" s="C" t="C.ar" l="C"/>
		<a id="7" s="C" t="C.ar" l="C"/>
		<a id="8" s="H" t="H" l="H"/>
		<a id="9" s="C" t="C.ar" l="C"/>
		<a id="10" s="H" t="H" l="H"/>
		<a id="11" s="C" t="C.ar" l="C"/>
		<a id="12" s="H" t="H" l="H"/>
		<a id="13" s="C" t="C.ar" l="C"/>
		<a id="14" s="H" t="H" l="H"/>
		<a id="15" s="C" t="C.ar" l="C"/>
		<a id="16" s="N" t="N.pl3" l="N"/>
		<a id="17" s="O" t="O.2" l="O"/>
		<a id="18" s="O" t="O.co2" l="O"/>
	</atoms>
	<bonds>
		<b id="1" c="1 2" t="1"/>
		<b id="2" c="3 2" t="1"/>
		<b id="3" c="4 2" t="1"/>
		<b id="4" c="2 5" t="1"/>
		<b id="5" c="5 6" t="1"/>
		<b id="6" c="6 7" t="ar"/>
		<b id="7" c="8 7" t="1"/>
		<b id="8" c="7 9" t="ar"/>
		<b id="9" c="10 9" t="1"/>
		<b id="10" c="9 11" t="ar"/>
		<b id="11" c="12 11" t="1"/>
		<b id="12" c="11 13" t="ar"/>
		<b id="13" c="14 13" t="1"/>
		<b id="14" c="13 15" t="ar"/>
		<b id="15" c="15 16" t="1"/>
		<b id="16" c="16 17" t="2"/>
		<b id="17" c="16 18" t="1"/>
		<b id="18" c="15 6" t="ar"/>
	</bonds>
	<geometry>
		<g u="A" t="cart/3d">#18,3:3.8462,-1.1103,-0.6590;3.1316,-0.6751,0.0692;2.5550,-1.5277,0.4843;3.6303,-0.1079,0.8860;1.9527,0.5678,-0.8787;0.1505,0.1129,-0.4310;-0.2577,-1.1952,-0.6310;0.4636,-1.9224,-1.0367;-1.5569,-1.5502,-0.3162;-1.8715,-2.5741,-0.4751;-2.4348,-0.6196,0.1889;-3.4598,-0.8996,0.4367;-2.0445,0.6867,0.3942;-2.7702,1.3916,0.7958;-0.7556,1.0213,0.0776;-0.3170,2.3604,0.2757;0.5459,2.8777,-0.4648;-0.8080,3.1638,1.2841;</g>
	</geometry>
	<conformers/>
	<properties/>
</molecule>
