<?xml version="1.0" ?>
<!--MOLLI PACKAGE EXPERIMENTAL XML FORMAT-->
<molecule name="react_35_c2_frag_0">
	<atoms>
		<a id="1" s="H" t="H" l="H"/>
		<a id="2" s="C" t="C.3" l="C"/>
		<a id="3" s="H" t="H" l="H"/>
		<a id="4" s="H" t="H" l="H"/>
		<a id="5" s="C" t="C.3" l="C"/>
		<a id="6" s="H" t="H" l="H"/>
		<a id="7" s="H" t="H" l="H"/>
		<a id="8" s="C" t="C.3" l="C"/>
		<a id="9" s="H" t="H" l="H"/>
		<a id="10" s="H" t="H" l="H"/>
		<a id="11" s="H" t="H" l="H"/>
	</atoms>
	<bonds>
		<b id="1" c="1 2" t="1"/>
		<b id="2" c="3 2" t="1"/>
		<b id="3" c="4 2" t="1"/>
		<b id="4" c="2 5" t="1"/>
		<b id="5" c="6 5" t="1"/>
		<b id="6" c="7 5" t="1"/>
		<b id="7" c="5 8" t="1"/>
		<b id="8" c="9 8" t="1"/>
		<b id="9" c="10 8" t="1"/>
		<b id="10" c="8 11" t="1"/>
	</bonds>
	<geometry>
		<g u="A" t="cart/3d">#11,3:1.1388,1.1034,-0.7364;1.2314,0.3366,0.0394;2.1601,-0.2150,-0.1372;1.3129,0.8375,1.0094;0.0436,-0.6103,0.0136;0.0027,-1.1178,-0.9566;0.1758,-1.3823,0.7797;-1.2643,0.1240,0.2558;-2.1035,-0.5783,0.2325;-1.2617,0.6181,1.2327;-1.4358,0.8841,-0.5131;</g>
	</geometry>
	<conformers/>
	<properties/>
</molecule>
