<?xml version="1.0" ?>
<!--MOLLI PACKAGE EXPERIMENTAL XML FORMAT-->
<molecule name="react_39_c1_frag_0">
	<atoms>
		<a id="1" s="H" t="H" l="H"/>
		<a id="2" s="C" t="C.ar" l="C"/>
		<a id="3" s="N" t="N.ar" l="N"/>
		<a id="4" s="C" t="C.ar" l="C"/>
		<a id="5" s="C" t="C.2" l="C"/>
		<a id="6" s="O" t="O.2" l="O"/>
		<a id="7" s="C" t="C.3" l="C"/>
		<a id="8" s="H" t="H" l="H"/>
		<a id="9" s="H" t="H" l="H"/>
		<a id="10" s="H" t="H" l="H"/>
		<a id="11" s="N" t="N.ar" l="N"/>
		<a id="12" s="C" t="C.3" l="C"/>
		<a id="13" s="H" t="H" l="H"/>
		<a id="14" s="H" t="H" l="H"/>
		<a id="15" s="C" t="C.3" l="C"/>
		<a id="16" s="H" t="H" l="H"/>
		<a id="17" s="H" t="H" l="H"/>
		<a id="18" s="H" t="H" l="H"/>
		<a id="19" s="C" t="C.ar" l="C"/>
		<a id="20" s="H" t="H" l="H"/>
	</atoms>
	<bonds>
		<b id="1" c="1 2" t="1"/>
		<b id="2" c="2 3" t="ar"/>
		<b id="3" c="3 4" t="ar"/>
		<b id="4" c="5 6" t="2"/>
		<b id="5" c="5 7" t="1"/>
		<b id="6" c="8 7" t="1"/>
		<b id="7" c="9 7" t="1"/>
		<b id="8" c="7 10" t="1"/>
		<b id="9" c="5 4" t="1"/>
		<b id="10" c="4 11" t="ar"/>
		<b id="11" c="13 12" t="1"/>
		<b id="12" c="14 12" t="1"/>
		<b id="13" c="12 15" t="1"/>
		<b id="14" c="16 15" t="1"/>
		<b id="15" c="17 15" t="1"/>
		<b id="16" c="15 18" t="1"/>
		<b id="17" c="12 11" t="1"/>
		<b id="18" c="11 19" t="ar"/>
		<b id="19" c="19 20" t="1"/>
		<b id="20" c="19 2" t="ar"/>
	</bonds>
	<geometry>
		<g u="A" t="cart/3d">#20,3:-0.2561,3.4453,-0.6967;-0.2455,2.4248,-0.3358;0.9272,1.7393,-0.1669;0.5934,0.5374,0.2790;1.5755,-0.4943,0.5741;1.2858,-1.6228,0.9754;3.0204,-0.1138,0.3581;3.6639,-0.9602,0.6167;3.1879,0.1406,-0.6921;3.2856,0.7311,0.9996;-0.7766,0.4437,0.3995;-1.5451,-0.6933,0.8697;-1.0136,-1.1484,1.7104;-2.4921,-0.3087,1.2665;-1.8220,-1.7028,-0.2308;-2.4096,-2.5388,0.1608;-0.8946,-2.1049,-0.6505;-2.3855,-1.2447,-1.0507;-1.3172,1.6411,0.0100;-2.3818,1.8294,0.0109;</g>
	</geometry>
	<conformers/>
	<properties/>
</molecule>
