<?xml version="1.0" ?>
<!--MOLLI PACKAGE EXPERIMENTAL XML FORMAT-->
<molecule name="react_40_c2_frag_0">
	<atoms>
		<a id="1" s="H" t="H" l="H"/>
		<a id="2" s="C" t="C.3" l="C"/>
		<a id="3" s="H" t="H" l="H"/>
		<a id="4" s="H" t="H" l="H"/>
		<a id="5" s="C" t="C.3" l="C"/>
		<a id="6" s="H" t="H" l="H"/>
		<a id="7" s="H" t="H" l="H"/>
		<a id="8" s="O" t="O.3" l="O"/>
		<a id="9" s="Si" t="Si" l="SI"/>
		<a id="10" s="C" t="C.3" l="C"/>
		<a id="11" s="H" t="H" l="H"/>
		<a id="12" s="H" t="H" l="H"/>
		<a id="13" s="H" t="H" l="H"/>
		<a id="14" s="C" t="C.3" l="C"/>
		<a id="15" s="H" t="H" l="H"/>
		<a id="16" s="H" t="H" l="H"/>
		<a id="17" s="H" t="H" l="H"/>
		<a id="18" s="C" t="C.3" l="C"/>
		<a id="19" s="C" t="C.3" l="C"/>
		<a id="20" s="H" t="H" l="H"/>
		<a id="21" s="H" t="H" l="H"/>
		<a id="22" s="H" t="H" l="H"/>
		<a id="23" s="C" t="C.3" l="C"/>
		<a id="24" s="H" t="H" l="H"/>
		<a id="25" s="H" t="H" l="H"/>
		<a id="26" s="H" t="H" l="H"/>
		<a id="27" s="C" t="C.3" l="C"/>
		<a id="28" s="H" t="H" l="H"/>
		<a id="29" s="H" t="H" l="H"/>
		<a id="30" s="H" t="H" l="H"/>
	</atoms>
	<bonds>
		<b id="1" c="1 2" t="1"/>
		<b id="2" c="3 2" t="1"/>
		<b id="3" c="4 2" t="1"/>
		<b id="4" c="2 5" t="1"/>
		<b id="5" c="6 5" t="1"/>
		<b id="6" c="7 5" t="1"/>
		<b id="7" c="5 8" t="1"/>
		<b id="8" c="8 9" t="1"/>
		<b id="9" c="11 10" t="1"/>
		<b id="10" c="12 10" t="1"/>
		<b id="11" c="10 13" t="1"/>
		<b id="12" c="10 9" t="1"/>
		<b id="13" c="15 14" t="1"/>
		<b id="14" c="16 14" t="1"/>
		<b id="15" c="14 17" t="1"/>
		<b id="16" c="14 9" t="1"/>
		<b id="17" c="9 18" t="1"/>
		<b id="18" c="20 19" t="1"/>
		<b id="19" c="21 19" t="1"/>
		<b id="20" c="19 22" t="1"/>
		<b id="21" c="19 18" t="1"/>
		<b id="22" c="24 23" t="1"/>
		<b id="23" c="25 23" t="1"/>
		<b id="24" c="23 26" t="1"/>
		<b id="25" c="23 18" t="1"/>
		<b id="26" c="18 27" t="1"/>
		<b id="27" c="28 27" t="1"/>
		<b id="28" c="29 27" t="1"/>
		<b id="29" c="27 30" t="1"/>
	</bonds>
	<geometry>
		<g u="A" t="cart/3d">#30,3:4.5247,1.6137,-0.5179;3.4752,1.7467,-0.2411;3.0531,2.5632,-0.8365;3.4227,2.0566,0.8079;2.6911,0.4653,-0.4596;2.7504,0.1813,-1.5171;3.1259,-0.3333,0.1535;1.3389,0.7023,-0.0827;0.2191,-0.5400,-0.2137;0.6454,-1.9966,0.8885;-0.1288,-2.7673,0.8349;1.5928,-2.4478,0.5789;0.7447,-1.6802,1.9307;-0.0008,-1.1109,-1.9868;-0.7788,-1.8764,-2.0575;-0.2809,-0.2744,-2.6333;0.9300,-1.5394,-2.3703;-1.6172,0.1992,0.4267;-2.0060,1.3930,-0.4694;-2.1172,1.0914,-1.5168;-1.2528,2.1881,-0.4296;-2.9608,1.8245,-0.1478;-2.6815,-0.9101,0.3242;-2.7977,-1.2645,-0.7058;-3.6582,-0.5410,0.6574;-2.4261,-1.7738,0.9477;-1.4758,0.6663,1.8899;-0.7085,1.4421,1.9923;-2.4204,1.0839,2.2567;-1.2026,-0.1622,2.5529;</g>
	</geometry>
	<conformers/>
	<properties/>
</molecule>
