<?xml version="1.0" ?>
<!--MOLLI PACKAGE EXPERIMENTAL XML FORMAT-->
<molecule name="react_41_c1_frag_0">
	<atoms>
		<a id="1" s="H" t="H" l="H"/>
		<a id="2" s="C" t="C.3" l="C"/>
		<a id="3" s="H" t="H" l="H"/>
		<a id="4" s="H" t="H" l="H"/>
		<a id="5" s="Cl" t="Cl" l="CL"/>
	</atoms>
	<bonds>
		<b id="1" c="1 2" t="1"/>
		<b id="2" c="3 2" t="1"/>
		<b id="3" c="4 2" t="1"/>
		<b id="4" c="2 5" t="1"/>
	</bonds>
	<geometry>
		<g u="A" t="cart/3d">#5,3:-0.5090,1.0259,0.0007;-0.1390,-0.0017,0.0060;-0.5275,-0.5404,-0.8610;-0.4506,-0.5034,0.9248;1.6261,0.0195,-0.0705;</g>
	</geometry>
	<conformers/>
	<properties/>
</molecule>
