<?xml version="1.0" ?>
<!--MOLLI PACKAGE EXPERIMENTAL XML FORMAT-->
<molecule name="react_41_c2_frag_0">
	<atoms>
		<a id="1" s="H" t="H" l="H"/>
		<a id="2" s="C" t="C.3" l="C"/>
		<a id="3" s="H" t="H" l="H"/>
		<a id="4" s="H" t="H" l="H"/>
		<a id="5" s="C" t="C.3" l="C"/>
		<a id="6" s="H" t="H" l="H"/>
		<a id="7" s="H" t="H" l="H"/>
		<a id="8" s="O" t="O.3" l="O"/>
		<a id="9" s="C" t="C.3" l="C"/>
		<a id="10" s="H" t="H" l="H"/>
		<a id="11" s="H" t="H" l="H"/>
		<a id="12" s="C" t="C.ar" l="C"/>
		<a id="13" s="C" t="C.ar" l="C"/>
		<a id="14" s="H" t="H" l="H"/>
		<a id="15" s="C" t="C.ar" l="C"/>
		<a id="16" s="H" t="H" l="H"/>
		<a id="17" s="C" t="C.ar" l="C"/>
		<a id="18" s="O" t="O.3" l="O"/>
		<a id="19" s="C" t="C.3" l="C"/>
		<a id="20" s="H" t="H" l="H"/>
		<a id="21" s="H" t="H" l="H"/>
		<a id="22" s="H" t="H" l="H"/>
		<a id="23" s="C" t="C.ar" l="C"/>
		<a id="24" s="H" t="H" l="H"/>
		<a id="25" s="C" t="C.ar" l="C"/>
		<a id="26" s="H" t="H" l="H"/>
	</atoms>
	<bonds>
		<b id="1" c="1 2" t="1"/>
		<b id="2" c="3 2" t="1"/>
		<b id="3" c="4 2" t="1"/>
		<b id="4" c="2 5" t="1"/>
		<b id="5" c="6 5" t="1"/>
		<b id="6" c="7 5" t="1"/>
		<b id="7" c="5 8" t="1"/>
		<b id="8" c="8 9" t="1"/>
		<b id="9" c="10 9" t="1"/>
		<b id="10" c="11 9" t="1"/>
		<b id="11" c="9 12" t="1"/>
		<b id="12" c="12 13" t="ar"/>
		<b id="13" c="14 13" t="1"/>
		<b id="14" c="13 15" t="ar"/>
		<b id="15" c="16 15" t="1"/>
		<b id="16" c="15 17" t="ar"/>
		<b id="17" c="18 19" t="1"/>
		<b id="18" c="20 19" t="1"/>
		<b id="19" c="21 19" t="1"/>
		<b id="20" c="19 22" t="1"/>
		<b id="21" c="18 17" t="1"/>
		<b id="22" c="17 23" t="ar"/>
		<b id="23" c="24 23" t="1"/>
		<b id="24" c="23 25" t="ar"/>
		<b id="25" c="25 26" t="1"/>
		<b id="26" c="25 12" t="ar"/>
	</bonds>
	<geometry>
		<g u="A" t="cart/3d">#26,3:-5.5316,0.0082,0.0695;-4.4714,0.2739,0.1132;-4.1841,0.3569,1.1655;-4.3349,1.2627,-0.3367;-3.6303,-0.7632,-0.6094;-3.7125,-1.7465,-0.1328;-4.0017,-0.8661,-1.6344;-2.2676,-0.3585,-0.7030;-1.5288,-0.5785,0.4980;-1.9438,0.0164,1.3185;-1.5875,-1.6411,0.7608;-0.0881,-0.1766,0.2962;0.2439,0.9964,-0.3927;-0.5396,1.6143,-0.8267;1.5792,1.3802,-0.5394;1.8191,2.2897,-1.0844;2.6067,0.6076,0.0044;3.8660,1.0960,-0.2109;4.9482,0.3276,0.2983;4.9756,-0.6678,-0.1573;5.8772,0.8409,0.0319;4.9059,0.2621,1.3906;2.2848,-0.5558,0.7026;3.0482,-1.1855,1.1464;0.9467,-0.9421,0.8510;0.7204,-1.8512,1.4038;</g>
	</geometry>
	<conformers/>
	<properties/>
</molecule>
