<?xml version="1.0" ?>
<!--MOLLI PACKAGE EXPERIMENTAL XML FORMAT-->
<molecule name="react_42_c1_frag_0">
	<atoms>
		<a id="1" s="H" t="H" l="H"/>
		<a id="2" s="C" t="C.2" l="C"/>
		<a id="3" s="O" t="O.2" l="O"/>
		<a id="4" s="O" t="O.3" l="O"/>
		<a id="5" s="C" t="C.3" l="C"/>
		<a id="6" s="H" t="H" l="H"/>
		<a id="7" s="H" t="H" l="H"/>
		<a id="8" s="C" t="C.3" l="C"/>
		<a id="9" s="H" t="H" l="H"/>
		<a id="10" s="H" t="H" l="H"/>
		<a id="11" s="H" t="H" l="H"/>
	</atoms>
	<bonds>
		<b id="1" c="1 2" t="1"/>
		<b id="2" c="2 3" t="2"/>
		<b id="3" c="2 4" t="1"/>
		<b id="4" c="4 5" t="1"/>
		<b id="5" c="6 5" t="1"/>
		<b id="6" c="7 5" t="1"/>
		<b id="7" c="5 8" t="1"/>
		<b id="8" c="9 8" t="1"/>
		<b id="9" c="10 8" t="1"/>
		<b id="10" c="8 11" t="1"/>
	</bonds>
	<geometry>
		<g u="A" t="cart/3d">#11,3:2.7332,0.6075,-0.1346;1.6698,0.6483,-0.4176;1.1362,1.6109,-0.9439;1.0820,-0.5266,-0.0821;-0.3142,-0.6335,-0.3959;-0.5483,-0.1398,-1.3462;-0.5327,-1.6987,-0.5247;-1.1509,-0.0751,0.7399;-0.9071,-0.5790,1.6809;-2.2175,-0.2048,0.5360;-0.9505,0.9908,0.8881;</g>
	</geometry>
	<conformers/>
	<properties/>
</molecule>
