<?xml version="1.0" ?>
<!--MOLLI PACKAGE EXPERIMENTAL XML FORMAT-->
<molecule name="react_45_c1_frag_0">
	<atoms>
		<a id="1" s="H" t="H" l="H"/>
		<a id="2" s="C" t="C.ar" l="C"/>
		<a id="3" s="C" t="C.ar" l="C"/>
		<a id="4" s="H" t="H" l="H"/>
		<a id="5" s="C" t="C.ar" l="C"/>
		<a id="6" s="H" t="H" l="H"/>
		<a id="7" s="C" t="C.ar" l="C"/>
		<a id="8" s="C" t="C.ar" l="C"/>
		<a id="9" s="C" t="C.ar" l="C"/>
		<a id="10" s="H" t="H" l="H"/>
		<a id="11" s="C" t="C.ar" l="C"/>
		<a id="12" s="H" t="H" l="H"/>
		<a id="13" s="C" t="C.ar" l="C"/>
		<a id="14" s="H" t="H" l="H"/>
		<a id="15" s="C" t="C.ar" l="C"/>
		<a id="16" s="H" t="H" l="H"/>
		<a id="17" s="C" t="C.ar" l="C"/>
		<a id="18" s="H" t="H" l="H"/>
		<a id="19" s="C" t="C.ar" l="C"/>
		<a id="20" s="F" t="F" l="F"/>
		<a id="21" s="C" t="C.ar" l="C"/>
		<a id="22" s="H" t="H" l="H"/>
	</atoms>
	<bonds>
		<b id="1" c="1 2" t="1"/>
		<b id="2" c="2 3" t="ar"/>
		<b id="3" c="4 3" t="1"/>
		<b id="4" c="3 5" t="ar"/>
		<b id="5" c="6 5" t="1"/>
		<b id="6" c="5 7" t="ar"/>
		<b id="7" c="8 9" t="ar"/>
		<b id="8" c="10 9" t="1"/>
		<b id="9" c="9 11" t="ar"/>
		<b id="10" c="12 11" t="1"/>
		<b id="11" c="11 13" t="ar"/>
		<b id="12" c="14 13" t="1"/>
		<b id="13" c="13 15" t="ar"/>
		<b id="14" c="16 15" t="1"/>
		<b id="15" c="15 17" t="ar"/>
		<b id="16" c="17 18" t="1"/>
		<b id="17" c="7 8" t="1"/>
		<b id="18" c="7 19" t="ar"/>
		<b id="19" c="20 19" t="1"/>
		<b id="20" c="19 21" t="ar"/>
		<b id="21" c="21 22" t="1"/>
		<b id="22" c="21 2" t="ar"/>
		<b id="23" c="17 8" t="ar"/>
	</bonds>
	<geometry>
		<g u="A" t="cart/3d">#22,3:4.6539,-0.0446,-0.1478;3.5676,-0.0353,-0.1140;2.8786,1.1739,-0.0558;3.4277,2.1125,-0.0408;1.4799,1.1849,-0.0124;0.9664,2.1431,0.0467;0.7398,-0.0118,-0.0263;-0.7336,0.0114,0.0202;-1.4455,-0.7690,0.9470;-0.9113,-1.4107,1.6453;-2.8422,-0.7390,0.9969;-3.3707,-1.3527,1.7217;-3.5542,0.0733,0.1189;-4.6400,0.0949,0.1559;-2.8711,0.8538,-0.8095;-3.4234,1.4847,-1.5010;-1.4743,0.8226,-0.8575;-0.9646,1.4316,-1.6014;1.4631,-1.2139,-0.0823;0.8202,-2.3924,-0.1045;2.8573,-1.2325,-0.1267;3.3763,-2.1847,-0.1727;</g>
	</geometry>
	<conformers/>
	<properties/>
</molecule>
