<?xml version="1.0" ?>
<!--MOLLI PACKAGE EXPERIMENTAL XML FORMAT-->
<molecule name="react_47_c1_frag_0">
	<atoms>
		<a id="1" s="H" t="H" l="H"/>
		<a id="2" s="C" t="C.2" l="C"/>
		<a id="3" s="O" t="O.2" l="O"/>
		<a id="4" s="O" t="O.3" l="O"/>
		<a id="5" s="C" t="C.3" l="C"/>
		<a id="6" s="C" t="C.3" l="C"/>
		<a id="7" s="H" t="H" l="H"/>
		<a id="8" s="H" t="H" l="H"/>
		<a id="9" s="H" t="H" l="H"/>
		<a id="10" s="C" t="C.3" l="C"/>
		<a id="11" s="H" t="H" l="H"/>
		<a id="12" s="H" t="H" l="H"/>
		<a id="13" s="H" t="H" l="H"/>
		<a id="14" s="C" t="C.3" l="C"/>
		<a id="15" s="H" t="H" l="H"/>
		<a id="16" s="H" t="H" l="H"/>
		<a id="17" s="H" t="H" l="H"/>
	</atoms>
	<bonds>
		<b id="1" c="1 2" t="1"/>
		<b id="2" c="2 3" t="2"/>
		<b id="3" c="2 4" t="1"/>
		<b id="4" c="4 5" t="1"/>
		<b id="5" c="7 6" t="1"/>
		<b id="6" c="8 6" t="1"/>
		<b id="7" c="6 9" t="1"/>
		<b id="8" c="6 5" t="1"/>
		<b id="9" c="11 10" t="1"/>
		<b id="10" c="12 10" t="1"/>
		<b id="11" c="10 13" t="1"/>
		<b id="12" c="10 5" t="1"/>
		<b id="13" c="5 14" t="1"/>
		<b id="14" c="15 14" t="1"/>
		<b id="15" c="16 14" t="1"/>
		<b id="16" c="14 17" t="1"/>
	</bonds>
	<geometry>
		<g u="A" t="cart/3d">#17,3:3.0791,-0.0465,0.9361;2.2412,0.2274,0.2761;2.3648,0.9002,-0.7330;1.1036,-0.3042,0.7816;-0.1670,-0.1014,0.1104;-0.5445,1.3836,0.0715;-0.4595,1.8327,1.0675;-1.5696,1.5249,-0.2879;0.1152,1.9557,-0.5878;-0.1628,-0.7269,-1.2889;-1.1641,-0.7168,-1.7328;0.1909,-1.7633,-1.2505;0.5039,-0.1931,-1.9729;-1.1923,-0.8464,0.9786;-2.2055,-0.7668,0.5707;-1.1985,-0.4503,2.0008;-0.9347,-1.9089,1.0606;</g>
	</geometry>
	<conformers/>
	<properties/>
</molecule>
