<?xml version="1.0" ?>
<!--MOLLI PACKAGE EXPERIMENTAL XML FORMAT-->
<molecule name="react_47_c2_frag_0">
	<atoms>
		<a id="1" s="H" t="H" l="H"/>
		<a id="2" s="C" t="C.3" l="C"/>
		<a id="3" s="H" t="H" l="H"/>
		<a id="4" s="H" t="H" l="H"/>
		<a id="5" s="C" t="C.3" l="C"/>
		<a id="6" s="H" t="H" l="H"/>
		<a id="7" s="H" t="H" l="H"/>
		<a id="8" s="O" t="O.3" l="O"/>
		<a id="9" s="C" t="C.3" l="C"/>
		<a id="10" s="H" t="H" l="H"/>
		<a id="11" s="H" t="H" l="H"/>
		<a id="12" s="C" t="C.ar" l="C"/>
		<a id="13" s="C" t="C.ar" l="C"/>
		<a id="14" s="H" t="H" l="H"/>
		<a id="15" s="C" t="C.ar" l="C"/>
		<a id="16" s="H" t="H" l="H"/>
		<a id="17" s="C" t="C.ar" l="C"/>
		<a id="18" s="O" t="O.3" l="O"/>
		<a id="19" s="C" t="C.3" l="C"/>
		<a id="20" s="H" t="H" l="H"/>
		<a id="21" s="H" t="H" l="H"/>
		<a id="22" s="H" t="H" l="H"/>
		<a id="23" s="C" t="C.ar" l="C"/>
		<a id="24" s="O" t="O.3" l="O"/>
		<a id="25" s="C" t="C.3" l="C"/>
		<a id="26" s="H" t="H" l="H"/>
		<a id="27" s="H" t="H" l="H"/>
		<a id="28" s="H" t="H" l="H"/>
		<a id="29" s="C" t="C.ar" l="C"/>
		<a id="30" s="H" t="H" l="H"/>
	</atoms>
	<bonds>
		<b id="1" c="1 2" t="1"/>
		<b id="2" c="3 2" t="1"/>
		<b id="3" c="4 2" t="1"/>
		<b id="4" c="2 5" t="1"/>
		<b id="5" c="6 5" t="1"/>
		<b id="6" c="7 5" t="1"/>
		<b id="7" c="5 8" t="1"/>
		<b id="8" c="8 9" t="1"/>
		<b id="9" c="10 9" t="1"/>
		<b id="10" c="11 9" t="1"/>
		<b id="11" c="9 12" t="1"/>
		<b id="12" c="12 13" t="ar"/>
		<b id="13" c="14 13" t="1"/>
		<b id="14" c="13 15" t="ar"/>
		<b id="15" c="16 15" t="1"/>
		<b id="16" c="15 17" t="ar"/>
		<b id="17" c="18 19" t="1"/>
		<b id="18" c="20 19" t="1"/>
		<b id="19" c="21 19" t="1"/>
		<b id="20" c="19 22" t="1"/>
		<b id="21" c="18 17" t="1"/>
		<b id="22" c="17 23" t="ar"/>
		<b id="23" c="24 25" t="1"/>
		<b id="24" c="26 25" t="1"/>
		<b id="25" c="27 25" t="1"/>
		<b id="26" c="25 28" t="1"/>
		<b id="27" c="24 23" t="1"/>
		<b id="28" c="23 29" t="ar"/>
		<b id="29" c="29 30" t="1"/>
		<b id="30" c="29 12" t="ar"/>
	</bonds>
	<geometry>
		<g u="A" t="cart/3d">#30,3:4.8732,1.5906,-0.8171;4.1047,1.2163,-1.5012;4.2444,1.6851,-2.4796;4.2696,0.1402,-1.6087;2.7178,1.5126,-0.9588;2.5851,2.5982,-0.9040;1.9397,1.1217,-1.6235;2.5724,1.0102,0.3686;2.1985,-0.3672,0.4297;2.4487,-0.7299,1.4330;2.7851,-0.9575,-0.2826;0.7142,-0.5555,0.2219;0.2372,-1.6005,-0.5752;0.9304,-2.2779,-1.0693;-1.1365,-1.7905,-0.7500;-1.4569,-2.6128,-1.3805;-2.0557,-0.9416,-0.1247;-3.4194,-1.0535,-0.2416;-3.9279,-2.1050,-1.0488;-3.6416,-3.0836,-0.6498;-3.6100,-1.9928,-2.0906;-5.0203,-2.0449,-1.0273;-1.5874,0.1094,0.6885;-2.5500,0.8972,1.2711;-2.1119,1.9917,2.0631;-1.5509,1.6464,2.9378;-3.0000,2.5180,2.4261;-1.5257,2.7010,1.4695;-0.2092,0.2887,0.8592;0.1823,1.0861,1.4841;</g>
	</geometry>
	<conformers/>
	<properties/>
</molecule>
