<?xml version="1.0" ?>
<!--MOLLI PACKAGE EXPERIMENTAL XML FORMAT-->
<molecule name="react_48_c1_frag_0">
	<atoms>
		<a id="1" s="H" t="H" l="H"/>
		<a id="2" s="C" t="C.ar" l="C"/>
		<a id="3" s="N" t="N.ar" l="N"/>
		<a id="4" s="C" t="C.ar" l="C"/>
		<a id="5" s="C" t="C.2" l="C"/>
		<a id="6" s="O" t="O.2" l="O"/>
		<a id="7" s="C" t="C.3" l="C"/>
		<a id="8" s="H" t="H" l="H"/>
		<a id="9" s="H" t="H" l="H"/>
		<a id="10" s="H" t="H" l="H"/>
		<a id="11" s="N" t="N.ar" l="N"/>
		<a id="12" s="C" t="C.3" l="C"/>
		<a id="13" s="H" t="H" l="H"/>
		<a id="14" s="H" t="H" l="H"/>
		<a id="15" s="C" t="C.3" l="C"/>
		<a id="16" s="H" t="H" l="H"/>
		<a id="17" s="H" t="H" l="H"/>
		<a id="18" s="H" t="H" l="H"/>
		<a id="19" s="C" t="C.ar" l="C"/>
		<a id="20" s="H" t="H" l="H"/>
	</atoms>
	<bonds>
		<b id="1" c="1 2" t="1"/>
		<b id="2" c="2 3" t="ar"/>
		<b id="3" c="3 4" t="ar"/>
		<b id="4" c="5 6" t="2"/>
		<b id="5" c="5 7" t="1"/>
		<b id="6" c="8 7" t="1"/>
		<b id="7" c="9 7" t="1"/>
		<b id="8" c="7 10" t="1"/>
		<b id="9" c="5 4" t="1"/>
		<b id="10" c="4 11" t="ar"/>
		<b id="11" c="13 12" t="1"/>
		<b id="12" c="14 12" t="1"/>
		<b id="13" c="12 15" t="1"/>
		<b id="14" c="16 15" t="1"/>
		<b id="15" c="17 15" t="1"/>
		<b id="16" c="15 18" t="1"/>
		<b id="17" c="12 11" t="1"/>
		<b id="18" c="11 19" t="ar"/>
		<b id="19" c="19 20" t="1"/>
		<b id="20" c="19 2" t="ar"/>
	</bonds>
	<geometry>
		<g u="A" t="cart/3d">#20,3:-0.5934,3.5249,-0.1754;-0.3751,2.4689,-0.2719;-1.3004,1.5156,0.0579;-0.7247,0.3448,-0.1721;-1.3956,-0.9235,0.0671;-0.8737,-2.0230,-0.1259;-2.8113,-0.8363,0.5844;-2.8263,-0.3245,1.5505;-3.4413,-0.3061,-0.1351;-3.2138,-1.8446,0.7198;0.5558,0.5347,-0.6459;1.5125,-0.4839,-1.0351;0.9783,-1.2784,-1.5641;2.1997,-0.0302,-1.7590;2.2969,-1.0265,0.1468;3.0119,-1.7841,-0.1885;2.8556,-0.2281,0.6467;1.6378,-1.4852,0.8906;0.7852,1.8841,-0.7121;1.7220,2.3013,-1.0545;</g>
	</geometry>
	<conformers/>
	<properties/>
</molecule>
