<?xml version="1.0" ?>
<!--MOLLI PACKAGE EXPERIMENTAL XML FORMAT-->
<molecule name="react_49_c2_frag_0">
	<atoms>
		<a id="1" s="H" t="H" l="H"/>
		<a id="2" s="C" t="C.ar" l="C"/>
		<a id="3" s="C" t="C.ar" l="C"/>
		<a id="4" s="H" t="H" l="H"/>
		<a id="5" s="C" t="C.ar" l="C"/>
		<a id="6" s="H" t="H" l="H"/>
		<a id="7" s="C" t="C.ar" l="C"/>
		<a id="8" s="O" t="O.3" l="O"/>
		<a id="9" s="C" t="C.3" l="C"/>
		<a id="10" s="H" t="H" l="H"/>
		<a id="11" s="H" t="H" l="H"/>
		<a id="12" s="C" t="C.ar" l="C"/>
		<a id="13" s="C" t="C.ar" l="C"/>
		<a id="14" s="H" t="H" l="H"/>
		<a id="15" s="C" t="C.ar" l="C"/>
		<a id="16" s="H" t="H" l="H"/>
		<a id="17" s="C" t="C.ar" l="C"/>
		<a id="18" s="H" t="H" l="H"/>
		<a id="19" s="C" t="C.ar" l="C"/>
		<a id="20" s="H" t="H" l="H"/>
		<a id="21" s="C" t="C.ar" l="C"/>
		<a id="22" s="H" t="H" l="H"/>
		<a id="23" s="C" t="C.ar" l="C"/>
		<a id="24" s="O" t="O.3" l="O"/>
		<a id="25" s="C" t="C.3" l="C"/>
		<a id="26" s="H" t="H" l="H"/>
		<a id="27" s="H" t="H" l="H"/>
		<a id="28" s="H" t="H" l="H"/>
		<a id="29" s="C" t="C.ar" l="C"/>
		<a id="30" s="H" t="H" l="H"/>
	</atoms>
	<bonds>
		<b id="1" c="1 2" t="1"/>
		<b id="2" c="2 3" t="ar"/>
		<b id="3" c="4 3" t="1"/>
		<b id="4" c="3 5" t="ar"/>
		<b id="5" c="6 5" t="1"/>
		<b id="6" c="5 7" t="ar"/>
		<b id="7" c="8 9" t="1"/>
		<b id="8" c="10 9" t="1"/>
		<b id="9" c="11 9" t="1"/>
		<b id="10" c="9 12" t="1"/>
		<b id="11" c="12 13" t="ar"/>
		<b id="12" c="14 13" t="1"/>
		<b id="13" c="13 15" t="ar"/>
		<b id="14" c="16 15" t="1"/>
		<b id="15" c="15 17" t="ar"/>
		<b id="16" c="18 17" t="1"/>
		<b id="17" c="17 19" t="ar"/>
		<b id="18" c="20 19" t="1"/>
		<b id="19" c="19 21" t="ar"/>
		<b id="20" c="21 22" t="1"/>
		<b id="21" c="8 7" t="1"/>
		<b id="22" c="7 23" t="ar"/>
		<b id="23" c="24 25" t="1"/>
		<b id="24" c="26 25" t="1"/>
		<b id="25" c="27 25" t="1"/>
		<b id="26" c="25 28" t="1"/>
		<b id="27" c="24 23" t="1"/>
		<b id="28" c="23 29" t="ar"/>
		<b id="29" c="29 30" t="1"/>
		<b id="30" c="29 2" t="ar"/>
		<b id="31" c="21 12" t="ar"/>
	</bonds>
	<geometry>
		<g u="A" t="cart/3d">#30,3:-4.9413,2.0243,0.5023;-3.9220,1.6469,0.4785;-2.8513,2.5282,0.5920;-3.0348,3.5936,0.7076;-1.5415,2.0458,0.5608;-0.7359,2.7647,0.6627;-1.2962,0.6759,0.4125;-0.0454,0.1108,0.3805;1.0743,0.9859,0.2647;1.1635,1.5742,1.1859;0.9582,1.6517,-0.5995;2.3438,0.1867,0.0650;3.5600,0.6613,0.5793;3.5919,1.5851,1.1523;4.7457,-0.0455,0.3673;5.6809,0.3276,0.7764;4.7315,-1.2282,-0.3691;5.6538,-1.7790,-0.5328;3.5332,-1.7039,-0.8969;3.5187,-2.6252,-1.4730;2.3473,-0.9981,-0.6862;1.4184,-1.3812,-1.1058;-2.3811,-0.2183,0.3044;-2.0566,-1.5450,0.1611;-3.1227,-2.4823,0.1265;-3.7125,-2.4468,1.0484;-2.6860,-3.4828,0.0506;-3.7541,-2.3284,-0.7546;-3.6894,0.2777,0.3355;-4.5505,-0.3758,0.2484;</g>
	</geometry>
	<conformers/>
	<properties/>
</molecule>
