<?xml version="1.0" ?>
<!--MOLLI PACKAGE EXPERIMENTAL XML FORMAT-->
<molecule name="react_50_c1_frag_0">
	<atoms>
		<a id="1" s="H" t="H" l="H"/>
		<a id="2" s="C" t="C.3" l="C"/>
		<a id="3" s="H" t="H" l="H"/>
		<a id="4" s="H" t="H" l="H"/>
		<a id="5" s="C" t="C.3" l="C"/>
		<a id="6" s="H" t="H" l="H"/>
		<a id="7" s="H" t="H" l="H"/>
		<a id="8" s="C" t="C.3" l="C"/>
		<a id="9" s="H" t="H" l="H"/>
		<a id="10" s="H" t="H" l="H"/>
		<a id="11" s="C" t="C.3" l="C"/>
		<a id="12" s="H" t="H" l="H"/>
		<a id="13" s="H" t="H" l="H"/>
		<a id="14" s="C" t="C.3" l="C"/>
		<a id="15" s="H" t="H" l="H"/>
		<a id="16" s="H" t="H" l="H"/>
		<a id="17" s="C" t="C.3" l="C"/>
		<a id="18" s="H" t="H" l="H"/>
		<a id="19" s="H" t="H" l="H"/>
		<a id="20" s="C" t="C.3" l="C"/>
		<a id="21" s="H" t="H" l="H"/>
		<a id="22" s="H" t="H" l="H"/>
		<a id="23" s="C" t="C.2" l="C"/>
		<a id="24" s="O" t="O.2" l="O"/>
		<a id="25" s="O" t="O.3" l="O"/>
		<a id="26" s="C" t="C.3" l="C"/>
		<a id="27" s="H" t="H" l="H"/>
		<a id="28" s="H" t="H" l="H"/>
		<a id="29" s="H" t="H" l="H"/>
	</atoms>
	<bonds>
		<b id="1" c="1 2" t="1"/>
		<b id="2" c="3 2" t="1"/>
		<b id="3" c="4 2" t="1"/>
		<b id="4" c="2 5" t="1"/>
		<b id="5" c="6 5" t="1"/>
		<b id="6" c="7 5" t="1"/>
		<b id="7" c="5 8" t="1"/>
		<b id="8" c="9 8" t="1"/>
		<b id="9" c="10 8" t="1"/>
		<b id="10" c="8 11" t="1"/>
		<b id="11" c="12 11" t="1"/>
		<b id="12" c="13 11" t="1"/>
		<b id="13" c="11 14" t="1"/>
		<b id="14" c="15 14" t="1"/>
		<b id="15" c="16 14" t="1"/>
		<b id="16" c="14 17" t="1"/>
		<b id="17" c="18 17" t="1"/>
		<b id="18" c="19 17" t="1"/>
		<b id="19" c="17 20" t="1"/>
		<b id="20" c="21 20" t="1"/>
		<b id="21" c="22 20" t="1"/>
		<b id="22" c="20 23" t="1"/>
		<b id="23" c="23 24" t="2"/>
		<b id="24" c="23 25" t="1"/>
		<b id="25" c="25 26" t="1"/>
		<b id="26" c="27 26" t="1"/>
		<b id="27" c="28 26" t="1"/>
		<b id="28" c="26 29" t="1"/>
	</bonds>
	<geometry>
		<g u="A" t="cart/3d">#29,3:-5.2230,0.0258,0.8217;-4.8215,0.6662,0.0298;-5.3267,1.6354,0.0887;-5.0662,0.2134,-0.9363;-3.3186,0.8457,0.1823;-2.9669,1.5230,-0.6029;-3.1102,1.3252,1.1456;-2.5865,-0.4943,0.0985;-3.0147,-1.1808,0.8397;-2.7545,-0.9487,-0.8855;-1.0814,-0.3863,0.3651;-0.6836,-1.4052,0.4318;-0.9135,0.0843,1.3413;-0.3270,0.3867,-0.7200;-0.4969,-0.0824,-1.6966;-0.7208,1.4070,-0.7853;1.1778,0.4877,-0.4538;1.3496,0.9551,0.5238;1.6148,1.1671,-1.1970;1.8979,-0.8548,-0.5215;1.6714,-1.3700,-1.4622;1.5945,-1.5271,0.2881;3.3907,-0.6619,-0.4484;4.1380,-0.7082,-1.4159;3.7759,-0.4190,0.8348;5.1804,-0.2129,0.9887;5.3818,-0.0289,2.0476;5.7351,-1.1049,0.6807;5.5043,0.6627,0.4174;</g>
	</geometry>
	<conformers/>
	<properties/>
</molecule>
