<?xml version="1.0" ?>
<!--MOLLI PACKAGE EXPERIMENTAL XML FORMAT-->
<molecule name="react_51_c2_frag_0">
	<atoms>
		<a id="1" s="H" t="H" l="H"/>
		<a id="2" s="C" t="C.3" l="C"/>
		<a id="3" s="H" t="H" l="H"/>
		<a id="4" s="H" t="H" l="H"/>
		<a id="5" s="C" t="C.3" l="C"/>
		<a id="6" s="H" t="H" l="H"/>
		<a id="7" s="H" t="H" l="H"/>
		<a id="8" s="C" t="C.3" l="C"/>
		<a id="9" s="H" t="H" l="H"/>
		<a id="10" s="H" t="H" l="H"/>
		<a id="11" s="C" t="C.3" l="C"/>
		<a id="12" s="H" t="H" l="H"/>
		<a id="13" s="H" t="H" l="H"/>
		<a id="14" s="C" t="C.3" l="C"/>
		<a id="15" s="H" t="H" l="H"/>
		<a id="16" s="H" t="H" l="H"/>
		<a id="17" s="C" t="C.3" l="C"/>
		<a id="18" s="H" t="H" l="H"/>
		<a id="19" s="H" t="H" l="H"/>
		<a id="20" s="C" t="C.3" l="C"/>
		<a id="21" s="H" t="H" l="H"/>
		<a id="22" s="H" t="H" l="H"/>
		<a id="23" s="C" t="C.3" l="C"/>
		<a id="24" s="H" t="H" l="H"/>
		<a id="25" s="H" t="H" l="H"/>
		<a id="26" s="C" t="C.3" l="C"/>
		<a id="27" s="H" t="H" l="H"/>
		<a id="28" s="H" t="H" l="H"/>
		<a id="29" s="C" t="C.3" l="C"/>
		<a id="30" s="H" t="H" l="H"/>
		<a id="31" s="H" t="H" l="H"/>
		<a id="32" s="C" t="C.3" l="C"/>
		<a id="33" s="H" t="H" l="H"/>
		<a id="34" s="H" t="H" l="H"/>
		<a id="35" s="C" t="C.3" l="C"/>
		<a id="36" s="H" t="H" l="H"/>
		<a id="37" s="H" t="H" l="H"/>
		<a id="38" s="C" t="C.3" l="C"/>
		<a id="39" s="H" t="H" l="H"/>
		<a id="40" s="H" t="H" l="H"/>
		<a id="41" s="C" t="C.3" l="C"/>
		<a id="42" s="H" t="H" l="H"/>
		<a id="43" s="H" t="H" l="H"/>
		<a id="44" s="C" t="C.3" l="C"/>
		<a id="45" s="H" t="H" l="H"/>
		<a id="46" s="H" t="H" l="H"/>
		<a id="47" s="H" t="H" l="H"/>
	</atoms>
	<bonds>
		<b id="1" c="1 2" t="1"/>
		<b id="2" c="3 2" t="1"/>
		<b id="3" c="4 2" t="1"/>
		<b id="4" c="2 5" t="1"/>
		<b id="5" c="6 5" t="1"/>
		<b id="6" c="7 5" t="1"/>
		<b id="7" c="5 8" t="1"/>
		<b id="8" c="9 8" t="1"/>
		<b id="9" c="10 8" t="1"/>
		<b id="10" c="8 11" t="1"/>
		<b id="11" c="12 11" t="1"/>
		<b id="12" c="13 11" t="1"/>
		<b id="13" c="11 14" t="1"/>
		<b id="14" c="15 14" t="1"/>
		<b id="15" c="16 14" t="1"/>
		<b id="16" c="14 17" t="1"/>
		<b id="17" c="18 17" t="1"/>
		<b id="18" c="19 17" t="1"/>
		<b id="19" c="17 20" t="1"/>
		<b id="20" c="21 20" t="1"/>
		<b id="21" c="22 20" t="1"/>
		<b id="22" c="20 23" t="1"/>
		<b id="23" c="24 23" t="1"/>
		<b id="24" c="25 23" t="1"/>
		<b id="25" c="23 26" t="1"/>
		<b id="26" c="27 26" t="1"/>
		<b id="27" c="28 26" t="1"/>
		<b id="28" c="26 29" t="1"/>
		<b id="29" c="30 29" t="1"/>
		<b id="30" c="31 29" t="1"/>
		<b id="31" c="29 32" t="1"/>
		<b id="32" c="33 32" t="1"/>
		<b id="33" c="34 32" t="1"/>
		<b id="34" c="32 35" t="1"/>
		<b id="35" c="36 35" t="1"/>
		<b id="36" c="37 35" t="1"/>
		<b id="37" c="35 38" t="1"/>
		<b id="38" c="39 38" t="1"/>
		<b id="39" c="40 38" t="1"/>
		<b id="40" c="38 41" t="1"/>
		<b id="41" c="42 41" t="1"/>
		<b id="42" c="43 41" t="1"/>
		<b id="43" c="41 44" t="1"/>
		<b id="44" c="45 44" t="1"/>
		<b id="45" c="46 44" t="1"/>
		<b id="46" c="44 47" t="1"/>
	</bonds>
	<geometry>
		<g u="A" t="cart/3d">#47,3:-8.1049,1.6757,-0.3813;-7.9329,0.6794,0.0384;-8.5371,0.5847,0.9461;-8.2854,-0.0639,-0.6839;-6.4611,0.4697,0.3613;-6.3411,-0.5198,0.8146;-6.1478,1.2108,1.1056;-5.5932,0.5915,-0.8919;-5.7946,1.5575,-1.3717;-5.8739,-0.1839,-1.6151;-4.0903,0.5078,-0.6052;-3.8133,1.2708,0.1322;-3.5629,0.7572,-1.5329;-3.6415,-0.8724,-0.1176;-3.9178,-1.6350,-0.8556;-4.1684,-1.1233,0.8098;-2.1376,-0.9549,0.1689;-1.8707,-0.1875,0.9044;-1.9327,-1.9270,0.6343;-1.2715,-0.8095,-1.0852;-1.3579,0.2052,-1.4896;-1.6415,-1.4935,-1.8588;0.2078,-1.1239,-0.8387;0.7262,-1.1052,-1.8054;0.3070,-2.1438,-0.4477;0.8878,-0.1369,0.1129;0.4279,-0.1959,1.1057;0.7432,0.8866,-0.2533;2.3858,-0.4293,0.2370;2.5303,-1.4528,0.6034;2.8452,-0.3706,-0.7560;3.0657,0.5579,1.1884;2.5449,0.5405,2.1540;2.9683,1.5775,0.7961;4.5432,0.2429,1.4391;4.6403,-0.7763,1.8325;4.9077,0.9193,2.2224;5.4193,0.4027,0.1947;5.1183,-0.3193,-0.5725;5.2790,1.4048,-0.2281;6.8969,0.1901,0.5275;7.0429,-0.8107,0.9504;7.2159,0.9133,1.2870;7.7733,0.3436,-0.7054;8.8249,0.1883,-0.4446;7.5021,-0.3880,-1.4732;7.6742,1.3457,-1.1348;</g>
	</geometry>
	<conformers/>
	<properties/>
</molecule>
