<?xml version="1.0" ?>
<!--MOLLI PACKAGE EXPERIMENTAL XML FORMAT-->
<molecule name="react_53_c1_frag_0">
	<atoms>
		<a id="1" s="H" t="H" l="H"/>
		<a id="2" s="C" t="C.1" l="C"/>
		<a id="3" s="C" t="C.1" l="C"/>
		<a id="4" s="C" t="C.3" l="C"/>
		<a id="5" s="H" t="H" l="H"/>
		<a id="6" s="H" t="H" l="H"/>
		<a id="7" s="C" t="C.3" l="C"/>
		<a id="8" s="H" t="H" l="H"/>
		<a id="9" s="H" t="H" l="H"/>
		<a id="10" s="C" t="C.3" l="C"/>
		<a id="11" s="H" t="H" l="H"/>
		<a id="12" s="H" t="H" l="H"/>
		<a id="13" s="C" t="C.3" l="C"/>
		<a id="14" s="H" t="H" l="H"/>
		<a id="15" s="H" t="H" l="H"/>
		<a id="16" s="C" t="C.3" l="C"/>
		<a id="17" s="H" t="H" l="H"/>
		<a id="18" s="H" t="H" l="H"/>
		<a id="19" s="C" t="C.3" l="C"/>
		<a id="20" s="H" t="H" l="H"/>
		<a id="21" s="H" t="H" l="H"/>
		<a id="22" s="C" t="C.3" l="C"/>
		<a id="23" s="H" t="H" l="H"/>
		<a id="24" s="H" t="H" l="H"/>
		<a id="25" s="C" t="C.3" l="C"/>
		<a id="26" s="H" t="H" l="H"/>
		<a id="27" s="H" t="H" l="H"/>
		<a id="28" s="C" t="C.3" l="C"/>
		<a id="29" s="H" t="H" l="H"/>
		<a id="30" s="H" t="H" l="H"/>
		<a id="31" s="C" t="C.3" l="C"/>
		<a id="32" s="H" t="H" l="H"/>
		<a id="33" s="H" t="H" l="H"/>
		<a id="34" s="C" t="C.3" l="C"/>
		<a id="35" s="H" t="H" l="H"/>
		<a id="36" s="H" t="H" l="H"/>
		<a id="37" s="C" t="C.3" l="C"/>
		<a id="38" s="H" t="H" l="H"/>
		<a id="39" s="H" t="H" l="H"/>
		<a id="40" s="C" t="C.3" l="C"/>
		<a id="41" s="H" t="H" l="H"/>
		<a id="42" s="H" t="H" l="H"/>
		<a id="43" s="H" t="H" l="H"/>
	</atoms>
	<bonds>
		<b id="1" c="1 2" t="1"/>
		<b id="2" c="2 3" t="3"/>
		<b id="3" c="3 4" t="1"/>
		<b id="4" c="5 4" t="1"/>
		<b id="5" c="6 4" t="1"/>
		<b id="6" c="4 7" t="1"/>
		<b id="7" c="8 7" t="1"/>
		<b id="8" c="9 7" t="1"/>
		<b id="9" c="7 10" t="1"/>
		<b id="10" c="11 10" t="1"/>
		<b id="11" c="12 10" t="1"/>
		<b id="12" c="10 13" t="1"/>
		<b id="13" c="14 13" t="1"/>
		<b id="14" c="15 13" t="1"/>
		<b id="15" c="13 16" t="1"/>
		<b id="16" c="17 16" t="1"/>
		<b id="17" c="18 16" t="1"/>
		<b id="18" c="16 19" t="1"/>
		<b id="19" c="20 19" t="1"/>
		<b id="20" c="21 19" t="1"/>
		<b id="21" c="19 22" t="1"/>
		<b id="22" c="23 22" t="1"/>
		<b id="23" c="24 22" t="1"/>
		<b id="24" c="22 25" t="1"/>
		<b id="25" c="26 25" t="1"/>
		<b id="26" c="27 25" t="1"/>
		<b id="27" c="25 28" t="1"/>
		<b id="28" c="29 28" t="1"/>
		<b id="29" c="30 28" t="1"/>
		<b id="30" c="28 31" t="1"/>
		<b id="31" c="32 31" t="1"/>
		<b id="32" c="33 31" t="1"/>
		<b id="33" c="31 34" t="1"/>
		<b id="34" c="35 34" t="1"/>
		<b id="35" c="36 34" t="1"/>
		<b id="36" c="34 37" t="1"/>
		<b id="37" c="38 37" t="1"/>
		<b id="38" c="39 37" t="1"/>
		<b id="39" c="37 40" t="1"/>
		<b id="40" c="41 40" t="1"/>
		<b id="41" c="42 40" t="1"/>
		<b id="42" c="40 43" t="1"/>
	</bonds>
	<geometry>
		<g u="A" t="cart/3d">#43,3:-8.2522,2.7490,-1.2105;-7.4828,2.0140,-1.2695;-6.6157,1.1859,-1.3358;-5.5558,0.1701,-1.4200;-5.9937,-0.8256,-1.2834;-5.1087,0.1907,-2.4207;-4.4754,0.4118,-0.3646;-4.0539,1.4143,-0.5035;-4.9246,0.3917,0.6366;-3.3692,-0.6421,-0.4529;-3.8218,-1.6394,-0.3863;-2.8776,-0.5836,-1.4317;-2.3198,-0.5225,0.6574;-2.8129,-0.5614,1.6361;-1.6712,-1.4035,0.5931;-1.4694,0.7459,0.5547;-0.9822,0.7897,-0.4260;-2.1168,1.6280,0.6161;-0.4230,0.8698,1.6678;-0.9391,0.9268,2.6344;0.1002,1.8263,1.5430;0.6168,-0.2527,1.7412;1.2959,-0.0298,2.5740;0.1288,-1.2017,1.9911;1.4358,-0.4107,0.4578;0.7836,-0.7145,-0.3684;1.8749,0.5573,0.1922;2.5396,-1.4567,0.6334;3.2300,-1.1407,1.4238;2.0900,-2.3969,0.9771;3.3145,-1.7478,-0.6554;2.6236,-2.1696,-1.3961;4.0537,-2.5308,-0.4447;4.0296,-0.5509,-1.2898;4.5284,-0.9004,-2.2027;3.2968,0.1987,-1.6101;5.0666,0.0956,-0.3712;4.5797,0.5218,0.5125;5.7776,-0.6612,-0.0204;5.8276,1.2017,-1.0863;6.3629,0.8104,-1.9574;6.5617,1.6536,-0.4119;5.1474,1.9894,-1.4255;</g>
	</geometry>
	<conformers/>
	<properties/>
</molecule>
