<?xml version="1.0" ?>
<!--MOLLI PACKAGE EXPERIMENTAL XML FORMAT-->
<molecule name="react_54_c2_frag_0">
	<atoms>
		<a id="1" s="H" t="H" l="H"/>
		<a id="2" s="C" t="C.3" l="C"/>
		<a id="3" s="H" t="H" l="H"/>
		<a id="4" s="H" t="H" l="H"/>
		<a id="5" s="C" t="C.3" l="C"/>
		<a id="6" s="H" t="H" l="H"/>
		<a id="7" s="H" t="H" l="H"/>
		<a id="8" s="C" t="C.3" l="C"/>
		<a id="9" s="H" t="H" l="H"/>
		<a id="10" s="H" t="H" l="H"/>
		<a id="11" s="C" t="C.1" l="C"/>
		<a id="12" s="C" t="C.1" l="C"/>
		<a id="13" s="C" t="C.3" l="C"/>
		<a id="14" s="H" t="H" l="H"/>
		<a id="15" s="H" t="H" l="H"/>
		<a id="16" s="C" t="C.3" l="C"/>
		<a id="17" s="H" t="H" l="H"/>
		<a id="18" s="H" t="H" l="H"/>
		<a id="19" s="C" t="C.3" l="C"/>
		<a id="20" s="H" t="H" l="H"/>
		<a id="21" s="H" t="H" l="H"/>
		<a id="22" s="C" t="C.3" l="C"/>
		<a id="23" s="H" t="H" l="H"/>
		<a id="24" s="H" t="H" l="H"/>
		<a id="25" s="C" t="C.3" l="C"/>
		<a id="26" s="H" t="H" l="H"/>
		<a id="27" s="H" t="H" l="H"/>
		<a id="28" s="C" t="C.3" l="C"/>
		<a id="29" s="H" t="H" l="H"/>
		<a id="30" s="H" t="H" l="H"/>
		<a id="31" s="C" t="C.3" l="C"/>
		<a id="32" s="H" t="H" l="H"/>
		<a id="33" s="H" t="H" l="H"/>
		<a id="34" s="C" t="C.3" l="C"/>
		<a id="35" s="H" t="H" l="H"/>
		<a id="36" s="H" t="H" l="H"/>
		<a id="37" s="C" t="C.3" l="C"/>
		<a id="38" s="H" t="H" l="H"/>
		<a id="39" s="H" t="H" l="H"/>
		<a id="40" s="C" t="C.3" l="C"/>
		<a id="41" s="H" t="H" l="H"/>
		<a id="42" s="H" t="H" l="H"/>
		<a id="43" s="H" t="H" l="H"/>
	</atoms>
	<bonds>
		<b id="1" c="1 2" t="1"/>
		<b id="2" c="3 2" t="1"/>
		<b id="3" c="4 2" t="1"/>
		<b id="4" c="2 5" t="1"/>
		<b id="5" c="6 5" t="1"/>
		<b id="6" c="7 5" t="1"/>
		<b id="7" c="5 8" t="1"/>
		<b id="8" c="9 8" t="1"/>
		<b id="9" c="10 8" t="1"/>
		<b id="10" c="8 11" t="1"/>
		<b id="11" c="11 12" t="3"/>
		<b id="12" c="12 13" t="1"/>
		<b id="13" c="14 13" t="1"/>
		<b id="14" c="15 13" t="1"/>
		<b id="15" c="13 16" t="1"/>
		<b id="16" c="17 16" t="1"/>
		<b id="17" c="18 16" t="1"/>
		<b id="18" c="16 19" t="1"/>
		<b id="19" c="20 19" t="1"/>
		<b id="20" c="21 19" t="1"/>
		<b id="21" c="19 22" t="1"/>
		<b id="22" c="23 22" t="1"/>
		<b id="23" c="24 22" t="1"/>
		<b id="24" c="22 25" t="1"/>
		<b id="25" c="26 25" t="1"/>
		<b id="26" c="27 25" t="1"/>
		<b id="27" c="25 28" t="1"/>
		<b id="28" c="29 28" t="1"/>
		<b id="29" c="30 28" t="1"/>
		<b id="30" c="28 31" t="1"/>
		<b id="31" c="32 31" t="1"/>
		<b id="32" c="33 31" t="1"/>
		<b id="33" c="31 34" t="1"/>
		<b id="34" c="35 34" t="1"/>
		<b id="35" c="36 34" t="1"/>
		<b id="36" c="34 37" t="1"/>
		<b id="37" c="38 37" t="1"/>
		<b id="38" c="39 37" t="1"/>
		<b id="39" c="37 40" t="1"/>
		<b id="40" c="41 40" t="1"/>
		<b id="41" c="42 40" t="1"/>
		<b id="42" c="40 43" t="1"/>
	</bonds>
	<geometry>
		<g u="A" t="cart/3d">#43,3:5.7744,2.0146,-1.5995;5.1017,2.1377,-0.7447;5.0414,3.2059,-0.5130;4.1028,1.8032,-1.0410;5.6124,1.3682,0.4664;4.9250,1.5197,1.3076;6.5794,1.7920,0.7628;5.7965,-0.1243,0.1925;6.3188,-0.5770,1.0437;6.4367,-0.2689,-0.6853;4.5140,-0.8164,-0.0010;3.4646,-1.3784,-0.1615;2.1767,-2.0606,-0.3586;2.3248,-2.9446,-0.9894;1.8083,-2.4119,0.6111;1.1571,-1.1241,-1.0081;0.9813,-0.2552,-0.3624;1.5774,-0.7235,-1.9404;-0.1706,-1.8094,-1.3455;0.0220,-2.6198,-2.0600;-0.8101,-1.0916,-1.8728;-0.9371,-2.3926,-0.1542;-0.3606,-3.2195,0.2779;-1.8619,-2.8488,-0.5272;-1.2751,-1.4028,0.9653;-0.3476,-1.0732,1.4485;-1.8411,-1.9385,1.7380;-2.0702,-0.1623,0.5430;-1.4927,0.4299,-0.1756;-2.1926,0.4656,1.4328;-3.4454,-0.4930,-0.0425;-4.0282,-1.0735,0.6827;-3.3233,-1.1244,-0.9298;-4.2394,0.7475,-0.4655;-5.1361,0.4110,-1.0009;-3.6496,1.3365,-1.1785;-4.6644,1.6298,0.7088;-3.7855,2.0472,1.2110;-5.2097,1.0309,1.4473;-5.5492,2.7780,0.2471;-5.0233,3.4131,-0.4729;-5.8394,3.3993,1.1002;-6.4626,2.4041,-0.2265;</g>
	</geometry>
	<conformers/>
	<properties/>
</molecule>
