<?xml version="1.0" ?>
<!--MOLLI PACKAGE EXPERIMENTAL XML FORMAT-->
<molecule name="react_56_c1_frag_0">
	<atoms>
		<a id="1" s="H" t="H" l="H"/>
		<a id="2" s="C" t="C.ar" l="C"/>
		<a id="3" s="C" t="C.ar" l="C"/>
		<a id="4" s="H" t="H" l="H"/>
		<a id="5" s="C" t="C.ar" l="C"/>
		<a id="6" s="H" t="H" l="H"/>
		<a id="7" s="C" t="C.ar" l="C"/>
		<a id="8" s="O" t="O.3" l="O"/>
		<a id="9" s="C" t="C.3" l="C"/>
		<a id="10" s="H" t="H" l="H"/>
		<a id="11" s="H" t="H" l="H"/>
		<a id="12" s="O" t="O.3" l="O"/>
		<a id="13" s="C" t="C.3" l="C"/>
		<a id="14" s="H" t="H" l="H"/>
		<a id="15" s="H" t="H" l="H"/>
		<a id="16" s="H" t="H" l="H"/>
		<a id="17" s="C" t="C.ar" l="C"/>
		<a id="18" s="O" t="O.3" l="O"/>
		<a id="19" s="C" t="C.3" l="C"/>
		<a id="20" s="H" t="H" l="H"/>
		<a id="21" s="H" t="H" l="H"/>
		<a id="22" s="O" t="O.3" l="O"/>
		<a id="23" s="C" t="C.3" l="C"/>
		<a id="24" s="H" t="H" l="H"/>
		<a id="25" s="H" t="H" l="H"/>
		<a id="26" s="H" t="H" l="H"/>
		<a id="27" s="C" t="C.ar" l="C"/>
		<a id="28" s="H" t="H" l="H"/>
	</atoms>
	<bonds>
		<b id="1" c="1 2" t="1"/>
		<b id="2" c="2 3" t="ar"/>
		<b id="3" c="4 3" t="1"/>
		<b id="4" c="3 5" t="ar"/>
		<b id="5" c="6 5" t="1"/>
		<b id="6" c="5 7" t="ar"/>
		<b id="7" c="8 9" t="1"/>
		<b id="8" c="10 9" t="1"/>
		<b id="9" c="11 9" t="1"/>
		<b id="10" c="9 12" t="1"/>
		<b id="11" c="12 13" t="1"/>
		<b id="12" c="14 13" t="1"/>
		<b id="13" c="15 13" t="1"/>
		<b id="14" c="13 16" t="1"/>
		<b id="15" c="8 7" t="1"/>
		<b id="16" c="7 17" t="ar"/>
		<b id="17" c="18 19" t="1"/>
		<b id="18" c="20 19" t="1"/>
		<b id="19" c="21 19" t="1"/>
		<b id="20" c="19 22" t="1"/>
		<b id="21" c="22 23" t="1"/>
		<b id="22" c="24 23" t="1"/>
		<b id="23" c="25 23" t="1"/>
		<b id="24" c="23 26" t="1"/>
		<b id="25" c="18 17" t="1"/>
		<b id="26" c="17 27" t="ar"/>
		<b id="27" c="27 28" t="1"/>
		<b id="28" c="27 2" t="ar"/>
	</bonds>
	<geometry>
		<g u="A" t="cart/3d">#28,3:-1.2202,-4.0214,-0.5732;-0.6819,-3.0823,-0.4701;0.7066,-3.0655,-0.5483;1.2524,-3.9915,-0.7125;1.4005,-1.8612,-0.4163;2.4822,-1.8961,-0.4841;0.7069,-0.6631,-0.2047;1.3023,0.5662,-0.0633;2.7213,0.6282,-0.1364;3.0571,0.2779,-1.1199;3.1602,0.0224,0.6655;3.1547,1.9791,0.0319;4.5677,2.0866,-0.0345;5.0358,1.5002,0.7621;4.9332,1.7542,-1.0109;4.8406,3.1367,0.1002;-0.7015,-0.6802,-0.1253;-1.3067,0.5347,0.0836;-2.7261,0.5625,0.1695;-3.1611,0.2029,-0.7708;-3.0581,-0.0525,1.0146;-3.1703,1.9029,0.3868;-4.5840,1.9763,0.4787;-4.8654,3.0198,0.6443;-5.0481,1.6338,-0.4513;-4.9461,1.3800,1.3218;-1.3854,-1.8949,-0.2594;-2.4667,-1.9559,-0.2053;</g>
	</geometry>
	<conformers/>
	<properties/>
</molecule>
