<?xml version="1.0" ?>
<!--MOLLI PACKAGE EXPERIMENTAL XML FORMAT-->
<molecule name="react_56_c2_frag_0">
	<atoms>
		<a id="1" s="H" t="H" l="H"/>
		<a id="2" s="C" t="C.3" l="C"/>
		<a id="3" s="H" t="H" l="H"/>
		<a id="4" s="H" t="H" l="H"/>
		<a id="5" s="C" t="C.ar" l="C"/>
		<a id="6" s="C" t="C.ar" l="C"/>
		<a id="7" s="O" t="O.3" l="O"/>
		<a id="8" s="C" t="C.3" l="C"/>
		<a id="9" s="H" t="H" l="H"/>
		<a id="10" s="H" t="H" l="H"/>
		<a id="11" s="O" t="O.3" l="O"/>
		<a id="12" s="C" t="C.3" l="C"/>
		<a id="13" s="H" t="H" l="H"/>
		<a id="14" s="H" t="H" l="H"/>
		<a id="15" s="H" t="H" l="H"/>
		<a id="16" s="C" t="C.ar" l="C"/>
		<a id="17" s="H" t="H" l="H"/>
		<a id="18" s="C" t="C.ar" l="C"/>
		<a id="19" s="O" t="O.3" l="O"/>
		<a id="20" s="C" t="C.3" l="C"/>
		<a id="21" s="H" t="H" l="H"/>
		<a id="22" s="H" t="H" l="H"/>
		<a id="23" s="O" t="O.3" l="O"/>
		<a id="24" s="C" t="C.3" l="C"/>
		<a id="25" s="H" t="H" l="H"/>
		<a id="26" s="H" t="H" l="H"/>
		<a id="27" s="H" t="H" l="H"/>
		<a id="28" s="C" t="C.ar" l="C"/>
		<a id="29" s="H" t="H" l="H"/>
		<a id="30" s="C" t="C.ar" l="C"/>
		<a id="31" s="O" t="O.3" l="O"/>
		<a id="32" s="C" t="C.3" l="C"/>
		<a id="33" s="H" t="H" l="H"/>
		<a id="34" s="H" t="H" l="H"/>
		<a id="35" s="O" t="O.3" l="O"/>
		<a id="36" s="C" t="C.3" l="C"/>
		<a id="37" s="H" t="H" l="H"/>
		<a id="38" s="H" t="H" l="H"/>
		<a id="39" s="H" t="H" l="H"/>
	</atoms>
	<bonds>
		<b id="1" c="1 2" t="1"/>
		<b id="2" c="3 2" t="1"/>
		<b id="3" c="4 2" t="1"/>
		<b id="4" c="2 5" t="1"/>
		<b id="5" c="5 6" t="ar"/>
		<b id="6" c="7 8" t="1"/>
		<b id="7" c="9 8" t="1"/>
		<b id="8" c="10 8" t="1"/>
		<b id="9" c="8 11" t="1"/>
		<b id="10" c="11 12" t="1"/>
		<b id="11" c="13 12" t="1"/>
		<b id="12" c="14 12" t="1"/>
		<b id="13" c="12 15" t="1"/>
		<b id="14" c="7 6" t="1"/>
		<b id="15" c="6 16" t="ar"/>
		<b id="16" c="17 16" t="1"/>
		<b id="17" c="16 18" t="ar"/>
		<b id="18" c="19 20" t="1"/>
		<b id="19" c="21 20" t="1"/>
		<b id="20" c="22 20" t="1"/>
		<b id="21" c="20 23" t="1"/>
		<b id="22" c="23 24" t="1"/>
		<b id="23" c="25 24" t="1"/>
		<b id="24" c="26 24" t="1"/>
		<b id="25" c="24 27" t="1"/>
		<b id="26" c="19 18" t="1"/>
		<b id="27" c="18 28" t="ar"/>
		<b id="28" c="29 28" t="1"/>
		<b id="29" c="28 30" t="ar"/>
		<b id="30" c="30 31" t="1"/>
		<b id="31" c="31 32" t="1"/>
		<b id="32" c="33 32" t="1"/>
		<b id="33" c="34 32" t="1"/>
		<b id="34" c="32 35" t="1"/>
		<b id="35" c="35 36" t="1"/>
		<b id="36" c="37 36" t="1"/>
		<b id="37" c="38 36" t="1"/>
		<b id="38" c="36 39" t="1"/>
		<b id="39" c="30 5" t="ar"/>
	</bonds>
	<geometry>
		<g u="A" t="cart/3d">#39,3:1.4108,-3.1405,-0.5397;1.0510,-2.9230,0.4730;0.3260,-3.6882,0.7678;1.8988,-3.0100,1.1620;0.4298,-1.5524,0.5093;1.1377,-0.4478,1.0096;2.3929,-0.6186,1.5402;3.4003,-0.2062,0.6078;3.1368,-0.4980,-0.4171;4.3123,-0.7408,0.8850;3.6535,1.1986,0.6830;4.6850,1.5862,-0.2136;5.6134,1.0556,0.0172;4.3866,1.3913,-1.2497;4.8574,2.6605,-0.0877;0.5654,0.8262,1.0528;1.1507,1.6311,1.4910;-0.7178,1.0235,0.5506;-1.3967,2.2089,0.5218;-0.7175,3.3577,1.0196;0.2162,3.5362,0.4698;-0.4952,3.2209,2.0838;-1.5421,4.5244,0.9283;-1.7896,4.8938,-0.4267;-0.8481,5.1113,-0.9509;-2.3451,4.1064,-0.9536;-2.4035,5.7993,-0.4223;-1.4231,-0.0629,0.0170;-2.4266,0.1264,-0.3519;-0.8577,-1.3436,-0.0201;-1.4781,-2.4537,-0.5369;-2.6656,-2.2409,-1.3028;-3.4889,-1.8942,-0.6622;-2.4799,-1.4964,-2.0903;-3.0604,-3.4391,-1.9760;-3.5269,-4.4243,-1.0655;-3.7974,-5.3157,-1.6411;-4.4178,-4.0651,-0.5391;-2.7467,-4.6966,-0.3427;</g>
	</geometry>
	<conformers/>
	<properties/>
</molecule>
