<?xml version="1.0" ?>
<!--MOLLI PACKAGE EXPERIMENTAL XML FORMAT-->
<molecule name="react_57_c2_frag_0">
	<atoms>
		<a id="1" s="H" t="H" l="H"/>
		<a id="2" s="C" t="C.3" l="C"/>
		<a id="3" s="H" t="H" l="H"/>
		<a id="4" s="H" t="H" l="H"/>
		<a id="5" s="O" t="O.3" l="O"/>
		<a id="6" s="C" t="C.3" l="C"/>
		<a id="7" s="H" t="H" l="H"/>
		<a id="8" s="H" t="H" l="H"/>
		<a id="9" s="C" t="C.ar" l="C"/>
		<a id="10" s="C" t="C.ar" l="C"/>
		<a id="11" s="H" t="H" l="H"/>
		<a id="12" s="C" t="C.ar" l="C"/>
		<a id="13" s="H" t="H" l="H"/>
		<a id="14" s="C" t="C.ar" l="C"/>
		<a id="15" s="H" t="H" l="H"/>
		<a id="16" s="C" t="C.ar" l="C"/>
		<a id="17" s="H" t="H" l="H"/>
		<a id="18" s="C" t="C.ar" l="C"/>
		<a id="19" s="H" t="H" l="H"/>
	</atoms>
	<bonds>
		<b id="1" c="1 2" t="1"/>
		<b id="2" c="3 2" t="1"/>
		<b id="3" c="4 2" t="1"/>
		<b id="4" c="2 5" t="1"/>
		<b id="5" c="5 6" t="1"/>
		<b id="6" c="7 6" t="1"/>
		<b id="7" c="8 6" t="1"/>
		<b id="8" c="6 9" t="1"/>
		<b id="9" c="9 10" t="ar"/>
		<b id="10" c="11 10" t="1"/>
		<b id="11" c="10 12" t="ar"/>
		<b id="12" c="13 12" t="1"/>
		<b id="13" c="12 14" t="ar"/>
		<b id="14" c="15 14" t="1"/>
		<b id="15" c="14 16" t="ar"/>
		<b id="16" c="17 16" t="1"/>
		<b id="17" c="16 18" t="ar"/>
		<b id="18" c="18 19" t="1"/>
		<b id="19" c="18 9" t="ar"/>
	</bonds>
	<geometry>
		<g u="A" t="cart/3d">#19,3:3.6542,-0.1687,-0.8532;3.3435,0.5726,-0.1106;3.6599,0.2602,0.8893;3.8247,1.5255,-0.3467;1.9362,0.7595,-0.1523;1.2377,-0.4500,0.1444;1.5240,-0.7831,1.1491;1.5099,-1.2246,-0.5822;-0.2540,-0.2289,0.0821;-1.1053,-0.9315,0.9481;-0.6945,-1.6116,1.6908;-2.4901,-0.7667,0.8731;-3.1394,-1.3109,1.5538;-3.0406,0.0940,-0.0743;-4.1179,0.2233,-0.1319;-2.2078,0.7880,-0.9493;-2.6338,1.4589,-1.6904;-0.8234,0.6234,-0.8751;-0.1836,1.1705,-1.5648;</g>
	</geometry>
	<conformers/>
	<properties/>
</molecule>
