<?xml version="1.0" ?>
<!--MOLLI PACKAGE EXPERIMENTAL XML FORMAT-->
<molecule name="react_59_c2_frag_0">
	<atoms>
		<a id="1" s="H" t="H" l="H"/>
		<a id="2" s="C" t="C.ar" l="C"/>
		<a id="3" s="N" t="N.ar" l="N"/>
		<a id="4" s="C" t="C.ar" l="C"/>
		<a id="5" s="C" t="C.2" l="C"/>
		<a id="6" s="O" t="O.2" l="O"/>
		<a id="7" s="C" t="C.3" l="C"/>
		<a id="8" s="H" t="H" l="H"/>
		<a id="9" s="H" t="H" l="H"/>
		<a id="10" s="H" t="H" l="H"/>
		<a id="11" s="N" t="N.ar" l="N"/>
		<a id="12" s="C" t="C.3" l="C"/>
		<a id="13" s="H" t="H" l="H"/>
		<a id="14" s="H" t="H" l="H"/>
		<a id="15" s="O" t="O.3" l="O"/>
		<a id="16" s="C" t="C.3" l="C"/>
		<a id="17" s="H" t="H" l="H"/>
		<a id="18" s="H" t="H" l="H"/>
		<a id="19" s="C" t="C.3" l="C"/>
		<a id="20" s="H" t="H" l="H"/>
		<a id="21" s="H" t="H" l="H"/>
		<a id="22" s="H" t="H" l="H"/>
		<a id="23" s="C" t="C.ar" l="C"/>
		<a id="24" s="H" t="H" l="H"/>
	</atoms>
	<bonds>
		<b id="1" c="1 2" t="1"/>
		<b id="2" c="2 3" t="ar"/>
		<b id="3" c="3 4" t="ar"/>
		<b id="4" c="5 6" t="2"/>
		<b id="5" c="5 7" t="1"/>
		<b id="6" c="8 7" t="1"/>
		<b id="7" c="9 7" t="1"/>
		<b id="8" c="7 10" t="1"/>
		<b id="9" c="5 4" t="1"/>
		<b id="10" c="4 11" t="ar"/>
		<b id="11" c="13 12" t="1"/>
		<b id="12" c="14 12" t="1"/>
		<b id="13" c="12 15" t="1"/>
		<b id="14" c="15 16" t="1"/>
		<b id="15" c="17 16" t="1"/>
		<b id="16" c="18 16" t="1"/>
		<b id="17" c="16 19" t="1"/>
		<b id="18" c="20 19" t="1"/>
		<b id="19" c="21 19" t="1"/>
		<b id="20" c="19 22" t="1"/>
		<b id="21" c="12 11" t="1"/>
		<b id="22" c="11 23" t="ar"/>
		<b id="23" c="23 24" t="1"/>
		<b id="24" c="23 2" t="ar"/>
	</bonds>
	<geometry>
		<g u="A" t="cart/3d">#24,3:0.4892,-3.0051,-2.4263;0.1184,-2.2041,-1.7994;-0.7569,-1.2688,-2.2814;-1.0129,-0.4468,-1.2738;-1.9352,0.6723,-1.3820;-2.3361,1.3289,-0.4199;-2.4286,0.9882,-2.7734;-3.0441,1.8924,-2.7475;-3.0369,0.1619,-3.1506;-1.5814,1.1690,-3.4408;-0.2975,-0.8287,-0.1602;-0.2754,-0.1670,1.1323;-1.3004,0.0956,1.4055;0.1045,-0.8665,1.8846;0.5150,1.0145,1.0362;1.8951,0.8245,1.3331;2.4400,1.6498,0.8631;2.2724,-0.1063,0.8968;2.1347,0.8690,2.8318;1.6238,0.0476,3.3419;1.7428,1.7992,3.2555;3.2033,0.8035,3.0545;0.4127,-1.9573,-0.4821;1.0533,-2.4660,0.2243;</g>
	</geometry>
	<conformers/>
	<properties/>
</molecule>
