<?xml version="1.0" ?>
<!--MOLLI PACKAGE EXPERIMENTAL XML FORMAT-->
<molecule name="react_78_c2_frag_0">
	<atoms>
		<a id="1" s="H" t="H" l="H"/>
		<a id="2" s="C" t="C.3" l="C"/>
		<a id="3" s="H" t="H" l="H"/>
		<a id="4" s="H" t="H" l="H"/>
		<a id="5" s="C" t="C.1" l="C"/>
		<a id="6" s="N" t="N.1" l="N"/>
	</atoms>
	<bonds>
		<b id="1" c="1 2" t="1"/>
		<b id="2" c="3 2" t="1"/>
		<b id="3" c="4 2" t="1"/>
		<b id="4" c="2 5" t="1"/>
		<b id="5" c="5 6" t="3"/>
	</bonds>
	<geometry>
		<g u="A" t="cart/3d">#6,3:-0.8891,-0.6914,-0.7369;-0.4863,0.0039,0.0056;-0.8661,-0.2908,0.9883;-0.8697,1.0031,-0.2214;0.9755,-0.0078,-0.0112;2.1356,-0.0170,-0.0244;</g>
	</geometry>
	<conformers/>
	<properties/>
</molecule>
