<?xml version="1.0" ?>
<!--MOLLI PACKAGE EXPERIMENTAL XML FORMAT-->
<molecule name="react_76_c2_frag_0">
	<atoms>
		<a id="1" s="H" t="H" l="H"/>
		<a id="2" s="C" t="C.3" l="C"/>
		<a id="3" s="H" t="H" l="H"/>
		<a id="4" s="H" t="H" l="H"/>
		<a id="5" s="C" t="C.3" l="C"/>
		<a id="6" s="H" t="H" l="H"/>
		<a id="7" s="H" t="H" l="H"/>
		<a id="8" s="C" t="C.3" l="C"/>
		<a id="9" s="H" t="H" l="H"/>
		<a id="10" s="H" t="H" l="H"/>
		<a id="11" s="C" t="C.3" l="C"/>
		<a id="12" s="H" t="H" l="H"/>
		<a id="13" s="H" t="H" l="H"/>
		<a id="14" s="C" t="C.3" l="C"/>
		<a id="15" s="H" t="H" l="H"/>
		<a id="16" s="H" t="H" l="H"/>
		<a id="17" s="C" t="C.3" l="C"/>
		<a id="18" s="H" t="H" l="H"/>
		<a id="19" s="H" t="H" l="H"/>
		<a id="20" s="C" t="C.3" l="C"/>
		<a id="21" s="H" t="H" l="H"/>
		<a id="22" s="H" t="H" l="H"/>
		<a id="23" s="C" t="C.3" l="C"/>
		<a id="24" s="H" t="H" l="H"/>
		<a id="25" s="H" t="H" l="H"/>
		<a id="26" s="C" t="C.3" l="C"/>
		<a id="27" s="H" t="H" l="H"/>
		<a id="28" s="H" t="H" l="H"/>
		<a id="29" s="C" t="C.3" l="C"/>
		<a id="30" s="H" t="H" l="H"/>
		<a id="31" s="H" t="H" l="H"/>
		<a id="32" s="H" t="H" l="H"/>
	</atoms>
	<bonds>
		<b id="1" c="1 2" t="1"/>
		<b id="2" c="3 2" t="1"/>
		<b id="3" c="4 2" t="1"/>
		<b id="4" c="2 5" t="1"/>
		<b id="5" c="6 5" t="1"/>
		<b id="6" c="7 5" t="1"/>
		<b id="7" c="5 8" t="1"/>
		<b id="8" c="9 8" t="1"/>
		<b id="9" c="10 8" t="1"/>
		<b id="10" c="8 11" t="1"/>
		<b id="11" c="12 11" t="1"/>
		<b id="12" c="13 11" t="1"/>
		<b id="13" c="11 14" t="1"/>
		<b id="14" c="15 14" t="1"/>
		<b id="15" c="16 14" t="1"/>
		<b id="16" c="14 17" t="1"/>
		<b id="17" c="18 17" t="1"/>
		<b id="18" c="19 17" t="1"/>
		<b id="19" c="17 20" t="1"/>
		<b id="20" c="21 20" t="1"/>
		<b id="21" c="22 20" t="1"/>
		<b id="22" c="20 23" t="1"/>
		<b id="23" c="24 23" t="1"/>
		<b id="24" c="25 23" t="1"/>
		<b id="25" c="23 26" t="1"/>
		<b id="26" c="27 26" t="1"/>
		<b id="27" c="28 26" t="1"/>
		<b id="28" c="26 29" t="1"/>
		<b id="29" c="30 29" t="1"/>
		<b id="30" c="31 29" t="1"/>
		<b id="31" c="29 32" t="1"/>
	</bonds>
	<geometry>
		<g u="A" t="cart/3d">#32,3:4.4584,1.2999,0.2847;4.8877,0.2939,0.2952;4.8558,-0.0864,1.3210;5.9380,0.3796,-0.0016;4.1517,-0.6371,-0.6559;4.6935,-1.5895,-0.6990;4.1716,-0.2154,-1.6675;2.7073,-0.9207,-0.2378;2.6939,-1.3464,0.7730;2.3015,-1.6880,-0.9089;1.8071,0.3158,-0.2895;1.8595,0.7677,-1.2874;2.1593,1.0663,0.4270;0.3539,-0.0427,0.0342;0.3014,-0.4945,1.0321;0.0021,-0.7932,-0.6824;-0.5464,1.1938,-0.0180;-0.5357,1.6176,-1.0295;-0.1386,1.9626,0.6502;-1.9915,0.9120,0.4060;-1.9933,0.5013,1.4221;-2.5273,1.8683,0.4484;-2.7283,-0.0333,-0.5466;-2.2820,-1.0334,-0.5067;-2.6096,0.3280,-1.5754;-4.2259,-0.1426,-0.2481;-4.6906,0.8488,-0.3006;-4.6923,-0.7525,-1.0311;-4.5305,-0.7735,1.1019;-4.0534,-1.7542,1.1941;-5.6105,-0.9100,1.2174;-4.1868,-0.1419,1.9263;</g>
	</geometry>
	<conformers/>
	<properties/>
</molecule>
