<?xml version="1.0" ?>
<!--MOLLI PACKAGE EXPERIMENTAL XML FORMAT-->
<molecule name="react_83_c2_frag_0">
	<atoms>
		<a id="1" s="H" t="H" l="H"/>
		<a id="2" s="C" t="C.ar" l="C"/>
		<a id="3" s="C" t="C.ar" l="C"/>
		<a id="4" s="H" t="H" l="H"/>
		<a id="5" s="C" t="C.ar" l="C"/>
		<a id="6" s="H" t="H" l="H"/>
		<a id="7" s="C" t="C.ar" l="C"/>
		<a id="8" s="C" t="C.ar" l="C"/>
		<a id="9" s="H" t="H" l="H"/>
		<a id="10" s="C" t="C.ar" l="C"/>
		<a id="11" s="H" t="H" l="H"/>
		<a id="12" s="C" t="C.ar" l="C"/>
		<a id="13" s="H" t="H" l="H"/>
		<a id="14" s="C" t="C.ar" l="C"/>
		<a id="15" s="H" t="H" l="H"/>
		<a id="16" s="C" t="C.ar" l="C"/>
		<a id="17" s="C" t="C.ar" l="C"/>
		<a id="18" s="H" t="H" l="H"/>
	</atoms>
	<bonds>
		<b id="1" c="1 2" t="1"/>
		<b id="2" c="2 3" t="ar"/>
		<b id="3" c="4 3" t="1"/>
		<b id="4" c="3 5" t="ar"/>
		<b id="5" c="6 5" t="1"/>
		<b id="6" c="5 7" t="ar"/>
		<b id="7" c="7 8" t="ar"/>
		<b id="8" c="9 8" t="1"/>
		<b id="9" c="8 10" t="ar"/>
		<b id="10" c="11 10" t="1"/>
		<b id="11" c="10 12" t="ar"/>
		<b id="12" c="13 12" t="1"/>
		<b id="13" c="12 14" t="ar"/>
		<b id="14" c="15 14" t="1"/>
		<b id="15" c="14 16" t="ar"/>
		<b id="16" c="16 17" t="ar"/>
		<b id="17" c="17 18" t="1"/>
		<b id="18" c="17 2" t="ar"/>
		<b id="19" c="16 7" t="ar"/>
	</bonds>
	<geometry>
		<g u="A" t="cart/3d">#18,3:-3.4001,-1.1665,-0.0760;-2.4480,-0.6428,-0.0578;-2.4172,0.7485,-0.0793;-3.3452,1.3130,-0.1142;-1.1935,1.4197,-0.0560;-1.1897,2.5072,-0.0733;0.0157,0.7068,-0.0109;1.2552,1.3666,0.0130;1.2995,2.4531,-0.0031;2.4480,0.6428,0.0578;3.4001,1.1666,0.0760;2.4172,-0.7485,0.0793;3.3452,-1.3130,0.1142;1.1935,-1.4197,0.0560;1.1896,-2.5072,0.0733;-0.0157,-0.7068,0.0109;-1.2552,-1.3666,-0.0130;-1.2995,-2.4531,0.0031;</g>
	</geometry>
	<conformers/>
	<properties/>
</molecule>
