<?xml version="1.0" ?>
<!--MOLLI PACKAGE EXPERIMENTAL XML FORMAT-->
<molecule name="react_85_c2_frag_0">
	<atoms>
		<a id="1" s="H" t="H" l="H"/>
		<a id="2" s="C" t="C.ar" l="C"/>
		<a id="3" s="C" t="C.ar" l="C"/>
		<a id="4" s="H" t="H" l="H"/>
		<a id="5" s="C" t="C.ar" l="C"/>
		<a id="6" s="H" t="H" l="H"/>
		<a id="7" s="C" t="C.ar" l="C"/>
		<a id="8" s="O" t="O.3" l="O"/>
		<a id="9" s="C" t="C.3" l="C"/>
		<a id="10" s="H" t="H" l="H"/>
		<a id="11" s="H" t="H" l="H"/>
		<a id="12" s="H" t="H" l="H"/>
		<a id="13" s="C" t="C.ar" l="C"/>
		<a id="14" s="Br" t="Br" l="BR"/>
		<a id="15" s="C" t="C.ar" l="C"/>
		<a id="16" s="H" t="H" l="H"/>
	</atoms>
	<bonds>
		<b id="1" c="1 2" t="1"/>
		<b id="2" c="2 3" t="ar"/>
		<b id="3" c="4 3" t="1"/>
		<b id="4" c="3 5" t="ar"/>
		<b id="5" c="6 5" t="1"/>
		<b id="6" c="5 7" t="ar"/>
		<b id="7" c="8 9" t="1"/>
		<b id="8" c="10 9" t="1"/>
		<b id="9" c="11 9" t="1"/>
		<b id="10" c="9 12" t="1"/>
		<b id="11" c="8 7" t="1"/>
		<b id="12" c="7 13" t="ar"/>
		<b id="13" c="14 13" t="1"/>
		<b id="14" c="13 15" t="ar"/>
		<b id="15" c="15 16" t="1"/>
		<b id="16" c="15 2" t="ar"/>
	</bonds>
	<geometry>
		<g u="A" t="cart/3d">#16,3:-3.4164,0.2520,0.4722;-2.3449,0.2569,0.2889;-1.5726,-0.8524,0.6238;-2.0437,-1.7253,1.0699;-0.1933,-0.8496,0.3893;0.3659,-1.7369,0.6671;0.4292,0.2652,-0.1839;1.7707,0.3541,-0.4482;2.5846,-0.7626,-0.1172;2.2887,-1.6497,-0.6869;3.6149,-0.5189,-0.3938;2.5673,-0.9585,0.9599;-0.3606,1.3777,-0.5173;0.3965,2.9368,-1.2997;-1.7395,1.3739,-0.2824;-2.3470,2.2371,-0.5419;</g>
	</geometry>
	<conformers/>
	<properties/>
</molecule>
