<?xml version="1.0" ?>
<!--MOLLI PACKAGE EXPERIMENTAL XML FORMAT-->
<molecule name="react_86_c2_frag_0">
	<atoms>
		<a id="1" s="H" t="H" l="H"/>
		<a id="2" s="C" t="C.ar" l="C"/>
		<a id="3" s="C" t="C.ar" l="C"/>
		<a id="4" s="H" t="H" l="H"/>
		<a id="5" s="C" t="C.ar" l="C"/>
		<a id="6" s="C" t="C.ar" l="C"/>
		<a id="7" s="C" t="C.ar" l="C"/>
		<a id="8" s="C" t="C.3" l="C"/>
		<a id="9" s="H" t="H" l="H"/>
		<a id="10" s="H" t="H" l="H"/>
		<a id="11" s="H" t="H" l="H"/>
		<a id="12" s="C" t="C.ar" l="C"/>
		<a id="13" s="O" t="O.3" l="O"/>
		<a id="14" s="C" t="C.3" l="C"/>
		<a id="15" s="H" t="H" l="H"/>
		<a id="16" s="H" t="H" l="H"/>
		<a id="17" s="H" t="H" l="H"/>
		<a id="18" s="O" t="O.3" l="O"/>
		<a id="19" s="C" t="C.3" l="C"/>
		<a id="20" s="H" t="H" l="H"/>
		<a id="21" s="H" t="H" l="H"/>
		<a id="22" s="O" t="O.3" l="O"/>
	</atoms>
	<bonds>
		<b id="1" c="1 2" t="1"/>
		<b id="2" c="2 3" t="ar"/>
		<b id="3" c="4 3" t="1"/>
		<b id="4" c="3 5" t="ar"/>
		<b id="5" c="5 6" t="ar"/>
		<b id="6" c="9 8" t="1"/>
		<b id="7" c="10 8" t="1"/>
		<b id="8" c="8 11" t="1"/>
		<b id="9" c="8 7" t="1"/>
		<b id="10" c="7 12" t="ar"/>
		<b id="11" c="12 13" t="1"/>
		<b id="12" c="13 14" t="1"/>
		<b id="13" c="15 14" t="1"/>
		<b id="14" c="16 14" t="1"/>
		<b id="15" c="14 17" t="1"/>
		<b id="16" c="7 6" t="ar"/>
		<b id="17" c="6 18" t="1"/>
		<b id="18" c="18 19" t="1"/>
		<b id="19" c="20 19" t="1"/>
		<b id="20" c="21 19" t="1"/>
		<b id="21" c="19 22" t="1"/>
		<b id="22" c="12 2" t="ar"/>
		<b id="23" c="22 5" t="1"/>
	</bonds>
	<geometry>
		<g u="A" t="cart/3d">#22,3:1.8698,-1.9220,-0.2562;0.9748,-1.3267,-0.1067;-0.2339,-2.0084,0.0688;-0.2754,-3.0916,0.0560;-1.3720,-1.2589,0.2587;-1.3404,0.1165,0.2782;-0.1622,0.8274,0.1080;-0.1431,2.3262,0.1316;0.2268,2.7150,-0.8227;0.5007,2.6837,0.9418;-1.1403,2.7474,0.2939;1.0197,0.0827,-0.0887;2.1618,0.8256,-0.2527;3.3794,0.1205,-0.4542;3.6223,-0.5038,0.4119;4.1787,0.8596,-0.5652;3.3450,-0.4721,-1.3743;-2.5793,0.6484,0.4799;-3.3823,-0.5433,0.5834;-3.8773,-0.5489,1.5614;-4.1504,-0.5177,-0.1982;-2.6226,-1.7595,0.4439;</g>
	</geometry>
	<conformers/>
	<properties/>
</molecule>
