<?xml version="1.0" ?>
<!--MOLLI PACKAGE EXPERIMENTAL XML FORMAT-->
<molecule name="react_93_c2_frag_0">
	<atoms>
		<a id="1" s="H" t="H" l="H"/>
		<a id="2" s="C" t="C.ar" l="C"/>
		<a id="3" s="O" t="O.2" l="O"/>
		<a id="4" s="C" t="C.ar" l="C"/>
		<a id="5" s="C" t="C.ar" l="C"/>
		<a id="6" s="C" t="C.ar" l="C"/>
		<a id="7" s="O" t="O.3" l="O"/>
		<a id="8" s="C" t="C.3" l="C"/>
		<a id="9" s="H" t="H" l="H"/>
		<a id="10" s="H" t="H" l="H"/>
		<a id="11" s="H" t="H" l="H"/>
		<a id="12" s="C" t="C.ar" l="C"/>
		<a id="13" s="H" t="H" l="H"/>
		<a id="14" s="C" t="C.ar" l="C"/>
		<a id="15" s="O" t="O.3" l="O"/>
		<a id="16" s="C" t="C.3" l="C"/>
		<a id="17" s="H" t="H" l="H"/>
		<a id="18" s="H" t="H" l="H"/>
		<a id="19" s="H" t="H" l="H"/>
		<a id="20" s="C" t="C.ar" l="C"/>
		<a id="21" s="H" t="H" l="H"/>
		<a id="22" s="C" t="C.ar" l="C"/>
		<a id="23" s="C" t="C.3" l="C"/>
		<a id="24" s="H" t="H" l="H"/>
		<a id="25" s="H" t="H" l="H"/>
		<a id="26" s="O" t="O.3" l="O"/>
		<a id="27" s="Si" t="Si" l="SI"/>
		<a id="28" s="C" t="C.3" l="C"/>
		<a id="29" s="H" t="H" l="H"/>
		<a id="30" s="H" t="H" l="H"/>
		<a id="31" s="H" t="H" l="H"/>
		<a id="32" s="C" t="C.3" l="C"/>
		<a id="33" s="H" t="H" l="H"/>
		<a id="34" s="H" t="H" l="H"/>
		<a id="35" s="H" t="H" l="H"/>
		<a id="36" s="C" t="C.3" l="C"/>
		<a id="37" s="C" t="C.3" l="C"/>
		<a id="38" s="H" t="H" l="H"/>
		<a id="39" s="H" t="H" l="H"/>
		<a id="40" s="H" t="H" l="H"/>
		<a id="41" s="C" t="C.3" l="C"/>
		<a id="42" s="H" t="H" l="H"/>
		<a id="43" s="H" t="H" l="H"/>
		<a id="44" s="H" t="H" l="H"/>
		<a id="45" s="C" t="C.3" l="C"/>
		<a id="46" s="H" t="H" l="H"/>
		<a id="47" s="H" t="H" l="H"/>
		<a id="48" s="H" t="H" l="H"/>
		<a id="49" s="C" t="C.ar" l="C"/>
		<a id="50" s="H" t="H" l="H"/>
		<a id="51" s="C" t="C.ar" l="C"/>
		<a id="52" s="H" t="H" l="H"/>
	</atoms>
	<bonds>
		<b id="1" c="1 2" t="1"/>
		<b id="2" c="2 3" t="ar"/>
		<b id="3" c="3 4" t="ar"/>
		<b id="4" c="5 6" t="ar"/>
		<b id="5" c="7 8" t="1"/>
		<b id="6" c="9 8" t="1"/>
		<b id="7" c="10 8" t="1"/>
		<b id="8" c="8 11" t="1"/>
		<b id="9" c="7 6" t="1"/>
		<b id="10" c="6 12" t="ar"/>
		<b id="11" c="13 12" t="1"/>
		<b id="12" c="12 14" t="ar"/>
		<b id="13" c="15 16" t="1"/>
		<b id="14" c="17 16" t="1"/>
		<b id="15" c="18 16" t="1"/>
		<b id="16" c="16 19" t="1"/>
		<b id="17" c="15 14" t="1"/>
		<b id="18" c="14 20" t="ar"/>
		<b id="19" c="21 20" t="1"/>
		<b id="20" c="20 22" t="ar"/>
		<b id="21" c="22 23" t="1"/>
		<b id="22" c="24 23" t="1"/>
		<b id="23" c="25 23" t="1"/>
		<b id="24" c="23 26" t="1"/>
		<b id="25" c="26 27" t="1"/>
		<b id="26" c="29 28" t="1"/>
		<b id="27" c="30 28" t="1"/>
		<b id="28" c="28 31" t="1"/>
		<b id="29" c="28 27" t="1"/>
		<b id="30" c="33 32" t="1"/>
		<b id="31" c="34 32" t="1"/>
		<b id="32" c="32 35" t="1"/>
		<b id="33" c="32 27" t="1"/>
		<b id="34" c="27 36" t="1"/>
		<b id="35" c="38 37" t="1"/>
		<b id="36" c="39 37" t="1"/>
		<b id="37" c="37 40" t="1"/>
		<b id="38" c="37 36" t="1"/>
		<b id="39" c="42 41" t="1"/>
		<b id="40" c="43 41" t="1"/>
		<b id="41" c="41 44" t="1"/>
		<b id="42" c="41 36" t="1"/>
		<b id="43" c="36 45" t="1"/>
		<b id="44" c="46 45" t="1"/>
		<b id="45" c="47 45" t="1"/>
		<b id="46" c="45 48" t="1"/>
		<b id="47" c="4 5" t="1"/>
		<b id="48" c="4 49" t="ar"/>
		<b id="49" c="50 49" t="1"/>
		<b id="50" c="49 51" t="ar"/>
		<b id="51" c="51 52" t="1"/>
		<b id="52" c="51 2" t="ar"/>
		<b id="53" c="22 5" t="ar"/>
	</bonds>
	<geometry>
		<g u="A" t="cart/3d">#52,3:1.0963,-3.3130,3.4917;1.7933,-2.5785,3.1134;1.5049,-2.0744,1.8862;2.4873,-1.1744,1.5761;2.3741,-0.5150,0.2723;3.4983,-0.4558,-0.5891;4.6614,-1.0252,-0.1225;5.7164,-1.2384,-1.0507;6.1636,-0.2878,-1.3583;5.3775,-1.8173,-1.9162;6.4927,-1.8209,-0.5450;3.3972,0.1648,-1.8438;4.2629,0.2214,-2.4894;2.1883,0.7128,-2.2661;1.9577,1.3286,-3.4659;3.0496,1.4219,-4.3709;2.6956,1.9341,-5.2708;3.4008,0.4287,-4.6696;3.8637,2.0189,-3.9467;1.0804,0.6562,-1.4217;0.1431,1.0907,-1.7667;1.1525,0.0694,-0.1446;-0.0825,0.0371,0.7395;0.2067,0.2373,1.7781;-0.5326,-0.9599,0.6566;-1.0244,1.0395,0.3523;-2.5492,1.0531,1.0475;-2.6417,0.1290,2.6782;-1.9540,0.5695,3.4064;-2.3746,-0.9239,2.5513;-3.6518,0.1773,3.0952;-3.1627,2.8137,1.2883;-2.5057,3.3532,1.9770;-3.1764,3.3541,0.3377;-4.1736,2.8215,1.7056;-3.8666,0.1259,-0.2686;-3.8426,0.8904,-1.6083;-4.1726,1.9280,-1.4868;-4.5097,0.4162,-2.3373;-2.8365,0.9091,-2.0427;-3.4104,-1.3302,-0.4910;-4.0910,-1.8490,-1.1759;-2.4072,-1.3749,-0.9290;-3.3921,-1.8959,0.4469;-5.2865,0.1491,0.3300;-6.0003,-0.3328,-0.3479;-5.3300,-0.3835,1.2864;-5.6362,1.1729,0.5016;3.4001,-1.1168,2.6115;4.2852,-0.4969,2.6366;2.9488,-2.0197,3.6041;3.4122,-2.2403,4.5550;</g>
	</geometry>
	<conformers/>
	<properties/>
</molecule>
