<?xml version="1.0" ?>
<!--MOLLI PACKAGE EXPERIMENTAL XML FORMAT-->
<molecule name="react_94_c1_frag_0">
	<atoms>
		<a id="1" s="H" t="H" l="H"/>
		<a id="2" s="C" t="C.ar" l="C"/>
		<a id="3" s="O" t="O.2" l="O"/>
		<a id="4" s="C" t="C.ar" l="C"/>
		<a id="5" s="C" t="C.ar" l="C"/>
		<a id="6" s="C" t="C.ar" l="C"/>
		<a id="7" s="H" t="H" l="H"/>
		<a id="8" s="C" t="C.ar" l="C"/>
		<a id="9" s="H" t="H" l="H"/>
		<a id="10" s="C" t="C.ar" l="C"/>
		<a id="11" s="H" t="H" l="H"/>
		<a id="12" s="C" t="C.ar" l="C"/>
		<a id="13" s="H" t="H" l="H"/>
		<a id="14" s="C" t="C.ar" l="C"/>
		<a id="15" s="C" t="C.3" l="C"/>
		<a id="16" s="H" t="H" l="H"/>
		<a id="17" s="H" t="H" l="H"/>
		<a id="18" s="O" t="O.3" l="O"/>
		<a id="19" s="H" t="H" l="H"/>
		<a id="20" s="C" t="C.ar" l="C"/>
		<a id="21" s="H" t="H" l="H"/>
		<a id="22" s="C" t="C.ar" l="C"/>
		<a id="23" s="H" t="H" l="H"/>
	</atoms>
	<bonds>
		<b id="1" c="1 2" t="1"/>
		<b id="2" c="2 3" t="ar"/>
		<b id="3" c="3 4" t="ar"/>
		<b id="4" c="5 6" t="ar"/>
		<b id="5" c="7 6" t="1"/>
		<b id="6" c="6 8" t="ar"/>
		<b id="7" c="9 8" t="1"/>
		<b id="8" c="8 10" t="ar"/>
		<b id="9" c="11 10" t="1"/>
		<b id="10" c="10 12" t="ar"/>
		<b id="11" c="13 12" t="1"/>
		<b id="12" c="12 14" t="ar"/>
		<b id="13" c="14 15" t="1"/>
		<b id="14" c="16 15" t="1"/>
		<b id="15" c="17 15" t="1"/>
		<b id="16" c="15 18" t="1"/>
		<b id="17" c="18 19" t="1"/>
		<b id="18" c="4 5" t="1"/>
		<b id="19" c="4 20" t="ar"/>
		<b id="20" c="21 20" t="1"/>
		<b id="21" c="20 22" t="ar"/>
		<b id="22" c="22 23" t="1"/>
		<b id="23" c="22 2" t="ar"/>
		<b id="24" c="14 5" t="ar"/>
	</bonds>
	<geometry>
		<g u="A" t="cart/3d">#23,3:3.9021,1.0644,-0.8096;3.2261,0.2709,-0.5228;1.9045,0.5449,-0.6683;1.2123,-0.5605,-0.2608;-0.2451,-0.4982,-0.3608;-0.9248,-1.6506,-0.8008;-0.3692,-2.5485,-1.0634;-2.3136,-1.6670,-0.9335;-2.8175,-2.5646,-1.2814;-3.0483,-0.5293,-0.6278;-4.1300,-0.5310,-0.7327;-2.3951,0.6201,-0.1833;-2.9906,1.5005,0.0533;-0.9949,0.6547,-0.0283;-0.3221,1.9182,0.4603;0.4366,1.6799,1.2123;0.1360,2.4413,-0.3851;-1.2439,2.8147,1.0788;-0.7218,3.5821,1.3657;2.1038,-1.5404,0.1330;1.8447,-2.5242,0.4983;3.4024,-0.9995,-0.0299;4.3484,-1.4778,0.1805;</g>
	</geometry>
	<conformers/>
	<properties/>
</molecule>
