<?xml version="1.0" ?>
<!--MOLLI PACKAGE EXPERIMENTAL XML FORMAT-->
<molecule name="react_95_c2_frag_0">
	<atoms>
		<a id="1" s="H" t="H" l="H"/>
		<a id="2" s="C" t="C.ar" l="C"/>
		<a id="3" s="O" t="O.2" l="O"/>
		<a id="4" s="C" t="C.ar" l="C"/>
		<a id="5" s="C" t="C.ar" l="C"/>
		<a id="6" s="C" t="C.ar" l="C"/>
		<a id="7" s="H" t="H" l="H"/>
		<a id="8" s="C" t="C.ar" l="C"/>
		<a id="9" s="H" t="H" l="H"/>
		<a id="10" s="C" t="C.ar" l="C"/>
		<a id="11" s="H" t="H" l="H"/>
		<a id="12" s="C" t="C.ar" l="C"/>
		<a id="13" s="H" t="H" l="H"/>
		<a id="14" s="C" t="C.ar" l="C"/>
		<a id="15" s="C" t="C.3" l="C"/>
		<a id="16" s="H" t="H" l="H"/>
		<a id="17" s="H" t="H" l="H"/>
		<a id="18" s="O" t="O.3" l="O"/>
		<a id="19" s="Si" t="Si" l="SI"/>
		<a id="20" s="C" t="C.3" l="C"/>
		<a id="21" s="H" t="H" l="H"/>
		<a id="22" s="H" t="H" l="H"/>
		<a id="23" s="H" t="H" l="H"/>
		<a id="24" s="C" t="C.3" l="C"/>
		<a id="25" s="H" t="H" l="H"/>
		<a id="26" s="H" t="H" l="H"/>
		<a id="27" s="H" t="H" l="H"/>
		<a id="28" s="C" t="C.3" l="C"/>
		<a id="29" s="C" t="C.3" l="C"/>
		<a id="30" s="H" t="H" l="H"/>
		<a id="31" s="H" t="H" l="H"/>
		<a id="32" s="H" t="H" l="H"/>
		<a id="33" s="C" t="C.3" l="C"/>
		<a id="34" s="H" t="H" l="H"/>
		<a id="35" s="H" t="H" l="H"/>
		<a id="36" s="H" t="H" l="H"/>
		<a id="37" s="C" t="C.3" l="C"/>
		<a id="38" s="H" t="H" l="H"/>
		<a id="39" s="H" t="H" l="H"/>
		<a id="40" s="H" t="H" l="H"/>
		<a id="41" s="C" t="C.ar" l="C"/>
		<a id="42" s="H" t="H" l="H"/>
		<a id="43" s="C" t="C.ar" l="C"/>
		<a id="44" s="H" t="H" l="H"/>
	</atoms>
	<bonds>
		<b id="1" c="1 2" t="1"/>
		<b id="2" c="2 3" t="ar"/>
		<b id="3" c="3 4" t="ar"/>
		<b id="4" c="5 6" t="ar"/>
		<b id="5" c="7 6" t="1"/>
		<b id="6" c="6 8" t="ar"/>
		<b id="7" c="9 8" t="1"/>
		<b id="8" c="8 10" t="ar"/>
		<b id="9" c="11 10" t="1"/>
		<b id="10" c="10 12" t="ar"/>
		<b id="11" c="13 12" t="1"/>
		<b id="12" c="12 14" t="ar"/>
		<b id="13" c="14 15" t="1"/>
		<b id="14" c="16 15" t="1"/>
		<b id="15" c="17 15" t="1"/>
		<b id="16" c="15 18" t="1"/>
		<b id="17" c="18 19" t="1"/>
		<b id="18" c="21 20" t="1"/>
		<b id="19" c="22 20" t="1"/>
		<b id="20" c="20 23" t="1"/>
		<b id="21" c="20 19" t="1"/>
		<b id="22" c="25 24" t="1"/>
		<b id="23" c="26 24" t="1"/>
		<b id="24" c="24 27" t="1"/>
		<b id="25" c="24 19" t="1"/>
		<b id="26" c="19 28" t="1"/>
		<b id="27" c="30 29" t="1"/>
		<b id="28" c="31 29" t="1"/>
		<b id="29" c="29 32" t="1"/>
		<b id="30" c="29 28" t="1"/>
		<b id="31" c="34 33" t="1"/>
		<b id="32" c="35 33" t="1"/>
		<b id="33" c="33 36" t="1"/>
		<b id="34" c="33 28" t="1"/>
		<b id="35" c="28 37" t="1"/>
		<b id="36" c="38 37" t="1"/>
		<b id="37" c="39 37" t="1"/>
		<b id="38" c="37 40" t="1"/>
		<b id="39" c="4 5" t="1"/>
		<b id="40" c="4 41" t="ar"/>
		<b id="41" c="42 41" t="1"/>
		<b id="42" c="41 43" t="ar"/>
		<b id="43" c="43 44" t="1"/>
		<b id="44" c="43 2" t="ar"/>
		<b id="45" c="14 5" t="ar"/>
	</bonds>
	<geometry>
		<g u="A" t="cart/3d">#44,3:3.4597,-3.8420,-2.7860;3.2625,-3.3225,-1.8586;3.3599,-1.9697,-1.9135;3.0758,-1.4920,-0.6651;3.1240,-0.0408,-0.5178;4.2548,0.6378,-1.0088;5.0511,0.0803,-1.4993;4.3842,2.0194,-0.8716;5.2666,2.5240,-1.2554;3.3828,2.7455,-0.2398;3.4772,3.8223,-0.1266;2.2484,2.0922,0.2431;1.4735,2.6851,0.7260;2.0907,0.6993,0.1019;0.8346,0.0169,0.6126;1.0881,-0.5262,1.5311;0.4791,-0.6828,-0.1535;-0.1980,0.9584,0.9061;-1.7400,0.4123,1.2712;-1.7816,-1.3682,1.8641;-1.3929,-2.0480,1.1006;-2.8040,-1.6734,2.1047;-1.1729,-1.4847,2.7658;-2.5566,1.5185,2.5532;-1.9904,1.4961,3.4891;-2.5962,2.5543,2.2044;-3.5766,1.1850,2.7642;-2.8957,0.5223,-0.4522;-2.9148,1.9858,-0.9399;-1.9035,2.3533,-1.1483;-3.4984,2.0795,-1.8628;-3.3653,2.6530,-0.1968;-2.2703,-0.3795,-1.5356;-2.8657,-0.3502,-2.4553;-1.2554,-0.0559,-1.7917;-2.2168,-1.4244,-1.2107;-4.3287,0.0506,-0.1368;-4.7987,0.6721,0.6332;-4.9594,0.1030,-1.0317;-4.3437,-0.9865,0.2159;2.8122,-2.5486,0.1844;2.5782,-2.4782,1.2370;2.9285,-3.7295,-0.5892;2.7936,-4.7506,-0.2614;</g>
	</geometry>
	<conformers/>
	<properties/>
</molecule>
