<?xml version="1.0" ?>
<!--MOLLI PACKAGE EXPERIMENTAL XML FORMAT-->
<molecule name="react_96_c1_frag_0">
	<atoms>
		<a id="1" s="H" t="H" l="H"/>
		<a id="2" s="C" t="C.ar" l="C"/>
		<a id="3" s="O" t="O.2" l="O"/>
		<a id="4" s="C" t="C.ar" l="C"/>
		<a id="5" s="C" t="C.ar" l="C"/>
		<a id="6" s="C" t="C.ar" l="C"/>
		<a id="7" s="O" t="O.3" l="O"/>
		<a id="8" s="C" t="C.3" l="C"/>
		<a id="9" s="H" t="H" l="H"/>
		<a id="10" s="H" t="H" l="H"/>
		<a id="11" s="H" t="H" l="H"/>
		<a id="12" s="C" t="C.ar" l="C"/>
		<a id="13" s="H" t="H" l="H"/>
		<a id="14" s="C" t="C.ar" l="C"/>
		<a id="15" s="O" t="O.3" l="O"/>
		<a id="16" s="C" t="C.3" l="C"/>
		<a id="17" s="H" t="H" l="H"/>
		<a id="18" s="H" t="H" l="H"/>
		<a id="19" s="H" t="H" l="H"/>
		<a id="20" s="C" t="C.ar" l="C"/>
		<a id="21" s="H" t="H" l="H"/>
		<a id="22" s="C" t="C.ar" l="C"/>
		<a id="23" s="C" t="C.3" l="C"/>
		<a id="24" s="H" t="H" l="H"/>
		<a id="25" s="H" t="H" l="H"/>
		<a id="26" s="O" t="O.3" l="O"/>
		<a id="27" s="H" t="H" l="H"/>
		<a id="28" s="C" t="C.ar" l="C"/>
		<a id="29" s="H" t="H" l="H"/>
		<a id="30" s="C" t="C.ar" l="C"/>
		<a id="31" s="H" t="H" l="H"/>
	</atoms>
	<bonds>
		<b id="1" c="1 2" t="1"/>
		<b id="2" c="2 3" t="ar"/>
		<b id="3" c="3 4" t="ar"/>
		<b id="4" c="5 6" t="ar"/>
		<b id="5" c="7 8" t="1"/>
		<b id="6" c="9 8" t="1"/>
		<b id="7" c="10 8" t="1"/>
		<b id="8" c="8 11" t="1"/>
		<b id="9" c="7 6" t="1"/>
		<b id="10" c="6 12" t="ar"/>
		<b id="11" c="13 12" t="1"/>
		<b id="12" c="12 14" t="ar"/>
		<b id="13" c="15 16" t="1"/>
		<b id="14" c="17 16" t="1"/>
		<b id="15" c="18 16" t="1"/>
		<b id="16" c="16 19" t="1"/>
		<b id="17" c="15 14" t="1"/>
		<b id="18" c="14 20" t="ar"/>
		<b id="19" c="21 20" t="1"/>
		<b id="20" c="20 22" t="ar"/>
		<b id="21" c="22 23" t="1"/>
		<b id="22" c="24 23" t="1"/>
		<b id="23" c="25 23" t="1"/>
		<b id="24" c="23 26" t="1"/>
		<b id="25" c="26 27" t="1"/>
		<b id="26" c="4 5" t="1"/>
		<b id="27" c="4 28" t="ar"/>
		<b id="28" c="29 28" t="1"/>
		<b id="29" c="28 30" t="ar"/>
		<b id="30" c="30 31" t="1"/>
		<b id="31" c="30 2" t="ar"/>
		<b id="32" c="22 5" t="ar"/>
	</bonds>
	<geometry>
		<g u="A" t="cart/3d">#31,3:3.6242,2.0374,-2.2767;3.2997,1.6033,-1.3406;2.0414,1.0918,-1.3336;1.8166,0.5919,-0.0804;0.4980,0.0082,0.1533;-0.2403,0.3713,1.2954;0.2747,1.2475,2.2223;-0.2127,2.5672,1.9706;0.0092,2.8911,0.9468;0.2981,3.2481,2.6585;-1.2889,2.6322,2.1655;-1.5001,-0.1757,1.5540;-2.0376,0.1051,2.4559;-2.0786,-1.0664,0.6548;-3.3256,-1.5045,1.0044;-3.9683,-2.4043,0.1098;-4.9518,-2.6424,0.5262;-4.1247,-1.9428,-0.8710;-3.4077,-3.3416,0.0247;-1.3698,-1.4304,-0.4897;-1.7978,-2.1207,-1.2121;-0.0764,-0.9206,-0.7443;0.6323,-1.3924,-1.9902;0.2548,-2.3719,-2.3050;1.7084,-1.5174,-1.8294;0.4095,-0.4726,-3.0484;0.7764,0.3763,-2.7337;2.9312,0.8011,0.7075;3.0303,0.5193,1.7472;3.8901,1.4469,-0.1092;4.8853,1.7650,0.1674;</g>
	</geometry>
	<conformers/>
	<properties/>
</molecule>
