<?xml version="1.0" ?>
<!--MOLLI PACKAGE EXPERIMENTAL XML FORMAT-->
<molecule name="react_100_c2_frag_1">
	<atoms>
		<a id="1" s="H" t="H" l="H"/>
		<a id="2" s="C" t="C.3" l="C"/>
		<a id="3" s="H" t="H" l="H"/>
		<a id="4" s="H" t="H" l="H"/>
		<a id="5" s="O" t="O.3" l="O"/>
		<a id="6" s="Si" t="Si" l="SI"/>
		<a id="7" s="C" t="C.ar" l="C"/>
		<a id="8" s="C" t="C.ar" l="C"/>
		<a id="9" s="H" t="H" l="H"/>
		<a id="10" s="C" t="C.ar" l="C"/>
		<a id="11" s="H" t="H" l="H"/>
		<a id="12" s="C" t="C.ar" l="C"/>
		<a id="13" s="H" t="H" l="H"/>
		<a id="14" s="C" t="C.ar" l="C"/>
		<a id="15" s="H" t="H" l="H"/>
		<a id="16" s="C" t="C.ar" l="C"/>
		<a id="17" s="H" t="H" l="H"/>
		<a id="18" s="C" t="C.ar" l="C"/>
		<a id="19" s="C" t="C.ar" l="C"/>
		<a id="20" s="H" t="H" l="H"/>
		<a id="21" s="C" t="C.ar" l="C"/>
		<a id="22" s="H" t="H" l="H"/>
		<a id="23" s="C" t="C.ar" l="C"/>
		<a id="24" s="H" t="H" l="H"/>
		<a id="25" s="C" t="C.ar" l="C"/>
		<a id="26" s="H" t="H" l="H"/>
		<a id="27" s="C" t="C.ar" l="C"/>
		<a id="28" s="H" t="H" l="H"/>
		<a id="29" s="C" t="C.3" l="C"/>
		<a id="30" s="C" t="C.3" l="C"/>
		<a id="31" s="H" t="H" l="H"/>
		<a id="32" s="H" t="H" l="H"/>
		<a id="33" s="H" t="H" l="H"/>
		<a id="34" s="C" t="C.3" l="C"/>
		<a id="35" s="H" t="H" l="H"/>
		<a id="36" s="H" t="H" l="H"/>
		<a id="37" s="H" t="H" l="H"/>
		<a id="38" s="C" t="C.3" l="C"/>
		<a id="39" s="H" t="H" l="H"/>
		<a id="40" s="H" t="H" l="H"/>
		<a id="41" s="H" t="H" l="H"/>
	</atoms>
	<bonds>
		<b id="1" c="1 2" t="1"/>
		<b id="2" c="3 2" t="1"/>
		<b id="3" c="4 2" t="1"/>
		<b id="4" c="2 5" t="1"/>
		<b id="5" c="5 6" t="1"/>
		<b id="6" c="7 8" t="ar"/>
		<b id="7" c="9 8" t="1"/>
		<b id="8" c="8 10" t="ar"/>
		<b id="9" c="11 10" t="1"/>
		<b id="10" c="10 12" t="ar"/>
		<b id="11" c="13 12" t="1"/>
		<b id="12" c="12 14" t="ar"/>
		<b id="13" c="15 14" t="1"/>
		<b id="14" c="14 16" t="ar"/>
		<b id="15" c="16 17" t="1"/>
		<b id="16" c="7 6" t="1"/>
		<b id="17" c="18 19" t="ar"/>
		<b id="18" c="20 19" t="1"/>
		<b id="19" c="19 21" t="ar"/>
		<b id="20" c="22 21" t="1"/>
		<b id="21" c="21 23" t="ar"/>
		<b id="22" c="24 23" t="1"/>
		<b id="23" c="23 25" t="ar"/>
		<b id="24" c="26 25" t="1"/>
		<b id="25" c="25 27" t="ar"/>
		<b id="26" c="27 28" t="1"/>
		<b id="27" c="18 6" t="1"/>
		<b id="28" c="6 29" t="1"/>
		<b id="29" c="31 30" t="1"/>
		<b id="30" c="32 30" t="1"/>
		<b id="31" c="30 33" t="1"/>
		<b id="32" c="30 29" t="1"/>
		<b id="33" c="35 34" t="1"/>
		<b id="34" c="36 34" t="1"/>
		<b id="35" c="34 37" t="1"/>
		<b id="36" c="34 29" t="1"/>
		<b id="37" c="29 38" t="1"/>
		<b id="38" c="39 38" t="1"/>
		<b id="39" c="40 38" t="1"/>
		<b id="40" c="38 41" t="1"/>
		<b id="41" c="16 7" t="ar"/>
		<b id="42" c="27 18" t="ar"/>
	</bonds>
	<geometry>
		<g u="A" t="cart/3d">#41,3:0.5766,1.3492,-2.8141;-0.2628,0.6797,-3.0323;-1.2137,1.2143,-2.9346;-0.1695,0.3579,-4.0743;-0.2438,-0.4795,-2.2143;-0.1667,-0.3315,-0.5506;1.6499,-0.0331,-0.0695;2.6827,-0.2546,-0.9995;2.4592,-0.5954,-2.0098;4.0190,-0.0506,-0.6472;4.8042,-0.2266,-1.3778;4.3468,0.3724,0.6382;5.3868,0.5293,0.9108;3.3398,0.5896,1.5750;3.5945,0.9169,2.5797;2.0022,0.3861,1.2274;1.2394,0.5663,1.9838;-1.1312,1.2116,-0.0255;-0.4998,2.4695,0.0632;0.5607,2.5826,-0.1606;-1.2107,3.6146,0.4339;-0.6988,4.5713,0.4998;-2.5702,3.5321,0.7138;-3.1233,4.4220,1.0009;-3.2201,2.3062,0.6166;-4.2849,2.2392,0.8255;-2.5102,1.1594,0.2460;-3.0649,0.2284,0.1709;-0.7804,-2.0513,0.3302;-1.0758,-1.8314,1.8275;-1.3857,-2.7692,2.3035;-0.1937,-1.4689,2.3659;-1.8819,-1.1078,1.9839;-2.0450,-2.5873,-0.3779;-1.8641,-2.7648,-1.4444;-2.3634,-3.5391,0.0635;-2.8887,-1.8970,-0.2967;0.3338,-3.1181,0.1917;0.5980,-3.2913,-0.8581;0.0096,-4.0770,0.6129;1.2463,-2.8244,0.7224;</g>
	</geometry>
	<conformers/>
	<properties/>
</molecule>
