<?xml version="1.0" ?>
<!--MOLLI PACKAGE EXPERIMENTAL XML FORMAT-->
<molecule name="react_103_c2_frag_1">
	<atoms>
		<a id="1" s="H" t="H" l="H"/>
		<a id="2" s="C" t="C.3" l="C"/>
		<a id="3" s="H" t="H" l="H"/>
		<a id="4" s="H" t="H" l="H"/>
		<a id="5" s="O" t="O.3" l="O"/>
		<a id="6" s="C" t="C.3" l="C"/>
		<a id="7" s="H" t="H" l="H"/>
		<a id="8" s="H" t="H" l="H"/>
		<a id="9" s="C" t="C.ar" l="C"/>
		<a id="10" s="C" t="C.ar" l="C"/>
		<a id="11" s="H" t="H" l="H"/>
		<a id="12" s="C" t="C.ar" l="C"/>
		<a id="13" s="H" t="H" l="H"/>
		<a id="14" s="C" t="C.ar" l="C"/>
		<a id="15" s="H" t="H" l="H"/>
		<a id="16" s="C" t="C.ar" l="C"/>
		<a id="17" s="H" t="H" l="H"/>
		<a id="18" s="C" t="C.ar" l="C"/>
		<a id="19" s="H" t="H" l="H"/>
	</atoms>
	<bonds>
		<b id="1" c="1 2" t="1"/>
		<b id="2" c="3 2" t="1"/>
		<b id="3" c="4 2" t="1"/>
		<b id="4" c="2 5" t="1"/>
		<b id="5" c="5 6" t="1"/>
		<b id="6" c="7 6" t="1"/>
		<b id="7" c="8 6" t="1"/>
		<b id="8" c="6 9" t="1"/>
		<b id="9" c="9 10" t="ar"/>
		<b id="10" c="11 10" t="1"/>
		<b id="11" c="10 12" t="ar"/>
		<b id="12" c="13 12" t="1"/>
		<b id="13" c="12 14" t="ar"/>
		<b id="14" c="15 14" t="1"/>
		<b id="15" c="14 16" t="ar"/>
		<b id="16" c="17 16" t="1"/>
		<b id="17" c="16 18" t="ar"/>
		<b id="18" c="18 19" t="1"/>
		<b id="19" c="18 9" t="ar"/>
	</bonds>
	<geometry>
		<g u="A" t="cart/3d">#19,3:-3.6427,0.4659,0.7364;-3.2928,0.5823,-0.2940;-3.7227,1.4989,-0.7067;-3.6254,-0.2641,-0.9027;-1.8780,0.6957,-0.3295;-1.2457,-0.4678,0.1953;-1.5398,-1.3508,-0.3853;-1.5576,-0.6295,1.2345;0.2460,-0.2786,0.1268;0.9590,-0.6519,-1.0212;0.4367,-1.0810,-1.8731;2.3413,-0.4682,-1.0879;2.8847,-0.7608,-1.9823;3.0227,0.0987,-0.0125;4.0980,0.2456,-0.0667;2.3223,0.4888,1.1275;2.8510,0.9428,1.9613;0.9400,0.3057,1.1956;0.4031,0.6285,2.0845;</g>
	</geometry>
	<conformers/>
	<properties/>
</molecule>
