<?xml version="1.0" ?>
<!--MOLLI PACKAGE EXPERIMENTAL XML FORMAT-->
<molecule name="react_108_c2_frag_0">
	<atoms>
		<a id="1" s="H" t="H" l="H"/>
		<a id="2" s="C" t="C.ar" l="C"/>
		<a id="3" s="S" t="S.2" l="S"/>
		<a id="4" s="C" t="C.ar" l="C"/>
		<a id="5" s="S" t="S.3" l="S"/>
		<a id="6" s="C" t="C.3" l="C"/>
		<a id="7" s="H" t="H" l="H"/>
		<a id="8" s="H" t="H" l="H"/>
		<a id="9" s="H" t="H" l="H"/>
		<a id="10" s="N" t="N.ar" l="N"/>
		<a id="11" s="C" t="C.ar" l="C"/>
		<a id="12" s="H" t="H" l="H"/>
	</atoms>
	<bonds>
		<b id="1" c="1 2" t="1"/>
		<b id="2" c="2 3" t="ar"/>
		<b id="3" c="3 4" t="ar"/>
		<b id="4" c="5 6" t="1"/>
		<b id="5" c="7 6" t="1"/>
		<b id="6" c="8 6" t="1"/>
		<b id="7" c="6 9" t="1"/>
		<b id="8" c="5 4" t="1"/>
		<b id="9" c="4 10" t="ar"/>
		<b id="10" c="10 11" t="ar"/>
		<b id="11" c="11 12" t="1"/>
		<b id="12" c="11 2" t="ar"/>
	</bonds>
	<geometry>
		<g u="A" t="cart/3d">#12,3:-3.3676,-0.3115,1.2997;-2.3542,-0.1822,0.9486;-1.2815,0.9355,1.6825;-0.0606,0.4761,0.5663;1.5364,1.1934,0.5919;2.3195,0.3176,-0.7790;2.3430,-0.7590,-0.5885;3.3491,0.6696,-0.8871;1.7902,0.5118,-1.7162;-0.4025,-0.4466,-0.3059;-1.7135,-0.8240,-0.0887;-2.1585,-1.5808,-0.7235;</g>
	</geometry>
	<conformers/>
	<properties/>
</molecule>
