<?xml version="1.0" ?>
<!--MOLLI PACKAGE EXPERIMENTAL XML FORMAT-->
<molecule name="react_109_c2_frag_0">
	<atoms>
		<a id="1" s="H" t="H" l="H"/>
		<a id="2" s="C" t="C.ar" l="C"/>
		<a id="3" s="C" t="C.ar" l="C"/>
		<a id="4" s="H" t="H" l="H"/>
		<a id="5" s="S" t="S.2" l="S"/>
		<a id="6" s="C" t="C.ar" l="C"/>
		<a id="7" s="S" t="S.3" l="S"/>
		<a id="8" s="C" t="C.3" l="C"/>
		<a id="9" s="H" t="H" l="H"/>
		<a id="10" s="H" t="H" l="H"/>
		<a id="11" s="H" t="H" l="H"/>
		<a id="12" s="C" t="C.ar" l="C"/>
		<a id="13" s="H" t="H" l="H"/>
	</atoms>
	<bonds>
		<b id="1" c="1 2" t="1"/>
		<b id="2" c="2 3" t="ar"/>
		<b id="3" c="4 3" t="1"/>
		<b id="4" c="3 5" t="ar"/>
		<b id="5" c="5 6" t="ar"/>
		<b id="6" c="7 8" t="1"/>
		<b id="7" c="9 8" t="1"/>
		<b id="8" c="10 8" t="1"/>
		<b id="9" c="8 11" t="1"/>
		<b id="10" c="7 6" t="1"/>
		<b id="11" c="6 12" t="ar"/>
		<b id="12" c="12 13" t="1"/>
		<b id="13" c="12 2" t="ar"/>
	</bonds>
	<geometry>
		<g u="A" t="cart/3d">#13,3:-3.0456,-0.4526,-1.2437;-2.1810,-0.1903,-0.6464;-2.0702,0.9907,0.0525;-2.7884,1.7970,0.1108;-0.5906,1.0933,0.9044;-0.0770,-0.4335,0.3285;1.4558,-1.1744,0.7658;2.6194,0.1440,0.3496;3.6398,-0.2372,0.4454;2.4718,0.4790,-0.6809;2.5075,0.9929,1.0291;-1.0305,-1.0166,-0.4798;-0.9109,-1.9924,-0.9352;</g>
	</geometry>
	<conformers/>
	<properties/>
</molecule>
