<?xml version="1.0" ?>
<!--MOLLI PACKAGE EXPERIMENTAL XML FORMAT-->
<molecule name="react_112_c2_frag_0">
	<atoms>
		<a id="1" s="H" t="H" l="H"/>
		<a id="2" s="C" t="C.ar" l="C"/>
		<a id="3" s="C" t="C.ar" l="C"/>
		<a id="4" s="H" t="H" l="H"/>
		<a id="5" s="C" t="C.ar" l="C"/>
		<a id="6" s="H" t="H" l="H"/>
		<a id="7" s="C" t="C.ar" l="C"/>
		<a id="8" s="H" t="H" l="H"/>
		<a id="9" s="C" t="C.ar" l="C"/>
		<a id="10" s="H" t="H" l="H"/>
		<a id="11" s="C" t="C.ar" l="C"/>
		<a id="12" s="H" t="H" l="H"/>
	</atoms>
	<bonds>
		<b id="1" c="1 2" t="1"/>
		<b id="2" c="2 3" t="ar"/>
		<b id="3" c="4 3" t="1"/>
		<b id="4" c="3 5" t="ar"/>
		<b id="5" c="6 5" t="1"/>
		<b id="6" c="5 7" t="ar"/>
		<b id="7" c="8 7" t="1"/>
		<b id="8" c="7 9" t="ar"/>
		<b id="9" c="10 9" t="1"/>
		<b id="10" c="9 11" t="ar"/>
		<b id="11" c="11 12" t="1"/>
		<b id="12" c="11 2" t="ar"/>
	</bonds>
	<geometry>
		<g u="A" t="cart/3d">#12,3:1.6682,1.8347,-0.0950;0.9377,1.0312,-0.0534;1.3622,-0.2974,-0.0394;2.4235,-0.5290,-0.0702;0.4245,-1.3286,0.0139;0.7552,-2.3637,0.0248;-0.9377,-1.0312,0.0534;-1.6682,-1.8347,0.0950;-1.3622,0.2974,0.0394;-2.4235,0.5290,0.0702;-0.4245,1.3286,-0.0139;-0.7552,2.3637,-0.0248;</g>
	</geometry>
	<conformers/>
	<properties/>
</molecule>
