<?xml version="1.0" ?>
<!--MOLLI PACKAGE EXPERIMENTAL XML FORMAT-->
<molecule name="react_113_c2_frag_0">
	<atoms>
		<a id="1" s="H" t="H" l="H"/>
		<a id="2" s="C" t="C.3" l="C"/>
		<a id="3" s="H" t="H" l="H"/>
		<a id="4" s="H" t="H" l="H"/>
		<a id="5" s="O" t="O.3" l="O"/>
		<a id="6" s="C" t="C.2" l="C"/>
		<a id="7" s="O" t="O.2" l="O"/>
		<a id="8" s="C" t="C.3" l="C"/>
		<a id="9" s="C" t="C.3" l="C"/>
		<a id="10" s="H" t="H" l="H"/>
		<a id="11" s="H" t="H" l="H"/>
		<a id="12" s="H" t="H" l="H"/>
		<a id="13" s="C" t="C.3" l="C"/>
		<a id="14" s="H" t="H" l="H"/>
		<a id="15" s="H" t="H" l="H"/>
		<a id="16" s="H" t="H" l="H"/>
		<a id="17" s="C" t="C.3" l="C"/>
		<a id="18" s="H" t="H" l="H"/>
		<a id="19" s="H" t="H" l="H"/>
		<a id="20" s="H" t="H" l="H"/>
	</atoms>
	<bonds>
		<b id="1" c="1 2" t="1"/>
		<b id="2" c="3 2" t="1"/>
		<b id="3" c="4 2" t="1"/>
		<b id="4" c="2 5" t="1"/>
		<b id="5" c="5 6" t="1"/>
		<b id="6" c="6 7" t="2"/>
		<b id="7" c="6 8" t="1"/>
		<b id="8" c="10 9" t="1"/>
		<b id="9" c="11 9" t="1"/>
		<b id="10" c="9 12" t="1"/>
		<b id="11" c="9 8" t="1"/>
		<b id="12" c="14 13" t="1"/>
		<b id="13" c="15 13" t="1"/>
		<b id="14" c="13 16" t="1"/>
		<b id="15" c="13 8" t="1"/>
		<b id="16" c="8 17" t="1"/>
		<b id="17" c="18 17" t="1"/>
		<b id="18" c="19 17" t="1"/>
		<b id="19" c="17 20" t="1"/>
	</bonds>
	<geometry>
		<g u="A" t="cart/3d">#20,3:3.1059,0.4052,2.0155;2.8004,0.1424,0.9990;3.1581,-0.8686,0.7804;3.2386,0.8684,0.3071;1.3744,0.1922,0.9393;0.8560,-0.1171,-0.2843;1.5293,-0.4149,-1.2626;-0.6731,-0.0412,-0.2656;-1.2206,-0.3951,-1.6575;-0.9220,-1.4066,-1.9565;-0.8431,0.2958,-2.4204;-2.3152,-0.3499,-1.6780;-1.1102,1.3847,0.0951;-2.2006,1.4867,0.0584;-0.7862,1.6635,1.1041;-0.6783,2.1160,-0.5978;-1.2228,-1.0445,0.7570;-2.3184,-1.0566,0.7514;-0.8718,-2.0599,0.5401;-0.9004,-0.8006,1.7755;</g>
	</geometry>
	<conformers/>
	<properties/>
</molecule>
