<?xml version="1.0" ?>
<!--MOLLI PACKAGE EXPERIMENTAL XML FORMAT-->
<molecule name="react_81_c2_frag_0">
	<atoms>
		<a id="1" s="H" t="H" l="H"/>
		<a id="2" s="C" t="C.3" l="C"/>
		<a id="3" s="C" t="C.3" l="C"/>
		<a id="4" s="H" t="H" l="H"/>
		<a id="5" s="H" t="H" l="H"/>
		<a id="6" s="H" t="H" l="H"/>
		<a id="7" s="C" t="C.3" l="C"/>
		<a id="8" s="H" t="H" l="H"/>
		<a id="9" s="H" t="H" l="H"/>
		<a id="10" s="H" t="H" l="H"/>
		<a id="11" s="C" t="C.3" l="C"/>
		<a id="12" s="H" t="H" l="H"/>
		<a id="13" s="H" t="H" l="H"/>
		<a id="14" s="H" t="H" l="H"/>
	</atoms>
	<bonds>
		<b id="1" c="1 2" t="1"/>
		<b id="2" c="4 3" t="1"/>
		<b id="3" c="5 3" t="1"/>
		<b id="4" c="3 6" t="1"/>
		<b id="5" c="3 2" t="1"/>
		<b id="6" c="8 7" t="1"/>
		<b id="7" c="9 7" t="1"/>
		<b id="8" c="7 10" t="1"/>
		<b id="9" c="7 2" t="1"/>
		<b id="10" c="2 11" t="1"/>
		<b id="11" c="12 11" t="1"/>
		<b id="12" c="13 11" t="1"/>
		<b id="13" c="11 14" t="1"/>
	</bonds>
	<geometry>
		<g u="A" t="cart/3d">#14,3:0.5816,-0.0533,-1.3896;0.1584,-0.0145,-0.3784;-0.2570,1.4257,-0.0864;-0.6882,1.5208,0.9160;-1.0037,1.7690,-0.8102;0.6044,2.0990,-0.1498;-1.0528,-0.9432,-0.3287;-1.8106,-0.6328,-1.0558;-0.7633,-1.9724,-0.5662;-1.5156,-0.9421,0.6641;1.2290,-0.4751,0.6083;1.5502,-1.4977,0.3839;2.1110,0.1718,0.5546;0.8568,-0.4554,1.6383;</g>
	</geometry>
	<conformers/>
	<properties/>
</molecule>
