<?xml version="1.0" ?>
<!--MOLLI PACKAGE EXPERIMENTAL XML FORMAT-->
<molecule name="react_117_c2_frag_1">
	<atoms>
		<a id="1" s="H" t="H" l="H"/>
		<a id="2" s="C" t="C.ar" l="C"/>
		<a id="3" s="C" t="C.ar" l="C"/>
		<a id="4" s="H" t="H" l="H"/>
		<a id="5" s="C" t="C.ar" l="C"/>
		<a id="6" s="H" t="H" l="H"/>
		<a id="7" s="C" t="C.ar" l="C"/>
		<a id="8" s="N" t="N.pl3" l="N"/>
		<a id="9" s="O" t="O.2" l="O"/>
		<a id="10" s="O" t="O.co2" l="O"/>
		<a id="11" s="C" t="C.ar" l="C"/>
		<a id="12" s="H" t="H" l="H"/>
		<a id="13" s="C" t="C.ar" l="C"/>
		<a id="14" s="H" t="H" l="H"/>
	</atoms>
	<bonds>
		<b id="1" c="1 2" t="1"/>
		<b id="2" c="2 3" t="ar"/>
		<b id="3" c="4 3" t="1"/>
		<b id="4" c="3 5" t="ar"/>
		<b id="5" c="6 5" t="1"/>
		<b id="6" c="5 7" t="ar"/>
		<b id="7" c="8 9" t="2"/>
		<b id="8" c="8 10" t="1"/>
		<b id="9" c="8 7" t="1"/>
		<b id="10" c="7 11" t="ar"/>
		<b id="11" c="12 11" t="1"/>
		<b id="12" c="11 13" t="ar"/>
		<b id="13" c="13 14" t="1"/>
		<b id="14" c="13 2" t="ar"/>
	</bonds>
	<geometry>
		<g u="A" t="cart/3d">#14,3:2.9692,-0.1454,0.3697;1.8908,-0.0926,0.2354;1.1145,-1.2427,0.3900;1.5895,-2.1878,0.6440;-0.2696,-1.1812,0.2189;-0.8604,-2.0863,0.3428;-0.8694,0.0426,-0.1083;-2.3244,0.1138,-0.2895;-2.8171,1.2139,-0.5783;-2.9762,-0.9304,-0.1432;-0.0930,1.1989,-0.2641;-0.5456,2.1552,-0.5179;1.2902,1.1250,-0.0905;1.9016,2.0169,-0.2091;</g>
	</geometry>
	<conformers/>
	<properties/>
</molecule>
