<?xml version="1.0" ?>
<!--MOLLI PACKAGE EXPERIMENTAL XML FORMAT-->
<molecule name="react_119_c2_frag_0">
	<atoms>
		<a id="1" s="H" t="H" l="H"/>
		<a id="2" s="C" t="C.ar" l="C"/>
		<a id="3" s="C" t="C.ar" l="C"/>
		<a id="4" s="H" t="H" l="H"/>
		<a id="5" s="C" t="C.ar" l="C"/>
		<a id="6" s="H" t="H" l="H"/>
		<a id="7" s="C" t="C.ar" l="C"/>
		<a id="8" s="H" t="H" l="H"/>
		<a id="9" s="C" t="C.ar" l="C"/>
		<a id="10" s="H" t="H" l="H"/>
		<a id="11" s="C" t="C.ar" l="C"/>
		<a id="12" s="C" t="C.3" l="C"/>
		<a id="13" s="H" t="H" l="H"/>
		<a id="14" s="H" t="H" l="H"/>
		<a id="15" s="C" t="C.3" l="C"/>
		<a id="16" s="H" t="H" l="H"/>
		<a id="17" s="H" t="H" l="H"/>
		<a id="18" s="H" t="H" l="H"/>
	</atoms>
	<bonds>
		<b id="1" c="1 2" t="1"/>
		<b id="2" c="2 3" t="ar"/>
		<b id="3" c="4 3" t="1"/>
		<b id="4" c="3 5" t="ar"/>
		<b id="5" c="6 5" t="1"/>
		<b id="6" c="5 7" t="ar"/>
		<b id="7" c="8 7" t="1"/>
		<b id="8" c="7 9" t="ar"/>
		<b id="9" c="10 9" t="1"/>
		<b id="10" c="9 11" t="ar"/>
		<b id="11" c="11 12" t="1"/>
		<b id="12" c="13 12" t="1"/>
		<b id="13" c="14 12" t="1"/>
		<b id="14" c="12 15" t="1"/>
		<b id="15" c="16 15" t="1"/>
		<b id="16" c="15 17" t="1"/>
		<b id="17" c="11 2" t="ar"/>
		<b id="18" c="15 18" t="1"/>
	</bonds>
	<geometry>
		<g u="A" t="cart/3d">#18,3:-0.4117,2.0181,-0.7143;0.2788,1.1977,-0.5330;1.6509,1.4533,-0.5101;2.0173,2.4630,-0.6752;2.5506,0.4157,-0.2736;3.6185,0.6155,-0.2554;2.0793,-0.8779,-0.0579;2.7800,-1.6871,0.1297;0.7076,-1.1354,-0.0805;0.3541,-2.1490,0.0939;-0.2053,-0.1006,-0.3241;-1.6874,-0.3744,-0.3315;-1.8733,-1.3881,-0.7067;-2.1845,0.3047,-1.0349;-2.2984,-0.2183,1.0526;-3.3731,-0.4228,1.0169;-1.8445,-0.9125,1.7679;-2.1589,0.7980,1.4363;</g>
	</geometry>
	<conformers/>
	<properties/>
</molecule>
