<?xml version="1.0" ?>
<!--MOLLI PACKAGE EXPERIMENTAL XML FORMAT-->
<molecule name="react_82_c2_frag_0">
	<atoms>
		<a id="1" s="H" t="H" l="H"/>
		<a id="2" s="C" t="C.3" l="C"/>
		<a id="3" s="H" t="H" l="H"/>
		<a id="4" s="C" t="C.3" l="C"/>
		<a id="5" s="H" t="H" l="H"/>
		<a id="6" s="H" t="H" l="H"/>
		<a id="7" s="C" t="C.3" l="C"/>
		<a id="8" s="H" t="H" l="H"/>
		<a id="9" s="H" t="H" l="H"/>
		<a id="10" s="C" t="C.3" l="C"/>
		<a id="11" s="H" t="H" l="H"/>
		<a id="12" s="H" t="H" l="H"/>
		<a id="13" s="C" t="C.3" l="C"/>
		<a id="14" s="H" t="H" l="H"/>
		<a id="15" s="H" t="H" l="H"/>
		<a id="16" s="C" t="C.3" l="C"/>
		<a id="17" s="H" t="H" l="H"/>
		<a id="18" s="H" t="H" l="H"/>
	</atoms>
	<bonds>
		<b id="1" c="1 2" t="1"/>
		<b id="2" c="3 2" t="1"/>
		<b id="3" c="2 4" t="1"/>
		<b id="4" c="5 4" t="1"/>
		<b id="5" c="6 4" t="1"/>
		<b id="6" c="4 7" t="1"/>
		<b id="7" c="8 7" t="1"/>
		<b id="8" c="9 7" t="1"/>
		<b id="9" c="7 10" t="1"/>
		<b id="10" c="11 10" t="1"/>
		<b id="11" c="12 10" t="1"/>
		<b id="12" c="10 13" t="1"/>
		<b id="13" c="14 13" t="1"/>
		<b id="14" c="15 13" t="1"/>
		<b id="15" c="13 16" t="1"/>
		<b id="16" c="17 16" t="1"/>
		<b id="17" c="16 18" t="1"/>
		<b id="18" c="16 2" t="1"/>
	</bonds>
	<geometry>
		<g u="A" t="cart/3d">#18,3:-0.3084,-2.4651,-0.0108;-0.1746,-1.4265,-0.3337;-0.1621,-1.4317,-1.4306;1.1584,-0.8946,0.1858;1.9807,-1.4802,-0.2405;1.2035,-1.0252,1.2741;1.3472,0.5810,-0.1559;2.2782,0.9471,0.2914;1.4487,0.6932,-1.2424;0.1746,1.4265,0.3337;0.3084,2.4651,0.0108;0.1621,1.4317,1.4306;-1.1584,0.8946,-0.1858;-1.9807,1.4802,0.2405;-1.2035,1.0252,-1.2741;-1.3472,-0.5810,0.1559;-1.4487,-0.6932,1.2424;-2.2781,-0.9471,-0.2914;</g>
	</geometry>
	<conformers/>
	<properties/>
</molecule>
