<?xml version="1.0" ?>
<!--MOLLI PACKAGE EXPERIMENTAL XML FORMAT-->
<molecule name="react_121_c2_frag_1">
	<atoms>
		<a id="1" s="H" t="H" l="H"/>
		<a id="2" s="C" t="C.3" l="C"/>
		<a id="3" s="H" t="H" l="H"/>
		<a id="4" s="C" t="C.3" l="C"/>
		<a id="5" s="H" t="H" l="H"/>
		<a id="6" s="H" t="H" l="H"/>
		<a id="7" s="C" t="C.3" l="C"/>
		<a id="8" s="H" t="H" l="H"/>
		<a id="9" s="H" t="H" l="H"/>
	</atoms>
	<bonds>
		<b id="1" c="1 2" t="1"/>
		<b id="2" c="3 2" t="1"/>
		<b id="3" c="2 4" t="1"/>
		<b id="4" c="5 4" t="1"/>
		<b id="5" c="6 4" t="1"/>
		<b id="6" c="4 7" t="1"/>
		<b id="7" c="8 7" t="1"/>
		<b id="8" c="7 9" t="1"/>
		<b id="9" c="7 2" t="1"/>
	</bonds>
	<geometry>
		<g u="A" t="cart/3d">#9,3:-0.5214,1.3338,0.9462;-0.3370,0.7989,0.0217;-0.6092,1.3463,-0.8733;0.8596,-0.1070,-0.0422;1.3981,-0.1733,-0.9805;1.4859,-0.1858,0.8390;-0.5227,-0.6918,0.0204;-0.8329,-1.1668,0.9440;-0.9206,-1.1543,-0.8755;</g>
	</geometry>
	<conformers/>
	<properties/>
</molecule>
