<?xml version="1.0" ?>
<!--MOLLI PACKAGE EXPERIMENTAL XML FORMAT-->
<molecule name="react_124_c2_frag_1">
	<atoms>
		<a id="1" s="H" t="H" l="H"/>
		<a id="2" s="C" t="C.3" l="C"/>
		<a id="3" s="H" t="H" l="H"/>
		<a id="4" s="H" t="H" l="H"/>
		<a id="5" s="N" t="N.ar" l="N"/>
		<a id="6" s="N" t="N.ar" l="N"/>
		<a id="7" s="C" t="C.ar" l="C"/>
		<a id="8" s="H" t="H" l="H"/>
		<a id="9" s="N" t="N.ar" l="N"/>
		<a id="10" s="C" t="C.ar" l="C"/>
		<a id="11" s="H" t="H" l="H"/>
	</atoms>
	<bonds>
		<b id="1" c="1 2" t="1"/>
		<b id="2" c="3 2" t="1"/>
		<b id="3" c="4 2" t="1"/>
		<b id="4" c="2 5" t="1"/>
		<b id="5" c="5 6" t="ar"/>
		<b id="6" c="6 7" t="ar"/>
		<b id="7" c="8 7" t="1"/>
		<b id="8" c="7 9" t="ar"/>
		<b id="9" c="9 10" t="ar"/>
		<b id="10" c="10 11" t="1"/>
		<b id="11" c="10 5" t="ar"/>
	</bonds>
	<geometry>
		<g u="A" t="cart/3d">#11,3:-2.1286,0.5371,0.2991;-1.5865,-0.3382,-0.0670;-1.8695,-0.5452,-1.1021;-1.8002,-1.2012,0.5685;-0.1730,-0.0790,-0.0239;0.7080,-1.0113,-0.4265;1.8667,-0.3776,-0.2257;2.8149,-0.8491,-0.4501;1.7587,0.8889,0.2761;0.4602,1.0483,0.3925;-0.0506,1.9274,0.7590;</g>
	</geometry>
	<conformers/>
	<properties/>
</molecule>
