<?xml version="1.0" ?>
<!--MOLLI PACKAGE EXPERIMENTAL XML FORMAT-->
<molecule name="react_87_c1_frag_0">
	<atoms>
		<a id="1" s="H" t="H" l="H"/>
		<a id="2" s="C" t="C.3" l="C"/>
		<a id="3" s="H" t="H" l="H"/>
		<a id="4" s="H" t="H" l="H"/>
		<a id="5" s="C" t="C.3" l="C"/>
		<a id="6" s="O" t="O.3" l="O"/>
		<a id="7" s="C" t="C.3" l="C"/>
		<a id="8" s="H" t="H" l="H"/>
		<a id="9" s="H" t="H" l="H"/>
		<a id="10" s="H" t="H" l="H"/>
		<a id="11" s="O" t="O.3" l="O"/>
		<a id="12" s="C" t="C.3" l="C"/>
		<a id="13" s="H" t="H" l="H"/>
		<a id="14" s="H" t="H" l="H"/>
		<a id="15" s="H" t="H" l="H"/>
		<a id="16" s="C" t="C.3" l="C"/>
		<a id="17" s="H" t="H" l="H"/>
		<a id="18" s="H" t="H" l="H"/>
		<a id="19" s="C" t="C.3" l="C"/>
		<a id="20" s="H" t="H" l="H"/>
		<a id="21" s="H" t="H" l="H"/>
		<a id="22" s="H" t="H" l="H"/>
	</atoms>
	<bonds>
		<b id="1" c="1 2" t="1"/>
		<b id="2" c="3 2" t="1"/>
		<b id="3" c="4 2" t="1"/>
		<b id="4" c="2 5" t="1"/>
		<b id="5" c="6 7" t="1"/>
		<b id="6" c="8 7" t="1"/>
		<b id="7" c="9 7" t="1"/>
		<b id="8" c="7 10" t="1"/>
		<b id="9" c="6 5" t="1"/>
		<b id="10" c="11 12" t="1"/>
		<b id="11" c="13 12" t="1"/>
		<b id="12" c="14 12" t="1"/>
		<b id="13" c="12 15" t="1"/>
		<b id="14" c="11 5" t="1"/>
		<b id="15" c="5 16" t="1"/>
		<b id="16" c="17 16" t="1"/>
		<b id="17" c="18 16" t="1"/>
		<b id="18" c="16 19" t="1"/>
		<b id="19" c="20 19" t="1"/>
		<b id="20" c="19 21" t="1"/>
		<b id="21" c="19 22" t="1"/>
	</bonds>
	<geometry>
		<g u="A" t="cart/3d">#22,3:-0.7128,0.5945,1.8386;0.1954,0.1398,1.4291;0.3262,-0.8459,1.8876;1.0327,0.7673,1.7539;0.1402,0.0478,-0.1035;1.1401,-0.8782,-0.5682;2.4825,-0.4602,-0.3696;2.7197,-0.3791,0.6942;3.1383,-1.2222,-0.8008;2.6859,0.4858,-0.8789;0.3770,1.3226,-0.7164;-0.5383,2.3628,-0.4167;-0.5942,2.5553,0.6574;-0.1768,3.2752,-0.9001;-1.5306,2.1479,-0.8205;-1.2134,-0.5340,-0.5784;-2.0434,0.0951,-0.2375;-1.2421,-0.5079,-1.6756;-1.4859,-1.9661,-0.1308;-1.5391,-2.0412,0.9591;-0.7150,-2.6545,-0.4898;-2.4464,-2.3048,-0.5332;</g>
	</geometry>
	<conformers/>
	<properties/>
</molecule>
