<?xml version="1.0" ?>
<!--MOLLI PACKAGE EXPERIMENTAL XML FORMAT-->
<molecule name="react_127_c2_frag_1">
	<atoms>
		<a id="1" s="H" t="H" l="H"/>
		<a id="2" s="C" t="C.3" l="C"/>
		<a id="3" s="H" t="H" l="H"/>
		<a id="4" s="H" t="H" l="H"/>
		<a id="5" s="O" t="O.3" l="O"/>
		<a id="6" s="C" t="C.ar" l="C"/>
		<a id="7" s="C" t="C.ar" l="C"/>
		<a id="8" s="H" t="H" l="H"/>
		<a id="9" s="C" t="C.ar" l="C"/>
		<a id="10" s="H" t="H" l="H"/>
		<a id="11" s="C" t="C.ar" l="C"/>
		<a id="12" s="O" t="O.3" l="O"/>
		<a id="13" s="C" t="C.3" l="C"/>
		<a id="14" s="H" t="H" l="H"/>
		<a id="15" s="H" t="H" l="H"/>
		<a id="16" s="H" t="H" l="H"/>
		<a id="17" s="C" t="C.ar" l="C"/>
		<a id="18" s="H" t="H" l="H"/>
		<a id="19" s="C" t="C.ar" l="C"/>
		<a id="20" s="H" t="H" l="H"/>
	</atoms>
	<bonds>
		<b id="1" c="1 2" t="1"/>
		<b id="2" c="3 2" t="1"/>
		<b id="3" c="4 2" t="1"/>
		<b id="4" c="2 5" t="1"/>
		<b id="5" c="5 6" t="1"/>
		<b id="6" c="6 7" t="ar"/>
		<b id="7" c="8 7" t="1"/>
		<b id="8" c="7 9" t="ar"/>
		<b id="9" c="10 9" t="1"/>
		<b id="10" c="9 11" t="ar"/>
		<b id="11" c="12 13" t="1"/>
		<b id="12" c="14 13" t="1"/>
		<b id="13" c="15 13" t="1"/>
		<b id="14" c="13 16" t="1"/>
		<b id="15" c="12 11" t="1"/>
		<b id="16" c="11 17" t="ar"/>
		<b id="17" c="18 17" t="1"/>
		<b id="18" c="17 19" t="ar"/>
		<b id="19" c="19 20" t="1"/>
		<b id="20" c="19 6" t="ar"/>
	</bonds>
	<geometry>
		<g u="A" t="cart/3d">#20,3:4.5180,0.5140,-0.8894;3.5471,0.0661,-0.6566;3.3735,-0.7434,-1.3734;3.5941,-0.3160,0.3685;2.5594,1.0812,-0.7805;1.2655,0.7193,-0.5279;0.3333,1.7486,-0.6623;0.6640,2.7437,-0.9483;-1.0240,1.5113,-0.4322;-1.7378,2.3238,-0.5411;-1.4690,0.2412,-0.0643;-2.8184,0.1410,0.1312;-3.3207,-1.1347,0.5078;-4.4052,-1.0461,0.6234;-3.1288,-1.8802,-0.2709;-2.9081,-1.4529,1.4710;-0.5393,-0.7897,0.0709;-0.8379,-1.7932,0.3549;0.8235,-0.5514,-0.1602;1.5108,-1.3826,-0.0433;</g>
	</geometry>
	<conformers/>
	<properties/>
</molecule>
