<?xml version="1.0" ?>
<!--MOLLI PACKAGE EXPERIMENTAL XML FORMAT-->
<molecule name="react_128_c2_frag_1">
	<atoms>
		<a id="1" s="H" t="H" l="H"/>
		<a id="2" s="C" t="C.3" l="C"/>
		<a id="3" s="H" t="H" l="H"/>
		<a id="4" s="H" t="H" l="H"/>
		<a id="5" s="O" t="O.3" l="O"/>
		<a id="6" s="C" t="C.ar" l="C"/>
		<a id="7" s="C" t="C.ar" l="C"/>
		<a id="8" s="H" t="H" l="H"/>
		<a id="9" s="C" t="C.ar" l="C"/>
		<a id="10" s="H" t="H" l="H"/>
		<a id="11" s="C" t="C.ar" l="C"/>
		<a id="12" s="H" t="H" l="H"/>
		<a id="13" s="C" t="C.ar" l="C"/>
		<a id="14" s="O" t="O.3" l="O"/>
		<a id="15" s="C" t="C.3" l="C"/>
		<a id="16" s="H" t="H" l="H"/>
		<a id="17" s="H" t="H" l="H"/>
		<a id="18" s="H" t="H" l="H"/>
		<a id="19" s="C" t="C.ar" l="C"/>
		<a id="20" s="H" t="H" l="H"/>
	</atoms>
	<bonds>
		<b id="1" c="1 2" t="1"/>
		<b id="2" c="3 2" t="1"/>
		<b id="3" c="4 2" t="1"/>
		<b id="4" c="2 5" t="1"/>
		<b id="5" c="5 6" t="1"/>
		<b id="6" c="6 7" t="ar"/>
		<b id="7" c="8 7" t="1"/>
		<b id="8" c="7 9" t="ar"/>
		<b id="9" c="10 9" t="1"/>
		<b id="10" c="9 11" t="ar"/>
		<b id="11" c="12 11" t="1"/>
		<b id="12" c="11 13" t="ar"/>
		<b id="13" c="14 15" t="1"/>
		<b id="14" c="16 15" t="1"/>
		<b id="15" c="17 15" t="1"/>
		<b id="16" c="15 18" t="1"/>
		<b id="17" c="14 13" t="1"/>
		<b id="18" c="13 19" t="ar"/>
		<b id="19" c="19 20" t="1"/>
		<b id="20" c="19 6" t="ar"/>
	</bonds>
	<geometry>
		<g u="A" t="cart/3d">#20,3:3.0850,0.6006,-1.2694;3.3109,0.6355,-0.1984;3.0210,1.5975,0.2369;4.3941,0.5316,-0.0837;2.6957,-0.4457,0.4910;1.3288,-0.4946,0.4654;0.7705,-1.5719,1.1550;1.4200,-2.2860,1.6553;-0.6131,-1.7388,1.2068;-1.0362,-2.5817,1.7469;-1.4524,-0.8255,0.5665;-2.5232,-0.9865,0.6277;-0.9062,0.2555,-0.1260;-1.6121,1.2198,-0.7943;-3.0295,1.1058,-0.7788;-3.4384,1.9441,-1.3510;-3.4203,1.1775,0.2417;-3.3566,0.1805,-1.2644;0.4848,0.4157,-0.1730;0.8771,1.2666,-0.7198;</g>
	</geometry>
	<conformers/>
	<properties/>
</molecule>
