<?xml version="1.0" ?>
<!--MOLLI PACKAGE EXPERIMENTAL XML FORMAT-->
<molecule name="react_129_c2_frag_1">
	<atoms>
		<a id="1" s="H" t="H" l="H"/>
		<a id="2" s="C" t="C.3" l="C"/>
		<a id="3" s="H" t="H" l="H"/>
		<a id="4" s="H" t="H" l="H"/>
		<a id="5" s="O" t="O.3" l="O"/>
		<a id="6" s="C" t="C.ar" l="C"/>
		<a id="7" s="C" t="C.ar" l="C"/>
		<a id="8" s="H" t="H" l="H"/>
		<a id="9" s="C" t="C.ar" l="C"/>
		<a id="10" s="H" t="H" l="H"/>
		<a id="11" s="C" t="C.ar" l="C"/>
		<a id="12" s="H" t="H" l="H"/>
		<a id="13" s="C" t="C.ar" l="C"/>
		<a id="14" s="H" t="H" l="H"/>
		<a id="15" s="C" t="C.ar" l="C"/>
		<a id="16" s="O" t="O.3" l="O"/>
		<a id="17" s="C" t="C.3" l="C"/>
		<a id="18" s="H" t="H" l="H"/>
		<a id="19" s="H" t="H" l="H"/>
		<a id="20" s="H" t="H" l="H"/>
	</atoms>
	<bonds>
		<b id="1" c="1 2" t="1"/>
		<b id="2" c="3 2" t="1"/>
		<b id="3" c="4 2" t="1"/>
		<b id="4" c="2 5" t="1"/>
		<b id="5" c="5 6" t="1"/>
		<b id="6" c="6 7" t="ar"/>
		<b id="7" c="8 7" t="1"/>
		<b id="8" c="7 9" t="ar"/>
		<b id="9" c="10 9" t="1"/>
		<b id="10" c="9 11" t="ar"/>
		<b id="11" c="12 11" t="1"/>
		<b id="12" c="11 13" t="ar"/>
		<b id="13" c="14 13" t="1"/>
		<b id="14" c="13 15" t="ar"/>
		<b id="15" c="15 16" t="1"/>
		<b id="16" c="16 17" t="1"/>
		<b id="17" c="18 17" t="1"/>
		<b id="18" c="19 17" t="1"/>
		<b id="19" c="17 20" t="1"/>
		<b id="20" c="15 6" t="ar"/>
	</bonds>
	<geometry>
		<g u="A" t="cart/3d">#20,3:3.1679,-0.9877,-0.7892;2.8110,-1.2708,0.2065;3.2120,-0.6033,0.9763;3.1807,-2.2791,0.4168;1.3924,-1.3108,0.2506;0.7149,-0.1400,0.0126;1.3290,1.0858,-0.2696;2.4077,1.1868,-0.3186;0.5572,2.2265,-0.4987;1.0420,3.1747,-0.7173;-0.8311,2.1507,-0.4475;-1.4309,3.0396,-0.6260;-1.4554,0.9338,-0.1669;-2.5393,0.9167,-0.1360;-0.6925,-0.2169,0.0646;-1.2195,-1.4534,0.3470;-2.6334,-1.5681,0.4072;-3.0910,-1.3296,-0.5586;-3.0470,-0.9452,1.2070;-2.8748,-2.6098,0.6400;</g>
	</geometry>
	<conformers/>
	<properties/>
</molecule>
