<?xml version="1.0" ?>
<!--MOLLI PACKAGE EXPERIMENTAL XML FORMAT-->
<molecule name="react_87_c2_frag_0">
	<atoms>
		<a id="1" s="H" t="H" l="H"/>
		<a id="2" s="C" t="C.3" l="C"/>
		<a id="3" s="H" t="H" l="H"/>
		<a id="4" s="H" t="H" l="H"/>
		<a id="5" s="O" t="O.3" l="O"/>
		<a id="6" s="Si" t="Si" l="SI"/>
		<a id="7" s="C" t="C.3" l="C"/>
		<a id="8" s="H" t="H" l="H"/>
		<a id="9" s="C" t="C.3" l="C"/>
		<a id="10" s="H" t="H" l="H"/>
		<a id="11" s="H" t="H" l="H"/>
		<a id="12" s="H" t="H" l="H"/>
		<a id="13" s="C" t="C.3" l="C"/>
		<a id="14" s="H" t="H" l="H"/>
		<a id="15" s="H" t="H" l="H"/>
		<a id="16" s="H" t="H" l="H"/>
		<a id="17" s="C" t="C.3" l="C"/>
		<a id="18" s="H" t="H" l="H"/>
		<a id="19" s="C" t="C.3" l="C"/>
		<a id="20" s="H" t="H" l="H"/>
		<a id="21" s="H" t="H" l="H"/>
		<a id="22" s="H" t="H" l="H"/>
		<a id="23" s="C" t="C.3" l="C"/>
		<a id="24" s="H" t="H" l="H"/>
		<a id="25" s="H" t="H" l="H"/>
		<a id="26" s="H" t="H" l="H"/>
		<a id="27" s="C" t="C.3" l="C"/>
		<a id="28" s="H" t="H" l="H"/>
		<a id="29" s="C" t="C.3" l="C"/>
		<a id="30" s="H" t="H" l="H"/>
		<a id="31" s="H" t="H" l="H"/>
		<a id="32" s="H" t="H" l="H"/>
		<a id="33" s="C" t="C.3" l="C"/>
		<a id="34" s="H" t="H" l="H"/>
		<a id="35" s="H" t="H" l="H"/>
		<a id="36" s="H" t="H" l="H"/>
	</atoms>
	<bonds>
		<b id="1" c="1 2" t="1"/>
		<b id="2" c="3 2" t="1"/>
		<b id="3" c="4 2" t="1"/>
		<b id="4" c="2 5" t="1"/>
		<b id="5" c="5 6" t="1"/>
		<b id="6" c="8 7" t="1"/>
		<b id="7" c="10 9" t="1"/>
		<b id="8" c="11 9" t="1"/>
		<b id="9" c="9 12" t="1"/>
		<b id="10" c="9 7" t="1"/>
		<b id="11" c="7 13" t="1"/>
		<b id="12" c="14 13" t="1"/>
		<b id="13" c="15 13" t="1"/>
		<b id="14" c="13 16" t="1"/>
		<b id="15" c="7 6" t="1"/>
		<b id="16" c="18 17" t="1"/>
		<b id="17" c="20 19" t="1"/>
		<b id="18" c="21 19" t="1"/>
		<b id="19" c="19 22" t="1"/>
		<b id="20" c="19 17" t="1"/>
		<b id="21" c="17 23" t="1"/>
		<b id="22" c="24 23" t="1"/>
		<b id="23" c="25 23" t="1"/>
		<b id="24" c="23 26" t="1"/>
		<b id="25" c="17 6" t="1"/>
		<b id="26" c="6 27" t="1"/>
		<b id="27" c="28 27" t="1"/>
		<b id="28" c="30 29" t="1"/>
		<b id="29" c="31 29" t="1"/>
		<b id="30" c="29 32" t="1"/>
		<b id="31" c="29 27" t="1"/>
		<b id="32" c="27 33" t="1"/>
		<b id="33" c="34 33" t="1"/>
		<b id="34" c="35 33" t="1"/>
		<b id="35" c="33 36" t="1"/>
	</bonds>
	<geometry>
		<g u="A" t="cart/3d">#36,3:-0.5716,-0.6896,3.8125;-0.8844,-0.3419,2.8229;-1.0172,0.7439,2.8764;-1.8341,-0.8305,2.5848;0.1172,-0.7137,1.8916;0.1073,-0.0833,0.3361;1.6602,-0.8088,-0.6630;2.4775,-0.1098,-0.4496;1.4473,-0.8547,-2.1791;2.3724,-1.1521,-2.6852;0.6732,-1.5782,-2.4566;1.1526,0.1198,-2.5793;2.0775,-2.1923,-0.1469;2.9701,-2.5466,-0.6741;2.3181,-2.1625,0.9215;1.2854,-2.9348,-0.2913;-1.5344,-0.5302,-0.6380;-1.3231,-0.2874,-1.6862;-1.8759,-2.0231,-0.5532;-2.0831,-2.3319,0.4774;-1.0574,-2.6446,-0.9301;-2.7624,-2.2504,-1.1554;-2.7471,0.3077,-0.2139;-3.0229,0.1323,0.8303;-2.5579,1.3791,-0.3352;-3.6175,0.0607,-0.8321;0.3020,1.8788,0.3906;-0.6173,2.2390,0.8678;0.4019,2.5156,-0.9983;-0.4338,2.2188,-1.6405;0.3854,3.6083,-0.9193;1.3328,2.2362,-1.5032;1.4872,2.3177,1.2605;1.5235,3.4099,1.3369;1.4061,1.9188,2.2775;2.4423,1.9798,0.8438;</g>
	</geometry>
	<conformers/>
	<properties/>
</molecule>
