<?xml version="1.0" ?>
<!--MOLLI PACKAGE EXPERIMENTAL XML FORMAT-->
<molecule name="react_130_c2_frag_0">
	<atoms>
		<a id="1" s="H" t="H" l="H"/>
		<a id="2" s="C" t="C.3" l="C"/>
		<a id="3" s="H" t="H" l="H"/>
		<a id="4" s="H" t="H" l="H"/>
		<a id="5" s="H" t="H" l="H"/>
	</atoms>
	<bonds>
		<b id="1" c="1 2" t="1"/>
		<b id="2" c="3 2" t="1"/>
		<b id="3" c="4 2" t="1"/>
		<b id="4" c="2 5" t="1"/>
	</bonds>
	<geometry>
		<g u="A" t="cart/3d">#5,3:-0.8488,-0.4955,-0.4765;0.0000,-0.0000,-0.0000;-0.1585,1.0806,-0.0068;0.0927,-0.3479,1.0312;0.9146,-0.2373,-0.5479;</g>
	</geometry>
	<conformers/>
	<properties/>
</molecule>
