<?xml version="1.0" ?>
<!--MOLLI PACKAGE EXPERIMENTAL XML FORMAT-->
<molecule name="react_131_c2_frag_1">
	<atoms>
		<a id="1" s="H" t="H" l="H"/>
		<a id="2" s="C" t="C.3" l="C"/>
		<a id="3" s="H" t="H" l="H"/>
		<a id="4" s="H" t="H" l="H"/>
		<a id="5" s="C" t="C.3" l="C"/>
		<a id="6" s="H" t="H" l="H"/>
		<a id="7" s="H" t="H" l="H"/>
		<a id="8" s="C" t="C.3" l="C"/>
		<a id="9" s="H" t="H" l="H"/>
		<a id="10" s="H" t="H" l="H"/>
		<a id="11" s="C" t="C.ar" l="C"/>
		<a id="12" s="C" t="C.ar" l="C"/>
		<a id="13" s="C" t="C.ar" l="C"/>
		<a id="14" s="H" t="H" l="H"/>
		<a id="15" s="C" t="C.ar" l="C"/>
		<a id="16" s="H" t="H" l="H"/>
		<a id="17" s="C" t="C.ar" l="C"/>
		<a id="18" s="H" t="H" l="H"/>
		<a id="19" s="C" t="C.ar" l="C"/>
		<a id="20" s="H" t="H" l="H"/>
		<a id="21" s="H" t="H" l="H"/>
	</atoms>
	<bonds>
		<b id="1" c="1 2" t="1"/>
		<b id="2" c="3 2" t="1"/>
		<b id="3" c="4 2" t="1"/>
		<b id="4" c="2 5" t="1"/>
		<b id="5" c="6 5" t="1"/>
		<b id="6" c="7 5" t="1"/>
		<b id="7" c="5 8" t="1"/>
		<b id="8" c="9 8" t="1"/>
		<b id="9" c="10 8" t="1"/>
		<b id="10" c="8 11" t="1"/>
		<b id="11" c="11 12" t="ar"/>
		<b id="12" c="12 13" t="ar"/>
		<b id="13" c="14 13" t="1"/>
		<b id="14" c="13 15" t="ar"/>
		<b id="15" c="16 15" t="1"/>
		<b id="16" c="15 17" t="ar"/>
		<b id="17" c="18 17" t="1"/>
		<b id="18" c="17 19" t="ar"/>
		<b id="19" c="19 20" t="1"/>
		<b id="20" c="19 11" t="ar"/>
		<b id="21" c="12 21" t="1"/>
	</bonds>
	<geometry>
		<g u="A" t="cart/3d">#21,3:-3.9459,-0.8882,0.5858;-3.3135,-0.2991,-0.0857;-3.6434,0.7435,-0.0355;-3.4718,-0.6615,-1.1064;-1.8533,-0.4284,0.3179;-1.5664,-1.4867,0.2931;-1.7366,-0.0929,1.3556;-0.9450,0.3855,-0.6043;-1.0684,0.0564,-1.6440;-1.2377,1.4431,-0.5870;0.5053,0.2616,-0.2094;1.3019,-0.7612,-0.7413;2.6397,-0.8850,-0.3629;3.2505,-1.6801,-0.7821;3.1918,0.0084,0.5532;4.2332,-0.0889,0.8477;2.4064,1.0251,1.0932;2.8352,1.7202,1.8100;1.0684,1.1505,0.7160;0.4663,1.9459,1.1490;0.8833,-1.4683,-1.4536;</g>
	</geometry>
	<conformers/>
	<properties/>
</molecule>
