<?xml version="1.0" ?>
<!--MOLLI PACKAGE EXPERIMENTAL XML FORMAT-->
<molecule name="react_132_c2_frag_0">
	<atoms>
		<a id="1" s="H" t="H" l="H"/>
		<a id="2" s="C" t="C.1" l="C"/>
		<a id="3" s="C" t="C.1" l="C"/>
		<a id="4" s="C" t="C.ar" l="C"/>
		<a id="5" s="C" t="C.ar" l="C"/>
		<a id="6" s="H" t="H" l="H"/>
		<a id="7" s="C" t="C.ar" l="C"/>
		<a id="8" s="H" t="H" l="H"/>
		<a id="9" s="C" t="C.ar" l="C"/>
		<a id="10" s="H" t="H" l="H"/>
		<a id="11" s="C" t="C.ar" l="C"/>
		<a id="12" s="H" t="H" l="H"/>
		<a id="13" s="C" t="C.ar" l="C"/>
		<a id="14" s="H" t="H" l="H"/>
	</atoms>
	<bonds>
		<b id="1" c="1 2" t="1"/>
		<b id="2" c="2 3" t="3"/>
		<b id="3" c="3 4" t="1"/>
		<b id="4" c="4 5" t="ar"/>
		<b id="5" c="6 5" t="1"/>
		<b id="6" c="5 7" t="ar"/>
		<b id="7" c="8 7" t="1"/>
		<b id="8" c="7 9" t="ar"/>
		<b id="9" c="10 9" t="1"/>
		<b id="10" c="9 11" t="ar"/>
		<b id="11" c="12 11" t="1"/>
		<b id="12" c="11 13" t="ar"/>
		<b id="13" c="13 14" t="1"/>
		<b id="14" c="13 4" t="ar"/>
	</bonds>
	<geometry>
		<g u="A" t="cart/3d">#14,3:4.3196,-0.7811,0.5101;3.2786,-0.5929,0.3872;2.1048,-0.3806,0.2485;0.7062,-0.1277,0.0834;0.2140,1.1758,0.1827;0.8884,2.0041,0.3854;-1.1510,1.4220,0.0214;-1.5323,2.4369,0.0989;-2.0245,0.3661,-0.2391;-3.0870,0.5582,-0.3645;-1.5350,-0.9363,-0.3386;-2.2154,-1.7591,-0.5415;-0.1701,-1.1838,-0.1775;0.2037,-2.2016,-0.2565;</g>
	</geometry>
	<conformers/>
	<properties/>
</molecule>
