<?xml version="1.0" ?>
<!--MOLLI PACKAGE EXPERIMENTAL XML FORMAT-->
<molecule name="react_135_c2_frag_1">
	<atoms>
		<a id="1" s="H" t="H" l="H"/>
		<a id="2" s="C" t="C.3" l="C"/>
		<a id="3" s="H" t="H" l="H"/>
		<a id="4" s="C" t="C.3" l="C"/>
		<a id="5" s="H" t="H" l="H"/>
		<a id="6" s="H" t="H" l="H"/>
		<a id="7" s="H" t="H" l="H"/>
		<a id="8" s="C" t="C.3" l="C"/>
		<a id="9" s="H" t="H" l="H"/>
		<a id="10" s="H" t="H" l="H"/>
		<a id="11" s="H" t="H" l="H"/>
	</atoms>
	<bonds>
		<b id="1" c="1 2" t="1"/>
		<b id="2" c="3 2" t="1"/>
		<b id="3" c="5 4" t="1"/>
		<b id="4" c="6 4" t="1"/>
		<b id="5" c="4 7" t="1"/>
		<b id="6" c="4 2" t="1"/>
		<b id="7" c="2 8" t="1"/>
		<b id="8" c="9 8" t="1"/>
		<b id="9" c="10 8" t="1"/>
		<b id="10" c="8 11" t="1"/>
	</bonds>
	<geometry>
		<g u="A" t="cart/3d">#11,3:-0.4363,-1.3807,0.3931;-0.1469,-0.5825,-0.2993;-0.1653,-1.0052,-1.3099;-1.1505,0.5546,-0.2083;-2.1555,0.1935,-0.4479;-0.9006,1.3556,-0.9114;-1.1731,0.9781,0.8009;1.2613,-0.1150,0.0279;1.3149,0.2873,1.0446;1.5874,0.6648,-0.6678;1.9646,-0.9505,-0.0444;</g>
	</geometry>
	<conformers/>
	<properties/>
</molecule>
