<?xml version="1.0" ?>
<!--MOLLI PACKAGE EXPERIMENTAL XML FORMAT-->
<molecule name="react_101_c2_frag_1">
	<atoms>
		<a id="1" s="H" t="H" l="H"/>
		<a id="2" s="C" t="C.3" l="C"/>
		<a id="3" s="H" t="H" l="H"/>
		<a id="4" s="H" t="H" l="H"/>
		<a id="5" s="O" t="O.3" l="O"/>
		<a id="6" s="Si" t="Si" l="SI"/>
		<a id="7" s="C" t="C.3" l="C"/>
		<a id="8" s="H" t="H" l="H"/>
		<a id="9" s="H" t="H" l="H"/>
		<a id="10" s="H" t="H" l="H"/>
		<a id="11" s="C" t="C.3" l="C"/>
		<a id="12" s="H" t="H" l="H"/>
		<a id="13" s="H" t="H" l="H"/>
		<a id="14" s="H" t="H" l="H"/>
		<a id="15" s="C" t="C.3" l="C"/>
		<a id="16" s="C" t="C.3" l="C"/>
		<a id="17" s="H" t="H" l="H"/>
		<a id="18" s="H" t="H" l="H"/>
		<a id="19" s="H" t="H" l="H"/>
		<a id="20" s="C" t="C.3" l="C"/>
		<a id="21" s="H" t="H" l="H"/>
		<a id="22" s="H" t="H" l="H"/>
		<a id="23" s="H" t="H" l="H"/>
		<a id="24" s="C" t="C.3" l="C"/>
		<a id="25" s="H" t="H" l="H"/>
		<a id="26" s="H" t="H" l="H"/>
		<a id="27" s="H" t="H" l="H"/>
	</atoms>
	<bonds>
		<b id="1" c="1 2" t="1"/>
		<b id="2" c="3 2" t="1"/>
		<b id="3" c="4 2" t="1"/>
		<b id="4" c="2 5" t="1"/>
		<b id="5" c="5 6" t="1"/>
		<b id="6" c="8 7" t="1"/>
		<b id="7" c="9 7" t="1"/>
		<b id="8" c="7 10" t="1"/>
		<b id="9" c="7 6" t="1"/>
		<b id="10" c="12 11" t="1"/>
		<b id="11" c="13 11" t="1"/>
		<b id="12" c="11 14" t="1"/>
		<b id="13" c="11 6" t="1"/>
		<b id="14" c="6 15" t="1"/>
		<b id="15" c="17 16" t="1"/>
		<b id="16" c="18 16" t="1"/>
		<b id="17" c="16 19" t="1"/>
		<b id="18" c="16 15" t="1"/>
		<b id="19" c="21 20" t="1"/>
		<b id="20" c="22 20" t="1"/>
		<b id="21" c="20 23" t="1"/>
		<b id="22" c="20 15" t="1"/>
		<b id="23" c="15 24" t="1"/>
		<b id="24" c="25 24" t="1"/>
		<b id="25" c="26 24" t="1"/>
		<b id="26" c="24 27" t="1"/>
	</bonds>
	<geometry>
		<g u="A" t="cart/3d">#27,3:-2.5877,2.3399,-0.2244;-1.6250,2.4849,0.2780;-1.7365,3.3128,0.9850;-0.8559,2.7648,-0.4499;-1.2550,1.3276,1.0103;-0.9072,-0.0980,0.1993;-1.5995,-0.1581,-1.5446;-1.3537,-1.1083,-2.0274;-2.6891,-0.0602,-1.5267;-1.1943,0.6518,-2.1578;-1.5189,-1.5890,1.1678;-2.6071,-1.5509,1.2751;-1.0788,-1.6098,2.1687;-1.2597,-2.5202,0.6562;1.1601,-0.2780,0.0504;1.7588,-0.2713,1.4721;1.3947,-1.1160,2.0672;1.5062,0.6493,2.0104;2.8517,-0.3431,1.4330;1.7102,0.9171,-0.7539;1.4846,1.8702,-0.2631;1.2884,0.9527,-1.7643;2.7995,0.8485,-0.8537;1.5070,-1.5990,-0.6639;1.0893,-1.6324,-1.6761;1.1250,-2.4673,-0.1160;2.5930,-1.7178,-0.7520;</g>
	</geometry>
	<conformers/>
	<properties/>
</molecule>
