<?xml version="1.0" ?>
<!--MOLLI PACKAGE EXPERIMENTAL XML FORMAT-->
<molecule name="react_114_c2_frag_1">
	<atoms>
		<a id="1" s="H" t="H" l="H"/>
		<a id="2" s="C" t="C.3" l="C"/>
		<a id="3" s="H" t="H" l="H"/>
		<a id="4" s="H" t="H" l="H"/>
		<a id="5" s="C" t="C.3" l="C"/>
		<a id="6" s="H" t="H" l="H"/>
		<a id="7" s="H" t="H" l="H"/>
		<a id="8" s="C" t="C.3" l="C"/>
		<a id="9" s="H" t="H" l="H"/>
		<a id="10" s="H" t="H" l="H"/>
		<a id="11" s="C" t="C.3" l="C"/>
		<a id="12" s="C" t="C.3" l="C"/>
		<a id="13" s="H" t="H" l="H"/>
		<a id="14" s="H" t="H" l="H"/>
		<a id="15" s="H" t="H" l="H"/>
		<a id="16" s="O" t="O.3" l="O"/>
		<a id="17" s="C" t="C.3" l="C"/>
		<a id="18" s="H" t="H" l="H"/>
		<a id="19" s="H" t="H" l="H"/>
		<a id="20" s="C" t="C.3" l="C"/>
		<a id="21" s="H" t="H" l="H"/>
		<a id="22" s="H" t="H" l="H"/>
		<a id="23" s="O" t="O.3" l="O"/>
	</atoms>
	<bonds>
		<b id="1" c="1 2" t="1"/>
		<b id="2" c="3 2" t="1"/>
		<b id="3" c="4 2" t="1"/>
		<b id="4" c="2 5" t="1"/>
		<b id="5" c="6 5" t="1"/>
		<b id="6" c="7 5" t="1"/>
		<b id="7" c="5 8" t="1"/>
		<b id="8" c="9 8" t="1"/>
		<b id="9" c="10 8" t="1"/>
		<b id="10" c="8 11" t="1"/>
		<b id="11" c="13 12" t="1"/>
		<b id="12" c="14 12" t="1"/>
		<b id="13" c="12 15" t="1"/>
		<b id="14" c="12 11" t="1"/>
		<b id="15" c="11 16" t="1"/>
		<b id="16" c="16 17" t="1"/>
		<b id="17" c="18 17" t="1"/>
		<b id="18" c="19 17" t="1"/>
		<b id="19" c="17 20" t="1"/>
		<b id="20" c="21 20" t="1"/>
		<b id="21" c="22 20" t="1"/>
		<b id="22" c="20 23" t="1"/>
		<b id="23" c="23 11" t="1"/>
	</bonds>
	<geometry>
		<g u="A" t="cart/3d">#23,3:3.8943,-0.5222,0.9287;3.1954,0.0891,0.3493;3.2037,1.1013,0.7662;3.5608,0.1383,-0.6815;1.7988,-0.5124,0.4044;1.8437,-1.5347,0.0145;1.4799,-0.5743,1.4508;0.8022,0.3209,-0.4050;1.1227,0.3726,-1.4536;0.8318,1.3542,-0.0336;-0.6489,-0.1807,-0.3375;-0.8214,-1.5873,-0.9024;-0.3179,-2.3387,-0.2866;-1.8828,-1.8606,-0.9297;-0.4489,-1.6504,-1.9301;-1.0961,-0.1640,1.0291;-2.3567,0.5032,0.9941;-2.5596,0.9978,1.9471;-3.1334,-0.2447,0.8015;-2.2113,1.4598,-0.1563;-1.6171,2.3372,0.1211;-3.1671,1.7874,-0.5722;-1.4720,0.7085,-1.1183;</g>
	</geometry>
	<conformers/>
	<properties/>
</molecule>
