<?xml version="1.0" ?>
<!--MOLLI PACKAGE EXPERIMENTAL XML FORMAT-->
<molecule name="react_179_c2_frag_0">
	<atoms>
		<a id="1" s="H" t="H" l="H"/>
		<a id="2" s="C" t="C.3" l="C"/>
		<a id="3" s="H" t="H" l="H"/>
		<a id="4" s="H" t="H" l="H"/>
		<a id="5" s="Br" t="Br" l="BR"/>
	</atoms>
	<bonds>
		<b id="1" c="1 2" t="1"/>
		<b id="2" c="3 2" t="1"/>
		<b id="3" c="4 2" t="1"/>
		<b id="4" c="2 5" t="1"/>
	</bonds>
	<geometry>
		<g u="A" t="cart/3d">#5,3:-0.5630,-0.6054,-0.8155;-0.1836,-0.0003,0.0092;-0.5284,1.0313,-0.0759;-0.4738,-0.4282,0.9698;1.7488,0.0026,-0.0876;</g>
	</geometry>
	<conformers/>
	<properties/>
</molecule>
