<?xml version="1.0" ?>
<!--MOLLI PACKAGE EXPERIMENTAL XML FORMAT-->
<molecule name="react_182_c2_frag_0">
	<atoms>
		<a id="1" s="H" t="H" l="H"/>
		<a id="2" s="C" t="C.3" l="C"/>
		<a id="3" s="Cl" t="Cl" l="CL"/>
		<a id="4" s="Cl" t="Cl" l="CL"/>
		<a id="5" s="Cl" t="Cl" l="CL"/>
	</atoms>
	<bonds>
		<b id="1" c="1 2" t="1"/>
		<b id="2" c="3 2" t="1"/>
		<b id="3" c="4 2" t="1"/>
		<b id="4" c="2 5" t="1"/>
	</bonds>
	<geometry>
		<g u="A" t="cart/3d">#5,3:0.0183,0.0059,1.2087;0.0018,0.0006,0.1158;1.6324,-0.3776,-0.4645;-1.1512,-1.2341,-0.4182;-0.5012,1.6052,-0.4418;</g>
	</geometry>
	<conformers/>
	<properties/>
</molecule>
