<?xml version="1.0" ?>
<!--MOLLI PACKAGE EXPERIMENTAL XML FORMAT-->
<molecule name="react_185_c2_frag_0">
	<atoms>
		<a id="1" s="H" t="H" l="H"/>
		<a id="2" s="C" t="C.3" l="C"/>
		<a id="3" s="H" t="H" l="H"/>
		<a id="4" s="H" t="H" l="H"/>
		<a id="5" s="C" t="C.3" l="C"/>
		<a id="6" s="H" t="H" l="H"/>
		<a id="7" s="H" t="H" l="H"/>
		<a id="8" s="H" t="H" l="H"/>
	</atoms>
	<bonds>
		<b id="1" c="1 2" t="1"/>
		<b id="2" c="3 2" t="1"/>
		<b id="3" c="4 2" t="1"/>
		<b id="4" c="2 5" t="1"/>
		<b id="5" c="6 5" t="1"/>
		<b id="6" c="7 5" t="1"/>
		<b id="7" c="5 8" t="1"/>
	</bonds>
	<geometry>
		<g u="A" t="cart/3d">#8,3:-1.1403,-0.8980,-0.4931;-0.7553,0.0154,-0.0299;-1.0993,0.8713,-0.6182;-1.1782,0.0963,0.9758;0.7553,-0.0154,0.0299;1.1782,-0.0963,-0.9758;1.1403,0.8980,0.4931;1.0993,-0.8713,0.6182;</g>
	</geometry>
	<conformers/>
	<properties/>
</molecule>
