<?xml version="1.0" ?>
<!--MOLLI PACKAGE EXPERIMENTAL XML FORMAT-->
<molecule name="react_186_c2_frag_0">
	<atoms>
		<a id="1" s="H" t="H" l="H"/>
		<a id="2" s="Si" t="Si" l="SI"/>
		<a id="3" s="C" t="C.3" l="C"/>
		<a id="4" s="H" t="H" l="H"/>
		<a id="5" s="H" t="H" l="H"/>
		<a id="6" s="H" t="H" l="H"/>
		<a id="7" s="C" t="C.3" l="C"/>
		<a id="8" s="H" t="H" l="H"/>
		<a id="9" s="H" t="H" l="H"/>
		<a id="10" s="H" t="H" l="H"/>
		<a id="11" s="C" t="C.3" l="C"/>
		<a id="12" s="H" t="H" l="H"/>
		<a id="13" s="H" t="H" l="H"/>
		<a id="14" s="H" t="H" l="H"/>
	</atoms>
	<bonds>
		<b id="1" c="1 2" t="1"/>
		<b id="2" c="4 3" t="1"/>
		<b id="3" c="5 3" t="1"/>
		<b id="4" c="3 6" t="1"/>
		<b id="5" c="3 2" t="1"/>
		<b id="6" c="8 7" t="1"/>
		<b id="7" c="9 7" t="1"/>
		<b id="8" c="7 10" t="1"/>
		<b id="9" c="7 2" t="1"/>
		<b id="10" c="2 11" t="1"/>
		<b id="11" c="12 11" t="1"/>
		<b id="12" c="13 11" t="1"/>
		<b id="13" c="11 14" t="1"/>
	</bonds>
	<geometry>
		<g u="A" t="cart/3d">#14,3:-0.0666,0.0165,-1.9556;-0.0161,0.0040,-0.4717;1.7491,-0.2695,0.0491;1.8378,-0.2866,1.1396;2.3960,0.5274,-0.3299;2.1267,-1.2216,-0.3355;-1.1017,-1.3791,0.1368;-2.1360,-1.2365,-0.1904;-0.7568,-2.3440,-0.2468;-1.0972,-1.4290,1.2299;-0.6360,1.6457,0.1465;-0.0165,2.4646,-0.2313;-1.6650,1.8230,-0.1806;-0.6177,1.6851,1.2399;</g>
	</geometry>
	<conformers/>
	<properties/>
</molecule>
