<?xml version="1.0" ?>
<!--MOLLI PACKAGE EXPERIMENTAL XML FORMAT-->
<molecule name="react_187_c2_frag_0">
	<atoms>
		<a id="1" s="H" t="H" l="H"/>
		<a id="2" s="C" t="C.3" l="C"/>
		<a id="3" s="H" t="H" l="H"/>
		<a id="4" s="H" t="H" l="H"/>
		<a id="5" s="C" t="C.3" l="C"/>
		<a id="6" s="H" t="H" l="H"/>
		<a id="7" s="H" t="H" l="H"/>
		<a id="8" s="C" t="C.3" l="C"/>
		<a id="9" s="H" t="H" l="H"/>
		<a id="10" s="H" t="H" l="H"/>
		<a id="11" s="C" t="C.3" l="C"/>
		<a id="12" s="H" t="H" l="H"/>
		<a id="13" s="H" t="H" l="H"/>
		<a id="14" s="N" t="N.2" l="N"/>
		<a id="15" s="N" t="N.2" l="N"/>
		<a id="16" s="N" t="N.2" l="N"/>
	</atoms>
	<bonds>
		<b id="1" c="1 2" t="1"/>
		<b id="2" c="3 2" t="1"/>
		<b id="3" c="4 2" t="1"/>
		<b id="4" c="2 5" t="1"/>
		<b id="5" c="6 5" t="1"/>
		<b id="6" c="7 5" t="1"/>
		<b id="7" c="5 8" t="1"/>
		<b id="8" c="9 8" t="1"/>
		<b id="9" c="10 8" t="1"/>
		<b id="10" c="8 11" t="1"/>
		<b id="11" c="12 11" t="1"/>
		<b id="12" c="13 11" t="1"/>
		<b id="13" c="11 14" t="1"/>
		<b id="14" c="14 15" t="2"/>
		<b id="15" c="15 16" t="2"/>
	</bonds>
	<geometry>
		<g u="A" t="cart/3d">#16,3:-2.0859,-1.6928,-0.0233;-2.2649,-0.6953,-0.4373;-2.2451,-0.7676,-1.5294;-3.2679,-0.3775,-0.1360;-1.2261,0.2963,0.0620;-1.4525,1.2890,-0.3440;-1.2939,0.3688,1.1537;0.1865,-0.1208,-0.3436;0.2516,-0.1996,-1.4360;0.4072,-1.1182,0.0567;1.2276,0.8768,0.1590;1.1849,0.9690,1.2517;1.0223,1.8697,-0.2565;2.5616,0.4593,-0.2891;3.2046,-0.2524,0.5032;3.7902,-0.9047,1.2313;</g>
	</geometry>
	<conformers/>
	<properties/>
</molecule>
