<?xml version="1.0" ?>
<!--MOLLI PACKAGE EXPERIMENTAL XML FORMAT-->
<molecule name="react_189_c2_frag_0">
	<atoms>
		<a id="1" s="H" t="H" l="H"/>
		<a id="2" s="C" t="C.3" l="C"/>
		<a id="3" s="H" t="H" l="H"/>
		<a id="4" s="C" t="C.3" l="C"/>
		<a id="5" s="H" t="H" l="H"/>
		<a id="6" s="H" t="H" l="H"/>
		<a id="7" s="C" t="C.3" l="C"/>
		<a id="8" s="H" t="H" l="H"/>
		<a id="9" s="H" t="H" l="H"/>
		<a id="10" s="C" t="C.3" l="C"/>
		<a id="11" s="H" t="H" l="H"/>
		<a id="12" s="H" t="H" l="H"/>
		<a id="13" s="C" t="C.3" l="C"/>
		<a id="14" s="H" t="H" l="H"/>
		<a id="15" s="H" t="H" l="H"/>
	</atoms>
	<bonds>
		<b id="1" c="1 2" t="1"/>
		<b id="2" c="3 2" t="1"/>
		<b id="3" c="2 4" t="1"/>
		<b id="4" c="5 4" t="1"/>
		<b id="5" c="6 4" t="1"/>
		<b id="6" c="4 7" t="1"/>
		<b id="7" c="8 7" t="1"/>
		<b id="8" c="9 7" t="1"/>
		<b id="9" c="7 10" t="1"/>
		<b id="10" c="11 10" t="1"/>
		<b id="11" c="12 10" t="1"/>
		<b id="12" c="10 13" t="1"/>
		<b id="13" c="14 13" t="1"/>
		<b id="14" c="13 15" t="1"/>
		<b id="15" c="13 2" t="1"/>
	</bonds>
	<geometry>
		<g u="A" t="cart/3d">#15,3:-1.4365,-1.2267,-0.9657;-1.0191,-0.7728,-0.0604;-1.6345,-1.1023,0.7838;0.4360,-1.1903,0.1463;0.7133,-2.0462,-0.4764;0.5909,-1.4773,1.1932;1.2598,0.0462,-0.1790;2.2289,0.0455,0.3279;1.4368,0.1093,-1.2592;0.3672,1.1877,0.2754;0.3940,1.2791,1.3677;0.6632,2.1478,-0.1565;-1.0163,0.7502,-0.1806;-1.1722,1.0365,-1.2277;-1.8114,1.2135,0.4113;</g>
	</geometry>
	<conformers/>
	<properties/>
</molecule>
