<?xml version="1.0" ?>
<!--MOLLI PACKAGE EXPERIMENTAL XML FORMAT-->
<molecule name="react_192_c2_frag_0">
	<atoms>
		<a id="1" s="H" t="H" l="H"/>
		<a id="2" s="Si" t="Si" l="SI"/>
		<a id="3" s="C" t="C.3" l="C"/>
		<a id="4" s="H" t="H" l="H"/>
		<a id="5" s="H" t="H" l="H"/>
		<a id="6" s="C" t="C.3" l="C"/>
		<a id="7" s="H" t="H" l="H"/>
		<a id="8" s="H" t="H" l="H"/>
		<a id="9" s="H" t="H" l="H"/>
		<a id="10" s="C" t="C.3" l="C"/>
		<a id="11" s="H" t="H" l="H"/>
		<a id="12" s="H" t="H" l="H"/>
		<a id="13" s="C" t="C.3" l="C"/>
		<a id="14" s="H" t="H" l="H"/>
		<a id="15" s="H" t="H" l="H"/>
		<a id="16" s="H" t="H" l="H"/>
		<a id="17" s="C" t="C.3" l="C"/>
		<a id="18" s="H" t="H" l="H"/>
		<a id="19" s="H" t="H" l="H"/>
		<a id="20" s="C" t="C.3" l="C"/>
		<a id="21" s="H" t="H" l="H"/>
		<a id="22" s="H" t="H" l="H"/>
		<a id="23" s="H" t="H" l="H"/>
	</atoms>
	<bonds>
		<b id="1" c="1 2" t="1"/>
		<b id="2" c="4 3" t="1"/>
		<b id="3" c="5 3" t="1"/>
		<b id="4" c="3 6" t="1"/>
		<b id="5" c="7 6" t="1"/>
		<b id="6" c="8 6" t="1"/>
		<b id="7" c="6 9" t="1"/>
		<b id="8" c="3 2" t="1"/>
		<b id="9" c="11 10" t="1"/>
		<b id="10" c="12 10" t="1"/>
		<b id="11" c="10 13" t="1"/>
		<b id="12" c="14 13" t="1"/>
		<b id="13" c="15 13" t="1"/>
		<b id="14" c="13 16" t="1"/>
		<b id="15" c="10 2" t="1"/>
		<b id="16" c="2 17" t="1"/>
		<b id="17" c="18 17" t="1"/>
		<b id="18" c="19 17" t="1"/>
		<b id="19" c="17 20" t="1"/>
		<b id="20" c="21 20" t="1"/>
		<b id="21" c="22 20" t="1"/>
		<b id="22" c="20 23" t="1"/>
	</bonds>
	<geometry>
		<g u="A" t="cart/3d">#23,3:0.6350,1.1670,-1.6920;0.0462,0.3700,-0.5859;-1.2152,1.4438,0.3190;-2.0405,1.6542,-0.3708;-1.6344,0.8631,1.1484;-0.6815,2.7631,0.8604;-0.2776,3.3905,0.0583;-1.4853,3.3210,1.3518;0.1133,2.6020,1.5966;-0.8038,-1.1402,-1.3325;-1.5756,-0.7885,-2.0266;-0.0675,-1.6878,-1.9317;-1.4392,-2.1002,-0.3360;-1.9057,-2.9374,-0.8656;-0.6951,-2.5126,0.3538;-2.2145,-1.6056,0.2588;1.4299,-0.1490,0.5858;0.9861,-0.6868,1.4312;1.8909,0.7573,0.9945;2.5206,-1.0137,-0.0319;2.1172,-1.9604,-0.4071;3.2841,-1.2485,0.7170;3.0128,-0.5015,-0.8658;</g>
	</geometry>
	<conformers/>
	<properties/>
</molecule>
