<?xml version="1.0" ?>
<!--MOLLI PACKAGE EXPERIMENTAL XML FORMAT-->
<molecule name="react_200_c2_frag_0">
	<atoms>
		<a id="1" s="H" t="H" l="H"/>
		<a id="2" s="C" t="C.1" l="C"/>
		<a id="3" s="C" t="C.1" l="C"/>
		<a id="4" s="C" t="C.3" l="C"/>
		<a id="5" s="H" t="H" l="H"/>
		<a id="6" s="C" t="C.3" l="C"/>
		<a id="7" s="H" t="H" l="H"/>
		<a id="8" s="H" t="H" l="H"/>
		<a id="9" s="C" t="C.3" l="C"/>
		<a id="10" s="H" t="H" l="H"/>
		<a id="11" s="H" t="H" l="H"/>
		<a id="12" s="C" t="C.3" l="C"/>
		<a id="13" s="H" t="H" l="H"/>
		<a id="14" s="H" t="H" l="H"/>
		<a id="15" s="C" t="C.3" l="C"/>
		<a id="16" s="H" t="H" l="H"/>
		<a id="17" s="H" t="H" l="H"/>
		<a id="18" s="C" t="C.3" l="C"/>
		<a id="19" s="H" t="H" l="H"/>
		<a id="20" s="H" t="H" l="H"/>
	</atoms>
	<bonds>
		<b id="1" c="1 2" t="1"/>
		<b id="2" c="2 3" t="3"/>
		<b id="3" c="3 4" t="1"/>
		<b id="4" c="5 4" t="1"/>
		<b id="5" c="4 6" t="1"/>
		<b id="6" c="7 6" t="1"/>
		<b id="7" c="8 6" t="1"/>
		<b id="8" c="6 9" t="1"/>
		<b id="9" c="10 9" t="1"/>
		<b id="10" c="11 9" t="1"/>
		<b id="11" c="9 12" t="1"/>
		<b id="12" c="13 12" t="1"/>
		<b id="13" c="14 12" t="1"/>
		<b id="14" c="12 15" t="1"/>
		<b id="15" c="16 15" t="1"/>
		<b id="16" c="17 15" t="1"/>
		<b id="17" c="15 18" t="1"/>
		<b id="18" c="19 18" t="1"/>
		<b id="19" c="18 20" t="1"/>
		<b id="20" c="18 4" t="1"/>
	</bonds>
	<geometry>
		<g u="A" t="cart/3d">#20,3:4.6067,-0.2480,-0.1114;3.5588,-0.1937,0.0746;2.3778,-0.1325,0.2840;0.9277,-0.0562,0.5461;0.7846,-0.0059,1.6343;0.3282,1.2113,-0.0680;0.4418,1.1799,-1.1604;0.8710,2.1048,0.2655;-1.1556,1.3649,0.2771;-1.6450,1.9313,-0.5246;-1.2645,1.9683,1.1865;-1.8773,0.0326,0.4848;-1.8364,-0.2417,1.5466;-2.9379,0.1459,0.2334;-1.2541,-1.0827,-0.3423;-1.3247,-0.8226,-1.4061;-1.8176,-2.0134,-0.2112;0.2144,-1.3163,0.0243;0.7260,-1.7311,-0.8542;0.2762,-2.0947,0.7965;</g>
	</geometry>
	<conformers/>
	<properties/>
</molecule>
