<?xml version="1.0" ?>
<!--MOLLI PACKAGE EXPERIMENTAL XML FORMAT-->
<molecule name="react_201_c2_frag_0">
	<atoms>
		<a id="1" s="H" t="H" l="H"/>
		<a id="2" s="C" t="C.1" l="C"/>
		<a id="3" s="C" t="C.1" l="C"/>
		<a id="4" s="C" t="C.3" l="C"/>
		<a id="5" s="H" t="H" l="H"/>
		<a id="6" s="H" t="H" l="H"/>
		<a id="7" s="C" t="C.3" l="C"/>
		<a id="8" s="H" t="H" l="H"/>
		<a id="9" s="H" t="H" l="H"/>
		<a id="10" s="C" t="C.3" l="C"/>
		<a id="11" s="H" t="H" l="H"/>
		<a id="12" s="H" t="H" l="H"/>
		<a id="13" s="C" t="C.3" l="C"/>
		<a id="14" s="H" t="H" l="H"/>
		<a id="15" s="H" t="H" l="H"/>
		<a id="16" s="C" t="C.3" l="C"/>
		<a id="17" s="H" t="H" l="H"/>
		<a id="18" s="H" t="H" l="H"/>
		<a id="19" s="C" t="C.3" l="C"/>
		<a id="20" s="H" t="H" l="H"/>
		<a id="21" s="H" t="H" l="H"/>
		<a id="22" s="H" t="H" l="H"/>
	</atoms>
	<bonds>
		<b id="1" c="1 2" t="1"/>
		<b id="2" c="2 3" t="3"/>
		<b id="3" c="3 4" t="1"/>
		<b id="4" c="5 4" t="1"/>
		<b id="5" c="6 4" t="1"/>
		<b id="6" c="4 7" t="1"/>
		<b id="7" c="8 7" t="1"/>
		<b id="8" c="9 7" t="1"/>
		<b id="9" c="7 10" t="1"/>
		<b id="10" c="11 10" t="1"/>
		<b id="11" c="12 10" t="1"/>
		<b id="12" c="10 13" t="1"/>
		<b id="13" c="14 13" t="1"/>
		<b id="14" c="15 13" t="1"/>
		<b id="15" c="13 16" t="1"/>
		<b id="16" c="17 16" t="1"/>
		<b id="17" c="18 16" t="1"/>
		<b id="18" c="16 19" t="1"/>
		<b id="19" c="20 19" t="1"/>
		<b id="20" c="21 19" t="1"/>
		<b id="21" c="19 22" t="1"/>
	</bonds>
	<geometry>
		<g u="A" t="cart/3d">#22,3:2.0025,3.2864,1.3558;2.1495,2.2747,1.0552;2.3140,1.1344,0.7162;2.5273,-0.2605,0.3022;3.5083,-0.5776,0.6773;2.5713,-0.3329,-0.7902;1.4665,-1.2116,0.8609;1.9085,-2.2159,0.8979;1.2099,-0.9478,1.8946;0.1891,-1.3210,0.0180;-0.4196,-2.1320,0.4380;0.4497,-1.6249,-1.0033;-0.6503,-0.0440,-0.0259;-0.8333,0.3146,0.9940;-0.1069,0.7419,-0.5610;-1.9870,-0.2839,-0.7303;-1.8108,-0.6446,-1.7503;-2.5519,-1.0619,-0.2036;-2.8221,0.9854,-0.7867;-3.7729,0.7913,-1.2931;-2.2995,1.7748,-1.3363;-3.0424,1.3551,0.2198;</g>
	</geometry>
	<conformers/>
	<properties/>
</molecule>
