<?xml version="1.0" ?>
<!--MOLLI PACKAGE EXPERIMENTAL XML FORMAT-->
<molecule name="react_212_c2_frag_0">
	<atoms>
		<a id="1" s="H" t="H" l="H"/>
		<a id="2" s="C" t="C.3" l="C"/>
		<a id="3" s="H" t="H" l="H"/>
		<a id="4" s="C" t="C.3" l="C"/>
		<a id="5" s="H" t="H" l="H"/>
		<a id="6" s="H" t="H" l="H"/>
		<a id="7" s="C" t="C.3" l="C"/>
		<a id="8" s="H" t="H" l="H"/>
		<a id="9" s="H" t="H" l="H"/>
		<a id="10" s="C" t="C.3" l="C"/>
		<a id="11" s="H" t="H" l="H"/>
		<a id="12" s="H" t="H" l="H"/>
		<a id="13" s="C" t="C.3" l="C"/>
		<a id="14" s="H" t="H" l="H"/>
		<a id="15" s="H" t="H" l="H"/>
		<a id="16" s="C" t="C.3" l="C"/>
		<a id="17" s="H" t="H" l="H"/>
		<a id="18" s="H" t="H" l="H"/>
		<a id="19" s="C" t="C.3" l="C"/>
		<a id="20" s="H" t="H" l="H"/>
		<a id="21" s="H" t="H" l="H"/>
		<a id="22" s="C" t="C.3" l="C"/>
		<a id="23" s="H" t="H" l="H"/>
		<a id="24" s="H" t="H" l="H"/>
	</atoms>
	<bonds>
		<b id="1" c="1 2" t="1"/>
		<b id="2" c="3 2" t="1"/>
		<b id="3" c="2 4" t="1"/>
		<b id="4" c="5 4" t="1"/>
		<b id="5" c="6 4" t="1"/>
		<b id="6" c="4 7" t="1"/>
		<b id="7" c="8 7" t="1"/>
		<b id="8" c="9 7" t="1"/>
		<b id="9" c="7 10" t="1"/>
		<b id="10" c="11 10" t="1"/>
		<b id="11" c="12 10" t="1"/>
		<b id="12" c="10 13" t="1"/>
		<b id="13" c="14 13" t="1"/>
		<b id="14" c="15 13" t="1"/>
		<b id="15" c="13 16" t="1"/>
		<b id="16" c="17 16" t="1"/>
		<b id="17" c="18 16" t="1"/>
		<b id="18" c="16 19" t="1"/>
		<b id="19" c="20 19" t="1"/>
		<b id="20" c="21 19" t="1"/>
		<b id="21" c="19 22" t="1"/>
		<b id="22" c="23 22" t="1"/>
		<b id="23" c="22 24" t="1"/>
		<b id="24" c="22 2" t="1"/>
	</bonds>
	<geometry>
		<g u="A" t="cart/3d">#24,3:0.1924,-0.8182,1.6832;-0.0009,-1.4710,0.8260;0.0803,-2.4911,1.2243;-1.4399,-1.2847,0.3483;-2.0874,-1.2262,1.2326;-1.7490,-2.1922,-0.1866;-1.7326,-0.0899,-0.5605;-2.8248,-0.0418,-0.6686;-1.3546,-0.2731,-1.5726;-1.2550,1.2677,-0.0502;-1.3246,1.3276,1.0419;-1.9634,2.0133,-0.4366;0.1324,1.6933,-0.5475;0.2879,1.4068,-1.5939;0.1416,2.7919,-0.5334;1.2972,1.2383,0.3287;2.0795,2.0075,0.2718;0.9974,1.2152,1.3824;1.9578,-0.0814,-0.0725;2.7038,-0.3260,0.6950;2.5250,0.0719,-0.9995;1.0490,-1.2937,-0.2679;1.6921,-2.1838,-0.2806;0.5956,-1.2602,-1.2637;</g>
	</geometry>
	<conformers/>
	<properties/>
</molecule>
