<?xml version="1.0" ?>
<!--MOLLI PACKAGE EXPERIMENTAL XML FORMAT-->
<molecule name="react_217_c2_frag_0">
	<atoms>
		<a id="1" s="H" t="H" l="H"/>
		<a id="2" s="Si" t="Si" l="SI"/>
		<a id="3" s="C" t="C.3" l="C"/>
		<a id="4" s="H" t="H" l="H"/>
		<a id="5" s="C" t="C.3" l="C"/>
		<a id="6" s="H" t="H" l="H"/>
		<a id="7" s="H" t="H" l="H"/>
		<a id="8" s="H" t="H" l="H"/>
		<a id="9" s="C" t="C.3" l="C"/>
		<a id="10" s="H" t="H" l="H"/>
		<a id="11" s="H" t="H" l="H"/>
		<a id="12" s="H" t="H" l="H"/>
		<a id="13" s="C" t="C.3" l="C"/>
		<a id="14" s="H" t="H" l="H"/>
		<a id="15" s="C" t="C.3" l="C"/>
		<a id="16" s="H" t="H" l="H"/>
		<a id="17" s="H" t="H" l="H"/>
		<a id="18" s="H" t="H" l="H"/>
		<a id="19" s="C" t="C.3" l="C"/>
		<a id="20" s="H" t="H" l="H"/>
		<a id="21" s="H" t="H" l="H"/>
		<a id="22" s="H" t="H" l="H"/>
		<a id="23" s="C" t="C.3" l="C"/>
		<a id="24" s="H" t="H" l="H"/>
		<a id="25" s="C" t="C.3" l="C"/>
		<a id="26" s="H" t="H" l="H"/>
		<a id="27" s="H" t="H" l="H"/>
		<a id="28" s="H" t="H" l="H"/>
		<a id="29" s="C" t="C.3" l="C"/>
		<a id="30" s="H" t="H" l="H"/>
		<a id="31" s="H" t="H" l="H"/>
		<a id="32" s="H" t="H" l="H"/>
	</atoms>
	<bonds>
		<b id="1" c="1 2" t="1"/>
		<b id="2" c="4 3" t="1"/>
		<b id="3" c="6 5" t="1"/>
		<b id="4" c="7 5" t="1"/>
		<b id="5" c="5 8" t="1"/>
		<b id="6" c="5 3" t="1"/>
		<b id="7" c="3 9" t="1"/>
		<b id="8" c="10 9" t="1"/>
		<b id="9" c="11 9" t="1"/>
		<b id="10" c="9 12" t="1"/>
		<b id="11" c="3 2" t="1"/>
		<b id="12" c="14 13" t="1"/>
		<b id="13" c="16 15" t="1"/>
		<b id="14" c="17 15" t="1"/>
		<b id="15" c="15 18" t="1"/>
		<b id="16" c="15 13" t="1"/>
		<b id="17" c="13 19" t="1"/>
		<b id="18" c="20 19" t="1"/>
		<b id="19" c="21 19" t="1"/>
		<b id="20" c="19 22" t="1"/>
		<b id="21" c="13 2" t="1"/>
		<b id="22" c="2 23" t="1"/>
		<b id="23" c="24 23" t="1"/>
		<b id="24" c="26 25" t="1"/>
		<b id="25" c="27 25" t="1"/>
		<b id="26" c="25 28" t="1"/>
		<b id="27" c="25 23" t="1"/>
		<b id="28" c="23 29" t="1"/>
		<b id="29" c="30 29" t="1"/>
		<b id="30" c="31 29" t="1"/>
		<b id="31" c="29 32" t="1"/>
	</bonds>
	<geometry>
		<g u="A" t="cart/3d">#32,3:0.4055,0.7201,1.6798;0.2317,0.0550,0.3627;-0.9588,1.1194,-0.7120;-1.0575,0.5935,-1.6697;-0.4142,2.5249,-1.0043;-0.2400,3.0903,-0.0817;-1.1203,3.0945,-1.6190;0.5289,2.4843,-1.5571;-2.3628,1.2533,-0.1051;-2.8497,0.2795,0.0019;-2.3319,1.7252,0.8836;-3.0069,1.8633,-0.7484;1.9858,-0.1181,-0.4380;2.4184,-1.0128,0.0281;2.9151,1.0551,-0.0992;3.9240,0.8698,-0.4843;2.9980,1.1968,0.9843;2.5619,1.9961,-0.5325;1.9617,-0.3524,-1.9517;2.9761,-0.5192,-2.3308;1.5435,0.5044,-2.4902;1.3674,-1.2332,-2.2131;-0.4679,-1.7194,0.6942;0.4118,-2.3223,0.9540;-1.4163,-1.7715,1.8995;-0.9373,-1.3713,2.8002;-1.7080,-2.8055,2.1146;-2.3319,-1.1975,1.7257;-1.1285,-2.3690,-0.5258;-2.0219,-1.8223,-0.8450;-0.4432,-2.4148,-1.3776;-1.4327,-3.3963,-0.2964;</g>
	</geometry>
	<conformers/>
	<properties/>
</molecule>
