<?xml version="1.0" ?>
<!--MOLLI PACKAGE EXPERIMENTAL XML FORMAT-->
<molecule name="react_223_c2_frag_0">
	<atoms>
		<a id="1" s="H" t="H" l="H"/>
		<a id="2" s="C" t="C.3" l="C"/>
		<a id="3" s="H" t="H" l="H"/>
		<a id="4" s="H" t="H" l="H"/>
		<a id="5" s="Si" t="Si" l="SI"/>
		<a id="6" s="C" t="C.3" l="C"/>
		<a id="7" s="H" t="H" l="H"/>
		<a id="8" s="C" t="C.3" l="C"/>
		<a id="9" s="H" t="H" l="H"/>
		<a id="10" s="H" t="H" l="H"/>
		<a id="11" s="H" t="H" l="H"/>
		<a id="12" s="C" t="C.3" l="C"/>
		<a id="13" s="H" t="H" l="H"/>
		<a id="14" s="H" t="H" l="H"/>
		<a id="15" s="H" t="H" l="H"/>
		<a id="16" s="C" t="C.3" l="C"/>
		<a id="17" s="H" t="H" l="H"/>
		<a id="18" s="C" t="C.3" l="C"/>
		<a id="19" s="H" t="H" l="H"/>
		<a id="20" s="H" t="H" l="H"/>
		<a id="21" s="H" t="H" l="H"/>
		<a id="22" s="C" t="C.3" l="C"/>
		<a id="23" s="H" t="H" l="H"/>
		<a id="24" s="H" t="H" l="H"/>
		<a id="25" s="H" t="H" l="H"/>
		<a id="26" s="C" t="C.3" l="C"/>
		<a id="27" s="H" t="H" l="H"/>
		<a id="28" s="C" t="C.3" l="C"/>
		<a id="29" s="H" t="H" l="H"/>
		<a id="30" s="H" t="H" l="H"/>
		<a id="31" s="H" t="H" l="H"/>
		<a id="32" s="C" t="C.3" l="C"/>
		<a id="33" s="H" t="H" l="H"/>
		<a id="34" s="H" t="H" l="H"/>
		<a id="35" s="H" t="H" l="H"/>
	</atoms>
	<bonds>
		<b id="1" c="1 2" t="1"/>
		<b id="2" c="3 2" t="1"/>
		<b id="3" c="4 2" t="1"/>
		<b id="4" c="2 5" t="1"/>
		<b id="5" c="7 6" t="1"/>
		<b id="6" c="9 8" t="1"/>
		<b id="7" c="10 8" t="1"/>
		<b id="8" c="8 11" t="1"/>
		<b id="9" c="8 6" t="1"/>
		<b id="10" c="6 12" t="1"/>
		<b id="11" c="13 12" t="1"/>
		<b id="12" c="14 12" t="1"/>
		<b id="13" c="12 15" t="1"/>
		<b id="14" c="6 5" t="1"/>
		<b id="15" c="17 16" t="1"/>
		<b id="16" c="19 18" t="1"/>
		<b id="17" c="20 18" t="1"/>
		<b id="18" c="18 21" t="1"/>
		<b id="19" c="18 16" t="1"/>
		<b id="20" c="16 22" t="1"/>
		<b id="21" c="23 22" t="1"/>
		<b id="22" c="24 22" t="1"/>
		<b id="23" c="22 25" t="1"/>
		<b id="24" c="16 5" t="1"/>
		<b id="25" c="5 26" t="1"/>
		<b id="26" c="27 26" t="1"/>
		<b id="27" c="29 28" t="1"/>
		<b id="28" c="30 28" t="1"/>
		<b id="29" c="28 31" t="1"/>
		<b id="30" c="28 26" t="1"/>
		<b id="31" c="26 32" t="1"/>
		<b id="32" c="33 32" t="1"/>
		<b id="33" c="34 32" t="1"/>
		<b id="34" c="32 35" t="1"/>
	</bonds>
	<geometry>
		<g u="A" t="cart/3d">#35,3:0.8279,-2.3794,1.2922;0.6127,-1.3970,1.7222;-0.1839,-1.5156,2.4624;1.5107,-1.0452,2.2384;0.1012,-0.1780,0.3837;1.5260,-0.0547,-0.9586;1.1387,0.6140,-1.7367;2.8102,0.5675,-0.3937;3.2302,-0.0390,0.4166;2.6298,1.5736,-0.0013;3.5721,0.6556,-1.1761;1.8523,-1.4066,-1.6053;0.9727,-1.8480,-2.0833;2.2306,-2.1255,-0.8701;2.6177,-1.2874,-2.3801;-0.1354,1.5913,1.2201;0.8447,1.8250,1.6538;-0.4886,2.6921,0.2159;-0.4848,3.6718,0.7065;-1.4857,2.5423,-0.2112;0.2307,2.7343,-0.6085;-1.1605,1.5698,2.3609;-2.1644,1.3228,1.9989;-1.2130,2.5496,2.8482;-0.8905,0.8364,3.1283;-1.5801,-0.7301,-0.4436;-2.3630,-0.3115,0.2002;-1.7694,-2.2528,-0.4617;-0.9960,-2.7527,-1.0541;-1.7388,-2.6706,0.5504;-2.7424,-2.5151,-0.8919;-1.7831,-0.1665,-1.8552;-2.7846,-0.4132,-2.2252;-1.6855,0.9228,-1.8774;-1.0585,-0.5798,-2.5647;</g>
	</geometry>
	<conformers/>
	<properties/>
</molecule>
