<?xml version="1.0" ?>
<!--MOLLI PACKAGE EXPERIMENTAL XML FORMAT-->
<molecule name="react_226_c2_frag_0">
	<atoms>
		<a id="1" s="H" t="H" l="H"/>
		<a id="2" s="C" t="C.3" l="C"/>
		<a id="3" s="C" t="C.3" l="C"/>
		<a id="4" s="H" t="H" l="H"/>
		<a id="5" s="H" t="H" l="H"/>
		<a id="6" s="C" t="C.3" l="C"/>
		<a id="7" s="H" t="H" l="H"/>
		<a id="8" s="C" t="C.3" l="C"/>
		<a id="9" s="H" t="H" l="H"/>
		<a id="10" s="H" t="H" l="H"/>
		<a id="11" s="C" t="C.3" l="C"/>
		<a id="12" s="H" t="H" l="H"/>
		<a id="13" s="C" t="C.3" l="C"/>
		<a id="14" s="H" t="H" l="H"/>
		<a id="15" s="H" t="H" l="H"/>
		<a id="16" s="C" t="C.3" l="C"/>
		<a id="17" s="H" t="H" l="H"/>
		<a id="18" s="H" t="H" l="H"/>
		<a id="19" s="C" t="C.3" l="C"/>
		<a id="20" s="H" t="H" l="H"/>
		<a id="21" s="C" t="C.3" l="C"/>
		<a id="22" s="H" t="H" l="H"/>
		<a id="23" s="H" t="H" l="H"/>
		<a id="24" s="C" t="C.3" l="C"/>
		<a id="25" s="H" t="H" l="H"/>
		<a id="26" s="H" t="H" l="H"/>
	</atoms>
	<bonds>
		<b id="1" c="1 2" t="1"/>
		<b id="2" c="2 3" t="1"/>
		<b id="3" c="4 3" t="1"/>
		<b id="4" c="5 3" t="1"/>
		<b id="5" c="3 6" t="1"/>
		<b id="6" c="6 7" t="1"/>
		<b id="7" c="6 8" t="1"/>
		<b id="8" c="9 8" t="1"/>
		<b id="9" c="10 8" t="1"/>
		<b id="10" c="8 11" t="1"/>
		<b id="11" c="11 12" t="1"/>
		<b id="12" c="14 13" t="1"/>
		<b id="13" c="13 15" t="1"/>
		<b id="14" c="13 11" t="1"/>
		<b id="15" c="11 16" t="1"/>
		<b id="16" c="17 16" t="1"/>
		<b id="17" c="18 16" t="1"/>
		<b id="18" c="16 19" t="1"/>
		<b id="19" c="19 20" t="1"/>
		<b id="20" c="22 21" t="1"/>
		<b id="21" c="21 23" t="1"/>
		<b id="22" c="21 19" t="1"/>
		<b id="23" c="19 24" t="1"/>
		<b id="24" c="25 24" t="1"/>
		<b id="25" c="24 26" t="1"/>
		<b id="26" c="13 2" t="1"/>
		<b id="27" c="21 2" t="1"/>
		<b id="28" c="24 6" t="1"/>
	</bonds>
	<geometry>
		<g u="A" t="cart/3d">#26,3:0.6572,-1.4966,-2.0735;0.3845,-0.8755,-1.2131;0.0405,-1.7730,-0.0113;0.8988,-2.4086,0.2391;-0.7879,-2.4439,-0.2700;-0.3437,-0.9076,1.2017;-0.5875,-1.5513,2.0541;-1.5624,-0.0411,0.8383;-2.4182,-0.6823,0.5941;-1.8577,0.5699,1.7001;-1.2276,0.8663,-0.3587;-2.0983,1.4807,-0.6131;-0.8383,-0.0092,-1.5629;-0.6125,0.6247,-2.4292;-1.6818,-0.6499,-1.8481;-0.0405,1.7730,0.0113;0.1989,2.4374,-0.8280;-0.3098,2.4150,0.8590;1.1868,0.9168,0.3700;2.0286,1.5672,0.6325;1.5624,0.0411,-0.8383;1.8292,0.6758,-1.6922;2.4467,-0.5634,-0.6020;0.8383,0.0092,1.5629;0.5840,0.6210,2.4371;1.7102,-0.5958,1.8402;</g>
	</geometry>
	<conformers/>
	<properties/>
</molecule>
