<?xml version="1.0" ?>
<!--MOLLI PACKAGE EXPERIMENTAL XML FORMAT-->
<molecule name="react_247_c2_frag_0">
	<atoms>
		<a id="1" s="H" t="H" l="H"/>
		<a id="2" s="C" t="C.3" l="C"/>
		<a id="3" s="H" t="H" l="H"/>
		<a id="4" s="H" t="H" l="H"/>
		<a id="5" s="C" t="C.1" l="C"/>
		<a id="6" s="C" t="C.1" l="C"/>
		<a id="7" s="C" t="C.3" l="C"/>
		<a id="8" s="H" t="H" l="H"/>
		<a id="9" s="H" t="H" l="H"/>
		<a id="10" s="C" t="C.3" l="C"/>
		<a id="11" s="H" t="H" l="H"/>
		<a id="12" s="H" t="H" l="H"/>
		<a id="13" s="C" t="C.3" l="C"/>
		<a id="14" s="H" t="H" l="H"/>
		<a id="15" s="H" t="H" l="H"/>
		<a id="16" s="C" t="C.3" l="C"/>
		<a id="17" s="H" t="H" l="H"/>
		<a id="18" s="H" t="H" l="H"/>
		<a id="19" s="C" t="C.3" l="C"/>
		<a id="20" s="H" t="H" l="H"/>
		<a id="21" s="H" t="H" l="H"/>
		<a id="22" s="C" t="C.3" l="C"/>
		<a id="23" s="H" t="H" l="H"/>
		<a id="24" s="H" t="H" l="H"/>
		<a id="25" s="C" t="C.3" l="C"/>
		<a id="26" s="H" t="H" l="H"/>
		<a id="27" s="H" t="H" l="H"/>
		<a id="28" s="C" t="C.3" l="C"/>
		<a id="29" s="H" t="H" l="H"/>
		<a id="30" s="H" t="H" l="H"/>
		<a id="31" s="C" t="C.3" l="C"/>
		<a id="32" s="H" t="H" l="H"/>
		<a id="33" s="H" t="H" l="H"/>
		<a id="34" s="C" t="C.3" l="C"/>
		<a id="35" s="H" t="H" l="H"/>
		<a id="36" s="H" t="H" l="H"/>
		<a id="37" s="C" t="C.3" l="C"/>
		<a id="38" s="H" t="H" l="H"/>
		<a id="39" s="H" t="H" l="H"/>
		<a id="40" s="C" t="C.3" l="C"/>
		<a id="41" s="H" t="H" l="H"/>
		<a id="42" s="H" t="H" l="H"/>
		<a id="43" s="C" t="C.3" l="C"/>
		<a id="44" s="H" t="H" l="H"/>
		<a id="45" s="H" t="H" l="H"/>
		<a id="46" s="H" t="H" l="H"/>
	</atoms>
	<bonds>
		<b id="1" c="1 2" t="1"/>
		<b id="2" c="3 2" t="1"/>
		<b id="3" c="4 2" t="1"/>
		<b id="4" c="2 5" t="1"/>
		<b id="5" c="5 6" t="3"/>
		<b id="6" c="6 7" t="1"/>
		<b id="7" c="8 7" t="1"/>
		<b id="8" c="9 7" t="1"/>
		<b id="9" c="7 10" t="1"/>
		<b id="10" c="11 10" t="1"/>
		<b id="11" c="12 10" t="1"/>
		<b id="12" c="10 13" t="1"/>
		<b id="13" c="14 13" t="1"/>
		<b id="14" c="15 13" t="1"/>
		<b id="15" c="13 16" t="1"/>
		<b id="16" c="17 16" t="1"/>
		<b id="17" c="18 16" t="1"/>
		<b id="18" c="16 19" t="1"/>
		<b id="19" c="20 19" t="1"/>
		<b id="20" c="21 19" t="1"/>
		<b id="21" c="19 22" t="1"/>
		<b id="22" c="23 22" t="1"/>
		<b id="23" c="24 22" t="1"/>
		<b id="24" c="22 25" t="1"/>
		<b id="25" c="26 25" t="1"/>
		<b id="26" c="27 25" t="1"/>
		<b id="27" c="25 28" t="1"/>
		<b id="28" c="29 28" t="1"/>
		<b id="29" c="30 28" t="1"/>
		<b id="30" c="28 31" t="1"/>
		<b id="31" c="32 31" t="1"/>
		<b id="32" c="33 31" t="1"/>
		<b id="33" c="31 34" t="1"/>
		<b id="34" c="35 34" t="1"/>
		<b id="35" c="36 34" t="1"/>
		<b id="36" c="34 37" t="1"/>
		<b id="37" c="38 37" t="1"/>
		<b id="38" c="39 37" t="1"/>
		<b id="39" c="37 40" t="1"/>
		<b id="40" c="41 40" t="1"/>
		<b id="41" c="42 40" t="1"/>
		<b id="42" c="40 43" t="1"/>
		<b id="43" c="44 43" t="1"/>
		<b id="44" c="45 43" t="1"/>
		<b id="45" c="43 46" t="1"/>
	</bonds>
	<geometry>
		<g u="A" t="cart/3d">#46,3:9.9580,-0.3610,-0.2544;9.3338,0.2732,-0.8911;9.5554,1.3176,-0.6518;9.6197,0.0953,-1.9322;7.9151,-0.0180,-0.6843;6.7503,-0.2569,-0.5138;5.3236,-0.5501,-0.3081;5.1386,-1.6128,-0.5027;4.7354,0.0199,-1.0351;4.8924,-0.2003,1.1168;5.0247,0.8748,1.2943;5.5510,-0.7129,1.8304;3.4477,-0.5994,1.4316;3.2711,-0.4256,2.5005;3.3180,-1.6751,1.2615;2.4109,0.1814,0.6211;2.5766,1.2576,0.7513;2.5244,-0.0390,-0.4461;0.9869,-0.1735,1.0555;0.8224,-1.2505,0.9291;0.8612,0.0501,2.1219;-0.0521,0.6026,0.2442;0.0721,0.3787,-0.8223;0.1139,1.6794,0.3703;-1.4760,0.2484,0.6793;-1.6016,0.4761,1.7446;-1.6295,-0.8295,0.5559;-2.5130,1.0228,-0.1370;-2.4262,0.7540,-1.1969;-2.2961,2.0959,-0.0654;-3.9537,0.7964,0.3324;-4.6002,1.4826,-0.2238;-4.0412,1.0760,1.3896;-4.4338,-0.6463,0.1442;-3.8594,-1.2908,0.8203;-4.2243,-0.9928,-0.8744;-5.9191,-0.8281,0.4795;-6.0389,-1.8117,0.9522;-6.2436,-0.0897,1.2223;-6.8535,-0.8013,-0.7337;-6.5720,-1.5964,-1.4344;-7.8687,-1.0337,-0.3896;-6.8881,0.5259,-1.4712;-7.6638,0.5055,-2.2437;-7.1128,1.3513,-0.7887;-5.9358,0.7296,-1.9692;</g>
	</geometry>
	<conformers/>
	<properties/>
</molecule>
