<?xml version="1.0" ?>
<!--MOLLI PACKAGE EXPERIMENTAL XML FORMAT-->
<molecule name="react_258_c1_frag_0">
	<atoms>
		<a id="1" s="H" t="H" l="H"/>
		<a id="2" s="C" t="C.3" l="C"/>
		<a id="3" s="O" t="O.3" l="O"/>
		<a id="4" s="H" t="H" l="H"/>
		<a id="5" s="C" t="C.3" l="C"/>
		<a id="6" s="H" t="H" l="H"/>
		<a id="7" s="H" t="H" l="H"/>
		<a id="8" s="H" t="H" l="H"/>
		<a id="9" s="C" t="C.3" l="C"/>
		<a id="10" s="H" t="H" l="H"/>
		<a id="11" s="H" t="H" l="H"/>
		<a id="12" s="H" t="H" l="H"/>
	</atoms>
	<bonds>
		<b id="1" c="1 2" t="1"/>
		<b id="2" c="3 4" t="1"/>
		<b id="3" c="3 2" t="1"/>
		<b id="4" c="6 5" t="1"/>
		<b id="5" c="7 5" t="1"/>
		<b id="6" c="5 8" t="1"/>
		<b id="7" c="5 2" t="1"/>
		<b id="8" c="2 9" t="1"/>
		<b id="9" c="10 9" t="1"/>
		<b id="10" c="11 9" t="1"/>
		<b id="11" c="9 12" t="1"/>
	</bonds>
	<geometry>
		<g u="A" t="cart/3d">#12,3:0.0504,0.2598,-1.4628;0.0665,0.2702,-0.3677;0.1381,1.6268,0.0591;-0.6531,2.0820,-0.2762;-1.2044,-0.3628,0.1780;-1.2309,-0.3099,1.2720;-1.2891,-1.4106,-0.1258;-2.0865,0.1766,-0.1836;1.3087,-0.4519,0.1290;1.3768,-0.4111,1.2218;1.3118,-1.5003,-0.1841;2.2118,0.0311,-0.2597;</g>
	</geometry>
	<conformers/>
	<properties/>
</molecule>
