<?xml version="1.0" ?>
<!--MOLLI PACKAGE EXPERIMENTAL XML FORMAT-->
<molecule name="react_259_c2_frag_0">
	<atoms>
		<a id="1" s="H" t="H" l="H"/>
		<a id="2" s="C" t="C.3" l="C"/>
		<a id="3" s="H" t="H" l="H"/>
		<a id="4" s="H" t="H" l="H"/>
		<a id="5" s="C" t="C.1" l="C"/>
		<a id="6" s="N" t="N.1" l="N"/>
	</atoms>
	<bonds>
		<b id="1" c="1 2" t="1"/>
		<b id="2" c="3 2" t="1"/>
		<b id="3" c="4 2" t="1"/>
		<b id="4" c="2 5" t="1"/>
		<b id="5" c="5 6" t="3"/>
	</bonds>
	<geometry>
		<g u="A" t="cart/3d">#6,3:-0.8812,-0.7599,-0.6764;-0.4863,0.0029,0.0011;-0.8739,-0.1997,1.0040;-0.8700,0.9754,-0.3214;0.9756,-0.0058,-0.0023;2.1358,-0.0128,-0.0050;</g>
	</geometry>
	<conformers/>
	<properties/>
</molecule>
