<?xml version="1.0" ?>
<!--MOLLI PACKAGE EXPERIMENTAL XML FORMAT-->
<molecule name="react_265_c1_frag_0">
	<atoms>
		<a id="1" s="H" t="H" l="H"/>
		<a id="2" s="C" t="C.3" l="C"/>
		<a id="3" s="H" t="H" l="H"/>
		<a id="4" s="H" t="H" l="H"/>
		<a id="5" s="C" t="C.3" l="C"/>
		<a id="6" s="H" t="H" l="H"/>
		<a id="7" s="C" t="C.3" l="C"/>
		<a id="8" s="H" t="H" l="H"/>
		<a id="9" s="H" t="H" l="H"/>
		<a id="10" s="H" t="H" l="H"/>
		<a id="11" s="C" t="C.3" l="C"/>
		<a id="12" s="H" t="H" l="H"/>
		<a id="13" s="H" t="H" l="H"/>
		<a id="14" s="H" t="H" l="H"/>
	</atoms>
	<bonds>
		<b id="1" c="1 2" t="1"/>
		<b id="2" c="3 2" t="1"/>
		<b id="3" c="4 2" t="1"/>
		<b id="4" c="2 5" t="1"/>
		<b id="5" c="6 5" t="1"/>
		<b id="6" c="8 7" t="1"/>
		<b id="7" c="9 7" t="1"/>
		<b id="8" c="7 10" t="1"/>
		<b id="9" c="7 5" t="1"/>
		<b id="10" c="5 11" t="1"/>
		<b id="11" c="12 11" t="1"/>
		<b id="12" c="13 11" t="1"/>
		<b id="13" c="11 14" t="1"/>
	</bonds>
	<geometry>
		<g u="A" t="cart/3d">#14,3:1.8108,0.0612,0.5854;1.3880,-0.0954,-0.4129;1.7470,-1.0608,-0.7850;1.7812,0.6847,-1.0732;-0.1383,-0.0603,-0.3817;-0.5080,-0.2215,-1.4018;-0.6344,1.3015,0.0994;-0.2919,1.5134,1.1180;-0.2693,2.1010,-0.5539;-1.7289,1.3399,0.0953;-0.6830,-1.1753,0.5083;-1.7781,-1.1712,0.5100;-0.3528,-2.1557,0.1490;-0.3423,-1.0616,1.5432;</g>
	</geometry>
	<conformers/>
	<properties/>
</molecule>
