,b1_0,b5_0,l_0,vol_0,espmin_0,espmax_0,b1_1,b5_1,l_1,vol_1,espmin_1,espmax_1,homo,lumo,nat_charge_1,nat_charge_2,pert_1,pert_2,pert_3,pi_orb,pi*_orb,disp_1_0,disp_2_0,disp_3_0,disp_4_0,disp_5_0,disp_6_0,disp_7_0,disp_8_0,disp_9_0,disp_10_0,disp_1_1,disp_2_1,disp_3_1,disp_4_1,disp_5_1,disp_6_1,disp_7_1,disp_8_1,disp_9_1,disp_10_1
react_12,1.6498665985279066,3.316701969809841,6.109719384471276,10.888256849311746,42.86830768045943,145.85068890799533,1.6647883237152823,1.6648539272409792,2.354534491914427,5.651611909435312,67.10147243311297,146.61560186638818,-6.5782,0.5745,-0.01235,-0.41745,5.60,5.48,4.31,-0.25386,0.06885,142.34765909090908,22.233272727272727,25.098409090909094,29.02299999999999,8.921045454545458,2.75675,0.17454545454545453,0.0,0.0,0.0,110.75445454545451,38.41554545454546,19.919431818181817,31.85879545454546,21.151181818181826,7.1285,1.2685454545454546,0.058227272727272725,0.0,0.0
react_101,1.6565242013584855,6.441369782555654,6.091844647742078,64.82189121990675,37.10324973756813,146.56614677837018,1.6647375893670218,1.6649027863951686,2.354478164915416,5.651586761689909,66.93469748451034,150.2527770824289,-6.8533,0.2511,-0.04429,-0.41426,7.22,5.65,5.49,-0.26367,0.06211,138.14195555555548,52.07430000000003,87.57413333333332,84.1814222222222,36.88377777777777,13.457277777777778,0.5407666666666665,0.0,0.0,0.0,107.27974444444445,34.0243,97.06954444444442,73.2272111111111,60.93786666666668,34.50464444444446,5.611188888888888,0.19913333333333333,0.0,0.0
react_105,1.6591952482084005,2.907427256007264,2.9071602337897966,12.20407341049654,51.06209973299217,156.41318305904775,1.6647606590338189,1.6648468871168385,2.354454110694076,5.651166491951179,66.96569695428651,148.59751472108084,-7.1422,-0.2694,-0.04547,-0.3849,5.72,5.63,5.33,-0.2748,0.05697,222.5449444444444,0.0,0.0,0.0,0.0,0.0,0.0,0.0,0.0,0.0,107.23916666666668,86.0098888888889,29.29588888888889,0.0,0.0,0.0,0.0,0.0,0.0,0.0
react_106,2.178018923925161,2.178272201353085,2.725172278003609,11.197074097389208,50.3100483969288,164.50944282083654,1.664747076034625,1.664870740408032,2.3544160020132607,5.651141500960903,66.92258824603421,151.03889477804722,-7.7413,-0.4861,-0.14756,-0.35951,6.76,6.06,6.02,-0.29019,0.03707,142.89299999999997,0.0,0.0,0.0,0.0,0.0,0.0,0.0,0.0,0.0,112.24875,30.644250000000003,0.0,0.0,0.0,0.0,0.0,0.0,0.0,0.0
react_114,1.6866599141280407,6.041673348219741,7.550745075153592,51.747931927078135,7.763104505288568,143.59881325936485,1.664799701682082,1.6648960121492908,2.35441500831142,5.651562106794101,66.78448094202092,148.10322733212698,-6.4994,0.5084,-0.02109,-0.41943,5.62,5.48,4.66,-0.25299,0.07011,142.1127808219178,27.04761643835617,29.515246575342463,57.73938356164383,30.905287671232866,18.46339726027397,1.5307671232876714,0.0,0.0,0.0,110.91479452054791,43.04232876712328,23.729780821917814,42.47539726027397,48.57573972602739,26.692821917808217,11.22569863013699,0.657917808219178,0.0,0.0
react_133,1.656380472073217,7.426642375339601,4.941505162707959,58.25893450178604,33.4758073188935,149.0350697947047,1.6822912706773956,3.092038536823817,3.695093582488715,19.080748490260635,59.02398449158742,143.66112953045567,-6.493,0.6023,-0.04789,-0.41117,5.88,5.86,4.76,-0.25135,0.07331,157.450351758794,50.251859296482415,91.60725628140699,89.22526130653263,35.68548743718595,14.756582914572856,0.5664522613065328,0.0,0.0,0.0,108.39995477386933,51.18076381909547,83.4091708542713,81.62989447236184,69.39124623115572,34.69259798994975,10.428120603015074,0.41150251256281406,0.0,0.0
react_314,1.6647699078870333,1.6648803783750068,2.354437940997293,5.651736589222679,67.02318315949255,147.30281352753303,1.7024269044615143,4.951699830516963,3.659156533844155,0.0004203031464652,46.84132527404853,146.4143209250966,-6.5799,0.5936,-0.00883,-0.4227,5.79,5.37,4.55,-0.2535,0.0697,162.46881818181816,27.759636363636364,52.95936363636365,6.2610909090909095,1.4576363636363636,0.0,0.0,0.0,0.0,0.0,110.52827272727272,56.641000000000005,33.815999999999995,43.6059090909091,5.829636363636364,0.48572727272727273,0.0,0.0,0.0,0.0
react_315,1.688201880255752,4.454158270304188,4.713759253687088,34.71996326247365,49.528724497147934,142.39800191509727,1.6647290691307306,1.6648435873991252,2.3544742212442187,5.651103299873496,66.8903687723484,151.74549478750865,-6.5964,0.5485,-0.00717,-0.43181,5.89,5.84,5.43,-0.25529,0.06809,141.77677777777777,32.40411111111111,28.01055555555556,1.6912222222222222,0.0,0.0,0.0,0.0,0.0,0.0,111.28699999999999,44.64266666666666,21.893333333333334,24.924444444444443,1.1352222222222221,0.0,0.0,0.0,0.0,0.0
react_427,1.679763642888553,7.584573874803946,3.7170544276780366,46.39226607398077,33.18895247205775,146.58761820712002,1.6647365666406728,1.664827472540446,2.35449827046358,5.651310020343611,67.10801804713506,150.54177694488254,-6.6009,0.6082,-0.00807,-0.43034,5.83,5.42,4.72,-0.25394,0.0689,142.49568085106387,26.86345390070922,31.90695035460995,30.733659574468078,17.969858156028366,6.276085106382977,1.0614539007092196,0.05446099290780142,0.0,0.0,110.8136595744681,41.288709219858156,30.155475177304954,32.71292907801417,25.583163120567384,11.49694326241135,4.627737588652482,0.6466879432624113,0.03629787234042554,0.0
react_13,1.6647781890268547,1.6648577020918816,2.3544319602170605,5.651199637790691,67.3894392267278,146.42663573567478,0.0002963576424213,3.1018039349420743,6.063108747799416,0.000715964599282,48.64291851375206,142.30491465042792,-6.1576,-0.8361,-0.03262,-0.38993,5.45,5.30,4.20,-0.24281,0.04237,182.46275000000003,1.2905,86.28474999999999,7.83075,0.0,0.0,0.0,0.0,0.0,0.0,115.50125,59.746,22.8765,75.81725,3.9277500000000005,0.0,0.0,0.0,0.0,0.0
react_100,1.653724152968515,7.23512405376931,5.469763098096055,32.63690232035063,25.138214004176724,142.48905943763816,1.664793443257549,1.6648495975586557,2.3544625453275527,5.651596643391871,67.27525741549572,149.9337365846677,-6.5758,-0.7336,-0.04635,-0.4165,5.98,5.85,4.55,-0.25426,0.06984,138.5518947368421,71.8608947368421,141.06815789473686,150.10177192982457,116.76635087719296,72.1881052631579,27.96647368421053,2.5734035087719302,0.0,0.0,108.09754385964918,62.627771929824554,127.12814035087722,116.51998245614037,135.98715789473687,102.32238596491229,51.65917543859648,15.633578947368422,1.0553859649122805,0.04592982456140351
react_102,1.647285300634191,6.805345768820147,4.557358375375353,50.32819511622437,25.401903774205817,148.61458555142644,1.6647732367139716,1.6648430594011214,2.3544589731154035,5.651294612149079,67.38769682118523,148.23222313589943,-6.9953,0.0783,-0.05689,-0.38231,5.75,5.60,5.28,-0.37833,0.02319,134.99439999999998,30.007033333333336,30.749916666666664,59.84274999999999,28.997383333333335,2.901883333333333,0.0,0.0,0.0,0.0,108.09413333333335,27.338066666666677,36.980783333333335,37.72743333333334,49.059633333333345,26.083016666666662,2.1702000000000004,0.040100000000000004,0.0,0.0
react_103,1.657252609696781,8.096208109229053,5.208413214207606,63.21272418278599,28.36090647750072,143.2226116063026,1.6647558909754347,1.6648473770853882,2.3544316509756045,5.651146560030116,66.96986173463227,151.8184307150981,-6.6289,-0.2719,-0.05401,-0.42051,7.83,5.97,5.75,-0.24217,0.04387,137.7933296703297,16.54298901098901,59.214791208791205,45.19237362637362,53.76868131868132,25.574164835164844,7.371329670329671,0.5060989010989011,0.0,0.0,107.22465934065933,37.82385714285714,38.714472527472545,46.28360439560439,45.008197802197806,41.96493406593406,24.561054945054956,4.016615384615385,0.36636263736263736,0.0
react_104,1.659203552010316,2.907597093174214,2.906976770343476,12.204494604281637,49.09774434223837,154.5593411219212,2.1610609714467754,3.101731951859437,6.063102370838553,0.0006314334472593,48.60570450394964,145.01144186816518,-6.4164,-1.15,-0.05771,-0.36184,5.46,5.37,3.90,-0.24719,0.04013,282.50446153846156,0.5915384615384615,86.12561538461539,7.649615384615383,0.0,0.0,0.0,0.0,0.0,0.0,112.48384615384614,103.81961538461539,82.24853846153846,73.408,4.911230769230769,0.0,0.0,0.0,0.0,0.0
react_107,1.8337114106471435,4.349923655204807,5.877619562127975,6.0793029200688204,31.349776309734978,147.60998317766536,1.6647567152854372,1.6648483915549153,2.3545418359464643,5.651224521528787,66.82181148033175,151.77053323108404,-6.568,0.1774,-0.09574,-0.40369,5.72,5.64,5.35,-0.53355,0.21933,159.02553333333336,31.943133333333332,38.5132,2.207133333333333,0.0,0.0,0.0,0.0,0.0,0.0,109.13573333333335,69.95959999999998,27.413999999999998,23.689933333333336,1.3432666666666664,0.14646666666666666,0.0,0.0,0.0,0.0
react_108,1.379829560737475,2.985359730381538,8.228766821979638,25.9428409081793,23.798713403614308,146.61091581392654,1.6647710316725857,1.664888423390176,2.3545063591228907,5.651586372186314,67.07305453729226,150.13686485108508,-5.6517,-1.2553,-0.05801,-0.38772,5.78,5.43,4.26,-0.33097,-0.01661,147.2209,145.7575,52.218899999999984,0.0,163.1759,9.8761,0.8620000000000001,0.0,0.0,0.0,115.3475,91.22850000000001,100.00569999999999,38.61559999999999,76.00619999999999,91.67999999999999,4.9452,1.2826,0.0,0.0
react_109,1.2078858876115723,3.212463511108547,7.328148218329808,23.76266286225015,46.64869586855699,145.6968110987581,1.6647907262918102,1.6648578141041597,2.3545332112170536,5.651751617332677,67.04557683890897,150.4786185560843,-5.972,-0.9245,-0.03283,-0.38549,5.56,5.30,4.27,-0.28152,0.01844,178.47329629629633,4.694555555555555,169.59548148148147,148.70437037037036,19.801222222222222,6.509666666666665,0.9788888888888887,0.0,0.0,0.0,115.94196296296298,36.016296296296304,46.088,155.06581481481484,86.00396296296297,84.09585185185186,4.971333333333332,0.5742592592592592,0.0,0.0
react_110,1.2223189544823112,3.76335138182612,5.573405272865718,25.528131688026523,35.27725265461518,153.37837871792038,1.6865904104525866,3.136988994644046,4.681007557339754,21.11556923993429,50.160786798349314,149.127167978949,-7.2825,-1.0798,-0.12781,-0.34466,5.84,5.54,5.38,-0.37679,0.01681,171.8537727272727,24.87209090909091,49.1530909090909,13.569772727272731,0.8400454545454547,0.0,0.0,0.0,0.0,0.0,107.53968181818182,61.817772727272725,36.94438636363637,44.991227272727286,8.57390909090909,0.4217954545454546,0.0,0.0,0.0,0.0
react_111,2.1781426770985344,2.1782591658723582,2.72504448721704,11.197054849785088,51.15907002625568,166.12241305200433,0.0002126303524109,3.1017330841580977,6.063144733891985,0.003834136940118,48.74941339673983,143.33656343531428,-6.7796,-1.3262,-0.1599,-0.33761,6.77,6.51,6.04,-0.25103,0.03382,202.8154,0.9776,85.9076,7.341200000000001,0.0,0.0,0.0,0.0,0.0,0.0,117.15120000000002,67.986,35.8476,71.649,4.4079999999999995,0.0,0.0,0.0,0.0,0.0
react_112,1.643931426191558,3.2012754528553,2.9434062572430677,13.64415654392566,66.0584731942004,155.3768440173863,1.8115198112357311,3.1017642424143643,6.063079676812021,0.0008915049537158,49.17720900384518,141.650339443011,-6.4822,-1.1725,-0.06176,-0.3575,5.48,5.39,4.86,-0.24753,0.03917,175.9681111111111,191.91266666666667,86.06611111111111,7.609333333333333,0.0,0.0,0.0,0.0,0.0,0.0,112.58922222222223,153.14722222222224,121.26211111111112,69.75077777777777,4.8068888888888885,0.0,0.0,0.0,0.0,0.0
react_113,1.6816105620401551,5.823269066648873,6.243913041788293,59.292745977795214,25.044833253328736,149.0900197321389,1.682275649306699,3.091916982032481,3.6952528454947102,10.823605922949612,55.92644181650037,148.76439088696085,-6.8825,0.3235,-0.04541,-0.41862,6.06,5.84,4.67,-0.37996,0.02059,154.2285520833333,28.890083333333333,32.47357291666666,59.14536458333333,36.21764583333333,3.239666666666667,0.0,0.0,0.0,0.0,107.82251041666667,54.85223958333332,30.046697916666655,44.787843750000015,47.548375000000014,26.58345833333334,2.4786875,0.07507291666666667,0.0,0.0
react_115,1.656997655852843,4.238256371485485,2.7577280639657884,18.908499527940403,27.68860839464895,147.25442388784248,0.0001943673637424,3.101731842076788,6.063072395516018,0.0034830580321492,48.55767838049447,144.26880085235177,-6.2499,-0.8245,-0.05165,-0.36589,5.39,5.28,3.69,-0.24097,0.04558,197.00858823529416,13.565705882352942,100.58329411764706,7.7403529411764715,0.0,0.0,0.0,0.0,0.0,0.0,111.93170588235294,74.94688235294117,49.09000000000001,77.66841176470588,5.260941176470588,0.0,0.0,0.0,0.0,0.0
react_116,1.7028638938011649,3.136646552272727,4.501239379987985,16.56916309169728,37.62204356756956,148.95443984801395,0.0003054003107541,3.10185028778292,6.063103762858873,0.0021167595026148,48.59653470807914,147.3622928283145,-6.484,-1.4841,-0.15231,-0.3137,9.72,5.54,5.33,-0.23949,0.04743,212.34071428571428,1.4528571428571428,112.78714285714285,7.618428571428573,0.0,0.0,0.0,0.0,0.0,0.0,115.28742857142858,64.07457142857143,71.46785714285714,78.026,5.343285714285715,0.0,0.0,0.0,0.0,0.0
react_117,1.7031348810962286,3.136842977880563,4.501079159262498,16.570357118155865,37.78334060951162,152.1718712191989,1.3739702823715492,3.1048821523006724,7.412711255029757,0.0039733459384087,6.062934240538675,151.65915563416704,-7.2307,-2.5334,-0.15894,-0.2988,8.97,5.55,5.46,-0.26582,0.02378,210.318875,1.6693749999999998,111.305125,3.941875,13.78725,42.55875,0.0,0.0,0.0,0.0,116.525625,59.455,71.830375,76.65325,2.771,37.73700000000001,18.609,0.0,0.0,0.0
react_118,1.6821822378493771,3.0919800553687007,3.695234363086874,10.823605683236966,55.79254905433374,148.21917508050674,0.0004444265149659,3.101768395681157,6.063109480429875,0.0030993228736468,48.731622373776645,146.83185430509684,-6.1898,-0.7157,-0.02879,-0.40371,5.60,5.21,4.91,-0.24228,0.0446,201.0595714285714,9.425571428571429,86.29185714285715,7.840857142857142,0.0,0.0,0.0,0.0,0.0,0.0,114.8247142857143,81.50392857142856,32.45107142857143,70.97442857142856,4.863714285714287,0.0,0.0,0.0,0.0,0.0
react_119,3.109383569343351,5.3007531315142895,6.062218619742805,33.6016270531794,46.8429493940562,143.36670202484993,1.6865758948046583,7.1227032507588,3.724276305671897,9.651479899561368,27.6403204742433,145.10075980895613,-5.9066,-0.9195,-0.03569,-0.39787,6.32,6.04,5.12,-0.24177,0.04286,196.27800000000005,7.481999999999999,89.247,5.21,0.0,0.0,0.0,0.0,0.0,0.0,113.161,36.26,54.339000000000006,89.22200000000001,5.234999999999999,0.0,0.0,0.0,0.0,0.0
react_120,1.6421377633140524,7.186283413236792,3.0287532678513087,35.52318299294006,29.45791068733816,148.38464223662504,1.664788333170402,1.6648456461160728,2.354445049869941,5.651275529974937,67.44634304039565,149.92662596111975,-6.0196,-0.1796,-0.0351,-0.39784,5.66,5.60,5.03,-0.24042,0.04575,136.58450000000002,25.772550000000003,54.90015000000001,41.47515,44.01475,15.01395,1.02355,0.0,0.0,0.0,107.4241,42.6095,39.7804,55.1383,29.584799999999994,38.707449999999994,4.902349999999999,0.6377,0.0,0.0
react_121,1.5836807227169256,3.196317479836097,3.6737990431790006,10.529823971090392,57.20368456710354,148.17767210623464,0.0003196337614619,3.1017736790594665,6.063036222608766,0.0058973467971932,49.0292254538012,139.80073752461556,-6.1371,-0.896,-0.04606,-0.37618,5.51,5.27,4.58,-0.24184,0.04338,218.47925,12.453749999999998,86.283125,7.8285,0.0,0.0,0.0,0.0,0.0,0.0,112.99624999999999,83.69725,57.4345,66.016,4.900625,0.0,0.0,0.0,0.0,0.0
react_122,1.681723856441785,4.40248564953119,5.246133279478985,27.706250508583445,21.344641026373168,150.66310426918906,1.8119198717314569,3.101798489308576,6.06306446462086,0.0026374167804507,48.7927517734578,145.99961924432614,-6.3623,-0.9272,-0.06432,-0.38273,5.78,5.63,4.75,-0.38441,0.01486,194.41173809523806,31.66854761904762,113.68561904761906,20.859809523809524,0.9301190476190477,0.0,0.0,0.0,0.0,0.0,111.35085714285717,75.94604761904762,72.76371428571426,84.29540476190478,16.503214285714282,0.696595238095238,0.0,0.0,0.0,0.0
react_123,1.6479528200963989,5.480464684629444,3.589502336726777,32.12870456983719,28.889712597585724,150.11720447741376,0.089442030489006,3.695226778552389,6.670051511548612,0.0030794885220707,34.37199569745777,147.3073851850185,-6.6719,-0.9272,-0.06821,-0.3792,6.62,5.86,5.69,-0.38395,0.01495,186.67865306122442,44.41618367346939,110.62287755102042,16.17781632653062,12.20665306122449,0.0,0.0,0.0,0.0,0.0,114.52769387755102,73.16802040816327,87.88612244897956,76.44016326530613,6.387367346938773,11.692816326530615,0.0,0.0,0.0,0.0
react_124,1.659037033171284,4.939192816246947,4.622403862633866,33.10539447404441,3.705325944672403,157.12295029705206,0.0890674671289752,3.695128657963747,6.670012076037635,0.0066196282378329,34.34209606352791,145.70857445401492,-6.7875,-1.316,-0.06814,-0.35657,7.92,7.69,5.74,-0.30366,0.00497,189.2811794871795,57.73225641025641,140.60702564102561,11.50307692307692,12.046615384615379,0.0,0.0,0.0,0.0,0.0,116.04258974358977,72.64289743589744,106.12456410256411,92.6618205128205,11.96938461538461,11.728897435897434,0.0,0.0,0.0,0.0
react_125,1.659286166446604,2.9074747817392854,2.907069718292008,12.204622321193456,53.72657151712083,152.50210905867584,0.0889186424781903,3.695102372422982,6.669976396208752,0.0113010645456972,34.394701123578386,145.23822278624664,-6.5232,-1.3561,-0.0771,-0.33406,5.85,5.31,3.57,-0.28046,0.01059,273.78200000000004,12.908714285714284,83.25628571428571,4.048285714285714,11.364428571428572,0.0,0.0,0.0,0.0,0.0,117.98799999999999,121.26700000000001,77.002,55.682285714285726,2.056,11.364428571428572,0.0,0.0,0.0,0.0
react_126,1.664785166922479,1.664862530479277,2.3544679238027006,5.65155738054796,67.16857547193523,150.67200743628618,0.0734264984621026,3.695137742005303,6.670063062795154,0.0095164392752825,34.195734688212255,149.8406330047522,-6.4772,-0.7823,-0.03558,-0.39034,7.00,5.46,5.45,-0.27717,0.01354,173.766,13.562833333333336,83.40483333333333,4.1435,11.413333333333332,0.0,0.0,0.0,0.0,0.0,115.91083333333334,49.144000000000005,41.95816666666666,66.12266666666666,1.7415,11.413333333333332,0.0,0.0,0.0,0.0
react_127,1.692380567038971,5.051100443549718,9.940768531846183,73.60053215850402,9.775123256273533,146.90246882415667,1.664773135804095,1.6648883389641886,2.3544249224049607,5.651433923958581,66.93538040306545,147.77266274846954,-5.4156,-0.2079,-0.03409,-0.39951,5.66,5.59,5.05,-0.24405,0.04189,137.21052631578945,28.975000000000005,57.92405263157894,46.126947368421064,28.476736842105264,27.296999999999997,19.479631578947366,13.097526315789475,1.06,0.0,106.9025789473684,43.03415789473684,33.56305263157895,57.97226315789474,27.960421052631574,44.366789473684214,18.587736842105265,14.449526315789473,11.750894736842104,1.06
react_128,1.6417953097978053,7.801302258289441,3.026423229019043,34.73105087031353,7.089511242892781,151.51808742672426,1.6647981136834709,1.6648104320062955,2.354430191434311,5.651247837409654,66.7762542301314,148.79222802276797,-5.8887,-0.051,-0.03419,-0.39938,5.66,5.59,5.06,-0.2453,0.03684,136.85858064516128,21.36058064516129,57.858645161290326,49.065903225806466,40.745903225806444,37.93974193548387,9.456225806451615,6.059548387096775,0.4308709677419355,0.0,107.1406774193548,36.751548387096776,33.313612903225795,63.54641935483872,25.617129032258067,55.124548387096766,23.958096774193542,11.522483870967742,2.7297096774193546,0.0717741935483871
react_129,1.6416912067730265,7.179594016492167,4.475374184689445,52.3848090617002,26.29518308162275,149.29690853730213,1.6647481982139083,1.6648677614415426,2.354485604542522,5.651334064366392,67.59118916859651,149.8273802557707,-5.9005,-0.0557,-0.03488,-0.40554,5.66,5.55,5.34,-0.25568,0.03283,136.52929629629637,42.07362962962963,69.46990740740742,70.79097222222218,29.668453703703683,10.2335462962963,0.702898148148148,0.0,0.0,0.0,107.6756944444445,43.183435185185175,60.97066666666669,70.50707407407405,40.92957407407406,28.79327777777778,6.752092592592593,0.6568888888888891,0.0,0.0
react_130,1.6765477332953345,6.8738944597606695,8.024630998414771,78.51223016851189,24.076433406856985,150.44779566747272,1.6647742443216726,1.6648707555331477,2.3544991478651163,5.651449580281615,66.77813782530448,148.2069241503925,-5.941,-0.1712,-0.02657,-0.40636,5.64,5.52,4.34,-0.24198,0.04666,139.22349999999994,45.47628000000002,51.443380000000005,55.77374,27.666380000000004,21.456019999999995,4.32614,0.30252,0.0,0.0,111.99991999999999,54.358679999999985,56.58710000000001,52.083780000000004,37.39334,20.72062,10.55762,1.76308,0.20381999999999997,0.0
react_131,1.6865778470781574,7.4044056442237425,5.720206225999929,60.92104322551632,20.53795375861385,146.40112226743133,3.1092272091146684,6.371627177591562,6.06234027247676,56.48986556144904,46.44381151689061,141.37674638129312,-6.0081,-0.8457,-0.03367,-0.38976,5.75,5.49,5.28,-0.24147,0.04615,196.05800000000002,31.820749999999997,89.21925,7.902749999999999,0.0,0.0,0.0,0.0,0.0,0.0,116.76174999999999,32.616249999999994,103.50874999999999,66.83949999999999,5.2745,0.0,0.0,0.0,0.0,0.0
react_132,1.6648174054279357,1.6648643819993387,2.354341753237312,5.651450510931324,67.13550672693408,148.38317857078857,0.0004236082789684,2.6907905787273414,8.67736012638977,0.0073120384882019,36.9907641471817,147.98973490279755,-5.9092,-1.3558,-0.09681,-0.35813,8.08,5.51,5.42,-0.24957,0.03769,156.5405,0.0,27.11475,62.63725000000001,57.439249999999994,33.95125,2.6215,0.0,0.0,0.0,118.30675,38.23375,0.0,29.6905,60.061499999999995,50.25899999999999,41.1315,2.6215,0.0,0.0
react_134,1.6837856030674268,4.425704438887651,3.714884770237521,27.123436837011653,49.58219721454119,147.56013953578417,0.0003317789526366,3.101758301468565,6.063116369584408,0.0018478170840758,49.18258104965834,142.27321569584666,-6.1701,-0.7786,-0.02729,-0.40219,5.54,5.21,4.92,-0.2421,0.04288,199.84787500000002,22.033416666666664,100.53583333333331,9.014625,0.0,0.0,0.0,0.0,0.0,0.0,115.06433333333335,83.546125,45.62779166666667,81.42124999999999,5.772249999999999,0.0,0.0,0.0,0.0,0.0
react_135,1.6979734461040827,3.1110172186636103,3.662166725731141,19.281387253349894,56.13340629930554,146.18127614474463,0.0004971008697167,3.1017502072589647,6.063076972795652,0.0078833878168482,48.84222581226175,145.65673125321075,-6.6581,-0.2349,-0.03025,-0.38902,5.42,5.38,4.32,-0.24228,0.04322,220.86933333333334,16.465833333333332,86.31133333333334,7.853083333333333,0.0,0.0,0.0,0.0,0.0,0.0,113.75375000000001,97.21333333333332,36.647333333333336,79.72958333333332,4.155583333333333,0.0,0.0,0.0,0.0,0.0
react_136,1.687033095637579,3.251478679627777,6.008457468581906,29.51673854108931,42.00521935961881,143.59787412869355,0.0003026396232872,3.101764512834626,6.063065206841321,0.0055148081855588,48.785263514711374,145.1033873166047,-6.1963,-0.6786,-0.0233,-0.40443,5.62,5.17,5.08,-0.24185,0.04284,200.04981333333336,24.08777333333334,107.54948000000005,25.28306666666668,1.2647599999999999,0.0,0.0,0.0,0.0,0.0,115.22308000000004,79.17921333333335,58.30673333333332,87.55173333333336,16.88237333333333,1.0917599999999998,0.0,0.0,0.0,0.0
react_137,3.129679654196078,3.1298617813178287,3.6291399263841466,30.7871126126038,56.06983224823505,143.68411413553906,0.0003456684487509,3.101776393204948,6.06312235179152,0.0063266067145856,48.89422683169737,146.44364343856782,-6.6986,-0.184,-0.0301,-0.39453,5.93,4.91,3.52,-0.24184,0.04358,241.6816666666667,22.634666666666664,86.33633333333334,7.872,0.0,0.0,0.0,0.0,0.0,0.0,111.19466666666666,124.69766666666669,25.900333333333336,94.09633333333333,2.635666666666667,0.0,0.0,0.0,0.0,0.0
react_138,1.673902364310304,3.198135600842437,4.7741209055089895,15.68617431153157,50.95316170463779,144.1541157157746,2.698919706895535,3.1017257947292607,6.0630534955723725,0.0022659402131906,48.80076237108621,142.6265292547819,-6.1618,-0.7468,-0.03491,-0.39274,5.46,5.38,3.90,-0.24248,0.04437,222.795625,30.5284375,90.3813125,7.830187500000001,0.0,0.0,0.0,0.0,0.0,0.0,112.61399999999999,95.5023125,59.5511875,79.61274999999999,4.2553125000000005,0.0,0.0,0.0,0.0,0.0
react_139,1.6798800964600615,6.239633906809412,3.717046965228668,33.800866617469715,39.77716466069198,149.1253609399311,0.0002713377789588,3.101793825389348,6.063132227230383,0.0015809030154557,48.77798245959163,141.7854869103609,-6.1933,-0.7252,-0.02857,-0.39033,5.40,5.31,3.99,-0.24262,0.04395,200.30980188679237,22.87766509433963,111.44227830188676,36.008179245283024,12.034216981132072,2.2762688679245295,0.09634433962264152,0.0,0.0,0.0,115.15630188679238,75.98511792452827,63.03908490566036,94.16187264150939,29.026891509433977,6.822391509433958,0.8410471698113209,0.012047169811320754,0.0,0.0
react_140,1.6915575051267158,4.189707737287775,4.123574015288752,11.87408366953088,49.00110706825006,144.63672716154065,1.8118040010264376,3.1017266238239456,6.063016776859391,0.0012485773749152,48.62044934494652,148.48116862969016,-6.641,-0.2371,-0.02886,-0.38499,5.42,5.38,4.26,-0.24257,0.04302,224.2419,17.940850000000005,124.89004999999997,11.5186,0.0,0.0,0.0,0.0,0.0,0.0,113.45575000000001,92.93159999999999,59.51735,104.03204999999998,8.65465,0.0,0.0,0.0,0.0,0.0
react_141,1.6799234124311482,7.574568378655028,3.7169796752276185,41.00616934369922,33.64018342429805,140.97322145992786,0.0001658731006187,3.101736146450394,6.063024123022709,0.0031184552158226,48.8149674911888,144.72556122978006,-6.1749,-0.7626,-0.02645,-0.40257,5.56,5.21,4.93,-0.24201,0.04281,200.2879063926941,23.62688812785389,111.62728310502287,40.23109132420092,23.07822602739728,11.30698173515984,1.646052511415525,0.05836073059360731,0.0,0.0,115.13086757990874,72.66319406392692,68.28194977168953,96.91918036529682,33.49899315068494,15.915251141552503,8.17657534246576,1.2125684931506857,0.06421004566210047,0.0
react_142,0.0002441792308595,3.1017667734213674,6.063036376823126,0.0035250642999871,48.83911204752562,143.50219832471365,1.7026464307542863,4.951595651679005,3.659241253161388,0.0007175663593043,46.016449958084976,144.17305382604712,-6.2171,-0.6048,-0.02151,-0.40211,8.77,5.69,5.19,-0.24168,0.04279,222.17468571428572,30.727571428571434,137.45134285714283,13.961914285714286,1.0623714285714283,0.0,0.0,0.0,0.0,0.0,113.83685714285714,100.10154285714287,52.93368571428571,121.66977142857142,16.38034285714286,0.4556857142857143,0.0,0.0,0.0,0.0
react_143,1.6647846741069667,1.664894872023691,2.354395676095828,5.651378705073798,67.22088648104854,148.98885428707135,1.6762492163934708,9.79988614150924,5.126407674036558,3.7844706163537953,24.052838862569743,141.39887933052515,-5.7407,0.0919,-0.0251,-0.40603,5.63,5.50,4.30,-0.24933,0.04019,139.33540579710143,42.007521739130404,55.67863768115943,51.98452173913044,41.86010144927536,36.915471014492745,13.342608695652173,4.775855072463769,0.681355072463768,0.0161231884057971,111.71174637681155,57.26467391304347,53.77748550724638,52.0516231884058,45.143144927536234,33.09857246376814,23.193188405797095,6.419710144927537,3.0187028985507243,0.9187536231884058
react_144,1.674580096519645,7.674217353490499,4.697006500813731,26.911447683734508,19.269341647745424,143.24562796336508,1.664764916884251,1.664908040341294,2.354446553216936,5.651416629019839,67.33075623546249,152.11064675183317,-5.4698,0.1567,-0.02739,-0.41798,6.06,5.63,5.02,-0.25041,0.04095,139.28410365853657,33.913280487804876,58.62505487804879,64.45267073170731,52.74412804878048,32.201512195121964,4.74998780487805,0.3282073170731707,0.0,0.0,111.26635365853659,49.927067073170754,47.3877256097561,55.78832317073173,53.66576829268291,43.27389024390243,22.06209756097561,2.701762195121951,0.22595731707317074,0.0
react_145,1.6755871934562412,3.9165812467963854,10.15557393676603,63.05263192906424,18.59162131832297,152.92542067136856,1.6647497481571614,1.6648506950878377,2.354478323037918,5.651222662045743,66.98211818682982,148.91708100902608,-6.5087,-0.1413,-0.02347,-0.40898,5.63,5.49,4.51,-0.24124,0.04449,139.46292417061602,30.28734123222746,48.159033175355454,62.24752132701422,43.29900473933651,33.54730331753555,12.882393364928914,2.8029431279620853,0.12143601895734597,0.0,111.18372985781994,46.88562085308057,58.08504265402844,46.50225592417066,50.000644549763024,34.05505213270142,18.598952606635077,5.51441232227488,1.850611374407583,0.1335781990521327
react_146,1.6790248561879233,7.057858220149208,5.820765506692998,27.00774674254505,9.720432103744312,147.45240030151936,1.6648116780480615,1.6648710356303735,2.3544229482358854,5.651423664489301,66.90195265989708,148.84825131514893,-5.3422,-0.153,-0.02084,-0.40607,5.64,5.56,4.91,-0.24307,0.04349,139.22392079207918,35.03971287128712,57.31871287128714,43.68019801980196,34.4151188118812,41.32406930693069,17.466079207920792,11.35345544554456,6.0035544554455464,0.642029702970297,111.54767326732667,48.53754455445544,46.3549306930693,56.67912871287129,36.339584158415846,39.54128712871288,24.816158415841578,11.724504950495048,7.867772277227723,3.058267326732674
react_147,1.656934660069051,5.277707278453823,4.580947704169976,27.42664245064312,35.811149821773135,143.2538504709412,1.6822748650137322,3.0919630620001093,3.695158120552064,10.824452526231273,55.62156891377555,148.86020336250309,-6.5672,-0.1528,-0.04865,-0.40414,5.87,5.80,4.72,-0.23761,0.04774,156.99602262443446,25.25415837104075,54.951095022624436,49.35749321266963,48.066443438914014,27.14954298642533,10.115076923076924,0.7998325791855206,0.0,0.0,108.06100452488684,55.92710859728505,42.41811312217189,45.34262895927601,46.06091855203616,44.88657466063347,25.017307692307693,4.652180995475114,0.32382805429864253,0.0
react_148,3.1120865321809,7.282847894011201,6.0596688996565895,82.62846796760421,40.117906130166745,143.8604466181131,3.1164648419676144,8.543421480470515,4.607868406145483,75.61204638043097,24.35201975240316,145.60380277477998,-6.0339,-0.7669,-0.03166,-0.39316,5.69,5.32,3.58,-0.24086,0.04692,234.85949999999997,46.246750000000006,89.87174999999999,7.937999999999999,0.0,0.0,0.0,0.0,0.0,0.0,113.39075,82.767,110.62775,66.832,5.2985,0.0,0.0,0.0,0.0,0.0
react_149,1.2389579818217524,3.9349326094407657,9.20487132247852,26.35973712279089,39.95583273350964,144.46091676684483,1.664769478281745,1.664857205799678,2.3545371282899006,5.651485914433507,66.98754306894027,150.17977532909617,-5.9651,-0.8003,-0.03201,-0.39168,5.46,5.27,4.14,-0.23628,0.04968,182.11111111111111,2.0135555555555555,85.68822222222222,5.200222222222222,29.890666666666668,50.49877777777778,24.322666666666667,5.643777777777778,0.0,0.0,115.74522222222221,47.083666666666666,43.82844444444444,66.32277777777777,3.1480000000000006,47.09499999999999,35.81699999999999,21.255444444444446,5.073444444444444,0.0
react_150,0.0002995845566261,3.101773370650769,6.063097833780645,0.0023968390345831,49.108506945394026,145.62299477538366,1.9103778538605147,3.084949013167004,5.99046870455876,0.0014839176381003,40.0465906202791,143.87099900559662,-6.3203,-1.2979,-0.08484,-0.32902,5.58,5.46,3.67,-0.24588,0.0398,235.64069999999998,1.7791000000000001,172.6878,12.840799999999998,0.0,0.0,0.0,0.0,0.0,0.0,117.3566,94.9242,72.7149,128.464,9.4887,0.0,0.0,0.0,0.0,0.0
react_151,0.18019631762679,4.092997423920261,5.991571419654145,0.0043064459889645,53.29072496352822,146.77839639692706,0.0002424275587509,3.101760404781284,6.063186837355282,0.004118511573241,48.7095096303495,144.8283117637663,-6.3482,-1.6106,-0.08573,-0.3238,6.13,5.48,5.45,-0.24923,0.03561,235.11225,1.889125,167.896375,201.31474999999998,0.0,0.0,0.0,0.0,0.0,0.0,117.234375,95.932625,75.783625,143.59537500000002,79.11474999999999,94.55175,0.0,0.0,0.0,0.0
react_152,0.3394064409750684,3.085794566847011,7.540780984663719,0.0087302355885441,54.59785837467584,146.70306721097378,0.0004113361784438,3.101779975702128,6.063051054185396,0.0012346917693558,48.76903681010346,145.07744488288827,-6.2238,-1.5095,-0.0604,-0.36499,9.10,7.71,5.35,-0.24158,0.04318,235.18575000000004,1.5516249999999998,170.044125,9.911124999999998,189.40925000000001,0.0,0.0,0.0,0.0,0.0,117.409625,91.94787500000001,76.942375,123.03187500000001,7.360875,189.40925000000001,0.0,0.0,0.0,0.0
react_153,1.6412430875841433,9.420752212223974,7.016118366871866,108.05089448296702,11.06228931611756,149.30248257841336,1.6648127724700958,1.6648608142897072,2.354434258113588,5.651478531130727,66.99386014401375,150.51993371677233,-5.349,-0.0313,-0.06032,-0.40946,6.90,5.97,5.93,-0.23486,0.05877,136.96597499999996,37.905433333333335,64.14759166666663,91.06715416666671,48.74227499999998,36.82615833333334,13.946929166666658,9.625054166666668,0.7884333333333333,0.0,107.90774999999994,48.08148750000001,51.28470833333333,85.48202083333325,53.84367083333333,54.51932916666666,18.617675,11.038012499999999,8.451916666666667,0.7884333333333333
react_154,1.664761825028401,1.6648170714634571,2.354505497367291,5.65102224595465,66.73431695655582,148.5988835702365,3.099402142753506,4.162255025246666,10.269712839784413,0.0038446636933901,15.019405882513142,136.6530245262177,-5.5135,-1.1135,-0.0311,-0.3907,5.51,5.14,4.22,-0.25321,0.0485,180.85722222222222,3.094222222222222,84.61444444444444,33.965333333333334,59.888000000000005,29.063444444444446,18.676999999999996,25.116888888888887,2.243444444444444,0.0,116.76466666666667,39.23855555555556,52.986444444444444,81.35244444444443,11.910222222222222,71.08711111111111,17.585333333333335,19.50822222222222,24.843555555555554,2.243444444444444
react_155,3.3720375335928567,4.091542365482263,8.740269425493988,42.85784145856424,32.0668197710361,145.9451286438232,1.6647653139961762,1.6648079319225637,2.3545288183106243,5.651253385859931,67.03134881471075,150.2240890437818,-5.67,-1.1639,-0.09444,-0.36321,8.59,5.52,5.40,-0.23363,0.05524,156.86260000000001,0.0,32.545,106.94059999999999,59.899699999999996,29.5856,57.452,4.7591,0.0,0.0,119.03110000000001,37.8315,2.4181,53.660699999999984,84.3765,53.330999999999996,62.823800000000006,31.5767,2.9952,0.0
react_156,3.1966211814371013,6.031270025746122,7.106117055975465,106.53991049735986,20.688123551647813,140.27183360686692,3.113639701276296,7.570454806720223,4.62362017937181,96.14480072812418,12.078129631457076,146.78253996745275,-5.3222,-0.8801,-0.05895,-0.41694,6.50,5.97,4.22,-0.23947,0.05201,228.558,41.41000000000001,84.73750000000001,49.073,54.5005,2.4005,0.0,0.0,0.0,0.0,110.916,110.1685,51.111000000000004,82.51,66.78750000000001,33.183,6.0035,0.0,0.0,0.0
react_157,1.639622733103572,9.091956168089046,5.52040146157616,79.82789221600723,12.646489555901562,150.5921631314506,1.6647483282715656,1.6648911553656494,2.35440437325988,5.651055052560303,66.9652136464935,151.53077522893082,-5.3636,-0.0223,-0.06069,-0.40923,6.69,5.97,5.95,-0.23514,0.05772,136.92745977011498,30.412735632183903,74.92418390804599,89.16085057471261,55.12574712643678,50.41545977011495,16.454758620689645,12.731505747126436,1.0890574712643677,0.0,108.09558620689656,43.53002298850574,52.506586206896564,86.74756321839081,57.81948275862072,68.52452873563216,23.814287356321838,14.209264367816097,10.93122988505747,1.063206896551724
react_158,1.674385288199722,10.269119136122711,5.013987522428928,60.12826902020048,6.829785199175576,144.88969480277484,1.6647622086466365,1.6648147534750477,2.3544815305166926,5.651196082199847,67.18863061181352,145.27608733511556,-5.3117,-0.0738,-0.01396,-0.42979,5.89,5.34,4.67,-0.23535,0.05885,139.27688451443564,33.22836745406824,54.993068241469864,69.2213858267717,68.57146194225726,55.122031496063016,23.479979002624674,16.77149868766405,5.567107611548562,0.6473648293963254,111.16093700787403,47.21982939632542,46.5837401574803,63.55642257217844,61.39813385826775,67.46285564304458,34.957808398950114,19.96905511811023,11.70676115485564,2.863606299212598
react_159,1.6816728827008038,7.570223160974055,6.961258050274355,76.89238782654046,30.75824936320448,147.46994000694022,0.000431481702153,3.101738237287444,6.063066418544031,0.0079321312946928,48.63068270661602,145.44648000130888,-6.3744,-1.2896,-0.07137,-0.35728,5.94,5.54,5.33,-0.25058,0.03346,194.63294936708857,33.924873417721514,117.16046835443039,60.83803797468355,32.57194936708861,57.82465822784811,17.0806582278481,1.5021012658227848,0.0,0.0,111.17056962025319,87.34646835443039,65.26974683544303,109.98144303797466,43.23735443037974,54.41654430379747,29.83789873417722,13.20341772151899,1.0722531645569617,0.0
react_160,1.679256753094784,7.449127927163011,6.79100878953609,74.30028705233191,23.411303364669603,152.87175869711945,0.0001967805145865,3.1017500847984163,6.063078542033495,0.0034583851926067,48.799505908876434,147.55725700828737,-6.2457,-0.8467,-0.05139,-0.36575,5.40,5.24,3.71,-0.24547,0.03961,196.60765829145743,25.792025125628147,142.35795979899504,57.276346733668326,43.647678391959815,25.985025125628123,8.157864321608042,0.5904572864321609,0.0,0.0,112.03044723618086,70.55740703517587,89.43802010050247,111.65681909547736,47.09328140703516,46.86540703517589,18.188934673366838,4.289909547738693,0.29478894472361805,0.0
react_161,1.673618185882945,7.491609709448792,8.453482349072866,103.42132097297964,-2.994087824472786,137.95585886999325,1.6647517015524471,1.6648281674851604,2.35455516026597,5.651599474136782,66.9997042024495,147.73306520670005,-6.5151,-1.076,-0.04355,-0.3968,5.97,5.83,4.65,-0.25567,0.02995,230.04967741935485,112.67683870967743,78.93048387096772,137.35422580645164,47.845709677419364,52.11258064516127,3.6416451612903225,0.0,0.0,0.0,110.68780645161289,149.9173225806452,138.90158064516126,101.12106451612901,75.44061290322578,44.77093548387097,38.92058064516129,2.851258064516129,0.0,0.0
react_162,1.67732779275935,7.687000393846014,8.551870925990054,105.66598101190792,1.1047336832237389,145.00379817532328,1.6647237024099542,1.6648427273357138,2.3545071961221407,5.651054619924303,66.87248556824422,152.11380350096795,-5.3268,-0.0696,-0.02478,-0.40574,5.62,5.51,4.35,-0.23626,0.05015,139.43634210526315,42.202719298245626,59.100912280701735,80.67419298245615,69.5577543859649,56.24214912280699,24.937666666666676,13.868087719298247,7.200614035087718,0.8734298245614036,111.33459649122813,52.44527192982455,59.333052631578965,69.71186842105266,61.85316666666666,73.69391228070177,30.3384649122807,21.998035087719302,10.038473684210524,3.347026315789474
react_163,1.6882520605874871,4.8017412854212544,9.123102853989296,6.634627831534926,7.966648057472531,144.32001761045302,1.6648048340570671,1.664833151005972,2.3544815696792303,5.651517943303287,66.97410671068815,150.06521500415238,-5.9179,-0.0137,-0.00762,-0.43501,5.78,5.42,4.74,-0.23815,0.05395,141.6104897959183,43.82157142857142,67.62179591836734,104.66167346938775,55.32536734693877,54.44575510204083,21.60857142857143,4.302959183673469,0.0,0.0,111.31173469387757,55.336265306122435,64.14799999999998,86.74753061224492,70.67199999999998,41.65473469387754,38.90057142857143,21.273510204081635,3.353836734693878,0.0
react_164,3.114832804928942,4.885374815941554,9.738785907238546,90.75148549757392,8.315209487199024,141.52362783645668,1.6647799241526435,1.664881173252461,2.354414934942785,5.651343736994927,66.97088438681389,151.80661546480815,-5.6139,-1.2123,-0.09582,-0.36265,8.47,5.49,5.42,-0.24359,0.04695,156.23667999999998,0.6800399999999999,37.98192,116.0064,57.02972,33.01332,66.7,34.390119999999996,0.0,0.0,117.90948,38.61748000000001,3.6647599999999994,67.11291999999999,84.43392000000001,52.975919999999995,62.83595999999999,41.06824,33.41952,0.0
react_165,1.6745907431482183,8.621657584483419,4.744549982034835,25.34754691782653,26.955730986916542,146.19848232888273,0.0060417851571578,3.742789930417775,7.360803238390011,0.0018030237813807,37.043236990987054,150.38507220548746,-6.3622,-1.2275,-0.03041,-0.39539,5.52,5.25,4.58,-0.27769,0.01103,195.2599860335195,24.220969273743005,147.26088547486034,205.62709497206708,165.13080726256985,39.75231843575421,12.247061452513963,0.5645055865921789,0.0,0.0,114.76533240223463,64.77224860335194,103.7399832402235,106.88784357541896,174.78606703910614,182.68866759776546,31.148924581005584,10.755410614525145,0.5191508379888269,0.0
react_166,1.6743672550260578,8.621645577747394,4.7443705593493455,25.33856651266377,25.78908941576441,147.68335120827516,0.0003756208586891,3.1033564331596417,7.343123236185071,0.0059442446257029,37.8904912398945,146.09971039318276,-6.2212,-1.0096,-0.0289,-0.40157,5.53,5.16,4.71,-0.26832,0.01797,196.14186084142386,22.609355987055004,149.44296440129455,100.63431715210359,168.45915533980587,40.72961165048549,13.967773462783176,0.691032362459547,0.0,0.0,115.12650485436895,64.97954045307446,112.97852427184458,106.53150485436889,96.73354368932038,154.67222977346282,30.543699029126216,10.587783171521032,0.5227411003236249,0.0
react_167,1.6745554949014618,8.06414376383732,4.571216200745834,46.253031757647534,25.49265783316752,149.01703799635823,0.0137885036652182,3.1338258955944798,6.6812368944352825,0.0038612266480018,29.88778560981997,151.2510674639432,-6.3503,-1.0322,-0.02964,-0.39904,5.54,5.27,4.81,-0.27784,0.01705,196.38978289473673,22.776131578947375,139.96605921052642,115.66576315789473,73.54454276315789,40.536835526315784,13.091148026315796,0.764753289473684,0.0,0.0,114.61011513157887,75.47104605263158,91.6448190789473,97.95476644736846,110.46473355263159,65.82770065789475,32.11218749999998,13.91358881578948,0.7360592105263161,0.0
react_168,1.6746398846675548,8.62172905247782,4.744741946901239,25.34142682077152,27.23751806728065,151.66161101596828,0.0004439355556832,3.105114296027641,6.67263386034372,0.0005688260429232,31.065404894373746,148.1231992642497,-6.2113,-0.8005,-0.02764,-0.4062,5.54,5.17,4.89,-0.26582,0.02568,197.5474149659866,20.185258503401343,145.36413945578235,104.23330952380947,74.20196938775514,41.55592176870747,14.533163265306126,0.8185102040816324,0.0,0.0,114.8587551020408,76.15051020408157,97.28102040816326,106.66449319727886,97.28790816326523,61.65864965986396,32.53462925170068,11.37810544217687,0.6256156462585036,0.0
react_169,0.0734566142109813,3.6951883806312296,6.670027370110748,0.0104517718954893,34.217335007407016,144.0072014418658,0.7805068114542444,6.172138745549989,8.576103065292056,9.087012152568196e-05,21.90345013119758,149.05234086332186,-6.0736,-1.6251,-0.10933,-0.31682,8.20,5.73,5.53,-0.28413,0.00744,196.63138461538463,154.5660769230769,137.75707692307694,64.35207692307691,43.609153846153845,40.13007692307693,49.837923076923076,13.093230769230768,0.0,0.0,118.09692307692308,105.09453846153846,176.0637692307692,129.22761538461538,25.1636923076923,67.44584615384616,48.630384615384614,26.134538461538458,0.6230769230769231,3.4966153846153847
react_170,1.682925526673776,9.533495971506277,5.700849363931384,83.73887903858908,1.007261758890712,141.23978327804562,1.6647685879096832,1.6648247384864518,2.354558837191081,5.6514663254602215,66.71682374958661,146.54015094359795,-5.9007,-0.0142,-0.00909,-0.42868,5.82,5.45,4.86,-0.23746,0.05414,142.00133846153847,32.15353846153846,71.7620076923077,68.79552307692305,91.10657692307689,56.62408461538464,34.610830769230795,20.428476923076918,2.7459000000000007,0.017815384615384615,110.79759230769226,48.33115384615384,51.07590000000001,66.57267692307691,81.2213,61.18176153846153,58.39571538461537,27.230576923076924,14.350553846153847,1.088861538461538
react_171,3.123609708676081,3.1502365160256773,5.811778586414694,23.23541648207321,45.83469654671014,138.8051379037043,1.8116647318722423,3.101808264946692,6.063053432477122,0.0014526936535764,48.96618811157956,136.91279060503908,-6.6727,-0.1732,-0.0243,-0.39256,5.88,4.91,3.44,-0.24134,0.04411,239.15550000000002,15.626000000000001,213.42699999999996,23.874000000000002,7.876,0.0,0.0,0.0,0.0,0.0,111.467,115.17249999999999,38.516,205.4625,25.4005,3.9400000000000004,0.0,0.0,0.0,0.0
react_172,1.679703877728118,13.989363004119232,6.843374514790667,159.0513119573033,18.103350678410745,145.34389632209044,1.702947882448131,3.136692498445085,4.50118811549832,16.569447974420253,38.02397072432485,157.99379237589542,-7.1769,-1.1237,-0.13375,-0.3414,6.70,5.89,5.57,-0.37828,0.01592,173.63854285714274,21.751817142857135,91.2961914285714,91.9219742857143,74.65960571428575,37.78419714285712,14.526648571428575,7.251514285714283,4.8798771428571435,10.592165714285715,107.42875428571428,65.24507142857148,56.850962857142875,75.11615428571432,81.68147714285712,68.5561771428571,38.148648571428595,14.338511428571424,7.404434285714284,13.532342857142854
react_173,1.6824986425709432,10.574875690911613,8.350010791087097,132.98556674088826,-17.575461224158055,147.0220020361404,1.6647570469371606,1.6648436440131262,2.3544756846224013,5.651362642205806,66.9649024645478,149.1508114689748,-6.5794,-2.7398,-0.00672,-0.42988,6.05,5.59,4.79,-0.37649,0.0161,147.14550000000003,70.90617857142857,32.9645,84.77192857142857,42.16346428571429,73.90957142857144,46.59914285714286,45.011964285714285,84.73685714285715,17.666000000000004,111.13671428571429,55.853821428571436,53.89553571428572,65.06503571428571,64.86060714285715,58.33989285714286,71.45385714285713,35.50335714285715,64.43207142857143,65.33421428571428
react_174,1.6795022129749384,7.444373886348242,8.449892986170159,16.072704434043718,-11.151280324475158,144.33941242211708,0.0003896342727182,3.10172787752662,6.063173444339989,0.0023681401294868,48.50190220134239,144.7631148477071,-6.2754,-1.1444,-0.05198,-0.37816,5.38,5.36,4.37,-0.25233,0.03355,194.44244444444445,204.18462222222223,190.28962222222222,128.60068888888884,63.57937777777778,33.66955555555556,2.2890666666666664,0.0,0.0,0.0,114.67284444444445,164.57924444444447,190.02744444444446,179.72115555555558,76.90342222222222,56.03646666666667,32.767377777777774,2.347422222222222,0.0,0.0
react_175,1.6536853447032904,7.234753055960295,5.469887082422212,32.63853143907495,26.70062962523492,141.29875856322158,1.6822312115421223,3.092026533986028,3.695034567896885,19.079697731051898,55.73804910393974,148.5210700115445,-6.5692,-0.7306,-0.04714,-0.41404,5.84,5.83,4.77,-0.25379,0.07007,157.5647171052632,64.22873684210525,135.99947368421059,155.2953289473684,123.82536184210521,84.17225657894737,24.753348684210522,1.8969868421052638,0.0,0.0,108.44046710526317,70.00625657894737,115.33701315789467,121.04615131578942,139.6980328947368,111.40087500000003,63.50429605263156,17.06213815789474,1.2238157894736847,0.017164473684210525
react_316,1.6421486829767955,7.186335655255462,3.0282643708162897,35.517375692109475,31.938820075794748,147.7141540793347,1.6822472302915226,3.0919608503848925,3.695216760782866,19.08039730566156,55.69459350845296,147.71121997055954,-6.0308,-0.1882,-0.04804,-0.4016,6.04,5.81,4.85,-0.24064,0.04563,156.2691818181818,36.15777272727272,57.20249999999999,47.00795454545455,30.67088636363636,17.09290909090909,1.167181818181818,0.0,0.0,0.0,107.215,60.605522727272735,43.45218181818182,61.934159090909084,21.013636363636365,43.55450000000001,7.154977272727273,0.638409090909091,0.0,0.0
react_358,1.666365048735057,12.073027354806678,5.527372034611225,92.01193910698164,-1.124485610526611,146.714435423518,1.6648082477701454,1.6649005646857085,2.354509061824231,5.6518315371016845,66.79048878042808,150.75593758077628,-6.4593,-1.7886,-0.05168,-0.3672,6.30,5.87,5.75,-0.35831,0.02284,139.87760000000003,73.29772000000004,57.48784000000001,27.528159999999993,25.36912,44.117639999999994,70.69608,50.19227999999999,32.124159999999996,30.144679999999997,109.43927999999997,56.37972000000001,53.099520000000005,53.12476000000001,29.76156,46.02772000000001,63.291079999999994,60.88152,38.612959999999994,40.21715999999999
react_359,1.6664146908176425,12.072903632877624,5.527740390213143,92.01687306946042,0.8691240206681937,141.29368464715714,3.129661663800343,3.129763942669298,3.6292256781259136,33.78146033283379,56.23953691304656,145.75353782925382,-6.3273,-1.6934,-0.03111,-0.41433,6.88,5.94,5.61,-0.35286,0.02852,198.27283571428572,85.11462857142855,51.84412142857142,43.26860714285715,25.06872857142857,54.93185714285713,70.94549999999997,59.743957142857134,18.66911428571428,23.47624285714285,105.78029285714288,112.40777857142861,61.57254285714288,70.97537142857144,40.02545714285716,49.71442857142857,70.60492857142852,52.59776428571429,35.96105714285712,31.69597142857144
react_360,1.66555837103046,12.317230847507268,5.909161763809305,105.3500170959338,-29.767534903509407,144.6037951508528,0.0005395178175415,3.101785007734799,6.063100439992302,0.0054335141259238,48.87925853457857,144.2630637842805,-6.2893,-1.6673,-0.06948,-0.34494,9.00,6.52,5.65,-0.35193,0.02804,199.44272262773723,66.35554014598537,136.0984744525547,51.946094890510956,25.704043795620432,54.726364963503684,60.198394160583945,50.24109489051095,26.715678832116797,33.818167883211686,113.35552554744534,99.18879562043797,87.78439416058397,118.37002919708029,47.67578832116786,50.29352554744526,60.8058686131387,49.10483211678834,33.99013138686133,44.67768613138686
react_361,1.676492815849285,11.535019017869406,8.121584076182597,136.483912796604,2.5922939507287146,144.5651455248872,0.0004101154323196,3.1017384188391923,6.063186019819935,0.0034309616071514,48.77924990321712,145.34284562023552,-6.3765,-1.4433,-0.04756,-0.38767,7.03,5.95,5.50,-0.35747,0.02327,199.22850961538455,64.31358653846158,140.06138141025644,47.69793910256407,24.265842948717953,89.98105128205131,65.53902243589741,75.58110576923079,66.87299358974364,35.92358974358972,113.39755128205131,91.95129487179484,86.81348076923074,117.26652884615382,52.22853525641026,50.998317307692325,74.45050961538458,79.7478205128205,75.88194230769231,66.72904166666659
react_365,1.667343101460771,11.926905094682626,6.94400378597587,121.31674381988996,-4.4390199932277605,143.32599485808643,1.6647911435538625,1.6648359099044197,2.3544784644166303,5.651431742906296,67.35206664528256,149.28785514443814,-6.1573,-0.8863,-0.03038,-0.41136,6.36,5.59,5.55,-0.34552,0.03233,140.31830769230774,73.87201923076927,59.29326923076924,27.02267307692307,32.26124999999999,36.45042307692308,43.47690384615384,43.899826923076915,41.85775,37.308365384615385,109.25750000000001,53.60934615384615,53.29484615384618,54.25251923076923,39.78498076923078,43.0489423076923,42.35751923076922,40.6534230769231,42.542,56.95971153846154
react_366,1.6759599483136305,11.808536965629388,7.2573677546388256,123.92627884083146,-26.742707900188183,142.22038630116103,1.682235029680183,3.092055943902132,3.694999961245321,10.823498583372196,58.67762392582155,146.9572306342521,-6.4449,-1.774,-0.05336,-0.36352,6.22,5.75,5.73,-0.35766,0.02314,159.1299682539682,80.28820634920638,56.471404761904736,28.956888888888894,25.873968253968254,56.83531746031749,76.90165079365082,57.26234126984128,19.105333333333334,16.527365079365083,109.6733968253969,70.13533333333334,53.0895,60.422341269841276,37.50197619047618,44.732746031746025,64.70974603174604,66.64367460317463,42.651444444444444,27.792285714285725
react_376,3.1086448141309817,6.9761583466861765,6.883545436911688,39.07836643047371,17.793980227068754,141.472619537001,1.682145058314643,3.0921307523757187,3.695001500288071,10.824902447142032,55.85944099897063,148.03053061114713,-6.2413,-0.7944,-0.04264,-0.39315,6.02,5.94,5.35,-0.30292,0.01414,200.3270537634408,47.900677419354835,144.51713978494635,117.69694623655914,91.73398924731185,40.273704301075284,9.806021505376343,0.6352043010752689,0.0,0.0,113.98991397849458,108.85119354838716,113.38327419354849,132.4552526881721,86.55167204301071,73.7989462365591,18.84074731182794,4.75805376344086,0.2616827956989248,0.0
react_441,1.641664235653295,18.449624960093963,3.422049815701167,95.22605953475596,4.260201694643228,140.9004368248714,1.6648194192205932,1.6648857726273387,2.354464396041527,5.651681342605973,66.88918886629384,151.456454764449,-4.8568,-0.6854,-0.06048,-0.40944,7.03,5.99,5.88,-0.27288,0.02072,137.81875925925922,54.86622222222223,88.53553703703705,80.77394444444444,96.04071296296298,91.53782407407408,103.8460740740741,60.760740740740715,13.98699074074074,0.8350370370370371,108.24269444444445,67.59678703703705,60.163620370370346,105.84965740740742,78.2312777777778,108.65825000000004,88.62292592592594,62.956259259259234,40.34987037037037,8.3305
react_444,1.6772561416067313,11.983006021215507,6.715726006692935,120.59546867401224,2.651874468787539,140.25397575414527,1.6839152893202105,4.425707121789808,3.714806043526035,27.125170614033717,47.291534389869504,145.12315166859509,-6.46,-1.775,-0.02193,-0.42315,7.17,5.95,5.88,-0.3587,0.02353,158.70925824175822,93.40805494505493,63.66563186813189,35.72257142857142,26.923164835164837,55.465758241758195,67.45108241758244,53.76729120879121,23.211934065934056,25.879609890109887,109.14417582417585,71.51156593406594,60.05498351648352,65.94968131868134,54.04075824175824,33.23296153846154,57.63247252747251,62.21430769230772,49.881692307692305,40.541758241758245
react_445,1.6649452330376957,11.659591245176308,6.0024059521618005,106.83540971696095,1.1220031203163,138.8640491201635,1.6803622387439965,5.182589155277681,3.7171339804058254,30.38873332847864,47.52948321947264,145.0223186780442,-6.3368,-1.6984,-0.02784,-0.41123,7.09,6.15,5.62,-0.35292,0.02894,159.8047173144876,91.91346996466433,76.97611307420497,48.489169611307425,27.066674911660762,54.210201413427576,36.37341342756185,45.92343816254417,32.491971731448736,57.94070318021204,109.14938869257944,64.96503886925794,65.10559363957594,77.10833922261477,64.59336042402828,22.624098939929333,49.27601060070671,52.415876325088355,43.2050070671378,82.74715901060078
react_446,1.6773125877664752,11.98284354652278,6.716224739086598,120.60688328120426,1.26829703836404,143.1139619185492,1.698143259053525,3.1110677201984904,3.662252875004332,19.28409149074616,56.48400669554965,144.06666279587645,-6.317,-1.6865,-0.05145,-0.37033,6.22,6.06,5.55,-0.35207,0.02901,178.54619565217385,87.64144927536232,50.72978260869566,34.68118840579709,27.664181159420266,55.72439130434782,75.73550000000002,53.869456521739124,21.145514492753613,18.549188405797103,107.62887681159421,85.77230434782611,64.76072463768116,55.69878985507245,44.671760869565205,45.228695652173904,71.71450724637678,59.55050724637678,39.256528985507266,30.00415217391306
react_447,1.664821578091416,11.660198885748294,6.001208154379115,106.81456887311204,-27.432538848607603,144.36671146855457,1.704450792283874,3.2006560856627657,5.791318518008158,0.0023433196386404,45.94386901260214,142.08338548459443,-6.3221,-1.69,-0.02637,-0.40783,6.81,6.04,5.45,-0.35266,0.02883,177.21296753246753,82.28040909090915,119.71274675324675,43.775025974026,32.092045454545435,61.70587662337663,52.594461038961036,45.80331168831167,23.674636363636353,39.34612987012988,107.72230519480517,79.75924675324681,61.368824675324696,117.83272077922081,61.48379220779219,34.36566233766235,60.328311688311686,58.27040909090909,41.32957142857145,55.73676623376624
react_449,1.665989903213623,12.340392608352438,5.890530731464335,103.22210754416108,-29.61384402934299,139.8262618487728,0.0003228459199965,3.1017688599260502,6.063091831102129,0.0053136169252522,48.76428141784548,146.0426497648986,-6.0816,-1.638,-0.06937,-0.34564,8.97,6.58,5.64,-0.34797,0.03069,199.38426086956522,66.66581818181815,136.71911857707505,58.45086956521739,43.74475494071147,51.41697233201583,61.791727272727265,50.9863794466403,26.78154940711463,36.155000000000015,113.30192094861664,96.76766403162051,92.308628458498,125.08564031620556,55.44662450592885,52.67576284584979,58.31611067193675,49.153996047430844,37.40773913043477,51.63236363636362
react_450,1.6754779454131952,11.844191746729813,7.4390969936141085,127.06806485915244,-7.01962294054143,148.09996058058232,0.000435357335188,3.101755498505733,6.063160255701568,0.0079321046585133,48.91198647918711,146.21776494185372,-6.4856,-1.9582,-0.05776,-0.37924,5.45,5.28,4.67,-0.36594,0.0124,199.44195967741933,66.29171774193549,131.93829032258063,53.11757258064516,32.15183064516129,49.39500806451612,73.65390322580646,65.7147580645161,19.629838709677408,17.27407258064516,113.42499193548385,93.98147580645158,90.65948387096775,115.8179677419355,52.25666935483871,50.42537096774195,70.04543548387099,56.72479838709679,33.43103225806451,31.841725806451613
react_451,1.6656617039676986,12.12230885041623,7.09268187385947,124.16733391702442,-6.752480299659165,150.1484249560249,0.0001892903049614,3.1017760044223768,6.0630770640883815,0.0005887880242645,48.77536028577352,140.0682661465722,-6.2985,-1.8241,-0.07071,-0.34381,9.12,6.42,5.65,-0.35891,0.02147,199.54712686567163,66.19621641791043,133.89390298507465,48.135723880597006,133.22605223880598,50.357507462686584,66.13947014925373,65.32058955223881,20.861171641791042,18.9234776119403,113.15614925373136,92.49050746268661,91.11082835820899,120.02170149253725,86.31864179104471,112.2607985074627,63.51154477611938,53.97978358208953,34.018365671641796,35.73291791044775
react_452,1.6647594363326674,11.750723991009478,5.973770760039454,105.97400764628291,-28.06026079231381,139.40622596101016,1.81167396361119,3.1017750451934503,6.063159445008325,0.0011588395808364,48.682945899507786,144.030515991428,-6.2935,-1.8265,-0.07009,-0.34396,9.04,6.39,5.67,-0.35908,0.0215,199.4796588235294,65.24245882352943,134.6889411764706,49.92354705882352,213.35797647058828,50.776858823529416,63.979323529411765,58.17772941176473,25.160123529411774,27.00859411764706,113.34949411764704,94.46572941176471,89.75242352941174,119.30199999999996,120.64327647058826,158.96497058823527,67.23289411764708,47.4341,34.33977058823528,42.31055294117646
react_453,1.6759283749857348,11.218572944635426,7.403598505243256,133.0603710368892,1.3396006883227225,147.64832425722506,0.0003367485489433,3.1017410214372645,6.063177215119256,0.0057018048557933,48.5227951918637,144.50073625871346,-6.3946,-1.9332,-0.04987,-0.38575,6.76,6.07,5.49,-0.37062,0.01203,198.99507843137255,68.15527843137252,138.36089019607843,39.76369803921564,224.46285098039232,68.44116470588236,63.42063529411766,94.1568117647059,54.007984313725515,41.7559568627451,112.89932941176467,100.07653725490192,89.11932941176468,114.04038039215686,138.98607450980384,146.70187450980393,78.72136470588232,76.68415686274513,65.68897254901964,68.60232941176471
react_454,1.665245038099894,8.76164325114746,5.869847721669595,67.41288124768407,-17.864670361019595,145.14827068438632,1.8114746977212344,3.1018329123015542,6.06314657902112,0.0010858562189177,48.86671499679894,144.4251675523959,-6.4074,-1.6961,-0.05728,-0.37965,5.43,5.28,4.73,-0.36295,0.01668,199.4392115384615,68.81498076923076,134.1744230769231,44.73669230769231,210.3764038461538,39.74584615384616,15.185019230769226,21.676961538461537,0.0,0.0,112.75767307692308,115.98761538461544,82.0386346153846,121.93159615384614,79.0246346153846,165.07236538461535,34.10434615384615,22.17330769230769,1.0593653846153848,0.0
react_455,1.665624216742816,9.32701801099786,6.93766446481759,14.648955867582842,-0.0375837383815515,144.3031927010683,0.00039421978466,3.1017778270771403,6.063021887259844,0.0069138685782451,48.64581340318539,140.76619886974586,-6.3409,-1.8181,-0.068,-0.34815,9.14,6.49,5.64,-0.3839,0.00645,200.35197452229306,69.70245222929937,130.9833057324841,65.14001273885351,98.29357324840764,56.097834394904424,49.82433121019108,38.5708917197452,8.966585987261144,0.6105414012738855,112.96561783439492,103.99184713375799,84.70026751592358,137.52322929936304,87.00536305732489,69.17457324840763,56.02171337579619,38.33792993630574,19.726261146496803,9.094700636942676
react_456,1.6792830428805705,9.10603937667732,6.834811773429056,66.5768049405947,1.4232304440300247,150.3768228405061,1.811618014590599,3.1017314519285555,6.063056983123905,0.0018523382174516,49.10287253787187,143.6613452682111,-6.4293,-1.9536,-0.06944,-0.34663,9.12,6.31,5.68,-0.39148,-0.00357,200.02336666666676,69.45960000000001,131.32286666666658,57.8041,170.29104,52.07490000000001,51.76883333333332,44.20227333333334,10.61293333333333,0.8037466666666665,112.95074666666667,105.99062,81.79544,132.83768000000003,101.93857999999994,121.71784666666662,55.967373333333356,44.415586666666684,21.594000000000005,9.155786666666662
react_457,1.6781425853194374,8.932982172867943,7.041741921515904,93.43118775695432,1.5105756205523293,147.1803966585355,0.0002072047528167,3.10177667568092,6.06312984678165,0.0022463746537783,49.01086854279887,146.93454070761538,-6.4072,-1.9566,-0.06947,-0.34676,9.31,6.29,5.66,-0.39095,-0.00592,200.05810067114092,69.01016778523488,131.1262818791946,58.71792617449667,257.5834161073826,52.81036912751676,52.1540134228188,39.56809395973156,11.779832214765099,0.8542214765100673,112.94597986577182,105.70803355704699,83.12742953020134,128.69545637583894,119.00206040268452,188.24564429530213,62.056993288590604,44.42126845637588,19.516704697986576,9.942852348993288
react_458,1.677633830306394,8.900915690025027,7.3291971651348975,98.46271092707843,1.7459576854234682,148.46343684362083,0.0003817478879474,3.1017484260858463,6.063102357464769,0.0071480076414358,48.48128198918727,144.83137043317106,-6.2971,-1.9513,-0.06943,-0.34621,9.17,6.28,5.68,-0.39155,-0.00347,200.21560893854746,69.32155865921783,133.50189944134078,55.57277094972068,441.9615977653631,58.62447486033521,51.20604469273747,40.0984245810056,10.945486033519549,0.7906815642458102,112.88599999999997,108.30163687150834,81.15302793296088,134.07338547486034,170.732815642458,314.7079385474861,72.8813966480447,40.21134078212293,17.48933519553074,9.801670391061455
react_459,1.6650181775885269,6.630178946002987,10.04430690296195,35.77852854147641,2.048680175948979,148.13787627147298,1.811920058936198,3.101787758121893,6.063038094646736,0.0014806477865441,48.83433626120991,143.3875117448647,-6.4846,-1.9691,-0.06891,-0.34768,9.11,6.37,5.67,-0.39285,0.00032,200.14996212121207,70.64871212121211,128.29343939393934,59.54051515151511,71.29845454545455,49.837765151515136,56.21003030303032,43.623007575757576,14.603871212121215,1.0917727272727271,112.93693939393937,102.40236363636365,84.10606060606058,124.68355303030303,72.04123484848486,55.702318181818185,57.138113636363634,48.875916666666704,25.62445454545455,11.786575757575763
react_613,1.258207922734557,4.031457733924906,9.742083553061148,48.6363989679566,31.93241245110489,143.30215891090648,1.6647755784167813,1.6648220287078823,2.3544667714880827,5.65157432116318,66.85372686292887,149.76907985702863,-5.518,-1.0642,-0.09339,-0.36734,8.74,5.54,5.39,-0.22771,0.06022,156.99428571428572,0.0,32.644999999999996,106.04514285714286,61.336571428571425,32.297000000000004,50.82342857142857,34.80642857142857,0.0,0.0,119.06357142857142,37.93071428571428,2.416,54.17771428571428,84.53671428571428,46.800999999999995,66.99742857142857,30.662,32.36271428571428,0.0
react_731,1.6477138465371648,12.199554994645398,5.708776834933174,102.96500528880418,5.775370998263372,140.06062615603616,1.6647242897878511,1.6649162960228348,2.3544771165433547,5.651502714961381,66.9135470268539,147.30901206606782,-5.9256,-1.4661,-0.04993,-0.4123,6.02,5.90,4.45,-0.26008,0.04285,135.12702702702705,25.669864864864863,35.44137837837839,52.46586486486486,28.303729729729724,64.96078378378377,36.50024324324323,56.73464864864866,39.10932432432432,46.52735135135134,107.9882162162162,28.906108108108103,35.9597027027027,44.34624324324325,29.219054054054048,56.70618918918919,51.003702702702704,54.500405405405424,40.5548108108108,71.65578378378379
react_732,1.647801107394634,9.851934998872592,4.309536015270767,66.37789276487786,17.191873408139973,146.95108750480344,1.6648416203744507,1.6649160760794557,2.3544291354848115,5.651687577655888,67.58775110696682,144.8147207244301,-5.9747,-1.1474,-0.04432,-0.39343,5.69,5.56,4.81,-0.27161,0.0306,134.95017857142855,23.023107142857146,36.25357142857143,55.65864285714286,28.150749999999995,46.68589285714285,39.66407142857143,37.26564285714285,6.615142857142857,0.9723214285714287,108.07525000000001,32.16746428571429,31.559285714285704,50.12439285714286,29.432500000000005,54.907857142857154,45.9964642857143,33.98532142857143,17.01414285714286,5.976642857142855
react_733,1.647639713585713,11.941080381408812,5.807401099700568,73.18021791436091,8.395068099250476,148.2123933974224,1.6647568731477251,1.664784763672899,2.354465820982646,5.651148264964277,67.3880595216583,149.22262214658446,-6.2987,-1.1988,-0.04425,-0.39458,5.69,5.56,4.87,-0.25546,0.03422,135.11416666666668,30.810595238095246,33.43585714285714,50.183285714285724,31.24266666666667,57.5517619047619,18.010023809523812,38.80211904761903,49.35514285714286,111.71345238095235,108.11223809523807,31.196357142857146,37.299190476190475,42.94933333333334,32.17973809523809,52.05728571428571,39.03980952380954,36.69309523809523,38.25361904761904,138.43840476190474
react_734,1.6479839947310115,11.241149724893903,4.54455443408568,79.9404467842113,11.636644842534553,144.87440892311378,1.6647327359507766,1.6649173596986804,2.354493063044948,5.651617497535562,66.81489168241329,148.07104431674134,-6.2724,-1.0057,-0.04788,-0.40828,6.02,5.84,4.58,-0.25174,0.04023,135.14795833333332,24.299520833333332,36.06002083333333,52.69283333333334,30.695624999999996,51.69133333333334,25.210875000000005,24.517854166666666,31.56643750000001,17.25760416666667,108.09933333333333,28.982125000000007,34.86295833333332,47.03470833333335,31.112770833333325,52.39024999999999,39.63377083333334,30.468479166666665,22.598770833333333,33.956895833333334
react_735,1.6478467357022015,10.351164324258592,4.288310089273228,67.39964339744527,11.62118507999964,146.22101224060486,1.6648093377795103,1.6648955105053704,2.3544882190769583,5.651377884485461,67.30948485673137,151.58504318907416,-6.2927,-1.0031,-0.05593,-0.38327,5.76,5.60,5.49,-0.25039,0.04262,135.12161538461538,28.224500000000003,34.50415384615385,52.98723076923078,29.963499999999996,54.644653846153844,20.240615384615385,23.800423076923078,20.515961538461543,2.170307692307692,108.08469230769232,31.48111538461539,34.431,41.13961538461538,33.75357692307692,55.64776923076923,36.895538461538465,25.067269230769224,19.892961538461538,15.779423076923079
react_736,1.6478611051420944,10.47386803015556,5.931551679899043,95.75074013303951,19.018874882749,144.25770435140765,1.6648216432376286,1.6648530657093568,2.3545066452290717,5.651796669321428,66.91928855024241,152.63198977630148,-5.4585,-0.7412,-0.04155,-0.39868,5.68,5.54,4.89,-0.24365,0.04779,135.34023076923074,26.724615384615387,35.64900000000001,45.749153846153845,35.09184615384615,57.333000000000006,23.04507692307692,26.271615384615384,49.165461538461535,5.839538461538462,108.0573076923077,37.75069230769231,32.40176923076923,40.326615384615394,41.168692307692304,51.22338461538462,38.407076923076914,32.012846153846155,30.251692307692306,28.60946153846154
react_737,1.6867525518557194,7.1227406468050125,3.724226518331804,9.657925251932104,31.84449015412396,144.13802016064568,1.8119061708258208,3.1017825940970187,6.0630556510246025,0.0009607669434789,48.96509668436012,146.75948275952385,-6.077,-0.7309,-0.03524,-0.39253,5.29,5.23,3.44,-0.23821,0.04745,200.36049056603775,47.812056603773556,131.1831886792453,66.96284905660377,28.988962264150942,10.143924528301886,0.6941132075471699,0.0,0.0,0.0,114.84596226415091,82.61452830188679,102.43994339622643,120.7571509433963,35.15449056603774,19.89541509433962,9.694622641509431,0.7434716981132076,0.0,0.0
react_738,1.6479468455491066,10.571680626610709,5.29428190778703,85.50266143678255,18.43793176192644,143.87845068054102,1.6822521964235473,3.091909918316447,3.695254331834304,19.08026990697319,58.78119486568757,147.2184963979534,-5.4596,-0.7479,-0.04889,-0.41176,5.99,5.75,5.47,-0.24353,0.04794,154.5346607142857,29.23739285714287,37.43075000000001,53.09398214285712,34.53217857142858,47.31987499999999,29.211071428571426,26.26933928571429,49.02750000000002,6.248196428571427,107.84483928571426,57.78051785714286,26.928589285714292,54.448249999999994,31.572732142857152,57.692446428571394,42.114428571428576,25.604589285714294,36.667107142857155,26.251446428571448
react_739,1.681748655547813,10.058441452218284,7.335752892853979,109.65523890075046,20.97607089246909,137.27874082415912,1.6838606210739313,4.4257439693991225,3.714826226805171,27.12445079630701,50.13114996538508,141.31299292526543,-5.4545,-0.7403,-0.04234,-0.42278,6.08,5.92,5.81,-0.24352,0.04795,153.81924999999987,45.82641249999999,49.987693750000005,54.229506249999986,33.718862499999986,51.89126874999996,22.981381250000005,26.22832499999999,49.33118125,5.718468749999999,107.8507875,65.37389374999997,35.1543,63.9950375,35.833712500000004,56.4993875,38.61883125000003,27.85106874999999,34.704768750000014,27.850562500000013
react_740,1.647938929538745,10.473708263491623,5.931982725853823,95.75623940733796,19.299490653938264,143.2095487416864,1.681228242642964,4.98560358656712,3.724987291589014,31.11896599478378,44.33307548628044,141.4291798175038,-5.4787,-0.7849,-0.05094,-0.41407,6.45,5.98,5.73,-0.24255,0.03092,154.61821406727827,49.713045871559665,59.377418960244604,67.10189908256879,36.618250764525975,54.28003058103972,17.83738532110092,26.086685015290524,49.50256880733948,5.420889908256878,107.8361559633028,63.16557798165137,41.34885932721713,71.88359021406721,50.10158715596331,53.04546788990823,41.2669510703364,28.160541284403664,34.380837920489256,29.366819571865395
react_741,1.647893788393512,10.571465894131522,5.294109544344317,85.49097044793069,18.951034583051616,139.7019380412499,1.6833264221955435,6.022914617449814,4.423487514199259,43.08826081167487,35.18300016761287,141.66926688562256,-5.4342,-0.7081,-0.04941,-0.3823,5.57,5.56,5.55,-0.2425,0.04889,154.8346046511627,51.80860676532768,57.465953488372115,77.24803805496832,48.64479704016916,61.078849894291785,15.398031712473573,26.95953911205071,48.60507610993659,5.327832980972523,107.80536363636364,64.84979915433402,42.858010570824554,79.60860253699788,59.76163636363643,61.0252748414376,40.659997885835054,29.858539112050735,33.228473572938675,27.715632135306514
react_742,1.647820392353135,10.474094611616527,5.931011114155436,95.74316976974367,19.9401670286244,139.254574492618,1.683406264556282,8.26365164772635,3.7162153191889686,51.55471510356326,30.5198501073045,144.21812124235598,-5.4619,-0.7472,-0.03671,-0.39684,5.54,5.51,4.61,-0.24212,0.03155,155.11643527204478,57.23803377110698,57.41285741088177,79.29150844277679,59.19028517823641,70.86543527204502,14.22703752345217,29.069590994371453,46.657024390243855,5.099455909943716,107.80308442776743,67.0017317073171,46.76056472795497,77.43841088180116,68.85042589118201,65.92508255159476,49.12045403377111,31.425052532833007,34.17636585365856,25.666491557223253
react_743,1.647814156193428,10.571527542369807,5.2941099474100834,85.48512386850442,18.791732017205828,142.64438804876772,1.6897330543348557,6.046682315711337,6.753720779053796,67.2557911440986,37.01213027984263,146.15405120717546,-5.4178,-0.6882,-0.0678,-0.37614,5.74,5.64,5.57,-0.24196,0.04936,150.79525762711862,115.97351186440679,99.42636271186436,124.17060338983046,77.02544067796613,66.07392881355932,15.388925423728814,26.786240677966095,48.39368813559325,5.695081355932203,103.93472542372879,65.62096610169495,140.78950847457628,114.88950508474579,90.94045423728812,84.52045762711866,42.393522033898286,28.872579661016943,33.55846779661015,24.208854237288126
react_744,1.692298569863835,8.528694102986357,7.550730177354463,94.4675706723217,25.16488522739047,140.043542963754,1.6479382710240145,10.571487965184112,5.294192904065793,85.49500673990134,19.01180787110912,144.27374681923547,-5.4579,-0.7494,-0.07659,-0.40962,6.30,6.08,5.82,-0.24175,0.03182,151.1585795053004,100.88762544169607,164.32503886925795,206.06630035335692,159.3560141342755,134.35028268551238,39.958381625441696,34.934632508833914,42.19834982332155,4.659381625441697,104.4826855123675,76.21739575971732,162.63600706713783,152.38602473498233,177.71829681978798,157.36314840989402,108.13244522968193,36.38332155477029,33.55357243816258,29.021689045936398
react_745,1.6479477501418995,10.571467938358332,5.294243263055452,85.49625236259914,19.95620121332724,138.17978361597557,1.6532972239898922,6.6082668504312325,5.17186510771802,48.09657737868872,35.1390666609145,148.90578125776497,-5.4388,-0.7188,-0.06189,-0.40463,5.97,5.79,5.54,-0.24273,0.04879,151.88798491379313,73.78862499999998,156.9723189655171,164.26473706896564,90.85491594827587,83.85388146551716,7.568573275862076,30.98614439655172,44.42394827586211,4.484584051724138,104.5511336206896,54.42290517241381,151.90098491379294,123.41938146551732,132.3665150862069,96.53806465517238,60.0696099137931,21.47708620689654,35.0135775862069,29.326454741379266
react_746,1.6478381781287852,10.571552388675576,5.294031354049303,85.48704039523989,19.412914998490315,142.4024968909256,1.6788396769422356,3.150088830892141,4.491745270780244,20.552889504668585,27.98660191106513,153.67264984816646,-5.4905,-0.791,-0.08499,-0.4099,7.87,6.32,5.93,-0.24307,0.03042,150.5125564516129,36.622524193548365,48.82551612903222,54.203104838709685,34.0215887096774,46.83263709677416,28.767637096774216,26.778604838709693,48.83995161290324,5.865879032258062,103.3921290322581,64.51404032258067,39.21321774193549,61.77524193548389,29.204620967741935,55.05204838709679,37.04729032258066,33.11766935483869,32.013661290322574,25.940080645161306
react_747,1.6479342521258784,10.571458952203848,5.294341524684056,85.49829764017436,19.989258474905096,145.10799530688843,1.657014033908515,5.27788263756192,4.580860051565335,27.42747587550182,28.788490990420687,144.92615391868603,-5.4812,-0.7726,-0.08484,-0.39846,6.87,6.07,6.02,-0.24216,0.04251,150.23177170417998,68.13305787781351,89.33332797427654,105.41432797427655,76.09510289389064,78.91182636655942,14.516389067524106,29.661157556270076,45.62320900321543,4.918967845659168,103.9267170418006,78.3775691318328,70.85665273311896,104.81929260450153,68.39735048231512,100.16918006430873,46.809389067524094,30.869205787781333,35.72977170418005,22.884009646302257
react_748,1.681725797389393,10.058316554834652,7.335936167170308,109.65239949541932,19.038104910426497,142.19365885309884,1.6561185357263988,5.182002978195728,3.9277737951233327,25.71637084275333,39.840815958178105,146.93277056615426,-5.4557,-0.7263,-0.05956,-0.37314,4.23,3.88,2.43,-0.24336,0.04801,150.00048453608233,51.5576701030928,70.67960481099651,75.02045704467353,41.251776632302395,49.2093848797251,26.098573883161517,27.926061855670113,47.48486254295533,5.786089347079042,103.66908591065297,66.54962542955326,54.12631615120275,79.81667353951892,52.62834707903781,60.575701030927796,36.523357388316136,32.76500687285226,33.10240893470792,25.258443298969066
react_749,1.6817027495278152,10.058358085446432,7.33588721736807,109.65047580978576,20.15701578958146,138.96857155263737,1.676865877094879,7.903264323482237,5.678172518684639,40.81704222709287,29.277622385071545,141.2908366326811,-5.4413,-0.7276,-0.05161,-0.41256,6.19,5.97,5.10,-0.24281,0.04332,152.0589525065962,60.97805013192613,82.26045646437998,108.14555672823212,81.2239788918206,95.6210976253298,25.405794195250646,34.70434828496039,44.28131398416888,5.023678100263852,107.60703693931399,70.67877044854879,66.80618733509233,89.08158047493396,92.5208759894459,92.24933509234832,66.28325593667549,40.872693931398395,36.268137203166226,27.33535356200525
react_750,1.6766710948580157,8.63659493961153,9.891070226058533,137.8281713535298,16.334253769570743,140.4791198765278,1.647831438782544,10.4737396951669,5.9317504350333135,95.74745230720929,19.52602985537225,143.28820178254605,-5.4715,-0.7629,-0.05367,-0.40726,6.17,6.00,5.76,-0.24404,0.04751,151.7565772357723,53.239256097560975,126.99760162601623,194.3543292682926,177.00480081300816,178.54972764227642,82.29698373983739,51.06733333333331,44.359735772357695,5.0882520325203195,107.89187804878051,67.17967073170732,95.89704065040642,112.28159349593498,207.0309878048781,172.1586341463415,135.06051219512202,89.78525203252026,47.50809349593496,29.920934959349594
react_751,1.6478431570266003,10.473868514404147,5.931483658042981,95.74723814194763,19.09022885896709,143.933966945271,1.6766966889009456,6.310150133586663,7.326639097502322,46.5347340085598,33.12488833609198,140.27944448096358,-5.4284,-0.7113,-0.05243,-0.41263,6.16,5.95,5.58,-0.24241,0.04908,151.47071979434438,56.88879177377888,116.27762724935727,136.43707969151677,95.72385604113111,96.10500257069404,22.50361439588689,27.852550128534666,48.14189974293063,5.225979434447301,107.72912082262206,63.758542416452435,96.8262827763497,92.02124164524422,139.5697172236504,91.53867095115683,64.54533161953722,40.66292287917739,33.84468123393315,26.13060925449871
react_752,1.647821899767341,10.571730022104036,5.2936620275145145,85.48588537661487,18.889445720937257,143.32457618467893,1.689241045916885,3.098649665043034,5.005048936232525,25.99083637265448,40.50713111474864,152.37387090983628,-5.5139,-0.806,-0.06005,-0.38093,6.19,5.70,5.49,-0.24563,0.04598,151.53944516129036,89.85862580645168,79.85967096774193,54.571864516129004,32.73971612903228,48.08920645161291,28.26107096774192,27.98138064516128,47.260541935483865,6.086683870967742,107.19755483870968,92.23518064516125,52.572058064516135,97.85532903225804,33.26988387096773,54.16557419354838,38.81678709677418,30.657787096774197,33.27010322580644,26.20794838709678
react_753,1.6478718796650371,10.47399992432793,5.931270837976896,95.74820975047098,19.562568288480342,144.2658731441732,1.6738711077879307,3.651277093570581,3.685498286911598,11.14761982129111,34.6765739844869,147.80157104294025,-5.5254,-0.8203,-0.05072,-0.39502,5.95,5.52,4.81,-0.24607,0.04541,150.85449572649574,34.001427350427356,41.58127350427348,57.19574358974357,31.67741880341879,46.33942735042735,28.944555555555556,27.27909401709402,48.21908547008547,6.004264957264957,106.74531623931622,60.71611111111115,33.21468376068377,56.954153846153844,30.607034188034188,57.51290598290599,37.52713675213676,28.378179487179487,37.13829059829061,23.302974358974353
react_97,1.1185908175698018,7.004222040430612,7.942115519980212,56.26987151433394,31.828281710041576,140.9629303673872,1.6822632669180315,3.0920051872693306,3.694997490090075,10.823979120594691,55.51054033762519,145.94504964038106,-6.0537,-0.7739,0.35529,-0.50481,7.59,7.32,5.88,-0.263,0.06546,175.29778048780483,144.78604878048776,135.69199999999998,140.5861463414634,87.51053658536587,34.0009756097561,2.808048780487805,0.0,0.0,0.0,106.47265853658539,161.19982926829266,128.17509756097564,158.0957804878049,80.70748780487803,55.763390243902435,27.908341463414633,2.358951219512195,0.0,0.0
react_98,2.4758101974345403,5.558282660226228,3.466176859213811,23.943576033362717,31.29896241271282,148.37221867865588,1.6821968410041637,3.09206845656534,3.6949142977154232,10.8238780258821,59.002091690229165,151.28835093904385,-6.3125,-0.2338,0.32554,-0.46955,7.14,6.28,6.13,-0.24374,0.04235,152.60962903225797,36.17406451612903,55.006032258064494,48.523290322580664,35.35085483870968,16.59033870967742,1.3176612903225806,0.0,0.0,0.0,107.11725806451611,61.73317741935484,55.75035483870966,59.11922580645162,14.240532258064516,41.532500000000006,4.679306451612904,1.399516129032258,0.0,0.0
react_99,1.6865936791643852,4.556764801955003,5.5237244161547885,42.087003430483776,26.84559880804266,153.67602666487198,1.6821690703977443,3.092041329714569,3.6950117437578567,19.07917832675003,55.871504805761205,142.74362233344445,-6.8526,-0.0081,0.32688,-0.45576,7.62,7.37,6.03,-0.38487,0.01909,150.181696969697,27.31186363636364,64.83672727272725,40.99198484848484,3.7254090909090913,0.0,0.0,0.0,0.0,0.0,117.46795454545456,42.842575757575766,31.687500000000007,76.40369696969694,17.536196969696967,1.1097575757575753,0.0,0.0,0.0,0.0
react_362,1.6860578888606623,5.898120689204647,14.553916765591524,96.31205492353456,-3.097643390356821,144.22401819983995,3.329796534706807,4.79933848723917,5.082009865180184,50.943630592841984,43.53990075642277,147.9814277441941,-5.5035,-0.395,-0.49251,-0.37179,4.64,3.99,2.88,-0.2966,0.00626,210.73427402135226,188.6134875444842,141.85137010676155,93.4687402135231,61.5852099644128,69.32996085409255,41.08759786476868,27.682992882562274,23.047480427046267,26.783843416370104,90.2668540925267,224.70191814946617,140.17318861209955,131.59290391459078,70.8498149466192,68.09791103202845,62.91007473309614,35.884900355871864,22.459224199288265,37.24816725978646
react_448,1.67741028568495,11.982753750079958,6.716288779606646,120.6159512532933,-30.20711940550696,141.0933854444298,3.366978731292663,3.3671640468237416,4.114103329920202,40.39413511708758,49.82758121558967,145.79346016992443,-6.294,-1.833,-0.52011,-0.33245,6.22,4.79,4.06,-0.35298,0.02626,211.94681914893613,161.37868085106388,60.60177659574465,34.16892553191488,27.087531914893624,51.236723404255315,51.31328723404254,48.31724468085106,31.10174468085105,43.554638297872344,88.45217021276592,188.42663829787233,89.43877659574473,76.55255319148935,31.10693617021275,42.58181914893617,61.848808510638285,46.00471276595743,39.05892553191489,57.23603191489364
