,b1,b5,l,vol,espmin,espmax,homo,lumo,nat_charge_1,nat_charge_2,pert_1,pert_2,pert_3,pi_orb,pi*_orb,disp_1_0,disp_2_0,disp_3_0,disp_4_0,disp_5_0,disp_6_0,disp_7_0,disp_8_0,disp_9_0,disp_10_0,disp_1_1,disp_2_1,disp_3_1,disp_4_1,disp_5_1,disp_6_1,disp_7_1,disp_8_1,disp_9_1,disp_10_1
react_2,1.6831034439048709,4.837526842538547,3.737586845041007,30.177258009209496,53.21507304945506,146.52013433280104,-7.0097,0.0942,-0.19358,-0.42429,5.46,4.73,4.52,-0.26757,0.05404,114.35157692307692,41.102769230769226,61.10023076923077,110.24603846153846,7.313076923076922,0.0,0.0,0.0,0.0,0.0,90.07292307692306,19.667653846153847,68.28226923076922,75.28038461538462,66.1851923076923,14.62526923076923,0.0,0.0,0.0,0.0
react_5,1.6865633115925909,6.245409087763405,7.788965465218613,77.42651948051729,-8.290511844016226,149.22644826006976,-6.9504,0.5036,-0.19356,-0.4247,4.67,4.66,4.60,-0.26345,0.05768,115.35212747252743,22.94185934065934,27.599356043956014,33.31742857142857,25.86982197802197,17.623780219780222,3.4124857142857183,1.2210087912087906,0.0034000000000000002,0.0,90.10337802197805,23.874142857142846,29.572362637362644,33.46836923076923,30.771428571428572,21.503230769230775,12.914967032967038,3.902819780219782,1.124982417582417,0.10558681318681319
react_14,1.687398063802975,5.414497007601437,10.112300461598402,55.310004023237504,31.09941791562385,144.5011797196552,-6.9081,0.4662,-0.19681,-0.40907,5.16,4.63,4.38,-0.26171,0.05996,115.45724897959182,24.393368707482963,26.21791564625848,37.58313333333334,29.827680272108875,25.52931700680269,15.281755102040817,7.178658503401358,2.4300585034013595,0.2151020408163266,90.01074693877551,22.630214965986397,32.705368707483004,36.546448979591815,33.12347482993197,26.986148299319748,20.90820680272108,12.699138775510201,6.528578231292517,1.9759115646258498
react_20,1.6833949678079805,13.803651071997017,3.716137452405956,85.39923321247882,-20.59418463112716,147.64305474645911,-6.9613,0.4927,-0.1942,-0.42412,5.42,4.68,4.64,-0.33604,0.10863,115.37442921686751,27.077879518072283,33.771085843373505,45.75606024096383,38.71780572289168,37.23024096385545,23.73335542168675,16.580459337349406,12.449609939759036,9.932876506024092,90.06469427710844,28.003703313252984,38.44818825301207,39.50990512048199,41.92707680722896,36.047396084337365,30.96698042168675,21.094658132530117,16.2077093373494,18.35349096385544
react_79,1.686575126877369,3.13685746089876,4.68117630895113,21.11366275839607,50.08358273960457,147.0953342359595,-6.92,0.4632,-0.19768,-0.4086,5.17,4.63,4.37,-0.26193,0.05987,114.7263,24.4784,10.0748,0.765,0.0,0.0,0.0,0.0,0.0,0.0,90.5669,20.1279,27.7365,11.102599999999999,0.5105999999999999,0.0,0.0,0.0,0.0,0.0
react_80,1.6897600087784188,3.4128157654128963,3.2109623433813885,15.71492272679212,68.88381763561723,154.34299361552797,-6.8171,-0.9166,-0.23733,-0.39166,6.08,4.69,4.05,-0.27807,0.04599,91.01366666666667,381.9766666666667,0.0,0.0,0.0,0.0,0.0,0.0,0.0,0.0,87.245,131.02266666666668,254.72266666666667,0.0,0.0,0.0,0.0,0.0,0.0,0.0
react_81,3.1296815103354256,3.129814472186645,3.6291607705586415,30.78625824938937,56.077507065546605,142.07252247992372,-6.9441,0.4938,-0.20204,-0.41259,5.67,4.50,3.40,-0.2615,0.06229,154.44650000000001,22.7095,0.0,0.0,0.0,0.0,0.0,0.0,0.0,0.0,86.76849999999999,66.46900000000001,21.395,2.5235,0.0,0.0,0.0,0.0,0.0,0.0
react_82,1.70436350335599,3.2007894545342914,5.791374125983617,0.0036025644582592,46.865684124869006,148.61964679179962,-6.8529,0.5495,-0.1927,-0.41833,5.46,4.93,4.48,-0.26037,0.06149,135.8709230769231,22.638384615384616,57.784076923076924,6.708846153846154,1.0252307692307692,0.0,0.0,0.0,0.0,0.0,89.36046153846154,41.39269230769231,31.477538461538458,52.17646153846154,8.80123076923077,0.819076923076923,0.0,0.0,0.0,0.0
react_179,1.6439922578978892,3.20103557020094,2.943687153719099,13.64473385598698,65.85228676038587,156.4139794940658,-7.2214,-0.8207,-0.23229,-0.37298,5.37,5.00,4.61,-0.2883,0.05213,90.4745,189.95475,0.0,0.0,0.0,0.0,0.0,0.0,0.0,0.0,86.594,98.84675000000001,94.9885,0.0,0.0,0.0,0.0,0.0,0.0,0.0
react_180,1.6618926313114963,2.9097453148192627,2.9041928011443767,12.251222678990947,51.09500990635051,161.7410360785989,-7.6742,-0.7013,-0.25825,-0.36228,6.17,4.84,3.53,-0.2939,0.04442,293.7678,0.0,0.0,0.0,0.0,0.0,0.0,0.0,0.0,0.0,83.99640000000001,105.64020000000001,104.13119999999999,0.0,0.0,0.0,0.0,0.0,0.0,0.0
react_181,2.178104215908671,2.1782159244966617,2.725091500480173,11.196912460941324,50.61066628344623,160.3982093013451,-8.2858,-0.7789,-0.33582,-0.34487,6.67,6.20,6.20,-0.301,0.02463,116.0525,0.0,0.0,0.0,0.0,0.0,0.0,0.0,0.0,0.0,87.892,28.1605,0.0,0.0,0.0,0.0,0.0,0.0,0.0,0.0
react_182,2.930584722871888,2.9308507514516444,2.876298622356104,21.395852478738377,54.91090151343799,157.50810663573884,-7.7789,-0.9736,-0.27359,-0.34923,6.58,4.85,4.07,-0.29659,0.02824,390.7635,0.0,0.0,0.0,0.0,0.0,0.0,0.0,0.0,0.0,81.868,154.3795,154.51600000000002,0.0,0.0,0.0,0.0,0.0,0.0,0.0
react_183,1.659259203390896,2.9073511518422377,2.9073073978990918,12.204313715012397,50.62361374907105,153.68769470144045,-7.4171,-0.3847,-0.22886,-0.37954,5.36,4.63,3.72,-0.28689,0.05375,195.71749999999997,0.0,0.0,0.0,0.0,0.0,0.0,0.0,0.0,0.0,86.53724999999999,56.43575,52.7445,0.0,0.0,0.0,0.0,0.0,0.0,0.0
react_184,1.6647976662825683,1.6648938895561978,2.354396275549402,5.651413582915598,67.48017747245088,148.33959496337013,-6.9245,0.5144,-0.1992,-0.41488,5.22,4.52,4.34,-0.26228,0.05901,96.4655,0.0,0.0,0.0,0.0,0.0,0.0,0.0,0.0,0.0,90.423,6.0425,0.0,0.0,0.0,0.0,0.0,0.0,0.0,0.0
react_185,1.6821086279444826,3.0920129033973023,3.695076683378178,19.078525199444563,55.717908685524606,149.68567776175666,-6.944,0.436,-0.201,-0.40968,5.17,4.64,4.36,-0.26233,0.05988,115.646,7.6048,0.0,0.0,0.0,0.0,0.0,0.0,0.0,0.0,89.739,23.9308,9.064400000000001,0.5166000000000001,0.0,0.0,0.0,0.0,0.0,0.0
react_186,3.366972628714138,3.3670942717827907,4.114136366904165,31.280904202316894,49.617499391244415,139.83614738194362,-7.1486,-0.0593,-0.69413,-0.36407,4.11,3.75,2.14,-0.26526,0.04974,168.846,90.43350000000001,7.711,0.0,0.0,0.0,0.0,0.0,0.0,0.0,69.1965,142.262,46.497,9.035,0.0,0.0,0.0,0.0,0.0,0.0
react_187,1.6833908324629312,7.556529359410485,3.716068005656883,46.58115306632889,14.069909696044066,146.79750305624296,-6.8907,-0.6598,-0.20649,-0.40172,5.18,4.58,3.95,-0.45372,-0.01893,115.40960747663553,31.53981308411215,35.84818691588785,36.69671962616823,11.714906542056076,5.167728971962616,3.11177570093458,0.7114299065420561,0.0,0.0,90.05588785046729,29.295626168224302,35.303261682243,38.45934579439252,26.21042990654206,12.777214953271029,5.55829906542056,2.3029532710280374,0.2371495327102804,0.0
react_188,1.6832388555425015,5.734969172393195,4.117683111100521,39.57807400953271,-2.863366620664378,150.31433387880938,-6.9134,0.5395,-0.19347,-0.42529,4.68,4.67,4.61,-0.26222,0.05888,115.2496845637584,26.06493959731543,25.735315436241613,21.616503355704708,4.4167852348993275,0.6571073825503355,0.0,0.0,0.0,0.0,90.08875838926177,24.982651006711414,27.65938926174497,28.15942953020135,17.05630201342282,5.132959731543624,0.6556577181208053,0.005187919463087248,0.0,0.0
react_189,1.6972008014062556,3.84167798971109,4.702604579213309,6.577419175585447,48.70407094303073,146.87741965016937,-6.8776,0.5019,-0.19609,-0.41346,5.35,4.90,4.50,-0.26099,0.06118,138.17180000000002,21.0858,35.07090000000001,2.8896,0.0,0.0,0.0,0.0,0.0,0.0,89.0956,40.6956,32.4093,31.0836,3.9339999999999997,0.0,0.0,0.0,0.0,0.0
react_190,1.679869589503982,5.173165559261518,4.272379584726734,34.85593897837241,37.12513783260537,139.74089332707786,-6.9064,0.472,-0.1967,-0.40899,5.16,4.64,4.38,-0.26169,0.06005,115.64199999999997,24.574289473684217,24.791210526315794,26.834184210526324,9.01334210526316,2.659197368421053,0.1681578947368421,0.0,0.0,0.0,90.06869736842107,20.08246052631579,33.77936842105263,29.84657894736841,20.714144736842115,7.325697368421052,1.76453947368421,0.10089473684210526,0.0,0.0
react_192,3.3297234350440146,4.799322478500407,5.081939549916073,50.94142496107247,45.36875859229394,143.75214406859797,-7.008,-0.1074,-0.69817,-0.36102,4.06,3.76,2.05,-0.26547,0.0489,167.47606249999998,125.54562499999997,42.921375000000005,9.555145833333333,0.0,0.0,0.0,0.0,0.0,0.0,69.02445833333334,142.49520833333335,78.77327083333334,39.24433333333333,15.03039583333333,0.9305416666666666,0.0,0.0,0.0,0.0
react_200,1.3262190735315995,2.911003670996548,8.589832736561533,10.537393308125862,39.18230425836026,148.16567958451975,-6.258,-0.6344,-0.27328,-0.35813,8.18,5.27,4.37,-0.26734,0.15367,130.4834705882353,0.0,25.267470588235295,71.10288235294118,33.827735294117645,24.820147058823526,1.40535294117647,0.0,0.0,0.0,98.2534411764706,32.230029411764704,0.9717352941176469,44.990911764705885,63.107705882352946,27.664676470588233,18.440676470588237,1.2478823529411764,0.0,0.0
react_201,1.2921545768403324,7.45466215780552,6.4039389362585535,59.13907813653756,29.47279577670136,148.92914255678258,-6.2641,-0.6259,-0.27378,-0.3592,8.11,5.27,4.37,-0.26828,0.15155,130.51516164383568,0.42803013698630143,29.22178356164383,49.22808219178082,24.620306849315064,26.740358904109577,19.097010958904125,9.104967123287668,4.141821917808223,0.3308986301369864,98.30678904109585,32.47019452054798,3.5955315068493143,37.73445479452055,43.899232876712325,22.826684931506854,27.400364383561655,14.194920547945195,9.395736986301372,3.6045123287671257
react_212,1.732812532771013,5.311770314952694,3.581287953728335,3.1644037822895776,40.612374430100495,144.80378894472156,-6.8525,0.5235,-0.1919,-0.41982,5.67,4.87,4.41,-0.2605,0.06157,138.27740277777775,28.80715277777778,56.34313888888887,47.79887499999999,6.3398333333333285,0.11184722222222224,0.0,0.0,0.0,0.0,89.5030972222222,40.97012500000001,40.44943055555555,59.87744444444448,41.06412500000002,5.702083333333332,0.11194444444444443,0.0,0.0,0.0
react_217,3.2452575086563757,4.905670628891593,5.252107438191559,82.12307534005973,45.73784146418514,140.91356131091743,-6.8339,-0.1939,-0.69953,-0.36278,3.95,3.81,2.14,-0.26648,0.04741,166.90542424242426,162.60184848484852,78.34848484848483,17.11551515151515,0.0,0.0,0.0,0.0,0.0,0.0,69.55448484848486,162.2745151515151,96.60957575757577,68.57039393939395,26.380575757575762,1.581727272727273,0.0,0.0,0.0,0.0
react_226,3.1236062576646635,3.150210780627904,5.811882632196162,23.231735572117337,45.84702051892657,145.2005380815915,-6.8369,0.5102,-0.19614,-0.40947,5.60,4.53,2.88,-0.2601,0.06299,151.90300000000002,15.643,127.1115,16.063499999999998,7.891,0.0,0.0,0.0,0.0,0.0,87.028,52.329499999999996,38.564,113.954,22.7905,3.946,0.0,0.0,0.0,0.0
react_247,1.6859546192176402,15.78531251972969,12.438246821499042,282.8453605264816,15.234244165882478,144.37173919992208,-6.7097,0.2598,-0.18542,-0.4049,5.35,4.62,4.06,-0.26387,0.15453,124.9933021201412,38.62907773851586,28.313878091872798,88.80426678445237,64.26131625441694,35.38270141342758,29.89061307420496,15.01617137809188,15.99411307420494,67.13981802120138,88.1665459363957,27.709160777385154,68.87538515901055,80.4427102473499,51.44112367491159,47.553187279151985,29.685252650176697,23.12016077738516,14.939212014134274,76.49251943462893
react_311,1.683426667486091,5.717252143070265,3.716049804487224,35.630671680549206,42.11844453266541,145.8029031206668,-6.9088,0.4673,-0.19626,-0.409,5.18,4.63,4.34,-0.26169,0.05997,115.06091666666667,23.41841666666667,20.227999999999998,17.08804166666667,1.07075,0.0,0.0,0.0,0.0,0.0,90.3035,20.245874999999995,28.88591666666667,23.149625,12.680000000000001,1.6012083333333333,0.0,0.0,0.0,0.0
react_520,1.67964765517101,14.74526108886146,6.550212473853542,161.5237090582309,16.6667546591967,148.73385451917278,-6.8759,0.5751,-0.1925,-0.42564,5.42,4.70,4.66,-0.26087,0.06019,115.32080815569961,20.553580166821163,38.774870250231686,55.61037164040788,54.41329564411491,43.38512974976831,28.158103799814658,20.799914735866558,19.32612789620019,48.65462465245598,89.98046895273396,21.437826691380913,42.589768303985196,54.531285449490284,52.87136607970348,43.93652641334567,33.9166543095459,24.70742539388321,20.611710843373498,60.41379425393881
react_521,1.679975708517605,14.27009596688973,3.7170312435403914,73.01679914562801,22.266884037346948,143.51075021201,-6.8776,0.572,-0.19279,-0.42539,5.41,4.71,4.63,-0.26088,0.06019,115.26770396270388,22.736944832944843,29.782823620823642,47.97897824397822,42.250270396270395,38.94483838383832,25.09313053613052,21.325188811188813,19.163344211344217,28.826672882672927,89.9238135198135,21.791706293706234,35.93685081585076,41.28354001554002,44.762557886557914,39.74897513597515,32.81180341880343,23.03322222222223,20.98299844599843,41.094428127428095
react_522,1.6864065142299656,6.937970930279073,5.996888879510232,68.26545283942193,35.276668192295766,145.9554818598013,-6.8848,0.4854,-0.19635,-0.41,5.18,4.63,4.37,-0.26149,0.06028,115.59984659090907,26.044880681818178,27.33938068181818,32.549261363636326,20.108738636363633,7.563755681818179,1.2255113636363637,0.05811363636363636,0.0,0.0,90.10044886363639,23.105795454545458,34.142420454545466,33.133022727272724,26.80198295454544,15.88834090909092,5.921340909090909,1.3380227272727274,0.05811363636363636,0.0
react_584,1.6871525779832015,7.854821221894983,13.54383615159994,101.33614868978846,3.1353717069200298,148.61497881161068,-6.6864,0.4715,-0.20378,-0.40964,5.18,4.63,4.52,-0.26139,0.06149,115.16888577586207,15.693299568965514,35.443653017241374,48.86291594827589,61.9811228448276,72.72190517241373,56.33188146551724,47.93158620689661,43.90873922413795,48.882963362068956,89.9585840517242,22.618019396551745,30.20800431034484,48.45399568965518,62.095413793103425,58.45050862068967,62.58716163793101,48.316226293103455,46.59598060344828,77.64305818965514
react_1,1.446588918795984,3.0366296293221198,6.042538747868464,0.0029045594034287,12.876926344149403,155.49150298681863,-6.2066,-1.4705,-0.2428,-0.37275,5.62,4.63,3.88,-0.41276,-0.0297,121.1245,144.68,164.63549999999998,20.871499999999997,0.0,0.0,0.0,0.0,0.0,0.0,92.50450000000001,86.6245,86.6755,164.63549999999998,10.4345,10.437,0.0,0.0,0.0,0.0
react_3,0.4985158789316682,2.87204537335587,5.3542455705197884,0.000917619485918,51.19753334465994,144.72811249502817,-5.7527,-0.8968,-0.2643,-0.38206,5.54,5.25,4.54,-0.26934,0.02979,138.397,28.9175,29.511000000000003,4.887499999999999,0.0,0.0,0.0,0.0,0.0,0.0,91.723,24.535,52.5985,30.411499999999997,2.445,0.0,0.0,0.0,0.0,0.0
react_4,0.1125255067491788,5.653194294021701,6.061065741182271,0.0150705671647569,41.283628901954366,141.2051075440453,-5.7718,-1.4385,-0.22477,-0.3773,5.26,4.40,2.83,-0.25096,0.04603,156.0025,28.875999999999998,114.22975,65.44225,5.18775,0.0,0.0,0.0,0.0,0.0,95.41475,51.963,66.0185,73.92750000000001,62.847750000000005,18.261500000000005,1.30525,0.0,0.0,0.0
react_15,0.000408563029272,3.101760962589357,6.063052263350745,0.0066852553504034,48.54703117633015,148.12428981295588,-6.191,-1.0583,-0.21913,-0.37889,5.44,4.43,2.83,-0.24555,0.04258,155.6415,1.2645,86.26050000000001,7.7989999999999995,0.0,0.0,0.0,0.0,0.0,0.0,94.05099999999999,47.132999999999996,30.0955,74.481,5.205,0.0,0.0,0.0,0.0,0.0
react_16,1.850695331671212,7.058451517146346,3.85308589250812,30.83568903776706,31.52076554918048,150.3612469887194,-6.5699,-1.739,-0.30081,-0.34072,6.91,5.29,4.52,-0.23814,0.04828,133.15926315789474,23.00663157894737,41.76294736842105,50.31026315789472,55.93505263157894,14.927210526315784,1.0903684210526314,0.0,0.0,0.0,88.98021052631577,32.778473684210525,39.492315789473686,57.65415789473685,46.24621052631579,38.990631578947365,14.417631578947368,1.6321052631578947,0.0,0.0
react_17,1.6405083460268306,8.167556752087219,4.345591580761938,52.23867466987041,28.12174780964135,148.57958012395113,-5.533,-0.925,-0.2207,-0.38662,5.22,4.66,3.74,-0.24388,0.0526,110.08521739130435,33.441869565217395,61.05547826086957,72.54639130434785,64.1465652173913,56.91113043478261,11.616217391304353,0.783,0.0,0.0,86.3378695652174,29.541217391304343,42.325434782608696,70.68352173913044,62.76913043478261,79.06113043478258,33.1145652173913,6.416652173913043,0.33634782608695657,0.0
react_18,2.696376761525988,4.214304314248508,6.680093056952871,30.082413606347533,29.289868859868545,145.03454017796432,-5.9339,-0.926,-0.21664,-0.37881,5.41,4.42,2.89,-0.25208,0.03475,155.41726666666665,1.916866666666667,83.3152,32.44253333333333,16.1918,2.5091333333333328,0.0,0.0,0.0,0.0,94.41013333333333,35.42993333333334,50.681333333333335,73.87506666666668,19.321933333333334,14.537933333333335,3.536466666666667,0.0,0.0,0.0
react_19,2.452764884211769,5.198200811824341,7.934589011787979,88.43832567341725,5.558740108593944,143.22282615179003,-5.5568,-0.8871,-0.21512,-0.38745,5.42,4.41,2.66,-0.24934,0.03914,156.0493076923077,2.0265384615384616,76.74984615384616,64.28576923076923,50.005769230769225,21.526769230769233,2.3153846153846156,0.0,0.0,0.0,96.1846923076923,29.766538461538463,57.546076923076924,79.7143076923077,27.83361538461539,62.571615384615384,17.205999999999996,2.1365384615384615,0.0,0.0
react_21,1.6787882226479158,9.57250578973601,9.522904729980525,132.44301245997292,28.639267858171653,147.73962732422115,-5.977,-0.4851,-0.23551,-0.40062,5.43,4.93,4.48,-0.25409,0.03599,111.20862100456624,23.356356164383566,58.533735159817375,58.545954337899516,52.858762557077625,57.9962374429224,52.32176255707763,58.774634703196384,38.5487899543379,31.25530136986301,86.81236529680356,32.15272146118721,59.3138493150685,63.601342465753405,52.27078538812789,58.05791780821915,46.873488584474885,49.72872602739727,38.861045662100445,55.727913242009116
react_22,1.680142239489645,11.630174055337283,3.717082571872976,68.59490595429757,26.96704623766156,136.26939008624612,-6.6947,-0.3317,-0.19545,-0.41034,5.17,4.64,4.40,-0.37328,0.02703,115.3778482293423,22.226416526138284,31.136546374367594,42.122848229342324,39.54923777403036,35.16783811129847,23.4597487352445,20.05034569983136,13.064937605396288,11.579198988195612,90.01944182124794,24.225939291736932,33.76285834738616,40.6843322091062,40.38761382799323,35.18369645868468,29.42087689713322,20.761426644182134,18.133851602023604,21.1549291736931
react_23,3.078120713922952,6.349589843597735,6.5039356397925525,18.14828739268205,44.10995288565232,141.08531830819825,-5.6532,-1.0865,-0.22282,-0.37734,5.41,4.32,2.89,-0.26295,0.05389,149.99919999999997,19.160800000000002,112.0614,34.445800000000006,50.1126,8.595400000000001,0.0,0.0,0.0,0.0,94.3664,36.1866,77.6356,81.2054,37.5926,27.7418,19.1444,0.5024,0.0,0.0
react_24,1.6520930360771762,5.769468295319872,8.822950010602037,83.21458679015716,17.70940707362576,145.69040692537033,-6.1904,-1.076,-0.2069,-0.38874,5.36,4.63,3.51,-0.24967,0.03498,115.56135087719295,77.2196578947368,111.46002631578948,137.0380964912281,48.42344736842105,29.54680701754386,16.608087719298254,10.464552631578947,0.5886929824561404,0.043701754385964915,88.85149122807016,35.583359649122805,89.5709298245614,132.80339473684208,112.84500877192983,39.92527192982456,21.390745614035083,17.690956140350874,7.682666666666667,0.6105964912280702
react_26,1.6811964278077614,9.393463144645391,6.609987949157043,90.09318377323952,-9.179254069719448,142.69010569038835,-6.6858,-0.3089,-0.20287,-0.40747,5.15,4.56,3.98,-0.37322,0.02713,115.52243717277503,22.809972513089004,34.05586780104713,47.91375654450258,43.78957853403139,37.69238612565443,23.29899083769637,19.965871727748695,14.92717015706806,20.336908376963354,89.98453664921472,25.42223560209425,36.43443586387433,46.00246858638742,44.28161910994773,38.91165445026178,29.12514136125656,21.777281413612563,18.0342002617801,30.339366492146596
react_27,1.6671309741514224,8.311140485677996,5.129391996839487,64.55041923723304,20.32847917518174,142.7876751924438,-6.2213,-0.9676,-0.20119,-0.40367,5.32,4.90,4.52,-0.24671,0.03974,115.73139999999998,68.51103846153846,131.11339230769232,134.67173846153847,73.22112307692308,34.81916923076923,21.802915384615382,13.31155384615384,0.9742384615384615,0.019176923076923078,88.62640769230765,37.447900000000025,90.56212307692309,145.29188461538465,105.1705307692308,65.88611538461535,32.06063076923078,18.766038461538464,9.540392307692306,0.8237230769230769
react_29,1.681079846055437,12.398202692619847,10.72533776823771,192.10507480946973,-14.229771812083364,145.27948875019226,-6.9149,0.3324,-0.20469,-0.40664,5.15,4.58,3.84,-0.378,0.02179,115.49836607142858,33.83070535714283,49.16378571428571,66.38293303571429,64.5610089285714,69.76089732142862,62.830352678571444,36.956950892857115,21.430169642857148,34.95045982142859,89.98184374999997,29.54187946428571,59.374183035714246,55.31809374999996,60.362955357142845,64.65378571428572,63.83423214285718,50.822919642857144,33.03833482142856,48.437401785714314
react_30,2.470056437545187,8.346936206417741,9.512970323339712,75.37922751167905,4.771056525846659,139.36547405282153,-5.6923,-1.0138,-0.21624,-0.38419,5.43,4.42,2.65,-0.24481,0.04042,155.9132453416148,1.8223136645962739,76.99726397515524,101.09725155279507,170.9125248447206,96.45946273291918,66.93522360248448,32.70405900621115,30.695114906832313,2.43727950310559,96.02363354037261,29.76413354037267,69.7410341614907,103.8501428571429,73.14707453416152,158.85145652173924,92.93371739130431,58.84594409937894,28.616322981366466,24.20027950310559
react_83,0.0318650582910688,4.167036381714365,8.168010627888897,0.0192113690853948,36.793764954000885,143.9085034267813,-5.7941,-1.5157,-0.22016,-0.3753,5.44,4.42,2.88,-0.25204,0.0461,154.6035,2.511,84.4145,34.041,58.931,32.650000000000006,2.6035000000000004,0.0,0.0,0.0,95.38400000000001,30.195999999999998,59.8655,73.1035,15.7315,60.222500000000004,31.346500000000002,3.9050000000000002,0.0,0.0
react_85,2.2838758704195485,3.956045503025839,8.1648951239141,34.42582879633088,17.126171284207267,147.49408644580546,-5.8196,-0.9813,-0.21891,-0.38515,5.47,4.45,2.66,-0.2695,0.02376,154.15660000000003,2.2527999999999997,81.2424,191.6388,19.9498,23.4506,2.2104,0.0,0.0,0.0,95.73559999999999,29.392000000000003,59.59740000000001,54.285000000000004,76.6852,138.0834,18.912399999999998,2.2104,0.0,0.0
react_93,2.872151756120799,9.947489991666552,8.932412132780735,92.4947876011554,1.0736694544703629,139.63520096594996,-4.9343,-0.9791,-0.26476,-0.39013,5.51,5.19,4.53,-0.23332,0.05903,138.908931451613,6.553096774193547,74.57275806451617,93.29183467741939,205.43262903225795,75.30672983870969,116.34168548387103,21.74183467741935,36.2235806451613,13.11987903225806,91.82416935483873,24.62168951612902,72.0982379032258,95.51977419354836,119.61205241935487,161.19589516129034,89.82149596774194,66.66608870967742,30.92739516129033,29.206161290322576
react_94,2.315665129675579,6.591436902710281,7.708790919171209,114.32540642375405,20.14203337349962,136.00554833342363,-5.4141,-1.3409,-0.26591,-0.37811,4.14,2.30,14.45,-0.27207,0.04389,138.67421951219515,2.5385853658536592,58.51917073170732,50.9479024390244,68.96226829268295,43.91256097560975,58.704073170731725,4.641878048780488,0.0,0.0,91.70058536585367,23.064585365853652,55.35119512195123,39.6929756097561,59.18880487804879,67.05275609756097,55.73760975609756,33.149219512195124,1.4753902439024387,0.48753658536585376
react_95,2.8711007884637127,9.010382151093069,9.93774350204324,253.7002319516673,14.786216649481425,140.19434101926834,-5.4182,-1.3203,-0.26585,-0.37862,5.52,5.22,4.53,-0.23729,0.04871,138.69803278688522,4.370045081967213,72.4277295081967,72.15193032786885,154.30419672131146,79.13582377049183,126.63867213114749,27.082438524590167,17.262163934426226,7.615946721311478,91.71384426229503,24.401811475409843,68.05681557377048,69.85172131147537,92.71856967213111,134.6799549180328,91.79019672131145,81.42104508196728,21.652385245901648,23.400635245901643
react_96,2.875258785551105,8.294511786871082,7.620773103837969,5.91415526651489,10.404740843334638,139.05567733429723,-5.1567,-1.1718,-0.26831,-0.38189,4.10,2.38,14.83,-0.26886,0.04677,138.8731029411765,5.666294117647058,57.61714705882352,60.65082352941177,93.9135735294118,43.39841176470588,60.80879411764704,1.889338235294117,35.54077941176471,10.289823529411763,91.8033382352941,22.384014705882358,57.66376470588235,47.23227941176471,71.87119117647059,83.50770588235291,53.99597058823531,33.616029411764714,21.45298529411764,25.1208088235294
react_191,0.0002484758078586,3.103369063177164,7.343116306477943,0.0054950718490643,37.7016412611838,146.90168180178063,-6.2026,-1.2774,-0.22115,-0.37577,5.46,4.44,2.73,-0.27046,0.01583,154.9905,1.1575,83.805,4.5425,104.85849999999999,0.0,0.0,0.0,0.0,0.0,94.99000000000001,45.5685,30.083,71.582,2.2720000000000002,104.85849999999999,0.0,0.0,0.0,0.0
react_193,1.67510466958563,5.95548495759013,5.210735440609431,44.944025338263735,36.11910536476443,143.7825432628161,-6.5898,-0.234,-0.19636,-0.40811,5.24,4.63,4.12,-0.24086,0.04524,120.93411111111111,58.97922222222222,19.78211111111111,74.13833333333334,4.069,0.0,0.0,0.0,0.0,0.0,89.51555555555557,42.343444444444444,37.50022222222222,63.76477777777778,37.79866666666666,6.688555555555556,0.29155555555555557,0.0,0.0,0.0
react_194,1.6802651741101169,4.04715222402544,8.347422954119985,56.41573434357415,36.97271076250952,147.1314130811325,-5.9497,-0.7166,-0.21737,-0.39451,5.37,4.58,4.34,-0.24938,0.03562,91.74484000000001,177.35343999999998,38.41304,55.18868000000001,49.1902,11.121519999999999,1.0979200000000002,0.0,0.0,0.0,87.75748,78.75011999999998,117.72611999999998,48.9108,45.79228000000001,35.20116,9.273000000000001,0.69868,0.0,0.0
react_195,1.6925235354208696,5.055529679860364,7.6641868367710675,56.79639621587573,30.061440132984107,145.70348334419103,-5.9702,-0.26,-0.23781,-0.39664,6.54,5.25,4.69,-0.24067,0.04776,109.92192857142855,36.11242857142857,51.95657142857143,55.066071428571426,25.630214285714285,12.326999999999998,0.9104285714285715,0.0,0.0,0.0,86.52364285714285,40.69792857142858,39.467642857142856,60.528357142857146,29.523214285714285,25.123357142857138,9.336285714285717,0.7242142857142857,0.0,0.0
react_196,1.6414959246233964,7.190834752424332,3.789694397774764,44.42116231292988,30.21295078825143,150.10853386532585,-6.5778,-0.5136,-0.2207,-0.3905,5.21,4.66,3.63,-0.25489,0.03075,109.3032,68.26171428571428,91.02548571428571,74.12905714285714,36.487114285714284,9.855285714285714,0.7979142857142857,0.0,0.0,0.0,86.08228571428569,60.7836,89.4149714285714,80.54579999999999,33.449400000000004,34.36691428571428,4.821514285714286,0.3952857142857143,0.0,0.0
react_197,1.642397684411173,8.451721545932791,3.031546736391303,41.7614853167032,25.2876113958053,154.19804696031017,-5.9757,-0.5165,-0.24096,-0.38245,6.51,5.21,4.64,-0.26646,0.02176,109.70504166666667,30.993666666666673,52.70558333333332,54.020416666666655,31.194374999999994,59.24870833333333,39.28129166666667,13.115,0.0,0.0,86.604,34.54733333333333,46.28470833333335,52.52770833333332,49.626666666666665,48.83070833333334,36.82424999999999,21.91591666666667,13.102791666666667,0.0
react_198,2.2237494477187685,3.100207228314921,8.16722538153388,26.983413133948154,23.546766218278613,141.3185108042792,-5.6334,-0.7477,-0.21674,-0.39306,5.42,4.42,2.74,-0.2537,0.0329,154.656,2.425,83.8805,4.8725000000000005,18.66,25.115500000000004,2.237,0.0,0.0,0.0,96.87899999999999,28.8395,60.793499999999995,56.8835,2.4385000000000003,31.218000000000004,12.557500000000001,2.237,0.0,0.0
react_199,0.0001262186849826,2.6907161892999505,8.677355424526969,0.0007741678254799,37.12220064903382,147.90532929438277,-5.9858,-1.4819,-0.28096,-0.34885,7.69,5.26,4.38,-0.24892,0.03474,129.739,0.0,27.115,62.588,57.431,33.917,2.612,0.0,0.0,0.0,97.494,32.245,0.0,29.682,60.021,28.715,62.632999999999996,2.612,0.0,0.0
react_202,0.9600654776443288,6.56053014319578,5.576379599529231,34.14800512527844,27.14932067014849,151.9375428682281,-6.9435,-1.3168,-0.32964,-0.31195,5.05,4.77,3.98,-0.24887,0.03715,126.4013076923077,0.6830769230769231,57.63538461538463,37.936653846153845,45.899153846153844,53.25603846153845,11.898538461538463,0.6764615384615384,0.0,0.0,86.10765384615385,30.375500000000006,19.982730769230766,57.353,45.59103846153846,58.15273076923077,25.283461538461534,10.863153846153846,0.6773461538461538,0.0
react_203,1.642359680342537,9.134961305337852,3.0280153515586954,44.25074840427286,13.436430541212628,150.64722131426825,-5.4287,-0.1841,-0.21753,-0.39043,5.19,4.66,3.82,-0.25023,0.03985,110.38963157894736,37.851052631578945,59.05189473684211,54.26499999999999,18.546894736842106,29.332105263157885,14.95336842105263,7.770578947368421,0.587421052631579,0.0,86.3185263157895,52.80142105263158,44.65136842105264,54.04878947368422,28.319736842105264,33.648842105263164,17.115736842105264,8.920473684210526,6.3356315789473685,0.587421052631579
react_204,1.692563373801379,5.060407455377217,8.726415433885553,64.5812104106871,32.87717834569476,143.9747182259502,-5.8415,-0.1611,-0.23349,-0.39861,5.53,4.89,4.33,-0.23567,0.05347,109.80033333333333,40.48572222222222,48.28666666666667,55.58255555555555,27.59816666666667,24.776111111111113,10.737499999999999,1.6071111111111112,0.0,0.0,86.46622222222224,45.64744444444446,51.070444444444455,56.89066666666666,33.04611111111111,26.432777777777783,11.879111111111113,6.63788888888889,0.8035000000000001,0.0
react_205,1.6865959742389662,7.122642054771145,3.724264374567524,9.653050010936276,27.614806943248908,146.19214762079315,-6.5751,-0.1832,-0.20193,-0.40482,5.18,4.65,4.07,-0.24097,0.04337,115.5014705882353,40.689352941176466,41.74211764705882,53.12711764705881,39.104058823529414,13.728588235294117,0.927235294117647,0.0,0.0,0.0,89.8095294117647,22.505235294117643,51.568941176470574,55.94364705882353,40.63770588235293,30.94276470588235,12.330823529411765,1.081294117647059,0.0,0.0
react_206,1.686737967207908,8.360425654222274,3.724263552230665,10.37607059238702,24.674960221514176,149.7284717740103,-6.4742,-0.4987,-0.20341,-0.40278,5.20,4.65,3.98,-0.25347,0.03292,115.48580000000001,29.615400000000005,45.14559999999999,56.175933333333326,38.904333333333334,54.959333333333326,21.005266666666664,42.00633333333334,0.0,0.0,89.63353333333335,23.9684,40.72673333333333,57.513266666666674,49.14253333333333,37.32626666666666,55.828133333333334,14.151933333333334,35.007200000000005,0.0
react_207,1.642436659669532,9.120779213710485,3.032535009998134,44.99376047031004,-10.257643336660896,159.79003333633406,-6.5582,-1.1713,-0.22457,-0.38089,5.28,4.67,3.62,-0.3319,0.11327,109.729625,41.68575,50.83174999999999,59.99325,15.988124999999998,29.394750000000002,26.730375000000002,6.560375,0.0,0.0,86.50975000000001,44.03325,45.879375,59.888999999999996,34.16875,32.533625,20.66775,10.672125000000001,3.280375,3.28
react_208,1.641608863623695,7.179611848918766,4.475690654120193,52.38560129370836,11.19491043034526,146.7563696850481,-5.9,-0.0566,-0.23386,-0.40635,5.43,4.91,4.62,-0.25565,0.03254,109.74220370370374,38.82394444444445,72.43598148148149,67.97344444444445,32.53268518518519,10.461203703703703,0.6334629629629629,0.0,0.0,0.0,86.05312962962962,44.38885185185186,62.88662962962962,69.78027777777774,38.706666666666656,23.959314814814817,6.338444444444444,0.4896111111111111,0.0,0.0
react_209,1.6412862719703976,7.181488021976031,4.371167029689567,51.16830420636522,31.217044126331267,154.58606718946254,-5.8742,-0.1009,-0.21876,-0.38871,5.21,4.67,3.75,-0.23542,0.0553,110.01378378378382,38.643054054054055,57.17164864864864,68.47478378378378,38.041405405405406,5.9687567567567585,0.48602702702702694,0.0,0.0,0.0,86.24862162162161,38.19040540540541,47.9782972972973,69.28370270270268,41.99786486486487,30.050270270270275,4.775594594594594,0.27470270270270275,0.0,0.0
react_210,1.6921105835886572,6.3656719942387,7.691898932925855,71.7861583274373,-2.151096561142991,154.14570921929348,-6.5397,-1.3743,-0.24585,-0.37289,6.20,5.24,4.67,-0.32777,0.11908,109.43700000000003,49.379703703703704,74.39662962962963,64.67555555555556,34.58214814814814,7.8001851851851844,0.5335555555555556,0.0,0.0,0.0,86.39692592592594,55.679814814814826,63.120407407407406,65.02544444444445,39.22677777777778,24.28203703703704,6.634074074074075,0.4392962962962963,0.0,0.0
react_211,1.6876827164402028,7.176749466757162,3.8025046424645375,9.18391596594687,36.47997332194411,147.3279550709142,-6.6047,-0.4644,-0.20304,-0.40186,5.19,4.66,3.92,-0.25318,0.03292,114.86789999999999,59.66185,101.50395,74.791,39.2813,12.2083,0.8420000000000002,0.0,0.0,0.0,89.62514999999999,47.120400000000004,72.36965,72.5752,71.897,38.4231,10.188649999999999,0.9571500000000001,0.0,0.0
react_213,1.657046502523855,8.250229063269902,3.378901476361069,42.32269434494013,35.71637016406591,143.987327714975,-6.596,-0.1785,-0.23401,-0.40285,5.43,4.91,4.71,-0.23861,0.04688,111.38376470588234,29.11541176470589,50.51684313725491,47.56050980392158,40.160431372549006,30.932078431372545,8.815647058823531,0.6014705882352941,0.0,0.0,86.88235294117646,36.79282352941178,56.42184313725491,39.448627450980396,42.04478431372549,36.16382352941177,15.467352941176474,5.513058823529412,0.3514901960784314,0.0
react_214,1.6753544264091869,7.520946117344818,4.613300685884743,38.26290887885122,19.15868436894788,143.12192413519756,-5.5829,-0.1963,-0.19711,-0.40914,5.24,4.63,4.24,-0.26135,0.03601,120.89054545454546,56.57036363636364,24.016181818181817,65.9499090909091,17.729,37.74972727272726,3.019454545454545,0.0,0.0,0.0,89.13654545454546,46.30881818181818,36.280181818181816,64.51836363636363,39.34554545454545,33.503818181818176,14.891181818181819,1.9407272727272729,0.0,0.0
react_215,1.6586079940802596,6.909216649589467,4.859895146000451,54.03402368524401,26.83041885197997,151.8594868398773,-6.295,-0.0359,-0.22019,-0.3913,5.17,4.65,3.79,-0.23518,0.05187,110.00225714285715,55.487257142857146,72.08937142857143,68.17714285714284,35.68571428571428,3.7462857142857144,0.43685714285714283,0.0,0.0,0.0,86.37091428571428,36.74971428571428,54.93271428571427,72.55742857142859,59.82054285714286,32.053000000000004,3.0678857142857145,0.07268571428571428,0.0,0.0
react_216,1.687250896053724,4.584041917967417,8.09706093344885,60.730959752413085,28.578295022103017,150.0411961379622,-6.3597,-0.0689,-0.20849,-0.39862,5.21,4.67,4.26,-0.23277,0.05326,115.10138709677418,46.77577419354839,52.10961290322581,79.84887096774195,26.45416129032258,10.652548387096775,0.7677096774193547,0.0,0.0,0.0,90.35393548387094,25.9378064516129,52.71422580645162,65.06487096774194,60.70641935483871,25.325967741935486,10.754387096774193,0.8524516129032257,0.0,0.0
react_218,3.1026548962999967,6.302770180411197,6.109442926790436,17.157320899754637,31.2537659177062,139.76438872486898,-5.5837,-1.0614,-0.21976,-0.38228,5.33,4.32,3.07,-0.26264,0.05234,155.79559999999998,54.2496,96.8624,38.026799999999994,27.1822,2.2174,0.0,0.0,0.0,0.0,95.0602,85.4694,37.2818,107.4202,40.5514,8.1086,0.4424,0.0,0.0,0.0
react_219,3.109498762963664,7.187912679507467,6.049578781117658,24.98155273012004,25.05910639545777,147.69408224770453,-6.2076,-2.1686,-0.24653,-0.34154,6.04,4.44,2.69,-0.32541,-0.00043,149.83925,27.072000000000003,111.83775,96.25775000000002,21.45,0.0,0.0,0.0,0.0,0.0,100.46275,47.7185,80.0915,115.81025,46.0555,12.94125,3.377,0.0,0.0,0.0
react_220,3.102228901109027,6.347377066879366,6.094995134674684,19.958175733302674,40.10277687686915,135.8996657741757,-5.1365,-0.7805,-0.21649,-0.38979,5.27,4.30,3.09,-0.2419,0.06196,156.17000000000002,54.52357142857143,99.97442857142856,44.58128571428572,27.964142857142857,3.154428571428571,0.0,0.0,0.0,0.0,95.44228571428572,70.21914285714286,54.785285714285706,101.64114285714285,48.12800000000001,14.091,2.061,0.0,0.0,0.0
react_221,3.089718538587542,7.622326936537507,6.59374607307645,31.913998055851778,27.20784967059012,132.603954981269,-5.5516,-0.9433,-0.23267,-0.3679,5.46,4.70,2.93,-0.29605,0.02534,151.10606666666664,29.5374,110.63920000000002,30.1006,70.46260000000001,11.569400000000002,0.0,0.0,0.0,0.0,94.22493333333333,43.93326666666667,84.83379999999998,91.61999999999999,34.315533333333335,33.66973333333333,20.3272,0.4908,0.0,0.0
react_222,3.0981361363394977,5.374342158635328,7.013835664914932,33.370733955015254,40.60944766318614,142.57044980030346,-6.0568,-0.995,-0.21743,-0.38096,5.41,4.43,2.98,-0.23779,0.05067,155.57071428571427,1.814857142857143,85.64514285714286,60.41857142857144,43.01028571428571,12.186714285714285,0.0,0.0,0.0,0.0,95.33342857142857,30.45328571428571,60.59485714285713,85.75942857142857,30.605,39.05157142857143,15.770714285714282,1.0779999999999998,0.0,0.0
react_224,1.6977646356688036,6.629623012247033,6.392119279521165,11.880092805902663,30.08386198757568,144.0173309507182,-6.5755,-0.3137,-0.24487,-0.37768,6.60,5.11,4.80,-0.24215,0.0453,125.78188235294117,35.27217647058824,82.082,21.39717647058823,42.01017647058823,44.11035294117647,3.7975294117647063,0.0,0.0,0.0,83.3611176470588,33.34647058823529,50.61994117647059,68.09611764705882,43.91664705882353,41.97535294117647,30.652352941176467,2.483294117647059,0.0,0.0
react_225,2.520143259646829,3.095795077311378,8.28932978915113,26.81079256313421,39.28570332338273,141.6111448250716,-5.9904,-0.968,-0.21821,-0.38264,5.40,4.43,2.86,-0.24239,0.04579,156.046,1.28,85.78925000000001,5.10325,22.00775,80.8935,7.523,0.0,0.0,0.0,94.27,47.2845,30.235,75.16,1.2690000000000001,49.590500000000006,53.93150000000001,6.9022499999999996,0.0,0.0
react_227,2.7979046694982688,6.561018855067394,6.744824194894602,93.72571069371396,21.48439309545564,137.55392493613567,-5.8,-0.8097,-0.22304,-0.38367,5.42,4.23,2.72,-0.25488,0.03518,150.14608823529412,33.65544117647058,115.82091176470588,63.0174705882353,20.494617647058828,3.1938235294117647,0.0,0.0,0.0,0.0,95.20611764705885,47.938764705882356,86.80961764705883,99.64450000000001,28.417529411764708,20.90241176470589,6.950382352941175,0.4590294117647059,0.0,0.0
react_228,3.0765199548239046,7.519623993970891,6.121503674433463,0.0023044738476488,9.5300348749359,140.07964232848664,-6.1273,-1.32,-0.22593,-0.37135,5.43,4.36,2.89,-0.32296,0.01757,150.5376666666667,18.469,107.46833333333332,37.013999999999996,70.08633333333334,32.89033333333334,2.373666666666667,0.0,0.0,0.0,94.23333333333333,43.934666666666665,58.56066666666667,107.20633333333335,48.745666666666665,41.579,13.884333333333332,9.903666666666666,0.7916666666666666,0.0
react_229,3.108575458176696,7.435749497077349,6.048879271126598,31.515653748725985,40.94595858932279,137.66113160311414,-5.8509,-1.6985,-0.22447,-0.37483,5.50,4.17,2.88,-0.29754,0.02531,150.44519047619048,28.150476190476184,113.09200000000003,102.60447619047619,16.71242857142857,3.4451428571428573,0.0,0.0,0.0,0.0,94.79419047619047,49.03338095238095,81.18099999999998,112.01109523809525,56.5350476190476,17.75385714285714,2.9027142857142856,0.2384285714285714,0.0,0.0
react_230,3.1085028748069705,6.529557350824111,6.047155420228592,20.127826464373705,31.734449591632536,140.18240622842458,-5.7735,-1.5582,-0.23864,-0.35748,5.89,4.46,2.74,-0.29604,0.02719,150.78883333333332,28.14333333333333,111.71366666666665,87.43666666666668,6.841500000000001,28.56533333333333,1.2296666666666665,0.0,0.0,0.0,94.794,45.278166666666664,101.4165,98.7095,31.235000000000003,32.123,9.164833333333332,1.998,0.0,0.0
react_231,1.6760992666829766,6.8604694944959865,7.282492459105796,75.25128095711034,17.103913523341834,144.76499668585367,-7.0698,0.1635,-0.22136,-0.38729,6.37,5.21,4.70,-0.39949,0.03692,114.25178571428572,82.0312857142857,46.67178571428571,85.52278571428569,80.17807142857144,39.63235714285713,2.645928571428571,0.0,0.0,0.0,87.12628571428571,46.4985,85.60335714285713,57.0132142857143,79.0757142857143,68.28957142857142,24.195214285714286,3.132142857142857,0.0,0.0
react_232,3.0964762109486896,7.844545675745225,6.704758213963957,31.89773582444656,38.983000536654544,141.42142976180693,-5.5808,-1.1515,-0.22118,-0.37348,5.42,4.39,2.85,-0.26319,0.04876,151.58599999999998,146.29018181818182,85.74945454545455,61.07009090909091,43.547909090909094,39.783727272727276,2.5096363636363637,0.0,0.0,0.0,94.08036363636364,95.4550909090909,57.71399999999999,163.86781818181817,51.87272727272727,19.36118181818182,42.540090909090914,5.191090909090909,0.45463636363636356,0.0
react_233,3.108461257421596,7.309164655914496,6.046831865655553,31.141604858961315,39.32436807232653,132.0079051347388,-5.7821,-1.553,-0.22305,-0.37657,5.48,4.19,2.88,-0.29703,0.02894,150.674,28.134999999999994,113.28336363636363,100.15945454545455,18.202272727272728,29.80918181818182,1.1162727272727273,0.0,0.0,0.0,94.82081818181818,45.31072727272727,104.32918181818182,107.41990909090909,40.349636363636364,35.850090909090916,10.678636363636363,2.620545454545455,0.0,0.0
react_234,1.6856623591780588,6.73598858987672,6.129223467345821,46.17303772002651,17.95781052473717,138.94111054600592,-6.4803,-0.6364,-0.18818,-0.41599,5.34,4.50,3.58,-0.42657,0.10897,121.01452830188681,81.28335849056602,89.48701886792453,116.43977358490562,34.23832075471698,9.688735849056604,0.7426792452830188,0.0,0.0,0.0,89.48292452830185,51.69543396226415,101.8533018867925,104.43313207547169,74.93435849056601,24.711132075471696,5.367660377358492,0.41647169811320756,0.0,0.0
react_235,1.640352660386731,7.177691628990185,5.758957403604954,67.31962791461898,27.43457386181557,148.1050123455625,-5.9083,-0.0983,-0.23117,-0.39983,5.56,4.83,4.43,-0.23535,0.05484,110.25908474576275,41.31354237288138,70.24415254237289,101.92193220338983,52.594508474576266,33.313762711864406,9.330237288135592,0.5800508474576271,0.0,0.0,86.3110677966102,48.11884745762712,60.39013559322034,87.01745762711866,59.13872881355931,51.30301694915252,19.657338983050845,6.951033898305084,0.6696440677966101,0.0
react_236,0.0286943012291268,8.007691577350183,6.047608402181109,0.0138820390731265,37.05914310100727,131.96733940860958,-5.6556,-2.2591,-0.24042,-0.35418,5.91,4.46,2.74,-0.29177,0.01694,150.33433333333335,28.124,111.67333333333333,93.02166666666669,12.080666666666668,80.08233333333334,2.542666666666667,1.6926666666666665,0.0,0.0,94.646,45.09733333333333,95.47433333333333,105.73366666666668,51.977,51.94333333333333,22.576333333333334,11.257,0.8466666666666667,0.0
react_237,3.1006824950744907,7.382072353324943,6.825662140790711,2.4114918878896514,28.29517548813244,143.31478534268695,-5.4179,-1.0898,-0.2313,-0.38872,5.25,4.45,3.13,-0.24364,0.04245,155.5995,45.718999999999994,102.708,47.129999999999995,60.751999999999995,60.452749999999995,2.60875,2.642,0.0,0.0,95.78500000000001,75.322,46.86800000000001,100.56424999999999,56.55699999999999,36.813250000000004,53.84524999999999,11.1975,0.65975,0.0
react_239,1.6655327746927833,7.946412433629873,4.442336706551323,58.64009160513156,18.36554371285438,133.4667041332416,-6.0462,-0.4853,-0.18817,-0.40992,5.26,4.61,3.52,-0.38691,0.08024,120.35188732394367,95.5059295774648,75.93471830985919,115.20229577464787,62.43523943661972,21.22066197183099,3.091253521126761,0.06283098591549297,0.0,0.0,89.32270422535214,57.443295774647886,108.39394366197182,95.84301408450705,84.41914084507039,43.009366197183105,13.620873239436618,1.752478873239437,0.0,0.0
react_240,3.112683824461866,9.72296977984684,6.061753052553961,60.7701028119701,19.59747293793495,146.62604431421275,-6.1183,-0.9286,-0.22707,-0.37824,5.27,4.39,2.78,-0.23479,0.05391,154.89475829383895,36.42569668246445,180.62968246445493,78.28916113744076,65.02416113744071,39.72075829383887,10.227597156398105,2.117052132701422,0.10903317535545025,0.0,95.03084360189571,57.42051658767771,100.89693364928905,157.5737867298578,69.3924691943128,51.43137440758294,27.265786729857837,6.978137440758297,1.3753696682464451,0.07268246445497631
react_241,2.3758816408947387,3.1003964986710346,12.331938704073313,90.82548900594612,16.097568430283438,143.44046858672348,-5.7121,-0.8208,-0.21721,-0.39119,5.43,4.42,2.73,-0.2445,0.04065,154.60350000000003,2.4238333333333335,83.7138888888889,5.434666666666668,28.306388888888886,55.15038888888889,52.382666666666665,52.33066666666666,21.450666666666667,17.45561111111111,96.8241111111111,28.84388888888889,60.73788888888888,56.779833333333336,2.990166666666667,40.16916666666666,56.39505555555556,47.977666666666664,45.06266666666667,37.47183333333334
react_242,3.1012269986095315,6.368593112589836,10.147917915734402,0.005350389498626,13.100491401704124,138.55339214890816,-5.5225,-1.0298,-0.21462,-0.38902,5.53,4.28,2.92,-0.38987,-0.00185,152.56,33.8592,111.74540000000002,27.2902,47.531800000000004,43.0788,7.222799999999999,76.591,21.6632,1.8572000000000002,95.7868,41.6206,77.1332,78.5672,43.300200000000004,28.8298,38.865,21.823200000000003,59.66179999999999,37.811800000000005
react_243,1.695387921435952,7.766954747925713,5.544621844330515,42.72868084299536,12.985328855922944,134.00904243227467,-5.7301,-0.2524,-0.18669,-0.41172,5.23,4.65,3.68,-0.38198,0.08176,120.31199218749998,90.84924218749998,72.58105468750003,112.11723437499998,93.96441406250001,39.0560703125,5.838632812500001,0.017140625,0.0,0.0,89.27069531250002,60.013648437499995,96.42679687500002,101.16584374999998,95.40121093750003,64.016,23.617984374999992,4.7544453125,0.06915625,0.0
react_244,1.6871682285576457,8.167225096399068,6.813297437009439,83.83212210823825,14.093804503612224,134.7720109270759,-5.6408,-0.2967,-0.18836,-0.40999,5.20,4.69,3.51,-0.41124,0.10654,120.8708474576271,98.50532203389831,88.95164406779661,142.7888813559322,30.19172881355933,42.58006779661019,8.57584745762712,2.0636440677966092,0.0,0.0,89.27913559322029,60.421067796610146,110.6385593220339,111.41945762711865,89.15683050847456,36.81298305084746,26.825101694915258,9.111661016949151,0.8631864406779661,0.0
react_245,3.115454477762666,6.822719884320482,6.071689298586071,43.36134008636989,33.06702204840057,139.15374878117694,-5.3124,-0.6954,-0.21948,-0.40611,5.19,4.55,3.33,-0.24756,0.05697,156.66339999999997,94.12473333333334,212.6218,99.71440000000003,64.99006666666666,6.600333333333333,0.0,0.0,0.0,0.0,96.82473333333333,80.40379999999999,191.77346666666668,135.87533333333332,98.3844,29.237599999999997,2.2154000000000003,0.0,0.0,0.0
react_246,4.800823961431114,9.28513150548514,8.150235809580558,42.23023640023064,21.31151467600277,132.4828836808258,-5.2911,-0.5497,-0.2353,-0.38245,5.98,3.94,2.93,-0.23477,0.05747,149.39759861591696,56.02588581314881,191.8422283737024,92.32247404844286,76.06321799307956,65.59773010380626,15.804276816608992,2.1138408304498277,0.07947750865051903,0.0,98.91417301038068,54.027999999999984,133.99128719723177,157.9453529411764,67.40256747404837,81.55470242214533,41.10403460207612,12.466743944636669,1.760432525951557,0.07943598615916955
react_249,1.686649880560296,9.420931964638749,12.151118822904644,118.45049203608508,6.959508098169752,143.79078647820467,-6.3309,-0.586,-0.20393,-0.40738,5.15,4.57,3.99,-0.24052,0.04623,115.30051145038172,27.766003816793884,60.698435114503816,87.55970229007634,97.93675954198473,119.17052671755724,110.28032824427477,80.06397328244276,47.179309160305365,16.92221374045802,90.10751908396946,26.928832061068693,57.81505725190839,78.51455343511452,86.55588549618317,99.04791984732826,111.45647709923661,92.6944999999999,69.51051526717559,50.246503816793904
react_250,2.5344480636902764,11.360486044778302,9.891886557205744,256.53489754870753,-0.3797262482477486,140.15855716629673,-5.7173,-1.1088,-0.21615,-0.40884,5.60,4.67,4.62,-0.40566,0.02356,120.77133766233774,97.11355194805193,84.28811904761912,128.51281385281385,102.58924242424246,170.09006060606066,112.61565367965362,62.045777056277075,28.599662337662355,24.140188311688302,89.56932683982677,54.4447532467532,98.21598917748913,129.6833354978355,124.76733549783553,123.84995887445882,121.36002597402593,95.27662554112554,49.683445887445856,43.915610389610386
react_251,1.6854474694180228,11.855136668380652,9.583043942762838,163.41495261951306,4.60547924181655,141.2585045837966,-5.8292,-1.6651,-0.21439,-0.38254,5.43,4.77,3.53,-0.26151,0.02335,120.87492142857141,99.67538571428572,98.88869642857141,167.16524642857144,132.27589642857134,166.42263928571427,130.36040000000003,69.52345714285715,36.760464285714264,26.25896428571428,89.83722857142858,62.31609642857147,110.49168214285717,146.29805714285715,149.85569999999993,137.75329642857136,131.38609642857142,111.80198214285709,60.25824285714281,48.20768928571431
react_252,1.6756050312012496,11.185658400547023,9.488577827927957,164.0193567002002,-2.2134445842129464,126.56186227547516,-6.4358,-1.5589,-0.18927,-0.41422,5.27,4.55,4.22,-0.25583,0.02892,120.38617632241824,116.11472544080607,152.41603274559188,172.12544080604536,134.5053652392948,163.42762216624683,120.74104534005039,68.37840554156169,27.55393450881612,23.94098992443322,89.68330982367756,82.92044836272042,138.17040302266997,163.42753904282117,159.10672795969774,146.66972795969775,128.2927103274559,92.92508816120916,57.62729471032745,40.766488664987385
react_253,3.123549519769825,4.73193138213288,6.059326390136795,0.0010594437299994,47.38859397773045,139.88662003931657,-5.7448,-0.9222,-0.22244,-0.38457,5.43,4.20,2.83,-0.25258,0.03372,152.153125,36.53,93.85749999999999,9.205,0.0,0.0,0.0,0.0,0.0,0.0,94.73962500000002,50.22675,76.465875,61.985125000000004,8.32825,0.0,0.0,0.0,0.0,0.0
react_254,1.777396643373425,7.483896384070327,8.67128484955155,105.62007059312336,6.109367305704906,142.79156782193286,-5.8509,-1.6707,-0.22412,-0.37998,5.32,4.50,3.40,-0.26909,0.02128,150.55963999999997,33.493919999999996,52.56234000000001,203.33626,305.03029999999995,54.94334,49.21684000000001,25.158719999999995,2.9600999999999997,1.17612,94.54511999999998,44.71348000000001,56.06043999999999,54.66972,248.5897000000001,157.86702000000002,156.71102000000002,40.768899999999995,21.693179999999998,2.819
react_255,1.6863053721281291,15.161386188352616,5.0163255505595785,1.821018484528271,-6.038378037990192,143.28154271481193,-5.7023,-0.5439,-0.2013,-0.40778,5.21,4.63,4.61,-0.24326,0.04276,114.63761392405056,39.3769715189873,51.47185759493672,72.89841455696204,42.35131329113927,34.8386487341772,33.10224999999996,46.31639556962026,37.93548101265822,154.7833291139242,89.84169620253166,24.885582278481017,56.82838607594939,53.09812341772154,57.70709810126581,51.08301898734176,37.754142405063305,37.4122056962025,44.87295253164559,174.22906962025314
react_312,1.6590517470084796,9.298987813007576,5.780215403838965,72.6987501676204,9.63781671709365,149.08448095705984,-7.3222,-1.2852,-0.22676,-0.38084,5.25,4.68,3.38,-0.26383,0.02436,110.40177499999996,105.82764999999999,67.979675,66.18730000000002,34.97619999999999,41.475649999999995,28.278425,10.461375,7.831575000000001,0.0,85.59505,54.20632500000001,114.41817499999999,76.9919,45.4499,35.85615,29.146325,17.608249999999998,8.195825000000001,5.951724999999998
react_313,1.845497696683752,4.352919810884359,3.856034752804088,9.384531185528154,34.19713246555445,152.965154131689,-6.804,-1.5555,-0.32746,-0.30218,5.16,4.72,4.56,-0.37042,0.02589,132.73425,7.691083333333334,23.171416666666662,2.0805,0.0,0.0,0.0,0.0,0.0,0.0,89.25458333333331,37.263666666666666,21.98166666666667,16.137499999999996,1.0398333333333334,0.0,0.0,0.0,0.0,0.0
react_357,1.6763502994247703,11.740549009924946,5.786624754907333,93.78873360161914,-7.928798757083698,144.44898473704274,-6.3646,-1.8734,-0.21732,-0.39407,6.53,5.28,4.60,-0.35604,0.0224,112.93605714285715,72.97525714285712,53.79182857142856,31.206057142857148,30.086542857142863,58.16037142857143,59.96045714285713,47.41354285714286,27.512628571428564,29.715400000000013,87.35788571428569,37.87225714285714,69.91091428571428,49.6864,34.72062857142857,39.25240000000001,50.55640000000002,69.0546285714286,38.548342857142856,46.79828571428571
react_363,1.664524864346315,11.606309228031495,9.49678417501707,174.7932214385233,0.1248171554674272,144.99571961841937,-6.3896,-1.4371,-0.23642,-0.35969,6.50,5.34,4.85,-0.35543,0.02424,112.82505172413792,73.02417241379308,56.4739482758621,27.440862068965515,25.250172413793102,85.70637931034484,69.49429310344827,80.15232758620688,67.21696551724136,30.40156896551723,87.33477586206897,34.06491379310346,69.04775862068966,44.867913793103455,40.84284482758622,45.78091379310346,75.08277586206897,85.28982758620688,74.86925862068965,70.80475862068967
react_364,1.6761448220329114,10.655577163856895,5.407961501076398,86.65993421976523,1.3861190947767366,147.30021155951982,-6.3469,-1.3964,-0.23842,-0.35832,6.52,5.34,4.86,-0.35263,0.02825,112.93934883720928,72.95218604651164,51.24372093023257,33.79627906976745,26.558999999999994,52.133744186046506,19.545325581395346,38.11530232558139,14.444372093023254,1.5098604651162788,87.41506976744186,35.05620930232558,73.35441860465116,41.11960465116279,40.454674418604654,26.514279069767436,41.38076744186047,42.358372093023256,24.769720930232562,10.816023255813954
react_367,1.6918357491419984,6.230487591224956,7.696466666094879,64.19377697726463,16.561802257234675,143.23748245120083,-6.7144,-2.0472,-0.22274,-0.38317,5.29,4.63,3.65,-0.27733,0.01424,108.8209677419355,60.71832258064516,64.53403225806451,60.871838709677405,39.44564516129032,6.133193548387099,0.6435483870967742,0.0,0.0,0.0,86.39467741935485,54.31825806451613,59.89606451612904,56.24735483870968,49.81212903225806,27.26403225806451,6.881612903225807,0.3534193548387097,0.0,0.0
react_368,1.6920188322668213,6.76312781554461,7.677750836580049,76.1077748138429,-1.0841736492266882,153.19707705061228,-6.7031,-2.3365,-0.22375,-0.38078,5.26,4.66,3.54,-0.28051,0.01456,109.34107142857142,33.20814285714285,49.550357142857145,63.69764285714285,41.607000000000006,27.601785714285715,13.278857142857143,3.031071428571429,0.0,0.0,86.19507142857142,45.41071428571429,43.29585714285714,60.780214285714294,32.32985714285714,41.869142857142855,17.752857142857142,12.166642857142858,1.5155714285714286,0.0
react_369,1.834867674160511,4.613258224149661,6.066906769081617,0.0041855497238574,53.81254426768349,145.998229687358,-6.3674,-1.2911,-0.22551,-0.3691,5.50,4.30,3.00,-0.25621,0.03053,150.21,190.50966666666667,86.38666666666666,7.179666666666667,0.0,0.0,0.0,0.0,0.0,0.0,94.289,100.764,164.87800000000001,69.57366666666667,4.781333333333333,0.0,0.0,0.0,0.0,0.0
react_439,1.642553378076031,13.15195301308444,4.755806269241592,101.34254138883288,-21.26361116789783,150.82314804921964,-5.6156,-1.1024,-0.24998,-0.40039,6.92,5.47,5.06,-0.36927,0.02915,110.27135057471263,43.7551637931035,71.15627873563211,81.2663132183908,63.74187931034483,68.8322011494253,50.92751436781609,38.81399712643676,21.195318965517252,30.380531609195415,86.47807471264359,44.970416666666615,64.14099425287363,85.5006867816091,62.67864367816095,71.08525000000003,53.40234482758622,42.427281609195404,30.566577586206908,39.09027873563219
react_466,3.330121613560893,5.374536235618512,8.239351376064471,58.86815969498707,28.20457604750389,141.1738724444635,-5.3658,-1.2241,-0.22531,-0.38619,5.41,4.27,2.78,-0.24673,0.04961,152.30225000000002,42.9835,85.066,74.80199999999999,62.0125,31.31425,2.54875,0.0,0.0,0.0,95.607,46.88499999999999,74.97125,98.81474999999999,34.34,58.2305,38.358000000000004,3.82275,0.0,0.0
react_468,2.273337546865737,5.210778017848191,8.156620844867321,45.31903112184996,24.70544983984679,139.98943997585008,-5.3086,-0.7076,-0.21567,-0.39196,5.41,4.42,2.98,-0.25342,0.03974,155.47019999999998,2.0751,80.3352,31.223600000000005,35.1431,26.3816,1.813,0.0,0.0,0.0,96.304,29.5331,59.164300000000004,68.4905,16.553,43.991699999999994,16.3594,2.0458,0.0,0.0
react_469,0.0001806392592361,3.105022646239754,6.672655425384792,0.0006680933370291,30.85400887694756,142.73261619386386,-6.1878,-1.0993,-0.21968,-0.38106,5.47,4.43,2.77,-0.26835,0.02326,155.094,1.164,82.808,4.524,11.54,0.0,0.0,0.0,0.0,0.0,93.855,46.792500000000004,30.2165,71.592,1.134,11.54,0.0,0.0,0.0,0.0
react_470,1.1927993542895816,3.100299341892823,7.089492504843664,12.520626692112078,45.79588822359983,143.58016060314978,-5.9839,-0.9585,-0.21799,-0.3838,5.41,4.42,2.82,-0.24291,0.04623,155.95800000000003,1.269,85.67099999999999,5.2015,29.85,0.0,0.0,0.0,0.0,0.0,94.2565,47.22,30.259,75.06,1.304,29.85,0.0,0.0,0.0,0.0
react_471,0.0002789284213868,3.102983730173323,7.611975204142936,0.000679527270963,48.99974035262657,142.62740117918904,-6.2092,-1.3292,-0.2216,-0.37394,5.46,4.44,2.73,-0.27052,0.0152,153.788,2.348,83.915,4.632,189.668,0.0,0.0,0.0,0.0,0.0,93.75,31.154999999999998,60.117000000000004,57.344,2.317,189.668,0.0,0.0,0.0,0.0
react_472,0.0004314801652217,3.1027041571382954,8.02662711173457,0.0089642657055772,0.5837805303885314,150.17556618383094,-6.7215,-2.0312,-0.22708,-0.35767,5.48,4.45,2.72,-0.27041,0.02084,153.459,2.394,84.587,4.862,28.4,26.197,0.0,0.0,0.0,0.0,93.471,31.155,59.742999999999995,58.501000000000005,2.432,28.4,26.197,0.0,0.0,0.0
react_475,3.1105362647343715,5.462154113176235,3.675922674228354,53.02714234652939,29.220721646200083,143.68807359478654,-6.9276,-0.1055,-0.20791,-0.40066,5.84,4.43,3.62,-0.38164,0.02011,154.5663636363636,45.35004545454546,18.165636363636363,14.435454545454546,1.0078181818181817,0.0,0.0,0.0,0.0,0.0,86.5309090909091,57.69354545454546,51.163045454545454,18.150909090909092,18.675363636363638,1.3115454545454546,0.0,0.0,0.0,0.0
react_476,3.073383851270779,6.328244825508016,4.61848758540987,13.25706174447494,27.95698867245692,139.67401098333585,-6.8919,0.2483,-0.21536,-0.39109,6.24,4.70,3.07,-0.38259,0.02145,155.96363636363628,76.58174431818179,43.08985227272727,30.11090909090907,7.697465909090908,0.708380681818182,0.0,0.0,0.0,0.0,87.43909090909094,77.30845454545454,82.42173863636364,41.05671590909095,19.742892045454543,4.706551136363637,1.424102272727273,0.05244318181818182,0.0,0.0
react_502,1.691859387673252,5.092642885403705,9.31991515435942,69.56385857129933,-3.699111718400896,158.398514020569,-6.8849,-2.2005,-0.23824,-0.39168,5.66,4.86,4.21,-0.272,0.02077,109.2907142857143,39.427,49.98757142857142,59.36557142857142,17.664857142857144,31.17742857142857,22.25814285714286,12.224714285714285,0.0,0.0,85.50157142857142,50.24071428571428,37.127428571428574,56.17614285714286,29.723142857142857,40.61642857142857,22.50971428571429,7.276142857142857,12.224714285714285,0.0
react_508,6.031192086357218,7.274560032585444,6.928430229618224,53.12036129347372,5.468469859432844,141.46688372394868,-5.8766,-1.6559,-0.26141,-0.33462,9.31,5.13,5.11,-0.25753,0.02982,145.63150000000002,24.96575,110.4375,71.48100000000001,80.7935,85.57674999999999,6.0985,0.0,0.0,0.0,92.66125,51.954499999999996,66.73,92.27775000000001,75.86250000000001,82.24600000000001,23.47975,36.7215,3.05125,0.0
react_552,1.222464740052961,3.76315902343289,5.573489744048016,25.53064267748372,37.81616487682365,149.76383168158466,-7.4495,-1.2823,-0.33073,-0.31242,5.05,4.77,4.02,-0.37626,0.01754,126.517,0.0,37.45516666666666,14.809166666666668,1.1481666666666666,0.0,0.0,0.0,0.0,0.0,86.24783333333333,34.116166666666665,19.707833333333333,27.26433333333333,11.436833333333333,1.1565,0.0,0.0,0.0,0.0
react_581,1.6865645634294368,4.708924183774045,12.290627160688604,85.91278157421642,0.1157136245968565,141.67214269876806,-6.9488,0.3806,-0.20695,-0.40672,5.19,4.65,4.43,-0.37512,0.02315,115.6172921348315,26.524429775280904,34.34579494382025,48.470547752809004,38.1719171348315,33.75288904494381,18.046622191011213,14.214421348314598,6.339608146067415,5.463896067415734,90.00227387640442,27.307495786516867,40.56158286516856,44.29637078651688,40.20812219101123,34.598537921348296,25.946383426966268,16.653316011235965,11.76056882022471,9.612766853932579
react_583,1.6801105491708834,8.845723895023776,3.716978090195145,51.5785455662818,5.380894135931628,144.62577141097043,-6.6988,-0.3329,-0.19615,-0.40872,5.18,4.64,4.40,-0.37325,0.02698,115.58826640926644,27.203720077220108,28.560457528957556,37.69579150579152,32.914347490347495,32.73054826254828,13.525739382239388,8.926723938223944,2.706252895752894,0.23359845559845557,89.95551351351352,25.611169884169897,35.465567567567554,36.38128378378377,34.72133783783781,30.32716023166024,24.549544401544406,14.23805405405405,6.771083011583013,2.0647316602316605
react_596,1.7880960651057989,7.633762091800506,8.660510189118945,113.26575115621432,6.286793349030567,144.34389158470682,-5.8237,-1.6555,-0.22206,-0.38782,5.58,4.28,3.69,-0.25571,0.03427,150.69046428571423,33.366571428571426,52.30137500000001,199.99125,114.16924999999996,170.9113928571428,127.94503571428572,25.005982142857132,2.975482142857143,0.9753928571428572,94.61583928571429,42.07139285714286,55.95855357142856,57.12655357142857,166.32200000000006,146.59376785714286,139.44332142857144,152.21310714285713,21.16394642857143,2.8237142857142854
react_597,1.6766502917195936,8.690920080782462,8.020475131940538,99.21934727807312,11.785547693950608,140.9221522920537,-5.4403,-0.1694,-0.20648,-0.40508,5.24,4.54,4.34,-0.24391,0.04876,112.34387356321841,36.738000000000014,51.45611494252876,38.42191954022987,36.00477011494253,43.07731034482758,18.468528735632194,13.924310344827584,8.313436781609195,0.8274827586206898,89.74118390804595,28.920333333333332,39.575252873563215,46.565540229885066,44.30534482758621,46.2882643678161,29.12067816091955,17.349011494252867,11.385482758620688,6.324655172413796
react_238,3.337707037478566,6.41981447940592,5.8514410390394,121.69085482099231,31.75511824751868,142.57553294075709,-6.7496,-0.4834,-0.70032,-0.35224,4.20,3.90,3.17,-0.243,0.04171,167.05541379310344,139.2028275862069,77.92162068965517,104.60834482758622,78.69282758620692,7.267448275862069,0.0,0.0,0.0,0.0,68.96758620689657,148.567275862069,91.75537931034482,117.55172413793102,92.7296896551724,51.62079310344827,3.5560344827586206,0.0,0.0,0.0
react_248,4.624164321245395,6.342082066659359,5.503201350259077,158.9477247669742,28.744023724167995,137.36132138403426,-6.7087,-0.6824,-0.68969,-0.35627,4.17,3.94,2.67,-0.2431,0.04248,166.66588888888884,165.38944444444442,111.05022222222222,162.49255555555555,112.60988888888886,10.776555555555555,0.0,0.0,0.0,0.0,69.47755555555555,168.26200000000003,107.41155555555555,173.18944444444443,136.5632222222222,69.1217777777778,4.959,0.0,0.0,0.0
react_601,1.3895643580044663,7.999155044186947,3.9333862653512655,0.0053541884750883,17.61022832353705,142.0622678456832,-5.8472,-1.5268,-0.246,-0.36612,5.15,4.85,4.34,-0.35434,-0.02874,125.7772,56.56079999999999,37.931200000000004,232.1368,37.5642,75.1154,0.0,0.0,0.0,0.0,95.301,51.2094,89.8344,143.13819999999998,76.97240000000001,71.0746,0.0,37.5556,0.0,0.0
react_607,1.5372190036962368,10.020450394535604,5.835252077926731,12.398241591972235,31.87029842631593,144.26067228294318,-5.6265,-1.2917,-0.23602,-0.38328,4.86,4.65,3.08,-0.25718,0.06162,128.5939534313726,1.495230392156863,49.285683823529396,60.068259803921535,32.624897058823514,25.796139705882364,18.434093137254912,8.364818627450978,4.155279411764706,0.42380392156862745,97.9021764705882,12.258617647058829,34.64123529411766,60.70395588235299,37.74613725490194,38.43178186274514,22.06431617647058,14.242642156862765,6.980218137254903,4.271078431372548
react_617,1.683144163738708,6.878069839630827,3.7170366713793856,40.43368135733119,27.93170788472458,150.383017676735,-6.8348,0.2183,-0.19796,-0.40666,5.19,4.64,4.32,-0.26371,0.05824,114.87344444444446,24.439222222222224,37.69086111111112,19.37436111111111,15.501583333333334,1.2673333333333334,0.0,0.0,0.0,0.0,90.40975,22.412333333333336,34.59119444444445,30.11230555555555,23.782305555555556,9.93697222222222,1.8315833333333336,0.07036111111111111,0.0,0.0
