<?xml version="1.0" ?>
<!--MOLLI PACKAGE EXPERIMENTAL XML FORMAT-->
<molecule name="react_0">
	<atoms>
		<a id="1" s="H" t="H" l="H"/>
		<a id="2" s="C" t="C.2" l="C"/>
		<a id="3" s="C" t="C.2" l="C"/>
		<a id="4" s="H" t="H" l="H"/>
		<a id="5" s="C" t="C.3" l="C"/>
		<a id="6" s="H" t="H" l="H"/>
		<a id="7" s="H" t="H" l="H"/>
		<a id="8" s="C" t="C.1" l="C"/>
		<a id="9" s="N" t="N.1" l="N"/>
		<a id="10" s="C" t="C.3" l="C"/>
		<a id="11" s="H" t="H" l="H"/>
		<a id="12" s="H" t="H" l="H"/>
		<a id="13" s="H" t="H" l="H"/>
	</atoms>
	<bonds>
		<b id="1" c="7 5" t="1"/>
		<b id="2" c="11 10" t="1"/>
		<b id="3" c="4 3" t="1"/>
		<b id="4" c="13 10" t="1"/>
		<b id="5" c="3 5" t="1"/>
		<b id="6" c="3 2" t="2"/>
		<b id="7" c="5 6" t="1"/>
		<b id="8" c="5 8" t="1"/>
		<b id="9" c="10 2" t="1"/>
		<b id="10" c="10 12" t="1"/>
		<b id="11" c="2 1" t="1"/>
		<b id="12" c="8 9" t="3"/>
	</bonds>
	<geometry>
		<g u="A" t="cart/3d">#13,3:0.6664,-1.4833,0.4193;0.8195,-0.4661,0.0322;-0.2554,0.2613,-0.2909;-0.1317,1.2827,-0.6709;-1.6795,-0.2351,-0.1749;-1.7003,-1.2680,0.2107;-2.1641,-0.2583,-1.1686;-2.5143,0.6038,0.6972;-3.1653,1.2768,1.3798;2.2427,-0.0112,-0.0882;2.8168,-0.6763,-0.7573;2.7508,-0.0414,0.8917;2.3141,1.0150,-0.4802;</g>
	</geometry>
	<conformers/>
	<properties/>
</molecule>
