<?xml version="1.0" ?>
<!--MOLLI PACKAGE EXPERIMENTAL XML FORMAT-->
<molecule name="react_28">
	<atoms>
		<a id="1" s="H" t="H" l="H"/>
		<a id="2" s="C" t="C.2" l="C"/>
		<a id="3" s="H" t="H" l="H"/>
		<a id="4" s="C" t="C.2" l="C"/>
		<a id="5" s="H" t="H" l="H"/>
		<a id="6" s="C" t="C.3" l="C"/>
		<a id="7" s="H" t="H" l="H"/>
		<a id="8" s="H" t="H" l="H"/>
		<a id="9" s="C" t="C.3" l="C"/>
		<a id="10" s="H" t="H" l="H"/>
		<a id="11" s="H" t="H" l="H"/>
		<a id="12" s="C" t="C.3" l="C"/>
		<a id="13" s="H" t="H" l="H"/>
		<a id="14" s="H" t="H" l="H"/>
		<a id="15" s="C" t="C.3" l="C"/>
		<a id="16" s="H" t="H" l="H"/>
		<a id="17" s="H" t="H" l="H"/>
		<a id="18" s="C" t="C.3" l="C"/>
		<a id="19" s="H" t="H" l="H"/>
		<a id="20" s="H" t="H" l="H"/>
		<a id="21" s="C" t="C.3" l="C"/>
		<a id="22" s="H" t="H" l="H"/>
		<a id="23" s="H" t="H" l="H"/>
		<a id="24" s="C" t="C.3" l="C"/>
		<a id="25" s="H" t="H" l="H"/>
		<a id="26" s="H" t="H" l="H"/>
		<a id="27" s="C" t="C.3" l="C"/>
		<a id="28" s="H" t="H" l="H"/>
		<a id="29" s="H" t="H" l="H"/>
		<a id="30" s="C" t="C.3" l="C"/>
		<a id="31" s="H" t="H" l="H"/>
		<a id="32" s="H" t="H" l="H"/>
		<a id="33" s="O" t="O.3" l="O"/>
		<a id="34" s="Si" t="Si" l="SI"/>
		<a id="35" s="C" t="C.3" l="C"/>
		<a id="36" s="H" t="H" l="H"/>
		<a id="37" s="H" t="H" l="H"/>
		<a id="38" s="H" t="H" l="H"/>
		<a id="39" s="C" t="C.3" l="C"/>
		<a id="40" s="H" t="H" l="H"/>
		<a id="41" s="H" t="H" l="H"/>
		<a id="42" s="H" t="H" l="H"/>
		<a id="43" s="C" t="C.3" l="C"/>
		<a id="44" s="C" t="C.3" l="C"/>
		<a id="45" s="H" t="H" l="H"/>
		<a id="46" s="H" t="H" l="H"/>
		<a id="47" s="H" t="H" l="H"/>
		<a id="48" s="C" t="C.3" l="C"/>
		<a id="49" s="H" t="H" l="H"/>
		<a id="50" s="H" t="H" l="H"/>
		<a id="51" s="H" t="H" l="H"/>
		<a id="52" s="C" t="C.3" l="C"/>
		<a id="53" s="H" t="H" l="H"/>
		<a id="54" s="H" t="H" l="H"/>
		<a id="55" s="H" t="H" l="H"/>
	</atoms>
	<bonds>
		<b id="1" c="47 44" t="1"/>
		<b id="2" c="45 44" t="1"/>
		<b id="3" c="54 52" t="1"/>
		<b id="4" c="1 2" t="1"/>
		<b id="5" c="44 46" t="1"/>
		<b id="6" c="44 43" t="1"/>
		<b id="7" c="5 4" t="1"/>
		<b id="8" c="55 52" t="1"/>
		<b id="9" c="52 43" t="1"/>
		<b id="10" c="52 53" t="1"/>
		<b id="11" c="2 4" t="2"/>
		<b id="12" c="2 3" t="1"/>
		<b id="13" c="51 48" t="1"/>
		<b id="14" c="29 27" t="1"/>
		<b id="15" c="4 6" t="1"/>
		<b id="16" c="43 48" t="1"/>
		<b id="17" c="43 34" t="1"/>
		<b id="18" c="16 15" t="1"/>
		<b id="19" c="28 27" t="1"/>
		<b id="20" c="25 24" t="1"/>
		<b id="21" c="48 49" t="1"/>
		<b id="22" c="48 50" t="1"/>
		<b id="23" c="23 21" t="1"/>
		<b id="24" c="27 24" t="1"/>
		<b id="25" c="27 30" t="1"/>
		<b id="26" c="17 15" t="1"/>
		<b id="27" c="8 6" t="1"/>
		<b id="28" c="13 12" t="1"/>
		<b id="29" c="33 30" t="1"/>
		<b id="30" c="33 34" t="1"/>
		<b id="31" c="15 12" t="1"/>
		<b id="32" c="15 18" t="1"/>
		<b id="33" c="6 7" t="1"/>
		<b id="34" c="6 9" t="1"/>
		<b id="35" c="24 21" t="1"/>
		<b id="36" c="24 26" t="1"/>
		<b id="37" c="21 18" t="1"/>
		<b id="38" c="21 22" t="1"/>
		<b id="39" c="37 35" t="1"/>
		<b id="40" c="30 32" t="1"/>
		<b id="41" c="30 31" t="1"/>
		<b id="42" c="34 35" t="1"/>
		<b id="43" c="34 39" t="1"/>
		<b id="44" c="12 9" t="1"/>
		<b id="45" c="12 14" t="1"/>
		<b id="46" c="18 19" t="1"/>
		<b id="47" c="18 20" t="1"/>
		<b id="48" c="9 10" t="1"/>
		<b id="49" c="9 11" t="1"/>
		<b id="50" c="35 36" t="1"/>
		<b id="51" c="35 38" t="1"/>
		<b id="52" c="41 39" t="1"/>
		<b id="53" c="39 40" t="1"/>
		<b id="54" c="39 42" t="1"/>
	</bonds>
	<geometry>
		<g u="A" t="cart/3d">#55,3:8.9508,-1.4402,-2.4697;8.4047,-1.7549,-1.5754;8.8833,-2.5135,-0.9452;7.2086,-1.2439,-1.2664;6.7751,-0.4897,-1.9364;6.3924,-1.6140,-0.0571;6.8642,-2.4744,0.4475;5.3960,-1.9618,-0.3888;6.2138,-0.4758,0.9708;7.2090,-0.1985,1.3604;5.6546,-0.8771,1.8342;5.5238,0.7990,0.4557;6.1599,1.2698,-0.3143;5.4835,1.5260,1.2874;4.1067,0.6268,-0.1168;4.1330,-0.0418,-0.9975;3.7772,1.6066,-0.5034;3.0704,0.0947,0.8820;3.3929,-0.8956,1.2479;3.0533,0.7509,1.7733;1.6437,-0.0411,0.3256;1.0441,-0.6186,1.0505;1.6701,-0.6539,-0.5956;0.9358,1.2878,0.0223;1.5435,1.8716,-0.6895;0.8944,1.8961,0.9464;-0.4771,1.1492,-0.5622;-0.8308,2.1325,-0.9172;-0.4587,0.4915,-1.4497;-1.5236,0.6120,0.4104;-1.5653,1.2702,1.3032;-1.2349,-0.3946,0.7715;-2.7794,0.5599,-0.2325;-4.2511,0.0536,0.4163;-4.0722,-1.6973,1.1075;-5.0316,-2.0754,1.4985;-3.7176,-2.4040,0.3397;-3.3500,-1.7192,1.9413;-4.7578,1.2202,1.8146;-5.7442,0.9510,2.2279;-4.8073,2.2665,1.4721;-4.0328,1.1741,2.6449;-5.4665,0.1277,-1.0631;-4.9666,-0.8105,-2.1818;-3.9522,-0.5378,-2.5135;-4.9430,-1.8649,-1.8588;-5.6359,-0.7536,-3.0602;-6.8762,-0.3115,-0.6162;-6.8880,-1.3467,-0.2357;-7.2850,0.3405,0.1741;-7.5807,-0.2708,-1.4674;-5.5237,1.5713,-1.6053;-5.9149,2.2796,-0.8560;-6.1901,1.6269,-2.4860;-4.5276,1.9254,-1.9146;</g>
	</geometry>
	<conformers/>
	<properties/>
</molecule>
