<?xml version="1.0" ?>
<!--MOLLI PACKAGE EXPERIMENTAL XML FORMAT-->
<molecule name="react_592">
	<atoms>
		<a id="1" s="H" t="H" l="H"/>
		<a id="2" s="C" t="C.2" l="C"/>
		<a id="3" s="C" t="C.2" l="C"/>
		<a id="4" s="H" t="H" l="H"/>
		<a id="5" s="C" t="C.3" l="C"/>
		<a id="6" s="H" t="H" l="H"/>
		<a id="7" s="H" t="H" l="H"/>
		<a id="8" s="Si" t="Si" l="SI"/>
		<a id="9" s="C" t="C.3" l="C"/>
		<a id="10" s="H" t="H" l="H"/>
		<a id="11" s="H" t="H" l="H"/>
		<a id="12" s="H" t="H" l="H"/>
		<a id="13" s="C" t="C.3" l="C"/>
		<a id="14" s="H" t="H" l="H"/>
		<a id="15" s="H" t="H" l="H"/>
		<a id="16" s="H" t="H" l="H"/>
		<a id="17" s="C" t="C.3" l="C"/>
		<a id="18" s="H" t="H" l="H"/>
		<a id="19" s="H" t="H" l="H"/>
		<a id="20" s="H" t="H" l="H"/>
		<a id="21" s="C" t="C.3" l="C"/>
		<a id="22" s="H" t="H" l="H"/>
		<a id="23" s="C" t="C.3" l="C"/>
		<a id="24" s="H" t="H" l="H"/>
		<a id="25" s="H" t="H" l="H"/>
		<a id="26" s="C" t="C.3" l="C"/>
		<a id="27" s="H" t="H" l="H"/>
		<a id="28" s="H" t="H" l="H"/>
		<a id="29" s="C" t="C.3" l="C"/>
		<a id="30" s="H" t="H" l="H"/>
		<a id="31" s="H" t="H" l="H"/>
		<a id="32" s="C" t="C.3" l="C"/>
		<a id="33" s="H" t="H" l="H"/>
		<a id="34" s="H" t="H" l="H"/>
		<a id="35" s="C" t="C.3" l="C"/>
		<a id="36" s="H" t="H" l="H"/>
		<a id="37" s="H" t="H" l="H"/>
	</atoms>
	<bonds>
		<b id="1" c="37 35" t="1"/>
		<b id="2" c="33 32" t="1"/>
		<b id="3" c="36 35" t="1"/>
		<b id="4" c="31 29" t="1"/>
		<b id="5" c="12 9" t="1"/>
		<b id="6" c="35 32" t="1"/>
		<b id="7" c="35 21" t="1"/>
		<b id="8" c="10 9" t="1"/>
		<b id="9" c="18 17" t="1"/>
		<b id="10" c="20 17" t="1"/>
		<b id="11" c="32 29" t="1"/>
		<b id="12" c="32 34" t="1"/>
		<b id="13" c="28 26" t="1"/>
		<b id="14" c="22 21" t="1"/>
		<b id="15" c="9 11" t="1"/>
		<b id="16" c="9 8" t="1"/>
		<b id="17" c="29 26" t="1"/>
		<b id="18" c="29 30" t="1"/>
		<b id="19" c="17 19" t="1"/>
		<b id="20" c="17 8" t="1"/>
		<b id="21" c="21 2" t="1"/>
		<b id="22" c="21 23" t="1"/>
		<b id="23" c="26 27" t="1"/>
		<b id="24" c="26 23" t="1"/>
		<b id="25" c="4 3" t="1"/>
		<b id="26" c="8 5" t="1"/>
		<b id="27" c="8 13" t="1"/>
		<b id="28" c="2 3" t="2"/>
		<b id="29" c="2 1" t="1"/>
		<b id="30" c="23 25" t="1"/>
		<b id="31" c="23 24" t="1"/>
		<b id="32" c="3 5" t="1"/>
		<b id="33" c="15 13" t="1"/>
		<b id="34" c="5 7" t="1"/>
		<b id="35" c="5 6" t="1"/>
		<b id="36" c="13 16" t="1"/>
		<b id="37" c="13 14" t="1"/>
	</bonds>
	<geometry>
		<g u="A" t="cart/3d">#37,3:0.6316,-0.8401,1.0808;0.5436,0.1427,0.5931;-0.5829,0.8501,0.7684;-0.6490,1.8332,0.2804;-1.7918,0.4214,1.5480;-2.1078,1.2282,2.2368;-1.5593,-0.4560,2.1780;-3.3179,-0.0162,0.4762;-3.7377,1.4364,-0.6638;-4.6383,1.2193,-1.2630;-3.9354,2.3562,-0.0874;-2.9146,1.6500,-1.3657;-4.7807,-0.3561,1.6306;-4.5652,-1.1933,2.3159;-5.6866,-0.6191,1.0584;-5.0208,0.5271,2.2465;-2.9430,-1.5553,-0.5575;-3.7859,-1.8055,-1.2237;-2.7533,-2.4312,0.0858;-2.0495,-1.4008,-1.1846;1.7382,0.5877,-0.2125;1.4776,1.5493,-0.6885;2.9680,0.8325,0.7059;2.9867,0.0715,1.5074;2.8531,1.8022,1.2172;4.2849,0.7686,-0.0753;5.1306,1.0719,0.5640;4.2466,1.5083,-0.8950;4.5286,-0.6457,-0.6518;5.1361,-1.2402,0.0521;5.1263,-0.5666,-1.5762;3.2066,-1.3912,-0.9412;3.3614,-2.1534,-1.7230;2.8859,-1.9469,-0.0421;2.0952,-0.4185,-1.3515;1.1899,-0.9654,-1.6621;2.4289,0.1449,-2.2409;</g>
	</geometry>
	<conformers/>
	<properties/>
</molecule>
