<?xml version="1.0" ?>
<!--MOLLI PACKAGE EXPERIMENTAL XML FORMAT-->
<molecule name="react_629">
	<atoms>
		<a id="1" s="H" t="H" l="H"/>
		<a id="2" s="C" t="C.2" l="C"/>
		<a id="3" s="C" t="C.2" l="C"/>
		<a id="4" s="H" t="H" l="H"/>
		<a id="5" s="P" t="P.3" l="P"/>
		<a id="6" s="O" t="O.2" l="O"/>
		<a id="7" s="O" t="O.3" l="O"/>
		<a id="8" s="C" t="C.3" l="C"/>
		<a id="9" s="H" t="H" l="H"/>
		<a id="10" s="H" t="H" l="H"/>
		<a id="11" s="C" t="C.3" l="C"/>
		<a id="12" s="H" t="H" l="H"/>
		<a id="13" s="H" t="H" l="H"/>
		<a id="14" s="H" t="H" l="H"/>
		<a id="15" s="O" t="O.3" l="O"/>
		<a id="16" s="C" t="C.3" l="C"/>
		<a id="17" s="H" t="H" l="H"/>
		<a id="18" s="H" t="H" l="H"/>
		<a id="19" s="C" t="C.3" l="C"/>
		<a id="20" s="H" t="H" l="H"/>
		<a id="21" s="H" t="H" l="H"/>
		<a id="22" s="H" t="H" l="H"/>
		<a id="23" s="C" t="C.3" l="C"/>
		<a id="24" s="H" t="H" l="H"/>
		<a id="25" s="H" t="H" l="H"/>
		<a id="26" s="O" t="O.3" l="O"/>
		<a id="27" s="Si" t="Si" l="SI"/>
		<a id="28" s="C" t="C.3" l="C"/>
		<a id="29" s="H" t="H" l="H"/>
		<a id="30" s="H" t="H" l="H"/>
		<a id="31" s="H" t="H" l="H"/>
		<a id="32" s="C" t="C.3" l="C"/>
		<a id="33" s="H" t="H" l="H"/>
		<a id="34" s="H" t="H" l="H"/>
		<a id="35" s="H" t="H" l="H"/>
		<a id="36" s="C" t="C.3" l="C"/>
		<a id="37" s="C" t="C.3" l="C"/>
		<a id="38" s="H" t="H" l="H"/>
		<a id="39" s="H" t="H" l="H"/>
		<a id="40" s="H" t="H" l="H"/>
		<a id="41" s="C" t="C.3" l="C"/>
		<a id="42" s="H" t="H" l="H"/>
		<a id="43" s="H" t="H" l="H"/>
		<a id="44" s="H" t="H" l="H"/>
		<a id="45" s="C" t="C.3" l="C"/>
		<a id="46" s="H" t="H" l="H"/>
		<a id="47" s="H" t="H" l="H"/>
		<a id="48" s="H" t="H" l="H"/>
	</atoms>
	<bonds>
		<b id="1" c="29 28" t="1"/>
		<b id="2" c="30 28" t="1"/>
		<b id="3" c="31 28" t="1"/>
		<b id="4" c="28 27" t="1"/>
		<b id="5" c="6 5" t="2"/>
		<b id="6" c="48 45" t="1"/>
		<b id="7" c="4 3" t="1"/>
		<b id="8" c="38 37" t="1"/>
		<b id="9" c="33 32" t="1"/>
		<b id="10" c="5 7" t="1"/>
		<b id="11" c="5 3" t="1"/>
		<b id="12" c="5 15" t="1"/>
		<b id="13" c="35 32" t="1"/>
		<b id="14" c="7 8" t="1"/>
		<b id="15" c="27 32" t="1"/>
		<b id="16" c="27 26" t="1"/>
		<b id="17" c="27 36" t="1"/>
		<b id="18" c="14 11" t="1"/>
		<b id="19" c="17 16" t="1"/>
		<b id="20" c="3 2" t="2"/>
		<b id="21" c="32 34" t="1"/>
		<b id="22" c="45 47" t="1"/>
		<b id="23" c="45 36" t="1"/>
		<b id="24" c="45 46" t="1"/>
		<b id="25" c="26 23" t="1"/>
		<b id="26" c="13 11" t="1"/>
		<b id="27" c="37 36" t="1"/>
		<b id="28" c="37 40" t="1"/>
		<b id="29" c="37 39" t="1"/>
		<b id="30" c="11 8" t="1"/>
		<b id="31" c="11 12" t="1"/>
		<b id="32" c="36 41" t="1"/>
		<b id="33" c="16 15" t="1"/>
		<b id="34" c="16 18" t="1"/>
		<b id="35" c="16 19" t="1"/>
		<b id="36" c="8 9" t="1"/>
		<b id="37" c="8 10" t="1"/>
		<b id="38" c="2 23" t="1"/>
		<b id="39" c="2 1" t="1"/>
		<b id="40" c="23 24" t="1"/>
		<b id="41" c="23 25" t="1"/>
		<b id="42" c="21 19" t="1"/>
		<b id="43" c="22 19" t="1"/>
		<b id="44" c="19 20" t="1"/>
		<b id="45" c="41 42" t="1"/>
		<b id="46" c="41 44" t="1"/>
		<b id="47" c="41 43" t="1"/>
	</bonds>
	<geometry>
		<g u="A" t="cart/3d">#48,3:-1.7214,-1.4059,1.3434;-1.0713,-0.9322,0.5987;-1.6069,-0.2845,-0.4436;-0.9466,0.1803,-1.1837;-3.3596,-0.1501,-0.7891;-3.8298,-0.6895,-2.0887;-3.7054,1.4357,-0.6620;-3.5045,2.1966,0.5331;-2.4592,2.0882,0.8765;-4.1546,1.8014,1.3335;-3.8246,3.6497,0.2387;-3.6902,4.2612,1.1456;-4.8654,3.7569,-0.1045;-3.1626,4.0421,-0.5489;-4.0317,-0.8285,0.5363;-5.3502,-1.4017,0.4724;-5.5083,-1.8224,-0.5337;-6.0938,-0.5983,0.6214;-5.4775,-2.4609,1.5497;-5.3042,-2.0303,2.5489;-4.7477,-3.2704,1.3904;-6.4889,-2.8980,1.5328;0.4039,-1.0704,0.8474;0.6417,-2.1541,0.9011;0.6169,-0.6724,1.8632;1.1667,-0.4157,-0.1223;2.7610,-0.6631,-0.6361;2.7291,-0.3207,-2.4848;2.0642,-1.0403,-2.9901;3.7300,-0.4088,-2.9381;2.3470,0.6904,-2.6981;3.2575,-2.4569,-0.3116;2.5665,-3.1485,-0.8223;3.2638,-2.7153,0.7598;4.2687,-2.6548,-0.7044;3.8985,0.5743,0.2962;3.3782,2.0087,0.0650;3.4241,2.2985,-0.9978;3.9890,2.7376,0.6290;2.3327,2.1201,0.3953;3.8795,0.2688,1.8087;4.2688,-0.7378,2.0351;4.5114,0.9918,2.3569;2.8638,0.3404,2.2322;5.3467,0.4627,-0.2248;6.0034,1.1773,0.3050;5.7709,-0.5434,-0.0672;5.4206,0.6924,-1.3007;</g>
	</geometry>
	<conformers/>
	<properties/>
</molecule>
