<?xml version="1.0" ?>
<!--MOLLI PACKAGE EXPERIMENTAL XML FORMAT-->
<molecule name="react_630">
	<atoms>
		<a id="1" s="H" t="H" l="H"/>
		<a id="2" s="C" t="C.2" l="C"/>
		<a id="3" s="C" t="C.2" l="C"/>
		<a id="4" s="H" t="H" l="H"/>
		<a id="5" s="P" t="P.3" l="P"/>
		<a id="6" s="O" t="O.2" l="O"/>
		<a id="7" s="O" t="O.3" l="O"/>
		<a id="8" s="C" t="C.3" l="C"/>
		<a id="9" s="H" t="H" l="H"/>
		<a id="10" s="H" t="H" l="H"/>
		<a id="11" s="C" t="C.3" l="C"/>
		<a id="12" s="H" t="H" l="H"/>
		<a id="13" s="H" t="H" l="H"/>
		<a id="14" s="H" t="H" l="H"/>
		<a id="15" s="O" t="O.3" l="O"/>
		<a id="16" s="C" t="C.3" l="C"/>
		<a id="17" s="H" t="H" l="H"/>
		<a id="18" s="H" t="H" l="H"/>
		<a id="19" s="C" t="C.3" l="C"/>
		<a id="20" s="H" t="H" l="H"/>
		<a id="21" s="H" t="H" l="H"/>
		<a id="22" s="H" t="H" l="H"/>
		<a id="23" s="C" t="C.3" l="C"/>
		<a id="24" s="H" t="H" l="H"/>
		<a id="25" s="H" t="H" l="H"/>
		<a id="26" s="C" t="C.3" l="C"/>
		<a id="27" s="H" t="H" l="H"/>
		<a id="28" s="H" t="H" l="H"/>
		<a id="29" s="C" t="C.3" l="C"/>
		<a id="30" s="H" t="H" l="H"/>
		<a id="31" s="H" t="H" l="H"/>
		<a id="32" s="C" t="C.3" l="C"/>
		<a id="33" s="H" t="H" l="H"/>
		<a id="34" s="H" t="H" l="H"/>
		<a id="35" s="C" t="C.3" l="C"/>
		<a id="36" s="H" t="H" l="H"/>
		<a id="37" s="H" t="H" l="H"/>
		<a id="38" s="C" t="C.3" l="C"/>
		<a id="39" s="H" t="H" l="H"/>
		<a id="40" s="H" t="H" l="H"/>
		<a id="41" s="C" t="C.3" l="C"/>
		<a id="42" s="H" t="H" l="H"/>
		<a id="43" s="H" t="H" l="H"/>
		<a id="44" s="H" t="H" l="H"/>
	</atoms>
	<bonds>
		<b id="1" c="22 19" t="1"/>
		<b id="2" c="21 19" t="1"/>
		<b id="3" c="19 20" t="1"/>
		<b id="4" c="19 16" t="1"/>
		<b id="5" c="17 16" t="1"/>
		<b id="6" c="16 18" t="1"/>
		<b id="7" c="16 15" t="1"/>
		<b id="8" c="39 38" t="1"/>
		<b id="9" c="15 5" t="1"/>
		<b id="10" c="38 40" t="1"/>
		<b id="11" c="38 41" t="1"/>
		<b id="12" c="38 35" t="1"/>
		<b id="13" c="42 41" t="1"/>
		<b id="14" c="37 35" t="1"/>
		<b id="15" c="44 41" t="1"/>
		<b id="16" c="36 35" t="1"/>
		<b id="17" c="1 2" t="1"/>
		<b id="18" c="41 43" t="1"/>
		<b id="19" c="35 32" t="1"/>
		<b id="20" c="27 26" t="1"/>
		<b id="21" c="9 8" t="1"/>
		<b id="22" c="5 6" t="2"/>
		<b id="23" c="5 7" t="1"/>
		<b id="24" c="5 3" t="1"/>
		<b id="25" c="2 23" t="1"/>
		<b id="26" c="2 3" t="2"/>
		<b id="27" c="24 23" t="1"/>
		<b id="28" c="8 10" t="1"/>
		<b id="29" c="8 7" t="1"/>
		<b id="30" c="8 11" t="1"/>
		<b id="31" c="26 23" t="1"/>
		<b id="32" c="26 28" t="1"/>
		<b id="33" c="26 29" t="1"/>
		<b id="34" c="32 33" t="1"/>
		<b id="35" c="32 29" t="1"/>
		<b id="36" c="32 34" t="1"/>
		<b id="37" c="23 25" t="1"/>
		<b id="38" c="3 4" t="1"/>
		<b id="39" c="31 29" t="1"/>
		<b id="40" c="29 30" t="1"/>
		<b id="41" c="13 11" t="1"/>
		<b id="42" c="14 11" t="1"/>
		<b id="43" c="11 12" t="1"/>
	</bonds>
	<geometry>
		<g u="A" t="cart/3d">#44,3:-0.4901,-0.4328,-0.6414;-0.4642,-0.6300,0.4380;-1.6298,-0.7428,1.0903;-1.6556,-0.9349,2.1697;-3.2330,-0.6756,0.2966;-4.1113,-1.8731,0.4336;-3.8333,0.6896,0.9354;-5.2205,1.0265,0.7694;-5.3684,1.4323,-0.2478;-5.8287,0.1112,0.8625;-5.6002,2.0525,1.8192;-5.4665,1.6414,2.8320;-6.6555,2.3463,1.6991;-4.9757,2.9550,1.7278;-2.9168,-0.2740,-1.2534;-3.3289,-1.1056,-2.3533;-2.4265,-1.3046,-2.9555;-3.7067,-2.0630,-1.9615;-4.3867,-0.4026,-3.1854;-5.3050,-0.2419,-2.5983;-4.0241,0.5755,-3.5394;-4.6472,-1.0150,-4.0645;0.8976,-0.7403,1.0585;1.3857,-1.6446,0.6487;0.8064,-0.9006,2.1467;1.7862,0.4847,0.7750;1.8834,0.6146,-0.3180;1.2667,1.3893,1.1359;3.1772,0.4235,1.4254;3.0541,0.3924,2.5234;3.6980,1.3745,1.2166;4.0721,-0.7561,1.0079;3.6132,-1.7026,1.3446;5.0198,-0.6837,1.5697;4.3762,-0.8762,-0.4953;4.9898,-1.7826,-0.6509;3.4374,-1.0619,-1.0474;5.0952,0.3205,-1.1391;5.1809,0.1278,-2.2233;4.4693,1.2269,-1.0512;6.4890,0.6081,-0.5743;6.9763,1.4341,-1.1176;6.4557,0.8932,0.4901;7.1446,-0.2759,-0.6582;</g>
	</geometry>
	<conformers/>
	<properties/>
</molecule>
