<?xml version="1.0" ?>
<!--MOLLI PACKAGE EXPERIMENTAL XML FORMAT-->
<molecule name="react_638">
	<atoms>
		<a id="1" s="H" t="H" l="H"/>
		<a id="2" s="C" t="C.2" l="C"/>
		<a id="3" s="C" t="C.2" l="C"/>
		<a id="4" s="H" t="H" l="H"/>
		<a id="5" s="C" t="C.3" l="C"/>
		<a id="6" s="H" t="H" l="H"/>
		<a id="7" s="H" t="H" l="H"/>
		<a id="8" s="C" t="C.3" l="C"/>
		<a id="9" s="H" t="H" l="H"/>
		<a id="10" s="H" t="H" l="H"/>
		<a id="11" s="H" t="H" l="H"/>
		<a id="12" s="C" t="C.3" l="C"/>
		<a id="13" s="H" t="H" l="H"/>
		<a id="14" s="H" t="H" l="H"/>
		<a id="15" s="C" t="C.3" l="C"/>
		<a id="16" s="H" t="H" l="H"/>
		<a id="17" s="H" t="H" l="H"/>
		<a id="18" s="H" t="H" l="H"/>
	</atoms>
	<bonds>
		<b id="1" c="14 12" t="1"/>
		<b id="2" c="11 8" t="1"/>
		<b id="3" c="1 2" t="1"/>
		<b id="4" c="12 2" t="1"/>
		<b id="5" c="12 13" t="1"/>
		<b id="6" c="12 15" t="1"/>
		<b id="7" c="2 3" t="2"/>
		<b id="8" c="6 5" t="1"/>
		<b id="9" c="8 9" t="1"/>
		<b id="10" c="8 5" t="1"/>
		<b id="11" c="8 10" t="1"/>
		<b id="12" c="18 15" t="1"/>
		<b id="13" c="3 5" t="1"/>
		<b id="14" c="3 4" t="1"/>
		<b id="15" c="16 15" t="1"/>
		<b id="16" c="5 7" t="1"/>
		<b id="17" c="15 17" t="1"/>
	</bonds>
	<geometry>
		<g u="A" t="cart/3d">#18,3:0.0340,-0.9551,-0.8086;0.3802,0.0440,-0.5130;-0.5056,0.9350,-0.0486;-0.1327,1.9271,0.2441;-1.9904,0.7412,0.1235;-2.5120,1.5342,-0.4472;-2.2468,0.9518,1.1801;-2.5493,-0.6240,-0.2741;-3.6377,-0.6642,-0.1090;-2.0927,-1.4360,0.3153;-2.3652,-0.8424,-1.3389;1.8591,0.2858,-0.6563;2.0895,1.3339,-0.3977;2.1458,0.1593,-1.7180;2.7153,-0.6619,0.1971;3.7911,-0.4778,0.0421;2.4988,-0.5335,1.2703;2.5185,-1.7175,-0.0561;</g>
	</geometry>
	<conformers/>
	<properties/>
</molecule>
