<?xml version="1.0" ?>
<!--MOLLI PACKAGE EXPERIMENTAL XML FORMAT-->
<molecule name="react_640">
	<atoms>
		<a id="1" s="H" t="H" l="H"/>
		<a id="2" s="O" t="O.3" l="O"/>
		<a id="3" s="C" t="C.3" l="C"/>
		<a id="4" s="H" t="H" l="H"/>
		<a id="5" s="H" t="H" l="H"/>
		<a id="6" s="C" t="C.2" l="C"/>
		<a id="7" s="H" t="H" l="H"/>
		<a id="8" s="C" t="C.2" l="C"/>
		<a id="9" s="H" t="H" l="H"/>
		<a id="10" s="C" t="C.3" l="C"/>
		<a id="11" s="C" t="C.3" l="C"/>
		<a id="12" s="H" t="H" l="H"/>
		<a id="13" s="H" t="H" l="H"/>
		<a id="14" s="H" t="H" l="H"/>
		<a id="15" s="C" t="C.3" l="C"/>
		<a id="16" s="H" t="H" l="H"/>
		<a id="17" s="H" t="H" l="H"/>
		<a id="18" s="H" t="H" l="H"/>
		<a id="19" s="C" t="C.3" l="C"/>
		<a id="20" s="H" t="H" l="H"/>
		<a id="21" s="H" t="H" l="H"/>
		<a id="22" s="H" t="H" l="H"/>
	</atoms>
	<bonds>
		<b id="1" c="20 19" t="1"/>
		<b id="2" c="21 19" t="1"/>
		<b id="3" c="19 22" t="1"/>
		<b id="4" c="19 10" t="1"/>
		<b id="5" c="5 3" t="1"/>
		<b id="6" c="2 3" t="1"/>
		<b id="7" c="2 1" t="1"/>
		<b id="8" c="9 8" t="1"/>
		<b id="9" c="3 6" t="1"/>
		<b id="10" c="3 4" t="1"/>
		<b id="11" c="8 6" t="2"/>
		<b id="12" c="8 10" t="1"/>
		<b id="13" c="6 7" t="1"/>
		<b id="14" c="10 15" t="1"/>
		<b id="15" c="10 11" t="1"/>
		<b id="16" c="16 15" t="1"/>
		<b id="17" c="13 11" t="1"/>
		<b id="18" c="15 17" t="1"/>
		<b id="19" c="15 18" t="1"/>
		<b id="20" c="11 14" t="1"/>
		<b id="21" c="11 12" t="1"/>
	</bonds>
	<geometry>
		<g u="A" t="cart/3d">#22,3:3.2615,-0.7672,-0.2945;3.3107,-0.0738,-0.9672;2.7489,1.0946,-0.4172;3.3421,1.4693,0.4456;2.8394,1.8750,-1.1957;1.3044,0.9706,0.0017;0.9097,1.8296,0.5567;0.5278,-0.0845,-0.2700;0.9773,-0.9056,-0.8443;-0.9284,-0.3017,0.1047;-1.0215,-1.5793,0.9707;-0.4680,-1.4588,1.9161;-0.6008,-2.4511,0.4425;-2.0715,-1.8112,1.2167;-1.5244,0.8839,0.8798;-1.4884,1.8131,0.2887;-2.5801,0.6873,1.1283;-0.9874,1.0621,1.8255;-1.7329,-0.5201,-1.1976;-1.6993,0.3746,-1.8400;-1.3293,-1.3658,-1.7784;-2.7898,-0.7408,-0.9720;</g>
	</geometry>
	<conformers/>
	<properties/>
</molecule>
