<?xml version="1.0" ?>
<!--MOLLI PACKAGE EXPERIMENTAL XML FORMAT-->
<molecule name="react_641">
	<atoms>
		<a id="1" s="H" t="H" l="H"/>
		<a id="2" s="C" t="C.2" l="C"/>
		<a id="3" s="C" t="C.2" l="C"/>
		<a id="4" s="H" t="H" l="H"/>
		<a id="5" s="C" t="C.3" l="C"/>
		<a id="6" s="H" t="H" l="H"/>
		<a id="7" s="H" t="H" l="H"/>
		<a id="8" s="C" t="C.3" l="C"/>
		<a id="9" s="H" t="H" l="H"/>
		<a id="10" s="H" t="H" l="H"/>
		<a id="11" s="C" t="C.3" l="C"/>
		<a id="12" s="H" t="H" l="H"/>
		<a id="13" s="H" t="H" l="H"/>
		<a id="14" s="C" t="C.3" l="C"/>
		<a id="15" s="H" t="H" l="H"/>
		<a id="16" s="H" t="H" l="H"/>
		<a id="17" s="C" t="C.3" l="C"/>
		<a id="18" s="H" t="H" l="H"/>
		<a id="19" s="H" t="H" l="H"/>
		<a id="20" s="H" t="H" l="H"/>
		<a id="21" s="C" t="C.3" l="C"/>
		<a id="22" s="H" t="H" l="H"/>
		<a id="23" s="H" t="H" l="H"/>
		<a id="24" s="Cl" t="Cl" l="CL"/>
	</atoms>
	<bonds>
		<b id="1" c="13 11" t="1"/>
		<b id="2" c="9 8" t="1"/>
		<b id="3" c="16 14" t="1"/>
		<b id="4" c="1 2" t="1"/>
		<b id="5" c="10 8" t="1"/>
		<b id="6" c="11 8" t="1"/>
		<b id="7" c="11 14" t="1"/>
		<b id="8" c="11 12" t="1"/>
		<b id="9" c="15 14" t="1"/>
		<b id="10" c="24 21" t="1"/>
		<b id="11" c="8 5" t="1"/>
		<b id="12" c="14 17" t="1"/>
		<b id="13" c="2 21" t="1"/>
		<b id="14" c="2 3" t="2"/>
		<b id="15" c="22 21" t="1"/>
		<b id="16" c="21 23" t="1"/>
		<b id="17" c="5 3" t="1"/>
		<b id="18" c="5 7" t="1"/>
		<b id="19" c="5 6" t="1"/>
		<b id="20" c="3 4" t="1"/>
		<b id="21" c="17 19" t="1"/>
		<b id="22" c="17 20" t="1"/>
		<b id="23" c="17 18" t="1"/>
	</bonds>
	<geometry>
		<g u="A" t="cart/3d">#24,3:2.1957,0.6578,-1.0962;2.5562,0.4592,-0.0814;1.7709,-0.1497,0.8180;2.1851,-0.3361,1.8190;0.3556,-0.6215,0.6219;-0.2748,-0.1383,1.3903;0.3197,-1.6988,0.8780;-0.2463,-0.4194,-0.7733;0.4071,-0.9299,-1.5016;-0.2131,0.6522,-1.0432;-1.6871,-0.9439,-0.9449;-1.8170,-1.8629,-0.3425;-1.8159,-1.2608,-1.9941;-2.8234,0.0430,-0.6258;-3.7765,-0.4324,-0.9194;-2.7188,0.9271,-1.2821;-2.9378,0.5090,0.8287;-3.0142,-0.3463,1.5219;-3.8364,1.1313,0.9720;-2.0727,1.1161,1.1409;3.9476,0.9091,0.2104;4.0913,1.9779,-0.0055;4.2357,0.7123,1.2521;5.1690,0.0451,-0.8437;</g>
	</geometry>
	<conformers/>
	<properties/>
</molecule>
