<?xml version="1.0" ?>
<!--MOLLI PACKAGE EXPERIMENTAL XML FORMAT-->
<molecule name="react_643">
	<atoms>
		<a id="1" s="H" t="H" l="H"/>
		<a id="2" s="O" t="O.3" l="O"/>
		<a id="3" s="C" t="C.3" l="C"/>
		<a id="4" s="C" t="C.2" l="C"/>
		<a id="5" s="H" t="H" l="H"/>
		<a id="6" s="C" t="C.2" l="C"/>
		<a id="7" s="H" t="H" l="H"/>
		<a id="8" s="C" t="C.3" l="C"/>
		<a id="9" s="O" t="O.3" l="O"/>
		<a id="10" s="H" t="H" l="H"/>
		<a id="11" s="C" t="C.3" l="C"/>
		<a id="12" s="H" t="H" l="H"/>
		<a id="13" s="H" t="H" l="H"/>
		<a id="14" s="H" t="H" l="H"/>
		<a id="15" s="C" t="C.3" l="C"/>
		<a id="16" s="H" t="H" l="H"/>
		<a id="17" s="H" t="H" l="H"/>
		<a id="18" s="H" t="H" l="H"/>
		<a id="19" s="C" t="C.3" l="C"/>
		<a id="20" s="H" t="H" l="H"/>
		<a id="21" s="H" t="H" l="H"/>
		<a id="22" s="H" t="H" l="H"/>
		<a id="23" s="C" t="C.3" l="C"/>
		<a id="24" s="H" t="H" l="H"/>
		<a id="25" s="H" t="H" l="H"/>
		<a id="26" s="H" t="H" l="H"/>
	</atoms>
	<bonds>
		<b id="1" c="16 15" t="1"/>
		<b id="2" c="25 23" t="1"/>
		<b id="3" c="24 23" t="1"/>
		<b id="4" c="23 26" t="1"/>
		<b id="5" c="23 3" t="1"/>
		<b id="6" c="17 15" t="1"/>
		<b id="7" c="15 18" t="1"/>
		<b id="8" c="15 8" t="1"/>
		<b id="9" c="12 11" t="1"/>
		<b id="10" c="5 4" t="1"/>
		<b id="11" c="8 11" t="1"/>
		<b id="12" c="8 6" t="1"/>
		<b id="13" c="8 9" t="1"/>
		<b id="14" c="13 11" t="1"/>
		<b id="15" c="11 14" t="1"/>
		<b id="16" c="4 6" t="2"/>
		<b id="17" c="4 3" t="1"/>
		<b id="18" c="6 7" t="1"/>
		<b id="19" c="3 2" t="1"/>
		<b id="20" c="3 19" t="1"/>
		<b id="21" c="2 1" t="1"/>
		<b id="22" c="22 19" t="1"/>
		<b id="23" c="19 21" t="1"/>
		<b id="24" c="19 20" t="1"/>
		<b id="25" c="9 10" t="1"/>
	</bonds>
	<geometry>
		<g u="A" t="cart/3d">#26,3:-1.6113,-1.6469,1.4816;-1.9890,-1.5844,0.5930;-1.9372,-0.2165,0.1979;-0.5025,0.2853,0.1024;-0.3981,1.3677,-0.0340;0.5808,-0.4949,0.1622;0.4215,-1.5765,0.2740;2.0410,-0.0834,0.0803;2.7146,-0.5557,1.2573;2.6110,-1.5165,1.2938;2.2556,1.4293,0.0824;1.8052,1.9029,-0.8025;3.3350,1.6431,0.0813;1.8217,1.8768,0.9889;2.6840,-0.7243,-1.1633;2.2349,-0.3429,-2.0940;3.7655,-0.5151,-1.1754;2.5474,-1.8195,-1.1522;-2.7214,0.6437,1.2062;-2.2568,0.5921,2.2057;-3.7575,0.2796,1.2845;-2.7435,1.7034,0.9046;-2.6012,-0.1662,-1.1856;-2.5891,0.8555,-1.5953;-2.0645,-0.8295,-1.8800;-3.6462,-0.5070,-1.1138;</g>
	</geometry>
	<conformers/>
	<properties/>
</molecule>
