<?xml version="1.0" ?>
<!--MOLLI PACKAGE EXPERIMENTAL XML FORMAT-->
<molecule name="react_644">
	<atoms>
		<a id="1" s="H" t="H" l="H"/>
		<a id="2" s="O" t="O.3" l="O"/>
		<a id="3" s="C" t="C.3" l="C"/>
		<a id="4" s="H" t="H" l="H"/>
		<a id="5" s="H" t="H" l="H"/>
		<a id="6" s="C" t="C.2" l="C"/>
		<a id="7" s="H" t="H" l="H"/>
		<a id="8" s="C" t="C.2" l="C"/>
		<a id="9" s="H" t="H" l="H"/>
		<a id="10" s="C" t="C.3" l="C"/>
		<a id="11" s="H" t="H" l="H"/>
		<a id="12" s="H" t="H" l="H"/>
		<a id="13" s="C" t="C.3" l="C"/>
		<a id="14" s="H" t="H" l="H"/>
		<a id="15" s="H" t="H" l="H"/>
		<a id="16" s="C" t="C.3" l="C"/>
		<a id="17" s="H" t="H" l="H"/>
		<a id="18" s="H" t="H" l="H"/>
		<a id="19" s="C" t="C.3" l="C"/>
		<a id="20" s="H" t="H" l="H"/>
		<a id="21" s="H" t="H" l="H"/>
		<a id="22" s="C" t="C.3" l="C"/>
		<a id="23" s="H" t="H" l="H"/>
		<a id="24" s="H" t="H" l="H"/>
		<a id="25" s="H" t="H" l="H"/>
	</atoms>
	<bonds>
		<b id="1" c="25 22" t="1"/>
		<b id="2" c="12 10" t="1"/>
		<b id="3" c="17 16" t="1"/>
		<b id="4" c="9 8" t="1"/>
		<b id="5" c="5 3" t="1"/>
		<b id="6" c="24 22" t="1"/>
		<b id="7" c="18 16" t="1"/>
		<b id="8" c="8 10" t="1"/>
		<b id="9" c="8 6" t="2"/>
		<b id="10" c="2 1" t="1"/>
		<b id="11" c="2 3" t="1"/>
		<b id="12" c="22 23" t="1"/>
		<b id="13" c="22 19" t="1"/>
		<b id="14" c="16 19" t="1"/>
		<b id="15" c="16 13" t="1"/>
		<b id="16" c="10 11" t="1"/>
		<b id="17" c="10 13" t="1"/>
		<b id="18" c="3 6" t="1"/>
		<b id="19" c="3 4" t="1"/>
		<b id="20" c="6 7" t="1"/>
		<b id="21" c="19 20" t="1"/>
		<b id="22" c="19 21" t="1"/>
		<b id="23" c="13 15" t="1"/>
		<b id="24" c="13 14" t="1"/>
	</bonds>
	<geometry>
		<g u="A" t="cart/3d">#25,3:4.0727,2.3929,-0.5290;3.2217,1.9384,-0.5705;3.4230,0.5888,-0.1838;3.9805,0.5374,0.7775;4.0218,0.0276,-0.9309;2.0901,-0.0736,-0.0048;1.4022,0.4572,0.6636;1.7320,-1.2238,-0.5875;2.4579,-1.7034,-1.2597;0.4431,-1.9865,-0.4085;0.6860,-2.9319,0.1153;0.0889,-2.3088,-1.4065;-0.7023,-1.2826,0.3311;-0.3352,-0.8871,1.2957;-1.4608,-2.0413,0.5944;-1.3859,-0.1614,-0.4622;-1.7880,-0.5827,-1.4032;-0.6396,0.5928,-0.7669;-2.5190,0.5275,0.3063;-3.2627,-0.2304,0.6158;-2.1149,0.9497,1.2451;-3.2165,1.6326,-0.4893;-4.0201,2.1084,0.0964;-2.5058,2.4233,-0.7836;-3.6693,1.2367,-1.4144;</g>
	</geometry>
	<conformers/>
	<properties/>
</molecule>
