<?xml version="1.0" ?>
<!--MOLLI PACKAGE EXPERIMENTAL XML FORMAT-->
<molecule name="react_648">
	<atoms>
		<a id="1" s="H" t="H" l="H"/>
		<a id="2" s="O" t="O.3" l="O"/>
		<a id="3" s="C" t="C.3" l="C"/>
		<a id="4" s="H" t="H" l="H"/>
		<a id="5" s="H" t="H" l="H"/>
		<a id="6" s="C" t="C.2" l="C"/>
		<a id="7" s="H" t="H" l="H"/>
		<a id="8" s="C" t="C.2" l="C"/>
		<a id="9" s="H" t="H" l="H"/>
		<a id="10" s="C" t="C.3" l="C"/>
		<a id="11" s="H" t="H" l="H"/>
		<a id="12" s="H" t="H" l="H"/>
		<a id="13" s="C" t="C.3" l="C"/>
		<a id="14" s="H" t="H" l="H"/>
		<a id="15" s="H" t="H" l="H"/>
		<a id="16" s="C" t="C.3" l="C"/>
		<a id="17" s="H" t="H" l="H"/>
		<a id="18" s="H" t="H" l="H"/>
		<a id="19" s="C" t="C.3" l="C"/>
		<a id="20" s="H" t="H" l="H"/>
		<a id="21" s="H" t="H" l="H"/>
		<a id="22" s="C" t="C.3" l="C"/>
		<a id="23" s="H" t="H" l="H"/>
		<a id="24" s="H" t="H" l="H"/>
		<a id="25" s="C" t="C.3" l="C"/>
		<a id="26" s="H" t="H" l="H"/>
		<a id="27" s="H" t="H" l="H"/>
		<a id="28" s="H" t="H" l="H"/>
	</atoms>
	<bonds>
		<b id="1" c="27 25" t="1"/>
		<b id="2" c="26 25" t="1"/>
		<b id="3" c="25 28" t="1"/>
		<b id="4" c="25 22" t="1"/>
		<b id="5" c="4 3" t="1"/>
		<b id="6" c="14 13" t="1"/>
		<b id="7" c="24 22" t="1"/>
		<b id="8" c="9 8" t="1"/>
		<b id="9" c="22 23" t="1"/>
		<b id="10" c="22 19" t="1"/>
		<b id="11" c="1 2" t="1"/>
		<b id="12" c="3 2" t="1"/>
		<b id="13" c="3 5" t="1"/>
		<b id="14" c="3 6" t="1"/>
		<b id="15" c="15 13" t="1"/>
		<b id="16" c="13 16" t="1"/>
		<b id="17" c="13 10" t="1"/>
		<b id="18" c="8 6" t="2"/>
		<b id="19" c="8 10" t="1"/>
		<b id="20" c="17 16" t="1"/>
		<b id="21" c="6 7" t="1"/>
		<b id="22" c="16 19" t="1"/>
		<b id="23" c="16 18" t="1"/>
		<b id="24" c="10 11" t="1"/>
		<b id="25" c="10 12" t="1"/>
		<b id="26" c="19 20" t="1"/>
		<b id="27" c="19 21" t="1"/>
	</bonds>
	<geometry>
		<g u="A" t="cart/3d">#28,3:6.1557,-0.8239,-0.2874;5.2550,-0.9871,0.0199;4.5223,0.2208,-0.1025;4.3572,0.5006,-1.1638;5.0759,1.0630,0.3684;3.2013,0.0653,0.5885;3.2574,-0.2790,1.6298;2.0124,0.3266,0.0333;1.9845,0.6507,-1.0175;0.6796,0.2084,0.7179;0.2042,1.2071,0.7439;0.8271,-0.0916,1.7705;-0.2696,-0.7853,0.0236;-0.4197,-0.4706,-1.0254;0.2323,-1.7669,-0.0322;-1.6284,-0.9679,0.7178;-2.1819,-1.7665,0.1931;-1.4561,-1.3538,1.7392;-2.5165,0.2847,0.8206;-3.4436,0.0048,1.3541;-2.0236,1.0341,1.4652;-2.8980,0.9557,-0.5091;-3.4844,1.8634,-0.2805;-1.9882,1.3173,-1.0219;-3.7025,0.0710,-1.4655;-3.1278,-0.8087,-1.7990;-3.9998,0.6280,-2.3691;-4.6249,-0.3005,-0.9864;</g>
	</geometry>
	<conformers/>
	<properties/>
</molecule>
