<?xml version="1.0" ?>
<!--MOLLI PACKAGE EXPERIMENTAL XML FORMAT-->
<molecule name="react_651">
	<atoms>
		<a id="1" s="H" t="H" l="H"/>
		<a id="2" s="C" t="C.2" l="C"/>
		<a id="3" s="C" t="C.2" l="C"/>
		<a id="4" s="H" t="H" l="H"/>
		<a id="5" s="C" t="C.3" l="C"/>
		<a id="6" s="H" t="H" l="H"/>
		<a id="7" s="H" t="H" l="H"/>
		<a id="8" s="Si" t="Si" l="SI"/>
		<a id="9" s="C" t="C.3" l="C"/>
		<a id="10" s="H" t="H" l="H"/>
		<a id="11" s="H" t="H" l="H"/>
		<a id="12" s="H" t="H" l="H"/>
		<a id="13" s="C" t="C.3" l="C"/>
		<a id="14" s="H" t="H" l="H"/>
		<a id="15" s="H" t="H" l="H"/>
		<a id="16" s="H" t="H" l="H"/>
		<a id="17" s="C" t="C.3" l="C"/>
		<a id="18" s="H" t="H" l="H"/>
		<a id="19" s="H" t="H" l="H"/>
		<a id="20" s="H" t="H" l="H"/>
		<a id="21" s="C" t="C.3" l="C"/>
		<a id="22" s="H" t="H" l="H"/>
		<a id="23" s="H" t="H" l="H"/>
		<a id="24" s="C" t="C.3" l="C"/>
		<a id="25" s="H" t="H" l="H"/>
		<a id="26" s="H" t="H" l="H"/>
		<a id="27" s="C" t="C.3" l="C"/>
		<a id="28" s="H" t="H" l="H"/>
		<a id="29" s="H" t="H" l="H"/>
		<a id="30" s="C" t="C.3" l="C"/>
		<a id="31" s="H" t="H" l="H"/>
		<a id="32" s="H" t="H" l="H"/>
		<a id="33" s="H" t="H" l="H"/>
	</atoms>
	<bonds>
		<b id="1" c="7 5" t="1"/>
		<b id="2" c="23 21" t="1"/>
		<b id="3" c="4 3" t="1"/>
		<b id="4" c="5 6" t="1"/>
		<b id="5" c="5 3" t="1"/>
		<b id="6" c="5 8" t="1"/>
		<b id="7" c="22 21" t="1"/>
		<b id="8" c="3 2" t="2"/>
		<b id="9" c="10 9" t="1"/>
		<b id="10" c="2 21" t="1"/>
		<b id="11" c="2 1" t="1"/>
		<b id="12" c="21 24" t="1"/>
		<b id="13" c="15 13" t="1"/>
		<b id="14" c="33 30" t="1"/>
		<b id="15" c="12 9" t="1"/>
		<b id="16" c="9 8" t="1"/>
		<b id="17" c="9 11" t="1"/>
		<b id="18" c="13 8" t="1"/>
		<b id="19" c="13 16" t="1"/>
		<b id="20" c="13 14" t="1"/>
		<b id="21" c="8 17" t="1"/>
		<b id="22" c="32 30" t="1"/>
		<b id="23" c="30 31" t="1"/>
		<b id="24" c="30 27" t="1"/>
		<b id="25" c="26 24" t="1"/>
		<b id="26" c="24 27" t="1"/>
		<b id="27" c="24 25" t="1"/>
		<b id="28" c="27 29" t="1"/>
		<b id="29" c="27 28" t="1"/>
		<b id="30" c="17 18" t="1"/>
		<b id="31" c="17 19" t="1"/>
		<b id="32" c="17 20" t="1"/>
	</bonds>
	<geometry>
		<g u="A" t="cart/3d">#33,3:1.1605,-1.1010,-0.7510;1.0202,-0.0326,-0.9669;-0.2154,0.3983,-1.2654;-0.3439,1.4670,-1.4911;-1.4617,-0.4361,-1.3088;-1.2113,-1.5115,-1.2671;-1.9941,-0.2752,-2.2661;-2.7273,-0.0781,0.0832;-4.2763,-1.1169,-0.2488;-4.7357,-0.8556,-1.2171;-5.0373,-0.9592,0.5344;-4.0400,-2.1943,-0.2708;-3.1830,1.7602,0.0783;-3.9359,1.9822,0.8535;-3.6054,2.0679,-0.8934;-2.3034,2.3946,0.2782;-1.9841,-0.5497,1.7577;-1.7535,-1.6275,1.8021;-1.0473,0.0008,1.9451;-2.6806,-0.3225,2.5824;2.2493,0.8355,-0.9155;1.9972,1.8420,-1.2913;3.0075,0.4330,-1.6136;2.8868,0.9811,0.4835;2.1578,1.4750,1.1503;3.7456,1.6731,0.4006;3.3626,-0.3195,1.1501;3.7338,-0.0709,2.1603;2.5004,-0.9912,1.3110;4.4594,-1.0685,0.3881;4.8067,-1.9489,0.9532;5.3365,-0.4226,0.2095;4.1117,-1.4291,-0.5940;</g>
	</geometry>
	<conformers/>
	<properties/>
</molecule>
