<?xml version="1.0" ?>
<!--MOLLI PACKAGE EXPERIMENTAL XML FORMAT-->
<molecule name="react_43">
	<atoms>
		<a id="1" s="H" t="H" l="H"/>
		<a id="2" s="C" t="C.2" l="C"/>
		<a id="3" s="C" t="C.2" l="C"/>
		<a id="4" s="H" t="H" l="H"/>
		<a id="5" s="C" t="C.3" l="C"/>
		<a id="6" s="H" t="H" l="H"/>
		<a id="7" s="H" t="H" l="H"/>
		<a id="8" s="C" t="C.3" l="C"/>
		<a id="9" s="H" t="H" l="H"/>
		<a id="10" s="H" t="H" l="H"/>
		<a id="11" s="C" t="C.3" l="C"/>
		<a id="12" s="H" t="H" l="H"/>
		<a id="13" s="H" t="H" l="H"/>
		<a id="14" s="C" t="C.3" l="C"/>
		<a id="15" s="H" t="H" l="H"/>
		<a id="16" s="H" t="H" l="H"/>
		<a id="17" s="C" t="C.3" l="C"/>
		<a id="18" s="H" t="H" l="H"/>
		<a id="19" s="H" t="H" l="H"/>
		<a id="20" s="H" t="H" l="H"/>
		<a id="21" s="C" t="C.3" l="C"/>
		<a id="22" s="H" t="H" l="H"/>
		<a id="23" s="H" t="H" l="H"/>
		<a id="24" s="O" t="O.3" l="O"/>
		<a id="25" s="Si" t="Si" l="SI"/>
		<a id="26" s="C" t="C.3" l="C"/>
		<a id="27" s="H" t="H" l="H"/>
		<a id="28" s="H" t="H" l="H"/>
		<a id="29" s="H" t="H" l="H"/>
		<a id="30" s="C" t="C.3" l="C"/>
		<a id="31" s="H" t="H" l="H"/>
		<a id="32" s="H" t="H" l="H"/>
		<a id="33" s="H" t="H" l="H"/>
		<a id="34" s="C" t="C.3" l="C"/>
		<a id="35" s="C" t="C.3" l="C"/>
		<a id="36" s="H" t="H" l="H"/>
		<a id="37" s="H" t="H" l="H"/>
		<a id="38" s="H" t="H" l="H"/>
		<a id="39" s="C" t="C.3" l="C"/>
		<a id="40" s="H" t="H" l="H"/>
		<a id="41" s="H" t="H" l="H"/>
		<a id="42" s="H" t="H" l="H"/>
		<a id="43" s="C" t="C.3" l="C"/>
		<a id="44" s="H" t="H" l="H"/>
		<a id="45" s="H" t="H" l="H"/>
		<a id="46" s="H" t="H" l="H"/>
	</atoms>
	<bonds>
		<b id="1" c="18 17" t="1"/>
		<b id="2" c="19 17" t="1"/>
		<b id="3" c="13 11" t="1"/>
		<b id="4" c="12 11" t="1"/>
		<b id="5" c="17 20" t="1"/>
		<b id="6" c="17 14" t="1"/>
		<b id="7" c="6 5" t="1"/>
		<b id="8" c="38 35" t="1"/>
		<b id="9" c="7 5" t="1"/>
		<b id="10" c="42 39" t="1"/>
		<b id="11" c="11 14" t="1"/>
		<b id="12" c="11 8" t="1"/>
		<b id="13" c="37 35" t="1"/>
		<b id="14" c="40 39" t="1"/>
		<b id="15" c="5 8" t="1"/>
		<b id="16" c="5 3" t="1"/>
		<b id="17" c="14 15" t="1"/>
		<b id="18" c="14 16" t="1"/>
		<b id="19" c="35 36" t="1"/>
		<b id="20" c="35 34" t="1"/>
		<b id="21" c="39 41" t="1"/>
		<b id="22" c="39 34" t="1"/>
		<b id="23" c="8 10" t="1"/>
		<b id="24" c="8 9" t="1"/>
		<b id="25" c="1 2" t="1"/>
		<b id="26" c="46 43" t="1"/>
		<b id="27" c="3 2" t="2"/>
		<b id="28" c="3 4" t="1"/>
		<b id="29" c="34 43" t="1"/>
		<b id="30" c="34 25" t="1"/>
		<b id="31" c="2 21" t="1"/>
		<b id="32" c="43 44" t="1"/>
		<b id="33" c="43 45" t="1"/>
		<b id="34" c="24 21" t="1"/>
		<b id="35" c="24 25" t="1"/>
		<b id="36" c="21 22" t="1"/>
		<b id="37" c="21 23" t="1"/>
		<b id="38" c="25 30" t="1"/>
		<b id="39" c="25 26" t="1"/>
		<b id="40" c="33 30" t="1"/>
		<b id="41" c="29 26" t="1"/>
		<b id="42" c="30 31" t="1"/>
		<b id="43" c="30 32" t="1"/>
		<b id="44" c="26 27" t="1"/>
		<b id="45" c="26 28" t="1"/>
	</bonds>
	<geometry>
		<g u="A" t="cart/3d">#46,3:0.7010,1.3143,-0.4072;0.7249,0.3641,0.1427;1.6555,-0.5519,-0.1495;1.6504,-1.5010,0.4065;2.7421,-0.3976,-1.1764;2.6337,-1.1923,-1.9399;2.6160,0.5616,-1.7085;4.1613,-0.4804,-0.5879;4.2783,0.3050,0.1810;4.2802,-1.4425,-0.0552;5.2682,-0.3404,-1.6371;5.1467,0.6226,-2.1684;5.1429,-1.1239,-2.4086;6.6851,-0.4220,-1.0593;6.8075,-1.3870,-0.5336;6.8057,0.3573,-0.2843;7.7849,-0.2702,-2.1119;7.7165,-1.0588,-2.8806;7.7116,0.7008,-2.6307;8.7889,-0.3313,-1.6615;-0.3348,0.2062,1.1943;-0.2520,-0.7945,1.6624;-0.1617,0.9512,2.0001;-1.6148,0.3953,0.6219;-3.0970,0.5091,1.4183;-3.3308,-0.9935,2.5418;-4.3225,-0.9858,3.0244;-2.5773,-1.0022,3.3478;-3.2337,-1.9385,1.9830;-3.1306,2.0784,2.4722;-4.0985,2.1977,2.9873;-2.3493,2.0447,3.2504;-2.9563,2.9802,1.8634;-4.3791,0.5601,-0.0037;-4.0624,1.7535,-0.9291;-4.1494,2.7196,-0.4040;-3.0424,1.6849,-1.3389;-4.7682,1.7802,-1.7800;-4.2844,-0.7480,-0.8174;-3.2687,-0.9019,-1.2150;-4.5470,-1.6318,-0.2121;-4.9823,-0.7208,-1.6746;-5.8049,0.7120,0.5653;-5.9265,1.6465,1.1386;-6.0805,-0.1255,1.2284;-6.5469,0.7347,-0.2540;</g>
	</geometry>
	<conformers/>
	<properties/>
</molecule>
