<?xml version="1.0" ?>
<!--MOLLI PACKAGE EXPERIMENTAL XML FORMAT-->
<molecule name="react_654">
	<atoms>
		<a id="1" s="H" t="H" l="H"/>
		<a id="2" s="O" t="O.3" l="O"/>
		<a id="3" s="C" t="C.3" l="C"/>
		<a id="4" s="C" t="C.2" l="C"/>
		<a id="5" s="H" t="H" l="H"/>
		<a id="6" s="C" t="C.2" l="C"/>
		<a id="7" s="H" t="H" l="H"/>
		<a id="8" s="C" t="C.3" l="C"/>
		<a id="9" s="H" t="H" l="H"/>
		<a id="10" s="H" t="H" l="H"/>
		<a id="11" s="C" t="C.3" l="C"/>
		<a id="12" s="H" t="H" l="H"/>
		<a id="13" s="H" t="H" l="H"/>
		<a id="14" s="C" t="C.3" l="C"/>
		<a id="15" s="H" t="H" l="H"/>
		<a id="16" s="H" t="H" l="H"/>
		<a id="17" s="C" t="C.3" l="C"/>
		<a id="18" s="H" t="H" l="H"/>
		<a id="19" s="H" t="H" l="H"/>
		<a id="20" s="C" t="C.3" l="C"/>
		<a id="21" s="H" t="H" l="H"/>
		<a id="22" s="H" t="H" l="H"/>
		<a id="23" s="H" t="H" l="H"/>
		<a id="24" s="C" t="C.3" l="C"/>
		<a id="25" s="H" t="H" l="H"/>
		<a id="26" s="H" t="H" l="H"/>
		<a id="27" s="H" t="H" l="H"/>
		<a id="28" s="C" t="C.3" l="C"/>
		<a id="29" s="H" t="H" l="H"/>
		<a id="30" s="H" t="H" l="H"/>
		<a id="31" s="H" t="H" l="H"/>
	</atoms>
	<bonds>
		<b id="1" c="10 8" t="1"/>
		<b id="2" c="7 6" t="1"/>
		<b id="3" c="15 14" t="1"/>
		<b id="4" c="18 17" t="1"/>
		<b id="5" c="9 8" t="1"/>
		<b id="6" c="8 6" t="1"/>
		<b id="7" c="8 11" t="1"/>
		<b id="8" c="6 4" t="2"/>
		<b id="9" c="2 1" t="1"/>
		<b id="10" c="2 3" t="1"/>
		<b id="11" c="19 17" t="1"/>
		<b id="12" c="31 28" t="1"/>
		<b id="13" c="17 14" t="1"/>
		<b id="14" c="17 20" t="1"/>
		<b id="15" c="14 11" t="1"/>
		<b id="16" c="14 16" t="1"/>
		<b id="17" c="11 12" t="1"/>
		<b id="18" c="11 13" t="1"/>
		<b id="19" c="4 3" t="1"/>
		<b id="20" c="4 5" t="1"/>
		<b id="21" c="3 28" t="1"/>
		<b id="22" c="3 24" t="1"/>
		<b id="23" c="28 29" t="1"/>
		<b id="24" c="28 30" t="1"/>
		<b id="25" c="21 20" t="1"/>
		<b id="26" c="20 22" t="1"/>
		<b id="27" c="20 23" t="1"/>
		<b id="28" c="27 24" t="1"/>
		<b id="29" c="24 25" t="1"/>
		<b id="30" c="24 26" t="1"/>
	</bonds>
	<geometry>
		<g u="A" t="cart/3d">#31,3:-4.3076,1.2209,-0.8731;-3.3671,1.0230,-0.9707;-2.9712,0.2338,0.1485;-1.4963,-0.0826,-0.0042;-1.0774,-0.6782,0.8144;-0.7311,0.3070,-1.0296;-1.2111,0.9003,-1.8154;0.7349,0.0219,-1.2269;1.2538,0.9927,-1.3422;0.8622,-0.4728,-2.2105;1.4253,-0.8154,-0.1475;0.8812,-1.7693,-0.0323;1.3364,-0.3031,0.8267;2.9011,-1.1357,-0.4369;2.9632,-1.6969,-1.3874;3.2664,-1.8284,0.3435;3.8603,0.0639,-0.5132;3.5637,0.7306,-1.3427;4.8610,-0.3148,-0.7872;3.9732,0.8775,0.7788;4.7266,1.6762,0.6820;3.0202,1.3603,1.0507;4.2733,0.2399,1.6283;-3.1996,1.0315,1.4468;-4.2734,1.2496,1.5846;-2.8569,0.4729,2.3328;-2.6524,1.9850,1.4008;-3.7831,-1.0760,0.1673;-4.8589,-0.8636,0.2992;-3.4708,-1.7371,0.9918;-3.6461,-1.6133,-0.7831;</g>
	</geometry>
	<conformers/>
	<properties/>
</molecule>
