<?xml version="1.0" ?>
<!--MOLLI PACKAGE EXPERIMENTAL XML FORMAT-->
<molecule name="react_655">
	<atoms>
		<a id="1" s="H" t="H" l="H"/>
		<a id="2" s="O" t="O.3" l="O"/>
		<a id="3" s="C" t="C.3" l="C"/>
		<a id="4" s="H" t="H" l="H"/>
		<a id="5" s="H" t="H" l="H"/>
		<a id="6" s="C" t="C.2" l="C"/>
		<a id="7" s="H" t="H" l="H"/>
		<a id="8" s="C" t="C.2" l="C"/>
		<a id="9" s="H" t="H" l="H"/>
		<a id="10" s="C" t="C.3" l="C"/>
		<a id="11" s="H" t="H" l="H"/>
		<a id="12" s="H" t="H" l="H"/>
		<a id="13" s="C" t="C.3" l="C"/>
		<a id="14" s="H" t="H" l="H"/>
		<a id="15" s="H" t="H" l="H"/>
		<a id="16" s="C" t="C.3" l="C"/>
		<a id="17" s="H" t="H" l="H"/>
		<a id="18" s="H" t="H" l="H"/>
		<a id="19" s="C" t="C.3" l="C"/>
		<a id="20" s="H" t="H" l="H"/>
		<a id="21" s="H" t="H" l="H"/>
		<a id="22" s="C" t="C.3" l="C"/>
		<a id="23" s="H" t="H" l="H"/>
		<a id="24" s="H" t="H" l="H"/>
		<a id="25" s="C" t="C.3" l="C"/>
		<a id="26" s="H" t="H" l="H"/>
		<a id="27" s="H" t="H" l="H"/>
		<a id="28" s="C" t="C.3" l="C"/>
		<a id="29" s="H" t="H" l="H"/>
		<a id="30" s="H" t="H" l="H"/>
		<a id="31" s="H" t="H" l="H"/>
	</atoms>
	<bonds>
		<b id="1" c="12 10" t="1"/>
		<b id="2" c="9 8" t="1"/>
		<b id="3" c="14 13" t="1"/>
		<b id="4" c="30 28" t="1"/>
		<b id="5" c="23 22" t="1"/>
		<b id="6" c="15 13" t="1"/>
		<b id="7" c="4 3" t="1"/>
		<b id="8" c="8 10" t="1"/>
		<b id="9" c="8 6" t="2"/>
		<b id="10" c="10 13" t="1"/>
		<b id="11" c="10 11" t="1"/>
		<b id="12" c="13 16" t="1"/>
		<b id="13" c="27 25" t="1"/>
		<b id="14" c="28 31" t="1"/>
		<b id="15" c="28 25" t="1"/>
		<b id="16" c="28 29" t="1"/>
		<b id="17" c="22 24" t="1"/>
		<b id="18" c="22 25" t="1"/>
		<b id="19" c="22 19" t="1"/>
		<b id="20" c="5 3" t="1"/>
		<b id="21" c="25 26" t="1"/>
		<b id="22" c="3 6" t="1"/>
		<b id="23" c="3 2" t="1"/>
		<b id="24" c="6 7" t="1"/>
		<b id="25" c="21 19" t="1"/>
		<b id="26" c="16 19" t="1"/>
		<b id="27" c="16 17" t="1"/>
		<b id="28" c="16 18" t="1"/>
		<b id="29" c="19 20" t="1"/>
		<b id="30" c="2 1" t="1"/>
	</bonds>
	<geometry>
		<g u="A" t="cart/3d">#31,3:-5.3491,1.9974,1.3250;-4.6108,1.3751,1.3241;-4.5913,0.7162,0.0681;-4.3212,1.4054,-0.7589;-5.5960,0.3041,-0.1729;-3.6055,-0.4114,0.1251;-3.7480,-1.1132,0.9574;-2.6119,-0.6043,-0.7500;-2.4796,0.1258,-1.5625;-1.6322,-1.7450,-0.7324;-1.8618,-2.4176,0.1129;-1.7674,-2.3441,-1.6531;-0.1589,-1.2980,-0.6614;0.0528,-0.6347,-1.5196;0.4875,-2.1840,-0.7983;0.2154,-0.5984,0.6509;-0.4239,0.2924,0.7870;-0.0347,-1.2738,1.4897;1.6918,-0.1915,0.7706;1.8779,0.1527,1.8048;2.3242,-1.0880,0.6342;2.1372,0.9145,-0.1962;2.0408,0.5647,-1.2406;1.4402,1.7673,-0.0983;3.5703,1.4236,0.0242;3.6668,1.7934,1.0622;3.7334,2.3037,-0.6231;4.6699,0.3939,-0.2530;4.6080,-0.4713,0.4269;4.6047,0.0082,-1.2853;5.6715,0.8368,-0.1279;</g>
	</geometry>
	<conformers/>
	<properties/>
</molecule>
