<?xml version="1.0" ?>
<!--MOLLI PACKAGE EXPERIMENTAL XML FORMAT-->
<molecule name="react_658">
	<atoms>
		<a id="1" s="H" t="H" l="H"/>
		<a id="2" s="C" t="C.2" l="C"/>
		<a id="3" s="C" t="C.2" l="C"/>
		<a id="4" s="H" t="H" l="H"/>
		<a id="5" s="C" t="C.3" l="C"/>
		<a id="6" s="H" t="H" l="H"/>
		<a id="7" s="H" t="H" l="H"/>
		<a id="8" s="C" t="C.3" l="C"/>
		<a id="9" s="H" t="H" l="H"/>
		<a id="10" s="H" t="H" l="H"/>
		<a id="11" s="C" t="C.3" l="C"/>
		<a id="12" s="H" t="H" l="H"/>
		<a id="13" s="H" t="H" l="H"/>
		<a id="14" s="C" t="C.3" l="C"/>
		<a id="15" s="C" t="C.3" l="C"/>
		<a id="16" s="H" t="H" l="H"/>
		<a id="17" s="H" t="H" l="H"/>
		<a id="18" s="H" t="H" l="H"/>
		<a id="19" s="O" t="O.3" l="O"/>
		<a id="20" s="C" t="C.3" l="C"/>
		<a id="21" s="H" t="H" l="H"/>
		<a id="22" s="H" t="H" l="H"/>
		<a id="23" s="C" t="C.3" l="C"/>
		<a id="24" s="H" t="H" l="H"/>
		<a id="25" s="H" t="H" l="H"/>
		<a id="26" s="O" t="O.3" l="O"/>
		<a id="27" s="C" t="C.3" l="C"/>
		<a id="28" s="H" t="H" l="H"/>
		<a id="29" s="H" t="H" l="H"/>
		<a id="30" s="C" t="C.3" l="C"/>
		<a id="31" s="H" t="H" l="H"/>
		<a id="32" s="H" t="H" l="H"/>
		<a id="33" s="H" t="H" l="H"/>
	</atoms>
	<bonds>
		<b id="1" c="6 5" t="1"/>
		<b id="2" c="10 8" t="1"/>
		<b id="3" c="7 5" t="1"/>
		<b id="4" c="5 8" t="1"/>
		<b id="5" c="5 3" t="1"/>
		<b id="6" c="1 2" t="1"/>
		<b id="7" c="25 23" t="1"/>
		<b id="8" c="8 9" t="1"/>
		<b id="9" c="8 11" t="1"/>
		<b id="10" c="26 23" t="1"/>
		<b id="11" c="26 14" t="1"/>
		<b id="12" c="33 30" t="1"/>
		<b id="13" c="23 24" t="1"/>
		<b id="14" c="23 20" t="1"/>
		<b id="15" c="2 3" t="2"/>
		<b id="16" c="2 27" t="1"/>
		<b id="17" c="3 4" t="1"/>
		<b id="18" c="18 15" t="1"/>
		<b id="19" c="12 11" t="1"/>
		<b id="20" c="32 30" t="1"/>
		<b id="21" c="11 14" t="1"/>
		<b id="22" c="11 13" t="1"/>
		<b id="23" c="30 27" t="1"/>
		<b id="24" c="30 31" t="1"/>
		<b id="25" c="14 15" t="1"/>
		<b id="26" c="14 19" t="1"/>
		<b id="27" c="21 20" t="1"/>
		<b id="28" c="15 16" t="1"/>
		<b id="29" c="15 17" t="1"/>
		<b id="30" c="27 29" t="1"/>
		<b id="31" c="27 28" t="1"/>
		<b id="32" c="20 19" t="1"/>
		<b id="33" c="20 22" t="1"/>
	</bonds>
	<geometry>
		<g u="A" t="cart/3d">#33,3:3.3922,-1.0894,-1.1408;3.1947,-0.5372,-0.2097;2.0859,0.2109,-0.1345;1.8969,0.7664,0.7948;1.0564,0.3482,-1.2245;1.4449,-0.1115,-2.1492;0.9070,1.4219,-1.4497;-0.3171,-0.2763,-0.9019;-0.1786,-1.3576,-0.7284;-0.9667,-0.1771,-1.7874;-1.0325,0.3607,0.2938;-1.0669,1.4562,0.1607;-0.4838,0.1720,1.2312;-2.4815,-0.1013,0.5052;-2.6220,-1.5811,0.8508;-3.6851,-1.8269,0.9910;-2.0872,-1.8083,1.7857;-2.2177,-2.2117,0.0460;-3.0737,0.6543,1.5657;-3.9710,1.5939,1.0054;-3.4696,2.5596,0.7942;-4.7940,1.7727,1.7149;-4.4061,0.9041,-0.2859;-5.2477,0.2063,-0.1042;-4.6930,1.6002,-1.0895;-3.2334,0.2122,-0.6708;4.2300,-0.6853,0.8720;3.9157,-0.1175,1.7649;4.2787,-1.7469,1.1825;5.6332,-0.2392,0.4348;6.3699,-0.3916,1.2405;5.6434,0.8286,0.1611;5.9786,-0.8095,-0.4442;</g>
	</geometry>
	<conformers/>
	<properties/>
</molecule>
