<?xml version="1.0" ?>
<!--MOLLI PACKAGE EXPERIMENTAL XML FORMAT-->
<molecule name="react_668">
	<atoms>
		<a id="1" s="H" t="H" l="H"/>
		<a id="2" s="O" t="O.3" l="O"/>
		<a id="3" s="C" t="C.3" l="C"/>
		<a id="4" s="H" t="H" l="H"/>
		<a id="5" s="H" t="H" l="H"/>
		<a id="6" s="C" t="C.2" l="C"/>
		<a id="7" s="H" t="H" l="H"/>
		<a id="8" s="C" t="C.2" l="C"/>
		<a id="9" s="H" t="H" l="H"/>
		<a id="10" s="C" t="C.3" l="C"/>
		<a id="11" s="H" t="H" l="H"/>
		<a id="12" s="H" t="H" l="H"/>
		<a id="13" s="C" t="C.3" l="C"/>
		<a id="14" s="H" t="H" l="H"/>
		<a id="15" s="H" t="H" l="H"/>
		<a id="16" s="C" t="C.3" l="C"/>
		<a id="17" s="H" t="H" l="H"/>
		<a id="18" s="H" t="H" l="H"/>
		<a id="19" s="C" t="C.3" l="C"/>
		<a id="20" s="H" t="H" l="H"/>
		<a id="21" s="H" t="H" l="H"/>
		<a id="22" s="C" t="C.3" l="C"/>
		<a id="23" s="H" t="H" l="H"/>
		<a id="24" s="H" t="H" l="H"/>
		<a id="25" s="C" t="C.3" l="C"/>
		<a id="26" s="H" t="H" l="H"/>
		<a id="27" s="H" t="H" l="H"/>
		<a id="28" s="C" t="C.3" l="C"/>
		<a id="29" s="H" t="H" l="H"/>
		<a id="30" s="H" t="H" l="H"/>
		<a id="31" s="C" t="C.3" l="C"/>
		<a id="32" s="H" t="H" l="H"/>
		<a id="33" s="H" t="H" l="H"/>
		<a id="34" s="C" t="C.3" l="C"/>
		<a id="35" s="H" t="H" l="H"/>
		<a id="36" s="H" t="H" l="H"/>
		<a id="37" s="H" t="H" l="H"/>
	</atoms>
	<bonds>
		<b id="1" c="4 3" t="1"/>
		<b id="2" c="7 6" t="1"/>
		<b id="3" c="33 31" t="1"/>
		<b id="4" c="36 34" t="1"/>
		<b id="5" c="2 3" t="1"/>
		<b id="6" c="2 1" t="1"/>
		<b id="7" c="3 6" t="1"/>
		<b id="8" c="3 5" t="1"/>
		<b id="9" c="26 25" t="1"/>
		<b id="10" c="6 8" t="2"/>
		<b id="11" c="37 34" t="1"/>
		<b id="12" c="31 34" t="1"/>
		<b id="13" c="31 32" t="1"/>
		<b id="14" c="31 28" t="1"/>
		<b id="15" c="12 10" t="1"/>
		<b id="16" c="34 35" t="1"/>
		<b id="17" c="20 19" t="1"/>
		<b id="18" c="25 27" t="1"/>
		<b id="19" c="25 28" t="1"/>
		<b id="20" c="25 22" t="1"/>
		<b id="21" c="8 10" t="1"/>
		<b id="22" c="8 9" t="1"/>
		<b id="23" c="11 10" t="1"/>
		<b id="24" c="10 13" t="1"/>
		<b id="25" c="30 28" t="1"/>
		<b id="26" c="28 29" t="1"/>
		<b id="27" c="19 21" t="1"/>
		<b id="28" c="19 22" t="1"/>
		<b id="29" c="19 16" t="1"/>
		<b id="30" c="24 22" t="1"/>
		<b id="31" c="22 23" t="1"/>
		<b id="32" c="13 15" t="1"/>
		<b id="33" c="13 16" t="1"/>
		<b id="34" c="13 14" t="1"/>
		<b id="35" c="17 16" t="1"/>
		<b id="36" c="16 18" t="1"/>
	</bonds>
	<geometry>
		<g u="A" t="cart/3d">#37,3:-5.9346,2.5750,-0.4155;-6.3834,2.1431,-1.1550;-6.2155,0.7449,-0.9933;-6.6769,0.2887,-1.8873;-6.7709,0.3569,-0.1140;-4.7697,0.3451,-0.8999;-4.1335,0.6872,-1.7278;-4.2354,-0.3632,0.1037;-4.8942,-0.6817,0.9256;-2.7949,-0.7761,0.2217;-2.7351,-1.8822,0.1987;-2.2377,-0.4177,-0.6598;-2.1285,-0.2847,1.5202;-2.7466,-0.6089,2.3769;-2.1459,0.8206,1.5381;-0.6909,-0.7806,1.7333;-0.6784,-1.8864,1.6953;-0.3755,-0.5140,2.7584;0.3426,-0.2273,0.7446;0.0625,-0.5005,-0.2890;0.3196,0.8785,0.7795;1.7706,-0.7128,1.0149;2.0572,-0.4461,2.0498;1.7929,-1.8183,0.9753;2.8127,-0.1501,0.0423;2.5268,-0.4158,-0.9933;2.7835,0.9536,0.0876;4.2369,-0.6489,0.3137;4.5282,-0.3758,1.3460;4.2344,-1.7541,0.2872;5.3054,-0.1361,-0.6637;6.2494,-0.6737,-0.4637;5.0163,-0.4131,-1.6947;5.5715,1.3708,-0.5961;5.8774,1.6772,0.4192;6.3783,1.6639,-1.2876;4.6813,1.9626,-0.8653;</g>
	</geometry>
	<conformers/>
	<properties/>
</molecule>
