<?xml version="1.0" ?>
<!--MOLLI PACKAGE EXPERIMENTAL XML FORMAT-->
<molecule name="react_676">
	<atoms>
		<a id="1" s="H" t="H" l="H"/>
		<a id="2" s="O" t="O.3" l="O"/>
		<a id="3" s="C" t="C.3" l="C"/>
		<a id="4" s="H" t="H" l="H"/>
		<a id="5" s="H" t="H" l="H"/>
		<a id="6" s="C" t="C.2" l="C"/>
		<a id="7" s="H" t="H" l="H"/>
		<a id="8" s="C" t="C.2" l="C"/>
		<a id="9" s="H" t="H" l="H"/>
		<a id="10" s="C" t="C.3" l="C"/>
		<a id="11" s="H" t="H" l="H"/>
		<a id="12" s="H" t="H" l="H"/>
		<a id="13" s="C" t="C.3" l="C"/>
		<a id="14" s="H" t="H" l="H"/>
		<a id="15" s="H" t="H" l="H"/>
		<a id="16" s="C" t="C.3" l="C"/>
		<a id="17" s="H" t="H" l="H"/>
		<a id="18" s="H" t="H" l="H"/>
		<a id="19" s="C" t="C.3" l="C"/>
		<a id="20" s="H" t="H" l="H"/>
		<a id="21" s="H" t="H" l="H"/>
		<a id="22" s="C" t="C.3" l="C"/>
		<a id="23" s="H" t="H" l="H"/>
		<a id="24" s="H" t="H" l="H"/>
		<a id="25" s="C" t="C.3" l="C"/>
		<a id="26" s="H" t="H" l="H"/>
		<a id="27" s="H" t="H" l="H"/>
		<a id="28" s="C" t="C.3" l="C"/>
		<a id="29" s="H" t="H" l="H"/>
		<a id="30" s="H" t="H" l="H"/>
		<a id="31" s="C" t="C.3" l="C"/>
		<a id="32" s="H" t="H" l="H"/>
		<a id="33" s="H" t="H" l="H"/>
		<a id="34" s="C" t="C.3" l="C"/>
		<a id="35" s="H" t="H" l="H"/>
		<a id="36" s="H" t="H" l="H"/>
		<a id="37" s="C" t="C.3" l="C"/>
		<a id="38" s="H" t="H" l="H"/>
		<a id="39" s="H" t="H" l="H"/>
		<a id="40" s="H" t="H" l="H"/>
	</atoms>
	<bonds>
		<b id="1" c="30 28" t="1"/>
		<b id="2" c="23 22" t="1"/>
		<b id="3" c="17 16" t="1"/>
		<b id="4" c="11 10" t="1"/>
		<b id="5" c="7 6" t="1"/>
		<b id="6" c="1 2" t="1"/>
		<b id="7" c="36 34" t="1"/>
		<b id="8" c="29 28" t="1"/>
		<b id="9" c="24 22" t="1"/>
		<b id="10" c="12 10" t="1"/>
		<b id="11" c="18 16" t="1"/>
		<b id="12" c="28 31" t="1"/>
		<b id="13" c="28 25" t="1"/>
		<b id="14" c="22 25" t="1"/>
		<b id="15" c="22 19" t="1"/>
		<b id="16" c="10 8" t="1"/>
		<b id="17" c="10 13" t="1"/>
		<b id="18" c="16 19" t="1"/>
		<b id="19" c="16 13" t="1"/>
		<b id="20" c="33 31" t="1"/>
		<b id="21" c="6 8" t="2"/>
		<b id="22" c="6 3" t="1"/>
		<b id="23" c="2 3" t="1"/>
		<b id="24" c="31 34" t="1"/>
		<b id="25" c="31 32" t="1"/>
		<b id="26" c="25 27" t="1"/>
		<b id="27" c="25 26" t="1"/>
		<b id="28" c="34 35" t="1"/>
		<b id="29" c="34 37" t="1"/>
		<b id="30" c="19 21" t="1"/>
		<b id="31" c="19 20" t="1"/>
		<b id="32" c="8 9" t="1"/>
		<b id="33" c="13 15" t="1"/>
		<b id="34" c="13 14" t="1"/>
		<b id="35" c="39 37" t="1"/>
		<b id="36" c="3 4" t="1"/>
		<b id="37" c="3 5" t="1"/>
		<b id="38" c="37 40" t="1"/>
		<b id="39" c="37 38" t="1"/>
	</bonds>
	<geometry>
		<g u="A" t="cart/3d">#40,3:8.3518,1.6684,-0.9001;8.3876,1.1972,-0.0571;7.1673,1.4295,0.6290;7.0600,2.5049,0.8912;7.2353,0.8768,1.5797;5.9577,0.9778,-0.1425;5.7884,1.4788,-1.1082;5.0974,0.0335,0.2567;5.2738,-0.4579,1.2248;3.8762,-0.4150,-0.4956;3.8422,0.0835,-1.4803;3.9564,-1.5003,-0.6998;2.5607,-0.1567,0.2596;2.6035,-0.6491,1.2491;2.4717,0.9255,0.4656;1.3184,-0.6395,-0.4955;1.2863,-0.1547,-1.4894;1.4107,-1.7239,-0.6948;0.0021,-0.3692,0.2400;0.0332,-0.8520,1.2349;-0.0885,0.7157,0.4370;-1.2399,-0.8509,-0.5170;-1.2628,-0.3777,-1.5168;-1.1546,-1.9382,-0.7034;-2.5595,-0.5628,0.2067;-2.5337,-1.0253,1.2116;-2.6417,0.5256,0.3793;-3.7955,-1.0701,-0.5466;-3.6823,-2.1566,-0.7152;-3.8217,-0.6133,-1.5541;-5.1367,-0.8169,0.1577;-5.0957,-1.2363,1.1811;-5.9260,-1.3864,-0.3663;-5.5665,0.6538,0.2315;-4.8037,1.2423,0.7715;-5.5983,1.0705,-0.7925;-6.9251,0.8547,0.9067;-6.9144,0.4852,1.9463;-7.7231,0.3104,0.3733;-7.2106,1.9189,0.9356;</g>
	</geometry>
	<conformers/>
	<properties/>
</molecule>
