<?xml version="1.0" ?>
<!--MOLLI PACKAGE EXPERIMENTAL XML FORMAT-->
<molecule name="react_685">
	<atoms>
		<a id="1" s="H" t="H" l="H"/>
		<a id="2" s="C" t="C.2" l="C"/>
		<a id="3" s="C" t="C.2" l="C"/>
		<a id="4" s="H" t="H" l="H"/>
		<a id="5" s="C" t="C.3" l="C"/>
		<a id="6" s="H" t="H" l="H"/>
		<a id="7" s="H" t="H" l="H"/>
		<a id="8" s="C" t="C.3" l="C"/>
		<a id="9" s="H" t="H" l="H"/>
		<a id="10" s="H" t="H" l="H"/>
		<a id="11" s="C" t="C.3" l="C"/>
		<a id="12" s="C" t="C.3" l="C"/>
		<a id="13" s="H" t="H" l="H"/>
		<a id="14" s="H" t="H" l="H"/>
		<a id="15" s="C" t="C.3" l="C"/>
		<a id="16" s="H" t="H" l="H"/>
		<a id="17" s="H" t="H" l="H"/>
		<a id="18" s="H" t="H" l="H"/>
		<a id="19" s="O" t="O.3" l="O"/>
		<a id="20" s="C" t="C.3" l="C"/>
		<a id="21" s="H" t="H" l="H"/>
		<a id="22" s="H" t="H" l="H"/>
		<a id="23" s="C" t="C.3" l="C"/>
		<a id="24" s="C" t="C.3" l="C"/>
		<a id="25" s="H" t="H" l="H"/>
		<a id="26" s="H" t="H" l="H"/>
		<a id="27" s="H" t="H" l="H"/>
		<a id="28" s="C" t="C.3" l="C"/>
		<a id="29" s="H" t="H" l="H"/>
		<a id="30" s="H" t="H" l="H"/>
		<a id="31" s="H" t="H" l="H"/>
		<a id="32" s="C" t="C.3" l="C"/>
		<a id="33" s="H" t="H" l="H"/>
		<a id="34" s="H" t="H" l="H"/>
		<a id="35" s="O" t="O.3" l="O"/>
		<a id="36" s="C" t="C.3" l="C"/>
		<a id="37" s="H" t="H" l="H"/>
		<a id="38" s="H" t="H" l="H"/>
		<a id="39" s="H" t="H" l="H"/>
	</atoms>
	<bonds>
		<b id="1" c="39 36" t="1"/>
		<b id="2" c="1 2" t="1"/>
		<b id="3" c="21 20" t="1"/>
		<b id="4" c="17 15" t="1"/>
		<b id="5" c="30 28" t="1"/>
		<b id="6" c="10 8" t="1"/>
		<b id="7" c="38 36" t="1"/>
		<b id="8" c="29 28" t="1"/>
		<b id="9" c="36 2" t="1"/>
		<b id="10" c="36 37" t="1"/>
		<b id="11" c="19 20" t="1"/>
		<b id="12" c="19 11" t="1"/>
		<b id="13" c="18 15" t="1"/>
		<b id="14" c="2 3" t="2"/>
		<b id="15" c="28 31" t="1"/>
		<b id="16" c="28 23" t="1"/>
		<b id="17" c="20 22" t="1"/>
		<b id="18" c="20 23" t="1"/>
		<b id="19" c="15 16" t="1"/>
		<b id="20" c="15 12" t="1"/>
		<b id="21" c="9 8" t="1"/>
		<b id="22" c="8 11" t="1"/>
		<b id="23" c="8 5" t="1"/>
		<b id="24" c="11 12" t="1"/>
		<b id="25" c="11 35" t="1"/>
		<b id="26" c="23 32" t="1"/>
		<b id="27" c="23 24" t="1"/>
		<b id="28" c="3 5" t="1"/>
		<b id="29" c="3 4" t="1"/>
		<b id="30" c="33 32" t="1"/>
		<b id="31" c="12 14" t="1"/>
		<b id="32" c="12 13" t="1"/>
		<b id="33" c="26 24" t="1"/>
		<b id="34" c="5 7" t="1"/>
		<b id="35" c="5 6" t="1"/>
		<b id="36" c="32 35" t="1"/>
		<b id="37" c="32 34" t="1"/>
		<b id="38" c="24 25" t="1"/>
		<b id="39" c="24 27" t="1"/>
	</bonds>
	<geometry>
		<g u="A" t="cart/3d">#39,3:3.1406,0.8221,-1.6158;3.8825,0.6816,-0.8200;3.5196,0.0698,0.3151;4.2832,-0.0611,1.0951;2.1636,-0.4853,0.6678;1.8334,-0.0403,1.6247;2.2864,-1.5627,0.8887;1.0644,-0.2843,-0.3736;0.9800,0.7840,-0.6301;1.3133,-0.7977,-1.3158;-0.3318,-0.7565,0.0659;-0.4091,-2.2462,0.4444;0.1797,-2.3934,1.3639;-1.4533,-2.4525,0.7305;0.0345,-3.2116,-0.6539;-0.1711,-4.2539,-0.3626;-0.5042,-3.0091,-1.5928;1.1137,-3.1377,-0.8643;-1.1866,-0.4625,-1.0372;-2.5408,-0.2544,-0.6731;-3.1081,-0.1907,-1.6147;-2.9322,-1.1211,-0.1097;-2.7015,1.0424,0.1647;-3.8729,0.8760,1.1439;-4.0590,1.8080,1.7033;-4.8053,0.6139,0.6149;-3.6603,0.0773,1.8732;-2.9231,2.2577,-0.7479;-3.9017,2.2021,-1.2535;-2.1413,2.3111,-1.5233;-2.8981,3.2007,-0.1753;-1.3627,1.2100,0.9327;-0.6661,1.8408,0.3506;-1.5235,1.7059,1.9025;-0.7787,-0.0496,1.2212;5.2586,1.2080,-1.1113;5.9507,1.0302,-0.2728;5.2397,2.2945,-1.3122;5.6874,0.7345,-2.0129;</g>
	</geometry>
	<conformers/>
	<properties/>
</molecule>
