<?xml version="1.0" ?>
<!--MOLLI PACKAGE EXPERIMENTAL XML FORMAT-->
<molecule name="react_686">
	<atoms>
		<a id="1" s="H" t="H" l="H"/>
		<a id="2" s="O" t="O.3" l="O"/>
		<a id="3" s="C" t="C.3" l="C"/>
		<a id="4" s="H" t="H" l="H"/>
		<a id="5" s="H" t="H" l="H"/>
		<a id="6" s="C" t="C.2" l="C"/>
		<a id="7" s="H" t="H" l="H"/>
		<a id="8" s="C" t="C.2" l="C"/>
		<a id="9" s="H" t="H" l="H"/>
		<a id="10" s="C" t="C.3" l="C"/>
		<a id="11" s="H" t="H" l="H"/>
		<a id="12" s="H" t="H" l="H"/>
		<a id="13" s="C" t="C.3" l="C"/>
		<a id="14" s="H" t="H" l="H"/>
		<a id="15" s="H" t="H" l="H"/>
		<a id="16" s="C" t="C.3" l="C"/>
		<a id="17" s="H" t="H" l="H"/>
		<a id="18" s="H" t="H" l="H"/>
		<a id="19" s="C" t="C.3" l="C"/>
		<a id="20" s="H" t="H" l="H"/>
		<a id="21" s="H" t="H" l="H"/>
		<a id="22" s="C" t="C.3" l="C"/>
		<a id="23" s="H" t="H" l="H"/>
		<a id="24" s="H" t="H" l="H"/>
		<a id="25" s="C" t="C.3" l="C"/>
		<a id="26" s="H" t="H" l="H"/>
		<a id="27" s="H" t="H" l="H"/>
		<a id="28" s="C" t="C.3" l="C"/>
		<a id="29" s="H" t="H" l="H"/>
		<a id="30" s="H" t="H" l="H"/>
		<a id="31" s="C" t="C.3" l="C"/>
		<a id="32" s="H" t="H" l="H"/>
		<a id="33" s="H" t="H" l="H"/>
		<a id="34" s="C" t="C.3" l="C"/>
		<a id="35" s="H" t="H" l="H"/>
		<a id="36" s="H" t="H" l="H"/>
		<a id="37" s="C" t="C.3" l="C"/>
		<a id="38" s="H" t="H" l="H"/>
		<a id="39" s="H" t="H" l="H"/>
		<a id="40" s="C" t="C.3" l="C"/>
		<a id="41" s="H" t="H" l="H"/>
		<a id="42" s="H" t="H" l="H"/>
		<a id="43" s="H" t="H" l="H"/>
	</atoms>
	<bonds>
		<b id="1" c="23 22" t="1"/>
		<b id="2" c="27 25" t="1"/>
		<b id="3" c="18 16" t="1"/>
		<b id="4" c="26 25" t="1"/>
		<b id="5" c="22 25" t="1"/>
		<b id="6" c="22 24" t="1"/>
		<b id="7" c="22 19" t="1"/>
		<b id="8" c="12 10" t="1"/>
		<b id="9" c="25 28" t="1"/>
		<b id="10" c="16 17" t="1"/>
		<b id="11" c="16 19" t="1"/>
		<b id="12" c="16 13" t="1"/>
		<b id="13" c="20 19" t="1"/>
		<b id="14" c="19 21" t="1"/>
		<b id="15" c="10 11" t="1"/>
		<b id="16" c="10 13" t="1"/>
		<b id="17" c="10 8" t="1"/>
		<b id="18" c="32 31" t="1"/>
		<b id="19" c="14 13" t="1"/>
		<b id="20" c="30 28" t="1"/>
		<b id="21" c="28 31" t="1"/>
		<b id="22" c="28 29" t="1"/>
		<b id="23" c="13 15" t="1"/>
		<b id="24" c="9 8" t="1"/>
		<b id="25" c="8 6" t="2"/>
		<b id="26" c="31 33" t="1"/>
		<b id="27" c="31 34" t="1"/>
		<b id="28" c="38 37" t="1"/>
		<b id="29" c="6 7" t="1"/>
		<b id="30" c="6 3" t="1"/>
		<b id="31" c="39 37" t="1"/>
		<b id="32" c="4 3" t="1"/>
		<b id="33" c="5 3" t="1"/>
		<b id="34" c="34 37" t="1"/>
		<b id="35" c="34 36" t="1"/>
		<b id="36" c="34 35" t="1"/>
		<b id="37" c="37 40" t="1"/>
		<b id="38" c="3 2" t="1"/>
		<b id="39" c="43 40" t="1"/>
		<b id="40" c="40 41" t="1"/>
		<b id="41" c="40 42" t="1"/>
		<b id="42" c="2 1" t="1"/>
	</bonds>
	<geometry>
		<g u="A" t="cart/3d">#43,3:5.9125,0.0464,3.0590;6.6639,0.5792,2.7650;6.7939,0.3916,1.3659;7.6077,1.0698,1.0535;7.1207,-0.6384,1.1117;5.5323,0.7240,0.6200;5.1345,1.7334,0.7932;4.8846,-0.1166,-0.1977;5.2992,-1.1258,-0.3420;3.6204,0.1850,-0.9523;3.3235,1.2307,-0.7671;3.8237,0.1066,-2.0385;2.4667,-0.7763,-0.6088;2.8279,-1.8137,-0.7296;2.2147,-0.6696,0.4623;1.1995,-0.5952,-1.4584;0.5273,-1.4475,-1.2591;1.4685,-0.6695,-2.5296;0.4408,0.7169,-1.2189;1.1235,1.5703,-1.3746;0.1398,0.7704,-0.1562;-0.7843,0.9246,-2.1251;-0.4460,0.9313,-3.1776;-1.1884,1.9357,-1.9423;-1.9163,-0.1099,-1.9937;-1.5395,-1.1039,-2.2926;-2.6976,0.1408,-2.7345;-2.5750,-0.2321,-0.6095;-1.8223,-0.5318,0.1433;-3.2960,-1.0668,-0.6514;-3.2913,1.0357,-0.1247;-4.0247,1.3529,-0.8907;-2.5626,1.8615,-0.0494;-4.0049,0.8973,1.2293;-3.2795,0.5519,1.9906;-4.3289,1.9004,1.5623;-5.2245,-0.0335,1.2349;-5.9382,0.3043,0.4605;-4.9220,-1.0535,0.9389;-5.9327,-0.0949,2.5900;-6.2904,0.9012,2.9023;-5.2554,-0.4623,3.3799;-6.8053,-0.7676,2.5618;</g>
	</geometry>
	<conformers/>
	<properties/>
</molecule>
