<?xml version="1.0" ?>
<!--MOLLI PACKAGE EXPERIMENTAL XML FORMAT-->
<molecule name="react_690">
	<atoms>
		<a id="1" s="H" t="H" l="H"/>
		<a id="2" s="O" t="O.3" l="O"/>
		<a id="3" s="C" t="C.3" l="C"/>
		<a id="4" s="H" t="H" l="H"/>
		<a id="5" s="H" t="H" l="H"/>
		<a id="6" s="C" t="C.2" l="C"/>
		<a id="7" s="H" t="H" l="H"/>
		<a id="8" s="C" t="C.2" l="C"/>
		<a id="9" s="H" t="H" l="H"/>
		<a id="10" s="C" t="C.3" l="C"/>
		<a id="11" s="H" t="H" l="H"/>
		<a id="12" s="H" t="H" l="H"/>
		<a id="13" s="C" t="C.3" l="C"/>
		<a id="14" s="H" t="H" l="H"/>
		<a id="15" s="H" t="H" l="H"/>
		<a id="16" s="C" t="C.3" l="C"/>
		<a id="17" s="H" t="H" l="H"/>
		<a id="18" s="H" t="H" l="H"/>
		<a id="19" s="C" t="C.3" l="C"/>
		<a id="20" s="H" t="H" l="H"/>
		<a id="21" s="H" t="H" l="H"/>
		<a id="22" s="C" t="C.3" l="C"/>
		<a id="23" s="H" t="H" l="H"/>
		<a id="24" s="H" t="H" l="H"/>
		<a id="25" s="C" t="C.3" l="C"/>
		<a id="26" s="H" t="H" l="H"/>
		<a id="27" s="H" t="H" l="H"/>
		<a id="28" s="C" t="C.3" l="C"/>
		<a id="29" s="H" t="H" l="H"/>
		<a id="30" s="H" t="H" l="H"/>
		<a id="31" s="C" t="C.3" l="C"/>
		<a id="32" s="H" t="H" l="H"/>
		<a id="33" s="H" t="H" l="H"/>
		<a id="34" s="C" t="C.3" l="C"/>
		<a id="35" s="H" t="H" l="H"/>
		<a id="36" s="H" t="H" l="H"/>
		<a id="37" s="C" t="C.3" l="C"/>
		<a id="38" s="H" t="H" l="H"/>
		<a id="39" s="H" t="H" l="H"/>
		<a id="40" s="C" t="C.3" l="C"/>
		<a id="41" s="H" t="H" l="H"/>
		<a id="42" s="H" t="H" l="H"/>
		<a id="43" s="C" t="C.3" l="C"/>
		<a id="44" s="H" t="H" l="H"/>
		<a id="45" s="H" t="H" l="H"/>
		<a id="46" s="H" t="H" l="H"/>
	</atoms>
	<bonds>
		<b id="1" c="30 28" t="1"/>
		<b id="2" c="23 22" t="1"/>
		<b id="3" c="33 31" t="1"/>
		<b id="4" c="17 16" t="1"/>
		<b id="5" c="32 31" t="1"/>
		<b id="6" c="28 31" t="1"/>
		<b id="7" c="28 29" t="1"/>
		<b id="8" c="28 25" t="1"/>
		<b id="9" c="31 34" t="1"/>
		<b id="10" c="22 24" t="1"/>
		<b id="11" c="22 25" t="1"/>
		<b id="12" c="22 19" t="1"/>
		<b id="13" c="14 13" t="1"/>
		<b id="14" c="15 13" t="1"/>
		<b id="15" c="16 13" t="1"/>
		<b id="16" c="16 19" t="1"/>
		<b id="17" c="16 18" t="1"/>
		<b id="18" c="26 25" t="1"/>
		<b id="19" c="25 27" t="1"/>
		<b id="20" c="13 10" t="1"/>
		<b id="21" c="20 19" t="1"/>
		<b id="22" c="19 21" t="1"/>
		<b id="23" c="38 37" t="1"/>
		<b id="24" c="35 34" t="1"/>
		<b id="25" c="34 37" t="1"/>
		<b id="26" c="34 36" t="1"/>
		<b id="27" c="7 6" t="1"/>
		<b id="28" c="37 39" t="1"/>
		<b id="29" c="37 40" t="1"/>
		<b id="30" c="10 11" t="1"/>
		<b id="31" c="10 12" t="1"/>
		<b id="32" c="10 8" t="1"/>
		<b id="33" c="41 40" t="1"/>
		<b id="34" c="1 2" t="1"/>
		<b id="35" c="6 8" t="2"/>
		<b id="36" c="6 3" t="1"/>
		<b id="37" c="40 42" t="1"/>
		<b id="38" c="40 43" t="1"/>
		<b id="39" c="8 9" t="1"/>
		<b id="40" c="2 3" t="1"/>
		<b id="41" c="4 3" t="1"/>
		<b id="42" c="3 5" t="1"/>
		<b id="43" c="46 43" t="1"/>
		<b id="44" c="43 45" t="1"/>
		<b id="45" c="43 44" t="1"/>
	</bonds>
	<geometry>
		<g u="A" t="cart/3d">#46,3:7.5533,0.8138,0.7574;7.2597,0.9932,1.6606;6.0947,0.2212,1.9062;6.3237,-0.8655,1.8525;5.7971,0.4314,2.9462;4.9589,0.5421,0.9720;5.1523,0.3495,-0.0922;3.7728,1.0272,1.3599;3.6277,1.2085,2.4346;2.5937,1.4030,0.4974;2.4948,2.5054,0.5404;1.6737,1.0327,0.9860;2.6161,0.9665,-0.9749;1.8226,1.5185,-1.5071;3.5597,1.3035,-1.4388;2.4458,-0.5419,-1.2331;2.5739,-0.7218,-2.3164;3.2644,-1.0912,-0.7385;1.1099,-1.1604,-0.7894;1.1686,-2.2528,-0.9463;0.9775,-1.0320,0.3007;-0.1304,-0.6276,-1.5171;0.0135,-0.7401,-2.6091;-0.2299,0.4572,-1.3390;-1.4258,-1.3377,-1.1044;-1.2873,-2.4269,-1.2323;-1.5905,-1.1899,-0.0215;-2.6771,-0.9173,-1.8915;-3.5162,-1.5734,-1.6022;-2.5017,-1.1258,-2.9631;-3.1068,0.5544,-1.7613;-2.3052,1.1983,-2.1651;-3.9729,0.7176,-2.4288;-3.4770,1.0757,-0.3601;-3.6219,2.1658,-0.4553;-2.6203,0.9633,0.3281;-4.7507,0.4802,0.2772;-5.4919,0.2968,-0.5225;-5.2088,1.2463,0.9293;-4.5881,-0.8015,1.1143;-4.1068,-1.5925,0.5147;-5.5959,-1.1848,1.3544;-3.8139,-0.6096,2.4215;-4.2987,0.1444,3.0654;-3.7584,-1.5494,2.9948;-2.7784,-0.2738,2.2463;</g>
	</geometry>
	<conformers/>
	<properties/>
</molecule>
