<?xml version="1.0" ?>
<!--MOLLI PACKAGE EXPERIMENTAL XML FORMAT-->
<molecule name="react_767">
	<atoms>
		<a id="1" s="H" t="H" l="H"/>
		<a id="2" s="C" t="C.1" l="C"/>
		<a id="3" s="C" t="C.1" l="C"/>
		<a id="4" s="C" t="C.2" l="C"/>
		<a id="5" s="C" t="C.2" l="C"/>
		<a id="6" s="H" t="H" l="H"/>
		<a id="7" s="C" t="C.3" l="C"/>
		<a id="8" s="H" t="H" l="H"/>
		<a id="9" s="H" t="H" l="H"/>
		<a id="10" s="Cl" t="Cl" l="CL"/>
		<a id="11" s="C" t="C.3" l="C"/>
		<a id="12" s="H" t="H" l="H"/>
		<a id="13" s="H" t="H" l="H"/>
		<a id="14" s="H" t="H" l="H"/>
	</atoms>
	<bonds>
		<b id="1" c="10 7" t="1"/>
		<b id="2" c="13 11" t="1"/>
		<b id="3" c="7 5" t="1"/>
		<b id="4" c="7 8" t="1"/>
		<b id="5" c="7 9" t="1"/>
		<b id="6" c="6 5" t="1"/>
		<b id="7" c="5 4" t="2"/>
		<b id="8" c="4 3" t="1"/>
		<b id="9" c="4 11" t="1"/>
		<b id="10" c="12 11" t="1"/>
		<b id="11" c="3 2" t="3"/>
		<b id="12" c="11 14" t="1"/>
		<b id="13" c="2 1" t="1"/>
	</bonds>
	<geometry>
		<g u="A" t="cart/3d">#14,3:3.8964,-1.3688,0.2751;2.9002,-0.9800,0.1758;1.7683,-0.5540,0.0587;0.4510,0.0021,-0.0682;-0.5921,-0.8249,-0.3212;-0.3825,-1.8925,-0.4408;-2.0204,-0.4337,-0.4702;-2.2135,0.6199,-0.2401;-2.6725,-1.0591,0.1563;-2.6006,-0.7044,-2.1848;0.3677,1.5035,0.1002;-0.6506,1.8907,-0.0345;1.0254,2.0021,-0.6305;0.7232,1.7991,1.1013;</g>
	</geometry>
	<conformers/>
	<properties/>
</molecule>
