<?xml version="1.0" ?>
<!--MOLLI PACKAGE EXPERIMENTAL XML FORMAT-->
<molecule name="react_768">
	<atoms>
		<a id="1" s="H" t="H" l="H"/>
		<a id="2" s="C" t="C.1" l="C"/>
		<a id="3" s="C" t="C.1" l="C"/>
		<a id="4" s="C" t="C.2" l="C"/>
		<a id="5" s="C" t="C.2" l="C"/>
		<a id="6" s="H" t="H" l="H"/>
		<a id="7" s="C" t="C.3" l="C"/>
		<a id="8" s="H" t="H" l="H"/>
		<a id="9" s="H" t="H" l="H"/>
		<a id="10" s="Cl" t="Cl" l="CL"/>
		<a id="11" s="C" t="C.3" l="C"/>
		<a id="12" s="H" t="H" l="H"/>
		<a id="13" s="H" t="H" l="H"/>
		<a id="14" s="H" t="H" l="H"/>
	</atoms>
	<bonds>
		<b id="1" c="10 7" t="1"/>
		<b id="2" c="13 11" t="1"/>
		<b id="3" c="1 2" t="1"/>
		<b id="4" c="2 3" t="3"/>
		<b id="5" c="3 4" t="1"/>
		<b id="6" c="8 7" t="1"/>
		<b id="7" c="4 11" t="1"/>
		<b id="8" c="4 5" t="2"/>
		<b id="9" c="7 5" t="1"/>
		<b id="10" c="7 9" t="1"/>
		<b id="11" c="11 14" t="1"/>
		<b id="12" c="11 12" t="1"/>
		<b id="13" c="5 6" t="1"/>
	</bonds>
	<geometry>
		<g u="A" t="cart/3d">#14,3:3.5537,-0.6393,-0.5329;2.4948,-0.5849,-0.3613;1.2963,-0.5204,-0.1695;-0.1212,-0.5106,0.0550;-0.8201,0.6412,0.1805;-1.9010,0.5780,0.3451;-0.2460,2.0127,0.1105;0.8352,2.0021,-0.0747;-0.4535,2.5880,1.0249;-1.0110,2.9696,-1.2444;-0.7849,-1.8667,0.1499;-0.3582,-2.4540,0.9802;-0.6154,-2.4464,-0.7727;-1.8687,-1.7693,0.3091;</g>
	</geometry>
	<conformers/>
	<properties/>
</molecule>
