<?xml version="1.0" ?>
<!--MOLLI PACKAGE EXPERIMENTAL XML FORMAT-->
<molecule name="react_44">
	<atoms>
		<a id="1" s="H" t="H" l="H"/>
		<a id="2" s="C" t="C.2" l="C"/>
		<a id="3" s="C" t="C.2" l="C"/>
		<a id="4" s="H" t="H" l="H"/>
		<a id="5" s="C" t="C.3" l="C"/>
		<a id="6" s="H" t="H" l="H"/>
		<a id="7" s="H" t="H" l="H"/>
		<a id="8" s="C" t="C.3" l="C"/>
		<a id="9" s="H" t="H" l="H"/>
		<a id="10" s="H" t="H" l="H"/>
		<a id="11" s="C" t="C.3" l="C"/>
		<a id="12" s="H" t="H" l="H"/>
		<a id="13" s="H" t="H" l="H"/>
		<a id="14" s="C" t="C.3" l="C"/>
		<a id="15" s="C" t="C.3" l="C"/>
		<a id="16" s="H" t="H" l="H"/>
		<a id="17" s="H" t="H" l="H"/>
		<a id="18" s="C" t="C.3" l="C"/>
		<a id="19" s="H" t="H" l="H"/>
		<a id="20" s="H" t="H" l="H"/>
		<a id="21" s="H" t="H" l="H"/>
		<a id="22" s="O" t="O.3" l="O"/>
		<a id="23" s="C" t="C.3" l="C"/>
		<a id="24" s="H" t="H" l="H"/>
		<a id="25" s="H" t="H" l="H"/>
		<a id="26" s="C" t="C.3" l="C"/>
		<a id="27" s="C" t="C.3" l="C"/>
		<a id="28" s="H" t="H" l="H"/>
		<a id="29" s="H" t="H" l="H"/>
		<a id="30" s="H" t="H" l="H"/>
		<a id="31" s="C" t="C.3" l="C"/>
		<a id="32" s="H" t="H" l="H"/>
		<a id="33" s="H" t="H" l="H"/>
		<a id="34" s="H" t="H" l="H"/>
		<a id="35" s="C" t="C.3" l="C"/>
		<a id="36" s="H" t="H" l="H"/>
		<a id="37" s="H" t="H" l="H"/>
		<a id="38" s="O" t="O.3" l="O"/>
		<a id="39" s="C" t="C.3" l="C"/>
		<a id="40" s="H" t="H" l="H"/>
		<a id="41" s="H" t="H" l="H"/>
		<a id="42" s="H" t="H" l="H"/>
	</atoms>
	<bonds>
		<b id="1" c="34 31" t="1"/>
		<b id="2" c="37 35" t="1"/>
		<b id="3" c="32 31" t="1"/>
		<b id="4" c="29 27" t="1"/>
		<b id="5" c="42 39" t="1"/>
		<b id="6" c="31 33" t="1"/>
		<b id="7" c="31 26" t="1"/>
		<b id="8" c="35 36" t="1"/>
		<b id="9" c="35 38" t="1"/>
		<b id="10" c="35 26" t="1"/>
		<b id="11" c="41 39" t="1"/>
		<b id="12" c="4 3" t="1"/>
		<b id="13" c="9 8" t="1"/>
		<b id="14" c="38 14" t="1"/>
		<b id="15" c="26 27" t="1"/>
		<b id="16" c="26 23" t="1"/>
		<b id="17" c="39 40" t="1"/>
		<b id="18" c="39 2" t="1"/>
		<b id="19" c="27 28" t="1"/>
		<b id="20" c="27 30" t="1"/>
		<b id="21" c="10 8" t="1"/>
		<b id="22" c="3 2" t="2"/>
		<b id="23" c="3 5" t="1"/>
		<b id="24" c="8 5" t="1"/>
		<b id="25" c="8 11" t="1"/>
		<b id="26" c="2 1" t="1"/>
		<b id="27" c="17 15" t="1"/>
		<b id="28" c="13 11" t="1"/>
		<b id="29" c="14 11" t="1"/>
		<b id="30" c="14 15" t="1"/>
		<b id="31" c="14 22" t="1"/>
		<b id="32" c="25 23" t="1"/>
		<b id="33" c="23 22" t="1"/>
		<b id="34" c="23 24" t="1"/>
		<b id="35" c="5 6" t="1"/>
		<b id="36" c="5 7" t="1"/>
		<b id="37" c="16 15" t="1"/>
		<b id="38" c="11 12" t="1"/>
		<b id="39" c="15 18" t="1"/>
		<b id="40" c="18 19" t="1"/>
		<b id="41" c="18 21" t="1"/>
		<b id="42" c="18 20" t="1"/>
	</bonds>
	<geometry>
		<g u="A" t="cart/3d">#42,3:5.2406,-1.2556,0.9551;5.1638,-0.6405,0.0470;3.9981,-0.0346,-0.2131;3.9156,0.5777,-1.1232;2.7546,-0.1276,0.6285;2.4726,0.8879,0.9607;2.9692,-0.7041,1.5459;1.5720,-0.7728,-0.1197;1.3812,-0.2302,-1.0617;1.8848,-1.7867,-0.4215;0.2521,-0.8786,0.6664;0.4359,-0.9803,1.7484;-0.2741,-1.8016,0.3781;-0.7587,0.2667,0.4519;-0.2943,1.6477,0.9457;-1.0760,2.3691,0.6565;0.5961,1.9351,0.3636;-0.0285,1.7409,2.4476;0.1795,2.7821,2.7413;-0.9019,1.3921,3.0200;0.8369,1.1348,2.7588;-1.9417,-0.1461,1.1359;-3.1363,0.3812,0.5839;-3.9445,0.1167,1.2834;-3.0909,1.4846,0.5325;-3.4062,-0.2082,-0.8259;-4.1740,-1.5345,-0.7242;-5.2014,-1.3737,-0.3570;-4.2466,-2.0326,-1.7063;-3.6676,-2.2252,-0.0303;-4.1901,0.8119,-1.6648;-3.5930,1.7239,-1.8295;-5.1287,1.1061,-1.1645;-4.4555,0.3956,-2.6510;-2.0047,-0.4699,-1.4420;-1.6929,-1.5128,-1.2498;-2.0189,-0.3266,-2.5336;-1.0457,0.4423,-0.9332;6.4011,-0.5520,-0.7983;7.2494,-0.1341,-0.2266;6.7235,-1.5504,-1.1451;6.2449,0.0819,-1.6856;</g>
	</geometry>
	<conformers/>
	<properties/>
</molecule>
