<?xml version="1.0" ?>
<!--MOLLI PACKAGE EXPERIMENTAL XML FORMAT-->
<molecule name="react_770">
	<atoms>
		<a id="1" s="H" t="H" l="H"/>
		<a id="2" s="C" t="C.1" l="C"/>
		<a id="3" s="C" t="C.1" l="C"/>
		<a id="4" s="C" t="C.2" l="C"/>
		<a id="5" s="C" t="C.2" l="C"/>
		<a id="6" s="H" t="H" l="H"/>
		<a id="7" s="C" t="C.3" l="C"/>
		<a id="8" s="H" t="H" l="H"/>
		<a id="9" s="H" t="H" l="H"/>
		<a id="10" s="O" t="O.3" l="O"/>
		<a id="11" s="Si" t="Si" l="SI"/>
		<a id="12" s="C" t="C.3" l="C"/>
		<a id="13" s="H" t="H" l="H"/>
		<a id="14" s="H" t="H" l="H"/>
		<a id="15" s="H" t="H" l="H"/>
		<a id="16" s="C" t="C.3" l="C"/>
		<a id="17" s="H" t="H" l="H"/>
		<a id="18" s="H" t="H" l="H"/>
		<a id="19" s="H" t="H" l="H"/>
		<a id="20" s="C" t="C.3" l="C"/>
		<a id="21" s="C" t="C.3" l="C"/>
		<a id="22" s="H" t="H" l="H"/>
		<a id="23" s="H" t="H" l="H"/>
		<a id="24" s="H" t="H" l="H"/>
		<a id="25" s="C" t="C.3" l="C"/>
		<a id="26" s="H" t="H" l="H"/>
		<a id="27" s="H" t="H" l="H"/>
		<a id="28" s="H" t="H" l="H"/>
		<a id="29" s="C" t="C.3" l="C"/>
		<a id="30" s="H" t="H" l="H"/>
		<a id="31" s="C" t="C.3" l="C"/>
		<a id="32" s="H" t="H" l="H"/>
		<a id="33" s="H" t="H" l="H"/>
		<a id="34" s="H" t="H" l="H"/>
		<a id="35" s="C" t="C.3" l="C"/>
		<a id="36" s="H" t="H" l="H"/>
		<a id="37" s="H" t="H" l="H"/>
		<a id="38" s="H" t="H" l="H"/>
		<a id="39" s="C" t="C.3" l="C"/>
		<a id="40" s="H" t="H" l="H"/>
		<a id="41" s="H" t="H" l="H"/>
		<a id="42" s="H" t="H" l="H"/>
	</atoms>
	<bonds>
		<b id="1" c="6 5" t="1"/>
		<b id="2" c="23 21" t="1"/>
		<b id="3" c="42 39" t="1"/>
		<b id="4" c="8 7" t="1"/>
		<b id="5" c="41 39" t="1"/>
		<b id="6" c="24 21" t="1"/>
		<b id="7" c="27 25" t="1"/>
		<b id="8" c="5 7" t="1"/>
		<b id="9" c="5 4" t="2"/>
		<b id="10" c="39 4" t="1"/>
		<b id="11" c="39 40" t="1"/>
		<b id="12" c="21 22" t="1"/>
		<b id="13" c="21 20" t="1"/>
		<b id="14" c="26 25" t="1"/>
		<b id="15" c="7 10" t="1"/>
		<b id="16" c="7 9" t="1"/>
		<b id="17" c="10 11" t="1"/>
		<b id="18" c="4 3" t="1"/>
		<b id="19" c="25 20" t="1"/>
		<b id="20" c="25 28" t="1"/>
		<b id="21" c="20 11" t="1"/>
		<b id="22" c="20 29" t="1"/>
		<b id="23" c="3 2" t="3"/>
		<b id="24" c="30 29" t="1"/>
		<b id="25" c="32 31" t="1"/>
		<b id="26" c="11 12" t="1"/>
		<b id="27" c="11 16" t="1"/>
		<b id="28" c="13 12" t="1"/>
		<b id="29" c="29 31" t="1"/>
		<b id="30" c="29 35" t="1"/>
		<b id="31" c="2 1" t="1"/>
		<b id="32" c="18 16" t="1"/>
		<b id="33" c="31 34" t="1"/>
		<b id="34" c="31 33" t="1"/>
		<b id="35" c="12 14" t="1"/>
		<b id="36" c="12 15" t="1"/>
		<b id="37" c="16 17" t="1"/>
		<b id="38" c="16 19" t="1"/>
		<b id="39" c="37 35" t="1"/>
		<b id="40" c="35 38" t="1"/>
		<b id="41" c="35 36" t="1"/>
	</bonds>
	<geometry>
		<g u="A" t="cart/3d">#42,3:5.6268,1.2488,1.5639;5.1337,0.7054,0.7797;4.5723,0.0939,-0.1087;3.9602,-0.6751,-1.1567;2.7833,-0.3123,-1.7132;2.3624,-0.9442,-2.5038;1.9672,0.9010,-1.3696;2.0498,1.6315,-2.1989;2.3839,1.3960,-0.4735;0.5990,0.5765,-1.2227;-0.2649,0.4267,0.2270;-0.1935,2.0874,1.1296;-0.6956,2.8867,0.5617;0.8572,2.3910,1.2770;-0.6578,2.0324,2.1277;0.5986,-0.8775,1.2877;1.6572,-0.5978,1.4242;0.5805,-1.8690,0.8078;0.1493,-0.9740,2.2885;-2.0178,-0.0747,-0.4120;-2.3848,0.8813,-1.5734;-2.3967,1.9412,-1.2753;-1.6630,0.7850,-2.3971;-3.3887,0.6377,-1.9676;-1.8879,-1.4934,-1.0203;-2.8318,-1.7826,-1.5175;-1.0897,-1.5287,-1.7784;-1.6646,-2.2657,-0.2681;-3.1688,-0.0874,0.6576;-4.0089,-0.6070,0.1537;-3.7037,1.2970,1.0630;-4.0976,1.8648,0.2077;-4.5295,1.1836,1.7849;-2.9309,1.9134,1.5487;-2.8522,-0.8945,1.9285;-2.1297,-0.3676,2.5745;-2.4419,-1.8917,1.7103;-3.7666,-1.0398,2.5267;4.7182,-1.9102,-1.5945;4.8731,-2.5957,-0.7445;5.7182,-1.6433,-1.9758;4.1755,-2.4487,-2.3854;</g>
	</geometry>
	<conformers/>
	<properties/>
</molecule>
