<?xml version="1.0" ?>
<!--MOLLI PACKAGE EXPERIMENTAL XML FORMAT-->
<molecule name="react_7">
	<atoms>
		<a id="1" s="H" t="H" l="H"/>
		<a id="2" s="C" t="C.2" l="C"/>
		<a id="3" s="C" t="C.2" l="C"/>
		<a id="4" s="C" t="C.ar" l="C"/>
		<a id="5" s="C" t="C.ar" l="C"/>
		<a id="6" s="H" t="H" l="H"/>
		<a id="7" s="C" t="C.ar" l="C"/>
		<a id="8" s="H" t="H" l="H"/>
		<a id="9" s="C" t="C.ar" l="C"/>
		<a id="10" s="H" t="H" l="H"/>
		<a id="11" s="C" t="C.ar" l="C"/>
		<a id="12" s="H" t="H" l="H"/>
		<a id="13" s="C" t="C.ar" l="C"/>
		<a id="14" s="H" t="H" l="H"/>
		<a id="15" s="C" t="C.3" l="C"/>
		<a id="16" s="H" t="H" l="H"/>
		<a id="17" s="H" t="H" l="H"/>
		<a id="18" s="C" t="C.3" l="C"/>
		<a id="19" s="H" t="H" l="H"/>
		<a id="20" s="H" t="H" l="H"/>
		<a id="21" s="C" t="C.3" l="C"/>
		<a id="22" s="H" t="H" l="H"/>
		<a id="23" s="H" t="H" l="H"/>
		<a id="24" s="C" t="C.3" l="C"/>
		<a id="25" s="H" t="H" l="H"/>
		<a id="26" s="H" t="H" l="H"/>
	</atoms>
	<bonds>
		<b id="1" c="22 21" t="1"/>
		<b id="2" c="8 7" t="1"/>
		<b id="3" c="6 5" t="1"/>
		<b id="4" c="17 15" t="1"/>
		<b id="5" c="7 5" t="ar"/>
		<b id="6" c="7 9" t="ar"/>
		<b id="7" c="25 24" t="1"/>
		<b id="8" c="5 4" t="ar"/>
		<b id="9" c="21 23" t="1"/>
		<b id="10" c="21 24" t="1"/>
		<b id="11" c="21 18" t="1"/>
		<b id="12" c="24 2" t="1"/>
		<b id="13" c="24 26" t="1"/>
		<b id="14" c="10 9" t="1"/>
		<b id="15" c="9 11" t="ar"/>
		<b id="16" c="2 1" t="1"/>
		<b id="17" c="2 3" t="2"/>
		<b id="18" c="4 3" t="1"/>
		<b id="19" c="4 13" t="ar"/>
		<b id="20" c="3 15" t="1"/>
		<b id="21" c="15 18" t="1"/>
		<b id="22" c="15 16" t="1"/>
		<b id="23" c="19 18" t="1"/>
		<b id="24" c="18 20" t="1"/>
		<b id="25" c="11 13" t="ar"/>
		<b id="26" c="11 12" t="1"/>
		<b id="27" c="13 14" t="1"/>
	</bonds>
	<geometry>
		<g u="A" t="cart/3d">#26,3:-0.4632,2.1670,0.0198;-1.0111,1.2185,-0.0042;-0.3136,0.0633,0.0333;1.1770,0.0654,0.0125;1.8868,0.9913,-0.7798;1.3300,1.6862,-1.4130;3.2826,1.0172,-0.7917;3.8046,1.7442,-1.4204;4.0119,0.1094,-0.0170;5.1050,0.1251,-0.0291;3.3272,-0.8246,0.7656;3.8842,-1.5402,1.3769;1.9302,-0.8487,0.7759;1.4198,-1.5792,1.4076;-1.0290,-1.2772,0.0698;-0.5405,-1.9477,0.7959;-0.8942,-1.7728,-0.9114;-2.5218,-1.1609,0.4021;-3.0260,-2.1215,0.2039;-2.6415,-0.9614,1.4828;-3.1782,-0.0277,-0.3906;-3.0696,-0.2316,-1.4715;-4.2610,0.0191,-0.1871;-2.5139,1.3126,-0.0561;-2.8075,2.0838,-0.7915;-2.8879,1.6901,0.9170;</g>
	</geometry>
	<conformers/>
	<properties/>
</molecule>
