<?xml version="1.0" ?>
<!--MOLLI PACKAGE EXPERIMENTAL XML FORMAT-->
<molecule name="react_52">
	<atoms>
		<a id="1" s="H" t="H" l="H"/>
		<a id="2" s="C" t="C.2" l="C"/>
		<a id="3" s="C" t="C.2" l="C"/>
		<a id="4" s="H" t="H" l="H"/>
		<a id="5" s="C" t="C.ar" l="C"/>
		<a id="6" s="C" t="C.ar" l="C"/>
		<a id="7" s="H" t="H" l="H"/>
		<a id="8" s="C" t="C.ar" l="C"/>
		<a id="9" s="H" t="H" l="H"/>
		<a id="10" s="C" t="C.ar" l="C"/>
		<a id="11" s="H" t="H" l="H"/>
		<a id="12" s="C" t="C.ar" l="C"/>
		<a id="13" s="C" t="C.ar" l="C"/>
		<a id="14" s="H" t="H" l="H"/>
		<a id="15" s="O" t="O.3" l="O"/>
		<a id="16" s="C" t="C.3" l="C"/>
		<a id="17" s="H" t="H" l="H"/>
		<a id="18" s="H" t="H" l="H"/>
		<a id="19" s="C" t="C.3" l="C"/>
		<a id="20" s="H" t="H" l="H"/>
		<a id="21" s="H" t="H" l="H"/>
		<a id="22" s="C" t="C.3" l="C"/>
		<a id="23" s="H" t="H" l="H"/>
		<a id="24" s="H" t="H" l="H"/>
		<a id="25" s="C" t="C.3" l="C"/>
		<a id="26" s="H" t="H" l="H"/>
		<a id="27" s="H" t="H" l="H"/>
		<a id="28" s="C" t="C.3" l="C"/>
		<a id="29" s="H" t="H" l="H"/>
		<a id="30" s="H" t="H" l="H"/>
		<a id="31" s="C" t="C.3" l="C"/>
		<a id="32" s="H" t="H" l="H"/>
		<a id="33" s="H" t="H" l="H"/>
		<a id="34" s="O" t="O.3" l="O"/>
		<a id="35" s="C" t="C.ar" l="C"/>
		<a id="36" s="C" t="C.ar" l="C"/>
		<a id="37" s="H" t="H" l="H"/>
		<a id="38" s="C" t="C.ar" l="C"/>
		<a id="39" s="H" t="H" l="H"/>
		<a id="40" s="C" t="C.ar" l="C"/>
		<a id="41" s="H" t="H" l="H"/>
		<a id="42" s="C" t="C.ar" l="C"/>
		<a id="43" s="C" t="C.ar" l="C"/>
		<a id="44" s="H" t="H" l="H"/>
	</atoms>
	<bonds>
		<b id="1" c="9 8" t="1"/>
		<b id="2" c="32 31" t="1"/>
		<b id="3" c="7 6" t="1"/>
		<b id="4" c="33 31" t="1"/>
		<b id="5" c="8 6" t="ar"/>
		<b id="6" c="8 10" t="ar"/>
		<b id="7" c="20 19" t="1"/>
		<b id="8" c="23 22" t="1"/>
		<b id="9" c="6 5" t="ar"/>
		<b id="10" c="31 34" t="1"/>
		<b id="11" c="31 28" t="1"/>
		<b id="12" c="21 19" t="1"/>
		<b id="13" c="11 10" t="1"/>
		<b id="14" c="34 35" t="1"/>
		<b id="15" c="10 12" t="ar"/>
		<b id="16" c="19 22" t="1"/>
		<b id="17" c="19 16" t="1"/>
		<b id="18" c="44 43" t="1"/>
		<b id="19" c="35 43" t="ar"/>
		<b id="20" c="35 36" t="ar"/>
		<b id="21" c="22 24" t="1"/>
		<b id="22" c="22 25" t="1"/>
		<b id="23" c="43 42" t="ar"/>
		<b id="24" c="37 36" t="1"/>
		<b id="25" c="5 3" t="1"/>
		<b id="26" c="5 13" t="ar"/>
		<b id="27" c="36 38" t="ar"/>
		<b id="28" c="18 16" t="1"/>
		<b id="29" c="28 30" t="1"/>
		<b id="30" c="28 25" t="1"/>
		<b id="31" c="28 29" t="1"/>
		<b id="32" c="27 25" t="1"/>
		<b id="33" c="3 4" t="1"/>
		<b id="34" c="3 2" t="2"/>
		<b id="35" c="12 13" t="ar"/>
		<b id="36" c="12 15" t="1"/>
		<b id="37" c="42 2" t="1"/>
		<b id="38" c="42 40" t="ar"/>
		<b id="39" c="2 1" t="1"/>
		<b id="40" c="25 26" t="1"/>
		<b id="41" c="16 15" t="1"/>
		<b id="42" c="16 17" t="1"/>
		<b id="43" c="13 14" t="1"/>
		<b id="44" c="38 40" t="ar"/>
		<b id="45" c="38 39" t="1"/>
		<b id="46" c="40 41" t="1"/>
	</bonds>
	<geometry>
		<g u="A" t="cart/3d">#44,3:-0.0398,-4.5435,0.9006;0.0522,-3.4936,0.5987;1.3335,-3.1156,0.3824;2.0608,-3.9317,0.4841;1.9818,-1.8348,0.0166;2.9365,-1.8362,-1.0231;3.1248,-2.7578,-1.5796;3.6305,-0.6715,-1.3435;4.3622,-0.6815,-2.1562;3.4123,0.5153,-0.6352;3.9744,1.4134,-0.8950;2.4821,0.5265,0.4149;1.7724,-0.6461,0.7318;1.0731,-0.6189,1.5695;2.2182,1.6173,1.1895;2.3795,2.9340,0.6634;2.1922,3.5981,1.5223;3.4277,3.0995,0.3538;1.4336,3.2628,-0.4963;1.5958,2.5199,-1.2963;1.7610,4.2297,-0.9186;-0.0696,3.3377,-0.1711;-0.6050,3.4379,-1.1324;-0.2873,4.2694,0.3826;-0.6271,2.1361,0.6168;-0.4608,2.2993,1.6940;-0.0447,1.2385,0.3701;-2.0985,1.7955,0.3657;-2.4363,1.1058,1.1561;-2.7404,2.6899,0.4500;-2.3360,1.0926,-0.9884;-2.8040,1.7660,-1.7216;-1.3791,0.7582,-1.4294;-3.2412,0.0022,-0.8825;-2.8676,-1.1636,-0.2832;-3.9372,-1.9698,0.1495;-4.9535,-1.5958,0.0091;-3.6819,-3.2058,0.7326;-4.5146,-3.8301,1.0680;-2.3688,-3.6544,0.8846;-2.1785,-4.6343,1.3296;-1.2777,-2.8674,0.4620;-1.5438,-1.6037,-0.1168;-0.7112,-0.9895,-0.4563;</g>
	</geometry>
	<conformers/>
	<properties/>
</molecule>
