<?xml version="1.0" ?>
<!--MOLLI PACKAGE EXPERIMENTAL XML FORMAT-->
<molecule name="react_67">
	<atoms>
		<a id="1" s="H" t="H" l="H"/>
		<a id="2" s="C" t="C.2" l="C"/>
		<a id="3" s="C" t="C.2" l="C"/>
		<a id="4" s="H" t="H" l="H"/>
		<a id="5" s="C" t="C.3" l="C"/>
		<a id="6" s="H" t="H" l="H"/>
		<a id="7" s="H" t="H" l="H"/>
		<a id="8" s="C" t="C.ar" l="C"/>
		<a id="9" s="C" t="C.ar" l="C"/>
		<a id="10" s="H" t="H" l="H"/>
		<a id="11" s="C" t="C.ar" l="C"/>
		<a id="12" s="H" t="H" l="H"/>
		<a id="13" s="C" t="C.ar" l="C"/>
		<a id="14" s="H" t="H" l="H"/>
		<a id="15" s="C" t="C.ar" l="C"/>
		<a id="16" s="H" t="H" l="H"/>
		<a id="17" s="C" t="C.ar" l="C"/>
	</atoms>
	<bonds>
		<b id="1" c="7 5" t="1"/>
		<b id="2" c="14 13" t="1"/>
		<b id="3" c="16 15" t="1"/>
		<b id="4" c="13 15" t="ar"/>
		<b id="5" c="13 11" t="ar"/>
		<b id="6" c="15 17" t="ar"/>
		<b id="7" c="1 2" t="1"/>
		<b id="8" c="12 11" t="1"/>
		<b id="9" c="11 9" t="ar"/>
		<b id="10" c="17 2" t="1"/>
		<b id="11" c="17 8" t="ar"/>
		<b id="12" c="2 3" t="2"/>
		<b id="13" c="9 8" t="ar"/>
		<b id="14" c="9 10" t="1"/>
		<b id="15" c="8 5" t="1"/>
		<b id="16" c="3 4" t="1"/>
		<b id="17" c="3 5" t="1"/>
		<b id="18" c="5 6" t="1"/>
	</bonds>
	<geometry>
		<g u="A" t="cart/3d">#17,3:1.6102,2.4779,-0.0507;1.4229,1.4026,-0.0126;2.3631,0.4347,0.0569;3.4430,0.5915,0.0847;1.7201,-0.9315,0.0923;1.9897,-1.4915,1.0078;2.0455,-1.5635,-0.7558;0.2439,-0.6115,0.0326;-0.8689,-1.4476,0.0319;-0.7549,-2.5348,0.0801;-2.1485,-0.8746,-0.0319;-3.0317,-1.5191,-0.0330;-2.3051,0.5166,-0.0939;-3.3101,0.9450,-0.1431;-1.1898,1.3631,-0.0935;-1.3167,2.4484,-0.1419;0.0871,0.7941,-0.0299;</g>
	</geometry>
	<conformers/>
	<properties/>
</molecule>
