<?xml version="1.0" ?>
<!--MOLLI PACKAGE EXPERIMENTAL XML FORMAT-->
<molecule name="react_70">
	<atoms>
		<a id="1" s="H" t="H" l="H"/>
		<a id="2" s="C" t="C.2" l="C"/>
		<a id="3" s="C" t="C.2" l="C"/>
		<a id="4" s="H" t="H" l="H"/>
		<a id="5" s="C" t="C.3" l="C"/>
		<a id="6" s="H" t="H" l="H"/>
		<a id="7" s="H" t="H" l="H"/>
		<a id="8" s="C" t="C.3" l="C"/>
		<a id="9" s="H" t="H" l="H"/>
		<a id="10" s="H" t="H" l="H"/>
		<a id="11" s="C" t="C.ar" l="C"/>
		<a id="12" s="C" t="C.ar" l="C"/>
		<a id="13" s="H" t="H" l="H"/>
		<a id="14" s="C" t="C.ar" l="C"/>
		<a id="15" s="H" t="H" l="H"/>
		<a id="16" s="C" t="C.ar" l="C"/>
		<a id="17" s="H" t="H" l="H"/>
		<a id="18" s="C" t="C.ar" l="C"/>
		<a id="19" s="H" t="H" l="H"/>
		<a id="20" s="C" t="C.ar" l="C"/>
	</atoms>
	<bonds>
		<b id="1" c="6 5" t="1"/>
		<b id="2" c="15 14" t="1"/>
		<b id="3" c="17 16" t="1"/>
		<b id="4" c="14 16" t="ar"/>
		<b id="5" c="14 12" t="ar"/>
		<b id="6" c="13 12" t="1"/>
		<b id="7" c="16 18" t="ar"/>
		<b id="8" c="12 11" t="ar"/>
		<b id="9" c="5 7" t="1"/>
		<b id="10" c="5 3" t="1"/>
		<b id="11" c="5 8" t="1"/>
		<b id="12" c="9 8" t="1"/>
		<b id="13" c="18 19" t="1"/>
		<b id="14" c="18 20" t="ar"/>
		<b id="15" c="11 20" t="ar"/>
		<b id="16" c="11 8" t="1"/>
		<b id="17" c="20 2" t="1"/>
		<b id="18" c="3 4" t="1"/>
		<b id="19" c="3 2" t="2"/>
		<b id="20" c="8 10" t="1"/>
		<b id="21" c="2 1" t="1"/>
	</bonds>
	<geometry>
		<g u="A" t="cart/3d">#20,3:-0.6746,2.6689,0.6022;-0.8481,1.6161,0.3574;-2.1006,1.1490,0.2031;-2.9568,1.8219,0.3163;-2.3532,-0.2837,-0.1965;-2.4361,-0.3360,-1.3016;-3.3249,-0.6305,0.1919;-1.2316,-1.2090,0.2950;-1.3245,-2.2101,-0.1557;-1.3491,-1.3487,1.3880;0.1508,-0.6407,0.0453;1.2607,-1.4533,-0.2014;1.1253,-2.5370,-0.2752;2.5400,-0.9021,-0.3487;3.3956,-1.5544,-0.5435;2.7184,0.4798,-0.2428;3.7147,0.9164,-0.3524;1.6167,1.3038,0.0011;1.7496,2.3873,0.0780;0.3280,0.7622,0.1393;</g>
	</geometry>
	<conformers/>
	<properties/>
</molecule>
