<?xml version="1.0" ?>
<!--MOLLI PACKAGE EXPERIMENTAL XML FORMAT-->
<molecule name="react_89">
	<atoms>
		<a id="1" s="H" t="H" l="H"/>
		<a id="2" s="C" t="C.2" l="C"/>
		<a id="3" s="C" t="C.2" l="C"/>
		<a id="4" s="C" t="C.3" l="C"/>
		<a id="5" s="H" t="H" l="H"/>
		<a id="6" s="H" t="H" l="H"/>
		<a id="7" s="O" t="O.3" l="O"/>
		<a id="8" s="C" t="C.2" l="C"/>
		<a id="9" s="O" t="O.2" l="O"/>
		<a id="10" s="C" t="C.3" l="C"/>
		<a id="11" s="C" t="C.3" l="C"/>
		<a id="12" s="H" t="H" l="H"/>
		<a id="13" s="H" t="H" l="H"/>
		<a id="14" s="H" t="H" l="H"/>
		<a id="15" s="C" t="C.3" l="C"/>
		<a id="16" s="H" t="H" l="H"/>
		<a id="17" s="H" t="H" l="H"/>
		<a id="18" s="H" t="H" l="H"/>
		<a id="19" s="C" t="C.3" l="C"/>
		<a id="20" s="H" t="H" l="H"/>
		<a id="21" s="H" t="H" l="H"/>
		<a id="22" s="H" t="H" l="H"/>
		<a id="23" s="C" t="C.3" l="C"/>
		<a id="24" s="H" t="H" l="H"/>
		<a id="25" s="H" t="H" l="H"/>
		<a id="26" s="C" t="C.3" l="C"/>
		<a id="27" s="H" t="H" l="H"/>
		<a id="28" s="H" t="H" l="H"/>
		<a id="29" s="C" t="C.3" l="C"/>
		<a id="30" s="O" t="O.3" l="O"/>
		<a id="31" s="C" t="C.3" l="C"/>
		<a id="32" s="H" t="H" l="H"/>
		<a id="33" s="H" t="H" l="H"/>
		<a id="34" s="H" t="H" l="H"/>
		<a id="35" s="O" t="O.3" l="O"/>
		<a id="36" s="C" t="C.3" l="C"/>
		<a id="37" s="H" t="H" l="H"/>
		<a id="38" s="H" t="H" l="H"/>
		<a id="39" s="H" t="H" l="H"/>
		<a id="40" s="C" t="C.3" l="C"/>
		<a id="41" s="H" t="H" l="H"/>
		<a id="42" s="H" t="H" l="H"/>
	</atoms>
	<bonds>
		<b id="1" c="17 15" t="1"/>
		<b id="2" c="18 15" t="1"/>
		<b id="3" c="37 36" t="1"/>
		<b id="4" c="15 16" t="1"/>
		<b id="5" c="15 10" t="1"/>
		<b id="6" c="21 19" t="1"/>
		<b id="7" c="22 19" t="1"/>
		<b id="8" c="36 35" t="1"/>
		<b id="9" c="36 39" t="1"/>
		<b id="10" c="36 38" t="1"/>
		<b id="11" c="41 40" t="1"/>
		<b id="12" c="35 29" t="1"/>
		<b id="13" c="19 10" t="1"/>
		<b id="14" c="19 20" t="1"/>
		<b id="15" c="10 8" t="1"/>
		<b id="16" c="10 11" t="1"/>
		<b id="17" c="1 2" t="1"/>
		<b id="18" c="12 11" t="1"/>
		<b id="19" c="8 7" t="1"/>
		<b id="20" c="8 9" t="2"/>
		<b id="21" c="40 2" t="1"/>
		<b id="22" c="40 29" t="1"/>
		<b id="23" c="40 42" t="1"/>
		<b id="24" c="7 4" t="1"/>
		<b id="25" c="6 4" t="1"/>
		<b id="26" c="2 3" t="2"/>
		<b id="27" c="29 30" t="1"/>
		<b id="28" c="29 26" t="1"/>
		<b id="29" c="11 14" t="1"/>
		<b id="30" c="11 13" t="1"/>
		<b id="31" c="24 23" t="1"/>
		<b id="32" c="30 31" t="1"/>
		<b id="33" c="3 4" t="1"/>
		<b id="34" c="3 23" t="1"/>
		<b id="35" c="4 5" t="1"/>
		<b id="36" c="23 26" t="1"/>
		<b id="37" c="23 25" t="1"/>
		<b id="38" c="26 28" t="1"/>
		<b id="39" c="26 27" t="1"/>
		<b id="40" c="32 31" t="1"/>
		<b id="41" c="31 34" t="1"/>
		<b id="42" c="31 33" t="1"/>
	</bonds>
	<geometry>
		<g u="A" t="cart/3d">#42,3:0.4697,-1.1966,-0.2164;-0.4963,-0.8290,0.1399;-0.5822,0.4238,0.6092;0.5746,1.3825,0.6560;0.7856,1.6915,1.6968;0.3284,2.3141,0.1142;1.7529,0.8050,0.0913;2.8431,1.5990,0.0244;2.8403,2.7403,0.4180;4.0471,0.8734,-0.5926;4.4228,-0.3184,0.3162;5.2996,-0.8423,-0.0980;4.6826,0.0215,1.3321;3.5956,-1.0389,0.3964;3.6677,0.3611,-1.9985;2.8308,-0.3507,-1.9547;3.3767,1.1918,-2.6621;4.5314,-0.1480,-2.4565;5.2203,1.8600,-0.6843;5.4952,2.2470,0.3082;4.9666,2.7257,-1.3147;6.0998,1.3588,-1.1197;-1.8904,0.9993,1.1072;-2.3002,1.6740,0.3327;-1.7115,1.6347,1.9935;-2.9124,-0.0887,1.4515;-2.5870,-0.6111,2.3656;-3.8989,0.3504,1.6702;-3.0245,-1.1122,0.3050;-4.0347,-2.0891,0.5286;-4.1239,-2.7271,1.7771;-4.8613,-3.5369,1.6688;-4.4711,-2.0543,2.5842;-3.1661,-3.1821,2.0970;-3.3558,-0.4898,-0.9114;-4.6261,0.1214,-1.0139;-4.7444,0.4191,-2.0660;-4.7140,1.0305,-0.3886;-5.4357,-0.5752,-0.7428;-1.6620,-1.7796,0.0625;-1.7093,-2.2563,-0.9304;-1.5227,-2.5986,0.7917;</g>
	</geometry>
	<conformers/>
	<properties/>
</molecule>
