<?xml version="1.0" ?>
<!--MOLLI PACKAGE EXPERIMENTAL XML FORMAT-->
<molecule name="react_90">
	<atoms>
		<a id="1" s="H" t="H" l="H"/>
		<a id="2" s="C" t="C.2" l="C"/>
		<a id="3" s="C" t="C.2" l="C"/>
		<a id="4" s="C" t="C.3" l="C"/>
		<a id="5" s="H" t="H" l="H"/>
		<a id="6" s="H" t="H" l="H"/>
		<a id="7" s="O" t="O.3" l="O"/>
		<a id="8" s="C" t="C.3" l="C"/>
		<a id="9" s="H" t="H" l="H"/>
		<a id="10" s="H" t="H" l="H"/>
		<a id="11" s="C" t="C.ar" l="C"/>
		<a id="12" s="C" t="C.ar" l="C"/>
		<a id="13" s="H" t="H" l="H"/>
		<a id="14" s="C" t="C.ar" l="C"/>
		<a id="15" s="H" t="H" l="H"/>
		<a id="16" s="C" t="C.ar" l="C"/>
		<a id="17" s="H" t="H" l="H"/>
		<a id="18" s="C" t="C.ar" l="C"/>
		<a id="19" s="H" t="H" l="H"/>
		<a id="20" s="C" t="C.ar" l="C"/>
		<a id="21" s="H" t="H" l="H"/>
		<a id="22" s="C" t="C.3" l="C"/>
		<a id="23" s="H" t="H" l="H"/>
		<a id="24" s="H" t="H" l="H"/>
		<a id="25" s="C" t="C.3" l="C"/>
		<a id="26" s="H" t="H" l="H"/>
		<a id="27" s="H" t="H" l="H"/>
		<a id="28" s="C" t="C.3" l="C"/>
		<a id="29" s="O" t="O.3" l="O"/>
		<a id="30" s="C" t="C.3" l="C"/>
		<a id="31" s="H" t="H" l="H"/>
		<a id="32" s="H" t="H" l="H"/>
		<a id="33" s="H" t="H" l="H"/>
		<a id="34" s="O" t="O.3" l="O"/>
		<a id="35" s="C" t="C.3" l="C"/>
		<a id="36" s="H" t="H" l="H"/>
		<a id="37" s="H" t="H" l="H"/>
		<a id="38" s="H" t="H" l="H"/>
		<a id="39" s="C" t="C.3" l="C"/>
		<a id="40" s="H" t="H" l="H"/>
		<a id="41" s="H" t="H" l="H"/>
	</atoms>
	<bonds>
		<b id="1" c="26 25" t="1"/>
		<b id="2" c="23 22" t="1"/>
		<b id="3" c="24 22" t="1"/>
		<b id="4" c="22 25" t="1"/>
		<b id="5" c="22 3" t="1"/>
		<b id="6" c="25 27" t="1"/>
		<b id="7" c="25 28" t="1"/>
		<b id="8" c="5 4" t="1"/>
		<b id="9" c="6 4" t="1"/>
		<b id="10" c="29 28" t="1"/>
		<b id="11" c="29 30" t="1"/>
		<b id="12" c="32 30" t="1"/>
		<b id="13" c="17 16" t="1"/>
		<b id="14" c="15 14" t="1"/>
		<b id="15" c="4 3" t="1"/>
		<b id="16" c="4 7" t="1"/>
		<b id="17" c="16 14" t="ar"/>
		<b id="18" c="16 18" t="ar"/>
		<b id="19" c="3 2" t="2"/>
		<b id="20" c="14 12" t="ar"/>
		<b id="21" c="28 34" t="1"/>
		<b id="22" c="28 39" t="1"/>
		<b id="23" c="34 35" t="1"/>
		<b id="24" c="30 31" t="1"/>
		<b id="25" c="30 33" t="1"/>
		<b id="26" c="37 35" t="1"/>
		<b id="27" c="19 18" t="1"/>
		<b id="28" c="18 20" t="ar"/>
		<b id="29" c="12 13" t="1"/>
		<b id="30" c="12 11" t="ar"/>
		<b id="31" c="38 35" t="1"/>
		<b id="32" c="35 36" t="1"/>
		<b id="33" c="20 11" t="ar"/>
		<b id="34" c="20 21" t="1"/>
		<b id="35" c="11 8" t="1"/>
		<b id="36" c="7 8" t="1"/>
		<b id="37" c="2 39" t="1"/>
		<b id="38" c="2 1" t="1"/>
		<b id="39" c="39 41" t="1"/>
		<b id="40" c="39 40" t="1"/>
		<b id="41" c="8 9" t="1"/>
		<b id="42" c="8 10" t="1"/>
	</bonds>
	<geometry>
		<g u="A" t="cart/3d">#41,3:-0.5693,-0.9337,1.7522;-1.0784,-0.5309,0.8711;-0.4219,-0.5201,-0.2989;0.9786,-1.0793,-0.4468;1.5961,-0.3786,-1.0450;0.9294,-2.0159,-1.0333;1.6184,-1.3984,0.7713;2.3039,-0.3241,1.3845;1.6801,0.5898,1.4046;2.4539,-0.6319,2.4346;3.6525,-0.0167,0.7551;4.4521,-1.0520,0.2461;4.0677,-2.0749,0.2663;5.7147,-0.7786,-0.2861;6.3263,-1.5949,-0.6808;6.1989,0.5341,-0.3132;7.1874,0.7473,-0.7292;5.4088,1.5722,0.1892;5.7755,2.6022,0.1643;4.1420,1.2968,0.7147;3.5241,2.1156,1.0974;-1.0675,-0.0268,-1.5743;-1.3226,-0.9000,-2.2021;-0.3422,0.5672,-2.1599;-2.3342,0.7978,-1.3189;-2.9156,0.9285,-2.2444;-2.0582,1.7989,-0.9492;-3.2400,0.1169,-0.2849;-3.5573,-1.1279,-0.8502;-4.4153,-1.9905,-0.1336;-5.3132,-1.4636,0.2284;-4.7249,-2.7793,-0.8352;-3.9085,-2.4752,0.7226;-4.4845,0.7941,-0.1382;-4.5343,2.0717,0.4436;-4.3307,2.0622,1.5319;-3.8389,2.7903,-0.0303;-5.5583,2.4479,0.2968;-2.4862,-0.0217,1.0534;-3.0513,-0.6782,1.7357;-2.4573,0.9601,1.5587;</g>
	</geometry>
	<conformers/>
	<properties/>
</molecule>
