<?xml version="1.0" ?>
<!--MOLLI PACKAGE EXPERIMENTAL XML FORMAT-->
<molecule name="react_91">
	<atoms>
		<a id="1" s="H" t="H" l="H"/>
		<a id="2" s="C" t="C.2" l="C"/>
		<a id="3" s="C" t="C.2" l="C"/>
		<a id="4" s="C" t="C.3" l="C"/>
		<a id="5" s="H" t="H" l="H"/>
		<a id="6" s="H" t="H" l="H"/>
		<a id="7" s="O" t="O.3" l="O"/>
		<a id="8" s="C" t="C.2" l="C"/>
		<a id="9" s="O" t="O.2" l="O"/>
		<a id="10" s="C" t="C.3" l="C"/>
		<a id="11" s="H" t="H" l="H"/>
		<a id="12" s="H" t="H" l="H"/>
		<a id="13" s="H" t="H" l="H"/>
		<a id="14" s="C" t="C.3" l="C"/>
		<a id="15" s="H" t="H" l="H"/>
		<a id="16" s="H" t="H" l="H"/>
		<a id="17" s="C" t="C.3" l="C"/>
		<a id="18" s="H" t="H" l="H"/>
		<a id="19" s="H" t="H" l="H"/>
		<a id="20" s="C" t="C.3" l="C"/>
		<a id="21" s="O" t="O.3" l="O"/>
		<a id="22" s="C" t="C.3" l="C"/>
		<a id="23" s="H" t="H" l="H"/>
		<a id="24" s="H" t="H" l="H"/>
		<a id="25" s="H" t="H" l="H"/>
		<a id="26" s="O" t="O.3" l="O"/>
		<a id="27" s="C" t="C.3" l="C"/>
		<a id="28" s="H" t="H" l="H"/>
		<a id="29" s="H" t="H" l="H"/>
		<a id="30" s="H" t="H" l="H"/>
		<a id="31" s="C" t="C.3" l="C"/>
		<a id="32" s="H" t="H" l="H"/>
		<a id="33" s="H" t="H" l="H"/>
	</atoms>
	<bonds>
		<b id="1" c="25 22" t="1"/>
		<b id="2" c="23 22" t="1"/>
		<b id="3" c="24 22" t="1"/>
		<b id="4" c="22 21" t="1"/>
		<b id="5" c="33 31" t="1"/>
		<b id="6" c="21 20" t="1"/>
		<b id="7" c="11 10" t="1"/>
		<b id="8" c="28 27" t="1"/>
		<b id="9" c="1 2" t="1"/>
		<b id="10" c="31 20" t="1"/>
		<b id="11" c="31 2" t="1"/>
		<b id="12" c="31 32" t="1"/>
		<b id="13" c="29 27" t="1"/>
		<b id="14" c="20 26" t="1"/>
		<b id="15" c="20 17" t="1"/>
		<b id="16" c="26 27" t="1"/>
		<b id="17" c="10 12" t="1"/>
		<b id="18" c="10 13" t="1"/>
		<b id="19" c="10 8" t="1"/>
		<b id="20" c="2 3" t="2"/>
		<b id="21" c="27 30" t="1"/>
		<b id="22" c="7 8" t="1"/>
		<b id="23" c="7 4" t="1"/>
		<b id="24" c="15 14" t="1"/>
		<b id="25" c="5 4" t="1"/>
		<b id="26" c="8 9" t="2"/>
		<b id="27" c="3 4" t="1"/>
		<b id="28" c="3 14" t="1"/>
		<b id="29" c="4 6" t="1"/>
		<b id="30" c="14 17" t="1"/>
		<b id="31" c="14 16" t="1"/>
		<b id="32" c="17 19" t="1"/>
		<b id="33" c="17 18" t="1"/>
	</bonds>
	<geometry>
		<g u="A" t="cart/3d">#33,3:1.4645,1.3489,-0.2404;0.5760,0.8015,0.0851;0.7302,-0.3780,0.7043;2.0685,-1.0135,0.9602;2.1041,-2.0299,0.5251;2.2393,-1.1487,2.0440;3.1264,-0.2265,0.4098;4.3855,-0.6607,0.6303;4.6409,-1.6594,1.2557;5.3960,0.2636,-0.0054;5.2226,0.3201,-1.0914;6.4089,-0.1061,0.1944;5.2795,1.2826,0.3956;-0.4532,-1.1957,1.1717;-0.5878,-2.0509,0.4850;-0.2415,-1.6332,2.1644;-1.7521,-0.3843,1.2294;-1.7412,0.3045,2.0902;-2.6080,-1.0640,1.3548;-1.9399,0.4573,-0.0400;-2.0216,-0.4899,-1.0922;-2.0614,-0.0035,-2.4172;-1.0598,0.2852,-2.7866;-2.7414,0.8605,-2.5188;-2.4350,-0.8236,-3.0490;-3.0952,1.2738,-0.0102;-4.3414,0.6337,0.1738;-4.4432,-0.2606,-0.4650;-5.1190,1.3604,-0.1052;-4.5098,0.3365,1.2257;-0.7630,1.4348,-0.1842;-0.9466,2.2683,0.5164;-0.7813,1.8969,-1.1843;</g>
	</geometry>
	<conformers/>
	<properties/>
</molecule>
