<?xml version="1.0" ?>
<!--MOLLI PACKAGE EXPERIMENTAL XML FORMAT-->
<molecule name="react_92">
	<atoms>
		<a id="1" s="H" t="H" l="H"/>
		<a id="2" s="C" t="C.2" l="C"/>
		<a id="3" s="C" t="C.2" l="C"/>
		<a id="4" s="C" t="C.3" l="C"/>
		<a id="5" s="H" t="H" l="H"/>
		<a id="6" s="H" t="H" l="H"/>
		<a id="7" s="O" t="O.3" l="O"/>
		<a id="8" s="C" t="C.ar" l="C"/>
		<a id="9" s="C" t="C.ar" l="C"/>
		<a id="10" s="H" t="H" l="H"/>
		<a id="11" s="C" t="C.ar" l="C"/>
		<a id="12" s="H" t="H" l="H"/>
		<a id="13" s="C" t="C.ar" l="C"/>
		<a id="14" s="O" t="O.3" l="O"/>
		<a id="15" s="C" t="C.3" l="C"/>
		<a id="16" s="H" t="H" l="H"/>
		<a id="17" s="H" t="H" l="H"/>
		<a id="18" s="H" t="H" l="H"/>
		<a id="19" s="C" t="C.ar" l="C"/>
		<a id="20" s="H" t="H" l="H"/>
		<a id="21" s="C" t="C.ar" l="C"/>
		<a id="22" s="H" t="H" l="H"/>
		<a id="23" s="C" t="C.3" l="C"/>
		<a id="24" s="H" t="H" l="H"/>
		<a id="25" s="H" t="H" l="H"/>
		<a id="26" s="C" t="C.3" l="C"/>
		<a id="27" s="H" t="H" l="H"/>
		<a id="28" s="H" t="H" l="H"/>
		<a id="29" s="C" t="C.3" l="C"/>
		<a id="30" s="O" t="O.3" l="O"/>
		<a id="31" s="C" t="C.3" l="C"/>
		<a id="32" s="H" t="H" l="H"/>
		<a id="33" s="H" t="H" l="H"/>
		<a id="34" s="H" t="H" l="H"/>
		<a id="35" s="O" t="O.3" l="O"/>
		<a id="36" s="C" t="C.3" l="C"/>
		<a id="37" s="H" t="H" l="H"/>
		<a id="38" s="H" t="H" l="H"/>
		<a id="39" s="H" t="H" l="H"/>
		<a id="40" s="C" t="C.3" l="C"/>
		<a id="41" s="H" t="H" l="H"/>
		<a id="42" s="H" t="H" l="H"/>
	</atoms>
	<bonds>
		<b id="1" c="12 11" t="1"/>
		<b id="2" c="38 36" t="1"/>
		<b id="3" c="10 9" t="1"/>
		<b id="4" c="11 9" t="ar"/>
		<b id="5" c="11 13" t="ar"/>
		<b id="6" c="17 15" t="1"/>
		<b id="7" c="41 40" t="1"/>
		<b id="8" c="9 8" t="ar"/>
		<b id="9" c="14 13" t="1"/>
		<b id="10" c="14 15" t="1"/>
		<b id="11" c="32 31" t="1"/>
		<b id="12" c="18 15" t="1"/>
		<b id="13" c="13 19" t="ar"/>
		<b id="14" c="35 36" t="1"/>
		<b id="15" c="35 29" t="1"/>
		<b id="16" c="1 2" t="1"/>
		<b id="17" c="15 16" t="1"/>
		<b id="18" c="36 37" t="1"/>
		<b id="19" c="36 39" t="1"/>
		<b id="20" c="8 7" t="1"/>
		<b id="21" c="8 21" t="ar"/>
		<b id="22" c="5 4" t="1"/>
		<b id="23" c="7 4" t="1"/>
		<b id="24" c="19 21" t="ar"/>
		<b id="25" c="19 20" t="1"/>
		<b id="26" c="2 40" t="1"/>
		<b id="27" c="2 3" t="2"/>
		<b id="28" c="40 29" t="1"/>
		<b id="29" c="40 42" t="1"/>
		<b id="30" c="21 22" t="1"/>
		<b id="31" c="33 31" t="1"/>
		<b id="32" c="31 34" t="1"/>
		<b id="33" c="31 30" t="1"/>
		<b id="34" c="4 3" t="1"/>
		<b id="35" c="4 6" t="1"/>
		<b id="36" c="3 23" t="1"/>
		<b id="37" c="29 30" t="1"/>
		<b id="38" c="29 26" t="1"/>
		<b id="39" c="25 23" t="1"/>
		<b id="40" c="23 26" t="1"/>
		<b id="41" c="23 24" t="1"/>
		<b id="42" c="26 27" t="1"/>
		<b id="43" c="26 28" t="1"/>
	</bonds>
	<geometry>
		<g u="A" t="cart/3d">#42,3:-1.2430,2.6827,-0.6699;-1.6701,1.8303,-0.1285;-0.8474,0.9153,0.4061;0.6471,1.0434,0.2960;0.9216,1.9300,-0.3055;1.0891,1.1731,1.3060;1.1661,-0.1402,-0.2933;2.5151,-0.2960,-0.4057;2.9550,-1.5129,-0.9629;2.2036,-2.2450,-1.2670;4.3088,-1.7712,-1.1199;4.6565,-2.7129,-1.5507;5.2711,-0.8217,-0.7248;6.5747,-1.1712,-0.9177;7.5844,-0.2675,-0.5409;7.5577,-0.0441,0.5424;7.5162,0.6867,-1.0968;8.5440,-0.7473,-0.7792;4.8394,0.3893,-0.1747;5.5545,1.1503,0.1398;3.4675,0.6518,-0.0168;3.1670,1.6082,0.4124;-1.3797,-0.2910,1.1448;-0.7459,-0.4998,2.0248;-1.2692,-1.1734,0.4900;-2.8355,-0.1143,1.5817;-3.2614,-1.0560,1.9606;-2.9026,0.6094,2.4102;-3.7123,0.4233,0.4440;-5.0176,0.5129,0.9807;-6.0188,1.0708,0.1544;-6.0158,0.6256,-0.8558;-5.9185,2.1679,0.0542;-6.9856,0.8579,0.6343;-3.6942,-0.4112,-0.7032;-4.0944,-1.7559,-0.5314;-3.3115,-2.3712,-0.0505;-4.2807,-2.1647,-1.5358;-5.0201,-1.8367,0.0642;-3.1728,1.7804,-0.0388;-3.6072,2.0013,-1.0277;-3.5348,2.5653,0.6506;</g>
	</geometry>
	<conformers/>
	<properties/>
</molecule>
