<?xml version="1.0" ?>
<!--MOLLI PACKAGE EXPERIMENTAL XML FORMAT-->
<molecule name="react_176">
	<atoms>
		<a id="1" s="H" t="H" l="H"/>
		<a id="2" s="C" t="C.2" l="C"/>
		<a id="3" s="C" t="C.2" l="C"/>
		<a id="4" s="H" t="H" l="H"/>
		<a id="5" s="C" t="C.3" l="C"/>
		<a id="6" s="H" t="H" l="H"/>
		<a id="7" s="H" t="H" l="H"/>
		<a id="8" s="C" t="C.2" l="C"/>
		<a id="9" s="O" t="O.2" l="O"/>
		<a id="10" s="O" t="O.3" l="O"/>
		<a id="11" s="C" t="C.3" l="C"/>
		<a id="12" s="H" t="H" l="H"/>
		<a id="13" s="H" t="H" l="H"/>
	</atoms>
	<bonds>
		<b id="1" c="6 5" t="1"/>
		<b id="2" c="4 3" t="1"/>
		<b id="3" c="3 2" t="2"/>
		<b id="4" c="3 5" t="1"/>
		<b id="5" c="1 2" t="1"/>
		<b id="6" c="2 11" t="1"/>
		<b id="7" c="5 7" t="1"/>
		<b id="8" c="5 8" t="1"/>
		<b id="9" c="12 11" t="1"/>
		<b id="10" c="11 10" t="1"/>
		<b id="11" c="11 13" t="1"/>
		<b id="12" c="8 10" t="1"/>
		<b id="13" c="8 9" t="2"/>
	</bonds>
	<geometry>
		<g u="A" t="cart/3d">#13,3:-1.8622,1.4896,-0.5246;-1.0421,0.8068,-0.2802;0.2192,1.0915,-0.6074;0.4627,2.0210,-1.1319;1.3448,0.1606,-0.2740;1.8915,-0.1535,-1.1817;2.1094,0.6583,0.3495;0.9565,-1.1172,0.4593;1.7721,-1.9372,0.7828;-0.3465,-1.3322,0.7509;-1.4232,-0.4490,0.4351;-2.1492,-1.0286,-0.1652;-1.9329,-0.2102,1.3873;</g>
	</geometry>
	<conformers/>
	<properties/>
</molecule>
