<?xml version="1.0" ?>
<!--MOLLI PACKAGE EXPERIMENTAL XML FORMAT-->
<molecule name="react_46">
	<atoms>
		<a id="1" s="H" t="H" l="H"/>
		<a id="2" s="C" t="C.2" l="C"/>
		<a id="3" s="C" t="C.2" l="C"/>
		<a id="4" s="H" t="H" l="H"/>
		<a id="5" s="C" t="C.3" l="C"/>
		<a id="6" s="H" t="H" l="H"/>
		<a id="7" s="H" t="H" l="H"/>
		<a id="8" s="C" t="C.3" l="C"/>
		<a id="9" s="H" t="H" l="H"/>
		<a id="10" s="H" t="H" l="H"/>
		<a id="11" s="C" t="C.3" l="C"/>
		<a id="12" s="H" t="H" l="H"/>
		<a id="13" s="H" t="H" l="H"/>
		<a id="14" s="C" t="C.3" l="C"/>
		<a id="15" s="H" t="H" l="H"/>
		<a id="16" s="H" t="H" l="H"/>
		<a id="17" s="C" t="C.3" l="C"/>
		<a id="18" s="H" t="H" l="H"/>
		<a id="19" s="H" t="H" l="H"/>
		<a id="20" s="C" t="C.3" l="C"/>
		<a id="21" s="H" t="H" l="H"/>
		<a id="22" s="H" t="H" l="H"/>
		<a id="23" s="H" t="H" l="H"/>
		<a id="24" s="C" t="C.3" l="C"/>
		<a id="25" s="H" t="H" l="H"/>
		<a id="26" s="H" t="H" l="H"/>
		<a id="27" s="C" t="C.3" l="C"/>
		<a id="28" s="H" t="H" l="H"/>
		<a id="29" s="H" t="H" l="H"/>
		<a id="30" s="O" t="O.3" l="O"/>
		<a id="31" s="Si" t="Si" l="SI"/>
		<a id="32" s="C" t="C.3" l="C"/>
		<a id="33" s="H" t="H" l="H"/>
		<a id="34" s="H" t="H" l="H"/>
		<a id="35" s="H" t="H" l="H"/>
		<a id="36" s="C" t="C.3" l="C"/>
		<a id="37" s="H" t="H" l="H"/>
		<a id="38" s="H" t="H" l="H"/>
		<a id="39" s="H" t="H" l="H"/>
		<a id="40" s="C" t="C.3" l="C"/>
		<a id="41" s="C" t="C.3" l="C"/>
		<a id="42" s="H" t="H" l="H"/>
		<a id="43" s="H" t="H" l="H"/>
		<a id="44" s="H" t="H" l="H"/>
		<a id="45" s="C" t="C.3" l="C"/>
		<a id="46" s="H" t="H" l="H"/>
		<a id="47" s="H" t="H" l="H"/>
		<a id="48" s="H" t="H" l="H"/>
		<a id="49" s="C" t="C.3" l="C"/>
		<a id="50" s="H" t="H" l="H"/>
		<a id="51" s="H" t="H" l="H"/>
		<a id="52" s="H" t="H" l="H"/>
	</atoms>
	<bonds>
		<b id="1" c="34 32" t="1"/>
		<b id="2" c="22 20" t="1"/>
		<b id="3" c="23 20" t="1"/>
		<b id="4" c="51 49" t="1"/>
		<b id="5" c="33 32" t="1"/>
		<b id="6" c="19 17" t="1"/>
		<b id="7" c="52 49" t="1"/>
		<b id="8" c="32 35" t="1"/>
		<b id="9" c="32 31" t="1"/>
		<b id="10" c="20 17" t="1"/>
		<b id="11" c="20 21" t="1"/>
		<b id="12" c="25 24" t="1"/>
		<b id="13" c="26 24" t="1"/>
		<b id="14" c="49 50" t="1"/>
		<b id="15" c="49 40" t="1"/>
		<b id="16" c="17 18" t="1"/>
		<b id="17" c="17 14" t="1"/>
		<b id="18" c="24 2" t="1"/>
		<b id="19" c="24 27" t="1"/>
		<b id="20" c="15 14" t="1"/>
		<b id="21" c="4 3" t="1"/>
		<b id="22" c="30 31" t="1"/>
		<b id="23" c="30 27" t="1"/>
		<b id="24" c="46 45" t="1"/>
		<b id="25" c="31 40" t="1"/>
		<b id="26" c="31 36" t="1"/>
		<b id="27" c="12 11" t="1"/>
		<b id="28" c="3 2" t="2"/>
		<b id="29" c="3 5" t="1"/>
		<b id="30" c="14 11" t="1"/>
		<b id="31" c="14 16" t="1"/>
		<b id="32" c="2 1" t="1"/>
		<b id="33" c="7 5" t="1"/>
		<b id="34" c="40 45" t="1"/>
		<b id="35" c="40 41" t="1"/>
		<b id="36" c="27 28" t="1"/>
		<b id="37" c="27 29" t="1"/>
		<b id="38" c="45 48" t="1"/>
		<b id="39" c="45 47" t="1"/>
		<b id="40" c="11 13" t="1"/>
		<b id="41" c="11 8" t="1"/>
		<b id="42" c="5 6" t="1"/>
		<b id="43" c="5 8" t="1"/>
		<b id="44" c="42 41" t="1"/>
		<b id="45" c="41 43" t="1"/>
		<b id="46" c="41 44" t="1"/>
		<b id="47" c="39 36" t="1"/>
		<b id="48" c="36 37" t="1"/>
		<b id="49" c="36 38" t="1"/>
		<b id="50" c="8 9" t="1"/>
		<b id="51" c="8 10" t="1"/>
	</bonds>
	<geometry>
		<g u="A" t="cart/3d">#52,3:1.6168,-0.4915,0.6956;1.2930,0.3299,0.0433;2.0202,1.4539,-0.0087;1.6662,2.2577,-0.6703;3.2769,1.7846,0.7596;3.0316,2.6083,1.4583;4.0044,2.2355,0.0593;3.9476,0.6514,1.5503;3.1942,0.1681,2.1967;4.6815,1.1021,2.2424;4.6626,-0.4224,0.7120;3.9654,-0.8395,-0.0356;4.9297,-1.2639,1.3771;5.9336,0.0577,0.0008;5.6929,0.8924,-0.6827;6.6345,0.4748,0.7491;6.6431,-1.0424,-0.7967;6.8902,-1.8807,-0.1192;5.9407,-1.4584,-1.5424;7.9135,-0.5653,-1.5033;8.6542,-0.1811,-0.7813;7.6947,0.2495,-2.2144;8.3936,-1.3802,-2.0693;0.0197,0.0922,-0.7214;-0.1719,0.9175,-1.4274;0.0994,-0.8310,-1.3244;-1.1996,-0.0639,0.1931;-1.3394,0.8702,0.7718;-1.0062,-0.8678,0.9317;-2.3407,-0.3543,-0.5818;-3.8593,-0.9159,-0.1105;-4.4252,-2.0344,-1.5150;-3.7427,-2.8954,-1.6081;-4.4184,-1.5004,-2.4788;-5.4422,-2.4260,-1.3483;-3.7092,-1.9177,1.4857;-4.6836,-2.3507,1.7672;-3.3551,-1.3144,2.3374;-3.0037,-2.7550,1.3505;-5.0404,0.5869,0.1070;-4.5107,1.5145,1.2208;-3.5030,1.8976,0.9910;-5.1738,2.3911,1.3420;-4.4628,1.0067,2.1988;-6.4581,0.1062,0.4798;-6.8884,-0.5574,-0.2890;-6.4743,-0.4382,1.4390;-7.1430,0.9681,0.5845;-5.0972,1.3752,-1.2186;-5.7278,2.2766,-1.1068;-5.5284,0.7753,-2.0372;-4.0950,1.7042,-1.5380;</g>
	</geometry>
	<conformers/>
	<properties/>
</molecule>
