<?xml version="1.0" ?>
<!--MOLLI PACKAGE EXPERIMENTAL XML FORMAT-->
<molecule name="react_177">
	<atoms>
		<a id="1" s="H" t="H" l="H"/>
		<a id="2" s="C" t="C.2" l="C"/>
		<a id="3" s="C" t="C.2" l="C"/>
		<a id="4" s="H" t="H" l="H"/>
		<a id="5" s="C" t="C.3" l="C"/>
		<a id="6" s="H" t="H" l="H"/>
		<a id="7" s="H" t="H" l="H"/>
		<a id="8" s="C" t="C.ar" l="C"/>
		<a id="9" s="C" t="C.ar" l="C"/>
		<a id="10" s="N" t="N.ar" l="N"/>
		<a id="11" s="C" t="C.ar" l="C"/>
		<a id="12" s="Cl" t="Cl" l="CL"/>
		<a id="13" s="C" t="C.ar" l="C"/>
		<a id="14" s="H" t="H" l="H"/>
		<a id="15" s="C" t="C.ar" l="C"/>
		<a id="16" s="C" t="C.3" l="C"/>
		<a id="17" s="H" t="H" l="H"/>
		<a id="18" s="H" t="H" l="H"/>
		<a id="19" s="H" t="H" l="H"/>
	</atoms>
	<bonds>
		<b id="1" c="6 5" t="1"/>
		<b id="2" c="17 16" t="1"/>
		<b id="3" c="5 3" t="1"/>
		<b id="4" c="5 8" t="1"/>
		<b id="5" c="5 7" t="1"/>
		<b id="6" c="4 3" t="1"/>
		<b id="7" c="16 18" t="1"/>
		<b id="8" c="16 15" t="1"/>
		<b id="9" c="16 19" t="1"/>
		<b id="10" c="3 2" t="2"/>
		<b id="11" c="8 15" t="ar"/>
		<b id="12" c="8 9" t="ar"/>
		<b id="13" c="15 13" t="ar"/>
		<b id="14" c="2 9" t="1"/>
		<b id="15" c="2 1" t="1"/>
		<b id="16" c="9 10" t="ar"/>
		<b id="17" c="13 14" t="1"/>
		<b id="18" c="13 11" t="ar"/>
		<b id="19" c="10 11" t="ar"/>
		<b id="20" c="11 12" t="1"/>
	</bonds>
	<geometry>
		<g u="A" t="cart/3d">#19,3:2.6966,2.2605,0.1429;2.1384,1.3272,0.0621;2.6418,0.0836,-0.0942;3.6997,-0.1763,-0.1640;1.5348,-0.9446,-0.1647;1.5595,-1.5074,-1.1176;1.6281,-1.7039,0.6353;0.2912,-0.1065,-0.0230;0.6731,1.2454,0.1102;-0.1820,2.2627,0.2545;-1.4608,1.9373,0.2688;-2.6166,3.2504,0.4552;-1.9633,0.6321,0.1468;-3.0411,0.4639,0.1713;-1.0667,-0.4393,-0.0055;-1.5451,-1.8612,-0.1418;-1.2080,-2.3019,-1.0953;-2.6421,-1.9275,-0.1046;-1.1372,-2.4946,0.6641;</g>
	</geometry>
	<conformers/>
	<properties/>
</molecule>
