<?xml version="1.0" ?>
<!--MOLLI PACKAGE EXPERIMENTAL XML FORMAT-->
<molecule name="react_257">
	<atoms>
		<a id="1" s="H" t="H" l="H"/>
		<a id="2" s="C" t="C.2" l="C"/>
		<a id="3" s="C" t="C.2" l="C"/>
		<a id="4" s="C" t="C.2" l="C"/>
		<a id="5" s="O" t="O.2" l="O"/>
		<a id="6" s="C" t="C.3" l="C"/>
		<a id="7" s="H" t="H" l="H"/>
		<a id="8" s="H" t="H" l="H"/>
		<a id="9" s="H" t="H" l="H"/>
		<a id="10" s="C" t="C.3" l="C"/>
		<a id="11" s="H" t="H" l="H"/>
		<a id="12" s="H" t="H" l="H"/>
		<a id="13" s="C" t="C.3" l="C"/>
		<a id="14" s="H" t="H" l="H"/>
		<a id="15" s="H" t="H" l="H"/>
		<a id="16" s="C" t="C.3" l="C"/>
		<a id="17" s="H" t="H" l="H"/>
		<a id="18" s="H" t="H" l="H"/>
		<a id="19" s="C" t="C.3" l="C"/>
		<a id="20" s="H" t="H" l="H"/>
		<a id="21" s="H" t="H" l="H"/>
	</atoms>
	<bonds>
		<b id="1" c="21 19" t="1"/>
		<b id="2" c="1 2" t="1"/>
		<b id="3" c="7 6" t="1"/>
		<b id="4" c="20 19" t="1"/>
		<b id="5" c="19 2" t="1"/>
		<b id="6" c="19 16" t="1"/>
		<b id="7" c="2 3" t="2"/>
		<b id="8" c="14 13" t="1"/>
		<b id="9" c="18 16" t="1"/>
		<b id="10" c="16 13" t="1"/>
		<b id="11" c="16 17" t="1"/>
		<b id="12" c="6 9" t="1"/>
		<b id="13" c="6 8" t="1"/>
		<b id="14" c="6 4" t="1"/>
		<b id="15" c="3 4" t="1"/>
		<b id="16" c="3 10" t="1"/>
		<b id="17" c="13 15" t="1"/>
		<b id="18" c="13 10" t="1"/>
		<b id="19" c="4 5" t="2"/>
		<b id="20" c="10 11" t="1"/>
		<b id="21" c="10 12" t="1"/>
	</bonds>
	<geometry>
		<g u="A" t="cart/3d">#21,3:0.8494,1.4072,-1.1462;0.1311,0.7545,-0.6398;0.5697,-0.1520,0.2594;2.0164,-0.2733,0.6294;2.3647,-1.1036,1.4504;3.0444,0.6465,-0.0137;3.0486,0.5412,-1.1105;4.0352,0.3843,0.3794;2.8314,1.7032,0.2150;-0.3765,-1.1003,0.9649;0.0965,-2.0933,1.0229;-0.4797,-0.7789,2.0185;-1.7511,-1.1758,0.2908;-1.6733,-1.7749,-0.6351;-2.4634,-1.7051,0.9448;-2.2749,0.2210,-0.0588;-2.3739,0.8139,0.8686;-3.2821,0.1658,-0.5037;-1.3141,0.9373,-1.0164;-1.5437,2.0167,-1.0708;-1.4546,0.5656,-2.0514;</g>
	</geometry>
	<conformers/>
	<properties/>
</molecule>
