<?xml version="1.0" ?>
<!--MOLLI PACKAGE EXPERIMENTAL XML FORMAT-->
<molecule name="react_285">
	<atoms>
		<a id="1" s="H" t="H" l="H"/>
		<a id="2" s="C" t="C.2" l="C"/>
		<a id="3" s="C" t="C.2" l="C"/>
		<a id="4" s="C" t="C.ar" l="C"/>
		<a id="5" s="C" t="C.ar" l="C"/>
		<a id="6" s="H" t="H" l="H"/>
		<a id="7" s="C" t="C.ar" l="C"/>
		<a id="8" s="H" t="H" l="H"/>
		<a id="9" s="C" t="C.ar" l="C"/>
		<a id="10" s="H" t="H" l="H"/>
		<a id="11" s="C" t="C.ar" l="C"/>
		<a id="12" s="H" t="H" l="H"/>
		<a id="13" s="C" t="C.ar" l="C"/>
		<a id="14" s="H" t="H" l="H"/>
		<a id="15" s="C" t="C.3" l="C"/>
		<a id="16" s="H" t="H" l="H"/>
		<a id="17" s="H" t="H" l="H"/>
		<a id="18" s="C" t="C.3" l="C"/>
		<a id="19" s="H" t="H" l="H"/>
		<a id="20" s="H" t="H" l="H"/>
		<a id="21" s="C" t="C.3" l="C"/>
		<a id="22" s="H" t="H" l="H"/>
		<a id="23" s="H" t="H" l="H"/>
	</atoms>
	<bonds>
		<b id="1" c="16 15" t="1"/>
		<b id="2" c="6 5" t="1"/>
		<b id="3" c="20 18" t="1"/>
		<b id="4" c="8 7" t="1"/>
		<b id="5" c="15 17" t="1"/>
		<b id="6" c="15 18" t="1"/>
		<b id="7" c="15 3" t="1"/>
		<b id="8" c="5 7" t="ar"/>
		<b id="9" c="5 4" t="ar"/>
		<b id="10" c="7 9" t="ar"/>
		<b id="11" c="22 21" t="1"/>
		<b id="12" c="18 21" t="1"/>
		<b id="13" c="18 19" t="1"/>
		<b id="14" c="3 4" t="1"/>
		<b id="15" c="3 2" t="2"/>
		<b id="16" c="21 2" t="1"/>
		<b id="17" c="21 23" t="1"/>
		<b id="18" c="4 13" t="ar"/>
		<b id="19" c="9 10" t="1"/>
		<b id="20" c="9 11" t="ar"/>
		<b id="21" c="2 1" t="1"/>
		<b id="22" c="13 11" t="ar"/>
		<b id="23" c="13 14" t="1"/>
		<b id="24" c="11 12" t="1"/>
	</bonds>
	<geometry>
		<g u="A" t="cart/3d">#23,3:-1.2531,-1.7945,1.1984;-1.5390,-0.9643,0.5475;-0.6744,-0.0951,-0.0173;0.7925,-0.0664,0.1397;1.5971,0.6705,-0.7523;1.1307,1.2284,-1.5672;2.9890,0.6918,-0.6243;3.5880,1.2677,-1.3353;3.6130,-0.0159,0.4054;4.7011,0.0028,0.5091;2.8290,-0.7452,1.3083;3.3047,-1.2952,2.1252;1.4414,-0.7675,1.1789;0.8464,-1.3264,1.9048;-1.4215,0.8601,-0.9380;-1.2408,0.5863,-1.9955;-1.0875,1.9057,-0.8297;-2.9033,0.6668,-0.5441;-3.1860,1.4342,0.1952;-3.5921,0.7704,-1.3967;-2.9652,-0.7286,0.1210;-3.2883,-1.5126,-0.5931;-3.6816,-0.7730,0.9601;</g>
	</geometry>
	<conformers/>
	<properties/>
</molecule>
