<?xml version="1.0" ?>
<!--MOLLI PACKAGE EXPERIMENTAL XML FORMAT-->
<molecule name="react_287">
	<atoms>
		<a id="1" s="H" t="H" l="H"/>
		<a id="2" s="C" t="C.2" l="C"/>
		<a id="3" s="C" t="C.2" l="C"/>
		<a id="4" s="C" t="C.ar" l="C"/>
		<a id="5" s="C" t="C.ar" l="C"/>
		<a id="6" s="H" t="H" l="H"/>
		<a id="7" s="C" t="C.ar" l="C"/>
		<a id="8" s="H" t="H" l="H"/>
		<a id="9" s="C" t="C.ar" l="C"/>
		<a id="10" s="H" t="H" l="H"/>
		<a id="11" s="C" t="C.ar" l="C"/>
		<a id="12" s="H" t="H" l="H"/>
		<a id="13" s="C" t="C.ar" l="C"/>
		<a id="14" s="H" t="H" l="H"/>
		<a id="15" s="C" t="C.3" l="C"/>
		<a id="16" s="H" t="H" l="H"/>
		<a id="17" s="H" t="H" l="H"/>
		<a id="18" s="C" t="C.3" l="C"/>
		<a id="19" s="H" t="H" l="H"/>
		<a id="20" s="H" t="H" l="H"/>
		<a id="21" s="C" t="C.3" l="C"/>
		<a id="22" s="H" t="H" l="H"/>
		<a id="23" s="H" t="H" l="H"/>
		<a id="24" s="C" t="C.2" l="C"/>
		<a id="25" s="O" t="O.2" l="O"/>
	</atoms>
	<bonds>
		<b id="1" c="23 21" t="1"/>
		<b id="2" c="17 15" t="1"/>
		<b id="3" c="14 13" t="1"/>
		<b id="4" c="12 11" t="1"/>
		<b id="5" c="13 11" t="ar"/>
		<b id="6" c="13 4" t="ar"/>
		<b id="7" c="11 9" t="ar"/>
		<b id="8" c="21 22" t="1"/>
		<b id="9" c="21 24" t="1"/>
		<b id="10" c="21 18" t="1"/>
		<b id="11" c="15 3" t="1"/>
		<b id="12" c="15 16" t="1"/>
		<b id="13" c="15 18" t="1"/>
		<b id="14" c="20 18" t="1"/>
		<b id="15" c="3 4" t="1"/>
		<b id="16" c="3 2" t="2"/>
		<b id="17" c="24 2" t="1"/>
		<b id="18" c="24 25" t="2"/>
		<b id="19" c="18 19" t="1"/>
		<b id="20" c="4 5" t="ar"/>
		<b id="21" c="2 1" t="1"/>
		<b id="22" c="9 10" t="1"/>
		<b id="23" c="9 7" t="ar"/>
		<b id="24" c="5 7" t="ar"/>
		<b id="25" c="5 6" t="1"/>
		<b id="26" c="7 8" t="1"/>
	</bonds>
	<geometry>
		<g u="A" t="cart/3d">#25,3:0.4165,-2.2714,0.4273;0.9929,-1.3750,0.1853;0.3892,-0.1751,-0.0184;-1.0840,-0.0157,0.0819;-1.8650,-0.8786,0.8795;-1.3770,-1.6594,1.4664;-3.2496,-0.7332,0.9565;-3.8294,-1.4102,1.5895;-3.8947,0.2790,0.2366;-4.9803,0.3925,0.2972;-3.1379,1.1476,-0.5541;-3.6300,1.9421,-1.1214;-1.7498,1.0079,-0.6232;-1.1825,1.6953,-1.2538;1.2224,1.0392,-0.3860;0.7715,1.9439,0.0527;1.1756,1.1834,-1.4834;2.6840,0.9117,0.0563;2.7314,0.9803,1.1576;3.2708,1.7580,-0.3362;3.2893,-0.4192,-0.3924;4.3145,-0.5694,-0.0215;3.3439,-0.4583,-1.4978;2.4459,-1.6080,0.0505;2.9323,-2.7073,0.2508;</g>
	</geometry>
	<conformers/>
	<properties/>
</molecule>
