<?xml version="1.0" ?>
<!--MOLLI PACKAGE EXPERIMENTAL XML FORMAT-->
<molecule name="react_290">
	<atoms>
		<a id="1" s="H" t="H" l="H"/>
		<a id="2" s="C" t="C.2" l="C"/>
		<a id="3" s="C" t="C.2" l="C"/>
		<a id="4" s="C" t="C.2" l="C"/>
		<a id="5" s="O" t="O.2" l="O"/>
		<a id="6" s="O" t="O.3" l="O"/>
		<a id="7" s="C" t="C.3" l="C"/>
		<a id="8" s="H" t="H" l="H"/>
		<a id="9" s="H" t="H" l="H"/>
		<a id="10" s="C" t="C.3" l="C"/>
		<a id="11" s="H" t="H" l="H"/>
		<a id="12" s="H" t="H" l="H"/>
		<a id="13" s="H" t="H" l="H"/>
		<a id="14" s="C" t="C.3" l="C"/>
		<a id="15" s="H" t="H" l="H"/>
		<a id="16" s="H" t="H" l="H"/>
		<a id="17" s="C" t="C.ar" l="C"/>
		<a id="18" s="C" t="C.ar" l="C"/>
		<a id="19" s="H" t="H" l="H"/>
		<a id="20" s="C" t="C.ar" l="C"/>
		<a id="21" s="H" t="H" l="H"/>
		<a id="22" s="C" t="C.ar" l="C"/>
		<a id="23" s="H" t="H" l="H"/>
		<a id="24" s="C" t="C.ar" l="C"/>
		<a id="25" s="H" t="H" l="H"/>
		<a id="26" s="C" t="C.ar" l="C"/>
	</atoms>
	<bonds>
		<b id="1" c="12 10" t="1"/>
		<b id="2" c="19 18" t="1"/>
		<b id="3" c="16 14" t="1"/>
		<b id="4" c="21 20" t="1"/>
		<b id="5" c="10 11" t="1"/>
		<b id="6" c="10 13" t="1"/>
		<b id="7" c="10 7" t="1"/>
		<b id="8" c="18 20" t="ar"/>
		<b id="9" c="18 17" t="ar"/>
		<b id="10" c="20 22" t="ar"/>
		<b id="11" c="14 17" t="1"/>
		<b id="12" c="14 15" t="1"/>
		<b id="13" c="14 3" t="1"/>
		<b id="14" c="9 7" t="1"/>
		<b id="15" c="17 26" t="ar"/>
		<b id="16" c="6 7" t="1"/>
		<b id="17" c="6 4" t="1"/>
		<b id="18" c="7 8" t="1"/>
		<b id="19" c="22 23" t="1"/>
		<b id="20" c="22 24" t="ar"/>
		<b id="21" c="3 4" t="1"/>
		<b id="22" c="3 2" t="2"/>
		<b id="23" c="26 24" t="ar"/>
		<b id="24" c="26 2" t="1"/>
		<b id="25" c="4 5" t="2"/>
		<b id="26" c="24 25" t="1"/>
		<b id="27" c="2 1" t="1"/>
	</bonds>
	<geometry>
		<g u="A" t="cart/3d">#26,3:0.6847,-2.0427,1.7263;0.8098,-1.2000,1.0443;-0.2138,-0.5330,0.4488;-1.6372,-0.8655,0.6510;-2.0548,-1.7497,1.3663;-2.4442,-0.0530,-0.0698;-3.8565,-0.2836,0.0460;-4.1474,-0.2035,1.1067;-4.0780,-1.3179,-0.2663;-4.5729,0.7351,-0.8171;-5.6622,0.5856,-0.7510;-4.2751,0.6379,-1.8731;-4.3451,1.7613,-0.4883;0.3186,0.5756,-0.4318;-0.0650,1.5644,-0.1218;0.0054,0.4477,-1.4837;1.8128,0.4524,-0.2546;2.8573,1.1919,-0.8030;2.6598,2.0217,-1.4878;4.1761,0.8561,-0.4625;5.0059,1.4290,-0.8853;4.4448,-0.2061,0.4135;5.4808,-0.4498,0.6637;3.4016,-0.9535,0.9692;3.6113,-1.7809,1.6525;2.0835,-0.6195,0.6322;</g>
	</geometry>
	<conformers/>
	<properties/>
</molecule>
