<?xml version="1.0" ?>
<!--MOLLI PACKAGE EXPERIMENTAL XML FORMAT-->
<molecule name="react_295">
	<atoms>
		<a id="1" s="H" t="H" l="H"/>
		<a id="2" s="C" t="C.ar" l="C"/>
		<a id="3" s="C" t="C.ar" l="C"/>
		<a id="4" s="H" t="H" l="H"/>
		<a id="5" s="C" t="C.ar" l="C"/>
		<a id="6" s="H" t="H" l="H"/>
		<a id="7" s="C" t="C.ar" l="C"/>
		<a id="8" s="C" t="C.ar" l="C"/>
		<a id="9" s="C" t="C.ar" l="C"/>
		<a id="10" s="H" t="H" l="H"/>
		<a id="11" s="C" t="C.2" l="C"/>
		<a id="12" s="C" t="C.3" l="C"/>
		<a id="13" s="H" t="H" l="H"/>
		<a id="14" s="H" t="H" l="H"/>
		<a id="15" s="H" t="H" l="H"/>
		<a id="16" s="C" t="C.2" l="C"/>
		<a id="17" s="C" t="C.3" l="C"/>
		<a id="18" s="H" t="H" l="H"/>
		<a id="19" s="H" t="H" l="H"/>
		<a id="20" s="H" t="H" l="H"/>
		<a id="21" s="C" t="C.3" l="C"/>
		<a id="22" s="H" t="H" l="H"/>
		<a id="23" s="H" t="H" l="H"/>
		<a id="24" s="C" t="C.3" l="C"/>
		<a id="25" s="H" t="H" l="H"/>
		<a id="26" s="H" t="H" l="H"/>
	</atoms>
	<bonds>
		<b id="1" c="26 24" t="1"/>
		<b id="2" c="13 12" t="1"/>
		<b id="3" c="24 25" t="1"/>
		<b id="4" c="24 7" t="1"/>
		<b id="5" c="24 21" t="1"/>
		<b id="6" c="6 5" t="1"/>
		<b id="7" c="19 17" t="1"/>
		<b id="8" c="5 7" t="ar"/>
		<b id="9" c="5 3" t="ar"/>
		<b id="10" c="7 8" t="ar"/>
		<b id="11" c="22 21" t="1"/>
		<b id="12" c="4 3" t="1"/>
		<b id="13" c="14 12" t="1"/>
		<b id="14" c="3 2" t="ar"/>
		<b id="15" c="8 11" t="1"/>
		<b id="16" c="8 9" t="ar"/>
		<b id="17" c="11 12" t="1"/>
		<b id="18" c="11 16" t="2"/>
		<b id="19" c="12 15" t="1"/>
		<b id="20" c="16 21" t="1"/>
		<b id="21" c="16 17" t="1"/>
		<b id="22" c="21 23" t="1"/>
		<b id="23" c="2 9" t="ar"/>
		<b id="24" c="2 1" t="1"/>
		<b id="25" c="9 10" t="1"/>
		<b id="26" c="17 18" t="1"/>
		<b id="27" c="17 20" t="1"/>
	</bonds>
	<geometry>
		<g u="A" t="cart/3d">#26,3:3.5997,2.1918,0.4712;2.9306,1.3566,0.2464;3.4532,0.1006,-0.0668;4.5345,-0.0600,-0.0909;2.5790,-0.9543,-0.3508;2.9810,-1.9405,-0.6039;1.1937,-0.7725,-0.3212;0.6526,0.4970,0.0032;1.5467,1.5503,0.2761;1.1620,2.5396,0.5296;-0.8234,0.6876,0.0506;-1.3262,2.1126,0.0535;-0.8590,2.6951,-0.7580;-2.4132,2.1789,-0.0774;-1.0774,2.6305,0.9970;-1.6385,-0.3965,0.1386;-3.1355,-0.3574,0.2935;-3.5524,0.6525,0.3957;-3.6323,-0.8461,-0.5649;-3.4372,-0.9338,1.1876;-1.0418,-1.7918,0.1585;-1.7845,-2.5214,-0.2053;-0.8304,-2.0753,1.2100;0.2350,-1.8835,-0.6738;0.7176,-2.8666,-0.5532;-0.0335,-1.7932,-1.7452;</g>
	</geometry>
	<conformers/>
	<properties/>
</molecule>
