<?xml version="1.0" ?>
<!--MOLLI PACKAGE EXPERIMENTAL XML FORMAT-->
<molecule name="react_296">
	<atoms>
		<a id="1" s="H" t="H" l="H"/>
		<a id="2" s="C" t="C.ar" l="C"/>
		<a id="3" s="C" t="C.ar" l="C"/>
		<a id="4" s="H" t="H" l="H"/>
		<a id="5" s="C" t="C.ar" l="C"/>
		<a id="6" s="H" t="H" l="H"/>
		<a id="7" s="C" t="C.ar" l="C"/>
		<a id="8" s="C" t="C.2" l="C"/>
		<a id="9" s="C" t="C.2" l="C"/>
		<a id="10" s="C" t="C.3" l="C"/>
		<a id="11" s="H" t="H" l="H"/>
		<a id="12" s="H" t="H" l="H"/>
		<a id="13" s="H" t="H" l="H"/>
		<a id="14" s="C" t="C.ar" l="C"/>
		<a id="15" s="C" t="C.ar" l="C"/>
		<a id="16" s="H" t="H" l="H"/>
		<a id="17" s="C" t="C.ar" l="C"/>
		<a id="18" s="H" t="H" l="H"/>
		<a id="19" s="C" t="C.ar" l="C"/>
		<a id="20" s="H" t="H" l="H"/>
		<a id="21" s="C" t="C.ar" l="C"/>
		<a id="22" s="H" t="H" l="H"/>
		<a id="23" s="C" t="C.ar" l="C"/>
		<a id="24" s="C" t="C.3" l="C"/>
		<a id="25" s="H" t="H" l="H"/>
		<a id="26" s="H" t="H" l="H"/>
		<a id="27" s="C" t="C.3" l="C"/>
		<a id="28" s="H" t="H" l="H"/>
		<a id="29" s="H" t="H" l="H"/>
		<a id="30" s="C" t="C.ar" l="C"/>
		<a id="31" s="H" t="H" l="H"/>
		<a id="32" s="C" t="C.ar" l="C"/>
		<a id="33" s="H" t="H" l="H"/>
	</atoms>
	<bonds>
		<b id="1" c="26 24" t="1"/>
		<b id="2" c="31 30" t="1"/>
		<b id="3" c="33 32" t="1"/>
		<b id="4" c="25 24" t="1"/>
		<b id="5" c="24 27" t="1"/>
		<b id="6" c="24 23" t="1"/>
		<b id="7" c="28 27" t="1"/>
		<b id="8" c="30 32" t="ar"/>
		<b id="9" c="30 7" t="ar"/>
		<b id="10" c="32 2" t="ar"/>
		<b id="11" c="22 21" t="1"/>
		<b id="12" c="27 8" t="1"/>
		<b id="13" c="27 29" t="1"/>
		<b id="14" c="21 23" t="ar"/>
		<b id="15" c="21 19" t="ar"/>
		<b id="16" c="23 14" t="ar"/>
		<b id="17" c="8 7" t="1"/>
		<b id="18" c="8 9" t="2"/>
		<b id="19" c="7 5" t="ar"/>
		<b id="20" c="2 1" t="1"/>
		<b id="21" c="2 3" t="ar"/>
		<b id="22" c="20 19" t="1"/>
		<b id="23" c="19 17" t="ar"/>
		<b id="24" c="14 9" t="1"/>
		<b id="25" c="14 15" t="ar"/>
		<b id="26" c="9 10" t="1"/>
		<b id="27" c="13 10" t="1"/>
		<b id="28" c="12 10" t="1"/>
		<b id="29" c="10 11" t="1"/>
		<b id="30" c="17 15" t="ar"/>
		<b id="31" c="17 18" t="1"/>
		<b id="32" c="15 16" t="1"/>
		<b id="33" c="5 3" t="ar"/>
		<b id="34" c="5 6" t="1"/>
		<b id="35" c="3 4" t="1"/>
	</bonds>
	<geometry>
		<g u="A" t="cart/3d">#33,3:5.8782,-0.0155,0.1125;4.7875,-0.0666,0.0579;4.0152,0.0933,1.2121;4.5009,0.2642,2.1769;2.6207,0.0292,1.1410;2.0260,0.1406,2.0511;1.9644,-0.1964,-0.0841;0.4788,-0.3011,-0.1645;-0.3747,0.6705,0.2629;0.0926,2.0148,0.7715;-0.0438,2.1139,1.8629;1.1540,2.1888,0.5554;-0.4899,2.8278,0.3072;-1.8406,0.4211,0.2496;-2.7327,1.2138,0.9975;-2.3515,2.0347,1.6074;-4.1074,0.9636,0.9911;-4.7756,1.5905,1.5878;-4.6223,-0.0847,0.2259;-5.6967,-0.2874,0.2152;-3.7508,-0.8753,-0.5307;-4.1484,-1.6943,-1.1383;-2.3737,-0.6362,-0.5296;-1.4225,-1.4402,-1.3818;-1.8632,-2.4164,-1.6401;-1.2628,-0.9026,-2.3375;-0.0738,-1.6168,-0.6887;0.6493,-2.0842,-1.3749;-0.1728,-2.3198,0.1630;2.7597,-0.3688,-1.2344;2.2770,-0.5431,-2.2002;4.1528,-0.2969,-1.1672;4.7464,-0.4207,-2.0772;</g>
	</geometry>
	<conformers/>
	<properties/>
</molecule>
