<?xml version="1.0" ?>
<!--MOLLI PACKAGE EXPERIMENTAL XML FORMAT-->
<molecule name="react_297">
	<atoms>
		<a id="1" s="H" t="H" l="H"/>
		<a id="2" s="C" t="C.ar" l="C"/>
		<a id="3" s="C" t="C.ar" l="C"/>
		<a id="4" s="H" t="H" l="H"/>
		<a id="5" s="C" t="C.ar" l="C"/>
		<a id="6" s="H" t="H" l="H"/>
		<a id="7" s="C" t="C.ar" l="C"/>
		<a id="8" s="C" t="C.2" l="C"/>
		<a id="9" s="C" t="C.2" l="C"/>
		<a id="10" s="C" t="C.3" l="C"/>
		<a id="11" s="H" t="H" l="H"/>
		<a id="12" s="H" t="H" l="H"/>
		<a id="13" s="H" t="H" l="H"/>
		<a id="14" s="C" t="C.ar" l="C"/>
		<a id="15" s="C" t="C.ar" l="C"/>
		<a id="16" s="H" t="H" l="H"/>
		<a id="17" s="C" t="C.ar" l="C"/>
		<a id="18" s="H" t="H" l="H"/>
		<a id="19" s="C" t="C.ar" l="C"/>
		<a id="20" s="H" t="H" l="H"/>
		<a id="21" s="C" t="C.ar" l="C"/>
		<a id="22" s="H" t="H" l="H"/>
		<a id="23" s="C" t="C.ar" l="C"/>
		<a id="24" s="C" t="C.3" l="C"/>
		<a id="25" s="H" t="H" l="H"/>
		<a id="26" s="H" t="H" l="H"/>
		<a id="27" s="C" t="C.ar" l="C"/>
		<a id="28" s="H" t="H" l="H"/>
		<a id="29" s="C" t="C.ar" l="C"/>
		<a id="30" s="H" t="H" l="H"/>
	</atoms>
	<bonds>
		<b id="1" c="11 10" t="1"/>
		<b id="2" c="16 15" t="1"/>
		<b id="3" c="13 10" t="1"/>
		<b id="4" c="10 12" t="1"/>
		<b id="5" c="10 9" t="1"/>
		<b id="6" c="28 27" t="1"/>
		<b id="7" c="18 17" t="1"/>
		<b id="8" c="15 17" t="ar"/>
		<b id="9" c="15 14" t="ar"/>
		<b id="10" c="30 29" t="1"/>
		<b id="11" c="17 19" t="ar"/>
		<b id="12" c="9 14" t="1"/>
		<b id="13" c="9 8" t="2"/>
		<b id="14" c="14 23" t="ar"/>
		<b id="15" c="27 29" t="ar"/>
		<b id="16" c="27 7" t="ar"/>
		<b id="17" c="29 2" t="ar"/>
		<b id="18" c="19 20" t="1"/>
		<b id="19" c="19 21" t="ar"/>
		<b id="20" c="8 7" t="1"/>
		<b id="21" c="8 24" t="1"/>
		<b id="22" c="7 5" t="ar"/>
		<b id="23" c="23 21" t="ar"/>
		<b id="24" c="23 24" t="1"/>
		<b id="25" c="2 1" t="1"/>
		<b id="26" c="2 3" t="ar"/>
		<b id="27" c="21 22" t="1"/>
		<b id="28" c="24 25" t="1"/>
		<b id="29" c="24 26" t="1"/>
		<b id="30" c="5 3" t="ar"/>
		<b id="31" c="5 6" t="1"/>
		<b id="32" c="3 4" t="1"/>
	</bonds>
	<geometry>
		<g u="A" t="cart/3d">#30,3:-5.4726,1.1977,1.0858;-4.4225,0.9538,0.9045;-3.5310,0.8284,1.9750;-3.8815,0.9787,2.9999;-2.1910,0.5136,1.7434;-1.5098,0.4297,2.5935;-1.6979,0.3242,0.4340;-0.2820,-0.0184,0.2064;0.5394,0.3825,-0.8128;0.2554,1.3345,-1.9360;0.1357,0.8035,-2.8978;-0.6544,1.9252,-1.7623;1.0972,2.0353,-2.0672;1.8613,-0.2411,-0.6378;3.0237,-0.1505,-1.4142;3.0495,0.4606,-2.3206;4.1600,-0.8638,-1.0128;5.0743,-0.8057,-1.6100;4.1390,-1.6524,0.1451;5.0358,-2.2027,0.4426;2.9760,-1.7416,0.9261;2.9660,-2.3571,1.8307;1.8441,-1.0360,0.5294;0.4780,-0.9334,1.1542;-0.0177,-1.9170,1.2501;0.5314,-0.5172,2.1773;-2.6173,0.4391,-0.6311;-2.2830,0.2470,-1.6521;-3.9582,0.7532,-0.3992;-4.6482,0.8299,-1.2442;</g>
	</geometry>
	<conformers/>
	<properties/>
</molecule>
