<?xml version="1.0" ?>
<!--MOLLI PACKAGE EXPERIMENTAL XML FORMAT-->
<molecule name="react_327">
	<atoms>
		<a id="1" s="H" t="H" l="H"/>
		<a id="2" s="C" t="C.2" l="C"/>
		<a id="3" s="C" t="C.2" l="C"/>
		<a id="4" s="C" t="C.ar" l="C"/>
		<a id="5" s="C" t="C.ar" l="C"/>
		<a id="6" s="H" t="H" l="H"/>
		<a id="7" s="C" t="C.ar" l="C"/>
		<a id="8" s="H" t="H" l="H"/>
		<a id="9" s="C" t="C.ar" l="C"/>
		<a id="10" s="H" t="H" l="H"/>
		<a id="11" s="C" t="C.ar" l="C"/>
		<a id="12" s="C" t="C.ar" l="C"/>
		<a id="13" s="H" t="H" l="H"/>
		<a id="14" s="C" t="C.ar" l="C"/>
		<a id="15" s="H" t="H" l="H"/>
		<a id="16" s="C" t="C.ar" l="C"/>
		<a id="17" s="H" t="H" l="H"/>
		<a id="18" s="C" t="C.ar" l="C"/>
		<a id="19" s="H" t="H" l="H"/>
		<a id="20" s="C" t="C.ar" l="C"/>
		<a id="21" s="C" t="C.3" l="C"/>
		<a id="22" s="H" t="H" l="H"/>
		<a id="23" s="H" t="H" l="H"/>
		<a id="24" s="C" t="C.3" l="C"/>
		<a id="25" s="H" t="H" l="H"/>
		<a id="26" s="H" t="H" l="H"/>
		<a id="27" s="C" t="C.3" l="C"/>
		<a id="28" s="H" t="H" l="H"/>
		<a id="29" s="H" t="H" l="H"/>
		<a id="30" s="C" t="C.3" l="C"/>
		<a id="31" s="H" t="H" l="H"/>
		<a id="32" s="H" t="H" l="H"/>
	</atoms>
	<bonds>
		<b id="1" c="1 2" t="1"/>
		<b id="2" c="31 30" t="1"/>
		<b id="3" c="8 7" t="1"/>
		<b id="4" c="32 30" t="1"/>
		<b id="5" c="2 30" t="1"/>
		<b id="6" c="2 3" t="2"/>
		<b id="7" c="6 5" t="1"/>
		<b id="8" c="30 27" t="1"/>
		<b id="9" c="7 5" t="ar"/>
		<b id="10" c="7 9" t="ar"/>
		<b id="11" c="5 4" t="ar"/>
		<b id="12" c="10 9" t="1"/>
		<b id="13" c="9 11" t="ar"/>
		<b id="14" c="4 3" t="1"/>
		<b id="15" c="4 20" t="ar"/>
		<b id="16" c="3 21" t="1"/>
		<b id="17" c="11 20" t="ar"/>
		<b id="18" c="11 12" t="ar"/>
		<b id="19" c="20 18" t="ar"/>
		<b id="20" c="13 12" t="1"/>
		<b id="21" c="27 28" t="1"/>
		<b id="22" c="27 29" t="1"/>
		<b id="23" c="27 24" t="1"/>
		<b id="24" c="12 14" t="ar"/>
		<b id="25" c="18 19" t="1"/>
		<b id="26" c="18 16" t="ar"/>
		<b id="27" c="14 16" t="ar"/>
		<b id="28" c="14 15" t="1"/>
		<b id="29" c="16 17" t="1"/>
		<b id="30" c="21 24" t="1"/>
		<b id="31" c="21 23" t="1"/>
		<b id="32" c="21 22" t="1"/>
		<b id="33" c="25 24" t="1"/>
		<b id="34" c="24 26" t="1"/>
	</bonds>
	<geometry>
		<g u="A" t="cart/3d">#32,3:-1.3393,-0.0959,-2.3311;-1.7785,-0.1573,-1.3286;-1.0286,0.2092,-0.2726;0.3468,0.7686,-0.4564;0.5046,2.0399,-0.9874;-0.3853,2.6023,-1.2821;1.7839,2.6299,-1.1394;1.8653,3.6364,-1.5589;2.9143,1.9445,-0.7533;3.9046,2.3965,-0.8591;2.8131,0.6304,-0.2154;3.9689,-0.1076,0.1691;4.9503,0.3628,0.0572;3.8628,-1.3894,0.6660;4.7596,-1.9430,0.9573;2.5884,-1.9973,0.7886;2.5105,-3.0206,1.1659;1.4485,-1.3086,0.4267;0.4737,-1.7949,0.5013;1.5169,0.0254,-0.0704;-1.5689,0.1412,1.1476;-0.7808,-0.2175,1.8310;-1.7885,1.1738,1.4825;-2.8247,-0.7308,1.2666;-2.5375,-1.7970,1.2080;-3.2915,-0.5878,2.2555;-3.8210,-0.4161,0.1460;-4.1221,0.6450,0.2206;-4.7420,-1.0112,0.2616;-3.1940,-0.6694,-1.2313;-3.8085,-0.2076,-2.0250;-3.2012,-1.7542,-1.4587;</g>
	</geometry>
	<conformers/>
	<properties/>
</molecule>
