<?xml version="1.0" ?>
<!--MOLLI PACKAGE EXPERIMENTAL XML FORMAT-->
<molecule name="react_328">
	<atoms>
		<a id="1" s="H" t="H" l="H"/>
		<a id="2" s="C" t="C.2" l="C"/>
		<a id="3" s="C" t="C.2" l="C"/>
		<a id="4" s="C" t="C.ar" l="C"/>
		<a id="5" s="C" t="C.ar" l="C"/>
		<a id="6" s="H" t="H" l="H"/>
		<a id="7" s="C" t="C.ar" l="C"/>
		<a id="8" s="C" t="C.ar" l="C"/>
		<a id="9" s="H" t="H" l="H"/>
		<a id="10" s="C" t="C.ar" l="C"/>
		<a id="11" s="H" t="H" l="H"/>
		<a id="12" s="C" t="C.ar" l="C"/>
		<a id="13" s="H" t="H" l="H"/>
		<a id="14" s="C" t="C.ar" l="C"/>
		<a id="15" s="H" t="H" l="H"/>
		<a id="16" s="C" t="C.ar" l="C"/>
		<a id="17" s="C" t="C.ar" l="C"/>
		<a id="18" s="C" t="C.ar" l="C"/>
		<a id="19" s="H" t="H" l="H"/>
		<a id="20" s="C" t="C.ar" l="C"/>
		<a id="21" s="H" t="H" l="H"/>
		<a id="22" s="C" t="C.ar" l="C"/>
		<a id="23" s="H" t="H" l="H"/>
		<a id="24" s="C" t="C.ar" l="C"/>
		<a id="25" s="H" t="H" l="H"/>
		<a id="26" s="C" t="C.ar" l="C"/>
		<a id="27" s="C" t="C.3" l="C"/>
		<a id="28" s="H" t="H" l="H"/>
		<a id="29" s="H" t="H" l="H"/>
		<a id="30" s="C" t="C.3" l="C"/>
		<a id="31" s="H" t="H" l="H"/>
		<a id="32" s="H" t="H" l="H"/>
		<a id="33" s="C" t="C.3" l="C"/>
		<a id="34" s="H" t="H" l="H"/>
		<a id="35" s="H" t="H" l="H"/>
		<a id="36" s="C" t="C.3" l="C"/>
		<a id="37" s="H" t="H" l="H"/>
		<a id="38" s="H" t="H" l="H"/>
	</atoms>
	<bonds>
		<b id="1" c="11 10" t="1"/>
		<b id="2" c="9 8" t="1"/>
		<b id="3" c="37 36" t="1"/>
		<b id="4" c="10 8" t="ar"/>
		<b id="5" c="10 12" t="ar"/>
		<b id="6" c="8 7" t="ar"/>
		<b id="7" c="1 2" t="1"/>
		<b id="8" c="6 5" t="1"/>
		<b id="9" c="38 36" t="1"/>
		<b id="10" c="36 2" t="1"/>
		<b id="11" c="36 33" t="1"/>
		<b id="12" c="2 3" t="2"/>
		<b id="13" c="12 13" t="1"/>
		<b id="14" c="12 14" t="ar"/>
		<b id="15" c="7 5" t="ar"/>
		<b id="16" c="7 16" t="ar"/>
		<b id="17" c="5 4" t="ar"/>
		<b id="18" c="3 4" t="1"/>
		<b id="19" c="3 27" t="1"/>
		<b id="20" c="4 26" t="ar"/>
		<b id="21" c="35 33" t="1"/>
		<b id="22" c="14 16" t="ar"/>
		<b id="23" c="14 15" t="1"/>
		<b id="24" c="32 30" t="1"/>
		<b id="25" c="16 17" t="ar"/>
		<b id="26" c="33 30" t="1"/>
		<b id="27" c="33 34" t="1"/>
		<b id="28" c="30 27" t="1"/>
		<b id="29" c="30 31" t="1"/>
		<b id="30" c="26 17" t="ar"/>
		<b id="31" c="26 24" t="ar"/>
		<b id="32" c="17 18" t="ar"/>
		<b id="33" c="27 29" t="1"/>
		<b id="34" c="27 28" t="1"/>
		<b id="35" c="25 24" t="1"/>
		<b id="36" c="24 22" t="ar"/>
		<b id="37" c="18 19" t="1"/>
		<b id="38" c="18 20" t="ar"/>
		<b id="39" c="22 20" t="ar"/>
		<b id="40" c="22 23" t="1"/>
		<b id="41" c="20 21" t="1"/>
	</bonds>
	<geometry>
		<g u="A" t="cart/3d">#38,3:-1.8394,0.9566,-2.0411;-2.3661,0.4054,-1.2534;-1.6430,-0.1610,-0.2693;-0.1485,-0.0727,-0.2608;0.5745,-0.7979,-1.1705;0.0452,-1.4059,-1.9097;2.0095,-0.8192,-1.1825;2.7145,-1.5895,-2.1417;2.1421,-2.1563,-2.8817;4.0973,-1.6304,-2.1477;4.6287,-2.2279,-2.8932;4.8189,-0.8974,-1.1834;5.9117,-0.9273,-1.1804;4.1500,-0.1369,-0.2372;4.7373,0.4190,0.4949;2.7345,-0.0702,-0.2082;1.9885,0.7323,0.7561;2.6348,1.5330,1.7312;3.7241,1.5421,1.7869;1.9199,2.3202,2.6185;2.4506,2.9273,3.3567;0.5134,2.3478,2.5595;-0.0536,2.9830,3.2453;-0.1484,1.5723,1.6236;-1.2372,1.6114,1.5618;0.5572,0.7393,0.7173;-2.3002,-0.9790,0.8344;-2.2613,-0.4199,1.7880;-1.6962,-1.8860,1.0113;-3.7497,-1.3614,0.5066;-4.2468,-1.7571,1.4080;-3.7523,-2.1795,-0.2368;-4.5230,-0.1676,-0.0614;-4.5312,0.6471,0.6859;-5.5771,-0.4343,-0.2450;-3.8691,0.3363,-1.3543;-4.1423,-0.3258,-2.2003;-4.2676,1.3297,-1.6278;</g>
	</geometry>
	<conformers/>
	<properties/>
</molecule>
