<?xml version="1.0" ?>
<!--MOLLI PACKAGE EXPERIMENTAL XML FORMAT-->
<molecule name="react_58">
	<atoms>
		<a id="1" s="H" t="H" l="H"/>
		<a id="2" s="O" t="O.3" l="O"/>
		<a id="3" s="C" t="C.3" l="C"/>
		<a id="4" s="H" t="H" l="H"/>
		<a id="5" s="H" t="H" l="H"/>
		<a id="6" s="C" t="C.2" l="C"/>
		<a id="7" s="H" t="H" l="H"/>
		<a id="8" s="C" t="C.2" l="C"/>
		<a id="9" s="H" t="H" l="H"/>
		<a id="10" s="C" t="C.3" l="C"/>
		<a id="11" s="H" t="H" l="H"/>
		<a id="12" s="H" t="H" l="H"/>
		<a id="13" s="C" t="C.3" l="C"/>
		<a id="14" s="H" t="H" l="H"/>
		<a id="15" s="H" t="H" l="H"/>
		<a id="16" s="H" t="H" l="H"/>
	</atoms>
	<bonds>
		<b id="1" c="5 3" t="1"/>
		<b id="2" c="4 3" t="1"/>
		<b id="3" c="3 2" t="1"/>
		<b id="4" c="3 6" t="1"/>
		<b id="5" c="2 1" t="1"/>
		<b id="6" c="12 10" t="1"/>
		<b id="7" c="11 10" t="1"/>
		<b id="8" c="6 7" t="1"/>
		<b id="9" c="6 8" t="2"/>
		<b id="10" c="10 8" t="1"/>
		<b id="11" c="10 13" t="1"/>
		<b id="12" c="8 9" t="1"/>
		<b id="13" c="14 13" t="1"/>
		<b id="14" c="13 16" t="1"/>
		<b id="15" c="13 15" t="1"/>
	</bonds>
	<geometry>
		<g u="A" t="cart/3d">#16,3:-2.5354,1.5422,-0.3581;-2.6615,1.1967,-1.2523;-1.5053,0.4449,-1.5839;-0.6208,1.0962,-1.7254;-1.7212,-0.0084,-2.5680;-1.2309,-0.6400,-0.5786;-2.1158,-1.2389,-0.3278;-0.0686,-0.9352,0.0252;-0.0740,-1.7684,0.7417;1.2723,-0.2733,-0.1531;1.9533,-0.9904,-0.6506;1.1972,0.5891,-0.8349;1.9048,0.1626,1.1767;2.9058,0.5955,1.0191;2.0152,-0.6918,1.8657;1.2848,0.9191,1.6850;</g>
	</geometry>
	<conformers/>
	<properties/>
</molecule>
