<?xml version="1.0" ?>
<!--MOLLI PACKAGE EXPERIMENTAL XML FORMAT-->
<molecule name="react_329">
	<atoms>
		<a id="1" s="H" t="H" l="H"/>
		<a id="2" s="C" t="C.2" l="C"/>
		<a id="3" s="C" t="C.2" l="C"/>
		<a id="4" s="C" t="C.ar" l="C"/>
		<a id="5" s="C" t="C.ar" l="C"/>
		<a id="6" s="H" t="H" l="H"/>
		<a id="7" s="C" t="C.ar" l="C"/>
		<a id="8" s="H" t="H" l="H"/>
		<a id="9" s="C" t="C.ar" l="C"/>
		<a id="10" s="H" t="H" l="H"/>
		<a id="11" s="C" t="C.ar" l="C"/>
		<a id="12" s="H" t="H" l="H"/>
		<a id="13" s="C" t="C.ar" l="C"/>
		<a id="14" s="H" t="H" l="H"/>
		<a id="15" s="C" t="C.3" l="C"/>
		<a id="16" s="H" t="H" l="H"/>
		<a id="17" s="H" t="H" l="H"/>
		<a id="18" s="C" t="C.3" l="C"/>
		<a id="19" s="H" t="H" l="H"/>
		<a id="20" s="H" t="H" l="H"/>
		<a id="21" s="C" t="C.3" l="C"/>
		<a id="22" s="H" t="H" l="H"/>
		<a id="23" s="H" t="H" l="H"/>
		<a id="24" s="C" t="C.3" l="C"/>
		<a id="25" s="H" t="H" l="H"/>
		<a id="26" s="H" t="H" l="H"/>
		<a id="27" s="C" t="C.3" l="C"/>
		<a id="28" s="H" t="H" l="H"/>
		<a id="29" s="H" t="H" l="H"/>
	</atoms>
	<bonds>
		<b id="1" c="17 15" t="1"/>
		<b id="2" c="23 21" t="1"/>
		<b id="3" c="16 15" t="1"/>
		<b id="4" c="15 18" t="1"/>
		<b id="5" c="15 3" t="1"/>
		<b id="6" c="25 24" t="1"/>
		<b id="7" c="20 18" t="1"/>
		<b id="8" c="10 9" t="1"/>
		<b id="9" c="9 11" t="ar"/>
		<b id="10" c="9 7" t="ar"/>
		<b id="11" c="8 7" t="1"/>
		<b id="12" c="12 11" t="1"/>
		<b id="13" c="11 13" t="ar"/>
		<b id="14" c="7 5" t="ar"/>
		<b id="15" c="21 18" t="1"/>
		<b id="16" c="21 24" t="1"/>
		<b id="17" c="21 22" t="1"/>
		<b id="18" c="18 19" t="1"/>
		<b id="19" c="13 14" t="1"/>
		<b id="20" c="13 4" t="ar"/>
		<b id="21" c="5 6" t="1"/>
		<b id="22" c="5 4" t="ar"/>
		<b id="23" c="4 3" t="1"/>
		<b id="24" c="3 2" t="2"/>
		<b id="25" c="24 26" t="1"/>
		<b id="26" c="24 27" t="1"/>
		<b id="27" c="2 27" t="1"/>
		<b id="28" c="2 1" t="1"/>
		<b id="29" c="27 29" t="1"/>
		<b id="30" c="27 28" t="1"/>
	</bonds>
	<geometry>
		<g u="A" t="cart/3d">#29,3:0.1644,1.4243,1.8010;-0.5234,0.8479,1.1713;0.0396,0.0376,0.2483;1.5263,0.0577,0.0816;2.2247,1.2796,0.0124;1.6597,2.2145,0.0410;3.6156,1.3143,-0.1165;4.1296,2.2779,-0.1751;4.3468,0.1250,-0.1839;5.4349,0.1500,-0.2877;3.6711,-1.0981,-0.1238;4.2317,-2.0360,-0.1706;2.2804,-1.1302,0.0010;1.7757,-2.0979,0.0623;-0.7375,-0.9149,-0.6531;-0.0730,-1.7513,-0.9193;-0.9486,-0.4151,-1.6188;-2.0317,-1.4899,-0.0567;-1.8247,-1.7934,0.9842;-2.2921,-2.4190,-0.5924;-3.2456,-0.5483,-0.0943;-4.0147,-0.9426,0.5938;-3.7018,-0.5735,-1.1002;-2.9375,0.9129,0.2639;-2.4976,1.4282,-0.6078;-3.8874,1.4351,0.4717;-1.9872,1.0967,1.4563;-2.3236,0.4730,2.3094;-2.0741,2.1349,1.8222;</g>
	</geometry>
	<conformers/>
	<properties/>
</molecule>
