<?xml version="1.0" ?>
<!--MOLLI PACKAGE EXPERIMENTAL XML FORMAT-->
<molecule name="react_330">
	<atoms>
		<a id="1" s="H" t="H" l="H"/>
		<a id="2" s="C" t="C.2" l="C"/>
		<a id="3" s="C" t="C.2" l="C"/>
		<a id="4" s="C" t="C.ar" l="C"/>
		<a id="5" s="C" t="C.ar" l="C"/>
		<a id="6" s="H" t="H" l="H"/>
		<a id="7" s="C" t="C.ar" l="C"/>
		<a id="8" s="H" t="H" l="H"/>
		<a id="9" s="C" t="C.ar" l="C"/>
		<a id="10" s="H" t="H" l="H"/>
		<a id="11" s="C" t="C.ar" l="C"/>
		<a id="12" s="H" t="H" l="H"/>
		<a id="13" s="C" t="C.ar" l="C"/>
		<a id="14" s="H" t="H" l="H"/>
		<a id="15" s="C" t="C.3" l="C"/>
		<a id="16" s="H" t="H" l="H"/>
		<a id="17" s="H" t="H" l="H"/>
		<a id="18" s="C" t="C.3" l="C"/>
		<a id="19" s="H" t="H" l="H"/>
		<a id="20" s="H" t="H" l="H"/>
		<a id="21" s="C" t="C.3" l="C"/>
		<a id="22" s="H" t="H" l="H"/>
		<a id="23" s="H" t="H" l="H"/>
		<a id="24" s="C" t="C.3" l="C"/>
		<a id="25" s="H" t="H" l="H"/>
		<a id="26" s="H" t="H" l="H"/>
		<a id="27" s="C" t="C.3" l="C"/>
		<a id="28" s="H" t="H" l="H"/>
		<a id="29" s="H" t="H" l="H"/>
		<a id="30" s="C" t="C.3" l="C"/>
		<a id="31" s="H" t="H" l="H"/>
		<a id="32" s="H" t="H" l="H"/>
	</atoms>
	<bonds>
		<b id="1" c="31 30" t="1"/>
		<b id="2" c="29 27" t="1"/>
		<b id="3" c="28 27" t="1"/>
		<b id="4" c="16 15" t="1"/>
		<b id="5" c="30 27" t="1"/>
		<b id="6" c="30 32" t="1"/>
		<b id="7" c="30 2" t="1"/>
		<b id="8" c="27 24" t="1"/>
		<b id="9" c="14 13" t="1"/>
		<b id="10" c="2 1" t="1"/>
		<b id="11" c="2 3" t="2"/>
		<b id="12" c="17 15" t="1"/>
		<b id="13" c="15 3" t="1"/>
		<b id="14" c="15 18" t="1"/>
		<b id="15" c="3 4" t="1"/>
		<b id="16" c="13 4" t="ar"/>
		<b id="17" c="13 11" t="ar"/>
		<b id="18" c="23 21" t="1"/>
		<b id="19" c="12 11" t="1"/>
		<b id="20" c="4 5" t="ar"/>
		<b id="21" c="11 9" t="ar"/>
		<b id="22" c="24 26" t="1"/>
		<b id="23" c="24 21" t="1"/>
		<b id="24" c="24 25" t="1"/>
		<b id="25" c="21 18" t="1"/>
		<b id="26" c="21 22" t="1"/>
		<b id="27" c="18 20" t="1"/>
		<b id="28" c="18 19" t="1"/>
		<b id="29" c="5 6" t="1"/>
		<b id="30" c="5 7" t="ar"/>
		<b id="31" c="9 10" t="1"/>
		<b id="32" c="9 7" t="ar"/>
		<b id="33" c="7 8" t="1"/>
	</bonds>
	<geometry>
		<g u="A" t="cart/3d">#32,3:0.4883,-2.1575,-0.7364;-0.1755,-1.2900,-0.8393;0.3558,-0.1026,-0.4785;1.7398,-0.0909,0.0952;2.1220,-1.0148,1.0878;1.3798,-1.7207,1.4687;3.4193,-1.0269,1.6075;3.6844,-1.7508,2.3833;4.3704,-0.1112,1.1492;5.3849,-0.1171,1.5569;4.0087,0.8179,0.1683;4.7448,1.5366,-0.2029;2.7103,0.8311,-0.3459;2.4535,1.5556,-1.1232;-0.3475,1.2453,-0.5581;-0.9348,1.3347,-1.4840;0.4231,2.0268,-0.6230;-1.2407,1.5597,0.6702;-0.8067,1.0702,1.5599;-1.1929,2.6437,0.8737;-2.7223,1.1832,0.5397;-3.2199,1.4487,1.4894;-3.1879,1.8300,-0.2283;-3.0618,-0.2782,0.2067;-2.5665,-0.9505,0.9306;-4.1440,-0.4077,0.3772;-2.7339,-0.7278,-1.2381;-3.6019,-1.2693,-1.6510;-2.6190,0.1542,-1.8886;-1.5287,-1.6683,-1.3882;-1.4079,-1.9191,-2.4613;-1.7935,-2.6346,-0.9175;</g>
	</geometry>
	<conformers/>
	<properties/>
</molecule>
