<?xml version="1.0" ?>
<!--MOLLI PACKAGE EXPERIMENTAL XML FORMAT-->
<molecule name="react_397">
	<atoms>
		<a id="1" s="H" t="H" l="H"/>
		<a id="2" s="C" t="C.2" l="C"/>
		<a id="3" s="C" t="C.2" l="C"/>
		<a id="4" s="C" t="C.2" l="C"/>
		<a id="5" s="O" t="O.2" l="O"/>
		<a id="6" s="O" t="O.3" l="O"/>
		<a id="7" s="C" t="C.3" l="C"/>
		<a id="8" s="H" t="H" l="H"/>
		<a id="9" s="H" t="H" l="H"/>
		<a id="10" s="H" t="H" l="H"/>
		<a id="11" s="C" t="C.3" l="C"/>
		<a id="12" s="H" t="H" l="H"/>
		<a id="13" s="H" t="H" l="H"/>
		<a id="14" s="C" t="C.ar" l="C"/>
		<a id="15" s="C" t="C.ar" l="C"/>
		<a id="16" s="O" t="O.3" l="O"/>
		<a id="17" s="C" t="C.3" l="C"/>
		<a id="18" s="H" t="H" l="H"/>
		<a id="19" s="H" t="H" l="H"/>
		<a id="20" s="H" t="H" l="H"/>
		<a id="21" s="C" t="C.ar" l="C"/>
		<a id="22" s="H" t="H" l="H"/>
		<a id="23" s="C" t="C.ar" l="C"/>
		<a id="24" s="H" t="H" l="H"/>
		<a id="25" s="C" t="C.ar" l="C"/>
		<a id="26" s="H" t="H" l="H"/>
		<a id="27" s="C" t="C.ar" l="C"/>
		<a id="28" s="C" t="C.3" l="C"/>
		<a id="29" s="H" t="H" l="H"/>
		<a id="30" s="H" t="H" l="H"/>
	</atoms>
	<bonds>
		<b id="1" c="20 17" t="1"/>
		<b id="2" c="30 28" t="1"/>
		<b id="3" c="12 11" t="1"/>
		<b id="4" c="24 23" t="1"/>
		<b id="5" c="22 21" t="1"/>
		<b id="6" c="23 21" t="ar"/>
		<b id="7" c="23 25" t="ar"/>
		<b id="8" c="26 25" t="1"/>
		<b id="9" c="21 15" t="ar"/>
		<b id="10" c="25 27" t="ar"/>
		<b id="11" c="17 16" t="1"/>
		<b id="12" c="17 19" t="1"/>
		<b id="13" c="17 18" t="1"/>
		<b id="14" c="15 16" t="1"/>
		<b id="15" c="15 14" t="ar"/>
		<b id="16" c="10 7" t="1"/>
		<b id="17" c="27 14" t="ar"/>
		<b id="18" c="27 28" t="1"/>
		<b id="19" c="14 11" t="1"/>
		<b id="20" c="28 2" t="1"/>
		<b id="21" c="28 29" t="1"/>
		<b id="22" c="11 3" t="1"/>
		<b id="23" c="11 13" t="1"/>
		<b id="24" c="2 1" t="1"/>
		<b id="25" c="2 3" t="2"/>
		<b id="26" c="3 4" t="1"/>
		<b id="27" c="4 6" t="1"/>
		<b id="28" c="4 5" t="2"/>
		<b id="29" c="6 7" t="1"/>
		<b id="30" c="7 8" t="1"/>
		<b id="31" c="7 9" t="1"/>
	</bonds>
	<geometry>
		<g u="A" t="cart/3d">#30,3:2.8032,1.6529,0.2449;1.7875,1.2568,0.1664;1.6006,-0.0721,0.2452;2.7396,-1.0143,0.4370;2.6104,-2.2155,0.5281;3.9435,-0.4050,0.5007;5.0695,-1.2582,0.6847;5.9496,-0.6030,0.7170;4.9843,-1.8277,1.6235;5.1601,-1.9765,-0.1452;0.2445,-0.7184,0.1504;0.2491,-1.4678,-0.6612;0.0636,-1.3297,1.0528;-0.8939,0.2531,-0.0520;-2.2080,-0.2665,-0.1622;-2.3017,-1.6209,-0.0713;-3.5635,-2.2402,-0.1662;-4.2452,-1.9115,0.6396;-3.3904,-3.3206,-0.0671;-4.0470,-2.0434,-1.1406;-3.3042,0.5821,-0.3509;-4.3152,0.1836,-0.4362;-3.0934,1.9648,-0.4313;-3.9484,2.6301,-0.5792;-1.8104,2.4892,-0.3250;-1.6526,3.5698,-0.3890;-0.7053,1.6381,-0.1352;0.6792,2.2430,-0.0247;0.7016,2.9747,0.8072;0.8925,2.8528,-0.9249;</g>
	</geometry>
	<conformers/>
	<properties/>
</molecule>
