<?xml version="1.0" ?>
<!--MOLLI PACKAGE EXPERIMENTAL XML FORMAT-->
<molecule name="react_399">
	<atoms>
		<a id="1" s="H" t="H" l="H"/>
		<a id="2" s="C" t="C.2" l="C"/>
		<a id="3" s="C" t="C.2" l="C"/>
		<a id="4" s="C" t="C.ar" l="C"/>
		<a id="5" s="C" t="C.ar" l="C"/>
		<a id="6" s="H" t="H" l="H"/>
		<a id="7" s="C" t="C.ar" l="C"/>
		<a id="8" s="H" t="H" l="H"/>
		<a id="9" s="C" t="C.ar" l="C"/>
		<a id="10" s="O" t="O.3" l="O"/>
		<a id="11" s="C" t="C.3" l="C"/>
		<a id="12" s="H" t="H" l="H"/>
		<a id="13" s="H" t="H" l="H"/>
		<a id="14" s="H" t="H" l="H"/>
		<a id="15" s="C" t="C.ar" l="C"/>
		<a id="16" s="H" t="H" l="H"/>
		<a id="17" s="C" t="C.ar" l="C"/>
		<a id="18" s="H" t="H" l="H"/>
		<a id="19" s="C" t="C.3" l="C"/>
		<a id="20" s="H" t="H" l="H"/>
		<a id="21" s="H" t="H" l="H"/>
		<a id="22" s="C" t="C.3" l="C"/>
		<a id="23" s="H" t="H" l="H"/>
		<a id="24" s="H" t="H" l="H"/>
		<a id="25" s="C" t="C.3" l="C"/>
		<a id="26" s="H" t="H" l="H"/>
		<a id="27" s="H" t="H" l="H"/>
		<a id="28" s="C" t="C.3" l="C"/>
		<a id="29" s="H" t="H" l="H"/>
		<a id="30" s="H" t="H" l="H"/>
	</atoms>
	<bonds>
		<b id="1" c="24 22" t="1"/>
		<b id="2" c="21 19" t="1"/>
		<b id="3" c="13 11" t="1"/>
		<b id="4" c="23 22" t="1"/>
		<b id="5" c="16 15" t="1"/>
		<b id="6" c="22 19" t="1"/>
		<b id="7" c="22 25" t="1"/>
		<b id="8" c="18 17" t="1"/>
		<b id="9" c="30 28" t="1"/>
		<b id="10" c="15 17" t="ar"/>
		<b id="11" c="15 9" t="ar"/>
		<b id="12" c="17 4" t="ar"/>
		<b id="13" c="19 3" t="1"/>
		<b id="14" c="19 20" t="1"/>
		<b id="15" c="10 9" t="1"/>
		<b id="16" c="10 11" t="1"/>
		<b id="17" c="9 7" t="ar"/>
		<b id="18" c="14 11" t="1"/>
		<b id="19" c="4 3" t="1"/>
		<b id="20" c="4 5" t="ar"/>
		<b id="21" c="11 12" t="1"/>
		<b id="22" c="3 2" t="2"/>
		<b id="23" c="7 5" t="ar"/>
		<b id="24" c="7 8" t="1"/>
		<b id="25" c="5 6" t="1"/>
		<b id="26" c="26 25" t="1"/>
		<b id="27" c="2 28" t="1"/>
		<b id="28" c="2 1" t="1"/>
		<b id="29" c="25 28" t="1"/>
		<b id="30" c="25 27" t="1"/>
		<b id="31" c="28 29" t="1"/>
	</bonds>
	<geometry>
		<g u="A" t="cart/3d">#30,3:-1.4562,-2.1811,0.6478;-1.9426,-1.2293,0.4096;-1.1776,-0.1703,0.0666;0.3060,-0.2614,-0.0072;1.1185,0.8683,0.1904;0.6608,1.8365,0.4037;2.5164,0.8000,0.1480;3.0964,1.7075,0.3198;3.1481,-0.4236,-0.1120;4.4932,-0.6040,-0.1809;5.3456,0.4996,0.0192;5.2211,0.9409,1.0254;5.1812,1.2912,-0.7353;6.3740,0.1251,-0.0783;2.3545,-1.5641,-0.3322;2.8561,-2.5086,-0.5549;0.9694,-1.4788,-0.2828;0.3818,-2.3769,-0.4864;-1.8192,1.1749,-0.2392;-1.6586,1.8582,0.6172;-1.2985,1.6449,-1.0910;-3.3205,1.0739,-0.5342;-3.7651,2.0827,-0.5700;-3.4671,0.6323,-1.5370;-4.0290,0.2041,0.5067;-5.1154,0.1724,0.3198;-3.8959,0.6559,1.5067;-3.4464,-1.2140,0.5072;-3.7629,-1.7611,1.4135;-3.8681,-1.7951,-0.3381;</g>
	</geometry>
	<conformers/>
	<properties/>
</molecule>
