<?xml version="1.0" ?>
<!--MOLLI PACKAGE EXPERIMENTAL XML FORMAT-->
<molecule name="react_400">
	<atoms>
		<a id="1" s="H" t="H" l="H"/>
		<a id="2" s="C" t="C.2" l="C"/>
		<a id="3" s="C" t="C.2" l="C"/>
		<a id="4" s="C" t="C.ar" l="C"/>
		<a id="5" s="C" t="C.ar" l="C"/>
		<a id="6" s="H" t="H" l="H"/>
		<a id="7" s="C" t="C.ar" l="C"/>
		<a id="8" s="H" t="H" l="H"/>
		<a id="9" s="C" t="C.ar" l="C"/>
		<a id="10" s="C" t="C.3" l="C"/>
		<a id="11" s="F" t="F" l="F"/>
		<a id="12" s="F" t="F" l="F"/>
		<a id="13" s="F" t="F" l="F"/>
		<a id="14" s="C" t="C.ar" l="C"/>
		<a id="15" s="H" t="H" l="H"/>
		<a id="16" s="C" t="C.ar" l="C"/>
		<a id="17" s="H" t="H" l="H"/>
		<a id="18" s="C" t="C.3" l="C"/>
		<a id="19" s="H" t="H" l="H"/>
		<a id="20" s="H" t="H" l="H"/>
		<a id="21" s="C" t="C.3" l="C"/>
		<a id="22" s="H" t="H" l="H"/>
		<a id="23" s="H" t="H" l="H"/>
		<a id="24" s="C" t="C.3" l="C"/>
		<a id="25" s="H" t="H" l="H"/>
		<a id="26" s="H" t="H" l="H"/>
		<a id="27" s="C" t="C.3" l="C"/>
		<a id="28" s="H" t="H" l="H"/>
		<a id="29" s="H" t="H" l="H"/>
	</atoms>
	<bonds>
		<b id="1" c="25 24" t="1"/>
		<b id="2" c="12 10" t="1"/>
		<b id="3" c="29 27" t="1"/>
		<b id="4" c="20 18" t="1"/>
		<b id="5" c="15 14" t="1"/>
		<b id="6" c="17 16" t="1"/>
		<b id="7" c="1 2" t="1"/>
		<b id="8" c="14 16" t="ar"/>
		<b id="9" c="14 9" t="ar"/>
		<b id="10" c="16 4" t="ar"/>
		<b id="11" c="24 27" t="1"/>
		<b id="12" c="24 26" t="1"/>
		<b id="13" c="24 21" t="1"/>
		<b id="14" c="27 2" t="1"/>
		<b id="15" c="27 28" t="1"/>
		<b id="16" c="2 3" t="2"/>
		<b id="17" c="10 9" t="1"/>
		<b id="18" c="10 13" t="1"/>
		<b id="19" c="10 11" t="1"/>
		<b id="20" c="9 7" t="ar"/>
		<b id="21" c="4 3" t="1"/>
		<b id="22" c="4 5" t="ar"/>
		<b id="23" c="3 18" t="1"/>
		<b id="24" c="18 21" t="1"/>
		<b id="25" c="18 19" t="1"/>
		<b id="26" c="7 5" t="ar"/>
		<b id="27" c="7 8" t="1"/>
		<b id="28" c="5 6" t="1"/>
		<b id="29" c="21 22" t="1"/>
		<b id="30" c="21 23" t="1"/>
	</bonds>
	<geometry>
		<g u="A" t="cart/3d">#29,3:-1.2612,2.0330,-0.5423;-1.7331,1.0682,-0.3282;-0.9510,-0.0038,-0.0783;0.5336,0.1025,-0.0798;1.1893,1.3037,0.2626;0.6007,2.1684,0.5751;2.5778,1.4055,0.2466;3.0591,2.3440,0.5296;3.3623,0.2995,-0.1059;4.8628,0.4269,-0.1684;5.3293,1.3130,0.7317;5.2793,0.8513,-1.3795;5.4790,-0.7462,0.0642;2.7349,-0.9078,-0.4313;3.3366,-1.7799,-0.6960;1.3426,-1.0035,-0.4112;0.8808,-1.9572,-0.6735;-1.5693,-1.3670,0.1917;-0.9993,-1.8800,0.9851;-1.4598,-2.0027,-0.7083;-3.0508,-1.2830,0.5795;-3.4920,-2.2933,0.5944;-3.1364,-0.8890,1.6087;-3.8204,-0.3678,-0.3761;-3.7512,-0.7742,-1.4016;-4.8927,-0.3451,-0.1208;-3.2387,1.0507,-0.3502;-3.6109,1.5977,0.5397;-3.6012,1.6359,-1.2142;</g>
	</geometry>
	<conformers/>
	<properties/>
</molecule>
