<?xml version="1.0" ?>
<!--MOLLI PACKAGE EXPERIMENTAL XML FORMAT-->
<molecule name="react_415">
	<atoms>
		<a id="1" s="H" t="H" l="H"/>
		<a id="2" s="C" t="C.2" l="C"/>
		<a id="3" s="C" t="C.2" l="C"/>
		<a id="4" s="C" t="C.3" l="C"/>
		<a id="5" s="H" t="H" l="H"/>
		<a id="6" s="H" t="H" l="H"/>
		<a id="7" s="O" t="O.3" l="O"/>
		<a id="8" s="C" t="C.2" l="C"/>
		<a id="9" s="O" t="O.2" l="O"/>
		<a id="10" s="C" t="C.ar" l="C"/>
		<a id="11" s="C" t="C.ar" l="C"/>
		<a id="12" s="H" t="H" l="H"/>
		<a id="13" s="C" t="C.ar" l="C"/>
		<a id="14" s="H" t="H" l="H"/>
		<a id="15" s="C" t="C.ar" l="C"/>
		<a id="16" s="H" t="H" l="H"/>
		<a id="17" s="C" t="C.ar" l="C"/>
		<a id="18" s="H" t="H" l="H"/>
		<a id="19" s="C" t="C.ar" l="C"/>
		<a id="20" s="H" t="H" l="H"/>
		<a id="21" s="C" t="C.3" l="C"/>
		<a id="22" s="H" t="H" l="H"/>
		<a id="23" s="H" t="H" l="H"/>
		<a id="24" s="C" t="C.3" l="C"/>
		<a id="25" s="H" t="H" l="H"/>
		<a id="26" s="H" t="H" l="H"/>
		<a id="27" s="C" t="C.3" l="C"/>
		<a id="28" s="O" t="O.3" l="O"/>
		<a id="29" s="C" t="C.3" l="C"/>
		<a id="30" s="H" t="H" l="H"/>
		<a id="31" s="H" t="H" l="H"/>
		<a id="32" s="H" t="H" l="H"/>
		<a id="33" s="O" t="O.3" l="O"/>
		<a id="34" s="C" t="C.3" l="C"/>
		<a id="35" s="H" t="H" l="H"/>
		<a id="36" s="H" t="H" l="H"/>
		<a id="37" s="H" t="H" l="H"/>
		<a id="38" s="C" t="C.3" l="C"/>
		<a id="39" s="H" t="H" l="H"/>
		<a id="40" s="H" t="H" l="H"/>
	</atoms>
	<bonds>
		<b id="1" c="35 34" t="1"/>
		<b id="2" c="37 34" t="1"/>
		<b id="3" c="36 34" t="1"/>
		<b id="4" c="34 33" t="1"/>
		<b id="5" c="33 27" t="1"/>
		<b id="6" c="14 13" t="1"/>
		<b id="7" c="32 29" t="1"/>
		<b id="8" c="40 38" t="1"/>
		<b id="9" c="13 11" t="ar"/>
		<b id="10" c="13 15" t="ar"/>
		<b id="11" c="30 29" t="1"/>
		<b id="12" c="12 11" t="1"/>
		<b id="13" c="16 15" t="1"/>
		<b id="14" c="29 28" t="1"/>
		<b id="15" c="29 31" t="1"/>
		<b id="16" c="27 28" t="1"/>
		<b id="17" c="27 38" t="1"/>
		<b id="18" c="27 24" t="1"/>
		<b id="19" c="11 10" t="ar"/>
		<b id="20" c="15 17" t="ar"/>
		<b id="21" c="22 21" t="1"/>
		<b id="22" c="38 2" t="1"/>
		<b id="23" c="38 39" t="1"/>
		<b id="24" c="1 2" t="1"/>
		<b id="25" c="2 3" t="2"/>
		<b id="26" c="5 4" t="1"/>
		<b id="27" c="10 19" t="ar"/>
		<b id="28" c="10 8" t="1"/>
		<b id="29" c="17 18" t="1"/>
		<b id="30" c="17 19" t="ar"/>
		<b id="31" c="7 4" t="1"/>
		<b id="32" c="7 8" t="1"/>
		<b id="33" c="3 21" t="1"/>
		<b id="34" c="3 4" t="1"/>
		<b id="35" c="26 24" t="1"/>
		<b id="36" c="21 24" t="1"/>
		<b id="37" c="21 23" t="1"/>
		<b id="38" c="24 25" t="1"/>
		<b id="39" c="19 20" t="1"/>
		<b id="40" c="4 6" t="1"/>
		<b id="41" c="8 9" t="2"/>
	</bonds>
	<geometry>
		<g u="A" t="cart/3d">#40,3:0.1392,1.1492,0.1966;-0.7435,0.5111,0.2917;-0.5882,-0.7630,0.6802;0.7445,-1.3896,0.9823;0.8569,-2.3412,0.4295;0.8200,-1.6561,2.0520;1.8231,-0.5185,0.6368;3.0573,-0.9103,1.0143;3.2639,-1.9250,1.6401;4.1254,0.0386,0.5747;3.8543,1.1716,-0.2093;2.8288,1.3775,-0.5183;4.8953,2.0198,-0.5935;4.6819,2.9005,-1.2049;6.2087,1.7428,-0.1984;7.0217,2.4091,-0.5000;6.4831,0.6129,0.5811;7.5094,0.3953,0.8883;5.4460,-0.2374,0.9654;5.6343,-1.1262,1.5711;-1.7649,-1.7015,0.8310;-1.7647,-2.4081,-0.0186;-1.6412,-2.3182,1.7399;-3.1104,-0.9695,0.8801;-3.2440,-0.4666,1.8521;-3.9299,-1.6944,0.7632;-3.1999,0.1007,-0.2156;-4.4004,0.8481,-0.1808;-5.6160,0.1347,-0.2833;-6.3994,0.8692,-0.5230;-5.8911,-0.3643,0.6647;-5.5816,-0.6243,-1.0840;-3.0917,-0.6186,-1.4327;-2.9994,0.1218,-2.6317;-3.2366,-0.5692,-3.4548;-3.7178,0.9600,-2.6551;-1.9810,0.5186,-2.7999;-2.0803,1.1335,-0.0123;-2.3969,1.7956,0.8127;-2.0150,1.7911,-0.8939;</g>
	</geometry>
	<conformers/>
	<properties/>
</molecule>
