<?xml version="1.0" ?>
<!--MOLLI PACKAGE EXPERIMENTAL XML FORMAT-->
<molecule name="react_417">
	<atoms>
		<a id="1" s="H" t="H" l="H"/>
		<a id="2" s="C" t="C.2" l="C"/>
		<a id="3" s="C" t="C.2" l="C"/>
		<a id="4" s="C" t="C.3" l="C"/>
		<a id="5" s="H" t="H" l="H"/>
		<a id="6" s="H" t="H" l="H"/>
		<a id="7" s="O" t="O.3" l="O"/>
		<a id="8" s="C" t="C.2" l="C"/>
		<a id="9" s="O" t="O.2" l="O"/>
		<a id="10" s="C" t="C.ar" l="C"/>
		<a id="11" s="C" t="C.ar" l="C"/>
		<a id="12" s="H" t="H" l="H"/>
		<a id="13" s="C" t="C.ar" l="C"/>
		<a id="14" s="H" t="H" l="H"/>
		<a id="15" s="C" t="C.ar" l="C"/>
		<a id="16" s="Br" t="Br" l="BR"/>
		<a id="17" s="C" t="C.ar" l="C"/>
		<a id="18" s="H" t="H" l="H"/>
		<a id="19" s="C" t="C.ar" l="C"/>
		<a id="20" s="H" t="H" l="H"/>
		<a id="21" s="C" t="C.3" l="C"/>
		<a id="22" s="H" t="H" l="H"/>
		<a id="23" s="H" t="H" l="H"/>
		<a id="24" s="C" t="C.3" l="C"/>
		<a id="25" s="H" t="H" l="H"/>
		<a id="26" s="H" t="H" l="H"/>
		<a id="27" s="C" t="C.3" l="C"/>
		<a id="28" s="O" t="O.3" l="O"/>
		<a id="29" s="C" t="C.3" l="C"/>
		<a id="30" s="H" t="H" l="H"/>
		<a id="31" s="H" t="H" l="H"/>
		<a id="32" s="H" t="H" l="H"/>
		<a id="33" s="O" t="O.3" l="O"/>
		<a id="34" s="C" t="C.3" l="C"/>
		<a id="35" s="H" t="H" l="H"/>
		<a id="36" s="H" t="H" l="H"/>
		<a id="37" s="H" t="H" l="H"/>
		<a id="38" s="C" t="C.3" l="C"/>
		<a id="39" s="H" t="H" l="H"/>
		<a id="40" s="H" t="H" l="H"/>
	</atoms>
	<bonds>
		<b id="1" c="1 2" t="1"/>
		<b id="2" c="6 4" t="1"/>
		<b id="3" c="9 8" t="2"/>
		<b id="4" c="20 19" t="1"/>
		<b id="5" c="40 38" t="1"/>
		<b id="6" c="2 38" t="1"/>
		<b id="7" c="2 3" t="2"/>
		<b id="8" c="4 5" t="1"/>
		<b id="9" c="4 3" t="1"/>
		<b id="10" c="4 7" t="1"/>
		<b id="11" c="8 7" t="1"/>
		<b id="12" c="8 10" t="1"/>
		<b id="13" c="38 39" t="1"/>
		<b id="14" c="38 27" t="1"/>
		<b id="15" c="19 10" t="ar"/>
		<b id="16" c="19 17" t="ar"/>
		<b id="17" c="3 21" t="1"/>
		<b id="18" c="18 17" t="1"/>
		<b id="19" c="10 11" t="ar"/>
		<b id="20" c="35 34" t="1"/>
		<b id="21" c="17 15" t="ar"/>
		<b id="22" c="36 34" t="1"/>
		<b id="23" c="28 27" t="1"/>
		<b id="24" c="28 29" t="1"/>
		<b id="25" c="27 33" t="1"/>
		<b id="26" c="27 24" t="1"/>
		<b id="27" c="34 33" t="1"/>
		<b id="28" c="34 37" t="1"/>
		<b id="29" c="11 12" t="1"/>
		<b id="30" c="11 13" t="ar"/>
		<b id="31" c="21 23" t="1"/>
		<b id="32" c="21 22" t="1"/>
		<b id="33" c="21 24" t="1"/>
		<b id="34" c="30 29" t="1"/>
		<b id="35" c="15 13" t="ar"/>
		<b id="36" c="15 16" t="1"/>
		<b id="37" c="29 32" t="1"/>
		<b id="38" c="29 31" t="1"/>
		<b id="39" c="13 14" t="1"/>
		<b id="40" c="24 25" t="1"/>
		<b id="41" c="24 26" t="1"/>
	</bonds>
	<geometry>
		<g u="A" t="cart/3d">#40,3:-1.0048,0.3176,-2.6059;-1.2850,0.1154,-1.5662;-0.5333,-0.7261,-0.8399;0.6340,-1.4503,-1.4548;0.5428,-2.5374,-1.2991;0.7118,-1.2373,-2.5291;1.8857,-1.1090,-0.8125;2.5950,-0.0871,-1.3327;2.2579,0.5406,-2.3100;3.8576,0.1672,-0.5722;4.2298,-0.5918,0.5487;3.5786,-1.3961,0.8935;5.4250,-0.3260,1.2182;5.7165,-0.9158,2.0890;6.2514,0.7050,0.7590;7.8895,1.0639,1.6638;5.8957,1.4748,-0.3546;6.5501,2.2773,-0.6993;4.6986,1.2002,-1.0149;4.3966,1.7821,-1.8883;-0.8489,-1.0249,0.6081;0.0885,-1.0563,1.1891;-1.2780,-2.0428,0.6744;-1.8047,0.0005,1.2218;-1.2853,0.9591,1.3800;-2.1657,-0.3227,2.2100;-3.0017,0.2819,0.3044;-3.7344,-0.8933,-0.0119;-4.2808,-1.6230,1.0682;-5.0082,-2.3294,0.6412;-4.7996,-0.9667,1.7881;-3.5168,-2.2064,1.6154;-3.8097,1.2056,1.0037;-4.9446,1.7116,0.3302;-4.6754,2.4361,-0.4608;-5.5485,0.9064,-0.1237;-5.5554,2.2344,1.0811;-2.5078,0.8235,-1.0474;-2.2933,1.9022,-0.9363;-3.3228,0.7371,-1.7849;</g>
	</geometry>
	<conformers/>
	<properties/>
</molecule>
