<?xml version="1.0" ?>
<!--MOLLI PACKAGE EXPERIMENTAL XML FORMAT-->
<molecule name="react_418">
	<atoms>
		<a id="1" s="H" t="H" l="H"/>
		<a id="2" s="C" t="C.2" l="C"/>
		<a id="3" s="C" t="C.2" l="C"/>
		<a id="4" s="C" t="C.3" l="C"/>
		<a id="5" s="H" t="H" l="H"/>
		<a id="6" s="H" t="H" l="H"/>
		<a id="7" s="O" t="O.3" l="O"/>
		<a id="8" s="C" t="C.2" l="C"/>
		<a id="9" s="O" t="O.2" l="O"/>
		<a id="10" s="C" t="C.ar" l="C"/>
		<a id="11" s="C" t="C.ar" l="C"/>
		<a id="12" s="H" t="H" l="H"/>
		<a id="13" s="C" t="C.ar" l="C"/>
		<a id="14" s="H" t="H" l="H"/>
		<a id="15" s="C" t="C.ar" l="C"/>
		<a id="16" s="O" t="O.3" l="O"/>
		<a id="17" s="C" t="C.3" l="C"/>
		<a id="18" s="H" t="H" l="H"/>
		<a id="19" s="H" t="H" l="H"/>
		<a id="20" s="H" t="H" l="H"/>
		<a id="21" s="C" t="C.ar" l="C"/>
		<a id="22" s="H" t="H" l="H"/>
		<a id="23" s="C" t="C.ar" l="C"/>
		<a id="24" s="H" t="H" l="H"/>
		<a id="25" s="C" t="C.3" l="C"/>
		<a id="26" s="H" t="H" l="H"/>
		<a id="27" s="H" t="H" l="H"/>
		<a id="28" s="C" t="C.3" l="C"/>
		<a id="29" s="H" t="H" l="H"/>
		<a id="30" s="H" t="H" l="H"/>
		<a id="31" s="C" t="C.3" l="C"/>
		<a id="32" s="O" t="O.3" l="O"/>
		<a id="33" s="C" t="C.3" l="C"/>
		<a id="34" s="H" t="H" l="H"/>
		<a id="35" s="H" t="H" l="H"/>
		<a id="36" s="H" t="H" l="H"/>
		<a id="37" s="O" t="O.3" l="O"/>
		<a id="38" s="C" t="C.3" l="C"/>
		<a id="39" s="H" t="H" l="H"/>
		<a id="40" s="H" t="H" l="H"/>
		<a id="41" s="H" t="H" l="H"/>
		<a id="42" s="C" t="C.3" l="C"/>
		<a id="43" s="H" t="H" l="H"/>
		<a id="44" s="H" t="H" l="H"/>
	</atoms>
	<bonds>
		<b id="1" c="43 42" t="1"/>
		<b id="2" c="1 2" t="1"/>
		<b id="3" c="35 33" t="1"/>
		<b id="4" c="42 2" t="1"/>
		<b id="5" c="42 44" t="1"/>
		<b id="6" c="42 31" t="1"/>
		<b id="7" c="22 21" t="1"/>
		<b id="8" c="32 33" t="1"/>
		<b id="9" c="32 31" t="1"/>
		<b id="10" c="2 3" t="2"/>
		<b id="11" c="20 17" t="1"/>
		<b id="12" c="5 4" t="1"/>
		<b id="13" c="24 23" t="1"/>
		<b id="14" c="21 23" t="ar"/>
		<b id="15" c="21 15" t="ar"/>
		<b id="16" c="16 15" t="1"/>
		<b id="17" c="16 17" t="1"/>
		<b id="18" c="33 34" t="1"/>
		<b id="19" c="33 36" t="1"/>
		<b id="20" c="23 10" t="ar"/>
		<b id="21" c="18 17" t="1"/>
		<b id="22" c="15 13" t="ar"/>
		<b id="23" c="17 19" t="1"/>
		<b id="24" c="31 37" t="1"/>
		<b id="25" c="31 28" t="1"/>
		<b id="26" c="37 38" t="1"/>
		<b id="27" c="7 4" t="1"/>
		<b id="28" c="7 8" t="1"/>
		<b id="29" c="10 8" t="1"/>
		<b id="30" c="10 11" t="ar"/>
		<b id="31" c="3 4" t="1"/>
		<b id="32" c="3 25" t="1"/>
		<b id="33" c="4 6" t="1"/>
		<b id="34" c="13 11" t="ar"/>
		<b id="35" c="13 14" t="1"/>
		<b id="36" c="8 9" t="2"/>
		<b id="37" c="11 12" t="1"/>
		<b id="38" c="39 38" t="1"/>
		<b id="39" c="40 38" t="1"/>
		<b id="40" c="27 25" t="1"/>
		<b id="41" c="38 41" t="1"/>
		<b id="42" c="25 28" t="1"/>
		<b id="43" c="25 26" t="1"/>
		<b id="44" c="28 29" t="1"/>
		<b id="45" c="28 30" t="1"/>
	</bonds>
	<geometry>
		<g u="A" t="cart/3d">#44,3:-2.0411,-2.8012,-1.6086;-2.3036,-2.0143,-0.8918;-1.3976,-1.6347,0.0234;-0.0422,-2.2763,0.0923;0.0868,-3.0430,-0.6888;0.1273,-2.7674,1.0663;0.9595,-1.2536,-0.0741;2.2343,-1.5965,0.2092;2.5508,-2.7048,0.5827;3.1841,-0.4673,0.0141;4.5383,-0.6805,0.3055;4.8442,-1.6667,0.6614;5.4796,0.3376,0.1494;6.5254,0.1399,0.3856;5.0655,1.6009,-0.3094;5.8917,2.6562,-0.4928;7.2699,2.5186,-0.2191;7.7304,3.4910,-0.4399;7.4544,2.2669,0.8409;7.7396,1.7470,-0.8554;3.7066,1.8207,-0.6088;3.4099,2.8085,-0.9677;2.7794,0.7999,-0.4489;1.7286,0.9733,-0.6851;-1.6972,-0.5445,1.0288;-1.2568,-0.8078,2.0067;-1.1831,0.3791,0.7099;-3.2001,-0.2886,1.1858;-3.6580,-1.1385,1.7175;-3.3873,0.6077,1.7984;-3.8765,-0.1416,-0.1905;-3.2807,0.8761,-0.9551;-3.3824,2.2029,-0.4795;-4.4254,2.4736,-0.2487;-3.0131,2.8528,-1.2863;-2.7591,2.3824,0.4174;-5.2556,0.1975,-0.1004;-6.0875,-0.4942,0.7959;-7.1196,-0.1779,0.5811;-6.0370,-1.5934,0.6689;-5.8712,-0.2611,1.8556;-3.6842,-1.4270,-1.0111;-3.9095,-1.1768,-2.0607;-4.4372,-2.1751,-0.7026;</g>
	</geometry>
	<conformers/>
	<properties/>
</molecule>
