<?xml version="1.0" ?>
<!--MOLLI PACKAGE EXPERIMENTAL XML FORMAT-->
<molecule name="react_419">
	<atoms>
		<a id="1" s="H" t="H" l="H"/>
		<a id="2" s="C" t="C.2" l="C"/>
		<a id="3" s="C" t="C.2" l="C"/>
		<a id="4" s="C" t="C.ar" l="C"/>
		<a id="5" s="C" t="C.ar" l="C"/>
		<a id="6" s="H" t="H" l="H"/>
		<a id="7" s="C" t="C.ar" l="C"/>
		<a id="8" s="H" t="H" l="H"/>
		<a id="9" s="C" t="C.ar" l="C"/>
		<a id="10" s="C" t="C.3" l="C"/>
		<a id="11" s="C" t="C.3" l="C"/>
		<a id="12" s="H" t="H" l="H"/>
		<a id="13" s="H" t="H" l="H"/>
		<a id="14" s="H" t="H" l="H"/>
		<a id="15" s="C" t="C.3" l="C"/>
		<a id="16" s="H" t="H" l="H"/>
		<a id="17" s="H" t="H" l="H"/>
		<a id="18" s="H" t="H" l="H"/>
		<a id="19" s="C" t="C.3" l="C"/>
		<a id="20" s="H" t="H" l="H"/>
		<a id="21" s="H" t="H" l="H"/>
		<a id="22" s="H" t="H" l="H"/>
		<a id="23" s="C" t="C.ar" l="C"/>
		<a id="24" s="H" t="H" l="H"/>
		<a id="25" s="C" t="C.ar" l="C"/>
		<a id="26" s="H" t="H" l="H"/>
		<a id="27" s="C" t="C.3" l="C"/>
		<a id="28" s="H" t="H" l="H"/>
		<a id="29" s="H" t="H" l="H"/>
		<a id="30" s="C" t="C.3" l="C"/>
		<a id="31" s="H" t="H" l="H"/>
		<a id="32" s="H" t="H" l="H"/>
		<a id="33" s="C" t="C.3" l="C"/>
		<a id="34" s="H" t="H" l="H"/>
		<a id="35" s="H" t="H" l="H"/>
		<a id="36" s="C" t="C.3" l="C"/>
		<a id="37" s="H" t="H" l="H"/>
		<a id="38" s="H" t="H" l="H"/>
	</atoms>
	<bonds>
		<b id="1" c="14 11" t="1"/>
		<b id="2" c="22 19" t="1"/>
		<b id="3" c="8 7" t="1"/>
		<b id="4" c="6 5" t="1"/>
		<b id="5" c="13 11" t="1"/>
		<b id="6" c="31 30" t="1"/>
		<b id="7" c="21 19" t="1"/>
		<b id="8" c="11 12" t="1"/>
		<b id="9" c="11 10" t="1"/>
		<b id="10" c="19 20" t="1"/>
		<b id="11" c="19 10" t="1"/>
		<b id="12" c="7 5" t="ar"/>
		<b id="13" c="7 9" t="ar"/>
		<b id="14" c="37 36" t="1"/>
		<b id="15" c="5 4" t="ar"/>
		<b id="16" c="29 27" t="1"/>
		<b id="17" c="10 9" t="1"/>
		<b id="18" c="10 15" t="1"/>
		<b id="19" c="9 23" t="ar"/>
		<b id="20" c="30 32" t="1"/>
		<b id="21" c="30 27" t="1"/>
		<b id="22" c="30 33" t="1"/>
		<b id="23" c="4 3" t="1"/>
		<b id="24" c="4 25" t="ar"/>
		<b id="25" c="1 2" t="1"/>
		<b id="26" c="3 2" t="2"/>
		<b id="27" c="3 27" t="1"/>
		<b id="28" c="2 36" t="1"/>
		<b id="29" c="27 28" t="1"/>
		<b id="30" c="36 33" t="1"/>
		<b id="31" c="36 38" t="1"/>
		<b id="32" c="23 25" t="ar"/>
		<b id="33" c="23 24" t="1"/>
		<b id="34" c="25 26" t="1"/>
		<b id="35" c="34 33" t="1"/>
		<b id="36" c="33 35" t="1"/>
		<b id="37" c="16 15" t="1"/>
		<b id="38" c="15 18" t="1"/>
		<b id="39" c="15 17" t="1"/>
	</bonds>
	<geometry>
		<g u="A" t="cart/3d">#38,3:2.2624,2.3888,0.0990;2.8787,1.4862,0.1692;2.2750,0.2787,0.1422;0.7982,0.1453,0.0125;0.0178,1.0997,-0.6644;0.5064,1.9496,-1.1469;-1.3699,0.9784,-0.7635;-1.9141,1.7520,-1.3066;-2.0586,-0.1083,-0.1990;-3.5878,-0.2771,-0.2898;-3.9174,-1.5801,-1.0559;-3.4977,-2.4673,-0.5568;-5.0090,-1.7216,-1.1269;-3.5104,-1.5488,-2.0794;-4.1837,-0.3546,1.1359;-5.2786,-0.4795,1.0901;-3.7754,-1.2027,1.7069;-3.9693,0.5650,1.7040;-4.2602,0.8962,-1.0265;-4.0781,1.8573,-0.5199;-5.3505,0.7410,-1.0598;-3.9084,0.9857,-2.0665;-1.2757,-1.0720,0.4621;-1.7543,-1.9431,0.9173;0.1106,-0.9556,0.5612;0.6632,-1.7327,1.0940;3.0936,-0.9973,0.2670;2.9661,-1.4155,1.2842;2.6870,-1.7620,-0.4169;4.5862,-0.7823,-0.0108;4.7386,-0.6362,-1.0959;5.1537,-1.6867,0.2655;5.1141,0.4418,0.7411;6.1982,0.5655,0.5812;4.9722,0.2879,1.8264;4.3633,1.7055,0.3047;4.7629,2.0674,-0.6645;4.5509,2.5310,1.0148;</g>
	</geometry>
	<conformers/>
	<properties/>
</molecule>
