<?xml version="1.0" ?>
<!--MOLLI PACKAGE EXPERIMENTAL XML FORMAT-->
<molecule name="react_424">
	<atoms>
		<a id="1" s="H" t="H" l="H"/>
		<a id="2" s="C" t="C.2" l="C"/>
		<a id="3" s="C" t="C.2" l="C"/>
		<a id="4" s="C" t="C.3" l="C"/>
		<a id="5" s="H" t="H" l="H"/>
		<a id="6" s="H" t="H" l="H"/>
		<a id="7" s="P" t="P.3" l="P"/>
		<a id="8" s="O" t="O.2" l="O"/>
		<a id="9" s="C" t="C.ar" l="C"/>
		<a id="10" s="C" t="C.ar" l="C"/>
		<a id="11" s="H" t="H" l="H"/>
		<a id="12" s="C" t="C.ar" l="C"/>
		<a id="13" s="H" t="H" l="H"/>
		<a id="14" s="C" t="C.ar" l="C"/>
		<a id="15" s="H" t="H" l="H"/>
		<a id="16" s="C" t="C.ar" l="C"/>
		<a id="17" s="H" t="H" l="H"/>
		<a id="18" s="C" t="C.ar" l="C"/>
		<a id="19" s="H" t="H" l="H"/>
		<a id="20" s="C" t="C.ar" l="C"/>
		<a id="21" s="C" t="C.ar" l="C"/>
		<a id="22" s="H" t="H" l="H"/>
		<a id="23" s="C" t="C.ar" l="C"/>
		<a id="24" s="H" t="H" l="H"/>
		<a id="25" s="C" t="C.ar" l="C"/>
		<a id="26" s="H" t="H" l="H"/>
		<a id="27" s="C" t="C.ar" l="C"/>
		<a id="28" s="H" t="H" l="H"/>
		<a id="29" s="C" t="C.ar" l="C"/>
		<a id="30" s="H" t="H" l="H"/>
		<a id="31" s="C" t="C.3" l="C"/>
		<a id="32" s="H" t="H" l="H"/>
		<a id="33" s="H" t="H" l="H"/>
		<a id="34" s="C" t="C.3" l="C"/>
		<a id="35" s="H" t="H" l="H"/>
		<a id="36" s="H" t="H" l="H"/>
		<a id="37" s="C" t="C.3" l="C"/>
		<a id="38" s="H" t="H" l="H"/>
		<a id="39" s="H" t="H" l="H"/>
		<a id="40" s="C" t="C.3" l="C"/>
		<a id="41" s="H" t="H" l="H"/>
		<a id="42" s="H" t="H" l="H"/>
	</atoms>
	<bonds>
		<b id="1" c="13 12" t="1"/>
		<b id="2" c="11 10" t="1"/>
		<b id="3" c="22 21" t="1"/>
		<b id="4" c="8 7" t="2"/>
		<b id="5" c="24 23" t="1"/>
		<b id="6" c="12 10" t="ar"/>
		<b id="7" c="12 14" t="ar"/>
		<b id="8" c="10 9" t="ar"/>
		<b id="9" c="32 31" t="1"/>
		<b id="10" c="21 23" t="ar"/>
		<b id="11" c="21 20" t="ar"/>
		<b id="12" c="23 25" t="ar"/>
		<b id="13" c="35 34" t="1"/>
		<b id="14" c="15 14" t="1"/>
		<b id="15" c="7 9" t="1"/>
		<b id="16" c="7 20" t="1"/>
		<b id="17" c="7 4" t="1"/>
		<b id="18" c="14 16" t="ar"/>
		<b id="19" c="9 18" t="ar"/>
		<b id="20" c="33 31" t="1"/>
		<b id="21" c="31 34" t="1"/>
		<b id="22" c="31 3" t="1"/>
		<b id="23" c="38 37" t="1"/>
		<b id="24" c="20 29" t="ar"/>
		<b id="25" c="34 37" t="1"/>
		<b id="26" c="34 36" t="1"/>
		<b id="27" c="25 26" t="1"/>
		<b id="28" c="25 27" t="ar"/>
		<b id="29" c="37 39" t="1"/>
		<b id="30" c="37 40" t="1"/>
		<b id="31" c="16 18" t="ar"/>
		<b id="32" c="16 17" t="1"/>
		<b id="33" c="6 4" t="1"/>
		<b id="34" c="18 19" t="1"/>
		<b id="35" c="4 3" t="1"/>
		<b id="36" c="4 5" t="1"/>
		<b id="37" c="3 2" t="2"/>
		<b id="38" c="29 27" t="ar"/>
		<b id="39" c="29 30" t="1"/>
		<b id="40" c="27 28" t="1"/>
		<b id="41" c="2 40" t="1"/>
		<b id="42" c="2 1" t="1"/>
		<b id="43" c="40 41" t="1"/>
		<b id="44" c="40 42" t="1"/>
	</bonds>
	<geometry>
		<g u="A" t="cart/3d">#42,3:1.4278,-0.6737,2.3391;2.1760,-0.4669,1.5641;1.8993,0.4462,0.6147;0.5629,1.1475,0.5636;0.0137,1.0423,1.5132;0.6856,2.2284,0.3727;-0.5302,0.5593,-0.8153;0.1067,0.6154,-2.1831;-2.0177,1.6352,-0.7347;-2.3208,2.3546,-1.9014;-1.6778,2.2250,-2.7756;-3.4235,3.2139,-1.9317;-3.6540,3.7698,-2.8446;-4.2285,3.3621,-0.7985;-5.0905,4.0344,-0.8223;-3.9314,2.6476,0.3677;-4.5604,2.7602,1.2549;-2.8311,1.7869,0.4006;-2.6193,1.2330,1.3189;-1.0543,-1.1462,-0.3846;-1.0030,-2.0866,-1.4256;-0.6475,-1.7607,-2.4064;-1.3907,-3.4106,-1.1991;-1.3475,-4.1365,-2.0156;-1.8282,-3.8063,0.0683;-2.1295,-4.8423,0.2460;-1.8745,-2.8760,1.1125;-2.2091,-3.1840,2.1069;-1.4873,-1.5521,0.8887;-1.5193,-0.8437,1.7207;2.8968,0.8013,-0.4704;2.5159,0.4190,-1.4346;2.9149,1.8995,-0.5949;4.3097,0.2800,-0.1796;4.9297,0.3525,-1.0885;4.7917,0.9231,0.5800;4.2742,-1.1608,0.3388;3.8093,-1.8089,-0.4259;5.2952,-1.5454,0.4999;3.4624,-1.2499,1.6374;3.2368,-2.3042,1.8792;4.0674,-0.8823,2.4905;</g>
	</geometry>
	<conformers/>
	<properties/>
</molecule>
