<?xml version="1.0" ?>
<!--MOLLI PACKAGE EXPERIMENTAL XML FORMAT-->
<molecule name="react_60">
	<atoms>
		<a id="1" s="H" t="H" l="H"/>
		<a id="2" s="O" t="O.3" l="O"/>
		<a id="3" s="C" t="C.3" l="C"/>
		<a id="4" s="H" t="H" l="H"/>
		<a id="5" s="H" t="H" l="H"/>
		<a id="6" s="C" t="C.3" l="C"/>
		<a id="7" s="H" t="H" l="H"/>
		<a id="8" s="H" t="H" l="H"/>
		<a id="9" s="C" t="C.2" l="C"/>
		<a id="10" s="H" t="H" l="H"/>
		<a id="11" s="C" t="C.2" l="C"/>
		<a id="12" s="H" t="H" l="H"/>
		<a id="13" s="C" t="C.3" l="C"/>
		<a id="14" s="H" t="H" l="H"/>
		<a id="15" s="H" t="H" l="H"/>
		<a id="16" s="C" t="C.3" l="C"/>
		<a id="17" s="H" t="H" l="H"/>
		<a id="18" s="H" t="H" l="H"/>
		<a id="19" s="H" t="H" l="H"/>
	</atoms>
	<bonds>
		<b id="1" c="4 3" t="1"/>
		<b id="2" c="7 6" t="1"/>
		<b id="3" c="8 6" t="1"/>
		<b id="4" c="14 13" t="1"/>
		<b id="5" c="6 3" t="1"/>
		<b id="6" c="6 9" t="1"/>
		<b id="7" c="3 5" t="1"/>
		<b id="8" c="3 2" t="1"/>
		<b id="9" c="17 16" t="1"/>
		<b id="10" c="18 16" t="1"/>
		<b id="11" c="1 2" t="1"/>
		<b id="12" c="16 13" t="1"/>
		<b id="13" c="16 19" t="1"/>
		<b id="14" c="13 15" t="1"/>
		<b id="15" c="13 11" t="1"/>
		<b id="16" c="9 11" t="2"/>
		<b id="17" c="9 10" t="1"/>
		<b id="18" c="11 12" t="1"/>
	</bonds>
	<geometry>
		<g u="A" t="cart/3d">#19,3:3.7058,-1.0660,-0.2466;3.5101,-0.2020,0.1405;2.5286,0.4259,-0.6598;2.8864,0.5718,-1.7002;2.3802,1.4289,-0.2267;1.1918,-0.3311,-0.6862;0.5042,0.1848,-1.3765;1.3783,-1.3289,-1.1353;0.5839,-0.5061,0.6794;1.2853,-0.8761,1.4362;-0.6763,-0.2480,1.0618;-0.9272,-0.4400,2.1142;-1.8227,0.2553,0.2252;-1.4844,0.5152,-0.7910;-2.2005,1.1949,0.6712;-2.9849,-0.7467,0.1387;-3.8286,-0.3306,-0.4359;-2.6682,-1.6823,-0.3506;-3.3616,-1.0098,1.1416;</g>
	</geometry>
	<conformers/>
	<properties/>
</molecule>
