<?xml version="1.0" ?>
<!--MOLLI PACKAGE EXPERIMENTAL XML FORMAT-->
<molecule name="react_426">
	<atoms>
		<a id="1" s="H" t="H" l="H"/>
		<a id="2" s="C" t="C.2" l="C"/>
		<a id="3" s="C" t="C.2" l="C"/>
		<a id="4" s="C" t="C.2" l="C"/>
		<a id="5" s="O" t="O.2" l="O"/>
		<a id="6" s="O" t="O.3" l="O"/>
		<a id="7" s="C" t="C.3" l="C"/>
		<a id="8" s="H" t="H" l="H"/>
		<a id="9" s="H" t="H" l="H"/>
		<a id="10" s="C" t="C.ar" l="C"/>
		<a id="11" s="C" t="C.ar" l="C"/>
		<a id="12" s="H" t="H" l="H"/>
		<a id="13" s="C" t="C.ar" l="C"/>
		<a id="14" s="H" t="H" l="H"/>
		<a id="15" s="C" t="C.ar" l="C"/>
		<a id="16" s="H" t="H" l="H"/>
		<a id="17" s="C" t="C.ar" l="C"/>
		<a id="18" s="H" t="H" l="H"/>
		<a id="19" s="C" t="C.ar" l="C"/>
		<a id="20" s="H" t="H" l="H"/>
		<a id="21" s="C" t="C.3" l="C"/>
		<a id="22" s="H" t="H" l="H"/>
		<a id="23" s="H" t="H" l="H"/>
		<a id="24" s="C" t="C.ar" l="C"/>
		<a id="25" s="C" t="C.ar" l="C"/>
		<a id="26" s="O" t="O.3" l="O"/>
		<a id="27" s="C" t="C.3" l="C"/>
		<a id="28" s="H" t="H" l="H"/>
		<a id="29" s="H" t="H" l="H"/>
		<a id="30" s="H" t="H" l="H"/>
		<a id="31" s="C" t="C.ar" l="C"/>
		<a id="32" s="H" t="H" l="H"/>
		<a id="33" s="C" t="C.ar" l="C"/>
		<a id="34" s="H" t="H" l="H"/>
		<a id="35" s="C" t="C.ar" l="C"/>
		<a id="36" s="H" t="H" l="H"/>
		<a id="37" s="C" t="C.ar" l="C"/>
		<a id="38" s="C" t="C.3" l="C"/>
		<a id="39" s="H" t="H" l="H"/>
		<a id="40" s="H" t="H" l="H"/>
	</atoms>
	<bonds>
		<b id="1" c="9 7" t="1"/>
		<b id="2" c="23 21" t="1"/>
		<b id="3" c="8 7" t="1"/>
		<b id="4" c="30 27" t="1"/>
		<b id="5" c="28 27" t="1"/>
		<b id="6" c="5 4" t="2"/>
		<b id="7" c="7 6" t="1"/>
		<b id="8" c="7 10" t="1"/>
		<b id="9" c="27 26" t="1"/>
		<b id="10" c="27 29" t="1"/>
		<b id="11" c="4 6" t="1"/>
		<b id="12" c="4 3" t="1"/>
		<b id="13" c="26 25" t="1"/>
		<b id="14" c="20 19" t="1"/>
		<b id="15" c="21 3" t="1"/>
		<b id="16" c="21 22" t="1"/>
		<b id="17" c="21 24" t="1"/>
		<b id="18" c="3 2" t="2"/>
		<b id="19" c="10 19" t="ar"/>
		<b id="20" c="10 11" t="ar"/>
		<b id="21" c="25 24" t="ar"/>
		<b id="22" c="25 31" t="ar"/>
		<b id="23" c="19 17" t="ar"/>
		<b id="24" c="24 37" t="ar"/>
		<b id="25" c="32 31" t="1"/>
		<b id="26" c="2 1" t="1"/>
		<b id="27" c="2 38" t="1"/>
		<b id="28" c="12 11" t="1"/>
		<b id="29" c="31 33" t="ar"/>
		<b id="30" c="39 38" t="1"/>
		<b id="31" c="11 13" t="ar"/>
		<b id="32" c="37 38" t="1"/>
		<b id="33" c="37 35" t="ar"/>
		<b id="34" c="17 18" t="1"/>
		<b id="35" c="17 15" t="ar"/>
		<b id="36" c="38 40" t="1"/>
		<b id="37" c="33 35" t="ar"/>
		<b id="38" c="33 34" t="1"/>
		<b id="39" c="35 36" t="1"/>
		<b id="40" c="13 15" t="ar"/>
		<b id="41" c="13 14" t="1"/>
		<b id="42" c="15 16" t="1"/>
	</bonds>
	<geometry>
		<g u="A" t="cart/3d">#40,3:0.2955,-2.4852,0.2346;-0.5183,-1.7643,0.1225;-0.2839,-0.6211,-0.5448;1.0538,-0.3152,-1.1273;1.3084,0.7264,-1.6949;1.9518,-1.3106,-0.9661;3.2835,-1.1037,-1.4835;3.6214,-2.1032,-1.7914;3.2204,-0.4501,-2.3646;4.2163,-0.5252,-0.4451;5.0074,-1.3711,0.3473;4.9552,-2.4539,0.1973;5.8628,-0.8460,1.3204;6.4756,-1.5177,1.9278;5.9350,0.5371,1.5131;6.6044,0.9509,2.2723;5.1499,1.3893,0.7290;5.2047,2.4717,0.8751;4.2961,0.8632,-0.2441;3.6749,1.5254,-0.8521;-1.3311,0.4410,-0.7495;-0.9667,1.4006,-0.3407;-1.4363,0.6536,-1.8285;-2.6793,0.1058,-0.1572;-3.7324,1.0416,-0.3117;-3.4037,2.1720,-0.9944;-4.3762,3.1712,-1.1959;-3.8863,3.9760,-1.7613;-4.7488,3.5814,-0.2394;-5.2368,2.7964,-1.7797;-5.0043,0.7872,0.2128;-5.8147,1.5064,0.0930;-5.2343,-0.4111,0.9009;-6.2276,-0.6124,1.3110;-4.2108,-1.3379,1.0618;-4.3957,-2.2718,1.6006;-2.9300,-1.0850,0.5356;-1.8374,-2.1154,0.7332;-2.1696,-3.0937,0.3330;-1.6928,-2.3025,1.8158;</g>
	</geometry>
	<conformers/>
	<properties/>
</molecule>
