<?xml version="1.0" ?>
<!--MOLLI PACKAGE EXPERIMENTAL XML FORMAT-->
<molecule name="react_483">
	<atoms>
		<a id="1" s="H" t="H" l="H"/>
		<a id="2" s="C" t="C.2" l="C"/>
		<a id="3" s="C" t="C.2" l="C"/>
		<a id="4" s="C" t="C.3" l="C"/>
		<a id="5" s="H" t="H" l="H"/>
		<a id="6" s="H" t="H" l="H"/>
		<a id="7" s="C" t="C.2" l="C"/>
		<a id="8" s="O" t="O.2" l="O"/>
		<a id="9" s="O" t="O.3" l="O"/>
		<a id="10" s="C" t="C.3" l="C"/>
		<a id="11" s="H" t="H" l="H"/>
		<a id="12" s="H" t="H" l="H"/>
		<a id="13" s="H" t="H" l="H"/>
		<a id="14" s="C" t="C.3" l="C"/>
		<a id="15" s="H" t="H" l="H"/>
		<a id="16" s="H" t="H" l="H"/>
		<a id="17" s="C" t="C.3" l="C"/>
		<a id="18" s="H" t="H" l="H"/>
		<a id="19" s="H" t="H" l="H"/>
		<a id="20" s="C" t="C.3" l="C"/>
		<a id="21" s="H" t="H" l="H"/>
		<a id="22" s="H" t="H" l="H"/>
	</atoms>
	<bonds>
		<b id="1" c="5 4" t="1"/>
		<b id="2" c="15 14" t="1"/>
		<b id="3" c="12 10" t="1"/>
		<b id="4" c="6 4" t="1"/>
		<b id="5" c="4 7" t="1"/>
		<b id="6" c="4 3" t="1"/>
		<b id="7" c="9 10" t="1"/>
		<b id="8" c="9 7" t="1"/>
		<b id="9" c="11 10" t="1"/>
		<b id="10" c="19 17" t="1"/>
		<b id="11" c="10 13" t="1"/>
		<b id="12" c="7 8" t="2"/>
		<b id="13" c="3 14" t="1"/>
		<b id="14" c="3 2" t="2"/>
		<b id="15" c="14 17" t="1"/>
		<b id="16" c="14 16" t="1"/>
		<b id="17" c="17 18" t="1"/>
		<b id="18" c="17 20" t="1"/>
		<b id="19" c="2 1" t="1"/>
		<b id="20" c="2 20" t="1"/>
		<b id="21" c="21 20" t="1"/>
		<b id="22" c="20 22" t="1"/>
	</bonds>
	<geometry>
		<g u="A" t="cart/3d">#22,3:-1.4329,2.2340,0.5829;-1.6089,1.1608,0.4592;-0.7747,0.3229,-0.1763;0.5106,0.6999,-0.8521;0.4976,0.3985,-1.9175;0.6581,1.7919,-0.8557;1.7558,0.0668,-0.2484;1.7851,-0.7731,0.6166;2.8656,0.5683,-0.8268;4.1116,0.0460,-0.3646;4.1698,-1.0405,-0.5343;4.8923,0.5620,-0.9379;4.2415,0.2357,0.7122;-1.2869,-1.1046,-0.1178;-1.2150,-1.6194,-1.0928;-0.6671,-1.6880,0.5856;-2.7477,-0.9445,0.3682;-3.0691,-1.7599,1.0344;-3.4274,-0.9512,-0.5001;-2.8023,0.4476,1.0488;-3.7554,0.9741,0.8670;-2.7007,0.3726,2.1494;</g>
	</geometry>
	<conformers/>
	<properties/>
</molecule>
