<?xml version="1.0" ?>
<!--MOLLI PACKAGE EXPERIMENTAL XML FORMAT-->
<molecule name="react_500">
	<atoms>
		<a id="1" s="H" t="H" l="H"/>
		<a id="2" s="C" t="C.2" l="C"/>
		<a id="3" s="C" t="C.2" l="C"/>
		<a id="4" s="C" t="C.ar" l="C"/>
		<a id="5" s="C" t="C.ar" l="C"/>
		<a id="6" s="H" t="H" l="H"/>
		<a id="7" s="C" t="C.ar" l="C"/>
		<a id="8" s="H" t="H" l="H"/>
		<a id="9" s="C" t="C.ar" l="C"/>
		<a id="10" s="H" t="H" l="H"/>
		<a id="11" s="C" t="C.ar" l="C"/>
		<a id="12" s="H" t="H" l="H"/>
		<a id="13" s="C" t="C.ar" l="C"/>
		<a id="14" s="Cl" t="Cl" l="CL"/>
		<a id="15" s="C" t="C.3" l="C"/>
		<a id="16" s="H" t="H" l="H"/>
		<a id="17" s="H" t="H" l="H"/>
		<a id="18" s="C" t="C.3" l="C"/>
		<a id="19" s="H" t="H" l="H"/>
		<a id="20" s="H" t="H" l="H"/>
		<a id="21" s="C" t="C.3" l="C"/>
		<a id="22" s="H" t="H" l="H"/>
		<a id="23" s="H" t="H" l="H"/>
		<a id="24" s="C" t="C.3" l="C"/>
		<a id="25" s="H" t="H" l="H"/>
		<a id="26" s="H" t="H" l="H"/>
	</atoms>
	<bonds>
		<b id="1" c="8 7" t="1"/>
		<b id="2" c="6 5" t="1"/>
		<b id="3" c="26 24" t="1"/>
		<b id="4" c="1 2" t="1"/>
		<b id="5" c="7 5" t="ar"/>
		<b id="6" c="7 9" t="ar"/>
		<b id="7" c="5 4" t="ar"/>
		<b id="8" c="2 24" t="1"/>
		<b id="9" c="2 3" t="2"/>
		<b id="10" c="24 25" t="1"/>
		<b id="11" c="24 21" t="1"/>
		<b id="12" c="10 9" t="1"/>
		<b id="13" c="23 21" t="1"/>
		<b id="14" c="9 11" t="ar"/>
		<b id="15" c="4 3" t="1"/>
		<b id="16" c="4 13" t="ar"/>
		<b id="17" c="3 15" t="1"/>
		<b id="18" c="21 22" t="1"/>
		<b id="19" c="21 18" t="1"/>
		<b id="20" c="11 13" t="ar"/>
		<b id="21" c="11 12" t="1"/>
		<b id="22" c="17 15" t="1"/>
		<b id="23" c="13 14" t="1"/>
		<b id="24" c="15 18" t="1"/>
		<b id="25" c="15 16" t="1"/>
		<b id="26" c="18 20" t="1"/>
		<b id="27" c="18 19" t="1"/>
	</bonds>
	<geometry>
		<g u="A" t="cart/3d">#26,3:-0.7369,1.3969,-1.4266;-1.1578,0.7035,-0.6891;-0.3196,0.0437,0.1316;1.1594,0.1867,-0.0213;1.7925,-0.2801,-1.1891;1.1708,-0.7414,-1.9607;3.1730,-0.1769,-1.3738;3.6289,-0.5526,-2.2934;3.9650,0.4019,-0.3791;5.0471,0.4865,-0.5089;3.3693,0.8821,0.7892;3.9667,1.3520,1.5727;1.9858,0.7736,0.9584;1.2866,1.4475,2.4233;-0.8315,-0.9239,1.1860;-0.2417,-0.8124,2.1093;-0.6366,-1.9555,0.8323;-2.3243,-0.7381,1.4805;-2.6940,-1.5750,2.0961;-2.4622,0.1797,2.0806;-3.1316,-0.6215,0.1836;-4.2098,-0.5359,0.3984;-3.0018,-1.5480,-0.4052;-2.6596,0.5785,-0.6481;-3.0855,1.5164,-0.2390;-3.0521,0.5122,-1.6789;</g>
	</geometry>
	<conformers/>
	<properties/>
</molecule>
