<?xml version="1.0" ?>
<!--MOLLI PACKAGE EXPERIMENTAL XML FORMAT-->
<molecule name="react_610">
	<atoms>
		<a id="1" s="H" t="H" l="H"/>
		<a id="2" s="C" t="C.2" l="C"/>
		<a id="3" s="C" t="C.2" l="C"/>
		<a id="4" s="H" t="H" l="H"/>
		<a id="5" s="C" t="C.2" l="C"/>
		<a id="6" s="C" t="C.2" l="C"/>
		<a id="7" s="H" t="H" l="H"/>
		<a id="8" s="C" t="C.2" l="C"/>
		<a id="9" s="H" t="H" l="H"/>
		<a id="10" s="C" t="C.2" l="C"/>
		<a id="11" s="H" t="H" l="H"/>
		<a id="12" s="C" t="C.ar" l="C"/>
		<a id="13" s="C" t="C.ar" l="C"/>
		<a id="14" s="H" t="H" l="H"/>
		<a id="15" s="C" t="C.ar" l="C"/>
		<a id="16" s="H" t="H" l="H"/>
		<a id="17" s="C" t="C.ar" l="C"/>
		<a id="18" s="H" t="H" l="H"/>
		<a id="19" s="C" t="C.ar" l="C"/>
		<a id="20" s="H" t="H" l="H"/>
		<a id="21" s="C" t="C.ar" l="C"/>
		<a id="22" s="H" t="H" l="H"/>
		<a id="23" s="O" t="O.3" l="O"/>
		<a id="24" s="C" t="C.2" l="C"/>
		<a id="25" s="O" t="O.2" l="O"/>
	</atoms>
	<bonds>
		<b id="1" c="22 21" t="1"/>
		<b id="2" c="20 19" t="1"/>
		<b id="3" c="11 10" t="1"/>
		<b id="4" c="7 6" t="1"/>
		<b id="5" c="21 19" t="ar"/>
		<b id="6" c="21 12" t="ar"/>
		<b id="7" c="19 17" t="ar"/>
		<b id="8" c="4 3" t="1"/>
		<b id="9" c="10 12" t="1"/>
		<b id="10" c="10 8" t="2"/>
		<b id="11" c="12 13" t="ar"/>
		<b id="12" c="6 8" t="1"/>
		<b id="13" c="6 5" t="2"/>
		<b id="14" c="8 9" t="1"/>
		<b id="15" c="3 5" t="1"/>
		<b id="16" c="3 2" t="2"/>
		<b id="17" c="17 18" t="1"/>
		<b id="18" c="17 15" t="ar"/>
		<b id="19" c="5 23" t="1"/>
		<b id="20" c="13 15" t="ar"/>
		<b id="21" c="13 14" t="1"/>
		<b id="22" c="15 16" t="1"/>
		<b id="23" c="2 1" t="1"/>
		<b id="24" c="2 24" t="1"/>
		<b id="25" c="23 24" t="1"/>
		<b id="26" c="24 25" t="2"/>
	</bonds>
	<geometry>
		<g u="A" t="cart/3d">#25,3:6.2634,-0.2604,0.7328;5.1782,-0.2614,0.6523;4.3688,0.5883,-0.0236;4.6514,1.4512,-0.6270;3.0011,0.1613,0.1824;1.8468,0.7014,-0.2974;1.9482,1.5877,-0.9314;0.5312,0.1925,-0.0303;0.4757,-0.6941,0.6078;-0.6009,0.7573,-0.5286;-0.4876,1.6452,-1.1629;-1.9789,0.3182,-0.3189;-2.3208,-0.8068,0.4655;-1.5360,-1.3931,0.9484;-3.6513,-1.1826,0.6338;-3.8925,-2.0564,1.2450;-4.6789,-0.4491,0.0254;-5.7217,-0.7478,0.1606;-4.3607,0.6666,-0.7548;-5.1546,1.2458,-1.2339;-3.0278,1.0437,-0.9240;-2.7851,1.9174,-1.5359;3.0065,-0.9480,0.9863;4.3298,-1.2696,1.3169;4.5958,-2.2072,2.0131;</g>
	</geometry>
	<conformers/>
	<properties/>
</molecule>
