<?xml version="1.0" ?>
<!--MOLLI PACKAGE EXPERIMENTAL XML FORMAT-->
<molecule name="react_611">
	<atoms>
		<a id="1" s="H" t="H" l="H"/>
		<a id="2" s="C" t="C.2" l="C"/>
		<a id="3" s="C" t="C.2" l="C"/>
		<a id="4" s="H" t="H" l="H"/>
		<a id="5" s="C" t="C.2" l="C"/>
		<a id="6" s="C" t="C.2" l="C"/>
		<a id="7" s="H" t="H" l="H"/>
		<a id="8" s="C" t="C.2" l="C"/>
		<a id="9" s="H" t="H" l="H"/>
		<a id="10" s="C" t="C.2" l="C"/>
		<a id="11" s="H" t="H" l="H"/>
		<a id="12" s="C" t="C.ar" l="C"/>
		<a id="13" s="C" t="C.ar" l="C"/>
		<a id="14" s="H" t="H" l="H"/>
		<a id="15" s="C" t="C.ar" l="C"/>
		<a id="16" s="H" t="H" l="H"/>
		<a id="17" s="C" t="C.ar" l="C"/>
		<a id="18" s="H" t="H" l="H"/>
		<a id="19" s="C" t="C.ar" l="C"/>
		<a id="20" s="H" t="H" l="H"/>
		<a id="21" s="C" t="C.ar" l="C"/>
		<a id="22" s="H" t="H" l="H"/>
		<a id="23" s="O" t="O.3" l="O"/>
		<a id="24" s="C" t="C.2" l="C"/>
		<a id="25" s="O" t="O.2" l="O"/>
	</atoms>
	<bonds>
		<b id="1" c="16 15" t="1"/>
		<b id="2" c="18 17" t="1"/>
		<b id="3" c="15 17" t="ar"/>
		<b id="4" c="15 13" t="ar"/>
		<b id="5" c="17 19" t="ar"/>
		<b id="6" c="14 13" t="1"/>
		<b id="7" c="13 12" t="ar"/>
		<b id="8" c="4 3" t="1"/>
		<b id="9" c="19 20" t="1"/>
		<b id="10" c="19 21" t="ar"/>
		<b id="11" c="9 8" t="1"/>
		<b id="12" c="1 2" t="1"/>
		<b id="13" c="12 21" t="ar"/>
		<b id="14" c="12 10" t="1"/>
		<b id="15" c="3 2" t="2"/>
		<b id="16" c="3 5" t="1"/>
		<b id="17" c="21 22" t="1"/>
		<b id="18" c="2 24" t="1"/>
		<b id="19" c="8 10" t="2"/>
		<b id="20" c="8 6" t="1"/>
		<b id="21" c="10 11" t="1"/>
		<b id="22" c="5 6" t="2"/>
		<b id="23" c="5 23" t="1"/>
		<b id="24" c="6 7" t="1"/>
		<b id="25" c="24 23" t="1"/>
		<b id="26" c="24 25" t="2"/>
	</bonds>
	<geometry>
		<g u="A" t="cart/3d">#25,3:5.1762,2.5155,-0.0253;4.6247,1.5861,0.1032;3.2903,1.3705,0.0437;2.5075,2.1033,-0.1484;3.0554,-0.0416,0.2812;1.9029,-0.7664,0.3232;2.0094,-1.8378,0.5200;0.5786,-0.2428,0.1341;0.4797,0.8306,-0.0564;-0.5370,-1.0183,0.1832;-0.3959,-2.0888,0.3739;-1.9265,-0.5983,0.0110;-2.3106,0.7400,-0.2304;-1.5514,1.5227,-0.2971;-3.6517,1.0834,-0.3847;-3.9251,2.1258,-0.5697;-4.6494,0.1029,-0.3033;-5.7007,0.3770,-0.4239;-4.2898,-1.2270,-0.0655;-5.0596,-2.0004,0.0003;-2.9464,-1.5712,0.0894;-2.6721,-2.6136,0.2753;4.2658,-0.6533,0.4825;5.2858,0.2962,0.3862;6.4399,0.0054,0.5246;</g>
	</geometry>
	<conformers/>
	<properties/>
</molecule>
