<?xml version="1.0" ?>
<!--MOLLI PACKAGE EXPERIMENTAL XML FORMAT-->
<molecule name="react_1">
	<atoms>
		<a id="1" s="H" t="H" l="H"/>
		<a id="2" s="C" t="C.2" l="C"/>
		<a id="3" s="H" t="H" l="H"/>
		<a id="4" s="C" t="C.2" l="C"/>
		<a id="5" s="H" t="H" l="H"/>
		<a id="6" s="C" t="C.ar" l="C"/>
		<a id="7" s="S" t="S.2" l="S"/>
		<a id="8" s="C" t="C.ar" l="C"/>
		<a id="9" s="O" t="O.2" l="O"/>
		<a id="10" s="S" t="S.2" l="S"/>
		<a id="11" s="C" t="C.ar" l="C"/>
		<a id="12" s="H" t="H" l="H"/>
	</atoms>
	<bonds>
		<b id="1" c="5 4" t="1"/>
		<b id="2" c="3 2" t="1"/>
		<b id="3" c="4 2" t="2"/>
		<b id="4" c="4 6" t="1"/>
		<b id="5" c="2 1" t="1"/>
		<b id="6" c="12 11" t="1"/>
		<b id="7" c="11 6" t="ar"/>
		<b id="8" c="11 10" t="ar"/>
		<b id="9" c="6 7" t="ar"/>
		<b id="10" c="10 8" t="ar"/>
		<b id="11" c="7 8" t="ar"/>
		<b id="12" c="8 9" t="2"/>
	</bonds>
	<geometry>
		<g u="A" t="cart/3d">#12,3:-1.6726,2.0336,-0.0486;-2.1345,1.0620,-0.2481;-3.2106,1.0555,-0.4368;-1.4266,-0.0788,-0.2632;-1.9406,-1.0253,-0.4677;0.0069,-0.2193,-0.0286;1.0004,1.2036,0.3085;2.5725,0.3307,0.4908;3.6133,0.8630,0.7384;2.3746,-1.4557,0.2500;0.6605,-1.4102,-0.0491;0.1566,-2.3590,-0.2455;</g>
	</geometry>
	<conformers/>
	<properties/>
</molecule>
