<?xml version="1.0" ?>
<!--MOLLI PACKAGE EXPERIMENTAL XML FORMAT-->
<molecule name="react_3">
	<atoms>
		<a id="1" s="H" t="H" l="H"/>
		<a id="2" s="C" t="C.2" l="C"/>
		<a id="3" s="H" t="H" l="H"/>
		<a id="4" s="C" t="C.2" l="C"/>
		<a id="5" s="H" t="H" l="H"/>
		<a id="6" s="C" t="C.ar" l="C"/>
		<a id="7" s="O" t="O.2" l="O"/>
		<a id="8" s="C" t="C.ar" l="C"/>
		<a id="9" s="H" t="H" l="H"/>
		<a id="10" s="C" t="C.ar" l="C"/>
		<a id="11" s="H" t="H" l="H"/>
		<a id="12" s="C" t="C.ar" l="C"/>
		<a id="13" s="H" t="H" l="H"/>
	</atoms>
	<bonds>
		<b id="1" c="9 8" t="1"/>
		<b id="2" c="5 4" t="1"/>
		<b id="3" c="7 8" t="ar"/>
		<b id="4" c="7 6" t="ar"/>
		<b id="5" c="8 10" t="ar"/>
		<b id="6" c="4 6" t="1"/>
		<b id="7" c="4 2" t="2"/>
		<b id="8" c="6 12" t="ar"/>
		<b id="9" c="3 2" t="1"/>
		<b id="10" c="2 1" t="1"/>
		<b id="11" c="10 12" t="ar"/>
		<b id="12" c="10 11" t="1"/>
		<b id="13" c="12 13" t="1"/>
	</bonds>
	<geometry>
		<g u="A" t="cart/3d">#13,3:-2.2904,0.0994,1.4487;-2.4858,0.0708,0.3725;-3.5319,0.0860,0.0581;-1.4954,0.0193,-0.5335;-1.7393,-0.0077,-1.6012;-0.0718,-0.0060,-0.2522;0.7566,-0.0569,-1.3397;2.0327,-0.0740,-0.8923;2.8088,-0.1146,-1.6528;2.0586,-0.0350,0.4755;2.9447,-0.0375,1.1075;0.6933,0.0090,0.8940;0.3201,0.0471,1.9154;</g>
	</geometry>
	<conformers/>
	<properties/>
</molecule>
