<?xml version="1.0" ?>
<!--MOLLI PACKAGE EXPERIMENTAL XML FORMAT-->
<molecule name="react_4">
	<atoms>
		<a id="1" s="H" t="H" l="H"/>
		<a id="2" s="C" t="C.2" l="C"/>
		<a id="3" s="H" t="H" l="H"/>
		<a id="4" s="C" t="C.2" l="C"/>
		<a id="5" s="H" t="H" l="H"/>
		<a id="6" s="C" t="C.ar" l="C"/>
		<a id="7" s="C" t="C.ar" l="C"/>
		<a id="8" s="H" t="H" l="H"/>
		<a id="9" s="C" t="C.ar" l="C"/>
		<a id="10" s="H" t="H" l="H"/>
		<a id="11" s="C" t="C.ar" l="C"/>
		<a id="12" s="H" t="H" l="H"/>
		<a id="13" s="C" t="C.ar" l="C"/>
		<a id="14" s="C" t="C.ar" l="C"/>
		<a id="15" s="H" t="H" l="H"/>
		<a id="16" s="C" t="C.ar" l="C"/>
		<a id="17" s="H" t="H" l="H"/>
		<a id="18" s="C" t="C.ar" l="C"/>
		<a id="19" s="H" t="H" l="H"/>
		<a id="20" s="C" t="C.ar" l="C"/>
		<a id="21" s="H" t="H" l="H"/>
		<a id="22" s="C" t="C.ar" l="C"/>
	</atoms>
	<bonds>
		<b id="1" c="19 18" t="1"/>
		<b id="2" c="17 16" t="1"/>
		<b id="3" c="18 16" t="ar"/>
		<b id="4" c="18 20" t="ar"/>
		<b id="5" c="5 4" t="1"/>
		<b id="6" c="16 14" t="ar"/>
		<b id="7" c="21 20" t="1"/>
		<b id="8" c="20 22" t="ar"/>
		<b id="9" c="14 15" t="1"/>
		<b id="10" c="14 13" t="ar"/>
		<b id="11" c="22 13" t="ar"/>
		<b id="12" c="22 6" t="ar"/>
		<b id="13" c="13 11" t="ar"/>
		<b id="14" c="4 6" t="1"/>
		<b id="15" c="4 2" t="2"/>
		<b id="16" c="6 7" t="ar"/>
		<b id="17" c="11 12" t="1"/>
		<b id="18" c="11 9" t="ar"/>
		<b id="19" c="7 9" t="ar"/>
		<b id="20" c="7 8" t="1"/>
		<b id="21" c="1 2" t="1"/>
		<b id="22" c="9 10" t="1"/>
		<b id="23" c="2 3" t="1"/>
	</bonds>
	<geometry>
		<g u="A" t="cart/3d">#22,3:-4.1898,-1.4974,0.5636;-3.3885,-0.7750,0.7415;-3.5396,-0.0594,1.5556;-2.2707,-0.7867,-0.0005;-2.1789,-1.5595,-0.7716;-1.1429,0.1610,0.1137;-1.3697,1.4835,0.4781;-2.3948,1.8156,0.6589;-0.3163,2.4194,0.5843;-0.5406,3.4506,0.8699;0.9800,2.0399,0.3101;1.7992,2.7611,0.3795;1.2741,0.7021,-0.0734;2.6083,0.2922,-0.3561;3.4087,1.0341,-0.2813;2.8941,-1.0083,-0.7120;3.9234,-1.3086,-0.9254;1.8496,-1.9615,-0.7939;2.0797,-2.9952,-1.0659;0.5456,-1.5963,-0.5265;-0.2386,-2.3531,-0.5790;0.2075,-0.2585,-0.1698;</g>
	</geometry>
	<conformers/>
	<properties/>
</molecule>
