<?xml version="1.0" ?>
<!--MOLLI PACKAGE EXPERIMENTAL XML FORMAT-->
<molecule name="react_9">
	<atoms>
		<a id="1" s="H" t="H" l="H"/>
		<a id="2" s="C" t="C.2" l="C"/>
		<a id="3" s="C" t="C.2" l="C"/>
		<a id="4" s="O" t="O.2" l="O"/>
		<a id="5" s="O" t="O.3" l="O"/>
		<a id="6" s="C" t="C.3" l="C"/>
		<a id="7" s="H" t="H" l="H"/>
		<a id="8" s="H" t="H" l="H"/>
		<a id="9" s="C" t="C.3" l="C"/>
		<a id="10" s="H" t="H" l="H"/>
		<a id="11" s="H" t="H" l="H"/>
		<a id="12" s="H" t="H" l="H"/>
		<a id="13" s="C" t="C.2" l="C"/>
		<a id="14" s="H" t="H" l="H"/>
		<a id="15" s="C" t="C.3" l="C"/>
		<a id="16" s="H" t="H" l="H"/>
		<a id="17" s="H" t="H" l="H"/>
		<a id="18" s="C" t="C.3" l="C"/>
		<a id="19" s="H" t="H" l="H"/>
		<a id="20" s="H" t="H" l="H"/>
		<a id="21" s="C" t="C.3" l="C"/>
		<a id="22" s="H" t="H" l="H"/>
		<a id="23" s="H" t="H" l="H"/>
		<a id="24" s="C" t="C.3" l="C"/>
		<a id="25" s="H" t="H" l="H"/>
		<a id="26" s="H" t="H" l="H"/>
		<a id="27" s="H" t="H" l="H"/>
	</atoms>
	<bonds>
		<b id="1" c="4 3" t="2"/>
		<b id="2" c="8 6" t="1"/>
		<b id="3" c="1 2" t="1"/>
		<b id="4" c="3 2" t="1"/>
		<b id="5" c="3 5" t="1"/>
		<b id="6" c="7 6" t="1"/>
		<b id="7" c="6 5" t="1"/>
		<b id="8" c="6 9" t="1"/>
		<b id="9" c="2 13" t="2"/>
		<b id="10" c="25 24" t="1"/>
		<b id="11" c="19 18" t="1"/>
		<b id="12" c="12 9" t="1"/>
		<b id="13" c="27 24" t="1"/>
		<b id="14" c="20 18" t="1"/>
		<b id="15" c="9 11" t="1"/>
		<b id="16" c="9 10" t="1"/>
		<b id="17" c="24 26" t="1"/>
		<b id="18" c="24 21" t="1"/>
		<b id="19" c="18 21" t="1"/>
		<b id="20" c="18 15" t="1"/>
		<b id="21" c="13 14" t="1"/>
		<b id="22" c="13 15" t="1"/>
		<b id="23" c="21 22" t="1"/>
		<b id="24" c="21 23" t="1"/>
		<b id="25" c="15 17" t="1"/>
		<b id="26" c="15 16" t="1"/>
	</bonds>
	<geometry>
		<g u="A" t="cart/3d">#27,3:0.3401,0.4220,-1.4789;-0.4655,0.1589,-0.7896;-1.8150,0.3508,-1.3720;-2.0090,0.7477,-2.4998;-2.8169,0.0383,-0.5204;-4.1546,0.1935,-1.0156;-4.3019,1.2391,-1.3342;-4.2809,-0.4325,-1.9147;-5.1137,-0.2025,0.0888;-4.9799,0.4362,0.9761;-4.9566,-1.2497,0.3917;-6.1536,-0.0964,-0.2588;-0.2280,-0.2941,0.4520;-1.0955,-0.5363,1.0764;1.1141,-0.5101,1.0879;1.1345,0.0638,2.0356;1.1658,-1.5680,1.4143;2.3464,-0.1672,0.2500;2.3299,-0.7524,-0.6873;2.3003,0.8941,-0.0546;3.6663,-0.4261,0.9846;3.7103,-1.4880,1.2895;3.6793,0.1554,1.9250;4.9032,-0.0813,0.1537;4.9407,-0.6749,-0.7754;5.8329,-0.2778,0.7117;4.9076,0.9831,-0.1360;</g>
	</geometry>
	<conformers/>
	<properties/>
</molecule>
