<?xml version="1.0" ?>
<!--MOLLI PACKAGE EXPERIMENTAL XML FORMAT-->
<molecule name="react_10">
	<atoms>
		<a id="1" s="H" t="H" l="H"/>
		<a id="2" s="C" t="C.2" l="C"/>
		<a id="3" s="C" t="C.2" l="C"/>
		<a id="4" s="O" t="O.2" l="O"/>
		<a id="5" s="O" t="O.3" l="O"/>
		<a id="6" s="C" t="C.3" l="C"/>
		<a id="7" s="H" t="H" l="H"/>
		<a id="8" s="H" t="H" l="H"/>
		<a id="9" s="C" t="C.3" l="C"/>
		<a id="10" s="H" t="H" l="H"/>
		<a id="11" s="H" t="H" l="H"/>
		<a id="12" s="H" t="H" l="H"/>
		<a id="13" s="C" t="C.2" l="C"/>
		<a id="14" s="H" t="H" l="H"/>
		<a id="15" s="C" t="C.ar" l="C"/>
		<a id="16" s="C" t="C.ar" l="C"/>
		<a id="17" s="H" t="H" l="H"/>
		<a id="18" s="C" t="C.ar" l="C"/>
		<a id="19" s="H" t="H" l="H"/>
		<a id="20" s="C" t="C.ar" l="C"/>
		<a id="21" s="H" t="H" l="H"/>
		<a id="22" s="C" t="C.ar" l="C"/>
		<a id="23" s="H" t="H" l="H"/>
		<a id="24" s="C" t="C.ar" l="C"/>
		<a id="25" s="H" t="H" l="H"/>
	</atoms>
	<bonds>
		<b id="1" c="12 9" t="1"/>
		<b id="2" c="11 9" t="1"/>
		<b id="3" c="9 10" t="1"/>
		<b id="4" c="9 6" t="1"/>
		<b id="5" c="21 20" t="1"/>
		<b id="6" c="23 22" t="1"/>
		<b id="7" c="20 22" t="ar"/>
		<b id="8" c="20 18" t="ar"/>
		<b id="9" c="22 24" t="ar"/>
		<b id="10" c="19 18" t="1"/>
		<b id="11" c="18 16" t="ar"/>
		<b id="12" c="24 25" t="1"/>
		<b id="13" c="24 15" t="ar"/>
		<b id="14" c="16 15" t="ar"/>
		<b id="15" c="16 17" t="1"/>
		<b id="16" c="15 13" t="1"/>
		<b id="17" c="14 13" t="1"/>
		<b id="18" c="13 2" t="2"/>
		<b id="19" c="2 1" t="1"/>
		<b id="20" c="2 3" t="1"/>
		<b id="21" c="5 3" t="1"/>
		<b id="22" c="5 6" t="1"/>
		<b id="23" c="3 4" t="2"/>
		<b id="24" c="6 7" t="1"/>
		<b id="25" c="6 8" t="1"/>
	</bonds>
	<geometry>
		<g u="A" t="cart/3d">#25,3:-0.1134,2.0228,0.4285;0.3532,1.0359,0.3833;1.8179,1.0803,0.5836;2.4317,2.1057,0.7855;2.4038,-0.1376,0.5229;3.8282,-0.1941,0.7060;4.0222,-1.2087,1.0852;4.1192,0.5380,1.4744;4.5772,0.0605,-0.5929;5.6601,-0.0702,-0.4335;4.4049,1.0880,-0.9465;4.2571,-0.6436,-1.3773;-0.3532,-0.0928,0.1686;0.2067,-1.0331,0.1453;-1.8006,-0.2130,-0.0374;-2.6714,0.8971,-0.0685;-2.2719,1.9054,0.0611;-4.0398,0.7245,-0.2655;-4.6981,1.5972,-0.2876;-4.5743,-0.5597,-0.4357;-5.6487,-0.6909,-0.5892;-3.7266,-1.6706,-0.4093;-4.1348,-2.6760,-0.5420;-2.3552,-1.4969,-0.2131;-1.6941,-2.3681,-0.1929;</g>
	</geometry>
	<conformers/>
	<properties/>
</molecule>
