<?xml version="1.0" ?>
<!--MOLLI PACKAGE EXPERIMENTAL XML FORMAT-->
<molecule name="react_61">
	<atoms>
		<a id="1" s="H" t="H" l="H"/>
		<a id="2" s="O" t="O.3" l="O"/>
		<a id="3" s="C" t="C.3" l="C"/>
		<a id="4" s="H" t="H" l="H"/>
		<a id="5" s="H" t="H" l="H"/>
		<a id="6" s="C" t="C.2" l="C"/>
		<a id="7" s="H" t="H" l="H"/>
		<a id="8" s="C" t="C.2" l="C"/>
		<a id="9" s="H" t="H" l="H"/>
		<a id="10" s="C" t="C.3" l="C"/>
		<a id="11" s="H" t="H" l="H"/>
		<a id="12" s="C" t="C.3" l="C"/>
		<a id="13" s="H" t="H" l="H"/>
		<a id="14" s="H" t="H" l="H"/>
		<a id="15" s="H" t="H" l="H"/>
		<a id="16" s="C" t="C.3" l="C"/>
		<a id="17" s="H" t="H" l="H"/>
		<a id="18" s="H" t="H" l="H"/>
		<a id="19" s="H" t="H" l="H"/>
	</atoms>
	<bonds>
		<b id="1" c="17 16" t="1"/>
		<b id="2" c="14 12" t="1"/>
		<b id="3" c="11 10" t="1"/>
		<b id="4" c="19 16" t="1"/>
		<b id="5" c="16 10" t="1"/>
		<b id="6" c="16 18" t="1"/>
		<b id="7" c="5 3" t="1"/>
		<b id="8" c="10 12" t="1"/>
		<b id="9" c="10 8" t="1"/>
		<b id="10" c="12 15" t="1"/>
		<b id="11" c="12 13" t="1"/>
		<b id="12" c="1 2" t="1"/>
		<b id="13" c="3 4" t="1"/>
		<b id="14" c="3 2" t="1"/>
		<b id="15" c="3 6" t="1"/>
		<b id="16" c="8 6" t="2"/>
		<b id="17" c="8 9" t="1"/>
		<b id="18" c="6 7" t="1"/>
	</bonds>
	<geometry>
		<g u="A" t="cart/3d">#19,3:3.7392,1.7629,0.2217;2.8941,1.7862,0.6879;2.1913,0.5928,0.3860;2.8168,-0.2999,0.6096;1.9297,0.5327,-0.6889;0.9595,0.5403,1.2432;1.1420,0.8409,2.2822;-0.2765,0.1601,0.8907;-1.0451,0.1653,1.6764;-0.7709,-0.3004,-0.4605;0.0293,-0.1494,-1.2055;-1.1059,-1.8038,-0.4333;-1.8951,-2.0191,0.3077;-1.4694,-2.1462,-1.4168;-0.2240,-2.4068,-0.1647;-1.9904,0.5277,-0.9005;-2.3551,0.2023,-1.8890;-2.8229,0.4142,-0.1844;-1.7467,1.6002,-0.9618;</g>
	</geometry>
	<conformers/>
	<properties/>
</molecule>
