<?xml version="1.0" ?>
<!--MOLLI PACKAGE EXPERIMENTAL XML FORMAT-->
<molecule name="react_11">
	<atoms>
		<a id="1" s="H" t="H" l="H"/>
		<a id="2" s="C" t="C.2" l="C"/>
		<a id="3" s="C" t="C.2" l="C"/>
		<a id="4" s="H" t="H" l="H"/>
		<a id="5" s="C" t="C.ar" l="C"/>
		<a id="6" s="C" t="C.ar" l="C"/>
		<a id="7" s="H" t="H" l="H"/>
		<a id="8" s="C" t="C.ar" l="C"/>
		<a id="9" s="H" t="H" l="H"/>
		<a id="10" s="C" t="C.ar" l="C"/>
		<a id="11" s="H" t="H" l="H"/>
		<a id="12" s="C" t="C.ar" l="C"/>
		<a id="13" s="H" t="H" l="H"/>
		<a id="14" s="C" t="C.ar" l="C"/>
		<a id="15" s="H" t="H" l="H"/>
		<a id="16" s="C" t="C.ar" l="C"/>
		<a id="17" s="C" t="C.ar" l="C"/>
		<a id="18" s="H" t="H" l="H"/>
		<a id="19" s="C" t="C.ar" l="C"/>
		<a id="20" s="H" t="H" l="H"/>
		<a id="21" s="C" t="C.ar" l="C"/>
		<a id="22" s="H" t="H" l="H"/>
		<a id="23" s="C" t="C.ar" l="C"/>
		<a id="24" s="H" t="H" l="H"/>
		<a id="25" s="C" t="C.ar" l="C"/>
		<a id="26" s="H" t="H" l="H"/>
	</atoms>
	<bonds>
		<b id="1" c="9 8" t="1"/>
		<b id="2" c="7 6" t="1"/>
		<b id="3" c="8 6" t="ar"/>
		<b id="4" c="8 10" t="ar"/>
		<b id="5" c="18 17" t="1"/>
		<b id="6" c="6 5" t="ar"/>
		<b id="7" c="1 2" t="1"/>
		<b id="8" c="11 10" t="1"/>
		<b id="9" c="20 19" t="1"/>
		<b id="10" c="10 12" t="ar"/>
		<b id="11" c="17 19" t="ar"/>
		<b id="12" c="17 16" t="ar"/>
		<b id="13" c="2 16" t="1"/>
		<b id="14" c="2 3" t="2"/>
		<b id="15" c="19 21" t="ar"/>
		<b id="16" c="5 3" t="1"/>
		<b id="17" c="5 14" t="ar"/>
		<b id="18" c="16 25" t="ar"/>
		<b id="19" c="12 14" t="ar"/>
		<b id="20" c="12 13" t="1"/>
		<b id="21" c="3 4" t="1"/>
		<b id="22" c="14 15" t="1"/>
		<b id="23" c="21 22" t="1"/>
		<b id="24" c="21 23" t="ar"/>
		<b id="25" c="25 23" t="ar"/>
		<b id="26" c="25 26" t="1"/>
		<b id="27" c="23 24" t="1"/>
	</bonds>
	<geometry>
		<g u="A" t="cart/3d">#26,3:-0.1887,-1.4265,-0.5118;-0.4827,-0.4529,-0.1049;0.4827,0.4528,0.1668;0.1887,1.4265,0.5736;1.9297,0.2921,-0.0214;2.5243,-0.8826,-0.5315;1.8989,-1.7341,-0.8092;3.9057,-0.9778,-0.6889;4.3415,-1.8988,-1.0859;4.7364,0.0958,-0.3425;5.8196,0.0170,-0.4674;4.1671,1.2673,0.1642;4.8035,2.1130,0.4387;2.7830,1.3616,0.3218;2.3455,2.2823,0.7191;-1.9296,-0.2921,0.0832;-2.7830,-1.3616,-0.2599;-2.3455,-2.2823,-0.6572;-4.1671,-1.2673,-0.1024;-4.8035,-2.1130,-0.3768;-4.7364,-0.0959,0.4043;-5.8196,-0.0170,0.5293;-3.9057,0.9778,0.7507;-4.3415,1.8989,1.1477;-2.5243,0.8826,0.5933;-1.8989,1.7341,0.8710;</g>
	</geometry>
	<conformers/>
	<properties/>
</molecule>
