<?xml version="1.0" ?>
<!--MOLLI PACKAGE EXPERIMENTAL XML FORMAT-->
<molecule name="react_13">
	<atoms>
		<a id="1" s="H" t="H" l="H"/>
		<a id="2" s="C" t="C.2" l="C"/>
		<a id="3" s="H" t="H" l="H"/>
		<a id="4" s="C" t="C.2" l="C"/>
		<a id="5" s="C" t="C.ar" l="C"/>
		<a id="6" s="C" t="C.ar" l="C"/>
		<a id="7" s="H" t="H" l="H"/>
		<a id="8" s="C" t="C.ar" l="C"/>
		<a id="9" s="H" t="H" l="H"/>
		<a id="10" s="C" t="C.ar" l="C"/>
		<a id="11" s="H" t="H" l="H"/>
		<a id="12" s="C" t="C.ar" l="C"/>
		<a id="13" s="H" t="H" l="H"/>
		<a id="14" s="C" t="C.ar" l="C"/>
		<a id="15" s="H" t="H" l="H"/>
		<a id="16" s="C" t="C.3" l="C"/>
		<a id="17" s="H" t="H" l="H"/>
		<a id="18" s="H" t="H" l="H"/>
		<a id="19" s="H" t="H" l="H"/>
	</atoms>
	<bonds>
		<b id="1" c="19 16" t="1"/>
		<b id="2" c="11 10" t="1"/>
		<b id="3" c="9 8" t="1"/>
		<b id="4" c="10 8" t="ar"/>
		<b id="5" c="10 12" t="ar"/>
		<b id="6" c="13 12" t="1"/>
		<b id="7" c="8 6" t="ar"/>
		<b id="8" c="12 14" t="ar"/>
		<b id="9" c="16 17" t="1"/>
		<b id="10" c="16 4" t="1"/>
		<b id="11" c="16 18" t="1"/>
		<b id="12" c="6 7" t="1"/>
		<b id="13" c="6 5" t="ar"/>
		<b id="14" c="14 15" t="1"/>
		<b id="15" c="14 5" t="ar"/>
		<b id="16" c="5 4" t="1"/>
		<b id="17" c="4 2" t="2"/>
		<b id="18" c="2 3" t="1"/>
		<b id="19" c="2 1" t="1"/>
	</bonds>
	<geometry>
		<g u="A" t="cart/3d">#19,3:-0.9259,-2.3268,1.3998;-1.6922,-1.6428,1.0273;-2.7330,-1.9276,1.2051;-1.3858,-0.4925,0.3993;0.0258,-0.0968,0.1231;1.0438,-1.0621,-0.0229;0.7892,-2.1228,0.0315;2.3659,-0.6901,-0.2665;3.1321,-1.4620,-0.3813;2.7105,0.6617,-0.3789;3.7461,0.9538,-0.5728;1.7144,1.6327,-0.2526;1.9676,2.6928,-0.3421;0.3894,1.2576,-0.0122;-0.3682,2.0375,0.0866;-2.4792,0.4550,-0.0397;-3.4726,0.0071,0.1077;-2.4543,1.3978,0.5338;-2.3736,0.7275,-1.1034;</g>
	</geometry>
	<conformers/>
	<properties/>
</molecule>
