<?xml version="1.0" ?>
<!--MOLLI PACKAGE EXPERIMENTAL XML FORMAT-->
<molecule name="react_15">
	<atoms>
		<a id="1" s="H" t="H" l="H"/>
		<a id="2" s="C" t="C.2" l="C"/>
		<a id="3" s="H" t="H" l="H"/>
		<a id="4" s="C" t="C.2" l="C"/>
		<a id="5" s="H" t="H" l="H"/>
		<a id="6" s="C" t="C.ar" l="C"/>
		<a id="7" s="C" t="C.ar" l="C"/>
		<a id="8" s="H" t="H" l="H"/>
		<a id="9" s="C" t="C.ar" l="C"/>
		<a id="10" s="H" t="H" l="H"/>
		<a id="11" s="C" t="C.ar" l="C"/>
		<a id="12" s="H" t="H" l="H"/>
		<a id="13" s="C" t="C.ar" l="C"/>
		<a id="14" s="H" t="H" l="H"/>
		<a id="15" s="C" t="C.ar" l="C"/>
		<a id="16" s="H" t="H" l="H"/>
	</atoms>
	<bonds>
		<b id="1" c="5 4" t="1"/>
		<b id="2" c="8 7" t="1"/>
		<b id="3" c="3 2" t="1"/>
		<b id="4" c="4 2" t="2"/>
		<b id="5" c="4 6" t="1"/>
		<b id="6" c="7 6" t="ar"/>
		<b id="7" c="7 9" t="ar"/>
		<b id="8" c="2 1" t="1"/>
		<b id="9" c="10 9" t="1"/>
		<b id="10" c="6 15" t="ar"/>
		<b id="11" c="9 11" t="ar"/>
		<b id="12" c="15 16" t="1"/>
		<b id="13" c="15 13" t="ar"/>
		<b id="14" c="11 13" t="ar"/>
		<b id="15" c="11 12" t="1"/>
		<b id="16" c="13 14" t="1"/>
	</bonds>
	<geometry>
		<g u="A" t="cart/3d">#16,3:2.7686,1.3215,0.0576;2.8637,0.2785,-0.2580;3.8746,-0.0732,-0.4797;1.8099,-0.5437,-0.3733;1.9976,-1.5752,-0.6958;0.3915,-0.2350,-0.1153;-0.5711,-1.2477,-0.2905;-0.2449,-2.2407,-0.6141;-1.9278,-1.0073,-0.0596;-2.6543,-1.8117,-0.2038;-2.3539,0.2574,0.3540;-3.4145,0.4506,0.5353;-1.4101,1.2769,0.5340;-1.7342,2.2699,0.8579;-0.0569,1.0350,0.3027;0.6620,1.8447,0.4487;</g>
	</geometry>
	<conformers/>
	<properties/>
</molecule>
