<?xml version="1.0" ?>
<!--MOLLI PACKAGE EXPERIMENTAL XML FORMAT-->
<molecule name="react_17">
	<atoms>
		<a id="1" s="H" t="H" l="H"/>
		<a id="2" s="C" t="C.2" l="C"/>
		<a id="3" s="H" t="H" l="H"/>
		<a id="4" s="C" t="C.2" l="C"/>
		<a id="5" s="H" t="H" l="H"/>
		<a id="6" s="C" t="C.3" l="C"/>
		<a id="7" s="H" t="H" l="H"/>
		<a id="8" s="H" t="H" l="H"/>
		<a id="9" s="O" t="O.3" l="O"/>
		<a id="10" s="C" t="C.ar" l="C"/>
		<a id="11" s="C" t="C.ar" l="C"/>
		<a id="12" s="H" t="H" l="H"/>
		<a id="13" s="C" t="C.ar" l="C"/>
		<a id="14" s="H" t="H" l="H"/>
		<a id="15" s="C" t="C.ar" l="C"/>
		<a id="16" s="H" t="H" l="H"/>
		<a id="17" s="C" t="C.ar" l="C"/>
		<a id="18" s="C" t="C.ar" l="C"/>
		<a id="19" s="H" t="H" l="H"/>
		<a id="20" s="C" t="C.ar" l="C"/>
		<a id="21" s="H" t="H" l="H"/>
		<a id="22" s="C" t="C.ar" l="C"/>
		<a id="23" s="H" t="H" l="H"/>
		<a id="24" s="C" t="C.ar" l="C"/>
		<a id="25" s="H" t="H" l="H"/>
		<a id="26" s="C" t="C.ar" l="C"/>
	</atoms>
	<bonds>
		<b id="1" c="14 13" t="1"/>
		<b id="2" c="7 6" t="1"/>
		<b id="3" c="12 11" t="1"/>
		<b id="4" c="13 11" t="ar"/>
		<b id="5" c="13 15" t="ar"/>
		<b id="6" c="16 15" t="1"/>
		<b id="7" c="11 10" t="ar"/>
		<b id="8" c="15 17" t="ar"/>
		<b id="9" c="5 4" t="1"/>
		<b id="10" c="6 4" t="1"/>
		<b id="11" c="6 9" t="1"/>
		<b id="12" c="6 8" t="1"/>
		<b id="13" c="10 9" t="1"/>
		<b id="14" c="10 26" t="ar"/>
		<b id="15" c="17 26" t="ar"/>
		<b id="16" c="17 18" t="ar"/>
		<b id="17" c="4 2" t="2"/>
		<b id="18" c="19 18" t="1"/>
		<b id="19" c="26 24" t="ar"/>
		<b id="20" c="18 20" t="ar"/>
		<b id="21" c="2 3" t="1"/>
		<b id="22" c="2 1" t="1"/>
		<b id="23" c="24 25" t="1"/>
		<b id="24" c="24 22" t="ar"/>
		<b id="25" c="20 22" t="ar"/>
		<b id="26" c="20 21" t="1"/>
		<b id="27" c="22 23" t="1"/>
	</bonds>
	<geometry>
		<g u="A" t="cart/3d">#26,3:4.9029,0.7759,1.0406;4.7511,-0.2400,0.6594;5.5483,-0.9635,0.8514;3.6486,-0.5783,-0.0128;3.5154,-1.6040,-0.3776;2.5404,0.3712,-0.3573;2.5238,0.5527,-1.4511;2.6900,1.3480,0.1396;1.3080,-0.2116,0.0408;0.1420,0.4249,-0.2386;0.0516,1.6601,-0.8603;0.9474,2.2023,-1.1631;-1.2197,2.2396,-1.1097;-1.2636,3.2146,-1.6028;-2.3804,1.5976,-0.7434;-3.3561,2.0499,-0.9392;-2.3227,0.3272,-0.0994;-3.4965,-0.3729,0.2975;-4.4699,0.0843,0.0976;-3.4169,-1.6014,0.9214;-4.3297,-2.1242,1.2201;-2.1543,-2.1900,1.1782;-2.1008,-3.1628,1.6745;-0.9940,-1.5402,0.8059;-0.0171,-1.9847,1.0006;-1.0482,-0.2747,0.1619;</g>
	</geometry>
	<conformers/>
	<properties/>
</molecule>
