<?xml version="1.0" ?>
<!--MOLLI PACKAGE EXPERIMENTAL XML FORMAT-->
<molecule name="react_18">
	<atoms>
		<a id="1" s="H" t="H" l="H"/>
		<a id="2" s="C" t="C.2" l="C"/>
		<a id="3" s="H" t="H" l="H"/>
		<a id="4" s="C" t="C.2" l="C"/>
		<a id="5" s="H" t="H" l="H"/>
		<a id="6" s="C" t="C.ar" l="C"/>
		<a id="7" s="C" t="C.ar" l="C"/>
		<a id="8" s="H" t="H" l="H"/>
		<a id="9" s="C" t="C.ar" l="C"/>
		<a id="10" s="H" t="H" l="H"/>
		<a id="11" s="C" t="C.ar" l="C"/>
		<a id="12" s="H" t="H" l="H"/>
		<a id="13" s="C" t="C.ar" l="C"/>
		<a id="14" s="O" t="O.3" l="O"/>
		<a id="15" s="C" t="C.3" l="C"/>
		<a id="16" s="H" t="H" l="H"/>
		<a id="17" s="H" t="H" l="H"/>
		<a id="18" s="H" t="H" l="H"/>
		<a id="19" s="C" t="C.ar" l="C"/>
		<a id="20" s="H" t="H" l="H"/>
	</atoms>
	<bonds>
		<b id="1" c="17 15" t="1"/>
		<b id="2" c="20 19" t="1"/>
		<b id="3" c="5 4" t="1"/>
		<b id="4" c="14 15" t="1"/>
		<b id="5" c="14 13" t="1"/>
		<b id="6" c="15 18" t="1"/>
		<b id="7" c="15 16" t="1"/>
		<b id="8" c="19 13" t="ar"/>
		<b id="9" c="19 6" t="ar"/>
		<b id="10" c="4 6" t="1"/>
		<b id="11" c="4 2" t="2"/>
		<b id="12" c="13 11" t="ar"/>
		<b id="13" c="3 2" t="1"/>
		<b id="14" c="6 7" t="ar"/>
		<b id="15" c="2 1" t="1"/>
		<b id="16" c="11 12" t="1"/>
		<b id="17" c="11 9" t="ar"/>
		<b id="18" c="7 9" t="ar"/>
		<b id="19" c="7 8" t="1"/>
		<b id="20" c="9 10" t="1"/>
	</bonds>
	<geometry>
		<g u="A" t="cart/3d">#20,3:3.7965,0.5694,1.3524;3.7553,0.6762,0.2645;4.6980,0.9057,-0.2390;2.6194,0.5375,-0.4353;2.6673,0.6619,-1.5238;1.2740,0.2314,0.0866;1.0083,0.0291,1.4596;1.8154,0.0947,2.1917;-0.2845,-0.2546,1.8844;-0.4828,-0.4092,2.9488;-1.3492,-0.3477,0.9752;-2.3519,-0.5713,1.3405;-1.0977,-0.1494,-0.3895;-2.0420,-0.2126,-1.3645;-3.3778,-0.4910,-1.0132;-3.7953,0.2770,-0.3362;-3.9549,-0.4905,-1.9483;-3.4802,-1.4808,-0.5311;0.2092,0.1372,-0.8194;0.3729,0.2869,-1.8895;</g>
	</geometry>
	<conformers/>
	<properties/>
</molecule>
