<?xml version="1.0" ?>
<!--MOLLI PACKAGE EXPERIMENTAL XML FORMAT-->
<molecule name="react_19">
	<atoms>
		<a id="1" s="H" t="H" l="H"/>
		<a id="2" s="C" t="C.2" l="C"/>
		<a id="3" s="H" t="H" l="H"/>
		<a id="4" s="C" t="C.2" l="C"/>
		<a id="5" s="H" t="H" l="H"/>
		<a id="6" s="C" t="C.ar" l="C"/>
		<a id="7" s="C" t="C.ar" l="C"/>
		<a id="8" s="H" t="H" l="H"/>
		<a id="9" s="C" t="C.ar" l="C"/>
		<a id="10" s="O" t="O.3" l="O"/>
		<a id="11" s="C" t="C.3" l="C"/>
		<a id="12" s="H" t="H" l="H"/>
		<a id="13" s="H" t="H" l="H"/>
		<a id="14" s="H" t="H" l="H"/>
		<a id="15" s="C" t="C.ar" l="C"/>
		<a id="16" s="O" t="O.3" l="O"/>
		<a id="17" s="C" t="C.3" l="C"/>
		<a id="18" s="H" t="H" l="H"/>
		<a id="19" s="H" t="H" l="H"/>
		<a id="20" s="H" t="H" l="H"/>
		<a id="21" s="C" t="C.ar" l="C"/>
		<a id="22" s="O" t="O.3" l="O"/>
		<a id="23" s="C" t="C.3" l="C"/>
		<a id="24" s="H" t="H" l="H"/>
		<a id="25" s="H" t="H" l="H"/>
		<a id="26" s="H" t="H" l="H"/>
		<a id="27" s="C" t="C.ar" l="C"/>
		<a id="28" s="H" t="H" l="H"/>
	</atoms>
	<bonds>
		<b id="1" c="18 17" t="1"/>
		<b id="2" c="19 17" t="1"/>
		<b id="3" c="17 20" t="1"/>
		<b id="4" c="17 16" t="1"/>
		<b id="5" c="12 11" t="1"/>
		<b id="6" c="25 23" t="1"/>
		<b id="7" c="5 4" t="1"/>
		<b id="8" c="13 11" t="1"/>
		<b id="9" c="8 7" t="1"/>
		<b id="10" c="11 10" t="1"/>
		<b id="11" c="11 14" t="1"/>
		<b id="12" c="10 9" t="1"/>
		<b id="13" c="4 6" t="1"/>
		<b id="14" c="4 2" t="2"/>
		<b id="15" c="3 2" t="1"/>
		<b id="16" c="7 6" t="ar"/>
		<b id="17" c="7 9" t="ar"/>
		<b id="18" c="6 27" t="ar"/>
		<b id="19" c="9 15" t="ar"/>
		<b id="20" c="2 1" t="1"/>
		<b id="21" c="27 28" t="1"/>
		<b id="22" c="27 21" t="ar"/>
		<b id="23" c="21 15" t="ar"/>
		<b id="24" c="21 22" t="1"/>
		<b id="25" c="15 16" t="1"/>
		<b id="26" c="22 23" t="1"/>
		<b id="27" c="23 26" t="1"/>
		<b id="28" c="23 24" t="1"/>
	</bonds>
	<geometry>
		<g u="A" t="cart/3d">#28,3:0.0561,4.0968,0.2186;1.1264,3.8766,0.1673;1.7994,4.7375,0.1422;1.6097,2.6251,0.1370;2.6982,2.4994,0.0882;0.8518,1.3607,0.1627;1.5706,0.1526,0.1422;2.6595,0.1888,0.1040;0.9002,-1.0798,0.1658;1.5140,-2.2905,0.1369;2.9214,-2.3476,0.1087;3.3381,-1.8654,-0.7949;3.1908,-3.4128,0.0982;3.3710,-1.8754,1.0014;-0.5064,-1.1159,0.2291;-1.1660,-2.3044,0.3214;-1.4846,-2.9315,-0.9102;-2.1460,-2.2963,-1.5266;-0.5741,-3.1753,-1.4861;-2.0132,-3.8650,-0.6678;-1.2293,0.0983,0.2278;-2.5793,-0.0355,0.2540;-3.3839,1.1203,0.2865;-3.1887,1.7327,1.1858;-3.2389,1.7512,-0.6099;-4.4266,0.7744,0.3125;-0.5542,1.3244,0.2051;-1.1158,2.2571,0.2129;</g>
	</geometry>
	<conformers/>
	<properties/>
</molecule>
