<?xml version="1.0" ?>
<!--MOLLI PACKAGE EXPERIMENTAL XML FORMAT-->
<molecule name="react_21">
	<atoms>
		<a id="1" s="H" t="H" l="H"/>
		<a id="2" s="C" t="C.2" l="C"/>
		<a id="3" s="H" t="H" l="H"/>
		<a id="4" s="C" t="C.2" l="C"/>
		<a id="5" s="H" t="H" l="H"/>
		<a id="6" s="C" t="C.3" l="C"/>
		<a id="7" s="H" t="H" l="H"/>
		<a id="8" s="H" t="H" l="H"/>
		<a id="9" s="O" t="O.3" l="O"/>
		<a id="10" s="C" t="C.3" l="C"/>
		<a id="11" s="H" t="H" l="H"/>
		<a id="12" s="H" t="H" l="H"/>
		<a id="13" s="C" t="C.3" l="C"/>
		<a id="14" s="H" t="H" l="H"/>
		<a id="15" s="H" t="H" l="H"/>
		<a id="16" s="O" t="O.3" l="O"/>
		<a id="17" s="C" t="C.ar" l="C"/>
		<a id="18" s="C" t="C.ar" l="C"/>
		<a id="19" s="H" t="H" l="H"/>
		<a id="20" s="C" t="C.ar" l="C"/>
		<a id="21" s="H" t="H" l="H"/>
		<a id="22" s="C" t="C.ar" l="C"/>
		<a id="23" s="Br" t="Br" l="BR"/>
		<a id="24" s="C" t="C.ar" l="C"/>
		<a id="25" s="H" t="H" l="H"/>
		<a id="26" s="C" t="C.ar" l="C"/>
		<a id="27" s="H" t="H" l="H"/>
	</atoms>
	<bonds>
		<b id="1" c="3 2" t="1"/>
		<b id="2" c="1 2" t="1"/>
		<b id="3" c="2 4" t="2"/>
		<b id="4" c="21 20" t="1"/>
		<b id="5" c="14 13" t="1"/>
		<b id="6" c="19 18" t="1"/>
		<b id="7" c="20 18" t="ar"/>
		<b id="8" c="20 22" t="ar"/>
		<b id="9" c="4 5" t="1"/>
		<b id="10" c="4 6" t="1"/>
		<b id="11" c="23 22" t="1"/>
		<b id="12" c="18 17" t="ar"/>
		<b id="13" c="22 24" t="ar"/>
		<b id="14" c="9 6" t="1"/>
		<b id="15" c="9 10" t="1"/>
		<b id="16" c="8 6" t="1"/>
		<b id="17" c="13 10" t="1"/>
		<b id="18" c="13 15" t="1"/>
		<b id="19" c="13 16" t="1"/>
		<b id="20" c="6 7" t="1"/>
		<b id="21" c="17 16" t="1"/>
		<b id="22" c="17 26" t="ar"/>
		<b id="23" c="12 10" t="1"/>
		<b id="24" c="24 26" t="ar"/>
		<b id="25" c="24 25" t="1"/>
		<b id="26" c="10 11" t="1"/>
		<b id="27" c="26 27" t="1"/>
	</bonds>
	<geometry>
		<g u="A" t="cart/3d">#27,3:-2.8460,-0.7841,-1.7857;-3.9112,-0.6655,-1.5732;-4.6191,-1.2703,-2.1465;-4.3322,0.1906,-0.6403;-5.4036,0.3011,-0.4311;-3.4421,1.0598,0.1986;-3.6062,0.8246,1.2747;-3.7470,2.1247,0.0778;-2.0929,0.8880,-0.1459;-1.2000,1.6663,0.6040;-1.3054,1.4650,1.6903;-1.3875,2.7509,0.4496;0.2191,1.3597,0.1761;0.2898,1.4249,-0.9254;0.9035,2.1125,0.6124;0.5571,0.0612,0.6236;1.7709,-0.4620,0.3224;2.7705,0.2048,-0.4035;2.6141,1.2150,-0.7826;3.9953,-0.4275,-0.6536;4.7690,0.0954,-1.2190;4.2241,-1.7191,-0.1821;5.8956,-2.5778,-0.5234;3.2318,-2.3933,0.5413;3.4120,-3.4058,0.9076;2.0148,-1.7664,0.7900;1.2259,-2.2725,1.3502;</g>
	</geometry>
	<conformers/>
	<properties/>
</molecule>
