<?xml version="1.0" ?>
<!--MOLLI PACKAGE EXPERIMENTAL XML FORMAT-->
<molecule name="react_23">
	<atoms>
		<a id="1" s="H" t="H" l="H"/>
		<a id="2" s="C" t="C.2" l="C"/>
		<a id="3" s="H" t="H" l="H"/>
		<a id="4" s="C" t="C.2" l="C"/>
		<a id="5" s="H" t="H" l="H"/>
		<a id="6" s="C" t="C.ar" l="C"/>
		<a id="7" s="C" t="C.ar" l="C"/>
		<a id="8" s="H" t="H" l="H"/>
		<a id="9" s="C" t="C.ar" l="C"/>
		<a id="10" s="H" t="H" l="H"/>
		<a id="11" s="C" t="C.ar" l="C"/>
		<a id="12" s="H" t="H" l="H"/>
		<a id="13" s="C" t="C.ar" l="C"/>
		<a id="14" s="C" t="C.ar" l="C"/>
		<a id="15" s="C" t="C.3" l="C"/>
		<a id="16" s="H" t="H" l="H"/>
		<a id="17" s="H" t="H" l="H"/>
		<a id="18" s="H" t="H" l="H"/>
		<a id="19" s="C" t="C.ar" l="C"/>
		<a id="20" s="C" t="C.3" l="C"/>
		<a id="21" s="H" t="H" l="H"/>
		<a id="22" s="H" t="H" l="H"/>
		<a id="23" s="H" t="H" l="H"/>
		<a id="24" s="O" t="O.2" l="O"/>
		<a id="25" s="C" t="C.ar" l="C"/>
	</atoms>
	<bonds>
		<b id="1" c="17 15" t="1"/>
		<b id="2" c="22 20" t="1"/>
		<b id="3" c="12 11" t="1"/>
		<b id="4" c="15 16" t="1"/>
		<b id="5" c="15 14" t="1"/>
		<b id="6" c="15 18" t="1"/>
		<b id="7" c="10 9" t="1"/>
		<b id="8" c="11 9" t="ar"/>
		<b id="9" c="11 13" t="ar"/>
		<b id="10" c="9 7" t="ar"/>
		<b id="11" c="14 13" t="ar"/>
		<b id="12" c="14 19" t="ar"/>
		<b id="13" c="13 25" t="ar"/>
		<b id="14" c="21 20" t="1"/>
		<b id="15" c="7 8" t="1"/>
		<b id="16" c="7 6" t="ar"/>
		<b id="17" c="19 20" t="1"/>
		<b id="18" c="19 24" t="ar"/>
		<b id="19" c="25 6" t="ar"/>
		<b id="20" c="25 24" t="ar"/>
		<b id="21" c="20 23" t="1"/>
		<b id="22" c="6 4" t="1"/>
		<b id="23" c="4 5" t="1"/>
		<b id="24" c="4 2" t="2"/>
		<b id="25" c="3 2" t="1"/>
		<b id="26" c="2 1" t="1"/>
	</bonds>
	<geometry>
		<g u="A" t="cart/3d">#25,3:4.6326,-1.9706,0.5953;4.0570,-1.0535,0.4453;4.6267,-0.1208,0.3990;2.7208,-1.0944,0.3282;2.2227,-2.0675,0.3887;1.8124,0.0443,0.1241;2.2158,1.3876,-0.0075;3.2802,1.6289,0.0389;1.2946,2.4297,-0.1985;1.6669,3.4530,-0.2945;-0.0804,2.1874,-0.2691;-0.7866,3.0080,-0.4188;-0.5233,0.8614,-0.1434;-1.8171,0.2032,-0.1593;-3.1430,0.8764,-0.3348;-3.9763,0.1589,-0.3062;-3.1972,1.4111,-1.2989;-3.3207,1.6248,0.4568;-1.5554,-1.1280,0.0172;-2.4201,-2.3358,0.0956;-3.4796,-2.0659,-0.0088;-2.1652,-3.0570,-0.6998;-2.2872,-2.8553,1.0600;-0.2033,-1.3645,0.1436;0.4261,-0.1612,0.0467;</g>
	</geometry>
	<conformers/>
	<properties/>
</molecule>
