<?xml version="1.0" ?>
<!--MOLLI PACKAGE EXPERIMENTAL XML FORMAT-->
<molecule name="react_24">
	<atoms>
		<a id="1" s="H" t="H" l="H"/>
		<a id="2" s="C" t="C.2" l="C"/>
		<a id="3" s="H" t="H" l="H"/>
		<a id="4" s="C" t="C.2" l="C"/>
		<a id="5" s="H" t="H" l="H"/>
		<a id="6" s="C" t="C.3" l="C"/>
		<a id="7" s="H" t="H" l="H"/>
		<a id="8" s="H" t="H" l="H"/>
		<a id="9" s="C" t="C.2" l="C"/>
		<a id="10" s="O" t="O.2" l="O"/>
		<a id="11" s="C" t="C.3" l="C"/>
		<a id="12" s="S" t="S.3" l="S"/>
		<a id="13" s="C" t="C.ar" l="C"/>
		<a id="14" s="C" t="C.ar" l="C"/>
		<a id="15" s="H" t="H" l="H"/>
		<a id="16" s="C" t="C.ar" l="C"/>
		<a id="17" s="H" t="H" l="H"/>
		<a id="18" s="C" t="C.ar" l="C"/>
		<a id="19" s="H" t="H" l="H"/>
		<a id="20" s="C" t="C.ar" l="C"/>
		<a id="21" s="H" t="H" l="H"/>
		<a id="22" s="C" t="C.ar" l="C"/>
		<a id="23" s="H" t="H" l="H"/>
		<a id="24" s="C" t="C.3" l="C"/>
		<a id="25" s="H" t="H" l="H"/>
		<a id="26" s="H" t="H" l="H"/>
		<a id="27" s="H" t="H" l="H"/>
		<a id="28" s="C" t="C.3" l="C"/>
		<a id="29" s="H" t="H" l="H"/>
		<a id="30" s="H" t="H" l="H"/>
		<a id="31" s="H" t="H" l="H"/>
	</atoms>
	<bonds>
		<b id="1" c="21 20" t="1"/>
		<b id="2" c="20 22" t="ar"/>
		<b id="3" c="20 18" t="ar"/>
		<b id="4" c="23 22" t="1"/>
		<b id="5" c="19 18" t="1"/>
		<b id="6" c="22 13" t="ar"/>
		<b id="7" c="18 16" t="ar"/>
		<b id="8" c="8 6" t="1"/>
		<b id="9" c="7 6" t="1"/>
		<b id="10" c="3 2" t="1"/>
		<b id="11" c="13 14" t="ar"/>
		<b id="12" c="13 12" t="1"/>
		<b id="13" c="16 17" t="1"/>
		<b id="14" c="16 14" t="ar"/>
		<b id="15" c="6 4" t="1"/>
		<b id="16" c="6 9" t="1"/>
		<b id="17" c="14 15" t="1"/>
		<b id="18" c="12 11" t="1"/>
		<b id="19" c="2 4" t="2"/>
		<b id="20" c="2 1" t="1"/>
		<b id="21" c="4 5" t="1"/>
		<b id="22" c="9 10" t="2"/>
		<b id="23" c="9 11" t="1"/>
		<b id="24" c="30 28" t="1"/>
		<b id="25" c="11 28" t="1"/>
		<b id="26" c="11 24" t="1"/>
		<b id="27" c="27 24" t="1"/>
		<b id="28" c="28 29" t="1"/>
		<b id="29" c="28 31" t="1"/>
		<b id="30" c="24 25" t="1"/>
		<b id="31" c="24 26" t="1"/>
	</bonds>
	<geometry>
		<g u="A" t="cart/3d">#31,3:4.6189,3.1257,0.5169;3.7786,2.6943,-0.0349;3.2941,3.3309,-0.7825;3.3638,1.4450,0.1950;3.8780,0.8480,0.9581;2.2056,0.7824,-0.5106;2.4727,-0.2370,-0.8283;1.9396,1.3648,-1.4057;0.9393,0.7543,0.3643;0.2037,1.7158,0.3930;0.6041,-0.5124,1.1730;0.0514,-1.7882,-0.1122;-1.5330,-1.1829,-0.6930;-2.7172,-1.6740,-0.1183;-2.6565,-2.3875,0.7066;-3.9601,-1.2567,-0.6029;-4.8768,-1.6431,-0.1494;-4.0304,-0.3494,-1.6649;-5.0031,-0.0234,-2.0430;-2.8545,0.1353,-2.2464;-2.9046,0.8407,-3.0801;-1.6098,-0.2827,-1.7679;-0.6922,0.0857,-2.2306;-0.4894,-0.2300,2.1983;-0.7792,-1.1564,2.7165;-0.1175,0.4900,2.9463;-1.3754,0.2169,1.7300;1.8321,-1.1530,1.8355;1.5351,-2.0692,2.3685;2.6140,-1.4266,1.1117;2.2689,-0.4575,2.5707;</g>
	</geometry>
	<conformers/>
	<properties/>
</molecule>
