<?xml version="1.0" ?>
<!--MOLLI PACKAGE EXPERIMENTAL XML FORMAT-->
<molecule name="react_26">
	<atoms>
		<a id="1" s="H" t="H" l="H"/>
		<a id="2" s="C" t="C.2" l="C"/>
		<a id="3" s="H" t="H" l="H"/>
		<a id="4" s="C" t="C.2" l="C"/>
		<a id="5" s="H" t="H" l="H"/>
		<a id="6" s="C" t="C.3" l="C"/>
		<a id="7" s="H" t="H" l="H"/>
		<a id="8" s="H" t="H" l="H"/>
		<a id="9" s="C" t="C.3" l="C"/>
		<a id="10" s="H" t="H" l="H"/>
		<a id="11" s="H" t="H" l="H"/>
		<a id="12" s="C" t="C.3" l="C"/>
		<a id="13" s="H" t="H" l="H"/>
		<a id="14" s="H" t="H" l="H"/>
		<a id="15" s="C" t="C.3" l="C"/>
		<a id="16" s="H" t="H" l="H"/>
		<a id="17" s="H" t="H" l="H"/>
		<a id="18" s="C" t="C.3" l="C"/>
		<a id="19" s="H" t="H" l="H"/>
		<a id="20" s="H" t="H" l="H"/>
		<a id="21" s="C" t="C.3" l="C"/>
		<a id="22" s="H" t="H" l="H"/>
		<a id="23" s="H" t="H" l="H"/>
		<a id="24" s="C" t="C.3" l="C"/>
		<a id="25" s="H" t="H" l="H"/>
		<a id="26" s="H" t="H" l="H"/>
		<a id="27" s="C" t="C.3" l="C"/>
		<a id="28" s="H" t="H" l="H"/>
		<a id="29" s="H" t="H" l="H"/>
		<a id="30" s="C" t="C.2" l="C"/>
		<a id="31" s="O" t="O.2" l="O"/>
		<a id="32" s="C" t="C.3" l="C"/>
		<a id="33" s="H" t="H" l="H"/>
		<a id="34" s="H" t="H" l="H"/>
		<a id="35" s="C" t="C.3" l="C"/>
		<a id="36" s="H" t="H" l="H"/>
		<a id="37" s="H" t="H" l="H"/>
		<a id="38" s="H" t="H" l="H"/>
	</atoms>
	<bonds>
		<b id="1" c="11 9" t="1"/>
		<b id="2" c="16 15" t="1"/>
		<b id="3" c="10 9" t="1"/>
		<b id="4" c="17 15" t="1"/>
		<b id="5" c="7 6" t="1"/>
		<b id="6" c="31 30" t="2"/>
		<b id="7" c="9 6" t="1"/>
		<b id="8" c="9 12" t="1"/>
		<b id="9" c="36 35" t="1"/>
		<b id="10" c="15 12" t="1"/>
		<b id="11" c="15 18" t="1"/>
		<b id="12" c="26 24" t="1"/>
		<b id="13" c="25 24" t="1"/>
		<b id="14" c="20 18" t="1"/>
		<b id="15" c="6 8" t="1"/>
		<b id="16" c="6 4" t="1"/>
		<b id="17" c="37 35" t="1"/>
		<b id="18" c="1 2" t="1"/>
		<b id="19" c="12 13" t="1"/>
		<b id="20" c="12 14" t="1"/>
		<b id="21" c="24 21" t="1"/>
		<b id="22" c="24 27" t="1"/>
		<b id="23" c="35 38" t="1"/>
		<b id="24" c="35 32" t="1"/>
		<b id="25" c="18 19" t="1"/>
		<b id="26" c="18 21" t="1"/>
		<b id="27" c="30 32" t="1"/>
		<b id="28" c="30 27" t="1"/>
		<b id="29" c="2 4" t="2"/>
		<b id="30" c="2 3" t="1"/>
		<b id="31" c="4 5" t="1"/>
		<b id="32" c="32 34" t="1"/>
		<b id="33" c="32 33" t="1"/>
		<b id="34" c="21 22" t="1"/>
		<b id="35" c="21 23" t="1"/>
		<b id="36" c="27 28" t="1"/>
		<b id="37" c="27 29" t="1"/>
	</bonds>
	<geometry>
		<g u="A" t="cart/3d">#38,3:-6.7919,1.2865,-0.3844;-6.2942,0.8290,0.4783;-6.9402,0.4237,1.2629;-4.9614,0.7741,0.5682;-4.5179,0.3082,1.4581;-3.9989,1.2985,-0.4637;-4.5620,1.8539,-1.2330;-3.3208,2.0306,0.0161;-3.1402,0.2175,-1.1521;-3.8082,-0.5088,-1.6499;-2.5596,0.7003,-1.9590;-2.1720,-0.5304,-0.2279;-1.5410,0.2079,0.3008;-2.7371,-1.0639,0.5583;-1.2876,-1.5376,-0.9729;-0.6818,-1.0027,-1.7268;-1.9383,-2.2194,-1.5499;-0.3770,-2.3907,-0.0750;-1.0098,-2.9725,0.6200;0.1396,-3.1365,-0.7063;0.6769,-1.6301,0.7463;1.1938,-2.3549,1.4019;0.1786,-0.9197,1.4316;1.7210,-0.8821,-0.0897;1.2419,-0.1219,-0.7276;2.2106,-1.5818,-0.7901;2.7893,-0.1957,0.7594;3.3392,-0.9243,1.3842;2.3220,0.4977,1.4861;3.7997,0.6189,-0.0405;3.6572,0.8282,-1.2260;4.9977,1.1636,0.7308;4.6232,1.6461,1.6525;5.5770,0.2903,1.0872;5.8759,2.1093,-0.0810;6.2486,1.6149,-0.9906;5.3081,2.9948,-0.4062;6.7399,2.4511,0.5099;</g>
	</geometry>
	<conformers/>
	<properties/>
</molecule>
