<?xml version="1.0" ?>
<!--MOLLI PACKAGE EXPERIMENTAL XML FORMAT-->
<molecule name="react_62">
	<atoms>
		<a id="1" s="H" t="H" l="H"/>
		<a id="2" s="C" t="C.2" l="C"/>
		<a id="3" s="C" t="C.2" l="C"/>
		<a id="4" s="H" t="H" l="H"/>
		<a id="5" s="C" t="C.3" l="C"/>
		<a id="6" s="H" t="H" l="H"/>
		<a id="7" s="H" t="H" l="H"/>
		<a id="8" s="C" t="C.3" l="C"/>
		<a id="9" s="H" t="H" l="H"/>
		<a id="10" s="H" t="H" l="H"/>
		<a id="11" s="O" t="O.3" l="O"/>
		<a id="12" s="C" t="C.3" l="C"/>
		<a id="13" s="H" t="H" l="H"/>
		<a id="14" s="H" t="H" l="H"/>
		<a id="15" s="H" t="H" l="H"/>
		<a id="16" s="C" t="C.3" l="C"/>
		<a id="17" s="H" t="H" l="H"/>
		<a id="18" s="H" t="H" l="H"/>
		<a id="19" s="C" t="C.3" l="C"/>
		<a id="20" s="H" t="H" l="H"/>
		<a id="21" s="H" t="H" l="H"/>
		<a id="22" s="H" t="H" l="H"/>
	</atoms>
	<bonds>
		<b id="1" c="10 8" t="1"/>
		<b id="2" c="9 8" t="1"/>
		<b id="3" c="13 12" t="1"/>
		<b id="4" c="8 11" t="1"/>
		<b id="5" c="8 5" t="1"/>
		<b id="6" c="17 16" t="1"/>
		<b id="7" c="1 2" t="1"/>
		<b id="8" c="4 3" t="1"/>
		<b id="9" c="11 12" t="1"/>
		<b id="10" c="2 3" t="2"/>
		<b id="11" c="2 16" t="1"/>
		<b id="12" c="3 5" t="1"/>
		<b id="13" c="12 14" t="1"/>
		<b id="14" c="12 15" t="1"/>
		<b id="15" c="16 18" t="1"/>
		<b id="16" c="16 19" t="1"/>
		<b id="17" c="5 7" t="1"/>
		<b id="18" c="5 6" t="1"/>
		<b id="19" c="21 19" t="1"/>
		<b id="20" c="19 22" t="1"/>
		<b id="21" c="19 20" t="1"/>
	</bonds>
	<geometry>
		<g u="A" t="cart/3d">#22,3:-2.5097,-1.4637,-0.6967;-1.6886,-0.8427,-0.3129;-0.4653,-1.3952,-0.2898;-0.3738,-2.4212,-0.6710;0.8260,-0.7757,0.1704;1.3038,-1.4275,0.9245;0.6482,0.1954,0.6579;1.8300,-0.6098,-0.9856;1.9640,-1.5809,-1.4917;1.4200,0.0955,-1.7387;3.1143,-0.2056,-0.5697;3.2511,1.1617,-0.2854;2.9586,1.7949,-1.1489;4.3118,1.3508,-0.0608;2.6534,1.4861,0.5899;-2.1025,0.5290,0.1490;-2.5372,1.0743,-0.7103;-1.2272,1.1165,0.4696;-3.1414,0.4888,1.2805;-2.7305,0.0022,2.1801;-4.0391,-0.0771,0.9793;-3.4658,1.5044,1.5604;</g>
	</geometry>
	<conformers/>
	<properties/>
</molecule>
