<?xml version="1.0" ?>
<!--MOLLI PACKAGE EXPERIMENTAL XML FORMAT-->
<molecule name="react_27">
	<atoms>
		<a id="1" s="H" t="H" l="H"/>
		<a id="2" s="C" t="C.2" l="C"/>
		<a id="3" s="H" t="H" l="H"/>
		<a id="4" s="C" t="C.2" l="C"/>
		<a id="5" s="H" t="H" l="H"/>
		<a id="6" s="C" t="C.3" l="C"/>
		<a id="7" s="H" t="H" l="H"/>
		<a id="8" s="H" t="H" l="H"/>
		<a id="9" s="C" t="C.2" l="C"/>
		<a id="10" s="O" t="O.2" l="O"/>
		<a id="11" s="C" t="C.3" l="C"/>
		<a id="12" s="S" t="S.3" l="S"/>
		<a id="13" s="C" t="C.ar" l="C"/>
		<a id="14" s="C" t="C.ar" l="C"/>
		<a id="15" s="H" t="H" l="H"/>
		<a id="16" s="C" t="C.ar" l="C"/>
		<a id="17" s="H" t="H" l="H"/>
		<a id="18" s="C" t="C.ar" l="C"/>
		<a id="19" s="H" t="H" l="H"/>
		<a id="20" s="C" t="C.ar" l="C"/>
		<a id="21" s="H" t="H" l="H"/>
		<a id="22" s="C" t="C.ar" l="C"/>
		<a id="23" s="H" t="H" l="H"/>
		<a id="24" s="C" t="C.3" l="C"/>
		<a id="25" s="H" t="H" l="H"/>
		<a id="26" s="H" t="H" l="H"/>
		<a id="27" s="C" t="C.3" l="C"/>
		<a id="28" s="H" t="H" l="H"/>
		<a id="29" s="H" t="H" l="H"/>
		<a id="30" s="C" t="C.3" l="C"/>
		<a id="31" s="H" t="H" l="H"/>
		<a id="32" s="H" t="H" l="H"/>
		<a id="33" s="C" t="C.3" l="C"/>
		<a id="34" s="H" t="H" l="H"/>
		<a id="35" s="H" t="H" l="H"/>
	</atoms>
	<bonds>
		<b id="1" c="5 4" t="1"/>
		<b id="2" c="10 9" t="2"/>
		<b id="3" c="25 24" t="1"/>
		<b id="4" c="4 6" t="1"/>
		<b id="5" c="4 2" t="2"/>
		<b id="6" c="8 6" t="1"/>
		<b id="7" c="9 6" t="1"/>
		<b id="8" c="9 11" t="1"/>
		<b id="9" c="1 2" t="1"/>
		<b id="10" c="26 24" t="1"/>
		<b id="11" c="24 11" t="1"/>
		<b id="12" c="24 27" t="1"/>
		<b id="13" c="6 7" t="1"/>
		<b id="14" c="35 33" t="1"/>
		<b id="15" c="2 3" t="1"/>
		<b id="16" c="29 27" t="1"/>
		<b id="17" c="11 33" t="1"/>
		<b id="18" c="11 12" t="1"/>
		<b id="19" c="21 20" t="1"/>
		<b id="20" c="27 30" t="1"/>
		<b id="21" c="27 28" t="1"/>
		<b id="22" c="33 30" t="1"/>
		<b id="23" c="33 34" t="1"/>
		<b id="24" c="32 30" t="1"/>
		<b id="25" c="20 22" t="ar"/>
		<b id="26" c="20 18" t="ar"/>
		<b id="27" c="23 22" t="1"/>
		<b id="28" c="19 18" t="1"/>
		<b id="29" c="22 13" t="ar"/>
		<b id="30" c="30 31" t="1"/>
		<b id="31" c="18 16" t="ar"/>
		<b id="32" c="13 14" t="ar"/>
		<b id="33" c="13 12" t="1"/>
		<b id="34" c="16 17" t="1"/>
		<b id="35" c="16 14" t="ar"/>
		<b id="36" c="14 15" t="1"/>
	</bonds>
	<geometry>
		<g u="A" t="cart/3d">#35,3:-0.7837,-5.2109,-1.0581;-1.1849,-4.2968,-0.6104;-1.5403,-4.3666,0.4238;-1.2400,-3.1529,-1.2987;-0.8635,-3.1140,-2.3267;-1.7833,-1.8579,-0.7643;-1.9859,-1.9183,0.3151;-2.7551,-1.6351,-1.2515;-0.8957,-0.6493,-1.0736;-0.1060,-0.6616,-1.9939;-1.0403,0.5862,-0.1866;-0.2212,0.1428,1.4576;1.5282,0.0710,1.0716;2.3486,1.1714,1.3715;1.9022,2.0728,1.7975;3.7248,1.1089,1.1337;4.3560,1.9696,1.3706;4.2908,-0.0509,0.5951;5.3669,-0.0989,0.4077;3.4788,-1.1514,0.3017;3.9176,-2.0616,-0.1156;2.1036,-1.0968,0.5439;1.4740,-1.9615,0.3245;-0.4730,1.8682,-0.8076;-0.8173,1.9043,-1.8555;0.6252,1.8780,-0.8454;-1.0843,3.0208,0.0109;-0.4104,3.3044,0.8336;-1.2268,3.9215,-0.6062;-2.4229,2.4742,0.5835;-2.4438,2.5713,1.6792;-3.2962,3.0254,0.2011;-2.4923,0.9845,0.1693;-2.9426,0.3428,0.9425;-3.1071,0.8665,-0.7400;</g>
	</geometry>
	<conformers/>
	<properties/>
</molecule>
