<?xml version="1.0" ?>
<!--MOLLI PACKAGE EXPERIMENTAL XML FORMAT-->
<molecule name="react_29">
	<atoms>
		<a id="1" s="H" t="H" l="H"/>
		<a id="2" s="C" t="C.2" l="C"/>
		<a id="3" s="H" t="H" l="H"/>
		<a id="4" s="C" t="C.2" l="C"/>
		<a id="5" s="H" t="H" l="H"/>
		<a id="6" s="C" t="C.3" l="C"/>
		<a id="7" s="H" t="H" l="H"/>
		<a id="8" s="H" t="H" l="H"/>
		<a id="9" s="C" t="C.3" l="C"/>
		<a id="10" s="H" t="H" l="H"/>
		<a id="11" s="H" t="H" l="H"/>
		<a id="12" s="C" t="C.3" l="C"/>
		<a id="13" s="H" t="H" l="H"/>
		<a id="14" s="H" t="H" l="H"/>
		<a id="15" s="C" t="C.3" l="C"/>
		<a id="16" s="H" t="H" l="H"/>
		<a id="17" s="H" t="H" l="H"/>
		<a id="18" s="C" t="C.3" l="C"/>
		<a id="19" s="H" t="H" l="H"/>
		<a id="20" s="H" t="H" l="H"/>
		<a id="21" s="C" t="C.3" l="C"/>
		<a id="22" s="H" t="H" l="H"/>
		<a id="23" s="H" t="H" l="H"/>
		<a id="24" s="C" t="C.3" l="C"/>
		<a id="25" s="H" t="H" l="H"/>
		<a id="26" s="H" t="H" l="H"/>
		<a id="27" s="C" t="C.3" l="C"/>
		<a id="28" s="H" t="H" l="H"/>
		<a id="29" s="H" t="H" l="H"/>
		<a id="30" s="C" t="C.3" l="C"/>
		<a id="31" s="H" t="H" l="H"/>
		<a id="32" s="H" t="H" l="H"/>
		<a id="33" s="C" t="C.3" l="C"/>
		<a id="34" s="H" t="H" l="H"/>
		<a id="35" s="H" t="H" l="H"/>
		<a id="36" s="C" t="C.3" l="C"/>
		<a id="37" s="H" t="H" l="H"/>
		<a id="38" s="H" t="H" l="H"/>
		<a id="39" s="C" t="C.3" l="C"/>
		<a id="40" s="H" t="H" l="H"/>
		<a id="41" s="H" t="H" l="H"/>
		<a id="42" s="C" t="C.3" l="C"/>
		<a id="43" s="H" t="H" l="H"/>
		<a id="44" s="H" t="H" l="H"/>
		<a id="45" s="C" t="C.3" l="C"/>
		<a id="46" s="H" t="H" l="H"/>
		<a id="47" s="H" t="H" l="H"/>
		<a id="48" s="C" t="C.3" l="C"/>
		<a id="49" s="H" t="H" l="H"/>
		<a id="50" s="H" t="H" l="H"/>
		<a id="51" s="C" t="C.2" l="C"/>
		<a id="52" s="O" t="O.2" l="O"/>
		<a id="53" s="O" t="O.3" l="O"/>
		<a id="54" s="C" t="C.3" l="C"/>
		<a id="55" s="H" t="H" l="H"/>
		<a id="56" s="H" t="H" l="H"/>
		<a id="57" s="H" t="H" l="H"/>
	</atoms>
	<bonds>
		<b id="1" c="11 9" t="1"/>
		<b id="2" c="13 12" t="1"/>
		<b id="3" c="25 24" t="1"/>
		<b id="4" c="10 9" t="1"/>
		<b id="5" c="16 15" t="1"/>
		<b id="6" c="9 12" t="1"/>
		<b id="7" c="9 6" t="1"/>
		<b id="8" c="19 18" t="1"/>
		<b id="9" c="29 27" t="1"/>
		<b id="10" c="55 54" t="1"/>
		<b id="11" c="56 54" t="1"/>
		<b id="12" c="26 24" t="1"/>
		<b id="13" c="12 15" t="1"/>
		<b id="14" c="12 14" t="1"/>
		<b id="15" c="24 27" t="1"/>
		<b id="16" c="24 21" t="1"/>
		<b id="17" c="8 6" t="1"/>
		<b id="18" c="15 18" t="1"/>
		<b id="19" c="15 17" t="1"/>
		<b id="20" c="54 57" t="1"/>
		<b id="21" c="54 53" t="1"/>
		<b id="22" c="27 28" t="1"/>
		<b id="23" c="27 30" t="1"/>
		<b id="24" c="18 21" t="1"/>
		<b id="25" c="18 20" t="1"/>
		<b id="26" c="6 7" t="1"/>
		<b id="27" c="6 4" t="1"/>
		<b id="28" c="41 39" t="1"/>
		<b id="29" c="40 39" t="1"/>
		<b id="30" c="21 22" t="1"/>
		<b id="31" c="21 23" t="1"/>
		<b id="32" c="35 33" t="1"/>
		<b id="33" c="43 42" t="1"/>
		<b id="34" c="53 51" t="1"/>
		<b id="35" c="31 30" t="1"/>
		<b id="36" c="39 42" t="1"/>
		<b id="37" c="39 36" t="1"/>
		<b id="38" c="30 33" t="1"/>
		<b id="39" c="30 32" t="1"/>
		<b id="40" c="3 2" t="1"/>
		<b id="41" c="4 2" t="2"/>
		<b id="42" c="4 5" t="1"/>
		<b id="43" c="33 36" t="1"/>
		<b id="44" c="33 34" t="1"/>
		<b id="45" c="42 44" t="1"/>
		<b id="46" c="42 45" t="1"/>
		<b id="47" c="47 45" t="1"/>
		<b id="48" c="52 51" t="2"/>
		<b id="49" c="2 1" t="1"/>
		<b id="50" c="51 48" t="1"/>
		<b id="51" c="36 38" t="1"/>
		<b id="52" c="36 37" t="1"/>
		<b id="53" c="45 48" t="1"/>
		<b id="54" c="45 46" t="1"/>
		<b id="55" c="48 49" t="1"/>
		<b id="56" c="48 50" t="1"/>
	</bonds>
	<geometry>
		<g u="A" t="cart/3d">#57,3:-9.4727,0.5009,1.8647;-9.1311,-0.0480,0.9821;-9.8788,-0.6533,0.4568;-7.8623,0.0112,0.5651;-7.1559,0.6312,1.1329;-7.3084,-0.7046,-0.6372;-6.4626,-1.3423,-0.3191;-8.0756,-1.3910,-1.0343;-6.8399,0.2249,-1.7783;-7.7134,0.7920,-2.1449;-6.5099,-0.4086,-2.6220;-5.7177,1.2162,-1.4334;-5.5387,1.8529,-2.3188;-6.0576,1.9075,-0.6407;-4.3892,0.5759,-1.0121;-4.0783,-0.1467,-1.7883;-4.5306,-0.0161,-0.0892;-3.2731,1.6007,-0.7717;-3.0872,2.1625,-1.7068;-3.6337,2.3483,-0.0418;-1.9487,1.0150,-0.2594;-1.2774,1.8490,0.0167;-2.1425,0.4629,0.6783;-1.2136,0.1094,-1.2574;-1.1001,0.6578,-2.2107;-1.8329,-0.7756,-1.4917;0.1735,-0.3651,-0.7961;0.7955,0.5205,-0.5742;0.6691,-0.8787,-1.6401;0.1534,-1.3113,0.4127;-0.5950,-2.1021,0.2166;-0.2141,-0.7711,1.3041;1.4809,-2.0015,0.7723;1.2513,-2.7615,1.5393;1.8495,-2.5695,-0.1029;2.6153,-1.1058,1.3117;3.2417,-1.7166,1.9846;2.1819,-0.3132,1.9512;3.5217,-0.4658,0.2489;3.9625,-1.2657,-0.3754;2.9138,0.1453,-0.4373;4.6509,0.4149,0.8067;5.1115,0.9638,-0.0344;4.2204,1.1901,1.4682;5.7494,-0.3434,1.5619;5.3171,-0.8797,2.4232;6.1860,-1.1130,0.9028;6.8756,0.5607,2.0878;7.5874,-0.0474,2.6736;6.4836,1.3431,2.7546;7.6780,1.2682,1.0133;7.9075,2.4520,0.9726;8.1412,0.3987,0.0883;8.9287,0.9548,-0.9637;9.2064,0.1171,-1.6161;8.3559,1.7054,-1.5301;9.8317,1.4413,-0.5630;</g>
	</geometry>
	<conformers/>
	<properties/>
</molecule>
