<?xml version="1.0" ?>
<!--MOLLI PACKAGE EXPERIMENTAL XML FORMAT-->
<molecule name="react_30">
	<atoms>
		<a id="1" s="H" t="H" l="H"/>
		<a id="2" s="C" t="C.2" l="C"/>
		<a id="3" s="H" t="H" l="H"/>
		<a id="4" s="C" t="C.2" l="C"/>
		<a id="5" s="H" t="H" l="H"/>
		<a id="6" s="C" t="C.ar" l="C"/>
		<a id="7" s="C" t="C.ar" l="C"/>
		<a id="8" s="H" t="H" l="H"/>
		<a id="9" s="C" t="C.ar" l="C"/>
		<a id="10" s="O" t="O.3" l="O"/>
		<a id="11" s="C" t="C.3" l="C"/>
		<a id="12" s="H" t="H" l="H"/>
		<a id="13" s="H" t="H" l="H"/>
		<a id="14" s="C" t="C.ar" l="C"/>
		<a id="15" s="C" t="C.ar" l="C"/>
		<a id="16" s="H" t="H" l="H"/>
		<a id="17" s="C" t="C.ar" l="C"/>
		<a id="18" s="H" t="H" l="H"/>
		<a id="19" s="C" t="C.ar" l="C"/>
		<a id="20" s="H" t="H" l="H"/>
		<a id="21" s="C" t="C.ar" l="C"/>
		<a id="22" s="H" t="H" l="H"/>
		<a id="23" s="C" t="C.ar" l="C"/>
		<a id="24" s="H" t="H" l="H"/>
		<a id="25" s="C" t="C.ar" l="C"/>
		<a id="26" s="O" t="O.3" l="O"/>
		<a id="27" s="C" t="C.3" l="C"/>
		<a id="28" s="H" t="H" l="H"/>
		<a id="29" s="H" t="H" l="H"/>
		<a id="30" s="H" t="H" l="H"/>
		<a id="31" s="C" t="C.ar" l="C"/>
		<a id="32" s="O" t="O.3" l="O"/>
		<a id="33" s="C" t="C.3" l="C"/>
		<a id="34" s="H" t="H" l="H"/>
		<a id="35" s="H" t="H" l="H"/>
		<a id="36" s="C" t="C.ar" l="C"/>
		<a id="37" s="C" t="C.ar" l="C"/>
		<a id="38" s="H" t="H" l="H"/>
		<a id="39" s="C" t="C.ar" l="C"/>
		<a id="40" s="H" t="H" l="H"/>
		<a id="41" s="C" t="C.ar" l="C"/>
		<a id="42" s="H" t="H" l="H"/>
		<a id="43" s="C" t="C.ar" l="C"/>
		<a id="44" s="H" t="H" l="H"/>
		<a id="45" s="C" t="C.ar" l="C"/>
		<a id="46" s="H" t="H" l="H"/>
		<a id="47" s="C" t="C.ar" l="C"/>
		<a id="48" s="H" t="H" l="H"/>
	</atoms>
	<bonds>
		<b id="1" c="3 2" t="1"/>
		<b id="2" c="2 1" t="1"/>
		<b id="3" c="2 4" t="2"/>
		<b id="4" c="5 4" t="1"/>
		<b id="5" c="4 6" t="1"/>
		<b id="6" c="13 11" t="1"/>
		<b id="7" c="8 7" t="1"/>
		<b id="8" c="6 7" t="ar"/>
		<b id="9" c="6 47" t="ar"/>
		<b id="10" c="35 33" t="1"/>
		<b id="11" c="7 9" t="ar"/>
		<b id="12" c="48 47" t="1"/>
		<b id="13" c="47 31" t="ar"/>
		<b id="14" c="11 14" t="1"/>
		<b id="15" c="11 12" t="1"/>
		<b id="16" c="11 10" t="1"/>
		<b id="17" c="16 15" t="1"/>
		<b id="18" c="14 15" t="ar"/>
		<b id="19" c="14 23" t="ar"/>
		<b id="20" c="15 17" t="ar"/>
		<b id="21" c="9 10" t="1"/>
		<b id="22" c="9 25" t="ar"/>
		<b id="23" c="24 23" t="1"/>
		<b id="24" c="23 21" t="ar"/>
		<b id="25" c="17 18" t="1"/>
		<b id="26" c="17 19" t="ar"/>
		<b id="27" c="21 19" t="ar"/>
		<b id="28" c="21 22" t="1"/>
		<b id="29" c="31 25" t="ar"/>
		<b id="30" c="31 32" t="1"/>
		<b id="31" c="19 20" t="1"/>
		<b id="32" c="25 26" t="1"/>
		<b id="33" c="33 32" t="1"/>
		<b id="34" c="33 36" t="1"/>
		<b id="35" c="33 34" t="1"/>
		<b id="36" c="38 37" t="1"/>
		<b id="37" c="26 27" t="1"/>
		<b id="38" c="36 37" t="ar"/>
		<b id="39" c="36 45" t="ar"/>
		<b id="40" c="46 45" t="1"/>
		<b id="41" c="37 39" t="ar"/>
		<b id="42" c="45 43" t="ar"/>
		<b id="43" c="39 40" t="1"/>
		<b id="44" c="39 41" t="ar"/>
		<b id="45" c="43 41" t="ar"/>
		<b id="46" c="43 44" t="1"/>
		<b id="47" c="41 42" t="1"/>
		<b id="48" c="27 28" t="1"/>
		<b id="49" c="27 29" t="1"/>
		<b id="50" c="27 30" t="1"/>
	</bonds>
	<geometry>
		<g u="A" t="cart/3d">#48,3:2.3188,-4.3401,-1.8969;1.3020,-4.6822,-2.1112;1.2083,-5.6622,-2.5857;0.2142,-3.9531,-1.8189;-0.7662,-4.3734,-2.0734;0.1600,-2.6235,-1.1844;-1.0988,-2.0257,-0.9971;-1.9911,-2.5637,-1.3176;-1.2077,-0.7628,-0.3967;-2.3782,-0.1147,-0.1694;-3.5864,-0.6312,-0.6901;-3.8364,-1.5986,-0.2138;-3.4723,-0.8238,-1.7758;-4.7007,0.3650,-0.4595;-6.0322,-0.0749,-0.4286;-6.2540,-1.1427,-0.5252;-7.0792,0.8371,-0.2711;-8.1123,0.4797,-0.2478;-6.8044,2.2016,-0.1332;-7.6220,2.9161,-0.0045;-5.4785,2.6450,-0.1543;-5.2561,3.7098,-0.0416;-4.4306,1.7338,-0.3184;-3.3929,2.0729,-0.3281;-0.0510,-0.0736,0.0150;-0.1405,1.1795,0.5450;-0.3630,1.2364,1.9484;-0.4149,2.3003,2.2212;-1.3145,0.7489,2.2230;0.4661,0.7637,2.5040;1.2111,-0.6850,-0.1539;2.2614,0.0377,0.3077;3.5834,-0.3921,0.0576;3.7823,-1.3598,0.5572;3.7240,-0.5546,-1.0301;4.5543,0.6554,0.5554;4.1587,1.9900,0.7231;3.1203,2.2633,0.5266;5.0817,2.9495,1.1508;4.7607,3.9865,1.2828;6.4075,2.5896,1.4105;7.1268,3.3419,1.7454;6.8073,1.2594,1.2448;7.8403,0.9666,1.4519;5.8842,0.2988,0.8237;6.2018,-0.7424,0.7064;1.3159,-1.9422,-0.7593;2.2924,-2.4059,-0.8886;</g>
	</geometry>
	<conformers/>
	<properties/>
</molecule>
