<?xml version="1.0" ?>
<!--MOLLI PACKAGE EXPERIMENTAL XML FORMAT-->
<molecule name="react_31">
	<atoms>
		<a id="1" s="H" t="H" l="H"/>
		<a id="2" s="C" t="C.2" l="C"/>
		<a id="3" s="C" t="C.2" l="C"/>
		<a id="4" s="O" t="O.2" l="O"/>
		<a id="5" s="O" t="O.3" l="O"/>
		<a id="6" s="C" t="C.3" l="C"/>
		<a id="7" s="H" t="H" l="H"/>
		<a id="8" s="H" t="H" l="H"/>
		<a id="9" s="C" t="C.3" l="C"/>
		<a id="10" s="H" t="H" l="H"/>
		<a id="11" s="H" t="H" l="H"/>
		<a id="12" s="H" t="H" l="H"/>
		<a id="13" s="C" t="C.2" l="C"/>
		<a id="14" s="H" t="H" l="H"/>
		<a id="15" s="C" t="C.3" l="C"/>
		<a id="16" s="H" t="H" l="H"/>
		<a id="17" s="C" t="C.3" l="C"/>
		<a id="18" s="H" t="H" l="H"/>
		<a id="19" s="H" t="H" l="H"/>
		<a id="20" s="H" t="H" l="H"/>
		<a id="21" s="C" t="C.3" l="C"/>
		<a id="22" s="H" t="H" l="H"/>
		<a id="23" s="H" t="H" l="H"/>
		<a id="24" s="H" t="H" l="H"/>
	</atoms>
	<bonds>
		<b id="1" c="18 17" t="1"/>
		<b id="2" c="12 9" t="1"/>
		<b id="3" c="19 17" t="1"/>
		<b id="4" c="17 20" t="1"/>
		<b id="5" c="17 15" t="1"/>
		<b id="6" c="16 15" t="1"/>
		<b id="7" c="11 9" t="1"/>
		<b id="8" c="9 10" t="1"/>
		<b id="9" c="9 6" t="1"/>
		<b id="10" c="1 2" t="1"/>
		<b id="11" c="15 13" t="1"/>
		<b id="12" c="15 21" t="1"/>
		<b id="13" c="2 13" t="2"/>
		<b id="14" c="2 3" t="1"/>
		<b id="15" c="5 6" t="1"/>
		<b id="16" c="5 3" t="1"/>
		<b id="17" c="13 14" t="1"/>
		<b id="18" c="6 7" t="1"/>
		<b id="19" c="6 8" t="1"/>
		<b id="20" c="3 4" t="2"/>
		<b id="21" c="23 21" t="1"/>
		<b id="22" c="21 24" t="1"/>
		<b id="23" c="21 22" t="1"/>
	</bonds>
	<geometry>
		<g u="A" t="cart/3d">#24,3:-0.2152,1.1019,-0.6040;-0.0941,0.1769,-0.0365;1.2816,-0.1446,0.4180;1.6070,-1.1222,1.0552;2.1487,0.8165,0.0277;3.5282,0.6537,0.3959;3.9303,1.6770,0.4406;3.5812,0.2019,1.3980;4.2850,-0.1908,-0.6175;5.3539,-0.2302,-0.3508;3.8978,-1.2206,-0.6319;4.1979,0.2359,-1.6293;-1.1175,-0.6427,0.2493;-0.8753,-1.5432,0.8288;-2.5666,-0.4640,-0.1176;-2.8386,-1.3597,-0.7121;-2.8597,0.7750,-0.9678;-2.2747,0.7778,-1.9011;-3.9263,0.8123,-1.2406;-2.6248,1.7019,-0.4183;-3.4372,-0.4987,1.1553;-3.2232,0.3708,1.7987;-4.5080,-0.4764,0.8963;-3.2508,-1.4089,1.7478;</g>
	</geometry>
	<conformers/>
	<properties/>
</molecule>
