<?xml version="1.0" ?>
<!--MOLLI PACKAGE EXPERIMENTAL XML FORMAT-->
<molecule name="react_32">
	<atoms>
		<a id="1" s="H" t="H" l="H"/>
		<a id="2" s="C" t="C.2" l="C"/>
		<a id="3" s="H" t="H" l="H"/>
		<a id="4" s="C" t="C.2" l="C"/>
		<a id="5" s="H" t="H" l="H"/>
		<a id="6" s="C" t="C.3" l="C"/>
		<a id="7" s="H" t="H" l="H"/>
		<a id="8" s="H" t="H" l="H"/>
		<a id="9" s="O" t="O.3" l="O"/>
		<a id="10" s="C" t="C.2" l="C"/>
		<a id="11" s="O" t="O.2" l="O"/>
		<a id="12" s="C" t="C.ar" l="C"/>
		<a id="13" s="C" t="C.ar" l="C"/>
		<a id="14" s="H" t="H" l="H"/>
		<a id="15" s="C" t="C.ar" l="C"/>
		<a id="16" s="H" t="H" l="H"/>
		<a id="17" s="C" t="C.ar" l="C"/>
		<a id="18" s="H" t="H" l="H"/>
		<a id="19" s="C" t="C.ar" l="C"/>
		<a id="20" s="H" t="H" l="H"/>
		<a id="21" s="C" t="C.ar" l="C"/>
		<a id="22" s="H" t="H" l="H"/>
	</atoms>
	<bonds>
		<b id="1" c="20 19" t="1"/>
		<b id="2" c="5 4" t="1"/>
		<b id="3" c="22 21" t="1"/>
		<b id="4" c="19 21" t="ar"/>
		<b id="5" c="19 17" t="ar"/>
		<b id="6" c="3 2" t="1"/>
		<b id="7" c="18 17" t="1"/>
		<b id="8" c="21 12" t="ar"/>
		<b id="9" c="4 2" t="2"/>
		<b id="10" c="4 6" t="1"/>
		<b id="11" c="17 15" t="ar"/>
		<b id="12" c="2 1" t="1"/>
		<b id="13" c="9 6" t="1"/>
		<b id="14" c="9 10" t="1"/>
		<b id="15" c="12 10" t="1"/>
		<b id="16" c="12 13" t="ar"/>
		<b id="17" c="6 8" t="1"/>
		<b id="18" c="6 7" t="1"/>
		<b id="19" c="15 13" t="ar"/>
		<b id="20" c="15 16" t="1"/>
		<b id="21" c="10 11" t="2"/>
		<b id="22" c="13 14" t="1"/>
	</bonds>
	<geometry>
		<g u="A" t="cart/3d">#22,3:4.7600,-0.6845,0.6847;4.5106,-0.4022,-0.3441;5.2251,-0.6859,-1.1219;3.3910,0.2648,-0.6342;3.1617,0.5301,-1.6738;2.3972,0.7306,0.3834;2.6412,0.3631,1.3939;2.3623,1.8327,0.4380;1.0965,0.2523,-0.0025;0.0458,0.7313,0.6942;0.1627,1.5254,1.5996;-1.2576,0.1712,0.2232;-2.4296,0.6070,0.8623;-2.3420,1.3342,1.6723;-3.6714,0.1134,0.4614;-4.5819,0.4548,0.9608;-3.7503,-0.8196,-0.5793;-4.7236,-1.2069,-0.8929;-2.5848,-1.2577,-1.2183;-2.6472,-1.9870,-2.0302;-1.3401,-0.7653,-0.8203;-0.4260,-1.1019,-1.3114;</g>
	</geometry>
	<conformers/>
	<properties/>
</molecule>
