<?xml version="1.0" ?>
<!--MOLLI PACKAGE EXPERIMENTAL XML FORMAT-->
<molecule name="react_33">
	<atoms>
		<a id="1" s="H" t="H" l="H"/>
		<a id="2" s="C" t="C.2" l="C"/>
		<a id="3" s="C" t="C.2" l="C"/>
		<a id="4" s="O" t="O.2" l="O"/>
		<a id="5" s="O" t="O.3" l="O"/>
		<a id="6" s="C" t="C.3" l="C"/>
		<a id="7" s="H" t="H" l="H"/>
		<a id="8" s="H" t="H" l="H"/>
		<a id="9" s="C" t="C.3" l="C"/>
		<a id="10" s="H" t="H" l="H"/>
		<a id="11" s="H" t="H" l="H"/>
		<a id="12" s="H" t="H" l="H"/>
		<a id="13" s="C" t="C.2" l="C"/>
		<a id="14" s="H" t="H" l="H"/>
		<a id="15" s="C" t="C.3" l="C"/>
		<a id="16" s="H" t="H" l="H"/>
		<a id="17" s="H" t="H" l="H"/>
		<a id="18" s="C" t="C.3" l="C"/>
		<a id="19" s="H" t="H" l="H"/>
		<a id="20" s="H" t="H" l="H"/>
		<a id="21" s="C" t="C.3" l="C"/>
		<a id="22" s="H" t="H" l="H"/>
		<a id="23" s="H" t="H" l="H"/>
		<a id="24" s="C" t="C.3" l="C"/>
		<a id="25" s="H" t="H" l="H"/>
		<a id="26" s="H" t="H" l="H"/>
		<a id="27" s="C" t="C.3" l="C"/>
		<a id="28" s="H" t="H" l="H"/>
		<a id="29" s="H" t="H" l="H"/>
		<a id="30" s="H" t="H" l="H"/>
	</atoms>
	<bonds>
		<b id="1" c="4 3" t="2"/>
		<b id="2" c="1 2" t="1"/>
		<b id="3" c="8 6" t="1"/>
		<b id="4" c="26 24" t="1"/>
		<b id="5" c="3 2" t="1"/>
		<b id="6" c="3 5" t="1"/>
		<b id="7" c="2 13" t="2"/>
		<b id="8" c="20 18" t="1"/>
		<b id="9" c="28 27" t="1"/>
		<b id="10" c="6 5" t="1"/>
		<b id="11" c="6 7" t="1"/>
		<b id="12" c="6 9" t="1"/>
		<b id="13" c="16 15" t="1"/>
		<b id="14" c="25 24" t="1"/>
		<b id="15" c="12 9" t="1"/>
		<b id="16" c="24 27" t="1"/>
		<b id="17" c="24 21" t="1"/>
		<b id="18" c="10 9" t="1"/>
		<b id="19" c="13 15" t="1"/>
		<b id="20" c="13 14" t="1"/>
		<b id="21" c="27 29" t="1"/>
		<b id="22" c="27 30" t="1"/>
		<b id="23" c="9 11" t="1"/>
		<b id="24" c="18 15" t="1"/>
		<b id="25" c="18 21" t="1"/>
		<b id="26" c="18 19" t="1"/>
		<b id="27" c="15 17" t="1"/>
		<b id="28" c="21 23" t="1"/>
		<b id="29" c="21 22" t="1"/>
	</bonds>
	<geometry>
		<g u="A" t="cart/3d">#30,3:0.9448,1.3734,-1.3343;1.3784,0.6567,-0.6302;2.7971,0.3348,-0.9128;3.4228,0.8198,-1.8296;3.3209,-0.5607,-0.0445;4.6951,-0.9373,-0.2291;4.7693,-1.9490,0.1974;4.9116,-0.9852,-1.3071;5.6430,0.0247,0.4696;6.6808,-0.3344,0.3744;5.4035,0.1057,1.5418;5.5852,1.0259,0.0166;0.6601,0.1471,0.3830;1.1513,-0.5685,1.0531;-0.7777,0.4619,0.6656;-1.1339,1.2340,-0.0355;-0.8520,0.8963,1.6817;-1.6829,-0.7850,0.6072;-1.2630,-1.5572,1.2764;-1.6395,-1.2121,-0.4112;-3.1456,-0.5320,0.9985;-3.1812,-0.1048,2.0188;-3.6618,-1.5071,1.0649;-3.9317,0.3740,0.0425;-3.4617,1.3724,-0.0032;-3.8637,-0.0375,-0.9817;-5.4025,0.5310,0.4339;-5.9419,1.1837,-0.2714;-5.9200,-0.4433,0.4488;-5.5048,0.9726,1.4399;</g>
	</geometry>
	<conformers/>
	<properties/>
</molecule>
