<?xml version="1.0" ?>
<!--MOLLI PACKAGE EXPERIMENTAL XML FORMAT-->
<molecule name="react_34">
	<atoms>
		<a id="1" s="H" t="H" l="H"/>
		<a id="2" s="C" t="C.2" l="C"/>
		<a id="3" s="C" t="C.2" l="C"/>
		<a id="4" s="O" t="O.2" l="O"/>
		<a id="5" s="C" t="C.3" l="C"/>
		<a id="6" s="H" t="H" l="H"/>
		<a id="7" s="H" t="H" l="H"/>
		<a id="8" s="C" t="C.3" l="C"/>
		<a id="9" s="H" t="H" l="H"/>
		<a id="10" s="H" t="H" l="H"/>
		<a id="11" s="C" t="C.3" l="C"/>
		<a id="12" s="C" t="C.3" l="C"/>
		<a id="13" s="H" t="H" l="H"/>
		<a id="14" s="H" t="H" l="H"/>
		<a id="15" s="H" t="H" l="H"/>
		<a id="16" s="O" t="O.3" l="O"/>
		<a id="17" s="C" t="C.3" l="C"/>
		<a id="18" s="H" t="H" l="H"/>
		<a id="19" s="H" t="H" l="H"/>
		<a id="20" s="C" t="C.3" l="C"/>
		<a id="21" s="H" t="H" l="H"/>
		<a id="22" s="H" t="H" l="H"/>
		<a id="23" s="O" t="O.3" l="O"/>
		<a id="24" s="C" t="C.2" l="C"/>
		<a id="25" s="H" t="H" l="H"/>
		<a id="26" s="C" t="C.3" l="C"/>
		<a id="27" s="H" t="H" l="H"/>
		<a id="28" s="H" t="H" l="H"/>
		<a id="29" s="C" t="C.3" l="C"/>
		<a id="30" s="H" t="H" l="H"/>
		<a id="31" s="H" t="H" l="H"/>
		<a id="32" s="H" t="H" l="H"/>
	</atoms>
	<bonds>
		<b id="1" c="31 29" t="1"/>
		<b id="2" c="22 20" t="1"/>
		<b id="3" c="21 20" t="1"/>
		<b id="4" c="30 29" t="1"/>
		<b id="5" c="32 29" t="1"/>
		<b id="6" c="29 26" t="1"/>
		<b id="7" c="20 23" t="1"/>
		<b id="8" c="20 17" t="1"/>
		<b id="9" c="23 11" t="1"/>
		<b id="10" c="13 12" t="1"/>
		<b id="11" c="25 24" t="1"/>
		<b id="12" c="15 12" t="1"/>
		<b id="13" c="6 5" t="1"/>
		<b id="14" c="26 27" t="1"/>
		<b id="15" c="26 24" t="1"/>
		<b id="16" c="26 28" t="1"/>
		<b id="17" c="18 17" t="1"/>
		<b id="18" c="17 19" t="1"/>
		<b id="19" c="17 16" t="1"/>
		<b id="20" c="12 11" t="1"/>
		<b id="21" c="12 14" t="1"/>
		<b id="22" c="24 2" t="2"/>
		<b id="23" c="11 16" t="1"/>
		<b id="24" c="11 8" t="1"/>
		<b id="25" c="5 7" t="1"/>
		<b id="26" c="5 8" t="1"/>
		<b id="27" c="5 3" t="1"/>
		<b id="28" c="2 3" t="1"/>
		<b id="29" c="2 1" t="1"/>
		<b id="30" c="8 10" t="1"/>
		<b id="31" c="8 9" t="1"/>
		<b id="32" c="3 4" t="2"/>
	</bonds>
	<geometry>
		<g u="A" t="cart/3d">#32,3:3.2448,0.6182,1.8719;2.3737,0.5923,1.2065;1.3310,1.5898,1.5693;1.5010,2.3168,2.5326;0.0469,1.6682,0.7507;0.2483,1.4847,-0.3151;-0.3290,2.6962,0.8592;-1.0050,0.6586,1.2468;-1.3925,0.9674,2.2307;-0.5431,-0.3328,1.3818;-2.1882,0.4636,0.2890;-3.0343,1.7149,0.0783;-3.8562,1.4929,-0.6186;-3.4700,2.0444,1.0337;-2.4296,2.5329,-0.3390;-3.0390,-0.5696,0.7866;-2.8592,-1.7298,-0.0038;-3.8071,-2.2888,-0.0427;-2.0755,-2.3907,0.4170;-2.4282,-1.1487,-1.3486;-1.7885,-1.8197,-1.9424;-3.3043,-0.8592,-1.9615;-1.6725,-0.0151,-0.9598;2.3173,-0.2866,0.1898;1.4324,-0.2984,-0.4604;3.3876,-1.2822,-0.1509;2.9619,-2.2997,-0.0571;4.2070,-1.2160,0.5839;3.9362,-1.1090,-1.5762;4.6882,-1.8810,-1.8044;3.1337,-1.1901,-2.3283;4.4121,-0.1232,-1.7015;</g>
	</geometry>
	<conformers/>
	<properties/>
</molecule>
