<?xml version="1.0" ?>
<!--MOLLI PACKAGE EXPERIMENTAL XML FORMAT-->
<molecule name="react_35">
	<atoms>
		<a id="1" s="H" t="H" l="H"/>
		<a id="2" s="C" t="C.2" l="C"/>
		<a id="3" s="C" t="C.2" l="C"/>
		<a id="4" s="H" t="H" l="H"/>
		<a id="5" s="C" t="C.3" l="C"/>
		<a id="6" s="H" t="H" l="H"/>
		<a id="7" s="H" t="H" l="H"/>
		<a id="8" s="C" t="C.3" l="C"/>
		<a id="9" s="H" t="H" l="H"/>
		<a id="10" s="H" t="H" l="H"/>
		<a id="11" s="C" t="C.3" l="C"/>
		<a id="12" s="H" t="H" l="H"/>
		<a id="13" s="H" t="H" l="H"/>
		<a id="14" s="H" t="H" l="H"/>
		<a id="15" s="C" t="C.3" l="C"/>
		<a id="16" s="H" t="H" l="H"/>
		<a id="17" s="H" t="H" l="H"/>
		<a id="18" s="Se" t="Se" l="SE"/>
		<a id="19" s="C" t="C.ar" l="C"/>
		<a id="20" s="C" t="C.ar" l="C"/>
		<a id="21" s="H" t="H" l="H"/>
		<a id="22" s="C" t="C.ar" l="C"/>
		<a id="23" s="H" t="H" l="H"/>
		<a id="24" s="C" t="C.ar" l="C"/>
		<a id="25" s="H" t="H" l="H"/>
		<a id="26" s="C" t="C.ar" l="C"/>
		<a id="27" s="H" t="H" l="H"/>
		<a id="28" s="C" t="C.ar" l="C"/>
		<a id="29" s="N" t="N.pl3" l="N"/>
		<a id="30" s="O" t="O.2" l="O"/>
		<a id="31" s="O" t="O.2" l="O"/>
	</atoms>
	<bonds>
		<b id="1" c="14 11" t="1"/>
		<b id="2" c="12 11" t="1"/>
		<b id="3" c="13 11" t="1"/>
		<b id="4" c="11 8" t="1"/>
		<b id="5" c="4 3" t="1"/>
		<b id="6" c="25 24" t="1"/>
		<b id="7" c="24 22" t="ar"/>
		<b id="8" c="24 26" t="ar"/>
		<b id="9" c="23 22" t="1"/>
		<b id="10" c="27 26" t="1"/>
		<b id="11" c="17 15" t="1"/>
		<b id="12" c="22 20" t="ar"/>
		<b id="13" c="26 28" t="ar"/>
		<b id="14" c="20 21" t="1"/>
		<b id="15" c="20 19" t="ar"/>
		<b id="16" c="28 29" t="1"/>
		<b id="17" c="28 19" t="ar"/>
		<b id="18" c="8 9" t="1"/>
		<b id="19" c="8 10" t="1"/>
		<b id="20" c="8 5" t="1"/>
		<b id="21" c="30 29" t="2"/>
		<b id="22" c="29 31" t="2"/>
		<b id="23" c="19 18" t="1"/>
		<b id="24" c="3 5" t="1"/>
		<b id="25" c="3 2" t="2"/>
		<b id="26" c="18 15" t="1"/>
		<b id="27" c="6 5" t="1"/>
		<b id="28" c="15 2" t="1"/>
		<b id="29" c="15 16" t="1"/>
		<b id="30" c="5 7" t="1"/>
		<b id="31" c="2 1" t="1"/>
	</bonds>
	<geometry>
		<g u="A" t="cart/3d">#31,3:1.5691,0.4215,1.9829;1.4322,0.7302,0.9379;2.5123,0.8782,0.1563;2.3590,1.1806,-0.8887;3.9336,0.6614,0.5955;4.4999,1.6036,0.4595;3.9488,0.4424,1.6766;4.6747,-0.4625,-0.1593;4.1281,-1.4113,-0.0153;5.6598,-0.6014,0.3199;4.8778,-0.2056,-1.6545;5.4614,-1.0166,-2.1194;5.4239,0.7375,-1.8294;3.9211,-0.1419,-2.1982;0.0201,0.9354,0.4880;-0.5506,1.5233,1.2231;-0.0234,1.4309,-0.4929;-0.8375,-0.8698,0.3487;-2.6453,-0.3514,-0.0293;-3.0078,1.0034,-0.1930;-2.2521,1.7825,-0.1056;-4.3190,1.3824,-0.4712;-4.5513,2.4443,-0.5893;-5.3326,0.4237,-0.6017;-6.3599,0.7225,-0.8208;-5.0104,-0.9184,-0.4506;-5.7572,-1.7067,-0.5430;-3.6900,-1.2965,-0.1709;-3.4355,-2.7327,-0.0321;-4.3739,-3.5078,-0.1260;-2.2751,-3.0811,0.1726;</g>
	</geometry>
	<conformers/>
	<properties/>
</molecule>
