<?xml version="1.0" ?>
<!--MOLLI PACKAGE EXPERIMENTAL XML FORMAT-->
<molecule name="react_36">
	<atoms>
		<a id="1" s="H" t="H" l="H"/>
		<a id="2" s="C" t="C.2" l="C"/>
		<a id="3" s="C" t="C.2" l="C"/>
		<a id="4" s="O" t="O.2" l="O"/>
		<a id="5" s="O" t="O.3" l="O"/>
		<a id="6" s="C" t="C.3" l="C"/>
		<a id="7" s="C" t="C.3" l="C"/>
		<a id="8" s="H" t="H" l="H"/>
		<a id="9" s="H" t="H" l="H"/>
		<a id="10" s="H" t="H" l="H"/>
		<a id="11" s="C" t="C.3" l="C"/>
		<a id="12" s="H" t="H" l="H"/>
		<a id="13" s="H" t="H" l="H"/>
		<a id="14" s="H" t="H" l="H"/>
		<a id="15" s="C" t="C.3" l="C"/>
		<a id="16" s="H" t="H" l="H"/>
		<a id="17" s="H" t="H" l="H"/>
		<a id="18" s="H" t="H" l="H"/>
		<a id="19" s="C" t="C.2" l="C"/>
		<a id="20" s="H" t="H" l="H"/>
		<a id="21" s="C" t="C.3" l="C"/>
		<a id="22" s="H" t="H" l="H"/>
		<a id="23" s="H" t="H" l="H"/>
		<a id="24" s="C" t="C.3" l="C"/>
		<a id="25" s="H" t="H" l="H"/>
		<a id="26" s="H" t="H" l="H"/>
		<a id="27" s="C" t="C.3" l="C"/>
		<a id="28" s="H" t="H" l="H"/>
		<a id="29" s="H" t="H" l="H"/>
		<a id="30" s="C" t="C.3" l="C"/>
		<a id="31" s="H" t="H" l="H"/>
		<a id="32" s="H" t="H" l="H"/>
		<a id="33" s="C" t="C.3" l="C"/>
		<a id="34" s="H" t="H" l="H"/>
		<a id="35" s="H" t="H" l="H"/>
		<a id="36" s="H" t="H" l="H"/>
	</atoms>
	<bonds>
		<b id="1" c="23 21" t="1"/>
		<b id="2" c="22 21" t="1"/>
		<b id="3" c="10 7" t="1"/>
		<b id="4" c="21 19" t="1"/>
		<b id="5" c="21 24" t="1"/>
		<b id="6" c="28 27" t="1"/>
		<b id="7" c="1 2" t="1"/>
		<b id="8" c="19 2" t="2"/>
		<b id="9" c="19 20" t="1"/>
		<b id="10" c="25 24" t="1"/>
		<b id="11" c="2 3" t="1"/>
		<b id="12" c="9 7" t="1"/>
		<b id="13" c="7 8" t="1"/>
		<b id="14" c="7 6" t="1"/>
		<b id="15" c="18 15" t="1"/>
		<b id="16" c="24 27" t="1"/>
		<b id="17" c="24 26" t="1"/>
		<b id="18" c="3 4" t="2"/>
		<b id="19" c="3 5" t="1"/>
		<b id="20" c="27 29" t="1"/>
		<b id="21" c="27 30" t="1"/>
		<b id="22" c="5 6" t="1"/>
		<b id="23" c="31 30" t="1"/>
		<b id="24" c="6 15" t="1"/>
		<b id="25" c="6 11" t="1"/>
		<b id="26" c="15 16" t="1"/>
		<b id="27" c="15 17" t="1"/>
		<b id="28" c="30 32" t="1"/>
		<b id="29" c="30 33" t="1"/>
		<b id="30" c="12 11" t="1"/>
		<b id="31" c="11 13" t="1"/>
		<b id="32" c="11 14" t="1"/>
		<b id="33" c="33 36" t="1"/>
		<b id="34" c="33 34" t="1"/>
		<b id="35" c="33 35" t="1"/>
	</bonds>
	<geometry>
		<g u="A" t="cart/3d">#36,3:-0.0898,2.8294,-1.1707;-0.3373,1.7836,-0.9624;-1.7329,1.5979,-0.4868;-2.4980,2.5275,-0.3391;-2.0336,0.3070,-0.2465;-3.3494,-0.1219,0.2396;-4.4310,0.2314,-0.7881;-5.3965,-0.1939,-0.4707;-4.5417,1.3185,-0.8905;-4.1779,-0.1937,-1.7724;-3.6313,0.5027,1.6111;-3.7301,1.5933,1.5377;-4.5667,0.0899,2.0215;-2.8168,0.2668,2.3144;-3.1927,-1.6398,0.3586;-4.1296,-2.0946,0.7158;-2.3900,-1.8927,1.0684;-2.9409,-2.0812,-0.6182;0.5628,0.8030,-1.1367;0.2499,-0.2223,-0.9106;1.9700,1.0112,-1.6148;2.1135,2.0726,-1.8763;2.1136,0.4336,-2.5489;3.0584,0.5818,-0.6071;4.0372,0.9038,-1.0066;2.9110,1.1432,0.3317;3.1140,-0.9249,-0.3243;3.1971,-1.4606,-1.2880;2.1618,-1.2601,0.1265;4.2738,-1.3623,0.5837;5.2289,-1.0317,0.1345;4.3137,-2.4660,0.5915;4.1869,-0.8594,2.0277;3.2484,-1.1855,2.5081;5.0212,-1.2475,2.6344;4.2242,0.2405,2.0888;</g>
	</geometry>
	<conformers/>
	<properties/>
</molecule>
