<?xml version="1.0" ?>
<!--MOLLI PACKAGE EXPERIMENTAL XML FORMAT-->
<molecule name="react_38">
	<atoms>
		<a id="1" s="H" t="H" l="H"/>
		<a id="2" s="C" t="C.2" l="C"/>
		<a id="3" s="C" t="C.2" l="C"/>
		<a id="4" s="O" t="O.2" l="O"/>
		<a id="5" s="O" t="O.3" l="O"/>
		<a id="6" s="C" t="C.3" l="C"/>
		<a id="7" s="H" t="H" l="H"/>
		<a id="8" s="H" t="H" l="H"/>
		<a id="9" s="C" t="C.3" l="C"/>
		<a id="10" s="H" t="H" l="H"/>
		<a id="11" s="H" t="H" l="H"/>
		<a id="12" s="H" t="H" l="H"/>
		<a id="13" s="C" t="C.2" l="C"/>
		<a id="14" s="H" t="H" l="H"/>
		<a id="15" s="C" t="C.3" l="C"/>
		<a id="16" s="H" t="H" l="H"/>
		<a id="17" s="H" t="H" l="H"/>
		<a id="18" s="C" t="C.3" l="C"/>
		<a id="19" s="H" t="H" l="H"/>
		<a id="20" s="H" t="H" l="H"/>
		<a id="21" s="C" t="C.3" l="C"/>
		<a id="22" s="H" t="H" l="H"/>
		<a id="23" s="H" t="H" l="H"/>
		<a id="24" s="C" t="C.3" l="C"/>
		<a id="25" s="H" t="H" l="H"/>
		<a id="26" s="H" t="H" l="H"/>
		<a id="27" s="C" t="C.3" l="C"/>
		<a id="28" s="H" t="H" l="H"/>
		<a id="29" s="H" t="H" l="H"/>
		<a id="30" s="C" t="C.3" l="C"/>
		<a id="31" s="H" t="H" l="H"/>
		<a id="32" s="H" t="H" l="H"/>
		<a id="33" s="C" t="C.3" l="C"/>
		<a id="34" s="H" t="H" l="H"/>
		<a id="35" s="H" t="H" l="H"/>
		<a id="36" s="H" t="H" l="H"/>
	</atoms>
	<bonds>
		<b id="1" c="28 27" t="1"/>
		<b id="2" c="23 21" t="1"/>
		<b id="3" c="32 30" t="1"/>
		<b id="4" c="31 30" t="1"/>
		<b id="5" c="27 29" t="1"/>
		<b id="6" c="27 30" t="1"/>
		<b id="7" c="27 24" t="1"/>
		<b id="8" c="19 18" t="1"/>
		<b id="9" c="20 18" t="1"/>
		<b id="10" c="30 33" t="1"/>
		<b id="11" c="21 18" t="1"/>
		<b id="12" c="21 24" t="1"/>
		<b id="13" c="21 22" t="1"/>
		<b id="14" c="25 24" t="1"/>
		<b id="15" c="1 2" t="1"/>
		<b id="16" c="8 6" t="1"/>
		<b id="17" c="18 15" t="1"/>
		<b id="18" c="24 26" t="1"/>
		<b id="19" c="10 9" t="1"/>
		<b id="20" c="5 6" t="1"/>
		<b id="21" c="5 3" t="1"/>
		<b id="22" c="6 9" t="1"/>
		<b id="23" c="6 7" t="1"/>
		<b id="24" c="2 3" t="1"/>
		<b id="25" c="2 13" t="2"/>
		<b id="26" c="9 11" t="1"/>
		<b id="27" c="9 12" t="1"/>
		<b id="28" c="33 34" t="1"/>
		<b id="29" c="33 36" t="1"/>
		<b id="30" c="33 35" t="1"/>
		<b id="31" c="15 13" t="1"/>
		<b id="32" c="15 17" t="1"/>
		<b id="33" c="15 16" t="1"/>
		<b id="34" c="3 4" t="2"/>
		<b id="35" c="13 14" t="1"/>
	</bonds>
	<geometry>
		<g u="A" t="cart/3d">#36,3:1.9947,-0.0219,-0.5561;2.0888,0.0523,0.5293;3.3375,0.6661,1.0440;3.6202,0.8261,2.2112;4.1417,1.0367,0.0220;5.4028,1.6395,0.3553;5.2746,2.2715,1.2470;5.6465,2.2780,-0.5071;6.4813,0.5923,0.5863;6.5804,-0.0704,-0.2881;7.4529,1.0839,0.7582;6.2462,-0.0193,1.4703;1.1415,-0.3824,1.3753;1.3475,-0.2535,2.4456;-0.1680,-1.0202,1.0196;-0.2336,-1.9848,1.5614;-0.9683,-0.4042,1.4733;-0.4421,-1.2441,-0.4695;-0.4156,-0.2749,-0.9972;0.3839,-1.8390,-0.8968;-1.7648,-1.9694,-0.7675;-1.7480,-2.9553,-0.2679;-1.8048,-2.1840,-1.8507;-3.0552,-1.2360,-0.3649;-3.9094,-1.9065,-0.5717;-3.0683,-1.0757,0.7276;-3.2904,0.0945,-1.0922;-3.1887,-0.0757,-2.1800;-2.4961,0.8164,-0.8271;-4.6574,0.7423,-0.8218;-5.4564,0.0342,-1.1105;-4.7715,1.6116,-1.4934;-4.8803,1.1994,0.6227;-5.8517,1.7083,0.7336;-4.8724,0.3555,1.3317;-4.0973,1.9083,0.9430;</g>
	</geometry>
	<conformers/>
	<properties/>
</molecule>
