<?xml version="1.0" ?>
<!--MOLLI PACKAGE EXPERIMENTAL XML FORMAT-->
<molecule name="react_71">
	<atoms>
		<a id="1" s="H" t="H" l="H"/>
		<a id="2" s="C" t="C.2" l="C"/>
		<a id="3" s="C" t="C.2" l="C"/>
		<a id="4" s="H" t="H" l="H"/>
		<a id="5" s="C" t="C.3" l="C"/>
		<a id="6" s="H" t="H" l="H"/>
		<a id="7" s="H" t="H" l="H"/>
		<a id="8" s="Si" t="Si" l="SI"/>
		<a id="9" s="C" t="C.3" l="C"/>
		<a id="10" s="H" t="H" l="H"/>
		<a id="11" s="H" t="H" l="H"/>
		<a id="12" s="H" t="H" l="H"/>
		<a id="13" s="C" t="C.3" l="C"/>
		<a id="14" s="H" t="H" l="H"/>
		<a id="15" s="H" t="H" l="H"/>
		<a id="16" s="H" t="H" l="H"/>
		<a id="17" s="C" t="C.3" l="C"/>
		<a id="18" s="H" t="H" l="H"/>
		<a id="19" s="H" t="H" l="H"/>
		<a id="20" s="H" t="H" l="H"/>
		<a id="21" s="C" t="C.3" l="C"/>
		<a id="22" s="H" t="H" l="H"/>
		<a id="23" s="H" t="H" l="H"/>
		<a id="24" s="C" t="C.3" l="C"/>
		<a id="25" s="H" t="H" l="H"/>
		<a id="26" s="H" t="H" l="H"/>
		<a id="27" s="C" t="C.3" l="C"/>
		<a id="28" s="H" t="H" l="H"/>
		<a id="29" s="H" t="H" l="H"/>
		<a id="30" s="C" t="C.3" l="C"/>
		<a id="31" s="H" t="H" l="H"/>
		<a id="32" s="H" t="H" l="H"/>
		<a id="33" s="C" t="C.3" l="C"/>
		<a id="34" s="H" t="H" l="H"/>
		<a id="35" s="H" t="H" l="H"/>
		<a id="36" s="H" t="H" l="H"/>
	</atoms>
	<bonds>
		<b id="1" c="1 2" t="1"/>
		<b id="2" c="19 17" t="1"/>
		<b id="3" c="4 3" t="1"/>
		<b id="4" c="25 24" t="1"/>
		<b id="5" c="2 3" t="2"/>
		<b id="6" c="2 21" t="1"/>
		<b id="7" c="20 17" t="1"/>
		<b id="8" c="17 18" t="1"/>
		<b id="9" c="17 8" t="1"/>
		<b id="10" c="3 5" t="1"/>
		<b id="11" c="32 30" t="1"/>
		<b id="12" c="14 13" t="1"/>
		<b id="13" c="23 21" t="1"/>
		<b id="14" c="21 24" t="1"/>
		<b id="15" c="21 22" t="1"/>
		<b id="16" c="24 27" t="1"/>
		<b id="17" c="24 26" t="1"/>
		<b id="18" c="29 27" t="1"/>
		<b id="19" c="30 27" t="1"/>
		<b id="20" c="30 31" t="1"/>
		<b id="21" c="30 33" t="1"/>
		<b id="22" c="27 28" t="1"/>
		<b id="23" c="5 8" t="1"/>
		<b id="24" c="5 6" t="1"/>
		<b id="25" c="5 7" t="1"/>
		<b id="26" c="13 16" t="1"/>
		<b id="27" c="13 8" t="1"/>
		<b id="28" c="13 15" t="1"/>
		<b id="29" c="8 9" t="1"/>
		<b id="30" c="36 33" t="1"/>
		<b id="31" c="34 33" t="1"/>
		<b id="32" c="33 35" t="1"/>
		<b id="33" c="9 10" t="1"/>
		<b id="34" c="9 11" t="1"/>
		<b id="35" c="9 12" t="1"/>
	</bonds>
	<geometry>
		<g u="A" t="cart/3d">#36,3:0.5977,0.2691,-2.5537;0.2384,0.1847,-1.5190;-0.6918,-0.7537,-1.2681;-1.0269,-1.3563,-2.1223;-1.3702,-1.0659,0.0339;-1.4097,-2.1614,0.1830;-0.8164,-0.6538,0.8946;-3.1741,-0.4327,0.1570;-3.8994,-1.0341,1.8000;-3.9030,-2.1358,1.8581;-4.9402,-0.6903,1.9260;-3.3182,-0.6561,2.6581;-3.1878,1.4578,0.1000;-2.7294,1.8274,-0.8320;-2.6242,1.8882,0.9450;-4.2175,1.8507,0.1497;-4.1947,-1.1237,-1.2800;-5.2454,-0.7940,-1.2118;-3.8014,-0.7838,-2.2525;-4.1918,-2.2270,-1.2828;0.8695,1.1501,-0.5510;0.4849,0.9896,0.4702;0.5676,2.1778,-0.8298;2.4102,1.0911,-0.5337;2.7888,1.2410,-1.5630;2.7863,1.9467,0.0533;2.9750,-0.2195,0.0269;2.6498,-0.3323,1.0792;2.5185,-1.0635,-0.5192;4.5036,-0.3511,-0.0465;4.7819,-1.3749,0.2614;4.8234,-0.2594,-1.1014;5.2814,0.6521,0.8103;6.3671,0.4711,0.7506;4.9914,0.5790,1.8729;5.1066,1.6928,0.4917;</g>
	</geometry>
	<conformers/>
	<properties/>
</molecule>
