<?xml version="1.0" ?>
<!--MOLLI PACKAGE EXPERIMENTAL XML FORMAT-->
<molecule name="react_39">
	<atoms>
		<a id="1" s="H" t="H" l="H"/>
		<a id="2" s="C" t="C.2" l="C"/>
		<a id="3" s="C" t="C.2" l="C"/>
		<a id="4" s="H" t="H" l="H"/>
		<a id="5" s="C" t="C.3" l="C"/>
		<a id="6" s="H" t="H" l="H"/>
		<a id="7" s="H" t="H" l="H"/>
		<a id="8" s="C" t="C.3" l="C"/>
		<a id="9" s="H" t="H" l="H"/>
		<a id="10" s="H" t="H" l="H"/>
		<a id="11" s="C" t="C.3" l="C"/>
		<a id="12" s="H" t="H" l="H"/>
		<a id="13" s="H" t="H" l="H"/>
		<a id="14" s="H" t="H" l="H"/>
		<a id="15" s="C" t="C.ar" l="C"/>
		<a id="16" s="N" t="N.ar" l="N"/>
		<a id="17" s="C" t="C.ar" l="C"/>
		<a id="18" s="C" t="C.2" l="C"/>
		<a id="19" s="O" t="O.2" l="O"/>
		<a id="20" s="C" t="C.3" l="C"/>
		<a id="21" s="H" t="H" l="H"/>
		<a id="22" s="H" t="H" l="H"/>
		<a id="23" s="H" t="H" l="H"/>
		<a id="24" s="N" t="N.ar" l="N"/>
		<a id="25" s="C" t="C.3" l="C"/>
		<a id="26" s="H" t="H" l="H"/>
		<a id="27" s="H" t="H" l="H"/>
		<a id="28" s="C" t="C.3" l="C"/>
		<a id="29" s="H" t="H" l="H"/>
		<a id="30" s="H" t="H" l="H"/>
		<a id="31" s="H" t="H" l="H"/>
		<a id="32" s="C" t="C.ar" l="C"/>
		<a id="33" s="H" t="H" l="H"/>
	</atoms>
	<bonds>
		<b id="1" c="31 28" t="1"/>
		<b id="2" c="22 20" t="1"/>
		<b id="3" c="29 28" t="1"/>
		<b id="4" c="21 20" t="1"/>
		<b id="5" c="30 28" t="1"/>
		<b id="6" c="28 25" t="1"/>
		<b id="7" c="19 18" t="2"/>
		<b id="8" c="20 18" t="1"/>
		<b id="9" c="20 23" t="1"/>
		<b id="10" c="18 17" t="1"/>
		<b id="11" c="17 16" t="ar"/>
		<b id="12" c="17 24" t="ar"/>
		<b id="13" c="25 24" t="1"/>
		<b id="14" c="25 27" t="1"/>
		<b id="15" c="25 26" t="1"/>
		<b id="16" c="16 15" t="ar"/>
		<b id="17" c="24 32" t="ar"/>
		<b id="18" c="6 5" t="1"/>
		<b id="19" c="4 3" t="1"/>
		<b id="20" c="15 32" t="ar"/>
		<b id="21" c="15 2" t="1"/>
		<b id="22" c="32 33" t="1"/>
		<b id="23" c="3 2" t="2"/>
		<b id="24" c="3 5" t="1"/>
		<b id="25" c="2 1" t="1"/>
		<b id="26" c="5 7" t="1"/>
		<b id="27" c="5 8" t="1"/>
		<b id="28" c="14 11" t="1"/>
		<b id="29" c="9 8" t="1"/>
		<b id="30" c="8 11" t="1"/>
		<b id="31" c="8 10" t="1"/>
		<b id="32" c="11 13" t="1"/>
		<b id="33" c="11 12" t="1"/>
	</bonds>
	<geometry>
		<g u="A" t="cart/3d">#33,3:1.7581,-1.3948,0.8035;1.2886,-0.5011,0.3745;1.9990,0.6349,0.2683;1.4982,1.5103,-0.1640;3.4239,0.8097,0.7043;4.0414,1.0792,-0.1757;3.8245,-0.1489,1.0800;3.6114,1.9022,1.7731;3.1914,2.8522,1.3953;3.0105,1.6399,2.6620;5.0724,2.1097,2.1750;5.1724,2.8958,2.9409;5.5111,1.1853,2.5881;5.6887,2.4076,1.3096;-0.0992,-0.6583,-0.0537;-0.8473,0.3428,-0.6013;-2.0411,-0.1723,-0.8639;-3.1571,0.5903,-1.4635;-4.2267,0.0642,-1.7335;-2.8933,2.0586,-1.7163;-3.7669,2.4979,-2.2153;-1.9877,2.1897,-2.3277;-2.6994,2.5785,-0.7644;-2.1056,-1.5022,-0.4937;-3.2191,-2.4474,-0.6350;-3.0706,-3.2231,0.1325;-4.1485,-1.9110,-0.4080;-3.3018,-3.0712,-2.0259;-2.3668,-3.5908,-2.2901;-4.1238,-3.8043,-2.0562;-3.5093,-2.2989,-2.7806;-0.8778,-1.8140,0.0163;-0.6496,-2.8103,0.3905;</g>
	</geometry>
	<conformers/>
	<properties/>
</molecule>
