<?xml version="1.0" ?>
<!--MOLLI PACKAGE EXPERIMENTAL XML FORMAT-->
<molecule name="react_40">
	<atoms>
		<a id="1" s="H" t="H" l="H"/>
		<a id="2" s="C" t="C.2" l="C"/>
		<a id="3" s="C" t="C.2" l="C"/>
		<a id="4" s="O" t="O.2" l="O"/>
		<a id="5" s="O" t="O.3" l="O"/>
		<a id="6" s="C" t="C.3" l="C"/>
		<a id="7" s="H" t="H" l="H"/>
		<a id="8" s="H" t="H" l="H"/>
		<a id="9" s="C" t="C.3" l="C"/>
		<a id="10" s="H" t="H" l="H"/>
		<a id="11" s="H" t="H" l="H"/>
		<a id="12" s="H" t="H" l="H"/>
		<a id="13" s="C" t="C.2" l="C"/>
		<a id="14" s="H" t="H" l="H"/>
		<a id="15" s="C" t="C.3" l="C"/>
		<a id="16" s="H" t="H" l="H"/>
		<a id="17" s="H" t="H" l="H"/>
		<a id="18" s="C" t="C.3" l="C"/>
		<a id="19" s="H" t="H" l="H"/>
		<a id="20" s="H" t="H" l="H"/>
		<a id="21" s="O" t="O.3" l="O"/>
		<a id="22" s="Si" t="Si" l="SI"/>
		<a id="23" s="C" t="C.3" l="C"/>
		<a id="24" s="H" t="H" l="H"/>
		<a id="25" s="H" t="H" l="H"/>
		<a id="26" s="H" t="H" l="H"/>
		<a id="27" s="C" t="C.3" l="C"/>
		<a id="28" s="H" t="H" l="H"/>
		<a id="29" s="H" t="H" l="H"/>
		<a id="30" s="H" t="H" l="H"/>
		<a id="31" s="C" t="C.3" l="C"/>
		<a id="32" s="C" t="C.3" l="C"/>
		<a id="33" s="H" t="H" l="H"/>
		<a id="34" s="H" t="H" l="H"/>
		<a id="35" s="H" t="H" l="H"/>
		<a id="36" s="C" t="C.3" l="C"/>
		<a id="37" s="H" t="H" l="H"/>
		<a id="38" s="H" t="H" l="H"/>
		<a id="39" s="H" t="H" l="H"/>
		<a id="40" s="C" t="C.3" l="C"/>
		<a id="41" s="H" t="H" l="H"/>
		<a id="42" s="H" t="H" l="H"/>
		<a id="43" s="H" t="H" l="H"/>
	</atoms>
	<bonds>
		<b id="1" c="25 23" t="1"/>
		<b id="2" c="26 23" t="1"/>
		<b id="3" c="24 23" t="1"/>
		<b id="4" c="23 22" t="1"/>
		<b id="5" c="41 40" t="1"/>
		<b id="6" c="28 27" t="1"/>
		<b id="7" c="29 27" t="1"/>
		<b id="8" c="43 40" t="1"/>
		<b id="9" c="33 32" t="1"/>
		<b id="10" c="40 42" t="1"/>
		<b id="11" c="40 31" t="1"/>
		<b id="12" c="11 9" t="1"/>
		<b id="13" c="19 18" t="1"/>
		<b id="14" c="27 22" t="1"/>
		<b id="15" c="27 30" t="1"/>
		<b id="16" c="12 9" t="1"/>
		<b id="17" c="22 31" t="1"/>
		<b id="18" c="22 21" t="1"/>
		<b id="19" c="9 10" t="1"/>
		<b id="20" c="9 6" t="1"/>
		<b id="21" c="31 32" t="1"/>
		<b id="22" c="31 36" t="1"/>
		<b id="23" c="32 35" t="1"/>
		<b id="24" c="32 34" t="1"/>
		<b id="25" c="18 20" t="1"/>
		<b id="26" c="18 21" t="1"/>
		<b id="27" c="18 15" t="1"/>
		<b id="28" c="4 3" t="2"/>
		<b id="29" c="1 2" t="1"/>
		<b id="30" c="3 2" t="1"/>
		<b id="31" c="3 5" t="1"/>
		<b id="32" c="2 13" t="2"/>
		<b id="33" c="6 5" t="1"/>
		<b id="34" c="6 8" t="1"/>
		<b id="35" c="6 7" t="1"/>
		<b id="36" c="16 15" t="1"/>
		<b id="37" c="13 15" t="1"/>
		<b id="38" c="13 14" t="1"/>
		<b id="39" c="15 17" t="1"/>
		<b id="40" c="39 36" t="1"/>
		<b id="41" c="36 37" t="1"/>
		<b id="42" c="36 38" t="1"/>
	</bonds>
	<geometry>
		<g u="A" t="cart/3d">#43,3:2.8356,2.6567,0.8285;3.2119,1.6344,0.9318;4.6911,1.5418,0.8863;5.4140,2.5014,0.7339;5.1488,0.2780,1.0331;6.5719,0.0801,0.9934;6.7447,-0.8331,1.5824;7.0652,0.9280,1.4923;7.0804,-0.0790,-0.4308;8.1591,-0.3060,-0.4219;6.9311,0.8489,-1.0028;6.5599,-0.9019,-0.9462;2.3789,0.5923,1.0802;2.8197,-0.4073,1.1755;0.8846,0.6863,1.1087;0.5552,1.7366,1.0593;0.5034,0.2701,2.0595;0.2187,-0.0978,-0.0291;0.5571,0.3131,-1.0011;0.5555,-1.1542,0.0058;-1.1785,-0.0084,0.1025;-2.3502,-0.6555,-0.9313;-2.0917,0.0192,-2.6770;-2.1302,1.1203,-2.6995;-2.8598,-0.3609,-3.3711;-1.1113,-0.2904,-3.0767;-2.1815,-2.5373,-0.9643;-2.9720,-3.0014,-1.5775;-1.2138,-2.8367,-1.4014;-2.2400,-2.9700,0.0475;-4.0075,-0.0823,-0.1631;-4.0256,1.4587,-0.0813;-3.9703,1.9271,-1.0783;-3.1833,1.8412,0.5163;-4.9620,1.8076,0.3917;-4.1406,-0.6642,1.2602;-5.0711,-0.3043,1.7366;-3.2971,-0.3623,1.9013;-4.1823,-1.7662,1.2554;-5.1901,-0.5647,-1.0290;-5.1527,-0.1525,-2.0513;-6.1492,-0.2416,-0.5841;-5.2261,-1.6642,-1.1117;</g>
	</geometry>
	<conformers/>
	<properties/>
</molecule>
