<?xml version="1.0" ?>
<!--MOLLI PACKAGE EXPERIMENTAL XML FORMAT-->
<molecule name="react_41">
	<atoms>
		<a id="1" s="H" t="H" l="H"/>
		<a id="2" s="C" t="C.2" l="C"/>
		<a id="3" s="C" t="C.2" l="C"/>
		<a id="4" s="H" t="H" l="H"/>
		<a id="5" s="C" t="C.3" l="C"/>
		<a id="6" s="H" t="H" l="H"/>
		<a id="7" s="H" t="H" l="H"/>
		<a id="8" s="C" t="C.3" l="C"/>
		<a id="9" s="H" t="H" l="H"/>
		<a id="10" s="H" t="H" l="H"/>
		<a id="11" s="O" t="O.3" l="O"/>
		<a id="12" s="C" t="C.3" l="C"/>
		<a id="13" s="H" t="H" l="H"/>
		<a id="14" s="H" t="H" l="H"/>
		<a id="15" s="C" t="C.ar" l="C"/>
		<a id="16" s="C" t="C.ar" l="C"/>
		<a id="17" s="H" t="H" l="H"/>
		<a id="18" s="C" t="C.ar" l="C"/>
		<a id="19" s="H" t="H" l="H"/>
		<a id="20" s="C" t="C.ar" l="C"/>
		<a id="21" s="O" t="O.3" l="O"/>
		<a id="22" s="C" t="C.3" l="C"/>
		<a id="23" s="H" t="H" l="H"/>
		<a id="24" s="H" t="H" l="H"/>
		<a id="25" s="H" t="H" l="H"/>
		<a id="26" s="C" t="C.ar" l="C"/>
		<a id="27" s="H" t="H" l="H"/>
		<a id="28" s="C" t="C.ar" l="C"/>
		<a id="29" s="H" t="H" l="H"/>
		<a id="30" s="C" t="C.3" l="C"/>
		<a id="31" s="H" t="H" l="H"/>
		<a id="32" s="H" t="H" l="H"/>
		<a id="33" s="Cl" t="Cl" l="CL"/>
	</atoms>
	<bonds>
		<b id="1" c="7 5" t="1"/>
		<b id="2" c="1 2" t="1"/>
		<b id="3" c="6 5" t="1"/>
		<b id="4" c="23 22" t="1"/>
		<b id="5" c="29 28" t="1"/>
		<b id="6" c="5 3" t="1"/>
		<b id="7" c="5 8" t="1"/>
		<b id="8" c="27 26" t="1"/>
		<b id="9" c="32 30" t="1"/>
		<b id="10" c="2 3" t="2"/>
		<b id="11" c="2 30" t="1"/>
		<b id="12" c="9 8" t="1"/>
		<b id="13" c="3 4" t="1"/>
		<b id="14" c="13 12" t="1"/>
		<b id="15" c="28 26" t="ar"/>
		<b id="16" c="28 15" t="ar"/>
		<b id="17" c="26 20" t="ar"/>
		<b id="18" c="22 24" t="1"/>
		<b id="19" c="22 25" t="1"/>
		<b id="20" c="22 21" t="1"/>
		<b id="21" c="8 10" t="1"/>
		<b id="22" c="8 11" t="1"/>
		<b id="23" c="30 31" t="1"/>
		<b id="24" c="30 33" t="1"/>
		<b id="25" c="15 12" t="1"/>
		<b id="26" c="15 16" t="ar"/>
		<b id="27" c="12 11" t="1"/>
		<b id="28" c="12 14" t="1"/>
		<b id="29" c="20 21" t="1"/>
		<b id="30" c="20 18" t="ar"/>
		<b id="31" c="16 18" t="ar"/>
		<b id="32" c="16 17" t="1"/>
		<b id="33" c="18 19" t="1"/>
	</bonds>
	<geometry>
		<g u="A" t="cart/3d">#33,3:5.0943,1.1096,-1.6526;5.0104,0.4439,-0.7810;3.8124,-0.0312,-0.4270;3.7408,-0.6871,0.4467;2.5217,0.2794,-1.1309;2.1308,-0.6414,-1.6049;2.6868,1.0021,-1.9492;1.4414,0.8387,-0.1901;0.5391,1.1105,-0.7702;1.8129,1.7582,0.2916;1.1161,-0.0574,0.8584;0.1225,-1.0183,0.5595;0.3279,-1.5373,-0.3977;0.2119,-1.7792,1.3543;-1.2879,-0.4574,0.5410;-1.6924,0.4884,1.5016;-0.9616,0.8489,2.2301;-2.9950,0.9722,1.5288;-3.3144,1.7071,2.2713;-3.9424,0.5183,0.5916;-5.1904,1.0445,0.6998;-6.1917,0.6342,-0.2026;-5.9331,0.8842,-1.2483;-6.3866,-0.4522,-0.1375;-7.1064,1.1757,0.0753;-3.5540,-0.4204,-0.3750;-4.2603,-0.7862,-1.1210;-2.2339,-0.8912,-0.3918;-1.9443,-1.6192,-1.1566;6.3321,0.1792,-0.1208;6.7863,1.1187,0.2331;7.0392,-0.2757,-0.8331;6.2678,-0.9242,1.3070;</g>
	</geometry>
	<conformers/>
	<properties/>
</molecule>
