<?xml version="1.0" ?>
<!--MOLLI PACKAGE EXPERIMENTAL XML FORMAT-->
<molecule name="react_42">
	<atoms>
		<a id="1" s="H" t="H" l="H"/>
		<a id="2" s="C" t="C.2" l="C"/>
		<a id="3" s="C" t="C.2" l="C"/>
		<a id="4" s="O" t="O.2" l="O"/>
		<a id="5" s="O" t="O.3" l="O"/>
		<a id="6" s="C" t="C.3" l="C"/>
		<a id="7" s="H" t="H" l="H"/>
		<a id="8" s="H" t="H" l="H"/>
		<a id="9" s="C" t="C.3" l="C"/>
		<a id="10" s="H" t="H" l="H"/>
		<a id="11" s="H" t="H" l="H"/>
		<a id="12" s="H" t="H" l="H"/>
		<a id="13" s="C" t="C.2" l="C"/>
		<a id="14" s="H" t="H" l="H"/>
		<a id="15" s="C" t="C.3" l="C"/>
		<a id="16" s="H" t="H" l="H"/>
		<a id="17" s="H" t="H" l="H"/>
		<a id="18" s="C" t="C.3" l="C"/>
		<a id="19" s="H" t="H" l="H"/>
		<a id="20" s="H" t="H" l="H"/>
		<a id="21" s="O" t="O.3" l="O"/>
		<a id="22" s="C" t="C.3" l="C"/>
		<a id="23" s="H" t="H" l="H"/>
		<a id="24" s="H" t="H" l="H"/>
		<a id="25" s="C" t="C.ar" l="C"/>
		<a id="26" s="C" t="C.ar" l="C"/>
		<a id="27" s="H" t="H" l="H"/>
		<a id="28" s="C" t="C.ar" l="C"/>
		<a id="29" s="H" t="H" l="H"/>
		<a id="30" s="C" t="C.ar" l="C"/>
		<a id="31" s="H" t="H" l="H"/>
		<a id="32" s="C" t="C.ar" l="C"/>
		<a id="33" s="H" t="H" l="H"/>
		<a id="34" s="C" t="C.ar" l="C"/>
		<a id="35" s="H" t="H" l="H"/>
	</atoms>
	<bonds>
		<b id="1" c="35 34" t="1"/>
		<b id="2" c="12 9" t="1"/>
		<b id="3" c="17 15" t="1"/>
		<b id="4" c="33 32" t="1"/>
		<b id="5" c="14 13" t="1"/>
		<b id="6" c="23 22" t="1"/>
		<b id="7" c="4 3" t="2"/>
		<b id="8" c="34 32" t="ar"/>
		<b id="9" c="34 25" t="ar"/>
		<b id="10" c="10 9" t="1"/>
		<b id="11" c="9 11" t="1"/>
		<b id="12" c="9 6" t="1"/>
		<b id="13" c="32 30" t="ar"/>
		<b id="14" c="13 15" t="1"/>
		<b id="15" c="13 2" t="2"/>
		<b id="16" c="15 16" t="1"/>
		<b id="17" c="15 18" t="1"/>
		<b id="18" c="24 22" t="1"/>
		<b id="19" c="22 25" t="1"/>
		<b id="20" c="22 21" t="1"/>
		<b id="21" c="3 2" t="1"/>
		<b id="22" c="3 5" t="1"/>
		<b id="23" c="25 26" t="ar"/>
		<b id="24" c="2 1" t="1"/>
		<b id="25" c="20 18" t="1"/>
		<b id="26" c="7 6" t="1"/>
		<b id="27" c="6 5" t="1"/>
		<b id="28" c="6 8" t="1"/>
		<b id="29" c="18 21" t="1"/>
		<b id="30" c="18 19" t="1"/>
		<b id="31" c="30 31" t="1"/>
		<b id="32" c="30 28" t="ar"/>
		<b id="33" c="26 28" t="ar"/>
		<b id="34" c="26 27" t="1"/>
		<b id="35" c="28 29" t="1"/>
	</bonds>
	<geometry>
		<g u="A" t="cart/3d">#35,3:2.3841,0.1019,0.7976;2.6011,0.8718,0.0538;4.0365,1.1638,-0.1913;4.4660,1.9796,-0.9766;4.8207,0.3920,0.5920;6.2439,0.5615,0.4768;6.4665,1.6295,0.3306;6.6433,0.2411,1.4506;6.8228,-0.2712,-0.6563;7.9215,-0.1825,-0.6633;6.5641,-1.3351,-0.5352;6.4451,0.0781,-1.6289;1.6478,1.5379,-0.6170;1.9937,2.2888,-1.3384;0.1647,1.3729,-0.4891;-0.2816,2.3518,-0.2301;-0.2400,1.1381,-1.4920;-0.3137,0.3375,0.5312;0.0789,0.5940,1.5287;0.0770,-0.6676,0.2719;-1.7176,0.3037,0.6593;-2.4076,-0.4328,-0.3209;-2.3043,0.0281,-1.3251;-1.9741,-1.4539,-0.4032;-3.8776,-0.5374,0.0250;-4.3603,-0.1624,1.2853;-3.6599,0.2362,2.0205;-5.7201,-0.2924,1.5887;-6.0845,0.0071,2.5754;-6.6110,-0.8004,0.6397;-7.6731,-0.9014,0.8786;-6.1348,-1.1762,-0.6216;-6.8242,-1.5711,-1.3730;-4.7786,-1.0418,-0.9261;-4.4150,-1.3321,-1.9175;</g>
	</geometry>
	<conformers/>
	<properties/>
</molecule>
