<?xml version="1.0" ?>
<!--MOLLI PACKAGE EXPERIMENTAL XML FORMAT-->
<molecule name="react_45">
	<atoms>
		<a id="1" s="H" t="H" l="H"/>
		<a id="2" s="C" t="C.2" l="C"/>
		<a id="3" s="C" t="C.2" l="C"/>
		<a id="4" s="H" t="H" l="H"/>
		<a id="5" s="C" t="C.3" l="C"/>
		<a id="6" s="H" t="H" l="H"/>
		<a id="7" s="H" t="H" l="H"/>
		<a id="8" s="H" t="H" l="H"/>
		<a id="9" s="C" t="C.ar" l="C"/>
		<a id="10" s="C" t="C.ar" l="C"/>
		<a id="11" s="H" t="H" l="H"/>
		<a id="12" s="C" t="C.ar" l="C"/>
		<a id="13" s="H" t="H" l="H"/>
		<a id="14" s="C" t="C.ar" l="C"/>
		<a id="15" s="C" t="C.ar" l="C"/>
		<a id="16" s="C" t="C.ar" l="C"/>
		<a id="17" s="H" t="H" l="H"/>
		<a id="18" s="C" t="C.ar" l="C"/>
		<a id="19" s="H" t="H" l="H"/>
		<a id="20" s="C" t="C.ar" l="C"/>
		<a id="21" s="H" t="H" l="H"/>
		<a id="22" s="C" t="C.ar" l="C"/>
		<a id="23" s="H" t="H" l="H"/>
		<a id="24" s="C" t="C.ar" l="C"/>
		<a id="25" s="H" t="H" l="H"/>
		<a id="26" s="C" t="C.ar" l="C"/>
		<a id="27" s="F" t="F" l="F"/>
		<a id="28" s="C" t="C.ar" l="C"/>
		<a id="29" s="H" t="H" l="H"/>
	</atoms>
	<bonds>
		<b id="1" c="11 10" t="1"/>
		<b id="2" c="13 12" t="1"/>
		<b id="3" c="1 2" t="1"/>
		<b id="4" c="10 12" t="ar"/>
		<b id="5" c="10 9" t="ar"/>
		<b id="6" c="12 14" t="ar"/>
		<b id="7" c="7 5" t="1"/>
		<b id="8" c="2 9" t="1"/>
		<b id="9" c="2 3" t="2"/>
		<b id="10" c="8 5" t="1"/>
		<b id="11" c="9 28" t="ar"/>
		<b id="12" c="25 24" t="1"/>
		<b id="13" c="23 22" t="1"/>
		<b id="14" c="5 3" t="1"/>
		<b id="15" c="5 6" t="1"/>
		<b id="16" c="24 22" t="ar"/>
		<b id="17" c="24 15" t="ar"/>
		<b id="18" c="14 15" t="1"/>
		<b id="19" c="14 26" t="ar"/>
		<b id="20" c="22 20" t="ar"/>
		<b id="21" c="15 16" t="ar"/>
		<b id="22" c="3 4" t="1"/>
		<b id="23" c="20 21" t="1"/>
		<b id="24" c="20 18" t="ar"/>
		<b id="25" c="16 18" t="ar"/>
		<b id="26" c="16 17" t="1"/>
		<b id="27" c="18 19" t="1"/>
		<b id="28" c="28 26" t="ar"/>
		<b id="29" c="28 29" t="1"/>
		<b id="30" c="26 27" t="1"/>
	</bonds>
	<geometry>
		<g u="A" t="cart/3d">#29,3:3.6626,-1.0497,-1.3133;3.3657,-0.3611,-0.5123;4.3386,0.2764,0.1627;4.0674,0.9762,0.9632;5.8062,0.1154,-0.0923;6.3328,-0.2363,0.8135;6.0059,-0.6013,-0.9042;6.2722,1.0801,-0.3636;1.9128,-0.2431,-0.3137;1.0379,-0.9404,-1.1697;1.4530,-1.5578,-1.9708;-0.3450,-0.8466,-1.0257;-0.9919,-1.3822,-1.7246;-0.9413,-0.0573,-0.0241;-2.4177,0.0279,0.1235;-3.0641,1.2437,0.4224;-2.4711,2.1474,0.5705;-4.4553,1.3096,0.5196;-4.9346,2.2664,0.7447;-5.2341,0.1641,0.3270;-6.3232,0.2177,0.4061;-4.6069,-1.0514,0.0373;-5.2032,-1.9570,-0.1046;-3.2156,-1.1177,-0.0627;-2.7375,-2.0788,-0.2683;-0.0473,0.6245,0.8235;-0.5359,1.3832,1.8228;1.3320,0.5444,0.6987;1.9376,1.1033,1.4143;</g>
	</geometry>
	<conformers/>
	<properties/>
</molecule>
