<?xml version="1.0" ?>
<!--MOLLI PACKAGE EXPERIMENTAL XML FORMAT-->
<molecule name="react_47">
	<atoms>
		<a id="1" s="H" t="H" l="H"/>
		<a id="2" s="C" t="C.2" l="C"/>
		<a id="3" s="C" t="C.2" l="C"/>
		<a id="4" s="O" t="O.2" l="O"/>
		<a id="5" s="O" t="O.3" l="O"/>
		<a id="6" s="C" t="C.3" l="C"/>
		<a id="7" s="C" t="C.3" l="C"/>
		<a id="8" s="H" t="H" l="H"/>
		<a id="9" s="H" t="H" l="H"/>
		<a id="10" s="H" t="H" l="H"/>
		<a id="11" s="C" t="C.3" l="C"/>
		<a id="12" s="H" t="H" l="H"/>
		<a id="13" s="H" t="H" l="H"/>
		<a id="14" s="H" t="H" l="H"/>
		<a id="15" s="C" t="C.3" l="C"/>
		<a id="16" s="H" t="H" l="H"/>
		<a id="17" s="H" t="H" l="H"/>
		<a id="18" s="H" t="H" l="H"/>
		<a id="19" s="C" t="C.2" l="C"/>
		<a id="20" s="H" t="H" l="H"/>
		<a id="21" s="C" t="C.3" l="C"/>
		<a id="22" s="H" t="H" l="H"/>
		<a id="23" s="H" t="H" l="H"/>
		<a id="24" s="C" t="C.3" l="C"/>
		<a id="25" s="H" t="H" l="H"/>
		<a id="26" s="H" t="H" l="H"/>
		<a id="27" s="O" t="O.3" l="O"/>
		<a id="28" s="C" t="C.3" l="C"/>
		<a id="29" s="H" t="H" l="H"/>
		<a id="30" s="H" t="H" l="H"/>
		<a id="31" s="C" t="C.ar" l="C"/>
		<a id="32" s="C" t="C.ar" l="C"/>
		<a id="33" s="H" t="H" l="H"/>
		<a id="34" s="C" t="C.ar" l="C"/>
		<a id="35" s="H" t="H" l="H"/>
		<a id="36" s="C" t="C.ar" l="C"/>
		<a id="37" s="O" t="O.3" l="O"/>
		<a id="38" s="C" t="C.3" l="C"/>
		<a id="39" s="H" t="H" l="H"/>
		<a id="40" s="H" t="H" l="H"/>
		<a id="41" s="H" t="H" l="H"/>
		<a id="42" s="C" t="C.ar" l="C"/>
		<a id="43" s="O" t="O.3" l="O"/>
		<a id="44" s="C" t="C.3" l="C"/>
		<a id="45" s="H" t="H" l="H"/>
		<a id="46" s="H" t="H" l="H"/>
		<a id="47" s="H" t="H" l="H"/>
		<a id="48" s="C" t="C.ar" l="C"/>
		<a id="49" s="H" t="H" l="H"/>
	</atoms>
	<bonds>
		<b id="1" c="33 32" t="1"/>
		<b id="2" c="35 34" t="1"/>
		<b id="3" c="40 38" t="1"/>
		<b id="4" c="29 28" t="1"/>
		<b id="5" c="32 34" t="ar"/>
		<b id="6" c="32 31" t="ar"/>
		<b id="7" c="41 38" t="1"/>
		<b id="8" c="34 36" t="ar"/>
		<b id="9" c="22 21" t="1"/>
		<b id="10" c="8 7" t="1"/>
		<b id="11" c="38 39" t="1"/>
		<b id="12" c="38 37" t="1"/>
		<b id="13" c="20 19" t="1"/>
		<b id="14" c="10 7" t="1"/>
		<b id="15" c="30 28" t="1"/>
		<b id="16" c="28 31" t="1"/>
		<b id="17" c="28 27" t="1"/>
		<b id="18" c="31 48" t="ar"/>
		<b id="19" c="4 3" t="2"/>
		<b id="20" c="7 9" t="1"/>
		<b id="21" c="7 6" t="1"/>
		<b id="22" c="21 19" t="1"/>
		<b id="23" c="21 23" t="1"/>
		<b id="24" c="21 24" t="1"/>
		<b id="25" c="19 2" t="2"/>
		<b id="26" c="36 37" t="1"/>
		<b id="27" c="36 42" t="ar"/>
		<b id="28" c="25 24" t="1"/>
		<b id="29" c="3 2" t="1"/>
		<b id="30" c="3 5" t="1"/>
		<b id="31" c="2 1" t="1"/>
		<b id="32" c="24 27" t="1"/>
		<b id="33" c="24 26" t="1"/>
		<b id="34" c="48 42" t="ar"/>
		<b id="35" c="48 49" t="1"/>
		<b id="36" c="5 6" t="1"/>
		<b id="37" c="42 43" t="1"/>
		<b id="38" c="6 15" t="1"/>
		<b id="39" c="6 11" t="1"/>
		<b id="40" c="17 15" t="1"/>
		<b id="41" c="14 11" t="1"/>
		<b id="42" c="15 18" t="1"/>
		<b id="43" c="15 16" t="1"/>
		<b id="44" c="11 12" t="1"/>
		<b id="45" c="11 13" t="1"/>
		<b id="46" c="43 44" t="1"/>
		<b id="47" c="44 45" t="1"/>
		<b id="48" c="44 47" t="1"/>
		<b id="49" c="44 46" t="1"/>
	</bonds>
	<geometry>
		<g u="A" t="cart/3d">#49,3:-2.6446,-0.5045,0.4919;-3.0530,0.3188,-0.0985;-4.5372,0.3975,-0.1837;-5.1505,1.2471,-0.7942;-5.0948,-0.6112,0.5121;-6.5471,-0.7975,0.6098;-7.1375,-1.0488,-0.7824;-7.0369,-0.1626,-1.4221;-8.2063,-1.3001,-0.6913;-6.6283,-1.8966,-1.2679;-6.6730,-2.0460,1.4860;-7.7330,-2.3009,1.6390;-6.2087,-1.8765,2.4697;-6.1716,-2.9040,1.0123;-7.1880,0.4140,1.2967;-6.7102,0.5996,2.2719;-7.0939,1.3167,0.6795;-8.2572,0.2163,1.4733;-2.2869,1.2251,-0.7263;-2.8171,2.0040,-1.2886;-0.7907,1.2932,-0.7458;-0.4620,1.2622,-1.8020;-0.4742,2.2900,-0.3845;-0.0510,0.2285,0.0678;-0.3037,-0.7856,-0.3036;-0.3718,0.2809,1.1212;1.3463,0.4217,0.0688;2.0341,-0.0813,-1.0580;1.7226,0.4320,-1.9896;1.7797,-1.1564,-1.1930;3.5258,0.0789,-0.8772;4.3620,0.2564,-1.9766;3.9405,0.3299,-2.9833;5.7537,0.3443,-1.8098;6.3866,0.4829,-2.6869;6.3248,0.2690,-0.5385;7.6525,0.3511,-0.2726;8.5515,0.5223,-1.3413;9.5581,0.5597,-0.9020;8.5062,-0.3179,-2.0595;8.3668,1.4643,-1.8910;5.4745,0.1023,0.5916;6.0995,0.0515,1.7938;5.3244,-0.0966,2.9595;4.7536,-1.0438,2.9598;6.0278,-0.1058,3.8037;4.6150,0.7409,3.0932;4.0953,0.0047,0.4080;3.4279,-0.1099,1.2609;</g>
	</geometry>
	<conformers/>
	<properties/>
</molecule>
