<?xml version="1.0" ?>
<!--MOLLI PACKAGE EXPERIMENTAL XML FORMAT-->
<molecule name="react_48">
	<atoms>
		<a id="1" s="H" t="H" l="H"/>
		<a id="2" s="C" t="C.2" l="C"/>
		<a id="3" s="C" t="C.2" l="C"/>
		<a id="4" s="H" t="H" l="H"/>
		<a id="5" s="C" t="C.3" l="C"/>
		<a id="6" s="H" t="H" l="H"/>
		<a id="7" s="H" t="H" l="H"/>
		<a id="8" s="C" t="C.3" l="C"/>
		<a id="9" s="H" t="H" l="H"/>
		<a id="10" s="H" t="H" l="H"/>
		<a id="11" s="O" t="O.3" l="O"/>
		<a id="12" s="Si" t="Si" l="SI"/>
		<a id="13" s="C" t="C.3" l="C"/>
		<a id="14" s="H" t="H" l="H"/>
		<a id="15" s="H" t="H" l="H"/>
		<a id="16" s="H" t="H" l="H"/>
		<a id="17" s="C" t="C.3" l="C"/>
		<a id="18" s="H" t="H" l="H"/>
		<a id="19" s="H" t="H" l="H"/>
		<a id="20" s="H" t="H" l="H"/>
		<a id="21" s="C" t="C.3" l="C"/>
		<a id="22" s="C" t="C.3" l="C"/>
		<a id="23" s="H" t="H" l="H"/>
		<a id="24" s="H" t="H" l="H"/>
		<a id="25" s="H" t="H" l="H"/>
		<a id="26" s="C" t="C.3" l="C"/>
		<a id="27" s="H" t="H" l="H"/>
		<a id="28" s="H" t="H" l="H"/>
		<a id="29" s="H" t="H" l="H"/>
		<a id="30" s="C" t="C.3" l="C"/>
		<a id="31" s="H" t="H" l="H"/>
		<a id="32" s="H" t="H" l="H"/>
		<a id="33" s="H" t="H" l="H"/>
		<a id="34" s="C" t="C.ar" l="C"/>
		<a id="35" s="N" t="N.ar" l="N"/>
		<a id="36" s="C" t="C.ar" l="C"/>
		<a id="37" s="C" t="C.2" l="C"/>
		<a id="38" s="O" t="O.2" l="O"/>
		<a id="39" s="C" t="C.3" l="C"/>
		<a id="40" s="H" t="H" l="H"/>
		<a id="41" s="H" t="H" l="H"/>
		<a id="42" s="H" t="H" l="H"/>
		<a id="43" s="N" t="N.ar" l="N"/>
		<a id="44" s="C" t="C.3" l="C"/>
		<a id="45" s="H" t="H" l="H"/>
		<a id="46" s="H" t="H" l="H"/>
		<a id="47" s="C" t="C.3" l="C"/>
		<a id="48" s="H" t="H" l="H"/>
		<a id="49" s="H" t="H" l="H"/>
		<a id="50" s="H" t="H" l="H"/>
		<a id="51" s="C" t="C.ar" l="C"/>
		<a id="52" s="H" t="H" l="H"/>
	</atoms>
	<bonds>
		<b id="1" c="41 39" t="1"/>
		<b id="2" c="40 39" t="1"/>
		<b id="3" c="39 42" t="1"/>
		<b id="4" c="39 37" t="1"/>
		<b id="5" c="33 30" t="1"/>
		<b id="6" c="18 17" t="1"/>
		<b id="7" c="37 38" t="2"/>
		<b id="8" c="37 36" t="1"/>
		<b id="9" c="23 22" t="1"/>
		<b id="10" c="19 17" t="1"/>
		<b id="11" c="31 30" t="1"/>
		<b id="12" c="17 20" t="1"/>
		<b id="13" c="17 12" t="1"/>
		<b id="14" c="24 22" t="1"/>
		<b id="15" c="30 32" t="1"/>
		<b id="16" c="30 21" t="1"/>
		<b id="17" c="35 36" t="ar"/>
		<b id="18" c="35 34" t="ar"/>
		<b id="19" c="22 25" t="1"/>
		<b id="20" c="22 21" t="1"/>
		<b id="21" c="36 43" t="ar"/>
		<b id="22" c="49 47" t="1"/>
		<b id="23" c="1 2" t="1"/>
		<b id="24" c="21 12" t="1"/>
		<b id="25" c="21 26" t="1"/>
		<b id="26" c="10 8" t="1"/>
		<b id="27" c="47 50" t="1"/>
		<b id="28" c="47 48" t="1"/>
		<b id="29" c="47 44" t="1"/>
		<b id="30" c="34 2" t="1"/>
		<b id="31" c="34 51" t="ar"/>
		<b id="32" c="12 11" t="1"/>
		<b id="33" c="12 13" t="1"/>
		<b id="34" c="43 44" t="1"/>
		<b id="35" c="43 51" t="ar"/>
		<b id="36" c="45 44" t="1"/>
		<b id="37" c="2 3" t="2"/>
		<b id="38" c="9 8" t="1"/>
		<b id="39" c="8 11" t="1"/>
		<b id="40" c="8 5" t="1"/>
		<b id="41" c="44 46" t="1"/>
		<b id="42" c="29 26" t="1"/>
		<b id="43" c="16 13" t="1"/>
		<b id="44" c="51 52" t="1"/>
		<b id="45" c="26 27" t="1"/>
		<b id="46" c="26 28" t="1"/>
		<b id="47" c="13 15" t="1"/>
		<b id="48" c="13 14" t="1"/>
		<b id="49" c="3 5" t="1"/>
		<b id="50" c="3 4" t="1"/>
		<b id="51" c="5 6" t="1"/>
		<b id="52" c="5 7" t="1"/>
	</bonds>
	<geometry>
		<g u="A" t="cart/3d">#52,3:1.0342,0.0671,-0.3415;1.6036,-0.3854,0.4757;0.9807,-0.8478,1.5743;1.5868,-1.2960,2.3727;-0.4962,-0.8214,1.8486;-0.8516,-1.8487,2.0559;-0.6874,-0.2653,2.7861;-1.3742,-0.2218,0.7554;-1.0504,0.8163,0.5480;-1.2419,-0.7917,-0.1848;-2.7179,-0.2423,1.1814;-4.1456,-0.2265,0.2829;-5.4350,-0.9402,1.4535;-5.5069,-0.3482,2.3799;-5.1567,-1.9686,1.7374;-6.4355,-0.9761,0.9923;-3.9592,-1.3432,-1.2315;-3.2036,-0.9771,-1.9453;-4.9141,-1.4286,-1.7765;-3.6637,-2.3597,-0.9214;-4.5845,1.5782,-0.2248;-5.9627,1.6121,-0.9185;-5.9806,1.0071,-1.8408;-6.2241,2.6475,-1.2061;-6.7688,1.2451,-0.2618;-4.6254,2.4597,1.0411;-3.6664,2.4368,1.5835;-5.4117,2.1370,1.7435;-4.8369,3.5120,0.7750;-3.5210,2.1368,-1.1937;-3.7723,3.1733,-1.4860;-2.5180,2.1647,-0.7374;-3.4510,1.5461,-2.1221;3.0424,-0.4119,0.2173;3.5585,0.0852,-0.9432;4.8741,-0.0804,-0.8820;5.8125,0.3361,-1.9442;7.0143,0.1274,-1.8629;5.1937,1.0394,-3.1330;4.3823,0.4329,-3.5630;5.9743,1.2318,-3.8805;4.7329,1.9884,-2.8147;5.2439,-0.6761,0.3092;6.5831,-1.0629,0.7686;7.2837,-0.2764,0.4627;6.5432,-1.0841,1.8688;7.0372,-2.4119,0.2166;8.0251,-2.6689,0.6313;7.1308,-2.3659,-0.8780;6.3315,-3.2144,0.4846;4.0916,-0.8906,1.0059;4.1025,-1.3487,1.9926;</g>
	</geometry>
	<conformers/>
	<properties/>
</molecule>
