<?xml version="1.0" ?>
<!--MOLLI PACKAGE EXPERIMENTAL XML FORMAT-->
<molecule name="react_49">
	<atoms>
		<a id="1" s="H" t="H" l="H"/>
		<a id="2" s="C" t="C.2" l="C"/>
		<a id="3" s="C" t="C.2" l="C"/>
		<a id="4" s="O" t="O.2" l="O"/>
		<a id="5" s="O" t="O.3" l="O"/>
		<a id="6" s="C" t="C.3" l="C"/>
		<a id="7" s="H" t="H" l="H"/>
		<a id="8" s="H" t="H" l="H"/>
		<a id="9" s="H" t="H" l="H"/>
		<a id="10" s="C" t="C.2" l="C"/>
		<a id="11" s="H" t="H" l="H"/>
		<a id="12" s="C" t="C.ar" l="C"/>
		<a id="13" s="C" t="C.ar" l="C"/>
		<a id="14" s="H" t="H" l="H"/>
		<a id="15" s="C" t="C.ar" l="C"/>
		<a id="16" s="H" t="H" l="H"/>
		<a id="17" s="C" t="C.ar" l="C"/>
		<a id="18" s="O" t="O.3" l="O"/>
		<a id="19" s="C" t="C.3" l="C"/>
		<a id="20" s="H" t="H" l="H"/>
		<a id="21" s="H" t="H" l="H"/>
		<a id="22" s="C" t="C.ar" l="C"/>
		<a id="23" s="C" t="C.ar" l="C"/>
		<a id="24" s="H" t="H" l="H"/>
		<a id="25" s="C" t="C.ar" l="C"/>
		<a id="26" s="H" t="H" l="H"/>
		<a id="27" s="C" t="C.ar" l="C"/>
		<a id="28" s="H" t="H" l="H"/>
		<a id="29" s="C" t="C.ar" l="C"/>
		<a id="30" s="H" t="H" l="H"/>
		<a id="31" s="C" t="C.ar" l="C"/>
		<a id="32" s="H" t="H" l="H"/>
		<a id="33" s="C" t="C.ar" l="C"/>
		<a id="34" s="O" t="O.3" l="O"/>
		<a id="35" s="C" t="C.3" l="C"/>
		<a id="36" s="H" t="H" l="H"/>
		<a id="37" s="H" t="H" l="H"/>
		<a id="38" s="H" t="H" l="H"/>
		<a id="39" s="C" t="C.ar" l="C"/>
		<a id="40" s="H" t="H" l="H"/>
	</atoms>
	<bonds>
		<b id="1" c="8 6" t="1"/>
		<b id="2" c="9 6" t="1"/>
		<b id="3" c="26 25" t="1"/>
		<b id="4" c="36 35" t="1"/>
		<b id="5" c="6 5" t="1"/>
		<b id="6" c="6 7" t="1"/>
		<b id="7" c="24 23" t="1"/>
		<b id="8" c="5 3" t="1"/>
		<b id="9" c="37 35" t="1"/>
		<b id="10" c="25 23" t="ar"/>
		<b id="11" c="25 27" t="ar"/>
		<b id="12" c="35 38" t="1"/>
		<b id="13" c="35 34" t="1"/>
		<b id="14" c="11 10" t="1"/>
		<b id="15" c="40 39" t="1"/>
		<b id="16" c="23 22" t="ar"/>
		<b id="17" c="3 4" t="2"/>
		<b id="18" c="3 2" t="1"/>
		<b id="19" c="28 27" t="1"/>
		<b id="20" c="10 2" t="2"/>
		<b id="21" c="10 12" t="1"/>
		<b id="22" c="39 33" t="ar"/>
		<b id="23" c="39 12" t="ar"/>
		<b id="24" c="34 33" t="1"/>
		<b id="25" c="27 29" t="ar"/>
		<b id="26" c="21 19" t="1"/>
		<b id="27" c="2 1" t="1"/>
		<b id="28" c="33 17" t="ar"/>
		<b id="29" c="12 13" t="ar"/>
		<b id="30" c="22 19" t="1"/>
		<b id="31" c="22 31" t="ar"/>
		<b id="32" c="19 20" t="1"/>
		<b id="33" c="19 18" t="1"/>
		<b id="34" c="17 15" t="ar"/>
		<b id="35" c="17 18" t="1"/>
		<b id="36" c="13 14" t="1"/>
		<b id="37" c="13 15" t="ar"/>
		<b id="38" c="29 31" t="ar"/>
		<b id="39" c="29 30" t="1"/>
		<b id="40" c="31 32" t="1"/>
		<b id="41" c="15 16" t="1"/>
	</bonds>
	<geometry>
		<g u="A" t="cart/3d">#40,3:3.4116,1.9856,0.6977;3.7336,1.2245,-0.0167;5.0674,1.4960,-0.5885;5.7354,2.4683,-0.3120;5.4835,0.5473,-1.4620;6.7673,0.7534,-2.0432;7.5496,0.7955,-1.2690;6.9430,-0.0986,-2.7129;6.7977,1.6963,-2.6117;2.9697,0.1566,-0.3302;3.3789,-0.5482,-1.0613;1.6431,-0.1749,0.1952;0.9750,0.6031,1.1575;1.4393,1.5067,1.5563;-0.2907,0.2319,1.6065;-0.8204,0.8288,2.3517;-0.9279,-0.9163,1.1256;-2.1348,-1.2754,1.6468;-3.2759,-1.3079,0.7756;-4.0305,-1.8766,1.3411;-3.0456,-1.8701,-0.1415;-3.7973,0.0731,0.4425;-3.9104,0.5000,-0.8874;-3.6102,-0.1728,-1.6964;-4.4021,1.7749,-1.1907;-4.4849,2.0926,-2.2337;-4.7790,2.6413,-0.1620;-5.1611,3.6387,-0.3958;-4.6638,2.2276,1.1711;-4.9577,2.9020,1.9802;-4.1775,0.9537,1.4695;-4.0857,0.6325,2.5110;-0.2605,-1.7231,0.1678;-0.9143,-2.8447,-0.2363;-0.2877,-3.7220,-1.1463;-0.0854,-3.2341,-2.1173;-0.9842,-4.5563,-1.3054;0.6615,-4.1194,-0.7439;1.0044,-1.3393,-0.2863;1.5266,-1.9505,-1.0234;</g>
	</geometry>
	<conformers/>
	<properties/>
</molecule>
