<?xml version="1.0" ?>
<!--MOLLI PACKAGE EXPERIMENTAL XML FORMAT-->
<molecule name="react_53">
	<atoms>
		<a id="1" s="H" t="H" l="H"/>
		<a id="2" s="C" t="C.2" l="C"/>
		<a id="3" s="C" t="C.1" l="C"/>
		<a id="4" s="C" t="C.1" l="C"/>
		<a id="5" s="C" t="C.3" l="C"/>
		<a id="6" s="H" t="H" l="H"/>
		<a id="7" s="H" t="H" l="H"/>
		<a id="8" s="C" t="C.3" l="C"/>
		<a id="9" s="H" t="H" l="H"/>
		<a id="10" s="H" t="H" l="H"/>
		<a id="11" s="C" t="C.3" l="C"/>
		<a id="12" s="H" t="H" l="H"/>
		<a id="13" s="H" t="H" l="H"/>
		<a id="14" s="C" t="C.3" l="C"/>
		<a id="15" s="H" t="H" l="H"/>
		<a id="16" s="H" t="H" l="H"/>
		<a id="17" s="C" t="C.3" l="C"/>
		<a id="18" s="H" t="H" l="H"/>
		<a id="19" s="H" t="H" l="H"/>
		<a id="20" s="C" t="C.3" l="C"/>
		<a id="21" s="H" t="H" l="H"/>
		<a id="22" s="H" t="H" l="H"/>
		<a id="23" s="C" t="C.3" l="C"/>
		<a id="24" s="H" t="H" l="H"/>
		<a id="25" s="H" t="H" l="H"/>
		<a id="26" s="C" t="C.3" l="C"/>
		<a id="27" s="H" t="H" l="H"/>
		<a id="28" s="H" t="H" l="H"/>
		<a id="29" s="C" t="C.3" l="C"/>
		<a id="30" s="H" t="H" l="H"/>
		<a id="31" s="H" t="H" l="H"/>
		<a id="32" s="C" t="C.3" l="C"/>
		<a id="33" s="H" t="H" l="H"/>
		<a id="34" s="H" t="H" l="H"/>
		<a id="35" s="C" t="C.3" l="C"/>
		<a id="36" s="H" t="H" l="H"/>
		<a id="37" s="H" t="H" l="H"/>
		<a id="38" s="C" t="C.3" l="C"/>
		<a id="39" s="H" t="H" l="H"/>
		<a id="40" s="H" t="H" l="H"/>
		<a id="41" s="C" t="C.3" l="C"/>
		<a id="42" s="H" t="H" l="H"/>
		<a id="43" s="H" t="H" l="H"/>
		<a id="44" s="H" t="H" l="H"/>
		<a id="45" s="C" t="C.2" l="C"/>
		<a id="46" s="H" t="H" l="H"/>
		<a id="47" s="C" t="C.2" l="C"/>
		<a id="48" s="O" t="O.2" l="O"/>
		<a id="49" s="O" t="O.3" l="O"/>
		<a id="50" s="C" t="C.3" l="C"/>
		<a id="51" s="H" t="H" l="H"/>
		<a id="52" s="H" t="H" l="H"/>
		<a id="53" s="C" t="C.3" l="C"/>
		<a id="54" s="H" t="H" l="H"/>
		<a id="55" s="H" t="H" l="H"/>
		<a id="56" s="H" t="H" l="H"/>
	</atoms>
	<bonds>
		<b id="1" c="48 47" t="2"/>
		<b id="2" c="46 45" t="1"/>
		<b id="3" c="39 38" t="1"/>
		<b id="4" c="37 35" t="1"/>
		<b id="5" c="47 45" t="1"/>
		<b id="6" c="47 49" t="1"/>
		<b id="7" c="36 35" t="1"/>
		<b id="8" c="45 2" t="2"/>
		<b id="9" c="51 50" t="1"/>
		<b id="10" c="27 26" t="1"/>
		<b id="11" c="52 50" t="1"/>
		<b id="12" c="35 38" t="1"/>
		<b id="13" c="35 32" t="1"/>
		<b id="14" c="38 40" t="1"/>
		<b id="15" c="38 41" t="1"/>
		<b id="16" c="50 49" t="1"/>
		<b id="17" c="50 53" t="1"/>
		<b id="18" c="31 29" t="1"/>
		<b id="19" c="21 20" t="1"/>
		<b id="20" c="19 17" t="1"/>
		<b id="21" c="9 8" t="1"/>
		<b id="22" c="42 41" t="1"/>
		<b id="23" c="28 26" t="1"/>
		<b id="24" c="26 29" t="1"/>
		<b id="25" c="26 23" t="1"/>
		<b id="26" c="44 41" t="1"/>
		<b id="27" c="2 3" t="1"/>
		<b id="28" c="2 1" t="1"/>
		<b id="29" c="41 43" t="1"/>
		<b id="30" c="18 17" t="1"/>
		<b id="31" c="6 5" t="1"/>
		<b id="32" c="3 4" t="3"/>
		<b id="33" c="29 32" t="1"/>
		<b id="34" c="29 30" t="1"/>
		<b id="35" c="32 33" t="1"/>
		<b id="36" c="32 34" t="1"/>
		<b id="37" c="17 20" t="1"/>
		<b id="38" c="17 14" t="1"/>
		<b id="39" c="4 5" t="1"/>
		<b id="40" c="20 23" t="1"/>
		<b id="41" c="20 22" t="1"/>
		<b id="42" c="8 5" t="1"/>
		<b id="43" c="8 10" t="1"/>
		<b id="44" c="8 11" t="1"/>
		<b id="45" c="56 53" t="1"/>
		<b id="46" c="5 7" t="1"/>
		<b id="47" c="53 55" t="1"/>
		<b id="48" c="53 54" t="1"/>
		<b id="49" c="23 24" t="1"/>
		<b id="50" c="23 25" t="1"/>
		<b id="51" c="13 11" t="1"/>
		<b id="52" c="11 14" t="1"/>
		<b id="53" c="11 12" t="1"/>
		<b id="54" c="14 16" t="1"/>
		<b id="55" c="14 15" t="1"/>
	</bonds>
	<geometry>
		<g u="A" t="cart/3d">#56,3:6.5580,-0.4349,0.7025;5.9259,-0.6864,-0.1573;4.7601,-1.4547,0.1007;3.7695,-2.1144,0.3619;2.5839,-2.9123,0.6741;2.5574,-3.7820,-0.0072;2.6898,-3.3263,1.6938;1.2452,-2.1485,0.5691;1.1263,-1.7813,-0.4639;0.4326,-2.8781,0.7367;1.1094,-0.9940,1.5673;1.3288,-1.3769,2.5809;1.8862,-0.2371,1.3556;-0.2710,-0.3204,1.5883;-0.2852,0.4167,2.4120;-1.0344,-1.0755,1.8508;-0.6676,0.3907,0.2870;0.1615,1.0537,-0.0212;-0.7739,-0.3463,-0.5284;-1.9469,1.2390,0.3890;-2.1012,1.7592,-0.5741;-1.7793,2.0368,1.1358;-3.2405,0.4931,0.7589;-4.0373,1.2461,0.8891;-3.1282,0.0127,1.7484;-3.6942,-0.5575,-0.2621;-3.8174,-0.0763,-1.2498;-2.8937,-1.3056,-0.3995;-4.9798,-1.3117,0.1191;-4.8155,-1.8182,1.0881;-5.1422,-2.1205,-0.6169;-6.2669,-0.4753,0.2162;-7.0787,-1.1352,0.5742;-6.1515,0.2979,0.9959;-6.7110,0.1714,-1.1030;-5.9552,0.9062,-1.4365;-6.7364,-0.6086,-1.8863;-8.0831,0.8616,-1.0523;-8.3629,1.1611,-2.0781;-8.8469,0.1265,-0.7369;-8.1523,2.0908,-0.1413;-7.4062,2.8489,-0.4365;-7.9644,1.8358,0.9144;-9.1449,2.5676,-0.1899;6.3117,-0.2509,-1.3776;5.7266,-0.4690,-2.2739;7.5366,0.5407,-1.6304;7.8741,0.9156,-2.7314;8.2455,0.8029,-0.5110;9.4529,1.5618,-0.6780;10.1184,1.0285,-1.3772;9.2072,2.5288,-1.1478;10.0898,1.7399,0.6852;9.4157,2.2792,1.3693;10.3334,0.7659,1.1381;11.0219,2.3195,0.5922;</g>
	</geometry>
	<conformers/>
	<properties/>
</molecule>
