<?xml version="1.0" ?>
<!--MOLLI PACKAGE EXPERIMENTAL XML FORMAT-->
<molecule name="react_56">
	<atoms>
		<a id="1" s="H" t="H" l="H"/>
		<a id="2" s="C" t="C.2" l="C"/>
		<a id="3" s="C" t="C.2" l="C"/>
		<a id="4" s="H" t="H" l="H"/>
		<a id="5" s="C" t="C.3" l="C"/>
		<a id="6" s="H" t="H" l="H"/>
		<a id="7" s="H" t="H" l="H"/>
		<a id="8" s="C" t="C.ar" l="C"/>
		<a id="9" s="C" t="C.ar" l="C"/>
		<a id="10" s="O" t="O.3" l="O"/>
		<a id="11" s="C" t="C.3" l="C"/>
		<a id="12" s="H" t="H" l="H"/>
		<a id="13" s="H" t="H" l="H"/>
		<a id="14" s="O" t="O.3" l="O"/>
		<a id="15" s="C" t="C.3" l="C"/>
		<a id="16" s="H" t="H" l="H"/>
		<a id="17" s="H" t="H" l="H"/>
		<a id="18" s="H" t="H" l="H"/>
		<a id="19" s="C" t="C.ar" l="C"/>
		<a id="20" s="H" t="H" l="H"/>
		<a id="21" s="C" t="C.ar" l="C"/>
		<a id="22" s="O" t="O.3" l="O"/>
		<a id="23" s="C" t="C.3" l="C"/>
		<a id="24" s="H" t="H" l="H"/>
		<a id="25" s="H" t="H" l="H"/>
		<a id="26" s="O" t="O.3" l="O"/>
		<a id="27" s="C" t="C.3" l="C"/>
		<a id="28" s="H" t="H" l="H"/>
		<a id="29" s="H" t="H" l="H"/>
		<a id="30" s="H" t="H" l="H"/>
		<a id="31" s="C" t="C.ar" l="C"/>
		<a id="32" s="H" t="H" l="H"/>
		<a id="33" s="C" t="C.ar" l="C"/>
		<a id="34" s="O" t="O.3" l="O"/>
		<a id="35" s="C" t="C.3" l="C"/>
		<a id="36" s="H" t="H" l="H"/>
		<a id="37" s="H" t="H" l="H"/>
		<a id="38" s="O" t="O.3" l="O"/>
		<a id="39" s="C" t="C.3" l="C"/>
		<a id="40" s="H" t="H" l="H"/>
		<a id="41" s="H" t="H" l="H"/>
		<a id="42" s="H" t="H" l="H"/>
		<a id="43" s="C" t="C.ar" l="C"/>
		<a id="44" s="C" t="C.ar" l="C"/>
		<a id="45" s="H" t="H" l="H"/>
		<a id="46" s="C" t="C.ar" l="C"/>
		<a id="47" s="H" t="H" l="H"/>
		<a id="48" s="C" t="C.ar" l="C"/>
		<a id="49" s="O" t="O.3" l="O"/>
		<a id="50" s="C" t="C.3" l="C"/>
		<a id="51" s="H" t="H" l="H"/>
		<a id="52" s="H" t="H" l="H"/>
		<a id="53" s="O" t="O.3" l="O"/>
		<a id="54" s="C" t="C.3" l="C"/>
		<a id="55" s="H" t="H" l="H"/>
		<a id="56" s="H" t="H" l="H"/>
		<a id="57" s="H" t="H" l="H"/>
		<a id="58" s="C" t="C.ar" l="C"/>
		<a id="59" s="O" t="O.3" l="O"/>
		<a id="60" s="C" t="C.3" l="C"/>
		<a id="61" s="H" t="H" l="H"/>
		<a id="62" s="H" t="H" l="H"/>
		<a id="63" s="O" t="O.3" l="O"/>
		<a id="64" s="C" t="C.3" l="C"/>
		<a id="65" s="H" t="H" l="H"/>
		<a id="66" s="H" t="H" l="H"/>
		<a id="67" s="H" t="H" l="H"/>
		<a id="68" s="C" t="C.ar" l="C"/>
		<a id="69" s="H" t="H" l="H"/>
	</atoms>
	<bonds>
		<b id="1" c="42 39" t="1"/>
		<b id="2" c="41 39" t="1"/>
		<b id="3" c="39 40" t="1"/>
		<b id="4" c="39 38" t="1"/>
		<b id="5" c="38 35" t="1"/>
		<b id="6" c="36 35" t="1"/>
		<b id="7" c="35 37" t="1"/>
		<b id="8" c="35 34" t="1"/>
		<b id="9" c="34 33" t="1"/>
		<b id="10" c="32 31" t="1"/>
		<b id="11" c="55 54" t="1"/>
		<b id="12" c="45 44" t="1"/>
		<b id="13" c="31 33" t="ar"/>
		<b id="14" c="31 21" t="ar"/>
		<b id="15" c="56 54" t="1"/>
		<b id="16" c="1 2" t="1"/>
		<b id="17" c="33 8" t="ar"/>
		<b id="18" c="6 5" t="1"/>
		<b id="19" c="47 46" t="1"/>
		<b id="20" c="54 53" t="1"/>
		<b id="21" c="54 57" t="1"/>
		<b id="22" c="44 46" t="ar"/>
		<b id="23" c="44 43" t="ar"/>
		<b id="24" c="22 21" t="1"/>
		<b id="25" c="22 23" t="1"/>
		<b id="26" c="46 48" t="ar"/>
		<b id="27" c="53 50" t="1"/>
		<b id="28" c="2 43" t="1"/>
		<b id="29" c="2 3" t="2"/>
		<b id="30" c="21 19" t="ar"/>
		<b id="31" c="30 27" t="1"/>
		<b id="32" c="8 5" t="1"/>
		<b id="33" c="8 9" t="ar"/>
		<b id="34" c="5 3" t="1"/>
		<b id="35" c="5 7" t="1"/>
		<b id="36" c="43 68" t="ar"/>
		<b id="37" c="3 4" t="1"/>
		<b id="38" c="24 23" t="1"/>
		<b id="39" c="28 27" t="1"/>
		<b id="40" c="52 50" t="1"/>
		<b id="41" c="27 29" t="1"/>
		<b id="42" c="27 26" t="1"/>
		<b id="43" c="23 26" t="1"/>
		<b id="44" c="23 25" t="1"/>
		<b id="45" c="50 49" t="1"/>
		<b id="46" c="50 51" t="1"/>
		<b id="47" c="19 9" t="ar"/>
		<b id="48" c="19 20" t="1"/>
		<b id="49" c="9 10" t="1"/>
		<b id="50" c="48 49" t="1"/>
		<b id="51" c="48 58" t="ar"/>
		<b id="52" c="68 58" t="ar"/>
		<b id="53" c="68 69" t="1"/>
		<b id="54" c="58 59" t="1"/>
		<b id="55" c="10 11" t="1"/>
		<b id="56" c="12 11" t="1"/>
		<b id="57" c="17 15" t="1"/>
		<b id="58" c="11 13" t="1"/>
		<b id="59" c="11 14" t="1"/>
		<b id="60" c="59 60" t="1"/>
		<b id="61" c="62 60" t="1"/>
		<b id="62" c="18 15" t="1"/>
		<b id="63" c="15 14" t="1"/>
		<b id="64" c="15 16" t="1"/>
		<b id="65" c="61 60" t="1"/>
		<b id="66" c="60 63" t="1"/>
		<b id="67" c="66 64" t="1"/>
		<b id="68" c="67 64" t="1"/>
		<b id="69" c="63 64" t="1"/>
		<b id="70" c="64 65" t="1"/>
	</bonds>
	<geometry>
		<g u="A" t="cart/3d">#69,3:-0.8818,-1.5586,-1.9825;-0.9504,-1.2527,-0.9310;0.1958,-1.1446,-0.2373;0.1811,-0.8222,0.8104;1.5639,-1.4273,-0.8069;1.4633,-1.8304,-1.8242;2.0550,-2.1955,-0.1866;2.4588,-0.2023,-0.8403;3.2192,0.1769,0.2821;3.1006,-0.6304,1.3741;3.8373,-0.3414,2.5541;4.9222,-0.3292,2.3090;3.5385,0.6432,2.9546;3.5438,-1.2794,3.5132;4.0525,-2.5748,3.2628;3.8307,-3.1881,4.1475;3.5835,-3.0372,2.3774;5.1498,-2.5534,3.1092;4.0445,1.3155,0.2712;4.6778,1.5685,1.1171;4.0922,2.0977,-0.8900;4.8748,3.2178,-1.0097;5.3386,3.8736,0.1477;5.6568,4.8710,-0.2099;4.5263,3.9737,0.8874;6.3803,3.2209,0.7987;7.5853,3.1468,0.0617;7.9574,4.1564,-0.2020;8.3295,2.6504,0.7002;7.4626,2.5666,-0.8693;3.3481,1.7562,-2.0232;3.4443,2.3612,-2.9226;2.5312,0.6193,-1.9814;1.7624,0.2249,-3.0462;1.4596,1.1428,-4.0749;0.5988,0.6888,-4.6010;1.1755,2.1179,-3.6465;2.5094,1.3876,-4.9498;2.8980,0.2811,-5.7385;3.2791,-0.5516,-5.1219;2.0530,-0.0946,-6.3492;3.6965,0.6235,-6.4116;-2.3210,-1.0066,-0.4540;-3.3928,-1.1085,-1.3579;-3.1907,-1.3546,-2.4040;-4.7108,-0.8797,-0.9564;-5.5201,-0.9043,-1.6861;-4.9980,-0.5576,0.3734;-6.2611,-0.3004,0.8477;-7.3678,-0.7840,0.1595;-8.2109,-0.7588,0.8785;-7.1984,-1.8363,-0.1629;-7.6461,0.0280,-0.9461;-8.8480,-0.3044,-1.5952;-8.9819,0.4004,-2.4279;-8.8331,-1.3352,-2.0048;-9.7207,-0.2190,-0.9161;-3.9376,-0.4600,1.3074;-4.1372,-0.0997,2.6083;-5.1330,-0.7535,3.3944;-6.0607,-0.1630,3.3916;-5.3227,-1.7599,2.9624;-4.7152,-0.8302,4.7049;-3.6125,-1.6803,4.9376;-3.4547,-1.7215,6.0249;-2.6935,-1.3038,4.4563;-3.8071,-2.7068,4.5662;-2.6279,-0.6793,0.8815;-1.8424,-0.5899,1.6341;</g>
	</geometry>
	<conformers/>
	<properties/>
</molecule>
