<?xml version="1.0" ?>
<!--MOLLI PACKAGE EXPERIMENTAL XML FORMAT-->
<molecule name="react_72">
	<atoms>
		<a id="1" s="H" t="H" l="H"/>
		<a id="2" s="C" t="C.2" l="C"/>
		<a id="3" s="C" t="C.2" l="C"/>
		<a id="4" s="H" t="H" l="H"/>
		<a id="5" s="Si" t="Si" l="SI"/>
		<a id="6" s="C" t="C.3" l="C"/>
		<a id="7" s="H" t="H" l="H"/>
		<a id="8" s="H" t="H" l="H"/>
		<a id="9" s="H" t="H" l="H"/>
		<a id="10" s="C" t="C.3" l="C"/>
		<a id="11" s="H" t="H" l="H"/>
		<a id="12" s="H" t="H" l="H"/>
		<a id="13" s="H" t="H" l="H"/>
		<a id="14" s="C" t="C.3" l="C"/>
		<a id="15" s="H" t="H" l="H"/>
		<a id="16" s="H" t="H" l="H"/>
		<a id="17" s="H" t="H" l="H"/>
		<a id="18" s="C" t="C.3" l="C"/>
		<a id="19" s="H" t="H" l="H"/>
		<a id="20" s="H" t="H" l="H"/>
		<a id="21" s="C" t="C.3" l="C"/>
		<a id="22" s="H" t="H" l="H"/>
		<a id="23" s="H" t="H" l="H"/>
		<a id="24" s="C" t="C.3" l="C"/>
		<a id="25" s="H" t="H" l="H"/>
		<a id="26" s="H" t="H" l="H"/>
		<a id="27" s="C" t="C.3" l="C"/>
		<a id="28" s="H" t="H" l="H"/>
		<a id="29" s="H" t="H" l="H"/>
		<a id="30" s="C" t="C.3" l="C"/>
		<a id="31" s="H" t="H" l="H"/>
		<a id="32" s="H" t="H" l="H"/>
		<a id="33" s="C" t="C.3" l="C"/>
		<a id="34" s="H" t="H" l="H"/>
		<a id="35" s="H" t="H" l="H"/>
		<a id="36" s="H" t="H" l="H"/>
	</atoms>
	<bonds>
		<b id="1" c="20 18" t="1"/>
		<b id="2" c="8 6" t="1"/>
		<b id="3" c="1 2" t="1"/>
		<b id="4" c="26 24" t="1"/>
		<b id="5" c="7 6" t="1"/>
		<b id="6" c="2 18" t="1"/>
		<b id="7" c="2 3" t="2"/>
		<b id="8" c="18 19" t="1"/>
		<b id="9" c="18 21" t="1"/>
		<b id="10" c="31 30" t="1"/>
		<b id="11" c="6 9" t="1"/>
		<b id="12" c="6 5" t="1"/>
		<b id="13" c="4 3" t="1"/>
		<b id="14" c="3 5" t="1"/>
		<b id="15" c="24 25" t="1"/>
		<b id="16" c="24 21" t="1"/>
		<b id="17" c="24 27" t="1"/>
		<b id="18" c="34 33" t="1"/>
		<b id="19" c="22 21" t="1"/>
		<b id="20" c="21 23" t="1"/>
		<b id="21" c="16 14" t="1"/>
		<b id="22" c="35 33" t="1"/>
		<b id="23" c="30 33" t="1"/>
		<b id="24" c="30 27" t="1"/>
		<b id="25" c="30 32" t="1"/>
		<b id="26" c="5 14" t="1"/>
		<b id="27" c="5 10" t="1"/>
		<b id="28" c="33 36" t="1"/>
		<b id="29" c="28 27" t="1"/>
		<b id="30" c="27 29" t="1"/>
		<b id="31" c="14 17" t="1"/>
		<b id="32" c="14 15" t="1"/>
		<b id="33" c="12 10" t="1"/>
		<b id="34" c="10 13" t="1"/>
		<b id="35" c="10 11" t="1"/>
	</bonds>
	<geometry>
		<g u="A" t="cart/3d">#36,3:0.2970,-1.2967,-1.6583;-0.5305,-0.7445,-1.1892;-1.5633,-1.4512,-0.6922;-1.4847,-2.5434,-0.8031;-3.1381,-0.8510,0.1717;-4.2320,0.1528,-1.0084;-3.7330,1.0741,-1.3505;-4.4902,-0.4377,-1.9033;-5.1742,0.4458,-0.5141;-2.7394,0.1917,1.7049;-2.1031,-0.3704,2.4087;-2.2098,1.1230,1.4466;-3.6655,0.4705,2.2365;-4.0840,-2.3999,0.7130;-3.4853,-3.0123,1.4084;-4.3423,-3.0334,-0.1524;-5.0243,-2.1351,1.2255;-0.3603,0.7527,-1.1736;-1.3074,1.2382,-0.8888;-0.1363,1.0940,-2.2025;0.7571,1.2631,-0.2382;0.7363,2.3682,-0.2491;0.5192,0.9640,0.7987;2.1725,0.7906,-0.5893;2.2150,-0.3112,-0.5440;2.3997,1.0611,-1.6384;3.2479,1.3859,0.3284;3.1738,2.4883,0.2911;3.0253,1.1071,1.3760;4.6905,0.9778,-0.0072;4.9125,1.2603,-1.0532;5.3776,1.5776,0.6158;5.0053,-0.5068,0.1981;4.4059,-1.1538,-0.4629;6.0661,-0.7217,-0.0101;4.8020,-0.8178,1.2374;</g>
	</geometry>
	<conformers/>
	<properties/>
</molecule>
