<?xml version="1.0" ?>
<!--MOLLI PACKAGE EXPERIMENTAL XML FORMAT-->
<molecule name="react_57">
	<atoms>
		<a id="1" s="H" t="H" l="H"/>
		<a id="2" s="C" t="C.2" l="C"/>
		<a id="3" s="H" t="H" l="H"/>
		<a id="4" s="C" t="C.2" l="C"/>
		<a id="5" s="H" t="H" l="H"/>
		<a id="6" s="C" t="C.3" l="C"/>
		<a id="7" s="H" t="H" l="H"/>
		<a id="8" s="H" t="H" l="H"/>
		<a id="9" s="O" t="O.3" l="O"/>
		<a id="10" s="C" t="C.3" l="C"/>
		<a id="11" s="H" t="H" l="H"/>
		<a id="12" s="H" t="H" l="H"/>
		<a id="13" s="C" t="C.ar" l="C"/>
		<a id="14" s="C" t="C.ar" l="C"/>
		<a id="15" s="H" t="H" l="H"/>
		<a id="16" s="C" t="C.ar" l="C"/>
		<a id="17" s="H" t="H" l="H"/>
		<a id="18" s="C" t="C.ar" l="C"/>
		<a id="19" s="H" t="H" l="H"/>
		<a id="20" s="C" t="C.ar" l="C"/>
		<a id="21" s="H" t="H" l="H"/>
		<a id="22" s="C" t="C.ar" l="C"/>
		<a id="23" s="H" t="H" l="H"/>
	</atoms>
	<bonds>
		<b id="1" c="1 2" t="1"/>
		<b id="2" c="3 2" t="1"/>
		<b id="3" c="2 4" t="2"/>
		<b id="4" c="21 20" t="1"/>
		<b id="5" c="19 18" t="1"/>
		<b id="6" c="20 18" t="ar"/>
		<b id="7" c="20 22" t="ar"/>
		<b id="8" c="18 16" t="ar"/>
		<b id="9" c="23 22" t="1"/>
		<b id="10" c="22 13" t="ar"/>
		<b id="11" c="4 5" t="1"/>
		<b id="12" c="4 6" t="1"/>
		<b id="13" c="16 17" t="1"/>
		<b id="14" c="16 14" t="ar"/>
		<b id="15" c="13 14" t="ar"/>
		<b id="16" c="13 10" t="1"/>
		<b id="17" c="12 10" t="1"/>
		<b id="18" c="9 6" t="1"/>
		<b id="19" c="9 10" t="1"/>
		<b id="20" c="14 15" t="1"/>
		<b id="21" c="6 7" t="1"/>
		<b id="22" c="6 8" t="1"/>
		<b id="23" c="10 11" t="1"/>
	</bonds>
	<geometry>
		<g u="A" t="cart/3d">#23,3:3.7927,0.5468,-2.1046;3.0659,0.0883,-1.4285;2.0340,-0.0048,-1.7794;3.4211,-0.3497,-0.2185;4.4640,-0.2618,0.1139;2.4924,-1.0155,0.7684;2.7490,-2.0895,0.8347;2.6665,-0.5979,1.7827;1.1295,-0.9470,0.4266;0.4771,0.2390,0.8194;0.5069,0.3360,1.9267;0.9957,1.1306,0.4142;-0.9618,0.2389,0.3533;-1.7427,1.3938,0.5223;-1.2989,2.2872,0.9741;-3.0792,1.4155,0.1191;-3.6740,2.3226,0.2574;-3.6546,0.2811,-0.4650;-4.7002,0.2976,-0.7841;-2.8822,-0.8699,-0.6395;-3.3228,-1.7600,-1.0974;-1.5436,-0.8931,-0.2315;-0.9347,-1.7882,-0.3658;</g>
	</geometry>
	<conformers/>
	<properties/>
</molecule>
