<?xml version="1.0" ?>
<!--MOLLI PACKAGE EXPERIMENTAL XML FORMAT-->
<molecule name="react_59">
	<atoms>
		<a id="1" s="H" t="H" l="H"/>
		<a id="2" s="O" t="O.3" l="O"/>
		<a id="3" s="C" t="C.3" l="C"/>
		<a id="4" s="H" t="H" l="H"/>
		<a id="5" s="H" t="H" l="H"/>
		<a id="6" s="C" t="C.3" l="C"/>
		<a id="7" s="H" t="H" l="H"/>
		<a id="8" s="H" t="H" l="H"/>
		<a id="9" s="C" t="C.2" l="C"/>
		<a id="10" s="H" t="H" l="H"/>
		<a id="11" s="C" t="C.2" l="C"/>
		<a id="12" s="H" t="H" l="H"/>
		<a id="13" s="C" t="C.ar" l="C"/>
		<a id="14" s="N" t="N.ar" l="N"/>
		<a id="15" s="C" t="C.ar" l="C"/>
		<a id="16" s="C" t="C.2" l="C"/>
		<a id="17" s="O" t="O.2" l="O"/>
		<a id="18" s="C" t="C.3" l="C"/>
		<a id="19" s="H" t="H" l="H"/>
		<a id="20" s="H" t="H" l="H"/>
		<a id="21" s="H" t="H" l="H"/>
		<a id="22" s="N" t="N.ar" l="N"/>
		<a id="23" s="C" t="C.3" l="C"/>
		<a id="24" s="H" t="H" l="H"/>
		<a id="25" s="H" t="H" l="H"/>
		<a id="26" s="O" t="O.3" l="O"/>
		<a id="27" s="C" t="C.3" l="C"/>
		<a id="28" s="H" t="H" l="H"/>
		<a id="29" s="H" t="H" l="H"/>
		<a id="30" s="C" t="C.3" l="C"/>
		<a id="31" s="H" t="H" l="H"/>
		<a id="32" s="H" t="H" l="H"/>
		<a id="33" s="H" t="H" l="H"/>
		<a id="34" s="C" t="C.ar" l="C"/>
		<a id="35" s="H" t="H" l="H"/>
	</atoms>
	<bonds>
		<b id="1" c="35 34" t="1"/>
		<b id="2" c="25 23" t="1"/>
		<b id="3" c="12 11" t="1"/>
		<b id="4" c="28 27" t="1"/>
		<b id="5" c="34 22" t="ar"/>
		<b id="6" c="34 13" t="ar"/>
		<b id="7" c="29 27" t="1"/>
		<b id="8" c="23 26" t="1"/>
		<b id="9" c="23 22" t="1"/>
		<b id="10" c="23 24" t="1"/>
		<b id="11" c="11 13" t="1"/>
		<b id="12" c="11 9" t="2"/>
		<b id="13" c="26 27" t="1"/>
		<b id="14" c="27 30" t="1"/>
		<b id="15" c="10 9" t="1"/>
		<b id="16" c="22 15" t="ar"/>
		<b id="17" c="13 14" t="ar"/>
		<b id="18" c="9 6" t="1"/>
		<b id="19" c="31 30" t="1"/>
		<b id="20" c="30 33" t="1"/>
		<b id="21" c="30 32" t="1"/>
		<b id="22" c="15 14" t="ar"/>
		<b id="23" c="15 16" t="1"/>
		<b id="24" c="6 7" t="1"/>
		<b id="25" c="6 8" t="1"/>
		<b id="26" c="6 3" t="1"/>
		<b id="27" c="2 1" t="1"/>
		<b id="28" c="2 3" t="1"/>
		<b id="29" c="17 16" t="2"/>
		<b id="30" c="16 18" t="1"/>
		<b id="31" c="5 3" t="1"/>
		<b id="32" c="3 4" t="1"/>
		<b id="33" c="19 18" t="1"/>
		<b id="34" c="18 21" t="1"/>
		<b id="35" c="18 20" t="1"/>
	</bonds>
	<geometry>
		<g u="A" t="cart/3d">#35,3:5.8125,-3.2574,1.3219;5.5325,-2.4252,0.9219;4.3063,-2.0305,1.5119;4.4470,-1.7395,2.5736;3.5661,-2.8568,1.4951;3.7502,-0.8343,0.7415;4.5208,-0.0394,0.7751;2.8587,-0.4431,1.2497;3.4485,-1.1517,-0.6956;4.2487,-1.6855,-1.2202;2.3345,-0.8684,-1.3992;2.3114,-1.1904,-2.4467;1.1147,-0.1787,-0.9807;0.8612,0.3421,0.2606;-0.3516,0.8719,0.2203;-0.9894,1.5546,1.3688;-2.0999,2.0600,1.2930;-0.1806,1.5922,2.6470;0.7969,2.0674,2.4723;-0.7461,2.1444,3.4087;0.0292,0.5690,2.9964;-0.9114,0.7290,-1.0370;-2.2485,1.0723,-1.4865;-2.6014,1.9129,-0.8743;-2.1666,1.3909,-2.5449;-3.0686,-0.0571,-1.3667;-4.4657,0.2162,-1.3179;-4.7132,1.0760,-1.9719;-4.9586,-0.6669,-1.7566;-4.9660,0.4530,0.1019;-6.0524,0.6424,0.0983;-4.7717,-0.4337,0.7257;-4.4626,1.3108,0.5733;0.0064,0.0584,-1.7933;-0.1913,-0.2050,-2.8303;</g>
	</geometry>
	<conformers/>
	<properties/>
</molecule>
