<?xml version="1.0" ?>
<!--MOLLI PACKAGE EXPERIMENTAL XML FORMAT-->
<molecule name="react_63">
	<atoms>
		<a id="1" s="H" t="H" l="H"/>
		<a id="2" s="O" t="O.3" l="O"/>
		<a id="3" s="C" t="C.3" l="C"/>
		<a id="4" s="H" t="H" l="H"/>
		<a id="5" s="H" t="H" l="H"/>
		<a id="6" s="C" t="C.2" l="C"/>
		<a id="7" s="H" t="H" l="H"/>
		<a id="8" s="C" t="C.2" l="C"/>
		<a id="9" s="H" t="H" l="H"/>
		<a id="10" s="C" t="C.ar" l="C"/>
		<a id="11" s="C" t="C.ar" l="C"/>
		<a id="12" s="H" t="H" l="H"/>
		<a id="13" s="C" t="C.ar" l="C"/>
		<a id="14" s="H" t="H" l="H"/>
		<a id="15" s="C" t="C.ar" l="C"/>
		<a id="16" s="H" t="H" l="H"/>
		<a id="17" s="C" t="C.ar" l="C"/>
		<a id="18" s="H" t="H" l="H"/>
		<a id="19" s="C" t="C.ar" l="C"/>
		<a id="20" s="H" t="H" l="H"/>
	</atoms>
	<bonds>
		<b id="1" c="18 17" t="1"/>
		<b id="2" c="4 3" t="1"/>
		<b id="3" c="2 1" t="1"/>
		<b id="4" c="2 3" t="1"/>
		<b id="5" c="17 15" t="ar"/>
		<b id="6" c="17 19" t="ar"/>
		<b id="7" c="5 3" t="1"/>
		<b id="8" c="16 15" t="1"/>
		<b id="9" c="20 19" t="1"/>
		<b id="10" c="3 6" t="1"/>
		<b id="11" c="15 13" t="ar"/>
		<b id="12" c="19 10" t="ar"/>
		<b id="13" c="13 14" t="1"/>
		<b id="14" c="13 11" t="ar"/>
		<b id="15" c="10 11" t="ar"/>
		<b id="16" c="10 8" t="1"/>
		<b id="17" c="6 8" t="2"/>
		<b id="18" c="6 7" t="1"/>
		<b id="19" c="11 12" t="1"/>
		<b id="20" c="8 9" t="1"/>
	</bonds>
	<geometry>
		<g u="A" t="cart/3d">#20,3:-3.5910,1.1676,-1.1717;-3.7054,0.2094,-1.2312;-2.4967,-0.3930,-0.8058;-1.6586,-0.1586,-1.4907;-2.6672,-1.4831,-0.8787;-2.1580,-0.0133,0.6105;-3.0484,0.1263,1.2364;-0.9543,0.2059,1.1760;-0.9612,0.5519,2.2167;0.3934,0.0790,0.5919;1.4331,0.8817,1.1081;1.2127,1.5734,1.9266;2.7257,0.8168,0.5882;3.5102,1.4567,1.0015;3.0194,-0.0679,-0.4555;4.0327,-0.1246,-0.8618;2.0100,-0.8917,-0.9622;2.2345,-1.6037,-1.7611;0.7144,-0.8240,-0.4432;-0.0453,-1.5089,-0.8228;</g>
	</geometry>
	<conformers/>
	<properties/>
</molecule>
