<?xml version="1.0" ?>
<!--MOLLI PACKAGE EXPERIMENTAL XML FORMAT-->
<molecule name="react_64">
	<atoms>
		<a id="1" s="H" t="H" l="H"/>
		<a id="2" s="C" t="C.2" l="C"/>
		<a id="3" s="C" t="C.2" l="C"/>
		<a id="4" s="H" t="H" l="H"/>
		<a id="5" s="C" t="C.3" l="C"/>
		<a id="6" s="H" t="H" l="H"/>
		<a id="7" s="H" t="H" l="H"/>
		<a id="8" s="O" t="O.3" l="O"/>
		<a id="9" s="C" t="C.3" l="C"/>
		<a id="10" s="H" t="H" l="H"/>
		<a id="11" s="H" t="H" l="H"/>
		<a id="12" s="H" t="H" l="H"/>
		<a id="13" s="C" t="C.ar" l="C"/>
		<a id="14" s="C" t="C.ar" l="C"/>
		<a id="15" s="H" t="H" l="H"/>
		<a id="16" s="C" t="C.ar" l="C"/>
		<a id="17" s="H" t="H" l="H"/>
		<a id="18" s="C" t="C.ar" l="C"/>
		<a id="19" s="H" t="H" l="H"/>
		<a id="20" s="C" t="C.ar" l="C"/>
		<a id="21" s="H" t="H" l="H"/>
		<a id="22" s="C" t="C.ar" l="C"/>
		<a id="23" s="H" t="H" l="H"/>
	</atoms>
	<bonds>
		<b id="1" c="4 3" t="1"/>
		<b id="2" c="6 5" t="1"/>
		<b id="3" c="1 2" t="1"/>
		<b id="4" c="3 2" t="2"/>
		<b id="5" c="3 5" t="1"/>
		<b id="6" c="2 13" t="1"/>
		<b id="7" c="5 8" t="1"/>
		<b id="8" c="5 7" t="1"/>
		<b id="9" c="15 14" t="1"/>
		<b id="10" c="8 9" t="1"/>
		<b id="11" c="13 14" t="ar"/>
		<b id="12" c="13 22" t="ar"/>
		<b id="13" c="14 16" t="ar"/>
		<b id="14" c="23 22" t="1"/>
		<b id="15" c="22 20" t="ar"/>
		<b id="16" c="16 17" t="1"/>
		<b id="17" c="16 18" t="ar"/>
		<b id="18" c="12 9" t="1"/>
		<b id="19" c="9 11" t="1"/>
		<b id="20" c="9 10" t="1"/>
		<b id="21" c="20 18" t="ar"/>
		<b id="22" c="20 21" t="1"/>
		<b id="23" c="18 19" t="1"/>
	</bonds>
	<geometry>
		<g u="A" t="cart/3d">#23,3:-0.1759,2.0551,-1.4413;-0.2255,1.0342,-1.0439;-1.3933,0.3843,-1.2141;-2.1868,0.9025,-1.7669;-1.8103,-0.9849,-0.7399;-1.6194,-1.7334,-1.5311;-1.2253,-1.2957,0.1492;-3.1957,-1.0586,-0.4776;-3.5953,-0.4150,0.7067;-3.0996,-0.8494,1.5995;-4.6821,-0.5529,0.8089;-3.3783,0.6714,0.6958;1.0089,0.5906,-0.3707;1.4003,-0.7605,-0.2630;0.7978,-1.5419,-0.7281;2.5811,-1.1167,0.3937;2.8646,-2.1708,0.4594;3.4055,-0.1349,0.9513;4.3297,-0.4166,1.4628;3.0457,1.2123,0.8342;3.6887,1.9902,1.2549;1.8685,1.5675,0.1756;1.5967,2.6233,0.0848;</g>
	</geometry>
	<conformers/>
	<properties/>
</molecule>
