<?xml version="1.0" ?>
<!--MOLLI PACKAGE EXPERIMENTAL XML FORMAT-->
<molecule name="react_68">
	<atoms>
		<a id="1" s="H" t="H" l="H"/>
		<a id="2" s="C" t="C.2" l="C"/>
		<a id="3" s="C" t="C.2" l="C"/>
		<a id="4" s="H" t="H" l="H"/>
		<a id="5" s="C" t="C.3" l="C"/>
		<a id="6" s="H" t="H" l="H"/>
		<a id="7" s="H" t="H" l="H"/>
		<a id="8" s="H" t="H" l="H"/>
		<a id="9" s="C" t="C.ar" l="C"/>
		<a id="10" s="C" t="C.ar" l="C"/>
		<a id="11" s="H" t="H" l="H"/>
		<a id="12" s="C" t="C.ar" l="C"/>
		<a id="13" s="H" t="H" l="H"/>
		<a id="14" s="C" t="C.ar" l="C"/>
		<a id="15" s="H" t="H" l="H"/>
		<a id="16" s="C" t="C.ar" l="C"/>
		<a id="17" s="H" t="H" l="H"/>
		<a id="18" s="C" t="C.ar" l="C"/>
		<a id="19" s="H" t="H" l="H"/>
	</atoms>
	<bonds>
		<b id="1" c="17 16" t="1"/>
		<b id="2" c="6 5" t="1"/>
		<b id="3" c="7 5" t="1"/>
		<b id="4" c="8 5" t="1"/>
		<b id="5" c="16 18" t="ar"/>
		<b id="6" c="16 14" t="ar"/>
		<b id="7" c="19 18" t="1"/>
		<b id="8" c="5 3" t="1"/>
		<b id="9" c="15 14" t="1"/>
		<b id="10" c="18 9" t="ar"/>
		<b id="11" c="14 12" t="ar"/>
		<b id="12" c="3 2" t="2"/>
		<b id="13" c="3 4" t="1"/>
		<b id="14" c="9 2" t="1"/>
		<b id="15" c="9 10" t="ar"/>
		<b id="16" c="12 10" t="ar"/>
		<b id="17" c="12 13" t="1"/>
		<b id="18" c="2 1" t="1"/>
		<b id="19" c="10 11" t="1"/>
	</bonds>
	<geometry>
		<g u="A" t="cart/3d">#19,3:-1.2179,-0.4248,2.1835;-1.1889,-0.1792,1.1150;-2.3819,-0.0404,0.5030;-3.2660,-0.1448,1.1443;-2.6759,0.2058,-0.9490;-1.8443,-0.0875,-1.6062;-3.5731,-0.3554,-1.2587;-2.8952,1.2723,-1.1447;0.1746,-0.0915,0.5574;1.2061,-0.8324,1.1724;0.9664,-1.4561,2.0388;2.5155,-0.7924,0.6924;3.2924,-1.3841,1.1845;2.8351,0.0062,-0.4110;3.8610,0.0437,-0.7870;1.8326,0.7679,-1.0190;2.0751,1.4125,-1.8685;0.5207,0.7239,-0.5404;-0.2361,1.3560,-1.0066;</g>
	</geometry>
	<conformers/>
	<properties/>
</molecule>
