<?xml version="1.0" ?>
<!--MOLLI PACKAGE EXPERIMENTAL XML FORMAT-->
<molecule name="react_69">
	<atoms>
		<a id="1" s="H" t="H" l="H"/>
		<a id="2" s="C" t="C.2" l="C"/>
		<a id="3" s="H" t="H" l="H"/>
		<a id="4" s="C" t="C.2" l="C"/>
		<a id="5" s="H" t="H" l="H"/>
		<a id="6" s="C" t="C.3" l="C"/>
		<a id="7" s="H" t="H" l="H"/>
		<a id="8" s="H" t="H" l="H"/>
		<a id="9" s="O" t="O.3" l="O"/>
		<a id="10" s="C" t="C.2" l="C"/>
		<a id="11" s="O" t="O.2" l="O"/>
		<a id="12" s="C" t="C.ar" l="C"/>
		<a id="13" s="C" t="C.ar" l="C"/>
		<a id="14" s="H" t="H" l="H"/>
		<a id="15" s="C" t="C.ar" l="C"/>
		<a id="16" s="H" t="H" l="H"/>
		<a id="17" s="C" t="C.ar" l="C"/>
		<a id="18" s="H" t="H" l="H"/>
		<a id="19" s="C" t="C.ar" l="C"/>
		<a id="20" s="H" t="H" l="H"/>
		<a id="21" s="C" t="C.ar" l="C"/>
		<a id="22" s="H" t="H" l="H"/>
	</atoms>
	<bonds>
		<b id="1" c="7 6" t="1"/>
		<b id="2" c="8 6" t="1"/>
		<b id="3" c="6 9" t="1"/>
		<b id="4" c="6 4" t="1"/>
		<b id="5" c="14 13" t="1"/>
		<b id="6" c="9 10" t="1"/>
		<b id="7" c="16 15" t="1"/>
		<b id="8" c="13 15" t="ar"/>
		<b id="9" c="13 12" t="ar"/>
		<b id="10" c="15 17" t="ar"/>
		<b id="11" c="10 12" t="1"/>
		<b id="12" c="10 11" t="2"/>
		<b id="13" c="3 2" t="1"/>
		<b id="14" c="12 21" t="ar"/>
		<b id="15" c="17 18" t="1"/>
		<b id="16" c="17 19" t="ar"/>
		<b id="17" c="21 19" t="ar"/>
		<b id="18" c="21 22" t="1"/>
		<b id="19" c="4 2" t="2"/>
		<b id="20" c="4 5" t="1"/>
		<b id="21" c="19 20" t="1"/>
		<b id="22" c="2 1" t="1"/>
	</bonds>
	<geometry>
		<g u="A" t="cart/3d">#22,3:4.8250,0.7700,1.5261;4.2735,0.7624,0.5815;4.6069,1.4642,-0.1914;3.2490,-0.0691,0.3763;2.9326,-0.7653,1.1614;2.4791,-0.1527,-0.9098;2.8578,0.5689,-1.6475;2.5389,-1.1713,-1.3255;1.0873,0.1833,-0.7323;0.2670,-0.7951,-0.2982;0.6468,-1.9172,-0.0470;-1.1493,-0.3371,-0.1653;-1.5462,0.9772,-0.4616;-0.8010,1.6975,-0.8018;-2.8840,1.3505,-0.3165;-3.1914,2.3740,-0.5469;-3.8297,0.4176,0.1236;-4.8764,0.7133,0.2368;-3.4374,-0.8932,0.4194;-4.1763,-1.6219,0.7629;-2.1018,-1.2699,0.2758;-1.7705,-2.2859,0.5002;</g>
	</geometry>
	<conformers/>
	<properties/>
</molecule>
