<?xml version="1.0" ?>
<!--MOLLI PACKAGE EXPERIMENTAL XML FORMAT-->
<molecule name="react_73">
	<atoms>
		<a id="1" s="H" t="H" l="H"/>
		<a id="2" s="O" t="O.3" l="O"/>
		<a id="3" s="C" t="C.3" l="C"/>
		<a id="4" s="H" t="H" l="H"/>
		<a id="5" s="H" t="H" l="H"/>
		<a id="6" s="C" t="C.2" l="C"/>
		<a id="7" s="H" t="H" l="H"/>
		<a id="8" s="C" t="C.2" l="C"/>
		<a id="9" s="H" t="H" l="H"/>
		<a id="10" s="C" t="C.3" l="C"/>
		<a id="11" s="H" t="H" l="H"/>
		<a id="12" s="H" t="H" l="H"/>
		<a id="13" s="O" t="O.3" l="O"/>
		<a id="14" s="C" t="C.2" l="C"/>
		<a id="15" s="O" t="O.2" l="O"/>
		<a id="16" s="C" t="C.ar" l="C"/>
		<a id="17" s="C" t="C.ar" l="C"/>
		<a id="18" s="H" t="H" l="H"/>
		<a id="19" s="C" t="C.ar" l="C"/>
		<a id="20" s="H" t="H" l="H"/>
		<a id="21" s="C" t="C.ar" l="C"/>
		<a id="22" s="H" t="H" l="H"/>
		<a id="23" s="C" t="C.ar" l="C"/>
		<a id="24" s="H" t="H" l="H"/>
		<a id="25" s="C" t="C.ar" l="C"/>
		<a id="26" s="H" t="H" l="H"/>
	</atoms>
	<bonds>
		<b id="1" c="2 1" t="1"/>
		<b id="2" c="2 3" t="1"/>
		<b id="3" c="24 23" t="1"/>
		<b id="4" c="11 10" t="1"/>
		<b id="5" c="26 25" t="1"/>
		<b id="6" c="23 25" t="ar"/>
		<b id="7" c="23 21" t="ar"/>
		<b id="8" c="25 16" t="ar"/>
		<b id="9" c="13 10" t="1"/>
		<b id="10" c="13 14" t="1"/>
		<b id="11" c="5 3" t="1"/>
		<b id="12" c="12 10" t="1"/>
		<b id="13" c="10 8" t="1"/>
		<b id="14" c="22 21" t="1"/>
		<b id="15" c="3 4" t="1"/>
		<b id="16" c="3 6" t="1"/>
		<b id="17" c="21 19" t="ar"/>
		<b id="18" c="16 14" t="1"/>
		<b id="19" c="16 17" t="ar"/>
		<b id="20" c="14 15" t="2"/>
		<b id="21" c="19 17" t="ar"/>
		<b id="22" c="19 20" t="1"/>
		<b id="23" c="17 18" t="1"/>
		<b id="24" c="8 6" t="2"/>
		<b id="25" c="8 9" t="1"/>
		<b id="26" c="6 7" t="1"/>
	</bonds>
	<geometry>
		<g u="A" t="cart/3d">#26,3:4.6501,-0.1551,-1.2317;4.2686,0.7173,-1.4029;4.2485,1.4285,-0.1815;5.2759,1.5812,0.2091;3.8732,2.4398,-0.4253;3.4020,0.8418,0.9245;3.7061,1.1675,1.9279;2.3494,0.0140,0.8465;1.8763,-0.3026,1.7832;1.7144,-0.5593,-0.3913;2.1508,-0.1408,-1.3036;1.8096,-1.6573,-0.3932;0.3092,-0.2305,-0.4423;-0.5486,-1.0488,0.1974;-0.2004,-2.0282,0.8191;-1.9707,-0.6118,0.0473;-2.9672,-1.3927,0.6548;-2.6646,-2.2818,1.2120;-4.3095,-1.0298,0.5402;-5.0825,-1.6411,1.0134;-4.6647,0.1164,-0.1807;-5.7167,0.4009,-0.2713;-3.6749,0.8988,-0.7860;-3.9528,1.7941,-1.3485;-2.3304,0.5383,-0.6744;-1.5512,1.1412,-1.1426;</g>
	</geometry>
	<conformers/>
	<properties/>
</molecule>
