<?xml version="1.0" ?>
<!--MOLLI PACKAGE EXPERIMENTAL XML FORMAT-->
<molecule name="react_76">
	<atoms>
		<a id="1" s="H" t="H" l="H"/>
		<a id="2" s="C" t="C.2" l="C"/>
		<a id="3" s="C" t="C.2" l="C"/>
		<a id="4" s="H" t="H" l="H"/>
		<a id="5" s="C" t="C.3" l="C"/>
		<a id="6" s="H" t="H" l="H"/>
		<a id="7" s="H" t="H" l="H"/>
		<a id="8" s="C" t="C.3" l="C"/>
		<a id="9" s="H" t="H" l="H"/>
		<a id="10" s="H" t="H" l="H"/>
		<a id="11" s="C" t="C.3" l="C"/>
		<a id="12" s="H" t="H" l="H"/>
		<a id="13" s="H" t="H" l="H"/>
		<a id="14" s="C" t="C.3" l="C"/>
		<a id="15" s="H" t="H" l="H"/>
		<a id="16" s="H" t="H" l="H"/>
		<a id="17" s="C" t="C.3" l="C"/>
		<a id="18" s="H" t="H" l="H"/>
		<a id="19" s="H" t="H" l="H"/>
		<a id="20" s="C" t="C.3" l="C"/>
		<a id="21" s="H" t="H" l="H"/>
		<a id="22" s="H" t="H" l="H"/>
		<a id="23" s="C" t="C.3" l="C"/>
		<a id="24" s="H" t="H" l="H"/>
		<a id="25" s="H" t="H" l="H"/>
		<a id="26" s="C" t="C.3" l="C"/>
		<a id="27" s="H" t="H" l="H"/>
		<a id="28" s="H" t="H" l="H"/>
		<a id="29" s="C" t="C.3" l="C"/>
		<a id="30" s="H" t="H" l="H"/>
		<a id="31" s="H" t="H" l="H"/>
		<a id="32" s="C" t="C.3" l="C"/>
		<a id="33" s="H" t="H" l="H"/>
		<a id="34" s="H" t="H" l="H"/>
		<a id="35" s="H" t="H" l="H"/>
		<a id="36" s="C" t="C.3" l="C"/>
		<a id="37" s="H" t="H" l="H"/>
		<a id="38" s="H" t="H" l="H"/>
		<a id="39" s="C" t="C.3" l="C"/>
		<a id="40" s="H" t="H" l="H"/>
		<a id="41" s="H" t="H" l="H"/>
		<a id="42" s="C" t="C.3" l="C"/>
		<a id="43" s="H" t="H" l="H"/>
		<a id="44" s="H" t="H" l="H"/>
		<a id="45" s="C" t="C.2" l="C"/>
		<a id="46" s="O" t="O.2" l="O"/>
		<a id="47" s="O" t="O.3" l="O"/>
		<a id="48" s="C" t="C.3" l="C"/>
		<a id="49" s="H" t="H" l="H"/>
		<a id="50" s="H" t="H" l="H"/>
		<a id="51" s="H" t="H" l="H"/>
	</atoms>
	<bonds>
		<b id="1" c="19 17" t="1"/>
		<b id="2" c="18 17" t="1"/>
		<b id="3" c="21 20" t="1"/>
		<b id="4" c="17 20" t="1"/>
		<b id="5" c="17 14" t="1"/>
		<b id="6" c="16 14" t="1"/>
		<b id="7" c="4 3" t="1"/>
		<b id="8" c="25 23" t="1"/>
		<b id="9" c="20 23" t="1"/>
		<b id="10" c="20 22" t="1"/>
		<b id="11" c="1 2" t="1"/>
		<b id="12" c="46 45" t="2"/>
		<b id="13" c="28 26" t="1"/>
		<b id="14" c="14 15" t="1"/>
		<b id="15" c="14 11" t="1"/>
		<b id="16" c="23 26" t="1"/>
		<b id="17" c="23 24" t="1"/>
		<b id="18" c="49 48" t="1"/>
		<b id="19" c="3 2" t="2"/>
		<b id="20" c="3 5" t="1"/>
		<b id="21" c="44 42" t="1"/>
		<b id="22" c="12 11" t="1"/>
		<b id="23" c="2 36" t="1"/>
		<b id="24" c="31 29" t="1"/>
		<b id="25" c="26 29" t="1"/>
		<b id="26" c="26 27" t="1"/>
		<b id="27" c="45 42" t="1"/>
		<b id="28" c="45 47" t="1"/>
		<b id="29" c="11 13" t="1"/>
		<b id="30" c="11 8" t="1"/>
		<b id="31" c="51 48" t="1"/>
		<b id="32" c="7 5" t="1"/>
		<b id="33" c="29 30" t="1"/>
		<b id="34" c="29 32" t="1"/>
		<b id="35" c="48 47" t="1"/>
		<b id="36" c="48 50" t="1"/>
		<b id="37" c="42 43" t="1"/>
		<b id="38" c="42 39" t="1"/>
		<b id="39" c="5 8" t="1"/>
		<b id="40" c="5 6" t="1"/>
		<b id="41" c="37 36" t="1"/>
		<b id="42" c="36 39" t="1"/>
		<b id="43" c="36 38" t="1"/>
		<b id="44" c="8 10" t="1"/>
		<b id="45" c="8 9" t="1"/>
		<b id="46" c="39 41" t="1"/>
		<b id="47" c="39 40" t="1"/>
		<b id="48" c="34 32" t="1"/>
		<b id="49" c="32 33" t="1"/>
		<b id="50" c="32 35" t="1"/>
	</bonds>
	<geometry>
		<g u="A" t="cart/3d">#51,3:-3.5053,-0.7113,-1.3764;-3.0926,-1.1586,-0.4644;-2.0268,-1.9670,-0.5919;-1.6492,-2.1290,-1.6087;-1.2937,-2.6967,0.5051;-1.9475,-2.7915,1.3879;-1.0898,-3.7294,0.1660;0.0445,-2.0797,0.9792;0.3555,-2.6481,1.8734;-0.1347,-1.0455,1.3268;1.2141,-2.0887,-0.0217;1.2471,-3.0694,-0.5345;2.1526,-2.0295,0.5566;1.2127,-0.9644,-1.0672;1.2070,0.0100,-0.5452;0.2724,-0.9896,-1.6404;2.3816,-1.0184,-2.0655;2.3417,-1.9843,-2.6021;2.2182,-0.2429,-2.8363;3.7948,-0.8392,-1.4867;4.5229,-0.9816,-2.3062;4.0134,-1.6432,-0.7601;4.0577,0.5204,-0.8276;3.3723,0.6563,0.0268;3.8088,1.3260,-1.5450;5.5070,0.6965,-0.3579;5.7529,-0.1003,0.3701;6.1797,0.5311,-1.2193;5.8299,2.0639,0.2638;6.9215,2.1301,0.4187;5.5821,2.8592,-0.4638;5.1243,2.3516,1.5926;5.4387,3.3229,2.0083;4.0280,2.3838,1.4828;5.3589,1.5781,2.3443;-3.8083,-0.7802,0.8077;-4.8968,-0.8431,0.6263;-3.5912,-1.5030,1.6109;-3.4741,0.6315,1.3373;-4.0868,0.8319,2.2326;-2.4201,0.6553,1.6629;-3.6782,1.7776,0.3259;-3.4458,2.7358,0.8169;-3.0072,1.6552,-0.5360;-5.0917,1.8371,-0.2108;-5.4515,1.4256,-1.2883;-5.9396,2.3812,0.6875;-7.3129,2.4498,0.3032;-7.4362,3.0635,-0.6025;-7.8453,2.9072,1.1470;-7.7149,1.4456,0.0977;</g>
	</geometry>
	<conformers/>
	<properties/>
</molecule>
