<?xml version="1.0" ?>
<!--MOLLI PACKAGE EXPERIMENTAL XML FORMAT-->
<molecule name="react_83">
	<atoms>
		<a id="1" s="H" t="H" l="H"/>
		<a id="2" s="C" t="C.2" l="C"/>
		<a id="3" s="H" t="H" l="H"/>
		<a id="4" s="C" t="C.2" l="C"/>
		<a id="5" s="H" t="H" l="H"/>
		<a id="6" s="C" t="C.ar" l="C"/>
		<a id="7" s="C" t="C.ar" l="C"/>
		<a id="8" s="H" t="H" l="H"/>
		<a id="9" s="C" t="C.ar" l="C"/>
		<a id="10" s="H" t="H" l="H"/>
		<a id="11" s="C" t="C.ar" l="C"/>
		<a id="12" s="C" t="C.ar" l="C"/>
		<a id="13" s="H" t="H" l="H"/>
		<a id="14" s="C" t="C.ar" l="C"/>
		<a id="15" s="H" t="H" l="H"/>
		<a id="16" s="C" t="C.ar" l="C"/>
		<a id="17" s="H" t="H" l="H"/>
		<a id="18" s="C" t="C.ar" l="C"/>
		<a id="19" s="H" t="H" l="H"/>
		<a id="20" s="C" t="C.ar" l="C"/>
		<a id="21" s="C" t="C.ar" l="C"/>
		<a id="22" s="H" t="H" l="H"/>
	</atoms>
	<bonds>
		<b id="1" c="1 2" t="1"/>
		<b id="2" c="19 18" t="1"/>
		<b id="3" c="3 2" t="1"/>
		<b id="4" c="2 4" t="2"/>
		<b id="5" c="22 21" t="1"/>
		<b id="6" c="17 16" t="1"/>
		<b id="7" c="18 16" t="ar"/>
		<b id="8" c="18 20" t="ar"/>
		<b id="9" c="21 20" t="ar"/>
		<b id="10" c="21 6" t="ar"/>
		<b id="11" c="16 14" t="ar"/>
		<b id="12" c="4 6" t="1"/>
		<b id="13" c="4 5" t="1"/>
		<b id="14" c="20 11" t="ar"/>
		<b id="15" c="6 7" t="ar"/>
		<b id="16" c="14 15" t="1"/>
		<b id="17" c="14 12" t="ar"/>
		<b id="18" c="11 12" t="ar"/>
		<b id="19" c="11 9" t="ar"/>
		<b id="20" c="7 9" t="ar"/>
		<b id="21" c="7 8" t="1"/>
		<b id="22" c="12 13" t="1"/>
		<b id="23" c="9 10" t="1"/>
	</bonds>
	<geometry>
		<g u="A" t="cart/3d">#22,3:-3.1723,-1.8807,-1.1572;-3.7253,-1.0174,-0.7753;-4.8135,-1.0545,-0.8702;-3.1205,0.0428,-0.2178;-3.7542,0.8666,0.1323;-1.6758,0.2549,-0.0120;-1.2424,1.4925,0.5547;-1.9947,2.2414,0.8192;0.0912,1.7584,0.7709;0.3977,2.7144,1.2053;1.0911,0.8035,0.4366;2.4790,1.0391,0.6440;2.7918,1.9935,1.0774;3.4165,0.0851,0.3063;4.4799,0.2789,0.4702;3.0068,-1.1532,-0.2546;3.7585,-1.9022,-0.5176;1.6697,-1.4125,-0.4677;1.3535,-2.3665,-0.8998;0.6741,-0.4485,-0.1319;-0.7084,-0.6875,-0.3409;-1.0025,-1.6482,-0.7718;</g>
	</geometry>
	<conformers/>
	<properties/>
</molecule>
