<?xml version="1.0" ?>
<!--MOLLI PACKAGE EXPERIMENTAL XML FORMAT-->
<molecule name="react_85">
	<atoms>
		<a id="1" s="H" t="H" l="H"/>
		<a id="2" s="C" t="C.2" l="C"/>
		<a id="3" s="H" t="H" l="H"/>
		<a id="4" s="C" t="C.2" l="C"/>
		<a id="5" s="H" t="H" l="H"/>
		<a id="6" s="C" t="C.ar" l="C"/>
		<a id="7" s="C" t="C.ar" l="C"/>
		<a id="8" s="H" t="H" l="H"/>
		<a id="9" s="C" t="C.ar" l="C"/>
		<a id="10" s="H" t="H" l="H"/>
		<a id="11" s="C" t="C.ar" l="C"/>
		<a id="12" s="O" t="O.3" l="O"/>
		<a id="13" s="C" t="C.3" l="C"/>
		<a id="14" s="H" t="H" l="H"/>
		<a id="15" s="H" t="H" l="H"/>
		<a id="16" s="H" t="H" l="H"/>
		<a id="17" s="C" t="C.ar" l="C"/>
		<a id="18" s="Br" t="Br" l="BR"/>
		<a id="19" s="C" t="C.ar" l="C"/>
		<a id="20" s="H" t="H" l="H"/>
	</atoms>
	<bonds>
		<b id="1" c="18 17" t="1"/>
		<b id="2" c="1 2" t="1"/>
		<b id="3" c="20 19" t="1"/>
		<b id="4" c="2 3" t="1"/>
		<b id="5" c="2 4" t="2"/>
		<b id="6" c="19 17" t="ar"/>
		<b id="7" c="19 6" t="ar"/>
		<b id="8" c="17 11" t="ar"/>
		<b id="9" c="4 6" t="1"/>
		<b id="10" c="4 5" t="1"/>
		<b id="11" c="6 7" t="ar"/>
		<b id="12" c="11 12" t="1"/>
		<b id="13" c="11 9" t="ar"/>
		<b id="14" c="12 13" t="1"/>
		<b id="15" c="16 13" t="1"/>
		<b id="16" c="7 9" t="ar"/>
		<b id="17" c="7 8" t="1"/>
		<b id="18" c="9 10" t="1"/>
		<b id="19" c="15 13" t="1"/>
		<b id="20" c="13 14" t="1"/>
	</bonds>
	<geometry>
		<g u="A" t="cart/3d">#20,3:-3.2467,1.3785,-1.6824;-3.6542,0.7914,-0.8541;-4.7436,0.7425,-0.7818;-2.8779,0.1559,0.0371;-3.3717,-0.4104,0.8362;-1.4071,0.1155,0.0878;-0.7664,-0.6073,1.1064;-1.3709,-1.1322,1.8514;0.6259,-0.6762,1.1966;1.0796,-1.2500,2.0053;1.4362,-0.0160,0.2608;2.7852,-0.0272,0.2711;3.4688,-0.7452,1.2756;3.2384,-0.3585,2.2848;3.2305,-1.8237,1.2423;4.5405,-0.6099,1.0776;0.7965,0.7146,-0.7688;1.8588,1.6267,-2.0603;-0.5879,0.7777,-0.8514;-1.0338,1.3537,-1.6636;</g>
	</geometry>
	<conformers/>
	<properties/>
</molecule>
