<?xml version="1.0" ?>
<!--MOLLI PACKAGE EXPERIMENTAL XML FORMAT-->
<molecule name="react_2">
	<atoms>
		<a id="1" s="H" t="H" l="H"/>
		<a id="2" s="C" t="C.2" l="C"/>
		<a id="3" s="H" t="H" l="H"/>
		<a id="4" s="C" t="C.2" l="C"/>
		<a id="5" s="H" t="H" l="H"/>
		<a id="6" s="C" t="C.3" l="C"/>
		<a id="7" s="H" t="H" l="H"/>
		<a id="8" s="H" t="H" l="H"/>
		<a id="9" s="C" t="C.3" l="C"/>
		<a id="10" s="H" t="H" l="H"/>
		<a id="11" s="H" t="H" l="H"/>
		<a id="12" s="C" t="C.3" l="C"/>
		<a id="13" s="H" t="H" l="H"/>
		<a id="14" s="H" t="H" l="H"/>
		<a id="15" s="Br" t="Br" l="BR"/>
	</atoms>
	<bonds>
		<b id="1" c="7 6" t="1"/>
		<b id="2" c="13 12" t="1"/>
		<b id="3" c="5 4" t="1"/>
		<b id="4" c="8 6" t="1"/>
		<b id="5" c="6 4" t="1"/>
		<b id="6" c="6 9" t="1"/>
		<b id="7" c="4 2" t="2"/>
		<b id="8" c="12 15" t="1"/>
		<b id="9" c="12 9" t="1"/>
		<b id="10" c="12 14" t="1"/>
		<b id="11" c="10 9" t="1"/>
		<b id="12" c="9 11" t="1"/>
		<b id="13" c="2 1" t="1"/>
		<b id="14" c="2 3" t="1"/>
	</bonds>
	<geometry>
		<g u="A" t="cart/3d">#15,3:3.4055,0.1401,0.9781;2.3293,-0.0130,0.8576;1.8459,-0.6635,1.5923;1.6577,0.5749,-0.1379;2.2161,1.2154,-0.8333;0.1849,0.4699,-0.4327;0.0614,0.1111,-1.4736;-0.2464,1.4880,-0.4358;-0.6271,-0.4176,0.5101;-0.2244,-1.4481,0.4859;-0.5189,-0.0685,1.5508;-2.1047,-0.5236,0.1671;-2.2719,-0.8182,-0.8782;-2.6251,-1.2308,0.8251;-3.0821,1.1839,0.3876;</g>
	</geometry>
	<conformers/>
	<properties/>
</molecule>
