<?xml version="1.0" ?>
<!--MOLLI PACKAGE EXPERIMENTAL XML FORMAT-->
<molecule name="react_74">
	<atoms>
		<a id="1" s="H" t="H" l="H"/>
		<a id="2" s="C" t="C.2" l="C"/>
		<a id="3" s="C" t="C.2" l="C"/>
		<a id="4" s="H" t="H" l="H"/>
		<a id="5" s="Si" t="Si" l="SI"/>
		<a id="6" s="C" t="C.3" l="C"/>
		<a id="7" s="H" t="H" l="H"/>
		<a id="8" s="H" t="H" l="H"/>
		<a id="9" s="C" t="C.3" l="C"/>
		<a id="10" s="H" t="H" l="H"/>
		<a id="11" s="H" t="H" l="H"/>
		<a id="12" s="H" t="H" l="H"/>
		<a id="13" s="C" t="C.3" l="C"/>
		<a id="14" s="H" t="H" l="H"/>
		<a id="15" s="H" t="H" l="H"/>
		<a id="16" s="C" t="C.3" l="C"/>
		<a id="17" s="H" t="H" l="H"/>
		<a id="18" s="H" t="H" l="H"/>
		<a id="19" s="H" t="H" l="H"/>
		<a id="20" s="C" t="C.3" l="C"/>
		<a id="21" s="H" t="H" l="H"/>
		<a id="22" s="H" t="H" l="H"/>
		<a id="23" s="C" t="C.3" l="C"/>
		<a id="24" s="H" t="H" l="H"/>
		<a id="25" s="H" t="H" l="H"/>
		<a id="26" s="H" t="H" l="H"/>
		<a id="27" s="C" t="C.3" l="C"/>
		<a id="28" s="H" t="H" l="H"/>
		<a id="29" s="H" t="H" l="H"/>
		<a id="30" s="C" t="C.3" l="C"/>
		<a id="31" s="H" t="H" l="H"/>
		<a id="32" s="H" t="H" l="H"/>
		<a id="33" s="C" t="C.3" l="C"/>
		<a id="34" s="H" t="H" l="H"/>
		<a id="35" s="H" t="H" l="H"/>
		<a id="36" s="C" t="C.3" l="C"/>
		<a id="37" s="H" t="H" l="H"/>
		<a id="38" s="H" t="H" l="H"/>
		<a id="39" s="H" t="H" l="H"/>
	</atoms>
	<bonds>
		<b id="1" c="18 16" t="1"/>
		<b id="2" c="38 36" t="1"/>
		<b id="3" c="17 16" t="1"/>
		<b id="4" c="14 13" t="1"/>
		<b id="5" c="16 19" t="1"/>
		<b id="6" c="16 13" t="1"/>
		<b id="7" c="24 23" t="1"/>
		<b id="8" c="37 36" t="1"/>
		<b id="9" c="36 39" t="1"/>
		<b id="10" c="36 33" t="1"/>
		<b id="11" c="32 30" t="1"/>
		<b id="12" c="13 15" t="1"/>
		<b id="13" c="13 5" t="1"/>
		<b id="14" c="26 23" t="1"/>
		<b id="15" c="23 25" t="1"/>
		<b id="16" c="23 20" t="1"/>
		<b id="17" c="31 30" t="1"/>
		<b id="18" c="33 30" t="1"/>
		<b id="19" c="33 34" t="1"/>
		<b id="20" c="33 35" t="1"/>
		<b id="21" c="30 27" t="1"/>
		<b id="22" c="22 20" t="1"/>
		<b id="23" c="20 5" t="1"/>
		<b id="24" c="20 21" t="1"/>
		<b id="25" c="5 3" t="1"/>
		<b id="26" c="5 6" t="1"/>
		<b id="27" c="29 27" t="1"/>
		<b id="28" c="27 2" t="1"/>
		<b id="29" c="27 28" t="1"/>
		<b id="30" c="3 2" t="2"/>
		<b id="31" c="3 4" t="1"/>
		<b id="32" c="2 1" t="1"/>
		<b id="33" c="12 9" t="1"/>
		<b id="34" c="11 9" t="1"/>
		<b id="35" c="9 6" t="1"/>
		<b id="36" c="9 10" t="1"/>
		<b id="37" c="6 7" t="1"/>
		<b id="38" c="6 8" t="1"/>
	</bonds>
	<geometry>
		<g u="A" t="cart/3d">#39,3:2.1629,-1.7067,1.3695;1.4356,-0.9254,1.1040;0.1396,-1.2763,1.0021;-0.0737,-2.3371,1.2043;-1.3871,-0.2294,0.5944;-1.7285,0.9350,2.0689;-0.8476,1.5922,2.1880;-1.7292,0.2947,2.9707;-3.0105,1.7819,2.0336;-3.1356,2.3683,2.9599;-3.9135,1.1588,1.9220;-3.0064,2.4996,1.1971;-1.1271,0.7261,-1.0410;-0.6333,0.0275,-1.7410;-0.3843,1.5239,-0.8596;-2.3776,1.3236,-1.7071;-3.1268,0.5493,-1.9415;-2.1291,1.8298,-2.6555;-2.8743,2.0682,-1.0645;-2.8437,-1.4445,0.4103;-2.9697,-1.9536,1.3845;-3.7717,-0.8624,0.2646;-2.7036,-2.4882,-0.7096;-2.6324,-2.0142,-1.7029;-1.7981,-3.1048,-0.5829;-3.5649,-3.1771,-0.7400;2.0342,0.4410,0.8901;2.6515,0.6966,1.7728;1.2382,1.2011,0.8425;2.9164,0.5678,-0.3706;3.2257,1.6246,-0.4698;2.3020,0.3450,-1.2618;4.1696,-0.3154,-0.3834;3.8780,-1.3788,-0.3254;4.7645,-0.1146,0.5271;5.0419,-0.1004,-1.6220;5.3881,0.9450,-1.6934;4.4850,-0.3256,-2.5475;5.9351,-0.7458,-1.6062;</g>
	</geometry>
	<conformers/>
	<properties/>
</molecule>
