<?xml version="1.0" ?>
<!--MOLLI PACKAGE EXPERIMENTAL XML FORMAT-->
<molecule name="react_94">
	<atoms>
		<a id="1" s="H" t="H" l="H"/>
		<a id="2" s="O" t="O.3" l="O"/>
		<a id="3" s="C" t="C.3" l="C"/>
		<a id="4" s="H" t="H" l="H"/>
		<a id="5" s="H" t="H" l="H"/>
		<a id="6" s="C" t="C.ar" l="C"/>
		<a id="7" s="C" t="C.ar" l="C"/>
		<a id="8" s="H" t="H" l="H"/>
		<a id="9" s="C" t="C.ar" l="C"/>
		<a id="10" s="H" t="H" l="H"/>
		<a id="11" s="C" t="C.ar" l="C"/>
		<a id="12" s="H" t="H" l="H"/>
		<a id="13" s="C" t="C.ar" l="C"/>
		<a id="14" s="H" t="H" l="H"/>
		<a id="15" s="C" t="C.ar" l="C"/>
		<a id="16" s="C" t="C.ar" l="C"/>
		<a id="17" s="O" t="O.2" l="O"/>
		<a id="18" s="C" t="C.ar" l="C"/>
		<a id="19" s="C" t="C.2" l="C"/>
		<a id="20" s="H" t="H" l="H"/>
		<a id="21" s="C" t="C.2" l="C"/>
		<a id="22" s="H" t="H" l="H"/>
		<a id="23" s="H" t="H" l="H"/>
		<a id="24" s="C" t="C.ar" l="C"/>
		<a id="25" s="H" t="H" l="H"/>
		<a id="26" s="C" t="C.ar" l="C"/>
		<a id="27" s="H" t="H" l="H"/>
	</atoms>
	<bonds>
		<b id="1" c="22 21" t="1"/>
		<b id="2" c="21 23" t="1"/>
		<b id="3" c="21 19" t="2"/>
		<b id="4" c="14 13" t="1"/>
		<b id="5" c="20 19" t="1"/>
		<b id="6" c="19 18" t="1"/>
		<b id="7" c="12 11" t="1"/>
		<b id="8" c="18 17" t="ar"/>
		<b id="9" c="18 24" t="ar"/>
		<b id="10" c="13 11" t="ar"/>
		<b id="11" c="13 15" t="ar"/>
		<b id="12" c="17 16" t="ar"/>
		<b id="13" c="11 9" t="ar"/>
		<b id="14" c="25 24" t="1"/>
		<b id="15" c="24 26" t="ar"/>
		<b id="16" c="4 3" t="1"/>
		<b id="17" c="16 26" t="ar"/>
		<b id="18" c="16 15" t="1"/>
		<b id="19" c="26 27" t="1"/>
		<b id="20" c="15 6" t="ar"/>
		<b id="21" c="9 10" t="1"/>
		<b id="22" c="9 7" t="ar"/>
		<b id="23" c="6 7" t="ar"/>
		<b id="24" c="6 3" t="1"/>
		<b id="25" c="7 8" t="1"/>
		<b id="26" c="3 2" t="1"/>
		<b id="27" c="3 5" t="1"/>
		<b id="28" c="2 1" t="1"/>
	</bonds>
	<geometry>
		<g u="A" t="cart/3d">#27,3:-3.2354,3.0784,1.4255;-3.2854,2.1368,1.2235;-2.0266,1.7224,0.7413;-1.7326,2.3136,-0.1521;-1.2317,1.8822,1.4989;-2.0593,0.2563,0.3694;-3.2843,-0.4214,0.4192;-4.1670,0.1410,0.7230;-3.3829,-1.7770,0.1016;-4.3528,-2.2794,0.1497;-2.2368,-2.4824,-0.2729;-2.2957,-3.5449,-0.5235;-1.0103,-1.8264,-0.3299;-0.1155,-2.3755,-0.6241;-0.8893,-0.4539,-0.0165;0.4418,0.1539,-0.1012;1.4840,-0.7106,-0.2776;2.6476,-0.0039,-0.3598;3.8590,-0.7792,-0.5419;3.6942,-1.8603,-0.6055;5.1083,-0.2917,-0.6331;5.9614,-0.9596,-0.7719;5.3213,0.7798,-0.5733;2.3613,1.3380,-0.2379;3.0775,2.1565,-0.2654;0.9527,1.4414,-0.0712;0.3967,2.3662,0.0330;</g>
	</geometry>
	<conformers/>
	<properties/>
</molecule>
