<?xml version="1.0" ?>
<!--MOLLI PACKAGE EXPERIMENTAL XML FORMAT-->
<molecule name="react_95">
	<atoms>
		<a id="1" s="H" t="H" l="H"/>
		<a id="2" s="C" t="C.2" l="C"/>
		<a id="3" s="H" t="H" l="H"/>
		<a id="4" s="C" t="C.2" l="C"/>
		<a id="5" s="H" t="H" l="H"/>
		<a id="6" s="C" t="C.ar" l="C"/>
		<a id="7" s="O" t="O.2" l="O"/>
		<a id="8" s="C" t="C.ar" l="C"/>
		<a id="9" s="C" t="C.ar" l="C"/>
		<a id="10" s="C" t="C.ar" l="C"/>
		<a id="11" s="H" t="H" l="H"/>
		<a id="12" s="C" t="C.ar" l="C"/>
		<a id="13" s="H" t="H" l="H"/>
		<a id="14" s="C" t="C.ar" l="C"/>
		<a id="15" s="H" t="H" l="H"/>
		<a id="16" s="C" t="C.ar" l="C"/>
		<a id="17" s="H" t="H" l="H"/>
		<a id="18" s="C" t="C.ar" l="C"/>
		<a id="19" s="C" t="C.3" l="C"/>
		<a id="20" s="H" t="H" l="H"/>
		<a id="21" s="H" t="H" l="H"/>
		<a id="22" s="O" t="O.3" l="O"/>
		<a id="23" s="Si" t="Si" l="SI"/>
		<a id="24" s="C" t="C.3" l="C"/>
		<a id="25" s="H" t="H" l="H"/>
		<a id="26" s="H" t="H" l="H"/>
		<a id="27" s="H" t="H" l="H"/>
		<a id="28" s="C" t="C.3" l="C"/>
		<a id="29" s="H" t="H" l="H"/>
		<a id="30" s="H" t="H" l="H"/>
		<a id="31" s="H" t="H" l="H"/>
		<a id="32" s="C" t="C.3" l="C"/>
		<a id="33" s="C" t="C.3" l="C"/>
		<a id="34" s="H" t="H" l="H"/>
		<a id="35" s="H" t="H" l="H"/>
		<a id="36" s="H" t="H" l="H"/>
		<a id="37" s="C" t="C.3" l="C"/>
		<a id="38" s="H" t="H" l="H"/>
		<a id="39" s="H" t="H" l="H"/>
		<a id="40" s="H" t="H" l="H"/>
		<a id="41" s="C" t="C.3" l="C"/>
		<a id="42" s="H" t="H" l="H"/>
		<a id="43" s="H" t="H" l="H"/>
		<a id="44" s="H" t="H" l="H"/>
		<a id="45" s="C" t="C.ar" l="C"/>
		<a id="46" s="H" t="H" l="H"/>
		<a id="47" s="C" t="C.ar" l="C"/>
		<a id="48" s="H" t="H" l="H"/>
	</atoms>
	<bonds>
		<b id="1" c="27 24" t="1"/>
		<b id="2" c="26 24" t="1"/>
		<b id="3" c="25 24" t="1"/>
		<b id="4" c="24 23" t="1"/>
		<b id="5" c="35 33" t="1"/>
		<b id="6" c="3 2" t="1"/>
		<b id="7" c="1 2" t="1"/>
		<b id="8" c="2 4" t="2"/>
		<b id="9" c="34 33" t="1"/>
		<b id="10" c="31 28" t="1"/>
		<b id="11" c="33 36" t="1"/>
		<b id="12" c="33 32" t="1"/>
		<b id="13" c="38 37" t="1"/>
		<b id="14" c="4 5" t="1"/>
		<b id="15" c="4 6" t="1"/>
		<b id="16" c="30 28" t="1"/>
		<b id="17" c="23 28" t="1"/>
		<b id="18" c="23 32" t="1"/>
		<b id="19" c="23 22" t="1"/>
		<b id="20" c="48 47" t="1"/>
		<b id="21" c="28 29" t="1"/>
		<b id="22" c="6 47" t="ar"/>
		<b id="23" c="6 7" t="ar"/>
		<b id="24" c="20 19" t="1"/>
		<b id="25" c="47 45" t="ar"/>
		<b id="26" c="32 37" t="1"/>
		<b id="27" c="32 41" t="1"/>
		<b id="28" c="37 39" t="1"/>
		<b id="29" c="37 40" t="1"/>
		<b id="30" c="7 8" t="ar"/>
		<b id="31" c="45 8" t="ar"/>
		<b id="32" c="45 46" t="1"/>
		<b id="33" c="8 9" t="1"/>
		<b id="34" c="22 19" t="1"/>
		<b id="35" c="19 18" t="1"/>
		<b id="36" c="19 21" t="1"/>
		<b id="37" c="9 18" t="ar"/>
		<b id="38" c="9 10" t="ar"/>
		<b id="39" c="18 16" t="ar"/>
		<b id="40" c="11 10" t="1"/>
		<b id="41" c="41 42" t="1"/>
		<b id="42" c="41 43" t="1"/>
		<b id="43" c="41 44" t="1"/>
		<b id="44" c="10 12" t="ar"/>
		<b id="45" c="16 17" t="1"/>
		<b id="46" c="16 14" t="ar"/>
		<b id="47" c="12 14" t="ar"/>
		<b id="48" c="12 13" t="1"/>
		<b id="49" c="14 15" t="1"/>
	</bonds>
	<geometry>
		<g u="A" t="cart/3d">#48,3:6.3190,3.1614,-1.5255;6.7876,2.1756,-1.4504;7.8263,2.0940,-1.7786;6.1281,1.1037,-0.9783;6.6372,0.1354,-0.9246;4.7562,1.0783,-0.5110;4.2803,-0.1323,-0.0988;2.9812,0.0073,0.2969;2.3276,-1.2019,0.8053;3.1470,-2.2917,1.1754;4.2280,-2.1920,1.0696;2.6055,-3.4746,1.6710;3.2667,-4.2986,1.9520;1.2205,-3.5972,1.8093;0.7821,-4.5187,2.2018;0.3943,-2.5348,1.4387;-0.6894,-2.6191,1.5263;0.9183,-1.3384,0.9329;-0.0394,-0.2312,0.5270;0.2779,0.1727,-0.4528;0.0496,0.6053,1.2493;-1.3736,-0.6669,0.4977;-2.5637,-0.4401,-0.6819;-1.7547,-0.3022,-2.3841;-1.1370,0.6028,-2.5015;-1.1094,-1.1767,-2.5722;-2.5225,-0.2818,-3.1754;-3.6240,-1.9928,-0.5987;-4.0159,-2.1574,0.4178;-3.0204,-2.8745,-0.8705;-4.4813,-1.9440,-1.2900;-3.5784,1.1341,-0.2438;-4.6988,1.3518,-1.2819;-5.3953,0.4979,-1.3267;-4.2992,1.5123,-2.2975;-5.2972,2.2452,-1.0238;-2.6522,2.3681,-0.2300;-2.1887,2.5534,-1.2135;-3.2234,3.2769,0.0358;-1.8426,2.2663,0.5114;-4.2010,0.9568,1.1571;-4.9228,0.1238,1.1846;-4.7451,1.8709,1.4586;-3.4321,0.7571,1.9212;2.6206,1.3346,0.1374;1.6676,1.7875,0.3898;3.7569,2.0175,-0.3778;3.8293,3.0761,-0.6185;</g>
	</geometry>
	<conformers/>
	<properties/>
</molecule>
