<?xml version="1.0" ?>
<!--MOLLI PACKAGE EXPERIMENTAL XML FORMAT-->
<molecule name="react_96">
	<atoms>
		<a id="1" s="H" t="H" l="H"/>
		<a id="2" s="O" t="O.3" l="O"/>
		<a id="3" s="C" t="C.3" l="C"/>
		<a id="4" s="H" t="H" l="H"/>
		<a id="5" s="H" t="H" l="H"/>
		<a id="6" s="C" t="C.ar" l="C"/>
		<a id="7" s="C" t="C.ar" l="C"/>
		<a id="8" s="H" t="H" l="H"/>
		<a id="9" s="C" t="C.ar" l="C"/>
		<a id="10" s="O" t="O.3" l="O"/>
		<a id="11" s="C" t="C.3" l="C"/>
		<a id="12" s="H" t="H" l="H"/>
		<a id="13" s="H" t="H" l="H"/>
		<a id="14" s="H" t="H" l="H"/>
		<a id="15" s="C" t="C.ar" l="C"/>
		<a id="16" s="H" t="H" l="H"/>
		<a id="17" s="C" t="C.ar" l="C"/>
		<a id="18" s="O" t="O.3" l="O"/>
		<a id="19" s="C" t="C.3" l="C"/>
		<a id="20" s="H" t="H" l="H"/>
		<a id="21" s="H" t="H" l="H"/>
		<a id="22" s="H" t="H" l="H"/>
		<a id="23" s="C" t="C.ar" l="C"/>
		<a id="24" s="C" t="C.ar" l="C"/>
		<a id="25" s="O" t="O.2" l="O"/>
		<a id="26" s="C" t="C.ar" l="C"/>
		<a id="27" s="C" t="C.2" l="C"/>
		<a id="28" s="H" t="H" l="H"/>
		<a id="29" s="C" t="C.2" l="C"/>
		<a id="30" s="H" t="H" l="H"/>
		<a id="31" s="H" t="H" l="H"/>
		<a id="32" s="C" t="C.ar" l="C"/>
		<a id="33" s="H" t="H" l="H"/>
		<a id="34" s="C" t="C.ar" l="C"/>
		<a id="35" s="H" t="H" l="H"/>
	</atoms>
	<bonds>
		<b id="1" c="20 19" t="1"/>
		<b id="2" c="21 19" t="1"/>
		<b id="3" c="22 19" t="1"/>
		<b id="4" c="19 18" t="1"/>
		<b id="5" c="18 17" t="1"/>
		<b id="6" c="16 15" t="1"/>
		<b id="7" c="35 34" t="1"/>
		<b id="8" c="15 17" t="ar"/>
		<b id="9" c="15 9" t="ar"/>
		<b id="10" c="17 23" t="ar"/>
		<b id="11" c="34 32" t="ar"/>
		<b id="12" c="34 24" t="ar"/>
		<b id="13" c="10 9" t="1"/>
		<b id="14" c="10 11" t="1"/>
		<b id="15" c="33 32" t="1"/>
		<b id="16" c="9 7" t="ar"/>
		<b id="17" c="32 26" t="ar"/>
		<b id="18" c="23 24" t="1"/>
		<b id="19" c="23 6" t="ar"/>
		<b id="20" c="24 25" t="ar"/>
		<b id="21" c="12 11" t="1"/>
		<b id="22" c="11 13" t="1"/>
		<b id="23" c="11 14" t="1"/>
		<b id="24" c="26 25" t="ar"/>
		<b id="25" c="26 27" t="1"/>
		<b id="26" c="7 6" t="ar"/>
		<b id="27" c="7 8" t="1"/>
		<b id="28" c="6 3" t="1"/>
		<b id="29" c="31 29" t="1"/>
		<b id="30" c="27 29" t="2"/>
		<b id="31" c="27 28" t="1"/>
		<b id="32" c="29 30" t="1"/>
		<b id="33" c="1 2" t="1"/>
		<b id="34" c="3 5" t="1"/>
		<b id="35" c="3 2" t="1"/>
		<b id="36" c="3 4" t="1"/>
	</bonds>
	<geometry>
		<g u="A" t="cart/3d">#35,3:0.4868,1.6587,1.9549;-0.2272,1.3905,2.5504;-0.4197,0.0095,2.3253;-1.1665,-0.3202,3.0642;0.5026,-0.5689,2.5209;-0.9484,-0.3176,0.9335;-2.3376,-0.4785,0.8075;-2.9539,-0.3607,1.6986;-2.9132,-0.7903,-0.4269;-4.2413,-0.9623,-0.6395;-5.1398,-0.8013,0.4367;-6.1463,-0.9738,0.0315;-5.0935,0.2177,0.8612;-4.9493,-1.5310,1.2445;-2.0915,-0.9567,-1.5526;-2.5711,-1.2100,-2.4964;-0.7120,-0.7943,-1.4430;0.1214,-0.9479,-2.5030;-0.4090,-1.2210,-3.7812;0.4469,-1.2697,-4.4683;-1.0949,-0.4236,-4.1187;-0.9454,-2.1865,-3.8066;-0.1040,-0.4478,-0.1970;1.3444,-0.2302,-0.1407;1.8162,0.6543,0.7942;3.1818,0.7235,0.7008;3.8389,1.6078,1.6414;3.1671,2.0442,2.3894;5.1481,1.9122,1.6716;5.5488,2.5827,2.4351;5.8568,1.5076,0.9429;3.5924,-0.1191,-0.3079;4.6209,-0.2908,-0.6190;2.4230,-0.7233,-0.8481;2.3686,-1.4455,-1.6557;</g>
	</geometry>
	<conformers/>
	<properties/>
</molecule>
