<?xml version="1.0" ?>
<!--MOLLI PACKAGE EXPERIMENTAL XML FORMAT-->
<molecule name="react_100">
	<atoms>
		<a id="1" s="H" t="H" l="H"/>
		<a id="2" s="C" t="C.2" l="C"/>
		<a id="3" s="H" t="H" l="H"/>
		<a id="4" s="C" t="C.2" l="C"/>
		<a id="5" s="C" t="C.3" l="C"/>
		<a id="6" s="H" t="H" l="H"/>
		<a id="7" s="H" t="H" l="H"/>
		<a id="8" s="H" t="H" l="H"/>
		<a id="9" s="C" t="C.3" l="C"/>
		<a id="10" s="H" t="H" l="H"/>
		<a id="11" s="H" t="H" l="H"/>
		<a id="12" s="O" t="O.3" l="O"/>
		<a id="13" s="Si" t="Si" l="SI"/>
		<a id="14" s="C" t="C.ar" l="C"/>
		<a id="15" s="C" t="C.ar" l="C"/>
		<a id="16" s="H" t="H" l="H"/>
		<a id="17" s="C" t="C.ar" l="C"/>
		<a id="18" s="H" t="H" l="H"/>
		<a id="19" s="C" t="C.ar" l="C"/>
		<a id="20" s="H" t="H" l="H"/>
		<a id="21" s="C" t="C.ar" l="C"/>
		<a id="22" s="H" t="H" l="H"/>
		<a id="23" s="C" t="C.ar" l="C"/>
		<a id="24" s="H" t="H" l="H"/>
		<a id="25" s="C" t="C.ar" l="C"/>
		<a id="26" s="C" t="C.ar" l="C"/>
		<a id="27" s="H" t="H" l="H"/>
		<a id="28" s="C" t="C.ar" l="C"/>
		<a id="29" s="H" t="H" l="H"/>
		<a id="30" s="C" t="C.ar" l="C"/>
		<a id="31" s="H" t="H" l="H"/>
		<a id="32" s="C" t="C.ar" l="C"/>
		<a id="33" s="H" t="H" l="H"/>
		<a id="34" s="C" t="C.ar" l="C"/>
		<a id="35" s="H" t="H" l="H"/>
		<a id="36" s="C" t="C.3" l="C"/>
		<a id="37" s="C" t="C.3" l="C"/>
		<a id="38" s="H" t="H" l="H"/>
		<a id="39" s="H" t="H" l="H"/>
		<a id="40" s="H" t="H" l="H"/>
		<a id="41" s="C" t="C.3" l="C"/>
		<a id="42" s="H" t="H" l="H"/>
		<a id="43" s="H" t="H" l="H"/>
		<a id="44" s="H" t="H" l="H"/>
		<a id="45" s="C" t="C.3" l="C"/>
		<a id="46" s="H" t="H" l="H"/>
		<a id="47" s="H" t="H" l="H"/>
		<a id="48" s="H" t="H" l="H"/>
	</atoms>
	<bonds>
		<b id="1" c="29 28" t="1"/>
		<b id="2" c="31 30" t="1"/>
		<b id="3" c="28 30" t="ar"/>
		<b id="4" c="28 26" t="ar"/>
		<b id="5" c="30 32" t="ar"/>
		<b id="6" c="27 26" t="1"/>
		<b id="7" c="26 25" t="ar"/>
		<b id="8" c="7 5" t="1"/>
		<b id="9" c="32 33" t="1"/>
		<b id="10" c="32 34" t="ar"/>
		<b id="11" c="8 5" t="1"/>
		<b id="12" c="20 19" t="1"/>
		<b id="13" c="18 17" t="1"/>
		<b id="14" c="10 9" t="1"/>
		<b id="15" c="19 17" t="ar"/>
		<b id="16" c="19 21" t="ar"/>
		<b id="17" c="17 15" t="ar"/>
		<b id="18" c="5 6" t="1"/>
		<b id="19" c="5 4" t="1"/>
		<b id="20" c="11 9" t="1"/>
		<b id="21" c="25 34" t="ar"/>
		<b id="22" c="25 13" t="1"/>
		<b id="23" c="22 21" t="1"/>
		<b id="24" c="21 23" t="ar"/>
		<b id="25" c="34 35" t="1"/>
		<b id="26" c="15 16" t="1"/>
		<b id="27" c="15 14" t="ar"/>
		<b id="28" c="9 4" t="1"/>
		<b id="29" c="9 12" t="1"/>
		<b id="30" c="23 14" t="ar"/>
		<b id="31" c="23 24" t="1"/>
		<b id="32" c="14 13" t="1"/>
		<b id="33" c="4 2" t="2"/>
		<b id="34" c="13 12" t="1"/>
		<b id="35" c="13 36" t="1"/>
		<b id="36" c="2 1" t="1"/>
		<b id="37" c="2 3" t="1"/>
		<b id="38" c="48 45" t="1"/>
		<b id="39" c="46 45" t="1"/>
		<b id="40" c="45 36" t="1"/>
		<b id="41" c="45 47" t="1"/>
		<b id="42" c="38 37" t="1"/>
		<b id="43" c="36 37" t="1"/>
		<b id="44" c="36 41" t="1"/>
		<b id="45" c="39 37" t="1"/>
		<b id="46" c="42 41" t="1"/>
		<b id="47" c="37 40" t="1"/>
		<b id="48" c="41 43" t="1"/>
		<b id="49" c="41 44" t="1"/>
	</bonds>
	<geometry>
		<g u="A" t="cart/3d">#48,3:4.9628,-0.5831,1.5422;3.9195,-0.5489,1.2146;3.1565,-0.2973,1.9538;3.5847,-0.8130,-0.0540;4.5898,-1.1717,-1.1190;5.6139,-1.1910,-0.7186;4.5627,-0.4499,-1.9553;4.3745,-2.1637,-1.5555;2.1520,-0.7796,-0.5346;2.0853,-0.0693,-1.3856;1.8984,-1.7728,-0.9592;1.2437,-0.4371,0.4856;-0.3704,0.0140,0.2975;-0.4124,1.8005,-0.3392;-1.5988,2.4634,-0.7194;-2.5591,1.9414,-0.6771;-1.5856,3.7943,-1.1492;-2.5209,4.2826,-1.4375;-0.3798,4.4999,-1.2076;-0.3672,5.5405,-1.5439;0.8079,3.8684,-0.8275;1.7547,4.4148,-0.8627;0.7885,2.5378,-0.3966;1.7252,2.0659,-0.0872;-1.1742,-1.1918,-0.9306;-1.9636,-0.7820,-2.0234;-2.1334,0.2817,-2.2058;-2.5295,-1.7103,-2.9045;-3.1396,-1.3617,-3.7426;-2.3097,-3.0778,-2.7197;-2.7496,-3.8044,-3.4086;-1.5156,-3.5106,-1.6529;-1.3283,-4.5782,-1.5064;-0.9577,-2.5787,-0.7728;-0.3326,-2.9419,0.0480;-1.1132,-0.1028,2.0666;-0.9371,-1.5288,2.6279;-1.5139,-2.2723,2.0548;0.1202,-1.8383,2.6262;-1.2980,-1.5714,3.6720;-0.3694,0.8946,2.9806;-0.4699,1.9336,2.6275;0.7059,0.6639,3.0446;-0.7820,0.8503,4.0053;-2.6140,0.2516,2.0337;-2.7871,1.2857,1.6939;-3.0479,0.1675,3.0470;-3.1860,-0.4237,1.3754;</g>
	</geometry>
	<conformers/>
	<properties/>
</molecule>
