<?xml version="1.0" ?>
<!--MOLLI PACKAGE EXPERIMENTAL XML FORMAT-->
<molecule name="react_102">
	<atoms>
		<a id="1" s="H" t="H" l="H"/>
		<a id="2" s="C" t="C.2" l="C"/>
		<a id="3" s="H" t="H" l="H"/>
		<a id="4" s="C" t="C.2" l="C"/>
		<a id="5" s="C" t="C.3" l="C"/>
		<a id="6" s="H" t="H" l="H"/>
		<a id="7" s="H" t="H" l="H"/>
		<a id="8" s="H" t="H" l="H"/>
		<a id="9" s="C" t="C.3" l="C"/>
		<a id="10" s="H" t="H" l="H"/>
		<a id="11" s="H" t="H" l="H"/>
		<a id="12" s="O" t="O.3" l="O"/>
		<a id="13" s="C" t="C.2" l="C"/>
		<a id="14" s="O" t="O.2" l="O"/>
		<a id="15" s="C" t="C.3" l="C"/>
		<a id="16" s="C" t="C.3" l="C"/>
		<a id="17" s="H" t="H" l="H"/>
		<a id="18" s="H" t="H" l="H"/>
		<a id="19" s="H" t="H" l="H"/>
		<a id="20" s="C" t="C.3" l="C"/>
		<a id="21" s="H" t="H" l="H"/>
		<a id="22" s="H" t="H" l="H"/>
		<a id="23" s="H" t="H" l="H"/>
		<a id="24" s="C" t="C.3" l="C"/>
		<a id="25" s="H" t="H" l="H"/>
		<a id="26" s="H" t="H" l="H"/>
		<a id="27" s="H" t="H" l="H"/>
	</atoms>
	<bonds>
		<b id="1" c="27 24" t="1"/>
		<b id="2" c="22 20" t="1"/>
		<b id="3" c="25 24" t="1"/>
		<b id="4" c="23 20" t="1"/>
		<b id="5" c="24 26" t="1"/>
		<b id="6" c="24 15" t="1"/>
		<b id="7" c="20 21" t="1"/>
		<b id="8" c="20 15" t="1"/>
		<b id="9" c="15 13" t="1"/>
		<b id="10" c="15 16" t="1"/>
		<b id="11" c="18 16" t="1"/>
		<b id="12" c="1 2" t="1"/>
		<b id="13" c="14 13" t="2"/>
		<b id="14" c="13 12" t="1"/>
		<b id="15" c="7 5" t="1"/>
		<b id="16" c="6 5" t="1"/>
		<b id="17" c="16 17" t="1"/>
		<b id="18" c="16 19" t="1"/>
		<b id="19" c="2 3" t="1"/>
		<b id="20" c="2 4" t="2"/>
		<b id="21" c="5 4" t="1"/>
		<b id="22" c="5 8" t="1"/>
		<b id="23" c="12 9" t="1"/>
		<b id="24" c="4 9" t="1"/>
		<b id="25" c="9 11" t="1"/>
		<b id="26" c="9 10" t="1"/>
	</bonds>
	<geometry>
		<g u="A" t="cart/3d">#27,3:4.3380,-0.3970,-0.0493;3.4215,-0.6993,0.4671;3.2583,-1.7716,0.6077;2.5332,0.2051,0.9007;2.6976,1.6895,0.7033;3.6216,1.9298,0.1571;1.8438,2.1052,0.1420;2.7204,2.2168,1.6739;1.2861,-0.2359,1.6316;1.1892,0.2983,2.5907;1.2929,-1.3189,1.8099;0.0941,0.1170,0.8956;-0.4552,-0.8292,0.0995;-0.0174,-1.9493,0.0023;-1.6954,-0.2965,-0.6338;-2.7491,0.1265,0.4129;-3.0452,-0.7251,1.0469;-3.6541,0.4976,-0.0952;-2.3669,0.9245,1.0662;-1.2886,0.9221,-1.4902;-0.8941,1.7369,-0.8656;-0.5179,0.6498,-2.2296;-2.1642,1.3023,-2.0412;-2.2546,-1.4121,-1.5292;-3.1502,-1.0539,-2.0616;-2.5315,-2.2972,-0.9374;-1.5125,-1.7352,-2.2746;</g>
	</geometry>
	<conformers/>
	<properties/>
</molecule>
