<?xml version="1.0" ?>
<!--MOLLI PACKAGE EXPERIMENTAL XML FORMAT-->
<molecule name="react_103">
	<atoms>
		<a id="1" s="H" t="H" l="H"/>
		<a id="2" s="C" t="C.2" l="C"/>
		<a id="3" s="H" t="H" l="H"/>
		<a id="4" s="C" t="C.2" l="C"/>
		<a id="5" s="C" t="C.3" l="C"/>
		<a id="6" s="H" t="H" l="H"/>
		<a id="7" s="H" t="H" l="H"/>
		<a id="8" s="H" t="H" l="H"/>
		<a id="9" s="C" t="C.3" l="C"/>
		<a id="10" s="H" t="H" l="H"/>
		<a id="11" s="H" t="H" l="H"/>
		<a id="12" s="O" t="O.3" l="O"/>
		<a id="13" s="C" t="C.3" l="C"/>
		<a id="14" s="H" t="H" l="H"/>
		<a id="15" s="H" t="H" l="H"/>
		<a id="16" s="C" t="C.ar" l="C"/>
		<a id="17" s="C" t="C.ar" l="C"/>
		<a id="18" s="H" t="H" l="H"/>
		<a id="19" s="C" t="C.ar" l="C"/>
		<a id="20" s="H" t="H" l="H"/>
		<a id="21" s="C" t="C.ar" l="C"/>
		<a id="22" s="H" t="H" l="H"/>
		<a id="23" s="C" t="C.ar" l="C"/>
		<a id="24" s="H" t="H" l="H"/>
		<a id="25" s="C" t="C.ar" l="C"/>
		<a id="26" s="H" t="H" l="H"/>
	</atoms>
	<bonds>
		<b id="1" c="26 25" t="1"/>
		<b id="2" c="24 23" t="1"/>
		<b id="3" c="12 13" t="1"/>
		<b id="4" c="12 9" t="1"/>
		<b id="5" c="15 13" t="1"/>
		<b id="6" c="10 9" t="1"/>
		<b id="7" c="25 23" t="ar"/>
		<b id="8" c="25 16" t="ar"/>
		<b id="9" c="3 2" t="1"/>
		<b id="10" c="23 21" t="ar"/>
		<b id="11" c="13 16" t="1"/>
		<b id="12" c="13 14" t="1"/>
		<b id="13" c="9 4" t="1"/>
		<b id="14" c="9 11" t="1"/>
		<b id="15" c="2 4" t="2"/>
		<b id="16" c="2 1" t="1"/>
		<b id="17" c="16 17" t="ar"/>
		<b id="18" c="4 5" t="1"/>
		<b id="19" c="21 22" t="1"/>
		<b id="20" c="21 19" t="ar"/>
		<b id="21" c="6 5" t="1"/>
		<b id="22" c="17 19" t="ar"/>
		<b id="23" c="17 18" t="1"/>
		<b id="24" c="5 8" t="1"/>
		<b id="25" c="5 7" t="1"/>
		<b id="26" c="19 20" t="1"/>
	</bonds>
	<geometry>
		<g u="A" t="cart/3d">#26,3:-4.1116,-1.7304,0.2623;-3.2017,-1.3211,-0.1866;-2.6865,-1.9243,-0.9380;-2.7359,-0.1151,0.1609;-3.4140,0.7772,1.1685;-3.6599,1.7606,0.7277;-2.7538,0.9794,2.0312;-4.3463,0.3323,1.5463;-1.4895,0.4788,-0.4704;-1.7921,1.3125,-1.1314;-0.8571,0.9324,0.3199;-0.7422,-0.4162,-1.2642;0.2031,-1.1975,-0.5576;-0.2471,-1.6536,0.3442;0.4650,-2.0262,-1.2385;1.4642,-0.4380,-0.1805;2.1394,-0.7157,1.0167;1.7291,-1.4583,1.7086;3.3292,-0.0532,1.3371;3.8432,-0.2809,2.2751;3.8532,0.9054,0.4650;4.7801,1.4284,0.7157;3.1815,1.1957,-0.7280;3.5845,1.9468,-1.4132;1.9976,0.5274,-1.0490;1.4673,0.7537,-1.9775;</g>
	</geometry>
	<conformers/>
	<properties/>
</molecule>
