<?xml version="1.0" ?>
<!--MOLLI PACKAGE EXPERIMENTAL XML FORMAT-->
<molecule name="react_104">
	<atoms>
		<a id="1" s="H" t="H" l="H"/>
		<a id="2" s="C" t="C.2" l="C"/>
		<a id="3" s="H" t="H" l="H"/>
		<a id="4" s="C" t="C.2" l="C"/>
		<a id="5" s="C" t="C.ar" l="C"/>
		<a id="6" s="C" t="C.ar" l="C"/>
		<a id="7" s="H" t="H" l="H"/>
		<a id="8" s="C" t="C.ar" l="C"/>
		<a id="9" s="H" t="H" l="H"/>
		<a id="10" s="C" t="C.ar" l="C"/>
		<a id="11" s="H" t="H" l="H"/>
		<a id="12" s="C" t="C.ar" l="C"/>
		<a id="13" s="H" t="H" l="H"/>
		<a id="14" s="C" t="C.ar" l="C"/>
		<a id="15" s="H" t="H" l="H"/>
		<a id="16" s="C" t="C.3" l="C"/>
		<a id="17" s="H" t="H" l="H"/>
		<a id="18" s="H" t="H" l="H"/>
		<a id="19" s="Cl" t="Cl" l="CL"/>
	</atoms>
	<bonds>
		<b id="1" c="18 16" t="1"/>
		<b id="2" c="7 6" t="1"/>
		<b id="3" c="9 8" t="1"/>
		<b id="4" c="19 16" t="1"/>
		<b id="5" c="16 17" t="1"/>
		<b id="6" c="16 4" t="1"/>
		<b id="7" c="6 8" t="ar"/>
		<b id="8" c="6 5" t="ar"/>
		<b id="9" c="8 10" t="ar"/>
		<b id="10" c="4 5" t="1"/>
		<b id="11" c="4 2" t="2"/>
		<b id="12" c="5 14" t="ar"/>
		<b id="13" c="10 11" t="1"/>
		<b id="14" c="10 12" t="ar"/>
		<b id="15" c="3 2" t="1"/>
		<b id="16" c="2 1" t="1"/>
		<b id="17" c="14 12" t="ar"/>
		<b id="18" c="14 15" t="1"/>
		<b id="19" c="12 13" t="1"/>
	</bonds>
	<geometry>
		<g u="A" t="cart/3d">#19,3:-1.7627,-0.8035,2.0902;-2.2225,-0.5117,1.1433;-3.3141,-0.5530,1.0937;-1.4917,-0.1408,0.0750;-0.0050,-0.0403,0.1104;0.7682,-0.1767,-1.0587;0.2829,-0.3286,-2.0243;2.1633,-0.1190,-1.0137;2.7374,-0.2330,-1.9371;2.8225,0.0882,0.2005;3.9140,0.1387,0.2350;2.0701,0.2460,1.3693;2.5715,0.4284,2.3238;0.6772,0.1872,1.3224;0.1068,0.3435,2.2406;-2.2071,0.1400,-1.2204;-3.2886,-0.0027,-1.1079;-1.8557,-0.5093,-2.0347;-1.9667,1.8466,-1.8076;</g>
	</geometry>
	<conformers/>
	<properties/>
</molecule>
