<?xml version="1.0" ?>
<!--MOLLI PACKAGE EXPERIMENTAL XML FORMAT-->
<molecule name="react_107">
	<atoms>
		<a id="1" s="H" t="H" l="H"/>
		<a id="2" s="C" t="C.2" l="C"/>
		<a id="3" s="H" t="H" l="H"/>
		<a id="4" s="C" t="C.2" l="C"/>
		<a id="5" s="C" t="C.2" l="C"/>
		<a id="6" s="O" t="O.2" l="O"/>
		<a id="7" s="N" t="N.am" l="N"/>
		<a id="8" s="O" t="O.3" l="O"/>
		<a id="9" s="C" t="C.3" l="C"/>
		<a id="10" s="H" t="H" l="H"/>
		<a id="11" s="H" t="H" l="H"/>
		<a id="12" s="H" t="H" l="H"/>
		<a id="13" s="C" t="C.3" l="C"/>
		<a id="14" s="H" t="H" l="H"/>
		<a id="15" s="H" t="H" l="H"/>
		<a id="16" s="H" t="H" l="H"/>
		<a id="17" s="C" t="C.3" l="C"/>
		<a id="18" s="H" t="H" l="H"/>
		<a id="19" s="H" t="H" l="H"/>
		<a id="20" s="H" t="H" l="H"/>
	</atoms>
	<bonds>
		<b id="1" c="14 13" t="1"/>
		<b id="2" c="18 17" t="1"/>
		<b id="3" c="11 9" t="1"/>
		<b id="4" c="8 9" t="1"/>
		<b id="5" c="8 7" t="1"/>
		<b id="6" c="13 16" t="1"/>
		<b id="7" c="13 7" t="1"/>
		<b id="8" c="13 15" t="1"/>
		<b id="9" c="20 17" t="1"/>
		<b id="10" c="17 19" t="1"/>
		<b id="11" c="17 4" t="1"/>
		<b id="12" c="9 12" t="1"/>
		<b id="13" c="9 10" t="1"/>
		<b id="14" c="7 5" t="am"/>
		<b id="15" c="5 4" t="1"/>
		<b id="16" c="5 6" t="2"/>
		<b id="17" c="4 2" t="2"/>
		<b id="18" c="2 3" t="1"/>
		<b id="19" c="2 1" t="1"/>
	</bonds>
	<geometry>
		<g u="A" t="cart/3d">#20,3:-0.5481,0.7656,2.6018;-1.2868,0.9606,1.8189;-1.9832,1.7888,1.9847;-1.3604,0.2056,0.7159;-0.4590,-0.9995,0.5509;-0.8021,-2.1189,0.8837;0.7884,-0.7505,0.0057;0.9171,0.4444,-0.7069;1.8034,1.3492,-0.0628;1.4137,1.6614,0.9207;1.8676,2.2236,-0.7267;2.8112,0.9143,0.0598;1.6204,-1.8241,-0.5014;1.4243,-2.0064,-1.5729;1.3776,-2.7287,0.0697;2.6856,-1.5806,-0.3665;-2.3737,0.3943,-0.3812;-1.8690,0.5803,-1.3446;-3.0445,1.2392,-0.1654;-2.9822,-0.5184,-0.5000;</g>
	</geometry>
	<conformers/>
	<properties/>
</molecule>
