<?xml version="1.0" ?>
<!--MOLLI PACKAGE EXPERIMENTAL XML FORMAT-->
<molecule name="react_108">
	<atoms>
		<a id="1" s="H" t="H" l="H"/>
		<a id="2" s="C" t="C.2" l="C"/>
		<a id="3" s="H" t="H" l="H"/>
		<a id="4" s="C" t="C.2" l="C"/>
		<a id="5" s="C" t="C.ar" l="C"/>
		<a id="6" s="S" t="S.2" l="S"/>
		<a id="7" s="C" t="C.ar" l="C"/>
		<a id="8" s="S" t="S.3" l="S"/>
		<a id="9" s="C" t="C.3" l="C"/>
		<a id="10" s="H" t="H" l="H"/>
		<a id="11" s="H" t="H" l="H"/>
		<a id="12" s="H" t="H" l="H"/>
		<a id="13" s="N" t="N.ar" l="N"/>
		<a id="14" s="C" t="C.ar" l="C"/>
		<a id="15" s="H" t="H" l="H"/>
		<a id="16" s="C" t="C.3" l="C"/>
		<a id="17" s="H" t="H" l="H"/>
		<a id="18" s="H" t="H" l="H"/>
		<a id="19" s="H" t="H" l="H"/>
	</atoms>
	<bonds>
		<b id="1" c="12 9" t="1"/>
		<b id="2" c="15 14" t="1"/>
		<b id="3" c="17 16" t="1"/>
		<b id="4" c="9 10" t="1"/>
		<b id="5" c="9 11" t="1"/>
		<b id="6" c="9 8" t="1"/>
		<b id="7" c="13 14" t="ar"/>
		<b id="8" c="13 7" t="ar"/>
		<b id="9" c="14 5" t="ar"/>
		<b id="10" c="19 16" t="1"/>
		<b id="11" c="16 18" t="1"/>
		<b id="12" c="16 4" t="1"/>
		<b id="13" c="7 8" t="1"/>
		<b id="14" c="7 6" t="ar"/>
		<b id="15" c="5 4" t="1"/>
		<b id="16" c="5 6" t="ar"/>
		<b id="17" c="4 2" t="2"/>
		<b id="18" c="2 3" t="1"/>
		<b id="19" c="2 1" t="1"/>
	</bonds>
	<geometry>
		<g u="A" t="cart/3d">#19,3:-1.8361,1.5348,2.4001;-2.5208,1.0299,1.7129;-3.5884,1.1115,1.9321;-2.0837,0.3378,0.6422;-0.6620,0.2024,0.3114;0.6317,0.8965,1.2834;1.7996,0.2345,0.1456;3.5190,0.4981,0.4034;4.1831,-0.3860,-1.0435;3.9014,-1.4468,-1.0087;5.2752,-0.2786,-0.9815;3.8077,0.0619,-1.9731;1.2779,-0.4293,-0.8452;-0.0885,-0.4512,-0.7578;-0.6554,-0.9765,-1.5283;-3.0518,-0.3485,-0.2951;-2.9592,0.0420,-1.3226;-4.0894,-0.1988,0.0352;-2.8603,-1.4337,-0.3438;</g>
	</geometry>
	<conformers/>
	<properties/>
</molecule>
