<?xml version="1.0" ?>
<!--MOLLI PACKAGE EXPERIMENTAL XML FORMAT-->
<molecule name="react_109">
	<atoms>
		<a id="1" s="H" t="H" l="H"/>
		<a id="2" s="C" t="C.2" l="C"/>
		<a id="3" s="H" t="H" l="H"/>
		<a id="4" s="C" t="C.2" l="C"/>
		<a id="5" s="C" t="C.ar" l="C"/>
		<a id="6" s="C" t="C.ar" l="C"/>
		<a id="7" s="H" t="H" l="H"/>
		<a id="8" s="S" t="S.2" l="S"/>
		<a id="9" s="C" t="C.ar" l="C"/>
		<a id="10" s="S" t="S.3" l="S"/>
		<a id="11" s="C" t="C.3" l="C"/>
		<a id="12" s="H" t="H" l="H"/>
		<a id="13" s="H" t="H" l="H"/>
		<a id="14" s="H" t="H" l="H"/>
		<a id="15" s="C" t="C.ar" l="C"/>
		<a id="16" s="H" t="H" l="H"/>
		<a id="17" s="C" t="C.3" l="C"/>
		<a id="18" s="H" t="H" l="H"/>
		<a id="19" s="H" t="H" l="H"/>
		<a id="20" s="H" t="H" l="H"/>
	</atoms>
	<bonds>
		<b id="1" c="7 6" t="1"/>
		<b id="2" c="19 17" t="1"/>
		<b id="3" c="8 6" t="ar"/>
		<b id="4" c="8 9" t="ar"/>
		<b id="5" c="6 5" t="ar"/>
		<b id="6" c="18 17" t="1"/>
		<b id="7" c="17 20" t="1"/>
		<b id="8" c="17 4" t="1"/>
		<b id="9" c="13 11" t="1"/>
		<b id="10" c="5 4" t="1"/>
		<b id="11" c="5 15" t="ar"/>
		<b id="12" c="9 15" t="ar"/>
		<b id="13" c="9 10" t="1"/>
		<b id="14" c="4 2" t="2"/>
		<b id="15" c="11 12" t="1"/>
		<b id="16" c="11 14" t="1"/>
		<b id="17" c="11 10" t="1"/>
		<b id="18" c="15 16" t="1"/>
		<b id="19" c="2 1" t="1"/>
		<b id="20" c="2 3" t="1"/>
	</bonds>
	<geometry>
		<g u="A" t="cart/3d">#20,3:-3.1703,1.3552,1.5602;-2.2147,0.8882,1.3073;-1.4803,0.8133,2.1123;-1.9765,0.4333,0.0628;-0.6943,-0.2043,-0.3131;-0.4174,-0.6979,-1.5767;-1.0675,-0.6891,-2.4500;1.1563,-1.3922,-1.6986;1.5072,-1.0053,-0.0249;3.0285,-1.4650,0.7432;4.1592,-0.1573,0.1308;3.8319,0.8361,0.4700;4.2301,-0.1771,-0.9663;5.1472,-0.3823,0.5598;0.4295,-0.3916,0.5651;0.4530,-0.0816,1.6099;-3.0252,0.5569,-1.0171;-3.3106,-0.4329,-1.4135;-2.6526,1.1487,-1.8710;-3.9333,1.0448,-0.6355;</g>
	</geometry>
	<conformers/>
	<properties/>
</molecule>
