<?xml version="1.0" ?>
<!--MOLLI PACKAGE EXPERIMENTAL XML FORMAT-->
<molecule name="react_77">
	<atoms>
		<a id="1" s="H" t="H" l="H"/>
		<a id="2" s="C" t="C.2" l="C"/>
		<a id="3" s="C" t="C.2" l="C"/>
		<a id="4" s="C" t="C.3" l="C"/>
		<a id="5" s="H" t="H" l="H"/>
		<a id="6" s="H" t="H" l="H"/>
		<a id="7" s="H" t="H" l="H"/>
		<a id="8" s="C" t="C.3" l="C"/>
		<a id="9" s="H" t="H" l="H"/>
		<a id="10" s="H" t="H" l="H"/>
		<a id="11" s="H" t="H" l="H"/>
		<a id="12" s="C" t="C.3" l="C"/>
		<a id="13" s="H" t="H" l="H"/>
		<a id="14" s="H" t="H" l="H"/>
		<a id="15" s="Cl" t="Cl" l="CL"/>
	</atoms>
	<bonds>
		<b id="1" c="11 8" t="1"/>
		<b id="2" c="5 4" t="1"/>
		<b id="3" c="8 10" t="1"/>
		<b id="4" c="8 9" t="1"/>
		<b id="5" c="8 3" t="1"/>
		<b id="6" c="4 3" t="1"/>
		<b id="7" c="4 6" t="1"/>
		<b id="8" c="4 7" t="1"/>
		<b id="9" c="3 2" t="2"/>
		<b id="10" c="15 12" t="1"/>
		<b id="11" c="13 12" t="1"/>
		<b id="12" c="2 12" t="1"/>
		<b id="13" c="2 1" t="1"/>
		<b id="14" c="12 14" t="1"/>
	</bonds>
	<geometry>
		<g u="A" t="cart/3d">#15,3:0.8882,-1.2458,1.1681;0.7122,-0.3181,0.6111;-0.4034,-0.2321,-0.1400;-1.3844,-1.3771,-0.1851;-1.5055,-1.7481,-1.2189;-2.3871,-1.0532,0.1474;-1.0675,-2.2196,0.4471;-0.7879,0.9570,-0.9833;-1.7546,1.3736,-0.6483;-0.0477,1.7680,-0.9698;-0.9315,0.6493,-2.0342;1.7727,0.7150,0.7753;1.5372,1.6683,0.2887;1.9937,0.9046,1.8354;3.3657,0.1578,0.0570;</g>
	</geometry>
	<conformers/>
	<properties/>
</molecule>
