<?xml version="1.0" ?>
<!--MOLLI PACKAGE EXPERIMENTAL XML FORMAT-->
<molecule name="react_110">
	<atoms>
		<a id="1" s="H" t="H" l="H"/>
		<a id="2" s="C" t="C.2" l="C"/>
		<a id="3" s="H" t="H" l="H"/>
		<a id="4" s="C" t="C.2" l="C"/>
		<a id="5" s="C" t="C.2" l="C"/>
		<a id="6" s="O" t="O.2" l="O"/>
		<a id="7" s="O" t="O.3" l="O"/>
		<a id="8" s="C" t="C.3" l="C"/>
		<a id="9" s="H" t="H" l="H"/>
		<a id="10" s="H" t="H" l="H"/>
		<a id="11" s="C" t="C.3" l="C"/>
		<a id="12" s="H" t="H" l="H"/>
		<a id="13" s="H" t="H" l="H"/>
		<a id="14" s="H" t="H" l="H"/>
		<a id="15" s="C" t="C.3" l="C"/>
		<a id="16" s="H" t="H" l="H"/>
		<a id="17" s="H" t="H" l="H"/>
		<a id="18" s="C" t="C.3" l="C"/>
		<a id="19" s="H" t="H" l="H"/>
		<a id="20" s="H" t="H" l="H"/>
		<a id="21" s="C" t="C.3" l="C"/>
		<a id="22" s="H" t="H" l="H"/>
		<a id="23" s="H" t="H" l="H"/>
		<a id="24" s="H" t="H" l="H"/>
	</atoms>
	<bonds>
		<b id="1" c="22 21" t="1"/>
		<b id="2" c="23 21" t="1"/>
		<b id="3" c="6 5" t="2"/>
		<b id="4" c="16 15" t="1"/>
		<b id="5" c="17 15" t="1"/>
		<b id="6" c="14 11" t="1"/>
		<b id="7" c="21 24" t="1"/>
		<b id="8" c="21 18" t="1"/>
		<b id="9" c="9 8" t="1"/>
		<b id="10" c="12 11" t="1"/>
		<b id="11" c="15 18" t="1"/>
		<b id="12" c="15 4" t="1"/>
		<b id="13" c="11 8" t="1"/>
		<b id="14" c="11 13" t="1"/>
		<b id="15" c="5 4" t="1"/>
		<b id="16" c="5 7" t="1"/>
		<b id="17" c="8 7" t="1"/>
		<b id="18" c="8 10" t="1"/>
		<b id="19" c="18 20" t="1"/>
		<b id="20" c="18 19" t="1"/>
		<b id="21" c="4 2" t="2"/>
		<b id="22" c="2 3" t="1"/>
		<b id="23" c="2 1" t="1"/>
	</bonds>
	<geometry>
		<g u="A" t="cart/3d">#24,3:-0.4706,-0.2556,2.4065;0.4118,-0.1050,1.7828;1.3587,0.0963,2.2889;0.3263,-0.1661,0.4443;-0.9882,-0.4431,-0.2263;-1.1171,-0.5131,-1.4293;-2.0095,-0.6088,0.6373;-3.3108,-0.8722,0.0852;-3.2010,-1.5210,-0.7969;-3.8421,-1.4248,0.8743;-4.0410,0.4120,-0.2747;-5.0628,0.1794,-0.6167;-4.1136,1.0817,0.5969;-3.5215,0.9417,-1.0873;1.4771,0.0275,-0.5162;1.2016,0.8362,-1.2177;1.5392,-0.8694,-1.1593;2.8424,0.3194,0.1059;3.1221,-0.5023,0.7894;2.7773,1.2271,0.7324;3.9404,0.5040,-0.9437;3.7087,1.3416,-1.6229;4.0573,-0.4000,-1.5648;4.9149,0.7143,-0.4746;</g>
	</geometry>
	<conformers/>
	<properties/>
</molecule>
