<?xml version="1.0" ?>
<!--MOLLI PACKAGE EXPERIMENTAL XML FORMAT-->
<molecule name="react_111">
	<atoms>
		<a id="1" s="H" t="H" l="H"/>
		<a id="2" s="C" t="C.2" l="C"/>
		<a id="3" s="H" t="H" l="H"/>
		<a id="4" s="C" t="C.2" l="C"/>
		<a id="5" s="C" t="C.ar" l="C"/>
		<a id="6" s="C" t="C.ar" l="C"/>
		<a id="7" s="H" t="H" l="H"/>
		<a id="8" s="C" t="C.ar" l="C"/>
		<a id="9" s="H" t="H" l="H"/>
		<a id="10" s="C" t="C.ar" l="C"/>
		<a id="11" s="H" t="H" l="H"/>
		<a id="12" s="C" t="C.ar" l="C"/>
		<a id="13" s="H" t="H" l="H"/>
		<a id="14" s="C" t="C.ar" l="C"/>
		<a id="15" s="H" t="H" l="H"/>
		<a id="16" s="C" t="C.3" l="C"/>
		<a id="17" s="F" t="F" l="F"/>
		<a id="18" s="F" t="F" l="F"/>
		<a id="19" s="F" t="F" l="F"/>
	</atoms>
	<bonds>
		<b id="1" c="15 14" t="1"/>
		<b id="2" c="13 12" t="1"/>
		<b id="3" c="18 16" t="1"/>
		<b id="4" c="14 12" t="ar"/>
		<b id="5" c="14 5" t="ar"/>
		<b id="6" c="12 10" t="ar"/>
		<b id="7" c="3 2" t="1"/>
		<b id="8" c="2 1" t="1"/>
		<b id="9" c="2 4" t="2"/>
		<b id="10" c="4 5" t="1"/>
		<b id="11" c="4 16" t="1"/>
		<b id="12" c="5 6" t="ar"/>
		<b id="13" c="10 11" t="1"/>
		<b id="14" c="10 8" t="ar"/>
		<b id="15" c="16 19" t="1"/>
		<b id="16" c="16 17" t="1"/>
		<b id="17" c="6 8" t="ar"/>
		<b id="18" c="6 7" t="1"/>
		<b id="19" c="8 9" t="1"/>
	</bonds>
	<geometry>
		<g u="A" t="cart/3d">#19,3:-3.3099,-1.1881,-0.1467;-2.2198,-1.2240,-0.1761;-1.7465,-2.2023,-0.2849;-1.4810,-0.1069,-0.0951;0.0081,-0.1023,-0.0766;0.6994,-1.1201,0.6085;0.1338,-1.8761,1.1584;2.0946,-1.1588,0.6212;2.6089,-1.9552,1.1656;2.8305,-0.1743,-0.0453;3.9233,-0.2000,-0.0320;2.1582,0.8485,-0.7202;2.7240,1.6238,-1.2437;0.7621,0.8884,-0.7357;0.2550,1.6879,-1.2768;-2.1893,1.2303,0.0096;-1.7010,1.9654,1.0226;-2.0406,1.9651,-1.1168;-3.5097,1.0989,0.2101;</g>
	</geometry>
	<conformers/>
	<properties/>
</molecule>
