<?xml version="1.0" ?>
<!--MOLLI PACKAGE EXPERIMENTAL XML FORMAT-->
<molecule name="react_112">
	<atoms>
		<a id="1" s="H" t="H" l="H"/>
		<a id="2" s="C" t="C.2" l="C"/>
		<a id="3" s="H" t="H" l="H"/>
		<a id="4" s="C" t="C.2" l="C"/>
		<a id="5" s="C" t="C.ar" l="C"/>
		<a id="6" s="C" t="C.ar" l="C"/>
		<a id="7" s="H" t="H" l="H"/>
		<a id="8" s="C" t="C.ar" l="C"/>
		<a id="9" s="H" t="H" l="H"/>
		<a id="10" s="C" t="C.ar" l="C"/>
		<a id="11" s="H" t="H" l="H"/>
		<a id="12" s="C" t="C.ar" l="C"/>
		<a id="13" s="H" t="H" l="H"/>
		<a id="14" s="C" t="C.ar" l="C"/>
		<a id="15" s="H" t="H" l="H"/>
		<a id="16" s="C" t="C.3" l="C"/>
		<a id="17" s="H" t="H" l="H"/>
		<a id="18" s="H" t="H" l="H"/>
		<a id="19" s="Br" t="Br" l="BR"/>
	</atoms>
	<bonds>
		<b id="1" c="3 2" t="1"/>
		<b id="2" c="1 2" t="1"/>
		<b id="3" c="2 4" t="2"/>
		<b id="4" c="15 14" t="1"/>
		<b id="5" c="13 12" t="1"/>
		<b id="6" c="14 12" t="ar"/>
		<b id="7" c="14 5" t="ar"/>
		<b id="8" c="12 10" t="ar"/>
		<b id="9" c="4 5" t="1"/>
		<b id="10" c="4 16" t="1"/>
		<b id="11" c="5 6" t="ar"/>
		<b id="12" c="10 11" t="1"/>
		<b id="13" c="10 8" t="ar"/>
		<b id="14" c="6 8" t="ar"/>
		<b id="15" c="6 7" t="1"/>
		<b id="16" c="8 9" t="1"/>
		<b id="17" c="17 16" t="1"/>
		<b id="18" c="18 16" t="1"/>
		<b id="19" c="16 19" t="1"/>
	</bonds>
	<geometry>
		<g u="A" t="cart/3d">#19,3:-3.3499,0.1030,-1.1067;-2.2807,0.3311,-1.0761;-1.9079,1.0551,-1.8047;-1.4634,-0.2716,-0.1915;-0.0105,0.0535,-0.1055;0.9477,-0.9310,0.2013;0.6356,-1.9596,0.3957;2.3092,-0.6223,0.2466;3.0334,-1.4076,0.4795;2.7450,0.6823,-0.0015;3.8100,0.9254,0.0409;1.8050,1.6762,-0.2921;2.1315,2.7044,-0.4706;0.4451,1.3654,-0.3399;-0.2812,2.1571,-0.5377;-2.0262,-1.3190,0.7239;-3.0726,-1.5432,0.4894;-1.4490,-2.2517,0.7191;-2.0209,-0.7478,2.6300;</g>
	</geometry>
	<conformers/>
	<properties/>
</molecule>
