<?xml version="1.0" ?>
<!--MOLLI PACKAGE EXPERIMENTAL XML FORMAT-->
<molecule name="react_113">
	<atoms>
		<a id="1" s="H" t="H" l="H"/>
		<a id="2" s="C" t="C.2" l="C"/>
		<a id="3" s="H" t="H" l="H"/>
		<a id="4" s="C" t="C.2" l="C"/>
		<a id="5" s="C" t="C.3" l="C"/>
		<a id="6" s="H" t="H" l="H"/>
		<a id="7" s="H" t="H" l="H"/>
		<a id="8" s="O" t="O.3" l="O"/>
		<a id="9" s="C" t="C.2" l="C"/>
		<a id="10" s="O" t="O.2" l="O"/>
		<a id="11" s="C" t="C.3" l="C"/>
		<a id="12" s="C" t="C.3" l="C"/>
		<a id="13" s="H" t="H" l="H"/>
		<a id="14" s="H" t="H" l="H"/>
		<a id="15" s="H" t="H" l="H"/>
		<a id="16" s="C" t="C.3" l="C"/>
		<a id="17" s="H" t="H" l="H"/>
		<a id="18" s="H" t="H" l="H"/>
		<a id="19" s="H" t="H" l="H"/>
		<a id="20" s="C" t="C.3" l="C"/>
		<a id="21" s="H" t="H" l="H"/>
		<a id="22" s="H" t="H" l="H"/>
		<a id="23" s="H" t="H" l="H"/>
		<a id="24" s="C" t="C.3" l="C"/>
		<a id="25" s="H" t="H" l="H"/>
		<a id="26" s="H" t="H" l="H"/>
		<a id="27" s="C" t="C.3" l="C"/>
		<a id="28" s="H" t="H" l="H"/>
		<a id="29" s="H" t="H" l="H"/>
		<a id="30" s="H" t="H" l="H"/>
	</atoms>
	<bonds>
		<b id="1" c="3 2" t="1"/>
		<b id="2" c="28 27" t="1"/>
		<b id="3" c="1 2" t="1"/>
		<b id="4" c="29 27" t="1"/>
		<b id="5" c="2 4" t="2"/>
		<b id="6" c="27 30" t="1"/>
		<b id="7" c="27 24" t="1"/>
		<b id="8" c="15 12" t="1"/>
		<b id="9" c="17 16" t="1"/>
		<b id="10" c="14 12" t="1"/>
		<b id="11" c="4 24" t="1"/>
		<b id="12" c="4 5" t="1"/>
		<b id="13" c="18 16" t="1"/>
		<b id="14" c="12 13" t="1"/>
		<b id="15" c="12 11" t="1"/>
		<b id="16" c="24 25" t="1"/>
		<b id="17" c="24 26" t="1"/>
		<b id="18" c="16 19" t="1"/>
		<b id="19" c="16 11" t="1"/>
		<b id="20" c="8 5" t="1"/>
		<b id="21" c="8 9" t="1"/>
		<b id="22" c="5 6" t="1"/>
		<b id="23" c="5 7" t="1"/>
		<b id="24" c="11 9" t="1"/>
		<b id="25" c="11 20" t="1"/>
		<b id="26" c="9 10" t="2"/>
		<b id="27" c="21 20" t="1"/>
		<b id="28" c="20 23" t="1"/>
		<b id="29" c="20 22" t="1"/>
	</bonds>
	<geometry>
		<g u="A" t="cart/3d">#30,3:0.5488,-0.3821,-1.9350;1.5927,-0.6151,-1.7191;2.2332,-0.8771,-2.5638;2.0617,-0.5790,-0.4661;1.1946,-0.2228,0.7154;1.6102,0.6493,1.2526;1.1844,-1.0476,1.4510;-0.1437,0.0658,0.3116;-1.0174,0.3846,1.2906;-0.7015,0.4259,2.4550;-2.4183,0.6787,0.7354;-2.3285,1.8725,-0.2401;-1.9479,2.7739,0.2675;-3.3296,2.1075,-0.6371;-1.6640,1.6510,-1.0881;-2.9358,-0.5710,-0.0100;-2.2825,-0.8364,-0.8540;-3.9477,-0.3797,-0.4030;-2.9960,-1.4412,0.6640;-3.3494,1.0207,1.9082;-4.3623,1.2395,1.5337;-3.4146,0.1854,2.6214;-2.9861,1.8987,2.4629;3.4928,-0.8850,-0.0730;3.8998,-0.0036,0.4597;3.4764,-1.6870,0.6903;4.4434,-1.2788,-1.2013;4.5342,-0.4787,-1.9535;4.1022,-2.1896,-1.7193;5.4509,-1.4785,-0.8040;</g>
	</geometry>
	<conformers/>
	<properties/>
</molecule>
