<?xml version="1.0" ?>
<!--MOLLI PACKAGE EXPERIMENTAL XML FORMAT-->
<molecule name="react_115">
	<atoms>
		<a id="1" s="H" t="H" l="H"/>
		<a id="2" s="C" t="C.2" l="C"/>
		<a id="3" s="H" t="H" l="H"/>
		<a id="4" s="C" t="C.2" l="C"/>
		<a id="5" s="C" t="C.ar" l="C"/>
		<a id="6" s="C" t="C.ar" l="C"/>
		<a id="7" s="H" t="H" l="H"/>
		<a id="8" s="C" t="C.ar" l="C"/>
		<a id="9" s="H" t="H" l="H"/>
		<a id="10" s="C" t="C.ar" l="C"/>
		<a id="11" s="H" t="H" l="H"/>
		<a id="12" s="C" t="C.ar" l="C"/>
		<a id="13" s="H" t="H" l="H"/>
		<a id="14" s="C" t="C.ar" l="C"/>
		<a id="15" s="H" t="H" l="H"/>
		<a id="16" s="C" t="C.3" l="C"/>
		<a id="17" s="H" t="H" l="H"/>
		<a id="18" s="H" t="H" l="H"/>
		<a id="19" s="O" t="O.3" l="O"/>
		<a id="20" s="C" t="C.3" l="C"/>
		<a id="21" s="H" t="H" l="H"/>
		<a id="22" s="H" t="H" l="H"/>
		<a id="23" s="H" t="H" l="H"/>
	</atoms>
	<bonds>
		<b id="1" c="22 20" t="1"/>
		<b id="2" c="9 8" t="1"/>
		<b id="3" c="7 6" t="1"/>
		<b id="4" c="19 20" t="1"/>
		<b id="5" c="19 16" t="1"/>
		<b id="6" c="20 23" t="1"/>
		<b id="7" c="20 21" t="1"/>
		<b id="8" c="8 6" t="ar"/>
		<b id="9" c="8 10" t="ar"/>
		<b id="10" c="6 5" t="ar"/>
		<b id="11" c="11 10" t="1"/>
		<b id="12" c="10 12" t="ar"/>
		<b id="13" c="5 4" t="1"/>
		<b id="14" c="5 14" t="ar"/>
		<b id="15" c="4 16" t="1"/>
		<b id="16" c="4 2" t="2"/>
		<b id="17" c="1 2" t="1"/>
		<b id="18" c="16 18" t="1"/>
		<b id="19" c="16 17" t="1"/>
		<b id="20" c="2 3" t="1"/>
		<b id="21" c="12 14" t="ar"/>
		<b id="22" c="12 13" t="1"/>
		<b id="23" c="14 15" t="1"/>
	</bonds>
	<geometry>
		<g u="A" t="cart/3d">#23,3:0.1960,-3.0529,0.3629;0.9656,-2.2797,0.4321;1.9964,-2.6193,0.5675;0.6732,-0.9709,0.3357;-0.7246,-0.4763,0.1843;-1.0103,0.6879,-0.5570;-0.1900,1.2176,-1.0431;-2.3237,1.1436,-0.6979;-2.5215,2.0447,-1.2853;-3.3814,0.4532,-0.0993;-4.4081,0.8130,-0.2085;-3.1132,-0.6988,0.6474;-3.9300,-1.2403,1.1327;-1.8016,-1.1548,0.7897;-1.6040,-2.0384,1.4015;1.7942,0.0467,0.4101;1.5236,0.8526,1.1256;2.7089,-0.4426,0.8016;2.0526,0.6023,-0.8654;3.0644,1.5753,-0.8523;2.8056,2.4383,-0.2043;3.1978,1.9367,-1.8827;4.0302,1.1619,-0.4953;</g>
	</geometry>
	<conformers/>
	<properties/>
</molecule>
