<?xml version="1.0" ?>
<!--MOLLI PACKAGE EXPERIMENTAL XML FORMAT-->
<molecule name="react_116">
	<atoms>
		<a id="1" s="H" t="H" l="H"/>
		<a id="2" s="C" t="C.2" l="C"/>
		<a id="3" s="H" t="H" l="H"/>
		<a id="4" s="C" t="C.2" l="C"/>
		<a id="5" s="C" t="C.2" l="C"/>
		<a id="6" s="O" t="O.2" l="O"/>
		<a id="7" s="O" t="O.3" l="O"/>
		<a id="8" s="C" t="C.3" l="C"/>
		<a id="9" s="H" t="H" l="H"/>
		<a id="10" s="H" t="H" l="H"/>
		<a id="11" s="H" t="H" l="H"/>
		<a id="12" s="C" t="C.ar" l="C"/>
		<a id="13" s="C" t="C.ar" l="C"/>
		<a id="14" s="H" t="H" l="H"/>
		<a id="15" s="C" t="C.ar" l="C"/>
		<a id="16" s="H" t="H" l="H"/>
		<a id="17" s="C" t="C.ar" l="C"/>
		<a id="18" s="H" t="H" l="H"/>
		<a id="19" s="C" t="C.ar" l="C"/>
		<a id="20" s="H" t="H" l="H"/>
		<a id="21" s="C" t="C.ar" l="C"/>
		<a id="22" s="H" t="H" l="H"/>
	</atoms>
	<bonds>
		<b id="1" c="9 8" t="1"/>
		<b id="2" c="20 19" t="1"/>
		<b id="3" c="22 21" t="1"/>
		<b id="4" c="6 5" t="2"/>
		<b id="5" c="10 8" t="1"/>
		<b id="6" c="8 11" t="1"/>
		<b id="7" c="8 7" t="1"/>
		<b id="8" c="19 21" t="ar"/>
		<b id="9" c="19 17" t="ar"/>
		<b id="10" c="21 12" t="ar"/>
		<b id="11" c="5 7" t="1"/>
		<b id="12" c="5 4" t="1"/>
		<b id="13" c="18 17" t="1"/>
		<b id="14" c="17 15" t="ar"/>
		<b id="15" c="12 4" t="1"/>
		<b id="16" c="12 13" t="ar"/>
		<b id="17" c="4 2" t="2"/>
		<b id="18" c="15 13" t="ar"/>
		<b id="19" c="15 16" t="1"/>
		<b id="20" c="13 14" t="1"/>
		<b id="21" c="2 1" t="1"/>
		<b id="22" c="2 3" t="1"/>
	</bonds>
	<geometry>
		<g u="A" t="cart/3d">#22,3:2.4440,0.1977,1.7937;1.3963,0.4586,1.6407;0.8981,1.0521,2.4115;0.7389,0.0765,0.5284;1.4631,-0.6994,-0.5395;0.9759,-1.0570,-1.5873;2.7427,-0.9667,-0.2098;3.4967,-1.7091,-1.1659;3.5574,-1.1690,-2.1235;3.0356,-2.6914,-1.3526;4.4982,-1.8344,-0.7350;-0.7034,0.3831,0.3140;-1.6060,0.2885,1.3907;-1.2474,-0.0673,2.3600;-2.9544,0.6153,1.2319;-3.6373,0.5272,2.0813;-3.4303,1.0408,-0.0117;-4.4864,1.2930,-0.1405;-2.5473,1.1313,-1.0922;-2.9110,1.4606,-2.0694;-1.1993,0.8017,-0.9360;-0.5241,0.8677,-1.7888;</g>
	</geometry>
	<conformers/>
	<properties/>
</molecule>
