<?xml version="1.0" ?>
<!--MOLLI PACKAGE EXPERIMENTAL XML FORMAT-->
<molecule name="react_117">
	<atoms>
		<a id="1" s="H" t="H" l="H"/>
		<a id="2" s="C" t="C.2" l="C"/>
		<a id="3" s="H" t="H" l="H"/>
		<a id="4" s="C" t="C.2" l="C"/>
		<a id="5" s="C" t="C.2" l="C"/>
		<a id="6" s="O" t="O.2" l="O"/>
		<a id="7" s="O" t="O.3" l="O"/>
		<a id="8" s="C" t="C.3" l="C"/>
		<a id="9" s="H" t="H" l="H"/>
		<a id="10" s="H" t="H" l="H"/>
		<a id="11" s="H" t="H" l="H"/>
		<a id="12" s="C" t="C.ar" l="C"/>
		<a id="13" s="C" t="C.ar" l="C"/>
		<a id="14" s="H" t="H" l="H"/>
		<a id="15" s="C" t="C.ar" l="C"/>
		<a id="16" s="H" t="H" l="H"/>
		<a id="17" s="C" t="C.ar" l="C"/>
		<a id="18" s="N" t="N.pl3" l="N"/>
		<a id="19" s="O" t="O.2" l="O"/>
		<a id="20" s="O" t="O.2" l="O"/>
		<a id="21" s="C" t="C.ar" l="C"/>
		<a id="22" s="H" t="H" l="H"/>
		<a id="23" s="C" t="C.ar" l="C"/>
		<a id="24" s="H" t="H" l="H"/>
	</atoms>
	<bonds>
		<b id="1" c="3 2" t="1"/>
		<b id="2" c="1 2" t="1"/>
		<b id="3" c="2 4" t="2"/>
		<b id="4" c="14 13" t="1"/>
		<b id="5" c="16 15" t="1"/>
		<b id="6" c="13 15" t="ar"/>
		<b id="7" c="13 12" t="ar"/>
		<b id="8" c="15 17" t="ar"/>
		<b id="9" c="4 12" t="1"/>
		<b id="10" c="4 5" t="1"/>
		<b id="11" c="12 23" t="ar"/>
		<b id="12" c="19 18" t="2"/>
		<b id="13" c="17 18" t="1"/>
		<b id="14" c="17 21" t="ar"/>
		<b id="15" c="7 5" t="1"/>
		<b id="16" c="7 8" t="1"/>
		<b id="17" c="18 20" t="2"/>
		<b id="18" c="23 21" t="ar"/>
		<b id="19" c="23 24" t="1"/>
		<b id="20" c="5 6" t="2"/>
		<b id="21" c="21 22" t="1"/>
		<b id="22" c="10 8" t="1"/>
		<b id="23" c="8 9" t="1"/>
		<b id="24" c="8 11" t="1"/>
	</bonds>
	<geometry>
		<g u="A" t="cart/3d">#24,3:2.7326,-0.1056,-2.1467;1.6589,-0.1646,-1.9645;1.0045,-0.3530,-2.8194;1.1556,0.0112,-0.7277;2.0739,0.3151,0.4267;1.7063,0.5325,1.5583;3.3699,0.3191,0.0683;4.3127,0.5869,1.1075;4.1342,1.5780,1.5519;5.3029,0.5522,0.6365;4.2408,-0.1693,1.9041;-0.3038,-0.0926,-0.4479;-1.0655,-1.0983,-1.0764;-0.5673,-1.8286,-1.7178;-2.4405,-1.1965,-0.8746;-3.0382,-1.9741,-1.3497;-3.0598,-0.2760,-0.0290;-4.5181,-0.3708,0.1914;-5.1170,-1.2712,-0.3757;-5.0333,0.4579,0.9249;-2.3370,0.7271,0.6181;-2.8602,1.4248,1.2719;-0.9617,0.8108,0.4114;-0.3903,1.5848,0.9218;</g>
	</geometry>
	<conformers/>
	<properties/>
</molecule>
