<?xml version="1.0" ?>
<!--MOLLI PACKAGE EXPERIMENTAL XML FORMAT-->
<molecule name="react_118">
	<atoms>
		<a id="1" s="H" t="H" l="H"/>
		<a id="2" s="C" t="C.2" l="C"/>
		<a id="3" s="H" t="H" l="H"/>
		<a id="4" s="C" t="C.2" l="C"/>
		<a id="5" s="C" t="C.ar" l="C"/>
		<a id="6" s="C" t="C.ar" l="C"/>
		<a id="7" s="H" t="H" l="H"/>
		<a id="8" s="C" t="C.ar" l="C"/>
		<a id="9" s="H" t="H" l="H"/>
		<a id="10" s="C" t="C.ar" l="C"/>
		<a id="11" s="H" t="H" l="H"/>
		<a id="12" s="C" t="C.ar" l="C"/>
		<a id="13" s="H" t="H" l="H"/>
		<a id="14" s="C" t="C.ar" l="C"/>
		<a id="15" s="H" t="H" l="H"/>
		<a id="16" s="C" t="C.3" l="C"/>
		<a id="17" s="H" t="H" l="H"/>
		<a id="18" s="H" t="H" l="H"/>
		<a id="19" s="C" t="C.3" l="C"/>
		<a id="20" s="H" t="H" l="H"/>
		<a id="21" s="H" t="H" l="H"/>
		<a id="22" s="H" t="H" l="H"/>
	</atoms>
	<bonds>
		<b id="1" c="9 8" t="1"/>
		<b id="2" c="7 6" t="1"/>
		<b id="3" c="18 16" t="1"/>
		<b id="4" c="8 6" t="ar"/>
		<b id="5" c="8 10" t="ar"/>
		<b id="6" c="6 5" t="ar"/>
		<b id="7" c="21 19" t="1"/>
		<b id="8" c="11 10" t="1"/>
		<b id="9" c="20 19" t="1"/>
		<b id="10" c="10 12" t="ar"/>
		<b id="11" c="16 19" t="1"/>
		<b id="12" c="16 4" t="1"/>
		<b id="13" c="16 17" t="1"/>
		<b id="14" c="5 4" t="1"/>
		<b id="15" c="5 14" t="ar"/>
		<b id="16" c="19 22" t="1"/>
		<b id="17" c="4 2" t="2"/>
		<b id="18" c="2 1" t="1"/>
		<b id="19" c="2 3" t="1"/>
		<b id="20" c="12 14" t="ar"/>
		<b id="21" c="12 13" t="1"/>
		<b id="22" c="14 15" t="1"/>
	</bonds>
	<geometry>
		<g u="A" t="cart/3d">#22,3:-2.5023,-1.6850,0.6535;-1.4257,-1.5478,0.5346;-0.7992,-2.4187,0.7426;-0.8948,-0.3792,0.1320;0.5852,-0.2112,0.0101;1.1543,0.6136,-0.9804;0.5104,1.1411,-1.6873;2.5397,0.7560,-1.0968;2.9522,1.3947,-1.8829;3.3949,0.0871,-0.2170;4.4785,0.2031,-0.3041;2.8481,-0.7244,0.7828;3.5042,-1.2415,1.4888;1.4643,-0.8674,0.8955;1.0524,-1.4810,1.7003;-1.7485,0.8290,-0.2151;-1.3452,1.7004,0.3330;-1.5943,1.0738,-1.2823;-3.2484,0.7079,0.0481;-3.7609,1.6454,-0.2200;-3.7055,-0.1001,-0.5457;-3.4593,0.5042,1.1105;</g>
	</geometry>
	<conformers/>
	<properties/>
</molecule>
