<?xml version="1.0" ?>
<!--MOLLI PACKAGE EXPERIMENTAL XML FORMAT-->
<molecule name="react_119">
	<atoms>
		<a id="1" s="H" t="H" l="H"/>
		<a id="2" s="C" t="C.2" l="C"/>
		<a id="3" s="H" t="H" l="H"/>
		<a id="4" s="C" t="C.2" l="C"/>
		<a id="5" s="C" t="C.ar" l="C"/>
		<a id="6" s="C" t="C.ar" l="C"/>
		<a id="7" s="H" t="H" l="H"/>
		<a id="8" s="C" t="C.ar" l="C"/>
		<a id="9" s="H" t="H" l="H"/>
		<a id="10" s="C" t="C.ar" l="C"/>
		<a id="11" s="H" t="H" l="H"/>
		<a id="12" s="C" t="C.ar" l="C"/>
		<a id="13" s="H" t="H" l="H"/>
		<a id="14" s="C" t="C.ar" l="C"/>
		<a id="15" s="C" t="C.3" l="C"/>
		<a id="16" s="H" t="H" l="H"/>
		<a id="17" s="H" t="H" l="H"/>
		<a id="18" s="C" t="C.3" l="C"/>
		<a id="19" s="H" t="H" l="H"/>
		<a id="20" s="H" t="H" l="H"/>
	</atoms>
	<bonds>
		<b id="1" c="16 15" t="1"/>
		<b id="2" c="13 12" t="1"/>
		<b id="3" c="20 18" t="1"/>
		<b id="4" c="15 14" t="1"/>
		<b id="5" c="15 18" t="1"/>
		<b id="6" c="15 17" t="1"/>
		<b id="7" c="12 14" t="ar"/>
		<b id="8" c="12 10" t="ar"/>
		<b id="9" c="11 10" t="1"/>
		<b id="10" c="14 5" t="ar"/>
		<b id="11" c="10 8" t="ar"/>
		<b id="12" c="18 4" t="1"/>
		<b id="13" c="18 19" t="1"/>
		<b id="14" c="5 4" t="1"/>
		<b id="15" c="5 6" t="ar"/>
		<b id="16" c="8 9" t="1"/>
		<b id="17" c="8 6" t="ar"/>
		<b id="18" c="4 2" t="2"/>
		<b id="19" c="6 7" t="1"/>
		<b id="20" c="2 3" t="1"/>
		<b id="21" c="2 1" t="1"/>
	</bonds>
	<geometry>
		<g u="A" t="cart/3d">#20,3:-2.0354,2.4326,0.4175;-2.3652,1.3923,0.3472;-3.4424,1.2107,0.4015;-1.4919,0.3841,0.1992;-0.0224,0.4836,0.1000;0.8118,1.5983,0.2682;0.3892,2.5757,0.5157;2.1924,1.4447,0.1258;2.8523,2.3061,0.2599;2.7401,0.1898,-0.1825;3.8232,0.0818,-0.2872;1.9103,-0.9236,-0.3546;2.3421,-1.8991,-0.5975;0.5288,-0.7736,-0.2128;-0.5576,-1.8137,-0.3797;-0.6357,-2.1179,-1.4392;-0.3458,-2.7341,0.1891;-1.8462,-1.0981,0.0998;-2.1426,-1.4687,1.0965;-2.7051,-1.2710,-0.5670;</g>
	</geometry>
	<conformers/>
	<properties/>
</molecule>
