<?xml version="1.0" ?>
<!--MOLLI PACKAGE EXPERIMENTAL XML FORMAT-->
<molecule name="react_120">
	<atoms>
		<a id="1" s="H" t="H" l="H"/>
		<a id="2" s="C" t="C.2" l="C"/>
		<a id="3" s="H" t="H" l="H"/>
		<a id="4" s="C" t="C.2" l="C"/>
		<a id="5" s="C" t="C.3" l="C"/>
		<a id="6" s="H" t="H" l="H"/>
		<a id="7" s="H" t="H" l="H"/>
		<a id="8" s="H" t="H" l="H"/>
		<a id="9" s="C" t="C.3" l="C"/>
		<a id="10" s="H" t="H" l="H"/>
		<a id="11" s="H" t="H" l="H"/>
		<a id="12" s="O" t="O.3" l="O"/>
		<a id="13" s="C" t="C.ar" l="C"/>
		<a id="14" s="C" t="C.ar" l="C"/>
		<a id="15" s="H" t="H" l="H"/>
		<a id="16" s="C" t="C.ar" l="C"/>
		<a id="17" s="H" t="H" l="H"/>
		<a id="18" s="C" t="C.ar" l="C"/>
		<a id="19" s="H" t="H" l="H"/>
		<a id="20" s="C" t="C.ar" l="C"/>
		<a id="21" s="H" t="H" l="H"/>
		<a id="22" s="C" t="C.ar" l="C"/>
		<a id="23" s="H" t="H" l="H"/>
	</atoms>
	<bonds>
		<b id="1" c="15 14" t="1"/>
		<b id="2" c="17 16" t="1"/>
		<b id="3" c="14 16" t="ar"/>
		<b id="4" c="14 13" t="ar"/>
		<b id="5" c="16 18" t="ar"/>
		<b id="6" c="12 13" t="1"/>
		<b id="7" c="12 9" t="1"/>
		<b id="8" c="3 2" t="1"/>
		<b id="9" c="13 22" t="ar"/>
		<b id="10" c="1 2" t="1"/>
		<b id="11" c="6 5" t="1"/>
		<b id="12" c="18 19" t="1"/>
		<b id="13" c="18 20" t="ar"/>
		<b id="14" c="2 4" t="2"/>
		<b id="15" c="11 9" t="1"/>
		<b id="16" c="4 5" t="1"/>
		<b id="17" c="4 9" t="1"/>
		<b id="18" c="7 5" t="1"/>
		<b id="19" c="5 8" t="1"/>
		<b id="20" c="9 10" t="1"/>
		<b id="21" c="22 20" t="ar"/>
		<b id="22" c="22 23" t="1"/>
		<b id="23" c="20 21" t="1"/>
	</bonds>
	<geometry>
		<g u="A" t="cart/3d">#23,3:-4.5192,-1.0750,-0.2831;-3.4527,-1.2846,-0.1574;-3.1273,-2.3162,-0.3227;-2.5875,-0.3220,0.1882;-2.9876,1.1129,0.4053;-2.4293,1.7731,-0.2780;-4.0648,1.2636,0.2425;-2.7398,1.4410,1.4307;-1.1310,-0.6452,0.4172;-0.8810,-0.4989,1.4884;-0.9218,-1.7004,0.1652;-0.3346,0.2250,-0.3751;1.0204,0.1652,-0.2873;1.7313,1.0847,-1.0803;1.1627,1.7770,-1.7052;3.1235,1.0989,-1.0585;3.6621,1.8198,-1.6799;3.8336,0.2007,-0.2496;4.9259,0.2141,-0.2343;3.1264,-0.7109,0.5346;3.6650,-1.4197,1.1701;1.7255,-0.7385,0.5238;1.2002,-1.4641,1.1454;</g>
	</geometry>
	<conformers/>
	<properties/>
</molecule>
