<?xml version="1.0" ?>
<!--MOLLI PACKAGE EXPERIMENTAL XML FORMAT-->
<molecule name="react_78">
	<atoms>
		<a id="1" s="H" t="H" l="H"/>
		<a id="2" s="C" t="C.2" l="C"/>
		<a id="3" s="C" t="C.2" l="C"/>
		<a id="4" s="C" t="C.3" l="C"/>
		<a id="5" s="H" t="H" l="H"/>
		<a id="6" s="H" t="H" l="H"/>
		<a id="7" s="C" t="C.1" l="C"/>
		<a id="8" s="N" t="N.1" l="N"/>
		<a id="9" s="C" t="C.3" l="C"/>
		<a id="10" s="H" t="H" l="H"/>
		<a id="11" s="H" t="H" l="H"/>
		<a id="12" s="C" t="C.3" l="C"/>
		<a id="13" s="H" t="H" l="H"/>
		<a id="14" s="H" t="H" l="H"/>
		<a id="15" s="C" t="C.3" l="C"/>
		<a id="16" s="H" t="H" l="H"/>
		<a id="17" s="H" t="H" l="H"/>
	</atoms>
	<bonds>
		<b id="1" c="17 15" t="1"/>
		<b id="2" c="6 4" t="1"/>
		<b id="3" c="10 9" t="1"/>
		<b id="4" c="8 7" t="3"/>
		<b id="5" c="7 4" t="1"/>
		<b id="6" c="1 2" t="1"/>
		<b id="7" c="2 15" t="1"/>
		<b id="8" c="2 3" t="2"/>
		<b id="9" c="4 3" t="1"/>
		<b id="10" c="4 5" t="1"/>
		<b id="11" c="15 12" t="1"/>
		<b id="12" c="15 16" t="1"/>
		<b id="13" c="14 12" t="1"/>
		<b id="14" c="3 9" t="1"/>
		<b id="15" c="9 12" t="1"/>
		<b id="16" c="9 11" t="1"/>
		<b id="17" c="12 13" t="1"/>
	</bonds>
	<geometry>
		<g u="A" t="cart/3d">#17,3:0.4142,-2.0413,-0.2778;-0.1079,-1.0917,-0.1335;0.4972,0.1013,-0.0430;1.9748,0.4001,-0.1144;2.3010,0.9267,0.8020;2.1798,1.1021,-0.9446;2.8244,-0.7803,-0.2927;3.4898,-1.7181,-0.4337;-0.5078,1.2281,0.0931;-0.5670,1.8010,-0.8535;-0.2283,1.9580,0.8737;-1.8297,0.4879,0.4110;-1.9944,0.4906,1.5007;-2.7085,0.9651,-0.0486;-1.6109,-0.9696,-0.0701;-2.0741,-1.7124,0.6016;-2.0524,-1.1474,-1.0702;</g>
	</geometry>
	<conformers/>
	<properties/>
</molecule>
