<?xml version="1.0" ?>
<!--MOLLI PACKAGE EXPERIMENTAL XML FORMAT-->
<molecule name="react_121">
	<atoms>
		<a id="1" s="H" t="H" l="H"/>
		<a id="2" s="C" t="C.2" l="C"/>
		<a id="3" s="H" t="H" l="H"/>
		<a id="4" s="C" t="C.2" l="C"/>
		<a id="5" s="C" t="C.ar" l="C"/>
		<a id="6" s="C" t="C.ar" l="C"/>
		<a id="7" s="H" t="H" l="H"/>
		<a id="8" s="C" t="C.ar" l="C"/>
		<a id="9" s="H" t="H" l="H"/>
		<a id="10" s="C" t="C.ar" l="C"/>
		<a id="11" s="H" t="H" l="H"/>
		<a id="12" s="C" t="C.ar" l="C"/>
		<a id="13" s="H" t="H" l="H"/>
		<a id="14" s="C" t="C.ar" l="C"/>
		<a id="15" s="H" t="H" l="H"/>
		<a id="16" s="C" t="C.3" l="C"/>
		<a id="17" s="H" t="H" l="H"/>
		<a id="18" s="C" t="C.3" l="C"/>
		<a id="19" s="H" t="H" l="H"/>
		<a id="20" s="H" t="H" l="H"/>
		<a id="21" s="C" t="C.3" l="C"/>
		<a id="22" s="H" t="H" l="H"/>
		<a id="23" s="H" t="H" l="H"/>
	</atoms>
	<bonds>
		<b id="1" c="1 2" t="1"/>
		<b id="2" c="17 16" t="1"/>
		<b id="3" c="3 2" t="1"/>
		<b id="4" c="2 4" t="2"/>
		<b id="5" c="15 14" t="1"/>
		<b id="6" c="4 5" t="1"/>
		<b id="7" c="4 16" t="1"/>
		<b id="8" c="14 5" t="ar"/>
		<b id="9" c="14 12" t="ar"/>
		<b id="10" c="5 6" t="ar"/>
		<b id="11" c="16 21" t="1"/>
		<b id="12" c="16 18" t="1"/>
		<b id="13" c="13 12" t="1"/>
		<b id="14" c="12 10" t="ar"/>
		<b id="15" c="22 21" t="1"/>
		<b id="16" c="6 7" t="1"/>
		<b id="17" c="6 8" t="ar"/>
		<b id="18" c="10 8" t="ar"/>
		<b id="19" c="10 11" t="1"/>
		<b id="20" c="8 9" t="1"/>
		<b id="21" c="21 23" t="1"/>
		<b id="22" c="21 18" t="1"/>
		<b id="23" c="18 20" t="1"/>
		<b id="24" c="18 19" t="1"/>
	</bonds>
	<geometry>
		<g u="A" t="cart/3d">#23,3:0.4795,-2.6372,-1.0309;-0.4644,-2.1286,-0.8220;-1.3759,-2.7172,-0.9502;-0.5212,-0.8360,-0.4516;0.7053,-0.0021,-0.2740;1.9706,-0.5848,-0.0540;2.0598,-1.6705,0.0236;3.1149,0.1987,0.0943;4.0805,-0.2837,0.2694;3.0294,1.5942,0.0326;3.9257,2.2088,0.1512;1.7834,2.1919,-0.1701;1.6983,3.2813,-0.2141;0.6374,1.4047,-0.3142;-0.3243,1.8971,-0.4663;-1.8482,-0.1615,-0.2330;-2.0898,0.5902,-0.9955;-2.3369,0.1707,1.1597;-1.7217,-0.1640,2.0005;-2.8377,1.1299,1.3226;-3.0353,-0.8880,0.3423;-4.0242,-0.6638,-0.0683;-2.9051,-1.9298,0.6482;</g>
	</geometry>
	<conformers/>
	<properties/>
</molecule>
