<?xml version="1.0" ?>
<!--MOLLI PACKAGE EXPERIMENTAL XML FORMAT-->
<molecule name="react_122">
	<atoms>
		<a id="1" s="H" t="H" l="H"/>
		<a id="2" s="C" t="C.2" l="C"/>
		<a id="3" s="H" t="H" l="H"/>
		<a id="4" s="C" t="C.2" l="C"/>
		<a id="5" s="C" t="C.ar" l="C"/>
		<a id="6" s="C" t="C.ar" l="C"/>
		<a id="7" s="H" t="H" l="H"/>
		<a id="8" s="C" t="C.ar" l="C"/>
		<a id="9" s="H" t="H" l="H"/>
		<a id="10" s="C" t="C.ar" l="C"/>
		<a id="11" s="H" t="H" l="H"/>
		<a id="12" s="C" t="C.ar" l="C"/>
		<a id="13" s="H" t="H" l="H"/>
		<a id="14" s="C" t="C.ar" l="C"/>
		<a id="15" s="H" t="H" l="H"/>
		<a id="16" s="C" t="C.3" l="C"/>
		<a id="17" s="H" t="H" l="H"/>
		<a id="18" s="H" t="H" l="H"/>
		<a id="19" s="O" t="O.3" l="O"/>
		<a id="20" s="C" t="C.2" l="C"/>
		<a id="21" s="O" t="O.2" l="O"/>
		<a id="22" s="C" t="C.3" l="C"/>
		<a id="23" s="H" t="H" l="H"/>
		<a id="24" s="H" t="H" l="H"/>
		<a id="25" s="H" t="H" l="H"/>
	</atoms>
	<bonds>
		<b id="1" c="25 22" t="1"/>
		<b id="2" c="18 16" t="1"/>
		<b id="3" c="23 22" t="1"/>
		<b id="4" c="22 20" t="1"/>
		<b id="5" c="22 24" t="1"/>
		<b id="6" c="15 14" t="1"/>
		<b id="7" c="20 19" t="1"/>
		<b id="8" c="20 21" t="2"/>
		<b id="9" c="19 16" t="1"/>
		<b id="10" c="13 12" t="1"/>
		<b id="11" c="16 4" t="1"/>
		<b id="12" c="16 17" t="1"/>
		<b id="13" c="14 12" t="ar"/>
		<b id="14" c="14 5" t="ar"/>
		<b id="15" c="12 10" t="ar"/>
		<b id="16" c="4 5" t="1"/>
		<b id="17" c="4 2" t="2"/>
		<b id="18" c="3 2" t="1"/>
		<b id="19" c="5 6" t="ar"/>
		<b id="20" c="2 1" t="1"/>
		<b id="21" c="10 11" t="1"/>
		<b id="22" c="10 8" t="ar"/>
		<b id="23" c="6 8" t="ar"/>
		<b id="24" c="6 7" t="1"/>
		<b id="25" c="8 9" t="1"/>
	</bonds>
	<geometry>
		<g u="A" t="cart/3d">#25,3:-0.7982,-2.6117,0.5209;0.0478,-1.9751,0.2521;1.0222,-2.4496,0.1298;-0.0990,-0.6491,0.0966;-1.4181,0.0332,0.2211;-1.5227,1.3530,0.7040;-0.6270,1.8994,1.0072;-2.7658,1.9791,0.8312;-2.8182,3.0005,1.2176;-3.9354,1.3053,0.4709;-4.9073,1.7964,0.5671;-3.8493,-0.0007,-0.0237;-4.7555,-0.5337,-0.3244;-2.6081,-0.6248,-0.1513;-2.5529,-1.6331,-0.5680;1.0766,0.2455,-0.2232;1.2593,0.9748,0.5834;0.8714,0.8424,-1.1302;2.2587,-0.5289,-0.4231;3.4293,0.1459,-0.4704;3.5086,1.3425,-0.3482;4.5870,-0.7961,-0.6932;5.5232,-0.2262,-0.7272;4.6275,-1.5411,0.1168;4.4461,-1.3478,-1.6358;</g>
	</geometry>
	<conformers/>
	<properties/>
</molecule>
