<?xml version="1.0" ?>
<!--MOLLI PACKAGE EXPERIMENTAL XML FORMAT-->
<molecule name="react_123">
	<atoms>
		<a id="1" s="H" t="H" l="H"/>
		<a id="2" s="C" t="C.2" l="C"/>
		<a id="3" s="H" t="H" l="H"/>
		<a id="4" s="C" t="C.2" l="C"/>
		<a id="5" s="C" t="C.ar" l="C"/>
		<a id="6" s="C" t="C.ar" l="C"/>
		<a id="7" s="H" t="H" l="H"/>
		<a id="8" s="C" t="C.ar" l="C"/>
		<a id="9" s="H" t="H" l="H"/>
		<a id="10" s="C" t="C.ar" l="C"/>
		<a id="11" s="F" t="F" l="F"/>
		<a id="12" s="C" t="C.ar" l="C"/>
		<a id="13" s="H" t="H" l="H"/>
		<a id="14" s="C" t="C.ar" l="C"/>
		<a id="15" s="F" t="F" l="F"/>
		<a id="16" s="C" t="C.3" l="C"/>
		<a id="17" s="H" t="H" l="H"/>
		<a id="18" s="H" t="H" l="H"/>
		<a id="19" s="O" t="O.3" l="O"/>
		<a id="20" s="C" t="C.2" l="C"/>
		<a id="21" s="O" t="O.2" l="O"/>
		<a id="22" s="C" t="C.3" l="C"/>
		<a id="23" s="H" t="H" l="H"/>
		<a id="24" s="H" t="H" l="H"/>
		<a id="25" s="H" t="H" l="H"/>
	</atoms>
	<bonds>
		<b id="1" c="21 20" t="2"/>
		<b id="2" c="24 22" t="1"/>
		<b id="3" c="25 22" t="1"/>
		<b id="4" c="17 16" t="1"/>
		<b id="5" c="20 22" t="1"/>
		<b id="6" c="20 19" t="1"/>
		<b id="7" c="22 23" t="1"/>
		<b id="8" c="19 16" t="1"/>
		<b id="9" c="16 18" t="1"/>
		<b id="10" c="16 4" t="1"/>
		<b id="11" c="7 6" t="1"/>
		<b id="12" c="4 5" t="1"/>
		<b id="13" c="4 2" t="2"/>
		<b id="14" c="6 5" t="ar"/>
		<b id="15" c="6 8" t="ar"/>
		<b id="16" c="5 14" t="ar"/>
		<b id="17" c="9 8" t="1"/>
		<b id="18" c="8 10" t="ar"/>
		<b id="19" c="14 15" t="1"/>
		<b id="20" c="14 12" t="ar"/>
		<b id="21" c="10 12" t="ar"/>
		<b id="22" c="10 11" t="1"/>
		<b id="23" c="12 13" t="1"/>
		<b id="24" c="1 2" t="1"/>
		<b id="25" c="2 3" t="1"/>
	</bonds>
	<geometry>
		<g u="A" t="cart/3d">#25,3:2.2547,0.8440,1.2468;1.1806,1.0072,1.3461;0.8351,1.7094,2.1092;0.3090,0.3517,0.5658;-1.1585,0.6105,0.6539;-1.6663,1.9228,0.6067;-0.9601,2.7460,0.4779;-3.0313,2.1989,0.7015;-3.4148,3.2197,0.6578;-3.9190,1.1344,0.8436;-5.2318,1.3778,0.9310;-3.4740,-0.1842,0.8964;-4.1718,-1.0134,1.0192;-2.1047,-0.4179,0.8026;-1.6866,-1.6925,0.8847;0.7441,-0.6351,-0.4925;0.3832,-0.3110,-1.4855;0.3020,-1.6279,-0.3152;2.1677,-0.7396,-0.5147;2.6946,-1.6326,-1.3822;2.0234,-2.3169,-2.1125;4.2019,-1.6419,-1.3008;4.5219,-1.9052,-0.2805;4.6032,-2.3670,-2.0189;4.5975,-0.6373,-1.5171;</g>
	</geometry>
	<conformers/>
	<properties/>
</molecule>
