<?xml version="1.0" ?>
<!--MOLLI PACKAGE EXPERIMENTAL XML FORMAT-->
<molecule name="react_124">
	<atoms>
		<a id="1" s="H" t="H" l="H"/>
		<a id="2" s="C" t="C.2" l="C"/>
		<a id="3" s="H" t="H" l="H"/>
		<a id="4" s="C" t="C.2" l="C"/>
		<a id="5" s="C" t="C.ar" l="C"/>
		<a id="6" s="C" t="C.ar" l="C"/>
		<a id="7" s="H" t="H" l="H"/>
		<a id="8" s="C" t="C.ar" l="C"/>
		<a id="9" s="H" t="H" l="H"/>
		<a id="10" s="C" t="C.ar" l="C"/>
		<a id="11" s="F" t="F" l="F"/>
		<a id="12" s="C" t="C.ar" l="C"/>
		<a id="13" s="H" t="H" l="H"/>
		<a id="14" s="C" t="C.ar" l="C"/>
		<a id="15" s="F" t="F" l="F"/>
		<a id="16" s="C" t="C.3" l="C"/>
		<a id="17" s="H" t="H" l="H"/>
		<a id="18" s="H" t="H" l="H"/>
		<a id="19" s="N" t="N.ar" l="N"/>
		<a id="20" s="N" t="N.ar" l="N"/>
		<a id="21" s="C" t="C.ar" l="C"/>
		<a id="22" s="H" t="H" l="H"/>
		<a id="23" s="N" t="N.ar" l="N"/>
		<a id="24" s="C" t="C.ar" l="C"/>
		<a id="25" s="H" t="H" l="H"/>
	</atoms>
	<bonds>
		<b id="1" c="13 12" t="1"/>
		<b id="2" c="25 24" t="1"/>
		<b id="3" c="15 14" t="1"/>
		<b id="4" c="24 23" t="ar"/>
		<b id="5" c="24 19" t="ar"/>
		<b id="6" c="12 14" t="ar"/>
		<b id="7" c="12 10" t="ar"/>
		<b id="8" c="23 21" t="ar"/>
		<b id="9" c="18 16" t="1"/>
		<b id="10" c="14 5" t="ar"/>
		<b id="11" c="11 10" t="1"/>
		<b id="12" c="10 8" t="ar"/>
		<b id="13" c="19 16" t="1"/>
		<b id="14" c="19 20" t="ar"/>
		<b id="15" c="21 22" t="1"/>
		<b id="16" c="21 20" t="ar"/>
		<b id="17" c="16 17" t="1"/>
		<b id="18" c="16 4" t="1"/>
		<b id="19" c="5 4" t="1"/>
		<b id="20" c="5 6" t="ar"/>
		<b id="21" c="4 2" t="2"/>
		<b id="22" c="8 6" t="ar"/>
		<b id="23" c="8 9" t="1"/>
		<b id="24" c="6 7" t="1"/>
		<b id="25" c="2 1" t="1"/>
		<b id="26" c="2 3" t="1"/>
	</bonds>
	<geometry>
		<g u="A" t="cart/3d">#25,3:-1.7192,-0.3335,2.3243;-0.6782,-0.4309,2.0045;-0.0150,-1.0554,2.6089;-0.2420,0.1716,0.8869;1.1822,0.0863,0.4636;2.2368,0.2663,1.3798;1.9878,0.5176,2.4131;3.5765,0.1529,1.0059;4.3862,0.3011,1.7226;3.8783,-0.1446,-0.3217;5.1563,-0.2562,-0.6988;2.8775,-0.3276,-1.2737;3.1178,-0.5701,-2.3096;1.5553,-0.2089,-0.8591;0.5931,-0.4127,-1.7824;-1.1938,1.0170,0.0355;-1.4529,1.9401,0.5762;-0.7186,1.3096,-0.9079;-2.4485,0.3589,-0.2907;-3.5016,0.3941,0.5532;-4.3983,-0.3583,-0.0686;-5.3894,-0.5329,0.3512;-3.9854,-0.8757,-1.2558;-2.7545,-0.4117,-1.3635;-2.0508,-0.5973,-2.1746;</g>
	</geometry>
	<conformers/>
	<properties/>
</molecule>
