<?xml version="1.0" ?>
<!--MOLLI PACKAGE EXPERIMENTAL XML FORMAT-->
<molecule name="react_125">
	<atoms>
		<a id="1" s="H" t="H" l="H"/>
		<a id="2" s="C" t="C.2" l="C"/>
		<a id="3" s="H" t="H" l="H"/>
		<a id="4" s="C" t="C.2" l="C"/>
		<a id="5" s="C" t="C.ar" l="C"/>
		<a id="6" s="C" t="C.ar" l="C"/>
		<a id="7" s="H" t="H" l="H"/>
		<a id="8" s="C" t="C.ar" l="C"/>
		<a id="9" s="H" t="H" l="H"/>
		<a id="10" s="C" t="C.ar" l="C"/>
		<a id="11" s="F" t="F" l="F"/>
		<a id="12" s="C" t="C.ar" l="C"/>
		<a id="13" s="H" t="H" l="H"/>
		<a id="14" s="C" t="C.ar" l="C"/>
		<a id="15" s="F" t="F" l="F"/>
		<a id="16" s="C" t="C.3" l="C"/>
		<a id="17" s="H" t="H" l="H"/>
		<a id="18" s="H" t="H" l="H"/>
		<a id="19" s="Cl" t="Cl" l="CL"/>
	</atoms>
	<bonds>
		<b id="1" c="19 16" t="1"/>
		<b id="2" c="9 8" t="1"/>
		<b id="3" c="7 6" t="1"/>
		<b id="4" c="8 6" t="ar"/>
		<b id="5" c="8 10" t="ar"/>
		<b id="6" c="6 5" t="ar"/>
		<b id="7" c="17 16" t="1"/>
		<b id="8" c="16 18" t="1"/>
		<b id="9" c="16 4" t="1"/>
		<b id="10" c="11 10" t="1"/>
		<b id="11" c="10 12" t="ar"/>
		<b id="12" c="5 4" t="1"/>
		<b id="13" c="5 14" t="ar"/>
		<b id="14" c="4 2" t="2"/>
		<b id="15" c="3 2" t="1"/>
		<b id="16" c="2 1" t="1"/>
		<b id="17" c="12 14" t="ar"/>
		<b id="18" c="12 13" t="1"/>
		<b id="19" c="14 15" t="1"/>
	</bonds>
	<geometry>
		<g u="A" t="cart/3d">#19,3:-1.7004,-1.7180,1.6051;-2.1837,-0.9944,0.9498;-3.2773,-0.9806,0.9428;-1.4906,-0.1512,0.1599;-0.0038,-0.0911,0.1048;0.6692,0.3844,-1.0419;0.0820,0.6672,-1.9163;2.0591,0.4732,-1.1171;2.5587,0.8330,-2.0182;2.8161,0.0873,-0.0139;4.1506,0.1638,-0.0642;2.2111,-0.3795,1.1490;2.8024,-0.6726,2.0173;0.8222,-0.4608,1.1865;0.2783,-0.9012,2.3321;-2.2663,0.8041,-0.7131;-1.7857,1.7887,-0.7848;-3.2889,0.9296,-0.3389;-2.4528,0.2181,-2.4390;</g>
	</geometry>
	<conformers/>
	<properties/>
</molecule>
