<?xml version="1.0" ?>
<!--MOLLI PACKAGE EXPERIMENTAL XML FORMAT-->
<molecule name="react_126">
	<atoms>
		<a id="1" s="H" t="H" l="H"/>
		<a id="2" s="C" t="C.2" l="C"/>
		<a id="3" s="H" t="H" l="H"/>
		<a id="4" s="C" t="C.2" l="C"/>
		<a id="5" s="C" t="C.ar" l="C"/>
		<a id="6" s="C" t="C.ar" l="C"/>
		<a id="7" s="H" t="H" l="H"/>
		<a id="8" s="C" t="C.ar" l="C"/>
		<a id="9" s="H" t="H" l="H"/>
		<a id="10" s="C" t="C.ar" l="C"/>
		<a id="11" s="F" t="F" l="F"/>
		<a id="12" s="C" t="C.ar" l="C"/>
		<a id="13" s="H" t="H" l="H"/>
		<a id="14" s="C" t="C.ar" l="C"/>
		<a id="15" s="F" t="F" l="F"/>
		<a id="16" s="C" t="C.3" l="C"/>
		<a id="17" s="H" t="H" l="H"/>
		<a id="18" s="H" t="H" l="H"/>
		<a id="19" s="H" t="H" l="H"/>
	</atoms>
	<bonds>
		<b id="1" c="19 16" t="1"/>
		<b id="2" c="9 8" t="1"/>
		<b id="3" c="16 17" t="1"/>
		<b id="4" c="16 18" t="1"/>
		<b id="5" c="16 4" t="1"/>
		<b id="6" c="11 10" t="1"/>
		<b id="7" c="8 10" t="ar"/>
		<b id="8" c="8 6" t="ar"/>
		<b id="9" c="7 6" t="1"/>
		<b id="10" c="10 12" t="ar"/>
		<b id="11" c="6 5" t="ar"/>
		<b id="12" c="12 13" t="1"/>
		<b id="13" c="12 14" t="ar"/>
		<b id="14" c="5 14" t="ar"/>
		<b id="15" c="5 4" t="1"/>
		<b id="16" c="14 15" t="1"/>
		<b id="17" c="4 2" t="2"/>
		<b id="18" c="2 1" t="1"/>
		<b id="19" c="2 3" t="1"/>
	</bonds>
	<geometry>
		<g u="A" t="cart/3d">#19,3:-2.8874,-1.6312,1.2070;-1.8325,-1.3642,1.0927;-1.1089,-1.9207,1.6948;-1.4521,-0.3819,0.2588;-0.0022,-0.0721,0.0753;0.9321,-1.0923,-0.1884;0.5658,-2.1175,-0.2771;2.2934,-0.8342,-0.3595;3.0069,-1.6324,-0.5722;2.7401,0.4821,-0.2668;4.0412,0.7514,-0.4323;1.8625,1.5315,-0.0068;2.2169,2.5597,0.0775;0.5122,1.2330,0.1588;-0.3150,2.2552,0.4355;-2.4519,0.4035,-0.5589;-3.4775,0.0507,-0.3752;-2.4054,1.4783,-0.3259;-2.2384,0.3012,-1.6374;</g>
	</geometry>
	<conformers/>
	<properties/>
</molecule>
