<?xml version="1.0" ?>
<!--MOLLI PACKAGE EXPERIMENTAL XML FORMAT-->
<molecule name="react_127">
	<atoms>
		<a id="1" s="H" t="H" l="H"/>
		<a id="2" s="C" t="C.2" l="C"/>
		<a id="3" s="H" t="H" l="H"/>
		<a id="4" s="C" t="C.2" l="C"/>
		<a id="5" s="C" t="C.3" l="C"/>
		<a id="6" s="H" t="H" l="H"/>
		<a id="7" s="H" t="H" l="H"/>
		<a id="8" s="H" t="H" l="H"/>
		<a id="9" s="C" t="C.3" l="C"/>
		<a id="10" s="H" t="H" l="H"/>
		<a id="11" s="H" t="H" l="H"/>
		<a id="12" s="O" t="O.3" l="O"/>
		<a id="13" s="C" t="C.ar" l="C"/>
		<a id="14" s="C" t="C.ar" l="C"/>
		<a id="15" s="H" t="H" l="H"/>
		<a id="16" s="C" t="C.ar" l="C"/>
		<a id="17" s="H" t="H" l="H"/>
		<a id="18" s="C" t="C.ar" l="C"/>
		<a id="19" s="O" t="O.3" l="O"/>
		<a id="20" s="C" t="C.3" l="C"/>
		<a id="21" s="H" t="H" l="H"/>
		<a id="22" s="H" t="H" l="H"/>
		<a id="23" s="H" t="H" l="H"/>
		<a id="24" s="C" t="C.ar" l="C"/>
		<a id="25" s="H" t="H" l="H"/>
		<a id="26" s="C" t="C.ar" l="C"/>
		<a id="27" s="H" t="H" l="H"/>
	</atoms>
	<bonds>
		<b id="1" c="3 2" t="1"/>
		<b id="2" c="25 24" t="1"/>
		<b id="3" c="11 9" t="1"/>
		<b id="4" c="27 26" t="1"/>
		<b id="5" c="24 26" t="ar"/>
		<b id="6" c="24 18" t="ar"/>
		<b id="7" c="2 1" t="1"/>
		<b id="8" c="2 4" t="2"/>
		<b id="9" c="26 13" t="ar"/>
		<b id="10" c="9 10" t="1"/>
		<b id="11" c="9 4" t="1"/>
		<b id="12" c="9 12" t="1"/>
		<b id="13" c="19 18" t="1"/>
		<b id="14" c="19 20" t="1"/>
		<b id="15" c="18 16" t="ar"/>
		<b id="16" c="4 5" t="1"/>
		<b id="17" c="22 20" t="1"/>
		<b id="18" c="13 12" t="1"/>
		<b id="19" c="13 14" t="ar"/>
		<b id="20" c="23 20" t="1"/>
		<b id="21" c="20 21" t="1"/>
		<b id="22" c="16 14" t="ar"/>
		<b id="23" c="16 17" t="1"/>
		<b id="24" c="14 15" t="1"/>
		<b id="25" c="5 8" t="1"/>
		<b id="26" c="5 7" t="1"/>
		<b id="27" c="5 6" t="1"/>
	</bonds>
	<geometry>
		<g u="A" t="cart/3d">#27,3:-5.5083,0.5914,-0.7191;-4.4855,0.3414,-1.0168;-4.2540,0.3914,-2.0852;-3.5619,-0.0144,-0.1140;-3.8305,-0.0752,1.3660;-3.1479,0.6005,1.9064;-3.6431,-1.0905,1.7591;-4.8675,0.2042,1.6033;-2.1741,-0.4168,-0.5517;-2.0193,-1.4968,-0.3457;-2.0506,-0.2633,-1.6395;-1.2226,0.3447,0.1739;0.1082,0.1138,-0.0163;0.9911,0.8854,0.7518;0.5719,1.6151,1.4482;2.3734,0.7303,0.6326;3.0278,1.3492,1.2474;2.9020,-0.2103,-0.2676;4.2323,-0.4385,-0.4587;5.1677,0.3050,0.2842;5.0599,0.1393,1.3728;6.1638,-0.0388,-0.0279;5.0882,1.3903,0.0850;2.0192,-0.9811,-1.0366;2.4397,-1.7085,-1.7346;0.6368,-0.8256,-0.9181;-0.0168,-1.4423,-1.5359;</g>
	</geometry>
	<conformers/>
	<properties/>
</molecule>
