<?xml version="1.0" ?>
<!--MOLLI PACKAGE EXPERIMENTAL XML FORMAT-->
<molecule name="react_128">
	<atoms>
		<a id="1" s="H" t="H" l="H"/>
		<a id="2" s="C" t="C.2" l="C"/>
		<a id="3" s="H" t="H" l="H"/>
		<a id="4" s="C" t="C.2" l="C"/>
		<a id="5" s="C" t="C.3" l="C"/>
		<a id="6" s="H" t="H" l="H"/>
		<a id="7" s="H" t="H" l="H"/>
		<a id="8" s="H" t="H" l="H"/>
		<a id="9" s="C" t="C.3" l="C"/>
		<a id="10" s="H" t="H" l="H"/>
		<a id="11" s="H" t="H" l="H"/>
		<a id="12" s="O" t="O.3" l="O"/>
		<a id="13" s="C" t="C.ar" l="C"/>
		<a id="14" s="C" t="C.ar" l="C"/>
		<a id="15" s="H" t="H" l="H"/>
		<a id="16" s="C" t="C.ar" l="C"/>
		<a id="17" s="H" t="H" l="H"/>
		<a id="18" s="C" t="C.ar" l="C"/>
		<a id="19" s="H" t="H" l="H"/>
		<a id="20" s="C" t="C.ar" l="C"/>
		<a id="21" s="O" t="O.3" l="O"/>
		<a id="22" s="C" t="C.3" l="C"/>
		<a id="23" s="H" t="H" l="H"/>
		<a id="24" s="H" t="H" l="H"/>
		<a id="25" s="H" t="H" l="H"/>
		<a id="26" s="C" t="C.ar" l="C"/>
		<a id="27" s="H" t="H" l="H"/>
	</atoms>
	<bonds>
		<b id="1" c="23 22" t="1"/>
		<b id="2" c="27 26" t="1"/>
		<b id="3" c="21 22" t="1"/>
		<b id="4" c="21 20" t="1"/>
		<b id="5" c="22 24" t="1"/>
		<b id="6" c="22 25" t="1"/>
		<b id="7" c="8 5" t="1"/>
		<b id="8" c="6 5" t="1"/>
		<b id="9" c="26 20" t="ar"/>
		<b id="10" c="26 13" t="ar"/>
		<b id="11" c="5 7" t="1"/>
		<b id="12" c="5 4" t="1"/>
		<b id="13" c="20 18" t="ar"/>
		<b id="14" c="12 13" t="1"/>
		<b id="15" c="12 9" t="1"/>
		<b id="16" c="1 2" t="1"/>
		<b id="17" c="13 14" t="ar"/>
		<b id="18" c="4 2" t="2"/>
		<b id="19" c="4 9" t="1"/>
		<b id="20" c="2 3" t="1"/>
		<b id="21" c="18 19" t="1"/>
		<b id="22" c="18 16" t="ar"/>
		<b id="23" c="9 10" t="1"/>
		<b id="24" c="9 11" t="1"/>
		<b id="25" c="14 16" t="ar"/>
		<b id="26" c="14 15" t="1"/>
		<b id="27" c="16 17" t="1"/>
	</bonds>
	<geometry>
		<g u="A" t="cart/3d">#27,3:5.5015,0.2410,-0.0453;4.5062,0.4187,0.3730;4.4064,1.2483,1.0797;3.4601,-0.3481,0.0378;3.5468,-1.4845,-0.9456;4.5646,-1.5986,-1.3467;3.2477,-2.4379,-0.4741;2.8510,-1.3184,-1.7839;2.1106,-0.1267,0.6770;2.1260,0.7755,1.3144;1.8597,-0.9925,1.3240;1.1307,-0.0022,-0.3442;-0.1791,0.1363,-0.0076;-0.6517,0.2173,1.3157;0.0275,0.1723,2.1664;-2.0243,0.3622,1.5315;-2.3956,0.4263,2.5582;-2.9367,0.4284,0.4759;-4.0000,0.5418,0.6853;-2.4527,0.3468,-0.8430;-3.2391,0.3971,-1.9499;-4.6332,0.5361,-1.8017;-5.0563,0.5497,-2.8157;-4.9033,1.4783,-1.2904;-5.0761,-0.3084,-1.2422;-1.0798,0.2020,-1.0776;-0.7110,0.1398,-2.1023;</g>
	</geometry>
	<conformers/>
	<properties/>
</molecule>
