<?xml version="1.0" ?>
<!--MOLLI PACKAGE EXPERIMENTAL XML FORMAT-->
<molecule name="react_129">
	<atoms>
		<a id="1" s="H" t="H" l="H"/>
		<a id="2" s="C" t="C.2" l="C"/>
		<a id="3" s="H" t="H" l="H"/>
		<a id="4" s="C" t="C.2" l="C"/>
		<a id="5" s="C" t="C.3" l="C"/>
		<a id="6" s="H" t="H" l="H"/>
		<a id="7" s="H" t="H" l="H"/>
		<a id="8" s="H" t="H" l="H"/>
		<a id="9" s="C" t="C.3" l="C"/>
		<a id="10" s="H" t="H" l="H"/>
		<a id="11" s="H" t="H" l="H"/>
		<a id="12" s="O" t="O.3" l="O"/>
		<a id="13" s="C" t="C.ar" l="C"/>
		<a id="14" s="C" t="C.ar" l="C"/>
		<a id="15" s="H" t="H" l="H"/>
		<a id="16" s="C" t="C.ar" l="C"/>
		<a id="17" s="H" t="H" l="H"/>
		<a id="18" s="C" t="C.ar" l="C"/>
		<a id="19" s="H" t="H" l="H"/>
		<a id="20" s="C" t="C.ar" l="C"/>
		<a id="21" s="H" t="H" l="H"/>
		<a id="22" s="C" t="C.ar" l="C"/>
		<a id="23" s="O" t="O.3" l="O"/>
		<a id="24" s="C" t="C.3" l="C"/>
		<a id="25" s="H" t="H" l="H"/>
		<a id="26" s="H" t="H" l="H"/>
		<a id="27" s="H" t="H" l="H"/>
	</atoms>
	<bonds>
		<b id="1" c="17 16" t="1"/>
		<b id="2" c="19 18" t="1"/>
		<b id="3" c="16 18" t="ar"/>
		<b id="4" c="16 14" t="ar"/>
		<b id="5" c="18 20" t="ar"/>
		<b id="6" c="15 14" t="1"/>
		<b id="7" c="14 13" t="ar"/>
		<b id="8" c="20 21" t="1"/>
		<b id="9" c="20 22" t="ar"/>
		<b id="10" c="13 22" t="ar"/>
		<b id="11" c="13 12" t="1"/>
		<b id="12" c="22 23" t="1"/>
		<b id="13" c="12 9" t="1"/>
		<b id="14" c="26 24" t="1"/>
		<b id="15" c="23 24" t="1"/>
		<b id="16" c="10 9" t="1"/>
		<b id="17" c="24 25" t="1"/>
		<b id="18" c="24 27" t="1"/>
		<b id="19" c="9 11" t="1"/>
		<b id="20" c="9 4" t="1"/>
		<b id="21" c="8 5" t="1"/>
		<b id="22" c="4 5" t="1"/>
		<b id="23" c="4 2" t="2"/>
		<b id="24" c="5 7" t="1"/>
		<b id="25" c="5 6" t="1"/>
		<b id="26" c="3 2" t="1"/>
		<b id="27" c="2 1" t="1"/>
	</bonds>
	<geometry>
		<g u="A" t="cart/3d">#27,3:3.2732,-2.4816,2.8763;2.3778,-2.4365,2.2488;1.8569,-3.3801,2.0591;1.9362,-1.2776,1.7419;2.6333,0.0397,1.9528;3.5290,-0.0684,2.5822;1.9544,0.7721,2.4242;2.9267,0.4720,0.9825;0.6622,-1.2205,0.9377;0.2729,-2.2362,0.7416;-0.1047,-0.6595,1.5023;0.9224,-0.5531,-0.3026;-0.1586,-0.2281,-1.0735;-0.3570,-0.8876,-2.2867;0.3505,-1.6756,-2.5554;-1.4177,-0.5382,-3.1319;-1.5562,-1.0624,-4.0806;-2.2920,0.4776,-2.7495;-3.1272,0.7598,-3.3958;-2.1070,1.1538,-1.5355;-2.7955,1.9527,-1.2578;-1.0417,0.8144,-0.6914;-0.7698,1.4253,0.4938;-1.5863,2.4926,0.9208;-2.6354,2.1771,1.0690;-1.5675,3.3346,0.2051;-1.1786,2.8339,1.8822;</g>
	</geometry>
	<conformers/>
	<properties/>
</molecule>
