<?xml version="1.0" ?>
<!--MOLLI PACKAGE EXPERIMENTAL XML FORMAT-->
<molecule name="react_130">
	<atoms>
		<a id="1" s="H" t="H" l="H"/>
		<a id="2" s="C" t="C.2" l="C"/>
		<a id="3" s="H" t="H" l="H"/>
		<a id="4" s="C" t="C.2" l="C"/>
		<a id="5" s="C" t="C.3" l="C"/>
		<a id="6" s="H" t="H" l="H"/>
		<a id="7" s="H" t="H" l="H"/>
		<a id="8" s="H" t="H" l="H"/>
		<a id="9" s="C" t="C.3" l="C"/>
		<a id="10" s="H" t="H" l="H"/>
		<a id="11" s="H" t="H" l="H"/>
		<a id="12" s="C" t="C.3" l="C"/>
		<a id="13" s="H" t="H" l="H"/>
		<a id="14" s="H" t="H" l="H"/>
		<a id="15" s="O" t="O.3" l="O"/>
		<a id="16" s="C" t="C.ar" l="C"/>
		<a id="17" s="C" t="C.ar" l="C"/>
		<a id="18" s="H" t="H" l="H"/>
		<a id="19" s="C" t="C.ar" l="C"/>
		<a id="20" s="H" t="H" l="H"/>
		<a id="21" s="C" t="C.ar" l="C"/>
		<a id="22" s="H" t="H" l="H"/>
		<a id="23" s="C" t="C.ar" l="C"/>
		<a id="24" s="H" t="H" l="H"/>
		<a id="25" s="C" t="C.ar" l="C"/>
		<a id="26" s="H" t="H" l="H"/>
	</atoms>
	<bonds>
		<b id="1" c="7 5" t="1"/>
		<b id="2" c="20 19" t="1"/>
		<b id="3" c="8 5" t="1"/>
		<b id="4" c="5 6" t="1"/>
		<b id="5" c="5 4" t="1"/>
		<b id="6" c="19 17" t="ar"/>
		<b id="7" c="19 21" t="ar"/>
		<b id="8" c="18 17" t="1"/>
		<b id="9" c="22 21" t="1"/>
		<b id="10" c="11 9" t="1"/>
		<b id="11" c="17 16" t="ar"/>
		<b id="12" c="21 23" t="ar"/>
		<b id="13" c="4 9" t="1"/>
		<b id="14" c="4 2" t="2"/>
		<b id="15" c="1 2" t="1"/>
		<b id="16" c="9 12" t="1"/>
		<b id="17" c="9 10" t="1"/>
		<b id="18" c="14 12" t="1"/>
		<b id="19" c="2 3" t="1"/>
		<b id="20" c="16 25" t="ar"/>
		<b id="21" c="16 15" t="1"/>
		<b id="22" c="23 24" t="1"/>
		<b id="23" c="23 25" t="ar"/>
		<b id="24" c="12 15" t="1"/>
		<b id="25" c="12 13" t="1"/>
		<b id="26" c="25 26" t="1"/>
	</bonds>
	<geometry>
		<g u="A" t="cart/3d">#26,3:-4.8931,-0.9204,-0.2126;-3.8826,-1.0911,0.1714;-3.7893,-1.7326,1.0532;-2.8070,-0.5461,-0.4155;-2.9228,0.3267,-1.6419;-2.5209,1.3397,-1.4634;-2.3416,-0.0966,-2.4808;-3.9674,0.4339,-1.9696;-1.4117,-0.7801,0.1264;-1.4191,-1.6093,0.8511;-0.7372,-1.0795,-0.6956;-0.8205,0.4496,0.8356;-1.4693,0.7302,1.6794;-0.7645,1.3232,0.1628;0.4475,0.1803,1.4119;1.5873,0.2355,0.6710;1.6526,0.5955,-0.6849;0.7509,0.8469,-1.2442;2.8934,0.6318,-1.3343;2.9298,0.9135,-2.3904;4.0701,0.3120,-0.6557;5.0327,0.3414,-1.1718;3.9993,-0.0492,0.6965;4.9111,-0.3034,1.2442;2.7732,-0.0880,1.3559;2.6985,-0.3640,2.4101;</g>
	</geometry>
	<conformers/>
	<properties/>
</molecule>
