<?xml version="1.0" ?>
<!--MOLLI PACKAGE EXPERIMENTAL XML FORMAT-->
<molecule name="react_79">
	<atoms>
		<a id="1" s="H" t="H" l="H"/>
		<a id="2" s="C" t="C.2" l="C"/>
		<a id="3" s="H" t="H" l="H"/>
		<a id="4" s="C" t="C.2" l="C"/>
		<a id="5" s="H" t="H" l="H"/>
		<a id="6" s="C" t="C.3" l="C"/>
		<a id="7" s="H" t="H" l="H"/>
		<a id="8" s="H" t="H" l="H"/>
		<a id="9" s="C" t="C.3" l="C"/>
		<a id="10" s="H" t="H" l="H"/>
		<a id="11" s="H" t="H" l="H"/>
		<a id="12" s="C" t="C.3" l="C"/>
		<a id="13" s="H" t="H" l="H"/>
		<a id="14" s="H" t="H" l="H"/>
		<a id="15" s="H" t="H" l="H"/>
	</atoms>
	<bonds>
		<b id="1" c="1 2" t="1"/>
		<b id="2" c="11 9" t="1"/>
		<b id="3" c="2 3" t="1"/>
		<b id="4" c="2 4" t="2"/>
		<b id="5" c="5 4" t="1"/>
		<b id="6" c="10 9" t="1"/>
		<b id="7" c="4 6" t="1"/>
		<b id="8" c="9 6" t="1"/>
		<b id="9" c="9 12" t="1"/>
		<b id="10" c="13 12" t="1"/>
		<b id="11" c="6 7" t="1"/>
		<b id="12" c="6 8" t="1"/>
		<b id="13" c="12 14" t="1"/>
		<b id="14" c="12 15" t="1"/>
	</bonds>
	<geometry>
		<g u="A" t="cart/3d">#15,3:-3.4069,0.1093,-1.1564;-2.5112,0.5001,-0.6647;-2.3957,1.5896,-0.6409;-1.6022,-0.3109,-0.1151;-1.7643,-1.3969,-0.1687;-0.3396,0.1255,0.5746;-0.3031,1.2285,0.6219;-0.3592,-0.2299,1.6235;0.9403,-0.4078,-0.0932;0.8864,-1.5105,-0.1503;0.9719,-0.0538,-1.1390;2.2193,0.0065,0.6354;3.1163,-0.3925,0.1348;2.3214,1.1044,0.6747;2.2267,-0.3617,1.6754;</g>
	</geometry>
	<conformers/>
	<properties/>
</molecule>
