<?xml version="1.0" ?>
<!--MOLLI PACKAGE EXPERIMENTAL XML FORMAT-->
<molecule name="react_131">
	<atoms>
		<a id="1" s="H" t="H" l="H"/>
		<a id="2" s="C" t="C.2" l="C"/>
		<a id="3" s="H" t="H" l="H"/>
		<a id="4" s="C" t="C.2" l="C"/>
		<a id="5" s="C" t="C.ar" l="C"/>
		<a id="6" s="C" t="C.ar" l="C"/>
		<a id="7" s="H" t="H" l="H"/>
		<a id="8" s="C" t="C.ar" l="C"/>
		<a id="9" s="H" t="H" l="H"/>
		<a id="10" s="C" t="C.ar" l="C"/>
		<a id="11" s="H" t="H" l="H"/>
		<a id="12" s="C" t="C.ar" l="C"/>
		<a id="13" s="H" t="H" l="H"/>
		<a id="14" s="C" t="C.ar" l="C"/>
		<a id="15" s="C" t="C.3" l="C"/>
		<a id="16" s="H" t="H" l="H"/>
		<a id="17" s="H" t="H" l="H"/>
		<a id="18" s="C" t="C.3" l="C"/>
		<a id="19" s="H" t="H" l="H"/>
		<a id="20" s="H" t="H" l="H"/>
		<a id="21" s="C" t="C.3" l="C"/>
		<a id="22" s="H" t="H" l="H"/>
		<a id="23" s="H" t="H" l="H"/>
	</atoms>
	<bonds>
		<b id="1" c="20 18" t="1"/>
		<b id="2" c="1 2" t="1"/>
		<b id="3" c="3 2" t="1"/>
		<b id="4" c="2 4" t="2"/>
		<b id="5" c="16 15" t="1"/>
		<b id="6" c="18 19" t="1"/>
		<b id="7" c="18 15" t="1"/>
		<b id="8" c="18 21" t="1"/>
		<b id="9" c="7 6" t="1"/>
		<b id="10" c="4 5" t="1"/>
		<b id="11" c="4 21" t="1"/>
		<b id="12" c="6 8" t="ar"/>
		<b id="13" c="6 5" t="ar"/>
		<b id="14" c="9 8" t="1"/>
		<b id="15" c="8 10" t="ar"/>
		<b id="16" c="5 14" t="ar"/>
		<b id="17" c="10 11" t="1"/>
		<b id="18" c="10 12" t="ar"/>
		<b id="19" c="14 12" t="ar"/>
		<b id="20" c="14 15" t="1"/>
		<b id="21" c="12 13" t="1"/>
		<b id="22" c="22 21" t="1"/>
		<b id="23" c="15 17" t="1"/>
		<b id="24" c="21 23" t="1"/>
	</bonds>
	<geometry>
		<g u="A" t="cart/3d">#23,3:-1.7893,2.5339,-0.8070;-2.1902,1.5784,-0.4613;-3.2782,1.4688,-0.4821;-1.4059,0.5702,-0.0397;0.0817,0.6517,0.0087;0.7505,1.8938,-0.0230;0.1643,2.8147,-0.0484;2.1394,1.9775,0.0004;2.6274,2.9556,-0.0212;2.9043,0.8062,0.0597;3.9963,0.8579,0.0758;2.2605,-0.4288,0.1042;2.8546,-1.3469,0.1535;0.8596,-0.5302,0.0868;0.2173,-1.9027,0.1775;0.8100,-2.6263,-0.4074;0.2818,-2.2466,1.2281;-1.2474,-1.9208,-0.2614;-1.7125,-2.8828,0.0099;-1.3139,-1.8317,-1.3603;-2.0035,-0.7548,0.3849;-3.0746,-0.7841,0.1318;-1.9320,-0.8529,1.4857;</g>
	</geometry>
	<conformers/>
	<properties/>
</molecule>
