<?xml version="1.0" ?>
<!--MOLLI PACKAGE EXPERIMENTAL XML FORMAT-->
<molecule name="react_132">
	<atoms>
		<a id="1" s="H" t="H" l="H"/>
		<a id="2" s="C" t="C.2" l="C"/>
		<a id="3" s="H" t="H" l="H"/>
		<a id="4" s="C" t="C.2" l="C"/>
		<a id="5" s="C" t="C.1" l="C"/>
		<a id="6" s="C" t="C.1" l="C"/>
		<a id="7" s="C" t="C.ar" l="C"/>
		<a id="8" s="C" t="C.ar" l="C"/>
		<a id="9" s="H" t="H" l="H"/>
		<a id="10" s="C" t="C.ar" l="C"/>
		<a id="11" s="H" t="H" l="H"/>
		<a id="12" s="C" t="C.ar" l="C"/>
		<a id="13" s="H" t="H" l="H"/>
		<a id="14" s="C" t="C.ar" l="C"/>
		<a id="15" s="H" t="H" l="H"/>
		<a id="16" s="C" t="C.ar" l="C"/>
		<a id="17" s="H" t="H" l="H"/>
		<a id="18" s="C" t="C.3" l="C"/>
		<a id="19" s="H" t="H" l="H"/>
		<a id="20" s="H" t="H" l="H"/>
		<a id="21" s="H" t="H" l="H"/>
	</atoms>
	<bonds>
		<b id="1" c="11 10" t="1"/>
		<b id="2" c="9 8" t="1"/>
		<b id="3" c="10 8" t="ar"/>
		<b id="4" c="10 12" t="ar"/>
		<b id="5" c="1 2" t="1"/>
		<b id="6" c="8 7" t="ar"/>
		<b id="7" c="13 12" t="1"/>
		<b id="8" c="12 14" t="ar"/>
		<b id="9" c="2 3" t="1"/>
		<b id="10" c="2 4" t="2"/>
		<b id="11" c="7 6" t="1"/>
		<b id="12" c="7 16" t="ar"/>
		<b id="13" c="6 5" t="3"/>
		<b id="14" c="5 4" t="1"/>
		<b id="15" c="4 18" t="1"/>
		<b id="16" c="14 16" t="ar"/>
		<b id="17" c="14 15" t="1"/>
		<b id="18" c="16 17" t="1"/>
		<b id="19" c="18 21" t="1"/>
		<b id="20" c="18 19" t="1"/>
		<b id="21" c="18 20" t="1"/>
	</bonds>
	<geometry>
		<g u="A" t="cart/3d">#21,3:-3.4260,0.5615,-1.7947;-3.7638,0.4286,-0.7644;-4.8379,0.4922,-0.5690;-2.8916,0.1933,0.2383;-1.4839,0.1088,-0.0091;-0.2777,0.0241,-0.1755;1.1343,-0.0580,-0.3807;1.6876,0.1179,-1.6686;1.0211,0.3188,-2.5102;3.0662,0.0368,-1.8636;3.4796,0.1754,-2.8663;3.9188,-0.2209,-0.7841;4.9988,-0.2845,-0.9406;3.3827,-0.3970,0.4967;4.0441,-0.5989,1.3436;2.0054,-0.3173,0.7008;1.5860,-0.4547,1.6999;-3.3326,0.0059,1.6746;-3.0176,-0.9805,2.0544;-2.8679,0.7635,2.3276;-4.4257,0.0852,1.7687;</g>
	</geometry>
	<conformers/>
	<properties/>
</molecule>
