<?xml version="1.0" ?>
<!--MOLLI PACKAGE EXPERIMENTAL XML FORMAT-->
<molecule name="react_134">
	<atoms>
		<a id="1" s="H" t="H" l="H"/>
		<a id="2" s="C" t="C.2" l="C"/>
		<a id="3" s="H" t="H" l="H"/>
		<a id="4" s="C" t="C.2" l="C"/>
		<a id="5" s="C" t="C.ar" l="C"/>
		<a id="6" s="C" t="C.ar" l="C"/>
		<a id="7" s="H" t="H" l="H"/>
		<a id="8" s="C" t="C.ar" l="C"/>
		<a id="9" s="H" t="H" l="H"/>
		<a id="10" s="C" t="C.ar" l="C"/>
		<a id="11" s="H" t="H" l="H"/>
		<a id="12" s="C" t="C.ar" l="C"/>
		<a id="13" s="H" t="H" l="H"/>
		<a id="14" s="C" t="C.ar" l="C"/>
		<a id="15" s="H" t="H" l="H"/>
		<a id="16" s="C" t="C.3" l="C"/>
		<a id="17" s="H" t="H" l="H"/>
		<a id="18" s="H" t="H" l="H"/>
		<a id="19" s="C" t="C.3" l="C"/>
		<a id="20" s="H" t="H" l="H"/>
		<a id="21" s="H" t="H" l="H"/>
		<a id="22" s="C" t="C.3" l="C"/>
		<a id="23" s="H" t="H" l="H"/>
		<a id="24" s="H" t="H" l="H"/>
		<a id="25" s="H" t="H" l="H"/>
	</atoms>
	<bonds>
		<b id="1" c="17 16" t="1"/>
		<b id="2" c="20 19" t="1"/>
		<b id="3" c="1 2" t="1"/>
		<b id="4" c="3 2" t="1"/>
		<b id="5" c="15 14" t="1"/>
		<b id="6" c="2 4" t="2"/>
		<b id="7" c="21 19" t="1"/>
		<b id="8" c="4 16" t="1"/>
		<b id="9" c="4 5" t="1"/>
		<b id="10" c="19 16" t="1"/>
		<b id="11" c="19 22" t="1"/>
		<b id="12" c="16 18" t="1"/>
		<b id="13" c="14 5" t="ar"/>
		<b id="14" c="14 12" t="ar"/>
		<b id="15" c="13 12" t="1"/>
		<b id="16" c="5 6" t="ar"/>
		<b id="17" c="12 10" t="ar"/>
		<b id="18" c="6 7" t="1"/>
		<b id="19" c="6 8" t="ar"/>
		<b id="20" c="10 11" t="1"/>
		<b id="21" c="10 8" t="ar"/>
		<b id="22" c="25 22" t="1"/>
		<b id="23" c="8 9" t="1"/>
		<b id="24" c="22 24" t="1"/>
		<b id="25" c="22 23" t="1"/>
	</bonds>
	<geometry>
		<g u="A" t="cart/3d">#25,3:1.6573,-1.9827,-1.0857;0.6360,-1.6905,-0.8332;-0.1224,-2.4742,-0.8995;0.3193,-0.4298,-0.4864;-1.0847,-0.0665,-0.1284;-1.9407,-0.9948,0.4992;-1.5563,-1.9826,0.7636;-3.2592,-0.6663,0.8166;-3.8972,-1.4062,1.3081;-3.7604,0.6064,0.5223;-4.7924,0.8658,0.7734;-2.9237,1.5455,-0.0859;-3.3004,2.5451,-0.3201;-1.6024,1.2157,-0.4003;-0.9740,1.9668,-0.8831;1.3397,0.7009,-0.4815;1.1406,1.3369,-1.3645;1.1375,1.3507,0.3891;2.8268,0.3208,-0.4817;3.0432,-0.3575,-1.3256;3.4064,1.2371,-0.6900;3.3272,-0.2932,0.8293;3.1847,0.4051,1.6715;2.7926,-1.2230,1.0791;4.4025,-0.5297,0.7734;</g>
	</geometry>
	<conformers/>
	<properties/>
</molecule>
