<?xml version="1.0" ?>
<!--MOLLI PACKAGE EXPERIMENTAL XML FORMAT-->
<molecule name="react_136">
	<atoms>
		<a id="1" s="H" t="H" l="H"/>
		<a id="2" s="C" t="C.2" l="C"/>
		<a id="3" s="H" t="H" l="H"/>
		<a id="4" s="C" t="C.2" l="C"/>
		<a id="5" s="C" t="C.ar" l="C"/>
		<a id="6" s="C" t="C.ar" l="C"/>
		<a id="7" s="H" t="H" l="H"/>
		<a id="8" s="C" t="C.ar" l="C"/>
		<a id="9" s="H" t="H" l="H"/>
		<a id="10" s="C" t="C.ar" l="C"/>
		<a id="11" s="H" t="H" l="H"/>
		<a id="12" s="C" t="C.ar" l="C"/>
		<a id="13" s="H" t="H" l="H"/>
		<a id="14" s="C" t="C.ar" l="C"/>
		<a id="15" s="H" t="H" l="H"/>
		<a id="16" s="C" t="C.3" l="C"/>
		<a id="17" s="H" t="H" l="H"/>
		<a id="18" s="H" t="H" l="H"/>
		<a id="19" s="C" t="C.3" l="C"/>
		<a id="20" s="H" t="H" l="H"/>
		<a id="21" s="H" t="H" l="H"/>
		<a id="22" s="C" t="C.3" l="C"/>
		<a id="23" s="H" t="H" l="H"/>
		<a id="24" s="H" t="H" l="H"/>
		<a id="25" s="C" t="C.3" l="C"/>
		<a id="26" s="H" t="H" l="H"/>
		<a id="27" s="H" t="H" l="H"/>
		<a id="28" s="H" t="H" l="H"/>
	</atoms>
	<bonds>
		<b id="1" c="1 2" t="1"/>
		<b id="2" c="3 2" t="1"/>
		<b id="3" c="2 4" t="2"/>
		<b id="4" c="7 6" t="1"/>
		<b id="5" c="20 19" t="1"/>
		<b id="6" c="21 19" t="1"/>
		<b id="7" c="4 5" t="1"/>
		<b id="8" c="4 16" t="1"/>
		<b id="9" c="19 16" t="1"/>
		<b id="10" c="19 22" t="1"/>
		<b id="11" c="6 5" t="ar"/>
		<b id="12" c="6 8" t="ar"/>
		<b id="13" c="23 22" t="1"/>
		<b id="14" c="9 8" t="1"/>
		<b id="15" c="5 14" t="ar"/>
		<b id="16" c="16 18" t="1"/>
		<b id="17" c="16 17" t="1"/>
		<b id="18" c="8 10" t="ar"/>
		<b id="19" c="22 24" t="1"/>
		<b id="20" c="22 25" t="1"/>
		<b id="21" c="26 25" t="1"/>
		<b id="22" c="25 27" t="1"/>
		<b id="23" c="25 28" t="1"/>
		<b id="24" c="14 15" t="1"/>
		<b id="25" c="14 12" t="ar"/>
		<b id="26" c="10 12" t="ar"/>
		<b id="27" c="10 11" t="1"/>
		<b id="28" c="12 13" t="1"/>
	</bonds>
	<geometry>
		<g u="A" t="cart/3d">#28,3:1.2736,-0.1926,-2.8565;0.3514,-0.2317,-2.2715;-0.5793,-0.3134,-2.8360;0.3739,-0.2018,-0.9268;1.6670,-0.0552,-0.1910;2.6966,0.7638,-0.6967;2.5285,1.3217,-1.6209;3.9130,0.8973,-0.0245;4.6910,1.5451,-0.4381;4.1326,0.2182,1.1783;5.0838,0.3233,1.7069;3.1190,-0.5889,1.7021;3.2763,-1.1254,2.6420;1.9008,-0.7183,1.0297;1.1294,-1.3633,1.4559;-0.8825,-0.3025,-0.0782;-0.8709,0.5393,0.6375;-0.8105,-1.2080,0.5536;-2.2192,-0.3407,-0.8233;-2.2205,-1.1995,-1.5167;-2.3171,0.5619,-1.4538;-3.4477,-0.4501,0.0940;-4.3338,-0.6444,-0.5358;-3.3410,-1.3410,0.7407;-3.7210,0.7822,0.9615;-3.8493,1.6857,0.3408;-4.6415,0.6546,1.5541;-2.9027,0.9837,1.6722;</g>
	</geometry>
	<conformers/>
	<properties/>
</molecule>
