<?xml version="1.0" ?>
<!--MOLLI PACKAGE EXPERIMENTAL XML FORMAT-->
<molecule name="react_137">
	<atoms>
		<a id="1" s="H" t="H" l="H"/>
		<a id="2" s="C" t="C.2" l="C"/>
		<a id="3" s="H" t="H" l="H"/>
		<a id="4" s="C" t="C.2" l="C"/>
		<a id="5" s="C" t="C.ar" l="C"/>
		<a id="6" s="C" t="C.ar" l="C"/>
		<a id="7" s="H" t="H" l="H"/>
		<a id="8" s="C" t="C.ar" l="C"/>
		<a id="9" s="H" t="H" l="H"/>
		<a id="10" s="C" t="C.ar" l="C"/>
		<a id="11" s="H" t="H" l="H"/>
		<a id="12" s="C" t="C.ar" l="C"/>
		<a id="13" s="H" t="H" l="H"/>
		<a id="14" s="C" t="C.ar" l="C"/>
		<a id="15" s="H" t="H" l="H"/>
		<a id="16" s="C" t="C.3" l="C"/>
		<a id="17" s="C" t="C.3" l="C"/>
		<a id="18" s="H" t="H" l="H"/>
		<a id="19" s="H" t="H" l="H"/>
		<a id="20" s="H" t="H" l="H"/>
		<a id="21" s="C" t="C.3" l="C"/>
		<a id="22" s="H" t="H" l="H"/>
		<a id="23" s="H" t="H" l="H"/>
		<a id="24" s="H" t="H" l="H"/>
		<a id="25" s="C" t="C.3" l="C"/>
		<a id="26" s="H" t="H" l="H"/>
		<a id="27" s="H" t="H" l="H"/>
		<a id="28" s="H" t="H" l="H"/>
	</atoms>
	<bonds>
		<b id="1" c="1 2" t="1"/>
		<b id="2" c="3 2" t="1"/>
		<b id="3" c="2 4" t="2"/>
		<b id="4" c="15 14" t="1"/>
		<b id="5" c="24 21" t="1"/>
		<b id="6" c="13 12" t="1"/>
		<b id="7" c="14 12" t="ar"/>
		<b id="8" c="14 5" t="ar"/>
		<b id="9" c="4 5" t="1"/>
		<b id="10" c="4 16" t="1"/>
		<b id="11" c="12 10" t="ar"/>
		<b id="12" c="5 6" t="ar"/>
		<b id="13" c="23 21" t="1"/>
		<b id="14" c="28 25" t="1"/>
		<b id="15" c="10 11" t="1"/>
		<b id="16" c="10 8" t="ar"/>
		<b id="17" c="21 16" t="1"/>
		<b id="18" c="21 22" t="1"/>
		<b id="19" c="6 8" t="ar"/>
		<b id="20" c="6 7" t="1"/>
		<b id="21" c="8 9" t="1"/>
		<b id="22" c="16 25" t="1"/>
		<b id="23" c="16 17" t="1"/>
		<b id="24" c="25 27" t="1"/>
		<b id="25" c="25 26" t="1"/>
		<b id="26" c="18 17" t="1"/>
		<b id="27" c="17 20" t="1"/>
		<b id="28" c="17 19" t="1"/>
	</bonds>
	<geometry>
		<g u="A" t="cart/3d">#28,3:0.2640,-1.1434,-2.6101;-0.5366,-1.1395,-1.8648;-1.4556,-1.6639,-2.1339;-0.3722,-0.5144,-0.6888;0.9394,0.1762,-0.4299;2.0174,-0.5152,0.1512;1.8917,-1.5647,0.4289;3.2467,0.1163,0.3638;4.0723,-0.4428,0.8129;3.4234,1.4540,-0.0021;4.3845,1.9481,0.1635;2.3638,2.1519,-0.5893;2.4944,3.1952,-0.8899;1.1354,1.5184,-0.8013;0.3165,2.0679,-1.2722;-1.4507,-0.4619,0.4144;-0.9034,-1.1058,1.7099;-0.6352,-2.1626,1.5476;-1.6697,-1.0697,2.5020;-0.0120,-0.5798,2.0831;-2.7285,-1.2128,0.0008;-3.4732,-1.1568,0.8111;-2.5314,-2.2786,-0.1959;-3.1861,-0.7771,-0.9016;-1.8219,1.0101,0.7110;-2.5965,1.0532,1.4945;-0.9555,1.5877,1.0665;-2.2212,1.5100,-0.1866;</g>
	</geometry>
	<conformers/>
	<properties/>
</molecule>
