<?xml version="1.0" ?>
<!--MOLLI PACKAGE EXPERIMENTAL XML FORMAT-->
<molecule name="react_138">
	<atoms>
		<a id="1" s="H" t="H" l="H"/>
		<a id="2" s="C" t="C.2" l="C"/>
		<a id="3" s="H" t="H" l="H"/>
		<a id="4" s="C" t="C.2" l="C"/>
		<a id="5" s="C" t="C.ar" l="C"/>
		<a id="6" s="C" t="C.ar" l="C"/>
		<a id="7" s="H" t="H" l="H"/>
		<a id="8" s="C" t="C.ar" l="C"/>
		<a id="9" s="H" t="H" l="H"/>
		<a id="10" s="C" t="C.ar" l="C"/>
		<a id="11" s="H" t="H" l="H"/>
		<a id="12" s="C" t="C.ar" l="C"/>
		<a id="13" s="H" t="H" l="H"/>
		<a id="14" s="C" t="C.ar" l="C"/>
		<a id="15" s="H" t="H" l="H"/>
		<a id="16" s="C" t="C.3" l="C"/>
		<a id="17" s="H" t="H" l="H"/>
		<a id="18" s="C" t="C.3" l="C"/>
		<a id="19" s="H" t="H" l="H"/>
		<a id="20" s="H" t="H" l="H"/>
		<a id="21" s="C" t="C.3" l="C"/>
		<a id="22" s="H" t="H" l="H"/>
		<a id="23" s="H" t="H" l="H"/>
		<a id="24" s="C" t="C.3" l="C"/>
		<a id="25" s="H" t="H" l="H"/>
		<a id="26" s="H" t="H" l="H"/>
	</atoms>
	<bonds>
		<b id="1" c="3 2" t="1"/>
		<b id="2" c="15 14" t="1"/>
		<b id="3" c="1 2" t="1"/>
		<b id="4" c="2 4" t="2"/>
		<b id="5" c="13 12" t="1"/>
		<b id="6" c="14 12" t="ar"/>
		<b id="7" c="14 5" t="ar"/>
		<b id="8" c="26 24" t="1"/>
		<b id="9" c="12 10" t="ar"/>
		<b id="10" c="4 5" t="1"/>
		<b id="11" c="4 16" t="1"/>
		<b id="12" c="5 6" t="ar"/>
		<b id="13" c="24 25" t="1"/>
		<b id="14" c="24 16" t="1"/>
		<b id="15" c="24 21" t="1"/>
		<b id="16" c="20 18" t="1"/>
		<b id="17" c="16 18" t="1"/>
		<b id="18" c="16 17" t="1"/>
		<b id="19" c="23 21" t="1"/>
		<b id="20" c="10 11" t="1"/>
		<b id="21" c="10 8" t="ar"/>
		<b id="22" c="18 21" t="1"/>
		<b id="23" c="18 19" t="1"/>
		<b id="24" c="21 22" t="1"/>
		<b id="25" c="6 8" t="ar"/>
		<b id="26" c="6 7" t="1"/>
		<b id="27" c="8 9" t="1"/>
	</bonds>
	<geometry>
		<g u="A" t="cart/3d">#26,3:1.8959,1.1007,-2.1746;0.8464,1.0947,-1.8711;0.1336,1.5517,-2.5620;0.4581,0.5801,-0.6901;-0.9800,0.5616,-0.2870;-1.3663,0.7104,1.0598;-0.6056,0.8434,1.8321;-2.7137,0.7152,1.4301;-2.9844,0.8435,2.4819;-3.7117,0.5578,0.4647;-4.7657,0.5558,0.7551;-3.3471,0.3922,-0.8757;-4.1169,0.2518,-1.6397;-2.0008,0.3908,-1.2441;-1.7299,0.2325,-2.2906;1.4545,0.0092,0.2930;1.4730,0.6526,1.1917;1.3235,-1.4759,0.7529;0.7745,-1.6789,1.6854;0.8943,-2.1000,-0.0474;2.8706,-1.5559,0.7801;3.2739,-1.3560,1.7858;3.3396,-2.4742,0.3942;2.9177,-0.2971,-0.1240;3.6812,0.4680,0.0878;2.9853,-0.5736,-1.1879;</g>
	</geometry>
	<conformers/>
	<properties/>
</molecule>
