<?xml version="1.0" ?>
<!--MOLLI PACKAGE EXPERIMENTAL XML FORMAT-->
<molecule name="react_139">
	<atoms>
		<a id="1" s="H" t="H" l="H"/>
		<a id="2" s="C" t="C.2" l="C"/>
		<a id="3" s="H" t="H" l="H"/>
		<a id="4" s="C" t="C.2" l="C"/>
		<a id="5" s="C" t="C.ar" l="C"/>
		<a id="6" s="C" t="C.ar" l="C"/>
		<a id="7" s="H" t="H" l="H"/>
		<a id="8" s="C" t="C.ar" l="C"/>
		<a id="9" s="H" t="H" l="H"/>
		<a id="10" s="C" t="C.ar" l="C"/>
		<a id="11" s="H" t="H" l="H"/>
		<a id="12" s="C" t="C.ar" l="C"/>
		<a id="13" s="H" t="H" l="H"/>
		<a id="14" s="C" t="C.ar" l="C"/>
		<a id="15" s="H" t="H" l="H"/>
		<a id="16" s="C" t="C.3" l="C"/>
		<a id="17" s="H" t="H" l="H"/>
		<a id="18" s="H" t="H" l="H"/>
		<a id="19" s="C" t="C.3" l="C"/>
		<a id="20" s="H" t="H" l="H"/>
		<a id="21" s="H" t="H" l="H"/>
		<a id="22" s="C" t="C.3" l="C"/>
		<a id="23" s="H" t="H" l="H"/>
		<a id="24" s="H" t="H" l="H"/>
		<a id="25" s="C" t="C.3" l="C"/>
		<a id="26" s="H" t="H" l="H"/>
		<a id="27" s="H" t="H" l="H"/>
		<a id="28" s="C" t="C.3" l="C"/>
		<a id="29" s="H" t="H" l="H"/>
		<a id="30" s="H" t="H" l="H"/>
		<a id="31" s="H" t="H" l="H"/>
	</atoms>
	<bonds>
		<b id="1" c="27 25" t="1"/>
		<b id="2" c="3 2" t="1"/>
		<b id="3" c="20 19" t="1"/>
		<b id="4" c="1 2" t="1"/>
		<b id="5" c="15 14" t="1"/>
		<b id="6" c="2 4" t="2"/>
		<b id="7" c="29 28" t="1"/>
		<b id="8" c="31 28" t="1"/>
		<b id="9" c="23 22" t="1"/>
		<b id="10" c="25 28" t="1"/>
		<b id="11" c="25 22" t="1"/>
		<b id="12" c="25 26" t="1"/>
		<b id="13" c="18 16" t="1"/>
		<b id="14" c="19 22" t="1"/>
		<b id="15" c="19 16" t="1"/>
		<b id="16" c="19 21" t="1"/>
		<b id="17" c="28 30" t="1"/>
		<b id="18" c="4 16" t="1"/>
		<b id="19" c="4 5" t="1"/>
		<b id="20" c="14 5" t="ar"/>
		<b id="21" c="14 12" t="ar"/>
		<b id="22" c="22 24" t="1"/>
		<b id="23" c="13 12" t="1"/>
		<b id="24" c="16 17" t="1"/>
		<b id="25" c="5 6" t="ar"/>
		<b id="26" c="12 10" t="ar"/>
		<b id="27" c="6 7" t="1"/>
		<b id="28" c="6 8" t="ar"/>
		<b id="29" c="10 11" t="1"/>
		<b id="30" c="10 8" t="ar"/>
		<b id="31" c="8 9" t="1"/>
	</bonds>
	<geometry>
		<g u="A" t="cart/3d">#31,3:-2.5850,-2.6482,-1.4848;-1.5200,-2.4933,-1.2927;-0.8205,-3.1427,-1.8272;-1.0814,-1.5667,-0.4212;-2.0383,-0.6672,0.2897;-1.8342,-0.2912,1.6321;-0.9565,-0.6563,2.1703;-2.7509,0.5233,2.3018;-2.5735,0.7909,3.3472;-3.8904,0.9938,1.6428;-4.6049,1.6353,2.1654;-4.1018,0.6435,0.3054;-4.9813,1.0168,-0.2266;-3.1862,-0.1727,-0.3615;-3.3476,-0.4185,-1.4137;0.4010,-1.3998,-0.1468;0.5987,-1.5126,0.9350;0.9466,-2.2229,-0.6375;0.9786,-0.0537,-0.6179;0.7781,0.0622,-1.6984;0.4408,0.7728,-0.1206;2.4814,0.0852,-0.3576;3.0182,-0.7445,-0.8556;2.6796,-0.0404,0.7240;3.0696,1.4202,-0.8268;2.5369,2.2479,-0.3234;2.8644,1.5472,-1.9057;4.5725,1.5494,-0.5739;5.1371,0.7603,-1.0994;4.8085,1.4608,0.5004;4.9602,2.5214,-0.9197;</g>
	</geometry>
	<conformers/>
	<properties/>
</molecule>
