<?xml version="1.0" ?>
<!--MOLLI PACKAGE EXPERIMENTAL XML FORMAT-->
<molecule name="react_141">
	<atoms>
		<a id="1" s="H" t="H" l="H"/>
		<a id="2" s="C" t="C.2" l="C"/>
		<a id="3" s="H" t="H" l="H"/>
		<a id="4" s="C" t="C.2" l="C"/>
		<a id="5" s="C" t="C.ar" l="C"/>
		<a id="6" s="C" t="C.ar" l="C"/>
		<a id="7" s="H" t="H" l="H"/>
		<a id="8" s="C" t="C.ar" l="C"/>
		<a id="9" s="H" t="H" l="H"/>
		<a id="10" s="C" t="C.ar" l="C"/>
		<a id="11" s="H" t="H" l="H"/>
		<a id="12" s="C" t="C.ar" l="C"/>
		<a id="13" s="H" t="H" l="H"/>
		<a id="14" s="C" t="C.ar" l="C"/>
		<a id="15" s="H" t="H" l="H"/>
		<a id="16" s="C" t="C.3" l="C"/>
		<a id="17" s="H" t="H" l="H"/>
		<a id="18" s="H" t="H" l="H"/>
		<a id="19" s="C" t="C.3" l="C"/>
		<a id="20" s="H" t="H" l="H"/>
		<a id="21" s="H" t="H" l="H"/>
		<a id="22" s="C" t="C.3" l="C"/>
		<a id="23" s="H" t="H" l="H"/>
		<a id="24" s="H" t="H" l="H"/>
		<a id="25" s="C" t="C.3" l="C"/>
		<a id="26" s="H" t="H" l="H"/>
		<a id="27" s="H" t="H" l="H"/>
		<a id="28" s="C" t="C.3" l="C"/>
		<a id="29" s="H" t="H" l="H"/>
		<a id="30" s="H" t="H" l="H"/>
		<a id="31" s="C" t="C.3" l="C"/>
		<a id="32" s="H" t="H" l="H"/>
		<a id="33" s="H" t="H" l="H"/>
		<a id="34" s="H" t="H" l="H"/>
	</atoms>
	<bonds>
		<b id="1" c="30 28" t="1"/>
		<b id="2" c="33 31" t="1"/>
		<b id="3" c="23 22" t="1"/>
		<b id="4" c="34 31" t="1"/>
		<b id="5" c="28 29" t="1"/>
		<b id="6" c="28 31" t="1"/>
		<b id="7" c="28 25" t="1"/>
		<b id="8" c="31 32" t="1"/>
		<b id="9" c="11 10" t="1"/>
		<b id="10" c="18 16" t="1"/>
		<b id="11" c="22 24" t="1"/>
		<b id="12" c="22 25" t="1"/>
		<b id="13" c="22 19" t="1"/>
		<b id="14" c="9 8" t="1"/>
		<b id="15" c="27 25" t="1"/>
		<b id="16" c="10 8" t="ar"/>
		<b id="17" c="10 12" t="ar"/>
		<b id="18" c="25 26" t="1"/>
		<b id="19" c="13 12" t="1"/>
		<b id="20" c="8 6" t="ar"/>
		<b id="21" c="12 14" t="ar"/>
		<b id="22" c="6 7" t="1"/>
		<b id="23" c="6 5" t="ar"/>
		<b id="24" c="14 5" t="ar"/>
		<b id="25" c="14 15" t="1"/>
		<b id="26" c="21 19" t="1"/>
		<b id="27" c="5 4" t="1"/>
		<b id="28" c="16 19" t="1"/>
		<b id="29" c="16 4" t="1"/>
		<b id="30" c="16 17" t="1"/>
		<b id="31" c="19 20" t="1"/>
		<b id="32" c="4 2" t="2"/>
		<b id="33" c="2 1" t="1"/>
		<b id="34" c="2 3" t="1"/>
	</bonds>
	<geometry>
		<g u="A" t="cart/3d">#34,3:0.1749,-0.9507,2.0681;-0.8631,-0.8691,1.7388;-1.5470,-1.6437,2.0941;-1.2875,0.1431,0.9610;-2.7095,0.2135,0.5095;-3.4464,-0.9575,0.2391;-2.9569,-1.9299,0.3298;-4.7786,-0.8969,-0.1728;-5.3220,-1.8224,-0.3829;-5.4131,0.3397,-0.3314;-6.4557,0.3885,-0.6566;-4.6962,1.5123,-0.0790;-5.1787,2.4863,-0.1995;-3.3609,1.4498,0.3286;-2.8269,2.3816,0.5261;-0.3790,1.2878,0.5312;-0.6481,2.1752,1.1344;-0.6322,1.5636,-0.5082;1.1372,1.0745,0.6325;1.4096,0.7552,1.6543;1.6256,2.0558,0.4954;1.7177,0.0926,-0.3930;1.4677,0.4493,-1.4099;1.2253,-0.8902,-0.2914;3.2350,-0.0866,-0.2793;3.4851,-0.4520,0.7350;3.7291,0.8995,-0.3704;3.8261,-1.0445,-1.3191;3.3311,-2.0289,-1.2275;3.5763,-0.6779,-2.3319;5.3411,-1.2210,-1.1997;5.6220,-1.6241,-0.2117;5.7304,-1.9134,-1.9637;5.8678,-0.2593,-1.3233;</g>
	</geometry>
	<conformers/>
	<properties/>
</molecule>
