<?xml version="1.0" ?>
<!--MOLLI PACKAGE EXPERIMENTAL XML FORMAT-->
<molecule name="react_142">
	<atoms>
		<a id="1" s="H" t="H" l="H"/>
		<a id="2" s="C" t="C.2" l="C"/>
		<a id="3" s="H" t="H" l="H"/>
		<a id="4" s="C" t="C.2" l="C"/>
		<a id="5" s="C" t="C.ar" l="C"/>
		<a id="6" s="C" t="C.ar" l="C"/>
		<a id="7" s="H" t="H" l="H"/>
		<a id="8" s="C" t="C.ar" l="C"/>
		<a id="9" s="H" t="H" l="H"/>
		<a id="10" s="C" t="C.ar" l="C"/>
		<a id="11" s="H" t="H" l="H"/>
		<a id="12" s="C" t="C.ar" l="C"/>
		<a id="13" s="H" t="H" l="H"/>
		<a id="14" s="C" t="C.ar" l="C"/>
		<a id="15" s="H" t="H" l="H"/>
		<a id="16" s="C" t="C.3" l="C"/>
		<a id="17" s="H" t="H" l="H"/>
		<a id="18" s="C" t="C.3" l="C"/>
		<a id="19" s="H" t="H" l="H"/>
		<a id="20" s="H" t="H" l="H"/>
		<a id="21" s="C" t="C.3" l="C"/>
		<a id="22" s="H" t="H" l="H"/>
		<a id="23" s="H" t="H" l="H"/>
		<a id="24" s="C" t="C.3" l="C"/>
		<a id="25" s="H" t="H" l="H"/>
		<a id="26" s="H" t="H" l="H"/>
		<a id="27" s="C" t="C.3" l="C"/>
		<a id="28" s="H" t="H" l="H"/>
		<a id="29" s="H" t="H" l="H"/>
		<a id="30" s="C" t="C.3" l="C"/>
		<a id="31" s="H" t="H" l="H"/>
		<a id="32" s="H" t="H" l="H"/>
	</atoms>
	<bonds>
		<b id="1" c="3 2" t="1"/>
		<b id="2" c="1 2" t="1"/>
		<b id="3" c="2 4" t="2"/>
		<b id="4" c="15 14" t="1"/>
		<b id="5" c="31 30" t="1"/>
		<b id="6" c="32 30" t="1"/>
		<b id="7" c="4 5" t="1"/>
		<b id="8" c="4 16" t="1"/>
		<b id="9" c="30 16" t="1"/>
		<b id="10" c="30 27" t="1"/>
		<b id="11" c="14 5" t="ar"/>
		<b id="12" c="14 12" t="ar"/>
		<b id="13" c="13 12" t="1"/>
		<b id="14" c="20 18" t="1"/>
		<b id="15" c="29 27" t="1"/>
		<b id="16" c="5 6" t="ar"/>
		<b id="17" c="22 21" t="1"/>
		<b id="18" c="16 18" t="1"/>
		<b id="19" c="16 17" t="1"/>
		<b id="20" c="12 10" t="ar"/>
		<b id="21" c="27 28" t="1"/>
		<b id="22" c="27 24" t="1"/>
		<b id="23" c="18 21" t="1"/>
		<b id="24" c="18 19" t="1"/>
		<b id="25" c="21 24" t="1"/>
		<b id="26" c="21 23" t="1"/>
		<b id="27" c="6 7" t="1"/>
		<b id="28" c="6 8" t="ar"/>
		<b id="29" c="10 11" t="1"/>
		<b id="30" c="10 8" t="ar"/>
		<b id="31" c="24 25" t="1"/>
		<b id="32" c="24 26" t="1"/>
		<b id="33" c="8 9" t="1"/>
	</bonds>
	<geometry>
		<g u="A" t="cart/3d">#32,3:-1.5694,0.6507,-2.9117;-0.6207,0.6561,-2.3685;0.2729,0.8999,-2.9468;-0.5735,0.3926,-1.0506;-1.8258,0.0388,-0.3124;-2.1222,0.5988,0.9457;-1.4268,1.3077,1.4016;-3.3089,0.2874,1.6138;-3.5199,0.7465,2.5837;-4.2258,-0.6026,1.0460;-5.1519,-0.8504,1.5717;-3.9437,-1.1761,-0.1974;-4.6472,-1.8822,-0.6475;-2.7586,-0.8598,-0.8661;-2.5368,-1.3286,-1.8280;0.7203,0.3972,-0.2479;0.5303,1.0017,0.6580;1.0760,-1.0443,0.2294;0.4409,-1.3032,1.0925;0.8160,-1.7612,-0.5675;2.5680,-1.2013,0.5990;3.1441,-1.5171,-0.2889;2.6883,-2.0099,1.3392;3.1567,0.1107,1.1272;4.1919,-0.0378,1.4765;2.5811,0.4268,2.0157;3.1092,1.2148,0.0460;3.0346,2.2020,0.5335;4.0561,1.2273,-0.5202;1.9344,1.0301,-0.9423;2.2479,0.3849,-1.7817;1.6627,2.0007,-1.3873;</g>
	</geometry>
	<conformers/>
	<properties/>
</molecule>
