<?xml version="1.0" ?>
<!--MOLLI PACKAGE EXPERIMENTAL XML FORMAT-->
<molecule name="react_143">
	<atoms>
		<a id="1" s="H" t="H" l="H"/>
		<a id="2" s="C" t="C.2" l="C"/>
		<a id="3" s="H" t="H" l="H"/>
		<a id="4" s="C" t="C.2" l="C"/>
		<a id="5" s="C" t="C.3" l="C"/>
		<a id="6" s="H" t="H" l="H"/>
		<a id="7" s="H" t="H" l="H"/>
		<a id="8" s="H" t="H" l="H"/>
		<a id="9" s="C" t="C.3" l="C"/>
		<a id="10" s="H" t="H" l="H"/>
		<a id="11" s="H" t="H" l="H"/>
		<a id="12" s="C" t="C.3" l="C"/>
		<a id="13" s="H" t="H" l="H"/>
		<a id="14" s="H" t="H" l="H"/>
		<a id="15" s="O" t="O.3" l="O"/>
		<a id="16" s="C" t="C.ar" l="C"/>
		<a id="17" s="C" t="C.ar" l="C"/>
		<a id="18" s="H" t="H" l="H"/>
		<a id="19" s="C" t="C.ar" l="C"/>
		<a id="20" s="H" t="H" l="H"/>
		<a id="21" s="C" t="C.ar" l="C"/>
		<a id="22" s="H" t="H" l="H"/>
		<a id="23" s="C" t="C.ar" l="C"/>
		<a id="24" s="O" t="O.3" l="O"/>
		<a id="25" s="C" t="C.3" l="C"/>
		<a id="26" s="H" t="H" l="H"/>
		<a id="27" s="H" t="H" l="H"/>
		<a id="28" s="H" t="H" l="H"/>
		<a id="29" s="C" t="C.ar" l="C"/>
		<a id="30" s="H" t="H" l="H"/>
	</atoms>
	<bonds>
		<b id="1" c="20 19" t="1"/>
		<b id="2" c="7 5" t="1"/>
		<b id="3" c="22 21" t="1"/>
		<b id="4" c="19 21" t="ar"/>
		<b id="5" c="19 17" t="ar"/>
		<b id="6" c="18 17" t="1"/>
		<b id="7" c="8 5" t="1"/>
		<b id="8" c="21 23" t="ar"/>
		<b id="9" c="13 12" t="1"/>
		<b id="10" c="17 16" t="ar"/>
		<b id="11" c="6 5" t="1"/>
		<b id="12" c="5 4" t="1"/>
		<b id="13" c="23 24" t="1"/>
		<b id="14" c="23 29" t="ar"/>
		<b id="15" c="16 29" t="ar"/>
		<b id="16" c="16 15" t="1"/>
		<b id="17" c="24 25" t="1"/>
		<b id="18" c="12 15" t="1"/>
		<b id="19" c="12 14" t="1"/>
		<b id="20" c="12 9" t="1"/>
		<b id="21" c="29 30" t="1"/>
		<b id="22" c="10 9" t="1"/>
		<b id="23" c="26 25" t="1"/>
		<b id="24" c="4 9" t="1"/>
		<b id="25" c="4 2" t="2"/>
		<b id="26" c="9 11" t="1"/>
		<b id="27" c="25 28" t="1"/>
		<b id="28" c="25 27" t="1"/>
		<b id="29" c="3 2" t="1"/>
		<b id="30" c="2 1" t="1"/>
	</bonds>
	<geometry>
		<g u="A" t="cart/3d">#30,3:4.1314,0.3727,2.4839;4.5325,0.1939,1.4815;5.5745,0.4791,1.3061;3.7832,-0.3557,0.5148;4.3305,-0.6204,-0.8670;5.3905,-0.3373,-0.9471;3.7743,-0.0643,-1.6420;4.2384,-1.6901,-1.1268;2.3418,-0.7499,0.7652;2.1696,-1.7879,0.4279;2.1203,-0.7213,1.8435;1.3299,0.1474,0.0516;1.4850,0.1339,-1.0435;1.4454,1.1943,0.3902;0.0346,-0.3348,0.3628;-1.0591,0.2914,-0.1474;-1.0113,1.4189,-0.9771;-0.0641,1.8724,-1.2668;-2.2184,1.9687,-1.4367;-2.1866,2.8492,-2.0845;-3.4475,1.4238,-1.0885;-4.3894,1.8469,-1.4418;-3.4864,0.2893,-0.2529;-4.7221,-0.1889,0.0449;-4.8416,-1.3231,0.8723;-4.3491,-2.2092,0.4312;-4.4150,-1.1477,1.8771;-5.9166,-1.5269,0.9731;-2.2967,-0.2744,0.2161;-2.2778,-1.1501,0.8636;</g>
	</geometry>
	<conformers/>
	<properties/>
</molecule>
