<?xml version="1.0" ?>
<!--MOLLI PACKAGE EXPERIMENTAL XML FORMAT-->
<molecule name="react_80">
	<atoms>
		<a id="1" s="H" t="H" l="H"/>
		<a id="2" s="C" t="C.2" l="C"/>
		<a id="3" s="H" t="H" l="H"/>
		<a id="4" s="C" t="C.2" l="C"/>
		<a id="5" s="H" t="H" l="H"/>
		<a id="6" s="C" t="C.3" l="C"/>
		<a id="7" s="H" t="H" l="H"/>
		<a id="8" s="H" t="H" l="H"/>
		<a id="9" s="I" t="I" l="I"/>
	</atoms>
	<bonds>
		<b id="1" c="7 6" t="1"/>
		<b id="2" c="5 4" t="1"/>
		<b id="3" c="3 2" t="1"/>
		<b id="4" c="4 2" t="2"/>
		<b id="5" c="4 6" t="1"/>
		<b id="6" c="2 1" t="1"/>
		<b id="7" c="6 9" t="1"/>
		<b id="8" c="6 8" t="1"/>
	</bonds>
	<geometry>
		<g u="A" t="cart/3d">#9,3:-1.4250,1.2165,0.2643;-1.4248,0.1566,-0.0060;-2.3941,-0.3251,-0.1602;-0.2931,-0.5349,-0.1453;-0.3540,-1.5993,-0.4182;1.1241,-0.0795,0.0155;1.6935,-0.2029,-0.9176;1.6418,-0.6473,0.8025;1.4318,2.0158,0.5651;</g>
	</geometry>
	<conformers/>
	<properties/>
</molecule>
