<?xml version="1.0" ?>
<!--MOLLI PACKAGE EXPERIMENTAL XML FORMAT-->
<molecule name="react_144">
	<atoms>
		<a id="1" s="H" t="H" l="H"/>
		<a id="2" s="C" t="C.2" l="C"/>
		<a id="3" s="H" t="H" l="H"/>
		<a id="4" s="C" t="C.2" l="C"/>
		<a id="5" s="C" t="C.3" l="C"/>
		<a id="6" s="H" t="H" l="H"/>
		<a id="7" s="H" t="H" l="H"/>
		<a id="8" s="H" t="H" l="H"/>
		<a id="9" s="C" t="C.3" l="C"/>
		<a id="10" s="H" t="H" l="H"/>
		<a id="11" s="H" t="H" l="H"/>
		<a id="12" s="C" t="C.3" l="C"/>
		<a id="13" s="H" t="H" l="H"/>
		<a id="14" s="H" t="H" l="H"/>
		<a id="15" s="O" t="O.3" l="O"/>
		<a id="16" s="C" t="C.ar" l="C"/>
		<a id="17" s="C" t="C.ar" l="C"/>
		<a id="18" s="H" t="H" l="H"/>
		<a id="19" s="C" t="C.ar" l="C"/>
		<a id="20" s="H" t="H" l="H"/>
		<a id="21" s="C" t="C.ar" l="C"/>
		<a id="22" s="H" t="H" l="H"/>
		<a id="23" s="C" t="C.ar" l="C"/>
		<a id="24" s="H" t="H" l="H"/>
		<a id="25" s="C" t="C.ar" l="C"/>
		<a id="26" s="O" t="O.3" l="O"/>
		<a id="27" s="C" t="C.3" l="C"/>
		<a id="28" s="H" t="H" l="H"/>
		<a id="29" s="H" t="H" l="H"/>
		<a id="30" s="H" t="H" l="H"/>
	</atoms>
	<bonds>
		<b id="1" c="6 5" t="1"/>
		<b id="2" c="22 21" t="1"/>
		<b id="3" c="7 5" t="1"/>
		<b id="4" c="21 19" t="ar"/>
		<b id="5" c="21 23" t="ar"/>
		<b id="6" c="20 19" t="1"/>
		<b id="7" c="5 8" t="1"/>
		<b id="8" c="5 4" t="1"/>
		<b id="9" c="24 23" t="1"/>
		<b id="10" c="28 27" t="1"/>
		<b id="11" c="19 17" t="ar"/>
		<b id="12" c="23 25" t="ar"/>
		<b id="13" c="11 9" t="1"/>
		<b id="14" c="1 2" t="1"/>
		<b id="15" c="4 2" t="2"/>
		<b id="16" c="4 9" t="1"/>
		<b id="17" c="17 18" t="1"/>
		<b id="18" c="17 16" t="ar"/>
		<b id="19" c="25 16" t="ar"/>
		<b id="20" c="25 26" t="1"/>
		<b id="21" c="2 3" t="1"/>
		<b id="22" c="27 26" t="1"/>
		<b id="23" c="27 30" t="1"/>
		<b id="24" c="27 29" t="1"/>
		<b id="25" c="9 10" t="1"/>
		<b id="26" c="9 12" t="1"/>
		<b id="27" c="16 15" t="1"/>
		<b id="28" c="15 12" t="1"/>
		<b id="29" c="12 13" t="1"/>
		<b id="30" c="12 14" t="1"/>
	</bonds>
	<geometry>
		<g u="A" t="cart/3d">#30,3:3.1159,-2.1836,-0.2329;2.5089,-1.3600,0.1564;1.6193,-1.6220,0.7326;2.8382,-0.0881,-0.1113;4.0321,0.2646,-0.9655;3.7302,0.8767,-1.8348;4.5456,-0.6324,-1.3425;4.7644,0.8690,-0.3996;2.0511,1.1116,0.3841;2.7670,1.8851,0.7220;1.5257,1.5705,-0.4746;1.0708,0.8907,1.5371;0.6969,1.8637,1.9046;1.5917,0.4034,2.3756;-0.0131,0.0252,1.2399;-1.0583,0.4395,0.4801;-1.3004,1.7556,0.0792;-0.6071,2.5490,0.3607;-2.4352,2.0748,-0.6846;-2.6044,3.1113,-0.9867;-3.3303,1.0769,-1.0515;-4.2148,1.3153,-1.6474;-3.0996,-0.2515,-0.6579;-3.8075,-1.0270,-0.9524;-1.9749,-0.5829,0.1019;-1.6654,-1.8335,0.5278;-2.5222,-2.8996,0.1965;-2.6023,-3.0420,-0.8974;-2.0835,-3.8038,0.6408;-3.5387,-2.7565,0.6085;</g>
	</geometry>
	<conformers/>
	<properties/>
</molecule>
