<?xml version="1.0" ?>
<!--MOLLI PACKAGE EXPERIMENTAL XML FORMAT-->
<molecule name="react_145">
	<atoms>
		<a id="1" s="H" t="H" l="H"/>
		<a id="2" s="C" t="C.2" l="C"/>
		<a id="3" s="H" t="H" l="H"/>
		<a id="4" s="C" t="C.2" l="C"/>
		<a id="5" s="C" t="C.3" l="C"/>
		<a id="6" s="H" t="H" l="H"/>
		<a id="7" s="H" t="H" l="H"/>
		<a id="8" s="H" t="H" l="H"/>
		<a id="9" s="C" t="C.3" l="C"/>
		<a id="10" s="H" t="H" l="H"/>
		<a id="11" s="H" t="H" l="H"/>
		<a id="12" s="C" t="C.3" l="C"/>
		<a id="13" s="H" t="H" l="H"/>
		<a id="14" s="H" t="H" l="H"/>
		<a id="15" s="O" t="O.3" l="O"/>
		<a id="16" s="C" t="C.3" l="C"/>
		<a id="17" s="H" t="H" l="H"/>
		<a id="18" s="H" t="H" l="H"/>
		<a id="19" s="C" t="C.ar" l="C"/>
		<a id="20" s="C" t="C.ar" l="C"/>
		<a id="21" s="H" t="H" l="H"/>
		<a id="22" s="C" t="C.ar" l="C"/>
		<a id="23" s="H" t="H" l="H"/>
		<a id="24" s="C" t="C.ar" l="C"/>
		<a id="25" s="H" t="H" l="H"/>
		<a id="26" s="C" t="C.ar" l="C"/>
		<a id="27" s="H" t="H" l="H"/>
		<a id="28" s="C" t="C.ar" l="C"/>
		<a id="29" s="H" t="H" l="H"/>
	</atoms>
	<bonds>
		<b id="1" c="23 22" t="1"/>
		<b id="2" c="10 9" t="1"/>
		<b id="3" c="7 5" t="1"/>
		<b id="4" c="21 20" t="1"/>
		<b id="5" c="22 20" t="ar"/>
		<b id="6" c="22 24" t="ar"/>
		<b id="7" c="11 9" t="1"/>
		<b id="8" c="25 24" t="1"/>
		<b id="9" c="9 4" t="1"/>
		<b id="10" c="9 12" t="1"/>
		<b id="11" c="20 19" t="ar"/>
		<b id="12" c="24 26" t="ar"/>
		<b id="13" c="5 4" t="1"/>
		<b id="14" c="5 8" t="1"/>
		<b id="15" c="5 6" t="1"/>
		<b id="16" c="4 2" t="2"/>
		<b id="17" c="2 1" t="1"/>
		<b id="18" c="2 3" t="1"/>
		<b id="19" c="15 12" t="1"/>
		<b id="20" c="15 16" t="1"/>
		<b id="21" c="12 14" t="1"/>
		<b id="22" c="12 13" t="1"/>
		<b id="23" c="19 16" t="1"/>
		<b id="24" c="19 28" t="ar"/>
		<b id="25" c="26 28" t="ar"/>
		<b id="26" c="26 27" t="1"/>
		<b id="27" c="16 18" t="1"/>
		<b id="28" c="16 17" t="1"/>
		<b id="29" c="28 29" t="1"/>
	</bonds>
	<geometry>
		<g u="A" t="cart/3d">#29,3:-3.8038,-2.6857,0.0655;-4.3161,-1.7187,0.0503;-5.3856,-1.7208,0.2826;-3.6638,-0.5853,-0.2462;-4.3641,0.7513,-0.2907;-3.9137,1.4730,0.4131;-4.2789,1.2036,-1.2950;-5.4325,0.6611,-0.0445;-2.1811,-0.5872,-0.5586;-1.9824,0.0175,-1.4616;-1.8378,-1.6111,-0.7755;-1.3140,-0.0290,0.5712;-1.4468,-0.6418,1.4876;-1.6206,1.0059,0.8322;0.0302,-0.0450,0.1522;0.9396,0.4381,1.1062;0.8508,-0.1431,2.0511;0.7056,1.4917,1.3729;2.3609,0.3501,0.5943;2.6788,-0.3911,-0.5509;1.8766,-0.8915,-1.0951;4.0041,-0.4796,-0.9911;4.2376,-1.0598,-1.8883;5.0263,0.1678,-0.2921;6.0614,0.0972,-0.6373;4.7150,0.9113,0.8520;5.5065,1.4262,1.4037;3.3916,1.0029,1.2888;3.1563,1.5923,2.1812;</g>
	</geometry>
	<conformers/>
	<properties/>
</molecule>
