<?xml version="1.0" ?>
<!--MOLLI PACKAGE EXPERIMENTAL XML FORMAT-->
<molecule name="react_146">
	<atoms>
		<a id="1" s="H" t="H" l="H"/>
		<a id="2" s="C" t="C.2" l="C"/>
		<a id="3" s="H" t="H" l="H"/>
		<a id="4" s="C" t="C.2" l="C"/>
		<a id="5" s="C" t="C.3" l="C"/>
		<a id="6" s="H" t="H" l="H"/>
		<a id="7" s="H" t="H" l="H"/>
		<a id="8" s="H" t="H" l="H"/>
		<a id="9" s="C" t="C.3" l="C"/>
		<a id="10" s="H" t="H" l="H"/>
		<a id="11" s="H" t="H" l="H"/>
		<a id="12" s="C" t="C.3" l="C"/>
		<a id="13" s="H" t="H" l="H"/>
		<a id="14" s="H" t="H" l="H"/>
		<a id="15" s="O" t="O.3" l="O"/>
		<a id="16" s="C" t="C.ar" l="C"/>
		<a id="17" s="C" t="C.ar" l="C"/>
		<a id="18" s="H" t="H" l="H"/>
		<a id="19" s="C" t="C.ar" l="C"/>
		<a id="20" s="H" t="H" l="H"/>
		<a id="21" s="C" t="C.ar" l="C"/>
		<a id="22" s="O" t="O.3" l="O"/>
		<a id="23" s="C" t="C.3" l="C"/>
		<a id="24" s="H" t="H" l="H"/>
		<a id="25" s="H" t="H" l="H"/>
		<a id="26" s="H" t="H" l="H"/>
		<a id="27" s="C" t="C.ar" l="C"/>
		<a id="28" s="H" t="H" l="H"/>
		<a id="29" s="C" t="C.ar" l="C"/>
		<a id="30" s="H" t="H" l="H"/>
	</atoms>
	<bonds>
		<b id="1" c="18 17" t="1"/>
		<b id="2" c="20 19" t="1"/>
		<b id="3" c="25 23" t="1"/>
		<b id="4" c="17 19" t="ar"/>
		<b id="5" c="17 16" t="ar"/>
		<b id="6" c="7 5" t="1"/>
		<b id="7" c="19 21" t="ar"/>
		<b id="8" c="15 16" t="1"/>
		<b id="9" c="15 12" t="1"/>
		<b id="10" c="13 12" t="1"/>
		<b id="11" c="16 29" t="ar"/>
		<b id="12" c="24 23" t="1"/>
		<b id="13" c="23 26" t="1"/>
		<b id="14" c="23 22" t="1"/>
		<b id="15" c="8 5" t="1"/>
		<b id="16" c="5 6" t="1"/>
		<b id="17" c="5 4" t="1"/>
		<b id="18" c="12 14" t="1"/>
		<b id="19" c="12 9" t="1"/>
		<b id="20" c="21 22" t="1"/>
		<b id="21" c="21 27" t="ar"/>
		<b id="22" c="29 27" t="ar"/>
		<b id="23" c="29 30" t="1"/>
		<b id="24" c="4 9" t="1"/>
		<b id="25" c="4 2" t="2"/>
		<b id="26" c="27 28" t="1"/>
		<b id="27" c="9 10" t="1"/>
		<b id="28" c="9 11" t="1"/>
		<b id="29" c="3 2" t="1"/>
		<b id="30" c="2 1" t="1"/>
	</bonds>
	<geometry>
		<g u="A" t="cart/3d">#30,3:-2.0039,1.5000,2.0369;-2.8125,1.4117,1.3049;-3.3839,2.3190,1.0854;-3.0879,0.2473,0.7013;-4.1842,0.1185,-0.3265;-4.8712,-0.7111,-0.0803;-3.7661,-0.0973,-1.3251;-4.7761,1.0425,-0.4038;-2.3119,-1.0105,1.0377;-2.9887,-1.7350,1.5325;-1.5249,-0.7697,1.7691;-1.7092,-1.7414,-0.1705;-2.5114,-2.1053,-0.8308;-1.1462,-2.6311,0.1660;-0.9084,-0.9175,-0.9986;0.3650,-0.5840,-0.6371;1.0234,0.3318,-1.4685;0.4810,0.7322,-2.3279;2.3388,0.7247,-1.2125;2.8146,1.4397,-1.8847;3.0264,0.2033,-0.1044;4.3067,0.5240,0.2368;5.0213,1.4314,-0.5663;4.5378,2.4258,-0.6013;5.1412,1.0638,-1.6029;6.0164,1.5385,-0.1124;2.3688,-0.7128,0.7285;2.9101,-1.1124,1.5890;1.0545,-1.1055,0.4711;0.5805,-1.8206,1.1444;</g>
	</geometry>
	<conformers/>
	<properties/>
</molecule>
