<?xml version="1.0" ?>
<!--MOLLI PACKAGE EXPERIMENTAL XML FORMAT-->
<molecule name="react_147">
	<atoms>
		<a id="1" s="H" t="H" l="H"/>
		<a id="2" s="C" t="C.2" l="C"/>
		<a id="3" s="H" t="H" l="H"/>
		<a id="4" s="C" t="C.2" l="C"/>
		<a id="5" s="C" t="C.3" l="C"/>
		<a id="6" s="H" t="H" l="H"/>
		<a id="7" s="H" t="H" l="H"/>
		<a id="8" s="O" t="O.3" l="O"/>
		<a id="9" s="C" t="C.3" l="C"/>
		<a id="10" s="H" t="H" l="H"/>
		<a id="11" s="H" t="H" l="H"/>
		<a id="12" s="C" t="C.ar" l="C"/>
		<a id="13" s="C" t="C.ar" l="C"/>
		<a id="14" s="H" t="H" l="H"/>
		<a id="15" s="C" t="C.ar" l="C"/>
		<a id="16" s="H" t="H" l="H"/>
		<a id="17" s="C" t="C.ar" l="C"/>
		<a id="18" s="H" t="H" l="H"/>
		<a id="19" s="C" t="C.ar" l="C"/>
		<a id="20" s="H" t="H" l="H"/>
		<a id="21" s="C" t="C.ar" l="C"/>
		<a id="22" s="H" t="H" l="H"/>
		<a id="23" s="C" t="C.3" l="C"/>
		<a id="24" s="H" t="H" l="H"/>
		<a id="25" s="H" t="H" l="H"/>
		<a id="26" s="C" t="C.3" l="C"/>
		<a id="27" s="H" t="H" l="H"/>
		<a id="28" s="H" t="H" l="H"/>
		<a id="29" s="H" t="H" l="H"/>
	</atoms>
	<bonds>
		<b id="1" c="24 23" t="1"/>
		<b id="2" c="6 5" t="1"/>
		<b id="3" c="11 9" t="1"/>
		<b id="4" c="22 21" t="1"/>
		<b id="5" c="20 19" t="1"/>
		<b id="6" c="23 25" t="1"/>
		<b id="7" c="23 4" t="1"/>
		<b id="8" c="23 26" t="1"/>
		<b id="9" c="21 19" t="ar"/>
		<b id="10" c="21 12" t="ar"/>
		<b id="11" c="19 17" t="ar"/>
		<b id="12" c="5 4" t="1"/>
		<b id="13" c="5 8" t="1"/>
		<b id="14" c="5 7" t="1"/>
		<b id="15" c="9 8" t="1"/>
		<b id="16" c="9 12" t="1"/>
		<b id="17" c="9 10" t="1"/>
		<b id="18" c="4 2" t="2"/>
		<b id="19" c="12 13" t="ar"/>
		<b id="20" c="29 26" t="1"/>
		<b id="21" c="17 18" t="1"/>
		<b id="22" c="17 15" t="ar"/>
		<b id="23" c="27 26" t="1"/>
		<b id="24" c="26 28" t="1"/>
		<b id="25" c="2 1" t="1"/>
		<b id="26" c="2 3" t="1"/>
		<b id="27" c="13 15" t="ar"/>
		<b id="28" c="13 14" t="1"/>
		<b id="29" c="15 16" t="1"/>
	</bonds>
	<geometry>
		<g u="A" t="cart/3d">#29,3:2.6442,-2.8099,0.6496;1.9551,-1.9705,0.5153;0.9124,-2.1116,0.8060;2.3800,-0.8063,0.0092;1.4402,0.3596,-0.1901;1.5524,0.7453,-1.2293;1.7431,1.1981,0.4754;0.1072,0.0000,0.0600;-0.8041,1.0679,-0.0138;-0.5980,1.8182,0.7788;-0.6859,1.6007,-0.9842;-2.2241,0.5633,0.1123;-3.2271,1.3998,0.6240;-2.9692,2.4053,0.9722;-4.5521,0.9611,0.6996;-5.3224,1.6248,1.1021;-4.8895,-0.3270,0.2720;-5.9243,-0.6744,0.3362;-3.8932,-1.1694,-0.2320;-4.1480,-2.1801,-0.5635;-2.5696,-0.7271,-0.3142;-1.7879,-1.3831,-0.7019;3.8187,-0.5665,-0.4001;3.8466,-0.2582,-1.4631;4.3619,-1.5237,-0.3433;4.5602,0.4871,0.4399;4.1074,1.4879,0.3488;4.5556,0.2140,1.5079;5.6104,0.5748,0.1175;</g>
	</geometry>
	<conformers/>
	<properties/>
</molecule>
