<?xml version="1.0" ?>
<!--MOLLI PACKAGE EXPERIMENTAL XML FORMAT-->
<molecule name="react_148">
	<atoms>
		<a id="1" s="H" t="H" l="H"/>
		<a id="2" s="C" t="C.2" l="C"/>
		<a id="3" s="H" t="H" l="H"/>
		<a id="4" s="C" t="C.2" l="C"/>
		<a id="5" s="C" t="C.ar" l="C"/>
		<a id="6" s="C" t="C.ar" l="C"/>
		<a id="7" s="H" t="H" l="H"/>
		<a id="8" s="C" t="C.ar" l="C"/>
		<a id="9" s="H" t="H" l="H"/>
		<a id="10" s="C" t="C.ar" l="C"/>
		<a id="11" s="H" t="H" l="H"/>
		<a id="12" s="C" t="C.ar" l="C"/>
		<a id="13" s="H" t="H" l="H"/>
		<a id="14" s="C" t="C.ar" l="C"/>
		<a id="15" s="C" t="C.3" l="C"/>
		<a id="16" s="H" t="H" l="H"/>
		<a id="17" s="H" t="H" l="H"/>
		<a id="18" s="C" t="C.3" l="C"/>
		<a id="19" s="H" t="H" l="H"/>
		<a id="20" s="H" t="H" l="H"/>
		<a id="21" s="C" t="C.3" l="C"/>
		<a id="22" s="C" t="C.3" l="C"/>
		<a id="23" s="H" t="H" l="H"/>
		<a id="24" s="H" t="H" l="H"/>
		<a id="25" s="H" t="H" l="H"/>
		<a id="26" s="C" t="C.3" l="C"/>
		<a id="27" s="H" t="H" l="H"/>
		<a id="28" s="H" t="H" l="H"/>
		<a id="29" s="H" t="H" l="H"/>
	</atoms>
	<bonds>
		<b id="1" c="24 22" t="1"/>
		<b id="2" c="23 22" t="1"/>
		<b id="3" c="25 22" t="1"/>
		<b id="4" c="11 10" t="1"/>
		<b id="5" c="17 15" t="1"/>
		<b id="6" c="22 21" t="1"/>
		<b id="7" c="13 12" t="1"/>
		<b id="8" c="10 12" t="ar"/>
		<b id="9" c="10 8" t="ar"/>
		<b id="10" c="12 14" t="ar"/>
		<b id="11" c="9 8" t="1"/>
		<b id="12" c="8 6" t="ar"/>
		<b id="13" c="14 15" t="1"/>
		<b id="14" c="14 5" t="ar"/>
		<b id="15" c="15 16" t="1"/>
		<b id="16" c="15 18" t="1"/>
		<b id="17" c="6 5" t="ar"/>
		<b id="18" c="6 7" t="1"/>
		<b id="19" c="5 4" t="1"/>
		<b id="20" c="21 18" t="1"/>
		<b id="21" c="21 4" t="1"/>
		<b id="22" c="21 26" t="1"/>
		<b id="23" c="19 18" t="1"/>
		<b id="24" c="18 20" t="1"/>
		<b id="25" c="4 2" t="2"/>
		<b id="26" c="28 26" t="1"/>
		<b id="27" c="29 26" t="1"/>
		<b id="28" c="26 27" t="1"/>
		<b id="29" c="2 3" t="1"/>
		<b id="30" c="2 1" t="1"/>
	</bonds>
	<geometry>
		<g u="A" t="cart/3d">#29,3:-0.5348,2.5882,1.8902;0.2558,1.9710,1.4621;1.2763,2.2284,1.7543;-0.0061,0.9406,0.6373;1.0933,0.1116,0.0563;2.3989,0.6301,-0.0830;2.5901,1.6699,0.1901;3.4441,-0.1413,-0.5831;4.4431,0.2920,-0.6807;3.2066,-1.4660,-0.9688;4.0193,-2.0838,-1.3602;1.9190,-1.9871,-0.8605;1.7240,-3.0189,-1.1700;0.8537,-1.2184,-0.3632;-0.5367,-1.8175,-0.3215;-0.4831,-2.8535,0.0545;-0.9070,-1.9046,-1.3600;-1.5294,-1.0075,0.5109;-2.5577,-1.3497,0.3023;-1.3487,-1.1897,1.5849;-1.4347,0.5199,0.2623;-1.6932,0.8559,-1.2260;-2.6765,0.4718,-1.5466;-0.9279,0.4313,-1.8925;-1.6891,1.9472,-1.3760;-2.5098,1.2146,1.1116;-2.3696,1.0170,2.1862;-3.5077,0.8428,0.8275;-2.5123,2.3057,0.9617;</g>
	</geometry>
	<conformers/>
	<properties/>
</molecule>
