<?xml version="1.0" ?>
<!--MOLLI PACKAGE EXPERIMENTAL XML FORMAT-->
<molecule name="react_149">
	<atoms>
		<a id="1" s="H" t="H" l="H"/>
		<a id="2" s="C" t="C.2" l="C"/>
		<a id="3" s="H" t="H" l="H"/>
		<a id="4" s="C" t="C.2" l="C"/>
		<a id="5" s="C" t="C.ar" l="C"/>
		<a id="6" s="C" t="C.ar" l="C"/>
		<a id="7" s="H" t="H" l="H"/>
		<a id="8" s="C" t="C.ar" l="C"/>
		<a id="9" s="H" t="H" l="H"/>
		<a id="10" s="C" t="C.ar" l="C"/>
		<a id="11" s="C" t="C.3" l="C"/>
		<a id="12" s="H" t="H" l="H"/>
		<a id="13" s="H" t="H" l="H"/>
		<a id="14" s="C" t="C.3" l="C"/>
		<a id="15" s="H" t="H" l="H"/>
		<a id="16" s="C" t="C.3" l="C"/>
		<a id="17" s="H" t="H" l="H"/>
		<a id="18" s="H" t="H" l="H"/>
		<a id="19" s="H" t="H" l="H"/>
		<a id="20" s="C" t="C.3" l="C"/>
		<a id="21" s="H" t="H" l="H"/>
		<a id="22" s="H" t="H" l="H"/>
		<a id="23" s="H" t="H" l="H"/>
		<a id="24" s="C" t="C.ar" l="C"/>
		<a id="25" s="H" t="H" l="H"/>
		<a id="26" s="C" t="C.ar" l="C"/>
		<a id="27" s="H" t="H" l="H"/>
		<a id="28" s="C" t="C.3" l="C"/>
		<a id="29" s="H" t="H" l="H"/>
		<a id="30" s="H" t="H" l="H"/>
		<a id="31" s="H" t="H" l="H"/>
	</atoms>
	<bonds>
		<b id="1" c="25 24" t="1"/>
		<b id="2" c="23 20" t="1"/>
		<b id="3" c="27 26" t="1"/>
		<b id="4" c="31 28" t="1"/>
		<b id="5" c="15 14" t="1"/>
		<b id="6" c="21 20" t="1"/>
		<b id="7" c="24 26" t="ar"/>
		<b id="8" c="24 10" t="ar"/>
		<b id="9" c="12 11" t="1"/>
		<b id="10" c="29 28" t="1"/>
		<b id="11" c="20 14" t="1"/>
		<b id="12" c="20 22" t="1"/>
		<b id="13" c="26 5" t="ar"/>
		<b id="14" c="28 30" t="1"/>
		<b id="15" c="28 4" t="1"/>
		<b id="16" c="14 11" t="1"/>
		<b id="17" c="14 16" t="1"/>
		<b id="18" c="11 10" t="1"/>
		<b id="19" c="11 13" t="1"/>
		<b id="20" c="10 8" t="ar"/>
		<b id="21" c="5 4" t="1"/>
		<b id="22" c="5 6" t="ar"/>
		<b id="23" c="19 16" t="1"/>
		<b id="24" c="4 2" t="2"/>
		<b id="25" c="16 18" t="1"/>
		<b id="26" c="16 17" t="1"/>
		<b id="27" c="8 6" t="ar"/>
		<b id="28" c="8 9" t="1"/>
		<b id="29" c="6 7" t="1"/>
		<b id="30" c="2 3" t="1"/>
		<b id="31" c="2 1" t="1"/>
	</bonds>
	<geometry>
		<g u="A" t="cart/3d">#31,3:3.4091,-0.8824,2.5573;4.0592,-0.7313,1.6923;5.1167,-0.9763,1.8253;3.5943,-0.2873,0.5095;2.1631,0.0780,0.3066;1.3328,0.4517,1.3820;1.7498,0.5101,2.3898;-0.0079,0.7811,1.1862;-0.6166,1.0755,2.0466;-0.5879,0.7636,-0.0932;-2.0443,1.1096,-0.3133;-2.1204,1.8089,-1.1648;-2.4321,1.6515,0.5675;-2.9704,-0.0992,-0.5989;-2.5461,-0.6372,-1.4676;-3.0262,-1.0793,0.5786;-3.4524,-0.5942,1.4748;-2.0263,-1.4558,0.8452;-3.6603,-1.9489,0.3395;-4.3748,0.3824,-0.9851;-5.0346,-0.4653,-1.2330;-4.8451,0.9365,-0.1539;-4.3478,1.0541,-1.8591;0.2402,0.4096,-1.1696;-0.1704,0.3982,-2.1843;1.5830,0.0799,-0.9774;2.1842,-0.1892,-1.8479;4.5253,-0.1582,-0.6750;4.4683,0.8468,-1.1263;5.5677,-0.3485,-0.3810;4.2700,-0.8789,-1.4712;</g>
	</geometry>
	<conformers/>
	<properties/>
</molecule>
