<?xml version="1.0" ?>
<!--MOLLI PACKAGE EXPERIMENTAL XML FORMAT-->
<molecule name="react_151">
	<atoms>
		<a id="1" s="H" t="H" l="H"/>
		<a id="2" s="C" t="C.2" l="C"/>
		<a id="3" s="H" t="H" l="H"/>
		<a id="4" s="C" t="C.2" l="C"/>
		<a id="5" s="C" t="C.ar" l="C"/>
		<a id="6" s="N" t="N.ar" l="N"/>
		<a id="7" s="C" t="C.ar" l="C"/>
		<a id="8" s="Br" t="Br" l="BR"/>
		<a id="9" s="C" t="C.ar" l="C"/>
		<a id="10" s="H" t="H" l="H"/>
		<a id="11" s="C" t="C.ar" l="C"/>
		<a id="12" s="H" t="H" l="H"/>
		<a id="13" s="C" t="C.ar" l="C"/>
		<a id="14" s="H" t="H" l="H"/>
		<a id="15" s="C" t="C.ar" l="C"/>
		<a id="16" s="C" t="C.ar" l="C"/>
		<a id="17" s="H" t="H" l="H"/>
		<a id="18" s="C" t="C.ar" l="C"/>
		<a id="19" s="H" t="H" l="H"/>
		<a id="20" s="C" t="C.ar" l="C"/>
		<a id="21" s="H" t="H" l="H"/>
		<a id="22" s="C" t="C.ar" l="C"/>
		<a id="23" s="H" t="H" l="H"/>
		<a id="24" s="C" t="C.ar" l="C"/>
		<a id="25" s="H" t="H" l="H"/>
	</atoms>
	<bonds>
		<b id="1" c="10 9" t="1"/>
		<b id="2" c="12 11" t="1"/>
		<b id="3" c="9 11" t="ar"/>
		<b id="4" c="9 7" t="ar"/>
		<b id="5" c="19 18" t="1"/>
		<b id="6" c="11 13" t="ar"/>
		<b id="7" c="17 16" t="1"/>
		<b id="8" c="8 7" t="1"/>
		<b id="9" c="7 6" t="ar"/>
		<b id="10" c="13 14" t="1"/>
		<b id="11" c="13 5" t="ar"/>
		<b id="12" c="18 16" t="ar"/>
		<b id="13" c="18 20" t="ar"/>
		<b id="14" c="16 15" t="ar"/>
		<b id="15" c="6 5" t="ar"/>
		<b id="16" c="5 4" t="1"/>
		<b id="17" c="21 20" t="1"/>
		<b id="18" c="20 22" t="ar"/>
		<b id="19" c="15 4" t="1"/>
		<b id="20" c="15 24" t="ar"/>
		<b id="21" c="4 2" t="2"/>
		<b id="22" c="22 24" t="ar"/>
		<b id="23" c="22 23" t="1"/>
		<b id="24" c="2 3" t="1"/>
		<b id="25" c="2 1" t="1"/>
		<b id="26" c="24 25" t="1"/>
	</bonds>
	<geometry>
		<g u="A" t="cart/3d">#25,3:0.3342,-2.0844,2.3697;-0.4703,-1.7525,1.7090;-1.4563,-2.2090,1.8166;-0.2502,-0.8168,0.7647;-1.3631,-0.3968,-0.1382;-2.4503,-1.1941,-0.1866;-3.4690,-0.8573,-0.9351;-4.9811,-2.0486,-0.9505;-3.5303,0.3026,-1.7231;-4.4057,0.5280,-2.3327;-2.4180,1.1401,-1.6774;-2.4054,2.0653,-2.2600;-1.3211,0.7959,-0.8813;-0.4493,1.4483,-0.8292;1.0953,-0.1836,0.6180;1.7633,-0.1693,-0.6216;1.2799,-0.6059,-1.4997;3.0444,0.3749,-0.7389;3.5499,0.3658,-1.7085;3.6827,0.9228,0.3789;4.6841,1.3515,0.2856;3.0303,0.9195,1.6151;3.5179,1.3500,2.4940;1.7495,0.3718,1.7325;1.2384,0.3817,2.6986;</g>
	</geometry>
	<conformers/>
	<properties/>
</molecule>
