<?xml version="1.0" ?>
<!--MOLLI PACKAGE EXPERIMENTAL XML FORMAT-->
<molecule name="react_152">
	<atoms>
		<a id="1" s="H" t="H" l="H"/>
		<a id="2" s="C" t="C.2" l="C"/>
		<a id="3" s="H" t="H" l="H"/>
		<a id="4" s="C" t="C.2" l="C"/>
		<a id="5" s="C" t="C.ar" l="C"/>
		<a id="6" s="N" t="N.ar" l="N"/>
		<a id="7" s="C" t="C.ar" l="C"/>
		<a id="8" s="H" t="H" l="H"/>
		<a id="9" s="C" t="C.ar" l="C"/>
		<a id="10" s="Br" t="Br" l="BR"/>
		<a id="11" s="C" t="C.ar" l="C"/>
		<a id="12" s="H" t="H" l="H"/>
		<a id="13" s="C" t="C.ar" l="C"/>
		<a id="14" s="H" t="H" l="H"/>
		<a id="15" s="C" t="C.ar" l="C"/>
		<a id="16" s="C" t="C.ar" l="C"/>
		<a id="17" s="H" t="H" l="H"/>
		<a id="18" s="C" t="C.ar" l="C"/>
		<a id="19" s="H" t="H" l="H"/>
		<a id="20" s="C" t="C.ar" l="C"/>
		<a id="21" s="H" t="H" l="H"/>
		<a id="22" s="C" t="C.ar" l="C"/>
		<a id="23" s="H" t="H" l="H"/>
		<a id="24" s="C" t="C.ar" l="C"/>
		<a id="25" s="H" t="H" l="H"/>
	</atoms>
	<bonds>
		<b id="1" c="8 7" t="1"/>
		<b id="2" c="10 9" t="1"/>
		<b id="3" c="7 9" t="ar"/>
		<b id="4" c="7 6" t="ar"/>
		<b id="5" c="9 11" t="ar"/>
		<b id="6" c="6 5" t="ar"/>
		<b id="7" c="21 20" t="1"/>
		<b id="8" c="11 12" t="1"/>
		<b id="9" c="11 13" t="ar"/>
		<b id="10" c="23 22" t="1"/>
		<b id="11" c="20 22" t="ar"/>
		<b id="12" c="20 18" t="ar"/>
		<b id="13" c="5 13" t="ar"/>
		<b id="14" c="5 4" t="1"/>
		<b id="15" c="22 24" t="ar"/>
		<b id="16" c="19 18" t="1"/>
		<b id="17" c="18 16" t="ar"/>
		<b id="18" c="24 25" t="1"/>
		<b id="19" c="24 15" t="ar"/>
		<b id="20" c="16 15" t="ar"/>
		<b id="21" c="16 17" t="1"/>
		<b id="22" c="15 4" t="1"/>
		<b id="23" c="13 14" t="1"/>
		<b id="24" c="4 2" t="2"/>
		<b id="25" c="2 3" t="1"/>
		<b id="26" c="2 1" t="1"/>
	</bonds>
	<geometry>
		<g u="A" t="cart/3d">#25,3:0.9156,-2.2273,1.9310;1.3562,-1.3829,1.3959;2.4197,-1.1933,1.5604;0.6192,-0.6211,0.5614;1.2326,0.5575,-0.1236;0.7947,0.8475,-1.3596;1.3405,1.8534,-2.0358;0.9543,2.0523,-3.0419;2.3678,2.6452,-1.5063;3.1054,4.0658,-2.5336;2.8229,2.3822,-0.2127;3.6050,2.9954,0.2399;2.2415,1.3275,0.4888;2.5548,1.1142,1.5123;-0.8093,-0.9439,0.2794;-1.7809,0.0706,0.1889;-1.4812,1.1158,0.2897;-3.1255,-0.2415,-0.0174;-3.8646,0.5622,-0.0761;-3.5282,-1.5746,-0.1516;-4.5807,-1.8178,-0.3209;-2.5731,-2.5923,-0.0782;-2.8740,-3.6368,-0.1968;-1.2282,-2.2790,0.1342;-0.4844,-3.0790,0.1648;</g>
	</geometry>
	<conformers/>
	<properties/>
</molecule>
