<?xml version="1.0" ?>
<!--MOLLI PACKAGE EXPERIMENTAL XML FORMAT-->
<molecule name="react_153">
	<atoms>
		<a id="1" s="H" t="H" l="H"/>
		<a id="2" s="C" t="C.2" l="C"/>
		<a id="3" s="H" t="H" l="H"/>
		<a id="4" s="C" t="C.2" l="C"/>
		<a id="5" s="C" t="C.3" l="C"/>
		<a id="6" s="H" t="H" l="H"/>
		<a id="7" s="H" t="H" l="H"/>
		<a id="8" s="H" t="H" l="H"/>
		<a id="9" s="C" t="C.3" l="C"/>
		<a id="10" s="H" t="H" l="H"/>
		<a id="11" s="H" t="H" l="H"/>
		<a id="12" s="O" t="O.3" l="O"/>
		<a id="13" s="C" t="C.ar" l="C"/>
		<a id="14" s="C" t="C.ar" l="C"/>
		<a id="15" s="H" t="H" l="H"/>
		<a id="16" s="C" t="C.ar" l="C"/>
		<a id="17" s="H" t="H" l="H"/>
		<a id="18" s="C" t="C.ar" l="C"/>
		<a id="19" s="O" t="O.3" l="O"/>
		<a id="20" s="C" t="C.3" l="C"/>
		<a id="21" s="H" t="H" l="H"/>
		<a id="22" s="H" t="H" l="H"/>
		<a id="23" s="H" t="H" l="H"/>
		<a id="24" s="C" t="C.ar" l="C"/>
		<a id="25" s="H" t="H" l="H"/>
		<a id="26" s="C" t="C.ar" l="C"/>
		<a id="27" s="C" t="C.3" l="C"/>
		<a id="28" s="H" t="H" l="H"/>
		<a id="29" s="H" t="H" l="H"/>
		<a id="30" s="C" t="C.3" l="C"/>
		<a id="31" s="H" t="H" l="H"/>
		<a id="32" s="H" t="H" l="H"/>
		<a id="33" s="C" t="C.3" l="C"/>
		<a id="34" s="H" t="H" l="H"/>
		<a id="35" s="H" t="H" l="H"/>
		<a id="36" s="H" t="H" l="H"/>
	</atoms>
	<bonds>
		<b id="1" c="28 27" t="1"/>
		<b id="2" c="29 27" t="1"/>
		<b id="3" c="10 9" t="1"/>
		<b id="4" c="11 9" t="1"/>
		<b id="5" c="34 33" t="1"/>
		<b id="6" c="27 26" t="1"/>
		<b id="7" c="27 30" t="1"/>
		<b id="8" c="36 33" t="1"/>
		<b id="9" c="25 24" t="1"/>
		<b id="10" c="26 24" t="ar"/>
		<b id="11" c="26 13" t="ar"/>
		<b id="12" c="9 12" t="1"/>
		<b id="13" c="9 4" t="1"/>
		<b id="14" c="12 13" t="1"/>
		<b id="15" c="24 18" t="ar"/>
		<b id="16" c="33 30" t="1"/>
		<b id="17" c="33 35" t="1"/>
		<b id="18" c="13 14" t="ar"/>
		<b id="19" c="21 20" t="1"/>
		<b id="20" c="6 5" t="1"/>
		<b id="21" c="18 19" t="1"/>
		<b id="22" c="18 16" t="ar"/>
		<b id="23" c="19 20" t="1"/>
		<b id="24" c="30 32" t="1"/>
		<b id="25" c="30 31" t="1"/>
		<b id="26" c="14 16" t="ar"/>
		<b id="27" c="14 15" t="1"/>
		<b id="28" c="7 5" t="1"/>
		<b id="29" c="16 17" t="1"/>
		<b id="30" c="20 23" t="1"/>
		<b id="31" c="20 22" t="1"/>
		<b id="32" c="5 4" t="1"/>
		<b id="33" c="5 8" t="1"/>
		<b id="34" c="4 2" t="2"/>
		<b id="35" c="2 1" t="1"/>
		<b id="36" c="2 3" t="1"/>
	</bonds>
	<geometry>
		<g u="A" t="cart/3d">#36,3:-1.8420,0.1992,1.9938;-2.6700,-0.5097,1.9220;-3.1834,-0.7851,2.8478;-3.0430,-1.0254,0.7450;-4.1826,-1.9996,0.5882;-4.9523,-1.6063,-0.1005;-3.8369,-2.9562,0.1565;-4.6663,-2.2149,1.5520;-2.3702,-0.6450,-0.5579;-3.1118,-0.1295,-1.1961;-2.0725,-1.5599,-1.1079;-1.2785,0.2409,-0.4461;-0.0029,-0.2408,-0.2884;0.2970,-1.5365,0.1352;-0.5025,-2.2330,0.3904;1.6289,-1.9577,0.2732;1.8263,-2.9762,0.6090;2.6701,-1.0687,-0.0095;3.9971,-1.3656,0.0888;4.3777,-2.6500,0.5175;4.0147,-3.4404,-0.1664;4.0102,-2.8723,1.5370;5.4766,-2.6677,0.5259;2.3584,0.2369,-0.4289;3.1877,0.9135,-0.6506;1.0420,0.6714,-0.5773;0.7291,2.0834,-1.0173;-0.0806,2.0572,-1.7662;1.6166,2.5069,-1.5176;0.3032,3.0181,0.1307;1.1037,3.0401,0.8914;-0.5847,2.5905,0.6254;-0.0039,4.4403,-0.3411;-0.8211,4.4483,-1.0825;-0.3099,5.0865,0.4977;0.8759,4.9073,-0.8166;</g>
	</geometry>
	<conformers/>
	<properties/>
</molecule>
