<?xml version="1.0" ?>
<!--MOLLI PACKAGE EXPERIMENTAL XML FORMAT-->
<molecule name="react_156">
	<atoms>
		<a id="1" s="H" t="H" l="H"/>
		<a id="2" s="C" t="C.2" l="C"/>
		<a id="3" s="H" t="H" l="H"/>
		<a id="4" s="C" t="C.2" l="C"/>
		<a id="5" s="C" t="C.ar" l="C"/>
		<a id="6" s="C" t="C.ar" l="C"/>
		<a id="7" s="C" t="C.ar" l="C"/>
		<a id="8" s="C" t="C.3" l="C"/>
		<a id="9" s="H" t="H" l="H"/>
		<a id="10" s="H" t="H" l="H"/>
		<a id="11" s="H" t="H" l="H"/>
		<a id="12" s="C" t="C.ar" l="C"/>
		<a id="13" s="C" t="C.3" l="C"/>
		<a id="14" s="H" t="H" l="H"/>
		<a id="15" s="H" t="H" l="H"/>
		<a id="16" s="H" t="H" l="H"/>
		<a id="17" s="C" t="C.ar" l="C"/>
		<a id="18" s="O" t="O.3" l="O"/>
		<a id="19" s="C" t="C.3" l="C"/>
		<a id="20" s="H" t="H" l="H"/>
		<a id="21" s="H" t="H" l="H"/>
		<a id="22" s="H" t="H" l="H"/>
		<a id="23" s="C" t="C.ar" l="C"/>
		<a id="24" s="C" t="C.3" l="C"/>
		<a id="25" s="H" t="H" l="H"/>
		<a id="26" s="H" t="H" l="H"/>
		<a id="27" s="H" t="H" l="H"/>
		<a id="28" s="O" t="O.3" l="O"/>
		<a id="29" s="C" t="C.3" l="C"/>
		<a id="30" s="C" t="C.3" l="C"/>
		<a id="31" s="H" t="H" l="H"/>
		<a id="32" s="H" t="H" l="H"/>
		<a id="33" s="H" t="H" l="H"/>
		<a id="34" s="C" t="C.3" l="C"/>
		<a id="35" s="H" t="H" l="H"/>
		<a id="36" s="H" t="H" l="H"/>
		<a id="37" s="H" t="H" l="H"/>
	</atoms>
	<bonds>
		<b id="1" c="33 30" t="1"/>
		<b id="2" c="11 8" t="1"/>
		<b id="3" c="31 30" t="1"/>
		<b id="4" c="10 8" t="1"/>
		<b id="5" c="30 32" t="1"/>
		<b id="6" c="30 29" t="1"/>
		<b id="7" c="8 9" t="1"/>
		<b id="8" c="8 7" t="1"/>
		<b id="9" c="16 13" t="1"/>
		<b id="10" c="28 29" t="1"/>
		<b id="11" c="28 6" t="1"/>
		<b id="12" c="7 6" t="ar"/>
		<b id="13" c="7 12" t="ar"/>
		<b id="14" c="29 34" t="1"/>
		<b id="15" c="29 4" t="1"/>
		<b id="16" c="35 34" t="1"/>
		<b id="17" c="6 5" t="ar"/>
		<b id="18" c="13 12" t="1"/>
		<b id="19" c="13 14" t="1"/>
		<b id="20" c="13 15" t="1"/>
		<b id="21" c="12 17" t="ar"/>
		<b id="22" c="34 36" t="1"/>
		<b id="23" c="34 37" t="1"/>
		<b id="24" c="4 5" t="1"/>
		<b id="25" c="4 2" t="2"/>
		<b id="26" c="5 23" t="ar"/>
		<b id="27" c="17 23" t="ar"/>
		<b id="28" c="17 18" t="1"/>
		<b id="29" c="3 2" t="1"/>
		<b id="30" c="2 1" t="1"/>
		<b id="31" c="23 24" t="1"/>
		<b id="32" c="26 24" t="1"/>
		<b id="33" c="18 19" t="1"/>
		<b id="34" c="24 25" t="1"/>
		<b id="35" c="24 27" t="1"/>
		<b id="36" c="22 19" t="1"/>
		<b id="37" c="19 21" t="1"/>
		<b id="38" c="19 20" t="1"/>
	</bonds>
	<geometry>
		<g u="A" t="cart/3d">#37,3:-2.4047,2.2772,1.4114;-2.7913,1.4979,0.7561;-3.8774,1.4577,0.6321;-1.9925,0.6171,0.1248;-0.5340,0.4621,0.1340;-0.2355,-0.6467,-0.6764;1.0635,-1.1015,-0.9177;1.3111,-2.2877,-1.8146;1.8924,-3.0723,-1.3013;0.3617,-2.7283,-2.1466;1.8857,-2.0057,-2.7143;2.1103,-0.3932,-0.2898;3.5423,-0.8005,-0.5353;4.2396,-0.0504,-0.1419;3.7763,-1.7733,-0.0668;3.7400,-0.9187,-1.6133;1.8188,0.7108,0.5470;2.8698,1.3910,1.1379;3.2609,0.9131,2.4124;2.4354,0.9766,3.1457;4.0926,1.5458,2.7571;3.6051,-0.1371,2.3703;0.5056,1.1757,0.7620;0.2483,2.4014,1.5984;1.1916,2.8864,1.8789;-0.3586,3.1346,1.0419;-0.3086,2.1586,2.5203;-1.3350,-1.2288,-1.2171;-2.5224,-0.4930,-0.8018;-3.1692,0.0707,-2.0696;-2.4722,0.7456,-2.5887;-4.0782,0.6393,-1.8191;-3.4414,-0.7473,-2.7551;-3.4356,-1.4827,-0.0767;-3.7108,-2.3103,-0.7493;-4.3569,-0.9827,0.2602;-2.9270,-1.9015,0.8047;</g>
	</geometry>
	<conformers/>
	<properties/>
</molecule>
