<?xml version="1.0" ?>
<!--MOLLI PACKAGE EXPERIMENTAL XML FORMAT-->
<molecule name="react_81">
	<atoms>
		<a id="1" s="H" t="H" l="H"/>
		<a id="2" s="C" t="C.2" l="C"/>
		<a id="3" s="H" t="H" l="H"/>
		<a id="4" s="C" t="C.2" l="C"/>
		<a id="5" s="H" t="H" l="H"/>
		<a id="6" s="C" t="C.3" l="C"/>
		<a id="7" s="C" t="C.3" l="C"/>
		<a id="8" s="H" t="H" l="H"/>
		<a id="9" s="H" t="H" l="H"/>
		<a id="10" s="H" t="H" l="H"/>
		<a id="11" s="C" t="C.3" l="C"/>
		<a id="12" s="H" t="H" l="H"/>
		<a id="13" s="H" t="H" l="H"/>
		<a id="14" s="H" t="H" l="H"/>
		<a id="15" s="C" t="C.3" l="C"/>
		<a id="16" s="H" t="H" l="H"/>
		<a id="17" s="H" t="H" l="H"/>
		<a id="18" s="H" t="H" l="H"/>
	</atoms>
	<bonds>
		<b id="1" c="17 15" t="1"/>
		<b id="2" c="1 2" t="1"/>
		<b id="3" c="14 11" t="1"/>
		<b id="4" c="16 15" t="1"/>
		<b id="5" c="15 18" t="1"/>
		<b id="6" c="15 6" t="1"/>
		<b id="7" c="3 2" t="1"/>
		<b id="8" c="2 4" t="2"/>
		<b id="9" c="4 5" t="1"/>
		<b id="10" c="4 6" t="1"/>
		<b id="11" c="11 6" t="1"/>
		<b id="12" c="11 12" t="1"/>
		<b id="13" c="11 13" t="1"/>
		<b id="14" c="6 7" t="1"/>
		<b id="15" c="7 10" t="1"/>
		<b id="16" c="7 9" t="1"/>
		<b id="17" c="7 8" t="1"/>
	</bonds>
	<geometry>
		<g u="A" t="cart/3d">#18,3:3.1203,-0.2247,-1.0782;2.1745,0.2304,-0.7696;2.1250,1.3223,-0.8050;1.1463,-0.5264,-0.3747;1.2805,-1.6175,-0.3695;-0.2303,-0.0743,0.0841;-0.4561,-0.5985,1.5210;0.2735,-0.1616,2.2219;-1.4683,-0.3413,1.8757;-0.3523,-1.6954,1.5683;-0.3819,1.4548,0.0665;-1.3909,1.7431,0.4038;0.3458,1.9414,0.7358;-0.2384,1.8636,-0.9466;-1.2836,-0.7074,-0.8542;-1.2028,-1.8072,-0.8627;-1.1564,-0.3526,-1.8898;-2.3046,-0.4488,-0.5265;</g>
	</geometry>
	<conformers/>
	<properties/>
</molecule>
