<?xml version="1.0" ?>
<!--MOLLI PACKAGE EXPERIMENTAL XML FORMAT-->
<molecule name="react_157">
	<atoms>
		<a id="1" s="H" t="H" l="H"/>
		<a id="2" s="C" t="C.2" l="C"/>
		<a id="3" s="H" t="H" l="H"/>
		<a id="4" s="C" t="C.2" l="C"/>
		<a id="5" s="C" t="C.3" l="C"/>
		<a id="6" s="H" t="H" l="H"/>
		<a id="7" s="H" t="H" l="H"/>
		<a id="8" s="H" t="H" l="H"/>
		<a id="9" s="C" t="C.3" l="C"/>
		<a id="10" s="H" t="H" l="H"/>
		<a id="11" s="H" t="H" l="H"/>
		<a id="12" s="O" t="O.3" l="O"/>
		<a id="13" s="C" t="C.ar" l="C"/>
		<a id="14" s="C" t="C.ar" l="C"/>
		<a id="15" s="H" t="H" l="H"/>
		<a id="16" s="C" t="C.ar" l="C"/>
		<a id="17" s="H" t="H" l="H"/>
		<a id="18" s="C" t="C.ar" l="C"/>
		<a id="19" s="O" t="O.3" l="O"/>
		<a id="20" s="C" t="C.3" l="C"/>
		<a id="21" s="H" t="H" l="H"/>
		<a id="22" s="H" t="H" l="H"/>
		<a id="23" s="H" t="H" l="H"/>
		<a id="24" s="C" t="C.ar" l="C"/>
		<a id="25" s="H" t="H" l="H"/>
		<a id="26" s="C" t="C.ar" l="C"/>
		<a id="27" s="C" t="C.3" l="C"/>
		<a id="28" s="C" t="C.3" l="C"/>
		<a id="29" s="H" t="H" l="H"/>
		<a id="30" s="H" t="H" l="H"/>
		<a id="31" s="H" t="H" l="H"/>
		<a id="32" s="C" t="C.3" l="C"/>
		<a id="33" s="H" t="H" l="H"/>
		<a id="34" s="H" t="H" l="H"/>
		<a id="35" s="H" t="H" l="H"/>
		<a id="36" s="C" t="C.3" l="C"/>
		<a id="37" s="H" t="H" l="H"/>
		<a id="38" s="H" t="H" l="H"/>
		<a id="39" s="H" t="H" l="H"/>
	</atoms>
	<bonds>
		<b id="1" c="10 9" t="1"/>
		<b id="2" c="7 5" t="1"/>
		<b id="3" c="35 32" t="1"/>
		<b id="4" c="6 5" t="1"/>
		<b id="5" c="11 9" t="1"/>
		<b id="6" c="22 20" t="1"/>
		<b id="7" c="33 32" t="1"/>
		<b id="8" c="5 8" t="1"/>
		<b id="9" c="5 4" t="1"/>
		<b id="10" c="9 12" t="1"/>
		<b id="11" c="9 4" t="1"/>
		<b id="12" c="32 34" t="1"/>
		<b id="13" c="32 27" t="1"/>
		<b id="14" c="15 14" t="1"/>
		<b id="15" c="17 16" t="1"/>
		<b id="16" c="14 16" t="ar"/>
		<b id="17" c="14 13" t="ar"/>
		<b id="18" c="16 18" t="ar"/>
		<b id="19" c="12 13" t="1"/>
		<b id="20" c="4 2" t="2"/>
		<b id="21" c="13 26" t="ar"/>
		<b id="22" c="20 21" t="1"/>
		<b id="23" c="20 19" t="1"/>
		<b id="24" c="20 23" t="1"/>
		<b id="25" c="18 19" t="1"/>
		<b id="26" c="18 24" t="ar"/>
		<b id="27" c="30 28" t="1"/>
		<b id="28" c="26 24" t="ar"/>
		<b id="29" c="26 27" t="1"/>
		<b id="30" c="24 25" t="1"/>
		<b id="31" c="27 28" t="1"/>
		<b id="32" c="27 36" t="1"/>
		<b id="33" c="28 31" t="1"/>
		<b id="34" c="28 29" t="1"/>
		<b id="35" c="2 1" t="1"/>
		<b id="36" c="2 3" t="1"/>
		<b id="37" c="37 36" t="1"/>
		<b id="38" c="36 39" t="1"/>
		<b id="39" c="36 38" t="1"/>
	</bonds>
	<geometry>
		<g u="A" t="cart/3d">#39,3:4.1635,1.1249,1.6164;3.3714,0.6122,1.0629;2.4923,0.2852,1.6228;3.4768,0.3956,-0.2534;4.6703,0.8175,-1.0718;5.1415,-0.0498,-1.5686;4.3784,1.5175,-1.8754;5.4326,1.3097,-0.4508;2.4109,-0.3341,-1.0450;2.1258,0.2630,-1.9334;2.8477,-1.2736,-1.4325;1.2634,-0.7165,-0.3177;0.1637,0.1058,-0.2533;0.2504,1.4770,-0.5040;1.2173,1.9264,-0.7318;-0.8759,2.3080,-0.4354;-0.7626,3.3737,-0.6359;-2.1084,1.7486,-0.0981;-3.2786,2.4408,0.0056;-3.2720,3.8261,-0.2383;-4.3050,4.1761,-0.1028;-2.9477,4.0640,-1.2689;-2.6168,4.3686,0.4690;-2.1871,0.3699,0.1659;-3.1736,-0.0103,0.4258;-1.0840,-0.4854,0.0994;-1.2280,-1.9970,0.3949;-2.6780,-2.3734,0.7589;-3.0280,-1.8493,1.6621;-3.3821,-2.1560,-0.0597;-2.7328,-3.4546,0.9627;-0.8363,-2.8212,-0.8557;0.2050,-2.6408,-1.1516;-0.9532,-3.8985,-0.6499;-1.4874,-2.5695,-1.7088;-0.3320,-2.3912,1.5944;0.7282,-2.1917,1.3931;-0.6245,-1.8318,2.4983;-0.4455,-3.4663,1.8140;</g>
	</geometry>
	<conformers/>
	<properties/>
</molecule>
