<?xml version="1.0" ?>
<!--MOLLI PACKAGE EXPERIMENTAL XML FORMAT-->
<molecule name="react_158">
	<atoms>
		<a id="1" s="H" t="H" l="H"/>
		<a id="2" s="C" t="C.2" l="C"/>
		<a id="3" s="H" t="H" l="H"/>
		<a id="4" s="C" t="C.2" l="C"/>
		<a id="5" s="C" t="C.3" l="C"/>
		<a id="6" s="H" t="H" l="H"/>
		<a id="7" s="H" t="H" l="H"/>
		<a id="8" s="H" t="H" l="H"/>
		<a id="9" s="C" t="C.3" l="C"/>
		<a id="10" s="H" t="H" l="H"/>
		<a id="11" s="H" t="H" l="H"/>
		<a id="12" s="C" t="C.3" l="C"/>
		<a id="13" s="H" t="H" l="H"/>
		<a id="14" s="H" t="H" l="H"/>
		<a id="15" s="O" t="O.3" l="O"/>
		<a id="16" s="C" t="C.ar" l="C"/>
		<a id="17" s="C" t="C.ar" l="C"/>
		<a id="18" s="H" t="H" l="H"/>
		<a id="19" s="C" t="C.ar" l="C"/>
		<a id="20" s="H" t="H" l="H"/>
		<a id="21" s="C" t="C.ar" l="C"/>
		<a id="22" s="O" t="O.3" l="O"/>
		<a id="23" s="C" t="C.3" l="C"/>
		<a id="24" s="H" t="H" l="H"/>
		<a id="25" s="H" t="H" l="H"/>
		<a id="26" s="H" t="H" l="H"/>
		<a id="27" s="C" t="C.ar" l="C"/>
		<a id="28" s="H" t="H" l="H"/>
		<a id="29" s="C" t="C.ar" l="C"/>
		<a id="30" s="C" t="C.3" l="C"/>
		<a id="31" s="H" t="H" l="H"/>
		<a id="32" s="H" t="H" l="H"/>
		<a id="33" s="C" t="C.3" l="C"/>
		<a id="34" s="H" t="H" l="H"/>
		<a id="35" s="H" t="H" l="H"/>
		<a id="36" s="C" t="C.3" l="C"/>
		<a id="37" s="H" t="H" l="H"/>
		<a id="38" s="H" t="H" l="H"/>
		<a id="39" s="H" t="H" l="H"/>
	</atoms>
	<bonds>
		<b id="1" c="8 5" t="1"/>
		<b id="2" c="26 23" t="1"/>
		<b id="3" c="7 5" t="1"/>
		<b id="4" c="35 33" t="1"/>
		<b id="5" c="24 23" t="1"/>
		<b id="6" c="5 6" t="1"/>
		<b id="7" c="5 4" t="1"/>
		<b id="8" c="38 36" t="1"/>
		<b id="9" c="23 22" t="1"/>
		<b id="10" c="23 25" t="1"/>
		<b id="11" c="11 9" t="1"/>
		<b id="12" c="34 33" t="1"/>
		<b id="13" c="22 21" t="1"/>
		<b id="14" c="33 36" t="1"/>
		<b id="15" c="33 30" t="1"/>
		<b id="16" c="10 9" t="1"/>
		<b id="17" c="36 37" t="1"/>
		<b id="18" c="36 39" t="1"/>
		<b id="19" c="21 19" t="ar"/>
		<b id="20" c="21 27" t="ar"/>
		<b id="21" c="20 19" t="1"/>
		<b id="22" c="28 27" t="1"/>
		<b id="23" c="19 17" t="ar"/>
		<b id="24" c="9 4" t="1"/>
		<b id="25" c="9 12" t="1"/>
		<b id="26" c="27 29" t="ar"/>
		<b id="27" c="4 2" t="2"/>
		<b id="28" c="17 18" t="1"/>
		<b id="29" c="17 16" t="ar"/>
		<b id="30" c="29 16" t="ar"/>
		<b id="31" c="29 30" t="1"/>
		<b id="32" c="16 15" t="1"/>
		<b id="33" c="30 32" t="1"/>
		<b id="34" c="30 31" t="1"/>
		<b id="35" c="15 12" t="1"/>
		<b id="36" c="12 14" t="1"/>
		<b id="37" c="12 13" t="1"/>
		<b id="38" c="2 3" t="1"/>
		<b id="39" c="2 1" t="1"/>
	</bonds>
	<geometry>
		<g u="A" t="cart/3d">#39,3:3.9992,-0.7150,2.2468;4.5524,-0.7380,1.3048;5.5945,-1.0657,1.3646;4.0074,-0.3881,0.1298;4.8004,-0.4299,-1.1534;5.8330,-0.7707,-0.9875;4.8381,0.5674,-1.6269;4.3280,-1.1051,-1.8890;2.5760,0.0772,-0.0315;2.5768,1.0747,-0.5091;2.0705,-0.5837,-0.7594;1.7382,0.1641,1.2435;2.1941,0.8803,1.9445;1.6877,-0.8106,1.7592;0.4354,0.6649,0.9920;-0.5721,-0.1653,0.5791;-0.4313,-1.5364,0.3522;0.5330,-2.0285,0.4846;-1.5263,-2.3169,-0.0544;-1.3773,-3.3839,-0.2221;-2.7753,-1.7189,-0.2373;-3.9054,-2.3736,-0.6296;-3.8353,-3.7540,-0.8898;-4.8424,-4.0710,-1.1949;-3.5367,-4.3312,0.0056;-3.1261,-3.9864,-1.7066;-2.9096,-0.3379,-0.0067;-3.8969,0.1090,-0.1494;-1.8361,0.4528,0.3976;-1.9992,1.9390,0.6209;-1.4578,2.2288,1.5370;-3.0661,2.1606,0.7939;-1.4880,2.8046,-0.5466;-0.4253,2.5694,-0.7238;-2.0259,2.5190,-1.4680;-1.6505,4.3037,-0.2938;-2.7083,4.5744,-0.1337;-1.2812,4.8989,-1.1450;-1.0910,4.6223,0.6022;</g>
	</geometry>
	<conformers/>
	<properties/>
</molecule>
