<?xml version="1.0" ?>
<!--MOLLI PACKAGE EXPERIMENTAL XML FORMAT-->
<molecule name="react_159">
	<atoms>
		<a id="1" s="H" t="H" l="H"/>
		<a id="2" s="C" t="C.2" l="C"/>
		<a id="3" s="H" t="H" l="H"/>
		<a id="4" s="C" t="C.2" l="C"/>
		<a id="5" s="C" t="C.ar" l="C"/>
		<a id="6" s="C" t="C.ar" l="C"/>
		<a id="7" s="H" t="H" l="H"/>
		<a id="8" s="C" t="C.ar" l="C"/>
		<a id="9" s="H" t="H" l="H"/>
		<a id="10" s="C" t="C.ar" l="C"/>
		<a id="11" s="H" t="H" l="H"/>
		<a id="12" s="C" t="C.ar" l="C"/>
		<a id="13" s="H" t="H" l="H"/>
		<a id="14" s="C" t="C.ar" l="C"/>
		<a id="15" s="H" t="H" l="H"/>
		<a id="16" s="C" t="C.3" l="C"/>
		<a id="17" s="H" t="H" l="H"/>
		<a id="18" s="H" t="H" l="H"/>
		<a id="19" s="O" t="O.3" l="O"/>
		<a id="20" s="C" t="C.2" l="C"/>
		<a id="21" s="O" t="O.2" l="O"/>
		<a id="22" s="C" t="C.ar" l="C"/>
		<a id="23" s="C" t="C.ar" l="C"/>
		<a id="24" s="H" t="H" l="H"/>
		<a id="25" s="C" t="C.ar" l="C"/>
		<a id="26" s="H" t="H" l="H"/>
		<a id="27" s="C" t="C.ar" l="C"/>
		<a id="28" s="H" t="H" l="H"/>
		<a id="29" s="C" t="C.ar" l="C"/>
		<a id="30" s="H" t="H" l="H"/>
		<a id="31" s="C" t="C.ar" l="C"/>
		<a id="32" s="H" t="H" l="H"/>
	</atoms>
	<bonds>
		<b id="1" c="30 29" t="1"/>
		<b id="2" c="28 27" t="1"/>
		<b id="3" c="29 27" t="ar"/>
		<b id="4" c="29 31" t="ar"/>
		<b id="5" c="11 10" t="1"/>
		<b id="6" c="9 8" t="1"/>
		<b id="7" c="27 25" t="ar"/>
		<b id="8" c="32 31" t="1"/>
		<b id="9" c="10 8" t="ar"/>
		<b id="10" c="10 12" t="ar"/>
		<b id="11" c="8 6" t="ar"/>
		<b id="12" c="31 22" t="ar"/>
		<b id="13" c="25 26" t="1"/>
		<b id="14" c="25 23" t="ar"/>
		<b id="15" c="13 12" t="1"/>
		<b id="16" c="12 14" t="ar"/>
		<b id="17" c="7 6" t="1"/>
		<b id="18" c="6 5" t="ar"/>
		<b id="19" c="22 23" t="ar"/>
		<b id="20" c="22 20" t="1"/>
		<b id="21" c="23 24" t="1"/>
		<b id="22" c="19 20" t="1"/>
		<b id="23" c="19 16" t="1"/>
		<b id="24" c="14 5" t="ar"/>
		<b id="25" c="14 15" t="1"/>
		<b id="26" c="5 4" t="1"/>
		<b id="27" c="20 21" t="2"/>
		<b id="28" c="17 16" t="1"/>
		<b id="29" c="16 4" t="1"/>
		<b id="30" c="16 18" t="1"/>
		<b id="31" c="4 2" t="2"/>
		<b id="32" c="2 1" t="1"/>
		<b id="33" c="2 3" t="1"/>
	</bonds>
	<geometry>
		<g u="A" t="cart/3d">#32,3:-2.4651,0.5959,3.1204;-1.6615,-0.1067,2.8855;-1.0225,-0.4242,3.7137;-1.4645,-0.5754,1.6407;-2.2680,-0.1211,0.4709;-2.5200,-0.9701,-0.6247;-2.1143,-1.9837,-0.6370;-3.2984,-0.5453,-1.7042;-3.4851,-1.2289,-2.5370;-3.8351,0.7450,-1.7229;-4.4395,1.0797,-2.5702;-3.5800,1.6082,-0.6521;-3.9783,2.6265,-0.6619;-2.8035,1.1817,0.4261;-2.5869,1.8784,1.2392;-0.3943,-1.6208,1.4085;-0.8271,-2.5545,1.0186;0.1337,-1.8379,2.3461;0.5538,-1.2115,0.4081;1.6426,-0.5274,0.8250;1.8821,-0.3003,1.9884;2.5144,-0.1021,-0.3123;3.7017,0.5832,-0.0081;3.9385,0.7748,1.0405;4.5505,1.0043,-1.0321;5.4739,1.5375,-0.7913;4.2183,0.7441,-2.3670;4.8832,1.0742,-3.1700;3.0355,0.0628,-2.6749;2.7755,-0.1382,-3.7176;2.1833,-0.3603,-1.6526;1.2571,-0.8879,-1.8836;</g>
	</geometry>
	<conformers/>
	<properties/>
</molecule>
