<?xml version="1.0" ?>
<!--MOLLI PACKAGE EXPERIMENTAL XML FORMAT-->
<molecule name="react_160">
	<atoms>
		<a id="1" s="H" t="H" l="H"/>
		<a id="2" s="C" t="C.2" l="C"/>
		<a id="3" s="H" t="H" l="H"/>
		<a id="4" s="C" t="C.2" l="C"/>
		<a id="5" s="C" t="C.ar" l="C"/>
		<a id="6" s="C" t="C.ar" l="C"/>
		<a id="7" s="H" t="H" l="H"/>
		<a id="8" s="C" t="C.ar" l="C"/>
		<a id="9" s="H" t="H" l="H"/>
		<a id="10" s="C" t="C.ar" l="C"/>
		<a id="11" s="H" t="H" l="H"/>
		<a id="12" s="C" t="C.ar" l="C"/>
		<a id="13" s="H" t="H" l="H"/>
		<a id="14" s="C" t="C.ar" l="C"/>
		<a id="15" s="H" t="H" l="H"/>
		<a id="16" s="C" t="C.3" l="C"/>
		<a id="17" s="H" t="H" l="H"/>
		<a id="18" s="H" t="H" l="H"/>
		<a id="19" s="O" t="O.3" l="O"/>
		<a id="20" s="C" t="C.3" l="C"/>
		<a id="21" s="H" t="H" l="H"/>
		<a id="22" s="H" t="H" l="H"/>
		<a id="23" s="C" t="C.ar" l="C"/>
		<a id="24" s="C" t="C.ar" l="C"/>
		<a id="25" s="H" t="H" l="H"/>
		<a id="26" s="C" t="C.ar" l="C"/>
		<a id="27" s="H" t="H" l="H"/>
		<a id="28" s="C" t="C.ar" l="C"/>
		<a id="29" s="H" t="H" l="H"/>
		<a id="30" s="C" t="C.ar" l="C"/>
		<a id="31" s="H" t="H" l="H"/>
		<a id="32" s="C" t="C.ar" l="C"/>
		<a id="33" s="H" t="H" l="H"/>
	</atoms>
	<bonds>
		<b id="1" c="33 32" t="1"/>
		<b id="2" c="31 30" t="1"/>
		<b id="3" c="21 20" t="1"/>
		<b id="4" c="32 30" t="ar"/>
		<b id="5" c="32 23" t="ar"/>
		<b id="6" c="30 28" t="ar"/>
		<b id="7" c="18 16" t="1"/>
		<b id="8" c="20 22" t="1"/>
		<b id="9" c="20 23" t="1"/>
		<b id="10" c="20 19" t="1"/>
		<b id="11" c="9 8" t="1"/>
		<b id="12" c="23 24" t="ar"/>
		<b id="13" c="7 6" t="1"/>
		<b id="14" c="8 6" t="ar"/>
		<b id="15" c="8 10" t="ar"/>
		<b id="16" c="16 19" t="1"/>
		<b id="17" c="16 17" t="1"/>
		<b id="18" c="16 4" t="1"/>
		<b id="19" c="11 10" t="1"/>
		<b id="20" c="6 5" t="ar"/>
		<b id="21" c="10 12" t="ar"/>
		<b id="22" c="28 29" t="1"/>
		<b id="23" c="28 26" t="ar"/>
		<b id="24" c="5 4" t="1"/>
		<b id="25" c="5 14" t="ar"/>
		<b id="26" c="12 14" t="ar"/>
		<b id="27" c="12 13" t="1"/>
		<b id="28" c="24 26" t="ar"/>
		<b id="29" c="24 25" t="1"/>
		<b id="30" c="4 2" t="2"/>
		<b id="31" c="14 15" t="1"/>
		<b id="32" c="26 27" t="1"/>
		<b id="33" c="2 3" t="1"/>
		<b id="34" c="2 1" t="1"/>
	</bonds>
	<geometry>
		<g u="A" t="cart/3d">#33,3:-1.5953,-1.9278,2.7429;-0.8628,-1.6478,1.9815;0.1679,-1.9766,2.1413;-1.1974,-0.9145,0.9049;-2.5987,-0.4814,0.6408;-2.8763,0.7410,-0.0035;-2.0453,1.3878,-0.2881;-4.1931,1.1405,-0.2462;-4.3838,2.0974,-0.7402;-5.2628,0.3296,0.1431;-6.2923,0.6429,-0.0503;-5.0038,-0.8906,0.7759;-5.8312,-1.5412,1.0726;-3.6888,-1.2917,1.0175;-3.5002,-2.2620,1.4831;-0.1209,-0.5337,-0.0917;0.7719,-1.1630,0.0762;-0.4743,-0.7276,-1.1258;0.2132,0.8416,0.0429;1.2132,1.2857,-0.8510;0.9658,1.0029,-1.8944;1.1830,2.3877,-0.7980;2.6102,0.7991,-0.5058;3.0334,0.7669,0.8330;2.3299,1.0567,1.6180;4.3288,0.3587,1.1585;4.6449,0.3372,2.2052;5.2225,-0.0198,0.1498;6.2368,-0.3382,0.4051;4.8094,0.0066,-1.1849;5.4985,-0.2944,-1.9788;3.5090,0.4093,-1.5080;3.1885,0.4188,-2.5547;</g>
	</geometry>
	<conformers/>
	<properties/>
</molecule>
