<?xml version="1.0" ?>
<!--MOLLI PACKAGE EXPERIMENTAL XML FORMAT-->
<molecule name="react_161">
	<atoms>
		<a id="1" s="H" t="H" l="H"/>
		<a id="2" s="C" t="C.2" l="C"/>
		<a id="3" s="H" t="H" l="H"/>
		<a id="4" s="C" t="C.2" l="C"/>
		<a id="5" s="C" t="C.3" l="C"/>
		<a id="6" s="H" t="H" l="H"/>
		<a id="7" s="H" t="H" l="H"/>
		<a id="8" s="H" t="H" l="H"/>
		<a id="9" s="C" t="C.3" l="C"/>
		<a id="10" s="H" t="H" l="H"/>
		<a id="11" s="H" t="H" l="H"/>
		<a id="12" s="P" t="P.3" l="P"/>
		<a id="13" s="O" t="O.2" l="O"/>
		<a id="14" s="C" t="C.ar" l="C"/>
		<a id="15" s="C" t="C.ar" l="C"/>
		<a id="16" s="H" t="H" l="H"/>
		<a id="17" s="C" t="C.ar" l="C"/>
		<a id="18" s="H" t="H" l="H"/>
		<a id="19" s="C" t="C.ar" l="C"/>
		<a id="20" s="H" t="H" l="H"/>
		<a id="21" s="C" t="C.ar" l="C"/>
		<a id="22" s="H" t="H" l="H"/>
		<a id="23" s="C" t="C.ar" l="C"/>
		<a id="24" s="H" t="H" l="H"/>
		<a id="25" s="C" t="C.ar" l="C"/>
		<a id="26" s="C" t="C.ar" l="C"/>
		<a id="27" s="H" t="H" l="H"/>
		<a id="28" s="C" t="C.ar" l="C"/>
		<a id="29" s="H" t="H" l="H"/>
		<a id="30" s="C" t="C.ar" l="C"/>
		<a id="31" s="H" t="H" l="H"/>
		<a id="32" s="C" t="C.ar" l="C"/>
		<a id="33" s="H" t="H" l="H"/>
		<a id="34" s="C" t="C.ar" l="C"/>
		<a id="35" s="H" t="H" l="H"/>
	</atoms>
	<bonds>
		<b id="1" c="27 26" t="1"/>
		<b id="2" c="13 12" t="2"/>
		<b id="3" c="3 2" t="1"/>
		<b id="4" c="16 15" t="1"/>
		<b id="5" c="29 28" t="1"/>
		<b id="6" c="1 2" t="1"/>
		<b id="7" c="2 4" t="2"/>
		<b id="8" c="26 28" t="ar"/>
		<b id="9" c="26 25" t="ar"/>
		<b id="10" c="18 17" t="1"/>
		<b id="11" c="28 30" t="ar"/>
		<b id="12" c="15 17" t="ar"/>
		<b id="13" c="15 14" t="ar"/>
		<b id="14" c="12 25" t="1"/>
		<b id="15" c="12 14" t="1"/>
		<b id="16" c="12 9" t="1"/>
		<b id="17" c="17 19" t="ar"/>
		<b id="18" c="11 9" t="1"/>
		<b id="19" c="25 34" t="ar"/>
		<b id="20" c="4 9" t="1"/>
		<b id="21" c="4 5" t="1"/>
		<b id="22" c="14 23" t="ar"/>
		<b id="23" c="9 10" t="1"/>
		<b id="24" c="30 31" t="1"/>
		<b id="25" c="30 32" t="ar"/>
		<b id="26" c="19 20" t="1"/>
		<b id="27" c="19 21" t="ar"/>
		<b id="28" c="8 5" t="1"/>
		<b id="29" c="34 32" t="ar"/>
		<b id="30" c="34 35" t="1"/>
		<b id="31" c="5 6" t="1"/>
		<b id="32" c="5 7" t="1"/>
		<b id="33" c="23 21" t="ar"/>
		<b id="34" c="23 24" t="1"/>
		<b id="35" c="32 33" t="1"/>
		<b id="36" c="21 22" t="1"/>
	</bonds>
	<geometry>
		<g u="A" t="cart/3d">#35,3:4.2743,-0.2391,-1.7003;3.3118,0.2635,-1.5647;2.7471,0.5355,-2.4600;2.8314,0.5064,-0.3363;3.5662,0.1086,0.9188;2.9617,-0.5882,1.5270;3.7716,0.9879,1.5561;4.5244,-0.3817,0.6913;1.4986,1.2106,-0.1336;1.2632,1.3261,0.9365;1.5123,2.2271,-0.5635;0.0743,0.3904,-0.9799;0.1927,0.3494,-2.4834;-0.0757,-1.2951,-0.2687;-0.1966,-2.3450,-1.1920;-0.1829,-2.1057,-2.2582;-0.3237,-3.6637,-0.7451;-0.4175,-4.4765,-1.4704;-0.3276,-3.9430,0.6248;-0.4261,-4.9745,0.9741;-0.2020,-2.9012,1.5506;-0.2010,-3.1171,2.6224;-0.0759,-1.5819,1.1066;0.0242,-0.7816,1.8448;-1.4039,1.3506,-0.4617;-2.2340,1.8106,-1.4963;-1.9611,1.5739,-2.5278;-3.3786,2.5574,-1.2013;-4.0203,2.9112,-2.0129;-3.7005,2.8531,0.1266;-4.5948,3.4386,0.3569;-2.8756,2.4006,1.1625;-3.1235,2.6318,2.2019;-1.7321,1.6524,0.8707;-1.1008,1.3085,1.6942;</g>
	</geometry>
	<conformers/>
	<properties/>
</molecule>
