<?xml version="1.0" ?>
<!--MOLLI PACKAGE EXPERIMENTAL XML FORMAT-->
<molecule name="react_162">
	<atoms>
		<a id="1" s="H" t="H" l="H"/>
		<a id="2" s="C" t="C.2" l="C"/>
		<a id="3" s="H" t="H" l="H"/>
		<a id="4" s="C" t="C.2" l="C"/>
		<a id="5" s="C" t="C.3" l="C"/>
		<a id="6" s="H" t="H" l="H"/>
		<a id="7" s="H" t="H" l="H"/>
		<a id="8" s="H" t="H" l="H"/>
		<a id="9" s="C" t="C.3" l="C"/>
		<a id="10" s="H" t="H" l="H"/>
		<a id="11" s="H" t="H" l="H"/>
		<a id="12" s="C" t="C.3" l="C"/>
		<a id="13" s="H" t="H" l="H"/>
		<a id="14" s="H" t="H" l="H"/>
		<a id="15" s="O" t="O.3" l="O"/>
		<a id="16" s="C" t="C.ar" l="C"/>
		<a id="17" s="C" t="C.ar" l="C"/>
		<a id="18" s="H" t="H" l="H"/>
		<a id="19" s="C" t="C.ar" l="C"/>
		<a id="20" s="H" t="H" l="H"/>
		<a id="21" s="C" t="C.ar" l="C"/>
		<a id="22" s="O" t="O.3" l="O"/>
		<a id="23" s="C" t="C.3" l="C"/>
		<a id="24" s="H" t="H" l="H"/>
		<a id="25" s="H" t="H" l="H"/>
		<a id="26" s="H" t="H" l="H"/>
		<a id="27" s="C" t="C.ar" l="C"/>
		<a id="28" s="H" t="H" l="H"/>
		<a id="29" s="C" t="C.ar" l="C"/>
		<a id="30" s="C" t="C.3" l="C"/>
		<a id="31" s="C" t="C.3" l="C"/>
		<a id="32" s="H" t="H" l="H"/>
		<a id="33" s="H" t="H" l="H"/>
		<a id="34" s="H" t="H" l="H"/>
		<a id="35" s="C" t="C.3" l="C"/>
		<a id="36" s="H" t="H" l="H"/>
		<a id="37" s="H" t="H" l="H"/>
		<a id="38" s="H" t="H" l="H"/>
		<a id="39" s="C" t="C.3" l="C"/>
		<a id="40" s="H" t="H" l="H"/>
		<a id="41" s="H" t="H" l="H"/>
		<a id="42" s="H" t="H" l="H"/>
	</atoms>
	<bonds>
		<b id="1" c="33 31" t="1"/>
		<b id="2" c="6 5" t="1"/>
		<b id="3" c="34 31" t="1"/>
		<b id="4" c="32 31" t="1"/>
		<b id="5" c="31 30" t="1"/>
		<b id="6" c="8 5" t="1"/>
		<b id="7" c="5 7" t="1"/>
		<b id="8" c="5 4" t="1"/>
		<b id="9" c="38 35" t="1"/>
		<b id="10" c="11 9" t="1"/>
		<b id="11" c="26 23" t="1"/>
		<b id="12" c="13 12" t="1"/>
		<b id="13" c="37 35" t="1"/>
		<b id="14" c="35 30" t="1"/>
		<b id="15" c="35 36" t="1"/>
		<b id="16" c="30 29" t="1"/>
		<b id="17" c="30 39" t="1"/>
		<b id="18" c="28 27" t="1"/>
		<b id="19" c="9 4" t="1"/>
		<b id="20" c="9 12" t="1"/>
		<b id="21" c="9 10" t="1"/>
		<b id="22" c="29 27" t="ar"/>
		<b id="23" c="29 16" t="ar"/>
		<b id="24" c="4 2" t="2"/>
		<b id="25" c="27 21" t="ar"/>
		<b id="26" c="15 16" t="1"/>
		<b id="27" c="15 12" t="1"/>
		<b id="28" c="16 17" t="ar"/>
		<b id="29" c="12 14" t="1"/>
		<b id="30" c="23 24" t="1"/>
		<b id="31" c="23 22" t="1"/>
		<b id="32" c="23 25" t="1"/>
		<b id="33" c="21 22" t="1"/>
		<b id="34" c="21 19" t="ar"/>
		<b id="35" c="17 19" t="ar"/>
		<b id="36" c="17 18" t="1"/>
		<b id="37" c="19 20" t="1"/>
		<b id="38" c="2 1" t="1"/>
		<b id="39" c="2 3" t="1"/>
		<b id="40" c="40 39" t="1"/>
		<b id="41" c="39 42" t="1"/>
		<b id="42" c="39 41" t="1"/>
	</bonds>
	<geometry>
		<g u="A" t="cart/3d">#42,3:6.4548,0.3710,1.1471;5.4467,-0.0540,1.1201;5.1340,-0.6440,1.9872;4.6344,0.1337,0.0698;5.0615,0.9349,-1.1367;4.9828,0.3302,-2.0578;6.0992,1.2880,-1.0448;4.4180,1.8189,-1.2901;3.2417,-0.4634,0.0362;3.1152,-1.1735,0.8684;3.1026,-1.0347,-0.8996;2.1268,0.5806,0.1213;2.1905,1.2951,-0.7208;2.2245,1.1622,1.0577;0.8872,-0.1010,0.0860;-0.2875,0.6058,0.1128;-0.3081,2.0070,0.2012;0.6246,2.5675,0.2569;-1.5092,2.7127,0.2216;-1.5233,3.8025,0.2894;-2.7192,2.0187,0.1556;-3.8569,2.7710,0.1784;-5.1083,2.1312,0.1231;-5.8692,2.9236,0.1551;-5.2673,1.4522,0.9819;-5.2393,1.5515,-0.8100;-2.6982,0.6182,0.0720;-3.6431,0.0842,0.0227;-1.5039,-0.1233,0.0485;-1.5349,-1.6674,-0.0459;-0.8204,-2.1331,-1.3384;0.2283,-1.8116,-1.3604;-1.3250,-1.7254,-2.2297;-0.8465,-3.2336,-1.4102;-2.9750,-2.2169,-0.0980;-3.5519,-1.9633,0.8057;-2.9420,-3.3158,-0.1664;-3.5293,-1.8509,-0.9767;-0.8520,-2.2895,1.1967;-0.8760,-3.3903,1.1307;-1.3809,-1.9962,2.1183;0.1945,-1.9726,1.2864;</g>
	</geometry>
	<conformers/>
	<properties/>
</molecule>
