<?xml version="1.0" ?>
<!--MOLLI PACKAGE EXPERIMENTAL XML FORMAT-->
<molecule name="react_163">
	<atoms>
		<a id="1" s="H" t="H" l="H"/>
		<a id="2" s="C" t="C.2" l="C"/>
		<a id="3" s="H" t="H" l="H"/>
		<a id="4" s="C" t="C.2" l="C"/>
		<a id="5" s="C" t="C.3" l="C"/>
		<a id="6" s="H" t="H" l="H"/>
		<a id="7" s="H" t="H" l="H"/>
		<a id="8" s="H" t="H" l="H"/>
		<a id="9" s="C" t="C.3" l="C"/>
		<a id="10" s="H" t="H" l="H"/>
		<a id="11" s="H" t="H" l="H"/>
		<a id="12" s="C" t="C.3" l="C"/>
		<a id="13" s="H" t="H" l="H"/>
		<a id="14" s="H" t="H" l="H"/>
		<a id="15" s="C" t="C.ar" l="C"/>
		<a id="16" s="C" t="C.ar" l="C"/>
		<a id="17" s="O" t="O.3" l="O"/>
		<a id="18" s="C" t="C.3" l="C"/>
		<a id="19" s="H" t="H" l="H"/>
		<a id="20" s="H" t="H" l="H"/>
		<a id="21" s="H" t="H" l="H"/>
		<a id="22" s="C" t="C.ar" l="C"/>
		<a id="23" s="C" t="C.3" l="C"/>
		<a id="24" s="H" t="H" l="H"/>
		<a id="25" s="H" t="H" l="H"/>
		<a id="26" s="H" t="H" l="H"/>
		<a id="27" s="C" t="C.ar" l="C"/>
		<a id="28" s="C" t="C.3" l="C"/>
		<a id="29" s="H" t="H" l="H"/>
		<a id="30" s="H" t="H" l="H"/>
		<a id="31" s="H" t="H" l="H"/>
		<a id="32" s="C" t="C.ar" l="C"/>
		<a id="33" s="O" t="O.3" l="O"/>
		<a id="34" s="C" t="C.3" l="C"/>
		<a id="35" s="H" t="H" l="H"/>
		<a id="36" s="H" t="H" l="H"/>
		<a id="37" s="H" t="H" l="H"/>
		<a id="38" s="C" t="C.ar" l="C"/>
		<a id="39" s="C" t="C.3" l="C"/>
		<a id="40" s="H" t="H" l="H"/>
		<a id="41" s="H" t="H" l="H"/>
		<a id="42" s="H" t="H" l="H"/>
	</atoms>
	<bonds>
		<b id="1" c="35 34" t="1"/>
		<b id="2" c="20 18" t="1"/>
		<b id="3" c="3 2" t="1"/>
		<b id="4" c="42 39" t="1"/>
		<b id="5" c="37 34" t="1"/>
		<b id="6" c="14 12" t="1"/>
		<b id="7" c="13 12" t="1"/>
		<b id="8" c="34 36" t="1"/>
		<b id="9" c="34 33" t="1"/>
		<b id="10" c="19 18" t="1"/>
		<b id="11" c="18 21" t="1"/>
		<b id="12" c="18 17" t="1"/>
		<b id="13" c="1 2" t="1"/>
		<b id="14" c="2 4" t="2"/>
		<b id="15" c="12 15" t="1"/>
		<b id="16" c="12 9" t="1"/>
		<b id="17" c="39 41" t="1"/>
		<b id="18" c="39 38" t="1"/>
		<b id="19" c="39 40" t="1"/>
		<b id="20" c="15 38" t="ar"/>
		<b id="21" c="15 16" t="ar"/>
		<b id="22" c="38 32" t="ar"/>
		<b id="23" c="33 32" t="1"/>
		<b id="24" c="32 27" t="ar"/>
		<b id="25" c="16 17" t="1"/>
		<b id="26" c="16 22" t="ar"/>
		<b id="27" c="30 28" t="1"/>
		<b id="28" c="24 23" t="1"/>
		<b id="29" c="4 9" t="1"/>
		<b id="30" c="4 5" t="1"/>
		<b id="31" c="27 22" t="ar"/>
		<b id="32" c="27 28" t="1"/>
		<b id="33" c="22 23" t="1"/>
		<b id="34" c="9 11" t="1"/>
		<b id="35" c="9 10" t="1"/>
		<b id="36" c="28 31" t="1"/>
		<b id="37" c="28 29" t="1"/>
		<b id="38" c="23 26" t="1"/>
		<b id="39" c="23 25" t="1"/>
		<b id="40" c="6 5" t="1"/>
		<b id="41" c="5 8" t="1"/>
		<b id="42" c="5 7" t="1"/>
	</bonds>
	<geometry>
		<g u="A" t="cart/3d">#42,3:-5.6170,0.6944,-0.9083;-4.5335,0.5873,-0.7993;-3.9525,0.5519,-1.7239;-3.9661,0.5030,0.4130;-4.7911,0.5515,1.6765;-5.8660,0.6511,1.4641;-4.4865,1.3993,2.3163;-4.6407,-0.3617,2.2796;-2.4772,0.3485,0.6424;-2.1375,1.1819,1.2873;-2.3118,-0.5624,1.2454;-1.5837,0.2692,-0.6059;-1.9146,-0.5861,-1.2143;-1.7344,1.1655,-1.2246;-0.1143,0.1117,-0.2649;0.3718,-1.1556,0.1104;-0.5200,-2.2141,0.1280;-0.5134,-3.0419,-1.0219;0.4561,-3.5558,-1.1554;-0.7283,-2.4670,-1.9415;-1.2997,-3.7984,-0.8825;1.6991,-1.3602,0.5268;2.1517,-2.7148,1.0156;2.8755,-3.1833,0.3252;2.6591,-2.6359,1.9910;1.2989,-3.3944,1.1370;2.5920,-0.2681,0.5064;4.0236,-0.4385,0.9544;4.0737,-0.8599,1.9724;4.5784,-1.1344,0.3011;4.5497,0.5239,0.9650;2.1199,0.9892,0.0868;2.9975,2.0583,0.0734;3.6473,2.2939,-1.1624;2.9259,2.5095,-1.9722;4.3003,3.1688,-1.0259;4.2658,1.4306,-1.4714;0.7711,1.2088,-0.2611;0.3021,2.6057,-0.6021;-0.6258,2.8619,-0.0674;1.0640,3.3452,-0.3246;0.0908,2.7214,-1.6799;</g>
	</geometry>
	<conformers/>
	<properties/>
</molecule>
