<?xml version="1.0" ?>
<!--MOLLI PACKAGE EXPERIMENTAL XML FORMAT-->
<molecule name="react_164">
	<atoms>
		<a id="1" s="H" t="H" l="H"/>
		<a id="2" s="C" t="C.2" l="C"/>
		<a id="3" s="H" t="H" l="H"/>
		<a id="4" s="C" t="C.2" l="C"/>
		<a id="5" s="C" t="C.1" l="C"/>
		<a id="6" s="C" t="C.1" l="C"/>
		<a id="7" s="C" t="C.ar" l="C"/>
		<a id="8" s="C" t="C.ar" l="C"/>
		<a id="9" s="O" t="O.3" l="O"/>
		<a id="10" s="C" t="C.3" l="C"/>
		<a id="11" s="H" t="H" l="H"/>
		<a id="12" s="H" t="H" l="H"/>
		<a id="13" s="H" t="H" l="H"/>
		<a id="14" s="C" t="C.ar" l="C"/>
		<a id="15" s="C" t="C.3" l="C"/>
		<a id="16" s="H" t="H" l="H"/>
		<a id="17" s="H" t="H" l="H"/>
		<a id="18" s="H" t="H" l="H"/>
		<a id="19" s="C" t="C.ar" l="C"/>
		<a id="20" s="C" t="C.3" l="C"/>
		<a id="21" s="H" t="H" l="H"/>
		<a id="22" s="H" t="H" l="H"/>
		<a id="23" s="H" t="H" l="H"/>
		<a id="24" s="C" t="C.ar" l="C"/>
		<a id="25" s="O" t="O.3" l="O"/>
		<a id="26" s="C" t="C.3" l="C"/>
		<a id="27" s="H" t="H" l="H"/>
		<a id="28" s="H" t="H" l="H"/>
		<a id="29" s="H" t="H" l="H"/>
		<a id="30" s="C" t="C.ar" l="C"/>
		<a id="31" s="C" t="C.3" l="C"/>
		<a id="32" s="H" t="H" l="H"/>
		<a id="33" s="H" t="H" l="H"/>
		<a id="34" s="H" t="H" l="H"/>
		<a id="35" s="C" t="C.3" l="C"/>
		<a id="36" s="H" t="H" l="H"/>
		<a id="37" s="H" t="H" l="H"/>
		<a id="38" s="H" t="H" l="H"/>
	</atoms>
	<bonds>
		<b id="1" c="28 26" t="1"/>
		<b id="2" c="27 26" t="1"/>
		<b id="3" c="18 15" t="1"/>
		<b id="4" c="1 2" t="1"/>
		<b id="5" c="22 20" t="1"/>
		<b id="6" c="26 29" t="1"/>
		<b id="7" c="26 25" t="1"/>
		<b id="8" c="3 2" t="1"/>
		<b id="9" c="2 4" t="2"/>
		<b id="10" c="32 31" t="1"/>
		<b id="11" c="36 35" t="1"/>
		<b id="12" c="16 15" t="1"/>
		<b id="13" c="9 8" t="1"/>
		<b id="14" c="9 10" t="1"/>
		<b id="15" c="15 14" t="1"/>
		<b id="16" c="15 17" t="1"/>
		<b id="17" c="4 5" t="1"/>
		<b id="18" c="4 35" t="1"/>
		<b id="19" c="5 6" t="3"/>
		<b id="20" c="8 14" t="ar"/>
		<b id="21" c="8 7" t="ar"/>
		<b id="22" c="14 19" t="ar"/>
		<b id="23" c="6 7" t="1"/>
		<b id="24" c="7 30" t="ar"/>
		<b id="25" c="37 35" t="1"/>
		<b id="26" c="19 20" t="1"/>
		<b id="27" c="19 24" t="ar"/>
		<b id="28" c="35 38" t="1"/>
		<b id="29" c="20 23" t="1"/>
		<b id="30" c="20 21" t="1"/>
		<b id="31" c="30 24" t="ar"/>
		<b id="32" c="30 31" t="1"/>
		<b id="33" c="24 25" t="1"/>
		<b id="34" c="31 33" t="1"/>
		<b id="35" c="31 34" t="1"/>
		<b id="36" c="12 10" t="1"/>
		<b id="37" c="10 11" t="1"/>
		<b id="38" c="10 13" t="1"/>
	</bonds>
	<geometry>
		<g u="A" t="cart/3d">#38,3:4.8085,1.3013,-0.9332;5.1361,0.2894,-0.6843;6.2065,0.0723,-0.7415;4.2548,-0.6672,-0.3225;2.8522,-0.3926,-0.2449;1.6498,-0.1921,-0.1685;0.2425,0.0291,-0.0816;-0.2758,1.3404,-0.2218;0.5871,2.3830,-0.4485;1.2366,2.9230,0.6927;1.8472,2.1645,1.2119;1.8965,3.7265,0.3349;0.5080,3.3485,1.4078;-1.6573,1.5874,-0.1778;-2.1854,2.9907,-0.3493;-1.3770,3.6818,-0.6181;-2.6666,3.3602,0.5732;-2.9506,3.0358,-1.1419;-2.5426,0.5040,0.0151;-4.0295,0.7427,0.1021;-4.2620,1.5442,0.8225;-4.4487,1.0639,-0.8680;-4.5558,-0.1649,0.4228;-2.0226,-0.7996,0.1458;-2.8961,-1.8506,0.3493;-3.3388,-2.5113,-0.8239;-2.4981,-2.9593,-1.3846;-3.8807,-1.8248,-1.5006;-4.0226,-3.3125,-0.5070;-0.6424,-1.0603,0.1159;-0.1137,-2.4598,0.2963;0.2410,-2.8846,-0.6593;-0.8910,-3.1201,0.7021;0.7494,-2.4669,0.9796;4.6840,-2.0786,0.0195;4.1964,-2.8079,-0.6490;5.7740,-2.1959,-0.0705;4.3867,-2.3399,1.0490;</g>
	</geometry>
	<conformers/>
	<properties/>
</molecule>
