<?xml version="1.0" ?>
<!--MOLLI PACKAGE EXPERIMENTAL XML FORMAT-->
<molecule name="react_165">
	<atoms>
		<a id="1" s="H" t="H" l="H"/>
		<a id="2" s="C" t="C.2" l="C"/>
		<a id="3" s="H" t="H" l="H"/>
		<a id="4" s="C" t="C.2" l="C"/>
		<a id="5" s="C" t="C.ar" l="C"/>
		<a id="6" s="C" t="C.ar" l="C"/>
		<a id="7" s="H" t="H" l="H"/>
		<a id="8" s="C" t="C.ar" l="C"/>
		<a id="9" s="H" t="H" l="H"/>
		<a id="10" s="C" t="C.ar" l="C"/>
		<a id="11" s="Cl" t="Cl" l="CL"/>
		<a id="12" s="C" t="C.ar" l="C"/>
		<a id="13" s="Cl" t="Cl" l="CL"/>
		<a id="14" s="C" t="C.ar" l="C"/>
		<a id="15" s="H" t="H" l="H"/>
		<a id="16" s="C" t="C.3" l="C"/>
		<a id="17" s="H" t="H" l="H"/>
		<a id="18" s="H" t="H" l="H"/>
		<a id="19" s="C" t="C.3" l="C"/>
		<a id="20" s="H" t="H" l="H"/>
		<a id="21" s="H" t="H" l="H"/>
		<a id="22" s="O" t="O.3" l="O"/>
		<a id="23" s="Si" t="Si" l="SI"/>
		<a id="24" s="C" t="C.3" l="C"/>
		<a id="25" s="H" t="H" l="H"/>
		<a id="26" s="H" t="H" l="H"/>
		<a id="27" s="H" t="H" l="H"/>
		<a id="28" s="C" t="C.3" l="C"/>
		<a id="29" s="H" t="H" l="H"/>
		<a id="30" s="H" t="H" l="H"/>
		<a id="31" s="H" t="H" l="H"/>
		<a id="32" s="C" t="C.3" l="C"/>
		<a id="33" s="C" t="C.3" l="C"/>
		<a id="34" s="H" t="H" l="H"/>
		<a id="35" s="H" t="H" l="H"/>
		<a id="36" s="H" t="H" l="H"/>
		<a id="37" s="C" t="C.3" l="C"/>
		<a id="38" s="H" t="H" l="H"/>
		<a id="39" s="H" t="H" l="H"/>
		<a id="40" s="H" t="H" l="H"/>
		<a id="41" s="C" t="C.3" l="C"/>
		<a id="42" s="H" t="H" l="H"/>
		<a id="43" s="H" t="H" l="H"/>
		<a id="44" s="H" t="H" l="H"/>
	</atoms>
	<bonds>
		<b id="1" c="9 8" t="1"/>
		<b id="2" c="34 33" t="1"/>
		<b id="3" c="11 10" t="1"/>
		<b id="4" c="36 33" t="1"/>
		<b id="5" c="39 37" t="1"/>
		<b id="6" c="8 10" t="ar"/>
		<b id="7" c="8 6" t="ar"/>
		<b id="8" c="33 35" t="1"/>
		<b id="9" c="33 32" t="1"/>
		<b id="10" c="7 6" t="1"/>
		<b id="11" c="10 12" t="ar"/>
		<b id="12" c="42 41" t="1"/>
		<b id="13" c="40 37" t="1"/>
		<b id="14" c="6 5" t="ar"/>
		<b id="15" c="37 32" t="1"/>
		<b id="16" c="37 38" t="1"/>
		<b id="17" c="32 41" t="1"/>
		<b id="18" c="32 23" t="1"/>
		<b id="19" c="41 43" t="1"/>
		<b id="20" c="41 44" t="1"/>
		<b id="21" c="17 16" t="1"/>
		<b id="22" c="12 13" t="1"/>
		<b id="23" c="12 14" t="ar"/>
		<b id="24" c="18 16" t="1"/>
		<b id="25" c="5 14" t="ar"/>
		<b id="26" c="5 4" t="1"/>
		<b id="27" c="16 4" t="1"/>
		<b id="28" c="16 19" t="1"/>
		<b id="29" c="22 23" t="1"/>
		<b id="30" c="22 19" t="1"/>
		<b id="31" c="14 15" t="1"/>
		<b id="32" c="25 24" t="1"/>
		<b id="33" c="23 24" t="1"/>
		<b id="34" c="23 28" t="1"/>
		<b id="35" c="4 2" t="2"/>
		<b id="36" c="19 20" t="1"/>
		<b id="37" c="19 21" t="1"/>
		<b id="38" c="24 27" t="1"/>
		<b id="39" c="24 26" t="1"/>
		<b id="40" c="29 28" t="1"/>
		<b id="41" c="28 31" t="1"/>
		<b id="42" c="28 30" t="1"/>
		<b id="43" c="2 1" t="1"/>
		<b id="44" c="2 3" t="1"/>
	</bonds>
	<geometry>
		<g u="A" t="cart/3d">#44,3:3.9202,0.1800,2.6951;2.9406,0.2230,2.2131;2.0812,0.3014,2.8814;2.8094,0.2056,0.8736;4.0033,0.0701,-0.0130;4.0321,0.6284,-1.3056;3.1740,1.1853,-1.6846;5.1557,0.5043,-2.1215;5.1701,0.9503,-3.1178;6.2844,-0.1926,-1.6796;7.6672,-0.3399,-2.7253;6.2697,-0.7690,-0.3976;7.6387,-1.6679,0.1983;5.1408,-0.6391,0.4132;5.1521,-1.1265,1.3886;1.4660,0.3237,0.1817;1.3775,-0.4695,-0.5815;1.4183,1.2728,-0.3822;0.2289,0.2616,1.0714;0.2267,-0.6901,1.6393;0.2539,1.0812,1.8158;-0.9157,0.3728,0.2559;-2.5255,0.1479,0.7200;-2.7727,-1.6408,1.2769;-2.5100,-2.3553,0.4801;-2.1435,-1.8709,2.1533;-3.8190,-1.8295,1.5703;-2.9330,1.3061,2.1568;-2.7447,2.3605,1.8973;-2.3192,1.0642,3.0412;-3.9895,1.2155,2.4598;-3.5284,0.5635,-0.8580;-3.0833,-0.3637,-2.0085;-3.6340,-0.1183,-2.9354;-3.2807,-1.4254,-1.7845;-2.0072,-0.2592,-2.2188;-3.2640,2.0296,-1.2599;-3.6046,2.7392,-0.4874;-3.8049,2.2777,-2.1918;-2.1920,2.2127,-1.4353;-5.0353,0.3655,-0.5926;-5.6217,0.6102,-1.4973;-5.2767,-0.6765,-0.3231;-5.4053,1.0154,0.2183;</g>
	</geometry>
	<conformers/>
	<properties/>
</molecule>
