<?xml version="1.0" ?>
<!--MOLLI PACKAGE EXPERIMENTAL XML FORMAT-->
<molecule name="react_166">
	<atoms>
		<a id="1" s="H" t="H" l="H"/>
		<a id="2" s="C" t="C.2" l="C"/>
		<a id="3" s="H" t="H" l="H"/>
		<a id="4" s="C" t="C.2" l="C"/>
		<a id="5" s="C" t="C.ar" l="C"/>
		<a id="6" s="C" t="C.ar" l="C"/>
		<a id="7" s="H" t="H" l="H"/>
		<a id="8" s="C" t="C.ar" l="C"/>
		<a id="9" s="H" t="H" l="H"/>
		<a id="10" s="C" t="C.ar" l="C"/>
		<a id="11" s="Cl" t="Cl" l="CL"/>
		<a id="12" s="C" t="C.ar" l="C"/>
		<a id="13" s="H" t="H" l="H"/>
		<a id="14" s="C" t="C.ar" l="C"/>
		<a id="15" s="H" t="H" l="H"/>
		<a id="16" s="C" t="C.3" l="C"/>
		<a id="17" s="H" t="H" l="H"/>
		<a id="18" s="H" t="H" l="H"/>
		<a id="19" s="C" t="C.3" l="C"/>
		<a id="20" s="H" t="H" l="H"/>
		<a id="21" s="H" t="H" l="H"/>
		<a id="22" s="O" t="O.3" l="O"/>
		<a id="23" s="Si" t="Si" l="SI"/>
		<a id="24" s="C" t="C.3" l="C"/>
		<a id="25" s="H" t="H" l="H"/>
		<a id="26" s="H" t="H" l="H"/>
		<a id="27" s="H" t="H" l="H"/>
		<a id="28" s="C" t="C.3" l="C"/>
		<a id="29" s="H" t="H" l="H"/>
		<a id="30" s="H" t="H" l="H"/>
		<a id="31" s="H" t="H" l="H"/>
		<a id="32" s="C" t="C.3" l="C"/>
		<a id="33" s="C" t="C.3" l="C"/>
		<a id="34" s="H" t="H" l="H"/>
		<a id="35" s="H" t="H" l="H"/>
		<a id="36" s="H" t="H" l="H"/>
		<a id="37" s="C" t="C.3" l="C"/>
		<a id="38" s="H" t="H" l="H"/>
		<a id="39" s="H" t="H" l="H"/>
		<a id="40" s="H" t="H" l="H"/>
		<a id="41" s="C" t="C.3" l="C"/>
		<a id="42" s="H" t="H" l="H"/>
		<a id="43" s="H" t="H" l="H"/>
		<a id="44" s="H" t="H" l="H"/>
	</atoms>
	<bonds>
		<b id="1" c="27 24" t="1"/>
		<b id="2" c="26 24" t="1"/>
		<b id="3" c="24 25" t="1"/>
		<b id="4" c="24 23" t="1"/>
		<b id="5" c="29 28" t="1"/>
		<b id="6" c="20 19" t="1"/>
		<b id="7" c="31 28" t="1"/>
		<b id="8" c="1 2" t="1"/>
		<b id="9" c="35 33" t="1"/>
		<b id="10" c="3 2" t="1"/>
		<b id="11" c="28 23" t="1"/>
		<b id="12" c="28 30" t="1"/>
		<b id="13" c="7 6" t="1"/>
		<b id="14" c="23 22" t="1"/>
		<b id="15" c="23 32" t="1"/>
		<b id="16" c="2 4" t="2"/>
		<b id="17" c="43 41" t="1"/>
		<b id="18" c="19 21" t="1"/>
		<b id="19" c="19 22" t="1"/>
		<b id="20" c="19 16" t="1"/>
		<b id="21" c="34 33" t="1"/>
		<b id="22" c="33 32" t="1"/>
		<b id="23" c="33 36" t="1"/>
		<b id="24" c="4 16" t="1"/>
		<b id="25" c="4 5" t="1"/>
		<b id="26" c="6 5" t="ar"/>
		<b id="27" c="6 8" t="ar"/>
		<b id="28" c="17 16" t="1"/>
		<b id="29" c="9 8" t="1"/>
		<b id="30" c="16 18" t="1"/>
		<b id="31" c="32 41" t="1"/>
		<b id="32" c="32 37" t="1"/>
		<b id="33" c="41 42" t="1"/>
		<b id="34" c="41 44" t="1"/>
		<b id="35" c="5 14" t="ar"/>
		<b id="36" c="8 10" t="ar"/>
		<b id="37" c="40 37" t="1"/>
		<b id="38" c="37 39" t="1"/>
		<b id="39" c="37 38" t="1"/>
		<b id="40" c="14 15" t="1"/>
		<b id="41" c="14 12" t="ar"/>
		<b id="42" c="10 12" t="ar"/>
		<b id="43" c="10 11" t="1"/>
		<b id="44" c="12 13" t="1"/>
	</bonds>
	<geometry>
		<g u="A" t="cart/3d">#44,3:2.2960,-2.2968,-1.4299;3.0962,-1.7665,-0.9102;4.1078,-2.1470,-1.0697;2.8576,-0.7197,-0.0978;3.9815,-0.0029,0.5748;5.2468,0.1051,-0.0366;5.3987,-0.3100,-1.0353;6.3100,0.7565,0.5873;7.2811,0.8361,0.0950;6.1212,1.3269,1.8498;7.4484,2.1481,2.6393;4.8759,1.2527,2.4777;4.7359,1.7035,3.4620;3.8207,0.5995,1.8378;2.8582,0.5471,2.3501;1.4590,-0.2094,0.1886;1.4331,0.8851,0.0439;1.2163,-0.3639,1.2555;0.3262,-0.8230,-0.6273;0.5145,-0.6601,-1.7072;0.2936,-1.9184,-0.4675;-0.8906,-0.2323,-0.2271;-2.4051,-0.4325,-0.9474;-2.3729,0.2988,-2.6894;-2.0989,1.3661,-2.6779;-3.3547,0.2057,-3.1831;-1.6392,-0.2275,-3.3232;-2.8099,-2.2753,-1.0575;-2.1044,-2.7920,-1.7302;-2.7518,-2.7649,-0.0718;-3.8233,-2.4427,-1.4588;-3.6004,0.5102,0.2141;-5.0393,0.4455,-0.3394;-5.4082,-0.5908,-0.4225;-5.1239,0.9116,-1.3354;-5.7340,0.9844,0.3308;-3.5601,-0.1295,1.6178;-4.2173,0.4248,2.3130;-2.5418,-0.1183,2.0380;-3.9078,-1.1760,1.6060;-3.1554,1.9844,0.3172;-2.1231,2.0701,0.6915;-3.2030,2.4991,-0.6569;-3.8139,2.5382,1.0117;</g>
	</geometry>
	<conformers/>
	<properties/>
</molecule>
