<?xml version="1.0" ?>
<!--MOLLI PACKAGE EXPERIMENTAL XML FORMAT-->
<molecule name="react_82">
	<atoms>
		<a id="1" s="H" t="H" l="H"/>
		<a id="2" s="C" t="C.2" l="C"/>
		<a id="3" s="H" t="H" l="H"/>
		<a id="4" s="C" t="C.2" l="C"/>
		<a id="5" s="H" t="H" l="H"/>
		<a id="6" s="C" t="C.3" l="C"/>
		<a id="7" s="H" t="H" l="H"/>
		<a id="8" s="C" t="C.3" l="C"/>
		<a id="9" s="H" t="H" l="H"/>
		<a id="10" s="H" t="H" l="H"/>
		<a id="11" s="C" t="C.3" l="C"/>
		<a id="12" s="H" t="H" l="H"/>
		<a id="13" s="H" t="H" l="H"/>
		<a id="14" s="C" t="C.3" l="C"/>
		<a id="15" s="H" t="H" l="H"/>
		<a id="16" s="H" t="H" l="H"/>
		<a id="17" s="C" t="C.3" l="C"/>
		<a id="18" s="H" t="H" l="H"/>
		<a id="19" s="H" t="H" l="H"/>
		<a id="20" s="C" t="C.3" l="C"/>
		<a id="21" s="H" t="H" l="H"/>
		<a id="22" s="H" t="H" l="H"/>
	</atoms>
	<bonds>
		<b id="1" c="12 11" t="1"/>
		<b id="2" c="22 20" t="1"/>
		<b id="3" c="9 8" t="1"/>
		<b id="4" c="3 2" t="1"/>
		<b id="5" c="19 17" t="1"/>
		<b id="6" c="11 13" t="1"/>
		<b id="7" c="11 8" t="1"/>
		<b id="8" c="11 14" t="1"/>
		<b id="9" c="20 21" t="1"/>
		<b id="10" c="20 17" t="1"/>
		<b id="11" c="20 6" t="1"/>
		<b id="12" c="2 1" t="1"/>
		<b id="13" c="2 4" t="2"/>
		<b id="14" c="8 6" t="1"/>
		<b id="15" c="8 10" t="1"/>
		<b id="16" c="17 14" t="1"/>
		<b id="17" c="17 18" t="1"/>
		<b id="18" c="16 14" t="1"/>
		<b id="19" c="14 15" t="1"/>
		<b id="20" c="4 6" t="1"/>
		<b id="21" c="4 5" t="1"/>
		<b id="22" c="6 7" t="1"/>
	</bonds>
	<geometry>
		<g u="A" t="cart/3d">#22,3:4.1279,0.0961,-0.2189;3.0674,0.3636,-0.2431;2.8005,1.2477,-0.8293;2.1587,-0.3629,0.4157;2.5063,-1.2409,0.9781;0.6678,-0.1412,0.4716;0.4152,-0.0148,1.5434;-0.0874,-1.4101,-0.0279;0.4666,-1.8513,-0.8740;-0.0784,-2.1689,0.7737;-1.5394,-1.1104,-0.4627;-1.5635,-0.8668,-1.5398;-2.1628,-2.0120,-0.3432;-2.1289,0.0669,0.3205;-2.1008,-0.1721,1.3988;-3.1936,0.2075,0.0707;-1.3393,1.3669,0.0467;-1.4289,2.0389,0.9173;-1.7922,1.9082,-0.8013;0.1535,1.1048,-0.2616;0.7523,1.9881,0.0127;0.2991,0.9625,-1.3473;</g>
	</geometry>
	<conformers/>
	<properties/>
</molecule>
