<?xml version="1.0" ?>
<!--MOLLI PACKAGE EXPERIMENTAL XML FORMAT-->
<molecule name="react_167">
	<atoms>
		<a id="1" s="H" t="H" l="H"/>
		<a id="2" s="C" t="C.2" l="C"/>
		<a id="3" s="H" t="H" l="H"/>
		<a id="4" s="C" t="C.2" l="C"/>
		<a id="5" s="C" t="C.ar" l="C"/>
		<a id="6" s="C" t="C.ar" l="C"/>
		<a id="7" s="H" t="H" l="H"/>
		<a id="8" s="C" t="C.ar" l="C"/>
		<a id="9" s="H" t="H" l="H"/>
		<a id="10" s="C" t="C.ar" l="C"/>
		<a id="11" s="F" t="F" l="F"/>
		<a id="12" s="C" t="C.ar" l="C"/>
		<a id="13" s="F" t="F" l="F"/>
		<a id="14" s="C" t="C.ar" l="C"/>
		<a id="15" s="H" t="H" l="H"/>
		<a id="16" s="C" t="C.3" l="C"/>
		<a id="17" s="H" t="H" l="H"/>
		<a id="18" s="H" t="H" l="H"/>
		<a id="19" s="C" t="C.3" l="C"/>
		<a id="20" s="H" t="H" l="H"/>
		<a id="21" s="H" t="H" l="H"/>
		<a id="22" s="O" t="O.3" l="O"/>
		<a id="23" s="Si" t="Si" l="SI"/>
		<a id="24" s="C" t="C.3" l="C"/>
		<a id="25" s="H" t="H" l="H"/>
		<a id="26" s="H" t="H" l="H"/>
		<a id="27" s="H" t="H" l="H"/>
		<a id="28" s="C" t="C.3" l="C"/>
		<a id="29" s="H" t="H" l="H"/>
		<a id="30" s="H" t="H" l="H"/>
		<a id="31" s="H" t="H" l="H"/>
		<a id="32" s="C" t="C.3" l="C"/>
		<a id="33" s="C" t="C.3" l="C"/>
		<a id="34" s="H" t="H" l="H"/>
		<a id="35" s="H" t="H" l="H"/>
		<a id="36" s="H" t="H" l="H"/>
		<a id="37" s="C" t="C.3" l="C"/>
		<a id="38" s="H" t="H" l="H"/>
		<a id="39" s="H" t="H" l="H"/>
		<a id="40" s="H" t="H" l="H"/>
		<a id="41" s="C" t="C.3" l="C"/>
		<a id="42" s="H" t="H" l="H"/>
		<a id="43" s="H" t="H" l="H"/>
		<a id="44" s="H" t="H" l="H"/>
	</atoms>
	<bonds>
		<b id="1" c="39 37" t="1"/>
		<b id="2" c="40 37" t="1"/>
		<b id="3" c="37 38" t="1"/>
		<b id="4" c="37 32" t="1"/>
		<b id="5" c="25 24" t="1"/>
		<b id="6" c="35 33" t="1"/>
		<b id="7" c="36 33" t="1"/>
		<b id="8" c="27 24" t="1"/>
		<b id="9" c="24 26" t="1"/>
		<b id="10" c="24 23" t="1"/>
		<b id="11" c="33 32" t="1"/>
		<b id="12" c="33 34" t="1"/>
		<b id="13" c="32 23" t="1"/>
		<b id="14" c="32 41" t="1"/>
		<b id="15" c="18 16" t="1"/>
		<b id="16" c="44 41" t="1"/>
		<b id="17" c="21 19" t="1"/>
		<b id="18" c="23 22" t="1"/>
		<b id="19" c="23 28" t="1"/>
		<b id="20" c="22 19" t="1"/>
		<b id="21" c="9 8" t="1"/>
		<b id="22" c="11 10" t="1"/>
		<b id="23" c="41 43" t="1"/>
		<b id="24" c="41 42" t="1"/>
		<b id="25" c="8 10" t="ar"/>
		<b id="26" c="8 6" t="ar"/>
		<b id="27" c="10 12" t="ar"/>
		<b id="28" c="7 6" t="1"/>
		<b id="29" c="6 5" t="ar"/>
		<b id="30" c="16 19" t="1"/>
		<b id="31" c="16 4" t="1"/>
		<b id="32" c="16 17" t="1"/>
		<b id="33" c="12 13" t="1"/>
		<b id="34" c="12 14" t="ar"/>
		<b id="35" c="19 20" t="1"/>
		<b id="36" c="5 14" t="ar"/>
		<b id="37" c="5 4" t="1"/>
		<b id="38" c="14 15" t="1"/>
		<b id="39" c="4 2" t="2"/>
		<b id="40" c="2 3" t="1"/>
		<b id="41" c="2 1" t="1"/>
		<b id="42" c="29 28" t="1"/>
		<b id="43" c="28 30" t="1"/>
		<b id="44" c="28 31" t="1"/>
	</bonds>
	<geometry>
		<g u="A" t="cart/3d">#44,3:3.4413,2.8454,1.6293;2.5504,2.3249,1.2701;1.5998,2.8408,1.4184;2.6255,1.1081,0.7000;3.9427,0.4393,0.4812;5.1152,1.1829,0.2415;5.0626,2.2716,0.1874;6.3451,0.5546,0.0367;7.2536,1.1286,-0.1589;6.4263,-0.8345,0.0591;7.5897,-1.4575,-0.1471;5.2727,-1.5895,0.2863;5.3581,-2.9238,0.3051;4.0479,-0.9657,0.4877;3.1846,-1.6078,0.6657;1.4029,0.3371,0.2469;1.3104,-0.5920,0.8372;1.5510,0.0006,-0.7945;0.0589,1.0521,0.3219;-0.1570,1.3473,1.3677;0.0921,1.9844,-0.2761;-0.9306,0.1753,-0.1673;-2.5988,0.4254,-0.2428;-2.9628,1.9457,-1.3051;-2.5289,1.8506,-2.3137;-2.5429,2.8563,-0.8449;-4.0478,2.1087,-1.4174;-3.2723,0.7101,1.5000;-4.3699,0.8172,1.4941;-2.8581,1.6347,1.9367;-3.0173,-0.1225,2.1755;-3.2638,-1.1900,-1.0270;-4.7982,-1.1196,-1.1713;-5.3031,-1.0030,-0.1976;-5.1187,-0.2847,-1.8172;-5.1847,-2.0495,-1.6274;-2.6242,-1.3830,-2.4182;-1.5252,-1.4196,-2.3556;-2.8946,-0.5718,-3.1148;-2.9686,-2.3309,-2.8711;-2.8863,-2.3865,-0.1283;-3.3530,-2.3198,0.8687;-1.7964,-2.4562,0.0150;-3.2273,-3.3338,-0.5854;</g>
	</geometry>
	<conformers/>
	<properties/>
</molecule>
