<?xml version="1.0" ?>
<!--MOLLI PACKAGE EXPERIMENTAL XML FORMAT-->
<molecule name="react_169">
	<atoms>
		<a id="1" s="H" t="H" l="H"/>
		<a id="2" s="C" t="C.2" l="C"/>
		<a id="3" s="H" t="H" l="H"/>
		<a id="4" s="C" t="C.2" l="C"/>
		<a id="5" s="C" t="C.ar" l="C"/>
		<a id="6" s="N" t="N.ar" l="N"/>
		<a id="7" s="C" t="C.ar" l="C"/>
		<a id="8" s="C" t="C.ar" l="C"/>
		<a id="9" s="C" t="C.ar" l="C"/>
		<a id="10" s="H" t="H" l="H"/>
		<a id="11" s="C" t="C.ar" l="C"/>
		<a id="12" s="H" t="H" l="H"/>
		<a id="13" s="C" t="C.ar" l="C"/>
		<a id="14" s="F" t="F" l="F"/>
		<a id="15" s="C" t="C.ar" l="C"/>
		<a id="16" s="H" t="H" l="H"/>
		<a id="17" s="C" t="C.ar" l="C"/>
		<a id="18" s="F" t="F" l="F"/>
		<a id="19" s="C" t="C.ar" l="C"/>
		<a id="20" s="H" t="H" l="H"/>
		<a id="21" s="S" t="S.2" l="S"/>
		<a id="22" s="C" t="C.ar" l="C"/>
		<a id="23" s="C" t="C.ar" l="C"/>
		<a id="24" s="H" t="H" l="H"/>
		<a id="25" s="C" t="C.ar" l="C"/>
		<a id="26" s="H" t="H" l="H"/>
		<a id="27" s="C" t="C.ar" l="C"/>
		<a id="28" s="F" t="F" l="F"/>
		<a id="29" s="C" t="C.ar" l="C"/>
		<a id="30" s="H" t="H" l="H"/>
		<a id="31" s="C" t="C.ar" l="C"/>
		<a id="32" s="F" t="F" l="F"/>
	</atoms>
	<bonds>
		<b id="1" c="20 19" t="1"/>
		<b id="2" c="21 19" t="ar"/>
		<b id="3" c="21 5" t="ar"/>
		<b id="4" c="19 7" t="ar"/>
		<b id="5" c="26 25" t="1"/>
		<b id="6" c="10 9" t="1"/>
		<b id="7" c="28 27" t="1"/>
		<b id="8" c="25 27" t="ar"/>
		<b id="9" c="25 23" t="ar"/>
		<b id="10" c="27 29" t="ar"/>
		<b id="11" c="24 23" t="1"/>
		<b id="12" c="7 8" t="1"/>
		<b id="13" c="7 6" t="ar"/>
		<b id="14" c="9 8" t="ar"/>
		<b id="15" c="9 11" t="ar"/>
		<b id="16" c="23 22" t="ar"/>
		<b id="17" c="12 11" t="1"/>
		<b id="18" c="8 17" t="ar"/>
		<b id="19" c="11 13" t="ar"/>
		<b id="20" c="5 6" t="ar"/>
		<b id="21" c="5 4" t="1"/>
		<b id="22" c="29 30" t="1"/>
		<b id="23" c="29 31" t="ar"/>
		<b id="24" c="22 31" t="ar"/>
		<b id="25" c="22 4" t="1"/>
		<b id="26" c="31 32" t="1"/>
		<b id="27" c="17 18" t="1"/>
		<b id="28" c="17 15" t="ar"/>
		<b id="29" c="13 14" t="1"/>
		<b id="30" c="13 15" t="ar"/>
		<b id="31" c="4 2" t="2"/>
		<b id="32" c="15 16" t="1"/>
		<b id="33" c="2 3" t="1"/>
		<b id="34" c="2 1" t="1"/>
	</bonds>
	<geometry>
		<g u="A" t="cart/3d">#32,3:2.3595,-2.3096,2.0067;1.5012,-1.8605,1.5014;0.4991,-2.2218,1.7434;1.6648,-0.8642,0.6092;0.4795,-0.2583,-0.0290;-0.7417,-0.3730,0.4100;-1.6542,0.2396,-0.4095;-3.0929,0.2518,-0.0672;-3.9022,1.3655,-0.3617;-3.4388,2.2424,-0.8193;-5.2638,1.3983,-0.0616;-5.8806,2.2703,-0.2853;-5.8348,0.2887,0.5587;-7.1381,0.3024,0.8630;-5.0810,-0.8383,0.8745;-5.5364,-1.7066,1.3524;-3.7246,-0.8416,0.5550;-3.0284,-1.9453,0.8382;-1.1057,0.8438,-1.5256;-1.6199,1.3684,-2.3286;0.6039,0.6406,-1.5414;3.0207,-0.3793,0.2198;3.9992,-1.2533,-0.2862;3.7355,-2.3042,-0.4255;5.2800,-0.8128,-0.6249;6.0348,-1.4925,-1.0238;5.5888,0.5354,-0.4527;6.8095,0.9769,-0.7758;4.6583,1.4430,0.0487;4.9130,2.4938,0.1918;3.3919,0.9672,0.3766;2.5034,1.8331,0.8807;</g>
	</geometry>
	<conformers/>
	<properties/>
</molecule>
