<?xml version="1.0" ?>
<!--MOLLI PACKAGE EXPERIMENTAL XML FORMAT-->
<molecule name="react_170">
	<atoms>
		<a id="1" s="H" t="H" l="H"/>
		<a id="2" s="C" t="C.2" l="C"/>
		<a id="3" s="H" t="H" l="H"/>
		<a id="4" s="C" t="C.2" l="C"/>
		<a id="5" s="C" t="C.3" l="C"/>
		<a id="6" s="H" t="H" l="H"/>
		<a id="7" s="H" t="H" l="H"/>
		<a id="8" s="H" t="H" l="H"/>
		<a id="9" s="C" t="C.3" l="C"/>
		<a id="10" s="H" t="H" l="H"/>
		<a id="11" s="H" t="H" l="H"/>
		<a id="12" s="C" t="C.3" l="C"/>
		<a id="13" s="H" t="H" l="H"/>
		<a id="14" s="H" t="H" l="H"/>
		<a id="15" s="C" t="C.3" l="C"/>
		<a id="16" s="H" t="H" l="H"/>
		<a id="17" s="H" t="H" l="H"/>
		<a id="18" s="C" t="C.ar" l="C"/>
		<a id="19" s="C" t="C.ar" l="C"/>
		<a id="20" s="O" t="O.3" l="O"/>
		<a id="21" s="C" t="C.3" l="C"/>
		<a id="22" s="H" t="H" l="H"/>
		<a id="23" s="H" t="H" l="H"/>
		<a id="24" s="H" t="H" l="H"/>
		<a id="25" s="C" t="C.ar" l="C"/>
		<a id="26" s="C" t="C.3" l="C"/>
		<a id="27" s="H" t="H" l="H"/>
		<a id="28" s="H" t="H" l="H"/>
		<a id="29" s="H" t="H" l="H"/>
		<a id="30" s="C" t="C.ar" l="C"/>
		<a id="31" s="C" t="C.3" l="C"/>
		<a id="32" s="H" t="H" l="H"/>
		<a id="33" s="H" t="H" l="H"/>
		<a id="34" s="H" t="H" l="H"/>
		<a id="35" s="C" t="C.ar" l="C"/>
		<a id="36" s="O" t="O.3" l="O"/>
		<a id="37" s="C" t="C.3" l="C"/>
		<a id="38" s="H" t="H" l="H"/>
		<a id="39" s="H" t="H" l="H"/>
		<a id="40" s="H" t="H" l="H"/>
		<a id="41" s="C" t="C.ar" l="C"/>
		<a id="42" s="C" t="C.3" l="C"/>
		<a id="43" s="H" t="H" l="H"/>
		<a id="44" s="H" t="H" l="H"/>
		<a id="45" s="H" t="H" l="H"/>
	</atoms>
	<bonds>
		<b id="1" c="3 2" t="1"/>
		<b id="2" c="1 2" t="1"/>
		<b id="3" c="2 4" t="2"/>
		<b id="4" c="6 5" t="1"/>
		<b id="5" c="27 26" t="1"/>
		<b id="6" c="33 31" t="1"/>
		<b id="7" c="38 37" t="1"/>
		<b id="8" c="4 5" t="1"/>
		<b id="9" c="4 9" t="1"/>
		<b id="10" c="29 26" t="1"/>
		<b id="11" c="13 12" t="1"/>
		<b id="12" c="5 8" t="1"/>
		<b id="13" c="5 7" t="1"/>
		<b id="14" c="26 25" t="1"/>
		<b id="15" c="26 28" t="1"/>
		<b id="16" c="14 12" t="1"/>
		<b id="17" c="40 37" t="1"/>
		<b id="18" c="37 39" t="1"/>
		<b id="19" c="37 36" t="1"/>
		<b id="20" c="12 9" t="1"/>
		<b id="21" c="12 15" t="1"/>
		<b id="22" c="31 30" t="1"/>
		<b id="23" c="31 34" t="1"/>
		<b id="24" c="31 32" t="1"/>
		<b id="25" c="25 30" t="ar"/>
		<b id="26" c="25 19" t="ar"/>
		<b id="27" c="20 19" t="1"/>
		<b id="28" c="20 21" t="1"/>
		<b id="29" c="9 11" t="1"/>
		<b id="30" c="9 10" t="1"/>
		<b id="31" c="30 35" t="ar"/>
		<b id="32" c="19 18" t="ar"/>
		<b id="33" c="35 36" t="1"/>
		<b id="34" c="35 41" t="ar"/>
		<b id="35" c="18 41" t="ar"/>
		<b id="36" c="18 15" t="1"/>
		<b id="37" c="23 21" t="1"/>
		<b id="38" c="45 42" t="1"/>
		<b id="39" c="41 42" t="1"/>
		<b id="40" c="15 17" t="1"/>
		<b id="41" c="15 16" t="1"/>
		<b id="42" c="21 24" t="1"/>
		<b id="43" c="21 22" t="1"/>
		<b id="44" c="42 44" t="1"/>
		<b id="45" c="42 43" t="1"/>
	</bonds>
	<geometry>
		<g u="A" t="cart/3d">#45,3:2.9675,0.4778,-2.7230;4.0241,0.4807,-2.4459;4.7423,0.6389,-3.2564;4.4380,0.2976,-1.1837;5.9043,0.3006,-0.8241;6.5448,0.4590,-1.7045;6.1299,1.0930,-0.0876;6.1984,-0.6544,-0.3523;3.5020,0.0687,-0.0143;3.7453,0.8141,0.7689;3.7633,-0.9059,0.4444;1.9998,0.1038,-0.2977;1.7413,-0.6568,-1.0522;1.7247,1.0814,-0.7303;1.1519,-0.1558,0.9631;1.4214,0.5779,1.7386;1.4270,-1.1430,1.3651;-0.3390,-0.1090,0.6960;-0.9827,-1.2526,0.1862;-0.2201,-2.3880,-0.0289;-0.2677,-3.3634,0.9976;0.0678,-2.9528,1.9681;0.4084,-4.1795,0.7022;-1.2849,-3.7747,1.1309;-2.3479,-1.2610,-0.1514;-2.9828,-2.4919,-0.7532;-3.5895,-2.2362,-1.6366;-3.6607,-2.9986,-0.0429;-2.2169,-3.2120,-1.0688;-3.1044,-0.0890,0.0540;-4.5849,-0.0677,-0.2436;-5.0914,-0.9474,0.1856;-4.7885,-0.0876,-1.3294;-5.0544,0.8313,0.1757;-2.4618,1.0584,0.5550;-3.2101,2.2031,0.7642;-3.2957,3.0863,-0.3397;-3.7625,2.6034,-1.2180;-3.9198,3.9372,-0.0283;-2.3010,3.4643,-0.6410;-1.0908,1.0698,0.8832;-0.4626,2.3232,1.4497;0.0491,2.1182,2.4043;-1.2252,3.0878,1.6421;0.2939,2.7511,0.7698;</g>
	</geometry>
	<conformers/>
	<properties/>
</molecule>
