<?xml version="1.0" ?>
<!--MOLLI PACKAGE EXPERIMENTAL XML FORMAT-->
<molecule name="react_171">
	<atoms>
		<a id="1" s="H" t="H" l="H"/>
		<a id="2" s="C" t="C.2" l="C"/>
		<a id="3" s="H" t="H" l="H"/>
		<a id="4" s="C" t="C.2" l="C"/>
		<a id="5" s="C" t="C.ar" l="C"/>
		<a id="6" s="C" t="C.ar" l="C"/>
		<a id="7" s="H" t="H" l="H"/>
		<a id="8" s="C" t="C.ar" l="C"/>
		<a id="9" s="H" t="H" l="H"/>
		<a id="10" s="C" t="C.ar" l="C"/>
		<a id="11" s="H" t="H" l="H"/>
		<a id="12" s="C" t="C.ar" l="C"/>
		<a id="13" s="H" t="H" l="H"/>
		<a id="14" s="C" t="C.ar" l="C"/>
		<a id="15" s="H" t="H" l="H"/>
		<a id="16" s="C" t="C.3" l="C"/>
		<a id="17" s="C" t="C.3" l="C"/>
		<a id="18" s="H" t="H" l="H"/>
		<a id="19" s="H" t="H" l="H"/>
		<a id="20" s="C" t="C.3" l="C"/>
		<a id="21" s="H" t="H" l="H"/>
		<a id="22" s="C" t="C.3" l="C"/>
		<a id="23" s="H" t="H" l="H"/>
		<a id="24" s="H" t="H" l="H"/>
		<a id="25" s="C" t="C.3" l="C"/>
		<a id="26" s="H" t="H" l="H"/>
		<a id="27" s="C" t="C.3" l="C"/>
		<a id="28" s="H" t="H" l="H"/>
		<a id="29" s="H" t="H" l="H"/>
		<a id="30" s="C" t="C.3" l="C"/>
		<a id="31" s="H" t="H" l="H"/>
		<a id="32" s="H" t="H" l="H"/>
		<a id="33" s="C" t="C.3" l="C"/>
		<a id="34" s="H" t="H" l="H"/>
		<a id="35" s="C" t="C.3" l="C"/>
		<a id="36" s="H" t="H" l="H"/>
		<a id="37" s="H" t="H" l="H"/>
		<a id="38" s="C" t="C.3" l="C"/>
		<a id="39" s="H" t="H" l="H"/>
		<a id="40" s="H" t="H" l="H"/>
	</atoms>
	<bonds>
		<b id="1" c="21 20" t="1"/>
		<b id="2" c="23 22" t="1"/>
		<b id="3" c="24 22" t="1"/>
		<b id="4" c="9 8" t="1"/>
		<b id="5" c="22 20" t="1"/>
		<b id="6" c="22 25" t="1"/>
		<b id="7" c="20 17" t="1"/>
		<b id="8" c="20 38" t="1"/>
		<b id="9" c="18 17" t="1"/>
		<b id="10" c="11 10" t="1"/>
		<b id="11" c="40 38" t="1"/>
		<b id="12" c="8 10" t="ar"/>
		<b id="13" c="8 6" t="ar"/>
		<b id="14" c="17 19" t="1"/>
		<b id="15" c="17 16" t="1"/>
		<b id="16" c="10 12" t="ar"/>
		<b id="17" c="7 6" t="1"/>
		<b id="18" c="38 39" t="1"/>
		<b id="19" c="38 33" t="1"/>
		<b id="20" c="6 5" t="ar"/>
		<b id="21" c="26 25" t="1"/>
		<b id="22" c="25 27" t="1"/>
		<b id="23" c="25 30" t="1"/>
		<b id="24" c="28 27" t="1"/>
		<b id="25" c="12 13" t="1"/>
		<b id="26" c="12 14" t="ar"/>
		<b id="27" c="31 30" t="1"/>
		<b id="28" c="27 16" t="1"/>
		<b id="29" c="27 29" t="1"/>
		<b id="30" c="5 14" t="ar"/>
		<b id="31" c="5 4" t="1"/>
		<b id="32" c="16 4" t="1"/>
		<b id="33" c="16 35" t="1"/>
		<b id="34" c="30 33" t="1"/>
		<b id="35" c="30 32" t="1"/>
		<b id="36" c="33 34" t="1"/>
		<b id="37" c="33 35" t="1"/>
		<b id="38" c="14 15" t="1"/>
		<b id="39" c="4 2" t="2"/>
		<b id="40" c="35 37" t="1"/>
		<b id="41" c="35 36" t="1"/>
		<b id="42" c="2 1" t="1"/>
		<b id="43" c="2 3" t="1"/>
	</bonds>
	<geometry>
		<g u="A" t="cart/3d">#40,3:2.4987,0.8430,2.6479;1.4858,0.9177,2.2419;0.7695,1.4992,2.8253;1.1671,0.3167,1.0845;2.2420,-0.4593,0.3722;3.0893,0.1659,-0.5602;2.9504,1.2270,-0.7815;4.1135,-0.5458,-1.1927;4.7630,-0.0372,-1.9108;4.3125,-1.8990,-0.9036;5.1141,-2.4560,-1.3963;3.4837,-2.5323,0.0273;3.6373,-3.5876,0.2696;2.4599,-1.8189,0.6583;1.8247,-2.3181,1.3943;-0.2303,0.3779,0.4478;-0.1572,1.0422,-0.9589;0.5406,0.4830,-1.6028;0.2477,2.0647,-0.8593;-1.5489,1.0874,-1.6213;-1.4577,1.5612,-2.6143;-2.0885,-0.3473,-1.7811;-1.4153,-0.9368,-2.4280;-3.0747,-0.3306,-2.2776;-2.2037,-1.0085,-0.3936;-2.5821,-2.0397,-0.5040;-0.8117,-1.0555,0.2679;-0.1298,-1.6613,-0.3501;-0.8758,-1.5501,1.2532;-3.1690,-0.1924,0.4861;-4.1750,-0.1702,0.0312;-3.2770,-0.6686,1.4766;-2.6238,1.2396,0.6429;-3.3036,1.8275,1.2840;-1.2318,1.1921,1.3040;-1.3150,0.7429,2.3085;-0.8549,2.2197,1.4431;-2.5143,1.9043,-0.7423;-2.1501,2.9418,-0.6391;-3.5093,1.9610,-1.2179;</g>
	</geometry>
	<conformers/>
	<properties/>
</molecule>
