<?xml version="1.0" ?>
<!--MOLLI PACKAGE EXPERIMENTAL XML FORMAT-->
<molecule name="react_172">
	<atoms>
		<a id="1" s="H" t="H" l="H"/>
		<a id="2" s="C" t="C.2" l="C"/>
		<a id="3" s="H" t="H" l="H"/>
		<a id="4" s="C" t="C.2" l="C"/>
		<a id="5" s="C" t="C.2" l="C"/>
		<a id="6" s="O" t="O.2" l="O"/>
		<a id="7" s="O" t="O.3" l="O"/>
		<a id="8" s="C" t="C.3" l="C"/>
		<a id="9" s="H" t="H" l="H"/>
		<a id="10" s="H" t="H" l="H"/>
		<a id="11" s="H" t="H" l="H"/>
		<a id="12" s="C" t="C.3" l="C"/>
		<a id="13" s="H" t="H" l="H"/>
		<a id="14" s="H" t="H" l="H"/>
		<a id="15" s="C" t="C.3" l="C"/>
		<a id="16" s="H" t="H" l="H"/>
		<a id="17" s="H" t="H" l="H"/>
		<a id="18" s="C" t="C.3" l="C"/>
		<a id="19" s="H" t="H" l="H"/>
		<a id="20" s="H" t="H" l="H"/>
		<a id="21" s="C" t="C.3" l="C"/>
		<a id="22" s="H" t="H" l="H"/>
		<a id="23" s="H" t="H" l="H"/>
		<a id="24" s="C" t="C.3" l="C"/>
		<a id="25" s="H" t="H" l="H"/>
		<a id="26" s="H" t="H" l="H"/>
		<a id="27" s="C" t="C.3" l="C"/>
		<a id="28" s="H" t="H" l="H"/>
		<a id="29" s="H" t="H" l="H"/>
		<a id="30" s="C" t="C.3" l="C"/>
		<a id="31" s="H" t="H" l="H"/>
		<a id="32" s="H" t="H" l="H"/>
		<a id="33" s="C" t="C.3" l="C"/>
		<a id="34" s="H" t="H" l="H"/>
		<a id="35" s="H" t="H" l="H"/>
		<a id="36" s="C" t="C.3" l="C"/>
		<a id="37" s="H" t="H" l="H"/>
		<a id="38" s="H" t="H" l="H"/>
		<a id="39" s="C" t="C.3" l="C"/>
		<a id="40" s="H" t="H" l="H"/>
		<a id="41" s="H" t="H" l="H"/>
		<a id="42" s="C" t="C.3" l="C"/>
		<a id="43" s="H" t="H" l="H"/>
		<a id="44" s="H" t="H" l="H"/>
		<a id="45" s="C" t="C.3" l="C"/>
		<a id="46" s="H" t="H" l="H"/>
		<a id="47" s="H" t="H" l="H"/>
		<a id="48" s="C" t="C.3" l="C"/>
		<a id="49" s="H" t="H" l="H"/>
		<a id="50" s="H" t="H" l="H"/>
		<a id="51" s="C" t="C.3" l="C"/>
		<a id="52" s="H" t="H" l="H"/>
		<a id="53" s="H" t="H" l="H"/>
		<a id="54" s="H" t="H" l="H"/>
	</atoms>
	<bonds>
		<b id="1" c="9 8" t="1"/>
		<b id="2" c="32 30" t="1"/>
		<b id="3" c="31 30" t="1"/>
		<b id="4" c="52 51" t="1"/>
		<b id="5" c="11 8" t="1"/>
		<b id="6" c="53 51" t="1"/>
		<b id="7" c="25 24" t="1"/>
		<b id="8" c="8 10" t="1"/>
		<b id="9" c="8 7" t="1"/>
		<b id="10" c="26 24" t="1"/>
		<b id="11" c="40 39" t="1"/>
		<b id="12" c="34 33" t="1"/>
		<b id="13" c="30 33" t="1"/>
		<b id="14" c="30 27" t="1"/>
		<b id="15" c="51 54" t="1"/>
		<b id="16" c="51 48" t="1"/>
		<b id="17" c="41 39" t="1"/>
		<b id="18" c="24 27" t="1"/>
		<b id="19" c="24 21" t="1"/>
		<b id="20" c="6 5" t="2"/>
		<b id="21" c="49 48" t="1"/>
		<b id="22" c="7 5" t="1"/>
		<b id="23" c="22 21" t="1"/>
		<b id="24" c="39 42" t="1"/>
		<b id="25" c="39 36" t="1"/>
		<b id="26" c="33 35" t="1"/>
		<b id="27" c="33 36" t="1"/>
		<b id="28" c="43 42" t="1"/>
		<b id="29" c="5 4" t="1"/>
		<b id="30" c="27 28" t="1"/>
		<b id="31" c="27 29" t="1"/>
		<b id="32" c="48 50" t="1"/>
		<b id="33" c="48 45" t="1"/>
		<b id="34" c="21 23" t="1"/>
		<b id="35" c="21 18" t="1"/>
		<b id="36" c="42 45" t="1"/>
		<b id="37" c="42 44" t="1"/>
		<b id="38" c="36 37" t="1"/>
		<b id="39" c="36 38" t="1"/>
		<b id="40" c="14 12" t="1"/>
		<b id="41" c="19 18" t="1"/>
		<b id="42" c="4 2" t="2"/>
		<b id="43" c="4 12" t="1"/>
		<b id="44" c="3 2" t="1"/>
		<b id="45" c="45 47" t="1"/>
		<b id="46" c="45 46" t="1"/>
		<b id="47" c="18 20" t="1"/>
		<b id="48" c="18 15" t="1"/>
		<b id="49" c="2 1" t="1"/>
		<b id="50" c="12 13" t="1"/>
		<b id="51" c="12 15" t="1"/>
		<b id="52" c="15 16" t="1"/>
		<b id="53" c="15 17" t="1"/>
	</bonds>
	<geometry>
		<g u="A" t="cart/3d">#54,3:4.1256,1.4240,2.0683;4.9231,1.4401,1.3219;5.2413,2.4138,0.9466;5.4940,0.3101,0.8760;6.5937,0.3737,-0.1456;7.1414,-0.6026,-0.6080;6.9235,1.6293,-0.5076;7.9610,1.7529,-1.4775;7.6861,1.2454,-2.4153;8.8993,1.3102,-1.1084;8.0912,2.8287,-1.6515;5.1779,-1.0946,1.3512;5.9981,-1.3861,2.0338;5.2919,-1.7777,0.4933;3.8289,-1.3483,2.0451;3.5597,-0.5013,2.7006;3.9647,-2.2044,2.7273;2.6509,-1.6869,1.1149;2.9215,-2.5784,0.5175;1.8010,-1.9985,1.7471;2.1946,-0.5756,0.1610;3.0479,-0.2550,-0.4596;1.9018,0.3157,0.7479;1.0383,-0.9680,-0.7714;0.9012,-0.1639,-1.5173;1.3278,-1.8645,-1.3522;-0.3075,-1.2264,-0.0826;-0.5719,-0.3417,0.5254;-0.2151,-2.0653,0.6311;-1.4379,-1.5425,-1.0695;-1.1304,-2.4015,-1.6935;-1.5532,-0.6983,-1.7735;-2.7912,-1.8791,-0.4226;-3.4881,-2.2070,-1.2158;-2.6569,-2.7563,0.2367;-3.4646,-0.7579,0.3870;-4.3632,-1.1819,0.8679;-2.8070,-0.4445,1.2189;-3.8597,0.4769,-0.4334;-4.5136,0.1620,-1.2678;-2.9601,0.9021,-0.9117;-4.5380,1.5966,0.3734;-4.6527,2.4800,-0.2792;-3.8522,1.9167,1.1794;-5.8985,1.2558,1.0063;-5.7706,0.4413,1.7411;-6.2318,2.1306,1.5948;-7.0203,0.8655,0.0301;-6.7390,-0.0512,-0.5191;-7.9107,0.5894,0.6227;-7.4084,1.9579,-0.9702;-6.5820,2.2067,-1.6560;-8.2634,1.6446,-1.5915;-7.6985,2.8889,-0.4531;</g>
	</geometry>
	<conformers/>
	<properties/>
</molecule>
