<?xml version="1.0" ?>
<!--MOLLI PACKAGE EXPERIMENTAL XML FORMAT-->
<molecule name="react_173">
	<atoms>
		<a id="1" s="H" t="H" l="H"/>
		<a id="2" s="C" t="C.2" l="C"/>
		<a id="3" s="H" t="H" l="H"/>
		<a id="4" s="C" t="C.2" l="C"/>
		<a id="5" s="C" t="C.3" l="C"/>
		<a id="6" s="H" t="H" l="H"/>
		<a id="7" s="H" t="H" l="H"/>
		<a id="8" s="H" t="H" l="H"/>
		<a id="9" s="C" t="C.3" l="C"/>
		<a id="10" s="H" t="H" l="H"/>
		<a id="11" s="H" t="H" l="H"/>
		<a id="12" s="C" t="C.ar" l="C"/>
		<a id="13" s="C" t="C.ar" l="C"/>
		<a id="14" s="H" t="H" l="H"/>
		<a id="15" s="C" t="C.ar" l="C"/>
		<a id="16" s="H" t="H" l="H"/>
		<a id="17" s="C" t="C.ar" l="C"/>
		<a id="18" s="C" t="C.ar" l="C"/>
		<a id="19" s="C" t="C.ar" l="C"/>
		<a id="20" s="O" t="O.3" l="O"/>
		<a id="21" s="C" t="C.3" l="C"/>
		<a id="22" s="H" t="H" l="H"/>
		<a id="23" s="H" t="H" l="H"/>
		<a id="24" s="H" t="H" l="H"/>
		<a id="25" s="C" t="C.2" l="C"/>
		<a id="26" s="O" t="O.2" l="O"/>
		<a id="27" s="C" t="C.ar" l="C"/>
		<a id="28" s="C" t="C.ar" l="C"/>
		<a id="29" s="H" t="H" l="H"/>
		<a id="30" s="C" t="C.ar" l="C"/>
		<a id="31" s="H" t="H" l="H"/>
		<a id="32" s="C" t="C.ar" l="C"/>
		<a id="33" s="H" t="H" l="H"/>
		<a id="34" s="C" t="C.ar" l="C"/>
		<a id="35" s="O" t="O.3" l="O"/>
		<a id="36" s="C" t="C.3" l="C"/>
		<a id="37" s="H" t="H" l="H"/>
		<a id="38" s="H" t="H" l="H"/>
		<a id="39" s="H" t="H" l="H"/>
		<a id="40" s="C" t="C.ar" l="C"/>
		<a id="41" s="C" t="C.2" l="C"/>
		<a id="42" s="O" t="O.2" l="O"/>
	</atoms>
	<bonds>
		<b id="1" c="3 2" t="1"/>
		<b id="2" c="1 2" t="1"/>
		<b id="3" c="2 4" t="2"/>
		<b id="4" c="23 21" t="1"/>
		<b id="5" c="8 5" t="1"/>
		<b id="6" c="22 21" t="1"/>
		<b id="7" c="37 36" t="1"/>
		<b id="8" c="38 36" t="1"/>
		<b id="9" c="21 24" t="1"/>
		<b id="10" c="21 20" t="1"/>
		<b id="11" c="4 5" t="1"/>
		<b id="12" c="4 9" t="1"/>
		<b id="13" c="36 39" t="1"/>
		<b id="14" c="36 35" t="1"/>
		<b id="15" c="5 6" t="1"/>
		<b id="16" c="5 7" t="1"/>
		<b id="17" c="42 41" t="2"/>
		<b id="18" c="41 17" t="1"/>
		<b id="19" c="41 40" t="1"/>
		<b id="20" c="16 15" t="1"/>
		<b id="21" c="26 25" t="2"/>
		<b id="22" c="17 15" t="ar"/>
		<b id="23" c="17 18" t="ar"/>
		<b id="24" c="15 13" t="ar"/>
		<b id="25" c="18 25" t="1"/>
		<b id="26" c="18 19" t="ar"/>
		<b id="27" c="25 27" t="1"/>
		<b id="28" c="19 12" t="ar"/>
		<b id="29" c="19 20" t="1"/>
		<b id="30" c="13 14" t="1"/>
		<b id="31" c="13 12" t="ar"/>
		<b id="32" c="12 9" t="1"/>
		<b id="33" c="40 27" t="ar"/>
		<b id="34" c="40 34" t="ar"/>
		<b id="35" c="27 28" t="ar"/>
		<b id="36" c="9 10" t="1"/>
		<b id="37" c="9 11" t="1"/>
		<b id="38" c="34 35" t="1"/>
		<b id="39" c="34 32" t="ar"/>
		<b id="40" c="28 29" t="1"/>
		<b id="41" c="28 30" t="ar"/>
		<b id="42" c="32 30" t="ar"/>
		<b id="43" c="32 33" t="1"/>
		<b id="44" c="30 31" t="1"/>
	</bonds>
	<geometry>
		<g u="A" t="cart/3d">#42,3:-2.8683,1.1373,-1.8230;-3.9457,1.0390,-1.6692;-4.5829,1.1318,-2.5536;-4.4767,0.8205,-0.4578;-5.9645,0.6929,-0.2457;-6.2185,-0.2897,0.1904;-6.3283,1.4530,0.4689;-6.5248,0.8085,-1.1851;-3.6557,0.6900,0.8179;-3.9275,-0.2594,1.3075;-3.9845,1.4898,1.5076;-2.1542,0.7591,0.6794;-1.5014,1.9978,0.6326;-2.0994,2.9128,0.6753;-0.1160,2.0830,0.5346;0.3961,3.0451,0.4875;0.6573,0.9183,0.5203;0.0377,-0.3538,0.5573;-1.3816,-0.4247,0.6130;-2.0466,-1.6058,0.7059;-2.2879,-2.3491,-0.4869;-1.3462,-2.6783,-0.9491;-2.8834,-1.7557,-1.2018;-2.8610,-3.2367,-0.1850;0.8957,-1.5730,0.5991;0.4508,-2.7055,0.5003;2.3758,-1.3802,0.8004;3.1322,-2.5286,1.0616;2.6166,-3.4894,1.0921;4.5041,-2.4244,1.2881;5.0939,-3.3179,1.5097;5.1239,-1.1761,1.2390;6.1934,-1.0644,1.4316;4.3904,-0.0148,0.9512;5.0607,1.1661,0.9859;5.5189,1.7088,-0.2462;4.6783,1.9737,-0.9050;6.1964,1.0022,-0.7602;6.0759,2.6223,0.0038;2.9912,-0.1074,0.7251;2.1480,1.0916,0.4585;2.6179,2.1913,0.2123;</g>
	</geometry>
	<conformers/>
	<properties/>
</molecule>
