<?xml version="1.0" ?>
<!--MOLLI PACKAGE EXPERIMENTAL XML FORMAT-->
<molecule name="react_174">
	<atoms>
		<a id="1" s="H" t="H" l="H"/>
		<a id="2" s="C" t="C.2" l="C"/>
		<a id="3" s="H" t="H" l="H"/>
		<a id="4" s="C" t="C.2" l="C"/>
		<a id="5" s="C" t="C.ar" l="C"/>
		<a id="6" s="C" t="C.ar" l="C"/>
		<a id="7" s="H" t="H" l="H"/>
		<a id="8" s="C" t="C.ar" l="C"/>
		<a id="9" s="H" t="H" l="H"/>
		<a id="10" s="C" t="C.ar" l="C"/>
		<a id="11" s="H" t="H" l="H"/>
		<a id="12" s="C" t="C.ar" l="C"/>
		<a id="13" s="H" t="H" l="H"/>
		<a id="14" s="C" t="C.ar" l="C"/>
		<a id="15" s="H" t="H" l="H"/>
		<a id="16" s="C" t="C.3" l="C"/>
		<a id="17" s="H" t="H" l="H"/>
		<a id="18" s="H" t="H" l="H"/>
		<a id="19" s="P" t="P.3" l="P"/>
		<a id="20" s="O" t="O.2" l="O"/>
		<a id="21" s="C" t="C.ar" l="C"/>
		<a id="22" s="C" t="C.ar" l="C"/>
		<a id="23" s="H" t="H" l="H"/>
		<a id="24" s="C" t="C.ar" l="C"/>
		<a id="25" s="H" t="H" l="H"/>
		<a id="26" s="C" t="C.ar" l="C"/>
		<a id="27" s="H" t="H" l="H"/>
		<a id="28" s="C" t="C.ar" l="C"/>
		<a id="29" s="H" t="H" l="H"/>
		<a id="30" s="C" t="C.ar" l="C"/>
		<a id="31" s="H" t="H" l="H"/>
		<a id="32" s="C" t="C.ar" l="C"/>
		<a id="33" s="C" t="C.ar" l="C"/>
		<a id="34" s="H" t="H" l="H"/>
		<a id="35" s="C" t="C.ar" l="C"/>
		<a id="36" s="H" t="H" l="H"/>
		<a id="37" s="C" t="C.ar" l="C"/>
		<a id="38" s="H" t="H" l="H"/>
		<a id="39" s="C" t="C.ar" l="C"/>
		<a id="40" s="H" t="H" l="H"/>
		<a id="41" s="C" t="C.ar" l="C"/>
		<a id="42" s="H" t="H" l="H"/>
	</atoms>
	<bonds>
		<b id="1" c="29 28" t="1"/>
		<b id="2" c="31 30" t="1"/>
		<b id="3" c="28 30" t="ar"/>
		<b id="4" c="28 26" t="ar"/>
		<b id="5" c="27 26" t="1"/>
		<b id="6" c="30 21" t="ar"/>
		<b id="7" c="26 24" t="ar"/>
		<b id="8" c="20 19" t="2"/>
		<b id="9" c="34 33" t="1"/>
		<b id="10" c="21 19" t="1"/>
		<b id="11" c="21 22" t="ar"/>
		<b id="12" c="24 22" t="ar"/>
		<b id="13" c="24 25" t="1"/>
		<b id="14" c="19 32" t="1"/>
		<b id="15" c="19 16" t="1"/>
		<b id="16" c="33 35" t="ar"/>
		<b id="17" c="33 32" t="ar"/>
		<b id="18" c="36 35" t="1"/>
		<b id="19" c="22 23" t="1"/>
		<b id="20" c="17 16" t="1"/>
		<b id="21" c="35 37" t="ar"/>
		<b id="22" c="32 41" t="ar"/>
		<b id="23" c="7 6" t="1"/>
		<b id="24" c="9 8" t="1"/>
		<b id="25" c="16 18" t="1"/>
		<b id="26" c="16 4" t="1"/>
		<b id="27" c="37 38" t="1"/>
		<b id="28" c="37 39" t="ar"/>
		<b id="29" c="6 8" t="ar"/>
		<b id="30" c="6 5" t="ar"/>
		<b id="31" c="41 42" t="1"/>
		<b id="32" c="41 39" t="ar"/>
		<b id="33" c="8 10" t="ar"/>
		<b id="34" c="39 40" t="1"/>
		<b id="35" c="4 5" t="1"/>
		<b id="36" c="4 2" t="2"/>
		<b id="37" c="5 14" t="ar"/>
		<b id="38" c="10 11" t="1"/>
		<b id="39" c="10 12" t="ar"/>
		<b id="40" c="14 12" t="ar"/>
		<b id="41" c="14 15" t="1"/>
		<b id="42" c="3 2" t="1"/>
		<b id="43" c="12 13" t="1"/>
		<b id="44" c="2 1" t="1"/>
	</bonds>
	<geometry>
		<g u="A" t="cart/3d">#42,3:0.8539,1.0721,3.5136;0.8175,1.5500,2.5318;0.4021,2.5604,2.4904;1.2858,0.9415,1.4241;1.8549,-0.4387,1.4858;2.9103,-0.8411,0.6454;3.3263,-0.1433,-0.0836;3.4596,-2.1226,0.7350;4.2835,-2.4023,0.0731;2.9608,-3.0420,1.6609;3.3860,-4.0470,1.7255;1.9063,-2.6644,2.4992;1.4987,-3.3763,3.2223;1.3618,-1.3825,2.4108;0.5240,-1.1126,3.0582;1.2754,1.6789,0.1040;2.1932,1.5066,-0.4796;1.2236,2.7662,0.2722;-0.0590,1.4488,-1.1784;0.2276,2.3692,-2.3387;-0.1067,-0.3001,-1.7338;-0.4174,-1.4088,-0.9293;-0.6368,-1.2869,0.1324;-0.4376,-2.6928,-1.4790;-0.6772,-3.5498,-0.8440;-0.1491,-2.8822,-2.8351;-0.1670,-3.8887,-3.2622;0.1608,-1.7832,-3.6413;0.3843,-1.9258,-4.7022;0.1816,-0.4965,-3.0949;0.4126,0.3772,-3.7091;-1.6655,1.8543,-0.3881;-2.3684,2.9181,-0.9783;-1.9246,3.4186,-1.8426;-3.6069,3.3157,-0.4666;-4.1474,4.1435,-0.9338;-4.1539,2.6552,0.6376;-5.1235,2.9647,1.0375;-3.4585,1.5964,1.2317;-3.8826,1.0786,2.0963;-2.2189,1.1967,0.7243;-1.6889,0.3750,1.2084;</g>
	</geometry>
	<conformers/>
	<properties/>
</molecule>
