<?xml version="1.0" ?>
<!--MOLLI PACKAGE EXPERIMENTAL XML FORMAT-->
<molecule name="react_175">
	<atoms>
		<a id="1" s="H" t="H" l="H"/>
		<a id="2" s="C" t="C.2" l="C"/>
		<a id="3" s="H" t="H" l="H"/>
		<a id="4" s="C" t="C.2" l="C"/>
		<a id="5" s="C" t="C.3" l="C"/>
		<a id="6" s="H" t="H" l="H"/>
		<a id="7" s="H" t="H" l="H"/>
		<a id="8" s="O" t="O.3" l="O"/>
		<a id="9" s="Si" t="Si" l="SI"/>
		<a id="10" s="C" t="C.ar" l="C"/>
		<a id="11" s="C" t="C.ar" l="C"/>
		<a id="12" s="H" t="H" l="H"/>
		<a id="13" s="C" t="C.ar" l="C"/>
		<a id="14" s="H" t="H" l="H"/>
		<a id="15" s="C" t="C.ar" l="C"/>
		<a id="16" s="H" t="H" l="H"/>
		<a id="17" s="C" t="C.ar" l="C"/>
		<a id="18" s="H" t="H" l="H"/>
		<a id="19" s="C" t="C.ar" l="C"/>
		<a id="20" s="H" t="H" l="H"/>
		<a id="21" s="C" t="C.ar" l="C"/>
		<a id="22" s="C" t="C.ar" l="C"/>
		<a id="23" s="H" t="H" l="H"/>
		<a id="24" s="C" t="C.ar" l="C"/>
		<a id="25" s="H" t="H" l="H"/>
		<a id="26" s="C" t="C.ar" l="C"/>
		<a id="27" s="H" t="H" l="H"/>
		<a id="28" s="C" t="C.ar" l="C"/>
		<a id="29" s="H" t="H" l="H"/>
		<a id="30" s="C" t="C.ar" l="C"/>
		<a id="31" s="H" t="H" l="H"/>
		<a id="32" s="C" t="C.3" l="C"/>
		<a id="33" s="C" t="C.3" l="C"/>
		<a id="34" s="H" t="H" l="H"/>
		<a id="35" s="H" t="H" l="H"/>
		<a id="36" s="H" t="H" l="H"/>
		<a id="37" s="C" t="C.3" l="C"/>
		<a id="38" s="H" t="H" l="H"/>
		<a id="39" s="H" t="H" l="H"/>
		<a id="40" s="H" t="H" l="H"/>
		<a id="41" s="C" t="C.3" l="C"/>
		<a id="42" s="H" t="H" l="H"/>
		<a id="43" s="H" t="H" l="H"/>
		<a id="44" s="H" t="H" l="H"/>
		<a id="45" s="C" t="C.3" l="C"/>
		<a id="46" s="H" t="H" l="H"/>
		<a id="47" s="H" t="H" l="H"/>
		<a id="48" s="C" t="C.3" l="C"/>
		<a id="49" s="H" t="H" l="H"/>
		<a id="50" s="H" t="H" l="H"/>
		<a id="51" s="H" t="H" l="H"/>
	</atoms>
	<bonds>
		<b id="1" c="35 33" t="1"/>
		<b id="2" c="34 33" t="1"/>
		<b id="3" c="36 33" t="1"/>
		<b id="4" c="33 32" t="1"/>
		<b id="5" c="29 28" t="1"/>
		<b id="6" c="27 26" t="1"/>
		<b id="7" c="28 26" t="ar"/>
		<b id="8" c="28 30" t="ar"/>
		<b id="9" c="3 2" t="1"/>
		<b id="10" c="26 24" t="ar"/>
		<b id="11" c="43 41" t="1"/>
		<b id="12" c="1 2" t="1"/>
		<b id="13" c="44 41" t="1"/>
		<b id="14" c="38 37" t="1"/>
		<b id="15" c="31 30" t="1"/>
		<b id="16" c="30 21" t="ar"/>
		<b id="17" c="2 4" t="2"/>
		<b id="18" c="32 41" t="1"/>
		<b id="19" c="32 37" t="1"/>
		<b id="20" c="32 9" t="1"/>
		<b id="21" c="24 25" t="1"/>
		<b id="22" c="24 22" t="ar"/>
		<b id="23" c="41 42" t="1"/>
		<b id="24" c="37 40" t="1"/>
		<b id="25" c="37 39" t="1"/>
		<b id="26" c="21 22" t="ar"/>
		<b id="27" c="21 9" t="1"/>
		<b id="28" c="22 23" t="1"/>
		<b id="29" c="8 9" t="1"/>
		<b id="30" c="8 5" t="1"/>
		<b id="31" c="49 48" t="1"/>
		<b id="32" c="9 10" t="1"/>
		<b id="33" c="4 5" t="1"/>
		<b id="34" c="4 45" t="1"/>
		<b id="35" c="46 45" t="1"/>
		<b id="36" c="5 7" t="1"/>
		<b id="37" c="5 6" t="1"/>
		<b id="38" c="45 48" t="1"/>
		<b id="39" c="45 47" t="1"/>
		<b id="40" c="48 51" t="1"/>
		<b id="41" c="48 50" t="1"/>
		<b id="42" c="10 11" t="ar"/>
		<b id="43" c="10 19" t="ar"/>
		<b id="44" c="12 11" t="1"/>
		<b id="45" c="20 19" t="1"/>
		<b id="46" c="11 13" t="ar"/>
		<b id="47" c="19 17" t="ar"/>
		<b id="48" c="13 14" t="1"/>
		<b id="49" c="13 15" t="ar"/>
		<b id="50" c="17 18" t="1"/>
		<b id="51" c="17 15" t="ar"/>
		<b id="52" c="15 16" t="1"/>
	</bonds>
	<geometry>
		<g u="A" t="cart/3d">#51,3:4.4990,-1.1215,-1.8158;3.5055,-0.9902,-1.3762;2.6409,-1.3263,-1.9517;3.3544,-0.4389,-0.1654;1.9940,-0.2691,0.4735;1.9901,-0.8214,1.4358;1.8534,0.7970,0.7447;0.9470,-0.7230,-0.3526;-0.6924,-0.3560,-0.2012;-1.1622,-0.5122,1.6334;-1.8504,0.4901,2.3456;-2.1414,1.4151,1.8423;-2.1611,0.3401,3.7018;-2.6968,1.1356,4.2274;-1.7818,-0.8185,4.3848;-2.0230,-0.9370,5.4449;-1.0837,-1.8221,3.7053;-0.7727,-2.7278,4.2337;-0.7790,-1.6677,2.3498;-0.2220,-2.4617,1.8447;-0.9651,1.4090,-0.8408;-2.2046,2.0787,-0.7608;-3.0638,1.5920,-0.2899;-2.3734,3.3655,-1.2820;-3.3461,3.8602,-1.2076;-1.3016,4.0172,-1.8999;-1.4314,5.0239,-2.3069;-0.0658,3.3717,-1.9987;0.7759,3.8710,-2.4869;0.0969,2.0835,-1.4778;1.0664,1.5879,-1.5784;-1.5730,-1.6385,-1.3301;-1.0880,-1.4294,-2.7811;-1.3205,-0.4184,-3.1526;-1.5831,-2.1533,-3.4543;-0.0006,-1.5801,-2.8729;-1.2248,-3.0743,-0.8860;-1.6668,-3.8038,-1.5892;-1.6249,-3.3050,0.1142;-0.1362,-3.2429,-0.8693;-3.1020,-1.4431,-1.2672;-3.4932,-1.5588,-0.2424;-3.6071,-2.1965,-1.8991;-3.4088,-0.4521,-1.6391;4.5242,0.0512,0.6642;5.4516,-0.3906,0.2646;4.4223,-0.3283,1.6986;4.6739,1.5817,0.7082;4.8115,1.9921,-0.3052;5.5482,1.8721,1.3133;3.7918,2.0729,1.1500;</g>
	</geometry>
	<conformers/>
	<properties/>
</molecule>
