<?xml version="1.0" ?>
<!--MOLLI PACKAGE EXPERIMENTAL XML FORMAT-->
<molecule name="react_178">
	<atoms>
		<a id="1" s="H" t="H" l="H"/>
		<a id="2" s="C" t="C.2" l="C"/>
		<a id="3" s="C" t="C.2" l="C"/>
		<a id="4" s="H" t="H" l="H"/>
		<a id="5" s="C" t="C.3" l="C"/>
		<a id="6" s="H" t="H" l="H"/>
		<a id="7" s="H" t="H" l="H"/>
		<a id="8" s="H" t="H" l="H"/>
		<a id="9" s="C" t="C.ar" l="C"/>
		<a id="10" s="C" t="C.ar" l="C"/>
		<a id="11" s="H" t="H" l="H"/>
		<a id="12" s="C" t="C.ar" l="C"/>
		<a id="13" s="H" t="H" l="H"/>
		<a id="14" s="C" t="C.ar" l="C"/>
		<a id="15" s="O" t="O.3" l="O"/>
		<a id="16" s="C" t="C.3" l="C"/>
		<a id="17" s="H" t="H" l="H"/>
		<a id="18" s="H" t="H" l="H"/>
		<a id="19" s="H" t="H" l="H"/>
		<a id="20" s="C" t="C.ar" l="C"/>
		<a id="21" s="Cl" t="Cl" l="CL"/>
		<a id="22" s="C" t="C.ar" l="C"/>
		<a id="23" s="H" t="H" l="H"/>
	</atoms>
	<bonds>
		<b id="1" c="11 10" t="1"/>
		<b id="2" c="1 2" t="1"/>
		<b id="3" c="13 12" t="1"/>
		<b id="4" c="10 12" t="ar"/>
		<b id="5" c="10 9" t="ar"/>
		<b id="6" c="4 3" t="1"/>
		<b id="7" c="2 9" t="1"/>
		<b id="8" c="2 3" t="2"/>
		<b id="9" c="12 14" t="ar"/>
		<b id="10" c="17 16" t="1"/>
		<b id="11" c="9 22" t="ar"/>
		<b id="12" c="3 5" t="1"/>
		<b id="13" c="19 16" t="1"/>
		<b id="14" c="16 18" t="1"/>
		<b id="15" c="16 15" t="1"/>
		<b id="16" c="14 15" t="1"/>
		<b id="17" c="14 20" t="ar"/>
		<b id="18" c="22 20" t="ar"/>
		<b id="19" c="22 23" t="1"/>
		<b id="20" c="5 7" t="1"/>
		<b id="21" c="5 6" t="1"/>
		<b id="22" c="5 8" t="1"/>
		<b id="23" c="20 21" t="1"/>
	</bonds>
	<geometry>
		<g u="A" t="cart/3d">#23,3:-2.2000,0.0021,-2.2038;-2.1634,-0.0098,-1.1078;-3.3495,0.0758,-0.4722;-4.2371,0.1055,-1.1161;-3.6274,0.1633,1.0016;-3.8609,-0.8281,1.4338;-4.5090,0.7978,1.1889;-2.7817,0.5797,1.5690;-0.7968,-0.0823,-0.5616;0.2788,0.3677,-1.3483;0.0789,0.7685,-2.3459;1.5967,0.3291,-0.8902;2.3946,0.6989,-1.5349;1.8986,-0.1811,0.3822;3.1399,-0.2583,0.9081;4.2419,0.1930,0.1518;4.3550,-0.3761,-0.7887;5.1320,0.0328,0.7749;4.1618,1.2685,-0.0896;0.8274,-0.6616,1.1686;1.1666,-1.3391,2.7427;-0.4844,-0.6150,0.7077;-1.2619,-1.0315,1.3461;</g>
	</geometry>
	<conformers/>
	<properties/>
</molecule>
