<?xml version="1.0" ?>
<!--MOLLI PACKAGE EXPERIMENTAL XML FORMAT-->
<molecule name="react_191">
	<atoms>
		<a id="1" s="H" t="H" l="H"/>
		<a id="2" s="C" t="C.2" l="C"/>
		<a id="3" s="H" t="H" l="H"/>
		<a id="4" s="C" t="C.2" l="C"/>
		<a id="5" s="H" t="H" l="H"/>
		<a id="6" s="C" t="C.ar" l="C"/>
		<a id="7" s="C" t="C.ar" l="C"/>
		<a id="8" s="H" t="H" l="H"/>
		<a id="9" s="C" t="C.ar" l="C"/>
		<a id="10" s="H" t="H" l="H"/>
		<a id="11" s="C" t="C.ar" l="C"/>
		<a id="12" s="Cl" t="Cl" l="CL"/>
		<a id="13" s="C" t="C.ar" l="C"/>
		<a id="14" s="H" t="H" l="H"/>
		<a id="15" s="C" t="C.ar" l="C"/>
		<a id="16" s="H" t="H" l="H"/>
	</atoms>
	<bonds>
		<b id="1" c="16 15" t="1"/>
		<b id="2" c="5 4" t="1"/>
		<b id="3" c="14 13" t="1"/>
		<b id="4" c="15 13" t="ar"/>
		<b id="5" c="15 6" t="ar"/>
		<b id="6" c="4 6" t="1"/>
		<b id="7" c="4 2" t="2"/>
		<b id="8" c="13 11" t="ar"/>
		<b id="9" c="3 2" t="1"/>
		<b id="10" c="6 7" t="ar"/>
		<b id="11" c="2 1" t="1"/>
		<b id="12" c="11 12" t="1"/>
		<b id="13" c="11 9" t="ar"/>
		<b id="14" c="7 9" t="ar"/>
		<b id="15" c="7 8" t="1"/>
		<b id="16" c="9 10" t="1"/>
	</bonds>
	<geometry>
		<g u="A" t="cart/3d">#16,3:2.5382,1.7627,0.2395;2.8316,0.7445,-0.0318;3.9021,0.5633,-0.1571;1.9426,-0.2450,-0.2068;2.3246,-1.2361,-0.4795;0.4769,-0.1715,-0.0774;-0.2094,1.0097,0.2720;0.3487,1.9292,0.4627;-1.5973,1.0373,0.3832;-2.1165,1.9583,0.6548;-2.3332,-0.1300,0.1439;-4.0762,-0.0982,0.2829;-1.6845,-1.3170,-0.2038;-2.2667,-2.2216,-0.3885;-0.2928,-1.3270,-0.3107;0.2116,-2.2585,-0.5834;</g>
	</geometry>
	<conformers/>
	<properties/>
</molecule>
