<?xml version="1.0" ?>
<!--MOLLI PACKAGE EXPERIMENTAL XML FORMAT-->
<molecule name="react_87">
	<atoms>
		<a id="1" s="H" t="H" l="H"/>
		<a id="2" s="C" t="C.2" l="C"/>
		<a id="3" s="C" t="C.2" l="C"/>
		<a id="4" s="C" t="C.3" l="C"/>
		<a id="5" s="H" t="H" l="H"/>
		<a id="6" s="H" t="H" l="H"/>
		<a id="7" s="O" t="O.3" l="O"/>
		<a id="8" s="Si" t="Si" l="SI"/>
		<a id="9" s="C" t="C.3" l="C"/>
		<a id="10" s="H" t="H" l="H"/>
		<a id="11" s="C" t="C.3" l="C"/>
		<a id="12" s="H" t="H" l="H"/>
		<a id="13" s="H" t="H" l="H"/>
		<a id="14" s="H" t="H" l="H"/>
		<a id="15" s="C" t="C.3" l="C"/>
		<a id="16" s="H" t="H" l="H"/>
		<a id="17" s="H" t="H" l="H"/>
		<a id="18" s="H" t="H" l="H"/>
		<a id="19" s="C" t="C.3" l="C"/>
		<a id="20" s="H" t="H" l="H"/>
		<a id="21" s="C" t="C.3" l="C"/>
		<a id="22" s="H" t="H" l="H"/>
		<a id="23" s="H" t="H" l="H"/>
		<a id="24" s="H" t="H" l="H"/>
		<a id="25" s="C" t="C.3" l="C"/>
		<a id="26" s="H" t="H" l="H"/>
		<a id="27" s="H" t="H" l="H"/>
		<a id="28" s="H" t="H" l="H"/>
		<a id="29" s="C" t="C.3" l="C"/>
		<a id="30" s="H" t="H" l="H"/>
		<a id="31" s="C" t="C.3" l="C"/>
		<a id="32" s="H" t="H" l="H"/>
		<a id="33" s="H" t="H" l="H"/>
		<a id="34" s="H" t="H" l="H"/>
		<a id="35" s="C" t="C.3" l="C"/>
		<a id="36" s="H" t="H" l="H"/>
		<a id="37" s="H" t="H" l="H"/>
		<a id="38" s="H" t="H" l="H"/>
		<a id="39" s="C" t="C.3" l="C"/>
		<a id="40" s="H" t="H" l="H"/>
		<a id="41" s="H" t="H" l="H"/>
		<a id="42" s="C" t="C.3" l="C"/>
		<a id="43" s="H" t="H" l="H"/>
		<a id="44" s="H" t="H" l="H"/>
		<a id="45" s="C" t="C.3" l="C"/>
		<a id="46" s="O" t="O.3" l="O"/>
		<a id="47" s="C" t="C.3" l="C"/>
		<a id="48" s="H" t="H" l="H"/>
		<a id="49" s="H" t="H" l="H"/>
		<a id="50" s="H" t="H" l="H"/>
		<a id="51" s="O" t="O.3" l="O"/>
		<a id="52" s="C" t="C.3" l="C"/>
		<a id="53" s="H" t="H" l="H"/>
		<a id="54" s="H" t="H" l="H"/>
		<a id="55" s="H" t="H" l="H"/>
		<a id="56" s="C" t="C.3" l="C"/>
		<a id="57" s="H" t="H" l="H"/>
		<a id="58" s="H" t="H" l="H"/>
	</atoms>
	<bonds>
		<b id="1" c="12 11" t="1"/>
		<b id="2" c="13 11" t="1"/>
		<b id="3" c="23 21" t="1"/>
		<b id="4" c="14 11" t="1"/>
		<b id="5" c="11 9" t="1"/>
		<b id="6" c="24 21" t="1"/>
		<b id="7" c="22 21" t="1"/>
		<b id="8" c="58 56" t="1"/>
		<b id="9" c="21 19" t="1"/>
		<b id="10" c="16 15" t="1"/>
		<b id="11" c="44 42" t="1"/>
		<b id="12" c="18 15" t="1"/>
		<b id="13" c="1 2" t="1"/>
		<b id="14" c="9 15" t="1"/>
		<b id="15" c="9 10" t="1"/>
		<b id="16" c="9 8" t="1"/>
		<b id="17" c="56 2" t="1"/>
		<b id="18" c="56 57" t="1"/>
		<b id="19" c="56 45" t="1"/>
		<b id="20" c="15 17" t="1"/>
		<b id="21" c="5 4" t="1"/>
		<b id="22" c="2 3" t="2"/>
		<b id="23" c="7 4" t="1"/>
		<b id="24" c="7 8" t="1"/>
		<b id="25" c="51 45" t="1"/>
		<b id="26" c="51 52" t="1"/>
		<b id="27" c="55 52" t="1"/>
		<b id="28" c="3 4" t="1"/>
		<b id="29" c="3 39" t="1"/>
		<b id="30" c="19 20" t="1"/>
		<b id="31" c="19 8" t="1"/>
		<b id="32" c="19 25" t="1"/>
		<b id="33" c="42 45" t="1"/>
		<b id="34" c="42 39" t="1"/>
		<b id="35" c="42 43" t="1"/>
		<b id="36" c="4 6" t="1"/>
		<b id="37" c="54 52" t="1"/>
		<b id="38" c="40 39" t="1"/>
		<b id="39" c="45 46" t="1"/>
		<b id="40" c="8 29" t="1"/>
		<b id="41" c="52 53" t="1"/>
		<b id="42" c="39 41" t="1"/>
		<b id="43" c="28 25" t="1"/>
		<b id="44" c="27 25" t="1"/>
		<b id="45" c="25 26" t="1"/>
		<b id="46" c="46 47" t="1"/>
		<b id="47" c="50 47" t="1"/>
		<b id="48" c="32 31" t="1"/>
		<b id="49" c="49 47" t="1"/>
		<b id="50" c="47 48" t="1"/>
		<b id="51" c="34 31" t="1"/>
		<b id="52" c="29 31" t="1"/>
		<b id="53" c="29 30" t="1"/>
		<b id="54" c="29 35" t="1"/>
		<b id="55" c="31 33" t="1"/>
		<b id="56" c="37 35" t="1"/>
		<b id="57" c="36 35" t="1"/>
		<b id="58" c="35 38" t="1"/>
	</bonds>
	<geometry>
		<g u="A" t="cart/3d">#58,3:0.9588,1.1858,-1.2159;1.8252,0.6088,-0.8808;1.6259,-0.6337,-0.4183;0.2555,-1.2625,-0.3206;0.2489,-2.1831,-0.9422;0.1139,-1.6120,0.7244;-0.7785,-0.4059,-0.7302;-2.3382,-0.2322,-0.0988;-3.0363,1.2926,-1.0192;-2.6237,2.1500,-0.4526;-2.5341,1.4314,-2.4683;-2.9435,0.6410,-3.1193;-2.8488,2.3993,-2.8979;-1.4378,1.3680,-2.5302;-4.5722,1.3974,-0.9539;-5.0590,0.5861,-1.5217;-4.9599,1.3545,0.0768;-4.9198,2.3491,-1.3934;-3.3686,-1.8172,-0.4177;-4.4066,-1.5455,-0.1424;-3.3711,-2.2201,-1.9042;-3.9798,-3.1273,-2.0682;-3.7812,-1.4291,-2.5516;-2.3514,-2.4382,-2.2639;-2.9564,-3.0092,0.4672;-3.0112,-2.7769,1.5427;-3.6135,-3.8789,0.2872;-1.9255,-3.3393,0.2530;-2.1767,0.0832,1.7854;-1.6739,-0.8253,2.1713;-1.2590,1.2785,2.1029;-0.2791,1.1922,1.6067;-1.0792,1.3623,3.1895;-1.7099,2.2320,1.7776;-3.5227,0.2025,2.5240;-4.1875,-0.6565,2.3355;-4.0699,1.1131,2.2262;-3.3709,0.2652,3.6163;2.7671,-1.4962,0.0708;2.6281,-2.5379,-0.2727;2.7376,-1.5341,1.1751;4.1389,-0.9811,-0.3795;4.9332,-1.5022,0.1757;4.2936,-1.1810,-1.4527;4.2617,0.5334,-0.1655;4.1268,0.7125,1.2350;4.0590,2.0328,1.7296;4.2836,1.9850,2.8062;3.0512,2.4721,1.6085;4.7975,2.6941,1.2431;5.4905,1.0697,-0.6209;6.6769,0.5418,-0.0642;6.6057,0.4378,1.0324;7.4858,1.2488,-0.3023;6.9417,-0.4418,-0.4952;3.1806,1.2566,-0.9829;3.1326,2.3162,-0.6842;3.5255,1.2736,-2.0318;</g>
	</geometry>
	<conformers/>
	<properties/>
</molecule>
