<?xml version="1.0" ?>
<!--MOLLI PACKAGE EXPERIMENTAL XML FORMAT-->
<molecule name="react_193">
	<atoms>
		<a id="1" s="H" t="H" l="H"/>
		<a id="2" s="C" t="C.2" l="C"/>
		<a id="3" s="H" t="H" l="H"/>
		<a id="4" s="C" t="C.2" l="C"/>
		<a id="5" s="H" t="H" l="H"/>
		<a id="6" s="C" t="C.3" l="C"/>
		<a id="7" s="H" t="H" l="H"/>
		<a id="8" s="H" t="H" l="H"/>
		<a id="9" s="C" t="C.ar" l="C"/>
		<a id="10" s="C" t="C.ar" l="C"/>
		<a id="11" s="H" t="H" l="H"/>
		<a id="12" s="C" t="C.ar" l="C"/>
		<a id="13" s="H" t="H" l="H"/>
		<a id="14" s="C" t="C.ar" l="C"/>
		<a id="15" s="H" t="H" l="H"/>
		<a id="16" s="C" t="C.ar" l="C"/>
		<a id="17" s="H" t="H" l="H"/>
		<a id="18" s="C" t="C.ar" l="C"/>
		<a id="19" s="H" t="H" l="H"/>
	</atoms>
	<bonds>
		<b id="1" c="13 12" t="1"/>
		<b id="2" c="11 10" t="1"/>
		<b id="3" c="12 10" t="ar"/>
		<b id="4" c="12 14" t="ar"/>
		<b id="5" c="10 9" t="ar"/>
		<b id="6" c="5 4" t="1"/>
		<b id="7" c="7 6" t="1"/>
		<b id="8" c="15 14" t="1"/>
		<b id="9" c="14 16" t="ar"/>
		<b id="10" c="9 6" t="1"/>
		<b id="11" c="9 18" t="ar"/>
		<b id="12" c="4 6" t="1"/>
		<b id="13" c="4 2" t="2"/>
		<b id="14" c="6 8" t="1"/>
		<b id="15" c="1 2" t="1"/>
		<b id="16" c="16 18" t="ar"/>
		<b id="17" c="16 17" t="1"/>
		<b id="18" c="18 19" t="1"/>
		<b id="19" c="2 3" t="1"/>
	</bonds>
	<geometry>
		<g u="A" t="cart/3d">#19,3:3.9445,-1.2166,0.6700;3.2143,-0.4080,0.7689;3.2790,0.2106,1.6712;2.2899,-0.1810,-0.1692;2.2569,-0.8280,-1.0556;1.2511,0.9104,-0.1217;1.4153,1.6045,-0.9652;1.3910,1.5026,0.8005;-0.1804,0.3992,-0.1905;-1.0738,0.8720,-1.1634;-0.7314,1.6124,-1.8930;-2.3947,0.4133,-1.2125;-3.0739,0.7961,-1.9795;-2.8439,-0.5314,-0.2862;-3.8753,-0.8925,-0.3226;-1.9621,-1.0140,0.6874;-2.3037,-1.7547,1.4159;-0.6440,-0.5538,0.7322;0.0411,-0.9413,1.4919;</g>
	</geometry>
	<conformers/>
	<properties/>
</molecule>
