<?xml version="1.0" ?>
<!--MOLLI PACKAGE EXPERIMENTAL XML FORMAT-->
<molecule name="react_194">
	<atoms>
		<a id="1" s="H" t="H" l="H"/>
		<a id="2" s="C" t="C.2" l="C"/>
		<a id="3" s="H" t="H" l="H"/>
		<a id="4" s="C" t="C.2" l="C"/>
		<a id="5" s="H" t="H" l="H"/>
		<a id="6" s="C" t="C.3" l="C"/>
		<a id="7" s="H" t="H" l="H"/>
		<a id="8" s="H" t="H" l="H"/>
		<a id="9" s="S" t="S.3" l="S"/>
		<a id="10" s="C" t="C.ar" l="C"/>
		<a id="11" s="C" t="C.ar" l="C"/>
		<a id="12" s="H" t="H" l="H"/>
		<a id="13" s="C" t="C.ar" l="C"/>
		<a id="14" s="H" t="H" l="H"/>
		<a id="15" s="C" t="C.ar" l="C"/>
		<a id="16" s="H" t="H" l="H"/>
		<a id="17" s="C" t="C.ar" l="C"/>
		<a id="18" s="H" t="H" l="H"/>
		<a id="19" s="C" t="C.ar" l="C"/>
		<a id="20" s="H" t="H" l="H"/>
	</atoms>
	<bonds>
		<b id="1" c="16 15" t="1"/>
		<b id="2" c="14 13" t="1"/>
		<b id="3" c="15 13" t="ar"/>
		<b id="4" c="15 17" t="ar"/>
		<b id="5" c="13 11" t="ar"/>
		<b id="6" c="18 17" t="1"/>
		<b id="7" c="17 19" t="ar"/>
		<b id="8" c="5 4" t="1"/>
		<b id="9" c="11 12" t="1"/>
		<b id="10" c="11 10" t="ar"/>
		<b id="11" c="1 2" t="1"/>
		<b id="12" c="7 6" t="1"/>
		<b id="13" c="4 2" t="2"/>
		<b id="14" c="4 6" t="1"/>
		<b id="15" c="19 10" t="ar"/>
		<b id="16" c="19 20" t="1"/>
		<b id="17" c="10 9" t="1"/>
		<b id="18" c="2 3" t="1"/>
		<b id="19" c="6 8" t="1"/>
		<b id="20" c="6 9" t="1"/>
	</bonds>
	<geometry>
		<g u="A" t="cart/3d">#20,3:4.1354,1.5770,0.2360;3.6882,0.7245,0.7554;4.2910,0.2490,1.5371;2.4628,0.2852,0.4502;1.8894,0.7901,-0.3371;1.7817,-0.8719,1.1122;1.5126,-1.6555,0.3857;2.4246,-1.3313,1.8792;0.2348,-0.3998,2.0227;-0.9247,-0.1661,0.6743;-1.3422,-1.2445,-0.1244;-0.9373,-2.2430,0.0604;-2.2804,-1.0464,-1.1402;-2.5942,-1.8912,-1.7595;-2.8326,0.2224,-1.3521;-3.5739,0.3729,-2.1414;-2.4357,1.2941,-0.5474;-2.8638,2.2877,-0.7061;-1.4805,1.1047,0.4571;-1.1554,1.9421,1.0789;</g>
	</geometry>
	<conformers/>
	<properties/>
</molecule>
