<?xml version="1.0" ?>
<!--MOLLI PACKAGE EXPERIMENTAL XML FORMAT-->
<molecule name="react_195">
	<atoms>
		<a id="1" s="H" t="H" l="H"/>
		<a id="2" s="C" t="C.2" l="C"/>
		<a id="3" s="H" t="H" l="H"/>
		<a id="4" s="C" t="C.2" l="C"/>
		<a id="5" s="H" t="H" l="H"/>
		<a id="6" s="C" t="C.3" l="C"/>
		<a id="7" s="H" t="H" l="H"/>
		<a id="8" s="H" t="H" l="H"/>
		<a id="9" s="O" t="O.3" l="O"/>
		<a id="10" s="C" t="C.ar" l="C"/>
		<a id="11" s="C" t="C.ar" l="C"/>
		<a id="12" s="H" t="H" l="H"/>
		<a id="13" s="C" t="C.ar" l="C"/>
		<a id="14" s="H" t="H" l="H"/>
		<a id="15" s="C" t="C.ar" l="C"/>
		<a id="16" s="H" t="H" l="H"/>
		<a id="17" s="C" t="C.ar" l="C"/>
		<a id="18" s="H" t="H" l="H"/>
		<a id="19" s="C" t="C.ar" l="C"/>
		<a id="20" s="H" t="H" l="H"/>
	</atoms>
	<bonds>
		<b id="1" c="3 2" t="1"/>
		<b id="2" c="5 4" t="1"/>
		<b id="3" c="2 4" t="2"/>
		<b id="4" c="2 1" t="1"/>
		<b id="5" c="16 15" t="1"/>
		<b id="6" c="14 13" t="1"/>
		<b id="7" c="4 6" t="1"/>
		<b id="8" c="15 13" t="ar"/>
		<b id="9" c="15 17" t="ar"/>
		<b id="10" c="13 11" t="ar"/>
		<b id="11" c="18 17" t="1"/>
		<b id="12" c="17 19" t="ar"/>
		<b id="13" c="11 12" t="1"/>
		<b id="14" c="11 10" t="ar"/>
		<b id="15" c="19 10" t="ar"/>
		<b id="16" c="19 20" t="1"/>
		<b id="17" c="10 9" t="1"/>
		<b id="18" c="9 6" t="1"/>
		<b id="19" c="6 7" t="1"/>
		<b id="20" c="6 8" t="1"/>
	</bonds>
	<geometry>
		<g u="A" t="cart/3d">#20,3:3.3941,1.2210,-0.0515;3.2419,0.3816,-0.7400;3.7813,0.4211,-1.6907;2.4430,-0.6424,-0.4307;2.3034,-1.4689,-1.1389;1.7252,-0.8081,0.8834;1.7284,0.1336,1.4629;2.2521,-1.5659,1.4887;0.4105,-1.3266,0.7482;-0.6180,-0.5240,0.3539;-0.4958,0.8347,0.0240;0.4742,1.3305,0.0384;-1.6349,1.5602,-0.3493;-1.5278,2.6181,-0.6055;-2.8898,0.9522,-0.4040;-3.7711,1.5266,-0.6994;-3.0040,-0.4062,-0.0783;-3.9796,-0.8990,-0.1161;-1.8813,-1.1400,0.2979;-1.9516,-2.1983,0.5596;</g>
	</geometry>
	<conformers/>
	<properties/>
</molecule>
