<?xml version="1.0" ?>
<!--MOLLI PACKAGE EXPERIMENTAL XML FORMAT-->
<molecule name="react_196">
	<atoms>
		<a id="1" s="H" t="H" l="H"/>
		<a id="2" s="C" t="C.2" l="C"/>
		<a id="3" s="H" t="H" l="H"/>
		<a id="4" s="C" t="C.2" l="C"/>
		<a id="5" s="H" t="H" l="H"/>
		<a id="6" s="C" t="C.3" l="C"/>
		<a id="7" s="H" t="H" l="H"/>
		<a id="8" s="H" t="H" l="H"/>
		<a id="9" s="O" t="O.3" l="O"/>
		<a id="10" s="C" t="C.ar" l="C"/>
		<a id="11" s="C" t="C.ar" l="C"/>
		<a id="12" s="H" t="H" l="H"/>
		<a id="13" s="C" t="C.ar" l="C"/>
		<a id="14" s="H" t="H" l="H"/>
		<a id="15" s="C" t="C.ar" l="C"/>
		<a id="16" s="H" t="H" l="H"/>
		<a id="17" s="C" t="C.ar" l="C"/>
		<a id="18" s="H" t="H" l="H"/>
		<a id="19" s="C" t="C.ar" l="C"/>
		<a id="20" s="Cl" t="Cl" l="CL"/>
	</atoms>
	<bonds>
		<b id="1" c="1 2" t="1"/>
		<b id="2" c="8 6" t="1"/>
		<b id="3" c="7 6" t="1"/>
		<b id="4" c="2 3" t="1"/>
		<b id="5" c="2 4" t="2"/>
		<b id="6" c="6 4" t="1"/>
		<b id="7" c="6 9" t="1"/>
		<b id="8" c="4 5" t="1"/>
		<b id="9" c="18 17" t="1"/>
		<b id="10" c="17 19" t="ar"/>
		<b id="11" c="17 15" t="ar"/>
		<b id="12" c="20 19" t="1"/>
		<b id="13" c="16 15" t="1"/>
		<b id="14" c="19 10" t="ar"/>
		<b id="15" c="15 13" t="ar"/>
		<b id="16" c="10 11" t="ar"/>
		<b id="17" c="10 9" t="1"/>
		<b id="18" c="13 11" t="ar"/>
		<b id="19" c="13 14" t="1"/>
		<b id="20" c="11 12" t="1"/>
	</bonds>
	<geometry>
		<g u="A" t="cart/3d">#20,3:3.9076,0.9539,-1.2999;4.0175,0.1154,-0.6031;5.0378,-0.1728,-0.3341;2.9574,-0.5288,-0.1104;3.0884,-1.3595,0.5936;1.5358,-0.2282,-0.4723;1.1108,-1.0687,-1.0524;1.4668,0.6845,-1.0937;0.7840,-0.0582,0.7368;-0.5691,0.0508,0.6098;-1.1710,1.3137,0.6981;-0.5181,2.1787,0.8373;-2.5586,1.4541,0.6279;-3.0090,2.4469,0.7044;-3.3665,0.3250,0.4601;-4.4532,0.4253,0.4038;-2.7849,-0.9425,0.3725;-3.3996,-1.8367,0.2523;-1.3957,-1.0785,0.4470;-0.6803,-2.6740,0.3748;</g>
	</geometry>
	<conformers/>
	<properties/>
</molecule>
