<?xml version="1.0" ?>
<!--MOLLI PACKAGE EXPERIMENTAL XML FORMAT-->
<molecule name="react_197">
	<atoms>
		<a id="1" s="H" t="H" l="H"/>
		<a id="2" s="C" t="C.2" l="C"/>
		<a id="3" s="H" t="H" l="H"/>
		<a id="4" s="C" t="C.2" l="C"/>
		<a id="5" s="H" t="H" l="H"/>
		<a id="6" s="C" t="C.3" l="C"/>
		<a id="7" s="H" t="H" l="H"/>
		<a id="8" s="H" t="H" l="H"/>
		<a id="9" s="O" t="O.3" l="O"/>
		<a id="10" s="C" t="C.ar" l="C"/>
		<a id="11" s="C" t="C.ar" l="C"/>
		<a id="12" s="H" t="H" l="H"/>
		<a id="13" s="C" t="C.ar" l="C"/>
		<a id="14" s="H" t="H" l="H"/>
		<a id="15" s="C" t="C.ar" l="C"/>
		<a id="16" s="Cl" t="Cl" l="CL"/>
		<a id="17" s="C" t="C.ar" l="C"/>
		<a id="18" s="H" t="H" l="H"/>
		<a id="19" s="C" t="C.ar" l="C"/>
		<a id="20" s="H" t="H" l="H"/>
	</atoms>
	<bonds>
		<b id="1" c="3 2" t="1"/>
		<b id="2" c="2 1" t="1"/>
		<b id="3" c="2 4" t="2"/>
		<b id="4" c="5 4" t="1"/>
		<b id="5" c="4 6" t="1"/>
		<b id="6" c="12 11" t="1"/>
		<b id="7" c="14 13" t="1"/>
		<b id="8" c="11 13" t="ar"/>
		<b id="9" c="11 10" t="ar"/>
		<b id="10" c="13 15" t="ar"/>
		<b id="11" c="9 10" t="1"/>
		<b id="12" c="9 6" t="1"/>
		<b id="13" c="10 19" t="ar"/>
		<b id="14" c="15 16" t="1"/>
		<b id="15" c="15 17" t="ar"/>
		<b id="16" c="6 7" t="1"/>
		<b id="17" c="6 8" t="1"/>
		<b id="18" c="19 17" t="ar"/>
		<b id="19" c="19 20" t="1"/>
		<b id="20" c="17 18" t="1"/>
	</bonds>
	<geometry>
		<g u="A" t="cart/3d">#20,3:4.3052,-0.8637,-0.7586;3.6753,-0.0404,-1.1142;4.1026,0.6114,-1.8816;2.4471,0.1595,-0.6296;1.8396,0.9877,-1.0142;1.8214,-0.6858,0.4469;2.4686,-1.5461,0.6756;1.6999,-0.1088,1.3831;0.5706,-1.2442,0.0555;-0.5782,-0.5270,0.1619;-1.7560,-1.2028,-0.2079;-1.6723,-2.2350,-0.5547;-2.9934,-0.5717,-0.1286;-3.9042,-1.1009,-0.4151;-3.0704,0.7518,0.3245;-4.6268,1.5495,0.4275;-1.9114,1.4349,0.6903;-1.9773,2.4679,1.0372;-0.6655,0.8013,0.6086;0.2251,1.3625,0.8933;</g>
	</geometry>
	<conformers/>
	<properties/>
</molecule>
