<?xml version="1.0" ?>
<!--MOLLI PACKAGE EXPERIMENTAL XML FORMAT-->
<molecule name="react_198">
	<atoms>
		<a id="1" s="H" t="H" l="H"/>
		<a id="2" s="C" t="C.2" l="C"/>
		<a id="3" s="H" t="H" l="H"/>
		<a id="4" s="C" t="C.2" l="C"/>
		<a id="5" s="H" t="H" l="H"/>
		<a id="6" s="C" t="C.ar" l="C"/>
		<a id="7" s="C" t="C.ar" l="C"/>
		<a id="8" s="H" t="H" l="H"/>
		<a id="9" s="C" t="C.ar" l="C"/>
		<a id="10" s="H" t="H" l="H"/>
		<a id="11" s="C" t="C.ar" l="C"/>
		<a id="12" s="O" t="O.3" l="O"/>
		<a id="13" s="C" t="C.3" l="C"/>
		<a id="14" s="H" t="H" l="H"/>
		<a id="15" s="H" t="H" l="H"/>
		<a id="16" s="H" t="H" l="H"/>
		<a id="17" s="C" t="C.ar" l="C"/>
		<a id="18" s="H" t="H" l="H"/>
		<a id="19" s="C" t="C.ar" l="C"/>
		<a id="20" s="H" t="H" l="H"/>
	</atoms>
	<bonds>
		<b id="1" c="8 7" t="1"/>
		<b id="2" c="1 2" t="1"/>
		<b id="3" c="10 9" t="1"/>
		<b id="4" c="7 9" t="ar"/>
		<b id="5" c="7 6" t="ar"/>
		<b id="6" c="9 11" t="ar"/>
		<b id="7" c="2 3" t="1"/>
		<b id="8" c="2 4" t="2"/>
		<b id="9" c="12 11" t="1"/>
		<b id="10" c="12 13" t="1"/>
		<b id="11" c="6 4" t="1"/>
		<b id="12" c="6 19" t="ar"/>
		<b id="13" c="4 5" t="1"/>
		<b id="14" c="11 17" t="ar"/>
		<b id="15" c="16 13" t="1"/>
		<b id="16" c="15 13" t="1"/>
		<b id="17" c="13 14" t="1"/>
		<b id="18" c="19 17" t="ar"/>
		<b id="19" c="19 20" t="1"/>
		<b id="20" c="17 18" t="1"/>
	</bonds>
	<geometry>
		<g u="A" t="cart/3d">#20,3:-3.5563,1.3367,-1.2139;-3.7967,0.4676,-0.5944;-4.8552,0.2098,-0.5066;-2.8580,-0.2588,0.0327;-3.1908,-1.1158,0.6316;-1.4004,-0.0558,0.0231;-0.7666,0.9958,-0.6771;-1.3673,1.7091,-1.2465;0.6117,1.1488,-0.6597;1.0998,1.9624,-1.2010;1.4224,0.2520,0.0644;2.7581,0.4863,0.0207;3.6310,-0.3669,0.7259;3.4278,-0.3568,1.8126;4.6481,0.0103,0.5515;3.5699,-1.4095,0.3635;0.8171,-0.7996,0.7671;1.4128,-1.5132,1.3374;-0.5747,-0.9384,0.7383;-1.0326,-1.7639,1.2917;</g>
	</geometry>
	<conformers/>
	<properties/>
</molecule>
