<?xml version="1.0" ?>
<!--MOLLI PACKAGE EXPERIMENTAL XML FORMAT-->
<molecule name="react_199">
	<atoms>
		<a id="1" s="H" t="H" l="H"/>
		<a id="2" s="C" t="C.2" l="C"/>
		<a id="3" s="H" t="H" l="H"/>
		<a id="4" s="C" t="C.2" l="C"/>
		<a id="5" s="H" t="H" l="H"/>
		<a id="6" s="C" t="C.1" l="C"/>
		<a id="7" s="C" t="C.1" l="C"/>
		<a id="8" s="C" t="C.ar" l="C"/>
		<a id="9" s="C" t="C.ar" l="C"/>
		<a id="10" s="H" t="H" l="H"/>
		<a id="11" s="C" t="C.ar" l="C"/>
		<a id="12" s="H" t="H" l="H"/>
		<a id="13" s="C" t="C.ar" l="C"/>
		<a id="14" s="H" t="H" l="H"/>
		<a id="15" s="C" t="C.ar" l="C"/>
		<a id="16" s="H" t="H" l="H"/>
		<a id="17" s="C" t="C.ar" l="C"/>
		<a id="18" s="H" t="H" l="H"/>
	</atoms>
	<bonds>
		<b id="1" c="12 11" t="1"/>
		<b id="2" c="10 9" t="1"/>
		<b id="3" c="1 2" t="1"/>
		<b id="4" c="11 9" t="ar"/>
		<b id="5" c="11 13" t="ar"/>
		<b id="6" c="9 8" t="ar"/>
		<b id="7" c="2 3" t="1"/>
		<b id="8" c="2 4" t="2"/>
		<b id="9" c="14 13" t="1"/>
		<b id="10" c="13 15" t="ar"/>
		<b id="11" c="8 7" t="1"/>
		<b id="12" c="8 17" t="ar"/>
		<b id="13" c="7 6" t="3"/>
		<b id="14" c="6 4" t="1"/>
		<b id="15" c="4 5" t="1"/>
		<b id="16" c="15 17" t="ar"/>
		<b id="17" c="15 16" t="1"/>
		<b id="18" c="17 18" t="1"/>
	</bonds>
	<geometry>
		<g u="A" t="cart/3d">#18,3:3.9208,-1.3107,-1.5208;4.3196,-0.7289,-0.6854;5.4037,-0.7157,-0.5477;3.5113,-0.0488,0.1497;3.9573,0.5211,0.9754;2.0927,-0.0009,0.0581;0.8742,0.0599,0.0084;-0.5511,0.1263,-0.0621;-1.2514,-0.5174,-1.1068;-0.6884,-1.0683,-1.8634;-2.6429,-0.4501,-1.1715;-3.1713,-0.9530,-1.9859;-3.3621,0.2564,-0.2008;-4.4528,0.3068,-0.2547;-2.6798,0.8982,0.8390;-3.2370,1.4512,1.6000;-1.2884,0.8368,0.9112;-0.7543,1.3371,1.7221;</g>
	</geometry>
	<conformers/>
	<properties/>
</molecule>
