<?xml version="1.0" ?>
<!--MOLLI PACKAGE EXPERIMENTAL XML FORMAT-->
<molecule name="react_203">
	<atoms>
		<a id="1" s="H" t="H" l="H"/>
		<a id="2" s="C" t="C.2" l="C"/>
		<a id="3" s="H" t="H" l="H"/>
		<a id="4" s="C" t="C.2" l="C"/>
		<a id="5" s="H" t="H" l="H"/>
		<a id="6" s="C" t="C.3" l="C"/>
		<a id="7" s="H" t="H" l="H"/>
		<a id="8" s="H" t="H" l="H"/>
		<a id="9" s="O" t="O.3" l="O"/>
		<a id="10" s="C" t="C.ar" l="C"/>
		<a id="11" s="C" t="C.ar" l="C"/>
		<a id="12" s="H" t="H" l="H"/>
		<a id="13" s="C" t="C.ar" l="C"/>
		<a id="14" s="H" t="H" l="H"/>
		<a id="15" s="C" t="C.ar" l="C"/>
		<a id="16" s="O" t="O.3" l="O"/>
		<a id="17" s="C" t="C.3" l="C"/>
		<a id="18" s="H" t="H" l="H"/>
		<a id="19" s="H" t="H" l="H"/>
		<a id="20" s="H" t="H" l="H"/>
		<a id="21" s="C" t="C.ar" l="C"/>
		<a id="22" s="H" t="H" l="H"/>
		<a id="23" s="C" t="C.ar" l="C"/>
		<a id="24" s="H" t="H" l="H"/>
	</atoms>
	<bonds>
		<b id="1" c="12 11" t="1"/>
		<b id="2" c="14 13" t="1"/>
		<b id="3" c="11 13" t="ar"/>
		<b id="4" c="11 10" t="ar"/>
		<b id="5" c="13 15" t="ar"/>
		<b id="6" c="5 4" t="1"/>
		<b id="7" c="9 10" t="1"/>
		<b id="8" c="9 6" t="1"/>
		<b id="9" c="10 23" t="ar"/>
		<b id="10" c="16 15" t="1"/>
		<b id="11" c="16 17" t="1"/>
		<b id="12" c="15 21" t="ar"/>
		<b id="13" c="4 6" t="1"/>
		<b id="14" c="4 2" t="2"/>
		<b id="15" c="1 2" t="1"/>
		<b id="16" c="6 7" t="1"/>
		<b id="17" c="6 8" t="1"/>
		<b id="18" c="20 17" t="1"/>
		<b id="19" c="23 21" t="ar"/>
		<b id="20" c="23 24" t="1"/>
		<b id="21" c="2 3" t="1"/>
		<b id="22" c="21 22" t="1"/>
		<b id="23" c="17 18" t="1"/>
		<b id="24" c="17 19" t="1"/>
	</bonds>
	<geometry>
		<g u="A" t="cart/3d">#24,3:5.9905,-0.5363,0.2026;4.9639,-0.4273,0.5638;4.7738,-0.7094,1.6053;3.9905,0.0313,-0.2259;4.2014,0.2972,-1.2689;2.5732,0.2512,0.2132;2.3551,1.3390,0.2491;2.4137,-0.1501,1.2325;1.7113,-0.3760,-0.7200;0.3621,-0.2715,-0.5547;-0.4320,-0.8981,-1.5350;0.0707,-1.4177,-2.3538;-1.8161,-0.8543,-1.4580;-2.4382,-1.3379,-2.2145;-2.4551,-0.1824,-0.3976;-3.8178,-0.1976,-0.4117;-4.5173,0.4529,0.6211;-4.2965,1.5365,0.6530;-4.2893,0.0197,1.6133;-5.5878,0.3163,0.4135;-1.6709,0.4413,0.5778;-2.1292,0.9705,1.4141;-0.2680,0.3963,0.5003;0.3119,0.8908,1.2803;</g>
	</geometry>
	<conformers/>
	<properties/>
</molecule>
