<?xml version="1.0" ?>
<!--MOLLI PACKAGE EXPERIMENTAL XML FORMAT-->
<molecule name="react_205">
	<atoms>
		<a id="1" s="H" t="H" l="H"/>
		<a id="2" s="C" t="C.2" l="C"/>
		<a id="3" s="H" t="H" l="H"/>
		<a id="4" s="C" t="C.2" l="C"/>
		<a id="5" s="H" t="H" l="H"/>
		<a id="6" s="C" t="C.3" l="C"/>
		<a id="7" s="H" t="H" l="H"/>
		<a id="8" s="H" t="H" l="H"/>
		<a id="9" s="C" t="C.3" l="C"/>
		<a id="10" s="H" t="H" l="H"/>
		<a id="11" s="H" t="H" l="H"/>
		<a id="12" s="C" t="C.ar" l="C"/>
		<a id="13" s="C" t="C.ar" l="C"/>
		<a id="14" s="H" t="H" l="H"/>
		<a id="15" s="C" t="C.ar" l="C"/>
		<a id="16" s="H" t="H" l="H"/>
		<a id="17" s="C" t="C.ar" l="C"/>
		<a id="18" s="H" t="H" l="H"/>
		<a id="19" s="C" t="C.ar" l="C"/>
		<a id="20" s="H" t="H" l="H"/>
		<a id="21" s="C" t="C.ar" l="C"/>
		<a id="22" s="H" t="H" l="H"/>
	</atoms>
	<bonds>
		<b id="1" c="16 15" t="1"/>
		<b id="2" c="14 13" t="1"/>
		<b id="3" c="7 6" t="1"/>
		<b id="4" c="15 13" t="ar"/>
		<b id="5" c="15 17" t="ar"/>
		<b id="6" c="13 12" t="ar"/>
		<b id="7" c="5 4" t="1"/>
		<b id="8" c="11 9" t="1"/>
		<b id="9" c="6 4" t="1"/>
		<b id="10" c="6 9" t="1"/>
		<b id="11" c="6 8" t="1"/>
		<b id="12" c="4 2" t="2"/>
		<b id="13" c="18 17" t="1"/>
		<b id="14" c="17 19" t="ar"/>
		<b id="15" c="12 9" t="1"/>
		<b id="16" c="12 21" t="ar"/>
		<b id="17" c="9 10" t="1"/>
		<b id="18" c="3 2" t="1"/>
		<b id="19" c="2 1" t="1"/>
		<b id="20" c="19 21" t="ar"/>
		<b id="21" c="19 20" t="1"/>
		<b id="22" c="21 22" t="1"/>
	</bonds>
	<geometry>
		<g u="A" t="cart/3d">#22,3:3.9122,-0.9321,0.9517;4.0427,-0.0481,0.3172;5.0333,0.4161,0.3135;3.0396,0.4351,-0.4219;3.2210,1.3258,-1.0401;1.6469,-0.1278,-0.4808;1.4140,-0.4275,-1.5197;1.5839,-1.0451,0.1289;0.5668,0.8776,-0.0150;0.7894,1.1791,1.0222;0.6409,1.7919,-0.6290;-0.8391,0.3245,-0.0977;-1.5948,0.4430,-1.2760;-1.1717,0.9745,-2.1344;-2.8800,-0.0994,-1.3661;-3.4517,0.0086,-2.2921;-3.4361,-0.7734,-0.2744;-4.4424,-1.1953,-0.3417;-2.6965,-0.8992,0.9056;-3.1237,-1.4201,1.7671;-1.4117,-0.3550,0.9903;-0.8429,-0.4531,1.9203;</g>
	</geometry>
	<conformers/>
	<properties/>
</molecule>
