<?xml version="1.0" ?>
<!--MOLLI PACKAGE EXPERIMENTAL XML FORMAT-->
<molecule name="react_206">
	<atoms>
		<a id="1" s="H" t="H" l="H"/>
		<a id="2" s="C" t="C.2" l="C"/>
		<a id="3" s="H" t="H" l="H"/>
		<a id="4" s="C" t="C.2" l="C"/>
		<a id="5" s="H" t="H" l="H"/>
		<a id="6" s="C" t="C.3" l="C"/>
		<a id="7" s="H" t="H" l="H"/>
		<a id="8" s="H" t="H" l="H"/>
		<a id="9" s="C" t="C.3" l="C"/>
		<a id="10" s="H" t="H" l="H"/>
		<a id="11" s="H" t="H" l="H"/>
		<a id="12" s="C" t="C.ar" l="C"/>
		<a id="13" s="C" t="C.ar" l="C"/>
		<a id="14" s="H" t="H" l="H"/>
		<a id="15" s="C" t="C.ar" l="C"/>
		<a id="16" s="H" t="H" l="H"/>
		<a id="17" s="C" t="C.ar" l="C"/>
		<a id="18" s="Cl" t="Cl" l="CL"/>
		<a id="19" s="C" t="C.ar" l="C"/>
		<a id="20" s="H" t="H" l="H"/>
		<a id="21" s="C" t="C.ar" l="C"/>
		<a id="22" s="H" t="H" l="H"/>
	</atoms>
	<bonds>
		<b id="1" c="11 9" t="1"/>
		<b id="2" c="14 13" t="1"/>
		<b id="3" c="16 15" t="1"/>
		<b id="4" c="13 15" t="ar"/>
		<b id="5" c="13 12" t="ar"/>
		<b id="6" c="10 9" t="1"/>
		<b id="7" c="9 12" t="1"/>
		<b id="8" c="9 6" t="1"/>
		<b id="9" c="15 17" t="ar"/>
		<b id="10" c="12 21" t="ar"/>
		<b id="11" c="3 2" t="1"/>
		<b id="12" c="17 18" t="1"/>
		<b id="13" c="17 19" t="ar"/>
		<b id="14" c="5 4" t="1"/>
		<b id="15" c="2 1" t="1"/>
		<b id="16" c="2 4" t="2"/>
		<b id="17" c="4 6" t="1"/>
		<b id="18" c="21 19" t="ar"/>
		<b id="19" c="21 22" t="1"/>
		<b id="20" c="6 8" t="1"/>
		<b id="21" c="6 7" t="1"/>
		<b id="22" c="19 20" t="1"/>
	</bonds>
	<geometry>
		<g u="A" t="cart/3d">#22,3:-3.8964,1.5343,0.3268;-4.0689,0.4564,0.2308;-5.0999,0.1344,0.0570;-3.0677,-0.4233,0.3286;-3.2932,-1.4939,0.2234;-1.6227,-0.0798,0.5615;-1.2745,-0.5630,1.4936;-1.5122,1.0072,0.7146;-0.6984,-0.5350,-0.5933;-0.8235,-1.6210,-0.7457;-1.0319,-0.0490,-1.5252;0.7612,-0.2236,-0.3474;1.3194,0.9983,-0.7567;0.6984,1.7219,-1.2936;2.6562,1.3127,-0.5010;3.0800,2.2639,-0.8286;3.4575,0.3914,0.1790;5.1356,0.7726,0.5039;2.9316,-0.8341,0.5973;3.5689,-1.5484,1.1218;1.5923,-1.1293,0.3318;1.1881,-2.0927,0.6578;</g>
	</geometry>
	<conformers/>
	<properties/>
</molecule>
