<?xml version="1.0" ?>
<!--MOLLI PACKAGE EXPERIMENTAL XML FORMAT-->
<molecule name="react_88">
	<atoms>
		<a id="1" s="H" t="H" l="H"/>
		<a id="2" s="O" t="O.3" l="O"/>
		<a id="3" s="C" t="C.3" l="C"/>
		<a id="4" s="H" t="H" l="H"/>
		<a id="5" s="H" t="H" l="H"/>
		<a id="6" s="C" t="C.2" l="C"/>
		<a id="7" s="C" t="C.2" l="C"/>
		<a id="8" s="H" t="H" l="H"/>
		<a id="9" s="C" t="C.3" l="C"/>
		<a id="10" s="H" t="H" l="H"/>
		<a id="11" s="H" t="H" l="H"/>
		<a id="12" s="C" t="C.3" l="C"/>
		<a id="13" s="O" t="O.3" l="O"/>
		<a id="14" s="C" t="C.3" l="C"/>
		<a id="15" s="H" t="H" l="H"/>
		<a id="16" s="H" t="H" l="H"/>
		<a id="17" s="H" t="H" l="H"/>
		<a id="18" s="O" t="O.3" l="O"/>
		<a id="19" s="C" t="C.3" l="C"/>
		<a id="20" s="H" t="H" l="H"/>
		<a id="21" s="H" t="H" l="H"/>
		<a id="22" s="H" t="H" l="H"/>
		<a id="23" s="C" t="C.3" l="C"/>
		<a id="24" s="H" t="H" l="H"/>
		<a id="25" s="H" t="H" l="H"/>
		<a id="26" s="C" t="C.3" l="C"/>
		<a id="27" s="H" t="H" l="H"/>
		<a id="28" s="H" t="H" l="H"/>
	</atoms>
	<bonds>
		<b id="1" c="10 9" t="1"/>
		<b id="2" c="8 7" t="1"/>
		<b id="3" c="11 9" t="1"/>
		<b id="4" c="9 7" t="1"/>
		<b id="5" c="9 12" t="1"/>
		<b id="6" c="1 2" t="1"/>
		<b id="7" c="7 6" t="2"/>
		<b id="8" c="4 3" t="1"/>
		<b id="9" c="13 12" t="1"/>
		<b id="10" c="13 14" t="1"/>
		<b id="11" c="25 23" t="1"/>
		<b id="12" c="2 3" t="1"/>
		<b id="13" c="6 3" t="1"/>
		<b id="14" c="6 26" t="1"/>
		<b id="15" c="3 5" t="1"/>
		<b id="16" c="12 23" t="1"/>
		<b id="17" c="12 18" t="1"/>
		<b id="18" c="17 14" t="1"/>
		<b id="19" c="20 19" t="1"/>
		<b id="20" c="23 26" t="1"/>
		<b id="21" c="23 24" t="1"/>
		<b id="22" c="22 19" t="1"/>
		<b id="23" c="14 15" t="1"/>
		<b id="24" c="14 16" t="1"/>
		<b id="25" c="26 27" t="1"/>
		<b id="26" c="26 28" t="1"/>
		<b id="27" c="19 18" t="1"/>
		<b id="28" c="19 21" t="1"/>
	</bonds>
	<geometry>
		<g u="A" t="cart/3d">#28,3:4.0537,0.3661,-1.2585;4.1950,-0.0665,-0.4052;3.1990,-1.0688,-0.2669;3.3189,-1.8743,-1.0190;3.3794,-1.5223,0.7241;1.7955,-0.5156,-0.3269;0.9063,-0.9390,-1.2409;1.2120,-1.6971,-1.9726;-0.5080,-0.4330,-1.3385;-0.6175,0.2480,-2.2008;-1.2081,-1.2596,-1.5406;-0.9621,0.3419,-0.0901;-2.1507,1.0020,-0.4829;-2.7687,1.8484,0.4650;-2.2505,2.8207,0.5607;-2.8227,1.3790,1.4625;-3.7913,2.0388,0.1060;-1.1986,-0.4894,1.0341;-2.0985,-1.5665,0.8827;-3.0106,-1.2688,0.3360;-2.3839,-1.8910,1.8949;-1.6375,-2.4278,0.3641;0.1540,1.2960,0.3566;-0.1806,1.8754,1.2302;0.3349,2.0083,-0.4658;1.4369,0.5321,0.7008;2.2853,1.2278,0.8101;1.3182,0.0354,1.6811;</g>
	</geometry>
	<conformers/>
	<properties/>
</molecule>
