<?xml version="1.0" ?>
<!--MOLLI PACKAGE EXPERIMENTAL XML FORMAT-->
<molecule name="react_207">
	<atoms>
		<a id="1" s="H" t="H" l="H"/>
		<a id="2" s="C" t="C.2" l="C"/>
		<a id="3" s="H" t="H" l="H"/>
		<a id="4" s="C" t="C.2" l="C"/>
		<a id="5" s="H" t="H" l="H"/>
		<a id="6" s="C" t="C.3" l="C"/>
		<a id="7" s="H" t="H" l="H"/>
		<a id="8" s="H" t="H" l="H"/>
		<a id="9" s="O" t="O.3" l="O"/>
		<a id="10" s="C" t="C.ar" l="C"/>
		<a id="11" s="C" t="C.ar" l="C"/>
		<a id="12" s="H" t="H" l="H"/>
		<a id="13" s="C" t="C.ar" l="C"/>
		<a id="14" s="H" t="H" l="H"/>
		<a id="15" s="C" t="C.ar" l="C"/>
		<a id="16" s="C" t="C.1" l="C"/>
		<a id="17" s="N" t="N.1" l="N"/>
		<a id="18" s="C" t="C.ar" l="C"/>
		<a id="19" s="H" t="H" l="H"/>
		<a id="20" s="C" t="C.ar" l="C"/>
		<a id="21" s="H" t="H" l="H"/>
	</atoms>
	<bonds>
		<b id="1" c="1 2" t="1"/>
		<b id="2" c="14 13" t="1"/>
		<b id="3" c="12 11" t="1"/>
		<b id="4" c="11 13" t="ar"/>
		<b id="5" c="11 10" t="ar"/>
		<b id="6" c="13 15" t="ar"/>
		<b id="7" c="2 3" t="1"/>
		<b id="8" c="2 4" t="2"/>
		<b id="9" c="7 6" t="1"/>
		<b id="10" c="9 10" t="1"/>
		<b id="11" c="9 6" t="1"/>
		<b id="12" c="10 20" t="ar"/>
		<b id="13" c="15 16" t="1"/>
		<b id="14" c="15 18" t="ar"/>
		<b id="15" c="16 17" t="3"/>
		<b id="16" c="4 6" t="1"/>
		<b id="17" c="4 5" t="1"/>
		<b id="18" c="6 8" t="1"/>
		<b id="19" c="18 20" t="ar"/>
		<b id="20" c="18 19" t="1"/>
		<b id="21" c="20 21" t="1"/>
	</bonds>
	<geometry>
		<g u="A" t="cart/3d">#21,3:4.2156,1.4135,-0.9036;4.3472,0.4702,-0.3623;5.3553,0.0468,-0.3459;3.3285,-0.1327,0.2541;3.4821,-1.0811,0.7828;1.9346,0.4148,0.3165;1.8307,1.3051,-0.3304;1.6925,0.7211,1.3538;1.0318,-0.6096,-0.0925;-0.2997,-0.3908,-0.0569;-1.1140,-1.4757,-0.4397;-0.6275,-2.4079,-0.7337;-2.4951,-1.3530,-0.4394;-3.1193,-2.1982,-0.7369;-3.1047,-0.1383,-0.0555;-4.5335,-0.0085,-0.0535;-5.6908,0.0958,-0.0520;-2.2892,0.9411,0.3243;-2.7508,1.8851,0.6221;-0.8989,0.8228,0.3252;-0.2947,1.6795,0.6232;</g>
	</geometry>
	<conformers/>
	<properties/>
</molecule>
