<?xml version="1.0" ?>
<!--MOLLI PACKAGE EXPERIMENTAL XML FORMAT-->
<molecule name="react_208">
	<atoms>
		<a id="1" s="H" t="H" l="H"/>
		<a id="2" s="C" t="C.2" l="C"/>
		<a id="3" s="H" t="H" l="H"/>
		<a id="4" s="C" t="C.2" l="C"/>
		<a id="5" s="H" t="H" l="H"/>
		<a id="6" s="C" t="C.3" l="C"/>
		<a id="7" s="H" t="H" l="H"/>
		<a id="8" s="H" t="H" l="H"/>
		<a id="9" s="O" t="O.3" l="O"/>
		<a id="10" s="C" t="C.ar" l="C"/>
		<a id="11" s="C" t="C.ar" l="C"/>
		<a id="12" s="H" t="H" l="H"/>
		<a id="13" s="C" t="C.ar" l="C"/>
		<a id="14" s="H" t="H" l="H"/>
		<a id="15" s="C" t="C.ar" l="C"/>
		<a id="16" s="H" t="H" l="H"/>
		<a id="17" s="C" t="C.ar" l="C"/>
		<a id="18" s="H" t="H" l="H"/>
		<a id="19" s="C" t="C.ar" l="C"/>
		<a id="20" s="O" t="O.3" l="O"/>
		<a id="21" s="C" t="C.3" l="C"/>
		<a id="22" s="H" t="H" l="H"/>
		<a id="23" s="H" t="H" l="H"/>
		<a id="24" s="H" t="H" l="H"/>
	</atoms>
	<bonds>
		<b id="1" c="14 13" t="1"/>
		<b id="2" c="16 15" t="1"/>
		<b id="3" c="13 15" t="ar"/>
		<b id="4" c="13 11" t="ar"/>
		<b id="5" c="7 6" t="1"/>
		<b id="6" c="12 11" t="1"/>
		<b id="7" c="15 17" t="ar"/>
		<b id="8" c="11 10" t="ar"/>
		<b id="9" c="17 18" t="1"/>
		<b id="10" c="17 19" t="ar"/>
		<b id="11" c="10 19" t="ar"/>
		<b id="12" c="10 9" t="1"/>
		<b id="13" c="6 8" t="1"/>
		<b id="14" c="6 9" t="1"/>
		<b id="15" c="6 4" t="1"/>
		<b id="16" c="5 4" t="1"/>
		<b id="17" c="19 20" t="1"/>
		<b id="18" c="4 2" t="2"/>
		<b id="19" c="23 21" t="1"/>
		<b id="20" c="20 21" t="1"/>
		<b id="21" c="2 3" t="1"/>
		<b id="22" c="2 1" t="1"/>
		<b id="23" c="21 24" t="1"/>
		<b id="24" c="21 22" t="1"/>
	</bonds>
	<geometry>
		<g u="A" t="cart/3d">#24,3:4.8282,0.0832,1.5225;3.8112,-0.0636,1.1485;3.2711,-0.9571,1.4710;3.2447,0.8215,0.3259;3.7969,1.7167,0.0126;1.8607,0.7245,-0.2413;1.9118,0.7331,-1.3504;1.2723,1.6118,0.0571;1.2274,-0.4667,0.2017;-0.0202,-0.7450,-0.2815;-0.1967,-1.8724,-1.0848;0.6902,-2.4619,-1.3289;-1.4668,-2.2377,-1.5473;-1.5865,-3.1261,-2.1721;-2.5701,-1.4575,-1.2060;-3.5686,-1.7264,-1.5603;-2.4128,-0.3219,-0.3998;-3.2888,0.2715,-0.1358;-1.1453,0.0425,0.0741;-0.9018,1.1123,0.8779;-1.9814,1.9106,1.3090;-1.5556,2.6911,1.9544;-2.5038,2.3916,0.4618;-2.7158,1.3255,1.8918;</g>
	</geometry>
	<conformers/>
	<properties/>
</molecule>
