<?xml version="1.0" ?>
<!--MOLLI PACKAGE EXPERIMENTAL XML FORMAT-->
<molecule name="react_209">
	<atoms>
		<a id="1" s="H" t="H" l="H"/>
		<a id="2" s="C" t="C.2" l="C"/>
		<a id="3" s="H" t="H" l="H"/>
		<a id="4" s="C" t="C.2" l="C"/>
		<a id="5" s="H" t="H" l="H"/>
		<a id="6" s="C" t="C.3" l="C"/>
		<a id="7" s="H" t="H" l="H"/>
		<a id="8" s="H" t="H" l="H"/>
		<a id="9" s="O" t="O.3" l="O"/>
		<a id="10" s="C" t="C.ar" l="C"/>
		<a id="11" s="C" t="C.ar" l="C"/>
		<a id="12" s="H" t="H" l="H"/>
		<a id="13" s="C" t="C.ar" l="C"/>
		<a id="14" s="H" t="H" l="H"/>
		<a id="15" s="C" t="C.ar" l="C"/>
		<a id="16" s="H" t="H" l="H"/>
		<a id="17" s="C" t="C.ar" l="C"/>
		<a id="18" s="H" t="H" l="H"/>
		<a id="19" s="C" t="C.ar" l="C"/>
		<a id="20" s="C" t="C.3" l="C"/>
		<a id="21" s="H" t="H" l="H"/>
		<a id="22" s="H" t="H" l="H"/>
		<a id="23" s="H" t="H" l="H"/>
	</atoms>
	<bonds>
		<b id="1" c="1 2" t="1"/>
		<b id="2" c="2 3" t="1"/>
		<b id="3" c="2 4" t="2"/>
		<b id="4" c="5 4" t="1"/>
		<b id="5" c="4 6" t="1"/>
		<b id="6" c="22 20" t="1"/>
		<b id="7" c="21 20" t="1"/>
		<b id="8" c="6 9" t="1"/>
		<b id="9" c="6 8" t="1"/>
		<b id="10" c="6 7" t="1"/>
		<b id="11" c="20 23" t="1"/>
		<b id="12" c="20 19" t="1"/>
		<b id="13" c="9 10" t="1"/>
		<b id="14" c="10 19" t="ar"/>
		<b id="15" c="10 11" t="ar"/>
		<b id="16" c="19 17" t="ar"/>
		<b id="17" c="12 11" t="1"/>
		<b id="18" c="11 13" t="ar"/>
		<b id="19" c="17 18" t="1"/>
		<b id="20" c="17 15" t="ar"/>
		<b id="21" c="13 15" t="ar"/>
		<b id="22" c="13 14" t="1"/>
		<b id="23" c="15 16" t="1"/>
	</bonds>
	<geometry>
		<g u="A" t="cart/3d">#23,3:2.9120,-1.4827,-3.9760;2.7837,-1.0200,-2.9934;3.5200,-0.2622,-2.7038;1.7806,-1.3664,-2.1841;1.0492,-2.1204,-2.4997;1.5696,-0.8112,-0.8067;1.7596,-1.5995,-0.0498;2.2743,0.0175,-0.6057;0.2255,-0.3684,-0.7034;-0.2356,0.1278,0.4790;0.5479,0.2647,1.6330;1.5975,-0.0307,1.6329;-0.0186,0.7886,2.8026;0.6014,0.8912,3.6974;-1.3568,1.1755,2.8241;-1.8020,1.5848,3.7343;-2.1303,1.0358,1.6639;-3.1819,1.3385,1.6747;-1.5970,0.5171,0.4809;-2.4179,0.3638,-0.7723;-2.4552,-0.6889,-1.1000;-1.9772,0.9294,-1.6102;-3.4484,0.7161,-0.6176;</g>
	</geometry>
	<conformers/>
	<properties/>
</molecule>
