<?xml version="1.0" ?>
<!--MOLLI PACKAGE EXPERIMENTAL XML FORMAT-->
<molecule name="react_210">
	<atoms>
		<a id="1" s="H" t="H" l="H"/>
		<a id="2" s="C" t="C.2" l="C"/>
		<a id="3" s="H" t="H" l="H"/>
		<a id="4" s="C" t="C.2" l="C"/>
		<a id="5" s="H" t="H" l="H"/>
		<a id="6" s="C" t="C.3" l="C"/>
		<a id="7" s="H" t="H" l="H"/>
		<a id="8" s="H" t="H" l="H"/>
		<a id="9" s="O" t="O.3" l="O"/>
		<a id="10" s="C" t="C.ar" l="C"/>
		<a id="11" s="C" t="C.ar" l="C"/>
		<a id="12" s="H" t="H" l="H"/>
		<a id="13" s="C" t="C.ar" l="C"/>
		<a id="14" s="H" t="H" l="H"/>
		<a id="15" s="C" t="C.ar" l="C"/>
		<a id="16" s="H" t="H" l="H"/>
		<a id="17" s="C" t="C.ar" l="C"/>
		<a id="18" s="H" t="H" l="H"/>
		<a id="19" s="C" t="C.ar" l="C"/>
		<a id="20" s="C" t="C.1" l="C"/>
		<a id="21" s="N" t="N.1" l="N"/>
	</atoms>
	<bonds>
		<b id="1" c="3 2" t="1"/>
		<b id="2" c="18 17" t="1"/>
		<b id="3" c="21 20" t="3"/>
		<b id="4" c="5 4" t="1"/>
		<b id="5" c="20 19" t="1"/>
		<b id="6" c="17 19" t="ar"/>
		<b id="7" c="17 15" t="ar"/>
		<b id="8" c="16 15" t="1"/>
		<b id="9" c="2 4" t="2"/>
		<b id="10" c="2 1" t="1"/>
		<b id="11" c="19 10" t="ar"/>
		<b id="12" c="15 13" t="ar"/>
		<b id="13" c="4 6" t="1"/>
		<b id="14" c="10 9" t="1"/>
		<b id="15" c="10 11" t="ar"/>
		<b id="16" c="13 14" t="1"/>
		<b id="17" c="13 11" t="ar"/>
		<b id="18" c="9 6" t="1"/>
		<b id="19" c="11 12" t="1"/>
		<b id="20" c="6 8" t="1"/>
		<b id="21" c="6 7" t="1"/>
	</bonds>
	<geometry>
		<g u="A" t="cart/3d">#21,3:4.4229,0.3737,0.0888;3.8176,-0.3615,-0.4531;4.3238,-0.9410,-1.2304;2.5242,-0.5431,-0.1754;1.9447,-1.2803,-0.7443;1.7886,0.2074,0.9003;1.4630,-0.4684,1.7123;2.4423,0.9704,1.3472;0.6639,0.9322,0.3966;-0.5265,0.3356,0.1916;-0.8097,-1.0178,0.4352;-0.0342,-1.6878,0.8068;-2.0921,-1.5212,0.1970;-2.2902,-2.5783,0.3939;-3.1118,-0.6983,-0.2891;-4.1097,-1.1010,-0.4745;-2.8403,0.6465,-0.5389;-3.6189,1.3109,-0.9197;-1.5593,1.1749,-0.3045;-1.2907,2.5602,-0.5624;-1.1078,3.6868,-0.7775;</g>
	</geometry>
	<conformers/>
	<properties/>
</molecule>
