<?xml version="1.0" ?>
<!--MOLLI PACKAGE EXPERIMENTAL XML FORMAT-->
<molecule name="react_211">
	<atoms>
		<a id="1" s="H" t="H" l="H"/>
		<a id="2" s="C" t="C.2" l="C"/>
		<a id="3" s="H" t="H" l="H"/>
		<a id="4" s="C" t="C.2" l="C"/>
		<a id="5" s="H" t="H" l="H"/>
		<a id="6" s="C" t="C.3" l="C"/>
		<a id="7" s="H" t="H" l="H"/>
		<a id="8" s="H" t="H" l="H"/>
		<a id="9" s="C" t="C.3" l="C"/>
		<a id="10" s="H" t="H" l="H"/>
		<a id="11" s="H" t="H" l="H"/>
		<a id="12" s="C" t="C.ar" l="C"/>
		<a id="13" s="C" t="C.ar" l="C"/>
		<a id="14" s="H" t="H" l="H"/>
		<a id="15" s="C" t="C.ar" l="C"/>
		<a id="16" s="H" t="H" l="H"/>
		<a id="17" s="C" t="C.ar" l="C"/>
		<a id="18" s="H" t="H" l="H"/>
		<a id="19" s="C" t="C.ar" l="C"/>
		<a id="20" s="H" t="H" l="H"/>
		<a id="21" s="C" t="C.ar" l="C"/>
		<a id="22" s="Cl" t="Cl" l="CL"/>
	</atoms>
	<bonds>
		<b id="1" c="11 9" t="1"/>
		<b id="2" c="22 21" t="1"/>
		<b id="3" c="10 9" t="1"/>
		<b id="4" c="9 12" t="1"/>
		<b id="5" c="9 6" t="1"/>
		<b id="6" c="21 12" t="ar"/>
		<b id="7" c="21 19" t="ar"/>
		<b id="8" c="20 19" t="1"/>
		<b id="9" c="1 2" t="1"/>
		<b id="10" c="12 13" t="ar"/>
		<b id="11" c="19 17" t="ar"/>
		<b id="12" c="2 3" t="1"/>
		<b id="13" c="2 4" t="2"/>
		<b id="14" c="5 4" t="1"/>
		<b id="15" c="4 6" t="1"/>
		<b id="16" c="13 14" t="1"/>
		<b id="17" c="13 15" t="ar"/>
		<b id="18" c="6 8" t="1"/>
		<b id="19" c="6 7" t="1"/>
		<b id="20" c="17 18" t="1"/>
		<b id="21" c="17 15" t="ar"/>
		<b id="22" c="15 16" t="1"/>
	</bonds>
	<geometry>
		<g u="A" t="cart/3d">#22,3:5.0474,0.1836,-0.6363;4.0333,0.5189,-0.3995;3.8586,1.6005,-0.3896;3.0538,-0.3494,-0.1303;3.2797,-1.4249,-0.1567;1.6325,0.0131,0.2004;1.3725,-0.3905,1.1967;1.5263,1.1081,0.2615;0.6197,-0.5452,-0.8285;0.7509,-1.6374,-0.9064;0.8547,-0.1227,-1.8180;-0.8206,-0.2530,-0.4752;-1.6017,-1.2127,0.1922;-1.1485,-2.1808,0.4263;-2.9283,-0.9684,0.5532;-3.5044,-1.7413,1.0682;-3.5143,0.2633,0.2496;-4.5525,0.4676,0.5234;-2.7682,1.2406,-0.4121;-3.2050,2.2091,-0.6621;-1.4402,0.9779,-0.7621;-0.5460,2.2435,-1.5944;</g>
	</geometry>
	<conformers/>
	<properties/>
</molecule>
