<?xml version="1.0" ?>
<!--MOLLI PACKAGE EXPERIMENTAL XML FORMAT-->
<molecule name="react_215">
	<atoms>
		<a id="1" s="H" t="H" l="H"/>
		<a id="2" s="C" t="C.2" l="C"/>
		<a id="3" s="H" t="H" l="H"/>
		<a id="4" s="C" t="C.2" l="C"/>
		<a id="5" s="H" t="H" l="H"/>
		<a id="6" s="C" t="C.3" l="C"/>
		<a id="7" s="H" t="H" l="H"/>
		<a id="8" s="H" t="H" l="H"/>
		<a id="9" s="O" t="O.3" l="O"/>
		<a id="10" s="C" t="C.ar" l="C"/>
		<a id="11" s="C" t="C.ar" l="C"/>
		<a id="12" s="C" t="C.3" l="C"/>
		<a id="13" s="H" t="H" l="H"/>
		<a id="14" s="H" t="H" l="H"/>
		<a id="15" s="H" t="H" l="H"/>
		<a id="16" s="C" t="C.ar" l="C"/>
		<a id="17" s="H" t="H" l="H"/>
		<a id="18" s="C" t="C.ar" l="C"/>
		<a id="19" s="H" t="H" l="H"/>
		<a id="20" s="C" t="C.ar" l="C"/>
		<a id="21" s="H" t="H" l="H"/>
		<a id="22" s="C" t="C.ar" l="C"/>
		<a id="23" s="C" t="C.3" l="C"/>
		<a id="24" s="H" t="H" l="H"/>
		<a id="25" s="H" t="H" l="H"/>
		<a id="26" s="H" t="H" l="H"/>
	</atoms>
	<bonds>
		<b id="1" c="15 12" t="1"/>
		<b id="2" c="13 12" t="1"/>
		<b id="3" c="12 14" t="1"/>
		<b id="4" c="12 11" t="1"/>
		<b id="5" c="17 16" t="1"/>
		<b id="6" c="11 16" t="ar"/>
		<b id="7" c="11 10" t="ar"/>
		<b id="8" c="16 18" t="ar"/>
		<b id="9" c="3 2" t="1"/>
		<b id="10" c="1 2" t="1"/>
		<b id="11" c="2 4" t="2"/>
		<b id="12" c="9 10" t="1"/>
		<b id="13" c="9 6" t="1"/>
		<b id="14" c="8 6" t="1"/>
		<b id="15" c="10 22" t="ar"/>
		<b id="16" c="4 6" t="1"/>
		<b id="17" c="4 5" t="1"/>
		<b id="18" c="18 19" t="1"/>
		<b id="19" c="18 20" t="ar"/>
		<b id="20" c="6 7" t="1"/>
		<b id="21" c="22 20" t="ar"/>
		<b id="22" c="22 23" t="1"/>
		<b id="23" c="20 21" t="1"/>
		<b id="24" c="24 23" t="1"/>
		<b id="25" c="23 26" t="1"/>
		<b id="26" c="23 25" t="1"/>
	</bonds>
	<geometry>
		<g u="A" t="cart/3d">#26,3:5.0303,-0.8889,-0.3902;4.1310,-0.2737,-0.2949;4.2142,0.7743,-0.6033;2.9886,-0.7749,0.1805;2.9282,-1.8304,0.4728;1.7314,0.0157,0.3834;1.5308,0.1344,1.4674;1.8370,1.0321,-0.0394;0.6467,-0.6824,-0.2280;-0.6119,-0.1524,-0.0283;-1.1062,0.8058,-0.9352;-0.2618,1.2681,-2.0971;0.3110,0.4314,-2.5246;0.4719,2.0356,-1.7924;-0.8860,1.7123,-2.8867;-2.4067,1.2930,-0.7360;-2.8091,2.0338,-1.4335;-3.1906,0.8381,0.3257;-4.2028,1.2272,0.4646;-2.6876,-0.1295,1.1983;-3.3096,-0.5028,2.0172;-1.3934,-0.6447,1.0361;-0.8504,-1.7177,1.9473;-0.4075,-2.5420,1.3666;-0.0543,-1.3351,2.6095;-1.6433,-2.1271,2.5906;</g>
	</geometry>
	<conformers/>
	<properties/>
</molecule>
