<?xml version="1.0" ?>
<!--MOLLI PACKAGE EXPERIMENTAL XML FORMAT-->
<molecule name="react_216">
	<atoms>
		<a id="1" s="H" t="H" l="H"/>
		<a id="2" s="C" t="C.2" l="C"/>
		<a id="3" s="H" t="H" l="H"/>
		<a id="4" s="C" t="C.2" l="C"/>
		<a id="5" s="H" t="H" l="H"/>
		<a id="6" s="C" t="C.3" l="C"/>
		<a id="7" s="H" t="H" l="H"/>
		<a id="8" s="H" t="H" l="H"/>
		<a id="9" s="C" t="C.3" l="C"/>
		<a id="10" s="H" t="H" l="H"/>
		<a id="11" s="H" t="H" l="H"/>
		<a id="12" s="C" t="C.ar" l="C"/>
		<a id="13" s="C" t="C.ar" l="C"/>
		<a id="14" s="H" t="H" l="H"/>
		<a id="15" s="C" t="C.ar" l="C"/>
		<a id="16" s="H" t="H" l="H"/>
		<a id="17" s="C" t="C.ar" l="C"/>
		<a id="18" s="H" t="H" l="H"/>
		<a id="19" s="C" t="C.ar" l="C"/>
		<a id="20" s="H" t="H" l="H"/>
		<a id="21" s="C" t="C.ar" l="C"/>
		<a id="22" s="C" t="C.3" l="C"/>
		<a id="23" s="H" t="H" l="H"/>
		<a id="24" s="H" t="H" l="H"/>
		<a id="25" s="H" t="H" l="H"/>
	</atoms>
	<bonds>
		<b id="1" c="3 2" t="1"/>
		<b id="2" c="18 17" t="1"/>
		<b id="3" c="1 2" t="1"/>
		<b id="4" c="16 15" t="1"/>
		<b id="5" c="2 4" t="2"/>
		<b id="6" c="17 15" t="ar"/>
		<b id="7" c="17 19" t="ar"/>
		<b id="8" c="15 13" t="ar"/>
		<b id="9" c="20 19" t="1"/>
		<b id="10" c="19 21" t="ar"/>
		<b id="11" c="4 5" t="1"/>
		<b id="12" c="4 6" t="1"/>
		<b id="13" c="13 14" t="1"/>
		<b id="14" c="13 12" t="ar"/>
		<b id="15" c="21 12" t="ar"/>
		<b id="16" c="21 22" t="1"/>
		<b id="17" c="7 6" t="1"/>
		<b id="18" c="12 9" t="1"/>
		<b id="19" c="6 9" t="1"/>
		<b id="20" c="6 8" t="1"/>
		<b id="21" c="24 22" t="1"/>
		<b id="22" c="23 22" t="1"/>
		<b id="23" c="22 25" t="1"/>
		<b id="24" c="9 11" t="1"/>
		<b id="25" c="9 10" t="1"/>
	</bonds>
	<geometry>
		<g u="A" t="cart/3d">#25,3:2.5584,0.5449,-1.9529;2.7787,-0.4605,-1.5776;3.1882,-1.1773,-2.2956;2.5542,-0.7951,-0.3036;2.7849,-1.8194,0.0219;2.0058,0.1161,0.7589;1.8709,1.1294,0.3455;2.7538,0.2035,1.5697;0.6815,-0.3783,1.3990;0.4853,0.2310,2.2956;0.8331,-1.4100,1.7607;-0.5183,-0.3465,0.4736;-0.8534,-1.4914,-0.2662;-0.2516,-2.3963,-0.1407;-1.9330,-1.5035,-1.1526;-2.1698,-2.4108,-1.7149;-2.7037,-0.3506,-1.3106;-3.5534,-0.3411,-1.9988;-2.3854,0.7953,-0.5773;-2.9943,1.6967,-0.6967;-1.3030,0.8221,0.3166;-1.0140,2.0821,1.1015;0.0090,2.4556,0.9304;-1.7107,2.8874,0.8256;-1.1129,1.9169,2.1886;</g>
	</geometry>
	<conformers/>
	<properties/>
</molecule>
