<?xml version="1.0" ?>
<!--MOLLI PACKAGE EXPERIMENTAL XML FORMAT-->
<molecule name="react_218">
	<atoms>
		<a id="1" s="H" t="H" l="H"/>
		<a id="2" s="C" t="C.2" l="C"/>
		<a id="3" s="H" t="H" l="H"/>
		<a id="4" s="C" t="C.2" l="C"/>
		<a id="5" s="H" t="H" l="H"/>
		<a id="6" s="C" t="C.ar" l="C"/>
		<a id="7" s="C" t="C.ar" l="C"/>
		<a id="8" s="H" t="H" l="H"/>
		<a id="9" s="C" t="C.ar" l="C"/>
		<a id="10" s="H" t="H" l="H"/>
		<a id="11" s="C" t="C.ar" l="C"/>
		<a id="12" s="H" t="H" l="H"/>
		<a id="13" s="C" t="C.ar" l="C"/>
		<a id="14" s="O" t="O.2" l="O"/>
		<a id="15" s="C" t="C.ar" l="C"/>
		<a id="16" s="C" t="C.3" l="C"/>
		<a id="17" s="H" t="H" l="H"/>
		<a id="18" s="H" t="H" l="H"/>
		<a id="19" s="H" t="H" l="H"/>
		<a id="20" s="C" t="C.ar" l="C"/>
		<a id="21" s="C" t="C.3" l="C"/>
		<a id="22" s="H" t="H" l="H"/>
		<a id="23" s="H" t="H" l="H"/>
		<a id="24" s="H" t="H" l="H"/>
		<a id="25" s="C" t="C.ar" l="C"/>
	</atoms>
	<bonds>
		<b id="1" c="19 16" t="1"/>
		<b id="2" c="22 21" t="1"/>
		<b id="3" c="16 17" t="1"/>
		<b id="4" c="16 15" t="1"/>
		<b id="5" c="16 18" t="1"/>
		<b id="6" c="14 15" t="ar"/>
		<b id="7" c="14 13" t="ar"/>
		<b id="8" c="12 11" t="1"/>
		<b id="9" c="15 20" t="ar"/>
		<b id="10" c="11 13" t="ar"/>
		<b id="11" c="11 9" t="ar"/>
		<b id="12" c="13 25" t="ar"/>
		<b id="13" c="5 4" t="1"/>
		<b id="14" c="20 25" t="ar"/>
		<b id="15" c="20 21" t="1"/>
		<b id="16" c="10 9" t="1"/>
		<b id="17" c="25 6" t="ar"/>
		<b id="18" c="9 7" t="ar"/>
		<b id="19" c="21 24" t="1"/>
		<b id="20" c="21 23" t="1"/>
		<b id="21" c="7 6" t="ar"/>
		<b id="22" c="7 8" t="1"/>
		<b id="23" c="6 4" t="1"/>
		<b id="24" c="4 2" t="2"/>
		<b id="25" c="2 1" t="1"/>
		<b id="26" c="2 3" t="1"/>
	</bonds>
	<geometry>
		<g u="A" t="cart/3d">#25,3:-3.2178,-3.0828,0.7535;-3.0147,-2.0091,0.7189;-3.7837,-1.3501,1.1325;-1.8657,-1.5428,0.2035;-1.1393,-2.2768,-0.1545;-1.4698,-0.1286,0.0679;-2.4271,0.9031,0.0595;-3.4847,0.6389,0.1267;-2.0800,2.2565,-0.0643;-2.8689,3.0130,-0.0711;-0.7456,2.6501,-0.1929;-0.4491,3.6957,-0.2941;0.1999,1.6306,-0.1929;1.5438,1.8059,-0.3013;2.1183,0.5603,-0.2447;3.6029,0.5446,-0.3453;3.9945,-0.4777,-0.2616;4.0565,1.1577,0.4520;3.9379,0.9656,-1.3088;1.1780,-0.4261,-0.1025;1.4502,-1.8979,0.0013;1.0429,-2.4540,-0.8604;1.0002,-2.3305,0.9099;2.5301,-2.1035,0.0389;-0.1087,0.2580,-0.0700;</g>
	</geometry>
	<conformers/>
	<properties/>
</molecule>
