<?xml version="1.0" ?>
<!--MOLLI PACKAGE EXPERIMENTAL XML FORMAT-->
<molecule name="react_219">
	<atoms>
		<a id="1" s="H" t="H" l="H"/>
		<a id="2" s="C" t="C.2" l="C"/>
		<a id="3" s="H" t="H" l="H"/>
		<a id="4" s="C" t="C.2" l="C"/>
		<a id="5" s="H" t="H" l="H"/>
		<a id="6" s="C" t="C.ar" l="C"/>
		<a id="7" s="C" t="C.ar" l="C"/>
		<a id="8" s="H" t="H" l="H"/>
		<a id="9" s="C" t="C.ar" l="C"/>
		<a id="10" s="H" t="H" l="H"/>
		<a id="11" s="C" t="C.ar" l="C"/>
		<a id="12" s="H" t="H" l="H"/>
		<a id="13" s="C" t="C.ar" l="C"/>
		<a id="14" s="C" t="C.ar" l="C"/>
		<a id="15" s="H" t="H" l="H"/>
		<a id="16" s="C" t="C.ar" l="C"/>
		<a id="17" s="H" t="H" l="H"/>
		<a id="18" s="C" t="C.ar" l="C"/>
		<a id="19" s="C" t="C.3" l="C"/>
		<a id="20" s="F" t="F" l="F"/>
		<a id="21" s="F" t="F" l="F"/>
		<a id="22" s="F" t="F" l="F"/>
		<a id="23" s="N" t="N.ar" l="N"/>
		<a id="24" s="C" t="C.ar" l="C"/>
	</atoms>
	<bonds>
		<b id="1" c="15 14" t="1"/>
		<b id="2" c="12 11" t="1"/>
		<b id="3" c="17 16" t="1"/>
		<b id="4" c="20 19" t="1"/>
		<b id="5" c="14 16" t="ar"/>
		<b id="6" c="14 13" t="ar"/>
		<b id="7" c="11 13" t="ar"/>
		<b id="8" c="11 9" t="ar"/>
		<b id="9" c="16 18" t="ar"/>
		<b id="10" c="10 9" t="1"/>
		<b id="11" c="13 24" t="ar"/>
		<b id="12" c="9 7" t="ar"/>
		<b id="13" c="18 23" t="ar"/>
		<b id="14" c="18 19" t="1"/>
		<b id="15" c="24 23" t="ar"/>
		<b id="16" c="24 6" t="ar"/>
		<b id="17" c="21 19" t="1"/>
		<b id="18" c="7 6" t="ar"/>
		<b id="19" c="7 8" t="1"/>
		<b id="20" c="19 22" t="1"/>
		<b id="21" c="6 4" t="1"/>
		<b id="22" c="4 5" t="1"/>
		<b id="23" c="4 2" t="2"/>
		<b id="24" c="3 2" t="1"/>
		<b id="25" c="2 1" t="1"/>
	</bonds>
	<geometry>
		<g u="A" t="cart/3d">#24,3:-2.1480,-3.4906,1.0880;-1.5681,-2.6106,0.7939;-0.4944,-2.7216,0.6503;-2.1986,-1.4362,0.6208;-3.2835,-1.4191,0.7837;-1.6673,-0.1208,0.2248;-2.5823,0.9187,0.0671;-3.6406,0.7114,0.2487;-2.2039,2.2237,-0.3206;-2.9714,2.9945,-0.4274;-0.8812,2.5214,-0.5650;-0.5746,3.5256,-0.8700;0.1050,1.5093,-0.4192;1.4826,1.7564,-0.6616;1.7969,2.7560,-0.9753;2.4047,0.7463,-0.5067;3.4679,0.9029,-0.6945;1.9234,-0.5212,-0.0922;2.9138,-1.6481,0.1673;3.9596,-1.5710,-0.6791;2.3617,-2.8546,0.0279;3.4123,-1.5667,1.4154;0.6616,-0.7867,0.1403;-0.2752,0.1811,-0.0168;</g>
	</geometry>
	<conformers/>
	<properties/>
</molecule>
