<?xml version="1.0" ?>
<!--MOLLI PACKAGE EXPERIMENTAL XML FORMAT-->
<molecule name="react_220">
	<atoms>
		<a id="1" s="H" t="H" l="H"/>
		<a id="2" s="C" t="C.2" l="C"/>
		<a id="3" s="H" t="H" l="H"/>
		<a id="4" s="C" t="C.2" l="C"/>
		<a id="5" s="H" t="H" l="H"/>
		<a id="6" s="C" t="C.ar" l="C"/>
		<a id="7" s="C" t="C.ar" l="C"/>
		<a id="8" s="H" t="H" l="H"/>
		<a id="9" s="C" t="C.ar" l="C"/>
		<a id="10" s="H" t="H" l="H"/>
		<a id="11" s="C" t="C.ar" l="C"/>
		<a id="12" s="H" t="H" l="H"/>
		<a id="13" s="C" t="C.ar" l="C"/>
		<a id="14" s="C" t="C.ar" l="C"/>
		<a id="15" s="C" t="C.ar" l="C"/>
		<a id="16" s="C" t="C.3" l="C"/>
		<a id="17" s="H" t="H" l="H"/>
		<a id="18" s="H" t="H" l="H"/>
		<a id="19" s="H" t="H" l="H"/>
		<a id="20" s="C" t="C.ar" l="C"/>
		<a id="21" s="C" t="C.3" l="C"/>
		<a id="22" s="H" t="H" l="H"/>
		<a id="23" s="H" t="H" l="H"/>
		<a id="24" s="H" t="H" l="H"/>
		<a id="25" s="N" t="N.ar" l="N"/>
		<a id="26" s="H" t="H" l="H"/>
	</atoms>
	<bonds>
		<b id="1" c="10 9" t="1"/>
		<b id="2" c="3 2" t="1"/>
		<b id="3" c="12 11" t="1"/>
		<b id="4" c="9 11" t="ar"/>
		<b id="5" c="9 7" t="ar"/>
		<b id="6" c="11 13" t="ar"/>
		<b id="7" c="22 21" t="1"/>
		<b id="8" c="8 7" t="1"/>
		<b id="9" c="7 6" t="ar"/>
		<b id="10" c="26 25" t="1"/>
		<b id="11" c="13 25" t="ar"/>
		<b id="12" c="13 14" t="ar"/>
		<b id="13" c="2 1" t="1"/>
		<b id="14" c="2 4" t="2"/>
		<b id="15" c="25 20" t="ar"/>
		<b id="16" c="19 16" t="1"/>
		<b id="17" c="6 14" t="ar"/>
		<b id="18" c="6 4" t="1"/>
		<b id="19" c="14 15" t="ar"/>
		<b id="20" c="20 15" t="ar"/>
		<b id="21" c="20 21" t="1"/>
		<b id="22" c="4 5" t="1"/>
		<b id="23" c="15 16" t="1"/>
		<b id="24" c="21 23" t="1"/>
		<b id="25" c="21 24" t="1"/>
		<b id="26" c="16 18" t="1"/>
		<b id="27" c="16 17" t="1"/>
	</bonds>
	<geometry>
		<g u="A" t="cart/3d">#26,3:-3.0759,-3.4305,0.0994;-2.9093,-2.3960,-0.2134;-3.6335,-1.9709,-0.9147;-1.8529,-1.7013,0.2396;-1.1585,-2.2175,0.9076;-1.5279,-0.2952,-0.0699;-2.5393,0.6116,-0.4274;-3.5745,0.2635,-0.4450;-2.2753,1.9590,-0.7252;-3.1035,2.6219,-0.9894;-0.9779,2.4631,-0.6718;-0.7644,3.5118,-0.8957;0.0412,1.5746,-0.3120;-0.1929,0.1996,-0.0058;1.1021,-0.3863,0.2922;1.4064,-1.8110,0.6582;0.9970,-2.0868,1.6459;2.4912,-1.9903,0.7007;0.9867,-2.5203,-0.0740;2.0369,0.6274,0.1672;3.5199,0.6220,0.3569;4.0443,0.9850,-0.5450;3.8896,-0.3894,0.5712;3.8259,1.2718,1.1965;1.3929,1.7987,-0.1934;1.8514,2.6855,-0.3524;</g>
	</geometry>
	<conformers/>
	<properties/>
</molecule>
