<?xml version="1.0" ?>
<!--MOLLI PACKAGE EXPERIMENTAL XML FORMAT-->
<molecule name="react_105">
	<atoms>
		<a id="1" s="H" t="H" l="H"/>
		<a id="2" s="C" t="C.2" l="C"/>
		<a id="3" s="H" t="H" l="H"/>
		<a id="4" s="C" t="C.2" l="C"/>
		<a id="5" s="C" t="C.3" l="C"/>
		<a id="6" s="H" t="H" l="H"/>
		<a id="7" s="H" t="H" l="H"/>
		<a id="8" s="H" t="H" l="H"/>
		<a id="9" s="C" t="C.3" l="C"/>
		<a id="10" s="H" t="H" l="H"/>
		<a id="11" s="H" t="H" l="H"/>
		<a id="12" s="Cl" t="Cl" l="CL"/>
	</atoms>
	<bonds>
		<b id="1" c="11 9" t="1"/>
		<b id="2" c="10 9" t="1"/>
		<b id="3" c="9 4" t="1"/>
		<b id="4" c="9 12" t="1"/>
		<b id="5" c="8 5" t="1"/>
		<b id="6" c="1 2" t="1"/>
		<b id="7" c="4 2" t="2"/>
		<b id="8" c="4 5" t="1"/>
		<b id="9" c="2 3" t="1"/>
		<b id="10" c="5 6" t="1"/>
		<b id="11" c="5 7" t="1"/>
	</bonds>
	<geometry>
		<g u="A" t="cart/3d">#12,3:1.8592,1.3934,-0.2590;0.8026,1.3639,0.0241;0.3478,2.3065,0.3431;0.0941,0.2260,-0.0206;-1.3567,0.1419,0.3737;-1.7465,1.1165,0.7010;-1.4896,-0.5844,1.1924;-1.9746,-0.2149,-0.4696;0.7368,-1.0430,-0.5070;1.7772,-0.8823,-0.8160;0.1753,-1.4855,-1.3435;0.7744,-2.3381,0.7814;</g>
	</geometry>
	<conformers/>
	<properties/>
</molecule>
