<?xml version="1.0" ?>
<!--MOLLI PACKAGE EXPERIMENTAL XML FORMAT-->
<molecule name="react_221">
	<atoms>
		<a id="1" s="H" t="H" l="H"/>
		<a id="2" s="C" t="C.2" l="C"/>
		<a id="3" s="H" t="H" l="H"/>
		<a id="4" s="C" t="C.2" l="C"/>
		<a id="5" s="H" t="H" l="H"/>
		<a id="6" s="C" t="C.ar" l="C"/>
		<a id="7" s="C" t="C.ar" l="C"/>
		<a id="8" s="H" t="H" l="H"/>
		<a id="9" s="C" t="C.ar" l="C"/>
		<a id="10" s="H" t="H" l="H"/>
		<a id="11" s="C" t="C.ar" l="C"/>
		<a id="12" s="H" t="H" l="H"/>
		<a id="13" s="C" t="C.ar" l="C"/>
		<a id="14" s="C" t="C.ar" l="C"/>
		<a id="15" s="N" t="N.ar" l="N"/>
		<a id="16" s="C" t="C.ar" l="C"/>
		<a id="17" s="C" t="C.3" l="C"/>
		<a id="18" s="H" t="H" l="H"/>
		<a id="19" s="H" t="H" l="H"/>
		<a id="20" s="C" t="C.3" l="C"/>
		<a id="21" s="H" t="H" l="H"/>
		<a id="22" s="H" t="H" l="H"/>
		<a id="23" s="H" t="H" l="H"/>
		<a id="24" s="N" t="N.ar" l="N"/>
		<a id="25" s="C" t="C.3" l="C"/>
		<a id="26" s="H" t="H" l="H"/>
		<a id="27" s="H" t="H" l="H"/>
		<a id="28" s="H" t="H" l="H"/>
	</atoms>
	<bonds>
		<b id="1" c="22 20" t="1"/>
		<b id="2" c="3 2" t="1"/>
		<b id="3" c="23 20" t="1"/>
		<b id="4" c="20 21" t="1"/>
		<b id="5" c="20 17" t="1"/>
		<b id="6" c="2 1" t="1"/>
		<b id="7" c="2 4" t="2"/>
		<b id="8" c="5 4" t="1"/>
		<b id="9" c="4 6" t="1"/>
		<b id="10" c="15 14" t="ar"/>
		<b id="11" c="15 16" t="ar"/>
		<b id="12" c="19 17" t="1"/>
		<b id="13" c="6 14" t="ar"/>
		<b id="14" c="6 7" t="ar"/>
		<b id="15" c="17 16" t="1"/>
		<b id="16" c="17 18" t="1"/>
		<b id="17" c="14 13" t="ar"/>
		<b id="18" c="16 24" t="ar"/>
		<b id="19" c="8 7" t="1"/>
		<b id="20" c="7 9" t="ar"/>
		<b id="21" c="28 25" t="1"/>
		<b id="22" c="13 24" t="ar"/>
		<b id="23" c="13 11" t="ar"/>
		<b id="24" c="24 25" t="1"/>
		<b id="25" c="9 11" t="ar"/>
		<b id="26" c="9 10" t="1"/>
		<b id="27" c="11 12" t="1"/>
		<b id="28" c="25 27" t="1"/>
		<b id="29" c="25 26" t="1"/>
	</bonds>
	<geometry>
		<g u="A" t="cart/3d">#28,3:1.9728,2.3251,-1.2898;2.9901,1.9305,-1.3160;3.7770,2.5447,-1.7636;3.2814,0.7188,-0.8131;4.3194,0.3663,-0.8635;2.3573,-0.2316,-0.1814;2.8472,-1.4649,0.2846;3.9126,-1.6788,0.1603;2.0309,-2.4312,0.9001;2.4780,-3.3699,1.2376;0.6653,-2.2149,1.0867;0.0300,-2.9655,1.5622;0.1626,-0.9914,0.6290;0.9680,-0.0053,0.0049;0.1855,1.0830,-0.3290;-1.0332,0.7928,0.0638;-2.2165,1.6898,-0.1514;-2.8468,1.7201,0.7545;-1.8105,2.7027,-0.2871;-3.0681,1.3069,-1.3738;-3.5104,0.3024,-1.2705;-2.4539,1.3094,-2.2876;-3.8935,2.0231,-1.5136;-1.1162,-0.4577,0.6560;-2.2745,-1.1200,1.2157;-2.0756,-1.4347,2.2533;-3.1317,-0.4355,1.2231;-2.5472,-2.0135,0.6285;</g>
	</geometry>
	<conformers/>
	<properties/>
</molecule>
