<?xml version="1.0" ?>
<!--MOLLI PACKAGE EXPERIMENTAL XML FORMAT-->
<molecule name="react_222">
	<atoms>
		<a id="1" s="H" t="H" l="H"/>
		<a id="2" s="C" t="C.2" l="C"/>
		<a id="3" s="H" t="H" l="H"/>
		<a id="4" s="C" t="C.2" l="C"/>
		<a id="5" s="H" t="H" l="H"/>
		<a id="6" s="C" t="C.ar" l="C"/>
		<a id="7" s="C" t="C.ar" l="C"/>
		<a id="8" s="H" t="H" l="H"/>
		<a id="9" s="C" t="C.ar" l="C"/>
		<a id="10" s="H" t="H" l="H"/>
		<a id="11" s="C" t="C.ar" l="C"/>
		<a id="12" s="H" t="H" l="H"/>
		<a id="13" s="C" t="C.ar" l="C"/>
		<a id="14" s="C" t="C.3" l="C"/>
		<a id="15" s="C" t="C.3" l="C"/>
		<a id="16" s="H" t="H" l="H"/>
		<a id="17" s="H" t="H" l="H"/>
		<a id="18" s="H" t="H" l="H"/>
		<a id="19" s="C" t="C.3" l="C"/>
		<a id="20" s="H" t="H" l="H"/>
		<a id="21" s="H" t="H" l="H"/>
		<a id="22" s="H" t="H" l="H"/>
		<a id="23" s="C" t="C.3" l="C"/>
		<a id="24" s="H" t="H" l="H"/>
		<a id="25" s="H" t="H" l="H"/>
		<a id="26" s="H" t="H" l="H"/>
		<a id="27" s="C" t="C.ar" l="C"/>
		<a id="28" s="H" t="H" l="H"/>
	</atoms>
	<bonds>
		<b id="1" c="26 23" t="1"/>
		<b id="2" c="24 23" t="1"/>
		<b id="3" c="23 25" t="1"/>
		<b id="4" c="23 14" t="1"/>
		<b id="5" c="18 15" t="1"/>
		<b id="6" c="5 4" t="1"/>
		<b id="7" c="28 27" t="1"/>
		<b id="8" c="17 15" t="1"/>
		<b id="9" c="15 14" t="1"/>
		<b id="10" c="15 16" t="1"/>
		<b id="11" c="3 2" t="1"/>
		<b id="12" c="14 13" t="1"/>
		<b id="13" c="14 19" t="1"/>
		<b id="14" c="4 2" t="2"/>
		<b id="15" c="4 6" t="1"/>
		<b id="16" c="27 13" t="ar"/>
		<b id="17" c="27 6" t="ar"/>
		<b id="18" c="2 1" t="1"/>
		<b id="19" c="21 19" t="1"/>
		<b id="20" c="13 11" t="ar"/>
		<b id="21" c="6 7" t="ar"/>
		<b id="22" c="19 20" t="1"/>
		<b id="23" c="19 22" t="1"/>
		<b id="24" c="11 12" t="1"/>
		<b id="25" c="11 9" t="ar"/>
		<b id="26" c="7 8" t="1"/>
		<b id="27" c="7 9" t="ar"/>
		<b id="28" c="9 10" t="1"/>
	</bonds>
	<geometry>
		<g u="A" t="cart/3d">#28,3:4.8186,-0.2782,0.9394;4.5033,-0.8007,0.0315;5.2885,-1.3039,-0.5386;3.2266,-0.8344,-0.3795;3.0004,-1.3814,-1.3031;2.0548,-0.2138,0.2660;2.1376,0.5211,1.4619;3.0997,0.6557,1.9613;0.9884,1.0813,2.0166;1.0573,1.6514,2.9474;-0.2533,0.9213,1.3954;-1.1346,1.3727,1.8580;-0.3787,0.1941,0.1975;-1.7624,0.0330,-0.4651;-2.3436,1.4295,-0.7887;-2.4635,2.0454,0.1158;-3.3360,1.3340,-1.2603;-1.6877,1.9789,-1.4831;-2.7120,-0.7062,0.5068;-2.3268,-1.7103,0.7471;-3.7115,-0.8232,0.0556;-2.8358,-0.1599,1.4546;-1.6943,-0.7724,-1.7758;-2.7021,-0.8578,-2.2128;-1.3184,-1.7950,-1.6126;-1.0498,-0.2857,-2.5250;0.7911,-0.3612,-0.3415;0.7437,-0.9341,-1.2688;</g>
	</geometry>
	<conformers/>
	<properties/>
</molecule>
