<?xml version="1.0" ?>
<!--MOLLI PACKAGE EXPERIMENTAL XML FORMAT-->
<molecule name="react_224">
	<atoms>
		<a id="1" s="H" t="H" l="H"/>
		<a id="2" s="C" t="C.2" l="C"/>
		<a id="3" s="H" t="H" l="H"/>
		<a id="4" s="C" t="C.2" l="C"/>
		<a id="5" s="H" t="H" l="H"/>
		<a id="6" s="C" t="C.3" l="C"/>
		<a id="7" s="H" t="H" l="H"/>
		<a id="8" s="O" t="O.3" l="O"/>
		<a id="9" s="C" t="C.3" l="C"/>
		<a id="10" s="H" t="H" l="H"/>
		<a id="11" s="H" t="H" l="H"/>
		<a id="12" s="C" t="C.ar" l="C"/>
		<a id="13" s="C" t="C.ar" l="C"/>
		<a id="14" s="H" t="H" l="H"/>
		<a id="15" s="C" t="C.ar" l="C"/>
		<a id="16" s="H" t="H" l="H"/>
		<a id="17" s="C" t="C.ar" l="C"/>
		<a id="18" s="H" t="H" l="H"/>
		<a id="19" s="C" t="C.ar" l="C"/>
		<a id="20" s="H" t="H" l="H"/>
		<a id="21" s="C" t="C.ar" l="C"/>
		<a id="22" s="C" t="C.3" l="C"/>
		<a id="23" s="H" t="H" l="H"/>
		<a id="24" s="H" t="H" l="H"/>
		<a id="25" s="O" t="O.3" l="O"/>
	</atoms>
	<bonds>
		<b id="1" c="11 9" t="1"/>
		<b id="2" c="7 6" t="1"/>
		<b id="3" c="25 6" t="1"/>
		<b id="4" c="25 22" t="1"/>
		<b id="5" c="14 13" t="1"/>
		<b id="6" c="16 15" t="1"/>
		<b id="7" c="3 2" t="1"/>
		<b id="8" c="13 15" t="ar"/>
		<b id="9" c="13 12" t="ar"/>
		<b id="10" c="9 12" t="1"/>
		<b id="11" c="9 10" t="1"/>
		<b id="12" c="9 8" t="1"/>
		<b id="13" c="15 17" t="ar"/>
		<b id="14" c="12 21" t="ar"/>
		<b id="15" c="6 8" t="1"/>
		<b id="16" c="6 4" t="1"/>
		<b id="17" c="17 18" t="1"/>
		<b id="18" c="17 19" t="ar"/>
		<b id="19" c="23 22" t="1"/>
		<b id="20" c="21 19" t="ar"/>
		<b id="21" c="21 22" t="1"/>
		<b id="22" c="19 20" t="1"/>
		<b id="23" c="22 24" t="1"/>
		<b id="24" c="2 4" t="2"/>
		<b id="25" c="2 1" t="1"/>
		<b id="26" c="4 5" t="1"/>
	</bonds>
	<geometry>
		<g u="A" t="cart/3d">#25,3:-5.0983,0.3274,1.3129;-4.3529,0.0292,0.5702;-4.7311,-0.3321,-0.3926;-3.0446,0.1016,0.8206;-2.6816,0.4558,1.7922;-1.9848,-0.2714,-0.1838;-2.4561,-0.7160,-1.0830;-1.1147,-1.1830,0.4292;-0.0234,-1.5887,-0.3819;0.2434,-2.6086,-0.0629;-0.3397,-1.6505,-1.4423;1.1947,-0.6899,-0.2566;2.4702,-1.2578,-0.3883;2.5593,-2.3382,-0.5413;3.6253,-0.4754,-0.3229;4.6086,-0.9413,-0.4294;3.5134,0.9015,-0.1165;4.4079,1.5277,-0.0633;2.2476,1.4764,0.0185;2.1594,2.5564,0.1734;1.0813,0.7001,-0.0447;-0.2657,1.3729,0.1545;-0.1794,2.4421,-0.0941;-0.5578,1.3136,1.2192;-1.2810,0.8478,-0.6872;</g>
	</geometry>
	<conformers/>
	<properties/>
</molecule>
