<?xml version="1.0" ?>
<!--MOLLI PACKAGE EXPERIMENTAL XML FORMAT-->
<molecule name="react_225">
	<atoms>
		<a id="1" s="H" t="H" l="H"/>
		<a id="2" s="C" t="C.2" l="C"/>
		<a id="3" s="H" t="H" l="H"/>
		<a id="4" s="C" t="C.2" l="C"/>
		<a id="5" s="H" t="H" l="H"/>
		<a id="6" s="C" t="C.ar" l="C"/>
		<a id="7" s="C" t="C.ar" l="C"/>
		<a id="8" s="H" t="H" l="H"/>
		<a id="9" s="C" t="C.ar" l="C"/>
		<a id="10" s="H" t="H" l="H"/>
		<a id="11" s="C" t="C.ar" l="C"/>
		<a id="12" s="C" t="C.3" l="C"/>
		<a id="13" s="C" t="C.3" l="C"/>
		<a id="14" s="H" t="H" l="H"/>
		<a id="15" s="H" t="H" l="H"/>
		<a id="16" s="H" t="H" l="H"/>
		<a id="17" s="C" t="C.3" l="C"/>
		<a id="18" s="H" t="H" l="H"/>
		<a id="19" s="H" t="H" l="H"/>
		<a id="20" s="H" t="H" l="H"/>
		<a id="21" s="C" t="C.3" l="C"/>
		<a id="22" s="H" t="H" l="H"/>
		<a id="23" s="H" t="H" l="H"/>
		<a id="24" s="H" t="H" l="H"/>
		<a id="25" s="C" t="C.ar" l="C"/>
		<a id="26" s="H" t="H" l="H"/>
		<a id="27" s="C" t="C.ar" l="C"/>
		<a id="28" s="H" t="H" l="H"/>
	</atoms>
	<bonds>
		<b id="1" c="15 13" t="1"/>
		<b id="2" c="16 13" t="1"/>
		<b id="3" c="13 14" t="1"/>
		<b id="4" c="13 12" t="1"/>
		<b id="5" c="28 27" t="1"/>
		<b id="6" c="26 25" t="1"/>
		<b id="7" c="5 4" t="1"/>
		<b id="8" c="27 25" t="ar"/>
		<b id="9" c="27 6" t="ar"/>
		<b id="10" c="25 11" t="ar"/>
		<b id="11" c="4 6" t="1"/>
		<b id="12" c="4 2" t="2"/>
		<b id="13" c="6 7" t="ar"/>
		<b id="14" c="22 21" t="1"/>
		<b id="15" c="1 2" t="1"/>
		<b id="16" c="11 12" t="1"/>
		<b id="17" c="11 9" t="ar"/>
		<b id="18" c="12 21" t="1"/>
		<b id="19" c="12 17" t="1"/>
		<b id="20" c="2 3" t="1"/>
		<b id="21" c="7 9" t="ar"/>
		<b id="22" c="7 8" t="1"/>
		<b id="23" c="9 10" t="1"/>
		<b id="24" c="21 24" t="1"/>
		<b id="25" c="21 23" t="1"/>
		<b id="26" c="19 17" t="1"/>
		<b id="27" c="17 18" t="1"/>
		<b id="28" c="17 20" t="1"/>
	</bonds>
	<geometry>
		<g u="A" t="cart/3d">#28,3:5.8443,-0.7041,-0.0412;4.7668,-0.8495,0.0716;4.4429,-1.8242,0.4483;3.9043,0.1298,-0.2410;4.3160,1.0766,-0.6118;2.4341,0.0998,-0.1481;1.7056,-1.0169,0.2989;2.2319,-1.9263,0.5992;0.3124,-0.9940,0.3705;-0.1973,-1.8903,0.7258;-0.4301,0.1420,0.0002;-1.9686,0.1996,0.0657;-2.5332,0.4546,-1.3520;-3.6348,0.5006,-1.3259;-2.2424,-0.3527,-2.0434;-2.1695,1.4041,-1.7746;-2.4016,1.3495,1.0057;-3.5015,1.4090,1.0608;-2.0327,2.3268,0.6580;-2.0177,1.1908,2.0264;-2.5789,-1.1104,0.5976;-2.3358,-1.9698,-0.0472;-2.2345,-1.3396,1.6186;-3.6768,-1.0236,0.6308;0.3017,1.2570,-0.4480;-0.2222,2.1671,-0.7506;1.6936,1.2379,-0.5202;2.2244,2.1271,-0.8742;</g>
	</geometry>
	<conformers/>
	<properties/>
</molecule>
