<?xml version="1.0" ?>
<!--MOLLI PACKAGE EXPERIMENTAL XML FORMAT-->
<molecule name="react_227">
	<atoms>
		<a id="1" s="H" t="H" l="H"/>
		<a id="2" s="C" t="C.2" l="C"/>
		<a id="3" s="H" t="H" l="H"/>
		<a id="4" s="C" t="C.2" l="C"/>
		<a id="5" s="H" t="H" l="H"/>
		<a id="6" s="C" t="C.ar" l="C"/>
		<a id="7" s="C" t="C.ar" l="C"/>
		<a id="8" s="H" t="H" l="H"/>
		<a id="9" s="C" t="C.ar" l="C"/>
		<a id="10" s="H" t="H" l="H"/>
		<a id="11" s="C" t="C.ar" l="C"/>
		<a id="12" s="H" t="H" l="H"/>
		<a id="13" s="C" t="C.ar" l="C"/>
		<a id="14" s="O" t="O.3" l="O"/>
		<a id="15" s="C" t="C.3" l="C"/>
		<a id="16" s="H" t="H" l="H"/>
		<a id="17" s="H" t="H" l="H"/>
		<a id="18" s="H" t="H" l="H"/>
		<a id="19" s="C" t="C.ar" l="C"/>
		<a id="20" s="O" t="O.3" l="O"/>
		<a id="21" s="C" t="C.3" l="C"/>
		<a id="22" s="H" t="H" l="H"/>
		<a id="23" s="C" t="C.3" l="C"/>
		<a id="24" s="H" t="H" l="H"/>
		<a id="25" s="H" t="H" l="H"/>
		<a id="26" s="H" t="H" l="H"/>
		<a id="27" s="C" t="C.3" l="C"/>
		<a id="28" s="H" t="H" l="H"/>
		<a id="29" s="H" t="H" l="H"/>
		<a id="30" s="H" t="H" l="H"/>
	</atoms>
	<bonds>
		<b id="1" c="16 15" t="1"/>
		<b id="2" c="18 15" t="1"/>
		<b id="3" c="12 11" t="1"/>
		<b id="4" c="15 17" t="1"/>
		<b id="5" c="15 14" t="1"/>
		<b id="6" c="11 9" t="ar"/>
		<b id="7" c="11 13" t="ar"/>
		<b id="8" c="10 9" t="1"/>
		<b id="9" c="14 13" t="1"/>
		<b id="10" c="9 7" t="ar"/>
		<b id="11" c="22 21" t="1"/>
		<b id="12" c="13 19" t="ar"/>
		<b id="13" c="28 27" t="1"/>
		<b id="14" c="29 27" t="1"/>
		<b id="15" c="7 8" t="1"/>
		<b id="16" c="7 6" t="ar"/>
		<b id="17" c="21 27" t="1"/>
		<b id="18" c="21 23" t="1"/>
		<b id="19" c="21 20" t="1"/>
		<b id="20" c="26 23" t="1"/>
		<b id="21" c="19 6" t="ar"/>
		<b id="22" c="19 20" t="1"/>
		<b id="23" c="27 30" t="1"/>
		<b id="24" c="24 23" t="1"/>
		<b id="25" c="23 25" t="1"/>
		<b id="26" c="6 4" t="1"/>
		<b id="27" c="4 5" t="1"/>
		<b id="28" c="4 2" t="2"/>
		<b id="29" c="3 2" t="1"/>
		<b id="30" c="2 1" t="1"/>
	</bonds>
	<geometry>
		<g u="A" t="cart/3d">#30,3:1.0232,3.2320,3.3361;0.4166,3.0738,2.4404;-0.0253,3.9663,1.9874;0.2450,1.8405,1.9391;0.7346,0.9996,2.4366;-0.5522,1.4696,0.7557;-1.4455,2.3696,0.1336;-1.5547,3.3791,0.5345;-2.1951,1.9837,-0.9683;-2.8808,2.6925,-1.4397;-2.0980,0.6801,-1.4773;-2.7088,0.3882,-2.3319;-1.2355,-0.2379,-0.8714;-1.0932,-1.5334,-1.2660;-1.8795,-2.0178,-2.3306;-1.6719,-1.4820,-3.2751;-2.9598,-1.9406,-2.1106;-1.6169,-3.0770,-2.4574;-0.4431,0.1602,0.2390;0.3609,-0.7482,0.8614;1.4994,-1.2894,0.1518;1.2370,-1.3751,-0.9146;1.7310,-2.6818,0.7184;0.8367,-3.3036,0.5653;1.9354,-2.6279,1.8002;2.5894,-3.1658,0.2259;2.7044,-0.3645,0.3025;3.5608,-0.7557,-0.2712;2.4784,0.6459,-0.0725;3.0073,-0.2807,1.3589;</g>
	</geometry>
	<conformers/>
	<properties/>
</molecule>
