<?xml version="1.0" ?>
<!--MOLLI PACKAGE EXPERIMENTAL XML FORMAT-->
<molecule name="react_228">
	<atoms>
		<a id="1" s="H" t="H" l="H"/>
		<a id="2" s="C" t="C.2" l="C"/>
		<a id="3" s="H" t="H" l="H"/>
		<a id="4" s="C" t="C.2" l="C"/>
		<a id="5" s="H" t="H" l="H"/>
		<a id="6" s="C" t="C.ar" l="C"/>
		<a id="7" s="C" t="C.ar" l="C"/>
		<a id="8" s="H" t="H" l="H"/>
		<a id="9" s="C" t="C.ar" l="C"/>
		<a id="10" s="H" t="H" l="H"/>
		<a id="11" s="C" t="C.ar" l="C"/>
		<a id="12" s="H" t="H" l="H"/>
		<a id="13" s="C" t="C.ar" l="C"/>
		<a id="14" s="N" t="N.ar" l="N"/>
		<a id="15" s="C" t="C.ar" l="C"/>
		<a id="16" s="C" t="C.3" l="C"/>
		<a id="17" s="C" t="C.3" l="C"/>
		<a id="18" s="H" t="H" l="H"/>
		<a id="19" s="H" t="H" l="H"/>
		<a id="20" s="H" t="H" l="H"/>
		<a id="21" s="C" t="C.3" l="C"/>
		<a id="22" s="H" t="H" l="H"/>
		<a id="23" s="H" t="H" l="H"/>
		<a id="24" s="H" t="H" l="H"/>
		<a id="25" s="C" t="C.3" l="C"/>
		<a id="26" s="H" t="H" l="H"/>
		<a id="27" s="H" t="H" l="H"/>
		<a id="28" s="H" t="H" l="H"/>
		<a id="29" s="O" t="O.2" l="O"/>
		<a id="30" s="C" t="C.ar" l="C"/>
	</atoms>
	<bonds>
		<b id="1" c="22 21" t="1"/>
		<b id="2" c="23 21" t="1"/>
		<b id="3" c="27 25" t="1"/>
		<b id="4" c="21 24" t="1"/>
		<b id="5" c="21 16" t="1"/>
		<b id="6" c="26 25" t="1"/>
		<b id="7" c="25 16" t="1"/>
		<b id="8" c="25 28" t="1"/>
		<b id="9" c="12 11" t="1"/>
		<b id="10" c="14 15" t="ar"/>
		<b id="11" c="14 13" t="ar"/>
		<b id="12" c="16 15" t="1"/>
		<b id="13" c="16 17" t="1"/>
		<b id="14" c="11 13" t="ar"/>
		<b id="15" c="11 9" t="ar"/>
		<b id="16" c="15 29" t="ar"/>
		<b id="17" c="13 30" t="ar"/>
		<b id="18" c="10 9" t="1"/>
		<b id="19" c="9 7" t="ar"/>
		<b id="20" c="29 30" t="ar"/>
		<b id="21" c="30 6" t="ar"/>
		<b id="22" c="7 6" t="ar"/>
		<b id="23" c="7 8" t="1"/>
		<b id="24" c="6 4" t="1"/>
		<b id="25" c="5 4" t="1"/>
		<b id="26" c="4 2" t="2"/>
		<b id="27" c="2 3" t="1"/>
		<b id="28" c="2 1" t="1"/>
		<b id="29" c="18 17" t="1"/>
		<b id="30" c="17 20" t="1"/>
		<b id="31" c="17 19" t="1"/>
	</bonds>
	<geometry>
		<g u="A" t="cart/3d">#30,3:4.3256,2.8707,1.1984;4.1279,1.8097,1.0264;4.9913,1.1390,1.0629;2.8815,1.3744,0.7864;2.0683,2.1076,0.7697;2.4607,-0.0127,0.5381;3.3234,-1.1272,0.4794;4.3952,-0.9722,0.6219;2.8579,-2.4309,0.2424;3.5818,-3.2493,0.2097;1.5002,-2.7079,0.0477;1.1356,-3.7203,-0.1359;0.6189,-1.6233,0.0979;-0.7645,-1.5467,-0.0495;-1.0506,-0.2943,0.0925;-2.3994,0.3789,0.0304;-2.6621,1.1030,1.3712;-3.6425,1.6051,1.3410;-2.6702,0.3904,2.2115;-1.8929,1.8636,1.5743;-2.3940,1.4075,-1.1242;-2.2143,0.9145,-2.0929;-3.3696,1.9172,-1.1773;-1.6154,2.1717,-0.9784;-3.4793,-0.6874,-0.2159;-4.4702,-0.2090,-0.2684;-3.2998,-1.2264,-1.1579;-3.4924,-1.4336,0.5923;0.0374,0.5173,0.3305;1.1113,-0.3296,0.3356;</g>
	</geometry>
	<conformers/>
	<properties/>
</molecule>
