<?xml version="1.0" ?>
<!--MOLLI PACKAGE EXPERIMENTAL XML FORMAT-->
<molecule name="react_229">
	<atoms>
		<a id="1" s="H" t="H" l="H"/>
		<a id="2" s="C" t="C.2" l="C"/>
		<a id="3" s="H" t="H" l="H"/>
		<a id="4" s="C" t="C.2" l="C"/>
		<a id="5" s="H" t="H" l="H"/>
		<a id="6" s="C" t="C.ar" l="C"/>
		<a id="7" s="C" t="C.ar" l="C"/>
		<a id="8" s="H" t="H" l="H"/>
		<a id="9" s="C" t="C.ar" l="C"/>
		<a id="10" s="H" t="H" l="H"/>
		<a id="11" s="C" t="C.ar" l="C"/>
		<a id="12" s="H" t="H" l="H"/>
		<a id="13" s="C" t="C.ar" l="C"/>
		<a id="14" s="C" t="C.ar" l="C"/>
		<a id="15" s="H" t="H" l="H"/>
		<a id="16" s="C" t="C.ar" l="C"/>
		<a id="17" s="H" t="H" l="H"/>
		<a id="18" s="C" t="C.ar" l="C"/>
		<a id="19" s="C" t="C.3" l="C"/>
		<a id="20" s="H" t="H" l="H"/>
		<a id="21" s="H" t="H" l="H"/>
		<a id="22" s="C" t="C.3" l="C"/>
		<a id="23" s="H" t="H" l="H"/>
		<a id="24" s="H" t="H" l="H"/>
		<a id="25" s="H" t="H" l="H"/>
		<a id="26" s="N" t="N.ar" l="N"/>
		<a id="27" s="C" t="C.ar" l="C"/>
	</atoms>
	<bonds>
		<b id="1" c="21 19" t="1"/>
		<b id="2" c="20 19" t="1"/>
		<b id="3" c="17 16" t="1"/>
		<b id="4" c="19 22" t="1"/>
		<b id="5" c="19 18" t="1"/>
		<b id="6" c="25 22" t="1"/>
		<b id="7" c="16 18" t="ar"/>
		<b id="8" c="16 14" t="ar"/>
		<b id="9" c="22 24" t="1"/>
		<b id="10" c="22 23" t="1"/>
		<b id="11" c="18 26" t="ar"/>
		<b id="12" c="15 14" t="1"/>
		<b id="13" c="14 13" t="ar"/>
		<b id="14" c="26 27" t="ar"/>
		<b id="15" c="13 27" t="ar"/>
		<b id="16" c="13 11" t="ar"/>
		<b id="17" c="27 6" t="ar"/>
		<b id="18" c="5 4" t="1"/>
		<b id="19" c="12 11" t="1"/>
		<b id="20" c="11 9" t="ar"/>
		<b id="21" c="6 4" t="1"/>
		<b id="22" c="6 7" t="ar"/>
		<b id="23" c="4 2" t="2"/>
		<b id="24" c="9 7" t="ar"/>
		<b id="25" c="9 10" t="1"/>
		<b id="26" c="1 2" t="1"/>
		<b id="27" c="7 8" t="1"/>
		<b id="28" c="2 3" t="1"/>
	</bonds>
	<geometry>
		<g u="A" t="cart/3d">#27,3:-2.6627,3.3155,1.9285;-2.5488,2.2296,1.9846;-3.1589,1.7170,2.7349;-1.6999,1.5892,1.1653;-1.1214,2.1667,0.4404;-1.4356,0.1409,1.1159;-2.0747,-0.7767,1.9440;-2.8089,-0.4207,2.6706;-1.8097,-2.1620,1.8792;-2.3404,-2.8408,2.5521;-0.8911,-2.6574,0.9758;-0.6809,-3.7292,0.9183;-0.2057,-1.7698,0.1061;0.7514,-2.2107,-0.8474;0.9775,-3.2787,-0.9233;1.3770,-1.2964,-1.6617;2.1134,-1.6147,-2.4037;1.0513,0.0869,-1.5335;1.7489,1.1264,-2.3844;1.0078,1.8959,-2.6532;2.1010,0.6639,-3.3217;2.9280,1.7890,-1.6548;2.5849,2.2617,-0.7212;3.7057,1.0523,-1.3941;3.3944,2.5654,-2.2826;0.1677,0.5169,-0.6537;-0.4700,-0.3598,0.1665;</g>
	</geometry>
	<conformers/>
	<properties/>
</molecule>
