<?xml version="1.0" ?>
<!--MOLLI PACKAGE EXPERIMENTAL XML FORMAT-->
<molecule name="react_230">
	<atoms>
		<a id="1" s="H" t="H" l="H"/>
		<a id="2" s="C" t="C.2" l="C"/>
		<a id="3" s="H" t="H" l="H"/>
		<a id="4" s="C" t="C.2" l="C"/>
		<a id="5" s="H" t="H" l="H"/>
		<a id="6" s="C" t="C.ar" l="C"/>
		<a id="7" s="C" t="C.ar" l="C"/>
		<a id="8" s="H" t="H" l="H"/>
		<a id="9" s="C" t="C.ar" l="C"/>
		<a id="10" s="H" t="H" l="H"/>
		<a id="11" s="C" t="C.ar" l="C"/>
		<a id="12" s="H" t="H" l="H"/>
		<a id="13" s="C" t="C.ar" l="C"/>
		<a id="14" s="C" t="C.ar" l="C"/>
		<a id="15" s="H" t="H" l="H"/>
		<a id="16" s="C" t="C.ar" l="C"/>
		<a id="17" s="C" t="C.3" l="C"/>
		<a id="18" s="H" t="H" l="H"/>
		<a id="19" s="H" t="H" l="H"/>
		<a id="20" s="H" t="H" l="H"/>
		<a id="21" s="C" t="C.ar" l="C"/>
		<a id="22" s="C" t="C.3" l="C"/>
		<a id="23" s="H" t="H" l="H"/>
		<a id="24" s="H" t="H" l="H"/>
		<a id="25" s="H" t="H" l="H"/>
		<a id="26" s="N" t="N.ar" l="N"/>
		<a id="27" s="C" t="C.ar" l="C"/>
	</atoms>
	<bonds>
		<b id="1" c="1 2" t="1"/>
		<b id="2" c="2 3" t="1"/>
		<b id="3" c="2 4" t="2"/>
		<b id="4" c="5 4" t="1"/>
		<b id="5" c="25 22" t="1"/>
		<b id="6" c="4 6" t="1"/>
		<b id="7" c="24 22" t="1"/>
		<b id="8" c="8 7" t="1"/>
		<b id="9" c="6 7" t="ar"/>
		<b id="10" c="6 27" t="ar"/>
		<b id="11" c="26 27" t="ar"/>
		<b id="12" c="26 21" t="ar"/>
		<b id="13" c="22 21" t="1"/>
		<b id="14" c="22 23" t="1"/>
		<b id="15" c="7 9" t="ar"/>
		<b id="16" c="27 13" t="ar"/>
		<b id="17" c="20 17" t="1"/>
		<b id="18" c="21 16" t="ar"/>
		<b id="19" c="9 10" t="1"/>
		<b id="20" c="9 11" t="ar"/>
		<b id="21" c="13 11" t="ar"/>
		<b id="22" c="13 14" t="ar"/>
		<b id="23" c="16 14" t="ar"/>
		<b id="24" c="16 17" t="1"/>
		<b id="25" c="11 12" t="1"/>
		<b id="26" c="14 15" t="1"/>
		<b id="27" c="17 18" t="1"/>
		<b id="28" c="17 19" t="1"/>
	</bonds>
	<geometry>
		<g u="A" t="cart/3d">#27,3:3.5149,-2.5245,-1.6646;2.7162,-1.8900,-1.2684;1.7223,-2.3154,-1.1403;2.9819,-0.6113,-0.9522;4.0093,-0.2591,-1.1106;2.1019,0.4395,-0.4121;2.6771,1.6906,-0.1891;3.7375,1.8230,-0.4222;1.9521,2.7889,0.3220;2.4597,3.7449,0.4751;0.6142,2.6527,0.6233;0.0362,3.4929,1.0186;-0.0307,1.4037,0.4199;-1.4057,1.2068,0.7134;-1.9842,2.0490,1.1074;-2.0133,-0.0141,0.5122;-3.4712,-0.2382,0.8192;-3.9420,0.6784,1.2049;-3.6115,-1.0321,1.5726;-4.0319,-0.5543,-0.0770;-1.1921,-1.0747,-0.0059;-1.7880,-2.4405,-0.2449;-2.1873,-2.8741,0.6881;-1.0217,-3.1159,-0.6462;-2.6292,-2.3956,-0.9578;0.0851,-0.9134,-0.2882;0.7003,0.2828,-0.0971;</g>
	</geometry>
	<conformers/>
	<properties/>
</molecule>
