<?xml version="1.0" ?>
<!--MOLLI PACKAGE EXPERIMENTAL XML FORMAT-->
<molecule name="react_231">
	<atoms>
		<a id="1" s="H" t="H" l="H"/>
		<a id="2" s="C" t="C.2" l="C"/>
		<a id="3" s="H" t="H" l="H"/>
		<a id="4" s="C" t="C.2" l="C"/>
		<a id="5" s="H" t="H" l="H"/>
		<a id="6" s="C" t="C.3" l="C"/>
		<a id="7" s="H" t="H" l="H"/>
		<a id="8" s="H" t="H" l="H"/>
		<a id="9" s="N" t="N.am" l="N"/>
		<a id="10" s="C" t="C.2" l="C"/>
		<a id="11" s="O" t="O.2" l="O"/>
		<a id="12" s="O" t="O.3" l="O"/>
		<a id="13" s="C" t="C.3" l="C"/>
		<a id="14" s="C" t="C.3" l="C"/>
		<a id="15" s="H" t="H" l="H"/>
		<a id="16" s="H" t="H" l="H"/>
		<a id="17" s="H" t="H" l="H"/>
		<a id="18" s="C" t="C.3" l="C"/>
		<a id="19" s="H" t="H" l="H"/>
		<a id="20" s="H" t="H" l="H"/>
		<a id="21" s="H" t="H" l="H"/>
		<a id="22" s="C" t="C.3" l="C"/>
		<a id="23" s="H" t="H" l="H"/>
		<a id="24" s="H" t="H" l="H"/>
		<a id="25" s="H" t="H" l="H"/>
		<a id="26" s="C" t="C.2" l="C"/>
		<a id="27" s="O" t="O.2" l="O"/>
		<a id="28" s="O" t="O.3" l="O"/>
		<a id="29" s="C" t="C.3" l="C"/>
		<a id="30" s="C" t="C.3" l="C"/>
		<a id="31" s="H" t="H" l="H"/>
		<a id="32" s="H" t="H" l="H"/>
		<a id="33" s="H" t="H" l="H"/>
		<a id="34" s="C" t="C.3" l="C"/>
		<a id="35" s="H" t="H" l="H"/>
		<a id="36" s="H" t="H" l="H"/>
		<a id="37" s="H" t="H" l="H"/>
		<a id="38" s="C" t="C.3" l="C"/>
		<a id="39" s="H" t="H" l="H"/>
		<a id="40" s="H" t="H" l="H"/>
		<a id="41" s="H" t="H" l="H"/>
	</atoms>
	<bonds>
		<b id="1" c="21 18" t="1"/>
		<b id="2" c="20 18" t="1"/>
		<b id="3" c="35 34" t="1"/>
		<b id="4" c="19 18" t="1"/>
		<b id="5" c="18 13" t="1"/>
		<b id="6" c="36 34" t="1"/>
		<b id="7" c="37 34" t="1"/>
		<b id="8" c="34 29" t="1"/>
		<b id="9" c="24 22" t="1"/>
		<b id="10" c="17 14" t="1"/>
		<b id="11" c="39 38" t="1"/>
		<b id="12" c="13 22" t="1"/>
		<b id="13" c="13 14" t="1"/>
		<b id="14" c="13 12" t="1"/>
		<b id="15" c="25 22" t="1"/>
		<b id="16" c="11 10" t="2"/>
		<b id="17" c="16 14" t="1"/>
		<b id="18" c="22 23" t="1"/>
		<b id="19" c="40 38" t="1"/>
		<b id="20" c="29 28" t="1"/>
		<b id="21" c="29 38" t="1"/>
		<b id="22" c="29 30" t="1"/>
		<b id="23" c="14 15" t="1"/>
		<b id="24" c="28 26" t="1"/>
		<b id="25" c="38 41" t="1"/>
		<b id="26" c="10 12" t="1"/>
		<b id="27" c="10 9" t="am"/>
		<b id="28" c="31 30" t="1"/>
		<b id="29" c="33 30" t="1"/>
		<b id="30" c="30 32" t="1"/>
		<b id="31" c="5 4" t="1"/>
		<b id="32" c="9 26" t="am"/>
		<b id="33" c="9 6" t="1"/>
		<b id="34" c="26 27" t="2"/>
		<b id="35" c="4 6" t="1"/>
		<b id="36" c="4 2" t="2"/>
		<b id="37" c="6 7" t="1"/>
		<b id="38" c="6 8" t="1"/>
		<b id="39" c="3 2" t="1"/>
		<b id="40" c="2 1" t="1"/>
	</bonds>
	<geometry>
		<g u="A" t="cart/3d">#41,3:0.6258,3.1481,3.1219;-0.0434,3.3881,2.2887;-0.1512,4.4448,2.0260;-0.6959,2.4325,1.6218;-1.3513,2.6952,0.7831;-0.5993,0.9635,1.9411;-1.5941,0.5531,2.1565;0.0451,0.8028,2.8142;-0.0207,0.1716,0.8322;-0.8432,-0.4345,-0.1345;-0.5129,-1.3248,-0.8775;-2.0713,0.1179,-0.0794;-3.1791,-0.3708,-0.9146;-4.3462,0.5215,-0.4861;-4.5572,0.4001,0.5875;-4.1166,1.5811,-0.6762;-5.2532,0.2557,-1.0505;-2.8474,-0.1567,-2.3951;-2.5978,0.8997,-2.5827;-2.0008,-0.7815,-2.7068;-3.7240,-0.4138,-3.0107;-3.4740,-1.8397,-0.5926;-3.6703,-1.9660,0.4841;-4.3725,-2.1627,-1.1416;-2.6356,-2.4874,-0.8790;1.3874,0.0476,0.8427;2.0373,0.2901,1.8360;1.8668,-0.2983,-0.3437;3.2755,-0.6657,-0.5490;3.6449,-1.8399,0.3632;4.6593,-2.1913,0.1171;3.6240,-1.5474,1.4213;2.9453,-2.6766,0.2097;3.2926,-1.0929,-2.0178;2.9985,-0.2546,-2.6678;4.3019,-1.4237,-2.3072;2.5835,-1.9177,-2.1823;4.1711,0.5554,-0.3172;3.8424,1.3965,-0.9478;5.2094,0.3091,-0.5911;4.1472,0.8715,0.7336;</g>
	</geometry>
	<conformers/>
	<properties/>
</molecule>
