<?xml version="1.0" ?>
<!--MOLLI PACKAGE EXPERIMENTAL XML FORMAT-->
<molecule name="react_232">
	<atoms>
		<a id="1" s="H" t="H" l="H"/>
		<a id="2" s="C" t="C.2" l="C"/>
		<a id="3" s="H" t="H" l="H"/>
		<a id="4" s="C" t="C.2" l="C"/>
		<a id="5" s="H" t="H" l="H"/>
		<a id="6" s="C" t="C.ar" l="C"/>
		<a id="7" s="C" t="C.ar" l="C"/>
		<a id="8" s="H" t="H" l="H"/>
		<a id="9" s="C" t="C.ar" l="C"/>
		<a id="10" s="H" t="H" l="H"/>
		<a id="11" s="C" t="C.ar" l="C"/>
		<a id="12" s="H" t="H" l="H"/>
		<a id="13" s="C" t="C.ar" l="C"/>
		<a id="14" s="C" t="C.ar" l="C"/>
		<a id="15" s="C" t="C.3" l="C"/>
		<a id="16" s="H" t="H" l="H"/>
		<a id="17" s="H" t="H" l="H"/>
		<a id="18" s="H" t="H" l="H"/>
		<a id="19" s="C" t="C.ar" l="C"/>
		<a id="20" s="C" t="C.3" l="C"/>
		<a id="21" s="H" t="H" l="H"/>
		<a id="22" s="H" t="H" l="H"/>
		<a id="23" s="C" t="C.3" l="C"/>
		<a id="24" s="H" t="H" l="H"/>
		<a id="25" s="H" t="H" l="H"/>
		<a id="26" s="H" t="H" l="H"/>
		<a id="27" s="S" t="S.2" l="S"/>
		<a id="28" s="C" t="C.ar" l="C"/>
	</atoms>
	<bonds>
		<b id="1" c="25 23" t="1"/>
		<b id="2" c="26 23" t="1"/>
		<b id="3" c="1 2" t="1"/>
		<b id="4" c="3 2" t="1"/>
		<b id="5" c="2 4" t="2"/>
		<b id="6" c="23 24" t="1"/>
		<b id="7" c="23 20" t="1"/>
		<b id="8" c="8 7" t="1"/>
		<b id="9" c="4 6" t="1"/>
		<b id="10" c="4 5" t="1"/>
		<b id="11" c="7 6" t="ar"/>
		<b id="12" c="7 9" t="ar"/>
		<b id="13" c="17 15" t="1"/>
		<b id="14" c="10 9" t="1"/>
		<b id="15" c="6 28" t="ar"/>
		<b id="16" c="9 11" t="ar"/>
		<b id="17" c="28 13" t="ar"/>
		<b id="18" c="28 27" t="ar"/>
		<b id="19" c="11 13" t="ar"/>
		<b id="20" c="11 12" t="1"/>
		<b id="21" c="13 14" t="ar"/>
		<b id="22" c="27 19" t="ar"/>
		<b id="23" c="14 19" t="ar"/>
		<b id="24" c="14 15" t="1"/>
		<b id="25" c="19 20" t="1"/>
		<b id="26" c="15 18" t="1"/>
		<b id="27" c="15 16" t="1"/>
		<b id="28" c="20 22" t="1"/>
		<b id="29" c="20 21" t="1"/>
	</bonds>
	<geometry>
		<g u="A" t="cart/3d">#28,3:-4.9794,0.1503,-1.1721;-4.4899,1.0591,-0.8101;-5.0694,1.9841,-0.8670;-3.2386,1.0622,-0.3259;-2.8176,2.0234,-0.0075;-2.3398,-0.0960,-0.1752;-2.7839,-1.4258,-0.2610;-3.8453,-1.6220,-0.4284;-1.9044,-2.5091,-0.1177;-2.2943,-3.5279,-0.1895;-0.5481,-2.3031,0.1244;0.1278,-3.1541,0.2390;-0.0561,-0.9879,0.2253;1.3068,-0.5528,0.4718;2.4322,-1.5320,0.6592;2.2212,-2.2284,1.4891;2.5794,-2.1482,-0.2449;3.3866,-1.0326,0.8771;1.4200,0.8129,0.5051;2.6497,1.6624,0.6861;2.4024,2.5289,1.3238;3.4014,1.0823,1.2457;3.2631,2.1628,-0.6329;4.1453,2.7949,-0.4403;3.5784,1.3199,-1.2686;2.5363,2.7585,-1.2077;-0.1221,1.6246,0.2294;-0.9618,0.0940,0.0728;</g>
	</geometry>
	<conformers/>
	<properties/>
</molecule>
