<?xml version="1.0" ?>
<!--MOLLI PACKAGE EXPERIMENTAL XML FORMAT-->
<molecule name="react_5">
	<atoms>
		<a id="1" s="H" t="H" l="H"/>
		<a id="2" s="O" t="O.3" l="O"/>
		<a id="3" s="C" t="C.3" l="C"/>
		<a id="4" s="H" t="H" l="H"/>
		<a id="5" s="H" t="H" l="H"/>
		<a id="6" s="C" t="C.3" l="C"/>
		<a id="7" s="H" t="H" l="H"/>
		<a id="8" s="H" t="H" l="H"/>
		<a id="9" s="C" t="C.3" l="C"/>
		<a id="10" s="H" t="H" l="H"/>
		<a id="11" s="H" t="H" l="H"/>
		<a id="12" s="C" t="C.3" l="C"/>
		<a id="13" s="H" t="H" l="H"/>
		<a id="14" s="H" t="H" l="H"/>
		<a id="15" s="C" t="C.3" l="C"/>
		<a id="16" s="H" t="H" l="H"/>
		<a id="17" s="H" t="H" l="H"/>
		<a id="18" s="C" t="C.3" l="C"/>
		<a id="19" s="H" t="H" l="H"/>
		<a id="20" s="H" t="H" l="H"/>
		<a id="21" s="C" t="C.2" l="C"/>
		<a id="22" s="H" t="H" l="H"/>
		<a id="23" s="C" t="C.2" l="C"/>
		<a id="24" s="H" t="H" l="H"/>
		<a id="25" s="H" t="H" l="H"/>
	</atoms>
	<bonds>
		<b id="1" c="10 9" t="1"/>
		<b id="2" c="14 12" t="1"/>
		<b id="3" c="16 15" t="1"/>
		<b id="4" c="19 18" t="1"/>
		<b id="5" c="11 9" t="1"/>
		<b id="6" c="1 2" t="1"/>
		<b id="7" c="9 12" t="1"/>
		<b id="8" c="9 6" t="1"/>
		<b id="9" c="12 15" t="1"/>
		<b id="10" c="12 13" t="1"/>
		<b id="11" c="4 3" t="1"/>
		<b id="12" c="15 18" t="1"/>
		<b id="13" c="15 17" t="1"/>
		<b id="14" c="18 21" t="1"/>
		<b id="15" c="18 20" t="1"/>
		<b id="16" c="21 22" t="1"/>
		<b id="17" c="21 23" t="2"/>
		<b id="18" c="25 23" t="1"/>
		<b id="19" c="23 24" t="1"/>
		<b id="20" c="2 3" t="1"/>
		<b id="21" c="3 6" t="1"/>
		<b id="22" c="3 5" t="1"/>
		<b id="23" c="6 7" t="1"/>
		<b id="24" c="6 8" t="1"/>
	</bonds>
	<geometry>
		<g u="A" t="cart/3d">#25,3:4.2986,0.0591,-0.6363;4.3798,0.4482,0.2434;3.2605,1.2835,0.4675;3.1397,2.0234,-0.3524;3.4881,1.8595,1.3795;1.9496,0.5175,0.6646;1.1660,1.2481,0.9329;2.0646,-0.1563,1.5329;1.5194,-0.2982,-0.5601;1.4077,0.3779,-1.4300;2.3345,-0.9986,-0.8179;0.2285,-1.1112,-0.3847;0.3429,-1.7922,0.4795;0.1025,-1.7655,-1.2664;-1.0438,-0.2737,-0.2062;-1.1329,0.4365,-1.0488;-0.9642,0.3437,0.7052;-2.3121,-1.1251,-0.1228;-2.3975,-1.7505,-1.0334;-2.2109,-1.8578,0.7021;-3.6112,-0.3857,0.0632;-4.4995,-1.0290,0.1223;-3.7829,0.9366,0.1603;-4.7791,1.3675,0.2952;-2.9487,1.6425,0.1103;</g>
	</geometry>
	<conformers/>
	<properties/>
</molecule>
