<?xml version="1.0" ?>
<!--MOLLI PACKAGE EXPERIMENTAL XML FORMAT-->
<molecule name="react_106">
	<atoms>
		<a id="1" s="H" t="H" l="H"/>
		<a id="2" s="C" t="C.2" l="C"/>
		<a id="3" s="H" t="H" l="H"/>
		<a id="4" s="C" t="C.2" l="C"/>
		<a id="5" s="C" t="C.3" l="C"/>
		<a id="6" s="H" t="H" l="H"/>
		<a id="7" s="H" t="H" l="H"/>
		<a id="8" s="H" t="H" l="H"/>
		<a id="9" s="C" t="C.3" l="C"/>
		<a id="10" s="F" t="F" l="F"/>
		<a id="11" s="F" t="F" l="F"/>
		<a id="12" s="F" t="F" l="F"/>
	</atoms>
	<bonds>
		<b id="1" c="12 9" t="1"/>
		<b id="2" c="11 9" t="1"/>
		<b id="3" c="1 2" t="1"/>
		<b id="4" c="2 3" t="1"/>
		<b id="5" c="2 4" t="2"/>
		<b id="6" c="7 5" t="1"/>
		<b id="7" c="9 4" t="1"/>
		<b id="8" c="9 10" t="1"/>
		<b id="9" c="4 5" t="1"/>
		<b id="10" c="5 6" t="1"/>
		<b id="11" c="5 8" t="1"/>
	</bonds>
	<geometry>
		<g u="A" t="cart/3d">#12,3:-1.9585,1.0565,-0.6535;-0.9382,1.2283,-0.3053;-0.6120,2.2645,-0.1809;-0.1094,0.2146,-0.0369;1.3083,0.3586,0.4443;1.5784,1.4173,0.5608;2.0100,-0.1091,-0.2661;1.4457,-0.1499,1.4129;-0.5789,-1.2119,-0.2072;-0.5372,-1.8759,0.9673;-1.8311,-1.3087,-0.6760;0.2229,-1.8842,-1.0595;</g>
	</geometry>
	<conformers/>
	<properties/>
</molecule>
