<?xml version="1.0" ?>
<!--MOLLI PACKAGE EXPERIMENTAL XML FORMAT-->
<molecule name="react_233">
	<atoms>
		<a id="1" s="H" t="H" l="H"/>
		<a id="2" s="C" t="C.2" l="C"/>
		<a id="3" s="H" t="H" l="H"/>
		<a id="4" s="C" t="C.2" l="C"/>
		<a id="5" s="H" t="H" l="H"/>
		<a id="6" s="C" t="C.ar" l="C"/>
		<a id="7" s="C" t="C.ar" l="C"/>
		<a id="8" s="H" t="H" l="H"/>
		<a id="9" s="C" t="C.ar" l="C"/>
		<a id="10" s="H" t="H" l="H"/>
		<a id="11" s="C" t="C.ar" l="C"/>
		<a id="12" s="H" t="H" l="H"/>
		<a id="13" s="C" t="C.ar" l="C"/>
		<a id="14" s="C" t="C.ar" l="C"/>
		<a id="15" s="H" t="H" l="H"/>
		<a id="16" s="C" t="C.ar" l="C"/>
		<a id="17" s="C" t="C.3" l="C"/>
		<a id="18" s="H" t="H" l="H"/>
		<a id="19" s="H" t="H" l="H"/>
		<a id="20" s="H" t="H" l="H"/>
		<a id="21" s="C" t="C.ar" l="C"/>
		<a id="22" s="C" t="C.3" l="C"/>
		<a id="23" s="H" t="H" l="H"/>
		<a id="24" s="H" t="H" l="H"/>
		<a id="25" s="C" t="C.3" l="C"/>
		<a id="26" s="H" t="H" l="H"/>
		<a id="27" s="H" t="H" l="H"/>
		<a id="28" s="H" t="H" l="H"/>
		<a id="29" s="N" t="N.ar" l="N"/>
		<a id="30" s="C" t="C.ar" l="C"/>
	</atoms>
	<bonds>
		<b id="1" c="20 17" t="1"/>
		<b id="2" c="24 22" t="1"/>
		<b id="3" c="19 17" t="1"/>
		<b id="4" c="17 16" t="1"/>
		<b id="5" c="17 18" t="1"/>
		<b id="6" c="15 14" t="1"/>
		<b id="7" c="27 25" t="1"/>
		<b id="8" c="16 14" t="ar"/>
		<b id="9" c="16 21" t="ar"/>
		<b id="10" c="14 13" t="ar"/>
		<b id="11" c="12 11" t="1"/>
		<b id="12" c="22 21" t="1"/>
		<b id="13" c="22 25" t="1"/>
		<b id="14" c="22 23" t="1"/>
		<b id="15" c="21 29" t="ar"/>
		<b id="16" c="13 11" t="ar"/>
		<b id="17" c="13 30" t="ar"/>
		<b id="18" c="11 9" t="ar"/>
		<b id="19" c="26 25" t="1"/>
		<b id="20" c="29 30" t="ar"/>
		<b id="21" c="25 28" t="1"/>
		<b id="22" c="30 6" t="ar"/>
		<b id="23" c="9 10" t="1"/>
		<b id="24" c="9 7" t="ar"/>
		<b id="25" c="6 7" t="ar"/>
		<b id="26" c="6 4" t="1"/>
		<b id="27" c="7 8" t="1"/>
		<b id="28" c="5 4" t="1"/>
		<b id="29" c="4 2" t="2"/>
		<b id="30" c="2 1" t="1"/>
		<b id="31" c="2 3" t="1"/>
	</bonds>
	<geometry>
		<g u="A" t="cart/3d">#30,3:3.3079,3.4062,1.4607;3.3274,2.3310,1.2635;4.2699,1.8163,1.4749;2.2377,1.7030,0.7941;1.3248,2.2788,0.6250;2.1068,0.2709,0.4759;3.1798,-0.6156,0.5131;4.1720,-0.2436,0.7794;3.0320,-1.9859,0.2102;3.9058,-2.6415,0.2533;1.7977,-2.4968,-0.1415;1.6760,-3.5578,-0.3779;0.6700,-1.6387,-0.2018;-0.6288,-2.0924,-0.5582;-0.7691,-3.1520,-0.7968;-1.7000,-1.2273,-0.6070;-3.0802,-1.6992,-0.9853;-3.8099,-1.5146,-0.1785;-3.0843,-2.7775,-1.2031;-3.4606,-1.1729,-1.8772;-1.4466,0.1550,-0.2821;-2.5892,1.1529,-0.3217;-3.3953,0.7847,0.3402;-3.0328,1.1331,-1.3352;-2.2165,2.5829,0.0567;-3.1023,3.2363,0.0094;-1.4497,2.9875,-0.6209;-1.8033,2.6297,1.0755;-0.2531,0.5945,0.0514;0.8137,-0.2473,0.1041;</g>
	</geometry>
	<conformers/>
	<properties/>
</molecule>
