<?xml version="1.0" ?>
<!--MOLLI PACKAGE EXPERIMENTAL XML FORMAT-->
<molecule name="react_234">
	<atoms>
		<a id="1" s="H" t="H" l="H"/>
		<a id="2" s="C" t="C.2" l="C"/>
		<a id="3" s="H" t="H" l="H"/>
		<a id="4" s="C" t="C.2" l="C"/>
		<a id="5" s="H" t="H" l="H"/>
		<a id="6" s="C" t="C.3" l="C"/>
		<a id="7" s="H" t="H" l="H"/>
		<a id="8" s="H" t="H" l="H"/>
		<a id="9" s="C" t="C.ar" l="C"/>
		<a id="10" s="C" t="C.ar" l="C"/>
		<a id="11" s="H" t="H" l="H"/>
		<a id="12" s="C" t="C.ar" l="C"/>
		<a id="13" s="H" t="H" l="H"/>
		<a id="14" s="C" t="C.ar" l="C"/>
		<a id="15" s="H" t="H" l="H"/>
		<a id="16" s="C" t="C.ar" l="C"/>
		<a id="17" s="H" t="H" l="H"/>
		<a id="18" s="C" t="C.ar" l="C"/>
		<a id="19" s="C" t="C.2" l="C"/>
		<a id="20" s="O" t="O.2" l="O"/>
		<a id="21" s="N" t="N.am" l="N"/>
		<a id="22" s="C" t="C.3" l="C"/>
		<a id="23" s="H" t="H" l="H"/>
		<a id="24" s="H" t="H" l="H"/>
		<a id="25" s="C" t="C.3" l="C"/>
		<a id="26" s="H" t="H" l="H"/>
		<a id="27" s="H" t="H" l="H"/>
		<a id="28" s="H" t="H" l="H"/>
		<a id="29" s="C" t="C.3" l="C"/>
		<a id="30" s="H" t="H" l="H"/>
		<a id="31" s="H" t="H" l="H"/>
		<a id="32" s="C" t="C.3" l="C"/>
		<a id="33" s="H" t="H" l="H"/>
		<a id="34" s="H" t="H" l="H"/>
		<a id="35" s="H" t="H" l="H"/>
	</atoms>
	<bonds>
		<b id="1" c="26 25" t="1"/>
		<b id="2" c="28 25" t="1"/>
		<b id="3" c="25 27" t="1"/>
		<b id="4" c="25 22" t="1"/>
		<b id="5" c="3 2" t="1"/>
		<b id="6" c="5 4" t="1"/>
		<b id="7" c="20 19" t="2"/>
		<b id="8" c="23 22" t="1"/>
		<b id="9" c="2 4" t="2"/>
		<b id="10" c="2 1" t="1"/>
		<b id="11" c="4 6" t="1"/>
		<b id="12" c="19 18" t="1"/>
		<b id="13" c="19 21" t="am"/>
		<b id="14" c="17 16" t="1"/>
		<b id="15" c="22 21" t="1"/>
		<b id="16" c="22 24" t="1"/>
		<b id="17" c="16 18" t="ar"/>
		<b id="18" c="16 14" t="ar"/>
		<b id="19" c="18 9" t="ar"/>
		<b id="20" c="21 29" t="1"/>
		<b id="21" c="15 14" t="1"/>
		<b id="22" c="14 12" t="ar"/>
		<b id="23" c="9 6" t="1"/>
		<b id="24" c="9 10" t="ar"/>
		<b id="25" c="6 7" t="1"/>
		<b id="26" c="6 8" t="1"/>
		<b id="27" c="34 32" t="1"/>
		<b id="28" c="12 10" t="ar"/>
		<b id="29" c="12 13" t="1"/>
		<b id="30" c="10 11" t="1"/>
		<b id="31" c="33 32" t="1"/>
		<b id="32" c="32 29" t="1"/>
		<b id="33" c="32 35" t="1"/>
		<b id="34" c="29 30" t="1"/>
		<b id="35" c="29 31" t="1"/>
	</bonds>
	<geometry>
		<g u="A" t="cart/3d">#35,3:4.9513,-2.0275,0.2286;4.3376,-1.9911,-0.6790;4.8140,-2.3128,-1.6099;3.0666,-1.5802,-0.6541;2.4708,-1.5528,-1.5731;2.3311,-1.1251,0.5850;1.4688,-1.7932,0.7474;2.9891,-1.2280,1.4636;1.8530,0.3162,0.4855;2.7246,1.3541,0.8513;3.7209,1.0988,1.2241;2.3530,2.6955,0.7424;3.0553,3.4816,1.0325;1.0849,3.0273,0.2571;0.7862,4.0741,0.1559;0.1997,2.0096,-0.1010;-0.7904,2.2635,-0.4888;0.5677,0.6582,0.0117;-0.3713,-0.4158,-0.4918;-0.0416,-1.1230,-1.4385;-1.5991,-0.5531,0.1101;-2.4997,-1.5676,-0.4539;-1.8998,-2.4585,-0.6975;-3.2133,-1.8501,0.3363;-3.2441,-1.1072,-1.7079;-2.5284,-0.8692,-2.5086;-3.8608,-0.2157,-1.5109;-3.9073,-1.9088,-2.0723;-1.9716,0.0549,1.3873;-1.0936,0.5754,1.7911;-2.2074,-0.7571,2.1011;-3.1567,1.0187,1.3112;-4.0678,0.5203,0.9435;-2.9416,1.8668,0.6422;-3.3802,1.4216,2.3125;</g>
	</geometry>
	<conformers/>
	<properties/>
</molecule>
