<?xml version="1.0" ?>
<!--MOLLI PACKAGE EXPERIMENTAL XML FORMAT-->
<molecule name="react_235">
	<atoms>
		<a id="1" s="H" t="H" l="H"/>
		<a id="2" s="C" t="C.2" l="C"/>
		<a id="3" s="H" t="H" l="H"/>
		<a id="4" s="C" t="C.2" l="C"/>
		<a id="5" s="H" t="H" l="H"/>
		<a id="6" s="C" t="C.3" l="C"/>
		<a id="7" s="H" t="H" l="H"/>
		<a id="8" s="H" t="H" l="H"/>
		<a id="9" s="O" t="O.3" l="O"/>
		<a id="10" s="C" t="C.ar" l="C"/>
		<a id="11" s="C" t="C.ar" l="C"/>
		<a id="12" s="H" t="H" l="H"/>
		<a id="13" s="C" t="C.ar" l="C"/>
		<a id="14" s="H" t="H" l="H"/>
		<a id="15" s="C" t="C.ar" l="C"/>
		<a id="16" s="H" t="H" l="H"/>
		<a id="17" s="C" t="C.ar" l="C"/>
		<a id="18" s="H" t="H" l="H"/>
		<a id="19" s="C" t="C.ar" l="C"/>
		<a id="20" s="C" t="C.3" l="C"/>
		<a id="21" s="H" t="H" l="H"/>
		<a id="22" s="C" t="C.3" l="C"/>
		<a id="23" s="H" t="H" l="H"/>
		<a id="24" s="H" t="H" l="H"/>
		<a id="25" s="C" t="C.3" l="C"/>
		<a id="26" s="H" t="H" l="H"/>
		<a id="27" s="H" t="H" l="H"/>
		<a id="28" s="C" t="C.3" l="C"/>
		<a id="29" s="H" t="H" l="H"/>
		<a id="30" s="H" t="H" l="H"/>
		<a id="31" s="C" t="C.3" l="C"/>
		<a id="32" s="H" t="H" l="H"/>
		<a id="33" s="H" t="H" l="H"/>
	</atoms>
	<bonds>
		<b id="1" c="23 22" t="1"/>
		<b id="2" c="7 6" t="1"/>
		<b id="3" c="14 13" t="1"/>
		<b id="4" c="21 20" t="1"/>
		<b id="5" c="16 15" t="1"/>
		<b id="6" c="13 15" t="ar"/>
		<b id="7" c="13 11" t="ar"/>
		<b id="8" c="15 17" t="ar"/>
		<b id="9" c="12 11" t="1"/>
		<b id="10" c="26 25" t="1"/>
		<b id="11" c="11 10" t="ar"/>
		<b id="12" c="17 18" t="1"/>
		<b id="13" c="17 19" t="ar"/>
		<b id="14" c="22 20" t="1"/>
		<b id="15" c="22 24" t="1"/>
		<b id="16" c="22 25" t="1"/>
		<b id="17" c="10 19" t="ar"/>
		<b id="18" c="10 9" t="1"/>
		<b id="19" c="6 9" t="1"/>
		<b id="20" c="6 4" t="1"/>
		<b id="21" c="6 8" t="1"/>
		<b id="22" c="19 20" t="1"/>
		<b id="23" c="5 4" t="1"/>
		<b id="24" c="4 2" t="2"/>
		<b id="25" c="20 31" t="1"/>
		<b id="26" c="2 1" t="1"/>
		<b id="27" c="2 3" t="1"/>
		<b id="28" c="25 27" t="1"/>
		<b id="29" c="25 28" t="1"/>
		<b id="30" c="31 28" t="1"/>
		<b id="31" c="31 33" t="1"/>
		<b id="32" c="31 32" t="1"/>
		<b id="33" c="28 29" t="1"/>
		<b id="34" c="28 30" t="1"/>
	</bonds>
	<geometry>
		<g u="A" t="cart/3d">#33,3:1.9178,2.3679,-0.0352;3.0088,2.3218,-0.0693;3.5605,3.2620,0.0150;3.6504,1.1604,-0.2099;4.7469,1.1386,-0.2435;3.0141,-0.1927,-0.3357;3.3226,-0.6557,-1.2959;3.4007,-0.8555,0.4660;1.6105,-0.0952,-0.2626;0.8438,-1.2186,-0.3804;1.3781,-2.5026,-0.5562;2.4563,-2.6556,-0.6023;0.5247,-3.6064,-0.6743;0.9534,-4.6029,-0.8109;-0.8556,-3.4314,-0.6216;-1.5281,-4.2874,-0.7187;-1.3804,-2.1441,-0.4464;-2.4643,-2.0165,-0.4129;-0.5593,-1.0184,-0.3181;-1.1011,0.3806,-0.1057;-0.5089,1.0580,-0.7469;-2.5855,0.6327,-0.4191;-2.8262,0.5428,-1.4909;-3.2180,-0.0935,0.1214;-2.8254,2.0422,0.1458;-2.4838,2.7933,-0.5863;-3.8901,2.2492,0.3376;-1.9539,2.1143,1.4304;-1.4118,3.0718,1.4869;-2.5742,2.0565,2.3391;-0.9810,0.9080,1.3498;-1.2972,0.1103,2.0429;0.0559,1.1665,1.6086;</g>
	</geometry>
	<conformers/>
	<properties/>
</molecule>
