<?xml version="1.0" ?>
<!--MOLLI PACKAGE EXPERIMENTAL XML FORMAT-->
<molecule name="react_236">
	<atoms>
		<a id="1" s="H" t="H" l="H"/>
		<a id="2" s="C" t="C.2" l="C"/>
		<a id="3" s="H" t="H" l="H"/>
		<a id="4" s="C" t="C.2" l="C"/>
		<a id="5" s="H" t="H" l="H"/>
		<a id="6" s="C" t="C.ar" l="C"/>
		<a id="7" s="C" t="C.ar" l="C"/>
		<a id="8" s="H" t="H" l="H"/>
		<a id="9" s="C" t="C.ar" l="C"/>
		<a id="10" s="H" t="H" l="H"/>
		<a id="11" s="C" t="C.ar" l="C"/>
		<a id="12" s="H" t="H" l="H"/>
		<a id="13" s="C" t="C.ar" l="C"/>
		<a id="14" s="C" t="C.ar" l="C"/>
		<a id="15" s="H" t="H" l="H"/>
		<a id="16" s="C" t="C.ar" l="C"/>
		<a id="17" s="C" t="C.ar" l="C"/>
		<a id="18" s="H" t="H" l="H"/>
		<a id="19" s="C" t="C.ar" l="C"/>
		<a id="20" s="H" t="H" l="H"/>
		<a id="21" s="C" t="C.ar" l="C"/>
		<a id="22" s="H" t="H" l="H"/>
		<a id="23" s="C" t="C.ar" l="C"/>
		<a id="24" s="H" t="H" l="H"/>
		<a id="25" s="C" t="C.ar" l="C"/>
		<a id="26" s="N" t="N.ar" l="N"/>
		<a id="27" s="C" t="C.ar" l="C"/>
	</atoms>
	<bonds>
		<b id="1" c="10 9" t="1"/>
		<b id="2" c="12 11" t="1"/>
		<b id="3" c="9 11" t="ar"/>
		<b id="4" c="9 7" t="ar"/>
		<b id="5" c="8 7" t="1"/>
		<b id="6" c="11 13" t="ar"/>
		<b id="7" c="7 6" t="ar"/>
		<b id="8" c="15 14" t="1"/>
		<b id="9" c="13 14" t="ar"/>
		<b id="10" c="13 27" t="ar"/>
		<b id="11" c="6 27" t="ar"/>
		<b id="12" c="6 4" t="1"/>
		<b id="13" c="5 4" t="1"/>
		<b id="14" c="14 16" t="ar"/>
		<b id="15" c="27 26" t="ar"/>
		<b id="16" c="4 2" t="2"/>
		<b id="17" c="18 17" t="1"/>
		<b id="18" c="16 17" t="ar"/>
		<b id="19" c="16 25" t="ar"/>
		<b id="20" c="26 25" t="ar"/>
		<b id="21" c="2 3" t="1"/>
		<b id="22" c="2 1" t="1"/>
		<b id="23" c="17 19" t="ar"/>
		<b id="24" c="25 23" t="ar"/>
		<b id="25" c="19 20" t="1"/>
		<b id="26" c="19 21" t="ar"/>
		<b id="27" c="23 21" t="ar"/>
		<b id="28" c="23 24" t="1"/>
		<b id="29" c="21 22" t="1"/>
	</bonds>
	<geometry>
		<g u="A" t="cart/3d">#27,3:-1.3007,-2.8299,0.1155;-2.3806,-2.7015,0.0674;-3.0191,-3.5897,0.0955;-2.9438,-1.4846,-0.0254;-4.0395,-1.4410,-0.0693;-2.3248,-0.1506,-0.0812;-3.1794,0.9385,-0.1798;-4.2567,0.7515,-0.2101;-2.7247,2.2827,-0.2434;-3.4557,3.0917,-0.3209;-1.3822,2.5591,-0.2085;-1.0143,3.5878,-0.2566;-0.4368,1.4922,-0.1076;0.9427,1.7298,-0.0691;1.3136,2.7587,-0.1175;1.8485,0.6675,0.0308;3.2681,0.8395,0.0752;3.6771,1.8529,0.0281;4.0986,-0.2493,0.1752;5.1826,-0.1129,0.2092;3.5550,-1.5686,0.2359;4.2334,-2.4223,0.3158;2.1975,-1.7732,0.1953;1.7664,-2.7754,0.2406;1.2939,-0.6658,0.0914;-0.0262,-0.9006,0.0545;-0.8924,0.1134,-0.0413;</g>
	</geometry>
	<conformers/>
	<properties/>
</molecule>
