<?xml version="1.0" ?>
<!--MOLLI PACKAGE EXPERIMENTAL XML FORMAT-->
<molecule name="react_237">
	<atoms>
		<a id="1" s="H" t="H" l="H"/>
		<a id="2" s="C" t="C.2" l="C"/>
		<a id="3" s="H" t="H" l="H"/>
		<a id="4" s="C" t="C.2" l="C"/>
		<a id="5" s="H" t="H" l="H"/>
		<a id="6" s="C" t="C.ar" l="C"/>
		<a id="7" s="C" t="C.ar" l="C"/>
		<a id="8" s="H" t="H" l="H"/>
		<a id="9" s="C" t="C.ar" l="C"/>
		<a id="10" s="H" t="H" l="H"/>
		<a id="11" s="C" t="C.ar" l="C"/>
		<a id="12" s="H" t="H" l="H"/>
		<a id="13" s="C" t="C.ar" l="C"/>
		<a id="14" s="C" t="C.ar" l="C"/>
		<a id="15" s="C" t="C.ar" l="C"/>
		<a id="16" s="H" t="H" l="H"/>
		<a id="17" s="C" t="C.ar" l="C"/>
		<a id="18" s="H" t="H" l="H"/>
		<a id="19" s="C" t="C.ar" l="C"/>
		<a id="20" s="H" t="H" l="H"/>
		<a id="21" s="C" t="C.ar" l="C"/>
		<a id="22" s="H" t="H" l="H"/>
		<a id="23" s="C" t="C.ar" l="C"/>
		<a id="24" s="N" t="N.ar" l="N"/>
		<a id="25" s="C" t="C.3" l="C"/>
		<a id="26" s="H" t="H" l="H"/>
		<a id="27" s="H" t="H" l="H"/>
		<a id="28" s="H" t="H" l="H"/>
		<a id="29" s="C" t="C.ar" l="C"/>
	</atoms>
	<bonds>
		<b id="1" c="28 25" t="1"/>
		<b id="2" c="27 25" t="1"/>
		<b id="3" c="22 21" t="1"/>
		<b id="4" c="25 24" t="1"/>
		<b id="5" c="25 26" t="1"/>
		<b id="6" c="3 2" t="1"/>
		<b id="7" c="20 19" t="1"/>
		<b id="8" c="21 19" t="ar"/>
		<b id="9" c="21 23" t="ar"/>
		<b id="10" c="1 2" t="1"/>
		<b id="11" c="2 4" t="2"/>
		<b id="12" c="19 17" t="ar"/>
		<b id="13" c="24 23" t="ar"/>
		<b id="14" c="24 29" t="ar"/>
		<b id="15" c="23 14" t="ar"/>
		<b id="16" c="17 18" t="1"/>
		<b id="17" c="17 15" t="ar"/>
		<b id="18" c="4 6" t="1"/>
		<b id="19" c="4 5" t="1"/>
		<b id="20" c="29 6" t="ar"/>
		<b id="21" c="29 13" t="ar"/>
		<b id="22" c="14 15" t="ar"/>
		<b id="23" c="14 13" t="ar"/>
		<b id="24" c="6 7" t="ar"/>
		<b id="25" c="15 16" t="1"/>
		<b id="26" c="13 11" t="ar"/>
		<b id="27" c="7 8" t="1"/>
		<b id="28" c="7 9" t="ar"/>
		<b id="29" c="11 9" t="ar"/>
		<b id="30" c="11 12" t="1"/>
		<b id="31" c="9 10" t="1"/>
	</bonds>
	<geometry>
		<g u="A" t="cart/3d">#29,3:-4.7555,-1.9063,-0.4411;-4.1384,-1.0044,-0.4017;-4.5787,-0.0835,-0.7960;-2.8948,-1.0385,0.1019;-2.5130,-2.0031,0.4527;-2.0011,0.1268,0.2791;-2.5402,1.3675,0.6682;-3.6203,1.4304,0.8194;-1.7498,2.4977,0.9218;-2.2281,3.4293,1.2343;-0.3629,2.4257,0.8093;0.2621,3.2960,1.0255;0.2206,1.2145,0.4181;1.5970,0.8200,0.2000;2.8279,1.4807,0.3211;2.8666,2.5236,0.6470;4.0022,0.7896,0.0223;4.9684,1.2918,0.1148;3.9545,-0.5540,-0.3949;4.8859,-1.0807,-0.6199;2.7418,-1.2341,-0.5217;2.7259,-2.2805,-0.8332;1.5630,-0.5347,-0.2251;0.2417,-0.9673,-0.2793;-0.1473,-2.2617,-0.7990;-0.2402,-3.0275,-0.0081;-1.1051,-2.1869,-1.3298;0.6087,-2.6048,-1.5201;-0.5908,0.0748,0.1345;</g>
	</geometry>
	<conformers/>
	<properties/>
</molecule>
