<?xml version="1.0" ?>
<!--MOLLI PACKAGE EXPERIMENTAL XML FORMAT-->
<molecule name="react_239">
	<atoms>
		<a id="1" s="H" t="H" l="H"/>
		<a id="2" s="C" t="C.2" l="C"/>
		<a id="3" s="H" t="H" l="H"/>
		<a id="4" s="C" t="C.2" l="C"/>
		<a id="5" s="H" t="H" l="H"/>
		<a id="6" s="C" t="C.3" l="C"/>
		<a id="7" s="H" t="H" l="H"/>
		<a id="8" s="H" t="H" l="H"/>
		<a id="9" s="C" t="C.ar" l="C"/>
		<a id="10" s="C" t="C.ar" l="C"/>
		<a id="11" s="H" t="H" l="H"/>
		<a id="12" s="C" t="C.ar" l="C"/>
		<a id="13" s="H" t="H" l="H"/>
		<a id="14" s="C" t="C.ar" l="C"/>
		<a id="15" s="H" t="H" l="H"/>
		<a id="16" s="C" t="C.ar" l="C"/>
		<a id="17" s="O" t="O.3" l="O"/>
		<a id="18" s="C" t="C.3" l="C"/>
		<a id="19" s="H" t="H" l="H"/>
		<a id="20" s="H" t="H" l="H"/>
		<a id="21" s="H" t="H" l="H"/>
		<a id="22" s="C" t="C.ar" l="C"/>
		<a id="23" s="C" t="C.2" l="C"/>
		<a id="24" s="O" t="O.2" l="O"/>
		<a id="25" s="N" t="N.am" l="N"/>
		<a id="26" s="C" t="C.3" l="C"/>
		<a id="27" s="H" t="H" l="H"/>
		<a id="28" s="H" t="H" l="H"/>
		<a id="29" s="C" t="C.3" l="C"/>
		<a id="30" s="H" t="H" l="H"/>
		<a id="31" s="H" t="H" l="H"/>
		<a id="32" s="H" t="H" l="H"/>
		<a id="33" s="C" t="C.3" l="C"/>
		<a id="34" s="H" t="H" l="H"/>
		<a id="35" s="H" t="H" l="H"/>
		<a id="36" s="C" t="C.3" l="C"/>
		<a id="37" s="H" t="H" l="H"/>
		<a id="38" s="H" t="H" l="H"/>
		<a id="39" s="H" t="H" l="H"/>
	</atoms>
	<bonds>
		<b id="1" c="32 29" t="1"/>
		<b id="2" c="13 12" t="1"/>
		<b id="3" c="3 2" t="1"/>
		<b id="4" c="30 29" t="1"/>
		<b id="5" c="12 14" t="ar"/>
		<b id="6" c="12 10" t="ar"/>
		<b id="7" c="15 14" t="1"/>
		<b id="8" c="29 31" t="1"/>
		<b id="9" c="29 26" t="1"/>
		<b id="10" c="20 18" t="1"/>
		<b id="11" c="11 10" t="1"/>
		<b id="12" c="28 26" t="1"/>
		<b id="13" c="1 2" t="1"/>
		<b id="14" c="14 16" t="ar"/>
		<b id="15" c="2 4" t="2"/>
		<b id="16" c="10 9" t="ar"/>
		<b id="17" c="26 27" t="1"/>
		<b id="18" c="26 25" t="1"/>
		<b id="19" c="4 5" t="1"/>
		<b id="20" c="4 6" t="1"/>
		<b id="21" c="16 17" t="1"/>
		<b id="22" c="16 22" t="ar"/>
		<b id="23" c="18 17" t="1"/>
		<b id="24" c="18 19" t="1"/>
		<b id="25" c="18 21" t="1"/>
		<b id="26" c="9 22" t="ar"/>
		<b id="27" c="9 6" t="1"/>
		<b id="28" c="22 23" t="1"/>
		<b id="29" c="8 6" t="1"/>
		<b id="30" c="6 7" t="1"/>
		<b id="31" c="25 23" t="am"/>
		<b id="32" c="25 33" t="1"/>
		<b id="33" c="23 24" t="2"/>
		<b id="34" c="34 33" t="1"/>
		<b id="35" c="33 35" t="1"/>
		<b id="36" c="33 36" t="1"/>
		<b id="37" c="37 36" t="1"/>
		<b id="38" c="36 39" t="1"/>
		<b id="39" c="36 38" t="1"/>
	</bonds>
	<geometry>
		<g u="A" t="cart/3d">#39,3:4.3307,-2.5132,-1.1550;3.2765,-2.7910,-1.0436;2.9559,-3.7181,-1.5280;2.4236,-2.0375,-0.3434;1.3790,-2.3607,-0.2571;2.7730,-0.7527,0.3670;2.5182,-0.8478,1.4349;3.8595,-0.5867,0.3000;2.0574,0.4750,-0.1830;2.7530,1.3446,-1.0402;3.7839,1.1088,-1.3167;2.1538,2.5069,-1.5188;2.7117,3.1796,-2.1760;0.8451,2.8345,-1.1532;0.3949,3.7576,-1.5183;0.1335,1.9687,-0.3128;-1.1429,2.2011,0.1044;-1.7813,3.4097,-0.2429;-1.2232,4.2882,0.1276;-1.9140,3.5081,-1.3359;-2.7704,3.3883,0.2348;0.7218,0.7703,0.1539;-0.0272,-0.0820,1.1628;0.3719,-0.1319,2.3211;-1.1262,-0.7943,0.7525;-1.6960,-0.7723,-0.5925;-2.7579,-0.4750,-0.5176;-1.1989,0.0142,-1.1707;-1.5811,-2.0995,-1.3472;-0.5275,-2.3673,-1.5216;-2.0605,-2.9313,-0.8067;-2.0751,-2.0158,-2.3291;-1.8791,-1.5032,1.7927;-2.4290,-2.3270,1.3117;-1.1556,-1.9486,2.4901;-2.8411,-0.5959,2.5630;-3.5738,-0.1171,1.8925;-3.4004,-1.1793,3.3130;-2.2822,0.1925,3.0885;</g>
	</geometry>
	<conformers/>
	<properties/>
</molecule>
