<?xml version="1.0" ?>
<!--MOLLI PACKAGE EXPERIMENTAL XML FORMAT-->
<molecule name="react_240">
	<atoms>
		<a id="1" s="H" t="H" l="H"/>
		<a id="2" s="C" t="C.2" l="C"/>
		<a id="3" s="H" t="H" l="H"/>
		<a id="4" s="C" t="C.2" l="C"/>
		<a id="5" s="H" t="H" l="H"/>
		<a id="6" s="C" t="C.ar" l="C"/>
		<a id="7" s="C" t="C.ar" l="C"/>
		<a id="8" s="H" t="H" l="H"/>
		<a id="9" s="C" t="C.ar" l="C"/>
		<a id="10" s="H" t="H" l="H"/>
		<a id="11" s="C" t="C.ar" l="C"/>
		<a id="12" s="H" t="H" l="H"/>
		<a id="13" s="C" t="C.ar" l="C"/>
		<a id="14" s="H" t="H" l="H"/>
		<a id="15" s="C" t="C.ar" l="C"/>
		<a id="16" s="C" t="C.3" l="C"/>
		<a id="17" s="H" t="H" l="H"/>
		<a id="18" s="H" t="H" l="H"/>
		<a id="19" s="O" t="O.3" l="O"/>
		<a id="20" s="Si" t="Si" l="SI"/>
		<a id="21" s="C" t="C.3" l="C"/>
		<a id="22" s="H" t="H" l="H"/>
		<a id="23" s="H" t="H" l="H"/>
		<a id="24" s="H" t="H" l="H"/>
		<a id="25" s="C" t="C.3" l="C"/>
		<a id="26" s="H" t="H" l="H"/>
		<a id="27" s="H" t="H" l="H"/>
		<a id="28" s="H" t="H" l="H"/>
		<a id="29" s="C" t="C.3" l="C"/>
		<a id="30" s="C" t="C.3" l="C"/>
		<a id="31" s="H" t="H" l="H"/>
		<a id="32" s="H" t="H" l="H"/>
		<a id="33" s="H" t="H" l="H"/>
		<a id="34" s="C" t="C.3" l="C"/>
		<a id="35" s="H" t="H" l="H"/>
		<a id="36" s="H" t="H" l="H"/>
		<a id="37" s="H" t="H" l="H"/>
		<a id="38" s="C" t="C.3" l="C"/>
		<a id="39" s="H" t="H" l="H"/>
		<a id="40" s="H" t="H" l="H"/>
		<a id="41" s="H" t="H" l="H"/>
	</atoms>
	<bonds>
		<b id="1" c="26 25" t="1"/>
		<b id="2" c="27 25" t="1"/>
		<b id="3" c="28 25" t="1"/>
		<b id="4" c="1 2" t="1"/>
		<b id="5" c="25 20" t="1"/>
		<b id="6" c="5 4" t="1"/>
		<b id="7" c="17 16" t="1"/>
		<b id="8" c="2 4" t="2"/>
		<b id="9" c="2 3" t="1"/>
		<b id="10" c="4 6" t="1"/>
		<b id="11" c="37 34" t="1"/>
		<b id="12" c="32 30" t="1"/>
		<b id="13" c="16 18" t="1"/>
		<b id="14" c="16 19" t="1"/>
		<b id="15" c="16 15" t="1"/>
		<b id="16" c="6 15" t="ar"/>
		<b id="17" c="6 7" t="ar"/>
		<b id="18" c="20 19" t="1"/>
		<b id="19" c="20 21" t="1"/>
		<b id="20" c="20 29" t="1"/>
		<b id="21" c="8 7" t="1"/>
		<b id="22" c="24 21" t="1"/>
		<b id="23" c="34 35" t="1"/>
		<b id="24" c="34 36" t="1"/>
		<b id="25" c="34 29" t="1"/>
		<b id="26" c="15 13" t="ar"/>
		<b id="27" c="7 9" t="ar"/>
		<b id="28" c="22 21" t="1"/>
		<b id="29" c="30 29" t="1"/>
		<b id="30" c="30 33" t="1"/>
		<b id="31" c="30 31" t="1"/>
		<b id="32" c="21 23" t="1"/>
		<b id="33" c="29 38" t="1"/>
		<b id="34" c="13 14" t="1"/>
		<b id="35" c="13 11" t="ar"/>
		<b id="36" c="9 11" t="ar"/>
		<b id="37" c="9 10" t="1"/>
		<b id="38" c="11 12" t="1"/>
		<b id="39" c="38 40" t="1"/>
		<b id="40" c="38 41" t="1"/>
		<b id="41" c="38 39" t="1"/>
	</bonds>
	<geometry>
		<g u="A" t="cart/3d">#41,3:5.2185,-2.0390,-2.2720;5.0449,-1.3083,-1.4773;5.8646,-1.1445,-0.7712;3.8725,-0.6630,-1.3769;3.0948,-0.9168,-2.1062;3.5185,0.3647,-0.3752;4.5127,1.1785,0.2003;5.5483,1.0629,-0.1288;4.1985,2.1452,1.1554;4.9895,2.7674,1.5827;2.8692,2.3216,1.5479;2.6099,3.0800,2.2918;1.8663,1.5299,0.9815;0.8250,1.6555,1.2795;2.1705,0.5551,0.0251;1.0668,-0.3108,-0.5571;1.0614,-0.1948,-1.6608;1.3127,-1.3750,-0.3639;-0.1939,0.0165,-0.0288;-1.6371,-0.8124,-0.3323;-1.5132,-2.5570,0.3814;-2.4504,-3.1188,0.2327;-1.2948,-2.5396,1.4613;-0.7094,-3.1288,-0.1123;-1.9104,-0.9238,-2.1990;-1.1291,-1.5394,-2.6760;-1.8903,0.0702,-2.6747;-2.8806,-1.3919,-2.4348;-2.9821,0.2360,0.5371;-4.3659,-0.4197,0.3431;-5.1486,0.1805,0.8423;-4.6463,-0.4956,-0.7209;-4.4112,-1.4335,0.7752;-2.9977,1.6553,-0.0688;-2.0177,2.1491,0.0272;-3.7449,2.2862,0.4467;-3.2637,1.6451,-1.1390;-2.6694,0.3313,2.0453;-3.4240,0.9579,2.5555;-1.6811,0.7814,2.2300;-2.6828,-0.6572,2.5338;</g>
	</geometry>
	<conformers/>
	<properties/>
</molecule>
