<?xml version="1.0" ?>
<!--MOLLI PACKAGE EXPERIMENTAL XML FORMAT-->
<molecule name="react_241">
	<atoms>
		<a id="1" s="H" t="H" l="H"/>
		<a id="2" s="C" t="C.2" l="C"/>
		<a id="3" s="H" t="H" l="H"/>
		<a id="4" s="C" t="C.2" l="C"/>
		<a id="5" s="H" t="H" l="H"/>
		<a id="6" s="C" t="C.ar" l="C"/>
		<a id="7" s="C" t="C.ar" l="C"/>
		<a id="8" s="H" t="H" l="H"/>
		<a id="9" s="C" t="C.ar" l="C"/>
		<a id="10" s="H" t="H" l="H"/>
		<a id="11" s="C" t="C.ar" l="C"/>
		<a id="12" s="O" t="O.3" l="O"/>
		<a id="13" s="C" t="C.3" l="C"/>
		<a id="14" s="H" t="H" l="H"/>
		<a id="15" s="H" t="H" l="H"/>
		<a id="16" s="C" t="C.ar" l="C"/>
		<a id="17" s="C" t="C.ar" l="C"/>
		<a id="18" s="H" t="H" l="H"/>
		<a id="19" s="C" t="C.ar" l="C"/>
		<a id="20" s="H" t="H" l="H"/>
		<a id="21" s="C" t="C.ar" l="C"/>
		<a id="22" s="H" t="H" l="H"/>
		<a id="23" s="C" t="C.ar" l="C"/>
		<a id="24" s="H" t="H" l="H"/>
		<a id="25" s="C" t="C.ar" l="C"/>
		<a id="26" s="H" t="H" l="H"/>
		<a id="27" s="C" t="C.ar" l="C"/>
		<a id="28" s="H" t="H" l="H"/>
		<a id="29" s="C" t="C.ar" l="C"/>
		<a id="30" s="H" t="H" l="H"/>
	</atoms>
	<bonds>
		<b id="1" c="10 9" t="1"/>
		<b id="2" c="24 23" t="1"/>
		<b id="3" c="8 7" t="1"/>
		<b id="4" c="1 2" t="1"/>
		<b id="5" c="26 25" t="1"/>
		<b id="6" c="9 7" t="ar"/>
		<b id="7" c="9 11" t="ar"/>
		<b id="8" c="23 25" t="ar"/>
		<b id="9" c="23 21" t="ar"/>
		<b id="10" c="7 6" t="ar"/>
		<b id="11" c="22 21" t="1"/>
		<b id="12" c="25 16" t="ar"/>
		<b id="13" c="21 19" t="ar"/>
		<b id="14" c="2 3" t="1"/>
		<b id="15" c="2 4" t="2"/>
		<b id="16" c="12 11" t="1"/>
		<b id="17" c="12 13" t="1"/>
		<b id="18" c="11 27" t="ar"/>
		<b id="19" c="6 4" t="1"/>
		<b id="20" c="6 29" t="ar"/>
		<b id="21" c="16 13" t="1"/>
		<b id="22" c="16 17" t="ar"/>
		<b id="23" c="4 5" t="1"/>
		<b id="24" c="19 17" t="ar"/>
		<b id="25" c="19 20" t="1"/>
		<b id="26" c="15 13" t="1"/>
		<b id="27" c="13 14" t="1"/>
		<b id="28" c="17 18" t="1"/>
		<b id="29" c="27 29" t="ar"/>
		<b id="30" c="27 28" t="1"/>
		<b id="31" c="29 30" t="1"/>
	</bonds>
	<geometry>
		<g u="A" t="cart/3d">#30,3:-5.7746,1.5394,-1.2899;-6.0503,0.8708,-0.4690;-7.1178,0.7788,-0.2532;-5.1432,0.1902,0.2491;-5.5103,-0.4566,1.0557;-3.6793,0.1962,0.0952;-3.0042,0.9530,-0.8890;-3.5745,1.5745,-1.5835;-1.6218,0.9269,-0.9997;-1.1041,1.5117,-1.7633;-0.8491,0.1365,-0.1261;0.4949,0.1723,-0.3189;1.3393,-0.5898,0.5195;1.1964,-0.2828,1.5755;1.0754,-1.6631,0.4578;2.7859,-0.3963,0.1221;3.7486,-1.3070,0.5848;3.4385,-2.1602,1.1970;5.0985,-1.1380,0.2692;5.8364,-1.8566,0.6362;5.5030,-0.0573,-0.5221;6.5586,0.0738,-0.7750;4.5486,0.8495,-0.9906;4.8562,1.6946,-1.6128;3.1969,0.6836,-0.6698;2.4498,1.3881,-1.0382;-1.4954,-0.6220,0.8603;-0.9313,-1.2452,1.5545;-2.8905,-0.5832,0.9567;-3.3808,-1.1819,1.7302;</g>
	</geometry>
	<conformers/>
	<properties/>
</molecule>
