<?xml version="1.0" ?>
<!--MOLLI PACKAGE EXPERIMENTAL XML FORMAT-->
<molecule name="react_242">
	<atoms>
		<a id="1" s="H" t="H" l="H"/>
		<a id="2" s="C" t="C.2" l="C"/>
		<a id="3" s="H" t="H" l="H"/>
		<a id="4" s="C" t="C.2" l="C"/>
		<a id="5" s="H" t="H" l="H"/>
		<a id="6" s="C" t="C.ar" l="C"/>
		<a id="7" s="C" t="C.ar" l="C"/>
		<a id="8" s="H" t="H" l="H"/>
		<a id="9" s="C" t="C.ar" l="C"/>
		<a id="10" s="H" t="H" l="H"/>
		<a id="11" s="C" t="C.ar" l="C"/>
		<a id="12" s="H" t="H" l="H"/>
		<a id="13" s="C" t="C.ar" l="C"/>
		<a id="14" s="C" t="C.ar" l="C"/>
		<a id="15" s="C" t="C.ar" l="C"/>
		<a id="16" s="H" t="H" l="H"/>
		<a id="17" s="C" t="C.ar" l="C"/>
		<a id="18" s="C" t="C.3" l="C"/>
		<a id="19" s="H" t="H" l="H"/>
		<a id="20" s="H" t="H" l="H"/>
		<a id="21" s="H" t="H" l="H"/>
		<a id="22" s="N" t="N.ar" l="N"/>
		<a id="23" s="C" t="C.2" l="C"/>
		<a id="24" s="O" t="O.2" l="O"/>
		<a id="25" s="O" t="O.3" l="O"/>
		<a id="26" s="C" t="C.3" l="C"/>
		<a id="27" s="C" t="C.3" l="C"/>
		<a id="28" s="H" t="H" l="H"/>
		<a id="29" s="H" t="H" l="H"/>
		<a id="30" s="H" t="H" l="H"/>
		<a id="31" s="C" t="C.3" l="C"/>
		<a id="32" s="H" t="H" l="H"/>
		<a id="33" s="H" t="H" l="H"/>
		<a id="34" s="H" t="H" l="H"/>
		<a id="35" s="C" t="C.3" l="C"/>
		<a id="36" s="H" t="H" l="H"/>
		<a id="37" s="H" t="H" l="H"/>
		<a id="38" s="H" t="H" l="H"/>
	</atoms>
	<bonds>
		<b id="1" c="20 18" t="1"/>
		<b id="2" c="21 18" t="1"/>
		<b id="3" c="18 19" t="1"/>
		<b id="4" c="18 17" t="1"/>
		<b id="5" c="16 15" t="1"/>
		<b id="6" c="17 15" t="ar"/>
		<b id="7" c="17 22" t="ar"/>
		<b id="8" c="24 23" t="2"/>
		<b id="9" c="37 35" t="1"/>
		<b id="10" c="15 14" t="ar"/>
		<b id="11" c="3 2" t="1"/>
		<b id="12" c="36 35" t="1"/>
		<b id="13" c="23 22" t="am"/>
		<b id="14" c="23 25" t="1"/>
		<b id="15" c="22 13" t="ar"/>
		<b id="16" c="35 38" t="1"/>
		<b id="17" c="35 26" t="1"/>
		<b id="18" c="1 2" t="1"/>
		<b id="19" c="2 4" t="2"/>
		<b id="20" c="29 27" t="1"/>
		<b id="21" c="14 13" t="ar"/>
		<b id="22" c="14 6" t="ar"/>
		<b id="23" c="13 11" t="ar"/>
		<b id="24" c="25 26" t="1"/>
		<b id="25" c="4 6" t="1"/>
		<b id="26" c="4 5" t="1"/>
		<b id="27" c="26 27" t="1"/>
		<b id="28" c="26 31" t="1"/>
		<b id="29" c="6 7" t="ar"/>
		<b id="30" c="27 30" t="1"/>
		<b id="31" c="27 28" t="1"/>
		<b id="32" c="11 12" t="1"/>
		<b id="33" c="11 9" t="ar"/>
		<b id="34" c="32 31" t="1"/>
		<b id="35" c="7 9" t="ar"/>
		<b id="36" c="7 8" t="1"/>
		<b id="37" c="31 33" t="1"/>
		<b id="38" c="31 34" t="1"/>
		<b id="39" c="9 10" t="1"/>
	</bonds>
	<geometry>
		<g u="A" t="cart/3d">#38,3:6.5477,-0.5750,-0.5025;5.4601,-0.5580,-0.3906;4.9079,-1.3808,-0.8483;4.8649,0.4170,0.3161;5.5150,1.1666,0.7851;3.4343,0.6070,0.6081;3.0845,1.3834,1.7252;3.8826,1.8339,2.3220;1.7509,1.5789,2.1056;1.5265,2.1806,2.9903;0.6980,1.0219,1.3785;-0.3322,1.1801,1.6805;1.0198,0.2684,0.2425;2.3694,0.0591,-0.1557;2.3271,-0.7028,-1.3769;3.1718,-1.0151,-1.9838;1.0250,-0.9576,-1.7006;0.5319,-1.7120,-2.8931;-0.0523,-2.6005,-2.6101;-0.1278,-1.1013,-3.5277;1.4015,-2.0316,-3.4858;0.1922,-0.3764,-0.7102;-1.2087,-0.4734,-0.7399;-1.8084,-1.0504,-1.6178;-1.7644,0.1406,0.3060;-3.2273,0.1684,0.5053;-3.7570,-1.2591,0.6740;-3.2204,-1.7756,1.4855;-3.6464,-1.8386,-0.2512;-4.8249,-1.2233,0.9411;-3.3756,0.9590,1.8066;-2.9571,1.9715,1.6993;-4.4398,1.0511,2.0720;-2.8550,0.4518,2.6334;-3.8972,0.9055,-0.6582;-3.4571,1.9073,-0.7837;-3.7895,0.3495,-1.5981;-4.9702,1.0297,-0.4431;</g>
	</geometry>
	<conformers/>
	<properties/>
</molecule>
