<?xml version="1.0" ?>
<!--MOLLI PACKAGE EXPERIMENTAL XML FORMAT-->
<molecule name="react_243">
	<atoms>
		<a id="1" s="H" t="H" l="H"/>
		<a id="2" s="C" t="C.2" l="C"/>
		<a id="3" s="H" t="H" l="H"/>
		<a id="4" s="C" t="C.2" l="C"/>
		<a id="5" s="H" t="H" l="H"/>
		<a id="6" s="C" t="C.3" l="C"/>
		<a id="7" s="H" t="H" l="H"/>
		<a id="8" s="H" t="H" l="H"/>
		<a id="9" s="C" t="C.ar" l="C"/>
		<a id="10" s="C" t="C.ar" l="C"/>
		<a id="11" s="H" t="H" l="H"/>
		<a id="12" s="C" t="C.ar" l="C"/>
		<a id="13" s="O" t="O.3" l="O"/>
		<a id="14" s="C" t="C.3" l="C"/>
		<a id="15" s="H" t="H" l="H"/>
		<a id="16" s="H" t="H" l="H"/>
		<a id="17" s="H" t="H" l="H"/>
		<a id="18" s="C" t="C.ar" l="C"/>
		<a id="19" s="H" t="H" l="H"/>
		<a id="20" s="C" t="C.ar" l="C"/>
		<a id="21" s="O" t="O.3" l="O"/>
		<a id="22" s="C" t="C.3" l="C"/>
		<a id="23" s="H" t="H" l="H"/>
		<a id="24" s="H" t="H" l="H"/>
		<a id="25" s="H" t="H" l="H"/>
		<a id="26" s="C" t="C.ar" l="C"/>
		<a id="27" s="C" t="C.2" l="C"/>
		<a id="28" s="O" t="O.2" l="O"/>
		<a id="29" s="N" t="N.am" l="N"/>
		<a id="30" s="C" t="C.3" l="C"/>
		<a id="31" s="H" t="H" l="H"/>
		<a id="32" s="H" t="H" l="H"/>
		<a id="33" s="C" t="C.3" l="C"/>
		<a id="34" s="H" t="H" l="H"/>
		<a id="35" s="H" t="H" l="H"/>
		<a id="36" s="H" t="H" l="H"/>
		<a id="37" s="C" t="C.3" l="C"/>
		<a id="38" s="H" t="H" l="H"/>
		<a id="39" s="H" t="H" l="H"/>
		<a id="40" s="C" t="C.3" l="C"/>
		<a id="41" s="H" t="H" l="H"/>
		<a id="42" s="H" t="H" l="H"/>
		<a id="43" s="H" t="H" l="H"/>
	</atoms>
	<bonds>
		<b id="1" c="7 6" t="1"/>
		<b id="2" c="8 6" t="1"/>
		<b id="3" c="3 2" t="1"/>
		<b id="4" c="28 27" t="2"/>
		<b id="5" c="39 37" t="1"/>
		<b id="6" c="6 4" t="1"/>
		<b id="7" c="6 9" t="1"/>
		<b id="8" c="2 4" t="2"/>
		<b id="9" c="2 1" t="1"/>
		<b id="10" c="4 5" t="1"/>
		<b id="11" c="41 40" t="1"/>
		<b id="12" c="42 40" t="1"/>
		<b id="13" c="37 40" t="1"/>
		<b id="14" c="37 38" t="1"/>
		<b id="15" c="37 29" t="1"/>
		<b id="16" c="27 29" t="am"/>
		<b id="17" c="27 26" t="1"/>
		<b id="18" c="40 43" t="1"/>
		<b id="19" c="9 26" t="ar"/>
		<b id="20" c="9 10" t="ar"/>
		<b id="21" c="11 10" t="1"/>
		<b id="22" c="29 30" t="1"/>
		<b id="23" c="26 20" t="ar"/>
		<b id="24" c="10 12" t="ar"/>
		<b id="25" c="15 14" t="1"/>
		<b id="26" c="20 21" t="1"/>
		<b id="27" c="20 18" t="ar"/>
		<b id="28" c="12 18" t="ar"/>
		<b id="29" c="12 13" t="1"/>
		<b id="30" c="32 30" t="1"/>
		<b id="31" c="14 16" t="1"/>
		<b id="32" c="14 13" t="1"/>
		<b id="33" c="14 17" t="1"/>
		<b id="34" c="30 31" t="1"/>
		<b id="35" c="30 33" t="1"/>
		<b id="36" c="21 22" t="1"/>
		<b id="37" c="18 19" t="1"/>
		<b id="38" c="24 22" t="1"/>
		<b id="39" c="34 33" t="1"/>
		<b id="40" c="33 35" t="1"/>
		<b id="41" c="33 36" t="1"/>
		<b id="42" c="22 23" t="1"/>
		<b id="43" c="22 25" t="1"/>
	</bonds>
	<geometry>
		<g u="A" t="cart/3d">#43,3:-2.1614,4.2840,-1.6612;-2.2958,3.2460,-1.9797;-3.2163,3.0110,-2.5260;-1.3766,2.3110,-1.7225;-0.4697,2.5948,-1.1731;-1.4680,0.8607,-2.1302;-0.6362,0.6159,-2.8102;-2.4021,0.6996,-2.6912;-1.4225,-0.1000,-0.9492;-2.6380,-0.5448,-0.3978;-3.5712,-0.1862,-0.8319;-2.6399,-1.4416,0.6743;-3.7590,-1.9337,1.2647;-5.0241,-1.5252,0.7939;-5.1815,-1.8092,-0.2625;-5.1670,-0.4338,0.8932;-5.7702,-2.0397,1.4151;-1.4242,-1.9020,1.2088;-1.4674,-2.6126,2.0326;-0.2196,-1.4472,0.6732;0.9981,-1.8478,1.1306;1.0729,-2.8505,2.1208;2.1413,-3.0401,2.2926;0.5905,-3.7868,1.7882;0.6091,-2.5278,3.0705;-0.2016,-0.5241,-0.4005;1.1132,-0.1385,-1.0518;1.4011,-0.5824,-2.1581;1.9426,0.7403,-0.4008;1.6367,1.3931,0.8683;0.6091,1.1262,1.1491;1.6404,2.4892,0.7090;2.5927,1.0469,2.0122;3.6243,1.3684,1.7969;2.5983,-0.0371,2.1959;2.2737,1.5582,2.9354;3.1810,1.1154,-1.0919;3.5170,2.0759,-0.6679;2.9373,1.2859,-2.1522;4.2950,0.0703,-1.0020;5.1900,0.4236,-1.5407;3.9668,-0.8711,-1.4658;4.5818,-0.1338,0.0416;</g>
	</geometry>
	<conformers/>
	<properties/>
</molecule>
