<?xml version="1.0" ?>
<!--MOLLI PACKAGE EXPERIMENTAL XML FORMAT-->
<molecule name="react_114">
	<atoms>
		<a id="1" s="H" t="H" l="H"/>
		<a id="2" s="C" t="C.2" l="C"/>
		<a id="3" s="H" t="H" l="H"/>
		<a id="4" s="C" t="C.2" l="C"/>
		<a id="5" s="C" t="C.3" l="C"/>
		<a id="6" s="H" t="H" l="H"/>
		<a id="7" s="H" t="H" l="H"/>
		<a id="8" s="H" t="H" l="H"/>
		<a id="9" s="C" t="C.3" l="C"/>
		<a id="10" s="H" t="H" l="H"/>
		<a id="11" s="H" t="H" l="H"/>
		<a id="12" s="C" t="C.3" l="C"/>
		<a id="13" s="H" t="H" l="H"/>
		<a id="14" s="H" t="H" l="H"/>
		<a id="15" s="C" t="C.3" l="C"/>
		<a id="16" s="H" t="H" l="H"/>
		<a id="17" s="H" t="H" l="H"/>
		<a id="18" s="C" t="C.3" l="C"/>
		<a id="19" s="C" t="C.3" l="C"/>
		<a id="20" s="H" t="H" l="H"/>
		<a id="21" s="H" t="H" l="H"/>
		<a id="22" s="H" t="H" l="H"/>
		<a id="23" s="O" t="O.3" l="O"/>
		<a id="24" s="C" t="C.3" l="C"/>
		<a id="25" s="H" t="H" l="H"/>
		<a id="26" s="H" t="H" l="H"/>
		<a id="27" s="C" t="C.3" l="C"/>
		<a id="28" s="H" t="H" l="H"/>
		<a id="29" s="H" t="H" l="H"/>
		<a id="30" s="O" t="O.3" l="O"/>
	</atoms>
	<bonds>
		<b id="1" c="28 27" t="1"/>
		<b id="2" c="30 27" t="1"/>
		<b id="3" c="30 18" t="1"/>
		<b id="4" c="20 19" t="1"/>
		<b id="5" c="27 29" t="1"/>
		<b id="6" c="27 24" t="1"/>
		<b id="7" c="22 19" t="1"/>
		<b id="8" c="1 2" t="1"/>
		<b id="9" c="3 2" t="1"/>
		<b id="10" c="19 18" t="1"/>
		<b id="11" c="19 21" t="1"/>
		<b id="12" c="25 24" t="1"/>
		<b id="13" c="2 4" t="2"/>
		<b id="14" c="16 15" t="1"/>
		<b id="15" c="14 12" t="1"/>
		<b id="16" c="18 15" t="1"/>
		<b id="17" c="18 23" t="1"/>
		<b id="18" c="24 26" t="1"/>
		<b id="19" c="24 23" t="1"/>
		<b id="20" c="8 5" t="1"/>
		<b id="21" c="15 12" t="1"/>
		<b id="22" c="15 17" t="1"/>
		<b id="23" c="4 5" t="1"/>
		<b id="24" c="4 9" t="1"/>
		<b id="25" c="12 13" t="1"/>
		<b id="26" c="12 9" t="1"/>
		<b id="27" c="7 5" t="1"/>
		<b id="28" c="5 6" t="1"/>
		<b id="29" c="9 11" t="1"/>
		<b id="30" c="9 10" t="1"/>
	</bonds>
	<geometry>
		<g u="A" t="cart/3d">#30,3:4.3055,0.3592,-0.9550;3.5017,0.8304,-0.3808;3.2248,1.8510,-0.6655;2.8843,0.1903,0.6228;3.2806,-1.2043,1.0401;3.6427,-1.2089,2.0842;2.4195,-1.8943,1.0103;4.0755,-1.6170,0.4005;1.7495,0.8439,1.3991;1.6508,0.3565,2.3855;2.0133,1.8956,1.6025;0.3795,0.8314,0.6906;-0.3424,1.3809,1.3173;0.4629,1.3819,-0.2614;-0.1869,-0.5593,0.4018;0.4765,-1.1057,-0.2885;-0.2432,-1.1500,1.3331;-1.5885,-0.5488,-0.2204;-2.0802,-1.9558,-0.5626;-1.4339,-2.4079,-1.3299;-2.0756,-2.5963,0.3325;-3.1053,-1.9135,-0.9609;-2.4853,0.0935,0.6807;-3.3795,0.8775,-0.0853;-4.2492,0.2823,-0.4277;-3.7457,1.7093,0.5353;-2.5074,1.3193,-1.2627;-3.0751,1.4636,-2.1966;-1.9642,2.2562,-1.0330;-1.6047,0.2388,-1.4186;</g>
	</geometry>
	<conformers/>
	<properties/>
</molecule>
