<?xml version="1.0" ?>
<!--MOLLI PACKAGE EXPERIMENTAL XML FORMAT-->
<molecule name="react_244">
	<atoms>
		<a id="1" s="H" t="H" l="H"/>
		<a id="2" s="C" t="C.2" l="C"/>
		<a id="3" s="H" t="H" l="H"/>
		<a id="4" s="C" t="C.2" l="C"/>
		<a id="5" s="H" t="H" l="H"/>
		<a id="6" s="C" t="C.3" l="C"/>
		<a id="7" s="H" t="H" l="H"/>
		<a id="8" s="H" t="H" l="H"/>
		<a id="9" s="C" t="C.ar" l="C"/>
		<a id="10" s="C" t="C.ar" l="C"/>
		<a id="11" s="O" t="O.3" l="O"/>
		<a id="12" s="C" t="C.3" l="C"/>
		<a id="13" s="H" t="H" l="H"/>
		<a id="14" s="H" t="H" l="H"/>
		<a id="15" s="H" t="H" l="H"/>
		<a id="16" s="C" t="C.ar" l="C"/>
		<a id="17" s="H" t="H" l="H"/>
		<a id="18" s="C" t="C.ar" l="C"/>
		<a id="19" s="O" t="O.3" l="O"/>
		<a id="20" s="C" t="C.3" l="C"/>
		<a id="21" s="H" t="H" l="H"/>
		<a id="22" s="H" t="H" l="H"/>
		<a id="23" s="H" t="H" l="H"/>
		<a id="24" s="C" t="C.ar" l="C"/>
		<a id="25" s="H" t="H" l="H"/>
		<a id="26" s="C" t="C.ar" l="C"/>
		<a id="27" s="C" t="C.2" l="C"/>
		<a id="28" s="O" t="O.2" l="O"/>
		<a id="29" s="N" t="N.am" l="N"/>
		<a id="30" s="C" t="C.3" l="C"/>
		<a id="31" s="H" t="H" l="H"/>
		<a id="32" s="H" t="H" l="H"/>
		<a id="33" s="C" t="C.3" l="C"/>
		<a id="34" s="H" t="H" l="H"/>
		<a id="35" s="H" t="H" l="H"/>
		<a id="36" s="H" t="H" l="H"/>
		<a id="37" s="C" t="C.3" l="C"/>
		<a id="38" s="H" t="H" l="H"/>
		<a id="39" s="H" t="H" l="H"/>
		<a id="40" s="C" t="C.3" l="C"/>
		<a id="41" s="H" t="H" l="H"/>
		<a id="42" s="H" t="H" l="H"/>
		<a id="43" s="H" t="H" l="H"/>
	</atoms>
	<bonds>
		<b id="1" c="3 2" t="1"/>
		<b id="2" c="2 1" t="1"/>
		<b id="3" c="2 4" t="2"/>
		<b id="4" c="42 40" t="1"/>
		<b id="5" c="39 37" t="1"/>
		<b id="6" c="5 4" t="1"/>
		<b id="7" c="34 33" t="1"/>
		<b id="8" c="4 6" t="1"/>
		<b id="9" c="38 37" t="1"/>
		<b id="10" c="37 40" t="1"/>
		<b id="11" c="37 29" t="1"/>
		<b id="12" c="40 43" t="1"/>
		<b id="13" c="40 41" t="1"/>
		<b id="14" c="13 12" t="1"/>
		<b id="15" c="33 35" t="1"/>
		<b id="16" c="33 36" t="1"/>
		<b id="17" c="33 30" t="1"/>
		<b id="18" c="15 12" t="1"/>
		<b id="19" c="31 30" t="1"/>
		<b id="20" c="29 30" t="1"/>
		<b id="21" c="29 27" t="am"/>
		<b id="22" c="12 11" t="1"/>
		<b id="23" c="12 14" t="1"/>
		<b id="24" c="11 10" t="1"/>
		<b id="25" c="6 7" t="1"/>
		<b id="26" c="6 9" t="1"/>
		<b id="27" c="6 8" t="1"/>
		<b id="28" c="30 32" t="1"/>
		<b id="29" c="10 9" t="ar"/>
		<b id="30" c="10 16" t="ar"/>
		<b id="31" c="9 26" t="ar"/>
		<b id="32" c="23 20" t="1"/>
		<b id="33" c="17 16" t="1"/>
		<b id="34" c="16 18" t="ar"/>
		<b id="35" c="26 27" t="1"/>
		<b id="36" c="26 24" t="ar"/>
		<b id="37" c="27 28" t="2"/>
		<b id="38" c="18 24" t="ar"/>
		<b id="39" c="18 19" t="1"/>
		<b id="40" c="24 25" t="1"/>
		<b id="41" c="19 20" t="1"/>
		<b id="42" c="20 21" t="1"/>
		<b id="43" c="20 22" t="1"/>
	</bonds>
	<geometry>
		<g u="A" t="cart/3d">#43,3:-2.3262,-3.5604,-1.7961;-1.3822,-3.1311,-2.1487;-1.1423,-3.2600,-3.2085;-0.5616,-2.4793,-1.3199;0.3715,-2.0596,-1.7201;-0.8006,-2.2523,0.1544;-1.7096,-2.7888,0.4609;0.0390,-2.6682,0.7325;-0.9439,-0.7822,0.5136;-2.2209,-0.1786,0.4888;-3.2525,-0.9917,0.1359;-4.5656,-0.4863,0.0874;-4.6650,0.3341,-0.6470;-4.9068,-0.1236,1.0745;-5.2101,-1.3196,-0.2250;-2.4056,1.1735,0.8226;-3.4020,1.6076,0.8099;-1.2950,1.9539,1.1761;-1.3694,3.2663,1.5224;-2.6239,3.9055,1.5571;-2.4391,4.9432,1.8676;-3.3084,3.4329,2.2855;-3.1123,3.9135,0.5649;-0.0169,1.3836,1.1807;0.8299,2.0078,1.4693;0.1536,0.0341,0.8490;1.5422,-0.5659,0.9633;1.7918,-1.3811,1.8427;2.5018,-0.1447,0.0738;3.8496,-0.7009,0.2303;4.5674,0.0351,-0.1664;4.0433,-0.8073,1.3069;4.0376,-2.0545,-0.4585;3.8293,-1.9966,-1.5398;5.0755,-2.4055,-0.3367;3.3682,-2.8053,-0.0129;2.2411,0.6614,-1.1187;1.1568,0.6878,-1.2918;2.6790,0.1375,-1.9880;2.7911,2.0882,-1.0544;2.3040,2.6685,-0.2563;2.6102,2.6062,-2.0103;3.8775,2.1020,-0.8709;</g>
	</geometry>
	<conformers/>
	<properties/>
</molecule>
