<?xml version="1.0" ?>
<!--MOLLI PACKAGE EXPERIMENTAL XML FORMAT-->
<molecule name="react_246">
	<atoms>
		<a id="1" s="H" t="H" l="H"/>
		<a id="2" s="C" t="C.2" l="C"/>
		<a id="3" s="H" t="H" l="H"/>
		<a id="4" s="C" t="C.2" l="C"/>
		<a id="5" s="H" t="H" l="H"/>
		<a id="6" s="C" t="C.ar" l="C"/>
		<a id="7" s="C" t="C.ar" l="C"/>
		<a id="8" s="O" t="O.3" l="O"/>
		<a id="9" s="C" t="C.3" l="C"/>
		<a id="10" s="H" t="H" l="H"/>
		<a id="11" s="H" t="H" l="H"/>
		<a id="12" s="H" t="H" l="H"/>
		<a id="13" s="C" t="C.ar" l="C"/>
		<a id="14" s="H" t="H" l="H"/>
		<a id="15" s="C" t="C.ar" l="C"/>
		<a id="16" s="O" t="O.3" l="O"/>
		<a id="17" s="C" t="C.3" l="C"/>
		<a id="18" s="H" t="H" l="H"/>
		<a id="19" s="H" t="H" l="H"/>
		<a id="20" s="H" t="H" l="H"/>
		<a id="21" s="C" t="C.ar" l="C"/>
		<a id="22" s="H" t="H" l="H"/>
		<a id="23" s="C" t="C.ar" l="C"/>
		<a id="24" s="C" t="C.3" l="C"/>
		<a id="25" s="H" t="H" l="H"/>
		<a id="26" s="H" t="H" l="H"/>
		<a id="27" s="O" t="O.3" l="O"/>
		<a id="28" s="Si" t="Si" l="SI"/>
		<a id="29" s="C" t="C.3" l="C"/>
		<a id="30" s="H" t="H" l="H"/>
		<a id="31" s="H" t="H" l="H"/>
		<a id="32" s="H" t="H" l="H"/>
		<a id="33" s="C" t="C.3" l="C"/>
		<a id="34" s="H" t="H" l="H"/>
		<a id="35" s="H" t="H" l="H"/>
		<a id="36" s="H" t="H" l="H"/>
		<a id="37" s="C" t="C.3" l="C"/>
		<a id="38" s="C" t="C.3" l="C"/>
		<a id="39" s="H" t="H" l="H"/>
		<a id="40" s="H" t="H" l="H"/>
		<a id="41" s="H" t="H" l="H"/>
		<a id="42" s="C" t="C.3" l="C"/>
		<a id="43" s="H" t="H" l="H"/>
		<a id="44" s="H" t="H" l="H"/>
		<a id="45" s="H" t="H" l="H"/>
		<a id="46" s="C" t="C.3" l="C"/>
		<a id="47" s="H" t="H" l="H"/>
		<a id="48" s="H" t="H" l="H"/>
		<a id="49" s="H" t="H" l="H"/>
	</atoms>
	<bonds>
		<b id="1" c="35 33" t="1"/>
		<b id="2" c="32 29" t="1"/>
		<b id="3" c="25 24" t="1"/>
		<b id="4" c="34 33" t="1"/>
		<b id="5" c="33 36" t="1"/>
		<b id="6" c="33 28" t="1"/>
		<b id="7" c="26 24" t="1"/>
		<b id="8" c="1 2" t="1"/>
		<b id="9" c="30 29" t="1"/>
		<b id="10" c="24 23" t="1"/>
		<b id="11" c="24 27" t="1"/>
		<b id="12" c="29 28" t="1"/>
		<b id="13" c="29 31" t="1"/>
		<b id="14" c="5 4" t="1"/>
		<b id="15" c="2 3" t="1"/>
		<b id="16" c="2 4" t="2"/>
		<b id="17" c="4 6" t="1"/>
		<b id="18" c="23 6" t="ar"/>
		<b id="19" c="23 21" t="ar"/>
		<b id="20" c="28 27" t="1"/>
		<b id="21" c="28 37" t="1"/>
		<b id="22" c="6 7" t="ar"/>
		<b id="23" c="22 21" t="1"/>
		<b id="24" c="21 15" t="ar"/>
		<b id="25" c="7 8" t="1"/>
		<b id="26" c="7 13" t="ar"/>
		<b id="27" c="8 9" t="1"/>
		<b id="28" c="10 9" t="1"/>
		<b id="29" c="44 42" t="1"/>
		<b id="30" c="15 13" t="ar"/>
		<b id="31" c="15 16" t="1"/>
		<b id="32" c="13 14" t="1"/>
		<b id="33" c="19 17" t="1"/>
		<b id="34" c="16 17" t="1"/>
		<b id="35" c="45 42" t="1"/>
		<b id="36" c="40 38" t="1"/>
		<b id="37" c="9 11" t="1"/>
		<b id="38" c="9 12" t="1"/>
		<b id="39" c="42 37" t="1"/>
		<b id="40" c="42 43" t="1"/>
		<b id="41" c="37 38" t="1"/>
		<b id="42" c="37 46" t="1"/>
		<b id="43" c="17 18" t="1"/>
		<b id="44" c="17 20" t="1"/>
		<b id="45" c="38 41" t="1"/>
		<b id="46" c="38 39" t="1"/>
		<b id="47" c="49 46" t="1"/>
		<b id="48" c="46 48" t="1"/>
		<b id="49" c="46 47" t="1"/>
	</bonds>
	<geometry>
		<g u="A" t="cart/3d">#49,3:0.7682,4.0128,-1.4674;1.5093,3.2680,-1.1618;2.5325,3.6087,-1.0142;1.1254,1.9890,-0.9929;0.0672,1.7773,-1.1627;1.9019,0.8006,-0.5974;3.2028,0.8600,-0.0298;3.7513,2.0936,0.1214;5.0085,2.2472,0.7369;5.8132,1.7479,0.1668;5.2120,3.3268,0.7626;5.0116,1.8595,1.7718;3.8920,-0.2990,0.3662;4.8829,-0.2155,0.8042;3.2990,-1.5550,0.1920;3.8850,-2.7291,0.5423;5.1671,-2.7190,1.1251;5.4295,-3.7669,1.3256;5.9261,-2.2860,0.4474;5.1836,-2.1596,2.0788;2.0233,-1.6417,-0.3787;1.5830,-2.6320,-0.5109;1.3352,-0.4933,-0.7677;-0.0350,-0.6806,-1.3936;-0.0975,-0.1011,-2.3349;-0.1488,-1.7453,-1.6675;-1.0601,-0.2886,-0.4998;-2.7275,-0.3942,-0.7535;-3.1663,-2.1335,-1.3506;-4.2579,-2.2553,-1.4503;-2.8026,-2.9082,-0.6562;-2.7251,-2.3357,-2.3412;-3.2438,0.8557,-2.0743;-4.3280,0.8110,-2.2715;-2.7298,0.6494,-3.0285;-2.9958,1.8878,-1.7783;-3.4855,-0.0002,0.9601;-3.0320,1.4047,1.4099;-3.4327,1.6337,2.4148;-3.3925,2.1938,0.7288;-1.9343,1.4797,1.4597;-5.0261,-0.0434,0.8837;-5.4663,0.1889,1.8709;-5.4293,0.6935,0.1686;-5.4019,-1.0375,0.5880;-2.9907,-1.0423,1.9852;-3.3857,-0.8101,2.9915;-1.8912,-1.0538,2.0491;-3.3245,-2.0627,1.7321;</g>
	</geometry>
	<conformers/>
	<properties/>
</molecule>
