<?xml version="1.0" ?>
<!--MOLLI PACKAGE EXPERIMENTAL XML FORMAT-->
<molecule name="react_249">
	<atoms>
		<a id="1" s="H" t="H" l="H"/>
		<a id="2" s="C" t="C.2" l="C"/>
		<a id="3" s="H" t="H" l="H"/>
		<a id="4" s="C" t="C.2" l="C"/>
		<a id="5" s="H" t="H" l="H"/>
		<a id="6" s="C" t="C.3" l="C"/>
		<a id="7" s="H" t="H" l="H"/>
		<a id="8" s="H" t="H" l="H"/>
		<a id="9" s="C" t="C.3" l="C"/>
		<a id="10" s="H" t="H" l="H"/>
		<a id="11" s="H" t="H" l="H"/>
		<a id="12" s="C" t="C.3" l="C"/>
		<a id="13" s="H" t="H" l="H"/>
		<a id="14" s="H" t="H" l="H"/>
		<a id="15" s="C" t="C.3" l="C"/>
		<a id="16" s="H" t="H" l="H"/>
		<a id="17" s="H" t="H" l="H"/>
		<a id="18" s="O" t="O.3" l="O"/>
		<a id="19" s="C" t="C.3" l="C"/>
		<a id="20" s="C" t="C.ar" l="C"/>
		<a id="21" s="C" t="C.ar" l="C"/>
		<a id="22" s="H" t="H" l="H"/>
		<a id="23" s="C" t="C.ar" l="C"/>
		<a id="24" s="H" t="H" l="H"/>
		<a id="25" s="C" t="C.ar" l="C"/>
		<a id="26" s="H" t="H" l="H"/>
		<a id="27" s="C" t="C.ar" l="C"/>
		<a id="28" s="H" t="H" l="H"/>
		<a id="29" s="C" t="C.ar" l="C"/>
		<a id="30" s="H" t="H" l="H"/>
		<a id="31" s="C" t="C.ar" l="C"/>
		<a id="32" s="C" t="C.ar" l="C"/>
		<a id="33" s="H" t="H" l="H"/>
		<a id="34" s="C" t="C.ar" l="C"/>
		<a id="35" s="H" t="H" l="H"/>
		<a id="36" s="C" t="C.ar" l="C"/>
		<a id="37" s="H" t="H" l="H"/>
		<a id="38" s="C" t="C.ar" l="C"/>
		<a id="39" s="H" t="H" l="H"/>
		<a id="40" s="C" t="C.ar" l="C"/>
		<a id="41" s="H" t="H" l="H"/>
		<a id="42" s="C" t="C.ar" l="C"/>
		<a id="43" s="C" t="C.ar" l="C"/>
		<a id="44" s="H" t="H" l="H"/>
		<a id="45" s="C" t="C.ar" l="C"/>
		<a id="46" s="H" t="H" l="H"/>
		<a id="47" s="C" t="C.ar" l="C"/>
		<a id="48" s="H" t="H" l="H"/>
		<a id="49" s="C" t="C.ar" l="C"/>
		<a id="50" s="H" t="H" l="H"/>
		<a id="51" s="C" t="C.ar" l="C"/>
		<a id="52" s="H" t="H" l="H"/>
	</atoms>
	<bonds>
		<b id="1" c="48 47" t="1"/>
		<b id="2" c="47 45" t="ar"/>
		<b id="3" c="47 49" t="ar"/>
		<b id="4" c="46 45" t="1"/>
		<b id="5" c="50 49" t="1"/>
		<b id="6" c="45 43" t="ar"/>
		<b id="7" c="49 51" t="ar"/>
		<b id="8" c="43 44" t="1"/>
		<b id="9" c="43 42" t="ar"/>
		<b id="10" c="51 52" t="1"/>
		<b id="11" c="51 42" t="ar"/>
		<b id="12" c="8 6" t="1"/>
		<b id="13" c="24 23" t="1"/>
		<b id="14" c="42 19" t="1"/>
		<b id="15" c="22 21" t="1"/>
		<b id="16" c="7 6" t="1"/>
		<b id="17" c="23 21" t="ar"/>
		<b id="18" c="23 25" t="ar"/>
		<b id="19" c="21 20" t="ar"/>
		<b id="20" c="6 4" t="1"/>
		<b id="21" c="6 9" t="1"/>
		<b id="22" c="26 25" t="1"/>
		<b id="23" c="25 27" t="ar"/>
		<b id="24" c="10 9" t="1"/>
		<b id="25" c="20 19" t="1"/>
		<b id="26" c="20 29" t="ar"/>
		<b id="27" c="14 12" t="1"/>
		<b id="28" c="33 32" t="1"/>
		<b id="29" c="19 18" t="1"/>
		<b id="30" c="19 31" t="1"/>
		<b id="31" c="3 2" t="1"/>
		<b id="32" c="4 2" t="2"/>
		<b id="33" c="4 5" t="1"/>
		<b id="34" c="27 29" t="ar"/>
		<b id="35" c="27 28" t="1"/>
		<b id="36" c="9 12" t="1"/>
		<b id="37" c="9 11" t="1"/>
		<b id="38" c="2 1" t="1"/>
		<b id="39" c="29 30" t="1"/>
		<b id="40" c="18 15" t="1"/>
		<b id="41" c="32 31" t="ar"/>
		<b id="42" c="32 34" t="ar"/>
		<b id="43" c="12 13" t="1"/>
		<b id="44" c="12 15" t="1"/>
		<b id="45" c="31 40" t="ar"/>
		<b id="46" c="35 34" t="1"/>
		<b id="47" c="15 16" t="1"/>
		<b id="48" c="15 17" t="1"/>
		<b id="49" c="34 36" t="ar"/>
		<b id="50" c="40 41" t="1"/>
		<b id="51" c="40 38" t="ar"/>
		<b id="52" c="36 38" t="ar"/>
		<b id="53" c="36 37" t="1"/>
		<b id="54" c="38 39" t="1"/>
	</bonds>
	<geometry>
		<g u="A" t="cart/3d">#52,3:7.2830,-0.4058,1.0007;6.5679,0.2649,0.5149;6.9308,1.2639,0.2470;5.3132,-0.1157,0.2543;5.0060,-1.1305,0.5404;4.2648,0.7397,-0.4050;4.7322,1.6739,-0.7604;3.8859,0.2166,-1.3041;3.0601,1.0896,0.4917;2.4081,1.7868,-0.0595;3.4184,1.6427,1.3790;2.2287,-0.1135,0.9514;2.8238,-0.7359,1.6440;1.9880,-0.7592,0.0888;0.9387,0.2648,1.6851;0.5344,-0.6142,2.2100;1.1708,1.0174,2.4592;-0.0593,0.8743,0.8754;-1.0846,0.1322,0.1899;-2.2694,1.1229,0.0467;-3.4472,0.7318,-0.6128;-3.5356,-0.2780,-1.0187;-4.5170,1.6162,-0.7578;-5.4238,1.2867,-1.2724;-4.4293,2.9177,-0.2507;-5.2648,3.6133,-0.3672;-3.2628,3.3167,0.4038;-3.1793,4.3306,0.8053;-2.1915,2.4270,0.5535;-1.2837,2.7396,1.0678;-1.4968,-1.1050,1.0161;-0.8319,-2.3374,0.8846;-0.0469,-2.4543,0.1355;-1.1504,-3.4234,1.7057;-0.6197,-4.3708,1.5777;-2.1368,-3.2979,2.6875;-2.3892,-4.1468,3.3287;-2.7922,-2.0738,2.8454;-3.5598,-1.9572,3.6154;-2.4730,-0.9913,2.0205;-2.9924,-0.0419,2.1610;-0.6239,-0.1992,-1.2539;-1.1359,-1.2768,-1.9953;-1.8375,-1.9753,-1.5362;-0.7583,-1.4791,-3.3278;-1.1668,-2.3305,-3.8793;0.1336,-0.6031,-3.9501;0.4308,-0.7624,-4.9901;0.6343,0.4858,-3.2293;1.3211,1.1903,-3.7068;0.2543,0.6859,-1.9002;0.6308,1.5471,-1.3483;</g>
	</geometry>
	<conformers/>
	<properties/>
</molecule>
