<?xml version="1.0" ?>
<!--MOLLI PACKAGE EXPERIMENTAL XML FORMAT-->
<molecule name="react_250">
	<atoms>
		<a id="1" s="H" t="H" l="H"/>
		<a id="2" s="C" t="C.2" l="C"/>
		<a id="3" s="H" t="H" l="H"/>
		<a id="4" s="C" t="C.2" l="C"/>
		<a id="5" s="H" t="H" l="H"/>
		<a id="6" s="C" t="C.3" l="C"/>
		<a id="7" s="H" t="H" l="H"/>
		<a id="8" s="H" t="H" l="H"/>
		<a id="9" s="C" t="C.ar" l="C"/>
		<a id="10" s="C" t="C.ar" l="C"/>
		<a id="11" s="C" t="C.1" l="C"/>
		<a id="12" s="N" t="N.1" l="N"/>
		<a id="13" s="C" t="C.ar" l="C"/>
		<a id="14" s="N" t="N.am" l="N"/>
		<a id="15" s="H" t="H" l="H"/>
		<a id="16" s="C" t="C.2" l="C"/>
		<a id="17" s="O" t="O.2" l="O"/>
		<a id="18" s="O" t="O.3" l="O"/>
		<a id="19" s="C" t="C.3" l="C"/>
		<a id="20" s="C" t="C.3" l="C"/>
		<a id="21" s="H" t="H" l="H"/>
		<a id="22" s="H" t="H" l="H"/>
		<a id="23" s="H" t="H" l="H"/>
		<a id="24" s="C" t="C.3" l="C"/>
		<a id="25" s="H" t="H" l="H"/>
		<a id="26" s="H" t="H" l="H"/>
		<a id="27" s="H" t="H" l="H"/>
		<a id="28" s="C" t="C.3" l="C"/>
		<a id="29" s="H" t="H" l="H"/>
		<a id="30" s="H" t="H" l="H"/>
		<a id="31" s="H" t="H" l="H"/>
		<a id="32" s="C" t="C.ar" l="C"/>
		<a id="33" s="O" t="O.3" l="O"/>
		<a id="34" s="C" t="C.3" l="C"/>
		<a id="35" s="H" t="H" l="H"/>
		<a id="36" s="H" t="H" l="H"/>
		<a id="37" s="C" t="C.ar" l="C"/>
		<a id="38" s="C" t="C.ar" l="C"/>
		<a id="39" s="H" t="H" l="H"/>
		<a id="40" s="C" t="C.ar" l="C"/>
		<a id="41" s="H" t="H" l="H"/>
		<a id="42" s="C" t="C.ar" l="C"/>
		<a id="43" s="H" t="H" l="H"/>
		<a id="44" s="C" t="C.ar" l="C"/>
		<a id="45" s="H" t="H" l="H"/>
		<a id="46" s="C" t="C.ar" l="C"/>
		<a id="47" s="H" t="H" l="H"/>
		<a id="48" s="C" t="C.ar" l="C"/>
		<a id="49" s="H" t="H" l="H"/>
		<a id="50" s="C" t="C.ar" l="C"/>
		<a id="51" s="N" t="N.am" l="N"/>
		<a id="52" s="H" t="H" l="H"/>
		<a id="53" s="C" t="C.2" l="C"/>
		<a id="54" s="O" t="O.2" l="O"/>
		<a id="55" s="O" t="O.3" l="O"/>
		<a id="56" s="C" t="C.3" l="C"/>
		<a id="57" s="C" t="C.3" l="C"/>
		<a id="58" s="H" t="H" l="H"/>
		<a id="59" s="H" t="H" l="H"/>
		<a id="60" s="H" t="H" l="H"/>
		<a id="61" s="C" t="C.3" l="C"/>
		<a id="62" s="H" t="H" l="H"/>
		<a id="63" s="H" t="H" l="H"/>
		<a id="64" s="H" t="H" l="H"/>
		<a id="65" s="C" t="C.3" l="C"/>
		<a id="66" s="H" t="H" l="H"/>
		<a id="67" s="H" t="H" l="H"/>
		<a id="68" s="H" t="H" l="H"/>
	</atoms>
	<bonds>
		<b id="1" c="3 2" t="1"/>
		<b id="2" c="58 57" t="1"/>
		<b id="3" c="22 20" t="1"/>
		<b id="4" c="21 20" t="1"/>
		<b id="5" c="1 2" t="1"/>
		<b id="6" c="2 4" t="2"/>
		<b id="7" c="23 20" t="1"/>
		<b id="8" c="66 65" t="1"/>
		<b id="9" c="20 19" t="1"/>
		<b id="10" c="60 57" t="1"/>
		<b id="11" c="57 59" t="1"/>
		<b id="12" c="57 56" t="1"/>
		<b id="13" c="68 65" t="1"/>
		<b id="14" c="65 56" t="1"/>
		<b id="15" c="65 67" t="1"/>
		<b id="16" c="4 5" t="1"/>
		<b id="17" c="4 6" t="1"/>
		<b id="18" c="17 16" t="2"/>
		<b id="19" c="56 55" t="1"/>
		<b id="20" c="56 61" t="1"/>
		<b id="21" c="29 28" t="1"/>
		<b id="22" c="55 53" t="1"/>
		<b id="23" c="30 28" t="1"/>
		<b id="24" c="52 51" t="1"/>
		<b id="25" c="19 28" t="1"/>
		<b id="26" c="19 18" t="1"/>
		<b id="27" c="19 24" t="1"/>
		<b id="28" c="36 34" t="1"/>
		<b id="29" c="53 51" t="am"/>
		<b id="30" c="53 54" t="2"/>
		<b id="31" c="51 50" t="1"/>
		<b id="32" c="26 24" t="1"/>
		<b id="33" c="28 31" t="1"/>
		<b id="34" c="16 18" t="1"/>
		<b id="35" c="16 14" t="am"/>
		<b id="36" c="25 24" t="1"/>
		<b id="37" c="49 48" t="1"/>
		<b id="38" c="50 48" t="ar"/>
		<b id="39" c="50 9" t="ar"/>
		<b id="40" c="48 32" t="ar"/>
		<b id="41" c="24 27" t="1"/>
		<b id="42" c="35 34" t="1"/>
		<b id="43" c="9 6" t="1"/>
		<b id="44" c="9 10" t="ar"/>
		<b id="45" c="6 8" t="1"/>
		<b id="46" c="6 7" t="1"/>
		<b id="47" c="32 33" t="1"/>
		<b id="48" c="32 13" t="ar"/>
		<b id="49" c="33 34" t="1"/>
		<b id="50" c="10 13" t="ar"/>
		<b id="51" c="10 11" t="1"/>
		<b id="52" c="34 37" t="1"/>
		<b id="53" c="13 14" t="1"/>
		<b id="54" c="62 61" t="1"/>
		<b id="55" c="61 64" t="1"/>
		<b id="56" c="61 63" t="1"/>
		<b id="57" c="14 15" t="1"/>
		<b id="58" c="11 12" t="3"/>
		<b id="59" c="39 38" t="1"/>
		<b id="60" c="37 38" t="ar"/>
		<b id="61" c="37 46" t="ar"/>
		<b id="62" c="38 40" t="ar"/>
		<b id="63" c="47 46" t="1"/>
		<b id="64" c="46 44" t="ar"/>
		<b id="65" c="40 41" t="1"/>
		<b id="66" c="40 42" t="ar"/>
		<b id="67" c="44 42" t="ar"/>
		<b id="68" c="44 45" t="1"/>
		<b id="69" c="42 43" t="1"/>
	</bonds>
	<geometry>
		<g u="A" t="cart/3d">#68,3:1.2118,-2.2520,-2.6068;1.9651,-3.0344,-2.4717;2.4100,-3.4576,-3.3765;2.3164,-3.4757,-1.2599;3.0647,-4.2755,-1.1833;1.7684,-3.0065,0.0724;2.6222,-2.7782,0.7391;1.2657,-3.8637,0.5500;0.8280,-1.8204,0.0450;-0.5632,-1.9847,0.2637;-1.0660,-3.2933,0.5798;-1.4223,-4.3514,0.8995;-1.4494,-0.8877,0.2762;-2.8341,-1.0234,0.4540;-3.3002,-0.2326,0.8868;-3.6442,-1.8158,-0.3455;-3.2416,-2.5951,-1.1772;-4.9291,-1.5657,-0.0303;-6.0348,-2.2906,-0.6694;-6.0464,-2.0093,-2.1761;-6.9434,-2.4599,-2.6300;-5.1564,-2.4276,-2.6636;-6.0783,-0.9241,-2.3642;-7.2682,-1.6865,0.0055;-7.3202,-0.6024,-0.1795;-8.1846,-2.1522,-0.3885;-7.2331,-1.8500,1.0935;-5.9212,-3.7873,-0.3610;-5.0186,-4.2187,-0.8127;-6.8033,-4.3147,-0.7577;-5.8832,-3.9530,0.7272;-0.9125,0.4119,0.1450;-1.8221,1.4221,0.2120;-1.3918,2.7855,0.2660;-2.3017,3.3553,0.0225;-0.6521,2.9918,-0.5247;-0.8650,3.1980,1.6249;0.4327,3.7041,1.7831;1.1028,3.7740,0.9218;0.8904,4.1030,3.0440;1.9056,4.4938,3.1520;0.0591,3.9897,4.1609;0.4184,4.2972,5.1467;-1.2352,3.4763,4.0141;-1.8903,3.3839,4.8847;-1.6932,3.0867,2.7545;-2.7067,2.6904,2.6427;0.4517,0.5943,-0.0640;0.8780,1.5844,-0.1780;1.3156,-0.5108,-0.1464;2.6878,-0.3440,-0.4112;3.1945,-1.1653,-0.7232;3.4253,0.8180,-0.4261;3.0125,1.9325,-0.1720;4.6900,0.5060,-0.7731;5.7437,1.5203,-0.9020;5.3719,2.5267,-1.9960;5.1568,2.0037,-2.9414;4.4927,3.1190,-1.7113;6.2165,3.2117,-2.1710;5.9854,2.1968,0.4514;6.8484,2.8773,0.3766;6.2119,1.4428,1.2219;5.1080,2.7747,0.7690;6.9601,0.6907,-1.3192;6.7655,0.1668,-2.2676;7.1977,-0.0617,-0.5517;7.8373,1.3420,-1.4534;</g>
	</geometry>
	<conformers/>
	<properties/>
</molecule>
