<?xml version="1.0" ?>
<!--MOLLI PACKAGE EXPERIMENTAL XML FORMAT-->
<molecule name="react_251">
	<atoms>
		<a id="1" s="H" t="H" l="H"/>
		<a id="2" s="C" t="C.2" l="C"/>
		<a id="3" s="H" t="H" l="H"/>
		<a id="4" s="C" t="C.2" l="C"/>
		<a id="5" s="H" t="H" l="H"/>
		<a id="6" s="C" t="C.3" l="C"/>
		<a id="7" s="H" t="H" l="H"/>
		<a id="8" s="H" t="H" l="H"/>
		<a id="9" s="C" t="C.ar" l="C"/>
		<a id="10" s="C" t="C.ar" l="C"/>
		<a id="11" s="C" t="C.1" l="C"/>
		<a id="12" s="N" t="N.1" l="N"/>
		<a id="13" s="C" t="C.ar" l="C"/>
		<a id="14" s="N" t="N.am" l="N"/>
		<a id="15" s="H" t="H" l="H"/>
		<a id="16" s="C" t="C.2" l="C"/>
		<a id="17" s="O" t="O.2" l="O"/>
		<a id="18" s="C" t="C.ar" l="C"/>
		<a id="19" s="C" t="C.ar" l="C"/>
		<a id="20" s="H" t="H" l="H"/>
		<a id="21" s="C" t="C.ar" l="C"/>
		<a id="22" s="H" t="H" l="H"/>
		<a id="23" s="C" t="C.ar" l="C"/>
		<a id="24" s="H" t="H" l="H"/>
		<a id="25" s="C" t="C.ar" l="C"/>
		<a id="26" s="H" t="H" l="H"/>
		<a id="27" s="C" t="C.ar" l="C"/>
		<a id="28" s="H" t="H" l="H"/>
		<a id="29" s="C" t="C.ar" l="C"/>
		<a id="30" s="O" t="O.3" l="O"/>
		<a id="31" s="C" t="C.3" l="C"/>
		<a id="32" s="H" t="H" l="H"/>
		<a id="33" s="H" t="H" l="H"/>
		<a id="34" s="C" t="C.ar" l="C"/>
		<a id="35" s="C" t="C.ar" l="C"/>
		<a id="36" s="H" t="H" l="H"/>
		<a id="37" s="C" t="C.ar" l="C"/>
		<a id="38" s="H" t="H" l="H"/>
		<a id="39" s="C" t="C.ar" l="C"/>
		<a id="40" s="H" t="H" l="H"/>
		<a id="41" s="C" t="C.ar" l="C"/>
		<a id="42" s="H" t="H" l="H"/>
		<a id="43" s="C" t="C.ar" l="C"/>
		<a id="44" s="H" t="H" l="H"/>
		<a id="45" s="C" t="C.ar" l="C"/>
		<a id="46" s="H" t="H" l="H"/>
		<a id="47" s="C" t="C.ar" l="C"/>
		<a id="48" s="N" t="N.am" l="N"/>
		<a id="49" s="H" t="H" l="H"/>
		<a id="50" s="C" t="C.2" l="C"/>
		<a id="51" s="O" t="O.2" l="O"/>
		<a id="52" s="C" t="C.ar" l="C"/>
		<a id="53" s="C" t="C.ar" l="C"/>
		<a id="54" s="H" t="H" l="H"/>
		<a id="55" s="C" t="C.ar" l="C"/>
		<a id="56" s="H" t="H" l="H"/>
		<a id="57" s="C" t="C.ar" l="C"/>
		<a id="58" s="H" t="H" l="H"/>
		<a id="59" s="C" t="C.ar" l="C"/>
		<a id="60" s="H" t="H" l="H"/>
		<a id="61" s="C" t="C.ar" l="C"/>
		<a id="62" s="H" t="H" l="H"/>
	</atoms>
	<bonds>
		<b id="1" c="38 37" t="1"/>
		<b id="2" c="36 35" t="1"/>
		<b id="3" c="3 2" t="1"/>
		<b id="4" c="26 25" t="1"/>
		<b id="5" c="37 35" t="ar"/>
		<b id="6" c="37 39" t="ar"/>
		<b id="7" c="28 27" t="1"/>
		<b id="8" c="35 34" t="ar"/>
		<b id="9" c="40 39" t="1"/>
		<b id="10" c="33 31" t="1"/>
		<b id="11" c="2 1" t="1"/>
		<b id="12" c="2 4" t="2"/>
		<b id="13" c="5 4" t="1"/>
		<b id="14" c="39 41" t="ar"/>
		<b id="15" c="25 27" t="ar"/>
		<b id="16" c="25 23" t="ar"/>
		<b id="17" c="27 18" t="ar"/>
		<b id="18" c="15 14" t="1"/>
		<b id="19" c="34 31" t="1"/>
		<b id="20" c="34 43" t="ar"/>
		<b id="21" c="4 6" t="1"/>
		<b id="22" c="31 30" t="1"/>
		<b id="23" c="31 32" t="1"/>
		<b id="24" c="30 29" t="1"/>
		<b id="25" c="54 53" t="1"/>
		<b id="26" c="24 23" t="1"/>
		<b id="27" c="14 13" t="1"/>
		<b id="28" c="14 16" t="am"/>
		<b id="29" c="41 43" t="ar"/>
		<b id="30" c="41 42" t="1"/>
		<b id="31" c="29 13" t="ar"/>
		<b id="32" c="29 45" t="ar"/>
		<b id="33" c="23 21" t="ar"/>
		<b id="34" c="13 10" t="ar"/>
		<b id="35" c="46 45" t="1"/>
		<b id="36" c="12 11" t="3"/>
		<b id="37" c="43 44" t="1"/>
		<b id="38" c="45 47" t="ar"/>
		<b id="39" c="56 55" t="1"/>
		<b id="40" c="11 10" t="1"/>
		<b id="41" c="51 50" t="2"/>
		<b id="42" c="10 9" t="ar"/>
		<b id="43" c="53 55" t="ar"/>
		<b id="44" c="53 52" t="ar"/>
		<b id="45" c="47 9" t="ar"/>
		<b id="46" c="47 48" t="1"/>
		<b id="47" c="9 6" t="1"/>
		<b id="48" c="18 16" t="1"/>
		<b id="49" c="18 19" t="ar"/>
		<b id="50" c="50 48" t="am"/>
		<b id="51" c="50 52" t="1"/>
		<b id="52" c="55 57" t="ar"/>
		<b id="53" c="48 49" t="1"/>
		<b id="54" c="6 8" t="1"/>
		<b id="55" c="6 7" t="1"/>
		<b id="56" c="16 17" t="2"/>
		<b id="57" c="52 61" t="ar"/>
		<b id="58" c="21 19" t="ar"/>
		<b id="59" c="21 22" t="1"/>
		<b id="60" c="57 58" t="1"/>
		<b id="61" c="57 59" t="ar"/>
		<b id="62" c="19 20" t="1"/>
		<b id="63" c="61 59" t="ar"/>
		<b id="64" c="61 62" t="1"/>
		<b id="65" c="59 60" t="1"/>
	</bonds>
	<geometry>
		<g u="A" t="cart/3d">#62,3:2.2980,-5.4128,-0.7627;2.9505,-4.6564,-1.2106;3.4697,-4.9282,-2.1343;3.0938,-3.4453,-0.6660;3.7367,-2.7087,-1.1662;2.4012,-2.9869,0.6003;3.1555,-2.7119,1.3623;1.8496,-3.8322,1.0347;1.4498,-1.8202,0.3797;0.0680,-2.0654,0.1751;-0.3813,-3.4278,0.1005;-0.6785,-4.5449,-0.0104;-0.8488,-1.0167,-0.0357;-2.2288,-1.2109,-0.1991;-2.6861,-0.4775,-0.7314;-3.0322,-1.9134,0.6955;-2.5813,-2.4894,1.6660;-4.5027,-1.8963,0.3803;-5.3856,-2.2427,1.4163;-4.9630,-2.5049,2.3883;-6.7630,-2.2533,1.1965;-7.4423,-2.5188,2.0109;-7.2744,-1.9313,-0.0663;-8.3538,-1.9444,-0.2404;-6.4020,-1.6034,-1.1086;-6.7958,-1.3693,-2.1011;-5.0221,-1.5864,-0.8881;-4.3521,-1.3614,-1.7217;-0.3488,0.3026,-0.1153;-1.2851,1.2530,-0.3725;-0.9008,2.6224,-0.4631;-0.4097,2.9228,0.4823;-0.1646,2.7595,-1.2747;-2.1298,3.4614,-0.7146;-2.1083,4.4822,-1.6746;-1.2035,4.6500,-2.2665;-3.2341,5.2855,-1.8854;-3.2024,6.0782,-2.6377;-4.3982,5.0673,-1.1440;-5.2809,5.6902,-1.3116;-4.4300,4.0455,-0.1881;-5.3386,3.8677,0.3936;-3.3024,3.2507,0.0285;-3.3307,2.4510,0.7727;1.0079,0.5653,0.0504;1.4055,1.5731,-0.0156;1.9058,-0.4867,0.3171;3.2768,-0.2350,0.5226;3.8425,-1.0528,0.7038;3.9684,0.9566,0.4459;3.4635,2.0199,0.1185;5.4362,0.8591,0.7757;6.2780,1.8550,0.2535;5.8326,2.6395,-0.3615;7.6472,1.8352,0.5196;8.2941,2.6094,0.0987;8.1917,0.8300,1.3272;9.2639,0.8170,1.5400;7.3589,-0.1526,1.8707;7.7746,-0.9285,2.5187;5.9885,-0.1385,1.5973;5.3522,-0.8955,2.0642;</g>
	</geometry>
	<conformers/>
	<properties/>
</molecule>
