<?xml version="1.0" ?>
<!--MOLLI PACKAGE EXPERIMENTAL XML FORMAT-->
<molecule name="react_252">
	<atoms>
		<a id="1" s="H" t="H" l="H"/>
		<a id="2" s="C" t="C.2" l="C"/>
		<a id="3" s="H" t="H" l="H"/>
		<a id="4" s="C" t="C.2" l="C"/>
		<a id="5" s="H" t="H" l="H"/>
		<a id="6" s="C" t="C.3" l="C"/>
		<a id="7" s="H" t="H" l="H"/>
		<a id="8" s="H" t="H" l="H"/>
		<a id="9" s="C" t="C.ar" l="C"/>
		<a id="10" s="C" t="C.ar" l="C"/>
		<a id="11" s="C" t="C.1" l="C"/>
		<a id="12" s="N" t="N.1" l="N"/>
		<a id="13" s="C" t="C.ar" l="C"/>
		<a id="14" s="N" t="N.am" l="N"/>
		<a id="15" s="C" t="C.2" l="C"/>
		<a id="16" s="O" t="O.2" l="O"/>
		<a id="17" s="C" t="C.ar" l="C"/>
		<a id="18" s="C" t="C.ar" l="C"/>
		<a id="19" s="H" t="H" l="H"/>
		<a id="20" s="C" t="C.ar" l="C"/>
		<a id="21" s="H" t="H" l="H"/>
		<a id="22" s="C" t="C.ar" l="C"/>
		<a id="23" s="H" t="H" l="H"/>
		<a id="24" s="C" t="C.ar" l="C"/>
		<a id="25" s="H" t="H" l="H"/>
		<a id="26" s="C" t="C.ar" l="C"/>
		<a id="27" s="H" t="H" l="H"/>
		<a id="28" s="C" t="C.3" l="C"/>
		<a id="29" s="H" t="H" l="H"/>
		<a id="30" s="H" t="H" l="H"/>
		<a id="31" s="H" t="H" l="H"/>
		<a id="32" s="C" t="C.ar" l="C"/>
		<a id="33" s="O" t="O.3" l="O"/>
		<a id="34" s="C" t="C.3" l="C"/>
		<a id="35" s="H" t="H" l="H"/>
		<a id="36" s="H" t="H" l="H"/>
		<a id="37" s="C" t="C.ar" l="C"/>
		<a id="38" s="C" t="C.ar" l="C"/>
		<a id="39" s="H" t="H" l="H"/>
		<a id="40" s="C" t="C.ar" l="C"/>
		<a id="41" s="H" t="H" l="H"/>
		<a id="42" s="C" t="C.ar" l="C"/>
		<a id="43" s="H" t="H" l="H"/>
		<a id="44" s="C" t="C.ar" l="C"/>
		<a id="45" s="H" t="H" l="H"/>
		<a id="46" s="C" t="C.ar" l="C"/>
		<a id="47" s="H" t="H" l="H"/>
		<a id="48" s="C" t="C.ar" l="C"/>
		<a id="49" s="H" t="H" l="H"/>
		<a id="50" s="C" t="C.ar" l="C"/>
		<a id="51" s="N" t="N.am" l="N"/>
		<a id="52" s="C" t="C.2" l="C"/>
		<a id="53" s="O" t="O.2" l="O"/>
		<a id="54" s="C" t="C.ar" l="C"/>
		<a id="55" s="C" t="C.ar" l="C"/>
		<a id="56" s="H" t="H" l="H"/>
		<a id="57" s="C" t="C.ar" l="C"/>
		<a id="58" s="H" t="H" l="H"/>
		<a id="59" s="C" t="C.ar" l="C"/>
		<a id="60" s="H" t="H" l="H"/>
		<a id="61" s="C" t="C.ar" l="C"/>
		<a id="62" s="H" t="H" l="H"/>
		<a id="63" s="C" t="C.ar" l="C"/>
		<a id="64" s="H" t="H" l="H"/>
		<a id="65" s="C" t="C.3" l="C"/>
		<a id="66" s="H" t="H" l="H"/>
		<a id="67" s="H" t="H" l="H"/>
		<a id="68" s="H" t="H" l="H"/>
	</atoms>
	<bonds>
		<b id="1" c="41 40" t="1"/>
		<b id="2" c="43 42" t="1"/>
		<b id="3" c="40 42" t="ar"/>
		<b id="4" c="40 38" t="ar"/>
		<b id="5" c="42 44" t="ar"/>
		<b id="6" c="39 38" t="1"/>
		<b id="7" c="38 37" t="ar"/>
		<b id="8" c="21 20" t="1"/>
		<b id="9" c="44 45" t="1"/>
		<b id="10" c="44 46" t="ar"/>
		<b id="11" c="19 18" t="1"/>
		<b id="12" c="20 18" t="ar"/>
		<b id="13" c="20 22" t="ar"/>
		<b id="14" c="37 46" t="ar"/>
		<b id="15" c="37 34" t="1"/>
		<b id="16" c="18 17" t="ar"/>
		<b id="17" c="46 47" t="1"/>
		<b id="18" c="16 15" t="2"/>
		<b id="19" c="36 34" t="1"/>
		<b id="20" c="56 55" t="1"/>
		<b id="21" c="23 22" t="1"/>
		<b id="22" c="58 57" t="1"/>
		<b id="23" c="22 24" t="ar"/>
		<b id="24" c="53 52" t="2"/>
		<b id="25" c="34 35" t="1"/>
		<b id="26" c="34 33" t="1"/>
		<b id="27" c="17 15" t="1"/>
		<b id="28" c="17 26" t="ar"/>
		<b id="29" c="15 14" t="am"/>
		<b id="30" c="55 57" t="ar"/>
		<b id="31" c="55 54" t="ar"/>
		<b id="32" c="57 59" t="ar"/>
		<b id="33" c="24 26" t="ar"/>
		<b id="34" c="24 25" t="1"/>
		<b id="35" c="33 32" t="1"/>
		<b id="36" c="26 27" t="1"/>
		<b id="37" c="52 54" t="1"/>
		<b id="38" c="52 51" t="am"/>
		<b id="39" c="49 48" t="1"/>
		<b id="40" c="54 63" t="ar"/>
		<b id="41" c="32 48" t="ar"/>
		<b id="42" c="32 13" t="ar"/>
		<b id="43" c="59 60" t="1"/>
		<b id="44" c="59 61" t="ar"/>
		<b id="45" c="48 50" t="ar"/>
		<b id="46" c="14 13" t="1"/>
		<b id="47" c="14 28" t="1"/>
		<b id="48" c="13 10" t="ar"/>
		<b id="49" c="50 51" t="1"/>
		<b id="50" c="50 9" t="ar"/>
		<b id="51" c="10 9" t="ar"/>
		<b id="52" c="10 11" t="1"/>
		<b id="53" c="51 65" t="1"/>
		<b id="54" c="63 61" t="ar"/>
		<b id="55" c="63 64" t="1"/>
		<b id="56" c="61 62" t="1"/>
		<b id="57" c="9 6" t="1"/>
		<b id="58" c="31 28" t="1"/>
		<b id="59" c="8 6" t="1"/>
		<b id="60" c="7 6" t="1"/>
		<b id="61" c="11 12" t="3"/>
		<b id="62" c="28 30" t="1"/>
		<b id="63" c="28 29" t="1"/>
		<b id="64" c="6 4" t="1"/>
		<b id="65" c="66 65" t="1"/>
		<b id="66" c="65 67" t="1"/>
		<b id="67" c="65 68" t="1"/>
		<b id="68" c="4 5" t="1"/>
		<b id="69" c="4 2" t="2"/>
		<b id="70" c="3 2" t="1"/>
		<b id="71" c="2 1" t="1"/>
	</bonds>
	<geometry>
		<g u="A" t="cart/3d">#68,3:3.4079,-2.4557,5.1440;3.4596,-2.3376,4.0578;4.4529,-2.1753,3.6241;2.3644,-2.4093,3.2953;1.3931,-2.5908,3.7725;2.3467,-2.2998,1.7872;3.3521,-2.0480,1.4215;2.0964,-3.2932,1.3746;1.3444,-1.2968,1.2443;-0.0173,-1.6548,1.0726;-0.4667,-2.9710,1.4383;-0.8365,-4.0279,1.7481;-0.9725,-0.7672,0.5447;-2.3313,-1.1827,0.4160;-2.8008,-1.4670,-0.8593;-2.1323,-1.2387,-1.8537;-4.1474,-2.1336,-0.9708;-5.0567,-1.6680,-1.9331;-4.7994,-0.7873,-2.5257;-6.2734,-2.3247,-2.1269;-6.9829,-1.9483,-2.8687;-6.5800,-3.4694,-1.3823;-7.5287,-3.9891,-1.5417;-5.6664,-3.9534,-0.4407;-5.8928,-4.8583,0.1295;-4.4569,-3.2856,-0.2289;-3.7376,-3.6752,0.4964;-3.1743,-0.9920,1.5967;-2.9049,-1.6934,2.4035;-3.0653,0.0398,1.9704;-4.2265,-1.1503,1.3344;-0.5712,0.5297,0.1649;-1.5280,1.3379,-0.3327;-1.1512,2.4787,-1.1077;-0.8356,3.3028,-0.4425;-0.2912,2.2067,-1.7458;-2.3172,2.9050,-1.9646;-2.8720,1.9998,-2.8858;-2.4767,0.9815,-2.9431;-3.9293,2.3963,-3.7070;-4.3527,1.6881,-4.4249;-4.4436,3.6963,-3.6204;-5.2699,4.0038,-4.2672;-3.8973,4.5989,-2.7052;-4.2959,5.6143,-2.6297;-2.8400,4.2014,-1.8785;-2.4172,4.9096,-1.1591;0.7656,0.9004,0.3433;1.1055,1.8970,0.0637;1.7055,0.0091,0.8792;3.0515,0.4770,1.0748;3.8541,0.5879,-0.0555;3.4126,0.3737,-1.1718;5.3103,0.9396,0.1276;5.9021,1.7682,-0.8398;5.2780,2.1657,-1.6431;7.2645,2.0647,-0.7809;7.7112,2.7216,-1.5319;8.0601,1.5106,0.2284;9.1294,1.7350,0.2693;7.4862,0.6592,1.1774;8.1068,0.2065,1.9552;6.1172,0.3795,1.1315;5.6808,-0.2958,1.8712;3.3013,1.1498,2.3516;4.2533,1.6914,2.3178;2.5000,1.8813,2.5540;3.3260,0.4316,3.1865;</g>
	</geometry>
	<conformers/>
	<properties/>
</molecule>
