<?xml version="1.0" ?>
<!--MOLLI PACKAGE EXPERIMENTAL XML FORMAT-->
<molecule name="react_253">
	<atoms>
		<a id="1" s="H" t="H" l="H"/>
		<a id="2" s="C" t="C.2" l="C"/>
		<a id="3" s="H" t="H" l="H"/>
		<a id="4" s="C" t="C.2" l="C"/>
		<a id="5" s="H" t="H" l="H"/>
		<a id="6" s="C" t="C.ar" l="C"/>
		<a id="7" s="C" t="C.ar" l="C"/>
		<a id="8" s="H" t="H" l="H"/>
		<a id="9" s="C" t="C.ar" l="C"/>
		<a id="10" s="H" t="H" l="H"/>
		<a id="11" s="C" t="C.ar" l="C"/>
		<a id="12" s="H" t="H" l="H"/>
		<a id="13" s="C" t="C.ar" l="C"/>
		<a id="14" s="H" t="H" l="H"/>
		<a id="15" s="C" t="C.ar" l="C"/>
		<a id="16" s="O" t="O.3" l="O"/>
		<a id="17" s="C" t="C.3" l="C"/>
		<a id="18" s="H" t="H" l="H"/>
		<a id="19" s="H" t="H" l="H"/>
		<a id="20" s="H" t="H" l="H"/>
	</atoms>
	<bonds>
		<b id="1" c="10 9" t="1"/>
		<b id="2" c="9 11" t="ar"/>
		<b id="3" c="9 7" t="ar"/>
		<b id="4" c="12 11" t="1"/>
		<b id="5" c="8 7" t="1"/>
		<b id="6" c="11 13" t="ar"/>
		<b id="7" c="7 6" t="ar"/>
		<b id="8" c="13 14" t="1"/>
		<b id="9" c="13 15" t="ar"/>
		<b id="10" c="6 15" t="ar"/>
		<b id="11" c="6 4" t="1"/>
		<b id="12" c="19 17" t="1"/>
		<b id="13" c="1 2" t="1"/>
		<b id="14" c="15 16" t="1"/>
		<b id="15" c="4 2" t="2"/>
		<b id="16" c="4 5" t="1"/>
		<b id="17" c="2 3" t="1"/>
		<b id="18" c="16 17" t="1"/>
		<b id="19" c="17 20" t="1"/>
		<b id="20" c="17 18" t="1"/>
	</bonds>
	<geometry>
		<g u="A" t="cart/3d">#20,3:-1.9721,3.0569,0.0169;-0.9035,3.1188,0.2441;-0.5180,4.1077,0.5067;-0.0887,2.0523,0.2181;0.9616,2.1943,0.4855;-0.4538,0.6672,-0.1277;-1.6881,0.3267,-0.7061;-2.4044,1.1225,-0.9239;-2.0183,-0.9914,-1.0245;-2.9864,-1.2201,-1.4768;-1.0979,-2.0099,-0.7683;-1.3393,-3.0477,-1.0136;0.1440,-1.7106,-0.1999;0.8515,-2.5172,-0.0071;0.4710,-0.3842,0.1206;1.6567,-0.0226,0.6797;2.6385,-0.9999,0.9363;2.2866,-1.7575,1.6602;2.9606,-1.5139,0.0122;3.4999,-0.4715,1.3677;</g>
	</geometry>
	<conformers/>
	<properties/>
</molecule>
