<?xml version="1.0" ?>
<!--MOLLI PACKAGE EXPERIMENTAL XML FORMAT-->
<molecule name="react_255">
	<atoms>
		<a id="1" s="H" t="H" l="H"/>
		<a id="2" s="C" t="C.2" l="C"/>
		<a id="3" s="H" t="H" l="H"/>
		<a id="4" s="C" t="C.2" l="C"/>
		<a id="5" s="H" t="H" l="H"/>
		<a id="6" s="C" t="C.3" l="C"/>
		<a id="7" s="H" t="H" l="H"/>
		<a id="8" s="H" t="H" l="H"/>
		<a id="9" s="C" t="C.3" l="C"/>
		<a id="10" s="H" t="H" l="H"/>
		<a id="11" s="H" t="H" l="H"/>
		<a id="12" s="C" t="C.ar" l="C"/>
		<a id="13" s="N" t="N.ar" l="N"/>
		<a id="14" s="C" t="C.ar" l="C"/>
		<a id="15" s="O" t="O.3" l="O"/>
		<a id="16" s="C" t="C.3" l="C"/>
		<a id="17" s="H" t="H" l="H"/>
		<a id="18" s="H" t="H" l="H"/>
		<a id="19" s="H" t="H" l="H"/>
		<a id="20" s="C" t="C.ar" l="C"/>
		<a id="21" s="N" t="N.am" l="N"/>
		<a id="22" s="H" t="H" l="H"/>
		<a id="23" s="C" t="C.2" l="C"/>
		<a id="24" s="O" t="O.2" l="O"/>
		<a id="25" s="O" t="O.3" l="O"/>
		<a id="26" s="C" t="C.3" l="C"/>
		<a id="27" s="H" t="H" l="H"/>
		<a id="28" s="H" t="H" l="H"/>
		<a id="29" s="C" t="C.ar" l="C"/>
		<a id="30" s="C" t="C.ar" l="C"/>
		<a id="31" s="H" t="H" l="H"/>
		<a id="32" s="C" t="C.ar" l="C"/>
		<a id="33" s="H" t="H" l="H"/>
		<a id="34" s="C" t="C.ar" l="C"/>
		<a id="35" s="H" t="H" l="H"/>
		<a id="36" s="C" t="C.ar" l="C"/>
		<a id="37" s="H" t="H" l="H"/>
		<a id="38" s="C" t="C.ar" l="C"/>
		<a id="39" s="H" t="H" l="H"/>
		<a id="40" s="C" t="C.ar" l="C"/>
		<a id="41" s="H" t="H" l="H"/>
		<a id="42" s="C" t="C.ar" l="C"/>
		<a id="43" s="H" t="H" l="H"/>
	</atoms>
	<bonds>
		<b id="1" c="17 16" t="1"/>
		<b id="2" c="19 16" t="1"/>
		<b id="3" c="16 18" t="1"/>
		<b id="4" c="16 15" t="1"/>
		<b id="5" c="10 9" t="1"/>
		<b id="6" c="15 14" t="1"/>
		<b id="7" c="5 4" t="1"/>
		<b id="8" c="13 14" t="ar"/>
		<b id="9" c="13 12" t="ar"/>
		<b id="10" c="9 11" t="1"/>
		<b id="11" c="9 12" t="1"/>
		<b id="12" c="9 6" t="1"/>
		<b id="13" c="14 20" t="ar"/>
		<b id="14" c="35 34" t="1"/>
		<b id="15" c="12 42" t="ar"/>
		<b id="16" c="33 32" t="1"/>
		<b id="17" c="7 6" t="1"/>
		<b id="18" c="4 6" t="1"/>
		<b id="19" c="4 2" t="2"/>
		<b id="20" c="22 21" t="1"/>
		<b id="21" c="6 8" t="1"/>
		<b id="22" c="34 32" t="ar"/>
		<b id="23" c="34 36" t="ar"/>
		<b id="24" c="32 30" t="ar"/>
		<b id="25" c="20 21" t="1"/>
		<b id="26" c="20 40" t="ar"/>
		<b id="27" c="21 23" t="am"/>
		<b id="28" c="42 40" t="ar"/>
		<b id="29" c="42 43" t="1"/>
		<b id="30" c="37 36" t="1"/>
		<b id="31" c="1 2" t="1"/>
		<b id="32" c="36 38" t="ar"/>
		<b id="33" c="30 31" t="1"/>
		<b id="34" c="30 29" t="ar"/>
		<b id="35" c="2 3" t="1"/>
		<b id="36" c="40 41" t="1"/>
		<b id="37" c="25 23" t="1"/>
		<b id="38" c="25 26" t="1"/>
		<b id="39" c="38 29" t="ar"/>
		<b id="40" c="38 39" t="1"/>
		<b id="41" c="23 24" t="2"/>
		<b id="42" c="29 26" t="1"/>
		<b id="43" c="26 27" t="1"/>
		<b id="44" c="26 28" t="1"/>
	</bonds>
	<geometry>
		<g u="A" t="cart/3d">#43,3:6.1601,-2.1936,0.3900;5.9366,-1.1408,0.5865;5.7885,-0.8535,1.6334;5.8483,-0.2476,-0.4035;5.9969,-0.5867,-1.4376;5.5738,1.2209,-0.2339;6.4719,1.7859,-0.5495;5.4174,1.4522,0.8338;4.3813,1.7565,-1.0643;4.5488,1.5267,-2.1296;4.3589,2.8543,-0.9666;3.0399,1.1893,-0.6633;2.6591,0.0375,-1.2530;1.5168,-0.5179,-0.9175;1.1215,-1.6775,-1.4998;1.9823,-2.2590,-2.4706;2.1302,-1.5817,-3.3268;2.9698,-2.4862,-2.0395;1.4881,-3.1828,-2.7998;0.6218,0.0238,0.0452;-0.5624,-0.6834,0.2851;-0.6789,-1.5349,-0.2545;-1.5706,-0.3543,1.1493;-1.6085,0.6216,1.8704;-2.5356,-1.3026,1.0833;-3.7028,-1.1139,1.9094;-4.0186,-2.1301,2.1840;-3.4069,-0.5662,2.8151;-4.8110,-0.3919,1.1787;-5.8397,-1.1135,0.5545;-5.8422,-2.2064,0.6103;-6.8617,-0.4518,-0.1327;-7.6586,-1.0277,-0.6112;-6.8639,0.9444,-0.2053;-7.6629,1.4646,-0.7407;-5.8419,1.6735,0.4126;-5.8409,2.7657,0.3603;-4.8225,1.0114,1.1014;-4.0190,1.5770,1.5796;1.0079,1.2156,0.6570;0.3544,1.6711,1.3992;2.2310,1.8001,0.2958;2.5437,2.7360,0.7649;</g>
	</geometry>
	<conformers/>
	<properties/>
</molecule>
