<?xml version="1.0" ?>
<!--MOLLI PACKAGE EXPERIMENTAL XML FORMAT-->
<molecule name="react_261">
	<atoms>
		<a id="1" s="H" t="H" l="H"/>
		<a id="2" s="C" t="C.2" l="C"/>
		<a id="3" s="C" t="C.2" l="C"/>
		<a id="4" s="C" t="C.2" l="C"/>
		<a id="5" s="O" t="O.2" l="O"/>
		<a id="6" s="O" t="O.3" l="O"/>
		<a id="7" s="C" t="C.3" l="C"/>
		<a id="8" s="H" t="H" l="H"/>
		<a id="9" s="H" t="H" l="H"/>
		<a id="10" s="H" t="H" l="H"/>
		<a id="11" s="C" t="C.3" l="C"/>
		<a id="12" s="H" t="H" l="H"/>
		<a id="13" s="C" t="C.3" l="C"/>
		<a id="14" s="H" t="H" l="H"/>
		<a id="15" s="H" t="H" l="H"/>
		<a id="16" s="H" t="H" l="H"/>
		<a id="17" s="C" t="C.3" l="C"/>
		<a id="18" s="H" t="H" l="H"/>
		<a id="19" s="H" t="H" l="H"/>
		<a id="20" s="H" t="H" l="H"/>
		<a id="21" s="C" t="C.3" l="C"/>
		<a id="22" s="H" t="H" l="H"/>
		<a id="23" s="H" t="H" l="H"/>
		<a id="24" s="H" t="H" l="H"/>
	</atoms>
	<bonds>
		<b id="1" c="15 13" t="1"/>
		<b id="2" c="16 13" t="1"/>
		<b id="3" c="14 13" t="1"/>
		<b id="4" c="13 11" t="1"/>
		<b id="5" c="23 21" t="1"/>
		<b id="6" c="24 21" t="1"/>
		<b id="7" c="10 7" t="1"/>
		<b id="8" c="21 2" t="1"/>
		<b id="9" c="21 22" t="1"/>
		<b id="10" c="11 3" t="1"/>
		<b id="11" c="11 12" t="1"/>
		<b id="12" c="11 17" t="1"/>
		<b id="13" c="2 3" t="2"/>
		<b id="14" c="2 1" t="1"/>
		<b id="15" c="3 4" t="1"/>
		<b id="16" c="4 6" t="1"/>
		<b id="17" c="4 5" t="2"/>
		<b id="18" c="6 7" t="1"/>
		<b id="19" c="7 8" t="1"/>
		<b id="20" c="7 9" t="1"/>
		<b id="21" c="18 17" t="1"/>
		<b id="22" c="19 17" t="1"/>
		<b id="23" c="17 20" t="1"/>
	</bonds>
	<geometry>
		<g u="A" t="cart/3d">#24,3:0.2077,2.5571,0.0370;-0.4705,1.7018,-0.0646;0.1211,0.4907,0.0261;1.6092,0.5492,0.2470;2.2627,1.5629,0.3607;2.1810,-0.6749,0.3086;3.5915,-0.6975,0.5134;3.8815,-1.7557,0.5415;3.8593,-0.2019,1.4595;4.1157,-0.1790,-0.3045;-0.5645,-0.8736,-0.0743;0.2290,-1.6213,0.0530;-1.1785,-1.1315,-1.4633;-1.5706,-2.1605,-1.5248;-0.4241,-1.0118,-2.2573;-2.0107,-0.4468,-1.6902;-1.5732,-1.1195,1.0638;-2.4416,-0.4443,1.0122;-1.9553,-2.1532,1.0198;-1.0998,-0.9787,2.0487;-1.9082,2.0517,-0.2840;-2.2742,2.6827,0.5458;-2.0115,2.6664,-1.1964;-2.5762,1.1876,-0.3775;</g>
	</geometry>
	<conformers/>
	<properties/>
</molecule>
