<?xml version="1.0" ?>
<!--MOLLI PACKAGE EXPERIMENTAL XML FORMAT-->
<molecule name="react_262">
	<atoms>
		<a id="1" s="H" t="H" l="H"/>
		<a id="2" s="C" t="C.2" l="C"/>
		<a id="3" s="C" t="C.2" l="C"/>
		<a id="4" s="C" t="C.3" l="C"/>
		<a id="5" s="H" t="H" l="H"/>
		<a id="6" s="H" t="H" l="H"/>
		<a id="7" s="H" t="H" l="H"/>
		<a id="8" s="C" t="C.3" l="C"/>
		<a id="9" s="H" t="H" l="H"/>
		<a id="10" s="H" t="H" l="H"/>
		<a id="11" s="O" t="O.3" l="O"/>
		<a id="12" s="C" t="C.2" l="C"/>
		<a id="13" s="O" t="O.2" l="O"/>
		<a id="14" s="C" t="C.3" l="C"/>
		<a id="15" s="H" t="H" l="H"/>
		<a id="16" s="H" t="H" l="H"/>
		<a id="17" s="H" t="H" l="H"/>
		<a id="18" s="C" t="C.3" l="C"/>
		<a id="19" s="H" t="H" l="H"/>
		<a id="20" s="H" t="H" l="H"/>
		<a id="21" s="O" t="O.3" l="O"/>
		<a id="22" s="C" t="C.2" l="C"/>
		<a id="23" s="O" t="O.2" l="O"/>
		<a id="24" s="C" t="C.3" l="C"/>
		<a id="25" s="H" t="H" l="H"/>
		<a id="26" s="H" t="H" l="H"/>
		<a id="27" s="H" t="H" l="H"/>
	</atoms>
	<bonds>
		<b id="1" c="15 14" t="1"/>
		<b id="2" c="16 14" t="1"/>
		<b id="3" c="14 17" t="1"/>
		<b id="4" c="14 12" t="1"/>
		<b id="5" c="5 4" t="1"/>
		<b id="6" c="7 4" t="1"/>
		<b id="7" c="12 11" t="1"/>
		<b id="8" c="12 13" t="2"/>
		<b id="9" c="4 6" t="1"/>
		<b id="10" c="4 3" t="1"/>
		<b id="11" c="11 8" t="1"/>
		<b id="12" c="9 8" t="1"/>
		<b id="13" c="8 3" t="1"/>
		<b id="14" c="8 10" t="1"/>
		<b id="15" c="3 2" t="2"/>
		<b id="16" c="1 2" t="1"/>
		<b id="17" c="2 18" t="1"/>
		<b id="18" c="18 20" t="1"/>
		<b id="19" c="18 21" t="1"/>
		<b id="20" c="18 19" t="1"/>
		<b id="21" c="21 22" t="1"/>
		<b id="22" c="27 24" t="1"/>
		<b id="23" c="22 23" t="2"/>
		<b id="24" c="22 24" t="1"/>
		<b id="25" c="24 25" t="1"/>
		<b id="26" c="24 26" t="1"/>
	</bonds>
	<geometry>
		<g u="A" t="cart/3d">#27,3:-1.6616,-1.5858,0.4345;-0.6708,-1.1201,0.4862;0.0673,-1.0791,-0.6381;-0.4515,-1.6398,-1.9383;-0.4692,-0.8590,-2.7159;-1.4651,-2.0513,-1.8271;0.2092,-2.4423,-2.3132;1.4708,-0.5336,-0.6931;2.1946,-1.3431,-0.8989;1.7919,-0.0551,0.2423;1.5481,0.4276,-1.7631;2.7546,0.9978,-1.9710;3.7276,0.7438,-1.3054;2.7060,1.9663,-3.1278;2.4495,1.4286,-4.0543;3.6815,2.4549,-3.2388;1.9197,2.7184,-2.9603;-0.3048,-0.6297,1.8558;-0.3050,-1.4700,2.5687;0.6725,-0.1324,1.8878;-1.2423,0.3641,2.3264;-2.3731,-0.0807,2.9146;-2.6365,-1.2497,3.0584;-3.2450,1.0734,3.3466;-4.0993,0.6944,3.9206;-2.6634,1.7892,3.9468;-3.6063,1.6134,2.4567;</g>
	</geometry>
	<conformers/>
	<properties/>
</molecule>
