<?xml version="1.0" ?>
<!--MOLLI PACKAGE EXPERIMENTAL XML FORMAT-->
<molecule name="react_133">
	<atoms>
		<a id="1" s="H" t="H" l="H"/>
		<a id="2" s="C" t="C.2" l="C"/>
		<a id="3" s="H" t="H" l="H"/>
		<a id="4" s="C" t="C.2" l="C"/>
		<a id="5" s="C" t="C.3" l="C"/>
		<a id="6" s="H" t="H" l="H"/>
		<a id="7" s="H" t="H" l="H"/>
		<a id="8" s="O" t="O.3" l="O"/>
		<a id="9" s="Si" t="Si" l="SI"/>
		<a id="10" s="C" t="C.3" l="C"/>
		<a id="11" s="H" t="H" l="H"/>
		<a id="12" s="H" t="H" l="H"/>
		<a id="13" s="H" t="H" l="H"/>
		<a id="14" s="C" t="C.3" l="C"/>
		<a id="15" s="H" t="H" l="H"/>
		<a id="16" s="H" t="H" l="H"/>
		<a id="17" s="H" t="H" l="H"/>
		<a id="18" s="C" t="C.3" l="C"/>
		<a id="19" s="C" t="C.3" l="C"/>
		<a id="20" s="H" t="H" l="H"/>
		<a id="21" s="H" t="H" l="H"/>
		<a id="22" s="H" t="H" l="H"/>
		<a id="23" s="C" t="C.3" l="C"/>
		<a id="24" s="H" t="H" l="H"/>
		<a id="25" s="H" t="H" l="H"/>
		<a id="26" s="H" t="H" l="H"/>
		<a id="27" s="C" t="C.3" l="C"/>
		<a id="28" s="H" t="H" l="H"/>
		<a id="29" s="H" t="H" l="H"/>
		<a id="30" s="H" t="H" l="H"/>
		<a id="31" s="C" t="C.3" l="C"/>
		<a id="32" s="H" t="H" l="H"/>
		<a id="33" s="H" t="H" l="H"/>
		<a id="34" s="C" t="C.3" l="C"/>
		<a id="35" s="H" t="H" l="H"/>
		<a id="36" s="H" t="H" l="H"/>
		<a id="37" s="H" t="H" l="H"/>
	</atoms>
	<bonds>
		<b id="1" c="13 10" t="1"/>
		<b id="2" c="11 10" t="1"/>
		<b id="3" c="12 10" t="1"/>
		<b id="4" c="10 9" t="1"/>
		<b id="5" c="1 2" t="1"/>
		<b id="6" c="15 14" t="1"/>
		<b id="7" c="3 2" t="1"/>
		<b id="8" c="30 27" t="1"/>
		<b id="9" c="22 19" t="1"/>
		<b id="10" c="2 4" t="2"/>
		<b id="11" c="9 8" t="1"/>
		<b id="12" c="9 14" t="1"/>
		<b id="13" c="9 18" t="1"/>
		<b id="14" c="16 14" t="1"/>
		<b id="15" c="8 5" t="1"/>
		<b id="16" c="14 17" t="1"/>
		<b id="17" c="36 34" t="1"/>
		<b id="18" c="27 28" t="1"/>
		<b id="19" c="27 18" t="1"/>
		<b id="20" c="27 29" t="1"/>
		<b id="21" c="4 5" t="1"/>
		<b id="22" c="4 31" t="1"/>
		<b id="23" c="19 18" t="1"/>
		<b id="24" c="19 21" t="1"/>
		<b id="25" c="19 20" t="1"/>
		<b id="26" c="7 5" t="1"/>
		<b id="27" c="5 6" t="1"/>
		<b id="28" c="18 23" t="1"/>
		<b id="29" c="34 35" t="1"/>
		<b id="30" c="34 31" t="1"/>
		<b id="31" c="34 37" t="1"/>
		<b id="32" c="33 31" t="1"/>
		<b id="33" c="31 32" t="1"/>
		<b id="34" c="23 26" t="1"/>
		<b id="35" c="23 25" t="1"/>
		<b id="36" c="23 24" t="1"/>
	</bonds>
	<geometry>
		<g u="A" t="cart/3d">#37,3:2.0224,1.7819,-1.5188;2.8668,1.5375,-0.8713;3.8064,2.0782,-1.0222;2.7530,0.6032,0.0798;1.4543,-0.1370,0.3189;1.1567,0.0380,1.3749;1.6430,-1.2279,0.2417;0.4393,0.2581,-0.5644;-1.0959,-0.3953,-0.8190;-1.4645,-0.0532,-2.6324;-2.4787,-0.3786,-2.9170;-1.3749,1.0208,-2.8614;-0.7445,-0.5906,-3.2714;-1.0562,-2.2596,-0.5064;-0.2781,-2.7366,-1.1259;-2.0207,-2.7208,-0.7772;-0.8519,-2.5144,0.5463;-2.3628,0.4851,0.3318;-3.7763,-0.0884,0.0996;-4.5136,0.4302,0.7403;-3.8353,-1.1626,0.3427;-4.1096,0.0378,-0.9442;-1.9686,0.2804,1.8096;-2.6988,0.7764,2.4757;-1.9432,-0.7854,2.0928;-0.9800,0.7131,2.0333;-2.3635,1.9962,0.0185;-1.3583,2.4349,0.1278;-3.0418,2.5340,0.7068;-2.7092,2.2043,-1.0076;3.8994,0.2130,0.9909;3.5380,0.1660,2.0358;4.6600,1.0103,0.9654;4.5646,-1.1273,0.6331;3.8557,-1.9697,0.6868;4.9733,-1.1012,-0.3898;5.3932,-1.3511,1.3248;</g>
	</geometry>
	<conformers/>
	<properties/>
</molecule>
