<?xml version="1.0" ?>
<!--MOLLI PACKAGE EXPERIMENTAL XML FORMAT-->
<molecule name="react_263">
	<atoms>
		<a id="1" s="H" t="H" l="H"/>
		<a id="2" s="C" t="C.2" l="C"/>
		<a id="3" s="C" t="C.2" l="C"/>
		<a id="4" s="C" t="C.3" l="C"/>
		<a id="5" s="H" t="H" l="H"/>
		<a id="6" s="H" t="H" l="H"/>
		<a id="7" s="H" t="H" l="H"/>
		<a id="8" s="C" t="C.3" l="C"/>
		<a id="9" s="H" t="H" l="H"/>
		<a id="10" s="H" t="H" l="H"/>
		<a id="11" s="C" t="C.3" l="C"/>
		<a id="12" s="H" t="H" l="H"/>
		<a id="13" s="H" t="H" l="H"/>
		<a id="14" s="C" t="C.2" l="C"/>
		<a id="15" s="O" t="O.2" l="O"/>
		<a id="16" s="O" t="O.3" l="O"/>
		<a id="17" s="C" t="C.3" l="C"/>
		<a id="18" s="H" t="H" l="H"/>
		<a id="19" s="H" t="H" l="H"/>
		<a id="20" s="H" t="H" l="H"/>
		<a id="21" s="C" t="C.3" l="C"/>
		<a id="22" s="H" t="H" l="H"/>
		<a id="23" s="H" t="H" l="H"/>
		<a id="24" s="H" t="H" l="H"/>
	</atoms>
	<bonds>
		<b id="1" c="9 8" t="1"/>
		<b id="2" c="5 4" t="1"/>
		<b id="3" c="10 8" t="1"/>
		<b id="4" c="13 11" t="1"/>
		<b id="5" c="7 4" t="1"/>
		<b id="6" c="8 11" t="1"/>
		<b id="7" c="8 3" t="1"/>
		<b id="8" c="15 14" t="2"/>
		<b id="9" c="4 6" t="1"/>
		<b id="10" c="4 3" t="1"/>
		<b id="11" c="11 14" t="1"/>
		<b id="12" c="11 12" t="1"/>
		<b id="13" c="14 16" t="1"/>
		<b id="14" c="3 2" t="2"/>
		<b id="15" c="18 17" t="1"/>
		<b id="16" c="16 17" t="1"/>
		<b id="17" c="2 1" t="1"/>
		<b id="18" c="2 21" t="1"/>
		<b id="19" c="17 19" t="1"/>
		<b id="20" c="17 20" t="1"/>
		<b id="21" c="24 21" t="1"/>
		<b id="22" c="21 23" t="1"/>
		<b id="23" c="21 22" t="1"/>
	</bonds>
	<geometry>
		<g u="A" t="cart/3d">#24,3:-0.0834,-0.3147,1.2392;-1.0977,-0.1524,0.8578;-1.3326,-0.4192,-0.4406;-2.6697,-0.2380,-1.1177;-2.5882,0.4846,-1.9494;-3.4578,0.1172,-0.4408;-3.0132,-1.1881,-1.5652;-0.2600,-0.9340,-1.3844;-0.1833,-0.2370,-2.2388;-0.6096,-1.8899,-1.8175;1.1469,-1.1391,-0.8183;1.1503,-1.7612,0.0880;1.7538,-1.6738,-1.5706;1.8739,0.1656,-0.5523;1.8603,1.1262,-1.2821;2.5776,0.1238,0.5984;3.3310,1.2942,0.9186;4.0655,1.5171,0.1292;2.6691,2.1668,1.0314;3.8430,1.0803,1.8655;-2.0596,0.3625,1.8910;-2.1260,-0.3321,2.7478;-1.7127,1.3268,2.3047;-3.0777,0.5143,1.5060;</g>
	</geometry>
	<conformers/>
	<properties/>
</molecule>
