<?xml version="1.0" ?>
<!--MOLLI PACKAGE EXPERIMENTAL XML FORMAT-->
<molecule name="react_264">
	<atoms>
		<a id="1" s="H" t="H" l="H"/>
		<a id="2" s="C" t="C.3" l="C"/>
		<a id="3" s="H" t="H" l="H"/>
		<a id="4" s="H" t="H" l="H"/>
		<a id="5" s="C" t="C.2" l="C"/>
		<a id="6" s="O" t="O.2" l="O"/>
		<a id="7" s="O" t="O.3" l="O"/>
		<a id="8" s="C" t="C.3" l="C"/>
		<a id="9" s="H" t="H" l="H"/>
		<a id="10" s="H" t="H" l="H"/>
		<a id="11" s="C" t="C.2" l="C"/>
		<a id="12" s="H" t="H" l="H"/>
		<a id="13" s="C" t="C.2" l="C"/>
		<a id="14" s="C" t="C.3" l="C"/>
		<a id="15" s="H" t="H" l="H"/>
		<a id="16" s="H" t="H" l="H"/>
		<a id="17" s="H" t="H" l="H"/>
		<a id="18" s="C" t="C.3" l="C"/>
		<a id="19" s="H" t="H" l="H"/>
		<a id="20" s="H" t="H" l="H"/>
		<a id="21" s="O" t="O.3" l="O"/>
		<a id="22" s="C" t="C.2" l="C"/>
		<a id="23" s="O" t="O.2" l="O"/>
		<a id="24" s="C" t="C.3" l="C"/>
		<a id="25" s="H" t="H" l="H"/>
		<a id="26" s="H" t="H" l="H"/>
		<a id="27" s="H" t="H" l="H"/>
	</atoms>
	<bonds>
		<b id="1" c="16 14" t="1"/>
		<b id="2" c="20 18" t="1"/>
		<b id="3" c="3 2" t="1"/>
		<b id="4" c="23 22" t="2"/>
		<b id="5" c="14 15" t="1"/>
		<b id="6" c="14 17" t="1"/>
		<b id="7" c="14 13" t="1"/>
		<b id="8" c="18 19" t="1"/>
		<b id="9" c="18 13" t="1"/>
		<b id="10" c="18 21" t="1"/>
		<b id="11" c="22 21" t="1"/>
		<b id="12" c="22 24" t="1"/>
		<b id="13" c="2 4" t="1"/>
		<b id="14" c="2 1" t="1"/>
		<b id="15" c="2 5" t="1"/>
		<b id="16" c="13 11" t="2"/>
		<b id="17" c="25 24" t="1"/>
		<b id="18" c="26 24" t="1"/>
		<b id="19" c="24 27" t="1"/>
		<b id="20" c="7 5" t="1"/>
		<b id="21" c="7 8" t="1"/>
		<b id="22" c="11 12" t="1"/>
		<b id="23" c="11 8" t="1"/>
		<b id="24" c="5 6" t="2"/>
		<b id="25" c="9 8" t="1"/>
		<b id="26" c="8 10" t="1"/>
	</bonds>
	<geometry>
		<g u="A" t="cart/3d">#27,3:-5.8203,-0.2033,0.0390;-4.9294,0.3720,-0.2404;-4.6939,0.2104,-1.3039;-5.1159,1.4491,-0.1092;-3.7610,-0.0590,0.6133;-3.7922,-0.9172,1.4614;-2.6529,0.6477,0.3066;-1.4513,0.3460,1.0548;-0.8513,1.2624,1.0005;-1.7359,0.1632,2.1026;-0.7339,-0.8547,0.5111;-1.2279,-1.8088,0.7261;0.4117,-0.8798,-0.1950;1.0276,-2.1789,-0.6485;0.4319,-3.0461,-0.3292;1.1205,-2.2050,-1.7491;2.0478,-2.2851,-0.2439;1.1612,0.3568,-0.6179;0.6797,1.2922,-0.3019;1.2446,0.3989,-1.7182;2.4894,0.2974,-0.0607;3.3444,1.2716,-0.4410;3.0400,2.1548,-1.2034;4.6943,1.0943,0.2118;5.3634,1.9043,-0.1026;5.1237,0.1201,-0.0697;4.5858,1.0971,1.3075;</g>
	</geometry>
	<conformers/>
	<properties/>
</molecule>
