<?xml version="1.0" ?>
<!--MOLLI PACKAGE EXPERIMENTAL XML FORMAT-->
<molecule name="react_266">
	<atoms>
		<a id="1" s="H" t="H" l="H"/>
		<a id="2" s="C" t="C.2" l="C"/>
		<a id="3" s="C" t="C.2" l="C"/>
		<a id="4" s="C" t="C.3" l="C"/>
		<a id="5" s="H" t="H" l="H"/>
		<a id="6" s="H" t="H" l="H"/>
		<a id="7" s="C" t="C.3" l="C"/>
		<a id="8" s="H" t="H" l="H"/>
		<a id="9" s="H" t="H" l="H"/>
		<a id="10" s="C" t="C.ar" l="C"/>
		<a id="11" s="C" t="C.ar" l="C"/>
		<a id="12" s="H" t="H" l="H"/>
		<a id="13" s="C" t="C.ar" l="C"/>
		<a id="14" s="H" t="H" l="H"/>
		<a id="15" s="C" t="C.ar" l="C"/>
		<a id="16" s="H" t="H" l="H"/>
		<a id="17" s="C" t="C.ar" l="C"/>
		<a id="18" s="H" t="H" l="H"/>
		<a id="19" s="C" t="C.ar" l="C"/>
		<a id="20" s="F" t="F" l="F"/>
	</atoms>
	<bonds>
		<b id="1" c="9 7" t="1"/>
		<b id="2" c="1 2" t="1"/>
		<b id="3" c="12 11" t="1"/>
		<b id="4" c="2 3" t="2"/>
		<b id="5" c="2 10" t="1"/>
		<b id="6" c="7 3" t="1"/>
		<b id="7" c="7 4" t="1"/>
		<b id="8" c="7 8" t="1"/>
		<b id="9" c="6 4" t="1"/>
		<b id="10" c="11 10" t="ar"/>
		<b id="11" c="11 13" t="ar"/>
		<b id="12" c="14 13" t="1"/>
		<b id="13" c="3 4" t="1"/>
		<b id="14" c="10 19" t="ar"/>
		<b id="15" c="13 15" t="ar"/>
		<b id="16" c="4 5" t="1"/>
		<b id="17" c="19 20" t="1"/>
		<b id="18" c="19 17" t="ar"/>
		<b id="19" c="15 16" t="1"/>
		<b id="20" c="15 17" t="ar"/>
		<b id="21" c="17 18" t="1"/>
	</bonds>
	<geometry>
		<g u="A" t="cart/3d">#20,3:0.7942,1.8403,-0.9390;0.7806,0.8469,-0.4737;1.9662,0.2576,-0.2944;2.7965,-0.8502,0.1776;2.9120,-0.9936,1.2587;2.7968,-1.7866,-0.3928;3.4205,0.3959,-0.4653;3.9667,1.0950,0.1806;3.8465,0.2975,-1.4718;-0.5703,0.3737,-0.1366;-1.6710,1.2204,-0.3906;-1.4737,2.2013,-0.8324;-2.9830,0.8477,-0.0979;-3.8049,1.5356,-0.3112;-3.2400,-0.4053,0.4669;-4.2626,-0.7108,0.7021;-2.1766,-1.2729,0.7302;-2.3333,-2.2611,1.1684;-0.8764,-0.8800,0.4284;0.1116,-1.7514,0.6926;</g>
	</geometry>
	<conformers/>
	<properties/>
</molecule>
