<?xml version="1.0" ?>
<!--MOLLI PACKAGE EXPERIMENTAL XML FORMAT-->
<molecule name="react_267">
	<atoms>
		<a id="1" s="H" t="H" l="H"/>
		<a id="2" s="C" t="C.2" l="C"/>
		<a id="3" s="C" t="C.2" l="C"/>
		<a id="4" s="C" t="C.3" l="C"/>
		<a id="5" s="H" t="H" l="H"/>
		<a id="6" s="H" t="H" l="H"/>
		<a id="7" s="C" t="C.3" l="C"/>
		<a id="8" s="H" t="H" l="H"/>
		<a id="9" s="H" t="H" l="H"/>
		<a id="10" s="C" t="C.ar" l="C"/>
		<a id="11" s="C" t="C.ar" l="C"/>
		<a id="12" s="H" t="H" l="H"/>
		<a id="13" s="C" t="C.ar" l="C"/>
		<a id="14" s="H" t="H" l="H"/>
		<a id="15" s="C" t="C.ar" l="C"/>
		<a id="16" s="H" t="H" l="H"/>
		<a id="17" s="C" t="C.ar" l="C"/>
		<a id="18" s="F" t="F" l="F"/>
		<a id="19" s="C" t="C.ar" l="C"/>
		<a id="20" s="H" t="H" l="H"/>
	</atoms>
	<bonds>
		<b id="1" c="6 4" t="1"/>
		<b id="2" c="18 17" t="1"/>
		<b id="3" c="17 19" t="ar"/>
		<b id="4" c="17 15" t="ar"/>
		<b id="5" c="20 19" t="1"/>
		<b id="6" c="16 15" t="1"/>
		<b id="7" c="8 7" t="1"/>
		<b id="8" c="19 10" t="ar"/>
		<b id="9" c="15 13" t="ar"/>
		<b id="10" c="4 3" t="1"/>
		<b id="11" c="4 7" t="1"/>
		<b id="12" c="4 5" t="1"/>
		<b id="13" c="10 11" t="ar"/>
		<b id="14" c="10 2" t="1"/>
		<b id="15" c="13 14" t="1"/>
		<b id="16" c="13 11" t="ar"/>
		<b id="17" c="3 7" t="1"/>
		<b id="18" c="3 2" t="2"/>
		<b id="19" c="7 9" t="1"/>
		<b id="20" c="11 12" t="1"/>
		<b id="21" c="2 1" t="1"/>
	</bonds>
	<geometry>
		<g u="A" t="cart/3d">#20,3:0.9317,-2.0175,0.7631;0.8435,-0.9679,0.4586;1.9691,-0.2619,0.3329;2.6357,1.0099,0.0267;2.5602,1.8340,0.7477;2.6929,1.3406,-1.0182;3.4318,-0.2384,0.4335;4.0250,-0.7437,-0.3390;3.8939,-0.2528,1.4286;-0.5297,-0.4888,0.2325;-1.6110,-1.3693,0.4379;-1.4096,-2.3943,0.7602;-2.9284,-0.9502,0.2372;-3.7531,-1.6482,0.4038;-3.2038,0.3561,-0.1752;-4.2226,0.7121,-0.3405;-2.1281,1.2215,-0.3788;-2.3742,2.4805,-0.7782;-0.8105,0.8282,-0.1841;-0.0128,1.5502,-0.3598;</g>
	</geometry>
	<conformers/>
	<properties/>
</molecule>
