<?xml version="1.0" ?>
<!--MOLLI PACKAGE EXPERIMENTAL XML FORMAT-->
<molecule name="react_268">
	<atoms>
		<a id="1" s="H" t="H" l="H"/>
		<a id="2" s="C" t="C.2" l="C"/>
		<a id="3" s="C" t="C.2" l="C"/>
		<a id="4" s="C" t="C.3" l="C"/>
		<a id="5" s="H" t="H" l="H"/>
		<a id="6" s="H" t="H" l="H"/>
		<a id="7" s="C" t="C.3" l="C"/>
		<a id="8" s="H" t="H" l="H"/>
		<a id="9" s="H" t="H" l="H"/>
		<a id="10" s="C" t="C.ar" l="C"/>
		<a id="11" s="C" t="C.ar" l="C"/>
		<a id="12" s="H" t="H" l="H"/>
		<a id="13" s="C" t="C.ar" l="C"/>
		<a id="14" s="H" t="H" l="H"/>
		<a id="15" s="C" t="C.ar" l="C"/>
		<a id="16" s="F" t="F" l="F"/>
		<a id="17" s="C" t="C.ar" l="C"/>
		<a id="18" s="H" t="H" l="H"/>
		<a id="19" s="C" t="C.ar" l="C"/>
		<a id="20" s="H" t="H" l="H"/>
	</atoms>
	<bonds>
		<b id="1" c="8 7" t="1"/>
		<b id="2" c="18 17" t="1"/>
		<b id="3" c="20 19" t="1"/>
		<b id="4" c="9 7" t="1"/>
		<b id="5" c="7 4" t="1"/>
		<b id="6" c="7 3" t="1"/>
		<b id="7" c="17 19" t="ar"/>
		<b id="8" c="17 15" t="ar"/>
		<b id="9" c="19 10" t="ar"/>
		<b id="10" c="16 15" t="1"/>
		<b id="11" c="6 4" t="1"/>
		<b id="12" c="15 13" t="ar"/>
		<b id="13" c="4 3" t="1"/>
		<b id="14" c="4 5" t="1"/>
		<b id="15" c="3 2" t="2"/>
		<b id="16" c="10 2" t="1"/>
		<b id="17" c="10 11" t="ar"/>
		<b id="18" c="2 1" t="1"/>
		<b id="19" c="13 11" t="ar"/>
		<b id="20" c="13 14" t="1"/>
		<b id="21" c="11 12" t="1"/>
	</bonds>
	<geometry>
		<g u="A" t="cart/3d">#20,3:-1.0903,0.9603,1.7755;-0.9235,0.4602,0.8138;-2.0002,0.1442,0.0910;-3.4622,0.1680,-0.0197;-4.0533,-0.5190,0.5991;-3.9639,1.1220,-0.2257;-2.5834,-0.4369,-1.1248;-2.4930,0.1121,-2.0710;-2.5856,-1.5279,-1.2452;0.4861,0.2132,0.4699;1.4951,0.6326,1.3595;1.2121,1.1343,2.2892;2.8475,0.4235,1.0839;3.6307,0.7479,1.7724;3.1992,-0.2164,-0.1016;4.4960,-0.4242,-0.3779;2.2312,-0.6476,-1.0095;2.5457,-1.1465,-1.9288;0.8851,-0.4313,-0.7206;0.1270,-0.7686,-1.4293;</g>
	</geometry>
	<conformers/>
	<properties/>
</molecule>
