<?xml version="1.0" ?>
<!--MOLLI PACKAGE EXPERIMENTAL XML FORMAT-->
<molecule name="react_269">
	<atoms>
		<a id="1" s="H" t="H" l="H"/>
		<a id="2" s="C" t="C.2" l="C"/>
		<a id="3" s="C" t="C.2" l="C"/>
		<a id="4" s="C" t="C.3" l="C"/>
		<a id="5" s="H" t="H" l="H"/>
		<a id="6" s="H" t="H" l="H"/>
		<a id="7" s="C" t="C.3" l="C"/>
		<a id="8" s="H" t="H" l="H"/>
		<a id="9" s="H" t="H" l="H"/>
		<a id="10" s="C" t="C.ar" l="C"/>
		<a id="11" s="C" t="C.ar" l="C"/>
		<a id="12" s="H" t="H" l="H"/>
		<a id="13" s="C" t="C.ar" l="C"/>
		<a id="14" s="H" t="H" l="H"/>
		<a id="15" s="C" t="C.ar" l="C"/>
		<a id="16" s="Br" t="Br" l="BR"/>
		<a id="17" s="C" t="C.ar" l="C"/>
		<a id="18" s="H" t="H" l="H"/>
		<a id="19" s="C" t="C.ar" l="C"/>
		<a id="20" s="H" t="H" l="H"/>
	</atoms>
	<bonds>
		<b id="1" c="20 19" t="1"/>
		<b id="2" c="1 2" t="1"/>
		<b id="3" c="18 17" t="1"/>
		<b id="4" c="19 17" t="ar"/>
		<b id="5" c="19 10" t="ar"/>
		<b id="6" c="17 15" t="ar"/>
		<b id="7" c="2 10" t="1"/>
		<b id="8" c="2 3" t="2"/>
		<b id="9" c="5 4" t="1"/>
		<b id="10" c="10 11" t="ar"/>
		<b id="11" c="3 4" t="1"/>
		<b id="12" c="3 7" t="1"/>
		<b id="13" c="4 6" t="1"/>
		<b id="14" c="4 7" t="1"/>
		<b id="15" c="15 16" t="1"/>
		<b id="16" c="15 13" t="ar"/>
		<b id="17" c="11 13" t="ar"/>
		<b id="18" c="11 12" t="1"/>
		<b id="19" c="7 9" t="1"/>
		<b id="20" c="7 8" t="1"/>
		<b id="21" c="13 14" t="1"/>
	</bonds>
	<geometry>
		<g u="A" t="cart/3d">#20,3:1.1063,0.6841,-1.9200;0.9443,0.2866,-0.9109;2.0215,-0.0761,-0.2106;3.4826,-0.1910,-0.1638;3.9723,-0.9830,-0.7444;4.0829,0.7222,-0.0644;2.6061,-0.6096,1.0260;2.6162,0.0222,1.9234;2.5066,-1.6813,1.2407;-0.4598,0.2174,-0.4774;-0.8512,-0.2783,0.7838;-0.0921,-0.6358,1.4817;-2.1919,-0.3212,1.1614;-2.4773,-0.7074,2.1418;-3.1739,0.1357,0.2747;-5.0097,0.0847,0.7930;-2.8204,0.6293,-0.9833;-3.5901,0.9829,-1.6719;-1.4731,0.6653,-1.3472;-1.1992,1.0532,-2.3326;</g>
	</geometry>
	<conformers/>
	<properties/>
</molecule>
