<?xml version="1.0" ?>
<!--MOLLI PACKAGE EXPERIMENTAL XML FORMAT-->
<molecule name="react_270">
	<atoms>
		<a id="1" s="H" t="H" l="H"/>
		<a id="2" s="C" t="C.2" l="C"/>
		<a id="3" s="C" t="C.2" l="C"/>
		<a id="4" s="C" t="C.3" l="C"/>
		<a id="5" s="H" t="H" l="H"/>
		<a id="6" s="H" t="H" l="H"/>
		<a id="7" s="C" t="C.3" l="C"/>
		<a id="8" s="H" t="H" l="H"/>
		<a id="9" s="H" t="H" l="H"/>
		<a id="10" s="C" t="C.ar" l="C"/>
		<a id="11" s="C" t="C.ar" l="C"/>
		<a id="12" s="H" t="H" l="H"/>
		<a id="13" s="C" t="C.ar" l="C"/>
		<a id="14" s="H" t="H" l="H"/>
		<a id="15" s="C" t="C.ar" l="C"/>
		<a id="16" s="Cl" t="Cl" l="CL"/>
		<a id="17" s="C" t="C.ar" l="C"/>
		<a id="18" s="H" t="H" l="H"/>
		<a id="19" s="C" t="C.ar" l="C"/>
		<a id="20" s="H" t="H" l="H"/>
	</atoms>
	<bonds>
		<b id="1" c="14 13" t="1"/>
		<b id="2" c="6 4" t="1"/>
		<b id="3" c="12 11" t="1"/>
		<b id="4" c="13 11" t="ar"/>
		<b id="5" c="13 15" t="ar"/>
		<b id="6" c="4 5" t="1"/>
		<b id="7" c="4 7" t="1"/>
		<b id="8" c="4 3" t="1"/>
		<b id="9" c="16 15" t="1"/>
		<b id="10" c="11 10" t="ar"/>
		<b id="11" c="15 17" t="ar"/>
		<b id="12" c="9 7" t="1"/>
		<b id="13" c="7 3" t="1"/>
		<b id="14" c="7 8" t="1"/>
		<b id="15" c="3 2" t="2"/>
		<b id="16" c="10 2" t="1"/>
		<b id="17" c="10 19" t="ar"/>
		<b id="18" c="2 1" t="1"/>
		<b id="19" c="17 19" t="ar"/>
		<b id="20" c="17 18" t="1"/>
		<b id="21" c="19 20" t="1"/>
	</bonds>
	<geometry>
		<g u="A" t="cart/3d">#20,3:-1.1624,-0.9877,1.8042;-0.9646,-0.4089,0.8940;-2.0093,0.1543,0.2827;-2.5471,0.9591,-0.8213;-2.3783,2.0437,-0.8192;-2.5889,0.5202,-1.8264;-3.4596,0.3692,0.2642;-3.9037,1.0597,0.9924;-4.1162,-0.4654,-0.0126;0.4466,-0.3415,0.4840;0.8822,0.3609,-0.6593;0.1530,0.8841,-1.2801;2.2286,0.4018,-1.0145;2.5547,0.9492,-1.9010;3.1733,-0.2660,-0.2259;4.8648,-0.2167,-0.6711;2.7742,-0.9706,0.9127;3.5185,-1.4880,1.5208;1.4220,-1.0023,1.2561;1.1125,-1.5552,2.1477;</g>
	</geometry>
	<conformers/>
	<properties/>
</molecule>
