<?xml version="1.0" ?>
<!--MOLLI PACKAGE EXPERIMENTAL XML FORMAT-->
<molecule name="react_271">
	<atoms>
		<a id="1" s="H" t="H" l="H"/>
		<a id="2" s="C" t="C.2" l="C"/>
		<a id="3" s="C" t="C.2" l="C"/>
		<a id="4" s="C" t="C.3" l="C"/>
		<a id="5" s="H" t="H" l="H"/>
		<a id="6" s="H" t="H" l="H"/>
		<a id="7" s="C" t="C.3" l="C"/>
		<a id="8" s="H" t="H" l="H"/>
		<a id="9" s="H" t="H" l="H"/>
		<a id="10" s="C" t="C.ar" l="C"/>
		<a id="11" s="C" t="C.ar" l="C"/>
		<a id="12" s="H" t="H" l="H"/>
		<a id="13" s="C" t="C.ar" l="C"/>
		<a id="14" s="H" t="H" l="H"/>
		<a id="15" s="C" t="C.ar" l="C"/>
		<a id="16" s="H" t="H" l="H"/>
		<a id="17" s="C" t="C.ar" l="C"/>
		<a id="18" s="H" t="H" l="H"/>
		<a id="19" s="C" t="C.ar" l="C"/>
		<a id="20" s="O" t="O.3" l="O"/>
		<a id="21" s="C" t="C.3" l="C"/>
		<a id="22" s="H" t="H" l="H"/>
		<a id="23" s="H" t="H" l="H"/>
		<a id="24" s="H" t="H" l="H"/>
	</atoms>
	<bonds>
		<b id="1" c="9 7" t="1"/>
		<b id="2" c="14 13" t="1"/>
		<b id="3" c="16 15" t="1"/>
		<b id="4" c="13 15" t="ar"/>
		<b id="5" c="13 11" t="ar"/>
		<b id="6" c="5 4" t="1"/>
		<b id="7" c="12 11" t="1"/>
		<b id="8" c="15 17" t="ar"/>
		<b id="9" c="11 10" t="ar"/>
		<b id="10" c="24 21" t="1"/>
		<b id="11" c="7 3" t="1"/>
		<b id="12" c="7 4" t="1"/>
		<b id="13" c="7 8" t="1"/>
		<b id="14" c="17 18" t="1"/>
		<b id="15" c="17 19" t="ar"/>
		<b id="16" c="10 19" t="ar"/>
		<b id="17" c="10 2" t="1"/>
		<b id="18" c="3 4" t="1"/>
		<b id="19" c="3 2" t="2"/>
		<b id="20" c="19 20" t="1"/>
		<b id="21" c="4 6" t="1"/>
		<b id="22" c="2 1" t="1"/>
		<b id="23" c="20 21" t="1"/>
		<b id="24" c="21 23" t="1"/>
		<b id="25" c="21 22" t="1"/>
	</bonds>
	<geometry>
		<g u="A" t="cart/3d">#24,3:-1.4829,1.1992,0.5426;-1.2806,0.1690,0.2393;-2.3200,-0.6618,0.1228;-3.7733,-0.8347,0.2194;-4.4157,-0.3847,-0.5484;-4.2403,-0.8855,1.2114;-2.8522,-1.9913,-0.2002;-2.7018,-2.8139,0.5112;-2.8740,-2.3150,-1.2491;0.1343,-0.1538,-0.0019;0.5715,-1.4382,-0.3703;-0.1724,-2.2292,-0.4804;1.9195,-1.7239,-0.5943;2.2252,-2.7338,-0.8787;2.8700,-0.7114,-0.4511;3.9299,-0.9189,-0.6217;2.4735,0.5793,-0.0861;3.2277,1.3593,0.0215;1.1187,0.8637,0.1385;0.6637,2.0955,0.4950;1.5732,3.1580,0.6601;2.3119,2.9494,1.4556;0.9793,4.0362,0.9491;2.1149,3.3865,-0.2761;</g>
	</geometry>
	<conformers/>
	<properties/>
</molecule>
