<?xml version="1.0" ?>
<!--MOLLI PACKAGE EXPERIMENTAL XML FORMAT-->
<molecule name="react_272">
	<atoms>
		<a id="1" s="H" t="H" l="H"/>
		<a id="2" s="C" t="C.2" l="C"/>
		<a id="3" s="C" t="C.2" l="C"/>
		<a id="4" s="C" t="C.3" l="C"/>
		<a id="5" s="H" t="H" l="H"/>
		<a id="6" s="H" t="H" l="H"/>
		<a id="7" s="C" t="C.3" l="C"/>
		<a id="8" s="H" t="H" l="H"/>
		<a id="9" s="H" t="H" l="H"/>
		<a id="10" s="C" t="C.ar" l="C"/>
		<a id="11" s="C" t="C.ar" l="C"/>
		<a id="12" s="H" t="H" l="H"/>
		<a id="13" s="C" t="C.ar" l="C"/>
		<a id="14" s="H" t="H" l="H"/>
		<a id="15" s="C" t="C.ar" l="C"/>
		<a id="16" s="O" t="O.3" l="O"/>
		<a id="17" s="C" t="C.3" l="C"/>
		<a id="18" s="H" t="H" l="H"/>
		<a id="19" s="H" t="H" l="H"/>
		<a id="20" s="H" t="H" l="H"/>
		<a id="21" s="C" t="C.ar" l="C"/>
		<a id="22" s="H" t="H" l="H"/>
		<a id="23" s="C" t="C.ar" l="C"/>
		<a id="24" s="H" t="H" l="H"/>
	</atoms>
	<bonds>
		<b id="1" c="6 4" t="1"/>
		<b id="2" c="14 13" t="1"/>
		<b id="3" c="4 5" t="1"/>
		<b id="4" c="4 7" t="1"/>
		<b id="5" c="4 3" t="1"/>
		<b id="6" c="9 7" t="1"/>
		<b id="7" c="12 11" t="1"/>
		<b id="8" c="13 11" t="ar"/>
		<b id="9" c="13 15" t="ar"/>
		<b id="10" c="11 10" t="ar"/>
		<b id="11" c="7 3" t="1"/>
		<b id="12" c="7 8" t="1"/>
		<b id="13" c="3 2" t="2"/>
		<b id="14" c="16 15" t="1"/>
		<b id="15" c="16 17" t="1"/>
		<b id="16" c="15 21" t="ar"/>
		<b id="17" c="10 2" t="1"/>
		<b id="18" c="10 23" t="ar"/>
		<b id="19" c="2 1" t="1"/>
		<b id="20" c="19 17" t="1"/>
		<b id="21" c="20 17" t="1"/>
		<b id="22" c="17 18" t="1"/>
		<b id="23" c="21 23" t="ar"/>
		<b id="24" c="21 22" t="1"/>
		<b id="25" c="23 24" t="1"/>
	</bonds>
	<geometry>
		<g u="A" t="cart/3d">#24,3:-2.2571,-1.4096,1.0465;-1.9713,-0.5714,0.3988;-2.9551,0.0941,-0.2110;-3.3844,1.1671,-1.1166;-3.3377,2.2074,-0.7693;-3.2109,1.0535,-2.1946;-4.3970,0.2277,-0.4442;-5.0297,0.6408,0.3518;-4.9053,-0.5148,-1.0728;-0.5268,-0.3150,0.3053;0.0249,0.7296,-0.4717;-0.6398,1.3888,-1.0332;1.3956,0.9352,-0.5358;1.8205,1.7426,-1.1367;2.2792,0.1025,0.1782;3.6016,0.3839,0.0509;4.5436,-0.4071,0.7381;4.4027,-0.3582,1.8337;4.5006,-1.4662,0.4238;5.5346,-0.0031,0.4894;1.7550,-0.9394,0.9569;2.4090,-1.6037,1.5229;0.3708,-1.1335,1.0108;-0.0230,-1.9511,1.6222;</g>
	</geometry>
	<conformers/>
	<properties/>
</molecule>
