<?xml version="1.0" ?>
<!--MOLLI PACKAGE EXPERIMENTAL XML FORMAT-->
<molecule name="react_273">
	<atoms>
		<a id="1" s="H" t="H" l="H"/>
		<a id="2" s="C" t="C.2" l="C"/>
		<a id="3" s="C" t="C.2" l="C"/>
		<a id="4" s="C" t="C.3" l="C"/>
		<a id="5" s="H" t="H" l="H"/>
		<a id="6" s="H" t="H" l="H"/>
		<a id="7" s="C" t="C.3" l="C"/>
		<a id="8" s="H" t="H" l="H"/>
		<a id="9" s="H" t="H" l="H"/>
		<a id="10" s="C" t="C.ar" l="C"/>
		<a id="11" s="C" t="C.ar" l="C"/>
		<a id="12" s="H" t="H" l="H"/>
		<a id="13" s="C" t="C.ar" l="C"/>
		<a id="14" s="H" t="H" l="H"/>
		<a id="15" s="C" t="C.ar" l="C"/>
		<a id="16" s="O" t="O.3" l="O"/>
		<a id="17" s="C" t="C.3" l="C"/>
		<a id="18" s="H" t="H" l="H"/>
		<a id="19" s="H" t="H" l="H"/>
		<a id="20" s="H" t="H" l="H"/>
		<a id="21" s="C" t="C.ar" l="C"/>
		<a id="22" s="O" t="O.3" l="O"/>
		<a id="23" s="C" t="C.3" l="C"/>
		<a id="24" s="H" t="H" l="H"/>
		<a id="25" s="H" t="H" l="H"/>
		<a id="26" s="H" t="H" l="H"/>
		<a id="27" s="C" t="C.ar" l="C"/>
		<a id="28" s="H" t="H" l="H"/>
	</atoms>
	<bonds>
		<b id="1" c="20 17" t="1"/>
		<b id="2" c="8 7" t="1"/>
		<b id="3" c="6 4" t="1"/>
		<b id="4" c="24 23" t="1"/>
		<b id="5" c="12 11" t="1"/>
		<b id="6" c="14 13" t="1"/>
		<b id="7" c="11 13" t="ar"/>
		<b id="8" c="11 10" t="ar"/>
		<b id="9" c="13 15" t="ar"/>
		<b id="10" c="1 2" t="1"/>
		<b id="11" c="17 19" t="1"/>
		<b id="12" c="17 16" t="1"/>
		<b id="13" c="17 18" t="1"/>
		<b id="14" c="2 10" t="1"/>
		<b id="15" c="2 3" t="2"/>
		<b id="16" c="10 27" t="ar"/>
		<b id="17" c="15 16" t="1"/>
		<b id="18" c="15 21" t="ar"/>
		<b id="19" c="3 7" t="1"/>
		<b id="20" c="3 4" t="1"/>
		<b id="21" c="7 4" t="1"/>
		<b id="22" c="7 9" t="1"/>
		<b id="23" c="27 21" t="ar"/>
		<b id="24" c="27 28" t="1"/>
		<b id="25" c="21 22" t="1"/>
		<b id="26" c="4 5" t="1"/>
		<b id="27" c="22 23" t="1"/>
		<b id="28" c="23 26" t="1"/>
		<b id="29" c="23 25" t="1"/>
	</bonds>
	<geometry>
		<g u="A" t="cart/3d">#28,3:2.5121,-2.1336,-0.2408;2.1752,-1.0905,-0.2033;3.1158,-0.1433,-0.1689;3.4771,1.2797,-0.1277;3.3476,1.8366,0.8096;3.3344,1.8917,-1.0281;4.5467,0.1770,-0.1672;5.1220,0.0529,-1.0937;5.1323,-0.0005,0.7441;0.7174,-0.9051,-0.1967;-0.1210,-2.0245,-0.2448;0.3165,-3.0255,-0.2864;-1.5162,-1.8870,-0.2410;-2.1392,-2.7811,-0.2796;-2.1064,-0.6234,-0.1885;-3.4398,-0.3836,-0.1803;-4.3286,-1.4737,-0.2353;-4.2104,-2.1480,0.6334;-5.3433,-1.0521,-0.2223;-4.1989,-2.0656,-1.1604;-1.2675,0.5288,-0.1388;-1.9157,1.7194,-0.0896;-1.1610,2.9065,-0.0465;-0.5192,3.0212,-0.9397;-0.5218,2.9582,0.8546;-1.8820,3.7352,-0.0181;0.1158,0.3761,-0.1434;0.7581,1.2541,-0.1052;</g>
	</geometry>
	<conformers/>
	<properties/>
</molecule>
