<?xml version="1.0" ?>
<!--MOLLI PACKAGE EXPERIMENTAL XML FORMAT-->
<molecule name="react_179">
	<atoms>
		<a id="1" s="H" t="H" l="H"/>
		<a id="2" s="C" t="C.2" l="C"/>
		<a id="3" s="H" t="H" l="H"/>
		<a id="4" s="C" t="C.2" l="C"/>
		<a id="5" s="H" t="H" l="H"/>
		<a id="6" s="C" t="C.3" l="C"/>
		<a id="7" s="H" t="H" l="H"/>
		<a id="8" s="H" t="H" l="H"/>
		<a id="9" s="Br" t="Br" l="BR"/>
	</atoms>
	<bonds>
		<b id="1" c="8 6" t="1"/>
		<b id="2" c="3 2" t="1"/>
		<b id="3" c="6 7" t="1"/>
		<b id="4" c="6 9" t="1"/>
		<b id="5" c="6 4" t="1"/>
		<b id="6" c="2 4" t="2"/>
		<b id="7" c="2 1" t="1"/>
		<b id="8" c="4 5" t="1"/>
	</bonds>
	<geometry>
		<g u="A" t="cart/3d">#9,3:2.2768,0.5949,0.5698;1.3998,0.3692,-0.0432;1.5052,0.4944,-1.1262;0.2529,-0.0434,0.5072;0.1750,-0.1489,1.5957;-0.9659,-0.3933,-0.2727;-1.3556,-1.3886,-0.0206;-0.8112,-0.3183,-1.3564;-2.4771,0.8340,0.1465;</g>
	</geometry>
	<conformers/>
	<properties/>
</molecule>
