<?xml version="1.0" ?>
<!--MOLLI PACKAGE EXPERIMENTAL XML FORMAT-->
<molecule name="react_274">
	<atoms>
		<a id="1" s="H" t="H" l="H"/>
		<a id="2" s="C" t="C.2" l="C"/>
		<a id="3" s="C" t="C.2" l="C"/>
		<a id="4" s="C" t="C.3" l="C"/>
		<a id="5" s="H" t="H" l="H"/>
		<a id="6" s="H" t="H" l="H"/>
		<a id="7" s="C" t="C.3" l="C"/>
		<a id="8" s="H" t="H" l="H"/>
		<a id="9" s="H" t="H" l="H"/>
		<a id="10" s="C" t="C.ar" l="C"/>
		<a id="11" s="C" t="C.ar" l="C"/>
		<a id="12" s="H" t="H" l="H"/>
		<a id="13" s="C" t="C.ar" l="C"/>
		<a id="14" s="H" t="H" l="H"/>
		<a id="15" s="C" t="C.ar" l="C"/>
		<a id="16" s="H" t="H" l="H"/>
		<a id="17" s="C" t="C.ar" l="C"/>
		<a id="18" s="H" t="H" l="H"/>
		<a id="19" s="C" t="C.ar" l="C"/>
		<a id="20" s="H" t="H" l="H"/>
	</atoms>
	<bonds>
		<b id="1" c="6 4" t="1"/>
		<b id="2" c="14 13" t="1"/>
		<b id="3" c="12 11" t="1"/>
		<b id="4" c="13 11" t="ar"/>
		<b id="5" c="13 15" t="ar"/>
		<b id="6" c="4 5" t="1"/>
		<b id="7" c="4 7" t="1"/>
		<b id="8" c="4 3" t="1"/>
		<b id="9" c="9 7" t="1"/>
		<b id="10" c="11 10" t="ar"/>
		<b id="11" c="16 15" t="1"/>
		<b id="12" c="15 17" t="ar"/>
		<b id="13" c="7 3" t="1"/>
		<b id="14" c="7 8" t="1"/>
		<b id="15" c="3 2" t="2"/>
		<b id="16" c="10 2" t="1"/>
		<b id="17" c="10 19" t="ar"/>
		<b id="18" c="2 1" t="1"/>
		<b id="19" c="17 19" t="ar"/>
		<b id="20" c="17 18" t="1"/>
		<b id="21" c="19 20" t="1"/>
	</bonds>
	<geometry>
		<g u="A" t="cart/3d">#20,3:0.8765,-1.7800,0.8804;0.8156,-0.8665,0.2764;1.9633,-0.3353,-0.1509;2.6737,0.7081,-0.9003;2.7429,1.7159,-0.4709;2.6301,0.6970,-1.9970;3.4262,-0.4298,-0.1943;4.0022,-0.1831,0.7067;3.8897,-1.2049,-0.8179;-0.5460,-0.3645,0.0287;-0.8099,0.7977,-0.7266;0.0222,1.3620,-1.1515;-2.1181,1.2323,-0.9366;-2.2995,2.1358,-1.5256;-3.1980,0.5206,-0.3988;-4.2223,0.8644,-0.5657;-2.9544,-0.6327,0.3524;-3.7890,-1.1974,0.7771;-1.6440,-1.0679,0.5626;-1.4610,-1.9719,1.1512;</g>
	</geometry>
	<conformers/>
	<properties/>
</molecule>
