<?xml version="1.0" ?>
<!--MOLLI PACKAGE EXPERIMENTAL XML FORMAT-->
<molecule name="react_277">
	<atoms>
		<a id="1" s="H" t="H" l="H"/>
		<a id="2" s="C" t="C.2" l="C"/>
		<a id="3" s="C" t="C.2" l="C"/>
		<a id="4" s="C" t="C.2" l="C"/>
		<a id="5" s="O" t="O.2" l="O"/>
		<a id="6" s="O" t="O.3" l="O"/>
		<a id="7" s="C" t="C.3" l="C"/>
		<a id="8" s="H" t="H" l="H"/>
		<a id="9" s="H" t="H" l="H"/>
		<a id="10" s="C" t="C.ar" l="C"/>
		<a id="11" s="C" t="C.ar" l="C"/>
		<a id="12" s="H" t="H" l="H"/>
		<a id="13" s="C" t="C.ar" l="C"/>
		<a id="14" s="H" t="H" l="H"/>
		<a id="15" s="C" t="C.ar" l="C"/>
		<a id="16" s="H" t="H" l="H"/>
		<a id="17" s="C" t="C.ar" l="C"/>
		<a id="18" s="H" t="H" l="H"/>
		<a id="19" s="C" t="C.ar" l="C"/>
		<a id="20" s="C" t="C.3" l="C"/>
		<a id="21" s="H" t="H" l="H"/>
		<a id="22" s="H" t="H" l="H"/>
		<a id="23" s="H" t="H" l="H"/>
	</atoms>
	<bonds>
		<b id="1" c="5 4" t="2"/>
		<b id="2" c="18 17" t="1"/>
		<b id="3" c="16 15" t="1"/>
		<b id="4" c="4 6" t="1"/>
		<b id="5" c="4 3" t="1"/>
		<b id="6" c="17 15" t="ar"/>
		<b id="7" c="17 19" t="ar"/>
		<b id="8" c="15 13" t="ar"/>
		<b id="9" c="22 20" t="1"/>
		<b id="10" c="6 7" t="1"/>
		<b id="11" c="3 19" t="1"/>
		<b id="12" c="3 2" t="2"/>
		<b id="13" c="1 2" t="1"/>
		<b id="14" c="19 10" t="ar"/>
		<b id="15" c="13 14" t="1"/>
		<b id="16" c="13 11" t="ar"/>
		<b id="17" c="2 20" t="1"/>
		<b id="18" c="10 11" t="ar"/>
		<b id="19" c="10 7" t="1"/>
		<b id="20" c="11 12" t="1"/>
		<b id="21" c="9 7" t="1"/>
		<b id="22" c="20 23" t="1"/>
		<b id="23" c="20 21" t="1"/>
		<b id="24" c="7 8" t="1"/>
	</bonds>
	<geometry>
		<g u="A" t="cart/3d">#23,3:2.1791,-2.4593,-0.2056;1.8890,-1.4147,-0.0448;0.5804,-1.1484,-0.2657;-0.2820,-2.3343,-0.6225;0.1318,-3.3473,-1.1239;-1.6074,-2.2142,-0.3572;-2.0698,-1.1766,0.5114;-1.8461,-1.4648,1.5571;-3.1632,-1.1578,0.4008;-1.4596,0.1584,0.1851;-2.1810,1.3529,0.2579;-3.2354,1.3322,0.5494;-1.5628,2.5685,-0.0493;-2.1301,3.5010,0.0071;-0.2246,2.5807,-0.4556;0.2560,3.5240,-0.7280;0.4986,1.3885,-0.5354;1.5277,1.4090,-0.8965;-0.1009,0.1628,-0.1913;2.9699,-0.4903,0.4156;3.6238,-1.0039,1.1396;3.6220,-0.1952,-0.4279;2.5849,0.4288,0.8796;</g>
	</geometry>
	<conformers/>
	<properties/>
</molecule>
