<?xml version="1.0" ?>
<!--MOLLI PACKAGE EXPERIMENTAL XML FORMAT-->
<molecule name="react_278">
	<atoms>
		<a id="1" s="H" t="H" l="H"/>
		<a id="2" s="C" t="C.2" l="C"/>
		<a id="3" s="C" t="C.2" l="C"/>
		<a id="4" s="C" t="C.2" l="C"/>
		<a id="5" s="O" t="O.2" l="O"/>
		<a id="6" s="O" t="O.3" l="O"/>
		<a id="7" s="C" t="C.3" l="C"/>
		<a id="8" s="H" t="H" l="H"/>
		<a id="9" s="H" t="H" l="H"/>
		<a id="10" s="C" t="C.ar" l="C"/>
		<a id="11" s="C" t="C.ar" l="C"/>
		<a id="12" s="H" t="H" l="H"/>
		<a id="13" s="C" t="C.ar" l="C"/>
		<a id="14" s="H" t="H" l="H"/>
		<a id="15" s="C" t="C.ar" l="C"/>
		<a id="16" s="H" t="H" l="H"/>
		<a id="17" s="C" t="C.ar" l="C"/>
		<a id="18" s="H" t="H" l="H"/>
		<a id="19" s="C" t="C.ar" l="C"/>
		<a id="20" s="C" t="C.3" l="C"/>
		<a id="21" s="H" t="H" l="H"/>
		<a id="22" s="H" t="H" l="H"/>
		<a id="23" s="H" t="H" l="H"/>
	</atoms>
	<bonds>
		<b id="1" c="9 7" t="1"/>
		<b id="2" c="21 20" t="1"/>
		<b id="3" c="7 8" t="1"/>
		<b id="4" c="7 10" t="1"/>
		<b id="5" c="7 6" t="1"/>
		<b id="6" c="23 20" t="1"/>
		<b id="7" c="20 2" t="1"/>
		<b id="8" c="20 22" t="1"/>
		<b id="9" c="1 2" t="1"/>
		<b id="10" c="12 11" t="1"/>
		<b id="11" c="2 3" t="2"/>
		<b id="12" c="10 11" t="ar"/>
		<b id="13" c="10 19" t="ar"/>
		<b id="14" c="6 4" t="1"/>
		<b id="15" c="11 13" t="ar"/>
		<b id="16" c="3 4" t="1"/>
		<b id="17" c="3 19" t="1"/>
		<b id="18" c="4 5" t="2"/>
		<b id="19" c="19 17" t="ar"/>
		<b id="20" c="13 14" t="1"/>
		<b id="21" c="13 15" t="ar"/>
		<b id="22" c="17 15" t="ar"/>
		<b id="23" c="17 18" t="1"/>
		<b id="24" c="15 16" t="1"/>
	</bonds>
	<geometry>
		<g u="A" t="cart/3d">#23,3:1.6277,-1.8609,-0.3434;1.9873,-0.8311,-0.2235;1.0399,0.1011,0.0381;1.3892,1.5567,0.1861;2.4616,1.9737,0.5455;0.3961,2.4439,-0.0745;-0.8094,2.0216,-0.7173;-1.5235,2.8473,-0.5869;-0.6135,1.9199,-1.8026;-1.3422,0.7340,-0.1536;-2.7101,0.4764,-0.0215;-3.4362,1.2458,-0.3008;-3.1493,-0.7572,0.4663;-4.2190,-0.9552,0.5711;-2.2128,-1.7279,0.8400;-2.5498,-2.6862,1.2440;-0.8462,-1.4695,0.7207;-0.1227,-2.2191,1.0502;-0.3938,-0.2425,0.2049;3.4624,-0.6562,-0.3904;3.8144,-1.2114,-1.2766;3.9864,-1.0983,0.4778;3.7636,0.3951,-0.4536;</g>
	</geometry>
	<conformers/>
	<properties/>
</molecule>
