<?xml version="1.0" ?>
<!--MOLLI PACKAGE EXPERIMENTAL XML FORMAT-->
<molecule name="react_282">
	<atoms>
		<a id="1" s="H" t="H" l="H"/>
		<a id="2" s="C" t="C.2" l="C"/>
		<a id="3" s="C" t="C.2" l="C"/>
		<a id="4" s="C" t="C.2" l="C"/>
		<a id="5" s="O" t="O.2" l="O"/>
		<a id="6" s="O" t="O.3" l="O"/>
		<a id="7" s="C" t="C.3" l="C"/>
		<a id="8" s="H" t="H" l="H"/>
		<a id="9" s="H" t="H" l="H"/>
		<a id="10" s="C" t="C.ar" l="C"/>
		<a id="11" s="C" t="C.ar" l="C"/>
		<a id="12" s="H" t="H" l="H"/>
		<a id="13" s="C" t="C.ar" l="C"/>
		<a id="14" s="H" t="H" l="H"/>
		<a id="15" s="C" t="C.ar" l="C"/>
		<a id="16" s="H" t="H" l="H"/>
		<a id="17" s="C" t="C.ar" l="C"/>
		<a id="18" s="H" t="H" l="H"/>
		<a id="19" s="C" t="C.ar" l="C"/>
		<a id="20" s="H" t="H" l="H"/>
		<a id="21" s="C" t="C.3" l="C"/>
		<a id="22" s="F" t="F" l="F"/>
		<a id="23" s="F" t="F" l="F"/>
		<a id="24" s="F" t="F" l="F"/>
		<a id="25" s="C" t="C.3" l="C"/>
		<a id="26" s="H" t="H" l="H"/>
		<a id="27" s="H" t="H" l="H"/>
		<a id="28" s="H" t="H" l="H"/>
	</atoms>
	<bonds>
		<b id="1" c="28 25" t="1"/>
		<b id="2" c="16 15" t="1"/>
		<b id="3" c="18 17" t="1"/>
		<b id="4" c="25 27" t="1"/>
		<b id="5" c="25 26" t="1"/>
		<b id="6" c="25 2" t="1"/>
		<b id="7" c="15 17" t="ar"/>
		<b id="8" c="15 13" t="ar"/>
		<b id="9" c="17 19" t="ar"/>
		<b id="10" c="1 2" t="1"/>
		<b id="11" c="2 3" t="2"/>
		<b id="12" c="14 13" t="1"/>
		<b id="13" c="13 11" t="ar"/>
		<b id="14" c="19 20" t="1"/>
		<b id="15" c="19 10" t="ar"/>
		<b id="16" c="22 21" t="1"/>
		<b id="17" c="3 21" t="1"/>
		<b id="18" c="3 4" t="1"/>
		<b id="19" c="11 10" t="ar"/>
		<b id="20" c="11 12" t="1"/>
		<b id="21" c="10 7" t="1"/>
		<b id="22" c="24 21" t="1"/>
		<b id="23" c="6 4" t="1"/>
		<b id="24" c="6 7" t="1"/>
		<b id="25" c="21 23" t="1"/>
		<b id="26" c="4 5" t="2"/>
		<b id="27" c="7 9" t="1"/>
		<b id="28" c="7 8" t="1"/>
	</bonds>
	<geometry>
		<g u="A" t="cart/3d">#28,3:-1.6764,-1.3541,-0.6456;-2.5242,-0.6831,-0.4731;-2.3513,0.1587,0.5669;-1.0575,0.1728,1.3270;-0.7431,1.0494,2.0976;-0.2832,-0.8935,1.0479;1.0328,-0.9437,1.6493;0.9983,-0.4080,2.6076;1.2162,-2.0116,1.8302;2.0846,-0.3659,0.7332;2.3208,1.0190,0.6945;1.7451,1.6782,1.3490;3.2749,1.5489,-0.1779;3.4501,2.6279,-0.1997;4.0075,0.7038,-1.0187;4.7554,1.1206,-1.6987;3.7826,-0.6757,-0.9841;4.3546,-1.3420,-1.6355;2.8254,-1.2047,-0.1134;2.6523,-2.2850,-0.0879;-3.3467,1.1958,1.0535;-4.5542,1.0712,0.4647;-3.5557,1.0803,2.3739;-2.9244,2.4452,0.8126;-3.6586,-0.8627,-1.4301;-4.1378,-1.8415,-1.2439;-4.4267,-0.0862,-1.3771;-3.2605,-0.9142,-2.4576;</g>
	</geometry>
	<conformers/>
	<properties/>
</molecule>
