<?xml version="1.0" ?>
<!--MOLLI PACKAGE EXPERIMENTAL XML FORMAT-->
<molecule name="react_284">
	<atoms>
		<a id="1" s="H" t="H" l="H"/>
		<a id="2" s="C" t="C.2" l="C"/>
		<a id="3" s="C" t="C.2" l="C"/>
		<a id="4" s="C" t="C.3" l="C"/>
		<a id="5" s="H" t="H" l="H"/>
		<a id="6" s="H" t="H" l="H"/>
		<a id="7" s="H" t="H" l="H"/>
		<a id="8" s="C" t="C.3" l="C"/>
		<a id="9" s="H" t="H" l="H"/>
		<a id="10" s="H" t="H" l="H"/>
		<a id="11" s="H" t="H" l="H"/>
		<a id="12" s="C" t="C.3" l="C"/>
		<a id="13" s="H" t="H" l="H"/>
		<a id="14" s="H" t="H" l="H"/>
		<a id="15" s="O" t="O.3" l="O"/>
		<a id="16" s="C" t="C.2" l="C"/>
		<a id="17" s="O" t="O.2" l="O"/>
		<a id="18" s="C" t="C.ar" l="C"/>
		<a id="19" s="C" t="C.ar" l="C"/>
		<a id="20" s="H" t="H" l="H"/>
		<a id="21" s="C" t="C.ar" l="C"/>
		<a id="22" s="H" t="H" l="H"/>
		<a id="23" s="C" t="C.ar" l="C"/>
		<a id="24" s="N" t="N.pl3" l="N"/>
		<a id="25" s="O" t="O.2" l="O"/>
		<a id="26" s="O" t="O.2" l="O"/>
		<a id="27" s="C" t="C.ar" l="C"/>
		<a id="28" s="H" t="H" l="H"/>
		<a id="29" s="C" t="C.ar" l="C"/>
		<a id="30" s="H" t="H" l="H"/>
	</atoms>
	<bonds>
		<b id="1" c="25 24" t="2"/>
		<b id="2" c="22 21" t="1"/>
		<b id="3" c="9 8" t="1"/>
		<b id="4" c="24 26" t="2"/>
		<b id="5" c="24 23" t="1"/>
		<b id="6" c="21 23" t="ar"/>
		<b id="7" c="21 19" t="ar"/>
		<b id="8" c="7 4" t="1"/>
		<b id="9" c="20 19" t="1"/>
		<b id="10" c="8 11" t="1"/>
		<b id="11" c="8 10" t="1"/>
		<b id="12" c="8 3" t="1"/>
		<b id="13" c="23 27" t="ar"/>
		<b id="14" c="19 18" t="ar"/>
		<b id="15" c="4 3" t="1"/>
		<b id="16" c="4 6" t="1"/>
		<b id="17" c="4 5" t="1"/>
		<b id="18" c="3 2" t="2"/>
		<b id="19" c="27 28" t="1"/>
		<b id="20" c="27 29" t="ar"/>
		<b id="21" c="1 2" t="1"/>
		<b id="22" c="18 29" t="ar"/>
		<b id="23" c="18 16" t="1"/>
		<b id="24" c="2 12" t="1"/>
		<b id="25" c="15 16" t="1"/>
		<b id="26" c="15 12" t="1"/>
		<b id="27" c="29 30" t="1"/>
		<b id="28" c="16 17" t="2"/>
		<b id="29" c="12 14" t="1"/>
		<b id="30" c="12 13" t="1"/>
	</bonds>
	<geometry>
		<g u="A" t="cart/3d">#30,3:-2.6412,-1.4847,0.4636;-2.7274,-0.3926,0.5165;-3.7787,0.1914,-0.0890;-4.0481,1.6750,-0.1143;-5.0070,1.9019,0.3847;-3.2673,2.2759,0.3704;-4.1515,2.0264,-1.1559;-4.8108,-0.6434,-0.8061;-4.8903,-0.3420,-1.8658;-5.8130,-0.4948,-0.3655;-4.5755,-1.7173,-0.7696;-1.6379,0.2774,1.2885;-1.6028,-0.0779,2.3331;-1.7329,1.3715,1.3273;-0.3717,-0.0579,0.6676;0.7279,0.4629,1.2296;0.7118,1.1832,2.2016;1.9825,0.0570,0.5130;1.9606,-0.7739,-0.6192;1.0056,-1.1413,-0.9960;3.1518,-1.1219,-1.2550;3.1703,-1.7636,-2.1357;4.3531,-0.6289,-0.7433;5.6211,-0.9938,-1.4186;5.5482,-1.7131,-2.4014;6.6561,-0.5507,-0.9490;4.4016,0.1977,0.3811;5.3663,0.5553,0.7403;3.2050,0.5389,1.0080;3.1940,1.1834,1.8890;</g>
	</geometry>
	<conformers/>
	<properties/>
</molecule>
