<?xml version="1.0" ?>
<!--MOLLI PACKAGE EXPERIMENTAL XML FORMAT-->
<molecule name="react_288">
	<atoms>
		<a id="1" s="H" t="H" l="H"/>
		<a id="2" s="C" t="C.2" l="C"/>
		<a id="3" s="C" t="C.2" l="C"/>
		<a id="4" s="C" t="C.3" l="C"/>
		<a id="5" s="H" t="H" l="H"/>
		<a id="6" s="H" t="H" l="H"/>
		<a id="7" s="C" t="C.3" l="C"/>
		<a id="8" s="H" t="H" l="H"/>
		<a id="9" s="H" t="H" l="H"/>
		<a id="10" s="C" t="C.3" l="C"/>
		<a id="11" s="H" t="H" l="H"/>
		<a id="12" s="H" t="H" l="H"/>
		<a id="13" s="C" t="C.3" l="C"/>
		<a id="14" s="H" t="H" l="H"/>
		<a id="15" s="H" t="H" l="H"/>
		<a id="16" s="C" t="C.ar" l="C"/>
		<a id="17" s="C" t="C.ar" l="C"/>
		<a id="18" s="H" t="H" l="H"/>
		<a id="19" s="C" t="C.ar" l="C"/>
		<a id="20" s="H" t="H" l="H"/>
		<a id="21" s="C" t="C.ar" l="C"/>
		<a id="22" s="H" t="H" l="H"/>
		<a id="23" s="C" t="C.ar" l="C"/>
		<a id="24" s="H" t="H" l="H"/>
		<a id="25" s="C" t="C.ar" l="C"/>
		<a id="26" s="H" t="H" l="H"/>
	</atoms>
	<bonds>
		<b id="1" c="20 19" t="1"/>
		<b id="2" c="6 4" t="1"/>
		<b id="3" c="18 17" t="1"/>
		<b id="4" c="5 4" t="1"/>
		<b id="5" c="19 17" t="ar"/>
		<b id="6" c="19 21" t="ar"/>
		<b id="7" c="4 7" t="1"/>
		<b id="8" c="4 3" t="1"/>
		<b id="9" c="17 16" t="ar"/>
		<b id="10" c="22 21" t="1"/>
		<b id="11" c="11 10" t="1"/>
		<b id="12" c="21 23" t="ar"/>
		<b id="13" c="8 7" t="1"/>
		<b id="14" c="7 3" t="1"/>
		<b id="15" c="7 9" t="1"/>
		<b id="16" c="15 13" t="1"/>
		<b id="17" c="3 2" t="2"/>
		<b id="18" c="16 13" t="1"/>
		<b id="19" c="16 25" t="ar"/>
		<b id="20" c="10 13" t="1"/>
		<b id="21" c="10 2" t="1"/>
		<b id="22" c="10 12" t="1"/>
		<b id="23" c="13 14" t="1"/>
		<b id="24" c="23 25" t="ar"/>
		<b id="25" c="23 24" t="1"/>
		<b id="26" c="2 1" t="1"/>
		<b id="27" c="25 26" t="1"/>
	</bonds>
	<geometry>
		<g u="A" t="cart/3d">#26,3:2.2205,0.5175,2.0445;2.1271,0.1935,0.9986;3.1914,0.2973,0.2099;3.7853,0.1025,-1.1208;4.0139,-0.9165,-1.4571;3.5066,0.7852,-1.9332;4.6011,0.6738,0.0516;4.8672,1.7378,0.0216;5.3742,0.0353,0.4971;0.7804,-0.3252,0.5703;0.8269,-0.6733,-0.4747;0.5124,-1.2068,1.1822;-0.3469,0.7249,0.7164;-0.3665,1.0850,1.7597;-0.0989,1.5984,0.0901;-1.7124,0.1935,0.3388;-2.1698,0.2571,-0.9880;-1.5410,0.7290,-1.7497;-3.4157,-0.2654,-1.3472;-3.7530,-0.2008,-2.3856;-4.2311,-0.8642,-0.3816;-5.2073,-1.2706,-0.6599;-3.7900,-0.9347,0.9434;-4.4219,-1.3962,1.7075;-2.5430,-0.4110,1.2971;-2.2094,-0.4659,2.3382;</g>
	</geometry>
	<conformers/>
	<properties/>
</molecule>
