<?xml version="1.0" ?>
<!--MOLLI PACKAGE EXPERIMENTAL XML FORMAT-->
<molecule name="react_291">
	<atoms>
		<a id="1" s="H" t="H" l="H"/>
		<a id="2" s="C" t="C.2" l="C"/>
		<a id="3" s="C" t="C.2" l="C"/>
		<a id="4" s="C" t="C.2" l="C"/>
		<a id="5" s="O" t="O.2" l="O"/>
		<a id="6" s="O" t="O.3" l="O"/>
		<a id="7" s="C" t="C.3" l="C"/>
		<a id="8" s="C" t="C.3" l="C"/>
		<a id="9" s="H" t="H" l="H"/>
		<a id="10" s="H" t="H" l="H"/>
		<a id="11" s="H" t="H" l="H"/>
		<a id="12" s="C" t="C.3" l="C"/>
		<a id="13" s="H" t="H" l="H"/>
		<a id="14" s="H" t="H" l="H"/>
		<a id="15" s="H" t="H" l="H"/>
		<a id="16" s="C" t="C.3" l="C"/>
		<a id="17" s="H" t="H" l="H"/>
		<a id="18" s="H" t="H" l="H"/>
		<a id="19" s="H" t="H" l="H"/>
		<a id="20" s="C" t="C.3" l="C"/>
		<a id="21" s="H" t="H" l="H"/>
		<a id="22" s="H" t="H" l="H"/>
		<a id="23" s="H" t="H" l="H"/>
		<a id="24" s="C" t="C.3" l="C"/>
		<a id="25" s="H" t="H" l="H"/>
		<a id="26" s="H" t="H" l="H"/>
		<a id="27" s="H" t="H" l="H"/>
	</atoms>
	<bonds>
		<b id="1" c="17 16" t="1"/>
		<b id="2" c="27 24" t="1"/>
		<b id="3" c="10 8" t="1"/>
		<b id="4" c="18 16" t="1"/>
		<b id="5" c="16 19" t="1"/>
		<b id="6" c="16 7" t="1"/>
		<b id="7" c="24 26" t="1"/>
		<b id="8" c="24 25" t="1"/>
		<b id="9" c="24 2" t="1"/>
		<b id="10" c="9 8" t="1"/>
		<b id="11" c="8 7" t="1"/>
		<b id="12" c="8 11" t="1"/>
		<b id="13" c="1 2" t="1"/>
		<b id="14" c="2 3" t="2"/>
		<b id="15" c="6 7" t="1"/>
		<b id="16" c="6 4" t="1"/>
		<b id="17" c="7 12" t="1"/>
		<b id="18" c="3 4" t="1"/>
		<b id="19" c="3 20" t="1"/>
		<b id="20" c="21 20" t="1"/>
		<b id="21" c="4 5" t="2"/>
		<b id="22" c="22 20" t="1"/>
		<b id="23" c="20 23" t="1"/>
		<b id="24" c="12 15" t="1"/>
		<b id="25" c="12 13" t="1"/>
		<b id="26" c="12 14" t="1"/>
	</bonds>
	<geometry>
		<g u="A" t="cart/3d">#27,3:3.7373,-0.0518,-0.4297;2.6566,-0.2321,-0.3474;1.9717,0.7249,0.3167;0.4949,0.7352,0.5863;0.0047,1.4784,1.4116;-0.2153,-0.1122,-0.1804;-1.6767,-0.2343,-0.0732;-2.3423,1.0998,-0.4299;-3.4358,0.9695,-0.4632;-2.0090,1.4412,-1.4230;-2.1022,1.8742,0.3094;-2.0648,-0.7171,1.3288;-1.5370,-1.6529,1.5728;-1.8217,0.0347,2.0902;-3.1475,-0.9181,1.3632;-2.0107,-1.2982,-1.1223;-1.6721,-0.9797,-2.1201;-3.0980,-1.4670,-1.1601;-1.5213,-2.2547,-0.8808;2.6809,1.9162,0.9188;2.2795,2.8627,0.5191;3.7612,1.8801,0.7160;2.5227,1.9549,2.0084;2.2078,-1.5114,-0.9868;1.2003,-1.8158,-0.6869;2.9221,-2.3181,-0.7497;2.2146,-1.4084,-2.0881;</g>
	</geometry>
	<conformers/>
	<properties/>
</molecule>
