<?xml version="1.0" ?>
<!--MOLLI PACKAGE EXPERIMENTAL XML FORMAT-->
<molecule name="react_294">
	<atoms>
		<a id="1" s="H" t="H" l="H"/>
		<a id="2" s="C" t="C.ar" l="C"/>
		<a id="3" s="C" t="C.ar" l="C"/>
		<a id="4" s="H" t="H" l="H"/>
		<a id="5" s="C" t="C.ar" l="C"/>
		<a id="6" s="H" t="H" l="H"/>
		<a id="7" s="C" t="C.ar" l="C"/>
		<a id="8" s="C" t="C.3" l="C"/>
		<a id="9" s="H" t="H" l="H"/>
		<a id="10" s="H" t="H" l="H"/>
		<a id="11" s="C" t="C.2" l="C"/>
		<a id="12" s="C" t="C.2" l="C"/>
		<a id="13" s="C" t="C.3" l="C"/>
		<a id="14" s="H" t="H" l="H"/>
		<a id="15" s="H" t="H" l="H"/>
		<a id="16" s="H" t="H" l="H"/>
		<a id="17" s="C" t="C.3" l="C"/>
		<a id="18" s="H" t="H" l="H"/>
		<a id="19" s="H" t="H" l="H"/>
		<a id="20" s="C" t="C.ar" l="C"/>
		<a id="21" s="C" t="C.ar" l="C"/>
		<a id="22" s="H" t="H" l="H"/>
		<a id="23" s="C" t="C.ar" l="C"/>
		<a id="24" s="H" t="H" l="H"/>
		<a id="25" s="C" t="C.ar" l="C"/>
		<a id="26" s="H" t="H" l="H"/>
		<a id="27" s="C" t="C.ar" l="C"/>
		<a id="28" s="H" t="H" l="H"/>
		<a id="29" s="C" t="C.ar" l="C"/>
		<a id="30" s="H" t="H" l="H"/>
		<a id="31" s="C" t="C.3" l="C"/>
		<a id="32" s="H" t="H" l="H"/>
		<a id="33" s="H" t="H" l="H"/>
		<a id="34" s="H" t="H" l="H"/>
		<a id="35" s="C" t="C.ar" l="C"/>
		<a id="36" s="H" t="H" l="H"/>
		<a id="37" s="C" t="C.ar" l="C"/>
		<a id="38" s="H" t="H" l="H"/>
	</atoms>
	<bonds>
		<b id="1" c="16 13" t="1"/>
		<b id="2" c="15 13" t="1"/>
		<b id="3" c="14 13" t="1"/>
		<b id="4" c="13 12" t="1"/>
		<b id="5" c="9 8" t="1"/>
		<b id="6" c="24 23" t="1"/>
		<b id="7" c="26 25" t="1"/>
		<b id="8" c="8 10" t="1"/>
		<b id="9" c="8 7" t="1"/>
		<b id="10" c="8 11" t="1"/>
		<b id="11" c="23 25" t="ar"/>
		<b id="12" c="23 21" t="ar"/>
		<b id="13" c="25 27" t="ar"/>
		<b id="14" c="6 5" t="1"/>
		<b id="15" c="12 11" t="2"/>
		<b id="16" c="12 17" t="1"/>
		<b id="17" c="5 7" t="ar"/>
		<b id="18" c="5 3" t="ar"/>
		<b id="19" c="7 35" t="ar"/>
		<b id="20" c="22 21" t="1"/>
		<b id="21" c="21 20" t="ar"/>
		<b id="22" c="27 28" t="1"/>
		<b id="23" c="27 29" t="ar"/>
		<b id="24" c="4 3" t="1"/>
		<b id="25" c="3 2" t="ar"/>
		<b id="26" c="35 36" t="1"/>
		<b id="27" c="35 37" t="ar"/>
		<b id="28" c="20 29" t="ar"/>
		<b id="29" c="20 17" t="1"/>
		<b id="30" c="29 30" t="1"/>
		<b id="31" c="11 31" t="1"/>
		<b id="32" c="18 17" t="1"/>
		<b id="33" c="2 37" t="ar"/>
		<b id="34" c="2 1" t="1"/>
		<b id="35" c="37 38" t="1"/>
		<b id="36" c="17 19" t="1"/>
		<b id="37" c="31 32" t="1"/>
		<b id="38" c="31 34" t="1"/>
		<b id="39" c="31 33" t="1"/>
	</bonds>
	<geometry>
		<g u="A" t="cart/3d">#38,3:-6.5799,0.5412,0.6761;-5.5663,0.2074,0.4382;-4.5732,1.1397,0.1178;-4.8095,2.2075,0.1039;-3.2778,0.7125,-0.1839;-2.5061,1.4491,-0.4240;-2.9468,-0.6533,-0.1773;-1.5420,-1.1169,-0.5417;-1.3922,-0.9674,-1.6210;-1.4870,-2.2076,-0.3794;-0.4325,-0.4516,0.2616;0.4325,0.4517,-0.2619;0.4140,0.9253,-1.6983;0.2053,2.0100,-1.7411;1.4052,0.7861,-2.1634;-0.3265,0.4227,-2.3322;1.5419,1.1171,0.5415;1.4870,2.2077,0.3791;1.3921,0.9676,1.6207;2.9468,0.6533,0.1773;3.9520,1.5765,-0.1492;3.7147,2.6449,-0.1637;5.2504,1.1535,-0.4536;6.0168,1.8918,-0.7060;5.5663,-0.2075,-0.4378;6.5800,-0.5415,-0.6754;4.5730,-1.1398,-0.1180;4.8091,-2.2076,-0.1044;3.2775,-0.7125,0.1835;2.5057,-1.4491,0.4231;-0.4140,-0.9253,1.6980;-0.2052,-2.0099,1.7408;0.3264,-0.4225,2.3320;-1.4053,-0.7861,2.1632;-3.9518,-1.5766,0.1497;-3.7143,-2.6449,0.1645;-5.2502,-1.1536,0.4543;-6.0164,-1.8919,0.7072;</g>
	</geometry>
	<conformers/>
	<properties/>
</molecule>
