<?xml version="1.0" ?>
<!--MOLLI PACKAGE EXPERIMENTAL XML FORMAT-->
<molecule name="react_305">
	<atoms>
		<a id="1" s="H" t="H" l="H"/>
		<a id="2" s="C" t="C.ar" l="C"/>
		<a id="3" s="C" t="C.ar" l="C"/>
		<a id="4" s="H" t="H" l="H"/>
		<a id="5" s="C" t="C.ar" l="C"/>
		<a id="6" s="H" t="H" l="H"/>
		<a id="7" s="C" t="C.ar" l="C"/>
		<a id="8" s="C" t="C.2" l="C"/>
		<a id="9" s="C" t="C.2" l="C"/>
		<a id="10" s="C" t="C.3" l="C"/>
		<a id="11" s="H" t="H" l="H"/>
		<a id="12" s="H" t="H" l="H"/>
		<a id="13" s="C" t="C.3" l="C"/>
		<a id="14" s="H" t="H" l="H"/>
		<a id="15" s="H" t="H" l="H"/>
		<a id="16" s="C" t="C.3" l="C"/>
		<a id="17" s="H" t="H" l="H"/>
		<a id="18" s="H" t="H" l="H"/>
		<a id="19" s="H" t="H" l="H"/>
		<a id="20" s="C" t="C.ar" l="C"/>
		<a id="21" s="H" t="H" l="H"/>
		<a id="22" s="C" t="C.ar" l="C"/>
		<a id="23" s="H" t="H" l="H"/>
	</atoms>
	<bonds>
		<b id="1" c="18 16" t="1"/>
		<b id="2" c="11 10" t="1"/>
		<b id="3" c="17 16" t="1"/>
		<b id="4" c="16 8" t="1"/>
		<b id="5" c="16 19" t="1"/>
		<b id="6" c="14 13" t="1"/>
		<b id="7" c="6 5" t="1"/>
		<b id="8" c="10 9" t="1"/>
		<b id="9" c="10 13" t="1"/>
		<b id="10" c="10 12" t="1"/>
		<b id="11" c="8 9" t="2"/>
		<b id="12" c="8 7" t="1"/>
		<b id="13" c="9 13" t="1"/>
		<b id="14" c="5 7" t="ar"/>
		<b id="15" c="5 3" t="ar"/>
		<b id="16" c="7 20" t="ar"/>
		<b id="17" c="13 15" t="1"/>
		<b id="18" c="4 3" t="1"/>
		<b id="19" c="3 2" t="ar"/>
		<b id="20" c="20 21" t="1"/>
		<b id="21" c="20 22" t="ar"/>
		<b id="22" c="2 22" t="ar"/>
		<b id="23" c="2 1" t="1"/>
		<b id="24" c="22 23" t="1"/>
	</bonds>
	<geometry>
		<g u="A" t="cart/3d">#23,3:4.3532,0.9294,0.6988;3.3261,0.6217,0.4857;3.0423,-0.6967,0.1251;3.8488,-1.4318,0.0535;1.7281,-1.0878,-0.1481;1.5399,-2.1254,-0.4274;0.6573,-0.1737,-0.0685;-0.7369,-0.6050,-0.3625;-1.7858,0.2255,-0.2838;-3.2406,0.3697,-0.4203;-3.6822,0.4002,-1.4248;-3.8948,-0.0809,0.3371;-2.3515,1.5473,0.0060;-2.1992,2.3624,-0.7135;-2.4063,1.8852,1.0491;-0.9771,-2.0424,-0.7686;-2.0450,-2.2185,-0.9578;-0.4199,-2.3049,-1.6844;-0.6506,-2.7475,0.0153;0.9672,1.1547,0.2981;0.1668,1.8911,0.3693;2.2772,1.5452,0.5701;2.4828,2.5822,0.8505;</g>
	</geometry>
	<conformers/>
	<properties/>
</molecule>
