<?xml version="1.0" ?>
<!--MOLLI PACKAGE EXPERIMENTAL XML FORMAT-->
<molecule name="react_310">
	<atoms>
		<a id="1" s="H" t="H" l="H"/>
		<a id="2" s="C" t="C.ar" l="C"/>
		<a id="3" s="C" t="C.ar" l="C"/>
		<a id="4" s="H" t="H" l="H"/>
		<a id="5" s="C" t="C.ar" l="C"/>
		<a id="6" s="C" t="C.3" l="C"/>
		<a id="7" s="H" t="H" l="H"/>
		<a id="8" s="H" t="H" l="H"/>
		<a id="9" s="C" t="C.2" l="C"/>
		<a id="10" s="C" t="C.2" l="C"/>
		<a id="11" s="C" t="C.3" l="C"/>
		<a id="12" s="H" t="H" l="H"/>
		<a id="13" s="H" t="H" l="H"/>
		<a id="14" s="C" t="C.3" l="C"/>
		<a id="15" s="H" t="H" l="H"/>
		<a id="16" s="H" t="H" l="H"/>
		<a id="17" s="C" t="C.3" l="C"/>
		<a id="18" s="H" t="H" l="H"/>
		<a id="19" s="H" t="H" l="H"/>
		<a id="20" s="H" t="H" l="H"/>
		<a id="21" s="C" t="C.ar" l="C"/>
		<a id="22" s="O" t="O.3" l="O"/>
		<a id="23" s="Si" t="Si" l="SI"/>
		<a id="24" s="C" t="C.3" l="C"/>
		<a id="25" s="H" t="H" l="H"/>
		<a id="26" s="H" t="H" l="H"/>
		<a id="27" s="H" t="H" l="H"/>
		<a id="28" s="C" t="C.3" l="C"/>
		<a id="29" s="H" t="H" l="H"/>
		<a id="30" s="H" t="H" l="H"/>
		<a id="31" s="H" t="H" l="H"/>
		<a id="32" s="C" t="C.3" l="C"/>
		<a id="33" s="C" t="C.3" l="C"/>
		<a id="34" s="H" t="H" l="H"/>
		<a id="35" s="H" t="H" l="H"/>
		<a id="36" s="H" t="H" l="H"/>
		<a id="37" s="C" t="C.3" l="C"/>
		<a id="38" s="H" t="H" l="H"/>
		<a id="39" s="H" t="H" l="H"/>
		<a id="40" s="H" t="H" l="H"/>
		<a id="41" s="C" t="C.3" l="C"/>
		<a id="42" s="H" t="H" l="H"/>
		<a id="43" s="H" t="H" l="H"/>
		<a id="44" s="H" t="H" l="H"/>
		<a id="45" s="C" t="C.ar" l="C"/>
		<a id="46" s="H" t="H" l="H"/>
		<a id="47" s="C" t="C.ar" l="C"/>
		<a id="48" s="C" t="C.3" l="C"/>
		<a id="49" s="H" t="H" l="H"/>
		<a id="50" s="H" t="H" l="H"/>
		<a id="51" s="H" t="H" l="H"/>
	</atoms>
	<bonds>
		<b id="1" c="31 28" t="1"/>
		<b id="2" c="30 28" t="1"/>
		<b id="3" c="26 24" t="1"/>
		<b id="4" c="28 29" t="1"/>
		<b id="5" c="28 23" t="1"/>
		<b id="6" c="16 14" t="1"/>
		<b id="7" c="7 6" t="1"/>
		<b id="8" c="8 6" t="1"/>
		<b id="9" c="27 24" t="1"/>
		<b id="10" c="24 23" t="1"/>
		<b id="11" c="24 25" t="1"/>
		<b id="12" c="6 5" t="1"/>
		<b id="13" c="6 9" t="1"/>
		<b id="14" c="14 15" t="1"/>
		<b id="15" c="14 10" t="1"/>
		<b id="16" c="14 11" t="1"/>
		<b id="17" c="4 3" t="1"/>
		<b id="18" c="23 22" t="1"/>
		<b id="19" c="23 32" t="1"/>
		<b id="20" c="5 3" t="ar"/>
		<b id="21" c="5 21" t="ar"/>
		<b id="22" c="22 21" t="1"/>
		<b id="23" c="3 2" t="ar"/>
		<b id="24" c="21 45" t="ar"/>
		<b id="25" c="10 9" t="2"/>
		<b id="26" c="10 11" t="1"/>
		<b id="27" c="9 17" t="1"/>
		<b id="28" c="34 33" t="1"/>
		<b id="29" c="2 1" t="1"/>
		<b id="30" c="2 47" t="ar"/>
		<b id="31" c="12 11" t="1"/>
		<b id="32" c="45 47" t="ar"/>
		<b id="33" c="45 46" t="1"/>
		<b id="34" c="11 13" t="1"/>
		<b id="35" c="49 48" t="1"/>
		<b id="36" c="47 48" t="1"/>
		<b id="37" c="19 17" t="1"/>
		<b id="38" c="35 33" t="1"/>
		<b id="39" c="40 37" t="1"/>
		<b id="40" c="33 32" t="1"/>
		<b id="41" c="33 36" t="1"/>
		<b id="42" c="17 20" t="1"/>
		<b id="43" c="17 18" t="1"/>
		<b id="44" c="32 37" t="1"/>
		<b id="45" c="32 41" t="1"/>
		<b id="46" c="48 50" t="1"/>
		<b id="47" c="48 51" t="1"/>
		<b id="48" c="37 38" t="1"/>
		<b id="49" c="37 39" t="1"/>
		<b id="50" c="43 41" t="1"/>
		<b id="51" c="41 42" t="1"/>
		<b id="52" c="41 44" t="1"/>
	</bonds>
	<geometry>
		<g u="A" t="cart/3d">#51,3:-2.4872,4.6097,0.1911;-1.9089,3.6911,0.0586;-2.5214,2.5541,-0.4779;-3.5775,2.6004,-0.7616;-1.8292,1.3535,-0.6709;-2.5231,0.1248,-1.2265;-1.8566,-0.3993,-1.9266;-3.4027,0.4673,-1.8028;-3.0073,-0.8694,-0.1778;-2.7090,-2.1652,-0.2676;-2.8627,-3.5183,0.2823;-3.8235,-4.0377,0.1725;-2.3159,-3.7906,1.1942;-2.0380,-3.2514,-0.9906;-0.9478,-3.3475,-0.9169;-2.4489,-3.5923,-1.9496;-3.8838,-0.3422,0.9304;-4.2161,-1.1512,1.5971;-4.7807,0.1589,0.5218;-3.3561,0.4145,1.5355;-0.4601,1.3216,-0.3120;0.2173,0.1632,-0.5101;1.8256,-0.3511,-0.7038;2.9406,1.0586,-1.2854;3.2233,1.7618,-0.4871;2.4438,1.6363,-2.0824;3.8707,0.6423,-1.7078;1.7370,-1.6482,-2.0644;0.9977,-2.4305,-1.8340;2.7133,-2.1349,-2.2240;1.4373,-1.1766,-3.0151;2.4105,-1.1016,0.9639;3.8717,-1.5806,0.8273;3.9877,-2.3530,0.0483;4.5599,-0.7537,0.5840;4.2210,-2.0248,1.7775;1.5088,-2.2982,1.3345;0.4505,-2.0012,1.4144;1.8136,-2.7206,2.3096;1.5758,-3.1109,0.5923;2.3244,-0.0437,2.0832;1.2949,0.3218,2.2254;2.9688,0.8289,1.8826;2.6570,-0.4764,3.0447;0.1501,2.4601,0.2343;1.2019,2.4111,0.5221;-0.5588,3.6566,0.4263;0.1357,4.8676,1.0034;0.9149,5.2476,0.3199;-0.5731,5.6887,1.1886;0.6350,4.6306,1.9579;</g>
	</geometry>
	<conformers/>
	<properties/>
</molecule>
