<?xml version="1.0" ?>
<!--MOLLI PACKAGE EXPERIMENTAL XML FORMAT-->
<molecule name="react_180">
	<atoms>
		<a id="1" s="H" t="H" l="H"/>
		<a id="2" s="C" t="C.2" l="C"/>
		<a id="3" s="H" t="H" l="H"/>
		<a id="4" s="C" t="C.2" l="C"/>
		<a id="5" s="H" t="H" l="H"/>
		<a id="6" s="C" t="C.3" l="C"/>
		<a id="7" s="H" t="H" l="H"/>
		<a id="8" s="Cl" t="Cl" l="CL"/>
		<a id="9" s="Cl" t="Cl" l="CL"/>
	</atoms>
	<bonds>
		<b id="1" c="9 6" t="1"/>
		<b id="2" c="1 2" t="1"/>
		<b id="3" c="2 3" t="1"/>
		<b id="4" c="2 4" t="2"/>
		<b id="5" c="6 7" t="1"/>
		<b id="6" c="6 4" t="1"/>
		<b id="7" c="6 8" t="1"/>
		<b id="8" c="4 5" t="1"/>
	</bonds>
	<geometry>
		<g u="A" t="cart/3d">#9,3:1.3683,0.1743,-1.3517;1.4014,0.2879,-0.2656;2.3509,0.5816,0.1894;0.3242,0.0776,0.4922;0.3770,0.2014,1.5803;-1.0385,-0.3365,0.0243;-1.3494,-1.2826,0.4849;-2.2636,0.8797,0.5934;-1.1703,-0.5835,-1.7472;</g>
	</geometry>
	<conformers/>
	<properties/>
</molecule>
