<?xml version="1.0" ?>
<!--MOLLI PACKAGE EXPERIMENTAL XML FORMAT-->
<molecule name="react_313">
	<atoms>
		<a id="1" s="H" t="H" l="H"/>
		<a id="2" s="C" t="C.2" l="C"/>
		<a id="3" s="H" t="H" l="H"/>
		<a id="4" s="C" t="C.2" l="C"/>
		<a id="5" s="H" t="H" l="H"/>
		<a id="6" s="C" t="C.2" l="C"/>
		<a id="7" s="O" t="O.2" l="O"/>
		<a id="8" s="C" t="C.3" l="C"/>
		<a id="9" s="H" t="H" l="H"/>
		<a id="10" s="H" t="H" l="H"/>
		<a id="11" s="C" t="C.3" l="C"/>
		<a id="12" s="H" t="H" l="H"/>
		<a id="13" s="H" t="H" l="H"/>
		<a id="14" s="H" t="H" l="H"/>
	</atoms>
	<bonds>
		<b id="1" c="10 8" t="1"/>
		<b id="2" c="13 11" t="1"/>
		<b id="3" c="14 11" t="1"/>
		<b id="4" c="5 4" t="1"/>
		<b id="5" c="8 11" t="1"/>
		<b id="6" c="8 6" t="1"/>
		<b id="7" c="8 9" t="1"/>
		<b id="8" c="11 12" t="1"/>
		<b id="9" c="4 6" t="1"/>
		<b id="10" c="4 2" t="2"/>
		<b id="11" c="6 7" t="2"/>
		<b id="12" c="1 2" t="1"/>
		<b id="13" c="2 3" t="1"/>
	</bonds>
	<geometry>
		<g u="A" t="cart/3d">#14,3:3.7104,0.2030,-0.0365;2.6871,0.5845,0.0152;2.5362,1.6303,0.3015;1.6275,-0.1858,-0.2593;1.7539,-1.2353,-0.5476;0.2290,0.3506,-0.1829;0.0002,1.5031,0.1277;-0.8841,-0.6323,-0.5163;-0.7621,-1.5087,0.1490;-0.6846,-1.0252,-1.5321;-2.2838,-0.0402,-0.4110;-2.4791,0.3291,0.6073;-2.4008,0.8172,-1.0910;-3.0497,-0.7904,-0.6617;</g>
	</geometry>
	<conformers/>
	<properties/>
</molecule>
