<?xml version="1.0" ?>
<!--MOLLI PACKAGE EXPERIMENTAL XML FORMAT-->
<molecule name="react_316">
	<atoms>
		<a id="1" s="H" t="H" l="H"/>
		<a id="2" s="C" t="C.2" l="C"/>
		<a id="3" s="H" t="H" l="H"/>
		<a id="4" s="C" t="C.2" l="C"/>
		<a id="5" s="C" t="C.3" l="C"/>
		<a id="6" s="H" t="H" l="H"/>
		<a id="7" s="H" t="H" l="H"/>
		<a id="8" s="O" t="O.3" l="O"/>
		<a id="9" s="C" t="C.ar" l="C"/>
		<a id="10" s="C" t="C.ar" l="C"/>
		<a id="11" s="H" t="H" l="H"/>
		<a id="12" s="C" t="C.ar" l="C"/>
		<a id="13" s="H" t="H" l="H"/>
		<a id="14" s="C" t="C.ar" l="C"/>
		<a id="15" s="H" t="H" l="H"/>
		<a id="16" s="C" t="C.ar" l="C"/>
		<a id="17" s="H" t="H" l="H"/>
		<a id="18" s="C" t="C.ar" l="C"/>
		<a id="19" s="H" t="H" l="H"/>
		<a id="20" s="C" t="C.3" l="C"/>
		<a id="21" s="H" t="H" l="H"/>
		<a id="22" s="H" t="H" l="H"/>
		<a id="23" s="C" t="C.3" l="C"/>
		<a id="24" s="H" t="H" l="H"/>
		<a id="25" s="H" t="H" l="H"/>
		<a id="26" s="H" t="H" l="H"/>
	</atoms>
	<bonds>
		<b id="1" c="3 2" t="1"/>
		<b id="2" c="1 2" t="1"/>
		<b id="3" c="11 10" t="1"/>
		<b id="4" c="2 4" t="2"/>
		<b id="5" c="13 12" t="1"/>
		<b id="6" c="10 12" t="ar"/>
		<b id="7" c="10 9" t="ar"/>
		<b id="8" c="12 14" t="ar"/>
		<b id="9" c="8 9" t="1"/>
		<b id="10" c="8 5" t="1"/>
		<b id="11" c="4 5" t="1"/>
		<b id="12" c="4 20" t="1"/>
		<b id="13" c="22 20" t="1"/>
		<b id="14" c="9 18" t="ar"/>
		<b id="15" c="5 7" t="1"/>
		<b id="16" c="5 6" t="1"/>
		<b id="17" c="20 23" t="1"/>
		<b id="18" c="20 21" t="1"/>
		<b id="19" c="24 23" t="1"/>
		<b id="20" c="14 15" t="1"/>
		<b id="21" c="14 16" t="ar"/>
		<b id="22" c="23 25" t="1"/>
		<b id="23" c="23 26" t="1"/>
		<b id="24" c="18 16" t="ar"/>
		<b id="25" c="18 19" t="1"/>
		<b id="26" c="16 17" t="1"/>
	</bonds>
	<geometry>
		<g u="A" t="cart/3d">#26,3:2.9627,0.7253,-2.5129;2.0168,0.5418,-1.9943;1.1484,0.2706,-2.5969;1.9345,0.6468,-0.6629;0.6413,0.4253,0.0847;0.7903,-0.3303,0.8822;0.3595,1.3678,0.5990;-0.3866,0.0153,-0.7880;-1.6309,-0.2305,-0.2995;-2.5870,-0.6620,-1.2370;-2.2790,-0.7716,-2.2791;-3.8898,-0.9395,-0.8315;-4.6219,-1.2744,-1.5716;-4.2655,-0.7933,0.5113;-5.2883,-1.0122,0.8271;-3.3158,-0.3644,1.4385;-3.5929,-0.2446,2.4897;-2.0004,-0.0810,1.0469;-1.2807,0.2529,1.7946;3.1227,0.9956,0.2107;2.8206,1.7561,0.9553;3.8948,1.4702,-0.4162;3.7390,-0.2073,0.9450;4.0925,-0.9650,0.2276;4.5984,0.1070,1.5591;3.0172,-0.6985,1.6179;</g>
	</geometry>
	<conformers/>
	<properties/>
</molecule>
