<?xml version="1.0" ?>
<!--MOLLI PACKAGE EXPERIMENTAL XML FORMAT-->
<molecule name="react_319">
	<atoms>
		<a id="1" s="H" t="H" l="H"/>
		<a id="2" s="C" t="C.2" l="C"/>
		<a id="3" s="C" t="C.2" l="C"/>
		<a id="4" s="H" t="H" l="H"/>
		<a id="5" s="C" t="C.3" l="C"/>
		<a id="6" s="H" t="H" l="H"/>
		<a id="7" s="H" t="H" l="H"/>
		<a id="8" s="H" t="H" l="H"/>
		<a id="9" s="C" t="C.ar" l="C"/>
		<a id="10" s="C" t="C.ar" l="C"/>
		<a id="11" s="H" t="H" l="H"/>
		<a id="12" s="C" t="C.ar" l="C"/>
		<a id="13" s="H" t="H" l="H"/>
		<a id="14" s="C" t="C.ar" l="C"/>
		<a id="15" s="H" t="H" l="H"/>
		<a id="16" s="C" t="C.ar" l="C"/>
		<a id="17" s="H" t="H" l="H"/>
		<a id="18" s="C" t="C.ar" l="C"/>
		<a id="19" s="H" t="H" l="H"/>
	</atoms>
	<bonds>
		<b id="1" c="19 18" t="1"/>
		<b id="2" c="17 16" t="1"/>
		<b id="3" c="1 2" t="1"/>
		<b id="4" c="18 16" t="ar"/>
		<b id="5" c="18 9" t="ar"/>
		<b id="6" c="16 14" t="ar"/>
		<b id="7" c="8 5" t="1"/>
		<b id="8" c="7 5" t="1"/>
		<b id="9" c="2 9" t="1"/>
		<b id="10" c="2 3" t="2"/>
		<b id="11" c="9 10" t="ar"/>
		<b id="12" c="14 15" t="1"/>
		<b id="13" c="14 12" t="ar"/>
		<b id="14" c="5 3" t="1"/>
		<b id="15" c="5 6" t="1"/>
		<b id="16" c="3 4" t="1"/>
		<b id="17" c="10 12" t="ar"/>
		<b id="18" c="10 11" t="1"/>
		<b id="19" c="12 13" t="1"/>
	</bonds>
	<geometry>
		<g u="A" t="cart/3d">#19,3:1.4840,1.2112,-0.7786;1.1335,0.3352,-0.2178;2.0628,-0.4797,0.3115;1.7442,-1.3618,0.8810;3.5436,-0.2816,0.1913;4.0163,-0.1825,1.1855;4.0261,-1.1498,-0.2934;3.7908,0.6174,-0.3949;-0.3320,0.2052,-0.1380;-0.9830,-0.8652,0.5105;-0.3938,-1.6548,0.9830;-2.3746,-0.9369,0.5589;-2.8547,-1.7777,1.0674;-3.1584,0.0580,-0.0393;-4.2493,-0.0014,0.0009;-2.5318,1.1253,-0.6878;-3.1308,1.9092,-1.1596;-1.1374,1.1950,-0.7355;-0.6555,2.0349,-1.2450;</g>
	</geometry>
	<conformers/>
	<properties/>
</molecule>
