<?xml version="1.0" ?>
<!--MOLLI PACKAGE EXPERIMENTAL XML FORMAT-->
<molecule name="react_322">
	<atoms>
		<a id="1" s="H" t="H" l="H"/>
		<a id="2" s="C" t="C.2" l="C"/>
		<a id="3" s="C" t="C.2" l="C"/>
		<a id="4" s="H" t="H" l="H"/>
		<a id="5" s="C" t="C.3" l="C"/>
		<a id="6" s="H" t="H" l="H"/>
		<a id="7" s="H" t="H" l="H"/>
		<a id="8" s="Cl" t="Cl" l="CL"/>
		<a id="9" s="C" t="C.ar" l="C"/>
		<a id="10" s="C" t="C.ar" l="C"/>
		<a id="11" s="H" t="H" l="H"/>
		<a id="12" s="C" t="C.ar" l="C"/>
		<a id="13" s="H" t="H" l="H"/>
		<a id="14" s="C" t="C.ar" l="C"/>
		<a id="15" s="H" t="H" l="H"/>
		<a id="16" s="C" t="C.ar" l="C"/>
		<a id="17" s="H" t="H" l="H"/>
		<a id="18" s="C" t="C.ar" l="C"/>
		<a id="19" s="H" t="H" l="H"/>
	</atoms>
	<bonds>
		<b id="1" c="7 5" t="1"/>
		<b id="2" c="4 3" t="1"/>
		<b id="3" c="11 10" t="1"/>
		<b id="4" c="13 12" t="1"/>
		<b id="5" c="5 3" t="1"/>
		<b id="6" c="5 6" t="1"/>
		<b id="7" c="5 8" t="1"/>
		<b id="8" c="3 2" t="2"/>
		<b id="9" c="10 12" t="ar"/>
		<b id="10" c="10 9" t="ar"/>
		<b id="11" c="12 14" t="ar"/>
		<b id="12" c="2 9" t="1"/>
		<b id="13" c="2 1" t="1"/>
		<b id="14" c="9 18" t="ar"/>
		<b id="15" c="14 15" t="1"/>
		<b id="16" c="14 16" t="ar"/>
		<b id="17" c="18 16" t="ar"/>
		<b id="18" c="18 19" t="1"/>
		<b id="19" c="16 17" t="1"/>
	</bonds>
	<geometry>
		<g u="A" t="cart/3d">#19,3:1.4123,-1.4390,0.4408;1.0926,-0.4673,0.0436;2.0409,0.3518,-0.4462;1.7804,1.3373,-0.8470;3.4874,0.0026,-0.4860;3.6819,-1.0045,-0.0930;3.9040,0.0792,-1.5011;4.4812,1.1636,0.5210;-0.3567,-0.2221,0.1118;-0.9549,0.9857,-0.3042;-0.3344,1.7941,-0.6975;-2.3339,1.1689,-0.2168;-2.7751,2.1143,-0.5441;-3.1540,0.1514,0.2877;-4.2351,0.2986,0.3546;-2.5787,-1.0515,0.7057;-3.2080,-1.8526,1.1026;-1.1966,-1.2333,0.6185;-0.7532,-2.1772,0.9494;</g>
	</geometry>
	<conformers/>
	<properties/>
</molecule>
