<?xml version="1.0" ?>
<!--MOLLI PACKAGE EXPERIMENTAL XML FORMAT-->
<molecule name="react_324">
	<atoms>
		<a id="1" s="H" t="H" l="H"/>
		<a id="2" s="C" t="C.2" l="C"/>
		<a id="3" s="C" t="C.2" l="C"/>
		<a id="4" s="H" t="H" l="H"/>
		<a id="5" s="C" t="C.3" l="C"/>
		<a id="6" s="H" t="H" l="H"/>
		<a id="7" s="H" t="H" l="H"/>
		<a id="8" s="O" t="O.3" l="O"/>
		<a id="9" s="Si" t="Si" l="SI"/>
		<a id="10" s="C" t="C.3" l="C"/>
		<a id="11" s="H" t="H" l="H"/>
		<a id="12" s="H" t="H" l="H"/>
		<a id="13" s="H" t="H" l="H"/>
		<a id="14" s="C" t="C.3" l="C"/>
		<a id="15" s="H" t="H" l="H"/>
		<a id="16" s="H" t="H" l="H"/>
		<a id="17" s="H" t="H" l="H"/>
		<a id="18" s="C" t="C.3" l="C"/>
		<a id="19" s="C" t="C.3" l="C"/>
		<a id="20" s="H" t="H" l="H"/>
		<a id="21" s="H" t="H" l="H"/>
		<a id="22" s="H" t="H" l="H"/>
		<a id="23" s="C" t="C.3" l="C"/>
		<a id="24" s="H" t="H" l="H"/>
		<a id="25" s="H" t="H" l="H"/>
		<a id="26" s="H" t="H" l="H"/>
		<a id="27" s="C" t="C.3" l="C"/>
		<a id="28" s="H" t="H" l="H"/>
		<a id="29" s="H" t="H" l="H"/>
		<a id="30" s="H" t="H" l="H"/>
		<a id="31" s="C" t="C.3" l="C"/>
		<a id="32" s="H" t="H" l="H"/>
		<a id="33" s="H" t="H" l="H"/>
		<a id="34" s="O" t="O.3" l="O"/>
		<a id="35" s="C" t="C.3" l="C"/>
		<a id="36" s="H" t="H" l="H"/>
		<a id="37" s="H" t="H" l="H"/>
		<a id="38" s="C" t="C.ar" l="C"/>
		<a id="39" s="C" t="C.ar" l="C"/>
		<a id="40" s="H" t="H" l="H"/>
		<a id="41" s="C" t="C.ar" l="C"/>
		<a id="42" s="H" t="H" l="H"/>
		<a id="43" s="C" t="C.ar" l="C"/>
		<a id="44" s="H" t="H" l="H"/>
		<a id="45" s="C" t="C.ar" l="C"/>
		<a id="46" s="H" t="H" l="H"/>
		<a id="47" s="C" t="C.ar" l="C"/>
		<a id="48" s="H" t="H" l="H"/>
	</atoms>
	<bonds>
		<b id="1" c="33 31" t="1"/>
		<b id="2" c="32 31" t="1"/>
		<b id="3" c="4 3" t="1"/>
		<b id="4" c="31 2" t="1"/>
		<b id="5" c="31 34" t="1"/>
		<b id="6" c="7 5" t="1"/>
		<b id="7" c="3 2" t="2"/>
		<b id="8" c="3 5" t="1"/>
		<b id="9" c="2 1" t="1"/>
		<b id="10" c="37 35" t="1"/>
		<b id="11" c="26 23" t="1"/>
		<b id="12" c="34 35" t="1"/>
		<b id="13" c="29 27" t="1"/>
		<b id="14" c="5 6" t="1"/>
		<b id="15" c="5 8" t="1"/>
		<b id="16" c="25 23" t="1"/>
		<b id="17" c="28 27" t="1"/>
		<b id="18" c="35 36" t="1"/>
		<b id="19" c="35 38" t="1"/>
		<b id="20" c="48 47" t="1"/>
		<b id="21" c="23 24" t="1"/>
		<b id="22" c="23 18" t="1"/>
		<b id="23" c="27 30" t="1"/>
		<b id="24" c="27 18" t="1"/>
		<b id="25" c="8 9" t="1"/>
		<b id="26" c="47 38" t="ar"/>
		<b id="27" c="47 45" t="ar"/>
		<b id="28" c="38 39" t="ar"/>
		<b id="29" c="18 9" t="1"/>
		<b id="30" c="18 19" t="1"/>
		<b id="31" c="46 45" t="1"/>
		<b id="32" c="45 43" t="ar"/>
		<b id="33" c="39 40" t="1"/>
		<b id="34" c="39 41" t="ar"/>
		<b id="35" c="9 14" t="1"/>
		<b id="36" c="9 10" t="1"/>
		<b id="37" c="21 19" t="1"/>
		<b id="38" c="17 14" t="1"/>
		<b id="39" c="11 10" t="1"/>
		<b id="40" c="19 22" t="1"/>
		<b id="41" c="19 20" t="1"/>
		<b id="42" c="43 41" t="ar"/>
		<b id="43" c="43 44" t="1"/>
		<b id="44" c="41 42" t="1"/>
		<b id="45" c="14 15" t="1"/>
		<b id="46" c="14 16" t="1"/>
		<b id="47" c="10 13" t="1"/>
		<b id="48" c="10 12" t="1"/>
	</bonds>
	<geometry>
		<g u="A" t="cart/3d">#48,3:0.5857,-0.1406,-1.0987;0.7995,0.7473,-1.7033;-0.1651,1.6622,-1.8393;0.0136,2.5626,-2.4433;-1.5372,1.5748,-1.2301;-1.7047,2.4818,-0.6117;-2.2890,1.6314,-2.0465;-1.7082,0.4027,-0.4819;-2.6730,0.0650,0.8620;-1.6269,-1.0635,1.9467;-1.3027,-1.9601,1.3941;-2.1734,-1.3964,2.8445;-0.7208,-0.5309,2.2798;-3.0666,1.6670,1.7842;-2.1362,2.1835,2.0750;-3.6280,1.4563,2.7096;-3.6690,2.3688,1.1849;-4.2662,-0.8205,0.2526;-5.1572,-1.2052,1.4517;-4.6395,-1.8794,2.1545;-6.0654,-1.7323,1.1051;-5.4925,-0.3220,2.0210;-5.0518,0.1165,-0.6884;-5.3722,1.0427,-0.1825;-5.9652,-0.3840,-1.0598;-4.4562,0.4038,-1.5707;-3.8680,-2.0932,-0.5237;-4.7651,-2.5942,-0.9323;-3.1994,-1.8603,-1.3684;-3.3509,-2.8249,0.1190;2.1580,0.8565,-2.3408;2.2262,1.7870,-2.9270;2.3147,0.0095,-3.0438;3.2261,0.8986,-1.4088;3.5898,-0.3365,-0.8468;2.7842,-0.7458,-0.2032;3.7535,-1.0881,-1.6520;4.8556,-0.1983,-0.0281;5.2390,-1.2297,0.8435;4.6040,-2.1157,0.9478;6.4212,-1.1367,1.5819;6.7064,-1.9488,2.2567;7.2347,-0.0041,1.4640;8.1585,0.0724,2.0439;6.8552,1.0293,0.6030;7.4827,1.9201,0.5082;5.6739,0.9333,-0.1403;5.3679,1.7377,-0.8106;</g>
	</geometry>
	<conformers/>
	<properties/>
</molecule>
