<?xml version="1.0" ?>
<!--MOLLI PACKAGE EXPERIMENTAL XML FORMAT-->
<molecule name="react_339">
	<atoms>
		<a id="1" s="H" t="H" l="H"/>
		<a id="2" s="C" t="C.2" l="C"/>
		<a id="3" s="C" t="C.2" l="C"/>
		<a id="4" s="O" t="O.2" l="O"/>
		<a id="5" s="N" t="N.am" l="N"/>
		<a id="6" s="C" t="C.3" l="C"/>
		<a id="7" s="H" t="H" l="H"/>
		<a id="8" s="H" t="H" l="H"/>
		<a id="9" s="H" t="H" l="H"/>
		<a id="10" s="C" t="C.3" l="C"/>
		<a id="11" s="H" t="H" l="H"/>
		<a id="12" s="H" t="H" l="H"/>
		<a id="13" s="C" t="C.ar" l="C"/>
		<a id="14" s="C" t="C.ar" l="C"/>
		<a id="15" s="H" t="H" l="H"/>
		<a id="16" s="C" t="C.ar" l="C"/>
		<a id="17" s="H" t="H" l="H"/>
		<a id="18" s="C" t="C.ar" l="C"/>
		<a id="19" s="H" t="H" l="H"/>
		<a id="20" s="C" t="C.ar" l="C"/>
		<a id="21" s="H" t="H" l="H"/>
		<a id="22" s="C" t="C.ar" l="C"/>
		<a id="23" s="H" t="H" l="H"/>
		<a id="24" s="C" t="C.2" l="C"/>
		<a id="25" s="H" t="H" l="H"/>
		<a id="26" s="C" t="C.ar" l="C"/>
		<a id="27" s="C" t="C.ar" l="C"/>
		<a id="28" s="H" t="H" l="H"/>
		<a id="29" s="C" t="C.ar" l="C"/>
		<a id="30" s="H" t="H" l="H"/>
		<a id="31" s="C" t="C.ar" l="C"/>
		<a id="32" s="H" t="H" l="H"/>
		<a id="33" s="C" t="C.ar" l="C"/>
		<a id="34" s="H" t="H" l="H"/>
		<a id="35" s="C" t="C.ar" l="C"/>
		<a id="36" s="H" t="H" l="H"/>
	</atoms>
	<bonds>
		<b id="1" c="30 29" t="1"/>
		<b id="2" c="21 20" t="1"/>
		<b id="3" c="19 18" t="1"/>
		<b id="4" c="32 31" t="1"/>
		<b id="5" c="29 31" t="ar"/>
		<b id="6" c="29 27" t="ar"/>
		<b id="7" c="28 27" t="1"/>
		<b id="8" c="31 33" t="ar"/>
		<b id="9" c="20 18" t="ar"/>
		<b id="10" c="20 22" t="ar"/>
		<b id="11" c="27 26" t="ar"/>
		<b id="12" c="18 16" t="ar"/>
		<b id="13" c="33 34" t="1"/>
		<b id="14" c="33 35" t="ar"/>
		<b id="15" c="23 22" t="1"/>
		<b id="16" c="26 35" t="ar"/>
		<b id="17" c="26 24" t="1"/>
		<b id="18" c="22 13" t="ar"/>
		<b id="19" c="25 24" t="1"/>
		<b id="20" c="35 36" t="1"/>
		<b id="21" c="16 17" t="1"/>
		<b id="22" c="16 14" t="ar"/>
		<b id="23" c="24 2" t="2"/>
		<b id="24" c="13 14" t="ar"/>
		<b id="25" c="13 10" t="1"/>
		<b id="26" c="2 1" t="1"/>
		<b id="27" c="2 3" t="1"/>
		<b id="28" c="14 15" t="1"/>
		<b id="29" c="4 3" t="2"/>
		<b id="30" c="8 6" t="1"/>
		<b id="31" c="3 5" t="am"/>
		<b id="32" c="5 10" t="1"/>
		<b id="33" c="5 6" t="1"/>
		<b id="34" c="10 11" t="1"/>
		<b id="35" c="10 12" t="1"/>
		<b id="36" c="6 7" t="1"/>
		<b id="37" c="6 9" t="1"/>
	</bonds>
	<geometry>
		<g u="A" t="cart/3d">#36,3:-1.6878,2.2423,1.1222;-1.1383,1.3510,0.8045;0.3087,1.4192,1.1823;0.8776,2.5000,1.0626;0.9657,0.2950,1.6305;0.3525,-0.9877,1.9242;-0.7364,-0.8902,1.9952;0.5909,-1.7510,1.1611;0.7257,-1.3608,2.8939;2.4111,0.3952,1.8548;2.6405,1.4654,1.9441;2.6486,-0.0942,2.8141;3.2379,-0.2243,0.7418;3.9604,-1.4085,0.9429;3.9406,-1.8918,1.9250;4.7105,-1.9760,-0.0939;5.2704,-2.8989,0.0813;4.7431,-1.3633,-1.3489;5.3290,-1.8035,-2.1604;4.0253,-0.1798,-1.5609;4.0523,0.3086,-2.5390;3.2810,0.3868,-0.5242;2.7304,1.3180,-0.6848;-1.6980,0.4577,-0.0339;-1.0894,-0.3841,-0.3835;-3.0645,0.4863,-0.5786;-3.4815,-0.5589,-1.4264;-2.7788,-1.3628,-1.6653;-4.7705,-0.5848,-1.9635;-5.0700,-1.4069,-2.6190;-5.6732,0.4392,-1.6648;-6.6827,0.4240,-2.0840;-5.2744,1.4882,-0.8261;-5.9735,2.2952,-0.5906;-3.9880,1.5130,-0.2906;-3.6950,2.3426,0.3568;</g>
	</geometry>
	<conformers/>
	<properties/>
</molecule>
