<?xml version="1.0" ?>
<!--MOLLI PACKAGE EXPERIMENTAL XML FORMAT-->
<molecule name="react_340">
	<atoms>
		<a id="1" s="H" t="H" l="H"/>
		<a id="2" s="C" t="C.2" l="C"/>
		<a id="3" s="C" t="C.2" l="C"/>
		<a id="4" s="O" t="O.2" l="O"/>
		<a id="5" s="N" t="N.am" l="N"/>
		<a id="6" s="O" t="O.3" l="O"/>
		<a id="7" s="C" t="C.3" l="C"/>
		<a id="8" s="H" t="H" l="H"/>
		<a id="9" s="H" t="H" l="H"/>
		<a id="10" s="H" t="H" l="H"/>
		<a id="11" s="C" t="C.3" l="C"/>
		<a id="12" s="H" t="H" l="H"/>
		<a id="13" s="H" t="H" l="H"/>
		<a id="14" s="H" t="H" l="H"/>
		<a id="15" s="C" t="C.2" l="C"/>
		<a id="16" s="H" t="H" l="H"/>
		<a id="17" s="C" t="C.ar" l="C"/>
		<a id="18" s="C" t="C.ar" l="C"/>
		<a id="19" s="H" t="H" l="H"/>
		<a id="20" s="C" t="C.ar" l="C"/>
		<a id="21" s="H" t="H" l="H"/>
		<a id="22" s="C" t="C.ar" l="C"/>
		<a id="23" s="H" t="H" l="H"/>
		<a id="24" s="C" t="C.ar" l="C"/>
		<a id="25" s="H" t="H" l="H"/>
		<a id="26" s="C" t="C.ar" l="C"/>
		<a id="27" s="H" t="H" l="H"/>
	</atoms>
	<bonds>
		<b id="1" c="19 18" t="1"/>
		<b id="2" c="21 20" t="1"/>
		<b id="3" c="18 20" t="ar"/>
		<b id="4" c="18 17" t="ar"/>
		<b id="5" c="20 22" t="ar"/>
		<b id="6" c="16 15" t="1"/>
		<b id="7" c="4 3" t="2"/>
		<b id="8" c="15 17" t="1"/>
		<b id="9" c="15 2" t="2"/>
		<b id="10" c="17 26" t="ar"/>
		<b id="11" c="22 23" t="1"/>
		<b id="12" c="22 24" t="ar"/>
		<b id="13" c="8 7" t="1"/>
		<b id="14" c="3 2" t="1"/>
		<b id="15" c="3 5" t="am"/>
		<b id="16" c="12 11" t="1"/>
		<b id="17" c="2 1" t="1"/>
		<b id="18" c="26 24" t="ar"/>
		<b id="19" c="26 27" t="1"/>
		<b id="20" c="24 25" t="1"/>
		<b id="21" c="9 7" t="1"/>
		<b id="22" c="5 11" t="1"/>
		<b id="23" c="5 6" t="1"/>
		<b id="24" c="13 11" t="1"/>
		<b id="25" c="11 14" t="1"/>
		<b id="26" c="7 6" t="1"/>
		<b id="27" c="7 10" t="1"/>
	</bonds>
	<geometry>
		<g u="A" t="cart/3d">#27,3:0.4509,0.5397,0.6922;0.4586,-0.3750,0.1000;1.7417,-1.1147,-0.0427;1.8383,-2.1920,-0.6142;2.8722,-0.4989,0.4807;2.6962,0.5872,1.3393;3.1283,1.7990,0.7332;2.5221,2.0462,-0.1563;4.1931,1.7536,0.4435;2.9973,2.5788,1.4976;4.1004,-1.2306,0.7106;4.0982,-2.0984,0.0401;4.9759,-0.5997,0.4887;4.1643,-1.5752,1.7583;-0.6542,-0.8680,-0.4800;-0.5316,-1.8012,-1.0417;-2.0076,-0.3055,-0.4454;-3.0395,-0.9762,-1.1327;-2.8039,-1.8970,-1.6738;-4.3467,-0.4850,-1.1321;-5.1303,-1.0227,-1.6725;-4.6511,0.6911,-0.4411;-5.6733,1.0786,-0.4368;-3.6380,1.3715,0.2477;-3.8700,2.2916,0.7910;-2.3342,0.8806,0.2464;-1.5572,1.4223,0.7907;</g>
	</geometry>
	<conformers/>
	<properties/>
</molecule>
