<?xml version="1.0" ?>
<!--MOLLI PACKAGE EXPERIMENTAL XML FORMAT-->
<molecule name="react_341">
	<atoms>
		<a id="1" s="H" t="H" l="H"/>
		<a id="2" s="C" t="C.2" l="C"/>
		<a id="3" s="C" t="C.2" l="C"/>
		<a id="4" s="H" t="H" l="H"/>
		<a id="5" s="C" t="C.3" l="C"/>
		<a id="6" s="H" t="H" l="H"/>
		<a id="7" s="H" t="H" l="H"/>
		<a id="8" s="C" t="C.2" l="C"/>
		<a id="9" s="O" t="O.2" l="O"/>
		<a id="10" s="N" t="N.am" l="N"/>
		<a id="11" s="C" t="C.3" l="C"/>
		<a id="12" s="H" t="H" l="H"/>
		<a id="13" s="H" t="H" l="H"/>
		<a id="14" s="H" t="H" l="H"/>
		<a id="15" s="C" t="C.3" l="C"/>
		<a id="16" s="H" t="H" l="H"/>
		<a id="17" s="H" t="H" l="H"/>
		<a id="18" s="C" t="C.ar" l="C"/>
		<a id="19" s="C" t="C.ar" l="C"/>
		<a id="20" s="H" t="H" l="H"/>
		<a id="21" s="C" t="C.ar" l="C"/>
		<a id="22" s="H" t="H" l="H"/>
		<a id="23" s="C" t="C.ar" l="C"/>
		<a id="24" s="H" t="H" l="H"/>
		<a id="25" s="C" t="C.ar" l="C"/>
		<a id="26" s="H" t="H" l="H"/>
		<a id="27" s="C" t="C.ar" l="C"/>
		<a id="28" s="H" t="H" l="H"/>
		<a id="29" s="C" t="C.ar" l="C"/>
		<a id="30" s="C" t="C.ar" l="C"/>
		<a id="31" s="H" t="H" l="H"/>
		<a id="32" s="C" t="C.ar" l="C"/>
		<a id="33" s="H" t="H" l="H"/>
		<a id="34" s="C" t="C.ar" l="C"/>
		<a id="35" s="H" t="H" l="H"/>
		<a id="36" s="C" t="C.ar" l="C"/>
		<a id="37" s="H" t="H" l="H"/>
		<a id="38" s="C" t="C.ar" l="C"/>
		<a id="39" s="H" t="H" l="H"/>
	</atoms>
	<bonds>
		<b id="1" c="6 5" t="1"/>
		<b id="2" c="9 8" t="2"/>
		<b id="3" c="26 25" t="1"/>
		<b id="4" c="5 7" t="1"/>
		<b id="5" c="5 3" t="1"/>
		<b id="6" c="5 8" t="1"/>
		<b id="7" c="4 3" t="1"/>
		<b id="8" c="28 27" t="1"/>
		<b id="9" c="3 2" t="2"/>
		<b id="10" c="8 10" t="am"/>
		<b id="11" c="39 38" t="1"/>
		<b id="12" c="25 27" t="ar"/>
		<b id="13" c="25 23" t="ar"/>
		<b id="14" c="27 18" t="ar"/>
		<b id="15" c="2 1" t="1"/>
		<b id="16" c="2 29" t="1"/>
		<b id="17" c="38 29" t="ar"/>
		<b id="18" c="38 36" t="ar"/>
		<b id="19" c="37 36" t="1"/>
		<b id="20" c="29 30" t="ar"/>
		<b id="21" c="16 15" t="1"/>
		<b id="22" c="36 34" t="ar"/>
		<b id="23" c="10 15" t="1"/>
		<b id="24" c="10 11" t="1"/>
		<b id="25" c="24 23" t="1"/>
		<b id="26" c="23 21" t="ar"/>
		<b id="27" c="18 15" t="1"/>
		<b id="28" c="18 19" t="ar"/>
		<b id="29" c="15 17" t="1"/>
		<b id="30" c="13 11" t="1"/>
		<b id="31" c="30 31" t="1"/>
		<b id="32" c="30 32" t="ar"/>
		<b id="33" c="12 11" t="1"/>
		<b id="34" c="34 35" t="1"/>
		<b id="35" c="34 32" t="ar"/>
		<b id="36" c="11 14" t="1"/>
		<b id="37" c="32 33" t="1"/>
		<b id="38" c="21 19" t="ar"/>
		<b id="39" c="21 22" t="1"/>
		<b id="40" c="19 20" t="1"/>
	</bonds>
	<geometry>
		<g u="A" t="cart/3d">#39,3:1.7498,-0.6608,-0.3823;2.3025,0.2016,-0.7724;1.6588,1.0529,-1.5896;2.1968,1.9157,-1.9998;0.2321,0.9317,-2.0662;0.2343,0.7871,-3.1593;-0.2979,1.8853,-1.8896;-0.5788,-0.2463,-1.5184;-0.7919,-1.2240,-2.2227;-1.0484,-0.1646,-0.2272;-0.9626,1.0225,0.6069;-1.8725,1.6475,0.5442;-0.0899,1.6307,0.3419;-0.8390,0.7202,1.6598;-1.8766,-1.2665,0.2754;-1.6078,-2.1539,-0.3125;-1.6022,-1.4471,1.3279;-3.3705,-1.0102,0.1727;-4.1359,-0.7174,1.3107;-3.6531,-0.6899,2.2928;-5.5092,-0.4675,1.2075;-6.0908,-0.2425,2.1058;-6.1341,-0.5077,-0.0414;-7.2072,-0.3149,-0.1254;-5.3801,-0.8011,-1.1841;-5.8653,-0.8408,-2.1634;-4.0102,-1.0517,-1.0795;-3.4201,-1.2882,-1.9687;3.7054,0.2774,-0.3276;4.2102,-0.7454,0.4993;3.5496,-1.5679,0.7893;5.5325,-0.7302,0.9490;5.8976,-1.5388,1.5881;6.3854,0.3138,0.5819;7.4210,0.3302,0.9315;5.9009,1.3402,-0.2389;6.5602,2.1620,-0.5319;4.5810,1.3231,-0.6872;4.2267,2.1355,-1.3262;</g>
	</geometry>
	<conformers/>
	<properties/>
</molecule>
