<?xml version="1.0" ?>
<!--MOLLI PACKAGE EXPERIMENTAL XML FORMAT-->
<molecule name="react_342">
	<atoms>
		<a id="1" s="H" t="H" l="H"/>
		<a id="2" s="C" t="C.2" l="C"/>
		<a id="3" s="C" t="C.2" l="C"/>
		<a id="4" s="H" t="H" l="H"/>
		<a id="5" s="C" t="C.3" l="C"/>
		<a id="6" s="H" t="H" l="H"/>
		<a id="7" s="H" t="H" l="H"/>
		<a id="8" s="C" t="C.2" l="C"/>
		<a id="9" s="O" t="O.2" l="O"/>
		<a id="10" s="N" t="N.am" l="N"/>
		<a id="11" s="O" t="O.3" l="O"/>
		<a id="12" s="C" t="C.3" l="C"/>
		<a id="13" s="H" t="H" l="H"/>
		<a id="14" s="H" t="H" l="H"/>
		<a id="15" s="H" t="H" l="H"/>
		<a id="16" s="C" t="C.3" l="C"/>
		<a id="17" s="H" t="H" l="H"/>
		<a id="18" s="H" t="H" l="H"/>
		<a id="19" s="H" t="H" l="H"/>
		<a id="20" s="C" t="C.ar" l="C"/>
		<a id="21" s="C" t="C.ar" l="C"/>
		<a id="22" s="H" t="H" l="H"/>
		<a id="23" s="C" t="C.ar" l="C"/>
		<a id="24" s="H" t="H" l="H"/>
		<a id="25" s="C" t="C.ar" l="C"/>
		<a id="26" s="H" t="H" l="H"/>
		<a id="27" s="C" t="C.ar" l="C"/>
		<a id="28" s="H" t="H" l="H"/>
		<a id="29" s="C" t="C.ar" l="C"/>
		<a id="30" s="H" t="H" l="H"/>
	</atoms>
	<bonds>
		<b id="1" c="30 29" t="1"/>
		<b id="2" c="14 12" t="1"/>
		<b id="3" c="28 27" t="1"/>
		<b id="4" c="1 2" t="1"/>
		<b id="5" c="29 27" t="ar"/>
		<b id="6" c="29 20" t="ar"/>
		<b id="7" c="27 25" t="ar"/>
		<b id="8" c="7 5" t="1"/>
		<b id="9" c="12 11" t="1"/>
		<b id="10" c="12 15" t="1"/>
		<b id="11" c="12 13" t="1"/>
		<b id="12" c="11 10" t="1"/>
		<b id="13" c="2 20" t="1"/>
		<b id="14" c="2 3" t="2"/>
		<b id="15" c="6 5" t="1"/>
		<b id="16" c="20 21" t="ar"/>
		<b id="17" c="5 3" t="1"/>
		<b id="18" c="5 8" t="1"/>
		<b id="19" c="25 26" t="1"/>
		<b id="20" c="25 23" t="ar"/>
		<b id="21" c="3 4" t="1"/>
		<b id="22" c="10 8" t="am"/>
		<b id="23" c="10 16" t="1"/>
		<b id="24" c="21 23" t="ar"/>
		<b id="25" c="21 22" t="1"/>
		<b id="26" c="8 9" t="2"/>
		<b id="27" c="18 16" t="1"/>
		<b id="28" c="23 24" t="1"/>
		<b id="29" c="16 17" t="1"/>
		<b id="30" c="16 19" t="1"/>
	</bonds>
	<geometry>
		<g u="A" t="cart/3d">#30,3:1.0289,0.3187,-1.6281;1.2954,0.0010,-0.6116;0.3001,-0.3374,0.2249;0.5160,-0.6414,1.2535;-1.1511,-0.3319,-0.1545;-1.5036,-1.3660,-0.3410;-1.3261,0.2077,-1.0982;-2.0377,0.2570,0.9429;-1.6158,0.5905,2.0353;-3.3881,0.3458,0.6461;-3.7508,0.2204,-0.6966;-4.5146,-0.9566,-0.9230;-5.4525,-0.9545,-0.3398;-4.7597,-0.9514,-1.9950;-3.9413,-1.8685,-0.6804;-4.2860,1.1767,1.4242;-5.2753,0.7012,1.5153;-4.4059,2.1708,0.9584;-3.8456,1.2908,2.4223;2.7418,-0.0035,-0.3320;3.2853,-0.3360,0.9267;2.6209,-0.6032,1.7516;4.6630,-0.3237,1.1388;5.0596,-0.5835,2.1243;5.5388,0.0205,0.1011;6.6187,0.0296,0.2715;5.0188,0.3537,-1.1523;5.6907,0.6257,-1.9710;3.6377,0.3419,-1.3629;3.2385,0.6054,-2.3470;</g>
	</geometry>
	<conformers/>
	<properties/>
</molecule>
