<?xml version="1.0" ?>
<!--MOLLI PACKAGE EXPERIMENTAL XML FORMAT-->
<molecule name="react_343">
	<atoms>
		<a id="1" s="H" t="H" l="H"/>
		<a id="2" s="C" t="C.2" l="C"/>
		<a id="3" s="C" t="C.2" l="C"/>
		<a id="4" s="H" t="H" l="H"/>
		<a id="5" s="C" t="C.3" l="C"/>
		<a id="6" s="H" t="H" l="H"/>
		<a id="7" s="H" t="H" l="H"/>
		<a id="8" s="C" t="C.3" l="C"/>
		<a id="9" s="H" t="H" l="H"/>
		<a id="10" s="H" t="H" l="H"/>
		<a id="11" s="C" t="C.3" l="C"/>
		<a id="12" s="H" t="H" l="H"/>
		<a id="13" s="H" t="H" l="H"/>
		<a id="14" s="C" t="C.3" l="C"/>
		<a id="15" s="H" t="H" l="H"/>
		<a id="16" s="H" t="H" l="H"/>
		<a id="17" s="H" t="H" l="H"/>
		<a id="18" s="C" t="C.3" l="C"/>
		<a id="19" s="H" t="H" l="H"/>
		<a id="20" s="H" t="H" l="H"/>
		<a id="21" s="C" t="C.2" l="C"/>
		<a id="22" s="O" t="O.2" l="O"/>
		<a id="23" s="N" t="N.am" l="N"/>
		<a id="24" s="O" t="O.3" l="O"/>
		<a id="25" s="C" t="C.3" l="C"/>
		<a id="26" s="H" t="H" l="H"/>
		<a id="27" s="H" t="H" l="H"/>
		<a id="28" s="H" t="H" l="H"/>
		<a id="29" s="C" t="C.3" l="C"/>
		<a id="30" s="H" t="H" l="H"/>
		<a id="31" s="H" t="H" l="H"/>
		<a id="32" s="H" t="H" l="H"/>
	</atoms>
	<bonds>
		<b id="1" c="6 5" t="1"/>
		<b id="2" c="4 3" t="1"/>
		<b id="3" c="5 7" t="1"/>
		<b id="4" c="5 3" t="1"/>
		<b id="5" c="5 8" t="1"/>
		<b id="6" c="22 21" t="2"/>
		<b id="7" c="9 8" t="1"/>
		<b id="8" c="3 2" t="2"/>
		<b id="9" c="27 25" t="1"/>
		<b id="10" c="8 10" t="1"/>
		<b id="11" c="8 11" t="1"/>
		<b id="12" c="24 25" t="1"/>
		<b id="13" c="24 23" t="1"/>
		<b id="14" c="28 25" t="1"/>
		<b id="15" c="21 18" t="1"/>
		<b id="16" c="21 23" t="am"/>
		<b id="17" c="2 18" t="1"/>
		<b id="18" c="2 1" t="1"/>
		<b id="19" c="25 26" t="1"/>
		<b id="20" c="20 18" t="1"/>
		<b id="21" c="18 19" t="1"/>
		<b id="22" c="23 29" t="1"/>
		<b id="23" c="32 29" t="1"/>
		<b id="24" c="13 11" t="1"/>
		<b id="25" c="11 12" t="1"/>
		<b id="26" c="11 14" t="1"/>
		<b id="27" c="29 30" t="1"/>
		<b id="28" c="29 31" t="1"/>
		<b id="29" c="15 14" t="1"/>
		<b id="30" c="14 17" t="1"/>
		<b id="31" c="14 16" t="1"/>
	</bonds>
	<geometry>
		<g u="A" t="cart/3d">#32,3:1.1597,1.1626,0.2931;0.4179,0.5345,-0.2163;0.8451,-0.4169,-1.0561;0.0955,-1.0271,-1.5660;2.2815,-0.7144,-1.4149;2.4099,-0.4594,-2.4851;2.4254,-1.8115,-1.3789;3.3911,-0.0355,-0.6016;4.3435,-0.1498,-1.1498;3.2102,1.0544,-0.5566;3.5774,-0.5883,0.8180;2.6258,-0.5189,1.3724;3.8048,-1.6683,0.7517;4.6833,0.1189,1.6038;5.6563,0.0403,1.0890;4.8056,-0.3116,2.6112;4.4647,1.1937,1.7268;-0.9937,0.9134,0.1646;-1.0738,0.8956,1.2668;-1.1574,1.9771,-0.1015;-2.1661,0.1210,-0.4165;-2.0719,-0.6979,-1.3098;-3.3930,0.3659,0.1938;-4.4985,-0.1283,-0.4993;-4.7916,-1.4701,-0.1323;-4.9618,-1.5643,0.9558;-5.7177,-1.7246,-0.6686;-3.9861,-2.1516,-0.4485;-3.7662,1.5385,0.9608;-2.9333,1.8661,1.5944;-4.6120,1.2798,1.6150;-4.0749,2.3766,0.3084;</g>
	</geometry>
	<conformers/>
	<properties/>
</molecule>
