<?xml version="1.0" ?>
<!--MOLLI PACKAGE EXPERIMENTAL XML FORMAT-->
<molecule name="react_181">
	<atoms>
		<a id="1" s="H" t="H" l="H"/>
		<a id="2" s="C" t="C.2" l="C"/>
		<a id="3" s="H" t="H" l="H"/>
		<a id="4" s="C" t="C.2" l="C"/>
		<a id="5" s="H" t="H" l="H"/>
		<a id="6" s="C" t="C.3" l="C"/>
		<a id="7" s="F" t="F" l="F"/>
		<a id="8" s="F" t="F" l="F"/>
		<a id="9" s="F" t="F" l="F"/>
	</atoms>
	<bonds>
		<b id="1" c="5 4" t="1"/>
		<b id="2" c="7 6" t="1"/>
		<b id="3" c="4 2" t="2"/>
		<b id="4" c="4 6" t="1"/>
		<b id="5" c="1 2" t="1"/>
		<b id="6" c="2 3" t="1"/>
		<b id="7" c="6 9" t="1"/>
		<b id="8" c="6 8" t="1"/>
	</bonds>
	<geometry>
		<g u="A" t="cart/3d">#9,3:-2.2894,-0.5601,-0.4507;-1.4099,-0.1400,0.0440;-1.5687,0.4307,0.9627;-0.1893,-0.3185,-0.4588;-0.0099,-0.8860,-1.3770;1.0535,0.2359,0.1726;1.6965,1.0623,-0.6744;0.8003,0.9251,1.2963;1.9168,-0.7495,0.4853;</g>
	</geometry>
	<conformers/>
	<properties/>
</molecule>
