<?xml version="1.0" ?>
<!--MOLLI PACKAGE EXPERIMENTAL XML FORMAT-->
<molecule name="react_344">
	<atoms>
		<a id="1" s="H" t="H" l="H"/>
		<a id="2" s="C" t="C.2" l="C"/>
		<a id="3" s="C" t="C.2" l="C"/>
		<a id="4" s="O" t="O.2" l="O"/>
		<a id="5" s="C" t="C.3" l="C"/>
		<a id="6" s="H" t="H" l="H"/>
		<a id="7" s="H" t="H" l="H"/>
		<a id="8" s="H" t="H" l="H"/>
		<a id="9" s="C" t="C.2" l="C"/>
		<a id="10" s="H" t="H" l="H"/>
		<a id="11" s="C" t="C.3" l="C"/>
		<a id="12" s="H" t="H" l="H"/>
		<a id="13" s="H" t="H" l="H"/>
		<a id="14" s="C" t="C.3" l="C"/>
		<a id="15" s="H" t="H" l="H"/>
		<a id="16" s="H" t="H" l="H"/>
		<a id="17" s="C" t="C.3" l="C"/>
		<a id="18" s="H" t="H" l="H"/>
		<a id="19" s="H" t="H" l="H"/>
		<a id="20" s="C" t="C.3" l="C"/>
		<a id="21" s="H" t="H" l="H"/>
		<a id="22" s="H" t="H" l="H"/>
		<a id="23" s="C" t="C.3" l="C"/>
		<a id="24" s="H" t="H" l="H"/>
		<a id="25" s="H" t="H" l="H"/>
		<a id="26" s="H" t="H" l="H"/>
	</atoms>
	<bonds>
		<b id="1" c="6 5" t="1"/>
		<b id="2" c="22 20" t="1"/>
		<b id="3" c="1 2" t="1"/>
		<b id="4" c="12 11" t="1"/>
		<b id="5" c="13 11" t="1"/>
		<b id="6" c="26 23" t="1"/>
		<b id="7" c="25 23" t="1"/>
		<b id="8" c="5 7" t="1"/>
		<b id="9" c="5 8" t="1"/>
		<b id="10" c="5 3" t="1"/>
		<b id="11" c="2 9" t="2"/>
		<b id="12" c="2 3" t="1"/>
		<b id="13" c="11 9" t="1"/>
		<b id="14" c="11 14" t="1"/>
		<b id="15" c="23 20" t="1"/>
		<b id="16" c="23 24" t="1"/>
		<b id="17" c="20 21" t="1"/>
		<b id="18" c="20 17" t="1"/>
		<b id="19" c="9 10" t="1"/>
		<b id="20" c="18 17" t="1"/>
		<b id="21" c="3 4" t="2"/>
		<b id="22" c="17 14" t="1"/>
		<b id="23" c="17 19" t="1"/>
		<b id="24" c="14 15" t="1"/>
		<b id="25" c="14 16" t="1"/>
	</bonds>
	<geometry>
		<g u="A" t="cart/3d">#26,3:2.2785,-0.8692,-0.9846;2.4907,0.0031,-0.3551;3.9082,0.2433,0.0516;4.2298,1.1787,0.7600;4.9317,-0.7491,-0.4705;4.9288,-0.7565,-1.5742;4.6760,-1.7719,-0.1441;5.9319,-0.4822,-0.1048;1.5020,0.8267,0.0309;1.7926,1.6771,0.6629;0.0503,0.6867,-0.3071;-0.1029,-0.1970,-0.9480;-0.2557,1.5678,-0.9053;-0.8507,0.6191,0.9422;-0.5694,-0.2658,1.5417;-0.6338,1.4954,1.5784;-2.3562,0.5799,0.6442;-2.6306,1.4604,0.0325;-2.9029,0.6969,1.5975;-2.8524,-0.6945,-0.0506;-2.5536,-1.5725,0.5518;-2.3478,-0.8138,-1.0260;-4.3671,-0.7138,-0.2656;-4.9093,-0.6433,0.6928;-4.6939,-1.6400,-0.7653;-4.6942,0.1343,-0.8910;</g>
	</geometry>
	<conformers/>
	<properties/>
</molecule>
