<?xml version="1.0" ?>
<!--MOLLI PACKAGE EXPERIMENTAL XML FORMAT-->
<molecule name="react_345">
	<atoms>
		<a id="1" s="H" t="H" l="H"/>
		<a id="2" s="C" t="C.2" l="C"/>
		<a id="3" s="C" t="C.2" l="C"/>
		<a id="4" s="O" t="O.2" l="O"/>
		<a id="5" s="C" t="C.3" l="C"/>
		<a id="6" s="H" t="H" l="H"/>
		<a id="7" s="H" t="H" l="H"/>
		<a id="8" s="H" t="H" l="H"/>
		<a id="9" s="C" t="C.2" l="C"/>
		<a id="10" s="H" t="H" l="H"/>
		<a id="11" s="C" t="C.ar" l="C"/>
		<a id="12" s="C" t="C.ar" l="C"/>
		<a id="13" s="H" t="H" l="H"/>
		<a id="14" s="C" t="C.ar" l="C"/>
		<a id="15" s="H" t="H" l="H"/>
		<a id="16" s="C" t="C.ar" l="C"/>
		<a id="17" s="H" t="H" l="H"/>
		<a id="18" s="C" t="C.ar" l="C"/>
		<a id="19" s="H" t="H" l="H"/>
		<a id="20" s="C" t="C.ar" l="C"/>
		<a id="21" s="H" t="H" l="H"/>
	</atoms>
	<bonds>
		<b id="1" c="6 5" t="1"/>
		<b id="2" c="7 5" t="1"/>
		<b id="3" c="4 3" t="2"/>
		<b id="4" c="5 3" t="1"/>
		<b id="5" c="5 8" t="1"/>
		<b id="6" c="3 2" t="1"/>
		<b id="7" c="10 9" t="1"/>
		<b id="8" c="2 1" t="1"/>
		<b id="9" c="2 9" t="2"/>
		<b id="10" c="9 11" t="1"/>
		<b id="11" c="21 20" t="1"/>
		<b id="12" c="11 20" t="ar"/>
		<b id="13" c="11 12" t="ar"/>
		<b id="14" c="20 18" t="ar"/>
		<b id="15" c="13 12" t="1"/>
		<b id="16" c="12 14" t="ar"/>
		<b id="17" c="18 19" t="1"/>
		<b id="18" c="18 16" t="ar"/>
		<b id="19" c="14 16" t="ar"/>
		<b id="20" c="14 15" t="1"/>
		<b id="21" c="16 17" t="1"/>
	</bonds>
	<geometry>
		<g u="A" t="cart/3d">#21,3:1.5550,1.1150,0.1370;1.5846,0.0227,0.0740;2.9176,-0.6232,-0.0937;3.0476,-1.8311,-0.1779;4.1122,0.3117,-0.1539;4.0048,1.0183,-0.9947;5.0355,-0.2697,-0.2746;4.1715,0.9174,0.7668;0.4619,-0.7237,0.1444;0.6109,-1.8077,0.0701;-0.9223,-0.2730,0.3053;-1.2860,1.0866,0.4158;-0.5154,1.8603,0.3839;-2.6203,1.4584,0.5653;-2.8823,2.5166,0.6486;-3.6259,0.4832,0.6089;-4.6718,0.7791,0.7258;-3.2847,-0.8680,0.5019;-4.0628,-1.6351,0.5352;-1.9475,-1.2400,0.3519;-1.6824,-2.2977,0.2681;</g>
	</geometry>
	<conformers/>
	<properties/>
</molecule>
