<?xml version="1.0" ?>
<!--MOLLI PACKAGE EXPERIMENTAL XML FORMAT-->
<molecule name="react_348">
	<atoms>
		<a id="1" s="H" t="H" l="H"/>
		<a id="2" s="C" t="C.2" l="C"/>
		<a id="3" s="C" t="C.2" l="C"/>
		<a id="4" s="H" t="H" l="H"/>
		<a id="5" s="C" t="C.3" l="C"/>
		<a id="6" s="H" t="H" l="H"/>
		<a id="7" s="H" t="H" l="H"/>
		<a id="8" s="S" t="S.3" l="S"/>
		<a id="9" s="C" t="C.ar" l="C"/>
		<a id="10" s="C" t="C.ar" l="C"/>
		<a id="11" s="H" t="H" l="H"/>
		<a id="12" s="C" t="C.ar" l="C"/>
		<a id="13" s="H" t="H" l="H"/>
		<a id="14" s="C" t="C.ar" l="C"/>
		<a id="15" s="H" t="H" l="H"/>
		<a id="16" s="C" t="C.ar" l="C"/>
		<a id="17" s="H" t="H" l="H"/>
		<a id="18" s="C" t="C.ar" l="C"/>
		<a id="19" s="H" t="H" l="H"/>
		<a id="20" s="C" t="C.ar" l="C"/>
		<a id="21" s="C" t="C.ar" l="C"/>
		<a id="22" s="H" t="H" l="H"/>
		<a id="23" s="C" t="C.ar" l="C"/>
		<a id="24" s="H" t="H" l="H"/>
		<a id="25" s="C" t="C.ar" l="C"/>
		<a id="26" s="H" t="H" l="H"/>
		<a id="27" s="C" t="C.ar" l="C"/>
		<a id="28" s="H" t="H" l="H"/>
		<a id="29" s="C" t="C.ar" l="C"/>
		<a id="30" s="H" t="H" l="H"/>
	</atoms>
	<bonds>
		<b id="1" c="17 16" t="1"/>
		<b id="2" c="19 18" t="1"/>
		<b id="3" c="24 23" t="1"/>
		<b id="4" c="22 21" t="1"/>
		<b id="5" c="4 3" t="1"/>
		<b id="6" c="16 18" t="ar"/>
		<b id="7" c="16 14" t="ar"/>
		<b id="8" c="18 9" t="ar"/>
		<b id="9" c="23 21" t="ar"/>
		<b id="10" c="23 25" t="ar"/>
		<b id="11" c="21 20" t="ar"/>
		<b id="12" c="6 5" t="1"/>
		<b id="13" c="3 5" t="1"/>
		<b id="14" c="3 2" t="2"/>
		<b id="15" c="26 25" t="1"/>
		<b id="16" c="15 14" t="1"/>
		<b id="17" c="14 12" t="ar"/>
		<b id="18" c="5 8" t="1"/>
		<b id="19" c="5 7" t="1"/>
		<b id="20" c="9 8" t="1"/>
		<b id="21" c="9 10" t="ar"/>
		<b id="22" c="25 27" t="ar"/>
		<b id="23" c="20 2" t="1"/>
		<b id="24" c="20 29" t="ar"/>
		<b id="25" c="2 1" t="1"/>
		<b id="26" c="12 10" t="ar"/>
		<b id="27" c="12 13" t="1"/>
		<b id="28" c="10 11" t="1"/>
		<b id="29" c="27 29" t="ar"/>
		<b id="30" c="27 28" t="1"/>
		<b id="31" c="29 30" t="1"/>
	</bonds>
	<geometry>
		<g u="A" t="cart/3d">#30,3:-1.4293,-0.8325,1.6723;-1.7166,-0.4944,0.6686;-0.7293,-0.2342,-0.2083;-0.9651,0.1271,-1.2158;0.7239,-0.3749,0.1074;1.2452,-0.9570,-0.6698;0.8806,-0.8663,1.0799;1.5215,1.3104,0.1406;3.2584,0.8553,0.1213;3.9836,0.8065,1.3224;3.4722,1.0243,2.2631;5.3447,0.4855,1.3107;5.9019,0.4508,2.2509;5.9909,0.2100,0.1015;7.0551,-0.0405,0.0936;5.2739,0.2616,-1.0989;5.7769,0.0544,-2.0475;3.9150,0.5891,-1.0914;3.3539,0.6482,-2.0274;-3.1676,-0.3831,0.4508;-3.7392,0.0044,-0.7795;-3.0941,0.2358,-1.6303;-5.1219,0.0959,-0.9297;-5.5418,0.3985,-1.8930;-5.9734,-0.1974,0.1433;-7.0574,-0.1250,0.0217;-5.4254,-0.5837,1.3692;-6.0791,-0.8153,2.2145;-4.0397,-0.6754,1.5182;-3.6175,-0.9782,2.4810;</g>
	</geometry>
	<conformers/>
	<properties/>
</molecule>
