<?xml version="1.0" ?>
<!--MOLLI PACKAGE EXPERIMENTAL XML FORMAT-->
<molecule name="react_349">
	<atoms>
		<a id="1" s="H" t="H" l="H"/>
		<a id="2" s="C" t="C.2" l="C"/>
		<a id="3" s="C" t="C.2" l="C"/>
		<a id="4" s="H" t="H" l="H"/>
		<a id="5" s="C" t="C.3" l="C"/>
		<a id="6" s="H" t="H" l="H"/>
		<a id="7" s="H" t="H" l="H"/>
		<a id="8" s="S" t="S.3" l="S"/>
		<a id="9" s="C" t="C.3" l="C"/>
		<a id="10" s="H" t="H" l="H"/>
		<a id="11" s="H" t="H" l="H"/>
		<a id="12" s="C" t="C.ar" l="C"/>
		<a id="13" s="C" t="C.ar" l="C"/>
		<a id="14" s="H" t="H" l="H"/>
		<a id="15" s="C" t="C.ar" l="C"/>
		<a id="16" s="H" t="H" l="H"/>
		<a id="17" s="C" t="C.ar" l="C"/>
		<a id="18" s="H" t="H" l="H"/>
		<a id="19" s="C" t="C.ar" l="C"/>
		<a id="20" s="H" t="H" l="H"/>
		<a id="21" s="C" t="C.ar" l="C"/>
		<a id="22" s="H" t="H" l="H"/>
		<a id="23" s="C" t="C.ar" l="C"/>
		<a id="24" s="C" t="C.ar" l="C"/>
		<a id="25" s="H" t="H" l="H"/>
		<a id="26" s="C" t="C.ar" l="C"/>
		<a id="27" s="H" t="H" l="H"/>
		<a id="28" s="C" t="C.ar" l="C"/>
		<a id="29" s="H" t="H" l="H"/>
		<a id="30" s="C" t="C.ar" l="C"/>
		<a id="31" s="H" t="H" l="H"/>
		<a id="32" s="C" t="C.ar" l="C"/>
		<a id="33" s="H" t="H" l="H"/>
	</atoms>
	<bonds>
		<b id="1" c="7 5" t="1"/>
		<b id="2" c="25 24" t="1"/>
		<b id="3" c="1 2" t="1"/>
		<b id="4" c="6 5" t="1"/>
		<b id="5" c="16 15" t="1"/>
		<b id="6" c="5 3" t="1"/>
		<b id="7" c="5 8" t="1"/>
		<b id="8" c="24 26" t="ar"/>
		<b id="9" c="24 23" t="ar"/>
		<b id="10" c="27 26" t="1"/>
		<b id="11" c="2 3" t="2"/>
		<b id="12" c="2 23" t="1"/>
		<b id="13" c="14 13" t="1"/>
		<b id="14" c="15 13" t="ar"/>
		<b id="15" c="15 17" t="ar"/>
		<b id="16" c="3 4" t="1"/>
		<b id="17" c="8 9" t="1"/>
		<b id="18" c="18 17" t="1"/>
		<b id="19" c="26 28" t="ar"/>
		<b id="20" c="23 32" t="ar"/>
		<b id="21" c="13 12" t="ar"/>
		<b id="22" c="17 19" t="ar"/>
		<b id="23" c="12 9" t="1"/>
		<b id="24" c="12 21" t="ar"/>
		<b id="25" c="19 21" t="ar"/>
		<b id="26" c="19 20" t="1"/>
		<b id="27" c="28 29" t="1"/>
		<b id="28" c="28 30" t="ar"/>
		<b id="29" c="9 11" t="1"/>
		<b id="30" c="9 10" t="1"/>
		<b id="31" c="32 33" t="1"/>
		<b id="32" c="32 30" t="ar"/>
		<b id="33" c="21 22" t="1"/>
		<b id="34" c="30 31" t="1"/>
	</bonds>
	<geometry>
		<g u="A" t="cart/3d">#33,3:2.0069,-1.2056,-1.9356;1.9245,-0.7579,-0.9369;0.6891,-0.5215,-0.4587;0.5671,-0.0723,0.5336;-0.5737,-0.8356,-1.1955;-1.2175,0.0537,-1.3021;-0.3593,-1.2147,-2.2066;-1.5957,-2.1609,-0.4085;-2.3697,-1.2440,0.9890;-1.5928,-0.9256,1.7013;-2.9652,-2.0223,1.4941;-3.2402,-0.0749,0.5916;-4.3675,-0.2590,-0.2284;-4.5970,-1.2608,-0.6020;-5.1786,0.8209,-0.5791;-6.0539,0.6585,-1.2142;-4.8746,2.1098,-0.1224;-5.5097,2.9554,-0.3997;-3.7536,2.3075,0.6864;-3.5049,3.3098,1.0457;-2.9437,1.2214,1.0395;-2.0703,1.3831,1.6789;3.2127,-0.4862,-0.2783;4.4061,-0.7890,-0.9636;4.3474,-1.2179,-1.9684;5.6557,-0.5535,-0.3856;6.5653,-0.7994,-0.9404;5.7428,-0.0063,0.8972;6.7186,0.1790,1.3539;4.5673,0.3015,1.5940;4.6244,0.7291,2.5989;3.3211,0.0656,1.0156;2.4185,0.3120,1.5798;</g>
	</geometry>
	<conformers/>
	<properties/>
</molecule>
