<?xml version="1.0" ?>
<!--MOLLI PACKAGE EXPERIMENTAL XML FORMAT-->
<molecule name="react_350">
	<atoms>
		<a id="1" s="H" t="H" l="H"/>
		<a id="2" s="C" t="C.2" l="C"/>
		<a id="3" s="C" t="C.2" l="C"/>
		<a id="4" s="H" t="H" l="H"/>
		<a id="5" s="C" t="C.3" l="C"/>
		<a id="6" s="H" t="H" l="H"/>
		<a id="7" s="H" t="H" l="H"/>
		<a id="8" s="C" t="C.3" l="C"/>
		<a id="9" s="H" t="H" l="H"/>
		<a id="10" s="H" t="H" l="H"/>
		<a id="11" s="C" t="C.3" l="C"/>
		<a id="12" s="H" t="H" l="H"/>
		<a id="13" s="H" t="H" l="H"/>
		<a id="14" s="H" t="H" l="H"/>
		<a id="15" s="C" t="C.3" l="C"/>
		<a id="16" s="H" t="H" l="H"/>
		<a id="17" s="H" t="H" l="H"/>
		<a id="18" s="S" t="S.3" l="S"/>
		<a id="19" s="C" t="C.ar" l="C"/>
		<a id="20" s="C" t="C.ar" l="C"/>
		<a id="21" s="H" t="H" l="H"/>
		<a id="22" s="C" t="C.ar" l="C"/>
		<a id="23" s="H" t="H" l="H"/>
		<a id="24" s="C" t="C.ar" l="C"/>
		<a id="25" s="H" t="H" l="H"/>
		<a id="26" s="C" t="C.ar" l="C"/>
		<a id="27" s="H" t="H" l="H"/>
		<a id="28" s="C" t="C.ar" l="C"/>
		<a id="29" s="H" t="H" l="H"/>
	</atoms>
	<bonds>
		<b id="1" c="21 20" t="1"/>
		<b id="2" c="14 11" t="1"/>
		<b id="3" c="9 8" t="1"/>
		<b id="4" c="18 19" t="1"/>
		<b id="5" c="18 15" t="1"/>
		<b id="6" c="1 2" t="1"/>
		<b id="7" c="20 22" t="ar"/>
		<b id="8" c="20 19" t="ar"/>
		<b id="9" c="23 22" t="1"/>
		<b id="10" c="10 8" t="1"/>
		<b id="11" c="11 8" t="1"/>
		<b id="12" c="11 13" t="1"/>
		<b id="13" c="11 12" t="1"/>
		<b id="14" c="8 5" t="1"/>
		<b id="15" c="22 24" t="ar"/>
		<b id="16" c="19 28" t="ar"/>
		<b id="17" c="17 15" t="1"/>
		<b id="18" c="2 15" t="1"/>
		<b id="19" c="2 3" t="2"/>
		<b id="20" c="15 16" t="1"/>
		<b id="21" c="24 25" t="1"/>
		<b id="22" c="24 26" t="ar"/>
		<b id="23" c="28 29" t="1"/>
		<b id="24" c="28 26" t="ar"/>
		<b id="25" c="5 3" t="1"/>
		<b id="26" c="5 6" t="1"/>
		<b id="27" c="5 7" t="1"/>
		<b id="28" c="3 4" t="1"/>
		<b id="29" c="26 27" t="1"/>
	</bonds>
	<geometry>
		<g u="A" t="cart/3d">#29,3:1.3555,-1.5702,-1.2734;0.8421,-1.5511,-0.3056;1.1759,-0.6399,0.6199;0.6247,-0.6476,1.5704;2.2388,0.4209,0.5117;1.7605,1.4057,0.6833;2.9364,0.3033,1.3647;3.0379,0.4674,-0.7926;2.3447,0.6030,-1.6417;3.5295,-0.5082,-0.9555;4.0893,1.5788,-0.8102;4.8228,1.4531,0.0045;3.6265,2.5726,-0.6852;4.6476,1.5902,-1.7601;-0.2405,-2.5664,-0.1302;-0.6311,-2.5793,0.8989;0.1148,-3.5824,-0.3717;-1.6690,-2.3518,-1.3047;-2.4208,-0.8493,-0.6764;-2.0892,0.3984,-1.2279;-1.3467,0.4474,-2.0272;-2.7080,1.5620,-0.7597;-2.4442,2.5296,-1.1955;-3.6618,1.4893,0.2604;-4.1460,2.3997,0.6239;-3.9995,0.2479,0.8107;-4.7499,0.1852,1.6036;-3.3857,-0.9172,0.3421;-3.6545,-1.8913,0.7585;</g>
	</geometry>
	<conformers/>
	<properties/>
</molecule>
