<?xml version="1.0" ?>
<!--MOLLI PACKAGE EXPERIMENTAL XML FORMAT-->
<molecule name="react_351">
	<atoms>
		<a id="1" s="H" t="H" l="H"/>
		<a id="2" s="C" t="C.2" l="C"/>
		<a id="3" s="C" t="C.2" l="C"/>
		<a id="4" s="H" t="H" l="H"/>
		<a id="5" s="C" t="C.3" l="C"/>
		<a id="6" s="H" t="H" l="H"/>
		<a id="7" s="H" t="H" l="H"/>
		<a id="8" s="C" t="C.3" l="C"/>
		<a id="9" s="H" t="H" l="H"/>
		<a id="10" s="H" t="H" l="H"/>
		<a id="11" s="S" t="S.3" l="S"/>
		<a id="12" s="C" t="C.ar" l="C"/>
		<a id="13" s="C" t="C.ar" l="C"/>
		<a id="14" s="H" t="H" l="H"/>
		<a id="15" s="C" t="C.ar" l="C"/>
		<a id="16" s="H" t="H" l="H"/>
		<a id="17" s="C" t="C.ar" l="C"/>
		<a id="18" s="H" t="H" l="H"/>
		<a id="19" s="C" t="C.ar" l="C"/>
		<a id="20" s="H" t="H" l="H"/>
		<a id="21" s="C" t="C.ar" l="C"/>
		<a id="22" s="H" t="H" l="H"/>
		<a id="23" s="C" t="C.3" l="C"/>
		<a id="24" s="H" t="H" l="H"/>
		<a id="25" s="H" t="H" l="H"/>
		<a id="26" s="C" t="C.3" l="C"/>
		<a id="27" s="H" t="H" l="H"/>
		<a id="28" s="H" t="H" l="H"/>
		<a id="29" s="H" t="H" l="H"/>
	</atoms>
	<bonds>
		<b id="1" c="11 12" t="1"/>
		<b id="2" c="11 8" t="1"/>
		<b id="3" c="7 5" t="1"/>
		<b id="4" c="6 5" t="1"/>
		<b id="5" c="22 21" t="1"/>
		<b id="6" c="21 12" t="ar"/>
		<b id="7" c="21 19" t="ar"/>
		<b id="8" c="12 13" t="ar"/>
		<b id="9" c="5 8" t="1"/>
		<b id="10" c="5 3" t="1"/>
		<b id="11" c="20 19" t="1"/>
		<b id="12" c="8 10" t="1"/>
		<b id="13" c="8 9" t="1"/>
		<b id="14" c="19 17" t="ar"/>
		<b id="15" c="13 14" t="1"/>
		<b id="16" c="13 15" t="ar"/>
		<b id="17" c="1 2" t="1"/>
		<b id="18" c="3 2" t="2"/>
		<b id="19" c="3 4" t="1"/>
		<b id="20" c="17 15" t="ar"/>
		<b id="21" c="17 18" t="1"/>
		<b id="22" c="15 16" t="1"/>
		<b id="23" c="29 26" t="1"/>
		<b id="24" c="2 23" t="1"/>
		<b id="25" c="27 26" t="1"/>
		<b id="26" c="26 23" t="1"/>
		<b id="27" c="26 28" t="1"/>
		<b id="28" c="23 24" t="1"/>
		<b id="29" c="23 25" t="1"/>
	</bonds>
	<geometry>
		<g u="A" t="cart/3d">#29,3:3.1549,-1.5852,-0.2571;3.1494,-0.6839,0.3738;2.2718,0.2875,0.0913;2.2648,1.1908,0.7181;1.2590,0.2470,-1.0215;1.4113,-0.6533,-1.6403;1.4027,1.1186,-1.6872;-0.1823,0.2674,-0.4944;-0.3596,1.1579,0.1302;-0.3763,-0.6240,0.1220;-1.3640,0.2948,-1.9117;-2.9369,0.2074,-1.0549;-3.3350,-0.9632,-0.3871;-2.6686,-1.8294,-0.3735;-4.5798,-1.0246,0.2441;-4.8783,-1.9382,0.7659;-5.4497,0.0707,0.1940;-6.4274,0.0170,0.6805;-5.0657,1.2312,-0.4842;-5.7415,2.0898,-0.5290;-3.8119,1.3039,-1.1003;-3.5006,2.2130,-1.6203;4.1669,-0.6508,1.4811;4.0364,0.2700,2.0755;3.9751,-1.4947,2.1713;5.6148,-0.7484,0.9774;5.7740,-1.6700,0.3924;6.3288,-0.7596,1.8170;5.8675,0.1044,0.3266;</g>
	</geometry>
	<conformers/>
	<properties/>
</molecule>
