<?xml version="1.0" ?>
<!--MOLLI PACKAGE EXPERIMENTAL XML FORMAT-->
<molecule name="react_352">
	<atoms>
		<a id="1" s="H" t="H" l="H"/>
		<a id="2" s="C" t="C.2" l="C"/>
		<a id="3" s="C" t="C.2" l="C"/>
		<a id="4" s="H" t="H" l="H"/>
		<a id="5" s="C" t="C.3" l="C"/>
		<a id="6" s="H" t="H" l="H"/>
		<a id="7" s="S" t="S.3" l="S"/>
		<a id="8" s="C" t="C.3" l="C"/>
		<a id="9" s="H" t="H" l="H"/>
		<a id="10" s="H" t="H" l="H"/>
		<a id="11" s="C" t="C.3" l="C"/>
		<a id="12" s="H" t="H" l="H"/>
		<a id="13" s="H" t="H" l="H"/>
		<a id="14" s="C" t="C.3" l="C"/>
		<a id="15" s="H" t="H" l="H"/>
		<a id="16" s="H" t="H" l="H"/>
		<a id="17" s="S" t="S.3" l="S"/>
		<a id="18" s="C" t="C.ar" l="C"/>
		<a id="19" s="C" t="C.ar" l="C"/>
		<a id="20" s="H" t="H" l="H"/>
		<a id="21" s="C" t="C.ar" l="C"/>
		<a id="22" s="H" t="H" l="H"/>
		<a id="23" s="C" t="C.ar" l="C"/>
		<a id="24" s="H" t="H" l="H"/>
		<a id="25" s="C" t="C.ar" l="C"/>
		<a id="26" s="H" t="H" l="H"/>
		<a id="27" s="C" t="C.ar" l="C"/>
		<a id="28" s="H" t="H" l="H"/>
	</atoms>
	<bonds>
		<b id="1" c="22 21" t="1"/>
		<b id="2" c="20 19" t="1"/>
		<b id="3" c="15 14" t="1"/>
		<b id="4" c="21 19" t="ar"/>
		<b id="5" c="21 23" t="ar"/>
		<b id="6" c="19 18" t="ar"/>
		<b id="7" c="13 11" t="1"/>
		<b id="8" c="17 14" t="1"/>
		<b id="9" c="17 5" t="1"/>
		<b id="10" c="1 2" t="1"/>
		<b id="11" c="14 11" t="1"/>
		<b id="12" c="14 16" t="1"/>
		<b id="13" c="24 23" t="1"/>
		<b id="14" c="23 25" t="ar"/>
		<b id="15" c="18 2" t="1"/>
		<b id="16" c="18 27" t="ar"/>
		<b id="17" c="11 12" t="1"/>
		<b id="18" c="11 8" t="1"/>
		<b id="19" c="2 3" t="2"/>
		<b id="20" c="25 27" t="ar"/>
		<b id="21" c="25 26" t="1"/>
		<b id="22" c="27 28" t="1"/>
		<b id="23" c="3 5" t="1"/>
		<b id="24" c="3 4" t="1"/>
		<b id="25" c="5 7" t="1"/>
		<b id="26" c="5 6" t="1"/>
		<b id="27" c="8 7" t="1"/>
		<b id="28" c="8 9" t="1"/>
		<b id="29" c="8 10" t="1"/>
	</bonds>
	<geometry>
		<g u="A" t="cart/3d">#28,3:0.3317,0.8810,-0.7779;0.8558,0.1720,-0.1262;0.1051,-0.6248,0.6574;0.5763,-1.3565,1.3209;-1.3995,-0.5974,0.6795;-1.7731,-1.2943,1.4455;-1.9932,1.0889,1.1394;-3.8019,0.7781,1.1253;-4.2505,1.7483,1.3902;-4.0498,0.0734,1.9392;-4.3534,0.2746,-0.2103;-5.4557,0.2249,-0.1309;-4.1140,0.9998,-1.0057;-3.8413,-1.1107,-0.6100;-4.3141,-1.4446,-1.5469;-4.0924,-1.8590,0.1632;-2.0398,-1.1851,-0.9513;2.3233,0.2074,-0.2193;2.9238,1.0954,-1.1337;2.2851,1.7350,-1.7496;4.3124,1.1700,-1.2656;4.7533,1.8672,-1.9832;5.1346,0.3562,-0.4820;6.2220,0.4120,-0.5813;4.5551,-0.5319,0.4335;5.1914,-1.1714,1.0516;3.1695,-0.6056,0.5638;2.7391,-1.3034,1.2859;</g>
	</geometry>
	<conformers/>
	<properties/>
</molecule>
