<?xml version="1.0" ?>
<!--MOLLI PACKAGE EXPERIMENTAL XML FORMAT-->
<molecule name="react_357">
	<atoms>
		<a id="1" s="H" t="H" l="H"/>
		<a id="2" s="C" t="C.2" l="C"/>
		<a id="3" s="H" t="H" l="H"/>
		<a id="4" s="C" t="C.2" l="C"/>
		<a id="5" s="H" t="H" l="H"/>
		<a id="6" s="C" t="C.3" l="C"/>
		<a id="7" s="H" t="H" l="H"/>
		<a id="8" s="H" t="H" l="H"/>
		<a id="9" s="N" t="N.ar" l="N"/>
		<a id="10" s="C" t="C.ar" l="C"/>
		<a id="11" s="H" t="H" l="H"/>
		<a id="12" s="C" t="C.ar" l="C"/>
		<a id="13" s="H" t="H" l="H"/>
		<a id="14" s="C" t="C.ar" l="C"/>
		<a id="15" s="N" t="N.am" l="N"/>
		<a id="16" s="H" t="H" l="H"/>
		<a id="17" s="C" t="C.2" l="C"/>
		<a id="18" s="O" t="O.2" l="O"/>
		<a id="19" s="C" t="C.ar" l="C"/>
		<a id="20" s="C" t="C.ar" l="C"/>
		<a id="21" s="H" t="H" l="H"/>
		<a id="22" s="C" t="C.ar" l="C"/>
		<a id="23" s="H" t="H" l="H"/>
		<a id="24" s="C" t="C.ar" l="C"/>
		<a id="25" s="H" t="H" l="H"/>
		<a id="26" s="C" t="C.ar" l="C"/>
		<a id="27" s="H" t="H" l="H"/>
		<a id="28" s="C" t="C.ar" l="C"/>
		<a id="29" s="H" t="H" l="H"/>
		<a id="30" s="N" t="N.ar" l="N"/>
		<a id="31" s="C" t="C.ar" l="C"/>
		<a id="32" s="O" t="O.2" l="O"/>
	</atoms>
	<bonds>
		<b id="1" c="13 12" t="1"/>
		<b id="2" c="11 10" t="1"/>
		<b id="3" c="18 17" t="2"/>
		<b id="4" c="8 6" t="1"/>
		<b id="5" c="12 10" t="ar"/>
		<b id="6" c="12 14" t="ar"/>
		<b id="7" c="21 20" t="1"/>
		<b id="8" c="10 9" t="ar"/>
		<b id="9" c="17 19" t="1"/>
		<b id="10" c="17 15" t="am"/>
		<b id="11" c="20 22" t="ar"/>
		<b id="12" c="20 19" t="ar"/>
		<b id="13" c="23 22" t="1"/>
		<b id="14" c="22 24" t="ar"/>
		<b id="15" c="19 28" t="ar"/>
		<b id="16" c="9 6" t="1"/>
		<b id="17" c="9 31" t="ar"/>
		<b id="18" c="6 7" t="1"/>
		<b id="19" c="6 4" t="1"/>
		<b id="20" c="14 15" t="1"/>
		<b id="21" c="14 30" t="ar"/>
		<b id="22" c="1 2" t="1"/>
		<b id="23" c="15 16" t="1"/>
		<b id="24" c="28 29" t="1"/>
		<b id="25" c="28 26" t="ar"/>
		<b id="26" c="24 25" t="1"/>
		<b id="27" c="24 26" t="ar"/>
		<b id="28" c="26 27" t="1"/>
		<b id="29" c="30 31" t="ar"/>
		<b id="30" c="31 32" t="2"/>
		<b id="31" c="2 4" t="2"/>
		<b id="32" c="2 3" t="1"/>
		<b id="33" c="4 5" t="1"/>
	</bonds>
	<geometry>
		<g u="A" t="cart/3d">#32,3:6.4867,-1.2090,-0.0616;6.1237,-0.8630,0.9131;6.5807,-1.3157,1.7977;5.1799,0.0759,1.0184;4.8373,0.4141,2.0030;4.5265,0.7574,-0.1547;4.6960,1.8425,-0.0947;4.9357,0.3820,-1.1051;3.0660,0.5742,-0.1750;2.4988,-0.4692,-0.8274;3.1839,-1.1449,-1.3463;1.1458,-0.6672,-0.8389;0.6745,-1.4962,-1.3571;0.3827,0.3013,-0.1138;-1.0074,0.2588,-0.0426;-1.3721,1.0162,0.5269;-1.8949,-0.6641,-0.5737;-1.5394,-1.6608,-1.1776;-3.3511,-0.3610,-0.3392;-4.2573,-1.4175,-0.5316;-3.8610,-2.3894,-0.8318;-5.6249,-1.2200,-0.3426;-6.3199,-2.0512,-0.4873;-6.1066,0.0407,0.0284;-7.1788,0.1973,0.1736;-5.2148,1.1027,0.2059;-5.5869,2.0927,0.4817;-3.8439,0.9043,0.0237;-3.1728,1.7594,0.1414;0.9143,1.3112,0.5371;2.2706,1.5045,0.5766;2.8284,2.3936,1.1921;</g>
	</geometry>
	<conformers/>
	<properties/>
</molecule>
