<?xml version="1.0" ?>
<!--MOLLI PACKAGE EXPERIMENTAL XML FORMAT-->
<molecule name="react_358">
	<atoms>
		<a id="1" s="H" t="H" l="H"/>
		<a id="2" s="C" t="C.2" l="C"/>
		<a id="3" s="H" t="H" l="H"/>
		<a id="4" s="C" t="C.2" l="C"/>
		<a id="5" s="C" t="C.3" l="C"/>
		<a id="6" s="H" t="H" l="H"/>
		<a id="7" s="H" t="H" l="H"/>
		<a id="8" s="H" t="H" l="H"/>
		<a id="9" s="C" t="C.3" l="C"/>
		<a id="10" s="H" t="H" l="H"/>
		<a id="11" s="H" t="H" l="H"/>
		<a id="12" s="N" t="N.ar" l="N"/>
		<a id="13" s="C" t="C.ar" l="C"/>
		<a id="14" s="H" t="H" l="H"/>
		<a id="15" s="C" t="C.ar" l="C"/>
		<a id="16" s="H" t="H" l="H"/>
		<a id="17" s="C" t="C.ar" l="C"/>
		<a id="18" s="N" t="N.am" l="N"/>
		<a id="19" s="H" t="H" l="H"/>
		<a id="20" s="C" t="C.2" l="C"/>
		<a id="21" s="O" t="O.2" l="O"/>
		<a id="22" s="C" t="C.ar" l="C"/>
		<a id="23" s="C" t="C.ar" l="C"/>
		<a id="24" s="H" t="H" l="H"/>
		<a id="25" s="C" t="C.ar" l="C"/>
		<a id="26" s="H" t="H" l="H"/>
		<a id="27" s="C" t="C.ar" l="C"/>
		<a id="28" s="H" t="H" l="H"/>
		<a id="29" s="C" t="C.ar" l="C"/>
		<a id="30" s="H" t="H" l="H"/>
		<a id="31" s="C" t="C.ar" l="C"/>
		<a id="32" s="H" t="H" l="H"/>
		<a id="33" s="N" t="N.ar" l="N"/>
		<a id="34" s="C" t="C.ar" l="C"/>
		<a id="35" s="O" t="O.2" l="O"/>
	</atoms>
	<bonds>
		<b id="1" c="8 5" t="1"/>
		<b id="2" c="14 13" t="1"/>
		<b id="3" c="10 9" t="1"/>
		<b id="4" c="26 25" t="1"/>
		<b id="5" c="28 27" t="1"/>
		<b id="6" c="25 27" t="ar"/>
		<b id="7" c="25 23" t="ar"/>
		<b id="8" c="16 15" t="1"/>
		<b id="9" c="13 15" t="ar"/>
		<b id="10" c="13 12" t="ar"/>
		<b id="11" c="5 6" t="1"/>
		<b id="12" c="5 7" t="1"/>
		<b id="13" c="5 4" t="1"/>
		<b id="14" c="27 29" t="ar"/>
		<b id="15" c="9 11" t="1"/>
		<b id="16" c="9 4" t="1"/>
		<b id="17" c="9 12" t="1"/>
		<b id="18" c="24 23" t="1"/>
		<b id="19" c="15 17" t="ar"/>
		<b id="20" c="23 22" t="ar"/>
		<b id="21" c="4 2" t="2"/>
		<b id="22" c="12 34" t="ar"/>
		<b id="23" c="29 30" t="1"/>
		<b id="24" c="29 31" t="ar"/>
		<b id="25" c="22 31" t="ar"/>
		<b id="26" c="22 20" t="1"/>
		<b id="27" c="2 1" t="1"/>
		<b id="28" c="2 3" t="1"/>
		<b id="29" c="31 32" t="1"/>
		<b id="30" c="17 18" t="1"/>
		<b id="31" c="17 33" t="ar"/>
		<b id="32" c="34 33" t="ar"/>
		<b id="33" c="34 35" t="2"/>
		<b id="34" c="20 18" t="am"/>
		<b id="35" c="20 21" t="2"/>
		<b id="36" c="18 19" t="1"/>
	</bonds>
	<geometry>
		<g u="A" t="cart/3d">#35,3:5.1628,-2.2282,1.1311;4.8602,-1.2386,0.7744;5.3580,-0.3708,1.2145;3.8979,-1.0950,-0.1458;3.1542,-2.2601,-0.7477;2.0693,-2.1944,-0.5497;3.5083,-3.2193,-0.3421;3.2745,-2.2877,-1.8461;3.5029,0.2888,-0.6329;3.4414,0.3044,-1.7339;4.2434,1.0296,-0.3090;2.1988,0.7366,-0.1171;1.0579,0.5758,-0.8273;1.1643,0.1425,-1.8254;-0.1623,0.9508,-0.3367;-1.0610,0.8417,-0.9364;-0.1539,1.5283,0.9758;-1.3067,1.9897,1.6042;-1.0943,2.6396,2.3602;-2.6678,1.9474,1.2859;-3.3983,2.8333,1.6844;-3.2161,0.7632,0.5460;-4.3191,0.9679,-0.2993;-4.6928,1.9844,-0.4401;-4.9264,-0.1144,-0.9373;-5.7759,0.0532,-1.6046;-4.4577,-1.4139,-0.7107;-4.9409,-2.2631,-1.2012;-3.3784,-1.6272,0.1533;-3.0245,-2.6430,0.3481;-2.7546,-0.5434,0.7761;-1.9197,-0.7153,1.4590;0.9477,1.7284,1.6599;2.1799,1.3661,1.1791;3.2289,1.5424,1.7649;</g>
	</geometry>
	<conformers/>
	<properties/>
</molecule>
