<?xml version="1.0" ?>
<!--MOLLI PACKAGE EXPERIMENTAL XML FORMAT-->
<molecule name="react_359">
	<atoms>
		<a id="1" s="H" t="H" l="H"/>
		<a id="2" s="C" t="C.2" l="C"/>
		<a id="3" s="H" t="H" l="H"/>
		<a id="4" s="C" t="C.2" l="C"/>
		<a id="5" s="C" t="C.3" l="C"/>
		<a id="6" s="H" t="H" l="H"/>
		<a id="7" s="H" t="H" l="H"/>
		<a id="8" s="N" t="N.ar" l="N"/>
		<a id="9" s="C" t="C.ar" l="C"/>
		<a id="10" s="H" t="H" l="H"/>
		<a id="11" s="C" t="C.ar" l="C"/>
		<a id="12" s="H" t="H" l="H"/>
		<a id="13" s="C" t="C.ar" l="C"/>
		<a id="14" s="N" t="N.am" l="N"/>
		<a id="15" s="H" t="H" l="H"/>
		<a id="16" s="C" t="C.2" l="C"/>
		<a id="17" s="O" t="O.2" l="O"/>
		<a id="18" s="C" t="C.ar" l="C"/>
		<a id="19" s="C" t="C.ar" l="C"/>
		<a id="20" s="H" t="H" l="H"/>
		<a id="21" s="C" t="C.ar" l="C"/>
		<a id="22" s="H" t="H" l="H"/>
		<a id="23" s="C" t="C.ar" l="C"/>
		<a id="24" s="H" t="H" l="H"/>
		<a id="25" s="C" t="C.ar" l="C"/>
		<a id="26" s="H" t="H" l="H"/>
		<a id="27" s="C" t="C.ar" l="C"/>
		<a id="28" s="H" t="H" l="H"/>
		<a id="29" s="N" t="N.ar" l="N"/>
		<a id="30" s="C" t="C.ar" l="C"/>
		<a id="31" s="O" t="O.2" l="O"/>
		<a id="32" s="C" t="C.3" l="C"/>
		<a id="33" s="C" t="C.3" l="C"/>
		<a id="34" s="H" t="H" l="H"/>
		<a id="35" s="H" t="H" l="H"/>
		<a id="36" s="H" t="H" l="H"/>
		<a id="37" s="C" t="C.3" l="C"/>
		<a id="38" s="H" t="H" l="H"/>
		<a id="39" s="H" t="H" l="H"/>
		<a id="40" s="H" t="H" l="H"/>
		<a id="41" s="C" t="C.3" l="C"/>
		<a id="42" s="H" t="H" l="H"/>
		<a id="43" s="H" t="H" l="H"/>
		<a id="44" s="H" t="H" l="H"/>
	</atoms>
	<bonds>
		<b id="1" c="26 25" t="1"/>
		<b id="2" c="28 27" t="1"/>
		<b id="3" c="25 27" t="ar"/>
		<b id="4" c="25 23" t="ar"/>
		<b id="5" c="24 23" t="1"/>
		<b id="6" c="12 11" t="1"/>
		<b id="7" c="27 18" t="ar"/>
		<b id="8" c="23 21" t="ar"/>
		<b id="9" c="10 9" t="1"/>
		<b id="10" c="15 14" t="1"/>
		<b id="11" c="11 9" t="ar"/>
		<b id="12" c="11 13" t="ar"/>
		<b id="13" c="9 8" t="ar"/>
		<b id="14" c="40 37" t="1"/>
		<b id="15" c="39 37" t="1"/>
		<b id="16" c="7 5" t="1"/>
		<b id="17" c="14 13" t="1"/>
		<b id="18" c="14 16" t="am"/>
		<b id="19" c="18 16" t="1"/>
		<b id="20" c="18 19" t="ar"/>
		<b id="21" c="13 29" t="ar"/>
		<b id="22" c="21 19" t="ar"/>
		<b id="23" c="21 22" t="1"/>
		<b id="24" c="37 38" t="1"/>
		<b id="25" c="37 32" t="1"/>
		<b id="26" c="8 5" t="1"/>
		<b id="27" c="8 30" t="ar"/>
		<b id="28" c="16 17" t="2"/>
		<b id="29" c="19 20" t="1"/>
		<b id="30" c="5 6" t="1"/>
		<b id="31" c="5 4" t="1"/>
		<b id="32" c="29 30" t="ar"/>
		<b id="33" c="30 31" t="2"/>
		<b id="34" c="4 32" t="1"/>
		<b id="35" c="4 2" t="2"/>
		<b id="36" c="43 41" t="1"/>
		<b id="37" c="32 41" t="1"/>
		<b id="38" c="32 33" t="1"/>
		<b id="39" c="1 2" t="1"/>
		<b id="40" c="2 3" t="1"/>
		<b id="41" c="34 33" t="1"/>
		<b id="42" c="41 42" t="1"/>
		<b id="43" c="41 44" t="1"/>
		<b id="44" c="33 36" t="1"/>
		<b id="45" c="33 35" t="1"/>
	</bonds>
	<geometry>
		<g u="A" t="cart/3d">#44,3:-1.4717,1.3622,1.3167;-2.5583,1.3058,1.4091;-3.0355,2.1189,1.9567;-3.2534,0.2821,0.8941;-2.5482,-0.8584,0.1694;-2.5884,-1.7686,0.7842;-3.0572,-1.0818,-0.7827;-1.1293,-0.6429,-0.1062;-0.7385,0.1809,-1.1092;-1.5368,0.6629,-1.6794;0.5810,0.4022,-1.3755;0.8895,1.0724,-2.1782;1.5195,-0.2771,-0.5204;2.8691,-0.0471,-0.7771;3.0617,0.4805,-1.6197;3.9839,-0.3126,0.0354;3.9140,-0.6468,1.1933;5.3065,-0.0964,-0.6591;6.4239,0.1561,0.1535;6.2795,0.1905,1.2354;7.6816,0.3538,-0.4164;8.5430,0.5602,0.2241;7.8423,0.2833,-1.8054;8.8290,0.4336,-2.2514;6.7404,0.0094,-2.6210;6.8649,-0.0685,-3.7042;5.4778,-0.1787,-2.0513;4.6338,-0.4272,-2.7005;1.1632,-1.0898,0.4339;-0.1597,-1.3461,0.7010;-0.5505,-2.1185,1.5516;-4.7844,0.1441,1.0087;-5.3908,1.2448,1.8976;-5.2139,2.2504,1.4848;-4.9786,1.2154,2.9182;-6.4812,1.1060,1.9713;-5.4276,0.2543,-0.3958;-6.5246,0.1813,-0.3166;-5.1863,1.2208,-0.8672;-5.1005,-0.5488,-1.0748;-5.1454,-1.2282,1.6277;-6.2363,-1.3058,1.7641;-4.8373,-2.0720,0.9914;-4.6702,-1.3570,2.6133;</g>
	</geometry>
	<conformers/>
	<properties/>
</molecule>
