<?xml version="1.0" ?>
<!--MOLLI PACKAGE EXPERIMENTAL XML FORMAT-->
<molecule name="react_182">
	<atoms>
		<a id="1" s="H" t="H" l="H"/>
		<a id="2" s="C" t="C.2" l="C"/>
		<a id="3" s="H" t="H" l="H"/>
		<a id="4" s="C" t="C.2" l="C"/>
		<a id="5" s="H" t="H" l="H"/>
		<a id="6" s="C" t="C.3" l="C"/>
		<a id="7" s="Cl" t="Cl" l="CL"/>
		<a id="8" s="Cl" t="Cl" l="CL"/>
		<a id="9" s="Cl" t="Cl" l="CL"/>
	</atoms>
	<bonds>
		<b id="1" c="7 6" t="1"/>
		<b id="2" c="5 4" t="1"/>
		<b id="3" c="4 6" t="1"/>
		<b id="4" c="4 2" t="2"/>
		<b id="5" c="1 2" t="1"/>
		<b id="6" c="6 9" t="1"/>
		<b id="7" c="6 8" t="1"/>
		<b id="8" c="2 3" t="1"/>
	</bonds>
	<geometry>
		<g u="A" t="cart/3d">#9,3:2.4431,0.1514,-0.0598;1.4488,-0.1536,0.2762;1.3826,-0.8269,1.1335;0.3635,0.2944,-0.3557;0.4454,0.9690,-1.2139;-1.0652,-0.0286,-0.0220;-1.8352,-0.7923,-1.4707;-1.2473,-1.1312,1.3785;-1.9357,1.5177,0.3340;</g>
	</geometry>
	<conformers/>
	<properties/>
</molecule>
