<?xml version="1.0" ?>
<!--MOLLI PACKAGE EXPERIMENTAL XML FORMAT-->
<molecule name="react_360">
	<atoms>
		<a id="1" s="H" t="H" l="H"/>
		<a id="2" s="C" t="C.2" l="C"/>
		<a id="3" s="H" t="H" l="H"/>
		<a id="4" s="C" t="C.2" l="C"/>
		<a id="5" s="C" t="C.ar" l="C"/>
		<a id="6" s="C" t="C.ar" l="C"/>
		<a id="7" s="H" t="H" l="H"/>
		<a id="8" s="C" t="C.ar" l="C"/>
		<a id="9" s="H" t="H" l="H"/>
		<a id="10" s="C" t="C.ar" l="C"/>
		<a id="11" s="H" t="H" l="H"/>
		<a id="12" s="C" t="C.ar" l="C"/>
		<a id="13" s="H" t="H" l="H"/>
		<a id="14" s="C" t="C.ar" l="C"/>
		<a id="15" s="H" t="H" l="H"/>
		<a id="16" s="C" t="C.3" l="C"/>
		<a id="17" s="H" t="H" l="H"/>
		<a id="18" s="H" t="H" l="H"/>
		<a id="19" s="N" t="N.ar" l="N"/>
		<a id="20" s="C" t="C.ar" l="C"/>
		<a id="21" s="H" t="H" l="H"/>
		<a id="22" s="C" t="C.ar" l="C"/>
		<a id="23" s="H" t="H" l="H"/>
		<a id="24" s="C" t="C.ar" l="C"/>
		<a id="25" s="N" t="N.am" l="N"/>
		<a id="26" s="H" t="H" l="H"/>
		<a id="27" s="C" t="C.2" l="C"/>
		<a id="28" s="O" t="O.2" l="O"/>
		<a id="29" s="C" t="C.ar" l="C"/>
		<a id="30" s="C" t="C.ar" l="C"/>
		<a id="31" s="H" t="H" l="H"/>
		<a id="32" s="C" t="C.ar" l="C"/>
		<a id="33" s="H" t="H" l="H"/>
		<a id="34" s="C" t="C.ar" l="C"/>
		<a id="35" s="H" t="H" l="H"/>
		<a id="36" s="C" t="C.ar" l="C"/>
		<a id="37" s="H" t="H" l="H"/>
		<a id="38" s="C" t="C.ar" l="C"/>
		<a id="39" s="H" t="H" l="H"/>
		<a id="40" s="N" t="N.ar" l="N"/>
		<a id="41" s="C" t="C.ar" l="C"/>
		<a id="42" s="O" t="O.2" l="O"/>
	</atoms>
	<bonds>
		<b id="1" c="1 2" t="1"/>
		<b id="2" c="3 2" t="1"/>
		<b id="3" c="2 4" t="2"/>
		<b id="4" c="42 41" t="2"/>
		<b id="5" c="18 16" t="1"/>
		<b id="6" c="41 40" t="ar"/>
		<b id="7" c="41 19" t="ar"/>
		<b id="8" c="4 16" t="1"/>
		<b id="9" c="4 5" t="1"/>
		<b id="10" c="28 27" t="2"/>
		<b id="11" c="7 6" t="1"/>
		<b id="12" c="40 24" t="ar"/>
		<b id="13" c="16 19" t="1"/>
		<b id="14" c="16 17" t="1"/>
		<b id="15" c="39 38" t="1"/>
		<b id="16" c="19 20" t="ar"/>
		<b id="17" c="6 5" t="ar"/>
		<b id="18" c="6 8" t="ar"/>
		<b id="19" c="5 14" t="ar"/>
		<b id="20" c="27 25" t="am"/>
		<b id="21" c="27 29" t="1"/>
		<b id="22" c="38 29" t="ar"/>
		<b id="23" c="38 36" t="ar"/>
		<b id="24" c="24 25" t="1"/>
		<b id="25" c="24 22" t="ar"/>
		<b id="26" c="37 36" t="1"/>
		<b id="27" c="9 8" t="1"/>
		<b id="28" c="25 26" t="1"/>
		<b id="29" c="29 30" t="ar"/>
		<b id="30" c="8 10" t="ar"/>
		<b id="31" c="36 34" t="ar"/>
		<b id="32" c="20 22" t="ar"/>
		<b id="33" c="20 21" t="1"/>
		<b id="34" c="14 15" t="1"/>
		<b id="35" c="14 12" t="ar"/>
		<b id="36" c="22 23" t="1"/>
		<b id="37" c="10 12" t="ar"/>
		<b id="38" c="10 11" t="1"/>
		<b id="39" c="12 13" t="1"/>
		<b id="40" c="30 31" t="1"/>
		<b id="41" c="30 32" t="ar"/>
		<b id="42" c="34 35" t="1"/>
		<b id="43" c="34 32" t="ar"/>
		<b id="44" c="32 33" t="1"/>
	</bonds>
	<geometry>
		<g u="A" t="cart/3d">#42,3:-3.1147,1.1395,-3.8132;-3.6584,0.5867,-3.0434;-4.3167,-0.2239,-3.3683;-3.5086,0.8881,-1.7427;-4.1761,0.1013,-0.6650;-4.2206,-1.3053,-0.7265;-3.7248,-1.8165,-1.5553;-4.8651,-2.0503,0.2637;-4.8801,-3.1415,0.1953;-5.4783,-1.4075,1.3436;-5.9807,-1.9905,2.1200;-5.4397,-0.0120,1.4241;-5.9227,0.5026,2.2594;-4.7920,0.7321,0.4344;-4.7943,1.8232,0.5062;-2.5939,2.0328,-1.3310;-3.0345,2.6245,-0.5150;-2.4132,2.6938,-2.1860;-1.2746,1.5641,-0.8787;-1.0290,1.2855,0.4238;-1.8515,1.4546,1.1226;0.1846,0.8104,0.8307;0.3761,0.5825,1.8796;1.1676,0.6185,-0.2021;2.4088,0.1378,0.2090;2.5250,0.0586,1.2117;3.4632,-0.3778,-0.5607;3.3852,-0.6264,-1.7396;4.7210,-0.6435,0.2323;5.0434,0.0153,1.4307;4.3808,0.7836,1.8387;6.2403,-0.2684,2.0948;6.4859,0.2581,3.0207;7.1254,-1.2137,1.5683;8.0602,-1.4374,2.0895;6.8174,-1.8646,0.3678;7.5115,-2.5984,-0.0503;5.6277,-1.5749,-0.3002;5.3753,-2.0589,-1.2460;0.9522,0.8927,-1.4586;-0.2595,1.3731,-1.8866;-0.5225,1.6524,-3.0395;</g>
	</geometry>
	<conformers/>
	<properties/>
</molecule>
