<?xml version="1.0" ?>
<!--MOLLI PACKAGE EXPERIMENTAL XML FORMAT-->
<molecule name="react_361">
	<atoms>
		<a id="1" s="H" t="H" l="H"/>
		<a id="2" s="C" t="C.2" l="C"/>
		<a id="3" s="H" t="H" l="H"/>
		<a id="4" s="C" t="C.2" l="C"/>
		<a id="5" s="C" t="C.ar" l="C"/>
		<a id="6" s="C" t="C.ar" l="C"/>
		<a id="7" s="H" t="H" l="H"/>
		<a id="8" s="C" t="C.ar" l="C"/>
		<a id="9" s="H" t="H" l="H"/>
		<a id="10" s="C" t="C.ar" l="C"/>
		<a id="11" s="H" t="H" l="H"/>
		<a id="12" s="C" t="C.ar" l="C"/>
		<a id="13" s="H" t="H" l="H"/>
		<a id="14" s="C" t="C.ar" l="C"/>
		<a id="15" s="H" t="H" l="H"/>
		<a id="16" s="C" t="C.3" l="C"/>
		<a id="17" s="H" t="H" l="H"/>
		<a id="18" s="H" t="H" l="H"/>
		<a id="19" s="N" t="N.ar" l="N"/>
		<a id="20" s="C" t="C.ar" l="C"/>
		<a id="21" s="H" t="H" l="H"/>
		<a id="22" s="C" t="C.ar" l="C"/>
		<a id="23" s="H" t="H" l="H"/>
		<a id="24" s="C" t="C.ar" l="C"/>
		<a id="25" s="N" t="N.am" l="N"/>
		<a id="26" s="C" t="C.2" l="C"/>
		<a id="27" s="O" t="O.2" l="O"/>
		<a id="28" s="O" t="O.3" l="O"/>
		<a id="29" s="C" t="C.3" l="C"/>
		<a id="30" s="C" t="C.3" l="C"/>
		<a id="31" s="H" t="H" l="H"/>
		<a id="32" s="H" t="H" l="H"/>
		<a id="33" s="H" t="H" l="H"/>
		<a id="34" s="C" t="C.3" l="C"/>
		<a id="35" s="H" t="H" l="H"/>
		<a id="36" s="H" t="H" l="H"/>
		<a id="37" s="H" t="H" l="H"/>
		<a id="38" s="C" t="C.3" l="C"/>
		<a id="39" s="H" t="H" l="H"/>
		<a id="40" s="H" t="H" l="H"/>
		<a id="41" s="H" t="H" l="H"/>
		<a id="42" s="C" t="C.2" l="C"/>
		<a id="43" s="O" t="O.2" l="O"/>
		<a id="44" s="O" t="O.3" l="O"/>
		<a id="45" s="C" t="C.3" l="C"/>
		<a id="46" s="C" t="C.3" l="C"/>
		<a id="47" s="H" t="H" l="H"/>
		<a id="48" s="H" t="H" l="H"/>
		<a id="49" s="H" t="H" l="H"/>
		<a id="50" s="C" t="C.3" l="C"/>
		<a id="51" s="H" t="H" l="H"/>
		<a id="52" s="H" t="H" l="H"/>
		<a id="53" s="H" t="H" l="H"/>
		<a id="54" s="C" t="C.3" l="C"/>
		<a id="55" s="H" t="H" l="H"/>
		<a id="56" s="H" t="H" l="H"/>
		<a id="57" s="H" t="H" l="H"/>
		<a id="58" s="N" t="N.ar" l="N"/>
		<a id="59" s="C" t="C.ar" l="C"/>
		<a id="60" s="O" t="O.2" l="O"/>
	</atoms>
	<bonds>
		<b id="1" c="13 12" t="1"/>
		<b id="2" c="51 50" t="1"/>
		<b id="3" c="53 50" t="1"/>
		<b id="4" c="52 50" t="1"/>
		<b id="5" c="50 45" t="1"/>
		<b id="6" c="15 14" t="1"/>
		<b id="7" c="12 14" t="ar"/>
		<b id="8" c="12 10" t="ar"/>
		<b id="9" c="56 54" t="1"/>
		<b id="10" c="11 10" t="1"/>
		<b id="11" c="14 5" t="ar"/>
		<b id="12" c="18 16" t="1"/>
		<b id="13" c="17 16" t="1"/>
		<b id="14" c="57 54" t="1"/>
		<b id="15" c="10 8" t="ar"/>
		<b id="16" c="60 59" t="2"/>
		<b id="17" c="45 54" t="1"/>
		<b id="18" c="45 46" t="1"/>
		<b id="19" c="45 44" t="1"/>
		<b id="20" c="54 55" t="1"/>
		<b id="21" c="47 46" t="1"/>
		<b id="22" c="16 19" t="1"/>
		<b id="23" c="16 4" t="1"/>
		<b id="24" c="59 19" t="ar"/>
		<b id="25" c="59 58" t="ar"/>
		<b id="26" c="49 46" t="1"/>
		<b id="27" c="46 48" t="1"/>
		<b id="28" c="44 42" t="1"/>
		<b id="29" c="5 4" t="1"/>
		<b id="30" c="5 6" t="ar"/>
		<b id="31" c="19 20" t="ar"/>
		<b id="32" c="8 6" t="ar"/>
		<b id="33" c="8 9" t="1"/>
		<b id="34" c="58 24" t="ar"/>
		<b id="35" c="4 2" t="2"/>
		<b id="36" c="20 21" t="1"/>
		<b id="37" c="20 22" t="ar"/>
		<b id="38" c="6 7" t="1"/>
		<b id="39" c="24 22" t="ar"/>
		<b id="40" c="24 25" t="1"/>
		<b id="41" c="42 25" t="am"/>
		<b id="42" c="42 43" t="2"/>
		<b id="43" c="22 23" t="1"/>
		<b id="44" c="25 26" t="am"/>
		<b id="45" c="40 38" t="1"/>
		<b id="46" c="2 3" t="1"/>
		<b id="47" c="2 1" t="1"/>
		<b id="48" c="35 34" t="1"/>
		<b id="49" c="26 28" t="1"/>
		<b id="50" c="26 27" t="2"/>
		<b id="51" c="28 29" t="1"/>
		<b id="52" c="38 39" t="1"/>
		<b id="53" c="38 41" t="1"/>
		<b id="54" c="38 29" t="1"/>
		<b id="55" c="34 29" t="1"/>
		<b id="56" c="34 36" t="1"/>
		<b id="57" c="34 37" t="1"/>
		<b id="58" c="29 30" t="1"/>
		<b id="59" c="30 32" t="1"/>
		<b id="60" c="30 33" t="1"/>
		<b id="61" c="30 31" t="1"/>
	</bonds>
	<geometry>
		<g u="A" t="cart/3d">#60,3:5.2558,-0.6599,1.6504;4.4544,-0.4226,0.9473;3.4312,-0.5051,1.3197;4.7213,-0.0842,-0.3246;6.1154,0.0427,-0.8374;7.1461,0.5338,-0.0110;6.9099,0.8500,1.0078;8.4550,0.6472,-0.4815;9.2353,1.0355,0.1789;8.7672,0.2793,-1.7945;9.7918,0.3713,-2.1644;7.7559,-0.2000,-2.6313;7.9871,-0.4935,-3.6588;6.4448,-0.3119,-2.1605;5.6762,-0.7051,-2.8294;3.6222,0.1846,-1.3433;3.8401,1.1230,-1.8811;3.5960,-0.6269,-2.0852;2.2718,0.2587,-0.7943;1.8537,1.3709,-0.1368;2.5843,2.1790,-0.0475;0.5971,1.4816,0.3875;0.2645,2.3686,0.9151;-0.2445,0.3363,0.2046;-1.5637,0.2789,0.6754;-2.2061,1.2625,1.4393;-1.6724,2.2554,1.8783;-3.4903,0.9266,1.5810;-4.4282,1.7059,2.4107;-3.9310,1.7370,3.8587;-4.6921,2.2119,4.4975;-2.9960,2.3054,3.9484;-3.7631,0.7135,4.2285;-5.7225,0.9006,2.2931;-6.0487,0.8418,1.2435;-5.5752,-0.1239,2.6667;-6.5207,1.3790,2.8809;-4.5959,3.1088,1.8194;-3.6630,3.6832,1.8859;-4.9017,3.0469,0.7630;-5.3822,3.6484,2.3705;-2.2951,-0.9582,0.3587;-2.4591,-1.8220,1.1710;-2.7120,-0.9006,-0.8899;-3.2843,-2.0797,-1.5786;-4.6349,-2.4233,-0.9462;-5.1105,-3.2391,-1.5134;-4.5120,-2.7478,0.0958;-5.3079,-1.5513,-0.9696;-3.4530,-1.5742,-3.0114;-3.9007,-2.3595,-3.6395;-4.1074,-0.6891,-3.0382;-2.4774,-1.2980,-3.4389;-2.2926,-3.2446,-1.5196;-2.1998,-3.6413,-0.5000;-2.6478,-4.0531,-2.1779;-1.2950,-2.9241,-1.8548;0.1468,-0.7448,-0.4249;1.3919,-0.8594,-0.9853;1.7710,-1.8250,-1.6209;</g>
	</geometry>
	<conformers/>
	<properties/>
</molecule>
