<?xml version="1.0" ?>
<!--MOLLI PACKAGE EXPERIMENTAL XML FORMAT-->
<molecule name="react_363">
	<atoms>
		<a id="1" s="H" t="H" l="H"/>
		<a id="2" s="C" t="C.2" l="C"/>
		<a id="3" s="H" t="H" l="H"/>
		<a id="4" s="C" t="C.2" l="C"/>
		<a id="5" s="H" t="H" l="H"/>
		<a id="6" s="C" t="C.3" l="C"/>
		<a id="7" s="H" t="H" l="H"/>
		<a id="8" s="H" t="H" l="H"/>
		<a id="9" s="N" t="N.ar" l="N"/>
		<a id="10" s="C" t="C.ar" l="C"/>
		<a id="11" s="H" t="H" l="H"/>
		<a id="12" s="C" t="C.ar" l="C"/>
		<a id="13" s="H" t="H" l="H"/>
		<a id="14" s="C" t="C.ar" l="C"/>
		<a id="15" s="N" t="N.am" l="N"/>
		<a id="16" s="C" t="C.2" l="C"/>
		<a id="17" s="O" t="O.2" l="O"/>
		<a id="18" s="O" t="O.3" l="O"/>
		<a id="19" s="C" t="C.3" l="C"/>
		<a id="20" s="C" t="C.3" l="C"/>
		<a id="21" s="H" t="H" l="H"/>
		<a id="22" s="H" t="H" l="H"/>
		<a id="23" s="H" t="H" l="H"/>
		<a id="24" s="C" t="C.3" l="C"/>
		<a id="25" s="H" t="H" l="H"/>
		<a id="26" s="H" t="H" l="H"/>
		<a id="27" s="H" t="H" l="H"/>
		<a id="28" s="C" t="C.3" l="C"/>
		<a id="29" s="H" t="H" l="H"/>
		<a id="30" s="H" t="H" l="H"/>
		<a id="31" s="H" t="H" l="H"/>
		<a id="32" s="C" t="C.2" l="C"/>
		<a id="33" s="O" t="O.2" l="O"/>
		<a id="34" s="O" t="O.3" l="O"/>
		<a id="35" s="C" t="C.3" l="C"/>
		<a id="36" s="C" t="C.3" l="C"/>
		<a id="37" s="H" t="H" l="H"/>
		<a id="38" s="H" t="H" l="H"/>
		<a id="39" s="H" t="H" l="H"/>
		<a id="40" s="C" t="C.3" l="C"/>
		<a id="41" s="H" t="H" l="H"/>
		<a id="42" s="H" t="H" l="H"/>
		<a id="43" s="H" t="H" l="H"/>
		<a id="44" s="C" t="C.3" l="C"/>
		<a id="45" s="H" t="H" l="H"/>
		<a id="46" s="H" t="H" l="H"/>
		<a id="47" s="H" t="H" l="H"/>
		<a id="48" s="N" t="N.ar" l="N"/>
		<a id="49" s="C" t="C.ar" l="C"/>
		<a id="50" s="O" t="O.2" l="O"/>
	</atoms>
	<bonds>
		<b id="1" c="23 20" t="1"/>
		<b id="2" c="21 20" t="1"/>
		<b id="3" c="22 20" t="1"/>
		<b id="4" c="20 19" t="1"/>
		<b id="5" c="3 2" t="1"/>
		<b id="6" c="33 32" t="2"/>
		<b id="7" c="29 28" t="1"/>
		<b id="8" c="5 4" t="1"/>
		<b id="9" c="46 44" t="1"/>
		<b id="10" c="30 28" t="1"/>
		<b id="11" c="19 28" t="1"/>
		<b id="12" c="19 18" t="1"/>
		<b id="13" c="19 24" t="1"/>
		<b id="14" c="17 16" t="2"/>
		<b id="15" c="2 4" t="2"/>
		<b id="16" c="2 1" t="1"/>
		<b id="17" c="28 31" t="1"/>
		<b id="18" c="39 36" t="1"/>
		<b id="19" c="16 18" t="1"/>
		<b id="20" c="16 15" t="am"/>
		<b id="21" c="32 15" t="am"/>
		<b id="22" c="32 34" t="1"/>
		<b id="23" c="4 6" t="1"/>
		<b id="24" c="15 14" t="1"/>
		<b id="25" c="13 12" t="1"/>
		<b id="26" c="14 12" t="ar"/>
		<b id="27" c="14 48" t="ar"/>
		<b id="28" c="12 10" t="ar"/>
		<b id="29" c="48 49" t="ar"/>
		<b id="30" c="44 45" t="1"/>
		<b id="31" c="44 47" t="1"/>
		<b id="32" c="44 35" t="1"/>
		<b id="33" c="27 24" t="1"/>
		<b id="34" c="26 24" t="1"/>
		<b id="35" c="10 11" t="1"/>
		<b id="36" c="10 9" t="ar"/>
		<b id="37" c="24 25" t="1"/>
		<b id="38" c="49 9" t="ar"/>
		<b id="39" c="49 50" t="2"/>
		<b id="40" c="36 37" t="1"/>
		<b id="41" c="36 35" t="1"/>
		<b id="42" c="36 38" t="1"/>
		<b id="43" c="9 6" t="1"/>
		<b id="44" c="34 35" t="1"/>
		<b id="45" c="6 8" t="1"/>
		<b id="46" c="6 7" t="1"/>
		<b id="47" c="35 40" t="1"/>
		<b id="48" c="40 43" t="1"/>
		<b id="49" c="40 41" t="1"/>
		<b id="50" c="40 42" t="1"/>
	</bonds>
	<geometry>
		<g u="A" t="cart/3d">#50,3:6.1850,2.3853,0.1073;6.2636,1.5267,-0.5667;6.8416,1.6610,-1.4857;5.6619,0.3686,-0.2868;5.7305,-0.4689,-0.9935;4.8480,0.1212,0.9589;4.9651,0.9552,1.6627;5.1690,-0.8098,1.4544;3.4088,-0.0055,0.6784;2.8308,-1.2104,0.4602;3.4855,-2.0824,0.5433;1.5038,-1.3436,0.1581;1.0563,-2.3147,-0.0089;0.7635,-0.1190,0.0748;-0.6004,-0.0462,-0.2367;-1.5721,-1.0334,-0.4409;-2.7315,-0.7307,-0.6077;-1.0751,-2.2718,-0.4283;-1.9400,-3.4560,-0.6210;-2.5894,-3.4029,-2.0068;-3.1416,-4.3385,-2.1878;-3.2880,-2.5606,-2.0873;-1.8205,-3.3038,-2.7892;-2.9718,-3.5330,0.5077;-2.4708,-3.5164,1.4886;-3.6824,-2.6982,0.4575;-3.5315,-4.4780,0.4268;-0.9472,-4.6164,-0.5293;-0.1779,-4.5355,-1.3127;-1.4740,-5.5737,-0.6611;-0.4496,-4.6301,0.4529;-1.1387,1.3258,-0.3483;-1.2226,1.8809,-1.4039;-1.4953,1.7431,0.8481;-1.9582,3.1294,1.0806;-0.8718,4.1139,0.6383;-1.1457,5.1281,0.9697;0.0987,3.8456,1.0820;-0.7584,4.1214,-0.4536;-2.1477,3.1643,2.5972;-2.8758,2.4020,2.9147;-1.1937,2.9697,3.1102;-2.5177,4.1529,2.9090;-3.2862,3.3455,0.3508;-3.6896,4.3371,0.6098;-3.1541,3.2941,-0.7380;-4.0205,2.5824,0.6526;1.3158,1.0534,0.2818;2.6372,1.2036,0.6073;3.1746,2.2683,0.8440;</g>
	</geometry>
	<conformers/>
	<properties/>
</molecule>
