<?xml version="1.0" ?>
<!--MOLLI PACKAGE EXPERIMENTAL XML FORMAT-->
<molecule name="react_364">
	<atoms>
		<a id="1" s="H" t="H" l="H"/>
		<a id="2" s="C" t="C.2" l="C"/>
		<a id="3" s="H" t="H" l="H"/>
		<a id="4" s="C" t="C.2" l="C"/>
		<a id="5" s="H" t="H" l="H"/>
		<a id="6" s="C" t="C.3" l="C"/>
		<a id="7" s="H" t="H" l="H"/>
		<a id="8" s="H" t="H" l="H"/>
		<a id="9" s="N" t="N.ar" l="N"/>
		<a id="10" s="C" t="C.ar" l="C"/>
		<a id="11" s="H" t="H" l="H"/>
		<a id="12" s="C" t="C.ar" l="C"/>
		<a id="13" s="H" t="H" l="H"/>
		<a id="14" s="C" t="C.ar" l="C"/>
		<a id="15" s="N" t="N.am" l="N"/>
		<a id="16" s="H" t="H" l="H"/>
		<a id="17" s="C" t="C.2" l="C"/>
		<a id="18" s="O" t="O.2" l="O"/>
		<a id="19" s="C" t="C.3" l="C"/>
		<a id="20" s="H" t="H" l="H"/>
		<a id="21" s="C" t="C.3" l="C"/>
		<a id="22" s="H" t="H" l="H"/>
		<a id="23" s="H" t="H" l="H"/>
		<a id="24" s="H" t="H" l="H"/>
		<a id="25" s="C" t="C.3" l="C"/>
		<a id="26" s="H" t="H" l="H"/>
		<a id="27" s="H" t="H" l="H"/>
		<a id="28" s="H" t="H" l="H"/>
		<a id="29" s="N" t="N.ar" l="N"/>
		<a id="30" s="C" t="C.ar" l="C"/>
		<a id="31" s="O" t="O.2" l="O"/>
	</atoms>
	<bonds>
		<b id="1" c="13 12" t="1"/>
		<b id="2" c="11 10" t="1"/>
		<b id="3" c="20 19" t="1"/>
		<b id="4" c="16 15" t="1"/>
		<b id="5" c="12 10" t="ar"/>
		<b id="6" c="12 14" t="ar"/>
		<b id="7" c="10 9" t="ar"/>
		<b id="8" c="5 4" t="1"/>
		<b id="9" c="15 14" t="1"/>
		<b id="10" c="15 17" t="am"/>
		<b id="11" c="19 21" t="1"/>
		<b id="12" c="19 25" t="1"/>
		<b id="13" c="19 17" t="1"/>
		<b id="14" c="22 21" t="1"/>
		<b id="15" c="27 25" t="1"/>
		<b id="16" c="28 25" t="1"/>
		<b id="17" c="14 29" t="ar"/>
		<b id="18" c="7 6" t="1"/>
		<b id="19" c="23 21" t="1"/>
		<b id="20" c="21 24" t="1"/>
		<b id="21" c="4 6" t="1"/>
		<b id="22" c="4 2" t="2"/>
		<b id="23" c="25 26" t="1"/>
		<b id="24" c="9 6" t="1"/>
		<b id="25" c="9 30" t="ar"/>
		<b id="26" c="17 18" t="2"/>
		<b id="27" c="6 8" t="1"/>
		<b id="28" c="1 2" t="1"/>
		<b id="29" c="29 30" t="ar"/>
		<b id="30" c="2 3" t="1"/>
		<b id="31" c="30 31" t="2"/>
	</bonds>
	<geometry>
		<g u="A" t="cart/3d">#31,3:5.8365,-2.2874,0.7508;5.3129,-1.3619,1.0081;5.1802,-1.1370,2.0707;4.8350,-0.5483,0.0638;4.9520,-0.8121,-0.9957;4.0953,0.7346,0.3537;4.4812,1.5563,-0.2715;4.2095,1.0096,1.4099;2.6506,0.6263,0.0931;2.1191,0.9784,-1.1011;2.8124,1.3836,-1.8435;0.7862,0.8336,-1.3563;0.3629,1.1199,-2.3194;-0.0063,0.2821,-0.2872;-1.3668,0.1324,-0.5467;-1.6721,0.5099,-1.4359;-2.3751,-0.4706,0.2235;-2.1807,-1.0675,1.2513;-3.7794,-0.2542,-0.3694;-3.6953,-0.2613,-1.4729;-4.3033,1.1296,0.0635;-5.3054,1.3129,-0.3562;-3.6417,1.9454,-0.2700;-4.3770,1.1850,1.1615;-4.7188,-1.3804,0.0649;-4.7661,-1.4338,1.1628;-5.7345,-1.2102,-0.3257;-4.3683,-2.3594,-0.2970;0.4874,-0.0546,0.8712;1.8247,0.0897,1.1482;2.3453,-0.1906,2.2084;</g>
	</geometry>
	<conformers/>
	<properties/>
</molecule>
