<?xml version="1.0" ?>
<!--MOLLI PACKAGE EXPERIMENTAL XML FORMAT-->
<molecule name="react_365">
	<atoms>
		<a id="1" s="H" t="H" l="H"/>
		<a id="2" s="C" t="C.2" l="C"/>
		<a id="3" s="H" t="H" l="H"/>
		<a id="4" s="C" t="C.2" l="C"/>
		<a id="5" s="C" t="C.3" l="C"/>
		<a id="6" s="H" t="H" l="H"/>
		<a id="7" s="H" t="H" l="H"/>
		<a id="8" s="H" t="H" l="H"/>
		<a id="9" s="C" t="C.3" l="C"/>
		<a id="10" s="H" t="H" l="H"/>
		<a id="11" s="H" t="H" l="H"/>
		<a id="12" s="N" t="N.ar" l="N"/>
		<a id="13" s="C" t="C.ar" l="C"/>
		<a id="14" s="H" t="H" l="H"/>
		<a id="15" s="C" t="C.ar" l="C"/>
		<a id="16" s="H" t="H" l="H"/>
		<a id="17" s="C" t="C.ar" l="C"/>
		<a id="18" s="N" t="N.pl3" l="N"/>
		<a id="19" s="H" t="H" l="H"/>
		<a id="20" s="C" t="C.3" l="C"/>
		<a id="21" s="H" t="H" l="H"/>
		<a id="22" s="H" t="H" l="H"/>
		<a id="23" s="C" t="C.ar" l="C"/>
		<a id="24" s="C" t="C.ar" l="C"/>
		<a id="25" s="H" t="H" l="H"/>
		<a id="26" s="C" t="C.ar" l="C"/>
		<a id="27" s="H" t="H" l="H"/>
		<a id="28" s="C" t="C.ar" l="C"/>
		<a id="29" s="H" t="H" l="H"/>
		<a id="30" s="C" t="C.ar" l="C"/>
		<a id="31" s="H" t="H" l="H"/>
		<a id="32" s="C" t="C.ar" l="C"/>
		<a id="33" s="H" t="H" l="H"/>
		<a id="34" s="N" t="N.ar" l="N"/>
		<a id="35" s="C" t="C.ar" l="C"/>
		<a id="36" s="O" t="O.2" l="O"/>
	</atoms>
	<bonds>
		<b id="1" c="16 15" t="1"/>
		<b id="2" c="14 13" t="1"/>
		<b id="3" c="1 2" t="1"/>
		<b id="4" c="15 13" t="ar"/>
		<b id="5" c="15 17" t="ar"/>
		<b id="6" c="13 12" t="ar"/>
		<b id="7" c="19 18" t="1"/>
		<b id="8" c="31 30" t="1"/>
		<b id="9" c="2 3" t="1"/>
		<b id="10" c="2 4" t="2"/>
		<b id="11" c="10 9" t="1"/>
		<b id="12" c="33 32" t="1"/>
		<b id="13" c="30 32" t="ar"/>
		<b id="14" c="30 28" t="ar"/>
		<b id="15" c="18 17" t="1"/>
		<b id="16" c="18 20" t="1"/>
		<b id="17" c="29 28" t="1"/>
		<b id="18" c="17 34" t="ar"/>
		<b id="19" c="32 23" t="ar"/>
		<b id="20" c="28 26" t="ar"/>
		<b id="21" c="12 9" t="1"/>
		<b id="22" c="12 35" t="ar"/>
		<b id="23" c="9 4" t="1"/>
		<b id="24" c="9 11" t="1"/>
		<b id="25" c="4 5" t="1"/>
		<b id="26" c="23 20" t="1"/>
		<b id="27" c="23 24" t="ar"/>
		<b id="28" c="26 24" t="ar"/>
		<b id="29" c="26 27" t="1"/>
		<b id="30" c="20 21" t="1"/>
		<b id="31" c="20 22" t="1"/>
		<b id="32" c="24 25" t="1"/>
		<b id="33" c="34 35" t="ar"/>
		<b id="34" c="8 5" t="1"/>
		<b id="35" c="35 36" t="2"/>
		<b id="36" c="5 6" t="1"/>
		<b id="37" c="5 7" t="1"/>
	</bonds>
	<geometry>
		<g u="A" t="cart/3d">#36,3:5.9136,-1.0633,-1.6375;5.8777,-0.3040,-0.8496;6.7029,0.4140,-0.8168;4.8815,-0.2679,0.0470;4.7987,0.7583,1.1467;5.6771,1.4204,1.1494;4.7087,0.2709,2.1314;3.8970,1.3848,1.0355;3.7774,-1.3059,0.0126;3.9372,-2.0086,-0.8201;3.7660,-1.8725,0.9551;2.4310,-0.7290,-0.1076;1.9931,-0.2504,-1.3001;2.6970,-0.3172,-2.1343;0.7491,0.2861,-1.4444;0.4024,0.6607,-2.4078;-0.0705,0.3185,-0.2574;-1.3299,0.8273,-0.3490;-1.6244,1.1937,-1.2459;-2.2517,0.9496,0.7667;-2.3011,1.9971,1.1174;-1.8112,0.3625,1.5878;-3.6491,0.4620,0.4349;-4.7726,1.2126,0.8115;-4.6329,2.1700,1.3229;-6.0659,0.7525,0.5423;-6.9293,1.3517,0.8442;-6.2532,-0.4651,-0.1172;-7.2629,-0.8253,-0.3318;-5.1395,-1.2200,-0.5023;-5.2773,-2.1752,-1.0166;-3.8493,-0.7604,-0.2276;-2.9827,-1.3558,-0.5277;0.3521,-0.1291,0.9077;1.5977,-0.6645,1.0690;2.0432,-1.0787,2.1243;</g>
	</geometry>
	<conformers/>
	<properties/>
</molecule>
