<?xml version="1.0" ?>
<!--MOLLI PACKAGE EXPERIMENTAL XML FORMAT-->
<molecule name="react_366">
	<atoms>
		<a id="1" s="H" t="H" l="H"/>
		<a id="2" s="C" t="C.2" l="C"/>
		<a id="3" s="H" t="H" l="H"/>
		<a id="4" s="C" t="C.2" l="C"/>
		<a id="5" s="C" t="C.3" l="C"/>
		<a id="6" s="H" t="H" l="H"/>
		<a id="7" s="H" t="H" l="H"/>
		<a id="8" s="N" t="N.ar" l="N"/>
		<a id="9" s="C" t="C.ar" l="C"/>
		<a id="10" s="H" t="H" l="H"/>
		<a id="11" s="C" t="C.ar" l="C"/>
		<a id="12" s="H" t="H" l="H"/>
		<a id="13" s="C" t="C.ar" l="C"/>
		<a id="14" s="N" t="N.am" l="N"/>
		<a id="15" s="H" t="H" l="H"/>
		<a id="16" s="C" t="C.2" l="C"/>
		<a id="17" s="O" t="O.2" l="O"/>
		<a id="18" s="C" t="C.ar" l="C"/>
		<a id="19" s="C" t="C.ar" l="C"/>
		<a id="20" s="H" t="H" l="H"/>
		<a id="21" s="C" t="C.ar" l="C"/>
		<a id="22" s="H" t="H" l="H"/>
		<a id="23" s="C" t="C.ar" l="C"/>
		<a id="24" s="H" t="H" l="H"/>
		<a id="25" s="C" t="C.ar" l="C"/>
		<a id="26" s="H" t="H" l="H"/>
		<a id="27" s="C" t="C.ar" l="C"/>
		<a id="28" s="H" t="H" l="H"/>
		<a id="29" s="N" t="N.ar" l="N"/>
		<a id="30" s="C" t="C.ar" l="C"/>
		<a id="31" s="O" t="O.2" l="O"/>
		<a id="32" s="C" t="C.3" l="C"/>
		<a id="33" s="H" t="H" l="H"/>
		<a id="34" s="H" t="H" l="H"/>
		<a id="35" s="C" t="C.3" l="C"/>
		<a id="36" s="H" t="H" l="H"/>
		<a id="37" s="H" t="H" l="H"/>
		<a id="38" s="H" t="H" l="H"/>
	</atoms>
	<bonds>
		<b id="1" c="15 14" t="1"/>
		<b id="2" c="17 16" t="2"/>
		<b id="3" c="31 30" t="2"/>
		<b id="4" c="29 30" t="ar"/>
		<b id="5" c="29 13" t="ar"/>
		<b id="6" c="14 16" t="am"/>
		<b id="7" c="14 13" t="1"/>
		<b id="8" c="30 8" t="ar"/>
		<b id="9" c="16 18" t="1"/>
		<b id="10" c="6 5" t="1"/>
		<b id="11" c="13 11" t="ar"/>
		<b id="12" c="8 5" t="1"/>
		<b id="13" c="8 9" t="ar"/>
		<b id="14" c="20 19" t="1"/>
		<b id="15" c="1 2" t="1"/>
		<b id="16" c="11 9" t="ar"/>
		<b id="17" c="11 12" t="1"/>
		<b id="18" c="5 7" t="1"/>
		<b id="19" c="5 4" t="1"/>
		<b id="20" c="9 10" t="1"/>
		<b id="21" c="18 19" t="ar"/>
		<b id="22" c="18 27" t="ar"/>
		<b id="23" c="19 21" t="ar"/>
		<b id="24" c="2 4" t="2"/>
		<b id="25" c="2 3" t="1"/>
		<b id="26" c="4 32" t="1"/>
		<b id="27" c="28 27" t="1"/>
		<b id="28" c="27 25" t="ar"/>
		<b id="29" c="21 22" t="1"/>
		<b id="30" c="21 23" t="ar"/>
		<b id="31" c="38 35" t="1"/>
		<b id="32" c="32 33" t="1"/>
		<b id="33" c="32 35" t="1"/>
		<b id="34" c="32 34" t="1"/>
		<b id="35" c="25 23" t="ar"/>
		<b id="36" c="25 26" t="1"/>
		<b id="37" c="23 24" t="1"/>
		<b id="38" c="35 36" t="1"/>
		<b id="39" c="35 37" t="1"/>
	</bonds>
	<geometry>
		<g u="A" t="cart/3d">#38,3:5.0948,-0.5579,-1.0169;4.7342,-0.3732,-0.0018;5.2593,-0.8738,0.8181;3.6723,0.4100,0.2295;2.9576,1.0851,-0.9305;3.5727,1.0286,-1.8364;2.7574,2.1450,-0.7069;1.6652,0.4564,-1.2491;0.4986,0.9442,-0.7664;0.5634,1.8627,-0.1772;-0.7006,0.3359,-1.0142;-1.6284,0.7617,-0.6443;-0.6414,-0.8513,-1.8159;-1.7752,-1.5742,-2.1752;-1.6041,-2.1781,-2.9784;-3.1303,-1.4750,-1.8439;-3.9661,-1.8380,-2.6480;-3.5202,-1.0142,-0.4704;-4.7194,-0.2970,-0.3284;-5.2919,-0.0449,-1.2237;-5.1686,0.0774,0.9388;-6.0952,0.6482,1.0415;-4.4415,-0.2908,2.0769;-4.7999,-0.0079,3.0704;-3.2626,-1.0321,1.9439;-2.7047,-1.3388,2.8324;-2.7983,-1.3880,0.6753;-1.8829,-1.9755,0.5756;0.4759,-1.3127,-2.3268;1.6842,-0.7037,-2.1033;2.7422,-1.0736,-2.5714;3.1297,0.6559,1.6225;2.0432,0.4472,1.6373;3.5831,-0.0735,2.3132;3.3755,2.0765,2.1563;4.4536,2.2989,2.2009;2.9628,2.1913,3.1717;2.9054,2.8492,1.5249;</g>
	</geometry>
	<conformers/>
	<properties/>
</molecule>
