<?xml version="1.0" ?>
<!--MOLLI PACKAGE EXPERIMENTAL XML FORMAT-->
<molecule name="react_367">
	<atoms>
		<a id="1" s="H" t="H" l="H"/>
		<a id="2" s="C" t="C.2" l="C"/>
		<a id="3" s="H" t="H" l="H"/>
		<a id="4" s="C" t="C.2" l="C"/>
		<a id="5" s="H" t="H" l="H"/>
		<a id="6" s="C" t="C.3" l="C"/>
		<a id="7" s="H" t="H" l="H"/>
		<a id="8" s="H" t="H" l="H"/>
		<a id="9" s="O" t="O.3" l="O"/>
		<a id="10" s="C" t="C.ar" l="C"/>
		<a id="11" s="C" t="C.ar" l="C"/>
		<a id="12" s="H" t="H" l="H"/>
		<a id="13" s="C" t="C.ar" l="C"/>
		<a id="14" s="H" t="H" l="H"/>
		<a id="15" s="C" t="C.ar" l="C"/>
		<a id="16" s="H" t="H" l="H"/>
		<a id="17" s="C" t="C.ar" l="C"/>
		<a id="18" s="H" t="H" l="H"/>
		<a id="19" s="C" t="C.ar" l="C"/>
		<a id="20" s="N" t="N.pl3" l="N"/>
		<a id="21" s="O" t="O.2" l="O"/>
		<a id="22" s="O" t="O.2" l="O"/>
	</atoms>
	<bonds>
		<b id="1" c="22 20" t="2"/>
		<b id="2" c="18 17" t="1"/>
		<b id="3" c="20 21" t="2"/>
		<b id="4" c="20 19" t="1"/>
		<b id="5" c="17 19" t="ar"/>
		<b id="6" c="17 15" t="ar"/>
		<b id="7" c="19 10" t="ar"/>
		<b id="8" c="16 15" t="1"/>
		<b id="9" c="5 4" t="1"/>
		<b id="10" c="15 13" t="ar"/>
		<b id="11" c="8 6" t="1"/>
		<b id="12" c="10 9" t="1"/>
		<b id="13" c="10 11" t="ar"/>
		<b id="14" c="13 11" t="ar"/>
		<b id="15" c="13 14" t="1"/>
		<b id="16" c="9 6" t="1"/>
		<b id="17" c="11 12" t="1"/>
		<b id="18" c="4 6" t="1"/>
		<b id="19" c="4 2" t="2"/>
		<b id="20" c="6 7" t="1"/>
		<b id="21" c="3 2" t="1"/>
		<b id="22" c="2 1" t="1"/>
	</bonds>
	<geometry>
		<g u="A" t="cart/3d">#22,3:3.7768,-0.3559,2.2932;3.9709,0.1968,1.3672;4.9263,0.7239,1.2976;3.0871,0.2236,0.3678;3.2925,0.7925,-0.5464;1.7837,-0.5167,0.3761;1.5738,-0.9362,1.3771;1.8162,-1.3571,-0.3454;0.7578,0.3929,-0.0154;-0.5037,-0.0336,-0.1743;-0.9374,-1.3386,0.1287;-0.2233,-2.0780,0.4903;-2.2781,-1.7012,-0.0189;-2.5789,-2.7247,0.2202;-3.2299,-0.7753,-0.4547;-4.2782,-1.0608,-0.5634;-2.8231,0.5249,-0.7481;-3.5305,1.2865,-1.0781;-1.4804,0.8870,-0.6295;-1.1218,2.2652,-1.0091;-1.9662,3.1286,-0.8129;-0.0335,2.4562,-1.5217;</g>
	</geometry>
	<conformers/>
	<properties/>
</molecule>
