<?xml version="1.0" ?>
<!--MOLLI PACKAGE EXPERIMENTAL XML FORMAT-->
<molecule name="react_368">
	<atoms>
		<a id="1" s="H" t="H" l="H"/>
		<a id="2" s="C" t="C.2" l="C"/>
		<a id="3" s="H" t="H" l="H"/>
		<a id="4" s="C" t="C.2" l="C"/>
		<a id="5" s="H" t="H" l="H"/>
		<a id="6" s="C" t="C.3" l="C"/>
		<a id="7" s="H" t="H" l="H"/>
		<a id="8" s="H" t="H" l="H"/>
		<a id="9" s="O" t="O.3" l="O"/>
		<a id="10" s="C" t="C.ar" l="C"/>
		<a id="11" s="C" t="C.ar" l="C"/>
		<a id="12" s="H" t="H" l="H"/>
		<a id="13" s="C" t="C.ar" l="C"/>
		<a id="14" s="H" t="H" l="H"/>
		<a id="15" s="C" t="C.ar" l="C"/>
		<a id="16" s="H" t="H" l="H"/>
		<a id="17" s="C" t="C.ar" l="C"/>
		<a id="18" s="N" t="N.pl3" l="N"/>
		<a id="19" s="O" t="O.2" l="O"/>
		<a id="20" s="O" t="O.2" l="O"/>
		<a id="21" s="C" t="C.ar" l="C"/>
		<a id="22" s="H" t="H" l="H"/>
	</atoms>
	<bonds>
		<b id="1" c="3 2" t="1"/>
		<b id="2" c="1 2" t="1"/>
		<b id="3" c="2 4" t="2"/>
		<b id="4" c="8 6" t="1"/>
		<b id="5" c="7 6" t="1"/>
		<b id="6" c="12 11" t="1"/>
		<b id="7" c="4 6" t="1"/>
		<b id="8" c="4 5" t="1"/>
		<b id="9" c="6 9" t="1"/>
		<b id="10" c="14 13" t="1"/>
		<b id="11" c="11 13" t="ar"/>
		<b id="12" c="11 10" t="ar"/>
		<b id="13" c="13 15" t="ar"/>
		<b id="14" c="9 10" t="1"/>
		<b id="15" c="10 21" t="ar"/>
		<b id="16" c="15 16" t="1"/>
		<b id="17" c="15 17" t="ar"/>
		<b id="18" c="21 17" t="ar"/>
		<b id="19" c="21 22" t="1"/>
		<b id="20" c="17 18" t="1"/>
		<b id="21" c="18 20" t="2"/>
		<b id="22" c="18 19" t="2"/>
	</bonds>
	<geometry>
		<g u="A" t="cart/3d">#22,3:4.1850,2.3747,-2.3954;3.3589,1.6622,-2.3202;3.4521,0.7348,-2.8959;2.2871,1.9142,-1.5658;2.2194,2.8445,-0.9893;1.1021,1.0030,-1.4531;0.2124,1.4758,-1.9157;1.2893,0.0498,-1.9816;0.8469,0.7692,-0.0718;-0.1949,-0.0096,0.2981;-1.0827,-0.6371,-0.5937;-0.9690,-0.5180,-1.6713;-2.1282,-1.4288,-0.1005;-2.8103,-1.9090,-0.8066;-2.3106,-1.6144,1.2681;-3.1137,-2.2267,1.6752;-1.4142,-0.9790,2.1327;-1.5811,-1.1590,3.5951;-0.8064,-0.5694,4.3304;-2.4845,-1.8879,3.9719;-0.3679,-0.1842,1.6820;0.3102,0.2946,2.3868;</g>
	</geometry>
	<conformers/>
	<properties/>
</molecule>
