<?xml version="1.0" ?>
<!--MOLLI PACKAGE EXPERIMENTAL XML FORMAT-->
<molecule name="react_370">
	<atoms>
		<a id="1" s="H" t="H" l="H"/>
		<a id="2" s="C" t="C.3" l="C"/>
		<a id="3" s="N" t="N.3" l="N"/>
		<a id="4" s="N" t="N.3" l="N"/>
		<a id="5" s="C" t="C.2" l="C"/>
		<a id="6" s="O" t="O.2" l="O"/>
		<a id="7" s="C" t="C.2" l="C"/>
		<a id="8" s="H" t="H" l="H"/>
		<a id="9" s="C" t="C.2" l="C"/>
		<a id="10" s="H" t="H" l="H"/>
		<a id="11" s="C" t="C.ar" l="C"/>
		<a id="12" s="C" t="C.ar" l="C"/>
		<a id="13" s="H" t="H" l="H"/>
		<a id="14" s="C" t="C.ar" l="C"/>
		<a id="15" s="H" t="H" l="H"/>
		<a id="16" s="C" t="C.ar" l="C"/>
		<a id="17" s="H" t="H" l="H"/>
		<a id="18" s="C" t="C.ar" l="C"/>
		<a id="19" s="H" t="H" l="H"/>
		<a id="20" s="C" t="C.ar" l="C"/>
		<a id="21" s="H" t="H" l="H"/>
	</atoms>
	<bonds>
		<b id="1" c="15 14" t="1"/>
		<b id="2" c="13 12" t="1"/>
		<b id="3" c="8 7" t="1"/>
		<b id="4" c="6 5" t="2"/>
		<b id="5" c="14 12" t="ar"/>
		<b id="6" c="14 16" t="ar"/>
		<b id="7" c="12 11" t="ar"/>
		<b id="8" c="7 5" t="1"/>
		<b id="9" c="7 9" t="2"/>
		<b id="10" c="5 2" t="1"/>
		<b id="11" c="17 16" t="1"/>
		<b id="12" c="16 18" t="ar"/>
		<b id="13" c="11 9" t="1"/>
		<b id="14" c="11 20" t="ar"/>
		<b id="15" c="9 10" t="1"/>
		<b id="16" c="2 3" t="1"/>
		<b id="17" c="2 1" t="1"/>
		<b id="18" c="18 20" t="ar"/>
		<b id="19" c="18 19" t="1"/>
		<b id="20" c="3 4" t="1"/>
		<b id="21" c="20 21" t="1"/>
	</bonds>
	<geometry>
		<g u="A" t="cart/3d">#21,3:3.1767,0.5802,1.0315;3.5478,-0.2778,0.4740;4.8391,-0.4867,0.5366;5.9478,-0.7155,0.5541;2.7480,-1.2271,-0.3181;3.2640,-2.1821,-0.8847;1.2832,-1.0007,-0.4119;0.7898,-1.7999,-0.9726;0.5840,0.0391,0.0881;1.1215,0.8243,0.6310;-0.8633,0.2646,-0.0108;-1.7392,-0.6317,-0.6599;-1.3456,-1.5408,-1.1196;-3.1066,-0.3728,-0.7220;-3.7684,-1.0802,-1.2287;-3.6359,0.7862,-0.1387;-4.7096,0.9850,-0.1890;-2.7833,1.6854,0.5075;-3.1863,2.5925,0.9654;-1.4130,1.4254,0.5698;-0.7505,2.1328,1.0774;</g>
	</geometry>
	<conformers/>
	<properties/>
</molecule>
