<?xml version="1.0" ?>
<!--MOLLI PACKAGE EXPERIMENTAL XML FORMAT-->
<molecule name="react_371">
	<atoms>
		<a id="1" s="H" t="H" l="H"/>
		<a id="2" s="C" t="C.3" l="C"/>
		<a id="3" s="N" t="N.3" l="N"/>
		<a id="4" s="N" t="N.3" l="N"/>
		<a id="5" s="C" t="C.2" l="C"/>
		<a id="6" s="O" t="O.2" l="O"/>
		<a id="7" s="C" t="C.2" l="C"/>
		<a id="8" s="H" t="H" l="H"/>
		<a id="9" s="C" t="C.2" l="C"/>
		<a id="10" s="H" t="H" l="H"/>
		<a id="11" s="C" t="C.ar" l="C"/>
		<a id="12" s="C" t="C.ar" l="C"/>
		<a id="13" s="H" t="H" l="H"/>
		<a id="14" s="C" t="C.ar" l="C"/>
		<a id="15" s="H" t="H" l="H"/>
		<a id="16" s="C" t="C.ar" l="C"/>
		<a id="17" s="H" t="H" l="H"/>
		<a id="18" s="C" t="C.ar" l="C"/>
		<a id="19" s="H" t="H" l="H"/>
		<a id="20" s="C" t="C.ar" l="C"/>
		<a id="21" s="H" t="H" l="H"/>
	</atoms>
	<bonds>
		<b id="1" c="21 20" t="1"/>
		<b id="2" c="19 18" t="1"/>
		<b id="3" c="6 5" t="2"/>
		<b id="4" c="20 18" t="ar"/>
		<b id="5" c="20 11" t="ar"/>
		<b id="6" c="18 16" t="ar"/>
		<b id="7" c="8 7" t="1"/>
		<b id="8" c="7 5" t="1"/>
		<b id="9" c="7 9" t="2"/>
		<b id="10" c="10 9" t="1"/>
		<b id="11" c="5 2" t="1"/>
		<b id="12" c="9 11" t="1"/>
		<b id="13" c="11 12" t="ar"/>
		<b id="14" c="16 17" t="1"/>
		<b id="15" c="16 14" t="ar"/>
		<b id="16" c="12 14" t="ar"/>
		<b id="17" c="12 13" t="1"/>
		<b id="18" c="2 3" t="1"/>
		<b id="19" c="2 1" t="1"/>
		<b id="20" c="14 15" t="1"/>
		<b id="21" c="3 4" t="1"/>
	</bonds>
	<geometry>
		<g u="A" t="cart/3d">#21,3:1.4194,0.4515,1.3074;2.2728,0.4557,0.6308;3.1237,1.4435,0.7610;3.8964,2.2685,0.8286;2.5538,-0.5552,-0.3972;3.5555,-0.5145,-1.0974;1.6090,-1.7120,-0.4919;2.1425,-2.6444,-0.7074;0.2644,-1.7648,-0.3902;-0.1789,-2.7674,-0.4420;-0.7228,-0.6780,-0.2404;-1.8914,-0.9132,0.5124;-2.0344,-1.8886,0.9864;-2.8587,0.0811,0.6684;-3.7522,-0.1189,1.2659;-2.6898,1.3260,0.0532;-3.4509,2.1026,0.1660;-1.5502,1.5651,-0.7227;-1.4228,2.5270,-1.2264;-0.5776,0.5746,-0.8708;0.2924,0.7612,-1.5036;</g>
	</geometry>
	<conformers/>
	<properties/>
</molecule>
