<?xml version="1.0" ?>
<!--MOLLI PACKAGE EXPERIMENTAL XML FORMAT-->
<molecule name="react_183">
	<atoms>
		<a id="1" s="H" t="H" l="H"/>
		<a id="2" s="C" t="C.2" l="C"/>
		<a id="3" s="H" t="H" l="H"/>
		<a id="4" s="C" t="C.2" l="C"/>
		<a id="5" s="H" t="H" l="H"/>
		<a id="6" s="C" t="C.3" l="C"/>
		<a id="7" s="H" t="H" l="H"/>
		<a id="8" s="H" t="H" l="H"/>
		<a id="9" s="Cl" t="Cl" l="CL"/>
	</atoms>
	<bonds>
		<b id="1" c="7 6" t="1"/>
		<b id="2" c="5 4" t="1"/>
		<b id="3" c="6 4" t="1"/>
		<b id="4" c="6 8" t="1"/>
		<b id="5" c="6 9" t="1"/>
		<b id="6" c="4 2" t="2"/>
		<b id="7" c="3 2" t="1"/>
		<b id="8" c="2 1" t="1"/>
	</bonds>
	<geometry>
		<g u="A" t="cart/3d">#9,3:-1.4244,-0.8792,0.9737;-1.3770,0.0593,0.4106;-2.2839,0.6701,0.3886;-0.2645,0.4408,-0.2238;-0.2412,1.3906,-0.7713;0.9954,-0.3600,-0.2584;1.2999,-0.5965,-1.2887;0.9048,-1.2946,0.3120;2.3908,0.5694,0.4573;</g>
	</geometry>
	<conformers/>
	<properties/>
</molecule>
