<?xml version="1.0" ?>
<!--MOLLI PACKAGE EXPERIMENTAL XML FORMAT-->
<molecule name="react_372">
	<atoms>
		<a id="1" s="H" t="H" l="H"/>
		<a id="2" s="C" t="C.3" l="C"/>
		<a id="3" s="N" t="N.3" l="N"/>
		<a id="4" s="N" t="N.3" l="N"/>
		<a id="5" s="C" t="C.2" l="C"/>
		<a id="6" s="O" t="O.2" l="O"/>
		<a id="7" s="C" t="C.2" l="C"/>
		<a id="8" s="H" t="H" l="H"/>
		<a id="9" s="C" t="C.2" l="C"/>
		<a id="10" s="H" t="H" l="H"/>
		<a id="11" s="C" t="C.ar" l="C"/>
		<a id="12" s="C" t="C.ar" l="C"/>
		<a id="13" s="H" t="H" l="H"/>
		<a id="14" s="C" t="C.ar" l="C"/>
		<a id="15" s="H" t="H" l="H"/>
		<a id="16" s="C" t="C.ar" l="C"/>
		<a id="17" s="C" t="C.3" l="C"/>
		<a id="18" s="H" t="H" l="H"/>
		<a id="19" s="H" t="H" l="H"/>
		<a id="20" s="H" t="H" l="H"/>
		<a id="21" s="C" t="C.ar" l="C"/>
		<a id="22" s="H" t="H" l="H"/>
		<a id="23" s="C" t="C.ar" l="C"/>
		<a id="24" s="H" t="H" l="H"/>
	</atoms>
	<bonds>
		<b id="1" c="6 5" t="2"/>
		<b id="2" c="8 7" t="1"/>
		<b id="3" c="13 12" t="1"/>
		<b id="4" c="5 7" t="1"/>
		<b id="5" c="5 2" t="1"/>
		<b id="6" c="15 14" t="1"/>
		<b id="7" c="7 9" t="2"/>
		<b id="8" c="4 3" t="1"/>
		<b id="9" c="12 14" t="ar"/>
		<b id="10" c="12 11" t="ar"/>
		<b id="11" c="3 2" t="1"/>
		<b id="12" c="14 16" t="ar"/>
		<b id="13" c="2 1" t="1"/>
		<b id="14" c="9 11" t="1"/>
		<b id="15" c="9 10" t="1"/>
		<b id="16" c="11 23" t="ar"/>
		<b id="17" c="18 17" t="1"/>
		<b id="18" c="20 17" t="1"/>
		<b id="19" c="16 17" t="1"/>
		<b id="20" c="16 21" t="ar"/>
		<b id="21" c="17 19" t="1"/>
		<b id="22" c="23 21" t="ar"/>
		<b id="23" c="23 24" t="1"/>
		<b id="24" c="21 22" t="1"/>
	</bonds>
	<geometry>
		<g u="A" t="cart/3d">#24,3:4.0090,-0.0502,0.6164;4.2893,-0.0622,-0.4352;5.5743,-0.0808,-0.6857;6.6723,-0.0976,-0.9620;3.3751,-0.0664,-1.5901;3.7967,-0.0911,-2.7397;1.9149,-0.0413,-1.3260;1.3396,-0.0666,-2.2560;1.3010,0.0119,-0.1251;1.9165,0.0411,0.7809;-0.1420,0.0390,0.1328;-1.1127,0.0024,-0.8920;-0.7997,-0.0483,-1.9372;-2.4699,0.0291,-0.5925;-3.1978,-0.0009,-1.4091;-2.9282,0.0933,0.7383;-4.4054,0.1206,1.0414;-4.8925,0.9940,0.5750;-4.5979,0.1652,2.1236;-4.9109,-0.7762,0.6443;-1.9662,0.1301,1.7573;-2.2889,0.1803,2.8012;-0.6020,0.1036,1.4613;0.1255,0.1337,2.2780;</g>
	</geometry>
	<conformers/>
	<properties/>
</molecule>
