<?xml version="1.0" ?>
<!--MOLLI PACKAGE EXPERIMENTAL XML FORMAT-->
<molecule name="react_373">
	<atoms>
		<a id="1" s="H" t="H" l="H"/>
		<a id="2" s="C" t="C.3" l="C"/>
		<a id="3" s="N" t="N.3" l="N"/>
		<a id="4" s="N" t="N.3" l="N"/>
		<a id="5" s="C" t="C.2" l="C"/>
		<a id="6" s="O" t="O.2" l="O"/>
		<a id="7" s="C" t="C.2" l="C"/>
		<a id="8" s="H" t="H" l="H"/>
		<a id="9" s="C" t="C.2" l="C"/>
		<a id="10" s="H" t="H" l="H"/>
		<a id="11" s="C" t="C.ar" l="C"/>
		<a id="12" s="C" t="C.ar" l="C"/>
		<a id="13" s="H" t="H" l="H"/>
		<a id="14" s="C" t="C.ar" l="C"/>
		<a id="15" s="H" t="H" l="H"/>
		<a id="16" s="C" t="C.ar" l="C"/>
		<a id="17" s="C" t="C.ar" l="C"/>
		<a id="18" s="C" t="C.ar" l="C"/>
		<a id="19" s="H" t="H" l="H"/>
		<a id="20" s="C" t="C.ar" l="C"/>
		<a id="21" s="H" t="H" l="H"/>
		<a id="22" s="C" t="C.ar" l="C"/>
		<a id="23" s="H" t="H" l="H"/>
		<a id="24" s="C" t="C.ar" l="C"/>
		<a id="25" s="H" t="H" l="H"/>
		<a id="26" s="C" t="C.ar" l="C"/>
		<a id="27" s="H" t="H" l="H"/>
		<a id="28" s="C" t="C.ar" l="C"/>
		<a id="29" s="H" t="H" l="H"/>
		<a id="30" s="C" t="C.ar" l="C"/>
		<a id="31" s="H" t="H" l="H"/>
	</atoms>
	<bonds>
		<b id="1" c="31 30" t="1"/>
		<b id="2" c="29 28" t="1"/>
		<b id="3" c="10 9" t="1"/>
		<b id="4" c="6 5" t="2"/>
		<b id="5" c="30 28" t="ar"/>
		<b id="6" c="30 11" t="ar"/>
		<b id="7" c="28 16" t="ar"/>
		<b id="8" c="9 11" t="1"/>
		<b id="9" c="9 7" t="2"/>
		<b id="10" c="5 7" t="1"/>
		<b id="11" c="5 2" t="1"/>
		<b id="12" c="4 3" t="1"/>
		<b id="13" c="11 12" t="ar"/>
		<b id="14" c="3 2" t="1"/>
		<b id="15" c="7 8" t="1"/>
		<b id="16" c="16 17" t="1"/>
		<b id="17" c="16 14" t="ar"/>
		<b id="18" c="27 26" t="1"/>
		<b id="19" c="2 1" t="1"/>
		<b id="20" c="26 17" t="ar"/>
		<b id="21" c="26 24" t="ar"/>
		<b id="22" c="17 18" t="ar"/>
		<b id="23" c="25 24" t="1"/>
		<b id="24" c="24 22" t="ar"/>
		<b id="25" c="18 19" t="1"/>
		<b id="26" c="18 20" t="ar"/>
		<b id="27" c="12 14" t="ar"/>
		<b id="28" c="12 13" t="1"/>
		<b id="29" c="22 20" t="ar"/>
		<b id="30" c="22 23" t="1"/>
		<b id="31" c="20 21" t="1"/>
		<b id="32" c="14 15" t="1"/>
	</bonds>
	<geometry>
		<g u="A" t="cart/3d">#31,3:-6.1207,0.4958,0.9586;-6.2028,-0.3056,0.2246;-7.4147,-0.7068,-0.0704;-8.4343,-1.0977,-0.3691;-5.0714,-0.9595,-0.4526;-5.2274,-1.8583,-1.2685;-3.7382,-0.4319,-0.0599;-3.7059,0.3702,0.6836;-2.6164,-0.9374,-0.6158;-2.7731,-1.7366,-1.3499;-1.2283,-0.5541,-0.3641;-0.8484,0.4492,0.5530;-1.6109,0.9790,1.1287;0.4891,0.7732,0.7502;0.7486,1.5380,1.4859;1.5182,0.1127,0.0450;2.9463,0.4628,0.2596;3.3391,1.7939,0.5020;2.5861,2.5857,0.5083;4.6817,2.1231,0.7002;4.9629,3.1649,0.8762;5.6642,1.1288,0.6633;6.7152,1.3865,0.8185;5.2910,-0.1979,0.4256;6.0496,-0.9850,0.4033;3.9488,-0.5264,0.2253;3.6699,-1.5708,0.0654;1.1403,-0.8891,-0.8688;1.9065,-1.4049,-1.4523;-0.1998,-1.2131,-1.0675;-0.4653,-1.9889,-1.7911;</g>
	</geometry>
	<conformers/>
	<properties/>
</molecule>
