<?xml version="1.0" ?>
<!--MOLLI PACKAGE EXPERIMENTAL XML FORMAT-->
<molecule name="react_374">
	<atoms>
		<a id="1" s="H" t="H" l="H"/>
		<a id="2" s="C" t="C.2" l="C"/>
		<a id="3" s="C" t="C.2" l="C"/>
		<a id="4" s="O" t="O.2" l="O"/>
		<a id="5" s="O" t="O.3" l="O"/>
		<a id="6" s="C" t="C.3" l="C"/>
		<a id="7" s="H" t="H" l="H"/>
		<a id="8" s="H" t="H" l="H"/>
		<a id="9" s="H" t="H" l="H"/>
		<a id="10" s="C" t="C.2" l="C"/>
		<a id="11" s="H" t="H" l="H"/>
		<a id="12" s="C" t="C.ar" l="C"/>
		<a id="13" s="C" t="C.ar" l="C"/>
		<a id="14" s="H" t="H" l="H"/>
		<a id="15" s="C" t="C.ar" l="C"/>
		<a id="16" s="H" t="H" l="H"/>
		<a id="17" s="C" t="C.ar" l="C"/>
		<a id="18" s="S" t="S.O2" l="S"/>
		<a id="19" s="O" t="O.2" l="O"/>
		<a id="20" s="O" t="O.2" l="O"/>
		<a id="21" s="C" t="C.3" l="C"/>
		<a id="22" s="H" t="H" l="H"/>
		<a id="23" s="H" t="H" l="H"/>
		<a id="24" s="H" t="H" l="H"/>
		<a id="25" s="C" t="C.ar" l="C"/>
		<a id="26" s="H" t="H" l="H"/>
		<a id="27" s="C" t="C.ar" l="C"/>
		<a id="28" s="H" t="H" l="H"/>
	</atoms>
	<bonds>
		<b id="1" c="19 18" t="2"/>
		<b id="2" c="16 15" t="1"/>
		<b id="3" c="14 13" t="1"/>
		<b id="4" c="1 2" t="1"/>
		<b id="5" c="4 3" t="2"/>
		<b id="6" c="15 13" t="ar"/>
		<b id="7" c="15 17" t="ar"/>
		<b id="8" c="13 12" t="ar"/>
		<b id="9" c="8 6" t="1"/>
		<b id="10" c="2 3" t="1"/>
		<b id="11" c="2 10" t="2"/>
		<b id="12" c="3 5" t="1"/>
		<b id="13" c="18 17" t="1"/>
		<b id="14" c="18 20" t="2"/>
		<b id="15" c="18 21" t="1"/>
		<b id="16" c="17 25" t="ar"/>
		<b id="17" c="12 10" t="1"/>
		<b id="18" c="12 27" t="ar"/>
		<b id="19" c="10 11" t="1"/>
		<b id="20" c="5 6" t="1"/>
		<b id="21" c="6 7" t="1"/>
		<b id="22" c="6 9" t="1"/>
		<b id="23" c="25 27" t="ar"/>
		<b id="24" c="25 26" t="1"/>
		<b id="25" c="27 28" t="1"/>
		<b id="26" c="24 21" t="1"/>
		<b id="27" c="23 21" t="1"/>
		<b id="28" c="21 22" t="1"/>
	</bonds>
	<geometry>
		<g u="A" t="cart/3d">#28,3:2.0424,1.7452,-1.2025;2.4569,0.9082,-0.6357;3.9338,0.9553,-0.5363;4.6078,1.8360,-1.0211;4.4561,-0.0837,0.1497;5.8765,-0.1011,0.2799;6.2341,0.7991,0.8035;6.3605,-0.1418,-0.7082;6.1202,-1.0003,0.8597;1.6873,-0.0535,-0.0893;2.1950,-0.8491,0.4645;0.2242,-0.1551,-0.1523;-0.5800,0.7653,-0.8587;-0.1175,1.5940,-1.3986;-1.9643,0.6260,-0.8930;-2.5876,1.3202,-1.4607;-2.5621,-0.4391,-0.2090;-4.3548,-0.6362,-0.2771;-4.8324,0.0529,-1.4839;-4.6588,-2.0525,-0.0300;-4.9619,0.2963,1.1486;-4.5539,-0.1404,2.0695;-6.0550,0.1805,1.1170;-4.6825,1.3525,1.0397;-1.7948,-1.3765,0.4852;-2.2837,-2.2200,0.9774;-0.4083,-1.2261,0.5120;0.2029,-1.9559,1.0499;</g>
	</geometry>
	<conformers/>
	<properties/>
</molecule>
