<?xml version="1.0" ?>
<!--MOLLI PACKAGE EXPERIMENTAL XML FORMAT-->
<molecule name="react_375">
	<atoms>
		<a id="1" s="H" t="H" l="H"/>
		<a id="2" s="C" t="C.2" l="C"/>
		<a id="3" s="C" t="C.2" l="C"/>
		<a id="4" s="O" t="O.2" l="O"/>
		<a id="5" s="O" t="O.3" l="O"/>
		<a id="6" s="C" t="C.3" l="C"/>
		<a id="7" s="H" t="H" l="H"/>
		<a id="8" s="H" t="H" l="H"/>
		<a id="9" s="C" t="C.3" l="C"/>
		<a id="10" s="H" t="H" l="H"/>
		<a id="11" s="H" t="H" l="H"/>
		<a id="12" s="H" t="H" l="H"/>
		<a id="13" s="C" t="C.2" l="C"/>
		<a id="14" s="H" t="H" l="H"/>
		<a id="15" s="C" t="C.ar" l="C"/>
		<a id="16" s="C" t="C.ar" l="C"/>
		<a id="17" s="H" t="H" l="H"/>
		<a id="18" s="C" t="C.ar" l="C"/>
		<a id="19" s="H" t="H" l="H"/>
		<a id="20" s="C" t="C.ar" l="C"/>
		<a id="21" s="S" t="S.O2" l="S"/>
		<a id="22" s="O" t="O.2" l="O"/>
		<a id="23" s="O" t="O.2" l="O"/>
		<a id="24" s="C" t="C.3" l="C"/>
		<a id="25" s="H" t="H" l="H"/>
		<a id="26" s="H" t="H" l="H"/>
		<a id="27" s="H" t="H" l="H"/>
		<a id="28" s="C" t="C.ar" l="C"/>
		<a id="29" s="H" t="H" l="H"/>
		<a id="30" s="C" t="C.ar" l="C"/>
		<a id="31" s="H" t="H" l="H"/>
	</atoms>
	<bonds>
		<b id="1" c="19 18" t="1"/>
		<b id="2" c="17 16" t="1"/>
		<b id="3" c="1 2" t="1"/>
		<b id="4" c="4 3" t="2"/>
		<b id="5" c="23 21" t="2"/>
		<b id="6" c="18 16" t="ar"/>
		<b id="7" c="18 20" t="ar"/>
		<b id="8" c="16 15" t="ar"/>
		<b id="9" c="2 3" t="1"/>
		<b id="10" c="2 13" t="2"/>
		<b id="11" c="3 5" t="1"/>
		<b id="12" c="7 6" t="1"/>
		<b id="13" c="25 24" t="1"/>
		<b id="14" c="21 20" t="1"/>
		<b id="15" c="21 24" t="1"/>
		<b id="16" c="21 22" t="2"/>
		<b id="17" c="20 28" t="ar"/>
		<b id="18" c="15 13" t="1"/>
		<b id="19" c="15 30" t="ar"/>
		<b id="20" c="13 14" t="1"/>
		<b id="21" c="12 9" t="1"/>
		<b id="22" c="5 6" t="1"/>
		<b id="23" c="26 24" t="1"/>
		<b id="24" c="24 27" t="1"/>
		<b id="25" c="6 9" t="1"/>
		<b id="26" c="6 8" t="1"/>
		<b id="27" c="9 11" t="1"/>
		<b id="28" c="9 10" t="1"/>
		<b id="29" c="28 30" t="ar"/>
		<b id="30" c="28 29" t="1"/>
		<b id="31" c="30 31" t="1"/>
	</bonds>
	<geometry>
		<g u="A" t="cart/3d">#31,3:-1.5381,-0.1222,-2.0199;-1.8740,0.1468,-1.0158;-3.3498,0.2292,-0.9082;-4.0912,0.0196,-1.8429;-3.7766,0.5664,0.3270;-5.1965,0.6875,0.5289;-5.6471,1.1318,-0.3714;-5.2994,1.3925,1.3672;-5.8400,-0.6511,0.8525;-5.3633,-1.1172,1.7295;-6.9092,-0.5067,1.0784;-5.7621,-1.3396,-0.0022;-1.0174,0.3825,-0.0027;-1.4474,0.6514,0.9671;0.4492,0.3279,-0.0594;1.1584,-0.0320,-1.2258;0.6157,-0.2887,-2.1377;2.5500,-0.0564,-1.2385;3.1021,-0.3109,-2.1456;3.2517,0.2753,-0.0737;5.0576,0.2713,-0.1033;5.5280,1.2147,0.9203;5.4798,0.3904,-1.5058;5.5075,-1.3899,0.4525;5.0980,-2.1309,-0.2465;6.6068,-1.4066,0.4334;5.1366,-1.5457,1.4740;2.5813,0.6486,1.0934;3.1520,0.9399,1.9779;1.1863,0.6650,1.0947;0.6513,0.9573,2.0025;</g>
	</geometry>
	<conformers/>
	<properties/>
</molecule>
