<?xml version="1.0" ?>
<!--MOLLI PACKAGE EXPERIMENTAL XML FORMAT-->
<molecule name="react_376">
	<atoms>
		<a id="1" s="H" t="H" l="H"/>
		<a id="2" s="C" t="C.2" l="C"/>
		<a id="3" s="H" t="H" l="H"/>
		<a id="4" s="C" t="C.2" l="C"/>
		<a id="5" s="C" t="C.ar" l="C"/>
		<a id="6" s="C" t="C.ar" l="C"/>
		<a id="7" s="H" t="H" l="H"/>
		<a id="8" s="C" t="C.ar" l="C"/>
		<a id="9" s="H" t="H" l="H"/>
		<a id="10" s="N" t="N.ar" l="N"/>
		<a id="11" s="C" t="C.ar" l="C"/>
		<a id="12" s="O" t="O.3" l="O"/>
		<a id="13" s="C" t="C.3" l="C"/>
		<a id="14" s="H" t="H" l="H"/>
		<a id="15" s="H" t="H" l="H"/>
		<a id="16" s="H" t="H" l="H"/>
		<a id="17" s="C" t="C.ar" l="C"/>
		<a id="18" s="C" t="C.3" l="C"/>
		<a id="19" s="H" t="H" l="H"/>
		<a id="20" s="H" t="H" l="H"/>
		<a id="21" s="O" t="O.3" l="O"/>
		<a id="22" s="Si" t="Si" l="SI"/>
		<a id="23" s="C" t="C.3" l="C"/>
		<a id="24" s="H" t="H" l="H"/>
		<a id="25" s="H" t="H" l="H"/>
		<a id="26" s="H" t="H" l="H"/>
		<a id="27" s="C" t="C.3" l="C"/>
		<a id="28" s="H" t="H" l="H"/>
		<a id="29" s="H" t="H" l="H"/>
		<a id="30" s="H" t="H" l="H"/>
		<a id="31" s="C" t="C.3" l="C"/>
		<a id="32" s="C" t="C.3" l="C"/>
		<a id="33" s="H" t="H" l="H"/>
		<a id="34" s="H" t="H" l="H"/>
		<a id="35" s="H" t="H" l="H"/>
		<a id="36" s="C" t="C.3" l="C"/>
		<a id="37" s="H" t="H" l="H"/>
		<a id="38" s="H" t="H" l="H"/>
		<a id="39" s="H" t="H" l="H"/>
		<a id="40" s="C" t="C.3" l="C"/>
		<a id="41" s="H" t="H" l="H"/>
		<a id="42" s="H" t="H" l="H"/>
		<a id="43" s="H" t="H" l="H"/>
		<a id="44" s="C" t="C.3" l="C"/>
		<a id="45" s="H" t="H" l="H"/>
		<a id="46" s="H" t="H" l="H"/>
		<a id="47" s="C" t="C.3" l="C"/>
		<a id="48" s="H" t="H" l="H"/>
		<a id="49" s="H" t="H" l="H"/>
		<a id="50" s="H" t="H" l="H"/>
	</atoms>
	<bonds>
		<b id="1" c="14 13" t="1"/>
		<b id="2" c="30 27" t="1"/>
		<b id="3" c="16 13" t="1"/>
		<b id="4" c="19 18" t="1"/>
		<b id="5" c="45 44" t="1"/>
		<b id="6" c="13 12" t="1"/>
		<b id="7" c="13 15" t="1"/>
		<b id="8" c="28 27" t="1"/>
		<b id="9" c="12 11" t="1"/>
		<b id="10" c="27 29" t="1"/>
		<b id="11" c="27 22" t="1"/>
		<b id="12" c="20 18" t="1"/>
		<b id="13" c="11 10" t="ar"/>
		<b id="14" c="11 17" t="ar"/>
		<b id="15" c="18 17" t="1"/>
		<b id="16" c="18 21" t="1"/>
		<b id="17" c="48 47" t="1"/>
		<b id="18" c="10 8" t="ar"/>
		<b id="19" c="17 5" t="ar"/>
		<b id="20" c="44 46" t="1"/>
		<b id="21" c="44 47" t="1"/>
		<b id="22" c="44 4" t="1"/>
		<b id="23" c="49 47" t="1"/>
		<b id="24" c="8 9" t="1"/>
		<b id="25" c="8 6" t="ar"/>
		<b id="26" c="25 23" t="1"/>
		<b id="27" c="47 50" t="1"/>
		<b id="28" c="5 6" t="ar"/>
		<b id="29" c="5 4" t="1"/>
		<b id="30" c="6 7" t="1"/>
		<b id="31" c="4 2" t="2"/>
		<b id="32" c="21 22" t="1"/>
		<b id="33" c="22 23" t="1"/>
		<b id="34" c="22 31" t="1"/>
		<b id="35" c="23 24" t="1"/>
		<b id="36" c="23 26" t="1"/>
		<b id="37" c="41 40" t="1"/>
		<b id="38" c="2 3" t="1"/>
		<b id="39" c="2 1" t="1"/>
		<b id="40" c="38 36" t="1"/>
		<b id="41" c="43 40" t="1"/>
		<b id="42" c="40 31" t="1"/>
		<b id="43" c="40 42" t="1"/>
		<b id="44" c="31 36" t="1"/>
		<b id="45" c="31 32" t="1"/>
		<b id="46" c="36 39" t="1"/>
		<b id="47" c="36 37" t="1"/>
		<b id="48" c="35 32" t="1"/>
		<b id="49" c="32 33" t="1"/>
		<b id="50" c="32 34" t="1"/>
	</bonds>
	<geometry>
		<g u="A" t="cart/3d">#50,3:-1.4540,-1.3831,1.3917;-2.3078,-1.8550,0.9003;-2.5395,-2.8853,1.1811;-3.0344,-1.1917,-0.0137;-2.7108,0.2289,-0.3595;-3.7166,1.2155,-0.2345;-4.7154,0.9524,0.1185;-3.4136,2.5364,-0.5281;-4.1760,3.3176,-0.4237;-2.2040,2.9371,-0.9409;-1.2618,2.0179,-1.0680;-0.0347,2.4027,-1.4835;0.1661,3.7782,-1.7806;-0.5029,4.1155,-2.5882;-0.0216,4.4096,-0.8982;1.2147,3.8684,-2.0949;-1.4421,0.6317,-0.8099;-0.2780,-0.3084,-1.0133;0.2846,0.0219,-1.9026;-0.6553,-1.3263,-1.2072;0.5615,-0.3118,0.1303;2.2110,-0.6666,0.2083;2.4365,-2.5333,0.3995;3.5023,-2.8130,0.4498;1.9963,-3.0632,-0.4623;1.9429,-2.9112,1.3095;3.0582,-0.0943,-1.3818;2.7841,0.9441,-1.6276;4.1559,-0.1459,-1.2879;2.7745,-0.7296,-2.2375;2.8398,0.2902,1.7461;1.9764,-0.0773,2.9709;2.0348,-1.1519,3.2131;2.3203,0.4774,3.8637;0.9167,0.1733,2.8068;4.3131,-0.0678,2.0316;4.6857,0.5023,2.9026;4.9739,0.1732,1.1814;4.4437,-1.1379,2.2639;2.7212,1.8058,1.4814;3.3794,2.1327,0.6591;3.0128,2.3786,2.3811;1.6905,2.0921,1.2182;-4.2202,-1.7953,-0.7470;-4.0196,-1.7137,-1.8322;-5.1039,-1.1519,-0.5836;-4.5735,-3.2388,-0.3974;-5.4367,-3.5784,-0.9914;-3.7364,-3.9249,-0.6048;-4.8379,-3.3464,0.6671;</g>
	</geometry>
	<conformers/>
	<properties/>
</molecule>
