<?xml version="1.0" ?>
<!--MOLLI PACKAGE EXPERIMENTAL XML FORMAT-->
<molecule name="react_377">
	<atoms>
		<a id="1" s="H" t="H" l="H"/>
		<a id="2" s="C" t="C.2" l="C"/>
		<a id="3" s="C" t="C.2" l="C"/>
		<a id="4" s="O" t="O.2" l="O"/>
		<a id="5" s="O" t="O.3" l="O"/>
		<a id="6" s="C" t="C.3" l="C"/>
		<a id="7" s="H" t="H" l="H"/>
		<a id="8" s="H" t="H" l="H"/>
		<a id="9" s="H" t="H" l="H"/>
		<a id="10" s="C" t="C.2" l="C"/>
		<a id="11" s="H" t="H" l="H"/>
		<a id="12" s="C" t="C.3" l="C"/>
		<a id="13" s="H" t="H" l="H"/>
		<a id="14" s="H" t="H" l="H"/>
		<a id="15" s="H" t="H" l="H"/>
	</atoms>
	<bonds>
		<b id="1" c="7 6" t="1"/>
		<b id="2" c="13 12" t="1"/>
		<b id="3" c="1 2" t="1"/>
		<b id="4" c="8 6" t="1"/>
		<b id="5" c="14 12" t="1"/>
		<b id="6" c="5 6" t="1"/>
		<b id="7" c="5 3" t="1"/>
		<b id="8" c="6 9" t="1"/>
		<b id="9" c="2 3" t="1"/>
		<b id="10" c="2 10" t="2"/>
		<b id="11" c="12 10" t="1"/>
		<b id="12" c="12 15" t="1"/>
		<b id="13" c="3 4" t="2"/>
		<b id="14" c="10 11" t="1"/>
	</bonds>
	<geometry>
		<g u="A" t="cart/3d">#15,3:-0.4757,-1.3996,-0.4283;-0.4884,-0.3578,-0.0947;0.8244,0.3125,0.0667;1.0018,1.4559,0.4234;1.8357,-0.5290,-0.2420;3.1528,0.0026,-0.1261;3.2871,0.8716,-0.7893;3.8374,-0.8052,-0.4150;3.3581,0.3252,0.9069;-1.6325,0.2950,0.1600;-1.5462,1.3381,0.4903;-3.0076,-0.2755,0.0331;-3.6114,0.3162,-0.6778;-2.9953,-1.3222,-0.3068;-3.5402,-0.2278,0.9997;</g>
	</geometry>
	<conformers/>
	<properties/>
</molecule>
