<?xml version="1.0" ?>
<!--MOLLI PACKAGE EXPERIMENTAL XML FORMAT-->
<molecule name="react_378">
	<atoms>
		<a id="1" s="H" t="H" l="H"/>
		<a id="2" s="C" t="C.2" l="C"/>
		<a id="3" s="C" t="C.2" l="C"/>
		<a id="4" s="O" t="O.2" l="O"/>
		<a id="5" s="O" t="O.3" l="O"/>
		<a id="6" s="C" t="C.3" l="C"/>
		<a id="7" s="H" t="H" l="H"/>
		<a id="8" s="H" t="H" l="H"/>
		<a id="9" s="C" t="C.3" l="C"/>
		<a id="10" s="H" t="H" l="H"/>
		<a id="11" s="H" t="H" l="H"/>
		<a id="12" s="C" t="C.3" l="C"/>
		<a id="13" s="H" t="H" l="H"/>
		<a id="14" s="H" t="H" l="H"/>
		<a id="15" s="C" t="C.3" l="C"/>
		<a id="16" s="H" t="H" l="H"/>
		<a id="17" s="H" t="H" l="H"/>
		<a id="18" s="C" t="C.3" l="C"/>
		<a id="19" s="H" t="H" l="H"/>
		<a id="20" s="H" t="H" l="H"/>
		<a id="21" s="C" t="C.3" l="C"/>
		<a id="22" s="H" t="H" l="H"/>
		<a id="23" s="H" t="H" l="H"/>
		<a id="24" s="H" t="H" l="H"/>
		<a id="25" s="C" t="C.2" l="C"/>
		<a id="26" s="H" t="H" l="H"/>
		<a id="27" s="C" t="C.3" l="C"/>
		<a id="28" s="H" t="H" l="H"/>
		<a id="29" s="H" t="H" l="H"/>
		<a id="30" s="H" t="H" l="H"/>
	</atoms>
	<bonds>
		<b id="1" c="8 6" t="1"/>
		<b id="2" c="4 3" t="2"/>
		<b id="3" c="7 6" t="1"/>
		<b id="4" c="23 21" t="1"/>
		<b id="5" c="6 5" t="1"/>
		<b id="6" c="6 9" t="1"/>
		<b id="7" c="24 21" t="1"/>
		<b id="8" c="22 21" t="1"/>
		<b id="9" c="3 5" t="1"/>
		<b id="10" c="3 2" t="1"/>
		<b id="11" c="11 9" t="1"/>
		<b id="12" c="21 18" t="1"/>
		<b id="13" c="1 2" t="1"/>
		<b id="14" c="9 10" t="1"/>
		<b id="15" c="9 12" t="1"/>
		<b id="16" c="2 25" t="2"/>
		<b id="17" c="25 26" t="1"/>
		<b id="18" c="25 27" t="1"/>
		<b id="19" c="28 27" t="1"/>
		<b id="20" c="16 15" t="1"/>
		<b id="21" c="18 20" t="1"/>
		<b id="22" c="18 15" t="1"/>
		<b id="23" c="18 19" t="1"/>
		<b id="24" c="29 27" t="1"/>
		<b id="25" c="27 30" t="1"/>
		<b id="26" c="12 15" t="1"/>
		<b id="27" c="12 14" t="1"/>
		<b id="28" c="12 13" t="1"/>
		<b id="29" c="15 17" t="1"/>
	</bonds>
	<geometry>
		<g u="A" t="cart/3d">#30,3:4.2410,1.1819,-0.7019;3.3963,0.5033,-0.5488;2.1391,0.9764,-1.1763;2.0565,2.0056,-1.8093;1.0959,0.1389,-0.9757;-0.1690,0.5004,-1.5562;-0.6737,-0.4578,-1.7482;0.0101,1.0077,-2.5157;-0.9939,1.3946,-0.6345;-0.4789,2.3660,-0.5488;-1.9472,1.6064,-1.1490;-1.2447,0.8389,0.7769;-1.8128,1.5968,1.3463;-0.2688,0.7545,1.2855;-1.9650,-0.5153,0.9137;-1.3991,-1.3038,0.3834;-1.9088,-0.7922,1.9810;-3.4459,-0.5751,0.4903;-3.9235,-1.4066,1.0384;-3.9603,0.3399,0.8393;-3.7184,-0.7832,-1.0040;-4.7983,-0.8930,-1.1966;-3.3632,0.0556,-1.6220;-3.2248,-1.6989,-1.3727;3.5298,-0.6405,0.1411;2.6438,-1.2756,0.2556;4.7984,-1.1236,0.7690;5.0827,-2.1114,0.3646;5.6344,-0.4269,0.6051;4.6681,-1.2632,1.8571;</g>
	</geometry>
	<conformers/>
	<properties/>
</molecule>
