<?xml version="1.0" ?>
<!--MOLLI PACKAGE EXPERIMENTAL XML FORMAT-->
<molecule name="react_379">
	<atoms>
		<a id="1" s="H" t="H" l="H"/>
		<a id="2" s="C" t="C.2" l="C"/>
		<a id="3" s="C" t="C.2" l="C"/>
		<a id="4" s="O" t="O.2" l="O"/>
		<a id="5" s="O" t="O.3" l="O"/>
		<a id="6" s="C" t="C.3" l="C"/>
		<a id="7" s="H" t="H" l="H"/>
		<a id="8" s="H" t="H" l="H"/>
		<a id="9" s="C" t="C.3" l="C"/>
		<a id="10" s="H" t="H" l="H"/>
		<a id="11" s="H" t="H" l="H"/>
		<a id="12" s="H" t="H" l="H"/>
		<a id="13" s="C" t="C.2" l="C"/>
		<a id="14" s="H" t="H" l="H"/>
		<a id="15" s="C" t="C.ar" l="C"/>
		<a id="16" s="S" t="S.2" l="S"/>
		<a id="17" s="C" t="C.ar" l="C"/>
		<a id="18" s="C" t="C.ar" l="C"/>
		<a id="19" s="C" t="C.ar" l="C"/>
		<a id="20" s="H" t="H" l="H"/>
		<a id="21" s="C" t="C.ar" l="C"/>
		<a id="22" s="H" t="H" l="H"/>
		<a id="23" s="C" t="C.ar" l="C"/>
		<a id="24" s="H" t="H" l="H"/>
		<a id="25" s="C" t="C.ar" l="C"/>
		<a id="26" s="H" t="H" l="H"/>
		<a id="27" s="C" t="C.ar" l="C"/>
		<a id="28" s="H" t="H" l="H"/>
		<a id="29" s="C" t="C.ar" l="C"/>
		<a id="30" s="H" t="H" l="H"/>
		<a id="31" s="C" t="C.ar" l="C"/>
		<a id="32" s="H" t="H" l="H"/>
	</atoms>
	<bonds>
		<b id="1" c="30 29" t="1"/>
		<b id="2" c="10 9" t="1"/>
		<b id="3" c="32 31" t="1"/>
		<b id="4" c="29 31" t="ar"/>
		<b id="5" c="29 17" t="ar"/>
		<b id="6" c="31 15" t="ar"/>
		<b id="7" c="14 13" t="1"/>
		<b id="8" c="17 18" t="1"/>
		<b id="9" c="17 16" t="ar"/>
		<b id="10" c="20 19" t="1"/>
		<b id="11" c="19 18" t="ar"/>
		<b id="12" c="19 21" t="ar"/>
		<b id="13" c="18 27" t="ar"/>
		<b id="14" c="15 13" t="1"/>
		<b id="15" c="15 16" t="ar"/>
		<b id="16" c="9 11" t="1"/>
		<b id="17" c="9 12" t="1"/>
		<b id="18" c="9 6" t="1"/>
		<b id="19" c="22 21" t="1"/>
		<b id="20" c="21 23" t="ar"/>
		<b id="21" c="8 6" t="1"/>
		<b id="22" c="27 28" t="1"/>
		<b id="23" c="27 25" t="ar"/>
		<b id="24" c="23 25" t="ar"/>
		<b id="25" c="23 24" t="1"/>
		<b id="26" c="13 2" t="2"/>
		<b id="27" c="25 26" t="1"/>
		<b id="28" c="5 6" t="1"/>
		<b id="29" c="5 3" t="1"/>
		<b id="30" c="6 7" t="1"/>
		<b id="31" c="2 3" t="1"/>
		<b id="32" c="2 1" t="1"/>
		<b id="33" c="3 4" t="2"/>
	</bonds>
	<geometry>
		<g u="A" t="cart/3d">#32,3:1.4552,-1.9831,0.8412;2.1351,-1.2055,0.4824;3.5615,-1.5445,0.6515;3.9537,-2.5808,1.1426;4.3983,-0.5805,0.2019;5.8035,-0.8368,0.3368;6.0382,-1.0055,1.4012;6.0522,-1.7706,-0.1946;6.5555,0.3520,-0.2266;6.3155,0.5033,-1.2909;7.6411,0.1874,-0.1382;6.3018,1.2750,0.3184;1.6813,-0.0526,-0.0609;2.4217,0.6799,-0.3981;0.3053,0.3398,-0.2548;-1.0574,-0.6512,0.2162;-2.2111,0.5270,-0.3639;-3.6576,0.2900,-0.2627;-4.5623,1.3725,-0.2816;-4.1812,2.3944,-0.3404;-5.9380,1.1575,-0.1993;-6.6190,2.0127,-0.2125;-6.4459,-0.1415,-0.0873;-7.5240,-0.3080,-0.0195;-5.5616,-1.2246,-0.0601;-5.9459,-2.2445,0.0240;-4.1854,-1.0128,-0.1497;-3.5089,-1.8715,-0.1492;-1.5515,1.6295,-0.8832;-2.0741,2.4810,-1.3206;-0.1414,1.5236,-0.8228;0.5452,2.2884,-1.1915;</g>
	</geometry>
	<conformers/>
	<properties/>
</molecule>
