<?xml version="1.0" ?>
<!--MOLLI PACKAGE EXPERIMENTAL XML FORMAT-->
<molecule name="react_380">
	<atoms>
		<a id="1" s="H" t="H" l="H"/>
		<a id="2" s="C" t="C.2" l="C"/>
		<a id="3" s="C" t="C.2" l="C"/>
		<a id="4" s="O" t="O.2" l="O"/>
		<a id="5" s="O" t="O.3" l="O"/>
		<a id="6" s="C" t="C.3" l="C"/>
		<a id="7" s="H" t="H" l="H"/>
		<a id="8" s="H" t="H" l="H"/>
		<a id="9" s="C" t="C.3" l="C"/>
		<a id="10" s="H" t="H" l="H"/>
		<a id="11" s="H" t="H" l="H"/>
		<a id="12" s="H" t="H" l="H"/>
		<a id="13" s="C" t="C.2" l="C"/>
		<a id="14" s="H" t="H" l="H"/>
		<a id="15" s="C" t="C.3" l="C"/>
		<a id="16" s="H" t="H" l="H"/>
		<a id="17" s="H" t="H" l="H"/>
		<a id="18" s="C" t="C.ar" l="C"/>
		<a id="19" s="S" t="S.2" l="S"/>
		<a id="20" s="C" t="C.ar" l="C"/>
		<a id="21" s="H" t="H" l="H"/>
		<a id="22" s="C" t="C.ar" l="C"/>
		<a id="23" s="H" t="H" l="H"/>
		<a id="24" s="C" t="C.ar" l="C"/>
		<a id="25" s="H" t="H" l="H"/>
	</atoms>
	<bonds>
		<b id="1" c="25 24" t="1"/>
		<b id="2" c="11 9" t="1"/>
		<b id="3" c="14 13" t="1"/>
		<b id="4" c="16 15" t="1"/>
		<b id="5" c="4 3" t="2"/>
		<b id="6" c="24 22" t="ar"/>
		<b id="7" c="24 18" t="ar"/>
		<b id="8" c="10 9" t="1"/>
		<b id="9" c="23 22" t="1"/>
		<b id="10" c="9 12" t="1"/>
		<b id="11" c="9 6" t="1"/>
		<b id="12" c="13 15" t="1"/>
		<b id="13" c="13 2" t="2"/>
		<b id="14" c="15 18" t="1"/>
		<b id="15" c="15 17" t="1"/>
		<b id="16" c="22 20" t="ar"/>
		<b id="17" c="3 2" t="1"/>
		<b id="18" c="3 5" t="1"/>
		<b id="19" c="18 19" t="ar"/>
		<b id="20" c="2 1" t="1"/>
		<b id="21" c="8 6" t="1"/>
		<b id="22" c="6 5" t="1"/>
		<b id="23" c="6 7" t="1"/>
		<b id="24" c="20 19" t="ar"/>
		<b id="25" c="20 21" t="1"/>
	</bonds>
	<geometry>
		<g u="A" t="cart/3d">#25,3:0.8180,-1.3041,1.2189;0.6892,-0.5943,0.3965;1.8517,0.2671,0.0624;1.8769,1.1086,-0.8081;2.8982,-0.0076,0.8706;4.1016,0.7546,0.6745;4.6066,0.7370,1.6519;3.8311,1.7927,0.4281;4.9810,0.1536,-0.4108;5.9284,0.7128,-0.4784;4.4822,0.2064,-1.3900;5.2174,-0.8991,-0.1883;-0.4607,-0.4947,-0.2860;-0.5153,0.2473,-1.0915;-1.6933,-1.3176,-0.0282;-1.8974,-1.9415,-0.9170;-1.5099,-2.0121,0.8101;-2.9298,-0.4906,0.2201;-3.0191,0.6235,1.5618;-4.6263,1.1049,1.1336;-5.1515,1.8495,1.7309;-5.0694,0.4462,0.0157;-6.0558,0.6037,-0.4244;-4.0978,-0.4635,-0.5053;-4.2563,-1.0826,-1.3911;</g>
	</geometry>
	<conformers/>
	<properties/>
</molecule>
