<?xml version="1.0" ?>
<!--MOLLI PACKAGE EXPERIMENTAL XML FORMAT-->
<molecule name="react_381">
	<atoms>
		<a id="1" s="H" t="H" l="H"/>
		<a id="2" s="C" t="C.2" l="C"/>
		<a id="3" s="C" t="C.2" l="C"/>
		<a id="4" s="O" t="O.2" l="O"/>
		<a id="5" s="O" t="O.3" l="O"/>
		<a id="6" s="C" t="C.3" l="C"/>
		<a id="7" s="H" t="H" l="H"/>
		<a id="8" s="H" t="H" l="H"/>
		<a id="9" s="C" t="C.3" l="C"/>
		<a id="10" s="H" t="H" l="H"/>
		<a id="11" s="H" t="H" l="H"/>
		<a id="12" s="H" t="H" l="H"/>
		<a id="13" s="C" t="C.2" l="C"/>
		<a id="14" s="H" t="H" l="H"/>
		<a id="15" s="C" t="C.3" l="C"/>
		<a id="16" s="H" t="H" l="H"/>
		<a id="17" s="H" t="H" l="H"/>
		<a id="18" s="C" t="C.ar" l="C"/>
		<a id="19" s="S" t="S.2" l="S"/>
		<a id="20" s="C" t="C.ar" l="C"/>
		<a id="21" s="H" t="H" l="H"/>
		<a id="22" s="C" t="C.ar" l="C"/>
		<a id="23" s="C" t="C.ar" l="C"/>
		<a id="24" s="C" t="C.ar" l="C"/>
		<a id="25" s="H" t="H" l="H"/>
		<a id="26" s="C" t="C.ar" l="C"/>
		<a id="27" s="H" t="H" l="H"/>
		<a id="28" s="C" t="C.ar" l="C"/>
		<a id="29" s="H" t="H" l="H"/>
		<a id="30" s="C" t="C.ar" l="C"/>
		<a id="31" s="H" t="H" l="H"/>
		<a id="32" s="C" t="C.ar" l="C"/>
		<a id="33" s="H" t="H" l="H"/>
		<a id="34" s="C" t="C.ar" l="C"/>
		<a id="35" s="H" t="H" l="H"/>
	</atoms>
	<bonds>
		<b id="1" c="12 9" t="1"/>
		<b id="2" c="10 9" t="1"/>
		<b id="3" c="1 2" t="1"/>
		<b id="4" c="16 15" t="1"/>
		<b id="5" c="9 11" t="1"/>
		<b id="6" c="9 6" t="1"/>
		<b id="7" c="5 6" t="1"/>
		<b id="8" c="5 3" t="1"/>
		<b id="9" c="2 3" t="1"/>
		<b id="10" c="2 13" t="2"/>
		<b id="11" c="33 32" t="1"/>
		<b id="12" c="15 18" t="1"/>
		<b id="13" c="15 17" t="1"/>
		<b id="14" c="15 13" t="1"/>
		<b id="15" c="35 34" t="1"/>
		<b id="16" c="31 30" t="1"/>
		<b id="17" c="6 8" t="1"/>
		<b id="18" c="6 7" t="1"/>
		<b id="19" c="32 30" t="ar"/>
		<b id="20" c="32 23" t="ar"/>
		<b id="21" c="34 18" t="ar"/>
		<b id="22" c="34 22" t="ar"/>
		<b id="23" c="18 19" t="ar"/>
		<b id="24" c="30 28" t="ar"/>
		<b id="25" c="3 4" t="2"/>
		<b id="26" c="22 23" t="1"/>
		<b id="27" c="22 20" t="ar"/>
		<b id="28" c="13 14" t="1"/>
		<b id="29" c="23 24" t="ar"/>
		<b id="30" c="28 29" t="1"/>
		<b id="31" c="28 26" t="ar"/>
		<b id="32" c="19 20" t="ar"/>
		<b id="33" c="20 21" t="1"/>
		<b id="34" c="24 26" t="ar"/>
		<b id="35" c="24 25" t="1"/>
		<b id="36" c="26 27" t="1"/>
	</bonds>
	<geometry>
		<g u="A" t="cart/3d">#35,3:-2.7448,-0.9494,-1.4711;-2.6577,-0.8723,-0.3834;-3.5667,0.0842,0.2991;-3.5828,0.3183,1.4868;-4.3983,0.6705,-0.5860;-5.3464,1.6094,-0.0532;-5.9144,1.1249,0.7579;-4.7985,2.4502,0.4052;-6.2437,2.0674,-1.1843;-6.7895,1.2174,-1.6228;-6.9814,2.7946,-0.8098;-5.6588,2.5506,-1.9825;-1.7868,-1.6157,0.3149;-1.7541,-1.4781,1.4023;-0.8484,-2.6265,-0.2794;-0.9949,-2.6765,-1.3730;-1.1093,-3.6255,0.1144;0.6012,-2.3419,0.0393;1.6912,-3.6336,0.4622;3.0317,-2.5500,0.5666;4.0117,-2.9225,0.8612;2.6725,-1.2441,0.3002;3.6068,-0.0962,0.3257;3.1603,1.1910,0.6831;2.1134,1.3396,0.9580;4.0430,2.2728,0.7186;3.6746,3.2619,1.0043;5.3925,2.0934,0.4001;6.0827,2.9407,0.4281;5.8508,0.8217,0.0411;6.9022,0.6716,-0.2190;4.9678,-0.2587,-0.0001;5.3299,-1.2419,-0.3108;1.2680,-1.1427,0.0012;0.7762,-0.2048,-0.2615;</g>
	</geometry>
	<conformers/>
	<properties/>
</molecule>
