<?xml version="1.0" ?>
<!--MOLLI PACKAGE EXPERIMENTAL XML FORMAT-->
<molecule name="react_184">
	<atoms>
		<a id="1" s="H" t="H" l="H"/>
		<a id="2" s="C" t="C.2" l="C"/>
		<a id="3" s="H" t="H" l="H"/>
		<a id="4" s="C" t="C.2" l="C"/>
		<a id="5" s="H" t="H" l="H"/>
		<a id="6" s="C" t="C.3" l="C"/>
		<a id="7" s="H" t="H" l="H"/>
		<a id="8" s="H" t="H" l="H"/>
		<a id="9" s="H" t="H" l="H"/>
	</atoms>
	<bonds>
		<b id="1" c="5 4" t="1"/>
		<b id="2" c="7 6" t="1"/>
		<b id="3" c="4 6" t="1"/>
		<b id="4" c="4 2" t="2"/>
		<b id="5" c="3 2" t="1"/>
		<b id="6" c="6 8" t="1"/>
		<b id="7" c="6 9" t="1"/>
		<b id="8" c="2 1" t="1"/>
	</bonds>
	<geometry>
		<g u="A" t="cart/3d">#9,3:-1.4661,0.3187,1.1750;-1.3438,-0.2873,0.2702;-2.2191,-0.8470,-0.0724;-0.1796,-0.3404,-0.3838;-0.1128,-0.9641,-1.2859;1.0743,0.3874,0.0036;1.4099,1.0609,-0.8052;1.9050,-0.3181,0.1839;0.9322,0.9898,0.9146;</g>
	</geometry>
	<conformers/>
	<properties/>
</molecule>
