<?xml version="1.0" ?>
<!--MOLLI PACKAGE EXPERIMENTAL XML FORMAT-->
<molecule name="react_382">
	<atoms>
		<a id="1" s="H" t="H" l="H"/>
		<a id="2" s="C" t="C.2" l="C"/>
		<a id="3" s="C" t="C.2" l="C"/>
		<a id="4" s="O" t="O.2" l="O"/>
		<a id="5" s="O" t="O.3" l="O"/>
		<a id="6" s="C" t="C.3" l="C"/>
		<a id="7" s="H" t="H" l="H"/>
		<a id="8" s="H" t="H" l="H"/>
		<a id="9" s="C" t="C.3" l="C"/>
		<a id="10" s="H" t="H" l="H"/>
		<a id="11" s="H" t="H" l="H"/>
		<a id="12" s="H" t="H" l="H"/>
		<a id="13" s="C" t="C.2" l="C"/>
		<a id="14" s="H" t="H" l="H"/>
		<a id="15" s="C" t="C.3" l="C"/>
		<a id="16" s="H" t="H" l="H"/>
		<a id="17" s="H" t="H" l="H"/>
		<a id="18" s="C" t="C.ar" l="C"/>
		<a id="19" s="S" t="S.2" l="S"/>
		<a id="20" s="C" t="C.ar" l="C"/>
		<a id="21" s="C" t="C.ar" l="C"/>
		<a id="22" s="H" t="H" l="H"/>
		<a id="23" s="C" t="C.ar" l="C"/>
		<a id="24" s="H" t="H" l="H"/>
		<a id="25" s="C" t="C.ar" l="C"/>
		<a id="26" s="H" t="H" l="H"/>
		<a id="27" s="C" t="C.ar" l="C"/>
		<a id="28" s="H" t="H" l="H"/>
		<a id="29" s="C" t="C.ar" l="C"/>
		<a id="30" s="C" t="C.ar" l="C"/>
		<a id="31" s="H" t="H" l="H"/>
	</atoms>
	<bonds>
		<b id="1" c="22 21" t="1"/>
		<b id="2" c="19 20" t="ar"/>
		<b id="3" c="19 18" t="ar"/>
		<b id="4" c="21 20" t="ar"/>
		<b id="5" c="21 23" t="ar"/>
		<b id="6" c="14 13" t="1"/>
		<b id="7" c="24 23" t="1"/>
		<b id="8" c="4 3" t="2"/>
		<b id="9" c="10 9" t="1"/>
		<b id="10" c="20 29" t="ar"/>
		<b id="11" c="23 25" t="ar"/>
		<b id="12" c="16 15" t="1"/>
		<b id="13" c="13 15" t="1"/>
		<b id="14" c="13 2" t="2"/>
		<b id="15" c="12 9" t="1"/>
		<b id="16" c="18 15" t="1"/>
		<b id="17" c="18 30" t="ar"/>
		<b id="18" c="9 11" t="1"/>
		<b id="19" c="9 6" t="1"/>
		<b id="20" c="3 2" t="1"/>
		<b id="21" c="3 5" t="1"/>
		<b id="22" c="7 6" t="1"/>
		<b id="23" c="15 17" t="1"/>
		<b id="24" c="2 1" t="1"/>
		<b id="25" c="29 30" t="ar"/>
		<b id="26" c="29 27" t="ar"/>
		<b id="27" c="25 26" t="1"/>
		<b id="28" c="25 27" t="ar"/>
		<b id="29" c="6 5" t="1"/>
		<b id="30" c="6 8" t="1"/>
		<b id="31" c="30 31" t="1"/>
		<b id="32" c="27 28" t="1"/>
	</bonds>
	<geometry>
		<g u="A" t="cart/3d">#31,3:-1.9943,1.3228,1.4044;-1.9438,0.9223,0.3877;-3.1183,0.1476,-0.0880;-3.2318,-0.3586,-1.1819;-4.0619,0.0745,0.8756;-5.2682,-0.6452,0.5684;-5.0170,-1.5164,-0.0554;-5.6416,-0.9960,1.5421;-6.2902,0.2410,-0.1265;-5.9217,0.5610,-1.1127;-6.5120,1.1352,0.4776;-7.2300,-0.3151,-0.2763;-0.8778,1.1142,-0.4021;-0.8995,0.6721,-1.4055;0.3565,1.8851,-0.0122;0.4364,2.7784,-0.6596;0.2625,2.2500,1.0227;1.6220,1.0708,-0.1292;2.4101,0.8697,-1.6916;3.6419,-0.1627,-0.9902;4.7181,-0.7710,-1.6501;4.8672,-0.6340,-2.7239;5.5942,-1.5571,-0.9044;6.4391,-2.0408,-1.4014;5.4031,-1.7352,0.4804;6.1030,-2.3569,1.0448;4.3353,-1.1298,1.1345;4.1901,-1.2715,2.2090;3.4323,-0.3293,0.4051;2.2680,0.3875,0.8605;1.9286,0.3877,1.8987;</g>
	</geometry>
	<conformers/>
	<properties/>
</molecule>
