<?xml version="1.0" ?>
<!--MOLLI PACKAGE EXPERIMENTAL XML FORMAT-->
<molecule name="react_383">
	<atoms>
		<a id="1" s="H" t="H" l="H"/>
		<a id="2" s="C" t="C.2" l="C"/>
		<a id="3" s="C" t="C.2" l="C"/>
		<a id="4" s="O" t="O.2" l="O"/>
		<a id="5" s="O" t="O.3" l="O"/>
		<a id="6" s="C" t="C.3" l="C"/>
		<a id="7" s="H" t="H" l="H"/>
		<a id="8" s="H" t="H" l="H"/>
		<a id="9" s="C" t="C.3" l="C"/>
		<a id="10" s="H" t="H" l="H"/>
		<a id="11" s="H" t="H" l="H"/>
		<a id="12" s="H" t="H" l="H"/>
		<a id="13" s="C" t="C.2" l="C"/>
		<a id="14" s="H" t="H" l="H"/>
		<a id="15" s="C" t="C.3" l="C"/>
		<a id="16" s="H" t="H" l="H"/>
		<a id="17" s="H" t="H" l="H"/>
		<a id="18" s="C" t="C.ar" l="C"/>
		<a id="19" s="C" t="C.ar" l="C"/>
		<a id="20" s="H" t="H" l="H"/>
		<a id="21" s="S" t="S.2" l="S"/>
		<a id="22" s="C" t="C.ar" l="C"/>
		<a id="23" s="C" t="C.ar" l="C"/>
		<a id="24" s="H" t="H" l="H"/>
		<a id="25" s="C" t="C.ar" l="C"/>
		<a id="26" s="H" t="H" l="H"/>
		<a id="27" s="C" t="C.ar" l="C"/>
		<a id="28" s="H" t="H" l="H"/>
		<a id="29" s="C" t="C.ar" l="C"/>
		<a id="30" s="H" t="H" l="H"/>
		<a id="31" s="C" t="C.ar" l="C"/>
	</atoms>
	<bonds>
		<b id="1" c="20 19" t="1"/>
		<b id="2" c="16 15" t="1"/>
		<b id="3" c="19 21" t="ar"/>
		<b id="4" c="19 18" t="ar"/>
		<b id="5" c="1 2" t="1"/>
		<b id="6" c="21 22" t="ar"/>
		<b id="7" c="15 18" t="1"/>
		<b id="8" c="15 17" t="1"/>
		<b id="9" c="15 13" t="1"/>
		<b id="10" c="18 31" t="ar"/>
		<b id="11" c="2 13" t="2"/>
		<b id="12" c="2 3" t="1"/>
		<b id="13" c="12 9" t="1"/>
		<b id="14" c="5 3" t="1"/>
		<b id="15" c="5 6" t="1"/>
		<b id="16" c="13 14" t="1"/>
		<b id="17" c="22 31" t="ar"/>
		<b id="18" c="22 23" t="ar"/>
		<b id="19" c="7 6" t="1"/>
		<b id="20" c="31 29" t="ar"/>
		<b id="21" c="3 4" t="2"/>
		<b id="22" c="6 9" t="1"/>
		<b id="23" c="6 8" t="1"/>
		<b id="24" c="24 23" t="1"/>
		<b id="25" c="9 11" t="1"/>
		<b id="26" c="9 10" t="1"/>
		<b id="27" c="23 25" t="ar"/>
		<b id="28" c="29 30" t="1"/>
		<b id="29" c="29 27" t="ar"/>
		<b id="30" c="25 27" t="ar"/>
		<b id="31" c="25 26" t="1"/>
		<b id="32" c="27 28" t="1"/>
	</bonds>
	<geometry>
		<g u="A" t="cart/3d">#31,3:2.0029,-0.9193,-1.8564;1.7178,-0.7765,-0.8099;2.8075,-0.4473,0.1433;2.6725,-0.2689,1.3333;3.9956,-0.3755,-0.4959;5.1539,-0.0572,0.2944;5.9977,-0.5040,-0.2523;5.0625,-0.5452,1.2767;5.3337,1.4446,0.4519;4.5041,1.8779,1.0304;6.2729,1.6557,0.9890;5.3794,1.9411,-0.5303;0.4480,-0.8901,-0.3937;0.2492,-0.7212,0.6717;-0.7235,-1.2262,-1.2771;-0.3850,-1.3382,-2.3188;-1.1252,-2.2102,-0.9692;-1.8378,-0.2037,-1.2039;-2.0324,0.7839,-2.1274;-1.4424,0.9626,-3.0269;-3.3807,1.8330,-1.7740;-3.7318,0.9345,-0.3116;-4.7663,1.1794,0.6023;-5.4627,2.0075,0.4496;-4.8861,0.3430,1.7091;-5.6858,0.5186,2.4333;-3.9884,-0.7256,1.9045;-4.1006,-1.3698,2.7804;-2.9624,-0.9676,0.9973;-2.2719,-1.7991,1.1615;-2.8150,-0.1362,-0.1334;</g>
	</geometry>
	<conformers/>
	<properties/>
</molecule>
