<?xml version="1.0" ?>
<!--MOLLI PACKAGE EXPERIMENTAL XML FORMAT-->
<molecule name="react_384">
	<atoms>
		<a id="1" s="H" t="H" l="H"/>
		<a id="2" s="C" t="C.2" l="C"/>
		<a id="3" s="C" t="C.2" l="C"/>
		<a id="4" s="O" t="O.2" l="O"/>
		<a id="5" s="O" t="O.3" l="O"/>
		<a id="6" s="C" t="C.3" l="C"/>
		<a id="7" s="H" t="H" l="H"/>
		<a id="8" s="H" t="H" l="H"/>
		<a id="9" s="C" t="C.3" l="C"/>
		<a id="10" s="H" t="H" l="H"/>
		<a id="11" s="H" t="H" l="H"/>
		<a id="12" s="H" t="H" l="H"/>
		<a id="13" s="C" t="C.2" l="C"/>
		<a id="14" s="H" t="H" l="H"/>
		<a id="15" s="C" t="C.ar" l="C"/>
		<a id="16" s="S" t="S.2" l="S"/>
		<a id="17" s="C" t="C.ar" l="C"/>
		<a id="18" s="H" t="H" l="H"/>
		<a id="19" s="C" t="C.ar" l="C"/>
		<a id="20" s="C" t="C.ar" l="C"/>
		<a id="21" s="C" t="C.ar" l="C"/>
		<a id="22" s="H" t="H" l="H"/>
		<a id="23" s="C" t="C.ar" l="C"/>
		<a id="24" s="H" t="H" l="H"/>
		<a id="25" s="C" t="C.ar" l="C"/>
		<a id="26" s="H" t="H" l="H"/>
		<a id="27" s="C" t="C.ar" l="C"/>
		<a id="28" s="H" t="H" l="H"/>
		<a id="29" s="C" t="C.ar" l="C"/>
		<a id="30" s="H" t="H" l="H"/>
		<a id="31" s="C" t="C.ar" l="C"/>
		<a id="32" s="H" t="H" l="H"/>
	</atoms>
	<bonds>
		<b id="1" c="7 6" t="1"/>
		<b id="2" c="22 21" t="1"/>
		<b id="3" c="8 6" t="1"/>
		<b id="4" c="24 23" t="1"/>
		<b id="5" c="4 3" t="2"/>
		<b id="6" c="1 2" t="1"/>
		<b id="7" c="3 2" t="1"/>
		<b id="8" c="3 5" t="1"/>
		<b id="9" c="6 5" t="1"/>
		<b id="10" c="6 9" t="1"/>
		<b id="11" c="2 13" t="2"/>
		<b id="12" c="21 23" t="ar"/>
		<b id="13" c="21 20" t="ar"/>
		<b id="14" c="16 15" t="ar"/>
		<b id="15" c="16 17" t="ar"/>
		<b id="16" c="13 14" t="1"/>
		<b id="17" c="13 15" t="1"/>
		<b id="18" c="23 25" t="ar"/>
		<b id="19" c="15 31" t="ar"/>
		<b id="20" c="17 18" t="1"/>
		<b id="21" c="17 19" t="ar"/>
		<b id="22" c="31 19" t="ar"/>
		<b id="23" c="31 32" t="1"/>
		<b id="24" c="19 20" t="1"/>
		<b id="25" c="20 29" t="ar"/>
		<b id="26" c="25 26" t="1"/>
		<b id="27" c="25 27" t="ar"/>
		<b id="28" c="10 9" t="1"/>
		<b id="29" c="9 11" t="1"/>
		<b id="30" c="9 12" t="1"/>
		<b id="31" c="29 27" t="ar"/>
		<b id="32" c="29 30" t="1"/>
		<b id="33" c="27 28" t="1"/>
	</bonds>
	<geometry>
		<g u="A" t="cart/3d">#32,3:2.3204,2.6593,-0.5070;2.5048,1.5844,-0.4280;3.9345,1.2220,-0.5023;4.8249,2.0341,-0.6300;4.1489,-0.1122,-0.4159;5.5103,-0.5683,-0.4765;6.0645,0.0544,-1.1949;5.4453,-1.5951,-0.8668;6.1777,-0.5402,0.8896;7.1905,-0.9701,0.8219;6.2688,0.4931,1.2568;5.6024,-1.1283,1.6223;1.5000,0.6940,-0.2718;1.7639,-0.3659,-0.1986;0.0848,0.9794,-0.1829;-0.5840,2.5944,-0.2788;-2.1905,1.9937,-0.1111;-3.0251,2.6933,-0.0826;-2.2437,0.6170,0.0189;-3.4898,-0.1650,0.1890;-4.7079,0.2749,-0.3645;-4.7293,1.1913,-0.9596;-5.8831,-0.4578,-0.1888;-6.8158,-0.0984,-0.6322;-5.8677,-1.6524,0.5387;-6.7874,-2.2277,0.6737;-4.6651,-2.1058,1.0889;-4.6413,-3.0357,1.6636;-3.4902,-1.3704,0.9170;-2.5636,-1.7261,1.3740;-0.9291,0.0525,-0.0232;-0.7277,-1.0185,0.0355;</g>
	</geometry>
	<conformers/>
	<properties/>
</molecule>
