<?xml version="1.0" ?>
<!--MOLLI PACKAGE EXPERIMENTAL XML FORMAT-->
<molecule name="react_385">
	<atoms>
		<a id="1" s="H" t="H" l="H"/>
		<a id="2" s="C" t="C.2" l="C"/>
		<a id="3" s="C" t="C.2" l="C"/>
		<a id="4" s="O" t="O.2" l="O"/>
		<a id="5" s="O" t="O.3" l="O"/>
		<a id="6" s="C" t="C.3" l="C"/>
		<a id="7" s="H" t="H" l="H"/>
		<a id="8" s="H" t="H" l="H"/>
		<a id="9" s="C" t="C.3" l="C"/>
		<a id="10" s="H" t="H" l="H"/>
		<a id="11" s="H" t="H" l="H"/>
		<a id="12" s="H" t="H" l="H"/>
		<a id="13" s="C" t="C.2" l="C"/>
		<a id="14" s="H" t="H" l="H"/>
		<a id="15" s="C" t="C.ar" l="C"/>
		<a id="16" s="C" t="C.ar" l="C"/>
		<a id="17" s="H" t="H" l="H"/>
		<a id="18" s="C" t="C.ar" l="C"/>
		<a id="19" s="O" t="O.3" l="O"/>
		<a id="20" s="Si" t="Si" l="SI"/>
		<a id="21" s="C" t="C.3" l="C"/>
		<a id="22" s="H" t="H" l="H"/>
		<a id="23" s="H" t="H" l="H"/>
		<a id="24" s="H" t="H" l="H"/>
		<a id="25" s="C" t="C.3" l="C"/>
		<a id="26" s="H" t="H" l="H"/>
		<a id="27" s="H" t="H" l="H"/>
		<a id="28" s="H" t="H" l="H"/>
		<a id="29" s="C" t="C.3" l="C"/>
		<a id="30" s="C" t="C.3" l="C"/>
		<a id="31" s="H" t="H" l="H"/>
		<a id="32" s="H" t="H" l="H"/>
		<a id="33" s="H" t="H" l="H"/>
		<a id="34" s="C" t="C.3" l="C"/>
		<a id="35" s="H" t="H" l="H"/>
		<a id="36" s="H" t="H" l="H"/>
		<a id="37" s="H" t="H" l="H"/>
		<a id="38" s="C" t="C.3" l="C"/>
		<a id="39" s="H" t="H" l="H"/>
		<a id="40" s="H" t="H" l="H"/>
		<a id="41" s="H" t="H" l="H"/>
		<a id="42" s="C" t="C.ar" l="C"/>
		<a id="43" s="O" t="O.3" l="O"/>
		<a id="44" s="C" t="C.3" l="C"/>
		<a id="45" s="H" t="H" l="H"/>
		<a id="46" s="H" t="H" l="H"/>
		<a id="47" s="H" t="H" l="H"/>
		<a id="48" s="C" t="C.ar" l="C"/>
		<a id="49" s="C" t="C.3" l="C"/>
		<a id="50" s="H" t="H" l="H"/>
		<a id="51" s="H" t="H" l="H"/>
		<a id="52" s="H" t="H" l="H"/>
		<a id="53" s="C" t="C.ar" l="C"/>
		<a id="54" s="H" t="H" l="H"/>
	</atoms>
	<bonds>
		<b id="1" c="12 9" t="1"/>
		<b id="2" c="47 44" t="1"/>
		<b id="3" c="46 44" t="1"/>
		<b id="4" c="11 9" t="1"/>
		<b id="5" c="27 25" t="1"/>
		<b id="6" c="9 10" t="1"/>
		<b id="7" c="9 6" t="1"/>
		<b id="8" c="44 45" t="1"/>
		<b id="9" c="44 43" t="1"/>
		<b id="10" c="39 38" t="1"/>
		<b id="11" c="40 38" t="1"/>
		<b id="12" c="28 25" t="1"/>
		<b id="13" c="25 26" t="1"/>
		<b id="14" c="25 20" t="1"/>
		<b id="15" c="38 41" t="1"/>
		<b id="16" c="38 29" t="1"/>
		<b id="17" c="52 49" t="1"/>
		<b id="18" c="19 18" t="1"/>
		<b id="19" c="19 20" t="1"/>
		<b id="20" c="17 16" t="1"/>
		<b id="21" c="18 16" t="ar"/>
		<b id="22" c="18 42" t="ar"/>
		<b id="23" c="16 15" t="ar"/>
		<b id="24" c="14 13" t="1"/>
		<b id="25" c="42 43" t="1"/>
		<b id="26" c="42 48" t="ar"/>
		<b id="27" c="6 5" t="1"/>
		<b id="28" c="6 8" t="1"/>
		<b id="29" c="6 7" t="1"/>
		<b id="30" c="5 3" t="1"/>
		<b id="31" c="15 13" t="1"/>
		<b id="32" c="15 53" t="ar"/>
		<b id="33" c="13 2" t="2"/>
		<b id="34" c="48 53" t="ar"/>
		<b id="35" c="48 49" t="1"/>
		<b id="36" c="3 2" t="1"/>
		<b id="37" c="3 4" t="2"/>
		<b id="38" c="2 1" t="1"/>
		<b id="39" c="53 54" t="1"/>
		<b id="40" c="49 50" t="1"/>
		<b id="41" c="49 51" t="1"/>
		<b id="42" c="20 29" t="1"/>
		<b id="43" c="20 21" t="1"/>
		<b id="44" c="29 34" t="1"/>
		<b id="45" c="29 30" t="1"/>
		<b id="46" c="37 34" t="1"/>
		<b id="47" c="32 30" t="1"/>
		<b id="48" c="34 35" t="1"/>
		<b id="49" c="34 36" t="1"/>
		<b id="50" c="30 33" t="1"/>
		<b id="51" c="30 31" t="1"/>
		<b id="52" c="22 21" t="1"/>
		<b id="53" c="21 23" t="1"/>
		<b id="54" c="21 24" t="1"/>
	</bonds>
	<geometry>
		<g u="A" t="cart/3d">#54,3:4.6176,1.6728,0.3217;4.4299,0.6062,0.1782;5.6656,-0.2028,0.1694;6.7751,0.2682,0.3015;5.4368,-1.5277,0.0035;6.5791,-2.3981,-0.0147;7.3191,-2.0334,0.7138;6.1956,-3.3732,0.3219;7.1931,-2.4990,-1.4024;8.0137,-3.2351,-1.3981;7.6053,-1.5285,-1.7165;6.4438,-2.8226,-2.1424;3.1870,0.1030,0.0232;3.1042,-0.9793,-0.1183;1.9204,0.8398,0.0178;0.7277,0.1197,-0.1794;0.7646,-0.9623,-0.3282;-0.5158,0.7618,-0.1956;-1.6755,0.0851,-0.3744;-2.3881,-1.2220,0.4666;-1.4644,-1.4998,2.0854;-0.4306,-1.8361,1.9083;-1.9670,-2.2765,2.6856;-1.4165,-0.5816,2.6923;-2.2502,-2.7368,-0.6452;-2.7678,-3.6064,-0.2073;-2.6857,-2.5475,-1.6395;-1.1942,-3.0180,-0.7923;-4.2111,-0.7086,0.7582;-4.2461,0.5519,1.6491;-3.8428,0.3536,2.6562;-3.6637,1.3795,1.2137;-5.2870,0.9009,1.7797;-4.9692,-1.8561,1.4599;-6.0195,-1.5644,1.6436;-4.5294,-2.1089,2.4392;-4.9906,-2.7766,0.8528;-4.8923,-0.4004,-0.5911;-4.9119,-1.2788,-1.2578;-4.3849,0.4172,-1.1267;-5.9410,-0.0906,-0.4288;-0.5660,2.1653,-0.0447;-1.7680,2.8214,-0.0429;-2.4154,2.9396,-1.3049;-3.3718,3.4512,-1.1259;-2.6077,1.9525,-1.7547;-1.8105,3.5434,-2.0057;0.6149,2.9072,0.1661;0.5246,4.3997,0.3642;1.5135,4.8314,0.5762;-0.1532,4.6492,1.1961;0.1184,4.9020,-0.5297;1.8387,2.2344,0.2010;2.7490,2.8143,0.3680;</g>
	</geometry>
	<conformers/>
	<properties/>
</molecule>
