<?xml version="1.0" ?>
<!--MOLLI PACKAGE EXPERIMENTAL XML FORMAT-->
<molecule name="react_389">
	<atoms>
		<a id="1" s="H" t="H" l="H"/>
		<a id="2" s="C" t="C.2" l="C"/>
		<a id="3" s="C" t="C.2" l="C"/>
		<a id="4" s="H" t="H" l="H"/>
		<a id="5" s="C" t="C.3" l="C"/>
		<a id="6" s="H" t="H" l="H"/>
		<a id="7" s="H" t="H" l="H"/>
		<a id="8" s="C" t="C.2" l="C"/>
		<a id="9" s="O" t="O.2" l="O"/>
		<a id="10" s="O" t="O.3" l="O"/>
		<a id="11" s="C" t="C.3" l="C"/>
		<a id="12" s="H" t="H" l="H"/>
		<a id="13" s="H" t="H" l="H"/>
		<a id="14" s="H" t="H" l="H"/>
		<a id="15" s="C" t="C.3" l="C"/>
		<a id="16" s="H" t="H" l="H"/>
		<a id="17" s="H" t="H" l="H"/>
		<a id="18" s="O" t="O.3" l="O"/>
		<a id="19" s="Si" t="Si" l="SI"/>
		<a id="20" s="C" t="C.3" l="C"/>
		<a id="21" s="H" t="H" l="H"/>
		<a id="22" s="H" t="H" l="H"/>
		<a id="23" s="H" t="H" l="H"/>
		<a id="24" s="C" t="C.3" l="C"/>
		<a id="25" s="H" t="H" l="H"/>
		<a id="26" s="H" t="H" l="H"/>
		<a id="27" s="H" t="H" l="H"/>
		<a id="28" s="C" t="C.3" l="C"/>
		<a id="29" s="C" t="C.3" l="C"/>
		<a id="30" s="H" t="H" l="H"/>
		<a id="31" s="H" t="H" l="H"/>
		<a id="32" s="H" t="H" l="H"/>
		<a id="33" s="C" t="C.3" l="C"/>
		<a id="34" s="H" t="H" l="H"/>
		<a id="35" s="H" t="H" l="H"/>
		<a id="36" s="H" t="H" l="H"/>
		<a id="37" s="C" t="C.3" l="C"/>
		<a id="38" s="H" t="H" l="H"/>
		<a id="39" s="H" t="H" l="H"/>
		<a id="40" s="H" t="H" l="H"/>
	</atoms>
	<bonds>
		<b id="1" c="26 24" t="1"/>
		<b id="2" c="22 20" t="1"/>
		<b id="3" c="27 24" t="1"/>
		<b id="4" c="23 20" t="1"/>
		<b id="5" c="24 25" t="1"/>
		<b id="6" c="24 19" t="1"/>
		<b id="7" c="20 21" t="1"/>
		<b id="8" c="20 19" t="1"/>
		<b id="9" c="17 15" t="1"/>
		<b id="10" c="16 15" t="1"/>
		<b id="11" c="19 18" t="1"/>
		<b id="12" c="19 28" t="1"/>
		<b id="13" c="15 18" t="1"/>
		<b id="14" c="15 2" t="1"/>
		<b id="15" c="31 29" t="1"/>
		<b id="16" c="30 29" t="1"/>
		<b id="17" c="4 3" t="1"/>
		<b id="18" c="9 8" t="2"/>
		<b id="19" c="29 28" t="1"/>
		<b id="20" c="29 32" t="1"/>
		<b id="21" c="2 3" t="2"/>
		<b id="22" c="2 1" t="1"/>
		<b id="23" c="3 5" t="1"/>
		<b id="24" c="28 33" t="1"/>
		<b id="25" c="28 37" t="1"/>
		<b id="26" c="14 11" t="1"/>
		<b id="27" c="35 33" t="1"/>
		<b id="28" c="8 5" t="1"/>
		<b id="29" c="8 10" t="1"/>
		<b id="30" c="39 37" t="1"/>
		<b id="31" c="13 11" t="1"/>
		<b id="32" c="33 36" t="1"/>
		<b id="33" c="33 34" t="1"/>
		<b id="34" c="37 38" t="1"/>
		<b id="35" c="37 40" t="1"/>
		<b id="36" c="11 10" t="1"/>
		<b id="37" c="11 12" t="1"/>
		<b id="38" c="5 7" t="1"/>
		<b id="39" c="5 6" t="1"/>
	</bonds>
	<geometry>
		<g u="A" t="cart/3d">#40,3:1.6080,-1.1171,0.9073;1.7110,-0.2774,0.2074;2.7261,0.5829,0.3332;2.8219,1.4173,-0.3717;3.7869,0.5031,1.3920;3.6597,1.3233,2.1265;3.7249,-0.4292,1.9745;5.1976,0.6559,0.8478;5.4900,1.0916,-0.2383;6.1078,0.2678,1.7615;7.4793,0.4143,1.3912;8.0673,0.0576,2.2464;7.7180,1.4677,1.1772;7.7095,-0.1818,0.4947;0.6517,-0.1990,-0.8538;0.7987,0.7142,-1.4628;0.7613,-1.0648,-1.5407;-0.6268,-0.2152,-0.2511;-2.1344,-0.2489,-1.0059;-2.2930,-1.8295,-2.0309;-2.1426,-2.7302,-1.4141;-1.5435,-1.8500,-2.8403;-3.2856,-1.9047,-2.5056;-2.3059,1.2477,-2.1476;-2.1527,2.1942,-1.6044;-1.5638,1.2062,-2.9628;-3.3031,1.2835,-2.6173;-3.3766,-0.1987,0.4512;-4.8251,-0.2367,-0.0787;-5.0365,-1.1573,-0.6483;-5.0527,0.6215,-0.7332;-5.5436,-0.2033,0.7609;-3.1569,1.0967,1.2603;-3.8357,1.1280,2.1327;-3.3580,1.9995,0.6595;-2.1235,1.1663,1.6354;-3.1327,-1.4140,1.3705;-2.1002,-1.4282,1.7536;-3.3115,-2.3701,0.8505;-3.8150,-1.3835,2.2401;</g>
	</geometry>
	<conformers/>
	<properties/>
</molecule>
