<?xml version="1.0" ?>
<!--MOLLI PACKAGE EXPERIMENTAL XML FORMAT-->
<molecule name="react_390">
	<atoms>
		<a id="1" s="H" t="H" l="H"/>
		<a id="2" s="C" t="C.2" l="C"/>
		<a id="3" s="C" t="C.2" l="C"/>
		<a id="4" s="H" t="H" l="H"/>
		<a id="5" s="C" t="C.3" l="C"/>
		<a id="6" s="H" t="H" l="H"/>
		<a id="7" s="H" t="H" l="H"/>
		<a id="8" s="C" t="C.3" l="C"/>
		<a id="9" s="H" t="H" l="H"/>
		<a id="10" s="H" t="H" l="H"/>
		<a id="11" s="C" t="C.3" l="C"/>
		<a id="12" s="H" t="H" l="H"/>
		<a id="13" s="H" t="H" l="H"/>
		<a id="14" s="C" t="C.3" l="C"/>
		<a id="15" s="H" t="H" l="H"/>
		<a id="16" s="H" t="H" l="H"/>
		<a id="17" s="C" t="C.3" l="C"/>
		<a id="18" s="H" t="H" l="H"/>
		<a id="19" s="H" t="H" l="H"/>
		<a id="20" s="C" t="C.3" l="C"/>
		<a id="21" s="H" t="H" l="H"/>
		<a id="22" s="H" t="H" l="H"/>
		<a id="23" s="C" t="C.3" l="C"/>
		<a id="24" s="H" t="H" l="H"/>
		<a id="25" s="H" t="H" l="H"/>
		<a id="26" s="C" t="C.3" l="C"/>
		<a id="27" s="H" t="H" l="H"/>
		<a id="28" s="H" t="H" l="H"/>
		<a id="29" s="H" t="H" l="H"/>
		<a id="30" s="C" t="C.3" l="C"/>
		<a id="31" s="H" t="H" l="H"/>
		<a id="32" s="H" t="H" l="H"/>
		<a id="33" s="C" t="C.2" l="C"/>
		<a id="34" s="O" t="O.2" l="O"/>
		<a id="35" s="O" t="O.3" l="O"/>
		<a id="36" s="C" t="C.3" l="C"/>
		<a id="37" s="H" t="H" l="H"/>
		<a id="38" s="H" t="H" l="H"/>
		<a id="39" s="H" t="H" l="H"/>
	</atoms>
	<bonds>
		<b id="1" c="32 30" t="1"/>
		<b id="2" c="21 20" t="1"/>
		<b id="3" c="27 26" t="1"/>
		<b id="4" c="24 23" t="1"/>
		<b id="5" c="31 30" t="1"/>
		<b id="6" c="22 20" t="1"/>
		<b id="7" c="9 8" t="1"/>
		<b id="8" c="10 8" t="1"/>
		<b id="9" c="30 2" t="1"/>
		<b id="10" c="30 33" t="1"/>
		<b id="11" c="20 23" t="1"/>
		<b id="12" c="20 17" t="1"/>
		<b id="13" c="4 3" t="1"/>
		<b id="14" c="13 11" t="1"/>
		<b id="15" c="23 26" t="1"/>
		<b id="16" c="23 25" t="1"/>
		<b id="17" c="26 28" t="1"/>
		<b id="18" c="26 29" t="1"/>
		<b id="19" c="8 11" t="1"/>
		<b id="20" c="8 5" t="1"/>
		<b id="21" c="35 33" t="1"/>
		<b id="22" c="35 36" t="1"/>
		<b id="23" c="39 36" t="1"/>
		<b id="24" c="3 2" t="2"/>
		<b id="25" c="3 5" t="1"/>
		<b id="26" c="2 1" t="1"/>
		<b id="27" c="33 34" t="2"/>
		<b id="28" c="19 17" t="1"/>
		<b id="29" c="11 12" t="1"/>
		<b id="30" c="11 14" t="1"/>
		<b id="31" c="36 37" t="1"/>
		<b id="32" c="36 38" t="1"/>
		<b id="33" c="17 14" t="1"/>
		<b id="34" c="17 18" t="1"/>
		<b id="35" c="5 6" t="1"/>
		<b id="36" c="5 7" t="1"/>
		<b id="37" c="14 16" t="1"/>
		<b id="38" c="14 15" t="1"/>
	</bonds>
	<geometry>
		<g u="A" t="cart/3d">#39,3:2.4835,1.0890,0.5271;2.7753,0.2104,-0.0603;1.9653,-0.8536,-0.1090;2.2796,-1.7312,-0.6932;0.6238,-0.9554,0.5623;0.4581,-0.0577,1.1811;0.6312,-1.8168,1.2586;-0.5389,-1.1456,-0.4301;-0.5892,-0.2653,-1.0951;-0.3037,-2.0001,-1.0903;-1.9052,-1.4022,0.2252;-1.8420,-2.3320,0.8200;-2.6409,-1.6121,-0.5705;-2.4428,-0.2848,1.1361;-1.7650,-0.1608,1.9994;-3.3986,-0.6218,1.5721;-2.6274,1.0951,0.4805;-2.9924,1.7965,1.2532;-1.6351,1.4820,0.1866;-3.5557,1.2023,-0.7443;-3.2185,0.5158,-1.5429;-3.4162,2.2162,-1.1589;-5.0642,0.9999,-0.5018;-5.6119,1.5183,-1.3089;-5.3533,1.5215,0.4299;-5.5583,-0.4502,-0.4552;-5.2983,-0.9885,-1.3828;-6.6552,-0.4895,-0.3504;-5.1298,-1.0172,0.3851;4.1041,0.3088,-0.7538;4.4207,-0.6510,-1.1901;4.0457,1.0204,-1.6023;5.2101,0.8416,0.1424;5.0485,1.4973,1.1418;6.4248,0.5189,-0.3432;7.5486,1.0140,0.3860;7.5405,2.1145,0.4211;7.5427,0.6354,1.4198;8.4403,0.6570,-0.1448;</g>
	</geometry>
	<conformers/>
	<properties/>
</molecule>
