<?xml version="1.0" ?>
<!--MOLLI PACKAGE EXPERIMENTAL XML FORMAT-->
<molecule name="react_391">
	<atoms>
		<a id="1" s="H" t="H" l="H"/>
		<a id="2" s="C" t="C.2" l="C"/>
		<a id="3" s="C" t="C.2" l="C"/>
		<a id="4" s="H" t="H" l="H"/>
		<a id="5" s="C" t="C.3" l="C"/>
		<a id="6" s="H" t="H" l="H"/>
		<a id="7" s="H" t="H" l="H"/>
		<a id="8" s="C" t="C.2" l="C"/>
		<a id="9" s="O" t="O.2" l="O"/>
		<a id="10" s="O" t="O.3" l="O"/>
		<a id="11" s="C" t="C.3" l="C"/>
		<a id="12" s="H" t="H" l="H"/>
		<a id="13" s="H" t="H" l="H"/>
		<a id="14" s="H" t="H" l="H"/>
		<a id="15" s="C" t="C.3" l="C"/>
		<a id="16" s="H" t="H" l="H"/>
		<a id="17" s="H" t="H" l="H"/>
		<a id="18" s="H" t="H" l="H"/>
	</atoms>
	<bonds>
		<b id="1" c="6 5" t="1"/>
		<b id="2" c="7 5" t="1"/>
		<b id="3" c="4 3" t="1"/>
		<b id="4" c="5 3" t="1"/>
		<b id="5" c="5 8" t="1"/>
		<b id="6" c="3 2" t="2"/>
		<b id="7" c="10 8" t="1"/>
		<b id="8" c="10 11" t="1"/>
		<b id="9" c="12 11" t="1"/>
		<b id="10" c="8 9" t="2"/>
		<b id="11" c="17 15" t="1"/>
		<b id="12" c="11 13" t="1"/>
		<b id="13" c="11 14" t="1"/>
		<b id="14" c="2 15" t="1"/>
		<b id="15" c="2 1" t="1"/>
		<b id="16" c="15 18" t="1"/>
		<b id="17" c="15 16" t="1"/>
	</bonds>
	<geometry>
		<g u="A" t="cart/3d">#18,3:1.1502,-0.1941,1.2982;1.8128,0.1505,0.4988;1.2974,0.3716,-0.7170;1.9751,0.7021,-1.5165;-0.1307,0.2287,-1.1788;-0.1917,-0.5592,-1.9566;-0.4572,1.1440,-1.7013;-1.1999,-0.1168,-0.1598;-1.0486,-0.6716,0.9012;-2.4137,0.2523,-0.6213;-3.5304,-0.0697,0.2072;-4.4199,0.2941,-0.3228;-3.6009,-1.1568,0.3685;-3.4453,0.4205,1.1894;3.2607,0.3355,0.8475;3.3829,1.0747,1.6596;3.8553,0.6755,-0.0157;3.7037,-0.6058,1.2196;</g>
	</geometry>
	<conformers/>
	<properties/>
</molecule>
