<?xml version="1.0" ?>
<!--MOLLI PACKAGE EXPERIMENTAL XML FORMAT-->
<molecule name="react_392">
	<atoms>
		<a id="1" s="H" t="H" l="H"/>
		<a id="2" s="C" t="C.2" l="C"/>
		<a id="3" s="C" t="C.2" l="C"/>
		<a id="4" s="H" t="H" l="H"/>
		<a id="5" s="C" t="C.3" l="C"/>
		<a id="6" s="H" t="H" l="H"/>
		<a id="7" s="H" t="H" l="H"/>
		<a id="8" s="C" t="C.3" l="C"/>
		<a id="9" s="H" t="H" l="H"/>
		<a id="10" s="H" t="H" l="H"/>
		<a id="11" s="C" t="C.3" l="C"/>
		<a id="12" s="H" t="H" l="H"/>
		<a id="13" s="H" t="H" l="H"/>
		<a id="14" s="C" t="C.3" l="C"/>
		<a id="15" s="H" t="H" l="H"/>
		<a id="16" s="H" t="H" l="H"/>
		<a id="17" s="H" t="H" l="H"/>
		<a id="18" s="C" t="C.3" l="C"/>
		<a id="19" s="H" t="H" l="H"/>
		<a id="20" s="H" t="H" l="H"/>
		<a id="21" s="C" t="C.2" l="C"/>
		<a id="22" s="O" t="O.2" l="O"/>
		<a id="23" s="O" t="O.3" l="O"/>
		<a id="24" s="C" t="C.3" l="C"/>
		<a id="25" s="H" t="H" l="H"/>
		<a id="26" s="H" t="H" l="H"/>
		<a id="27" s="H" t="H" l="H"/>
	</atoms>
	<bonds>
		<b id="1" c="25 24" t="1"/>
		<b id="2" c="7 5" t="1"/>
		<b id="3" c="4 3" t="1"/>
		<b id="4" c="13 11" t="1"/>
		<b id="5" c="22 21" t="2"/>
		<b id="6" c="17 14" t="1"/>
		<b id="7" c="6 5" t="1"/>
		<b id="8" c="24 26" t="1"/>
		<b id="9" c="24 27" t="1"/>
		<b id="10" c="24 23" t="1"/>
		<b id="11" c="5 3" t="1"/>
		<b id="12" c="5 8" t="1"/>
		<b id="13" c="3 2" t="2"/>
		<b id="14" c="15 14" t="1"/>
		<b id="15" c="11 14" t="1"/>
		<b id="16" c="11 8" t="1"/>
		<b id="17" c="11 12" t="1"/>
		<b id="18" c="14 16" t="1"/>
		<b id="19" c="21 23" t="1"/>
		<b id="20" c="21 18" t="1"/>
		<b id="21" c="8 9" t="1"/>
		<b id="22" c="8 10" t="1"/>
		<b id="23" c="2 18" t="1"/>
		<b id="24" c="2 1" t="1"/>
		<b id="25" c="18 20" t="1"/>
		<b id="26" c="18 19" t="1"/>
	</bonds>
	<geometry>
		<g u="A" t="cart/3d">#27,3:0.0441,0.8853,1.5588;0.6754,0.3939,0.8092;0.0988,-0.1918,-0.2478;0.7395,-0.6952,-0.9779;-1.3790,-0.2463,-0.5402;-1.6595,-1.3116,-0.6452;-1.5451,0.1804,-1.5495;-2.3131,0.4450,0.4563;-2.0099,1.5024,0.5556;-2.1811,-0.0038,1.4583;-3.8004,0.3954,0.0731;-4.3610,1.0461,0.7675;-3.9313,0.8453,-0.9287;-4.4274,-1.0017,0.0898;-5.5040,-0.9572,-0.1426;-4.3218,-1.4754,1.0811;-3.9631,-1.6754,-0.6487;2.1447,0.4796,1.1440;2.3395,-0.0766,2.0835;2.4224,1.5197,1.3828;3.1553,-0.0442,0.1415;2.9952,-0.9319,-0.6607;4.3324,0.6003,0.2881;5.4029,0.1586,-0.5467;5.1505,0.2886,-1.6104;5.6251,-0.9058,-0.3724;6.2711,0.7764,-0.2841;</g>
	</geometry>
	<conformers/>
	<properties/>
</molecule>
