<?xml version="1.0" ?>
<!--MOLLI PACKAGE EXPERIMENTAL XML FORMAT-->
<molecule name="react_393">
	<atoms>
		<a id="1" s="H" t="H" l="H"/>
		<a id="2" s="C" t="C.2" l="C"/>
		<a id="3" s="C" t="C.2" l="C"/>
		<a id="4" s="H" t="H" l="H"/>
		<a id="5" s="C" t="C.3" l="C"/>
		<a id="6" s="H" t="H" l="H"/>
		<a id="7" s="H" t="H" l="H"/>
		<a id="8" s="C" t="C.3" l="C"/>
		<a id="9" s="H" t="H" l="H"/>
		<a id="10" s="H" t="H" l="H"/>
		<a id="11" s="H" t="H" l="H"/>
		<a id="12" s="C" t="C.3" l="C"/>
		<a id="13" s="H" t="H" l="H"/>
		<a id="14" s="H" t="H" l="H"/>
		<a id="15" s="C" t="C.2" l="C"/>
		<a id="16" s="O" t="O.2" l="O"/>
		<a id="17" s="O" t="O.3" l="O"/>
		<a id="18" s="C" t="C.3" l="C"/>
		<a id="19" s="H" t="H" l="H"/>
		<a id="20" s="H" t="H" l="H"/>
		<a id="21" s="C" t="C.3" l="C"/>
		<a id="22" s="H" t="H" l="H"/>
		<a id="23" s="H" t="H" l="H"/>
		<a id="24" s="H" t="H" l="H"/>
	</atoms>
	<bonds>
		<b id="1" c="14 12" t="1"/>
		<b id="2" c="13 12" t="1"/>
		<b id="3" c="12 15" t="1"/>
		<b id="4" c="12 2" t="1"/>
		<b id="5" c="15 17" t="1"/>
		<b id="6" c="15 16" t="2"/>
		<b id="7" c="2 1" t="1"/>
		<b id="8" c="2 3" t="2"/>
		<b id="9" c="17 18" t="1"/>
		<b id="10" c="4 3" t="1"/>
		<b id="11" c="3 5" t="1"/>
		<b id="12" c="20 18" t="1"/>
		<b id="13" c="19 18" t="1"/>
		<b id="14" c="6 5" t="1"/>
		<b id="15" c="18 21" t="1"/>
		<b id="16" c="7 5" t="1"/>
		<b id="17" c="5 8" t="1"/>
		<b id="18" c="21 22" t="1"/>
		<b id="19" c="21 23" t="1"/>
		<b id="20" c="21 24" t="1"/>
		<b id="21" c="8 11" t="1"/>
		<b id="22" c="8 9" t="1"/>
		<b id="23" c="8 10" t="1"/>
	</bonds>
	<geometry>
		<g u="A" t="cart/3d">#24,3:-0.7301,1.2028,-0.9901;-0.8709,0.1187,-1.0782;-1.9703,-0.4481,-0.5665;-2.0910,-1.5379,-0.6523;-3.0792,0.2821,0.1399;-4.0194,0.1451,-0.4280;-2.8707,1.3659,0.1340;-3.3012,-0.2020,1.5803;-4.1427,0.3299,2.0534;-2.4035,-0.0371,2.1981;-3.5298,-1.2807,1.6099;0.2310,-0.6327,-1.7795;-0.0067,-1.7009,-1.8787;0.3727,-0.2209,-2.7969;1.5821,-0.5379,-1.0849;2.2768,-1.4797,-0.7936;1.9216,0.7467,-0.8516;3.1759,0.9970,-0.1903;3.4704,2.0043,-0.5206;3.9196,0.2694,-0.5487;3.0372,0.9318,1.3220;2.7785,-0.0871,1.6473;2.2586,1.6258,1.6763;3.9908,1.2114,1.7989;</g>
	</geometry>
	<conformers/>
	<properties/>
</molecule>
