<?xml version="1.0" ?>
<!--MOLLI PACKAGE EXPERIMENTAL XML FORMAT-->
<molecule name="react_394">
	<atoms>
		<a id="1" s="H" t="H" l="H"/>
		<a id="2" s="C" t="C.2" l="C"/>
		<a id="3" s="C" t="C.2" l="C"/>
		<a id="4" s="H" t="H" l="H"/>
		<a id="5" s="C" t="C.3" l="C"/>
		<a id="6" s="H" t="H" l="H"/>
		<a id="7" s="H" t="H" l="H"/>
		<a id="8" s="C" t="C.3" l="C"/>
		<a id="9" s="H" t="H" l="H"/>
		<a id="10" s="H" t="H" l="H"/>
		<a id="11" s="C" t="C.3" l="C"/>
		<a id="12" s="H" t="H" l="H"/>
		<a id="13" s="H" t="H" l="H"/>
		<a id="14" s="C" t="C.3" l="C"/>
		<a id="15" s="H" t="H" l="H"/>
		<a id="16" s="H" t="H" l="H"/>
		<a id="17" s="C" t="C.3" l="C"/>
		<a id="18" s="H" t="H" l="H"/>
		<a id="19" s="H" t="H" l="H"/>
		<a id="20" s="C" t="C.3" l="C"/>
		<a id="21" s="H" t="H" l="H"/>
		<a id="22" s="H" t="H" l="H"/>
		<a id="23" s="H" t="H" l="H"/>
		<a id="24" s="C" t="C.3" l="C"/>
		<a id="25" s="H" t="H" l="H"/>
		<a id="26" s="H" t="H" l="H"/>
		<a id="27" s="C" t="C.2" l="C"/>
		<a id="28" s="O" t="O.2" l="O"/>
		<a id="29" s="O" t="O.3" l="O"/>
		<a id="30" s="C" t="C.3" l="C"/>
		<a id="31" s="H" t="H" l="H"/>
		<a id="32" s="H" t="H" l="H"/>
		<a id="33" s="H" t="H" l="H"/>
	</atoms>
	<bonds>
		<b id="1" c="12 11" t="1"/>
		<b id="2" c="18 17" t="1"/>
		<b id="3" c="13 11" t="1"/>
		<b id="4" c="31 30" t="1"/>
		<b id="5" c="19 17" t="1"/>
		<b id="6" c="10 8" t="1"/>
		<b id="7" c="11 8" t="1"/>
		<b id="8" c="11 14" t="1"/>
		<b id="9" c="17 14" t="1"/>
		<b id="10" c="17 20" t="1"/>
		<b id="11" c="28 27" t="2"/>
		<b id="12" c="25 24" t="1"/>
		<b id="13" c="22 20" t="1"/>
		<b id="14" c="8 9" t="1"/>
		<b id="15" c="8 5" t="1"/>
		<b id="16" c="30 32" t="1"/>
		<b id="17" c="30 29" t="1"/>
		<b id="18" c="30 33" t="1"/>
		<b id="19" c="27 29" t="1"/>
		<b id="20" c="27 24" t="1"/>
		<b id="21" c="14 15" t="1"/>
		<b id="22" c="14 16" t="1"/>
		<b id="23" c="20 21" t="1"/>
		<b id="24" c="20 23" t="1"/>
		<b id="25" c="4 3" t="1"/>
		<b id="26" c="24 2" t="1"/>
		<b id="27" c="24 26" t="1"/>
		<b id="28" c="3 2" t="2"/>
		<b id="29" c="3 5" t="1"/>
		<b id="30" c="2 1" t="1"/>
		<b id="31" c="5 7" t="1"/>
		<b id="32" c="5 6" t="1"/>
	</bonds>
	<geometry>
		<g u="A" t="cart/3d">#33,3:-2.1765,-2.7861,0.9530;-2.0608,-1.7287,0.6766;-0.8266,-1.2101,0.6541;-0.7032,-0.1626,0.3656;0.4222,-1.9856,0.9743;0.9645,-1.4719,1.7902;0.1513,-2.9810,1.3667;1.3771,-2.1702,-0.2258;2.2462,-2.7638,0.1130;0.8633,-2.7843,-0.9863;1.8807,-0.8817,-0.8947;2.4877,-1.1653,-1.7739;1.0246,-0.3120,-1.2987;2.7180,0.0338,0.0055;3.5602,-0.5437,0.4330;2.1151,0.3683,0.8696;3.2671,1.2686,-0.7177;3.8798,0.9429,-1.5787;2.4237,1.8383,-1.1495;4.0966,2.1868,0.1815;4.9715,1.6584,0.5976;4.4704,3.0653,-0.3694;3.5015,2.5575,1.0336;-3.3723,-1.0487,0.3767;-3.8863,-1.5870,-0.4448;-4.0623,-1.1455,1.2327;-3.3565,0.4114,-0.0343;-2.4472,1.0150,-0.5502;-4.5551,0.9775,0.2189;-4.7075,2.3403,-0.1784;-4.5607,2.4528,-1.2640;-5.7295,2.6280,0.0990;-3.9773,2.9832,0.3370;</g>
	</geometry>
	<conformers/>
	<properties/>
</molecule>
