<?xml version="1.0" ?>
<!--MOLLI PACKAGE EXPERIMENTAL XML FORMAT-->
<molecule name="react_185">
	<atoms>
		<a id="1" s="H" t="H" l="H"/>
		<a id="2" s="C" t="C.2" l="C"/>
		<a id="3" s="H" t="H" l="H"/>
		<a id="4" s="C" t="C.2" l="C"/>
		<a id="5" s="H" t="H" l="H"/>
		<a id="6" s="C" t="C.3" l="C"/>
		<a id="7" s="H" t="H" l="H"/>
		<a id="8" s="H" t="H" l="H"/>
		<a id="9" s="C" t="C.3" l="C"/>
		<a id="10" s="H" t="H" l="H"/>
		<a id="11" s="H" t="H" l="H"/>
		<a id="12" s="H" t="H" l="H"/>
	</atoms>
	<bonds>
		<b id="1" c="7 6" t="1"/>
		<b id="2" c="8 6" t="1"/>
		<b id="3" c="6 4" t="1"/>
		<b id="4" c="6 9" t="1"/>
		<b id="5" c="11 9" t="1"/>
		<b id="6" c="3 2" t="1"/>
		<b id="7" c="4 2" t="2"/>
		<b id="8" c="4 5" t="1"/>
		<b id="9" c="2 1" t="1"/>
		<b id="10" c="9 10" t="1"/>
		<b id="11" c="9 12" t="1"/>
	</bonds>
	<geometry>
		<g u="A" t="cart/3d">#12,3:2.8600,-0.4480,0.5922;2.0048,0.0928,0.1763;2.1555,1.1535,-0.0546;0.8331,-0.5103,-0.0448;0.7324,-1.5759,0.2068;-0.3997,0.1450,-0.6049;-0.6757,-0.3597,-1.5503;-0.1733,1.1930,-0.8674;-1.6008,0.0894,0.3503;-1.8591,-0.9513,0.6095;-2.4926,0.5505,-0.1043;-1.3846,0.6210,1.2913;</g>
	</geometry>
	<conformers/>
	<properties/>
</molecule>
