<?xml version="1.0" ?>
<!--MOLLI PACKAGE EXPERIMENTAL XML FORMAT-->
<molecule name="react_395">
	<atoms>
		<a id="1" s="H" t="H" l="H"/>
		<a id="2" s="C" t="C.2" l="C"/>
		<a id="3" s="C" t="C.2" l="C"/>
		<a id="4" s="H" t="H" l="H"/>
		<a id="5" s="C" t="C.3" l="C"/>
		<a id="6" s="H" t="H" l="H"/>
		<a id="7" s="H" t="H" l="H"/>
		<a id="8" s="C" t="C.2" l="C"/>
		<a id="9" s="O" t="O.2" l="O"/>
		<a id="10" s="O" t="O.3" l="O"/>
		<a id="11" s="C" t="C.3" l="C"/>
		<a id="12" s="H" t="H" l="H"/>
		<a id="13" s="H" t="H" l="H"/>
		<a id="14" s="H" t="H" l="H"/>
		<a id="15" s="C" t="C.ar" l="C"/>
		<a id="16" s="C" t="C.ar" l="C"/>
		<a id="17" s="H" t="H" l="H"/>
		<a id="18" s="C" t="C.ar" l="C"/>
		<a id="19" s="H" t="H" l="H"/>
		<a id="20" s="C" t="C.ar" l="C"/>
		<a id="21" s="H" t="H" l="H"/>
		<a id="22" s="C" t="C.ar" l="C"/>
		<a id="23" s="H" t="H" l="H"/>
		<a id="24" s="C" t="C.ar" l="C"/>
		<a id="25" s="H" t="H" l="H"/>
	</atoms>
	<bonds>
		<b id="1" c="21 20" t="1"/>
		<b id="2" c="23 22" t="1"/>
		<b id="3" c="20 22" t="ar"/>
		<b id="4" c="20 18" t="ar"/>
		<b id="5" c="22 24" t="ar"/>
		<b id="6" c="19 18" t="1"/>
		<b id="7" c="18 16" t="ar"/>
		<b id="8" c="24 25" t="1"/>
		<b id="9" c="24 15" t="ar"/>
		<b id="10" c="13 11" t="1"/>
		<b id="11" c="16 15" t="ar"/>
		<b id="12" c="16 17" t="1"/>
		<b id="13" c="15 2" t="1"/>
		<b id="14" c="2 1" t="1"/>
		<b id="15" c="2 3" t="2"/>
		<b id="16" c="9 8" t="2"/>
		<b id="17" c="11 12" t="1"/>
		<b id="18" c="11 10" t="1"/>
		<b id="19" c="11 14" t="1"/>
		<b id="20" c="4 3" t="1"/>
		<b id="21" c="3 5" t="1"/>
		<b id="22" c="8 10" t="1"/>
		<b id="23" c="8 5" t="1"/>
		<b id="24" c="6 5" t="1"/>
		<b id="25" c="5 7" t="1"/>
	</bonds>
	<geometry>
		<g u="A" t="cart/3d">#25,3:-0.3855,-1.8142,0.5395;-0.5617,-0.7330,0.4707;0.4067,0.0921,0.9023;0.2885,1.1784,0.8383;1.7063,-0.3724,1.4909;1.8695,-1.4516,1.3503;1.7118,-0.2056,2.5878;2.9085,0.3960,0.9653;2.8794,1.5139,0.5131;4.0394,-0.3200,1.1044;5.2492,0.3219,0.6967;6.0554,-0.3999,0.8788;5.2097,0.5895,-0.3704;5.4210,1.2411,1.2781;-1.8683,-0.3600,-0.0980;-2.2874,0.9771,-0.2608;-1.6291,1.7939,0.0439;-3.5342,1.2757,-0.8081;-3.8360,2.3202,-0.9256;-4.3992,0.2487,-1.2072;-5.3763,0.4867,-1.6359;-4.0017,-1.0818,-1.0521;-4.6672,-1.8933,-1.3591;-2.7515,-1.3794,-0.5043;-2.4476,-2.4240,-0.3865;</g>
	</geometry>
	<conformers/>
	<properties/>
</molecule>
