<?xml version="1.0" ?>
<!--MOLLI PACKAGE EXPERIMENTAL XML FORMAT-->
<molecule name="react_396">
	<atoms>
		<a id="1" s="H" t="H" l="H"/>
		<a id="2" s="C" t="C.2" l="C"/>
		<a id="3" s="C" t="C.2" l="C"/>
		<a id="4" s="H" t="H" l="H"/>
		<a id="5" s="C" t="C.3" l="C"/>
		<a id="6" s="H" t="H" l="H"/>
		<a id="7" s="H" t="H" l="H"/>
		<a id="8" s="C" t="C.ar" l="C"/>
		<a id="9" s="C" t="C.ar" l="C"/>
		<a id="10" s="H" t="H" l="H"/>
		<a id="11" s="C" t="C.ar" l="C"/>
		<a id="12" s="H" t="H" l="H"/>
		<a id="13" s="C" t="C.ar" l="C"/>
		<a id="14" s="H" t="H" l="H"/>
		<a id="15" s="C" t="C.ar" l="C"/>
		<a id="16" s="H" t="H" l="H"/>
		<a id="17" s="C" t="C.ar" l="C"/>
		<a id="18" s="H" t="H" l="H"/>
		<a id="19" s="C" t="C.3" l="C"/>
		<a id="20" s="H" t="H" l="H"/>
		<a id="21" s="H" t="H" l="H"/>
		<a id="22" s="C" t="C.2" l="C"/>
		<a id="23" s="O" t="O.2" l="O"/>
		<a id="24" s="O" t="O.3" l="O"/>
		<a id="25" s="C" t="C.3" l="C"/>
		<a id="26" s="H" t="H" l="H"/>
		<a id="27" s="H" t="H" l="H"/>
		<a id="28" s="C" t="C.3" l="C"/>
		<a id="29" s="H" t="H" l="H"/>
		<a id="30" s="H" t="H" l="H"/>
		<a id="31" s="H" t="H" l="H"/>
	</atoms>
	<bonds>
		<b id="1" c="16 15" t="1"/>
		<b id="2" c="31 28" t="1"/>
		<b id="3" c="14 13" t="1"/>
		<b id="4" c="15 13" t="ar"/>
		<b id="5" c="15 17" t="ar"/>
		<b id="6" c="18 17" t="1"/>
		<b id="7" c="30 28" t="1"/>
		<b id="8" c="28 29" t="1"/>
		<b id="9" c="28 25" t="1"/>
		<b id="10" c="13 11" t="ar"/>
		<b id="11" c="17 8" t="ar"/>
		<b id="12" c="27 25" t="1"/>
		<b id="13" c="20 19" t="1"/>
		<b id="14" c="25 24" t="1"/>
		<b id="15" c="25 26" t="1"/>
		<b id="16" c="24 22" t="1"/>
		<b id="17" c="11 12" t="1"/>
		<b id="18" c="11 9" t="ar"/>
		<b id="19" c="19 22" t="1"/>
		<b id="20" c="19 2" t="1"/>
		<b id="21" c="19 21" t="1"/>
		<b id="22" c="22 23" t="2"/>
		<b id="23" c="8 9" t="ar"/>
		<b id="24" c="8 5" t="1"/>
		<b id="25" c="1 2" t="1"/>
		<b id="26" c="2 3" t="2"/>
		<b id="27" c="9 10" t="1"/>
		<b id="28" c="3 4" t="1"/>
		<b id="29" c="3 5" t="1"/>
		<b id="30" c="7 5" t="1"/>
		<b id="31" c="5 6" t="1"/>
	</bonds>
	<geometry>
		<g u="A" t="cart/3d">#31,3:0.2502,-2.7724,0.5125;0.5181,-1.7192,0.6756;-0.4409,-0.8786,1.0835;-0.1941,0.1715,1.2642;-1.8720,-1.2884,1.3226;-2.1210,-1.1319,2.3873;-1.9816,-2.3714,1.1328;-2.8772,-0.5183,0.4786;-3.9170,0.2117,1.0735;-4.0008,0.2349,2.1645;-4.8468,0.9083,0.2938;-5.6489,1.4714,0.7792;-4.7504,0.8856,-1.0999;-5.4754,1.4293,-1.7117;-3.7160,0.1638,-1.7065;-3.6307,0.1413,-2.7967;-2.7891,-0.5282,-0.9237;-1.9782,-1.0831,-1.4047;1.9745,-1.4324,0.4090;2.2747,-1.8540,-0.5648;2.5970,-1.9807,1.1449;2.4532,0.0072,0.4534;1.9644,0.9158,1.0803;3.5675,0.1489,-0.2914;4.1872,1.4468,-0.2915;4.4543,1.7158,0.7442;3.4528,2.1932,-0.6361;5.4023,1.3866,-1.1943;6.1250,0.6371,-0.8353;5.9035,2.3672,-1.2162;5.1158,1.1220,-2.2243;</g>
	</geometry>
	<conformers/>
	<properties/>
</molecule>
