<?xml version="1.0" ?>
<!--MOLLI PACKAGE EXPERIMENTAL XML FORMAT-->
<molecule name="react_405">
	<atoms>
		<a id="1" s="H" t="H" l="H"/>
		<a id="2" s="C" t="C.2" l="C"/>
		<a id="3" s="C" t="C.2" l="C"/>
		<a id="4" s="C" t="C.3" l="C"/>
		<a id="5" s="H" t="H" l="H"/>
		<a id="6" s="H" t="H" l="H"/>
		<a id="7" s="C" t="C.3" l="C"/>
		<a id="8" s="H" t="H" l="H"/>
		<a id="9" s="H" t="H" l="H"/>
		<a id="10" s="C" t="C.ar" l="C"/>
		<a id="11" s="C" t="C.ar" l="C"/>
		<a id="12" s="H" t="H" l="H"/>
		<a id="13" s="C" t="C.ar" l="C"/>
		<a id="14" s="H" t="H" l="H"/>
		<a id="15" s="C" t="C.ar" l="C"/>
		<a id="16" s="C" t="C.ar" l="C"/>
		<a id="17" s="H" t="H" l="H"/>
		<a id="18" s="C" t="C.ar" l="C"/>
		<a id="19" s="H" t="H" l="H"/>
		<a id="20" s="C" t="C.ar" l="C"/>
		<a id="21" s="H" t="H" l="H"/>
		<a id="22" s="C" t="C.ar" l="C"/>
		<a id="23" s="H" t="H" l="H"/>
		<a id="24" s="C" t="C.ar" l="C"/>
		<a id="25" s="C" t="C.ar" l="C"/>
		<a id="26" s="H" t="H" l="H"/>
	</atoms>
	<bonds>
		<b id="1" c="9 7" t="1"/>
		<b id="2" c="7 8" t="1"/>
		<b id="3" c="7 4" t="1"/>
		<b id="4" c="7 3" t="1"/>
		<b id="5" c="5 4" t="1"/>
		<b id="6" c="23 22" t="1"/>
		<b id="7" c="4 6" t="1"/>
		<b id="8" c="4 3" t="1"/>
		<b id="9" c="21 20" t="1"/>
		<b id="10" c="26 25" t="1"/>
		<b id="11" c="22 20" t="ar"/>
		<b id="12" c="22 24" t="ar"/>
		<b id="13" c="3 2" t="2"/>
		<b id="14" c="20 18" t="ar"/>
		<b id="15" c="25 24" t="ar"/>
		<b id="16" c="25 10" t="ar"/>
		<b id="17" c="24 15" t="ar"/>
		<b id="18" c="2 10" t="1"/>
		<b id="19" c="2 1" t="1"/>
		<b id="20" c="10 11" t="ar"/>
		<b id="21" c="18 19" t="1"/>
		<b id="22" c="18 16" t="ar"/>
		<b id="23" c="15 16" t="ar"/>
		<b id="24" c="15 13" t="ar"/>
		<b id="25" c="16 17" t="1"/>
		<b id="26" c="11 13" t="ar"/>
		<b id="27" c="11 12" t="1"/>
		<b id="28" c="13 14" t="1"/>
	</bonds>
	<geometry>
		<g u="A" t="cart/3d">#26,3:2.5661,-2.1245,1.0587;2.1441,-1.4413,0.3117;2.9237,-1.0980,-0.7163;4.2293,-1.2215,-1.3725;4.4752,-2.1534,-1.8974;5.0984,-0.7234,-0.9242;3.1158,-0.3394,-1.9577;3.2346,0.7503,-1.8998;2.6139,-0.6813,-2.8721;0.7624,-1.0023,0.5677;0.1074,-1.4638,1.7510;0.6520,-2.1295,2.4269;-1.1820,-1.0883,2.0532;-1.6619,-1.4539,2.9657;-1.9135,-0.2236,1.1918;-3.2471,0.1880,1.4687;-3.7308,-0.1738,2.3808;-3.9220,1.0273,0.6063;-4.9463,1.3366,0.8306;-3.2909,1.4941,-0.5766;-3.8353,2.1586,-1.2529;-1.9993,1.1138,-0.8735;-1.5122,1.4732,-1.7846;-1.2721,0.2483,-0.0043;0.0583,-0.1576,-0.2842;0.5322,0.2097,-1.1970;</g>
	</geometry>
	<conformers/>
	<properties/>
</molecule>
