<?xml version="1.0" ?>
<!--MOLLI PACKAGE EXPERIMENTAL XML FORMAT-->
<molecule name="react_409">
	<atoms>
		<a id="1" s="H" t="H" l="H"/>
		<a id="2" s="C" t="C.1" l="C"/>
		<a id="3" s="C" t="C.1" l="C"/>
		<a id="4" s="C" t="C.2" l="C"/>
		<a id="5" s="C" t="C.2" l="C"/>
		<a id="6" s="H" t="H" l="H"/>
		<a id="7" s="C" t="C.3" l="C"/>
		<a id="8" s="H" t="H" l="H"/>
		<a id="9" s="H" t="H" l="H"/>
		<a id="10" s="O" t="O.3" l="O"/>
		<a id="11" s="C" t="C.3" l="C"/>
		<a id="12" s="H" t="H" l="H"/>
		<a id="13" s="H" t="H" l="H"/>
		<a id="14" s="C" t="C.ar" l="C"/>
		<a id="15" s="C" t="C.ar" l="C"/>
		<a id="16" s="H" t="H" l="H"/>
		<a id="17" s="C" t="C.ar" l="C"/>
		<a id="18" s="H" t="H" l="H"/>
		<a id="19" s="C" t="C.ar" l="C"/>
		<a id="20" s="O" t="O.3" l="O"/>
		<a id="21" s="C" t="C.3" l="C"/>
		<a id="22" s="H" t="H" l="H"/>
		<a id="23" s="H" t="H" l="H"/>
		<a id="24" s="H" t="H" l="H"/>
		<a id="25" s="C" t="C.ar" l="C"/>
		<a id="26" s="H" t="H" l="H"/>
		<a id="27" s="C" t="C.ar" l="C"/>
		<a id="28" s="H" t="H" l="H"/>
		<a id="29" s="C" t="C.3" l="C"/>
		<a id="30" s="H" t="H" l="H"/>
		<a id="31" s="H" t="H" l="H"/>
		<a id="32" s="H" t="H" l="H"/>
	</atoms>
	<bonds>
		<b id="1" c="22 21" t="1"/>
		<b id="2" c="18 17" t="1"/>
		<b id="3" c="24 21" t="1"/>
		<b id="4" c="16 15" t="1"/>
		<b id="5" c="1 2" t="1"/>
		<b id="6" c="21 23" t="1"/>
		<b id="7" c="21 20" t="1"/>
		<b id="8" c="17 15" t="ar"/>
		<b id="9" c="17 19" t="ar"/>
		<b id="10" c="15 14" t="ar"/>
		<b id="11" c="2 3" t="3"/>
		<b id="12" c="12 11" t="1"/>
		<b id="13" c="20 19" t="1"/>
		<b id="14" c="19 25" t="ar"/>
		<b id="15" c="6 5" t="1"/>
		<b id="16" c="3 4" t="1"/>
		<b id="17" c="14 11" t="1"/>
		<b id="18" c="14 27" t="ar"/>
		<b id="19" c="11 13" t="1"/>
		<b id="20" c="11 10" t="1"/>
		<b id="21" c="5 4" t="2"/>
		<b id="22" c="5 7" t="1"/>
		<b id="23" c="25 27" t="ar"/>
		<b id="24" c="25 26" t="1"/>
		<b id="25" c="4 29" t="1"/>
		<b id="26" c="27 28" t="1"/>
		<b id="27" c="10 7" t="1"/>
		<b id="28" c="7 8" t="1"/>
		<b id="29" c="7 9" t="1"/>
		<b id="30" c="30 29" t="1"/>
		<b id="31" c="29 32" t="1"/>
		<b id="32" c="29 31" t="1"/>
	</bonds>
	<geometry>
		<g u="A" t="cart/3d">#32,3:6.6828,-1.1090,-2.0352;5.9894,-0.9046,-1.2412;5.1948,-0.6738,-0.3512;4.2871,-0.4254,0.7344;3.1314,0.2354,0.4920;2.9435,0.5498,-0.5401;2.0604,0.5977,1.4835;2.0947,1.6910,1.6866;2.2165,0.0885,2.4457;0.7644,0.2320,1.0457;0.1549,1.1285,0.1406;0.7008,1.1738,-0.8230;0.1858,2.1570,0.5661;-1.2747,0.7152,-0.1152;-1.8488,0.8570,-1.3812;-1.2424,1.2326,-2.2116;-3.1887,0.5263,-1.6225;-3.5960,0.6518,-2.6261;-3.9781,0.0279,-0.5762;-5.2835,-0.3295,-0.6976;-5.9165,-0.2110,-1.9503;-5.4322,-0.8414,-2.7190;-6.9520,-0.5522,-1.8129;-5.9303,0.8347,-2.3095;-3.4066,-0.1309,0.6999;-4.0338,-0.5286,1.5010;-2.0775,0.2100,0.9233;-1.6388,0.0715,1.9139;4.7456,-0.9337,2.0849;5.0201,-1.9990,2.0194;3.9790,-0.8198,2.8630;5.6487,-0.3917,2.4132;</g>
	</geometry>
	<conformers/>
	<properties/>
</molecule>
