<?xml version="1.0" ?>
<!--MOLLI PACKAGE EXPERIMENTAL XML FORMAT-->
<molecule name="react_411">
	<atoms>
		<a id="1" s="H" t="H" l="H"/>
		<a id="2" s="C" t="C.2" l="C"/>
		<a id="3" s="C" t="C.2" l="C"/>
		<a id="4" s="C" t="C.3" l="C"/>
		<a id="5" s="H" t="H" l="H"/>
		<a id="6" s="H" t="H" l="H"/>
		<a id="7" s="H" t="H" l="H"/>
		<a id="8" s="C" t="C.3" l="C"/>
		<a id="9" s="H" t="H" l="H"/>
		<a id="10" s="H" t="H" l="H"/>
		<a id="11" s="H" t="H" l="H"/>
		<a id="12" s="C" t="C.3" l="C"/>
		<a id="13" s="H" t="H" l="H"/>
		<a id="14" s="H" t="H" l="H"/>
		<a id="15" s="N" t="N.am" l="N"/>
		<a id="16" s="C" t="C.2" l="C"/>
		<a id="17" s="O" t="O.2" l="O"/>
		<a id="18" s="O" t="O.3" l="O"/>
		<a id="19" s="C" t="C.3" l="C"/>
		<a id="20" s="C" t="C.3" l="C"/>
		<a id="21" s="H" t="H" l="H"/>
		<a id="22" s="H" t="H" l="H"/>
		<a id="23" s="H" t="H" l="H"/>
		<a id="24" s="C" t="C.3" l="C"/>
		<a id="25" s="H" t="H" l="H"/>
		<a id="26" s="H" t="H" l="H"/>
		<a id="27" s="H" t="H" l="H"/>
		<a id="28" s="C" t="C.3" l="C"/>
		<a id="29" s="H" t="H" l="H"/>
		<a id="30" s="H" t="H" l="H"/>
		<a id="31" s="H" t="H" l="H"/>
		<a id="32" s="C" t="C.2" l="C"/>
		<a id="33" s="O" t="O.2" l="O"/>
		<a id="34" s="O" t="O.3" l="O"/>
		<a id="35" s="C" t="C.3" l="C"/>
		<a id="36" s="C" t="C.3" l="C"/>
		<a id="37" s="H" t="H" l="H"/>
		<a id="38" s="H" t="H" l="H"/>
		<a id="39" s="H" t="H" l="H"/>
		<a id="40" s="C" t="C.3" l="C"/>
		<a id="41" s="H" t="H" l="H"/>
		<a id="42" s="H" t="H" l="H"/>
		<a id="43" s="H" t="H" l="H"/>
		<a id="44" s="C" t="C.3" l="C"/>
		<a id="45" s="H" t="H" l="H"/>
		<a id="46" s="H" t="H" l="H"/>
		<a id="47" s="H" t="H" l="H"/>
	</atoms>
	<bonds>
		<b id="1" c="10 8" t="1"/>
		<b id="2" c="11 8" t="1"/>
		<b id="3" c="38 36" t="1"/>
		<b id="4" c="39 36" t="1"/>
		<b id="5" c="8 9" t="1"/>
		<b id="6" c="8 3" t="1"/>
		<b id="7" c="37 36" t="1"/>
		<b id="8" c="36 35" t="1"/>
		<b id="9" c="1 2" t="1"/>
		<b id="10" c="29 28" t="1"/>
		<b id="11" c="31 28" t="1"/>
		<b id="12" c="3 2" t="2"/>
		<b id="13" c="3 4" t="1"/>
		<b id="14" c="2 12" t="1"/>
		<b id="15" c="42 40" t="1"/>
		<b id="16" c="33 32" t="2"/>
		<b id="17" c="28 30" t="1"/>
		<b id="18" c="28 19" t="1"/>
		<b id="19" c="35 40" t="1"/>
		<b id="20" c="35 34" t="1"/>
		<b id="21" c="35 44" t="1"/>
		<b id="22" c="17 16" t="2"/>
		<b id="23" c="41 40" t="1"/>
		<b id="24" c="32 34" t="1"/>
		<b id="25" c="32 15" t="am"/>
		<b id="26" c="5 4" t="1"/>
		<b id="27" c="40 43" t="1"/>
		<b id="28" c="46 44" t="1"/>
		<b id="29" c="45 44" t="1"/>
		<b id="30" c="4 6" t="1"/>
		<b id="31" c="4 7" t="1"/>
		<b id="32" c="16 15" t="am"/>
		<b id="33" c="16 18" t="1"/>
		<b id="34" c="15 12" t="1"/>
		<b id="35" c="44 47" t="1"/>
		<b id="36" c="12 14" t="1"/>
		<b id="37" c="12 13" t="1"/>
		<b id="38" c="18 19" t="1"/>
		<b id="39" c="19 24" t="1"/>
		<b id="40" c="19 20" t="1"/>
		<b id="41" c="27 24" t="1"/>
		<b id="42" c="21 20" t="1"/>
		<b id="43" c="24 26" t="1"/>
		<b id="44" c="24 25" t="1"/>
		<b id="45" c="20 22" t="1"/>
		<b id="46" c="20 23" t="1"/>
	</bonds>
	<geometry>
		<g u="A" t="cart/3d">#47,3:-0.5552,2.2992,-1.6052;0.0832,2.4609,-0.7288;1.1591,3.2581,-0.8629;2.1143,3.6097,0.2507;3.1563,3.4051,-0.0534;2.0665,4.6907,0.4754;1.9201,3.0631,1.1828;1.4776,3.9032,-2.1902;1.4767,5.0052,-2.1049;0.7560,3.6203,-2.9708;2.4887,3.6204,-2.5350;-0.4084,1.7724,0.5161;0.2893,1.8695,1.3538;-1.3702,2.2118,0.8163;-0.6740,0.3296,0.3079;0.3829,-0.6010,0.2699;0.3442,-1.6726,-0.2831;1.4447,-0.1030,0.9266;2.7198,-0.8338,0.9923;3.6082,0.1033,1.8131;3.7246,1.0734,1.3073;4.6061,-0.3416,1.9466;3.1705,0.2808,2.8076;2.5228,-2.1658,1.7243;2.0706,-1.9950,2.7142;3.5003,-2.6506,1.8759;1.8767,-2.8430,1.1519;3.2885,-1.0227,-0.4181;2.6589,-1.6948,-1.0150;4.3009,-1.4520,-0.3533;3.3605,-0.0524,-0.9342;-1.9920,-0.0090,-0.0558;-2.7786,0.8283,-0.4449;-2.2512,-1.2935,0.1530;-3.4853,-1.9365,-0.3187;-3.6199,-1.7556,-1.8339;-3.7825,-0.7025,-2.0988;-2.7110,-2.1154,-2.3410;-4.4751,-2.3450,-2.2004;-3.2465,-3.4057,0.0341;-4.1063,-4.0182,-0.2783;-2.3408,-3.7758,-0.4689;-3.1081,-3.5235,1.1198;-4.6881,-1.3727,0.4444;-4.8402,-0.3105,0.2129;-5.5968,-1.9309,0.1681;-4.5380,-1.4818,1.5303;</g>
	</geometry>
	<conformers/>
	<properties/>
</molecule>
