<?xml version="1.0" ?>
<!--MOLLI PACKAGE EXPERIMENTAL XML FORMAT-->
<molecule name="react_414">
	<atoms>
		<a id="1" s="H" t="H" l="H"/>
		<a id="2" s="C" t="C.2" l="C"/>
		<a id="3" s="C" t="C.2" l="C"/>
		<a id="4" s="C" t="C.ar" l="C"/>
		<a id="5" s="C" t="C.ar" l="C"/>
		<a id="6" s="H" t="H" l="H"/>
		<a id="7" s="C" t="C.ar" l="C"/>
		<a id="8" s="H" t="H" l="H"/>
		<a id="9" s="C" t="C.ar" l="C"/>
		<a id="10" s="H" t="H" l="H"/>
		<a id="11" s="C" t="C.ar" l="C"/>
		<a id="12" s="H" t="H" l="H"/>
		<a id="13" s="C" t="C.ar" l="C"/>
		<a id="14" s="H" t="H" l="H"/>
		<a id="15" s="C" t="C.3" l="C"/>
		<a id="16" s="H" t="H" l="H"/>
		<a id="17" s="H" t="H" l="H"/>
		<a id="18" s="H" t="H" l="H"/>
		<a id="19" s="C" t="C.ar" l="C"/>
		<a id="20" s="C" t="C.ar" l="C"/>
		<a id="21" s="H" t="H" l="H"/>
		<a id="22" s="C" t="C.ar" l="C"/>
		<a id="23" s="H" t="H" l="H"/>
		<a id="24" s="C" t="C.ar" l="C"/>
		<a id="25" s="H" t="H" l="H"/>
		<a id="26" s="C" t="C.ar" l="C"/>
		<a id="27" s="H" t="H" l="H"/>
		<a id="28" s="C" t="C.ar" l="C"/>
		<a id="29" s="H" t="H" l="H"/>
	</atoms>
	<bonds>
		<b id="1" c="21 20" t="1"/>
		<b id="2" c="23 22" t="1"/>
		<b id="3" c="12 11" t="1"/>
		<b id="4" c="1 2" t="1"/>
		<b id="5" c="22 20" t="ar"/>
		<b id="6" c="22 24" t="ar"/>
		<b id="7" c="20 19" t="ar"/>
		<b id="8" c="14 13" t="1"/>
		<b id="9" c="11 13" t="ar"/>
		<b id="10" c="11 9" t="ar"/>
		<b id="11" c="10 9" t="1"/>
		<b id="12" c="25 24" t="1"/>
		<b id="13" c="24 26" t="ar"/>
		<b id="14" c="19 2" t="1"/>
		<b id="15" c="19 28" t="ar"/>
		<b id="16" c="2 3" t="2"/>
		<b id="17" c="13 4" t="ar"/>
		<b id="18" c="9 7" t="ar"/>
		<b id="19" c="26 28" t="ar"/>
		<b id="20" c="26 27" t="1"/>
		<b id="21" c="28 29" t="1"/>
		<b id="22" c="18 15" t="1"/>
		<b id="23" c="4 3" t="1"/>
		<b id="24" c="4 5" t="ar"/>
		<b id="25" c="7 5" t="ar"/>
		<b id="26" c="7 8" t="1"/>
		<b id="27" c="3 15" t="1"/>
		<b id="28" c="5 6" t="1"/>
		<b id="29" c="15 16" t="1"/>
		<b id="30" c="15 17" t="1"/>
	</bonds>
	<geometry>
		<g u="A" t="cart/3d">#29,3:0.1997,1.4082,-0.6075;0.4870,0.4122,-0.2546;-0.5244,-0.4073,0.1309;-1.9360,0.0641,0.0272;-2.2865,1.4183,0.2085;-1.5137,2.1431,0.4737;-3.6094,1.8468,0.0906;-3.8504,2.9021,0.2456;-4.6253,0.9326,-0.2079;-5.6618,1.2681,-0.2988;-4.3011,-0.4163,-0.3769;-5.0842,-1.1436,-0.6087;-2.9772,-0.8450,-0.2523;-2.7492,-1.9034,-0.3965;-0.3164,-1.7993,0.6855;0.6746,-1.9058,1.1475;-1.0775,-2.0313,1.4464;-0.3991,-2.5763,-0.0959;1.9443,0.1970,-0.2609;2.5683,-1.0522,-0.4667;1.9633,-1.9385,-0.6587;3.9607,-1.1695,-0.4753;4.4170,-2.1490,-0.6441;4.7698,-0.0459,-0.2840;5.8588,-0.1420,-0.2902;4.1712,1.2058,-0.1015;4.7913,2.0958,0.0361;2.7818,1.3237,-0.1009;2.3243,2.3080,0.0356;</g>
	</geometry>
	<conformers/>
	<properties/>
</molecule>
