<?xml version="1.0" ?>
<!--MOLLI PACKAGE EXPERIMENTAL XML FORMAT-->
<molecule name="react_422">
	<atoms>
		<a id="1" s="H" t="H" l="H"/>
		<a id="2" s="O" t="O.3" l="O"/>
		<a id="3" s="C" t="C.3" l="C"/>
		<a id="4" s="H" t="H" l="H"/>
		<a id="5" s="H" t="H" l="H"/>
		<a id="6" s="C" t="C.2" l="C"/>
		<a id="7" s="H" t="H" l="H"/>
		<a id="8" s="C" t="C.2" l="C"/>
		<a id="9" s="C" t="C.3" l="C"/>
		<a id="10" s="H" t="H" l="H"/>
		<a id="11" s="H" t="H" l="H"/>
		<a id="12" s="H" t="H" l="H"/>
		<a id="13" s="C" t="C.3" l="C"/>
		<a id="14" s="H" t="H" l="H"/>
		<a id="15" s="H" t="H" l="H"/>
		<a id="16" s="C" t="C.3" l="C"/>
		<a id="17" s="H" t="H" l="H"/>
		<a id="18" s="H" t="H" l="H"/>
		<a id="19" s="C" t="C.ar" l="C"/>
		<a id="20" s="C" t="C.ar" l="C"/>
		<a id="21" s="O" t="O.3" l="O"/>
		<a id="22" s="C" t="C.3" l="C"/>
		<a id="23" s="H" t="H" l="H"/>
		<a id="24" s="H" t="H" l="H"/>
		<a id="25" s="H" t="H" l="H"/>
		<a id="26" s="C" t="C.ar" l="C"/>
		<a id="27" s="C" t="C.3" l="C"/>
		<a id="28" s="H" t="H" l="H"/>
		<a id="29" s="H" t="H" l="H"/>
		<a id="30" s="H" t="H" l="H"/>
		<a id="31" s="C" t="C.ar" l="C"/>
		<a id="32" s="C" t="C.3" l="C"/>
		<a id="33" s="H" t="H" l="H"/>
		<a id="34" s="H" t="H" l="H"/>
		<a id="35" s="H" t="H" l="H"/>
		<a id="36" s="C" t="C.ar" l="C"/>
		<a id="37" s="O" t="O.3" l="O"/>
		<a id="38" s="C" t="C.3" l="C"/>
		<a id="39" s="H" t="H" l="H"/>
		<a id="40" s="H" t="H" l="H"/>
		<a id="41" s="H" t="H" l="H"/>
		<a id="42" s="C" t="C.ar" l="C"/>
		<a id="43" s="C" t="C.3" l="C"/>
		<a id="44" s="H" t="H" l="H"/>
		<a id="45" s="H" t="H" l="H"/>
		<a id="46" s="H" t="H" l="H"/>
	</atoms>
	<bonds>
		<b id="1" c="29 27" t="1"/>
		<b id="2" c="34 32" t="1"/>
		<b id="3" c="1 2" t="1"/>
		<b id="4" c="28 27" t="1"/>
		<b id="5" c="27 30" t="1"/>
		<b id="6" c="27 26" t="1"/>
		<b id="7" c="32 33" t="1"/>
		<b id="8" c="32 35" t="1"/>
		<b id="9" c="32 31" t="1"/>
		<b id="10" c="15 13" t="1"/>
		<b id="11" c="14 13" t="1"/>
		<b id="12" c="2 3" t="1"/>
		<b id="13" c="26 31" t="ar"/>
		<b id="14" c="26 20" t="ar"/>
		<b id="15" c="31 36" t="ar"/>
		<b id="16" c="7 6" t="1"/>
		<b id="17" c="13 8" t="1"/>
		<b id="18" c="13 16" t="1"/>
		<b id="19" c="21 20" t="1"/>
		<b id="20" c="21 22" t="1"/>
		<b id="21" c="20 19" t="ar"/>
		<b id="22" c="10 9" t="1"/>
		<b id="23" c="6 8" t="2"/>
		<b id="24" c="6 3" t="1"/>
		<b id="25" c="36 37" t="1"/>
		<b id="26" c="36 42" t="ar"/>
		<b id="27" c="8 9" t="1"/>
		<b id="28" c="37 38" t="1"/>
		<b id="29" c="3 4" t="1"/>
		<b id="30" c="3 5" t="1"/>
		<b id="31" c="19 42" t="ar"/>
		<b id="32" c="19 16" t="1"/>
		<b id="33" c="42 43" t="1"/>
		<b id="34" c="9 12" t="1"/>
		<b id="35" c="9 11" t="1"/>
		<b id="36" c="44 43" t="1"/>
		<b id="37" c="24 22" t="1"/>
		<b id="38" c="45 43" t="1"/>
		<b id="39" c="22 23" t="1"/>
		<b id="40" c="22 25" t="1"/>
		<b id="41" c="16 18" t="1"/>
		<b id="42" c="16 17" t="1"/>
		<b id="43" c="43 46" t="1"/>
		<b id="44" c="40 38" t="1"/>
		<b id="45" c="38 39" t="1"/>
		<b id="46" c="38 41" t="1"/>
	</bonds>
	<geometry>
		<g u="A" t="cart/3d">#46,3:6.3312,0.6228,-1.7004;6.5527,1.0867,-0.8814;5.7716,0.5101,0.1541;6.1196,-0.5106,0.4058;5.9653,1.1331,1.0460;4.3052,0.5301,-0.1726;3.9615,1.5051,-0.5432;3.4059,-0.4698,-0.0866;3.7258,-1.8613,0.4060;3.3011,-2.6193,-0.2748;3.2754,-2.0470,1.3971;4.8044,-2.0481,0.5007;1.9630,-0.2322,-0.4824;1.8738,0.7475,-0.9787;1.6539,-0.9941,-1.2200;0.9608,-0.2934,0.6979;1.2773,0.4214,1.4723;1.0113,-1.2921,1.1550;-0.4623,-0.0090,0.2624;-1.2333,-1.0492,-0.2910;-0.6632,-2.3086,-0.3745;-1.0079,-3.2060,0.6661;-2.0915,-3.4234,0.6826;-0.4614,-4.1429,0.4822;-0.7204,-2.8117,1.6586;-2.5218,-0.8357,-0.8120;-3.2763,-1.9589,-1.4813;-2.6288,-2.8315,-1.6345;-3.6597,-1.6484,-2.4670;-4.1545,-2.2764,-0.8914;-3.0832,0.4557,-0.7238;-4.4573,0.7342,-1.2832;-4.7003,1.8019,-1.2187;-4.5220,0.4397,-2.3443;-5.2400,0.1637,-0.7534;-2.3316,1.4864,-0.1291;-2.8813,2.7529,-0.0516;-3.5778,3.0415,1.1472;-4.4340,2.3578,1.2978;-3.9551,4.0717,1.0647;-2.9194,2.9718,2.0328;-1.0148,1.2861,0.3332;-0.2236,2.4553,0.8760;0.7892,2.4933,0.4465;-0.7251,3.4020,0.6383;-0.1025,2.3992,1.9724;</g>
	</geometry>
	<conformers/>
	<properties/>
</molecule>
