<?xml version="1.0" ?>
<!--MOLLI PACKAGE EXPERIMENTAL XML FORMAT-->
<molecule name="react_423">
	<atoms>
		<a id="1" s="H" t="H" l="H"/>
		<a id="2" s="O" t="O.3" l="O"/>
		<a id="3" s="C" t="C.3" l="C"/>
		<a id="4" s="H" t="H" l="H"/>
		<a id="5" s="H" t="H" l="H"/>
		<a id="6" s="C" t="C.2" l="C"/>
		<a id="7" s="H" t="H" l="H"/>
		<a id="8" s="C" t="C.2" l="C"/>
		<a id="9" s="C" t="C.3" l="C"/>
		<a id="10" s="H" t="H" l="H"/>
		<a id="11" s="H" t="H" l="H"/>
		<a id="12" s="H" t="H" l="H"/>
		<a id="13" s="C" t="C.3" l="C"/>
		<a id="14" s="H" t="H" l="H"/>
		<a id="15" s="H" t="H" l="H"/>
		<a id="16" s="C" t="C.3" l="C"/>
		<a id="17" s="H" t="H" l="H"/>
		<a id="18" s="H" t="H" l="H"/>
		<a id="19" s="C" t="C.3" l="C"/>
		<a id="20" s="H" t="H" l="H"/>
		<a id="21" s="H" t="H" l="H"/>
		<a id="22" s="C" t="C.ar" l="C"/>
		<a id="23" s="C" t="C.ar" l="C"/>
		<a id="24" s="O" t="O.3" l="O"/>
		<a id="25" s="C" t="C.3" l="C"/>
		<a id="26" s="H" t="H" l="H"/>
		<a id="27" s="H" t="H" l="H"/>
		<a id="28" s="H" t="H" l="H"/>
		<a id="29" s="C" t="C.ar" l="C"/>
		<a id="30" s="C" t="C.3" l="C"/>
		<a id="31" s="H" t="H" l="H"/>
		<a id="32" s="H" t="H" l="H"/>
		<a id="33" s="H" t="H" l="H"/>
		<a id="34" s="C" t="C.ar" l="C"/>
		<a id="35" s="C" t="C.3" l="C"/>
		<a id="36" s="H" t="H" l="H"/>
		<a id="37" s="H" t="H" l="H"/>
		<a id="38" s="H" t="H" l="H"/>
		<a id="39" s="C" t="C.ar" l="C"/>
		<a id="40" s="O" t="O.3" l="O"/>
		<a id="41" s="C" t="C.3" l="C"/>
		<a id="42" s="H" t="H" l="H"/>
		<a id="43" s="H" t="H" l="H"/>
		<a id="44" s="H" t="H" l="H"/>
		<a id="45" s="C" t="C.ar" l="C"/>
		<a id="46" s="C" t="C.3" l="C"/>
		<a id="47" s="H" t="H" l="H"/>
		<a id="48" s="H" t="H" l="H"/>
		<a id="49" s="H" t="H" l="H"/>
	</atoms>
	<bonds>
		<b id="1" c="1 2" t="1"/>
		<b id="2" c="38 35" t="1"/>
		<b id="3" c="37 35" t="1"/>
		<b id="4" c="2 3" t="1"/>
		<b id="5" c="35 36" t="1"/>
		<b id="6" c="35 34" t="1"/>
		<b id="7" c="40 39" t="1"/>
		<b id="8" c="40 41" t="1"/>
		<b id="9" c="5 3" t="1"/>
		<b id="10" c="42 41" t="1"/>
		<b id="11" c="31 30" t="1"/>
		<b id="12" c="3 4" t="1"/>
		<b id="13" c="3 6" t="1"/>
		<b id="14" c="49 46" t="1"/>
		<b id="15" c="34 39" t="ar"/>
		<b id="16" c="34 29" t="ar"/>
		<b id="17" c="39 45" t="ar"/>
		<b id="18" c="12 9" t="1"/>
		<b id="19" c="41 44" t="1"/>
		<b id="20" c="41 43" t="1"/>
		<b id="21" c="17 16" t="1"/>
		<b id="22" c="28 25" t="1"/>
		<b id="23" c="48 46" t="1"/>
		<b id="24" c="11 9" t="1"/>
		<b id="25" c="26 25" t="1"/>
		<b id="26" c="29 30" t="1"/>
		<b id="27" c="29 23" t="ar"/>
		<b id="28" c="6 7" t="1"/>
		<b id="29" c="6 8" t="2"/>
		<b id="30" c="45 46" t="1"/>
		<b id="31" c="45 22" t="ar"/>
		<b id="32" c="30 32" t="1"/>
		<b id="33" c="30 33" t="1"/>
		<b id="34" c="46 47" t="1"/>
		<b id="35" c="18 16" t="1"/>
		<b id="36" c="9 8" t="1"/>
		<b id="37" c="9 10" t="1"/>
		<b id="38" c="25 27" t="1"/>
		<b id="39" c="25 24" t="1"/>
		<b id="40" c="8 13" t="1"/>
		<b id="41" c="16 13" t="1"/>
		<b id="42" c="16 19" t="1"/>
		<b id="43" c="23 22" t="ar"/>
		<b id="44" c="23 24" t="1"/>
		<b id="45" c="22 19" t="1"/>
		<b id="46" c="13 14" t="1"/>
		<b id="47" c="13 15" t="1"/>
		<b id="48" c="19 20" t="1"/>
		<b id="49" c="19 21" t="1"/>
	</bonds>
	<geometry>
		<g u="A" t="cart/3d">#49,3:5.3052,-0.0632,-2.4247;6.1233,-0.2038,-1.9281;6.1471,0.7419,-0.8714;7.0066,0.4537,-0.2385;6.3819,1.7547,-1.2571;4.8847,0.8296,-0.0398;4.5882,1.8508,0.2330;4.1157,-0.1788,0.4169;4.4196,-1.6412,0.1914;4.6686,-2.1227,1.1549;3.5371,-2.1772,-0.1992;5.2501,-1.7916,-0.5083;2.8699,0.1186,1.2290;2.9202,1.1480,1.6231;2.8450,-0.5504,2.1101;1.5515,-0.0477,0.4503;1.5481,0.6556,-0.4001;1.5013,-1.0548,0.0049;0.3081,0.1757,1.3343;0.4146,1.1448,1.8497;0.2932,-0.5954,2.1194;-1.0177,0.1431,0.5989;-1.7702,-1.0482,0.5551;-1.2737,-2.1630,1.2055;-0.6739,-3.1560,0.3930;0.1716,-2.7515,-0.1917;-0.2980,-3.9405,1.0665;-1.3933,-3.6103,-0.3119;-3.0335,-1.1147,-0.0634;-3.8514,-2.3831,-0.0053;-3.8542,-2.9229,-0.9695;-4.9041,-2.1656,0.2348;-3.4656,-3.0632,0.7653;-3.5385,0.0329,-0.7076;-4.8599,-0.0108,-1.4378;-5.7152,-0.0650,-0.7405;-4.9877,0.8806,-2.0653;-4.9285,-0.8979,-2.0876;-2.7894,1.2234,-0.6635;-3.2853,2.3484,-1.2976;-4.1132,3.1813,-0.5056;-4.4170,4.0312,-1.1347;-3.5790,3.5668,0.3824;-5.0202,2.6514,-0.1603;-1.5375,1.2988,-0.0225;-0.7854,2.6104,-0.0049;-0.8318,3.0944,0.9873;0.2803,2.4762,-0.2420;-1.2080,3.3069,-0.7403;</g>
	</geometry>
	<conformers/>
	<properties/>
</molecule>
