<?xml version="1.0" ?>
<!--MOLLI PACKAGE EXPERIMENTAL XML FORMAT-->
<molecule name="react_425">
	<atoms>
		<a id="1" s="H" t="H" l="H"/>
		<a id="2" s="C" t="C.2" l="C"/>
		<a id="3" s="C" t="C.2" l="C"/>
		<a id="4" s="O" t="O.2" l="O"/>
		<a id="5" s="O" t="O.3" l="O"/>
		<a id="6" s="C" t="C.3" l="C"/>
		<a id="7" s="H" t="H" l="H"/>
		<a id="8" s="H" t="H" l="H"/>
		<a id="9" s="H" t="H" l="H"/>
		<a id="10" s="C" t="C.2" l="C"/>
		<a id="11" s="C" t="C.2" l="C"/>
		<a id="12" s="O" t="O.2" l="O"/>
		<a id="13" s="O" t="O.3" l="O"/>
		<a id="14" s="C" t="C.3" l="C"/>
		<a id="15" s="H" t="H" l="H"/>
		<a id="16" s="H" t="H" l="H"/>
		<a id="17" s="H" t="H" l="H"/>
		<a id="18" s="C" t="C.3" l="C"/>
		<a id="19" s="H" t="H" l="H"/>
		<a id="20" s="H" t="H" l="H"/>
		<a id="21" s="C" t="C.ar" l="C"/>
		<a id="22" s="C" t="C.ar" l="C"/>
		<a id="23" s="H" t="H" l="H"/>
		<a id="24" s="C" t="C.ar" l="C"/>
		<a id="25" s="H" t="H" l="H"/>
		<a id="26" s="C" t="C.ar" l="C"/>
		<a id="27" s="O" t="O.3" l="O"/>
		<a id="28" s="Si" t="Si" l="SI"/>
		<a id="29" s="C" t="C.3" l="C"/>
		<a id="30" s="H" t="H" l="H"/>
		<a id="31" s="H" t="H" l="H"/>
		<a id="32" s="H" t="H" l="H"/>
		<a id="33" s="C" t="C.3" l="C"/>
		<a id="34" s="H" t="H" l="H"/>
		<a id="35" s="H" t="H" l="H"/>
		<a id="36" s="H" t="H" l="H"/>
		<a id="37" s="C" t="C.3" l="C"/>
		<a id="38" s="C" t="C.3" l="C"/>
		<a id="39" s="H" t="H" l="H"/>
		<a id="40" s="H" t="H" l="H"/>
		<a id="41" s="H" t="H" l="H"/>
		<a id="42" s="C" t="C.3" l="C"/>
		<a id="43" s="H" t="H" l="H"/>
		<a id="44" s="H" t="H" l="H"/>
		<a id="45" s="H" t="H" l="H"/>
		<a id="46" s="C" t="C.3" l="C"/>
		<a id="47" s="H" t="H" l="H"/>
		<a id="48" s="H" t="H" l="H"/>
		<a id="49" s="H" t="H" l="H"/>
		<a id="50" s="C" t="C.ar" l="C"/>
		<a id="51" s="H" t="H" l="H"/>
		<a id="52" s="C" t="C.ar" l="C"/>
		<a id="53" s="H" t="H" l="H"/>
	</atoms>
	<bonds>
		<b id="1" c="4 3" t="2"/>
		<b id="2" c="7 6" t="1"/>
		<b id="3" c="30 29" t="1"/>
		<b id="4" c="31 29" t="1"/>
		<b id="5" c="36 33" t="1"/>
		<b id="6" c="3 2" t="1"/>
		<b id="7" c="3 5" t="1"/>
		<b id="8" c="1 2" t="1"/>
		<b id="9" c="35 33" t="1"/>
		<b id="10" c="8 6" t="1"/>
		<b id="11" c="53 52" t="1"/>
		<b id="12" c="51 50" t="1"/>
		<b id="13" c="29 32" t="1"/>
		<b id="14" c="29 28" t="1"/>
		<b id="15" c="6 5" t="1"/>
		<b id="16" c="6 9" t="1"/>
		<b id="17" c="2 10" t="2"/>
		<b id="18" c="33 34" t="1"/>
		<b id="19" c="33 28" t="1"/>
		<b id="20" c="52 50" t="ar"/>
		<b id="21" c="52 21" t="ar"/>
		<b id="22" c="50 26" t="ar"/>
		<b id="23" c="44 42" t="1"/>
		<b id="24" c="43 42" t="1"/>
		<b id="25" c="28 27" t="1"/>
		<b id="26" c="28 37" t="1"/>
		<b id="27" c="20 18" t="1"/>
		<b id="28" c="10 18" t="1"/>
		<b id="29" c="10 11" t="1"/>
		<b id="30" c="42 45" t="1"/>
		<b id="31" c="42 37" t="1"/>
		<b id="32" c="12 11" t="2"/>
		<b id="33" c="18 21" t="1"/>
		<b id="34" c="18 19" t="1"/>
		<b id="35" c="21 22" t="ar"/>
		<b id="36" c="26 27" t="1"/>
		<b id="37" c="26 24" t="ar"/>
		<b id="38" c="11 13" t="1"/>
		<b id="39" c="37 38" t="1"/>
		<b id="40" c="37 46" t="1"/>
		<b id="41" c="39 38" t="1"/>
		<b id="42" c="48 46" t="1"/>
		<b id="43" c="38 41" t="1"/>
		<b id="44" c="38 40" t="1"/>
		<b id="45" c="22 24" t="ar"/>
		<b id="46" c="22 23" t="1"/>
		<b id="47" c="24 25" t="1"/>
		<b id="48" c="46 47" t="1"/>
		<b id="49" c="46 49" t="1"/>
		<b id="50" c="13 14" t="1"/>
		<b id="51" c="17 14" t="1"/>
		<b id="52" c="16 14" t="1"/>
		<b id="53" c="14 15" t="1"/>
	</bonds>
	<geometry>
		<g u="A" t="cart/3d">#53,3:4.7209,1.7263,-2.0616;4.8004,0.8188,-1.4543;5.6297,-0.2527,-2.0841;5.5202,-0.5673,-3.2448;6.5377,-0.7737,-1.2443;7.2790,-1.8911,-1.7337;7.7907,-1.6439,-2.6761;6.6072,-2.7459,-1.9084;8.0100,-2.1392,-0.9538;4.1021,0.7380,-0.3068;4.0844,-0.5387,0.4901;4.1332,-1.6529,0.0289;3.9811,-0.2881,1.8097;3.9155,-1.4301,2.6645;3.8259,-1.0423,3.6870;4.8242,-2.0434,2.5661;3.0441,-2.0538,2.4133;3.2576,1.8868,0.2078;3.6166,2.1619,1.2119;3.4207,2.7585,-0.4467;1.7737,1.5595,0.2826;1.1040,1.4598,1.5120;1.6574,1.6288,2.4400;-0.2531,1.1441,1.5767;-0.7687,1.0664,2.5365;-0.9876,0.9135,0.4018;-2.2994,0.6049,0.5253;-3.5084,0.0083,-0.5163;-3.9931,1.3579,-1.7409;-3.1495,1.6282,-2.3962;-4.8209,1.0252,-2.3892;-4.3170,2.2736,-1.2206;-2.8721,-1.5148,-1.4281;-2.4658,-2.2630,-0.7287;-3.6854,-1.9923,-1.9999;-2.0737,-1.2582,-2.1422;-4.9372,-0.4180,0.6855;-5.3352,0.8394,1.4872;-5.7122,1.6457,0.8361;-6.1407,0.5961,2.2041;-4.4848,1.2409,2.0604;-6.1575,-0.9246,-0.1128;-5.9297,-1.8353,-0.6921;-6.5393,-0.1662,-0.8166;-6.9865,-1.1762,0.5734;-4.4741,-1.5158,1.6663;-3.5915,-1.1981,2.2441;-4.2167,-2.4545,1.1481;-5.2790,-1.7513,2.3866;-0.3298,1.0209,-0.8360;-0.8788,0.8590,-1.7656;1.0301,1.3339,-0.8851;1.5211,1.3999,-1.8608;</g>
	</geometry>
	<conformers/>
	<properties/>
</molecule>
