<?xml version="1.0" ?>
<!--MOLLI PACKAGE EXPERIMENTAL XML FORMAT-->
<molecule name="react_433">
	<atoms>
		<a id="1" s="H" t="H" l="H"/>
		<a id="2" s="C" t="C.2" l="C"/>
		<a id="3" s="C" t="C.2" l="C"/>
		<a id="4" s="H" t="H" l="H"/>
		<a id="5" s="C" t="C.3" l="C"/>
		<a id="6" s="H" t="H" l="H"/>
		<a id="7" s="H" t="H" l="H"/>
		<a id="8" s="C" t="C.3" l="C"/>
		<a id="9" s="H" t="H" l="H"/>
		<a id="10" s="H" t="H" l="H"/>
		<a id="11" s="O" t="O.3" l="O"/>
		<a id="12" s="C" t="C.3" l="C"/>
		<a id="13" s="H" t="H" l="H"/>
		<a id="14" s="H" t="H" l="H"/>
		<a id="15" s="H" t="H" l="H"/>
		<a id="16" s="C" t="C.ar" l="C"/>
		<a id="17" s="C" t="C.ar" l="C"/>
		<a id="18" s="H" t="H" l="H"/>
		<a id="19" s="C" t="C.ar" l="C"/>
		<a id="20" s="H" t="H" l="H"/>
		<a id="21" s="C" t="C.ar" l="C"/>
		<a id="22" s="H" t="H" l="H"/>
		<a id="23" s="C" t="C.ar" l="C"/>
		<a id="24" s="H" t="H" l="H"/>
		<a id="25" s="C" t="C.ar" l="C"/>
		<a id="26" s="H" t="H" l="H"/>
	</atoms>
	<bonds>
		<b id="1" c="7 5" t="1"/>
		<b id="2" c="6 5" t="1"/>
		<b id="3" c="14 12" t="1"/>
		<b id="4" c="5 3" t="1"/>
		<b id="5" c="5 8" t="1"/>
		<b id="6" c="13 12" t="1"/>
		<b id="7" c="1 2" t="1"/>
		<b id="8" c="3 2" t="2"/>
		<b id="9" c="3 4" t="1"/>
		<b id="10" c="2 16" t="1"/>
		<b id="11" c="12 11" t="1"/>
		<b id="12" c="12 15" t="1"/>
		<b id="13" c="11 8" t="1"/>
		<b id="14" c="26 25" t="1"/>
		<b id="15" c="16 25" t="ar"/>
		<b id="16" c="16 17" t="ar"/>
		<b id="17" c="8 10" t="1"/>
		<b id="18" c="8 9" t="1"/>
		<b id="19" c="25 23" t="ar"/>
		<b id="20" c="18 17" t="1"/>
		<b id="21" c="17 19" t="ar"/>
		<b id="22" c="23 24" t="1"/>
		<b id="23" c="23 21" t="ar"/>
		<b id="24" c="19 21" t="ar"/>
		<b id="25" c="19 20" t="1"/>
		<b id="26" c="21 22" t="1"/>
	</bonds>
	<geometry>
		<g u="A" t="cart/3d">#26,3:-0.0495,1.4099,-0.5836;-0.4469,0.4093,-0.3696;0.3811,-0.6383,-0.5303;0.0164,-1.6524,-0.3217;1.8158,-0.5391,-0.9599;2.0501,0.4995,-1.2471;1.9913,-1.1689,-1.8519;2.7894,-1.0240,0.1318;2.7015,-0.3712,1.0254;2.5053,-2.0430,0.4454;4.1283,-1.1069,-0.2978;4.8180,0.1150,-0.3520;5.8647,-0.1058,-0.6105;4.4153,0.8078,-1.1176;4.8022,0.6413,0.6249;-1.8550,0.3897,0.0631;-2.5549,-0.7950,0.3743;-2.0515,-1.7616,0.2952;-3.8870,-0.7560,0.7834;-4.4071,-1.6886,1.0193;-4.5607,0.4672,0.8929;-5.6056,0.4941,1.2134;-3.8846,1.6513,0.5874;-4.3985,2.6133,0.6676;-2.5498,1.6101,0.1778;-2.0283,2.5423,-0.0596;</g>
	</geometry>
	<conformers/>
	<properties/>
</molecule>
