<?xml version="1.0" ?>
<!--MOLLI PACKAGE EXPERIMENTAL XML FORMAT-->
<molecule name="react_6">
	<atoms>
		<a id="1" s="H" t="H" l="H"/>
		<a id="2" s="C" t="C.2" l="C"/>
		<a id="3" s="C" t="C.2" l="C"/>
		<a id="4" s="C" t="C.3" l="C"/>
		<a id="5" s="H" t="H" l="H"/>
		<a id="6" s="H" t="H" l="H"/>
		<a id="7" s="H" t="H" l="H"/>
		<a id="8" s="C" t="C.3" l="C"/>
		<a id="9" s="H" t="H" l="H"/>
		<a id="10" s="H" t="H" l="H"/>
		<a id="11" s="H" t="H" l="H"/>
		<a id="12" s="C" t="C.3" l="C"/>
		<a id="13" s="H" t="H" l="H"/>
		<a id="14" s="H" t="H" l="H"/>
		<a id="15" s="C" t="C.3" l="C"/>
		<a id="16" s="H" t="H" l="H"/>
		<a id="17" s="H" t="H" l="H"/>
		<a id="18" s="C" t="C.3" l="C"/>
		<a id="19" s="H" t="H" l="H"/>
		<a id="20" s="H" t="H" l="H"/>
		<a id="21" s="C" t="C.3" l="C"/>
		<a id="22" s="H" t="H" l="H"/>
		<a id="23" s="H" t="H" l="H"/>
		<a id="24" s="H" t="H" l="H"/>
	</atoms>
	<bonds>
		<b id="1" c="11 8" t="1"/>
		<b id="2" c="9 8" t="1"/>
		<b id="3" c="8 10" t="1"/>
		<b id="4" c="8 3" t="1"/>
		<b id="5" c="5 4" t="1"/>
		<b id="6" c="13 12" t="1"/>
		<b id="7" c="23 21" t="1"/>
		<b id="8" c="3 4" t="1"/>
		<b id="9" c="3 2" t="2"/>
		<b id="10" c="14 12" t="1"/>
		<b id="11" c="4 6" t="1"/>
		<b id="12" c="4 7" t="1"/>
		<b id="13" c="12 2" t="1"/>
		<b id="14" c="12 15" t="1"/>
		<b id="15" c="2 1" t="1"/>
		<b id="16" c="21 22" t="1"/>
		<b id="17" c="21 24" t="1"/>
		<b id="18" c="21 18" t="1"/>
		<b id="19" c="20 18" t="1"/>
		<b id="20" c="18 15" t="1"/>
		<b id="21" c="18 19" t="1"/>
		<b id="22" c="15 16" t="1"/>
		<b id="23" c="15 17" t="1"/>
	</bonds>
	<geometry>
		<g u="A" t="cart/3d">#24,3:1.4279,-1.5942,0.6997;1.0948,-0.7953,0.0225;2.0537,-0.0267,-0.5275;3.5128,-0.2735,-0.2254;4.0780,-0.4957,-1.1492;3.9843,0.6231,0.2173;3.6551,-1.1132,0.4715;1.7994,1.1224,-1.4724;0.7346,1.2849,-1.6874;2.2082,2.0624,-1.0592;2.3171,0.9574,-2.4347;-0.3983,-0.7025,-0.1416;-0.6634,0.0430,-0.9068;-0.7767,-1.6732,-0.5186;-1.1276,-0.3831,1.1781;-0.7927,0.6055,1.5433;-0.8040,-1.1104,1.9446;-2.6608,-0.4066,1.0907;-3.0703,-0.3043,2.1114;-2.9880,-1.4014,0.7345;-3.2729,0.6796,0.2011;-4.3743,0.6398,0.2248;-2.9665,0.5753,-0.8527;-2.9703,1.6869,0.5358;</g>
	</geometry>
	<conformers/>
	<properties/>
</molecule>
