<?xml version="1.0" ?>
<!--MOLLI PACKAGE EXPERIMENTAL XML FORMAT-->
<molecule name="react_186">
	<atoms>
		<a id="1" s="H" t="H" l="H"/>
		<a id="2" s="C" t="C.2" l="C"/>
		<a id="3" s="H" t="H" l="H"/>
		<a id="4" s="C" t="C.2" l="C"/>
		<a id="5" s="H" t="H" l="H"/>
		<a id="6" s="Si" t="Si" l="SI"/>
		<a id="7" s="C" t="C.3" l="C"/>
		<a id="8" s="H" t="H" l="H"/>
		<a id="9" s="H" t="H" l="H"/>
		<a id="10" s="H" t="H" l="H"/>
		<a id="11" s="C" t="C.3" l="C"/>
		<a id="12" s="H" t="H" l="H"/>
		<a id="13" s="H" t="H" l="H"/>
		<a id="14" s="H" t="H" l="H"/>
		<a id="15" s="C" t="C.3" l="C"/>
		<a id="16" s="H" t="H" l="H"/>
		<a id="17" s="H" t="H" l="H"/>
		<a id="18" s="H" t="H" l="H"/>
	</atoms>
	<bonds>
		<b id="1" c="12 11" t="1"/>
		<b id="2" c="14 11" t="1"/>
		<b id="3" c="13 11" t="1"/>
		<b id="4" c="11 6" t="1"/>
		<b id="5" c="5 4" t="1"/>
		<b id="6" c="6 4" t="1"/>
		<b id="7" c="6 7" t="1"/>
		<b id="8" c="6 15" t="1"/>
		<b id="9" c="4 2" t="2"/>
		<b id="10" c="9 7" t="1"/>
		<b id="11" c="18 15" t="1"/>
		<b id="12" c="10 7" t="1"/>
		<b id="13" c="16 15" t="1"/>
		<b id="14" c="7 8" t="1"/>
		<b id="15" c="15 17" t="1"/>
		<b id="16" c="2 1" t="1"/>
		<b id="17" c="2 3" t="1"/>
	</bonds>
	<geometry>
		<g u="A" t="cart/3d">#18,3:2.7434,-2.2298,0.8349;1.7439,-1.7876,0.7388;0.9263,-2.3657,1.1864;1.5319,-0.6188,0.1164;2.4143,-0.1093,-0.3021;-0.1377,0.2314,-0.1092;-1.5087,-0.8052,0.6807;-1.3416,-0.9406,1.7622;-1.5781,-1.8054,0.2213;-2.4873,-0.3124,0.5530;-0.4671,0.4418,-1.9630;-0.5190,-0.5347,-2.4727;-1.4197,0.9689,-2.1421;0.3340,1.0278,-2.4445;-0.0691,1.9401,0.7066;-1.0211,2.4819,0.5731;0.1236,1.8568,1.7892;0.7322,2.5605,0.2710;</g>
	</geometry>
	<conformers/>
	<properties/>
</molecule>
