<?xml version="1.0" ?>
<!--MOLLI PACKAGE EXPERIMENTAL XML FORMAT-->
<molecule name="react_435">
	<atoms>
		<a id="1" s="H" t="H" l="H"/>
		<a id="2" s="C" t="C.2" l="C"/>
		<a id="3" s="C" t="C.2" l="C"/>
		<a id="4" s="C" t="C.3" l="C"/>
		<a id="5" s="H" t="H" l="H"/>
		<a id="6" s="H" t="H" l="H"/>
		<a id="7" s="H" t="H" l="H"/>
		<a id="8" s="C" t="C.3" l="C"/>
		<a id="9" s="H" t="H" l="H"/>
		<a id="10" s="H" t="H" l="H"/>
		<a id="11" s="H" t="H" l="H"/>
		<a id="12" s="C" t="C.3" l="C"/>
		<a id="13" s="H" t="H" l="H"/>
		<a id="14" s="H" t="H" l="H"/>
		<a id="15" s="C" t="C.ar" l="C"/>
		<a id="16" s="C" t="C.ar" l="C"/>
		<a id="17" s="H" t="H" l="H"/>
		<a id="18" s="C" t="C.ar" l="C"/>
		<a id="19" s="H" t="H" l="H"/>
		<a id="20" s="C" t="C.ar" l="C"/>
		<a id="21" s="O" t="O.3" l="O"/>
		<a id="22" s="C" t="C.2" l="C"/>
		<a id="23" s="O" t="O.2" l="O"/>
		<a id="24" s="O" t="O.3" l="O"/>
		<a id="25" s="C" t="C.3" l="C"/>
		<a id="26" s="C" t="C.3" l="C"/>
		<a id="27" s="H" t="H" l="H"/>
		<a id="28" s="H" t="H" l="H"/>
		<a id="29" s="H" t="H" l="H"/>
		<a id="30" s="C" t="C.3" l="C"/>
		<a id="31" s="H" t="H" l="H"/>
		<a id="32" s="H" t="H" l="H"/>
		<a id="33" s="H" t="H" l="H"/>
		<a id="34" s="C" t="C.3" l="C"/>
		<a id="35" s="H" t="H" l="H"/>
		<a id="36" s="H" t="H" l="H"/>
		<a id="37" s="H" t="H" l="H"/>
		<a id="38" s="C" t="C.ar" l="C"/>
		<a id="39" s="H" t="H" l="H"/>
		<a id="40" s="C" t="C.ar" l="C"/>
		<a id="41" s="O" t="O.3" l="O"/>
		<a id="42" s="C" t="C.3" l="C"/>
		<a id="43" s="H" t="H" l="H"/>
		<a id="44" s="H" t="H" l="H"/>
		<a id="45" s="C" t="C.ar" l="C"/>
		<a id="46" s="C" t="C.ar" l="C"/>
		<a id="47" s="H" t="H" l="H"/>
		<a id="48" s="C" t="C.ar" l="C"/>
		<a id="49" s="H" t="H" l="H"/>
		<a id="50" s="C" t="C.ar" l="C"/>
		<a id="51" s="H" t="H" l="H"/>
		<a id="52" s="C" t="C.ar" l="C"/>
		<a id="53" s="H" t="H" l="H"/>
		<a id="54" s="C" t="C.ar" l="C"/>
		<a id="55" s="H" t="H" l="H"/>
	</atoms>
	<bonds>
		<b id="1" c="47 46" t="1"/>
		<b id="2" c="43 42" t="1"/>
		<b id="3" c="9 8" t="1"/>
		<b id="4" c="44 42" t="1"/>
		<b id="5" c="49 48" t="1"/>
		<b id="6" c="46 48" t="ar"/>
		<b id="7" c="46 45" t="ar"/>
		<b id="8" c="42 45" t="1"/>
		<b id="9" c="42 41" t="1"/>
		<b id="10" c="31 30" t="1"/>
		<b id="11" c="10 8" t="1"/>
		<b id="12" c="35 34" t="1"/>
		<b id="13" c="33 30" t="1"/>
		<b id="14" c="8 11" t="1"/>
		<b id="15" c="8 3" t="1"/>
		<b id="16" c="48 50" t="ar"/>
		<b id="17" c="37 34" t="1"/>
		<b id="18" c="1 2" t="1"/>
		<b id="19" c="45 54" t="ar"/>
		<b id="20" c="30 32" t="1"/>
		<b id="21" c="30 25" t="1"/>
		<b id="22" c="23 22" t="2"/>
		<b id="23" c="34 36" t="1"/>
		<b id="24" c="34 25" t="1"/>
		<b id="25" c="41 40" t="1"/>
		<b id="26" c="39 38" t="1"/>
		<b id="27" c="50 51" t="1"/>
		<b id="28" c="50 52" t="ar"/>
		<b id="29" c="2 3" t="2"/>
		<b id="30" c="2 12" t="1"/>
		<b id="31" c="3 4" t="1"/>
		<b id="32" c="54 52" t="ar"/>
		<b id="33" c="54 55" t="1"/>
		<b id="34" c="25 24" t="1"/>
		<b id="35" c="25 26" t="1"/>
		<b id="36" c="40 38" t="ar"/>
		<b id="37" c="40 15" t="ar"/>
		<b id="38" c="38 20" t="ar"/>
		<b id="39" c="52 53" t="1"/>
		<b id="40" c="22 24" t="1"/>
		<b id="41" c="22 21" t="1"/>
		<b id="42" c="29 26" t="1"/>
		<b id="43" c="14 12" t="1"/>
		<b id="44" c="12 15" t="1"/>
		<b id="45" c="12 13" t="1"/>
		<b id="46" c="15 16" t="ar"/>
		<b id="47" c="26 27" t="1"/>
		<b id="48" c="26 28" t="1"/>
		<b id="49" c="7 4" t="1"/>
		<b id="50" c="4 6" t="1"/>
		<b id="51" c="4 5" t="1"/>
		<b id="52" c="20 21" t="1"/>
		<b id="53" c="20 18" t="ar"/>
		<b id="54" c="16 18" t="ar"/>
		<b id="55" c="16 17" t="1"/>
		<b id="56" c="18 19" t="1"/>
	</bonds>
	<geometry>
		<g u="A" t="cart/3d">#55,3:-2.9450,2.7783,-1.1387;-3.1350,3.2220,-0.1542;-3.4092,4.5388,-0.1077;-3.6953,5.3212,1.1505;-3.6528,4.7146,2.0653;-2.9763,6.1529,1.2632;-4.6971,5.7854,1.1014;-3.4530,5.3609,-1.3742;-3.2429,4.7542,-2.2678;-4.4422,5.8364,-1.5067;-2.7163,6.1844,-1.3380;-3.0424,2.2411,0.9918;-3.2705,2.7305,1.9495;-3.8049,1.4565,0.8435;-1.6797,1.5779,1.0949;-0.7203,2.0174,2.0113;-0.9720,2.8457,2.6799;0.5482,1.4363,2.0959;1.2920,1.7818,2.8157;0.8593,0.3806,1.2421;2.1098,-0.1986,1.4233;2.8649,-0.6283,0.3882;2.5525,-0.5941,-0.7758;3.9981,-1.0849,0.9108;5.0759,-1.6264,0.0679;6.1377,-2.0192,1.0962;6.4561,-1.1412,1.6784;5.7408,-2.7701,1.7963;7.0186,-2.4426,0.5899;5.5994,-0.5328,-0.8687;4.8336,-0.2290,-1.5942;5.9125,0.3504,-0.2898;6.4763,-0.9080,-1.4193;4.5741,-2.8553,-0.6970;3.8062,-2.5810,-1.4318;4.1515,-3.5957,0.0005;5.4156,-3.3279,-1.2276;-0.0719,-0.1041,0.3188;0.1921,-0.9373,-0.3249;-1.3293,0.5078,0.2399;-2.2907,0.1271,-0.6532;-2.0198,-0.8681,-1.6268;-2.8018,-0.7206,-2.3907;-1.0480,-0.6808,-2.1174;-2.0872,-2.2911,-1.1039;-1.2918,-3.2924,-1.6798;-0.5812,-3.0317,-2.4706;-1.3932,-4.6189,-1.2490;-0.7656,-5.3883,-1.7069;-2.2865,-4.9576,-0.2282;-2.3630,-5.9930,0.1143;-3.0770,-3.9627,0.3568;-3.7744,-4.2193,1.1590;-2.9809,-2.6390,-0.0805;-3.5977,-1.8621,0.3777;</g>
	</geometry>
	<conformers/>
	<properties/>
</molecule>
