<?xml version="1.0" ?>
<!--MOLLI PACKAGE EXPERIMENTAL XML FORMAT-->
<molecule name="react_436">
	<atoms>
		<a id="1" s="H" t="H" l="H"/>
		<a id="2" s="C" t="C.2" l="C"/>
		<a id="3" s="C" t="C.2" l="C"/>
		<a id="4" s="C" t="C.3" l="C"/>
		<a id="5" s="H" t="H" l="H"/>
		<a id="6" s="H" t="H" l="H"/>
		<a id="7" s="H" t="H" l="H"/>
		<a id="8" s="C" t="C.3" l="C"/>
		<a id="9" s="H" t="H" l="H"/>
		<a id="10" s="H" t="H" l="H"/>
		<a id="11" s="H" t="H" l="H"/>
		<a id="12" s="C" t="C.3" l="C"/>
		<a id="13" s="H" t="H" l="H"/>
		<a id="14" s="H" t="H" l="H"/>
		<a id="15" s="C" t="C.ar" l="C"/>
		<a id="16" s="C" t="C.ar" l="C"/>
		<a id="17" s="O" t="O.3" l="O"/>
		<a id="18" s="C" t="C.3" l="C"/>
		<a id="19" s="H" t="H" l="H"/>
		<a id="20" s="H" t="H" l="H"/>
		<a id="21" s="C" t="C.ar" l="C"/>
		<a id="22" s="C" t="C.ar" l="C"/>
		<a id="23" s="H" t="H" l="H"/>
		<a id="24" s="C" t="C.ar" l="C"/>
		<a id="25" s="H" t="H" l="H"/>
		<a id="26" s="C" t="C.ar" l="C"/>
		<a id="27" s="H" t="H" l="H"/>
		<a id="28" s="C" t="C.ar" l="C"/>
		<a id="29" s="H" t="H" l="H"/>
		<a id="30" s="C" t="C.ar" l="C"/>
		<a id="31" s="H" t="H" l="H"/>
		<a id="32" s="C" t="C.ar" l="C"/>
		<a id="33" s="H" t="H" l="H"/>
		<a id="34" s="C" t="C.ar" l="C"/>
		<a id="35" s="C" t="C.3" l="C"/>
		<a id="36" s="H" t="H" l="H"/>
		<a id="37" s="H" t="H" l="H"/>
		<a id="38" s="H" t="H" l="H"/>
		<a id="39" s="C" t="C.ar" l="C"/>
		<a id="40" s="C" t="C.2" l="C"/>
		<a id="41" s="O" t="O.2" l="O"/>
		<a id="42" s="O" t="O.3" l="O"/>
		<a id="43" s="C" t="C.3" l="C"/>
		<a id="44" s="H" t="H" l="H"/>
		<a id="45" s="H" t="H" l="H"/>
		<a id="46" s="H" t="H" l="H"/>
		<a id="47" s="C" t="C.ar" l="C"/>
		<a id="48" s="O" t="O.3" l="O"/>
		<a id="49" s="C" t="C.3" l="C"/>
		<a id="50" s="H" t="H" l="H"/>
		<a id="51" s="H" t="H" l="H"/>
		<a id="52" s="O" t="O.3" l="O"/>
		<a id="53" s="C" t="C.3" l="C"/>
		<a id="54" s="H" t="H" l="H"/>
		<a id="55" s="H" t="H" l="H"/>
		<a id="56" s="C" t="C.3" l="C"/>
		<a id="57" s="H" t="H" l="H"/>
		<a id="58" s="H" t="H" l="H"/>
		<a id="59" s="Si" t="Si" l="SI"/>
		<a id="60" s="C" t="C.3" l="C"/>
		<a id="61" s="H" t="H" l="H"/>
		<a id="62" s="H" t="H" l="H"/>
		<a id="63" s="H" t="H" l="H"/>
		<a id="64" s="C" t="C.3" l="C"/>
		<a id="65" s="H" t="H" l="H"/>
		<a id="66" s="H" t="H" l="H"/>
		<a id="67" s="H" t="H" l="H"/>
		<a id="68" s="C" t="C.3" l="C"/>
		<a id="69" s="H" t="H" l="H"/>
		<a id="70" s="H" t="H" l="H"/>
		<a id="71" s="H" t="H" l="H"/>
	</atoms>
	<bonds>
		<b id="1" c="46 43" t="1"/>
		<b id="2" c="44 43" t="1"/>
		<b id="3" c="43 45" t="1"/>
		<b id="4" c="43 42" t="1"/>
		<b id="5" c="37 35" t="1"/>
		<b id="6" c="36 35" t="1"/>
		<b id="7" c="38 35" t="1"/>
		<b id="8" c="35 34" t="1"/>
		<b id="9" c="42 40" t="1"/>
		<b id="10" c="41 40" t="2"/>
		<b id="11" c="40 39" t="1"/>
		<b id="12" c="34 39" t="ar"/>
		<b id="13" c="34 32" t="ar"/>
		<b id="14" c="65 64" t="1"/>
		<b id="15" c="25 24" t="1"/>
		<b id="16" c="27 26" t="1"/>
		<b id="17" c="39 47" t="ar"/>
		<b id="18" c="33 32" t="1"/>
		<b id="19" c="24 26" t="ar"/>
		<b id="20" c="24 22" t="ar"/>
		<b id="21" c="26 28" t="ar"/>
		<b id="22" c="32 16" t="ar"/>
		<b id="23" c="50 49" t="1"/>
		<b id="24" c="57 56" t="1"/>
		<b id="25" c="64 66" t="1"/>
		<b id="26" c="64 67" t="1"/>
		<b id="27" c="64 59" t="1"/>
		<b id="28" c="70 68" t="1"/>
		<b id="29" c="23 22" t="1"/>
		<b id="30" c="22 21" t="ar"/>
		<b id="31" c="51 49" t="1"/>
		<b id="32" c="28 29" t="1"/>
		<b id="33" c="28 30" t="ar"/>
		<b id="34" c="47 48" t="1"/>
		<b id="35" c="47 15" t="ar"/>
		<b id="36" c="49 48" t="1"/>
		<b id="37" c="49 52" t="1"/>
		<b id="38" c="56 58" t="1"/>
		<b id="39" c="56 59" t="1"/>
		<b id="40" c="56 53" t="1"/>
		<b id="41" c="21 30" t="ar"/>
		<b id="42" c="21 18" t="1"/>
		<b id="43" c="16 15" t="ar"/>
		<b id="44" c="16 17" t="1"/>
		<b id="45" c="30 31" t="1"/>
		<b id="46" c="68 69" t="1"/>
		<b id="47" c="68 59" t="1"/>
		<b id="48" c="68 71" t="1"/>
		<b id="49" c="59 60" t="1"/>
		<b id="50" c="20 18" t="1"/>
		<b id="51" c="15 12" t="1"/>
		<b id="52" c="52 53" t="1"/>
		<b id="53" c="55 53" t="1"/>
		<b id="54" c="18 17" t="1"/>
		<b id="55" c="18 19" t="1"/>
		<b id="56" c="53 54" t="1"/>
		<b id="57" c="14 12" t="1"/>
		<b id="58" c="12 13" t="1"/>
		<b id="59" c="12 2" t="1"/>
		<b id="60" c="60 61" t="1"/>
		<b id="61" c="60 62" t="1"/>
		<b id="62" c="60 63" t="1"/>
		<b id="63" c="1 2" t="1"/>
		<b id="64" c="2 3" t="2"/>
		<b id="65" c="3 8" t="1"/>
		<b id="66" c="3 4" t="1"/>
		<b id="67" c="11 8" t="1"/>
		<b id="68" c="7 4" t="1"/>
		<b id="69" c="8 9" t="1"/>
		<b id="70" c="8 10" t="1"/>
		<b id="71" c="4 5" t="1"/>
		<b id="72" c="4 6" t="1"/>
	</bonds>
	<geometry>
		<g u="A" t="cart/3d">#71,3:-0.3623,-2.6915,2.3290;-0.9355,-1.8200,2.6688;-1.7351,-1.9763,3.7397;-1.8199,-3.3059,4.4514;-2.8559,-3.6927,4.4519;-1.5266,-3.2089,5.5132;-1.1720,-4.0647,3.9873;-2.5991,-0.8915,4.3344;-3.6518,-1.2242,4.3893;-2.2926,-0.6705,5.3734;-2.5742,0.0446,3.7618;-0.6995,-0.5757,1.8441;-1.2122,0.2908,2.2796;0.3785,-0.3592,1.8372;-1.1558,-0.7501,0.4060;-2.4579,-0.3777,0.0125;-3.2275,0.1934,0.9815;-4.5966,0.4775,0.7511;-5.0295,0.5688,1.7617;-5.0961,-0.3782,0.2629;-4.8518,1.7568,-0.0247;-6.0365,1.9059,-0.7610;-6.7512,1.0780,-0.8122;-6.3122,3.1002,-1.4334;-7.2392,3.2012,-2.0044;-5.3994,4.1583,-1.3838;-5.6098,5.0908,-1.9143;-4.2137,4.0147,-0.6562;-3.4937,4.8367,-0.6159;-3.9426,2.8232,0.0224;-3.0155,2.7108,0.5892;-2.8988,-0.5811,-1.3009;-3.8857,-0.2351,-1.6061;-2.0909,-1.2163,-2.2517;-2.6520,-1.4179,-3.6424;-2.9538,-2.4649,-3.8021;-1.9172,-1.1795,-4.4259;-3.5332,-0.7775,-3.7959;-0.7880,-1.6169,-1.8783;0.1212,-2.3434,-2.8157;1.3104,-2.1530,-2.9465;-0.5293,-3.2890,-3.5280;0.2596,-4.0315,-4.4559;-0.4287,-4.7240,-4.9572;1.0511,-4.5922,-3.9351;0.7367,-3.3655,-5.1918;-0.3349,-1.3494,-0.5603;0.9042,-1.7938,-0.1665;2.0358,-1.0029,-0.4405;1.8323,-0.3427,-1.3001;2.8561,-1.6950,-0.7078;2.3692,-0.2716,0.7098;3.7406,0.0527,0.8657;3.8452,0.3498,1.9216;4.3547,-0.8604,0.7202;4.2296,1.1725,-0.0555;4.1695,0.8495,-1.1114;3.5410,2.0324,0.0410;6.0021,1.8080,0.2484;6.1345,2.5509,1.9865;5.4153,3.3760,2.1247;7.1449,2.9573,2.1637;5.9381,1.8016,2.7715;6.3733,3.1448,-1.0388;6.3113,2.7434,-2.0644;5.6599,3.9828,-0.9635;7.3877,3.5566,-0.9023;7.2445,0.3889,0.0667;8.2791,0.7519,0.1898;7.1728,-0.0813,-0.9287;7.0791,-0.3986,0.8211;</g>
	</geometry>
	<conformers/>
	<properties/>
</molecule>
