<?xml version="1.0" ?>
<!--MOLLI PACKAGE EXPERIMENTAL XML FORMAT-->
<molecule name="react_438">
	<atoms>
		<a id="1" s="H" t="H" l="H"/>
		<a id="2" s="C" t="C.2" l="C"/>
		<a id="3" s="C" t="C.2" l="C"/>
		<a id="4" s="O" t="O.2" l="O"/>
		<a id="5" s="O" t="O.3" l="O"/>
		<a id="6" s="C" t="C.3" l="C"/>
		<a id="7" s="H" t="H" l="H"/>
		<a id="8" s="H" t="H" l="H"/>
		<a id="9" s="C" t="C.3" l="C"/>
		<a id="10" s="H" t="H" l="H"/>
		<a id="11" s="H" t="H" l="H"/>
		<a id="12" s="H" t="H" l="H"/>
		<a id="13" s="C" t="C.2" l="C"/>
		<a id="14" s="H" t="H" l="H"/>
		<a id="15" s="C" t="C.3" l="C"/>
		<a id="16" s="H" t="H" l="H"/>
		<a id="17" s="H" t="H" l="H"/>
		<a id="18" s="C" t="C.3" l="C"/>
		<a id="19" s="H" t="H" l="H"/>
		<a id="20" s="H" t="H" l="H"/>
		<a id="21" s="O" t="O.3" l="O"/>
		<a id="22" s="C" t="C.3" l="C"/>
		<a id="23" s="H" t="H" l="H"/>
		<a id="24" s="H" t="H" l="H"/>
		<a id="25" s="C" t="C.ar" l="C"/>
		<a id="26" s="C" t="C.ar" l="C"/>
		<a id="27" s="H" t="H" l="H"/>
		<a id="28" s="C" t="C.ar" l="C"/>
		<a id="29" s="H" t="H" l="H"/>
		<a id="30" s="C" t="C.ar" l="C"/>
		<a id="31" s="O" t="O.3" l="O"/>
		<a id="32" s="C" t="C.3" l="C"/>
		<a id="33" s="H" t="H" l="H"/>
		<a id="34" s="H" t="H" l="H"/>
		<a id="35" s="H" t="H" l="H"/>
		<a id="36" s="C" t="C.ar" l="C"/>
		<a id="37" s="H" t="H" l="H"/>
		<a id="38" s="C" t="C.ar" l="C"/>
		<a id="39" s="H" t="H" l="H"/>
	</atoms>
	<bonds>
		<b id="1" c="10 9" t="1"/>
		<b id="2" c="12 9" t="1"/>
		<b id="3" c="9 11" t="1"/>
		<b id="4" c="9 6" t="1"/>
		<b id="5" c="19 18" t="1"/>
		<b id="6" c="24 22" t="1"/>
		<b id="7" c="34 32" t="1"/>
		<b id="8" c="7 6" t="1"/>
		<b id="9" c="39 38" t="1"/>
		<b id="10" c="37 36" t="1"/>
		<b id="11" c="6 5" t="1"/>
		<b id="12" c="6 8" t="1"/>
		<b id="13" c="38 36" t="ar"/>
		<b id="14" c="38 25" t="ar"/>
		<b id="15" c="20 18" t="1"/>
		<b id="16" c="14 13" t="1"/>
		<b id="17" c="36 30" t="ar"/>
		<b id="18" c="18 21" t="1"/>
		<b id="19" c="18 15" t="1"/>
		<b id="20" c="22 25" t="1"/>
		<b id="21" c="22 21" t="1"/>
		<b id="22" c="22 23" t="1"/>
		<b id="23" c="32 33" t="1"/>
		<b id="24" c="32 31" t="1"/>
		<b id="25" c="32 35" t="1"/>
		<b id="26" c="5 3" t="1"/>
		<b id="27" c="25 26" t="ar"/>
		<b id="28" c="30 31" t="1"/>
		<b id="29" c="30 28" t="ar"/>
		<b id="30" c="26 28" t="ar"/>
		<b id="31" c="26 27" t="1"/>
		<b id="32" c="28 29" t="1"/>
		<b id="33" c="13 15" t="1"/>
		<b id="34" c="13 2" t="2"/>
		<b id="35" c="15 16" t="1"/>
		<b id="36" c="15 17" t="1"/>
		<b id="37" c="3 2" t="1"/>
		<b id="38" c="3 4" t="2"/>
		<b id="39" c="2 1" t="1"/>
	</bonds>
	<geometry>
		<g u="A" t="cart/3d">#39,3:-3.4347,-1.1399,2.0449;-3.7559,-0.5960,1.1514;-5.1988,-0.7564,0.8488;-5.9509,-1.4219,1.5253;-5.5883,-0.0812,-0.2557;-6.9741,-0.1655,-0.6285;-7.1668,0.7564,-1.1976;-7.5901,-0.1588,0.2836;-7.2639,-1.4000,-1.4673;-6.6159,-1.4327,-2.3577;-7.1062,-2.3168,-0.8797;-8.3130,-1.3859,-1.8054;-2.8950,0.1403,0.4312;-3.2794,0.6602,-0.4545;-1.4344,0.2843,0.7293;-1.1963,1.3586,0.8389;-1.1774,-0.2058,1.6823;-0.5502,-0.3121,-0.3842;-0.7807,0.1777,-1.3540;-0.7840,-1.3835,-0.4936;0.8256,-0.2349,-0.1034;1.4383,1.0149,-0.3316;1.0900,1.7779,0.3942;1.1526,1.3890,-1.3402;2.9416,0.8833,-0.2344;3.7354,1.9943,0.0981;3.2594,2.9535,0.3264;5.1225,1.8996,0.1491;5.7423,2.7603,0.4100;5.7587,0.6753,-0.1238;7.1152,0.6728,-0.0421;7.8185,-0.5210,-0.2982;8.8856,-0.2891,-0.1760;7.6490,-0.8876,-1.3276;7.5439,-1.3226,0.4121;4.9775,-0.4438,-0.4486;5.4389,-1.4095,-0.6585;3.5831,-0.3291,-0.5030;2.9780,-1.2047,-0.7454;</g>
	</geometry>
	<conformers/>
	<properties/>
</molecule>
