<?xml version="1.0" ?>
<!--MOLLI PACKAGE EXPERIMENTAL XML FORMAT-->
<molecule name="react_439">
	<atoms>
		<a id="1" s="H" t="H" l="H"/>
		<a id="2" s="C" t="C.2" l="C"/>
		<a id="3" s="H" t="H" l="H"/>
		<a id="4" s="C" t="C.2" l="C"/>
		<a id="5" s="H" t="H" l="H"/>
		<a id="6" s="C" t="C.3" l="C"/>
		<a id="7" s="H" t="H" l="H"/>
		<a id="8" s="H" t="H" l="H"/>
		<a id="9" s="O" t="O.3" l="O"/>
		<a id="10" s="C" t="C.ar" l="C"/>
		<a id="11" s="C" t="C.ar" l="C"/>
		<a id="12" s="H" t="H" l="H"/>
		<a id="13" s="C" t="C.ar" l="C"/>
		<a id="14" s="H" t="H" l="H"/>
		<a id="15" s="C" t="C.ar" l="C"/>
		<a id="16" s="O" t="O.3" l="O"/>
		<a id="17" s="C" t="C.3" l="C"/>
		<a id="18" s="H" t="H" l="H"/>
		<a id="19" s="H" t="H" l="H"/>
		<a id="20" s="C" t="C.3" l="C"/>
		<a id="21" s="H" t="H" l="H"/>
		<a id="22" s="H" t="H" l="H"/>
		<a id="23" s="C" t="C.3" l="C"/>
		<a id="24" s="H" t="H" l="H"/>
		<a id="25" s="H" t="H" l="H"/>
		<a id="26" s="C" t="C.3" l="C"/>
		<a id="27" s="H" t="H" l="H"/>
		<a id="28" s="H" t="H" l="H"/>
		<a id="29" s="O" t="O.3" l="O"/>
		<a id="30" s="C" t="C.2" l="C"/>
		<a id="31" s="O" t="O.2" l="O"/>
		<a id="32" s="C" t="C.3" l="C"/>
		<a id="33" s="H" t="H" l="H"/>
		<a id="34" s="H" t="H" l="H"/>
		<a id="35" s="H" t="H" l="H"/>
		<a id="36" s="C" t="C.ar" l="C"/>
		<a id="37" s="C" t="C.2" l="C"/>
		<a id="38" s="O" t="O.2" l="O"/>
		<a id="39" s="O" t="O.3" l="O"/>
		<a id="40" s="C" t="C.3" l="C"/>
		<a id="41" s="H" t="H" l="H"/>
		<a id="42" s="H" t="H" l="H"/>
		<a id="43" s="H" t="H" l="H"/>
		<a id="44" s="C" t="C.ar" l="C"/>
		<a id="45" s="H" t="H" l="H"/>
	</atoms>
	<bonds>
		<b id="1" c="3 2" t="1"/>
		<b id="2" c="1 2" t="1"/>
		<b id="3" c="2 4" t="2"/>
		<b id="4" c="4 5" t="1"/>
		<b id="5" c="4 6" t="1"/>
		<b id="6" c="7 6" t="1"/>
		<b id="7" c="9 6" t="1"/>
		<b id="8" c="9 10" t="1"/>
		<b id="9" c="6 8" t="1"/>
		<b id="10" c="45 44" t="1"/>
		<b id="11" c="42 40" t="1"/>
		<b id="12" c="41 40" t="1"/>
		<b id="13" c="10 44" t="ar"/>
		<b id="14" c="10 11" t="ar"/>
		<b id="15" c="44 36" t="ar"/>
		<b id="16" c="40 39" t="1"/>
		<b id="17" c="40 43" t="1"/>
		<b id="18" c="39 37" t="1"/>
		<b id="19" c="12 11" t="1"/>
		<b id="20" c="11 13" t="ar"/>
		<b id="21" c="37 36" t="1"/>
		<b id="22" c="37 38" t="2"/>
		<b id="23" c="36 15" t="ar"/>
		<b id="24" c="13 15" t="ar"/>
		<b id="25" c="13 14" t="1"/>
		<b id="26" c="15 16" t="1"/>
		<b id="27" c="16 17" t="1"/>
		<b id="28" c="19 17" t="1"/>
		<b id="29" c="33 32" t="1"/>
		<b id="30" c="21 20" t="1"/>
		<b id="31" c="17 20" t="1"/>
		<b id="32" c="17 18" t="1"/>
		<b id="33" c="27 26" t="1"/>
		<b id="34" c="35 32" t="1"/>
		<b id="35" c="20 22" t="1"/>
		<b id="36" c="20 23" t="1"/>
		<b id="37" c="29 26" t="1"/>
		<b id="38" c="29 30" t="1"/>
		<b id="39" c="32 34" t="1"/>
		<b id="40" c="32 30" t="1"/>
		<b id="41" c="26 23" t="1"/>
		<b id="42" c="26 28" t="1"/>
		<b id="43" c="30 31" t="2"/>
		<b id="44" c="23 24" t="1"/>
		<b id="45" c="23 25" t="1"/>
	</bonds>
	<geometry>
		<g u="A" t="cart/3d">#45,3:-2.2602,1.2163,-4.5769;-2.7850,2.1684,-4.4580;-2.4536,3.0080,-5.0749;-3.7934,2.3006,-3.5939;-4.3140,3.2628,-3.4988;-4.3463,1.2052,-2.7199;-5.3736,0.9675,-3.0512;-4.4365,1.5585,-1.6736;-3.6366,-0.0139,-2.7778;-2.5624,-0.2258,-1.9584;-1.9255,0.7579,-1.1946;-2.2503,1.7984,-1.2341;-0.8386,0.4201,-0.3806;-0.3669,1.2066,0.2078;-0.3470,-0.8927,-0.3204;0.6867,-1.2613,0.4627;1.3485,-0.3140,1.2845;0.6388,0.1175,2.0187;1.7416,0.5192,0.6768;2.4716,-1.0576,1.9992;3.1791,-1.4344,1.2402;2.0265,-1.9517,2.4662;3.2193,-0.2511,3.0682;3.9031,-0.9364,3.5991;2.5213,0.1256,3.8367;4.0714,0.9116,2.5677;4.7193,0.5961,1.7352;4.6951,1.3034,3.3838;3.2793,1.9934,2.0369;2.9223,2.9848,2.8863;3.2294,3.0107,4.0518;2.0912,4.0272,2.1775;2.5709,4.3264,1.2339;1.9539,4.8954,2.8336;1.1061,3.6026,1.9242;-0.9796,-1.8921,-1.1133;-0.4875,-3.3051,-1.1281;0.5725,-3.7040,-0.7104;-1.3931,-4.1370,-1.7027;-1.0037,-5.5023,-1.8093;-1.8426,-6.0245,-2.2875;-0.0923,-5.6078,-2.4190;-0.8025,-5.9339,-0.8164;-2.0796,-1.5382,-1.9052;-2.5772,-2.3006,-2.5031;</g>
	</geometry>
	<conformers/>
	<properties/>
</molecule>
