<?xml version="1.0" ?>
<!--MOLLI PACKAGE EXPERIMENTAL XML FORMAT-->
<molecule name="react_444">
	<atoms>
		<a id="1" s="H" t="H" l="H"/>
		<a id="2" s="C" t="C.2" l="C"/>
		<a id="3" s="H" t="H" l="H"/>
		<a id="4" s="C" t="C.2" l="C"/>
		<a id="5" s="C" t="C.3" l="C"/>
		<a id="6" s="H" t="H" l="H"/>
		<a id="7" s="H" t="H" l="H"/>
		<a id="8" s="N" t="N.ar" l="N"/>
		<a id="9" s="C" t="C.ar" l="C"/>
		<a id="10" s="H" t="H" l="H"/>
		<a id="11" s="C" t="C.ar" l="C"/>
		<a id="12" s="H" t="H" l="H"/>
		<a id="13" s="C" t="C.ar" l="C"/>
		<a id="14" s="N" t="N.am" l="N"/>
		<a id="15" s="H" t="H" l="H"/>
		<a id="16" s="C" t="C.2" l="C"/>
		<a id="17" s="O" t="O.2" l="O"/>
		<a id="18" s="C" t="C.ar" l="C"/>
		<a id="19" s="C" t="C.ar" l="C"/>
		<a id="20" s="H" t="H" l="H"/>
		<a id="21" s="C" t="C.ar" l="C"/>
		<a id="22" s="H" t="H" l="H"/>
		<a id="23" s="C" t="C.ar" l="C"/>
		<a id="24" s="H" t="H" l="H"/>
		<a id="25" s="C" t="C.ar" l="C"/>
		<a id="26" s="H" t="H" l="H"/>
		<a id="27" s="C" t="C.ar" l="C"/>
		<a id="28" s="H" t="H" l="H"/>
		<a id="29" s="N" t="N.ar" l="N"/>
		<a id="30" s="C" t="C.ar" l="C"/>
		<a id="31" s="O" t="O.2" l="O"/>
		<a id="32" s="C" t="C.3" l="C"/>
		<a id="33" s="H" t="H" l="H"/>
		<a id="34" s="H" t="H" l="H"/>
		<a id="35" s="C" t="C.3" l="C"/>
		<a id="36" s="H" t="H" l="H"/>
		<a id="37" s="H" t="H" l="H"/>
		<a id="38" s="C" t="C.3" l="C"/>
		<a id="39" s="H" t="H" l="H"/>
		<a id="40" s="H" t="H" l="H"/>
		<a id="41" s="H" t="H" l="H"/>
	</atoms>
	<bonds>
		<b id="1" c="15 14" t="1"/>
		<b id="2" c="31 30" t="2"/>
		<b id="3" c="29 30" t="ar"/>
		<b id="4" c="29 13" t="ar"/>
		<b id="5" c="30 8" t="ar"/>
		<b id="6" c="14 13" t="1"/>
		<b id="7" c="14 16" t="am"/>
		<b id="8" c="17 16" t="2"/>
		<b id="9" c="13 11" t="ar"/>
		<b id="10" c="16 18" t="1"/>
		<b id="11" c="7 5" t="1"/>
		<b id="12" c="8 5" t="1"/>
		<b id="13" c="8 9" t="ar"/>
		<b id="14" c="28 27" t="1"/>
		<b id="15" c="5 4" t="1"/>
		<b id="16" c="5 6" t="1"/>
		<b id="17" c="33 32" t="1"/>
		<b id="18" c="11 9" t="ar"/>
		<b id="19" c="11 12" t="1"/>
		<b id="20" c="1 2" t="1"/>
		<b id="21" c="18 27" t="ar"/>
		<b id="22" c="18 19" t="ar"/>
		<b id="23" c="4 2" t="2"/>
		<b id="24" c="4 32" t="1"/>
		<b id="25" c="2 3" t="1"/>
		<b id="26" c="9 10" t="1"/>
		<b id="27" c="37 35" t="1"/>
		<b id="28" c="27 25" t="ar"/>
		<b id="29" c="41 38" t="1"/>
		<b id="30" c="32 35" t="1"/>
		<b id="31" c="32 34" t="1"/>
		<b id="32" c="20 19" t="1"/>
		<b id="33" c="19 21" t="ar"/>
		<b id="34" c="35 38" t="1"/>
		<b id="35" c="35 36" t="1"/>
		<b id="36" c="38 40" t="1"/>
		<b id="37" c="38 39" t="1"/>
		<b id="38" c="25 26" t="1"/>
		<b id="39" c="25 23" t="ar"/>
		<b id="40" c="21 23" t="ar"/>
		<b id="41" c="21 22" t="1"/>
		<b id="42" c="23 24" t="1"/>
	</bonds>
	<geometry>
		<g u="A" t="cart/3d">#41,3:-1.3000,-1.1702,-0.1969;-2.3306,-0.9757,0.1082;-2.9053,-1.8345,0.4601;-2.8667,0.2485,0.0323;-2.0939,1.4564,-0.4703;-2.1222,2.2543,0.2934;-2.5852,1.8476,-1.3741;-0.7023,1.2120,-0.8344;0.2688,1.1875,0.1102;-0.0512,1.3850,1.1367;1.5759,0.9375,-0.1994;2.3433,0.9519,0.5687;1.8527,0.7034,-1.5875;3.1369,0.4717,-2.0707;3.2030,0.6384,-3.0742;4.3834,0.2950,-1.4614;5.3886,0.6285,-2.0576;4.4598,-0.3896,-0.1289;5.4803,-0.0044,0.7558;6.1402,0.8186,0.4726;5.6462,-0.6713,1.9704;6.4330,-0.3573,2.6612;4.8158,-1.7501,2.2965;4.9526,-2.2796,3.2432;3.8183,-2.1589,1.4051;3.1823,-3.0141,1.6481;3.6346,-1.4780,0.1993;2.8606,-1.8057,-0.4983;0.9290,0.7536,-2.5179;-0.3871,1.0081,-2.2269;-1.2759,1.0710,-3.0514;-4.2934,0.5842,0.4120;-4.7811,1.0447,-0.4697;-4.2697,1.3941,1.1685;-5.1680,-0.5598,0.9290;-4.6935,-1.0124,1.8175;-5.2144,-1.3574,0.1673;-6.5866,-0.1078,1.2822;-6.5792,0.6693,2.0654;-7.1940,-0.9482,1.6544;-7.1055,0.3136,0.4047;</g>
	</geometry>
	<conformers/>
	<properties/>
</molecule>
