<?xml version="1.0" ?>
<!--MOLLI PACKAGE EXPERIMENTAL XML FORMAT-->
<molecule name="react_445">
	<atoms>
		<a id="1" s="H" t="H" l="H"/>
		<a id="2" s="C" t="C.2" l="C"/>
		<a id="3" s="H" t="H" l="H"/>
		<a id="4" s="C" t="C.2" l="C"/>
		<a id="5" s="C" t="C.3" l="C"/>
		<a id="6" s="H" t="H" l="H"/>
		<a id="7" s="H" t="H" l="H"/>
		<a id="8" s="N" t="N.ar" l="N"/>
		<a id="9" s="C" t="C.ar" l="C"/>
		<a id="10" s="H" t="H" l="H"/>
		<a id="11" s="C" t="C.ar" l="C"/>
		<a id="12" s="H" t="H" l="H"/>
		<a id="13" s="C" t="C.ar" l="C"/>
		<a id="14" s="N" t="N.am" l="N"/>
		<a id="15" s="H" t="H" l="H"/>
		<a id="16" s="C" t="C.2" l="C"/>
		<a id="17" s="O" t="O.2" l="O"/>
		<a id="18" s="C" t="C.ar" l="C"/>
		<a id="19" s="C" t="C.ar" l="C"/>
		<a id="20" s="H" t="H" l="H"/>
		<a id="21" s="C" t="C.ar" l="C"/>
		<a id="22" s="H" t="H" l="H"/>
		<a id="23" s="C" t="C.ar" l="C"/>
		<a id="24" s="H" t="H" l="H"/>
		<a id="25" s="C" t="C.ar" l="C"/>
		<a id="26" s="H" t="H" l="H"/>
		<a id="27" s="C" t="C.ar" l="C"/>
		<a id="28" s="H" t="H" l="H"/>
		<a id="29" s="N" t="N.ar" l="N"/>
		<a id="30" s="C" t="C.ar" l="C"/>
		<a id="31" s="O" t="O.2" l="O"/>
		<a id="32" s="C" t="C.3" l="C"/>
		<a id="33" s="H" t="H" l="H"/>
		<a id="34" s="H" t="H" l="H"/>
		<a id="35" s="C" t="C.3" l="C"/>
		<a id="36" s="H" t="H" l="H"/>
		<a id="37" s="H" t="H" l="H"/>
		<a id="38" s="C" t="C.3" l="C"/>
		<a id="39" s="H" t="H" l="H"/>
		<a id="40" s="H" t="H" l="H"/>
		<a id="41" s="C" t="C.3" l="C"/>
		<a id="42" s="H" t="H" l="H"/>
		<a id="43" s="H" t="H" l="H"/>
		<a id="44" s="H" t="H" l="H"/>
	</atoms>
	<bonds>
		<b id="1" c="31 30" t="2"/>
		<b id="2" c="17 16" t="2"/>
		<b id="3" c="28 27" t="1"/>
		<b id="4" c="34 32" t="1"/>
		<b id="5" c="33 32" t="1"/>
		<b id="6" c="43 41" t="1"/>
		<b id="7" c="6 5" t="1"/>
		<b id="8" c="30 29" t="ar"/>
		<b id="9" c="30 8" t="ar"/>
		<b id="10" c="3 2" t="1"/>
		<b id="11" c="29 13" t="ar"/>
		<b id="12" c="2 1" t="1"/>
		<b id="13" c="2 4" t="2"/>
		<b id="14" c="32 4" t="1"/>
		<b id="15" c="32 35" t="1"/>
		<b id="16" c="4 5" t="1"/>
		<b id="17" c="26 25" t="1"/>
		<b id="18" c="27 25" t="ar"/>
		<b id="19" c="27 18" t="ar"/>
		<b id="20" c="16 18" t="1"/>
		<b id="21" c="16 14" t="am"/>
		<b id="22" c="5 8" t="1"/>
		<b id="23" c="5 7" t="1"/>
		<b id="24" c="41 44" t="1"/>
		<b id="25" c="41 42" t="1"/>
		<b id="26" c="41 38" t="1"/>
		<b id="27" c="8 9" t="ar"/>
		<b id="28" c="40 38" t="1"/>
		<b id="29" c="25 23" t="ar"/>
		<b id="30" c="18 19" t="ar"/>
		<b id="31" c="13 14" t="1"/>
		<b id="32" c="13 11" t="ar"/>
		<b id="33" c="38 35" t="1"/>
		<b id="34" c="38 39" t="1"/>
		<b id="35" c="14 15" t="1"/>
		<b id="36" c="35 36" t="1"/>
		<b id="37" c="35 37" t="1"/>
		<b id="38" c="9 11" t="ar"/>
		<b id="39" c="9 10" t="1"/>
		<b id="40" c="23 24" t="1"/>
		<b id="41" c="23 21" t="ar"/>
		<b id="42" c="11 12" t="1"/>
		<b id="43" c="19 21" t="ar"/>
		<b id="44" c="19 20" t="1"/>
		<b id="45" c="21 22" t="1"/>
	</bonds>
	<geometry>
		<g u="A" t="cart/3d">#44,3:1.3579,-1.7015,-0.9162;2.4351,-1.5421,-1.0049;3.0461,-2.4180,-1.2417;2.9946,-0.3346,-0.8577;2.1930,0.9222,-0.5718;2.2613,1.5927,-1.4422;2.6258,1.4568,0.2916;0.7682,0.7206,-0.3272;0.3286,0.3011,0.8843;1.0942,0.1325,1.6463;-0.9976,0.0933,1.1274;-1.3450,-0.2493,2.1025;-1.8880,0.3374,0.0219;-3.2434,0.1307,0.2660;-3.4781,-0.0775,1.2287;-4.3084,0.0460,-0.6449;-4.1722,-0.0257,-1.8422;-5.6687,0.0082,0.0102;-5.9353,0.5253,1.2892;-5.1436,1.0055,1.8709;-7.2287,0.4760,1.8171;-7.4269,0.8912,2.8087;-8.2672,-0.0909,1.0726;-9.2782,-0.1311,1.4867;-8.0121,-0.5962,-0.2080;-8.8241,-1.0323,-0.7958;-6.7235,-0.5393,-0.7386;-6.5057,-0.9128,-1.7414;-1.4857,0.7538,-1.1454;-0.1562,0.9800,-1.4077;0.2769,1.3852,-2.4659;4.4881,-0.1094,-0.9808;4.9243,-0.9381,-1.5597;4.6712,0.8104,-1.5678;5.2171,0.0142,0.3731;5.0790,-0.9268,0.9362;4.7358,0.8028,0.9786;6.7159,0.3331,0.2624;7.1059,0.5230,1.2780;6.8438,1.2828,-0.2894;7.5614,-0.7592,-0.3985;7.4573,-1.7216,0.1316;7.2765,-0.9277,-1.4498;8.6304,-0.4914,-0.3911;</g>
	</geometry>
	<conformers/>
	<properties/>
</molecule>
