<?xml version="1.0" ?>
<!--MOLLI PACKAGE EXPERIMENTAL XML FORMAT-->
<molecule name="react_446">
	<atoms>
		<a id="1" s="H" t="H" l="H"/>
		<a id="2" s="C" t="C.2" l="C"/>
		<a id="3" s="H" t="H" l="H"/>
		<a id="4" s="C" t="C.2" l="C"/>
		<a id="5" s="C" t="C.3" l="C"/>
		<a id="6" s="H" t="H" l="H"/>
		<a id="7" s="H" t="H" l="H"/>
		<a id="8" s="N" t="N.ar" l="N"/>
		<a id="9" s="C" t="C.ar" l="C"/>
		<a id="10" s="H" t="H" l="H"/>
		<a id="11" s="C" t="C.ar" l="C"/>
		<a id="12" s="H" t="H" l="H"/>
		<a id="13" s="C" t="C.ar" l="C"/>
		<a id="14" s="N" t="N.am" l="N"/>
		<a id="15" s="H" t="H" l="H"/>
		<a id="16" s="C" t="C.2" l="C"/>
		<a id="17" s="O" t="O.2" l="O"/>
		<a id="18" s="C" t="C.ar" l="C"/>
		<a id="19" s="C" t="C.ar" l="C"/>
		<a id="20" s="H" t="H" l="H"/>
		<a id="21" s="C" t="C.ar" l="C"/>
		<a id="22" s="H" t="H" l="H"/>
		<a id="23" s="C" t="C.ar" l="C"/>
		<a id="24" s="H" t="H" l="H"/>
		<a id="25" s="C" t="C.ar" l="C"/>
		<a id="26" s="H" t="H" l="H"/>
		<a id="27" s="C" t="C.ar" l="C"/>
		<a id="28" s="H" t="H" l="H"/>
		<a id="29" s="N" t="N.ar" l="N"/>
		<a id="30" s="C" t="C.ar" l="C"/>
		<a id="31" s="O" t="O.2" l="O"/>
		<a id="32" s="C" t="C.3" l="C"/>
		<a id="33" s="H" t="H" l="H"/>
		<a id="34" s="C" t="C.3" l="C"/>
		<a id="35" s="H" t="H" l="H"/>
		<a id="36" s="H" t="H" l="H"/>
		<a id="37" s="H" t="H" l="H"/>
		<a id="38" s="C" t="C.3" l="C"/>
		<a id="39" s="H" t="H" l="H"/>
		<a id="40" s="H" t="H" l="H"/>
		<a id="41" s="H" t="H" l="H"/>
	</atoms>
	<bonds>
		<b id="1" c="22 21" t="1"/>
		<b id="2" c="12 11" t="1"/>
		<b id="3" c="10 9" t="1"/>
		<b id="4" c="36 34" t="1"/>
		<b id="5" c="20 19" t="1"/>
		<b id="6" c="35 34" t="1"/>
		<b id="7" c="11 9" t="ar"/>
		<b id="8" c="11 13" t="ar"/>
		<b id="9" c="21 19" t="ar"/>
		<b id="10" c="21 23" t="ar"/>
		<b id="11" c="9 8" t="ar"/>
		<b id="12" c="7 5" t="1"/>
		<b id="13" c="15 14" t="1"/>
		<b id="14" c="34 37" t="1"/>
		<b id="15" c="34 32" t="1"/>
		<b id="16" c="19 18" t="ar"/>
		<b id="17" c="24 23" t="1"/>
		<b id="18" c="33 32" t="1"/>
		<b id="19" c="23 25" t="ar"/>
		<b id="20" c="14 13" t="1"/>
		<b id="21" c="14 16" t="am"/>
		<b id="22" c="8 5" t="1"/>
		<b id="23" c="8 30" t="ar"/>
		<b id="24" c="13 29" t="ar"/>
		<b id="25" c="5 6" t="1"/>
		<b id="26" c="5 4" t="1"/>
		<b id="27" c="32 4" t="1"/>
		<b id="28" c="32 38" t="1"/>
		<b id="29" c="18 16" t="1"/>
		<b id="30" c="18 27" t="ar"/>
		<b id="31" c="39 38" t="1"/>
		<b id="32" c="4 2" t="2"/>
		<b id="33" c="16 17" t="2"/>
		<b id="34" c="29 30" t="ar"/>
		<b id="35" c="30 31" t="2"/>
		<b id="36" c="38 41" t="1"/>
		<b id="37" c="38 40" t="1"/>
		<b id="38" c="25 27" t="ar"/>
		<b id="39" c="25 26" t="1"/>
		<b id="40" c="27 28" t="1"/>
		<b id="41" c="2 3" t="1"/>
		<b id="42" c="2 1" t="1"/>
	</bonds>
	<geometry>
		<g u="A" t="cart/3d">#41,3:-4.8060,0.4940,2.4373;-4.1932,1.1543,1.8187;-3.8497,2.0851,2.2761;-3.8422,0.8359,0.5656;-2.9700,1.7956,-0.2315;-2.9674,2.7843,0.2428;-3.3408,1.9024,-1.2631;-1.5661,1.3599,-0.3178;-1.0938,0.6922,-1.3969;-1.7962,0.5344,-2.2195;0.1958,0.2467,-1.4517;0.5686,-0.2926,-2.3228;1.0073,0.5197,-0.2947;2.3157,0.0432,-0.3344;2.5894,-0.3791,-1.2129;3.2595,-0.0556,0.6997;3.0114,0.1352,1.8657;4.6344,-0.4712,0.2321;5.1099,-0.2747,-1.0755;4.4868,0.2194,-1.8262;6.4060,-0.6658,-1.4239;6.7692,-0.4983,-2.4412;7.2388,-1.2569,-0.4692;8.2516,-1.5649,-0.7425;6.7769,-1.4435,0.8393;7.4287,-1.8978,1.5901;5.4869,-1.0455,1.1894;5.1117,-1.1675,2.2076;0.5816,1.1929,0.7370;-0.7023,1.6765,0.7957;-1.1457,2.3471,1.7049;-4.2541,-0.4513,-0.1412;-3.3620,-0.8137,-0.6882;-5.3537,-0.1847,-1.1904;-5.5789,-1.0989,-1.7637;-5.0666,0.5959,-1.9135;-6.2831,0.1461,-0.6982;-4.6788,-1.5781,0.8074;-4.8687,-2.5046,0.2420;-3.9017,-1.7888,1.5585;-5.6092,-1.3274,1.3433;</g>
	</geometry>
	<conformers/>
	<properties/>
</molecule>
