<?xml version="1.0" ?>
<!--MOLLI PACKAGE EXPERIMENTAL XML FORMAT-->
<molecule name="react_447">
	<atoms>
		<a id="1" s="H" t="H" l="H"/>
		<a id="2" s="C" t="C.2" l="C"/>
		<a id="3" s="H" t="H" l="H"/>
		<a id="4" s="C" t="C.2" l="C"/>
		<a id="5" s="C" t="C.3" l="C"/>
		<a id="6" s="H" t="H" l="H"/>
		<a id="7" s="H" t="H" l="H"/>
		<a id="8" s="N" t="N.ar" l="N"/>
		<a id="9" s="C" t="C.ar" l="C"/>
		<a id="10" s="H" t="H" l="H"/>
		<a id="11" s="C" t="C.ar" l="C"/>
		<a id="12" s="H" t="H" l="H"/>
		<a id="13" s="C" t="C.ar" l="C"/>
		<a id="14" s="N" t="N.am" l="N"/>
		<a id="15" s="H" t="H" l="H"/>
		<a id="16" s="C" t="C.2" l="C"/>
		<a id="17" s="O" t="O.2" l="O"/>
		<a id="18" s="C" t="C.ar" l="C"/>
		<a id="19" s="C" t="C.ar" l="C"/>
		<a id="20" s="H" t="H" l="H"/>
		<a id="21" s="C" t="C.ar" l="C"/>
		<a id="22" s="H" t="H" l="H"/>
		<a id="23" s="C" t="C.ar" l="C"/>
		<a id="24" s="H" t="H" l="H"/>
		<a id="25" s="C" t="C.ar" l="C"/>
		<a id="26" s="H" t="H" l="H"/>
		<a id="27" s="C" t="C.ar" l="C"/>
		<a id="28" s="H" t="H" l="H"/>
		<a id="29" s="N" t="N.ar" l="N"/>
		<a id="30" s="C" t="C.ar" l="C"/>
		<a id="31" s="O" t="O.2" l="O"/>
		<a id="32" s="C" t="C.3" l="C"/>
		<a id="33" s="H" t="H" l="H"/>
		<a id="34" s="C" t="C.3" l="C"/>
		<a id="35" s="H" t="H" l="H"/>
		<a id="36" s="H" t="H" l="H"/>
		<a id="37" s="C" t="C.3" l="C"/>
		<a id="38" s="H" t="H" l="H"/>
		<a id="39" s="H" t="H" l="H"/>
		<a id="40" s="C" t="C.3" l="C"/>
		<a id="41" s="H" t="H" l="H"/>
		<a id="42" s="H" t="H" l="H"/>
		<a id="43" s="C" t="C.3" l="C"/>
		<a id="44" s="H" t="H" l="H"/>
		<a id="45" s="H" t="H" l="H"/>
		<a id="46" s="C" t="C.3" l="C"/>
		<a id="47" s="H" t="H" l="H"/>
		<a id="48" s="H" t="H" l="H"/>
	</atoms>
	<bonds>
		<b id="1" c="26 25" t="1"/>
		<b id="2" c="44 43" t="1"/>
		<b id="3" c="12 11" t="1"/>
		<b id="4" c="28 27" t="1"/>
		<b id="5" c="10 9" t="1"/>
		<b id="6" c="48 46" t="1"/>
		<b id="7" c="25 27" t="ar"/>
		<b id="8" c="25 23" t="ar"/>
		<b id="9" c="47 46" t="1"/>
		<b id="10" c="11 9" t="ar"/>
		<b id="11" c="11 13" t="ar"/>
		<b id="12" c="27 18" t="ar"/>
		<b id="13" c="43 46" t="1"/>
		<b id="14" c="43 45" t="1"/>
		<b id="15" c="43 40" t="1"/>
		<b id="16" c="9 8" t="ar"/>
		<b id="17" c="42 40" t="1"/>
		<b id="18" c="15 14" t="1"/>
		<b id="19" c="6 5" t="1"/>
		<b id="20" c="46 32" t="1"/>
		<b id="21" c="24 23" t="1"/>
		<b id="22" c="23 21" t="ar"/>
		<b id="23" c="41 40" t="1"/>
		<b id="24" c="40 37" t="1"/>
		<b id="25" c="14 13" t="1"/>
		<b id="26" c="14 16" t="am"/>
		<b id="27" c="13 29" t="ar"/>
		<b id="28" c="8 5" t="1"/>
		<b id="29" c="8 30" t="ar"/>
		<b id="30" c="5 4" t="1"/>
		<b id="31" c="5 7" t="1"/>
		<b id="32" c="18 16" t="1"/>
		<b id="33" c="18 19" t="ar"/>
		<b id="34" c="32 4" t="1"/>
		<b id="35" c="32 33" t="1"/>
		<b id="36" c="32 34" t="1"/>
		<b id="37" c="35 34" t="1"/>
		<b id="38" c="4 2" t="2"/>
		<b id="39" c="16 17" t="2"/>
		<b id="40" c="21 19" t="ar"/>
		<b id="41" c="21 22" t="1"/>
		<b id="42" c="29 30" t="ar"/>
		<b id="43" c="30 31" t="2"/>
		<b id="44" c="37 34" t="1"/>
		<b id="45" c="37 38" t="1"/>
		<b id="46" c="37 39" t="1"/>
		<b id="47" c="34 36" t="1"/>
		<b id="48" c="2 1" t="1"/>
		<b id="49" c="2 3" t="1"/>
		<b id="50" c="19 20" t="1"/>
	</bonds>
	<geometry>
		<g u="A" t="cart/3d">#48,3:0.8852,-1.6724,1.2576;1.9715,-1.6082,1.1605;2.5542,-2.4292,1.5882;2.5790,-0.5715,0.5675;1.8075,0.6068,-0.0025;2.1831,0.8574,-1.0091;1.9616,1.4894,0.6354;0.3594,0.4260,-0.0788;-0.1862,-0.3472,-1.0489;0.5131,-0.8129,-1.7483;-1.5342,-0.5388,-1.1327;-1.9669,-1.1672,-1.9115;-2.3282,0.1178,-0.1265;-3.7049,-0.0781,-0.2041;-4.0190,-0.5861,-1.0216;-4.6978,0.1996,0.7488;-4.4715,0.5291,1.8879;-6.1047,0.0056,0.2350;-7.1089,-0.2159,1.1919;-6.8217,-0.2427,2.2451;-8.4349,-0.3933,0.7971;-9.2070,-0.5754,1.5493;-8.7778,-0.3340,-0.5589;-9.8177,-0.4690,-0.8682;-7.7893,-0.0913,-1.5172;-8.0552,-0.0229,-2.5753;-6.4587,0.0774,-1.1229;-5.7056,0.3025,-1.8832;-1.8232,0.8784,0.8033;-0.4699,1.0976,0.8945;0.0556,1.8128,1.7221;4.0945,-0.4999,0.4506;4.4902,-1.3523,1.0318;4.6991,0.7833,1.0647;4.3271,1.6694,0.5187;4.3573,0.8937,2.1074;6.2327,0.7718,0.9993;6.6341,1.7102,1.4178;6.6177,-0.0426,1.6409;6.7380,0.5672,-0.4350;7.8398,0.5112,-0.4497;6.4650,1.4483,-1.0460;6.1331,-0.6925,-1.0684;6.4640,-0.7942,-2.1162;6.5114,-1.5849,-0.5359;4.5993,-0.6844,-1.0006;4.1928,-1.6220,-1.4165;4.2172,0.1351,-1.6373;</g>
	</geometry>
	<conformers/>
	<properties/>
</molecule>
