<?xml version="1.0" ?>
<!--MOLLI PACKAGE EXPERIMENTAL XML FORMAT-->
<molecule name="react_449">
	<atoms>
		<a id="1" s="H" t="H" l="H"/>
		<a id="2" s="C" t="C.2" l="C"/>
		<a id="3" s="H" t="H" l="H"/>
		<a id="4" s="C" t="C.2" l="C"/>
		<a id="5" s="C" t="C.ar" l="C"/>
		<a id="6" s="C" t="C.ar" l="C"/>
		<a id="7" s="H" t="H" l="H"/>
		<a id="8" s="C" t="C.ar" l="C"/>
		<a id="9" s="H" t="H" l="H"/>
		<a id="10" s="C" t="C.ar" l="C"/>
		<a id="11" s="H" t="H" l="H"/>
		<a id="12" s="C" t="C.ar" l="C"/>
		<a id="13" s="H" t="H" l="H"/>
		<a id="14" s="C" t="C.ar" l="C"/>
		<a id="15" s="H" t="H" l="H"/>
		<a id="16" s="C" t="C.3" l="C"/>
		<a id="17" s="H" t="H" l="H"/>
		<a id="18" s="H" t="H" l="H"/>
		<a id="19" s="N" t="N.ar" l="N"/>
		<a id="20" s="C" t="C.ar" l="C"/>
		<a id="21" s="H" t="H" l="H"/>
		<a id="22" s="C" t="C.ar" l="C"/>
		<a id="23" s="C" t="C.3" l="C"/>
		<a id="24" s="H" t="H" l="H"/>
		<a id="25" s="H" t="H" l="H"/>
		<a id="26" s="H" t="H" l="H"/>
		<a id="27" s="C" t="C.ar" l="C"/>
		<a id="28" s="N" t="N.am" l="N"/>
		<a id="29" s="H" t="H" l="H"/>
		<a id="30" s="C" t="C.2" l="C"/>
		<a id="31" s="O" t="O.2" l="O"/>
		<a id="32" s="C" t="C.ar" l="C"/>
		<a id="33" s="C" t="C.ar" l="C"/>
		<a id="34" s="H" t="H" l="H"/>
		<a id="35" s="C" t="C.ar" l="C"/>
		<a id="36" s="H" t="H" l="H"/>
		<a id="37" s="C" t="C.ar" l="C"/>
		<a id="38" s="H" t="H" l="H"/>
		<a id="39" s="C" t="C.ar" l="C"/>
		<a id="40" s="H" t="H" l="H"/>
		<a id="41" s="C" t="C.ar" l="C"/>
		<a id="42" s="H" t="H" l="H"/>
		<a id="43" s="N" t="N.ar" l="N"/>
		<a id="44" s="C" t="C.ar" l="C"/>
		<a id="45" s="O" t="O.2" l="O"/>
	</atoms>
	<bonds>
		<b id="1" c="17 16" t="1"/>
		<b id="2" c="15 14" t="1"/>
		<b id="3" c="18 16" t="1"/>
		<b id="4" c="16 19" t="1"/>
		<b id="5" c="16 4" t="1"/>
		<b id="6" c="13 12" t="1"/>
		<b id="7" c="21 20" t="1"/>
		<b id="8" c="14 12" t="ar"/>
		<b id="9" c="14 5" t="ar"/>
		<b id="10" c="19 20" t="ar"/>
		<b id="11" c="19 44" t="ar"/>
		<b id="12" c="20 22" t="ar"/>
		<b id="13" c="12 10" t="ar"/>
		<b id="14" c="4 5" t="1"/>
		<b id="15" c="4 2" t="2"/>
		<b id="16" c="45 44" t="2"/>
		<b id="17" c="3 2" t="1"/>
		<b id="18" c="25 23" t="1"/>
		<b id="19" c="44 43" t="ar"/>
		<b id="20" c="24 23" t="1"/>
		<b id="21" c="5 6" t="ar"/>
		<b id="22" c="2 1" t="1"/>
		<b id="23" c="22 23" t="1"/>
		<b id="24" c="22 27" t="ar"/>
		<b id="25" c="23 26" t="1"/>
		<b id="26" c="43 27" t="ar"/>
		<b id="27" c="27 28" t="1"/>
		<b id="28" c="34 33" t="1"/>
		<b id="29" c="10 11" t="1"/>
		<b id="30" c="10 8" t="ar"/>
		<b id="31" c="29 28" t="1"/>
		<b id="32" c="28 30" t="am"/>
		<b id="33" c="6 8" t="ar"/>
		<b id="34" c="6 7" t="1"/>
		<b id="35" c="36 35" t="1"/>
		<b id="36" c="33 35" t="ar"/>
		<b id="37" c="33 32" t="ar"/>
		<b id="38" c="8 9" t="1"/>
		<b id="39" c="35 37" t="ar"/>
		<b id="40" c="30 32" t="1"/>
		<b id="41" c="30 31" t="2"/>
		<b id="42" c="32 41" t="ar"/>
		<b id="43" c="37 38" t="1"/>
		<b id="44" c="37 39" t="ar"/>
		<b id="45" c="41 39" t="ar"/>
		<b id="46" c="41 42" t="1"/>
		<b id="47" c="39 40" t="1"/>
	</bonds>
	<geometry>
		<g u="A" t="cart/3d">#45,3:3.9920,3.7742,-0.1650;3.1881,3.4726,-0.8424;2.4513,4.2281,-1.1254;3.0959,2.2137,-1.3032;4.0432,1.1435,-0.8749;4.4471,1.0388,0.4706;4.0232,1.7259,1.2068;5.3585,0.0614,0.8765;5.6525,-0.0007,1.9279;5.8850,-0.8414,-0.0525;6.5970,-1.6077,0.2649;5.4904,-0.7574,-1.3913;5.9015,-1.4525,-2.1286;4.5769,0.2197,-1.7958;4.3011,0.2816,-2.8520;1.9695,1.8388,-2.2564;2.3211,1.1550,-3.0429;1.5657,2.7407,-2.7300;0.8402,1.1902,-1.5722;0.7863,-0.1565,-1.4163;1.6159,-0.7243,-1.8457;-0.2365,-0.7791,-0.7537;-0.2871,-2.2740,-0.5795;0.5973,-2.7495,-1.0291;-1.1731,-2.7257,-1.0629;-0.3069,-2.5673,0.4853;-1.2494,0.1216,-0.2397;-2.3253,-0.4669,0.4232;-2.3656,-1.4768,0.3772;-3.2946,0.1304,1.2457;-3.2298,1.2614,1.6626;-4.4310,-0.7934,1.6155;-4.8138,-1.9067,0.8486;-4.2959,-2.1421,-0.0852;-5.8938,-2.7014,1.2439;-6.1894,-3.5589,0.6338;-6.6012,-2.3910,2.4089;-7.4446,-3.0138,2.7191;-6.2345,-1.2753,3.1711;-6.7912,-1.0256,4.0781;-5.1621,-0.4773,2.7725;-4.8692,0.4060,3.3440;-1.2175,1.4161,-0.3882;-0.1869,2.0421,-1.0404;-0.1003,3.2445,-1.2030;</g>
	</geometry>
	<conformers/>
	<properties/>
</molecule>
