<?xml version="1.0" ?>
<!--MOLLI PACKAGE EXPERIMENTAL XML FORMAT-->
<molecule name="react_450">
	<atoms>
		<a id="1" s="H" t="H" l="H"/>
		<a id="2" s="C" t="C.2" l="C"/>
		<a id="3" s="H" t="H" l="H"/>
		<a id="4" s="C" t="C.2" l="C"/>
		<a id="5" s="C" t="C.ar" l="C"/>
		<a id="6" s="C" t="C.ar" l="C"/>
		<a id="7" s="H" t="H" l="H"/>
		<a id="8" s="C" t="C.ar" l="C"/>
		<a id="9" s="H" t="H" l="H"/>
		<a id="10" s="C" t="C.ar" l="C"/>
		<a id="11" s="H" t="H" l="H"/>
		<a id="12" s="C" t="C.ar" l="C"/>
		<a id="13" s="H" t="H" l="H"/>
		<a id="14" s="C" t="C.ar" l="C"/>
		<a id="15" s="H" t="H" l="H"/>
		<a id="16" s="C" t="C.3" l="C"/>
		<a id="17" s="H" t="H" l="H"/>
		<a id="18" s="H" t="H" l="H"/>
		<a id="19" s="N" t="N.ar" l="N"/>
		<a id="20" s="C" t="C.ar" l="C"/>
		<a id="21" s="H" t="H" l="H"/>
		<a id="22" s="C" t="C.ar" l="C"/>
		<a id="23" s="F" t="F" l="F"/>
		<a id="24" s="C" t="C.ar" l="C"/>
		<a id="25" s="N" t="N.am" l="N"/>
		<a id="26" s="H" t="H" l="H"/>
		<a id="27" s="C" t="C.2" l="C"/>
		<a id="28" s="O" t="O.2" l="O"/>
		<a id="29" s="C" t="C.ar" l="C"/>
		<a id="30" s="C" t="C.ar" l="C"/>
		<a id="31" s="H" t="H" l="H"/>
		<a id="32" s="C" t="C.ar" l="C"/>
		<a id="33" s="H" t="H" l="H"/>
		<a id="34" s="C" t="C.ar" l="C"/>
		<a id="35" s="H" t="H" l="H"/>
		<a id="36" s="C" t="C.ar" l="C"/>
		<a id="37" s="H" t="H" l="H"/>
		<a id="38" s="C" t="C.ar" l="C"/>
		<a id="39" s="H" t="H" l="H"/>
		<a id="40" s="N" t="N.ar" l="N"/>
		<a id="41" s="C" t="C.ar" l="C"/>
		<a id="42" s="O" t="O.2" l="O"/>
	</atoms>
	<bonds>
		<b id="1" c="1 2" t="1"/>
		<b id="2" c="21 20" t="1"/>
		<b id="3" c="18 16" t="1"/>
		<b id="4" c="23 22" t="1"/>
		<b id="5" c="2 3" t="1"/>
		<b id="6" c="2 4" t="2"/>
		<b id="7" c="20 22" t="ar"/>
		<b id="8" c="20 19" t="ar"/>
		<b id="9" c="22 24" t="ar"/>
		<b id="10" c="16 19" t="1"/>
		<b id="11" c="16 4" t="1"/>
		<b id="12" c="16 17" t="1"/>
		<b id="13" c="19 41" t="ar"/>
		<b id="14" c="4 5" t="1"/>
		<b id="15" c="26 25" t="1"/>
		<b id="16" c="39 38" t="1"/>
		<b id="17" c="24 25" t="1"/>
		<b id="18" c="24 40" t="ar"/>
		<b id="19" c="25 27" t="am"/>
		<b id="20" c="15 14" t="1"/>
		<b id="21" c="41 40" t="ar"/>
		<b id="22" c="41 42" t="2"/>
		<b id="23" c="37 36" t="1"/>
		<b id="24" c="38 36" t="ar"/>
		<b id="25" c="38 29" t="ar"/>
		<b id="26" c="5 14" t="ar"/>
		<b id="27" c="5 6" t="ar"/>
		<b id="28" c="27 28" t="2"/>
		<b id="29" c="27 29" t="1"/>
		<b id="30" c="14 12" t="ar"/>
		<b id="31" c="36 34" t="ar"/>
		<b id="32" c="29 30" t="ar"/>
		<b id="33" c="7 6" t="1"/>
		<b id="34" c="6 8" t="ar"/>
		<b id="35" c="12 13" t="1"/>
		<b id="36" c="12 10" t="ar"/>
		<b id="37" c="34 35" t="1"/>
		<b id="38" c="34 32" t="ar"/>
		<b id="39" c="30 32" t="ar"/>
		<b id="40" c="30 31" t="1"/>
		<b id="41" c="32 33" t="1"/>
		<b id="42" c="8 10" t="ar"/>
		<b id="43" c="8 9" t="1"/>
		<b id="44" c="10 11" t="1"/>
	</bonds>
	<geometry>
		<g u="A" t="cart/3d">#42,3:-4.2113,-0.3222,-3.3569;-4.3562,0.1291,-2.3712;-5.2682,0.7128,-2.2278;-3.4684,-0.0692,-1.3782;-3.6125,0.5465,-0.0290;-3.0439,-0.0536,1.1127;-2.4627,-0.9742,1.0265;-3.2120,0.5151,2.3787;-2.7649,0.0270,3.2486;-3.9398,1.6973,2.5338;-4.0653,2.1423,3.5244;-4.4946,2.3151,1.4075;-5.0510,3.2505,1.5124;-4.3278,1.7495,0.1436;-4.7426,2.2611,-0.7280;-2.2894,-0.9897,-1.6286;-2.3113,-1.8672,-0.9682;-2.3249,-1.3592,-2.6661;-0.9777,-0.3667,-1.3867;-0.6416,0.7809,-2.0369;-1.3891,1.2366,-2.6900;0.5845,1.3348,-1.8560;0.9461,2.4771,-2.4705;1.5055,0.6747,-0.9694;2.7432,1.2699,-0.8297;2.7981,2.2069,-1.2242;3.8128,1.0620,0.0765;4.4675,2.0376,0.3855;4.1547,-0.3072,0.5590;4.8177,-0.4006,1.7949;4.9939,0.5129,2.3664;5.2392,-1.6397,2.2765;5.7375,-1.7066,3.2471;5.0306,-2.7932,1.5123;5.3641,-3.7652,1.8858;4.3991,-2.7027,0.2674;4.2444,-3.6010,-0.3355;3.9540,-1.4675,-0.2051;3.4600,-1.4080,-1.1748;1.1687,-0.4149,-0.3355;-0.0619,-1.0067,-0.4857;-0.4043,-2.0211,0.0944;</g>
	</geometry>
	<conformers/>
	<properties/>
</molecule>
