<?xml version="1.0" ?>
<!--MOLLI PACKAGE EXPERIMENTAL XML FORMAT-->
<molecule name="react_187">
	<atoms>
		<a id="1" s="H" t="H" l="H"/>
		<a id="2" s="C" t="C.2" l="C"/>
		<a id="3" s="H" t="H" l="H"/>
		<a id="4" s="C" t="C.2" l="C"/>
		<a id="5" s="H" t="H" l="H"/>
		<a id="6" s="C" t="C.3" l="C"/>
		<a id="7" s="H" t="H" l="H"/>
		<a id="8" s="H" t="H" l="H"/>
		<a id="9" s="C" t="C.3" l="C"/>
		<a id="10" s="H" t="H" l="H"/>
		<a id="11" s="H" t="H" l="H"/>
		<a id="12" s="C" t="C.3" l="C"/>
		<a id="13" s="H" t="H" l="H"/>
		<a id="14" s="H" t="H" l="H"/>
		<a id="15" s="C" t="C.3" l="C"/>
		<a id="16" s="H" t="H" l="H"/>
		<a id="17" s="H" t="H" l="H"/>
		<a id="18" s="N" t="N.2" l="N"/>
		<a id="19" s="N" t="N.2" l="N"/>
		<a id="20" s="N" t="N.2" l="N"/>
	</atoms>
	<bonds>
		<b id="1" c="11 9" t="1"/>
		<b id="2" c="8 6" t="1"/>
		<b id="3" c="17 15" t="1"/>
		<b id="4" c="10 9" t="1"/>
		<b id="5" c="9 6" t="1"/>
		<b id="6" c="9 12" t="1"/>
		<b id="7" c="20 19" t="2"/>
		<b id="8" c="6 7" t="1"/>
		<b id="9" c="6 4" t="1"/>
		<b id="10" c="19 18" t="2"/>
		<b id="11" c="15 18" t="1"/>
		<b id="12" c="15 12" t="1"/>
		<b id="13" c="15 16" t="1"/>
		<b id="14" c="1 2" t="1"/>
		<b id="15" c="12 14" t="1"/>
		<b id="16" c="12 13" t="1"/>
		<b id="17" c="4 2" t="2"/>
		<b id="18" c="4 5" t="1"/>
		<b id="19" c="2 3" t="1"/>
	</bonds>
	<geometry>
		<g u="A" t="cart/3d">#20,3:-3.6243,1.5026,0.0115;-3.1427,1.0935,0.9069;-3.4658,1.4992,1.8702;-2.2073,0.1423,0.8247;-1.7622,-0.2328,1.7557;-1.7011,-0.4664,-0.4562;-1.8577,-1.5622,-0.4215;-2.3088,-0.0928,-1.2976;-0.2132,-0.1928,-0.7567;-0.0406,0.8960,-0.7921;0.0128,-0.5769,-1.7684;0.7658,-0.8240,0.2386;0.5798,-0.4427,1.2566;0.6077,-1.9169,0.2773;2.2328,-0.5785,-0.0996;2.8799,-1.1457,0.5957;2.4563,-0.9372,-1.1230;2.5326,0.8605,0.0084;3.6345,1.2490,-0.3601;4.6217,1.7258,-0.6703;</g>
	</geometry>
	<conformers/>
	<properties/>
</molecule>
