<?xml version="1.0" ?>
<!--MOLLI PACKAGE EXPERIMENTAL XML FORMAT-->
<molecule name="react_451">
	<atoms>
		<a id="1" s="H" t="H" l="H"/>
		<a id="2" s="C" t="C.2" l="C"/>
		<a id="3" s="H" t="H" l="H"/>
		<a id="4" s="C" t="C.2" l="C"/>
		<a id="5" s="C" t="C.ar" l="C"/>
		<a id="6" s="C" t="C.ar" l="C"/>
		<a id="7" s="H" t="H" l="H"/>
		<a id="8" s="C" t="C.ar" l="C"/>
		<a id="9" s="H" t="H" l="H"/>
		<a id="10" s="C" t="C.ar" l="C"/>
		<a id="11" s="H" t="H" l="H"/>
		<a id="12" s="C" t="C.ar" l="C"/>
		<a id="13" s="H" t="H" l="H"/>
		<a id="14" s="C" t="C.ar" l="C"/>
		<a id="15" s="H" t="H" l="H"/>
		<a id="16" s="C" t="C.3" l="C"/>
		<a id="17" s="H" t="H" l="H"/>
		<a id="18" s="H" t="H" l="H"/>
		<a id="19" s="N" t="N.ar" l="N"/>
		<a id="20" s="C" t="C.ar" l="C"/>
		<a id="21" s="H" t="H" l="H"/>
		<a id="22" s="C" t="C.ar" l="C"/>
		<a id="23" s="Cl" t="Cl" l="CL"/>
		<a id="24" s="C" t="C.ar" l="C"/>
		<a id="25" s="N" t="N.am" l="N"/>
		<a id="26" s="H" t="H" l="H"/>
		<a id="27" s="C" t="C.2" l="C"/>
		<a id="28" s="O" t="O.2" l="O"/>
		<a id="29" s="C" t="C.ar" l="C"/>
		<a id="30" s="C" t="C.ar" l="C"/>
		<a id="31" s="H" t="H" l="H"/>
		<a id="32" s="C" t="C.ar" l="C"/>
		<a id="33" s="H" t="H" l="H"/>
		<a id="34" s="C" t="C.ar" l="C"/>
		<a id="35" s="H" t="H" l="H"/>
		<a id="36" s="C" t="C.ar" l="C"/>
		<a id="37" s="H" t="H" l="H"/>
		<a id="38" s="C" t="C.ar" l="C"/>
		<a id="39" s="H" t="H" l="H"/>
		<a id="40" s="N" t="N.ar" l="N"/>
		<a id="41" s="C" t="C.ar" l="C"/>
		<a id="42" s="O" t="O.2" l="O"/>
	</atoms>
	<bonds>
		<b id="1" c="33 32" t="1"/>
		<b id="2" c="35 34" t="1"/>
		<b id="3" c="32 34" t="ar"/>
		<b id="4" c="32 30" t="ar"/>
		<b id="5" c="34 36" t="ar"/>
		<b id="6" c="11 10" t="1"/>
		<b id="7" c="23 22" t="1"/>
		<b id="8" c="31 30" t="1"/>
		<b id="9" c="30 29" t="ar"/>
		<b id="10" c="36 37" t="1"/>
		<b id="11" c="36 38" t="ar"/>
		<b id="12" c="10 12" t="ar"/>
		<b id="13" c="10 8" t="ar"/>
		<b id="14" c="26 25" t="1"/>
		<b id="15" c="13 12" t="1"/>
		<b id="16" c="9 8" t="1"/>
		<b id="17" c="29 38" t="ar"/>
		<b id="18" c="29 27" t="1"/>
		<b id="19" c="12 14" t="ar"/>
		<b id="20" c="8 6" t="ar"/>
		<b id="21" c="38 39" t="1"/>
		<b id="22" c="22 20" t="ar"/>
		<b id="23" c="22 24" t="ar"/>
		<b id="24" c="25 27" t="am"/>
		<b id="25" c="25 24" t="1"/>
		<b id="26" c="21 20" t="1"/>
		<b id="27" c="27 28" t="2"/>
		<b id="28" c="20 19" t="ar"/>
		<b id="29" c="24 40" t="ar"/>
		<b id="30" c="14 15" t="1"/>
		<b id="31" c="14 5" t="ar"/>
		<b id="32" c="6 7" t="1"/>
		<b id="33" c="6 5" t="ar"/>
		<b id="34" c="5 4" t="1"/>
		<b id="35" c="19 41" t="ar"/>
		<b id="36" c="19 16" t="1"/>
		<b id="37" c="40 41" t="ar"/>
		<b id="38" c="18 16" t="1"/>
		<b id="39" c="4 16" t="1"/>
		<b id="40" c="4 2" t="2"/>
		<b id="41" c="41 42" t="2"/>
		<b id="42" c="16 17" t="1"/>
		<b id="43" c="1 2" t="1"/>
		<b id="44" c="2 3" t="1"/>
	</bonds>
	<geometry>
		<g u="A" t="cart/3d">#42,3:2.9922,-3.3144,3.1511;2.7276,-2.2538,3.1840;2.1927,-1.8905,4.0647;3.0359,-1.4237,2.1734;3.6989,-1.9037,0.9261;3.3113,-3.1200,0.3300;2.4862,-3.6868,0.7679;3.9483,-3.5957,-0.8182;3.6249,-4.5402,-1.2642;4.9868,-2.8643,-1.4034;5.4845,-3.2354,-2.3031;5.3799,-1.6509,-0.8305;6.1951,-1.0734,-1.2748;4.7403,-1.1749,0.3171;5.0819,-0.2361,0.7616;2.6658,0.0492,2.2686;2.4877,0.3242,3.3143;3.4631,0.6918,1.8674;1.4265,0.3724,1.5414;1.4500,0.7507,0.2416;2.4250,0.8257,-0.2436;0.2934,1.0215,-0.4323;0.3323,1.5288,-2.1092;-0.9470,0.8857,0.3033;-2.1138,1.1791,-0.3780;-1.9732,1.4596,-1.3424;-3.4486,1.0638,0.0449;-3.7904,0.5381,1.0761;-4.4444,1.6406,-0.9322;-4.1205,2.5967,-1.9101;-3.1023,2.9855,-1.9980;-5.1078,3.0982,-2.7628;-4.8464,3.8481,-3.5139;-6.4266,2.6489,-2.6477;-7.1975,3.0393,-3.3174;-6.7591,1.7052,-1.6685;-7.7907,1.3567,-1.5721;-5.7763,1.2109,-0.8112;-6.0157,0.4850,-0.0314;-0.9613,0.5245,1.5549;0.1821,0.2387,2.2564;0.2093,-0.1054,3.4205;</g>
	</geometry>
	<conformers/>
	<properties/>
</molecule>
