<?xml version="1.0" ?>
<!--MOLLI PACKAGE EXPERIMENTAL XML FORMAT-->
<molecule name="react_452">
	<atoms>
		<a id="1" s="H" t="H" l="H"/>
		<a id="2" s="C" t="C.2" l="C"/>
		<a id="3" s="H" t="H" l="H"/>
		<a id="4" s="C" t="C.2" l="C"/>
		<a id="5" s="C" t="C.ar" l="C"/>
		<a id="6" s="C" t="C.ar" l="C"/>
		<a id="7" s="H" t="H" l="H"/>
		<a id="8" s="C" t="C.ar" l="C"/>
		<a id="9" s="H" t="H" l="H"/>
		<a id="10" s="C" t="C.ar" l="C"/>
		<a id="11" s="H" t="H" l="H"/>
		<a id="12" s="C" t="C.ar" l="C"/>
		<a id="13" s="H" t="H" l="H"/>
		<a id="14" s="C" t="C.ar" l="C"/>
		<a id="15" s="H" t="H" l="H"/>
		<a id="16" s="C" t="C.3" l="C"/>
		<a id="17" s="H" t="H" l="H"/>
		<a id="18" s="H" t="H" l="H"/>
		<a id="19" s="N" t="N.ar" l="N"/>
		<a id="20" s="C" t="C.ar" l="C"/>
		<a id="21" s="H" t="H" l="H"/>
		<a id="22" s="C" t="C.ar" l="C"/>
		<a id="23" s="Br" t="Br" l="BR"/>
		<a id="24" s="C" t="C.ar" l="C"/>
		<a id="25" s="N" t="N.am" l="N"/>
		<a id="26" s="H" t="H" l="H"/>
		<a id="27" s="C" t="C.2" l="C"/>
		<a id="28" s="O" t="O.2" l="O"/>
		<a id="29" s="C" t="C.ar" l="C"/>
		<a id="30" s="C" t="C.ar" l="C"/>
		<a id="31" s="H" t="H" l="H"/>
		<a id="32" s="C" t="C.ar" l="C"/>
		<a id="33" s="H" t="H" l="H"/>
		<a id="34" s="C" t="C.ar" l="C"/>
		<a id="35" s="H" t="H" l="H"/>
		<a id="36" s="C" t="C.ar" l="C"/>
		<a id="37" s="H" t="H" l="H"/>
		<a id="38" s="C" t="C.ar" l="C"/>
		<a id="39" s="H" t="H" l="H"/>
		<a id="40" s="N" t="N.ar" l="N"/>
		<a id="41" s="C" t="C.ar" l="C"/>
		<a id="42" s="O" t="O.2" l="O"/>
	</atoms>
	<bonds>
		<b id="1" c="1 2" t="1"/>
		<b id="2" c="3 2" t="1"/>
		<b id="3" c="2 4" t="2"/>
		<b id="4" c="42 41" t="2"/>
		<b id="5" c="17 16" t="1"/>
		<b id="6" c="7 6" t="1"/>
		<b id="7" c="4 16" t="1"/>
		<b id="8" c="4 5" t="1"/>
		<b id="9" c="41 40" t="ar"/>
		<b id="10" c="41 19" t="ar"/>
		<b id="11" c="28 27" t="2"/>
		<b id="12" c="39 38" t="1"/>
		<b id="13" c="40 24" t="ar"/>
		<b id="14" c="16 19" t="1"/>
		<b id="15" c="16 18" t="1"/>
		<b id="16" c="6 5" t="ar"/>
		<b id="17" c="6 8" t="ar"/>
		<b id="18" c="5 14" t="ar"/>
		<b id="19" c="19 20" t="ar"/>
		<b id="20" c="27 25" t="am"/>
		<b id="21" c="27 29" t="1"/>
		<b id="22" c="38 29" t="ar"/>
		<b id="23" c="38 36" t="ar"/>
		<b id="24" c="9 8" t="1"/>
		<b id="25" c="37 36" t="1"/>
		<b id="26" c="24 25" t="1"/>
		<b id="27" c="24 22" t="ar"/>
		<b id="28" c="8 10" t="ar"/>
		<b id="29" c="25 26" t="1"/>
		<b id="30" c="14 15" t="1"/>
		<b id="31" c="14 12" t="ar"/>
		<b id="32" c="29 30" t="ar"/>
		<b id="33" c="36 34" t="ar"/>
		<b id="34" c="20 22" t="ar"/>
		<b id="35" c="20 21" t="1"/>
		<b id="36" c="22 23" t="1"/>
		<b id="37" c="10 12" t="ar"/>
		<b id="38" c="10 11" t="1"/>
		<b id="39" c="12 13" t="1"/>
		<b id="40" c="30 31" t="1"/>
		<b id="41" c="30 32" t="ar"/>
		<b id="42" c="34 35" t="1"/>
		<b id="43" c="34 32" t="ar"/>
		<b id="44" c="32 33" t="1"/>
	</bonds>
	<geometry>
		<g u="A" t="cart/3d">#42,3:-3.0567,1.4397,-3.8014;-3.6023,0.8027,-3.1011;-4.2332,0.0125,-3.5177;-3.4886,0.9803,-1.7743;-4.1556,0.0783,-0.7909;-4.1550,-1.3171,-0.9829;-3.6278,-1.7344,-1.8442;-4.7938,-2.1695,-0.0795;-4.7726,-3.2496,-0.2477;-5.4465,-1.6474,1.0416;-5.9435,-2.3143,1.7510;-5.4537,-0.2649,1.2509;-5.9676,0.1551,2.1199;-4.8115,0.5867,0.3481;-4.8496,1.6660,0.5200;-2.6112,2.0994,-1.2338;-2.4111,2.8352,-2.0207;-3.0876,2.6122,-0.3853;-1.2978,1.6130,-0.7778;-1.1000,1.2126,0.4993;-1.9451,1.2994,1.1848;0.1069,0.7165,0.9055;0.3544,0.1813,2.7213;1.1548,0.6331,-0.0912;2.3807,0.1351,0.3103;2.4326,-0.1144,1.2922;3.5149,-0.1692,-0.4628;3.5321,-0.1675,-1.6695;4.7285,-0.5365,0.3571;4.8984,-0.1913,1.7090;4.1380,0.3883,2.2392;6.0656,-0.5500,2.3892;6.1904,-0.2686,3.4380;7.0735,-1.2565,1.7264;7.9849,-1.5390,2.2602;6.9166,-1.5939,0.3767;7.7059,-2.1405,-0.1460;5.7554,-1.2301,-0.3047;5.6176,-1.4715,-1.3607;0.9585,1.0322,-1.3167;-0.2400,1.5337,-1.7542;-0.4587,1.9127,-2.8867;</g>
	</geometry>
	<conformers/>
	<properties/>
</molecule>
