<?xml version="1.0" ?>
<!--MOLLI PACKAGE EXPERIMENTAL XML FORMAT-->
<molecule name="react_453">
	<atoms>
		<a id="1" s="H" t="H" l="H"/>
		<a id="2" s="C" t="C.2" l="C"/>
		<a id="3" s="H" t="H" l="H"/>
		<a id="4" s="C" t="C.2" l="C"/>
		<a id="5" s="C" t="C.ar" l="C"/>
		<a id="6" s="C" t="C.ar" l="C"/>
		<a id="7" s="H" t="H" l="H"/>
		<a id="8" s="C" t="C.ar" l="C"/>
		<a id="9" s="H" t="H" l="H"/>
		<a id="10" s="C" t="C.ar" l="C"/>
		<a id="11" s="H" t="H" l="H"/>
		<a id="12" s="C" t="C.ar" l="C"/>
		<a id="13" s="H" t="H" l="H"/>
		<a id="14" s="C" t="C.ar" l="C"/>
		<a id="15" s="H" t="H" l="H"/>
		<a id="16" s="C" t="C.3" l="C"/>
		<a id="17" s="H" t="H" l="H"/>
		<a id="18" s="H" t="H" l="H"/>
		<a id="19" s="N" t="N.ar" l="N"/>
		<a id="20" s="C" t="C.ar" l="C"/>
		<a id="21" s="H" t="H" l="H"/>
		<a id="22" s="C" t="C.ar" l="C"/>
		<a id="23" s="Br" t="Br" l="BR"/>
		<a id="24" s="C" t="C.ar" l="C"/>
		<a id="25" s="N" t="N.am" l="N"/>
		<a id="26" s="C" t="C.2" l="C"/>
		<a id="27" s="O" t="O.2" l="O"/>
		<a id="28" s="O" t="O.3" l="O"/>
		<a id="29" s="C" t="C.3" l="C"/>
		<a id="30" s="C" t="C.3" l="C"/>
		<a id="31" s="H" t="H" l="H"/>
		<a id="32" s="H" t="H" l="H"/>
		<a id="33" s="H" t="H" l="H"/>
		<a id="34" s="C" t="C.3" l="C"/>
		<a id="35" s="H" t="H" l="H"/>
		<a id="36" s="H" t="H" l="H"/>
		<a id="37" s="H" t="H" l="H"/>
		<a id="38" s="C" t="C.3" l="C"/>
		<a id="39" s="H" t="H" l="H"/>
		<a id="40" s="H" t="H" l="H"/>
		<a id="41" s="H" t="H" l="H"/>
		<a id="42" s="C" t="C.2" l="C"/>
		<a id="43" s="O" t="O.2" l="O"/>
		<a id="44" s="O" t="O.3" l="O"/>
		<a id="45" s="C" t="C.3" l="C"/>
		<a id="46" s="C" t="C.3" l="C"/>
		<a id="47" s="H" t="H" l="H"/>
		<a id="48" s="H" t="H" l="H"/>
		<a id="49" s="H" t="H" l="H"/>
		<a id="50" s="C" t="C.3" l="C"/>
		<a id="51" s="H" t="H" l="H"/>
		<a id="52" s="H" t="H" l="H"/>
		<a id="53" s="H" t="H" l="H"/>
		<a id="54" s="C" t="C.3" l="C"/>
		<a id="55" s="H" t="H" l="H"/>
		<a id="56" s="H" t="H" l="H"/>
		<a id="57" s="H" t="H" l="H"/>
		<a id="58" s="N" t="N.ar" l="N"/>
		<a id="59" s="C" t="C.ar" l="C"/>
		<a id="60" s="O" t="O.2" l="O"/>
	</atoms>
	<bonds>
		<b id="1" c="31 30" t="1"/>
		<b id="2" c="32 30" t="1"/>
		<b id="3" c="33 30" t="1"/>
		<b id="4" c="30 29" t="1"/>
		<b id="5" c="60 59" t="2"/>
		<b id="6" c="13 12" t="1"/>
		<b id="7" c="15 14" t="1"/>
		<b id="8" c="47 46" t="1"/>
		<b id="9" c="1 2" t="1"/>
		<b id="10" c="27 26" t="2"/>
		<b id="11" c="59 58" t="ar"/>
		<b id="12" c="59 19" t="ar"/>
		<b id="13" c="12 14" t="ar"/>
		<b id="14" c="12 10" t="ar"/>
		<b id="15" c="37 34" t="1"/>
		<b id="16" c="36 34" t="1"/>
		<b id="17" c="14 5" t="ar"/>
		<b id="18" c="18 16" t="1"/>
		<b id="19" c="58 24" t="ar"/>
		<b id="20" c="2 3" t="1"/>
		<b id="21" c="2 4" t="2"/>
		<b id="22" c="29 34" t="1"/>
		<b id="23" c="29 38" t="1"/>
		<b id="24" c="29 28" t="1"/>
		<b id="25" c="48 46" t="1"/>
		<b id="26" c="11 10" t="1"/>
		<b id="27" c="10 8" t="ar"/>
		<b id="28" c="49 46" t="1"/>
		<b id="29" c="5 4" t="1"/>
		<b id="30" c="5 6" t="ar"/>
		<b id="31" c="41 38" t="1"/>
		<b id="32" c="4 16" t="1"/>
		<b id="33" c="46 45" t="1"/>
		<b id="34" c="34 35" t="1"/>
		<b id="35" c="26 28" t="1"/>
		<b id="36" c="26 25" t="am"/>
		<b id="37" c="39 38" t="1"/>
		<b id="38" c="8 6" t="ar"/>
		<b id="39" c="8 9" t="1"/>
		<b id="40" c="6 7" t="1"/>
		<b id="41" c="16 19" t="1"/>
		<b id="42" c="16 17" t="1"/>
		<b id="43" c="38 40" t="1"/>
		<b id="44" c="19 20" t="ar"/>
		<b id="45" c="24 25" t="1"/>
		<b id="46" c="24 22" t="ar"/>
		<b id="47" c="25 42" t="am"/>
		<b id="48" c="43 42" t="2"/>
		<b id="49" c="52 50" t="1"/>
		<b id="50" c="42 44" t="1"/>
		<b id="51" c="44 45" t="1"/>
		<b id="52" c="45 50" t="1"/>
		<b id="53" c="45 54" t="1"/>
		<b id="54" c="20 22" t="ar"/>
		<b id="55" c="20 21" t="1"/>
		<b id="56" c="50 51" t="1"/>
		<b id="57" c="50 53" t="1"/>
		<b id="58" c="22 23" t="1"/>
		<b id="59" c="57 54" t="1"/>
		<b id="60" c="54 55" t="1"/>
		<b id="61" c="54 56" t="1"/>
	</bonds>
	<geometry>
		<g u="A" t="cart/3d">#60,3:4.6678,-2.0041,-1.0569;3.9846,-1.2135,-0.7387;2.9219,-1.4638,-0.7120;4.4383,0.0128,-0.4321;5.8898,0.3529,-0.4517;6.8547,-0.5896,-0.0439;6.5279,-1.5685,0.3149;8.2160,-0.2826,-0.0667;8.9442,-1.0302,0.2595;8.6476,0.9781,-0.4920;9.7136,1.2199,-0.5070;7.7038,1.9280,-0.8914;8.0286,2.9158,-1.2292;6.3406,1.6217,-0.8665;5.6247,2.3761,-1.2002;3.5095,1.1544,-0.0438;3.8647,1.6188,0.8916;3.5176,1.9294,-0.8236;2.1066,0.7788,0.1190;1.6883,0.1739,1.2587;2.4381,0.0241,2.0383;0.3850,-0.2098,1.4294;-0.1756,-0.8887,3.1090;-0.4908,0.0139,0.3120;-1.8415,-0.4127,0.3461;-2.8303,0.4090,-0.2936;-3.6924,-0.0293,-1.0081;-2.6330,1.6727,0.0578;-3.2664,2.7952,-0.6653;-2.9045,2.7171,-2.1513;-3.2534,3.6300,-2.6590;-3.3769,1.8508,-2.6339;-1.8141,2.6380,-2.2780;-4.7784,2.7711,-0.4250;-4.9987,2.7861,0.6543;-5.2360,1.8765,-0.8669;-5.2370,3.6638,-0.8794;-2.6234,4.0170,-0.0082;-1.5338,4.0103,-0.1619;-2.8231,4.0251,1.0744;-3.0322,4.9405,-0.4459;-2.0995,-1.7924,0.5752;-1.2385,-2.6314,0.4680;-3.3606,-1.9647,0.9369;-3.9995,-3.2944,0.9569;-3.8772,-3.9374,-0.4275;-4.2530,-3.2474,-1.1986;-2.8352,-4.1952,-0.6605;-4.4790,-4.8590,-0.4594;-5.4558,-2.9557,1.2769;-6.0580,-3.8758,1.3257;-5.8753,-2.2971,0.5018;-5.5280,-2.4388,2.2461;-3.3723,-4.1500,2.0609;-3.9177,-5.1037,2.1416;-3.4389,-3.6345,3.0318;-2.3171,-4.3622,1.8455;-0.0933,0.6253,-0.7662;1.1811,1.1189,-0.9215;1.5451,1.7867,-1.8679;</g>
	</geometry>
	<conformers/>
	<properties/>
</molecule>
