<?xml version="1.0" ?>
<!--MOLLI PACKAGE EXPERIMENTAL XML FORMAT-->
<molecule name="react_454">
	<atoms>
		<a id="1" s="H" t="H" l="H"/>
		<a id="2" s="C" t="C.2" l="C"/>
		<a id="3" s="H" t="H" l="H"/>
		<a id="4" s="C" t="C.2" l="C"/>
		<a id="5" s="C" t="C.ar" l="C"/>
		<a id="6" s="C" t="C.ar" l="C"/>
		<a id="7" s="H" t="H" l="H"/>
		<a id="8" s="C" t="C.ar" l="C"/>
		<a id="9" s="H" t="H" l="H"/>
		<a id="10" s="C" t="C.ar" l="C"/>
		<a id="11" s="H" t="H" l="H"/>
		<a id="12" s="C" t="C.ar" l="C"/>
		<a id="13" s="H" t="H" l="H"/>
		<a id="14" s="C" t="C.ar" l="C"/>
		<a id="15" s="H" t="H" l="H"/>
		<a id="16" s="C" t="C.3" l="C"/>
		<a id="17" s="H" t="H" l="H"/>
		<a id="18" s="H" t="H" l="H"/>
		<a id="19" s="N" t="N.ar" l="N"/>
		<a id="20" s="C" t="C.ar" l="C"/>
		<a id="21" s="H" t="H" l="H"/>
		<a id="22" s="C" t="C.ar" l="C"/>
		<a id="23" s="Br" t="Br" l="BR"/>
		<a id="24" s="C" t="C.ar" l="C"/>
		<a id="25" s="N" t="N.am" l="N"/>
		<a id="26" s="H" t="H" l="H"/>
		<a id="27" s="C" t="C.2" l="C"/>
		<a id="28" s="O" t="O.2" l="O"/>
		<a id="29" s="C" t="C.3" l="C"/>
		<a id="30" s="H" t="H" l="H"/>
		<a id="31" s="H" t="H" l="H"/>
		<a id="32" s="H" t="H" l="H"/>
		<a id="33" s="N" t="N.ar" l="N"/>
		<a id="34" s="C" t="C.ar" l="C"/>
		<a id="35" s="O" t="O.2" l="O"/>
	</atoms>
	<bonds>
		<b id="1" c="13 12" t="1"/>
		<b id="2" c="12 10" t="ar"/>
		<b id="3" c="12 14" t="ar"/>
		<b id="4" c="11 10" t="1"/>
		<b id="5" c="23 22" t="1"/>
		<b id="6" c="30 29" t="1"/>
		<b id="7" c="15 14" t="1"/>
		<b id="8" c="10 8" t="ar"/>
		<b id="9" c="14 5" t="ar"/>
		<b id="10" c="26 25" t="1"/>
		<b id="11" c="32 29" t="1"/>
		<b id="12" c="29 31" t="1"/>
		<b id="13" c="29 27" t="1"/>
		<b id="14" c="22 20" t="ar"/>
		<b id="15" c="22 24" t="ar"/>
		<b id="16" c="25 27" t="am"/>
		<b id="17" c="25 24" t="1"/>
		<b id="18" c="21 20" t="1"/>
		<b id="19" c="8 9" t="1"/>
		<b id="20" c="8 6" t="ar"/>
		<b id="21" c="1 2" t="1"/>
		<b id="22" c="5 6" t="ar"/>
		<b id="23" c="5 4" t="1"/>
		<b id="24" c="27 28" t="2"/>
		<b id="25" c="20 19" t="ar"/>
		<b id="26" c="24 33" t="ar"/>
		<b id="27" c="6 7" t="1"/>
		<b id="28" c="2 4" t="2"/>
		<b id="29" c="2 3" t="1"/>
		<b id="30" c="4 16" t="1"/>
		<b id="31" c="19 16" t="1"/>
		<b id="32" c="19 34" t="ar"/>
		<b id="33" c="33 34" t="ar"/>
		<b id="34" c="16 17" t="1"/>
		<b id="35" c="16 18" t="1"/>
		<b id="36" c="34 35" t="2"/>
	</bonds>
	<geometry>
		<g u="A" t="cart/3d">#35,3:3.8894,-2.7545,-0.0243;3.0075,-2.6565,0.6128;2.6939,-3.5502,1.1600;2.3570,-1.4866,0.7602;2.7369,-0.2532,0.0150;2.4824,1.0286,0.5433;1.9712,1.1435,1.5015;2.8760,2.1781,-0.1481;2.6717,3.1603,0.2861;3.5200,2.0766,-1.3836;3.8228,2.9775,-1.9238;3.7606,0.8115,-1.9311;4.2470,0.7185,-2.9059;3.3692,-0.3367,-1.2426;3.5382,-1.3157,-1.6971;1.2157,-1.4073,1.7552;1.0602,-2.3940,2.2195;1.4293,-0.6945,2.5632;-0.0579,-0.9469,1.1748;-0.6074,-1.6061,0.1278;-0.0408,-2.4505,-0.2711;-1.8047,-1.2205,-0.4025;-2.5439,-2.1754,-1.8820;-2.4569,-0.0775,0.2055;-3.6675,0.3270,-0.3236;-3.9675,-0.2028,-1.1362;-4.5358,1.3555,0.0982;-4.3619,2.0350,1.0744;-5.7265,1.5149,-0.8377;-5.3929,1.8736,-1.8261;-6.4144,2.2505,-0.4037;-6.2562,0.5595,-0.9869;-1.9174,0.5532,1.2111;-0.7152,0.1930,1.7589;-0.1822,0.7722,2.6861;</g>
	</geometry>
	<conformers/>
	<properties/>
</molecule>
