<?xml version="1.0" ?>
<!--MOLLI PACKAGE EXPERIMENTAL XML FORMAT-->
<molecule name="react_455">
	<atoms>
		<a id="1" s="H" t="H" l="H"/>
		<a id="2" s="C" t="C.2" l="C"/>
		<a id="3" s="H" t="H" l="H"/>
		<a id="4" s="C" t="C.2" l="C"/>
		<a id="5" s="C" t="C.ar" l="C"/>
		<a id="6" s="C" t="C.ar" l="C"/>
		<a id="7" s="H" t="H" l="H"/>
		<a id="8" s="C" t="C.ar" l="C"/>
		<a id="9" s="H" t="H" l="H"/>
		<a id="10" s="C" t="C.ar" l="C"/>
		<a id="11" s="H" t="H" l="H"/>
		<a id="12" s="C" t="C.ar" l="C"/>
		<a id="13" s="H" t="H" l="H"/>
		<a id="14" s="C" t="C.ar" l="C"/>
		<a id="15" s="H" t="H" l="H"/>
		<a id="16" s="C" t="C.3" l="C"/>
		<a id="17" s="H" t="H" l="H"/>
		<a id="18" s="H" t="H" l="H"/>
		<a id="19" s="N" t="N.ar" l="N"/>
		<a id="20" s="C" t="C.ar" l="C"/>
		<a id="21" s="H" t="H" l="H"/>
		<a id="22" s="C" t="C.ar" l="C"/>
		<a id="23" s="C" t="C.3" l="C"/>
		<a id="24" s="H" t="H" l="H"/>
		<a id="25" s="H" t="H" l="H"/>
		<a id="26" s="H" t="H" l="H"/>
		<a id="27" s="C" t="C.ar" l="C"/>
		<a id="28" s="O" t="O.2" l="O"/>
		<a id="29" s="N" t="N.ar" l="N"/>
		<a id="30" s="C" t="C.2" l="C"/>
		<a id="31" s="O" t="O.2" l="O"/>
		<a id="32" s="C" t="C.ar" l="C"/>
		<a id="33" s="C" t="C.ar" l="C"/>
		<a id="34" s="H" t="H" l="H"/>
		<a id="35" s="C" t="C.ar" l="C"/>
		<a id="36" s="H" t="H" l="H"/>
		<a id="37" s="C" t="C.ar" l="C"/>
		<a id="38" s="H" t="H" l="H"/>
		<a id="39" s="C" t="C.ar" l="C"/>
		<a id="40" s="H" t="H" l="H"/>
		<a id="41" s="C" t="C.ar" l="C"/>
		<a id="42" s="H" t="H" l="H"/>
		<a id="43" s="C" t="C.ar" l="C"/>
		<a id="44" s="O" t="O.2" l="O"/>
	</atoms>
	<bonds>
		<b id="1" c="9 8" t="1"/>
		<b id="2" c="7 6" t="1"/>
		<b id="3" c="1 2" t="1"/>
		<b id="4" c="31 30" t="2"/>
		<b id="5" c="42 41" t="1"/>
		<b id="6" c="8 6" t="ar"/>
		<b id="7" c="8 10" t="ar"/>
		<b id="8" c="6 5" t="ar"/>
		<b id="9" c="2 3" t="1"/>
		<b id="10" c="2 4" t="2"/>
		<b id="11" c="41 39" t="ar"/>
		<b id="12" c="41 32" t="ar"/>
		<b id="13" c="40 39" t="1"/>
		<b id="14" c="30 32" t="1"/>
		<b id="15" c="30 29" t="am"/>
		<b id="16" c="11 10" t="1"/>
		<b id="17" c="10 12" t="ar"/>
		<b id="18" c="5 4" t="1"/>
		<b id="19" c="5 14" t="ar"/>
		<b id="20" c="44 43" t="2"/>
		<b id="21" c="4 16" t="1"/>
		<b id="22" c="39 37" t="ar"/>
		<b id="23" c="32 33" t="ar"/>
		<b id="24" c="29 43" t="ar"/>
		<b id="25" c="29 27" t="ar"/>
		<b id="26" c="43 19" t="ar"/>
		<b id="27" c="28 27" t="2"/>
		<b id="28" c="27 22" t="ar"/>
		<b id="29" c="12 14" t="ar"/>
		<b id="30" c="12 13" t="1"/>
		<b id="31" c="14 15" t="1"/>
		<b id="32" c="19 16" t="1"/>
		<b id="33" c="19 20" t="ar"/>
		<b id="34" c="16 18" t="1"/>
		<b id="35" c="16 17" t="1"/>
		<b id="36" c="24 23" t="1"/>
		<b id="37" c="37 38" t="1"/>
		<b id="38" c="37 35" t="ar"/>
		<b id="39" c="22 20" t="ar"/>
		<b id="40" c="22 23" t="1"/>
		<b id="41" c="33 34" t="1"/>
		<b id="42" c="33 35" t="ar"/>
		<b id="43" c="20 21" t="1"/>
		<b id="44" c="23 26" t="1"/>
		<b id="45" c="23 25" t="1"/>
		<b id="46" c="35 36" t="1"/>
	</bonds>
	<geometry>
		<g u="A" t="cart/3d">#44,3:2.9565,2.5404,-2.5773;2.2910,2.5074,-1.7102;1.4510,3.2064,-1.6917;2.4885,1.6355,-0.7073;3.5857,0.6251,-0.7403;3.8667,-0.0902,-1.9205;3.2461,0.0765,-2.8041;4.9051,-1.0233,-1.9673;5.0981,-1.5711,-2.8936;5.6863,-1.2666,-0.8335;6.4966,-1.9995,-0.8690;5.4200,-0.5674,0.3478;6.0299,-0.7429,1.2382;4.3790,0.3635,0.3946;4.2034,0.9149,1.3224;1.5469,1.6338,0.4879;2.0967,1.5235,1.4338;0.9876,2.5757,0.5240;0.5526,0.5474,0.4344;0.8168,-0.6913,0.9826;1.7862,-0.7755,1.4784;-0.0386,-1.7426,0.9258;0.2445,-3.0881,1.5281;0.2275,-3.8738,0.7550;-0.5307,-3.3614,2.2629;1.2253,-3.1069,2.0264;-1.3121,-1.5648,0.2239;-2.1641,-2.4235,0.0853;-1.5148,-0.2702,-0.3097;-2.7191,-0.0823,-1.1558;-2.6212,-0.2358,-2.3409;-3.9698,0.2860,-0.4472;-4.0274,0.4823,0.9421;-3.1275,0.3616,1.5473;-5.2339,0.8307,1.5516;-5.2733,0.9812,2.6334;-6.3894,0.9856,0.7790;-7.3337,1.2579,1.2583;-6.3389,0.7917,-0.6074;-7.2424,0.9122,-1.2106;-5.1359,0.4443,-1.2182;-5.0728,0.2878,-2.2968;-0.6393,0.8098,-0.2443;-0.9029,1.8959,-0.7232;</g>
	</geometry>
	<conformers/>
	<properties/>
</molecule>
