<?xml version="1.0" ?>
<!--MOLLI PACKAGE EXPERIMENTAL XML FORMAT-->
<molecule name="react_456">
	<atoms>
		<a id="1" s="H" t="H" l="H"/>
		<a id="2" s="C" t="C.2" l="C"/>
		<a id="3" s="H" t="H" l="H"/>
		<a id="4" s="C" t="C.2" l="C"/>
		<a id="5" s="C" t="C.ar" l="C"/>
		<a id="6" s="C" t="C.ar" l="C"/>
		<a id="7" s="H" t="H" l="H"/>
		<a id="8" s="C" t="C.ar" l="C"/>
		<a id="9" s="H" t="H" l="H"/>
		<a id="10" s="C" t="C.ar" l="C"/>
		<a id="11" s="H" t="H" l="H"/>
		<a id="12" s="C" t="C.ar" l="C"/>
		<a id="13" s="H" t="H" l="H"/>
		<a id="14" s="C" t="C.ar" l="C"/>
		<a id="15" s="H" t="H" l="H"/>
		<a id="16" s="C" t="C.3" l="C"/>
		<a id="17" s="H" t="H" l="H"/>
		<a id="18" s="H" t="H" l="H"/>
		<a id="19" s="N" t="N.ar" l="N"/>
		<a id="20" s="C" t="C.ar" l="C"/>
		<a id="21" s="H" t="H" l="H"/>
		<a id="22" s="C" t="C.ar" l="C"/>
		<a id="23" s="Cl" t="Cl" l="CL"/>
		<a id="24" s="C" t="C.ar" l="C"/>
		<a id="25" s="O" t="O.2" l="O"/>
		<a id="26" s="N" t="N.ar" l="N"/>
		<a id="27" s="C" t="C.2" l="C"/>
		<a id="28" s="O" t="O.2" l="O"/>
		<a id="29" s="C" t="C.ar" l="C"/>
		<a id="30" s="C" t="C.ar" l="C"/>
		<a id="31" s="H" t="H" l="H"/>
		<a id="32" s="C" t="C.ar" l="C"/>
		<a id="33" s="H" t="H" l="H"/>
		<a id="34" s="C" t="C.ar" l="C"/>
		<a id="35" s="H" t="H" l="H"/>
		<a id="36" s="C" t="C.ar" l="C"/>
		<a id="37" s="H" t="H" l="H"/>
		<a id="38" s="C" t="C.ar" l="C"/>
		<a id="39" s="H" t="H" l="H"/>
		<a id="40" s="C" t="C.ar" l="C"/>
		<a id="41" s="O" t="O.2" l="O"/>
	</atoms>
	<bonds>
		<b id="1" c="17 16" t="1"/>
		<b id="2" c="18 16" t="1"/>
		<b id="3" c="7 6" t="1"/>
		<b id="4" c="16 4" t="1"/>
		<b id="5" c="16 19" t="1"/>
		<b id="6" c="1 2" t="1"/>
		<b id="7" c="37 36" t="1"/>
		<b id="8" c="2 4" t="2"/>
		<b id="9" c="2 3" t="1"/>
		<b id="10" c="4 5" t="1"/>
		<b id="11" c="6 5" t="ar"/>
		<b id="12" c="6 8" t="ar"/>
		<b id="13" c="9 8" t="1"/>
		<b id="14" c="41 40" t="2"/>
		<b id="15" c="36 38" t="ar"/>
		<b id="16" c="36 34" t="ar"/>
		<b id="17" c="19 40" t="ar"/>
		<b id="18" c="19 20" t="ar"/>
		<b id="19" c="35 34" t="1"/>
		<b id="20" c="39 38" t="1"/>
		<b id="21" c="5 14" t="ar"/>
		<b id="22" c="8 10" t="ar"/>
		<b id="23" c="21 20" t="1"/>
		<b id="24" c="40 26" t="ar"/>
		<b id="25" c="38 29" t="ar"/>
		<b id="26" c="34 32" t="ar"/>
		<b id="27" c="20 22" t="ar"/>
		<b id="28" c="32 33" t="1"/>
		<b id="29" c="32 30" t="ar"/>
		<b id="30" c="29 30" t="ar"/>
		<b id="31" c="29 27" t="1"/>
		<b id="32" c="26 27" t="am"/>
		<b id="33" c="26 24" t="ar"/>
		<b id="34" c="14 15" t="1"/>
		<b id="35" c="14 12" t="ar"/>
		<b id="36" c="10 11" t="1"/>
		<b id="37" c="10 12" t="ar"/>
		<b id="38" c="22 24" t="ar"/>
		<b id="39" c="22 23" t="1"/>
		<b id="40" c="30 31" t="1"/>
		<b id="41" c="27 28" t="2"/>
		<b id="42" c="12 13" t="1"/>
		<b id="43" c="24 25" t="2"/>
	</bonds>
	<geometry>
		<g u="A" t="cart/3d">#41,3:-1.4032,-2.8677,-1.7672;-2.2911,-2.4149,-1.3189;-3.0558,-3.0876,-0.9210;-2.4304,-1.0803,-1.2531;-3.5979,-0.4345,-0.5857;-4.2670,0.6586,-1.1715;-3.9384,1.0459,-2.1400;-5.3770,1.2391,-0.5526;-5.8881,2.0776,-1.0334;-5.8373,0.7466,0.6724;-6.7016,1.2049,1.1601;-5.1800,-0.3324,1.2711;-5.5250,-0.7187,2.2339;-4.0726,-0.9147,0.6500;-3.5509,-1.7431,1.1355;-1.3497,-0.1797,-1.8315;-0.7120,-0.7486,-2.5174;-1.7803,0.6684,-2.3831;-0.4613,0.3822,-0.7954;-0.7641,1.5664,-0.1651;-1.6665,2.0748,-0.5070;0.0007,2.0866,0.8269;-0.3956,3.5910,1.5885;1.1996,1.3800,1.2924;1.9554,1.7372,2.1690;1.4254,0.1716,0.5899;2.5249,-0.6891,1.1060;2.2600,-1.5287,1.9188;3.8768,-0.4248,0.5584;4.9389,-1.2150,1.0353;4.7246,-1.9804,1.7837;6.2315,-1.0144,0.5561;7.0535,-1.6303,0.9296;6.4763,-0.0230,-0.4026;7.4912,0.1349,-0.7775;5.4254,0.7666,-0.8808;5.6170,1.5412,-1.6274;4.1291,0.5675,-0.4031;3.3117,1.1863,-0.7767;0.6575,-0.3770,-0.4335;0.9463,-1.4228,-0.9793;</g>
	</geometry>
	<conformers/>
	<properties/>
</molecule>
