<?xml version="1.0" ?>
<!--MOLLI PACKAGE EXPERIMENTAL XML FORMAT-->
<molecule name="react_457">
	<atoms>
		<a id="1" s="H" t="H" l="H"/>
		<a id="2" s="C" t="C.2" l="C"/>
		<a id="3" s="H" t="H" l="H"/>
		<a id="4" s="C" t="C.2" l="C"/>
		<a id="5" s="C" t="C.ar" l="C"/>
		<a id="6" s="C" t="C.ar" l="C"/>
		<a id="7" s="H" t="H" l="H"/>
		<a id="8" s="C" t="C.ar" l="C"/>
		<a id="9" s="H" t="H" l="H"/>
		<a id="10" s="C" t="C.ar" l="C"/>
		<a id="11" s="H" t="H" l="H"/>
		<a id="12" s="C" t="C.ar" l="C"/>
		<a id="13" s="H" t="H" l="H"/>
		<a id="14" s="C" t="C.ar" l="C"/>
		<a id="15" s="H" t="H" l="H"/>
		<a id="16" s="C" t="C.3" l="C"/>
		<a id="17" s="H" t="H" l="H"/>
		<a id="18" s="H" t="H" l="H"/>
		<a id="19" s="N" t="N.ar" l="N"/>
		<a id="20" s="C" t="C.ar" l="C"/>
		<a id="21" s="H" t="H" l="H"/>
		<a id="22" s="C" t="C.ar" l="C"/>
		<a id="23" s="Br" t="Br" l="BR"/>
		<a id="24" s="C" t="C.ar" l="C"/>
		<a id="25" s="O" t="O.2" l="O"/>
		<a id="26" s="N" t="N.ar" l="N"/>
		<a id="27" s="C" t="C.2" l="C"/>
		<a id="28" s="O" t="O.2" l="O"/>
		<a id="29" s="C" t="C.ar" l="C"/>
		<a id="30" s="C" t="C.ar" l="C"/>
		<a id="31" s="H" t="H" l="H"/>
		<a id="32" s="C" t="C.ar" l="C"/>
		<a id="33" s="H" t="H" l="H"/>
		<a id="34" s="C" t="C.ar" l="C"/>
		<a id="35" s="H" t="H" l="H"/>
		<a id="36" s="C" t="C.ar" l="C"/>
		<a id="37" s="H" t="H" l="H"/>
		<a id="38" s="C" t="C.ar" l="C"/>
		<a id="39" s="H" t="H" l="H"/>
		<a id="40" s="C" t="C.ar" l="C"/>
		<a id="41" s="O" t="O.2" l="O"/>
	</atoms>
	<bonds>
		<b id="1" c="33 32" t="1"/>
		<b id="2" c="18 16" t="1"/>
		<b id="3" c="17 16" t="1"/>
		<b id="4" c="7 6" t="1"/>
		<b id="5" c="16 4" t="1"/>
		<b id="6" c="16 19" t="1"/>
		<b id="7" c="35 34" t="1"/>
		<b id="8" c="32 34" t="ar"/>
		<b id="9" c="32 30" t="ar"/>
		<b id="10" c="31 30" t="1"/>
		<b id="11" c="3 2" t="1"/>
		<b id="12" c="34 36" t="ar"/>
		<b id="13" c="9 8" t="1"/>
		<b id="14" c="6 8" t="ar"/>
		<b id="15" c="6 5" t="ar"/>
		<b id="16" c="30 29" t="ar"/>
		<b id="17" c="4 2" t="2"/>
		<b id="18" c="4 5" t="1"/>
		<b id="19" c="19 40" t="ar"/>
		<b id="20" c="19 20" t="ar"/>
		<b id="21" c="41 40" t="2"/>
		<b id="22" c="21 20" t="1"/>
		<b id="23" c="2 1" t="1"/>
		<b id="24" c="8 10" t="ar"/>
		<b id="25" c="40 26" t="ar"/>
		<b id="26" c="20 22" t="ar"/>
		<b id="27" c="5 14" t="ar"/>
		<b id="28" c="36 37" t="1"/>
		<b id="29" c="36 38" t="ar"/>
		<b id="30" c="29 38" t="ar"/>
		<b id="31" c="29 27" t="1"/>
		<b id="32" c="26 24" t="ar"/>
		<b id="33" c="26 27" t="am"/>
		<b id="34" c="22 24" t="ar"/>
		<b id="35" c="22 23" t="1"/>
		<b id="36" c="38 39" t="1"/>
		<b id="37" c="10 11" t="1"/>
		<b id="38" c="10 12" t="ar"/>
		<b id="39" c="24 25" t="2"/>
		<b id="40" c="27 28" t="2"/>
		<b id="41" c="14 12" t="ar"/>
		<b id="42" c="14 15" t="1"/>
		<b id="43" c="12 13" t="1"/>
	</bonds>
	<geometry>
		<g u="A" t="cart/3d">#41,3:3.4711,-2.7322,0.0679;2.6669,-2.2521,-0.4964;1.8798,-2.8944,-0.8995;2.6397,-0.9218,-0.6834;3.6633,-0.0141,-0.0889;4.2287,1.0427,-0.8300;3.9258,1.2067,-1.8679;5.2075,1.8706,-0.2742;5.6397,2.6758,-0.8743;5.6374,1.6671,1.0406;6.3982,2.3185,1.4784;5.0817,0.6272,1.7924;5.4024,0.4662,2.8252;4.1055,-0.2017,1.2352;3.6596,-0.9963,1.8382;1.5089,-0.2989,-1.4878;1.0139,-1.0638,-2.0963;1.8742,0.4918,-2.1587;0.4636,0.3025,-0.6362;0.5592,1.6041,-0.2045;1.4248,2.1614,-0.5653;-0.3553,2.1737,0.6200;-0.2066,3.9723,1.1740;-1.4979,1.3982,1.1134;-2.3685,1.7835,1.8624;-1.5169,0.0749,0.6078;-2.5711,-0.8214,1.1567;-2.3241,-1.4656,2.1360;-3.8606,-0.8370,0.4245;-4.0956,-0.0604,-0.7221;-3.3133,0.5949,-1.1083;-5.3311,-0.1218,-1.3689;-5.5093,0.4853,-2.2599;-6.3382,-0.9580,-0.8761;-7.3053,-1.0041,-1.3842;-6.1104,-1.7347,0.2671;-6.8982,-2.3874,0.6517;-4.8786,-1.6752,0.9150;-4.6788,-2.2710,1.8077;-0.5911,-0.5280,-0.2380;-0.7007,-1.6777,-0.6137;</g>
	</geometry>
	<conformers/>
	<properties/>
</molecule>
