<?xml version="1.0" ?>
<!--MOLLI PACKAGE EXPERIMENTAL XML FORMAT-->
<molecule name="react_458">
	<atoms>
		<a id="1" s="H" t="H" l="H"/>
		<a id="2" s="C" t="C.2" l="C"/>
		<a id="3" s="H" t="H" l="H"/>
		<a id="4" s="C" t="C.2" l="C"/>
		<a id="5" s="C" t="C.ar" l="C"/>
		<a id="6" s="C" t="C.ar" l="C"/>
		<a id="7" s="H" t="H" l="H"/>
		<a id="8" s="C" t="C.ar" l="C"/>
		<a id="9" s="H" t="H" l="H"/>
		<a id="10" s="C" t="C.ar" l="C"/>
		<a id="11" s="H" t="H" l="H"/>
		<a id="12" s="C" t="C.ar" l="C"/>
		<a id="13" s="H" t="H" l="H"/>
		<a id="14" s="C" t="C.ar" l="C"/>
		<a id="15" s="H" t="H" l="H"/>
		<a id="16" s="C" t="C.3" l="C"/>
		<a id="17" s="H" t="H" l="H"/>
		<a id="18" s="H" t="H" l="H"/>
		<a id="19" s="N" t="N.ar" l="N"/>
		<a id="20" s="C" t="C.ar" l="C"/>
		<a id="21" s="H" t="H" l="H"/>
		<a id="22" s="C" t="C.ar" l="C"/>
		<a id="23" s="I" t="I" l="I"/>
		<a id="24" s="C" t="C.ar" l="C"/>
		<a id="25" s="O" t="O.2" l="O"/>
		<a id="26" s="N" t="N.ar" l="N"/>
		<a id="27" s="C" t="C.2" l="C"/>
		<a id="28" s="O" t="O.2" l="O"/>
		<a id="29" s="C" t="C.ar" l="C"/>
		<a id="30" s="C" t="C.ar" l="C"/>
		<a id="31" s="H" t="H" l="H"/>
		<a id="32" s="C" t="C.ar" l="C"/>
		<a id="33" s="H" t="H" l="H"/>
		<a id="34" s="C" t="C.ar" l="C"/>
		<a id="35" s="H" t="H" l="H"/>
		<a id="36" s="C" t="C.ar" l="C"/>
		<a id="37" s="H" t="H" l="H"/>
		<a id="38" s="C" t="C.ar" l="C"/>
		<a id="39" s="H" t="H" l="H"/>
		<a id="40" s="C" t="C.ar" l="C"/>
		<a id="41" s="O" t="O.2" l="O"/>
	</atoms>
	<bonds>
		<b id="1" c="15 14" t="1"/>
		<b id="2" c="13 12" t="1"/>
		<b id="3" c="3 2" t="1"/>
		<b id="4" c="39 38" t="1"/>
		<b id="5" c="28 27" t="2"/>
		<b id="6" c="14 12" t="ar"/>
		<b id="7" c="14 5" t="ar"/>
		<b id="8" c="1 2" t="1"/>
		<b id="9" c="12 10" t="ar"/>
		<b id="10" c="2 4" t="2"/>
		<b id="11" c="37 36" t="1"/>
		<b id="12" c="38 36" t="ar"/>
		<b id="13" c="38 29" t="ar"/>
		<b id="14" c="27 29" t="1"/>
		<b id="15" c="27 26" t="am"/>
		<b id="16" c="4 5" t="1"/>
		<b id="17" c="4 16" t="1"/>
		<b id="18" c="41 40" t="2"/>
		<b id="19" c="5 6" t="ar"/>
		<b id="20" c="10 11" t="1"/>
		<b id="21" c="10 8" t="ar"/>
		<b id="22" c="36 34" t="ar"/>
		<b id="23" c="29 30" t="ar"/>
		<b id="24" c="40 26" t="ar"/>
		<b id="25" c="40 19" t="ar"/>
		<b id="26" c="26 24" t="ar"/>
		<b id="27" c="25 24" t="2"/>
		<b id="28" c="6 8" t="ar"/>
		<b id="29" c="6 7" t="1"/>
		<b id="30" c="8 9" t="1"/>
		<b id="31" c="18 16" t="1"/>
		<b id="32" c="24 22" t="ar"/>
		<b id="33" c="16 19" t="1"/>
		<b id="34" c="16 17" t="1"/>
		<b id="35" c="19 20" t="ar"/>
		<b id="36" c="34 35" t="1"/>
		<b id="37" c="34 32" t="ar"/>
		<b id="38" c="30 32" t="ar"/>
		<b id="39" c="30 31" t="1"/>
		<b id="40" c="20 22" t="ar"/>
		<b id="41" c="20 21" t="1"/>
		<b id="42" c="22 23" t="1"/>
		<b id="43" c="32 33" t="1"/>
	</bonds>
	<geometry>
		<g u="A" t="cart/3d">#41,3:1.2817,3.0061,-1.6466;2.1573,2.3524,-1.6235;2.8090,2.3505,-2.5015;2.4152,1.5755,-0.5583;3.5619,0.6219,-0.5292;4.3884,0.4987,0.6055;4.2036,1.1187,1.4872;5.4744,-0.3804,0.6134;6.1084,-0.4497,1.5015;5.7538,-1.1637,-0.5106;6.5990,-1.8569,-0.5023;4.9399,-1.0581,-1.6426;5.1425,-1.6744,-2.5226;3.8562,-0.1770,-1.6509;3.2111,-0.1176,-2.5308;1.4906,1.6186,0.6485;2.0552,1.6254,1.5920;0.8669,2.5189,0.6143;0.5706,0.4652,0.7017;0.9246,-0.6971,1.3429;1.8933,-0.6772,1.8447;0.1355,-1.8011,1.3594;0.7021,-3.5560,2.3745;-1.1443,-1.8042,0.6461;-1.9250,-2.7272,0.5531;-1.4332,-0.5615,0.0276;-2.6423,-0.5305,-0.8406;-2.5061,-0.7097,-2.0175;-3.9339,-0.2753,-0.1592;-4.0329,-0.0274,1.2197;-3.1349,-0.0193,1.8394;-5.2796,0.2082,1.8015;-5.3513,0.3987,2.8752;-6.4338,0.1978,1.0116;-7.4096,0.3809,1.4697;-6.3420,-0.0480,-0.3643;-7.2446,-0.0574,-0.9805;-5.0991,-0.2826,-0.9480;-5.0038,-0.4774,-2.0179;-0.6424,0.5839,0.0096;-0.9824,1.6085,-0.5449;</g>
	</geometry>
	<conformers/>
	<properties/>
</molecule>
