<?xml version="1.0" ?>
<!--MOLLI PACKAGE EXPERIMENTAL XML FORMAT-->
<molecule name="react_459">
	<atoms>
		<a id="1" s="H" t="H" l="H"/>
		<a id="2" s="C" t="C.2" l="C"/>
		<a id="3" s="H" t="H" l="H"/>
		<a id="4" s="C" t="C.2" l="C"/>
		<a id="5" s="C" t="C.ar" l="C"/>
		<a id="6" s="C" t="C.ar" l="C"/>
		<a id="7" s="H" t="H" l="H"/>
		<a id="8" s="C" t="C.ar" l="C"/>
		<a id="9" s="H" t="H" l="H"/>
		<a id="10" s="C" t="C.ar" l="C"/>
		<a id="11" s="H" t="H" l="H"/>
		<a id="12" s="C" t="C.ar" l="C"/>
		<a id="13" s="H" t="H" l="H"/>
		<a id="14" s="C" t="C.ar" l="C"/>
		<a id="15" s="H" t="H" l="H"/>
		<a id="16" s="C" t="C.3" l="C"/>
		<a id="17" s="H" t="H" l="H"/>
		<a id="18" s="H" t="H" l="H"/>
		<a id="19" s="N" t="N.ar" l="N"/>
		<a id="20" s="C" t="C.ar" l="C"/>
		<a id="21" s="H" t="H" l="H"/>
		<a id="22" s="C" t="C.ar" l="C"/>
		<a id="23" s="F" t="F" l="F"/>
		<a id="24" s="C" t="C.ar" l="C"/>
		<a id="25" s="O" t="O.2" l="O"/>
		<a id="26" s="N" t="N.ar" l="N"/>
		<a id="27" s="C" t="C.2" l="C"/>
		<a id="28" s="O" t="O.2" l="O"/>
		<a id="29" s="C" t="C.ar" l="C"/>
		<a id="30" s="C" t="C.ar" l="C"/>
		<a id="31" s="H" t="H" l="H"/>
		<a id="32" s="C" t="C.ar" l="C"/>
		<a id="33" s="H" t="H" l="H"/>
		<a id="34" s="C" t="C.ar" l="C"/>
		<a id="35" s="H" t="H" l="H"/>
		<a id="36" s="C" t="C.ar" l="C"/>
		<a id="37" s="H" t="H" l="H"/>
		<a id="38" s="C" t="C.ar" l="C"/>
		<a id="39" s="H" t="H" l="H"/>
		<a id="40" s="C" t="C.ar" l="C"/>
		<a id="41" s="O" t="O.2" l="O"/>
	</atoms>
	<bonds>
		<b id="1" c="39 38" t="1"/>
		<b id="2" c="13 12" t="1"/>
		<b id="3" c="28 27" t="2"/>
		<b id="4" c="15 14" t="1"/>
		<b id="5" c="25 24" t="2"/>
		<b id="6" c="37 36" t="1"/>
		<b id="7" c="38 36" t="ar"/>
		<b id="8" c="38 29" t="ar"/>
		<b id="9" c="12 14" t="ar"/>
		<b id="10" c="12 10" t="ar"/>
		<b id="11" c="27 29" t="1"/>
		<b id="12" c="27 26" t="am"/>
		<b id="13" c="14 5" t="ar"/>
		<b id="14" c="36 34" t="ar"/>
		<b id="15" c="24 26" t="ar"/>
		<b id="16" c="24 22" t="ar"/>
		<b id="17" c="29 30" t="ar"/>
		<b id="18" c="11 10" t="1"/>
		<b id="19" c="26 40" t="ar"/>
		<b id="20" c="10 8" t="ar"/>
		<b id="21" c="23 22" t="1"/>
		<b id="22" c="1 2" t="1"/>
		<b id="23" c="22 20" t="ar"/>
		<b id="24" c="40 41" t="2"/>
		<b id="25" c="40 19" t="ar"/>
		<b id="26" c="34 35" t="1"/>
		<b id="27" c="34 32" t="ar"/>
		<b id="28" c="2 3" t="1"/>
		<b id="29" c="2 4" t="2"/>
		<b id="30" c="5 4" t="1"/>
		<b id="31" c="5 6" t="ar"/>
		<b id="32" c="30 32" t="ar"/>
		<b id="33" c="30 31" t="1"/>
		<b id="34" c="20 19" t="ar"/>
		<b id="35" c="20 21" t="1"/>
		<b id="36" c="4 16" t="1"/>
		<b id="37" c="19 16" t="1"/>
		<b id="38" c="8 6" t="ar"/>
		<b id="39" c="8 9" t="1"/>
		<b id="40" c="32 33" t="1"/>
		<b id="41" c="6 7" t="1"/>
		<b id="42" c="16 18" t="1"/>
		<b id="43" c="16 17" t="1"/>
	</bonds>
	<geometry>
		<g u="A" t="cart/3d">#41,3:3.0375,-3.2565,-0.3102;2.2716,-2.7598,0.2919;1.3756,-3.3335,0.5425;2.4191,-1.4895,0.7034;3.5996,-0.6618,0.3197;4.2661,0.1477,1.2611;3.9272,0.1689,2.3006;5.3859,0.9009,0.8994;5.8939,1.5112,1.6511;5.8596,0.8701,-0.4158;6.7314,1.4646,-0.7010;5.2057,0.0777,-1.3642;5.5608,0.0556,-2.3980;4.0885,-0.6782,-1.0009;3.5693,-1.2767,-1.7533;1.3354,-0.8408,1.5515;1.7633,-0.2496,2.3741;0.6846,-1.6097,1.9825;0.4651,0.0617,0.7748;0.7992,1.3882,0.5929;1.7066,1.7416,1.0847;0.0496,2.2207,-0.1620;0.3782,3.5034,-0.3149;-1.1531,1.7537,-0.8502;-1.8745,2.4211,-1.5597;-1.4183,0.3878,-0.5971;-2.5465,-0.2145,-1.3579;-2.3091,-0.7691,-2.3930;-3.8932,-0.0684,-0.7547;-4.1123,0.5748,0.4745;-3.2715,0.9942,1.0295;-5.4051,0.6811,0.9895;-5.5700,1.1846,1.9453;-6.4865,0.1460,0.2820;-7.4987,0.2319,0.6864;-6.2750,-0.4983,-0.9436;-7.1207,-0.9157,-1.4961;-4.9858,-0.6055,-1.4603;-4.7979,-1.1016,-2.4145;-0.6670,-0.4985,0.1777;-0.9886,-1.6597,0.3320;</g>
	</geometry>
	<conformers/>
	<properties/>
</molecule>
