<?xml version="1.0" ?>
<!--MOLLI PACKAGE EXPERIMENTAL XML FORMAT-->
<molecule name="react_462">
	<atoms>
		<a id="1" s="H" t="H" l="H"/>
		<a id="2" s="C" t="C.2" l="C"/>
		<a id="3" s="C" t="C.2" l="C"/>
		<a id="4" s="O" t="O.2" l="O"/>
		<a id="5" s="O" t="O.3" l="O"/>
		<a id="6" s="C" t="C.3" l="C"/>
		<a id="7" s="H" t="H" l="H"/>
		<a id="8" s="H" t="H" l="H"/>
		<a id="9" s="C" t="C.3" l="C"/>
		<a id="10" s="H" t="H" l="H"/>
		<a id="11" s="H" t="H" l="H"/>
		<a id="12" s="H" t="H" l="H"/>
		<a id="13" s="C" t="C.2" l="C"/>
		<a id="14" s="H" t="H" l="H"/>
		<a id="15" s="C" t="C.3" l="C"/>
		<a id="16" s="H" t="H" l="H"/>
		<a id="17" s="H" t="H" l="H"/>
		<a id="18" s="C" t="C.3" l="C"/>
		<a id="19" s="H" t="H" l="H"/>
		<a id="20" s="H" t="H" l="H"/>
		<a id="21" s="C" t="C.3" l="C"/>
		<a id="22" s="H" t="H" l="H"/>
		<a id="23" s="H" t="H" l="H"/>
		<a id="24" s="O" t="O.3" l="O"/>
		<a id="25" s="C" t="C.3" l="C"/>
		<a id="26" s="H" t="H" l="H"/>
		<a id="27" s="H" t="H" l="H"/>
		<a id="28" s="C" t="C.ar" l="C"/>
		<a id="29" s="C" t="C.ar" l="C"/>
		<a id="30" s="H" t="H" l="H"/>
		<a id="31" s="C" t="C.ar" l="C"/>
		<a id="32" s="H" t="H" l="H"/>
		<a id="33" s="C" t="C.ar" l="C"/>
		<a id="34" s="O" t="O.3" l="O"/>
		<a id="35" s="C" t="C.3" l="C"/>
		<a id="36" s="H" t="H" l="H"/>
		<a id="37" s="H" t="H" l="H"/>
		<a id="38" s="H" t="H" l="H"/>
		<a id="39" s="C" t="C.ar" l="C"/>
		<a id="40" s="H" t="H" l="H"/>
		<a id="41" s="C" t="C.ar" l="C"/>
		<a id="42" s="H" t="H" l="H"/>
	</atoms>
	<bonds>
		<b id="1" c="32 31" t="1"/>
		<b id="2" c="30 29" t="1"/>
		<b id="3" c="31 29" t="ar"/>
		<b id="4" c="31 33" t="ar"/>
		<b id="5" c="29 28" t="ar"/>
		<b id="6" c="11 9" t="1"/>
		<b id="7" c="27 25" t="1"/>
		<b id="8" c="12 9" t="1"/>
		<b id="9" c="26 25" t="1"/>
		<b id="10" c="10 9" t="1"/>
		<b id="11" c="34 33" t="1"/>
		<b id="12" c="34 35" t="1"/>
		<b id="13" c="9 6" t="1"/>
		<b id="14" c="33 39" t="ar"/>
		<b id="15" c="28 25" t="1"/>
		<b id="16" c="28 41" t="ar"/>
		<b id="17" c="25 24" t="1"/>
		<b id="18" c="37 35" t="1"/>
		<b id="19" c="36 35" t="1"/>
		<b id="20" c="35 38" t="1"/>
		<b id="21" c="39 41" t="ar"/>
		<b id="22" c="39 40" t="1"/>
		<b id="23" c="41 42" t="1"/>
		<b id="24" c="19 18" t="1"/>
		<b id="25" c="14 13" t="1"/>
		<b id="26" c="24 21" t="1"/>
		<b id="27" c="6 5" t="1"/>
		<b id="28" c="6 7" t="1"/>
		<b id="29" c="6 8" t="1"/>
		<b id="30" c="5 3" t="1"/>
		<b id="31" c="17 15" t="1"/>
		<b id="32" c="22 21" t="1"/>
		<b id="33" c="18 21" t="1"/>
		<b id="34" c="18 15" t="1"/>
		<b id="35" c="18 20" t="1"/>
		<b id="36" c="21 23" t="1"/>
		<b id="37" c="13 15" t="1"/>
		<b id="38" c="13 2" t="2"/>
		<b id="39" c="15 16" t="1"/>
		<b id="40" c="3 2" t="1"/>
		<b id="41" c="3 4" t="2"/>
		<b id="42" c="2 1" t="1"/>
	</bonds>
	<geometry>
		<g u="A" t="cart/3d">#42,3:-3.7541,-1.0126,3.1468;-4.0081,-0.8460,2.0955;-5.4592,-0.6568,1.8626;-6.2887,-0.6748,2.7447;-5.7736,-0.4625,0.5624;-7.1646,-0.2776,0.2619;-7.7308,-1.1511,0.6261;-7.5402,0.5971,0.8189;-7.3032,-0.0974,-1.2360;-8.3627,0.0443,-1.5021;-6.9271,-0.9807,-1.7761;-6.7401,0.7837,-1.5820;-3.0641,-0.8278,1.1407;-3.3832,-0.6517,0.1063;-1.5973,-1.0181,1.3719;-1.4057,-1.2497,2.4338;-1.2478,-1.8896,0.7887;-0.7507,0.1937,0.9429;-0.9964,0.4709,-0.0983;-1.0077,1.0714,1.5619;0.7526,-0.0672,1.0601;1.3208,0.8529,0.8293;1.0009,-0.3487,2.0981;1.1791,-1.1423,0.2380;1.6052,-0.7841,-1.0626;0.8791,-0.1099,-1.5591;1.6014,-1.7270,-1.6370;2.9888,-0.1599,-1.1000;3.3041,0.8699,-2.0017;2.5291,1.2618,-2.6685;4.5873,1.4071,-2.0657;4.8346,2.2096,-2.7641;5.5973,0.9294,-1.2129;6.8163,1.5151,-1.3390;7.8728,1.0976,-0.5048;8.1202,0.0304,-0.6536;8.7467,1.7052,-0.7773;7.6439,1.2609,0.5645;5.2954,-0.0942,-0.2997;6.0557,-0.4836,0.3784;4.0027,-0.6265,-0.2547;3.7710,-1.4188,0.4618;</g>
	</geometry>
	<conformers/>
	<properties/>
</molecule>
