<?xml version="1.0" ?>
<!--MOLLI PACKAGE EXPERIMENTAL XML FORMAT-->
<molecule name="react_188">
	<atoms>
		<a id="1" s="H" t="H" l="H"/>
		<a id="2" s="O" t="O.3" l="O"/>
		<a id="3" s="C" t="C.3" l="C"/>
		<a id="4" s="H" t="H" l="H"/>
		<a id="5" s="H" t="H" l="H"/>
		<a id="6" s="C" t="C.3" l="C"/>
		<a id="7" s="H" t="H" l="H"/>
		<a id="8" s="H" t="H" l="H"/>
		<a id="9" s="C" t="C.3" l="C"/>
		<a id="10" s="H" t="H" l="H"/>
		<a id="11" s="H" t="H" l="H"/>
		<a id="12" s="C" t="C.3" l="C"/>
		<a id="13" s="H" t="H" l="H"/>
		<a id="14" s="H" t="H" l="H"/>
		<a id="15" s="C" t="C.2" l="C"/>
		<a id="16" s="H" t="H" l="H"/>
		<a id="17" s="C" t="C.2" l="C"/>
		<a id="18" s="H" t="H" l="H"/>
		<a id="19" s="H" t="H" l="H"/>
	</atoms>
	<bonds>
		<b id="1" c="4 3" t="1"/>
		<b id="2" c="10 9" t="1"/>
		<b id="3" c="19 17" t="1"/>
		<b id="4" c="1 2" t="1"/>
		<b id="5" c="3 2" t="1"/>
		<b id="6" c="3 5" t="1"/>
		<b id="7" c="3 6" t="1"/>
		<b id="8" c="18 17" t="1"/>
		<b id="9" c="7 6" t="1"/>
		<b id="10" c="17 15" t="2"/>
		<b id="11" c="9 6" t="1"/>
		<b id="12" c="9 11" t="1"/>
		<b id="13" c="9 12" t="1"/>
		<b id="14" c="6 8" t="1"/>
		<b id="15" c="14 12" t="1"/>
		<b id="16" c="15 12" t="1"/>
		<b id="17" c="15 16" t="1"/>
		<b id="18" c="12 13" t="1"/>
	</bonds>
	<geometry>
		<g u="A" t="cart/3d">#19,3:4.3515,0.1574,-0.8508;3.6428,-0.3459,-0.4314;2.4138,0.2982,-0.7018;2.2211,0.3673,-1.7938;2.4045,1.3385,-0.3117;1.2988,-0.4995,-0.0412;1.3348,-1.5312,-0.4339;1.5223,-0.5738,1.0380;-0.0925,0.1014,-0.2548;-0.2985,0.1803,-1.3379;-0.1120,1.1355,0.1351;-1.2027,-0.7117,0.4129;-0.9893,-0.8055,1.4958;-1.1722,-1.7534,0.0373;-2.6079,-0.1941,0.2519;-3.3791,-0.8025,0.7432;-2.9958,0.9000,-0.4115;-4.0512,1.1823,-0.4643;-2.2884,1.5565,-0.9264;</g>
	</geometry>
	<conformers/>
	<properties/>
</molecule>
