<?xml version="1.0" ?>
<!--MOLLI PACKAGE EXPERIMENTAL XML FORMAT-->
<molecule name="react_463">
	<atoms>
		<a id="1" s="H" t="H" l="H"/>
		<a id="2" s="C" t="C.2" l="C"/>
		<a id="3" s="C" t="C.2" l="C"/>
		<a id="4" s="C" t="C.3" l="C"/>
		<a id="5" s="H" t="H" l="H"/>
		<a id="6" s="H" t="H" l="H"/>
		<a id="7" s="H" t="H" l="H"/>
		<a id="8" s="C" t="C.3" l="C"/>
		<a id="9" s="H" t="H" l="H"/>
		<a id="10" s="H" t="H" l="H"/>
		<a id="11" s="H" t="H" l="H"/>
		<a id="12" s="C" t="C.ar" l="C"/>
		<a id="13" s="N" t="N.ar" l="N"/>
		<a id="14" s="C" t="C.ar" l="C"/>
		<a id="15" s="C" t="C.2" l="C"/>
		<a id="16" s="O" t="O.2" l="O"/>
		<a id="17" s="O" t="O.3" l="O"/>
		<a id="18" s="C" t="C.3" l="C"/>
		<a id="19" s="H" t="H" l="H"/>
		<a id="20" s="H" t="H" l="H"/>
		<a id="21" s="C" t="C.3" l="C"/>
		<a id="22" s="H" t="H" l="H"/>
		<a id="23" s="H" t="H" l="H"/>
		<a id="24" s="Si" t="Si" l="SI"/>
		<a id="25" s="C" t="C.3" l="C"/>
		<a id="26" s="H" t="H" l="H"/>
		<a id="27" s="H" t="H" l="H"/>
		<a id="28" s="H" t="H" l="H"/>
		<a id="29" s="C" t="C.3" l="C"/>
		<a id="30" s="H" t="H" l="H"/>
		<a id="31" s="H" t="H" l="H"/>
		<a id="32" s="H" t="H" l="H"/>
		<a id="33" s="C" t="C.3" l="C"/>
		<a id="34" s="H" t="H" l="H"/>
		<a id="35" s="H" t="H" l="H"/>
		<a id="36" s="H" t="H" l="H"/>
		<a id="37" s="C" t="C.ar" l="C"/>
		<a id="38" s="H" t="H" l="H"/>
		<a id="39" s="S" t="S.2" l="S"/>
	</atoms>
	<bonds>
		<b id="1" c="27 25" t="1"/>
		<b id="2" c="5 4" t="1"/>
		<b id="3" c="26 25" t="1"/>
		<b id="4" c="36 33" t="1"/>
		<b id="5" c="25 28" t="1"/>
		<b id="6" c="25 24" t="1"/>
		<b id="7" c="35 33" t="1"/>
		<b id="8" c="9 8" t="1"/>
		<b id="9" c="6 4" t="1"/>
		<b id="10" c="4 7" t="1"/>
		<b id="11" c="4 3" t="1"/>
		<b id="12" c="33 24" t="1"/>
		<b id="13" c="33 34" t="1"/>
		<b id="14" c="23 21" t="1"/>
		<b id="15" c="24 21" t="1"/>
		<b id="16" c="24 29" t="1"/>
		<b id="17" c="10 8" t="1"/>
		<b id="18" c="8 3" t="1"/>
		<b id="19" c="8 11" t="1"/>
		<b id="20" c="16 15" t="2"/>
		<b id="21" c="3 2" t="2"/>
		<b id="22" c="21 22" t="1"/>
		<b id="23" c="21 18" t="1"/>
		<b id="24" c="13 12" t="ar"/>
		<b id="25" c="13 14" t="ar"/>
		<b id="26" c="19 18" t="1"/>
		<b id="27" c="15 14" t="1"/>
		<b id="28" c="15 17" t="1"/>
		<b id="29" c="31 29" t="1"/>
		<b id="30" c="2 12" t="1"/>
		<b id="31" c="2 1" t="1"/>
		<b id="32" c="29 32" t="1"/>
		<b id="33" c="29 30" t="1"/>
		<b id="34" c="18 17" t="1"/>
		<b id="35" c="18 20" t="1"/>
		<b id="36" c="12 39" t="ar"/>
		<b id="37" c="14 37" t="ar"/>
		<b id="38" c="37 39" t="ar"/>
		<b id="39" c="37 38" t="1"/>
	</bonds>
	<geometry>
		<g u="A" t="cart/3d">#39,3:-5.6141,-1.8982,1.6457;-5.0473,-1.2710,0.9496;-5.7086,-0.7768,-0.1262;-5.0994,0.0982,-1.1865;-5.2006,-0.3860,-2.1750;-5.6578,1.0494,-1.2546;-4.0415,0.3132,-0.9997;-7.1674,-1.1019,-0.3184;-7.3292,-1.6045,-1.2891;-7.7712,-0.1769,-0.3477;-7.5656,-1.7494,0.4768;-3.6509,-1.0814,1.3233;-2.7255,-0.3964,0.7110;-1.5239,-0.4458,1.3600;-0.3551,0.2858,0.7915;-0.3774,0.9337,-0.2260;0.7368,0.1299,1.5697;1.9575,0.7647,1.1332;1.7063,1.7508,0.7145;2.5318,0.9066,2.0609;2.7203,-0.0794,0.1220;2.8634,-1.0964,0.5311;2.1070,-0.1873,-0.7896;4.4305,0.5856,-0.4051;5.1210,-0.5849,-1.7209;6.1175,-0.2565,-2.0617;4.4621,-0.6260,-2.6044;5.2228,-1.6117,-1.3308;5.5957,0.6202,1.0893;5.2290,1.2949,1.8812;6.6001,0.9713,0.7977;5.7101,-0.3840,1.5315;4.2601,2.3305,-1.1191;3.8829,3.0444,-0.3678;5.2348,2.7075,-1.4730;3.5637,2.3476,-1.9742;-1.5024,-1.1929,2.5187;-0.6572,-1.3626,3.1812;-3.0581,-1.8646,2.8093;</g>
	</geometry>
	<conformers/>
	<properties/>
</molecule>
