<?xml version="1.0" ?>
<!--MOLLI PACKAGE EXPERIMENTAL XML FORMAT-->
<molecule name="react_464">
	<atoms>
		<a id="1" s="H" t="H" l="H"/>
		<a id="2" s="C" t="C.2" l="C"/>
		<a id="3" s="C" t="C.2" l="C"/>
		<a id="4" s="H" t="H" l="H"/>
		<a id="5" s="C" t="C.3" l="C"/>
		<a id="6" s="H" t="H" l="H"/>
		<a id="7" s="H" t="H" l="H"/>
		<a id="8" s="C" t="C.3" l="C"/>
		<a id="9" s="H" t="H" l="H"/>
		<a id="10" s="H" t="H" l="H"/>
		<a id="11" s="H" t="H" l="H"/>
		<a id="12" s="C" t="C.3" l="C"/>
		<a id="13" s="H" t="H" l="H"/>
		<a id="14" s="H" t="H" l="H"/>
		<a id="15" s="C" t="C.1" l="C"/>
		<a id="16" s="C" t="C.1" l="C"/>
		<a id="17" s="C" t="C.2" l="C"/>
		<a id="18" s="O" t="O.2" l="O"/>
		<a id="19" s="O" t="O.3" l="O"/>
		<a id="20" s="C" t="C.3" l="C"/>
		<a id="21" s="H" t="H" l="H"/>
		<a id="22" s="H" t="H" l="H"/>
		<a id="23" s="H" t="H" l="H"/>
	</atoms>
	<bonds>
		<b id="1" c="7 5" t="1"/>
		<b id="2" c="5 6" t="1"/>
		<b id="3" c="5 3" t="1"/>
		<b id="4" c="5 8" t="1"/>
		<b id="5" c="4 3" t="1"/>
		<b id="6" c="3 2" t="2"/>
		<b id="7" c="9 8" t="1"/>
		<b id="8" c="21 20" t="1"/>
		<b id="9" c="13 12" t="1"/>
		<b id="10" c="18 17" t="2"/>
		<b id="11" c="10 8" t="1"/>
		<b id="12" c="8 11" t="1"/>
		<b id="13" c="2 1" t="1"/>
		<b id="14" c="2 12" t="1"/>
		<b id="15" c="17 16" t="1"/>
		<b id="16" c="17 19" t="1"/>
		<b id="17" c="16 15" t="3"/>
		<b id="18" c="15 12" t="1"/>
		<b id="19" c="12 14" t="1"/>
		<b id="20" c="20 19" t="1"/>
		<b id="21" c="20 22" t="1"/>
		<b id="22" c="20 23" t="1"/>
	</bonds>
	<geometry>
		<g u="A" t="cart/3d">#23,3:-2.5667,2.1974,-0.0258;-1.7108,1.5125,-0.0838;-1.8946,0.2633,-0.5234;-1.0289,-0.4108,-0.5720;-3.2137,-0.3173,-0.9531;-3.9975,0.4585,-0.9053;-3.1406,-0.6197,-2.0151;-3.6330,-1.5400,-0.1231;-4.5800,-1.9654,-0.4930;-2.8694,-2.3344,-0.1682;-3.7710,-1.2727,0.9373;-0.3984,2.1262,0.3611;-0.1868,3.0255,-0.2499;-0.5035,2.5108,1.3943;0.7686,1.2504,0.3109;1.7364,0.5184,0.2680;2.8365,-0.4234,0.1824;2.7364,-1.5565,-0.2255;3.9883,0.1216,0.6151;5.1344,-0.7297,0.5724;5.3417,-1.0573,-0.4581;5.9704,-0.1331,0.9584;4.9821,-1.6240,1.1964;</g>
	</geometry>
	<conformers/>
	<properties/>
</molecule>
