<?xml version="1.0" ?>
<!--MOLLI PACKAGE EXPERIMENTAL XML FORMAT-->
<molecule name="react_465">
	<atoms>
		<a id="1" s="H" t="H" l="H"/>
		<a id="2" s="C" t="C.2" l="C"/>
		<a id="3" s="C" t="C.2" l="C"/>
		<a id="4" s="O" t="O.2" l="O"/>
		<a id="5" s="O" t="O.3" l="O"/>
		<a id="6" s="C" t="C.3" l="C"/>
		<a id="7" s="H" t="H" l="H"/>
		<a id="8" s="H" t="H" l="H"/>
		<a id="9" s="C" t="C.3" l="C"/>
		<a id="10" s="H" t="H" l="H"/>
		<a id="11" s="H" t="H" l="H"/>
		<a id="12" s="H" t="H" l="H"/>
		<a id="13" s="C" t="C.2" l="C"/>
		<a id="14" s="H" t="H" l="H"/>
		<a id="15" s="C" t="C.3" l="C"/>
		<a id="16" s="H" t="H" l="H"/>
		<a id="17" s="H" t="H" l="H"/>
		<a id="18" s="C" t="C.3" l="C"/>
		<a id="19" s="H" t="H" l="H"/>
		<a id="20" s="H" t="H" l="H"/>
		<a id="21" s="O" t="O.3" l="O"/>
		<a id="22" s="Si" t="Si" l="SI"/>
		<a id="23" s="C" t="C.ar" l="C"/>
		<a id="24" s="C" t="C.ar" l="C"/>
		<a id="25" s="H" t="H" l="H"/>
		<a id="26" s="C" t="C.ar" l="C"/>
		<a id="27" s="H" t="H" l="H"/>
		<a id="28" s="C" t="C.ar" l="C"/>
		<a id="29" s="H" t="H" l="H"/>
		<a id="30" s="C" t="C.ar" l="C"/>
		<a id="31" s="H" t="H" l="H"/>
		<a id="32" s="C" t="C.ar" l="C"/>
		<a id="33" s="H" t="H" l="H"/>
		<a id="34" s="C" t="C.ar" l="C"/>
		<a id="35" s="C" t="C.ar" l="C"/>
		<a id="36" s="H" t="H" l="H"/>
		<a id="37" s="C" t="C.ar" l="C"/>
		<a id="38" s="H" t="H" l="H"/>
		<a id="39" s="C" t="C.ar" l="C"/>
		<a id="40" s="H" t="H" l="H"/>
		<a id="41" s="C" t="C.ar" l="C"/>
		<a id="42" s="H" t="H" l="H"/>
		<a id="43" s="C" t="C.ar" l="C"/>
		<a id="44" s="H" t="H" l="H"/>
		<a id="45" s="C" t="C.3" l="C"/>
		<a id="46" s="C" t="C.3" l="C"/>
		<a id="47" s="H" t="H" l="H"/>
		<a id="48" s="H" t="H" l="H"/>
		<a id="49" s="H" t="H" l="H"/>
		<a id="50" s="C" t="C.3" l="C"/>
		<a id="51" s="H" t="H" l="H"/>
		<a id="52" s="H" t="H" l="H"/>
		<a id="53" s="H" t="H" l="H"/>
		<a id="54" s="C" t="C.3" l="C"/>
		<a id="55" s="H" t="H" l="H"/>
		<a id="56" s="H" t="H" l="H"/>
		<a id="57" s="H" t="H" l="H"/>
	</atoms>
	<bonds>
		<b id="1" c="48 46" t="1"/>
		<b id="2" c="1 2" t="1"/>
		<b id="3" c="49 46" t="1"/>
		<b id="4" c="4 3" t="2"/>
		<b id="5" c="16 15" t="1"/>
		<b id="6" c="46 47" t="1"/>
		<b id="7" c="46 45" t="1"/>
		<b id="8" c="2 3" t="1"/>
		<b id="9" c="2 13" t="2"/>
		<b id="10" c="52 50" t="1"/>
		<b id="11" c="3 5" t="1"/>
		<b id="12" c="53 50" t="1"/>
		<b id="13" c="17 15" t="1"/>
		<b id="14" c="15 13" t="1"/>
		<b id="15" c="15 18" t="1"/>
		<b id="16" c="13 14" t="1"/>
		<b id="17" c="8 6" t="1"/>
		<b id="18" c="50 45" t="1"/>
		<b id="19" c="50 51" t="1"/>
		<b id="20" c="55 54" t="1"/>
		<b id="21" c="45 54" t="1"/>
		<b id="22" c="45 22" t="1"/>
		<b id="23" c="33 32" t="1"/>
		<b id="24" c="21 18" t="1"/>
		<b id="25" c="21 22" t="1"/>
		<b id="26" c="5 6" t="1"/>
		<b id="27" c="18 20" t="1"/>
		<b id="28" c="18 19" t="1"/>
		<b id="29" c="54 56" t="1"/>
		<b id="30" c="54 57" t="1"/>
		<b id="31" c="6 7" t="1"/>
		<b id="32" c="6 9" t="1"/>
		<b id="33" c="11 9" t="1"/>
		<b id="34" c="31 30" t="1"/>
		<b id="35" c="32 30" t="ar"/>
		<b id="36" c="32 23" t="ar"/>
		<b id="37" c="22 23" t="1"/>
		<b id="38" c="22 34" t="1"/>
		<b id="39" c="9 12" t="1"/>
		<b id="40" c="9 10" t="1"/>
		<b id="41" c="30 28" t="ar"/>
		<b id="42" c="23 24" t="ar"/>
		<b id="43" c="36 35" t="1"/>
		<b id="44" c="28 29" t="1"/>
		<b id="45" c="28 26" t="ar"/>
		<b id="46" c="34 35" t="ar"/>
		<b id="47" c="34 43" t="ar"/>
		<b id="48" c="35 37" t="ar"/>
		<b id="49" c="24 26" t="ar"/>
		<b id="50" c="24 25" t="1"/>
		<b id="51" c="26 27" t="1"/>
		<b id="52" c="38 37" t="1"/>
		<b id="53" c="37 39" t="ar"/>
		<b id="54" c="43 44" t="1"/>
		<b id="55" c="43 41" t="ar"/>
		<b id="56" c="39 41" t="ar"/>
		<b id="57" c="39 40" t="1"/>
		<b id="58" c="41 42" t="1"/>
	</bonds>
	<geometry>
		<g u="A" t="cart/3d">#57,3:3.4885,0.9754,-3.2283;3.9056,0.5773,-2.2983;5.2983,1.0172,-2.0406;5.9192,1.7371,-2.7909;5.8037,0.5356,-0.8826;7.1438,0.9233,-0.5363;7.5097,0.1155,0.1151;7.7555,0.9529,-1.4507;7.1779,2.2653,0.1783;6.5335,2.2541,1.0719;6.8425,3.0713,-0.4915;8.2075,2.4939,0.4992;3.1906,-0.2281,-1.4971;3.6675,-0.5916,-0.5787;1.7790,-0.6619,-1.7503;1.3980,-0.2342,-2.6916;1.7441,-1.7623,-1.8574;0.8339,-0.2791,-0.6057;1.2097,-0.7091,0.3446;0.8298,0.8199,-0.4802;-0.4639,-0.7554,-0.8911;-1.8716,-0.4689,-0.0007;-1.9041,1.3380,0.5905;-1.2014,1.6854,1.7650;-0.6926,0.9084,2.3430;-1.1412,3.0060,2.2205;-0.5862,3.2422,3.1328;-1.7922,4.0206,1.5129;-1.7502,5.0542,1.8678;-2.4979,3.7043,0.3484;-3.0116,4.4904,-0.2120;-2.5484,2.3821,-0.1048;-3.1034,2.1703,-1.0209;-1.8199,-1.5853,1.5320;-0.9862,-2.7219,1.5502;-0.3546,-2.9391,0.6838;-0.9510,-3.5810,2.6535;-0.2929,-4.4547,2.6436;-1.7553,-3.3228,3.7676;-1.7291,-3.9925,4.6319;-2.5923,-2.2021,3.7722;-3.2228,-1.9926,4.6410;-2.6198,-1.3444,2.6678;-3.2719,-0.4659,2.6996;-3.2806,-0.9973,-1.1953;-3.1454,-0.2957,-2.5640;-3.2949,0.7935,-2.5030;-3.9079,-0.6854,-3.2630;-2.1554,-0.4724,-3.0120;-3.1586,-2.5213,-1.4225;-3.2797,-3.0927,-0.4886;-3.9423,-2.8607,-2.1241;-2.1831,-2.7890,-1.8595;-4.6579,-0.6871,-0.5732;-5.4662,-1.0367,-1.2413;-4.8105,0.3920,-0.4094;-4.7958,-1.1947,0.3961;</g>
	</geometry>
	<conformers/>
	<properties/>
</molecule>
