<?xml version="1.0" ?>
<!--MOLLI PACKAGE EXPERIMENTAL XML FORMAT-->
<molecule name="react_466">
	<atoms>
		<a id="1" s="H" t="H" l="H"/>
		<a id="2" s="C" t="C.2" l="C"/>
		<a id="3" s="H" t="H" l="H"/>
		<a id="4" s="C" t="C.2" l="C"/>
		<a id="5" s="H" t="H" l="H"/>
		<a id="6" s="C" t="C.ar" l="C"/>
		<a id="7" s="C" t="C.ar" l="C"/>
		<a id="8" s="H" t="H" l="H"/>
		<a id="9" s="C" t="C.ar" l="C"/>
		<a id="10" s="O" t="O.3" l="O"/>
		<a id="11" s="C" t="C.3" l="C"/>
		<a id="12" s="H" t="H" l="H"/>
		<a id="13" s="H" t="H" l="H"/>
		<a id="14" s="H" t="H" l="H"/>
		<a id="15" s="C" t="C.ar" l="C"/>
		<a id="16" s="C" t="C.ar" l="C"/>
		<a id="17" s="H" t="H" l="H"/>
		<a id="18" s="C" t="C.ar" l="C"/>
		<a id="19" s="H" t="H" l="H"/>
		<a id="20" s="C" t="C.ar" l="C"/>
		<a id="21" s="H" t="H" l="H"/>
		<a id="22" s="C" t="C.ar" l="C"/>
		<a id="23" s="H" t="H" l="H"/>
		<a id="24" s="C" t="C.ar" l="C"/>
		<a id="25" s="C" t="C.ar" l="C"/>
		<a id="26" s="O" t="O.3" l="O"/>
		<a id="27" s="C" t="C.3" l="C"/>
		<a id="28" s="H" t="H" l="H"/>
		<a id="29" s="H" t="H" l="H"/>
		<a id="30" s="H" t="H" l="H"/>
	</atoms>
	<bonds>
		<b id="1" c="28 27" t="1"/>
		<b id="2" c="29 27" t="1"/>
		<b id="3" c="27 30" t="1"/>
		<b id="4" c="27 26" t="1"/>
		<b id="5" c="12 11" t="1"/>
		<b id="6" c="1 2" t="1"/>
		<b id="7" c="3 2" t="1"/>
		<b id="8" c="2 4" t="2"/>
		<b id="9" c="4 6" t="1"/>
		<b id="10" c="4 5" t="1"/>
		<b id="11" c="8 7" t="1"/>
		<b id="12" c="11 14" t="1"/>
		<b id="13" c="11 10" t="1"/>
		<b id="14" c="11 13" t="1"/>
		<b id="15" c="7 6" t="ar"/>
		<b id="16" c="7 9" t="ar"/>
		<b id="17" c="6 25" t="ar"/>
		<b id="18" c="9 10" t="1"/>
		<b id="19" c="9 15" t="ar"/>
		<b id="20" c="25 26" t="1"/>
		<b id="21" c="25 24" t="ar"/>
		<b id="22" c="15 24" t="ar"/>
		<b id="23" c="15 16" t="ar"/>
		<b id="24" c="24 22" t="ar"/>
		<b id="25" c="17 16" t="1"/>
		<b id="26" c="16 18" t="ar"/>
		<b id="27" c="22 23" t="1"/>
		<b id="28" c="22 20" t="ar"/>
		<b id="29" c="18 20" t="ar"/>
		<b id="30" c="18 19" t="1"/>
		<b id="31" c="20 21" t="1"/>
	</bonds>
	<geometry>
		<g u="A" t="cart/3d">#30,3:0.3221,3.9338,-0.6239;1.3390,3.6243,-0.3647;2.1058,4.4029,-0.3920;1.6550,2.3613,-0.0357;2.6983,2.1260,0.1944;0.7391,1.2146,0.0670;-0.6805,1.3885,0.0667;-1.0734,2.4010,-0.0111;-1.5404,0.3168,0.1806;-2.8956,0.4133,0.1821;-3.4973,1.6807,0.0533;-3.2234,2.1693,-0.8997;-3.2218,2.3519,0.8872;-4.5834,1.5168,0.0713;-1.0236,-1.0170,0.3286;-1.8749,-2.1422,0.4753;-2.9540,-1.9837,0.4635;-1.3456,-3.4093,0.6341;-2.0112,-4.2693,0.7462;0.0567,-3.5971,0.6617;0.4670,-4.6008,0.8023;0.9081,-2.5187,0.5208;1.9902,-2.6527,0.5624;0.3951,-1.2043,0.3409;1.2576,-0.0715,0.1893;2.6181,-0.2808,0.1964;3.2138,-0.4944,-1.0758;3.0871,0.3834,-1.7350;2.7849,-1.3788,-1.5809;4.2870,-0.6638,-0.9052;</g>
	</geometry>
	<conformers/>
	<properties/>
</molecule>
