<?xml version="1.0" ?>
<!--MOLLI PACKAGE EXPERIMENTAL XML FORMAT-->
<molecule name="react_468">
	<atoms>
		<a id="1" s="H" t="H" l="H"/>
		<a id="2" s="C" t="C.2" l="C"/>
		<a id="3" s="H" t="H" l="H"/>
		<a id="4" s="C" t="C.2" l="C"/>
		<a id="5" s="H" t="H" l="H"/>
		<a id="6" s="C" t="C.ar" l="C"/>
		<a id="7" s="C" t="C.ar" l="C"/>
		<a id="8" s="H" t="H" l="H"/>
		<a id="9" s="C" t="C.ar" l="C"/>
		<a id="10" s="H" t="H" l="H"/>
		<a id="11" s="C" t="C.ar" l="C"/>
		<a id="12" s="O" t="O.3" l="O"/>
		<a id="13" s="C" t="C.3" l="C"/>
		<a id="14" s="H" t="H" l="H"/>
		<a id="15" s="H" t="H" l="H"/>
		<a id="16" s="H" t="H" l="H"/>
		<a id="17" s="C" t="C.ar" l="C"/>
		<a id="18" s="O" t="O.3" l="O"/>
		<a id="19" s="C" t="C.3" l="C"/>
		<a id="20" s="H" t="H" l="H"/>
		<a id="21" s="H" t="H" l="H"/>
		<a id="22" s="H" t="H" l="H"/>
		<a id="23" s="C" t="C.ar" l="C"/>
		<a id="24" s="H" t="H" l="H"/>
	</atoms>
	<bonds>
		<b id="1" c="14 13" t="1"/>
		<b id="2" c="3 2" t="1"/>
		<b id="3" c="8 7" t="1"/>
		<b id="4" c="10 9" t="1"/>
		<b id="5" c="2 1" t="1"/>
		<b id="6" c="2 4" t="2"/>
		<b id="7" c="7 9" t="ar"/>
		<b id="8" c="7 6" t="ar"/>
		<b id="9" c="9 11" t="ar"/>
		<b id="10" c="13 16" t="1"/>
		<b id="11" c="13 12" t="1"/>
		<b id="12" c="13 15" t="1"/>
		<b id="13" c="4 6" t="1"/>
		<b id="14" c="4 5" t="1"/>
		<b id="15" c="6 23" t="ar"/>
		<b id="16" c="11 12" t="1"/>
		<b id="17" c="11 17" t="ar"/>
		<b id="18" c="23 17" t="ar"/>
		<b id="19" c="23 24" t="1"/>
		<b id="20" c="17 18" t="1"/>
		<b id="21" c="22 19" t="1"/>
		<b id="22" c="18 19" t="1"/>
		<b id="23" c="19 20" t="1"/>
		<b id="24" c="19 21" t="1"/>
	</bonds>
	<geometry>
		<g u="A" t="cart/3d">#24,3:-4.7783,1.5548,-0.6490;-3.9220,0.8764,-0.6818;-4.1024,-0.1182,-1.1000;-2.7199,1.2641,-0.2269;-2.6322,2.2811,0.1753;-1.4697,0.4858,-0.1946;-1.3685,-0.8327,-0.6559;-2.2431,-1.3417,-1.0662;-0.1522,-1.5224,-0.6018;-0.1081,-2.5481,-0.9696;0.9974,-0.9158,-0.0856;2.2147,-1.5027,0.0039;2.3709,-2.8270,-0.4483;2.1444,-2.9252,-1.5264;1.7306,-3.5334,0.1122;3.4238,-3.0929,-0.2810;0.9143,0.4219,0.3906;2.0659,0.9447,0.8799;2.0640,2.2630,1.3728;3.0882,2.4719,1.7116;1.3734,2.3843,2.2280;1.7895,2.9964,0.5918;-0.3055,1.0947,0.3288;-0.3754,2.1209,0.6922;</g>
	</geometry>
	<conformers/>
	<properties/>
</molecule>
