<?xml version="1.0" ?>
<!--MOLLI PACKAGE EXPERIMENTAL XML FORMAT-->
<molecule name="react_469">
	<atoms>
		<a id="1" s="H" t="H" l="H"/>
		<a id="2" s="C" t="C.2" l="C"/>
		<a id="3" s="H" t="H" l="H"/>
		<a id="4" s="C" t="C.2" l="C"/>
		<a id="5" s="H" t="H" l="H"/>
		<a id="6" s="C" t="C.ar" l="C"/>
		<a id="7" s="C" t="C.ar" l="C"/>
		<a id="8" s="H" t="H" l="H"/>
		<a id="9" s="C" t="C.ar" l="C"/>
		<a id="10" s="H" t="H" l="H"/>
		<a id="11" s="C" t="C.ar" l="C"/>
		<a id="12" s="F" t="F" l="F"/>
		<a id="13" s="C" t="C.ar" l="C"/>
		<a id="14" s="H" t="H" l="H"/>
		<a id="15" s="C" t="C.ar" l="C"/>
		<a id="16" s="H" t="H" l="H"/>
	</atoms>
	<bonds>
		<b id="1" c="16 15" t="1"/>
		<b id="2" c="5 4" t="1"/>
		<b id="3" c="14 13" t="1"/>
		<b id="4" c="15 13" t="ar"/>
		<b id="5" c="15 6" t="ar"/>
		<b id="6" c="4 6" t="1"/>
		<b id="7" c="4 2" t="2"/>
		<b id="8" c="1 2" t="1"/>
		<b id="9" c="13 11" t="ar"/>
		<b id="10" c="6 7" t="ar"/>
		<b id="11" c="2 3" t="1"/>
		<b id="12" c="11 12" t="1"/>
		<b id="13" c="11 9" t="ar"/>
		<b id="14" c="7 9" t="ar"/>
		<b id="15" c="7 8" t="1"/>
		<b id="16" c="9 10" t="1"/>
	</bonds>
	<geometry>
		<g u="A" t="cart/3d">#16,3:-3.8666,-0.4734,-0.4457;-2.8296,-0.6388,-0.1429;-2.6337,-1.5340,0.4544;-1.8651,0.2238,-0.4970;-2.1522,1.0952,-1.0978;-0.4286,0.1524,-0.1764;0.1408,-0.8892,0.5855;-0.4918,-1.6930,0.9686;1.5050,-0.9207,0.8660;1.9488,-1.7258,1.4554;2.3219,0.1018,0.3808;3.6354,0.0731,0.6498;1.8010,1.1483,-0.3750;2.4674,1.9327,-0.7396;0.4314,1.1639,-0.6464;0.0162,1.9836,-1.2397;</g>
	</geometry>
	<conformers/>
	<properties/>
</molecule>
