<?xml version="1.0" ?>
<!--MOLLI PACKAGE EXPERIMENTAL XML FORMAT-->
<molecule name="react_470">
	<atoms>
		<a id="1" s="H" t="H" l="H"/>
		<a id="2" s="C" t="C.2" l="C"/>
		<a id="3" s="H" t="H" l="H"/>
		<a id="4" s="C" t="C.2" l="C"/>
		<a id="5" s="H" t="H" l="H"/>
		<a id="6" s="C" t="C.ar" l="C"/>
		<a id="7" s="C" t="C.ar" l="C"/>
		<a id="8" s="H" t="H" l="H"/>
		<a id="9" s="C" t="C.ar" l="C"/>
		<a id="10" s="H" t="H" l="H"/>
		<a id="11" s="C" t="C.ar" l="C"/>
		<a id="12" s="C" t="C.3" l="C"/>
		<a id="13" s="H" t="H" l="H"/>
		<a id="14" s="H" t="H" l="H"/>
		<a id="15" s="H" t="H" l="H"/>
		<a id="16" s="C" t="C.ar" l="C"/>
		<a id="17" s="H" t="H" l="H"/>
		<a id="18" s="C" t="C.ar" l="C"/>
		<a id="19" s="H" t="H" l="H"/>
	</atoms>
	<bonds>
		<b id="1" c="15 12" t="1"/>
		<b id="2" c="13 12" t="1"/>
		<b id="3" c="10 9" t="1"/>
		<b id="4" c="8 7" t="1"/>
		<b id="5" c="9 7" t="ar"/>
		<b id="6" c="9 11" t="ar"/>
		<b id="7" c="7 6" t="ar"/>
		<b id="8" c="5 4" t="1"/>
		<b id="9" c="11 12" t="1"/>
		<b id="10" c="11 16" t="ar"/>
		<b id="11" c="6 4" t="1"/>
		<b id="12" c="6 18" t="ar"/>
		<b id="13" c="4 2" t="2"/>
		<b id="14" c="12 14" t="1"/>
		<b id="15" c="1 2" t="1"/>
		<b id="16" c="2 3" t="1"/>
		<b id="17" c="16 18" t="ar"/>
		<b id="18" c="16 17" t="1"/>
		<b id="19" c="18 19" t="1"/>
	</bonds>
	<geometry>
		<g u="A" t="cart/3d">#19,3:4.6083,0.0895,0.1706;3.5583,0.3930,0.1822;3.3610,1.4638,0.2885;2.5786,-0.5172,0.0698;2.8675,-1.5703,-0.0345;1.1240,-0.2819,0.0679;0.2494,-1.3747,-0.0786;0.6676,-2.3798,-0.1896;-1.1358,-1.2025,-0.0898;-1.7846,-2.0755,-0.2100;-1.7091,0.0704,0.0480;-3.2066,0.2576,0.0703;-3.4979,1.2436,-0.3245;-3.6004,0.1910,1.1005;-3.7206,-0.5141,-0.5239;-0.8371,1.1649,0.1915;-1.2538,2.1716,0.2947;0.5454,0.9962,0.2026;1.1857,1.8744,0.3154;</g>
	</geometry>
	<conformers/>
	<properties/>
</molecule>
