<?xml version="1.0" ?>
<!--MOLLI PACKAGE EXPERIMENTAL XML FORMAT-->
<molecule name="react_471">
	<atoms>
		<a id="1" s="H" t="H" l="H"/>
		<a id="2" s="C" t="C.2" l="C"/>
		<a id="3" s="H" t="H" l="H"/>
		<a id="4" s="C" t="C.2" l="C"/>
		<a id="5" s="H" t="H" l="H"/>
		<a id="6" s="C" t="C.ar" l="C"/>
		<a id="7" s="C" t="C.ar" l="C"/>
		<a id="8" s="H" t="H" l="H"/>
		<a id="9" s="C" t="C.ar" l="C"/>
		<a id="10" s="H" t="H" l="H"/>
		<a id="11" s="C" t="C.ar" l="C"/>
		<a id="12" s="Br" t="Br" l="BR"/>
		<a id="13" s="C" t="C.ar" l="C"/>
		<a id="14" s="H" t="H" l="H"/>
		<a id="15" s="C" t="C.ar" l="C"/>
		<a id="16" s="H" t="H" l="H"/>
	</atoms>
	<bonds>
		<b id="1" c="16 15" t="1"/>
		<b id="2" c="14 13" t="1"/>
		<b id="3" c="5 4" t="1"/>
		<b id="4" c="15 13" t="ar"/>
		<b id="5" c="15 6" t="ar"/>
		<b id="6" c="13 11" t="ar"/>
		<b id="7" c="4 6" t="1"/>
		<b id="8" c="4 2" t="2"/>
		<b id="9" c="6 7" t="ar"/>
		<b id="10" c="11 12" t="1"/>
		<b id="11" c="11 9" t="ar"/>
		<b id="12" c="3 2" t="1"/>
		<b id="13" c="2 1" t="1"/>
		<b id="14" c="7 9" t="ar"/>
		<b id="15" c="7 8" t="1"/>
		<b id="16" c="9 10" t="1"/>
	</bonds>
	<geometry>
		<g u="A" t="cart/3d">#16,3:2.9026,-1.1028,0.0305;2.9363,-0.0096,0.0097;3.9290,0.4473,0.0040;1.8305,0.7500,-0.0083;1.9552,1.8392,-0.0288;0.4285,0.2972,-0.0040;0.0562,-1.0624,0.0208;0.8241,-1.8391,0.0384;-1.2822,-1.4489,0.0236;-1.5515,-2.5065,0.0429;-2.2831,-0.4701,0.0013;-4.1158,-0.9980,0.0047;-1.9496,0.8856,-0.0232;-2.7330,1.6456,-0.0405;-0.6029,1.2550,-0.0257;-0.3446,2.3177,-0.0451;</g>
	</geometry>
	<conformers/>
	<properties/>
</molecule>
