<?xml version="1.0" ?>
<!--MOLLI PACKAGE EXPERIMENTAL XML FORMAT-->
<molecule name="react_472">
	<atoms>
		<a id="1" s="H" t="H" l="H"/>
		<a id="2" s="C" t="C.2" l="C"/>
		<a id="3" s="H" t="H" l="H"/>
		<a id="4" s="C" t="C.2" l="C"/>
		<a id="5" s="H" t="H" l="H"/>
		<a id="6" s="C" t="C.ar" l="C"/>
		<a id="7" s="C" t="C.ar" l="C"/>
		<a id="8" s="H" t="H" l="H"/>
		<a id="9" s="C" t="C.ar" l="C"/>
		<a id="10" s="H" t="H" l="H"/>
		<a id="11" s="C" t="C.ar" l="C"/>
		<a id="12" s="C" t="C.1" l="C"/>
		<a id="13" s="N" t="N.1" l="N"/>
		<a id="14" s="C" t="C.ar" l="C"/>
		<a id="15" s="H" t="H" l="H"/>
		<a id="16" s="C" t="C.ar" l="C"/>
		<a id="17" s="H" t="H" l="H"/>
	</atoms>
	<bonds>
		<b id="1" c="5 4" t="1"/>
		<b id="2" c="8 7" t="1"/>
		<b id="3" c="1 2" t="1"/>
		<b id="4" c="4 2" t="2"/>
		<b id="5" c="4 6" t="1"/>
		<b id="6" c="7 9" t="ar"/>
		<b id="7" c="7 6" t="ar"/>
		<b id="8" c="10 9" t="1"/>
		<b id="9" c="2 3" t="1"/>
		<b id="10" c="9 11" t="ar"/>
		<b id="11" c="6 16" t="ar"/>
		<b id="12" c="11 12" t="1"/>
		<b id="13" c="11 14" t="ar"/>
		<b id="14" c="16 17" t="1"/>
		<b id="15" c="16 14" t="ar"/>
		<b id="16" c="12 13" t="3"/>
		<b id="17" c="14 15" t="1"/>
	</bonds>
	<geometry>
		<g u="A" t="cart/3d">#17,3:-4.1947,0.1195,-0.2141;-3.1559,0.4110,-0.0404;-2.9839,1.4512,0.2506;-2.1610,-0.4780,-0.1822;-2.4216,-1.5015,-0.4763;-0.7202,-0.2457,0.0148;0.1776,-1.3150,-0.1743;-0.2136,-2.2940,-0.4643;1.5497,-1.1541,-0.0000;2.2284,-1.9960,-0.1513;2.0673,0.0995,0.3734;3.4797,0.2785,0.5581;4.6223,0.4246,0.7080;1.1817,1.1803,0.5654;1.5786,2.1556,0.8548;-0.1852,1.0056,0.3880;-0.8494,1.8584,0.5428;</g>
	</geometry>
	<conformers/>
	<properties/>
</molecule>
