<?xml version="1.0" ?>
<!--MOLLI PACKAGE EXPERIMENTAL XML FORMAT-->
<molecule name="react_473">
	<atoms>
		<a id="1" s="H" t="H" l="H"/>
		<a id="2" s="C" t="C.2" l="C"/>
		<a id="3" s="C" t="C.2" l="C"/>
		<a id="4" s="O" t="O.2" l="O"/>
		<a id="5" s="C" t="C.3" l="C"/>
		<a id="6" s="H" t="H" l="H"/>
		<a id="7" s="H" t="H" l="H"/>
		<a id="8" s="C" t="C.3" l="C"/>
		<a id="9" s="H" t="H" l="H"/>
		<a id="10" s="H" t="H" l="H"/>
		<a id="11" s="C" t="C.3" l="C"/>
		<a id="12" s="H" t="H" l="H"/>
		<a id="13" s="H" t="H" l="H"/>
		<a id="14" s="C" t="C.3" l="C"/>
		<a id="15" s="H" t="H" l="H"/>
		<a id="16" s="H" t="H" l="H"/>
		<a id="17" s="C" t="C.3" l="C"/>
		<a id="18" s="H" t="H" l="H"/>
		<a id="19" s="H" t="H" l="H"/>
		<a id="20" s="H" t="H" l="H"/>
		<a id="21" s="C" t="C.2" l="C"/>
		<a id="22" s="H" t="H" l="H"/>
		<a id="23" s="C" t="C.3" l="C"/>
		<a id="24" s="H" t="H" l="H"/>
		<a id="25" s="H" t="H" l="H"/>
		<a id="26" s="C" t="C.2" l="C"/>
		<a id="27" s="O" t="O.2" l="O"/>
		<a id="28" s="O" t="O.3" l="O"/>
		<a id="29" s="C" t="C.3" l="C"/>
		<a id="30" s="H" t="H" l="H"/>
		<a id="31" s="H" t="H" l="H"/>
		<a id="32" s="H" t="H" l="H"/>
	</atoms>
	<bonds>
		<b id="1" c="31 29" t="1"/>
		<b id="2" c="6 5" t="1"/>
		<b id="3" c="18 17" t="1"/>
		<b id="4" c="9 8" t="1"/>
		<b id="5" c="10 8" t="1"/>
		<b id="6" c="27 26" t="2"/>
		<b id="7" c="29 30" t="1"/>
		<b id="8" c="29 32" t="1"/>
		<b id="9" c="29 28" t="1"/>
		<b id="10" c="8 5" t="1"/>
		<b id="11" c="8 11" t="1"/>
		<b id="12" c="5 3" t="1"/>
		<b id="13" c="5 7" t="1"/>
		<b id="14" c="19 17" t="1"/>
		<b id="15" c="17 20" t="1"/>
		<b id="16" c="17 14" t="1"/>
		<b id="17" c="15 14" t="1"/>
		<b id="18" c="26 28" t="1"/>
		<b id="19" c="26 23" t="1"/>
		<b id="20" c="22 21" t="1"/>
		<b id="21" c="3 4" t="2"/>
		<b id="22" c="3 2" t="1"/>
		<b id="23" c="21 2" t="2"/>
		<b id="24" c="21 23" t="1"/>
		<b id="25" c="14 11" t="1"/>
		<b id="26" c="14 16" t="1"/>
		<b id="27" c="2 1" t="1"/>
		<b id="28" c="11 12" t="1"/>
		<b id="29" c="11 13" t="1"/>
		<b id="30" c="23 24" t="1"/>
		<b id="31" c="23 25" t="1"/>
	</bonds>
	<geometry>
		<g u="A" t="cart/3d">#32,3:1.4811,-2.2937,0.8474;1.1346,-1.3104,0.5085;-0.3102,-1.2947,0.1432;-0.9589,-2.3207,0.2474;-0.9340,-0.0020,-0.3787;-0.4089,0.2504,-1.3183;-0.6909,0.8205,0.3176;-2.4445,-0.0821,-0.6166;-2.7378,0.7766,-1.2436;-2.6635,-0.9917,-1.2011;-3.2802,-0.0991,0.6704;-3.0665,0.8163,1.2559;-2.9517,-0.9496,1.2897;-4.7958,-0.2124,0.4475;-5.0041,-1.1220,-0.1456;-5.2813,-0.3775,1.4258;-5.4452,0.9986,-0.2288;-5.0525,1.1685,-1.2448;-6.5359,0.8671,-0.3200;-5.2707,1.9215,0.3513;1.9766,-0.2669,0.4453;1.6276,0.7071,0.0882;3.4239,-0.3158,0.8322;3.7930,-1.3447,0.9592;3.5656,0.1794,1.8138;4.3191,0.4355,-0.1418;3.9422,1.2610,-0.9366;5.6053,0.0839,0.0170;6.5549,0.7544,-0.8161;6.5300,1.8410,-0.6414;6.3410,0.5676,-1.8795;7.5376,0.3472,-0.5476;</g>
	</geometry>
	<conformers/>
	<properties/>
</molecule>
