<?xml version="1.0" ?>
<!--MOLLI PACKAGE EXPERIMENTAL XML FORMAT-->
<molecule name="react_189">
	<atoms>
		<a id="1" s="H" t="H" l="H"/>
		<a id="2" s="C" t="C.2" l="C"/>
		<a id="3" s="H" t="H" l="H"/>
		<a id="4" s="C" t="C.2" l="C"/>
		<a id="5" s="H" t="H" l="H"/>
		<a id="6" s="C" t="C.3" l="C"/>
		<a id="7" s="H" t="H" l="H"/>
		<a id="8" s="C" t="C.3" l="C"/>
		<a id="9" s="H" t="H" l="H"/>
		<a id="10" s="H" t="H" l="H"/>
		<a id="11" s="C" t="C.3" l="C"/>
		<a id="12" s="H" t="H" l="H"/>
		<a id="13" s="H" t="H" l="H"/>
		<a id="14" s="C" t="C.3" l="C"/>
		<a id="15" s="H" t="H" l="H"/>
		<a id="16" s="H" t="H" l="H"/>
		<a id="17" s="C" t="C.3" l="C"/>
		<a id="18" s="H" t="H" l="H"/>
		<a id="19" s="H" t="H" l="H"/>
	</atoms>
	<bonds>
		<b id="1" c="7 6" t="1"/>
		<b id="2" c="5 4" t="1"/>
		<b id="3" c="4 6" t="1"/>
		<b id="4" c="4 2" t="2"/>
		<b id="5" c="6 8" t="1"/>
		<b id="6" c="6 17" t="1"/>
		<b id="7" c="9 8" t="1"/>
		<b id="8" c="16 14" t="1"/>
		<b id="9" c="3 2" t="1"/>
		<b id="10" c="19 17" t="1"/>
		<b id="11" c="2 1" t="1"/>
		<b id="12" c="12 11" t="1"/>
		<b id="13" c="8 11" t="1"/>
		<b id="14" c="8 10" t="1"/>
		<b id="15" c="17 14" t="1"/>
		<b id="16" c="17 18" t="1"/>
		<b id="17" c="14 11" t="1"/>
		<b id="18" c="14 15" t="1"/>
		<b id="19" c="11 13" t="1"/>
	</bonds>
	<geometry>
		<g u="A" t="cart/3d">#19,3:2.6165,1.2543,0.2028;2.7823,0.3122,-0.3285;3.8234,0.0069,-0.4689;1.7736,-0.4337,-0.7908;2.0152,-1.3651,-1.3213;0.3030,-0.1430,-0.6687;-0.0950,-0.0323,-1.6988;-0.5097,-1.2722,0.0141;-0.6251,-2.1585,-0.6303;0.0332,-1.6003,0.9169;-1.8625,-0.6218,0.4005;-2.6682,-0.9398,-0.2803;-2.1729,-0.9290,1.4116;-1.6376,0.9155,0.3099;-2.0272,1.4555,1.1870;-2.1638,1.3234,-0.5693;-0.1195,1.0974,0.1323;0.3858,1.0844,1.1146;0.1485,2.0460,-0.3599;</g>
	</geometry>
	<conformers/>
	<properties/>
</molecule>
