<?xml version="1.0" ?>
<!--MOLLI PACKAGE EXPERIMENTAL XML FORMAT-->
<molecule name="react_475">
	<atoms>
		<a id="1" s="H" t="H" l="H"/>
		<a id="2" s="C" t="C.2" l="C"/>
		<a id="3" s="H" t="H" l="H"/>
		<a id="4" s="C" t="C.2" l="C"/>
		<a id="5" s="H" t="H" l="H"/>
		<a id="6" s="C" t="C.3" l="C"/>
		<a id="7" s="C" t="C.2" l="C"/>
		<a id="8" s="O" t="O.2" l="O"/>
		<a id="9" s="O" t="O.3" l="O"/>
		<a id="10" s="C" t="C.3" l="C"/>
		<a id="11" s="H" t="H" l="H"/>
		<a id="12" s="H" t="H" l="H"/>
		<a id="13" s="H" t="H" l="H"/>
		<a id="14" s="C" t="C.3" l="C"/>
		<a id="15" s="H" t="H" l="H"/>
		<a id="16" s="H" t="H" l="H"/>
		<a id="17" s="H" t="H" l="H"/>
		<a id="18" s="C" t="C.3" l="C"/>
		<a id="19" s="H" t="H" l="H"/>
		<a id="20" s="H" t="H" l="H"/>
		<a id="21" s="H" t="H" l="H"/>
	</atoms>
	<bonds>
		<b id="1" c="20 18" t="1"/>
		<b id="2" c="13 10" t="1"/>
		<b id="3" c="5 4" t="1"/>
		<b id="4" c="21 18" t="1"/>
		<b id="5" c="18 19" t="1"/>
		<b id="6" c="18 6" t="1"/>
		<b id="7" c="9 10" t="1"/>
		<b id="8" c="9 7" t="1"/>
		<b id="9" c="10 12" t="1"/>
		<b id="10" c="10 11" t="1"/>
		<b id="11" c="4 6" t="1"/>
		<b id="12" c="4 2" t="2"/>
		<b id="13" c="3 2" t="1"/>
		<b id="14" c="6 7" t="1"/>
		<b id="15" c="6 14" t="1"/>
		<b id="16" c="2 1" t="1"/>
		<b id="17" c="7 8" t="2"/>
		<b id="18" c="16 14" t="1"/>
		<b id="19" c="14 15" t="1"/>
		<b id="20" c="14 17" t="1"/>
	</bonds>
	<geometry>
		<g u="A" t="cart/3d">#21,3:-2.4313,1.4706,1.2832;-2.0283,1.7322,0.3012;-2.4037,2.6543,-0.1520;-1.1239,0.9816,-0.3340;-0.7573,1.3106,-1.3131;-0.5168,-0.3290,0.1522;1.0012,-0.1131,0.3109;1.6292,-0.2853,1.3257;1.5721,0.2944,-0.8410;2.9790,0.5354,-0.8005;3.2202,1.3206,-0.0675;3.5257,-0.3786,-0.5218;3.2644,0.8567,-1.8103;-1.0862,-0.8000,1.4951;-0.6062,-1.7395,1.8047;-2.1700,-0.9726,1.4112;-0.9055,-0.0649,2.2924;-0.7440,-1.4130,-0.9331;-0.2579,-2.3602,-0.6476;-0.3382,-1.0983,-1.9054;-1.8226,-1.6018,-1.0502;</g>
	</geometry>
	<conformers/>
	<properties/>
</molecule>
