<?xml version="1.0" ?>
<!--MOLLI PACKAGE EXPERIMENTAL XML FORMAT-->
<molecule name="react_476">
	<atoms>
		<a id="1" s="H" t="H" l="H"/>
		<a id="2" s="C" t="C.2" l="C"/>
		<a id="3" s="H" t="H" l="H"/>
		<a id="4" s="C" t="C.2" l="C"/>
		<a id="5" s="H" t="H" l="H"/>
		<a id="6" s="C" t="C.3" l="C"/>
		<a id="7" s="C" t="C.2" l="C"/>
		<a id="8" s="O" t="O.2" l="O"/>
		<a id="9" s="O" t="O.3" l="O"/>
		<a id="10" s="C" t="C.3" l="C"/>
		<a id="11" s="H" t="H" l="H"/>
		<a id="12" s="H" t="H" l="H"/>
		<a id="13" s="C" t="C.3" l="C"/>
		<a id="14" s="H" t="H" l="H"/>
		<a id="15" s="H" t="H" l="H"/>
		<a id="16" s="H" t="H" l="H"/>
		<a id="17" s="C" t="C.3" l="C"/>
		<a id="18" s="H" t="H" l="H"/>
		<a id="19" s="H" t="H" l="H"/>
		<a id="20" s="C" t="C.3" l="C"/>
		<a id="21" s="H" t="H" l="H"/>
		<a id="22" s="H" t="H" l="H"/>
		<a id="23" s="H" t="H" l="H"/>
		<a id="24" s="C" t="C.3" l="C"/>
		<a id="25" s="H" t="H" l="H"/>
		<a id="26" s="H" t="H" l="H"/>
		<a id="27" s="C" t="C.3" l="C"/>
		<a id="28" s="H" t="H" l="H"/>
		<a id="29" s="H" t="H" l="H"/>
		<a id="30" s="H" t="H" l="H"/>
	</atoms>
	<bonds>
		<b id="1" c="3 2" t="1"/>
		<b id="2" c="1 2" t="1"/>
		<b id="3" c="2 4" t="2"/>
		<b id="4" c="18 17" t="1"/>
		<b id="5" c="8 7" t="2"/>
		<b id="6" c="4 5" t="1"/>
		<b id="7" c="4 6" t="1"/>
		<b id="8" c="17 19" t="1"/>
		<b id="9" c="17 6" t="1"/>
		<b id="10" c="17 20" t="1"/>
		<b id="11" c="7 6" t="1"/>
		<b id="12" c="7 9" t="1"/>
		<b id="13" c="12 10" t="1"/>
		<b id="14" c="6 24" t="1"/>
		<b id="15" c="16 13" t="1"/>
		<b id="16" c="21 20" t="1"/>
		<b id="17" c="20 22" t="1"/>
		<b id="18" c="20 23" t="1"/>
		<b id="19" c="10 9" t="1"/>
		<b id="20" c="10 13" t="1"/>
		<b id="21" c="10 11" t="1"/>
		<b id="22" c="15 13" t="1"/>
		<b id="23" c="13 14" t="1"/>
		<b id="24" c="28 27" t="1"/>
		<b id="25" c="24 26" t="1"/>
		<b id="26" c="24 27" t="1"/>
		<b id="27" c="24 25" t="1"/>
		<b id="28" c="29 27" t="1"/>
		<b id="29" c="27 30" t="1"/>
	</bonds>
	<geometry>
		<g u="A" t="cart/3d">#30,3:0.1204,-1.6173,-2.7016;-0.9052,-1.8346,-2.3961;-1.4725,-2.5437,-3.0062;-1.4764,-1.2539,-1.3381;-2.5219,-1.5039,-1.1113;-0.9046,-0.2362,-0.3555;0.6008,-0.0261,-0.5859;1.0821,0.2876,-1.6500;1.3405,-0.1822,0.5296;2.7639,0.0166,0.4236;3.1923,-0.6148,1.2161;3.1028,-0.3528,-0.5555;3.1446,1.4756,0.6155;2.7721,1.8583,1.5789;4.2419,1.5802,0.6059;2.7363,2.0961,-0.1962;-1.5889,1.1353,-0.6797;-1.3227,1.3895,-1.7176;-2.6805,0.9715,-0.6657;-1.2350,2.3044,0.2429;-1.7228,3.2264,-0.1123;-0.1500,2.4984,0.2640;-1.5657,2.1378,1.2799;-1.2558,-0.6857,1.0904;-0.8016,0.0175,1.8033;-2.3498,-0.5744,1.2005;-0.8614,-2.1148,1.4743;-1.3413,-2.8633,0.8242;0.2267,-2.2625,1.4111;-1.1682,-2.3289,2.5112;</g>
	</geometry>
	<conformers/>
	<properties/>
</molecule>
