<?xml version="1.0" ?>
<!--MOLLI PACKAGE EXPERIMENTAL XML FORMAT-->
<molecule name="react_481">
	<atoms>
		<a id="1" s="H" t="H" l="H"/>
		<a id="2" s="C" t="C.1" l="C"/>
		<a id="3" s="C" t="C.1" l="C"/>
		<a id="4" s="C" t="C.2" l="C"/>
		<a id="5" s="C" t="C.2" l="C"/>
		<a id="6" s="H" t="H" l="H"/>
		<a id="7" s="C" t="C.3" l="C"/>
		<a id="8" s="H" t="H" l="H"/>
		<a id="9" s="H" t="H" l="H"/>
		<a id="10" s="C" t="C.2" l="C"/>
		<a id="11" s="O" t="O.2" l="O"/>
		<a id="12" s="O" t="O.3" l="O"/>
		<a id="13" s="C" t="C.3" l="C"/>
		<a id="14" s="H" t="H" l="H"/>
		<a id="15" s="H" t="H" l="H"/>
		<a id="16" s="H" t="H" l="H"/>
		<a id="17" s="C" t="C.3" l="C"/>
		<a id="18" s="H" t="H" l="H"/>
		<a id="19" s="H" t="H" l="H"/>
		<a id="20" s="H" t="H" l="H"/>
	</atoms>
	<bonds>
		<b id="1" c="20 17" t="1"/>
		<b id="2" c="18 17" t="1"/>
		<b id="3" c="19 17" t="1"/>
		<b id="4" c="17 4" t="1"/>
		<b id="5" c="6 5" t="1"/>
		<b id="6" c="4 5" t="2"/>
		<b id="7" c="4 3" t="1"/>
		<b id="8" c="5 7" t="1"/>
		<b id="9" c="11 10" t="2"/>
		<b id="10" c="3 2" t="3"/>
		<b id="11" c="10 7" t="1"/>
		<b id="12" c="10 12" t="1"/>
		<b id="13" c="7 9" t="1"/>
		<b id="14" c="7 8" t="1"/>
		<b id="15" c="2 1" t="1"/>
		<b id="16" c="15 13" t="1"/>
		<b id="17" c="16 13" t="1"/>
		<b id="18" c="12 13" t="1"/>
		<b id="19" c="13 14" t="1"/>
	</bonds>
	<geometry>
		<g u="A" t="cart/3d">#20,3:-3.1658,-2.8339,1.4141;-2.7138,-2.1733,0.6981;-2.1957,-1.4226,-0.1055;-1.6145,-0.5526,-1.0885;-0.6169,0.3029,-0.7748;-0.2030,0.9390,-1.5633;-0.0032,0.4672,0.5820;-0.1324,-0.4262,1.2115;-0.5029,1.2867,1.1377;1.4680,0.8409,0.5278;2.0500,1.2727,-0.4371;2.0526,0.6580,1.7258;3.4320,1.0164,1.8203;3.7329,0.8052,2.8543;4.0394,0.4247,1.1182;3.5774,2.0834,1.5908;-2.1854,-0.6485,-2.4869;-2.0903,-1.6747,-2.8796;-3.2609,-0.4037,-2.4910;-1.6675,0.0385,-3.1723;</g>
	</geometry>
	<conformers/>
	<properties/>
</molecule>
