<?xml version="1.0" ?>
<!--MOLLI PACKAGE EXPERIMENTAL XML FORMAT-->
<molecule name="react_482">
	<atoms>
		<a id="1" s="H" t="H" l="H"/>
		<a id="2" s="C" t="C.2" l="C"/>
		<a id="3" s="C" t="C.2" l="C"/>
		<a id="4" s="C" t="C.3" l="C"/>
		<a id="5" s="H" t="H" l="H"/>
		<a id="6" s="H" t="H" l="H"/>
		<a id="7" s="C" t="C.2" l="C"/>
		<a id="8" s="O" t="O.2" l="O"/>
		<a id="9" s="O" t="O.3" l="O"/>
		<a id="10" s="C" t="C.3" l="C"/>
		<a id="11" s="H" t="H" l="H"/>
		<a id="12" s="H" t="H" l="H"/>
		<a id="13" s="H" t="H" l="H"/>
		<a id="14" s="C" t="C.3" l="C"/>
		<a id="15" s="H" t="H" l="H"/>
		<a id="16" s="H" t="H" l="H"/>
		<a id="17" s="C" t="C.3" l="C"/>
		<a id="18" s="H" t="H" l="H"/>
		<a id="19" s="H" t="H" l="H"/>
		<a id="20" s="H" t="H" l="H"/>
		<a id="21" s="C" t="C.3" l="C"/>
		<a id="22" s="H" t="H" l="H"/>
		<a id="23" s="H" t="H" l="H"/>
		<a id="24" s="C" t="C.3" l="C"/>
		<a id="25" s="H" t="H" l="H"/>
		<a id="26" s="H" t="H" l="H"/>
		<a id="27" s="H" t="H" l="H"/>
	</atoms>
	<bonds>
		<b id="1" c="22 21" t="1"/>
		<b id="2" c="1 2" t="1"/>
		<b id="3" c="26 24" t="1"/>
		<b id="4" c="21 2" t="1"/>
		<b id="5" c="21 24" t="1"/>
		<b id="6" c="21 23" t="1"/>
		<b id="7" c="6 4" t="1"/>
		<b id="8" c="25 24" t="1"/>
		<b id="9" c="2 3" t="2"/>
		<b id="10" c="24 27" t="1"/>
		<b id="11" c="18 17" t="1"/>
		<b id="12" c="5 4" t="1"/>
		<b id="13" c="4 3" t="1"/>
		<b id="14" c="4 7" t="1"/>
		<b id="15" c="3 14" t="1"/>
		<b id="16" c="19 17" t="1"/>
		<b id="17" c="17 14" t="1"/>
		<b id="18" c="17 20" t="1"/>
		<b id="19" c="14 15" t="1"/>
		<b id="20" c="14 16" t="1"/>
		<b id="21" c="9 7" t="1"/>
		<b id="22" c="9 10" t="1"/>
		<b id="23" c="7 8" t="2"/>
		<b id="24" c="12 10" t="1"/>
		<b id="25" c="10 13" t="1"/>
		<b id="26" c="10 11" t="1"/>
	</bonds>
	<geometry>
		<g u="A" t="cart/3d">#27,3:-0.0704,1.1063,-2.0953;-0.7850,0.6283,-1.4100;-0.2955,-0.2792,-0.5452;1.1808,-0.6132,-0.5708;1.3466,-1.7054,-0.6197;1.6721,-0.2046,-1.4683;1.9605,-0.1151,0.6384;1.5012,0.4103,1.6219;3.2794,-0.3475,0.4757;4.1329,0.0629,1.5437;3.8645,-0.4487,2.4811;5.1530,-0.2077,1.2424;4.0608,1.1491,1.7095;-1.1299,-1.0460,0.4623;-2.0665,-0.5059,0.6690;-0.5823,-1.0712,1.4187;-1.4647,-2.4808,0.0208;-2.0727,-2.4842,-0.8985;-0.5565,-3.0724,-0.1834;-2.0306,-3.0115,0.8039;-2.2013,1.1152,-1.5557;-2.5414,0.9089,-2.5886;-2.8820,0.5539,-0.8965;-2.3426,2.6214,-1.2839;-3.3781,2.9616,-1.4488;-1.6879,3.2110,-1.9479;-2.0641,2.8645,-0.2456;</g>
	</geometry>
	<conformers/>
	<properties/>
</molecule>
