<?xml version="1.0" ?>
<!--MOLLI PACKAGE EXPERIMENTAL XML FORMAT-->
<molecule name="react_484">
	<atoms>
		<a id="1" s="H" t="H" l="H"/>
		<a id="2" s="C" t="C.2" l="C"/>
		<a id="3" s="C" t="C.2" l="C"/>
		<a id="4" s="C" t="C.3" l="C"/>
		<a id="5" s="H" t="H" l="H"/>
		<a id="6" s="H" t="H" l="H"/>
		<a id="7" s="H" t="H" l="H"/>
		<a id="8" s="C" t="C.3" l="C"/>
		<a id="9" s="H" t="H" l="H"/>
		<a id="10" s="H" t="H" l="H"/>
		<a id="11" s="C" t="C.2" l="C"/>
		<a id="12" s="O" t="O.2" l="O"/>
		<a id="13" s="O" t="O.3" l="O"/>
		<a id="14" s="C" t="C.3" l="C"/>
		<a id="15" s="H" t="H" l="H"/>
		<a id="16" s="H" t="H" l="H"/>
		<a id="17" s="H" t="H" l="H"/>
		<a id="18" s="C" t="C.3" l="C"/>
		<a id="19" s="H" t="H" l="H"/>
		<a id="20" s="C" t="C.3" l="C"/>
		<a id="21" s="H" t="H" l="H"/>
		<a id="22" s="H" t="H" l="H"/>
		<a id="23" s="H" t="H" l="H"/>
		<a id="24" s="C" t="C.3" l="C"/>
		<a id="25" s="H" t="H" l="H"/>
		<a id="26" s="H" t="H" l="H"/>
		<a id="27" s="H" t="H" l="H"/>
	</atoms>
	<bonds>
		<b id="1" c="27 24" t="1"/>
		<b id="2" c="15 14" t="1"/>
		<b id="3" c="25 24" t="1"/>
		<b id="4" c="26 24" t="1"/>
		<b id="5" c="24 18" t="1"/>
		<b id="6" c="12 11" t="2"/>
		<b id="7" c="17 14" t="1"/>
		<b id="8" c="14 16" t="1"/>
		<b id="9" c="14 13" t="1"/>
		<b id="10" c="7 4" t="1"/>
		<b id="11" c="11 13" t="1"/>
		<b id="12" c="11 8" t="1"/>
		<b id="13" c="19 18" t="1"/>
		<b id="14" c="18 2" t="1"/>
		<b id="15" c="18 20" t="1"/>
		<b id="16" c="5 4" t="1"/>
		<b id="17" c="2 1" t="1"/>
		<b id="18" c="2 3" t="2"/>
		<b id="19" c="4 3" t="1"/>
		<b id="20" c="4 6" t="1"/>
		<b id="21" c="3 8" t="1"/>
		<b id="22" c="22 20" t="1"/>
		<b id="23" c="8 10" t="1"/>
		<b id="24" c="8 9" t="1"/>
		<b id="25" c="20 21" t="1"/>
		<b id="26" c="20 23" t="1"/>
	</bonds>
	<geometry>
		<g u="A" t="cart/3d">#27,3:-0.7801,1.4364,0.4501;-0.9845,0.3624,0.3296;0.0506,-0.4815,0.4943;-0.0199,-1.9833,0.3763;-1.0318,-2.3511,0.1599;0.3207,-2.4611,1.3130;0.6524,-2.3297,-0.4249;1.4153,0.0750,0.8422;1.8364,-0.4388,1.7279;1.3601,1.1399,1.1171;2.4605,-0.0563,-0.2575;2.3615,-0.7042,-1.2706;3.5624,0.6560,0.0542;4.6374,0.6019,-0.8837;4.3236,0.9936,-1.8637;5.4405,1.2222,-0.4661;4.9873,-0.4330,-1.0223;-2.4195,0.0496,-0.0189;-2.5483,-1.0436,-0.0804;-3.3711,0.5737,1.0718;-3.2862,1.6694,1.1777;-4.4213,0.3440,0.8260;-3.1440,0.1256,2.0523;-2.7804,0.6409,-1.3945;-3.8286,0.4213,-1.6582;-2.6590,1.7382,-1.3968;-2.1339,0.2325,-2.1870;</g>
	</geometry>
	<conformers/>
	<properties/>
</molecule>
