<?xml version="1.0" ?>
<!--MOLLI PACKAGE EXPERIMENTAL XML FORMAT-->
<molecule name="react_485">
	<atoms>
		<a id="1" s="H" t="H" l="H"/>
		<a id="2" s="C" t="C.2" l="C"/>
		<a id="3" s="C" t="C.2" l="C"/>
		<a id="4" s="C" t="C.3" l="C"/>
		<a id="5" s="H" t="H" l="H"/>
		<a id="6" s="H" t="H" l="H"/>
		<a id="7" s="H" t="H" l="H"/>
		<a id="8" s="C" t="C.3" l="C"/>
		<a id="9" s="H" t="H" l="H"/>
		<a id="10" s="H" t="H" l="H"/>
		<a id="11" s="C" t="C.2" l="C"/>
		<a id="12" s="O" t="O.2" l="O"/>
		<a id="13" s="O" t="O.3" l="O"/>
		<a id="14" s="C" t="C.3" l="C"/>
		<a id="15" s="H" t="H" l="H"/>
		<a id="16" s="H" t="H" l="H"/>
		<a id="17" s="H" t="H" l="H"/>
		<a id="18" s="C" t="C.3" l="C"/>
		<a id="19" s="C" t="C.3" l="C"/>
		<a id="20" s="H" t="H" l="H"/>
		<a id="21" s="H" t="H" l="H"/>
		<a id="22" s="H" t="H" l="H"/>
		<a id="23" s="C" t="C.3" l="C"/>
		<a id="24" s="H" t="H" l="H"/>
		<a id="25" s="H" t="H" l="H"/>
		<a id="26" s="H" t="H" l="H"/>
		<a id="27" s="C" t="C.3" l="C"/>
		<a id="28" s="H" t="H" l="H"/>
		<a id="29" s="H" t="H" l="H"/>
		<a id="30" s="H" t="H" l="H"/>
	</atoms>
	<bonds>
		<b id="1" c="9 8" t="1"/>
		<b id="2" c="10 8" t="1"/>
		<b id="3" c="17 14" t="1"/>
		<b id="4" c="8 11" t="1"/>
		<b id="5" c="8 3" t="1"/>
		<b id="6" c="13 14" t="1"/>
		<b id="7" c="13 11" t="1"/>
		<b id="8" c="24 23" t="1"/>
		<b id="9" c="21 19" t="1"/>
		<b id="10" c="1 2" t="1"/>
		<b id="11" c="14 16" t="1"/>
		<b id="12" c="14 15" t="1"/>
		<b id="13" c="11 12" t="2"/>
		<b id="14" c="2 3" t="2"/>
		<b id="15" c="2 18" t="1"/>
		<b id="16" c="3 4" t="1"/>
		<b id="17" c="7 4" t="1"/>
		<b id="18" c="23 26" t="1"/>
		<b id="19" c="23 18" t="1"/>
		<b id="20" c="23 25" t="1"/>
		<b id="21" c="19 20" t="1"/>
		<b id="22" c="19 18" t="1"/>
		<b id="23" c="19 22" t="1"/>
		<b id="24" c="18 27" t="1"/>
		<b id="25" c="4 5" t="1"/>
		<b id="26" c="4 6" t="1"/>
		<b id="27" c="27 29" t="1"/>
		<b id="28" c="27 30" t="1"/>
		<b id="29" c="27 28" t="1"/>
	</bonds>
	<geometry>
		<g u="A" t="cart/3d">#30,3:-0.2485,1.2557,-1.0692;-0.6533,0.4757,-0.4113;0.0437,-0.6765,-0.3859;-0.2809,-1.9148,0.4117;-1.2068,-1.8323,0.9912;0.5476,-2.1400,1.1023;-0.3810,-2.7855,-0.2619;1.2940,-0.7857,-1.2399;1.3475,0.0203,-1.9859;1.2887,-1.7335,-1.8129;2.6000,-0.7809,-0.4568;2.7501,-1.1162,0.6930;3.6171,-0.3642,-1.2372;4.9133,-0.3556,-0.6380;4.9367,0.3135,0.2360;5.2006,-1.3659,-0.3074;5.6057,0.0032,-1.4101;-1.9262,0.8949,0.3316;-2.2448,2.3520,-0.0681;-1.4177,3.0288,0.2031;-2.4088,2.4402,-1.1550;-3.1544,2.7102,0.4409;-3.1307,0.0141,-0.0740;-3.2929,0.0479,-1.1636;-4.0518,0.3730,0.4163;-2.9920,-1.0397,0.2089;-1.7255,0.8525,1.8640;-2.6270,1.2247,2.3800;-0.8761,1.4859,2.1663;-1.5263,-0.1644,2.2319;</g>
	</geometry>
	<conformers/>
	<properties/>
</molecule>
