<?xml version="1.0" ?>
<!--MOLLI PACKAGE EXPERIMENTAL XML FORMAT-->
<molecule name="react_486">
	<atoms>
		<a id="1" s="H" t="H" l="H"/>
		<a id="2" s="C" t="C.2" l="C"/>
		<a id="3" s="C" t="C.2" l="C"/>
		<a id="4" s="C" t="C.3" l="C"/>
		<a id="5" s="H" t="H" l="H"/>
		<a id="6" s="H" t="H" l="H"/>
		<a id="7" s="H" t="H" l="H"/>
		<a id="8" s="C" t="C.3" l="C"/>
		<a id="9" s="H" t="H" l="H"/>
		<a id="10" s="H" t="H" l="H"/>
		<a id="11" s="C" t="C.2" l="C"/>
		<a id="12" s="O" t="O.2" l="O"/>
		<a id="13" s="O" t="O.3" l="O"/>
		<a id="14" s="C" t="C.3" l="C"/>
		<a id="15" s="H" t="H" l="H"/>
		<a id="16" s="H" t="H" l="H"/>
		<a id="17" s="H" t="H" l="H"/>
		<a id="18" s="C" t="C.ar" l="C"/>
		<a id="19" s="C" t="C.ar" l="C"/>
		<a id="20" s="H" t="H" l="H"/>
		<a id="21" s="C" t="C.ar" l="C"/>
		<a id="22" s="H" t="H" l="H"/>
		<a id="23" s="C" t="C.ar" l="C"/>
		<a id="24" s="H" t="H" l="H"/>
		<a id="25" s="C" t="C.ar" l="C"/>
		<a id="26" s="H" t="H" l="H"/>
		<a id="27" s="C" t="C.ar" l="C"/>
		<a id="28" s="H" t="H" l="H"/>
	</atoms>
	<bonds>
		<b id="1" c="15 14" t="1"/>
		<b id="2" c="24 23" t="1"/>
		<b id="3" c="22 21" t="1"/>
		<b id="4" c="23 21" t="ar"/>
		<b id="5" c="23 25" t="ar"/>
		<b id="6" c="21 19" t="ar"/>
		<b id="7" c="14 16" t="1"/>
		<b id="8" c="14 17" t="1"/>
		<b id="9" c="14 13" t="1"/>
		<b id="10" c="26 25" t="1"/>
		<b id="11" c="25 27" t="ar"/>
		<b id="12" c="20 19" t="1"/>
		<b id="13" c="19 18" t="ar"/>
		<b id="14" c="1 2" t="1"/>
		<b id="15" c="12 11" t="2"/>
		<b id="16" c="27 18" t="ar"/>
		<b id="17" c="27 28" t="1"/>
		<b id="18" c="18 2" t="1"/>
		<b id="19" c="2 3" t="2"/>
		<b id="20" c="13 11" t="1"/>
		<b id="21" c="11 8" t="1"/>
		<b id="22" c="9 8" t="1"/>
		<b id="23" c="3 8" t="1"/>
		<b id="24" c="3 4" t="1"/>
		<b id="25" c="8 10" t="1"/>
		<b id="26" c="6 4" t="1"/>
		<b id="27" c="4 7" t="1"/>
		<b id="28" c="4 5" t="1"/>
	</bonds>
	<geometry>
		<g u="A" t="cart/3d">#28,3:-0.3328,-1.7530,-0.6403;-0.5411,-0.7571,-0.2291;0.4696,-0.1559,0.4373;0.3735,1.1585,1.1693;0.9299,1.1048,2.1213;0.8376,1.9687,0.5831;-0.6649,1.4359,1.3963;1.8084,-0.8553,0.5173;1.7642,-1.8702,0.0925;2.1197,-0.9835,1.5721;2.9505,-0.1206,-0.1723;2.9207,1.0036,-0.6084;4.0468,-0.9029,-0.2267;5.2051,-0.3279,-0.8330;5.0038,-0.0518,-1.8796;5.9883,-1.0952,-0.7864;5.5242,0.5761,-0.2914;-1.9242,-0.2951,-0.4585;-2.2708,1.0548,-0.6744;-1.4896,1.8159,-0.6994;-3.5984,1.4290,-0.8988;-3.8407,2.4819,-1.0685;-4.6121,0.4665,-0.9210;-5.6498,0.7623,-1.0966;-4.2840,-0.8806,-0.7322;-5.0662,-1.6444,-0.7596;-2.9577,-1.2543,-0.5133;-2.7096,-2.3104,-0.3719;</g>
	</geometry>
	<conformers/>
	<properties/>
</molecule>
