<?xml version="1.0" ?>
<!--MOLLI PACKAGE EXPERIMENTAL XML FORMAT-->
<molecule name="react_487">
	<atoms>
		<a id="1" s="H" t="H" l="H"/>
		<a id="2" s="C" t="C.2" l="C"/>
		<a id="3" s="C" t="C.2" l="C"/>
		<a id="4" s="C" t="C.2" l="C"/>
		<a id="5" s="O" t="O.2" l="O"/>
		<a id="6" s="O" t="O.3" l="O"/>
		<a id="7" s="C" t="C.3" l="C"/>
		<a id="8" s="H" t="H" l="H"/>
		<a id="9" s="H" t="H" l="H"/>
		<a id="10" s="H" t="H" l="H"/>
		<a id="11" s="C" t="C.3" l="C"/>
		<a id="12" s="H" t="H" l="H"/>
		<a id="13" s="H" t="H" l="H"/>
		<a id="14" s="C" t="C.2" l="C"/>
		<a id="15" s="O" t="O.2" l="O"/>
		<a id="16" s="O" t="O.3" l="O"/>
		<a id="17" s="C" t="C.3" l="C"/>
		<a id="18" s="H" t="H" l="H"/>
		<a id="19" s="H" t="H" l="H"/>
		<a id="20" s="H" t="H" l="H"/>
		<a id="21" s="C" t="C.3" l="C"/>
		<a id="22" s="H" t="H" l="H"/>
		<a id="23" s="H" t="H" l="H"/>
		<a id="24" s="C" t="C.3" l="C"/>
		<a id="25" s="H" t="H" l="H"/>
		<a id="26" s="C" t="C.3" l="C"/>
		<a id="27" s="H" t="H" l="H"/>
		<a id="28" s="H" t="H" l="H"/>
		<a id="29" s="H" t="H" l="H"/>
		<a id="30" s="C" t="C.3" l="C"/>
		<a id="31" s="H" t="H" l="H"/>
		<a id="32" s="H" t="H" l="H"/>
		<a id="33" s="H" t="H" l="H"/>
	</atoms>
	<bonds>
		<b id="1" c="32 30" t="1"/>
		<b id="2" c="22 21" t="1"/>
		<b id="3" c="10 7" t="1"/>
		<b id="4" c="31 30" t="1"/>
		<b id="5" c="30 33" t="1"/>
		<b id="6" c="30 24" t="1"/>
		<b id="7" c="9 7" t="1"/>
		<b id="8" c="21 23" t="1"/>
		<b id="9" c="21 24" t="1"/>
		<b id="10" c="21 2" t="1"/>
		<b id="11" c="7 6" t="1"/>
		<b id="12" c="7 8" t="1"/>
		<b id="13" c="15 14" t="2"/>
		<b id="14" c="6 4" t="1"/>
		<b id="15" c="25 24" t="1"/>
		<b id="16" c="24 26" t="1"/>
		<b id="17" c="18 17" t="1"/>
		<b id="18" c="2 1" t="1"/>
		<b id="19" c="2 3" t="2"/>
		<b id="20" c="4 3" t="1"/>
		<b id="21" c="4 5" t="2"/>
		<b id="22" c="20 17" t="1"/>
		<b id="23" c="3 11" t="1"/>
		<b id="24" c="14 11" t="1"/>
		<b id="25" c="14 16" t="1"/>
		<b id="26" c="17 16" t="1"/>
		<b id="27" c="17 19" t="1"/>
		<b id="28" c="26 28" t="1"/>
		<b id="29" c="26 27" t="1"/>
		<b id="30" c="26 29" t="1"/>
		<b id="31" c="11 12" t="1"/>
		<b id="32" c="11 13" t="1"/>
	</bonds>
	<geometry>
		<g u="A" t="cart/3d">#33,3:-0.1552,-1.8888,-0.0029;-0.3304,-0.8222,-0.2054;0.6186,0.0134,0.2655;0.6349,1.5046,0.1480;1.3424,2.2057,0.8384;-0.1839,2.0112,-0.7939;-0.1609,3.4311,-0.9430;-0.4600,3.9310,-0.0088;0.8483,3.7764,-1.2140;-0.8720,3.6646,-1.7457;1.8054,-0.5100,1.0401;1.7090,-1.5920,1.2251;1.8794,-0.0220,2.0247;3.1264,-0.2781,0.3219;3.2522,0.1028,-0.8152;4.1642,-0.5781,1.1252;5.4661,-0.4143,0.5632;5.5987,-1.0612,-0.3181;6.1777,-0.6949,1.3503;5.6306,0.6298,0.2555;-1.5964,-0.5595,-0.9673;-1.4047,-0.8247,-2.0256;-1.8495,0.5089,-0.9640;-2.7964,-1.3953,-0.4680;-2.4892,-2.4594,-0.4739;-3.1868,-1.0267,0.9692;-4.0163,-1.6563,1.3310;-3.5156,0.0256,1.0282;-2.3430,-1.1490,1.6673;-3.9895,-1.2494,-1.4204;-4.3322,-0.2010,-1.4651;-3.7295,-1.5587,-2.4462;-4.8425,-1.8639,-1.0892;</g>
	</geometry>
	<conformers/>
	<properties/>
</molecule>
