<?xml version="1.0" ?>
<!--MOLLI PACKAGE EXPERIMENTAL XML FORMAT-->
<molecule name="react_488">
	<atoms>
		<a id="1" s="H" t="H" l="H"/>
		<a id="2" s="C" t="C.2" l="C"/>
		<a id="3" s="C" t="C.2" l="C"/>
		<a id="4" s="C" t="C.2" l="C"/>
		<a id="5" s="O" t="O.2" l="O"/>
		<a id="6" s="O" t="O.3" l="O"/>
		<a id="7" s="C" t="C.3" l="C"/>
		<a id="8" s="H" t="H" l="H"/>
		<a id="9" s="H" t="H" l="H"/>
		<a id="10" s="H" t="H" l="H"/>
		<a id="11" s="C" t="C.3" l="C"/>
		<a id="12" s="H" t="H" l="H"/>
		<a id="13" s="H" t="H" l="H"/>
		<a id="14" s="C" t="C.2" l="C"/>
		<a id="15" s="O" t="O.2" l="O"/>
		<a id="16" s="O" t="O.3" l="O"/>
		<a id="17" s="C" t="C.3" l="C"/>
		<a id="18" s="H" t="H" l="H"/>
		<a id="19" s="H" t="H" l="H"/>
		<a id="20" s="H" t="H" l="H"/>
		<a id="21" s="C" t="C.ar" l="C"/>
		<a id="22" s="C" t="C.ar" l="C"/>
		<a id="23" s="H" t="H" l="H"/>
		<a id="24" s="C" t="C.ar" l="C"/>
		<a id="25" s="H" t="H" l="H"/>
		<a id="26" s="C" t="C.ar" l="C"/>
		<a id="27" s="H" t="H" l="H"/>
		<a id="28" s="C" t="C.ar" l="C"/>
		<a id="29" s="H" t="H" l="H"/>
		<a id="30" s="C" t="C.ar" l="C"/>
		<a id="31" s="H" t="H" l="H"/>
	</atoms>
	<bonds>
		<b id="1" c="29 28" t="1"/>
		<b id="2" c="27 26" t="1"/>
		<b id="3" c="28 26" t="ar"/>
		<b id="4" c="28 30" t="ar"/>
		<b id="5" c="31 30" t="1"/>
		<b id="6" c="26 24" t="ar"/>
		<b id="7" c="30 21" t="ar"/>
		<b id="8" c="24 25" t="1"/>
		<b id="9" c="24 22" t="ar"/>
		<b id="10" c="21 22" t="ar"/>
		<b id="11" c="21 2" t="1"/>
		<b id="12" c="1 2" t="1"/>
		<b id="13" c="22 23" t="1"/>
		<b id="14" c="2 3" t="2"/>
		<b id="15" c="13 11" t="1"/>
		<b id="16" c="3 11" t="1"/>
		<b id="17" c="3 4" t="1"/>
		<b id="18" c="6 4" t="1"/>
		<b id="19" c="6 7" t="1"/>
		<b id="20" c="9 7" t="1"/>
		<b id="21" c="11 12" t="1"/>
		<b id="22" c="11 14" t="1"/>
		<b id="23" c="4 5" t="2"/>
		<b id="24" c="7 8" t="1"/>
		<b id="25" c="7 10" t="1"/>
		<b id="26" c="14 15" t="2"/>
		<b id="27" c="14 16" t="1"/>
		<b id="28" c="16 17" t="1"/>
		<b id="29" c="20 17" t="1"/>
		<b id="30" c="17 18" t="1"/>
		<b id="31" c="17 19" t="1"/>
	</bonds>
	<geometry>
		<g u="A" t="cart/3d">#31,3:1.5242,-0.4378,-1.6197;0.6252,-0.0797,-1.1008;0.8507,0.4323,0.1319;-0.1364,1.1056,1.0304;0.0979,1.3334,2.1986;-1.2698,1.4979,0.4274;-2.2189,2.1816,1.2443;-1.7895,3.1119,1.6473;-3.0734,2.4060,0.5937;-2.5352,1.5531,2.0911;2.2269,0.3613,0.7510;2.5409,1.3287,1.1688;2.9714,0.0727,-0.0099;2.3077,-0.6786,1.8630;1.6238,-1.6674,1.9456;3.2908,-0.3770,2.7297;3.4890,-1.2978,3.8023;4.3314,-0.9092,4.3886;2.5868,-1.3646,4.4296;3.7208,-2.3041,3.4200;-0.6083,-0.2779,-1.8859;-1.8025,-0.7700,-1.3253;-1.8427,-0.9909,-0.2578;-2.9208,-1.0058,-2.1256;-3.8352,-1.3994,-1.6732;-2.8735,-0.7518,-3.5011;-3.7523,-0.9359,-4.1249;-1.6896,-0.2790,-4.0754;-1.6380,-0.0897,-5.1510;-0.5648,-0.0611,-3.2774;0.3634,0.2933,-3.7353;</g>
	</geometry>
	<conformers/>
	<properties/>
</molecule>
