<?xml version="1.0" ?>
<!--MOLLI PACKAGE EXPERIMENTAL XML FORMAT-->
<molecule name="react_489">
	<atoms>
		<a id="1" s="H" t="H" l="H"/>
		<a id="2" s="C" t="C.2" l="C"/>
		<a id="3" s="C" t="C.2" l="C"/>
		<a id="4" s="C" t="C.2" l="C"/>
		<a id="5" s="O" t="O.2" l="O"/>
		<a id="6" s="O" t="O.3" l="O"/>
		<a id="7" s="C" t="C.3" l="C"/>
		<a id="8" s="H" t="H" l="H"/>
		<a id="9" s="H" t="H" l="H"/>
		<a id="10" s="C" t="C.3" l="C"/>
		<a id="11" s="H" t="H" l="H"/>
		<a id="12" s="H" t="H" l="H"/>
		<a id="13" s="H" t="H" l="H"/>
		<a id="14" s="C" t="C.3" l="C"/>
		<a id="15" s="H" t="H" l="H"/>
		<a id="16" s="H" t="H" l="H"/>
		<a id="17" s="C" t="C.2" l="C"/>
		<a id="18" s="O" t="O.2" l="O"/>
		<a id="19" s="O" t="O.3" l="O"/>
		<a id="20" s="C" t="C.3" l="C"/>
		<a id="21" s="H" t="H" l="H"/>
		<a id="22" s="H" t="H" l="H"/>
		<a id="23" s="C" t="C.3" l="C"/>
		<a id="24" s="H" t="H" l="H"/>
		<a id="25" s="H" t="H" l="H"/>
		<a id="26" s="H" t="H" l="H"/>
		<a id="27" s="C" t="C.ar" l="C"/>
		<a id="28" s="C" t="C.ar" l="C"/>
		<a id="29" s="H" t="H" l="H"/>
		<a id="30" s="C" t="C.ar" l="C"/>
		<a id="31" s="H" t="H" l="H"/>
		<a id="32" s="C" t="C.ar" l="C"/>
		<a id="33" s="H" t="H" l="H"/>
		<a id="34" s="C" t="C.ar" l="C"/>
		<a id="35" s="H" t="H" l="H"/>
		<a id="36" s="C" t="C.ar" l="C"/>
		<a id="37" s="H" t="H" l="H"/>
	</atoms>
	<bonds>
		<b id="1" c="11 10" t="1"/>
		<b id="2" c="25 23" t="1"/>
		<b id="3" c="24 23" t="1"/>
		<b id="4" c="13 10" t="1"/>
		<b id="5" c="8 7" t="1"/>
		<b id="6" c="22 20" t="1"/>
		<b id="7" c="10 7" t="1"/>
		<b id="8" c="10 12" t="1"/>
		<b id="9" c="23 20" t="1"/>
		<b id="10" c="23 26" t="1"/>
		<b id="11" c="5 4" t="2"/>
		<b id="12" c="7 9" t="1"/>
		<b id="13" c="7 6" t="1"/>
		<b id="14" c="20 19" t="1"/>
		<b id="15" c="20 21" t="1"/>
		<b id="16" c="19 17" t="1"/>
		<b id="17" c="4 6" t="1"/>
		<b id="18" c="4 3" t="1"/>
		<b id="19" c="17 18" t="2"/>
		<b id="20" c="17 14" t="1"/>
		<b id="21" c="15 14" t="1"/>
		<b id="22" c="14 3" t="1"/>
		<b id="23" c="14 16" t="1"/>
		<b id="24" c="3 2" t="2"/>
		<b id="25" c="29 28" t="1"/>
		<b id="26" c="28 30" t="ar"/>
		<b id="27" c="28 27" t="ar"/>
		<b id="28" c="2 27" t="1"/>
		<b id="29" c="2 1" t="1"/>
		<b id="30" c="31 30" t="1"/>
		<b id="31" c="30 32" t="ar"/>
		<b id="32" c="27 36" t="ar"/>
		<b id="33" c="32 33" t="1"/>
		<b id="34" c="32 34" t="ar"/>
		<b id="35" c="36 37" t="1"/>
		<b id="36" c="36 34" t="ar"/>
		<b id="37" c="34 35" t="1"/>
	</bonds>
	<geometry>
		<g u="A" t="cart/3d">#37,3:0.9193,0.1450,2.5042;0.2340,0.4527,1.7031;0.7400,0.3436,0.4526;0.1129,0.8011,-0.8270;0.5759,0.5061,-1.9099;-0.9465,1.6107,-0.6762;-1.5624,2.1330,-1.8681;-0.7762,2.3666,-2.6015;-2.0419,3.0677,-1.5425;-2.5793,1.1664,-2.4538;-3.0682,1.6255,-3.3286;-3.3593,0.9177,-1.7172;-2.0910,0.2373,-2.7834;2.1002,-0.2753,0.2279;2.7444,0.3661,-0.3909;2.6122,-0.4268,1.1928;2.0113,-1.6414,-0.4438;1.0783,-2.3998,-0.3545;3.1416,-1.9204,-1.1147;3.2048,-3.1971,-1.7726;3.0466,-3.9941,-1.0269;2.3761,-3.2644,-2.4963;4.5576,-3.3100,-2.4454;4.6425,-4.2791,-2.9623;4.6966,-2.5085,-3.1878;5.3725,-3.2398,-1.7077;-1.0827,0.8924,2.2071;-2.2974,0.4525,1.6478;-2.2777,-0.2164,0.7860;-3.5180,0.8410,2.2011;-4.4510,0.4808,1.7590;-3.5522,1.6797,3.3211;-4.5102,1.9848,3.7508;-2.3537,2.1101,3.8982;-2.3695,2.7552,4.7809;-1.1321,1.7049,3.3563;-0.1976,2.0317,3.8220;</g>
	</geometry>
	<conformers/>
	<properties/>
</molecule>
