<?xml version="1.0" ?>
<!--MOLLI PACKAGE EXPERIMENTAL XML FORMAT-->
<molecule name="react_190">
	<atoms>
		<a id="1" s="H" t="H" l="H"/>
		<a id="2" s="C" t="C.2" l="C"/>
		<a id="3" s="H" t="H" l="H"/>
		<a id="4" s="C" t="C.2" l="C"/>
		<a id="5" s="H" t="H" l="H"/>
		<a id="6" s="C" t="C.3" l="C"/>
		<a id="7" s="H" t="H" l="H"/>
		<a id="8" s="H" t="H" l="H"/>
		<a id="9" s="C" t="C.3" l="C"/>
		<a id="10" s="H" t="H" l="H"/>
		<a id="11" s="H" t="H" l="H"/>
		<a id="12" s="C" t="C.3" l="C"/>
		<a id="13" s="H" t="H" l="H"/>
		<a id="14" s="H" t="H" l="H"/>
		<a id="15" s="C" t="C.3" l="C"/>
		<a id="16" s="H" t="H" l="H"/>
		<a id="17" s="H" t="H" l="H"/>
		<a id="18" s="C" t="C.3" l="C"/>
		<a id="19" s="H" t="H" l="H"/>
		<a id="20" s="H" t="H" l="H"/>
		<a id="21" s="H" t="H" l="H"/>
	</atoms>
	<bonds>
		<b id="1" c="17 15" t="1"/>
		<b id="2" c="11 9" t="1"/>
		<b id="3" c="1 2" t="1"/>
		<b id="4" c="3 2" t="1"/>
		<b id="5" c="2 4" t="2"/>
		<b id="6" c="15 16" t="1"/>
		<b id="7" c="15 18" t="1"/>
		<b id="8" c="15 12" t="1"/>
		<b id="9" c="20 18" t="1"/>
		<b id="10" c="21 18" t="1"/>
		<b id="11" c="9 10" t="1"/>
		<b id="12" c="9 12" t="1"/>
		<b id="13" c="9 6" t="1"/>
		<b id="14" c="13 12" t="1"/>
		<b id="15" c="4 5" t="1"/>
		<b id="16" c="4 6" t="1"/>
		<b id="17" c="8 6" t="1"/>
		<b id="18" c="18 19" t="1"/>
		<b id="19" c="12 14" t="1"/>
		<b id="20" c="6 7" t="1"/>
	</bonds>
	<geometry>
		<g u="A" t="cart/3d">#21,3:3.6616,1.6333,-0.9400;3.8429,0.6172,-0.5716;4.8061,0.1646,-0.8250;2.9313,-0.0347,0.1564;3.1610,-1.0533,0.5000;1.5804,0.4956,0.5497;1.5123,0.5259,1.6546;1.4749,1.5391,0.2040;0.4120,-0.3500,0.0142;0.5364,-1.3970,0.3488;0.4655,-0.3794,-1.0893;-0.9642,0.1615,0.4496;-1.0863,1.2101,0.1179;-1.0102,0.1915,1.5548;-2.1329,-0.6748,-0.0820;-2.0088,-1.7227,0.2484;-2.0856,-0.7029,-1.1863;-3.5041,-0.1593,0.3579;-3.5980,-0.1561,1.4573;-4.3198,-0.7828,-0.0429;-3.6747,0.8742,0.0112;</g>
	</geometry>
	<conformers/>
	<properties/>
</molecule>
