<?xml version="1.0" ?>
<!--MOLLI PACKAGE EXPERIMENTAL XML FORMAT-->
<molecule name="react_490">
	<atoms>
		<a id="1" s="H" t="H" l="H"/>
		<a id="2" s="C" t="C.2" l="C"/>
		<a id="3" s="C" t="C.2" l="C"/>
		<a id="4" s="C" t="C.2" l="C"/>
		<a id="5" s="O" t="O.2" l="O"/>
		<a id="6" s="O" t="O.3" l="O"/>
		<a id="7" s="C" t="C.3" l="C"/>
		<a id="8" s="H" t="H" l="H"/>
		<a id="9" s="H" t="H" l="H"/>
		<a id="10" s="H" t="H" l="H"/>
		<a id="11" s="C" t="C.3" l="C"/>
		<a id="12" s="H" t="H" l="H"/>
		<a id="13" s="H" t="H" l="H"/>
		<a id="14" s="C" t="C.2" l="C"/>
		<a id="15" s="O" t="O.2" l="O"/>
		<a id="16" s="O" t="O.3" l="O"/>
		<a id="17" s="C" t="C.3" l="C"/>
		<a id="18" s="H" t="H" l="H"/>
		<a id="19" s="H" t="H" l="H"/>
		<a id="20" s="H" t="H" l="H"/>
		<a id="21" s="C" t="C.3" l="C"/>
		<a id="22" s="H" t="H" l="H"/>
		<a id="23" s="H" t="H" l="H"/>
		<a id="24" s="C" t="C.3" l="C"/>
		<a id="25" s="H" t="H" l="H"/>
		<a id="26" s="C" t="C.3" l="C"/>
		<a id="27" s="H" t="H" l="H"/>
		<a id="28" s="H" t="H" l="H"/>
		<a id="29" s="H" t="H" l="H"/>
		<a id="30" s="C" t="C.3" l="C"/>
		<a id="31" s="H" t="H" l="H"/>
		<a id="32" s="H" t="H" l="H"/>
		<a id="33" s="H" t="H" l="H"/>
	</atoms>
	<bonds>
		<b id="1" c="20 17" t="1"/>
		<b id="2" c="13 11" t="1"/>
		<b id="3" c="16 17" t="1"/>
		<b id="4" c="16 14" t="1"/>
		<b id="5" c="17 18" t="1"/>
		<b id="6" c="17 19" t="1"/>
		<b id="7" c="12 11" t="1"/>
		<b id="8" c="25 24" t="1"/>
		<b id="9" c="33 30" t="1"/>
		<b id="10" c="32 30" t="1"/>
		<b id="11" c="11 14" t="1"/>
		<b id="12" c="11 3" t="1"/>
		<b id="13" c="14 15" t="2"/>
		<b id="14" c="30 24" t="1"/>
		<b id="15" c="30 31" t="1"/>
		<b id="16" c="10 7" t="1"/>
		<b id="17" c="24 21" t="1"/>
		<b id="18" c="24 26" t="1"/>
		<b id="19" c="22 21" t="1"/>
		<b id="20" c="6 7" t="1"/>
		<b id="21" c="6 4" t="1"/>
		<b id="22" c="28 26" t="1"/>
		<b id="23" c="3 4" t="1"/>
		<b id="24" c="3 2" t="2"/>
		<b id="25" c="9 7" t="1"/>
		<b id="26" c="7 8" t="1"/>
		<b id="27" c="21 2" t="1"/>
		<b id="28" c="21 23" t="1"/>
		<b id="29" c="26 27" t="1"/>
		<b id="30" c="26 29" t="1"/>
		<b id="31" c="4 5" t="2"/>
		<b id="32" c="2 1" t="1"/>
	</bonds>
	<geometry>
		<g u="A" t="cart/3d">#33,3:0.9300,1.1720,1.6605;0.7433,0.4360,0.8708;-0.4585,0.5340,0.2683;-1.3723,1.6120,0.7645;-1.1500,2.3592,1.6891;-2.5097,1.6721,0.0354;-3.4690,2.6455,0.4428;-3.8041,2.4548,1.4739;-3.0415,3.6592,0.3996;-4.3120,2.5566,-0.2543;-0.9556,-0.3468,-0.8491;-0.1520,-0.9943,-1.2336;-1.3031,0.2521,-1.7044;-2.0980,-1.2610,-0.4309;-2.4121,-1.5253,0.7018;-2.7106,-1.7805,-1.5127;-3.7785,-2.6920,-1.2549;-4.5815,-2.2031,-0.6819;-3.4238,-3.5610,-0.6789;-4.1523,-3.0128,-2.2357;1.8363,-0.5498,0.5914;1.4641,-1.3838,-0.0241;2.1514,-0.9945,1.5549;3.0936,0.0496,-0.0925;2.7626,0.4895,-1.0522;3.7417,1.1656,0.7373;3.0584,2.0134,0.9007;4.6394,1.5580,0.2322;4.0555,0.7908,1.7276;4.1032,-1.0619,-0.4053;4.4671,-1.5374,0.5222;4.9802,-0.6637,-0.9412;3.6578,-1.8525,-1.0315;</g>
	</geometry>
	<conformers/>
	<properties/>
</molecule>
