<?xml version="1.0" ?>
<!--MOLLI PACKAGE EXPERIMENTAL XML FORMAT-->
<molecule name="react_491">
	<atoms>
		<a id="1" s="H" t="H" l="H"/>
		<a id="2" s="C" t="C.2" l="C"/>
		<a id="3" s="C" t="C.2" l="C"/>
		<a id="4" s="C" t="C.2" l="C"/>
		<a id="5" s="O" t="O.2" l="O"/>
		<a id="6" s="O" t="O.3" l="O"/>
		<a id="7" s="C" t="C.3" l="C"/>
		<a id="8" s="H" t="H" l="H"/>
		<a id="9" s="H" t="H" l="H"/>
		<a id="10" s="H" t="H" l="H"/>
		<a id="11" s="C" t="C.3" l="C"/>
		<a id="12" s="H" t="H" l="H"/>
		<a id="13" s="H" t="H" l="H"/>
		<a id="14" s="C" t="C.2" l="C"/>
		<a id="15" s="O" t="O.2" l="O"/>
		<a id="16" s="O" t="O.3" l="O"/>
		<a id="17" s="C" t="C.3" l="C"/>
		<a id="18" s="H" t="H" l="H"/>
		<a id="19" s="H" t="H" l="H"/>
		<a id="20" s="H" t="H" l="H"/>
		<a id="21" s="C" t="C.ar" l="C"/>
		<a id="22" s="C" t="C.ar" l="C"/>
		<a id="23" s="H" t="H" l="H"/>
		<a id="24" s="C" t="C.ar" l="C"/>
		<a id="25" s="H" t="H" l="H"/>
		<a id="26" s="C" t="C.ar" l="C"/>
		<a id="27" s="H" t="H" l="H"/>
		<a id="28" s="C" t="C.ar" l="C"/>
		<a id="29" s="H" t="H" l="H"/>
		<a id="30" s="C" t="C.ar" l="C"/>
		<a id="31" s="H" t="H" l="H"/>
	</atoms>
	<bonds>
		<b id="1" c="10 7" t="1"/>
		<b id="2" c="8 7" t="1"/>
		<b id="3" c="7 9" t="1"/>
		<b id="4" c="7 6" t="1"/>
		<b id="5" c="19 17" t="1"/>
		<b id="6" c="6 4" t="1"/>
		<b id="7" c="5 4" t="2"/>
		<b id="8" c="15 14" t="2"/>
		<b id="9" c="17 20" t="1"/>
		<b id="10" c="17 18" t="1"/>
		<b id="11" c="17 16" t="1"/>
		<b id="12" c="4 3" t="1"/>
		<b id="13" c="14 16" t="1"/>
		<b id="14" c="14 11" t="1"/>
		<b id="15" c="1 2" t="1"/>
		<b id="16" c="3 2" t="2"/>
		<b id="17" c="3 11" t="1"/>
		<b id="18" c="2 21" t="1"/>
		<b id="19" c="23 22" t="1"/>
		<b id="20" c="11 12" t="1"/>
		<b id="21" c="11 13" t="1"/>
		<b id="22" c="22 21" t="ar"/>
		<b id="23" c="22 24" t="ar"/>
		<b id="24" c="21 30" t="ar"/>
		<b id="25" c="25 24" t="1"/>
		<b id="26" c="24 26" t="ar"/>
		<b id="27" c="30 31" t="1"/>
		<b id="28" c="30 28" t="ar"/>
		<b id="29" c="26 28" t="ar"/>
		<b id="30" c="26 27" t="1"/>
		<b id="31" c="28 29" t="1"/>
	</bonds>
	<geometry>
		<g u="A" t="cart/3d">#31,3:-1.5898,1.7044,-0.3098;-0.9940,0.8908,0.1151;0.3269,0.9049,-0.1787;0.8766,1.9139,-1.1317;2.0335,1.9189,-1.4953;-0.0257,2.8176,-1.5623;0.4513,3.7895,-2.4905;-0.4057,4.4324,-2.7282;1.2657,4.3860,-2.0508;0.8318,3.3068,-3.4040;1.3798,-0.0089,0.3998;2.2574,0.5787,0.7024;0.9873,-0.5182,1.2946;1.8506,-1.0954,-0.5541;1.1305,-1.7351,-1.2851;3.1706,-1.3068,-0.4483;3.7174,-2.3343,-1.2759;4.7899,-2.3721,-1.0473;3.5624,-2.0996,-2.3400;3.2446,-3.3051,-1.0609;-1.7373,-0.0581,0.9601;-1.4960,-1.4473,0.9350;-0.7572,-1.8497,0.2386;-2.2400,-2.3088,1.7454;-2.0488,-3.3846,1.7055;-3.2342,-1.8059,2.5906;-3.8130,-2.4842,3.2233;-3.4989,-0.4315,2.6076;-4.2839,-0.0317,3.2552;-2.7678,0.4304,1.7901;-2.9841,1.5026,1.7993;</g>
	</geometry>
	<conformers/>
	<properties/>
</molecule>
