<?xml version="1.0" ?>
<!--MOLLI PACKAGE EXPERIMENTAL XML FORMAT-->
<molecule name="react_492">
	<atoms>
		<a id="1" s="H" t="H" l="H"/>
		<a id="2" s="C" t="C.2" l="C"/>
		<a id="3" s="C" t="C.2" l="C"/>
		<a id="4" s="C" t="C.2" l="C"/>
		<a id="5" s="O" t="O.2" l="O"/>
		<a id="6" s="O" t="O.3" l="O"/>
		<a id="7" s="C" t="C.3" l="C"/>
		<a id="8" s="H" t="H" l="H"/>
		<a id="9" s="H" t="H" l="H"/>
		<a id="10" s="C" t="C.3" l="C"/>
		<a id="11" s="H" t="H" l="H"/>
		<a id="12" s="H" t="H" l="H"/>
		<a id="13" s="H" t="H" l="H"/>
		<a id="14" s="C" t="C.3" l="C"/>
		<a id="15" s="H" t="H" l="H"/>
		<a id="16" s="H" t="H" l="H"/>
		<a id="17" s="C" t="C.2" l="C"/>
		<a id="18" s="O" t="O.2" l="O"/>
		<a id="19" s="O" t="O.3" l="O"/>
		<a id="20" s="C" t="C.3" l="C"/>
		<a id="21" s="H" t="H" l="H"/>
		<a id="22" s="H" t="H" l="H"/>
		<a id="23" s="C" t="C.3" l="C"/>
		<a id="24" s="H" t="H" l="H"/>
		<a id="25" s="H" t="H" l="H"/>
		<a id="26" s="H" t="H" l="H"/>
		<a id="27" s="C" t="C.ar" l="C"/>
		<a id="28" s="C" t="C.ar" l="C"/>
		<a id="29" s="H" t="H" l="H"/>
		<a id="30" s="C" t="C.ar" l="C"/>
		<a id="31" s="H" t="H" l="H"/>
		<a id="32" s="C" t="C.ar" l="C"/>
		<a id="33" s="H" t="H" l="H"/>
		<a id="34" s="C" t="C.ar" l="C"/>
		<a id="35" s="H" t="H" l="H"/>
		<a id="36" s="C" t="C.ar" l="C"/>
		<a id="37" s="H" t="H" l="H"/>
	</atoms>
	<bonds>
		<b id="1" c="22 20" t="1"/>
		<b id="2" c="8 7" t="1"/>
		<b id="3" c="9 7" t="1"/>
		<b id="4" c="18 17" t="2"/>
		<b id="5" c="25 23" t="1"/>
		<b id="6" c="21 20" t="1"/>
		<b id="7" c="7 6" t="1"/>
		<b id="8" c="7 10" t="1"/>
		<b id="9" c="20 23" t="1"/>
		<b id="10" c="20 19" t="1"/>
		<b id="11" c="6 4" t="1"/>
		<b id="12" c="12 10" t="1"/>
		<b id="13" c="23 24" t="1"/>
		<b id="14" c="23 26" t="1"/>
		<b id="15" c="5 4" t="2"/>
		<b id="16" c="17 19" t="1"/>
		<b id="17" c="17 14" t="1"/>
		<b id="18" c="4 3" t="1"/>
		<b id="19" c="37 36" t="1"/>
		<b id="20" c="10 13" t="1"/>
		<b id="21" c="10 11" t="1"/>
		<b id="22" c="1 2" t="1"/>
		<b id="23" c="3 2" t="2"/>
		<b id="24" c="3 14" t="1"/>
		<b id="25" c="2 27" t="1"/>
		<b id="26" c="36 27" t="ar"/>
		<b id="27" c="36 34" t="ar"/>
		<b id="28" c="35 34" t="1"/>
		<b id="29" c="14 15" t="1"/>
		<b id="30" c="14 16" t="1"/>
		<b id="31" c="27 28" t="ar"/>
		<b id="32" c="34 32" t="ar"/>
		<b id="33" c="28 29" t="1"/>
		<b id="34" c="28 30" t="ar"/>
		<b id="35" c="32 30" t="ar"/>
		<b id="36" c="32 33" t="1"/>
		<b id="37" c="30 31" t="1"/>
	</bonds>
	<geometry>
		<g u="A" t="cart/3d">#37,3:-2.6030,-0.0765,-0.1100;-1.6283,-0.4805,0.1805;-0.5833,0.3758,0.1040;-0.7672,1.7438,-0.4672;0.1531,2.5213,-0.6148;-2.0373,2.0283,-0.8150;-2.2946,3.3189,-1.3959;-1.4519,3.5899,-2.0494;-3.1945,3.1727,-2.0116;-2.5202,4.3825,-0.3332;-3.3365,4.0934,0.3477;-2.7927,5.3375,-0.8115;-1.6057,4.5444,0.2565;0.8234,0.1122,0.5826;1.1899,0.9751,1.1554;0.8403,-0.7670,1.2465;1.8158,-0.1605,-0.5381;1.5794,-0.8208,-1.5235;3.0149,0.3764,-0.2761;4.0531,0.1615,-1.2490;4.1868,-0.9230,-1.3969;3.7245,0.5795,-2.2146;5.3146,0.8285,-0.7407;5.1590,1.9097,-0.6015;6.1328,0.6864,-1.4643;5.6276,0.3982,0.2236;-1.6351,-1.8812,0.6332;-2.7272,-2.3485,1.3937;-3.5391,-1.6590,1.6428;-2.7745,-3.6680,1.8438;-3.6223,-4.0077,2.4449;-1.7437,-4.5569,1.5177;-1.7839,-5.5940,1.8616;-0.6729,-4.1174,0.7329;0.1199,-4.8150,0.4494;-0.6152,-2.7931,0.2911;0.1943,-2.4673,-0.3657;</g>
	</geometry>
	<conformers/>
	<properties/>
</molecule>
