<?xml version="1.0" ?>
<!--MOLLI PACKAGE EXPERIMENTAL XML FORMAT-->
<molecule name="react_493">
	<atoms>
		<a id="1" s="H" t="H" l="H"/>
		<a id="2" s="C" t="C.2" l="C"/>
		<a id="3" s="C" t="C.2" l="C"/>
		<a id="4" s="C" t="C.3" l="C"/>
		<a id="5" s="H" t="H" l="H"/>
		<a id="6" s="H" t="H" l="H"/>
		<a id="7" s="H" t="H" l="H"/>
		<a id="8" s="C" t="C.3" l="C"/>
		<a id="9" s="H" t="H" l="H"/>
		<a id="10" s="H" t="H" l="H"/>
		<a id="11" s="C" t="C.3" l="C"/>
		<a id="12" s="H" t="H" l="H"/>
		<a id="13" s="H" t="H" l="H"/>
		<a id="14" s="C" t="C.3" l="C"/>
		<a id="15" s="H" t="H" l="H"/>
		<a id="16" s="H" t="H" l="H"/>
		<a id="17" s="C" t="C.3" l="C"/>
		<a id="18" s="H" t="H" l="H"/>
		<a id="19" s="H" t="H" l="H"/>
		<a id="20" s="C" t="C.3" l="C"/>
		<a id="21" s="H" t="H" l="H"/>
		<a id="22" s="H" t="H" l="H"/>
		<a id="23" s="H" t="H" l="H"/>
		<a id="24" s="C" t="C.3" l="C"/>
		<a id="25" s="H" t="H" l="H"/>
		<a id="26" s="H" t="H" l="H"/>
		<a id="27" s="C" t="C.2" l="C"/>
		<a id="28" s="O" t="O.2" l="O"/>
		<a id="29" s="O" t="O.3" l="O"/>
		<a id="30" s="C" t="C.3" l="C"/>
		<a id="31" s="H" t="H" l="H"/>
		<a id="32" s="H" t="H" l="H"/>
		<a id="33" s="H" t="H" l="H"/>
	</atoms>
	<bonds>
		<b id="1" c="6 4" t="1"/>
		<b id="2" c="5 4" t="1"/>
		<b id="3" c="4 7" t="1"/>
		<b id="4" c="4 3" t="1"/>
		<b id="5" c="9 8" t="1"/>
		<b id="6" c="26 24" t="1"/>
		<b id="7" c="10 8" t="1"/>
		<b id="8" c="3 8" t="1"/>
		<b id="9" c="3 2" t="2"/>
		<b id="10" c="25 24" t="1"/>
		<b id="11" c="8 11" t="1"/>
		<b id="12" c="24 2" t="1"/>
		<b id="13" c="24 27" t="1"/>
		<b id="14" c="2 1" t="1"/>
		<b id="15" c="15 14" t="1"/>
		<b id="16" c="11 13" t="1"/>
		<b id="17" c="11 14" t="1"/>
		<b id="18" c="11 12" t="1"/>
		<b id="19" c="29 27" t="1"/>
		<b id="20" c="29 30" t="1"/>
		<b id="21" c="27 28" t="2"/>
		<b id="22" c="16 14" t="1"/>
		<b id="23" c="14 17" t="1"/>
		<b id="24" c="31 30" t="1"/>
		<b id="25" c="30 32" t="1"/>
		<b id="26" c="30 33" t="1"/>
		<b id="27" c="21 20" t="1"/>
		<b id="28" c="22 20" t="1"/>
		<b id="29" c="17 20" t="1"/>
		<b id="30" c="17 19" t="1"/>
		<b id="31" c="17 18" t="1"/>
		<b id="32" c="20 23" t="1"/>
	</bonds>
	<geometry>
		<g u="A" t="cart/3d">#33,3:-0.4254,-1.8479,-0.6348;-0.8169,-0.9560,-1.1372;0.0628,-0.0488,-1.5978;-0.3167,1.2170,-2.3259;-1.4003,1.3996,-2.3534;0.0415,1.1804,-3.3710;0.1665,2.0964,-1.8670;1.5567,-0.2834,-1.4041;2.1208,0.3362,-2.1239;1.7927,-1.3316,-1.6539;2.0826,-0.0026,0.0190;1.5622,-0.6728,0.7270;3.1480,-0.2914,0.0497;1.9242,1.4453,0.4970;2.4311,2.1257,-0.2148;0.8540,1.7150,0.4687;2.4545,1.7129,1.9146;1.9564,1.0232,2.6209;2.1440,2.7281,2.2197;3.9733,1.5936,2.0708;4.5003,2.2824,1.3879;4.3344,0.5747,1.8556;4.2885,1.8404,3.0978;-2.3160,-0.9100,-1.2205;-2.7132,0.0869,-1.4613;-2.6843,-1.5712,-2.0312;-3.0004,-1.4016,0.0445;-2.4799,-2.0239,0.9370;-4.3089,-1.0759,0.0365;-5.0793,-1.5231,1.1520;-6.1045,-1.1724,0.9773;-5.0602,-2.6215,1.2283;-4.6884,-1.1049,2.0925;</g>
	</geometry>
	<conformers/>
	<properties/>
</molecule>
