<?xml version="1.0" ?>
<!--MOLLI PACKAGE EXPERIMENTAL XML FORMAT-->
<molecule name="react_494">
	<atoms>
		<a id="1" s="H" t="H" l="H"/>
		<a id="2" s="C" t="C.2" l="C"/>
		<a id="3" s="C" t="C.2" l="C"/>
		<a id="4" s="C" t="C.3" l="C"/>
		<a id="5" s="H" t="H" l="H"/>
		<a id="6" s="H" t="H" l="H"/>
		<a id="7" s="H" t="H" l="H"/>
		<a id="8" s="C" t="C.3" l="C"/>
		<a id="9" s="H" t="H" l="H"/>
		<a id="10" s="H" t="H" l="H"/>
		<a id="11" s="C" t="C.3" l="C"/>
		<a id="12" s="H" t="H" l="H"/>
		<a id="13" s="H" t="H" l="H"/>
		<a id="14" s="C" t="C.3" l="C"/>
		<a id="15" s="H" t="H" l="H"/>
		<a id="16" s="H" t="H" l="H"/>
		<a id="17" s="C" t="C.3" l="C"/>
		<a id="18" s="H" t="H" l="H"/>
		<a id="19" s="H" t="H" l="H"/>
		<a id="20" s="C" t="C.3" l="C"/>
		<a id="21" s="H" t="H" l="H"/>
		<a id="22" s="H" t="H" l="H"/>
		<a id="23" s="H" t="H" l="H"/>
		<a id="24" s="C" t="C.3" l="C"/>
		<a id="25" s="H" t="H" l="H"/>
		<a id="26" s="H" t="H" l="H"/>
		<a id="27" s="C" t="C.2" l="C"/>
		<a id="28" s="O" t="O.2" l="O"/>
		<a id="29" s="O" t="O.3" l="O"/>
		<a id="30" s="C" t="C.3" l="C"/>
		<a id="31" s="H" t="H" l="H"/>
		<a id="32" s="H" t="H" l="H"/>
		<a id="33" s="H" t="H" l="H"/>
	</atoms>
	<bonds>
		<b id="1" c="7 4" t="1"/>
		<b id="2" c="13 11" t="1"/>
		<b id="3" c="6 4" t="1"/>
		<b id="4" c="4 5" t="1"/>
		<b id="5" c="4 3" t="1"/>
		<b id="6" c="12 11" t="1"/>
		<b id="7" c="16 14" t="1"/>
		<b id="8" c="32 30" t="1"/>
		<b id="9" c="18 17" t="1"/>
		<b id="10" c="28 27" t="2"/>
		<b id="11" c="11 14" t="1"/>
		<b id="12" c="11 8" t="1"/>
		<b id="13" c="1 2" t="1"/>
		<b id="14" c="3 2" t="2"/>
		<b id="15" c="3 8" t="1"/>
		<b id="16" c="14 17" t="1"/>
		<b id="17" c="14 15" t="1"/>
		<b id="18" c="2 24" t="1"/>
		<b id="19" c="22 20" t="1"/>
		<b id="20" c="27 29" t="1"/>
		<b id="21" c="27 24" t="1"/>
		<b id="22" c="17 20" t="1"/>
		<b id="23" c="17 19" t="1"/>
		<b id="24" c="30 31" t="1"/>
		<b id="25" c="30 29" t="1"/>
		<b id="26" c="30 33" t="1"/>
		<b id="27" c="8 10" t="1"/>
		<b id="28" c="8 9" t="1"/>
		<b id="29" c="20 21" t="1"/>
		<b id="30" c="20 23" t="1"/>
		<b id="31" c="24 26" t="1"/>
		<b id="32" c="24 25" t="1"/>
	</bonds>
	<geometry>
		<g u="A" t="cart/3d">#33,3:-2.4767,-2.1439,-0.4439;-1.7493,-1.4828,0.0393;-0.4403,-1.6984,-0.1826;0.0083,-2.8367,-1.0686;0.6338,-3.5524,-0.5046;-0.8443,-3.3869,-1.4934;0.6297,-2.4746,-1.9066;0.6721,-0.8450,0.3970;0.3297,-0.3192,1.3032;1.4879,-1.5126,0.7268;1.2326,0.1971,-0.5933;0.4002,0.8435,-0.9216;1.5938,-0.3120,-1.5051;2.3574,1.0771,-0.0277;2.0069,1.5639,0.9024;2.5509,1.8999,-0.7400;3.6803,0.3527,0.2510;4.0209,-0.1442,-0.6765;3.5198,-0.4573,0.9845;4.7809,1.2837,0.7650;5.7207,0.7384,0.9494;4.9981,2.0862,0.0395;4.4863,1.7678,1.7118;-2.3646,-0.4059,0.8889;-2.7191,-0.8253,1.8527;-1.6634,0.3961,1.1591;-3.5911,0.2264,0.2510;-4.2456,-0.2447,-0.6455;-3.8908,1.3980,0.8477;-5.0589,2.0684,0.3744;-5.9523,1.4364,0.4965;-4.9596,2.3250,-0.6917;-5.1540,2.9809,0.9768;</g>
	</geometry>
	<conformers/>
	<properties/>
</molecule>
