<?xml version="1.0" ?>
<!--MOLLI PACKAGE EXPERIMENTAL XML FORMAT-->
<molecule name="react_495">
	<atoms>
		<a id="1" s="H" t="H" l="H"/>
		<a id="2" s="C" t="C.1" l="C"/>
		<a id="3" s="C" t="C.1" l="C"/>
		<a id="4" s="C" t="C.3" l="C"/>
		<a id="5" s="H" t="H" l="H"/>
		<a id="6" s="H" t="H" l="H"/>
		<a id="7" s="C" t="C.2" l="C"/>
		<a id="8" s="H" t="H" l="H"/>
		<a id="9" s="C" t="C.2" l="C"/>
		<a id="10" s="H" t="H" l="H"/>
		<a id="11" s="C" t="C.3" l="C"/>
		<a id="12" s="H" t="H" l="H"/>
		<a id="13" s="H" t="H" l="H"/>
		<a id="14" s="C" t="C.2" l="C"/>
		<a id="15" s="O" t="O.2" l="O"/>
		<a id="16" s="O" t="O.3" l="O"/>
		<a id="17" s="C" t="C.3" l="C"/>
		<a id="18" s="H" t="H" l="H"/>
		<a id="19" s="H" t="H" l="H"/>
		<a id="20" s="H" t="H" l="H"/>
	</atoms>
	<bonds>
		<b id="1" c="8 7" t="1"/>
		<b id="2" c="6 4" t="1"/>
		<b id="3" c="12 11" t="1"/>
		<b id="4" c="19 17" t="1"/>
		<b id="5" c="7 4" t="1"/>
		<b id="6" c="7 9" t="2"/>
		<b id="7" c="20 17" t="1"/>
		<b id="8" c="4 3" t="1"/>
		<b id="9" c="4 5" t="1"/>
		<b id="10" c="16 17" t="1"/>
		<b id="11" c="16 14" t="1"/>
		<b id="12" c="3 2" t="3"/>
		<b id="13" c="2 1" t="1"/>
		<b id="14" c="17 18" t="1"/>
		<b id="15" c="11 14" t="1"/>
		<b id="16" c="11 9" t="1"/>
		<b id="17" c="11 13" t="1"/>
		<b id="18" c="14 15" t="2"/>
		<b id="19" c="9 10" t="1"/>
	</bonds>
	<geometry>
		<g u="A" t="cart/3d">#20,3:-6.0628,-0.1670,-0.1288;-5.0822,0.2691,-0.1618;-3.9768,0.7641,-0.1962;-2.6326,1.3503,-0.2467;-2.4352,1.9039,0.6877;-2.6121,2.1018,-1.0595;-1.5403,0.3297,-0.4788;-1.6388,-0.2771,-1.3879;-0.5009,0.1400,0.3394;-0.4006,0.7502,1.2446;0.5858,-0.8719,0.1172;0.5332,-1.3312,-0.8818;0.4843,-1.7079,0.8379;1.9806,-0.3098,0.3393;2.2425,0.6873,0.9655;2.9130,-1.0966,-0.2294;4.2737,-0.7029,-0.0440;4.5343,-0.6822,1.0256;4.8829,-1.4492,-0.5694;4.4523,0.2993,-0.4631;</g>
	</geometry>
	<conformers/>
	<properties/>
</molecule>
