<?xml version="1.0" ?>
<!--MOLLI PACKAGE EXPERIMENTAL XML FORMAT-->
<molecule name="react_496">
	<atoms>
		<a id="1" s="H" t="H" l="H"/>
		<a id="2" s="C" t="C.2" l="C"/>
		<a id="3" s="C" t="C.2" l="C"/>
		<a id="4" s="H" t="H" l="H"/>
		<a id="5" s="C" t="C.3" l="C"/>
		<a id="6" s="H" t="H" l="H"/>
		<a id="7" s="H" t="H" l="H"/>
		<a id="8" s="C" t="C.3" l="C"/>
		<a id="9" s="H" t="H" l="H"/>
		<a id="10" s="H" t="H" l="H"/>
		<a id="11" s="C" t="C.3" l="C"/>
		<a id="12" s="H" t="H" l="H"/>
		<a id="13" s="H" t="H" l="H"/>
		<a id="14" s="C" t="C.3" l="C"/>
		<a id="15" s="H" t="H" l="H"/>
		<a id="16" s="H" t="H" l="H"/>
		<a id="17" s="C" t="C.3" l="C"/>
		<a id="18" s="H" t="H" l="H"/>
		<a id="19" s="H" t="H" l="H"/>
		<a id="20" s="H" t="H" l="H"/>
		<a id="21" s="C" t="C.3" l="C"/>
		<a id="22" s="H" t="H" l="H"/>
		<a id="23" s="H" t="H" l="H"/>
		<a id="24" s="C" t="C.2" l="C"/>
		<a id="25" s="O" t="O.2" l="O"/>
		<a id="26" s="O" t="O.3" l="O"/>
		<a id="27" s="C" t="C.3" l="C"/>
		<a id="28" s="H" t="H" l="H"/>
		<a id="29" s="H" t="H" l="H"/>
		<a id="30" s="H" t="H" l="H"/>
	</atoms>
	<bonds>
		<b id="1" c="4 3" t="1"/>
		<b id="2" c="6 5" t="1"/>
		<b id="3" c="23 21" t="1"/>
		<b id="4" c="3 5" t="1"/>
		<b id="5" c="3 2" t="2"/>
		<b id="6" c="7 5" t="1"/>
		<b id="7" c="5 8" t="1"/>
		<b id="8" c="12 11" t="1"/>
		<b id="9" c="22 21" t="1"/>
		<b id="10" c="21 2" t="1"/>
		<b id="11" c="21 24" t="1"/>
		<b id="12" c="2 1" t="1"/>
		<b id="13" c="13 11" t="1"/>
		<b id="14" c="11 8" t="1"/>
		<b id="15" c="11 14" t="1"/>
		<b id="16" c="8 10" t="1"/>
		<b id="17" c="8 9" t="1"/>
		<b id="18" c="20 17" t="1"/>
		<b id="19" c="26 24" t="1"/>
		<b id="20" c="26 27" t="1"/>
		<b id="21" c="24 25" t="2"/>
		<b id="22" c="18 17" t="1"/>
		<b id="23" c="30 27" t="1"/>
		<b id="24" c="17 14" t="1"/>
		<b id="25" c="17 19" t="1"/>
		<b id="26" c="14 15" t="1"/>
		<b id="27" c="14 16" t="1"/>
		<b id="28" c="27 28" t="1"/>
		<b id="29" c="27 29" t="1"/>
	</bonds>
	<geometry>
		<g u="A" t="cart/3d">#30,3:0.4811,-0.0264,0.5055;0.9797,-0.1977,-0.4536;0.4221,-0.9866,-1.3793;0.9697,-1.1445,-2.3197;-0.8848,-1.7348,-1.2807;-1.4486,-1.5772,-2.2205;-0.6476,-2.8166,-1.2810;-1.7946,-1.4200,-0.0860;-1.2143,-1.4896,0.8519;-2.5607,-2.2128,-0.0169;-2.5029,-0.0611,-0.1594;-3.1231,-0.0288,-1.0754;-1.7572,0.7450,-0.2759;-3.3839,0.2397,1.0576;-4.1271,-0.5703,1.1793;-2.7611,0.2129,1.9708;-4.1063,1.5859,0.9725;-3.3898,2.4207,0.8877;-4.7273,1.7706,1.8641;-4.7683,1.6311,0.0907;2.2986,0.5024,-0.6196;2.1486,1.5943,-0.7393;2.8351,0.1749,-1.5238;3.2136,0.3486,0.5838;2.8687,0.0214,1.6923;4.4849,0.6619,0.2663;5.4363,0.5991,1.3292;5.4870,-0.4167,1.7508;5.1686,1.2967,2.1381;6.4035,0.8778,0.8918;</g>
	</geometry>
	<conformers/>
	<properties/>
</molecule>
