<?xml version="1.0" ?>
<!--MOLLI PACKAGE EXPERIMENTAL XML FORMAT-->
<molecule name="react_498">
	<atoms>
		<a id="1" s="H" t="H" l="H"/>
		<a id="2" s="C" t="C.2" l="C"/>
		<a id="3" s="C" t="C.2" l="C"/>
		<a id="4" s="H" t="H" l="H"/>
		<a id="5" s="C" t="C.3" l="C"/>
		<a id="6" s="H" t="H" l="H"/>
		<a id="7" s="H" t="H" l="H"/>
		<a id="8" s="C" t="C.2" l="C"/>
		<a id="9" s="O" t="O.2" l="O"/>
		<a id="10" s="O" t="O.3" l="O"/>
		<a id="11" s="C" t="C.3" l="C"/>
		<a id="12" s="H" t="H" l="H"/>
		<a id="13" s="H" t="H" l="H"/>
		<a id="14" s="H" t="H" l="H"/>
		<a id="15" s="C" t="C.3" l="C"/>
		<a id="16" s="H" t="H" l="H"/>
		<a id="17" s="H" t="H" l="H"/>
		<a id="18" s="C" t="C.1" l="C"/>
		<a id="19" s="C" t="C.1" l="C"/>
		<a id="20" s="C" t="C.3" l="C"/>
		<a id="21" s="H" t="H" l="H"/>
		<a id="22" s="H" t="H" l="H"/>
		<a id="23" s="C" t="C.3" l="C"/>
		<a id="24" s="H" t="H" l="H"/>
		<a id="25" s="H" t="H" l="H"/>
		<a id="26" s="C" t="C.3" l="C"/>
		<a id="27" s="H" t="H" l="H"/>
		<a id="28" s="H" t="H" l="H"/>
		<a id="29" s="C" t="C.3" l="C"/>
		<a id="30" s="H" t="H" l="H"/>
		<a id="31" s="H" t="H" l="H"/>
		<a id="32" s="C" t="C.3" l="C"/>
		<a id="33" s="H" t="H" l="H"/>
		<a id="34" s="H" t="H" l="H"/>
		<a id="35" s="H" t="H" l="H"/>
	</atoms>
	<bonds>
		<b id="1" c="16 15" t="1"/>
		<b id="2" c="1 2" t="1"/>
		<b id="3" c="15 17" t="1"/>
		<b id="4" c="15 2" t="1"/>
		<b id="5" c="15 18" t="1"/>
		<b id="6" c="28 26" t="1"/>
		<b id="7" c="9 8" t="2"/>
		<b id="8" c="2 3" t="2"/>
		<b id="9" c="27 26" t="1"/>
		<b id="10" c="18 19" t="3"/>
		<b id="11" c="14 11" t="1"/>
		<b id="12" c="30 29" t="1"/>
		<b id="13" c="22 20" t="1"/>
		<b id="14" c="26 29" t="1"/>
		<b id="15" c="26 23" t="1"/>
		<b id="16" c="19 20" t="1"/>
		<b id="17" c="3 5" t="1"/>
		<b id="18" c="3 4" t="1"/>
		<b id="19" c="6 5" t="1"/>
		<b id="20" c="8 5" t="1"/>
		<b id="21" c="8 10" t="1"/>
		<b id="22" c="35 32" t="1"/>
		<b id="23" c="29 32" t="1"/>
		<b id="24" c="29 31" t="1"/>
		<b id="25" c="5 7" t="1"/>
		<b id="26" c="20 23" t="1"/>
		<b id="27" c="20 21" t="1"/>
		<b id="28" c="11 12" t="1"/>
		<b id="29" c="11 10" t="1"/>
		<b id="30" c="11 13" t="1"/>
		<b id="31" c="32 33" t="1"/>
		<b id="32" c="32 34" t="1"/>
		<b id="33" c="23 24" t="1"/>
		<b id="34" c="23 25" t="1"/>
	</bonds>
	<geometry>
		<g u="A" t="cart/3d">#35,3:-3.0445,-1.2496,-1.4536;-2.2906,-0.5983,-1.0044;-2.6705,0.3935,-0.1927;-1.8910,1.0369,0.2338;-4.0641,0.7788,0.2285;-4.3060,1.7854,-0.1678;-4.1088,0.9118,1.3232;-5.2291,-0.1101,-0.1626;-5.2526,-0.9543,-1.0252;-6.3101,0.1936,0.5868;-7.5070,-0.5255,0.2902;-7.3621,-1.6071,0.4362;-8.2709,-0.1478,0.9816;-7.8194,-0.3570,-0.7523;-0.8586,-0.9175,-1.3804;-0.7717,-0.8836,-2.4842;-0.6566,-1.9751,-1.1208;0.1823,-0.0728,-0.7899;1.0507,0.6240,-0.3061;2.1104,1.4495,0.2820;1.6891,2.0222,1.1276;2.4353,2.2041,-0.4584;3.3408,0.6573,0.7728;4.0053,1.3636,1.2990;3.0139,-0.0829,1.5249;4.1058,-0.0544,-0.3481;3.4006,-0.7005,-0.8990;4.4608,0.6979,-1.0785;5.2951,-0.9045,0.1225;5.6819,-1.4718,-0.7426;4.9343,-1.6648,0.8400;6.4466,-0.1152,0.7526;7.2886,-0.7775,1.0118;6.1405,0.3991,1.6783;6.8312,0.6530,0.0595;</g>
	</geometry>
	<conformers/>
	<properties/>
</molecule>
