<?xml version="1.0" ?>
<!--MOLLI PACKAGE EXPERIMENTAL XML FORMAT-->
<molecule name="react_499">
	<atoms>
		<a id="1" s="H" t="H" l="H"/>
		<a id="2" s="C" t="C.2" l="C"/>
		<a id="3" s="C" t="C.2" l="C"/>
		<a id="4" s="H" t="H" l="H"/>
		<a id="5" s="C" t="C.3" l="C"/>
		<a id="6" s="H" t="H" l="H"/>
		<a id="7" s="H" t="H" l="H"/>
		<a id="8" s="C" t="C.3" l="C"/>
		<a id="9" s="H" t="H" l="H"/>
		<a id="10" s="H" t="H" l="H"/>
		<a id="11" s="C" t="C.3" l="C"/>
		<a id="12" s="H" t="H" l="H"/>
		<a id="13" s="H" t="H" l="H"/>
		<a id="14" s="C" t="C.3" l="C"/>
		<a id="15" s="H" t="H" l="H"/>
		<a id="16" s="H" t="H" l="H"/>
		<a id="17" s="C" t="C.3" l="C"/>
		<a id="18" s="H" t="H" l="H"/>
		<a id="19" s="H" t="H" l="H"/>
		<a id="20" s="C" t="C.3" l="C"/>
		<a id="21" s="H" t="H" l="H"/>
		<a id="22" s="H" t="H" l="H"/>
		<a id="23" s="C" t="C.3" l="C"/>
		<a id="24" s="H" t="H" l="H"/>
		<a id="25" s="H" t="H" l="H"/>
		<a id="26" s="C" t="C.3" l="C"/>
		<a id="27" s="H" t="H" l="H"/>
		<a id="28" s="H" t="H" l="H"/>
		<a id="29" s="C" t="C.3" l="C"/>
		<a id="30" s="H" t="H" l="H"/>
		<a id="31" s="H" t="H" l="H"/>
		<a id="32" s="H" t="H" l="H"/>
		<a id="33" s="C" t="C.3" l="C"/>
		<a id="34" s="H" t="H" l="H"/>
		<a id="35" s="H" t="H" l="H"/>
		<a id="36" s="C" t="C.2" l="C"/>
		<a id="37" s="O" t="O.2" l="O"/>
		<a id="38" s="O" t="O.3" l="O"/>
		<a id="39" s="C" t="C.3" l="C"/>
		<a id="40" s="H" t="H" l="H"/>
		<a id="41" s="H" t="H" l="H"/>
		<a id="42" s="H" t="H" l="H"/>
	</atoms>
	<bonds>
		<b id="1" c="30 29" t="1"/>
		<b id="2" c="42 39" t="1"/>
		<b id="3" c="10 8" t="1"/>
		<b id="4" c="1 2" t="1"/>
		<b id="5" c="6 5" t="1"/>
		<b id="6" c="9 8" t="1"/>
		<b id="7" c="31 29" t="1"/>
		<b id="8" c="29 32" t="1"/>
		<b id="9" c="29 26" t="1"/>
		<b id="10" c="8 5" t="1"/>
		<b id="11" c="8 11" t="1"/>
		<b id="12" c="38 39" t="1"/>
		<b id="13" c="38 36" t="1"/>
		<b id="14" c="16 14" t="1"/>
		<b id="15" c="39 41" t="1"/>
		<b id="16" c="39 40" t="1"/>
		<b id="17" c="34 33" t="1"/>
		<b id="18" c="25 23" t="1"/>
		<b id="19" c="2 33" t="1"/>
		<b id="20" c="2 3" t="2"/>
		<b id="21" c="15 14" t="1"/>
		<b id="22" c="5 3" t="1"/>
		<b id="23" c="5 7" t="1"/>
		<b id="24" c="27 26" t="1"/>
		<b id="25" c="14 11" t="1"/>
		<b id="26" c="14 17" t="1"/>
		<b id="27" c="33 36" t="1"/>
		<b id="28" c="33 35" t="1"/>
		<b id="29" c="3 4" t="1"/>
		<b id="30" c="26 23" t="1"/>
		<b id="31" c="26 28" t="1"/>
		<b id="32" c="22 20" t="1"/>
		<b id="33" c="36 37" t="2"/>
		<b id="34" c="11 12" t="1"/>
		<b id="35" c="11 13" t="1"/>
		<b id="36" c="23 20" t="1"/>
		<b id="37" c="23 24" t="1"/>
		<b id="38" c="20 17" t="1"/>
		<b id="39" c="20 21" t="1"/>
		<b id="40" c="17 18" t="1"/>
		<b id="41" c="17 19" t="1"/>
	</bonds>
	<geometry>
		<g u="A" t="cart/3d">#42,3:4.2195,-0.1728,-1.4641;3.9105,0.2159,-0.4862;2.8304,-0.2979,0.1159;2.5442,0.0963,1.1005;1.9585,-1.3797,-0.4622;2.4318,-1.7721,-1.3783;1.9122,-2.2252,0.2512;0.5163,-0.9426,-0.7912;0.0167,-1.7737,-1.3216;0.5501,-0.1009,-1.5067;-0.3356,-0.5488,0.4206;0.1265,0.3083,0.9433;-0.3374,-1.3810,1.1501;-1.7815,-0.1912,0.0592;-2.2416,-1.0483,-0.4648;-1.7793,0.6404,-0.6708;-2.6378,0.2044,1.2684;-2.1428,1.0433,1.7907;-2.6525,-0.6316,1.9935;-4.0813,0.6133,0.9377;-4.5445,1.0412,1.8459;-4.0586,1.4339,0.1976;-4.9736,-0.5275,0.4290;-4.9364,-1.3540,1.1627;-4.5611,-0.9407,-0.5098;-6.4425,-0.1411,0.1959;-7.0197,-1.0610,-0.0056;-6.8603,0.2753,1.1316;-6.6737,0.8482,-0.9503;-6.2781,0.4546,-1.9027;-7.7482,1.0468,-1.0951;-6.1849,1.8188,-0.7661;4.7770,1.3035,0.0930;4.8206,2.1583,-0.6094;4.3801,1.6774,1.0470;6.2190,0.8871,0.3437;6.8332,1.0841,1.3616;6.7525,0.2781,-0.7350;8.1091,-0.1501,-0.6123;8.2172,-0.8792,0.2056;8.7730,0.7033,-0.4044;8.3729,-0.6131,-1.5717;</g>
	</geometry>
	<conformers/>
	<properties/>
</molecule>
