<?xml version="1.0" ?>
<!--MOLLI PACKAGE EXPERIMENTAL XML FORMAT-->
<molecule name="react_502">
	<atoms>
		<a id="1" s="H" t="H" l="H"/>
		<a id="2" s="C" t="C.2" l="C"/>
		<a id="3" s="H" t="H" l="H"/>
		<a id="4" s="C" t="C.2" l="C"/>
		<a id="5" s="H" t="H" l="H"/>
		<a id="6" s="C" t="C.3" l="C"/>
		<a id="7" s="H" t="H" l="H"/>
		<a id="8" s="H" t="H" l="H"/>
		<a id="9" s="O" t="O.3" l="O"/>
		<a id="10" s="C" t="C.ar" l="C"/>
		<a id="11" s="C" t="C.ar" l="C"/>
		<a id="12" s="H" t="H" l="H"/>
		<a id="13" s="C" t="C.ar" l="C"/>
		<a id="14" s="H" t="H" l="H"/>
		<a id="15" s="C" t="C.ar" l="C"/>
		<a id="16" s="N" t="N.pl3" l="N"/>
		<a id="17" s="O" t="O.2" l="O"/>
		<a id="18" s="O" t="O.2" l="O"/>
		<a id="19" s="C" t="C.ar" l="C"/>
		<a id="20" s="H" t="H" l="H"/>
		<a id="21" s="C" t="C.ar" l="C"/>
		<a id="22" s="H" t="H" l="H"/>
	</atoms>
	<bonds>
		<b id="1" c="20 19" t="1"/>
		<b id="2" c="22 21" t="1"/>
		<b id="3" c="3 2" t="1"/>
		<b id="4" c="19 21" t="ar"/>
		<b id="5" c="19 15" t="ar"/>
		<b id="6" c="21 10" t="ar"/>
		<b id="7" c="17 16" t="2"/>
		<b id="8" c="1 2" t="1"/>
		<b id="9" c="2 4" t="2"/>
		<b id="10" c="9 10" t="1"/>
		<b id="11" c="9 6" t="1"/>
		<b id="12" c="16 15" t="1"/>
		<b id="13" c="16 18" t="2"/>
		<b id="14" c="15 13" t="ar"/>
		<b id="15" c="10 11" t="ar"/>
		<b id="16" c="7 6" t="1"/>
		<b id="17" c="4 6" t="1"/>
		<b id="18" c="4 5" t="1"/>
		<b id="19" c="6 8" t="1"/>
		<b id="20" c="13 11" t="ar"/>
		<b id="21" c="13 14" t="1"/>
		<b id="22" c="11 12" t="1"/>
	</bonds>
	<geometry>
		<g u="A" t="cart/3d">#22,3:5.1942,0.6413,-0.4758;4.1117,0.5183,-0.3871;3.4737,1.2603,-0.8728;3.5926,-0.5057,0.2922;4.2501,-1.2407,0.7725;2.1311,-0.7826,0.4849;1.8846,-1.7870,0.0853;1.8936,-0.8062,1.5676;1.3513,0.2058,-0.1637;0.0053,0.1487,-0.1167;-0.7249,-0.8563,0.5464;-0.2203,-1.6655,1.0737;-2.1195,-0.8235,0.5329;-2.7076,-1.5901,1.0377;-2.7786,0.2064,-0.1363;-4.2486,0.2344,-0.1453;-4.7938,1.1588,-0.7301;-4.8370,-0.6680,0.4325;-2.0673,1.2143,-0.7998;-2.6161,2.0042,-1.3125;-0.6807,1.1824,-0.7887;-0.0940,1.9508,-1.2958;</g>
	</geometry>
	<conformers/>
	<properties/>
</molecule>
