<?xml version="1.0" ?>
<!--MOLLI PACKAGE EXPERIMENTAL XML FORMAT-->
<molecule name="react_192">
	<atoms>
		<a id="1" s="H" t="H" l="H"/>
		<a id="2" s="C" t="C.2" l="C"/>
		<a id="3" s="H" t="H" l="H"/>
		<a id="4" s="C" t="C.2" l="C"/>
		<a id="5" s="H" t="H" l="H"/>
		<a id="6" s="Si" t="Si" l="SI"/>
		<a id="7" s="C" t="C.3" l="C"/>
		<a id="8" s="H" t="H" l="H"/>
		<a id="9" s="H" t="H" l="H"/>
		<a id="10" s="C" t="C.3" l="C"/>
		<a id="11" s="H" t="H" l="H"/>
		<a id="12" s="H" t="H" l="H"/>
		<a id="13" s="H" t="H" l="H"/>
		<a id="14" s="C" t="C.3" l="C"/>
		<a id="15" s="H" t="H" l="H"/>
		<a id="16" s="H" t="H" l="H"/>
		<a id="17" s="C" t="C.3" l="C"/>
		<a id="18" s="H" t="H" l="H"/>
		<a id="19" s="H" t="H" l="H"/>
		<a id="20" s="H" t="H" l="H"/>
		<a id="21" s="C" t="C.3" l="C"/>
		<a id="22" s="H" t="H" l="H"/>
		<a id="23" s="H" t="H" l="H"/>
		<a id="24" s="C" t="C.3" l="C"/>
		<a id="25" s="H" t="H" l="H"/>
		<a id="26" s="H" t="H" l="H"/>
		<a id="27" s="H" t="H" l="H"/>
	</atoms>
	<bonds>
		<b id="1" c="20 17" t="1"/>
		<b id="2" c="19 17" t="1"/>
		<b id="3" c="18 17" t="1"/>
		<b id="4" c="17 14" t="1"/>
		<b id="5" c="22 21" t="1"/>
		<b id="6" c="26 24" t="1"/>
		<b id="7" c="25 24" t="1"/>
		<b id="8" c="8 7" t="1"/>
		<b id="9" c="24 21" t="1"/>
		<b id="10" c="24 27" t="1"/>
		<b id="11" c="14 15" t="1"/>
		<b id="12" c="14 16" t="1"/>
		<b id="13" c="14 6" t="1"/>
		<b id="14" c="21 23" t="1"/>
		<b id="15" c="21 6" t="1"/>
		<b id="16" c="7 6" t="1"/>
		<b id="17" c="7 9" t="1"/>
		<b id="18" c="7 10" t="1"/>
		<b id="19" c="6 4" t="1"/>
		<b id="20" c="11 10" t="1"/>
		<b id="21" c="12 10" t="1"/>
		<b id="22" c="10 13" t="1"/>
		<b id="23" c="4 2" t="2"/>
		<b id="24" c="4 5" t="1"/>
		<b id="25" c="3 2" t="1"/>
		<b id="26" c="2 1" t="1"/>
	</bonds>
	<geometry>
		<g u="A" t="cart/3d">#27,3:1.2248,-1.3640,3.6099;1.2316,-1.0440,2.5605;2.1703,-1.2159,2.0204;0.1645,-0.4786,1.9762;-0.7319,-0.3521,2.6030;0.0512,0.1110,0.1845;-0.3208,1.9801,0.1589;-0.3758,2.2979,-0.8989;0.5623,2.4979,0.5770;-1.5887,2.4303,0.9015;-2.4968,1.9647,0.4833;-1.7302,3.5229,0.8433;-1.5504,2.1659,1.9714;1.7047,-0.2244,-0.6951;1.9330,-1.3015,-0.5974;2.4991,0.2958,-0.1286;1.7668,0.1875,-2.1748;1.5936,1.2685,-2.3074;2.7498,-0.0393,-2.6212;1.0083,-0.3382,-2.7789;-1.3770,-0.8195,-0.6687;-1.5250,-0.3751,-1.6707;-2.3040,-0.5927,-0.1105;-1.2012,-2.3413,-0.7863;-2.0780,-2.8215,-1.2529;-0.3233,-2.6046,-1.3998;-1.0565,-2.8097,0.2015;</g>
	</geometry>
	<conformers/>
	<properties/>
</molecule>
