<?xml version="1.0" ?>
<!--MOLLI PACKAGE EXPERIMENTAL XML FORMAT-->
<molecule name="react_504">
	<atoms>
		<a id="1" s="H" t="H" l="H"/>
		<a id="2" s="C" t="C.2" l="C"/>
		<a id="3" s="C" t="C.2" l="C"/>
		<a id="4" s="H" t="H" l="H"/>
		<a id="5" s="C" t="C.3" l="C"/>
		<a id="6" s="H" t="H" l="H"/>
		<a id="7" s="H" t="H" l="H"/>
		<a id="8" s="H" t="H" l="H"/>
		<a id="9" s="C" t="C.ar" l="C"/>
		<a id="10" s="C" t="C.ar" l="C"/>
		<a id="11" s="H" t="H" l="H"/>
		<a id="12" s="N" t="N.ar" l="N"/>
		<a id="13" s="C" t="C.ar" l="C"/>
		<a id="14" s="C" t="C.2" l="C"/>
		<a id="15" s="O" t="O.2" l="O"/>
		<a id="16" s="O" t="O.3" l="O"/>
		<a id="17" s="C" t="C.3" l="C"/>
		<a id="18" s="H" t="H" l="H"/>
		<a id="19" s="H" t="H" l="H"/>
		<a id="20" s="H" t="H" l="H"/>
		<a id="21" s="C" t="C.ar" l="C"/>
		<a id="22" s="H" t="H" l="H"/>
		<a id="23" s="C" t="C.ar" l="C"/>
		<a id="24" s="H" t="H" l="H"/>
	</atoms>
	<bonds>
		<b id="1" c="11 10" t="1"/>
		<b id="2" c="4 3" t="1"/>
		<b id="3" c="15 14" t="2"/>
		<b id="4" c="6 5" t="1"/>
		<b id="5" c="12 10" t="ar"/>
		<b id="6" c="12 13" t="ar"/>
		<b id="7" c="10 9" t="ar"/>
		<b id="8" c="3 5" t="1"/>
		<b id="9" c="3 2" t="2"/>
		<b id="10" c="18 17" t="1"/>
		<b id="11" c="14 13" t="1"/>
		<b id="12" c="14 16" t="1"/>
		<b id="13" c="5 8" t="1"/>
		<b id="14" c="5 7" t="1"/>
		<b id="15" c="13 21" t="ar"/>
		<b id="16" c="9 2" t="1"/>
		<b id="17" c="9 23" t="ar"/>
		<b id="18" c="2 1" t="1"/>
		<b id="19" c="20 17" t="1"/>
		<b id="20" c="17 16" t="1"/>
		<b id="21" c="17 19" t="1"/>
		<b id="22" c="21 23" t="ar"/>
		<b id="23" c="21 22" t="1"/>
		<b id="24" c="23 24" t="1"/>
	</bonds>
	<geometry>
		<g u="A" t="cart/3d">#24,3:-2.9300,-0.7830,1.4966;-2.6104,-0.2066,0.6189;-3.5648,0.3178,-0.1715;-3.2733,0.9039,-1.0516;-5.0374,0.1696,0.0544;-5.5247,-0.3161,-0.8102;-5.2583,-0.4266,0.9532;-5.5230,1.1558,0.1661;-1.1550,-0.0959,0.4540;-0.5306,0.5585,-0.6353;-1.1419,1.0138,-1.4234;0.7803,0.6673,-0.7881;1.5860,0.1284,0.1373;3.0629,0.2948,-0.1016;3.5580,0.8540,-1.0455;3.7899,-0.2690,0.8910;5.2060,-0.1662,0.7611;5.5529,-0.6613,-0.1594;5.6334,-0.6603,1.6430;5.5210,0.8883,0.7237;1.0877,-0.5497,1.2590;1.7746,-0.9769,1.9896;-0.2928,-0.6590,1.4107;-0.7105,-1.1816,2.2764;</g>
	</geometry>
	<conformers/>
	<properties/>
</molecule>
