<?xml version="1.0" ?>
<!--MOLLI PACKAGE EXPERIMENTAL XML FORMAT-->
<molecule name="react_506">
	<atoms>
		<a id="1" s="H" t="H" l="H"/>
		<a id="2" s="C" t="C.2" l="C"/>
		<a id="3" s="C" t="C.2" l="C"/>
		<a id="4" s="O" t="O.2" l="O"/>
		<a id="5" s="O" t="O.3" l="O"/>
		<a id="6" s="C" t="C.3" l="C"/>
		<a id="7" s="H" t="H" l="H"/>
		<a id="8" s="H" t="H" l="H"/>
		<a id="9" s="C" t="C.ar" l="C"/>
		<a id="10" s="C" t="C.ar" l="C"/>
		<a id="11" s="H" t="H" l="H"/>
		<a id="12" s="C" t="C.ar" l="C"/>
		<a id="13" s="H" t="H" l="H"/>
		<a id="14" s="C" t="C.ar" l="C"/>
		<a id="15" s="H" t="H" l="H"/>
		<a id="16" s="C" t="C.ar" l="C"/>
		<a id="17" s="H" t="H" l="H"/>
		<a id="18" s="C" t="C.ar" l="C"/>
		<a id="19" s="H" t="H" l="H"/>
		<a id="20" s="C" t="C.2" l="C"/>
		<a id="21" s="H" t="H" l="H"/>
		<a id="22" s="C" t="C.3" l="C"/>
		<a id="23" s="H" t="H" l="H"/>
		<a id="24" s="H" t="H" l="H"/>
		<a id="25" s="C" t="C.3" l="C"/>
		<a id="26" s="H" t="H" l="H"/>
		<a id="27" s="H" t="H" l="H"/>
		<a id="28" s="N" t="N.am" l="N"/>
		<a id="29" s="H" t="H" l="H"/>
		<a id="30" s="C" t="C.2" l="C"/>
		<a id="31" s="O" t="O.2" l="O"/>
		<a id="32" s="O" t="O.3" l="O"/>
		<a id="33" s="C" t="C.3" l="C"/>
		<a id="34" s="C" t="C.3" l="C"/>
		<a id="35" s="H" t="H" l="H"/>
		<a id="36" s="H" t="H" l="H"/>
		<a id="37" s="H" t="H" l="H"/>
		<a id="38" s="C" t="C.3" l="C"/>
		<a id="39" s="H" t="H" l="H"/>
		<a id="40" s="H" t="H" l="H"/>
		<a id="41" s="H" t="H" l="H"/>
		<a id="42" s="C" t="C.3" l="C"/>
		<a id="43" s="H" t="H" l="H"/>
		<a id="44" s="H" t="H" l="H"/>
		<a id="45" s="H" t="H" l="H"/>
	</atoms>
	<bonds>
		<b id="1" c="11 10" t="1"/>
		<b id="2" c="36 34" t="1"/>
		<b id="3" c="37 34" t="1"/>
		<b id="4" c="13 12" t="1"/>
		<b id="5" c="35 34" t="1"/>
		<b id="6" c="34 33" t="1"/>
		<b id="7" c="8 6" t="1"/>
		<b id="8" c="10 12" t="ar"/>
		<b id="9" c="10 9" t="ar"/>
		<b id="10" c="24 22" t="1"/>
		<b id="11" c="12 14" t="ar"/>
		<b id="12" c="4 3" t="2"/>
		<b id="13" c="21 20" t="1"/>
		<b id="14" c="31 30" t="2"/>
		<b id="15" c="6 5" t="1"/>
		<b id="16" c="6 9" t="1"/>
		<b id="17" c="6 7" t="1"/>
		<b id="18" c="3 5" t="1"/>
		<b id="19" c="3 2" t="1"/>
		<b id="20" c="20 2" t="2"/>
		<b id="21" c="20 22" t="1"/>
		<b id="22" c="2 1" t="1"/>
		<b id="23" c="9 18" t="ar"/>
		<b id="24" c="45 42" t="1"/>
		<b id="25" c="22 23" t="1"/>
		<b id="26" c="22 25" t="1"/>
		<b id="27" c="43 42" t="1"/>
		<b id="28" c="33 42" t="1"/>
		<b id="29" c="33 32" t="1"/>
		<b id="30" c="33 38" t="1"/>
		<b id="31" c="14 15" t="1"/>
		<b id="32" c="14 16" t="ar"/>
		<b id="33" c="41 38" t="1"/>
		<b id="34" c="42 44" t="1"/>
		<b id="35" c="30 32" t="1"/>
		<b id="36" c="30 28" t="am"/>
		<b id="37" c="39 38" t="1"/>
		<b id="38" c="38 40" t="1"/>
		<b id="39" c="26 25" t="1"/>
		<b id="40" c="25 28" t="1"/>
		<b id="41" c="25 27" t="1"/>
		<b id="42" c="18 16" t="ar"/>
		<b id="43" c="18 19" t="1"/>
		<b id="44" c="28 29" t="1"/>
		<b id="45" c="16 17" t="1"/>
	</bonds>
	<geometry>
		<g u="A" t="cart/3d">#45,3:1.8786,0.8087,0.1582;1.7547,-0.2575,-0.0534;2.9948,-1.0530,-0.2383;3.0482,-2.2390,-0.4765;4.0908,-0.2747,-0.1043;5.3625,-0.9330,-0.2672;5.4272,-1.7678,0.4483;5.4096,-1.3679,-1.2786;6.4559,0.0772,-0.0432;6.8999,0.8944,-1.0942;6.4605,0.7773,-2.0892;7.8956,1.8513,-0.8813;8.2337,2.4796,-1.7098;8.4612,2.0026,0.3892;9.2431,2.7485,0.5562;8.0267,1.1935,1.4436;8.4673,1.3051,2.4381;7.0294,0.2385,1.2269;6.6910,-0.3936,2.0533;0.5456,-0.8308,-0.1542;0.5215,-1.9071,-0.3706;-0.7686,-0.1355,0.0130;-0.6203,0.9432,0.1890;-1.3545,-0.2443,-0.9175;-1.6177,-0.7418,1.1527;-1.7669,-1.8156,0.9591;-1.0824,-0.6503,2.1113;-2.9208,-0.1264,1.2987;-3.0490,0.6588,1.9251;-3.9800,-0.4936,0.5169;-3.9317,-1.3761,-0.3184;-5.0595,0.2589,0.8232;-6.3534,0.0584,0.1646;-6.2263,0.3268,-1.3390;-5.8117,1.3322,-1.5155;-5.5740,-0.4148,-1.8178;-7.2208,0.2814,-1.8108;-7.2415,1.1124,0.8299;-6.8397,2.1229,0.6577;-7.2962,0.9434,1.9165;-8.2614,1.0676,0.4179;-6.8762,-1.3528,0.4565;-7.8945,-1.4651,0.0513;-6.9210,-1.5269,1.5434;-6.2298,-2.1146,0.0018;</g>
	</geometry>
	<conformers/>
	<properties/>
</molecule>
