<?xml version="1.0" ?>
<!--MOLLI PACKAGE EXPERIMENTAL XML FORMAT-->
<molecule name="react_507">
	<atoms>
		<a id="1" s="H" t="H" l="H"/>
		<a id="2" s="C" t="C.2" l="C"/>
		<a id="3" s="C" t="C.2" l="C"/>
		<a id="4" s="C" t="C.3" l="C"/>
		<a id="5" s="H" t="H" l="H"/>
		<a id="6" s="H" t="H" l="H"/>
		<a id="7" s="H" t="H" l="H"/>
		<a id="8" s="C" t="C.3" l="C"/>
		<a id="9" s="H" t="H" l="H"/>
		<a id="10" s="H" t="H" l="H"/>
		<a id="11" s="O" t="O.3" l="O"/>
		<a id="12" s="C" t="C.3" l="C"/>
		<a id="13" s="H" t="H" l="H"/>
		<a id="14" s="H" t="H" l="H"/>
		<a id="15" s="H" t="H" l="H"/>
		<a id="16" s="C" t="C.ar" l="C"/>
		<a id="17" s="C" t="C.ar" l="C"/>
		<a id="18" s="H" t="H" l="H"/>
		<a id="19" s="C" t="C.ar" l="C"/>
		<a id="20" s="H" t="H" l="H"/>
		<a id="21" s="C" t="C.ar" l="C"/>
		<a id="22" s="H" t="H" l="H"/>
		<a id="23" s="C" t="C.ar" l="C"/>
		<a id="24" s="H" t="H" l="H"/>
		<a id="25" s="C" t="C.ar" l="C"/>
		<a id="26" s="H" t="H" l="H"/>
	</atoms>
	<bonds>
		<b id="1" c="6 4" t="1"/>
		<b id="2" c="7 4" t="1"/>
		<b id="3" c="5 4" t="1"/>
		<b id="4" c="4 3" t="1"/>
		<b id="5" c="26 25" t="1"/>
		<b id="6" c="24 23" t="1"/>
		<b id="7" c="10 8" t="1"/>
		<b id="8" c="25 23" t="ar"/>
		<b id="9" c="25 16" t="ar"/>
		<b id="10" c="23 21" t="ar"/>
		<b id="11" c="3 8" t="1"/>
		<b id="12" c="3 2" t="2"/>
		<b id="13" c="8 9" t="1"/>
		<b id="14" c="8 11" t="1"/>
		<b id="15" c="14 12" t="1"/>
		<b id="16" c="15 12" t="1"/>
		<b id="17" c="16 2" t="1"/>
		<b id="18" c="16 17" t="ar"/>
		<b id="19" c="2 1" t="1"/>
		<b id="20" c="21 22" t="1"/>
		<b id="21" c="21 19" t="ar"/>
		<b id="22" c="12 11" t="1"/>
		<b id="23" c="12 13" t="1"/>
		<b id="24" c="17 19" t="ar"/>
		<b id="25" c="17 18" t="1"/>
		<b id="26" c="19 20" t="1"/>
	</bonds>
	<geometry>
		<g u="A" t="cart/3d">#26,3:0.7968,0.0977,1.3642;0.3223,-0.1618,0.4112;1.1542,-0.6323,-0.5409;0.7569,-1.1760,-1.8886;-0.2949,-1.4909,-1.9225;0.9146,-0.4322,-2.6913;1.3818,-2.0488,-2.1494;2.6484,-0.7256,-0.2664;2.9127,-1.7908,-0.1210;3.2005,-0.3970,-1.1743;3.1067,-0.0375,0.8681;3.3692,1.3304,0.6602;3.7208,1.7492,1.6149;4.1610,1.4807,-0.1016;2.4708,1.8908,0.3391;-1.1421,0.0087,0.3840;-1.8599,-0.1355,1.5907;-1.3123,-0.3781,2.5062;-3.2463,0.0141,1.6345;-3.7760,-0.1135,2.5827;-3.9567,0.3313,0.4715;-5.0426,0.4536,0.5036;-3.2613,0.5063,-0.7287;-3.8026,0.7776,-1.6395;-1.8734,0.3504,-0.7729;-1.3487,0.5295,-1.7127;</g>
	</geometry>
	<conformers/>
	<properties/>
</molecule>
