<?xml version="1.0" ?>
<!--MOLLI PACKAGE EXPERIMENTAL XML FORMAT-->
<molecule name="react_508">
	<atoms>
		<a id="1" s="H" t="H" l="H"/>
		<a id="2" s="C" t="C.2" l="C"/>
		<a id="3" s="H" t="H" l="H"/>
		<a id="4" s="C" t="C.2" l="C"/>
		<a id="5" s="H" t="H" l="H"/>
		<a id="6" s="C" t="C.ar" l="C"/>
		<a id="7" s="N" t="N.ar" l="N"/>
		<a id="8" s="C" t="C.ar" l="C"/>
		<a id="9" s="C" t="C.2" l="C"/>
		<a id="10" s="O" t="O.2" l="O"/>
		<a id="11" s="O" t="O.3" l="O"/>
		<a id="12" s="C" t="C.3" l="C"/>
		<a id="13" s="H" t="H" l="H"/>
		<a id="14" s="H" t="H" l="H"/>
		<a id="15" s="H" t="H" l="H"/>
		<a id="16" s="C" t="C.ar" l="C"/>
		<a id="17" s="H" t="H" l="H"/>
		<a id="18" s="C" t="C.ar" l="C"/>
		<a id="19" s="C" t="C.ar" l="C"/>
		<a id="20" s="C" t="C.ar" l="C"/>
		<a id="21" s="H" t="H" l="H"/>
		<a id="22" s="C" t="C.ar" l="C"/>
		<a id="23" s="H" t="H" l="H"/>
		<a id="24" s="C" t="C.ar" l="C"/>
		<a id="25" s="H" t="H" l="H"/>
		<a id="26" s="C" t="C.ar" l="C"/>
		<a id="27" s="H" t="H" l="H"/>
		<a id="28" s="C" t="C.ar" l="C"/>
		<a id="29" s="N" t="N.ar" l="N"/>
		<a id="30" s="H" t="H" l="H"/>
		<a id="31" s="C" t="C.ar" l="C"/>
	</atoms>
	<bonds>
		<b id="1" c="13 12" t="1"/>
		<b id="2" c="14 12" t="1"/>
		<b id="3" c="12 11" t="1"/>
		<b id="4" c="12 15" t="1"/>
		<b id="5" c="11 9" t="1"/>
		<b id="6" c="10 9" t="2"/>
		<b id="7" c="9 8" t="1"/>
		<b id="8" c="17 16" t="1"/>
		<b id="9" c="8 16" t="ar"/>
		<b id="10" c="8 7" t="ar"/>
		<b id="11" c="16 18" t="ar"/>
		<b id="12" c="21 20" t="1"/>
		<b id="13" c="7 6" t="ar"/>
		<b id="14" c="18 19" t="ar"/>
		<b id="15" c="18 31" t="ar"/>
		<b id="16" c="1 2" t="1"/>
		<b id="17" c="20 19" t="ar"/>
		<b id="18" c="20 22" t="ar"/>
		<b id="19" c="6 31" t="ar"/>
		<b id="20" c="6 4" t="1"/>
		<b id="21" c="19 28" t="ar"/>
		<b id="22" c="23 22" t="1"/>
		<b id="23" c="31 29" t="ar"/>
		<b id="24" c="2 4" t="2"/>
		<b id="25" c="2 3" t="1"/>
		<b id="26" c="22 24" t="ar"/>
		<b id="27" c="4 5" t="1"/>
		<b id="28" c="28 29" t="ar"/>
		<b id="29" c="28 26" t="ar"/>
		<b id="30" c="29 30" t="1"/>
		<b id="31" c="24 26" t="ar"/>
		<b id="32" c="24 25" t="1"/>
		<b id="33" c="26 27" t="1"/>
	</bonds>
	<geometry>
		<g u="A" t="cart/3d">#31,3:3.0964,3.3065,-0.0649;2.1774,3.8778,0.0914;2.2466,4.9630,0.2006;0.9959,3.2466,0.1459;0.0834,3.8329,0.3034;0.8340,1.7871,0.0066;1.9167,1.0331,-0.1780;1.8246,-0.2969,-0.3090;3.1312,-1.0139,-0.5128;4.2151,-0.4912,-0.5675;2.9508,-2.3513,-0.6321;4.1307,-3.1241,-0.8327;4.6478,-2.8205,-1.7564;3.8056,-4.1700,-0.9056;4.8309,-3.0002,0.0084;0.6079,-0.9955,-0.2642;0.5891,-2.0793,-0.3760;-0.5550,-0.2450,-0.0741;-1.9690,-0.5566,0.0259;-2.7138,-1.7445,-0.0306;-2.2137,-2.7051,-0.1786;-4.0995,-1.6804,0.1042;-4.6926,-2.5970,0.0622;-4.7481,-0.4434,0.2948;-5.8362,-0.4190,0.3975;-4.0324,0.7521,0.3553;-4.5426,1.7071,0.5036;-2.6401,0.6831,0.2190;-1.6970,1.6994,0.2379;-1.9082,2.6801,0.3595;-0.4362,1.1654,0.0630;</g>
	</geometry>
	<conformers/>
	<properties/>
</molecule>
