<?xml version="1.0" ?>
<!--MOLLI PACKAGE EXPERIMENTAL XML FORMAT-->
<molecule name="react_509">
	<atoms>
		<a id="1" s="H" t="H" l="H"/>
		<a id="2" s="C" t="C.2" l="C"/>
		<a id="3" s="C" t="C.2" l="C"/>
		<a id="4" s="O" t="O.2" l="O"/>
		<a id="5" s="C" t="C.3" l="C"/>
		<a id="6" s="H" t="H" l="H"/>
		<a id="7" s="H" t="H" l="H"/>
		<a id="8" s="H" t="H" l="H"/>
		<a id="9" s="C" t="C.2" l="C"/>
		<a id="10" s="H" t="H" l="H"/>
		<a id="11" s="C" t="C.3" l="C"/>
		<a id="12" s="H" t="H" l="H"/>
		<a id="13" s="H" t="H" l="H"/>
		<a id="14" s="C" t="C.3" l="C"/>
		<a id="15" s="H" t="H" l="H"/>
		<a id="16" s="H" t="H" l="H"/>
		<a id="17" s="O" t="O.3" l="O"/>
		<a id="18" s="Si" t="Si" l="SI"/>
		<a id="19" s="C" t="C.3" l="C"/>
		<a id="20" s="H" t="H" l="H"/>
		<a id="21" s="H" t="H" l="H"/>
		<a id="22" s="H" t="H" l="H"/>
		<a id="23" s="C" t="C.3" l="C"/>
		<a id="24" s="H" t="H" l="H"/>
		<a id="25" s="H" t="H" l="H"/>
		<a id="26" s="H" t="H" l="H"/>
		<a id="27" s="C" t="C.3" l="C"/>
		<a id="28" s="C" t="C.3" l="C"/>
		<a id="29" s="H" t="H" l="H"/>
		<a id="30" s="H" t="H" l="H"/>
		<a id="31" s="H" t="H" l="H"/>
		<a id="32" s="C" t="C.3" l="C"/>
		<a id="33" s="H" t="H" l="H"/>
		<a id="34" s="H" t="H" l="H"/>
		<a id="35" s="H" t="H" l="H"/>
		<a id="36" s="C" t="C.3" l="C"/>
		<a id="37" s="H" t="H" l="H"/>
		<a id="38" s="H" t="H" l="H"/>
		<a id="39" s="H" t="H" l="H"/>
	</atoms>
	<bonds>
		<b id="1" c="22 19" t="1"/>
		<b id="2" c="16 14" t="1"/>
		<b id="3" c="13 11" t="1"/>
		<b id="4" c="15 14" t="1"/>
		<b id="5" c="24 23" t="1"/>
		<b id="6" c="19 20" t="1"/>
		<b id="7" c="19 21" t="1"/>
		<b id="8" c="19 18" t="1"/>
		<b id="9" c="14 11" t="1"/>
		<b id="10" c="14 17" t="1"/>
		<b id="11" c="11 12" t="1"/>
		<b id="12" c="11 9" t="1"/>
		<b id="13" c="1 2" t="1"/>
		<b id="14" c="23 26" t="1"/>
		<b id="15" c="23 18" t="1"/>
		<b id="16" c="23 25" t="1"/>
		<b id="17" c="17 18" t="1"/>
		<b id="18" c="18 27" t="1"/>
		<b id="19" c="8 5" t="1"/>
		<b id="20" c="2 9" t="2"/>
		<b id="21" c="2 3" t="1"/>
		<b id="22" c="9 10" t="1"/>
		<b id="23" c="6 5" t="1"/>
		<b id="24" c="5 3" t="1"/>
		<b id="25" c="5 7" t="1"/>
		<b id="26" c="31 28" t="1"/>
		<b id="27" c="34 32" t="1"/>
		<b id="28" c="3 4" t="2"/>
		<b id="29" c="27 28" t="1"/>
		<b id="30" c="27 32" t="1"/>
		<b id="31" c="27 36" t="1"/>
		<b id="32" c="30 28" t="1"/>
		<b id="33" c="33 32" t="1"/>
		<b id="34" c="28 29" t="1"/>
		<b id="35" c="32 35" t="1"/>
		<b id="36" c="39 36" t="1"/>
		<b id="37" c="38 36" t="1"/>
		<b id="38" c="36 37" t="1"/>
	</bonds>
	<geometry>
		<g u="A" t="cart/3d">#39,3:4.5254,-0.3677,-1.2411;3.9134,-0.1697,-0.3529;4.5257,0.6278,0.7518;3.9212,0.8905,1.7743;5.9523,1.0971,0.5279;6.6185,0.2325,0.3650;6.2974,1.6720,1.3972;6.0130,1.7218,-0.3800;2.6560,-0.6352,-0.2668;2.0967,-0.3994,0.6462;1.9443,-1.4377,-1.3101;1.7065,-2.4345,-0.8932;2.5874,-1.5938,-2.1927;0.6177,-0.8109,-1.7597;0.8146,0.1911,-2.1912;0.1890,-1.4342,-2.5697;-0.2663,-0.7302,-0.6683;-1.7722,0.0410,-0.6250;-2.8856,-0.7034,-1.9590;-3.8957,-0.2616,-1.9335;-2.9911,-1.7940,-1.8399;-2.4733,-0.5143,-2.9647;-1.5358,1.8834,-0.9677;-1.1425,2.0482,-1.9851;-0.8284,2.3403,-0.2569;-2.4905,2.4309,-0.8959;-2.4278,-0.2966,1.1415;-3.8152,0.3560,1.3200;-4.2012,0.1635,2.3377;-3.7802,1.4505,1.1886;-4.5593,-0.0432,0.6102;-2.5438,-1.8193,1.3633;-1.5733,-2.3223,1.2275;-3.2651,-2.2855,0.6713;-2.8928,-2.0323,2.3905;-1.4471,0.2925,2.1771;-1.8031,0.0865,3.2033;-1.3484,1.3865,2.0805;-0.4406,-0.1437,2.0794;</g>
	</geometry>
	<conformers/>
	<properties/>
</molecule>
