<?xml version="1.0" ?>
<!--MOLLI PACKAGE EXPERIMENTAL XML FORMAT-->
<molecule name="react_524">
	<atoms>
		<a id="1" s="H" t="H" l="H"/>
		<a id="2" s="C" t="C.2" l="C"/>
		<a id="3" s="C" t="C.2" l="C"/>
		<a id="4" s="H" t="H" l="H"/>
		<a id="5" s="C" t="C.3" l="C"/>
		<a id="6" s="H" t="H" l="H"/>
		<a id="7" s="H" t="H" l="H"/>
		<a id="8" s="C" t="C.3" l="C"/>
		<a id="9" s="H" t="H" l="H"/>
		<a id="10" s="H" t="H" l="H"/>
		<a id="11" s="C" t="C.3" l="C"/>
		<a id="12" s="H" t="H" l="H"/>
		<a id="13" s="H" t="H" l="H"/>
		<a id="14" s="C" t="C.3" l="C"/>
		<a id="15" s="H" t="H" l="H"/>
		<a id="16" s="H" t="H" l="H"/>
		<a id="17" s="C" t="C.3" l="C"/>
		<a id="18" s="H" t="H" l="H"/>
		<a id="19" s="H" t="H" l="H"/>
		<a id="20" s="C" t="C.3" l="C"/>
		<a id="21" s="H" t="H" l="H"/>
		<a id="22" s="H" t="H" l="H"/>
		<a id="23" s="H" t="H" l="H"/>
		<a id="24" s="C" t="C.ar" l="C"/>
		<a id="25" s="C" t="C.ar" l="C"/>
		<a id="26" s="O" t="O.3" l="O"/>
		<a id="27" s="C" t="C.3" l="C"/>
		<a id="28" s="H" t="H" l="H"/>
		<a id="29" s="H" t="H" l="H"/>
		<a id="30" s="C" t="C.ar" l="C"/>
		<a id="31" s="C" t="C.ar" l="C"/>
		<a id="32" s="H" t="H" l="H"/>
		<a id="33" s="C" t="C.ar" l="C"/>
		<a id="34" s="H" t="H" l="H"/>
		<a id="35" s="C" t="C.ar" l="C"/>
		<a id="36" s="H" t="H" l="H"/>
		<a id="37" s="C" t="C.ar" l="C"/>
		<a id="38" s="H" t="H" l="H"/>
		<a id="39" s="C" t="C.ar" l="C"/>
		<a id="40" s="H" t="H" l="H"/>
		<a id="41" s="C" t="C.ar" l="C"/>
		<a id="42" s="O" t="O.3" l="O"/>
		<a id="43" s="C" t="C.3" l="C"/>
		<a id="44" s="H" t="H" l="H"/>
		<a id="45" s="H" t="H" l="H"/>
		<a id="46" s="C" t="C.ar" l="C"/>
		<a id="47" s="C" t="C.ar" l="C"/>
		<a id="48" s="H" t="H" l="H"/>
		<a id="49" s="C" t="C.ar" l="C"/>
		<a id="50" s="H" t="H" l="H"/>
		<a id="51" s="C" t="C.ar" l="C"/>
		<a id="52" s="H" t="H" l="H"/>
		<a id="53" s="C" t="C.ar" l="C"/>
		<a id="54" s="H" t="H" l="H"/>
		<a id="55" s="C" t="C.ar" l="C"/>
		<a id="56" s="H" t="H" l="H"/>
		<a id="57" s="C" t="C.ar" l="C"/>
		<a id="58" s="O" t="O.3" l="O"/>
		<a id="59" s="C" t="C.3" l="C"/>
		<a id="60" s="H" t="H" l="H"/>
		<a id="61" s="H" t="H" l="H"/>
		<a id="62" s="C" t="C.ar" l="C"/>
		<a id="63" s="C" t="C.ar" l="C"/>
		<a id="64" s="H" t="H" l="H"/>
		<a id="65" s="C" t="C.ar" l="C"/>
		<a id="66" s="H" t="H" l="H"/>
		<a id="67" s="C" t="C.ar" l="C"/>
		<a id="68" s="H" t="H" l="H"/>
		<a id="69" s="C" t="C.ar" l="C"/>
		<a id="70" s="H" t="H" l="H"/>
		<a id="71" s="C" t="C.ar" l="C"/>
		<a id="72" s="H" t="H" l="H"/>
		<a id="73" s="C" t="C.ar" l="C"/>
		<a id="74" s="H" t="H" l="H"/>
		<a id="75" s="C" t="C.ar" l="C"/>
		<a id="76" s="C" t="C.2" l="C"/>
		<a id="77" s="O" t="O.2" l="O"/>
		<a id="78" s="O" t="O.3" l="O"/>
		<a id="79" s="C" t="C.3" l="C"/>
		<a id="80" s="H" t="H" l="H"/>
		<a id="81" s="H" t="H" l="H"/>
		<a id="82" s="H" t="H" l="H"/>
	</atoms>
	<bonds>
		<b id="1" c="81 79" t="1"/>
		<b id="2" c="22 20" t="1"/>
		<b id="3" c="77 76" t="2"/>
		<b id="4" c="21 20" t="1"/>
		<b id="5" c="79 82" t="1"/>
		<b id="6" c="79 78" t="1"/>
		<b id="7" c="79 80" t="1"/>
		<b id="8" c="1 2" t="1"/>
		<b id="9" c="28 27" t="1"/>
		<b id="10" c="20 23" t="1"/>
		<b id="11" c="20 17" t="1"/>
		<b id="12" c="76 78" t="1"/>
		<b id="13" c="76 75" t="1"/>
		<b id="14" c="7 5" t="1"/>
		<b id="15" c="60 59" t="1"/>
		<b id="16" c="19 17" t="1"/>
		<b id="17" c="29 27" t="1"/>
		<b id="18" c="74 73" t="1"/>
		<b id="19" c="75 73" t="ar"/>
		<b id="20" c="75 24" t="ar"/>
		<b id="21" c="2 24" t="1"/>
		<b id="22" c="2 3" t="2"/>
		<b id="23" c="6 5" t="1"/>
		<b id="24" c="72 71" t="1"/>
		<b id="25" c="16 14" t="1"/>
		<b id="26" c="32 31" t="1"/>
		<b id="27" c="73 57" t="ar"/>
		<b id="28" c="27 30" t="1"/>
		<b id="29" c="27 26" t="1"/>
		<b id="30" c="24 25" t="ar"/>
		<b id="31" c="5 3" t="1"/>
		<b id="32" c="5 8" t="1"/>
		<b id="33" c="17 14" t="1"/>
		<b id="34" c="17 18" t="1"/>
		<b id="35" c="59 61" t="1"/>
		<b id="36" c="59 58" t="1"/>
		<b id="37" c="59 62" t="1"/>
		<b id="38" c="31 30" t="ar"/>
		<b id="39" c="31 33" t="ar"/>
		<b id="40" c="3 4" t="1"/>
		<b id="41" c="57 58" t="1"/>
		<b id="42" c="57 41" t="ar"/>
		<b id="43" c="30 39" t="ar"/>
		<b id="44" c="25 41" t="ar"/>
		<b id="45" c="25 26" t="1"/>
		<b id="46" c="14 15" t="1"/>
		<b id="47" c="14 11" t="1"/>
		<b id="48" c="41 42" t="1"/>
		<b id="49" c="71 62" t="ar"/>
		<b id="50" c="71 69" t="ar"/>
		<b id="51" c="10 8" t="1"/>
		<b id="52" c="34 33" t="1"/>
		<b id="53" c="33 35" t="ar"/>
		<b id="54" c="8 11" t="1"/>
		<b id="55" c="8 9" t="1"/>
		<b id="56" c="39 40" t="1"/>
		<b id="57" c="39 37" t="ar"/>
		<b id="58" c="42 43" t="1"/>
		<b id="59" c="70 69" t="1"/>
		<b id="60" c="62 63" t="ar"/>
		<b id="61" c="11 12" t="1"/>
		<b id="62" c="11 13" t="1"/>
		<b id="63" c="35 37" t="ar"/>
		<b id="64" c="35 36" t="1"/>
		<b id="65" c="69 67" t="ar"/>
		<b id="66" c="48 47" t="1"/>
		<b id="67" c="37 38" t="1"/>
		<b id="68" c="50 49" t="1"/>
		<b id="69" c="47 49" t="ar"/>
		<b id="70" c="47 46" t="ar"/>
		<b id="71" c="43 45" t="1"/>
		<b id="72" c="43 46" t="1"/>
		<b id="73" c="43 44" t="1"/>
		<b id="74" c="63 64" t="1"/>
		<b id="75" c="63 65" t="ar"/>
		<b id="76" c="49 51" t="ar"/>
		<b id="77" c="67 65" t="ar"/>
		<b id="78" c="67 68" t="1"/>
		<b id="79" c="46 55" t="ar"/>
		<b id="80" c="65 66" t="1"/>
		<b id="81" c="51 52" t="1"/>
		<b id="82" c="51 53" t="ar"/>
		<b id="83" c="55 56" t="1"/>
		<b id="84" c="55 53" t="ar"/>
		<b id="85" c="53 54" t="1"/>
	</bonds>
	<geometry>
		<g u="A" t="cart/3d">#82,3:2.2370,0.5304,-2.2570;1.7858,0.0368,-1.3934;2.5507,-0.8277,-0.7009;2.1451,-1.3113,0.1928;3.9636,-1.1899,-1.0640;3.9972,-2.2633,-1.3352;4.2738,-0.6393,-1.9687;4.9740,-0.9718,0.0812;4.6666,-1.5926,0.9422;5.9548,-1.3692,-0.2335;5.1221,0.4804,0.5630;4.1494,0.8266,0.9538;5.8156,0.4911,1.4241;5.6127,1.4941,-0.4818;5.5982,2.4988,-0.0205;4.8897,1.5451,-1.3159;7.0164,1.2345,-1.0417;7.7340,1.1664,-0.2028;7.0473,0.2501,-1.5418;7.4815,2.3101,-2.0258;8.4944,2.1033,-2.4080;6.8064,2.3752,-2.8966;7.5026,3.3064,-1.5516;0.3924,0.4325,-1.0999;-0.5263,-0.4928,-0.5360;-0.1364,-1.7641,-0.2008;-0.4694,-2.7789,-1.1706;0.1628,-2.6361,-2.0645;-1.5251,-2.6624,-1.4635;-0.2417,-4.1389,-0.5649;0.9919,-4.7925,-0.7018;1.7914,-4.3160,-1.2767;1.2049,-6.0435,-0.1152;2.1704,-6.5434,-0.2319;0.1828,-6.6560,0.6170;0.3469,-7.6362,1.0732;-1.0512,-6.0125,0.7603;-1.8557,-6.4874,1.3283;-1.2604,-4.7618,0.1734;-2.2264,-4.2611,0.2837;-1.8696,-0.1641,-0.2954;-2.7259,-1.0976,0.2085;-2.6639,-1.3177,1.6219;-2.6269,-0.3372,2.1345;-1.7405,-1.8646,1.8781;-3.8853,-2.0876,2.0610;-5.1400,-1.8116,1.4947;-5.2062,-1.0616,0.7035;-6.2772,-2.4957,1.9306;-7.2491,-2.2757,1.4798;-6.1775,-3.4598,2.9404;-7.0689,-3.9938,3.2805;-4.9313,-3.7408,3.5076;-4.8431,-4.4975,4.2920;-3.7907,-3.0622,3.0649;-2.8150,-3.2955,3.5019;-2.3572,1.1200,-0.6177;-3.6694,1.3473,-0.3474;-4.2601,2.5912,-0.7024;-4.0000,2.8642,-1.7402;-5.3435,2.3885,-0.6804;-3.9331,3.7289,0.2461;-3.8746,3.5083,1.6309;-4.0246,2.4977,2.0193;-3.6213,4.5666,2.5068;-3.5744,4.3810,3.5834;-3.4302,5.8612,2.0107;-3.2317,6.6888,2.6970;-3.4880,6.0896,0.6332;-3.3312,7.0960,0.2358;-3.7333,5.0274,-0.2431;-3.7623,5.2114,-1.3216;-1.4781,2.0373,-1.1868;-1.7999,3.0432,-1.4476;-0.1269,1.7186,-1.4165;0.6458,2.8702,-1.9937;0.1180,3.8371,-2.4998;1.9838,2.7778,-1.8689;2.7346,3.8864,-2.3660;2.4555,4.8123,-1.8403;2.5549,4.0332,-3.4420;3.7888,3.6460,-2.1810;</g>
	</geometry>
	<conformers/>
	<properties/>
</molecule>
