<?xml version="1.0" ?>
<!--MOLLI PACKAGE EXPERIMENTAL XML FORMAT-->
<molecule name="react_551">
	<atoms>
		<a id="1" s="H" t="H" l="H"/>
		<a id="2" s="C" t="C.2" l="C"/>
		<a id="3" s="C" t="C.2" l="C"/>
		<a id="4" s="H" t="H" l="H"/>
		<a id="5" s="C" t="C.3" l="C"/>
		<a id="6" s="H" t="H" l="H"/>
		<a id="7" s="H" t="H" l="H"/>
		<a id="8" s="O" t="O.3" l="O"/>
		<a id="9" s="C" t="C.3" l="C"/>
		<a id="10" s="H" t="H" l="H"/>
		<a id="11" s="H" t="H" l="H"/>
		<a id="12" s="C" t="C.ar" l="C"/>
		<a id="13" s="C" t="C.ar" l="C"/>
		<a id="14" s="H" t="H" l="H"/>
		<a id="15" s="C" t="C.ar" l="C"/>
		<a id="16" s="H" t="H" l="H"/>
		<a id="17" s="C" t="C.ar" l="C"/>
		<a id="18" s="H" t="H" l="H"/>
		<a id="19" s="C" t="C.ar" l="C"/>
		<a id="20" s="H" t="H" l="H"/>
		<a id="21" s="C" t="C.ar" l="C"/>
		<a id="22" s="H" t="H" l="H"/>
		<a id="23" s="C" t="C.3" l="C"/>
		<a id="24" s="F" t="F" l="F"/>
		<a id="25" s="F" t="F" l="F"/>
		<a id="26" s="F" t="F" l="F"/>
	</atoms>
	<bonds>
		<b id="1" c="7 5" t="1"/>
		<b id="2" c="14 13" t="1"/>
		<b id="3" c="11 9" t="1"/>
		<b id="4" c="16 15" t="1"/>
		<b id="5" c="4 3" t="1"/>
		<b id="6" c="13 15" t="ar"/>
		<b id="7" c="13 12" t="ar"/>
		<b id="8" c="5 6" t="1"/>
		<b id="9" c="5 3" t="1"/>
		<b id="10" c="5 8" t="1"/>
		<b id="11" c="15 17" t="ar"/>
		<b id="12" c="3 2" t="2"/>
		<b id="13" c="9 12" t="1"/>
		<b id="14" c="9 8" t="1"/>
		<b id="15" c="9 10" t="1"/>
		<b id="16" c="24 23" t="1"/>
		<b id="17" c="12 21" t="ar"/>
		<b id="18" c="2 23" t="1"/>
		<b id="19" c="2 1" t="1"/>
		<b id="20" c="25 23" t="1"/>
		<b id="21" c="17 18" t="1"/>
		<b id="22" c="17 19" t="ar"/>
		<b id="23" c="23 26" t="1"/>
		<b id="24" c="21 19" t="ar"/>
		<b id="25" c="21 22" t="1"/>
		<b id="26" c="19 20" t="1"/>
	</bonds>
	<geometry>
		<g u="A" t="cart/3d">#26,3:2.9457,-0.7902,1.1516;3.2964,0.0240,0.5131;2.5106,0.5582,-0.4234;2.8871,1.3740,-1.0498;1.1105,0.1152,-0.7093;0.4278,0.9873,-0.6229;1.0512,-0.2087,-1.7726;0.7282,-0.9261,0.1509;-0.5054,-1.5398,-0.1630;-0.5399,-2.4501,0.4593;-0.5183,-1.8684,-1.2218;-1.7239,-0.6785,0.1189;-2.8037,-0.6460,-0.7741;-2.7524,-1.2191,-1.7054;-3.9453,0.1107,-0.4881;-4.7798,0.1247,-1.1945;-4.0138,0.8535,0.6937;-4.9032,1.4485,0.9180;-2.9360,0.8355,1.5868;-2.9830,1.4169,2.5118;-1.8003,0.0737,1.3025;-0.9559,0.0614,1.9970;4.6977,0.4793,0.7660;5.1028,1.4343,-0.0907;5.5670,-0.5460,0.6612;4.8355,0.9755,2.0126;</g>
	</geometry>
	<conformers/>
	<properties/>
</molecule>
