<?xml version="1.0" ?>
<!--MOLLI PACKAGE EXPERIMENTAL XML FORMAT-->
<molecule name="react_552">
	<atoms>
		<a id="1" s="H" t="H" l="H"/>
		<a id="2" s="C" t="C.2" l="C"/>
		<a id="3" s="H" t="H" l="H"/>
		<a id="4" s="C" t="C.2" l="C"/>
		<a id="5" s="H" t="H" l="H"/>
		<a id="6" s="C" t="C.2" l="C"/>
		<a id="7" s="O" t="O.2" l="O"/>
		<a id="8" s="O" t="O.3" l="O"/>
		<a id="9" s="C" t="C.3" l="C"/>
		<a id="10" s="H" t="H" l="H"/>
		<a id="11" s="H" t="H" l="H"/>
		<a id="12" s="C" t="C.3" l="C"/>
		<a id="13" s="H" t="H" l="H"/>
		<a id="14" s="H" t="H" l="H"/>
		<a id="15" s="H" t="H" l="H"/>
	</atoms>
	<bonds>
		<b id="1" c="10 9" t="1"/>
		<b id="2" c="14 12" t="1"/>
		<b id="3" c="7 6" t="2"/>
		<b id="4" c="9 12" t="1"/>
		<b id="5" c="9 8" t="1"/>
		<b id="6" c="9 11" t="1"/>
		<b id="7" c="13 12" t="1"/>
		<b id="8" c="6 8" t="1"/>
		<b id="9" c="6 4" t="1"/>
		<b id="10" c="12 15" t="1"/>
		<b id="11" c="1 2" t="1"/>
		<b id="12" c="4 2" t="2"/>
		<b id="13" c="4 5" t="1"/>
		<b id="14" c="2 3" t="1"/>
	</bonds>
	<geometry>
		<g u="A" t="cart/3d">#15,3:-3.3954,1.2136,0.1435;-3.2727,0.1301,0.2355;-4.1706,-0.4865,0.3282;-2.0492,-0.4089,0.2333;-1.8854,-1.4863,0.3236;-0.8358,0.4457,0.1077;-0.8320,1.6503,-0.0038;0.2843,-0.3033,0.1359;1.5332,0.3978,0.0279;1.5495,0.9554,-0.9235;1.5944,1.1460,0.8357;2.6524,-0.6200,0.1097;3.6277,-0.1142,0.0301;2.5775,-1.3563,-0.7059;2.6222,-1.1632,1.0673;</g>
	</geometry>
	<conformers/>
	<properties/>
</molecule>
