<?xml version="1.0" ?>
<!--MOLLI PACKAGE EXPERIMENTAL XML FORMAT-->
<molecule name="react_576">
	<atoms>
		<a id="1" s="H" t="H" l="H"/>
		<a id="2" s="O" t="O.3" l="O"/>
		<a id="3" s="C" t="C.3" l="C"/>
		<a id="4" s="H" t="H" l="H"/>
		<a id="5" s="H" t="H" l="H"/>
		<a id="6" s="C" t="C.2" l="C"/>
		<a id="7" s="H" t="H" l="H"/>
		<a id="8" s="C" t="C.2" l="C"/>
		<a id="9" s="H" t="H" l="H"/>
		<a id="10" s="C" t="C.3" l="C"/>
		<a id="11" s="H" t="H" l="H"/>
		<a id="12" s="H" t="H" l="H"/>
		<a id="13" s="O" t="O.3" l="O"/>
		<a id="14" s="C" t="C.3" l="C"/>
		<a id="15" s="H" t="H" l="H"/>
		<a id="16" s="H" t="H" l="H"/>
		<a id="17" s="C" t="C.ar" l="C"/>
		<a id="18" s="C" t="C.ar" l="C"/>
		<a id="19" s="H" t="H" l="H"/>
		<a id="20" s="C" t="C.ar" l="C"/>
		<a id="21" s="H" t="H" l="H"/>
		<a id="22" s="C" t="C.ar" l="C"/>
		<a id="23" s="H" t="H" l="H"/>
		<a id="24" s="C" t="C.ar" l="C"/>
		<a id="25" s="H" t="H" l="H"/>
		<a id="26" s="C" t="C.ar" l="C"/>
		<a id="27" s="H" t="H" l="H"/>
	</atoms>
	<bonds>
		<b id="1" c="12 10" t="1"/>
		<b id="2" c="9 8" t="1"/>
		<b id="3" c="27 26" t="1"/>
		<b id="4" c="8 10" t="1"/>
		<b id="5" c="8 6" t="2"/>
		<b id="6" c="25 24" t="1"/>
		<b id="7" c="10 13" t="1"/>
		<b id="8" c="10 11" t="1"/>
		<b id="9" c="13 14" t="1"/>
		<b id="10" c="7 6" t="1"/>
		<b id="11" c="6 3" t="1"/>
		<b id="12" c="26 24" t="ar"/>
		<b id="13" c="26 17" t="ar"/>
		<b id="14" c="24 22" t="ar"/>
		<b id="15" c="5 3" t="1"/>
		<b id="16" c="3 4" t="1"/>
		<b id="17" c="3 2" t="1"/>
		<b id="18" c="14 17" t="1"/>
		<b id="19" c="14 15" t="1"/>
		<b id="20" c="14 16" t="1"/>
		<b id="21" c="17 18" t="ar"/>
		<b id="22" c="22 23" t="1"/>
		<b id="23" c="22 20" t="ar"/>
		<b id="24" c="2 1" t="1"/>
		<b id="25" c="18 20" t="ar"/>
		<b id="26" c="18 19" t="1"/>
		<b id="27" c="20 21" t="1"/>
	</bonds>
	<geometry>
		<g u="A" t="cart/3d">#27,3:4.9697,-1.8181,1.6293;4.2075,-2.0967,1.1066;4.0045,-1.1485,0.0752;3.6985,-0.1621,0.4782;4.9419,-0.9766,-0.4985;2.9661,-1.6919,-0.8629;3.0974,-2.7575,-1.0870;1.9579,-1.0295,-1.4465;1.2976,-1.5789,-2.1291;1.6042,0.4285,-1.3051;2.1748,0.9063,-0.4834;1.8677,0.9633,-2.2346;0.2169,0.6391,-1.1353;-0.2880,0.2427,0.1177;-0.1342,-0.8427,0.2844;0.2671,0.7596,0.9321;-1.7609,0.5692,0.2298;-2.4937,0.0905,1.3278;-1.9978,-0.5312,2.0806;-3.8488,0.3970,1.4687;-4.4055,0.0159,2.3294;-4.4935,1.1848,0.5080;-5.5551,1.4237,0.6151;-3.7712,1.6603,-0.5894;-4.2679,2.2738,-1.3465;-2.4122,1.3564,-0.7283;-1.8430,1.7224,-1.5840;</g>
	</geometry>
	<conformers/>
	<properties/>
</molecule>
