<?xml version="1.0" ?>
<!--MOLLI PACKAGE EXPERIMENTAL XML FORMAT-->
<molecule name="react_578">
	<atoms>
		<a id="1" s="H" t="H" l="H"/>
		<a id="2" s="C" t="C.2" l="C"/>
		<a id="3" s="C" t="C.2" l="C"/>
		<a id="4" s="H" t="H" l="H"/>
		<a id="5" s="C" t="C.3" l="C"/>
		<a id="6" s="H" t="H" l="H"/>
		<a id="7" s="H" t="H" l="H"/>
		<a id="8" s="O" t="O.3" l="O"/>
		<a id="9" s="C" t="C.3" l="C"/>
		<a id="10" s="H" t="H" l="H"/>
		<a id="11" s="H" t="H" l="H"/>
		<a id="12" s="C" t="C.ar" l="C"/>
		<a id="13" s="C" t="C.ar" l="C"/>
		<a id="14" s="H" t="H" l="H"/>
		<a id="15" s="C" t="C.ar" l="C"/>
		<a id="16" s="H" t="H" l="H"/>
		<a id="17" s="C" t="C.ar" l="C"/>
		<a id="18" s="H" t="H" l="H"/>
		<a id="19" s="C" t="C.ar" l="C"/>
		<a id="20" s="H" t="H" l="H"/>
		<a id="21" s="C" t="C.ar" l="C"/>
		<a id="22" s="H" t="H" l="H"/>
		<a id="23" s="C" t="C.3" l="C"/>
		<a id="24" s="H" t="H" l="H"/>
		<a id="25" s="H" t="H" l="H"/>
		<a id="26" s="O" t="O.3" l="O"/>
		<a id="27" s="C" t="C.3" l="C"/>
		<a id="28" s="H" t="H" l="H"/>
		<a id="29" s="H" t="H" l="H"/>
		<a id="30" s="H" t="H" l="H"/>
	</atoms>
	<bonds>
		<b id="1" c="29 27" t="1"/>
		<b id="2" c="26 27" t="1"/>
		<b id="3" c="26 23" t="1"/>
		<b id="4" c="24 23" t="1"/>
		<b id="5" c="10 9" t="1"/>
		<b id="6" c="18 17" t="1"/>
		<b id="7" c="20 19" t="1"/>
		<b id="8" c="27 28" t="1"/>
		<b id="9" c="27 30" t="1"/>
		<b id="10" c="17 19" t="ar"/>
		<b id="11" c="17 15" t="ar"/>
		<b id="12" c="19 21" t="ar"/>
		<b id="13" c="7 5" t="1"/>
		<b id="14" c="16 15" t="1"/>
		<b id="15" c="15 13" t="ar"/>
		<b id="16" c="21 22" t="1"/>
		<b id="17" c="21 12" t="ar"/>
		<b id="18" c="23 25" t="1"/>
		<b id="19" c="23 2" t="1"/>
		<b id="20" c="13 12" t="ar"/>
		<b id="21" c="13 14" t="1"/>
		<b id="22" c="12 9" t="1"/>
		<b id="23" c="9 8" t="1"/>
		<b id="24" c="9 11" t="1"/>
		<b id="25" c="8 5" t="1"/>
		<b id="26" c="5 3" t="1"/>
		<b id="27" c="5 6" t="1"/>
		<b id="28" c="2 3" t="2"/>
		<b id="29" c="2 1" t="1"/>
		<b id="30" c="3 4" t="1"/>
	</bonds>
	<geometry>
		<g u="A" t="cart/3d">#30,3:3.6025,0.8791,1.6136;2.9941,0.1569,1.0564;1.7104,0.0208,1.4151;1.3209,0.6329,2.2368;0.6941,-0.9175,0.8332;0.5900,-1.8112,1.4895;1.0049,-1.2992,-0.1613;-0.5407,-0.2419,0.7455;-1.6029,-1.0401,0.2895;-1.3397,-1.5075,-0.6861;-1.7928,-1.8813,0.9903;-2.8589,-0.2139,0.1255;-4.1143,-0.8402,0.1068;-4.1823,-1.9233,0.2520;-5.2797,-0.0953,-0.0921;-6.2506,-0.5983,-0.1035;-5.2048,1.2905,-0.2666;-6.1159,1.8756,-0.4180;-3.9577,1.9220,-0.2403;-3.8908,3.0059,-0.3702;-2.7911,1.1755,-0.0478;-1.8153,1.6634,-0.0211;3.7223,-0.5866,-0.0334;3.0100,-1.0776,-0.7156;4.3456,-1.3938,0.4110;4.5248,0.2591,-0.8336;5.7850,0.5669,-0.2987;6.3874,-0.3457,-0.1076;6.3168,1.1872,-1.0357;5.7284,1.1372,0.6501;</g>
	</geometry>
	<conformers/>
	<properties/>
</molecule>
