<?xml version="1.0" ?>
<!--MOLLI PACKAGE EXPERIMENTAL XML FORMAT-->
<molecule name="react_201">
	<atoms>
		<a id="1" s="H" t="H" l="H"/>
		<a id="2" s="C" t="C.2" l="C"/>
		<a id="3" s="H" t="H" l="H"/>
		<a id="4" s="C" t="C.2" l="C"/>
		<a id="5" s="H" t="H" l="H"/>
		<a id="6" s="C" t="C.1" l="C"/>
		<a id="7" s="C" t="C.1" l="C"/>
		<a id="8" s="C" t="C.3" l="C"/>
		<a id="9" s="H" t="H" l="H"/>
		<a id="10" s="H" t="H" l="H"/>
		<a id="11" s="C" t="C.3" l="C"/>
		<a id="12" s="H" t="H" l="H"/>
		<a id="13" s="H" t="H" l="H"/>
		<a id="14" s="C" t="C.3" l="C"/>
		<a id="15" s="H" t="H" l="H"/>
		<a id="16" s="H" t="H" l="H"/>
		<a id="17" s="C" t="C.3" l="C"/>
		<a id="18" s="H" t="H" l="H"/>
		<a id="19" s="H" t="H" l="H"/>
		<a id="20" s="C" t="C.3" l="C"/>
		<a id="21" s="H" t="H" l="H"/>
		<a id="22" s="H" t="H" l="H"/>
		<a id="23" s="C" t="C.3" l="C"/>
		<a id="24" s="H" t="H" l="H"/>
		<a id="25" s="H" t="H" l="H"/>
		<a id="26" s="H" t="H" l="H"/>
	</atoms>
	<bonds>
		<b id="1" c="16 14" t="1"/>
		<b id="2" c="12 11" t="1"/>
		<b id="3" c="13 11" t="1"/>
		<b id="4" c="14 11" t="1"/>
		<b id="5" c="14 15" t="1"/>
		<b id="6" c="14 17" t="1"/>
		<b id="7" c="11 8" t="1"/>
		<b id="8" c="5 4" t="1"/>
		<b id="9" c="19 17" t="1"/>
		<b id="10" c="4 6" t="1"/>
		<b id="11" c="4 2" t="2"/>
		<b id="12" c="17 18" t="1"/>
		<b id="13" c="17 20" t="1"/>
		<b id="14" c="6 7" t="3"/>
		<b id="15" c="7 8" t="1"/>
		<b id="16" c="8 10" t="1"/>
		<b id="17" c="8 9" t="1"/>
		<b id="18" c="1 2" t="1"/>
		<b id="19" c="2 3" t="1"/>
		<b id="20" c="22 20" t="1"/>
		<b id="21" c="20 21" t="1"/>
		<b id="22" c="20 23" t="1"/>
		<b id="23" c="24 23" t="1"/>
		<b id="24" c="23 25" t="1"/>
		<b id="25" c="23 26" t="1"/>
	</bonds>
	<geometry>
		<g u="A" t="cart/3d">#26,3:-6.7795,0.1710,0.0770;-5.7325,0.4454,0.2295;-5.5174,1.2573,0.9298;-4.7500,-0.1991,-0.4248;-5.0171,-1.0081,-1.1177;-3.3560,0.0775,-0.2987;-2.1607,0.2912,-0.2087;-0.7238,0.5463,-0.1091;-0.3296,-0.0041,0.7635;-0.5588,1.6172,0.1124;0.0579,0.1561,-1.3814;-0.4286,0.6453,-2.2425;-0.0561,-0.9299,-1.5473;1.5502,0.5226,-1.3890;1.6636,1.6144,-1.2501;1.9200,0.3180,-2.4084;2.4593,-0.2180,-0.3877;2.1116,-1.2632,-0.2793;3.4718,-0.2927,-0.8242;2.6007,0.4235,1.0002;1.6158,0.5016,1.4911;2.9548,1.4637,0.8773;3.5610,-0.3363,1.9175;4.5707,-0.3993,1.4768;3.2152,-1.3691,2.0938;3.6571,0.1539,2.8999;</g>
	</geometry>
	<conformers/>
	<properties/>
</molecule>
