<?xml version="1.0" ?>
<!--MOLLI PACKAGE EXPERIMENTAL XML FORMAT-->
<molecule name="react_585">
	<atoms>
		<a id="1" s="H" t="H" l="H"/>
		<a id="2" s="C" t="C.2" l="C"/>
		<a id="3" s="C" t="C.2" l="C"/>
		<a id="4" s="H" t="H" l="H"/>
		<a id="5" s="C" t="C.3" l="C"/>
		<a id="6" s="H" t="H" l="H"/>
		<a id="7" s="H" t="H" l="H"/>
		<a id="8" s="C" t="C.3" l="C"/>
		<a id="9" s="H" t="H" l="H"/>
		<a id="10" s="H" t="H" l="H"/>
		<a id="11" s="C" t="C.3" l="C"/>
		<a id="12" s="H" t="H" l="H"/>
		<a id="13" s="H" t="H" l="H"/>
		<a id="14" s="C" t="C.3" l="C"/>
		<a id="15" s="H" t="H" l="H"/>
		<a id="16" s="H" t="H" l="H"/>
		<a id="17" s="H" t="H" l="H"/>
		<a id="18" s="C" t="C.3" l="C"/>
		<a id="19" s="H" t="H" l="H"/>
		<a id="20" s="H" t="H" l="H"/>
		<a id="21" s="N" t="N.am" l="N"/>
		<a id="22" s="H" t="H" l="H"/>
		<a id="23" s="C" t="C.2" l="C"/>
		<a id="24" s="O" t="O.2" l="O"/>
		<a id="25" s="C" t="C.3" l="C"/>
		<a id="26" s="Cl" t="Cl" l="CL"/>
		<a id="27" s="Cl" t="Cl" l="CL"/>
		<a id="28" s="Cl" t="Cl" l="CL"/>
	</atoms>
	<bonds>
		<b id="1" c="12 11" t="1"/>
		<b id="2" c="28 25" t="1"/>
		<b id="3" c="7 5" t="1"/>
		<b id="4" c="1 2" t="1"/>
		<b id="5" c="16 14" t="1"/>
		<b id="6" c="22 21" t="1"/>
		<b id="7" c="15 14" t="1"/>
		<b id="8" c="11 14" t="1"/>
		<b id="9" c="11 13" t="1"/>
		<b id="10" c="11 8" t="1"/>
		<b id="11" c="5 6" t="1"/>
		<b id="12" c="5 8" t="1"/>
		<b id="13" c="5 3" t="1"/>
		<b id="14" c="14 17" t="1"/>
		<b id="15" c="2 3" t="2"/>
		<b id="16" c="2 18" t="1"/>
		<b id="17" c="10 8" t="1"/>
		<b id="18" c="8 9" t="1"/>
		<b id="19" c="21 18" t="1"/>
		<b id="20" c="21 23" t="am"/>
		<b id="21" c="20 18" t="1"/>
		<b id="22" c="25 23" t="1"/>
		<b id="23" c="25 26" t="1"/>
		<b id="24" c="25 27" t="1"/>
		<b id="25" c="3 4" t="1"/>
		<b id="26" c="18 19" t="1"/>
		<b id="27" c="23 24" t="2"/>
	</bonds>
	<geometry>
		<g u="A" t="cart/3d">#28,3:0.7124,-1.2714,-1.3740;0.7380,-1.1062,-0.2880;-0.2276,-0.3832,0.2924;-0.1738,-0.2201,1.3780;-1.4025,0.2351,-0.4100;-1.3589,1.3302,-0.2635;-1.3239,0.0616,-1.4979;-2.7579,-0.2893,0.1004;-2.8296,-0.1108,1.1899;-2.7788,-1.3859,-0.0277;-3.9835,0.3208,-0.5959;-3.9069,0.1436,-1.6848;-4.8806,-0.2328,-0.2666;-4.1984,1.8141,-0.3345;-3.3672,2.4285,-0.7176;-5.1193,2.1742,-0.8214;-4.2919,2.0211,0.7455;1.9062,-1.7044,0.4555;1.7672,-1.5817,1.5389;1.9899,-2.7843,0.2449;3.1917,-1.0950,0.1112;3.6631,-1.3815,-0.7391;3.6614,-0.0161,0.7803;3.1324,0.4984,1.7390;5.0560,0.5056,0.2622;6.3137,-0.6697,0.7990;5.3952,2.1067,0.9314;5.0731,0.5927,-1.5478;</g>
	</geometry>
	<conformers/>
	<properties/>
</molecule>
