<?xml version="1.0" ?>
<!--MOLLI PACKAGE EXPERIMENTAL XML FORMAT-->
<molecule name="react_586">
	<atoms>
		<a id="1" s="H" t="H" l="H"/>
		<a id="2" s="C" t="C.2" l="C"/>
		<a id="3" s="C" t="C.2" l="C"/>
		<a id="4" s="H" t="H" l="H"/>
		<a id="5" s="C" t="C.3" l="C"/>
		<a id="6" s="H" t="H" l="H"/>
		<a id="7" s="H" t="H" l="H"/>
		<a id="8" s="N" t="N.am" l="N"/>
		<a id="9" s="C" t="C.2" l="C"/>
		<a id="10" s="O" t="O.2" l="O"/>
		<a id="11" s="O" t="O.3" l="O"/>
		<a id="12" s="C" t="C.3" l="C"/>
		<a id="13" s="C" t="C.3" l="C"/>
		<a id="14" s="H" t="H" l="H"/>
		<a id="15" s="H" t="H" l="H"/>
		<a id="16" s="H" t="H" l="H"/>
		<a id="17" s="C" t="C.3" l="C"/>
		<a id="18" s="H" t="H" l="H"/>
		<a id="19" s="H" t="H" l="H"/>
		<a id="20" s="H" t="H" l="H"/>
		<a id="21" s="C" t="C.3" l="C"/>
		<a id="22" s="H" t="H" l="H"/>
		<a id="23" s="H" t="H" l="H"/>
		<a id="24" s="H" t="H" l="H"/>
		<a id="25" s="C" t="C.2" l="C"/>
		<a id="26" s="O" t="O.2" l="O"/>
		<a id="27" s="O" t="O.3" l="O"/>
		<a id="28" s="C" t="C.3" l="C"/>
		<a id="29" s="C" t="C.3" l="C"/>
		<a id="30" s="H" t="H" l="H"/>
		<a id="31" s="H" t="H" l="H"/>
		<a id="32" s="H" t="H" l="H"/>
		<a id="33" s="C" t="C.3" l="C"/>
		<a id="34" s="H" t="H" l="H"/>
		<a id="35" s="H" t="H" l="H"/>
		<a id="36" s="H" t="H" l="H"/>
		<a id="37" s="C" t="C.3" l="C"/>
		<a id="38" s="H" t="H" l="H"/>
		<a id="39" s="H" t="H" l="H"/>
		<a id="40" s="H" t="H" l="H"/>
		<a id="41" s="C" t="C.ar" l="C"/>
		<a id="42" s="C" t="C.ar" l="C"/>
		<a id="43" s="H" t="H" l="H"/>
		<a id="44" s="C" t="C.ar" l="C"/>
		<a id="45" s="H" t="H" l="H"/>
		<a id="46" s="C" t="C.ar" l="C"/>
		<a id="47" s="H" t="H" l="H"/>
		<a id="48" s="C" t="C.ar" l="C"/>
		<a id="49" s="H" t="H" l="H"/>
		<a id="50" s="C" t="C.ar" l="C"/>
		<a id="51" s="H" t="H" l="H"/>
	</atoms>
	<bonds>
		<b id="1" c="19 17" t="1"/>
		<b id="2" c="6 5" t="1"/>
		<b id="3" c="4 3" t="1"/>
		<b id="4" c="18 17" t="1"/>
		<b id="5" c="7 5" t="1"/>
		<b id="6" c="17 20" t="1"/>
		<b id="7" c="17 12" t="1"/>
		<b id="8" c="5 3" t="1"/>
		<b id="9" c="5 8" t="1"/>
		<b id="10" c="43 42" t="1"/>
		<b id="11" c="14 13" t="1"/>
		<b id="12" c="38 37" t="1"/>
		<b id="13" c="36 33" t="1"/>
		<b id="14" c="3 2" t="2"/>
		<b id="15" c="11 12" t="1"/>
		<b id="16" c="11 9" t="1"/>
		<b id="17" c="45 44" t="1"/>
		<b id="18" c="12 13" t="1"/>
		<b id="19" c="12 21" t="1"/>
		<b id="20" c="13 15" t="1"/>
		<b id="21" c="13 16" t="1"/>
		<b id="22" c="42 44" t="ar"/>
		<b id="23" c="42 41" t="ar"/>
		<b id="24" c="8 9" t="am"/>
		<b id="25" c="8 25" t="am"/>
		<b id="26" c="37 40" t="1"/>
		<b id="27" c="37 39" t="1"/>
		<b id="28" c="37 28" t="1"/>
		<b id="29" c="33 34" t="1"/>
		<b id="30" c="33 35" t="1"/>
		<b id="31" c="33 28" t="1"/>
		<b id="32" c="27 25" t="1"/>
		<b id="33" c="27 28" t="1"/>
		<b id="34" c="44 46" t="ar"/>
		<b id="35" c="9 10" t="2"/>
		<b id="36" c="2 41" t="1"/>
		<b id="37" c="2 1" t="1"/>
		<b id="38" c="25 26" t="2"/>
		<b id="39" c="28 29" t="1"/>
		<b id="40" c="41 50" t="ar"/>
		<b id="41" c="24 21" t="1"/>
		<b id="42" c="21 23" t="1"/>
		<b id="43" c="21 22" t="1"/>
		<b id="44" c="46 47" t="1"/>
		<b id="45" c="46 48" t="ar"/>
		<b id="46" c="50 48" t="ar"/>
		<b id="47" c="50 51" t="1"/>
		<b id="48" c="29 30" t="1"/>
		<b id="49" c="29 32" t="1"/>
		<b id="50" c="29 31" t="1"/>
		<b id="51" c="48 49" t="1"/>
	</bonds>
	<geometry>
		<g u="A" t="cart/3d">#51,3:0.8254,-0.0627,0.8518;1.5343,-0.0471,0.0163;1.0436,0.1108,-1.2232;1.7224,0.1397,-2.0841;-0.4071,0.2691,-1.5945;-0.6709,-0.4788,-2.3561;-0.5573,1.2551,-2.0562;-1.3649,0.1423,-0.4866;-1.7474,-1.1373,-0.0211;-2.2770,-1.3538,1.0373;-1.4062,-2.0644,-0.9321;-1.5886,-3.5023,-0.6794;-3.0801,-3.8178,-0.5280;-3.6391,-3.4589,-1.4067;-3.2208,-4.9079,-0.4560;-3.4958,-3.3472,0.3721;-1.0227,-4.1413,-1.9493;0.0378,-3.8754,-2.0781;-1.5773,-3.7994,-2.8368;-1.1028,-5.2375,-1.8904;-0.7762,-3.9265,0.5486;-1.1738,-3.4740,1.4660;-0.8130,-5.0225,0.6524;0.2781,-3.6293,0.4323;-1.8730,1.2896,0.1636;-2.8454,1.3056,0.8718;-1.1122,2.3533,-0.1514;-1.4240,3.7035,0.3413;-1.3392,3.7308,1.8711;-0.3515,3.3775,2.2071;-2.1149,3.0998,2.3231;-1.4713,4.7645,2.2279;-2.7984,4.1476,-0.1703;-2.9690,5.2009,0.1033;-3.6015,3.5375,0.2623;-2.8440,4.0708,-1.2685;-0.3119,4.5524,-0.2784;-0.3556,4.5110,-1.3778;0.6762,4.1891,0.0422;-0.4178,5.6028,0.0338;2.9472,-0.1995,0.4067;4.0117,-0.2153,-0.5186;3.8066,-0.1154,-1.5872;5.3315,-0.3579,-0.0927;6.1393,-0.3666,-0.8299;5.6272,-0.4899,1.2701;6.6632,-0.6011,1.6010;4.5857,-0.4786,2.2015;4.8022,-0.5813,3.2684;3.2637,-0.3359,1.7728;2.4539,-0.3285,2.5085;</g>
	</geometry>
	<conformers/>
	<properties/>
</molecule>
