<?xml version="1.0" ?>
<!--MOLLI PACKAGE EXPERIMENTAL XML FORMAT-->
<molecule name="react_587">
	<atoms>
		<a id="1" s="H" t="H" l="H"/>
		<a id="2" s="C" t="C.2" l="C"/>
		<a id="3" s="C" t="C.2" l="C"/>
		<a id="4" s="H" t="H" l="H"/>
		<a id="5" s="C" t="C.3" l="C"/>
		<a id="6" s="H" t="H" l="H"/>
		<a id="7" s="H" t="H" l="H"/>
		<a id="8" s="N" t="N.am" l="N"/>
		<a id="9" s="C" t="C.2" l="C"/>
		<a id="10" s="O" t="O.2" l="O"/>
		<a id="11" s="O" t="O.3" l="O"/>
		<a id="12" s="C" t="C.3" l="C"/>
		<a id="13" s="H" t="H" l="H"/>
		<a id="14" s="H" t="H" l="H"/>
		<a id="15" s="C" t="C.ar" l="C"/>
		<a id="16" s="C" t="C.ar" l="C"/>
		<a id="17" s="H" t="H" l="H"/>
		<a id="18" s="C" t="C.ar" l="C"/>
		<a id="19" s="H" t="H" l="H"/>
		<a id="20" s="C" t="C.ar" l="C"/>
		<a id="21" s="H" t="H" l="H"/>
		<a id="22" s="C" t="C.ar" l="C"/>
		<a id="23" s="H" t="H" l="H"/>
		<a id="24" s="C" t="C.ar" l="C"/>
		<a id="25" s="H" t="H" l="H"/>
		<a id="26" s="C" t="C.2" l="C"/>
		<a id="27" s="O" t="O.2" l="O"/>
		<a id="28" s="O" t="O.3" l="O"/>
		<a id="29" s="C" t="C.3" l="C"/>
		<a id="30" s="H" t="H" l="H"/>
		<a id="31" s="H" t="H" l="H"/>
		<a id="32" s="C" t="C.ar" l="C"/>
		<a id="33" s="C" t="C.ar" l="C"/>
		<a id="34" s="H" t="H" l="H"/>
		<a id="35" s="C" t="C.ar" l="C"/>
		<a id="36" s="H" t="H" l="H"/>
		<a id="37" s="C" t="C.ar" l="C"/>
		<a id="38" s="H" t="H" l="H"/>
		<a id="39" s="C" t="C.ar" l="C"/>
		<a id="40" s="H" t="H" l="H"/>
		<a id="41" s="C" t="C.ar" l="C"/>
		<a id="42" s="H" t="H" l="H"/>
		<a id="43" s="C" t="C.ar" l="C"/>
		<a id="44" s="C" t="C.ar" l="C"/>
		<a id="45" s="H" t="H" l="H"/>
		<a id="46" s="C" t="C.ar" l="C"/>
		<a id="47" s="H" t="H" l="H"/>
		<a id="48" s="C" t="C.ar" l="C"/>
		<a id="49" s="H" t="H" l="H"/>
		<a id="50" s="C" t="C.ar" l="C"/>
		<a id="51" s="H" t="H" l="H"/>
		<a id="52" s="C" t="C.ar" l="C"/>
		<a id="53" s="H" t="H" l="H"/>
	</atoms>
	<bonds>
		<b id="1" c="6 5" t="1"/>
		<b id="2" c="7 5" t="1"/>
		<b id="3" c="4 3" t="1"/>
		<b id="4" c="5 3" t="1"/>
		<b id="5" c="5 8" t="1"/>
		<b id="6" c="3 2" t="2"/>
		<b id="7" c="27 26" t="2"/>
		<b id="8" c="45 44" t="1"/>
		<b id="9" c="8 9" t="am"/>
		<b id="10" c="8 26" t="am"/>
		<b id="11" c="10 9" t="2"/>
		<b id="12" c="9 11" t="1"/>
		<b id="13" c="13 12" t="1"/>
		<b id="14" c="26 28" t="1"/>
		<b id="15" c="11 12" t="1"/>
		<b id="16" c="44 46" t="ar"/>
		<b id="17" c="44 43" t="ar"/>
		<b id="18" c="2 43" t="1"/>
		<b id="19" c="2 1" t="1"/>
		<b id="20" c="47 46" t="1"/>
		<b id="21" c="30 29" t="1"/>
		<b id="22" c="12 14" t="1"/>
		<b id="23" c="12 15" t="1"/>
		<b id="24" c="25 24" t="1"/>
		<b id="25" c="28 29" t="1"/>
		<b id="26" c="42 41" t="1"/>
		<b id="27" c="46 48" t="ar"/>
		<b id="28" c="43 52" t="ar"/>
		<b id="29" c="29 31" t="1"/>
		<b id="30" c="29 32" t="1"/>
		<b id="31" c="24 15" t="ar"/>
		<b id="32" c="24 22" t="ar"/>
		<b id="33" c="15 16" t="ar"/>
		<b id="34" c="41 32" t="ar"/>
		<b id="35" c="41 39" t="ar"/>
		<b id="36" c="48 49" t="1"/>
		<b id="37" c="48 50" t="ar"/>
		<b id="38" c="32 33" t="ar"/>
		<b id="39" c="52 53" t="1"/>
		<b id="40" c="52 50" t="ar"/>
		<b id="41" c="23 22" t="1"/>
		<b id="42" c="22 20" t="ar"/>
		<b id="43" c="17 16" t="1"/>
		<b id="44" c="16 18" t="ar"/>
		<b id="45" c="40 39" t="1"/>
		<b id="46" c="39 37" t="ar"/>
		<b id="47" c="50 51" t="1"/>
		<b id="48" c="20 18" t="ar"/>
		<b id="49" c="20 21" t="1"/>
		<b id="50" c="18 19" t="1"/>
		<b id="51" c="33 34" t="1"/>
		<b id="52" c="33 35" t="ar"/>
		<b id="53" c="37 35" t="ar"/>
		<b id="54" c="37 38" t="1"/>
		<b id="55" c="35 36" t="1"/>
	</bonds>
	<geometry>
		<g u="A" t="cart/3d">#53,3:-0.9526,1.4369,-0.4957;-1.5983,1.9986,-1.1802;-1.3681,1.8922,-2.4981;-1.9911,2.4434,-3.2120;-0.3000,1.0587,-3.1553;-0.7644,0.3792,-3.8866;0.3961,1.7136,-3.6989;0.5018,0.2383,-2.2351;1.7740,0.7316,-1.9040;2.1240,1.8557,-2.1769;2.5599,-0.1824,-1.3252;3.8682,0.2568,-0.9293;4.5156,0.3163,-1.8198;3.7890,1.2787,-0.5226;4.4307,-0.7023,0.0900;3.6119,-1.2636,1.0827;2.5417,-1.0454,1.0772;4.1576,-2.1047,2.0557;3.5102,-2.5374,2.8238;5.5269,-2.3929,2.0537;5.9518,-3.0505,2.8168;6.3474,-1.8391,1.0673;7.4172,-2.0642,1.0529;5.8000,-1.0029,0.0889;6.4466,-0.5806,-0.6864;-0.0975,-0.9659,-1.8185;-1.0108,-1.4702,-2.4306;0.3977,-1.4320,-0.6698;-0.1333,-2.6860,-0.1738;-0.5178,-3.2623,-1.0260;0.7333,-3.2026,0.2605;-1.2045,-2.4608,0.8657;-0.9090,-2.5922,2.2307;0.1021,-2.8758,2.5388;-1.8931,-2.3691,3.1989;-1.6491,-2.4776,4.2592;-3.1854,-2.0062,2.8093;-3.9566,-1.8297,3.5640;-3.4901,-1.8717,1.4498;-4.5000,-1.5893,1.1405;-2.5083,-2.1006,0.4830;-2.7430,-1.9946,-0.5789;-2.6432,2.7974,-0.5158;-3.5983,3.5637,-1.2155;-3.5867,3.5840,-2.3079;-4.5678,4.2990,-0.5349;-5.2980,4.8843,-1.1008;-4.6118,4.2906,0.8651;-5.3735,4.8680,1.3960;-3.6743,3.5363,1.5754;-3.6975,3.5198,2.6686;-2.7042,2.7996,0.8917;-1.9760,2.2094,1.4556;</g>
	</geometry>
	<conformers/>
	<properties/>
</molecule>
