<?xml version="1.0" ?>
<!--MOLLI PACKAGE EXPERIMENTAL XML FORMAT-->
<molecule name="react_588">
	<atoms>
		<a id="1" s="H" t="H" l="H"/>
		<a id="2" s="C" t="C.2" l="C"/>
		<a id="3" s="C" t="C.2" l="C"/>
		<a id="4" s="H" t="H" l="H"/>
		<a id="5" s="C" t="C.3" l="C"/>
		<a id="6" s="H" t="H" l="H"/>
		<a id="7" s="H" t="H" l="H"/>
		<a id="8" s="C" t="C.3" l="C"/>
		<a id="9" s="H" t="H" l="H"/>
		<a id="10" s="H" t="H" l="H"/>
		<a id="11" s="C" t="C.3" l="C"/>
		<a id="12" s="H" t="H" l="H"/>
		<a id="13" s="H" t="H" l="H"/>
		<a id="14" s="H" t="H" l="H"/>
		<a id="15" s="C" t="C.3" l="C"/>
		<a id="16" s="H" t="H" l="H"/>
		<a id="17" s="H" t="H" l="H"/>
		<a id="18" s="N" t="N.am" l="N"/>
		<a id="19" s="C" t="C.2" l="C"/>
		<a id="20" s="O" t="O.2" l="O"/>
		<a id="21" s="O" t="O.3" l="O"/>
		<a id="22" s="C" t="C.3" l="C"/>
		<a id="23" s="C" t="C.3" l="C"/>
		<a id="24" s="H" t="H" l="H"/>
		<a id="25" s="H" t="H" l="H"/>
		<a id="26" s="H" t="H" l="H"/>
		<a id="27" s="C" t="C.3" l="C"/>
		<a id="28" s="H" t="H" l="H"/>
		<a id="29" s="H" t="H" l="H"/>
		<a id="30" s="H" t="H" l="H"/>
		<a id="31" s="C" t="C.3" l="C"/>
		<a id="32" s="H" t="H" l="H"/>
		<a id="33" s="H" t="H" l="H"/>
		<a id="34" s="H" t="H" l="H"/>
		<a id="35" s="C" t="C.2" l="C"/>
		<a id="36" s="O" t="O.2" l="O"/>
		<a id="37" s="O" t="O.3" l="O"/>
		<a id="38" s="C" t="C.3" l="C"/>
		<a id="39" s="C" t="C.3" l="C"/>
		<a id="40" s="H" t="H" l="H"/>
		<a id="41" s="H" t="H" l="H"/>
		<a id="42" s="H" t="H" l="H"/>
		<a id="43" s="C" t="C.3" l="C"/>
		<a id="44" s="H" t="H" l="H"/>
		<a id="45" s="H" t="H" l="H"/>
		<a id="46" s="H" t="H" l="H"/>
		<a id="47" s="C" t="C.3" l="C"/>
		<a id="48" s="H" t="H" l="H"/>
		<a id="49" s="H" t="H" l="H"/>
		<a id="50" s="H" t="H" l="H"/>
	</atoms>
	<bonds>
		<b id="1" c="30 27" t="1"/>
		<b id="2" c="28 27" t="1"/>
		<b id="3" c="17 15" t="1"/>
		<b id="4" c="49 47" t="1"/>
		<b id="5" c="29 27" t="1"/>
		<b id="6" c="27 22" t="1"/>
		<b id="7" c="20 19" t="2"/>
		<b id="8" c="45 43" t="1"/>
		<b id="9" c="16 15" t="1"/>
		<b id="10" c="13 11" t="1"/>
		<b id="11" c="15 18" t="1"/>
		<b id="12" c="15 2" t="1"/>
		<b id="13" c="19 18" t="am"/>
		<b id="14" c="19 21" t="1"/>
		<b id="15" c="4 3" t="1"/>
		<b id="16" c="18 35" t="am"/>
		<b id="17" c="47 48" t="1"/>
		<b id="18" c="47 50" t="1"/>
		<b id="19" c="47 38" t="1"/>
		<b id="20" c="37 35" t="1"/>
		<b id="21" c="37 38" t="1"/>
		<b id="22" c="43 46" t="1"/>
		<b id="23" c="43 38" t="1"/>
		<b id="24" c="43 44" t="1"/>
		<b id="25" c="12 11" t="1"/>
		<b id="26" c="24 23" t="1"/>
		<b id="27" c="35 36" t="2"/>
		<b id="28" c="22 21" t="1"/>
		<b id="29" c="22 23" t="1"/>
		<b id="30" c="22 31" t="1"/>
		<b id="31" c="11 14" t="1"/>
		<b id="32" c="11 8" t="1"/>
		<b id="33" c="38 39" t="1"/>
		<b id="34" c="2 3" t="2"/>
		<b id="35" c="2 1" t="1"/>
		<b id="36" c="3 5" t="1"/>
		<b id="37" c="23 25" t="1"/>
		<b id="38" c="23 26" t="1"/>
		<b id="39" c="32 31" t="1"/>
		<b id="40" c="10 8" t="1"/>
		<b id="41" c="31 33" t="1"/>
		<b id="42" c="31 34" t="1"/>
		<b id="43" c="8 5" t="1"/>
		<b id="44" c="8 9" t="1"/>
		<b id="45" c="5 6" t="1"/>
		<b id="46" c="5 7" t="1"/>
		<b id="47" c="39 42" t="1"/>
		<b id="48" c="39 40" t="1"/>
		<b id="49" c="39 41" t="1"/>
	</bonds>
	<geometry>
		<g u="A" t="cart/3d">#50,3:2.6684,0.2150,0.9476;2.5438,-0.4319,0.0700;3.0419,-1.6752,0.0721;2.8856,-2.2966,-0.8197;3.8146,-2.2951,1.2039;3.3109,-3.2314,1.5141;3.7843,-1.6199,2.0759;5.2859,-2.6231,0.8720;5.7786,-2.9668,1.7989;5.8011,-1.6907,0.5794;5.4778,-3.6802,-0.2181;6.5465,-3.9009,-0.3729;5.0682,-3.3532,-1.1877;4.9791,-4.6278,0.0497;1.8000,0.1751,-1.0882;2.2719,1.1219,-1.3842;1.7930,-0.5068,-1.9475;0.3857,0.4887,-0.7727;-0.5255,-0.5749,-0.9170;-0.2649,-1.5427,-1.5974;-1.6250,-0.4123,-0.1822;-2.7343,-1.3782,-0.2290;-2.2658,-2.7401,0.2955;-1.5164,-3.1862,-0.3703;-3.1282,-3.4216,0.3681;-1.8294,-2.6339,1.3013;-3.2930,-1.4640,-1.6532;-3.5647,-0.4609,-2.0182;-4.2018,-2.0863,-1.6567;-2.5622,-1.9065,-2.3423;-3.7620,-0.7607,0.7212;-4.0786,0.2299,0.3618;-4.6499,-1.4075,0.7907;-3.3358,-0.6437,1.7293;0.1327,1.7848,-0.2943;1.0260,2.4764,0.1472;-1.1334,2.1621,-0.4665;-1.6197,3.4709,-0.0023;-1.4407,3.5888,1.5146;-1.9220,4.5129,1.8716;-1.9173,2.7360,2.0232;-0.3785,3.6180,1.7901;-3.1034,3.4318,-0.3732;-3.6144,2.6103,0.1510;-3.2270,3.2817,-1.4566;-3.5884,4.3797,-0.0942;-0.9048,4.5944,-0.7615;0.1648,4.6207,-0.5185;-1.0199,4.4560,-1.8483;-1.3538,5.5637,-0.4926;</g>
	</geometry>
	<conformers/>
	<properties/>
</molecule>
