<?xml version="1.0" ?>
<!--MOLLI PACKAGE EXPERIMENTAL XML FORMAT-->
<molecule name="react_589">
	<atoms>
		<a id="1" s="H" t="H" l="H"/>
		<a id="2" s="C" t="C.2" l="C"/>
		<a id="3" s="C" t="C.2" l="C"/>
		<a id="4" s="H" t="H" l="H"/>
		<a id="5" s="C" t="C.3" l="C"/>
		<a id="6" s="H" t="H" l="H"/>
		<a id="7" s="H" t="H" l="H"/>
		<a id="8" s="N" t="N.am" l="N"/>
		<a id="9" s="C" t="C.2" l="C"/>
		<a id="10" s="O" t="O.2" l="O"/>
		<a id="11" s="O" t="O.3" l="O"/>
		<a id="12" s="C" t="C.3" l="C"/>
		<a id="13" s="C" t="C.3" l="C"/>
		<a id="14" s="H" t="H" l="H"/>
		<a id="15" s="H" t="H" l="H"/>
		<a id="16" s="H" t="H" l="H"/>
		<a id="17" s="C" t="C.3" l="C"/>
		<a id="18" s="H" t="H" l="H"/>
		<a id="19" s="H" t="H" l="H"/>
		<a id="20" s="H" t="H" l="H"/>
		<a id="21" s="C" t="C.3" l="C"/>
		<a id="22" s="H" t="H" l="H"/>
		<a id="23" s="H" t="H" l="H"/>
		<a id="24" s="H" t="H" l="H"/>
		<a id="25" s="C" t="C.2" l="C"/>
		<a id="26" s="O" t="O.2" l="O"/>
		<a id="27" s="O" t="O.3" l="O"/>
		<a id="28" s="C" t="C.3" l="C"/>
		<a id="29" s="C" t="C.3" l="C"/>
		<a id="30" s="H" t="H" l="H"/>
		<a id="31" s="H" t="H" l="H"/>
		<a id="32" s="H" t="H" l="H"/>
		<a id="33" s="C" t="C.3" l="C"/>
		<a id="34" s="H" t="H" l="H"/>
		<a id="35" s="H" t="H" l="H"/>
		<a id="36" s="H" t="H" l="H"/>
		<a id="37" s="C" t="C.3" l="C"/>
		<a id="38" s="H" t="H" l="H"/>
		<a id="39" s="H" t="H" l="H"/>
		<a id="40" s="H" t="H" l="H"/>
		<a id="41" s="C" t="C.3" l="C"/>
		<a id="42" s="H" t="H" l="H"/>
		<a id="43" s="H" t="H" l="H"/>
		<a id="44" s="Cl" t="Cl" l="CL"/>
	</atoms>
	<bonds>
		<b id="1" c="35 33" t="1"/>
		<b id="2" c="22 21" t="1"/>
		<b id="3" c="18 17" t="1"/>
		<b id="4" c="7 5" t="1"/>
		<b id="5" c="36 33" t="1"/>
		<b id="6" c="33 34" t="1"/>
		<b id="7" c="33 28" t="1"/>
		<b id="8" c="6 5" t="1"/>
		<b id="9" c="21 24" t="1"/>
		<b id="10" c="21 23" t="1"/>
		<b id="11" c="21 12" t="1"/>
		<b id="12" c="17 19" t="1"/>
		<b id="13" c="17 20" t="1"/>
		<b id="14" c="17 12" t="1"/>
		<b id="15" c="5 8" t="1"/>
		<b id="16" c="5 3" t="1"/>
		<b id="17" c="40 37" t="1"/>
		<b id="18" c="11 12" t="1"/>
		<b id="19" c="11 9" t="1"/>
		<b id="20" c="8 25" t="am"/>
		<b id="21" c="8 9" t="am"/>
		<b id="22" c="26 25" t="2"/>
		<b id="23" c="1 2" t="1"/>
		<b id="24" c="25 27" t="1"/>
		<b id="25" c="12 13" t="1"/>
		<b id="26" c="9 10" t="2"/>
		<b id="27" c="27 28" t="1"/>
		<b id="28" c="28 37" t="1"/>
		<b id="29" c="28 29" t="1"/>
		<b id="30" c="37 38" t="1"/>
		<b id="31" c="37 39" t="1"/>
		<b id="32" c="3 2" t="2"/>
		<b id="33" c="3 4" t="1"/>
		<b id="34" c="2 41" t="1"/>
		<b id="35" c="31 29" t="1"/>
		<b id="36" c="29 30" t="1"/>
		<b id="37" c="29 32" t="1"/>
		<b id="38" c="13 16" t="1"/>
		<b id="39" c="13 14" t="1"/>
		<b id="40" c="13 15" t="1"/>
		<b id="41" c="42 41" t="1"/>
		<b id="42" c="41 44" t="1"/>
		<b id="43" c="41 43" t="1"/>
	</bonds>
	<geometry>
		<g u="A" t="cart/3d">#44,3:1.1295,3.1912,-0.4051;0.4707,2.9291,0.4315;-0.3191,1.8529,0.3397;-0.9697,1.5720,1.1775;-0.3794,0.9544,-0.8653;-1.3745,1.0062,-1.3238;0.3599,1.2658,-1.6136;-0.1358,-0.4642,-0.5307;1.1761,-0.9115,-0.2455;1.4441,-1.9639,0.2718;2.0562,0.0305,-0.6213;3.4942,-0.0933,-0.3215;3.7067,-0.1833,1.1935;3.2851,-1.1104,1.6024;3.2432,0.6791,1.6977;4.7863,-0.1640,1.4118;4.0709,1.2151,-0.8665;3.8476,1.3222,-1.9395;5.1641,1.2262,-0.7377;3.6523,2.0790,-0.3284;4.0744,-1.2991,-1.0674;3.8649,-1.2205,-2.1462;3.6506,-2.2394,-0.6923;5.1675,-1.3242,-0.9332;-1.2143,-1.3631,-0.3788;-1.1265,-2.5611,-0.4239;-2.3531,-0.6655,-0.1872;-3.6585,-1.3351,-0.0689;-3.6707,-2.2293,1.1754;-4.6800,-2.6458,1.3205;-2.9576,-3.0573,1.0749;-3.4110,-1.6437,2.0716;-3.9677,-2.1189,-1.3491;-4.9944,-2.5145,-1.2994;-3.8999,-1.4601,-2.2297;-3.2740,-2.9592,-1.4799;-4.6275,-0.1628,0.0959;-5.6564,-0.5356,0.2143;-4.3701,0.4330,0.9851;-4.5977,0.4982,-0.7843;0.5470,3.8145,1.6270;0.3601,4.8697,1.3803;-0.1429,3.5005,2.4217;2.2294,3.7861,2.3467;</g>
	</geometry>
	<conformers/>
	<properties/>
</molecule>
