<?xml version="1.0" ?>
<!--MOLLI PACKAGE EXPERIMENTAL XML FORMAT-->
<molecule name="react_590">
	<atoms>
		<a id="1" s="H" t="H" l="H"/>
		<a id="2" s="C" t="C.2" l="C"/>
		<a id="3" s="C" t="C.2" l="C"/>
		<a id="4" s="H" t="H" l="H"/>
		<a id="5" s="C" t="C.3" l="C"/>
		<a id="6" s="H" t="H" l="H"/>
		<a id="7" s="H" t="H" l="H"/>
		<a id="8" s="C" t="C.3" l="C"/>
		<a id="9" s="H" t="H" l="H"/>
		<a id="10" s="H" t="H" l="H"/>
		<a id="11" s="N" t="N.am" l="N"/>
		<a id="12" s="C" t="C.2" l="C"/>
		<a id="13" s="O" t="O.2" l="O"/>
		<a id="14" s="O" t="O.3" l="O"/>
		<a id="15" s="C" t="C.3" l="C"/>
		<a id="16" s="C" t="C.3" l="C"/>
		<a id="17" s="H" t="H" l="H"/>
		<a id="18" s="H" t="H" l="H"/>
		<a id="19" s="H" t="H" l="H"/>
		<a id="20" s="C" t="C.3" l="C"/>
		<a id="21" s="H" t="H" l="H"/>
		<a id="22" s="H" t="H" l="H"/>
		<a id="23" s="H" t="H" l="H"/>
		<a id="24" s="C" t="C.3" l="C"/>
		<a id="25" s="H" t="H" l="H"/>
		<a id="26" s="H" t="H" l="H"/>
		<a id="27" s="H" t="H" l="H"/>
		<a id="28" s="C" t="C.2" l="C"/>
		<a id="29" s="O" t="O.2" l="O"/>
		<a id="30" s="O" t="O.3" l="O"/>
		<a id="31" s="C" t="C.3" l="C"/>
		<a id="32" s="C" t="C.3" l="C"/>
		<a id="33" s="H" t="H" l="H"/>
		<a id="34" s="H" t="H" l="H"/>
		<a id="35" s="H" t="H" l="H"/>
		<a id="36" s="C" t="C.3" l="C"/>
		<a id="37" s="H" t="H" l="H"/>
		<a id="38" s="H" t="H" l="H"/>
		<a id="39" s="H" t="H" l="H"/>
		<a id="40" s="C" t="C.3" l="C"/>
		<a id="41" s="H" t="H" l="H"/>
		<a id="42" s="H" t="H" l="H"/>
		<a id="43" s="H" t="H" l="H"/>
		<a id="44" s="C" t="C.3" l="C"/>
		<a id="45" s="H" t="H" l="H"/>
		<a id="46" s="H" t="H" l="H"/>
		<a id="47" s="C" t="C.3" l="C"/>
		<a id="48" s="H" t="H" l="H"/>
		<a id="49" s="H" t="H" l="H"/>
		<a id="50" s="H" t="H" l="H"/>
	</atoms>
	<bonds>
		<b id="1" c="33 32" t="1"/>
		<b id="2" c="46 44" t="1"/>
		<b id="3" c="1 2" t="1"/>
		<b id="4" c="35 32" t="1"/>
		<b id="5" c="37 36" t="1"/>
		<b id="6" c="32 34" t="1"/>
		<b id="7" c="32 31" t="1"/>
		<b id="8" c="6 5" t="1"/>
		<b id="9" c="7 5" t="1"/>
		<b id="10" c="2 44" t="1"/>
		<b id="11" c="2 3" t="2"/>
		<b id="12" c="44 45" t="1"/>
		<b id="13" c="44 47" t="1"/>
		<b id="14" c="39 36" t="1"/>
		<b id="15" c="5 3" t="1"/>
		<b id="16" c="5 8" t="1"/>
		<b id="17" c="3 4" t="1"/>
		<b id="18" c="49 47" t="1"/>
		<b id="19" c="19 16" t="1"/>
		<b id="20" c="36 31" t="1"/>
		<b id="21" c="36 38" t="1"/>
		<b id="22" c="48 47" t="1"/>
		<b id="23" c="47 50" t="1"/>
		<b id="24" c="17 16" t="1"/>
		<b id="25" c="31 30" t="1"/>
		<b id="26" c="31 40" t="1"/>
		<b id="27" c="16 18" t="1"/>
		<b id="28" c="16 15" t="1"/>
		<b id="29" c="30 28" t="1"/>
		<b id="30" c="28 29" t="2"/>
		<b id="31" c="28 11" t="am"/>
		<b id="32" c="13 12" t="2"/>
		<b id="33" c="8 11" t="1"/>
		<b id="34" c="8 9" t="1"/>
		<b id="35" c="8 10" t="1"/>
		<b id="36" c="11 12" t="am"/>
		<b id="37" c="12 14" t="1"/>
		<b id="38" c="41 40" t="1"/>
		<b id="39" c="40 43" t="1"/>
		<b id="40" c="40 42" t="1"/>
		<b id="41" c="22 20" t="1"/>
		<b id="42" c="14 15" t="1"/>
		<b id="43" c="15 20" t="1"/>
		<b id="44" c="15 24" t="1"/>
		<b id="45" c="20 23" t="1"/>
		<b id="46" c="20 21" t="1"/>
		<b id="47" c="27 24" t="1"/>
		<b id="48" c="24 26" t="1"/>
		<b id="49" c="24 25" t="1"/>
	</bonds>
	<geometry>
		<g u="A" t="cart/3d">#50,3:4.4795,-0.3478,-1.8377;4.4877,-1.3662,-1.4220;3.3346,-1.8831,-0.9786;3.3403,-2.8985,-0.5562;2.0037,-1.1829,-0.9940;2.0860,-0.2309,-1.5445;1.2575,-1.8103,-1.5125;1.4802,-0.9025,0.4243;2.1574,-0.2142,0.9454;1.4183,-1.8386,0.9938;0.1370,-0.2906,0.4399;-0.9453,-1.1822,0.5624;-0.8127,-2.3646,0.3287;-2.0484,-0.5992,1.0267;-3.3058,-1.3454,1.1928;-3.7681,-1.9013,-0.1577;-3.0819,-2.6739,-0.5282;-4.7707,-2.3446,-0.0502;-3.8294,-1.0926,-0.9028;-4.2712,-0.2717,1.6984;-3.8972,0.1735,2.6330;-4.3863,0.5305,0.9543;-5.2608,-0.7127,1.8928;-3.1261,-2.4459,2.2445;-2.7502,-2.0170,3.1870;-4.0990,-2.9197,2.4500;-2.4237,-3.2150,1.8997;0.0970,1.1022,0.2423;1.0928,1.7829,0.3620;-1.1002,1.5387,-0.1465;-1.3596,2.9666,-0.3917;-0.5032,3.4575,-1.5642;-0.6697,2.8256,-2.4511;0.5644,3.4400,-1.3112;-0.7889,4.4894,-1.8231;-2.8433,2.9802,-0.7640;-3.0270,2.3483,-1.6464;-3.4552,2.6000,0.0677;-3.1671,4.0064,-0.9957;-1.1138,3.7744,0.8867;-1.4341,4.8167,0.7304;-1.7008,3.3583,1.7207;-0.0519,3.7713,1.1639;5.8250,-2.0541,-1.3971;5.7059,-3.0817,-1.0121;6.1988,-2.1541,-2.4342;6.8773,-1.3030,-0.5677;7.8527,-1.8151,-0.6025;7.0260,-0.2767,-0.9438;6.5698,-1.2266,0.4880;</g>
	</geometry>
	<conformers/>
	<properties/>
</molecule>
