<?xml version="1.0" ?>
<!--MOLLI PACKAGE EXPERIMENTAL XML FORMAT-->
<molecule name="react_591">
	<atoms>
		<a id="1" s="H" t="H" l="H"/>
		<a id="2" s="C" t="C.2" l="C"/>
		<a id="3" s="C" t="C.2" l="C"/>
		<a id="4" s="H" t="H" l="H"/>
		<a id="5" s="C" t="C.3" l="C"/>
		<a id="6" s="H" t="H" l="H"/>
		<a id="7" s="H" t="H" l="H"/>
		<a id="8" s="C" t="C.3" l="C"/>
		<a id="9" s="H" t="H" l="H"/>
		<a id="10" s="H" t="H" l="H"/>
		<a id="11" s="N" t="N.am" l="N"/>
		<a id="12" s="C" t="C.2" l="C"/>
		<a id="13" s="O" t="O.2" l="O"/>
		<a id="14" s="O" t="O.3" l="O"/>
		<a id="15" s="C" t="C.3" l="C"/>
		<a id="16" s="C" t="C.3" l="C"/>
		<a id="17" s="H" t="H" l="H"/>
		<a id="18" s="H" t="H" l="H"/>
		<a id="19" s="H" t="H" l="H"/>
		<a id="20" s="C" t="C.3" l="C"/>
		<a id="21" s="H" t="H" l="H"/>
		<a id="22" s="H" t="H" l="H"/>
		<a id="23" s="H" t="H" l="H"/>
		<a id="24" s="C" t="C.3" l="C"/>
		<a id="25" s="H" t="H" l="H"/>
		<a id="26" s="H" t="H" l="H"/>
		<a id="27" s="H" t="H" l="H"/>
		<a id="28" s="C" t="C.2" l="C"/>
		<a id="29" s="O" t="O.2" l="O"/>
		<a id="30" s="O" t="O.3" l="O"/>
		<a id="31" s="C" t="C.3" l="C"/>
		<a id="32" s="C" t="C.3" l="C"/>
		<a id="33" s="H" t="H" l="H"/>
		<a id="34" s="H" t="H" l="H"/>
		<a id="35" s="H" t="H" l="H"/>
		<a id="36" s="C" t="C.3" l="C"/>
		<a id="37" s="H" t="H" l="H"/>
		<a id="38" s="H" t="H" l="H"/>
		<a id="39" s="H" t="H" l="H"/>
		<a id="40" s="C" t="C.3" l="C"/>
		<a id="41" s="H" t="H" l="H"/>
		<a id="42" s="H" t="H" l="H"/>
		<a id="43" s="H" t="H" l="H"/>
		<a id="44" s="C" t="C.ar" l="C"/>
		<a id="45" s="C" t="C.ar" l="C"/>
		<a id="46" s="H" t="H" l="H"/>
		<a id="47" s="C" t="C.ar" l="C"/>
		<a id="48" s="H" t="H" l="H"/>
		<a id="49" s="C" t="C.ar" l="C"/>
		<a id="50" s="H" t="H" l="H"/>
		<a id="51" s="C" t="C.ar" l="C"/>
		<a id="52" s="H" t="H" l="H"/>
		<a id="53" s="C" t="C.ar" l="C"/>
		<a id="54" s="H" t="H" l="H"/>
	</atoms>
	<bonds>
		<b id="1" c="19 16" t="1"/>
		<b id="2" c="35 32" t="1"/>
		<b id="3" c="18 16" t="1"/>
		<b id="4" c="17 16" t="1"/>
		<b id="5" c="39 36" t="1"/>
		<b id="6" c="16 15" t="1"/>
		<b id="7" c="6 5" t="1"/>
		<b id="8" c="33 32" t="1"/>
		<b id="9" c="32 34" t="1"/>
		<b id="10" c="32 31" t="1"/>
		<b id="11" c="37 36" t="1"/>
		<b id="12" c="7 5" t="1"/>
		<b id="13" c="36 38" t="1"/>
		<b id="14" c="36 31" t="1"/>
		<b id="15" c="26 24" t="1"/>
		<b id="16" c="5 3" t="1"/>
		<b id="17" c="5 8" t="1"/>
		<b id="18" c="1 2" t="1"/>
		<b id="19" c="2 3" t="2"/>
		<b id="20" c="2 44" t="1"/>
		<b id="21" c="3 4" t="1"/>
		<b id="22" c="13 12" t="2"/>
		<b id="23" c="15 24" t="1"/>
		<b id="24" c="15 14" t="1"/>
		<b id="25" c="15 20" t="1"/>
		<b id="26" c="46 45" t="1"/>
		<b id="27" c="31 30" t="1"/>
		<b id="28" c="31 40" t="1"/>
		<b id="29" c="25 24" t="1"/>
		<b id="30" c="30 28" t="1"/>
		<b id="31" c="44 45" t="ar"/>
		<b id="32" c="44 53" t="ar"/>
		<b id="33" c="45 47" t="ar"/>
		<b id="34" c="12 14" t="1"/>
		<b id="35" c="12 11" t="am"/>
		<b id="36" c="24 27" t="1"/>
		<b id="37" c="54 53" t="1"/>
		<b id="38" c="53 51" t="ar"/>
		<b id="39" c="47 48" t="1"/>
		<b id="40" c="47 49" t="ar"/>
		<b id="41" c="11 28" t="am"/>
		<b id="42" c="11 8" t="1"/>
		<b id="43" c="51 49" t="ar"/>
		<b id="44" c="51 52" t="1"/>
		<b id="45" c="28 29" t="2"/>
		<b id="46" c="49 50" t="1"/>
		<b id="47" c="21 20" t="1"/>
		<b id="48" c="22 20" t="1"/>
		<b id="49" c="8 10" t="1"/>
		<b id="50" c="8 9" t="1"/>
		<b id="51" c="20 23" t="1"/>
		<b id="52" c="43 40" t="1"/>
		<b id="53" c="40 41" t="1"/>
		<b id="54" c="40 42" t="1"/>
	</bonds>
	<geometry>
		<g u="A" t="cart/3d">#54,3:3.9064,-1.3626,-0.5061;4.1531,-0.3164,-0.2847;3.1459,0.5745,-0.2775;3.3541,1.6270,-0.0463;1.7071,0.2419,-0.5484;1.3226,0.8938,-1.3528;1.6160,-0.8037,-0.8849;0.8181,0.4540,0.6897;1.1083,-0.2449,1.4836;0.9278,1.4808,1.0593;-0.6165,0.2399,0.4145;-1.3451,1.3931,0.0599;-0.7747,2.4136,-0.2635;-2.6599,1.2466,0.1882;-3.5974,2.3216,-0.1767;-3.4353,2.6840,-1.6565;-2.4576,3.1424,-1.8529;-4.2227,3.3972,-1.9471;-3.5412,1.7853,-2.2846;-3.3899,3.5284,0.7446;-4.1704,4.2805,0.5480;-2.4072,3.9895,0.5827;-3.4700,3.2227,1.7999;-4.9620,1.6771,0.0755;-5.7664,2.3979,-0.1369;-5.1002,0.7979,-0.5709;-5.0497,1.3545,1.1242;-1.0432,-1.1024,0.4451;-0.3300,-1.9720,0.8983;-2.2375,-1.2916,-0.1101;-2.8617,-2.6243,-0.1599;-2.0096,-3.5698,-1.0132;-2.5451,-4.5223,-1.1525;-1.0429,-3.7757,-0.5365;-1.8306,-3.1318,-2.0081;-4.2017,-2.3419,-0.8416;-4.7720,-3.2761,-0.9589;-4.8006,-1.6394,-0.2430;-4.0442,-1.9017,-1.8382;-3.0779,-3.1576,1.2600;-2.1224,-3.3518,1.7640;-3.6560,-2.4347,1.8571;-3.6495,-4.0982,1.2160;5.5811,-0.0620,-0.0265;6.4743,-1.1511,0.0054;6.0863,-2.1603,-0.1625;7.8374,-0.9668,0.2486;8.5068,-1.8314,0.2690;8.3437,0.3177,0.4643;9.4101,0.4672,0.6528;7.4715,1.4132,0.4335;7.8577,2.4232,0.5976;6.1112,1.2273,0.1909;5.4519,2.0981,0.1642;</g>
	</geometry>
	<conformers/>
	<properties/>
</molecule>
