<?xml version="1.0" ?>
<!--MOLLI PACKAGE EXPERIMENTAL XML FORMAT-->
<molecule name="react_593">
	<atoms>
		<a id="1" s="H" t="H" l="H"/>
		<a id="2" s="C" t="C.2" l="C"/>
		<a id="3" s="C" t="C.2" l="C"/>
		<a id="4" s="H" t="H" l="H"/>
		<a id="5" s="C" t="C.3" l="C"/>
		<a id="6" s="H" t="H" l="H"/>
		<a id="7" s="H" t="H" l="H"/>
		<a id="8" s="Si" t="Si" l="SI"/>
		<a id="9" s="C" t="C.3" l="C"/>
		<a id="10" s="H" t="H" l="H"/>
		<a id="11" s="H" t="H" l="H"/>
		<a id="12" s="H" t="H" l="H"/>
		<a id="13" s="C" t="C.3" l="C"/>
		<a id="14" s="H" t="H" l="H"/>
		<a id="15" s="H" t="H" l="H"/>
		<a id="16" s="H" t="H" l="H"/>
		<a id="17" s="C" t="C.3" l="C"/>
		<a id="18" s="H" t="H" l="H"/>
		<a id="19" s="H" t="H" l="H"/>
		<a id="20" s="H" t="H" l="H"/>
		<a id="21" s="C" t="C.ar" l="C"/>
		<a id="22" s="C" t="C.ar" l="C"/>
		<a id="23" s="H" t="H" l="H"/>
		<a id="24" s="C" t="C.ar" l="C"/>
		<a id="25" s="H" t="H" l="H"/>
		<a id="26" s="C" t="C.ar" l="C"/>
		<a id="27" s="H" t="H" l="H"/>
		<a id="28" s="C" t="C.ar" l="C"/>
		<a id="29" s="H" t="H" l="H"/>
		<a id="30" s="C" t="C.ar" l="C"/>
		<a id="31" s="H" t="H" l="H"/>
	</atoms>
	<bonds>
		<b id="1" c="23 22" t="1"/>
		<b id="2" c="1 2" t="1"/>
		<b id="3" c="14 13" t="1"/>
		<b id="4" c="7 5" t="1"/>
		<b id="5" c="20 17" t="1"/>
		<b id="6" c="25 24" t="1"/>
		<b id="7" c="22 24" t="ar"/>
		<b id="8" c="22 21" t="ar"/>
		<b id="9" c="24 26" t="ar"/>
		<b id="10" c="2 21" t="1"/>
		<b id="11" c="2 3" t="2"/>
		<b id="12" c="13 16" t="1"/>
		<b id="13" c="13 15" t="1"/>
		<b id="14" c="13 8" t="1"/>
		<b id="15" c="5 6" t="1"/>
		<b id="16" c="5 3" t="1"/>
		<b id="17" c="5 8" t="1"/>
		<b id="18" c="17 18" t="1"/>
		<b id="19" c="17 19" t="1"/>
		<b id="20" c="17 8" t="1"/>
		<b id="21" c="21 30" t="ar"/>
		<b id="22" c="3 4" t="1"/>
		<b id="23" c="8 9" t="1"/>
		<b id="24" c="26 27" t="1"/>
		<b id="25" c="26 28" t="ar"/>
		<b id="26" c="30 28" t="ar"/>
		<b id="27" c="30 31" t="1"/>
		<b id="28" c="28 29" t="1"/>
		<b id="29" c="9 10" t="1"/>
		<b id="30" c="9 12" t="1"/>
		<b id="31" c="9 11" t="1"/>
	</bonds>
	<geometry>
		<g u="A" t="cart/3d">#31,3:0.8311,-0.2707,-1.8621;1.0169,-0.4905,-0.8029;-0.0023,-0.9924,-0.0780;0.1677,-1.2314,0.9794;-1.3914,-1.2291,-0.5804;-1.7523,-2.2253,-0.2613;-1.4177,-1.2174,-1.6847;-2.6869,0.0455,0.0396;-2.6783,0.0953,1.9321;-3.4378,0.8014,2.3090;-2.9021,-0.8952,2.3635;-1.7001,0.4210,2.3235;-2.2677,1.7537,-0.6530;-2.3138,1.7605,-1.7552;-2.9741,2.5169,-0.2844;-1.2515,2.0633,-0.3582;-4.3896,-0.5052,-0.5781;-5.1752,0.1997,-0.2567;-4.6562,-1.5022,-0.1884;-4.4191,-0.5564,-1.6797;2.3881,-0.2037,-0.3488;3.3356,0.2548,-1.2865;3.0286,0.3883,-2.3282;4.6515,0.5381,-0.9137;5.3638,0.8915,-1.6647;5.0568,0.3701,0.4131;6.0856,0.5912,0.7099;4.1295,-0.0829,1.3601;4.4344,-0.2157,2.4021;2.8159,-0.3639,0.9866;2.1107,-0.7097,1.7461;</g>
	</geometry>
	<conformers/>
	<properties/>
</molecule>
