<?xml version="1.0" ?>
<!--MOLLI PACKAGE EXPERIMENTAL XML FORMAT-->
<molecule name="react_595">
	<atoms>
		<a id="1" s="H" t="H" l="H"/>
		<a id="2" s="C" t="C.2" l="C"/>
		<a id="3" s="C" t="C.2" l="C"/>
		<a id="4" s="H" t="H" l="H"/>
		<a id="5" s="C" t="C.3" l="C"/>
		<a id="6" s="H" t="H" l="H"/>
		<a id="7" s="H" t="H" l="H"/>
		<a id="8" s="H" t="H" l="H"/>
		<a id="9" s="C" t="C.ar" l="C"/>
		<a id="10" s="C" t="C.ar" l="C"/>
		<a id="11" s="H" t="H" l="H"/>
		<a id="12" s="C" t="C.ar" l="C"/>
		<a id="13" s="Cl" t="Cl" l="CL"/>
		<a id="14" s="C" t="C.ar" l="C"/>
		<a id="15" s="O" t="O.3" l="O"/>
		<a id="16" s="C" t="C.3" l="C"/>
		<a id="17" s="H" t="H" l="H"/>
		<a id="18" s="H" t="H" l="H"/>
		<a id="19" s="H" t="H" l="H"/>
		<a id="20" s="C" t="C.ar" l="C"/>
		<a id="21" s="Cl" t="Cl" l="CL"/>
		<a id="22" s="C" t="C.ar" l="C"/>
		<a id="23" s="H" t="H" l="H"/>
	</atoms>
	<bonds>
		<b id="1" c="1 2" t="1"/>
		<b id="2" c="15 14" t="1"/>
		<b id="3" c="15 16" t="1"/>
		<b id="4" c="21 20" t="1"/>
		<b id="5" c="13 12" t="1"/>
		<b id="6" c="14 12" t="ar"/>
		<b id="7" c="14 20" t="ar"/>
		<b id="8" c="12 10" t="ar"/>
		<b id="9" c="20 22" t="ar"/>
		<b id="10" c="23 22" t="1"/>
		<b id="11" c="10 11" t="1"/>
		<b id="12" c="10 9" t="ar"/>
		<b id="13" c="22 9" t="ar"/>
		<b id="14" c="9 2" t="1"/>
		<b id="15" c="2 3" t="2"/>
		<b id="16" c="4 3" t="1"/>
		<b id="17" c="3 5" t="1"/>
		<b id="18" c="17 16" t="1"/>
		<b id="19" c="7 5" t="1"/>
		<b id="20" c="16 19" t="1"/>
		<b id="21" c="16 18" t="1"/>
		<b id="22" c="5 6" t="1"/>
		<b id="23" c="5 8" t="1"/>
	</bonds>
	<geometry>
		<g u="A" t="cart/3d">#23,3:2.5877,-1.8558,-0.9613;2.3246,-0.8932,-0.5076;3.3352,-0.1897,0.0402;4.3347,-0.6302,-0.0604;3.2829,1.1050,0.7989;2.2927,1.3038,1.2345;3.5416,1.9644,0.1524;4.0225,1.0999,1.6160;0.8835,-0.5809,-0.5573;-0.0358,-1.6471,-0.6060;0.3195,-2.6791,-0.5949;-1.4076,-1.4083,-0.6554;-2.5185,-2.7554,-0.7003;-1.9301,-0.1001,-0.6868;-3.2605,0.1258,-0.8044;-3.9914,0.2829,0.4080;-5.0370,0.4623,0.1224;-3.9375,-0.6291,1.0270;-3.6225,1.1462,0.9878;-1.0010,0.9572,-0.6516;-1.5982,2.5988,-0.7115;0.3744,0.7310,-0.5977;1.0409,1.5915,-0.6197;</g>
	</geometry>
	<conformers/>
	<properties/>
</molecule>
