<?xml version="1.0" ?>
<!--MOLLI PACKAGE EXPERIMENTAL XML FORMAT-->
<molecule name="react_596">
	<atoms>
		<a id="1" s="H" t="H" l="H"/>
		<a id="2" s="C" t="C.2" l="C"/>
		<a id="3" s="H" t="H" l="H"/>
		<a id="4" s="C" t="C.2" l="C"/>
		<a id="5" s="H" t="H" l="H"/>
		<a id="6" s="C" t="C.ar" l="C"/>
		<a id="7" s="C" t="C.ar" l="C"/>
		<a id="8" s="H" t="H" l="H"/>
		<a id="9" s="N" t="N.ar" l="N"/>
		<a id="10" s="S" t="S.O2" l="S"/>
		<a id="11" s="O" t="O.2" l="O"/>
		<a id="12" s="O" t="O.2" l="O"/>
		<a id="13" s="C" t="C.ar" l="C"/>
		<a id="14" s="C" t="C.ar" l="C"/>
		<a id="15" s="H" t="H" l="H"/>
		<a id="16" s="C" t="C.ar" l="C"/>
		<a id="17" s="H" t="H" l="H"/>
		<a id="18" s="C" t="C.ar" l="C"/>
		<a id="19" s="C" t="C.3" l="C"/>
		<a id="20" s="H" t="H" l="H"/>
		<a id="21" s="H" t="H" l="H"/>
		<a id="22" s="H" t="H" l="H"/>
		<a id="23" s="C" t="C.ar" l="C"/>
		<a id="24" s="H" t="H" l="H"/>
		<a id="25" s="C" t="C.ar" l="C"/>
		<a id="26" s="H" t="H" l="H"/>
		<a id="27" s="C" t="C.ar" l="C"/>
		<a id="28" s="C" t="C.ar" l="C"/>
		<a id="29" s="H" t="H" l="H"/>
		<a id="30" s="C" t="C.ar" l="C"/>
		<a id="31" s="Br" t="Br" l="BR"/>
		<a id="32" s="C" t="C.ar" l="C"/>
		<a id="33" s="H" t="H" l="H"/>
		<a id="34" s="C" t="C.ar" l="C"/>
		<a id="35" s="H" t="H" l="H"/>
		<a id="36" s="C" t="C.ar" l="C"/>
	</atoms>
	<bonds>
		<b id="1" c="12 10" t="2"/>
		<b id="2" c="11 10" t="2"/>
		<b id="3" c="10 9" t="1"/>
		<b id="4" c="10 13" t="1"/>
		<b id="5" c="8 7" t="1"/>
		<b id="6" c="15 14" t="1"/>
		<b id="7" c="9 7" t="ar"/>
		<b id="8" c="9 27" t="ar"/>
		<b id="9" c="7 6" t="ar"/>
		<b id="10" c="13 14" t="ar"/>
		<b id="11" c="13 25" t="ar"/>
		<b id="12" c="29 28" t="1"/>
		<b id="13" c="14 16" t="ar"/>
		<b id="14" c="26 25" t="1"/>
		<b id="15" c="25 23" t="ar"/>
		<b id="16" c="27 28" t="ar"/>
		<b id="17" c="27 36" t="ar"/>
		<b id="18" c="28 30" t="ar"/>
		<b id="19" c="5 4" t="1"/>
		<b id="20" c="6 4" t="1"/>
		<b id="21" c="6 36" t="ar"/>
		<b id="22" c="16 17" t="1"/>
		<b id="23" c="16 18" t="ar"/>
		<b id="24" c="4 2" t="2"/>
		<b id="25" c="36 34" t="ar"/>
		<b id="26" c="23 18" t="ar"/>
		<b id="27" c="23 24" t="1"/>
		<b id="28" c="30 31" t="1"/>
		<b id="29" c="30 32" t="ar"/>
		<b id="30" c="18 19" t="1"/>
		<b id="31" c="2 1" t="1"/>
		<b id="32" c="2 3" t="1"/>
		<b id="33" c="34 32" t="ar"/>
		<b id="34" c="34 35" t="1"/>
		<b id="35" c="32 33" t="1"/>
		<b id="36" c="21 19" t="1"/>
		<b id="37" c="19 20" t="1"/>
		<b id="38" c="19 22" t="1"/>
	</bonds>
	<geometry>
		<g u="A" t="cart/3d">#36,3:-4.8782,-3.1424,1.2294;-4.3292,-2.2194,1.0261;-4.5800,-1.3578,1.6472;-3.3988,-2.1812,0.0578;-3.2181,-3.1033,-0.5083;-2.5624,-1.0611,-0.3615;-1.6161,-1.1717,-1.3550;-1.3461,-2.0314,-1.9643;-0.9849,0.0496,-1.5698;0.4545,0.1969,-2.5157;0.5036,1.5819,-2.9679;0.4018,-0.9326,-3.4376;1.7749,-0.0772,-1.3425;2.1844,-1.3873,-1.0701;1.7200,-2.2261,-1.5918;3.2050,-1.5969,-0.1437;3.5313,-2.6189,0.0681;3.8278,-0.5200,0.5127;4.9058,-0.7597,1.5398;5.6075,0.0863,1.5946;5.4798,-1.6728,1.3201;4.4641,-0.8847,2.5443;3.4077,0.7841,0.2006;3.8920,1.6368,0.6844;2.3874,1.0161,-0.7227;2.0803,2.0326,-0.9727;-1.5217,0.9912,-0.6809;-1.2254,2.3505,-0.5260;-0.4912,2.8471,-1.1575;-1.9436,3.0420,0.4467;-1.5861,4.8999,0.7110;-2.9321,2.4204,1.2315;-3.4751,3.0036,1.9769;-3.2224,1.0705,1.0505;-4.0003,0.6102,1.6597;-2.5160,0.3249,0.0894;</g>
	</geometry>
	<conformers/>
	<properties/>
</molecule>
