<?xml version="1.0" ?>
<!--MOLLI PACKAGE EXPERIMENTAL XML FORMAT-->
<molecule name="react_212">
	<atoms>
		<a id="1" s="H" t="H" l="H"/>
		<a id="2" s="C" t="C.2" l="C"/>
		<a id="3" s="H" t="H" l="H"/>
		<a id="4" s="C" t="C.2" l="C"/>
		<a id="5" s="H" t="H" l="H"/>
		<a id="6" s="C" t="C.3" l="C"/>
		<a id="7" s="H" t="H" l="H"/>
		<a id="8" s="C" t="C.3" l="C"/>
		<a id="9" s="H" t="H" l="H"/>
		<a id="10" s="H" t="H" l="H"/>
		<a id="11" s="C" t="C.3" l="C"/>
		<a id="12" s="H" t="H" l="H"/>
		<a id="13" s="H" t="H" l="H"/>
		<a id="14" s="C" t="C.3" l="C"/>
		<a id="15" s="H" t="H" l="H"/>
		<a id="16" s="H" t="H" l="H"/>
		<a id="17" s="C" t="C.3" l="C"/>
		<a id="18" s="H" t="H" l="H"/>
		<a id="19" s="H" t="H" l="H"/>
		<a id="20" s="C" t="C.3" l="C"/>
		<a id="21" s="H" t="H" l="H"/>
		<a id="22" s="H" t="H" l="H"/>
		<a id="23" s="C" t="C.3" l="C"/>
		<a id="24" s="H" t="H" l="H"/>
		<a id="25" s="H" t="H" l="H"/>
		<a id="26" s="C" t="C.3" l="C"/>
		<a id="27" s="H" t="H" l="H"/>
		<a id="28" s="H" t="H" l="H"/>
	</atoms>
	<bonds>
		<b id="1" c="13 11" t="1"/>
		<b id="2" c="22 20" t="1"/>
		<b id="3" c="28 26" t="1"/>
		<b id="4" c="9 8" t="1"/>
		<b id="5" c="12 11" t="1"/>
		<b id="6" c="11 8" t="1"/>
		<b id="7" c="11 14" t="1"/>
		<b id="8" c="18 17" t="1"/>
		<b id="9" c="21 20" t="1"/>
		<b id="10" c="20 17" t="1"/>
		<b id="11" c="20 23" t="1"/>
		<b id="12" c="8 10" t="1"/>
		<b id="13" c="8 6" t="1"/>
		<b id="14" c="3 2" t="1"/>
		<b id="15" c="26 27" t="1"/>
		<b id="16" c="26 23" t="1"/>
		<b id="17" c="26 6" t="1"/>
		<b id="18" c="25 23" t="1"/>
		<b id="19" c="17 14" t="1"/>
		<b id="20" c="17 19" t="1"/>
		<b id="21" c="23 24" t="1"/>
		<b id="22" c="2 1" t="1"/>
		<b id="23" c="2 4" t="2"/>
		<b id="24" c="14 16" t="1"/>
		<b id="25" c="14 15" t="1"/>
		<b id="26" c="6 4" t="1"/>
		<b id="27" c="6 7" t="1"/>
		<b id="28" c="4 5" t="1"/>
	</bonds>
	<geometry>
		<g u="A" t="cart/3d">#28,3:4.6878,-0.4265,0.5513;3.6508,-0.6420,0.2775;3.4848,-1.5368,-0.3281;2.6584,0.1600,0.6770;2.9241,1.0367,1.2840;1.1711,0.0301,0.4071;0.7072,-0.0342,1.4109;0.8302,-1.2612,-0.3591;1.4252,-1.2887,-1.2891;1.1872,-2.1097,0.2511;-0.6450,-1.5035,-0.7262;-0.7327,-2.5501,-1.0626;-0.9059,-0.9020,-1.6123;-1.6591,-1.2257,0.4064;-1.1179,-1.0637,1.3537;-2.2794,-2.1194,0.5875;-2.6048,-0.0364,0.1514;-3.4252,-0.3671,-0.5116;-3.0896,0.2341,1.1070;-1.9977,1.2305,-0.4761;-2.7982,1.9907,-0.4885;-1.7643,1.0500,-1.5406;-0.7581,1.8520,0.1948;-0.8515,1.7896,1.2959;-0.7769,2.9314,-0.0346;0.6387,1.3460,-0.2294;1.3504,2.1467,0.0337;0.6907,1.2689,-1.3313;</g>
	</geometry>
	<conformers/>
	<properties/>
</molecule>
