<?xml version="1.0" ?>
<!--MOLLI PACKAGE EXPERIMENTAL XML FORMAT-->
<molecule name="react_597">
	<atoms>
		<a id="1" s="H" t="H" l="H"/>
		<a id="2" s="C" t="C.2" l="C"/>
		<a id="3" s="H" t="H" l="H"/>
		<a id="4" s="C" t="C.2" l="C"/>
		<a id="5" s="H" t="H" l="H"/>
		<a id="6" s="C" t="C.3" l="C"/>
		<a id="7" s="H" t="H" l="H"/>
		<a id="8" s="H" t="H" l="H"/>
		<a id="9" s="C" t="C.3" l="C"/>
		<a id="10" s="H" t="H" l="H"/>
		<a id="11" s="H" t="H" l="H"/>
		<a id="12" s="O" t="O.3" l="O"/>
		<a id="13" s="C" t="C.ar" l="C"/>
		<a id="14" s="C" t="C.ar" l="C"/>
		<a id="15" s="H" t="H" l="H"/>
		<a id="16" s="C" t="C.ar" l="C"/>
		<a id="17" s="H" t="H" l="H"/>
		<a id="18" s="C" t="C.ar" l="C"/>
		<a id="19" s="O" t="O.3" l="O"/>
		<a id="20" s="C" t="C.3" l="C"/>
		<a id="21" s="H" t="H" l="H"/>
		<a id="22" s="H" t="H" l="H"/>
		<a id="23" s="H" t="H" l="H"/>
		<a id="24" s="C" t="C.ar" l="C"/>
		<a id="25" s="H" t="H" l="H"/>
		<a id="26" s="C" t="C.ar" l="C"/>
		<a id="27" s="H" t="H" l="H"/>
	</atoms>
	<bonds>
		<b id="1" c="27 26" t="1"/>
		<b id="2" c="25 24" t="1"/>
		<b id="3" c="7 6" t="1"/>
		<b id="4" c="26 24" t="ar"/>
		<b id="5" c="26 13" t="ar"/>
		<b id="6" c="24 18" t="ar"/>
		<b id="7" c="5 4" t="1"/>
		<b id="8" c="12 13" t="1"/>
		<b id="9" c="12 9" t="1"/>
		<b id="10" c="13 14" t="ar"/>
		<b id="11" c="6 4" t="1"/>
		<b id="12" c="6 9" t="1"/>
		<b id="13" c="6 8" t="1"/>
		<b id="14" c="4 2" t="2"/>
		<b id="15" c="18 19" t="1"/>
		<b id="16" c="18 16" t="ar"/>
		<b id="17" c="19 20" t="1"/>
		<b id="18" c="11 9" t="1"/>
		<b id="19" c="9 10" t="1"/>
		<b id="20" c="2 1" t="1"/>
		<b id="21" c="2 3" t="1"/>
		<b id="22" c="14 16" t="ar"/>
		<b id="23" c="14 15" t="1"/>
		<b id="24" c="16 17" t="1"/>
		<b id="25" c="22 20" t="1"/>
		<b id="26" c="23 20" t="1"/>
		<b id="27" c="20 21" t="1"/>
	</bonds>
	<geometry>
		<g u="A" t="cart/3d">#27,3:5.5426,1.5629,0.4623;5.1190,0.5563,0.3970;5.6572,-0.2406,0.9231;4.0034,0.3104,-0.2960;3.4930,1.1358,-0.8069;3.3505,-1.0378,-0.4363;3.3544,-1.3453,-1.4983;3.9193,-1.7990,0.1238;1.9002,-1.0687,0.0442;1.8386,-0.7424,1.1003;1.5028,-2.1008,-0.0123;1.1399,-0.2070,-0.7820;-0.1901,-0.0379,-0.5338;-0.8972,-0.6662,0.4962;-0.3999,-1.3528,1.1819;-2.2707,-0.4229,0.6682;-2.7909,-0.9295,1.4819;-2.9491,0.4500,-0.1884;-4.2752,0.7521,-0.1039;-5.0435,0.1664,0.9188;-4.6730,0.4410,1.9244;-6.0677,0.5474,0.8027;-5.0637,-0.9371,0.8425;-2.2334,1.0785,-1.2259;-2.7722,1.7579,-1.8902;-0.8775,0.8387,-1.3954;-0.3171,1.3237,-2.1979;</g>
	</geometry>
	<conformers/>
	<properties/>
</molecule>
