<?xml version="1.0" ?>
<!--MOLLI PACKAGE EXPERIMENTAL XML FORMAT-->
<molecule name="react_599">
	<atoms>
		<a id="1" s="H" t="H" l="H"/>
		<a id="2" s="C" t="C.2" l="C"/>
		<a id="3" s="C" t="C.2" l="C"/>
		<a id="4" s="H" t="H" l="H"/>
		<a id="5" s="C" t="C.3" l="C"/>
		<a id="6" s="H" t="H" l="H"/>
		<a id="7" s="H" t="H" l="H"/>
		<a id="8" s="C" t="C.3" l="C"/>
		<a id="9" s="H" t="H" l="H"/>
		<a id="10" s="H" t="H" l="H"/>
		<a id="11" s="C" t="C.3" l="C"/>
		<a id="12" s="H" t="H" l="H"/>
		<a id="13" s="H" t="H" l="H"/>
		<a id="14" s="C" t="C.3" l="C"/>
		<a id="15" s="H" t="H" l="H"/>
		<a id="16" s="H" t="H" l="H"/>
		<a id="17" s="H" t="H" l="H"/>
		<a id="18" s="C" t="C.3" l="C"/>
		<a id="19" s="H" t="H" l="H"/>
		<a id="20" s="H" t="H" l="H"/>
		<a id="21" s="C" t="C.1" l="C"/>
		<a id="22" s="C" t="C.1" l="C"/>
		<a id="23" s="C" t="C.2" l="C"/>
		<a id="24" s="O" t="O.2" l="O"/>
		<a id="25" s="O" t="O.3" l="O"/>
		<a id="26" s="C" t="C.3" l="C"/>
		<a id="27" s="H" t="H" l="H"/>
		<a id="28" s="H" t="H" l="H"/>
		<a id="29" s="H" t="H" l="H"/>
	</atoms>
	<bonds>
		<b id="1" c="6 5" t="1"/>
		<b id="2" c="19 18" t="1"/>
		<b id="3" c="28 26" t="1"/>
		<b id="4" c="16 14" t="1"/>
		<b id="5" c="7 5" t="1"/>
		<b id="6" c="5 3" t="1"/>
		<b id="7" c="5 8" t="1"/>
		<b id="8" c="3 4" t="1"/>
		<b id="9" c="3 2" t="2"/>
		<b id="10" c="1 2" t="1"/>
		<b id="11" c="2 18" t="1"/>
		<b id="12" c="15 14" t="1"/>
		<b id="13" c="18 21" t="1"/>
		<b id="14" c="18 20" t="1"/>
		<b id="15" c="21 22" t="3"/>
		<b id="16" c="22 23" t="1"/>
		<b id="17" c="24 23" t="2"/>
		<b id="18" c="23 25" t="1"/>
		<b id="19" c="25 26" t="1"/>
		<b id="20" c="26 29" t="1"/>
		<b id="21" c="26 27" t="1"/>
		<b id="22" c="14 17" t="1"/>
		<b id="23" c="14 11" t="1"/>
		<b id="24" c="9 8" t="1"/>
		<b id="25" c="8 11" t="1"/>
		<b id="26" c="8 10" t="1"/>
		<b id="27" c="11 13" t="1"/>
		<b id="28" c="11 12" t="1"/>
	</bonds>
	<geometry>
		<g u="A" t="cart/3d">#29,3:-1.0039,-3.3395,-0.3953;-0.4205,-2.4104,-0.3570;-1.0522,-1.2328,-0.4102;-0.4493,-0.3169,-0.3738;-2.5439,-1.0668,-0.5122;-2.7764,-0.4625,-1.4086;-3.0112,-2.0524,-0.6788;-3.2015,-0.4109,0.7215;-4.2949,-0.3953,0.5576;-3.0318,-1.0641,1.5957;-2.7311,1.0110,1.0665;-3.2343,1.3181,2.0004;-1.6523,1.0007,1.3037;-3.0062,2.0593,-0.0152;-4.0784,2.0956,-0.2754;-2.4476,1.8560,-0.9437;-2.7123,3.0658,0.3239;1.0755,-2.6267,-0.2510;1.4177,-3.2534,-1.0976;1.2968,-3.2321,0.6498;1.8981,-1.4214,-0.2081;2.5827,-0.4192,-0.1730;3.3279,0.8248,-0.1344;2.8266,1.9243,-0.1489;4.6543,0.6031,-0.0819;5.4788,1.7689,-0.0486;5.2561,2.3819,0.8386;5.3196,2.3871,-0.9457;6.5142,1.4080,-0.0128;</g>
	</geometry>
	<conformers/>
	<properties/>
</molecule>
