<?xml version="1.0" ?>
<!--MOLLI PACKAGE EXPERIMENTAL XML FORMAT-->
<molecule name="react_613">
	<atoms>
		<a id="1" s="H" t="H" l="H"/>
		<a id="2" s="C" t="C.2" l="C"/>
		<a id="3" s="H" t="H" l="H"/>
		<a id="4" s="C" t="C.2" l="C"/>
		<a id="5" s="C" t="C.1" l="C"/>
		<a id="6" s="C" t="C.1" l="C"/>
		<a id="7" s="C" t="C.ar" l="C"/>
		<a id="8" s="C" t="C.ar" l="C"/>
		<a id="9" s="C" t="C.3" l="C"/>
		<a id="10" s="H" t="H" l="H"/>
		<a id="11" s="H" t="H" l="H"/>
		<a id="12" s="H" t="H" l="H"/>
		<a id="13" s="C" t="C.ar" l="C"/>
		<a id="14" s="C" t="C.3" l="C"/>
		<a id="15" s="H" t="H" l="H"/>
		<a id="16" s="H" t="H" l="H"/>
		<a id="17" s="H" t="H" l="H"/>
		<a id="18" s="C" t="C.ar" l="C"/>
		<a id="19" s="C" t="C.3" l="C"/>
		<a id="20" s="H" t="H" l="H"/>
		<a id="21" s="H" t="H" l="H"/>
		<a id="22" s="H" t="H" l="H"/>
		<a id="23" s="C" t="C.ar" l="C"/>
		<a id="24" s="C" t="C.3" l="C"/>
		<a id="25" s="H" t="H" l="H"/>
		<a id="26" s="H" t="H" l="H"/>
		<a id="27" s="H" t="H" l="H"/>
		<a id="28" s="C" t="C.ar" l="C"/>
		<a id="29" s="C" t="C.3" l="C"/>
		<a id="30" s="H" t="H" l="H"/>
		<a id="31" s="H" t="H" l="H"/>
		<a id="32" s="H" t="H" l="H"/>
		<a id="33" s="C" t="C.3" l="C"/>
		<a id="34" s="H" t="H" l="H"/>
		<a id="35" s="H" t="H" l="H"/>
		<a id="36" s="H" t="H" l="H"/>
	</atoms>
	<bonds>
		<b id="1" c="30 29" t="1"/>
		<b id="2" c="25 24" t="1"/>
		<b id="3" c="27 24" t="1"/>
		<b id="4" c="31 29" t="1"/>
		<b id="5" c="29 32" t="1"/>
		<b id="6" c="29 28" t="1"/>
		<b id="7" c="24 26" t="1"/>
		<b id="8" c="24 23" t="1"/>
		<b id="9" c="1 2" t="1"/>
		<b id="10" c="28 23" t="ar"/>
		<b id="11" c="28 7" t="ar"/>
		<b id="12" c="23 18" t="ar"/>
		<b id="13" c="2 3" t="1"/>
		<b id="14" c="2 4" t="2"/>
		<b id="15" c="20 19" t="1"/>
		<b id="16" c="5 6" t="3"/>
		<b id="17" c="5 4" t="1"/>
		<b id="18" c="6 7" t="1"/>
		<b id="19" c="4 33" t="1"/>
		<b id="20" c="7 8" t="ar"/>
		<b id="21" c="18 19" t="1"/>
		<b id="22" c="18 13" t="ar"/>
		<b id="23" c="22 19" t="1"/>
		<b id="24" c="19 21" t="1"/>
		<b id="25" c="35 33" t="1"/>
		<b id="26" c="36 33" t="1"/>
		<b id="27" c="33 34" t="1"/>
		<b id="28" c="8 13" t="ar"/>
		<b id="29" c="8 9" t="1"/>
		<b id="30" c="13 14" t="1"/>
		<b id="31" c="15 14" t="1"/>
		<b id="32" c="10 9" t="1"/>
		<b id="33" c="9 11" t="1"/>
		<b id="34" c="9 12" t="1"/>
		<b id="35" c="14 16" t="1"/>
		<b id="36" c="14 17" t="1"/>
	</bonds>
	<geometry>
		<g u="A" t="cart/3d">#36,3:4.5739,-1.2502,-1.6485;5.0311,-0.6246,-0.8784;6.1229,-0.5720,-0.8491;4.2820,0.0625,0.0099;2.8517,0.0061,-0.0134;1.6300,-0.0109,0.0061;0.1975,-0.0386,0.0242;-0.5003,0.5924,1.0899;0.2643,1.2955,2.1897;1.3458,1.2501,2.0151;-0.0177,2.3592,2.2629;0.0666,0.8419,3.1756;-1.9063,0.5494,1.1063;-2.6935,1.1960,2.2255;-3.3754,1.9748,1.8423;-3.3297,0.4610,2.7477;-2.0528,1.6665,2.9798;-2.6115,-0.1047,0.0698;-4.1229,-0.1271,0.1334;-4.5803,-0.6687,-0.7017;-4.4770,-0.6008,1.0650;-4.5413,0.8944,0.1323;-1.9163,-0.7211,-0.9948;-2.6913,-1.4067,-2.1038;-2.0376,-1.7992,-2.8906;-3.2833,-2.2560,-1.7217;-3.4014,-0.7163,-2.5884;-0.5070,-0.6969,-1.0202;0.2571,-1.3612,-2.1446;0.0143,-0.9104,-3.1218;0.0196,-2.4356,-2.2179;1.3397,-1.2692,-1.9983;4.8991,0.9334,1.0847;4.5890,0.5954,2.0878;4.5631,1.9788,0.9807;5.9977,0.9124,1.0331;</g>
	</geometry>
	<conformers/>
	<properties/>
</molecule>
