<?xml version="1.0" ?>
<!--MOLLI PACKAGE EXPERIMENTAL XML FORMAT-->
<molecule name="react_639">
	<atoms>
		<a id="1" s="H" t="H" l="H"/>
		<a id="2" s="C" t="C.2" l="C"/>
		<a id="3" s="C" t="C.2" l="C"/>
		<a id="4" s="N" t="N.2" l="N"/>
		<a id="5" s="O" t="O.2" l="O"/>
		<a id="6" s="C" t="C.3" l="C"/>
		<a id="7" s="H" t="H" l="H"/>
		<a id="8" s="H" t="H" l="H"/>
		<a id="9" s="C" t="C.3" l="C"/>
		<a id="10" s="H" t="H" l="H"/>
		<a id="11" s="H" t="H" l="H"/>
		<a id="12" s="C" t="C.2" l="C"/>
		<a id="13" s="H" t="H" l="H"/>
		<a id="14" s="C" t="C.3" l="C"/>
		<a id="15" s="H" t="H" l="H"/>
		<a id="16" s="H" t="H" l="H"/>
		<a id="17" s="H" t="H" l="H"/>
	</atoms>
	<bonds>
		<b id="1" c="15 14" t="1"/>
		<b id="2" c="10 9" t="1"/>
		<b id="3" c="16 14" t="1"/>
		<b id="4" c="1 2" t="1"/>
		<b id="5" c="14 12" t="1"/>
		<b id="6" c="14 17" t="1"/>
		<b id="7" c="7 6" t="1"/>
		<b id="8" c="2 12" t="2"/>
		<b id="9" c="2 3" t="1"/>
		<b id="10" c="12 13" t="1"/>
		<b id="11" c="9 3" t="1"/>
		<b id="12" c="9 6" t="1"/>
		<b id="13" c="9 11" t="1"/>
		<b id="14" c="3 4" t="2"/>
		<b id="15" c="4 5" t="1"/>
		<b id="16" c="5 6" t="1"/>
		<b id="17" c="6 8" t="1"/>
	</bonds>
	<geometry>
		<g u="A" t="cart/3d">#17,3:0.8040,1.4278,-0.1921;0.7418,0.3462,-0.0241;-0.6120,-0.1835,0.1524;-0.8688,-1.4342,0.3179;-2.2276,-1.6398,0.4384;-2.9053,-0.3662,0.5463;-3.8060,-0.4076,-0.0838;-3.2131,-0.2216,1.5977;-1.8679,0.6686,0.1034;-2.0331,1.0460,-0.9218;-1.8102,1.5432,0.7700;1.8730,-0.3819,0.0090;1.7814,-1.4609,0.1832;3.2530,0.1661,-0.1725;3.7605,-0.3137,-1.0289;3.2479,1.2544,-0.3419;3.8825,-0.0425,0.7114;</g>
	</geometry>
	<conformers/>
	<properties/>
</molecule>
