<?xml version="1.0" ?>
<!--MOLLI PACKAGE EXPERIMENTAL XML FORMAT-->
<molecule name="react_642">
	<atoms>
		<a id="1" s="H" t="H" l="H"/>
		<a id="2" s="C" t="C.2" l="C"/>
		<a id="3" s="C" t="C.2" l="C"/>
		<a id="4" s="O" t="O.2" l="O"/>
		<a id="5" s="O" t="O.3" l="O"/>
		<a id="6" s="C" t="C.3" l="C"/>
		<a id="7" s="H" t="H" l="H"/>
		<a id="8" s="H" t="H" l="H"/>
		<a id="9" s="H" t="H" l="H"/>
		<a id="10" s="C" t="C.2" l="C"/>
		<a id="11" s="H" t="H" l="H"/>
		<a id="12" s="C" t="C.3" l="C"/>
		<a id="13" s="H" t="H" l="H"/>
		<a id="14" s="H" t="H" l="H"/>
		<a id="15" s="C" t="C.3" l="C"/>
		<a id="16" s="H" t="H" l="H"/>
		<a id="17" s="H" t="H" l="H"/>
		<a id="18" s="C" t="C.3" l="C"/>
		<a id="19" s="H" t="H" l="H"/>
		<a id="20" s="H" t="H" l="H"/>
		<a id="21" s="C" t="C.3" l="C"/>
		<a id="22" s="H" t="H" l="H"/>
		<a id="23" s="H" t="H" l="H"/>
		<a id="24" s="H" t="H" l="H"/>
	</atoms>
	<bonds>
		<b id="1" c="17 15" t="1"/>
		<b id="2" c="16 15" t="1"/>
		<b id="3" c="14 12" t="1"/>
		<b id="4" c="7 6" t="1"/>
		<b id="5" c="1 2" t="1"/>
		<b id="6" c="15 12" t="1"/>
		<b id="7" c="15 18" t="1"/>
		<b id="8" c="8 6" t="1"/>
		<b id="9" c="5 6" t="1"/>
		<b id="10" c="5 3" t="1"/>
		<b id="11" c="2 3" t="1"/>
		<b id="12" c="2 10" t="2"/>
		<b id="13" c="6 9" t="1"/>
		<b id="14" c="12 10" t="1"/>
		<b id="15" c="12 13" t="1"/>
		<b id="16" c="19 18" t="1"/>
		<b id="17" c="3 4" t="2"/>
		<b id="18" c="10 11" t="1"/>
		<b id="19" c="18 20" t="1"/>
		<b id="20" c="18 21" t="1"/>
		<b id="21" c="23 21" t="1"/>
		<b id="22" c="21 24" t="1"/>
		<b id="23" c="21 22" t="1"/>
	</bonds>
	<geometry>
		<g u="A" t="cart/3d">#24,3:0.2847,0.6528,-0.8657;0.8913,-0.1213,-0.3916;2.3101,0.2208,-0.1277;3.1375,-0.5015,0.3816;2.5844,1.4804,-0.5360;3.9224,1.9273,-0.3330;4.6383,1.2869,-0.8721;3.9669,2.9541,-0.7185;4.1854,1.9106,0.7364;0.4073,-1.3259,-0.0515;1.1223,-2.0155,0.4161;-0.9731,-1.8727,-0.2759;-1.2967,-2.3850,0.6509;-0.8545,-2.6999,-1.0037;-2.0870,-0.9264,-0.7589;-2.8056,-1.5269,-1.3420;-1.6768,-0.1906,-1.4731;-2.8798,-0.2058,0.3455;-3.7295,0.3149,-0.1314;-3.3343,-0.9693,1.0044;-2.1030,0.7974,1.2016;-2.7657,1.2688,1.9459;-1.6699,1.6043,0.5871;-1.2744,0.3225,1.7502;</g>
	</geometry>
	<conformers/>
	<properties/>
</molecule>
