<?xml version="1.0" ?>
<!--MOLLI PACKAGE EXPERIMENTAL XML FORMAT-->
<molecule name="react_645">
	<atoms>
		<a id="1" s="H" t="H" l="H"/>
		<a id="2" s="O" t="O.3" l="O"/>
		<a id="3" s="C" t="C.3" l="C"/>
		<a id="4" s="H" t="H" l="H"/>
		<a id="5" s="H" t="H" l="H"/>
		<a id="6" s="C" t="C.2" l="C"/>
		<a id="7" s="H" t="H" l="H"/>
		<a id="8" s="C" t="C.2" l="C"/>
		<a id="9" s="H" t="H" l="H"/>
		<a id="10" s="C" t="C.ar" l="C"/>
		<a id="11" s="C" t="C.ar" l="C"/>
		<a id="12" s="H" t="H" l="H"/>
		<a id="13" s="C" t="C.ar" l="C"/>
		<a id="14" s="H" t="H" l="H"/>
		<a id="15" s="C" t="C.ar" l="C"/>
		<a id="16" s="H" t="H" l="H"/>
		<a id="17" s="C" t="C.ar" l="C"/>
		<a id="18" s="H" t="H" l="H"/>
		<a id="19" s="C" t="C.ar" l="C"/>
		<a id="20" s="H" t="H" l="H"/>
	</atoms>
	<bonds>
		<b id="1" c="14 13" t="1"/>
		<b id="2" c="12 11" t="1"/>
		<b id="3" c="13 11" t="ar"/>
		<b id="4" c="13 15" t="ar"/>
		<b id="5" c="11 10" t="ar"/>
		<b id="6" c="2 1" t="1"/>
		<b id="7" c="2 3" t="1"/>
		<b id="8" c="16 15" t="1"/>
		<b id="9" c="15 17" t="ar"/>
		<b id="10" c="9 8" t="1"/>
		<b id="11" c="10 8" t="1"/>
		<b id="12" c="10 19" t="ar"/>
		<b id="13" c="8 6" t="2"/>
		<b id="14" c="17 19" t="ar"/>
		<b id="15" c="17 18" t="1"/>
		<b id="16" c="5 3" t="1"/>
		<b id="17" c="19 20" t="1"/>
		<b id="18" c="6 3" t="1"/>
		<b id="19" c="6 7" t="1"/>
		<b id="20" c="3 4" t="1"/>
	</bonds>
	<geometry>
		<g u="A" t="cart/3d">#20,3:4.9773,0.6371,-0.2758;4.0480,0.7819,-0.4939;3.2643,-0.0739,0.3197;3.5670,0.0159,1.3868;3.3875,-1.1413,0.0422;1.8240,0.3182,0.1973;1.6262,1.3849,0.3536;0.8269,-0.5417,-0.0690;1.0923,-1.5929,-0.2408;-0.6134,-0.2500,-0.1646;-1.4992,-1.2896,-0.5096;-1.0973,-2.2904,-0.6942;-2.8734,-1.0654,-0.6222;-3.5379,-1.8906,-0.8929;-3.3962,0.2095,-0.3903;-4.4710,0.3900,-0.4770;-2.5309,1.2551,-0.0435;-2.9308,2.2558,0.1423;-1.1598,1.0292,0.0693;-0.5036,1.8580,0.3448;</g>
	</geometry>
	<conformers/>
	<properties/>
</molecule>
