<?xml version="1.0" ?>
<!--MOLLI PACKAGE EXPERIMENTAL XML FORMAT-->
<molecule name="react_646">
	<atoms>
		<a id="1" s="H" t="H" l="H"/>
		<a id="2" s="C" t="C.2" l="C"/>
		<a id="3" s="C" t="C.2" l="C"/>
		<a id="4" s="O" t="O.2" l="O"/>
		<a id="5" s="O" t="O.3" l="O"/>
		<a id="6" s="C" t="C.3" l="C"/>
		<a id="7" s="H" t="H" l="H"/>
		<a id="8" s="H" t="H" l="H"/>
		<a id="9" s="C" t="C.3" l="C"/>
		<a id="10" s="H" t="H" l="H"/>
		<a id="11" s="H" t="H" l="H"/>
		<a id="12" s="H" t="H" l="H"/>
		<a id="13" s="C" t="C.2" l="C"/>
		<a id="14" s="H" t="H" l="H"/>
		<a id="15" s="C" t="C.3" l="C"/>
		<a id="16" s="H" t="H" l="H"/>
		<a id="17" s="H" t="H" l="H"/>
		<a id="18" s="C" t="C.3" l="C"/>
		<a id="19" s="H" t="H" l="H"/>
		<a id="20" s="C" t="C.3" l="C"/>
		<a id="21" s="H" t="H" l="H"/>
		<a id="22" s="H" t="H" l="H"/>
		<a id="23" s="H" t="H" l="H"/>
		<a id="24" s="C" t="C.3" l="C"/>
		<a id="25" s="H" t="H" l="H"/>
		<a id="26" s="H" t="H" l="H"/>
		<a id="27" s="H" t="H" l="H"/>
	</atoms>
	<bonds>
		<b id="1" c="26 24" t="1"/>
		<b id="2" c="19 18" t="1"/>
		<b id="3" c="4 3" t="2"/>
		<b id="4" c="27 24" t="1"/>
		<b id="5" c="7 6" t="1"/>
		<b id="6" c="14 13" t="1"/>
		<b id="7" c="24 18" t="1"/>
		<b id="8" c="24 25" t="1"/>
		<b id="9" c="21 20" t="1"/>
		<b id="10" c="18 20" t="1"/>
		<b id="11" c="18 15" t="1"/>
		<b id="12" c="3 2" t="1"/>
		<b id="13" c="3 5" t="1"/>
		<b id="14" c="8 6" t="1"/>
		<b id="15" c="6 5" t="1"/>
		<b id="16" c="6 9" t="1"/>
		<b id="17" c="13 2" t="2"/>
		<b id="18" c="13 15" t="1"/>
		<b id="19" c="20 22" t="1"/>
		<b id="20" c="20 23" t="1"/>
		<b id="21" c="2 1" t="1"/>
		<b id="22" c="12 9" t="1"/>
		<b id="23" c="15 16" t="1"/>
		<b id="24" c="15 17" t="1"/>
		<b id="25" c="9 11" t="1"/>
		<b id="26" c="9 10" t="1"/>
	</bonds>
	<geometry>
		<g u="A" t="cart/3d">#27,3:0.5569,0.2034,1.3442;0.5828,-0.3478,0.3997;1.8969,-0.4584,-0.2803;2.1095,-1.0410,-1.3208;2.8583,0.1840,0.4164;4.1828,0.1534,-0.1355;4.1613,0.5955,-1.1459;4.4976,-0.8966,-0.2570;5.0992,0.9168,0.7989;5.1136,0.4573,1.7997;4.7714,1.9628,0.9056;6.1272,0.9154,0.4031;-0.5165,-0.9070,-0.1290;-0.3937,-1.4373,-1.0829;-1.8908,-0.8807,0.4640;-2.1850,-1.9243,0.6869;-1.8818,-0.3425,1.4285;-2.9719,-0.2709,-0.4613;-2.9290,-0.8199,-1.4216;-4.3695,-0.4786,0.1348;-5.1506,-0.0837,-0.5350;-4.5825,-1.5464,0.3072;-4.4680,0.0422,1.1033;-2.7042,1.2106,-0.7532;-2.7284,1.8053,0.1770;-3.4672,1.6243,-1.4325;-1.7183,1.3641,-1.2196;</g>
	</geometry>
	<conformers/>
	<properties/>
</molecule>
