<?xml version="1.0" ?>
<!--MOLLI PACKAGE EXPERIMENTAL XML FORMAT-->
<molecule name="react_647">
	<atoms>
		<a id="1" s="H" t="H" l="H"/>
		<a id="2" s="C" t="C.2" l="C"/>
		<a id="3" s="C" t="C.2" l="C"/>
		<a id="4" s="H" t="H" l="H"/>
		<a id="5" s="C" t="C.3" l="C"/>
		<a id="6" s="H" t="H" l="H"/>
		<a id="7" s="H" t="H" l="H"/>
		<a id="8" s="C" t="C.3" l="C"/>
		<a id="9" s="H" t="H" l="H"/>
		<a id="10" s="H" t="H" l="H"/>
		<a id="11" s="C" t="C.3" l="C"/>
		<a id="12" s="H" t="H" l="H"/>
		<a id="13" s="H" t="H" l="H"/>
		<a id="14" s="C" t="C.2" l="C"/>
		<a id="15" s="O" t="O.2" l="O"/>
		<a id="16" s="C" t="C.3" l="C"/>
		<a id="17" s="H" t="H" l="H"/>
		<a id="18" s="H" t="H" l="H"/>
		<a id="19" s="H" t="H" l="H"/>
		<a id="20" s="C" t="C.3" l="C"/>
		<a id="21" s="H" t="H" l="H"/>
		<a id="22" s="H" t="H" l="H"/>
		<a id="23" s="C" t="C.3" l="C"/>
		<a id="24" s="H" t="H" l="H"/>
		<a id="25" s="H" t="H" l="H"/>
		<a id="26" s="H" t="H" l="H"/>
	</atoms>
	<bonds>
		<b id="1" c="26 23" t="1"/>
		<b id="2" c="1 2" t="1"/>
		<b id="3" c="7 5" t="1"/>
		<b id="4" c="13 11" t="1"/>
		<b id="5" c="19 16" t="1"/>
		<b id="6" c="23 24" t="1"/>
		<b id="7" c="23 25" t="1"/>
		<b id="8" c="23 20" t="1"/>
		<b id="9" c="2 20" t="1"/>
		<b id="10" c="2 3" t="2"/>
		<b id="11" c="5 6" t="1"/>
		<b id="12" c="5 3" t="1"/>
		<b id="13" c="5 8" t="1"/>
		<b id="14" c="10 8" t="1"/>
		<b id="15" c="11 8" t="1"/>
		<b id="16" c="11 12" t="1"/>
		<b id="17" c="11 14" t="1"/>
		<b id="18" c="22 20" t="1"/>
		<b id="19" c="20 21" t="1"/>
		<b id="20" c="3 4" t="1"/>
		<b id="21" c="16 17" t="1"/>
		<b id="22" c="16 14" t="1"/>
		<b id="23" c="16 18" t="1"/>
		<b id="24" c="8 9" t="1"/>
		<b id="25" c="14 15" t="2"/>
	</bonds>
	<geometry>
		<g u="A" t="cart/3d">#26,3:1.6917,0.3998,-1.5116;1.8527,0.3164,-0.4263;1.2246,-0.6625,0.2388;1.3890,-0.7480,1.3232;0.2901,-1.6785,-0.3611;0.7140,-2.6884,-0.2072;0.2319,-1.5315,-1.4543;-1.1242,-1.6625,0.2499;-1.0641,-1.8013,1.3424;-1.6949,-2.5293,-0.1236;-1.9054,-0.3837,-0.0424;-1.3278,0.5061,0.2745;-2.0555,-0.2436,-1.1298;-3.2619,-0.3067,0.6466;-3.6111,-1.1230,1.4714;-4.1591,0.8521,0.2450;-3.6087,1.8072,0.2540;-5.0229,0.9064,0.9212;-4.5192,0.7000,-0.7875;2.7983,1.3206,0.1755;2.8568,1.1650,1.2667;2.3867,2.3379,0.0310;4.2060,1.2716,-0.4372;4.6779,0.2893,-0.2721;4.8602,2.0417,0.0031;4.1747,1.4448,-1.5262;</g>
	</geometry>
	<conformers/>
	<properties/>
</molecule>
