<?xml version="1.0" ?>
<!--MOLLI PACKAGE EXPERIMENTAL XML FORMAT-->
<molecule name="react_649">
	<atoms>
		<a id="1" s="H" t="H" l="H"/>
		<a id="2" s="C" t="C.2" l="C"/>
		<a id="3" s="C" t="C.2" l="C"/>
		<a id="4" s="O" t="O.2" l="O"/>
		<a id="5" s="N" t="N.am" l="N"/>
		<a id="6" s="H" t="H" l="H"/>
		<a id="7" s="H" t="H" l="H"/>
		<a id="8" s="C" t="C.2" l="C"/>
		<a id="9" s="H" t="H" l="H"/>
		<a id="10" s="C" t="C.ar" l="C"/>
		<a id="11" s="C" t="C.ar" l="C"/>
		<a id="12" s="H" t="H" l="H"/>
		<a id="13" s="C" t="C.ar" l="C"/>
		<a id="14" s="H" t="H" l="H"/>
		<a id="15" s="C" t="C.ar" l="C"/>
		<a id="16" s="H" t="H" l="H"/>
		<a id="17" s="C" t="C.ar" l="C"/>
		<a id="18" s="H" t="H" l="H"/>
		<a id="19" s="C" t="C.ar" l="C"/>
		<a id="20" s="H" t="H" l="H"/>
	</atoms>
	<bonds>
		<b id="1" c="6 5" t="1"/>
		<b id="2" c="7 5" t="1"/>
		<b id="3" c="5 3" t="am"/>
		<b id="4" c="12 11" t="1"/>
		<b id="5" c="1 2" t="1"/>
		<b id="6" c="3 2" t="1"/>
		<b id="7" c="3 4" t="2"/>
		<b id="8" c="2 8" t="2"/>
		<b id="9" c="14 13" t="1"/>
		<b id="10" c="11 13" t="ar"/>
		<b id="11" c="11 10" t="ar"/>
		<b id="12" c="13 15" t="ar"/>
		<b id="13" c="8 10" t="1"/>
		<b id="14" c="8 9" t="1"/>
		<b id="15" c="10 19" t="ar"/>
		<b id="16" c="15 16" t="1"/>
		<b id="17" c="15 17" t="ar"/>
		<b id="18" c="19 17" t="ar"/>
		<b id="19" c="19 20" t="1"/>
		<b id="20" c="17 18" t="1"/>
	</bonds>
	<geometry>
		<g u="A" t="cart/3d">#20,3:0.9274,-2.1107,-0.4275;1.5102,-1.1980,-0.2782;2.9811,-1.4512,-0.3084;3.4268,-2.5762,-0.1496;3.7959,-0.3596,-0.4913;3.4430,0.4915,-0.9088;4.7876,-0.5497,-0.5825;0.9200,-0.0187,-0.0009;1.5615,0.8460,0.2069;-0.5204,0.2601,0.0904;-1.5091,-0.7126,-0.1675;-1.2151,-1.7259,-0.4500;-2.8630,-0.3977,-0.0686;-3.6133,-1.1662,-0.2731;-3.2656,0.8954,0.2899;-4.3287,1.1386,0.3657;-2.2998,1.8718,0.5484;-2.6032,2.8839,0.8290;-0.9432,1.5554,0.4491;-0.1918,2.3238,0.6544;</g>
	</geometry>
	<conformers/>
	<properties/>
</molecule>
