<?xml version="1.0" ?>
<!--MOLLI PACKAGE EXPERIMENTAL XML FORMAT-->
<molecule name="react_650">
	<atoms>
		<a id="1" s="H" t="H" l="H"/>
		<a id="2" s="C" t="C.2" l="C"/>
		<a id="3" s="C" t="C.2" l="C"/>
		<a id="4" s="O" t="O.2" l="O"/>
		<a id="5" s="N" t="N.am" l="N"/>
		<a id="6" s="O" t="O.3" l="O"/>
		<a id="7" s="C" t="C.3" l="C"/>
		<a id="8" s="H" t="H" l="H"/>
		<a id="9" s="H" t="H" l="H"/>
		<a id="10" s="H" t="H" l="H"/>
		<a id="11" s="C" t="C.3" l="C"/>
		<a id="12" s="H" t="H" l="H"/>
		<a id="13" s="H" t="H" l="H"/>
		<a id="14" s="H" t="H" l="H"/>
		<a id="15" s="C" t="C.2" l="C"/>
		<a id="16" s="H" t="H" l="H"/>
		<a id="17" s="C" t="C.3" l="C"/>
		<a id="18" s="H" t="H" l="H"/>
		<a id="19" s="H" t="H" l="H"/>
		<a id="20" s="C" t="C.3" l="C"/>
		<a id="21" s="H" t="H" l="H"/>
		<a id="22" s="H" t="H" l="H"/>
		<a id="23" s="C" t="C.3" l="C"/>
		<a id="24" s="H" t="H" l="H"/>
		<a id="25" s="H" t="H" l="H"/>
		<a id="26" s="C" t="C.3" l="C"/>
		<a id="27" s="H" t="H" l="H"/>
		<a id="28" s="H" t="H" l="H"/>
		<a id="29" s="H" t="H" l="H"/>
	</atoms>
	<bonds>
		<b id="1" c="13 11" t="1"/>
		<b id="2" c="1 2" t="1"/>
		<b id="3" c="4 3" t="2"/>
		<b id="4" c="12 11" t="1"/>
		<b id="5" c="2 3" t="1"/>
		<b id="6" c="2 15" t="2"/>
		<b id="7" c="3 5" t="am"/>
		<b id="8" c="11 5" t="1"/>
		<b id="9" c="11 14" t="1"/>
		<b id="10" c="19 17" t="1"/>
		<b id="11" c="27 26" t="1"/>
		<b id="12" c="6 5" t="1"/>
		<b id="13" c="6 7" t="1"/>
		<b id="14" c="18 17" t="1"/>
		<b id="15" c="15 17" t="1"/>
		<b id="16" c="15 16" t="1"/>
		<b id="17" c="17 20" t="1"/>
		<b id="18" c="26 28" t="1"/>
		<b id="19" c="26 29" t="1"/>
		<b id="20" c="26 23" t="1"/>
		<b id="21" c="9 7" t="1"/>
		<b id="22" c="7 8" t="1"/>
		<b id="23" c="7 10" t="1"/>
		<b id="24" c="20 21" t="1"/>
		<b id="25" c="20 23" t="1"/>
		<b id="26" c="20 22" t="1"/>
		<b id="27" c="24 23" t="1"/>
		<b id="28" c="23 25" t="1"/>
	</bonds>
	<geometry>
		<g u="A" t="cart/3d">#29,3:0.0725,-0.9952,-1.7925;0.5799,-0.4012,-1.0242;2.0602,-0.6171,-1.0055;2.5240,-1.7198,-1.2335;2.8593,0.4535,-0.6067;4.2300,0.1827,-0.6125;4.6435,-0.4657,0.5809;4.2086,-1.4752,0.6588;5.7377,-0.5478,0.5046;4.3816,0.1283,1.4754;2.6463,1.8475,-0.9550;1.5872,2.0186,-1.1763;3.2464,2.1079,-1.8447;2.9514,2.5028,-0.1236;-0.1320,0.2724,-0.1076;0.4023,0.8005,0.6937;-1.6314,0.3285,-0.0483;-1.9530,1.3865,-0.1127;-2.0526,-0.1822,-0.9297;-2.2031,-0.2732,1.2500;-1.9049,-1.3355,1.3138;-1.7254,0.2269,2.1118;-3.7280,-0.1568,1.3907;-4.0173,0.9089,1.3286;-4.0075,-0.4838,2.4076;-4.5327,-0.9664,0.3700;-4.3565,-0.6264,-0.6637;-4.2713,-2.0375,0.4150;-5.6149,-0.8810,0.5598;</g>
	</geometry>
	<conformers/>
	<properties/>
</molecule>
