<?xml version="1.0" ?>
<!--MOLLI PACKAGE EXPERIMENTAL XML FORMAT-->
<molecule name="react_217">
	<atoms>
		<a id="1" s="H" t="H" l="H"/>
		<a id="2" s="C" t="C.2" l="C"/>
		<a id="3" s="H" t="H" l="H"/>
		<a id="4" s="C" t="C.2" l="C"/>
		<a id="5" s="H" t="H" l="H"/>
		<a id="6" s="Si" t="Si" l="SI"/>
		<a id="7" s="C" t="C.3" l="C"/>
		<a id="8" s="H" t="H" l="H"/>
		<a id="9" s="C" t="C.3" l="C"/>
		<a id="10" s="H" t="H" l="H"/>
		<a id="11" s="H" t="H" l="H"/>
		<a id="12" s="H" t="H" l="H"/>
		<a id="13" s="C" t="C.3" l="C"/>
		<a id="14" s="H" t="H" l="H"/>
		<a id="15" s="H" t="H" l="H"/>
		<a id="16" s="H" t="H" l="H"/>
		<a id="17" s="C" t="C.3" l="C"/>
		<a id="18" s="H" t="H" l="H"/>
		<a id="19" s="C" t="C.3" l="C"/>
		<a id="20" s="H" t="H" l="H"/>
		<a id="21" s="H" t="H" l="H"/>
		<a id="22" s="H" t="H" l="H"/>
		<a id="23" s="C" t="C.3" l="C"/>
		<a id="24" s="H" t="H" l="H"/>
		<a id="25" s="H" t="H" l="H"/>
		<a id="26" s="H" t="H" l="H"/>
		<a id="27" s="C" t="C.3" l="C"/>
		<a id="28" s="H" t="H" l="H"/>
		<a id="29" s="C" t="C.3" l="C"/>
		<a id="30" s="H" t="H" l="H"/>
		<a id="31" s="H" t="H" l="H"/>
		<a id="32" s="H" t="H" l="H"/>
		<a id="33" s="C" t="C.3" l="C"/>
		<a id="34" s="H" t="H" l="H"/>
		<a id="35" s="H" t="H" l="H"/>
		<a id="36" s="H" t="H" l="H"/>
	</atoms>
	<bonds>
		<b id="1" c="34 33" t="1"/>
		<b id="2" c="36 33" t="1"/>
		<b id="3" c="35 33" t="1"/>
		<b id="4" c="33 27" t="1"/>
		<b id="5" c="16 13" t="1"/>
		<b id="6" c="26 23" t="1"/>
		<b id="7" c="8 7" t="1"/>
		<b id="8" c="14 13" t="1"/>
		<b id="9" c="32 29" t="1"/>
		<b id="10" c="27 28" t="1"/>
		<b id="11" c="27 29" t="1"/>
		<b id="12" c="27 6" t="1"/>
		<b id="13" c="13 7" t="1"/>
		<b id="14" c="13 15" t="1"/>
		<b id="15" c="23 25" t="1"/>
		<b id="16" c="23 24" t="1"/>
		<b id="17" c="23 17" t="1"/>
		<b id="18" c="30 29" t="1"/>
		<b id="19" c="7 6" t="1"/>
		<b id="20" c="7 9" t="1"/>
		<b id="21" c="29 31" t="1"/>
		<b id="22" c="11 9" t="1"/>
		<b id="23" c="6 17" t="1"/>
		<b id="24" c="6 4" t="1"/>
		<b id="25" c="9 12" t="1"/>
		<b id="26" c="9 10" t="1"/>
		<b id="27" c="18 17" t="1"/>
		<b id="28" c="17 19" t="1"/>
		<b id="29" c="3 2" t="1"/>
		<b id="30" c="4 2" t="2"/>
		<b id="31" c="4 5" t="1"/>
		<b id="32" c="19 20" t="1"/>
		<b id="33" c="19 21" t="1"/>
		<b id="34" c="19 22" t="1"/>
		<b id="35" c="2 1" t="1"/>
	</bonds>
	<geometry>
		<g u="A" t="cart/3d">#36,3:1.2530,-2.4999,3.1069;0.9091,-2.1629,2.1210;0.8627,-2.9398,1.3485;0.5691,-0.8872,1.8798;0.6581,-0.1928,2.7282;0.0263,-0.1525,0.2202;1.5313,0.8090,-0.5001;1.1652,1.2846,-1.4300;2.0303,1.9298,0.4305;2.3974,1.5263,1.3896;2.8709,2.4793,-0.0301;1.2465,2.6685,0.6616;2.6886,-0.1326,-0.8786;3.5359,0.4342,-1.3046;3.0697,-0.6760,0.0029;2.3909,-0.8856,-1.6258;-1.4857,1.0130,0.5057;-2.3570,0.3326,0.4533;-1.5269,1.6768,1.8948;-2.4365,2.2939,2.0066;-0.6639,2.3436,2.0624;-1.5329,0.9350,2.7088;-1.6599,2.0638,-0.6075;-2.6016,2.6257,-0.4742;-0.8412,2.8030,-0.6010;-1.6873,1.6156,-1.6136;-0.4521,-1.5863,-0.9711;0.4184,-2.2699,-0.9357;-1.6806,-2.3834,-0.4940;-2.6004,-1.7757,-0.5441;-1.5764,-2.7364,0.5440;-1.8484,-3.2695,-1.1320;-0.6274,-1.1515,-2.4380;-0.7940,-2.0272,-3.0907;-1.5018,-0.4909,-2.5639;0.2509,-0.6143,-2.8304;</g>
	</geometry>
	<conformers/>
	<properties/>
</molecule>
