<?xml version="1.0" ?>
<!--MOLLI PACKAGE EXPERIMENTAL XML FORMAT-->
<molecule name="react_652">
	<atoms>
		<a id="1" s="H" t="H" l="H"/>
		<a id="2" s="C" t="C.2" l="C"/>
		<a id="3" s="C" t="C.2" l="C"/>
		<a id="4" s="H" t="H" l="H"/>
		<a id="5" s="C" t="C.3" l="C"/>
		<a id="6" s="H" t="H" l="H"/>
		<a id="7" s="H" t="H" l="H"/>
		<a id="8" s="C" t="C.3" l="C"/>
		<a id="9" s="H" t="H" l="H"/>
		<a id="10" s="H" t="H" l="H"/>
		<a id="11" s="C" t="C.3" l="C"/>
		<a id="12" s="H" t="H" l="H"/>
		<a id="13" s="H" t="H" l="H"/>
		<a id="14" s="H" t="H" l="H"/>
		<a id="15" s="C" t="C.3" l="C"/>
		<a id="16" s="H" t="H" l="H"/>
		<a id="17" s="H" t="H" l="H"/>
		<a id="18" s="C" t="C.3" l="C"/>
		<a id="19" s="H" t="H" l="H"/>
		<a id="20" s="H" t="H" l="H"/>
		<a id="21" s="C" t="C.2" l="C"/>
		<a id="22" s="O" t="O.2" l="O"/>
		<a id="23" s="O" t="O.3" l="O"/>
		<a id="24" s="C" t="C.3" l="C"/>
		<a id="25" s="H" t="H" l="H"/>
		<a id="26" s="H" t="H" l="H"/>
		<a id="27" s="C" t="C.3" l="C"/>
		<a id="28" s="H" t="H" l="H"/>
		<a id="29" s="H" t="H" l="H"/>
		<a id="30" s="H" t="H" l="H"/>
	</atoms>
	<bonds>
		<b id="1" c="25 24" t="1"/>
		<b id="2" c="10 8" t="1"/>
		<b id="3" c="16 15" t="1"/>
		<b id="4" c="12 11" t="1"/>
		<b id="5" c="9 8" t="1"/>
		<b id="6" c="24 23" t="1"/>
		<b id="7" c="24 26" t="1"/>
		<b id="8" c="24 27" t="1"/>
		<b id="9" c="8 11" t="1"/>
		<b id="10" c="8 5" t="1"/>
		<b id="11" c="23 21" t="1"/>
		<b id="12" c="17 15" t="1"/>
		<b id="13" c="15 2" t="1"/>
		<b id="14" c="15 18" t="1"/>
		<b id="15" c="29 27" t="1"/>
		<b id="16" c="11 14" t="1"/>
		<b id="17" c="11 13" t="1"/>
		<b id="18" c="28 27" t="1"/>
		<b id="19" c="2 1" t="1"/>
		<b id="20" c="2 3" t="2"/>
		<b id="21" c="4 3" t="1"/>
		<b id="22" c="27 30" t="1"/>
		<b id="23" c="3 5" t="1"/>
		<b id="24" c="20 18" t="1"/>
		<b id="25" c="5 6" t="1"/>
		<b id="26" c="5 7" t="1"/>
		<b id="27" c="18 21" t="1"/>
		<b id="28" c="18 19" t="1"/>
		<b id="29" c="21 22" t="2"/>
	</bonds>
	<geometry>
		<g u="A" t="cart/3d">#30,3:-0.2826,0.4599,0.0916;-0.6329,-0.5750,-0.0252;-1.9325,-0.8338,0.1682;-2.2850,-1.8698,0.0552;-2.9824,0.1866,0.5104;-2.5039,1.1658,0.6889;-3.4696,-0.0980,1.4634;-4.0722,0.3350,-0.5665;-4.5355,-0.6513,-0.7534;-3.5952,0.6287,-1.5186;-5.1555,1.3488,-0.1940;-5.9190,1.4331,-0.9842;-5.6711,1.0620,0.7384;-4.7271,2.3533,-0.0365;0.4111,-1.5994,-0.3785;0.8319,-1.3811,-1.3771;-0.0542,-2.5969,-0.4432;1.5861,-1.6662,0.6264;1.2118,-1.8455,1.6445;2.2556,-2.4936,0.3412;2.3976,-0.3873,0.6572;2.3652,0.4423,1.5339;3.1528,-0.2662,-0.4571;3.9466,0.9264,-0.5971;4.0664,1.0575,-1.6830;3.3832,1.7804,-0.1915;5.2942,0.7914,0.0935;5.9072,1.6868,-0.1004;5.8422,-0.0883,-0.2799;5.1666,0.6943,1.1821;</g>
	</geometry>
	<conformers/>
	<properties/>
</molecule>
