<?xml version="1.0" ?>
<!--MOLLI PACKAGE EXPERIMENTAL XML FORMAT-->
<molecule name="react_653">
	<atoms>
		<a id="1" s="H" t="H" l="H"/>
		<a id="2" s="O" t="O.3" l="O"/>
		<a id="3" s="C" t="C.3" l="C"/>
		<a id="4" s="H" t="H" l="H"/>
		<a id="5" s="H" t="H" l="H"/>
		<a id="6" s="C" t="C.3" l="C"/>
		<a id="7" s="H" t="H" l="H"/>
		<a id="8" s="H" t="H" l="H"/>
		<a id="9" s="C" t="C.2" l="C"/>
		<a id="10" s="H" t="H" l="H"/>
		<a id="11" s="C" t="C.2" l="C"/>
		<a id="12" s="H" t="H" l="H"/>
		<a id="13" s="C" t="C.ar" l="C"/>
		<a id="14" s="C" t="C.ar" l="C"/>
		<a id="15" s="H" t="H" l="H"/>
		<a id="16" s="C" t="C.ar" l="C"/>
		<a id="17" s="H" t="H" l="H"/>
		<a id="18" s="C" t="C.ar" l="C"/>
		<a id="19" s="H" t="H" l="H"/>
		<a id="20" s="C" t="C.ar" l="C"/>
		<a id="21" s="H" t="H" l="H"/>
		<a id="22" s="C" t="C.ar" l="C"/>
		<a id="23" s="H" t="H" l="H"/>
	</atoms>
	<bonds>
		<b id="1" c="23 22" t="1"/>
		<b id="2" c="21 20" t="1"/>
		<b id="3" c="12 11" t="1"/>
		<b id="4" c="22 20" t="ar"/>
		<b id="5" c="22 13" t="ar"/>
		<b id="6" c="8 6" t="1"/>
		<b id="7" c="20 18" t="ar"/>
		<b id="8" c="11 13" t="1"/>
		<b id="9" c="11 9" t="2"/>
		<b id="10" c="5 3" t="1"/>
		<b id="11" c="13 14" t="ar"/>
		<b id="12" c="6 3" t="1"/>
		<b id="13" c="6 9" t="1"/>
		<b id="14" c="6 7" t="1"/>
		<b id="15" c="2 1" t="1"/>
		<b id="16" c="2 3" t="1"/>
		<b id="17" c="18 19" t="1"/>
		<b id="18" c="18 16" t="ar"/>
		<b id="19" c="3 4" t="1"/>
		<b id="20" c="9 10" t="1"/>
		<b id="21" c="14 16" t="ar"/>
		<b id="22" c="14 15" t="1"/>
		<b id="23" c="16 17" t="1"/>
	</bonds>
	<geometry>
		<g u="A" t="cart/3d">#23,3:-5.3914,1.1484,0.1050;-4.8494,0.3719,-0.0816;-3.5093,0.6690,0.2530;-3.3981,0.8936,1.3356;-3.1331,1.5554,-0.2985;-2.6512,-0.5452,-0.1035;-3.0928,-1.4175,0.4142;-2.7442,-0.7379,-1.1852;-1.2111,-0.3852,0.2875;-1.0185,-0.2655,1.3615;-0.1804,-0.3696,-0.5760;-0.4088,-0.4892,-1.6428;1.2521,-0.2129,-0.2690;1.7527,-0.0634,1.0415;1.0650,-0.0638,1.8906;3.1190,0.0841,1.2762;3.4819,0.1977,2.3016;4.0268,0.0860,0.2094;5.0977,0.2008,0.3973;3.5499,-0.0614,-1.0958;4.2469,-0.0622,-1.9384;2.1805,-0.2091,-1.3288;1.8159,-0.3244,-2.3540;</g>
	</geometry>
	<conformers/>
	<properties/>
</molecule>
