<?xml version="1.0" ?>
<!--MOLLI PACKAGE EXPERIMENTAL XML FORMAT-->
<molecule name="react_656">
	<atoms>
		<a id="1" s="H" t="H" l="H"/>
		<a id="2" s="C" t="C.2" l="C"/>
		<a id="3" s="C" t="C.2" l="C"/>
		<a id="4" s="H" t="H" l="H"/>
		<a id="5" s="C" t="C.3" l="C"/>
		<a id="6" s="H" t="H" l="H"/>
		<a id="7" s="H" t="H" l="H"/>
		<a id="8" s="C" t="C.3" l="C"/>
		<a id="9" s="H" t="H" l="H"/>
		<a id="10" s="H" t="H" l="H"/>
		<a id="11" s="C" t="C.3" l="C"/>
		<a id="12" s="H" t="H" l="H"/>
		<a id="13" s="H" t="H" l="H"/>
		<a id="14" s="C" t="C.3" l="C"/>
		<a id="15" s="H" t="H" l="H"/>
		<a id="16" s="H" t="H" l="H"/>
		<a id="17" s="C" t="C.3" l="C"/>
		<a id="18" s="H" t="H" l="H"/>
		<a id="19" s="H" t="H" l="H"/>
		<a id="20" s="H" t="H" l="H"/>
		<a id="21" s="C" t="C.3" l="C"/>
		<a id="22" s="H" t="H" l="H"/>
		<a id="23" s="H" t="H" l="H"/>
		<a id="24" s="C" t="C.2" l="C"/>
		<a id="25" s="O" t="O.2" l="O"/>
		<a id="26" s="N" t="N.am" l="N"/>
		<a id="27" s="O" t="O.3" l="O"/>
		<a id="28" s="C" t="C.3" l="C"/>
		<a id="29" s="H" t="H" l="H"/>
		<a id="30" s="H" t="H" l="H"/>
		<a id="31" s="H" t="H" l="H"/>
		<a id="32" s="C" t="C.3" l="C"/>
		<a id="33" s="H" t="H" l="H"/>
		<a id="34" s="H" t="H" l="H"/>
		<a id="35" s="H" t="H" l="H"/>
	</atoms>
	<bonds>
		<b id="1" c="7 5" t="1"/>
		<b id="2" c="25 24" t="2"/>
		<b id="3" c="29 28" t="1"/>
		<b id="4" c="4 3" t="1"/>
		<b id="5" c="12 11" t="1"/>
		<b id="6" c="27 28" t="1"/>
		<b id="7" c="27 26" t="1"/>
		<b id="8" c="31 28" t="1"/>
		<b id="9" c="5 3" t="1"/>
		<b id="10" c="5 6" t="1"/>
		<b id="11" c="5 8" t="1"/>
		<b id="12" c="3 2" t="2"/>
		<b id="13" c="18 17" t="1"/>
		<b id="14" c="9 8" t="1"/>
		<b id="15" c="24 26" t="am"/>
		<b id="16" c="24 21" t="1"/>
		<b id="17" c="28 30" t="1"/>
		<b id="18" c="35 32" t="1"/>
		<b id="19" c="23 21" t="1"/>
		<b id="20" c="26 32" t="1"/>
		<b id="21" c="11 8" t="1"/>
		<b id="22" c="11 13" t="1"/>
		<b id="23" c="11 14" t="1"/>
		<b id="24" c="8 10" t="1"/>
		<b id="25" c="15 14" t="1"/>
		<b id="26" c="2 21" t="1"/>
		<b id="27" c="2 1" t="1"/>
		<b id="28" c="21 22" t="1"/>
		<b id="29" c="32 33" t="1"/>
		<b id="30" c="32 34" t="1"/>
		<b id="31" c="17 14" t="1"/>
		<b id="32" c="17 20" t="1"/>
		<b id="33" c="17 19" t="1"/>
		<b id="34" c="14 16" t="1"/>
	</bonds>
	<geometry>
		<g u="A" t="cart/3d">#35,3:-0.3254,2.4036,0.4809;-0.7328,1.5307,-0.0494;0.1296,0.7323,-0.6912;-0.2551,-0.1368,-1.2319;1.6171,0.9536,-0.7137;1.8679,1.8940,-0.1903;1.9457,1.0862,-1.7630;2.4188,-0.2072,-0.0997;2.1559,-1.1464,-0.6209;2.1020,-0.3471,0.9500;3.9355,-0.0010,-0.1547;4.2475,0.1388,-1.2072;4.1946,0.9433,0.3611;4.7422,-1.1485,0.4623;4.4861,-2.0912,-0.0554;4.4275,-1.2894,1.5128;6.2558,-0.9311,0.4081;6.6084,-0.8226,-0.6318;6.5496,-0.0166,0.9511;6.8034,-1.7750,0.8584;-2.2339,1.4347,0.0770;-2.4918,1.4184,1.1517;-2.6802,2.3777,-0.2965;-2.9666,0.2817,-0.6125;-2.4574,-0.4810,-1.4101;-4.2925,0.1186,-0.2211;-5.0407,-0.7360,-1.0309;-4.9318,-2.0896,-0.6107;-5.6196,-2.6530,-1.2583;-5.2394,-2.2128,0.4439;-3.9063,-2.4659,-0.7512;-5.1527,1.1186,0.3806;-5.9653,0.6090,0.9195;-4.5930,1.7247,1.1030;-5.6031,1.7857,-0.3778;</g>
	</geometry>
	<conformers/>
	<properties/>
</molecule>
