<?xml version="1.0" ?>
<!--MOLLI PACKAGE EXPERIMENTAL XML FORMAT-->
<molecule name="react_659">
	<atoms>
		<a id="1" s="H" t="H" l="H"/>
		<a id="2" s="O" t="O.3" l="O"/>
		<a id="3" s="C" t="C.3" l="C"/>
		<a id="4" s="C" t="C.2" l="C"/>
		<a id="5" s="H" t="H" l="H"/>
		<a id="6" s="C" t="C.2" l="C"/>
		<a id="7" s="H" t="H" l="H"/>
		<a id="8" s="C" t="C.ar" l="C"/>
		<a id="9" s="C" t="C.ar" l="C"/>
		<a id="10" s="H" t="H" l="H"/>
		<a id="11" s="C" t="C.ar" l="C"/>
		<a id="12" s="H" t="H" l="H"/>
		<a id="13" s="C" t="C.ar" l="C"/>
		<a id="14" s="H" t="H" l="H"/>
		<a id="15" s="C" t="C.ar" l="C"/>
		<a id="16" s="H" t="H" l="H"/>
		<a id="17" s="C" t="C.ar" l="C"/>
		<a id="18" s="H" t="H" l="H"/>
		<a id="19" s="C" t="C.3" l="C"/>
		<a id="20" s="H" t="H" l="H"/>
		<a id="21" s="H" t="H" l="H"/>
		<a id="22" s="H" t="H" l="H"/>
		<a id="23" s="C" t="C.3" l="C"/>
		<a id="24" s="H" t="H" l="H"/>
		<a id="25" s="H" t="H" l="H"/>
		<a id="26" s="H" t="H" l="H"/>
	</atoms>
	<bonds>
		<b id="1" c="2 1" t="1"/>
		<b id="2" c="2 3" t="1"/>
		<b id="3" c="12 11" t="1"/>
		<b id="4" c="26 23" t="1"/>
		<b id="5" c="11 9" t="ar"/>
		<b id="6" c="11 13" t="ar"/>
		<b id="7" c="10 9" t="1"/>
		<b id="8" c="14 13" t="1"/>
		<b id="9" c="9 8" t="ar"/>
		<b id="10" c="13 15" t="ar"/>
		<b id="11" c="5 4" t="1"/>
		<b id="12" c="8 17" t="ar"/>
		<b id="13" c="8 6" t="1"/>
		<b id="14" c="15 16" t="1"/>
		<b id="15" c="15 17" t="ar"/>
		<b id="16" c="4 6" t="2"/>
		<b id="17" c="4 3" t="1"/>
		<b id="18" c="17 18" t="1"/>
		<b id="19" c="6 7" t="1"/>
		<b id="20" c="3 23" t="1"/>
		<b id="21" c="3 19" t="1"/>
		<b id="22" c="23 24" t="1"/>
		<b id="23" c="23 25" t="1"/>
		<b id="24" c="20 19" t="1"/>
		<b id="25" c="19 22" t="1"/>
		<b id="26" c="19 21" t="1"/>
	</bonds>
	<geometry>
		<g u="A" t="cart/3d">#26,3:-3.8898,1.2634,-0.9030;-2.9374,1.1916,-1.0541;-2.3718,0.4822,0.0553;-0.8769,0.5465,-0.1827;-0.5512,1.5376,-0.5176;0.0154,-0.4410,-0.0092;-0.3439,-1.4253,0.3103;1.4751,-0.3655,-0.2037;2.1482,0.8190,-0.5686;1.5828,1.7420,-0.7160;3.5314,0.8340,-0.7427;4.0301,1.7654,-1.0252;4.2833,-0.3331,-0.5563;5.3680,-0.3175,-0.6922;3.6339,-1.5160,-0.1940;4.2085,-2.4345,-0.0454;2.2479,-1.5288,-0.0198;1.7478,-2.4599,0.2636;-2.7102,1.2311,1.3609;-2.3307,2.2636,1.3190;-2.2705,0.7328,2.2387;-3.8047,1.2747,1.5052;-2.9305,-0.9462,0.0894;-4.0259,-0.9154,0.2158;-2.5211,-1.5338,0.9257;-2.7079,-1.4670,-0.8537;</g>
	</geometry>
	<conformers/>
	<properties/>
</molecule>
