<?xml version="1.0" ?>
<!--MOLLI PACKAGE EXPERIMENTAL XML FORMAT-->
<molecule name="react_661">
	<atoms>
		<a id="1" s="H" t="H" l="H"/>
		<a id="2" s="C" t="C.2" l="C"/>
		<a id="3" s="C" t="C.2" l="C"/>
		<a id="4" s="H" t="H" l="H"/>
		<a id="5" s="C" t="C.3" l="C"/>
		<a id="6" s="H" t="H" l="H"/>
		<a id="7" s="H" t="H" l="H"/>
		<a id="8" s="C" t="C.3" l="C"/>
		<a id="9" s="H" t="H" l="H"/>
		<a id="10" s="H" t="H" l="H"/>
		<a id="11" s="C" t="C.3" l="C"/>
		<a id="12" s="H" t="H" l="H"/>
		<a id="13" s="H" t="H" l="H"/>
		<a id="14" s="H" t="H" l="H"/>
		<a id="15" s="C" t="C.3" l="C"/>
		<a id="16" s="H" t="H" l="H"/>
		<a id="17" s="H" t="H" l="H"/>
		<a id="18" s="Se" t="Se" l="SE"/>
		<a id="19" s="C" t="C.ar" l="C"/>
		<a id="20" s="C" t="C.ar" l="C"/>
		<a id="21" s="H" t="H" l="H"/>
		<a id="22" s="C" t="C.ar" l="C"/>
		<a id="23" s="H" t="H" l="H"/>
		<a id="24" s="C" t="C.ar" l="C"/>
		<a id="25" s="H" t="H" l="H"/>
		<a id="26" s="C" t="C.ar" l="C"/>
		<a id="27" s="H" t="H" l="H"/>
		<a id="28" s="C" t="C.ar" l="C"/>
		<a id="29" s="H" t="H" l="H"/>
	</atoms>
	<bonds>
		<b id="1" c="17 15" t="1"/>
		<b id="2" c="7 5" t="1"/>
		<b id="3" c="6 5" t="1"/>
		<b id="4" c="1 2" t="1"/>
		<b id="5" c="2 15" t="1"/>
		<b id="6" c="2 3" t="2"/>
		<b id="7" c="27 26" t="1"/>
		<b id="8" c="5 3" t="1"/>
		<b id="9" c="5 8" t="1"/>
		<b id="10" c="15 16" t="1"/>
		<b id="11" c="15 18" t="1"/>
		<b id="12" c="3 4" t="1"/>
		<b id="13" c="26 28" t="ar"/>
		<b id="14" c="26 24" t="ar"/>
		<b id="15" c="29 28" t="1"/>
		<b id="16" c="25 24" t="1"/>
		<b id="17" c="28 19" t="ar"/>
		<b id="18" c="24 22" t="ar"/>
		<b id="19" c="9 8" t="1"/>
		<b id="20" c="13 11" t="1"/>
		<b id="21" c="19 20" t="ar"/>
		<b id="22" c="19 18" t="1"/>
		<b id="23" c="22 23" t="1"/>
		<b id="24" c="22 20" t="ar"/>
		<b id="25" c="8 11" t="1"/>
		<b id="26" c="8 10" t="1"/>
		<b id="27" c="20 21" t="1"/>
		<b id="28" c="11 12" t="1"/>
		<b id="29" c="11 14" t="1"/>
	</bonds>
	<geometry>
		<g u="A" t="cart/3d">#29,3:-1.1645,-1.7144,-1.1050;-1.1408,-0.6438,-0.8616;-2.2978,0.0093,-0.6731;-2.2543,1.0771,-0.4186;-3.6655,-0.6068,-0.7765;-3.5734,-1.6309,-1.1763;-4.2642,-0.0364,-1.5133;-4.4490,-0.6549,0.5530;-5.3873,-1.2101,0.3764;-3.8732,-1.2504,1.2835;-4.7809,0.7136,1.1527;-3.8727,1.2785,1.4190;-5.3627,1.3315,0.4469;-5.3801,0.6081,2.0716;0.2112,-0.0258,-0.7384;0.1614,1.0713,-0.6952;0.8793,-0.3282,-1.5579;1.1024,-0.6735,0.9437;2.9225,-0.1697,0.5091;3.3936,1.1163,0.8166;2.7238,1.8367,1.2927;4.7134,1.4715,0.5199;5.0720,2.4760,0.7617;5.5733,0.5444,-0.0781;6.6058,0.8224,-0.3065;5.1102,-0.7404,-0.3795;5.7797,-1.4704,-0.8430;3.7899,-1.0984,-0.0868;3.4274,-2.1029,-0.3182;</g>
	</geometry>
	<conformers/>
	<properties/>
</molecule>
