<?xml version="1.0" ?>
<!--MOLLI PACKAGE EXPERIMENTAL XML FORMAT-->
<molecule name="react_662">
	<atoms>
		<a id="1" s="H" t="H" l="H"/>
		<a id="2" s="C" t="C.2" l="C"/>
		<a id="3" s="C" t="C.2" l="C"/>
		<a id="4" s="H" t="H" l="H"/>
		<a id="5" s="C" t="C.3" l="C"/>
		<a id="6" s="H" t="H" l="H"/>
		<a id="7" s="H" t="H" l="H"/>
		<a id="8" s="C" t="C.3" l="C"/>
		<a id="9" s="H" t="H" l="H"/>
		<a id="10" s="H" t="H" l="H"/>
		<a id="11" s="C" t="C.3" l="C"/>
		<a id="12" s="H" t="H" l="H"/>
		<a id="13" s="H" t="H" l="H"/>
		<a id="14" s="H" t="H" l="H"/>
		<a id="15" s="C" t="C.3" l="C"/>
		<a id="16" s="H" t="H" l="H"/>
		<a id="17" s="H" t="H" l="H"/>
		<a id="18" s="Se" t="Se" l="SE"/>
		<a id="19" s="C" t="C.ar" l="C"/>
		<a id="20" s="C" t="C.ar" l="C"/>
		<a id="21" s="H" t="H" l="H"/>
		<a id="22" s="C" t="C.ar" l="C"/>
		<a id="23" s="H" t="H" l="H"/>
		<a id="24" s="C" t="C.ar" l="C"/>
		<a id="25" s="N" t="N.pl3" l="N"/>
		<a id="26" s="O" t="O.2" l="O"/>
		<a id="27" s="O" t="O.2" l="O"/>
		<a id="28" s="C" t="C.ar" l="C"/>
		<a id="29" s="H" t="H" l="H"/>
		<a id="30" s="C" t="C.ar" l="C"/>
		<a id="31" s="H" t="H" l="H"/>
	</atoms>
	<bonds>
		<b id="1" c="23 22" t="1"/>
		<b id="2" c="27 25" t="2"/>
		<b id="3" c="4 3" t="1"/>
		<b id="4" c="10 8" t="1"/>
		<b id="5" c="16 15" t="1"/>
		<b id="6" c="21 20" t="1"/>
		<b id="7" c="22 20" t="ar"/>
		<b id="8" c="22 24" t="ar"/>
		<b id="9" c="25 24" t="1"/>
		<b id="10" c="25 26" t="2"/>
		<b id="11" c="20 19" t="ar"/>
		<b id="12" c="24 28" t="ar"/>
		<b id="13" c="3 5" t="1"/>
		<b id="14" c="3 2" t="2"/>
		<b id="15" c="6 5" t="1"/>
		<b id="16" c="8 5" t="1"/>
		<b id="17" c="8 9" t="1"/>
		<b id="18" c="8 11" t="1"/>
		<b id="19" c="15 18" t="1"/>
		<b id="20" c="15 17" t="1"/>
		<b id="21" c="15 2" t="1"/>
		<b id="22" c="19 18" t="1"/>
		<b id="23" c="19 30" t="ar"/>
		<b id="24" c="14 11" t="1"/>
		<b id="25" c="28 30" t="ar"/>
		<b id="26" c="28 29" t="1"/>
		<b id="27" c="12 11" t="1"/>
		<b id="28" c="5 7" t="1"/>
		<b id="29" c="30 31" t="1"/>
		<b id="30" c="11 13" t="1"/>
		<b id="31" c="2 1" t="1"/>
	</bonds>
	<geometry>
		<g u="A" t="cart/3d">#31,3:1.5694,0.9623,1.6311;1.4801,0.9199,0.5380;2.5909,0.9392,-0.2132;2.4850,0.8827,-1.3064;3.9965,1.0169,0.3087;4.4852,1.9217,-0.1019;3.9814,1.1419,1.4057;4.8519,-0.2087,-0.0624;4.3761,-1.1153,0.3513;4.8443,-0.3375,-1.1602;6.2959,-0.1076,0.4314;6.8783,-1.0002,0.1519;6.3399,-0.0129,1.5295;6.8067,0.7710,0.0022;0.0929,0.8280,-0.0120;0.0740,0.9936,-1.0985;-0.5883,1.5375,0.4811;-0.6282,-0.9946,0.3608;-2.4919,-0.7548,-0.0067;-3.0297,0.3823,-0.6379;-2.3877,1.2077,-0.9479;-4.3984,0.4690,-0.8897;-4.8332,1.3418,-1.3773;-5.2304,-0.5877,-0.5172;-6.6738,-0.4986,-0.7890;-7.3717,-1.4458,-0.4579;-7.0873,0.5162,-1.3305;-4.7196,-1.7302,0.1067;-5.3999,-2.5353,0.3847;-3.3548,-1.8074,0.3627;-2.9533,-2.6952,0.8587;</g>
	</geometry>
	<conformers/>
	<properties/>
</molecule>
