<?xml version="1.0" ?>
<!--MOLLI PACKAGE EXPERIMENTAL XML FORMAT-->
<molecule name="react_663">
	<atoms>
		<a id="1" s="H" t="H" l="H"/>
		<a id="2" s="C" t="C.2" l="C"/>
		<a id="3" s="C" t="C.2" l="C"/>
		<a id="4" s="H" t="H" l="H"/>
		<a id="5" s="C" t="C.3" l="C"/>
		<a id="6" s="H" t="H" l="H"/>
		<a id="7" s="H" t="H" l="H"/>
		<a id="8" s="C" t="C.3" l="C"/>
		<a id="9" s="H" t="H" l="H"/>
		<a id="10" s="H" t="H" l="H"/>
		<a id="11" s="O" t="O.3" l="O"/>
		<a id="12" s="C" t="C.3" l="C"/>
		<a id="13" s="H" t="H" l="H"/>
		<a id="14" s="H" t="H" l="H"/>
		<a id="15" s="C" t="C.ar" l="C"/>
		<a id="16" s="C" t="C.ar" l="C"/>
		<a id="17" s="H" t="H" l="H"/>
		<a id="18" s="C" t="C.ar" l="C"/>
		<a id="19" s="H" t="H" l="H"/>
		<a id="20" s="C" t="C.ar" l="C"/>
		<a id="21" s="H" t="H" l="H"/>
		<a id="22" s="C" t="C.ar" l="C"/>
		<a id="23" s="H" t="H" l="H"/>
		<a id="24" s="C" t="C.ar" l="C"/>
		<a id="25" s="H" t="H" l="H"/>
		<a id="26" s="C" t="C.3" l="C"/>
		<a id="27" s="H" t="H" l="H"/>
		<a id="28" s="H" t="H" l="H"/>
		<a id="29" s="Cl" t="Cl" l="CL"/>
	</atoms>
	<bonds>
		<b id="1" c="13 12" t="1"/>
		<b id="2" c="10 8" t="1"/>
		<b id="3" c="29 26" t="1"/>
		<b id="4" c="4 3" t="1"/>
		<b id="5" c="25 24" t="1"/>
		<b id="6" c="12 15" t="1"/>
		<b id="7" c="12 14" t="1"/>
		<b id="8" c="12 11" t="1"/>
		<b id="9" c="24 22" t="ar"/>
		<b id="10" c="24 15" t="ar"/>
		<b id="11" c="23 22" t="1"/>
		<b id="12" c="22 20" t="ar"/>
		<b id="13" c="15 16" t="ar"/>
		<b id="14" c="8 9" t="1"/>
		<b id="15" c="8 11" t="1"/>
		<b id="16" c="8 5" t="1"/>
		<b id="17" c="20 21" t="1"/>
		<b id="18" c="20 18" t="ar"/>
		<b id="19" c="16 17" t="1"/>
		<b id="20" c="16 18" t="ar"/>
		<b id="21" c="3 5" t="1"/>
		<b id="22" c="3 2" t="2"/>
		<b id="23" c="18 19" t="1"/>
		<b id="24" c="7 5" t="1"/>
		<b id="25" c="5 6" t="1"/>
		<b id="26" c="26 28" t="1"/>
		<b id="27" c="26 2" t="1"/>
		<b id="28" c="26 27" t="1"/>
		<b id="29" c="2 1" t="1"/>
	</bonds>
	<geometry>
		<g u="A" t="cart/3d">#29,3:-4.0367,-0.8359,1.8906;-4.2984,-0.6308,0.8426;-3.3633,-0.1539,0.0150;-3.6453,0.0427,-1.0265;-1.9353,0.1163,0.3963;-1.7849,-0.0173,1.4804;-1.6933,1.1701,0.1653;-0.9490,-0.7981,-0.3518;-1.1636,-1.8481,-0.0950;-1.0913,-0.6920,-1.4481;0.3997,-0.5751,-0.0073;1.0135,0.5380,-0.6110;0.8105,0.5323,-1.7052;0.6012,1.4921,-0.2239;2.5091,0.5140,-0.3792;3.1725,-0.6711,-0.0341;2.5865,-1.5805,0.1082;4.5608,-0.6812,0.1362;5.0655,-1.6122,0.4094;5.3033,0.4901,-0.0401;6.3885,0.4804,0.0928;4.6468,1.6775,-0.3818;5.2171,2.6010,-0.5150;3.2594,1.6883,-0.5452;2.7524,2.6239,-0.8032;-5.7342,-0.9316,0.5268;-6.4057,-0.3261,1.1566;-5.9631,-1.9899,0.7308;-6.2225,-0.6227,-1.1838;</g>
	</geometry>
	<conformers/>
	<properties/>
</molecule>
