<?xml version="1.0" ?>
<!--MOLLI PACKAGE EXPERIMENTAL XML FORMAT-->
<molecule name="react_664">
	<atoms>
		<a id="1" s="H" t="H" l="H"/>
		<a id="2" s="C" t="C.2" l="C"/>
		<a id="3" s="C" t="C.2" l="C"/>
		<a id="4" s="O" t="O.2" l="O"/>
		<a id="5" s="O" t="O.3" l="O"/>
		<a id="6" s="C" t="C.3" l="C"/>
		<a id="7" s="H" t="H" l="H"/>
		<a id="8" s="H" t="H" l="H"/>
		<a id="9" s="C" t="C.3" l="C"/>
		<a id="10" s="H" t="H" l="H"/>
		<a id="11" s="H" t="H" l="H"/>
		<a id="12" s="H" t="H" l="H"/>
		<a id="13" s="C" t="C.2" l="C"/>
		<a id="14" s="H" t="H" l="H"/>
		<a id="15" s="C" t="C.ar" l="C"/>
		<a id="16" s="C" t="C.ar" l="C"/>
		<a id="17" s="H" t="H" l="H"/>
		<a id="18" s="C" t="C.ar" l="C"/>
		<a id="19" s="H" t="H" l="H"/>
		<a id="20" s="C" t="C.ar" l="C"/>
		<a id="21" s="O" t="O.3" l="O"/>
		<a id="22" s="C" t="C.3" l="C"/>
		<a id="23" s="H" t="H" l="H"/>
		<a id="24" s="H" t="H" l="H"/>
		<a id="25" s="H" t="H" l="H"/>
		<a id="26" s="C" t="C.ar" l="C"/>
		<a id="27" s="H" t="H" l="H"/>
		<a id="28" s="C" t="C.ar" l="C"/>
		<a id="29" s="H" t="H" l="H"/>
	</atoms>
	<bonds>
		<b id="1" c="11 9" t="1"/>
		<b id="2" c="27 26" t="1"/>
		<b id="3" c="10 9" t="1"/>
		<b id="4" c="9 12" t="1"/>
		<b id="5" c="9 6" t="1"/>
		<b id="6" c="29 28" t="1"/>
		<b id="7" c="26 28" t="ar"/>
		<b id="8" c="26 20" t="ar"/>
		<b id="9" c="25 22" t="1"/>
		<b id="10" c="28 15" t="ar"/>
		<b id="11" c="21 20" t="1"/>
		<b id="12" c="21 22" t="1"/>
		<b id="13" c="24 22" t="1"/>
		<b id="14" c="20 18" t="ar"/>
		<b id="15" c="14 13" t="1"/>
		<b id="16" c="22 23" t="1"/>
		<b id="17" c="15 13" t="1"/>
		<b id="18" c="15 16" t="ar"/>
		<b id="19" c="13 2" t="2"/>
		<b id="20" c="18 16" t="ar"/>
		<b id="21" c="18 19" t="1"/>
		<b id="22" c="5 6" t="1"/>
		<b id="23" c="5 3" t="1"/>
		<b id="24" c="6 7" t="1"/>
		<b id="25" c="6 8" t="1"/>
		<b id="26" c="16 17" t="1"/>
		<b id="27" c="2 3" t="1"/>
		<b id="28" c="2 1" t="1"/>
		<b id="29" c="3 4" t="2"/>
	</bonds>
	<geometry>
		<g u="A" t="cart/3d">#29,3:-0.9357,1.7573,1.0274;-1.3802,0.8214,0.6804;-2.8528,0.8101,0.7829;-3.5022,1.7465,1.1977;-3.4094,-0.3548,0.3714;-4.8400,-0.4612,0.4320;-5.0383,-1.5385,0.5392;-5.2005,0.0610,1.3312;-5.5028,0.0977,-0.8175;-5.3291,1.1812,-0.8979;-5.1124,-0.3922,-1.7238;-6.5912,-0.0729,-0.7751;-0.6397,-0.2027,0.2043;-1.1830,-1.0940,-0.1260;0.8152,-0.2662,0.0700;1.6791,0.7696,0.4748;1.2664,1.6777,0.9203;3.0615,0.6718,0.3263;3.6915,1.4985,0.6557;3.6262,-0.4852,-0.2424;4.9518,-0.6774,-0.4318;5.8658,0.3257,-0.0426;5.8173,0.5264,1.0429;6.8671,-0.0519,-0.2902;5.6945,1.2708,-0.5889;2.7804,-1.5324,-0.6511;3.2335,-2.4244,-1.0886;1.4058,-1.4194,-0.4943;0.7612,-2.2424,-0.8163;</g>
	</geometry>
	<conformers/>
	<properties/>
</molecule>
