<?xml version="1.0" ?>
<!--MOLLI PACKAGE EXPERIMENTAL XML FORMAT-->
<molecule name="react_665">
	<atoms>
		<a id="1" s="H" t="H" l="H"/>
		<a id="2" s="C" t="C.2" l="C"/>
		<a id="3" s="C" t="C.2" l="C"/>
		<a id="4" s="H" t="H" l="H"/>
		<a id="5" s="C" t="C.3" l="C"/>
		<a id="6" s="H" t="H" l="H"/>
		<a id="7" s="O" t="O.3" l="O"/>
		<a id="8" s="C" t="C.3" l="C"/>
		<a id="9" s="H" t="H" l="H"/>
		<a id="10" s="H" t="H" l="H"/>
		<a id="11" s="C" t="C.ar" l="C"/>
		<a id="12" s="C" t="C.ar" l="C"/>
		<a id="13" s="H" t="H" l="H"/>
		<a id="14" s="C" t="C.ar" l="C"/>
		<a id="15" s="H" t="H" l="H"/>
		<a id="16" s="C" t="C.ar" l="C"/>
		<a id="17" s="H" t="H" l="H"/>
		<a id="18" s="C" t="C.ar" l="C"/>
		<a id="19" s="H" t="H" l="H"/>
		<a id="20" s="C" t="C.ar" l="C"/>
		<a id="21" s="C" t="C.3" l="C"/>
		<a id="22" s="H" t="H" l="H"/>
		<a id="23" s="H" t="H" l="H"/>
		<a id="24" s="O" t="O.3" l="O"/>
		<a id="25" s="C" t="C.3" l="C"/>
		<a id="26" s="H" t="H" l="H"/>
		<a id="27" s="H" t="H" l="H"/>
		<a id="28" s="H" t="H" l="H"/>
	</atoms>
	<bonds>
		<b id="1" c="9 8" t="1"/>
		<b id="2" c="13 12" t="1"/>
		<b id="3" c="27 25" t="1"/>
		<b id="4" c="8 10" t="1"/>
		<b id="5" c="8 7" t="1"/>
		<b id="6" c="8 11" t="1"/>
		<b id="7" c="12 11" t="ar"/>
		<b id="8" c="12 14" t="ar"/>
		<b id="9" c="7 5" t="1"/>
		<b id="10" c="15 14" t="1"/>
		<b id="11" c="26 25" t="1"/>
		<b id="12" c="25 2" t="1"/>
		<b id="13" c="25 28" t="1"/>
		<b id="14" c="11 20" t="ar"/>
		<b id="15" c="14 16" t="ar"/>
		<b id="16" c="4 3" t="1"/>
		<b id="17" c="2 3" t="2"/>
		<b id="18" c="2 1" t="1"/>
		<b id="19" c="3 5" t="1"/>
		<b id="20" c="5 6" t="1"/>
		<b id="21" c="5 24" t="1"/>
		<b id="22" c="20 18" t="ar"/>
		<b id="23" c="20 21" t="1"/>
		<b id="24" c="16 17" t="1"/>
		<b id="25" c="16 18" t="ar"/>
		<b id="26" c="24 21" t="1"/>
		<b id="27" c="22 21" t="1"/>
		<b id="28" c="18 19" t="1"/>
		<b id="29" c="21 23" t="1"/>
	</bonds>
	<geometry>
		<g u="A" t="cart/3d">#28,3:3.8291,-1.5000,-0.2385;3.7132,-0.4170,-0.3860;2.4871,0.1075,-0.2870;2.3336,1.1857,-0.4160;1.2581,-0.7123,-0.0021;1.5455,-1.7599,0.2172;0.3859,-0.8292,-1.1121;-0.4441,0.2922,-1.3690;-0.6524,0.2836,-2.4504;0.0843,1.2392,-1.1523;-1.7566,0.2516,-0.6052;-2.9234,0.7175,-1.2279;-2.8694,1.0674,-2.2638;-4.1486,0.7387,-0.5574;-5.0444,1.1066,-1.0648;-4.2192,0.2836,0.7612;-5.1701,0.2943,1.3006;-3.0631,-0.1832,1.3909;-3.1173,-0.5320,2.4272;-1.8289,-0.2109,0.7255;-0.6169,-0.7694,1.4508;-0.5428,-1.8615,1.2766;-0.7431,-0.6216,2.5351;0.6002,-0.1346,1.0941;4.9686,0.3461,-0.6840;4.7749,1.4224,-0.8115;5.4516,-0.0284,-1.6041;5.7083,0.2236,0.1272;</g>
	</geometry>
	<conformers/>
	<properties/>
</molecule>
