<?xml version="1.0" ?>
<!--MOLLI PACKAGE EXPERIMENTAL XML FORMAT-->
<molecule name="react_666">
	<atoms>
		<a id="1" s="H" t="H" l="H"/>
		<a id="2" s="C" t="C.2" l="C"/>
		<a id="3" s="C" t="C.2" l="C"/>
		<a id="4" s="H" t="H" l="H"/>
		<a id="5" s="C" t="C.3" l="C"/>
		<a id="6" s="H" t="H" l="H"/>
		<a id="7" s="H" t="H" l="H"/>
		<a id="8" s="C" t="C.3" l="C"/>
		<a id="9" s="H" t="H" l="H"/>
		<a id="10" s="H" t="H" l="H"/>
		<a id="11" s="C" t="C.3" l="C"/>
		<a id="12" s="H" t="H" l="H"/>
		<a id="13" s="H" t="H" l="H"/>
		<a id="14" s="C" t="C.3" l="C"/>
		<a id="15" s="H" t="H" l="H"/>
		<a id="16" s="H" t="H" l="H"/>
		<a id="17" s="C" t="C.3" l="C"/>
		<a id="18" s="H" t="H" l="H"/>
		<a id="19" s="H" t="H" l="H"/>
		<a id="20" s="H" t="H" l="H"/>
		<a id="21" s="C" t="C.3" l="C"/>
		<a id="22" s="H" t="H" l="H"/>
		<a id="23" s="H" t="H" l="H"/>
		<a id="24" s="C" t="C.3" l="C"/>
		<a id="25" s="H" t="H" l="H"/>
		<a id="26" s="H" t="H" l="H"/>
		<a id="27" s="C" t="C.2" l="C"/>
		<a id="28" s="O" t="O.2" l="O"/>
		<a id="29" s="O" t="O.3" l="O"/>
		<a id="30" s="C" t="C.3" l="C"/>
		<a id="31" s="H" t="H" l="H"/>
		<a id="32" s="H" t="H" l="H"/>
		<a id="33" s="C" t="C.3" l="C"/>
		<a id="34" s="H" t="H" l="H"/>
		<a id="35" s="H" t="H" l="H"/>
		<a id="36" s="H" t="H" l="H"/>
	</atoms>
	<bonds>
		<b id="1" c="19 17" t="1"/>
		<b id="2" c="26 24" t="1"/>
		<b id="3" c="1 2" t="1"/>
		<b id="4" c="13 11" t="1"/>
		<b id="5" c="18 17" t="1"/>
		<b id="6" c="28 27" t="2"/>
		<b id="7" c="17 20" t="1"/>
		<b id="8" c="17 14" t="1"/>
		<b id="9" c="22 21" t="1"/>
		<b id="10" c="7 5" t="1"/>
		<b id="11" c="24 27" t="1"/>
		<b id="12" c="24 21" t="1"/>
		<b id="13" c="24 25" t="1"/>
		<b id="14" c="12 11" t="1"/>
		<b id="15" c="2 21" t="1"/>
		<b id="16" c="2 3" t="2"/>
		<b id="17" c="11 14" t="1"/>
		<b id="18" c="11 8" t="1"/>
		<b id="19" c="27 29" t="1"/>
		<b id="20" c="21 23" t="1"/>
		<b id="21" c="14 15" t="1"/>
		<b id="22" c="14 16" t="1"/>
		<b id="23" c="31 30" t="1"/>
		<b id="24" c="5 3" t="1"/>
		<b id="25" c="5 8" t="1"/>
		<b id="26" c="5 6" t="1"/>
		<b id="27" c="3 4" t="1"/>
		<b id="28" c="8 10" t="1"/>
		<b id="29" c="8 9" t="1"/>
		<b id="30" c="29 30" t="1"/>
		<b id="31" c="35 33" t="1"/>
		<b id="32" c="30 33" t="1"/>
		<b id="33" c="30 32" t="1"/>
		<b id="34" c="33 36" t="1"/>
		<b id="35" c="33 34" t="1"/>
	</bonds>
	<geometry>
		<g u="A" t="cart/3d">#36,3:0.0904,1.2728,-1.4270;-0.0638,0.8514,-0.4232;0.8715,1.0611,0.5123;0.7127,0.6363,1.5147;2.1480,1.8349,0.3253;2.1400,2.7010,1.0137;2.1842,2.2519,-0.6968;3.4262,1.0181,0.5986;3.3728,0.5912,1.6179;4.2905,1.7065,0.6072;3.6855,-0.1043,-0.4105;2.8163,-0.7864,-0.4341;3.7507,0.3307,-1.4261;4.9569,-0.9105,-0.1249;5.8243,-0.2252,-0.0939;4.8879,-1.3506,0.8872;5.2185,-2.0188,-1.1467;4.3845,-2.7405,-1.1765;5.3326,-1.6071,-2.1640;6.1368,-2.5810,-0.9111;-1.3435,0.0892,-0.2153;-1.3733,-0.7771,-0.9030;-1.3835,-0.3171,0.8074;-2.5951,0.9541,-0.4698;-2.6021,1.7973,0.2430;-2.5862,1.3773,-1.4851;-3.9032,0.2047,-0.3186;-4.7654,0.1338,-1.1609;-3.9941,-0.3841,0.8933;-5.1868,-1.1367,1.1821;-5.5100,-1.6577,0.2682;-4.8740,-1.8811,1.9294;-6.2970,-0.2483,1.7199;-5.9616,0.3067,2.6104;-6.6248,0.4714,0.9550;-7.1658,-0.8638,2.0049;</g>
	</geometry>
	<conformers/>
	<properties/>
</molecule>
