<?xml version="1.0" ?>
<!--MOLLI PACKAGE EXPERIMENTAL XML FORMAT-->
<molecule name="react_223">
	<atoms>
		<a id="1" s="H" t="H" l="H"/>
		<a id="2" s="C" t="C.2" l="C"/>
		<a id="3" s="H" t="H" l="H"/>
		<a id="4" s="C" t="C.2" l="C"/>
		<a id="5" s="H" t="H" l="H"/>
		<a id="6" s="C" t="C.3" l="C"/>
		<a id="7" s="H" t="H" l="H"/>
		<a id="8" s="H" t="H" l="H"/>
		<a id="9" s="Si" t="Si" l="SI"/>
		<a id="10" s="C" t="C.3" l="C"/>
		<a id="11" s="H" t="H" l="H"/>
		<a id="12" s="C" t="C.3" l="C"/>
		<a id="13" s="H" t="H" l="H"/>
		<a id="14" s="H" t="H" l="H"/>
		<a id="15" s="H" t="H" l="H"/>
		<a id="16" s="C" t="C.3" l="C"/>
		<a id="17" s="H" t="H" l="H"/>
		<a id="18" s="H" t="H" l="H"/>
		<a id="19" s="H" t="H" l="H"/>
		<a id="20" s="C" t="C.3" l="C"/>
		<a id="21" s="H" t="H" l="H"/>
		<a id="22" s="C" t="C.3" l="C"/>
		<a id="23" s="H" t="H" l="H"/>
		<a id="24" s="H" t="H" l="H"/>
		<a id="25" s="H" t="H" l="H"/>
		<a id="26" s="C" t="C.3" l="C"/>
		<a id="27" s="H" t="H" l="H"/>
		<a id="28" s="H" t="H" l="H"/>
		<a id="29" s="H" t="H" l="H"/>
		<a id="30" s="C" t="C.3" l="C"/>
		<a id="31" s="H" t="H" l="H"/>
		<a id="32" s="C" t="C.3" l="C"/>
		<a id="33" s="H" t="H" l="H"/>
		<a id="34" s="H" t="H" l="H"/>
		<a id="35" s="H" t="H" l="H"/>
		<a id="36" s="C" t="C.3" l="C"/>
		<a id="37" s="H" t="H" l="H"/>
		<a id="38" s="H" t="H" l="H"/>
		<a id="39" s="H" t="H" l="H"/>
	</atoms>
	<bonds>
		<b id="1" c="33 32" t="1"/>
		<b id="2" c="35 32" t="1"/>
		<b id="3" c="34 32" t="1"/>
		<b id="4" c="24 22" t="1"/>
		<b id="5" c="32 30" t="1"/>
		<b id="6" c="7 6" t="1"/>
		<b id="7" c="5 4" t="1"/>
		<b id="8" c="25 22" t="1"/>
		<b id="9" c="22 23" t="1"/>
		<b id="10" c="22 20" t="1"/>
		<b id="11" c="4 6" t="1"/>
		<b id="12" c="4 2" t="2"/>
		<b id="13" c="6 8" t="1"/>
		<b id="14" c="6 9" t="1"/>
		<b id="15" c="1 2" t="1"/>
		<b id="16" c="30 31" t="1"/>
		<b id="17" c="30 36" t="1"/>
		<b id="18" c="30 9" t="1"/>
		<b id="19" c="2 3" t="1"/>
		<b id="20" c="27 26" t="1"/>
		<b id="21" c="37 36" t="1"/>
		<b id="22" c="38 36" t="1"/>
		<b id="23" c="20 9" t="1"/>
		<b id="24" c="20 26" t="1"/>
		<b id="25" c="20 21" t="1"/>
		<b id="26" c="36 39" t="1"/>
		<b id="27" c="9 10" t="1"/>
		<b id="28" c="26 29" t="1"/>
		<b id="29" c="26 28" t="1"/>
		<b id="30" c="17 16" t="1"/>
		<b id="31" c="11 10" t="1"/>
		<b id="32" c="10 16" t="1"/>
		<b id="33" c="10 12" t="1"/>
		<b id="34" c="16 18" t="1"/>
		<b id="35" c="16 19" t="1"/>
		<b id="36" c="15 12" t="1"/>
		<b id="37" c="12 14" t="1"/>
		<b id="38" c="12 13" t="1"/>
	</bonds>
	<geometry>
		<g u="A" t="cart/3d">#39,3:4.3293,-1.4729,-0.7412;3.6537,-0.6157,-0.6695;4.0407,0.2790,-0.1692;2.4153,-0.6589,-1.1778;2.1003,-1.5851,-1.6767;1.3918,0.4361,-1.1246;1.0138,0.6455,-2.1430;1.8509,1.3723,-0.7639;-0.1566,0.0728,-0.0428;0.3825,-0.2659,1.7738;0.8649,-1.2596,1.7153;-0.8183,-0.3884,2.7305;-0.4964,-0.7253,3.7321;-1.3268,0.5814,2.8673;-1.5760,-1.1057,2.3737;1.4371,0.6984,2.3445;2.3285,0.7685,1.7027;1.0388,1.7177,2.4772;1.7778,0.3586,3.3392;-1.3389,1.5963,-0.1287;-2.0749,1.4099,0.6778;-2.1340,1.7175,-1.4414;-2.8108,2.5903,-1.4082;-1.4716,1.8625,-2.3126;-2.7572,0.8320,-1.6401;-0.6371,2.9302,0.1886;0.1174,3.1832,-0.5759;-0.1262,2.9207,1.1633;-1.3637,3.7620,0.2086;-1.0868,-1.4861,-0.7128;-2.1383,-1.3330,-0.3989;-1.0788,-1.5890,-2.2514;-1.4266,-0.6708,-2.7479;-1.7317,-2.4123,-2.5923;-0.0679,-1.8056,-2.6357;-0.6210,-2.8208,-0.1000;-1.2042,-3.6634,-0.5132;0.4403,-3.0261,-0.3207;-0.7394,-2.8503,0.9939;</g>
	</geometry>
	<conformers/>
	<properties/>
</molecule>
