<?xml version="1.0" ?>
<!--MOLLI PACKAGE EXPERIMENTAL XML FORMAT-->
<molecule name="react_667">
	<atoms>
		<a id="1" s="H" t="H" l="H"/>
		<a id="2" s="O" t="O.3" l="O"/>
		<a id="3" s="C" t="C.3" l="C"/>
		<a id="4" s="H" t="H" l="H"/>
		<a id="5" s="H" t="H" l="H"/>
		<a id="6" s="C" t="C.3" l="C"/>
		<a id="7" s="H" t="H" l="H"/>
		<a id="8" s="H" t="H" l="H"/>
		<a id="9" s="C" t="C.2" l="C"/>
		<a id="10" s="H" t="H" l="H"/>
		<a id="11" s="C" t="C.2" l="C"/>
		<a id="12" s="H" t="H" l="H"/>
		<a id="13" s="C" t="C.ar" l="C"/>
		<a id="14" s="N" t="N.ar" l="N"/>
		<a id="15" s="C" t="C.ar" l="C"/>
		<a id="16" s="C" t="C.2" l="C"/>
		<a id="17" s="O" t="O.2" l="O"/>
		<a id="18" s="C" t="C.3" l="C"/>
		<a id="19" s="H" t="H" l="H"/>
		<a id="20" s="H" t="H" l="H"/>
		<a id="21" s="H" t="H" l="H"/>
		<a id="22" s="N" t="N.ar" l="N"/>
		<a id="23" s="C" t="C.3" l="C"/>
		<a id="24" s="H" t="H" l="H"/>
		<a id="25" s="H" t="H" l="H"/>
		<a id="26" s="O" t="O.3" l="O"/>
		<a id="27" s="C" t="C.3" l="C"/>
		<a id="28" s="H" t="H" l="H"/>
		<a id="29" s="H" t="H" l="H"/>
		<a id="30" s="C" t="C.3" l="C"/>
		<a id="31" s="H" t="H" l="H"/>
		<a id="32" s="H" t="H" l="H"/>
		<a id="33" s="H" t="H" l="H"/>
		<a id="34" s="C" t="C.ar" l="C"/>
		<a id="35" s="H" t="H" l="H"/>
	</atoms>
	<bonds>
		<b id="1" c="1 2" t="1"/>
		<b id="2" c="20 18" t="1"/>
		<b id="3" c="21 18" t="1"/>
		<b id="4" c="19 18" t="1"/>
		<b id="5" c="18 16" t="1"/>
		<b id="6" c="5 3" t="1"/>
		<b id="7" c="2 3" t="1"/>
		<b id="8" c="4 3" t="1"/>
		<b id="9" c="3 6" t="1"/>
		<b id="10" c="12 11" t="1"/>
		<b id="11" c="14 15" t="ar"/>
		<b id="12" c="14 13" t="ar"/>
		<b id="13" c="16 15" t="1"/>
		<b id="14" c="16 17" t="2"/>
		<b id="15" c="11 13" t="1"/>
		<b id="16" c="11 9" t="2"/>
		<b id="17" c="15 22" t="ar"/>
		<b id="18" c="6 7" t="1"/>
		<b id="19" c="6 9" t="1"/>
		<b id="20" c="6 8" t="1"/>
		<b id="21" c="13 34" t="ar"/>
		<b id="22" c="9 10" t="1"/>
		<b id="23" c="33 30" t="1"/>
		<b id="24" c="22 34" t="ar"/>
		<b id="25" c="22 23" t="1"/>
		<b id="26" c="32 30" t="1"/>
		<b id="27" c="34 35" t="1"/>
		<b id="28" c="30 31" t="1"/>
		<b id="29" c="30 27" t="1"/>
		<b id="30" c="24 23" t="1"/>
		<b id="31" c="26 23" t="1"/>
		<b id="32" c="26 27" t="1"/>
		<b id="33" c="23 25" t="1"/>
		<b id="34" c="27 29" t="1"/>
		<b id="35" c="27 28" t="1"/>
	</bonds>
	<geometry>
		<g u="A" t="cart/3d">#35,3:5.0254,-1.1766,-3.0241;4.9115,-1.1406,-2.0661;4.5724,-2.4350,-1.6039;5.4075,-3.1467,-1.7692;3.6884,-2.8390,-2.1387;4.2740,-2.3793,-0.1112;4.2206,-3.4184,0.2633;5.1506,-1.9328,0.3985;3.0247,-1.6503,0.3106;2.7153,-1.8374,1.3477;2.2902,-0.8168,-0.4461;2.6084,-0.5885,-1.4663;1.0717,-0.1235,-0.0331;0.4196,0.7236,-0.8859;-0.6325,1.1971,-0.2357;-1.5840,2.1692,-0.8159;-2.5337,2.6146,-0.1871;-1.3034,2.5857,-2.2435;-0.2987,3.0289,-2.3232;-1.3042,1.7069,-2.9069;-2.0682,3.3066,-2.5603;-0.6859,0.6858,1.0498;-1.7106,0.8689,2.0619;-2.1917,1.8385,1.8755;-1.2006,0.8881,3.0456;-2.6154,-0.1985,1.9903;-3.8977,0.0610,2.5528;-3.8036,0.7160,3.4418;-4.2683,-0.9120,2.9153;-4.8680,0.6571,1.5402;-5.8496,0.8382,2.0092;-4.4933,1.6081,1.1318;-5.0105,-0.0373,0.6970;0.3821,-0.1554,1.1784;0.5579,-0.7064,2.0995;</g>
	</geometry>
	<conformers/>
	<properties/>
</molecule>
