<?xml version="1.0" ?>
<!--MOLLI PACKAGE EXPERIMENTAL XML FORMAT-->
<molecule name="react_669">
	<atoms>
		<a id="1" s="H" t="H" l="H"/>
		<a id="2" s="C" t="C.2" l="C"/>
		<a id="3" s="C" t="C.2" l="C"/>
		<a id="4" s="H" t="H" l="H"/>
		<a id="5" s="C" t="C.3" l="C"/>
		<a id="6" s="H" t="H" l="H"/>
		<a id="7" s="H" t="H" l="H"/>
		<a id="8" s="P" t="P.3" l="P"/>
		<a id="9" s="O" t="O.2" l="O"/>
		<a id="10" s="O" t="O.3" l="O"/>
		<a id="11" s="C" t="C.3" l="C"/>
		<a id="12" s="H" t="H" l="H"/>
		<a id="13" s="H" t="H" l="H"/>
		<a id="14" s="C" t="C.3" l="C"/>
		<a id="15" s="H" t="H" l="H"/>
		<a id="16" s="H" t="H" l="H"/>
		<a id="17" s="H" t="H" l="H"/>
		<a id="18" s="O" t="O.3" l="O"/>
		<a id="19" s="C" t="C.3" l="C"/>
		<a id="20" s="H" t="H" l="H"/>
		<a id="21" s="H" t="H" l="H"/>
		<a id="22" s="C" t="C.3" l="C"/>
		<a id="23" s="H" t="H" l="H"/>
		<a id="24" s="H" t="H" l="H"/>
		<a id="25" s="H" t="H" l="H"/>
		<a id="26" s="C" t="C.ar" l="C"/>
		<a id="27" s="C" t="C.ar" l="C"/>
		<a id="28" s="H" t="H" l="H"/>
		<a id="29" s="C" t="C.ar" l="C"/>
		<a id="30" s="H" t="H" l="H"/>
		<a id="31" s="C" t="C.ar" l="C"/>
		<a id="32" s="H" t="H" l="H"/>
		<a id="33" s="C" t="C.ar" l="C"/>
		<a id="34" s="H" t="H" l="H"/>
		<a id="35" s="C" t="C.ar" l="C"/>
		<a id="36" s="H" t="H" l="H"/>
	</atoms>
	<bonds>
		<b id="1" c="30 29" t="1"/>
		<b id="2" c="9 8" t="2"/>
		<b id="3" c="20 19" t="1"/>
		<b id="4" c="28 27" t="1"/>
		<b id="5" c="4 3" t="1"/>
		<b id="6" c="24 22" t="1"/>
		<b id="7" c="29 27" t="ar"/>
		<b id="8" c="29 31" t="ar"/>
		<b id="9" c="23 22" t="1"/>
		<b id="10" c="27 26" t="ar"/>
		<b id="11" c="19 22" t="1"/>
		<b id="12" c="19 21" t="1"/>
		<b id="13" c="19 18" t="1"/>
		<b id="14" c="22 25" t="1"/>
		<b id="15" c="13 11" t="1"/>
		<b id="16" c="6 5" t="1"/>
		<b id="17" c="8 5" t="1"/>
		<b id="18" c="8 18" t="1"/>
		<b id="19" c="8 10" t="1"/>
		<b id="20" c="3 5" t="1"/>
		<b id="21" c="3 2" t="2"/>
		<b id="22" c="32 31" t="1"/>
		<b id="23" c="31 33" t="ar"/>
		<b id="24" c="5 7" t="1"/>
		<b id="25" c="26 2" t="1"/>
		<b id="26" c="26 35" t="ar"/>
		<b id="27" c="11 10" t="1"/>
		<b id="28" c="11 12" t="1"/>
		<b id="29" c="11 14" t="1"/>
		<b id="30" c="2 1" t="1"/>
		<b id="31" c="15 14" t="1"/>
		<b id="32" c="16 14" t="1"/>
		<b id="33" c="14 17" t="1"/>
		<b id="34" c="33 35" t="ar"/>
		<b id="35" c="33 34" t="1"/>
		<b id="36" c="35 36" t="1"/>
	</bonds>
	<geometry>
		<g u="A" t="cart/3d">#36,3:1.7978,-0.8605,1.7300;1.9770,-0.6262,0.6732;1.0796,-1.0629,-0.2275;1.2106,-0.8428,-1.2926;-0.1568,-1.8384,0.1191;-0.1963,-2.7960,-0.4308;-0.2209,-2.0655,1.1948;-1.6816,-0.9642,-0.3605;-1.8098,-0.5568,-1.7903;-1.6948,0.2452,0.7182;-2.4320,1.4574,0.4796;-3.4623,1.3222,0.8545;-2.4847,1.6375,-0.6067;-1.7397,2.6001,1.1963;-0.7180,2.7390,0.8105;-2.3008,3.5366,1.0454;-1.6767,2.4040,2.2782;-2.8545,-1.9760,0.1442;-3.9135,-2.4042,-0.7317;-3.5436,-2.4255,-1.7693;-4.1555,-3.4336,-0.4231;-5.1314,-1.5030,-0.6209;-4.9000,-0.4901,-0.9866;-5.9568,-1.9034,-1.2325;-5.4763,-1.4325,0.4230;3.2011,0.1499,0.4149;3.6009,0.5599,-0.8743;2.9888,0.3022,-1.7417;4.7702,1.2951,-1.0623;5.0589,1.6011,-2.0717;5.5738,1.6431,0.0312;6.4899,2.2202,-0.1199;5.1933,1.2461,1.3156;5.8114,1.5110,2.1778;4.0218,0.5087,1.5024;3.7308,0.2022,2.5116;</g>
	</geometry>
	<conformers/>
	<properties/>
</molecule>
