<?xml version="1.0" ?>
<!--MOLLI PACKAGE EXPERIMENTAL XML FORMAT-->
<molecule name="react_670">
	<atoms>
		<a id="1" s="H" t="H" l="H"/>
		<a id="2" s="O" t="O.3" l="O"/>
		<a id="3" s="C" t="C.3" l="C"/>
		<a id="4" s="C" t="C.2" l="C"/>
		<a id="5" s="H" t="H" l="H"/>
		<a id="6" s="C" t="C.2" l="C"/>
		<a id="7" s="H" t="H" l="H"/>
		<a id="8" s="C" t="C.3" l="C"/>
		<a id="9" s="H" t="H" l="H"/>
		<a id="10" s="H" t="H" l="H"/>
		<a id="11" s="C" t="C.3" l="C"/>
		<a id="12" s="H" t="H" l="H"/>
		<a id="13" s="H" t="H" l="H"/>
		<a id="14" s="C" t="C.ar" l="C"/>
		<a id="15" s="C" t="C.ar" l="C"/>
		<a id="16" s="H" t="H" l="H"/>
		<a id="17" s="C" t="C.ar" l="C"/>
		<a id="18" s="H" t="H" l="H"/>
		<a id="19" s="C" t="C.ar" l="C"/>
		<a id="20" s="H" t="H" l="H"/>
		<a id="21" s="C" t="C.ar" l="C"/>
		<a id="22" s="H" t="H" l="H"/>
		<a id="23" s="C" t="C.ar" l="C"/>
		<a id="24" s="H" t="H" l="H"/>
		<a id="25" s="C" t="C.3" l="C"/>
		<a id="26" s="H" t="H" l="H"/>
		<a id="27" s="H" t="H" l="H"/>
		<a id="28" s="H" t="H" l="H"/>
		<a id="29" s="C" t="C.3" l="C"/>
		<a id="30" s="H" t="H" l="H"/>
		<a id="31" s="H" t="H" l="H"/>
		<a id="32" s="H" t="H" l="H"/>
	</atoms>
	<bonds>
		<b id="1" c="16 15" t="1"/>
		<b id="2" c="18 17" t="1"/>
		<b id="3" c="28 25" t="1"/>
		<b id="4" c="13 11" t="1"/>
		<b id="5" c="7 6" t="1"/>
		<b id="6" c="15 17" t="ar"/>
		<b id="7" c="15 14" t="ar"/>
		<b id="8" c="26 25" t="1"/>
		<b id="9" c="17 19" t="ar"/>
		<b id="10" c="27 25" t="1"/>
		<b id="11" c="25 3" t="1"/>
		<b id="12" c="10 8" t="1"/>
		<b id="13" c="11 14" t="1"/>
		<b id="14" c="11 8" t="1"/>
		<b id="15" c="11 12" t="1"/>
		<b id="16" c="6 8" t="1"/>
		<b id="17" c="6 4" t="2"/>
		<b id="18" c="14 23" t="ar"/>
		<b id="19" c="8 9" t="1"/>
		<b id="20" c="31 29" t="1"/>
		<b id="21" c="19 20" t="1"/>
		<b id="22" c="19 21" t="ar"/>
		<b id="23" c="3 4" t="1"/>
		<b id="24" c="3 29" t="1"/>
		<b id="25" c="3 2" t="1"/>
		<b id="26" c="4 5" t="1"/>
		<b id="27" c="32 29" t="1"/>
		<b id="28" c="29 30" t="1"/>
		<b id="29" c="23 21" t="ar"/>
		<b id="30" c="23 24" t="1"/>
		<b id="31" c="21 22" t="1"/>
		<b id="32" c="2 1" t="1"/>
	</bonds>
	<geometry>
		<g u="A" t="cart/3d">#32,3:-3.7160,0.6405,2.1110;-3.9860,0.9255,1.2272;-3.5767,-0.0823,0.2902;-2.0809,-0.3075,0.4393;-1.7782,-0.5955,1.4583;-1.1293,-0.2082,-0.4957;-1.4083,0.0726,-1.5192;0.3380,-0.4416,-0.2658;0.5158,-0.7577,0.7761;0.6853,-1.2739,-0.9061;1.2053,0.8008,-0.5825;0.8769,1.6341,0.0606;1.0117,1.1141,-1.6232;2.6862,0.5566,-0.3938;3.4680,0.0230,-1.4321;3.0038,-0.1834,-2.4018;4.8283,-0.2406,-1.2485;5.4180,-0.6515,-2.0727;5.4353,0.0255,-0.0171;6.4998,-0.1772,0.1277;4.6710,0.5581,1.0257;5.1367,0.7753,1.9910;3.3107,0.8195,0.8365;2.7217,1.2415,1.6570;-3.9813,0.4636,-1.0786;-3.4661,1.4145,-1.2789;-5.0648,0.6550,-1.0849;-3.7469,-0.2487,-1.8834;-4.3264,-1.3916,0.5983;-4.0521,-1.7709,1.5977;-4.0868,-2.1787,-0.1342;-5.4128,-1.2109,0.5878;</g>
	</geometry>
	<conformers/>
	<properties/>
</molecule>
