<?xml version="1.0" ?>
<!--MOLLI PACKAGE EXPERIMENTAL XML FORMAT-->
<molecule name="react_671">
	<atoms>
		<a id="1" s="H" t="H" l="H"/>
		<a id="2" s="C" t="C.2" l="C"/>
		<a id="3" s="C" t="C.2" l="C"/>
		<a id="4" s="O" t="O.2" l="O"/>
		<a id="5" s="N" t="N.am" l="N"/>
		<a id="6" s="C" t="C.3" l="C"/>
		<a id="7" s="H" t="H" l="H"/>
		<a id="8" s="H" t="H" l="H"/>
		<a id="9" s="C" t="C.3" l="C"/>
		<a id="10" s="H" t="H" l="H"/>
		<a id="11" s="H" t="H" l="H"/>
		<a id="12" s="H" t="H" l="H"/>
		<a id="13" s="C" t="C.3" l="C"/>
		<a id="14" s="H" t="H" l="H"/>
		<a id="15" s="H" t="H" l="H"/>
		<a id="16" s="C" t="C.3" l="C"/>
		<a id="17" s="H" t="H" l="H"/>
		<a id="18" s="H" t="H" l="H"/>
		<a id="19" s="H" t="H" l="H"/>
		<a id="20" s="C" t="C.2" l="C"/>
		<a id="21" s="H" t="H" l="H"/>
		<a id="22" s="C" t="C.ar" l="C"/>
		<a id="23" s="C" t="C.ar" l="C"/>
		<a id="24" s="H" t="H" l="H"/>
		<a id="25" s="C" t="C.ar" l="C"/>
		<a id="26" s="H" t="H" l="H"/>
		<a id="27" s="C" t="C.ar" l="C"/>
		<a id="28" s="H" t="H" l="H"/>
		<a id="29" s="C" t="C.ar" l="C"/>
		<a id="30" s="H" t="H" l="H"/>
		<a id="31" s="C" t="C.ar" l="C"/>
		<a id="32" s="H" t="H" l="H"/>
	</atoms>
	<bonds>
		<b id="1" c="26 25" t="1"/>
		<b id="2" c="24 23" t="1"/>
		<b id="3" c="25 23" t="ar"/>
		<b id="4" c="25 27" t="ar"/>
		<b id="5" c="23 22" t="ar"/>
		<b id="6" c="21 20" t="1"/>
		<b id="7" c="28 27" t="1"/>
		<b id="8" c="27 29" t="ar"/>
		<b id="9" c="4 3" t="2"/>
		<b id="10" c="22 20" t="1"/>
		<b id="11" c="22 31" t="ar"/>
		<b id="12" c="20 2" t="2"/>
		<b id="13" c="7 6" t="1"/>
		<b id="14" c="29 31" t="ar"/>
		<b id="15" c="29 30" t="1"/>
		<b id="16" c="31 32" t="1"/>
		<b id="17" c="3 2" t="1"/>
		<b id="18" c="3 5" t="am"/>
		<b id="19" c="2 1" t="1"/>
		<b id="20" c="10 9" t="1"/>
		<b id="21" c="6 5" t="1"/>
		<b id="22" c="6 9" t="1"/>
		<b id="23" c="6 8" t="1"/>
		<b id="24" c="5 13" t="1"/>
		<b id="25" c="12 9" t="1"/>
		<b id="26" c="9 11" t="1"/>
		<b id="27" c="19 16" t="1"/>
		<b id="28" c="17 16" t="1"/>
		<b id="29" c="16 13" t="1"/>
		<b id="30" c="16 18" t="1"/>
		<b id="31" c="13 15" t="1"/>
		<b id="32" c="13 14" t="1"/>
	</bonds>
	<geometry>
		<g u="A" t="cart/3d">#32,3:0.4683,0.4957,0.5763;0.0670,-0.0736,-0.2630;-1.4058,-0.3156,-0.3655;-1.8904,-0.8742,-1.3458;-2.2076,0.1213,0.6683;-3.6536,-0.0562,0.5168;-3.8945,0.0574,-0.5494;-4.1546,0.7611,1.0624;-4.1562,-1.4148,1.0098;-3.6966,-2.2234,0.4219;-3.9178,-1.5771,2.0745;-5.2505,-1.4855,0.8953;-1.7307,0.7125,1.9161;-2.4274,0.4055,2.7140;-0.7636,0.2674,2.1924;-1.6253,2.2401,1.8854;-2.5940,2.7003,1.6324;-1.3118,2.6292,2.8681;-0.8920,2.5731,1.1336;0.8828,-0.5474,-1.2257;0.3933,-1.1004,-2.0352;2.3403,-0.4115,-1.3224;3.0027,-1.0029,-2.4173;2.4133,-1.5423,-3.1642;4.3887,-0.9110,-2.5605;4.8790,-1.3787,-3.4184;5.1459,-0.2222,-1.6089;6.2313,-0.1481,-1.7166;4.5049,0.3737,-0.5146;5.0913,0.9145,0.2333;3.1218,0.2808,-0.3728;2.6421,0.7527,0.4880;</g>
	</geometry>
	<conformers/>
	<properties/>
</molecule>
