<?xml version="1.0" ?>
<!--MOLLI PACKAGE EXPERIMENTAL XML FORMAT-->
<molecule name="react_672">
	<atoms>
		<a id="1" s="H" t="H" l="H"/>
		<a id="2" s="C" t="C.2" l="C"/>
		<a id="3" s="C" t="C.2" l="C"/>
		<a id="4" s="O" t="O.2" l="O"/>
		<a id="5" s="N" t="N.am" l="N"/>
		<a id="6" s="C" t="C.3" l="C"/>
		<a id="7" s="H" t="H" l="H"/>
		<a id="8" s="H" t="H" l="H"/>
		<a id="9" s="C" t="C.3" l="C"/>
		<a id="10" s="H" t="H" l="H"/>
		<a id="11" s="H" t="H" l="H"/>
		<a id="12" s="O" t="O.3" l="O"/>
		<a id="13" s="C" t="C.3" l="C"/>
		<a id="14" s="H" t="H" l="H"/>
		<a id="15" s="H" t="H" l="H"/>
		<a id="16" s="C" t="C.3" l="C"/>
		<a id="17" s="H" t="H" l="H"/>
		<a id="18" s="H" t="H" l="H"/>
		<a id="19" s="C" t="C.2" l="C"/>
		<a id="20" s="H" t="H" l="H"/>
		<a id="21" s="C" t="C.ar" l="C"/>
		<a id="22" s="C" t="C.ar" l="C"/>
		<a id="23" s="H" t="H" l="H"/>
		<a id="24" s="C" t="C.ar" l="C"/>
		<a id="25" s="H" t="H" l="H"/>
		<a id="26" s="C" t="C.ar" l="C"/>
		<a id="27" s="H" t="H" l="H"/>
		<a id="28" s="C" t="C.ar" l="C"/>
		<a id="29" s="H" t="H" l="H"/>
		<a id="30" s="C" t="C.ar" l="C"/>
		<a id="31" s="H" t="H" l="H"/>
	</atoms>
	<bonds>
		<b id="1" c="15 13" t="1"/>
		<b id="2" c="23 22" t="1"/>
		<b id="3" c="20 19" t="1"/>
		<b id="4" c="25 24" t="1"/>
		<b id="5" c="4 3" t="2"/>
		<b id="6" c="18 16" t="1"/>
		<b id="7" c="14 13" t="1"/>
		<b id="8" c="13 16" t="1"/>
		<b id="9" c="13 12" t="1"/>
		<b id="10" c="22 24" t="ar"/>
		<b id="11" c="22 21" t="ar"/>
		<b id="12" c="24 26" t="ar"/>
		<b id="13" c="19 21" t="1"/>
		<b id="14" c="19 2" t="2"/>
		<b id="15" c="3 2" t="1"/>
		<b id="16" c="3 5" t="am"/>
		<b id="17" c="21 30" t="ar"/>
		<b id="18" c="16 5" t="1"/>
		<b id="19" c="16 17" t="1"/>
		<b id="20" c="2 1" t="1"/>
		<b id="21" c="12 9" t="1"/>
		<b id="22" c="5 6" t="1"/>
		<b id="23" c="26 27" t="1"/>
		<b id="24" c="26 28" t="ar"/>
		<b id="25" c="8 6" t="1"/>
		<b id="26" c="30 28" t="ar"/>
		<b id="27" c="30 31" t="1"/>
		<b id="28" c="28 29" t="1"/>
		<b id="29" c="6 9" t="1"/>
		<b id="30" c="6 7" t="1"/>
		<b id="31" c="9 11" t="1"/>
		<b id="32" c="9 10" t="1"/>
	</bonds>
	<geometry>
		<g u="A" t="cart/3d">#31,3:0.3788,0.5463,0.3579;0.1676,-0.3676,-0.1986;-1.2455,-0.7291,-0.5158;-1.5239,-1.7464,-1.1427;-2.2269,0.1326,-0.0673;-1.9766,1.3824,0.6556;-1.4368,1.2007,1.6031;-1.3616,2.0678,0.0455;-3.3076,2.0687,0.9675;-3.8542,1.5043,1.7503;-3.1102,3.0718,1.3757;-4.0900,2.2468,-0.1884;-4.3163,1.0664,-0.9574;-5.4045,0.8778,-1.0215;-3.9507,1.2553,-1.9829;-3.6201,-0.1652,-0.3827;-4.1521,-0.5263,0.5169;-3.6257,-0.9875,-1.1100;1.1663,-1.1782,-0.6031;0.8583,-2.0732,-1.1553;2.6073,-1.0079,-0.3934;3.4845,-1.9842,-0.9073;3.0674,-2.8388,-1.4474;4.8663,-1.8767,-0.7375;5.5260,-2.6471,-1.1453;5.4032,-0.7864,-0.0476;6.4844,-0.6985,0.0882;4.5467,0.1944,0.4700;4.9602,1.0502,1.0104;3.1681,0.0862,0.3000;2.5177,0.8616,0.7114;</g>
	</geometry>
	<conformers/>
	<properties/>
</molecule>
