<?xml version="1.0" ?>
<!--MOLLI PACKAGE EXPERIMENTAL XML FORMAT-->
<molecule name="react_673">
	<atoms>
		<a id="1" s="H" t="H" l="H"/>
		<a id="2" s="C" t="C.2" l="C"/>
		<a id="3" s="C" t="C.2" l="C"/>
		<a id="4" s="O" t="O.2" l="O"/>
		<a id="5" s="O" t="O.3" l="O"/>
		<a id="6" s="C" t="C.3" l="C"/>
		<a id="7" s="H" t="H" l="H"/>
		<a id="8" s="H" t="H" l="H"/>
		<a id="9" s="C" t="C.3" l="C"/>
		<a id="10" s="H" t="H" l="H"/>
		<a id="11" s="H" t="H" l="H"/>
		<a id="12" s="H" t="H" l="H"/>
		<a id="13" s="C" t="C.2" l="C"/>
		<a id="14" s="H" t="H" l="H"/>
		<a id="15" s="C" t="C.3" l="C"/>
		<a id="16" s="H" t="H" l="H"/>
		<a id="17" s="H" t="H" l="H"/>
		<a id="18" s="O" t="O.3" l="O"/>
		<a id="19" s="C" t="C.3" l="C"/>
		<a id="20" s="H" t="H" l="H"/>
		<a id="21" s="H" t="H" l="H"/>
		<a id="22" s="C" t="C.ar" l="C"/>
		<a id="23" s="C" t="C.ar" l="C"/>
		<a id="24" s="H" t="H" l="H"/>
		<a id="25" s="C" t="C.ar" l="C"/>
		<a id="26" s="H" t="H" l="H"/>
		<a id="27" s="C" t="C.ar" l="C"/>
		<a id="28" s="H" t="H" l="H"/>
		<a id="29" s="C" t="C.ar" l="C"/>
		<a id="30" s="H" t="H" l="H"/>
		<a id="31" s="C" t="C.ar" l="C"/>
		<a id="32" s="H" t="H" l="H"/>
	</atoms>
	<bonds>
		<b id="1" c="30 29" t="1"/>
		<b id="2" c="4 3" t="2"/>
		<b id="3" c="32 31" t="1"/>
		<b id="4" c="29 31" t="ar"/>
		<b id="5" c="29 27" t="ar"/>
		<b id="6" c="1 2" t="1"/>
		<b id="7" c="8 6" t="1"/>
		<b id="8" c="31 22" t="ar"/>
		<b id="9" c="28 27" t="1"/>
		<b id="10" c="3 2" t="1"/>
		<b id="11" c="3 5" t="1"/>
		<b id="12" c="27 25" t="ar"/>
		<b id="13" c="2 13" t="2"/>
		<b id="14" c="20 19" t="1"/>
		<b id="15" c="11 9" t="1"/>
		<b id="16" c="6 5" t="1"/>
		<b id="17" c="6 9" t="1"/>
		<b id="18" c="6 7" t="1"/>
		<b id="19" c="22 19" t="1"/>
		<b id="20" c="22 23" t="ar"/>
		<b id="21" c="18 19" t="1"/>
		<b id="22" c="18 15" t="1"/>
		<b id="23" c="19 21" t="1"/>
		<b id="24" c="10 9" t="1"/>
		<b id="25" c="25 23" t="ar"/>
		<b id="26" c="25 26" t="1"/>
		<b id="27" c="9 12" t="1"/>
		<b id="28" c="13 15" t="1"/>
		<b id="29" c="13 14" t="1"/>
		<b id="30" c="23 24" t="1"/>
		<b id="31" c="15 17" t="1"/>
		<b id="32" c="15 16" t="1"/>
	</bonds>
	<geometry>
		<g u="A" t="cart/3d">#32,3:1.2584,1.1937,-1.1662;1.7306,0.5390,-0.4315;3.1101,0.1188,-0.7718;3.6831,0.4570,-1.7836;3.6639,-0.6895,0.1621;5.0020,-1.1554,-0.0751;5.0691,-2.1085,0.4711;5.1287,-1.3488,-1.1510;6.0422,-0.1636,0.4218;7.0529,-0.5875,0.3031;5.9941,0.7727,-0.1541;5.8889,0.0672,1.4880;1.0782,0.1645,0.6783;1.5788,-0.4905,1.3991;-0.3175,0.5667,1.0283;-0.3147,1.0568,2.0285;-0.9315,-0.3520,1.1484;-0.8612,1.4232,0.0577;-2.2154,1.7666,0.2628;-2.4052,2.6155,-0.4161;-2.3766,2.1359,1.2958;-3.1910,0.6416,-0.0405;-4.3515,0.4660,0.7262;-4.5391,1.1233,1.5815;-5.2708,-0.5402,0.4102;-6.1719,-0.6640,1.0172;-5.0321,-1.3913,-0.6726;-5.7463,-2.1819,-0.9181;-3.8712,-1.2297,-1.4375;-3.6766,-1.8945,-2.2837;-2.9590,-0.2189,-1.1256;-2.0491,-0.0926,-1.7179;</g>
	</geometry>
	<conformers/>
	<properties/>
</molecule>
