<?xml version="1.0" ?>
<!--MOLLI PACKAGE EXPERIMENTAL XML FORMAT-->
<molecule name="react_675">
	<atoms>
		<a id="1" s="H" t="H" l="H"/>
		<a id="2" s="C" t="C.2" l="C"/>
		<a id="3" s="C" t="C.2" l="C"/>
		<a id="4" s="H" t="H" l="H"/>
		<a id="5" s="C" t="C.3" l="C"/>
		<a id="6" s="H" t="H" l="H"/>
		<a id="7" s="H" t="H" l="H"/>
		<a id="8" s="C" t="C.3" l="C"/>
		<a id="9" s="H" t="H" l="H"/>
		<a id="10" s="H" t="H" l="H"/>
		<a id="11" s="C" t="C.3" l="C"/>
		<a id="12" s="H" t="H" l="H"/>
		<a id="13" s="H" t="H" l="H"/>
		<a id="14" s="H" t="H" l="H"/>
		<a id="15" s="C" t="C.ar" l="C"/>
		<a id="16" s="C" t="C.ar" l="C"/>
		<a id="17" s="H" t="H" l="H"/>
		<a id="18" s="C" t="C.ar" l="C"/>
		<a id="19" s="O" t="O.3" l="O"/>
		<a id="20" s="C" t="C.3" l="C"/>
		<a id="21" s="H" t="H" l="H"/>
		<a id="22" s="H" t="H" l="H"/>
		<a id="23" s="H" t="H" l="H"/>
		<a id="24" s="C" t="C.ar" l="C"/>
		<a id="25" s="H" t="H" l="H"/>
		<a id="26" s="C" t="C.ar" l="C"/>
		<a id="27" s="O" t="O.3" l="O"/>
		<a id="28" s="C" t="C.3" l="C"/>
		<a id="29" s="H" t="H" l="H"/>
		<a id="30" s="H" t="H" l="H"/>
		<a id="31" s="H" t="H" l="H"/>
		<a id="32" s="C" t="C.ar" l="C"/>
		<a id="33" s="H" t="H" l="H"/>
	</atoms>
	<bonds>
		<b id="1" c="13 11" t="1"/>
		<b id="2" c="21 20" t="1"/>
		<b id="3" c="14 11" t="1"/>
		<b id="4" c="22 20" t="1"/>
		<b id="5" c="11 12" t="1"/>
		<b id="6" c="11 8" t="1"/>
		<b id="7" c="10 8" t="1"/>
		<b id="8" c="20 19" t="1"/>
		<b id="9" c="20 23" t="1"/>
		<b id="10" c="8 9" t="1"/>
		<b id="11" c="8 5" t="1"/>
		<b id="12" c="19 18" t="1"/>
		<b id="13" c="17 16" t="1"/>
		<b id="14" c="4 3" t="1"/>
		<b id="15" c="18 16" t="ar"/>
		<b id="16" c="18 24" t="ar"/>
		<b id="17" c="16 15" t="ar"/>
		<b id="18" c="25 24" t="1"/>
		<b id="19" c="3 5" t="1"/>
		<b id="20" c="3 2" t="2"/>
		<b id="21" c="24 26" t="ar"/>
		<b id="22" c="5 6" t="1"/>
		<b id="23" c="5 7" t="1"/>
		<b id="24" c="15 2" t="1"/>
		<b id="25" c="15 32" t="ar"/>
		<b id="26" c="2 1" t="1"/>
		<b id="27" c="26 32" t="ar"/>
		<b id="28" c="26 27" t="1"/>
		<b id="29" c="32 33" t="1"/>
		<b id="30" c="31 28" t="1"/>
		<b id="31" c="27 28" t="1"/>
		<b id="32" c="28 30" t="1"/>
		<b id="33" c="28 29" t="1"/>
	</bonds>
	<geometry>
		<g u="A" t="cart/3d">#33,3:1.3830,0.9329,1.2292;0.9591,0.0909,0.6674;1.8111,-0.8436,0.2104;1.4217,-1.6933,-0.3661;3.2990,-0.8367,0.4207;3.5770,-1.7293,1.0138;3.5857,0.0404,1.0279;4.1204,-0.8574,-0.8845;5.1840,-1.0032,-0.6259;3.8316,-1.7451,-1.4774;3.9683,0.4019,-1.7390;4.3002,1.2994,-1.1891;4.5693,0.3353,-2.6605;2.9189,0.5668,-2.0326;-0.5064,0.1360,0.5090;-1.2329,-0.8979,-0.1127;-0.7078,-1.7750,-0.4866;-2.6254,-0.7952,-0.2372;-3.4086,-1.7426,-0.8180;-2.8123,-2.8989,-1.3570;-2.0964,-2.6570,-2.1641;-3.6274,-3.5053,-1.7760;-2.2873,-3.4924,-0.5860;-3.3022,0.3303,0.2531;-4.3857,0.4026,0.1528;-2.5848,1.3578,0.8729;-3.3204,2.4105,1.3180;-2.6736,3.4873,1.9560;-2.1530,3.1700,2.8783;-3.4575,4.2097,2.2229;-1.9429,3.9841,1.2914;-1.1891,1.2622,1.0040;-0.6156,2.0547,1.4847;</g>
	</geometry>
	<conformers/>
	<properties/>
</molecule>
