<?xml version="1.0" ?>
<!--MOLLI PACKAGE EXPERIMENTAL XML FORMAT-->
<molecule name="react_677">
	<atoms>
		<a id="1" s="H" t="H" l="H"/>
		<a id="2" s="C" t="C.2" l="C"/>
		<a id="3" s="C" t="C.2" l="C"/>
		<a id="4" s="H" t="H" l="H"/>
		<a id="5" s="C" t="C.3" l="C"/>
		<a id="6" s="H" t="H" l="H"/>
		<a id="7" s="H" t="H" l="H"/>
		<a id="8" s="C" t="C.3" l="C"/>
		<a id="9" s="H" t="H" l="H"/>
		<a id="10" s="H" t="H" l="H"/>
		<a id="11" s="C" t="C.3" l="C"/>
		<a id="12" s="H" t="H" l="H"/>
		<a id="13" s="H" t="H" l="H"/>
		<a id="14" s="C" t="C.2" l="C"/>
		<a id="15" s="O" t="O.2" l="O"/>
		<a id="16" s="O" t="O.3" l="O"/>
		<a id="17" s="C" t="C.3" l="C"/>
		<a id="18" s="H" t="H" l="H"/>
		<a id="19" s="H" t="H" l="H"/>
		<a id="20" s="H" t="H" l="H"/>
		<a id="21" s="C" t="C.ar" l="C"/>
		<a id="22" s="C" t="C.ar" l="C"/>
		<a id="23" s="H" t="H" l="H"/>
		<a id="24" s="C" t="C.ar" l="C"/>
		<a id="25" s="H" t="H" l="H"/>
		<a id="26" s="C" t="C.ar" l="C"/>
		<a id="27" s="H" t="H" l="H"/>
		<a id="28" s="C" t="C.ar" l="C"/>
		<a id="29" s="H" t="H" l="H"/>
		<a id="30" s="C" t="C.ar" l="C"/>
		<a id="31" s="H" t="H" l="H"/>
	</atoms>
	<bonds>
		<b id="1" c="19 17" t="1"/>
		<b id="2" c="15 14" t="2"/>
		<b id="3" c="17 20" t="1"/>
		<b id="4" c="17 18" t="1"/>
		<b id="5" c="17 16" t="1"/>
		<b id="6" c="10 8" t="1"/>
		<b id="7" c="29 28" t="1"/>
		<b id="8" c="31 30" t="1"/>
		<b id="9" c="28 30" t="ar"/>
		<b id="10" c="28 26" t="ar"/>
		<b id="11" c="14 16" t="1"/>
		<b id="12" c="14 11" t="1"/>
		<b id="13" c="27 26" t="1"/>
		<b id="14" c="30 21" t="ar"/>
		<b id="15" c="26 24" t="ar"/>
		<b id="16" c="8 9" t="1"/>
		<b id="17" c="8 11" t="1"/>
		<b id="18" c="8 5" t="1"/>
		<b id="19" c="1 2" t="1"/>
		<b id="20" c="13 11" t="1"/>
		<b id="21" c="21 2" t="1"/>
		<b id="22" c="21 22" t="ar"/>
		<b id="23" c="24 22" t="ar"/>
		<b id="24" c="24 25" t="1"/>
		<b id="25" c="11 12" t="1"/>
		<b id="26" c="2 3" t="2"/>
		<b id="27" c="22 23" t="1"/>
		<b id="28" c="7 5" t="1"/>
		<b id="29" c="3 5" t="1"/>
		<b id="30" c="3 4" t="1"/>
		<b id="31" c="5 6" t="1"/>
	</bonds>
	<geometry>
		<g u="A" t="cart/3d">#31,3:-1.8501,2.1782,-0.0251;-1.6945,1.1260,0.2468;-0.4827,0.7763,0.7139;-0.2990,-0.2671,0.9980;0.6710,1.7272,0.8777;1.0194,1.6973,1.9288;0.3202,2.7569,0.6975;1.8765,1.4506,-0.0434;2.6147,2.2601,0.0787;1.5534,1.4951,-1.0968;2.5708,0.1146,0.2159;2.8849,0.0242,1.2719;1.9010,-0.7441,0.0393;3.8044,-0.0937,-0.6397;4.2638,0.7031,-1.4207;4.3485,-1.3071,-0.4160;5.5278,-1.6192,-1.1573;5.8241,-2.6306,-0.8510;5.3308,-1.5914,-2.2402;6.3337,-0.9025,-0.9347;-2.8731,0.2640,0.0516;-2.8816,-1.1171,0.3393;-1.9806,-1.5978,0.7280;-4.0263,-1.8865,0.1358;-4.0069,-2.9553,0.3666;-5.1970,-1.3000,-0.3616;-6.0928,-1.9063,-0.5200;-5.2079,0.0666,-0.6527;-6.1148,0.5379,-1.0415;-4.0601,0.8357,-0.4479;-4.0776,1.9051,-0.6784;</g>
	</geometry>
	<conformers/>
	<properties/>
</molecule>
