<?xml version="1.0" ?>
<!--MOLLI PACKAGE EXPERIMENTAL XML FORMAT-->
<molecule name="react_678">
	<atoms>
		<a id="1" s="H" t="H" l="H"/>
		<a id="2" s="C" t="C.2" l="C"/>
		<a id="3" s="C" t="C.2" l="C"/>
		<a id="4" s="H" t="H" l="H"/>
		<a id="5" s="C" t="C.ar" l="C"/>
		<a id="6" s="C" t="C.ar" l="C"/>
		<a id="7" s="H" t="H" l="H"/>
		<a id="8" s="C" t="C.ar" l="C"/>
		<a id="9" s="H" t="H" l="H"/>
		<a id="10" s="C" t="C.ar" l="C"/>
		<a id="11" s="Cl" t="Cl" l="CL"/>
		<a id="12" s="C" t="C.ar" l="C"/>
		<a id="13" s="H" t="H" l="H"/>
		<a id="14" s="C" t="C.ar" l="C"/>
		<a id="15" s="H" t="H" l="H"/>
		<a id="16" s="C" t="C.ar" l="C"/>
		<a id="17" s="C" t="C.ar" l="C"/>
		<a id="18" s="H" t="H" l="H"/>
		<a id="19" s="C" t="C.ar" l="C"/>
		<a id="20" s="H" t="H" l="H"/>
		<a id="21" s="C" t="C.ar" l="C"/>
		<a id="22" s="Cl" t="Cl" l="CL"/>
		<a id="23" s="C" t="C.ar" l="C"/>
		<a id="24" s="H" t="H" l="H"/>
		<a id="25" s="C" t="C.ar" l="C"/>
		<a id="26" s="H" t="H" l="H"/>
	</atoms>
	<bonds>
		<b id="1" c="13 12" t="1"/>
		<b id="2" c="15 14" t="1"/>
		<b id="3" c="12 14" t="ar"/>
		<b id="4" c="12 10" t="ar"/>
		<b id="5" c="11 10" t="1"/>
		<b id="6" c="14 5" t="ar"/>
		<b id="7" c="10 8" t="ar"/>
		<b id="8" c="4 3" t="1"/>
		<b id="9" c="5 3" t="1"/>
		<b id="10" c="5 6" t="ar"/>
		<b id="11" c="18 17" t="1"/>
		<b id="12" c="8 6" t="ar"/>
		<b id="13" c="8 9" t="1"/>
		<b id="14" c="3 2" t="2"/>
		<b id="15" c="6 7" t="1"/>
		<b id="16" c="20 19" t="1"/>
		<b id="17" c="17 19" t="ar"/>
		<b id="18" c="17 16" t="ar"/>
		<b id="19" c="2 16" t="1"/>
		<b id="20" c="2 1" t="1"/>
		<b id="21" c="19 21" t="ar"/>
		<b id="22" c="16 25" t="ar"/>
		<b id="23" c="21 22" t="1"/>
		<b id="24" c="21 23" t="ar"/>
		<b id="25" c="25 23" t="ar"/>
		<b id="26" c="25 26" t="1"/>
		<b id="27" c="23 24" t="1"/>
	</bonds>
	<geometry>
		<g u="A" t="cart/3d">#26,3:0.0284,-1.4730,0.4413;-0.4106,-0.5007,0.1938;0.4106,0.5006,-0.1938;-0.0284,1.4730,-0.4413;1.8695,0.4479,-0.3295;2.6386,-0.7070,-0.0668;2.1502,-1.6290,0.2561;4.0233,-0.7064,-0.2096;4.6042,-1.6071,-0.0025;4.6770,0.4616,-0.6225;6.4157,0.4643,-0.8017;3.9473,1.6221,-0.8916;4.4644,2.5279,-1.2133;2.5604,1.6054,-0.7438;1.9942,2.5169,-0.9559;-1.8695,-0.4479,0.3294;-2.6386,0.7070,0.0668;-2.1502,1.6290,-0.2561;-4.0233,0.7064,0.2096;-4.6042,1.6071,0.0025;-4.6770,-0.4616,0.6225;-6.4157,-0.4643,0.8017;-3.9473,-1.6221,0.8916;-4.4644,-2.5279,1.2133;-2.5604,-1.6054,0.7438;-1.9942,-2.5169,0.9559;</g>
	</geometry>
	<conformers/>
	<properties/>
</molecule>
