<?xml version="1.0" ?>
<!--MOLLI PACKAGE EXPERIMENTAL XML FORMAT-->
<molecule name="react_679">
	<atoms>
		<a id="1" s="H" t="H" l="H"/>
		<a id="2" s="C" t="C.2" l="C"/>
		<a id="3" s="C" t="C.2" l="C"/>
		<a id="4" s="H" t="H" l="H"/>
		<a id="5" s="C" t="C.ar" l="C"/>
		<a id="6" s="C" t="C.ar" l="C"/>
		<a id="7" s="H" t="H" l="H"/>
		<a id="8" s="C" t="C.ar" l="C"/>
		<a id="9" s="H" t="H" l="H"/>
		<a id="10" s="C" t="C.ar" l="C"/>
		<a id="11" s="Br" t="Br" l="BR"/>
		<a id="12" s="C" t="C.ar" l="C"/>
		<a id="13" s="H" t="H" l="H"/>
		<a id="14" s="C" t="C.ar" l="C"/>
		<a id="15" s="H" t="H" l="H"/>
		<a id="16" s="C" t="C.ar" l="C"/>
		<a id="17" s="C" t="C.ar" l="C"/>
		<a id="18" s="H" t="H" l="H"/>
		<a id="19" s="C" t="C.ar" l="C"/>
		<a id="20" s="H" t="H" l="H"/>
		<a id="21" s="C" t="C.ar" l="C"/>
		<a id="22" s="Br" t="Br" l="BR"/>
		<a id="23" s="C" t="C.ar" l="C"/>
		<a id="24" s="H" t="H" l="H"/>
		<a id="25" s="C" t="C.ar" l="C"/>
		<a id="26" s="H" t="H" l="H"/>
	</atoms>
	<bonds>
		<b id="1" c="18 17" t="1"/>
		<b id="2" c="20 19" t="1"/>
		<b id="3" c="9 8" t="1"/>
		<b id="4" c="7 6" t="1"/>
		<b id="5" c="1 2" t="1"/>
		<b id="6" c="17 19" t="ar"/>
		<b id="7" c="17 16" t="ar"/>
		<b id="8" c="19 21" t="ar"/>
		<b id="9" c="8 6" t="ar"/>
		<b id="10" c="8 10" t="ar"/>
		<b id="11" c="6 5" t="ar"/>
		<b id="12" c="2 16" t="1"/>
		<b id="13" c="2 3" t="2"/>
		<b id="14" c="16 25" t="ar"/>
		<b id="15" c="21 22" t="1"/>
		<b id="16" c="21 23" t="ar"/>
		<b id="17" c="11 10" t="1"/>
		<b id="18" c="10 12" t="ar"/>
		<b id="19" c="5 3" t="1"/>
		<b id="20" c="5 14" t="ar"/>
		<b id="21" c="3 4" t="1"/>
		<b id="22" c="25 23" t="ar"/>
		<b id="23" c="25 26" t="1"/>
		<b id="24" c="23 24" t="1"/>
		<b id="25" c="12 14" t="ar"/>
		<b id="26" c="12 13" t="1"/>
		<b id="27" c="14 15" t="1"/>
	</bonds>
	<geometry>
		<g u="A" t="cart/3d">#26,3:0.1626,1.0319,-1.0623;0.4754,0.3121,-0.2985;-0.4754,-0.3121,0.4319;-0.1626,-1.0320,1.1956;-1.9277,-0.1403,0.3269;-2.5468,0.7375,-0.5894;-1.9394,1.3362,-1.2716;-3.9321,0.8651,-0.6511;-4.3910,1.5495,-1.3670;-4.7358,0.1090,0.2110;-6.6323,0.2822,0.1254;-4.1575,-0.7690,1.1308;-4.7864,-1.3565,1.8021;-2.7678,-0.8851,1.1801;-2.3193,-1.5740,1.9017;1.9277,0.1403,-0.1935;2.7678,0.8851,-1.0467;2.3193,1.5741,-1.7682;4.1575,0.7691,-0.9973;4.7864,1.3566,-1.6686;4.7358,-0.1089,-0.0776;6.6323,-0.2821,0.0081;3.9321,-0.8651,0.7845;4.3910,-1.5495,1.5003;2.5469,-0.7376,0.7228;1.9394,-1.3364,1.4048;</g>
	</geometry>
	<conformers/>
	<properties/>
</molecule>
