<?xml version="1.0" ?>
<!--MOLLI PACKAGE EXPERIMENTAL XML FORMAT-->
<molecule name="react_8">
	<atoms>
		<a id="1" s="H" t="H" l="H"/>
		<a id="2" s="C" t="C.2" l="C"/>
		<a id="3" s="C" t="C.2" l="C"/>
		<a id="4" s="H" t="H" l="H"/>
		<a id="5" s="C" t="C.3" l="C"/>
		<a id="6" s="H" t="H" l="H"/>
		<a id="7" s="H" t="H" l="H"/>
		<a id="8" s="C" t="C.3" l="C"/>
		<a id="9" s="H" t="H" l="H"/>
		<a id="10" s="H" t="H" l="H"/>
		<a id="11" s="C" t="C.3" l="C"/>
		<a id="12" s="H" t="H" l="H"/>
		<a id="13" s="H" t="H" l="H"/>
		<a id="14" s="C" t="C.3" l="C"/>
		<a id="15" s="H" t="H" l="H"/>
		<a id="16" s="H" t="H" l="H"/>
		<a id="17" s="H" t="H" l="H"/>
		<a id="18" s="C" t="C.3" l="C"/>
		<a id="19" s="H" t="H" l="H"/>
		<a id="20" s="H" t="H" l="H"/>
		<a id="21" s="C" t="C.3" l="C"/>
		<a id="22" s="H" t="H" l="H"/>
		<a id="23" s="H" t="H" l="H"/>
		<a id="24" s="C" t="C.3" l="C"/>
		<a id="25" s="H" t="H" l="H"/>
		<a id="26" s="H" t="H" l="H"/>
		<a id="27" s="C" t="C.3" l="C"/>
		<a id="28" s="H" t="H" l="H"/>
		<a id="29" s="H" t="H" l="H"/>
		<a id="30" s="H" t="H" l="H"/>
	</atoms>
	<bonds>
		<b id="1" c="20 18" t="1"/>
		<b id="2" c="19 18" t="1"/>
		<b id="3" c="4 3" t="1"/>
		<b id="4" c="18 21" t="1"/>
		<b id="5" c="18 2" t="1"/>
		<b id="6" c="23 21" t="1"/>
		<b id="7" c="25 24" t="1"/>
		<b id="8" c="3 2" t="2"/>
		<b id="9" c="3 5" t="1"/>
		<b id="10" c="21 24" t="1"/>
		<b id="11" c="21 22" t="1"/>
		<b id="12" c="2 1" t="1"/>
		<b id="13" c="6 5" t="1"/>
		<b id="14" c="24 26" t="1"/>
		<b id="15" c="24 27" t="1"/>
		<b id="16" c="30 27" t="1"/>
		<b id="17" c="5 7" t="1"/>
		<b id="18" c="5 8" t="1"/>
		<b id="19" c="9 8" t="1"/>
		<b id="20" c="16 14" t="1"/>
		<b id="21" c="17 14" t="1"/>
		<b id="22" c="27 28" t="1"/>
		<b id="23" c="27 29" t="1"/>
		<b id="24" c="8 10" t="1"/>
		<b id="25" c="8 11" t="1"/>
		<b id="26" c="14 15" t="1"/>
		<b id="27" c="14 11" t="1"/>
		<b id="28" c="11 12" t="1"/>
		<b id="29" c="11 13" t="1"/>
	</bonds>
	<geometry>
		<g u="A" t="cart/3d">#30,3:-0.8556,1.8377,0.0193;-0.6977,1.1099,-0.7908;0.5157,0.5584,-0.9243;0.6723,-0.1732,-1.7306;1.7091,0.8448,-0.0547;2.5196,1.2560,-0.6853;1.4560,1.6330,0.6766;2.2321,-0.3972,0.6910;2.4832,-1.1849,-0.0445;1.4094,-0.8081,1.3023;3.4480,-0.1410,1.5942;3.6379,-1.0524,2.1884;3.1939,0.6464,2.3281;4.7324,0.2453,0.8550;5.5749,0.3635,1.5558;5.0183,-0.5275,0.1205;4.6280,1.1971,0.3091;-1.8925,0.8362,-1.6638;-2.1772,1.7732,-2.1792;-1.6171,0.1187,-2.4572;-3.1268,0.3181,-0.9001;-3.3864,1.0376,-0.1003;-3.9921,0.3105,-1.5877;-2.9553,-1.0770,-0.2907;-2.7111,-1.7940,-1.0967;-2.0800,-1.0763,0.3826;-4.1898,-1.5643,0.4703;-4.0348,-2.5707,0.8924;-4.4387,-0.8886,1.3064;-5.0757,-1.6129,-0.1861;</g>
	</geometry>
	<conformers/>
	<properties/>
</molecule>
