<?xml version="1.0" ?>
<!--MOLLI PACKAGE EXPERIMENTAL XML FORMAT-->
<molecule name="react_226">
	<atoms>
		<a id="1" s="H" t="H" l="H"/>
		<a id="2" s="C" t="C.2" l="C"/>
		<a id="3" s="H" t="H" l="H"/>
		<a id="4" s="C" t="C.2" l="C"/>
		<a id="5" s="H" t="H" l="H"/>
		<a id="6" s="C" t="C.3" l="C"/>
		<a id="7" s="C" t="C.3" l="C"/>
		<a id="8" s="H" t="H" l="H"/>
		<a id="9" s="H" t="H" l="H"/>
		<a id="10" s="C" t="C.3" l="C"/>
		<a id="11" s="H" t="H" l="H"/>
		<a id="12" s="C" t="C.3" l="C"/>
		<a id="13" s="H" t="H" l="H"/>
		<a id="14" s="H" t="H" l="H"/>
		<a id="15" s="C" t="C.3" l="C"/>
		<a id="16" s="H" t="H" l="H"/>
		<a id="17" s="C" t="C.3" l="C"/>
		<a id="18" s="H" t="H" l="H"/>
		<a id="19" s="H" t="H" l="H"/>
		<a id="20" s="C" t="C.3" l="C"/>
		<a id="21" s="H" t="H" l="H"/>
		<a id="22" s="H" t="H" l="H"/>
		<a id="23" s="C" t="C.3" l="C"/>
		<a id="24" s="H" t="H" l="H"/>
		<a id="25" s="C" t="C.3" l="C"/>
		<a id="26" s="H" t="H" l="H"/>
		<a id="27" s="H" t="H" l="H"/>
		<a id="28" s="C" t="C.3" l="C"/>
		<a id="29" s="H" t="H" l="H"/>
		<a id="30" s="H" t="H" l="H"/>
	</atoms>
	<bonds>
		<b id="1" c="24 23" t="1"/>
		<b id="2" c="27 25" t="1"/>
		<b id="3" c="26 25" t="1"/>
		<b id="4" c="23 25" t="1"/>
		<b id="5" c="23 28" t="1"/>
		<b id="6" c="23 20" t="1"/>
		<b id="7" c="1 2" t="1"/>
		<b id="8" c="29 28" t="1"/>
		<b id="9" c="21 20" t="1"/>
		<b id="10" c="25 6" t="1"/>
		<b id="11" c="30 28" t="1"/>
		<b id="12" c="22 20" t="1"/>
		<b id="13" c="28 10" t="1"/>
		<b id="14" c="20 15" t="1"/>
		<b id="15" c="2 3" t="1"/>
		<b id="16" c="2 4" t="2"/>
		<b id="17" c="6 4" t="1"/>
		<b id="18" c="6 7" t="1"/>
		<b id="19" c="6 17" t="1"/>
		<b id="20" c="9 7" t="1"/>
		<b id="21" c="19 17" t="1"/>
		<b id="22" c="4 5" t="1"/>
		<b id="23" c="10 7" t="1"/>
		<b id="24" c="10 11" t="1"/>
		<b id="25" c="10 12" t="1"/>
		<b id="26" c="15 17" t="1"/>
		<b id="27" c="15 16" t="1"/>
		<b id="28" c="15 12" t="1"/>
		<b id="29" c="7 8" t="1"/>
		<b id="30" c="17 18" t="1"/>
		<b id="31" c="14 12" t="1"/>
		<b id="32" c="12 13" t="1"/>
	</bonds>
	<geometry>
		<g u="A" t="cart/3d">#30,3:3.3314,-0.3653,-1.4153;3.4748,-0.4035,-0.3319;4.5028,-0.5322,0.0195;2.4619,-0.3000,0.5346;2.6933,-0.3486,1.6084;0.9920,-0.1204,0.2320;0.1931,-1.3071,0.8443;0.4063,-1.3783,1.9259;0.5392,-2.2522,0.3908;-1.3197,-1.1254,0.6135;-1.8591,-1.9817,1.0550;-1.7888,0.1827,1.2806;-1.6114,0.1390,2.3698;-2.8764,0.3127,1.1400;-1.0273,1.3742,0.6668;-1.3563,2.3123,1.1472;0.4856,1.1914,0.8980;0.7040,1.1650,1.9807;1.0429,2.0494,0.4837;-1.3089,1.4390,-0.8473;-0.7865,2.3032,-1.2944;-2.3878,1.5903,-1.0278;-0.8371,0.1311,-1.5129;-1.0317,0.1771,-2.5986;0.6764,-0.0505,-1.2793;1.2303,0.7874,-1.7373;1.0251,-0.9727,-1.7759;-1.5999,-1.0606,-0.9009;-1.2847,-2.0019,-1.3846;-2.6835,-0.9543,-1.0846;</g>
	</geometry>
	<conformers/>
	<properties/>
</molecule>
