<?xml version="1.0" ?>
<!--MOLLI PACKAGE EXPERIMENTAL XML FORMAT-->
<molecule name="react_680">
	<atoms>
		<a id="1" s="H" t="H" l="H"/>
		<a id="2" s="C" t="C.2" l="C"/>
		<a id="3" s="C" t="C.2" l="C"/>
		<a id="4" s="H" t="H" l="H"/>
		<a id="5" s="C" t="C.ar" l="C"/>
		<a id="6" s="C" t="C.ar" l="C"/>
		<a id="7" s="H" t="H" l="H"/>
		<a id="8" s="C" t="C.ar" l="C"/>
		<a id="9" s="H" t="H" l="H"/>
		<a id="10" s="C" t="C.ar" l="C"/>
		<a id="11" s="H" t="H" l="H"/>
		<a id="12" s="C" t="C.ar" l="C"/>
		<a id="13" s="H" t="H" l="H"/>
		<a id="14" s="C" t="C.ar" l="C"/>
		<a id="15" s="Br" t="Br" l="BR"/>
		<a id="16" s="C" t="C.ar" l="C"/>
		<a id="17" s="C" t="C.ar" l="C"/>
		<a id="18" s="H" t="H" l="H"/>
		<a id="19" s="C" t="C.ar" l="C"/>
		<a id="20" s="H" t="H" l="H"/>
		<a id="21" s="C" t="C.ar" l="C"/>
		<a id="22" s="H" t="H" l="H"/>
		<a id="23" s="C" t="C.ar" l="C"/>
		<a id="24" s="H" t="H" l="H"/>
		<a id="25" s="C" t="C.ar" l="C"/>
		<a id="26" s="Br" t="Br" l="BR"/>
	</atoms>
	<bonds>
		<b id="1" c="26 25" t="1"/>
		<b id="2" c="24 23" t="1"/>
		<b id="3" c="23 25" t="ar"/>
		<b id="4" c="23 21" t="ar"/>
		<b id="5" c="25 16" t="ar"/>
		<b id="6" c="4 3" t="1"/>
		<b id="7" c="7 6" t="1"/>
		<b id="8" c="3 5" t="1"/>
		<b id="9" c="3 2" t="2"/>
		<b id="10" c="6 5" t="ar"/>
		<b id="11" c="6 8" t="ar"/>
		<b id="12" c="22 21" t="1"/>
		<b id="13" c="21 19" t="ar"/>
		<b id="14" c="9 8" t="1"/>
		<b id="15" c="5 14" t="ar"/>
		<b id="16" c="16 2" t="1"/>
		<b id="17" c="16 17" t="ar"/>
		<b id="18" c="8 10" t="ar"/>
		<b id="19" c="2 1" t="1"/>
		<b id="20" c="14 15" t="1"/>
		<b id="21" c="14 12" t="ar"/>
		<b id="22" c="10 12" t="ar"/>
		<b id="23" c="10 11" t="1"/>
		<b id="24" c="12 13" t="1"/>
		<b id="25" c="19 17" t="ar"/>
		<b id="26" c="19 20" t="1"/>
		<b id="27" c="17 18" t="1"/>
	</bonds>
	<geometry>
		<g u="A" t="cart/3d">#26,3:0.2489,-1.1965,0.9350;0.4941,-0.4502,0.1761;-0.5119,0.2669,-0.3674;-0.2585,1.0773,-1.0546;-1.9545,0.1788,-0.0806;-2.6909,1.3796,-0.2275;-2.1484,2.2746,-0.5443;-4.0559,1.4638,0.0301;-4.5751,2.4182,-0.0876;-4.7538,0.3218,0.4327;-5.8268,0.3642,0.6357;-4.0722,-0.8890,0.5613;-4.6074,-1.7945,0.8525;-2.6979,-0.9617,0.3071;-1.9280,-2.7132,0.4415;1.9433,-0.2938,-0.0406;2.7746,-0.6225,1.0576;2.2927,-0.9715,1.9751;4.1604,-0.5027,1.0168;4.7561,-0.7591,1.8964;4.7803,-0.0593,-0.1548;5.8674,0.0385,-0.2100;4.0004,0.2450,-1.2712;4.4713,0.5690,-2.2009;2.6068,0.1270,-1.2180;1.6854,0.4893,-2.8601;</g>
	</geometry>
	<conformers/>
	<properties/>
</molecule>
