<?xml version="1.0" ?>
<!--MOLLI PACKAGE EXPERIMENTAL XML FORMAT-->
<molecule name="react_247">
	<atoms>
		<a id="1" s="H" t="H" l="H"/>
		<a id="2" s="C" t="C.2" l="C"/>
		<a id="3" s="H" t="H" l="H"/>
		<a id="4" s="C" t="C.2" l="C"/>
		<a id="5" s="H" t="H" l="H"/>
		<a id="6" s="C" t="C.3" l="C"/>
		<a id="7" s="H" t="H" l="H"/>
		<a id="8" s="H" t="H" l="H"/>
		<a id="9" s="C" t="C.1" l="C"/>
		<a id="10" s="C" t="C.1" l="C"/>
		<a id="11" s="C" t="C.3" l="C"/>
		<a id="12" s="H" t="H" l="H"/>
		<a id="13" s="H" t="H" l="H"/>
		<a id="14" s="C" t="C.3" l="C"/>
		<a id="15" s="H" t="H" l="H"/>
		<a id="16" s="H" t="H" l="H"/>
		<a id="17" s="C" t="C.3" l="C"/>
		<a id="18" s="H" t="H" l="H"/>
		<a id="19" s="H" t="H" l="H"/>
		<a id="20" s="C" t="C.3" l="C"/>
		<a id="21" s="H" t="H" l="H"/>
		<a id="22" s="H" t="H" l="H"/>
		<a id="23" s="C" t="C.3" l="C"/>
		<a id="24" s="H" t="H" l="H"/>
		<a id="25" s="H" t="H" l="H"/>
		<a id="26" s="C" t="C.3" l="C"/>
		<a id="27" s="H" t="H" l="H"/>
		<a id="28" s="H" t="H" l="H"/>
		<a id="29" s="C" t="C.3" l="C"/>
		<a id="30" s="H" t="H" l="H"/>
		<a id="31" s="H" t="H" l="H"/>
		<a id="32" s="C" t="C.3" l="C"/>
		<a id="33" s="H" t="H" l="H"/>
		<a id="34" s="H" t="H" l="H"/>
		<a id="35" s="C" t="C.3" l="C"/>
		<a id="36" s="H" t="H" l="H"/>
		<a id="37" s="H" t="H" l="H"/>
		<a id="38" s="C" t="C.3" l="C"/>
		<a id="39" s="H" t="H" l="H"/>
		<a id="40" s="H" t="H" l="H"/>
		<a id="41" s="C" t="C.3" l="C"/>
		<a id="42" s="H" t="H" l="H"/>
		<a id="43" s="H" t="H" l="H"/>
		<a id="44" s="C" t="C.3" l="C"/>
		<a id="45" s="H" t="H" l="H"/>
		<a id="46" s="H" t="H" l="H"/>
		<a id="47" s="C" t="C.3" l="C"/>
		<a id="48" s="H" t="H" l="H"/>
		<a id="49" s="H" t="H" l="H"/>
		<a id="50" s="H" t="H" l="H"/>
	</atoms>
	<bonds>
		<b id="1" c="12 11" t="1"/>
		<b id="2" c="13 11" t="1"/>
		<b id="3" c="19 17" t="1"/>
		<b id="4" c="11 14" t="1"/>
		<b id="5" c="11 10" t="1"/>
		<b id="6" c="15 14" t="1"/>
		<b id="7" c="14 17" t="1"/>
		<b id="8" c="14 16" t="1"/>
		<b id="9" c="10 9" t="3"/>
		<b id="10" c="48 47" t="1"/>
		<b id="11" c="17 18" t="1"/>
		<b id="12" c="17 20" t="1"/>
		<b id="13" c="5 4" t="1"/>
		<b id="14" c="22 20" t="1"/>
		<b id="15" c="37 35" t="1"/>
		<b id="16" c="45 44" t="1"/>
		<b id="17" c="50 47" t="1"/>
		<b id="18" c="9 6" t="1"/>
		<b id="19" c="36 35" t="1"/>
		<b id="20" c="21 20" t="1"/>
		<b id="21" c="34 32" t="1"/>
		<b id="22" c="20 23" t="1"/>
		<b id="23" c="47 44" t="1"/>
		<b id="24" c="47 49" t="1"/>
		<b id="25" c="7 6" t="1"/>
		<b id="26" c="42 41" t="1"/>
		<b id="27" c="35 32" t="1"/>
		<b id="28" c="35 38" t="1"/>
		<b id="29" c="4 6" t="1"/>
		<b id="30" c="4 2" t="2"/>
		<b id="31" c="44 41" t="1"/>
		<b id="32" c="44 46" t="1"/>
		<b id="33" c="6 8" t="1"/>
		<b id="34" c="32 33" t="1"/>
		<b id="35" c="32 29" t="1"/>
		<b id="36" c="41 38" t="1"/>
		<b id="37" c="41 43" t="1"/>
		<b id="38" c="3 2" t="1"/>
		<b id="39" c="2 1" t="1"/>
		<b id="40" c="38 40" t="1"/>
		<b id="41" c="38 39" t="1"/>
		<b id="42" c="23 24" t="1"/>
		<b id="43" c="23 25" t="1"/>
		<b id="44" c="23 26" t="1"/>
		<b id="45" c="30 29" t="1"/>
		<b id="46" c="29 26" t="1"/>
		<b id="47" c="29 31" t="1"/>
		<b id="48" c="27 26" t="1"/>
		<b id="49" c="26 28" t="1"/>
	</bonds>
	<geometry>
		<g u="A" t="cart/3d">#50,3:8.5850,-1.6658,1.8644;8.8692,-1.9004,0.8325;9.6430,-2.6609,0.6930;8.2988,-1.2888,-0.2077;8.6003,-1.5561,-1.2280;7.2356,-0.2164,-0.1031;7.6506,0.7398,-0.4780;6.9850,-0.0441,0.9586;6.0169,-0.5287,-0.8599;5.0187,-0.8057,-1.4929;3.7987,-1.1373,-2.2348;3.8180,-0.6274,-3.2160;3.8014,-2.2195,-2.4575;2.4913,-0.7763,-1.4980;1.6460,-1.1854,-2.0804;2.4806,-1.2972,-0.5259;2.2888,0.7296,-1.2993;3.1490,1.1402,-0.7403;2.3109,1.2196,-2.2900;0.9844,1.1170,-0.5848;0.8621,2.2136,-0.6485;0.1309,0.6858,-1.1388;0.9186,0.7001,0.8910;0.9370,-0.4023,0.9687;1.8428,1.0482,1.3888;-0.2830,1.2228,1.6970;-0.2908,2.3290,1.6718;-0.1058,0.9548,2.7529;-1.6735,0.6934,1.2857;-1.5747,-0.3429,0.9089;-2.2992,0.6166,2.1911;-2.4223,1.5452,0.2491;-2.5904,2.5537,0.6726;-1.7840,1.6981,-0.6369;-3.7661,0.9624,-0.2160;-3.5869,-0.0331,-0.6617;-4.1579,1.5921,-1.0362;-4.8420,0.8603,0.8745;-4.5092,0.1679,1.6690;-4.9436,1.8484,1.3604;-6.2251,0.4145,0.3767;-6.5676,1.1059,-0.4171;-6.9511,0.5264,1.2030;-6.2987,-1.0260,-0.1450;-5.6129,-1.1503,-1.0016;-5.9281,-1.7125,0.6392;-7.7086,-1.4461,-0.5657;-8.0949,-0.8009,-1.3733;-8.4173,-1.3758,0.2774;-7.7303,-2.4854,-0.9325;</g>
	</geometry>
	<conformers/>
	<properties/>
</molecule>
