<?xml version="1.0" ?>
<!--MOLLI PACKAGE EXPERIMENTAL XML FORMAT-->
<molecule name="react_256">
	<atoms>
		<a id="1" s="H" t="H" l="H"/>
		<a id="2" s="C" t="C.2" l="C"/>
		<a id="3" s="C" t="C.2" l="C"/>
		<a id="4" s="C" t="C.3" l="C"/>
		<a id="5" s="H" t="H" l="H"/>
		<a id="6" s="H" t="H" l="H"/>
		<a id="7" s="C" t="C.3" l="C"/>
		<a id="8" s="H" t="H" l="H"/>
		<a id="9" s="H" t="H" l="H"/>
		<a id="10" s="H" t="H" l="H"/>
		<a id="11" s="C" t="C.3" l="C"/>
		<a id="12" s="H" t="H" l="H"/>
		<a id="13" s="H" t="H" l="H"/>
		<a id="14" s="C" t="C.3" l="C"/>
		<a id="15" s="H" t="H" l="H"/>
		<a id="16" s="H" t="H" l="H"/>
		<a id="17" s="C" t="C.3" l="C"/>
		<a id="18" s="H" t="H" l="H"/>
		<a id="19" s="H" t="H" l="H"/>
		<a id="20" s="O" t="O.2" l="O"/>
	</atoms>
	<bonds>
		<b id="1" c="12 11" t="1"/>
		<b id="2" c="13 11" t="1"/>
		<b id="3" c="15 14" t="1"/>
		<b id="4" c="5 4" t="1"/>
		<b id="5" c="11 14" t="1"/>
		<b id="6" c="11 3" t="1"/>
		<b id="7" c="10 7" t="1"/>
		<b id="8" c="14 16" t="1"/>
		<b id="9" c="14 17" t="1"/>
		<b id="10" c="19 17" t="1"/>
		<b id="11" c="9 7" t="1"/>
		<b id="12" c="4 7" t="1"/>
		<b id="13" c="4 3" t="1"/>
		<b id="14" c="4 6" t="1"/>
		<b id="15" c="7 8" t="1"/>
		<b id="16" c="3 2" t="2"/>
		<b id="17" c="17 18" t="1"/>
		<b id="18" c="17 20" t="1"/>
		<b id="19" c="2 20" t="1"/>
		<b id="20" c="2 1" t="1"/>
	</bonds>
	<geometry>
		<g u="A" t="cart/3d">#20,3:0.0698,-1.4499,1.9842;-0.4065,-0.8608,1.1940;0.2540,-0.4555,0.0931;1.6999,-0.8334,-0.1304;1.8070,-1.2709,-1.1421;1.9787,-1.6354,0.5745;2.6958,0.3289,0.0131;2.6542,0.7597,1.0268;3.7287,-0.0106,-0.1703;2.4873,1.1418,-0.7019;-0.4477,0.4092,-0.9333;-0.6469,-0.1801,-1.8500;0.2142,1.2328,-1.2538;-1.7542,0.9805,-0.3679;-2.4043,1.3695,-1.1688;-1.5345,1.8234,0.3099;-2.4956,-0.0966,0.4169;-3.4197,0.2888,0.8732;-2.7695,-0.9337,-0.2558;-1.7106,-0.6075,1.4890;</g>
	</geometry>
	<conformers/>
	<properties/>
</molecule>
