<?xml version="1.0" ?>
<!--MOLLI PACKAGE EXPERIMENTAL XML FORMAT-->
<molecule name="react_258">
	<atoms>
		<a id="1" s="H" t="H" l="H"/>
		<a id="2" s="O" t="O.3" l="O"/>
		<a id="3" s="C" t="C.3" l="C"/>
		<a id="4" s="C" t="C.2" l="C"/>
		<a id="5" s="C" t="C.2" l="C"/>
		<a id="6" s="H" t="H" l="H"/>
		<a id="7" s="C" t="C.3" l="C"/>
		<a id="8" s="H" t="H" l="H"/>
		<a id="9" s="H" t="H" l="H"/>
		<a id="10" s="C" t="C.3" l="C"/>
		<a id="11" s="H" t="H" l="H"/>
		<a id="12" s="H" t="H" l="H"/>
		<a id="13" s="H" t="H" l="H"/>
		<a id="14" s="C" t="C.3" l="C"/>
		<a id="15" s="H" t="H" l="H"/>
		<a id="16" s="H" t="H" l="H"/>
		<a id="17" s="H" t="H" l="H"/>
		<a id="18" s="C" t="C.3" l="C"/>
		<a id="19" s="H" t="H" l="H"/>
		<a id="20" s="H" t="H" l="H"/>
		<a id="21" s="H" t="H" l="H"/>
		<a id="22" s="C" t="C.3" l="C"/>
		<a id="23" s="H" t="H" l="H"/>
		<a id="24" s="H" t="H" l="H"/>
		<a id="25" s="H" t="H" l="H"/>
	</atoms>
	<bonds>
		<b id="1" c="13 10" t="1"/>
		<b id="2" c="19 18" t="1"/>
		<b id="3" c="17 14" t="1"/>
		<b id="4" c="11 10" t="1"/>
		<b id="5" c="10 12" t="1"/>
		<b id="6" c="10 7" t="1"/>
		<b id="7" c="20 18" t="1"/>
		<b id="8" c="18 21" t="1"/>
		<b id="9" c="18 3" t="1"/>
		<b id="10" c="1 2" t="1"/>
		<b id="11" c="14 15" t="1"/>
		<b id="12" c="14 4" t="1"/>
		<b id="13" c="14 16" t="1"/>
		<b id="14" c="9 7" t="1"/>
		<b id="15" c="4 5" t="2"/>
		<b id="16" c="4 3" t="1"/>
		<b id="17" c="7 5" t="1"/>
		<b id="18" c="7 8" t="1"/>
		<b id="19" c="5 6" t="1"/>
		<b id="20" c="3 2" t="1"/>
		<b id="21" c="3 22" t="1"/>
		<b id="22" c="22 24" t="1"/>
		<b id="23" c="22 23" t="1"/>
		<b id="24" c="22 25" t="1"/>
	</bonds>
	<geometry>
		<g u="A" t="cart/3d">#25,3:-0.8855,2.1297,-0.6294;-1.2744,1.8563,0.2134;-1.4475,0.4418,0.1686;-0.0998,-0.2865,-0.0293;1.0532,0.3851,0.1501;0.9641,1.4410,0.4308;2.4672,-0.1135,0.0207;2.9717,0.0057,0.9987;2.4975,-1.1907,-0.2062;3.2738,0.6549,-1.0378;4.3208,0.3115,-1.0700;3.2841,1.7370,-0.8240;2.8417,0.5210,-2.0432;-0.1747,-1.7518,-0.3896;0.8012,-2.2501,-0.3189;-0.8691,-2.2949,0.2739;-0.5462,-1.8996,-1.4183;-2.4413,0.1080,-0.9617;-2.0069,0.3482,-1.9475;-2.7323,-0.9532,-0.9718;-3.3508,0.7138,-0.8299;-2.0491,0.0820,1.5360;-3.0092,0.6045,1.6713;-2.2239,-1.0001,1.6305;-1.3646,0.4000,2.3362;</g>
	</geometry>
	<conformers/>
	<properties/>
</molecule>
