<?xml version="1.0" ?>
<!--MOLLI PACKAGE EXPERIMENTAL XML FORMAT-->
<molecule name="react_259">
	<atoms>
		<a id="1" s="H" t="H" l="H"/>
		<a id="2" s="C" t="C.2" l="C"/>
		<a id="3" s="C" t="C.2" l="C"/>
		<a id="4" s="C" t="C.3" l="C"/>
		<a id="5" s="H" t="H" l="H"/>
		<a id="6" s="H" t="H" l="H"/>
		<a id="7" s="C" t="C.1" l="C"/>
		<a id="8" s="N" t="N.1" l="N"/>
		<a id="9" s="C" t="C.3" l="C"/>
		<a id="10" s="H" t="H" l="H"/>
		<a id="11" s="H" t="H" l="H"/>
		<a id="12" s="C" t="C.3" l="C"/>
		<a id="13" s="H" t="H" l="H"/>
		<a id="14" s="H" t="H" l="H"/>
		<a id="15" s="C" t="C.3" l="C"/>
		<a id="16" s="H" t="H" l="H"/>
		<a id="17" s="H" t="H" l="H"/>
		<a id="18" s="C" t="C.3" l="C"/>
		<a id="19" s="H" t="H" l="H"/>
		<a id="20" s="H" t="H" l="H"/>
	</atoms>
	<bonds>
		<b id="1" c="6 4" t="1"/>
		<b id="2" c="8 7" t="3"/>
		<b id="3" c="7 4" t="1"/>
		<b id="4" c="20 18" t="1"/>
		<b id="5" c="13 12" t="1"/>
		<b id="6" c="1 2" t="1"/>
		<b id="7" c="4 3" t="1"/>
		<b id="8" c="4 5" t="1"/>
		<b id="9" c="10 9" t="1"/>
		<b id="10" c="2 3" t="2"/>
		<b id="11" c="2 18" t="1"/>
		<b id="12" c="3 9" t="1"/>
		<b id="13" c="18 19" t="1"/>
		<b id="14" c="18 15" t="1"/>
		<b id="15" c="12 9" t="1"/>
		<b id="16" c="12 14" t="1"/>
		<b id="17" c="12 15" t="1"/>
		<b id="18" c="9 11" t="1"/>
		<b id="19" c="15 17" t="1"/>
		<b id="20" c="15 16" t="1"/>
	</bonds>
	<geometry>
		<g u="A" t="cart/3d">#20,3:0.3853,2.0609,-0.6775;-0.0319,1.1164,-0.3114;0.7720,0.0483,-0.1914;2.2580,0.0812,-0.5121;2.8368,-0.2583,0.3676;2.4863,-0.6492,-1.3108;2.7855,1.3831,-0.9257;3.2028,2.4129,-1.2542;0.2656,-1.2968,0.2873;0.7136,-2.0999,-0.3265;0.6394,-1.4765,1.3152;-1.2646,-1.3994,0.2561;-1.5984,-1.5347,-0.7887;-1.5936,-2.2950,0.8083;-1.9120,-0.1365,0.8320;-1.5933,-0.0142,1.8833;-3.0100,-0.2340,0.8473;-1.5003,1.1039,0.0287;-1.7551,2.0247,0.5827;-2.0858,1.1628,-0.9101;</g>
	</geometry>
	<conformers/>
	<properties/>
</molecule>
