<?xml version="1.0" ?>
<!--MOLLI PACKAGE EXPERIMENTAL XML FORMAT-->
<molecule name="react_265">
	<atoms>
		<a id="1" s="H" t="H" l="H"/>
		<a id="2" s="C" t="C.2" l="C"/>
		<a id="3" s="C" t="C.2" l="C"/>
		<a id="4" s="O" t="O.2" l="O"/>
		<a id="5" s="C" t="C.3" l="C"/>
		<a id="6" s="H" t="H" l="H"/>
		<a id="7" s="H" t="H" l="H"/>
		<a id="8" s="C" t="C.3" l="C"/>
		<a id="9" s="H" t="H" l="H"/>
		<a id="10" s="H" t="H" l="H"/>
		<a id="11" s="H" t="H" l="H"/>
		<a id="12" s="O" t="O.2" l="O"/>
		<a id="13" s="C" t="C.3" l="C"/>
		<a id="14" s="H" t="H" l="H"/>
		<a id="15" s="H" t="H" l="H"/>
		<a id="16" s="C" t="C.3" l="C"/>
		<a id="17" s="H" t="H" l="H"/>
		<a id="18" s="H" t="H" l="H"/>
		<a id="19" s="H" t="H" l="H"/>
		<a id="20" s="C" t="C.3" l="C"/>
		<a id="21" s="H" t="H" l="H"/>
		<a id="22" s="H" t="H" l="H"/>
		<a id="23" s="C" t="C.3" l="C"/>
		<a id="24" s="H" t="H" l="H"/>
		<a id="25" s="C" t="C.3" l="C"/>
		<a id="26" s="H" t="H" l="H"/>
		<a id="27" s="H" t="H" l="H"/>
		<a id="28" s="H" t="H" l="H"/>
		<a id="29" s="C" t="C.3" l="C"/>
		<a id="30" s="H" t="H" l="H"/>
		<a id="31" s="H" t="H" l="H"/>
		<a id="32" s="H" t="H" l="H"/>
	</atoms>
	<bonds>
		<b id="1" c="6 5" t="1"/>
		<b id="2" c="9 8" t="1"/>
		<b id="3" c="10 8" t="1"/>
		<b id="4" c="8 5" t="1"/>
		<b id="5" c="8 11" t="1"/>
		<b id="6" c="5 7" t="1"/>
		<b id="7" c="5 4" t="1"/>
		<b id="8" c="1 2" t="1"/>
		<b id="9" c="22 20" t="1"/>
		<b id="10" c="4 3" t="1"/>
		<b id="11" c="2 3" t="2"/>
		<b id="12" c="2 20" t="1"/>
		<b id="13" c="27 25" t="1"/>
		<b id="14" c="3 12" t="1"/>
		<b id="15" c="20 21" t="1"/>
		<b id="16" c="20 23" t="1"/>
		<b id="17" c="26 25" t="1"/>
		<b id="18" c="25 23" t="1"/>
		<b id="19" c="25 28" t="1"/>
		<b id="20" c="12 13" t="1"/>
		<b id="21" c="15 13" t="1"/>
		<b id="22" c="23 24" t="1"/>
		<b id="23" c="23 29" t="1"/>
		<b id="24" c="18 16" t="1"/>
		<b id="25" c="13 16" t="1"/>
		<b id="26" c="13 14" t="1"/>
		<b id="27" c="16 17" t="1"/>
		<b id="28" c="16 19" t="1"/>
		<b id="29" c="32 29" t="1"/>
		<b id="30" c="29 30" t="1"/>
		<b id="31" c="29 31" t="1"/>
	</bonds>
	<geometry>
		<g u="A" t="cart/3d">#32,3:0.8351,-0.8358,-1.6186;0.6367,0.0280,-0.9827;-0.6458,0.3001,-0.6631;-1.7405,-0.4250,-1.0020;-1.5787,-1.6420,-1.7139;-1.0941,-1.4398,-2.6875;-0.9097,-2.3172,-1.1475;-2.9479,-2.2647,-1.9104;-3.6058,-1.5899,-2.4801;-2.8579,-3.2118,-2.4653;-3.4261,-2.4746,-0.9409;-0.9835,1.4144,0.0230;-2.0404,1.3363,0.9834;-1.8316,0.5166,1.6965;-2.9913,1.1025,0.4772;-2.1159,2.6723,1.6964;-1.1736,2.8928,2.2221;-2.3047,3.4846,0.9770;-2.9337,2.6645,2.4345;1.8065,0.8764,-0.5547;1.4323,1.8353,-0.1642;2.4171,1.1207,-1.4443;2.7481,0.2449,0.5057;3.5562,0.9830,0.6701;3.4062,-1.0485,0.0080;2.6581,-1.8431,-0.1534;3.9387,-0.8905,-0.9453;4.1379,-1.4305,0.7393;2.0408,0.0287,1.8488;1.6167,0.9699,2.2360;2.7376,-0.3639,2.6083;1.2133,-0.6936,1.7476;</g>
	</geometry>
	<conformers/>
	<properties/>
</molecule>
