<?xml version="1.0" ?>
<!--MOLLI PACKAGE EXPERIMENTAL XML FORMAT-->
<molecule name="react_275">
	<atoms>
		<a id="1" s="H" t="H" l="H"/>
		<a id="2" s="C" t="C.2" l="C"/>
		<a id="3" s="C" t="C.2" l="C"/>
		<a id="4" s="C" t="C.3" l="C"/>
		<a id="5" s="H" t="H" l="H"/>
		<a id="6" s="H" t="H" l="H"/>
		<a id="7" s="Si" t="Si" l="SI"/>
		<a id="8" s="C" t="C.3" l="C"/>
		<a id="9" s="H" t="H" l="H"/>
		<a id="10" s="H" t="H" l="H"/>
		<a id="11" s="H" t="H" l="H"/>
		<a id="12" s="C" t="C.3" l="C"/>
		<a id="13" s="H" t="H" l="H"/>
		<a id="14" s="H" t="H" l="H"/>
		<a id="15" s="H" t="H" l="H"/>
		<a id="16" s="C" t="C.3" l="C"/>
		<a id="17" s="H" t="H" l="H"/>
		<a id="18" s="H" t="H" l="H"/>
		<a id="19" s="H" t="H" l="H"/>
		<a id="20" s="C" t="C.3" l="C"/>
		<a id="21" s="H" t="H" l="H"/>
		<a id="22" s="H" t="H" l="H"/>
		<a id="23" s="C" t="C.3" l="C"/>
		<a id="24" s="H" t="H" l="H"/>
		<a id="25" s="H" t="H" l="H"/>
		<a id="26" s="C" t="C.3" l="C"/>
		<a id="27" s="H" t="H" l="H"/>
		<a id="28" s="H" t="H" l="H"/>
		<a id="29" s="C" t="C.3" l="C"/>
		<a id="30" s="H" t="H" l="H"/>
		<a id="31" s="H" t="H" l="H"/>
	</atoms>
	<bonds>
		<b id="1" c="14 12" t="1"/>
		<b id="2" c="15 12" t="1"/>
		<b id="3" c="13 12" t="1"/>
		<b id="4" c="12 7" t="1"/>
		<b id="5" c="28 26" t="1"/>
		<b id="6" c="21 20" t="1"/>
		<b id="7" c="9 8" t="1"/>
		<b id="8" c="5 4" t="1"/>
		<b id="9" c="30 29" t="1"/>
		<b id="10" c="26 27" t="1"/>
		<b id="11" c="26 29" t="1"/>
		<b id="12" c="26 23" t="1"/>
		<b id="13" c="11 8" t="1"/>
		<b id="14" c="8 7" t="1"/>
		<b id="15" c="8 10" t="1"/>
		<b id="16" c="7 4" t="1"/>
		<b id="17" c="7 16" t="1"/>
		<b id="18" c="20 3" t="1"/>
		<b id="19" c="20 23" t="1"/>
		<b id="20" c="20 22" t="1"/>
		<b id="21" c="25 23" t="1"/>
		<b id="22" c="29 2" t="1"/>
		<b id="23" c="29 31" t="1"/>
		<b id="24" c="3 4" t="1"/>
		<b id="25" c="3 2" t="2"/>
		<b id="26" c="4 6" t="1"/>
		<b id="27" c="2 1" t="1"/>
		<b id="28" c="23 24" t="1"/>
		<b id="29" c="19 16" t="1"/>
		<b id="30" c="16 18" t="1"/>
		<b id="31" c="16 17" t="1"/>
	</bonds>
	<geometry>
		<g u="A" t="cart/3d">#31,3:-0.0303,1.5971,0.1195;0.9116,1.0451,0.0408;0.8896,-0.2999,0.0047;-0.3707,-1.1410,0.0313;-0.3034,-1.8878,-0.7867;-0.3608,-1.7648,0.9490;-2.1210,-0.3919,-0.0990;-3.3180,-1.8623,-0.1261;-3.1232,-2.5248,-0.9866;-3.2307,-2.4709,0.7900;-4.3647,-1.5212,-0.1992;-2.3354,0.5906,-1.7040;-1.6616,1.4602,-1.7553;-2.1257,-0.0442,-2.5817;-3.3710,0.9593,-1.7995;-2.5483,0.6883,1.3992;-2.4202,0.1242,2.3388;-1.9204,1.5906,1.4669;-3.6008,1.0164,1.3499;2.1831,-1.0942,-0.0775;2.2625,-1.5312,-1.0932;2.1153,-1.9635,0.6016;3.4370,-0.2711,0.2411;3.4999,-0.1092,1.3329;4.3429,-0.8327,-0.0431;3.3926,1.0868,-0.4645;4.3152,1.6604,-0.2741;3.3431,0.9250,-1.5570;2.1642,1.8864,-0.0144;2.0001,2.7480,-0.6866;2.3492,2.3321,0.9837;</g>
	</geometry>
	<conformers/>
	<properties/>
</molecule>
