<?xml version="1.0" ?>
<!--MOLLI PACKAGE EXPERIMENTAL XML FORMAT-->
<molecule name="react_281">
	<atoms>
		<a id="1" s="H" t="H" l="H"/>
		<a id="2" s="C" t="C.2" l="C"/>
		<a id="3" s="C" t="C.2" l="C"/>
		<a id="4" s="C" t="C.3" l="C"/>
		<a id="5" s="H" t="H" l="H"/>
		<a id="6" s="H" t="H" l="H"/>
		<a id="7" s="C" t="C.3" l="C"/>
		<a id="8" s="H" t="H" l="H"/>
		<a id="9" s="H" t="H" l="H"/>
		<a id="10" s="C" t="C.3" l="C"/>
		<a id="11" s="H" t="H" l="H"/>
		<a id="12" s="H" t="H" l="H"/>
		<a id="13" s="C" t="C.3" l="C"/>
		<a id="14" s="H" t="H" l="H"/>
		<a id="15" s="H" t="H" l="H"/>
		<a id="16" s="C" t="C.3" l="C"/>
		<a id="17" s="H" t="H" l="H"/>
		<a id="18" s="H" t="H" l="H"/>
		<a id="19" s="C" t="C.3" l="C"/>
		<a id="20" s="H" t="H" l="H"/>
		<a id="21" s="H" t="H" l="H"/>
		<a id="22" s="C" t="C.3" l="C"/>
		<a id="23" s="H" t="H" l="H"/>
		<a id="24" s="H" t="H" l="H"/>
		<a id="25" s="C" t="C.3" l="C"/>
		<a id="26" s="H" t="H" l="H"/>
		<a id="27" s="H" t="H" l="H"/>
		<a id="28" s="C" t="C.3" l="C"/>
		<a id="29" s="H" t="H" l="H"/>
		<a id="30" s="H" t="H" l="H"/>
		<a id="31" s="H" t="H" l="H"/>
	</atoms>
	<bonds>
		<b id="1" c="5 4" t="1"/>
		<b id="2" c="30 28" t="1"/>
		<b id="3" c="6 4" t="1"/>
		<b id="4" c="4 7" t="1"/>
		<b id="5" c="4 3" t="1"/>
		<b id="6" c="23 22" t="1"/>
		<b id="7" c="28 29" t="1"/>
		<b id="8" c="28 31" t="1"/>
		<b id="9" c="28 25" t="1"/>
		<b id="10" c="18 16" t="1"/>
		<b id="11" c="12 10" t="1"/>
		<b id="12" c="9 7" t="1"/>
		<b id="13" c="7 3" t="1"/>
		<b id="14" c="7 8" t="1"/>
		<b id="15" c="22 24" t="1"/>
		<b id="16" c="22 25" t="1"/>
		<b id="17" c="22 19" t="1"/>
		<b id="18" c="26 25" t="1"/>
		<b id="19" c="3 2" t="2"/>
		<b id="20" c="25 27" t="1"/>
		<b id="21" c="14 13" t="1"/>
		<b id="22" c="16 19" t="1"/>
		<b id="23" c="16 13" t="1"/>
		<b id="24" c="16 17" t="1"/>
		<b id="25" c="10 13" t="1"/>
		<b id="26" c="10 2" t="1"/>
		<b id="27" c="10 11" t="1"/>
		<b id="28" c="20 19" t="1"/>
		<b id="29" c="19 21" t="1"/>
		<b id="30" c="13 15" t="1"/>
		<b id="31" c="2 1" t="1"/>
	</bonds>
	<geometry>
		<g u="A" t="cart/3d">#31,3:-2.8189,1.0804,1.9224;-2.8984,0.7426,0.8797;-3.6384,1.4605,0.0415;-4.1679,1.6393,-1.3184;-3.4929,1.9831,-2.1121;-4.9619,0.9699,-1.6723;-4.5070,2.6218,-0.1846;-5.5279,2.6086,0.2172;-4.0582,3.6224,-0.2209;-2.1366,-0.5042,0.5161;-2.5206,-1.3519,1.1168;-2.3294,-0.7601,-0.5399;-0.6211,-0.3866,0.7553;-0.2326,0.4539,0.1543;-0.4395,-0.1118,1.8116;0.1448,-1.6744,0.4295;-0.3010,-2.5048,1.0071;-0.0139,-1.9331,-0.6347;1.6522,-1.6285,0.7196;2.0661,-2.6455,0.5919;1.8103,-1.3740,1.7848;2.4573,-0.6608,-0.1559;2.2683,-0.8929,-1.2216;2.0983,0.3736,-0.0059;3.9663,-0.7049,0.1100;4.3316,-1.7372,-0.0441;4.1530,-0.4787,1.1762;4.7721,0.2575,-0.7645;4.4608,1.3037,-0.6025;4.6343,0.0366,-1.8368;5.8512,0.1954,-0.5489;</g>
	</geometry>
	<conformers/>
	<properties/>
</molecule>
