<?xml version="1.0" ?>
<!--MOLLI PACKAGE EXPERIMENTAL XML FORMAT-->
<molecule name="react_283">
	<atoms>
		<a id="1" s="H" t="H" l="H"/>
		<a id="2" s="O" t="O.3" l="O"/>
		<a id="3" s="C" t="C.3" l="C"/>
		<a id="4" s="C" t="C.2" l="C"/>
		<a id="5" s="H" t="H" l="H"/>
		<a id="6" s="C" t="C.2" l="C"/>
		<a id="7" s="C" t="C.3" l="C"/>
		<a id="8" s="H" t="H" l="H"/>
		<a id="9" s="H" t="H" l="H"/>
		<a id="10" s="H" t="H" l="H"/>
		<a id="11" s="C" t="C.3" l="C"/>
		<a id="12" s="H" t="H" l="H"/>
		<a id="13" s="H" t="H" l="H"/>
		<a id="14" s="C" t="C.3" l="C"/>
		<a id="15" s="H" t="H" l="H"/>
		<a id="16" s="H" t="H" l="H"/>
		<a id="17" s="C" t="C.3" l="C"/>
		<a id="18" s="H" t="H" l="H"/>
		<a id="19" s="H" t="H" l="H"/>
		<a id="20" s="C" t="C.3" l="C"/>
		<a id="21" s="H" t="H" l="H"/>
		<a id="22" s="H" t="H" l="H"/>
		<a id="23" s="C" t="C.3" l="C"/>
		<a id="24" s="H" t="H" l="H"/>
		<a id="25" s="H" t="H" l="H"/>
		<a id="26" s="H" t="H" l="H"/>
		<a id="27" s="C" t="C.3" l="C"/>
		<a id="28" s="H" t="H" l="H"/>
		<a id="29" s="H" t="H" l="H"/>
		<a id="30" s="H" t="H" l="H"/>
		<a id="31" s="C" t="C.3" l="C"/>
		<a id="32" s="H" t="H" l="H"/>
		<a id="33" s="H" t="H" l="H"/>
		<a id="34" s="H" t="H" l="H"/>
	</atoms>
	<bonds>
		<b id="1" c="25 23" t="1"/>
		<b id="2" c="26 23" t="1"/>
		<b id="3" c="1 2" t="1"/>
		<b id="4" c="23 24" t="1"/>
		<b id="5" c="23 20" t="1"/>
		<b id="6" c="8 7" t="1"/>
		<b id="7" c="2 3" t="1"/>
		<b id="8" c="19 17" t="1"/>
		<b id="9" c="9 7" t="1"/>
		<b id="10" c="28 27" t="1"/>
		<b id="11" c="30 27" t="1"/>
		<b id="12" c="7 10" t="1"/>
		<b id="13" c="7 6" t="1"/>
		<b id="14" c="21 20" t="1"/>
		<b id="15" c="20 17" t="1"/>
		<b id="16" c="20 22" t="1"/>
		<b id="17" c="27 3" t="1"/>
		<b id="18" c="27 29" t="1"/>
		<b id="19" c="17 18" t="1"/>
		<b id="20" c="17 14" t="1"/>
		<b id="21" c="3 31" t="1"/>
		<b id="22" c="3 4" t="1"/>
		<b id="23" c="33 31" t="1"/>
		<b id="24" c="6 4" t="2"/>
		<b id="25" c="6 11" t="1"/>
		<b id="26" c="31 34" t="1"/>
		<b id="27" c="31 32" t="1"/>
		<b id="28" c="4 5" t="1"/>
		<b id="29" c="16 14" t="1"/>
		<b id="30" c="14 11" t="1"/>
		<b id="31" c="14 15" t="1"/>
		<b id="32" c="11 12" t="1"/>
		<b id="33" c="11 13" t="1"/>
	</bonds>
	<geometry>
		<g u="A" t="cart/3d">#34,3:-3.6204,0.4577,-1.7700;-2.7754,0.5330,-1.3070;-2.9460,-0.0342,-0.0080;-1.6470,0.0777,0.7677;-1.6615,-0.5284,1.6825;-0.5259,0.7837,0.5264;-0.3136,1.7092,-0.6572;-0.0984,1.1444,-1.5786;-1.2071,2.3080,-0.8730;0.5343,2.3864,-0.4730;0.6355,0.6452,1.5020;1.1012,1.6360,1.6587;0.2423,0.3298,2.4827;1.7352,-0.3622,1.1001;2.4219,-0.4693,1.9605;1.2678,-1.3539,0.9600;2.5637,-0.0138,-0.1409;2.9996,0.9962,-0.0207;1.9109,0.0433,-1.0289;3.6893,-1.0178,-0.4168;3.2529,-2.0268,-0.5346;4.3474,-1.0793,0.4698;4.5252,-0.6753,-1.6513;5.0070,0.3120,-1.5484;3.9021,-0.6424,-2.5613;5.3225,-1.4172,-1.8213;-3.3179,-1.5228,-0.1585;-2.5332,-2.0512,-0.7209;-3.4414,-2.0148,0.8195;-4.2701,-1.6270,-0.7079;-4.0620,0.7237,0.7399;-4.1986,0.3389,1.7631;-5.0260,0.6167,0.2107;-3.8146,1.7941,0.8018;</g>
	</geometry>
	<conformers/>
	<properties/>
</molecule>
