<?xml version="1.0" ?>
<!--MOLLI PACKAGE EXPERIMENTAL XML FORMAT-->
<molecule name="react_286">
	<atoms>
		<a id="1" s="H" t="H" l="H"/>
		<a id="2" s="C" t="C.2" l="C"/>
		<a id="3" s="C" t="C.2" l="C"/>
		<a id="4" s="C" t="C.3" l="C"/>
		<a id="5" s="H" t="H" l="H"/>
		<a id="6" s="H" t="H" l="H"/>
		<a id="7" s="C" t="C.3" l="C"/>
		<a id="8" s="H" t="H" l="H"/>
		<a id="9" s="H" t="H" l="H"/>
		<a id="10" s="C" t="C.3" l="C"/>
		<a id="11" s="H" t="H" l="H"/>
		<a id="12" s="H" t="H" l="H"/>
		<a id="13" s="C" t="C.3" l="C"/>
		<a id="14" s="H" t="H" l="H"/>
		<a id="15" s="H" t="H" l="H"/>
		<a id="16" s="C" t="C.3" l="C"/>
		<a id="17" s="H" t="H" l="H"/>
		<a id="18" s="H" t="H" l="H"/>
		<a id="19" s="C" t="C.3" l="C"/>
		<a id="20" s="H" t="H" l="H"/>
		<a id="21" s="H" t="H" l="H"/>
		<a id="22" s="C" t="C.3" l="C"/>
		<a id="23" s="H" t="H" l="H"/>
		<a id="24" s="H" t="H" l="H"/>
		<a id="25" s="C" t="C.3" l="C"/>
		<a id="26" s="H" t="H" l="H"/>
		<a id="27" s="H" t="H" l="H"/>
		<a id="28" s="C" t="C.3" l="C"/>
		<a id="29" s="H" t="H" l="H"/>
		<a id="30" s="H" t="H" l="H"/>
		<a id="31" s="C" t="C.3" l="C"/>
		<a id="32" s="H" t="H" l="H"/>
		<a id="33" s="H" t="H" l="H"/>
		<a id="34" s="H" t="H" l="H"/>
	</atoms>
	<bonds>
		<b id="1" c="9 7" t="1"/>
		<b id="2" c="5 4" t="1"/>
		<b id="3" c="8 7" t="1"/>
		<b id="4" c="7 4" t="1"/>
		<b id="5" c="7 3" t="1"/>
		<b id="6" c="6 4" t="1"/>
		<b id="7" c="4 3" t="1"/>
		<b id="8" c="3 2" t="2"/>
		<b id="9" c="26 25" t="1"/>
		<b id="10" c="32 31" t="1"/>
		<b id="11" c="27 25" t="1"/>
		<b id="12" c="23 22" t="1"/>
		<b id="13" c="34 31" t="1"/>
		<b id="14" c="25 22" t="1"/>
		<b id="15" c="25 28" t="1"/>
		<b id="16" c="2 1" t="1"/>
		<b id="17" c="2 10" t="1"/>
		<b id="18" c="31 33" t="1"/>
		<b id="19" c="31 28" t="1"/>
		<b id="20" c="11 10" t="1"/>
		<b id="21" c="22 24" t="1"/>
		<b id="22" c="22 19" t="1"/>
		<b id="23" c="14 13" t="1"/>
		<b id="24" c="10 13" t="1"/>
		<b id="25" c="10 12" t="1"/>
		<b id="26" c="28 29" t="1"/>
		<b id="27" c="28 30" t="1"/>
		<b id="28" c="21 19" t="1"/>
		<b id="29" c="13 15" t="1"/>
		<b id="30" c="13 16" t="1"/>
		<b id="31" c="19 16" t="1"/>
		<b id="32" c="19 20" t="1"/>
		<b id="33" c="16 18" t="1"/>
		<b id="34" c="16 17" t="1"/>
	</bonds>
	<geometry>
		<g u="A" t="cart/3d">#34,3:4.0146,-1.7470,0.2616;3.3750,-1.0735,-0.3257;3.6312,-0.9359,-1.6222;4.4610,-1.2899,-2.7800;4.3544,-2.2866,-3.2260;5.4753,-0.8780,-2.8527;3.2790,-0.3135,-2.9070;3.5054,0.7485,-3.0645;2.3828,-0.6585,-3.4376;2.2543,-0.3928,0.4149;1.7487,0.3146,-0.2627;2.6793,0.2120,1.2400;1.2389,-1.3843,1.0127;0.7607,-1.9460,0.1911;1.7879,-2.1398,1.6037;0.1743,-0.7461,1.9193;0.6835,-0.2726,2.7789;-0.4482,-1.5528,2.3480;-0.7507,0.2958,1.2682;-1.3880,0.7231,2.0616;-0.1523,1.1427,0.8845;-1.6364,-0.2459,0.1381;-0.9968,-0.6627,-0.6594;-2.2313,-1.0982,0.5187;-2.5816,0.7876,-0.4941;-3.0436,0.3399,-1.3932;-1.9883,1.6467,-0.8614;-3.6999,1.3015,0.4215;-4.2741,0.4386,0.8076;-3.2648,1.7938,1.3091;-4.6510,2.2769,-0.2749;-5.1408,1.8087,-1.1459;-5.4451,2.6254,0.4054;-4.1135,3.1682,-0.6414;</g>
	</geometry>
	<conformers/>
	<properties/>
</molecule>
