<?xml version="1.0" ?>
<!--MOLLI PACKAGE EXPERIMENTAL XML FORMAT-->
<molecule name="react_12">
	<atoms>
		<a id="1" s="H" t="H" l="H"/>
		<a id="2" s="C" t="C.2" l="C"/>
		<a id="3" s="H" t="H" l="H"/>
		<a id="4" s="C" t="C.2" l="C"/>
		<a id="5" s="C" t="C.3" l="C"/>
		<a id="6" s="H" t="H" l="H"/>
		<a id="7" s="H" t="H" l="H"/>
		<a id="8" s="H" t="H" l="H"/>
		<a id="9" s="C" t="C.3" l="C"/>
		<a id="10" s="H" t="H" l="H"/>
		<a id="11" s="H" t="H" l="H"/>
		<a id="12" s="C" t="C.3" l="C"/>
		<a id="13" s="H" t="H" l="H"/>
		<a id="14" s="H" t="H" l="H"/>
		<a id="15" s="C" t="C.3" l="C"/>
		<a id="16" s="H" t="H" l="H"/>
		<a id="17" s="H" t="H" l="H"/>
		<a id="18" s="C" t="C.3" l="C"/>
		<a id="19" s="H" t="H" l="H"/>
		<a id="20" s="H" t="H" l="H"/>
		<a id="21" s="C" t="C.3" l="C"/>
		<a id="22" s="H" t="H" l="H"/>
		<a id="23" s="H" t="H" l="H"/>
		<a id="24" s="H" t="H" l="H"/>
	</atoms>
	<bonds>
		<b id="1" c="1 2" t="1"/>
		<b id="2" c="10 9" t="1"/>
		<b id="3" c="2 3" t="1"/>
		<b id="4" c="2 4" t="2"/>
		<b id="5" c="23 21" t="1"/>
		<b id="6" c="11 9" t="1"/>
		<b id="7" c="17 15" t="1"/>
		<b id="8" c="9 4" t="1"/>
		<b id="9" c="9 12" t="1"/>
		<b id="10" c="19 18" t="1"/>
		<b id="11" c="4 5" t="1"/>
		<b id="12" c="22 21" t="1"/>
		<b id="13" c="21 18" t="1"/>
		<b id="14" c="21 24" t="1"/>
		<b id="15" c="18 15" t="1"/>
		<b id="16" c="18 20" t="1"/>
		<b id="17" c="15 12" t="1"/>
		<b id="18" c="15 16" t="1"/>
		<b id="19" c="12 13" t="1"/>
		<b id="20" c="12 14" t="1"/>
		<b id="21" c="8 5" t="1"/>
		<b id="22" c="5 6" t="1"/>
		<b id="23" c="5 7" t="1"/>
	</bonds>
	<geometry>
		<g u="A" t="cart/3d">#24,3:-2.8603,-1.2516,-1.9036;-3.2056,-0.5933,-1.1002;-4.2871,-0.5265,-0.9455;-2.3431,0.1010,-0.3431;-2.8139,1.0190,0.7584;-3.9118,1.0580,0.8171;-2.4334,0.6993,1.7441;-2.4398,2.0465,0.5998;-0.8461,0.0064,-0.5565;-0.6467,-0.5362,-1.4963;-0.4436,1.0272,-0.6932;-0.0854,-0.6915,0.5885;-0.5368,-1.6866,0.7464;-0.2348,-0.1372,1.5327;1.4209,-0.8589,0.3423;1.8340,-1.5144,1.1307;1.5784,-1.4023,-0.6088;2.2291,0.4446,0.3195;1.8654,1.1005,-0.4912;2.0449,0.9988,1.2589;3.7322,0.2206,0.1452;4.2861,1.1733,0.1361;3.9531,-0.3007,-0.8018;4.1441,-0.3961,0.9622;</g>
	</geometry>
	<conformers/>
	<properties/>
</molecule>
