<?xml version="1.0" ?>
<!--MOLLI PACKAGE EXPERIMENTAL XML FORMAT-->
<molecule name="react_292">
	<atoms>
		<a id="1" s="H" t="H" l="H"/>
		<a id="2" s="C" t="C.3" l="C"/>
		<a id="3" s="H" t="H" l="H"/>
		<a id="4" s="H" t="H" l="H"/>
		<a id="5" s="C" t="C.2" l="C"/>
		<a id="6" s="C" t="C.2" l="C"/>
		<a id="7" s="C" t="C.3" l="C"/>
		<a id="8" s="H" t="H" l="H"/>
		<a id="9" s="H" t="H" l="H"/>
		<a id="10" s="H" t="H" l="H"/>
		<a id="11" s="C" t="C.3" l="C"/>
		<a id="12" s="H" t="H" l="H"/>
		<a id="13" s="H" t="H" l="H"/>
		<a id="14" s="C" t="C.3" l="C"/>
		<a id="15" s="H" t="H" l="H"/>
		<a id="16" s="H" t="H" l="H"/>
		<a id="17" s="C" t="C.3" l="C"/>
		<a id="18" s="H" t="H" l="H"/>
		<a id="19" s="H" t="H" l="H"/>
		<a id="20" s="C" t="C.3" l="C"/>
		<a id="21" s="H" t="H" l="H"/>
		<a id="22" s="H" t="H" l="H"/>
		<a id="23" s="C" t="C.3" l="C"/>
		<a id="24" s="H" t="H" l="H"/>
		<a id="25" s="H" t="H" l="H"/>
		<a id="26" s="H" t="H" l="H"/>
		<a id="27" s="C" t="C.3" l="C"/>
		<a id="28" s="H" t="H" l="H"/>
		<a id="29" s="H" t="H" l="H"/>
		<a id="30" s="H" t="H" l="H"/>
	</atoms>
	<bonds>
		<b id="1" c="28 27" t="1"/>
		<b id="2" c="30 27" t="1"/>
		<b id="3" c="15 14" t="1"/>
		<b id="4" c="29 27" t="1"/>
		<b id="5" c="16 14" t="1"/>
		<b id="6" c="27 5" t="1"/>
		<b id="7" c="14 17" t="1"/>
		<b id="8" c="14 11" t="1"/>
		<b id="9" c="18 17" t="1"/>
		<b id="10" c="13 11" t="1"/>
		<b id="11" c="24 23" t="1"/>
		<b id="12" c="25 23" t="1"/>
		<b id="13" c="17 19" t="1"/>
		<b id="14" c="17 20" t="1"/>
		<b id="15" c="11 6" t="1"/>
		<b id="16" c="11 12" t="1"/>
		<b id="17" c="5 6" t="2"/>
		<b id="18" c="5 2" t="1"/>
		<b id="19" c="23 20" t="1"/>
		<b id="20" c="23 26" t="1"/>
		<b id="21" c="4 2" t="1"/>
		<b id="22" c="1 2" t="1"/>
		<b id="23" c="6 7" t="1"/>
		<b id="24" c="2 3" t="1"/>
		<b id="25" c="20 22" t="1"/>
		<b id="26" c="20 21" t="1"/>
		<b id="27" c="7 10" t="1"/>
		<b id="28" c="7 8" t="1"/>
		<b id="29" c="7 9" t="1"/>
	</bonds>
	<geometry>
		<g u="A" t="cart/3d">#30,3:-4.1331,-1.4774,0.3831;-3.5022,-0.5705,0.4305;-3.4318,-0.2691,1.4828;-4.0618,0.2180,-0.1052;-2.1679,-0.8172,-0.2370;-0.9677,-0.7486,0.3883;-0.7994,-0.4428,1.8602;-0.3072,-1.2898,2.3727;-1.7402,-0.2399,2.3869;-0.1396,0.4291,2.0111;0.3480,-0.9947,-0.3462;1.1182,-1.2790,0.3914;0.2499,-1.8693,-1.0102;0.8706,0.1857,-1.1964;0.1059,0.4403,-1.9496;1.7481,-0.1627,-1.7706;1.2359,1.4704,-0.4351;1.4658,2.2558,-1.1789;0.3458,1.8329,0.1092;2.4188,1.3717,0.5424;2.1988,0.6298,1.3308;2.5110,2.3387,1.0684;3.7628,1.0322,-0.1096;4.0198,1.7606,-0.8982;3.7591,0.0322,-0.5734;4.5789,1.0440,0.6312;-2.3218,-1.1556,-1.7041;-2.6991,-0.2841,-2.2706;-3.0728,-1.9551,-1.8381;-1.3928,-1.4859,-2.1860;</g>
	</geometry>
	<conformers/>
	<properties/>
</molecule>
