<?xml version="1.0" ?>
<!--MOLLI PACKAGE EXPERIMENTAL XML FORMAT-->
<molecule name="react_311">
	<atoms>
		<a id="1" s="H" t="H" l="H"/>
		<a id="2" s="C" t="C.2" l="C"/>
		<a id="3" s="H" t="H" l="H"/>
		<a id="4" s="C" t="C.2" l="C"/>
		<a id="5" s="H" t="H" l="H"/>
		<a id="6" s="C" t="C.3" l="C"/>
		<a id="7" s="H" t="H" l="H"/>
		<a id="8" s="H" t="H" l="H"/>
		<a id="9" s="C" t="C.3" l="C"/>
		<a id="10" s="H" t="H" l="H"/>
		<a id="11" s="H" t="H" l="H"/>
		<a id="12" s="C" t="C.3" l="C"/>
		<a id="13" s="H" t="H" l="H"/>
		<a id="14" s="H" t="H" l="H"/>
		<a id="15" s="C" t="C.3" l="C"/>
		<a id="16" s="H" t="H" l="H"/>
		<a id="17" s="H" t="H" l="H"/>
		<a id="18" s="H" t="H" l="H"/>
	</atoms>
	<bonds>
		<b id="1" c="18 15" t="1"/>
		<b id="2" c="8 6" t="1"/>
		<b id="3" c="7 6" t="1"/>
		<b id="4" c="1 2" t="1"/>
		<b id="5" c="6 4" t="1"/>
		<b id="6" c="6 9" t="1"/>
		<b id="7" c="2 3" t="1"/>
		<b id="8" c="2 4" t="2"/>
		<b id="9" c="16 15" t="1"/>
		<b id="10" c="15 17" t="1"/>
		<b id="11" c="15 12" t="1"/>
		<b id="12" c="4 5" t="1"/>
		<b id="13" c="14 12" t="1"/>
		<b id="14" c="12 9" t="1"/>
		<b id="15" c="12 13" t="1"/>
		<b id="16" c="9 10" t="1"/>
		<b id="17" c="9 11" t="1"/>
	</bonds>
	<geometry>
		<g u="A" t="cart/3d">#18,3:2.4978,1.8270,-0.9871;2.9143,0.9640,-0.4554;3.9727,1.0158,-0.1833;2.1646,-0.1014,-0.1572;2.6307,-0.9393,0.3806;0.7043,-0.2652,-0.4771;0.3627,0.5962,-1.0755;0.5727,-1.1613,-1.1148;-0.1737,-0.4328,0.7771;0.2366,-1.2578,1.3874;-0.0845,0.4755,1.4011;-1.6551,-0.7188,0.4918;-2.1543,-0.9559,1.4480;-1.7349,-1.6357,-0.1217;-2.4117,0.4216,-0.1946;-3.4791,0.1752,-0.3158;-2.3512,1.3528,0.3947;-2.0122,0.6402,-1.1984;</g>
	</geometry>
	<conformers/>
	<properties/>
</molecule>
