<?xml version="1.0" ?>
<!--MOLLI PACKAGE EXPERIMENTAL XML FORMAT-->
<molecule name="react_314">
	<atoms>
		<a id="1" s="H" t="H" l="H"/>
		<a id="2" s="C" t="C.2" l="C"/>
		<a id="3" s="H" t="H" l="H"/>
		<a id="4" s="C" t="C.2" l="C"/>
		<a id="5" s="C" t="C.3" l="C"/>
		<a id="6" s="H" t="H" l="H"/>
		<a id="7" s="H" t="H" l="H"/>
		<a id="8" s="H" t="H" l="H"/>
		<a id="9" s="C" t="C.3" l="C"/>
		<a id="10" s="H" t="H" l="H"/>
		<a id="11" s="C" t="C.3" l="C"/>
		<a id="12" s="H" t="H" l="H"/>
		<a id="13" s="H" t="H" l="H"/>
		<a id="14" s="C" t="C.3" l="C"/>
		<a id="15" s="H" t="H" l="H"/>
		<a id="16" s="H" t="H" l="H"/>
		<a id="17" s="C" t="C.3" l="C"/>
		<a id="18" s="H" t="H" l="H"/>
		<a id="19" s="H" t="H" l="H"/>
		<a id="20" s="C" t="C.3" l="C"/>
		<a id="21" s="H" t="H" l="H"/>
		<a id="22" s="H" t="H" l="H"/>
		<a id="23" s="C" t="C.3" l="C"/>
		<a id="24" s="H" t="H" l="H"/>
		<a id="25" s="H" t="H" l="H"/>
	</atoms>
	<bonds>
		<b id="1" c="16 14" t="1"/>
		<b id="2" c="15 14" t="1"/>
		<b id="3" c="14 17" t="1"/>
		<b id="4" c="14 11" t="1"/>
		<b id="5" c="19 17" t="1"/>
		<b id="6" c="12 11" t="1"/>
		<b id="7" c="21 20" t="1"/>
		<b id="8" c="10 9" t="1"/>
		<b id="9" c="6 5" t="1"/>
		<b id="10" c="8 5" t="1"/>
		<b id="11" c="17 20" t="1"/>
		<b id="12" c="17 18" t="1"/>
		<b id="13" c="11 9" t="1"/>
		<b id="14" c="11 13" t="1"/>
		<b id="15" c="5 7" t="1"/>
		<b id="16" c="5 4" t="1"/>
		<b id="17" c="20 22" t="1"/>
		<b id="18" c="20 23" t="1"/>
		<b id="19" c="9 4" t="1"/>
		<b id="20" c="9 23" t="1"/>
		<b id="21" c="4 2" t="2"/>
		<b id="22" c="23 25" t="1"/>
		<b id="23" c="23 24" t="1"/>
		<b id="24" c="2 3" t="1"/>
		<b id="25" c="2 1" t="1"/>
	</bonds>
	<geometry>
		<g u="A" t="cart/3d">#25,3:-1.0552,-0.5448,2.6409;-1.8910,-0.2822,1.9889;-2.8664,-0.1647,2.4711;-1.7497,-0.1074,0.6663;-2.9370,0.2401,-0.2009;-3.0909,-0.5263,-0.9818;-3.8629,0.3193,0.3879;-2.7912,1.1974,-0.7305;-0.4186,-0.2447,-0.0627;-0.6271,-0.8218,-0.9867;0.1334,1.1299,-0.5193;-0.6220,1.6708,-1.1125;0.3207,1.7446,0.3804;1.4280,0.9921,-1.3322;1.8097,1.9912,-1.6045;1.2028,0.4771,-2.2851;2.4978,0.1991,-0.5722;2.8204,0.7799,0.3123;3.3958,0.0655,-1.1995;1.9581,-1.1605,-0.1112;1.7548,-1.7915,-0.9968;2.7212,-1.6961,0.4792;0.6708,-1.0082,0.7103;0.9083,-0.4622,1.6415;0.2900,-1.9967,1.0168;</g>
	</geometry>
	<conformers/>
	<properties/>
</molecule>
