<?xml version="1.0" ?>
<!--MOLLI PACKAGE EXPERIMENTAL XML FORMAT-->
<molecule name="react_315">
	<atoms>
		<a id="1" s="H" t="H" l="H"/>
		<a id="2" s="C" t="C.2" l="C"/>
		<a id="3" s="H" t="H" l="H"/>
		<a id="4" s="C" t="C.2" l="C"/>
		<a id="5" s="C" t="C.3" l="C"/>
		<a id="6" s="H" t="H" l="H"/>
		<a id="7" s="H" t="H" l="H"/>
		<a id="8" s="H" t="H" l="H"/>
		<a id="9" s="C" t="C.3" l="C"/>
		<a id="10" s="H" t="H" l="H"/>
		<a id="11" s="H" t="H" l="H"/>
		<a id="12" s="C" t="C.3" l="C"/>
		<a id="13" s="H" t="H" l="H"/>
		<a id="14" s="C" t="C.3" l="C"/>
		<a id="15" s="H" t="H" l="H"/>
		<a id="16" s="H" t="H" l="H"/>
		<a id="17" s="H" t="H" l="H"/>
		<a id="18" s="C" t="C.3" l="C"/>
		<a id="19" s="H" t="H" l="H"/>
		<a id="20" s="H" t="H" l="H"/>
		<a id="21" s="H" t="H" l="H"/>
	</atoms>
	<bonds>
		<b id="1" c="3 2" t="1"/>
		<b id="2" c="21 18" t="1"/>
		<b id="3" c="13 12" t="1"/>
		<b id="4" c="1 2" t="1"/>
		<b id="5" c="19 18" t="1"/>
		<b id="6" c="15 14" t="1"/>
		<b id="7" c="2 4" t="2"/>
		<b id="8" c="18 12" t="1"/>
		<b id="9" c="18 20" t="1"/>
		<b id="10" c="12 14" t="1"/>
		<b id="11" c="12 9" t="1"/>
		<b id="12" c="14 16" t="1"/>
		<b id="13" c="14 17" t="1"/>
		<b id="14" c="4 9" t="1"/>
		<b id="15" c="4 5" t="1"/>
		<b id="16" c="9 10" t="1"/>
		<b id="17" c="9 11" t="1"/>
		<b id="18" c="8 5" t="1"/>
		<b id="19" c="5 6" t="1"/>
		<b id="20" c="5 7" t="1"/>
	</bonds>
	<geometry>
		<g u="A" t="cart/3d">#21,3:2.9016,-0.9631,-1.0707;1.8977,-0.5470,-0.9426;1.2991,-0.4309,-1.8491;1.4451,-0.1995,0.2709;2.2996,-0.3682,1.5040;2.4245,0.5933,2.0339;1.8220,-1.0578,2.2230;3.2992,-0.7600,1.2640;0.0861,0.4240,0.5330;0.2651,1.4811,0.8127;-0.3364,-0.0340,1.4491;-0.9799,0.3751,-0.5758;-0.5154,0.7333,-1.5127;-2.1370,1.3291,-0.2465;-2.9031,1.3157,-1.0389;-1.7876,2.3688,-0.1345;-2.6322,1.0408,0.6974;-1.5046,-1.0486,-0.8122;-0.6939,-1.7517,-1.0550;-2.0169,-1.4283,0.0894;-2.2327,-1.0717,-1.6398;</g>
	</geometry>
	<conformers/>
	<properties/>
</molecule>
