<?xml version="1.0" ?>
<!--MOLLI PACKAGE EXPERIMENTAL XML FORMAT-->
<molecule name="react_317">
	<atoms>
		<a id="1" s="H" t="H" l="H"/>
		<a id="2" s="C" t="C.2" l="C"/>
		<a id="3" s="C" t="C.2" l="C"/>
		<a id="4" s="H" t="H" l="H"/>
		<a id="5" s="C" t="C.3" l="C"/>
		<a id="6" s="H" t="H" l="H"/>
		<a id="7" s="H" t="H" l="H"/>
		<a id="8" s="H" t="H" l="H"/>
		<a id="9" s="C" t="C.3" l="C"/>
		<a id="10" s="H" t="H" l="H"/>
		<a id="11" s="H" t="H" l="H"/>
		<a id="12" s="H" t="H" l="H"/>
	</atoms>
	<bonds>
		<b id="1" c="1 2" t="1"/>
		<b id="2" c="12 9" t="1"/>
		<b id="3" c="7 5" t="1"/>
		<b id="4" c="2 9" t="1"/>
		<b id="5" c="2 3" t="2"/>
		<b id="6" c="9 11" t="1"/>
		<b id="7" c="9 10" t="1"/>
		<b id="8" c="6 5" t="1"/>
		<b id="9" c="5 3" t="1"/>
		<b id="10" c="5 8" t="1"/>
		<b id="11" c="3 4" t="1"/>
	</bonds>
	<geometry>
		<g u="A" t="cart/3d">#12,3:-0.1979,-0.8691,-1.3141;-0.4855,-0.2652,-0.4415;0.4855,0.2652,0.3127;0.1979,0.8691,1.1853;1.9593,0.1093,0.0747;2.4492,1.0892,-0.0688;2.1662,-0.5075,-0.8143;2.4586,-0.3623,0.9403;-1.9593,-0.1093,-0.2035;-2.1662,0.5075,0.6855;-2.4492,-1.0892,-0.0600;-2.4586,0.3623,-1.0691;</g>
	</geometry>
	<conformers/>
	<properties/>
</molecule>
