<?xml version="1.0" ?>
<!--MOLLI PACKAGE EXPERIMENTAL XML FORMAT-->
<molecule name="react_318">
	<atoms>
		<a id="1" s="H" t="H" l="H"/>
		<a id="2" s="C" t="C.2" l="C"/>
		<a id="3" s="C" t="C.2" l="C"/>
		<a id="4" s="H" t="H" l="H"/>
		<a id="5" s="C" t="C.3" l="C"/>
		<a id="6" s="C" t="C.3" l="C"/>
		<a id="7" s="H" t="H" l="H"/>
		<a id="8" s="H" t="H" l="H"/>
		<a id="9" s="H" t="H" l="H"/>
		<a id="10" s="C" t="C.3" l="C"/>
		<a id="11" s="H" t="H" l="H"/>
		<a id="12" s="H" t="H" l="H"/>
		<a id="13" s="H" t="H" l="H"/>
		<a id="14" s="C" t="C.3" l="C"/>
		<a id="15" s="H" t="H" l="H"/>
		<a id="16" s="H" t="H" l="H"/>
		<a id="17" s="H" t="H" l="H"/>
		<a id="18" s="C" t="C.3" l="C"/>
		<a id="19" s="H" t="H" l="H"/>
		<a id="20" s="H" t="H" l="H"/>
		<a id="21" s="H" t="H" l="H"/>
	</atoms>
	<bonds>
		<b id="1" c="17 14" t="1"/>
		<b id="2" c="1 2" t="1"/>
		<b id="3" c="16 14" t="1"/>
		<b id="4" c="15 14" t="1"/>
		<b id="5" c="14 5" t="1"/>
		<b id="6" c="20 18" t="1"/>
		<b id="7" c="8 6" t="1"/>
		<b id="8" c="2 18" t="1"/>
		<b id="9" c="2 3" t="2"/>
		<b id="10" c="19 18" t="1"/>
		<b id="11" c="18 21" t="1"/>
		<b id="12" c="5 6" t="1"/>
		<b id="13" c="5 3" t="1"/>
		<b id="14" c="5 10" t="1"/>
		<b id="15" c="9 6" t="1"/>
		<b id="16" c="6 7" t="1"/>
		<b id="17" c="3 4" t="1"/>
		<b id="18" c="11 10" t="1"/>
		<b id="19" c="13 10" t="1"/>
		<b id="20" c="10 12" t="1"/>
	</bonds>
	<geometry>
		<g u="A" t="cart/3d">#21,3:1.4212,0.5452,-1.5839;1.6567,0.1336,-0.5950;0.6600,-0.1672,0.2468;0.9267,-0.5785,1.2319;-0.8365,-0.0150,0.0272;-1.4939,-1.4067,0.1762;-1.2709,-1.8511,1.1605;-1.1288,-2.1022,-0.5966;-2.5905,-1.3344,0.0812;-1.3944,0.9233,1.1223;-2.4901,1.0192,1.0369;-1.1697,0.5379,2.1308;-0.9549,1.9306,1.0422;-1.1771,0.5605,-1.3568;-2.2692,0.6523,-1.4745;-0.7409,1.5624,-1.4985;-0.8078,-0.0885,-2.1671;3.1182,-0.0469,-0.2993;3.6626,0.9123,-0.3667;3.5951,-0.7244,-1.0303;3.2843,-0.4619,0.7075;</g>
	</geometry>
	<conformers/>
	<properties/>
</molecule>
