<?xml version="1.0" ?>
<!--MOLLI PACKAGE EXPERIMENTAL XML FORMAT-->
<molecule name="react_320">
	<atoms>
		<a id="1" s="H" t="H" l="H"/>
		<a id="2" s="C" t="C.2" l="C"/>
		<a id="3" s="C" t="C.2" l="C"/>
		<a id="4" s="H" t="H" l="H"/>
		<a id="5" s="C" t="C.3" l="C"/>
		<a id="6" s="H" t="H" l="H"/>
		<a id="7" s="H" t="H" l="H"/>
		<a id="8" s="Cl" t="Cl" l="CL"/>
		<a id="9" s="C" t="C.3" l="C"/>
		<a id="10" s="H" t="H" l="H"/>
		<a id="11" s="H" t="H" l="H"/>
		<a id="12" s="H" t="H" l="H"/>
	</atoms>
	<bonds>
		<b id="1" c="8 5" t="1"/>
		<b id="2" c="12 9" t="1"/>
		<b id="3" c="4 3" t="1"/>
		<b id="4" c="11 9" t="1"/>
		<b id="5" c="3 5" t="1"/>
		<b id="6" c="3 2" t="2"/>
		<b id="7" c="9 2" t="1"/>
		<b id="8" c="9 10" t="1"/>
		<b id="9" c="5 7" t="1"/>
		<b id="10" c="5 6" t="1"/>
		<b id="11" c="2 1" t="1"/>
	</bonds>
	<geometry>
		<g u="A" t="cart/3d">#12,3:-0.3480,-1.4933,0.1649;-0.5493,-0.4170,0.0701;0.4942,0.4208,0.0024;0.3246,1.4994,-0.1059;1.9176,-0.0168,0.0699;2.4721,0.4989,0.8675;2.0088,-1.1020,0.2139;2.8187,0.3854,-1.4697;-1.9922,-0.0150,0.0269;-2.5236,-0.3378,0.9398;-2.1120,1.0748,-0.0729;-2.5109,-0.4976,-0.8205;</g>
	</geometry>
	<conformers/>
	<properties/>
</molecule>
