<?xml version="1.0" ?>
<!--MOLLI PACKAGE EXPERIMENTAL XML FORMAT-->
<molecule name="react_321">
	<atoms>
		<a id="1" s="H" t="H" l="H"/>
		<a id="2" s="C" t="C.2" l="C"/>
		<a id="3" s="C" t="C.2" l="C"/>
		<a id="4" s="H" t="H" l="H"/>
		<a id="5" s="C" t="C.3" l="C"/>
		<a id="6" s="H" t="H" l="H"/>
		<a id="7" s="H" t="H" l="H"/>
		<a id="8" s="Cl" t="Cl" l="CL"/>
		<a id="9" s="C" t="C.3" l="C"/>
		<a id="10" s="H" t="H" l="H"/>
		<a id="11" s="H" t="H" l="H"/>
		<a id="12" s="Cl" t="Cl" l="CL"/>
	</atoms>
	<bonds>
		<b id="1" c="8 5" t="1"/>
		<b id="2" c="4 3" t="1"/>
		<b id="3" c="12 9" t="1"/>
		<b id="4" c="11 9" t="1"/>
		<b id="5" c="3 5" t="1"/>
		<b id="6" c="3 2" t="2"/>
		<b id="7" c="5 7" t="1"/>
		<b id="8" c="5 6" t="1"/>
		<b id="9" c="9 2" t="1"/>
		<b id="10" c="9 10" t="1"/>
		<b id="11" c="2 1" t="1"/>
	</bonds>
	<geometry>
		<g u="A" t="cart/3d">#12,3:-0.1051,-1.3713,1.1980;-0.4492,-0.4483,0.7102;0.4520,0.4287,0.2560;0.1133,1.3432,-0.2411;1.9251,0.2412,0.3945;2.1789,-0.6838,0.9299;2.3980,1.0927,0.9053;2.7372,0.1464,-1.2367;-1.9429,-0.3422,0.6369;-2.3835,-0.3932,1.6453;-2.3582,-1.1820,0.0569;-2.5657,1.1684,-0.1238;</g>
	</geometry>
	<conformers/>
	<properties/>
</molecule>
