<?xml version="1.0" ?>
<!--MOLLI PACKAGE EXPERIMENTAL XML FORMAT-->
<molecule name="react_323">
	<atoms>
		<a id="1" s="H" t="H" l="H"/>
		<a id="2" s="C" t="C.2" l="C"/>
		<a id="3" s="C" t="C.2" l="C"/>
		<a id="4" s="H" t="H" l="H"/>
		<a id="5" s="C" t="C.3" l="C"/>
		<a id="6" s="H" t="H" l="H"/>
		<a id="7" s="H" t="H" l="H"/>
		<a id="8" s="C" t="C.3" l="C"/>
		<a id="9" s="H" t="H" l="H"/>
		<a id="10" s="H" t="H" l="H"/>
		<a id="11" s="C" t="C.3" l="C"/>
		<a id="12" s="H" t="H" l="H"/>
		<a id="13" s="H" t="H" l="H"/>
		<a id="14" s="C" t="C.3" l="C"/>
		<a id="15" s="H" t="H" l="H"/>
		<a id="16" s="H" t="H" l="H"/>
		<a id="17" s="H" t="H" l="H"/>
		<a id="18" s="C" t="C.3" l="C"/>
		<a id="19" s="H" t="H" l="H"/>
		<a id="20" s="H" t="H" l="H"/>
		<a id="21" s="Cl" t="Cl" l="CL"/>
	</atoms>
	<bonds>
		<b id="1" c="21 18" t="1"/>
		<b id="2" c="9 8" t="1"/>
		<b id="3" c="4 3" t="1"/>
		<b id="4" c="17 14" t="1"/>
		<b id="5" c="10 8" t="1"/>
		<b id="6" c="13 11" t="1"/>
		<b id="7" c="8 11" t="1"/>
		<b id="8" c="8 5" t="1"/>
		<b id="9" c="19 18" t="1"/>
		<b id="10" c="3 2" t="2"/>
		<b id="11" c="3 5" t="1"/>
		<b id="12" c="18 2" t="1"/>
		<b id="13" c="18 20" t="1"/>
		<b id="14" c="11 14" t="1"/>
		<b id="15" c="11 12" t="1"/>
		<b id="16" c="14 16" t="1"/>
		<b id="17" c="14 15" t="1"/>
		<b id="18" c="2 1" t="1"/>
		<b id="19" c="5 7" t="1"/>
		<b id="20" c="5 6" t="1"/>
	</bonds>
	<geometry>
		<g u="A" t="cart/3d">#21,3:2.4552,-0.2537,1.3235;2.4501,0.2470,0.3445;1.2820,0.5511,-0.2298;1.2988,1.0473,-1.2078;-0.0710,0.2509,0.3520;0.0399,-0.1925,1.3576;-0.6148,1.2038,0.4904;-0.9126,-0.6860,-0.5348;-1.0330,-0.2288,-1.5349;-0.3430,-1.6179,-0.6970;-2.2953,-1.0383,0.0340;-2.1691,-1.5087,1.0269;-2.7463,-1.8150,-0.6088;-3.2685,0.1386,0.1469;-2.9102,0.9091,0.8491;-4.2553,-0.1951,0.5071;-3.4206,0.6273,-0.8309;3.8302,0.5099,-0.1829;4.3888,-0.4324,-0.3017;4.4016,1.1417,0.5160;3.8933,1.3418,-1.7850;</g>
	</geometry>
	<conformers/>
	<properties/>
</molecule>
