<?xml version="1.0" ?>
<!--MOLLI PACKAGE EXPERIMENTAL XML FORMAT-->
<molecule name="react_325">
	<atoms>
		<a id="1" s="H" t="H" l="H"/>
		<a id="2" s="C" t="C.2" l="C"/>
		<a id="3" s="C" t="C.2" l="C"/>
		<a id="4" s="C" t="C.3" l="C"/>
		<a id="5" s="H" t="H" l="H"/>
		<a id="6" s="H" t="H" l="H"/>
		<a id="7" s="H" t="H" l="H"/>
		<a id="8" s="C" t="C.3" l="C"/>
		<a id="9" s="H" t="H" l="H"/>
		<a id="10" s="H" t="H" l="H"/>
		<a id="11" s="C" t="C.3" l="C"/>
		<a id="12" s="H" t="H" l="H"/>
		<a id="13" s="H" t="H" l="H"/>
		<a id="14" s="C" t="C.3" l="C"/>
		<a id="15" s="H" t="H" l="H"/>
		<a id="16" s="H" t="H" l="H"/>
		<a id="17" s="C" t="C.3" l="C"/>
		<a id="18" s="H" t="H" l="H"/>
		<a id="19" s="H" t="H" l="H"/>
	</atoms>
	<bonds>
		<b id="1" c="10 8" t="1"/>
		<b id="2" c="12 11" t="1"/>
		<b id="3" c="9 8" t="1"/>
		<b id="4" c="8 11" t="1"/>
		<b id="5" c="8 3" t="1"/>
		<b id="6" c="15 14" t="1"/>
		<b id="7" c="6 4" t="1"/>
		<b id="8" c="11 14" t="1"/>
		<b id="9" c="11 13" t="1"/>
		<b id="10" c="14 16" t="1"/>
		<b id="11" c="14 17" t="1"/>
		<b id="12" c="4 3" t="1"/>
		<b id="13" c="4 7" t="1"/>
		<b id="14" c="4 5" t="1"/>
		<b id="15" c="3 2" t="2"/>
		<b id="16" c="2 17" t="1"/>
		<b id="17" c="2 1" t="1"/>
		<b id="18" c="17 19" t="1"/>
		<b id="19" c="17 18" t="1"/>
	</bonds>
	<geometry>
		<g u="A" t="cart/3d">#19,3:0.8820,-1.2422,1.8295;0.3226,-0.7203,1.0431;1.0055,-0.0320,0.1117;2.5104,0.0206,0.0884;2.9572,-0.5845,0.8920;2.9055,-0.3472,-0.8765;2.8756,1.0584,0.1953;0.2928,0.7280,-0.9901;0.7861,1.7066,-1.1360;0.4410,0.1884,-1.9470;-1.2046,0.9245,-0.7214;-1.7111,1.2778,-1.6352;-1.3383,1.7182,0.0364;-1.8466,-0.3689,-0.2107;-1.7328,-1.1562,-0.9785;-2.9307,-0.2340,-0.0597;-1.1811,-0.8306,1.0925;-1.5646,-0.2341,1.9447;-1.4688,-1.8726,1.3215;</g>
	</geometry>
	<conformers/>
	<properties/>
</molecule>
