<?xml version="1.0" ?>
<!--MOLLI PACKAGE EXPERIMENTAL XML FORMAT-->
<molecule name="react_14">
	<atoms>
		<a id="1" s="H" t="H" l="H"/>
		<a id="2" s="C" t="C.2" l="C"/>
		<a id="3" s="H" t="H" l="H"/>
		<a id="4" s="C" t="C.2" l="C"/>
		<a id="5" s="H" t="H" l="H"/>
		<a id="6" s="C" t="C.3" l="C"/>
		<a id="7" s="H" t="H" l="H"/>
		<a id="8" s="H" t="H" l="H"/>
		<a id="9" s="C" t="C.3" l="C"/>
		<a id="10" s="H" t="H" l="H"/>
		<a id="11" s="H" t="H" l="H"/>
		<a id="12" s="C" t="C.3" l="C"/>
		<a id="13" s="H" t="H" l="H"/>
		<a id="14" s="H" t="H" l="H"/>
		<a id="15" s="C" t="C.3" l="C"/>
		<a id="16" s="H" t="H" l="H"/>
		<a id="17" s="H" t="H" l="H"/>
		<a id="18" s="C" t="C.3" l="C"/>
		<a id="19" s="H" t="H" l="H"/>
		<a id="20" s="H" t="H" l="H"/>
		<a id="21" s="C" t="C.3" l="C"/>
		<a id="22" s="H" t="H" l="H"/>
		<a id="23" s="H" t="H" l="H"/>
		<a id="24" s="C" t="C.3" l="C"/>
		<a id="25" s="H" t="H" l="H"/>
		<a id="26" s="H" t="H" l="H"/>
		<a id="27" s="C" t="C.3" l="C"/>
		<a id="28" s="H" t="H" l="H"/>
		<a id="29" s="H" t="H" l="H"/>
		<a id="30" s="H" t="H" l="H"/>
	</atoms>
	<bonds>
		<b id="1" c="16 15" t="1"/>
		<b id="2" c="17 15" t="1"/>
		<b id="3" c="10 9" t="1"/>
		<b id="4" c="19 18" t="1"/>
		<b id="5" c="15 18" t="1"/>
		<b id="6" c="15 12" t="1"/>
		<b id="7" c="13 12" t="1"/>
		<b id="8" c="18 20" t="1"/>
		<b id="9" c="18 21" t="1"/>
		<b id="10" c="12 9" t="1"/>
		<b id="11" c="12 14" t="1"/>
		<b id="12" c="5 4" t="1"/>
		<b id="13" c="28 27" t="1"/>
		<b id="14" c="9 11" t="1"/>
		<b id="15" c="9 6" t="1"/>
		<b id="16" c="7 6" t="1"/>
		<b id="17" c="6 4" t="1"/>
		<b id="18" c="6 8" t="1"/>
		<b id="19" c="29 27" t="1"/>
		<b id="20" c="4 2" t="2"/>
		<b id="21" c="22 21" t="1"/>
		<b id="22" c="27 30" t="1"/>
		<b id="23" c="27 24" t="1"/>
		<b id="24" c="21 24" t="1"/>
		<b id="25" c="21 23" t="1"/>
		<b id="26" c="24 26" t="1"/>
		<b id="27" c="24 25" t="1"/>
		<b id="28" c="2 3" t="1"/>
		<b id="29" c="2 1" t="1"/>
	</bonds>
	<geometry>
		<g u="A" t="cart/3d">#30,3:4.2711,0.4014,2.5412;4.5727,0.8346,1.5808;5.3148,1.6378,1.6129;4.0608,0.3983,0.4258;4.3951,0.8685,-0.5098;3.0339,-0.6899,0.2760;3.4614,-1.5080,-0.3358;2.8080,-1.1282,1.2642;1.7317,-0.2129,-0.3915;1.9696,0.2380,-1.3735;1.3014,0.6016,0.2169;0.7048,-1.3345,-0.5847;1.1828,-2.1588,-1.1450;0.4443,-1.7633,0.4001;-0.5717,-0.9212,-1.3356;-0.2852,-0.5559,-2.3389;-1.1833,-1.8253,-1.5103;-1.4530,0.1445,-0.6622;-2.2610,0.4070,-1.3668;-0.8748,1.0757,-0.5170;-2.0659,-0.2808,0.6782;-2.6417,-1.2152,0.5335;-1.2585,-0.5342,1.3875;-2.9705,0.7733,1.3366;-3.2368,0.4219,2.3493;-2.3914,1.7036,1.4868;-4.2577,1.0928,0.5707;-4.0556,1.5337,-0.4190;-4.8630,0.1838,0.4100;-4.8824,1.8119,1.1254;</g>
	</geometry>
	<conformers/>
	<properties/>
</molecule>
