<?xml version="1.0" ?>
<!--MOLLI PACKAGE EXPERIMENTAL XML FORMAT-->
<molecule name="react_333">
	<atoms>
		<a id="1" s="H" t="H" l="H"/>
		<a id="2" s="C" t="C.2" l="C"/>
		<a id="3" s="C" t="C.2" l="C"/>
		<a id="4" s="O" t="O.2" l="O"/>
		<a id="5" s="C" t="C.3" l="C"/>
		<a id="6" s="H" t="H" l="H"/>
		<a id="7" s="H" t="H" l="H"/>
		<a id="8" s="H" t="H" l="H"/>
		<a id="9" s="C" t="C.3" l="C"/>
		<a id="10" s="H" t="H" l="H"/>
		<a id="11" s="H" t="H" l="H"/>
		<a id="12" s="C" t="C.3" l="C"/>
		<a id="13" s="H" t="H" l="H"/>
		<a id="14" s="H" t="H" l="H"/>
		<a id="15" s="C" t="C.3" l="C"/>
		<a id="16" s="H" t="H" l="H"/>
		<a id="17" s="H" t="H" l="H"/>
		<a id="18" s="C" t="C.3" l="C"/>
		<a id="19" s="H" t="H" l="H"/>
		<a id="20" s="H" t="H" l="H"/>
		<a id="21" s="C" t="C.3" l="C"/>
		<a id="22" s="H" t="H" l="H"/>
		<a id="23" s="H" t="H" l="H"/>
		<a id="24" s="H" t="H" l="H"/>
		<a id="25" s="C" t="C.3" l="C"/>
		<a id="26" s="H" t="H" l="H"/>
		<a id="27" s="H" t="H" l="H"/>
		<a id="28" s="C" t="C.3" l="C"/>
		<a id="29" s="H" t="H" l="H"/>
		<a id="30" s="H" t="H" l="H"/>
		<a id="31" s="C" t="C.3" l="C"/>
		<a id="32" s="H" t="H" l="H"/>
		<a id="33" s="H" t="H" l="H"/>
		<a id="34" s="C" t="C.3" l="C"/>
		<a id="35" s="H" t="H" l="H"/>
		<a id="36" s="H" t="H" l="H"/>
		<a id="37" s="H" t="H" l="H"/>
	</atoms>
	<bonds>
		<b id="1" c="37 34" t="1"/>
		<b id="2" c="29 28" t="1"/>
		<b id="3" c="10 9" t="1"/>
		<b id="4" c="34 36" t="1"/>
		<b id="5" c="34 35" t="1"/>
		<b id="6" c="34 31" t="1"/>
		<b id="7" c="17 15" t="1"/>
		<b id="8" c="7 5" t="1"/>
		<b id="9" c="6 5" t="1"/>
		<b id="10" c="24 21" t="1"/>
		<b id="11" c="4 5" t="1"/>
		<b id="12" c="4 3" t="1"/>
		<b id="13" c="5 8" t="1"/>
		<b id="14" c="32 31" t="1"/>
		<b id="15" c="28 31" t="1"/>
		<b id="16" c="28 30" t="1"/>
		<b id="17" c="28 25" t="1"/>
		<b id="18" c="13 12" t="1"/>
		<b id="19" c="31 33" t="1"/>
		<b id="20" c="9 3" t="1"/>
		<b id="21" c="9 12" t="1"/>
		<b id="22" c="9 11" t="1"/>
		<b id="23" c="20 18" t="1"/>
		<b id="24" c="3 2" t="2"/>
		<b id="25" c="15 12" t="1"/>
		<b id="26" c="15 18" t="1"/>
		<b id="27" c="15 16" t="1"/>
		<b id="28" c="12 14" t="1"/>
		<b id="29" c="21 18" t="1"/>
		<b id="30" c="21 23" t="1"/>
		<b id="31" c="21 22" t="1"/>
		<b id="32" c="26 25" t="1"/>
		<b id="33" c="2 25" t="1"/>
		<b id="34" c="2 1" t="1"/>
		<b id="35" c="18 19" t="1"/>
		<b id="36" c="25 27" t="1"/>
	</bonds>
	<geometry>
		<g u="A" t="cart/3d">#37,3:-0.5341,0.6863,1.0352;-0.9621,-0.2606,0.6963;-0.1249,-1.1738,0.1714;-0.6668,-2.3212,-0.3653;-0.0036,-3.5535,-0.1835;-0.6747,-4.3322,-0.5745;0.9513,-3.6134,-0.7369;0.1930,-3.7655,0.8847;1.3734,-1.0198,0.0378;1.6365,-1.2096,-1.0210;1.8752,-1.8249,0.6069;1.9669,0.3219,0.4734;1.4953,1.1378,-0.1022;1.7159,0.5093,1.5325;3.4879,0.3891,0.2974;3.9602,-0.4320,0.8696;3.7438,0.2004,-0.7625;4.1014,1.7239,0.7335;3.8427,1.9127,1.7918;3.6305,2.5435,0.1600;5.6202,1.7859,0.5602;6.1241,1.0040,1.1537;6.0253,2.7593,0.8813;5.9105,1.6365,-0.4938;-2.4543,-0.4077,0.8049;-2.7367,-1.4498,0.5882;-2.7640,-0.2028,1.8482;-3.2372,0.5368,-0.1253;-2.9435,0.3331,-1.1711;-2.9369,1.5831,0.0745;-4.7578,0.4120,0.0140;-5.0531,-0.6357,-0.1806;-5.0440,0.6131,1.0632;-5.5380,1.3438,-0.9156;-5.2932,2.4021,-0.7208;-6.6267,1.2262,-0.7888;-5.3028,1.1421,-1.9747;</g>
	</geometry>
	<conformers/>
	<properties/>
</molecule>
