<?xml version="1.0" ?>
<!--MOLLI PACKAGE EXPERIMENTAL XML FORMAT-->
<molecule name="react_334">
	<atoms>
		<a id="1" s="H" t="H" l="H"/>
		<a id="2" s="C" t="C.2" l="C"/>
		<a id="3" s="C" t="C.2" l="C"/>
		<a id="4" s="O" t="O.2" l="O"/>
		<a id="5" s="Si" t="Si" l="SI"/>
		<a id="6" s="C" t="C.3" l="C"/>
		<a id="7" s="H" t="H" l="H"/>
		<a id="8" s="H" t="H" l="H"/>
		<a id="9" s="H" t="H" l="H"/>
		<a id="10" s="C" t="C.3" l="C"/>
		<a id="11" s="H" t="H" l="H"/>
		<a id="12" s="H" t="H" l="H"/>
		<a id="13" s="H" t="H" l="H"/>
		<a id="14" s="C" t="C.3" l="C"/>
		<a id="15" s="C" t="C.3" l="C"/>
		<a id="16" s="H" t="H" l="H"/>
		<a id="17" s="H" t="H" l="H"/>
		<a id="18" s="H" t="H" l="H"/>
		<a id="19" s="C" t="C.3" l="C"/>
		<a id="20" s="H" t="H" l="H"/>
		<a id="21" s="H" t="H" l="H"/>
		<a id="22" s="H" t="H" l="H"/>
		<a id="23" s="C" t="C.3" l="C"/>
		<a id="24" s="H" t="H" l="H"/>
		<a id="25" s="H" t="H" l="H"/>
		<a id="26" s="H" t="H" l="H"/>
		<a id="27" s="C" t="C.3" l="C"/>
		<a id="28" s="H" t="H" l="H"/>
		<a id="29" s="H" t="H" l="H"/>
		<a id="30" s="C" t="C.3" l="C"/>
		<a id="31" s="H" t="H" l="H"/>
		<a id="32" s="H" t="H" l="H"/>
		<a id="33" s="C" t="C.3" l="C"/>
		<a id="34" s="H" t="H" l="H"/>
		<a id="35" s="H" t="H" l="H"/>
		<a id="36" s="C" t="C.3" l="C"/>
		<a id="37" s="H" t="H" l="H"/>
		<a id="38" s="H" t="H" l="H"/>
		<a id="39" s="C" t="C.3" l="C"/>
		<a id="40" s="H" t="H" l="H"/>
		<a id="41" s="H" t="H" l="H"/>
		<a id="42" s="H" t="H" l="H"/>
		<a id="43" s="C" t="C.3" l="C"/>
		<a id="44" s="H" t="H" l="H"/>
		<a id="45" s="H" t="H" l="H"/>
		<a id="46" s="C" t="C.3" l="C"/>
		<a id="47" s="H" t="H" l="H"/>
		<a id="48" s="H" t="H" l="H"/>
		<a id="49" s="C" t="C.3" l="C"/>
		<a id="50" s="H" t="H" l="H"/>
		<a id="51" s="H" t="H" l="H"/>
		<a id="52" s="C" t="C.3" l="C"/>
		<a id="53" s="H" t="H" l="H"/>
		<a id="54" s="H" t="H" l="H"/>
		<a id="55" s="H" t="H" l="H"/>
	</atoms>
	<bonds>
		<b id="1" c="13 10" t="1"/>
		<b id="2" c="11 10" t="1"/>
		<b id="3" c="10 12" t="1"/>
		<b id="4" c="10 5" t="1"/>
		<b id="5" c="9 6" t="1"/>
		<b id="6" c="8 6" t="1"/>
		<b id="7" c="55 52" t="1"/>
		<b id="8" c="26 23" t="1"/>
		<b id="9" c="44 43" t="1"/>
		<b id="10" c="6 5" t="1"/>
		<b id="11" c="6 7" t="1"/>
		<b id="12" c="24 23" t="1"/>
		<b id="13" c="54 52" t="1"/>
		<b id="14" c="32 30" t="1"/>
		<b id="15" c="5 4" t="1"/>
		<b id="16" c="5 14" t="1"/>
		<b id="17" c="52 53" t="1"/>
		<b id="18" c="52 49" t="1"/>
		<b id="19" c="38 36" t="1"/>
		<b id="20" c="23 25" t="1"/>
		<b id="21" c="23 14" t="1"/>
		<b id="22" c="29 27" t="1"/>
		<b id="23" c="34 33" t="1"/>
		<b id="24" c="43 2" t="1"/>
		<b id="25" c="43 45" t="1"/>
		<b id="26" c="43 46" t="1"/>
		<b id="27" c="1 2" t="1"/>
		<b id="28" c="2 3" t="2"/>
		<b id="29" c="40 39" t="1"/>
		<b id="30" c="22 19" t="1"/>
		<b id="31" c="3 4" t="1"/>
		<b id="32" c="3 27" t="1"/>
		<b id="33" c="30 27" t="1"/>
		<b id="34" c="30 33" t="1"/>
		<b id="35" c="30 31" t="1"/>
		<b id="36" c="27 28" t="1"/>
		<b id="37" c="14 19" t="1"/>
		<b id="38" c="14 15" t="1"/>
		<b id="39" c="36 33" t="1"/>
		<b id="40" c="36 39" t="1"/>
		<b id="41" c="36 37" t="1"/>
		<b id="42" c="33 35" t="1"/>
		<b id="43" c="48 46" t="1"/>
		<b id="44" c="41 39" t="1"/>
		<b id="45" c="39 42" t="1"/>
		<b id="46" c="49 46" t="1"/>
		<b id="47" c="49 50" t="1"/>
		<b id="48" c="49 51" t="1"/>
		<b id="49" c="46 47" t="1"/>
		<b id="50" c="19 20" t="1"/>
		<b id="51" c="19 21" t="1"/>
		<b id="52" c="16 15" t="1"/>
		<b id="53" c="15 18" t="1"/>
		<b id="54" c="15 17" t="1"/>
	</bonds>
	<geometry>
		<g u="A" t="cart/3d">#55,3:-2.3419,0.8394,-0.2474;-1.2566,0.9401,-0.1603;-0.5512,-0.1793,0.0834;0.8098,-0.1420,0.2618;2.1281,-0.4903,-0.7457;2.1252,-2.3164,-1.2330;2.0347,-2.9777,-0.3566;3.0565,-2.5808,-1.7618;1.2884,-2.5418,-1.9148;2.0113,0.5538,-2.3125;1.0432,0.3798,-2.8116;2.0868,1.6319,-2.1004;2.8074,0.2893,-3.0284;3.6505,-0.0487,0.3310;3.6851,-0.9658,1.5718;3.7995,-2.0282,1.2989;4.5395,-0.7015,2.2218;2.7657,-0.8686,2.1712;3.5538,1.4198,0.7939;2.6464,1.5944,1.3929;4.4265,1.6830,1.4197;3.5382,2.1238,-0.0550;4.9433,-0.2435,-0.4891;5.0661,-1.2836,-0.8353;5.8286,-0.0013,0.1270;4.9769,0.4107,-1.3765;-1.1383,-1.5605,0.2741;-0.7621,-1.9359,1.2449;-0.6936,-2.2372,-0.4798;-2.6618,-1.6876,0.2292;-3.1086,-1.0243,0.9911;-3.0359,-1.3272,-0.7462;-3.1531,-3.1214,0.4572;-2.7085,-3.7888,-0.3053;-2.7754,-3.4879,1.4305;-4.6785,-3.2637,0.4231;-5.1212,-2.5941,1.1835;-5.0552,-2.8995,-0.5506;-5.1660,-4.6949,0.6565;-4.7692,-5.3842,-0.1083;-6.2657,-4.7598,0.6227;-4.8409,-5.0745,1.6403;-0.7058,2.3346,-0.2724;-0.8616,2.7087,-1.3020;0.3834,2.3195,-0.1081;-1.3562,3.3134,0.7229;-1.2130,2.9174,1.7436;-2.4505,3.3297,0.5577;-0.8144,4.7495,0.6627;0.2796,4.7303,0.8238;-1.2308,5.3161,1.5147;-1.1264,5.5046,-0.6326;-0.7531,6.5410,-0.5901;-2.2141,5.5515,-0.8151;-0.6652,5.0285,-1.5132;</g>
	</geometry>
	<conformers/>
	<properties/>
</molecule>
