<?xml version="1.0" ?>
<!--MOLLI PACKAGE EXPERIMENTAL XML FORMAT-->
<molecule name="react_337">
	<atoms>
		<a id="1" s="H" t="H" l="H"/>
		<a id="2" s="C" t="C.2" l="C"/>
		<a id="3" s="C" t="C.2" l="C"/>
		<a id="4" s="O" t="O.2" l="O"/>
		<a id="5" s="C" t="C.3" l="C"/>
		<a id="6" s="H" t="H" l="H"/>
		<a id="7" s="H" t="H" l="H"/>
		<a id="8" s="H" t="H" l="H"/>
		<a id="9" s="C" t="C.3" l="C"/>
		<a id="10" s="H" t="H" l="H"/>
		<a id="11" s="H" t="H" l="H"/>
		<a id="12" s="C" t="C.3" l="C"/>
		<a id="13" s="H" t="H" l="H"/>
		<a id="14" s="C" t="C.3" l="C"/>
		<a id="15" s="H" t="H" l="H"/>
		<a id="16" s="H" t="H" l="H"/>
		<a id="17" s="H" t="H" l="H"/>
		<a id="18" s="C" t="C.3" l="C"/>
		<a id="19" s="H" t="H" l="H"/>
		<a id="20" s="H" t="H" l="H"/>
		<a id="21" s="H" t="H" l="H"/>
		<a id="22" s="C" t="C.3" l="C"/>
		<a id="23" s="H" t="H" l="H"/>
		<a id="24" s="C" t="C.3" l="C"/>
		<a id="25" s="H" t="H" l="H"/>
		<a id="26" s="H" t="H" l="H"/>
		<a id="27" s="H" t="H" l="H"/>
		<a id="28" s="C" t="C.3" l="C"/>
		<a id="29" s="H" t="H" l="H"/>
		<a id="30" s="H" t="H" l="H"/>
		<a id="31" s="H" t="H" l="H"/>
	</atoms>
	<bonds>
		<b id="1" c="6 5" t="1"/>
		<b id="2" c="8 5" t="1"/>
		<b id="3" c="5 4" t="1"/>
		<b id="4" c="5 7" t="1"/>
		<b id="5" c="16 14" t="1"/>
		<b id="6" c="15 14" t="1"/>
		<b id="7" c="17 14" t="1"/>
		<b id="8" c="4 3" t="1"/>
		<b id="9" c="14 12" t="1"/>
		<b id="10" c="23 22" t="1"/>
		<b id="11" c="25 24" t="1"/>
		<b id="12" c="26 24" t="1"/>
		<b id="13" c="3 9" t="1"/>
		<b id="14" c="3 2" t="2"/>
		<b id="15" c="24 22" t="1"/>
		<b id="16" c="24 27" t="1"/>
		<b id="17" c="22 2" t="1"/>
		<b id="18" c="22 28" t="1"/>
		<b id="19" c="12 13" t="1"/>
		<b id="20" c="12 9" t="1"/>
		<b id="21" c="12 18" t="1"/>
		<b id="22" c="10 9" t="1"/>
		<b id="23" c="9 11" t="1"/>
		<b id="24" c="31 28" t="1"/>
		<b id="25" c="2 1" t="1"/>
		<b id="26" c="21 18" t="1"/>
		<b id="27" c="19 18" t="1"/>
		<b id="28" c="28 30" t="1"/>
		<b id="29" c="28 29" t="1"/>
		<b id="30" c="18 20" t="1"/>
	</bonds>
	<geometry>
		<g u="A" t="cart/3d">#31,3:0.9859,0.3462,1.7395;1.1717,0.0747,0.6933;0.1374,-0.4375,0.0018;0.3044,-0.6969,-1.3437;-0.0795,-1.9651,-1.8363;0.2982,-2.0318,-2.8670;0.3648,-2.7855,-1.2424;-1.1757,-2.0995,-1.8607;-1.2403,-0.6297,0.5971;-1.6655,-1.6017,0.2867;-1.1242,-0.6885,1.6908;-2.2654,0.4882,0.2725;-1.7939,1.4431,0.5704;-2.6063,0.5801,-1.2205;-3.1019,-0.3439,-1.5686;-1.7071,0.7326,-1.8347;-3.3002,1.4150,-1.4126;-3.5342,0.3054,1.1155;-4.2586,1.1143,0.9254;-3.3088,0.3029,2.1948;-4.0354,-0.6497,0.8781;2.5534,0.3543,0.1576;2.6062,-0.0673,-0.8591;2.8067,1.8699,0.0535;2.0704,2.3514,-0.6091;3.8139,2.0775,-0.3463;2.7351,2.3543,1.0432;3.6282,-0.3237,1.0247;3.6036,0.0595,2.0602;3.4788,-1.4144,1.0707;4.6385,-0.1342,0.6251;</g>
	</geometry>
	<conformers/>
	<properties/>
</molecule>
