<?xml version="1.0" ?>
<!--MOLLI PACKAGE EXPERIMENTAL XML FORMAT-->
<molecule name="react_338">
	<atoms>
		<a id="1" s="H" t="H" l="H"/>
		<a id="2" s="C" t="C.2" l="C"/>
		<a id="3" s="C" t="C.2" l="C"/>
		<a id="4" s="O" t="O.2" l="O"/>
		<a id="5" s="Si" t="Si" l="SI"/>
		<a id="6" s="C" t="C.3" l="C"/>
		<a id="7" s="H" t="H" l="H"/>
		<a id="8" s="H" t="H" l="H"/>
		<a id="9" s="H" t="H" l="H"/>
		<a id="10" s="C" t="C.3" l="C"/>
		<a id="11" s="H" t="H" l="H"/>
		<a id="12" s="H" t="H" l="H"/>
		<a id="13" s="H" t="H" l="H"/>
		<a id="14" s="C" t="C.3" l="C"/>
		<a id="15" s="C" t="C.3" l="C"/>
		<a id="16" s="H" t="H" l="H"/>
		<a id="17" s="H" t="H" l="H"/>
		<a id="18" s="H" t="H" l="H"/>
		<a id="19" s="C" t="C.3" l="C"/>
		<a id="20" s="H" t="H" l="H"/>
		<a id="21" s="H" t="H" l="H"/>
		<a id="22" s="H" t="H" l="H"/>
		<a id="23" s="C" t="C.3" l="C"/>
		<a id="24" s="H" t="H" l="H"/>
		<a id="25" s="H" t="H" l="H"/>
		<a id="26" s="H" t="H" l="H"/>
		<a id="27" s="C" t="C.3" l="C"/>
		<a id="28" s="H" t="H" l="H"/>
		<a id="29" s="H" t="H" l="H"/>
		<a id="30" s="C" t="C.3" l="C"/>
		<a id="31" s="H" t="H" l="H"/>
		<a id="32" s="C" t="C.3" l="C"/>
		<a id="33" s="H" t="H" l="H"/>
		<a id="34" s="H" t="H" l="H"/>
		<a id="35" s="H" t="H" l="H"/>
		<a id="36" s="C" t="C.3" l="C"/>
		<a id="37" s="H" t="H" l="H"/>
		<a id="38" s="H" t="H" l="H"/>
		<a id="39" s="H" t="H" l="H"/>
		<a id="40" s="C" t="C.3" l="C"/>
		<a id="41" s="H" t="H" l="H"/>
		<a id="42" s="C" t="C.3" l="C"/>
		<a id="43" s="H" t="H" l="H"/>
		<a id="44" s="H" t="H" l="H"/>
		<a id="45" s="H" t="H" l="H"/>
		<a id="46" s="C" t="C.3" l="C"/>
		<a id="47" s="H" t="H" l="H"/>
		<a id="48" s="H" t="H" l="H"/>
		<a id="49" s="H" t="H" l="H"/>
	</atoms>
	<bonds>
		<b id="1" c="49 46" t="1"/>
		<b id="2" c="47 46" t="1"/>
		<b id="3" c="48 46" t="1"/>
		<b id="4" c="12 10" t="1"/>
		<b id="5" c="46 40" t="1"/>
		<b id="6" c="13 10" t="1"/>
		<b id="7" c="34 32" t="1"/>
		<b id="8" c="11 10" t="1"/>
		<b id="9" c="10 5" t="1"/>
		<b id="10" c="35 32" t="1"/>
		<b id="11" c="33 32" t="1"/>
		<b id="12" c="32 30" t="1"/>
		<b id="13" c="40 41" t="1"/>
		<b id="14" c="40 2" t="1"/>
		<b id="15" c="40 42" t="1"/>
		<b id="16" c="1 2" t="1"/>
		<b id="17" c="7 6" t="1"/>
		<b id="18" c="2 3" t="2"/>
		<b id="19" c="45 42" t="1"/>
		<b id="20" c="43 42" t="1"/>
		<b id="21" c="26 23" t="1"/>
		<b id="22" c="8 6" t="1"/>
		<b id="23" c="42 44" t="1"/>
		<b id="24" c="5 6" t="1"/>
		<b id="25" c="5 4" t="1"/>
		<b id="26" c="5 14" t="1"/>
		<b id="27" c="6 9" t="1"/>
		<b id="28" c="3 4" t="1"/>
		<b id="29" c="3 27" t="1"/>
		<b id="30" c="30 31" t="1"/>
		<b id="31" c="30 27" t="1"/>
		<b id="32" c="30 36" t="1"/>
		<b id="33" c="18 15" t="1"/>
		<b id="34" c="29 27" t="1"/>
		<b id="35" c="27 28" t="1"/>
		<b id="36" c="38 36" t="1"/>
		<b id="37" c="23 25" t="1"/>
		<b id="38" c="23 14" t="1"/>
		<b id="39" c="23 24" t="1"/>
		<b id="40" c="39 36" t="1"/>
		<b id="41" c="36 37" t="1"/>
		<b id="42" c="15 14" t="1"/>
		<b id="43" c="15 17" t="1"/>
		<b id="44" c="15 16" t="1"/>
		<b id="45" c="14 19" t="1"/>
		<b id="46" c="19 21" t="1"/>
		<b id="47" c="19 22" t="1"/>
		<b id="48" c="19 20" t="1"/>
	</bonds>
	<geometry>
		<g u="A" t="cart/3d">#49,3:-2.7020,-1.1103,-0.7048;-1.6347,-1.1432,-0.4654;-1.1130,-0.0856,0.1818;0.1978,-0.0774,0.5875;1.6224,0.6576,0.0398;1.4786,2.5411,0.1041;0.7436,2.9065,-0.6322;2.4460,3.0108,-0.1417;1.1707,2.9021,1.0983;1.9484,0.1464,-1.7469;2.1155,-0.9374,-1.8489;1.0857,0.4123,-2.3805;2.8314,0.6674,-2.1534;2.9555,0.0096,1.2545;2.9728,-1.5331,1.2343;3.7334,-1.9179,1.9385;1.9987,-1.9524,1.5309;3.2223,-1.9325,0.2369;2.6266,0.4920,2.6829;3.3656,0.0955,3.4034;2.6512,1.5916,2.7646;1.6294,0.1525,3.0059;4.3432,0.5428,0.8397;5.1192,0.1764,1.5364;4.3893,1.6448,0.8564;4.6328,0.2105,-0.1715;-1.8843,1.1247,0.6702;-1.8630,1.0787,1.7759;-1.3032,2.0307,0.4182;-3.3347,1.3213,0.1949;-3.8715,0.3647,0.3288;-3.4129,1.7158,-1.2872;-2.9369,2.6984,-1.4534;-2.9048,0.9859,-1.9351;-4.4600,1.7961,-1.6228;-4.0419,2.3667,1.0693;-4.0524,2.0677,2.1303;-5.0870,2.5125,0.7504;-3.5358,3.3459,1.0043;-0.9130,-2.4089,-0.8581;0.1455,-2.3021,-0.5710;-1.4856,-3.6184,-0.0953;-2.5551,-3.7635,-0.3280;-1.3968,-3.4814,0.9940;-0.9570,-4.5477,-0.3678;-0.9790,-2.6425,-2.3780;-2.0249,-2.7410,-2.7179;-0.4497,-3.5675,-2.6633;-0.5259,-1.8063,-2.9338;</g>
	</geometry>
	<conformers/>
	<properties/>
</molecule>
