<?xml version="1.0" ?>
<!--MOLLI PACKAGE EXPERIMENTAL XML FORMAT-->
<molecule name="react_402">
	<atoms>
		<a id="1" s="H" t="H" l="H"/>
		<a id="2" s="C" t="C.2" l="C"/>
		<a id="3" s="C" t="C.2" l="C"/>
		<a id="4" s="O" t="O.2" l="O"/>
		<a id="5" s="C" t="C.3" l="C"/>
		<a id="6" s="H" t="H" l="H"/>
		<a id="7" s="H" t="H" l="H"/>
		<a id="8" s="H" t="H" l="H"/>
		<a id="9" s="O" t="O.2" l="O"/>
		<a id="10" s="C" t="C.3" l="C"/>
		<a id="11" s="H" t="H" l="H"/>
		<a id="12" s="H" t="H" l="H"/>
		<a id="13" s="H" t="H" l="H"/>
		<a id="14" s="C" t="C.3" l="C"/>
		<a id="15" s="H" t="H" l="H"/>
		<a id="16" s="H" t="H" l="H"/>
		<a id="17" s="C" t="C.3" l="C"/>
		<a id="18" s="H" t="H" l="H"/>
		<a id="19" s="H" t="H" l="H"/>
		<a id="20" s="C" t="C.3" l="C"/>
		<a id="21" s="H" t="H" l="H"/>
		<a id="22" s="H" t="H" l="H"/>
		<a id="23" s="C" t="C.3" l="C"/>
		<a id="24" s="H" t="H" l="H"/>
		<a id="25" s="H" t="H" l="H"/>
		<a id="26" s="C" t="C.3" l="C"/>
		<a id="27" s="H" t="H" l="H"/>
		<a id="28" s="H" t="H" l="H"/>
		<a id="29" s="C" t="C.3" l="C"/>
		<a id="30" s="H" t="H" l="H"/>
		<a id="31" s="H" t="H" l="H"/>
		<a id="32" s="C" t="C.3" l="C"/>
		<a id="33" s="H" t="H" l="H"/>
		<a id="34" s="H" t="H" l="H"/>
		<a id="35" s="C" t="C.3" l="C"/>
		<a id="36" s="H" t="H" l="H"/>
		<a id="37" s="H" t="H" l="H"/>
		<a id="38" s="C" t="C.3" l="C"/>
		<a id="39" s="H" t="H" l="H"/>
		<a id="40" s="H" t="H" l="H"/>
		<a id="41" s="H" t="H" l="H"/>
	</atoms>
	<bonds>
		<b id="1" c="13 10" t="1"/>
		<b id="2" c="12 10" t="1"/>
		<b id="3" c="34 32" t="1"/>
		<b id="4" c="37 35" t="1"/>
		<b id="5" c="41 38" t="1"/>
		<b id="6" c="10 11" t="1"/>
		<b id="7" c="10 9" t="1"/>
		<b id="8" c="15 14" t="1"/>
		<b id="9" c="33 32" t="1"/>
		<b id="10" c="22 20" t="1"/>
		<b id="11" c="32 35" t="1"/>
		<b id="12" c="32 29" t="1"/>
		<b id="13" c="19 17" t="1"/>
		<b id="14" c="27 26" t="1"/>
		<b id="15" c="24 23" t="1"/>
		<b id="16" c="4 3" t="1"/>
		<b id="17" c="4 5" t="1"/>
		<b id="18" c="35 38" t="1"/>
		<b id="19" c="35 36" t="1"/>
		<b id="20" c="38 40" t="1"/>
		<b id="21" c="38 39" t="1"/>
		<b id="22" c="8 5" t="1"/>
		<b id="23" c="3 9" t="1"/>
		<b id="24" c="3 2" t="2"/>
		<b id="25" c="14 2" t="1"/>
		<b id="26" c="14 17" t="1"/>
		<b id="27" c="14 16" t="1"/>
		<b id="28" c="2 1" t="1"/>
		<b id="29" c="17 20" t="1"/>
		<b id="30" c="17 18" t="1"/>
		<b id="31" c="20 23" t="1"/>
		<b id="32" c="20 21" t="1"/>
		<b id="33" c="23 26" t="1"/>
		<b id="34" c="23 25" t="1"/>
		<b id="35" c="5 7" t="1"/>
		<b id="36" c="5 6" t="1"/>
		<b id="37" c="26 29" t="1"/>
		<b id="38" c="26 28" t="1"/>
		<b id="39" c="29 30" t="1"/>
		<b id="40" c="29 31" t="1"/>
	</bonds>
	<geometry>
		<g u="A" t="cart/3d">#41,3:-4.5629,-2.5185,0.4948;-3.8582,-1.7032,0.3050;-4.4434,-0.5109,0.1148;-3.7806,0.6177,-0.2697;-3.9368,1.7575,0.5674;-3.4983,1.5762,1.5654;-4.9969,2.0317,0.6946;-3.4012,2.5850,0.0820;-5.7913,-0.3564,0.2866;-6.5238,-0.0103,-0.8819;-7.5712,0.1254,-0.5772;-6.1550,0.9237,-1.3398;-6.4664,-0.8169,-1.6356;-2.3999,-2.0831,0.2716;-2.2050,-2.6464,-0.6638;-2.2340,-2.8256,1.0753;-1.3469,-0.9765,0.4053;-1.5381,-0.3988,1.3286;-1.4504,-0.2591,-0.4241;0.0824,-1.5272,0.4377;0.1845,-2.2400,1.2783;0.2653,-2.1208,-0.4782;1.1613,-0.4459,0.5581;1.0538,0.2609,-0.2844;0.9813,0.1493,1.4736;2.5883,-1.0066,0.5969;2.7757,-1.5901,-0.3246;2.6565,-1.7333,1.4270;3.7014,0.0390,0.7661;4.6475,-0.4921,0.9691;3.4975,0.6452,1.6696;3.8955,0.9755,-0.4343;2.9503,1.5075,-0.6395;4.1006,0.3681,-1.3368;5.0109,2.0192,-0.2650;4.8057,2.6238,0.6382;4.9620,2.7250,-1.1134;6.4283,1.4448,-0.1823;6.5661,0.8019,0.7023;7.1806,2.2480,-0.1212;6.6647,0.8364,-1.0725;</g>
	</geometry>
	<conformers/>
	<properties/>
</molecule>
