<?xml version="1.0" ?>
<!--MOLLI PACKAGE EXPERIMENTAL XML FORMAT-->
<molecule name="react_403">
	<atoms>
		<a id="1" s="H" t="H" l="H"/>
		<a id="2" s="C" t="C.2" l="C"/>
		<a id="3" s="C" t="C.2" l="C"/>
		<a id="4" s="C" t="C.3" l="C"/>
		<a id="5" s="H" t="H" l="H"/>
		<a id="6" s="H" t="H" l="H"/>
		<a id="7" s="H" t="H" l="H"/>
		<a id="8" s="C" t="C.3" l="C"/>
		<a id="9" s="H" t="H" l="H"/>
		<a id="10" s="H" t="H" l="H"/>
		<a id="11" s="O" t="O.3" l="O"/>
		<a id="12" s="Si" t="Si" l="SI"/>
		<a id="13" s="C" t="C.3" l="C"/>
		<a id="14" s="H" t="H" l="H"/>
		<a id="15" s="H" t="H" l="H"/>
		<a id="16" s="H" t="H" l="H"/>
		<a id="17" s="C" t="C.3" l="C"/>
		<a id="18" s="H" t="H" l="H"/>
		<a id="19" s="H" t="H" l="H"/>
		<a id="20" s="H" t="H" l="H"/>
		<a id="21" s="C" t="C.3" l="C"/>
		<a id="22" s="C" t="C.3" l="C"/>
		<a id="23" s="H" t="H" l="H"/>
		<a id="24" s="H" t="H" l="H"/>
		<a id="25" s="H" t="H" l="H"/>
		<a id="26" s="C" t="C.3" l="C"/>
		<a id="27" s="H" t="H" l="H"/>
		<a id="28" s="H" t="H" l="H"/>
		<a id="29" s="H" t="H" l="H"/>
		<a id="30" s="C" t="C.3" l="C"/>
		<a id="31" s="H" t="H" l="H"/>
		<a id="32" s="H" t="H" l="H"/>
		<a id="33" s="H" t="H" l="H"/>
		<a id="34" s="C" t="C.3" l="C"/>
		<a id="35" s="H" t="H" l="H"/>
		<a id="36" s="H" t="H" l="H"/>
		<a id="37" s="O" t="O.3" l="O"/>
		<a id="38" s="P" t="P.3" l="P"/>
		<a id="39" s="O" t="O.2" l="O"/>
		<a id="40" s="O" t="O.3" l="O"/>
		<a id="41" s="C" t="C.3" l="C"/>
		<a id="42" s="H" t="H" l="H"/>
		<a id="43" s="H" t="H" l="H"/>
		<a id="44" s="H" t="H" l="H"/>
		<a id="45" s="O" t="O.3" l="O"/>
		<a id="46" s="C" t="C.3" l="C"/>
		<a id="47" s="H" t="H" l="H"/>
		<a id="48" s="H" t="H" l="H"/>
		<a id="49" s="H" t="H" l="H"/>
	</atoms>
	<bonds>
		<b id="1" c="47 46" t="1"/>
		<b id="2" c="46 45" t="1"/>
		<b id="3" c="46 48" t="1"/>
		<b id="4" c="46 49" t="1"/>
		<b id="5" c="45 38" t="1"/>
		<b id="6" c="18 17" t="1"/>
		<b id="7" c="19 17" t="1"/>
		<b id="8" c="33 30" t="1"/>
		<b id="9" c="24 22" t="1"/>
		<b id="10" c="17 20" t="1"/>
		<b id="11" c="17 12" t="1"/>
		<b id="12" c="35 34" t="1"/>
		<b id="13" c="36 34" t="1"/>
		<b id="14" c="39 38" t="2"/>
		<b id="15" c="38 37" t="1"/>
		<b id="16" c="38 40" t="1"/>
		<b id="17" c="34 37" t="1"/>
		<b id="18" c="34 2" t="1"/>
		<b id="19" c="31 30" t="1"/>
		<b id="20" c="30 32" t="1"/>
		<b id="21" c="30 21" t="1"/>
		<b id="22" c="23 22" t="1"/>
		<b id="23" c="22 25" t="1"/>
		<b id="24" c="22 21" t="1"/>
		<b id="25" c="21 12" t="1"/>
		<b id="26" c="21 26" t="1"/>
		<b id="27" c="40 41" t="1"/>
		<b id="28" c="12 11" t="1"/>
		<b id="29" c="12 13" t="1"/>
		<b id="30" c="2 1" t="1"/>
		<b id="31" c="2 3" t="2"/>
		<b id="32" c="9 8" t="1"/>
		<b id="33" c="15 13" t="1"/>
		<b id="34" c="11 8" t="1"/>
		<b id="35" c="13 14" t="1"/>
		<b id="36" c="13 16" t="1"/>
		<b id="37" c="8 3" t="1"/>
		<b id="38" c="8 10" t="1"/>
		<b id="39" c="3 4" t="1"/>
		<b id="40" c="41 43" t="1"/>
		<b id="41" c="41 44" t="1"/>
		<b id="42" c="41 42" t="1"/>
		<b id="43" c="29 26" t="1"/>
		<b id="44" c="26 27" t="1"/>
		<b id="45" c="26 28" t="1"/>
		<b id="46" c="5 4" t="1"/>
		<b id="47" c="4 7" t="1"/>
		<b id="48" c="4 6" t="1"/>
	</bonds>
	<geometry>
		<g u="A" t="cart/3d">#49,3:1.9554,-3.3900,0.3990;1.6037,-2.3667,0.2211;0.7306,-1.8334,1.0970;0.1809,-2.6243,2.2529;-0.9201,-2.6478,2.1956;0.4343,-2.1444,3.2152;0.5568,-3.6581,2.2681;0.2198,-0.4107,0.9916;0.7892,0.1628,0.2440;0.3979,0.0847,1.9693;-1.1691,-0.4061,0.7065;-1.9609,0.8454,-0.1212;-1.7261,2.4595,0.8336;-0.6610,2.7467,0.8417;-2.2824,3.2898,0.3670;-2.0625,2.3703,1.8793;-1.2265,1.0302,-1.8481;-1.3350,0.1018,-2.4328;-1.7284,1.8391,-2.4057;-0.1532,1.2806,-1.7952;-3.7937,0.2855,-0.1586;-3.8969,-1.0881,-0.8539;-4.9456,-1.4392,-0.8616;-3.5598,-1.0461,-1.9031;-3.2900,-1.8488,-0.3379;-4.3254,0.1641,1.2846;-4.3111,1.1324,1.8123;-3.7297,-0.5491,1.8766;-5.3726,-0.1914,1.2824;-4.6415,1.3168,-0.9322;-5.7026,1.0064,-0.9524;-4.6056,2.3173,-0.4689;-4.3137,1.4219,-1.9800;2.1386,-1.6941,-1.0106;2.3868,-2.4481,-1.7736;1.4047,-0.9987,-1.4413;3.3696,-0.9649,-0.7343;3.5331,0.5871,-1.1611;2.2694,1.3624,-1.1967;4.6819,1.0762,-0.1439;4.4099,1.2227,1.2502;5.3328,1.5874,1.7213;3.6011,1.9526,1.4152;4.1286,0.2547,1.6967;4.3223,0.5987,-2.5551;5.5751,-0.0617,-2.7386;5.8115,-0.0059,-3.8100;5.5133,-1.1183,-2.4309;6.3663,0.4390,-2.1591;</g>
	</geometry>
	<conformers/>
	<properties/>
</molecule>
