<?xml version="1.0" ?>
<!--MOLLI PACKAGE EXPERIMENTAL XML FORMAT-->
<molecule name="react_406">
	<atoms>
		<a id="1" s="H" t="H" l="H"/>
		<a id="2" s="C" t="C.2" l="C"/>
		<a id="3" s="C" t="C.2" l="C"/>
		<a id="4" s="C" t="C.3" l="C"/>
		<a id="5" s="H" t="H" l="H"/>
		<a id="6" s="H" t="H" l="H"/>
		<a id="7" s="C" t="C.3" l="C"/>
		<a id="8" s="H" t="H" l="H"/>
		<a id="9" s="H" t="H" l="H"/>
		<a id="10" s="C" t="C.3" l="C"/>
		<a id="11" s="H" t="H" l="H"/>
		<a id="12" s="H" t="H" l="H"/>
		<a id="13" s="C" t="C.3" l="C"/>
		<a id="14" s="H" t="H" l="H"/>
		<a id="15" s="H" t="H" l="H"/>
		<a id="16" s="C" t="C.3" l="C"/>
		<a id="17" s="H" t="H" l="H"/>
		<a id="18" s="H" t="H" l="H"/>
		<a id="19" s="C" t="C.3" l="C"/>
		<a id="20" s="H" t="H" l="H"/>
		<a id="21" s="H" t="H" l="H"/>
		<a id="22" s="C" t="C.3" l="C"/>
		<a id="23" s="H" t="H" l="H"/>
		<a id="24" s="H" t="H" l="H"/>
		<a id="25" s="C" t="C.3" l="C"/>
		<a id="26" s="H" t="H" l="H"/>
		<a id="27" s="H" t="H" l="H"/>
		<a id="28" s="C" t="C.3" l="C"/>
		<a id="29" s="H" t="H" l="H"/>
		<a id="30" s="H" t="H" l="H"/>
		<a id="31" s="C" t="C.3" l="C"/>
		<a id="32" s="H" t="H" l="H"/>
		<a id="33" s="H" t="H" l="H"/>
		<a id="34" s="C" t="C.3" l="C"/>
		<a id="35" s="H" t="H" l="H"/>
		<a id="36" s="H" t="H" l="H"/>
		<a id="37" s="C" t="C.3" l="C"/>
		<a id="38" s="H" t="H" l="H"/>
		<a id="39" s="H" t="H" l="H"/>
		<a id="40" s="H" t="H" l="H"/>
	</atoms>
	<bonds>
		<b id="1" c="17 16" t="1"/>
		<b id="2" c="18 16" t="1"/>
		<b id="3" c="16 19" t="1"/>
		<b id="4" c="16 13" t="1"/>
		<b id="5" c="21 19" t="1"/>
		<b id="6" c="14 13" t="1"/>
		<b id="7" c="36 34" t="1"/>
		<b id="8" c="30 28" t="1"/>
		<b id="9" c="35 34" t="1"/>
		<b id="10" c="23 22" t="1"/>
		<b id="11" c="29 28" t="1"/>
		<b id="12" c="19 22" t="1"/>
		<b id="13" c="19 20" t="1"/>
		<b id="14" c="13 15" t="1"/>
		<b id="15" c="13 10" t="1"/>
		<b id="16" c="34 37" t="1"/>
		<b id="17" c="34 31" t="1"/>
		<b id="18" c="28 31" t="1"/>
		<b id="19" c="28 25" t="1"/>
		<b id="20" c="40 37" t="1"/>
		<b id="21" c="22 24" t="1"/>
		<b id="22" c="22 25" t="1"/>
		<b id="23" c="5 4" t="1"/>
		<b id="24" c="12 10" t="1"/>
		<b id="25" c="37 38" t="1"/>
		<b id="26" c="37 39" t="1"/>
		<b id="27" c="10 11" t="1"/>
		<b id="28" c="10 2" t="1"/>
		<b id="29" c="31 32" t="1"/>
		<b id="30" c="31 33" t="1"/>
		<b id="31" c="25 26" t="1"/>
		<b id="32" c="25 27" t="1"/>
		<b id="33" c="4 3" t="1"/>
		<b id="34" c="4 6" t="1"/>
		<b id="35" c="4 7" t="1"/>
		<b id="36" c="2 3" t="2"/>
		<b id="37" c="2 1" t="1"/>
		<b id="38" c="3 7" t="1"/>
		<b id="39" c="8 7" t="1"/>
		<b id="40" c="7 9" t="1"/>
	</bonds>
	<geometry>
		<g u="A" t="cart/3d">#40,3:3.9287,-1.5706,1.5985;4.1704,-0.6433,1.0606;5.4124,-0.1777,1.1396;6.3863,0.8566,0.7616;6.7814,0.8686,-0.2619;6.3094,1.8519,1.2171;6.7733,-0.3228,1.6697;7.4266,-1.0994,1.2525;6.9554,-0.1151,2.7316;3.0522,-0.0077,0.2773;2.2466,0.2787,0.9793;3.4104,0.9289,-0.1841;2.4719,-0.9326,-0.8082;3.2933,-1.2453,-1.4766;2.1062,-1.8628,-0.3366;1.3622,-0.2988,-1.6630;1.0955,-1.0066,-2.4691;1.7775,0.5904,-2.1718;0.0768,0.1170,-0.9282;0.3137,0.8598,-0.1443;-0.5673,0.6485,-1.6498;-0.7099,-1.0409,-0.2995;-0.9607,-1.7786,-1.0855;-0.0625,-1.5767,0.4164;-1.9940,-0.6236,0.4343;-2.3878,-1.4982,0.9833;-1.7415,0.1249,1.2092;-3.1093,-0.0664,-0.4590;-2.7497,0.8278,-0.9992;-3.3549,-0.8107,-1.2402;-4.3829,0.3000,0.3099;-4.7571,-0.5926,0.8465;-4.1334,1.0370,1.0968;-5.5022,0.8647,-0.5715;-5.1254,1.7540,-1.1099;-5.7543,0.1265,-1.3552;-6.7657,1.2361,0.2067;-7.1911,0.3591,0.7239;-6.5532,1.9985,0.9755;-7.5473,1.6416,-0.4563;</g>
	</geometry>
	<conformers/>
	<properties/>
</molecule>
