<?xml version="1.0" ?>
<!--MOLLI PACKAGE EXPERIMENTAL XML FORMAT-->
<molecule name="react_413">
	<atoms>
		<a id="1" s="H" t="H" l="H"/>
		<a id="2" s="C" t="C.2" l="C"/>
		<a id="3" s="C" t="C.2" l="C"/>
		<a id="4" s="C" t="C.3" l="C"/>
		<a id="5" s="H" t="H" l="H"/>
		<a id="6" s="H" t="H" l="H"/>
		<a id="7" s="H" t="H" l="H"/>
		<a id="8" s="C" t="C.3" l="C"/>
		<a id="9" s="H" t="H" l="H"/>
		<a id="10" s="H" t="H" l="H"/>
		<a id="11" s="C" t="C.3" l="C"/>
		<a id="12" s="H" t="H" l="H"/>
		<a id="13" s="H" t="H" l="H"/>
		<a id="14" s="C" t="C.3" l="C"/>
		<a id="15" s="H" t="H" l="H"/>
		<a id="16" s="H" t="H" l="H"/>
		<a id="17" s="C" t="C.3" l="C"/>
		<a id="18" s="H" t="H" l="H"/>
		<a id="19" s="H" t="H" l="H"/>
		<a id="20" s="C" t="C.3" l="C"/>
		<a id="21" s="H" t="H" l="H"/>
		<a id="22" s="H" t="H" l="H"/>
		<a id="23" s="H" t="H" l="H"/>
		<a id="24" s="C" t="C.3" l="C"/>
		<a id="25" s="H" t="H" l="H"/>
		<a id="26" s="H" t="H" l="H"/>
		<a id="27" s="O" t="O.3" l="O"/>
		<a id="28" s="Si" t="Si" l="SI"/>
		<a id="29" s="C" t="C.3" l="C"/>
		<a id="30" s="H" t="H" l="H"/>
		<a id="31" s="H" t="H" l="H"/>
		<a id="32" s="H" t="H" l="H"/>
		<a id="33" s="C" t="C.3" l="C"/>
		<a id="34" s="H" t="H" l="H"/>
		<a id="35" s="H" t="H" l="H"/>
		<a id="36" s="H" t="H" l="H"/>
		<a id="37" s="C" t="C.3" l="C"/>
		<a id="38" s="C" t="C.3" l="C"/>
		<a id="39" s="H" t="H" l="H"/>
		<a id="40" s="H" t="H" l="H"/>
		<a id="41" s="H" t="H" l="H"/>
		<a id="42" s="C" t="C.3" l="C"/>
		<a id="43" s="H" t="H" l="H"/>
		<a id="44" s="H" t="H" l="H"/>
		<a id="45" s="H" t="H" l="H"/>
		<a id="46" s="C" t="C.3" l="C"/>
		<a id="47" s="H" t="H" l="H"/>
		<a id="48" s="H" t="H" l="H"/>
		<a id="49" s="H" t="H" l="H"/>
	</atoms>
	<bonds>
		<b id="1" c="43 42" t="1"/>
		<b id="2" c="39 38" t="1"/>
		<b id="3" c="18 17" t="1"/>
		<b id="4" c="19 17" t="1"/>
		<b id="5" c="44 42" t="1"/>
		<b id="6" c="42 45" t="1"/>
		<b id="7" c="42 37" t="1"/>
		<b id="8" c="17 20" t="1"/>
		<b id="9" c="17 14" t="1"/>
		<b id="10" c="48 46" t="1"/>
		<b id="11" c="40 38" t="1"/>
		<b id="12" c="23 20" t="1"/>
		<b id="13" c="38 37" t="1"/>
		<b id="14" c="38 41" t="1"/>
		<b id="15" c="16 14" t="1"/>
		<b id="16" c="9 8" t="1"/>
		<b id="17" c="10 8" t="1"/>
		<b id="18" c="37 46" t="1"/>
		<b id="19" c="37 28" t="1"/>
		<b id="20" c="20 21" t="1"/>
		<b id="21" c="20 22" t="1"/>
		<b id="22" c="14 15" t="1"/>
		<b id="23" c="14 11" t="1"/>
		<b id="24" c="46 49" t="1"/>
		<b id="25" c="46 47" t="1"/>
		<b id="26" c="8 11" t="1"/>
		<b id="27" c="8 3" t="1"/>
		<b id="28" c="1 2" t="1"/>
		<b id="29" c="11 12" t="1"/>
		<b id="30" c="11 13" t="1"/>
		<b id="31" c="3 2" t="2"/>
		<b id="32" c="3 4" t="1"/>
		<b id="33" c="27 28" t="1"/>
		<b id="34" c="27 24" t="1"/>
		<b id="35" c="2 24" t="1"/>
		<b id="36" c="5 4" t="1"/>
		<b id="37" c="32 29" t="1"/>
		<b id="38" c="28 29" t="1"/>
		<b id="39" c="28 33" t="1"/>
		<b id="40" c="4 7" t="1"/>
		<b id="41" c="4 6" t="1"/>
		<b id="42" c="24 26" t="1"/>
		<b id="43" c="24 25" t="1"/>
		<b id="44" c="29 31" t="1"/>
		<b id="45" c="29 30" t="1"/>
		<b id="46" c="36 33" t="1"/>
		<b id="47" c="33 34" t="1"/>
		<b id="48" c="33 35" t="1"/>
	</bonds>
	<geometry>
		<g u="A" t="cart/3d">#49,3:0.9988,-0.5476,-0.1859;0.8275,0.3545,0.4146;1.7330,1.3478,0.3481;1.6263,2.6486,1.1089;1.8597,3.5027,0.4495;2.3500,2.6913,1.9421;0.6281,2.8151,1.5378;2.9634,1.1955,-0.5252;3.0177,2.0556,-1.2214;2.8462,0.2960,-1.1505;4.2915,1.1156,0.2515;4.4002,2.0133,0.8843;4.2455,0.2616,0.9504;5.5410,1.0069,-0.6378;6.4350,1.0510,0.0113;5.5948,1.9028,-1.2835;5.6421,-0.2448,-1.5256;4.8045,-0.2630,-2.2457;6.5546,-0.1548,-2.1413;5.6859,-1.5702,-0.7603;4.7547,-1.7573,-0.2007;6.5156,-1.5845,-0.0324;5.8310,-2.4215,-1.4451;-0.4338,0.2926,1.2267;-0.2809,-0.3957,2.0857;-0.6808,1.2800,1.6589;-1.4905,-0.1811,0.4123;-3.1043,-0.4125,0.8406;-3.8206,1.1995,1.5230;-3.3091,1.4950,2.4547;-4.8924,1.0938,1.7610;-3.7141,2.0286,0.8047;-3.2277,-1.7486,2.1736;-4.2775,-1.9578,2.4397;-2.7151,-1.4299,3.0972;-2.7663,-2.6942,1.8456;-3.9423,-0.9407,-0.7992;-3.2873,-2.2409,-1.3109;-3.7294,-2.5388,-2.2796;-2.2032,-2.1151,-1.4599;-3.4360,-3.0818,-0.6129;-3.7447,0.1716,-1.8506;-4.1849,-0.1303,-2.8190;-2.6768,0.3843,-2.0159;-4.2325,1.1148,-1.5519;-5.4505,-1.1779,-0.5769;-5.6426,-1.9730,0.1632;-5.9349,-1.4893,-1.5207;-5.9688,-0.2674,-0.2321;</g>
	</geometry>
	<conformers/>
	<properties/>
</molecule>
