<?xml version="1.0" ?>
<!--MOLLI PACKAGE EXPERIMENTAL XML FORMAT-->
<molecule name="react_427">
	<atoms>
		<a id="1" s="H" t="H" l="H"/>
		<a id="2" s="C" t="C.2" l="C"/>
		<a id="3" s="H" t="H" l="H"/>
		<a id="4" s="C" t="C.2" l="C"/>
		<a id="5" s="C" t="C.3" l="C"/>
		<a id="6" s="H" t="H" l="H"/>
		<a id="7" s="H" t="H" l="H"/>
		<a id="8" s="H" t="H" l="H"/>
		<a id="9" s="C" t="C.3" l="C"/>
		<a id="10" s="H" t="H" l="H"/>
		<a id="11" s="H" t="H" l="H"/>
		<a id="12" s="C" t="C.3" l="C"/>
		<a id="13" s="H" t="H" l="H"/>
		<a id="14" s="H" t="H" l="H"/>
		<a id="15" s="C" t="C.3" l="C"/>
		<a id="16" s="H" t="H" l="H"/>
		<a id="17" s="H" t="H" l="H"/>
		<a id="18" s="C" t="C.3" l="C"/>
		<a id="19" s="H" t="H" l="H"/>
		<a id="20" s="H" t="H" l="H"/>
		<a id="21" s="C" t="C.3" l="C"/>
		<a id="22" s="H" t="H" l="H"/>
		<a id="23" s="H" t="H" l="H"/>
		<a id="24" s="C" t="C.3" l="C"/>
		<a id="25" s="H" t="H" l="H"/>
		<a id="26" s="H" t="H" l="H"/>
		<a id="27" s="H" t="H" l="H"/>
	</atoms>
	<bonds>
		<b id="1" c="3 2" t="1"/>
		<b id="2" c="1 2" t="1"/>
		<b id="3" c="2 4" t="2"/>
		<b id="4" c="14 12" t="1"/>
		<b id="5" c="23 21" t="1"/>
		<b id="6" c="22 21" t="1"/>
		<b id="7" c="13 12" t="1"/>
		<b id="8" c="4 5" t="1"/>
		<b id="9" c="4 9" t="1"/>
		<b id="10" c="25 24" t="1"/>
		<b id="11" c="6 5" t="1"/>
		<b id="12" c="12 9" t="1"/>
		<b id="13" c="12 15" t="1"/>
		<b id="14" c="21 24" t="1"/>
		<b id="15" c="21 18" t="1"/>
		<b id="16" c="16 15" t="1"/>
		<b id="17" c="5 8" t="1"/>
		<b id="18" c="5 7" t="1"/>
		<b id="19" c="9 11" t="1"/>
		<b id="20" c="9 10" t="1"/>
		<b id="21" c="24 27" t="1"/>
		<b id="22" c="24 26" t="1"/>
		<b id="23" c="15 18" t="1"/>
		<b id="24" c="15 17" t="1"/>
		<b id="25" c="18 19" t="1"/>
		<b id="26" c="18 20" t="1"/>
	</bonds>
	<geometry>
		<g u="A" t="cart/3d">#27,3:2.1572,-0.8279,-2.4361;2.7945,-0.1143,-1.9092;3.6776,0.2427,-2.4477;2.5248,0.3141,-0.6672;3.4226,1.3013,0.0384;4.2775,1.6015,-0.5855;3.8163,0.8767,0.9795;2.8655,2.2131,0.3194;1.3210,-0.1316,0.1390;1.6880,-0.5376,1.1029;0.7572,0.7774,0.4234;0.3789,-1.1482,-0.5091;0.9612,-2.0382,-0.8043;-0.0244,-0.7310,-1.4482;-0.7760,-1.6099,0.3960;-1.3309,-2.4072,-0.1312;-0.3513,-2.0891,1.2972;-1.7770,-0.5313,0.8416;-1.2638,0.2349,1.4516;-2.5091,-1.0018,1.5234;-2.5394,0.1585,-0.2960;-3.0205,-0.6109,-0.9284;-1.8302,0.6873,-0.9572;-3.5966,1.1476,0.1985;-4.1262,1.6291,-0.6397;-4.3533,0.6468,0.8263;-3.1437,1.9482,0.8080;</g>
	</geometry>
	<conformers/>
	<properties/>
</molecule>
