<?xml version="1.0" ?>
<!--MOLLI PACKAGE EXPERIMENTAL XML FORMAT-->
<molecule name="react_428">
	<atoms>
		<a id="1" s="H" t="H" l="H"/>
		<a id="2" s="C" t="C.2" l="C"/>
		<a id="3" s="C" t="C.2" l="C"/>
		<a id="4" s="H" t="H" l="H"/>
		<a id="5" s="P" t="P.3" l="P"/>
		<a id="6" s="O" t="O.2" l="O"/>
		<a id="7" s="O" t="O.3" l="O"/>
		<a id="8" s="C" t="C.3" l="C"/>
		<a id="9" s="H" t="H" l="H"/>
		<a id="10" s="H" t="H" l="H"/>
		<a id="11" s="C" t="C.3" l="C"/>
		<a id="12" s="H" t="H" l="H"/>
		<a id="13" s="H" t="H" l="H"/>
		<a id="14" s="H" t="H" l="H"/>
		<a id="15" s="O" t="O.3" l="O"/>
		<a id="16" s="C" t="C.3" l="C"/>
		<a id="17" s="H" t="H" l="H"/>
		<a id="18" s="H" t="H" l="H"/>
		<a id="19" s="C" t="C.3" l="C"/>
		<a id="20" s="H" t="H" l="H"/>
		<a id="21" s="H" t="H" l="H"/>
		<a id="22" s="H" t="H" l="H"/>
		<a id="23" s="C" t="C.3" l="C"/>
		<a id="24" s="H" t="H" l="H"/>
		<a id="25" s="H" t="H" l="H"/>
		<a id="26" s="H" t="H" l="H"/>
	</atoms>
	<bonds>
		<b id="1" c="6 5" t="2"/>
		<b id="2" c="4 3" t="1"/>
		<b id="3" c="9 8" t="1"/>
		<b id="4" c="5 3" t="1"/>
		<b id="5" c="5 15" t="1"/>
		<b id="6" c="5 7" t="1"/>
		<b id="7" c="3 2" t="2"/>
		<b id="8" c="14 11" t="1"/>
		<b id="9" c="24 23" t="1"/>
		<b id="10" c="15 16" t="1"/>
		<b id="11" c="26 23" t="1"/>
		<b id="12" c="8 11" t="1"/>
		<b id="13" c="8 7" t="1"/>
		<b id="14" c="8 10" t="1"/>
		<b id="15" c="13 11" t="1"/>
		<b id="16" c="2 23" t="1"/>
		<b id="17" c="2 1" t="1"/>
		<b id="18" c="23 25" t="1"/>
		<b id="19" c="11 12" t="1"/>
		<b id="20" c="22 19" t="1"/>
		<b id="21" c="20 19" t="1"/>
		<b id="22" c="16 19" t="1"/>
		<b id="23" c="16 17" t="1"/>
		<b id="24" c="16 18" t="1"/>
		<b id="25" c="19 21" t="1"/>
	</bonds>
	<geometry>
		<g u="A" t="cart/3d">#26,3:1.3069,-2.0311,0.4776;2.0341,-1.5012,-0.1500;1.5857,-0.5136,-0.9396;2.2742,0.0380,-1.5923;-0.1346,-0.0254,-1.1066;-0.7041,-0.0949,-2.4753;-0.8928,-0.9423,0.0110;-2.1786,-1.5274,-0.2765;-2.1897,-1.8718,-1.3230;-2.2530,-2.4061,0.3831;-3.3161,-0.5523,-0.0246;-3.2953,-0.1760,1.0108;-4.2848,-1.0524,-0.1893;-3.2529,0.3036,-0.7143;-0.2169,1.4849,-0.5112;0.1025,1.8288,0.8415;1.1212,1.4759,1.0869;-0.5967,1.3147,1.5234;0.0042,3.3348,0.9918;-1.0112,3.6842,0.7478;0.2363,3.6304,2.0277;0.7117,3.8413,0.3170;3.4573,-1.9586,-0.0558;4.1263,-1.3755,-0.7067;3.8250,-1.8839,0.9828;3.5406,-3.0237,-0.3359;</g>
	</geometry>
	<conformers/>
	<properties/>
</molecule>
