<?xml version="1.0" ?>
<!--MOLLI PACKAGE EXPERIMENTAL XML FORMAT-->
<molecule name="react_20">
	<atoms>
		<a id="1" s="H" t="H" l="H"/>
		<a id="2" s="C" t="C.2" l="C"/>
		<a id="3" s="H" t="H" l="H"/>
		<a id="4" s="C" t="C.2" l="C"/>
		<a id="5" s="H" t="H" l="H"/>
		<a id="6" s="C" t="C.3" l="C"/>
		<a id="7" s="H" t="H" l="H"/>
		<a id="8" s="H" t="H" l="H"/>
		<a id="9" s="C" t="C.3" l="C"/>
		<a id="10" s="H" t="H" l="H"/>
		<a id="11" s="H" t="H" l="H"/>
		<a id="12" s="C" t="C.3" l="C"/>
		<a id="13" s="H" t="H" l="H"/>
		<a id="14" s="H" t="H" l="H"/>
		<a id="15" s="C" t="C.3" l="C"/>
		<a id="16" s="H" t="H" l="H"/>
		<a id="17" s="H" t="H" l="H"/>
		<a id="18" s="C" t="C.3" l="C"/>
		<a id="19" s="H" t="H" l="H"/>
		<a id="20" s="H" t="H" l="H"/>
		<a id="21" s="C" t="C.3" l="C"/>
		<a id="22" s="H" t="H" l="H"/>
		<a id="23" s="H" t="H" l="H"/>
		<a id="24" s="C" t="C.3" l="C"/>
		<a id="25" s="H" t="H" l="H"/>
		<a id="26" s="H" t="H" l="H"/>
		<a id="27" s="C" t="C.3" l="C"/>
		<a id="28" s="H" t="H" l="H"/>
		<a id="29" s="H" t="H" l="H"/>
		<a id="30" s="C" t="C.3" l="C"/>
		<a id="31" s="H" t="H" l="H"/>
		<a id="32" s="H" t="H" l="H"/>
		<a id="33" s="C" t="C.1" l="C"/>
		<a id="34" s="N" t="N.1" l="N"/>
	</atoms>
	<bonds>
		<b id="1" c="32 30" t="1"/>
		<b id="2" c="8 6" t="1"/>
		<b id="3" c="26 24" t="1"/>
		<b id="4" c="13 12" t="1"/>
		<b id="5" c="19 18" t="1"/>
		<b id="6" c="30 31" t="1"/>
		<b id="7" c="30 33" t="1"/>
		<b id="8" c="30 27" t="1"/>
		<b id="9" c="6 7" t="1"/>
		<b id="10" c="6 4" t="1"/>
		<b id="11" c="6 9" t="1"/>
		<b id="12" c="24 25" t="1"/>
		<b id="13" c="24 27" t="1"/>
		<b id="14" c="24 21" t="1"/>
		<b id="15" c="5 4" t="1"/>
		<b id="16" c="12 14" t="1"/>
		<b id="17" c="12 9" t="1"/>
		<b id="18" c="12 15" t="1"/>
		<b id="19" c="18 20" t="1"/>
		<b id="20" c="18 15" t="1"/>
		<b id="21" c="18 21" t="1"/>
		<b id="22" c="29 27" t="1"/>
		<b id="23" c="10 9" t="1"/>
		<b id="24" c="16 15" t="1"/>
		<b id="25" c="23 21" t="1"/>
		<b id="26" c="33 34" t="3"/>
		<b id="27" c="27 28" t="1"/>
		<b id="28" c="4 2" t="2"/>
		<b id="29" c="9 11" t="1"/>
		<b id="30" c="15 17" t="1"/>
		<b id="31" c="21 22" t="1"/>
		<b id="32" c="2 1" t="1"/>
		<b id="33" c="2 3" t="1"/>
	</bonds>
	<geometry>
		<g u="A" t="cart/3d">#34,3:-7.0532,-0.7536,1.5505;-6.0040,-0.5899,1.2883;-5.2759,-1.2677,1.7432;-5.6480,0.3918,0.4534;-6.4392,1.0304,0.0380;-4.2554,0.7425,-0.0011;-4.0672,1.8048,0.2514;-4.2372,0.7186,-1.1086;-3.1163,-0.1198,0.5450;-3.2910,-1.1761,0.2713;-3.1275,-0.0878,1.6496;-1.7356,0.3120,0.0402;-1.7259,0.2871,-1.0658;-1.5592,1.3689,0.3157;-0.5864,-0.5488,0.5736;-0.7650,-1.6057,0.3007;-0.5920,-0.5222,1.6794;0.7947,-0.1234,0.0638;0.7989,-0.1524,-1.0425;0.9661,0.9339,0.3366;1.9374,-0.9987,0.5930;1.9697,-0.9341,1.6968;1.7073,-2.0547,0.3648;3.3265,-0.6747,0.0249;4.0347,-1.4564,0.3503;3.2930,-0.7364,-1.0793;3.8836,0.6931,0.4349;3.9026,0.7740,1.5359;3.2278,1.5029,0.0749;5.2967,0.9757,-0.1141;5.6152,1.9974,0.1529;5.2957,0.9264,-1.2170;6.3177,0.0437,0.3771;7.1113,-0.7010,0.7758;</g>
	</geometry>
	<conformers/>
	<properties/>
</molecule>
