<?xml version="1.0" ?>
<!--MOLLI PACKAGE EXPERIMENTAL XML FORMAT-->
<molecule name="react_429">
	<atoms>
		<a id="1" s="H" t="H" l="H"/>
		<a id="2" s="C" t="C.2" l="C"/>
		<a id="3" s="C" t="C.2" l="C"/>
		<a id="4" s="H" t="H" l="H"/>
		<a id="5" s="C" t="C.3" l="C"/>
		<a id="6" s="H" t="H" l="H"/>
		<a id="7" s="H" t="H" l="H"/>
		<a id="8" s="Si" t="Si" l="SI"/>
		<a id="9" s="C" t="C.3" l="C"/>
		<a id="10" s="H" t="H" l="H"/>
		<a id="11" s="H" t="H" l="H"/>
		<a id="12" s="H" t="H" l="H"/>
		<a id="13" s="C" t="C.3" l="C"/>
		<a id="14" s="H" t="H" l="H"/>
		<a id="15" s="H" t="H" l="H"/>
		<a id="16" s="H" t="H" l="H"/>
		<a id="17" s="C" t="C.3" l="C"/>
		<a id="18" s="H" t="H" l="H"/>
		<a id="19" s="H" t="H" l="H"/>
		<a id="20" s="H" t="H" l="H"/>
		<a id="21" s="C" t="C.3" l="C"/>
		<a id="22" s="H" t="H" l="H"/>
		<a id="23" s="C" t="C.3" l="C"/>
		<a id="24" s="H" t="H" l="H"/>
		<a id="25" s="H" t="H" l="H"/>
		<a id="26" s="H" t="H" l="H"/>
		<a id="27" s="C" t="C.3" l="C"/>
		<a id="28" s="H" t="H" l="H"/>
		<a id="29" s="H" t="H" l="H"/>
		<a id="30" s="H" t="H" l="H"/>
	</atoms>
	<bonds>
		<b id="1" c="15 13" t="1"/>
		<b id="2" c="16 13" t="1"/>
		<b id="3" c="13 14" t="1"/>
		<b id="4" c="13 8" t="1"/>
		<b id="5" c="25 23" t="1"/>
		<b id="6" c="20 17" t="1"/>
		<b id="7" c="26 23" t="1"/>
		<b id="8" c="19 17" t="1"/>
		<b id="9" c="22 21" t="1"/>
		<b id="10" c="23 24" t="1"/>
		<b id="11" c="23 21" t="1"/>
		<b id="12" c="17 8" t="1"/>
		<b id="13" c="17 18" t="1"/>
		<b id="14" c="4 3" t="1"/>
		<b id="15" c="8 9" t="1"/>
		<b id="16" c="8 5" t="1"/>
		<b id="17" c="21 2" t="1"/>
		<b id="18" c="21 27" t="1"/>
		<b id="19" c="12 9" t="1"/>
		<b id="20" c="3 2" t="2"/>
		<b id="21" c="3 5" t="1"/>
		<b id="22" c="28 27" t="1"/>
		<b id="23" c="2 1" t="1"/>
		<b id="24" c="9 11" t="1"/>
		<b id="25" c="9 10" t="1"/>
		<b id="26" c="5 6" t="1"/>
		<b id="27" c="5 7" t="1"/>
		<b id="28" c="27 30" t="1"/>
		<b id="29" c="27 29" t="1"/>
	</bonds>
	<geometry>
		<g u="A" t="cart/3d">#30,3:1.4092,0.6140,1.4416;1.4711,-0.1645,0.6656;0.3727,-0.8777,0.3754;0.4558,-1.6536,-0.3993;-0.9881,-0.7014,0.9832;-1.3939,-1.6798,1.3044;-0.9322,-0.0712,1.8889;-2.2852,0.0791,-0.1905;-3.9651,0.0743,0.6851;-3.9294,0.6467,1.6276;-4.2882,-0.9518,0.9297;-4.7457,0.5271,0.0503;-2.4000,-0.9373,-1.7846;-2.6689,-1.9867,-1.5748;-3.1695,-0.5261,-2.4598;-1.4434,-0.9383,-2.3328;-1.7752,1.8543,-0.5976;-1.7408,2.4786,0.3113;-0.7744,1.8814,-1.0591;-2.4850,2.3237,-1.2996;2.8249,-0.3320,0.0178;2.7416,-1.1380,-0.7342;3.2529,0.9539,-0.7123;3.3351,1.8001,-0.0079;2.5227,1.2352,-1.4878;4.2359,0.8286,-1.1968;3.8850,-0.7554,1.0502;4.8717,-0.8890,0.5756;3.9965,0.0088,1.8393;3.6096,-1.7028,1.5400;</g>
	</geometry>
	<conformers/>
	<properties/>
</molecule>
