<?xml version="1.0" ?>
<!--MOLLI PACKAGE EXPERIMENTAL XML FORMAT-->
<molecule name="react_431">
	<atoms>
		<a id="1" s="H" t="H" l="H"/>
		<a id="2" s="C" t="C.2" l="C"/>
		<a id="3" s="C" t="C.2" l="C"/>
		<a id="4" s="H" t="H" l="H"/>
		<a id="5" s="C" t="C.3" l="C"/>
		<a id="6" s="H" t="H" l="H"/>
		<a id="7" s="H" t="H" l="H"/>
		<a id="8" s="Si" t="Si" l="SI"/>
		<a id="9" s="C" t="C.3" l="C"/>
		<a id="10" s="H" t="H" l="H"/>
		<a id="11" s="H" t="H" l="H"/>
		<a id="12" s="H" t="H" l="H"/>
		<a id="13" s="C" t="C.3" l="C"/>
		<a id="14" s="H" t="H" l="H"/>
		<a id="15" s="H" t="H" l="H"/>
		<a id="16" s="H" t="H" l="H"/>
		<a id="17" s="C" t="C.3" l="C"/>
		<a id="18" s="H" t="H" l="H"/>
		<a id="19" s="H" t="H" l="H"/>
		<a id="20" s="H" t="H" l="H"/>
		<a id="21" s="C" t="C.3" l="C"/>
		<a id="22" s="H" t="H" l="H"/>
		<a id="23" s="H" t="H" l="H"/>
		<a id="24" s="C" t="C.3" l="C"/>
		<a id="25" s="H" t="H" l="H"/>
		<a id="26" s="H" t="H" l="H"/>
		<a id="27" s="C" t="C.3" l="C"/>
		<a id="28" s="H" t="H" l="H"/>
		<a id="29" s="H" t="H" l="H"/>
		<a id="30" s="C" t="C.3" l="C"/>
		<a id="31" s="H" t="H" l="H"/>
		<a id="32" s="H" t="H" l="H"/>
		<a id="33" s="C" t="C.3" l="C"/>
		<a id="34" s="H" t="H" l="H"/>
		<a id="35" s="H" t="H" l="H"/>
		<a id="36" s="H" t="H" l="H"/>
	</atoms>
	<bonds>
		<b id="1" c="16 13" t="1"/>
		<b id="2" c="25 24" t="1"/>
		<b id="3" c="28 27" t="1"/>
		<b id="4" c="18 17" t="1"/>
		<b id="5" c="29 27" t="1"/>
		<b id="6" c="14 13" t="1"/>
		<b id="7" c="20 17" t="1"/>
		<b id="8" c="13 15" t="1"/>
		<b id="9" c="13 8" t="1"/>
		<b id="10" c="27 24" t="1"/>
		<b id="11" c="27 30" t="1"/>
		<b id="12" c="17 19" t="1"/>
		<b id="13" c="17 8" t="1"/>
		<b id="14" c="24 26" t="1"/>
		<b id="15" c="24 21" t="1"/>
		<b id="16" c="1 2" t="1"/>
		<b id="17" c="22 21" t="1"/>
		<b id="18" c="31 30" t="1"/>
		<b id="19" c="21 2" t="1"/>
		<b id="20" c="21 23" t="1"/>
		<b id="21" c="11 9" t="1"/>
		<b id="22" c="8 9" t="1"/>
		<b id="23" c="8 5" t="1"/>
		<b id="24" c="30 32" t="1"/>
		<b id="25" c="30 33" t="1"/>
		<b id="26" c="2 3" t="2"/>
		<b id="27" c="36 33" t="1"/>
		<b id="28" c="9 10" t="1"/>
		<b id="29" c="9 12" t="1"/>
		<b id="30" c="33 35" t="1"/>
		<b id="31" c="33 34" t="1"/>
		<b id="32" c="3 5" t="1"/>
		<b id="33" c="3 4" t="1"/>
		<b id="34" c="5 7" t="1"/>
		<b id="35" c="5 6" t="1"/>
	</bonds>
	<geometry>
		<g u="A" t="cart/3d">#36,3:-0.6225,-0.4740,-0.7697;-0.0846,-0.6159,0.1767;-0.6697,-0.2605,1.3290;-0.0894,-0.4211,2.2507;-2.0404,0.3337,1.5379;-2.6162,-0.3313,2.2136;-1.9341,1.2678,2.1259;-3.1981,0.7498,0.0778;-4.7680,1.4854,0.8436;-4.5459,2.4007,1.4181;-5.5022,1.7523,0.0646;-5.2557,0.7712,1.5286;-2.4264,2.0417,-1.0733;-1.5070,1.6759,-1.5572;-2.1656,2.9573,-0.5159;-3.1353,2.3266,-1.8694;-3.6743,-0.8037,-0.8975;-4.4047,-0.5580,-1.6872;-4.1394,-1.5545,-0.2363;-2.8064,-1.2803,-1.3803;1.2978,-1.1968,0.0517;1.2328,-2.2026,-0.4084;1.7227,-1.3460,1.0588;2.2417,-0.3331,-0.8054;1.7561,-0.1381,-1.7789;2.3524,0.6573,-0.3296;3.6213,-0.9564,-1.0700;4.1755,-0.2972,-1.7635;3.4809,-1.9103,-1.6112;4.4985,-1.2176,0.1658;5.4239,-1.7186,-0.1696;3.9987,-1.9425,0.8332;4.8700,0.0364,0.9614;5.5536,-0.2054,1.7916;3.9850,0.5263,1.3995;5.3749,0.7811,0.3220;</g>
	</geometry>
	<conformers/>
	<properties/>
</molecule>
