<?xml version="1.0" ?>
<!--MOLLI PACKAGE EXPERIMENTAL XML FORMAT-->
<molecule name="react_432">
	<atoms>
		<a id="1" s="H" t="H" l="H"/>
		<a id="2" s="O" t="O.3" l="O"/>
		<a id="3" s="C" t="C.3" l="C"/>
		<a id="4" s="H" t="H" l="H"/>
		<a id="5" s="H" t="H" l="H"/>
		<a id="6" s="C" t="C.2" l="C"/>
		<a id="7" s="H" t="H" l="H"/>
		<a id="8" s="C" t="C.2" l="C"/>
		<a id="9" s="H" t="H" l="H"/>
		<a id="10" s="C" t="C.3" l="C"/>
		<a id="11" s="H" t="H" l="H"/>
		<a id="12" s="H" t="H" l="H"/>
		<a id="13" s="C" t="C.3" l="C"/>
		<a id="14" s="H" t="H" l="H"/>
		<a id="15" s="H" t="H" l="H"/>
		<a id="16" s="C" t="C.3" l="C"/>
		<a id="17" s="H" t="H" l="H"/>
		<a id="18" s="H" t="H" l="H"/>
		<a id="19" s="C" t="C.3" l="C"/>
		<a id="20" s="H" t="H" l="H"/>
		<a id="21" s="H" t="H" l="H"/>
		<a id="22" s="C" t="C.3" l="C"/>
		<a id="23" s="H" t="H" l="H"/>
		<a id="24" s="H" t="H" l="H"/>
		<a id="25" s="C" t="C.3" l="C"/>
		<a id="26" s="H" t="H" l="H"/>
		<a id="27" s="H" t="H" l="H"/>
		<a id="28" s="C" t="C.3" l="C"/>
		<a id="29" s="H" t="H" l="H"/>
		<a id="30" s="H" t="H" l="H"/>
		<a id="31" s="C" t="C.3" l="C"/>
		<a id="32" s="H" t="H" l="H"/>
		<a id="33" s="H" t="H" l="H"/>
		<a id="34" s="H" t="H" l="H"/>
	</atoms>
	<bonds>
		<b id="1" c="30 28" t="1"/>
		<b id="2" c="26 25" t="1"/>
		<b id="3" c="18 16" t="1"/>
		<b id="4" c="29 28" t="1"/>
		<b id="5" c="14 13" t="1"/>
		<b id="6" c="28 25" t="1"/>
		<b id="7" c="28 31" t="1"/>
		<b id="8" c="25 27" t="1"/>
		<b id="9" c="25 22" t="1"/>
		<b id="10" c="17 16" t="1"/>
		<b id="11" c="1 2" t="1"/>
		<b id="12" c="16 13" t="1"/>
		<b id="13" c="16 19" t="1"/>
		<b id="14" c="32 31" t="1"/>
		<b id="15" c="13 15" t="1"/>
		<b id="16" c="13 10" t="1"/>
		<b id="17" c="31 34" t="1"/>
		<b id="18" c="31 33" t="1"/>
		<b id="19" c="23 22" t="1"/>
		<b id="20" c="2 3" t="1"/>
		<b id="21" c="22 19" t="1"/>
		<b id="22" c="22 24" t="1"/>
		<b id="23" c="19 21" t="1"/>
		<b id="24" c="19 20" t="1"/>
		<b id="25" c="12 10" t="1"/>
		<b id="26" c="7 6" t="1"/>
		<b id="27" c="10 8" t="1"/>
		<b id="28" c="10 11" t="1"/>
		<b id="29" c="6 8" t="2"/>
		<b id="30" c="6 3" t="1"/>
		<b id="31" c="8 9" t="1"/>
		<b id="32" c="3 4" t="1"/>
		<b id="33" c="3 5" t="1"/>
	</bonds>
	<geometry>
		<g u="A" t="cart/3d">#34,3:6.3688,0.5076,-0.9120;6.8346,0.1670,-0.1362;5.9924,0.3712,0.9859;5.8809,1.4475,1.2334;6.5171,-0.0987,1.8365;4.6378,-0.2532,0.8045;4.6418,-1.3276,0.5747;3.4746,0.4070,0.8780;3.4999,1.4852,1.0967;2.1103,-0.1895,0.6749;1.5258,-0.0656,1.6054;2.2011,-1.2771,0.5067;1.3432,0.4527,-0.4966;1.9582,0.3538,-1.4082;1.2458,1.5398,-0.3155;-0.0465,-0.1438,-0.7666;0.0506,-1.2340,-0.9306;-0.4155,0.2702,-1.7207;-1.0860,0.1082,0.3341;-0.7184,-0.3114,1.2867;-1.1785,1.1983,0.5025;-2.4785,-0.4813,0.0561;-2.3800,-1.5653,-0.1452;-3.0773,-0.4020,0.9797;-3.2433,0.1770,-1.1003;-2.6475,0.0993,-2.0262;-3.3439,1.2606,-0.8970;-4.6349,-0.4162,-1.3724;-4.5337,-1.4997,-1.5700;-5.0248,0.0218,-2.3084;-5.6628,-0.1955,-0.2587;-6.6493,-0.5967,-0.5430;-5.3702,-0.6889,0.6825;-5.7922,0.8790,-0.0419;</g>
	</geometry>
	<conformers/>
	<properties/>
</molecule>
