<?xml version="1.0" ?>
<!--MOLLI PACKAGE EXPERIMENTAL XML FORMAT-->
<molecule name="react_440">
	<atoms>
		<a id="1" s="H" t="H" l="H"/>
		<a id="2" s="C" t="C.2" l="C"/>
		<a id="3" s="C" t="C.2" l="C"/>
		<a id="4" s="C" t="C.3" l="C"/>
		<a id="5" s="H" t="H" l="H"/>
		<a id="6" s="H" t="H" l="H"/>
		<a id="7" s="H" t="H" l="H"/>
		<a id="8" s="C" t="C.3" l="C"/>
		<a id="9" s="H" t="H" l="H"/>
		<a id="10" s="H" t="H" l="H"/>
		<a id="11" s="C" t="C.1" l="C"/>
		<a id="12" s="C" t="C.1" l="C"/>
		<a id="13" s="C" t="C.3" l="C"/>
		<a id="14" s="H" t="H" l="H"/>
		<a id="15" s="H" t="H" l="H"/>
		<a id="16" s="H" t="H" l="H"/>
		<a id="17" s="C" t="C.3" l="C"/>
		<a id="18" s="H" t="H" l="H"/>
		<a id="19" s="H" t="H" l="H"/>
		<a id="20" s="H" t="H" l="H"/>
	</atoms>
	<bonds>
		<b id="1" c="18 17" t="1"/>
		<b id="2" c="20 17" t="1"/>
		<b id="3" c="5 4" t="1"/>
		<b id="4" c="7 4" t="1"/>
		<b id="5" c="16 13" t="1"/>
		<b id="6" c="17 19" t="1"/>
		<b id="7" c="17 2" t="1"/>
		<b id="8" c="4 6" t="1"/>
		<b id="9" c="4 3" t="1"/>
		<b id="10" c="15 13" t="1"/>
		<b id="11" c="13 12" t="1"/>
		<b id="12" c="13 14" t="1"/>
		<b id="13" c="2 3" t="2"/>
		<b id="14" c="2 1" t="1"/>
		<b id="15" c="3 8" t="1"/>
		<b id="16" c="12 11" t="3"/>
		<b id="17" c="11 8" t="1"/>
		<b id="18" c="8 10" t="1"/>
		<b id="19" c="8 9" t="1"/>
	</bonds>
	<geometry>
		<g u="A" t="cart/3d">#20,3:-1.8914,1.6292,0.7426;-1.9236,0.7560,0.0772;-0.9646,-0.1720,0.2424;-0.8265,-1.4364,-0.5645;-1.5817,-1.5277,-1.3569;-0.9110,-2.3250,0.0876;0.1711,-1.4877,-1.0332;0.0837,0.0104,1.3364;0.0153,-0.8388,2.0451;-0.1500,0.9155,1.9228;1.4657,0.0948,0.8451;2.6070,0.1648,0.4388;3.9824,0.2559,-0.0453;4.6855,-0.2406,0.6449;4.3038,1.3062,-0.1491;4.0933,-0.2236,-1.0327;-3.0550,0.7648,-0.9102;-3.0672,-0.1164,-1.5675;-4.0291,0.8085,-0.3903;-3.0077,1.6622,-1.5529;</g>
	</geometry>
	<conformers/>
	<properties/>
</molecule>
