<?xml version="1.0" ?>
<!--MOLLI PACKAGE EXPERIMENTAL XML FORMAT-->
<molecule name="react_501">
	<atoms>
		<a id="1" s="H" t="H" l="H"/>
		<a id="2" s="C" t="C.2" l="C"/>
		<a id="3" s="C" t="C.2" l="C"/>
		<a id="4" s="H" t="H" l="H"/>
		<a id="5" s="C" t="C.3" l="C"/>
		<a id="6" s="H" t="H" l="H"/>
		<a id="7" s="H" t="H" l="H"/>
		<a id="8" s="C" t="C.3" l="C"/>
		<a id="9" s="H" t="H" l="H"/>
		<a id="10" s="H" t="H" l="H"/>
		<a id="11" s="O" t="O.3" l="O"/>
		<a id="12" s="S" t="S.3" l="S"/>
		<a id="13" s="O" t="O.3" l="O"/>
		<a id="14" s="O" t="O.3" l="O"/>
		<a id="15" s="C" t="C.3" l="C"/>
		<a id="16" s="H" t="H" l="H"/>
		<a id="17" s="H" t="H" l="H"/>
		<a id="18" s="H" t="H" l="H"/>
		<a id="19" s="C" t="C.3" l="C"/>
		<a id="20" s="H" t="H" l="H"/>
		<a id="21" s="H" t="H" l="H"/>
		<a id="22" s="H" t="H" l="H"/>
	</atoms>
	<bonds>
		<b id="1" c="14 12" t="1"/>
		<b id="2" c="13 12" t="1"/>
		<b id="3" c="9 8" t="1"/>
		<b id="4" c="12 15" t="1"/>
		<b id="5" c="12 11" t="1"/>
		<b id="6" c="18 15" t="1"/>
		<b id="7" c="10 8" t="1"/>
		<b id="8" c="8 11" t="1"/>
		<b id="9" c="8 5" t="1"/>
		<b id="10" c="4 3" t="1"/>
		<b id="11" c="21 19" t="1"/>
		<b id="12" c="15 16" t="1"/>
		<b id="13" c="15 17" t="1"/>
		<b id="14" c="22 19" t="1"/>
		<b id="15" c="3 5" t="1"/>
		<b id="16" c="3 2" t="2"/>
		<b id="17" c="19 2" t="1"/>
		<b id="18" c="19 20" t="1"/>
		<b id="19" c="5 7" t="1"/>
		<b id="20" c="5 6" t="1"/>
		<b id="21" c="2 1" t="1"/>
	</bonds>
	<geometry>
		<g u="A" t="cart/3d">#22,3:-2.5987,-1.2948,1.6441;-2.8933,-0.5566,0.8849;-1.9458,0.2372,0.3699;-2.2324,0.9777,-0.3901;-0.4880,0.1983,0.7399;-0.3151,-0.5117,1.5651;-0.1558,1.1918,1.0922;0.3879,-0.1889,-0.4470;0.2353,0.4980,-1.2966;0.1711,-1.2162,-0.7841;1.7656,-0.1086,-0.0204;2.8890,-0.3974,-1.1891;2.8671,-1.8154,-1.5324;2.7503,0.6117,-2.2359;4.3263,-0.0398,-0.1855;4.2707,1.0059,0.1408;4.3363,-0.7320,0.6655;5.1973,-0.2038,-0.8341;-4.3476,-0.5262,0.5208;-4.9754,-0.3052,1.4023;-4.5618,0.2313,-0.2493;-4.6831,-1.5069,0.1393;</g>
	</geometry>
	<conformers/>
	<properties/>
</molecule>
