<?xml version="1.0" ?>
<!--MOLLI PACKAGE EXPERIMENTAL XML FORMAT-->
<molecule name="react_511">
	<atoms>
		<a id="1" s="H" t="H" l="H"/>
		<a id="2" s="C" t="C.2" l="C"/>
		<a id="3" s="C" t="C.2" l="C"/>
		<a id="4" s="H" t="H" l="H"/>
		<a id="5" s="C" t="C.3" l="C"/>
		<a id="6" s="H" t="H" l="H"/>
		<a id="7" s="H" t="H" l="H"/>
		<a id="8" s="C" t="C.3" l="C"/>
		<a id="9" s="H" t="H" l="H"/>
		<a id="10" s="H" t="H" l="H"/>
		<a id="11" s="C" t="C.3" l="C"/>
		<a id="12" s="H" t="H" l="H"/>
		<a id="13" s="H" t="H" l="H"/>
		<a id="14" s="C" t="C.3" l="C"/>
		<a id="15" s="H" t="H" l="H"/>
		<a id="16" s="H" t="H" l="H"/>
		<a id="17" s="C" t="C.3" l="C"/>
		<a id="18" s="H" t="H" l="H"/>
		<a id="19" s="H" t="H" l="H"/>
		<a id="20" s="H" t="H" l="H"/>
		<a id="21" s="C" t="C.3" l="C"/>
		<a id="22" s="H" t="H" l="H"/>
		<a id="23" s="H" t="H" l="H"/>
		<a id="24" s="H" t="H" l="H"/>
	</atoms>
	<bonds>
		<b id="1" c="22 21" t="1"/>
		<b id="2" c="9 8" t="1"/>
		<b id="3" c="19 17" t="1"/>
		<b id="4" c="23 21" t="1"/>
		<b id="5" c="21 2" t="1"/>
		<b id="6" c="21 24" t="1"/>
		<b id="7" c="18 17" t="1"/>
		<b id="8" c="10 8" t="1"/>
		<b id="9" c="13 11" t="1"/>
		<b id="10" c="17 20" t="1"/>
		<b id="11" c="17 14" t="1"/>
		<b id="12" c="8 11" t="1"/>
		<b id="13" c="8 5" t="1"/>
		<b id="14" c="4 3" t="1"/>
		<b id="15" c="2 3" t="2"/>
		<b id="16" c="2 1" t="1"/>
		<b id="17" c="3 5" t="1"/>
		<b id="18" c="11 14" t="1"/>
		<b id="19" c="11 12" t="1"/>
		<b id="20" c="5 6" t="1"/>
		<b id="21" c="5 7" t="1"/>
		<b id="22" c="14 16" t="1"/>
		<b id="23" c="14 15" t="1"/>
	</bonds>
	<geometry>
		<g u="A" t="cart/3d">#24,3:1.9828,1.9522,0.0521;2.5312,1.0465,-0.2444;1.9590,-0.1431,-0.0186;2.5034,-1.0514,-0.3170;0.6065,-0.3615,0.6015;0.1873,0.6094,0.9162;0.7202,-0.9628,1.5251;-0.3767,-1.0927,-0.3316;-0.5283,-0.4841,-1.2405;0.0972,-2.0282,-0.6800;-1.7292,-1.4435,0.3076;-1.5495,-2.0956,1.1821;-2.3059,-2.0565,-0.4096;-2.6020,-0.2576,0.7509;-2.0750,0.3276,1.5259;-3.5004,-0.6611,1.2509;-3.0388,0.6744,-0.3823;-2.1826,1.1817,-0.8563;-3.5711,0.1196,-1.1743;-3.7193,1.4593,-0.0139;3.8767,1.2647,-0.8715;3.7987,1.8778,-1.7874;4.3620,0.3130,-1.1402;4.5538,1.8118,-0.1909;</g>
	</geometry>
	<conformers/>
	<properties/>
</molecule>
