<?xml version="1.0" ?>
<!--MOLLI PACKAGE EXPERIMENTAL XML FORMAT-->
<molecule name="react_520">
	<atoms>
		<a id="1" s="H" t="H" l="H"/>
		<a id="2" s="C" t="C.2" l="C"/>
		<a id="3" s="H" t="H" l="H"/>
		<a id="4" s="C" t="C.2" l="C"/>
		<a id="5" s="H" t="H" l="H"/>
		<a id="6" s="C" t="C.3" l="C"/>
		<a id="7" s="H" t="H" l="H"/>
		<a id="8" s="H" t="H" l="H"/>
		<a id="9" s="C" t="C.3" l="C"/>
		<a id="10" s="H" t="H" l="H"/>
		<a id="11" s="H" t="H" l="H"/>
		<a id="12" s="C" t="C.3" l="C"/>
		<a id="13" s="H" t="H" l="H"/>
		<a id="14" s="H" t="H" l="H"/>
		<a id="15" s="C" t="C.3" l="C"/>
		<a id="16" s="H" t="H" l="H"/>
		<a id="17" s="H" t="H" l="H"/>
		<a id="18" s="C" t="C.3" l="C"/>
		<a id="19" s="H" t="H" l="H"/>
		<a id="20" s="H" t="H" l="H"/>
		<a id="21" s="C" t="C.3" l="C"/>
		<a id="22" s="H" t="H" l="H"/>
		<a id="23" s="H" t="H" l="H"/>
		<a id="24" s="C" t="C.3" l="C"/>
		<a id="25" s="H" t="H" l="H"/>
		<a id="26" s="H" t="H" l="H"/>
		<a id="27" s="C" t="C.3" l="C"/>
		<a id="28" s="H" t="H" l="H"/>
		<a id="29" s="H" t="H" l="H"/>
		<a id="30" s="C" t="C.3" l="C"/>
		<a id="31" s="H" t="H" l="H"/>
		<a id="32" s="H" t="H" l="H"/>
		<a id="33" s="C" t="C.3" l="C"/>
		<a id="34" s="H" t="H" l="H"/>
		<a id="35" s="H" t="H" l="H"/>
		<a id="36" s="C" t="C.3" l="C"/>
		<a id="37" s="H" t="H" l="H"/>
		<a id="38" s="H" t="H" l="H"/>
		<a id="39" s="C" t="C.3" l="C"/>
		<a id="40" s="H" t="H" l="H"/>
		<a id="41" s="H" t="H" l="H"/>
		<a id="42" s="C" t="C.3" l="C"/>
		<a id="43" s="H" t="H" l="H"/>
		<a id="44" s="H" t="H" l="H"/>
		<a id="45" s="C" t="C.3" l="C"/>
		<a id="46" s="H" t="H" l="H"/>
		<a id="47" s="H" t="H" l="H"/>
		<a id="48" s="H" t="H" l="H"/>
	</atoms>
	<bonds>
		<b id="1" c="23 21" t="1"/>
		<b id="2" c="25 24" t="1"/>
		<b id="3" c="26 24" t="1"/>
		<b id="4" c="34 33" t="1"/>
		<b id="5" c="37 36" t="1"/>
		<b id="6" c="24 21" t="1"/>
		<b id="7" c="24 27" t="1"/>
		<b id="8" c="21 18" t="1"/>
		<b id="9" c="21 22" t="1"/>
		<b id="10" c="38 36" t="1"/>
		<b id="11" c="19 18" t="1"/>
		<b id="12" c="20 18" t="1"/>
		<b id="13" c="32 30" t="1"/>
		<b id="14" c="36 33" t="1"/>
		<b id="15" c="36 39" t="1"/>
		<b id="16" c="18 15" t="1"/>
		<b id="17" c="33 30" t="1"/>
		<b id="18" c="33 35" t="1"/>
		<b id="19" c="30 27" t="1"/>
		<b id="20" c="30 31" t="1"/>
		<b id="21" c="10 9" t="1"/>
		<b id="22" c="27 28" t="1"/>
		<b id="23" c="27 29" t="1"/>
		<b id="24" c="1 2" t="1"/>
		<b id="25" c="41 39" t="1"/>
		<b id="26" c="3 2" t="1"/>
		<b id="27" c="2 4" t="2"/>
		<b id="28" c="39 40" t="1"/>
		<b id="29" c="39 42" t="1"/>
		<b id="30" c="47 45" t="1"/>
		<b id="31" c="15 17" t="1"/>
		<b id="32" c="15 16" t="1"/>
		<b id="33" c="15 12" t="1"/>
		<b id="34" c="8 6" t="1"/>
		<b id="35" c="46 45" t="1"/>
		<b id="36" c="9 6" t="1"/>
		<b id="37" c="9 12" t="1"/>
		<b id="38" c="9 11" t="1"/>
		<b id="39" c="4 5" t="1"/>
		<b id="40" c="4 6" t="1"/>
		<b id="41" c="13 12" t="1"/>
		<b id="42" c="45 42" t="1"/>
		<b id="43" c="45 48" t="1"/>
		<b id="44" c="6 7" t="1"/>
		<b id="45" c="12 14" t="1"/>
		<b id="46" c="42 44" t="1"/>
		<b id="47" c="42 43" t="1"/>
	</bonds>
	<geometry>
		<g u="A" t="cart/3d">#48,3:7.0496,-0.9000,-0.2372;7.5440,0.0216,0.0831;8.6167,0.0956,-0.1180;6.8877,1.0161,0.6896;7.4569,1.9099,0.9795;5.4213,1.0677,1.0332;5.3283,1.2572,2.1213;4.9968,1.9737,0.5601;4.5897,-0.1623,0.6603;4.6446,-0.3252,-0.4307;5.0517,-1.0552,1.1169;3.1214,-0.0979,1.1127;2.6532,-1.0780,0.9144;3.0964,0.0198,2.2117;2.2567,1.0145,0.4925;1.2738,0.9997,0.9914;2.6936,1.9973,0.7447;2.0682,0.9498,-1.0353;3.0652,0.9710,-1.5091;1.5736,1.8801,-1.3699;1.2836,-0.2562,-1.5961;1.5085,-1.1629,-1.0050;1.6645,-0.4717,-2.6094;-0.2423,-0.0924,-1.7116;-0.4611,0.7905,-2.3424;-0.6294,-0.9611,-2.2724;-1.0158,0.0402,-0.3925;-0.6876,0.9546,0.1296;-0.7488,-0.8014,0.2748;-2.5456,0.1006,-0.5412;-2.9742,0.4028,0.4282;-2.8089,0.9089,-1.2496;-3.2045,-1.2061,-1.0097;-2.7784,-1.4808,-1.9897;-2.9188,-2.0265,-0.3237;-4.7407,-1.1701,-1.1471;-5.0332,-1.9021,-1.9198;-5.0505,-0.1879,-1.5485;-5.5578,-1.5106,0.1136;-5.2476,-2.5120,0.4654;-6.6169,-1.6175,-0.1876;-5.4977,-0.5370,1.3022;-6.0891,-0.9736,2.1270;-4.4649,-0.4731,1.6877;-6.0263,0.8696,1.0080;-7.0668,0.8352,0.6413;-5.4251,1.3877,0.2433;-6.0144,1.4978,1.9138;</g>
	</geometry>
	<conformers/>
	<properties/>
</molecule>
