<?xml version="1.0" ?>
<!--MOLLI PACKAGE EXPERIMENTAL XML FORMAT-->
<molecule name="react_521">
	<atoms>
		<a id="1" s="H" t="H" l="H"/>
		<a id="2" s="C" t="C.2" l="C"/>
		<a id="3" s="H" t="H" l="H"/>
		<a id="4" s="C" t="C.2" l="C"/>
		<a id="5" s="H" t="H" l="H"/>
		<a id="6" s="C" t="C.3" l="C"/>
		<a id="7" s="H" t="H" l="H"/>
		<a id="8" s="H" t="H" l="H"/>
		<a id="9" s="C" t="C.3" l="C"/>
		<a id="10" s="H" t="H" l="H"/>
		<a id="11" s="H" t="H" l="H"/>
		<a id="12" s="C" t="C.3" l="C"/>
		<a id="13" s="H" t="H" l="H"/>
		<a id="14" s="H" t="H" l="H"/>
		<a id="15" s="C" t="C.3" l="C"/>
		<a id="16" s="H" t="H" l="H"/>
		<a id="17" s="H" t="H" l="H"/>
		<a id="18" s="C" t="C.3" l="C"/>
		<a id="19" s="H" t="H" l="H"/>
		<a id="20" s="H" t="H" l="H"/>
		<a id="21" s="C" t="C.3" l="C"/>
		<a id="22" s="H" t="H" l="H"/>
		<a id="23" s="H" t="H" l="H"/>
		<a id="24" s="C" t="C.3" l="C"/>
		<a id="25" s="H" t="H" l="H"/>
		<a id="26" s="H" t="H" l="H"/>
		<a id="27" s="C" t="C.3" l="C"/>
		<a id="28" s="H" t="H" l="H"/>
		<a id="29" s="H" t="H" l="H"/>
		<a id="30" s="C" t="C.3" l="C"/>
		<a id="31" s="H" t="H" l="H"/>
		<a id="32" s="H" t="H" l="H"/>
		<a id="33" s="C" t="C.3" l="C"/>
		<a id="34" s="H" t="H" l="H"/>
		<a id="35" s="H" t="H" l="H"/>
		<a id="36" s="C" t="C.3" l="C"/>
		<a id="37" s="H" t="H" l="H"/>
		<a id="38" s="H" t="H" l="H"/>
		<a id="39" s="C" t="C.3" l="C"/>
		<a id="40" s="H" t="H" l="H"/>
		<a id="41" s="H" t="H" l="H"/>
		<a id="42" s="H" t="H" l="H"/>
	</atoms>
	<bonds>
		<b id="1" c="23 21" t="1"/>
		<b id="2" c="29 27" t="1"/>
		<b id="3" c="3 2" t="1"/>
		<b id="4" c="20 18" t="1"/>
		<b id="5" c="19 18" t="1"/>
		<b id="6" c="1 2" t="1"/>
		<b id="7" c="34 33" t="1"/>
		<b id="8" c="10 9" t="1"/>
		<b id="9" c="2 4" t="2"/>
		<b id="10" c="21 18" t="1"/>
		<b id="11" c="21 22" t="1"/>
		<b id="12" c="21 24" t="1"/>
		<b id="13" c="18 15" t="1"/>
		<b id="14" c="25 24" t="1"/>
		<b id="15" c="41 39" t="1"/>
		<b id="16" c="27 24" t="1"/>
		<b id="17" c="27 28" t="1"/>
		<b id="18" c="27 30" t="1"/>
		<b id="19" c="32 30" t="1"/>
		<b id="20" c="24 26" t="1"/>
		<b id="21" c="33 30" t="1"/>
		<b id="22" c="33 35" t="1"/>
		<b id="23" c="33 36" t="1"/>
		<b id="24" c="9 11" t="1"/>
		<b id="25" c="9 6" t="1"/>
		<b id="26" c="9 12" t="1"/>
		<b id="27" c="4 5" t="1"/>
		<b id="28" c="4 6" t="1"/>
		<b id="29" c="30 31" t="1"/>
		<b id="30" c="37 36" t="1"/>
		<b id="31" c="13 12" t="1"/>
		<b id="32" c="39 36" t="1"/>
		<b id="33" c="39 42" t="1"/>
		<b id="34" c="39 40" t="1"/>
		<b id="35" c="8 6" t="1"/>
		<b id="36" c="36 38" t="1"/>
		<b id="37" c="15 12" t="1"/>
		<b id="38" c="15 17" t="1"/>
		<b id="39" c="15 16" t="1"/>
		<b id="40" c="6 7" t="1"/>
		<b id="41" c="12 14" t="1"/>
	</bonds>
	<geometry>
		<g u="A" t="cart/3d">#42,3:7.2041,1.8683,-1.2166;6.4486,1.1531,-0.8790;6.4135,0.1949,-1.4053;5.6189,1.4516,0.1261;5.7173,2.4363,0.6030;4.5308,0.5815,0.7005;4.7051,0.4839,1.7907;3.5781,1.1396,0.6250;4.3762,-0.8104,0.0832;4.1578,-0.7110,-0.9946;5.3453,-1.3360,0.1428;3.3089,-1.6900,0.7551;3.3463,-2.6935,0.2934;3.5868,-1.8382,1.8149;1.8602,-1.1777,0.6956;1.2214,-1.8875,1.2530;1.7795,-0.2212,1.2411;1.2950,-1.0184,-0.7222;1.8505,-0.2301,-1.2627;1.4802,-1.9531,-1.2832;-0.2061,-0.6977,-0.7862;-0.7669,-1.5112,-0.2910;-0.5242,-0.7147,-1.8451;-0.6027,0.6548,-0.1776;0.0584,1.4367,-0.5954;-0.4088,0.6484,0.9104;-2.0616,1.0690,-0.4198;-2.2022,2.0996,-0.0456;-2.2493,1.1194,-1.5093;-3.1158,0.1641,0.2293;-2.8998,0.0705,1.3108;-3.0384,-0.8589,-0.1810;-4.5511,0.6663,0.0415;-4.7595,0.7782,-1.0396;-4.6412,1.6836,0.4678;-5.6160,-0.2396,0.6683;-5.5267,-1.2547,0.2391;-5.4059,-0.3533,1.7480;-7.0451,0.2715,0.4769;-7.7834,-0.4037,0.9391;-7.2996,0.3598,-0.5931;-7.1787,1.2693,0.9287;</g>
	</geometry>
	<conformers/>
	<properties/>
</molecule>
