<?xml version="1.0" ?>
<!--MOLLI PACKAGE EXPERIMENTAL XML FORMAT-->
<molecule name="react_522">
	<atoms>
		<a id="1" s="H" t="H" l="H"/>
		<a id="2" s="C" t="C.2" l="C"/>
		<a id="3" s="H" t="H" l="H"/>
		<a id="4" s="C" t="C.2" l="C"/>
		<a id="5" s="H" t="H" l="H"/>
		<a id="6" s="C" t="C.3" l="C"/>
		<a id="7" s="H" t="H" l="H"/>
		<a id="8" s="H" t="H" l="H"/>
		<a id="9" s="C" t="C.3" l="C"/>
		<a id="10" s="H" t="H" l="H"/>
		<a id="11" s="H" t="H" l="H"/>
		<a id="12" s="C" t="C.3" l="C"/>
		<a id="13" s="H" t="H" l="H"/>
		<a id="14" s="H" t="H" l="H"/>
		<a id="15" s="C" t="C.3" l="C"/>
		<a id="16" s="H" t="H" l="H"/>
		<a id="17" s="H" t="H" l="H"/>
		<a id="18" s="C" t="C.3" l="C"/>
		<a id="19" s="H" t="H" l="H"/>
		<a id="20" s="H" t="H" l="H"/>
		<a id="21" s="C" t="C.3" l="C"/>
		<a id="22" s="H" t="H" l="H"/>
		<a id="23" s="H" t="H" l="H"/>
		<a id="24" s="H" t="H" l="H"/>
	</atoms>
	<bonds>
		<b id="1" c="23 21" t="1"/>
		<b id="2" c="8 6" t="1"/>
		<b id="3" c="1 2" t="1"/>
		<b id="4" c="5 4" t="1"/>
		<b id="5" c="17 15" t="1"/>
		<b id="6" c="2 4" t="2"/>
		<b id="7" c="2 3" t="1"/>
		<b id="8" c="4 6" t="1"/>
		<b id="9" c="24 21" t="1"/>
		<b id="10" c="6 7" t="1"/>
		<b id="11" c="6 9" t="1"/>
		<b id="12" c="21 22" t="1"/>
		<b id="13" c="21 18" t="1"/>
		<b id="14" c="16 15" t="1"/>
		<b id="15" c="15 18" t="1"/>
		<b id="16" c="15 12" t="1"/>
		<b id="17" c="18 19" t="1"/>
		<b id="18" c="18 20" t="1"/>
		<b id="19" c="11 9" t="1"/>
		<b id="20" c="9 12" t="1"/>
		<b id="21" c="9 10" t="1"/>
		<b id="22" c="12 13" t="1"/>
		<b id="23" c="12 14" t="1"/>
	</bonds>
	<geometry>
		<g u="A" t="cart/3d">#24,3:5.2451,0.5769,-1.0434;4.3326,0.0199,-0.8111;4.4478,-1.0475,-0.5909;3.1338,0.6106,-0.8006;3.0745,1.6849,-1.0258;1.8252,-0.0607,-0.4881;1.9892,-1.1410,-0.3267;1.1633,0.0267,-1.3698;1.1161,0.5438,0.7382;1.7995,0.4764,1.6026;0.9528,1.6245,0.5669;-0.2196,-0.1195,1.1035;-0.0564,-1.2010,1.2707;-0.5542,0.2840,2.0765;-1.3474,0.0707,0.0822;-1.4796,1.1516,-0.1164;-1.0633,-0.3788,-0.8868;-2.6860,-0.5266,0.5307;-2.5516,-1.6052,0.7337;-2.9774,-0.0762,1.4975;-3.8142,-0.3344,-0.4839;-4.7598,-0.7745,-0.1275;-3.5710,-0.8082,-1.4502;-3.9993,0.7354,-0.6811;</g>
	</geometry>
	<conformers/>
	<properties/>
</molecule>
