<?xml version="1.0" ?>
<!--MOLLI PACKAGE EXPERIMENTAL XML FORMAT-->
<molecule name="react_523">
	<atoms>
		<a id="1" s="H" t="H" l="H"/>
		<a id="2" s="O" t="O.3" l="O"/>
		<a id="3" s="C" t="C.3" l="C"/>
		<a id="4" s="H" t="H" l="H"/>
		<a id="5" s="H" t="H" l="H"/>
		<a id="6" s="C" t="C.3" l="C"/>
		<a id="7" s="H" t="H" l="H"/>
		<a id="8" s="H" t="H" l="H"/>
		<a id="9" s="C" t="C.3" l="C"/>
		<a id="10" s="H" t="H" l="H"/>
		<a id="11" s="H" t="H" l="H"/>
		<a id="12" s="C" t="C.2" l="C"/>
		<a id="13" s="H" t="H" l="H"/>
		<a id="14" s="C" t="C.2" l="C"/>
		<a id="15" s="H" t="H" l="H"/>
		<a id="16" s="C" t="C.3" l="C"/>
		<a id="17" s="H" t="H" l="H"/>
		<a id="18" s="H" t="H" l="H"/>
		<a id="19" s="H" t="H" l="H"/>
	</atoms>
	<bonds>
		<b id="1" c="10 9" t="1"/>
		<b id="2" c="11 9" t="1"/>
		<b id="3" c="2 1" t="1"/>
		<b id="4" c="2 3" t="1"/>
		<b id="5" c="18 16" t="1"/>
		<b id="6" c="9 12" t="1"/>
		<b id="7" c="9 6" t="1"/>
		<b id="8" c="15 14" t="1"/>
		<b id="9" c="5 3" t="1"/>
		<b id="10" c="14 12" t="2"/>
		<b id="11" c="14 16" t="1"/>
		<b id="12" c="12 13" t="1"/>
		<b id="13" c="3 6" t="1"/>
		<b id="14" c="3 4" t="1"/>
		<b id="15" c="16 19" t="1"/>
		<b id="16" c="16 17" t="1"/>
		<b id="17" c="6 7" t="1"/>
		<b id="18" c="6 8" t="1"/>
	</bonds>
	<geometry>
		<g u="A" t="cart/3d">#19,3:-3.1291,1.8552,-0.2934;-3.2199,0.9635,-0.6556;-2.8516,0.0411,0.3522;-3.5106,0.1277,1.2408;-3.0294,-0.9599,-0.0770;-1.3899,0.1670,0.7857;-1.2350,1.1691,1.2326;-1.1918,-0.5558,1.5975;-0.3906,-0.0435,-0.3640;-0.6889,0.6269,-1.1903;-0.4886,-1.0731,-0.7514;1.0367,0.2235,0.0234;1.2603,1.2466,0.3609;2.0329,-0.6713,-0.0006;1.8070,-1.6936,-0.3363;3.4574,-0.4027,0.3881;3.7816,-1.0652,1.2109;4.1469,-0.5952,-0.4537;3.6026,0.6396,0.7138;</g>
	</geometry>
	<conformers/>
	<properties/>
</molecule>
