<?xml version="1.0" ?>
<!--MOLLI PACKAGE EXPERIMENTAL XML FORMAT-->
<molecule name="react_25">
	<atoms>
		<a id="1" s="H" t="H" l="H"/>
		<a id="2" s="C" t="C.2" l="C"/>
		<a id="3" s="H" t="H" l="H"/>
		<a id="4" s="C" t="C.2" l="C"/>
		<a id="5" s="H" t="H" l="H"/>
		<a id="6" s="C" t="C.3" l="C"/>
		<a id="7" s="H" t="H" l="H"/>
		<a id="8" s="H" t="H" l="H"/>
		<a id="9" s="C" t="C.3" l="C"/>
		<a id="10" s="H" t="H" l="H"/>
		<a id="11" s="H" t="H" l="H"/>
		<a id="12" s="C" t="C.3" l="C"/>
		<a id="13" s="H" t="H" l="H"/>
		<a id="14" s="H" t="H" l="H"/>
		<a id="15" s="C" t="C.3" l="C"/>
		<a id="16" s="H" t="H" l="H"/>
		<a id="17" s="H" t="H" l="H"/>
		<a id="18" s="C" t="C.3" l="C"/>
		<a id="19" s="H" t="H" l="H"/>
		<a id="20" s="H" t="H" l="H"/>
		<a id="21" s="C" t="C.3" l="C"/>
		<a id="22" s="H" t="H" l="H"/>
		<a id="23" s="H" t="H" l="H"/>
		<a id="24" s="C" t="C.3" l="C"/>
		<a id="25" s="H" t="H" l="H"/>
		<a id="26" s="H" t="H" l="H"/>
		<a id="27" s="C" t="C.3" l="C"/>
		<a id="28" s="H" t="H" l="H"/>
		<a id="29" s="H" t="H" l="H"/>
		<a id="30" s="C" t="C.3" l="C"/>
		<a id="31" s="H" t="H" l="H"/>
		<a id="32" s="O" t="O.3" l="O"/>
		<a id="33" s="C" t="C.3" l="C"/>
		<a id="34" s="H" t="H" l="H"/>
		<a id="35" s="H" t="H" l="H"/>
		<a id="36" s="C" t="C.3" l="C"/>
		<a id="37" s="H" t="H" l="H"/>
		<a id="38" s="H" t="H" l="H"/>
		<a id="39" s="O" t="O.3" l="O"/>
	</atoms>
	<bonds>
		<b id="1" c="23 21" t="1"/>
		<b id="2" c="22 21" t="1"/>
		<b id="3" c="20 18" t="1"/>
		<b id="4" c="29 27" t="1"/>
		<b id="5" c="28 27" t="1"/>
		<b id="6" c="21 18" t="1"/>
		<b id="7" c="21 24" t="1"/>
		<b id="8" c="18 19" t="1"/>
		<b id="9" c="18 15" t="1"/>
		<b id="10" c="17 15" t="1"/>
		<b id="11" c="27 24" t="1"/>
		<b id="12" c="27 30" t="1"/>
		<b id="13" c="14 12" t="1"/>
		<b id="14" c="8 6" t="1"/>
		<b id="15" c="24 26" t="1"/>
		<b id="16" c="24 25" t="1"/>
		<b id="17" c="39 30" t="1"/>
		<b id="18" c="39 36" t="1"/>
		<b id="19" c="5 4" t="1"/>
		<b id="20" c="15 12" t="1"/>
		<b id="21" c="15 16" t="1"/>
		<b id="22" c="12 13" t="1"/>
		<b id="23" c="12 9" t="1"/>
		<b id="24" c="37 36" t="1"/>
		<b id="25" c="30 31" t="1"/>
		<b id="26" c="30 32" t="1"/>
		<b id="27" c="4 6" t="1"/>
		<b id="28" c="4 2" t="2"/>
		<b id="29" c="6 7" t="1"/>
		<b id="30" c="6 9" t="1"/>
		<b id="31" c="36 33" t="1"/>
		<b id="32" c="36 38" t="1"/>
		<b id="33" c="34 33" t="1"/>
		<b id="34" c="9 10" t="1"/>
		<b id="35" c="9 11" t="1"/>
		<b id="36" c="32 33" t="1"/>
		<b id="37" c="3 2" t="1"/>
		<b id="38" c="2 1" t="1"/>
		<b id="39" c="33 35" t="1"/>
	</bonds>
	<geometry>
		<g u="A" t="cart/3d">#39,3:-5.0165,2.4371,1.6260;-4.1447,2.4220,0.9616;-3.5503,3.3389,0.9071;-3.8260,1.3358,0.2501;-2.9439,1.3812,-0.3997;-4.5881,0.0365,0.2765;-5.5214,0.1988,0.8422;-4.8953,-0.2317,-0.7529;-3.8466,-1.1722,0.8975;-4.6155,-1.9014,1.2072;-3.3475,-0.8488,1.8291;-2.8454,-1.9192,0.0024;-2.5632,-2.8529,0.5233;-3.3603,-2.2430,-0.9222;-1.5563,-1.1768,-0.3731;-1.1041,-0.7535,0.5415;-1.7878,-0.3141,-1.0226;-0.5423,-2.0725,-1.0967;-0.2628,-2.9147,-0.4355;-1.0384,-2.5331,-1.9706;0.7312,-1.3606,-1.5753;1.3114,-2.0585,-2.2065;0.4518,-0.5211,-2.2397;1.6383,-0.8369,-0.4560;1.9103,-1.6755,0.2129;1.0969,-0.1098,0.1712;2.9111,-0.1672,-0.9792;3.5072,-0.8777,-1.5783;2.6612,0.6814,-1.6388;3.8042,0.3683,0.1227;4.1213,-0.4546,0.8056;3.1353,1.3575,0.8980;4.0369,2.4261,1.1474;3.6850,3.3406,0.6359;4.1009,2.6348,2.2296;5.3652,1.9196,0.5619;5.9705,2.7021,0.0813;5.9797,1.4180,1.3370;4.9382,0.9970,-0.4211;</g>
	</geometry>
	<conformers/>
	<properties/>
</molecule>
