<?xml version="1.0" ?>
<!--MOLLI PACKAGE EXPERIMENTAL XML FORMAT-->
<molecule name="react_535">
	<atoms>
		<a id="1" s="H" t="H" l="H"/>
		<a id="2" s="C" t="C.2" l="C"/>
		<a id="3" s="C" t="C.2" l="C"/>
		<a id="4" s="O" t="O.2" l="O"/>
		<a id="5" s="C" t="C.3" l="C"/>
		<a id="6" s="H" t="H" l="H"/>
		<a id="7" s="H" t="H" l="H"/>
		<a id="8" s="H" t="H" l="H"/>
		<a id="9" s="C" t="C.3" l="C"/>
		<a id="10" s="H" t="H" l="H"/>
		<a id="11" s="H" t="H" l="H"/>
		<a id="12" s="C" t="C.3" l="C"/>
		<a id="13" s="H" t="H" l="H"/>
		<a id="14" s="H" t="H" l="H"/>
		<a id="15" s="C" t="C.3" l="C"/>
		<a id="16" s="H" t="H" l="H"/>
		<a id="17" s="H" t="H" l="H"/>
		<a id="18" s="C" t="C.3" l="C"/>
		<a id="19" s="H" t="H" l="H"/>
		<a id="20" s="H" t="H" l="H"/>
	</atoms>
	<bonds>
		<b id="1" c="19 18" t="1"/>
		<b id="2" c="8 5" t="1"/>
		<b id="3" c="17 15" t="1"/>
		<b id="4" c="1 2" t="1"/>
		<b id="5" c="18 2" t="1"/>
		<b id="6" c="18 15" t="1"/>
		<b id="7" c="18 20" t="1"/>
		<b id="8" c="2 3" t="2"/>
		<b id="9" c="5 6" t="1"/>
		<b id="10" c="5 7" t="1"/>
		<b id="11" c="5 4" t="1"/>
		<b id="12" c="15 16" t="1"/>
		<b id="13" c="15 12" t="1"/>
		<b id="14" c="3 4" t="1"/>
		<b id="15" c="3 9" t="1"/>
		<b id="16" c="10 9" t="1"/>
		<b id="17" c="9 12" t="1"/>
		<b id="18" c="9 11" t="1"/>
		<b id="19" c="12 14" t="1"/>
		<b id="20" c="12 13" t="1"/>
	</bonds>
	<geometry>
		<g u="A" t="cart/3d">#20,3:-0.9275,-1.6084,-0.9560;-0.2485,-0.8743,-0.5157;-0.7341,0.2386,0.0688;-2.0491,0.5869,0.1492;-3.0118,-0.2536,-0.4413;-3.9908,0.2181,-0.2769;-3.0152,-1.2595,0.0184;-2.8428,-0.3688,-1.5282;0.1358,1.2855,0.7189;0.1460,2.1845,0.0737;-0.3494,1.6003,1.6585;1.5621,0.7832,0.9697;1.5621,0.0998,1.8383;2.2178,1.6285,1.2365;2.1019,0.0388,-0.2556;3.1469,-0.2741,-0.0927;2.1102,0.7270,-1.1206;1.2299,-1.1801,-0.5841;1.4841,-1.5636,-1.5888;1.4725,-2.0090,0.1111;</g>
	</geometry>
	<conformers/>
	<properties/>
</molecule>
