<?xml version="1.0" ?>
<!--MOLLI PACKAGE EXPERIMENTAL XML FORMAT-->
<molecule name="react_536">
	<atoms>
		<a id="1" s="H" t="H" l="H"/>
		<a id="2" s="C" t="C.2" l="C"/>
		<a id="3" s="C" t="C.2" l="C"/>
		<a id="4" s="O" t="O.2" l="O"/>
		<a id="5" s="C" t="C.3" l="C"/>
		<a id="6" s="H" t="H" l="H"/>
		<a id="7" s="H" t="H" l="H"/>
		<a id="8" s="C" t="C.3" l="C"/>
		<a id="9" s="H" t="H" l="H"/>
		<a id="10" s="H" t="H" l="H"/>
		<a id="11" s="C" t="C.3" l="C"/>
		<a id="12" s="H" t="H" l="H"/>
		<a id="13" s="H" t="H" l="H"/>
		<a id="14" s="C" t="C.3" l="C"/>
		<a id="15" s="H" t="H" l="H"/>
		<a id="16" s="H" t="H" l="H"/>
		<a id="17" s="C" t="C.3" l="C"/>
		<a id="18" s="H" t="H" l="H"/>
		<a id="19" s="H" t="H" l="H"/>
		<a id="20" s="H" t="H" l="H"/>
		<a id="21" s="C" t="C.3" l="C"/>
		<a id="22" s="H" t="H" l="H"/>
		<a id="23" s="H" t="H" l="H"/>
		<a id="24" s="C" t="C.3" l="C"/>
		<a id="25" s="H" t="H" l="H"/>
		<a id="26" s="H" t="H" l="H"/>
		<a id="27" s="C" t="C.3" l="C"/>
		<a id="28" s="H" t="H" l="H"/>
		<a id="29" s="H" t="H" l="H"/>
		<a id="30" s="C" t="C.3" l="C"/>
		<a id="31" s="H" t="H" l="H"/>
		<a id="32" s="H" t="H" l="H"/>
	</atoms>
	<bonds>
		<b id="1" c="1 2" t="1"/>
		<b id="2" c="9 8" t="1"/>
		<b id="3" c="12 11" t="1"/>
		<b id="4" c="10 8" t="1"/>
		<b id="5" c="8 11" t="1"/>
		<b id="6" c="8 5" t="1"/>
		<b id="7" c="2 30" t="1"/>
		<b id="8" c="2 3" t="2"/>
		<b id="9" c="31 30" t="1"/>
		<b id="10" c="32 30" t="1"/>
		<b id="11" c="4 3" t="1"/>
		<b id="12" c="4 5" t="1"/>
		<b id="13" c="30 27" t="1"/>
		<b id="14" c="11 13" t="1"/>
		<b id="15" c="11 14" t="1"/>
		<b id="16" c="3 21" t="1"/>
		<b id="17" c="5 7" t="1"/>
		<b id="18" c="5 6" t="1"/>
		<b id="19" c="18 17" t="1"/>
		<b id="20" c="15 14" t="1"/>
		<b id="21" c="14 17" t="1"/>
		<b id="22" c="14 16" t="1"/>
		<b id="23" c="27 29" t="1"/>
		<b id="24" c="27 28" t="1"/>
		<b id="25" c="27 24" t="1"/>
		<b id="26" c="17 19" t="1"/>
		<b id="27" c="17 20" t="1"/>
		<b id="28" c="21 22" t="1"/>
		<b id="29" c="21 24" t="1"/>
		<b id="30" c="21 23" t="1"/>
		<b id="31" c="25 24" t="1"/>
		<b id="32" c="24 26" t="1"/>
	</bonds>
	<geometry>
		<g u="A" t="cart/3d">#32,3:-2.4864,-0.5960,-2.5077;-2.7054,-0.5267,-1.4375;-1.7422,-0.0432,-0.6351;-0.5614,0.3739,-1.1967;0.6587,0.0161,-0.5637;0.7186,0.4587,0.4478;0.7180,-1.0853,-0.4467;1.8010,0.5140,-1.4405;1.6503,0.0958,-2.4499;1.7064,1.6095,-1.5450;3.2009,0.1484,-0.9300;3.9290,0.3560,-1.7344;3.2570,-0.9436,-0.7572;3.6513,0.8858,0.3379;3.6202,1.9750,0.1502;2.9346,0.7043,1.1589;5.0546,0.4884,0.7998;5.8011,0.6617,0.0058;5.1024,-0.5809,1.0675;5.3701,1.0663,1.6836;-1.9220,0.1469,0.8549;-1.4917,1.1232,1.1412;-1.3362,-0.6130,1.4063;-3.3992,0.0729,1.2687;-3.9019,1.0167,0.9904;-3.4774,-0.0117,2.3654;-4.1121,-1.0953,0.5801;-5.1558,-1.1724,0.9277;-3.6146,-2.0407,0.8642;-4.0698,-0.9368,-0.9455;-4.3745,-1.8790,-1.4352;-4.8235,-0.1889,-1.2653;</g>
	</geometry>
	<conformers/>
	<properties/>
</molecule>
