<?xml version="1.0" ?>
<!--MOLLI PACKAGE EXPERIMENTAL XML FORMAT-->
<molecule name="react_537">
	<atoms>
		<a id="1" s="H" t="H" l="H"/>
		<a id="2" s="C" t="C.2" l="C"/>
		<a id="3" s="C" t="C.2" l="C"/>
		<a id="4" s="O" t="O.2" l="O"/>
		<a id="5" s="C" t="C.3" l="C"/>
		<a id="6" s="H" t="H" l="H"/>
		<a id="7" s="H" t="H" l="H"/>
		<a id="8" s="H" t="H" l="H"/>
		<a id="9" s="C" t="C.3" l="C"/>
		<a id="10" s="H" t="H" l="H"/>
		<a id="11" s="H" t="H" l="H"/>
		<a id="12" s="C" t="C.3" l="C"/>
		<a id="13" s="H" t="H" l="H"/>
		<a id="14" s="H" t="H" l="H"/>
		<a id="15" s="C" t="C.3" l="C"/>
		<a id="16" s="H" t="H" l="H"/>
		<a id="17" s="H" t="H" l="H"/>
		<a id="18" s="C" t="C.3" l="C"/>
		<a id="19" s="H" t="H" l="H"/>
		<a id="20" s="H" t="H" l="H"/>
		<a id="21" s="C" t="C.3" l="C"/>
		<a id="22" s="H" t="H" l="H"/>
		<a id="23" s="H" t="H" l="H"/>
	</atoms>
	<bonds>
		<b id="1" c="11 9" t="1"/>
		<b id="2" c="10 9" t="1"/>
		<b id="3" c="14 12" t="1"/>
		<b id="4" c="17 15" t="1"/>
		<b id="5" c="9 12" t="1"/>
		<b id="6" c="9 3" t="1"/>
		<b id="7" c="6 5" t="1"/>
		<b id="8" c="12 15" t="1"/>
		<b id="9" c="12 13" t="1"/>
		<b id="10" c="7 5" t="1"/>
		<b id="11" c="5 4" t="1"/>
		<b id="12" c="5 8" t="1"/>
		<b id="13" c="4 3" t="1"/>
		<b id="14" c="15 16" t="1"/>
		<b id="15" c="15 18" t="1"/>
		<b id="16" c="19 18" t="1"/>
		<b id="17" c="3 2" t="2"/>
		<b id="18" c="18 20" t="1"/>
		<b id="19" c="18 21" t="1"/>
		<b id="20" c="2 21" t="1"/>
		<b id="21" c="2 1" t="1"/>
		<b id="22" c="21 23" t="1"/>
		<b id="23" c="21 22" t="1"/>
	</bonds>
	<geometry>
		<g u="A" t="cart/3d">#23,3:1.0599,1.3760,1.8428;0.4029,0.8360,1.1518;0.9259,0.5906,-0.0614;2.1711,1.1228,-0.3489;3.2532,0.2185,-0.4132;3.1163,-0.5623,-1.1860;4.1502,0.8014,-0.6698;3.4195,-0.2834,0.5592;0.2743,-0.1559,-1.2085;1.0777,-0.6192,-1.8048;-0.2042,0.5696,-1.8946;-0.7228,-1.2450,-0.7854;-0.2594,-1.8360,0.0236;-0.8673,-1.9473,-1.6242;-2.1017,-0.7376,-0.3316;-2.6126,-1.5589,0.2023;-2.7254,-0.5241,-1.2183;-2.0812,0.5157,0.5583;-1.9493,1.4163,-0.0667;-3.0713,0.6230,1.0339;-0.9933,0.5293,1.6443;-1.2541,1.2978,2.3921;-1.0084,-0.4270,2.2054;</g>
	</geometry>
	<conformers/>
	<properties/>
</molecule>
