<?xml version="1.0" ?>
<!--MOLLI PACKAGE EXPERIMENTAL XML FORMAT-->
<molecule name="react_538">
	<atoms>
		<a id="1" s="H" t="H" l="H"/>
		<a id="2" s="C" t="C.2" l="C"/>
		<a id="3" s="C" t="C.2" l="C"/>
		<a id="4" s="O" t="O.2" l="O"/>
		<a id="5" s="C" t="C.3" l="C"/>
		<a id="6" s="H" t="H" l="H"/>
		<a id="7" s="H" t="H" l="H"/>
		<a id="8" s="C" t="C.3" l="C"/>
		<a id="9" s="H" t="H" l="H"/>
		<a id="10" s="H" t="H" l="H"/>
		<a id="11" s="C" t="C.3" l="C"/>
		<a id="12" s="H" t="H" l="H"/>
		<a id="13" s="H" t="H" l="H"/>
		<a id="14" s="C" t="C.3" l="C"/>
		<a id="15" s="H" t="H" l="H"/>
		<a id="16" s="H" t="H" l="H"/>
		<a id="17" s="C" t="C.3" l="C"/>
		<a id="18" s="H" t="H" l="H"/>
		<a id="19" s="H" t="H" l="H"/>
		<a id="20" s="H" t="H" l="H"/>
		<a id="21" s="C" t="C.3" l="C"/>
		<a id="22" s="H" t="H" l="H"/>
		<a id="23" s="H" t="H" l="H"/>
		<a id="24" s="C" t="C.3" l="C"/>
		<a id="25" s="H" t="H" l="H"/>
		<a id="26" s="H" t="H" l="H"/>
		<a id="27" s="C" t="C.3" l="C"/>
		<a id="28" s="H" t="H" l="H"/>
		<a id="29" s="H" t="H" l="H"/>
		<a id="30" s="C" t="C.3" l="C"/>
		<a id="31" s="H" t="H" l="H"/>
		<a id="32" s="H" t="H" l="H"/>
		<a id="33" s="C" t="C.3" l="C"/>
		<a id="34" s="H" t="H" l="H"/>
		<a id="35" s="H" t="H" l="H"/>
	</atoms>
	<bonds>
		<b id="1" c="19 17" t="1"/>
		<b id="2" c="31 30" t="1"/>
		<b id="3" c="18 17" t="1"/>
		<b id="4" c="17 20" t="1"/>
		<b id="5" c="17 14" t="1"/>
		<b id="6" c="1 2" t="1"/>
		<b id="7" c="9 8" t="1"/>
		<b id="8" c="28 27" t="1"/>
		<b id="9" c="10 8" t="1"/>
		<b id="10" c="34 33" t="1"/>
		<b id="11" c="30 32" t="1"/>
		<b id="12" c="30 27" t="1"/>
		<b id="13" c="30 33" t="1"/>
		<b id="14" c="15 14" t="1"/>
		<b id="15" c="4 3" t="1"/>
		<b id="16" c="4 5" t="1"/>
		<b id="17" c="2 33" t="1"/>
		<b id="18" c="2 3" t="2"/>
		<b id="19" c="8 5" t="1"/>
		<b id="20" c="8 11" t="1"/>
		<b id="21" c="27 29" t="1"/>
		<b id="22" c="27 24" t="1"/>
		<b id="23" c="33 35" t="1"/>
		<b id="24" c="14 11" t="1"/>
		<b id="25" c="14 16" t="1"/>
		<b id="26" c="3 21" t="1"/>
		<b id="27" c="23 21" t="1"/>
		<b id="28" c="5 7" t="1"/>
		<b id="29" c="5 6" t="1"/>
		<b id="30" c="11 13" t="1"/>
		<b id="31" c="11 12" t="1"/>
		<b id="32" c="21 24" t="1"/>
		<b id="33" c="21 22" t="1"/>
		<b id="34" c="24 25" t="1"/>
		<b id="35" c="24 26" t="1"/>
	</bonds>
	<geometry>
		<g u="A" t="cart/3d">#35,3:-1.7134,1.9888,-1.2042;-2.1667,1.2497,-0.5356;-1.3309,0.3028,-0.0754;-0.0359,0.3252,-0.5494;1.0332,0.2167,0.3784;0.9231,0.9789,1.1764;1.0377,-0.7754,0.8704;2.3395,0.4193,-0.3758;2.3717,-0.3166,-1.1970;2.3199,1.4150,-0.8529;3.5743,0.2884,0.5220;3.4892,1.0093,1.3557;3.5838,-0.7141,0.9913;4.9146,0.5182,-0.1927;4.9103,1.5218,-0.6566;5.7158,0.5430,0.5670;5.2659,-0.5325,-1.2501;6.2604,-0.3420,-1.6854;4.5427,-0.5429,-2.0818;5.2838,-1.5466,-0.8144;-1.6664,-0.8666,0.8271;-1.1698,-0.7383,1.8072;-1.1811,-1.7500,0.3700;-3.1545,-1.1929,1.0527;-3.1991,-2.1882,1.5258;-3.5964,-0.5011,1.7896;-3.9913,-1.2002,-0.2372;-3.3780,-1.6348,-1.0457;-4.8500,-1.8820,-0.1178;-4.5180,0.1882,-0.6681;-4.6357,0.2026,-1.7651;-5.5291,0.3453,-0.2517;-3.6406,1.3771,-0.2280;-4.0255,2.2910,-0.7081;-3.7834,1.5434,0.8547;</g>
	</geometry>
	<conformers/>
	<properties/>
</molecule>
