<?xml version="1.0" ?>
<!--MOLLI PACKAGE EXPERIMENTAL XML FORMAT-->
<molecule name="react_574">
	<atoms>
		<a id="1" s="H" t="H" l="H"/>
		<a id="2" s="C" t="C.2" l="C"/>
		<a id="3" s="C" t="C.1" l="C"/>
		<a id="4" s="C" t="C.1" l="C"/>
		<a id="5" s="Si" t="Si" l="SI"/>
		<a id="6" s="C" t="C.3" l="C"/>
		<a id="7" s="H" t="H" l="H"/>
		<a id="8" s="H" t="H" l="H"/>
		<a id="9" s="H" t="H" l="H"/>
		<a id="10" s="C" t="C.3" l="C"/>
		<a id="11" s="H" t="H" l="H"/>
		<a id="12" s="H" t="H" l="H"/>
		<a id="13" s="H" t="H" l="H"/>
		<a id="14" s="C" t="C.3" l="C"/>
		<a id="15" s="H" t="H" l="H"/>
		<a id="16" s="H" t="H" l="H"/>
		<a id="17" s="H" t="H" l="H"/>
		<a id="18" s="C" t="C.2" l="C"/>
		<a id="19" s="H" t="H" l="H"/>
		<a id="20" s="C" t="C.3" l="C"/>
		<a id="21" s="H" t="H" l="H"/>
		<a id="22" s="H" t="H" l="H"/>
		<a id="23" s="C" t="C.3" l="C"/>
		<a id="24" s="H" t="H" l="H"/>
		<a id="25" s="H" t="H" l="H"/>
		<a id="26" s="C" t="C.3" l="C"/>
		<a id="27" s="H" t="H" l="H"/>
		<a id="28" s="H" t="H" l="H"/>
		<a id="29" s="C" t="C.3" l="C"/>
		<a id="30" s="H" t="H" l="H"/>
		<a id="31" s="H" t="H" l="H"/>
		<a id="32" s="C" t="C.3" l="C"/>
		<a id="33" s="H" t="H" l="H"/>
		<a id="34" s="H" t="H" l="H"/>
		<a id="35" s="C" t="C.3" l="C"/>
		<a id="36" s="H" t="H" l="H"/>
		<a id="37" s="H" t="H" l="H"/>
		<a id="38" s="H" t="H" l="H"/>
	</atoms>
	<bonds>
		<b id="1" c="11 10" t="1"/>
		<b id="2" c="12 10" t="1"/>
		<b id="3" c="10 13" t="1"/>
		<b id="4" c="10 5" t="1"/>
		<b id="5" c="15 14" t="1"/>
		<b id="6" c="19 18" t="1"/>
		<b id="7" c="22 20" t="1"/>
		<b id="8" c="16 14" t="1"/>
		<b id="9" c="30 29" t="1"/>
		<b id="10" c="14 5" t="1"/>
		<b id="11" c="14 17" t="1"/>
		<b id="12" c="38 35" t="1"/>
		<b id="13" c="5 4" t="1"/>
		<b id="14" c="5 6" t="1"/>
		<b id="15" c="18 20" t="1"/>
		<b id="16" c="18 2" t="2"/>
		<b id="17" c="34 32" t="1"/>
		<b id="18" c="20 21" t="1"/>
		<b id="19" c="20 23" t="1"/>
		<b id="20" c="4 3" t="3"/>
		<b id="21" c="31 29" t="1"/>
		<b id="22" c="3 2" t="1"/>
		<b id="23" c="29 32" t="1"/>
		<b id="24" c="29 26" t="1"/>
		<b id="25" c="2 1" t="1"/>
		<b id="26" c="35 32" t="1"/>
		<b id="27" c="35 37" t="1"/>
		<b id="28" c="35 36" t="1"/>
		<b id="29" c="32 33" t="1"/>
		<b id="30" c="7 6" t="1"/>
		<b id="31" c="24 23" t="1"/>
		<b id="32" c="23 26" t="1"/>
		<b id="33" c="23 25" t="1"/>
		<b id="34" c="6 8" t="1"/>
		<b id="35" c="6 9" t="1"/>
		<b id="36" c="26 28" t="1"/>
		<b id="37" c="26 27" t="1"/>
	</bonds>
	<geometry>
		<g u="A" t="cart/3d">#38,3:-0.4396,-0.6382,1.0200;-0.7540,-0.0445,0.1535;-2.1535,-0.0213,-0.1102;-3.3620,-0.0191,-0.3135;-5.1829,-0.0118,-0.6239;-6.0531,0.7731,0.8592;-7.1458,0.7922,0.7065;-5.7129,1.8098,1.0159;-5.8489,0.2081,1.7835;-5.5284,0.9931,-2.1868;-5.0173,0.5561,-3.0604;-6.6098,1.0213,-2.4040;-5.1768,2.0320,-2.0756;-5.7664,-1.7957,-0.8497;-5.2607,-2.2730,-1.7050;-6.8540,-1.8329,-1.0326;-5.5519,-2.3989,0.0477;0.1685,0.6052,-0.5868;-0.1845,1.1878,-1.4465;1.6540,0.6151,-0.3627;1.9829,1.6712,-0.2895;2.1343,0.2446,-1.2888;2.1735,-0.1627,0.8495;1.8849,-1.2258,0.7567;1.6665,0.2125,1.7557;3.6925,-0.0666,1.0606;3.9376,-0.5141,2.0410;3.9758,0.9988,1.1386;4.5409,-0.7589,-0.0151;4.3627,-0.2891,-1.0000;4.1960,-1.8046,-0.1148;6.0519,-0.7635,0.2642;6.2370,-1.2471,1.2416;6.5444,-1.4076,-0.4857;6.7160,0.6163,0.2452;6.3236,1.2778,1.0349;7.8044,0.5361,0.3993;6.5555,1.1244,-0.7215;</g>
	</geometry>
	<conformers/>
	<properties/>
</molecule>
