<?xml version="1.0" ?>
<!--MOLLI PACKAGE EXPERIMENTAL XML FORMAT-->
<molecule name="react_577">
	<atoms>
		<a id="1" s="H" t="H" l="H"/>
		<a id="2" s="O" t="O.3" l="O"/>
		<a id="3" s="C" t="C.3" l="C"/>
		<a id="4" s="H" t="H" l="H"/>
		<a id="5" s="H" t="H" l="H"/>
		<a id="6" s="C" t="C.2" l="C"/>
		<a id="7" s="H" t="H" l="H"/>
		<a id="8" s="C" t="C.2" l="C"/>
		<a id="9" s="H" t="H" l="H"/>
		<a id="10" s="C" t="C.3" l="C"/>
		<a id="11" s="H" t="H" l="H"/>
		<a id="12" s="H" t="H" l="H"/>
		<a id="13" s="C" t="C.3" l="C"/>
		<a id="14" s="H" t="H" l="H"/>
		<a id="15" s="H" t="H" l="H"/>
		<a id="16" s="C" t="C.3" l="C"/>
		<a id="17" s="H" t="H" l="H"/>
		<a id="18" s="H" t="H" l="H"/>
		<a id="19" s="H" t="H" l="H"/>
	</atoms>
	<bonds>
		<b id="1" c="18 16" t="1"/>
		<b id="2" c="5 3" t="1"/>
		<b id="3" c="19 16" t="1"/>
		<b id="4" c="4 3" t="1"/>
		<b id="5" c="1 2" t="1"/>
		<b id="6" c="15 13" t="1"/>
		<b id="7" c="16 13" t="1"/>
		<b id="8" c="16 17" t="1"/>
		<b id="9" c="3 2" t="1"/>
		<b id="10" c="3 6" t="1"/>
		<b id="11" c="11 10" t="1"/>
		<b id="12" c="13 10" t="1"/>
		<b id="13" c="13 14" t="1"/>
		<b id="14" c="10 8" t="1"/>
		<b id="15" c="10 12" t="1"/>
		<b id="16" c="6 8" t="2"/>
		<b id="17" c="6 7" t="1"/>
		<b id="18" c="8 9" t="1"/>
	</bonds>
	<geometry>
		<g u="A" t="cart/3d">#19,3:4.2333,0.1767,-0.7792;3.7304,-0.0006,0.0255;2.4032,-0.3316,-0.3482;1.8866,0.5267,-0.8210;2.3985,-1.1556,-1.0959;1.6693,-0.7955,0.8761;2.2433,-1.5058,1.4836;0.4367,-0.4545,1.2786;0.0659,-0.9259,2.1986;-0.5353,0.4826,0.6142;-0.0527,1.0337,-0.2102;-0.8511,1.2453,1.3517;-1.7952,-0.2259,0.0817;-2.2649,-0.7957,0.9041;-1.4930,-0.9778,-0.6691;-2.8179,0.7352,-0.5264;-3.1631,1.4757,0.2151;-2.3887,1.2949,-1.3749;-3.7055,0.1979,-0.8980;</g>
	</geometry>
	<conformers/>
	<properties/>
</molecule>
