<?xml version="1.0" ?>
<!--MOLLI PACKAGE EXPERIMENTAL XML FORMAT-->
<molecule name="react_579">
	<atoms>
		<a id="1" s="H" t="H" l="H"/>
		<a id="2" s="O" t="O.3" l="O"/>
		<a id="3" s="C" t="C.3" l="C"/>
		<a id="4" s="H" t="H" l="H"/>
		<a id="5" s="H" t="H" l="H"/>
		<a id="6" s="C" t="C.2" l="C"/>
		<a id="7" s="H" t="H" l="H"/>
		<a id="8" s="C" t="C.2" l="C"/>
		<a id="9" s="H" t="H" l="H"/>
		<a id="10" s="C" t="C.3" l="C"/>
		<a id="11" s="H" t="H" l="H"/>
		<a id="12" s="H" t="H" l="H"/>
		<a id="13" s="C" t="C.3" l="C"/>
		<a id="14" s="H" t="H" l="H"/>
		<a id="15" s="H" t="H" l="H"/>
		<a id="16" s="C" t="C.3" l="C"/>
		<a id="17" s="H" t="H" l="H"/>
		<a id="18" s="H" t="H" l="H"/>
		<a id="19" s="C" t="C.3" l="C"/>
		<a id="20" s="H" t="H" l="H"/>
		<a id="21" s="H" t="H" l="H"/>
		<a id="22" s="C" t="C.3" l="C"/>
		<a id="23" s="H" t="H" l="H"/>
		<a id="24" s="H" t="H" l="H"/>
		<a id="25" s="C" t="C.3" l="C"/>
		<a id="26" s="H" t="H" l="H"/>
		<a id="27" s="H" t="H" l="H"/>
		<a id="28" s="C" t="C.3" l="C"/>
		<a id="29" s="H" t="H" l="H"/>
		<a id="30" s="H" t="H" l="H"/>
		<a id="31" s="C" t="C.3" l="C"/>
		<a id="32" s="H" t="H" l="H"/>
		<a id="33" s="H" t="H" l="H"/>
		<a id="34" s="C" t="C.3" l="C"/>
		<a id="35" s="H" t="H" l="H"/>
		<a id="36" s="H" t="H" l="H"/>
		<a id="37" s="C" t="C.3" l="C"/>
		<a id="38" s="H" t="H" l="H"/>
		<a id="39" s="H" t="H" l="H"/>
		<a id="40" s="H" t="H" l="H"/>
	</atoms>
	<bonds>
		<b id="1" c="18 16" t="1"/>
		<b id="2" c="14 13" t="1"/>
		<b id="3" c="15 13" t="1"/>
		<b id="4" c="24 22" t="1"/>
		<b id="5" c="13 16" t="1"/>
		<b id="6" c="13 10" t="1"/>
		<b id="7" c="16 17" t="1"/>
		<b id="8" c="16 19" t="1"/>
		<b id="9" c="20 19" t="1"/>
		<b id="10" c="30 28" t="1"/>
		<b id="11" c="22 19" t="1"/>
		<b id="12" c="22 23" t="1"/>
		<b id="13" c="22 25" t="1"/>
		<b id="14" c="19 21" t="1"/>
		<b id="15" c="5 3" t="1"/>
		<b id="16" c="9 8" t="1"/>
		<b id="17" c="27 25" t="1"/>
		<b id="18" c="8 10" t="1"/>
		<b id="19" c="8 6" t="2"/>
		<b id="20" c="7 6" t="1"/>
		<b id="21" c="10 12" t="1"/>
		<b id="22" c="10 11" t="1"/>
		<b id="23" c="6 3" t="1"/>
		<b id="24" c="36 34" t="1"/>
		<b id="25" c="28 25" t="1"/>
		<b id="26" c="28 29" t="1"/>
		<b id="27" c="28 31" t="1"/>
		<b id="28" c="25 26" t="1"/>
		<b id="29" c="3 4" t="1"/>
		<b id="30" c="3 2" t="1"/>
		<b id="31" c="34 31" t="1"/>
		<b id="32" c="34 35" t="1"/>
		<b id="33" c="34 37" t="1"/>
		<b id="34" c="32 31" t="1"/>
		<b id="35" c="31 33" t="1"/>
		<b id="36" c="2 1" t="1"/>
		<b id="37" c="40 37" t="1"/>
		<b id="38" c="38 37" t="1"/>
		<b id="39" c="37 39" t="1"/>
	</bonds>
	<geometry>
		<g u="A" t="cart/3d">#40,3:-6.5556,0.0185,1.9748;-6.9136,0.5143,1.2259;-5.9498,0.4692,0.1865;-5.0505,1.0656,0.4361;-6.4258,0.9662,-0.6776;-5.5849,-0.9429,-0.1821;-6.4555,-1.5950,-0.3287;-4.3593,-1.4713,-0.3288;-4.3041,-2.5337,-0.6026;-3.0263,-0.7826,-0.2084;-2.3943,-1.3639,0.4874;-3.1367,0.2210,0.2351;-2.2998,-0.6546,-1.5629;-2.9483,-0.0840,-2.2504;-2.1929,-1.6585,-2.0149;-0.9230,0.0226,-1.4941;-1.0353,1.0123,-1.0154;-0.5833,0.2262,-2.5262;0.1643,-0.7915,-0.7782;0.1979,-1.7997,-1.2304;-0.1133,-0.9474,0.2805;1.5737,-0.1811,-0.8375;2.2949,-0.9335,-0.4789;1.8415,0.0078,-1.8944;1.7456,1.1210,-0.0405;1.4564,0.9472,1.0138;1.0235,1.8623,-0.4234;3.1530,1.7518,-0.0868;3.0447,2.8445,0.0259;3.5866,1.6035,-1.0938;4.1615,1.2882,0.9781;5.0524,1.9399,0.9075;3.7360,1.4796,1.9819;4.6302,-0.1705,0.9068;3.7776,-0.8494,1.0816;4.9865,-0.3899,-0.1168;5.7380,-0.4918,1.9130;6.0533,-1.5459,1.8480;5.4048,-0.3084,2.9489;6.6303,0.1339,1.7407;</g>
	</geometry>
	<conformers/>
	<properties/>
</molecule>
