<?xml version="1.0" ?>
<!--MOLLI PACKAGE EXPERIMENTAL XML FORMAT-->
<molecule name="react_580">
	<atoms>
		<a id="1" s="H" t="H" l="H"/>
		<a id="2" s="C" t="C.2" l="C"/>
		<a id="3" s="H" t="H" l="H"/>
		<a id="4" s="C" t="C.2" l="C"/>
		<a id="5" s="H" t="H" l="H"/>
		<a id="6" s="C" t="C.3" l="C"/>
		<a id="7" s="H" t="H" l="H"/>
		<a id="8" s="H" t="H" l="H"/>
		<a id="9" s="C" t="C.3" l="C"/>
		<a id="10" s="H" t="H" l="H"/>
		<a id="11" s="H" t="H" l="H"/>
		<a id="12" s="C" t="C.3" l="C"/>
		<a id="13" s="H" t="H" l="H"/>
		<a id="14" s="H" t="H" l="H"/>
		<a id="15" s="C" t="C.3" l="C"/>
		<a id="16" s="H" t="H" l="H"/>
		<a id="17" s="H" t="H" l="H"/>
		<a id="18" s="C" t="C.3" l="C"/>
		<a id="19" s="H" t="H" l="H"/>
		<a id="20" s="H" t="H" l="H"/>
		<a id="21" s="C" t="C.3" l="C"/>
		<a id="22" s="H" t="H" l="H"/>
		<a id="23" s="H" t="H" l="H"/>
		<a id="24" s="C" t="C.3" l="C"/>
		<a id="25" s="H" t="H" l="H"/>
		<a id="26" s="O" t="O.3" l="O"/>
		<a id="27" s="C" t="C.3" l="C"/>
		<a id="28" s="H" t="H" l="H"/>
		<a id="29" s="H" t="H" l="H"/>
		<a id="30" s="C" t="C.3" l="C"/>
		<a id="31" s="H" t="H" l="H"/>
		<a id="32" s="H" t="H" l="H"/>
		<a id="33" s="O" t="O.3" l="O"/>
	</atoms>
	<bonds>
		<b id="1" c="25 24" t="1"/>
		<b id="2" c="19 18" t="1"/>
		<b id="3" c="13 12" t="1"/>
		<b id="4" c="7 6" t="1"/>
		<b id="5" c="32 30" t="1"/>
		<b id="6" c="24 26" t="1"/>
		<b id="7" c="24 33" t="1"/>
		<b id="8" c="24 21" t="1"/>
		<b id="9" c="18 20" t="1"/>
		<b id="10" c="18 21" t="1"/>
		<b id="11" c="18 15" t="1"/>
		<b id="12" c="5 4" t="1"/>
		<b id="13" c="12 14" t="1"/>
		<b id="14" c="12 15" t="1"/>
		<b id="15" c="12 9" t="1"/>
		<b id="16" c="28 27" t="1"/>
		<b id="17" c="6 4" t="1"/>
		<b id="18" c="6 8" t="1"/>
		<b id="19" c="6 9" t="1"/>
		<b id="20" c="22 21" t="1"/>
		<b id="21" c="26 27" t="1"/>
		<b id="22" c="16 15" t="1"/>
		<b id="23" c="30 33" t="1"/>
		<b id="24" c="30 27" t="1"/>
		<b id="25" c="30 31" t="1"/>
		<b id="26" c="4 2" t="2"/>
		<b id="27" c="10 9" t="1"/>
		<b id="28" c="21 23" t="1"/>
		<b id="29" c="15 17" t="1"/>
		<b id="30" c="9 11" t="1"/>
		<b id="31" c="27 29" t="1"/>
		<b id="32" c="2 1" t="1"/>
		<b id="33" c="2 3" t="1"/>
	</bonds>
	<geometry>
		<g u="A" t="cart/3d">#33,3:5.8462,-2.2442,1.0754;5.6619,-1.1870,0.8626;6.3396,-0.4633,1.3298;4.6613,-0.7953,0.0674;4.0161,-1.5650,-0.3760;4.3293,0.6334,-0.2708;4.3341,0.7547,-1.3712;5.1255,1.2904,0.1186;2.9679,1.1203,0.2674;2.8848,2.2044,0.0693;2.9575,1.0093,1.3669;1.7452,0.4133,-0.3275;1.7698,0.5077,-1.4299;1.7970,-0.6700,-0.1171;0.4122,0.9549,0.1983;0.3462,2.0386,-0.0149;0.3933,0.8666,1.3006;-0.8136,0.2456,-0.3840;-0.8033,0.3419,-1.4861;-0.7540,-0.8359,-0.1727;-2.1385,0.7804,0.1632;-2.2473,1.8549,-0.0655;-2.1760,0.6773,1.2610;-3.3534,0.0668,-0.3962;-3.3876,0.1594,-1.5073;-3.3422,-1.3172,-0.0641;-4.6558,-1.7045,0.3115;-4.9904,-2.5696,-0.2871;-4.6710,-1.9920,1.3786;-5.4919,-0.4401,0.0484;-6.2917,-0.2676,0.7832;-5.9379,-0.4615,-0.9667;-4.5334,0.5931,0.1589;</g>
	</geometry>
	<conformers/>
	<properties/>
</molecule>
