<?xml version="1.0" ?>
<!--MOLLI PACKAGE EXPERIMENTAL XML FORMAT-->
<molecule name="react_582">
	<atoms>
		<a id="1" s="H" t="H" l="H"/>
		<a id="2" s="C" t="C.2" l="C"/>
		<a id="3" s="H" t="H" l="H"/>
		<a id="4" s="C" t="C.2" l="C"/>
		<a id="5" s="H" t="H" l="H"/>
		<a id="6" s="C" t="C.3" l="C"/>
		<a id="7" s="H" t="H" l="H"/>
		<a id="8" s="H" t="H" l="H"/>
		<a id="9" s="C" t="C.3" l="C"/>
		<a id="10" s="H" t="H" l="H"/>
		<a id="11" s="H" t="H" l="H"/>
		<a id="12" s="C" t="C.3" l="C"/>
		<a id="13" s="H" t="H" l="H"/>
		<a id="14" s="H" t="H" l="H"/>
		<a id="15" s="C" t="C.3" l="C"/>
		<a id="16" s="H" t="H" l="H"/>
		<a id="17" s="H" t="H" l="H"/>
		<a id="18" s="C" t="C.3" l="C"/>
		<a id="19" s="H" t="H" l="H"/>
		<a id="20" s="H" t="H" l="H"/>
		<a id="21" s="C" t="C.3" l="C"/>
		<a id="22" s="H" t="H" l="H"/>
		<a id="23" s="H" t="H" l="H"/>
		<a id="24" s="C" t="C.3" l="C"/>
		<a id="25" s="H" t="H" l="H"/>
		<a id="26" s="H" t="H" l="H"/>
		<a id="27" s="C" t="C.1" l="C"/>
		<a id="28" s="N" t="N.1" l="N"/>
	</atoms>
	<bonds>
		<b id="1" c="23 21" t="1"/>
		<b id="2" c="20 18" t="1"/>
		<b id="3" c="22 21" t="1"/>
		<b id="4" c="14 12" t="1"/>
		<b id="5" c="16 15" t="1"/>
		<b id="6" c="21 18" t="1"/>
		<b id="7" c="21 24" t="1"/>
		<b id="8" c="5 4" t="1"/>
		<b id="9" c="1 2" t="1"/>
		<b id="10" c="18 15" t="1"/>
		<b id="11" c="18 19" t="1"/>
		<b id="12" c="15 12" t="1"/>
		<b id="13" c="15 17" t="1"/>
		<b id="14" c="12 13" t="1"/>
		<b id="15" c="12 9" t="1"/>
		<b id="16" c="25 24" t="1"/>
		<b id="17" c="4 2" t="2"/>
		<b id="18" c="4 6" t="1"/>
		<b id="19" c="2 3" t="1"/>
		<b id="20" c="24 26" t="1"/>
		<b id="21" c="24 27" t="1"/>
		<b id="22" c="11 9" t="1"/>
		<b id="23" c="9 6" t="1"/>
		<b id="24" c="9 10" t="1"/>
		<b id="25" c="6 8" t="1"/>
		<b id="26" c="6 7" t="1"/>
		<b id="27" c="27 28" t="3"/>
	</bonds>
	<geometry>
		<g u="A" t="cart/3d">#28,3:5.0247,1.5554,-0.9009;4.4442,1.2633,-0.0206;4.5766,1.8705,0.8822;3.6162,0.2139,-0.0420;3.5272,-0.3612,-0.9731;2.7789,-0.2543,1.1183;3.0586,0.3170,2.0196;3.0210,-1.3135,1.3319;1.2555,-0.1361,0.9041;0.7518,-0.4133,1.8482;1.0061,0.9238,0.7239;0.7003,-1.0111,-0.2274;1.0443,-2.0503,-0.0727;1.1293,-0.6919,-1.1946;-0.8320,-1.0178,-0.3419;-1.1256,-1.7708,-1.0967;-1.2560,-1.3684,0.6172;-1.4499,0.3335,-0.7274;-1.2548,1.0801,0.0619;-0.9423,0.7125,-1.6325;-2.9569,0.2916,-1.0138;-3.2849,1.2776,-1.3831;-3.1643,-0.4294,-1.8239;-3.8459,-0.1024,0.1857;-4.9062,-0.1075,-0.1182;-3.6168,-1.1262,0.5258;-3.7108,0.7968,1.3364;-3.5881,1.5183,2.2353;</g>
	</geometry>
	<conformers/>
	<properties/>
</molecule>
