<?xml version="1.0" ?>
<!--MOLLI PACKAGE EXPERIMENTAL XML FORMAT-->
<molecule name="react_584">
	<atoms>
		<a id="1" s="H" t="H" l="H"/>
		<a id="2" s="C" t="C.2" l="C"/>
		<a id="3" s="H" t="H" l="H"/>
		<a id="4" s="C" t="C.2" l="C"/>
		<a id="5" s="H" t="H" l="H"/>
		<a id="6" s="C" t="C.3" l="C"/>
		<a id="7" s="H" t="H" l="H"/>
		<a id="8" s="H" t="H" l="H"/>
		<a id="9" s="C" t="C.3" l="C"/>
		<a id="10" s="H" t="H" l="H"/>
		<a id="11" s="H" t="H" l="H"/>
		<a id="12" s="C" t="C.3" l="C"/>
		<a id="13" s="H" t="H" l="H"/>
		<a id="14" s="H" t="H" l="H"/>
		<a id="15" s="C" t="C.3" l="C"/>
		<a id="16" s="H" t="H" l="H"/>
		<a id="17" s="H" t="H" l="H"/>
		<a id="18" s="C" t="C.3" l="C"/>
		<a id="19" s="H" t="H" l="H"/>
		<a id="20" s="H" t="H" l="H"/>
		<a id="21" s="C" t="C.3" l="C"/>
		<a id="22" s="H" t="H" l="H"/>
		<a id="23" s="H" t="H" l="H"/>
		<a id="24" s="C" t="C.3" l="C"/>
		<a id="25" s="H" t="H" l="H"/>
		<a id="26" s="H" t="H" l="H"/>
		<a id="27" s="O" t="O.3" l="O"/>
		<a id="28" s="Si" t="Si" l="SI"/>
		<a id="29" s="C" t="C.3" l="C"/>
		<a id="30" s="H" t="H" l="H"/>
		<a id="31" s="H" t="H" l="H"/>
		<a id="32" s="H" t="H" l="H"/>
		<a id="33" s="C" t="C.3" l="C"/>
		<a id="34" s="H" t="H" l="H"/>
		<a id="35" s="H" t="H" l="H"/>
		<a id="36" s="H" t="H" l="H"/>
		<a id="37" s="C" t="C.3" l="C"/>
		<a id="38" s="C" t="C.3" l="C"/>
		<a id="39" s="H" t="H" l="H"/>
		<a id="40" s="H" t="H" l="H"/>
		<a id="41" s="H" t="H" l="H"/>
		<a id="42" s="C" t="C.3" l="C"/>
		<a id="43" s="H" t="H" l="H"/>
		<a id="44" s="H" t="H" l="H"/>
		<a id="45" s="H" t="H" l="H"/>
		<a id="46" s="C" t="C.3" l="C"/>
		<a id="47" s="H" t="H" l="H"/>
		<a id="48" s="H" t="H" l="H"/>
		<a id="49" s="H" t="H" l="H"/>
	</atoms>
	<bonds>
		<b id="1" c="22 21" t="1"/>
		<b id="2" c="17 15" t="1"/>
		<b id="3" c="25 24" t="1"/>
		<b id="4" c="23 21" t="1"/>
		<b id="5" c="21 24" t="1"/>
		<b id="6" c="21 18" t="1"/>
		<b id="7" c="31 29" t="1"/>
		<b id="8" c="24 26" t="1"/>
		<b id="9" c="24 27" t="1"/>
		<b id="10" c="16 15" t="1"/>
		<b id="11" c="15 18" t="1"/>
		<b id="12" c="15 12" t="1"/>
		<b id="13" c="32 29" t="1"/>
		<b id="14" c="18 20" t="1"/>
		<b id="15" c="18 19" t="1"/>
		<b id="16" c="13 12" t="1"/>
		<b id="17" c="29 30" t="1"/>
		<b id="18" c="29 28" t="1"/>
		<b id="19" c="12 14" t="1"/>
		<b id="20" c="12 9" t="1"/>
		<b id="21" c="27 28" t="1"/>
		<b id="22" c="34 33" t="1"/>
		<b id="23" c="40 38" t="1"/>
		<b id="24" c="28 33" t="1"/>
		<b id="25" c="28 37" t="1"/>
		<b id="26" c="41 38" t="1"/>
		<b id="27" c="10 9" t="1"/>
		<b id="28" c="9 11" t="1"/>
		<b id="29" c="9 6" t="1"/>
		<b id="30" c="38 37" t="1"/>
		<b id="31" c="38 39" t="1"/>
		<b id="32" c="33 35" t="1"/>
		<b id="33" c="33 36" t="1"/>
		<b id="34" c="7 6" t="1"/>
		<b id="35" c="3 2" t="1"/>
		<b id="36" c="43 42" t="1"/>
		<b id="37" c="37 42" t="1"/>
		<b id="38" c="37 46" t="1"/>
		<b id="39" c="6 4" t="1"/>
		<b id="40" c="6 8" t="1"/>
		<b id="41" c="2 4" t="2"/>
		<b id="42" c="2 1" t="1"/>
		<b id="43" c="4 5" t="1"/>
		<b id="44" c="49 46" t="1"/>
		<b id="45" c="42 44" t="1"/>
		<b id="46" c="42 45" t="1"/>
		<b id="47" c="46 47" t="1"/>
		<b id="48" c="46 48" t="1"/>
	</bonds>
	<geometry>
		<g u="A" t="cart/3d">#49,3:5.4134,3.8069,1.8743;5.6483,2.7853,1.5607;6.6038,2.6330,1.0463;4.8124,1.7694,1.7970;3.8646,1.9772,2.3142;5.0404,0.3311,1.4185;6.0246,0.2278,0.9277;5.0883,-0.2724,2.3447;3.9397,-0.2610,0.5164;4.1091,-1.3489,0.4206;2.9648,-0.1524,1.0248;3.8775,0.3635,-0.8824;4.8684,0.2512,-1.3598;3.7143,1.4527,-0.7914;2.8109,-0.2332,-1.8124;2.9592,-1.3273,-1.8877;2.9754,0.1602,-2.8325;1.3609,0.0532,-1.4037;1.1452,-0.3838,-0.4148;1.2253,1.1463,-1.2930;0.3309,-0.4817,-2.4027;0.5037,-0.0311,-3.3978;0.4612,-1.5721,-2.5254;-1.1179,-0.2120,-2.0082;-1.7882,-0.5482,-2.8232;-1.2713,0.8810,-1.8990;-1.4283,-0.8784,-0.8017;-2.9173,-1.1343,-0.0536;-4.2995,-1.0717,-1.3420;-5.2693,-1.3381,-0.8898;-4.1052,-1.7944,-2.1525;-4.4088,-0.0751,-1.8000;-2.8072,-2.8611,0.6903;-2.7273,-3.6142,-0.1112;-3.6926,-3.1081,1.2989;-1.9151,-2.9619,1.3292;-3.1651,0.1982,1.3115;-3.1007,1.6059,0.6836;-3.2384,2.3829,1.4584;-3.8862,1.7627,-0.0749;-2.1266,1.7936,0.2032;-4.5311,0.0091,2.0027;-5.3734,0.1340,1.3016;-4.6280,-0.9863,2.4681;-4.6650,0.7562,2.8070;-2.0379,0.0633,2.3566;-2.0752,-0.9061,2.8804;-2.1244,0.8540,3.1249;-1.0420,0.1556,1.8931;</g>
	</geometry>
	<conformers/>
	<properties/>
</molecule>
