<?xml version="1.0" ?>
<!--MOLLI PACKAGE EXPERIMENTAL XML FORMAT-->
<molecule name="react_283_c2_frag_1">
	<atoms>
		<a id="1" s="C" t="C.3" l="C"/>
		<a id="2" s="N" t="N.4" l="N"/>
		<a id="3" s="C" t="C.3" l="C"/>
		<a id="4" s="C" t="C.3" l="C"/>
		<a id="5" s="C" t="C.3" l="C"/>
		<a id="6" s="C" t="C.3" l="C"/>
		<a id="7" s="H" t="H" l="H"/>
		<a id="8" s="H" t="H" l="H"/>
		<a id="9" s="C" t="C.3" l="C"/>
		<a id="10" s="H" t="H" l="H"/>
		<a id="11" s="H" t="H" l="H"/>
		<a id="12" s="C" t="C.3" l="C"/>
		<a id="13" s="H" t="H" l="H"/>
		<a id="14" s="H" t="H" l="H"/>
		<a id="15" s="C" t="C.3" l="C"/>
		<a id="16" s="H" t="H" l="H"/>
		<a id="17" s="H" t="H" l="H"/>
		<a id="18" s="C" t="C.3" l="C"/>
		<a id="19" s="H" t="H" l="H"/>
		<a id="20" s="H" t="H" l="H"/>
		<a id="21" s="H" t="H" l="H"/>
		<a id="22" s="H" t="H" l="H"/>
		<a id="23" s="H" t="H" l="H"/>
		<a id="24" s="H" t="H" l="H"/>
		<a id="25" s="H" t="H" l="H"/>
		<a id="26" s="H" t="H" l="H"/>
		<a id="27" s="H" t="H" l="H"/>
		<a id="28" s="H" t="H" l="H"/>
		<a id="29" s="H" t="H" l="H"/>
		<a id="30" s="H" t="H" l="H"/>
		<a id="31" s="H" t="H" l="H"/>
		<a id="32" s="H" t="H" l="H"/>
	</atoms>
	<bonds>
		<b id="1" c="1 2" t="1"/>
		<b id="2" c="3 2" t="1"/>
		<b id="3" c="4 2" t="1"/>
		<b id="4" c="2 5" t="1"/>
		<b id="5" c="5 6" t="1"/>
		<b id="6" c="7 6" t="1"/>
		<b id="7" c="8 6" t="1"/>
		<b id="8" c="6 9" t="1"/>
		<b id="9" c="10 9" t="1"/>
		<b id="10" c="11 9" t="1"/>
		<b id="11" c="9 12" t="1"/>
		<b id="12" c="13 12" t="1"/>
		<b id="13" c="14 12" t="1"/>
		<b id="14" c="12 15" t="1"/>
		<b id="15" c="16 15" t="1"/>
		<b id="16" c="17 15" t="1"/>
		<b id="17" c="15 18" t="1"/>
		<b id="18" c="19 18" t="1"/>
		<b id="19" c="20 18" t="1"/>
		<b id="20" c="18 21" t="1"/>
		<b id="21" c="1 22" t="1"/>
		<b id="22" c="1 23" t="1"/>
		<b id="23" c="1 24" t="1"/>
		<b id="24" c="3 25" t="1"/>
		<b id="25" c="3 26" t="1"/>
		<b id="26" c="3 27" t="1"/>
		<b id="27" c="4 28" t="1"/>
		<b id="28" c="4 29" t="1"/>
		<b id="29" c="4 30" t="1"/>
		<b id="30" c="5 31" t="1"/>
		<b id="31" c="5 32" t="1"/>
	</bonds>
	<geometry>
		<g u="A" t="cart/3d">#32,3:-2.9203,-0.9636,-0.7242;-2.4672,0.2033,0.1455;-2.5884,-0.1773,1.6165;-3.4029,1.3880,-0.1198;-1.0366,0.6510,-0.2077;0.0202,-0.4336,0.0071;0.0364,-0.7558,1.0534;-0.1997,-1.3133,-0.6066;1.4118,0.0908,-0.3663;1.4139,0.4100,-1.4155;1.6373,0.9729,0.2434;2.4837,-0.9809,-0.1541;2.5169,-1.2670,0.9042;2.2065,-1.8814,-0.7161;3.8769,-0.5435,-0.6111;4.5542,-1.4021,-0.5292;3.8510,-0.2606,-1.6698;4.4517,0.6037,0.2054;4.4595,0.3615,1.2728;5.4826,0.8046,-0.1037;3.8788,1.5245,0.0629;-2.3385,-1.8505,-0.4615;-3.9807,-1.1493,-0.5276;-2.7674,-0.6937,-1.7730;-3.6448,-0.3536,1.8416;-2.2013,0.6479,2.2209;-2.0183,-1.0922,1.7957;-3.3290,1.6561,-1.1779;-3.0894,2.2240,0.5126;-4.4255,1.0865,0.1265;-0.8173,1.5278,0.4136;-1.0540,0.9660,-1.2580;</g>
	</geometry>
	<conformers/>
	<properties/>
</molecule>
