<?xml version="1.0" ?>
<!--MOLLI PACKAGE EXPERIMENTAL XML FORMAT-->
<molecule name="react_286_c1_frag_0">
	<atoms>
		<a id="1" s="C" t="C.3" l="C"/>
		<a id="2" s="N" t="N.4" l="N"/>
		<a id="3" s="C" t="C.3" l="C"/>
		<a id="4" s="C" t="C.3" l="C"/>
		<a id="5" s="C" t="C.3" l="C"/>
		<a id="6" s="C" t="C.3" l="C"/>
		<a id="7" s="H" t="H" l="H"/>
		<a id="8" s="H" t="H" l="H"/>
		<a id="9" s="C" t="C.3" l="C"/>
		<a id="10" s="H" t="H" l="H"/>
		<a id="11" s="H" t="H" l="H"/>
		<a id="12" s="C" t="C.3" l="C"/>
		<a id="13" s="H" t="H" l="H"/>
		<a id="14" s="H" t="H" l="H"/>
		<a id="15" s="C" t="C.3" l="C"/>
		<a id="16" s="H" t="H" l="H"/>
		<a id="17" s="H" t="H" l="H"/>
		<a id="18" s="C" t="C.3" l="C"/>
		<a id="19" s="H" t="H" l="H"/>
		<a id="20" s="H" t="H" l="H"/>
		<a id="21" s="C" t="C.3" l="C"/>
		<a id="22" s="H" t="H" l="H"/>
		<a id="23" s="H" t="H" l="H"/>
		<a id="24" s="C" t="C.3" l="C"/>
		<a id="25" s="H" t="H" l="H"/>
		<a id="26" s="H" t="H" l="H"/>
		<a id="27" s="C" t="C.3" l="C"/>
		<a id="28" s="H" t="H" l="H"/>
		<a id="29" s="H" t="H" l="H"/>
		<a id="30" s="H" t="H" l="H"/>
		<a id="31" s="H" t="H" l="H"/>
		<a id="32" s="H" t="H" l="H"/>
		<a id="33" s="H" t="H" l="H"/>
		<a id="34" s="H" t="H" l="H"/>
		<a id="35" s="H" t="H" l="H"/>
		<a id="36" s="H" t="H" l="H"/>
		<a id="37" s="H" t="H" l="H"/>
		<a id="38" s="H" t="H" l="H"/>
		<a id="39" s="H" t="H" l="H"/>
		<a id="40" s="H" t="H" l="H"/>
		<a id="41" s="H" t="H" l="H"/>
	</atoms>
	<bonds>
		<b id="1" c="1 2" t="1"/>
		<b id="2" c="3 2" t="1"/>
		<b id="3" c="4 2" t="1"/>
		<b id="4" c="2 5" t="1"/>
		<b id="5" c="5 6" t="1"/>
		<b id="6" c="7 6" t="1"/>
		<b id="7" c="8 6" t="1"/>
		<b id="8" c="6 9" t="1"/>
		<b id="9" c="10 9" t="1"/>
		<b id="10" c="11 9" t="1"/>
		<b id="11" c="9 12" t="1"/>
		<b id="12" c="13 12" t="1"/>
		<b id="13" c="14 12" t="1"/>
		<b id="14" c="12 15" t="1"/>
		<b id="15" c="16 15" t="1"/>
		<b id="16" c="17 15" t="1"/>
		<b id="17" c="15 18" t="1"/>
		<b id="18" c="19 18" t="1"/>
		<b id="19" c="20 18" t="1"/>
		<b id="20" c="18 21" t="1"/>
		<b id="21" c="22 21" t="1"/>
		<b id="22" c="23 21" t="1"/>
		<b id="23" c="21 24" t="1"/>
		<b id="24" c="25 24" t="1"/>
		<b id="25" c="26 24" t="1"/>
		<b id="26" c="24 27" t="1"/>
		<b id="27" c="28 27" t="1"/>
		<b id="28" c="29 27" t="1"/>
		<b id="29" c="27 30" t="1"/>
		<b id="30" c="1 31" t="1"/>
		<b id="31" c="1 32" t="1"/>
		<b id="32" c="1 33" t="1"/>
		<b id="33" c="3 34" t="1"/>
		<b id="34" c="3 35" t="1"/>
		<b id="35" c="3 36" t="1"/>
		<b id="36" c="4 37" t="1"/>
		<b id="37" c="4 38" t="1"/>
		<b id="38" c="4 39" t="1"/>
		<b id="39" c="5 40" t="1"/>
		<b id="40" c="5 41" t="1"/>
	</bonds>
	<geometry>
		<g u="A" t="cart/3d">#41,3:-3.7380,-1.3988,-0.0790;-3.8779,0.1062,-0.2821;-3.9747,0.8044,1.0670;-5.2026,0.3385,-1.0288;-2.7525,0.6792,-1.1619;-1.4102,0.9710,-0.4802;-1.5409,1.6721,0.3519;-0.8113,1.5141,-1.2205;-0.6193,-0.2487,-0.0075;-0.6468,-1.0416,-0.7636;-1.0849,-0.6419,0.9008;0.8376,0.0752,0.3507;1.2297,-0.7686,0.9299;0.8724,0.9544,1.0050;1.7264,0.2960,-0.8770;1.3203,1.1091,-1.4882;1.7193,-0.6032,-1.5048;3.1717,0.6614,-0.5219;3.1794,1.5552,0.1138;3.6921,0.9300,-1.4498;3.9368,-0.4706,0.1673;3.4790,-0.6995,1.1360;3.8787,-1.3795,-0.4436;5.4030,-0.0941,0.3860;5.8787,0.1272,-0.5765;5.4669,0.8142,0.9964;6.1689,-1.2129,1.0741;6.1507,-2.1279,0.4735;7.2141,-0.9228,1.2198;5.7387,-1.4371,2.0555;-3.6069,-1.8727,-1.0559;-4.6495,-1.7685,0.4016;-2.8875,-1.6027,0.5690;-3.0923,0.5541,1.6609;-4.0375,1.8827,0.8943;-4.8738,0.4468,1.5784;-5.3502,1.4164,-1.1461;-5.1365,-0.1517,-2.0048;-6.0170,-0.0913,-0.4376;-3.1311,1.6297,-1.5586;-2.6232,-0.0036,-2.0100;</g>
	</geometry>
	<conformers/>
	<properties/>
</molecule>
