<?xml version="1.0" ?>
<!--MOLLI PACKAGE EXPERIMENTAL XML FORMAT-->
<molecule name="react_286_c2_frag_0">
	<atoms>
		<a id="1" s="C" t="C.3" l="C"/>
		<a id="2" s="N" t="N.4" l="N"/>
		<a id="3" s="C" t="C.3" l="C"/>
		<a id="4" s="C" t="C.3" l="C"/>
		<a id="5" s="C" t="C.3" l="C"/>
		<a id="6" s="C" t="C.3" l="C"/>
		<a id="7" s="H" t="H" l="H"/>
		<a id="8" s="H" t="H" l="H"/>
		<a id="9" s="C" t="C.3" l="C"/>
		<a id="10" s="H" t="H" l="H"/>
		<a id="11" s="H" t="H" l="H"/>
		<a id="12" s="H" t="H" l="H"/>
		<a id="13" s="H" t="H" l="H"/>
		<a id="14" s="H" t="H" l="H"/>
		<a id="15" s="H" t="H" l="H"/>
		<a id="16" s="H" t="H" l="H"/>
		<a id="17" s="H" t="H" l="H"/>
		<a id="18" s="H" t="H" l="H"/>
		<a id="19" s="H" t="H" l="H"/>
		<a id="20" s="H" t="H" l="H"/>
		<a id="21" s="H" t="H" l="H"/>
		<a id="22" s="H" t="H" l="H"/>
		<a id="23" s="H" t="H" l="H"/>
	</atoms>
	<bonds>
		<b id="1" c="1 2" t="1"/>
		<b id="2" c="3 2" t="1"/>
		<b id="3" c="4 2" t="1"/>
		<b id="4" c="2 5" t="1"/>
		<b id="5" c="5 6" t="1"/>
		<b id="6" c="7 6" t="1"/>
		<b id="7" c="8 6" t="1"/>
		<b id="8" c="6 9" t="1"/>
		<b id="9" c="10 9" t="1"/>
		<b id="10" c="9 11" t="1"/>
		<b id="11" c="1 12" t="1"/>
		<b id="12" c="1 13" t="1"/>
		<b id="13" c="1 14" t="1"/>
		<b id="14" c="3 15" t="1"/>
		<b id="15" c="3 16" t="1"/>
		<b id="16" c="3 17" t="1"/>
		<b id="17" c="4 18" t="1"/>
		<b id="18" c="4 19" t="1"/>
		<b id="19" c="4 20" t="1"/>
		<b id="20" c="5 21" t="1"/>
		<b id="21" c="5 22" t="1"/>
		<b id="22" c="9 23" t="1"/>
	</bonds>
	<geometry>
		<g u="A" t="cart/3d">#23,3:-1.0541,0.8831,1.3146;-0.9294,-0.0023,0.0801;-2.0484,0.3785,-0.8956;-1.1206,-1.4619,0.4757;0.4134,0.2176,-0.6411;1.6344,-0.1225,0.2128;1.6622,0.4911,1.1185;1.6150,-1.1716,0.5237;2.9200,0.1199,-0.5669;3.0035,1.1688,-0.8693;2.9561,-0.5021,-1.4670;-2.0712,0.7872,1.7070;-0.3376,0.5466,2.0679;-0.8537,1.9174,1.0207;-1.9707,-0.2639,-1.7778;-1.9227,1.4297,-1.1719;-3.0111,0.2278,-0.3980;-0.4018,-1.7157,1.2586;-0.9673,-2.0839,-0.4108;-2.1385,-1.5854,0.8582;0.3927,-0.4037,-1.5447;0.4402,1.2709,-0.9456;3.7896,-0.1257,0.0507;</g>
	</geometry>
	<conformers/>
	<properties/>
</molecule>
