<?xml version="1.0" ?>
<!--MOLLI PACKAGE EXPERIMENTAL XML FORMAT-->
<molecule name="react_286_c2_frag_1">
	<atoms>
		<a id="1" s="C" t="C.3" l="C"/>
		<a id="2" s="N" t="N.4" l="N"/>
		<a id="3" s="C" t="C.3" l="C"/>
		<a id="4" s="C" t="C.3" l="C"/>
		<a id="5" s="C" t="C.3" l="C"/>
		<a id="6" s="C" t="C.3" l="C"/>
		<a id="7" s="H" t="H" l="H"/>
		<a id="8" s="H" t="H" l="H"/>
		<a id="9" s="C" t="C.3" l="C"/>
		<a id="10" s="H" t="H" l="H"/>
		<a id="11" s="H" t="H" l="H"/>
		<a id="12" s="H" t="H" l="H"/>
		<a id="13" s="H" t="H" l="H"/>
		<a id="14" s="H" t="H" l="H"/>
		<a id="15" s="H" t="H" l="H"/>
		<a id="16" s="H" t="H" l="H"/>
		<a id="17" s="H" t="H" l="H"/>
		<a id="18" s="H" t="H" l="H"/>
		<a id="19" s="H" t="H" l="H"/>
		<a id="20" s="H" t="H" l="H"/>
		<a id="21" s="H" t="H" l="H"/>
		<a id="22" s="H" t="H" l="H"/>
		<a id="23" s="H" t="H" l="H"/>
	</atoms>
	<bonds>
		<b id="1" c="1 2" t="1"/>
		<b id="2" c="3 2" t="1"/>
		<b id="3" c="4 2" t="1"/>
		<b id="4" c="2 5" t="1"/>
		<b id="5" c="5 6" t="1"/>
		<b id="6" c="7 6" t="1"/>
		<b id="7" c="8 6" t="1"/>
		<b id="8" c="6 9" t="1"/>
		<b id="9" c="10 9" t="1"/>
		<b id="10" c="9 11" t="1"/>
		<b id="11" c="1 12" t="1"/>
		<b id="12" c="1 13" t="1"/>
		<b id="13" c="1 14" t="1"/>
		<b id="14" c="3 15" t="1"/>
		<b id="15" c="3 16" t="1"/>
		<b id="16" c="3 17" t="1"/>
		<b id="17" c="4 18" t="1"/>
		<b id="18" c="4 19" t="1"/>
		<b id="19" c="4 20" t="1"/>
		<b id="20" c="5 21" t="1"/>
		<b id="21" c="5 22" t="1"/>
		<b id="22" c="9 23" t="1"/>
	</bonds>
	<geometry>
		<g u="A" t="cart/3d">#23,3:-2.0620,0.3013,-0.8937;-0.9268,-0.0880,0.0597;-1.1412,0.6460,1.3782;-0.9983,-1.5925,0.2939;0.4013,0.3189,-0.6054;1.6362,-0.0086,0.2332;1.6008,0.5042,1.1994;1.7021,-1.0830,0.4305;2.9060,0.4222,-0.4888;3.0057,-0.0943,-1.4489;3.7857,0.1846,0.1175;-1.9194,-0.2338,-1.8372;-2.0225,1.3829,-1.0541;-3.0145,0.0186,-0.4354;-0.4080,0.2911,2.1066;-2.1512,0.4243,1.7365;-1.0256,1.7190,1.2001;-0.2702,-1.8685,1.0606;-0.7819,-2.1007,-0.6501;-2.0067,-1.8405,0.6395;0.4443,-0.2012,-1.5701;0.3424,1.3974,-0.7958;2.9039,1.5007,-0.6763;</g>
	</geometry>
	<conformers/>
	<properties/>
</molecule>
