<?xml version="1.0" ?>
<!--MOLLI PACKAGE EXPERIMENTAL XML FORMAT-->
<molecule name="react_14_c2_frag_0">
	<atoms>
		<a id="1" s="C" t="C.3" l="C"/>
		<a id="2" s="N" t="N.4" l="N"/>
		<a id="3" s="C" t="C.3" l="C"/>
		<a id="4" s="C" t="C.3" l="C"/>
		<a id="5" s="C" t="C.3" l="C"/>
		<a id="6" s="C" t="C.3" l="C"/>
		<a id="7" s="H" t="H" l="H"/>
		<a id="8" s="H" t="H" l="H"/>
		<a id="9" s="C" t="C.3" l="C"/>
		<a id="10" s="H" t="H" l="H"/>
		<a id="11" s="H" t="H" l="H"/>
		<a id="12" s="C" t="C.3" l="C"/>
		<a id="13" s="H" t="H" l="H"/>
		<a id="14" s="H" t="H" l="H"/>
		<a id="15" s="C" t="C.3" l="C"/>
		<a id="16" s="H" t="H" l="H"/>
		<a id="17" s="H" t="H" l="H"/>
		<a id="18" s="C" t="C.3" l="C"/>
		<a id="19" s="H" t="H" l="H"/>
		<a id="20" s="H" t="H" l="H"/>
		<a id="21" s="C" t="C.3" l="C"/>
		<a id="22" s="H" t="H" l="H"/>
		<a id="23" s="H" t="H" l="H"/>
		<a id="24" s="C" t="C.3" l="C"/>
		<a id="25" s="H" t="H" l="H"/>
		<a id="26" s="H" t="H" l="H"/>
		<a id="27" s="C" t="C.3" l="C"/>
		<a id="28" s="H" t="H" l="H"/>
		<a id="29" s="H" t="H" l="H"/>
		<a id="30" s="H" t="H" l="H"/>
		<a id="31" s="H" t="H" l="H"/>
		<a id="32" s="H" t="H" l="H"/>
		<a id="33" s="H" t="H" l="H"/>
		<a id="34" s="H" t="H" l="H"/>
		<a id="35" s="H" t="H" l="H"/>
		<a id="36" s="H" t="H" l="H"/>
		<a id="37" s="H" t="H" l="H"/>
		<a id="38" s="H" t="H" l="H"/>
		<a id="39" s="H" t="H" l="H"/>
		<a id="40" s="H" t="H" l="H"/>
		<a id="41" s="H" t="H" l="H"/>
	</atoms>
	<bonds>
		<b id="1" c="1 2" t="1"/>
		<b id="2" c="3 2" t="1"/>
		<b id="3" c="4 2" t="1"/>
		<b id="4" c="2 5" t="1"/>
		<b id="5" c="5 6" t="1"/>
		<b id="6" c="7 6" t="1"/>
		<b id="7" c="8 6" t="1"/>
		<b id="8" c="6 9" t="1"/>
		<b id="9" c="10 9" t="1"/>
		<b id="10" c="11 9" t="1"/>
		<b id="11" c="9 12" t="1"/>
		<b id="12" c="13 12" t="1"/>
		<b id="13" c="14 12" t="1"/>
		<b id="14" c="12 15" t="1"/>
		<b id="15" c="16 15" t="1"/>
		<b id="16" c="17 15" t="1"/>
		<b id="17" c="15 18" t="1"/>
		<b id="18" c="19 18" t="1"/>
		<b id="19" c="20 18" t="1"/>
		<b id="20" c="18 21" t="1"/>
		<b id="21" c="22 21" t="1"/>
		<b id="22" c="23 21" t="1"/>
		<b id="23" c="21 24" t="1"/>
		<b id="24" c="25 24" t="1"/>
		<b id="25" c="26 24" t="1"/>
		<b id="26" c="24 27" t="1"/>
		<b id="27" c="28 27" t="1"/>
		<b id="28" c="29 27" t="1"/>
		<b id="29" c="27 30" t="1"/>
		<b id="30" c="1 31" t="1"/>
		<b id="31" c="1 32" t="1"/>
		<b id="32" c="1 33" t="1"/>
		<b id="33" c="3 34" t="1"/>
		<b id="34" c="3 35" t="1"/>
		<b id="35" c="3 36" t="1"/>
		<b id="36" c="4 37" t="1"/>
		<b id="37" c="4 38" t="1"/>
		<b id="38" c="4 39" t="1"/>
		<b id="39" c="5 40" t="1"/>
		<b id="40" c="5 41" t="1"/>
	</bonds>
	<geometry>
		<g u="A" t="cart/3d">#41,3:3.0498,-1.5490,-0.1114;3.4260,-0.0743,-0.0349;3.7096,0.4564,-1.4335;4.7290,0.0175,0.7772;2.3648,0.7600,0.7084;1.1340,1.1926,-0.0967;0.5966,1.9238,0.5234;1.4408,1.7545,-0.9862;0.1152,0.1298,-0.5116;-0.7073,0.6472,-1.0177;0.5413,-0.5349,-1.2677;-0.4378,-0.6819,0.6634;0.3774,-1.2755,1.0916;-0.7894,-0.0150,1.4592;-1.5483,-1.6527,0.2444;-1.4387,-1.9401,-0.8081;-1.4262,-2.5748,0.8275;-2.9712,-1.1464,0.5064;-3.6683,-1.9576,0.2611;-3.0936,-0.9443,1.5778;-3.3517,0.0986,-0.2940;-2.7362,0.9474,0.0239;-3.1555,-0.0725,-1.3591;-4.8259,0.4554,-0.0969;-5.0286,0.6262,0.9669;-5.4582,-0.3806,-0.4179;-5.2076,1.6991,-0.8838;-5.0460,1.5497,-1.9561;-6.2649,1.9358,-0.7292;-4.6159,2.5628,-0.5638;3.9047,-2.1033,-0.5118;2.2000,-1.6732,-0.7803;2.8110,-1.9014,0.8959;2.8321,0.2853,-2.0621;4.5656,-0.0882,-1.8439;3.9373,1.5236,-1.3588;5.0485,1.0637,0.8031;4.5299,-0.3516,1.7878;5.4902,-0.5972,0.2871;2.0905,0.2091,1.6146;2.8766,1.6760,1.0304;</g>
	</geometry>
	<conformers/>
	<properties/>
</molecule>
