<?xml version="1.0" ?>
<!--MOLLI PACKAGE EXPERIMENTAL XML FORMAT-->
<molecule name="react_315_c2_frag_1">
	<atoms>
		<a id="1" s="C" t="C.3" l="C"/>
		<a id="2" s="N" t="N.4" l="N"/>
		<a id="3" s="C" t="C.3" l="C"/>
		<a id="4" s="C" t="C.3" l="C"/>
		<a id="5" s="C" t="C.3" l="C"/>
		<a id="6" s="C" t="C.3" l="C"/>
		<a id="7" s="H" t="H" l="H"/>
		<a id="8" s="H" t="H" l="H"/>
		<a id="9" s="C" t="C.3" l="C"/>
		<a id="10" s="H" t="H" l="H"/>
		<a id="11" s="C" t="C.3" l="C"/>
		<a id="12" s="H" t="H" l="H"/>
		<a id="13" s="H" t="H" l="H"/>
		<a id="14" s="H" t="H" l="H"/>
		<a id="15" s="C" t="C.3" l="C"/>
		<a id="16" s="H" t="H" l="H"/>
		<a id="17" s="H" t="H" l="H"/>
		<a id="18" s="H" t="H" l="H"/>
		<a id="19" s="H" t="H" l="H"/>
		<a id="20" s="H" t="H" l="H"/>
		<a id="21" s="H" t="H" l="H"/>
		<a id="22" s="H" t="H" l="H"/>
		<a id="23" s="H" t="H" l="H"/>
		<a id="24" s="H" t="H" l="H"/>
		<a id="25" s="H" t="H" l="H"/>
		<a id="26" s="H" t="H" l="H"/>
		<a id="27" s="H" t="H" l="H"/>
		<a id="28" s="H" t="H" l="H"/>
		<a id="29" s="H" t="H" l="H"/>
	</atoms>
	<bonds>
		<b id="1" c="1 2" t="1"/>
		<b id="2" c="3 2" t="1"/>
		<b id="3" c="4 2" t="1"/>
		<b id="4" c="2 5" t="1"/>
		<b id="5" c="5 6" t="1"/>
		<b id="6" c="7 6" t="1"/>
		<b id="7" c="8 6" t="1"/>
		<b id="8" c="6 9" t="1"/>
		<b id="9" c="10 9" t="1"/>
		<b id="10" c="12 11" t="1"/>
		<b id="11" c="13 11" t="1"/>
		<b id="12" c="11 14" t="1"/>
		<b id="13" c="11 9" t="1"/>
		<b id="14" c="9 15" t="1"/>
		<b id="15" c="16 15" t="1"/>
		<b id="16" c="17 15" t="1"/>
		<b id="17" c="15 18" t="1"/>
		<b id="18" c="1 19" t="1"/>
		<b id="19" c="1 20" t="1"/>
		<b id="20" c="1 21" t="1"/>
		<b id="21" c="3 22" t="1"/>
		<b id="22" c="3 23" t="1"/>
		<b id="23" c="3 24" t="1"/>
		<b id="24" c="4 25" t="1"/>
		<b id="25" c="4 26" t="1"/>
		<b id="26" c="4 27" t="1"/>
		<b id="27" c="5 28" t="1"/>
		<b id="28" c="5 29" t="1"/>
	</bonds>
	<geometry>
		<g u="A" t="cart/3d">#29,3:-1.7317,0.8983,1.1712;-1.5587,0.1104,-0.1200;-1.4797,-1.3792,0.1926;-2.8198,0.3245,-0.9745;-0.3553,0.5947,-0.9520;0.9319,0.9298,-0.1863;0.7227,1.6916,0.5742;1.5938,1.4312,-0.9072;1.7325,-0.2182,0.4509;1.1482,-0.6710,1.2558;2.1119,-1.3013,-0.5586;2.6777,-0.8809,-1.3970;1.2283,-1.8022,-0.9630;2.7323,-2.0709,-0.0865;3.0039,0.3424,1.1000;3.5681,-0.4523,1.5998;2.7555,1.0979,1.8530;3.6603,0.8069,0.3561;-0.9023,0.6642,1.8433;-1.7501,1.9641,0.9261;-2.6757,0.5980,1.6365;-0.6699,-1.5611,0.8968;-1.3163,-1.9241,-0.7414;-2.4263,-1.6874,0.6480;-2.9288,1.3956,-1.1697;-2.6978,-0.2291,-1.9104;-3.6859,-0.0474,-0.4186;-0.6846,1.5196,-1.4428;-0.1841,-0.1438,-1.7427;</g>
	</geometry>
	<conformers/>
	<properties/>
</molecule>
