<?xml version="1.0" ?>
<!--MOLLI PACKAGE EXPERIMENTAL XML FORMAT-->
<molecule name="react_318_c1_frag_0">
	<atoms>
		<a id="1" s="C" t="C.3" l="C"/>
		<a id="2" s="N" t="N.4" l="N"/>
		<a id="3" s="C" t="C.3" l="C"/>
		<a id="4" s="C" t="C.3" l="C"/>
		<a id="5" s="C" t="C.3" l="C"/>
		<a id="6" s="C" t="C.3" l="C"/>
		<a id="7" s="H" t="H" l="H"/>
		<a id="8" s="H" t="H" l="H"/>
		<a id="9" s="H" t="H" l="H"/>
		<a id="10" s="H" t="H" l="H"/>
		<a id="11" s="H" t="H" l="H"/>
		<a id="12" s="H" t="H" l="H"/>
		<a id="13" s="H" t="H" l="H"/>
		<a id="14" s="H" t="H" l="H"/>
		<a id="15" s="H" t="H" l="H"/>
		<a id="16" s="H" t="H" l="H"/>
		<a id="17" s="H" t="H" l="H"/>
		<a id="18" s="H" t="H" l="H"/>
		<a id="19" s="H" t="H" l="H"/>
		<a id="20" s="H" t="H" l="H"/>
	</atoms>
	<bonds>
		<b id="1" c="1 2" t="1"/>
		<b id="2" c="3 2" t="1"/>
		<b id="3" c="4 2" t="1"/>
		<b id="4" c="2 5" t="1"/>
		<b id="5" c="5 6" t="1"/>
		<b id="6" c="7 6" t="1"/>
		<b id="7" c="8 6" t="1"/>
		<b id="8" c="6 9" t="1"/>
		<b id="9" c="1 10" t="1"/>
		<b id="10" c="1 11" t="1"/>
		<b id="11" c="1 12" t="1"/>
		<b id="12" c="3 13" t="1"/>
		<b id="13" c="3 14" t="1"/>
		<b id="14" c="3 15" t="1"/>
		<b id="15" c="4 16" t="1"/>
		<b id="16" c="4 17" t="1"/>
		<b id="17" c="4 18" t="1"/>
		<b id="18" c="5 19" t="1"/>
		<b id="19" c="5 20" t="1"/>
	</bonds>
	<geometry>
		<g u="A" t="cart/3d">#20,3:-0.5963,-1.2442,-0.8068;-0.4279,0.0306,0.0117;-0.4217,1.2384,-0.9183;-1.6307,0.1574,0.9525;0.8410,-0.0197,0.8793;2.1267,-0.1460,0.0786;2.2811,0.7049,-0.5902;2.9802,-0.1752,0.7646;2.1566,-1.0664,-0.5106;-1.5715,-1.2101,-1.3023;-0.5416,-2.1008,-0.1290;0.1958,-1.2916,-1.5583;-0.2437,2.1360,-0.3192;-1.3952,1.2967,-1.4148;0.3645,1.1075,-1.6660;-1.5199,1.0784,1.5325;-1.6459,-0.7146,1.6131;-2.5427,0.1945,0.3490;0.8579,0.8989,1.4773;0.7332,-0.8746,1.5569;</g>
	</geometry>
	<conformers/>
	<properties/>
</molecule>
