<?xml version="1.0" ?>
<!--MOLLI PACKAGE EXPERIMENTAL XML FORMAT-->
<molecule name="react_25_c2_frag_0">
	<atoms>
		<a id="1" s="C" t="C.3" l="C"/>
		<a id="2" s="N" t="N.4" l="N"/>
		<a id="3" s="C" t="C.3" l="C"/>
		<a id="4" s="C" t="C.3" l="C"/>
		<a id="5" s="C" t="C.3" l="C"/>
		<a id="6" s="C" t="C.3" l="C"/>
		<a id="7" s="H" t="H" l="H"/>
		<a id="8" s="H" t="H" l="H"/>
		<a id="9" s="C" t="C.3" l="C"/>
		<a id="10" s="H" t="H" l="H"/>
		<a id="11" s="H" t="H" l="H"/>
		<a id="12" s="C" t="C.3" l="C"/>
		<a id="13" s="H" t="H" l="H"/>
		<a id="14" s="H" t="H" l="H"/>
		<a id="15" s="C" t="C.3" l="C"/>
		<a id="16" s="H" t="H" l="H"/>
		<a id="17" s="H" t="H" l="H"/>
		<a id="18" s="C" t="C.3" l="C"/>
		<a id="19" s="H" t="H" l="H"/>
		<a id="20" s="H" t="H" l="H"/>
		<a id="21" s="C" t="C.3" l="C"/>
		<a id="22" s="H" t="H" l="H"/>
		<a id="23" s="H" t="H" l="H"/>
		<a id="24" s="C" t="C.3" l="C"/>
		<a id="25" s="H" t="H" l="H"/>
		<a id="26" s="H" t="H" l="H"/>
		<a id="27" s="C" t="C.3" l="C"/>
		<a id="28" s="H" t="H" l="H"/>
		<a id="29" s="H" t="H" l="H"/>
		<a id="30" s="C" t="C.3" l="C"/>
		<a id="31" s="H" t="H" l="H"/>
		<a id="32" s="O" t="O.3" l="O"/>
		<a id="33" s="C" t="C.3" l="C"/>
		<a id="34" s="H" t="H" l="H"/>
		<a id="35" s="H" t="H" l="H"/>
		<a id="36" s="C" t="C.3" l="C"/>
		<a id="37" s="H" t="H" l="H"/>
		<a id="38" s="H" t="H" l="H"/>
		<a id="39" s="O" t="O.3" l="O"/>
		<a id="40" s="H" t="H" l="H"/>
		<a id="41" s="H" t="H" l="H"/>
		<a id="42" s="H" t="H" l="H"/>
		<a id="43" s="H" t="H" l="H"/>
		<a id="44" s="H" t="H" l="H"/>
		<a id="45" s="H" t="H" l="H"/>
		<a id="46" s="H" t="H" l="H"/>
		<a id="47" s="H" t="H" l="H"/>
		<a id="48" s="H" t="H" l="H"/>
		<a id="49" s="H" t="H" l="H"/>
		<a id="50" s="H" t="H" l="H"/>
	</atoms>
	<bonds>
		<b id="1" c="1 2" t="1"/>
		<b id="2" c="3 2" t="1"/>
		<b id="3" c="4 2" t="1"/>
		<b id="4" c="2 5" t="1"/>
		<b id="5" c="5 6" t="1"/>
		<b id="6" c="7 6" t="1"/>
		<b id="7" c="8 6" t="1"/>
		<b id="8" c="6 9" t="1"/>
		<b id="9" c="10 9" t="1"/>
		<b id="10" c="11 9" t="1"/>
		<b id="11" c="9 12" t="1"/>
		<b id="12" c="13 12" t="1"/>
		<b id="13" c="14 12" t="1"/>
		<b id="14" c="12 15" t="1"/>
		<b id="15" c="16 15" t="1"/>
		<b id="16" c="17 15" t="1"/>
		<b id="17" c="15 18" t="1"/>
		<b id="18" c="19 18" t="1"/>
		<b id="19" c="20 18" t="1"/>
		<b id="20" c="18 21" t="1"/>
		<b id="21" c="22 21" t="1"/>
		<b id="22" c="23 21" t="1"/>
		<b id="23" c="21 24" t="1"/>
		<b id="24" c="25 24" t="1"/>
		<b id="25" c="26 24" t="1"/>
		<b id="26" c="24 27" t="1"/>
		<b id="27" c="28 27" t="1"/>
		<b id="28" c="29 27" t="1"/>
		<b id="29" c="27 30" t="1"/>
		<b id="30" c="31 30" t="1"/>
		<b id="31" c="30 32" t="1"/>
		<b id="32" c="32 33" t="1"/>
		<b id="33" c="34 33" t="1"/>
		<b id="34" c="35 33" t="1"/>
		<b id="35" c="33 36" t="1"/>
		<b id="36" c="37 36" t="1"/>
		<b id="37" c="38 36" t="1"/>
		<b id="38" c="36 39" t="1"/>
		<b id="39" c="39 30" t="1"/>
		<b id="40" c="1 40" t="1"/>
		<b id="41" c="1 41" t="1"/>
		<b id="42" c="1 42" t="1"/>
		<b id="43" c="3 43" t="1"/>
		<b id="44" c="3 44" t="1"/>
		<b id="45" c="3 45" t="1"/>
		<b id="46" c="4 46" t="1"/>
		<b id="47" c="4 47" t="1"/>
		<b id="48" c="4 48" t="1"/>
		<b id="49" c="5 49" t="1"/>
		<b id="50" c="5 50" t="1"/>
	</bonds>
	<geometry>
		<g u="A" t="cart/3d">#50,3:-5.8309,-0.8725,-1.4887;-5.7101,-0.1012,-0.1796;-5.6072,1.3912,-0.4727;-6.9859,-0.3406,0.6354;-4.5193,-0.5969,0.6621;-3.1632,-0.4272,-0.0265;-2.9887,0.6272,-0.2571;-3.1369,-0.9837,-0.9688;-2.0365,-0.9387,0.8787;-2.2557,-1.9738,1.1694;-2.0079,-0.3503,1.8039;-0.6566,-0.9156,0.2121;0.0406,-1.4334,0.8801;-0.6891,-1.4914,-0.7206;-0.1417,0.4985,-0.0693;-0.1139,1.0763,0.8624;-0.8363,1.0140,-0.7417;1.2408,0.5213,-0.7298;1.2189,-0.0740,-1.6508;1.4577,1.5548,-1.0275;2.3624,0.0220,0.1837;2.3446,0.5806,1.1272;2.2076,-1.0347,0.4275;3.7315,0.1851,-0.4815;3.8934,1.2415,-0.7268;3.7493,-0.3731,-1.4254;4.8543,-0.3153,0.4291;4.8425,0.2593,1.3643;4.6788,-1.3616,0.7079;6.2297,-0.1902,-0.2212;6.2641,-0.7467,-1.1646;6.5278,1.1864,-0.4879;7.8983,1.3233,-0.1162;8.5162,1.0154,-0.9668;8.1284,2.3591,0.1448;8.0306,0.3713,1.0406;9.0599,0.0571,1.2301;7.6053,0.7927,1.9578;7.2244,-0.7417,0.6538;-5.8412,-1.9422,-1.2608;-4.9837,-0.6193,-2.1307;-6.7636,-0.5768,-1.9788;-4.7695,1.5639,-1.1527;-5.4575,1.9203,0.4728;-6.5382,1.7145,-0.9487;-7.0711,-1.4127,0.8364;-6.9089,0.2221,1.5705;-7.8432,0.0068,0.0510;-4.5430,-0.0366,1.6046;-4.7072,-1.6547,0.8826;</g>
	</geometry>
	<conformers/>
	<properties/>
</molecule>
