<?xml version="1.0" ?>
<!--MOLLI PACKAGE EXPERIMENTAL XML FORMAT-->
<molecule name="react_334_c2_frag_0">
	<atoms>
		<a id="1" s="C" t="C.3" l="C"/>
		<a id="2" s="N" t="N.4" l="N"/>
		<a id="3" s="C" t="C.3" l="C"/>
		<a id="4" s="C" t="C.3" l="C"/>
		<a id="5" s="C" t="C.3" l="C"/>
		<a id="6" s="O" t="O.3" l="O"/>
		<a id="7" s="Si" t="Si" l="SI"/>
		<a id="8" s="C" t="C.3" l="C"/>
		<a id="9" s="H" t="H" l="H"/>
		<a id="10" s="H" t="H" l="H"/>
		<a id="11" s="H" t="H" l="H"/>
		<a id="12" s="C" t="C.3" l="C"/>
		<a id="13" s="H" t="H" l="H"/>
		<a id="14" s="H" t="H" l="H"/>
		<a id="15" s="H" t="H" l="H"/>
		<a id="16" s="C" t="C.3" l="C"/>
		<a id="17" s="C" t="C.3" l="C"/>
		<a id="18" s="H" t="H" l="H"/>
		<a id="19" s="H" t="H" l="H"/>
		<a id="20" s="H" t="H" l="H"/>
		<a id="21" s="C" t="C.3" l="C"/>
		<a id="22" s="H" t="H" l="H"/>
		<a id="23" s="H" t="H" l="H"/>
		<a id="24" s="H" t="H" l="H"/>
		<a id="25" s="C" t="C.3" l="C"/>
		<a id="26" s="H" t="H" l="H"/>
		<a id="27" s="H" t="H" l="H"/>
		<a id="28" s="H" t="H" l="H"/>
		<a id="29" s="H" t="H" l="H"/>
		<a id="30" s="H" t="H" l="H"/>
		<a id="31" s="H" t="H" l="H"/>
		<a id="32" s="H" t="H" l="H"/>
		<a id="33" s="H" t="H" l="H"/>
		<a id="34" s="H" t="H" l="H"/>
		<a id="35" s="H" t="H" l="H"/>
		<a id="36" s="H" t="H" l="H"/>
		<a id="37" s="H" t="H" l="H"/>
		<a id="38" s="H" t="H" l="H"/>
		<a id="39" s="H" t="H" l="H"/>
	</atoms>
	<bonds>
		<b id="1" c="1 2" t="1"/>
		<b id="2" c="3 2" t="1"/>
		<b id="3" c="4 2" t="1"/>
		<b id="4" c="2 5" t="1"/>
		<b id="5" c="5 6" t="1"/>
		<b id="6" c="6 7" t="1"/>
		<b id="7" c="9 8" t="1"/>
		<b id="8" c="10 8" t="1"/>
		<b id="9" c="8 11" t="1"/>
		<b id="10" c="8 7" t="1"/>
		<b id="11" c="13 12" t="1"/>
		<b id="12" c="14 12" t="1"/>
		<b id="13" c="12 15" t="1"/>
		<b id="14" c="12 7" t="1"/>
		<b id="15" c="7 16" t="1"/>
		<b id="16" c="18 17" t="1"/>
		<b id="17" c="19 17" t="1"/>
		<b id="18" c="17 20" t="1"/>
		<b id="19" c="17 16" t="1"/>
		<b id="20" c="22 21" t="1"/>
		<b id="21" c="23 21" t="1"/>
		<b id="22" c="21 24" t="1"/>
		<b id="23" c="21 16" t="1"/>
		<b id="24" c="16 25" t="1"/>
		<b id="25" c="26 25" t="1"/>
		<b id="26" c="27 25" t="1"/>
		<b id="27" c="25 28" t="1"/>
		<b id="28" c="1 29" t="1"/>
		<b id="29" c="1 30" t="1"/>
		<b id="30" c="1 31" t="1"/>
		<b id="31" c="3 32" t="1"/>
		<b id="32" c="3 33" t="1"/>
		<b id="33" c="3 34" t="1"/>
		<b id="34" c="4 35" t="1"/>
		<b id="35" c="4 36" t="1"/>
		<b id="36" c="4 37" t="1"/>
		<b id="37" c="5 38" t="1"/>
		<b id="38" c="5 39" t="1"/>
	</bonds>
	<geometry>
		<g u="A" t="cart/3d">#39,3:3.4379,-1.8956,-0.1551;2.6326,-0.6525,-0.4763;3.5018,0.5812,-0.3042;2.1328,-0.7197,-1.9091;1.4426,-0.5599,0.4629;0.6544,0.5848,0.2219;-0.7959,0.7851,1.0469;-0.9006,-0.2416,2.6115;-1.8549,-0.0776,3.1204;-0.0983,0.0317,3.3035;-0.8112,-1.3093,2.3918;-1.0858,2.5935,1.4509;-1.0798,3.2022,0.5423;-2.0473,2.7335,1.9530;-0.2992,2.9664,2.1138;-2.3278,0.1758,-0.2083;-2.1338,-1.3138,-0.5573;-2.1420,-1.9436,0.3391;-2.9371,-1.6657,-1.2148;-1.1854,-1.4848,-1.0782;-2.2771,1.0218,-1.4976;-2.4240,2.0870,-1.2874;-3.0635,0.7128,-2.1957;-1.3156,0.9130,-2.0123;-3.6811,0.3769,0.5019;-3.7439,-0.2109,1.4243;-4.5086,0.0638,-0.1451;-3.8481,1.4276,0.7635;3.7869,-1.8279,0.8797;4.2895,-1.9456,-0.8403;2.7948,-2.7714,-0.2845;2.9230,1.4687,-0.5763;3.8232,0.6379,0.7402;4.3705,0.4852,-0.9627;1.5836,0.1976,-2.1408;1.4808,-1.5926,-2.0100;2.9984,-0.8152,-2.5718;1.8467,-0.5376,1.4837;0.8613,-1.4812,0.3246;</g>
	</geometry>
	<conformers/>
	<properties/>
</molecule>
