<?xml version="1.0" ?>
<!--MOLLI PACKAGE EXPERIMENTAL XML FORMAT-->
<molecule name="react_337_c1_frag_0">
	<atoms>
		<a id="1" s="C" t="C.3" l="C"/>
		<a id="2" s="N" t="N.4" l="N"/>
		<a id="3" s="C" t="C.3" l="C"/>
		<a id="4" s="C" t="C.3" l="C"/>
		<a id="5" s="C" t="C.3" l="C"/>
		<a id="6" s="C" t="C.3" l="C"/>
		<a id="7" s="H" t="H" l="H"/>
		<a id="8" s="C" t="C.3" l="C"/>
		<a id="9" s="H" t="H" l="H"/>
		<a id="10" s="H" t="H" l="H"/>
		<a id="11" s="H" t="H" l="H"/>
		<a id="12" s="C" t="C.3" l="C"/>
		<a id="13" s="H" t="H" l="H"/>
		<a id="14" s="H" t="H" l="H"/>
		<a id="15" s="H" t="H" l="H"/>
		<a id="16" s="H" t="H" l="H"/>
		<a id="17" s="H" t="H" l="H"/>
		<a id="18" s="H" t="H" l="H"/>
		<a id="19" s="H" t="H" l="H"/>
		<a id="20" s="H" t="H" l="H"/>
		<a id="21" s="H" t="H" l="H"/>
		<a id="22" s="H" t="H" l="H"/>
		<a id="23" s="H" t="H" l="H"/>
		<a id="24" s="H" t="H" l="H"/>
		<a id="25" s="H" t="H" l="H"/>
		<a id="26" s="H" t="H" l="H"/>
	</atoms>
	<bonds>
		<b id="1" c="1 2" t="1"/>
		<b id="2" c="3 2" t="1"/>
		<b id="3" c="4 2" t="1"/>
		<b id="4" c="2 5" t="1"/>
		<b id="5" c="5 6" t="1"/>
		<b id="6" c="7 6" t="1"/>
		<b id="7" c="9 8" t="1"/>
		<b id="8" c="10 8" t="1"/>
		<b id="9" c="8 11" t="1"/>
		<b id="10" c="8 6" t="1"/>
		<b id="11" c="6 12" t="1"/>
		<b id="12" c="13 12" t="1"/>
		<b id="13" c="14 12" t="1"/>
		<b id="14" c="12 15" t="1"/>
		<b id="15" c="1 16" t="1"/>
		<b id="16" c="1 17" t="1"/>
		<b id="17" c="1 18" t="1"/>
		<b id="18" c="3 19" t="1"/>
		<b id="19" c="3 20" t="1"/>
		<b id="20" c="3 21" t="1"/>
		<b id="21" c="4 22" t="1"/>
		<b id="22" c="4 23" t="1"/>
		<b id="23" c="4 24" t="1"/>
		<b id="24" c="5 25" t="1"/>
		<b id="25" c="5 26" t="1"/>
	</bonds>
	<geometry>
		<g u="A" t="cart/3d">#26,3:2.3024,-0.9261,-0.5234;1.1699,-0.0148,-0.0175;1.3069,0.1005,1.4939;1.3758,1.3506,-0.6649;-0.1618,-0.6669,-0.4413;-1.4376,-0.2064,0.2929;-1.3206,-0.3578,1.3722;-2.5993,-1.1095,-0.1506;-2.7963,-1.0047,-1.2231;-2.3758,-2.1622,0.0533;-3.5184,-0.8582,0.3897;-1.8314,1.2484,0.0480;-2.8613,1.4369,0.3718;-1.7616,1.5096,-1.0129;-1.2033,1.9321,0.6233;2.2069,-1.9012,-0.0361;3.2618,-0.4679,-0.2642;2.2044,-1.0241,-1.6087;1.1182,-0.8829,1.9340;0.5889,0.8376,1.8612;2.3234,0.4335,1.7252;1.2059,1.2564,-1.7411;0.6899,2.0718,-0.2244;2.4038,1.6731,-0.4710;-0.0355,-1.7424,-0.2609;-0.2552,-0.5253,-1.5252;</g>
	</geometry>
	<conformers/>
	<properties/>
</molecule>
