<?xml version="1.0" ?>
<!--MOLLI PACKAGE EXPERIMENTAL XML FORMAT-->
<molecule name="react_338_c2_frag_0">
	<atoms>
		<a id="1" s="C" t="C.3" l="C"/>
		<a id="2" s="N" t="N.4" l="N"/>
		<a id="3" s="C" t="C.3" l="C"/>
		<a id="4" s="C" t="C.3" l="C"/>
		<a id="5" s="C" t="C.3" l="C"/>
		<a id="6" s="O" t="O.3" l="O"/>
		<a id="7" s="Si" t="Si" l="SI"/>
		<a id="8" s="C" t="C.3" l="C"/>
		<a id="9" s="H" t="H" l="H"/>
		<a id="10" s="H" t="H" l="H"/>
		<a id="11" s="H" t="H" l="H"/>
		<a id="12" s="C" t="C.3" l="C"/>
		<a id="13" s="H" t="H" l="H"/>
		<a id="14" s="H" t="H" l="H"/>
		<a id="15" s="H" t="H" l="H"/>
		<a id="16" s="C" t="C.3" l="C"/>
		<a id="17" s="C" t="C.3" l="C"/>
		<a id="18" s="H" t="H" l="H"/>
		<a id="19" s="H" t="H" l="H"/>
		<a id="20" s="H" t="H" l="H"/>
		<a id="21" s="C" t="C.3" l="C"/>
		<a id="22" s="H" t="H" l="H"/>
		<a id="23" s="H" t="H" l="H"/>
		<a id="24" s="H" t="H" l="H"/>
		<a id="25" s="C" t="C.3" l="C"/>
		<a id="26" s="H" t="H" l="H"/>
		<a id="27" s="H" t="H" l="H"/>
		<a id="28" s="H" t="H" l="H"/>
		<a id="29" s="H" t="H" l="H"/>
		<a id="30" s="H" t="H" l="H"/>
		<a id="31" s="H" t="H" l="H"/>
		<a id="32" s="H" t="H" l="H"/>
		<a id="33" s="H" t="H" l="H"/>
		<a id="34" s="H" t="H" l="H"/>
		<a id="35" s="H" t="H" l="H"/>
		<a id="36" s="H" t="H" l="H"/>
		<a id="37" s="H" t="H" l="H"/>
		<a id="38" s="H" t="H" l="H"/>
		<a id="39" s="H" t="H" l="H"/>
	</atoms>
	<bonds>
		<b id="1" c="1 2" t="1"/>
		<b id="2" c="3 2" t="1"/>
		<b id="3" c="4 2" t="1"/>
		<b id="4" c="2 5" t="1"/>
		<b id="5" c="5 6" t="1"/>
		<b id="6" c="6 7" t="1"/>
		<b id="7" c="9 8" t="1"/>
		<b id="8" c="10 8" t="1"/>
		<b id="9" c="8 11" t="1"/>
		<b id="10" c="8 7" t="1"/>
		<b id="11" c="13 12" t="1"/>
		<b id="12" c="14 12" t="1"/>
		<b id="13" c="12 15" t="1"/>
		<b id="14" c="12 7" t="1"/>
		<b id="15" c="7 16" t="1"/>
		<b id="16" c="18 17" t="1"/>
		<b id="17" c="19 17" t="1"/>
		<b id="18" c="17 20" t="1"/>
		<b id="19" c="17 16" t="1"/>
		<b id="20" c="22 21" t="1"/>
		<b id="21" c="23 21" t="1"/>
		<b id="22" c="21 24" t="1"/>
		<b id="23" c="21 16" t="1"/>
		<b id="24" c="16 25" t="1"/>
		<b id="25" c="26 25" t="1"/>
		<b id="26" c="27 25" t="1"/>
		<b id="27" c="25 28" t="1"/>
		<b id="28" c="1 29" t="1"/>
		<b id="29" c="1 30" t="1"/>
		<b id="30" c="1 31" t="1"/>
		<b id="31" c="3 32" t="1"/>
		<b id="32" c="3 33" t="1"/>
		<b id="33" c="3 34" t="1"/>
		<b id="34" c="4 35" t="1"/>
		<b id="35" c="4 36" t="1"/>
		<b id="36" c="4 37" t="1"/>
		<b id="37" c="5 38" t="1"/>
		<b id="38" c="5 39" t="1"/>
	</bonds>
	<geometry>
		<g u="A" t="cart/3d">#39,3:2.8954,-1.1498,-1.0927;2.8830,0.1048,-0.2364;4.1451,0.1670,0.6004;2.8018,1.3261,-1.1360;1.6680,0.0748,0.6748;0.4570,0.0165,-0.0466;-0.9958,-0.0237,0.7981;-1.1286,-1.5495,1.8757;-2.1043,-1.5978,2.3674;-0.9980,-2.4588,1.2820;-0.3595,-1.5399,2.6539;-1.2447,1.5244,1.8221;-1.1822,2.4198,1.1969;-0.4781,1.6000,2.5991;-2.2219,1.5161,2.3131;-2.5187,-0.1056,-0.5988;-2.4335,1.1446,-1.4989;-2.5641,2.0667,-0.9217;-1.4666,1.2064,-2.0114;-3.2148,1.1238,-2.2672;-2.3383,-1.3764,-1.4549;-2.3997,-2.2850,-0.8457;-1.3688,-1.3829,-1.9662;-3.1180,-1.4413,-2.2225;-3.8801,-0.1444,0.1222;-3.9680,-1.0219,0.7722;-4.7012,-0.1881,-0.6025;-4.0348,0.7461,0.7413;2.9162,-2.0220,-0.4324;3.7912,-1.1293,-1.7210;1.9991,-1.1650,-1.7199;4.1838,-0.7196,1.2403;5.0081,0.1879,-0.0719;4.1160,1.0759,1.2089;1.9078,1.2517,-1.7621;3.6975,1.3513,-1.7643;2.7560,2.2198,-0.5064;1.7806,-0.8060,1.3211;1.7130,0.9835,1.2899;</g>
	</geometry>
	<conformers/>
	<properties/>
</molecule>
