<?xml version="1.0" ?>
<!--MOLLI PACKAGE EXPERIMENTAL XML FORMAT-->
<molecule name="react_28_c2_frag_0">
	<atoms>
		<a id="1" s="C" t="C.3" l="C"/>
		<a id="2" s="N" t="N.4" l="N"/>
		<a id="3" s="C" t="C.3" l="C"/>
		<a id="4" s="C" t="C.3" l="C"/>
		<a id="5" s="C" t="C.3" l="C"/>
		<a id="6" s="C" t="C.3" l="C"/>
		<a id="7" s="H" t="H" l="H"/>
		<a id="8" s="H" t="H" l="H"/>
		<a id="9" s="C" t="C.3" l="C"/>
		<a id="10" s="H" t="H" l="H"/>
		<a id="11" s="H" t="H" l="H"/>
		<a id="12" s="C" t="C.3" l="C"/>
		<a id="13" s="H" t="H" l="H"/>
		<a id="14" s="H" t="H" l="H"/>
		<a id="15" s="C" t="C.3" l="C"/>
		<a id="16" s="H" t="H" l="H"/>
		<a id="17" s="H" t="H" l="H"/>
		<a id="18" s="C" t="C.3" l="C"/>
		<a id="19" s="H" t="H" l="H"/>
		<a id="20" s="H" t="H" l="H"/>
		<a id="21" s="C" t="C.3" l="C"/>
		<a id="22" s="H" t="H" l="H"/>
		<a id="23" s="H" t="H" l="H"/>
		<a id="24" s="C" t="C.3" l="C"/>
		<a id="25" s="H" t="H" l="H"/>
		<a id="26" s="H" t="H" l="H"/>
		<a id="27" s="C" t="C.3" l="C"/>
		<a id="28" s="H" t="H" l="H"/>
		<a id="29" s="H" t="H" l="H"/>
		<a id="30" s="C" t="C.3" l="C"/>
		<a id="31" s="H" t="H" l="H"/>
		<a id="32" s="H" t="H" l="H"/>
		<a id="33" s="O" t="O.3" l="O"/>
		<a id="34" s="Si" t="Si" l="SI"/>
		<a id="35" s="C" t="C.3" l="C"/>
		<a id="36" s="H" t="H" l="H"/>
		<a id="37" s="H" t="H" l="H"/>
		<a id="38" s="H" t="H" l="H"/>
		<a id="39" s="C" t="C.3" l="C"/>
		<a id="40" s="H" t="H" l="H"/>
		<a id="41" s="H" t="H" l="H"/>
		<a id="42" s="H" t="H" l="H"/>
		<a id="43" s="C" t="C.3" l="C"/>
		<a id="44" s="C" t="C.3" l="C"/>
		<a id="45" s="H" t="H" l="H"/>
		<a id="46" s="H" t="H" l="H"/>
		<a id="47" s="H" t="H" l="H"/>
		<a id="48" s="C" t="C.3" l="C"/>
		<a id="49" s="H" t="H" l="H"/>
		<a id="50" s="H" t="H" l="H"/>
		<a id="51" s="H" t="H" l="H"/>
		<a id="52" s="C" t="C.3" l="C"/>
		<a id="53" s="H" t="H" l="H"/>
		<a id="54" s="H" t="H" l="H"/>
		<a id="55" s="H" t="H" l="H"/>
		<a id="56" s="H" t="H" l="H"/>
		<a id="57" s="H" t="H" l="H"/>
		<a id="58" s="H" t="H" l="H"/>
		<a id="59" s="H" t="H" l="H"/>
		<a id="60" s="H" t="H" l="H"/>
		<a id="61" s="H" t="H" l="H"/>
		<a id="62" s="H" t="H" l="H"/>
		<a id="63" s="H" t="H" l="H"/>
		<a id="64" s="H" t="H" l="H"/>
		<a id="65" s="H" t="H" l="H"/>
		<a id="66" s="H" t="H" l="H"/>
	</atoms>
	<bonds>
		<b id="1" c="1 2" t="1"/>
		<b id="2" c="3 2" t="1"/>
		<b id="3" c="4 2" t="1"/>
		<b id="4" c="2 5" t="1"/>
		<b id="5" c="5 6" t="1"/>
		<b id="6" c="7 6" t="1"/>
		<b id="7" c="8 6" t="1"/>
		<b id="8" c="6 9" t="1"/>
		<b id="9" c="10 9" t="1"/>
		<b id="10" c="11 9" t="1"/>
		<b id="11" c="9 12" t="1"/>
		<b id="12" c="13 12" t="1"/>
		<b id="13" c="14 12" t="1"/>
		<b id="14" c="12 15" t="1"/>
		<b id="15" c="16 15" t="1"/>
		<b id="16" c="17 15" t="1"/>
		<b id="17" c="15 18" t="1"/>
		<b id="18" c="19 18" t="1"/>
		<b id="19" c="20 18" t="1"/>
		<b id="20" c="18 21" t="1"/>
		<b id="21" c="22 21" t="1"/>
		<b id="22" c="23 21" t="1"/>
		<b id="23" c="21 24" t="1"/>
		<b id="24" c="25 24" t="1"/>
		<b id="25" c="26 24" t="1"/>
		<b id="26" c="24 27" t="1"/>
		<b id="27" c="28 27" t="1"/>
		<b id="28" c="29 27" t="1"/>
		<b id="29" c="27 30" t="1"/>
		<b id="30" c="31 30" t="1"/>
		<b id="31" c="32 30" t="1"/>
		<b id="32" c="30 33" t="1"/>
		<b id="33" c="33 34" t="1"/>
		<b id="34" c="36 35" t="1"/>
		<b id="35" c="37 35" t="1"/>
		<b id="36" c="35 38" t="1"/>
		<b id="37" c="35 34" t="1"/>
		<b id="38" c="40 39" t="1"/>
		<b id="39" c="41 39" t="1"/>
		<b id="40" c="39 42" t="1"/>
		<b id="41" c="39 34" t="1"/>
		<b id="42" c="34 43" t="1"/>
		<b id="43" c="45 44" t="1"/>
		<b id="44" c="46 44" t="1"/>
		<b id="45" c="44 47" t="1"/>
		<b id="46" c="44 43" t="1"/>
		<b id="47" c="49 48" t="1"/>
		<b id="48" c="50 48" t="1"/>
		<b id="49" c="48 51" t="1"/>
		<b id="50" c="48 43" t="1"/>
		<b id="51" c="43 52" t="1"/>
		<b id="52" c="53 52" t="1"/>
		<b id="53" c="54 52" t="1"/>
		<b id="54" c="52 55" t="1"/>
		<b id="55" c="1 56" t="1"/>
		<b id="56" c="1 57" t="1"/>
		<b id="57" c="1 58" t="1"/>
		<b id="58" c="3 59" t="1"/>
		<b id="59" c="3 60" t="1"/>
		<b id="60" c="3 61" t="1"/>
		<b id="61" c="4 62" t="1"/>
		<b id="62" c="4 63" t="1"/>
		<b id="63" c="4 64" t="1"/>
		<b id="64" c="5 65" t="1"/>
		<b id="65" c="5 66" t="1"/>
	</bonds>
	<geometry>
		<g u="A" t="cart/3d">#66,3:8.5616,0.2855,-0.8570;7.9253,-0.3343,0.3810;8.5602,0.3109,1.6189;8.2274,-1.8282,0.4198;6.4085,-0.0624,0.4384;5.6456,-0.5712,-0.7868;5.8594,-1.6304,-0.9608;5.9590,-0.0280,-1.6851;4.1243,-0.4314,-0.6370;3.6521,-0.8765,-1.5214;3.7965,-1.0192,0.2284;3.6584,1.0198,-0.4921;4.0016,1.4304,0.4647;4.1163,1.6284,-1.2819;2.1371,1.1832,-0.5841;1.8023,0.8468,-1.5722;1.9040,2.2531,-0.5156;1.3785,0.4270,0.5098;1.8495,0.6267,1.4797;1.4523,-0.6530,0.3372;-0.1003,0.8173,0.6099;-0.5267,0.2880,1.4696;-0.1798,1.8893,0.8284;-0.9060,0.4876,-0.6497;-0.4956,1.0452,-1.5001;-0.8077,-0.5784,-0.8897;-2.3850,0.8565,-0.5221;-2.8460,0.8214,-1.5176;-2.4902,1.8951,-0.1859;-3.1693,-0.0690,0.4075;-2.7706,-0.0216,1.4271;-3.0835,-1.1093,0.0657;-4.5178,0.3874,0.4631;-5.7797,-0.6318,0.0396;-5.6893,-1.1321,-1.7663;-5.6515,-0.2488,-2.4107;-6.5601,-1.7293,-2.0532;-4.7917,-1.7296,-1.9551;-5.8572,-2.1532,1.1333;-6.7213,-2.7740,0.8786;-5.9338,-1.8734,2.1880;-4.9565,-2.7612,1.0090;-7.5522,0.4155,0.3041;-7.5045,1.6909,-0.5628;-6.6572,2.3316,-0.2910;-7.4121,1.4514,-1.6284;-8.4195,2.2806,-0.4353;-7.6819,0.7999,1.7932;-7.7294,-0.0873,2.4342;-6.8336,1.4087,2.1274;-8.5945,1.3810,1.9671;-8.7416,-0.4685,-0.1186;-8.6782,-0.7543,-1.1737;-8.7931,-1.3889,0.4730;-9.6882,0.0654,0.0207;8.2823,1.3421,-0.8971;9.6476,0.1784,-0.7764;8.2058,-0.2448,-1.7438;8.1084,-0.1355,2.5092;8.3666,1.3871,1.5858;9.6372,0.1187,1.6006;7.7219,-2.2610,1.2878;7.8751,-2.2893,-0.5054;9.3105,-1.9597,0.5048;6.0366,-0.5384,1.3531;6.2939,1.0228,0.5381;</g>
	</geometry>
	<conformers/>
	<properties/>
</molecule>
