<?xml version="1.0" ?>
<!--MOLLI PACKAGE EXPERIMENTAL XML FORMAT-->
<molecule name="react_402_c1_frag_0">
	<atoms>
		<a id="1" s="C" t="C.3" l="C"/>
		<a id="2" s="N" t="N.4" l="N"/>
		<a id="3" s="C" t="C.3" l="C"/>
		<a id="4" s="C" t="C.3" l="C"/>
		<a id="5" s="C" t="C.3" l="C"/>
		<a id="6" s="C" t="C.3" l="C"/>
		<a id="7" s="H" t="H" l="H"/>
		<a id="8" s="H" t="H" l="H"/>
		<a id="9" s="C" t="C.3" l="C"/>
		<a id="10" s="H" t="H" l="H"/>
		<a id="11" s="H" t="H" l="H"/>
		<a id="12" s="C" t="C.3" l="C"/>
		<a id="13" s="H" t="H" l="H"/>
		<a id="14" s="H" t="H" l="H"/>
		<a id="15" s="C" t="C.3" l="C"/>
		<a id="16" s="H" t="H" l="H"/>
		<a id="17" s="H" t="H" l="H"/>
		<a id="18" s="C" t="C.3" l="C"/>
		<a id="19" s="H" t="H" l="H"/>
		<a id="20" s="H" t="H" l="H"/>
		<a id="21" s="C" t="C.3" l="C"/>
		<a id="22" s="H" t="H" l="H"/>
		<a id="23" s="H" t="H" l="H"/>
		<a id="24" s="C" t="C.3" l="C"/>
		<a id="25" s="H" t="H" l="H"/>
		<a id="26" s="H" t="H" l="H"/>
		<a id="27" s="C" t="C.3" l="C"/>
		<a id="28" s="H" t="H" l="H"/>
		<a id="29" s="H" t="H" l="H"/>
		<a id="30" s="C" t="C.3" l="C"/>
		<a id="31" s="H" t="H" l="H"/>
		<a id="32" s="H" t="H" l="H"/>
		<a id="33" s="H" t="H" l="H"/>
		<a id="34" s="H" t="H" l="H"/>
		<a id="35" s="H" t="H" l="H"/>
		<a id="36" s="H" t="H" l="H"/>
		<a id="37" s="H" t="H" l="H"/>
		<a id="38" s="H" t="H" l="H"/>
		<a id="39" s="H" t="H" l="H"/>
		<a id="40" s="H" t="H" l="H"/>
		<a id="41" s="H" t="H" l="H"/>
		<a id="42" s="H" t="H" l="H"/>
		<a id="43" s="H" t="H" l="H"/>
		<a id="44" s="H" t="H" l="H"/>
	</atoms>
	<bonds>
		<b id="1" c="1 2" t="1"/>
		<b id="2" c="3 2" t="1"/>
		<b id="3" c="4 2" t="1"/>
		<b id="4" c="2 5" t="1"/>
		<b id="5" c="5 6" t="1"/>
		<b id="6" c="7 6" t="1"/>
		<b id="7" c="8 6" t="1"/>
		<b id="8" c="6 9" t="1"/>
		<b id="9" c="10 9" t="1"/>
		<b id="10" c="11 9" t="1"/>
		<b id="11" c="9 12" t="1"/>
		<b id="12" c="13 12" t="1"/>
		<b id="13" c="14 12" t="1"/>
		<b id="14" c="12 15" t="1"/>
		<b id="15" c="16 15" t="1"/>
		<b id="16" c="17 15" t="1"/>
		<b id="17" c="15 18" t="1"/>
		<b id="18" c="19 18" t="1"/>
		<b id="19" c="20 18" t="1"/>
		<b id="20" c="18 21" t="1"/>
		<b id="21" c="22 21" t="1"/>
		<b id="22" c="23 21" t="1"/>
		<b id="23" c="21 24" t="1"/>
		<b id="24" c="25 24" t="1"/>
		<b id="25" c="26 24" t="1"/>
		<b id="26" c="24 27" t="1"/>
		<b id="27" c="28 27" t="1"/>
		<b id="28" c="29 27" t="1"/>
		<b id="29" c="27 30" t="1"/>
		<b id="30" c="31 30" t="1"/>
		<b id="31" c="32 30" t="1"/>
		<b id="32" c="30 33" t="1"/>
		<b id="33" c="1 34" t="1"/>
		<b id="34" c="1 35" t="1"/>
		<b id="35" c="1 36" t="1"/>
		<b id="36" c="3 37" t="1"/>
		<b id="37" c="3 38" t="1"/>
		<b id="38" c="3 39" t="1"/>
		<b id="39" c="4 40" t="1"/>
		<b id="40" c="4 41" t="1"/>
		<b id="41" c="4 42" t="1"/>
		<b id="42" c="5 43" t="1"/>
		<b id="43" c="5 44" t="1"/>
	</bonds>
	<geometry>
		<g u="A" t="cart/3d">#44,3:-5.0533,0.1359,0.7288;-3.8312,0.6499,-0.0233;-3.9988,2.1597,-0.2286;-3.7579,-0.0111,-1.3948;-2.5343,0.4300,0.7808;-2.2167,-1.0428,1.0453;-2.0750,-1.5862,0.1061;-3.0539,-1.5247,1.5610;-0.9757,-1.2313,1.9281;-0.8301,-2.3062,2.0936;-1.1755,-0.7936,2.9144;0.3299,-0.6331,1.3920;1.1103,-0.8344,2.1346;0.2441,0.4574,1.3245;0.7518,-1.2064,0.0369;-0.0260,-0.9996,-0.7069;0.8429,-2.2970,0.1069;2.0628,-0.6126,-0.4914;1.9624,0.4769,-0.5545;2.2140,-0.9781,-1.5146;3.2827,-0.9831,0.3563;3.2152,-0.5124,1.3435;3.2904,-2.0677,0.5202;4.6130,-0.5894,-0.2940;4.6979,-1.0681,-1.2773;5.4267,-0.9910,0.3228;4.7941,0.9222,-0.4376;4.6629,1.4078,0.5362;4.0366,1.3341,-1.1129;6.1712,1.2660,-0.9847;6.3240,0.8179,-1.9717;6.2797,2.3506,-1.0833;6.9602,0.9054,-0.3171;-5.0504,0.5701,1.7326;-5.0109,-0.9549,0.7759;-5.9499,0.4435,0.1817;-4.9170,2.3344,-0.7975;-3.1314,2.5315,-0.7823;-4.0623,2.6365,0.7540;-4.6389,0.2891,-1.9703;-3.7558,-1.0964,-1.2670;-2.8433,0.3242,-1.8924;-1.7324,0.9033,0.2036;-2.6522,0.9736,1.7258;</g>
	</geometry>
	<conformers/>
	<properties/>
</molecule>
