<?xml version="1.0" ?>
<!--MOLLI PACKAGE EXPERIMENTAL XML FORMAT-->
<molecule name="react_402_c2_frag_0">
	<atoms>
		<a id="1" s="C" t="C.3" l="C"/>
		<a id="2" s="N" t="N.4" l="N"/>
		<a id="3" s="C" t="C.3" l="C"/>
		<a id="4" s="C" t="C.3" l="C"/>
		<a id="5" s="C" t="C.3" l="C"/>
		<a id="6" s="O" t="O.3" l="O"/>
		<a id="7" s="C" t="C.3" l="C"/>
		<a id="8" s="H" t="H" l="H"/>
		<a id="9" s="H" t="H" l="H"/>
		<a id="10" s="H" t="H" l="H"/>
		<a id="11" s="H" t="H" l="H"/>
		<a id="12" s="H" t="H" l="H"/>
		<a id="13" s="H" t="H" l="H"/>
		<a id="14" s="H" t="H" l="H"/>
		<a id="15" s="H" t="H" l="H"/>
		<a id="16" s="H" t="H" l="H"/>
		<a id="17" s="H" t="H" l="H"/>
		<a id="18" s="H" t="H" l="H"/>
		<a id="19" s="H" t="H" l="H"/>
		<a id="20" s="H" t="H" l="H"/>
		<a id="21" s="H" t="H" l="H"/>
	</atoms>
	<bonds>
		<b id="1" c="1 2" t="1"/>
		<b id="2" c="3 2" t="1"/>
		<b id="3" c="4 2" t="1"/>
		<b id="4" c="2 5" t="1"/>
		<b id="5" c="5 6" t="1"/>
		<b id="6" c="6 7" t="1"/>
		<b id="7" c="8 7" t="1"/>
		<b id="8" c="9 7" t="1"/>
		<b id="9" c="7 10" t="1"/>
		<b id="10" c="1 11" t="1"/>
		<b id="11" c="1 12" t="1"/>
		<b id="12" c="1 13" t="1"/>
		<b id="13" c="3 14" t="1"/>
		<b id="14" c="3 15" t="1"/>
		<b id="15" c="3 16" t="1"/>
		<b id="16" c="4 17" t="1"/>
		<b id="17" c="4 18" t="1"/>
		<b id="18" c="4 19" t="1"/>
		<b id="19" c="5 20" t="1"/>
		<b id="20" c="5 21" t="1"/>
	</bonds>
	<geometry>
		<g u="A" t="cart/3d">#21,3:-1.1839,-1.1844,-0.7864;-0.7556,0.0643,-0.0355;-1.4805,1.2725,-0.5924;-1.0838,-0.0990,1.4383;0.7391,0.2502,-0.1935;1.4811,-0.8442,0.3071;2.8822,-0.6487,0.1487;3.1368,-0.5491,-0.9109;3.2093,0.2374,0.7010;3.3989,-1.5235,0.5522;-0.9093,-1.0693,-1.8393;-0.6823,-2.0542,-0.3520;-2.2687,-1.2905,-0.6880;-1.2299,1.3720,-1.6528;-2.5570,1.1200,-0.4696;-1.1573,2.1594,-0.0391;-2.1684,-0.2033,1.5402;-0.7378,0.7908,1.9730;-0.5846,-0.9943,1.8201;0.9397,0.3837,-1.2640;1.0120,1.1678,0.3428;</g>
	</geometry>
	<conformers/>
	<properties/>
</molecule>
