<?xml version="1.0" ?>
<!--MOLLI PACKAGE EXPERIMENTAL XML FORMAT-->
<molecule name="react_403_c1_frag_0">
	<atoms>
		<a id="1" s="C" t="C.3" l="C"/>
		<a id="2" s="N" t="N.4" l="N"/>
		<a id="3" s="C" t="C.3" l="C"/>
		<a id="4" s="C" t="C.3" l="C"/>
		<a id="5" s="C" t="C.3" l="C"/>
		<a id="6" s="C" t="C.3" l="C"/>
		<a id="7" s="H" t="H" l="H"/>
		<a id="8" s="H" t="H" l="H"/>
		<a id="9" s="O" t="O.3" l="O"/>
		<a id="10" s="P" t="P.3" l="P"/>
		<a id="11" s="O" t="O.2" l="O"/>
		<a id="12" s="O" t="O.3" l="O"/>
		<a id="13" s="C" t="C.3" l="C"/>
		<a id="14" s="H" t="H" l="H"/>
		<a id="15" s="H" t="H" l="H"/>
		<a id="16" s="H" t="H" l="H"/>
		<a id="17" s="O" t="O.3" l="O"/>
		<a id="18" s="C" t="C.3" l="C"/>
		<a id="19" s="H" t="H" l="H"/>
		<a id="20" s="H" t="H" l="H"/>
		<a id="21" s="H" t="H" l="H"/>
		<a id="22" s="H" t="H" l="H"/>
		<a id="23" s="H" t="H" l="H"/>
		<a id="24" s="H" t="H" l="H"/>
		<a id="25" s="H" t="H" l="H"/>
		<a id="26" s="H" t="H" l="H"/>
		<a id="27" s="H" t="H" l="H"/>
		<a id="28" s="H" t="H" l="H"/>
		<a id="29" s="H" t="H" l="H"/>
		<a id="30" s="H" t="H" l="H"/>
		<a id="31" s="H" t="H" l="H"/>
		<a id="32" s="H" t="H" l="H"/>
	</atoms>
	<bonds>
		<b id="1" c="1 2" t="1"/>
		<b id="2" c="3 2" t="1"/>
		<b id="3" c="4 2" t="1"/>
		<b id="4" c="2 5" t="1"/>
		<b id="5" c="5 6" t="1"/>
		<b id="6" c="7 6" t="1"/>
		<b id="7" c="8 6" t="1"/>
		<b id="8" c="6 9" t="1"/>
		<b id="9" c="9 10" t="1"/>
		<b id="10" c="10 11" t="2"/>
		<b id="11" c="12 13" t="1"/>
		<b id="12" c="14 13" t="1"/>
		<b id="13" c="15 13" t="1"/>
		<b id="14" c="13 16" t="1"/>
		<b id="15" c="12 10" t="1"/>
		<b id="16" c="10 17" t="1"/>
		<b id="17" c="17 18" t="1"/>
		<b id="18" c="19 18" t="1"/>
		<b id="19" c="20 18" t="1"/>
		<b id="20" c="18 21" t="1"/>
		<b id="21" c="1 22" t="1"/>
		<b id="22" c="1 23" t="1"/>
		<b id="23" c="1 24" t="1"/>
		<b id="24" c="3 25" t="1"/>
		<b id="25" c="3 26" t="1"/>
		<b id="26" c="3 27" t="1"/>
		<b id="27" c="4 28" t="1"/>
		<b id="28" c="4 29" t="1"/>
		<b id="29" c="4 30" t="1"/>
		<b id="30" c="5 31" t="1"/>
		<b id="31" c="5 32" t="1"/>
	</bonds>
	<geometry>
		<g u="A" t="cart/3d">#32,3:-3.0325,-0.5416,-1.0128;-2.2372,-0.1107,0.2102;-3.2003,0.5304,1.2143;-1.6056,-1.3296,0.8859;-1.1596,0.9341,-0.1453;-0.2052,0.5190,-1.2780;-0.5598,0.9319,-2.2281;-0.1350,-0.5639,-1.4080;1.0927,1.0455,-1.0366;2.0931,0.1044,-0.1868;1.4512,-0.4222,1.0601;3.4051,1.0044,-0.0023;3.3433,2.0612,0.9316;3.1974,1.6622,1.9390;2.5256,2.7420,0.6803;4.2860,2.6132,0.9022;2.5114,-1.0174,-1.2574;3.5188,-1.9288,-0.8644;3.6486,-2.6708,-1.6562;3.2266,-2.4409,0.0564;4.4651,-1.4027,-0.7139;-3.8446,-1.1974,-0.6845;-3.4348,0.3538,-1.4952;-2.3719,-1.0830,-1.6944;-3.9534,-0.2117,1.4959;-2.6273,0.8459,2.0913;-3.6753,1.3918,0.7354;-1.0725,-0.9932,1.7790;-0.9280,-1.8175,0.1825;-2.4089,-2.0189,1.1641;-1.6917,1.8457,-0.4452;-0.6215,1.1648,0.7811;</g>
	</geometry>
	<conformers/>
	<properties/>
</molecule>
