<?xml version="1.0" ?>
<!--MOLLI PACKAGE EXPERIMENTAL XML FORMAT-->
<molecule name="react_406_c2_frag_1">
	<atoms>
		<a id="1" s="C" t="C.3" l="C"/>
		<a id="2" s="N" t="N.4" l="N"/>
		<a id="3" s="C" t="C.3" l="C"/>
		<a id="4" s="C" t="C.3" l="C"/>
		<a id="5" s="C" t="C.3" l="C"/>
		<a id="6" s="C" t="C.3" l="C"/>
		<a id="7" s="H" t="H" l="H"/>
		<a id="8" s="H" t="H" l="H"/>
		<a id="9" s="C" t="C.3" l="C"/>
		<a id="10" s="H" t="H" l="H"/>
		<a id="11" s="H" t="H" l="H"/>
		<a id="12" s="H" t="H" l="H"/>
		<a id="13" s="H" t="H" l="H"/>
		<a id="14" s="H" t="H" l="H"/>
		<a id="15" s="H" t="H" l="H"/>
		<a id="16" s="H" t="H" l="H"/>
		<a id="17" s="H" t="H" l="H"/>
		<a id="18" s="H" t="H" l="H"/>
		<a id="19" s="H" t="H" l="H"/>
		<a id="20" s="H" t="H" l="H"/>
		<a id="21" s="H" t="H" l="H"/>
		<a id="22" s="H" t="H" l="H"/>
		<a id="23" s="H" t="H" l="H"/>
	</atoms>
	<bonds>
		<b id="1" c="1 2" t="1"/>
		<b id="2" c="3 2" t="1"/>
		<b id="3" c="4 2" t="1"/>
		<b id="4" c="2 5" t="1"/>
		<b id="5" c="5 6" t="1"/>
		<b id="6" c="7 6" t="1"/>
		<b id="7" c="8 6" t="1"/>
		<b id="8" c="6 9" t="1"/>
		<b id="9" c="10 9" t="1"/>
		<b id="10" c="9 11" t="1"/>
		<b id="11" c="1 12" t="1"/>
		<b id="12" c="1 13" t="1"/>
		<b id="13" c="1 14" t="1"/>
		<b id="14" c="3 15" t="1"/>
		<b id="15" c="3 16" t="1"/>
		<b id="16" c="3 17" t="1"/>
		<b id="17" c="4 18" t="1"/>
		<b id="18" c="4 19" t="1"/>
		<b id="19" c="4 20" t="1"/>
		<b id="20" c="5 21" t="1"/>
		<b id="21" c="5 22" t="1"/>
		<b id="22" c="9 23" t="1"/>
	</bonds>
	<geometry>
		<g u="A" t="cart/3d">#23,3:-0.6527,1.4865,-0.6327;-0.7929,0.1577,0.0970;-1.0158,-0.9644,-0.9107;-2.0509,0.2326,0.9781;0.3993,-0.1265,1.0280;1.7973,0.1327,0.4601;1.9063,1.1713,0.1301;2.4998,0.0191,1.2965;2.2603,-0.8080,-0.6379;3.3491,-0.7497,-0.7422;1.8384,-0.5317,-1.6067;-0.4529,2.2674,0.1066;0.1660,1.4109,-1.3528;-1.5884,1.6914,-1.1619;-1.9731,-0.7924,-1.4131;-1.0357,-1.9173,-0.3744;-0.2187,-0.9505,-1.6523;-2.9186,0.4068,0.3344;-2.1532,-0.7173,1.5113;-1.9319,1.0612,1.6828;0.3002,-1.1619,1.3750;0.2688,0.5287,1.8985;1.9995,-1.8466,-0.4136;</g>
	</geometry>
	<conformers/>
	<properties/>
</molecule>
