<?xml version="1.0" ?>
<!--MOLLI PACKAGE EXPERIMENTAL XML FORMAT-->
<molecule name="react_413_c1_frag_0">
	<atoms>
		<a id="1" s="C" t="C.3" l="C"/>
		<a id="2" s="N" t="N.4" l="N"/>
		<a id="3" s="C" t="C.3" l="C"/>
		<a id="4" s="C" t="C.3" l="C"/>
		<a id="5" s="C" t="C.3" l="C"/>
		<a id="6" s="C" t="C.3" l="C"/>
		<a id="7" s="H" t="H" l="H"/>
		<a id="8" s="H" t="H" l="H"/>
		<a id="9" s="O" t="O.3" l="O"/>
		<a id="10" s="Si" t="Si" l="SI"/>
		<a id="11" s="C" t="C.3" l="C"/>
		<a id="12" s="H" t="H" l="H"/>
		<a id="13" s="H" t="H" l="H"/>
		<a id="14" s="H" t="H" l="H"/>
		<a id="15" s="C" t="C.3" l="C"/>
		<a id="16" s="H" t="H" l="H"/>
		<a id="17" s="H" t="H" l="H"/>
		<a id="18" s="H" t="H" l="H"/>
		<a id="19" s="C" t="C.3" l="C"/>
		<a id="20" s="C" t="C.3" l="C"/>
		<a id="21" s="H" t="H" l="H"/>
		<a id="22" s="H" t="H" l="H"/>
		<a id="23" s="H" t="H" l="H"/>
		<a id="24" s="C" t="C.3" l="C"/>
		<a id="25" s="H" t="H" l="H"/>
		<a id="26" s="H" t="H" l="H"/>
		<a id="27" s="H" t="H" l="H"/>
		<a id="28" s="C" t="C.3" l="C"/>
		<a id="29" s="H" t="H" l="H"/>
		<a id="30" s="H" t="H" l="H"/>
		<a id="31" s="H" t="H" l="H"/>
		<a id="32" s="H" t="H" l="H"/>
		<a id="33" s="H" t="H" l="H"/>
		<a id="34" s="H" t="H" l="H"/>
		<a id="35" s="H" t="H" l="H"/>
		<a id="36" s="H" t="H" l="H"/>
		<a id="37" s="H" t="H" l="H"/>
		<a id="38" s="H" t="H" l="H"/>
		<a id="39" s="H" t="H" l="H"/>
		<a id="40" s="H" t="H" l="H"/>
		<a id="41" s="H" t="H" l="H"/>
		<a id="42" s="H" t="H" l="H"/>
	</atoms>
	<bonds>
		<b id="1" c="1 2" t="1"/>
		<b id="2" c="3 2" t="1"/>
		<b id="3" c="4 2" t="1"/>
		<b id="4" c="2 5" t="1"/>
		<b id="5" c="5 6" t="1"/>
		<b id="6" c="7 6" t="1"/>
		<b id="7" c="8 6" t="1"/>
		<b id="8" c="6 9" t="1"/>
		<b id="9" c="9 10" t="1"/>
		<b id="10" c="12 11" t="1"/>
		<b id="11" c="13 11" t="1"/>
		<b id="12" c="11 14" t="1"/>
		<b id="13" c="11 10" t="1"/>
		<b id="14" c="16 15" t="1"/>
		<b id="15" c="17 15" t="1"/>
		<b id="16" c="15 18" t="1"/>
		<b id="17" c="15 10" t="1"/>
		<b id="18" c="10 19" t="1"/>
		<b id="19" c="21 20" t="1"/>
		<b id="20" c="22 20" t="1"/>
		<b id="21" c="20 23" t="1"/>
		<b id="22" c="20 19" t="1"/>
		<b id="23" c="25 24" t="1"/>
		<b id="24" c="26 24" t="1"/>
		<b id="25" c="24 27" t="1"/>
		<b id="26" c="24 19" t="1"/>
		<b id="27" c="19 28" t="1"/>
		<b id="28" c="29 28" t="1"/>
		<b id="29" c="30 28" t="1"/>
		<b id="30" c="28 31" t="1"/>
		<b id="31" c="1 32" t="1"/>
		<b id="32" c="1 33" t="1"/>
		<b id="33" c="1 34" t="1"/>
		<b id="34" c="3 35" t="1"/>
		<b id="35" c="3 36" t="1"/>
		<b id="36" c="3 37" t="1"/>
		<b id="37" c="4 38" t="1"/>
		<b id="38" c="4 39" t="1"/>
		<b id="39" c="4 40" t="1"/>
		<b id="40" c="5 41" t="1"/>
		<b id="41" c="5 42" t="1"/>
	</bonds>
	<geometry>
		<g u="A" t="cart/3d">#42,3:3.5677,-1.2113,0.5502;3.1185,0.0248,-0.2122;2.3393,0.9444,0.7251;4.3579,0.7782,-0.6968;2.2803,-0.3520,-1.4630;0.9496,-1.0716,-1.1717;0.5403,-1.4084,-2.1328;1.1065,-1.9525,-0.5405;0.0363,-0.1687,-0.5519;-1.5642,-0.6431,-0.3209;-1.6817,-2.1769,0.7480;-1.1720,-2.0260,1.7039;-1.2163,-3.0311,0.2474;-2.7253,-2.4331,0.9517;-2.4577,-0.8996,-1.9455;-3.5108,-1.1439,-1.7790;-2.0068,-1.7224,-2.5083;-2.4084,0.0007,-2.5646;-2.5199,0.8955,0.6860;-3.9974,0.5215,0.9138;-4.0953,-0.3909,1.5123;-4.5232,0.3575,-0.0332;-4.5220,1.3228,1.4468;-1.8159,1.1158,2.0408;-1.8655,0.2214,2.6716;-0.7589,1.3722,1.9080;-2.2877,1.9357,2.5943;-2.4239,2.1781,-0.1659;-2.9034,3.0205,0.3456;-1.3813,2.4567,-0.3573;-2.9196,2.0562,-1.1354;4.0887,-1.8764,-0.1444;2.6918,-1.7068,0.9758;4.2402,-0.8964,1.3541;3.0371,1.3485,1.4655;1.9022,1.7556,0.1363;1.5743,0.3618,1.2428;4.9172,0.1242,-1.3725;4.9702,1.0394,0.1717;4.0314,1.6827,-1.2186;2.9206,-0.9902,-2.0826;2.0870,0.5872,-1.9946;</g>
	</geometry>
	<conformers/>
	<properties/>
</molecule>
