<?xml version="1.0" ?>
<!--MOLLI PACKAGE EXPERIMENTAL XML FORMAT-->
<molecule name="react_37_c1_frag_0">
	<atoms>
		<a id="1" s="C" t="C.3" l="C"/>
		<a id="2" s="N" t="N.4" l="N"/>
		<a id="3" s="C" t="C.3" l="C"/>
		<a id="4" s="C" t="C.3" l="C"/>
		<a id="5" s="C" t="C.3" l="C"/>
		<a id="6" s="C" t="C.1" l="C"/>
		<a id="7" s="C" t="C.1" l="C"/>
		<a id="8" s="C" t="C.3" l="C"/>
		<a id="9" s="H" t="H" l="H"/>
		<a id="10" s="H" t="H" l="H"/>
		<a id="11" s="C" t="C.3" l="C"/>
		<a id="12" s="H" t="H" l="H"/>
		<a id="13" s="H" t="H" l="H"/>
		<a id="14" s="C" t="C.3" l="C"/>
		<a id="15" s="H" t="H" l="H"/>
		<a id="16" s="H" t="H" l="H"/>
		<a id="17" s="C" t="C.3" l="C"/>
		<a id="18" s="H" t="H" l="H"/>
		<a id="19" s="H" t="H" l="H"/>
		<a id="20" s="O" t="O.3" l="O"/>
		<a id="21" s="H" t="H" l="H"/>
		<a id="22" s="H" t="H" l="H"/>
		<a id="23" s="H" t="H" l="H"/>
		<a id="24" s="H" t="H" l="H"/>
		<a id="25" s="H" t="H" l="H"/>
		<a id="26" s="H" t="H" l="H"/>
		<a id="27" s="H" t="H" l="H"/>
		<a id="28" s="H" t="H" l="H"/>
		<a id="29" s="H" t="H" l="H"/>
		<a id="30" s="H" t="H" l="H"/>
		<a id="31" s="H" t="H" l="H"/>
		<a id="32" s="H" t="H" l="H"/>
	</atoms>
	<bonds>
		<b id="1" c="1 2" t="1"/>
		<b id="2" c="3 2" t="1"/>
		<b id="3" c="4 2" t="1"/>
		<b id="4" c="2 5" t="1"/>
		<b id="5" c="5 6" t="1"/>
		<b id="6" c="6 7" t="3"/>
		<b id="7" c="7 8" t="1"/>
		<b id="8" c="9 8" t="1"/>
		<b id="9" c="10 8" t="1"/>
		<b id="10" c="8 11" t="1"/>
		<b id="11" c="12 11" t="1"/>
		<b id="12" c="13 11" t="1"/>
		<b id="13" c="11 14" t="1"/>
		<b id="14" c="15 14" t="1"/>
		<b id="15" c="16 14" t="1"/>
		<b id="16" c="14 17" t="1"/>
		<b id="17" c="18 17" t="1"/>
		<b id="18" c="19 17" t="1"/>
		<b id="19" c="17 20" t="1"/>
		<b id="20" c="20 21" t="1"/>
		<b id="21" c="1 22" t="1"/>
		<b id="22" c="1 23" t="1"/>
		<b id="23" c="1 24" t="1"/>
		<b id="24" c="3 25" t="1"/>
		<b id="25" c="3 26" t="1"/>
		<b id="26" c="3 27" t="1"/>
		<b id="27" c="4 28" t="1"/>
		<b id="28" c="4 29" t="1"/>
		<b id="29" c="4 30" t="1"/>
		<b id="30" c="5 31" t="1"/>
		<b id="31" c="5 32" t="1"/>
	</bonds>
	<geometry>
		<g u="A" t="cart/3d">#32,3:-2.9313,1.6281,-0.1457;-2.9638,0.1054,-0.1448;-4.2643,-0.3585,0.5008;-2.9166,-0.4073,-1.5785;-1.7955,-0.4640,0.6731;-0.4961,-0.0593,0.1315;0.5725,0.2782,-0.3034;1.8809,0.7046,-0.8284;1.8523,0.6656,-1.9246;2.0670,1.7491,-0.5561;3.0280,-0.1768,-0.3312;3.9319,0.0998,-0.8872;2.8216,-1.2297,-0.5604;3.2873,-0.0194,1.1723;2.4112,-0.3511,1.7410;3.4467,1.0429,1.3938;4.5026,-0.8132,1.6357;4.4131,-1.8760,1.3847;4.6076,-0.7326,2.7223;5.6816,-0.2849,1.0480;5.8872,-0.8142,0.2606;-2.9223,1.9774,0.8908;-3.8274,1.9891,-0.6596;-2.0398,1.9700,-0.6784;-4.2879,-1.4515,0.4868;-5.1019,0.0458,-0.0750;-4.2951,0.0142,1.5296;-2.8984,-1.5004,-1.5547;-3.8108,-0.0530,-2.0974;-2.0242,-0.0169,-2.0749;-1.8987,-1.5548,0.6675;-1.9171,-0.1067,1.7017;</g>
	</geometry>
	<conformers/>
	<properties/>
</molecule>
