<?xml version="1.0" ?>
<!--MOLLI PACKAGE EXPERIMENTAL XML FORMAT-->
<molecule name="react_428_c2_frag_0">
	<atoms>
		<a id="1" s="C" t="C.3" l="C"/>
		<a id="2" s="N" t="N.4" l="N"/>
		<a id="3" s="C" t="C.3" l="C"/>
		<a id="4" s="C" t="C.3" l="C"/>
		<a id="5" s="C" t="C.3" l="C"/>
		<a id="6" s="P" t="P.3" l="P"/>
		<a id="7" s="O" t="O.2" l="O"/>
		<a id="8" s="O" t="O.3" l="O"/>
		<a id="9" s="C" t="C.3" l="C"/>
		<a id="10" s="H" t="H" l="H"/>
		<a id="11" s="H" t="H" l="H"/>
		<a id="12" s="C" t="C.3" l="C"/>
		<a id="13" s="H" t="H" l="H"/>
		<a id="14" s="H" t="H" l="H"/>
		<a id="15" s="H" t="H" l="H"/>
		<a id="16" s="O" t="O.3" l="O"/>
		<a id="17" s="C" t="C.3" l="C"/>
		<a id="18" s="H" t="H" l="H"/>
		<a id="19" s="H" t="H" l="H"/>
		<a id="20" s="C" t="C.3" l="C"/>
		<a id="21" s="H" t="H" l="H"/>
		<a id="22" s="H" t="H" l="H"/>
		<a id="23" s="H" t="H" l="H"/>
		<a id="24" s="H" t="H" l="H"/>
		<a id="25" s="H" t="H" l="H"/>
		<a id="26" s="H" t="H" l="H"/>
		<a id="27" s="H" t="H" l="H"/>
		<a id="28" s="H" t="H" l="H"/>
		<a id="29" s="H" t="H" l="H"/>
		<a id="30" s="H" t="H" l="H"/>
		<a id="31" s="H" t="H" l="H"/>
		<a id="32" s="H" t="H" l="H"/>
		<a id="33" s="H" t="H" l="H"/>
		<a id="34" s="H" t="H" l="H"/>
	</atoms>
	<bonds>
		<b id="1" c="1 2" t="1"/>
		<b id="2" c="3 2" t="1"/>
		<b id="3" c="4 2" t="1"/>
		<b id="4" c="2 5" t="1"/>
		<b id="5" c="5 6" t="1"/>
		<b id="6" c="6 7" t="2"/>
		<b id="7" c="8 9" t="1"/>
		<b id="8" c="10 9" t="1"/>
		<b id="9" c="11 9" t="1"/>
		<b id="10" c="9 12" t="1"/>
		<b id="11" c="13 12" t="1"/>
		<b id="12" c="14 12" t="1"/>
		<b id="13" c="12 15" t="1"/>
		<b id="14" c="8 6" t="1"/>
		<b id="15" c="6 16" t="1"/>
		<b id="16" c="16 17" t="1"/>
		<b id="17" c="18 17" t="1"/>
		<b id="18" c="19 17" t="1"/>
		<b id="19" c="17 20" t="1"/>
		<b id="20" c="21 20" t="1"/>
		<b id="21" c="22 20" t="1"/>
		<b id="22" c="20 23" t="1"/>
		<b id="23" c="1 24" t="1"/>
		<b id="24" c="1 25" t="1"/>
		<b id="25" c="1 26" t="1"/>
		<b id="26" c="3 27" t="1"/>
		<b id="27" c="3 28" t="1"/>
		<b id="28" c="3 29" t="1"/>
		<b id="29" c="4 30" t="1"/>
		<b id="30" c="4 31" t="1"/>
		<b id="31" c="4 32" t="1"/>
		<b id="32" c="5 33" t="1"/>
		<b id="33" c="5 34" t="1"/>
	</bonds>
	<geometry>
		<g u="A" t="cart/3d">#34,3:-2.8340,0.0667,-0.9522;-2.2523,0.2359,0.4461;-3.2145,-0.3133,1.4814;-1.9925,1.7125,0.7058;-0.8851,-0.5487,0.5268;0.5590,-0.2372,-0.5626;0.2326,-0.3448,-2.0199;1.7148,-1.2169,-0.0231;1.8168,-2.5043,-0.6124;2.1186,-2.3965,-1.6588;0.8432,-3.0029,-0.5718;2.8492,-3.3073,0.1504;2.9592,-4.3080,-0.2766;3.8219,-2.8047,0.1286;2.5633,-3.4015,1.2032;1.0518,1.2266,-0.0948;2.1914,1.7588,-0.7574;3.0458,1.0920,-0.6059;1.9843,1.8354,-1.8293;2.4875,3.1283,-0.1831;1.6289,3.7951,-0.3142;3.3594,3.5753,-0.6687;2.6774,3.0621,0.8933;-3.8137,0.5534,-0.9755;-2.1648,0.5415,-1.6729;-2.9335,-1.0028,-1.1576;-2.7683,-0.1844,2.4717;-3.3811,-1.3738,1.2715;-4.1547,0.2415,1.4113;-1.4979,1.8113,1.6762;-1.3612,2.1055,-0.0947;-2.9546,2.2336,0.7123;-0.5419,-0.4259,1.5609;-1.1551,-1.6026,0.3922;</g>
	</geometry>
	<conformers/>
	<properties/>
</molecule>
