<?xml version="1.0" ?>
<!--MOLLI PACKAGE EXPERIMENTAL XML FORMAT-->
<molecule name="react_431_c2_frag_0">
	<atoms>
		<a id="1" s="C" t="C.3" l="C"/>
		<a id="2" s="N" t="N.4" l="N"/>
		<a id="3" s="C" t="C.3" l="C"/>
		<a id="4" s="C" t="C.3" l="C"/>
		<a id="5" s="C" t="C.3" l="C"/>
		<a id="6" s="C" t="C.3" l="C"/>
		<a id="7" s="H" t="H" l="H"/>
		<a id="8" s="H" t="H" l="H"/>
		<a id="9" s="Si" t="Si" l="SI"/>
		<a id="10" s="C" t="C.3" l="C"/>
		<a id="11" s="H" t="H" l="H"/>
		<a id="12" s="H" t="H" l="H"/>
		<a id="13" s="H" t="H" l="H"/>
		<a id="14" s="C" t="C.3" l="C"/>
		<a id="15" s="H" t="H" l="H"/>
		<a id="16" s="H" t="H" l="H"/>
		<a id="17" s="H" t="H" l="H"/>
		<a id="18" s="C" t="C.3" l="C"/>
		<a id="19" s="H" t="H" l="H"/>
		<a id="20" s="H" t="H" l="H"/>
		<a id="21" s="H" t="H" l="H"/>
		<a id="22" s="H" t="H" l="H"/>
		<a id="23" s="H" t="H" l="H"/>
		<a id="24" s="H" t="H" l="H"/>
		<a id="25" s="H" t="H" l="H"/>
		<a id="26" s="H" t="H" l="H"/>
		<a id="27" s="H" t="H" l="H"/>
		<a id="28" s="H" t="H" l="H"/>
		<a id="29" s="H" t="H" l="H"/>
		<a id="30" s="H" t="H" l="H"/>
		<a id="31" s="H" t="H" l="H"/>
		<a id="32" s="H" t="H" l="H"/>
	</atoms>
	<bonds>
		<b id="1" c="1 2" t="1"/>
		<b id="2" c="3 2" t="1"/>
		<b id="3" c="4 2" t="1"/>
		<b id="4" c="2 5" t="1"/>
		<b id="5" c="5 6" t="1"/>
		<b id="6" c="7 6" t="1"/>
		<b id="7" c="8 6" t="1"/>
		<b id="8" c="6 9" t="1"/>
		<b id="9" c="11 10" t="1"/>
		<b id="10" c="12 10" t="1"/>
		<b id="11" c="10 13" t="1"/>
		<b id="12" c="10 9" t="1"/>
		<b id="13" c="15 14" t="1"/>
		<b id="14" c="16 14" t="1"/>
		<b id="15" c="14 17" t="1"/>
		<b id="16" c="14 9" t="1"/>
		<b id="17" c="9 18" t="1"/>
		<b id="18" c="19 18" t="1"/>
		<b id="19" c="20 18" t="1"/>
		<b id="20" c="18 21" t="1"/>
		<b id="21" c="1 22" t="1"/>
		<b id="22" c="1 23" t="1"/>
		<b id="23" c="1 24" t="1"/>
		<b id="24" c="3 25" t="1"/>
		<b id="25" c="3 26" t="1"/>
		<b id="26" c="3 27" t="1"/>
		<b id="27" c="4 28" t="1"/>
		<b id="28" c="4 29" t="1"/>
		<b id="29" c="4 30" t="1"/>
		<b id="30" c="5 31" t="1"/>
		<b id="31" c="5 32" t="1"/>
	</bonds>
	<geometry>
		<g u="A" t="cart/3d">#32,3:2.7031,-0.6460,-0.7226;2.0810,-0.0188,0.5199;2.4070,1.4699,0.5589;2.7115,-0.6772,1.7526;0.5624,-0.2688,0.5818;-0.1971,0.3384,-0.5964;0.1431,-0.0809,-1.5480;-0.0675,1.4241,-0.6365;-2.1047,0.0286,-0.5254;-2.7830,0.7931,1.0421;-2.5552,1.8625,1.0817;-3.8695,0.6741,1.0911;-2.3497,0.3188,1.9277;-2.8857,0.8286,-2.0269;-3.9692,0.6770,-2.0269;-2.4811,0.4001,-2.9487;-2.6917,1.9052,-2.0371;-2.4178,-1.8163,-0.5382;-3.4917,-2.0257,-0.5440;-1.9758,-2.2782,-1.4260;-1.9843,-2.2926,0.3461;2.3544,-0.1067,-1.6066;3.7913,-0.5586,-0.6455;2.4061,-1.6977,-0.7652;1.9008,1.9126,1.4214;2.0689,1.9332,-0.3712;3.4915,1.5835,0.6518;2.2782,-0.2204,2.6474;2.4921,-1.7486,1.7218;3.7922,-0.5084,1.7237;0.4258,-1.3566,0.6195;0.2146,0.1521,1.5333;</g>
	</geometry>
	<conformers/>
	<properties/>
</molecule>
