<?xml version="1.0" ?>
<!--MOLLI PACKAGE EXPERIMENTAL XML FORMAT-->
<molecule name="react_432_c2_frag_0">
	<atoms>
		<a id="1" s="C" t="C.3" l="C"/>
		<a id="2" s="N" t="N.4" l="N"/>
		<a id="3" s="C" t="C.3" l="C"/>
		<a id="4" s="C" t="C.3" l="C"/>
		<a id="5" s="C" t="C.3" l="C"/>
		<a id="6" s="C" t="C.3" l="C"/>
		<a id="7" s="H" t="H" l="H"/>
		<a id="8" s="H" t="H" l="H"/>
		<a id="9" s="C" t="C.3" l="C"/>
		<a id="10" s="H" t="H" l="H"/>
		<a id="11" s="H" t="H" l="H"/>
		<a id="12" s="C" t="C.3" l="C"/>
		<a id="13" s="H" t="H" l="H"/>
		<a id="14" s="H" t="H" l="H"/>
		<a id="15" s="C" t="C.3" l="C"/>
		<a id="16" s="H" t="H" l="H"/>
		<a id="17" s="H" t="H" l="H"/>
		<a id="18" s="C" t="C.3" l="C"/>
		<a id="19" s="H" t="H" l="H"/>
		<a id="20" s="H" t="H" l="H"/>
		<a id="21" s="C" t="C.3" l="C"/>
		<a id="22" s="H" t="H" l="H"/>
		<a id="23" s="H" t="H" l="H"/>
		<a id="24" s="C" t="C.3" l="C"/>
		<a id="25" s="H" t="H" l="H"/>
		<a id="26" s="H" t="H" l="H"/>
		<a id="27" s="C" t="C.3" l="C"/>
		<a id="28" s="H" t="H" l="H"/>
		<a id="29" s="H" t="H" l="H"/>
		<a id="30" s="H" t="H" l="H"/>
		<a id="31" s="H" t="H" l="H"/>
		<a id="32" s="H" t="H" l="H"/>
		<a id="33" s="H" t="H" l="H"/>
		<a id="34" s="H" t="H" l="H"/>
		<a id="35" s="H" t="H" l="H"/>
		<a id="36" s="H" t="H" l="H"/>
		<a id="37" s="H" t="H" l="H"/>
		<a id="38" s="H" t="H" l="H"/>
		<a id="39" s="H" t="H" l="H"/>
		<a id="40" s="H" t="H" l="H"/>
		<a id="41" s="H" t="H" l="H"/>
	</atoms>
	<bonds>
		<b id="1" c="1 2" t="1"/>
		<b id="2" c="3 2" t="1"/>
		<b id="3" c="4 2" t="1"/>
		<b id="4" c="2 5" t="1"/>
		<b id="5" c="5 6" t="1"/>
		<b id="6" c="7 6" t="1"/>
		<b id="7" c="8 6" t="1"/>
		<b id="8" c="6 9" t="1"/>
		<b id="9" c="10 9" t="1"/>
		<b id="10" c="11 9" t="1"/>
		<b id="11" c="9 12" t="1"/>
		<b id="12" c="13 12" t="1"/>
		<b id="13" c="14 12" t="1"/>
		<b id="14" c="12 15" t="1"/>
		<b id="15" c="16 15" t="1"/>
		<b id="16" c="17 15" t="1"/>
		<b id="17" c="15 18" t="1"/>
		<b id="18" c="19 18" t="1"/>
		<b id="19" c="20 18" t="1"/>
		<b id="20" c="18 21" t="1"/>
		<b id="21" c="22 21" t="1"/>
		<b id="22" c="23 21" t="1"/>
		<b id="23" c="21 24" t="1"/>
		<b id="24" c="25 24" t="1"/>
		<b id="25" c="26 24" t="1"/>
		<b id="26" c="24 27" t="1"/>
		<b id="27" c="28 27" t="1"/>
		<b id="28" c="29 27" t="1"/>
		<b id="29" c="27 30" t="1"/>
		<b id="30" c="1 31" t="1"/>
		<b id="31" c="1 32" t="1"/>
		<b id="32" c="1 33" t="1"/>
		<b id="33" c="3 34" t="1"/>
		<b id="34" c="3 35" t="1"/>
		<b id="35" c="3 36" t="1"/>
		<b id="36" c="4 37" t="1"/>
		<b id="37" c="4 38" t="1"/>
		<b id="38" c="4 39" t="1"/>
		<b id="39" c="5 40" t="1"/>
		<b id="40" c="5 41" t="1"/>
	</bonds>
	<geometry>
		<g u="A" t="cart/3d">#41,3:-2.9819,-0.9393,0.8380;-3.3145,-0.1898,-0.4468;-4.4089,-0.9947,-1.1680;-3.8885,1.1795,-0.1099;-2.1069,-0.1044,-1.3997;-1.0763,0.9948,-1.1176;-0.3942,1.0120,-1.9792;-1.5623,1.9773,-1.1273;-0.2067,0.8898,0.1366;0.4939,1.7333,0.1111;-0.8088,1.0387,1.0365;0.5873,-0.4148,0.2274;1.2174,-0.5288,-0.6619;-0.0996,-1.2676,0.2274;1.4414,-0.5180,1.4956;1.9152,-1.5067,1.5164;0.7792,-0.4859,2.3703;2.5159,0.5605,1.6682;2.0333,1.5315,1.8307;3.0716,0.3460,2.5899;3.5119,0.6979,0.5130;2.9896,1.0026,-0.4011;4.2031,1.5144,0.7575;4.3177,-0.5749,0.2516;4.8167,-0.8958,1.1732;3.6548,-1.3886,-0.0613;5.3631,-0.3564,-0.8315;6.0722,0.4253,-0.5410;4.8936,-0.0617,-1.7755;5.9268,-1.2783,-1.0055;-2.5357,-1.9024,0.5749;-2.2978,-0.3441,1.4401;-3.9100,-1.0941,1.3976;-3.9997,-1.9766,-1.4243;-5.2659,-1.0996,-0.4957;-4.7021,-0.4501,-2.0706;-4.8187,1.0374,0.4490;-3.1699,1.7230,0.5087;-4.0834,1.7123,-1.0450;-1.6484,-1.0985,-1.4374;-2.5245,0.0946,-2.3951;</g>
	</geometry>
	<conformers/>
	<properties/>
</molecule>
