<?xml version="1.0" ?>
<!--MOLLI PACKAGE EXPERIMENTAL XML FORMAT-->
<molecule name="react_440_c2_frag_1">
	<atoms>
		<a id="1" s="C" t="C.3" l="C"/>
		<a id="2" s="N" t="N.4" l="N"/>
		<a id="3" s="C" t="C.3" l="C"/>
		<a id="4" s="C" t="C.3" l="C"/>
		<a id="5" s="C" t="C.3" l="C"/>
		<a id="6" s="C" t="C.3" l="C"/>
		<a id="7" s="H" t="H" l="H"/>
		<a id="8" s="H" t="H" l="H"/>
		<a id="9" s="C" t="C.1" l="C"/>
		<a id="10" s="C" t="C.1" l="C"/>
		<a id="11" s="C" t="C.3" l="C"/>
		<a id="12" s="H" t="H" l="H"/>
		<a id="13" s="H" t="H" l="H"/>
		<a id="14" s="H" t="H" l="H"/>
		<a id="15" s="H" t="H" l="H"/>
		<a id="16" s="H" t="H" l="H"/>
		<a id="17" s="H" t="H" l="H"/>
		<a id="18" s="H" t="H" l="H"/>
		<a id="19" s="H" t="H" l="H"/>
		<a id="20" s="H" t="H" l="H"/>
		<a id="21" s="H" t="H" l="H"/>
		<a id="22" s="H" t="H" l="H"/>
		<a id="23" s="H" t="H" l="H"/>
		<a id="24" s="H" t="H" l="H"/>
		<a id="25" s="H" t="H" l="H"/>
	</atoms>
	<bonds>
		<b id="1" c="1 2" t="1"/>
		<b id="2" c="3 2" t="1"/>
		<b id="3" c="4 2" t="1"/>
		<b id="4" c="2 5" t="1"/>
		<b id="5" c="5 6" t="1"/>
		<b id="6" c="7 6" t="1"/>
		<b id="7" c="8 6" t="1"/>
		<b id="8" c="6 9" t="1"/>
		<b id="9" c="9 10" t="3"/>
		<b id="10" c="10 11" t="1"/>
		<b id="11" c="12 11" t="1"/>
		<b id="12" c="13 11" t="1"/>
		<b id="13" c="11 14" t="1"/>
		<b id="14" c="1 15" t="1"/>
		<b id="15" c="1 16" t="1"/>
		<b id="16" c="1 17" t="1"/>
		<b id="17" c="3 18" t="1"/>
		<b id="18" c="3 19" t="1"/>
		<b id="19" c="3 20" t="1"/>
		<b id="20" c="4 21" t="1"/>
		<b id="21" c="4 22" t="1"/>
		<b id="22" c="4 23" t="1"/>
		<b id="23" c="5 24" t="1"/>
		<b id="24" c="5 25" t="1"/>
	</bonds>
	<geometry>
		<g u="A" t="cart/3d">#25,3:-1.9641,0.2328,1.5448;-1.6000,-0.1166,0.1069;-2.3456,-1.3989,-0.2787;-2.0549,0.9987,-0.8265;-0.0849,-0.3943,-0.0408;0.8180,0.7947,0.3087;0.6601,1.1103,1.3447;0.5959,1.6524,-0.3338;2.2308,0.4278,0.1361;3.3869,0.1340,-0.0030;4.8015,-0.2116,-0.1688;5.1368,0.0030,-1.1879;5.4252,0.3626,0.5228;4.9667,-1.2753,0.0270;-3.0541,0.2938,1.6198;-1.5233,1.2004,1.7970;-1.5786,-0.5532,2.2004;-2.0942,-1.6464,-1.3144;-2.0287,-2.1991,0.3967;-3.4204,-1.2195,-0.1796;-1.6111,1.9409,-0.4956;-1.7334,0.7527,-1.8425;-3.1458,1.0677,-0.7759;0.1408,-1.2511,0.6071;0.0762,-0.7058,-1.0809;</g>
	</geometry>
	<conformers/>
	<properties/>
</molecule>
