<?xml version="1.0" ?>
<!--MOLLI PACKAGE EXPERIMENTAL XML FORMAT-->
<molecule name="react_520_c2_frag_0">
	<atoms>
		<a id="1" s="C" t="C.3" l="C"/>
		<a id="2" s="N" t="N.4" l="N"/>
		<a id="3" s="C" t="C.3" l="C"/>
		<a id="4" s="C" t="C.3" l="C"/>
		<a id="5" s="C" t="C.3" l="C"/>
		<a id="6" s="C" t="C.3" l="C"/>
		<a id="7" s="H" t="H" l="H"/>
		<a id="8" s="H" t="H" l="H"/>
		<a id="9" s="C" t="C.3" l="C"/>
		<a id="10" s="H" t="H" l="H"/>
		<a id="11" s="H" t="H" l="H"/>
		<a id="12" s="C" t="C.3" l="C"/>
		<a id="13" s="H" t="H" l="H"/>
		<a id="14" s="H" t="H" l="H"/>
		<a id="15" s="C" t="C.3" l="C"/>
		<a id="16" s="H" t="H" l="H"/>
		<a id="17" s="H" t="H" l="H"/>
		<a id="18" s="C" t="C.3" l="C"/>
		<a id="19" s="H" t="H" l="H"/>
		<a id="20" s="H" t="H" l="H"/>
		<a id="21" s="C" t="C.3" l="C"/>
		<a id="22" s="H" t="H" l="H"/>
		<a id="23" s="H" t="H" l="H"/>
		<a id="24" s="C" t="C.3" l="C"/>
		<a id="25" s="H" t="H" l="H"/>
		<a id="26" s="H" t="H" l="H"/>
		<a id="27" s="C" t="C.3" l="C"/>
		<a id="28" s="H" t="H" l="H"/>
		<a id="29" s="H" t="H" l="H"/>
		<a id="30" s="C" t="C.3" l="C"/>
		<a id="31" s="H" t="H" l="H"/>
		<a id="32" s="H" t="H" l="H"/>
		<a id="33" s="C" t="C.3" l="C"/>
		<a id="34" s="H" t="H" l="H"/>
		<a id="35" s="H" t="H" l="H"/>
		<a id="36" s="C" t="C.3" l="C"/>
		<a id="37" s="H" t="H" l="H"/>
		<a id="38" s="H" t="H" l="H"/>
		<a id="39" s="C" t="C.3" l="C"/>
		<a id="40" s="H" t="H" l="H"/>
		<a id="41" s="H" t="H" l="H"/>
		<a id="42" s="C" t="C.3" l="C"/>
		<a id="43" s="H" t="H" l="H"/>
		<a id="44" s="H" t="H" l="H"/>
		<a id="45" s="C" t="C.3" l="C"/>
		<a id="46" s="H" t="H" l="H"/>
		<a id="47" s="H" t="H" l="H"/>
		<a id="48" s="H" t="H" l="H"/>
		<a id="49" s="H" t="H" l="H"/>
		<a id="50" s="H" t="H" l="H"/>
		<a id="51" s="H" t="H" l="H"/>
		<a id="52" s="H" t="H" l="H"/>
		<a id="53" s="H" t="H" l="H"/>
		<a id="54" s="H" t="H" l="H"/>
		<a id="55" s="H" t="H" l="H"/>
		<a id="56" s="H" t="H" l="H"/>
		<a id="57" s="H" t="H" l="H"/>
		<a id="58" s="H" t="H" l="H"/>
		<a id="59" s="H" t="H" l="H"/>
	</atoms>
	<bonds>
		<b id="1" c="1 2" t="1"/>
		<b id="2" c="3 2" t="1"/>
		<b id="3" c="4 2" t="1"/>
		<b id="4" c="2 5" t="1"/>
		<b id="5" c="5 6" t="1"/>
		<b id="6" c="7 6" t="1"/>
		<b id="7" c="8 6" t="1"/>
		<b id="8" c="6 9" t="1"/>
		<b id="9" c="10 9" t="1"/>
		<b id="10" c="11 9" t="1"/>
		<b id="11" c="9 12" t="1"/>
		<b id="12" c="13 12" t="1"/>
		<b id="13" c="14 12" t="1"/>
		<b id="14" c="12 15" t="1"/>
		<b id="15" c="16 15" t="1"/>
		<b id="16" c="17 15" t="1"/>
		<b id="17" c="15 18" t="1"/>
		<b id="18" c="19 18" t="1"/>
		<b id="19" c="20 18" t="1"/>
		<b id="20" c="18 21" t="1"/>
		<b id="21" c="22 21" t="1"/>
		<b id="22" c="23 21" t="1"/>
		<b id="23" c="21 24" t="1"/>
		<b id="24" c="25 24" t="1"/>
		<b id="25" c="26 24" t="1"/>
		<b id="26" c="24 27" t="1"/>
		<b id="27" c="28 27" t="1"/>
		<b id="28" c="29 27" t="1"/>
		<b id="29" c="27 30" t="1"/>
		<b id="30" c="31 30" t="1"/>
		<b id="31" c="32 30" t="1"/>
		<b id="32" c="30 33" t="1"/>
		<b id="33" c="34 33" t="1"/>
		<b id="34" c="35 33" t="1"/>
		<b id="35" c="33 36" t="1"/>
		<b id="36" c="37 36" t="1"/>
		<b id="37" c="38 36" t="1"/>
		<b id="38" c="36 39" t="1"/>
		<b id="39" c="40 39" t="1"/>
		<b id="40" c="41 39" t="1"/>
		<b id="41" c="39 42" t="1"/>
		<b id="42" c="43 42" t="1"/>
		<b id="43" c="44 42" t="1"/>
		<b id="44" c="42 45" t="1"/>
		<b id="45" c="46 45" t="1"/>
		<b id="46" c="47 45" t="1"/>
		<b id="47" c="45 48" t="1"/>
		<b id="48" c="1 49" t="1"/>
		<b id="49" c="1 50" t="1"/>
		<b id="50" c="1 51" t="1"/>
		<b id="51" c="3 52" t="1"/>
		<b id="52" c="3 53" t="1"/>
		<b id="53" c="3 54" t="1"/>
		<b id="54" c="4 55" t="1"/>
		<b id="55" c="4 56" t="1"/>
		<b id="56" c="4 57" t="1"/>
		<b id="57" c="5 58" t="1"/>
		<b id="58" c="5 59" t="1"/>
	</bonds>
	<geometry>
		<g u="A" t="cart/3d">#59,3:6.1709,-0.6817,-1.6610;6.4246,0.4706,-0.6997;5.7204,1.7270,-1.1997;7.9342,0.7663,-0.7055;6.0344,0.1238,0.7480;4.7010,-0.6020,0.9570;4.6763,-1.5426,0.3961;4.6757,-0.8963,2.0149;3.4404,0.2089,0.6641;3.2887,0.2828,-0.4159;3.5465,1.2244,1.0620;2.1999,-0.4529,1.2751;2.3200,-0.5243,2.3628;2.1131,-1.4746,0.8884;0.9320,0.3408,0.9520;1.0707,1.3821,1.2685;0.7731,0.3600,-0.1332;-0.3220,-0.2036,1.6432;-1.1429,0.4945,1.4501;-0.1674,-0.2070,2.7294;-0.7083,-1.6117,1.1789;0.0656,-2.3098,1.5195;-0.7221,-1.6673,0.0843;-2.0473,-2.0827,1.7589;-1.9593,-3.1543,1.9800;-2.2530,-1.5888,2.7159;-3.2437,-1.9206,0.8146;-4.1171,-2.3803,1.2944;-3.0599,-2.4886,-0.1059;-3.5724,-0.4703,0.4618;-2.7508,-0.0341,-0.1171;-3.6807,0.1186,1.3803;-4.8619,-0.3773,-0.3593;-4.7562,-0.9697,-1.2761;-5.6854,-0.8129,0.2170;-5.1842,1.0746,-0.7199;-5.3382,1.6589,0.1954;-4.3210,1.5153,-1.2337;-6.4053,1.2179,-1.6327;-6.2528,0.6302,-2.5465;-6.4790,2.2685,-1.9420;-7.7167,0.8043,-0.9633;-7.8511,1.3634,-0.0300;-7.6957,-0.2608,-0.7072;-8.9074,1.0610,-1.8746;-8.8237,0.4820,-2.7995;-8.9797,2.1208,-2.1377;-9.8367,0.7705,-1.3753;6.6565,-1.5774,-1.2632;5.0928,-0.8319,-1.7584;6.5937,-0.4187,-2.6357;5.8491,2.5191,-0.4571;6.1752,2.0225,-2.1505;4.6654,1.5135,-1.3629;8.4658,-0.1372,-0.3919;8.2319,1.0456,-1.7208;8.1249,1.5887,-0.0095;6.0709,1.0547,1.3260;6.8279,-0.5319,1.1279;</g>
	</geometry>
	<conformers/>
	<properties/>
</molecule>
