<?xml version="1.0" ?>
<!--MOLLI PACKAGE EXPERIMENTAL XML FORMAT-->
<molecule name="react_43_c1_frag_0">
	<atoms>
		<a id="1" s="C" t="C.3" l="C"/>
		<a id="2" s="N" t="N.4" l="N"/>
		<a id="3" s="C" t="C.3" l="C"/>
		<a id="4" s="C" t="C.3" l="C"/>
		<a id="5" s="C" t="C.3" l="C"/>
		<a id="6" s="C" t="C.3" l="C"/>
		<a id="7" s="H" t="H" l="H"/>
		<a id="8" s="H" t="H" l="H"/>
		<a id="9" s="O" t="O.3" l="O"/>
		<a id="10" s="Si" t="Si" l="SI"/>
		<a id="11" s="C" t="C.3" l="C"/>
		<a id="12" s="H" t="H" l="H"/>
		<a id="13" s="H" t="H" l="H"/>
		<a id="14" s="H" t="H" l="H"/>
		<a id="15" s="C" t="C.3" l="C"/>
		<a id="16" s="H" t="H" l="H"/>
		<a id="17" s="H" t="H" l="H"/>
		<a id="18" s="H" t="H" l="H"/>
		<a id="19" s="C" t="C.3" l="C"/>
		<a id="20" s="C" t="C.3" l="C"/>
		<a id="21" s="H" t="H" l="H"/>
		<a id="22" s="H" t="H" l="H"/>
		<a id="23" s="H" t="H" l="H"/>
		<a id="24" s="C" t="C.3" l="C"/>
		<a id="25" s="H" t="H" l="H"/>
		<a id="26" s="H" t="H" l="H"/>
		<a id="27" s="H" t="H" l="H"/>
		<a id="28" s="C" t="C.3" l="C"/>
		<a id="29" s="H" t="H" l="H"/>
		<a id="30" s="H" t="H" l="H"/>
		<a id="31" s="H" t="H" l="H"/>
		<a id="32" s="H" t="H" l="H"/>
		<a id="33" s="H" t="H" l="H"/>
		<a id="34" s="H" t="H" l="H"/>
		<a id="35" s="H" t="H" l="H"/>
		<a id="36" s="H" t="H" l="H"/>
		<a id="37" s="H" t="H" l="H"/>
		<a id="38" s="H" t="H" l="H"/>
		<a id="39" s="H" t="H" l="H"/>
		<a id="40" s="H" t="H" l="H"/>
		<a id="41" s="H" t="H" l="H"/>
		<a id="42" s="H" t="H" l="H"/>
	</atoms>
	<bonds>
		<b id="1" c="1 2" t="1"/>
		<b id="2" c="3 2" t="1"/>
		<b id="3" c="4 2" t="1"/>
		<b id="4" c="2 5" t="1"/>
		<b id="5" c="5 6" t="1"/>
		<b id="6" c="7 6" t="1"/>
		<b id="7" c="8 6" t="1"/>
		<b id="8" c="6 9" t="1"/>
		<b id="9" c="9 10" t="1"/>
		<b id="10" c="12 11" t="1"/>
		<b id="11" c="13 11" t="1"/>
		<b id="12" c="11 14" t="1"/>
		<b id="13" c="11 10" t="1"/>
		<b id="14" c="16 15" t="1"/>
		<b id="15" c="17 15" t="1"/>
		<b id="16" c="15 18" t="1"/>
		<b id="17" c="15 10" t="1"/>
		<b id="18" c="10 19" t="1"/>
		<b id="19" c="21 20" t="1"/>
		<b id="20" c="22 20" t="1"/>
		<b id="21" c="20 23" t="1"/>
		<b id="22" c="20 19" t="1"/>
		<b id="23" c="25 24" t="1"/>
		<b id="24" c="26 24" t="1"/>
		<b id="25" c="24 27" t="1"/>
		<b id="26" c="24 19" t="1"/>
		<b id="27" c="19 28" t="1"/>
		<b id="28" c="29 28" t="1"/>
		<b id="29" c="30 28" t="1"/>
		<b id="30" c="28 31" t="1"/>
		<b id="31" c="1 32" t="1"/>
		<b id="32" c="1 33" t="1"/>
		<b id="33" c="1 34" t="1"/>
		<b id="34" c="3 35" t="1"/>
		<b id="35" c="3 36" t="1"/>
		<b id="36" c="3 37" t="1"/>
		<b id="37" c="4 38" t="1"/>
		<b id="38" c="4 39" t="1"/>
		<b id="39" c="4 40" t="1"/>
		<b id="40" c="5 41" t="1"/>
		<b id="41" c="5 42" t="1"/>
	</bonds>
	<geometry>
		<g u="A" t="cart/3d">#42,3:4.5503,1.1280,0.4498;3.3990,0.1187,0.5340;3.1418,-0.1962,2.0036;3.8160,-1.1475,-0.2059;2.1639,0.7696,-0.1237;0.9012,-0.1083,-0.1528;0.6325,-0.4202,0.8592;1.0762,-0.9934,-0.7740;-0.1518,0.6764,-0.7043;-1.6691,0.0097,-0.9864;-2.5683,0.9996,-2.3118;-2.6957,2.0399,-2.0002;-1.9971,0.9891,-3.2451;-3.5550,0.5732,-2.5120;-1.5950,-1.7967,-1.4942;-1.0209,-1.9098,-2.4220;-2.5988,-2.1962,-1.6636;-1.1131,-2.4045,-0.7208;-2.8085,0.1321,0.7401;-2.6593,1.5496,1.3336;-1.6195,1.7614,1.6129;-3.2733,1.6574,2.2376;-2.9790,2.3216,0.6219;-4.2888,-0.1392,0.3893;-4.4176,-1.1173,-0.0895;-4.6887,0.6221,-0.2904;-4.9094,-0.1264,1.2923;-2.3229,-0.9186,1.7613;-2.4092,-1.9368,1.3659;-1.2783,-0.7542,2.0480;-2.9217,-0.8685,2.6799;4.2604,2.0301,0.9986;5.4401,0.6769,0.9009;4.7332,1.3565,-0.6051;2.4130,-1.0062,2.0631;4.0828,-0.5150,2.4610;2.7663,0.7067,2.4893;4.7546,-1.5075,0.2266;3.0360,-1.9049,-0.0862;3.9620,-0.8980,-1.2615;1.9645,1.7064,0.4152;2.4470,1.0406,-1.1486;</g>
	</geometry>
	<conformers/>
	<properties/>
</molecule>
