<?xml version="1.0" ?>
<!--MOLLI PACKAGE EXPERIMENTAL XML FORMAT-->
<molecule name="react_521_c2_frag_0">
	<atoms>
		<a id="1" s="C" t="C.3" l="C"/>
		<a id="2" s="N" t="N.4" l="N"/>
		<a id="3" s="C" t="C.3" l="C"/>
		<a id="4" s="C" t="C.3" l="C"/>
		<a id="5" s="C" t="C.3" l="C"/>
		<a id="6" s="C" t="C.3" l="C"/>
		<a id="7" s="H" t="H" l="H"/>
		<a id="8" s="H" t="H" l="H"/>
		<a id="9" s="C" t="C.3" l="C"/>
		<a id="10" s="H" t="H" l="H"/>
		<a id="11" s="H" t="H" l="H"/>
		<a id="12" s="C" t="C.3" l="C"/>
		<a id="13" s="H" t="H" l="H"/>
		<a id="14" s="H" t="H" l="H"/>
		<a id="15" s="C" t="C.3" l="C"/>
		<a id="16" s="H" t="H" l="H"/>
		<a id="17" s="H" t="H" l="H"/>
		<a id="18" s="C" t="C.3" l="C"/>
		<a id="19" s="H" t="H" l="H"/>
		<a id="20" s="H" t="H" l="H"/>
		<a id="21" s="C" t="C.3" l="C"/>
		<a id="22" s="H" t="H" l="H"/>
		<a id="23" s="H" t="H" l="H"/>
		<a id="24" s="C" t="C.3" l="C"/>
		<a id="25" s="H" t="H" l="H"/>
		<a id="26" s="H" t="H" l="H"/>
		<a id="27" s="C" t="C.3" l="C"/>
		<a id="28" s="H" t="H" l="H"/>
		<a id="29" s="H" t="H" l="H"/>
		<a id="30" s="C" t="C.3" l="C"/>
		<a id="31" s="H" t="H" l="H"/>
		<a id="32" s="H" t="H" l="H"/>
		<a id="33" s="C" t="C.3" l="C"/>
		<a id="34" s="H" t="H" l="H"/>
		<a id="35" s="H" t="H" l="H"/>
		<a id="36" s="C" t="C.3" l="C"/>
		<a id="37" s="H" t="H" l="H"/>
		<a id="38" s="H" t="H" l="H"/>
		<a id="39" s="C" t="C.3" l="C"/>
		<a id="40" s="H" t="H" l="H"/>
		<a id="41" s="H" t="H" l="H"/>
		<a id="42" s="H" t="H" l="H"/>
		<a id="43" s="H" t="H" l="H"/>
		<a id="44" s="H" t="H" l="H"/>
		<a id="45" s="H" t="H" l="H"/>
		<a id="46" s="H" t="H" l="H"/>
		<a id="47" s="H" t="H" l="H"/>
		<a id="48" s="H" t="H" l="H"/>
		<a id="49" s="H" t="H" l="H"/>
		<a id="50" s="H" t="H" l="H"/>
		<a id="51" s="H" t="H" l="H"/>
		<a id="52" s="H" t="H" l="H"/>
		<a id="53" s="H" t="H" l="H"/>
	</atoms>
	<bonds>
		<b id="1" c="1 2" t="1"/>
		<b id="2" c="3 2" t="1"/>
		<b id="3" c="4 2" t="1"/>
		<b id="4" c="2 5" t="1"/>
		<b id="5" c="5 6" t="1"/>
		<b id="6" c="7 6" t="1"/>
		<b id="7" c="8 6" t="1"/>
		<b id="8" c="6 9" t="1"/>
		<b id="9" c="10 9" t="1"/>
		<b id="10" c="11 9" t="1"/>
		<b id="11" c="9 12" t="1"/>
		<b id="12" c="13 12" t="1"/>
		<b id="13" c="14 12" t="1"/>
		<b id="14" c="12 15" t="1"/>
		<b id="15" c="16 15" t="1"/>
		<b id="16" c="17 15" t="1"/>
		<b id="17" c="15 18" t="1"/>
		<b id="18" c="19 18" t="1"/>
		<b id="19" c="20 18" t="1"/>
		<b id="20" c="18 21" t="1"/>
		<b id="21" c="22 21" t="1"/>
		<b id="22" c="23 21" t="1"/>
		<b id="23" c="21 24" t="1"/>
		<b id="24" c="25 24" t="1"/>
		<b id="25" c="26 24" t="1"/>
		<b id="26" c="24 27" t="1"/>
		<b id="27" c="28 27" t="1"/>
		<b id="28" c="29 27" t="1"/>
		<b id="29" c="27 30" t="1"/>
		<b id="30" c="31 30" t="1"/>
		<b id="31" c="32 30" t="1"/>
		<b id="32" c="30 33" t="1"/>
		<b id="33" c="34 33" t="1"/>
		<b id="34" c="35 33" t="1"/>
		<b id="35" c="33 36" t="1"/>
		<b id="36" c="37 36" t="1"/>
		<b id="37" c="38 36" t="1"/>
		<b id="38" c="36 39" t="1"/>
		<b id="39" c="40 39" t="1"/>
		<b id="40" c="41 39" t="1"/>
		<b id="41" c="39 42" t="1"/>
		<b id="42" c="1 43" t="1"/>
		<b id="43" c="1 44" t="1"/>
		<b id="44" c="1 45" t="1"/>
		<b id="45" c="3 46" t="1"/>
		<b id="46" c="3 47" t="1"/>
		<b id="47" c="3 48" t="1"/>
		<b id="48" c="4 49" t="1"/>
		<b id="49" c="4 50" t="1"/>
		<b id="50" c="4 51" t="1"/>
		<b id="51" c="5 52" t="1"/>
		<b id="52" c="5 53" t="1"/>
	</bonds>
	<geometry>
		<g u="A" t="cart/3d">#53,3:-6.7863,0.0065,-0.7286;-5.3988,0.5425,-0.3588;-5.0150,1.6097,-1.3772;-5.4856,1.1671,1.0289;-4.4180,-0.6448,-0.3856;-2.9775,-0.2636,-0.0378;-2.9351,0.1748,0.9632;-2.5938,0.4798,-0.7439;-2.0713,-1.4993,-0.0840;-2.4066,-2.2325,0.6598;-2.1689,-1.9788,-1.0660;-0.5907,-1.1771,0.1434;-0.2613,-0.4558,-0.6131;-0.0126,-2.0951,-0.0192;-0.2963,-0.6414,1.5472;-0.7477,-1.3108,2.2897;-0.7601,0.3423,1.6820;1.2025,-0.5339,1.8498;1.6624,-1.5218,1.7343;1.3197,-0.2499,2.9028;1.9231,0.4919,0.9712;1.3839,1.4463,1.0199;1.9003,0.1771,-0.0772;3.3721,0.7446,1.4008;3.3730,1.1460,2.4222;3.7909,1.5360,0.7681;4.2958,-0.4773,1.3650;3.9626,-1.2052,2.1147;5.2960,-0.1648,1.6884;4.4000,-1.1900,0.0128;3.4315,-1.6392,-0.2371;5.1000,-2.0283,0.1199;4.8512,-0.3189,-1.1635;4.1224,0.4794,-1.3439;4.8520,-0.9434,-2.0659;6.2438,0.2833,-0.9741;6.9680,-0.5115,-0.7618;6.2501,0.9681,-0.1194;6.6902,1.0472,-2.2114;6.7355,0.3886,-3.0846;7.6866,1.4724,-2.0552;6.0014,1.8682,-2.4349;-6.7320,-0.4308,-1.7300;-7.4967,0.8386,-0.7142;-7.0714,-0.7508,0.0078;-4.8977,1.1306,-2.3534;-5.8135,2.3573,-1.4114;-4.0825,2.0841,-1.0617;-6.2909,1.9082,1.0242;-5.6991,0.3752,1.7525;-4.5372,1.6590,1.2583;-4.8002,-1.3870,0.3257;-4.4682,-1.0729,-1.3941;</g>
	</geometry>
	<conformers/>
	<properties/>
</molecule>
