<?xml version="1.0" ?>
<!--MOLLI PACKAGE EXPERIMENTAL XML FORMAT-->
<molecule name="react_536_c1_frag_0">
	<atoms>
		<a id="1" s="C" t="C.3" l="C"/>
		<a id="2" s="N" t="N.4" l="N"/>
		<a id="3" s="C" t="C.3" l="C"/>
		<a id="4" s="C" t="C.3" l="C"/>
		<a id="5" s="C" t="C.3" l="C"/>
		<a id="6" s="C" t="C.3" l="C"/>
		<a id="7" s="H" t="H" l="H"/>
		<a id="8" s="H" t="H" l="H"/>
		<a id="9" s="C" t="C.3" l="C"/>
		<a id="10" s="H" t="H" l="H"/>
		<a id="11" s="H" t="H" l="H"/>
		<a id="12" s="C" t="C.3" l="C"/>
		<a id="13" s="H" t="H" l="H"/>
		<a id="14" s="H" t="H" l="H"/>
		<a id="15" s="C" t="C.3" l="C"/>
		<a id="16" s="H" t="H" l="H"/>
		<a id="17" s="H" t="H" l="H"/>
		<a id="18" s="H" t="H" l="H"/>
		<a id="19" s="H" t="H" l="H"/>
		<a id="20" s="H" t="H" l="H"/>
		<a id="21" s="H" t="H" l="H"/>
		<a id="22" s="H" t="H" l="H"/>
		<a id="23" s="H" t="H" l="H"/>
		<a id="24" s="H" t="H" l="H"/>
		<a id="25" s="H" t="H" l="H"/>
		<a id="26" s="H" t="H" l="H"/>
		<a id="27" s="H" t="H" l="H"/>
		<a id="28" s="H" t="H" l="H"/>
		<a id="29" s="H" t="H" l="H"/>
	</atoms>
	<bonds>
		<b id="1" c="1 2" t="1"/>
		<b id="2" c="3 2" t="1"/>
		<b id="3" c="4 2" t="1"/>
		<b id="4" c="2 5" t="1"/>
		<b id="5" c="5 6" t="1"/>
		<b id="6" c="7 6" t="1"/>
		<b id="7" c="8 6" t="1"/>
		<b id="8" c="6 9" t="1"/>
		<b id="9" c="10 9" t="1"/>
		<b id="10" c="11 9" t="1"/>
		<b id="11" c="9 12" t="1"/>
		<b id="12" c="13 12" t="1"/>
		<b id="13" c="14 12" t="1"/>
		<b id="14" c="12 15" t="1"/>
		<b id="15" c="16 15" t="1"/>
		<b id="16" c="15 17" t="1"/>
		<b id="17" c="1 18" t="1"/>
		<b id="18" c="1 19" t="1"/>
		<b id="19" c="1 20" t="1"/>
		<b id="20" c="3 21" t="1"/>
		<b id="21" c="3 22" t="1"/>
		<b id="22" c="3 23" t="1"/>
		<b id="23" c="4 24" t="1"/>
		<b id="24" c="4 25" t="1"/>
		<b id="25" c="4 26" t="1"/>
		<b id="26" c="5 27" t="1"/>
		<b id="27" c="5 28" t="1"/>
		<b id="28" c="15 29" t="1"/>
	</bonds>
	<geometry>
		<g u="A" t="cart/3d">#29,3:-1.2567,0.1556,1.7268;-1.6957,-0.4441,0.3952;-2.8948,-1.3620,0.6875;-2.1705,0.6604,-0.5386;-0.5969,-1.3168,-0.2372;0.5125,-0.5925,-1.0077;1.1032,-1.3760,-1.5018;0.0930,0.0089,-1.8222;1.4668,0.2589,-0.1725;1.7493,-0.2790,0.7398;0.9744,1.1896,0.1226;2.7269,0.6187,-0.9641;3.2525,-0.2950,-1.2651;2.4505,1.1519,-1.8813;3.6697,1.4870,-0.1460;3.1868,2.4258,0.1435;3.9888,0.9694,0.7643;-0.5029,0.9211,1.5518;-2.1288,0.6155,2.2026;-0.8607,-0.6455,2.3574;-3.6789,-0.7699,1.1692;-3.2589,-1.7695,-0.2605;-2.5582,-2.1650,1.3502;-3.0385,1.1484,-0.0846;-2.4442,0.2091,-1.4966;-1.3660,1.3890,-0.6651;-1.1067,-1.9825,-0.9452;-0.1791,-1.9420,0.5608;4.5631,1.7305,-0.7294;</g>
	</geometry>
	<conformers/>
	<properties/>
</molecule>
