<?xml version="1.0" ?>
<!--MOLLI PACKAGE EXPERIMENTAL XML FORMAT-->
<molecule name="react_536_c2_frag_0">
	<atoms>
		<a id="1" s="C" t="C.3" l="C"/>
		<a id="2" s="N" t="N.4" l="N"/>
		<a id="3" s="C" t="C.3" l="C"/>
		<a id="4" s="C" t="C.3" l="C"/>
		<a id="5" s="C" t="C.3" l="C"/>
		<a id="6" s="O" t="O.3" l="O"/>
		<a id="7" s="C" t="C.3" l="C"/>
		<a id="8" s="H" t="H" l="H"/>
		<a id="9" s="H" t="H" l="H"/>
		<a id="10" s="C" t="C.3" l="C"/>
		<a id="11" s="H" t="H" l="H"/>
		<a id="12" s="H" t="H" l="H"/>
		<a id="13" s="C" t="C.3" l="C"/>
		<a id="14" s="H" t="H" l="H"/>
		<a id="15" s="H" t="H" l="H"/>
		<a id="16" s="C" t="C.3" l="C"/>
		<a id="17" s="H" t="H" l="H"/>
		<a id="18" s="H" t="H" l="H"/>
		<a id="19" s="C" t="C.3" l="C"/>
		<a id="20" s="H" t="H" l="H"/>
		<a id="21" s="H" t="H" l="H"/>
		<a id="22" s="H" t="H" l="H"/>
		<a id="23" s="H" t="H" l="H"/>
		<a id="24" s="H" t="H" l="H"/>
		<a id="25" s="H" t="H" l="H"/>
		<a id="26" s="H" t="H" l="H"/>
		<a id="27" s="H" t="H" l="H"/>
		<a id="28" s="H" t="H" l="H"/>
		<a id="29" s="H" t="H" l="H"/>
		<a id="30" s="H" t="H" l="H"/>
		<a id="31" s="H" t="H" l="H"/>
		<a id="32" s="H" t="H" l="H"/>
		<a id="33" s="H" t="H" l="H"/>
	</atoms>
	<bonds>
		<b id="1" c="1 2" t="1"/>
		<b id="2" c="3 2" t="1"/>
		<b id="3" c="4 2" t="1"/>
		<b id="4" c="2 5" t="1"/>
		<b id="5" c="5 6" t="1"/>
		<b id="6" c="6 7" t="1"/>
		<b id="7" c="8 7" t="1"/>
		<b id="8" c="9 7" t="1"/>
		<b id="9" c="7 10" t="1"/>
		<b id="10" c="11 10" t="1"/>
		<b id="11" c="12 10" t="1"/>
		<b id="12" c="10 13" t="1"/>
		<b id="13" c="14 13" t="1"/>
		<b id="14" c="15 13" t="1"/>
		<b id="15" c="13 16" t="1"/>
		<b id="16" c="17 16" t="1"/>
		<b id="17" c="18 16" t="1"/>
		<b id="18" c="16 19" t="1"/>
		<b id="19" c="20 19" t="1"/>
		<b id="20" c="21 19" t="1"/>
		<b id="21" c="19 22" t="1"/>
		<b id="22" c="1 23" t="1"/>
		<b id="23" c="1 24" t="1"/>
		<b id="24" c="1 25" t="1"/>
		<b id="25" c="3 26" t="1"/>
		<b id="26" c="3 27" t="1"/>
		<b id="27" c="3 28" t="1"/>
		<b id="28" c="4 29" t="1"/>
		<b id="29" c="4 30" t="1"/>
		<b id="30" c="4 31" t="1"/>
		<b id="31" c="5 32" t="1"/>
		<b id="32" c="5 33" t="1"/>
	</bonds>
	<geometry>
		<g u="A" t="cart/3d">#33,3:-2.5845,1.8082,-0.1211;-2.7747,0.3022,-0.0729;-3.2460,-0.0998,1.3138;-3.7988,-0.1199,-1.1062;-1.4511,-0.3742,-0.3621;-0.4460,-0.0232,0.5679;0.7968,-0.6691,0.2792;0.6583,-1.7558,0.3095;1.1271,-0.3747,-0.7224;1.8100,-0.2354,1.3323;1.9315,0.8539,1.2990;1.3964,-0.4446,2.3275;3.1649,-0.9334,1.2081;3.8061,-0.5940,2.0312;3.0234,-2.0117,1.3534;3.9024,-0.7162,-0.1153;4.8477,-1.2712,-0.0771;3.3291,-1.1417,-0.9462;4.2114,0.7440,-0.4059;3.2975,1.3217,-0.5727;4.8239,0.8255,-1.3096;4.7649,1.2007,0.4206;-1.8709,2.1050,0.6531;-3.5532,2.2837,0.0610;-2.2102,2.0806,-1.1126;-2.5167,0.2422,2.0540;-3.3437,-1.1892,1.3464;-4.2158,0.3724,1.4983;-3.9193,-1.2062,-1.0550;-4.7467,0.3781,-0.8809;-3.4396,0.1778,-2.0959;-1.6259,-1.4571,-0.3380;-1.1484,-0.0788,-1.3746;</g>
	</geometry>
	<conformers/>
	<properties/>
</molecule>
