<?xml version="1.0" ?>
<!--MOLLI PACKAGE EXPERIMENTAL XML FORMAT-->
<molecule name="react_537_c1_frag_0">
	<atoms>
		<a id="1" s="C" t="C.3" l="C"/>
		<a id="2" s="N" t="N.4" l="N"/>
		<a id="3" s="C" t="C.3" l="C"/>
		<a id="4" s="C" t="C.3" l="C"/>
		<a id="5" s="C" t="C.3" l="C"/>
		<a id="6" s="C" t="C.3" l="C"/>
		<a id="7" s="H" t="H" l="H"/>
		<a id="8" s="H" t="H" l="H"/>
		<a id="9" s="C" t="C.3" l="C"/>
		<a id="10" s="H" t="H" l="H"/>
		<a id="11" s="H" t="H" l="H"/>
		<a id="12" s="C" t="C.3" l="C"/>
		<a id="13" s="H" t="H" l="H"/>
		<a id="14" s="H" t="H" l="H"/>
		<a id="15" s="C" t="C.3" l="C"/>
		<a id="16" s="H" t="H" l="H"/>
		<a id="17" s="H" t="H" l="H"/>
		<a id="18" s="C" t="C.3" l="C"/>
		<a id="19" s="H" t="H" l="H"/>
		<a id="20" s="H" t="H" l="H"/>
		<a id="21" s="H" t="H" l="H"/>
		<a id="22" s="H" t="H" l="H"/>
		<a id="23" s="H" t="H" l="H"/>
		<a id="24" s="H" t="H" l="H"/>
		<a id="25" s="H" t="H" l="H"/>
		<a id="26" s="H" t="H" l="H"/>
		<a id="27" s="H" t="H" l="H"/>
		<a id="28" s="H" t="H" l="H"/>
		<a id="29" s="H" t="H" l="H"/>
		<a id="30" s="H" t="H" l="H"/>
		<a id="31" s="H" t="H" l="H"/>
		<a id="32" s="H" t="H" l="H"/>
	</atoms>
	<bonds>
		<b id="1" c="1 2" t="1"/>
		<b id="2" c="3 2" t="1"/>
		<b id="3" c="4 2" t="1"/>
		<b id="4" c="2 5" t="1"/>
		<b id="5" c="5 6" t="1"/>
		<b id="6" c="7 6" t="1"/>
		<b id="7" c="8 6" t="1"/>
		<b id="8" c="6 9" t="1"/>
		<b id="9" c="10 9" t="1"/>
		<b id="10" c="11 9" t="1"/>
		<b id="11" c="9 12" t="1"/>
		<b id="12" c="13 12" t="1"/>
		<b id="13" c="14 12" t="1"/>
		<b id="14" c="12 15" t="1"/>
		<b id="15" c="16 15" t="1"/>
		<b id="16" c="17 15" t="1"/>
		<b id="17" c="15 18" t="1"/>
		<b id="18" c="19 18" t="1"/>
		<b id="19" c="18 20" t="1"/>
		<b id="20" c="1 21" t="1"/>
		<b id="21" c="1 22" t="1"/>
		<b id="22" c="1 23" t="1"/>
		<b id="23" c="3 24" t="1"/>
		<b id="24" c="3 25" t="1"/>
		<b id="25" c="3 26" t="1"/>
		<b id="26" c="4 27" t="1"/>
		<b id="27" c="4 28" t="1"/>
		<b id="28" c="4 29" t="1"/>
		<b id="29" c="5 30" t="1"/>
		<b id="30" c="5 31" t="1"/>
		<b id="31" c="18 32" t="1"/>
	</bonds>
	<geometry>
		<g u="A" t="cart/3d">#32,3:-3.6527,-1.1613,-0.0800;-2.5705,-0.0842,-0.2140;-2.6784,0.5265,-1.6064;-2.8348,0.9878,0.8369;-1.2060,-0.7648,0.0018;-0.0164,0.1907,-0.1024;0.0152,0.6620,-1.0901;-0.0958,0.9891,0.6425;1.2987,-0.5626,0.1240;1.2844,-1.0372,1.1127;1.3952,-1.3641,-0.6186;2.5028,0.3756,0.0239;2.5174,0.8507,-0.9646;2.4066,1.1774,0.7662;3.8139,-0.3766,0.2499;3.9170,-1.1768,-0.4923;3.8062,-0.8501,1.2386;5.0133,0.5524,0.1513;4.9572,1.3466,0.9026;5.0686,1.0180,-0.8379;-3.4746,-1.9264,-0.8415;-4.6305,-0.6938,-0.2308;-3.5876,-1.5933,0.9231;-3.7063,0.8725,-1.7530;-2.4251,-0.2420,-2.3423;-1.9930,1.3746,-1.6774;-2.6920,0.5450,1.8268;-2.1439,1.8194,0.6789;-3.8646,1.3393,0.7200;-1.2380,-1.2296,0.9947;-1.1263,-1.5590,-0.7503;5.9400,-0.0062,0.3160;</g>
	</geometry>
	<conformers/>
	<properties/>
</molecule>
