<?xml version="1.0" ?>
<!--MOLLI PACKAGE EXPERIMENTAL XML FORMAT-->
<molecule name="react_537_c2_frag_0">
	<atoms>
		<a id="1" s="C" t="C.3" l="C"/>
		<a id="2" s="N" t="N.4" l="N"/>
		<a id="3" s="C" t="C.3" l="C"/>
		<a id="4" s="C" t="C.3" l="C"/>
		<a id="5" s="C" t="C.3" l="C"/>
		<a id="6" s="O" t="O.3" l="O"/>
		<a id="7" s="C" t="C.3" l="C"/>
		<a id="8" s="H" t="H" l="H"/>
		<a id="9" s="H" t="H" l="H"/>
		<a id="10" s="H" t="H" l="H"/>
		<a id="11" s="H" t="H" l="H"/>
		<a id="12" s="H" t="H" l="H"/>
		<a id="13" s="H" t="H" l="H"/>
		<a id="14" s="H" t="H" l="H"/>
		<a id="15" s="H" t="H" l="H"/>
		<a id="16" s="H" t="H" l="H"/>
		<a id="17" s="H" t="H" l="H"/>
		<a id="18" s="H" t="H" l="H"/>
		<a id="19" s="H" t="H" l="H"/>
		<a id="20" s="H" t="H" l="H"/>
		<a id="21" s="H" t="H" l="H"/>
	</atoms>
	<bonds>
		<b id="1" c="1 2" t="1"/>
		<b id="2" c="3 2" t="1"/>
		<b id="3" c="4 2" t="1"/>
		<b id="4" c="2 5" t="1"/>
		<b id="5" c="5 6" t="1"/>
		<b id="6" c="6 7" t="1"/>
		<b id="7" c="8 7" t="1"/>
		<b id="8" c="9 7" t="1"/>
		<b id="9" c="7 10" t="1"/>
		<b id="10" c="1 11" t="1"/>
		<b id="11" c="1 12" t="1"/>
		<b id="12" c="1 13" t="1"/>
		<b id="13" c="3 14" t="1"/>
		<b id="14" c="3 15" t="1"/>
		<b id="15" c="3 16" t="1"/>
		<b id="16" c="4 17" t="1"/>
		<b id="17" c="4 18" t="1"/>
		<b id="18" c="4 19" t="1"/>
		<b id="19" c="5 20" t="1"/>
		<b id="20" c="5 21" t="1"/>
	</bonds>
	<geometry>
		<g u="A" t="cart/3d">#21,3:-1.2391,-0.9553,0.8921;-0.7368,0.2137,0.0629;-1.3202,1.5075,0.5928;-1.1514,0.0169,-1.3849;0.7746,0.2663,0.1436;1.3881,-0.9134,-0.3365;2.8074,-0.8426,-0.2516;3.2217,-1.7786,-0.6353;3.1859,-0.0160,-0.8606;3.1223,-0.7204,0.7892;-0.8409,-1.8863,0.4781;-0.9032,-0.8200,1.9246;-2.3325,-0.9641,0.8483;-2.4109,1.4508,0.5265;-1.0092,1.6300,1.6347;-0.9456,2.3352,-0.0170;-0.7528,0.8460,-1.9773;-0.7552,-0.9371,-1.7451;-2.2447,0.0097,-1.4322;1.1028,1.1299,-0.4485;1.0395,0.4277,1.1961;</g>
	</geometry>
	<conformers/>
	<properties/>
</molecule>
