<?xml version="1.0" ?>
<!--MOLLI PACKAGE EXPERIMENTAL XML FORMAT-->
<molecule name="react_538_c1_frag_0">
	<atoms>
		<a id="1" s="C" t="C.3" l="C"/>
		<a id="2" s="N" t="N.4" l="N"/>
		<a id="3" s="C" t="C.3" l="C"/>
		<a id="4" s="C" t="C.3" l="C"/>
		<a id="5" s="C" t="C.3" l="C"/>
		<a id="6" s="C" t="C.3" l="C"/>
		<a id="7" s="H" t="H" l="H"/>
		<a id="8" s="H" t="H" l="H"/>
		<a id="9" s="C" t="C.3" l="C"/>
		<a id="10" s="H" t="H" l="H"/>
		<a id="11" s="H" t="H" l="H"/>
		<a id="12" s="C" t="C.3" l="C"/>
		<a id="13" s="H" t="H" l="H"/>
		<a id="14" s="H" t="H" l="H"/>
		<a id="15" s="C" t="C.3" l="C"/>
		<a id="16" s="H" t="H" l="H"/>
		<a id="17" s="H" t="H" l="H"/>
		<a id="18" s="C" t="C.3" l="C"/>
		<a id="19" s="H" t="H" l="H"/>
		<a id="20" s="H" t="H" l="H"/>
		<a id="21" s="H" t="H" l="H"/>
		<a id="22" s="H" t="H" l="H"/>
		<a id="23" s="H" t="H" l="H"/>
		<a id="24" s="H" t="H" l="H"/>
		<a id="25" s="H" t="H" l="H"/>
		<a id="26" s="H" t="H" l="H"/>
		<a id="27" s="H" t="H" l="H"/>
		<a id="28" s="H" t="H" l="H"/>
		<a id="29" s="H" t="H" l="H"/>
		<a id="30" s="H" t="H" l="H"/>
		<a id="31" s="H" t="H" l="H"/>
		<a id="32" s="H" t="H" l="H"/>
	</atoms>
	<bonds>
		<b id="1" c="1 2" t="1"/>
		<b id="2" c="3 2" t="1"/>
		<b id="3" c="4 2" t="1"/>
		<b id="4" c="2 5" t="1"/>
		<b id="5" c="5 6" t="1"/>
		<b id="6" c="7 6" t="1"/>
		<b id="7" c="8 6" t="1"/>
		<b id="8" c="6 9" t="1"/>
		<b id="9" c="10 9" t="1"/>
		<b id="10" c="11 9" t="1"/>
		<b id="11" c="9 12" t="1"/>
		<b id="12" c="13 12" t="1"/>
		<b id="13" c="14 12" t="1"/>
		<b id="14" c="12 15" t="1"/>
		<b id="15" c="16 15" t="1"/>
		<b id="16" c="17 15" t="1"/>
		<b id="17" c="15 18" t="1"/>
		<b id="18" c="19 18" t="1"/>
		<b id="19" c="18 20" t="1"/>
		<b id="20" c="1 21" t="1"/>
		<b id="21" c="1 22" t="1"/>
		<b id="22" c="1 23" t="1"/>
		<b id="23" c="3 24" t="1"/>
		<b id="24" c="3 25" t="1"/>
		<b id="25" c="3 26" t="1"/>
		<b id="26" c="4 27" t="1"/>
		<b id="27" c="4 28" t="1"/>
		<b id="28" c="4 29" t="1"/>
		<b id="29" c="5 30" t="1"/>
		<b id="30" c="5 31" t="1"/>
		<b id="31" c="18 32" t="1"/>
	</bonds>
	<geometry>
		<g u="A" t="cart/3d">#32,3:-3.4027,0.4587,1.3440;-2.4710,0.1592,0.1645;-2.7654,-1.2535,-0.3263;-2.7728,1.1598,-0.9451;-1.0221,0.2930,0.6691;0.0329,0.0209,-0.4042;-0.0733,-0.9936,-0.8022;-0.0793,0.7180,-1.2410;1.4432,0.1743,0.1776;1.5680,1.1895,0.5733;1.5614,-0.5199,1.0172;2.5132,-0.0981,-0.8823;2.4211,-1.1292,-1.2449;2.3382,0.5568,-1.7449;3.9384,0.1439,-0.3810;4.6268,0.0362,-1.2278;4.0378,1.1746,-0.0214;4.3683,-0.8184,0.7155;5.4231,-0.6594,0.9619;3.7890,-0.6684,1.6311;-3.2040,1.4771,1.6911;-4.4382,0.3679,1.0021;-3.1987,-0.2659,2.1379;-2.1937,-1.4399,-1.2388;-3.8356,-1.3279,-0.5425;-2.4844,-1.9592,0.4606;-2.4970,2.1586,-0.5952;-3.8432,1.1148,-1.1687;-2.2011,0.8874,-1.8355;-0.9164,1.3122,1.0603;-0.9113,-0.4113,1.5024;4.2485,-1.8582,0.3954;</g>
	</geometry>
	<conformers/>
	<properties/>
</molecule>
