<?xml version="1.0" ?>
<!--MOLLI PACKAGE EXPERIMENTAL XML FORMAT-->
<molecule name="react_538_c2_frag_0">
	<atoms>
		<a id="1" s="C" t="C.3" l="C"/>
		<a id="2" s="N" t="N.4" l="N"/>
		<a id="3" s="C" t="C.3" l="C"/>
		<a id="4" s="C" t="C.3" l="C"/>
		<a id="5" s="C" t="C.3" l="C"/>
		<a id="6" s="O" t="O.3" l="O"/>
		<a id="7" s="C" t="C.3" l="C"/>
		<a id="8" s="H" t="H" l="H"/>
		<a id="9" s="H" t="H" l="H"/>
		<a id="10" s="C" t="C.3" l="C"/>
		<a id="11" s="H" t="H" l="H"/>
		<a id="12" s="H" t="H" l="H"/>
		<a id="13" s="C" t="C.3" l="C"/>
		<a id="14" s="H" t="H" l="H"/>
		<a id="15" s="H" t="H" l="H"/>
		<a id="16" s="C" t="C.3" l="C"/>
		<a id="17" s="H" t="H" l="H"/>
		<a id="18" s="H" t="H" l="H"/>
		<a id="19" s="C" t="C.3" l="C"/>
		<a id="20" s="H" t="H" l="H"/>
		<a id="21" s="H" t="H" l="H"/>
		<a id="22" s="H" t="H" l="H"/>
		<a id="23" s="H" t="H" l="H"/>
		<a id="24" s="H" t="H" l="H"/>
		<a id="25" s="H" t="H" l="H"/>
		<a id="26" s="H" t="H" l="H"/>
		<a id="27" s="H" t="H" l="H"/>
		<a id="28" s="H" t="H" l="H"/>
		<a id="29" s="H" t="H" l="H"/>
		<a id="30" s="H" t="H" l="H"/>
		<a id="31" s="H" t="H" l="H"/>
		<a id="32" s="H" t="H" l="H"/>
		<a id="33" s="H" t="H" l="H"/>
	</atoms>
	<bonds>
		<b id="1" c="1 2" t="1"/>
		<b id="2" c="3 2" t="1"/>
		<b id="3" c="4 2" t="1"/>
		<b id="4" c="2 5" t="1"/>
		<b id="5" c="5 6" t="1"/>
		<b id="6" c="6 7" t="1"/>
		<b id="7" c="8 7" t="1"/>
		<b id="8" c="9 7" t="1"/>
		<b id="9" c="7 10" t="1"/>
		<b id="10" c="11 10" t="1"/>
		<b id="11" c="12 10" t="1"/>
		<b id="12" c="10 13" t="1"/>
		<b id="13" c="14 13" t="1"/>
		<b id="14" c="15 13" t="1"/>
		<b id="15" c="13 16" t="1"/>
		<b id="16" c="17 16" t="1"/>
		<b id="17" c="18 16" t="1"/>
		<b id="18" c="16 19" t="1"/>
		<b id="19" c="20 19" t="1"/>
		<b id="20" c="21 19" t="1"/>
		<b id="21" c="19 22" t="1"/>
		<b id="22" c="1 23" t="1"/>
		<b id="23" c="1 24" t="1"/>
		<b id="24" c="1 25" t="1"/>
		<b id="25" c="3 26" t="1"/>
		<b id="26" c="3 27" t="1"/>
		<b id="27" c="3 28" t="1"/>
		<b id="28" c="4 29" t="1"/>
		<b id="29" c="4 30" t="1"/>
		<b id="30" c="4 31" t="1"/>
		<b id="31" c="5 32" t="1"/>
		<b id="32" c="5 33" t="1"/>
	</bonds>
	<geometry>
		<g u="A" t="cart/3d">#33,3:-1.9096,1.4003,-1.7026;-2.6054,0.3510,-0.8529;-3.8041,-0.2007,-1.5966;-3.0549,0.9813,0.4537;-1.6317,-0.7694,-0.5538;-0.4855,-0.3212,0.1407;0.4297,-1.3850,0.4051;0.7372,-1.8536,-0.5369;-0.0642,-2.1377,1.0301;1.6456,-0.8310,1.1433;1.3135,-0.3269,2.0589;2.2871,-1.6690,1.4354;2.4349,0.1650,0.2868;2.7924,-0.3330,-0.6227;1.7702,0.9747,-0.0378;3.6184,0.7939,1.0259;3.2674,1.2929,1.9366;4.0526,1.5715,0.3861;4.7113,-0.2017,1.3829;5.5687,0.3224,1.8174;4.3640,-0.9329,2.1185;5.0580,-0.7401,0.4952;-1.5587,0.9258,-2.6240;-2.6314,2.1894,-1.9349;-1.0681,1.8167,-1.1412;-4.4944,0.6225,-1.8044;-3.4581,-0.6510,-2.5319;-4.2894,-0.9531,-0.9676;-3.7790,1.7693,0.2249;-3.5208,0.2077,1.0716;-2.1864,1.4083,0.9638;-1.3419,-1.2142,-1.5140;-2.1673,-1.5169,0.0446;</g>
	</geometry>
	<conformers/>
	<properties/>
</molecule>
