<?xml version="1.0" ?>
<!--MOLLI PACKAGE EXPERIMENTAL XML FORMAT-->
<molecule name="react_577_c1_frag_0">
	<atoms>
		<a id="1" s="C" t="C.3" l="C"/>
		<a id="2" s="N" t="N.4" l="N"/>
		<a id="3" s="C" t="C.3" l="C"/>
		<a id="4" s="C" t="C.3" l="C"/>
		<a id="5" s="C" t="C.3" l="C"/>
		<a id="6" s="C" t="C.3" l="C"/>
		<a id="7" s="H" t="H" l="H"/>
		<a id="8" s="H" t="H" l="H"/>
		<a id="9" s="O" t="O.3" l="O"/>
		<a id="10" s="H" t="H" l="H"/>
		<a id="11" s="H" t="H" l="H"/>
		<a id="12" s="H" t="H" l="H"/>
		<a id="13" s="H" t="H" l="H"/>
		<a id="14" s="H" t="H" l="H"/>
		<a id="15" s="H" t="H" l="H"/>
		<a id="16" s="H" t="H" l="H"/>
		<a id="17" s="H" t="H" l="H"/>
		<a id="18" s="H" t="H" l="H"/>
		<a id="19" s="H" t="H" l="H"/>
		<a id="20" s="H" t="H" l="H"/>
		<a id="21" s="H" t="H" l="H"/>
	</atoms>
	<bonds>
		<b id="1" c="1 2" t="1"/>
		<b id="2" c="3 2" t="1"/>
		<b id="3" c="4 2" t="1"/>
		<b id="4" c="2 5" t="1"/>
		<b id="5" c="5 6" t="1"/>
		<b id="6" c="7 6" t="1"/>
		<b id="7" c="8 6" t="1"/>
		<b id="8" c="6 9" t="1"/>
		<b id="9" c="9 10" t="1"/>
		<b id="10" c="1 11" t="1"/>
		<b id="11" c="1 12" t="1"/>
		<b id="12" c="1 13" t="1"/>
		<b id="13" c="3 14" t="1"/>
		<b id="14" c="3 15" t="1"/>
		<b id="15" c="3 16" t="1"/>
		<b id="16" c="4 17" t="1"/>
		<b id="17" c="4 18" t="1"/>
		<b id="18" c="4 19" t="1"/>
		<b id="19" c="5 20" t="1"/>
		<b id="20" c="5 21" t="1"/>
	</bonds>
	<geometry>
		<g u="A" t="cart/3d">#21,3:-0.6052,1.4950,0.5370;-0.6332,0.0334,0.1117;-1.6962,-0.6899,0.9452;-1.0220,-0.0743,-1.3563;0.7179,-0.6551,0.3849;1.9159,-0.0619,-0.3704;1.7851,-0.1384,-1.4529;2.0832,0.9836,-0.0991;3.0797,-0.7978,-0.0168;3.8401,-0.4195,-0.4977;-0.2761,1.5470,1.5788;0.0824,2.0399,-0.1147;-1.6147,1.9044,0.4333;-2.6640,-0.2131,0.7631;-1.7238,-1.7389,0.6356;-1.4231,-0.6067,2.0014;-0.3220,0.5171,-1.9519;-0.9864,-1.1278,-1.6483;-2.0349,0.3222,-1.4755;0.6011,-1.7151,0.1263;0.8962,-0.6043,1.4665;</g>
	</geometry>
	<conformers/>
	<properties/>
</molecule>
