<?xml version="1.0" ?>
<!--MOLLI PACKAGE EXPERIMENTAL XML FORMAT-->
<molecule name="react_577_c2_frag_0">
	<atoms>
		<a id="1" s="C" t="C.3" l="C"/>
		<a id="2" s="N" t="N.4" l="N"/>
		<a id="3" s="C" t="C.3" l="C"/>
		<a id="4" s="C" t="C.3" l="C"/>
		<a id="5" s="C" t="C.3" l="C"/>
		<a id="6" s="C" t="C.3" l="C"/>
		<a id="7" s="H" t="H" l="H"/>
		<a id="8" s="H" t="H" l="H"/>
		<a id="9" s="C" t="C.3" l="C"/>
		<a id="10" s="H" t="H" l="H"/>
		<a id="11" s="H" t="H" l="H"/>
		<a id="12" s="C" t="C.3" l="C"/>
		<a id="13" s="H" t="H" l="H"/>
		<a id="14" s="H" t="H" l="H"/>
		<a id="15" s="H" t="H" l="H"/>
		<a id="16" s="H" t="H" l="H"/>
		<a id="17" s="H" t="H" l="H"/>
		<a id="18" s="H" t="H" l="H"/>
		<a id="19" s="H" t="H" l="H"/>
		<a id="20" s="H" t="H" l="H"/>
		<a id="21" s="H" t="H" l="H"/>
		<a id="22" s="H" t="H" l="H"/>
		<a id="23" s="H" t="H" l="H"/>
		<a id="24" s="H" t="H" l="H"/>
		<a id="25" s="H" t="H" l="H"/>
		<a id="26" s="H" t="H" l="H"/>
	</atoms>
	<bonds>
		<b id="1" c="1 2" t="1"/>
		<b id="2" c="3 2" t="1"/>
		<b id="3" c="4 2" t="1"/>
		<b id="4" c="2 5" t="1"/>
		<b id="5" c="5 6" t="1"/>
		<b id="6" c="7 6" t="1"/>
		<b id="7" c="8 6" t="1"/>
		<b id="8" c="6 9" t="1"/>
		<b id="9" c="10 9" t="1"/>
		<b id="10" c="11 9" t="1"/>
		<b id="11" c="9 12" t="1"/>
		<b id="12" c="13 12" t="1"/>
		<b id="13" c="14 12" t="1"/>
		<b id="14" c="12 15" t="1"/>
		<b id="15" c="1 16" t="1"/>
		<b id="16" c="1 17" t="1"/>
		<b id="17" c="1 18" t="1"/>
		<b id="18" c="3 19" t="1"/>
		<b id="19" c="3 20" t="1"/>
		<b id="20" c="3 21" t="1"/>
		<b id="21" c="4 22" t="1"/>
		<b id="22" c="4 23" t="1"/>
		<b id="23" c="4 24" t="1"/>
		<b id="24" c="5 25" t="1"/>
		<b id="25" c="5 26" t="1"/>
	</bonds>
	<geometry>
		<g u="A" t="cart/3d">#26,3:-1.5362,-0.5159,1.6138;-1.4547,-0.0755,0.1568;-1.5922,-1.2903,-0.7535;-2.6307,0.8667,-0.1235;-0.1562,0.7019,-0.1282;1.1159,-0.1134,0.1084;1.1695,-0.4532,1.1478;1.1297,-1.0023,-0.5307;2.3576,0.7292,-0.1966;2.3676,1.6215,0.4402;2.3279,1.0728,-1.2372;3.6372,-0.0599,0.0312;4.5102,0.5610,-0.1926;3.6738,-0.9430,-0.6147;3.7137,-0.3914,1.0717;-2.5297,-0.9390,1.7916;-0.7753,-1.2782,1.7985;-1.3738,0.3590,2.2497;-2.5864,-1.7227,-0.6044;-1.4694,-0.9623,-1.7897;-0.8293,-2.0250,-0.4846;-2.5434,1.7341,0.5375;-3.5630,0.3291,0.0744;-2.5839,1.1748,-1.1722;-0.2094,1.0344,-1.1720;-0.1694,1.5875,0.5187;</g>
	</geometry>
	<conformers/>
	<properties/>
</molecule>
