<?xml version="1.0" ?>
<!--MOLLI PACKAGE EXPERIMENTAL XML FORMAT-->
<molecule name="react_579_c2_frag_0">
	<atoms>
		<a id="1" s="C" t="C.3" l="C"/>
		<a id="2" s="N" t="N.4" l="N"/>
		<a id="3" s="C" t="C.3" l="C"/>
		<a id="4" s="C" t="C.3" l="C"/>
		<a id="5" s="C" t="C.3" l="C"/>
		<a id="6" s="C" t="C.3" l="C"/>
		<a id="7" s="H" t="H" l="H"/>
		<a id="8" s="H" t="H" l="H"/>
		<a id="9" s="C" t="C.3" l="C"/>
		<a id="10" s="H" t="H" l="H"/>
		<a id="11" s="H" t="H" l="H"/>
		<a id="12" s="C" t="C.3" l="C"/>
		<a id="13" s="H" t="H" l="H"/>
		<a id="14" s="H" t="H" l="H"/>
		<a id="15" s="C" t="C.3" l="C"/>
		<a id="16" s="H" t="H" l="H"/>
		<a id="17" s="H" t="H" l="H"/>
		<a id="18" s="C" t="C.3" l="C"/>
		<a id="19" s="H" t="H" l="H"/>
		<a id="20" s="H" t="H" l="H"/>
		<a id="21" s="C" t="C.3" l="C"/>
		<a id="22" s="H" t="H" l="H"/>
		<a id="23" s="H" t="H" l="H"/>
		<a id="24" s="C" t="C.3" l="C"/>
		<a id="25" s="H" t="H" l="H"/>
		<a id="26" s="H" t="H" l="H"/>
		<a id="27" s="C" t="C.3" l="C"/>
		<a id="28" s="H" t="H" l="H"/>
		<a id="29" s="H" t="H" l="H"/>
		<a id="30" s="C" t="C.3" l="C"/>
		<a id="31" s="H" t="H" l="H"/>
		<a id="32" s="H" t="H" l="H"/>
		<a id="33" s="C" t="C.3" l="C"/>
		<a id="34" s="H" t="H" l="H"/>
		<a id="35" s="H" t="H" l="H"/>
		<a id="36" s="H" t="H" l="H"/>
		<a id="37" s="H" t="H" l="H"/>
		<a id="38" s="H" t="H" l="H"/>
		<a id="39" s="H" t="H" l="H"/>
		<a id="40" s="H" t="H" l="H"/>
		<a id="41" s="H" t="H" l="H"/>
		<a id="42" s="H" t="H" l="H"/>
		<a id="43" s="H" t="H" l="H"/>
		<a id="44" s="H" t="H" l="H"/>
		<a id="45" s="H" t="H" l="H"/>
		<a id="46" s="H" t="H" l="H"/>
		<a id="47" s="H" t="H" l="H"/>
	</atoms>
	<bonds>
		<b id="1" c="1 2" t="1"/>
		<b id="2" c="3 2" t="1"/>
		<b id="3" c="4 2" t="1"/>
		<b id="4" c="2 5" t="1"/>
		<b id="5" c="5 6" t="1"/>
		<b id="6" c="7 6" t="1"/>
		<b id="7" c="8 6" t="1"/>
		<b id="8" c="6 9" t="1"/>
		<b id="9" c="10 9" t="1"/>
		<b id="10" c="11 9" t="1"/>
		<b id="11" c="9 12" t="1"/>
		<b id="12" c="13 12" t="1"/>
		<b id="13" c="14 12" t="1"/>
		<b id="14" c="12 15" t="1"/>
		<b id="15" c="16 15" t="1"/>
		<b id="16" c="17 15" t="1"/>
		<b id="17" c="15 18" t="1"/>
		<b id="18" c="19 18" t="1"/>
		<b id="19" c="20 18" t="1"/>
		<b id="20" c="18 21" t="1"/>
		<b id="21" c="22 21" t="1"/>
		<b id="22" c="23 21" t="1"/>
		<b id="23" c="21 24" t="1"/>
		<b id="24" c="25 24" t="1"/>
		<b id="25" c="26 24" t="1"/>
		<b id="26" c="24 27" t="1"/>
		<b id="27" c="28 27" t="1"/>
		<b id="28" c="29 27" t="1"/>
		<b id="29" c="27 30" t="1"/>
		<b id="30" c="31 30" t="1"/>
		<b id="31" c="32 30" t="1"/>
		<b id="32" c="30 33" t="1"/>
		<b id="33" c="34 33" t="1"/>
		<b id="34" c="35 33" t="1"/>
		<b id="35" c="33 36" t="1"/>
		<b id="36" c="1 37" t="1"/>
		<b id="37" c="1 38" t="1"/>
		<b id="38" c="1 39" t="1"/>
		<b id="39" c="3 40" t="1"/>
		<b id="40" c="3 41" t="1"/>
		<b id="41" c="3 42" t="1"/>
		<b id="42" c="4 43" t="1"/>
		<b id="43" c="4 44" t="1"/>
		<b id="44" c="4 45" t="1"/>
		<b id="45" c="5 46" t="1"/>
		<b id="46" c="5 47" t="1"/>
	</bonds>
	<geometry>
		<g u="A" t="cart/3d">#47,3:-5.3320,1.0100,0.2694;-4.8367,-0.1908,-0.5282;-5.8103,-0.4281,-1.6879;-4.8421,-1.4312,0.3577;-3.4442,0.0667,-1.1336;-2.3557,0.3232,-0.0905;-2.6040,1.1973,0.5203;-2.2570,-0.5339,0.5836;-1.0057,0.5688,-0.7727;-1.0876,1.4284,-1.4490;-0.7399,-0.3015,-1.3852;0.0989,0.8279,0.2546;-0.1642,1.7005,0.8645;0.1682,-0.0324,0.9296;1.4461,1.0679,-0.4300;1.3395,1.8889,-1.1502;1.7298,0.1839,-1.0123;2.5670,1.4390,0.5458;3.4717,1.6639,-0.0314;2.2968,2.3730,1.0548;2.8934,0.3892,1.6127;2.0365,0.2806,2.2885;3.7087,0.7730,2.2378;3.2707,-0.9982,1.0837;2.4008,-1.4482,0.5908;3.4951,-1.6435,1.9425;4.4557,-1.0390,0.1140;4.5946,-2.0793,-0.2065;4.2225,-0.4679,-0.7918;5.7601,-0.5290,0.7273;5.9775,-1.0779,1.6508;5.6693,0.5302,0.9903;6.9262,-0.6919,-0.2358;7.0772,-1.7445,-0.4953;6.7526,-0.1310,-1.1597;7.8488,-0.3190,0.2199;-6.3716,0.8272,0.5587;-4.7167,1.1205,1.1656;-5.2620,1.8991,-0.3637;-6.8064,-0.6131,-1.2746;-5.8196,0.4653,-2.3193;-5.4658,-1.2977,-2.2555;-4.2443,-1.2336,1.2508;-5.8757,-1.6436,0.6480;-4.4260,-2.2663,-0.2130;-3.5450,0.9302,-1.8023;-3.1950,-0.8132,-1.7389;</g>
	</geometry>
	<conformers/>
	<properties/>
</molecule>
