<?xml version="1.0" ?>
<!--MOLLI PACKAGE EXPERIMENTAL XML FORMAT-->
<molecule name="react_580_c2_frag_0">
	<atoms>
		<a id="1" s="C" t="C.3" l="C"/>
		<a id="2" s="N" t="N.4" l="N"/>
		<a id="3" s="C" t="C.3" l="C"/>
		<a id="4" s="C" t="C.3" l="C"/>
		<a id="5" s="C" t="C.3" l="C"/>
		<a id="6" s="C" t="C.3" l="C"/>
		<a id="7" s="H" t="H" l="H"/>
		<a id="8" s="H" t="H" l="H"/>
		<a id="9" s="C" t="C.3" l="C"/>
		<a id="10" s="H" t="H" l="H"/>
		<a id="11" s="H" t="H" l="H"/>
		<a id="12" s="C" t="C.3" l="C"/>
		<a id="13" s="H" t="H" l="H"/>
		<a id="14" s="H" t="H" l="H"/>
		<a id="15" s="C" t="C.3" l="C"/>
		<a id="16" s="H" t="H" l="H"/>
		<a id="17" s="H" t="H" l="H"/>
		<a id="18" s="C" t="C.3" l="C"/>
		<a id="19" s="H" t="H" l="H"/>
		<a id="20" s="H" t="H" l="H"/>
		<a id="21" s="C" t="C.3" l="C"/>
		<a id="22" s="H" t="H" l="H"/>
		<a id="23" s="H" t="H" l="H"/>
		<a id="24" s="C" t="C.3" l="C"/>
		<a id="25" s="H" t="H" l="H"/>
		<a id="26" s="O" t="O.3" l="O"/>
		<a id="27" s="C" t="C.3" l="C"/>
		<a id="28" s="H" t="H" l="H"/>
		<a id="29" s="H" t="H" l="H"/>
		<a id="30" s="C" t="C.3" l="C"/>
		<a id="31" s="H" t="H" l="H"/>
		<a id="32" s="H" t="H" l="H"/>
		<a id="33" s="O" t="O.3" l="O"/>
		<a id="34" s="H" t="H" l="H"/>
		<a id="35" s="H" t="H" l="H"/>
		<a id="36" s="H" t="H" l="H"/>
		<a id="37" s="H" t="H" l="H"/>
		<a id="38" s="H" t="H" l="H"/>
		<a id="39" s="H" t="H" l="H"/>
		<a id="40" s="H" t="H" l="H"/>
		<a id="41" s="H" t="H" l="H"/>
		<a id="42" s="H" t="H" l="H"/>
		<a id="43" s="H" t="H" l="H"/>
		<a id="44" s="H" t="H" l="H"/>
	</atoms>
	<bonds>
		<b id="1" c="1 2" t="1"/>
		<b id="2" c="3 2" t="1"/>
		<b id="3" c="4 2" t="1"/>
		<b id="4" c="2 5" t="1"/>
		<b id="5" c="5 6" t="1"/>
		<b id="6" c="7 6" t="1"/>
		<b id="7" c="8 6" t="1"/>
		<b id="8" c="6 9" t="1"/>
		<b id="9" c="10 9" t="1"/>
		<b id="10" c="11 9" t="1"/>
		<b id="11" c="9 12" t="1"/>
		<b id="12" c="13 12" t="1"/>
		<b id="13" c="14 12" t="1"/>
		<b id="14" c="12 15" t="1"/>
		<b id="15" c="16 15" t="1"/>
		<b id="16" c="17 15" t="1"/>
		<b id="17" c="15 18" t="1"/>
		<b id="18" c="19 18" t="1"/>
		<b id="19" c="20 18" t="1"/>
		<b id="20" c="18 21" t="1"/>
		<b id="21" c="22 21" t="1"/>
		<b id="22" c="23 21" t="1"/>
		<b id="23" c="21 24" t="1"/>
		<b id="24" c="25 24" t="1"/>
		<b id="25" c="24 26" t="1"/>
		<b id="26" c="26 27" t="1"/>
		<b id="27" c="28 27" t="1"/>
		<b id="28" c="29 27" t="1"/>
		<b id="29" c="27 30" t="1"/>
		<b id="30" c="31 30" t="1"/>
		<b id="31" c="32 30" t="1"/>
		<b id="32" c="30 33" t="1"/>
		<b id="33" c="33 24" t="1"/>
		<b id="34" c="1 34" t="1"/>
		<b id="35" c="1 35" t="1"/>
		<b id="36" c="1 36" t="1"/>
		<b id="37" c="3 37" t="1"/>
		<b id="38" c="3 38" t="1"/>
		<b id="39" c="3 39" t="1"/>
		<b id="40" c="4 40" t="1"/>
		<b id="41" c="4 41" t="1"/>
		<b id="42" c="4 42" t="1"/>
		<b id="43" c="5 43" t="1"/>
		<b id="44" c="5 44" t="1"/>
	</bonds>
	<geometry>
		<g u="A" t="cart/3d">#44,3:-5.4360,-1.3034,-0.4713;-4.3004,-0.8051,0.4294;-4.8236,0.3702,1.2470;-3.9020,-1.9416,1.3639;-3.1322,-0.3855,-0.4823;-1.9137,0.1393,0.2785;-1.5281,-0.6231,0.9632;-2.1803,1.0166,0.8769;-0.7989,0.5313,-0.6972;-1.1686,1.2995,-1.3873;-0.5172,-0.3394,-1.3019;0.4313,1.0580,0.0455;0.7871,0.2875,0.7386;0.1517,1.9323,0.6455;1.5459,1.4406,-0.9303;1.8542,0.5609,-1.5069;1.1531,2.1621,-1.6578;2.7622,2.0729,-0.2472;2.4517,3.0090,0.2337;3.4868,2.3549,-1.0210;3.4601,1.2017,0.8013;2.8028,1.0348,1.6628;4.3127,1.7715,1.1944;3.9669,-0.1407,0.2768;3.1370,-0.7697,-0.0609;4.8636,0.0486,-0.8233;6.1507,-0.2810,-0.3007;6.8079,-0.6491,-1.0923;6.5820,0.6254,0.1377;5.8432,-1.3125,0.7502;5.6342,-2.2912,0.3048;6.6296,-1.4159,1.5016;4.6368,-0.8300,1.3421;-5.0687,-2.1558,-1.0504;-5.7343,-0.4863,-1.1349;-6.2757,-1.6061,0.1617;-4.0648,0.6617,1.9773;-5.0452,1.1955,0.5644;-5.7311,0.0510,1.7686;-3.4723,-2.7488,0.7640;-3.1765,-1.5676,2.0904;-4.7986,-2.2890,1.8866;-2.8624,-1.2671,-1.0763;-3.5208,0.3838,-1.1605;</g>
	</geometry>
	<conformers/>
	<properties/>
</molecule>
