<?xml version="1.0" ?>
<!--MOLLI PACKAGE EXPERIMENTAL XML FORMAT-->
<molecule name="react_582_c2_frag_0">
	<atoms>
		<a id="1" s="C" t="C.3" l="C"/>
		<a id="2" s="N" t="N.4" l="N"/>
		<a id="3" s="C" t="C.3" l="C"/>
		<a id="4" s="C" t="C.3" l="C"/>
		<a id="5" s="C" t="C.3" l="C"/>
		<a id="6" s="C" t="C.3" l="C"/>
		<a id="7" s="H" t="H" l="H"/>
		<a id="8" s="H" t="H" l="H"/>
		<a id="9" s="C" t="C.3" l="C"/>
		<a id="10" s="H" t="H" l="H"/>
		<a id="11" s="H" t="H" l="H"/>
		<a id="12" s="C" t="C.3" l="C"/>
		<a id="13" s="H" t="H" l="H"/>
		<a id="14" s="H" t="H" l="H"/>
		<a id="15" s="C" t="C.3" l="C"/>
		<a id="16" s="H" t="H" l="H"/>
		<a id="17" s="H" t="H" l="H"/>
		<a id="18" s="C" t="C.3" l="C"/>
		<a id="19" s="H" t="H" l="H"/>
		<a id="20" s="H" t="H" l="H"/>
		<a id="21" s="C" t="C.3" l="C"/>
		<a id="22" s="H" t="H" l="H"/>
		<a id="23" s="H" t="H" l="H"/>
		<a id="24" s="C" t="C.3" l="C"/>
		<a id="25" s="H" t="H" l="H"/>
		<a id="26" s="H" t="H" l="H"/>
		<a id="27" s="C" t="C.1" l="C"/>
		<a id="28" s="N" t="N.1" l="N"/>
		<a id="29" s="H" t="H" l="H"/>
		<a id="30" s="H" t="H" l="H"/>
		<a id="31" s="H" t="H" l="H"/>
		<a id="32" s="H" t="H" l="H"/>
		<a id="33" s="H" t="H" l="H"/>
		<a id="34" s="H" t="H" l="H"/>
		<a id="35" s="H" t="H" l="H"/>
		<a id="36" s="H" t="H" l="H"/>
		<a id="37" s="H" t="H" l="H"/>
		<a id="38" s="H" t="H" l="H"/>
		<a id="39" s="H" t="H" l="H"/>
	</atoms>
	<bonds>
		<b id="1" c="1 2" t="1"/>
		<b id="2" c="3 2" t="1"/>
		<b id="3" c="4 2" t="1"/>
		<b id="4" c="2 5" t="1"/>
		<b id="5" c="5 6" t="1"/>
		<b id="6" c="7 6" t="1"/>
		<b id="7" c="8 6" t="1"/>
		<b id="8" c="6 9" t="1"/>
		<b id="9" c="10 9" t="1"/>
		<b id="10" c="11 9" t="1"/>
		<b id="11" c="9 12" t="1"/>
		<b id="12" c="13 12" t="1"/>
		<b id="13" c="14 12" t="1"/>
		<b id="14" c="12 15" t="1"/>
		<b id="15" c="16 15" t="1"/>
		<b id="16" c="17 15" t="1"/>
		<b id="17" c="15 18" t="1"/>
		<b id="18" c="19 18" t="1"/>
		<b id="19" c="20 18" t="1"/>
		<b id="20" c="18 21" t="1"/>
		<b id="21" c="22 21" t="1"/>
		<b id="22" c="23 21" t="1"/>
		<b id="23" c="21 24" t="1"/>
		<b id="24" c="25 24" t="1"/>
		<b id="25" c="26 24" t="1"/>
		<b id="26" c="24 27" t="1"/>
		<b id="27" c="27 28" t="3"/>
		<b id="28" c="1 29" t="1"/>
		<b id="29" c="1 30" t="1"/>
		<b id="30" c="1 31" t="1"/>
		<b id="31" c="3 32" t="1"/>
		<b id="32" c="3 33" t="1"/>
		<b id="33" c="3 34" t="1"/>
		<b id="34" c="4 35" t="1"/>
		<b id="35" c="4 36" t="1"/>
		<b id="36" c="4 37" t="1"/>
		<b id="37" c="5 38" t="1"/>
		<b id="38" c="5 39" t="1"/>
	</bonds>
	<geometry>
		<g u="A" t="cart/3d">#39,3:-3.7417,-0.0466,1.5258;-3.5797,-0.3041,0.0344;-4.7841,-1.1402,-0.4321;-3.6320,1.0158,-0.7291;-2.3105,-1.1116,-0.2907;-1.0252,-0.7291,0.4542;-1.1668,-0.8061,1.5382;-0.2924,-1.5051,0.2032;-0.4304,0.6345,0.1064;-0.4457,0.7924,-0.9781;-1.0430,1.4176,0.5619;0.9953,0.8323,0.6361;1.0301,0.5994,1.7073;1.2457,1.8961,0.5363;2.0466,0.0073,-0.1115;1.8831,-1.0619,0.0609;1.9513,0.1819,-1.1899;3.4618,0.3795,0.3408;3.6184,1.4523,0.1786;3.5640,0.1972,1.4175;4.5230,-0.4263,-0.4178;4.3671,-1.4938,-0.2186;4.3947,-0.2809,-1.4980;5.9525,-0.0587,-0.0104;6.0690,-0.1498,1.0754;6.6457,-0.7746,-0.4671;6.3124,1.2981,-0.4442;6.5723,2.3750,-0.7885;-4.7238,0.4058,1.6947;-2.9602,0.6426,1.8546;-3.6667,-1.0029,2.0516;-4.7979,-2.0753,0.1360;-4.6696,-1.3389,-1.5020;-5.6992,-0.5707,-0.2430;-4.6240,1.4568,-0.5884;-3.4552,0.8133,-1.7893;-2.8810,1.6971,-0.3335;-2.1648,-1.0649,-1.3764;-2.5389,-2.1536,-0.0334;</g>
	</geometry>
	<conformers/>
	<properties/>
</molecule>
