<?xml version="1.0" ?>
<!--MOLLI PACKAGE EXPERIMENTAL XML FORMAT-->
<molecule name="react_584_c2_frag_0">
	<atoms>
		<a id="1" s="C" t="C.3" l="C"/>
		<a id="2" s="N" t="N.4" l="N"/>
		<a id="3" s="C" t="C.3" l="C"/>
		<a id="4" s="C" t="C.3" l="C"/>
		<a id="5" s="C" t="C.3" l="C"/>
		<a id="6" s="C" t="C.3" l="C"/>
		<a id="7" s="H" t="H" l="H"/>
		<a id="8" s="H" t="H" l="H"/>
		<a id="9" s="C" t="C.3" l="C"/>
		<a id="10" s="H" t="H" l="H"/>
		<a id="11" s="H" t="H" l="H"/>
		<a id="12" s="C" t="C.3" l="C"/>
		<a id="13" s="H" t="H" l="H"/>
		<a id="14" s="H" t="H" l="H"/>
		<a id="15" s="C" t="C.3" l="C"/>
		<a id="16" s="H" t="H" l="H"/>
		<a id="17" s="H" t="H" l="H"/>
		<a id="18" s="C" t="C.3" l="C"/>
		<a id="19" s="H" t="H" l="H"/>
		<a id="20" s="H" t="H" l="H"/>
		<a id="21" s="C" t="C.3" l="C"/>
		<a id="22" s="H" t="H" l="H"/>
		<a id="23" s="H" t="H" l="H"/>
		<a id="24" s="C" t="C.3" l="C"/>
		<a id="25" s="H" t="H" l="H"/>
		<a id="26" s="H" t="H" l="H"/>
		<a id="27" s="O" t="O.3" l="O"/>
		<a id="28" s="Si" t="Si" l="SI"/>
		<a id="29" s="C" t="C.3" l="C"/>
		<a id="30" s="H" t="H" l="H"/>
		<a id="31" s="H" t="H" l="H"/>
		<a id="32" s="H" t="H" l="H"/>
		<a id="33" s="C" t="C.3" l="C"/>
		<a id="34" s="H" t="H" l="H"/>
		<a id="35" s="H" t="H" l="H"/>
		<a id="36" s="H" t="H" l="H"/>
		<a id="37" s="C" t="C.3" l="C"/>
		<a id="38" s="C" t="C.3" l="C"/>
		<a id="39" s="H" t="H" l="H"/>
		<a id="40" s="H" t="H" l="H"/>
		<a id="41" s="H" t="H" l="H"/>
		<a id="42" s="C" t="C.3" l="C"/>
		<a id="43" s="H" t="H" l="H"/>
		<a id="44" s="H" t="H" l="H"/>
		<a id="45" s="H" t="H" l="H"/>
		<a id="46" s="C" t="C.3" l="C"/>
		<a id="47" s="H" t="H" l="H"/>
		<a id="48" s="H" t="H" l="H"/>
		<a id="49" s="H" t="H" l="H"/>
		<a id="50" s="H" t="H" l="H"/>
		<a id="51" s="H" t="H" l="H"/>
		<a id="52" s="H" t="H" l="H"/>
		<a id="53" s="H" t="H" l="H"/>
		<a id="54" s="H" t="H" l="H"/>
		<a id="55" s="H" t="H" l="H"/>
		<a id="56" s="H" t="H" l="H"/>
		<a id="57" s="H" t="H" l="H"/>
		<a id="58" s="H" t="H" l="H"/>
		<a id="59" s="H" t="H" l="H"/>
		<a id="60" s="H" t="H" l="H"/>
	</atoms>
	<bonds>
		<b id="1" c="1 2" t="1"/>
		<b id="2" c="3 2" t="1"/>
		<b id="3" c="4 2" t="1"/>
		<b id="4" c="2 5" t="1"/>
		<b id="5" c="5 6" t="1"/>
		<b id="6" c="7 6" t="1"/>
		<b id="7" c="8 6" t="1"/>
		<b id="8" c="6 9" t="1"/>
		<b id="9" c="10 9" t="1"/>
		<b id="10" c="11 9" t="1"/>
		<b id="11" c="9 12" t="1"/>
		<b id="12" c="13 12" t="1"/>
		<b id="13" c="14 12" t="1"/>
		<b id="14" c="12 15" t="1"/>
		<b id="15" c="16 15" t="1"/>
		<b id="16" c="17 15" t="1"/>
		<b id="17" c="15 18" t="1"/>
		<b id="18" c="19 18" t="1"/>
		<b id="19" c="20 18" t="1"/>
		<b id="20" c="18 21" t="1"/>
		<b id="21" c="22 21" t="1"/>
		<b id="22" c="23 21" t="1"/>
		<b id="23" c="21 24" t="1"/>
		<b id="24" c="25 24" t="1"/>
		<b id="25" c="26 24" t="1"/>
		<b id="26" c="24 27" t="1"/>
		<b id="27" c="27 28" t="1"/>
		<b id="28" c="30 29" t="1"/>
		<b id="29" c="31 29" t="1"/>
		<b id="30" c="29 32" t="1"/>
		<b id="31" c="29 28" t="1"/>
		<b id="32" c="34 33" t="1"/>
		<b id="33" c="35 33" t="1"/>
		<b id="34" c="33 36" t="1"/>
		<b id="35" c="33 28" t="1"/>
		<b id="36" c="28 37" t="1"/>
		<b id="37" c="39 38" t="1"/>
		<b id="38" c="40 38" t="1"/>
		<b id="39" c="38 41" t="1"/>
		<b id="40" c="38 37" t="1"/>
		<b id="41" c="43 42" t="1"/>
		<b id="42" c="44 42" t="1"/>
		<b id="43" c="42 45" t="1"/>
		<b id="44" c="42 37" t="1"/>
		<b id="45" c="37 46" t="1"/>
		<b id="46" c="47 46" t="1"/>
		<b id="47" c="48 46" t="1"/>
		<b id="48" c="46 49" t="1"/>
		<b id="49" c="1 50" t="1"/>
		<b id="50" c="1 51" t="1"/>
		<b id="51" c="1 52" t="1"/>
		<b id="52" c="3 53" t="1"/>
		<b id="53" c="3 54" t="1"/>
		<b id="54" c="3 55" t="1"/>
		<b id="55" c="4 56" t="1"/>
		<b id="56" c="4 57" t="1"/>
		<b id="57" c="4 58" t="1"/>
		<b id="58" c="5 59" t="1"/>
		<b id="59" c="5 60" t="1"/>
	</bonds>
	<geometry>
		<g u="A" t="cart/3d">#60,3:-7.6274,0.2869,-0.5377;-6.5023,-0.4087,0.2378;-6.3191,-1.8083,-0.3396;-6.9237,-0.5092,1.6994;-5.2276,0.4443,0.0720;-3.9961,-0.1523,0.7546;-3.7276,-1.1102,0.2942;-4.2047,-0.3497,1.8109;-2.7755,0.7773,0.6979;-3.0166,1.7347,1.1763;-1.9846,0.3131,1.2979;-2.2666,1.0241,-0.7249;-2.0699,0.0646,-1.2191;-3.0436,1.5285,-1.3098;-1.0056,1.8936,-0.7824;-0.7911,2.1073,-1.8382;-1.1970,2.8583,-0.2960;0.2169,1.2258,-0.1467;0.0744,1.1367,0.9367;0.3230,0.2105,-0.5468;1.4964,2.0244,-0.4166;1.3826,3.0487,-0.0434;1.6557,2.0801,-1.5013;2.7265,1.3838,0.2333;2.5859,1.3206,1.3206;3.6007,2.0203,0.0470;2.8835,0.0611,-0.2688;4.3761,-0.4897,-0.8065;5.2342,0.7187,-1.9595;4.5797,0.9721,-2.8020;6.1572,0.2863,-2.3654;5.4934,1.6454,-1.4411;4.1708,-2.1406,-1.6972;3.4814,-2.0301,-2.5398;3.7661,-2.8956,-1.0184;5.1298,-2.4978,-2.0869;5.6182,-0.8320,0.8139;5.9657,0.5068,1.4979;6.4628,1.1960,0.8063;6.6414,0.3449,2.3468;5.0717,1.0082,1.8871;4.8872,-1.7508,1.8201;5.5182,-1.9496,2.6978;3.9553,-1.2927,2.1775;4.6337,-2.7191,1.3733;6.9162,-1.5174,0.3230;7.4483,-0.8968,-0.4082;6.7108,-2.4845,-0.1494;7.5981,-1.7040,1.1621;-7.3420,0.3328,-1.5931;-7.7552,1.2943,-0.1292;-8.5452,-0.2946,-0.4144;-5.9610,-1.7153,-1.3691;-7.2859,-2.3215,-0.3146;-5.5986,-2.3544,0.2748;-6.9647,0.5028,2.1175;-7.9118,-0.9822,1.7442;-6.1988,-1.1246,2.2390;-5.4554,1.4352,0.4841;-5.0641,0.5435,-1.0068;</g>
	</geometry>
	<conformers/>
	<properties/>
</molecule>
