<?xml version="1.0" ?>
<!--MOLLI PACKAGE EXPERIMENTAL XML FORMAT-->
<molecule name="react_600_c1_frag_0">
	<atoms>
		<a id="1" s="C" t="C.3" l="C"/>
		<a id="2" s="N" t="N.4" l="N"/>
		<a id="3" s="C" t="C.3" l="C"/>
		<a id="4" s="C" t="C.3" l="C"/>
		<a id="5" s="C" t="C.3" l="C"/>
		<a id="6" s="C" t="C.3" l="C"/>
		<a id="7" s="H" t="H" l="H"/>
		<a id="8" s="H" t="H" l="H"/>
		<a id="9" s="O" t="O.3" l="O"/>
		<a id="10" s="Si" t="Si" l="SI"/>
		<a id="11" s="C" t="C.3" l="C"/>
		<a id="12" s="H" t="H" l="H"/>
		<a id="13" s="H" t="H" l="H"/>
		<a id="14" s="H" t="H" l="H"/>
		<a id="15" s="C" t="C.3" l="C"/>
		<a id="16" s="H" t="H" l="H"/>
		<a id="17" s="H" t="H" l="H"/>
		<a id="18" s="H" t="H" l="H"/>
		<a id="19" s="C" t="C.3" l="C"/>
		<a id="20" s="C" t="C.3" l="C"/>
		<a id="21" s="H" t="H" l="H"/>
		<a id="22" s="H" t="H" l="H"/>
		<a id="23" s="H" t="H" l="H"/>
		<a id="24" s="C" t="C.3" l="C"/>
		<a id="25" s="H" t="H" l="H"/>
		<a id="26" s="H" t="H" l="H"/>
		<a id="27" s="H" t="H" l="H"/>
		<a id="28" s="C" t="C.3" l="C"/>
		<a id="29" s="H" t="H" l="H"/>
		<a id="30" s="H" t="H" l="H"/>
		<a id="31" s="H" t="H" l="H"/>
		<a id="32" s="H" t="H" l="H"/>
		<a id="33" s="H" t="H" l="H"/>
		<a id="34" s="H" t="H" l="H"/>
		<a id="35" s="H" t="H" l="H"/>
		<a id="36" s="H" t="H" l="H"/>
		<a id="37" s="H" t="H" l="H"/>
		<a id="38" s="H" t="H" l="H"/>
		<a id="39" s="H" t="H" l="H"/>
		<a id="40" s="H" t="H" l="H"/>
		<a id="41" s="H" t="H" l="H"/>
		<a id="42" s="H" t="H" l="H"/>
	</atoms>
	<bonds>
		<b id="1" c="1 2" t="1"/>
		<b id="2" c="3 2" t="1"/>
		<b id="3" c="4 2" t="1"/>
		<b id="4" c="2 5" t="1"/>
		<b id="5" c="5 6" t="1"/>
		<b id="6" c="7 6" t="1"/>
		<b id="7" c="8 6" t="1"/>
		<b id="8" c="6 9" t="1"/>
		<b id="9" c="9 10" t="1"/>
		<b id="10" c="12 11" t="1"/>
		<b id="11" c="13 11" t="1"/>
		<b id="12" c="11 14" t="1"/>
		<b id="13" c="11 10" t="1"/>
		<b id="14" c="16 15" t="1"/>
		<b id="15" c="17 15" t="1"/>
		<b id="16" c="15 18" t="1"/>
		<b id="17" c="15 10" t="1"/>
		<b id="18" c="10 19" t="1"/>
		<b id="19" c="21 20" t="1"/>
		<b id="20" c="22 20" t="1"/>
		<b id="21" c="20 23" t="1"/>
		<b id="22" c="20 19" t="1"/>
		<b id="23" c="25 24" t="1"/>
		<b id="24" c="26 24" t="1"/>
		<b id="25" c="24 27" t="1"/>
		<b id="26" c="24 19" t="1"/>
		<b id="27" c="19 28" t="1"/>
		<b id="28" c="29 28" t="1"/>
		<b id="29" c="30 28" t="1"/>
		<b id="30" c="28 31" t="1"/>
		<b id="31" c="1 32" t="1"/>
		<b id="32" c="1 33" t="1"/>
		<b id="33" c="1 34" t="1"/>
		<b id="34" c="3 35" t="1"/>
		<b id="35" c="3 36" t="1"/>
		<b id="36" c="3 37" t="1"/>
		<b id="37" c="4 38" t="1"/>
		<b id="38" c="4 39" t="1"/>
		<b id="39" c="4 40" t="1"/>
		<b id="40" c="5 41" t="1"/>
		<b id="41" c="5 42" t="1"/>
	</bonds>
	<geometry>
		<g u="A" t="cart/3d">#42,3:3.2259,-1.3391,1.0254;3.3371,0.1475,0.7148;4.1956,0.8029,1.8016;4.0288,0.3478,-0.6268;1.9549,0.8305,0.7404;0.9482,0.3076,-0.2966;1.3257,0.4735,-1.3113;0.7681,-0.7619,-0.1460;-0.2635,1.0369,-0.1227;-1.6416,0.6140,-0.9891;-1.2601,-0.3802,-2.5332;-0.7475,-1.3141,-2.2855;-0.6169,0.1928,-3.2079;-2.1790,-0.6280,-3.0724;-2.6383,2.1371,-1.4432;-3.5549,1.8617,-1.9724;-2.9134,2.7041,-0.5493;-2.0542,2.7938,-2.0949;-2.8313,-0.5635,0.2350;-4.1143,-0.9557,-0.5244;-4.6921,-0.0744,-0.8238;-3.8878,-1.5299,-1.4295;-4.7628,-1.5758,0.1051;-3.1921,0.2439,1.4992;-3.7622,1.1465,1.2526;-3.8051,-0.3563,2.1811;-2.2952,0.5553,2.0469;-2.0481,-1.8308,0.6336;-2.6583,-2.4782,1.2737;-1.7543,-2.4173,-0.2437;-1.1381,-1.5827,1.1910;2.7000,-1.8339,0.2051;2.6785,-1.4572,1.9649;4.2363,-1.7495,1.1164;5.1819,0.3292,1.7981;4.2845,1.8697,1.5756;3.7042,0.6531,2.7675;5.0464,-0.0478,-0.5533;3.4756,-0.1984,-1.3950;4.0493,1.4183,-0.8501;1.5492,0.7034,1.7522;2.1208,1.9050,0.5908;</g>
	</geometry>
	<conformers/>
	<properties/>
</molecule>
