<?xml version="1.0" ?>
<!--MOLLI PACKAGE EXPERIMENTAL XML FORMAT-->
<molecule name="react_600_c2_frag_0">
	<atoms>
		<a id="1" s="C" t="C.3" l="C"/>
		<a id="2" s="N" t="N.4" l="N"/>
		<a id="3" s="C" t="C.3" l="C"/>
		<a id="4" s="C" t="C.3" l="C"/>
		<a id="5" s="C" t="C.3" l="C"/>
		<a id="6" s="C" t="C.3" l="C"/>
		<a id="7" s="H" t="H" l="H"/>
		<a id="8" s="H" t="H" l="H"/>
		<a id="9" s="C" t="C.3" l="C"/>
		<a id="10" s="H" t="H" l="H"/>
		<a id="11" s="H" t="H" l="H"/>
		<a id="12" s="C" t="C.3" l="C"/>
		<a id="13" s="H" t="H" l="H"/>
		<a id="14" s="H" t="H" l="H"/>
		<a id="15" s="C" t="C.3" l="C"/>
		<a id="16" s="H" t="H" l="H"/>
		<a id="17" s="H" t="H" l="H"/>
		<a id="18" s="C" t="C.3" l="C"/>
		<a id="19" s="H" t="H" l="H"/>
		<a id="20" s="H" t="H" l="H"/>
		<a id="21" s="C" t="C.3" l="C"/>
		<a id="22" s="H" t="H" l="H"/>
		<a id="23" s="H" t="H" l="H"/>
		<a id="24" s="C" t="C.3" l="C"/>
		<a id="25" s="H" t="H" l="H"/>
		<a id="26" s="H" t="H" l="H"/>
		<a id="27" s="C" t="C.3" l="C"/>
		<a id="28" s="H" t="H" l="H"/>
		<a id="29" s="H" t="H" l="H"/>
		<a id="30" s="C" t="C.3" l="C"/>
		<a id="31" s="H" t="H" l="H"/>
		<a id="32" s="H" t="H" l="H"/>
		<a id="33" s="C" t="C.3" l="C"/>
		<a id="34" s="H" t="H" l="H"/>
		<a id="35" s="H" t="H" l="H"/>
		<a id="36" s="H" t="H" l="H"/>
		<a id="37" s="H" t="H" l="H"/>
		<a id="38" s="H" t="H" l="H"/>
		<a id="39" s="H" t="H" l="H"/>
		<a id="40" s="H" t="H" l="H"/>
		<a id="41" s="H" t="H" l="H"/>
		<a id="42" s="H" t="H" l="H"/>
		<a id="43" s="H" t="H" l="H"/>
		<a id="44" s="H" t="H" l="H"/>
		<a id="45" s="H" t="H" l="H"/>
		<a id="46" s="H" t="H" l="H"/>
		<a id="47" s="H" t="H" l="H"/>
	</atoms>
	<bonds>
		<b id="1" c="1 2" t="1"/>
		<b id="2" c="3 2" t="1"/>
		<b id="3" c="4 2" t="1"/>
		<b id="4" c="2 5" t="1"/>
		<b id="5" c="5 6" t="1"/>
		<b id="6" c="7 6" t="1"/>
		<b id="7" c="8 6" t="1"/>
		<b id="8" c="6 9" t="1"/>
		<b id="9" c="10 9" t="1"/>
		<b id="10" c="11 9" t="1"/>
		<b id="11" c="9 12" t="1"/>
		<b id="12" c="13 12" t="1"/>
		<b id="13" c="14 12" t="1"/>
		<b id="14" c="12 15" t="1"/>
		<b id="15" c="16 15" t="1"/>
		<b id="16" c="17 15" t="1"/>
		<b id="17" c="15 18" t="1"/>
		<b id="18" c="19 18" t="1"/>
		<b id="19" c="20 18" t="1"/>
		<b id="20" c="18 21" t="1"/>
		<b id="21" c="22 21" t="1"/>
		<b id="22" c="23 21" t="1"/>
		<b id="23" c="21 24" t="1"/>
		<b id="24" c="25 24" t="1"/>
		<b id="25" c="26 24" t="1"/>
		<b id="26" c="24 27" t="1"/>
		<b id="27" c="28 27" t="1"/>
		<b id="28" c="29 27" t="1"/>
		<b id="29" c="27 30" t="1"/>
		<b id="30" c="31 30" t="1"/>
		<b id="31" c="32 30" t="1"/>
		<b id="32" c="30 33" t="1"/>
		<b id="33" c="34 33" t="1"/>
		<b id="34" c="35 33" t="1"/>
		<b id="35" c="33 36" t="1"/>
		<b id="36" c="1 37" t="1"/>
		<b id="37" c="1 38" t="1"/>
		<b id="38" c="1 39" t="1"/>
		<b id="39" c="3 40" t="1"/>
		<b id="40" c="3 41" t="1"/>
		<b id="41" c="3 42" t="1"/>
		<b id="42" c="4 43" t="1"/>
		<b id="43" c="4 44" t="1"/>
		<b id="44" c="4 45" t="1"/>
		<b id="45" c="5 46" t="1"/>
		<b id="46" c="5 47" t="1"/>
	</bonds>
	<geometry>
		<g u="A" t="cart/3d">#47,3:-4.6856,-0.9898,-0.5433;-4.2287,-0.7467,0.8882;-5.2989,-1.3275,1.8284;-4.1590,0.7518,1.1645;-2.9020,-1.4562,1.2130;-1.8025,-1.4115,0.1447;-1.0197,-2.0919,0.4998;-2.1571,-1.8443,-0.7974;-1.1757,-0.0429,-0.1168;-0.9646,0.4656,0.8297;-1.8895,0.5802,-0.6629;0.0909,-0.1043,-0.9806;0.3937,0.9220,-1.2204;-0.1576,-0.5752,-1.9401;1.2851,-0.8492,-0.3745;2.1228,-0.7892,-1.0798;1.0487,-1.9171,-0.2996;1.7446,-0.3579,1.0014;0.9544,-0.5488,1.7374;2.5948,-0.9721,1.3219;2.1328,1.1224,1.0793;2.4529,1.3394,2.1063;1.2452,1.7419,0.9049;3.2356,1.5703,0.1140;2.8932,1.4460,-0.9186;3.3966,2.6458,0.2593;4.5609,0.8340,0.3260;4.8363,0.8886,1.3863;4.4472,-0.2280,0.0810;5.7117,1.4162,-0.4987;5.8440,2.4776,-0.2588;6.6390,0.9079,-0.2081;5.5227,1.2561,-1.9993;4.6734,1.8424,-2.3618;6.4153,1.6040,-2.5292;5.3584,0.2070,-2.2649;-5.6921,-0.5760,-0.6606;-4.0000,-0.4825,-1.2264;-4.6933,-2.0684,-0.7252;-6.2457,-0.8117,1.6413;-4.9719,-1.1676,2.8603;-5.4037,-2.3959,1.6167;-5.1674,1.1673,1.0705;-3.5083,1.2288,0.4340;-3.7813,0.9028,2.1798;-2.5416,-1.0516,2.1663;-3.1538,-2.5115,1.3775;</g>
	</geometry>
	<conformers/>
	<properties/>
</molecule>
