<?xml version="1.0" ?>
<!--MOLLI PACKAGE EXPERIMENTAL XML FORMAT-->
<molecule name="react_44_c2_frag_0">
	<atoms>
		<a id="1" s="C" t="C.3" l="C"/>
		<a id="2" s="N" t="N.4" l="N"/>
		<a id="3" s="C" t="C.3" l="C"/>
		<a id="4" s="C" t="C.3" l="C"/>
		<a id="5" s="C" t="C.3" l="C"/>
		<a id="6" s="C" t="C.3" l="C"/>
		<a id="7" s="H" t="H" l="H"/>
		<a id="8" s="H" t="H" l="H"/>
		<a id="9" s="C" t="C.3" l="C"/>
		<a id="10" s="H" t="H" l="H"/>
		<a id="11" s="H" t="H" l="H"/>
		<a id="12" s="C" t="C.3" l="C"/>
		<a id="13" s="H" t="H" l="H"/>
		<a id="14" s="H" t="H" l="H"/>
		<a id="15" s="C" t="C.3" l="C"/>
		<a id="16" s="C" t="C.3" l="C"/>
		<a id="17" s="H" t="H" l="H"/>
		<a id="18" s="H" t="H" l="H"/>
		<a id="19" s="C" t="C.3" l="C"/>
		<a id="20" s="H" t="H" l="H"/>
		<a id="21" s="H" t="H" l="H"/>
		<a id="22" s="H" t="H" l="H"/>
		<a id="23" s="O" t="O.3" l="O"/>
		<a id="24" s="C" t="C.3" l="C"/>
		<a id="25" s="H" t="H" l="H"/>
		<a id="26" s="H" t="H" l="H"/>
		<a id="27" s="C" t="C.3" l="C"/>
		<a id="28" s="C" t="C.3" l="C"/>
		<a id="29" s="H" t="H" l="H"/>
		<a id="30" s="H" t="H" l="H"/>
		<a id="31" s="H" t="H" l="H"/>
		<a id="32" s="C" t="C.3" l="C"/>
		<a id="33" s="H" t="H" l="H"/>
		<a id="34" s="H" t="H" l="H"/>
		<a id="35" s="H" t="H" l="H"/>
		<a id="36" s="C" t="C.3" l="C"/>
		<a id="37" s="H" t="H" l="H"/>
		<a id="38" s="H" t="H" l="H"/>
		<a id="39" s="O" t="O.3" l="O"/>
		<a id="40" s="H" t="H" l="H"/>
		<a id="41" s="H" t="H" l="H"/>
		<a id="42" s="H" t="H" l="H"/>
		<a id="43" s="H" t="H" l="H"/>
		<a id="44" s="H" t="H" l="H"/>
		<a id="45" s="H" t="H" l="H"/>
		<a id="46" s="H" t="H" l="H"/>
		<a id="47" s="H" t="H" l="H"/>
		<a id="48" s="H" t="H" l="H"/>
		<a id="49" s="H" t="H" l="H"/>
		<a id="50" s="H" t="H" l="H"/>
	</atoms>
	<bonds>
		<b id="1" c="1 2" t="1"/>
		<b id="2" c="3 2" t="1"/>
		<b id="3" c="4 2" t="1"/>
		<b id="4" c="2 5" t="1"/>
		<b id="5" c="5 6" t="1"/>
		<b id="6" c="7 6" t="1"/>
		<b id="7" c="8 6" t="1"/>
		<b id="8" c="6 9" t="1"/>
		<b id="9" c="10 9" t="1"/>
		<b id="10" c="11 9" t="1"/>
		<b id="11" c="9 12" t="1"/>
		<b id="12" c="13 12" t="1"/>
		<b id="13" c="14 12" t="1"/>
		<b id="14" c="12 15" t="1"/>
		<b id="15" c="17 16" t="1"/>
		<b id="16" c="18 16" t="1"/>
		<b id="17" c="16 19" t="1"/>
		<b id="18" c="20 19" t="1"/>
		<b id="19" c="21 19" t="1"/>
		<b id="20" c="19 22" t="1"/>
		<b id="21" c="16 15" t="1"/>
		<b id="22" c="15 23" t="1"/>
		<b id="23" c="23 24" t="1"/>
		<b id="24" c="25 24" t="1"/>
		<b id="25" c="26 24" t="1"/>
		<b id="26" c="24 27" t="1"/>
		<b id="27" c="29 28" t="1"/>
		<b id="28" c="30 28" t="1"/>
		<b id="29" c="28 31" t="1"/>
		<b id="30" c="28 27" t="1"/>
		<b id="31" c="33 32" t="1"/>
		<b id="32" c="34 32" t="1"/>
		<b id="33" c="32 35" t="1"/>
		<b id="34" c="32 27" t="1"/>
		<b id="35" c="27 36" t="1"/>
		<b id="36" c="37 36" t="1"/>
		<b id="37" c="38 36" t="1"/>
		<b id="38" c="36 39" t="1"/>
		<b id="39" c="39 15" t="1"/>
		<b id="40" c="1 40" t="1"/>
		<b id="41" c="1 41" t="1"/>
		<b id="42" c="1 42" t="1"/>
		<b id="43" c="3 43" t="1"/>
		<b id="44" c="3 44" t="1"/>
		<b id="45" c="3 45" t="1"/>
		<b id="46" c="4 46" t="1"/>
		<b id="47" c="4 47" t="1"/>
		<b id="48" c="4 48" t="1"/>
		<b id="49" c="5 49" t="1"/>
		<b id="50" c="5 50" t="1"/>
	</bonds>
	<geometry>
		<g u="A" t="cart/3d">#50,3:5.0184,-0.1064,-1.0650;4.5492,0.6126,0.1942;5.6111,0.4144,1.2815;4.4278,2.1064,-0.0841;3.2268,0.0261,0.7223;2.0613,0.1487,-0.2608;2.2874,-0.3728,-1.1967;1.8715,1.1991,-0.5043;0.7867,-0.4548,0.3418;0.9709,-1.5083,0.5788;0.5558,0.0575,1.2830;-0.3965,-0.3332,-0.6247;-0.4945,0.7212,-0.9151;-0.1729,-0.8604,-1.5605;-1.7517,-0.8168,-0.0535;-1.7305,-2.3135,0.3305;-0.9960,-2.4929,1.1245;-2.6927,-2.5864,0.7810;-1.4736,-3.2646,-0.8297;-2.2064,-3.1260,-1.6303;-1.5478,-4.3012,-0.4850;-0.4717,-3.1283,-1.2464;-2.7203,-0.5783,-1.0845;-4.0434,-0.4540,-0.5681;-4.3168,-1.3725,-0.0374;-4.7274,-0.3812,-1.4210;-4.1418,0.7913,0.3290;-5.1349,0.5092,1.4683;-5.2565,1.3858,2.1145;-4.7921,-0.3205,2.0969;-6.1230,0.2455,1.0746;-4.6461,1.9993,-0.4764;-3.9893,2.2090,-1.3282;-4.6860,2.9004,0.1459;-5.6532,1.8211,-0.8702;-2.7511,1.1168,0.8959;-2.1669,1.7491,0.2168;-2.8300,1.6677,1.8398;-2.0323,-0.0873,1.1520;6.0204,0.2553,-1.3160;4.3309,0.1226,-1.8830;5.0394,-1.1810,-0.8628;5.7110,-0.6577,1.4752;6.5589,0.8266,0.9223;5.2843,0.9404,2.1835;3.7618,2.2568,-0.9372;5.4227,2.4950,-0.3227;4.0313,2.5944,0.8108;3.4199,-1.0275,0.9577;2.9975,0.5536,1.6561;</g>
	</geometry>
	<conformers/>
	<properties/>
</molecule>
