<?xml version="1.0" ?>
<!--MOLLI PACKAGE EXPERIMENTAL XML FORMAT-->
<molecule name="react_630_c1_frag_0">
	<atoms>
		<a id="1" s="C" t="C.3" l="C"/>
		<a id="2" s="N" t="N.4" l="N"/>
		<a id="3" s="C" t="C.3" l="C"/>
		<a id="4" s="C" t="C.3" l="C"/>
		<a id="5" s="C" t="C.3" l="C"/>
		<a id="6" s="C" t="C.3" l="C"/>
		<a id="7" s="H" t="H" l="H"/>
		<a id="8" s="H" t="H" l="H"/>
		<a id="9" s="C" t="C.3" l="C"/>
		<a id="10" s="H" t="H" l="H"/>
		<a id="11" s="H" t="H" l="H"/>
		<a id="12" s="C" t="C.3" l="C"/>
		<a id="13" s="H" t="H" l="H"/>
		<a id="14" s="H" t="H" l="H"/>
		<a id="15" s="C" t="C.3" l="C"/>
		<a id="16" s="H" t="H" l="H"/>
		<a id="17" s="H" t="H" l="H"/>
		<a id="18" s="C" t="C.3" l="C"/>
		<a id="19" s="H" t="H" l="H"/>
		<a id="20" s="H" t="H" l="H"/>
		<a id="21" s="C" t="C.3" l="C"/>
		<a id="22" s="H" t="H" l="H"/>
		<a id="23" s="H" t="H" l="H"/>
		<a id="24" s="C" t="C.3" l="C"/>
		<a id="25" s="H" t="H" l="H"/>
		<a id="26" s="H" t="H" l="H"/>
		<a id="27" s="H" t="H" l="H"/>
		<a id="28" s="H" t="H" l="H"/>
		<a id="29" s="H" t="H" l="H"/>
		<a id="30" s="H" t="H" l="H"/>
		<a id="31" s="H" t="H" l="H"/>
		<a id="32" s="H" t="H" l="H"/>
		<a id="33" s="H" t="H" l="H"/>
		<a id="34" s="H" t="H" l="H"/>
		<a id="35" s="H" t="H" l="H"/>
		<a id="36" s="H" t="H" l="H"/>
		<a id="37" s="H" t="H" l="H"/>
		<a id="38" s="H" t="H" l="H"/>
	</atoms>
	<bonds>
		<b id="1" c="1 2" t="1"/>
		<b id="2" c="3 2" t="1"/>
		<b id="3" c="4 2" t="1"/>
		<b id="4" c="2 5" t="1"/>
		<b id="5" c="5 6" t="1"/>
		<b id="6" c="7 6" t="1"/>
		<b id="7" c="8 6" t="1"/>
		<b id="8" c="6 9" t="1"/>
		<b id="9" c="10 9" t="1"/>
		<b id="10" c="11 9" t="1"/>
		<b id="11" c="9 12" t="1"/>
		<b id="12" c="13 12" t="1"/>
		<b id="13" c="14 12" t="1"/>
		<b id="14" c="12 15" t="1"/>
		<b id="15" c="16 15" t="1"/>
		<b id="16" c="17 15" t="1"/>
		<b id="17" c="15 18" t="1"/>
		<b id="18" c="19 18" t="1"/>
		<b id="19" c="20 18" t="1"/>
		<b id="20" c="18 21" t="1"/>
		<b id="21" c="22 21" t="1"/>
		<b id="22" c="23 21" t="1"/>
		<b id="23" c="21 24" t="1"/>
		<b id="24" c="25 24" t="1"/>
		<b id="25" c="26 24" t="1"/>
		<b id="26" c="24 27" t="1"/>
		<b id="27" c="1 28" t="1"/>
		<b id="28" c="1 29" t="1"/>
		<b id="29" c="1 30" t="1"/>
		<b id="30" c="3 31" t="1"/>
		<b id="31" c="3 32" t="1"/>
		<b id="32" c="3 33" t="1"/>
		<b id="33" c="4 34" t="1"/>
		<b id="34" c="4 35" t="1"/>
		<b id="35" c="4 36" t="1"/>
		<b id="36" c="5 37" t="1"/>
		<b id="37" c="5 38" t="1"/>
	</bonds>
	<geometry>
		<g u="A" t="cart/3d">#38,3:4.7837,0.1759,-0.0493;3.3028,-0.1881,0.1514;2.8663,-0.9786,-1.0775;3.2015,-1.0631,1.3928;2.5246,1.1319,0.2972;1.1301,1.0537,0.9283;0.8053,2.0919,1.0817;1.1802,0.6162,1.9318;0.0577,0.3426,0.1052;0.1242,0.6513,-0.9445;0.2102,-0.7392,0.1501;-1.3457,0.6471,0.6396;-1.4091,0.3485,1.6931;-1.5298,1.7275,0.5970;-2.4197,-0.0856,-0.1682;-2.3429,0.2133,-1.2196;-2.2397,-1.1664,-0.1226;-3.8205,0.2241,0.3643;-3.8584,-0.0155,1.4343;-4.0218,1.2985,0.2741;-4.9254,-0.5656,-0.3407;-4.7322,-1.6408,-0.2496;-5.8739,-0.3697,0.1736;-5.0889,-0.2033,-1.8087;-4.2107,-0.4914,-2.3936;-5.9531,-0.7268,-2.2303;-5.2510,0.8720,-1.9326;5.1347,0.7049,0.8419;4.8629,0.8141,-0.9345;5.3546,-0.7472,-0.1890;3.5658,-1.8085,-1.2205;2.8857,-0.3139,-1.9459;1.8672,-1.3801,-0.9177;2.1763,-1.4293,1.4867;3.8839,-1.9107,1.2757;3.4842,-0.4631,2.2626;3.1383,1.7779,0.9376;2.4827,1.5957,-0.6954;</g>
	</geometry>
	<conformers/>
	<properties/>
</molecule>
