<?xml version="1.0" ?>
<!--MOLLI PACKAGE EXPERIMENTAL XML FORMAT-->
<molecule name="react_630_c2_frag_0">
	<atoms>
		<a id="1" s="C" t="C.3" l="C"/>
		<a id="2" s="N" t="N.4" l="N"/>
		<a id="3" s="C" t="C.3" l="C"/>
		<a id="4" s="C" t="C.3" l="C"/>
		<a id="5" s="C" t="C.3" l="C"/>
		<a id="6" s="P" t="P.3" l="P"/>
		<a id="7" s="O" t="O.2" l="O"/>
		<a id="8" s="O" t="O.3" l="O"/>
		<a id="9" s="C" t="C.3" l="C"/>
		<a id="10" s="H" t="H" l="H"/>
		<a id="11" s="H" t="H" l="H"/>
		<a id="12" s="C" t="C.3" l="C"/>
		<a id="13" s="H" t="H" l="H"/>
		<a id="14" s="H" t="H" l="H"/>
		<a id="15" s="H" t="H" l="H"/>
		<a id="16" s="O" t="O.3" l="O"/>
		<a id="17" s="C" t="C.3" l="C"/>
		<a id="18" s="H" t="H" l="H"/>
		<a id="19" s="H" t="H" l="H"/>
		<a id="20" s="C" t="C.3" l="C"/>
		<a id="21" s="H" t="H" l="H"/>
		<a id="22" s="H" t="H" l="H"/>
		<a id="23" s="H" t="H" l="H"/>
		<a id="24" s="H" t="H" l="H"/>
		<a id="25" s="H" t="H" l="H"/>
		<a id="26" s="H" t="H" l="H"/>
		<a id="27" s="H" t="H" l="H"/>
		<a id="28" s="H" t="H" l="H"/>
		<a id="29" s="H" t="H" l="H"/>
		<a id="30" s="H" t="H" l="H"/>
		<a id="31" s="H" t="H" l="H"/>
		<a id="32" s="H" t="H" l="H"/>
		<a id="33" s="H" t="H" l="H"/>
		<a id="34" s="H" t="H" l="H"/>
	</atoms>
	<bonds>
		<b id="1" c="1 2" t="1"/>
		<b id="2" c="3 2" t="1"/>
		<b id="3" c="4 2" t="1"/>
		<b id="4" c="2 5" t="1"/>
		<b id="5" c="5 6" t="1"/>
		<b id="6" c="6 7" t="2"/>
		<b id="7" c="8 9" t="1"/>
		<b id="8" c="10 9" t="1"/>
		<b id="9" c="11 9" t="1"/>
		<b id="10" c="9 12" t="1"/>
		<b id="11" c="13 12" t="1"/>
		<b id="12" c="14 12" t="1"/>
		<b id="13" c="12 15" t="1"/>
		<b id="14" c="8 6" t="1"/>
		<b id="15" c="6 16" t="1"/>
		<b id="16" c="16 17" t="1"/>
		<b id="17" c="18 17" t="1"/>
		<b id="18" c="19 17" t="1"/>
		<b id="19" c="17 20" t="1"/>
		<b id="20" c="21 20" t="1"/>
		<b id="21" c="22 20" t="1"/>
		<b id="22" c="20 23" t="1"/>
		<b id="23" c="1 24" t="1"/>
		<b id="24" c="1 25" t="1"/>
		<b id="25" c="1 26" t="1"/>
		<b id="26" c="3 27" t="1"/>
		<b id="27" c="3 28" t="1"/>
		<b id="28" c="3 29" t="1"/>
		<b id="29" c="4 30" t="1"/>
		<b id="30" c="4 31" t="1"/>
		<b id="31" c="4 32" t="1"/>
		<b id="32" c="5 33" t="1"/>
		<b id="33" c="5 34" t="1"/>
	</bonds>
	<geometry>
		<g u="A" t="cart/3d">#34,3:-2.8371,-0.5409,1.2477;-2.0733,-0.2574,-0.0304;-2.6665,-1.0740,-1.1787;-2.1591,1.2194,-0.3841;-0.5536,-0.6597,0.1524;0.7275,-0.4528,-1.1517;0.2262,-0.9957,-2.4576;0.9928,1.1355,-1.2248;1.7710,1.8294,-0.2709;2.8121,1.5029,-0.3427;1.3925,1.6290,0.7346;1.6777,3.3135,-0.5626;2.0365,3.5314,-1.5740;2.2692,3.8901,0.1539;0.6369,3.6506,-0.5146;2.0946,-1.1351,-0.6623;2.5645,-1.1465,0.6699;1.9412,-0.5339,1.3237;3.5757,-0.7287,0.6784;2.5923,-2.5769,1.1684;1.5886,-3.0136,1.1460;3.2240,-3.1980,0.5246;2.9753,-2.6261,2.1915;-2.3934,0.0504,2.0538;-2.7578,-1.6093,1.4682;-3.8832,-0.2574,1.0991;-2.4844,-2.1335,-0.9790;-3.7414,-0.8727,-1.2182;-2.2011,-0.7635,-2.1154;-3.2153,1.4914,-0.4696;-1.6491,1.3843,-1.3364;-1.6800,1.7921,0.4150;-0.5758,-1.7271,0.4005;-0.2275,-0.1174,1.0453;</g>
	</geometry>
	<conformers/>
	<properties/>
</molecule>
