<?xml version="1.0" ?>
<!--MOLLI PACKAGE EXPERIMENTAL XML FORMAT-->
<molecule name="react_46_c1_frag_0">
	<atoms>
		<a id="1" s="C" t="C.3" l="C"/>
		<a id="2" s="N" t="N.4" l="N"/>
		<a id="3" s="C" t="C.3" l="C"/>
		<a id="4" s="C" t="C.3" l="C"/>
		<a id="5" s="C" t="C.3" l="C"/>
		<a id="6" s="C" t="C.3" l="C"/>
		<a id="7" s="H" t="H" l="H"/>
		<a id="8" s="H" t="H" l="H"/>
		<a id="9" s="C" t="C.3" l="C"/>
		<a id="10" s="H" t="H" l="H"/>
		<a id="11" s="H" t="H" l="H"/>
		<a id="12" s="O" t="O.3" l="O"/>
		<a id="13" s="Si" t="Si" l="SI"/>
		<a id="14" s="C" t="C.3" l="C"/>
		<a id="15" s="H" t="H" l="H"/>
		<a id="16" s="H" t="H" l="H"/>
		<a id="17" s="H" t="H" l="H"/>
		<a id="18" s="C" t="C.3" l="C"/>
		<a id="19" s="H" t="H" l="H"/>
		<a id="20" s="H" t="H" l="H"/>
		<a id="21" s="H" t="H" l="H"/>
		<a id="22" s="C" t="C.3" l="C"/>
		<a id="23" s="C" t="C.3" l="C"/>
		<a id="24" s="H" t="H" l="H"/>
		<a id="25" s="H" t="H" l="H"/>
		<a id="26" s="H" t="H" l="H"/>
		<a id="27" s="C" t="C.3" l="C"/>
		<a id="28" s="H" t="H" l="H"/>
		<a id="29" s="H" t="H" l="H"/>
		<a id="30" s="H" t="H" l="H"/>
		<a id="31" s="C" t="C.3" l="C"/>
		<a id="32" s="H" t="H" l="H"/>
		<a id="33" s="H" t="H" l="H"/>
		<a id="34" s="H" t="H" l="H"/>
		<a id="35" s="H" t="H" l="H"/>
		<a id="36" s="H" t="H" l="H"/>
		<a id="37" s="H" t="H" l="H"/>
		<a id="38" s="H" t="H" l="H"/>
		<a id="39" s="H" t="H" l="H"/>
		<a id="40" s="H" t="H" l="H"/>
		<a id="41" s="H" t="H" l="H"/>
		<a id="42" s="H" t="H" l="H"/>
		<a id="43" s="H" t="H" l="H"/>
		<a id="44" s="H" t="H" l="H"/>
		<a id="45" s="H" t="H" l="H"/>
	</atoms>
	<bonds>
		<b id="1" c="1 2" t="1"/>
		<b id="2" c="3 2" t="1"/>
		<b id="3" c="4 2" t="1"/>
		<b id="4" c="2 5" t="1"/>
		<b id="5" c="5 6" t="1"/>
		<b id="6" c="7 6" t="1"/>
		<b id="7" c="8 6" t="1"/>
		<b id="8" c="6 9" t="1"/>
		<b id="9" c="10 9" t="1"/>
		<b id="10" c="11 9" t="1"/>
		<b id="11" c="9 12" t="1"/>
		<b id="12" c="12 13" t="1"/>
		<b id="13" c="15 14" t="1"/>
		<b id="14" c="16 14" t="1"/>
		<b id="15" c="14 17" t="1"/>
		<b id="16" c="14 13" t="1"/>
		<b id="17" c="19 18" t="1"/>
		<b id="18" c="20 18" t="1"/>
		<b id="19" c="18 21" t="1"/>
		<b id="20" c="18 13" t="1"/>
		<b id="21" c="13 22" t="1"/>
		<b id="22" c="24 23" t="1"/>
		<b id="23" c="25 23" t="1"/>
		<b id="24" c="23 26" t="1"/>
		<b id="25" c="23 22" t="1"/>
		<b id="26" c="28 27" t="1"/>
		<b id="27" c="29 27" t="1"/>
		<b id="28" c="27 30" t="1"/>
		<b id="29" c="27 22" t="1"/>
		<b id="30" c="22 31" t="1"/>
		<b id="31" c="32 31" t="1"/>
		<b id="32" c="33 31" t="1"/>
		<b id="33" c="31 34" t="1"/>
		<b id="34" c="1 35" t="1"/>
		<b id="35" c="1 36" t="1"/>
		<b id="36" c="1 37" t="1"/>
		<b id="37" c="3 38" t="1"/>
		<b id="38" c="3 39" t="1"/>
		<b id="39" c="3 40" t="1"/>
		<b id="40" c="4 41" t="1"/>
		<b id="41" c="4 42" t="1"/>
		<b id="42" c="4 43" t="1"/>
		<b id="43" c="5 44" t="1"/>
		<b id="44" c="5 45" t="1"/>
	</bonds>
	<geometry>
		<g u="A" t="cart/3d">#45,3:4.1245,0.9959,-1.6499;4.1789,0.3476,-0.2700;5.4434,-0.5145,-0.1962;4.2798,1.4330,0.7974;2.9653,-0.5733,-0.0285;1.6271,0.1522,-0.0732;1.5791,0.9463,0.6800;1.4698,0.6388,-1.0420;0.4709,-0.8170,0.1733;0.5799,-1.2832,1.1603;0.4684,-1.5972,-0.5980;-0.7283,-0.0566,0.1135;-2.2095,-0.8189,0.3437;-2.5381,-2.1150,-0.9700;-2.4819,-1.6781,-1.9711;-1.7993,-2.9198,-0.9092;-3.5301,-2.5577,-0.8431;-2.3462,-1.5750,2.0533;-3.3364,-2.0125,2.2095;-2.1775,-0.8211,2.8275;-1.6031,-2.3674,2.1838;-3.6873,0.6250,0.1795;-3.6042,1.2606,-1.2237;-2.6232,1.7157,-1.4018;-3.7761,0.5200,-2.0126;-4.3597,2.0461,-1.3392;-3.4469,1.7035,1.2561;-4.1995,2.4970,1.1853;-3.5046,1.2843,2.2667;-2.4616,2.1705,1.1448;-5.0690,-0.0261,0.3835;-5.1550,-0.4898,1.3723;-5.8656,0.7221,0.3004;-5.2653,-0.8003,-0.3664;3.9884,0.2084,-2.3965;5.0671,1.5254,-1.8195;3.2950,1.7066,-1.6773;6.3134,0.1269,-0.3660;5.3810,-1.2852,-0.9702;5.4932,-0.9695,0.7975;3.4445,2.1275,0.6794;4.2534,0.9544,1.7804;5.2242,1.9677,0.6572;3.1162,-1.0425,0.9512;3.0053,-1.3548,-0.7969;</g>
	</geometry>
	<conformers/>
	<properties/>
</molecule>
