<?xml version="1.0" ?>
<!--MOLLI PACKAGE EXPERIMENTAL XML FORMAT-->
<molecule name="react_643_c2_frag_0">
	<atoms>
		<a id="1" s="C" t="C.3" l="C"/>
		<a id="2" s="N" t="N.4" l="N"/>
		<a id="3" s="C" t="C.3" l="C"/>
		<a id="4" s="C" t="C.3" l="C"/>
		<a id="5" s="C" t="C.3" l="C"/>
		<a id="6" s="C" t="C.3" l="C"/>
		<a id="7" s="O" t="O.3" l="O"/>
		<a id="8" s="H" t="H" l="H"/>
		<a id="9" s="C" t="C.3" l="C"/>
		<a id="10" s="H" t="H" l="H"/>
		<a id="11" s="H" t="H" l="H"/>
		<a id="12" s="H" t="H" l="H"/>
		<a id="13" s="C" t="C.3" l="C"/>
		<a id="14" s="H" t="H" l="H"/>
		<a id="15" s="H" t="H" l="H"/>
		<a id="16" s="H" t="H" l="H"/>
		<a id="17" s="H" t="H" l="H"/>
		<a id="18" s="H" t="H" l="H"/>
		<a id="19" s="H" t="H" l="H"/>
		<a id="20" s="H" t="H" l="H"/>
		<a id="21" s="H" t="H" l="H"/>
		<a id="22" s="H" t="H" l="H"/>
		<a id="23" s="H" t="H" l="H"/>
		<a id="24" s="H" t="H" l="H"/>
		<a id="25" s="H" t="H" l="H"/>
		<a id="26" s="H" t="H" l="H"/>
		<a id="27" s="H" t="H" l="H"/>
	</atoms>
	<bonds>
		<b id="1" c="1 2" t="1"/>
		<b id="2" c="3 2" t="1"/>
		<b id="3" c="4 2" t="1"/>
		<b id="4" c="2 5" t="1"/>
		<b id="5" c="5 6" t="1"/>
		<b id="6" c="7 8" t="1"/>
		<b id="7" c="7 6" t="1"/>
		<b id="8" c="10 9" t="1"/>
		<b id="9" c="11 9" t="1"/>
		<b id="10" c="9 12" t="1"/>
		<b id="11" c="9 6" t="1"/>
		<b id="12" c="6 13" t="1"/>
		<b id="13" c="14 13" t="1"/>
		<b id="14" c="15 13" t="1"/>
		<b id="15" c="13 16" t="1"/>
		<b id="16" c="1 17" t="1"/>
		<b id="17" c="1 18" t="1"/>
		<b id="18" c="1 19" t="1"/>
		<b id="19" c="3 20" t="1"/>
		<b id="20" c="3 21" t="1"/>
		<b id="21" c="3 22" t="1"/>
		<b id="22" c="4 23" t="1"/>
		<b id="23" c="4 24" t="1"/>
		<b id="24" c="4 25" t="1"/>
		<b id="25" c="5 26" t="1"/>
		<b id="26" c="5 27" t="1"/>
	</bonds>
	<geometry>
		<g u="A" t="cart/3d">#27,3:-1.2586,1.0221,0.9157;-1.1716,0.1023,-0.2854;-2.1415,0.6435,-1.3554;-1.6608,-1.2938,0.0872;0.2259,0.0691,-0.9407;1.5192,-0.1490,-0.0948;2.5396,-0.4404,-1.0730;3.3961,-0.5589,-0.6196;1.4905,-1.3414,0.8560;1.1575,-2.2470,0.3373;2.4965,-1.5629,1.2329;0.8518,-1.1652,1.7247;1.9813,1.1160,0.6358;3.0025,0.9926,1.0165;2.0147,1.9714,-0.0484;1.3466,1.3748,1.4848;-2.3092,1.1113,1.2101;-0.6928,0.5835,1.7394;-0.8617,2.0012,0.6340;-1.8364,1.6615,-1.6159;-2.0908,-0.0127,-2.2296;-3.1535,0.6480,-0.9389;-1.5212,-1.9559,-0.7719;-1.1070,-1.6547,0.9528;-2.7224,-1.2297,0.3470;0.1711,-0.7050,-1.7188;0.3342,1.0193,-1.4820;</g>
	</geometry>
	<conformers/>
	<properties/>
</molecule>
