<?xml version="1.0" ?>
<!--MOLLI PACKAGE EXPERIMENTAL XML FORMAT-->
<molecule name="react_658_c1_frag_0">
	<atoms>
		<a id="1" s="C" t="C.3" l="C"/>
		<a id="2" s="N" t="N.4" l="N"/>
		<a id="3" s="C" t="C.3" l="C"/>
		<a id="4" s="C" t="C.3" l="C"/>
		<a id="5" s="C" t="C.3" l="C"/>
		<a id="6" s="C" t="C.3" l="C"/>
		<a id="7" s="H" t="H" l="H"/>
		<a id="8" s="H" t="H" l="H"/>
		<a id="9" s="C" t="C.3" l="C"/>
		<a id="10" s="H" t="H" l="H"/>
		<a id="11" s="H" t="H" l="H"/>
		<a id="12" s="H" t="H" l="H"/>
		<a id="13" s="H" t="H" l="H"/>
		<a id="14" s="H" t="H" l="H"/>
		<a id="15" s="H" t="H" l="H"/>
		<a id="16" s="H" t="H" l="H"/>
		<a id="17" s="H" t="H" l="H"/>
		<a id="18" s="H" t="H" l="H"/>
		<a id="19" s="H" t="H" l="H"/>
		<a id="20" s="H" t="H" l="H"/>
		<a id="21" s="H" t="H" l="H"/>
		<a id="22" s="H" t="H" l="H"/>
		<a id="23" s="H" t="H" l="H"/>
	</atoms>
	<bonds>
		<b id="1" c="1 2" t="1"/>
		<b id="2" c="3 2" t="1"/>
		<b id="3" c="4 2" t="1"/>
		<b id="4" c="2 5" t="1"/>
		<b id="5" c="5 6" t="1"/>
		<b id="6" c="7 6" t="1"/>
		<b id="7" c="8 6" t="1"/>
		<b id="8" c="6 9" t="1"/>
		<b id="9" c="10 9" t="1"/>
		<b id="10" c="11 9" t="1"/>
		<b id="11" c="9 12" t="1"/>
		<b id="12" c="1 13" t="1"/>
		<b id="13" c="1 14" t="1"/>
		<b id="14" c="1 15" t="1"/>
		<b id="15" c="3 16" t="1"/>
		<b id="16" c="3 17" t="1"/>
		<b id="17" c="3 18" t="1"/>
		<b id="18" c="4 19" t="1"/>
		<b id="19" c="4 20" t="1"/>
		<b id="20" c="4 21" t="1"/>
		<b id="21" c="5 22" t="1"/>
		<b id="22" c="5 23" t="1"/>
	</bonds>
	<geometry>
		<g u="A" t="cart/3d">#23,3:-0.9861,0.0352,1.4706;-0.8031,0.1124,-0.0388;-2.1528,-0.2202,-0.6963;-0.4447,1.5378,-0.4438;0.2211,-0.9132,-0.5566;1.5296,-1.0404,0.2282;2.0617,-1.9049,-0.1908;1.3415,-1.2969,1.2762;2.4768,0.1433,0.1495;2.5444,0.5369,-0.8691;2.1734,0.9452,0.8262;3.4818,-0.1640,0.4586;-1.8212,0.6842,1.7519;-0.0716,0.3840,1.9570;-1.2013,-1.0028,1.7401;-2.8934,0.5139,-0.3646;-2.0260,-0.1738,-1.7820;-2.4522,-1.2253,-0.3842;-0.2415,1.5555,-1.5182;-1.2935,2.1877,-0.2080;0.4238,1.8692,0.1232;0.4142,-0.6755,-1.6095;-0.2810,-1.8883,-0.5237;</g>
	</geometry>
	<conformers/>
	<properties/>
</molecule>
