<?xml version="1.0" ?>
<!--MOLLI PACKAGE EXPERIMENTAL XML FORMAT-->
<molecule name="react_658_c2_frag_0">
	<atoms>
		<a id="1" s="C" t="C.3" l="C"/>
		<a id="2" s="N" t="N.4" l="N"/>
		<a id="3" s="C" t="C.3" l="C"/>
		<a id="4" s="C" t="C.3" l="C"/>
		<a id="5" s="C" t="C.3" l="C"/>
		<a id="6" s="C" t="C.3" l="C"/>
		<a id="7" s="H" t="H" l="H"/>
		<a id="8" s="H" t="H" l="H"/>
		<a id="9" s="C" t="C.3" l="C"/>
		<a id="10" s="H" t="H" l="H"/>
		<a id="11" s="H" t="H" l="H"/>
		<a id="12" s="C" t="C.3" l="C"/>
		<a id="13" s="H" t="H" l="H"/>
		<a id="14" s="H" t="H" l="H"/>
		<a id="15" s="C" t="C.3" l="C"/>
		<a id="16" s="C" t="C.3" l="C"/>
		<a id="17" s="H" t="H" l="H"/>
		<a id="18" s="H" t="H" l="H"/>
		<a id="19" s="H" t="H" l="H"/>
		<a id="20" s="O" t="O.3" l="O"/>
		<a id="21" s="C" t="C.3" l="C"/>
		<a id="22" s="H" t="H" l="H"/>
		<a id="23" s="H" t="H" l="H"/>
		<a id="24" s="C" t="C.3" l="C"/>
		<a id="25" s="H" t="H" l="H"/>
		<a id="26" s="H" t="H" l="H"/>
		<a id="27" s="O" t="O.3" l="O"/>
		<a id="28" s="H" t="H" l="H"/>
		<a id="29" s="H" t="H" l="H"/>
		<a id="30" s="H" t="H" l="H"/>
		<a id="31" s="H" t="H" l="H"/>
		<a id="32" s="H" t="H" l="H"/>
		<a id="33" s="H" t="H" l="H"/>
		<a id="34" s="H" t="H" l="H"/>
		<a id="35" s="H" t="H" l="H"/>
		<a id="36" s="H" t="H" l="H"/>
		<a id="37" s="H" t="H" l="H"/>
		<a id="38" s="H" t="H" l="H"/>
	</atoms>
	<bonds>
		<b id="1" c="1 2" t="1"/>
		<b id="2" c="3 2" t="1"/>
		<b id="3" c="4 2" t="1"/>
		<b id="4" c="2 5" t="1"/>
		<b id="5" c="5 6" t="1"/>
		<b id="6" c="7 6" t="1"/>
		<b id="7" c="8 6" t="1"/>
		<b id="8" c="6 9" t="1"/>
		<b id="9" c="10 9" t="1"/>
		<b id="10" c="11 9" t="1"/>
		<b id="11" c="9 12" t="1"/>
		<b id="12" c="13 12" t="1"/>
		<b id="13" c="14 12" t="1"/>
		<b id="14" c="12 15" t="1"/>
		<b id="15" c="17 16" t="1"/>
		<b id="16" c="18 16" t="1"/>
		<b id="17" c="16 19" t="1"/>
		<b id="18" c="16 15" t="1"/>
		<b id="19" c="15 20" t="1"/>
		<b id="20" c="20 21" t="1"/>
		<b id="21" c="22 21" t="1"/>
		<b id="22" c="23 21" t="1"/>
		<b id="23" c="21 24" t="1"/>
		<b id="24" c="25 24" t="1"/>
		<b id="25" c="26 24" t="1"/>
		<b id="26" c="24 27" t="1"/>
		<b id="27" c="27 15" t="1"/>
		<b id="28" c="1 28" t="1"/>
		<b id="29" c="1 29" t="1"/>
		<b id="30" c="1 30" t="1"/>
		<b id="31" c="3 31" t="1"/>
		<b id="32" c="3 32" t="1"/>
		<b id="33" c="3 33" t="1"/>
		<b id="34" c="4 34" t="1"/>
		<b id="35" c="4 35" t="1"/>
		<b id="36" c="4 36" t="1"/>
		<b id="37" c="5 37" t="1"/>
		<b id="38" c="5 38" t="1"/>
	</bonds>
	<geometry>
		<g u="A" t="cart/3d">#38,3:-4.3957,0.5413,1.0424;-3.3407,0.4320,-0.0641;-3.2948,1.7612,-0.8089;-3.7671,-0.6760,-1.0196;-1.9922,0.1134,0.6080;-0.8307,-0.0308,-0.3769;-0.6957,0.8916,-0.9510;-1.0249,-0.8390,-1.0895;0.4714,-0.3387,0.3721;0.6681,0.4607,1.0961;0.3471,-1.2686,0.9382;1.6522,-0.4692,-0.5954;1.4684,-1.2871,-1.3041;1.7061,0.4444,-1.2031;3.0128,-0.6764,0.0892;3.0878,-1.9802,0.8786;2.8677,-2.8424,0.2405;4.0967,-2.1284,1.2806;2.4063,-1.9787,1.7346;3.2700,0.4167,0.9855;4.3262,1.1592,0.3715;3.8714,1.9228,-0.2686;4.9473,1.6453,1.1276;5.0651,0.1304,-0.4396;5.7226,-0.4830,0.1858;5.6440,0.5593,-1.2611;4.0166,-0.7003,-0.9388;-5.3618,0.7684,0.5817;-4.4415,-0.4153,1.5715;-4.1000,1.3448,1.7235;-4.3073,2.0024,-1.1472;-2.9276,2.5301,-0.1232;-2.6339,1.6624,-1.6734;-3.0886,-0.6883,-1.8761;-3.7341,-1.6282,-0.4826;-4.7851,-0.4646,-1.3613;-2.1322,-0.8161,1.1731;-1.7938,0.9247,1.3187;</g>
	</geometry>
	<conformers/>
	<properties/>
</molecule>
