<?xml version="1.0" ?>
<!--MOLLI PACKAGE EXPERIMENTAL XML FORMAT-->
<molecule name="react_668_c1_frag_0">
	<atoms>
		<a id="1" s="C" t="C.3" l="C"/>
		<a id="2" s="N" t="N.4" l="N"/>
		<a id="3" s="C" t="C.3" l="C"/>
		<a id="4" s="C" t="C.3" l="C"/>
		<a id="5" s="C" t="C.3" l="C"/>
		<a id="6" s="C" t="C.3" l="C"/>
		<a id="7" s="H" t="H" l="H"/>
		<a id="8" s="H" t="H" l="H"/>
		<a id="9" s="O" t="O.3" l="O"/>
		<a id="10" s="H" t="H" l="H"/>
		<a id="11" s="H" t="H" l="H"/>
		<a id="12" s="H" t="H" l="H"/>
		<a id="13" s="H" t="H" l="H"/>
		<a id="14" s="H" t="H" l="H"/>
		<a id="15" s="H" t="H" l="H"/>
		<a id="16" s="H" t="H" l="H"/>
		<a id="17" s="H" t="H" l="H"/>
		<a id="18" s="H" t="H" l="H"/>
		<a id="19" s="H" t="H" l="H"/>
		<a id="20" s="H" t="H" l="H"/>
		<a id="21" s="H" t="H" l="H"/>
	</atoms>
	<bonds>
		<b id="1" c="1 2" t="1"/>
		<b id="2" c="3 2" t="1"/>
		<b id="3" c="4 2" t="1"/>
		<b id="4" c="2 5" t="1"/>
		<b id="5" c="5 6" t="1"/>
		<b id="6" c="7 6" t="1"/>
		<b id="7" c="8 6" t="1"/>
		<b id="8" c="6 9" t="1"/>
		<b id="9" c="9 10" t="1"/>
		<b id="10" c="1 11" t="1"/>
		<b id="11" c="1 12" t="1"/>
		<b id="12" c="1 13" t="1"/>
		<b id="13" c="3 14" t="1"/>
		<b id="14" c="3 15" t="1"/>
		<b id="15" c="3 16" t="1"/>
		<b id="16" c="4 17" t="1"/>
		<b id="17" c="4 18" t="1"/>
		<b id="18" c="4 19" t="1"/>
		<b id="19" c="5 20" t="1"/>
		<b id="20" c="5 21" t="1"/>
	</bonds>
	<geometry>
		<g u="A" t="cart/3d">#21,3:-0.5810,0.8199,1.2111;-0.5959,-0.1010,-0.0079;-0.5454,-1.5484,0.4515;-1.9054,0.1289,-0.7624;0.5691,0.2289,-0.9775;1.9777,0.1091,-0.3702;2.1557,-0.8754,0.0693;2.7172,0.2658,-1.1626;2.1904,1.1061,0.6220;3.1393,1.0923,0.8546;0.2356,0.5255,1.8741;-0.4734,1.8526,0.8679;-1.5297,0.6962,1.7433;-0.5184,-2.1917,-0.4327;0.3464,-1.6982,1.0648;-1.4409,-1.7543,1.0458;-1.9179,-0.5250,-1.6395;-2.7397,-0.1129,-0.0970;-1.9514,1.1794,-1.0647;0.4693,-0.4545,-1.8283;0.3985,1.2566,-1.3193;</g>
	</geometry>
	<conformers/>
	<properties/>
</molecule>
