<?xml version="1.0" ?>
<!--MOLLI PACKAGE EXPERIMENTAL XML FORMAT-->
<molecule name="react_676_c2_frag_0">
	<atoms>
		<a id="1" s="C" t="C.3" l="C"/>
		<a id="2" s="N" t="N.4" l="N"/>
		<a id="3" s="C" t="C.3" l="C"/>
		<a id="4" s="C" t="C.3" l="C"/>
		<a id="5" s="C" t="C.3" l="C"/>
		<a id="6" s="C" t="C.3" l="C"/>
		<a id="7" s="H" t="H" l="H"/>
		<a id="8" s="H" t="H" l="H"/>
		<a id="9" s="C" t="C.3" l="C"/>
		<a id="10" s="H" t="H" l="H"/>
		<a id="11" s="H" t="H" l="H"/>
		<a id="12" s="C" t="C.3" l="C"/>
		<a id="13" s="H" t="H" l="H"/>
		<a id="14" s="H" t="H" l="H"/>
		<a id="15" s="C" t="C.3" l="C"/>
		<a id="16" s="H" t="H" l="H"/>
		<a id="17" s="H" t="H" l="H"/>
		<a id="18" s="C" t="C.3" l="C"/>
		<a id="19" s="H" t="H" l="H"/>
		<a id="20" s="H" t="H" l="H"/>
		<a id="21" s="C" t="C.3" l="C"/>
		<a id="22" s="H" t="H" l="H"/>
		<a id="23" s="H" t="H" l="H"/>
		<a id="24" s="C" t="C.3" l="C"/>
		<a id="25" s="H" t="H" l="H"/>
		<a id="26" s="H" t="H" l="H"/>
		<a id="27" s="C" t="C.3" l="C"/>
		<a id="28" s="H" t="H" l="H"/>
		<a id="29" s="H" t="H" l="H"/>
		<a id="30" s="C" t="C.3" l="C"/>
		<a id="31" s="H" t="H" l="H"/>
		<a id="32" s="H" t="H" l="H"/>
		<a id="33" s="C" t="C.3" l="C"/>
		<a id="34" s="H" t="H" l="H"/>
		<a id="35" s="H" t="H" l="H"/>
		<a id="36" s="H" t="H" l="H"/>
		<a id="37" s="H" t="H" l="H"/>
		<a id="38" s="H" t="H" l="H"/>
		<a id="39" s="H" t="H" l="H"/>
		<a id="40" s="H" t="H" l="H"/>
		<a id="41" s="H" t="H" l="H"/>
		<a id="42" s="H" t="H" l="H"/>
		<a id="43" s="H" t="H" l="H"/>
		<a id="44" s="H" t="H" l="H"/>
		<a id="45" s="H" t="H" l="H"/>
		<a id="46" s="H" t="H" l="H"/>
		<a id="47" s="H" t="H" l="H"/>
	</atoms>
	<bonds>
		<b id="1" c="1 2" t="1"/>
		<b id="2" c="3 2" t="1"/>
		<b id="3" c="4 2" t="1"/>
		<b id="4" c="2 5" t="1"/>
		<b id="5" c="5 6" t="1"/>
		<b id="6" c="7 6" t="1"/>
		<b id="7" c="8 6" t="1"/>
		<b id="8" c="6 9" t="1"/>
		<b id="9" c="10 9" t="1"/>
		<b id="10" c="11 9" t="1"/>
		<b id="11" c="9 12" t="1"/>
		<b id="12" c="13 12" t="1"/>
		<b id="13" c="14 12" t="1"/>
		<b id="14" c="12 15" t="1"/>
		<b id="15" c="16 15" t="1"/>
		<b id="16" c="17 15" t="1"/>
		<b id="17" c="15 18" t="1"/>
		<b id="18" c="19 18" t="1"/>
		<b id="19" c="20 18" t="1"/>
		<b id="20" c="18 21" t="1"/>
		<b id="21" c="22 21" t="1"/>
		<b id="22" c="23 21" t="1"/>
		<b id="23" c="21 24" t="1"/>
		<b id="24" c="25 24" t="1"/>
		<b id="25" c="26 24" t="1"/>
		<b id="26" c="24 27" t="1"/>
		<b id="27" c="28 27" t="1"/>
		<b id="28" c="29 27" t="1"/>
		<b id="29" c="27 30" t="1"/>
		<b id="30" c="31 30" t="1"/>
		<b id="31" c="32 30" t="1"/>
		<b id="32" c="30 33" t="1"/>
		<b id="33" c="34 33" t="1"/>
		<b id="34" c="35 33" t="1"/>
		<b id="35" c="33 36" t="1"/>
		<b id="36" c="1 37" t="1"/>
		<b id="37" c="1 38" t="1"/>
		<b id="38" c="1 39" t="1"/>
		<b id="39" c="3 40" t="1"/>
		<b id="40" c="3 41" t="1"/>
		<b id="41" c="3 42" t="1"/>
		<b id="42" c="4 43" t="1"/>
		<b id="43" c="4 44" t="1"/>
		<b id="44" c="4 45" t="1"/>
		<b id="45" c="5 46" t="1"/>
		<b id="46" c="5 47" t="1"/>
	</bonds>
	<geometry>
		<g u="A" t="cart/3d">#47,3:-3.8845,-0.0401,1.3630;-4.1396,0.7754,0.1009;-4.8793,-0.0764,-0.9215;-5.0608,1.9420,0.4965;-2.8453,1.3877,-0.4678;-1.9659,0.4746,-1.3297;-2.5411,0.0929,-2.1812;-1.1949,1.1164,-1.7786;-1.2389,-0.6956,-0.6646;-0.6256,-1.1724,-1.4389;-1.9514,-1.4607,-0.3458;-0.3371,-0.2785,0.4988;-0.9334,0.2219,1.2690;0.3978,0.4575,0.1537;0.3736,-1.4595,1.1688;-0.3834,-2.1397,1.5796;0.9358,-1.0829,2.0317;1.3117,-2.2725,0.2708;1.7791,-3.0545,0.8828;0.7215,-2.8008,-0.4873;2.4124,-1.4759,-0.4358;1.9682,-0.7487,-1.1249;2.9896,-2.1734,-1.0560;3.3627,-0.7644,0.5296;2.8146,-0.0175,1.1148;3.7796,-1.4910,1.2373;4.5006,-0.0717,-0.2236;4.0833,0.6520,-0.9343;5.0599,-0.8127,-0.8076;5.4493,0.6435,0.7381;4.8963,1.3888,1.3215;5.8719,-0.0765,1.4486;6.5816,1.3329,-0.0063;7.2476,1.8378,0.7003;6.1936,2.0831,-0.7028;7.1748,0.6098,-0.5750;-4.8508,-0.3183,1.7957;-3.3192,0.5755,2.0683;-3.3349,-0.9442,1.1073;-4.2925,-0.9757,-1.1249;-5.0172,0.5162,-1.8304;-5.8489,-0.3596,-0.5002;-4.5311,2.5660,1.2227;-5.3007,2.5152,-0.4041;-5.9746,1.5318,0.9371;-3.1639,2.2222,-1.1056;-2.2907,1.8198,0.3721;</g>
	</geometry>
	<conformers/>
	<properties/>
</molecule>
