<?xml version="1.0" ?>
<!--MOLLI PACKAGE EXPERIMENTAL XML FORMAT-->
<molecule name="react_685_c2_frag_0">
	<atoms>
		<a id="1" s="C" t="C.3" l="C"/>
		<a id="2" s="N" t="N.4" l="N"/>
		<a id="3" s="C" t="C.3" l="C"/>
		<a id="4" s="C" t="C.3" l="C"/>
		<a id="5" s="C" t="C.3" l="C"/>
		<a id="6" s="C" t="C.3" l="C"/>
		<a id="7" s="H" t="H" l="H"/>
		<a id="8" s="H" t="H" l="H"/>
		<a id="9" s="C" t="C.3" l="C"/>
		<a id="10" s="H" t="H" l="H"/>
		<a id="11" s="H" t="H" l="H"/>
		<a id="12" s="C" t="C.3" l="C"/>
		<a id="13" s="C" t="C.3" l="C"/>
		<a id="14" s="H" t="H" l="H"/>
		<a id="15" s="H" t="H" l="H"/>
		<a id="16" s="C" t="C.3" l="C"/>
		<a id="17" s="H" t="H" l="H"/>
		<a id="18" s="H" t="H" l="H"/>
		<a id="19" s="H" t="H" l="H"/>
		<a id="20" s="O" t="O.3" l="O"/>
		<a id="21" s="C" t="C.3" l="C"/>
		<a id="22" s="H" t="H" l="H"/>
		<a id="23" s="H" t="H" l="H"/>
		<a id="24" s="C" t="C.3" l="C"/>
		<a id="25" s="C" t="C.3" l="C"/>
		<a id="26" s="H" t="H" l="H"/>
		<a id="27" s="H" t="H" l="H"/>
		<a id="28" s="H" t="H" l="H"/>
		<a id="29" s="C" t="C.3" l="C"/>
		<a id="30" s="H" t="H" l="H"/>
		<a id="31" s="H" t="H" l="H"/>
		<a id="32" s="H" t="H" l="H"/>
		<a id="33" s="C" t="C.3" l="C"/>
		<a id="34" s="H" t="H" l="H"/>
		<a id="35" s="H" t="H" l="H"/>
		<a id="36" s="O" t="O.3" l="O"/>
		<a id="37" s="H" t="H" l="H"/>
		<a id="38" s="H" t="H" l="H"/>
		<a id="39" s="H" t="H" l="H"/>
		<a id="40" s="H" t="H" l="H"/>
		<a id="41" s="H" t="H" l="H"/>
		<a id="42" s="H" t="H" l="H"/>
		<a id="43" s="H" t="H" l="H"/>
		<a id="44" s="H" t="H" l="H"/>
		<a id="45" s="H" t="H" l="H"/>
		<a id="46" s="H" t="H" l="H"/>
		<a id="47" s="H" t="H" l="H"/>
	</atoms>
	<bonds>
		<b id="1" c="1 2" t="1"/>
		<b id="2" c="3 2" t="1"/>
		<b id="3" c="4 2" t="1"/>
		<b id="4" c="2 5" t="1"/>
		<b id="5" c="5 6" t="1"/>
		<b id="6" c="7 6" t="1"/>
		<b id="7" c="8 6" t="1"/>
		<b id="8" c="6 9" t="1"/>
		<b id="9" c="10 9" t="1"/>
		<b id="10" c="11 9" t="1"/>
		<b id="11" c="9 12" t="1"/>
		<b id="12" c="14 13" t="1"/>
		<b id="13" c="15 13" t="1"/>
		<b id="14" c="13 16" t="1"/>
		<b id="15" c="17 16" t="1"/>
		<b id="16" c="18 16" t="1"/>
		<b id="17" c="16 19" t="1"/>
		<b id="18" c="13 12" t="1"/>
		<b id="19" c="12 20" t="1"/>
		<b id="20" c="20 21" t="1"/>
		<b id="21" c="22 21" t="1"/>
		<b id="22" c="23 21" t="1"/>
		<b id="23" c="21 24" t="1"/>
		<b id="24" c="26 25" t="1"/>
		<b id="25" c="27 25" t="1"/>
		<b id="26" c="25 28" t="1"/>
		<b id="27" c="25 24" t="1"/>
		<b id="28" c="30 29" t="1"/>
		<b id="29" c="31 29" t="1"/>
		<b id="30" c="29 32" t="1"/>
		<b id="31" c="29 24" t="1"/>
		<b id="32" c="24 33" t="1"/>
		<b id="33" c="34 33" t="1"/>
		<b id="34" c="35 33" t="1"/>
		<b id="35" c="33 36" t="1"/>
		<b id="36" c="36 12" t="1"/>
		<b id="37" c="1 37" t="1"/>
		<b id="38" c="1 38" t="1"/>
		<b id="39" c="1 39" t="1"/>
		<b id="40" c="3 40" t="1"/>
		<b id="41" c="3 41" t="1"/>
		<b id="42" c="3 42" t="1"/>
		<b id="43" c="4 43" t="1"/>
		<b id="44" c="4 44" t="1"/>
		<b id="45" c="4 45" t="1"/>
		<b id="46" c="5 46" t="1"/>
		<b id="47" c="5 47" t="1"/>
	</bonds>
	<geometry>
		<g u="A" t="cart/3d">#47,3:-3.8773,-0.7461,0.5926;-3.5305,0.6671,0.1398;-4.7458,1.5538,0.4554;-3.3151,0.6909,-1.3680;-2.3299,1.2426,0.9160;-0.9343,0.8805,0.4061;-0.8175,1.1773,-0.6418;-0.2401,1.5198,0.9659;-0.5078,-0.5830,0.5945;-1.0922,-1.1972,-0.0932;-0.7347,-0.8883,1.6230;0.9978,-0.8140,0.3003;1.3675,-2.2921,0.5800;2.4432,-2.4481,0.4468;1.1728,-2.5236,1.6349;0.6572,-3.3088,-0.3050;-0.4182,-3.3338,-0.1082;0.8137,-3.0943,-1.3663;1.0477,-4.3122,-0.1054;1.1781,-0.4504,-1.0701;2.5471,-0.3646,-1.4597;2.5684,-0.0301,-2.5032;2.9931,-1.3656,-1.4477;3.3178,0.6121,-0.5642;2.7968,2.0447,-0.7863;1.7290,2.1345,-0.5643;3.3276,2.7587,-0.1464;2.9444,2.3588,-1.8258;4.8142,0.5659,-0.8968;4.9965,0.8510,-1.9390;5.3826,1.2505,-0.2573;5.2220,-0.4407,-0.7515;3.0879,0.1959,0.8935;3.4941,0.9499,1.5776;3.6007,-0.7420,1.1340;1.6988,0.0649,1.1850;-4.8185,-1.0399,0.1169;-3.0918,-1.4334,0.2839;-3.9882,-0.7472,1.6807;-4.5416,2.5653,0.0915;-5.6218,1.1401,-0.0535;-4.8969,1.5555,1.5391;-4.2516,0.4022,-1.8553;-3.0313,1.7059,-1.6607;-2.5329,-0.0265,-1.6278;-2.4252,2.3341,0.8558;-2.4556,0.9598,1.9678;</g>
	</geometry>
	<conformers/>
	<properties/>
</molecule>
