<?xml version="1.0" ?>
<!--MOLLI PACKAGE EXPERIMENTAL XML FORMAT-->
<molecule name="react_686_c2_frag_0">
	<atoms>
		<a id="1" s="C" t="C.3" l="C"/>
		<a id="2" s="N" t="N.4" l="N"/>
		<a id="3" s="C" t="C.3" l="C"/>
		<a id="4" s="C" t="C.3" l="C"/>
		<a id="5" s="C" t="C.3" l="C"/>
		<a id="6" s="C" t="C.3" l="C"/>
		<a id="7" s="H" t="H" l="H"/>
		<a id="8" s="H" t="H" l="H"/>
		<a id="9" s="C" t="C.3" l="C"/>
		<a id="10" s="H" t="H" l="H"/>
		<a id="11" s="H" t="H" l="H"/>
		<a id="12" s="C" t="C.3" l="C"/>
		<a id="13" s="H" t="H" l="H"/>
		<a id="14" s="H" t="H" l="H"/>
		<a id="15" s="C" t="C.3" l="C"/>
		<a id="16" s="H" t="H" l="H"/>
		<a id="17" s="H" t="H" l="H"/>
		<a id="18" s="C" t="C.3" l="C"/>
		<a id="19" s="H" t="H" l="H"/>
		<a id="20" s="H" t="H" l="H"/>
		<a id="21" s="C" t="C.3" l="C"/>
		<a id="22" s="H" t="H" l="H"/>
		<a id="23" s="H" t="H" l="H"/>
		<a id="24" s="C" t="C.3" l="C"/>
		<a id="25" s="H" t="H" l="H"/>
		<a id="26" s="H" t="H" l="H"/>
		<a id="27" s="C" t="C.3" l="C"/>
		<a id="28" s="H" t="H" l="H"/>
		<a id="29" s="H" t="H" l="H"/>
		<a id="30" s="C" t="C.3" l="C"/>
		<a id="31" s="H" t="H" l="H"/>
		<a id="32" s="H" t="H" l="H"/>
		<a id="33" s="C" t="C.3" l="C"/>
		<a id="34" s="H" t="H" l="H"/>
		<a id="35" s="H" t="H" l="H"/>
		<a id="36" s="C" t="C.3" l="C"/>
		<a id="37" s="H" t="H" l="H"/>
		<a id="38" s="H" t="H" l="H"/>
		<a id="39" s="H" t="H" l="H"/>
		<a id="40" s="H" t="H" l="H"/>
		<a id="41" s="H" t="H" l="H"/>
		<a id="42" s="H" t="H" l="H"/>
		<a id="43" s="H" t="H" l="H"/>
		<a id="44" s="H" t="H" l="H"/>
		<a id="45" s="H" t="H" l="H"/>
		<a id="46" s="H" t="H" l="H"/>
		<a id="47" s="H" t="H" l="H"/>
		<a id="48" s="H" t="H" l="H"/>
		<a id="49" s="H" t="H" l="H"/>
		<a id="50" s="H" t="H" l="H"/>
	</atoms>
	<bonds>
		<b id="1" c="1 2" t="1"/>
		<b id="2" c="3 2" t="1"/>
		<b id="3" c="4 2" t="1"/>
		<b id="4" c="2 5" t="1"/>
		<b id="5" c="5 6" t="1"/>
		<b id="6" c="7 6" t="1"/>
		<b id="7" c="8 6" t="1"/>
		<b id="8" c="6 9" t="1"/>
		<b id="9" c="10 9" t="1"/>
		<b id="10" c="11 9" t="1"/>
		<b id="11" c="9 12" t="1"/>
		<b id="12" c="13 12" t="1"/>
		<b id="13" c="14 12" t="1"/>
		<b id="14" c="12 15" t="1"/>
		<b id="15" c="16 15" t="1"/>
		<b id="16" c="17 15" t="1"/>
		<b id="17" c="15 18" t="1"/>
		<b id="18" c="19 18" t="1"/>
		<b id="19" c="20 18" t="1"/>
		<b id="20" c="18 21" t="1"/>
		<b id="21" c="22 21" t="1"/>
		<b id="22" c="23 21" t="1"/>
		<b id="23" c="21 24" t="1"/>
		<b id="24" c="25 24" t="1"/>
		<b id="25" c="26 24" t="1"/>
		<b id="26" c="24 27" t="1"/>
		<b id="27" c="28 27" t="1"/>
		<b id="28" c="29 27" t="1"/>
		<b id="29" c="27 30" t="1"/>
		<b id="30" c="31 30" t="1"/>
		<b id="31" c="32 30" t="1"/>
		<b id="32" c="30 33" t="1"/>
		<b id="33" c="34 33" t="1"/>
		<b id="34" c="35 33" t="1"/>
		<b id="35" c="33 36" t="1"/>
		<b id="36" c="37 36" t="1"/>
		<b id="37" c="38 36" t="1"/>
		<b id="38" c="36 39" t="1"/>
		<b id="39" c="1 40" t="1"/>
		<b id="40" c="1 41" t="1"/>
		<b id="41" c="1 42" t="1"/>
		<b id="42" c="3 43" t="1"/>
		<b id="43" c="3 44" t="1"/>
		<b id="44" c="3 45" t="1"/>
		<b id="45" c="4 46" t="1"/>
		<b id="46" c="4 47" t="1"/>
		<b id="47" c="4 48" t="1"/>
		<b id="48" c="5 49" t="1"/>
		<b id="49" c="5 50" t="1"/>
	</bonds>
	<geometry>
		<g u="A" t="cart/3d">#50,3:-5.1768,-1.5040,-0.1937;-5.4604,-0.0354,0.1001;-6.7724,0.3455,-0.5947;-5.6434,0.1603,1.6006;-4.3541,0.8785,-0.4596;-2.9731,0.6186,0.1463;-2.6701,-0.4157,-0.0381;-2.9922,0.7726,1.2300;-1.9338,1.5643,-0.4666;-2.2766,2.5995,-0.3450;-1.8576,1.3816,-1.5455;-0.5475,1.4445,0.1733;0.0879,2.2379,-0.2397;-0.6229,1.6303,1.2516;0.1219,0.0904,-0.0724;-0.4602,-0.7076,0.4017;0.1462,-0.1185,-1.1487;1.5478,0.0679,0.4857;2.1302,0.8657,0.0116;1.5234,0.2769,1.5620;2.2170,-1.2864,0.2403;2.2906,-1.4733,-0.8379;1.5825,-2.0795,0.6552;3.6043,-1.4046,0.8780;3.9485,-2.4393,0.7566;3.5294,-1.2215,1.9568;4.6398,-0.4591,0.2631;4.6618,-0.6078,-0.8221;4.3528,0.5822,0.4462;6.0306,-0.7057,0.8542;6.3532,-1.7294,0.6278;5.9747,-0.6265,1.9470;7.0853,0.2852,0.3569;6.7723,1.3103,0.5867;8.0160,0.1071,0.9088;7.3764,0.1665,-1.1311;8.2034,0.8293,-1.4056;6.5097,0.4529,-1.7338;7.6605,-0.8568,-1.3959;-6.0529,-2.0903,0.1002;-4.9861,-1.6124,-1.2652;-4.3102,-1.8234,0.3904;-7.5705,-0.2954,-0.2082;-6.9871,1.3956,-0.3753;-6.6496,0.1940,-1.6713;-5.7841,1.2271,1.7961;-6.5243,-0.4063,1.9177;-4.7589,-0.2174,2.1194;-4.3320,0.7206,-1.5447;-4.6694,1.9109,-0.2656;</g>
	</geometry>
	<conformers/>
	<properties/>
</molecule>
