<?xml version="1.0" ?>
<!--MOLLI PACKAGE EXPERIMENTAL XML FORMAT-->
<molecule name="react_690_c2_frag_0">
	<atoms>
		<a id="1" s="C" t="C.3" l="C"/>
		<a id="2" s="N" t="N.4" l="N"/>
		<a id="3" s="C" t="C.3" l="C"/>
		<a id="4" s="C" t="C.3" l="C"/>
		<a id="5" s="C" t="C.3" l="C"/>
		<a id="6" s="C" t="C.3" l="C"/>
		<a id="7" s="H" t="H" l="H"/>
		<a id="8" s="H" t="H" l="H"/>
		<a id="9" s="C" t="C.3" l="C"/>
		<a id="10" s="H" t="H" l="H"/>
		<a id="11" s="H" t="H" l="H"/>
		<a id="12" s="C" t="C.3" l="C"/>
		<a id="13" s="H" t="H" l="H"/>
		<a id="14" s="H" t="H" l="H"/>
		<a id="15" s="C" t="C.3" l="C"/>
		<a id="16" s="H" t="H" l="H"/>
		<a id="17" s="H" t="H" l="H"/>
		<a id="18" s="C" t="C.3" l="C"/>
		<a id="19" s="H" t="H" l="H"/>
		<a id="20" s="H" t="H" l="H"/>
		<a id="21" s="C" t="C.3" l="C"/>
		<a id="22" s="H" t="H" l="H"/>
		<a id="23" s="H" t="H" l="H"/>
		<a id="24" s="C" t="C.3" l="C"/>
		<a id="25" s="H" t="H" l="H"/>
		<a id="26" s="H" t="H" l="H"/>
		<a id="27" s="C" t="C.3" l="C"/>
		<a id="28" s="H" t="H" l="H"/>
		<a id="29" s="H" t="H" l="H"/>
		<a id="30" s="C" t="C.3" l="C"/>
		<a id="31" s="H" t="H" l="H"/>
		<a id="32" s="H" t="H" l="H"/>
		<a id="33" s="C" t="C.3" l="C"/>
		<a id="34" s="H" t="H" l="H"/>
		<a id="35" s="H" t="H" l="H"/>
		<a id="36" s="C" t="C.3" l="C"/>
		<a id="37" s="H" t="H" l="H"/>
		<a id="38" s="H" t="H" l="H"/>
		<a id="39" s="C" t="C.3" l="C"/>
		<a id="40" s="H" t="H" l="H"/>
		<a id="41" s="H" t="H" l="H"/>
		<a id="42" s="H" t="H" l="H"/>
		<a id="43" s="H" t="H" l="H"/>
		<a id="44" s="H" t="H" l="H"/>
		<a id="45" s="H" t="H" l="H"/>
		<a id="46" s="H" t="H" l="H"/>
		<a id="47" s="H" t="H" l="H"/>
		<a id="48" s="H" t="H" l="H"/>
		<a id="49" s="H" t="H" l="H"/>
		<a id="50" s="H" t="H" l="H"/>
		<a id="51" s="H" t="H" l="H"/>
		<a id="52" s="H" t="H" l="H"/>
		<a id="53" s="H" t="H" l="H"/>
	</atoms>
	<bonds>
		<b id="1" c="1 2" t="1"/>
		<b id="2" c="3 2" t="1"/>
		<b id="3" c="4 2" t="1"/>
		<b id="4" c="2 5" t="1"/>
		<b id="5" c="5 6" t="1"/>
		<b id="6" c="7 6" t="1"/>
		<b id="7" c="8 6" t="1"/>
		<b id="8" c="6 9" t="1"/>
		<b id="9" c="10 9" t="1"/>
		<b id="10" c="11 9" t="1"/>
		<b id="11" c="9 12" t="1"/>
		<b id="12" c="13 12" t="1"/>
		<b id="13" c="14 12" t="1"/>
		<b id="14" c="12 15" t="1"/>
		<b id="15" c="16 15" t="1"/>
		<b id="16" c="17 15" t="1"/>
		<b id="17" c="15 18" t="1"/>
		<b id="18" c="19 18" t="1"/>
		<b id="19" c="20 18" t="1"/>
		<b id="20" c="18 21" t="1"/>
		<b id="21" c="22 21" t="1"/>
		<b id="22" c="23 21" t="1"/>
		<b id="23" c="21 24" t="1"/>
		<b id="24" c="25 24" t="1"/>
		<b id="25" c="26 24" t="1"/>
		<b id="26" c="24 27" t="1"/>
		<b id="27" c="28 27" t="1"/>
		<b id="28" c="29 27" t="1"/>
		<b id="29" c="27 30" t="1"/>
		<b id="30" c="31 30" t="1"/>
		<b id="31" c="32 30" t="1"/>
		<b id="32" c="30 33" t="1"/>
		<b id="33" c="34 33" t="1"/>
		<b id="34" c="35 33" t="1"/>
		<b id="35" c="33 36" t="1"/>
		<b id="36" c="37 36" t="1"/>
		<b id="37" c="38 36" t="1"/>
		<b id="38" c="36 39" t="1"/>
		<b id="39" c="40 39" t="1"/>
		<b id="40" c="41 39" t="1"/>
		<b id="41" c="39 42" t="1"/>
		<b id="42" c="1 43" t="1"/>
		<b id="43" c="1 44" t="1"/>
		<b id="44" c="1 45" t="1"/>
		<b id="45" c="3 46" t="1"/>
		<b id="46" c="3 47" t="1"/>
		<b id="47" c="3 48" t="1"/>
		<b id="48" c="4 49" t="1"/>
		<b id="49" c="4 50" t="1"/>
		<b id="50" c="4 51" t="1"/>
		<b id="51" c="5 52" t="1"/>
		<b id="52" c="5 53" t="1"/>
	</bonds>
	<geometry>
		<g u="A" t="cart/3d">#53,3:-4.8289,1.8753,0.3528;-5.1765,0.5808,-0.3713;-5.8396,0.9717,-1.7030;-6.1946,-0.2050,0.4439;-3.9251,-0.2518,-0.7121;-3.3344,-1.1082,0.4141;-2.6148,-1.7929,-0.0543;-4.1023,-1.7684,0.8329;-2.6128,-0.4039,1.5640;-2.1912,-1.1743,2.2217;-3.3379,0.1230,2.1907;-1.4987,0.5667,1.1606;-1.9334,1.4220,0.6320;-1.0524,0.9763,2.0757;-0.3825,-0.0214,0.2896;0.3033,0.7969,0.0422;-0.7933,-0.3781,-0.6614;0.3940,-1.1482,0.9756;-0.2916,-1.9646,1.2286;0.8182,-0.7857,1.9197;1.5082,-1.7364,0.1034;1.9103,-2.6197,0.6153;1.0851,-2.0873,-0.8458;2.6528,-0.7566,-0.1696;2.2882,0.0940,-0.7555;3.0234,-0.3645,0.7838;3.7907,-1.4387,-0.9342;3.3853,-1.8960,-1.8454;4.2069,-2.2541,-0.3302;4.9122,-0.4786,-1.3416;4.4973,0.3346,-1.9495;5.6133,-1.0262,-1.9837;5.6767,0.1043,-0.1510;5.0074,0.7188,0.4613;6.0441,-0.7101,0.4849;6.8548,0.9615,-0.6162;6.4928,1.7776,-1.2524;7.5397,0.3568,-1.2220;7.6169,1.5474,0.5617;8.4546,2.1556,0.2064;6.9683,2.1852,1.1707;8.0193,0.7555,1.2015;-4.0663,2.4048,-0.2249;-5.7358,2.4840,0.4268;-4.4717,1.6455,1.3552;-5.1098,1.5277,-2.2991;-6.7139,1.5938,-1.4887;-6.1452,0.0569,-2.2198;-5.7884,-0.3805,1.4433;-6.3950,-1.1492,-0.0706;-7.1103,0.3894,0.5207;-3.1849,0.4324,-1.1406;-4.2326,-0.9382,-1.5114;</g>
	</geometry>
	<conformers/>
	<properties/>
</molecule>
