<?xml version="1.0" ?>
<!--MOLLI PACKAGE EXPERIMENTAL XML FORMAT-->
<molecule name="react_704_c1_frag_0">
	<atoms>
		<a id="1" s="C" t="C.3" l="C"/>
		<a id="2" s="N" t="N.4" l="N"/>
		<a id="3" s="C" t="C.3" l="C"/>
		<a id="4" s="C" t="C.3" l="C"/>
		<a id="5" s="C" t="C.3" l="C"/>
		<a id="6" s="C" t="C.3" l="C"/>
		<a id="7" s="H" t="H" l="H"/>
		<a id="8" s="H" t="H" l="H"/>
		<a id="9" s="C" t="C.3" l="C"/>
		<a id="10" s="H" t="H" l="H"/>
		<a id="11" s="H" t="H" l="H"/>
		<a id="12" s="O" t="O.3" l="O"/>
		<a id="13" s="Si" t="Si" l="SI"/>
		<a id="14" s="C" t="C.3" l="C"/>
		<a id="15" s="H" t="H" l="H"/>
		<a id="16" s="H" t="H" l="H"/>
		<a id="17" s="H" t="H" l="H"/>
		<a id="18" s="C" t="C.3" l="C"/>
		<a id="19" s="H" t="H" l="H"/>
		<a id="20" s="H" t="H" l="H"/>
		<a id="21" s="H" t="H" l="H"/>
		<a id="22" s="C" t="C.3" l="C"/>
		<a id="23" s="C" t="C.3" l="C"/>
		<a id="24" s="H" t="H" l="H"/>
		<a id="25" s="H" t="H" l="H"/>
		<a id="26" s="H" t="H" l="H"/>
		<a id="27" s="C" t="C.3" l="C"/>
		<a id="28" s="H" t="H" l="H"/>
		<a id="29" s="H" t="H" l="H"/>
		<a id="30" s="H" t="H" l="H"/>
		<a id="31" s="C" t="C.3" l="C"/>
		<a id="32" s="H" t="H" l="H"/>
		<a id="33" s="H" t="H" l="H"/>
		<a id="34" s="H" t="H" l="H"/>
		<a id="35" s="H" t="H" l="H"/>
		<a id="36" s="H" t="H" l="H"/>
		<a id="37" s="H" t="H" l="H"/>
		<a id="38" s="H" t="H" l="H"/>
		<a id="39" s="H" t="H" l="H"/>
		<a id="40" s="H" t="H" l="H"/>
		<a id="41" s="H" t="H" l="H"/>
		<a id="42" s="H" t="H" l="H"/>
		<a id="43" s="H" t="H" l="H"/>
		<a id="44" s="H" t="H" l="H"/>
		<a id="45" s="H" t="H" l="H"/>
	</atoms>
	<bonds>
		<b id="1" c="1 2" t="1"/>
		<b id="2" c="3 2" t="1"/>
		<b id="3" c="4 2" t="1"/>
		<b id="4" c="2 5" t="1"/>
		<b id="5" c="5 6" t="1"/>
		<b id="6" c="7 6" t="1"/>
		<b id="7" c="8 6" t="1"/>
		<b id="8" c="6 9" t="1"/>
		<b id="9" c="10 9" t="1"/>
		<b id="10" c="11 9" t="1"/>
		<b id="11" c="9 12" t="1"/>
		<b id="12" c="12 13" t="1"/>
		<b id="13" c="15 14" t="1"/>
		<b id="14" c="16 14" t="1"/>
		<b id="15" c="14 17" t="1"/>
		<b id="16" c="14 13" t="1"/>
		<b id="17" c="19 18" t="1"/>
		<b id="18" c="20 18" t="1"/>
		<b id="19" c="18 21" t="1"/>
		<b id="20" c="18 13" t="1"/>
		<b id="21" c="13 22" t="1"/>
		<b id="22" c="24 23" t="1"/>
		<b id="23" c="25 23" t="1"/>
		<b id="24" c="23 26" t="1"/>
		<b id="25" c="23 22" t="1"/>
		<b id="26" c="28 27" t="1"/>
		<b id="27" c="29 27" t="1"/>
		<b id="28" c="27 30" t="1"/>
		<b id="29" c="27 22" t="1"/>
		<b id="30" c="22 31" t="1"/>
		<b id="31" c="32 31" t="1"/>
		<b id="32" c="33 31" t="1"/>
		<b id="33" c="31 34" t="1"/>
		<b id="34" c="1 35" t="1"/>
		<b id="35" c="1 36" t="1"/>
		<b id="36" c="1 37" t="1"/>
		<b id="37" c="3 38" t="1"/>
		<b id="38" c="3 39" t="1"/>
		<b id="39" c="3 40" t="1"/>
		<b id="40" c="4 41" t="1"/>
		<b id="41" c="4 42" t="1"/>
		<b id="42" c="4 43" t="1"/>
		<b id="43" c="5 44" t="1"/>
		<b id="44" c="5 45" t="1"/>
	</bonds>
	<geometry>
		<g u="A" t="cart/3d">#45,3:4.6333,-0.8250,0.2647;4.0274,0.4609,-0.2904;4.9697,1.6197,0.0519;3.9276,0.3611,-1.8094;2.6575,0.7610,0.3518;1.6002,-0.2948,0.0604;1.9197,-1.2846,0.4009;1.4159,-0.3863,-1.0152;0.2810,0.0443,0.7519;0.4221,0.0364,1.8384;-0.0605,1.0358,0.4415;-0.6557,-0.9542,0.3745;-2.2624,-0.8391,0.8540;-2.4932,0.1755,2.4128;-1.9575,-0.2831,3.2497;-3.5527,0.2384,2.6844;-2.1142,1.1921,2.2819;-3.0034,-2.5465,1.1002;-4.0565,-2.4767,1.3904;-2.4669,-3.0798,1.8937;-2.9334,-3.1406,0.1822;-3.3334,0.0825,-0.6605;-3.1197,-0.7043,-1.9687;-2.0614,-0.7397,-2.2465;-3.6632,-0.2365,-2.7970;-3.4759,-1.7358,-1.8830;-2.8276,1.5267,-0.8349;-1.7717,1.5528,-1.1200;-3.3912,2.0420,-1.6224;-2.9411,2.1086,0.0845;-4.8304,0.0953,-0.2939;-5.4181,0.5829,-1.0810;-5.0111,0.6433,0.6407;-5.2265,-0.9205,-0.1687;5.6534,-0.9188,-0.1193;4.6397,-0.7600,1.3565;4.0352,-1.6757,-0.0709;5.9479,1.4173,-0.3980;5.0556,1.6843,1.1421;4.5447,2.5431,-0.3575;4.9405,0.2882,-2.2176;3.4280,1.2592,-2.1834;3.3622,-0.5368,-2.0707;2.8284,0.8500,1.4309;2.3375,1.7377,-0.0306;</g>
	</geometry>
	<conformers/>
	<properties/>
</molecule>
