<?xml version="1.0" ?>
<!--MOLLI PACKAGE EXPERIMENTAL XML FORMAT-->
<molecule name="react_55_c2_frag_0">
	<atoms>
		<a id="1" s="C" t="C.3" l="C"/>
		<a id="2" s="N" t="N.4" l="N"/>
		<a id="3" s="C" t="C.3" l="C"/>
		<a id="4" s="C" t="C.3" l="C"/>
		<a id="5" s="C" t="C.3" l="C"/>
		<a id="6" s="C" t="C.3" l="C"/>
		<a id="7" s="H" t="H" l="H"/>
		<a id="8" s="H" t="H" l="H"/>
		<a id="9" s="C" t="C.3" l="C"/>
		<a id="10" s="H" t="H" l="H"/>
		<a id="11" s="H" t="H" l="H"/>
		<a id="12" s="C" t="C.3" l="C"/>
		<a id="13" s="H" t="H" l="H"/>
		<a id="14" s="H" t="H" l="H"/>
		<a id="15" s="C" t="C.3" l="C"/>
		<a id="16" s="H" t="H" l="H"/>
		<a id="17" s="H" t="H" l="H"/>
		<a id="18" s="C" t="C.3" l="C"/>
		<a id="19" s="H" t="H" l="H"/>
		<a id="20" s="H" t="H" l="H"/>
		<a id="21" s="C" t="C.3" l="C"/>
		<a id="22" s="H" t="H" l="H"/>
		<a id="23" s="H" t="H" l="H"/>
		<a id="24" s="C" t="C.3" l="C"/>
		<a id="25" s="H" t="H" l="H"/>
		<a id="26" s="H" t="H" l="H"/>
		<a id="27" s="C" t="C.3" l="C"/>
		<a id="28" s="H" t="H" l="H"/>
		<a id="29" s="H" t="H" l="H"/>
		<a id="30" s="C" t="C.3" l="C"/>
		<a id="31" s="H" t="H" l="H"/>
		<a id="32" s="H" t="H" l="H"/>
		<a id="33" s="C" t="C.3" l="C"/>
		<a id="34" s="H" t="H" l="H"/>
		<a id="35" s="H" t="H" l="H"/>
		<a id="36" s="C" t="C.3" l="C"/>
		<a id="37" s="H" t="H" l="H"/>
		<a id="38" s="H" t="H" l="H"/>
		<a id="39" s="C" t="C.3" l="C"/>
		<a id="40" s="H" t="H" l="H"/>
		<a id="41" s="H" t="H" l="H"/>
		<a id="42" s="C" t="C.3" l="C"/>
		<a id="43" s="H" t="H" l="H"/>
		<a id="44" s="H" t="H" l="H"/>
		<a id="45" s="C" t="C.3" l="C"/>
		<a id="46" s="H" t="H" l="H"/>
		<a id="47" s="H" t="H" l="H"/>
		<a id="48" s="H" t="H" l="H"/>
		<a id="49" s="H" t="H" l="H"/>
		<a id="50" s="H" t="H" l="H"/>
		<a id="51" s="H" t="H" l="H"/>
		<a id="52" s="H" t="H" l="H"/>
		<a id="53" s="H" t="H" l="H"/>
		<a id="54" s="H" t="H" l="H"/>
		<a id="55" s="H" t="H" l="H"/>
		<a id="56" s="H" t="H" l="H"/>
		<a id="57" s="H" t="H" l="H"/>
		<a id="58" s="H" t="H" l="H"/>
		<a id="59" s="H" t="H" l="H"/>
	</atoms>
	<bonds>
		<b id="1" c="1 2" t="1"/>
		<b id="2" c="3 2" t="1"/>
		<b id="3" c="4 2" t="1"/>
		<b id="4" c="2 5" t="1"/>
		<b id="5" c="5 6" t="1"/>
		<b id="6" c="7 6" t="1"/>
		<b id="7" c="8 6" t="1"/>
		<b id="8" c="6 9" t="1"/>
		<b id="9" c="10 9" t="1"/>
		<b id="10" c="11 9" t="1"/>
		<b id="11" c="9 12" t="1"/>
		<b id="12" c="13 12" t="1"/>
		<b id="13" c="14 12" t="1"/>
		<b id="14" c="12 15" t="1"/>
		<b id="15" c="16 15" t="1"/>
		<b id="16" c="17 15" t="1"/>
		<b id="17" c="15 18" t="1"/>
		<b id="18" c="19 18" t="1"/>
		<b id="19" c="20 18" t="1"/>
		<b id="20" c="18 21" t="1"/>
		<b id="21" c="22 21" t="1"/>
		<b id="22" c="23 21" t="1"/>
		<b id="23" c="21 24" t="1"/>
		<b id="24" c="25 24" t="1"/>
		<b id="25" c="26 24" t="1"/>
		<b id="26" c="24 27" t="1"/>
		<b id="27" c="28 27" t="1"/>
		<b id="28" c="29 27" t="1"/>
		<b id="29" c="27 30" t="1"/>
		<b id="30" c="31 30" t="1"/>
		<b id="31" c="32 30" t="1"/>
		<b id="32" c="30 33" t="1"/>
		<b id="33" c="34 33" t="1"/>
		<b id="34" c="35 33" t="1"/>
		<b id="35" c="33 36" t="1"/>
		<b id="36" c="37 36" t="1"/>
		<b id="37" c="38 36" t="1"/>
		<b id="38" c="36 39" t="1"/>
		<b id="39" c="40 39" t="1"/>
		<b id="40" c="41 39" t="1"/>
		<b id="41" c="39 42" t="1"/>
		<b id="42" c="43 42" t="1"/>
		<b id="43" c="44 42" t="1"/>
		<b id="44" c="42 45" t="1"/>
		<b id="45" c="46 45" t="1"/>
		<b id="46" c="47 45" t="1"/>
		<b id="47" c="45 48" t="1"/>
		<b id="48" c="1 49" t="1"/>
		<b id="49" c="1 50" t="1"/>
		<b id="50" c="1 51" t="1"/>
		<b id="51" c="3 52" t="1"/>
		<b id="52" c="3 53" t="1"/>
		<b id="53" c="3 54" t="1"/>
		<b id="54" c="4 55" t="1"/>
		<b id="55" c="4 56" t="1"/>
		<b id="56" c="4 57" t="1"/>
		<b id="57" c="5 58" t="1"/>
		<b id="58" c="5 59" t="1"/>
	</bonds>
	<geometry>
		<g u="A" t="cart/3d">#59,3:-6.1024,0.0792,1.8724;-6.2475,0.3735,0.3840;-6.9049,1.7356,0.1926;-7.1686,-0.6892,-0.2261;-4.8914,0.2892,-0.3449;-3.8481,1.2774,0.1809;-4.2364,2.2999,0.1343;-3.6120,1.0697,1.2299;-2.5467,1.2479,-0.6310;-1.9041,2.0627,-0.2746;-2.7664,1.4574,-1.6850;-1.7848,-0.0750,-0.5127;-1.6235,-0.3015,0.5469;-2.3803,-0.8912,-0.9360;-0.4422,-0.0049,-1.2449;-0.6193,0.2900,-2.2868;0.1809,0.7817,-0.8049;0.3164,-1.3355,-1.2534;1.2245,-1.2155,-1.8560;-0.2920,-2.0851,-1.7751;0.6899,-1.8954,0.1227;-0.2247,-2.1624,0.6657;1.2267,-2.8407,-0.0218;1.5259,-0.9685,1.0108;1.7383,-1.4933,1.9509;0.9261,-0.0929,1.2863;2.8491,-0.4820,0.4093;3.3066,0.1984,1.1333;2.6564,0.1137,-0.4902;3.8190,-1.6193,0.0779;3.3606,-2.2487,-0.6941;3.9701,-2.2599,0.9546;5.1660,-1.1314,-0.4707;5.0506,-0.1924,-1.0226;5.5036,-1.8714,-1.2087;6.2814,-1.0236,0.5750;7.2327,-0.8730,0.0504;6.3789,-1.9891,1.0877;6.1178,0.0679,1.6342;6.9729,0.0075,2.3197;5.2340,-0.1448,2.2456;6.0253,1.4989,1.0987;5.8863,2.1755,1.9505;5.1422,1.6178,0.4627;7.2609,1.9404,0.3296;7.1788,2.9992,0.0635;7.3781,1.3743,-0.5991;8.1660,1.8120,0.9316;-5.5421,0.8914,2.3424;-7.1030,0.0207,2.3118;-5.5778,-0.8736,1.9875;-6.3253,2.4905,0.7293;-6.9377,1.9571,-0.8779;-7.9177,1.6910,0.6050;-8.1385,-0.6411,0.2783;-6.7101,-1.6711,-0.0761;-7.2825,-0.4758,-1.2930;-5.0925,0.4704,-1.4074;-4.5434,-0.7428,-0.2269;</g>
	</geometry>
	<conformers/>
	<properties/>
</molecule>
