<?xml version="1.0" ?>
<!--MOLLI PACKAGE EXPERIMENTAL XML FORMAT-->
<molecule name="react_770_c1_frag_0">
	<atoms>
		<a id="1" s="C" t="C.3" l="C"/>
		<a id="2" s="N" t="N.4" l="N"/>
		<a id="3" s="C" t="C.3" l="C"/>
		<a id="4" s="C" t="C.3" l="C"/>
		<a id="5" s="C" t="C.3" l="C"/>
		<a id="6" s="C" t="C.1" l="C"/>
		<a id="7" s="C" t="C.1" l="C"/>
		<a id="8" s="H" t="H" l="H"/>
		<a id="9" s="H" t="H" l="H"/>
		<a id="10" s="H" t="H" l="H"/>
		<a id="11" s="H" t="H" l="H"/>
		<a id="12" s="H" t="H" l="H"/>
		<a id="13" s="H" t="H" l="H"/>
		<a id="14" s="H" t="H" l="H"/>
		<a id="15" s="H" t="H" l="H"/>
		<a id="16" s="H" t="H" l="H"/>
		<a id="17" s="H" t="H" l="H"/>
		<a id="18" s="H" t="H" l="H"/>
		<a id="19" s="H" t="H" l="H"/>
	</atoms>
	<bonds>
		<b id="1" c="1 2" t="1"/>
		<b id="2" c="3 2" t="1"/>
		<b id="3" c="4 2" t="1"/>
		<b id="4" c="2 5" t="1"/>
		<b id="5" c="5 6" t="1"/>
		<b id="6" c="6 7" t="3"/>
		<b id="7" c="7 8" t="1"/>
		<b id="8" c="1 9" t="1"/>
		<b id="9" c="1 10" t="1"/>
		<b id="10" c="1 11" t="1"/>
		<b id="11" c="3 12" t="1"/>
		<b id="12" c="3 13" t="1"/>
		<b id="13" c="3 14" t="1"/>
		<b id="14" c="4 15" t="1"/>
		<b id="15" c="4 16" t="1"/>
		<b id="16" c="4 17" t="1"/>
		<b id="17" c="5 18" t="1"/>
		<b id="18" c="5 19" t="1"/>
	</bonds>
	<geometry>
		<g u="A" t="cart/3d">#19,3:-0.7481,1.3208,-0.2967;-0.3923,-0.1440,-0.0770;-0.4283,-0.4638,1.4119;-1.4241,-1.0112,-0.7896;0.9896,-0.4631,-0.6689;2.0536,0.3263,-0.0434;2.9362,0.9671,0.4606;3.7300,1.5303,0.9003;-0.0604,1.9489,0.2759;-1.7725,1.4816,0.0534;-0.6736,1.5395,-1.3660;-1.4510,-0.3125,1.7710;0.2514,0.2087,1.9420;-0.1278,-1.5066,1.5504;-2.4119,-0.7902,-0.3740;-1.1688,-2.0621,-0.6242;-1.3996,-0.7740,-1.8575;1.1631,-1.5354,-0.5237;0.9347,-0.2604,-1.7445;</g>
	</geometry>
	<conformers/>
	<properties/>
</molecule>
