<?xml version="1.0" ?>
<!--MOLLI PACKAGE EXPERIMENTAL XML FORMAT-->
<molecule name="react_770_c2_frag_0">
	<atoms>
		<a id="1" s="C" t="C.3" l="C"/>
		<a id="2" s="N" t="N.4" l="N"/>
		<a id="3" s="C" t="C.3" l="C"/>
		<a id="4" s="C" t="C.3" l="C"/>
		<a id="5" s="C" t="C.3" l="C"/>
		<a id="6" s="C" t="C.3" l="C"/>
		<a id="7" s="H" t="H" l="H"/>
		<a id="8" s="H" t="H" l="H"/>
		<a id="9" s="O" t="O.3" l="O"/>
		<a id="10" s="Si" t="Si" l="SI"/>
		<a id="11" s="C" t="C.3" l="C"/>
		<a id="12" s="H" t="H" l="H"/>
		<a id="13" s="H" t="H" l="H"/>
		<a id="14" s="H" t="H" l="H"/>
		<a id="15" s="C" t="C.3" l="C"/>
		<a id="16" s="H" t="H" l="H"/>
		<a id="17" s="H" t="H" l="H"/>
		<a id="18" s="H" t="H" l="H"/>
		<a id="19" s="C" t="C.3" l="C"/>
		<a id="20" s="C" t="C.3" l="C"/>
		<a id="21" s="H" t="H" l="H"/>
		<a id="22" s="H" t="H" l="H"/>
		<a id="23" s="H" t="H" l="H"/>
		<a id="24" s="C" t="C.3" l="C"/>
		<a id="25" s="H" t="H" l="H"/>
		<a id="26" s="H" t="H" l="H"/>
		<a id="27" s="H" t="H" l="H"/>
		<a id="28" s="C" t="C.3" l="C"/>
		<a id="29" s="H" t="H" l="H"/>
		<a id="30" s="C" t="C.3" l="C"/>
		<a id="31" s="H" t="H" l="H"/>
		<a id="32" s="H" t="H" l="H"/>
		<a id="33" s="H" t="H" l="H"/>
		<a id="34" s="C" t="C.3" l="C"/>
		<a id="35" s="H" t="H" l="H"/>
		<a id="36" s="H" t="H" l="H"/>
		<a id="37" s="H" t="H" l="H"/>
		<a id="38" s="H" t="H" l="H"/>
		<a id="39" s="H" t="H" l="H"/>
		<a id="40" s="H" t="H" l="H"/>
		<a id="41" s="H" t="H" l="H"/>
		<a id="42" s="H" t="H" l="H"/>
		<a id="43" s="H" t="H" l="H"/>
		<a id="44" s="H" t="H" l="H"/>
		<a id="45" s="H" t="H" l="H"/>
		<a id="46" s="H" t="H" l="H"/>
		<a id="47" s="H" t="H" l="H"/>
		<a id="48" s="H" t="H" l="H"/>
	</atoms>
	<bonds>
		<b id="1" c="1 2" t="1"/>
		<b id="2" c="3 2" t="1"/>
		<b id="3" c="4 2" t="1"/>
		<b id="4" c="2 5" t="1"/>
		<b id="5" c="5 6" t="1"/>
		<b id="6" c="7 6" t="1"/>
		<b id="7" c="8 6" t="1"/>
		<b id="8" c="6 9" t="1"/>
		<b id="9" c="9 10" t="1"/>
		<b id="10" c="12 11" t="1"/>
		<b id="11" c="13 11" t="1"/>
		<b id="12" c="11 14" t="1"/>
		<b id="13" c="11 10" t="1"/>
		<b id="14" c="16 15" t="1"/>
		<b id="15" c="17 15" t="1"/>
		<b id="16" c="15 18" t="1"/>
		<b id="17" c="15 10" t="1"/>
		<b id="18" c="10 19" t="1"/>
		<b id="19" c="21 20" t="1"/>
		<b id="20" c="22 20" t="1"/>
		<b id="21" c="20 23" t="1"/>
		<b id="22" c="20 19" t="1"/>
		<b id="23" c="25 24" t="1"/>
		<b id="24" c="26 24" t="1"/>
		<b id="25" c="24 27" t="1"/>
		<b id="26" c="24 19" t="1"/>
		<b id="27" c="19 28" t="1"/>
		<b id="28" c="29 28" t="1"/>
		<b id="29" c="31 30" t="1"/>
		<b id="30" c="32 30" t="1"/>
		<b id="31" c="30 33" t="1"/>
		<b id="32" c="30 28" t="1"/>
		<b id="33" c="28 34" t="1"/>
		<b id="34" c="35 34" t="1"/>
		<b id="35" c="36 34" t="1"/>
		<b id="36" c="34 37" t="1"/>
		<b id="37" c="1 38" t="1"/>
		<b id="38" c="1 39" t="1"/>
		<b id="39" c="1 40" t="1"/>
		<b id="40" c="3 41" t="1"/>
		<b id="41" c="3 42" t="1"/>
		<b id="42" c="3 43" t="1"/>
		<b id="43" c="4 44" t="1"/>
		<b id="44" c="4 45" t="1"/>
		<b id="45" c="4 46" t="1"/>
		<b id="46" c="5 47" t="1"/>
		<b id="47" c="5 48" t="1"/>
	</bonds>
	<geometry>
		<g u="A" t="cart/3d">#48,3:4.6284,-1.0527,-0.7117;4.2694,-0.1048,0.4248;5.0895,-0.4994,1.6575;4.6342,1.3239,0.0450;2.7788,-0.2219,0.8025;1.7898,0.1464,-0.3153;1.9336,-0.5071,-1.1822;1.9293,1.1900,-0.6178;0.4743,-0.0313,0.2037;-0.8608,0.3081,-0.7673;-0.8944,-0.7692,-2.2976;0.0037,-0.6094,-2.9018;-1.7620,-0.5401,-2.9227;-0.9365,-1.8280,-2.0253;-0.9199,2.1283,-1.2024;-0.8995,2.7439,-0.2981;-0.0532,2.4014,-1.8121;-1.8170,2.3858,-1.7690;-2.6003,-0.1749,0.3879;-2.8564,1.0153,1.3403;-1.9859,1.2078,1.9786;-3.7053,0.8142,2.0016;-3.0678,1.9409,0.7966;-2.1826,-1.4139,1.2300;-2.9599,-1.6838,1.9524;-1.9940,-2.2837,0.5908;-1.2738,-1.2231,1.8120;-3.8164,-0.5119,-0.5576;-3.4869,-1.2649,-1.2848;-5.0001,-1.1394,0.1987;-5.3706,-0.4802,0.9898;-5.8338,-1.3393,-0.4842;-4.7281,-2.0999,0.6461;-4.3571,0.6810,-1.3574;-4.7340,1.4742,-0.7046;-3.6023,1.1039,-2.0216;-5.1892,0.3655,-1.9978;4.1219,-0.7219,-1.6220;5.7121,-1.0196,-0.8599;4.3104,-2.0622,-0.4354;4.8411,0.1871,2.4724;4.8335,-1.5281,1.9284;6.1519,-0.4244,1.4066;4.1304,1.5811,-0.8903;5.7183,1.3787,-0.0927;4.3167,1.9894,0.8529;2.6070,-1.2557,1.1285;2.6135,0.4241,1.6743;</g>
	</geometry>
	<conformers/>
	<properties/>
</molecule>
