<?xml version="1.0" ?>
<!--MOLLI PACKAGE EXPERIMENTAL XML FORMAT-->
<molecule name="react_52_c1_frag_0">
	<atoms>
		<a id="1" s="C" t="C.3" l="C"/>
		<a id="2" s="N" t="N.4" l="N"/>
		<a id="3" s="C" t="C.3" l="C"/>
		<a id="4" s="C" t="C.3" l="C"/>
		<a id="5" s="C" t="C.3" l="C"/>
		<a id="6" s="C" t="C.ar" l="C"/>
		<a id="7" s="C" t="C.ar" l="C"/>
		<a id="8" s="H" t="H" l="H"/>
		<a id="9" s="C" t="C.ar" l="C"/>
		<a id="10" s="H" t="H" l="H"/>
		<a id="11" s="C" t="C.ar" l="C"/>
		<a id="12" s="H" t="H" l="H"/>
		<a id="13" s="C" t="C.ar" l="C"/>
		<a id="14" s="O" t="O.3" l="O"/>
		<a id="15" s="C" t="C.3" l="C"/>
		<a id="16" s="H" t="H" l="H"/>
		<a id="17" s="H" t="H" l="H"/>
		<a id="18" s="C" t="C.3" l="C"/>
		<a id="19" s="H" t="H" l="H"/>
		<a id="20" s="H" t="H" l="H"/>
		<a id="21" s="C" t="C.3" l="C"/>
		<a id="22" s="H" t="H" l="H"/>
		<a id="23" s="H" t="H" l="H"/>
		<a id="24" s="C" t="C.3" l="C"/>
		<a id="25" s="H" t="H" l="H"/>
		<a id="26" s="H" t="H" l="H"/>
		<a id="27" s="C" t="C.3" l="C"/>
		<a id="28" s="H" t="H" l="H"/>
		<a id="29" s="H" t="H" l="H"/>
		<a id="30" s="C" t="C.3" l="C"/>
		<a id="31" s="H" t="H" l="H"/>
		<a id="32" s="H" t="H" l="H"/>
		<a id="33" s="O" t="O.3" l="O"/>
		<a id="34" s="C" t="C.ar" l="C"/>
		<a id="35" s="C" t="C.ar" l="C"/>
		<a id="36" s="H" t="H" l="H"/>
		<a id="37" s="C" t="C.ar" l="C"/>
		<a id="38" s="C" t="C.ar" l="C"/>
		<a id="39" s="H" t="H" l="H"/>
		<a id="40" s="C" t="C.ar" l="C"/>
		<a id="41" s="H" t="H" l="H"/>
		<a id="42" s="C" t="C.ar" l="C"/>
		<a id="43" s="H" t="H" l="H"/>
		<a id="44" s="C" t="C.ar" l="C"/>
		<a id="45" s="H" t="H" l="H"/>
		<a id="46" s="H" t="H" l="H"/>
		<a id="47" s="H" t="H" l="H"/>
		<a id="48" s="H" t="H" l="H"/>
		<a id="49" s="H" t="H" l="H"/>
		<a id="50" s="H" t="H" l="H"/>
		<a id="51" s="H" t="H" l="H"/>
		<a id="52" s="H" t="H" l="H"/>
		<a id="53" s="H" t="H" l="H"/>
		<a id="54" s="H" t="H" l="H"/>
		<a id="55" s="H" t="H" l="H"/>
		<a id="56" s="H" t="H" l="H"/>
		<a id="57" s="H" t="H" l="H"/>
	</atoms>
	<bonds>
		<b id="1" c="1 2" t="1"/>
		<b id="2" c="3 2" t="1"/>
		<b id="3" c="4 2" t="1"/>
		<b id="4" c="2 5" t="1"/>
		<b id="5" c="5 6" t="1"/>
		<b id="6" c="6 7" t="ar"/>
		<b id="7" c="8 7" t="1"/>
		<b id="8" c="7 9" t="ar"/>
		<b id="9" c="10 9" t="1"/>
		<b id="10" c="9 11" t="ar"/>
		<b id="11" c="12 11" t="1"/>
		<b id="12" c="11 13" t="ar"/>
		<b id="13" c="14 15" t="1"/>
		<b id="14" c="16 15" t="1"/>
		<b id="15" c="17 15" t="1"/>
		<b id="16" c="15 18" t="1"/>
		<b id="17" c="19 18" t="1"/>
		<b id="18" c="20 18" t="1"/>
		<b id="19" c="18 21" t="1"/>
		<b id="20" c="22 21" t="1"/>
		<b id="21" c="23 21" t="1"/>
		<b id="22" c="21 24" t="1"/>
		<b id="23" c="25 24" t="1"/>
		<b id="24" c="26 24" t="1"/>
		<b id="25" c="24 27" t="1"/>
		<b id="26" c="28 27" t="1"/>
		<b id="27" c="29 27" t="1"/>
		<b id="28" c="27 30" t="1"/>
		<b id="29" c="31 30" t="1"/>
		<b id="30" c="32 30" t="1"/>
		<b id="31" c="30 33" t="1"/>
		<b id="32" c="33 34" t="1"/>
		<b id="33" c="34 35" t="ar"/>
		<b id="34" c="36 35" t="1"/>
		<b id="35" c="35 37" t="ar"/>
		<b id="36" c="37 38" t="ar"/>
		<b id="37" c="39 38" t="1"/>
		<b id="38" c="38 40" t="ar"/>
		<b id="39" c="41 40" t="1"/>
		<b id="40" c="40 42" t="ar"/>
		<b id="41" c="42 43" t="1"/>
		<b id="42" c="14 13" t="1"/>
		<b id="43" c="13 44" t="ar"/>
		<b id="44" c="44 45" t="1"/>
		<b id="45" c="44 6" t="ar"/>
		<b id="46" c="42 34" t="ar"/>
		<b id="47" c="1 46" t="1"/>
		<b id="48" c="1 47" t="1"/>
		<b id="49" c="1 48" t="1"/>
		<b id="50" c="3 49" t="1"/>
		<b id="51" c="3 50" t="1"/>
		<b id="52" c="3 51" t="1"/>
		<b id="53" c="4 52" t="1"/>
		<b id="54" c="4 53" t="1"/>
		<b id="55" c="4 54" t="1"/>
		<b id="56" c="5 55" t="1"/>
		<b id="57" c="5 56" t="1"/>
		<b id="58" c="37 57" t="1"/>
	</bonds>
	<geometry>
		<g u="A" t="cart/3d">#57,3:-6.7742,-0.6485,-0.4991;-6.2812,0.3392,0.5489;-7.4895,0.9951,1.2112;-5.4528,1.4197,-0.1354;-5.4640,-0.3763,1.6473;-4.2466,-1.1403,1.1919;-4.3339,-2.5059,0.8751;-5.2723,-3.0489,0.9829;-3.2147,-3.1988,0.4054;-3.2925,-4.2523,0.1436;-1.9939,-2.5414,0.2586;-1.1391,-3.0794,-0.1474;-1.8856,-1.2002,0.6152;-0.7331,-0.4875,0.4393;0.3771,-1.0079,1.1830;0.3521,-0.5602,2.1836;0.3473,-2.0978,1.2999;1.6759,-0.6080,0.4837;2.5244,-0.9182,1.1041;1.7085,0.4836,0.3912;1.7881,-1.2388,-0.9093;1.0162,-0.8251,-1.5716;1.5934,-2.3162,-0.8321;3.1673,-1.0539,-1.5521;3.9314,-1.4986,-0.9010;3.1851,-1.6204,-2.4927;3.5163,0.4094,-1.8461;3.5729,0.9624,-0.9029;2.7225,0.8663,-2.4482;4.8451,0.5407,-2.5938;5.0630,1.5799,-2.8633;4.7678,0.0023,-3.5457;5.9151,-0.0682,-1.8753;6.5887,0.6617,-0.9381;6.3157,1.9740,-0.5530;5.5039,2.5446,-0.9883;7.0986,2.5977,0.4239;8.1536,1.9122,1.0230;8.7627,2.4006,1.7784;8.4277,0.6003,0.6474;9.2498,0.0595,1.1085;7.6465,-0.0196,-0.3286;7.8670,-1.0432,-0.6214;-3.0045,-0.4985,1.0654;-2.8867,0.5541,1.3135;-5.9162,-1.0470,-1.0493;-7.3211,-1.4496,0.0079;-7.4360,-0.1159,-1.1897;-8.0677,1.5182,0.4424;-8.0980,0.2123,1.6776;-7.1319,1.7029,1.9655;-4.6386,0.9501,-0.6925;-5.0636,2.0960,0.6317;-6.1010,1.9662,-0.8280;-6.1569,-1.0576,2.1609;-5.1728,0.3898,2.3786;6.8849,3.6232,0.7152;</g>
	</geometry>
	<conformers/>
	<properties/>
</molecule>
