<?xml version="1.0" ?>
<!--MOLLI PACKAGE EXPERIMENTAL XML FORMAT-->
<molecule name="react_52_c2_frag_0">
	<atoms>
		<a id="1" s="C" t="C.3" l="C"/>
		<a id="2" s="N" t="N.4" l="N"/>
		<a id="3" s="C" t="C.3" l="C"/>
		<a id="4" s="C" t="C.3" l="C"/>
		<a id="5" s="C" t="C.3" l="C"/>
		<a id="6" s="C" t="C.ar" l="C"/>
		<a id="7" s="C" t="C.ar" l="C"/>
		<a id="8" s="H" t="H" l="H"/>
		<a id="9" s="C" t="C.ar" l="C"/>
		<a id="10" s="H" t="H" l="H"/>
		<a id="11" s="C" t="C.ar" l="C"/>
		<a id="12" s="H" t="H" l="H"/>
		<a id="13" s="C" t="C.ar" l="C"/>
		<a id="14" s="O" t="O.3" l="O"/>
		<a id="15" s="C" t="C.3" l="C"/>
		<a id="16" s="H" t="H" l="H"/>
		<a id="17" s="H" t="H" l="H"/>
		<a id="18" s="C" t="C.3" l="C"/>
		<a id="19" s="H" t="H" l="H"/>
		<a id="20" s="H" t="H" l="H"/>
		<a id="21" s="C" t="C.3" l="C"/>
		<a id="22" s="H" t="H" l="H"/>
		<a id="23" s="H" t="H" l="H"/>
		<a id="24" s="C" t="C.3" l="C"/>
		<a id="25" s="H" t="H" l="H"/>
		<a id="26" s="H" t="H" l="H"/>
		<a id="27" s="C" t="C.3" l="C"/>
		<a id="28" s="H" t="H" l="H"/>
		<a id="29" s="H" t="H" l="H"/>
		<a id="30" s="C" t="C.3" l="C"/>
		<a id="31" s="H" t="H" l="H"/>
		<a id="32" s="H" t="H" l="H"/>
		<a id="33" s="O" t="O.3" l="O"/>
		<a id="34" s="C" t="C.ar" l="C"/>
		<a id="35" s="C" t="C.ar" l="C"/>
		<a id="36" s="H" t="H" l="H"/>
		<a id="37" s="C" t="C.ar" l="C"/>
		<a id="38" s="C" t="C.ar" l="C"/>
		<a id="39" s="H" t="H" l="H"/>
		<a id="40" s="C" t="C.ar" l="C"/>
		<a id="41" s="H" t="H" l="H"/>
		<a id="42" s="C" t="C.ar" l="C"/>
		<a id="43" s="H" t="H" l="H"/>
		<a id="44" s="C" t="C.ar" l="C"/>
		<a id="45" s="H" t="H" l="H"/>
		<a id="46" s="H" t="H" l="H"/>
		<a id="47" s="H" t="H" l="H"/>
		<a id="48" s="H" t="H" l="H"/>
		<a id="49" s="H" t="H" l="H"/>
		<a id="50" s="H" t="H" l="H"/>
		<a id="51" s="H" t="H" l="H"/>
		<a id="52" s="H" t="H" l="H"/>
		<a id="53" s="H" t="H" l="H"/>
		<a id="54" s="H" t="H" l="H"/>
		<a id="55" s="H" t="H" l="H"/>
		<a id="56" s="H" t="H" l="H"/>
		<a id="57" s="H" t="H" l="H"/>
	</atoms>
	<bonds>
		<b id="1" c="1 2" t="1"/>
		<b id="2" c="3 2" t="1"/>
		<b id="3" c="4 2" t="1"/>
		<b id="4" c="2 5" t="1"/>
		<b id="5" c="5 6" t="1"/>
		<b id="6" c="6 7" t="ar"/>
		<b id="7" c="8 7" t="1"/>
		<b id="8" c="7 9" t="ar"/>
		<b id="9" c="10 9" t="1"/>
		<b id="10" c="9 11" t="ar"/>
		<b id="11" c="12 11" t="1"/>
		<b id="12" c="11 13" t="ar"/>
		<b id="13" c="14 15" t="1"/>
		<b id="14" c="16 15" t="1"/>
		<b id="15" c="17 15" t="1"/>
		<b id="16" c="15 18" t="1"/>
		<b id="17" c="19 18" t="1"/>
		<b id="18" c="20 18" t="1"/>
		<b id="19" c="18 21" t="1"/>
		<b id="20" c="22 21" t="1"/>
		<b id="21" c="23 21" t="1"/>
		<b id="22" c="21 24" t="1"/>
		<b id="23" c="25 24" t="1"/>
		<b id="24" c="26 24" t="1"/>
		<b id="25" c="24 27" t="1"/>
		<b id="26" c="28 27" t="1"/>
		<b id="27" c="29 27" t="1"/>
		<b id="28" c="27 30" t="1"/>
		<b id="29" c="31 30" t="1"/>
		<b id="30" c="32 30" t="1"/>
		<b id="31" c="30 33" t="1"/>
		<b id="32" c="33 34" t="1"/>
		<b id="33" c="34 35" t="ar"/>
		<b id="34" c="36 35" t="1"/>
		<b id="35" c="35 37" t="ar"/>
		<b id="36" c="37 38" t="ar"/>
		<b id="37" c="39 38" t="1"/>
		<b id="38" c="38 40" t="ar"/>
		<b id="39" c="41 40" t="1"/>
		<b id="40" c="40 42" t="ar"/>
		<b id="41" c="42 43" t="1"/>
		<b id="42" c="14 13" t="1"/>
		<b id="43" c="13 44" t="ar"/>
		<b id="44" c="44 45" t="1"/>
		<b id="45" c="44 6" t="ar"/>
		<b id="46" c="42 34" t="ar"/>
		<b id="47" c="1 46" t="1"/>
		<b id="48" c="1 47" t="1"/>
		<b id="49" c="1 48" t="1"/>
		<b id="50" c="3 49" t="1"/>
		<b id="51" c="3 50" t="1"/>
		<b id="52" c="3 51" t="1"/>
		<b id="53" c="4 52" t="1"/>
		<b id="54" c="4 53" t="1"/>
		<b id="55" c="4 54" t="1"/>
		<b id="56" c="5 55" t="1"/>
		<b id="57" c="5 56" t="1"/>
		<b id="58" c="37 57" t="1"/>
	</bonds>
	<geometry>
		<g u="A" t="cart/3d">#57,3:-5.1012,1.2994,-1.6638;-6.2527,0.3735,-1.2968;-6.8664,0.8358,0.0161;-7.3130,0.4553,-2.3907;-5.7786,-1.0921,-1.2014;-4.7207,-1.3951,-0.1717;-5.0688,-1.7935,1.1260;-6.1104,-1.9127,1.4184;-4.0776,-2.0609,2.0712;-4.3529,-2.3731,3.0773;-2.7275,-1.9397,1.7342;-1.9880,-2.1564,2.4993;-2.3627,-1.5586,0.4457;-1.0884,-1.4032,-0.0213;-0.0229,-1.7728,0.8567;-0.1312,-2.8234,1.1519;-0.0276,-1.1347,1.7485;1.3065,-1.6106,0.1182;2.1055,-2.0038,0.7554;1.2842,-2.2081,-0.8012;1.5936,-0.1501,-0.2456;1.6395,0.4568,0.6660;0.7609,0.2493,-0.8375;2.8769,0.0322,-1.0632;2.9812,1.0959,-1.3109;2.7650,-0.4960,-2.0182;4.1667,-0.4468,-0.3949;4.1364,-1.5300,-0.2274;4.9963,-0.2961,-1.0961;4.4751,0.2638,0.9221;4.4603,1.3558,0.8300;3.7001,0.0156,1.6556;5.6977,-0.2215,1.4761;6.8650,0.4107,1.1508;7.9811,-0.0309,1.8676;7.8668,-0.8127,2.6145;9.2421,0.5220,1.6373;9.3960,1.5219,0.6811;10.3764,1.9542,0.4980;8.2902,1.9633,-0.0430;8.4114,2.7399,-0.7940;7.0271,1.4083,0.1892;6.1985,1.7726,-0.4072;-3.3591,-1.2914,-0.4983;-3.0479,-1.0104,-1.5032;-5.5067,2.3013,-1.8362;-4.3886,1.3317,-0.8357;-4.6274,0.9213,-2.5744;-7.6563,0.1331,0.2970;-7.2849,1.8362,-0.1323;-6.0877,0.8746,0.7822;-7.6584,1.4909,-2.4655;-6.8623,0.1361,-3.3353;-8.1435,-0.2032,-2.1191;-5.4166,-1.3734,-2.1990;-6.6713,-1.7006,-1.0059;10.1007,0.1705,2.2033;</g>
	</geometry>
	<conformers/>
	<properties/>
</molecule>
