<?xml version="1.0" ?>
<!--MOLLI PACKAGE EXPERIMENTAL XML FORMAT-->
<molecule name="react_67_c1_frag_0">
	<atoms>
		<a id="1" s="C" t="C.3" l="C"/>
		<a id="2" s="N" t="N.4" l="N"/>
		<a id="3" s="C" t="C.3" l="C"/>
		<a id="4" s="C" t="C.3" l="C"/>
		<a id="5" s="C" t="C.3" l="C"/>
		<a id="6" s="C" t="C.ar" l="C"/>
		<a id="7" s="C" t="C.ar" l="C"/>
		<a id="8" s="H" t="H" l="H"/>
		<a id="9" s="C" t="C.ar" l="C"/>
		<a id="10" s="H" t="H" l="H"/>
		<a id="11" s="C" t="C.ar" l="C"/>
		<a id="12" s="H" t="H" l="H"/>
		<a id="13" s="C" t="C.ar" l="C"/>
		<a id="14" s="H" t="H" l="H"/>
		<a id="15" s="C" t="C.ar" l="C"/>
		<a id="16" s="C" t="C.3" l="C"/>
		<a id="17" s="H" t="H" l="H"/>
		<a id="18" s="H" t="H" l="H"/>
		<a id="19" s="H" t="H" l="H"/>
		<a id="20" s="H" t="H" l="H"/>
		<a id="21" s="H" t="H" l="H"/>
		<a id="22" s="H" t="H" l="H"/>
		<a id="23" s="H" t="H" l="H"/>
		<a id="24" s="H" t="H" l="H"/>
		<a id="25" s="H" t="H" l="H"/>
		<a id="26" s="H" t="H" l="H"/>
		<a id="27" s="H" t="H" l="H"/>
		<a id="28" s="H" t="H" l="H"/>
		<a id="29" s="H" t="H" l="H"/>
		<a id="30" s="H" t="H" l="H"/>
	</atoms>
	<bonds>
		<b id="1" c="1 2" t="1"/>
		<b id="2" c="3 2" t="1"/>
		<b id="3" c="4 2" t="1"/>
		<b id="4" c="2 5" t="1"/>
		<b id="5" c="5 6" t="1"/>
		<b id="6" c="6 7" t="ar"/>
		<b id="7" c="8 7" t="1"/>
		<b id="8" c="7 9" t="ar"/>
		<b id="9" c="10 9" t="1"/>
		<b id="10" c="9 11" t="ar"/>
		<b id="11" c="12 11" t="1"/>
		<b id="12" c="11 13" t="ar"/>
		<b id="13" c="14 13" t="1"/>
		<b id="14" c="13 15" t="ar"/>
		<b id="15" c="15 16" t="1"/>
		<b id="16" c="17 16" t="1"/>
		<b id="17" c="16 18" t="1"/>
		<b id="18" c="15 6" t="ar"/>
		<b id="19" c="1 19" t="1"/>
		<b id="20" c="1 20" t="1"/>
		<b id="21" c="1 21" t="1"/>
		<b id="22" c="3 22" t="1"/>
		<b id="23" c="3 23" t="1"/>
		<b id="24" c="3 24" t="1"/>
		<b id="25" c="4 25" t="1"/>
		<b id="26" c="4 26" t="1"/>
		<b id="27" c="4 27" t="1"/>
		<b id="28" c="5 28" t="1"/>
		<b id="29" c="5 29" t="1"/>
		<b id="30" c="16 30" t="1"/>
	</bonds>
	<geometry>
		<g u="A" t="cart/3d">#30,3:-1.4891,-0.8628,-1.2378;-1.7013,0.1631,-0.1371;-2.8722,1.0624,-0.5249;-2.0566,-0.5630,1.1512;-0.4502,1.0591,0.0386;0.8441,0.3768,0.4278;1.0666,0.0846,1.7900;0.3432,0.3746,2.5499;2.2231,-0.5693,2.2130;2.3777,-0.7873,3.2677;3.1876,-0.9347,1.2849;4.0934,-1.4428,1.6094;3.0062,-0.6266,-0.0615;3.7917,-0.9026,-0.7648;1.8524,0.0442,-0.5063;1.7661,0.3853,-1.9708;1.5168,1.4415,-2.1096;2.7242,0.2219,-2.4768;-0.6694,-1.5281,-0.9551;-1.2659,-0.3322,-2.1671;-2.4113,-1.4414,-1.3522;-2.6218,1.5765,-1.4578;-3.7608,0.4389,-0.6627;-3.0353,1.7852,0.2801;-1.2852,-1.3056,1.3693;-3.0167,-1.0693,1.0090;-2.1362,0.1737,1.9557;-0.3352,1.6153,-0.8978;-0.7082,1.8034,0.8040;1.0223,-0.2408,-2.4681;</g>
	</geometry>
	<conformers/>
	<properties/>
</molecule>
