<?xml version="1.0" ?>
<!--MOLLI PACKAGE EXPERIMENTAL XML FORMAT-->
<molecule name="react_67_c2_frag_0">
	<atoms>
		<a id="1" s="C" t="C.3" l="C"/>
		<a id="2" s="N" t="N.4" l="N"/>
		<a id="3" s="C" t="C.3" l="C"/>
		<a id="4" s="C" t="C.3" l="C"/>
		<a id="5" s="C" t="C.3" l="C"/>
		<a id="6" s="C" t="C.3" l="C"/>
		<a id="7" s="H" t="H" l="H"/>
		<a id="8" s="H" t="H" l="H"/>
		<a id="9" s="C" t="C.ar" l="C"/>
		<a id="10" s="C" t="C.ar" l="C"/>
		<a id="11" s="C" t="C.ar" l="C"/>
		<a id="12" s="H" t="H" l="H"/>
		<a id="13" s="C" t="C.ar" l="C"/>
		<a id="14" s="H" t="H" l="H"/>
		<a id="15" s="C" t="C.ar" l="C"/>
		<a id="16" s="H" t="H" l="H"/>
		<a id="17" s="C" t="C.ar" l="C"/>
		<a id="18" s="H" t="H" l="H"/>
		<a id="19" s="H" t="H" l="H"/>
		<a id="20" s="H" t="H" l="H"/>
		<a id="21" s="H" t="H" l="H"/>
		<a id="22" s="H" t="H" l="H"/>
		<a id="23" s="H" t="H" l="H"/>
		<a id="24" s="H" t="H" l="H"/>
		<a id="25" s="H" t="H" l="H"/>
		<a id="26" s="H" t="H" l="H"/>
		<a id="27" s="H" t="H" l="H"/>
		<a id="28" s="H" t="H" l="H"/>
		<a id="29" s="H" t="H" l="H"/>
		<a id="30" s="H" t="H" l="H"/>
	</atoms>
	<bonds>
		<b id="1" c="1 2" t="1"/>
		<b id="2" c="3 2" t="1"/>
		<b id="3" c="4 2" t="1"/>
		<b id="4" c="2 5" t="1"/>
		<b id="5" c="5 6" t="1"/>
		<b id="6" c="7 6" t="1"/>
		<b id="7" c="8 6" t="1"/>
		<b id="8" c="6 9" t="1"/>
		<b id="9" c="9 10" t="ar"/>
		<b id="10" c="10 11" t="ar"/>
		<b id="11" c="12 11" t="1"/>
		<b id="12" c="11 13" t="ar"/>
		<b id="13" c="14 13" t="1"/>
		<b id="14" c="13 15" t="ar"/>
		<b id="15" c="16 15" t="1"/>
		<b id="16" c="15 17" t="ar"/>
		<b id="17" c="17 18" t="1"/>
		<b id="18" c="17 9" t="ar"/>
		<b id="19" c="1 19" t="1"/>
		<b id="20" c="1 20" t="1"/>
		<b id="21" c="1 21" t="1"/>
		<b id="22" c="3 22" t="1"/>
		<b id="23" c="3 23" t="1"/>
		<b id="24" c="3 24" t="1"/>
		<b id="25" c="4 25" t="1"/>
		<b id="26" c="4 26" t="1"/>
		<b id="27" c="4 27" t="1"/>
		<b id="28" c="5 28" t="1"/>
		<b id="29" c="5 29" t="1"/>
		<b id="30" c="10 30" t="1"/>
	</bonds>
	<geometry>
		<g u="A" t="cart/3d">#30,3:-2.7914,0.0961,1.6284;-2.1223,-0.1343,0.2689;-2.6821,0.8835,-0.7168;-2.4625,-1.5443,-0.1971;-0.5991,0.0449,0.4628;0.2264,-0.1538,-0.8145;0.0792,-1.1566,-1.2303;-0.0752,0.5521,-1.5960;1.6942,0.0407,-0.5257;2.2754,1.3127,-0.6255;3.6264,1.4961,-0.3282;4.0762,2.4829,-0.4140;4.4068,0.4140,0.0726;5.4611,0.5577,0.2989;3.8389,-0.8539,0.1748;4.4541,-1.6974,0.4806;2.4883,-1.0419,-0.1216;2.0723,-2.0438,-0.0406;-2.3993,-0.6406,2.3358;-3.8721,-0.0270,1.5096;-2.5579,1.1120,1.9606;-2.3762,1.8828,-0.3941;-3.7732,0.7989,-0.7182;-2.2951,0.6618,-1.7143;-3.5511,-1.6562,-0.1927;-2.0017,-2.2576,0.4922;-2.0830,-1.6840,-1.2122;-0.2958,-0.6735,1.2348;-0.4521,1.0554,0.8647;1.6910,2.1735,-0.9432;</g>
	</geometry>
	<conformers/>
	<properties/>
</molecule>
