<?xml version="1.0" ?>
<!--MOLLI PACKAGE EXPERIMENTAL XML FORMAT-->
<molecule name="react_75_c1_frag_0">
	<atoms>
		<a id="1" s="C" t="C.3" l="C"/>
		<a id="2" s="N" t="N.4" l="N"/>
		<a id="3" s="C" t="C.3" l="C"/>
		<a id="4" s="C" t="C.3" l="C"/>
		<a id="5" s="C" t="C.3" l="C"/>
		<a id="6" s="C" t="C.ar" l="C"/>
		<a id="7" s="C" t="C.ar" l="C"/>
		<a id="8" s="H" t="H" l="H"/>
		<a id="9" s="C" t="C.ar" l="C"/>
		<a id="10" s="H" t="H" l="H"/>
		<a id="11" s="C" t="C.ar" l="C"/>
		<a id="12" s="O" t="O.3" l="O"/>
		<a id="13" s="C" t="C.3" l="C"/>
		<a id="14" s="H" t="H" l="H"/>
		<a id="15" s="H" t="H" l="H"/>
		<a id="16" s="H" t="H" l="H"/>
		<a id="17" s="C" t="C.ar" l="C"/>
		<a id="18" s="H" t="H" l="H"/>
		<a id="19" s="C" t="C.ar" l="C"/>
		<a id="20" s="O" t="O.3" l="O"/>
		<a id="21" s="C" t="C.3" l="C"/>
		<a id="22" s="C" t="C.3" l="C"/>
		<a id="23" s="H" t="H" l="H"/>
		<a id="24" s="H" t="H" l="H"/>
		<a id="25" s="H" t="H" l="H"/>
		<a id="26" s="C" t="C.3" l="C"/>
		<a id="27" s="H" t="H" l="H"/>
		<a id="28" s="H" t="H" l="H"/>
		<a id="29" s="H" t="H" l="H"/>
		<a id="30" s="H" t="H" l="H"/>
		<a id="31" s="H" t="H" l="H"/>
		<a id="32" s="H" t="H" l="H"/>
		<a id="33" s="H" t="H" l="H"/>
		<a id="34" s="H" t="H" l="H"/>
		<a id="35" s="H" t="H" l="H"/>
		<a id="36" s="H" t="H" l="H"/>
		<a id="37" s="H" t="H" l="H"/>
		<a id="38" s="H" t="H" l="H"/>
		<a id="39" s="H" t="H" l="H"/>
		<a id="40" s="H" t="H" l="H"/>
		<a id="41" s="H" t="H" l="H"/>
	</atoms>
	<bonds>
		<b id="1" c="1 2" t="1"/>
		<b id="2" c="3 2" t="1"/>
		<b id="3" c="4 2" t="1"/>
		<b id="4" c="2 5" t="1"/>
		<b id="5" c="5 6" t="1"/>
		<b id="6" c="6 7" t="ar"/>
		<b id="7" c="8 7" t="1"/>
		<b id="8" c="7 9" t="ar"/>
		<b id="9" c="10 9" t="1"/>
		<b id="10" c="9 11" t="ar"/>
		<b id="11" c="12 13" t="1"/>
		<b id="12" c="14 13" t="1"/>
		<b id="13" c="15 13" t="1"/>
		<b id="14" c="13 16" t="1"/>
		<b id="15" c="12 11" t="1"/>
		<b id="16" c="11 17" t="ar"/>
		<b id="17" c="18 17" t="1"/>
		<b id="18" c="17 19" t="ar"/>
		<b id="19" c="19 20" t="1"/>
		<b id="20" c="20 21" t="1"/>
		<b id="21" c="23 22" t="1"/>
		<b id="22" c="24 22" t="1"/>
		<b id="23" c="22 25" t="1"/>
		<b id="24" c="22 21" t="1"/>
		<b id="25" c="21 26" t="1"/>
		<b id="26" c="27 26" t="1"/>
		<b id="27" c="28 26" t="1"/>
		<b id="28" c="26 29" t="1"/>
		<b id="29" c="19 6" t="ar"/>
		<b id="30" c="1 30" t="1"/>
		<b id="31" c="1 31" t="1"/>
		<b id="32" c="1 32" t="1"/>
		<b id="33" c="3 33" t="1"/>
		<b id="34" c="3 34" t="1"/>
		<b id="35" c="3 35" t="1"/>
		<b id="36" c="4 36" t="1"/>
		<b id="37" c="4 37" t="1"/>
		<b id="38" c="4 38" t="1"/>
		<b id="39" c="5 39" t="1"/>
		<b id="40" c="5 40" t="1"/>
		<b id="41" c="21 41" t="1"/>
	</bonds>
	<geometry>
		<g u="A" t="cart/3d">#41,3:-3.2203,-0.1665,-0.9278;-2.1626,-1.2553,-0.9300;-2.6559,-2.4249,-1.7736;-1.9424,-1.7448,0.4957;-0.8347,-0.7512,-1.5433;-0.1838,0.4476,-0.8950;-0.5013,1.7429,-1.3411;-1.2006,1.8954,-2.1615;0.0830,2.8686,-0.7537;-0.1915,3.8496,-1.1310;0.9918,2.7161,0.2886;1.6225,3.7259,0.9593;1.4058,5.0531,0.4943;1.7271,5.1648,-0.5464;0.3581,5.3449,0.6174;2.0148,5.7255,1.1062;1.3203,1.4314,0.7318;2.0197,1.3526,1.5591;0.7595,0.2985,0.1367;1.0299,-0.9876,0.5215;2.3030,-1.2597,1.1316;2.7940,-2.5812,0.5456;3.7618,-2.8689,0.9679;2.0747,-3.3861,0.7322;2.8982,-2.4996,-0.5417;2.1180,-1.3902,2.6402;1.3828,-2.1669,2.8786;1.7370,-0.4601,3.0736;3.0630,-1.6396,3.1339;-2.9185,0.6265,-0.2381;-4.1664,-0.6036,-0.5920;-3.3241,0.2191,-1.9458;-2.8286,-2.0688,-2.7936;-1.8914,-3.2077,-1.7648;-3.5887,-2.7993,-1.3399;-2.8825,-2.1714,0.8596;-1.6603,-0.8984,1.1262;-1.1639,-2.5130,0.4855;-1.0527,-0.5160,-2.5939;-0.1466,-1.6063,-1.5636;3.0517,-0.4956,0.8915;</g>
	</geometry>
	<conformers/>
	<properties/>
</molecule>
