<?xml version="1.0" ?>
<!--MOLLI PACKAGE EXPERIMENTAL XML FORMAT-->
<molecule name="react_75_c2_frag_0">
	<atoms>
		<a id="1" s="C" t="C.3" l="C"/>
		<a id="2" s="N" t="N.4" l="N"/>
		<a id="3" s="C" t="C.3" l="C"/>
		<a id="4" s="C" t="C.3" l="C"/>
		<a id="5" s="C" t="C.3" l="C"/>
		<a id="6" s="C" t="C.3" l="C"/>
		<a id="7" s="O" t="O.3" l="O"/>
		<a id="8" s="C" t="C.ar" l="C"/>
		<a id="9" s="C" t="C.ar" l="C"/>
		<a id="10" s="C" t="C.ar" l="C"/>
		<a id="11" s="H" t="H" l="H"/>
		<a id="12" s="C" t="C.ar" l="C"/>
		<a id="13" s="H" t="H" l="H"/>
		<a id="14" s="C" t="C.ar" l="C"/>
		<a id="15" s="O" t="O.3" l="O"/>
		<a id="16" s="C" t="C.3" l="C"/>
		<a id="17" s="H" t="H" l="H"/>
		<a id="18" s="H" t="H" l="H"/>
		<a id="19" s="H" t="H" l="H"/>
		<a id="20" s="C" t="C.ar" l="C"/>
		<a id="21" s="H" t="H" l="H"/>
		<a id="22" s="C" t="C.3" l="C"/>
		<a id="23" s="H" t="H" l="H"/>
		<a id="24" s="H" t="H" l="H"/>
		<a id="25" s="H" t="H" l="H"/>
		<a id="26" s="C" t="C.3" l="C"/>
		<a id="27" s="H" t="H" l="H"/>
		<a id="28" s="H" t="H" l="H"/>
		<a id="29" s="H" t="H" l="H"/>
		<a id="30" s="H" t="H" l="H"/>
		<a id="31" s="H" t="H" l="H"/>
		<a id="32" s="H" t="H" l="H"/>
		<a id="33" s="H" t="H" l="H"/>
		<a id="34" s="H" t="H" l="H"/>
		<a id="35" s="H" t="H" l="H"/>
		<a id="36" s="H" t="H" l="H"/>
		<a id="37" s="H" t="H" l="H"/>
		<a id="38" s="H" t="H" l="H"/>
		<a id="39" s="H" t="H" l="H"/>
		<a id="40" s="H" t="H" l="H"/>
		<a id="41" s="H" t="H" l="H"/>
	</atoms>
	<bonds>
		<b id="1" c="1 2" t="1"/>
		<b id="2" c="3 2" t="1"/>
		<b id="3" c="4 2" t="1"/>
		<b id="4" c="2 5" t="1"/>
		<b id="5" c="5 6" t="1"/>
		<b id="6" c="7 8" t="1"/>
		<b id="7" c="8 9" t="ar"/>
		<b id="8" c="9 10" t="ar"/>
		<b id="9" c="11 10" t="1"/>
		<b id="10" c="10 12" t="ar"/>
		<b id="11" c="13 12" t="1"/>
		<b id="12" c="12 14" t="ar"/>
		<b id="13" c="15 16" t="1"/>
		<b id="14" c="17 16" t="1"/>
		<b id="15" c="18 16" t="1"/>
		<b id="16" c="16 19" t="1"/>
		<b id="17" c="15 14" t="1"/>
		<b id="18" c="14 20" t="ar"/>
		<b id="19" c="20 21" t="1"/>
		<b id="20" c="7 6" t="1"/>
		<b id="21" c="23 22" t="1"/>
		<b id="22" c="24 22" t="1"/>
		<b id="23" c="22 25" t="1"/>
		<b id="24" c="22 6" t="1"/>
		<b id="25" c="6 26" t="1"/>
		<b id="26" c="27 26" t="1"/>
		<b id="27" c="28 26" t="1"/>
		<b id="28" c="26 29" t="1"/>
		<b id="29" c="20 8" t="ar"/>
		<b id="30" c="1 30" t="1"/>
		<b id="31" c="1 31" t="1"/>
		<b id="32" c="1 32" t="1"/>
		<b id="33" c="3 33" t="1"/>
		<b id="34" c="3 34" t="1"/>
		<b id="35" c="3 35" t="1"/>
		<b id="36" c="4 36" t="1"/>
		<b id="37" c="4 37" t="1"/>
		<b id="38" c="4 38" t="1"/>
		<b id="39" c="5 39" t="1"/>
		<b id="40" c="5 40" t="1"/>
		<b id="41" c="9 41" t="1"/>
	</bonds>
	<geometry>
		<g u="A" t="cart/3d">#41,3:-3.4178,1.0627,-0.9222;-3.0101,0.3449,0.3570;-4.3025,-0.0149,1.1088;-2.2119,1.2906,1.2478;-2.2627,-0.9939,0.0754;-0.7431,-0.9657,-0.3154;-0.0491,-0.4428,0.8434;1.3145,-0.3932,0.7876;2.0587,-1.4191,1.3629;3.4509,-1.3430,1.3667;4.0384,-2.1480,1.8030;4.0971,-0.2286,0.8229;5.1823,-0.2062,0.8463;3.3499,0.8212,0.2883;3.8496,1.9736,-0.2524;5.2659,2.1179,-0.2630;5.7366,1.3391,-0.8718;5.4995,3.0846,-0.7195;5.6692,2.1235,0.7550;1.9548,0.7385,0.2872;1.3818,1.5735,-0.1024;-0.4800,-0.1617,-1.5936;-1.1962,-0.4180,-2.3813;-0.5124,0.9152,-1.4135;0.5203,-0.3683,-1.9919;-0.3505,-2.4398,-0.5686;-0.4563,-3.0368,0.3443;-0.9735,-2.8892,-1.3499;0.6921,-2.5324,-0.8916;-4.0997,1.8779,-0.6596;-3.9203,0.3475,-1.5793;-2.5364,1.4818,-1.4045;-4.8824,-0.7007,0.4838;-4.8670,0.9039,1.2948;-4.0327,-0.4897,2.0570;-1.9115,0.7504,2.1497;-1.3507,1.6645,0.6906;-2.8569,2.1338,1.5154;-2.3538,-1.5674,1.0076;-2.8517,-1.5086,-0.6941;1.5678,-2.2775,1.8117;</g>
	</geometry>
	<conformers/>
	<properties/>
</molecule>
