<?xml version="1.0" ?>
<!--MOLLI PACKAGE EXPERIMENTAL XML FORMAT-->
<molecule name="react_89_c1_frag_0">
	<atoms>
		<a id="1" s="C" t="C.3" l="C"/>
		<a id="2" s="N" t="N.4" l="N"/>
		<a id="3" s="C" t="C.3" l="C"/>
		<a id="4" s="C" t="C.3" l="C"/>
		<a id="5" s="C" t="C.3" l="C"/>
		<a id="6" s="C" t="C.3" l="C"/>
		<a id="7" s="H" t="H" l="H"/>
		<a id="8" s="H" t="H" l="H"/>
		<a id="9" s="C" t="C.3" l="C"/>
		<a id="10" s="O" t="O.3" l="O"/>
		<a id="11" s="C" t="C.3" l="C"/>
		<a id="12" s="H" t="H" l="H"/>
		<a id="13" s="H" t="H" l="H"/>
		<a id="14" s="H" t="H" l="H"/>
		<a id="15" s="O" t="O.3" l="O"/>
		<a id="16" s="C" t="C.3" l="C"/>
		<a id="17" s="H" t="H" l="H"/>
		<a id="18" s="H" t="H" l="H"/>
		<a id="19" s="H" t="H" l="H"/>
		<a id="20" s="C" t="C.3" l="C"/>
		<a id="21" s="H" t="H" l="H"/>
		<a id="22" s="H" t="H" l="H"/>
		<a id="23" s="C" t="C.3" l="C"/>
		<a id="24" s="H" t="H" l="H"/>
		<a id="25" s="H" t="H" l="H"/>
		<a id="26" s="H" t="H" l="H"/>
		<a id="27" s="H" t="H" l="H"/>
		<a id="28" s="H" t="H" l="H"/>
		<a id="29" s="H" t="H" l="H"/>
		<a id="30" s="H" t="H" l="H"/>
		<a id="31" s="H" t="H" l="H"/>
		<a id="32" s="H" t="H" l="H"/>
		<a id="33" s="H" t="H" l="H"/>
		<a id="34" s="H" t="H" l="H"/>
		<a id="35" s="H" t="H" l="H"/>
		<a id="36" s="H" t="H" l="H"/>
		<a id="37" s="H" t="H" l="H"/>
	</atoms>
	<bonds>
		<b id="1" c="1 2" t="1"/>
		<b id="2" c="3 2" t="1"/>
		<b id="3" c="4 2" t="1"/>
		<b id="4" c="2 5" t="1"/>
		<b id="5" c="5 6" t="1"/>
		<b id="6" c="7 6" t="1"/>
		<b id="7" c="8 6" t="1"/>
		<b id="8" c="6 9" t="1"/>
		<b id="9" c="10 11" t="1"/>
		<b id="10" c="12 11" t="1"/>
		<b id="11" c="13 11" t="1"/>
		<b id="12" c="11 14" t="1"/>
		<b id="13" c="10 9" t="1"/>
		<b id="14" c="15 16" t="1"/>
		<b id="15" c="17 16" t="1"/>
		<b id="16" c="18 16" t="1"/>
		<b id="17" c="16 19" t="1"/>
		<b id="18" c="15 9" t="1"/>
		<b id="19" c="9 20" t="1"/>
		<b id="20" c="21 20" t="1"/>
		<b id="21" c="22 20" t="1"/>
		<b id="22" c="20 23" t="1"/>
		<b id="23" c="24 23" t="1"/>
		<b id="24" c="23 25" t="1"/>
		<b id="25" c="1 26" t="1"/>
		<b id="26" c="1 27" t="1"/>
		<b id="27" c="1 28" t="1"/>
		<b id="28" c="3 29" t="1"/>
		<b id="29" c="3 30" t="1"/>
		<b id="30" c="3 31" t="1"/>
		<b id="31" c="4 32" t="1"/>
		<b id="32" c="4 33" t="1"/>
		<b id="33" c="4 34" t="1"/>
		<b id="34" c="5 35" t="1"/>
		<b id="35" c="5 36" t="1"/>
		<b id="36" c="23 37" t="1"/>
	</bonds>
	<geometry>
		<g u="A" t="cart/3d">#37,3:3.1073,-1.4482,0.7056;2.3485,-0.2340,0.1572;2.5515,0.9230,1.1326;2.9330,0.1236,-1.2021;0.8493,-0.6234,0.0572;-0.0133,0.4247,-0.6406;0.3097,1.4138,-0.3062;0.1589,0.4026,-1.7239;-1.5341,0.3011,-0.3604;-2.2263,1.3506,-1.0612;-1.8730,2.6879,-0.7392;-1.7819,2.8415,0.3394;-0.9433,2.9674,-1.2423;-2.6624,3.3448,-1.1154;-1.6930,0.3993,1.0591;-3.0438,0.4364,1.5160;-3.0245,0.5960,2.5978;-3.5554,-0.5102,1.3270;-3.5993,1.2610,1.0617;-2.1482,-1.0049,-0.9322;-3.2407,-0.8848,-0.9517;-1.8679,-1.1099,-1.9885;-1.8627,-2.3097,-0.2006;-0.8837,-2.7162,-0.4579;-2.5973,-3.0653,-0.5007;4.1649,-1.1841,0.7998;2.6880,-1.7042,1.6831;2.9842,-2.2786,0.0040;2.1134,1.8303,0.7116;2.0736,0.6646,2.0818;3.6269,1.0685,1.2739;2.7350,-0.7025,-1.8911;2.4656,1.0456,-1.5577;4.0103,0.2761,-1.0859;0.8357,-1.5538,-0.5163;0.5180,-0.8260,1.0809;-1.9231,-2.2034,0.8854;</g>
	</geometry>
	<conformers/>
	<properties/>
</molecule>
