<?xml version="1.0" ?>
<!--MOLLI PACKAGE EXPERIMENTAL XML FORMAT-->
<molecule name="react_89_c2_frag_0">
	<atoms>
		<a id="1" s="C" t="C.3" l="C"/>
		<a id="2" s="N" t="N.4" l="N"/>
		<a id="3" s="C" t="C.3" l="C"/>
		<a id="4" s="C" t="C.3" l="C"/>
		<a id="5" s="C" t="C.3" l="C"/>
		<a id="6" s="C" t="C.3" l="C"/>
		<a id="7" s="H" t="H" l="H"/>
		<a id="8" s="H" t="H" l="H"/>
		<a id="9" s="O" t="O.3" l="O"/>
		<a id="10" s="C" t="C.2" l="C"/>
		<a id="11" s="O" t="O.2" l="O"/>
		<a id="12" s="C" t="C.3" l="C"/>
		<a id="13" s="C" t="C.3" l="C"/>
		<a id="14" s="H" t="H" l="H"/>
		<a id="15" s="H" t="H" l="H"/>
		<a id="16" s="H" t="H" l="H"/>
		<a id="17" s="C" t="C.3" l="C"/>
		<a id="18" s="H" t="H" l="H"/>
		<a id="19" s="H" t="H" l="H"/>
		<a id="20" s="H" t="H" l="H"/>
		<a id="21" s="C" t="C.3" l="C"/>
		<a id="22" s="H" t="H" l="H"/>
		<a id="23" s="H" t="H" l="H"/>
		<a id="24" s="H" t="H" l="H"/>
		<a id="25" s="H" t="H" l="H"/>
		<a id="26" s="H" t="H" l="H"/>
		<a id="27" s="H" t="H" l="H"/>
		<a id="28" s="H" t="H" l="H"/>
		<a id="29" s="H" t="H" l="H"/>
		<a id="30" s="H" t="H" l="H"/>
		<a id="31" s="H" t="H" l="H"/>
		<a id="32" s="H" t="H" l="H"/>
		<a id="33" s="H" t="H" l="H"/>
		<a id="34" s="H" t="H" l="H"/>
		<a id="35" s="H" t="H" l="H"/>
	</atoms>
	<bonds>
		<b id="1" c="1 2" t="1"/>
		<b id="2" c="3 2" t="1"/>
		<b id="3" c="4 2" t="1"/>
		<b id="4" c="2 5" t="1"/>
		<b id="5" c="5 6" t="1"/>
		<b id="6" c="7 6" t="1"/>
		<b id="7" c="8 6" t="1"/>
		<b id="8" c="6 9" t="1"/>
		<b id="9" c="9 10" t="1"/>
		<b id="10" c="10 11" t="2"/>
		<b id="11" c="10 12" t="1"/>
		<b id="12" c="14 13" t="1"/>
		<b id="13" c="15 13" t="1"/>
		<b id="14" c="13 16" t="1"/>
		<b id="15" c="13 12" t="1"/>
		<b id="16" c="18 17" t="1"/>
		<b id="17" c="19 17" t="1"/>
		<b id="18" c="17 20" t="1"/>
		<b id="19" c="17 12" t="1"/>
		<b id="20" c="12 21" t="1"/>
		<b id="21" c="22 21" t="1"/>
		<b id="22" c="23 21" t="1"/>
		<b id="23" c="21 24" t="1"/>
		<b id="24" c="1 25" t="1"/>
		<b id="25" c="1 26" t="1"/>
		<b id="26" c="1 27" t="1"/>
		<b id="27" c="3 28" t="1"/>
		<b id="28" c="3 29" t="1"/>
		<b id="29" c="3 30" t="1"/>
		<b id="30" c="4 31" t="1"/>
		<b id="31" c="4 32" t="1"/>
		<b id="32" c="4 33" t="1"/>
		<b id="33" c="5 34" t="1"/>
		<b id="34" c="5 35" t="1"/>
	</bonds>
	<geometry>
		<g u="A" t="cart/3d">#35,3:-3.4346,1.4609,-0.2260;-2.7214,0.1220,-0.1245;-3.6162,-0.9561,-0.7409;-2.4939,-0.2418,1.3452;-1.3822,0.1267,-0.8939;-0.4095,1.2497,-0.4886;-0.5348,2.0994,-1.1690;-0.5761,1.6387,0.5206;0.9599,0.8245,-0.6013;1.3839,-0.0010,0.4024;0.6289,-0.4294,1.2674;2.8700,-0.3324,0.2719;3.3060,-1.1957,1.4658;3.1391,-0.6732,2.4150;2.7404,-2.1339,1.5060;4.3702,-1.4498,1.4056;3.6899,0.9643,0.2674;4.7648,0.7538,0.2381;3.4862,1.5621,1.1633;3.4528,1.5897,-0.6007;3.0985,-1.1155,-1.0268;2.8372,-0.5188,-1.9081;2.4815,-2.0211,-1.0546;4.1469,-1.4169,-1.1293;-2.8379,2.2217,0.2834;-3.5523,1.7092,-1.2848;-4.4122,1.3702,0.2571;-3.7941,-0.6990,-1.7894;-3.1026,-1.9190,-0.6630;-4.5610,-0.9809,-0.1897;-1.9692,-1.2002,1.3878;-3.4715,-0.3242,1.8303;-1.9131,0.5484,1.8247;-1.6311,0.2371,-1.9569;-0.9422,-0.8693,-0.7695;</g>
	</geometry>
	<conformers/>
	<properties/>
</molecule>
