<?xml version="1.0" ?>
<!--MOLLI PACKAGE EXPERIMENTAL XML FORMAT-->
<molecule name="react_90_c2_frag_0">
	<atoms>
		<a id="1" s="C" t="C.3" l="C"/>
		<a id="2" s="N" t="N.4" l="N"/>
		<a id="3" s="C" t="C.3" l="C"/>
		<a id="4" s="C" t="C.3" l="C"/>
		<a id="5" s="C" t="C.3" l="C"/>
		<a id="6" s="C" t="C.3" l="C"/>
		<a id="7" s="H" t="H" l="H"/>
		<a id="8" s="H" t="H" l="H"/>
		<a id="9" s="O" t="O.3" l="O"/>
		<a id="10" s="C" t="C.3" l="C"/>
		<a id="11" s="H" t="H" l="H"/>
		<a id="12" s="H" t="H" l="H"/>
		<a id="13" s="C" t="C.ar" l="C"/>
		<a id="14" s="C" t="C.ar" l="C"/>
		<a id="15" s="H" t="H" l="H"/>
		<a id="16" s="C" t="C.ar" l="C"/>
		<a id="17" s="H" t="H" l="H"/>
		<a id="18" s="C" t="C.ar" l="C"/>
		<a id="19" s="H" t="H" l="H"/>
		<a id="20" s="C" t="C.ar" l="C"/>
		<a id="21" s="H" t="H" l="H"/>
		<a id="22" s="C" t="C.ar" l="C"/>
		<a id="23" s="H" t="H" l="H"/>
		<a id="24" s="H" t="H" l="H"/>
		<a id="25" s="H" t="H" l="H"/>
		<a id="26" s="H" t="H" l="H"/>
		<a id="27" s="H" t="H" l="H"/>
		<a id="28" s="H" t="H" l="H"/>
		<a id="29" s="H" t="H" l="H"/>
		<a id="30" s="H" t="H" l="H"/>
		<a id="31" s="H" t="H" l="H"/>
		<a id="32" s="H" t="H" l="H"/>
		<a id="33" s="H" t="H" l="H"/>
		<a id="34" s="H" t="H" l="H"/>
	</atoms>
	<bonds>
		<b id="1" c="1 2" t="1"/>
		<b id="2" c="3 2" t="1"/>
		<b id="3" c="4 2" t="1"/>
		<b id="4" c="2 5" t="1"/>
		<b id="5" c="5 6" t="1"/>
		<b id="6" c="7 6" t="1"/>
		<b id="7" c="8 6" t="1"/>
		<b id="8" c="6 9" t="1"/>
		<b id="9" c="9 10" t="1"/>
		<b id="10" c="11 10" t="1"/>
		<b id="11" c="12 10" t="1"/>
		<b id="12" c="10 13" t="1"/>
		<b id="13" c="13 14" t="ar"/>
		<b id="14" c="15 14" t="1"/>
		<b id="15" c="14 16" t="ar"/>
		<b id="16" c="17 16" t="1"/>
		<b id="17" c="16 18" t="ar"/>
		<b id="18" c="19 18" t="1"/>
		<b id="19" c="18 20" t="ar"/>
		<b id="20" c="21 20" t="1"/>
		<b id="21" c="20 22" t="ar"/>
		<b id="22" c="22 23" t="1"/>
		<b id="23" c="22 13" t="ar"/>
		<b id="24" c="1 24" t="1"/>
		<b id="25" c="1 25" t="1"/>
		<b id="26" c="1 26" t="1"/>
		<b id="27" c="3 27" t="1"/>
		<b id="28" c="3 28" t="1"/>
		<b id="29" c="3 29" t="1"/>
		<b id="30" c="4 30" t="1"/>
		<b id="31" c="4 31" t="1"/>
		<b id="32" c="4 32" t="1"/>
		<b id="33" c="5 33" t="1"/>
		<b id="34" c="5 34" t="1"/>
	</bonds>
	<geometry>
		<g u="A" t="cart/3d">#34,3:-3.5206,-1.3102,-0.0538;-3.1074,0.1130,-0.4021;-3.5145,1.0622,0.7164;-3.8458,0.5295,-1.6789;-1.5955,0.2031,-0.6914;-0.6812,-0.1798,0.4808;-0.8479,-1.2176,0.7855;-0.8434,0.4818,1.3372;0.6635,-0.0380,0.0330;1.6150,-0.3689,1.0445;1.4777,0.2815,1.9167;1.4731,-1.4068,1.3687;2.9895,-0.1848,0.4658;3.6304,-1.2410,-0.1974;3.1449,-2.2094,-0.2910;4.9013,-1.0647,-0.7472;5.3947,-1.8898,-1.2552;5.5400,0.1696,-0.6475;6.5303,0.3057,-1.0753;4.9076,1.2303,-0.0022;5.4059,2.1940,0.0705;3.6367,1.0564,0.5484;3.1561,1.8975,1.0421;-3.0731,-1.5836,0.9050;-4.6115,-1.3439,0.0247;-3.1731,-1.9767,-0.8485;-3.1628,2.0667,0.4642;-4.6054,1.0483,0.8014;-3.0672,0.7182,1.6523;-3.5610,-0.1564,-2.4824;-3.5566,1.5551,-1.9268;-4.9223,0.4715,-1.4920;-1.3909,-0.4461,-1.5522;-1.3866,1.2332,-1.0070;</g>
	</geometry>
	<conformers/>
	<properties/>
</molecule>
