<?xml version="1.0" ?>
<!--MOLLI PACKAGE EXPERIMENTAL XML FORMAT-->
<molecule name="react_92_c1_frag_0">
	<atoms>
		<a id="1" s="C" t="C.3" l="C"/>
		<a id="2" s="N" t="N.4" l="N"/>
		<a id="3" s="C" t="C.3" l="C"/>
		<a id="4" s="C" t="C.3" l="C"/>
		<a id="5" s="C" t="C.3" l="C"/>
		<a id="6" s="C" t="C.3" l="C"/>
		<a id="7" s="H" t="H" l="H"/>
		<a id="8" s="H" t="H" l="H"/>
		<a id="9" s="C" t="C.3" l="C"/>
		<a id="10" s="O" t="O.3" l="O"/>
		<a id="11" s="C" t="C.3" l="C"/>
		<a id="12" s="H" t="H" l="H"/>
		<a id="13" s="H" t="H" l="H"/>
		<a id="14" s="H" t="H" l="H"/>
		<a id="15" s="O" t="O.3" l="O"/>
		<a id="16" s="C" t="C.3" l="C"/>
		<a id="17" s="H" t="H" l="H"/>
		<a id="18" s="H" t="H" l="H"/>
		<a id="19" s="H" t="H" l="H"/>
		<a id="20" s="C" t="C.3" l="C"/>
		<a id="21" s="H" t="H" l="H"/>
		<a id="22" s="H" t="H" l="H"/>
		<a id="23" s="C" t="C.3" l="C"/>
		<a id="24" s="H" t="H" l="H"/>
		<a id="25" s="H" t="H" l="H"/>
		<a id="26" s="H" t="H" l="H"/>
		<a id="27" s="H" t="H" l="H"/>
		<a id="28" s="H" t="H" l="H"/>
		<a id="29" s="H" t="H" l="H"/>
		<a id="30" s="H" t="H" l="H"/>
		<a id="31" s="H" t="H" l="H"/>
		<a id="32" s="H" t="H" l="H"/>
		<a id="33" s="H" t="H" l="H"/>
		<a id="34" s="H" t="H" l="H"/>
		<a id="35" s="H" t="H" l="H"/>
		<a id="36" s="H" t="H" l="H"/>
		<a id="37" s="H" t="H" l="H"/>
	</atoms>
	<bonds>
		<b id="1" c="1 2" t="1"/>
		<b id="2" c="3 2" t="1"/>
		<b id="3" c="4 2" t="1"/>
		<b id="4" c="2 5" t="1"/>
		<b id="5" c="5 6" t="1"/>
		<b id="6" c="7 6" t="1"/>
		<b id="7" c="8 6" t="1"/>
		<b id="8" c="6 9" t="1"/>
		<b id="9" c="10 11" t="1"/>
		<b id="10" c="12 11" t="1"/>
		<b id="11" c="13 11" t="1"/>
		<b id="12" c="11 14" t="1"/>
		<b id="13" c="10 9" t="1"/>
		<b id="14" c="15 16" t="1"/>
		<b id="15" c="17 16" t="1"/>
		<b id="16" c="18 16" t="1"/>
		<b id="17" c="16 19" t="1"/>
		<b id="18" c="15 9" t="1"/>
		<b id="19" c="9 20" t="1"/>
		<b id="20" c="21 20" t="1"/>
		<b id="21" c="22 20" t="1"/>
		<b id="22" c="20 23" t="1"/>
		<b id="23" c="24 23" t="1"/>
		<b id="24" c="23 25" t="1"/>
		<b id="25" c="1 26" t="1"/>
		<b id="26" c="1 27" t="1"/>
		<b id="27" c="1 28" t="1"/>
		<b id="28" c="3 29" t="1"/>
		<b id="29" c="3 30" t="1"/>
		<b id="30" c="3 31" t="1"/>
		<b id="31" c="4 32" t="1"/>
		<b id="32" c="4 33" t="1"/>
		<b id="33" c="4 34" t="1"/>
		<b id="34" c="5 35" t="1"/>
		<b id="35" c="5 36" t="1"/>
		<b id="36" c="23 37" t="1"/>
	</bonds>
	<geometry>
		<g u="A" t="cart/3d">#37,3:-2.8670,-0.8102,0.8846;-2.4712,0.0889,-0.2806;-2.7454,1.5428,0.0667;-3.3353,-0.2913,-1.4883;-0.9905,-0.1376,-0.6853;0.0152,0.2579,0.4026;-0.0430,1.3351,0.5878;-0.2332,-0.2589,1.3337;1.4529,-0.1244,-0.0265;1.6952,0.4430,-1.3193;2.0965,1.8048,-1.3658;3.1177,1.9204,-0.9928;2.0855,2.1232,-2.4120;1.4082,2.4443,-0.8072;1.4123,-1.5569,-0.1501;2.5816,-2.1388,-0.7187;3.4557,-1.9804,-0.0825;2.4139,-3.2167,-0.7968;2.7669,-1.7515,-1.7244;2.4888,0.3033,1.0447;2.4101,1.3809,1.2345;3.5021,0.1486,0.6543;2.3759,-0.4249,2.3791;1.4263,-0.2076,2.8761;2.4651,-1.5083,2.2587;-2.5989,-1.8409,0.6355;-2.3443,-0.4785,1.7848;-3.9473,-0.7222,1.0360;-2.3988,2.1683,-0.7609;-2.2167,1.7930,0.9900;-3.8226,1.6662,0.2149;-4.3869,-0.1472,-1.2225;-3.0628,0.3572,-2.3263;-3.1445,-1.3402,-1.7341;-0.8310,0.4556,-1.5933;-0.9089,-1.1989,-0.9455;3.1784,-0.0981,3.0487;</g>
	</geometry>
	<conformers/>
	<properties/>
</molecule>
