<?xml version="1.0" ?>
<!--MOLLI PACKAGE EXPERIMENTAL XML FORMAT-->
<molecule name="react_92_c2_frag_0">
	<atoms>
		<a id="1" s="C" t="C.3" l="C"/>
		<a id="2" s="N" t="N.4" l="N"/>
		<a id="3" s="C" t="C.3" l="C"/>
		<a id="4" s="C" t="C.3" l="C"/>
		<a id="5" s="C" t="C.3" l="C"/>
		<a id="6" s="C" t="C.3" l="C"/>
		<a id="7" s="H" t="H" l="H"/>
		<a id="8" s="H" t="H" l="H"/>
		<a id="9" s="O" t="O.3" l="O"/>
		<a id="10" s="C" t="C.ar" l="C"/>
		<a id="11" s="C" t="C.ar" l="C"/>
		<a id="12" s="H" t="H" l="H"/>
		<a id="13" s="C" t="C.ar" l="C"/>
		<a id="14" s="H" t="H" l="H"/>
		<a id="15" s="C" t="C.ar" l="C"/>
		<a id="16" s="O" t="O.3" l="O"/>
		<a id="17" s="C" t="C.3" l="C"/>
		<a id="18" s="H" t="H" l="H"/>
		<a id="19" s="H" t="H" l="H"/>
		<a id="20" s="H" t="H" l="H"/>
		<a id="21" s="C" t="C.ar" l="C"/>
		<a id="22" s="H" t="H" l="H"/>
		<a id="23" s="C" t="C.ar" l="C"/>
		<a id="24" s="H" t="H" l="H"/>
		<a id="25" s="H" t="H" l="H"/>
		<a id="26" s="H" t="H" l="H"/>
		<a id="27" s="H" t="H" l="H"/>
		<a id="28" s="H" t="H" l="H"/>
		<a id="29" s="H" t="H" l="H"/>
		<a id="30" s="H" t="H" l="H"/>
		<a id="31" s="H" t="H" l="H"/>
		<a id="32" s="H" t="H" l="H"/>
		<a id="33" s="H" t="H" l="H"/>
		<a id="34" s="H" t="H" l="H"/>
		<a id="35" s="H" t="H" l="H"/>
	</atoms>
	<bonds>
		<b id="1" c="1 2" t="1"/>
		<b id="2" c="3 2" t="1"/>
		<b id="3" c="4 2" t="1"/>
		<b id="4" c="2 5" t="1"/>
		<b id="5" c="5 6" t="1"/>
		<b id="6" c="7 6" t="1"/>
		<b id="7" c="8 6" t="1"/>
		<b id="8" c="6 9" t="1"/>
		<b id="9" c="9 10" t="1"/>
		<b id="10" c="10 11" t="ar"/>
		<b id="11" c="12 11" t="1"/>
		<b id="12" c="11 13" t="ar"/>
		<b id="13" c="14 13" t="1"/>
		<b id="14" c="13 15" t="ar"/>
		<b id="15" c="16 17" t="1"/>
		<b id="16" c="18 17" t="1"/>
		<b id="17" c="19 17" t="1"/>
		<b id="18" c="17 20" t="1"/>
		<b id="19" c="16 15" t="1"/>
		<b id="20" c="15 21" t="ar"/>
		<b id="21" c="22 21" t="1"/>
		<b id="22" c="21 23" t="ar"/>
		<b id="23" c="23 24" t="1"/>
		<b id="24" c="23 10" t="ar"/>
		<b id="25" c="1 25" t="1"/>
		<b id="26" c="1 26" t="1"/>
		<b id="27" c="1 27" t="1"/>
		<b id="28" c="3 28" t="1"/>
		<b id="29" c="3 29" t="1"/>
		<b id="30" c="3 30" t="1"/>
		<b id="31" c="4 31" t="1"/>
		<b id="32" c="4 32" t="1"/>
		<b id="33" c="4 33" t="1"/>
		<b id="34" c="5 34" t="1"/>
		<b id="35" c="5 35" t="1"/>
	</bonds>
	<geometry>
		<g u="A" t="cart/3d">#35,3:-3.3070,0.0354,1.8032;-3.3881,0.2468,0.2968;-4.7268,-0.3152,-0.1955;-3.3498,1.7360,-0.0217;-2.2647,-0.5144,-0.4389;-0.8365,-0.0869,-0.0740;-0.6813,0.9677,-0.3242;-0.6504,-0.2581,0.9912;0.0470,-0.8965,-0.8493;1.3891,-0.6923,-0.6904;2.1987,-1.5139,-1.4750;1.7534,-2.2446,-2.1455;3.5896,-1.4083,-1.4092;4.2099,-2.0548,-2.0263;4.1914,-0.4807,-0.5590;5.5569,-0.4797,-0.5901;6.2258,0.4462,0.2571;6.0056,0.2464,1.3109;5.9746,1.4779,-0.0106;7.3024,0.3164,0.1108;3.3844,0.3416,0.2262;3.8125,1.0764,0.9009;1.9869,0.2368,0.1613;1.4068,0.9000,0.7929;-2.4011,0.5174,2.1792;-3.2858,-1.0400,2.0014;-4.1876,0.4930,2.2641;-5.5354,0.2145,0.3170;-4.7916,-0.1564,-1.2761;-4.7607,-1.3830,0.0402;-3.3588,1.8582,-1.1086;-4.2308,2.2074,0.4244;-2.4427,2.1662,0.4098;-2.4028,-1.5815,-0.2232;-2.4331,-0.3780,-1.5148;</g>
	</geometry>
	<conformers/>
	<properties/>
</molecule>
