<?xml version="1.0" ?>
<!--MOLLI PACKAGE EXPERIMENTAL XML FORMAT-->
<molecule name="react_176_c1_frag_0">
	<atoms>
		<a id="1" s="C" t="C.3" l="C"/>
		<a id="2" s="N" t="N.4" l="N"/>
		<a id="3" s="C" t="C.3" l="C"/>
		<a id="4" s="C" t="C.3" l="C"/>
		<a id="5" s="C" t="C.3" l="C"/>
		<a id="6" s="C" t="C.3" l="C"/>
		<a id="7" s="H" t="H" l="H"/>
		<a id="8" s="H" t="H" l="H"/>
		<a id="9" s="O" t="O.3" l="O"/>
		<a id="10" s="C" t="C.2" l="C"/>
		<a id="11" s="O" t="O.2" l="O"/>
		<a id="12" s="C" t="C.3" l="C"/>
		<a id="13" s="H" t="H" l="H"/>
		<a id="14" s="H" t="H" l="H"/>
		<a id="15" s="H" t="H" l="H"/>
		<a id="16" s="H" t="H" l="H"/>
		<a id="17" s="H" t="H" l="H"/>
		<a id="18" s="H" t="H" l="H"/>
		<a id="19" s="H" t="H" l="H"/>
		<a id="20" s="H" t="H" l="H"/>
		<a id="21" s="H" t="H" l="H"/>
		<a id="22" s="H" t="H" l="H"/>
		<a id="23" s="H" t="H" l="H"/>
		<a id="24" s="H" t="H" l="H"/>
		<a id="25" s="H" t="H" l="H"/>
		<a id="26" s="H" t="H" l="H"/>
	</atoms>
	<bonds>
		<b id="1" c="1 2" t="1"/>
		<b id="2" c="3 2" t="1"/>
		<b id="3" c="4 2" t="1"/>
		<b id="4" c="2 5" t="1"/>
		<b id="5" c="5 6" t="1"/>
		<b id="6" c="7 6" t="1"/>
		<b id="7" c="8 6" t="1"/>
		<b id="8" c="6 9" t="1"/>
		<b id="9" c="9 10" t="1"/>
		<b id="10" c="10 11" t="2"/>
		<b id="11" c="10 12" t="1"/>
		<b id="12" c="13 12" t="1"/>
		<b id="13" c="12 14" t="1"/>
		<b id="14" c="1 15" t="1"/>
		<b id="15" c="1 16" t="1"/>
		<b id="16" c="1 17" t="1"/>
		<b id="17" c="3 18" t="1"/>
		<b id="18" c="3 19" t="1"/>
		<b id="19" c="3 20" t="1"/>
		<b id="20" c="4 21" t="1"/>
		<b id="21" c="4 22" t="1"/>
		<b id="22" c="4 23" t="1"/>
		<b id="23" c="5 24" t="1"/>
		<b id="24" c="5 25" t="1"/>
		<b id="25" c="12 26" t="1"/>
	</bonds>
	<geometry>
		<g u="A" t="cart/3d">#26,3:-2.1588,-1.4804,-0.7476;-1.4615,-0.2647,-0.1320;-1.1915,0.7394,-1.2559;-2.3863,0.3506,0.9063;-0.1341,-0.7442,0.4956;0.6346,0.3347,1.2813;0.3774,0.2600,2.3437;0.3939,1.3586,0.9792;2.0573,0.1454,1.1827;2.5946,0.5277,-0.0111;1.9289,0.8994,-0.9683;4.0850,0.3953,0.0092;4.4988,0.9865,0.8301;4.4946,0.7757,-0.9308;-1.4934,-1.9191,-1.4971;-2.3666,-2.1998,0.0500;-3.0918,-1.1478,-1.2125;-0.5156,0.2759,-1.9797;-0.7542,1.6448,-0.8307;-2.1467,0.9819,-1.7319;-1.9294,1.2651,1.2925;-3.3400,0.5863,0.4244;-2.5330,-0.3759,1.7107;0.4639,-1.1715,-0.3173;-0.3874,-1.5676,1.1751;4.3613,-0.6565,0.1148;</g>
	</geometry>
	<conformers/>
	<properties/>
</molecule>
