<?xml version="1.0" ?>
<!--MOLLI PACKAGE EXPERIMENTAL XML FORMAT-->
<molecule name="react_177_c1_frag_0">
	<atoms>
		<a id="1" s="C" t="C.3" l="C"/>
		<a id="2" s="N" t="N.4" l="N"/>
		<a id="3" s="C" t="C.3" l="C"/>
		<a id="4" s="C" t="C.3" l="C"/>
		<a id="5" s="C" t="C.3" l="C"/>
		<a id="6" s="C" t="C.ar" l="C"/>
		<a id="7" s="N" t="N.ar" l="N"/>
		<a id="8" s="C" t="C.ar" l="C"/>
		<a id="9" s="Cl" t="Cl" l="CL"/>
		<a id="10" s="C" t="C.ar" l="C"/>
		<a id="11" s="H" t="H" l="H"/>
		<a id="12" s="C" t="C.ar" l="C"/>
		<a id="13" s="C" t="C.3" l="C"/>
		<a id="14" s="H" t="H" l="H"/>
		<a id="15" s="H" t="H" l="H"/>
		<a id="16" s="H" t="H" l="H"/>
		<a id="17" s="C" t="C.ar" l="C"/>
		<a id="18" s="C" t="C.3" l="C"/>
		<a id="19" s="H" t="H" l="H"/>
		<a id="20" s="H" t="H" l="H"/>
		<a id="21" s="H" t="H" l="H"/>
		<a id="22" s="H" t="H" l="H"/>
		<a id="23" s="H" t="H" l="H"/>
		<a id="24" s="H" t="H" l="H"/>
		<a id="25" s="H" t="H" l="H"/>
		<a id="26" s="H" t="H" l="H"/>
		<a id="27" s="H" t="H" l="H"/>
		<a id="28" s="H" t="H" l="H"/>
		<a id="29" s="H" t="H" l="H"/>
		<a id="30" s="H" t="H" l="H"/>
		<a id="31" s="H" t="H" l="H"/>
		<a id="32" s="H" t="H" l="H"/>
	</atoms>
	<bonds>
		<b id="1" c="1 2" t="1"/>
		<b id="2" c="3 2" t="1"/>
		<b id="3" c="4 2" t="1"/>
		<b id="4" c="2 5" t="1"/>
		<b id="5" c="5 6" t="1"/>
		<b id="6" c="6 7" t="ar"/>
		<b id="7" c="7 8" t="ar"/>
		<b id="8" c="9 8" t="1"/>
		<b id="9" c="8 10" t="ar"/>
		<b id="10" c="11 10" t="1"/>
		<b id="11" c="10 12" t="ar"/>
		<b id="12" c="14 13" t="1"/>
		<b id="13" c="15 13" t="1"/>
		<b id="14" c="13 16" t="1"/>
		<b id="15" c="13 12" t="1"/>
		<b id="16" c="12 17" t="ar"/>
		<b id="17" c="17 18" t="1"/>
		<b id="18" c="19 18" t="1"/>
		<b id="19" c="18 20" t="1"/>
		<b id="20" c="17 6" t="ar"/>
		<b id="21" c="1 21" t="1"/>
		<b id="22" c="1 22" t="1"/>
		<b id="23" c="1 23" t="1"/>
		<b id="24" c="3 24" t="1"/>
		<b id="25" c="3 25" t="1"/>
		<b id="26" c="3 26" t="1"/>
		<b id="27" c="4 27" t="1"/>
		<b id="28" c="4 28" t="1"/>
		<b id="29" c="4 29" t="1"/>
		<b id="30" c="5 30" t="1"/>
		<b id="31" c="5 31" t="1"/>
		<b id="32" c="18 32" t="1"/>
	</bonds>
	<geometry>
		<g u="A" t="cart/3d">#32,3:-3.3807,-0.7273,0.6797;-2.2689,0.1211,0.0758;-2.4102,0.1084,-1.4396;-2.4132,1.5478,0.5921;-0.9044,-0.4947,0.5101;0.4051,0.1171,0.0202;0.3218,1.2957,-0.6425;1.4652,1.8516,-1.0899;1.2451,3.3367,-1.9131;2.7143,1.2965,-0.9265;3.5928,1.7973,-1.3219;2.8131,0.0789,-0.2471;4.1756,-0.5385,-0.0692;4.4850,-0.4738,0.9787;4.1674,-1.5860,-0.3871;4.9305,-0.0253,-0.6748;1.6401,-0.5187,0.2680;1.7150,-1.8349,1.0004;2.6558,-1.9407,1.5488;1.6242,-2.6612,0.2886;-3.2791,-0.7081,1.7689;-4.3455,-0.3063,0.3806;-3.2815,-1.7499,0.3032;-2.2281,-0.9101,-1.7949;-1.7027,0.8059,-1.8897;-3.4299,0.4181,-1.6899;-3.4484,1.8653,0.4305;-1.7505,2.2183,0.0447;-2.1811,1.5547,1.6610;-0.9438,-1.5390,0.1765;-0.9080,-0.4732,1.6066;0.9252,-1.9258,1.7517;</g>
	</geometry>
	<conformers/>
	<properties/>
</molecule>
