<?xml version="1.0" ?>
<!--MOLLI PACKAGE EXPERIMENTAL XML FORMAT-->
<molecule name="react_60_c1_frag_0">
	<atoms>
		<a id="1" s="C" t="C.3" l="C"/>
		<a id="2" s="N" t="N.4" l="N"/>
		<a id="3" s="C" t="C.3" l="C"/>
		<a id="4" s="C" t="C.3" l="C"/>
		<a id="5" s="C" t="C.3" l="C"/>
		<a id="6" s="C" t="C.3" l="C"/>
		<a id="7" s="H" t="H" l="H"/>
		<a id="8" s="H" t="H" l="H"/>
		<a id="9" s="C" t="C.3" l="C"/>
		<a id="10" s="H" t="H" l="H"/>
		<a id="11" s="H" t="H" l="H"/>
		<a id="12" s="O" t="O.3" l="O"/>
		<a id="13" s="H" t="H" l="H"/>
		<a id="14" s="H" t="H" l="H"/>
		<a id="15" s="H" t="H" l="H"/>
		<a id="16" s="H" t="H" l="H"/>
		<a id="17" s="H" t="H" l="H"/>
		<a id="18" s="H" t="H" l="H"/>
		<a id="19" s="H" t="H" l="H"/>
		<a id="20" s="H" t="H" l="H"/>
		<a id="21" s="H" t="H" l="H"/>
		<a id="22" s="H" t="H" l="H"/>
		<a id="23" s="H" t="H" l="H"/>
		<a id="24" s="H" t="H" l="H"/>
	</atoms>
	<bonds>
		<b id="1" c="1 2" t="1"/>
		<b id="2" c="3 2" t="1"/>
		<b id="3" c="4 2" t="1"/>
		<b id="4" c="2 5" t="1"/>
		<b id="5" c="5 6" t="1"/>
		<b id="6" c="7 6" t="1"/>
		<b id="7" c="8 6" t="1"/>
		<b id="8" c="6 9" t="1"/>
		<b id="9" c="10 9" t="1"/>
		<b id="10" c="11 9" t="1"/>
		<b id="11" c="9 12" t="1"/>
		<b id="12" c="12 13" t="1"/>
		<b id="13" c="1 14" t="1"/>
		<b id="14" c="1 15" t="1"/>
		<b id="15" c="1 16" t="1"/>
		<b id="16" c="3 17" t="1"/>
		<b id="17" c="3 18" t="1"/>
		<b id="18" c="3 19" t="1"/>
		<b id="19" c="4 20" t="1"/>
		<b id="20" c="4 21" t="1"/>
		<b id="21" c="4 22" t="1"/>
		<b id="22" c="5 23" t="1"/>
		<b id="23" c="5 24" t="1"/>
	</bonds>
	<geometry>
		<g u="A" t="cart/3d">#24,3:-1.3692,0.4741,-1.2685;-1.0655,-0.2745,0.0244;-2.1959,0.0147,1.0179;-1.0329,-1.7720,-0.2411;0.2509,0.2250,0.6625;1.4850,-0.0021,-0.2117;1.6270,-1.0639,-0.4337;1.3695,0.5300,-1.1617;2.7399,0.5229,0.4778;2.9343,-0.0187,1.4087;3.6066,0.4178,-0.1824;2.5534,1.8962,0.7788;3.4123,2.2467,1.0849;-1.3258,1.5482,-1.0666;-2.3706,0.1884,-1.6050;-0.6341,0.1897,-2.0253;-1.9864,-0.5258,1.9458;-3.1389,-0.3286,0.5819;-2.2304,1.0931,1.1992;-0.3078,-1.9778,-1.0322;-2.0293,-2.0876,-0.5656;-0.7532,-2.2822,0.6851;0.3574,-0.3045,1.6170;0.1036,1.2909,0.8719;</g>
	</geometry>
	<conformers/>
	<properties/>
</molecule>
