<?xml version="1.0" ?>
<!--MOLLI PACKAGE EXPERIMENTAL XML FORMAT-->
<molecule name="react_257_c2_frag_0">
	<atoms>
		<a id="1" s="C" t="C.3" l="C"/>
		<a id="2" s="N" t="N.4" l="N"/>
		<a id="3" s="C" t="C.3" l="C"/>
		<a id="4" s="C" t="C.3" l="C"/>
		<a id="5" s="C" t="C.3" l="C"/>
		<a id="6" s="C" t="C.2" l="C"/>
		<a id="7" s="O" t="O.2" l="O"/>
		<a id="8" s="C" t="C.3" l="C"/>
		<a id="9" s="H" t="H" l="H"/>
		<a id="10" s="H" t="H" l="H"/>
		<a id="11" s="H" t="H" l="H"/>
		<a id="12" s="H" t="H" l="H"/>
		<a id="13" s="H" t="H" l="H"/>
		<a id="14" s="H" t="H" l="H"/>
		<a id="15" s="H" t="H" l="H"/>
		<a id="16" s="H" t="H" l="H"/>
		<a id="17" s="H" t="H" l="H"/>
		<a id="18" s="H" t="H" l="H"/>
		<a id="19" s="H" t="H" l="H"/>
		<a id="20" s="H" t="H" l="H"/>
		<a id="21" s="H" t="H" l="H"/>
		<a id="22" s="H" t="H" l="H"/>
	</atoms>
	<bonds>
		<b id="1" c="1 2" t="1"/>
		<b id="2" c="3 2" t="1"/>
		<b id="3" c="4 2" t="1"/>
		<b id="4" c="2 5" t="1"/>
		<b id="5" c="5 6" t="1"/>
		<b id="6" c="6 7" t="2"/>
		<b id="7" c="6 8" t="1"/>
		<b id="8" c="9 8" t="1"/>
		<b id="9" c="10 8" t="1"/>
		<b id="10" c="8 11" t="1"/>
		<b id="11" c="1 12" t="1"/>
		<b id="12" c="1 13" t="1"/>
		<b id="13" c="1 14" t="1"/>
		<b id="14" c="3 15" t="1"/>
		<b id="15" c="3 16" t="1"/>
		<b id="16" c="3 17" t="1"/>
		<b id="17" c="4 18" t="1"/>
		<b id="18" c="4 19" t="1"/>
		<b id="19" c="4 20" t="1"/>
		<b id="20" c="5 21" t="1"/>
		<b id="21" c="5 22" t="1"/>
	</bonds>
	<geometry>
		<g u="A" t="cart/3d">#22,3:-1.3501,-0.6964,1.3417;-0.8641,0.2138,0.2176;-1.2108,-0.4181,-1.1274;-1.5774,1.5562,0.3286;0.6731,0.4631,0.3324;1.5868,-0.7577,0.2464;1.1580,-1.9001,0.0934;3.0643,-0.4866,0.3603;3.2780,-0.0258,1.3278;3.3784,0.1748,-0.4509;3.6188,-1.4261,0.2856;-0.9381,-1.6982,1.2113;-1.0288,-0.2664,2.2948;-2.4426,-0.7425,1.2958;-0.8033,-1.4289,-1.1777;-2.3010,-0.4595,-1.2145;-0.7910,0.2086,-1.9195;-2.6555,1.3874,0.2488;-1.2313,2.1999,-0.4854;-1.3319,1.9988,1.2985;0.9345,1.1520,-0.4783;0.8341,0.9516,1.2997;</g>
	</geometry>
	<conformers/>
	<properties/>
</molecule>
