<?xml version="1.0" ?>
<!--MOLLI PACKAGE EXPERIMENTAL XML FORMAT-->
<molecule name="react_285_c2_frag_1">
	<atoms>
		<a id="1" s="C" t="C.3" l="C"/>
		<a id="2" s="N" t="N.4" l="N"/>
		<a id="3" s="C" t="C.3" l="C"/>
		<a id="4" s="C" t="C.3" l="C"/>
		<a id="5" s="C" t="C.3" l="C"/>
		<a id="6" s="C" t="C.3" l="C"/>
		<a id="7" s="H" t="H" l="H"/>
		<a id="8" s="H" t="H" l="H"/>
		<a id="9" s="C" t="C.3" l="C"/>
		<a id="10" s="H" t="H" l="H"/>
		<a id="11" s="H" t="H" l="H"/>
		<a id="12" s="C" t="C.3" l="C"/>
		<a id="13" s="H" t="H" l="H"/>
		<a id="14" s="H" t="H" l="H"/>
		<a id="15" s="H" t="H" l="H"/>
		<a id="16" s="H" t="H" l="H"/>
		<a id="17" s="H" t="H" l="H"/>
		<a id="18" s="H" t="H" l="H"/>
		<a id="19" s="H" t="H" l="H"/>
		<a id="20" s="H" t="H" l="H"/>
		<a id="21" s="H" t="H" l="H"/>
		<a id="22" s="H" t="H" l="H"/>
		<a id="23" s="H" t="H" l="H"/>
		<a id="24" s="H" t="H" l="H"/>
		<a id="25" s="H" t="H" l="H"/>
		<a id="26" s="H" t="H" l="H"/>
	</atoms>
	<bonds>
		<b id="1" c="1 2" t="1"/>
		<b id="2" c="3 2" t="1"/>
		<b id="3" c="4 2" t="1"/>
		<b id="4" c="2 5" t="1"/>
		<b id="5" c="5 6" t="1"/>
		<b id="6" c="7 6" t="1"/>
		<b id="7" c="8 6" t="1"/>
		<b id="8" c="6 9" t="1"/>
		<b id="9" c="10 9" t="1"/>
		<b id="10" c="11 9" t="1"/>
		<b id="11" c="9 12" t="1"/>
		<b id="12" c="13 12" t="1"/>
		<b id="13" c="12 14" t="1"/>
		<b id="14" c="1 15" t="1"/>
		<b id="15" c="1 16" t="1"/>
		<b id="16" c="1 17" t="1"/>
		<b id="17" c="3 18" t="1"/>
		<b id="18" c="3 19" t="1"/>
		<b id="19" c="3 20" t="1"/>
		<b id="20" c="4 21" t="1"/>
		<b id="21" c="4 22" t="1"/>
		<b id="22" c="4 23" t="1"/>
		<b id="23" c="5 24" t="1"/>
		<b id="24" c="5 25" t="1"/>
		<b id="25" c="12 26" t="1"/>
	</bonds>
	<geometry>
		<g u="A" t="cart/3d">#26,3:-1.5001,1.0667,-0.5891;-1.2894,-0.1761,0.2690;-2.5166,-0.3034,1.1875;-1.2386,-1.4136,-0.6160;-0.0521,-0.0508,1.1759;1.3116,-0.3395,0.5390;2.0384,-0.3485,1.3629;1.3399,-1.3514,0.1193;1.7950,0.6675,-0.5014;1.2599,0.5242,-1.4436;1.6083,1.6904,-0.1565;3.2817,0.5016,-0.7861;3.5007,-0.5072,-1.1507;3.8769,0.6790,0.1154;-1.4686,1.9479,0.0580;-0.7267,1.1179,-1.3535;-2.4779,0.9890,-1.0753;-3.4146,-0.3611,0.5648;-2.5537,0.5784,1.8342;-2.4113,-1.2157,1.7825;-0.4439,-1.2889,-1.3557;-2.2015,-1.5142,-1.1264;-1.0500,-2.2846,0.0182;-0.0754,0.9512,1.6206;-0.1950,-0.7755,1.9874;3.6029,1.2167,-1.5499;</g>
	</geometry>
	<conformers/>
	<properties/>
</molecule>
