<?xml version="1.0" ?>
<!--MOLLI PACKAGE EXPERIMENTAL XML FORMAT-->
<molecule name="react_287_c1_frag_0">
	<atoms>
		<a id="1" s="C" t="C.3" l="C"/>
		<a id="2" s="N" t="N.4" l="N"/>
		<a id="3" s="C" t="C.3" l="C"/>
		<a id="4" s="C" t="C.3" l="C"/>
		<a id="5" s="C" t="C.3" l="C"/>
		<a id="6" s="C" t="C.2" l="C"/>
		<a id="7" s="O" t="O.2" l="O"/>
		<a id="8" s="C" t="C.3" l="C"/>
		<a id="9" s="H" t="H" l="H"/>
		<a id="10" s="H" t="H" l="H"/>
		<a id="11" s="C" t="C.3" l="C"/>
		<a id="12" s="H" t="H" l="H"/>
		<a id="13" s="H" t="H" l="H"/>
		<a id="14" s="C" t="C.3" l="C"/>
		<a id="15" s="H" t="H" l="H"/>
		<a id="16" s="H" t="H" l="H"/>
		<a id="17" s="H" t="H" l="H"/>
		<a id="18" s="H" t="H" l="H"/>
		<a id="19" s="H" t="H" l="H"/>
		<a id="20" s="H" t="H" l="H"/>
		<a id="21" s="H" t="H" l="H"/>
		<a id="22" s="H" t="H" l="H"/>
		<a id="23" s="H" t="H" l="H"/>
		<a id="24" s="H" t="H" l="H"/>
		<a id="25" s="H" t="H" l="H"/>
		<a id="26" s="H" t="H" l="H"/>
		<a id="27" s="H" t="H" l="H"/>
		<a id="28" s="H" t="H" l="H"/>
	</atoms>
	<bonds>
		<b id="1" c="1 2" t="1"/>
		<b id="2" c="3 2" t="1"/>
		<b id="3" c="4 2" t="1"/>
		<b id="4" c="2 5" t="1"/>
		<b id="5" c="5 6" t="1"/>
		<b id="6" c="6 7" t="2"/>
		<b id="7" c="6 8" t="1"/>
		<b id="8" c="9 8" t="1"/>
		<b id="9" c="10 8" t="1"/>
		<b id="10" c="8 11" t="1"/>
		<b id="11" c="12 11" t="1"/>
		<b id="12" c="13 11" t="1"/>
		<b id="13" c="11 14" t="1"/>
		<b id="14" c="15 14" t="1"/>
		<b id="15" c="14 16" t="1"/>
		<b id="16" c="1 17" t="1"/>
		<b id="17" c="1 18" t="1"/>
		<b id="18" c="1 19" t="1"/>
		<b id="19" c="3 20" t="1"/>
		<b id="20" c="3 21" t="1"/>
		<b id="21" c="3 22" t="1"/>
		<b id="22" c="4 23" t="1"/>
		<b id="23" c="4 24" t="1"/>
		<b id="24" c="4 25" t="1"/>
		<b id="25" c="5 26" t="1"/>
		<b id="26" c="5 27" t="1"/>
		<b id="27" c="14 28" t="1"/>
	</bonds>
	<geometry>
		<g u="A" t="cart/3d">#28,3:-2.8338,-0.0865,1.6604;-1.9888,-0.1810,0.3955;-2.1707,-1.5674,-0.2154;-2.4689,0.8738,-0.5970;-0.4957,0.0619,0.7831;0.5380,0.0120,-0.3434;0.2231,-0.2090,-1.5114;1.9775,0.2543,0.0819;2.2395,-0.5041,0.8279;2.0264,1.2414,0.5550;2.9530,0.1903,-1.0895;2.8903,-0.7907,-1.5754;2.6794,0.9362,-1.8454;4.3833,0.4356,-0.6376;5.0648,0.3852,-1.4925;4.4857,1.4244,-0.1793;-3.8816,-0.2559,1.3950;-2.4905,-0.8512,2.3634;-2.7058,0.9124,2.0877;-1.7532,-2.3048,0.4762;-1.6671,-1.6156,-1.1819;-3.2424,-1.7417,-0.3537;-3.5456,0.7415,-0.7418;-2.2620,1.8615,-0.1751;-1.9555,0.7460,-1.5511;-0.2416,-0.7049,1.5231;-0.4563,1.0529,1.2483;4.6983,-0.3164,0.0928;</g>
	</geometry>
	<conformers/>
	<properties/>
</molecule>
