<?xml version="1.0" ?>
<!--MOLLI PACKAGE EXPERIMENTAL XML FORMAT-->
<molecule name="react_287_c2_frag_1">
	<atoms>
		<a id="1" s="C" t="C.3" l="C"/>
		<a id="2" s="N" t="N.4" l="N"/>
		<a id="3" s="C" t="C.3" l="C"/>
		<a id="4" s="C" t="C.3" l="C"/>
		<a id="5" s="C" t="C.3" l="C"/>
		<a id="6" s="C" t="C.3" l="C"/>
		<a id="7" s="H" t="H" l="H"/>
		<a id="8" s="H" t="H" l="H"/>
		<a id="9" s="C" t="C.3" l="C"/>
		<a id="10" s="H" t="H" l="H"/>
		<a id="11" s="H" t="H" l="H"/>
		<a id="12" s="C" t="C.3" l="C"/>
		<a id="13" s="H" t="H" l="H"/>
		<a id="14" s="H" t="H" l="H"/>
		<a id="15" s="C" t="C.2" l="C"/>
		<a id="16" s="O" t="O.2" l="O"/>
		<a id="17" s="H" t="H" l="H"/>
		<a id="18" s="H" t="H" l="H"/>
		<a id="19" s="H" t="H" l="H"/>
		<a id="20" s="H" t="H" l="H"/>
		<a id="21" s="H" t="H" l="H"/>
		<a id="22" s="H" t="H" l="H"/>
		<a id="23" s="H" t="H" l="H"/>
		<a id="24" s="H" t="H" l="H"/>
		<a id="25" s="H" t="H" l="H"/>
		<a id="26" s="H" t="H" l="H"/>
		<a id="27" s="H" t="H" l="H"/>
		<a id="28" s="H" t="H" l="H"/>
	</atoms>
	<bonds>
		<b id="1" c="1 2" t="1"/>
		<b id="2" c="3 2" t="1"/>
		<b id="3" c="4 2" t="1"/>
		<b id="4" c="2 5" t="1"/>
		<b id="5" c="5 6" t="1"/>
		<b id="6" c="7 6" t="1"/>
		<b id="7" c="8 6" t="1"/>
		<b id="8" c="6 9" t="1"/>
		<b id="9" c="10 9" t="1"/>
		<b id="10" c="11 9" t="1"/>
		<b id="11" c="9 12" t="1"/>
		<b id="12" c="13 12" t="1"/>
		<b id="13" c="14 12" t="1"/>
		<b id="14" c="12 15" t="1"/>
		<b id="15" c="15 16" t="2"/>
		<b id="16" c="1 17" t="1"/>
		<b id="17" c="1 18" t="1"/>
		<b id="18" c="1 19" t="1"/>
		<b id="19" c="3 20" t="1"/>
		<b id="20" c="3 21" t="1"/>
		<b id="21" c="3 22" t="1"/>
		<b id="22" c="4 23" t="1"/>
		<b id="23" c="4 24" t="1"/>
		<b id="24" c="4 25" t="1"/>
		<b id="25" c="5 26" t="1"/>
		<b id="26" c="5 27" t="1"/>
		<b id="27" c="15 28" t="1"/>
	</bonds>
	<geometry>
		<g u="A" t="cart/3d">#28,3:-2.1197,-0.5645,1.0849;-1.7805,0.4703,0.0191;-2.4938,1.7790,0.3819;-2.3041,0.0055,-1.3342;-0.2701,0.7634,-0.0270;0.5880,-0.4550,-0.3795;0.4448,-1.2556,0.3534;0.3140,-0.8513,-1.3625;2.0682,-0.0650,-0.4004;2.3532,0.3391,0.5795;2.2230,0.7416,-1.1286;2.9743,-1.2450,-0.7475;2.7268,-1.6423,-1.7374;2.8583,-2.0487,-0.0130;4.4304,-0.8425,-0.7637;4.8231,0.2949,-0.5256;-3.2089,-0.6329,1.1658;-1.7132,-1.5327,0.7825;-1.6853,-0.2393,2.0346;-2.2640,2.5222,-0.3875;-3.5708,1.5897,0.4194;-2.1308,2.1106,1.3593;-2.0000,0.7330,-2.0921;-3.3954,-0.0567,-1.2796;-1.8914,-0.9819,-1.5550;0.0065,1.1531,0.9603;-0.1252,1.5600,-0.7668;5.1426,-1.6494,-1.0081;</g>
	</geometry>
	<conformers/>
	<properties/>
</molecule>
