<?xml version="1.0" ?>
<!--MOLLI PACKAGE EXPERIMENTAL XML FORMAT-->
<molecule name="react_60_c2_frag_0">
	<atoms>
		<a id="1" s="C" t="C.3" l="C"/>
		<a id="2" s="N" t="N.4" l="N"/>
		<a id="3" s="C" t="C.3" l="C"/>
		<a id="4" s="C" t="C.3" l="C"/>
		<a id="5" s="C" t="C.3" l="C"/>
		<a id="6" s="C" t="C.3" l="C"/>
		<a id="7" s="H" t="H" l="H"/>
		<a id="8" s="H" t="H" l="H"/>
		<a id="9" s="C" t="C.3" l="C"/>
		<a id="10" s="H" t="H" l="H"/>
		<a id="11" s="H" t="H" l="H"/>
		<a id="12" s="H" t="H" l="H"/>
		<a id="13" s="H" t="H" l="H"/>
		<a id="14" s="H" t="H" l="H"/>
		<a id="15" s="H" t="H" l="H"/>
		<a id="16" s="H" t="H" l="H"/>
		<a id="17" s="H" t="H" l="H"/>
		<a id="18" s="H" t="H" l="H"/>
		<a id="19" s="H" t="H" l="H"/>
		<a id="20" s="H" t="H" l="H"/>
		<a id="21" s="H" t="H" l="H"/>
		<a id="22" s="H" t="H" l="H"/>
		<a id="23" s="H" t="H" l="H"/>
	</atoms>
	<bonds>
		<b id="1" c="1 2" t="1"/>
		<b id="2" c="3 2" t="1"/>
		<b id="3" c="4 2" t="1"/>
		<b id="4" c="2 5" t="1"/>
		<b id="5" c="5 6" t="1"/>
		<b id="6" c="7 6" t="1"/>
		<b id="7" c="8 6" t="1"/>
		<b id="8" c="6 9" t="1"/>
		<b id="9" c="10 9" t="1"/>
		<b id="10" c="11 9" t="1"/>
		<b id="11" c="9 12" t="1"/>
		<b id="12" c="1 13" t="1"/>
		<b id="13" c="1 14" t="1"/>
		<b id="14" c="1 15" t="1"/>
		<b id="15" c="3 16" t="1"/>
		<b id="16" c="3 17" t="1"/>
		<b id="17" c="3 18" t="1"/>
		<b id="18" c="4 19" t="1"/>
		<b id="19" c="4 20" t="1"/>
		<b id="20" c="4 21" t="1"/>
		<b id="21" c="5 22" t="1"/>
		<b id="22" c="5 23" t="1"/>
	</bonds>
	<geometry>
		<g u="A" t="cart/3d">#23,3:-2.0636,0.7291,-0.5925;-0.9284,-0.0782,0.0468;-1.0874,-0.0043,1.5610;-1.0587,-1.5261,-0.4115;0.4031,0.5437,-0.4136;1.6384,-0.1599,0.1472;1.6424,-0.1317,1.2412;1.6627,-1.2107,-0.1575;2.9116,0.5106,-0.3515;3.7916,0.0015,0.0540;2.9719,0.4746,-1.4440;2.9514,1.5589,-0.0386;-3.0186,0.2995,-0.2750;-1.9818,1.7667,-0.2555;-1.9610,0.6677,-1.6800;-0.3565,-0.6685,2.0286;-0.9303,1.0313,1.8756;-2.0991,-0.3330,1.8183;-0.3288,-2.1366,0.1257;-0.8813,-1.5653,-1.4900;-2.0700,-1.8726,-0.1774;0.4065,0.5083,-1.5098;0.3860,1.5950,-0.1012;</g>
	</geometry>
	<conformers/>
	<properties/>
</molecule>
