<?xml version="1.0" ?>
<!--MOLLI PACKAGE EXPERIMENTAL XML FORMAT-->
<molecule name="react_290_c2_frag_1">
	<atoms>
		<a id="1" s="C" t="C.3" l="C"/>
		<a id="2" s="N" t="N.4" l="N"/>
		<a id="3" s="C" t="C.3" l="C"/>
		<a id="4" s="C" t="C.3" l="C"/>
		<a id="5" s="C" t="C.3" l="C"/>
		<a id="6" s="C" t="C.3" l="C"/>
		<a id="7" s="H" t="H" l="H"/>
		<a id="8" s="H" t="H" l="H"/>
		<a id="9" s="C" t="C.ar" l="C"/>
		<a id="10" s="C" t="C.ar" l="C"/>
		<a id="11" s="C" t="C.ar" l="C"/>
		<a id="12" s="H" t="H" l="H"/>
		<a id="13" s="C" t="C.ar" l="C"/>
		<a id="14" s="H" t="H" l="H"/>
		<a id="15" s="C" t="C.ar" l="C"/>
		<a id="16" s="H" t="H" l="H"/>
		<a id="17" s="C" t="C.ar" l="C"/>
		<a id="18" s="H" t="H" l="H"/>
		<a id="19" s="H" t="H" l="H"/>
		<a id="20" s="H" t="H" l="H"/>
		<a id="21" s="H" t="H" l="H"/>
		<a id="22" s="H" t="H" l="H"/>
		<a id="23" s="H" t="H" l="H"/>
		<a id="24" s="H" t="H" l="H"/>
		<a id="25" s="H" t="H" l="H"/>
		<a id="26" s="H" t="H" l="H"/>
		<a id="27" s="H" t="H" l="H"/>
		<a id="28" s="H" t="H" l="H"/>
		<a id="29" s="H" t="H" l="H"/>
		<a id="30" s="H" t="H" l="H"/>
	</atoms>
	<bonds>
		<b id="1" c="1 2" t="1"/>
		<b id="2" c="3 2" t="1"/>
		<b id="3" c="4 2" t="1"/>
		<b id="4" c="2 5" t="1"/>
		<b id="5" c="5 6" t="1"/>
		<b id="6" c="7 6" t="1"/>
		<b id="7" c="8 6" t="1"/>
		<b id="8" c="6 9" t="1"/>
		<b id="9" c="9 10" t="ar"/>
		<b id="10" c="10 11" t="ar"/>
		<b id="11" c="12 11" t="1"/>
		<b id="12" c="11 13" t="ar"/>
		<b id="13" c="14 13" t="1"/>
		<b id="14" c="13 15" t="ar"/>
		<b id="15" c="16 15" t="1"/>
		<b id="16" c="15 17" t="ar"/>
		<b id="17" c="17 18" t="1"/>
		<b id="18" c="17 9" t="ar"/>
		<b id="19" c="1 19" t="1"/>
		<b id="20" c="1 20" t="1"/>
		<b id="21" c="1 21" t="1"/>
		<b id="22" c="3 22" t="1"/>
		<b id="23" c="3 23" t="1"/>
		<b id="24" c="3 24" t="1"/>
		<b id="25" c="4 25" t="1"/>
		<b id="26" c="4 26" t="1"/>
		<b id="27" c="4 27" t="1"/>
		<b id="28" c="5 28" t="1"/>
		<b id="29" c="5 29" t="1"/>
		<b id="30" c="10 30" t="1"/>
	</bonds>
	<geometry>
		<g u="A" t="cart/3d">#30,3:-2.5086,-1.1032,-1.0305;-2.1416,0.0560,-0.1126;-2.4512,1.3783,-0.8031;-3.0054,-0.0397,1.1499;-0.6617,-0.0186,0.3284;0.3447,0.0639,-0.8260;0.2312,0.9989,-1.3856;0.1908,-0.7476,-1.5456;1.7556,-0.0171,-0.2983;2.3862,-1.2598,-0.1444;3.6801,-1.3347,0.3728;4.1696,-2.2999,0.4838;4.3535,-0.1725,0.7421;5.3641,-0.2323,1.1402;3.7357,1.0671,0.5930;4.2684,1.9726,0.8755;2.4419,1.1468,0.0762;1.9861,2.1281,-0.0364;-1.9792,-0.9862,-1.9792;-2.2239,-2.0378,-0.5388;-3.5884,-1.0762,-1.2060;-3.5304,1.4331,-0.9760;-2.1261,2.1940,-0.1511;-1.9238,1.4114,-1.7595;-2.7517,0.7980,1.8063;-4.0580,0.0116,0.8559;-2.7931,-0.9934,1.6421;-0.5461,-0.9628,0.8754;-0.5052,0.8043,1.0374;1.8864,-2.1823,-0.4315;</g>
	</geometry>
	<conformers/>
	<properties/>
</molecule>
