<?xml version="1.0" ?>
<!--MOLLI PACKAGE EXPERIMENTAL XML FORMAT-->
<molecule name="react_296_c1_frag_1">
	<atoms>
		<a id="1" s="C" t="C.3" l="C"/>
		<a id="2" s="N" t="N.4" l="N"/>
		<a id="3" s="C" t="C.3" l="C"/>
		<a id="4" s="C" t="C.3" l="C"/>
		<a id="5" s="C" t="C.3" l="C"/>
		<a id="6" s="C" t="C.3" l="C"/>
		<a id="7" s="H" t="H" l="H"/>
		<a id="8" s="H" t="H" l="H"/>
		<a id="9" s="C" t="C.3" l="C"/>
		<a id="10" s="H" t="H" l="H"/>
		<a id="11" s="H" t="H" l="H"/>
		<a id="12" s="C" t="C.ar" l="C"/>
		<a id="13" s="C" t="C.ar" l="C"/>
		<a id="14" s="C" t="C.ar" l="C"/>
		<a id="15" s="H" t="H" l="H"/>
		<a id="16" s="C" t="C.ar" l="C"/>
		<a id="17" s="H" t="H" l="H"/>
		<a id="18" s="C" t="C.ar" l="C"/>
		<a id="19" s="H" t="H" l="H"/>
		<a id="20" s="C" t="C.ar" l="C"/>
		<a id="21" s="H" t="H" l="H"/>
		<a id="22" s="H" t="H" l="H"/>
		<a id="23" s="H" t="H" l="H"/>
		<a id="24" s="H" t="H" l="H"/>
		<a id="25" s="H" t="H" l="H"/>
		<a id="26" s="H" t="H" l="H"/>
		<a id="27" s="H" t="H" l="H"/>
		<a id="28" s="H" t="H" l="H"/>
		<a id="29" s="H" t="H" l="H"/>
		<a id="30" s="H" t="H" l="H"/>
		<a id="31" s="H" t="H" l="H"/>
		<a id="32" s="H" t="H" l="H"/>
		<a id="33" s="H" t="H" l="H"/>
	</atoms>
	<bonds>
		<b id="1" c="1 2" t="1"/>
		<b id="2" c="3 2" t="1"/>
		<b id="3" c="4 2" t="1"/>
		<b id="4" c="2 5" t="1"/>
		<b id="5" c="5 6" t="1"/>
		<b id="6" c="7 6" t="1"/>
		<b id="7" c="8 6" t="1"/>
		<b id="8" c="6 9" t="1"/>
		<b id="9" c="10 9" t="1"/>
		<b id="10" c="11 9" t="1"/>
		<b id="11" c="9 12" t="1"/>
		<b id="12" c="12 13" t="ar"/>
		<b id="13" c="13 14" t="ar"/>
		<b id="14" c="15 14" t="1"/>
		<b id="15" c="14 16" t="ar"/>
		<b id="16" c="17 16" t="1"/>
		<b id="17" c="16 18" t="ar"/>
		<b id="18" c="19 18" t="1"/>
		<b id="19" c="18 20" t="ar"/>
		<b id="20" c="20 21" t="1"/>
		<b id="21" c="20 12" t="ar"/>
		<b id="22" c="1 22" t="1"/>
		<b id="23" c="1 23" t="1"/>
		<b id="24" c="1 24" t="1"/>
		<b id="25" c="3 25" t="1"/>
		<b id="26" c="3 26" t="1"/>
		<b id="27" c="3 27" t="1"/>
		<b id="28" c="4 28" t="1"/>
		<b id="29" c="4 29" t="1"/>
		<b id="30" c="4 30" t="1"/>
		<b id="31" c="5 31" t="1"/>
		<b id="32" c="5 32" t="1"/>
		<b id="33" c="13 33" t="1"/>
	</bonds>
	<geometry>
		<g u="A" t="cart/3d">#33,3:2.5385,1.6153,-0.8782;2.1852,0.5884,0.2040;1.9494,1.3401,1.5093;3.3639,-0.3621,0.3620;0.9101,-0.1497,-0.2562;0.4317,-1.2240,0.7244;0.2178,-0.7846,1.7042;1.2121,-1.9775,0.8737;-0.8195,-1.9513,0.2102;-1.0954,-2.7450,0.9160;-0.5866,-2.4561,-0.7358;-2.0024,-1.0335,0.0340;-2.6368,-0.4674,1.1488;-3.7156,0.4019,0.9827;-4.2120,0.8283,1.8516;-4.1732,0.7102,-0.2964;-5.0225,1.3776,-0.4243;-3.5578,0.1442,-1.4108;-3.9313,0.3704,-2.4071;-2.4786,-0.7258,-1.2480;-2.0273,-1.1695,-2.1329;1.6991,2.3090,-0.9843;2.7178,1.0806,-1.8157;3.4397,2.1525,-0.5676;1.8089,0.6166,2.3160;1.0629,1.9699,1.3919;2.8307,1.9546,1.7174;3.1762,-1.0244,1.2107;4.2634,0.2314,0.5526;3.4730,-0.9354,-0.5629;0.1479,0.6240,-0.4002;1.1401,-0.5977,-1.2304;-2.3098,-0.7110,2.1575;</g>
	</geometry>
	<conformers/>
	<properties/>
</molecule>
