<?xml version="1.0" ?>
<!--MOLLI PACKAGE EXPERIMENTAL XML FORMAT-->
<molecule name="react_297_c1_frag_1">
	<atoms>
		<a id="1" s="C" t="C.3" l="C"/>
		<a id="2" s="N" t="N.4" l="N"/>
		<a id="3" s="C" t="C.3" l="C"/>
		<a id="4" s="C" t="C.3" l="C"/>
		<a id="5" s="C" t="C.3" l="C"/>
		<a id="6" s="C" t="C.3" l="C"/>
		<a id="7" s="H" t="H" l="H"/>
		<a id="8" s="H" t="H" l="H"/>
		<a id="9" s="C" t="C.ar" l="C"/>
		<a id="10" s="C" t="C.ar" l="C"/>
		<a id="11" s="C" t="C.ar" l="C"/>
		<a id="12" s="H" t="H" l="H"/>
		<a id="13" s="C" t="C.ar" l="C"/>
		<a id="14" s="H" t="H" l="H"/>
		<a id="15" s="C" t="C.ar" l="C"/>
		<a id="16" s="H" t="H" l="H"/>
		<a id="17" s="C" t="C.ar" l="C"/>
		<a id="18" s="H" t="H" l="H"/>
		<a id="19" s="H" t="H" l="H"/>
		<a id="20" s="H" t="H" l="H"/>
		<a id="21" s="H" t="H" l="H"/>
		<a id="22" s="H" t="H" l="H"/>
		<a id="23" s="H" t="H" l="H"/>
		<a id="24" s="H" t="H" l="H"/>
		<a id="25" s="H" t="H" l="H"/>
		<a id="26" s="H" t="H" l="H"/>
		<a id="27" s="H" t="H" l="H"/>
		<a id="28" s="H" t="H" l="H"/>
		<a id="29" s="H" t="H" l="H"/>
		<a id="30" s="H" t="H" l="H"/>
	</atoms>
	<bonds>
		<b id="1" c="1 2" t="1"/>
		<b id="2" c="3 2" t="1"/>
		<b id="3" c="4 2" t="1"/>
		<b id="4" c="2 5" t="1"/>
		<b id="5" c="5 6" t="1"/>
		<b id="6" c="7 6" t="1"/>
		<b id="7" c="8 6" t="1"/>
		<b id="8" c="6 9" t="1"/>
		<b id="9" c="9 10" t="ar"/>
		<b id="10" c="10 11" t="ar"/>
		<b id="11" c="12 11" t="1"/>
		<b id="12" c="11 13" t="ar"/>
		<b id="13" c="14 13" t="1"/>
		<b id="14" c="13 15" t="ar"/>
		<b id="15" c="16 15" t="1"/>
		<b id="16" c="15 17" t="ar"/>
		<b id="17" c="17 18" t="1"/>
		<b id="18" c="17 9" t="ar"/>
		<b id="19" c="1 19" t="1"/>
		<b id="20" c="1 20" t="1"/>
		<b id="21" c="1 21" t="1"/>
		<b id="22" c="3 22" t="1"/>
		<b id="23" c="3 23" t="1"/>
		<b id="24" c="3 24" t="1"/>
		<b id="25" c="4 25" t="1"/>
		<b id="26" c="4 26" t="1"/>
		<b id="27" c="4 27" t="1"/>
		<b id="28" c="5 28" t="1"/>
		<b id="29" c="5 29" t="1"/>
		<b id="30" c="10 30" t="1"/>
	</bonds>
	<geometry>
		<g u="A" t="cart/3d">#30,3:-3.0544,-1.0385,0.2372;-2.1225,0.0688,-0.2673;-2.5404,1.3791,0.3878;-2.2818,0.1743,-1.7788;-0.6789,-0.3232,0.1229;0.3884,0.6886,-0.3123;0.3843,0.8272,-1.3990;0.2022,1.6752,0.1258;1.7584,0.2205,0.1115;2.5222,-0.5980,-0.7327;3.7763,-1.0551,-0.3260;4.3698,-1.6837,-0.9864;4.2770,-0.7017,0.9250;5.2572,-1.0545,1.2383;3.5260,0.1113,1.7710;3.9246,0.3910,2.7439;2.2714,0.5707,1.3685;1.7095,1.2101,2.0458;-2.9502,-1.1091,1.3240;-2.7635,-1.9790,-0.2401;-4.0825,-0.7770,-0.0309;-3.6036,1.5422,0.1863;-1.9553,2.1946,-0.0443;-2.3625,1.3005,1.4641;-1.9216,-0.7543,-2.2307;-3.3421,0.3238,-2.0046;-1.7055,1.0304,-2.1377;-0.4885,-1.3047,-0.3295;-0.6727,-0.4467,1.2134;2.1587,-0.8830,-1.7175;</g>
	</geometry>
	<conformers/>
	<properties/>
</molecule>
