<?xml version="1.0" ?>
<!--MOLLI PACKAGE EXPERIMENTAL XML FORMAT-->
<molecule name="react_297_c2_frag_1">
	<atoms>
		<a id="1" s="C" t="C.3" l="C"/>
		<a id="2" s="N" t="N.4" l="N"/>
		<a id="3" s="C" t="C.3" l="C"/>
		<a id="4" s="C" t="C.3" l="C"/>
		<a id="5" s="C" t="C.3" l="C"/>
		<a id="6" s="C" t="C.ar" l="C"/>
		<a id="7" s="C" t="C.ar" l="C"/>
		<a id="8" s="H" t="H" l="H"/>
		<a id="9" s="C" t="C.ar" l="C"/>
		<a id="10" s="H" t="H" l="H"/>
		<a id="11" s="C" t="C.ar" l="C"/>
		<a id="12" s="H" t="H" l="H"/>
		<a id="13" s="C" t="C.ar" l="C"/>
		<a id="14" s="H" t="H" l="H"/>
		<a id="15" s="C" t="C.ar" l="C"/>
		<a id="16" s="C" t="C.3" l="C"/>
		<a id="17" s="H" t="H" l="H"/>
		<a id="18" s="H" t="H" l="H"/>
		<a id="19" s="H" t="H" l="H"/>
		<a id="20" s="H" t="H" l="H"/>
		<a id="21" s="H" t="H" l="H"/>
		<a id="22" s="H" t="H" l="H"/>
		<a id="23" s="H" t="H" l="H"/>
		<a id="24" s="H" t="H" l="H"/>
		<a id="25" s="H" t="H" l="H"/>
		<a id="26" s="H" t="H" l="H"/>
		<a id="27" s="H" t="H" l="H"/>
		<a id="28" s="H" t="H" l="H"/>
		<a id="29" s="H" t="H" l="H"/>
		<a id="30" s="H" t="H" l="H"/>
	</atoms>
	<bonds>
		<b id="1" c="1 2" t="1"/>
		<b id="2" c="3 2" t="1"/>
		<b id="3" c="4 2" t="1"/>
		<b id="4" c="2 5" t="1"/>
		<b id="5" c="5 6" t="1"/>
		<b id="6" c="6 7" t="ar"/>
		<b id="7" c="8 7" t="1"/>
		<b id="8" c="7 9" t="ar"/>
		<b id="9" c="10 9" t="1"/>
		<b id="10" c="9 11" t="ar"/>
		<b id="11" c="12 11" t="1"/>
		<b id="12" c="11 13" t="ar"/>
		<b id="13" c="14 13" t="1"/>
		<b id="14" c="13 15" t="ar"/>
		<b id="15" c="15 16" t="1"/>
		<b id="16" c="17 16" t="1"/>
		<b id="17" c="16 18" t="1"/>
		<b id="18" c="15 6" t="ar"/>
		<b id="19" c="1 19" t="1"/>
		<b id="20" c="1 20" t="1"/>
		<b id="21" c="1 21" t="1"/>
		<b id="22" c="3 22" t="1"/>
		<b id="23" c="3 23" t="1"/>
		<b id="24" c="3 24" t="1"/>
		<b id="25" c="4 25" t="1"/>
		<b id="26" c="4 26" t="1"/>
		<b id="27" c="4 27" t="1"/>
		<b id="28" c="5 28" t="1"/>
		<b id="29" c="5 29" t="1"/>
		<b id="30" c="16 30" t="1"/>
	</bonds>
	<geometry>
		<g u="A" t="cart/3d">#30,3:-2.8254,-1.2575,0.2987;-1.6917,-0.2503,0.1246;-1.9914,0.9673,0.9852;-1.6392,0.1777,-1.3325;-0.3721,-0.9402,0.5508;0.8995,-0.1233,0.4617;1.2100,0.7545,1.5216;0.5715,0.8181,2.4009;2.3491,1.5578,1.4893;2.5725,2.2297,2.3154;3.2088,1.4923,0.4021;4.1008,2.1148,0.3726;2.9415,0.6084,-0.6408;3.6474,0.5593,-1.4699;1.8045,-0.2197,-0.6207;1.6246,-1.1837,-1.7639;0.8021,-0.8664,-2.4084;2.5255,-1.2403,-2.3850;-3.7629,-0.7848,-0.0099;-2.6161,-2.1289,-0.3289;-2.8736,-1.5460,1.3530;-1.2577,1.7481,0.7706;-2.9922,1.3314,0.7320;-1.9555,0.6681,2.0366;-0.8469,0.9197,-1.4603;-2.6051,0.6198,-1.5969;-1.4554,-0.7076,-1.9469;-0.2947,-1.8543,-0.0475;-0.5162,-1.2683,1.5890;1.4380,-2.1958,-1.3929;</g>
	</geometry>
	<conformers/>
	<properties/>
</molecule>
