<?xml version="1.0" ?>
<!--MOLLI PACKAGE EXPERIMENTAL XML FORMAT-->
<molecule name="react_326_c2_frag_0">
	<atoms>
		<a id="1" s="C" t="C.3" l="C"/>
		<a id="2" s="N" t="N.4" l="N"/>
		<a id="3" s="C" t="C.3" l="C"/>
		<a id="4" s="C" t="C.3" l="C"/>
		<a id="5" s="C" t="C.3" l="C"/>
		<a id="6" s="C" t="C.ar" l="C"/>
		<a id="7" s="C" t="C.ar" l="C"/>
		<a id="8" s="H" t="H" l="H"/>
		<a id="9" s="C" t="C.ar" l="C"/>
		<a id="10" s="C" t="C.3" l="C"/>
		<a id="11" s="H" t="H" l="H"/>
		<a id="12" s="H" t="H" l="H"/>
		<a id="13" s="H" t="H" l="H"/>
		<a id="14" s="C" t="C.ar" l="C"/>
		<a id="15" s="H" t="H" l="H"/>
		<a id="16" s="C" t="C.ar" l="C"/>
		<a id="17" s="C" t="C.3" l="C"/>
		<a id="18" s="H" t="H" l="H"/>
		<a id="19" s="H" t="H" l="H"/>
		<a id="20" s="H" t="H" l="H"/>
		<a id="21" s="C" t="C.ar" l="C"/>
		<a id="22" s="H" t="H" l="H"/>
		<a id="23" s="H" t="H" l="H"/>
		<a id="24" s="H" t="H" l="H"/>
		<a id="25" s="H" t="H" l="H"/>
		<a id="26" s="H" t="H" l="H"/>
		<a id="27" s="H" t="H" l="H"/>
		<a id="28" s="H" t="H" l="H"/>
		<a id="29" s="H" t="H" l="H"/>
		<a id="30" s="H" t="H" l="H"/>
		<a id="31" s="H" t="H" l="H"/>
		<a id="32" s="H" t="H" l="H"/>
		<a id="33" s="H" t="H" l="H"/>
	</atoms>
	<bonds>
		<b id="1" c="1 2" t="1"/>
		<b id="2" c="3 2" t="1"/>
		<b id="3" c="4 2" t="1"/>
		<b id="4" c="2 5" t="1"/>
		<b id="5" c="5 6" t="1"/>
		<b id="6" c="6 7" t="ar"/>
		<b id="7" c="8 7" t="1"/>
		<b id="8" c="7 9" t="ar"/>
		<b id="9" c="11 10" t="1"/>
		<b id="10" c="12 10" t="1"/>
		<b id="11" c="10 13" t="1"/>
		<b id="12" c="10 9" t="1"/>
		<b id="13" c="9 14" t="ar"/>
		<b id="14" c="15 14" t="1"/>
		<b id="15" c="14 16" t="ar"/>
		<b id="16" c="18 17" t="1"/>
		<b id="17" c="19 17" t="1"/>
		<b id="18" c="17 20" t="1"/>
		<b id="19" c="17 16" t="1"/>
		<b id="20" c="16 21" t="ar"/>
		<b id="21" c="21 22" t="1"/>
		<b id="22" c="21 6" t="ar"/>
		<b id="23" c="1 23" t="1"/>
		<b id="24" c="1 24" t="1"/>
		<b id="25" c="1 25" t="1"/>
		<b id="26" c="3 26" t="1"/>
		<b id="27" c="3 27" t="1"/>
		<b id="28" c="3 28" t="1"/>
		<b id="29" c="4 29" t="1"/>
		<b id="30" c="4 30" t="1"/>
		<b id="31" c="4 31" t="1"/>
		<b id="32" c="5 32" t="1"/>
		<b id="33" c="5 33" t="1"/>
	</bonds>
	<geometry>
		<g u="A" t="cart/3d">#33,3:-3.5079,-1.0937,0.5664;-2.2356,-0.4852,-0.0140;-1.9752,-1.1043,-1.3793;-2.4399,1.0138,-0.1772;-1.0758,-0.7837,0.9603;0.2847,-0.2637,0.5701;1.1583,-1.0523,-0.1959;0.8722,-2.0598,-0.4942;2.4164,-0.5702,-0.5763;3.3622,-1.4360,-1.3584;2.8131,-2.1213,-2.0126;3.9851,-2.0212,-0.6750;4.0108,-0.8275,-1.9974;2.8131,0.7056,-0.1604;3.8035,1.0743,-0.4270;1.9601,1.5094,0.6041;2.4201,2.8581,1.0788;1.5712,3.5391,1.2001;2.9360,2.7604,2.0389;3.1018,3.3155,0.3541;0.7051,1.0131,0.9763;0.0623,1.6315,1.6009;-3.3606,-2.1729,0.6700;-4.3371,-0.8877,-0.1172;-3.6977,-0.6364,1.5421;-1.7715,-2.1705,-1.2444;-1.1255,-0.5998,-1.8465;-2.8681,-0.9648,-1.9967;-1.5733,1.4410,-0.6882;-3.3376,1.1752,-0.7822;-2.5675,1.4573,0.8146;-1.0363,-1.8743,1.0801;-1.3666,-0.3690,1.9344;</g>
	</geometry>
	<conformers/>
	<properties/>
</molecule>
