<?xml version="1.0" ?>
<!--MOLLI PACKAGE EXPERIMENTAL XML FORMAT-->
<molecule name="react_2_c2_frag_0">
	<atoms>
		<a id="1" s="C" t="C.3" l="C"/>
		<a id="2" s="N" t="N.4" l="N"/>
		<a id="3" s="C" t="C.3" l="C"/>
		<a id="4" s="C" t="C.3" l="C"/>
		<a id="5" s="C" t="C.3" l="C"/>
		<a id="6" s="C" t="C.3" l="C"/>
		<a id="7" s="H" t="H" l="H"/>
		<a id="8" s="H" t="H" l="H"/>
		<a id="9" s="C" t="C.3" l="C"/>
		<a id="10" s="H" t="H" l="H"/>
		<a id="11" s="H" t="H" l="H"/>
		<a id="12" s="C" t="C.3" l="C"/>
		<a id="13" s="H" t="H" l="H"/>
		<a id="14" s="H" t="H" l="H"/>
		<a id="15" s="Br" t="Br" l="BR"/>
		<a id="16" s="H" t="H" l="H"/>
		<a id="17" s="H" t="H" l="H"/>
		<a id="18" s="H" t="H" l="H"/>
		<a id="19" s="H" t="H" l="H"/>
		<a id="20" s="H" t="H" l="H"/>
		<a id="21" s="H" t="H" l="H"/>
		<a id="22" s="H" t="H" l="H"/>
		<a id="23" s="H" t="H" l="H"/>
		<a id="24" s="H" t="H" l="H"/>
		<a id="25" s="H" t="H" l="H"/>
		<a id="26" s="H" t="H" l="H"/>
	</atoms>
	<bonds>
		<b id="1" c="1 2" t="1"/>
		<b id="2" c="3 2" t="1"/>
		<b id="3" c="4 2" t="1"/>
		<b id="4" c="2 5" t="1"/>
		<b id="5" c="5 6" t="1"/>
		<b id="6" c="7 6" t="1"/>
		<b id="7" c="8 6" t="1"/>
		<b id="8" c="6 9" t="1"/>
		<b id="9" c="10 9" t="1"/>
		<b id="10" c="11 9" t="1"/>
		<b id="11" c="9 12" t="1"/>
		<b id="12" c="13 12" t="1"/>
		<b id="13" c="14 12" t="1"/>
		<b id="14" c="12 15" t="1"/>
		<b id="15" c="1 16" t="1"/>
		<b id="16" c="1 17" t="1"/>
		<b id="17" c="1 18" t="1"/>
		<b id="18" c="3 19" t="1"/>
		<b id="19" c="3 20" t="1"/>
		<b id="20" c="3 21" t="1"/>
		<b id="21" c="4 22" t="1"/>
		<b id="22" c="4 23" t="1"/>
		<b id="23" c="4 24" t="1"/>
		<b id="24" c="5 25" t="1"/>
		<b id="25" c="5 26" t="1"/>
	</bonds>
	<geometry>
		<g u="A" t="cart/3d">#26,3:-1.9080,1.6081,-0.2425;-1.2307,0.2840,0.1418;-0.8622,0.3626,1.6144;-2.2443,-0.8381,-0.0680;-0.0065,0.1112,-0.7777;0.8870,-1.0953,-0.4692;1.3369,-1.4147,-1.4193;0.2881,-1.9484,-0.1359;2.0448,-0.8977,0.5256;1.6784,-0.6118,1.5149;2.4995,-1.8894,0.6553;3.1547,0.0340,0.0518;4.1133,-0.2521,0.4944;3.2555,0.0620,-1.0361;2.8482,1.8571,0.6626;-2.7998,1.7367,0.3783;-1.1995,2.4227,-0.0645;-2.1834,1.5599,-1.3003;-0.1001,1.1345,1.7427;-1.7609,0.6221,2.1829;-0.5005,-0.6156,1.9392;-3.1418,-0.6056,0.5136;-2.4857,-0.8941,-1.1333;-1.8139,-1.7791,0.2813;-0.4162,-0.0040,-1.7893;0.5471,1.0510,-0.7654;</g>
	</geometry>
	<conformers/>
	<properties/>
</molecule>
