<?xml version="1.0" ?>
<!--MOLLI PACKAGE EXPERIMENTAL XML FORMAT-->
<molecule name="react_328_c2_frag_0">
	<atoms>
		<a id="1" s="C" t="C.3" l="C"/>
		<a id="2" s="N" t="N.4" l="N"/>
		<a id="3" s="C" t="C.3" l="C"/>
		<a id="4" s="C" t="C.3" l="C"/>
		<a id="5" s="C" t="C.3" l="C"/>
		<a id="6" s="C" t="C.ar" l="C"/>
		<a id="7" s="C" t="C.ar" l="C"/>
		<a id="8" s="H" t="H" l="H"/>
		<a id="9" s="C" t="C.ar" l="C"/>
		<a id="10" s="C" t="C.ar" l="C"/>
		<a id="11" s="H" t="H" l="H"/>
		<a id="12" s="C" t="C.ar" l="C"/>
		<a id="13" s="H" t="H" l="H"/>
		<a id="14" s="C" t="C.ar" l="C"/>
		<a id="15" s="H" t="H" l="H"/>
		<a id="16" s="C" t="C.ar" l="C"/>
		<a id="17" s="H" t="H" l="H"/>
		<a id="18" s="C" t="C.ar" l="C"/>
		<a id="19" s="C" t="C.ar" l="C"/>
		<a id="20" s="C" t="C.ar" l="C"/>
		<a id="21" s="H" t="H" l="H"/>
		<a id="22" s="C" t="C.ar" l="C"/>
		<a id="23" s="H" t="H" l="H"/>
		<a id="24" s="C" t="C.ar" l="C"/>
		<a id="25" s="H" t="H" l="H"/>
		<a id="26" s="C" t="C.ar" l="C"/>
		<a id="27" s="H" t="H" l="H"/>
		<a id="28" s="C" t="C.ar" l="C"/>
		<a id="29" s="H" t="H" l="H"/>
		<a id="30" s="H" t="H" l="H"/>
		<a id="31" s="H" t="H" l="H"/>
		<a id="32" s="H" t="H" l="H"/>
		<a id="33" s="H" t="H" l="H"/>
		<a id="34" s="H" t="H" l="H"/>
		<a id="35" s="H" t="H" l="H"/>
		<a id="36" s="H" t="H" l="H"/>
		<a id="37" s="H" t="H" l="H"/>
		<a id="38" s="H" t="H" l="H"/>
		<a id="39" s="H" t="H" l="H"/>
	</atoms>
	<bonds>
		<b id="1" c="1 2" t="1"/>
		<b id="2" c="3 2" t="1"/>
		<b id="3" c="4 2" t="1"/>
		<b id="4" c="2 5" t="1"/>
		<b id="5" c="5 6" t="1"/>
		<b id="6" c="6 7" t="ar"/>
		<b id="7" c="8 7" t="1"/>
		<b id="8" c="7 9" t="ar"/>
		<b id="9" c="9 10" t="ar"/>
		<b id="10" c="11 10" t="1"/>
		<b id="11" c="10 12" t="ar"/>
		<b id="12" c="13 12" t="1"/>
		<b id="13" c="12 14" t="ar"/>
		<b id="14" c="15 14" t="1"/>
		<b id="15" c="14 16" t="ar"/>
		<b id="16" c="17 16" t="1"/>
		<b id="17" c="16 18" t="ar"/>
		<b id="18" c="18 19" t="ar"/>
		<b id="19" c="19 20" t="ar"/>
		<b id="20" c="21 20" t="1"/>
		<b id="21" c="20 22" t="ar"/>
		<b id="22" c="23 22" t="1"/>
		<b id="23" c="22 24" t="ar"/>
		<b id="24" c="25 24" t="1"/>
		<b id="25" c="24 26" t="ar"/>
		<b id="26" c="27 26" t="1"/>
		<b id="27" c="26 28" t="ar"/>
		<b id="28" c="28 6" t="ar"/>
		<b id="29" c="18 9" t="ar"/>
		<b id="30" c="28 19" t="ar"/>
		<b id="31" c="1 29" t="1"/>
		<b id="32" c="1 30" t="1"/>
		<b id="33" c="1 31" t="1"/>
		<b id="34" c="3 32" t="1"/>
		<b id="35" c="3 33" t="1"/>
		<b id="36" c="3 34" t="1"/>
		<b id="37" c="4 35" t="1"/>
		<b id="38" c="4 36" t="1"/>
		<b id="39" c="4 37" t="1"/>
		<b id="40" c="5 38" t="1"/>
		<b id="41" c="5 39" t="1"/>
	</bonds>
	<geometry>
		<g u="A" t="cart/3d">#39,3:-4.0954,-0.8782,0.1084;-2.7310,-0.2752,-0.2141;-2.8474,1.2421,-0.1639;-2.3374,-0.6870,-1.6261;-1.7156,-0.7990,0.8346;-0.2793,-0.3366,0.6915;0.0617,0.8847,1.3003;-0.6846,1.4190,1.8884;1.3322,1.4467,1.1773;1.6027,2.6804,1.7969;0.8390,3.1921,2.3795;2.8524,3.2815,1.6871;3.0497,4.2340,2.1725;3.8462,2.6536,0.9559;4.8287,3.1111,0.8636;3.5872,1.4246,0.3413;4.4103,0.9806,-0.2120;2.3264,0.7763,0.4306;2.0153,-0.4956,-0.1700;2.9702,-1.2345,-0.9146;3.9782,-0.8564,-1.0664;2.6906,-2.4778,-1.4801;3.4607,-3.0090,-2.0349;1.4394,-3.0348,-1.3127;1.2205,-4.0143,-1.7314;0.4698,-2.3386,-0.5928;-0.4824,-2.8466,-0.4784;0.7134,-1.0614,-0.0224;-4.8204,-0.5154,-0.6265;-4.0145,-1.9680,0.0551;-4.3840,-0.5630,1.1156;-1.9093,1.6851,-0.5073;-3.6605,1.5484,-0.8297;-3.0709,1.5399,0.8645;-2.2674,-1.7770,-1.6637;-3.1156,-0.3411,-2.3139;-1.3853,-0.2174,-1.8851;-1.7921,-1.8910,0.8360;-2.1013,-0.4821,1.8135;</g>
	</geometry>
	<conformers/>
	<properties/>
</molecule>
