<?xml version="1.0" ?>
<!--MOLLI PACKAGE EXPERIMENTAL XML FORMAT-->
<molecule name="react_329_c2_frag_0">
	<atoms>
		<a id="1" s="C" t="C.3" l="C"/>
		<a id="2" s="N" t="N.4" l="N"/>
		<a id="3" s="C" t="C.3" l="C"/>
		<a id="4" s="C" t="C.3" l="C"/>
		<a id="5" s="C" t="C.3" l="C"/>
		<a id="6" s="C" t="C.ar" l="C"/>
		<a id="7" s="C" t="C.ar" l="C"/>
		<a id="8" s="H" t="H" l="H"/>
		<a id="9" s="C" t="C.ar" l="C"/>
		<a id="10" s="H" t="H" l="H"/>
		<a id="11" s="C" t="C.ar" l="C"/>
		<a id="12" s="H" t="H" l="H"/>
		<a id="13" s="C" t="C.ar" l="C"/>
		<a id="14" s="H" t="H" l="H"/>
		<a id="15" s="C" t="C.ar" l="C"/>
		<a id="16" s="H" t="H" l="H"/>
		<a id="17" s="H" t="H" l="H"/>
		<a id="18" s="H" t="H" l="H"/>
		<a id="19" s="H" t="H" l="H"/>
		<a id="20" s="H" t="H" l="H"/>
		<a id="21" s="H" t="H" l="H"/>
		<a id="22" s="H" t="H" l="H"/>
		<a id="23" s="H" t="H" l="H"/>
		<a id="24" s="H" t="H" l="H"/>
		<a id="25" s="H" t="H" l="H"/>
		<a id="26" s="H" t="H" l="H"/>
		<a id="27" s="H" t="H" l="H"/>
	</atoms>
	<bonds>
		<b id="1" c="1 2" t="1"/>
		<b id="2" c="3 2" t="1"/>
		<b id="3" c="4 2" t="1"/>
		<b id="4" c="2 5" t="1"/>
		<b id="5" c="5 6" t="1"/>
		<b id="6" c="6 7" t="ar"/>
		<b id="7" c="8 7" t="1"/>
		<b id="8" c="7 9" t="ar"/>
		<b id="9" c="10 9" t="1"/>
		<b id="10" c="9 11" t="ar"/>
		<b id="11" c="12 11" t="1"/>
		<b id="12" c="11 13" t="ar"/>
		<b id="13" c="14 13" t="1"/>
		<b id="14" c="13 15" t="ar"/>
		<b id="15" c="15 16" t="1"/>
		<b id="16" c="15 6" t="ar"/>
		<b id="17" c="1 17" t="1"/>
		<b id="18" c="1 18" t="1"/>
		<b id="19" c="1 19" t="1"/>
		<b id="20" c="3 20" t="1"/>
		<b id="21" c="3 21" t="1"/>
		<b id="22" c="3 22" t="1"/>
		<b id="23" c="4 23" t="1"/>
		<b id="24" c="4 24" t="1"/>
		<b id="25" c="4 25" t="1"/>
		<b id="26" c="5 26" t="1"/>
		<b id="27" c="5 27" t="1"/>
	</bonds>
	<geometry>
		<g u="A" t="cart/3d">#27,3:-1.5557,1.2984,0.6308;-1.5645,-0.1177,0.0742;-1.5523,-0.0563,-1.4461;-2.8441,-0.8144,0.5265;-0.3650,-0.9305,0.6063;1.0092,-0.4094,0.2687;1.6623,0.4940,1.1227;1.2020,0.8211,2.0531;2.9298,0.9833,0.8032;3.4332,1.6798,1.4711;3.5623,0.5721,-0.3673;4.5534,0.9492,-0.6116;2.9331,-0.3343,-1.2169;3.4391,-0.6640,-2.1223;1.6656,-0.8259,-0.9008;1.2080,-1.5461,-1.5762;-1.5061,1.2426,1.7222;-2.4788,1.7969,0.3190;-0.6949,1.8375,0.2272;-0.6916,0.5317,-1.7748;-2.4754,0.4287,-1.7788;-1.5003,-1.0774,-1.8349;-2.8521,-1.8275,0.1136;-2.8546,-0.8449,1.6201;-3.7017,-0.2458,0.1542;-0.4793,-1.9520,0.2205;-0.4817,-0.9893,1.6964;</g>
	</geometry>
	<conformers/>
	<properties/>
</molecule>
