<?xml version="1.0" ?>
<!--MOLLI PACKAGE EXPERIMENTAL XML FORMAT-->
<molecule name="react_329_c2_frag_1">
	<atoms>
		<a id="1" s="C" t="C.3" l="C"/>
		<a id="2" s="N" t="N.4" l="N"/>
		<a id="3" s="C" t="C.3" l="C"/>
		<a id="4" s="C" t="C.3" l="C"/>
		<a id="5" s="C" t="C.3" l="C"/>
		<a id="6" s="C" t="C.3" l="C"/>
		<a id="7" s="H" t="H" l="H"/>
		<a id="8" s="H" t="H" l="H"/>
		<a id="9" s="C" t="C.3" l="C"/>
		<a id="10" s="H" t="H" l="H"/>
		<a id="11" s="H" t="H" l="H"/>
		<a id="12" s="C" t="C.3" l="C"/>
		<a id="13" s="H" t="H" l="H"/>
		<a id="14" s="H" t="H" l="H"/>
		<a id="15" s="C" t="C.3" l="C"/>
		<a id="16" s="H" t="H" l="H"/>
		<a id="17" s="H" t="H" l="H"/>
		<a id="18" s="C" t="C.3" l="C"/>
		<a id="19" s="H" t="H" l="H"/>
		<a id="20" s="H" t="H" l="H"/>
		<a id="21" s="H" t="H" l="H"/>
		<a id="22" s="H" t="H" l="H"/>
		<a id="23" s="H" t="H" l="H"/>
		<a id="24" s="H" t="H" l="H"/>
		<a id="25" s="H" t="H" l="H"/>
		<a id="26" s="H" t="H" l="H"/>
		<a id="27" s="H" t="H" l="H"/>
		<a id="28" s="H" t="H" l="H"/>
		<a id="29" s="H" t="H" l="H"/>
		<a id="30" s="H" t="H" l="H"/>
		<a id="31" s="H" t="H" l="H"/>
		<a id="32" s="H" t="H" l="H"/>
	</atoms>
	<bonds>
		<b id="1" c="1 2" t="1"/>
		<b id="2" c="3 2" t="1"/>
		<b id="3" c="4 2" t="1"/>
		<b id="4" c="2 5" t="1"/>
		<b id="5" c="5 6" t="1"/>
		<b id="6" c="7 6" t="1"/>
		<b id="7" c="8 6" t="1"/>
		<b id="8" c="6 9" t="1"/>
		<b id="9" c="10 9" t="1"/>
		<b id="10" c="11 9" t="1"/>
		<b id="11" c="9 12" t="1"/>
		<b id="12" c="13 12" t="1"/>
		<b id="13" c="14 12" t="1"/>
		<b id="14" c="12 15" t="1"/>
		<b id="15" c="16 15" t="1"/>
		<b id="16" c="17 15" t="1"/>
		<b id="17" c="15 18" t="1"/>
		<b id="18" c="19 18" t="1"/>
		<b id="19" c="18 20" t="1"/>
		<b id="20" c="1 21" t="1"/>
		<b id="21" c="1 22" t="1"/>
		<b id="22" c="1 23" t="1"/>
		<b id="23" c="3 24" t="1"/>
		<b id="24" c="3 25" t="1"/>
		<b id="25" c="3 26" t="1"/>
		<b id="26" c="4 27" t="1"/>
		<b id="27" c="4 28" t="1"/>
		<b id="28" c="4 29" t="1"/>
		<b id="29" c="5 30" t="1"/>
		<b id="30" c="5 31" t="1"/>
		<b id="31" c="18 32" t="1"/>
	</bonds>
	<geometry>
		<g u="A" t="cart/3d">#32,3:-2.7400,1.2170,-0.5809;-2.4432,0.1111,0.4253;-2.9067,-1.2285,-0.1351;-3.2441,0.3981,1.7002;-0.9520,0.0793,0.8086;-0.0176,-0.1990,-0.3698;-0.1314,0.5679,-1.1429;-0.2504,-1.1664,-0.8266;1.4434,-0.2138,0.0950;1.6824,0.7516,0.5551;1.5755,-0.9838,0.8646;2.3942,-0.4875,-1.0727;2.2991,0.3079,-1.8220;2.0977,-1.4220,-1.5651;3.8577,-0.6170,-0.6453;3.9598,-1.4140,0.1003;4.4480,-0.9220,-1.5177;4.4453,0.6721,-0.0921;4.3278,1.4951,-0.8040;5.5149,0.5434,0.1031;-2.2702,0.9658,-1.5350;-2.3450,2.1581,-0.1877;-3.8245,1.2824,-0.7122;-2.6294,-2.0147,0.5729;-3.9932,-1.1928,-0.2609;-2.4311,-1.3926,-1.1051;-4.3079,0.4241,1.4452;-3.0444,-0.4007,2.4206;-2.9240,1.3655,2.0986;-0.8396,-0.6946,1.5776;-0.7207,1.0520,1.2594;3.9696,0.9581,0.8504;</g>
	</geometry>
	<conformers/>
	<properties/>
</molecule>
