<?xml version="1.0" ?>
<!--MOLLI PACKAGE EXPERIMENTAL XML FORMAT-->
<molecule name="react_330_c1_frag_0">
	<atoms>
		<a id="1" s="C" t="C.3" l="C"/>
		<a id="2" s="N" t="N.4" l="N"/>
		<a id="3" s="C" t="C.3" l="C"/>
		<a id="4" s="C" t="C.3" l="C"/>
		<a id="5" s="C" t="C.3" l="C"/>
		<a id="6" s="C" t="C.3" l="C"/>
		<a id="7" s="H" t="H" l="H"/>
		<a id="8" s="H" t="H" l="H"/>
		<a id="9" s="C" t="C.3" l="C"/>
		<a id="10" s="H" t="H" l="H"/>
		<a id="11" s="H" t="H" l="H"/>
		<a id="12" s="C" t="C.3" l="C"/>
		<a id="13" s="H" t="H" l="H"/>
		<a id="14" s="H" t="H" l="H"/>
		<a id="15" s="C" t="C.3" l="C"/>
		<a id="16" s="H" t="H" l="H"/>
		<a id="17" s="H" t="H" l="H"/>
		<a id="18" s="C" t="C.3" l="C"/>
		<a id="19" s="H" t="H" l="H"/>
		<a id="20" s="H" t="H" l="H"/>
		<a id="21" s="C" t="C.3" l="C"/>
		<a id="22" s="H" t="H" l="H"/>
		<a id="23" s="H" t="H" l="H"/>
		<a id="24" s="H" t="H" l="H"/>
		<a id="25" s="H" t="H" l="H"/>
		<a id="26" s="H" t="H" l="H"/>
		<a id="27" s="H" t="H" l="H"/>
		<a id="28" s="H" t="H" l="H"/>
		<a id="29" s="H" t="H" l="H"/>
		<a id="30" s="H" t="H" l="H"/>
		<a id="31" s="H" t="H" l="H"/>
		<a id="32" s="H" t="H" l="H"/>
		<a id="33" s="H" t="H" l="H"/>
		<a id="34" s="H" t="H" l="H"/>
		<a id="35" s="H" t="H" l="H"/>
	</atoms>
	<bonds>
		<b id="1" c="1 2" t="1"/>
		<b id="2" c="3 2" t="1"/>
		<b id="3" c="4 2" t="1"/>
		<b id="4" c="2 5" t="1"/>
		<b id="5" c="5 6" t="1"/>
		<b id="6" c="7 6" t="1"/>
		<b id="7" c="8 6" t="1"/>
		<b id="8" c="6 9" t="1"/>
		<b id="9" c="10 9" t="1"/>
		<b id="10" c="11 9" t="1"/>
		<b id="11" c="9 12" t="1"/>
		<b id="12" c="13 12" t="1"/>
		<b id="13" c="14 12" t="1"/>
		<b id="14" c="12 15" t="1"/>
		<b id="15" c="16 15" t="1"/>
		<b id="16" c="17 15" t="1"/>
		<b id="17" c="15 18" t="1"/>
		<b id="18" c="19 18" t="1"/>
		<b id="19" c="20 18" t="1"/>
		<b id="20" c="18 21" t="1"/>
		<b id="21" c="22 21" t="1"/>
		<b id="22" c="21 23" t="1"/>
		<b id="23" c="1 24" t="1"/>
		<b id="24" c="1 25" t="1"/>
		<b id="25" c="1 26" t="1"/>
		<b id="26" c="3 27" t="1"/>
		<b id="27" c="3 28" t="1"/>
		<b id="28" c="3 29" t="1"/>
		<b id="29" c="4 30" t="1"/>
		<b id="30" c="4 31" t="1"/>
		<b id="31" c="4 32" t="1"/>
		<b id="32" c="5 33" t="1"/>
		<b id="33" c="5 34" t="1"/>
		<b id="34" c="21 35" t="1"/>
	</bonds>
	<geometry>
		<g u="A" t="cart/3d">#35,3:-3.1677,0.3857,-1.3094;-2.9900,-0.3583,0.0091;-3.8022,-1.6562,-0.0619;-3.5428,0.4858,1.1516;-1.5179,-0.7419,0.2490;-0.5749,0.4584,0.3437;-0.6043,1.0469,-0.5791;-0.8710,1.1177,1.1661;0.8661,-0.0081,0.5822;1.1674,-0.6704,-0.2371;0.9136,-0.5925,1.5089;1.8255,1.1807,0.6755;1.4663,1.8703,1.4496;1.8196,1.7370,-0.2697;3.2610,0.7784,1.0256;3.2672,0.2231,1.9714;3.8405,1.6946,1.1945;3.9434,-0.0492,-0.0643;3.8947,0.4821,-1.0217;3.4280,-1.0066,-0.1950;5.3994,-0.3249,0.2792;5.9627,0.6083,0.3801;5.8686,-0.9206,-0.5100;-2.6919,1.3664,-1.2318;-4.2392,0.5115,-1.4931;-2.7102,-0.2076,-2.1062;-3.4174,-2.2595,-0.8895;-4.8525,-1.4013,-0.2324;-3.6882,-2.1872,0.8878;-3.3501,-0.0367,2.0929;-3.0538,1.4629,1.1414;-4.6188,0.6127,0.9978;-1.4904,-1.3248,1.1776;-1.2227,-1.3965,-0.5800;5.4821,-0.8802,1.2190;</g>
	</geometry>
	<conformers/>
	<properties/>
</molecule>
