<?xml version="1.0" ?>
<!--MOLLI PACKAGE EXPERIMENTAL XML FORMAT-->
<molecule name="react_330_c2_frag_1">
	<atoms>
		<a id="1" s="C" t="C.3" l="C"/>
		<a id="2" s="N" t="N.4" l="N"/>
		<a id="3" s="C" t="C.3" l="C"/>
		<a id="4" s="C" t="C.3" l="C"/>
		<a id="5" s="C" t="C.3" l="C"/>
		<a id="6" s="C" t="C.3" l="C"/>
		<a id="7" s="H" t="H" l="H"/>
		<a id="8" s="H" t="H" l="H"/>
		<a id="9" s="C" t="C.3" l="C"/>
		<a id="10" s="H" t="H" l="H"/>
		<a id="11" s="H" t="H" l="H"/>
		<a id="12" s="C" t="C.3" l="C"/>
		<a id="13" s="H" t="H" l="H"/>
		<a id="14" s="H" t="H" l="H"/>
		<a id="15" s="C" t="C.3" l="C"/>
		<a id="16" s="H" t="H" l="H"/>
		<a id="17" s="H" t="H" l="H"/>
		<a id="18" s="C" t="C.3" l="C"/>
		<a id="19" s="H" t="H" l="H"/>
		<a id="20" s="H" t="H" l="H"/>
		<a id="21" s="C" t="C.3" l="C"/>
		<a id="22" s="H" t="H" l="H"/>
		<a id="23" s="H" t="H" l="H"/>
		<a id="24" s="H" t="H" l="H"/>
		<a id="25" s="H" t="H" l="H"/>
		<a id="26" s="H" t="H" l="H"/>
		<a id="27" s="H" t="H" l="H"/>
		<a id="28" s="H" t="H" l="H"/>
		<a id="29" s="H" t="H" l="H"/>
		<a id="30" s="H" t="H" l="H"/>
		<a id="31" s="H" t="H" l="H"/>
		<a id="32" s="H" t="H" l="H"/>
		<a id="33" s="H" t="H" l="H"/>
		<a id="34" s="H" t="H" l="H"/>
		<a id="35" s="H" t="H" l="H"/>
	</atoms>
	<bonds>
		<b id="1" c="1 2" t="1"/>
		<b id="2" c="3 2" t="1"/>
		<b id="3" c="4 2" t="1"/>
		<b id="4" c="2 5" t="1"/>
		<b id="5" c="5 6" t="1"/>
		<b id="6" c="7 6" t="1"/>
		<b id="7" c="8 6" t="1"/>
		<b id="8" c="6 9" t="1"/>
		<b id="9" c="10 9" t="1"/>
		<b id="10" c="11 9" t="1"/>
		<b id="11" c="9 12" t="1"/>
		<b id="12" c="13 12" t="1"/>
		<b id="13" c="14 12" t="1"/>
		<b id="14" c="12 15" t="1"/>
		<b id="15" c="16 15" t="1"/>
		<b id="16" c="17 15" t="1"/>
		<b id="17" c="15 18" t="1"/>
		<b id="18" c="19 18" t="1"/>
		<b id="19" c="20 18" t="1"/>
		<b id="20" c="18 21" t="1"/>
		<b id="21" c="22 21" t="1"/>
		<b id="22" c="21 23" t="1"/>
		<b id="23" c="1 24" t="1"/>
		<b id="24" c="1 25" t="1"/>
		<b id="25" c="1 26" t="1"/>
		<b id="26" c="3 27" t="1"/>
		<b id="27" c="3 28" t="1"/>
		<b id="28" c="3 29" t="1"/>
		<b id="29" c="4 30" t="1"/>
		<b id="30" c="4 31" t="1"/>
		<b id="31" c="4 32" t="1"/>
		<b id="32" c="5 33" t="1"/>
		<b id="33" c="5 34" t="1"/>
		<b id="34" c="21 35" t="1"/>
	</bonds>
	<geometry>
		<g u="A" t="cart/3d">#35,3:-1.9817,1.6287,-0.7997;-2.3883,0.6036,0.2530;-3.2966,1.3007,1.2719;-3.1844,-0.5174,-0.4046;-1.1656,0.0589,1.0147;-0.1648,-0.6818,0.1256;-0.6379,-1.5481,-0.3483;0.1912,-0.0240,-0.6711;1.0283,-1.1687,0.9555;0.6559,-1.8130,1.7625;1.5220,-0.3241,1.4475;2.0455,-1.9725,0.1446;2.8134,-2.3505,0.8314;1.5436,-2.8586,-0.2648;2.7371,-1.2395,-1.0106;3.3762,-1.9800,-1.5101;2.0083,-0.9212,-1.7640;3.6349,-0.0725,-0.5886;4.0578,-0.2460,0.4072;4.4825,-0.0260,-1.2838;2.9411,1.2809,-0.6322;2.5263,1.4770,-1.6262;3.6590,2.0760,-0.4060;-1.4343,1.1219,-1.5982;-1.3575,2.3883,-0.3206;-2.8899,2.0820,-1.2088;-2.7325,2.1145,1.7372;-3.6024,0.5654,2.0220;-4.1716,1.6952,0.7464;-4.1069,-0.0926,-0.8123;-3.4132,-1.2710,0.3543;-2.5903,-0.9481,-1.2144;-0.6859,0.9187,1.4980;-1.5504,-0.6081,1.7955;2.1314,1.3520,0.0968;</g>
	</geometry>
	<conformers/>
	<properties/>
</molecule>
