<?xml version="1.0" ?>
<!--MOLLI PACKAGE EXPERIMENTAL XML FORMAT-->
<molecule name="react_397_c1_frag_0">
	<atoms>
		<a id="1" s="C" t="C.3" l="C"/>
		<a id="2" s="N" t="N.4" l="N"/>
		<a id="3" s="C" t="C.3" l="C"/>
		<a id="4" s="C" t="C.3" l="C"/>
		<a id="5" s="C" t="C.3" l="C"/>
		<a id="6" s="C" t="C.3" l="C"/>
		<a id="7" s="H" t="H" l="H"/>
		<a id="8" s="H" t="H" l="H"/>
		<a id="9" s="C" t="C.ar" l="C"/>
		<a id="10" s="C" t="C.ar" l="C"/>
		<a id="11" s="H" t="H" l="H"/>
		<a id="12" s="C" t="C.ar" l="C"/>
		<a id="13" s="H" t="H" l="H"/>
		<a id="14" s="C" t="C.ar" l="C"/>
		<a id="15" s="H" t="H" l="H"/>
		<a id="16" s="C" t="C.ar" l="C"/>
		<a id="17" s="O" t="O.3" l="O"/>
		<a id="18" s="C" t="C.3" l="C"/>
		<a id="19" s="H" t="H" l="H"/>
		<a id="20" s="H" t="H" l="H"/>
		<a id="21" s="H" t="H" l="H"/>
		<a id="22" s="C" t="C.ar" l="C"/>
		<a id="23" s="C" t="C.3" l="C"/>
		<a id="24" s="H" t="H" l="H"/>
		<a id="25" s="H" t="H" l="H"/>
		<a id="26" s="H" t="H" l="H"/>
		<a id="27" s="H" t="H" l="H"/>
		<a id="28" s="H" t="H" l="H"/>
		<a id="29" s="H" t="H" l="H"/>
		<a id="30" s="H" t="H" l="H"/>
		<a id="31" s="H" t="H" l="H"/>
		<a id="32" s="H" t="H" l="H"/>
		<a id="33" s="H" t="H" l="H"/>
		<a id="34" s="H" t="H" l="H"/>
		<a id="35" s="H" t="H" l="H"/>
		<a id="36" s="H" t="H" l="H"/>
		<a id="37" s="H" t="H" l="H"/>
	</atoms>
	<bonds>
		<b id="1" c="1 2" t="1"/>
		<b id="2" c="3 2" t="1"/>
		<b id="3" c="4 2" t="1"/>
		<b id="4" c="2 5" t="1"/>
		<b id="5" c="5 6" t="1"/>
		<b id="6" c="7 6" t="1"/>
		<b id="7" c="8 6" t="1"/>
		<b id="8" c="6 9" t="1"/>
		<b id="9" c="9 10" t="ar"/>
		<b id="10" c="11 10" t="1"/>
		<b id="11" c="10 12" t="ar"/>
		<b id="12" c="13 12" t="1"/>
		<b id="13" c="12 14" t="ar"/>
		<b id="14" c="15 14" t="1"/>
		<b id="15" c="14 16" t="ar"/>
		<b id="16" c="17 18" t="1"/>
		<b id="17" c="19 18" t="1"/>
		<b id="18" c="20 18" t="1"/>
		<b id="19" c="18 21" t="1"/>
		<b id="20" c="17 16" t="1"/>
		<b id="21" c="16 22" t="ar"/>
		<b id="22" c="22 23" t="1"/>
		<b id="23" c="24 23" t="1"/>
		<b id="24" c="23 25" t="1"/>
		<b id="25" c="22 9" t="ar"/>
		<b id="26" c="1 26" t="1"/>
		<b id="27" c="1 27" t="1"/>
		<b id="28" c="1 28" t="1"/>
		<b id="29" c="3 29" t="1"/>
		<b id="30" c="3 30" t="1"/>
		<b id="31" c="3 31" t="1"/>
		<b id="32" c="4 32" t="1"/>
		<b id="33" c="4 33" t="1"/>
		<b id="34" c="4 34" t="1"/>
		<b id="35" c="5 35" t="1"/>
		<b id="36" c="5 36" t="1"/>
		<b id="37" c="23 37" t="1"/>
	</bonds>
	<geometry>
		<g u="A" t="cart/3d">#37,3:-2.7123,2.1404,0.0299;-2.9021,0.6329,-0.0912;-3.6861,0.1137,1.1064;-3.7177,0.3545,-1.3585;-1.5457,-0.0936,-0.2406;-0.6205,0.0433,0.9760;-1.0727,-0.4305,1.8555;-0.4611,1.0878,1.2592;0.7145,-0.6167,0.7034;0.8620,-1.9730,1.0391;0.0475,-2.5278,1.5012;2.0610,-2.6376,0.8024;2.1671,-3.6864,1.0717;3.1358,-1.9593,0.2329;4.0556,-2.5135,0.0739;3.0191,-0.6096,-0.1087;4.0313,0.1363,-0.6561;5.3064,-0.4797,-0.7969;5.6985,-0.8048,0.1724;5.2644,-1.3107,-1.5084;5.9953,0.2686,-1.2004;1.7974,0.0710,0.1034;1.7065,1.5395,-0.2399;0.6992,1.8187,-0.5606;2.3622,1.8070,-1.0747;-2.2255,2.3626,0.9824;-2.0990,2.4812,-0.8090;-3.6977,2.6155,0.0013;-3.7595,-0.9746,1.0265;-4.6820,0.5670,1.0904;-3.1654,0.4018,2.0230;-4.6807,0.8666,-1.2720;-3.1594,0.7348,-2.2192;-3.8672,-0.7260,-1.4427;-1.7756,-1.1506,-0.4263;-1.0750,0.3103,-1.1452;1.9816,2.1408,0.6321;</g>
	</geometry>
	<conformers/>
	<properties/>
</molecule>
