<?xml version="1.0" ?>
<!--MOLLI PACKAGE EXPERIMENTAL XML FORMAT-->
<molecule name="react_398_c1_frag_0">
	<atoms>
		<a id="1" s="C" t="C.3" l="C"/>
		<a id="2" s="N" t="N.4" l="N"/>
		<a id="3" s="C" t="C.3" l="C"/>
		<a id="4" s="C" t="C.3" l="C"/>
		<a id="5" s="C" t="C.3" l="C"/>
		<a id="6" s="C" t="C.3" l="C"/>
		<a id="7" s="H" t="H" l="H"/>
		<a id="8" s="H" t="H" l="H"/>
		<a id="9" s="C" t="C.3" l="C"/>
		<a id="10" s="H" t="H" l="H"/>
		<a id="11" s="H" t="H" l="H"/>
		<a id="12" s="C" t="C.3" l="C"/>
		<a id="13" s="H" t="H" l="H"/>
		<a id="14" s="H" t="H" l="H"/>
		<a id="15" s="C" t="C.3" l="C"/>
		<a id="16" s="H" t="H" l="H"/>
		<a id="17" s="H" t="H" l="H"/>
		<a id="18" s="H" t="H" l="H"/>
		<a id="19" s="H" t="H" l="H"/>
		<a id="20" s="H" t="H" l="H"/>
		<a id="21" s="H" t="H" l="H"/>
		<a id="22" s="H" t="H" l="H"/>
		<a id="23" s="H" t="H" l="H"/>
		<a id="24" s="H" t="H" l="H"/>
		<a id="25" s="H" t="H" l="H"/>
		<a id="26" s="H" t="H" l="H"/>
		<a id="27" s="H" t="H" l="H"/>
		<a id="28" s="H" t="H" l="H"/>
		<a id="29" s="H" t="H" l="H"/>
	</atoms>
	<bonds>
		<b id="1" c="1 2" t="1"/>
		<b id="2" c="3 2" t="1"/>
		<b id="3" c="4 2" t="1"/>
		<b id="4" c="2 5" t="1"/>
		<b id="5" c="5 6" t="1"/>
		<b id="6" c="7 6" t="1"/>
		<b id="7" c="8 6" t="1"/>
		<b id="8" c="6 9" t="1"/>
		<b id="9" c="10 9" t="1"/>
		<b id="10" c="11 9" t="1"/>
		<b id="11" c="9 12" t="1"/>
		<b id="12" c="13 12" t="1"/>
		<b id="13" c="14 12" t="1"/>
		<b id="14" c="12 15" t="1"/>
		<b id="15" c="16 15" t="1"/>
		<b id="16" c="15 17" t="1"/>
		<b id="17" c="1 18" t="1"/>
		<b id="18" c="1 19" t="1"/>
		<b id="19" c="1 20" t="1"/>
		<b id="20" c="3 21" t="1"/>
		<b id="21" c="3 22" t="1"/>
		<b id="22" c="3 23" t="1"/>
		<b id="23" c="4 24" t="1"/>
		<b id="24" c="4 25" t="1"/>
		<b id="25" c="4 26" t="1"/>
		<b id="26" c="5 27" t="1"/>
		<b id="27" c="5 28" t="1"/>
		<b id="28" c="15 29" t="1"/>
	</bonds>
	<geometry>
		<g u="A" t="cart/3d">#29,3:-2.3258,1.0527,-1.1312;-1.6447,0.1492,-0.0942;-2.4886,0.1799,1.1778;-1.6149,-1.2649,-0.6503;-0.2331,0.7162,0.1565;0.6511,-0.1183,1.0903;0.0596,-0.6150,1.8650;1.3026,0.5777,1.6342;1.5535,-1.1645,0.4195;0.9476,-1.9581,-0.0271;2.1422,-1.6512,1.2082;2.5209,-0.6422,-0.6468;3.1312,-1.4845,-0.9954;1.9700,-0.2843,-1.5229;3.4515,0.4519,-0.1486;3.9958,0.1289,0.7443;4.1859,0.7008,-0.9213;-1.7449,1.0137,-2.0575;-3.3411,0.6827,-1.3031;-2.3533,2.0723,-0.7355;-2.4758,1.1975,1.5788;-3.5106,-0.1149,0.9202;-2.0751,-0.5262,1.9009;-1.2749,-1.9450,0.1342;-0.9433,-1.2843,-1.5131;-2.6302,-1.5403,-0.9527;0.2311,0.8659,-0.8227;-0.3883,1.7070,0.6014;2.9017,1.3668,0.0912;</g>
	</geometry>
	<conformers/>
	<properties/>
</molecule>
