<?xml version="1.0" ?>
<!--MOLLI PACKAGE EXPERIMENTAL XML FORMAT-->
<molecule name="react_398_c2_frag_0">
	<atoms>
		<a id="1" s="C" t="C.3" l="C"/>
		<a id="2" s="N" t="N.4" l="N"/>
		<a id="3" s="C" t="C.3" l="C"/>
		<a id="4" s="C" t="C.3" l="C"/>
		<a id="5" s="C" t="C.3" l="C"/>
		<a id="6" s="C" t="C.ar" l="C"/>
		<a id="7" s="C" t="C.ar" l="C"/>
		<a id="8" s="H" t="H" l="H"/>
		<a id="9" s="C" t="C.ar" l="C"/>
		<a id="10" s="H" t="H" l="H"/>
		<a id="11" s="C" t="C.ar" l="C"/>
		<a id="12" s="C" t="C.3" l="C"/>
		<a id="13" s="H" t="H" l="H"/>
		<a id="14" s="H" t="H" l="H"/>
		<a id="15" s="H" t="H" l="H"/>
		<a id="16" s="C" t="C.ar" l="C"/>
		<a id="17" s="H" t="H" l="H"/>
		<a id="18" s="C" t="C.ar" l="C"/>
		<a id="19" s="H" t="H" l="H"/>
		<a id="20" s="H" t="H" l="H"/>
		<a id="21" s="H" t="H" l="H"/>
		<a id="22" s="H" t="H" l="H"/>
		<a id="23" s="H" t="H" l="H"/>
		<a id="24" s="H" t="H" l="H"/>
		<a id="25" s="H" t="H" l="H"/>
		<a id="26" s="H" t="H" l="H"/>
		<a id="27" s="H" t="H" l="H"/>
		<a id="28" s="H" t="H" l="H"/>
		<a id="29" s="H" t="H" l="H"/>
		<a id="30" s="H" t="H" l="H"/>
	</atoms>
	<bonds>
		<b id="1" c="1 2" t="1"/>
		<b id="2" c="3 2" t="1"/>
		<b id="3" c="4 2" t="1"/>
		<b id="4" c="2 5" t="1"/>
		<b id="5" c="5 6" t="1"/>
		<b id="6" c="6 7" t="ar"/>
		<b id="7" c="8 7" t="1"/>
		<b id="8" c="7 9" t="ar"/>
		<b id="9" c="10 9" t="1"/>
		<b id="10" c="9 11" t="ar"/>
		<b id="11" c="13 12" t="1"/>
		<b id="12" c="14 12" t="1"/>
		<b id="13" c="12 15" t="1"/>
		<b id="14" c="12 11" t="1"/>
		<b id="15" c="11 16" t="ar"/>
		<b id="16" c="17 16" t="1"/>
		<b id="17" c="16 18" t="ar"/>
		<b id="18" c="18 19" t="1"/>
		<b id="19" c="18 6" t="ar"/>
		<b id="20" c="1 20" t="1"/>
		<b id="21" c="1 21" t="1"/>
		<b id="22" c="1 22" t="1"/>
		<b id="23" c="3 23" t="1"/>
		<b id="24" c="3 24" t="1"/>
		<b id="25" c="3 25" t="1"/>
		<b id="26" c="4 26" t="1"/>
		<b id="27" c="4 27" t="1"/>
		<b id="28" c="4 28" t="1"/>
		<b id="29" c="5 29" t="1"/>
		<b id="30" c="5 30" t="1"/>
	</bonds>
	<geometry>
		<g u="A" t="cart/3d">#30,3:-2.0466,0.4273,1.3692;-2.1240,0.0656,-0.1067;-2.0329,-1.4459,-0.2552;-3.4681,0.5325,-0.6564;-1.0093,0.7699,-0.9094;0.4112,0.4448,-0.5224;1.0948,-0.6170,-1.1336;0.6254,-1.2125,-1.9143;2.4065,-0.9251,-0.7651;2.9236,-1.7464,-1.2594;3.0597,-0.1816,0.2224;4.4830,-0.4890,0.5888;4.6825,-0.2260,1.6330;5.1650,0.0746,-0.0552;4.6923,-1.5581,0.4778;2.3931,0.8956,0.8137;2.8997,1.5055,1.5605;1.0814,1.2058,0.4470;0.6014,2.0590,0.9225;-1.1327,0.0053,1.7950;-2.0541,1.5174,1.4609;-2.9177,-0.0009,1.8750;-1.1195,-1.8001,0.2295;-2.9038,-1.8933,0.2339;-2.0306,-1.6910,-1.3213;-4.2661,0.0387,-0.0937;-3.5242,0.2591,-1.7143;-3.5342,1.6179,-0.5359;-1.1828,1.8495,-0.8110;-1.1730,0.5182,-1.9654;</g>
	</geometry>
	<conformers/>
	<properties/>
</molecule>
