<?xml version="1.0" ?>
<!--MOLLI PACKAGE EXPERIMENTAL XML FORMAT-->
<molecule name="react_399_c1_frag_0">
	<atoms>
		<a id="1" s="C" t="C.3" l="C"/>
		<a id="2" s="N" t="N.4" l="N"/>
		<a id="3" s="C" t="C.3" l="C"/>
		<a id="4" s="C" t="C.3" l="C"/>
		<a id="5" s="C" t="C.3" l="C"/>
		<a id="6" s="C" t="C.3" l="C"/>
		<a id="7" s="H" t="H" l="H"/>
		<a id="8" s="H" t="H" l="H"/>
		<a id="9" s="C" t="C.3" l="C"/>
		<a id="10" s="H" t="H" l="H"/>
		<a id="11" s="H" t="H" l="H"/>
		<a id="12" s="C" t="C.3" l="C"/>
		<a id="13" s="H" t="H" l="H"/>
		<a id="14" s="H" t="H" l="H"/>
		<a id="15" s="C" t="C.3" l="C"/>
		<a id="16" s="H" t="H" l="H"/>
		<a id="17" s="H" t="H" l="H"/>
		<a id="18" s="H" t="H" l="H"/>
		<a id="19" s="H" t="H" l="H"/>
		<a id="20" s="H" t="H" l="H"/>
		<a id="21" s="H" t="H" l="H"/>
		<a id="22" s="H" t="H" l="H"/>
		<a id="23" s="H" t="H" l="H"/>
		<a id="24" s="H" t="H" l="H"/>
		<a id="25" s="H" t="H" l="H"/>
		<a id="26" s="H" t="H" l="H"/>
		<a id="27" s="H" t="H" l="H"/>
		<a id="28" s="H" t="H" l="H"/>
		<a id="29" s="H" t="H" l="H"/>
	</atoms>
	<bonds>
		<b id="1" c="1 2" t="1"/>
		<b id="2" c="3 2" t="1"/>
		<b id="3" c="4 2" t="1"/>
		<b id="4" c="2 5" t="1"/>
		<b id="5" c="5 6" t="1"/>
		<b id="6" c="7 6" t="1"/>
		<b id="7" c="8 6" t="1"/>
		<b id="8" c="6 9" t="1"/>
		<b id="9" c="10 9" t="1"/>
		<b id="10" c="11 9" t="1"/>
		<b id="11" c="9 12" t="1"/>
		<b id="12" c="13 12" t="1"/>
		<b id="13" c="14 12" t="1"/>
		<b id="14" c="12 15" t="1"/>
		<b id="15" c="16 15" t="1"/>
		<b id="16" c="15 17" t="1"/>
		<b id="17" c="1 18" t="1"/>
		<b id="18" c="1 19" t="1"/>
		<b id="19" c="1 20" t="1"/>
		<b id="20" c="3 21" t="1"/>
		<b id="21" c="3 22" t="1"/>
		<b id="22" c="3 23" t="1"/>
		<b id="23" c="4 24" t="1"/>
		<b id="24" c="4 25" t="1"/>
		<b id="25" c="4 26" t="1"/>
		<b id="26" c="5 27" t="1"/>
		<b id="27" c="5 28" t="1"/>
		<b id="28" c="15 29" t="1"/>
	</bonds>
	<geometry>
		<g u="A" t="cart/3d">#29,3:-3.0004,1.1259,-0.4447;-1.8415,0.3090,0.1374;-1.5644,0.8167,1.5477;-2.2721,-1.1520,0.1948;-0.6236,0.5048,-0.7850;0.6229,-0.2589,-0.3326;0.4238,-1.3347,-0.2953;0.9170,0.0603,0.6712;1.7847,-0.0072,-1.3007;1.4658,-0.2655,-2.3182;2.0344,1.0608,-1.3092;3.0367,-0.8237,-0.9722;2.7948,-1.8928,-0.9679;3.7712,-0.6685,-1.7715;3.6792,-0.4449,0.3533;3.9005,0.6263,0.3911;3.0325,-0.6957,1.1991;-3.2119,0.7558,-1.4523;-3.8754,0.9980,0.1997;-2.7002,2.1776,-0.4755;-0.8227,0.1683,2.0205;-1.1969,1.8446,1.4799;-2.4983,0.7811,2.1171;-1.5038,-1.7295,0.7148;-2.4061,-1.5141,-0.8285;-3.2141,-1.2128,0.7485;-0.9303,0.1787,-1.7862;-0.4216,1.5823,-0.8179;4.6197,-0.9899,0.4836;</g>
	</geometry>
	<conformers/>
	<properties/>
</molecule>
