<?xml version="1.0" ?>
<!--MOLLI PACKAGE EXPERIMENTAL XML FORMAT-->
<molecule name="react_399_c2_frag_0">
	<atoms>
		<a id="1" s="C" t="C.3" l="C"/>
		<a id="2" s="N" t="N.4" l="N"/>
		<a id="3" s="C" t="C.3" l="C"/>
		<a id="4" s="C" t="C.3" l="C"/>
		<a id="5" s="C" t="C.3" l="C"/>
		<a id="6" s="C" t="C.ar" l="C"/>
		<a id="7" s="C" t="C.ar" l="C"/>
		<a id="8" s="H" t="H" l="H"/>
		<a id="9" s="C" t="C.ar" l="C"/>
		<a id="10" s="H" t="H" l="H"/>
		<a id="11" s="C" t="C.ar" l="C"/>
		<a id="12" s="O" t="O.3" l="O"/>
		<a id="13" s="C" t="C.3" l="C"/>
		<a id="14" s="H" t="H" l="H"/>
		<a id="15" s="H" t="H" l="H"/>
		<a id="16" s="H" t="H" l="H"/>
		<a id="17" s="C" t="C.ar" l="C"/>
		<a id="18" s="H" t="H" l="H"/>
		<a id="19" s="C" t="C.ar" l="C"/>
		<a id="20" s="H" t="H" l="H"/>
		<a id="21" s="H" t="H" l="H"/>
		<a id="22" s="H" t="H" l="H"/>
		<a id="23" s="H" t="H" l="H"/>
		<a id="24" s="H" t="H" l="H"/>
		<a id="25" s="H" t="H" l="H"/>
		<a id="26" s="H" t="H" l="H"/>
		<a id="27" s="H" t="H" l="H"/>
		<a id="28" s="H" t="H" l="H"/>
		<a id="29" s="H" t="H" l="H"/>
		<a id="30" s="H" t="H" l="H"/>
		<a id="31" s="H" t="H" l="H"/>
	</atoms>
	<bonds>
		<b id="1" c="1 2" t="1"/>
		<b id="2" c="3 2" t="1"/>
		<b id="3" c="4 2" t="1"/>
		<b id="4" c="2 5" t="1"/>
		<b id="5" c="5 6" t="1"/>
		<b id="6" c="6 7" t="ar"/>
		<b id="7" c="8 7" t="1"/>
		<b id="8" c="7 9" t="ar"/>
		<b id="9" c="10 9" t="1"/>
		<b id="10" c="9 11" t="ar"/>
		<b id="11" c="12 13" t="1"/>
		<b id="12" c="14 13" t="1"/>
		<b id="13" c="15 13" t="1"/>
		<b id="14" c="13 16" t="1"/>
		<b id="15" c="12 11" t="1"/>
		<b id="16" c="11 17" t="ar"/>
		<b id="17" c="18 17" t="1"/>
		<b id="18" c="17 19" t="ar"/>
		<b id="19" c="19 20" t="1"/>
		<b id="20" c="19 6" t="ar"/>
		<b id="21" c="1 21" t="1"/>
		<b id="22" c="1 22" t="1"/>
		<b id="23" c="1 23" t="1"/>
		<b id="24" c="3 24" t="1"/>
		<b id="25" c="3 25" t="1"/>
		<b id="26" c="3 26" t="1"/>
		<b id="27" c="4 27" t="1"/>
		<b id="28" c="4 28" t="1"/>
		<b id="29" c="4 29" t="1"/>
		<b id="30" c="5 30" t="1"/>
		<b id="31" c="5 31" t="1"/>
	</bonds>
	<geometry>
		<g u="A" t="cart/3d">#31,3:-2.3764,-0.3155,-1.2066;-2.3344,0.0955,0.2584;-3.6782,0.7151,0.6309;-2.1112,-1.1406,1.1169;-1.2368,1.1512,0.5084;0.1814,0.7390,0.2025;0.7238,0.9362,-1.0747;0.1468,1.4080,-1.8675;2.0330,0.5390,-1.3561;2.4459,0.6972,-2.3512;2.8292,-0.0497,-0.3727;4.0852,-0.3900,-0.7864;4.9680,-0.9311,0.1895;5.9295,-1.1202,-0.2973;5.1398,-0.2197,1.0040;4.5932,-1.8864,0.5713;2.3040,-0.2365,0.9040;2.8938,-0.6814,1.7001;0.9910,0.1575,1.1907;0.6194,0.0099,2.2033;-1.4587,-0.8549,-1.4545;-2.4781,0.5861,-1.8177;-3.2387,-0.9729,-1.3555;-3.8404,1.5956,0.0020;-4.4645,-0.0258,0.4574;-3.6489,0.9975,1.6875;-1.2007,-1.6471,0.7868;-2.9689,-1.8085,0.9892;-2.0276,-0.8276,2.1617;-1.3174,1.4473,1.5625;-1.5035,2.0327,-0.0893;</g>
	</geometry>
	<conformers/>
	<properties/>
</molecule>
