<?xml version="1.0" ?>
<!--MOLLI PACKAGE EXPERIMENTAL XML FORMAT-->
<molecule name="react_62_c2_frag_0">
	<atoms>
		<a id="1" s="C" t="C.3" l="C"/>
		<a id="2" s="N" t="N.4" l="N"/>
		<a id="3" s="C" t="C.3" l="C"/>
		<a id="4" s="C" t="C.3" l="C"/>
		<a id="5" s="C" t="C.3" l="C"/>
		<a id="6" s="C" t="C.3" l="C"/>
		<a id="7" s="H" t="H" l="H"/>
		<a id="8" s="H" t="H" l="H"/>
		<a id="9" s="C" t="C.3" l="C"/>
		<a id="10" s="H" t="H" l="H"/>
		<a id="11" s="H" t="H" l="H"/>
		<a id="12" s="O" t="O.3" l="O"/>
		<a id="13" s="C" t="C.3" l="C"/>
		<a id="14" s="H" t="H" l="H"/>
		<a id="15" s="H" t="H" l="H"/>
		<a id="16" s="H" t="H" l="H"/>
		<a id="17" s="H" t="H" l="H"/>
		<a id="18" s="H" t="H" l="H"/>
		<a id="19" s="H" t="H" l="H"/>
		<a id="20" s="H" t="H" l="H"/>
		<a id="21" s="H" t="H" l="H"/>
		<a id="22" s="H" t="H" l="H"/>
		<a id="23" s="H" t="H" l="H"/>
		<a id="24" s="H" t="H" l="H"/>
		<a id="25" s="H" t="H" l="H"/>
		<a id="26" s="H" t="H" l="H"/>
		<a id="27" s="H" t="H" l="H"/>
	</atoms>
	<bonds>
		<b id="1" c="1 2" t="1"/>
		<b id="2" c="3 2" t="1"/>
		<b id="3" c="4 2" t="1"/>
		<b id="4" c="2 5" t="1"/>
		<b id="5" c="5 6" t="1"/>
		<b id="6" c="7 6" t="1"/>
		<b id="7" c="8 6" t="1"/>
		<b id="8" c="6 9" t="1"/>
		<b id="9" c="10 9" t="1"/>
		<b id="10" c="11 9" t="1"/>
		<b id="11" c="9 12" t="1"/>
		<b id="12" c="12 13" t="1"/>
		<b id="13" c="14 13" t="1"/>
		<b id="14" c="15 13" t="1"/>
		<b id="15" c="13 16" t="1"/>
		<b id="16" c="1 17" t="1"/>
		<b id="17" c="1 18" t="1"/>
		<b id="18" c="1 19" t="1"/>
		<b id="19" c="3 20" t="1"/>
		<b id="20" c="3 21" t="1"/>
		<b id="21" c="3 22" t="1"/>
		<b id="22" c="4 23" t="1"/>
		<b id="23" c="4 24" t="1"/>
		<b id="24" c="4 25" t="1"/>
		<b id="25" c="5 26" t="1"/>
		<b id="26" c="5 27" t="1"/>
	</bonds>
	<geometry>
		<g u="A" t="cart/3d">#27,3:-2.4021,0.1185,1.3435;-1.3483,0.0975,0.2266;-0.6360,1.4459,0.2534;-2.0646,-0.0871,-1.0996;-0.3795,-1.0603,0.5365;0.5665,-1.4952,-0.5854;1.0456,-2.4158,-0.2231;0.0183,-1.7958,-1.4847;1.6949,-0.5435,-0.9596;1.3445,0.2072,-1.6751;2.5002,-1.1114,-1.4413;2.1797,0.1027,0.2116;3.3686,0.8454,-0.0506;3.6761,1.3377,0.8757;4.1715,0.1774,-0.3763;3.1798,1.6104,-0.8098;-3.0882,0.9512,1.1606;-1.8877,0.2490,2.3004;-2.9471,-0.8301,1.3239;-1.3937,2.2352,0.2164;0.0050,1.5321,-0.6233;-0.0593,1.5212,1.1794;-2.5288,-1.0775,-1.1078;-2.8262,0.6931,-1.1944;-1.3383,0.0091,-1.9108;-1.0151,-1.9216,0.7797;0.1642,-0.7950,1.4508;</g>
	</geometry>
	<conformers/>
	<properties/>
</molecule>
