<?xml version="1.0" ?>
<!--MOLLI PACKAGE EXPERIMENTAL XML FORMAT-->
<molecule name="react_416_c2_frag_0">
	<atoms>
		<a id="1" s="C" t="C.3" l="C"/>
		<a id="2" s="N" t="N.4" l="N"/>
		<a id="3" s="C" t="C.3" l="C"/>
		<a id="4" s="C" t="C.3" l="C"/>
		<a id="5" s="C" t="C.3" l="C"/>
		<a id="6" s="C" t="C.3" l="C"/>
		<a id="7" s="H" t="H" l="H"/>
		<a id="8" s="H" t="H" l="H"/>
		<a id="9" s="O" t="O.3" l="O"/>
		<a id="10" s="C" t="C.2" l="C"/>
		<a id="11" s="O" t="O.2" l="O"/>
		<a id="12" s="C" t="C.ar" l="C"/>
		<a id="13" s="C" t="C.ar" l="C"/>
		<a id="14" s="H" t="H" l="H"/>
		<a id="15" s="C" t="C.ar" l="C"/>
		<a id="16" s="H" t="H" l="H"/>
		<a id="17" s="C" t="C.ar" l="C"/>
		<a id="18" s="N" t="N.pl3" l="N"/>
		<a id="19" s="O" t="O.2" l="O"/>
		<a id="20" s="O" t="O.co2" l="O"/>
		<a id="21" s="C" t="C.ar" l="C"/>
		<a id="22" s="H" t="H" l="H"/>
		<a id="23" s="C" t="C.ar" l="C"/>
		<a id="24" s="H" t="H" l="H"/>
		<a id="25" s="H" t="H" l="H"/>
		<a id="26" s="H" t="H" l="H"/>
		<a id="27" s="H" t="H" l="H"/>
		<a id="28" s="H" t="H" l="H"/>
		<a id="29" s="H" t="H" l="H"/>
		<a id="30" s="H" t="H" l="H"/>
		<a id="31" s="H" t="H" l="H"/>
		<a id="32" s="H" t="H" l="H"/>
		<a id="33" s="H" t="H" l="H"/>
		<a id="34" s="H" t="H" l="H"/>
		<a id="35" s="H" t="H" l="H"/>
	</atoms>
	<bonds>
		<b id="1" c="1 2" t="1"/>
		<b id="2" c="3 2" t="1"/>
		<b id="3" c="4 2" t="1"/>
		<b id="4" c="2 5" t="1"/>
		<b id="5" c="5 6" t="1"/>
		<b id="6" c="7 6" t="1"/>
		<b id="7" c="8 6" t="1"/>
		<b id="8" c="6 9" t="1"/>
		<b id="9" c="9 10" t="1"/>
		<b id="10" c="10 11" t="2"/>
		<b id="11" c="10 12" t="1"/>
		<b id="12" c="12 13" t="ar"/>
		<b id="13" c="14 13" t="1"/>
		<b id="14" c="13 15" t="ar"/>
		<b id="15" c="16 15" t="1"/>
		<b id="16" c="15 17" t="ar"/>
		<b id="17" c="18 19" t="2"/>
		<b id="18" c="18 20" t="1"/>
		<b id="19" c="18 17" t="1"/>
		<b id="20" c="17 21" t="ar"/>
		<b id="21" c="22 21" t="1"/>
		<b id="22" c="21 23" t="ar"/>
		<b id="23" c="23 24" t="1"/>
		<b id="24" c="23 12" t="ar"/>
		<b id="25" c="1 25" t="1"/>
		<b id="26" c="1 26" t="1"/>
		<b id="27" c="1 27" t="1"/>
		<b id="28" c="3 28" t="1"/>
		<b id="29" c="3 29" t="1"/>
		<b id="30" c="3 30" t="1"/>
		<b id="31" c="4 31" t="1"/>
		<b id="32" c="4 32" t="1"/>
		<b id="33" c="4 33" t="1"/>
		<b id="34" c="5 34" t="1"/>
		<b id="35" c="5 35" t="1"/>
	</bonds>
	<geometry>
		<g u="A" t="cart/3d">#35,3:-4.0077,-1.4912,0.7422;-3.2681,-0.1975,0.3911;-4.0873,0.9806,0.8943;-3.1358,-0.1324,-1.1328;-1.8739,-0.2509,1.0533;-1.0437,1.0389,0.9132;-1.1875,1.6600,1.8043;-1.3297,1.6591,0.0580;0.3645,0.7541,0.8271;0.7667,0.2735,-0.3792;0.0061,-0.0057,-1.2935;2.2441,0.1064,-0.4348;3.0803,0.4588,0.6355;2.6749,0.8758,1.5550;4.4658,0.2826,0.5363;5.0987,0.5632,1.3775;5.0167,-0.2474,-0.6387;6.4706,-0.4348,-0.7433;7.1609,-0.1114,0.2326;6.9131,-0.9068,-1.7990;4.1900,-0.6001,-1.7133;4.6043,-1.0106,-2.6333;2.8062,-0.4214,-1.6076;2.1724,-0.6958,-2.4502;-4.1176,-1.5417,1.8295;-4.9901,-1.4718,0.2609;-3.4189,-2.3373,0.3756;-3.6067,1.9095,0.5773;-4.1359,0.9253,1.9856;-5.0905,0.9147,0.4624;-2.5331,-0.9822,-1.4649;-4.1400,-0.1891,-1.5641;-2.6702,0.8146,-1.4123;-1.3590,-1.1240,0.6366;-2.0397,-0.4541,2.1187;</g>
	</geometry>
	<conformers/>
	<properties/>
</molecule>
