<?xml version="1.0" ?>
<!--MOLLI PACKAGE EXPERIMENTAL XML FORMAT-->
<molecule name="react_416_c2_frag_1">
	<atoms>
		<a id="1" s="C" t="C.3" l="C"/>
		<a id="2" s="N" t="N.4" l="N"/>
		<a id="3" s="C" t="C.3" l="C"/>
		<a id="4" s="C" t="C.3" l="C"/>
		<a id="5" s="C" t="C.3" l="C"/>
		<a id="6" s="C" t="C.3" l="C"/>
		<a id="7" s="H" t="H" l="H"/>
		<a id="8" s="H" t="H" l="H"/>
		<a id="9" s="C" t="C.3" l="C"/>
		<a id="10" s="H" t="H" l="H"/>
		<a id="11" s="H" t="H" l="H"/>
		<a id="12" s="C" t="C.3" l="C"/>
		<a id="13" s="O" t="O.3" l="O"/>
		<a id="14" s="C" t="C.3" l="C"/>
		<a id="15" s="H" t="H" l="H"/>
		<a id="16" s="H" t="H" l="H"/>
		<a id="17" s="H" t="H" l="H"/>
		<a id="18" s="O" t="O.3" l="O"/>
		<a id="19" s="C" t="C.3" l="C"/>
		<a id="20" s="H" t="H" l="H"/>
		<a id="21" s="H" t="H" l="H"/>
		<a id="22" s="H" t="H" l="H"/>
		<a id="23" s="C" t="C.3" l="C"/>
		<a id="24" s="H" t="H" l="H"/>
		<a id="25" s="H" t="H" l="H"/>
		<a id="26" s="H" t="H" l="H"/>
		<a id="27" s="H" t="H" l="H"/>
		<a id="28" s="H" t="H" l="H"/>
		<a id="29" s="H" t="H" l="H"/>
		<a id="30" s="H" t="H" l="H"/>
		<a id="31" s="H" t="H" l="H"/>
		<a id="32" s="H" t="H" l="H"/>
		<a id="33" s="H" t="H" l="H"/>
		<a id="34" s="H" t="H" l="H"/>
		<a id="35" s="H" t="H" l="H"/>
		<a id="36" s="H" t="H" l="H"/>
		<a id="37" s="H" t="H" l="H"/>
	</atoms>
	<bonds>
		<b id="1" c="1 2" t="1"/>
		<b id="2" c="3 2" t="1"/>
		<b id="3" c="4 2" t="1"/>
		<b id="4" c="2 5" t="1"/>
		<b id="5" c="5 6" t="1"/>
		<b id="6" c="7 6" t="1"/>
		<b id="7" c="8 6" t="1"/>
		<b id="8" c="6 9" t="1"/>
		<b id="9" c="10 9" t="1"/>
		<b id="10" c="11 9" t="1"/>
		<b id="11" c="9 12" t="1"/>
		<b id="12" c="13 14" t="1"/>
		<b id="13" c="15 14" t="1"/>
		<b id="14" c="16 14" t="1"/>
		<b id="15" c="14 17" t="1"/>
		<b id="16" c="13 12" t="1"/>
		<b id="17" c="18 19" t="1"/>
		<b id="18" c="20 19" t="1"/>
		<b id="19" c="21 19" t="1"/>
		<b id="20" c="19 22" t="1"/>
		<b id="21" c="18 12" t="1"/>
		<b id="22" c="12 23" t="1"/>
		<b id="23" c="24 23" t="1"/>
		<b id="24" c="23 25" t="1"/>
		<b id="25" c="1 26" t="1"/>
		<b id="26" c="1 27" t="1"/>
		<b id="27" c="1 28" t="1"/>
		<b id="28" c="3 29" t="1"/>
		<b id="29" c="3 30" t="1"/>
		<b id="30" c="3 31" t="1"/>
		<b id="31" c="4 32" t="1"/>
		<b id="32" c="4 33" t="1"/>
		<b id="33" c="4 34" t="1"/>
		<b id="34" c="5 35" t="1"/>
		<b id="35" c="5 36" t="1"/>
		<b id="36" c="23 37" t="1"/>
	</bonds>
	<geometry>
		<g u="A" t="cart/3d">#37,3:-3.7180,-0.6571,1.1786;-2.7218,0.0157,0.2276;-3.2817,1.3787,-0.1614;-2.5918,-0.8583,-1.0169;-1.3772,0.1410,0.9694;-0.2996,0.8721,0.1660;-0.1981,0.4634,-0.8420;-0.6022,1.9196,0.0496;1.0597,0.8655,0.8848;1.4996,1.8655,0.7689;0.9270,0.7535,1.9693;2.0918,-0.1749,0.3728;2.2522,-0.0895,-1.0468;2.8066,1.1307,-1.5249;2.0985,1.9547,-1.4052;3.0018,1.0127,-2.5945;3.7525,1.3681,-1.0310;3.2968,0.0995,1.0933;4.3805,-0.7874,0.8469;4.5375,-0.9502,-0.2230;5.2858,-0.3361,1.2628;4.2192,-1.7403,1.3580;1.5919,-1.5970,0.6633;1.4495,-1.7598,1.7365;0.6602,-1.8129,0.1315;-3.8280,-0.0267,2.0660;-3.3243,-1.6409,1.4509;-4.6776,-0.7595,0.6630;-2.6396,1.8211,-0.9273;-3.3120,2.0079,0.7328;-4.2893,1.2363,-0.5638;-1.9806,-0.3380,-1.7577;-2.1301,-1.8065,-0.7272;-3.5933,-1.0293,-1.4237;-1.5808,0.6836,1.9009;-1.0703,-0.8764,1.2299;2.3055,-2.3490,0.3087;</g>
	</geometry>
	<conformers/>
	<properties/>
</molecule>
