<?xml version="1.0" ?>
<!--MOLLI PACKAGE EXPERIMENTAL XML FORMAT-->
<molecule name="react_417_c1_frag_0">
	<atoms>
		<a id="1" s="C" t="C.3" l="C"/>
		<a id="2" s="N" t="N.4" l="N"/>
		<a id="3" s="C" t="C.3" l="C"/>
		<a id="4" s="C" t="C.3" l="C"/>
		<a id="5" s="C" t="C.3" l="C"/>
		<a id="6" s="C" t="C.3" l="C"/>
		<a id="7" s="H" t="H" l="H"/>
		<a id="8" s="H" t="H" l="H"/>
		<a id="9" s="C" t="C.3" l="C"/>
		<a id="10" s="O" t="O.3" l="O"/>
		<a id="11" s="C" t="C.3" l="C"/>
		<a id="12" s="H" t="H" l="H"/>
		<a id="13" s="H" t="H" l="H"/>
		<a id="14" s="H" t="H" l="H"/>
		<a id="15" s="O" t="O.3" l="O"/>
		<a id="16" s="C" t="C.3" l="C"/>
		<a id="17" s="H" t="H" l="H"/>
		<a id="18" s="H" t="H" l="H"/>
		<a id="19" s="H" t="H" l="H"/>
		<a id="20" s="C" t="C.3" l="C"/>
		<a id="21" s="H" t="H" l="H"/>
		<a id="22" s="H" t="H" l="H"/>
		<a id="23" s="C" t="C.3" l="C"/>
		<a id="24" s="H" t="H" l="H"/>
		<a id="25" s="H" t="H" l="H"/>
		<a id="26" s="H" t="H" l="H"/>
		<a id="27" s="H" t="H" l="H"/>
		<a id="28" s="H" t="H" l="H"/>
		<a id="29" s="H" t="H" l="H"/>
		<a id="30" s="H" t="H" l="H"/>
		<a id="31" s="H" t="H" l="H"/>
		<a id="32" s="H" t="H" l="H"/>
		<a id="33" s="H" t="H" l="H"/>
		<a id="34" s="H" t="H" l="H"/>
		<a id="35" s="H" t="H" l="H"/>
		<a id="36" s="H" t="H" l="H"/>
		<a id="37" s="H" t="H" l="H"/>
	</atoms>
	<bonds>
		<b id="1" c="1 2" t="1"/>
		<b id="2" c="3 2" t="1"/>
		<b id="3" c="4 2" t="1"/>
		<b id="4" c="2 5" t="1"/>
		<b id="5" c="5 6" t="1"/>
		<b id="6" c="7 6" t="1"/>
		<b id="7" c="8 6" t="1"/>
		<b id="8" c="6 9" t="1"/>
		<b id="9" c="10 11" t="1"/>
		<b id="10" c="12 11" t="1"/>
		<b id="11" c="13 11" t="1"/>
		<b id="12" c="11 14" t="1"/>
		<b id="13" c="10 9" t="1"/>
		<b id="14" c="15 16" t="1"/>
		<b id="15" c="17 16" t="1"/>
		<b id="16" c="18 16" t="1"/>
		<b id="17" c="16 19" t="1"/>
		<b id="18" c="15 9" t="1"/>
		<b id="19" c="9 20" t="1"/>
		<b id="20" c="21 20" t="1"/>
		<b id="21" c="22 20" t="1"/>
		<b id="22" c="20 23" t="1"/>
		<b id="23" c="24 23" t="1"/>
		<b id="24" c="23 25" t="1"/>
		<b id="25" c="1 26" t="1"/>
		<b id="26" c="1 27" t="1"/>
		<b id="27" c="1 28" t="1"/>
		<b id="28" c="3 29" t="1"/>
		<b id="29" c="3 30" t="1"/>
		<b id="30" c="3 31" t="1"/>
		<b id="31" c="4 32" t="1"/>
		<b id="32" c="4 33" t="1"/>
		<b id="33" c="4 34" t="1"/>
		<b id="34" c="5 35" t="1"/>
		<b id="35" c="5 36" t="1"/>
		<b id="36" c="23 37" t="1"/>
	</bonds>
	<geometry>
		<g u="A" t="cart/3d">#37,3:3.2192,1.5838,0.0855;2.4087,0.2823,0.0872;2.9676,-0.6231,-1.0060;2.5765,-0.3831,1.4449;0.9303,0.6554,-0.1944;-0.0070,-0.5521,-0.2612;0.0587,-1.1635,0.6428;0.3110,-1.2046,-1.0841;-1.4775,-0.1482,-0.5300;-1.3869,0.7345,-1.6717;-2.6331,1.0351,-2.2950;-2.4343,1.7188,-3.1252;-3.0961,0.1333,-2.7050;-3.3158,1.5342,-1.6029;-2.1970,-1.3128,-0.9396;-2.5658,-2.2609,0.0437;-1.7073,-2.5833,0.6374;-3.3575,-1.8647,0.6844;-2.9680,-3.1390,-0.4699;-2.1456,0.6393,0.6296;-1.8831,1.7019,0.5418;-3.2356,0.5889,0.5134;-1.8108,0.2083,2.0543;-2.3937,0.8054,2.7639;-2.0421,-0.8409,2.2444;2.8249,2.2361,0.8703;3.1153,2.0552,-0.8963;4.2677,1.3412,0.2825;2.7758,-0.1552,-1.9758;4.0435,-0.7373,-0.8420;2.4820,-1.5999,-0.9407;2.0981,-1.3651,1.4226;3.6463,-0.5006,1.6429;2.1154,0.2562,2.2031;0.9387,1.2036,-1.1433;0.6325,1.3470,0.6008;-0.7552,0.3738,2.2872;</g>
	</geometry>
	<conformers/>
	<properties/>
</molecule>
