<?xml version="1.0" ?>
<!--MOLLI PACKAGE EXPERIMENTAL XML FORMAT-->
<molecule name="react_419_c2_frag_0">
	<atoms>
		<a id="1" s="C" t="C.3" l="C"/>
		<a id="2" s="N" t="N.4" l="N"/>
		<a id="3" s="C" t="C.3" l="C"/>
		<a id="4" s="C" t="C.3" l="C"/>
		<a id="5" s="C" t="C.3" l="C"/>
		<a id="6" s="C" t="C.ar" l="C"/>
		<a id="7" s="C" t="C.ar" l="C"/>
		<a id="8" s="H" t="H" l="H"/>
		<a id="9" s="C" t="C.ar" l="C"/>
		<a id="10" s="H" t="H" l="H"/>
		<a id="11" s="C" t="C.ar" l="C"/>
		<a id="12" s="C" t="C.3" l="C"/>
		<a id="13" s="C" t="C.3" l="C"/>
		<a id="14" s="H" t="H" l="H"/>
		<a id="15" s="H" t="H" l="H"/>
		<a id="16" s="H" t="H" l="H"/>
		<a id="17" s="C" t="C.3" l="C"/>
		<a id="18" s="H" t="H" l="H"/>
		<a id="19" s="H" t="H" l="H"/>
		<a id="20" s="H" t="H" l="H"/>
		<a id="21" s="C" t="C.3" l="C"/>
		<a id="22" s="H" t="H" l="H"/>
		<a id="23" s="H" t="H" l="H"/>
		<a id="24" s="H" t="H" l="H"/>
		<a id="25" s="C" t="C.ar" l="C"/>
		<a id="26" s="H" t="H" l="H"/>
		<a id="27" s="C" t="C.ar" l="C"/>
		<a id="28" s="H" t="H" l="H"/>
		<a id="29" s="H" t="H" l="H"/>
		<a id="30" s="H" t="H" l="H"/>
		<a id="31" s="H" t="H" l="H"/>
		<a id="32" s="H" t="H" l="H"/>
		<a id="33" s="H" t="H" l="H"/>
		<a id="34" s="H" t="H" l="H"/>
		<a id="35" s="H" t="H" l="H"/>
		<a id="36" s="H" t="H" l="H"/>
		<a id="37" s="H" t="H" l="H"/>
		<a id="38" s="H" t="H" l="H"/>
		<a id="39" s="H" t="H" l="H"/>
	</atoms>
	<bonds>
		<b id="1" c="1 2" t="1"/>
		<b id="2" c="3 2" t="1"/>
		<b id="3" c="4 2" t="1"/>
		<b id="4" c="2 5" t="1"/>
		<b id="5" c="5 6" t="1"/>
		<b id="6" c="6 7" t="ar"/>
		<b id="7" c="8 7" t="1"/>
		<b id="8" c="7 9" t="ar"/>
		<b id="9" c="10 9" t="1"/>
		<b id="10" c="9 11" t="ar"/>
		<b id="11" c="14 13" t="1"/>
		<b id="12" c="15 13" t="1"/>
		<b id="13" c="13 16" t="1"/>
		<b id="14" c="13 12" t="1"/>
		<b id="15" c="18 17" t="1"/>
		<b id="16" c="19 17" t="1"/>
		<b id="17" c="17 20" t="1"/>
		<b id="18" c="17 12" t="1"/>
		<b id="19" c="12 21" t="1"/>
		<b id="20" c="22 21" t="1"/>
		<b id="21" c="23 21" t="1"/>
		<b id="22" c="21 24" t="1"/>
		<b id="23" c="12 11" t="1"/>
		<b id="24" c="11 25" t="ar"/>
		<b id="25" c="26 25" t="1"/>
		<b id="26" c="25 27" t="ar"/>
		<b id="27" c="27 28" t="1"/>
		<b id="28" c="27 6" t="ar"/>
		<b id="29" c="1 29" t="1"/>
		<b id="30" c="1 30" t="1"/>
		<b id="31" c="1 31" t="1"/>
		<b id="32" c="3 32" t="1"/>
		<b id="33" c="3 33" t="1"/>
		<b id="34" c="3 34" t="1"/>
		<b id="35" c="4 35" t="1"/>
		<b id="36" c="4 36" t="1"/>
		<b id="37" c="4 37" t="1"/>
		<b id="38" c="5 38" t="1"/>
		<b id="39" c="5 39" t="1"/>
	</bonds>
	<geometry>
		<g u="A" t="cart/3d">#39,3:3.1038,1.1474,1.3244;3.3410,-0.0796,0.4564;4.7162,-0.6531,0.7831;3.3183,0.3334,-1.0079;2.2883,-1.1721,0.7410;0.8490,-0.8081,0.4817;0.0581,-0.2447,1.4899;0.4579,-0.0767,2.4884;-1.2755,0.1059,1.2458;-1.8401,0.5363,2.0700;-1.8672,-0.0996,-0.0094;-3.3323,0.2701,-0.3102;-4.0729,0.9120,0.8847;-3.5886,1.8409,1.2076;-4.1175,0.2330,1.7442;-5.1072,1.1629,0.6199;-3.3838,1.2829,-1.4747;-2.9783,0.8680,-2.4039;-4.4147,1.5909,-1.6853;-2.8077,2.1854,-1.2381;-4.1165,-0.9996,-0.7056;-3.7232,-1.4625,-1.6173;-5.1721,-0.7699,-0.8926;-4.0747,-1.7528,0.0901;-1.0663,-0.6812,-1.0092;-1.4805,-0.8780,-1.9975;0.2661,-1.0331,-0.7701;0.8297,-1.4947,-1.5787;3.9344,1.8436,1.1713;3.0638,0.8307,2.3707;2.1673,1.6243,1.0241;4.7318,-0.9368,1.8397;4.8874,-1.5273,0.1478;5.4707,0.1141,0.5847;4.1511,1.0211,-1.1848;2.3740,0.8398,-1.2236;3.4311,-0.5635,-1.6238;2.4133,-1.4655,1.7915;2.5656,-2.0439,0.1340;</g>
	</geometry>
	<conformers/>
	<properties/>
</molecule>
