<?xml version="1.0" ?>
<!--MOLLI PACKAGE EXPERIMENTAL XML FORMAT-->
<molecule name="react_424_c2_frag_0">
	<atoms>
		<a id="1" s="C" t="C.3" l="C"/>
		<a id="2" s="N" t="N.4" l="N"/>
		<a id="3" s="C" t="C.3" l="C"/>
		<a id="4" s="C" t="C.3" l="C"/>
		<a id="5" s="C" t="C.3" l="C"/>
		<a id="6" s="C" t="C.3" l="C"/>
		<a id="7" s="H" t="H" l="H"/>
		<a id="8" s="H" t="H" l="H"/>
		<a id="9" s="P" t="P.3" l="P"/>
		<a id="10" s="O" t="O.2" l="O"/>
		<a id="11" s="C" t="C.ar" l="C"/>
		<a id="12" s="C" t="C.ar" l="C"/>
		<a id="13" s="H" t="H" l="H"/>
		<a id="14" s="C" t="C.ar" l="C"/>
		<a id="15" s="H" t="H" l="H"/>
		<a id="16" s="C" t="C.ar" l="C"/>
		<a id="17" s="H" t="H" l="H"/>
		<a id="18" s="C" t="C.ar" l="C"/>
		<a id="19" s="H" t="H" l="H"/>
		<a id="20" s="C" t="C.ar" l="C"/>
		<a id="21" s="H" t="H" l="H"/>
		<a id="22" s="C" t="C.ar" l="C"/>
		<a id="23" s="C" t="C.ar" l="C"/>
		<a id="24" s="H" t="H" l="H"/>
		<a id="25" s="C" t="C.ar" l="C"/>
		<a id="26" s="H" t="H" l="H"/>
		<a id="27" s="C" t="C.ar" l="C"/>
		<a id="28" s="H" t="H" l="H"/>
		<a id="29" s="C" t="C.ar" l="C"/>
		<a id="30" s="H" t="H" l="H"/>
		<a id="31" s="C" t="C.ar" l="C"/>
		<a id="32" s="H" t="H" l="H"/>
		<a id="33" s="H" t="H" l="H"/>
		<a id="34" s="H" t="H" l="H"/>
		<a id="35" s="H" t="H" l="H"/>
		<a id="36" s="H" t="H" l="H"/>
		<a id="37" s="H" t="H" l="H"/>
		<a id="38" s="H" t="H" l="H"/>
		<a id="39" s="H" t="H" l="H"/>
		<a id="40" s="H" t="H" l="H"/>
		<a id="41" s="H" t="H" l="H"/>
		<a id="42" s="H" t="H" l="H"/>
		<a id="43" s="H" t="H" l="H"/>
	</atoms>
	<bonds>
		<b id="1" c="1 2" t="1"/>
		<b id="2" c="3 2" t="1"/>
		<b id="3" c="4 2" t="1"/>
		<b id="4" c="2 5" t="1"/>
		<b id="5" c="5 6" t="1"/>
		<b id="6" c="7 6" t="1"/>
		<b id="7" c="8 6" t="1"/>
		<b id="8" c="6 9" t="1"/>
		<b id="9" c="9 10" t="2"/>
		<b id="10" c="11 12" t="ar"/>
		<b id="11" c="13 12" t="1"/>
		<b id="12" c="12 14" t="ar"/>
		<b id="13" c="15 14" t="1"/>
		<b id="14" c="14 16" t="ar"/>
		<b id="15" c="17 16" t="1"/>
		<b id="16" c="16 18" t="ar"/>
		<b id="17" c="19 18" t="1"/>
		<b id="18" c="18 20" t="ar"/>
		<b id="19" c="20 21" t="1"/>
		<b id="20" c="11 9" t="1"/>
		<b id="21" c="9 22" t="1"/>
		<b id="22" c="22 23" t="ar"/>
		<b id="23" c="24 23" t="1"/>
		<b id="24" c="23 25" t="ar"/>
		<b id="25" c="26 25" t="1"/>
		<b id="26" c="25 27" t="ar"/>
		<b id="27" c="28 27" t="1"/>
		<b id="28" c="27 29" t="ar"/>
		<b id="29" c="30 29" t="1"/>
		<b id="30" c="29 31" t="ar"/>
		<b id="31" c="31 32" t="1"/>
		<b id="32" c="20 11" t="ar"/>
		<b id="33" c="31 22" t="ar"/>
		<b id="34" c="1 33" t="1"/>
		<b id="35" c="1 34" t="1"/>
		<b id="36" c="1 35" t="1"/>
		<b id="37" c="3 36" t="1"/>
		<b id="38" c="3 37" t="1"/>
		<b id="39" c="3 38" t="1"/>
		<b id="40" c="4 39" t="1"/>
		<b id="41" c="4 40" t="1"/>
		<b id="42" c="4 41" t="1"/>
		<b id="43" c="5 42" t="1"/>
		<b id="44" c="5 43" t="1"/>
	</bonds>
	<geometry>
		<g u="A" t="cart/3d">#43,3:-3.7211,-1.3010,-0.4000;-3.1617,0.1136,-0.5146;-3.4006,0.8719,0.7815;-3.9216,0.8300,-1.6400;-1.6669,0.0930,-0.9072;-0.7622,-0.5572,0.1315;-1.0608,-1.5910,0.3285;-0.7692,-0.0099,1.0775;0.9529,-0.6153,-0.5275;0.8138,-1.2416,-1.8993;1.5346,1.0707,-0.5823;2.0480,1.5740,-1.7883;2.1280,0.9253,-2.6619;2.4714,2.8995,-1.8864;2.8673,3.2766,-2.8268;2.3946,3.7362,-0.7762;2.7359,4.7667,-0.8504;1.8995,3.2478,0.4318;1.8599,3.9016,1.3003;1.4679,1.9234,0.5291;1.0906,1.5705,1.4870;1.9359,-1.5723,0.6047;2.8117,-2.5392,0.0901;2.8842,-2.6882,-0.9851;3.5917,-3.3222,0.9410;4.2663,-4.0697,0.5286;3.5058,-3.1479,2.3202;4.1157,-3.7580,2.9828;2.6420,-2.1915,2.8472;2.5799,-2.0584,3.9267;1.8608,-1.4075,1.9948;1.2004,-0.6689,2.4381;-3.2710,-1.7896,0.4662;-4.8038,-1.2321,-0.2641;-3.4835,-1.8473,-1.3183;-4.4807,0.9751,0.9301;-2.9689,0.3013,1.6074;-2.9275,1.8539,0.7008;-3.5248,1.8467,-1.7343;-3.7739,0.2700,-2.5679;-4.9834,0.8579,-1.3765;-1.6067,-0.4318,-1.8662;-1.3705,1.1352,-1.0726;</g>
	</geometry>
	<conformers/>
	<properties/>
</molecule>
