<?xml version="1.0" ?>
<!--MOLLI PACKAGE EXPERIMENTAL XML FORMAT-->
<molecule name="react_426_c1_frag_0">
	<atoms>
		<a id="1" s="C" t="C.3" l="C"/>
		<a id="2" s="N" t="N.4" l="N"/>
		<a id="3" s="C" t="C.3" l="C"/>
		<a id="4" s="C" t="C.3" l="C"/>
		<a id="5" s="C" t="C.3" l="C"/>
		<a id="6" s="C" t="C.3" l="C"/>
		<a id="7" s="H" t="H" l="H"/>
		<a id="8" s="H" t="H" l="H"/>
		<a id="9" s="C" t="C.ar" l="C"/>
		<a id="10" s="C" t="C.ar" l="C"/>
		<a id="11" s="H" t="H" l="H"/>
		<a id="12" s="C" t="C.ar" l="C"/>
		<a id="13" s="H" t="H" l="H"/>
		<a id="14" s="C" t="C.ar" l="C"/>
		<a id="15" s="H" t="H" l="H"/>
		<a id="16" s="C" t="C.ar" l="C"/>
		<a id="17" s="O" t="O.3" l="O"/>
		<a id="18" s="C" t="C.3" l="C"/>
		<a id="19" s="H" t="H" l="H"/>
		<a id="20" s="H" t="H" l="H"/>
		<a id="21" s="H" t="H" l="H"/>
		<a id="22" s="C" t="C.ar" l="C"/>
		<a id="23" s="C" t="C.3" l="C"/>
		<a id="24" s="H" t="H" l="H"/>
		<a id="25" s="H" t="H" l="H"/>
		<a id="26" s="H" t="H" l="H"/>
		<a id="27" s="H" t="H" l="H"/>
		<a id="28" s="H" t="H" l="H"/>
		<a id="29" s="H" t="H" l="H"/>
		<a id="30" s="H" t="H" l="H"/>
		<a id="31" s="H" t="H" l="H"/>
		<a id="32" s="H" t="H" l="H"/>
		<a id="33" s="H" t="H" l="H"/>
		<a id="34" s="H" t="H" l="H"/>
		<a id="35" s="H" t="H" l="H"/>
		<a id="36" s="H" t="H" l="H"/>
		<a id="37" s="H" t="H" l="H"/>
	</atoms>
	<bonds>
		<b id="1" c="1 2" t="1"/>
		<b id="2" c="3 2" t="1"/>
		<b id="3" c="4 2" t="1"/>
		<b id="4" c="2 5" t="1"/>
		<b id="5" c="5 6" t="1"/>
		<b id="6" c="7 6" t="1"/>
		<b id="7" c="8 6" t="1"/>
		<b id="8" c="6 9" t="1"/>
		<b id="9" c="9 10" t="ar"/>
		<b id="10" c="11 10" t="1"/>
		<b id="11" c="10 12" t="ar"/>
		<b id="12" c="13 12" t="1"/>
		<b id="13" c="12 14" t="ar"/>
		<b id="14" c="15 14" t="1"/>
		<b id="15" c="14 16" t="ar"/>
		<b id="16" c="17 18" t="1"/>
		<b id="17" c="19 18" t="1"/>
		<b id="18" c="20 18" t="1"/>
		<b id="19" c="18 21" t="1"/>
		<b id="20" c="17 16" t="1"/>
		<b id="21" c="16 22" t="ar"/>
		<b id="22" c="22 23" t="1"/>
		<b id="23" c="24 23" t="1"/>
		<b id="24" c="23 25" t="1"/>
		<b id="25" c="22 9" t="ar"/>
		<b id="26" c="1 26" t="1"/>
		<b id="27" c="1 27" t="1"/>
		<b id="28" c="1 28" t="1"/>
		<b id="29" c="3 29" t="1"/>
		<b id="30" c="3 30" t="1"/>
		<b id="31" c="3 31" t="1"/>
		<b id="32" c="4 32" t="1"/>
		<b id="33" c="4 33" t="1"/>
		<b id="34" c="4 34" t="1"/>
		<b id="35" c="5 35" t="1"/>
		<b id="36" c="5 36" t="1"/>
		<b id="37" c="23 37" t="1"/>
	</bonds>
	<geometry>
		<g u="A" t="cart/3d">#37,3:-1.5161,1.3415,0.8260;-2.4425,0.1280,0.7767;-3.2846,0.1764,-0.4878;-3.3839,0.2178,1.9849;-1.6588,-1.1996,0.9020;-0.7911,-1.6172,-0.3013;-1.4263,-1.7041,-1.1912;-0.4361,-2.6421,-0.1286;0.4238,-0.7700,-0.6086;0.4726,-0.1224,-1.8570;-0.3197,-0.2620,-2.5906;1.5333,0.7147,-2.1909;1.5547,1.2106,-3.1591;2.5703,0.9210,-1.2862;3.3699,1.5959,-1.5758;2.5714,0.2608,-0.0562;3.5430,0.4167,0.8994;4.7353,1.0958,0.5197;4.5382,2.1567,0.3354;5.2043,0.6217,-0.3490;5.4379,1.0284,1.3559;1.5141,-0.6181,0.2812;1.5936,-1.3575,1.5959;2.6182,-1.6852,1.8032;1.2552,-0.7096,2.4102;-0.8242,1.2201,1.6638;-2.1305,2.2361,0.9702;-0.9869,1.4312,-0.1215;-3.9081,-0.7215,-0.5226;-2.6232,0.2227,-1.3559;-3.9090,1.0745,-0.4540;-4.0672,-0.6363,1.9557;-3.9468,1.1540,1.9212;-2.7782,0.1968,2.8958;-1.0770,-1.1277,1.8256;-2.4169,-1.9786,1.0531;0.9912,-2.2696,1.5926;</g>
	</geometry>
	<conformers/>
	<properties/>
</molecule>
