<?xml version="1.0" ?>
<!--MOLLI PACKAGE EXPERIMENTAL XML FORMAT-->
<molecule name="react_610_c1_frag_0">
	<atoms>
		<a id="1" s="C" t="C.3" l="C"/>
		<a id="2" s="N" t="N.4" l="N"/>
		<a id="3" s="C" t="C.3" l="C"/>
		<a id="4" s="C" t="C.3" l="C"/>
		<a id="5" s="C" t="C.3" l="C"/>
		<a id="6" s="C" t="C.2" l="C"/>
		<a id="7" s="O" t="O.2" l="O"/>
		<a id="8" s="O" t="O.3" l="O"/>
		<a id="9" s="C" t="C.2" l="C"/>
		<a id="10" s="C" t="C.2" l="C"/>
		<a id="11" s="H" t="H" l="H"/>
		<a id="12" s="C" t="C.2" l="C"/>
		<a id="13" s="H" t="H" l="H"/>
		<a id="14" s="C" t="C.2" l="C"/>
		<a id="15" s="H" t="H" l="H"/>
		<a id="16" s="C" t="C.ar" l="C"/>
		<a id="17" s="C" t="C.ar" l="C"/>
		<a id="18" s="H" t="H" l="H"/>
		<a id="19" s="C" t="C.ar" l="C"/>
		<a id="20" s="H" t="H" l="H"/>
		<a id="21" s="C" t="C.ar" l="C"/>
		<a id="22" s="H" t="H" l="H"/>
		<a id="23" s="C" t="C.ar" l="C"/>
		<a id="24" s="H" t="H" l="H"/>
		<a id="25" s="C" t="C.ar" l="C"/>
		<a id="26" s="H" t="H" l="H"/>
		<a id="27" s="H" t="H" l="H"/>
		<a id="28" s="H" t="H" l="H"/>
		<a id="29" s="H" t="H" l="H"/>
		<a id="30" s="H" t="H" l="H"/>
		<a id="31" s="H" t="H" l="H"/>
		<a id="32" s="H" t="H" l="H"/>
		<a id="33" s="H" t="H" l="H"/>
		<a id="34" s="H" t="H" l="H"/>
		<a id="35" s="H" t="H" l="H"/>
		<a id="36" s="H" t="H" l="H"/>
		<a id="37" s="H" t="H" l="H"/>
		<a id="38" s="H" t="H" l="H"/>
	</atoms>
	<bonds>
		<b id="1" c="1 2" t="1"/>
		<b id="2" c="3 2" t="1"/>
		<b id="3" c="4 2" t="1"/>
		<b id="4" c="2 5" t="1"/>
		<b id="5" c="5 6" t="1"/>
		<b id="6" c="6 7" t="2"/>
		<b id="7" c="6 8" t="1"/>
		<b id="8" c="8 9" t="1"/>
		<b id="9" c="9 10" t="2"/>
		<b id="10" c="11 10" t="1"/>
		<b id="11" c="10 12" t="1"/>
		<b id="12" c="13 12" t="1"/>
		<b id="13" c="12 14" t="2"/>
		<b id="14" c="14 15" t="1"/>
		<b id="15" c="14 16" t="1"/>
		<b id="16" c="16 17" t="ar"/>
		<b id="17" c="18 17" t="1"/>
		<b id="18" c="17 19" t="ar"/>
		<b id="19" c="20 19" t="1"/>
		<b id="20" c="19 21" t="ar"/>
		<b id="21" c="22 21" t="1"/>
		<b id="22" c="21 23" t="ar"/>
		<b id="23" c="24 23" t="1"/>
		<b id="24" c="23 25" t="ar"/>
		<b id="25" c="25 26" t="1"/>
		<b id="26" c="25 16" t="ar"/>
		<b id="27" c="1 27" t="1"/>
		<b id="28" c="1 28" t="1"/>
		<b id="29" c="1 29" t="1"/>
		<b id="30" c="3 30" t="1"/>
		<b id="31" c="3 31" t="1"/>
		<b id="32" c="3 32" t="1"/>
		<b id="33" c="4 33" t="1"/>
		<b id="34" c="4 34" t="1"/>
		<b id="35" c="4 35" t="1"/>
		<b id="36" c="5 36" t="1"/>
		<b id="37" c="5 37" t="1"/>
		<b id="38" c="9 38" t="1"/>
	</bonds>
	<geometry>
		<g u="A" t="cart/3d">#38,3:-4.2533,-1.3227,-1.0641;-4.6046,-0.2851,-0.0050;-4.6426,-0.9580,1.3629;-5.9820,0.2878,-0.3118;-3.5634,0.8935,-0.0165;-2.1070,0.5426,0.2835;-1.7036,-0.5874,0.5227;-1.3670,1.6962,0.2434;0.0279,1.6480,0.3834;0.8573,0.6951,-0.0626;0.4749,-0.1753,-0.5919;2.2911,0.7655,0.1228;2.6713,1.5989,0.7090;3.1317,-0.1520,-0.3814;2.7362,-0.9889,-0.9542;4.5966,-0.1529,-0.2128;5.2882,-1.3611,-0.3855;4.7504,-2.2782,-0.6189;6.6794,-1.4179,-0.2554;7.2016,-2.3620,-0.3938;7.3999,-0.2638,0.0375;8.4821,-0.3070,0.1360;6.7287,0.9461,0.2105;7.2904,1.8498,0.4338;5.3372,1.0017,0.0772;4.8518,1.9674,0.1959;-5.0475,-2.0751,-1.0802;-4.1875,-0.8244,-2.0361;-3.3055,-1.7994,-0.8120;-5.4611,-1.6833,1.3648;-4.8191,-0.1913,2.1224;-3.6976,-1.4712,1.5439;-6.2329,1.0183,0.4618;-5.9445,0.7713,-1.2921;-6.7077,-0.5298,-0.3180;-3.6187,1.3319,-1.0196;-3.9149,1.6145,0.7298;0.3637,2.5583,0.8707;</g>
	</geometry>
	<conformers/>
	<properties/>
</molecule>
