<?xml version="1.0" ?>
<!--MOLLI PACKAGE EXPERIMENTAL XML FORMAT-->
<molecule name="react_72_c1_frag_0">
	<atoms>
		<a id="1" s="C" t="C.3" l="C"/>
		<a id="2" s="N" t="N.4" l="N"/>
		<a id="3" s="C" t="C.3" l="C"/>
		<a id="4" s="C" t="C.3" l="C"/>
		<a id="5" s="C" t="C.3" l="C"/>
		<a id="6" s="C" t="C.3" l="C"/>
		<a id="7" s="H" t="H" l="H"/>
		<a id="8" s="H" t="H" l="H"/>
		<a id="9" s="C" t="C.3" l="C"/>
		<a id="10" s="H" t="H" l="H"/>
		<a id="11" s="H" t="H" l="H"/>
		<a id="12" s="C" t="C.3" l="C"/>
		<a id="13" s="H" t="H" l="H"/>
		<a id="14" s="H" t="H" l="H"/>
		<a id="15" s="C" t="C.3" l="C"/>
		<a id="16" s="H" t="H" l="H"/>
		<a id="17" s="H" t="H" l="H"/>
		<a id="18" s="C" t="C.3" l="C"/>
		<a id="19" s="H" t="H" l="H"/>
		<a id="20" s="H" t="H" l="H"/>
		<a id="21" s="C" t="C.3" l="C"/>
		<a id="22" s="H" t="H" l="H"/>
		<a id="23" s="H" t="H" l="H"/>
		<a id="24" s="H" t="H" l="H"/>
		<a id="25" s="H" t="H" l="H"/>
		<a id="26" s="H" t="H" l="H"/>
		<a id="27" s="H" t="H" l="H"/>
		<a id="28" s="H" t="H" l="H"/>
		<a id="29" s="H" t="H" l="H"/>
		<a id="30" s="H" t="H" l="H"/>
		<a id="31" s="H" t="H" l="H"/>
		<a id="32" s="H" t="H" l="H"/>
		<a id="33" s="H" t="H" l="H"/>
		<a id="34" s="H" t="H" l="H"/>
		<a id="35" s="H" t="H" l="H"/>
	</atoms>
	<bonds>
		<b id="1" c="1 2" t="1"/>
		<b id="2" c="3 2" t="1"/>
		<b id="3" c="4 2" t="1"/>
		<b id="4" c="2 5" t="1"/>
		<b id="5" c="5 6" t="1"/>
		<b id="6" c="7 6" t="1"/>
		<b id="7" c="8 6" t="1"/>
		<b id="8" c="6 9" t="1"/>
		<b id="9" c="10 9" t="1"/>
		<b id="10" c="11 9" t="1"/>
		<b id="11" c="9 12" t="1"/>
		<b id="12" c="13 12" t="1"/>
		<b id="13" c="14 12" t="1"/>
		<b id="14" c="12 15" t="1"/>
		<b id="15" c="16 15" t="1"/>
		<b id="16" c="17 15" t="1"/>
		<b id="17" c="15 18" t="1"/>
		<b id="18" c="19 18" t="1"/>
		<b id="19" c="20 18" t="1"/>
		<b id="20" c="18 21" t="1"/>
		<b id="21" c="22 21" t="1"/>
		<b id="22" c="23 21" t="1"/>
		<b id="23" c="21 24" t="1"/>
		<b id="24" c="1 25" t="1"/>
		<b id="25" c="1 26" t="1"/>
		<b id="26" c="1 27" t="1"/>
		<b id="27" c="3 28" t="1"/>
		<b id="28" c="3 29" t="1"/>
		<b id="29" c="3 30" t="1"/>
		<b id="30" c="4 31" t="1"/>
		<b id="31" c="4 32" t="1"/>
		<b id="32" c="4 33" t="1"/>
		<b id="33" c="5 34" t="1"/>
		<b id="34" c="5 35" t="1"/>
	</bonds>
	<geometry>
		<g u="A" t="cart/3d">#35,3:-3.2919,-0.5123,0.7476;-2.5579,0.6823,0.1501;-3.1194,0.9889,-1.2337;-2.8136,1.8985,1.0474;-1.0348,0.4472,0.1060;-0.6237,-0.7669,-0.7298;-1.0218,-0.6818,-1.7460;-1.0307,-1.6885,-0.3003;0.8999,-0.9100,-0.8483;1.3116,0.0055,-1.2882;1.1128,-1.7247,-1.5515;1.5858,-1.2103,0.4869;1.4782,-0.3612,1.1699;1.0821,-2.0591,0.9660;3.0700,-1.5627,0.3391;3.4680,-1.8052,1.3324;3.1602,-2.4779,-0.2594;3.9480,-0.4810,-0.2949;3.6381,-0.2955,-1.3291;4.9764,-0.8589,-0.3446;3.9519,0.8290,0.4772;4.6731,1.5236,0.0344;4.2343,0.6685,1.5224;2.9705,1.3117,0.4530;-4.3440,-0.2411,0.8783;-2.8357,-0.7517,1.7124;-3.2138,-1.3579,0.0596;-3.0573,0.0900,-1.8516;-2.5363,1.8042,-1.6713;-4.1672,1.2848,-1.1231;-2.4273,1.6779,2.0469;-2.2962,2.7605,0.6157;-3.8916,2.0815,1.0878;-0.5857,1.3628,-0.2972;-0.7120,0.3296,1.1463;</g>
	</geometry>
	<conformers/>
	<properties/>
</molecule>
