<?xml version="1.0" ?>
<!--MOLLI PACKAGE EXPERIMENTAL XML FORMAT-->
<molecule name="react_610_c2_frag_0">
	<atoms>
		<a id="1" s="C" t="C.3" l="C"/>
		<a id="2" s="N" t="N.4" l="N"/>
		<a id="3" s="C" t="C.3" l="C"/>
		<a id="4" s="C" t="C.3" l="C"/>
		<a id="5" s="C" t="C.3" l="C"/>
		<a id="6" s="C" t="C.2" l="C"/>
		<a id="7" s="O" t="O.3" l="O"/>
		<a id="8" s="C" t="C.2" l="C"/>
		<a id="9" s="O" t="O.2" l="O"/>
		<a id="10" s="C" t="C.2" l="C"/>
		<a id="11" s="H" t="H" l="H"/>
		<a id="12" s="C" t="C.2" l="C"/>
		<a id="13" s="H" t="H" l="H"/>
		<a id="14" s="C" t="C.2" l="C"/>
		<a id="15" s="H" t="H" l="H"/>
		<a id="16" s="C" t="C.ar" l="C"/>
		<a id="17" s="C" t="C.ar" l="C"/>
		<a id="18" s="H" t="H" l="H"/>
		<a id="19" s="C" t="C.ar" l="C"/>
		<a id="20" s="H" t="H" l="H"/>
		<a id="21" s="C" t="C.ar" l="C"/>
		<a id="22" s="H" t="H" l="H"/>
		<a id="23" s="C" t="C.ar" l="C"/>
		<a id="24" s="H" t="H" l="H"/>
		<a id="25" s="C" t="C.ar" l="C"/>
		<a id="26" s="H" t="H" l="H"/>
		<a id="27" s="H" t="H" l="H"/>
		<a id="28" s="H" t="H" l="H"/>
		<a id="29" s="H" t="H" l="H"/>
		<a id="30" s="H" t="H" l="H"/>
		<a id="31" s="H" t="H" l="H"/>
		<a id="32" s="H" t="H" l="H"/>
		<a id="33" s="H" t="H" l="H"/>
		<a id="34" s="H" t="H" l="H"/>
		<a id="35" s="H" t="H" l="H"/>
		<a id="36" s="H" t="H" l="H"/>
		<a id="37" s="H" t="H" l="H"/>
		<a id="38" s="H" t="H" l="H"/>
	</atoms>
	<bonds>
		<b id="1" c="1 2" t="1"/>
		<b id="2" c="3 2" t="1"/>
		<b id="3" c="4 2" t="1"/>
		<b id="4" c="2 5" t="1"/>
		<b id="5" c="5 6" t="1"/>
		<b id="6" c="7 8" t="1"/>
		<b id="7" c="8 9" t="2"/>
		<b id="8" c="7 6" t="1"/>
		<b id="9" c="6 10" t="2"/>
		<b id="10" c="11 10" t="1"/>
		<b id="11" c="10 12" t="1"/>
		<b id="12" c="13 12" t="1"/>
		<b id="13" c="12 14" t="2"/>
		<b id="14" c="14 15" t="1"/>
		<b id="15" c="14 16" t="1"/>
		<b id="16" c="16 17" t="ar"/>
		<b id="17" c="18 17" t="1"/>
		<b id="18" c="17 19" t="ar"/>
		<b id="19" c="20 19" t="1"/>
		<b id="20" c="19 21" t="ar"/>
		<b id="21" c="22 21" t="1"/>
		<b id="22" c="21 23" t="ar"/>
		<b id="23" c="24 23" t="1"/>
		<b id="24" c="23 25" t="ar"/>
		<b id="25" c="25 26" t="1"/>
		<b id="26" c="25 16" t="ar"/>
		<b id="27" c="1 27" t="1"/>
		<b id="28" c="1 28" t="1"/>
		<b id="29" c="1 29" t="1"/>
		<b id="30" c="3 30" t="1"/>
		<b id="31" c="3 31" t="1"/>
		<b id="32" c="3 32" t="1"/>
		<b id="33" c="4 33" t="1"/>
		<b id="34" c="4 34" t="1"/>
		<b id="35" c="4 35" t="1"/>
		<b id="36" c="5 36" t="1"/>
		<b id="37" c="5 37" t="1"/>
		<b id="38" c="8 38" t="1"/>
	</bonds>
	<geometry>
		<g u="A" t="cart/3d">#38,3:-2.9389,1.2029,-1.2329;-3.5096,0.2658,-0.1788;-3.7515,-1.1041,-0.7918;-4.8443,0.8253,0.3084;-2.5608,0.1664,1.0418;-1.1605,-0.3367,0.7548;-0.9932,-1.7345,0.6031;-1.1582,-2.4341,1.7695;-1.5835,-1.9933,2.8257;-0.0999,0.4871,0.6565;-0.2372,1.5583,0.8001;1.2531,0.0588,0.3706;1.4273,-1.0038,0.2126;2.2863,0.9137,0.3112;2.1529,1.9767,0.4985;3.6681,0.4969,0.0326;4.7130,1.0912,0.7519;4.5055,1.8272,1.5254;6.0408,0.7400,0.4967;6.8444,1.2014,1.0657;6.3372,-0.1998,-0.4879;7.3712,-0.4710,-0.6873;5.3076,-0.7856,-1.2211;5.5408,-1.5109,-1.9968;3.9791,-0.4358,-0.9659;3.1962,-0.8922,-1.5655;-2.7320,2.1690,-0.7633;-3.6808,1.3184,-2.0290;-2.0239,0.7661,-1.6417;-4.0938,-1.7824,-0.0049;-4.5172,-1.0047,-1.5675;-2.8222,-1.4648,-1.2399;-5.2539,0.1425,1.0587;-5.5225,0.9019,-0.5468;-4.6684,1.8139,0.7429;-3.0770,-0.4610,1.7745;-2.5153,1.1764,1.4698;-0.8787,-3.4852,1.5938;</g>
	</geometry>
	<conformers/>
	<properties/>
</molecule>
