<?xml version="1.0" ?>
<!--MOLLI PACKAGE EXPERIMENTAL XML FORMAT-->
<molecule name="react_611_c2_frag_0">
	<atoms>
		<a id="1" s="C" t="C.3" l="C"/>
		<a id="2" s="N" t="N.4" l="N"/>
		<a id="3" s="C" t="C.3" l="C"/>
		<a id="4" s="C" t="C.3" l="C"/>
		<a id="5" s="C" t="C.3" l="C"/>
		<a id="6" s="C" t="C.2" l="C"/>
		<a id="7" s="O" t="O.3" l="O"/>
		<a id="8" s="C" t="C.2" l="C"/>
		<a id="9" s="O" t="O.2" l="O"/>
		<a id="10" s="C" t="C.2" l="C"/>
		<a id="11" s="H" t="H" l="H"/>
		<a id="12" s="C" t="C.2" l="C"/>
		<a id="13" s="H" t="H" l="H"/>
		<a id="14" s="C" t="C.2" l="C"/>
		<a id="15" s="H" t="H" l="H"/>
		<a id="16" s="C" t="C.ar" l="C"/>
		<a id="17" s="C" t="C.ar" l="C"/>
		<a id="18" s="H" t="H" l="H"/>
		<a id="19" s="C" t="C.ar" l="C"/>
		<a id="20" s="H" t="H" l="H"/>
		<a id="21" s="C" t="C.ar" l="C"/>
		<a id="22" s="H" t="H" l="H"/>
		<a id="23" s="C" t="C.ar" l="C"/>
		<a id="24" s="H" t="H" l="H"/>
		<a id="25" s="C" t="C.ar" l="C"/>
		<a id="26" s="H" t="H" l="H"/>
		<a id="27" s="H" t="H" l="H"/>
		<a id="28" s="H" t="H" l="H"/>
		<a id="29" s="H" t="H" l="H"/>
		<a id="30" s="H" t="H" l="H"/>
		<a id="31" s="H" t="H" l="H"/>
		<a id="32" s="H" t="H" l="H"/>
		<a id="33" s="H" t="H" l="H"/>
		<a id="34" s="H" t="H" l="H"/>
		<a id="35" s="H" t="H" l="H"/>
		<a id="36" s="H" t="H" l="H"/>
		<a id="37" s="H" t="H" l="H"/>
		<a id="38" s="H" t="H" l="H"/>
	</atoms>
	<bonds>
		<b id="1" c="1 2" t="1"/>
		<b id="2" c="3 2" t="1"/>
		<b id="3" c="4 2" t="1"/>
		<b id="4" c="2 5" t="1"/>
		<b id="5" c="5 6" t="1"/>
		<b id="6" c="7 8" t="1"/>
		<b id="7" c="8 9" t="2"/>
		<b id="8" c="7 6" t="1"/>
		<b id="9" c="6 10" t="2"/>
		<b id="10" c="11 10" t="1"/>
		<b id="11" c="10 12" t="1"/>
		<b id="12" c="13 12" t="1"/>
		<b id="13" c="12 14" t="2"/>
		<b id="14" c="14 15" t="1"/>
		<b id="15" c="14 16" t="1"/>
		<b id="16" c="16 17" t="ar"/>
		<b id="17" c="18 17" t="1"/>
		<b id="18" c="17 19" t="ar"/>
		<b id="19" c="20 19" t="1"/>
		<b id="20" c="19 21" t="ar"/>
		<b id="21" c="22 21" t="1"/>
		<b id="22" c="21 23" t="ar"/>
		<b id="23" c="24 23" t="1"/>
		<b id="24" c="23 25" t="ar"/>
		<b id="25" c="25 26" t="1"/>
		<b id="26" c="25 16" t="ar"/>
		<b id="27" c="1 27" t="1"/>
		<b id="28" c="1 28" t="1"/>
		<b id="29" c="1 29" t="1"/>
		<b id="30" c="3 30" t="1"/>
		<b id="31" c="3 31" t="1"/>
		<b id="32" c="3 32" t="1"/>
		<b id="33" c="4 33" t="1"/>
		<b id="34" c="4 34" t="1"/>
		<b id="35" c="4 35" t="1"/>
		<b id="36" c="5 36" t="1"/>
		<b id="37" c="5 37" t="1"/>
		<b id="38" c="8 38" t="1"/>
	</bonds>
	<geometry>
		<g u="A" t="cart/3d">#38,3:-2.9182,-1.6813,0.1238;-3.5328,-0.4296,-0.4926;-4.5714,-0.8567,-1.5282;-4.2445,0.3676,0.5880;-2.4635,0.4257,-1.2069;-1.1702,0.7125,-0.4794;-1.1655,1.8787,0.3197;-1.0829,1.6451,1.6662;-1.2185,0.5699,2.2296;-0.0399,0.0245,-0.7448;-0.0826,-0.8210,-1.4313;1.2744,0.3156,-0.2120;1.3841,1.1763,0.4434;2.3574,-0.4181,-0.5132;2.3020,-1.2661,-1.1913;3.6959,-0.1267,0.0176;3.9101,0.1514,1.3742;3.0808,0.1653,2.0769;5.1996,0.3976,1.8519;5.3583,0.6121,2.9058;6.2861,0.3589,0.9804;7.2900,0.5484,1.3527;6.0859,0.0680,-0.3674;6.9345,0.0315,-1.0462;4.7970,-0.1796,-0.8460;4.6637,-0.4058,-1.9014;-2.2402,-1.3936,0.9289;-2.3836,-2.2248,-0.6607;-3.7273,-2.2984,0.5270;-4.0747,-1.4668,-2.2887;-5.0010,0.0435,-1.9777;-5.3479,-1.4405,-1.0245;-5.0554,-0.2457,0.9935;-4.6494,1.2792,0.1390;-3.5421,0.6113,1.3819;-2.2376,-0.1014,-2.1435;-2.9503,1.3671,-1.4915;-0.9203,2.6057,2.1807;</g>
	</geometry>
	<conformers/>
	<properties/>
</molecule>
