<?xml version="1.0" ?>
<!--MOLLI PACKAGE EXPERIMENTAL XML FORMAT-->
<molecule name="react_4_c2_frag_0">
	<atoms>
		<a id="1" s="C" t="C.3" l="C"/>
		<a id="2" s="N" t="N.4" l="N"/>
		<a id="3" s="C" t="C.3" l="C"/>
		<a id="4" s="C" t="C.3" l="C"/>
		<a id="5" s="C" t="C.3" l="C"/>
		<a id="6" s="C" t="C.ar" l="C"/>
		<a id="7" s="C" t="C.ar" l="C"/>
		<a id="8" s="H" t="H" l="H"/>
		<a id="9" s="C" t="C.ar" l="C"/>
		<a id="10" s="H" t="H" l="H"/>
		<a id="11" s="C" t="C.ar" l="C"/>
		<a id="12" s="H" t="H" l="H"/>
		<a id="13" s="C" t="C.ar" l="C"/>
		<a id="14" s="C" t="C.ar" l="C"/>
		<a id="15" s="H" t="H" l="H"/>
		<a id="16" s="C" t="C.ar" l="C"/>
		<a id="17" s="H" t="H" l="H"/>
		<a id="18" s="C" t="C.ar" l="C"/>
		<a id="19" s="H" t="H" l="H"/>
		<a id="20" s="C" t="C.ar" l="C"/>
		<a id="21" s="H" t="H" l="H"/>
		<a id="22" s="C" t="C.ar" l="C"/>
		<a id="23" s="H" t="H" l="H"/>
		<a id="24" s="H" t="H" l="H"/>
		<a id="25" s="H" t="H" l="H"/>
		<a id="26" s="H" t="H" l="H"/>
		<a id="27" s="H" t="H" l="H"/>
		<a id="28" s="H" t="H" l="H"/>
		<a id="29" s="H" t="H" l="H"/>
		<a id="30" s="H" t="H" l="H"/>
		<a id="31" s="H" t="H" l="H"/>
		<a id="32" s="H" t="H" l="H"/>
		<a id="33" s="H" t="H" l="H"/>
	</atoms>
	<bonds>
		<b id="1" c="1 2" t="1"/>
		<b id="2" c="3 2" t="1"/>
		<b id="3" c="4 2" t="1"/>
		<b id="4" c="2 5" t="1"/>
		<b id="5" c="5 6" t="1"/>
		<b id="6" c="6 7" t="ar"/>
		<b id="7" c="8 7" t="1"/>
		<b id="8" c="7 9" t="ar"/>
		<b id="9" c="10 9" t="1"/>
		<b id="10" c="9 11" t="ar"/>
		<b id="11" c="12 11" t="1"/>
		<b id="12" c="11 13" t="ar"/>
		<b id="13" c="13 14" t="ar"/>
		<b id="14" c="15 14" t="1"/>
		<b id="15" c="14 16" t="ar"/>
		<b id="16" c="17 16" t="1"/>
		<b id="17" c="16 18" t="ar"/>
		<b id="18" c="19 18" t="1"/>
		<b id="19" c="18 20" t="ar"/>
		<b id="20" c="21 20" t="1"/>
		<b id="21" c="20 22" t="ar"/>
		<b id="22" c="22 6" t="ar"/>
		<b id="23" c="22 13" t="ar"/>
		<b id="24" c="1 23" t="1"/>
		<b id="25" c="1 24" t="1"/>
		<b id="26" c="1 25" t="1"/>
		<b id="27" c="3 26" t="1"/>
		<b id="28" c="3 27" t="1"/>
		<b id="29" c="3 28" t="1"/>
		<b id="30" c="4 29" t="1"/>
		<b id="31" c="4 30" t="1"/>
		<b id="32" c="4 31" t="1"/>
		<b id="33" c="5 32" t="1"/>
		<b id="34" c="5 33" t="1"/>
	</bonds>
	<geometry>
		<g u="A" t="cart/3d">#33,3:-1.7002,-0.5782,-1.3841;-2.0742,-0.5743,0.0915;-3.0670,-1.7042,0.3481;-2.7491,0.7492,0.4218;-0.8338,-0.8133,0.9898;0.3002,0.1831,0.8763;0.2297,1.3467,1.6706;-0.5879,1.4975,2.3735;1.2044,2.3330,1.5866;1.1398,3.2272,2.2033;2.2725,2.1735,0.7127;3.0260,2.9588,0.6609;2.3964,1.0193,-0.0709;3.5010,0.8853,-0.9269;4.2505,1.6732,-0.9898;3.6735,-0.2561,-1.7044;4.5400,-0.3453,-2.3558;2.7455,-1.2832,-1.6290;2.8899,-2.1847,-2.2206;1.6382,-1.1633,-0.7842;0.9649,-2.0139,-0.7540;1.4188,-0.0079,0.0080;-1.0298,0.2605,-1.5872;-1.2252,-1.5338,-1.6200;-2.6175,-0.4645,-1.9707;-3.9473,-1.5457,-0.2822;-3.3475,-1.6853,1.4055;-2.5857,-2.6535,0.0951;-3.6825,0.8122,-0.1465;-2.9594,0.7745,1.4949;-2.0897,1.5705,0.1304;-1.2041,-0.8229,2.0241;-0.4903,-1.8344,0.7933;</g>
	</geometry>
	<conformers/>
	<properties/>
</molecule>
