<?xml version="1.0" ?>
<!--MOLLI PACKAGE EXPERIMENTAL XML FORMAT-->
<molecule name="react_10_c1_frag_0">
	<atoms>
		<a id="1" s="C" t="C.3" l="C"/>
		<a id="2" s="N" t="N.4" l="N"/>
		<a id="3" s="C" t="C.3" l="C"/>
		<a id="4" s="C" t="C.3" l="C"/>
		<a id="5" s="C" t="C.3" l="C"/>
		<a id="6" s="C" t="C.2" l="C"/>
		<a id="7" s="O" t="O.2" l="O"/>
		<a id="8" s="O" t="O.3" l="O"/>
		<a id="9" s="C" t="C.3" l="C"/>
		<a id="10" s="H" t="H" l="H"/>
		<a id="11" s="H" t="H" l="H"/>
		<a id="12" s="C" t="C.3" l="C"/>
		<a id="13" s="H" t="H" l="H"/>
		<a id="14" s="H" t="H" l="H"/>
		<a id="15" s="H" t="H" l="H"/>
		<a id="16" s="H" t="H" l="H"/>
		<a id="17" s="H" t="H" l="H"/>
		<a id="18" s="H" t="H" l="H"/>
		<a id="19" s="H" t="H" l="H"/>
		<a id="20" s="H" t="H" l="H"/>
		<a id="21" s="H" t="H" l="H"/>
		<a id="22" s="H" t="H" l="H"/>
		<a id="23" s="H" t="H" l="H"/>
		<a id="24" s="H" t="H" l="H"/>
		<a id="25" s="H" t="H" l="H"/>
		<a id="26" s="H" t="H" l="H"/>
	</atoms>
	<bonds>
		<b id="1" c="1 2" t="1"/>
		<b id="2" c="3 2" t="1"/>
		<b id="3" c="4 2" t="1"/>
		<b id="4" c="2 5" t="1"/>
		<b id="5" c="5 6" t="1"/>
		<b id="6" c="6 7" t="2"/>
		<b id="7" c="6 8" t="1"/>
		<b id="8" c="8 9" t="1"/>
		<b id="9" c="10 9" t="1"/>
		<b id="10" c="11 9" t="1"/>
		<b id="11" c="9 12" t="1"/>
		<b id="12" c="13 12" t="1"/>
		<b id="13" c="14 12" t="1"/>
		<b id="14" c="12 15" t="1"/>
		<b id="15" c="1 16" t="1"/>
		<b id="16" c="1 17" t="1"/>
		<b id="17" c="1 18" t="1"/>
		<b id="18" c="3 19" t="1"/>
		<b id="19" c="3 20" t="1"/>
		<b id="20" c="3 21" t="1"/>
		<b id="21" c="4 22" t="1"/>
		<b id="22" c="4 23" t="1"/>
		<b id="23" c="4 24" t="1"/>
		<b id="24" c="5 25" t="1"/>
		<b id="25" c="5 26" t="1"/>
	</bonds>
	<geometry>
		<g u="A" t="cart/3d">#26,3:-2.0816,-1.3788,-0.3450;-1.8107,0.0699,0.0444;-2.0343,0.9720,-1.1640;-2.7749,0.4752,1.1518;-0.3458,0.2294,0.5867;0.7955,-0.1251,-0.3649;0.6558,-0.5222,-1.5127;1.9871,0.0696,0.2627;3.1419,-0.2323,-0.5370;3.1155,-1.2856,-0.8374;3.1495,0.4067,-1.4270;4.3785,0.0339,0.2986;4.4055,1.0788,0.6250;4.3720,-0.5823,1.2038;5.2874,-0.1824,-0.2696;-3.1394,-1.4693,-0.6106;-1.4643,-1.6498,-1.2031;-1.8504,-2.0149,0.5142;-3.0914,0.9158,-1.4416;-1.4185,0.6290,-1.9970;-1.7697,1.9954,-0.8829;-2.5756,1.5168,1.4202;-3.7984,0.3664,0.7806;-2.6098,-0.1808,2.0116;-0.2450,1.2805,0.8784;-0.2791,-0.4160,1.4695;</g>
	</geometry>
	<conformers/>
	<properties/>
</molecule>
