<?xml version="1.0" ?>
<!--MOLLI PACKAGE EXPERIMENTAL XML FORMAT-->
<molecule name="react_72_c2_frag_0">
	<atoms>
		<a id="1" s="C" t="C.3" l="C"/>
		<a id="2" s="N" t="N.4" l="N"/>
		<a id="3" s="C" t="C.3" l="C"/>
		<a id="4" s="C" t="C.3" l="C"/>
		<a id="5" s="C" t="C.3" l="C"/>
		<a id="6" s="Si" t="Si" l="SI"/>
		<a id="7" s="C" t="C.3" l="C"/>
		<a id="8" s="H" t="H" l="H"/>
		<a id="9" s="H" t="H" l="H"/>
		<a id="10" s="H" t="H" l="H"/>
		<a id="11" s="C" t="C.3" l="C"/>
		<a id="12" s="H" t="H" l="H"/>
		<a id="13" s="H" t="H" l="H"/>
		<a id="14" s="H" t="H" l="H"/>
		<a id="15" s="C" t="C.3" l="C"/>
		<a id="16" s="H" t="H" l="H"/>
		<a id="17" s="H" t="H" l="H"/>
		<a id="18" s="H" t="H" l="H"/>
		<a id="19" s="H" t="H" l="H"/>
		<a id="20" s="H" t="H" l="H"/>
		<a id="21" s="H" t="H" l="H"/>
		<a id="22" s="H" t="H" l="H"/>
		<a id="23" s="H" t="H" l="H"/>
		<a id="24" s="H" t="H" l="H"/>
		<a id="25" s="H" t="H" l="H"/>
		<a id="26" s="H" t="H" l="H"/>
		<a id="27" s="H" t="H" l="H"/>
		<a id="28" s="H" t="H" l="H"/>
		<a id="29" s="H" t="H" l="H"/>
	</atoms>
	<bonds>
		<b id="1" c="1 2" t="1"/>
		<b id="2" c="3 2" t="1"/>
		<b id="3" c="4 2" t="1"/>
		<b id="4" c="2 5" t="1"/>
		<b id="5" c="5 6" t="1"/>
		<b id="6" c="8 7" t="1"/>
		<b id="7" c="9 7" t="1"/>
		<b id="8" c="7 10" t="1"/>
		<b id="9" c="7 6" t="1"/>
		<b id="10" c="12 11" t="1"/>
		<b id="11" c="13 11" t="1"/>
		<b id="12" c="11 14" t="1"/>
		<b id="13" c="11 6" t="1"/>
		<b id="14" c="6 15" t="1"/>
		<b id="15" c="16 15" t="1"/>
		<b id="16" c="17 15" t="1"/>
		<b id="17" c="15 18" t="1"/>
		<b id="18" c="1 19" t="1"/>
		<b id="19" c="1 20" t="1"/>
		<b id="20" c="1 21" t="1"/>
		<b id="21" c="3 22" t="1"/>
		<b id="22" c="3 23" t="1"/>
		<b id="23" c="3 24" t="1"/>
		<b id="24" c="4 25" t="1"/>
		<b id="25" c="4 26" t="1"/>
		<b id="26" c="4 27" t="1"/>
		<b id="27" c="5 28" t="1"/>
		<b id="28" c="5 29" t="1"/>
	</bonds>
	<geometry>
		<g u="A" t="cart/3d">#29,3:1.5517,0.9272,-1.2005;1.5342,-0.1431,-0.1146;1.5441,-1.5280,-0.7574;2.8351,-0.0049,0.6974;0.3524,0.0294,0.8860;-1.4416,0.1378,0.3032;-1.9213,-1.2447,-0.8579;-3.0074,-1.2731,-0.9902;-1.4736,-1.1056,-1.8459;-1.6051,-2.2154,-0.4648;-1.7726,1.7962,-0.5123;-1.2833,1.8682,-1.4869;-2.8469,1.9362,-0.6664;-1.4095,2.6141,0.1170;-2.5322,0.0203,1.8432;-2.3749,-0.9364,2.3494;-2.2930,0.8270,2.5422;-3.5884,0.0993,1.5698;2.4944,0.8461,-1.7505;1.4720,1.9073,-0.7221;0.7184,0.7501,-1.8838;2.4836,-1.6470,-1.3063;1.4669,-2.2792,0.0335;0.7088,-1.6045,-1.4530;2.8366,-0.7730,1.4764;3.6846,-0.1434,0.0218;2.8603,0.9954,1.1397;0.5678,0.9499,1.4422;0.4388,-0.8062,1.5910;</g>
	</geometry>
	<conformers/>
	<properties/>
</molecule>
