<?xml version="1.0" ?>
<!--MOLLI PACKAGE EXPERIMENTAL XML FORMAT-->
<molecule name="react_17_c2_frag_0">
	<atoms>
		<a id="1" s="C" t="C.3" l="C"/>
		<a id="2" s="N" t="N.4" l="N"/>
		<a id="3" s="C" t="C.3" l="C"/>
		<a id="4" s="C" t="C.3" l="C"/>
		<a id="5" s="C" t="C.3" l="C"/>
		<a id="6" s="C" t="C.3" l="C"/>
		<a id="7" s="H" t="H" l="H"/>
		<a id="8" s="H" t="H" l="H"/>
		<a id="9" s="O" t="O.3" l="O"/>
		<a id="10" s="C" t="C.ar" l="C"/>
		<a id="11" s="C" t="C.ar" l="C"/>
		<a id="12" s="H" t="H" l="H"/>
		<a id="13" s="C" t="C.ar" l="C"/>
		<a id="14" s="H" t="H" l="H"/>
		<a id="15" s="C" t="C.ar" l="C"/>
		<a id="16" s="H" t="H" l="H"/>
		<a id="17" s="C" t="C.ar" l="C"/>
		<a id="18" s="C" t="C.ar" l="C"/>
		<a id="19" s="H" t="H" l="H"/>
		<a id="20" s="C" t="C.ar" l="C"/>
		<a id="21" s="H" t="H" l="H"/>
		<a id="22" s="C" t="C.ar" l="C"/>
		<a id="23" s="H" t="H" l="H"/>
		<a id="24" s="C" t="C.ar" l="C"/>
		<a id="25" s="H" t="H" l="H"/>
		<a id="26" s="C" t="C.ar" l="C"/>
		<a id="27" s="H" t="H" l="H"/>
		<a id="28" s="H" t="H" l="H"/>
		<a id="29" s="H" t="H" l="H"/>
		<a id="30" s="H" t="H" l="H"/>
		<a id="31" s="H" t="H" l="H"/>
		<a id="32" s="H" t="H" l="H"/>
		<a id="33" s="H" t="H" l="H"/>
		<a id="34" s="H" t="H" l="H"/>
		<a id="35" s="H" t="H" l="H"/>
		<a id="36" s="H" t="H" l="H"/>
		<a id="37" s="H" t="H" l="H"/>
	</atoms>
	<bonds>
		<b id="1" c="1 2" t="1"/>
		<b id="2" c="3 2" t="1"/>
		<b id="3" c="4 2" t="1"/>
		<b id="4" c="2 5" t="1"/>
		<b id="5" c="5 6" t="1"/>
		<b id="6" c="7 6" t="1"/>
		<b id="7" c="8 6" t="1"/>
		<b id="8" c="6 9" t="1"/>
		<b id="9" c="9 10" t="1"/>
		<b id="10" c="10 11" t="ar"/>
		<b id="11" c="12 11" t="1"/>
		<b id="12" c="11 13" t="ar"/>
		<b id="13" c="14 13" t="1"/>
		<b id="14" c="13 15" t="ar"/>
		<b id="15" c="16 15" t="1"/>
		<b id="16" c="15 17" t="ar"/>
		<b id="17" c="17 18" t="ar"/>
		<b id="18" c="19 18" t="1"/>
		<b id="19" c="18 20" t="ar"/>
		<b id="20" c="21 20" t="1"/>
		<b id="21" c="20 22" t="ar"/>
		<b id="22" c="23 22" t="1"/>
		<b id="23" c="22 24" t="ar"/>
		<b id="24" c="25 24" t="1"/>
		<b id="25" c="24 26" t="ar"/>
		<b id="26" c="26 10" t="ar"/>
		<b id="27" c="26 17" t="ar"/>
		<b id="28" c="1 27" t="1"/>
		<b id="29" c="1 28" t="1"/>
		<b id="30" c="1 29" t="1"/>
		<b id="31" c="3 30" t="1"/>
		<b id="32" c="3 31" t="1"/>
		<b id="33" c="3 32" t="1"/>
		<b id="34" c="4 33" t="1"/>
		<b id="35" c="4 34" t="1"/>
		<b id="36" c="4 35" t="1"/>
		<b id="37" c="5 36" t="1"/>
		<b id="38" c="5 37" t="1"/>
	</bonds>
	<geometry>
		<g u="A" t="cart/3d">#37,3:-3.1445,0.9995,0.2296;-2.7018,-0.2103,-0.5834;-2.7811,0.1554,-2.0699;-3.6417,-1.3809,-0.3280;-1.2346,-0.5844,-0.2749;-0.9566,-0.9834,1.1845;-1.5733,-1.8441,1.4603;-1.2063,-0.1806,1.8858;0.4033,-1.4185,1.3405;1.2915,-0.3688,1.3858;1.2686,0.5148,2.4679;0.5876,0.3602,3.3000;2.1488,1.5913,2.4989;2.1419,2.2809,3.3402;3.0592,1.7766,1.4582;3.7433,2.6229,1.5050;3.1225,0.8739,0.3842;4.0571,1.0502,-0.6489;4.7444,1.8944,-0.6328;4.1375,0.1420,-1.7049;4.8770,0.2866,-2.4893;3.2898,-0.9590,-1.7394;3.3718,-1.6811,-2.5482;2.3522,-1.1463,-0.7227;1.7231,-2.0328,-0.7560;2.2417,-0.2329,0.3484;-2.4263,1.8082,0.0670;-3.1822,0.7209,1.2857;-4.1411,1.2977,-0.1098;-2.1141,1.0030,-2.2537;-2.4700,-0.7143,-2.6563;-3.8146,0.4253,-2.3066;-3.2692,-2.2504,-0.8771;-3.6719,-1.5831,0.7455;-4.6406,-1.1048,-0.6792;-0.6257,0.2813,-0.5606;-0.9656,-1.4097,-0.9459;</g>
	</geometry>
	<conformers/>
	<properties/>
</molecule>
