<?xml version="1.0" ?>
<!--MOLLI PACKAGE EXPERIMENTAL XML FORMAT-->
<molecule name="react_18_c2_frag_0">
	<atoms>
		<a id="1" s="C" t="C.3" l="C"/>
		<a id="2" s="N" t="N.4" l="N"/>
		<a id="3" s="C" t="C.3" l="C"/>
		<a id="4" s="C" t="C.3" l="C"/>
		<a id="5" s="C" t="C.3" l="C"/>
		<a id="6" s="C" t="C.ar" l="C"/>
		<a id="7" s="C" t="C.ar" l="C"/>
		<a id="8" s="H" t="H" l="H"/>
		<a id="9" s="C" t="C.ar" l="C"/>
		<a id="10" s="H" t="H" l="H"/>
		<a id="11" s="C" t="C.ar" l="C"/>
		<a id="12" s="H" t="H" l="H"/>
		<a id="13" s="C" t="C.ar" l="C"/>
		<a id="14" s="O" t="O.3" l="O"/>
		<a id="15" s="C" t="C.3" l="C"/>
		<a id="16" s="H" t="H" l="H"/>
		<a id="17" s="H" t="H" l="H"/>
		<a id="18" s="H" t="H" l="H"/>
		<a id="19" s="C" t="C.ar" l="C"/>
		<a id="20" s="H" t="H" l="H"/>
		<a id="21" s="H" t="H" l="H"/>
		<a id="22" s="H" t="H" l="H"/>
		<a id="23" s="H" t="H" l="H"/>
		<a id="24" s="H" t="H" l="H"/>
		<a id="25" s="H" t="H" l="H"/>
		<a id="26" s="H" t="H" l="H"/>
		<a id="27" s="H" t="H" l="H"/>
		<a id="28" s="H" t="H" l="H"/>
		<a id="29" s="H" t="H" l="H"/>
		<a id="30" s="H" t="H" l="H"/>
		<a id="31" s="H" t="H" l="H"/>
	</atoms>
	<bonds>
		<b id="1" c="1 2" t="1"/>
		<b id="2" c="3 2" t="1"/>
		<b id="3" c="4 2" t="1"/>
		<b id="4" c="2 5" t="1"/>
		<b id="5" c="5 6" t="1"/>
		<b id="6" c="6 7" t="ar"/>
		<b id="7" c="8 7" t="1"/>
		<b id="8" c="7 9" t="ar"/>
		<b id="9" c="10 9" t="1"/>
		<b id="10" c="9 11" t="ar"/>
		<b id="11" c="12 11" t="1"/>
		<b id="12" c="11 13" t="ar"/>
		<b id="13" c="14 15" t="1"/>
		<b id="14" c="16 15" t="1"/>
		<b id="15" c="17 15" t="1"/>
		<b id="16" c="15 18" t="1"/>
		<b id="17" c="14 13" t="1"/>
		<b id="18" c="13 19" t="ar"/>
		<b id="19" c="19 20" t="1"/>
		<b id="20" c="19 6" t="ar"/>
		<b id="21" c="1 21" t="1"/>
		<b id="22" c="1 22" t="1"/>
		<b id="23" c="1 23" t="1"/>
		<b id="24" c="3 24" t="1"/>
		<b id="25" c="3 25" t="1"/>
		<b id="26" c="3 26" t="1"/>
		<b id="27" c="4 27" t="1"/>
		<b id="28" c="4 28" t="1"/>
		<b id="29" c="4 29" t="1"/>
		<b id="30" c="5 30" t="1"/>
		<b id="31" c="5 31" t="1"/>
	</bonds>
	<geometry>
		<g u="A" t="cart/3d">#31,3:-2.4568,-0.8334,0.8695;-2.2025,0.4454,0.0861;-3.5346,0.9757,-0.4354;-1.5932,1.4874,1.0142;-1.2872,0.1793,-1.1278;0.0882,-0.3605,-0.8316;0.3313,-1.7403,-0.7986;-0.4612,-2.4570,-1.0058;1.6079,-2.2248,-0.5102;1.7925,-3.2976,-0.4890;2.6590,-1.3410,-0.2550;3.6368,-1.7586,-0.0340;2.4391,0.0334,-0.2964;3.3692,1.0081,-0.0695;4.7095,0.5809,0.1533;4.7851,-0.0109,1.0714;5.3280,1.4745,0.2803;5.0958,0.0266,-0.7085;1.1590,0.5145,-0.5882;1.0166,1.5931,-0.6307;-3.1935,-0.6188,1.6500;-2.8438,-1.5911,0.1819;-1.5221,-1.1645,1.3294;-3.3474,1.9020,-0.9868;-3.9758,0.2199,-1.0920;-4.1921,1.1677,0.4179;-2.3265,1.7277,1.7904;-0.6941,1.0734,1.4777;-1.3571,2.3799,0.4276;-1.8260,-0.5183,-1.7823;-1.2042,1.1270,-1.6759;</g>
	</geometry>
	<conformers/>
	<properties/>
</molecule>
