<?xml version="1.0" ?>
<!--MOLLI PACKAGE EXPERIMENTAL XML FORMAT-->
<molecule name="react_19_c2_frag_0">
	<atoms>
		<a id="1" s="C" t="C.3" l="C"/>
		<a id="2" s="N" t="N.4" l="N"/>
		<a id="3" s="C" t="C.3" l="C"/>
		<a id="4" s="C" t="C.3" l="C"/>
		<a id="5" s="C" t="C.3" l="C"/>
		<a id="6" s="C" t="C.ar" l="C"/>
		<a id="7" s="C" t="C.ar" l="C"/>
		<a id="8" s="H" t="H" l="H"/>
		<a id="9" s="C" t="C.ar" l="C"/>
		<a id="10" s="O" t="O.3" l="O"/>
		<a id="11" s="C" t="C.3" l="C"/>
		<a id="12" s="H" t="H" l="H"/>
		<a id="13" s="H" t="H" l="H"/>
		<a id="14" s="H" t="H" l="H"/>
		<a id="15" s="C" t="C.ar" l="C"/>
		<a id="16" s="O" t="O.3" l="O"/>
		<a id="17" s="C" t="C.3" l="C"/>
		<a id="18" s="H" t="H" l="H"/>
		<a id="19" s="H" t="H" l="H"/>
		<a id="20" s="H" t="H" l="H"/>
		<a id="21" s="C" t="C.ar" l="C"/>
		<a id="22" s="O" t="O.3" l="O"/>
		<a id="23" s="C" t="C.3" l="C"/>
		<a id="24" s="H" t="H" l="H"/>
		<a id="25" s="H" t="H" l="H"/>
		<a id="26" s="H" t="H" l="H"/>
		<a id="27" s="C" t="C.ar" l="C"/>
		<a id="28" s="H" t="H" l="H"/>
		<a id="29" s="H" t="H" l="H"/>
		<a id="30" s="H" t="H" l="H"/>
		<a id="31" s="H" t="H" l="H"/>
		<a id="32" s="H" t="H" l="H"/>
		<a id="33" s="H" t="H" l="H"/>
		<a id="34" s="H" t="H" l="H"/>
		<a id="35" s="H" t="H" l="H"/>
		<a id="36" s="H" t="H" l="H"/>
		<a id="37" s="H" t="H" l="H"/>
		<a id="38" s="H" t="H" l="H"/>
		<a id="39" s="H" t="H" l="H"/>
	</atoms>
	<bonds>
		<b id="1" c="1 2" t="1"/>
		<b id="2" c="3 2" t="1"/>
		<b id="3" c="4 2" t="1"/>
		<b id="4" c="2 5" t="1"/>
		<b id="5" c="5 6" t="1"/>
		<b id="6" c="6 7" t="ar"/>
		<b id="7" c="8 7" t="1"/>
		<b id="8" c="7 9" t="ar"/>
		<b id="9" c="10 11" t="1"/>
		<b id="10" c="12 11" t="1"/>
		<b id="11" c="13 11" t="1"/>
		<b id="12" c="11 14" t="1"/>
		<b id="13" c="10 9" t="1"/>
		<b id="14" c="9 15" t="ar"/>
		<b id="15" c="16 17" t="1"/>
		<b id="16" c="18 17" t="1"/>
		<b id="17" c="19 17" t="1"/>
		<b id="18" c="17 20" t="1"/>
		<b id="19" c="16 15" t="1"/>
		<b id="20" c="15 21" t="ar"/>
		<b id="21" c="22 23" t="1"/>
		<b id="22" c="24 23" t="1"/>
		<b id="23" c="25 23" t="1"/>
		<b id="24" c="23 26" t="1"/>
		<b id="25" c="22 21" t="1"/>
		<b id="26" c="21 27" t="ar"/>
		<b id="27" c="27 28" t="1"/>
		<b id="28" c="27 6" t="ar"/>
		<b id="29" c="1 29" t="1"/>
		<b id="30" c="1 30" t="1"/>
		<b id="31" c="1 31" t="1"/>
		<b id="32" c="3 32" t="1"/>
		<b id="33" c="3 33" t="1"/>
		<b id="34" c="3 34" t="1"/>
		<b id="35" c="4 35" t="1"/>
		<b id="36" c="4 36" t="1"/>
		<b id="37" c="4 37" t="1"/>
		<b id="38" c="5 38" t="1"/>
		<b id="39" c="5 39" t="1"/>
	</bonds>
	<geometry>
		<g u="A" t="cart/3d">#39,3:-2.8879,0.7374,0.9541;-2.7719,-0.4990,0.0726;-4.1171,-0.7395,-0.6088;-2.4488,-1.7022,0.9485;-1.7075,-0.3049,-1.0285;-0.2934,-0.0515,-0.5631;0.1552,1.2625,-0.3330;-0.5187,2.0920,-0.5256;1.4424,1.5036,0.1519;1.9526,2.7412,0.4370;1.1948,3.8838,0.0668;0.9898,3.8918,-1.0088;0.2673,3.9420,0.6454;1.7901,4.7717,0.3002;2.2929,0.4118,0.3901;3.5325,0.6336,0.9467;4.5095,0.8119,-0.0782;4.6001,-0.0831,-0.7031;4.2818,1.6852,-0.6990;5.4751,0.9846,0.4065;1.8763,-0.9069,0.1463;2.7862,-1.8902,0.4262;2.4740,-3.2237,0.0506;3.3416,-3.8494,0.2806;2.2837,-3.2981,-1.0252;1.6254,-3.6041,0.6283;0.5854,-1.1276,-0.3385;0.2429,-2.1391,-0.5354;-3.0658,1.6053,0.3126;-3.7288,0.5945,1.6399;-1.9648,0.8570,1.5269;-4.0358,-1.6373,-1.2287;-4.3543,0.1330,-1.2247;-4.8800,-0.8785,0.1633;-2.3136,-2.5749,0.3029;-1.5415,-1.4951,1.5215;-3.2863,-1.8645,1.6342;-1.7357,-1.2039,-1.6579;-2.0479,0.5306,-1.6539;</g>
	</geometry>
	<conformers/>
	<properties/>
</molecule>
