<?xml version="1.0" ?>
<!--MOLLI PACKAGE EXPERIMENTAL XML FORMAT-->
<molecule name="react_21_c2_frag_0">
	<atoms>
		<a id="1" s="C" t="C.3" l="C"/>
		<a id="2" s="N" t="N.4" l="N"/>
		<a id="3" s="C" t="C.3" l="C"/>
		<a id="4" s="C" t="C.3" l="C"/>
		<a id="5" s="C" t="C.3" l="C"/>
		<a id="6" s="C" t="C.3" l="C"/>
		<a id="7" s="H" t="H" l="H"/>
		<a id="8" s="H" t="H" l="H"/>
		<a id="9" s="O" t="O.3" l="O"/>
		<a id="10" s="C" t="C.3" l="C"/>
		<a id="11" s="H" t="H" l="H"/>
		<a id="12" s="H" t="H" l="H"/>
		<a id="13" s="C" t="C.3" l="C"/>
		<a id="14" s="H" t="H" l="H"/>
		<a id="15" s="H" t="H" l="H"/>
		<a id="16" s="O" t="O.3" l="O"/>
		<a id="17" s="C" t="C.ar" l="C"/>
		<a id="18" s="C" t="C.ar" l="C"/>
		<a id="19" s="H" t="H" l="H"/>
		<a id="20" s="C" t="C.ar" l="C"/>
		<a id="21" s="H" t="H" l="H"/>
		<a id="22" s="C" t="C.ar" l="C"/>
		<a id="23" s="Br" t="Br" l="BR"/>
		<a id="24" s="C" t="C.ar" l="C"/>
		<a id="25" s="H" t="H" l="H"/>
		<a id="26" s="C" t="C.ar" l="C"/>
		<a id="27" s="H" t="H" l="H"/>
		<a id="28" s="H" t="H" l="H"/>
		<a id="29" s="H" t="H" l="H"/>
		<a id="30" s="H" t="H" l="H"/>
		<a id="31" s="H" t="H" l="H"/>
		<a id="32" s="H" t="H" l="H"/>
		<a id="33" s="H" t="H" l="H"/>
		<a id="34" s="H" t="H" l="H"/>
		<a id="35" s="H" t="H" l="H"/>
		<a id="36" s="H" t="H" l="H"/>
		<a id="37" s="H" t="H" l="H"/>
		<a id="38" s="H" t="H" l="H"/>
	</atoms>
	<bonds>
		<b id="1" c="1 2" t="1"/>
		<b id="2" c="3 2" t="1"/>
		<b id="3" c="4 2" t="1"/>
		<b id="4" c="2 5" t="1"/>
		<b id="5" c="5 6" t="1"/>
		<b id="6" c="7 6" t="1"/>
		<b id="7" c="8 6" t="1"/>
		<b id="8" c="6 9" t="1"/>
		<b id="9" c="9 10" t="1"/>
		<b id="10" c="11 10" t="1"/>
		<b id="11" c="12 10" t="1"/>
		<b id="12" c="10 13" t="1"/>
		<b id="13" c="14 13" t="1"/>
		<b id="14" c="15 13" t="1"/>
		<b id="15" c="13 16" t="1"/>
		<b id="16" c="16 17" t="1"/>
		<b id="17" c="17 18" t="ar"/>
		<b id="18" c="19 18" t="1"/>
		<b id="19" c="18 20" t="ar"/>
		<b id="20" c="21 20" t="1"/>
		<b id="21" c="20 22" t="ar"/>
		<b id="22" c="23 22" t="1"/>
		<b id="23" c="22 24" t="ar"/>
		<b id="24" c="25 24" t="1"/>
		<b id="25" c="24 26" t="ar"/>
		<b id="26" c="26 27" t="1"/>
		<b id="27" c="26 17" t="ar"/>
		<b id="28" c="1 28" t="1"/>
		<b id="29" c="1 29" t="1"/>
		<b id="30" c="1 30" t="1"/>
		<b id="31" c="3 31" t="1"/>
		<b id="32" c="3 32" t="1"/>
		<b id="33" c="3 33" t="1"/>
		<b id="34" c="4 34" t="1"/>
		<b id="35" c="4 35" t="1"/>
		<b id="36" c="4 36" t="1"/>
		<b id="37" c="5 37" t="1"/>
		<b id="38" c="5 38" t="1"/>
	</bonds>
	<geometry>
		<g u="A" t="cart/3d">#38,3:-4.0257,1.5103,0.1619;-2.9844,0.4604,-0.2233;-1.6063,1.1258,-0.2024;-3.2826,-0.0304,-1.6304;-3.0750,-0.6956,0.8124;-2.0245,-1.8064,0.6406;-2.2559,-2.6230,1.3339;-2.0330,-2.2077,-0.3771;-0.7359,-1.2918,0.9642;0.3099,-2.2516,0.7577;0.2122,-2.6868,-0.2434;0.2214,-3.0377,1.5145;1.6564,-1.5391,0.8848;1.6771,-0.9683,1.8205;2.4622,-2.2812,0.8612;1.7837,-0.6445,-0.2286;2.9383,0.0839,-0.3093;3.0576,0.8618,-1.4654;2.2732,0.8406,-2.2170;4.1842,1.6609,-1.6738;4.2641,2.2551,-2.5803;5.1963,1.6825,-0.7187;6.7225,2.7623,-0.9910;5.0895,0.9118,0.4369;5.8800,0.9250,1.1837;3.9598,0.1115,0.6419;3.9150,-0.4737,1.5546;-5.0120,1.0368,0.1546;-3.7862,1.8857,1.1612;-3.9897,2.3237,-0.5692;-1.6672,2.0525,-0.7820;-0.8813,0.4608,-0.6764;-1.3413,1.3470,0.8351;-2.4945,-0.7194,-1.9436;-4.2541,-0.5327,-1.6234;-3.3052,0.8342,-2.3009;-4.0837,-1.1138,0.7221;-2.9650,-0.2287,1.7983;</g>
	</geometry>
	<conformers/>
	<properties/>
</molecule>
