<?xml version="1.0" ?>
<!--MOLLI PACKAGE EXPERIMENTAL XML FORMAT-->
<molecule name="react_22_c2_frag_0">
	<atoms>
		<a id="1" s="C" t="C.3" l="C"/>
		<a id="2" s="N" t="N.4" l="N"/>
		<a id="3" s="C" t="C.3" l="C"/>
		<a id="4" s="C" t="C.3" l="C"/>
		<a id="5" s="C" t="C.3" l="C"/>
		<a id="6" s="C" t="C.3" l="C"/>
		<a id="7" s="H" t="H" l="H"/>
		<a id="8" s="H" t="H" l="H"/>
		<a id="9" s="C" t="C.3" l="C"/>
		<a id="10" s="H" t="H" l="H"/>
		<a id="11" s="H" t="H" l="H"/>
		<a id="12" s="C" t="C.3" l="C"/>
		<a id="13" s="H" t="H" l="H"/>
		<a id="14" s="H" t="H" l="H"/>
		<a id="15" s="C" t="C.3" l="C"/>
		<a id="16" s="H" t="H" l="H"/>
		<a id="17" s="H" t="H" l="H"/>
		<a id="18" s="C" t="C.3" l="C"/>
		<a id="19" s="H" t="H" l="H"/>
		<a id="20" s="H" t="H" l="H"/>
		<a id="21" s="C" t="C.3" l="C"/>
		<a id="22" s="H" t="H" l="H"/>
		<a id="23" s="H" t="H" l="H"/>
		<a id="24" s="C" t="C.3" l="C"/>
		<a id="25" s="H" t="H" l="H"/>
		<a id="26" s="H" t="H" l="H"/>
		<a id="27" s="C" t="C.3" l="C"/>
		<a id="28" s="H" t="H" l="H"/>
		<a id="29" s="H" t="H" l="H"/>
		<a id="30" s="C" t="C.2" l="C"/>
		<a id="31" s="O" t="O.2" l="O"/>
		<a id="32" s="C" t="C.3" l="C"/>
		<a id="33" s="H" t="H" l="H"/>
		<a id="34" s="H" t="H" l="H"/>
		<a id="35" s="H" t="H" l="H"/>
		<a id="36" s="H" t="H" l="H"/>
		<a id="37" s="H" t="H" l="H"/>
		<a id="38" s="H" t="H" l="H"/>
		<a id="39" s="H" t="H" l="H"/>
		<a id="40" s="H" t="H" l="H"/>
		<a id="41" s="H" t="H" l="H"/>
		<a id="42" s="H" t="H" l="H"/>
		<a id="43" s="H" t="H" l="H"/>
		<a id="44" s="H" t="H" l="H"/>
		<a id="45" s="H" t="H" l="H"/>
		<a id="46" s="H" t="H" l="H"/>
	</atoms>
	<bonds>
		<b id="1" c="1 2" t="1"/>
		<b id="2" c="3 2" t="1"/>
		<b id="3" c="4 2" t="1"/>
		<b id="4" c="2 5" t="1"/>
		<b id="5" c="5 6" t="1"/>
		<b id="6" c="7 6" t="1"/>
		<b id="7" c="8 6" t="1"/>
		<b id="8" c="6 9" t="1"/>
		<b id="9" c="10 9" t="1"/>
		<b id="10" c="11 9" t="1"/>
		<b id="11" c="9 12" t="1"/>
		<b id="12" c="13 12" t="1"/>
		<b id="13" c="14 12" t="1"/>
		<b id="14" c="12 15" t="1"/>
		<b id="15" c="16 15" t="1"/>
		<b id="16" c="17 15" t="1"/>
		<b id="17" c="15 18" t="1"/>
		<b id="18" c="19 18" t="1"/>
		<b id="19" c="20 18" t="1"/>
		<b id="20" c="18 21" t="1"/>
		<b id="21" c="22 21" t="1"/>
		<b id="22" c="23 21" t="1"/>
		<b id="23" c="21 24" t="1"/>
		<b id="24" c="25 24" t="1"/>
		<b id="25" c="26 24" t="1"/>
		<b id="26" c="24 27" t="1"/>
		<b id="27" c="28 27" t="1"/>
		<b id="28" c="29 27" t="1"/>
		<b id="29" c="27 30" t="1"/>
		<b id="30" c="30 31" t="2"/>
		<b id="31" c="30 32" t="1"/>
		<b id="32" c="33 32" t="1"/>
		<b id="33" c="34 32" t="1"/>
		<b id="34" c="32 35" t="1"/>
		<b id="35" c="1 36" t="1"/>
		<b id="36" c="1 37" t="1"/>
		<b id="37" c="1 38" t="1"/>
		<b id="38" c="3 39" t="1"/>
		<b id="39" c="3 40" t="1"/>
		<b id="40" c="3 41" t="1"/>
		<b id="41" c="4 42" t="1"/>
		<b id="42" c="4 43" t="1"/>
		<b id="43" c="4 44" t="1"/>
		<b id="44" c="5 45" t="1"/>
		<b id="45" c="5 46" t="1"/>
	</bonds>
	<geometry>
		<g u="A" t="cart/3d">#46,3:4.0853,-0.5583,0.7959;2.9260,-0.3847,1.7646;3.0790,-1.4404,2.8686;2.9988,0.9899,2.4129;1.5573,-0.6292,1.0973;1.0755,0.4338,0.1076;0.0133,0.2236,-0.0186;1.1309,1.4424,0.5293;1.7057,0.4057,-1.2841;1.7779,-0.6275,-1.6442;2.7224,0.8001,-1.2410;0.9451,1.2551,-2.3182;0.8352,2.2844,-1.9568;1.5806,1.3082,-3.2152;-0.4092,0.6661,-2.7408;-0.3960,-0.4204,-2.6167;-0.5386,0.8461,-3.8179;-1.6023,1.3048,-2.0188;-1.4370,1.3723,-0.9443;-1.7000,2.3402,-2.3706;-2.9248,0.5795,-2.2854;-3.7366,1.1970,-1.8984;-3.0805,0.5258,-3.3656;-3.0088,-0.8415,-1.7013;-3.4170,-1.4905,-2.4784;-2.0235,-1.2412,-1.4512;-3.9219,-0.9499,-0.4822;-4.8709,-0.4419,-0.6739;-4.1464,-2.0040,-0.2884;-3.3046,-0.4057,0.7932;-2.0904,-0.4675,1.0215;-4.2663,0.1350,1.8321;-4.8659,-0.6923,2.2411;-4.9182,0.8887,1.3867;-3.6979,0.6131,2.6398;5.0118,-0.6557,1.3784;4.1630,0.3323,0.1643;3.9132,-1.4605,0.1969;3.0312,-2.4301,2.4078;2.2688,-1.3065,3.5877;4.0444,-1.2968,3.3583;3.9309,1.0514,2.9826;2.9998,1.7508,1.6300;2.1352,1.1117,3.0724;1.5958,-1.6185,0.6231;0.8296,-0.6841,1.9202;</g>
	</geometry>
	<conformers/>
	<properties/>
</molecule>
