<?xml version="1.0" ?>
<!--MOLLI PACKAGE EXPERIMENTAL XML FORMAT-->
<molecule name="react_23_c2_frag_0">
	<atoms>
		<a id="1" s="C" t="C.3" l="C"/>
		<a id="2" s="N" t="N.4" l="N"/>
		<a id="3" s="C" t="C.3" l="C"/>
		<a id="4" s="C" t="C.3" l="C"/>
		<a id="5" s="C" t="C.3" l="C"/>
		<a id="6" s="C" t="C.ar" l="C"/>
		<a id="7" s="C" t="C.ar" l="C"/>
		<a id="8" s="H" t="H" l="H"/>
		<a id="9" s="C" t="C.ar" l="C"/>
		<a id="10" s="H" t="H" l="H"/>
		<a id="11" s="C" t="C.ar" l="C"/>
		<a id="12" s="H" t="H" l="H"/>
		<a id="13" s="C" t="C.ar" l="C"/>
		<a id="14" s="C" t="C.ar" l="C"/>
		<a id="15" s="C" t="C.3" l="C"/>
		<a id="16" s="H" t="H" l="H"/>
		<a id="17" s="H" t="H" l="H"/>
		<a id="18" s="H" t="H" l="H"/>
		<a id="19" s="C" t="C.ar" l="C"/>
		<a id="20" s="C" t="C.3" l="C"/>
		<a id="21" s="H" t="H" l="H"/>
		<a id="22" s="H" t="H" l="H"/>
		<a id="23" s="H" t="H" l="H"/>
		<a id="24" s="O" t="O.2" l="O"/>
		<a id="25" s="C" t="C.ar" l="C"/>
		<a id="26" s="H" t="H" l="H"/>
		<a id="27" s="H" t="H" l="H"/>
		<a id="28" s="H" t="H" l="H"/>
		<a id="29" s="H" t="H" l="H"/>
		<a id="30" s="H" t="H" l="H"/>
		<a id="31" s="H" t="H" l="H"/>
		<a id="32" s="H" t="H" l="H"/>
		<a id="33" s="H" t="H" l="H"/>
		<a id="34" s="H" t="H" l="H"/>
		<a id="35" s="H" t="H" l="H"/>
		<a id="36" s="H" t="H" l="H"/>
	</atoms>
	<bonds>
		<b id="1" c="1 2" t="1"/>
		<b id="2" c="3 2" t="1"/>
		<b id="3" c="4 2" t="1"/>
		<b id="4" c="2 5" t="1"/>
		<b id="5" c="5 6" t="1"/>
		<b id="6" c="6 7" t="ar"/>
		<b id="7" c="8 7" t="1"/>
		<b id="8" c="7 9" t="ar"/>
		<b id="9" c="10 9" t="1"/>
		<b id="10" c="9 11" t="ar"/>
		<b id="11" c="12 11" t="1"/>
		<b id="12" c="11 13" t="ar"/>
		<b id="13" c="13 14" t="ar"/>
		<b id="14" c="16 15" t="1"/>
		<b id="15" c="17 15" t="1"/>
		<b id="16" c="15 18" t="1"/>
		<b id="17" c="15 14" t="1"/>
		<b id="18" c="14 19" t="ar"/>
		<b id="19" c="21 20" t="1"/>
		<b id="20" c="22 20" t="1"/>
		<b id="21" c="20 23" t="1"/>
		<b id="22" c="20 19" t="1"/>
		<b id="23" c="19 24" t="ar"/>
		<b id="24" c="24 25" t="ar"/>
		<b id="25" c="25 6" t="ar"/>
		<b id="26" c="25 13" t="ar"/>
		<b id="27" c="1 26" t="1"/>
		<b id="28" c="1 27" t="1"/>
		<b id="29" c="1 28" t="1"/>
		<b id="30" c="3 29" t="1"/>
		<b id="31" c="3 30" t="1"/>
		<b id="32" c="3 31" t="1"/>
		<b id="33" c="4 32" t="1"/>
		<b id="34" c="4 33" t="1"/>
		<b id="35" c="4 34" t="1"/>
		<b id="36" c="5 35" t="1"/>
		<b id="37" c="5 36" t="1"/>
	</bonds>
	<geometry>
		<g u="A" t="cart/3d">#36,3:3.2368,0.0727,0.6430;2.3495,1.0882,-0.0552;3.1404,2.3729,-0.2737;1.9272,0.5413,-1.4145;1.1086,1.4305,0.7998;0.2001,0.2943,1.1621;0.3491,-0.4366,2.3577;1.1390,-0.1809,3.0634;-0.5087,-1.4904,2.6868;-0.3692,-2.0318,3.6219;-1.5590,-1.8580,1.8370;-2.2227,-2.6756,2.1068;-1.7437,-1.1438,0.6407;-2.6677,-1.2018,-0.4474;-3.8048,-2.1450,-0.5991;-4.5995,-1.8974,0.1118;-4.2264,-2.1077,-1.6084;-3.4798,-3.1733,-0.4103;-2.2911,-0.1919,-1.3162;-2.8333,0.2846,-2.6078;-3.8984,0.5172,-2.5133;-2.3177,1.1886,-2.9467;-2.7135,-0.4845,-3.3769;-1.1988,0.4669,-0.8390;-0.8703,-0.1046,0.3526;4.1470,-0.0567,0.0490;2.7060,-0.8804,0.7123;3.4851,0.4539,1.6378;3.4504,2.7596,0.7017;4.0174,2.1430,-0.8864;2.4975,3.0947,-0.7863;2.8259,0.4165,-2.0268;1.4443,-0.4292,-1.2762;1.2490,1.2592,-1.8843;1.4823,1.9090,1.7144;0.5491,2.1964,0.2474;</g>
	</geometry>
	<conformers/>
	<properties/>
</molecule>
