<?xml version="1.0" ?>
<!--MOLLI PACKAGE EXPERIMENTAL XML FORMAT-->
<molecule name="react_24_c2_frag_0">
	<atoms>
		<a id="1" s="C" t="C.3" l="C"/>
		<a id="2" s="N" t="N.4" l="N"/>
		<a id="3" s="C" t="C.3" l="C"/>
		<a id="4" s="C" t="C.3" l="C"/>
		<a id="5" s="C" t="C.3" l="C"/>
		<a id="6" s="C" t="C.3" l="C"/>
		<a id="7" s="H" t="H" l="H"/>
		<a id="8" s="H" t="H" l="H"/>
		<a id="9" s="C" t="C.2" l="C"/>
		<a id="10" s="O" t="O.2" l="O"/>
		<a id="11" s="C" t="C.3" l="C"/>
		<a id="12" s="S" t="S.3" l="S"/>
		<a id="13" s="C" t="C.ar" l="C"/>
		<a id="14" s="C" t="C.ar" l="C"/>
		<a id="15" s="H" t="H" l="H"/>
		<a id="16" s="C" t="C.ar" l="C"/>
		<a id="17" s="H" t="H" l="H"/>
		<a id="18" s="C" t="C.ar" l="C"/>
		<a id="19" s="H" t="H" l="H"/>
		<a id="20" s="C" t="C.ar" l="C"/>
		<a id="21" s="H" t="H" l="H"/>
		<a id="22" s="C" t="C.ar" l="C"/>
		<a id="23" s="H" t="H" l="H"/>
		<a id="24" s="C" t="C.3" l="C"/>
		<a id="25" s="H" t="H" l="H"/>
		<a id="26" s="H" t="H" l="H"/>
		<a id="27" s="H" t="H" l="H"/>
		<a id="28" s="C" t="C.3" l="C"/>
		<a id="29" s="H" t="H" l="H"/>
		<a id="30" s="H" t="H" l="H"/>
		<a id="31" s="H" t="H" l="H"/>
		<a id="32" s="H" t="H" l="H"/>
		<a id="33" s="H" t="H" l="H"/>
		<a id="34" s="H" t="H" l="H"/>
		<a id="35" s="H" t="H" l="H"/>
		<a id="36" s="H" t="H" l="H"/>
		<a id="37" s="H" t="H" l="H"/>
		<a id="38" s="H" t="H" l="H"/>
		<a id="39" s="H" t="H" l="H"/>
		<a id="40" s="H" t="H" l="H"/>
		<a id="41" s="H" t="H" l="H"/>
		<a id="42" s="H" t="H" l="H"/>
	</atoms>
	<bonds>
		<b id="1" c="1 2" t="1"/>
		<b id="2" c="3 2" t="1"/>
		<b id="3" c="4 2" t="1"/>
		<b id="4" c="2 5" t="1"/>
		<b id="5" c="5 6" t="1"/>
		<b id="6" c="7 6" t="1"/>
		<b id="7" c="8 6" t="1"/>
		<b id="8" c="6 9" t="1"/>
		<b id="9" c="9 10" t="2"/>
		<b id="10" c="9 11" t="1"/>
		<b id="11" c="12 13" t="1"/>
		<b id="12" c="13 14" t="ar"/>
		<b id="13" c="15 14" t="1"/>
		<b id="14" c="14 16" t="ar"/>
		<b id="15" c="17 16" t="1"/>
		<b id="16" c="16 18" t="ar"/>
		<b id="17" c="19 18" t="1"/>
		<b id="18" c="18 20" t="ar"/>
		<b id="19" c="21 20" t="1"/>
		<b id="20" c="20 22" t="ar"/>
		<b id="21" c="22 23" t="1"/>
		<b id="22" c="12 11" t="1"/>
		<b id="23" c="25 24" t="1"/>
		<b id="24" c="26 24" t="1"/>
		<b id="25" c="24 27" t="1"/>
		<b id="26" c="24 11" t="1"/>
		<b id="27" c="11 28" t="1"/>
		<b id="28" c="29 28" t="1"/>
		<b id="29" c="30 28" t="1"/>
		<b id="30" c="28 31" t="1"/>
		<b id="31" c="22 13" t="ar"/>
		<b id="32" c="1 32" t="1"/>
		<b id="33" c="1 33" t="1"/>
		<b id="34" c="1 34" t="1"/>
		<b id="35" c="3 35" t="1"/>
		<b id="36" c="3 36" t="1"/>
		<b id="37" c="3 37" t="1"/>
		<b id="38" c="4 38" t="1"/>
		<b id="39" c="4 39" t="1"/>
		<b id="40" c="4 40" t="1"/>
		<b id="41" c="5 41" t="1"/>
		<b id="42" c="5 42" t="1"/>
	</bonds>
	<geometry>
		<g u="A" t="cart/3d">#42,3:-3.2935,0.4087,-1.1618;-2.4241,1.0513,-0.0911;-3.3464,1.7145,0.9411;-1.5522,2.1383,-0.7098;-1.5694,0.0040,0.6618;-0.6442,-0.8104,-0.2417;0.0046,-0.1505,-0.8175;-1.2222,-1.4398,-0.9242;0.2167,-1.7230,0.6168;-0.0500,-1.8405,1.8170;1.4032,-2.4644,-0.0349;2.9964,-1.6790,0.4960;2.6830,0.0567,0.2621;2.2565,0.8363,1.3426;2.1187,0.3864,2.3253;2.0406,2.2065,1.1824;1.7440,2.8115,2.0364;2.2567,2.8053,-0.0578;2.1272,3.8793,-0.1743;2.6949,2.0362,-1.1351;2.9055,2.5095,-2.0919;2.9162,0.6665,-0.9733;3.3030,0.0894,-1.8111;1.3376,-2.5298,-1.5642;2.1776,-3.0984,-1.9809;0.4171,-3.0283,-1.8907;1.3434,-1.5416,-2.0333;1.4183,-3.9044,0.5069;0.4817,-4.4183,0.2582;2.2386,-4.4940,0.0801;1.5134,-3.9357,1.5992;-3.9631,1.1725,-1.5688;-2.6483,0.0235,-1.9555;-3.8688,-0.3998,-0.7018;-2.7242,2.1810,1.7107;-3.9525,2.4690,0.4308;-3.9870,0.9427,1.3780;-0.9431,1.6979,-1.5024;-0.9241,2.5657,0.0758;-2.2077,2.9057,-1.1329;-0.9987,0.5565,1.4185;-2.2754,-0.6569,1.1804;</g>
	</geometry>
	<conformers/>
	<properties/>
</molecule>
