<?xml version="1.0" ?>
<!--MOLLI PACKAGE EXPERIMENTAL XML FORMAT-->
<molecule name="react_26_c2_frag_0">
	<atoms>
		<a id="1" s="C" t="C.3" l="C"/>
		<a id="2" s="N" t="N.4" l="N"/>
		<a id="3" s="C" t="C.3" l="C"/>
		<a id="4" s="C" t="C.3" l="C"/>
		<a id="5" s="C" t="C.3" l="C"/>
		<a id="6" s="C" t="C.3" l="C"/>
		<a id="7" s="H" t="H" l="H"/>
		<a id="8" s="H" t="H" l="H"/>
		<a id="9" s="C" t="C.3" l="C"/>
		<a id="10" s="H" t="H" l="H"/>
		<a id="11" s="H" t="H" l="H"/>
		<a id="12" s="C" t="C.3" l="C"/>
		<a id="13" s="H" t="H" l="H"/>
		<a id="14" s="H" t="H" l="H"/>
		<a id="15" s="C" t="C.3" l="C"/>
		<a id="16" s="H" t="H" l="H"/>
		<a id="17" s="H" t="H" l="H"/>
		<a id="18" s="C" t="C.3" l="C"/>
		<a id="19" s="H" t="H" l="H"/>
		<a id="20" s="H" t="H" l="H"/>
		<a id="21" s="C" t="C.3" l="C"/>
		<a id="22" s="H" t="H" l="H"/>
		<a id="23" s="H" t="H" l="H"/>
		<a id="24" s="C" t="C.3" l="C"/>
		<a id="25" s="H" t="H" l="H"/>
		<a id="26" s="H" t="H" l="H"/>
		<a id="27" s="C" t="C.3" l="C"/>
		<a id="28" s="H" t="H" l="H"/>
		<a id="29" s="H" t="H" l="H"/>
		<a id="30" s="C" t="C.2" l="C"/>
		<a id="31" s="O" t="O.2" l="O"/>
		<a id="32" s="C" t="C.3" l="C"/>
		<a id="33" s="H" t="H" l="H"/>
		<a id="34" s="H" t="H" l="H"/>
		<a id="35" s="C" t="C.3" l="C"/>
		<a id="36" s="H" t="H" l="H"/>
		<a id="37" s="H" t="H" l="H"/>
		<a id="38" s="H" t="H" l="H"/>
		<a id="39" s="H" t="H" l="H"/>
		<a id="40" s="H" t="H" l="H"/>
		<a id="41" s="H" t="H" l="H"/>
		<a id="42" s="H" t="H" l="H"/>
		<a id="43" s="H" t="H" l="H"/>
		<a id="44" s="H" t="H" l="H"/>
		<a id="45" s="H" t="H" l="H"/>
		<a id="46" s="H" t="H" l="H"/>
		<a id="47" s="H" t="H" l="H"/>
		<a id="48" s="H" t="H" l="H"/>
		<a id="49" s="H" t="H" l="H"/>
	</atoms>
	<bonds>
		<b id="1" c="1 2" t="1"/>
		<b id="2" c="3 2" t="1"/>
		<b id="3" c="4 2" t="1"/>
		<b id="4" c="2 5" t="1"/>
		<b id="5" c="5 6" t="1"/>
		<b id="6" c="7 6" t="1"/>
		<b id="7" c="8 6" t="1"/>
		<b id="8" c="6 9" t="1"/>
		<b id="9" c="10 9" t="1"/>
		<b id="10" c="11 9" t="1"/>
		<b id="11" c="9 12" t="1"/>
		<b id="12" c="13 12" t="1"/>
		<b id="13" c="14 12" t="1"/>
		<b id="14" c="12 15" t="1"/>
		<b id="15" c="16 15" t="1"/>
		<b id="16" c="17 15" t="1"/>
		<b id="17" c="15 18" t="1"/>
		<b id="18" c="19 18" t="1"/>
		<b id="19" c="20 18" t="1"/>
		<b id="20" c="18 21" t="1"/>
		<b id="21" c="22 21" t="1"/>
		<b id="22" c="23 21" t="1"/>
		<b id="23" c="21 24" t="1"/>
		<b id="24" c="25 24" t="1"/>
		<b id="25" c="26 24" t="1"/>
		<b id="26" c="24 27" t="1"/>
		<b id="27" c="28 27" t="1"/>
		<b id="28" c="29 27" t="1"/>
		<b id="29" c="27 30" t="1"/>
		<b id="30" c="30 31" t="2"/>
		<b id="31" c="30 32" t="1"/>
		<b id="32" c="33 32" t="1"/>
		<b id="33" c="34 32" t="1"/>
		<b id="34" c="32 35" t="1"/>
		<b id="35" c="36 35" t="1"/>
		<b id="36" c="37 35" t="1"/>
		<b id="37" c="35 38" t="1"/>
		<b id="38" c="1 39" t="1"/>
		<b id="39" c="1 40" t="1"/>
		<b id="40" c="1 41" t="1"/>
		<b id="41" c="3 42" t="1"/>
		<b id="42" c="3 43" t="1"/>
		<b id="43" c="3 44" t="1"/>
		<b id="44" c="4 45" t="1"/>
		<b id="45" c="4 46" t="1"/>
		<b id="46" c="4 47" t="1"/>
		<b id="47" c="5 48" t="1"/>
		<b id="48" c="5 49" t="1"/>
	</bonds>
	<geometry>
		<g u="A" t="cart/3d">#49,3:-5.7210,1.0791,-0.6289;-5.0384,-0.2592,-0.3725;-5.9994,-1.1372,0.4368;-4.7620,-0.9561,-1.7001;-3.7492,-0.0912,0.4572;-2.6750,0.7456,-0.2402;-2.3563,0.2662,-1.1721;-3.0735,1.7304,-0.5050;-1.4360,0.9770,0.6368;-1.7298,1.4798,1.5661;-0.7774,1.6672,0.0979;-0.6792,-0.3120,0.9650;-1.3162,-0.9610,1.5772;-0.4694,-0.8689,0.0448;0.6196,-0.0791,1.7442;0.3811,0.3962,2.7038;1.0509,-1.0588,1.9864;1.6911,0.7609,1.0384;2.5744,0.7802,1.6865;1.3535,1.8001,0.9512;2.0687,0.2261,-0.3455;1.2058,0.3312,-1.0139;2.2888,-0.8449,-0.2829;3.2394,0.9807,-0.9884;3.0535,2.0592,-0.9158;3.2610,0.7404,-2.0588;4.6080,0.6703,-0.3788;5.3376,1.3768,-0.7899;4.5902,0.7984,0.7072;5.1123,-0.7310,-0.6944;4.5075,-1.4992,-1.4427;6.4282,-1.1397,-0.0646;6.4544,-0.7867,0.9715;6.4674,-2.2342,-0.0311;7.6033,-0.5979,-0.8531;8.5461,-0.9464,-0.4204;7.6124,0.4968,-0.8499;7.5612,-0.9270,-1.8968;-6.6935,0.8873,-1.0927;-5.1030,1.6709,-1.3084;-5.8488,1.5920,0.3286;-6.9218,-1.2657,-0.1375;-6.2081,-0.6355,1.3865;-5.5206,-2.1057,0.6095;-4.1723,-0.2904,-2.3352;-4.2192,-1.8838,-1.4977;-5.7202,-1.1708,-2.1832;-3.3836,-1.1034,0.6614;-4.0424,0.3727,1.4065;</g>
	</geometry>
	<conformers/>
	<properties/>
</molecule>
