<?xml version="1.0" ?>
<!--MOLLI PACKAGE EXPERIMENTAL XML FORMAT-->
<molecule name="react_27_c2_frag_0">
	<atoms>
		<a id="1" s="C" t="C.3" l="C"/>
		<a id="2" s="N" t="N.4" l="N"/>
		<a id="3" s="C" t="C.3" l="C"/>
		<a id="4" s="C" t="C.3" l="C"/>
		<a id="5" s="C" t="C.3" l="C"/>
		<a id="6" s="C" t="C.3" l="C"/>
		<a id="7" s="H" t="H" l="H"/>
		<a id="8" s="H" t="H" l="H"/>
		<a id="9" s="C" t="C.2" l="C"/>
		<a id="10" s="O" t="O.2" l="O"/>
		<a id="11" s="C" t="C.3" l="C"/>
		<a id="12" s="S" t="S.3" l="S"/>
		<a id="13" s="C" t="C.ar" l="C"/>
		<a id="14" s="C" t="C.ar" l="C"/>
		<a id="15" s="H" t="H" l="H"/>
		<a id="16" s="C" t="C.ar" l="C"/>
		<a id="17" s="H" t="H" l="H"/>
		<a id="18" s="C" t="C.ar" l="C"/>
		<a id="19" s="H" t="H" l="H"/>
		<a id="20" s="C" t="C.ar" l="C"/>
		<a id="21" s="H" t="H" l="H"/>
		<a id="22" s="C" t="C.ar" l="C"/>
		<a id="23" s="H" t="H" l="H"/>
		<a id="24" s="C" t="C.3" l="C"/>
		<a id="25" s="H" t="H" l="H"/>
		<a id="26" s="H" t="H" l="H"/>
		<a id="27" s="C" t="C.3" l="C"/>
		<a id="28" s="H" t="H" l="H"/>
		<a id="29" s="H" t="H" l="H"/>
		<a id="30" s="C" t="C.3" l="C"/>
		<a id="31" s="H" t="H" l="H"/>
		<a id="32" s="H" t="H" l="H"/>
		<a id="33" s="C" t="C.3" l="C"/>
		<a id="34" s="H" t="H" l="H"/>
		<a id="35" s="H" t="H" l="H"/>
		<a id="36" s="H" t="H" l="H"/>
		<a id="37" s="H" t="H" l="H"/>
		<a id="38" s="H" t="H" l="H"/>
		<a id="39" s="H" t="H" l="H"/>
		<a id="40" s="H" t="H" l="H"/>
		<a id="41" s="H" t="H" l="H"/>
		<a id="42" s="H" t="H" l="H"/>
		<a id="43" s="H" t="H" l="H"/>
		<a id="44" s="H" t="H" l="H"/>
		<a id="45" s="H" t="H" l="H"/>
		<a id="46" s="H" t="H" l="H"/>
	</atoms>
	<bonds>
		<b id="1" c="1 2" t="1"/>
		<b id="2" c="3 2" t="1"/>
		<b id="3" c="4 2" t="1"/>
		<b id="4" c="2 5" t="1"/>
		<b id="5" c="5 6" t="1"/>
		<b id="6" c="7 6" t="1"/>
		<b id="7" c="8 6" t="1"/>
		<b id="8" c="6 9" t="1"/>
		<b id="9" c="9 10" t="2"/>
		<b id="10" c="9 11" t="1"/>
		<b id="11" c="12 13" t="1"/>
		<b id="12" c="13 14" t="ar"/>
		<b id="13" c="15 14" t="1"/>
		<b id="14" c="14 16" t="ar"/>
		<b id="15" c="17 16" t="1"/>
		<b id="16" c="16 18" t="ar"/>
		<b id="17" c="19 18" t="1"/>
		<b id="18" c="18 20" t="ar"/>
		<b id="19" c="21 20" t="1"/>
		<b id="20" c="20 22" t="ar"/>
		<b id="21" c="22 23" t="1"/>
		<b id="22" c="12 11" t="1"/>
		<b id="23" c="11 24" t="1"/>
		<b id="24" c="25 24" t="1"/>
		<b id="25" c="26 24" t="1"/>
		<b id="26" c="24 27" t="1"/>
		<b id="27" c="28 27" t="1"/>
		<b id="28" c="29 27" t="1"/>
		<b id="29" c="27 30" t="1"/>
		<b id="30" c="31 30" t="1"/>
		<b id="31" c="32 30" t="1"/>
		<b id="32" c="30 33" t="1"/>
		<b id="33" c="34 33" t="1"/>
		<b id="34" c="33 35" t="1"/>
		<b id="35" c="33 11" t="1"/>
		<b id="36" c="22 13" t="ar"/>
		<b id="37" c="1 36" t="1"/>
		<b id="38" c="1 37" t="1"/>
		<b id="39" c="1 38" t="1"/>
		<b id="40" c="3 39" t="1"/>
		<b id="41" c="3 40" t="1"/>
		<b id="42" c="3 41" t="1"/>
		<b id="43" c="4 42" t="1"/>
		<b id="44" c="4 43" t="1"/>
		<b id="45" c="4 44" t="1"/>
		<b id="46" c="5 45" t="1"/>
		<b id="47" c="5 46" t="1"/>
	</bonds>
	<geometry>
		<g u="A" t="cart/3d">#46,3:4.3708,-0.0471,-0.9679;3.4678,1.0782,-0.4785;3.0520,1.9593,-1.6528;4.2709,1.9438,0.5024;2.2390,0.5330,0.2869;1.3644,-0.4125,-0.5329;1.8890,-1.3476,-0.7511;1.0669,0.0533,-1.4736;0.1230,-0.7578,0.2772;0.1753,-0.6885,1.5077;-1.1573,-1.1767,-0.4771;-1.8007,0.3246,-1.3459;-2.8391,1.0784,-0.1065;-4.2110,1.1888,-0.3613;-4.6354,0.8135,-1.2901;-5.0599,1.7812,0.5760;-6.1258,1.8569,0.3733;-4.5412,2.2773,1.7694;-5.2031,2.7368,2.5002;-3.1737,2.1867,2.0234;-2.7706,2.5779,2.9547;-2.3230,1.5952,1.0858;-1.2624,1.5484,1.3092;-0.8730,-2.2790,-1.5090;0.0436,-2.1369,-2.0899;-1.7022,-2.3731,-2.2236;-0.8018,-3.5610,-0.6829;0.2294,-3.7515,-0.3634;-1.1307,-4.4298,-1.2618;-1.6865,-3.3203,0.5369;-2.5270,-4.0209,0.5727;-1.1050,-3.4628,1.4555;-2.1804,-1.8767,0.4282;-2.2799,-1.4283,1.4216;-3.1757,-1.8876,-0.0348;3.8402,-0.6139,-1.7376;5.2763,0.3963,-1.3936;4.6198,-0.6863,-0.1159;3.9503,2.4249,-2.0701;2.5744,1.3360,-2.4130;2.3599,2.7232,-1.2854;4.5804,1.3167,1.3444;3.6294,2.7612,0.8455;5.1470,2.3392,-0.0212;1.6659,1.4073,0.6210;2.6299,0.0207,1.1753;</g>
	</geometry>
	<conformers/>
	<properties/>
</molecule>
