<?xml version="1.0" ?>
<!--MOLLI PACKAGE EXPERIMENTAL XML FORMAT-->
<molecule name="react_29_c2_frag_0">
	<atoms>
		<a id="1" s="C" t="C.3" l="C"/>
		<a id="2" s="N" t="N.4" l="N"/>
		<a id="3" s="C" t="C.3" l="C"/>
		<a id="4" s="C" t="C.3" l="C"/>
		<a id="5" s="C" t="C.3" l="C"/>
		<a id="6" s="C" t="C.3" l="C"/>
		<a id="7" s="H" t="H" l="H"/>
		<a id="8" s="H" t="H" l="H"/>
		<a id="9" s="C" t="C.3" l="C"/>
		<a id="10" s="H" t="H" l="H"/>
		<a id="11" s="H" t="H" l="H"/>
		<a id="12" s="C" t="C.3" l="C"/>
		<a id="13" s="H" t="H" l="H"/>
		<a id="14" s="H" t="H" l="H"/>
		<a id="15" s="C" t="C.3" l="C"/>
		<a id="16" s="H" t="H" l="H"/>
		<a id="17" s="H" t="H" l="H"/>
		<a id="18" s="C" t="C.3" l="C"/>
		<a id="19" s="H" t="H" l="H"/>
		<a id="20" s="H" t="H" l="H"/>
		<a id="21" s="C" t="C.3" l="C"/>
		<a id="22" s="H" t="H" l="H"/>
		<a id="23" s="H" t="H" l="H"/>
		<a id="24" s="C" t="C.3" l="C"/>
		<a id="25" s="H" t="H" l="H"/>
		<a id="26" s="H" t="H" l="H"/>
		<a id="27" s="C" t="C.3" l="C"/>
		<a id="28" s="H" t="H" l="H"/>
		<a id="29" s="H" t="H" l="H"/>
		<a id="30" s="C" t="C.3" l="C"/>
		<a id="31" s="H" t="H" l="H"/>
		<a id="32" s="H" t="H" l="H"/>
		<a id="33" s="C" t="C.3" l="C"/>
		<a id="34" s="H" t="H" l="H"/>
		<a id="35" s="H" t="H" l="H"/>
		<a id="36" s="C" t="C.3" l="C"/>
		<a id="37" s="H" t="H" l="H"/>
		<a id="38" s="H" t="H" l="H"/>
		<a id="39" s="C" t="C.3" l="C"/>
		<a id="40" s="H" t="H" l="H"/>
		<a id="41" s="H" t="H" l="H"/>
		<a id="42" s="C" t="C.3" l="C"/>
		<a id="43" s="H" t="H" l="H"/>
		<a id="44" s="H" t="H" l="H"/>
		<a id="45" s="C" t="C.3" l="C"/>
		<a id="46" s="H" t="H" l="H"/>
		<a id="47" s="H" t="H" l="H"/>
		<a id="48" s="C" t="C.3" l="C"/>
		<a id="49" s="H" t="H" l="H"/>
		<a id="50" s="H" t="H" l="H"/>
		<a id="51" s="C" t="C.2" l="C"/>
		<a id="52" s="O" t="O.2" l="O"/>
		<a id="53" s="O" t="O.3" l="O"/>
		<a id="54" s="C" t="C.3" l="C"/>
		<a id="55" s="H" t="H" l="H"/>
		<a id="56" s="H" t="H" l="H"/>
		<a id="57" s="H" t="H" l="H"/>
		<a id="58" s="H" t="H" l="H"/>
		<a id="59" s="H" t="H" l="H"/>
		<a id="60" s="H" t="H" l="H"/>
		<a id="61" s="H" t="H" l="H"/>
		<a id="62" s="H" t="H" l="H"/>
		<a id="63" s="H" t="H" l="H"/>
		<a id="64" s="H" t="H" l="H"/>
		<a id="65" s="H" t="H" l="H"/>
		<a id="66" s="H" t="H" l="H"/>
		<a id="67" s="H" t="H" l="H"/>
		<a id="68" s="H" t="H" l="H"/>
	</atoms>
	<bonds>
		<b id="1" c="1 2" t="1"/>
		<b id="2" c="3 2" t="1"/>
		<b id="3" c="4 2" t="1"/>
		<b id="4" c="2 5" t="1"/>
		<b id="5" c="5 6" t="1"/>
		<b id="6" c="7 6" t="1"/>
		<b id="7" c="8 6" t="1"/>
		<b id="8" c="6 9" t="1"/>
		<b id="9" c="10 9" t="1"/>
		<b id="10" c="11 9" t="1"/>
		<b id="11" c="9 12" t="1"/>
		<b id="12" c="13 12" t="1"/>
		<b id="13" c="14 12" t="1"/>
		<b id="14" c="12 15" t="1"/>
		<b id="15" c="16 15" t="1"/>
		<b id="16" c="17 15" t="1"/>
		<b id="17" c="15 18" t="1"/>
		<b id="18" c="19 18" t="1"/>
		<b id="19" c="20 18" t="1"/>
		<b id="20" c="18 21" t="1"/>
		<b id="21" c="22 21" t="1"/>
		<b id="22" c="23 21" t="1"/>
		<b id="23" c="21 24" t="1"/>
		<b id="24" c="25 24" t="1"/>
		<b id="25" c="26 24" t="1"/>
		<b id="26" c="24 27" t="1"/>
		<b id="27" c="28 27" t="1"/>
		<b id="28" c="29 27" t="1"/>
		<b id="29" c="27 30" t="1"/>
		<b id="30" c="31 30" t="1"/>
		<b id="31" c="32 30" t="1"/>
		<b id="32" c="30 33" t="1"/>
		<b id="33" c="34 33" t="1"/>
		<b id="34" c="35 33" t="1"/>
		<b id="35" c="33 36" t="1"/>
		<b id="36" c="37 36" t="1"/>
		<b id="37" c="38 36" t="1"/>
		<b id="38" c="36 39" t="1"/>
		<b id="39" c="40 39" t="1"/>
		<b id="40" c="41 39" t="1"/>
		<b id="41" c="39 42" t="1"/>
		<b id="42" c="43 42" t="1"/>
		<b id="43" c="44 42" t="1"/>
		<b id="44" c="42 45" t="1"/>
		<b id="45" c="46 45" t="1"/>
		<b id="46" c="47 45" t="1"/>
		<b id="47" c="45 48" t="1"/>
		<b id="48" c="49 48" t="1"/>
		<b id="49" c="50 48" t="1"/>
		<b id="50" c="48 51" t="1"/>
		<b id="51" c="51 52" t="2"/>
		<b id="52" c="51 53" t="1"/>
		<b id="53" c="53 54" t="1"/>
		<b id="54" c="55 54" t="1"/>
		<b id="55" c="56 54" t="1"/>
		<b id="56" c="54 57" t="1"/>
		<b id="57" c="1 58" t="1"/>
		<b id="58" c="1 59" t="1"/>
		<b id="59" c="1 60" t="1"/>
		<b id="60" c="3 61" t="1"/>
		<b id="61" c="3 62" t="1"/>
		<b id="62" c="3 63" t="1"/>
		<b id="63" c="4 64" t="1"/>
		<b id="64" c="4 65" t="1"/>
		<b id="65" c="4 66" t="1"/>
		<b id="66" c="5 67" t="1"/>
		<b id="67" c="5 68" t="1"/>
	</bonds>
	<geometry>
		<g u="A" t="cart/3d">#68,3:-7.5320,2.0292,-0.7693;-6.2497,1.3433,-1.2738;-6.6785,0.0817,-2.0126;-5.5604,2.2970,-2.2412;-5.3832,1.0287,-0.0388;-3.8947,0.7544,-0.2858;-3.4082,0.7762,0.6974;-3.4404,1.5888,-0.8319;-3.4963,-0.5534,-0.9715;-3.7968,-0.5227,-2.0229;-2.4018,-0.6107,-1.0040;-4.0415,-1.8323,-0.3341;-5.1358,-1.8285,-0.3875;-3.7204,-2.6837,-0.9479;-3.6359,-2.0928,1.1219;-4.1950,-2.9801,1.4481;-3.9664,-1.2762,1.7730;-2.1455,-2.3948,1.3249;-2.0590,-3.1513,2.1154;-1.7285,-2.8446,0.4180;-1.3334,-1.1703,1.7556;-1.3631,-0.3940,0.9865;-1.7922,-0.7393,2.6541;0.1297,-1.4931,2.0799;0.1757,-2.2904,2.8315;0.5687,-0.5997,2.5375;0.9443,-1.8928,0.8463;0.8731,-1.1086,0.0830;0.5170,-2.8015,0.4081;2.4185,-2.1774,1.1548;2.8604,-2.6257,0.2588;2.4913,-2.9238,1.9529;3.2089,-0.9248,1.5400;3.1049,-0.1648,0.7584;2.7803,-0.4873,2.4485;4.6915,-1.1970,1.8190;5.1607,-0.2640,2.1441;4.7651,-1.8731,2.6808;5.5012,-1.8104,0.6720;5.1585,-2.8430,0.5300;6.5491,-1.8911,0.9866;5.4343,-1.1039,-0.6855;4.4012,-0.8712,-0.9630;5.7831,-1.8270,-1.4357;6.3180,0.1382,-0.8344;6.3518,0.3917,-1.9019;7.3496,-0.1054,-0.5519;5.8470,1.3569,-0.0501;6.1354,1.2994,1.0030;4.7557,1.4440,-0.0905;6.4190,2.6323,-0.6176;5.7402,3.5209,-1.1158;7.7733,2.6536,-0.4804;8.3917,3.8350,-0.9926;9.4736,3.7344,-0.8638;8.0555,4.7151,-0.4340;8.1793,3.9482,-2.0611;-8.0265,1.3545,-0.0634;-8.1816,2.2299,-1.6269;-7.2534,2.9676,-0.2796;-7.1348,-0.6059,-1.2946;-5.8120,-0.3721,-2.4912;-7.4065,0.3624,-2.7802;-5.2163,3.1705,-1.6790;-6.2836,2.5959,-3.0065;-4.7216,1.7780,-2.7129;-5.4438,1.9183,0.6015;-5.8689,0.2088,0.5022;</g>
	</geometry>
	<conformers/>
	<properties/>
</molecule>
