<?xml version="1.0" ?>
<!--MOLLI PACKAGE EXPERIMENTAL XML FORMAT-->
<molecule name="react_30_c2_frag_0">
	<atoms>
		<a id="1" s="C" t="C.3" l="C"/>
		<a id="2" s="N" t="N.4" l="N"/>
		<a id="3" s="C" t="C.3" l="C"/>
		<a id="4" s="C" t="C.3" l="C"/>
		<a id="5" s="C" t="C.3" l="C"/>
		<a id="6" s="C" t="C.ar" l="C"/>
		<a id="7" s="C" t="C.ar" l="C"/>
		<a id="8" s="H" t="H" l="H"/>
		<a id="9" s="C" t="C.ar" l="C"/>
		<a id="10" s="O" t="O.3" l="O"/>
		<a id="11" s="C" t="C.3" l="C"/>
		<a id="12" s="H" t="H" l="H"/>
		<a id="13" s="H" t="H" l="H"/>
		<a id="14" s="C" t="C.ar" l="C"/>
		<a id="15" s="C" t="C.ar" l="C"/>
		<a id="16" s="H" t="H" l="H"/>
		<a id="17" s="C" t="C.ar" l="C"/>
		<a id="18" s="H" t="H" l="H"/>
		<a id="19" s="C" t="C.ar" l="C"/>
		<a id="20" s="H" t="H" l="H"/>
		<a id="21" s="C" t="C.ar" l="C"/>
		<a id="22" s="H" t="H" l="H"/>
		<a id="23" s="C" t="C.ar" l="C"/>
		<a id="24" s="H" t="H" l="H"/>
		<a id="25" s="C" t="C.ar" l="C"/>
		<a id="26" s="O" t="O.3" l="O"/>
		<a id="27" s="C" t="C.3" l="C"/>
		<a id="28" s="H" t="H" l="H"/>
		<a id="29" s="H" t="H" l="H"/>
		<a id="30" s="H" t="H" l="H"/>
		<a id="31" s="C" t="C.ar" l="C"/>
		<a id="32" s="O" t="O.3" l="O"/>
		<a id="33" s="C" t="C.3" l="C"/>
		<a id="34" s="H" t="H" l="H"/>
		<a id="35" s="H" t="H" l="H"/>
		<a id="36" s="C" t="C.ar" l="C"/>
		<a id="37" s="C" t="C.ar" l="C"/>
		<a id="38" s="H" t="H" l="H"/>
		<a id="39" s="C" t="C.ar" l="C"/>
		<a id="40" s="H" t="H" l="H"/>
		<a id="41" s="C" t="C.ar" l="C"/>
		<a id="42" s="H" t="H" l="H"/>
		<a id="43" s="C" t="C.ar" l="C"/>
		<a id="44" s="H" t="H" l="H"/>
		<a id="45" s="C" t="C.ar" l="C"/>
		<a id="46" s="H" t="H" l="H"/>
		<a id="47" s="C" t="C.ar" l="C"/>
		<a id="48" s="H" t="H" l="H"/>
		<a id="49" s="H" t="H" l="H"/>
		<a id="50" s="H" t="H" l="H"/>
		<a id="51" s="H" t="H" l="H"/>
		<a id="52" s="H" t="H" l="H"/>
		<a id="53" s="H" t="H" l="H"/>
		<a id="54" s="H" t="H" l="H"/>
		<a id="55" s="H" t="H" l="H"/>
		<a id="56" s="H" t="H" l="H"/>
		<a id="57" s="H" t="H" l="H"/>
		<a id="58" s="H" t="H" l="H"/>
		<a id="59" s="H" t="H" l="H"/>
	</atoms>
	<bonds>
		<b id="1" c="1 2" t="1"/>
		<b id="2" c="3 2" t="1"/>
		<b id="3" c="4 2" t="1"/>
		<b id="4" c="2 5" t="1"/>
		<b id="5" c="5 6" t="1"/>
		<b id="6" c="6 7" t="ar"/>
		<b id="7" c="8 7" t="1"/>
		<b id="8" c="7 9" t="ar"/>
		<b id="9" c="10 11" t="1"/>
		<b id="10" c="12 11" t="1"/>
		<b id="11" c="13 11" t="1"/>
		<b id="12" c="11 14" t="1"/>
		<b id="13" c="14 15" t="ar"/>
		<b id="14" c="16 15" t="1"/>
		<b id="15" c="15 17" t="ar"/>
		<b id="16" c="18 17" t="1"/>
		<b id="17" c="17 19" t="ar"/>
		<b id="18" c="20 19" t="1"/>
		<b id="19" c="19 21" t="ar"/>
		<b id="20" c="22 21" t="1"/>
		<b id="21" c="21 23" t="ar"/>
		<b id="22" c="23 24" t="1"/>
		<b id="23" c="10 9" t="1"/>
		<b id="24" c="9 25" t="ar"/>
		<b id="25" c="26 27" t="1"/>
		<b id="26" c="28 27" t="1"/>
		<b id="27" c="29 27" t="1"/>
		<b id="28" c="27 30" t="1"/>
		<b id="29" c="26 25" t="1"/>
		<b id="30" c="25 31" t="ar"/>
		<b id="31" c="32 33" t="1"/>
		<b id="32" c="34 33" t="1"/>
		<b id="33" c="35 33" t="1"/>
		<b id="34" c="33 36" t="1"/>
		<b id="35" c="36 37" t="ar"/>
		<b id="36" c="38 37" t="1"/>
		<b id="37" c="37 39" t="ar"/>
		<b id="38" c="40 39" t="1"/>
		<b id="39" c="39 41" t="ar"/>
		<b id="40" c="42 41" t="1"/>
		<b id="41" c="41 43" t="ar"/>
		<b id="42" c="44 43" t="1"/>
		<b id="43" c="43 45" t="ar"/>
		<b id="44" c="45 46" t="1"/>
		<b id="45" c="32 31" t="1"/>
		<b id="46" c="31 47" t="ar"/>
		<b id="47" c="47 48" t="1"/>
		<b id="48" c="47 6" t="ar"/>
		<b id="49" c="23 14" t="ar"/>
		<b id="50" c="45 36" t="ar"/>
		<b id="51" c="1 49" t="1"/>
		<b id="52" c="1 50" t="1"/>
		<b id="53" c="1 51" t="1"/>
		<b id="54" c="3 52" t="1"/>
		<b id="55" c="3 53" t="1"/>
		<b id="56" c="3 54" t="1"/>
		<b id="57" c="4 55" t="1"/>
		<b id="58" c="4 56" t="1"/>
		<b id="59" c="4 57" t="1"/>
		<b id="60" c="5 58" t="1"/>
		<b id="61" c="5 59" t="1"/>
	</bonds>
	<geometry>
		<g u="A" t="cart/3d">#59,3:-0.4935,5.5637,-2.8161;-0.0300,4.4910,-1.8359;1.4922,4.4926,-1.8051;-0.5604,4.8348,-0.4531;-0.5709,3.1340,-2.3254;-0.3480,1.9446,-1.4267;0.8096,1.1574,-1.5474;1.5567,1.3727,-2.3081;1.0305,0.0682,-0.6981;2.1842,-0.6367,-0.9035;3.0478,-0.6609,0.2363;2.5269,-0.4618,1.1785;3.7939,0.1318,0.1187;3.7647,-1.9860,0.2978;4.5175,-2.4492,-0.7912;4.5661,-1.8678,-1.7086;5.2110,-3.6582,-0.7132;5.7941,-4.0077,-1.5612;5.1576,-4.4159,0.4524;5.7020,-5.3528,0.5168;4.4069,-3.9706,1.5379;4.3611,-4.5651,2.4457;3.7140,-2.7619,1.4625;3.1351,-2.4311,2.3214;0.0588,-0.2956,0.2353;0.2213,-1.3780,1.0616;-0.0826,-2.5925,0.3703;0.7321,-2.8728,-0.3038;-0.1914,-3.3854,1.1168;-1.0229,-2.5210,-0.1862;-1.0981,0.4769,0.3573;-2.0089,0.1586,1.3253;-3.2501,-0.3155,0.7845;-3.1533,-0.5858,-0.2746;-3.9915,0.4869,0.8693;-3.7364,-1.5133,1.5661;-4.3998,-2.5602,0.9083;-4.5501,-2.5300,-0.1686;-4.8781,-3.6601,1.6232;-5.3888,-4.4676,1.1044;-4.7073,-3.7227,3.0047;-5.0812,-4.5772,3.5607;-4.0628,-2.6838,3.6723;-3.9351,-2.7293,4.7512;-3.5858,-1.5824,2.9587;-3.0865,-0.7794,3.4980;-1.3001,1.5943,-0.4568;-2.2092,2.1770,-0.3301;-0.1452,5.2923,-3.8150;-0.0680,6.5244,-2.5117;-1.5863,5.6061,-2.7893;1.8342,3.7719,-1.0602;1.8332,5.4950,-1.5315;1.8588,4.2312,-2.7999;-1.6457,4.7578,-0.4756;-0.2553,5.8551,-0.2205;-0.1313,4.1448,0.2844;-1.6435,3.2643,-2.4980;-0.1120,2.9504,-3.3056;</g>
	</geometry>
	<conformers/>
	<properties/>
</molecule>
