<?xml version="1.0" ?>
<!--MOLLI PACKAGE EXPERIMENTAL XML FORMAT-->
<molecule name="react_31_c2_frag_0">
	<atoms>
		<a id="1" s="C" t="C.3" l="C"/>
		<a id="2" s="N" t="N.4" l="N"/>
		<a id="3" s="C" t="C.3" l="C"/>
		<a id="4" s="C" t="C.3" l="C"/>
		<a id="5" s="C" t="C.3" l="C"/>
		<a id="6" s="C" t="C.3" l="C"/>
		<a id="7" s="H" t="H" l="H"/>
		<a id="8" s="C" t="C.3" l="C"/>
		<a id="9" s="H" t="H" l="H"/>
		<a id="10" s="H" t="H" l="H"/>
		<a id="11" s="H" t="H" l="H"/>
		<a id="12" s="C" t="C.3" l="C"/>
		<a id="13" s="H" t="H" l="H"/>
		<a id="14" s="H" t="H" l="H"/>
		<a id="15" s="H" t="H" l="H"/>
		<a id="16" s="H" t="H" l="H"/>
		<a id="17" s="H" t="H" l="H"/>
		<a id="18" s="H" t="H" l="H"/>
		<a id="19" s="H" t="H" l="H"/>
		<a id="20" s="H" t="H" l="H"/>
		<a id="21" s="H" t="H" l="H"/>
		<a id="22" s="H" t="H" l="H"/>
		<a id="23" s="H" t="H" l="H"/>
		<a id="24" s="H" t="H" l="H"/>
		<a id="25" s="H" t="H" l="H"/>
		<a id="26" s="H" t="H" l="H"/>
	</atoms>
	<bonds>
		<b id="1" c="1 2" t="1"/>
		<b id="2" c="3 2" t="1"/>
		<b id="3" c="4 2" t="1"/>
		<b id="4" c="2 5" t="1"/>
		<b id="5" c="5 6" t="1"/>
		<b id="6" c="7 6" t="1"/>
		<b id="7" c="9 8" t="1"/>
		<b id="8" c="10 8" t="1"/>
		<b id="9" c="8 11" t="1"/>
		<b id="10" c="8 6" t="1"/>
		<b id="11" c="6 12" t="1"/>
		<b id="12" c="13 12" t="1"/>
		<b id="13" c="14 12" t="1"/>
		<b id="14" c="12 15" t="1"/>
		<b id="15" c="1 16" t="1"/>
		<b id="16" c="1 17" t="1"/>
		<b id="17" c="1 18" t="1"/>
		<b id="18" c="3 19" t="1"/>
		<b id="19" c="3 20" t="1"/>
		<b id="20" c="3 21" t="1"/>
		<b id="21" c="4 22" t="1"/>
		<b id="22" c="4 23" t="1"/>
		<b id="23" c="4 24" t="1"/>
		<b id="24" c="5 25" t="1"/>
		<b id="25" c="5 26" t="1"/>
	</bonds>
	<geometry>
		<g u="A" t="cart/3d">#26,3:-1.0539,1.1786,-1.2022;-1.0455,0.0101,-0.2198;-2.3155,-0.8178,-0.5014;-1.1526,0.5365,1.1995;0.1527,-0.9303,-0.4431;1.5613,-0.5201,0.0374;2.2251,-1.2655,-0.4262;2.0740,0.8316,-0.4433;1.8961,0.9630,-1.5152;1.6169,1.6616,0.1019;3.1557,0.9048,-0.2817;1.7859,-0.6860,1.5427;1.3775,-1.6366,1.9007;2.8595,-0.6873,1.7641;1.3449,0.1229,2.1285;-0.9061,0.7880,-2.2129;-2.0225,1.6837,-1.1300;-0.2677,1.8839,-0.9365;-2.3598,-1.6391,0.2203;-2.2547,-1.2027,-1.5239;-3.1891,-0.1685,-0.3884;-1.0889,-0.3085,1.8904;-0.3521,1.2583,1.3708;-2.1174,1.0418,1.3108;0.1858,-1.1201,-1.5239;-0.1097,-1.8823,0.0362;</g>
	</geometry>
	<conformers/>
	<properties/>
</molecule>
