<?xml version="1.0" ?>
<!--MOLLI PACKAGE EXPERIMENTAL XML FORMAT-->
<molecule name="react_32_c2_frag_0">
	<atoms>
		<a id="1" s="C" t="C.3" l="C"/>
		<a id="2" s="N" t="N.4" l="N"/>
		<a id="3" s="C" t="C.3" l="C"/>
		<a id="4" s="C" t="C.3" l="C"/>
		<a id="5" s="C" t="C.3" l="C"/>
		<a id="6" s="C" t="C.3" l="C"/>
		<a id="7" s="H" t="H" l="H"/>
		<a id="8" s="H" t="H" l="H"/>
		<a id="9" s="O" t="O.3" l="O"/>
		<a id="10" s="C" t="C.2" l="C"/>
		<a id="11" s="O" t="O.2" l="O"/>
		<a id="12" s="C" t="C.ar" l="C"/>
		<a id="13" s="C" t="C.ar" l="C"/>
		<a id="14" s="H" t="H" l="H"/>
		<a id="15" s="C" t="C.ar" l="C"/>
		<a id="16" s="H" t="H" l="H"/>
		<a id="17" s="C" t="C.ar" l="C"/>
		<a id="18" s="H" t="H" l="H"/>
		<a id="19" s="C" t="C.ar" l="C"/>
		<a id="20" s="H" t="H" l="H"/>
		<a id="21" s="C" t="C.ar" l="C"/>
		<a id="22" s="H" t="H" l="H"/>
		<a id="23" s="H" t="H" l="H"/>
		<a id="24" s="H" t="H" l="H"/>
		<a id="25" s="H" t="H" l="H"/>
		<a id="26" s="H" t="H" l="H"/>
		<a id="27" s="H" t="H" l="H"/>
		<a id="28" s="H" t="H" l="H"/>
		<a id="29" s="H" t="H" l="H"/>
		<a id="30" s="H" t="H" l="H"/>
		<a id="31" s="H" t="H" l="H"/>
		<a id="32" s="H" t="H" l="H"/>
		<a id="33" s="H" t="H" l="H"/>
	</atoms>
	<bonds>
		<b id="1" c="1 2" t="1"/>
		<b id="2" c="3 2" t="1"/>
		<b id="3" c="4 2" t="1"/>
		<b id="4" c="2 5" t="1"/>
		<b id="5" c="5 6" t="1"/>
		<b id="6" c="7 6" t="1"/>
		<b id="7" c="8 6" t="1"/>
		<b id="8" c="6 9" t="1"/>
		<b id="9" c="9 10" t="1"/>
		<b id="10" c="10 11" t="2"/>
		<b id="11" c="10 12" t="1"/>
		<b id="12" c="12 13" t="ar"/>
		<b id="13" c="14 13" t="1"/>
		<b id="14" c="13 15" t="ar"/>
		<b id="15" c="16 15" t="1"/>
		<b id="16" c="15 17" t="ar"/>
		<b id="17" c="18 17" t="1"/>
		<b id="18" c="17 19" t="ar"/>
		<b id="19" c="20 19" t="1"/>
		<b id="20" c="19 21" t="ar"/>
		<b id="21" c="21 22" t="1"/>
		<b id="22" c="21 12" t="ar"/>
		<b id="23" c="1 23" t="1"/>
		<b id="24" c="1 24" t="1"/>
		<b id="25" c="1 25" t="1"/>
		<b id="26" c="3 26" t="1"/>
		<b id="27" c="3 27" t="1"/>
		<b id="28" c="3 28" t="1"/>
		<b id="29" c="4 29" t="1"/>
		<b id="30" c="4 30" t="1"/>
		<b id="31" c="4 31" t="1"/>
		<b id="32" c="5 32" t="1"/>
		<b id="33" c="5 33" t="1"/>
	</bonds>
	<geometry>
		<g u="A" t="cart/3d">#33,3:-3.4726,0.8424,1.5836;-2.8136,-0.0417,0.5373;-3.6948,-1.2722,0.3112;-2.7063,0.7088,-0.7928;-1.4215,-0.5306,0.9949;-0.4445,0.5899,1.3973;-0.4841,0.7313,2.4831;-0.6772,1.5626,0.9530;0.9133,0.2449,1.0715;1.2150,0.3440,-0.2513;0.3958,0.6046,-1.1202;2.6524,0.0656,-0.5049;3.5568,-0.2097,0.5297;3.2403,-0.2250,1.5693;4.8980,-0.4669,0.2358;5.6019,-0.6787,1.0381;5.3405,-0.4497,-1.0864;6.3863,-0.6485,-1.3121;4.4461,-0.1745,-2.1196;4.7959,-0.1587,-3.1496;3.1047,0.0833,-1.8315;2.4197,0.2997,-2.6489;-3.5036,0.2931,2.5289;-2.8905,1.7610,1.6916;-4.4856,1.0819,1.2465;-4.6781,-0.9375,-0.0328;-3.2202,-1.9046,-0.4450;-3.7866,-1.8102,1.2594;-2.1358,1.6273,-0.6417;-2.2191,0.0551,-1.5214;-3.7189,0.9569,-1.1257;-1.5879,-1.1856,1.8594;-1.0259,-1.1585,0.1885;</g>
	</geometry>
	<conformers/>
	<properties/>
</molecule>
