<?xml version="1.0" ?>
<!--MOLLI PACKAGE EXPERIMENTAL XML FORMAT-->
<molecule name="react_35_c1_frag_0">
	<atoms>
		<a id="1" s="C" t="C.3" l="C"/>
		<a id="2" s="N" t="N.4" l="N"/>
		<a id="3" s="C" t="C.3" l="C"/>
		<a id="4" s="C" t="C.3" l="C"/>
		<a id="5" s="C" t="C.3" l="C"/>
		<a id="6" s="C" t="C.3" l="C"/>
		<a id="7" s="H" t="H" l="H"/>
		<a id="8" s="H" t="H" l="H"/>
		<a id="9" s="Se" t="Se" l="SE"/>
		<a id="10" s="C" t="C.ar" l="C"/>
		<a id="11" s="C" t="C.ar" l="C"/>
		<a id="12" s="H" t="H" l="H"/>
		<a id="13" s="C" t="C.ar" l="C"/>
		<a id="14" s="H" t="H" l="H"/>
		<a id="15" s="C" t="C.ar" l="C"/>
		<a id="16" s="H" t="H" l="H"/>
		<a id="17" s="C" t="C.ar" l="C"/>
		<a id="18" s="H" t="H" l="H"/>
		<a id="19" s="C" t="C.ar" l="C"/>
		<a id="20" s="N" t="N.pl3" l="N"/>
		<a id="21" s="O" t="O.2" l="O"/>
		<a id="22" s="O" t="O.co2" l="O"/>
		<a id="23" s="H" t="H" l="H"/>
		<a id="24" s="H" t="H" l="H"/>
		<a id="25" s="H" t="H" l="H"/>
		<a id="26" s="H" t="H" l="H"/>
		<a id="27" s="H" t="H" l="H"/>
		<a id="28" s="H" t="H" l="H"/>
		<a id="29" s="H" t="H" l="H"/>
		<a id="30" s="H" t="H" l="H"/>
		<a id="31" s="H" t="H" l="H"/>
		<a id="32" s="H" t="H" l="H"/>
		<a id="33" s="H" t="H" l="H"/>
	</atoms>
	<bonds>
		<b id="1" c="1 2" t="1"/>
		<b id="2" c="3 2" t="1"/>
		<b id="3" c="4 2" t="1"/>
		<b id="4" c="2 5" t="1"/>
		<b id="5" c="5 6" t="1"/>
		<b id="6" c="7 6" t="1"/>
		<b id="7" c="8 6" t="1"/>
		<b id="8" c="6 9" t="1"/>
		<b id="9" c="9 10" t="1"/>
		<b id="10" c="10 11" t="ar"/>
		<b id="11" c="12 11" t="1"/>
		<b id="12" c="11 13" t="ar"/>
		<b id="13" c="14 13" t="1"/>
		<b id="14" c="13 15" t="ar"/>
		<b id="15" c="16 15" t="1"/>
		<b id="16" c="15 17" t="ar"/>
		<b id="17" c="18 17" t="1"/>
		<b id="18" c="17 19" t="ar"/>
		<b id="19" c="19 20" t="1"/>
		<b id="20" c="20 21" t="2"/>
		<b id="21" c="20 22" t="1"/>
		<b id="22" c="19 10" t="ar"/>
		<b id="23" c="1 23" t="1"/>
		<b id="24" c="1 24" t="1"/>
		<b id="25" c="1 25" t="1"/>
		<b id="26" c="3 26" t="1"/>
		<b id="27" c="3 27" t="1"/>
		<b id="28" c="3 28" t="1"/>
		<b id="29" c="4 29" t="1"/>
		<b id="30" c="4 30" t="1"/>
		<b id="31" c="4 31" t="1"/>
		<b id="32" c="5 32" t="1"/>
		<b id="33" c="5 33" t="1"/>
	</bonds>
	<geometry>
		<g u="A" t="cart/3d">#33,3:-2.9294,0.3470,-1.4116;-2.7367,-0.2596,-0.0818;-2.4041,0.8201,0.7982;-4.0318,-0.7968,0.2951;-1.7755,-1.2869,-0.2081;-0.5520,-1.1510,0.6393;-0.7449,-1.1710,1.7206;0.1482,-1.9891,0.4338;0.4087,0.4852,0.2335;2.2999,0.1766,0.0963;2.8592,-1.0706,0.0964;2.2217,-1.9257,0.1762;4.2389,-1.2360,-0.0056;4.6672,-2.2473,-0.0035;5.0725,-0.1459,-0.1090;6.1398,-0.2923,-0.1873;4.4902,1.0984,-0.1072;5.1646,1.9493,-0.1894;3.1125,1.2663,-0.0054;2.5874,2.5812,-0.0106;3.3008,3.5074,0.4029;1.3245,2.8561,-0.4554;-2.8063,-0.4733,-2.1346;-2.1882,1.1487,-1.5569;-3.9664,0.7321,-1.5180;-1.8597,0.5330,1.7073;-1.9315,1.6849,0.2580;-3.3832,1.2520,1.1639;-3.8745,-1.3474,1.2485;-4.7457,0.0617,0.4437;-4.4169,-1.4221,-0.5185;-2.2524,-2.2639,0.0566;-1.4370,-1.4210,-1.2673;</g>
	</geometry>
	<conformers/>
	<properties/>
</molecule>
