<?xml version="1.0" ?>
<!--MOLLI PACKAGE EXPERIMENTAL XML FORMAT-->
<molecule name="react_36_c2_frag_0">
	<atoms>
		<a id="1" s="C" t="C.3" l="C"/>
		<a id="2" s="N" t="N.4" l="N"/>
		<a id="3" s="C" t="C.3" l="C"/>
		<a id="4" s="C" t="C.3" l="C"/>
		<a id="5" s="C" t="C.3" l="C"/>
		<a id="6" s="C" t="C.3" l="C"/>
		<a id="7" s="H" t="H" l="H"/>
		<a id="8" s="H" t="H" l="H"/>
		<a id="9" s="C" t="C.3" l="C"/>
		<a id="10" s="H" t="H" l="H"/>
		<a id="11" s="H" t="H" l="H"/>
		<a id="12" s="C" t="C.3" l="C"/>
		<a id="13" s="H" t="H" l="H"/>
		<a id="14" s="H" t="H" l="H"/>
		<a id="15" s="C" t="C.3" l="C"/>
		<a id="16" s="H" t="H" l="H"/>
		<a id="17" s="H" t="H" l="H"/>
		<a id="18" s="C" t="C.3" l="C"/>
		<a id="19" s="H" t="H" l="H"/>
		<a id="20" s="H" t="H" l="H"/>
		<a id="21" s="H" t="H" l="H"/>
		<a id="22" s="H" t="H" l="H"/>
		<a id="23" s="H" t="H" l="H"/>
		<a id="24" s="H" t="H" l="H"/>
		<a id="25" s="H" t="H" l="H"/>
		<a id="26" s="H" t="H" l="H"/>
		<a id="27" s="H" t="H" l="H"/>
		<a id="28" s="H" t="H" l="H"/>
		<a id="29" s="H" t="H" l="H"/>
		<a id="30" s="H" t="H" l="H"/>
		<a id="31" s="H" t="H" l="H"/>
		<a id="32" s="H" t="H" l="H"/>
	</atoms>
	<bonds>
		<b id="1" c="1 2" t="1"/>
		<b id="2" c="3 2" t="1"/>
		<b id="3" c="4 2" t="1"/>
		<b id="4" c="2 5" t="1"/>
		<b id="5" c="5 6" t="1"/>
		<b id="6" c="7 6" t="1"/>
		<b id="7" c="8 6" t="1"/>
		<b id="8" c="6 9" t="1"/>
		<b id="9" c="10 9" t="1"/>
		<b id="10" c="11 9" t="1"/>
		<b id="11" c="9 12" t="1"/>
		<b id="12" c="13 12" t="1"/>
		<b id="13" c="14 12" t="1"/>
		<b id="14" c="12 15" t="1"/>
		<b id="15" c="16 15" t="1"/>
		<b id="16" c="17 15" t="1"/>
		<b id="17" c="15 18" t="1"/>
		<b id="18" c="19 18" t="1"/>
		<b id="19" c="20 18" t="1"/>
		<b id="20" c="18 21" t="1"/>
		<b id="21" c="1 22" t="1"/>
		<b id="22" c="1 23" t="1"/>
		<b id="23" c="1 24" t="1"/>
		<b id="24" c="3 25" t="1"/>
		<b id="25" c="3 26" t="1"/>
		<b id="26" c="3 27" t="1"/>
		<b id="27" c="4 28" t="1"/>
		<b id="28" c="4 29" t="1"/>
		<b id="29" c="4 30" t="1"/>
		<b id="30" c="5 31" t="1"/>
		<b id="31" c="5 32" t="1"/>
	</bonds>
	<geometry>
		<g u="A" t="cart/3d">#32,3:-2.4193,1.5035,-0.9313;-2.3875,0.1133,-0.3071;-3.6278,-0.6519,-0.7820;-2.4558,0.2323,1.2111;-1.1480,-0.6820,-0.7581;0.1799,-0.0360,-0.3568;0.2698,0.9640,-0.7929;0.2342,0.0685,0.7304;1.3575,-0.8907,-0.8394;1.2612,-1.0545,-1.9201;1.3167,-1.8790,-0.3654;2.7238,-0.2511,-0.5756;2.7660,0.7361,-1.0517;3.4890,-0.8685,-1.0626;3.0588,-0.1227,0.9109;2.9673,-1.0994,1.3998;2.3550,0.5567,1.4032;4.4695,0.4078,1.1172;4.5866,1.3971,0.6633;4.6886,0.4962,2.1859;5.2108,-0.2644,0.6734;-1.6064,2.1010,-0.5114;-3.3796,1.9689,-0.6889;-2.3073,1.3995,-2.0143;-3.6158,-1.6462,-0.3256;-4.5191,-0.0997,-0.4692;-3.5899,-0.7279,-1.8728;-3.4174,0.6809,1.4792;-2.3680,-0.7693,1.6413;-1.6430,0.8766,1.5549;-1.2137,-0.7770,-1.8488;-1.2361,-1.6822,-0.3169;</g>
	</geometry>
	<conformers/>
	<properties/>
</molecule>
