<?xml version="1.0" ?>
<!--MOLLI PACKAGE EXPERIMENTAL XML FORMAT-->
<molecule name="react_38_c2_frag_0">
	<atoms>
		<a id="1" s="C" t="C.3" l="C"/>
		<a id="2" s="N" t="N.4" l="N"/>
		<a id="3" s="C" t="C.3" l="C"/>
		<a id="4" s="C" t="C.3" l="C"/>
		<a id="5" s="C" t="C.3" l="C"/>
		<a id="6" s="C" t="C.3" l="C"/>
		<a id="7" s="H" t="H" l="H"/>
		<a id="8" s="H" t="H" l="H"/>
		<a id="9" s="C" t="C.3" l="C"/>
		<a id="10" s="H" t="H" l="H"/>
		<a id="11" s="H" t="H" l="H"/>
		<a id="12" s="C" t="C.3" l="C"/>
		<a id="13" s="H" t="H" l="H"/>
		<a id="14" s="H" t="H" l="H"/>
		<a id="15" s="C" t="C.3" l="C"/>
		<a id="16" s="H" t="H" l="H"/>
		<a id="17" s="H" t="H" l="H"/>
		<a id="18" s="C" t="C.3" l="C"/>
		<a id="19" s="H" t="H" l="H"/>
		<a id="20" s="H" t="H" l="H"/>
		<a id="21" s="C" t="C.3" l="C"/>
		<a id="22" s="H" t="H" l="H"/>
		<a id="23" s="H" t="H" l="H"/>
		<a id="24" s="C" t="C.3" l="C"/>
		<a id="25" s="H" t="H" l="H"/>
		<a id="26" s="H" t="H" l="H"/>
		<a id="27" s="H" t="H" l="H"/>
		<a id="28" s="H" t="H" l="H"/>
		<a id="29" s="H" t="H" l="H"/>
		<a id="30" s="H" t="H" l="H"/>
		<a id="31" s="H" t="H" l="H"/>
		<a id="32" s="H" t="H" l="H"/>
		<a id="33" s="H" t="H" l="H"/>
		<a id="34" s="H" t="H" l="H"/>
		<a id="35" s="H" t="H" l="H"/>
		<a id="36" s="H" t="H" l="H"/>
		<a id="37" s="H" t="H" l="H"/>
		<a id="38" s="H" t="H" l="H"/>
	</atoms>
	<bonds>
		<b id="1" c="1 2" t="1"/>
		<b id="2" c="3 2" t="1"/>
		<b id="3" c="4 2" t="1"/>
		<b id="4" c="2 5" t="1"/>
		<b id="5" c="5 6" t="1"/>
		<b id="6" c="7 6" t="1"/>
		<b id="7" c="8 6" t="1"/>
		<b id="8" c="6 9" t="1"/>
		<b id="9" c="10 9" t="1"/>
		<b id="10" c="11 9" t="1"/>
		<b id="11" c="9 12" t="1"/>
		<b id="12" c="13 12" t="1"/>
		<b id="13" c="14 12" t="1"/>
		<b id="14" c="12 15" t="1"/>
		<b id="15" c="16 15" t="1"/>
		<b id="16" c="17 15" t="1"/>
		<b id="17" c="15 18" t="1"/>
		<b id="18" c="19 18" t="1"/>
		<b id="19" c="20 18" t="1"/>
		<b id="20" c="18 21" t="1"/>
		<b id="21" c="22 21" t="1"/>
		<b id="22" c="23 21" t="1"/>
		<b id="23" c="21 24" t="1"/>
		<b id="24" c="25 24" t="1"/>
		<b id="25" c="26 24" t="1"/>
		<b id="26" c="24 27" t="1"/>
		<b id="27" c="1 28" t="1"/>
		<b id="28" c="1 29" t="1"/>
		<b id="29" c="1 30" t="1"/>
		<b id="30" c="3 31" t="1"/>
		<b id="31" c="3 32" t="1"/>
		<b id="32" c="3 33" t="1"/>
		<b id="33" c="4 34" t="1"/>
		<b id="34" c="4 35" t="1"/>
		<b id="35" c="4 36" t="1"/>
		<b id="36" c="5 37" t="1"/>
		<b id="37" c="5 38" t="1"/>
	</bonds>
	<geometry>
		<g u="A" t="cart/3d">#38,3:-3.1547,1.7531,0.9393;-3.4042,0.3831,0.3245;-3.0949,0.4203,-1.1683;-4.9031,0.0687,0.4666;-2.6331,-0.7354,1.0480;-1.1767,-0.4462,1.4274;-0.8514,-1.2871,2.0551;-1.1098,0.4374,2.0722;-0.1916,-0.3174,0.2671;-0.3774,-1.1052,-0.4721;-0.3233,0.6488,-0.2276;1.2576,-0.4071,0.7561;1.4206,-1.3728,1.2499;1.4415,0.3742,1.5037;2.2458,-0.2529,-0.4015;2.0849,0.7129,-0.8958;2.0602,-1.0337,-1.1491;3.6926,-0.3438,0.0862;3.8781,0.4368,0.8341;3.8539,-1.3096,0.5805;4.6798,-0.1895,-1.0705;4.5256,0.7763,-1.5655;4.5014,-0.9701,-1.8192;6.1194,-0.2793,-0.5899;6.8082,-0.1664,-1.4330;6.3402,0.5089,0.1371;6.3159,-1.2473,-0.1180;-3.3481,1.6901,2.0140;-3.8339,2.4720,0.4707;-2.1203,2.0469,0.7446;-3.2191,-0.5868,-1.5763;-3.7942,1.1121,-1.6487;-2.0788,0.7792,-1.3220;-5.1611,0.0823,1.5299;-5.4730,0.8338,-0.0693;-5.0883,-0.9200,0.0360;-2.7072,-1.6356,0.4264;-3.1815,-0.9307,1.9782;</g>
	</geometry>
	<conformers/>
	<properties/>
</molecule>
