<?xml version="1.0" ?>
<!--MOLLI PACKAGE EXPERIMENTAL XML FORMAT-->
<molecule name="react_39_c1_frag_0">
	<atoms>
		<a id="1" s="C" t="C.3" l="C"/>
		<a id="2" s="N" t="N.4" l="N"/>
		<a id="3" s="C" t="C.3" l="C"/>
		<a id="4" s="C" t="C.3" l="C"/>
		<a id="5" s="C" t="C.3" l="C"/>
		<a id="6" s="C" t="C.ar" l="C"/>
		<a id="7" s="N" t="N.ar" l="N"/>
		<a id="8" s="C" t="C.ar" l="C"/>
		<a id="9" s="C" t="C.2" l="C"/>
		<a id="10" s="O" t="O.2" l="O"/>
		<a id="11" s="C" t="C.3" l="C"/>
		<a id="12" s="H" t="H" l="H"/>
		<a id="13" s="H" t="H" l="H"/>
		<a id="14" s="H" t="H" l="H"/>
		<a id="15" s="N" t="N.ar" l="N"/>
		<a id="16" s="C" t="C.3" l="C"/>
		<a id="17" s="H" t="H" l="H"/>
		<a id="18" s="H" t="H" l="H"/>
		<a id="19" s="C" t="C.3" l="C"/>
		<a id="20" s="H" t="H" l="H"/>
		<a id="21" s="H" t="H" l="H"/>
		<a id="22" s="H" t="H" l="H"/>
		<a id="23" s="C" t="C.ar" l="C"/>
		<a id="24" s="H" t="H" l="H"/>
		<a id="25" s="H" t="H" l="H"/>
		<a id="26" s="H" t="H" l="H"/>
		<a id="27" s="H" t="H" l="H"/>
		<a id="28" s="H" t="H" l="H"/>
		<a id="29" s="H" t="H" l="H"/>
		<a id="30" s="H" t="H" l="H"/>
		<a id="31" s="H" t="H" l="H"/>
		<a id="32" s="H" t="H" l="H"/>
		<a id="33" s="H" t="H" l="H"/>
		<a id="34" s="H" t="H" l="H"/>
		<a id="35" s="H" t="H" l="H"/>
	</atoms>
	<bonds>
		<b id="1" c="1 2" t="1"/>
		<b id="2" c="3 2" t="1"/>
		<b id="3" c="4 2" t="1"/>
		<b id="4" c="2 5" t="1"/>
		<b id="5" c="5 6" t="1"/>
		<b id="6" c="6 7" t="ar"/>
		<b id="7" c="7 8" t="ar"/>
		<b id="8" c="9 10" t="2"/>
		<b id="9" c="9 11" t="1"/>
		<b id="10" c="12 11" t="1"/>
		<b id="11" c="13 11" t="1"/>
		<b id="12" c="11 14" t="1"/>
		<b id="13" c="9 8" t="1"/>
		<b id="14" c="8 15" t="ar"/>
		<b id="15" c="17 16" t="1"/>
		<b id="16" c="18 16" t="1"/>
		<b id="17" c="16 19" t="1"/>
		<b id="18" c="20 19" t="1"/>
		<b id="19" c="21 19" t="1"/>
		<b id="20" c="19 22" t="1"/>
		<b id="21" c="16 15" t="1"/>
		<b id="22" c="15 23" t="ar"/>
		<b id="23" c="23 24" t="1"/>
		<b id="24" c="23 6" t="ar"/>
		<b id="25" c="1 25" t="1"/>
		<b id="26" c="1 26" t="1"/>
		<b id="27" c="1 27" t="1"/>
		<b id="28" c="3 28" t="1"/>
		<b id="29" c="3 29" t="1"/>
		<b id="30" c="3 30" t="1"/>
		<b id="31" c="4 31" t="1"/>
		<b id="32" c="4 32" t="1"/>
		<b id="33" c="4 33" t="1"/>
		<b id="34" c="5 34" t="1"/>
		<b id="35" c="5 35" t="1"/>
	</bonds>
	<geometry>
		<g u="A" t="cart/3d">#35,3:-2.8713,-0.5304,-1.1848;-2.8605,-0.3013,0.3152;-2.5153,-1.6138,1.0179;-4.2326,0.1570,0.7748;-1.8298,0.7935,0.6811;-0.4102,0.5521,0.2748;0.2289,-0.6092,0.6267;1.4532,-0.5554,0.1222;2.3785,-1.6694,0.2883;2.0227,-2.8427,0.1689;3.8094,-1.3520,0.6383;3.8611,-0.4764,1.2901;4.2382,-2.1967,1.1867;4.3959,-1.1901,-0.2678;1.6192,0.6309,-0.5602;2.7433,1.0450,-1.3808;3.2982,0.1554,-1.6892;2.3300,1.4913,-2.2931;3.6442,2.0447,-0.6777;3.0951,2.9565,-0.4198;4.0558,1.6341,0.2487;4.4791,2.3244,-1.3277;0.4431,1.3397,-0.4643;0.3219,2.3091,-0.9313;-3.0930,0.4203,-1.6788;-3.6474,-1.2668,-1.4151;-1.8952,-0.9084,-1.5011;-2.3189,-1.4047,2.0732;-1.6542,-2.0771,0.5327;-3.3745,-2.2855,0.9218;-4.4722,1.0987,0.2718;-4.9661,-0.6097,0.5075;-4.2071,0.2976,1.8595;-2.1921,1.7217,0.2217;-1.8774,0.9175,1.7699;</g>
	</geometry>
	<conformers/>
	<properties/>
</molecule>
