<?xml version="1.0" ?>
<!--MOLLI PACKAGE EXPERIMENTAL XML FORMAT-->
<molecule name="react_40_c2_frag_0">
	<atoms>
		<a id="1" s="C" t="C.3" l="C"/>
		<a id="2" s="N" t="N.4" l="N"/>
		<a id="3" s="C" t="C.3" l="C"/>
		<a id="4" s="C" t="C.3" l="C"/>
		<a id="5" s="C" t="C.3" l="C"/>
		<a id="6" s="C" t="C.3" l="C"/>
		<a id="7" s="H" t="H" l="H"/>
		<a id="8" s="H" t="H" l="H"/>
		<a id="9" s="C" t="C.3" l="C"/>
		<a id="10" s="H" t="H" l="H"/>
		<a id="11" s="H" t="H" l="H"/>
		<a id="12" s="O" t="O.3" l="O"/>
		<a id="13" s="Si" t="Si" l="SI"/>
		<a id="14" s="C" t="C.3" l="C"/>
		<a id="15" s="H" t="H" l="H"/>
		<a id="16" s="H" t="H" l="H"/>
		<a id="17" s="H" t="H" l="H"/>
		<a id="18" s="C" t="C.3" l="C"/>
		<a id="19" s="H" t="H" l="H"/>
		<a id="20" s="H" t="H" l="H"/>
		<a id="21" s="H" t="H" l="H"/>
		<a id="22" s="C" t="C.3" l="C"/>
		<a id="23" s="C" t="C.3" l="C"/>
		<a id="24" s="H" t="H" l="H"/>
		<a id="25" s="H" t="H" l="H"/>
		<a id="26" s="H" t="H" l="H"/>
		<a id="27" s="C" t="C.3" l="C"/>
		<a id="28" s="H" t="H" l="H"/>
		<a id="29" s="H" t="H" l="H"/>
		<a id="30" s="H" t="H" l="H"/>
		<a id="31" s="C" t="C.3" l="C"/>
		<a id="32" s="H" t="H" l="H"/>
		<a id="33" s="H" t="H" l="H"/>
		<a id="34" s="H" t="H" l="H"/>
		<a id="35" s="H" t="H" l="H"/>
		<a id="36" s="H" t="H" l="H"/>
		<a id="37" s="H" t="H" l="H"/>
		<a id="38" s="H" t="H" l="H"/>
		<a id="39" s="H" t="H" l="H"/>
		<a id="40" s="H" t="H" l="H"/>
		<a id="41" s="H" t="H" l="H"/>
		<a id="42" s="H" t="H" l="H"/>
		<a id="43" s="H" t="H" l="H"/>
		<a id="44" s="H" t="H" l="H"/>
		<a id="45" s="H" t="H" l="H"/>
	</atoms>
	<bonds>
		<b id="1" c="1 2" t="1"/>
		<b id="2" c="3 2" t="1"/>
		<b id="3" c="4 2" t="1"/>
		<b id="4" c="2 5" t="1"/>
		<b id="5" c="5 6" t="1"/>
		<b id="6" c="7 6" t="1"/>
		<b id="7" c="8 6" t="1"/>
		<b id="8" c="6 9" t="1"/>
		<b id="9" c="10 9" t="1"/>
		<b id="10" c="11 9" t="1"/>
		<b id="11" c="9 12" t="1"/>
		<b id="12" c="12 13" t="1"/>
		<b id="13" c="15 14" t="1"/>
		<b id="14" c="16 14" t="1"/>
		<b id="15" c="14 17" t="1"/>
		<b id="16" c="14 13" t="1"/>
		<b id="17" c="19 18" t="1"/>
		<b id="18" c="20 18" t="1"/>
		<b id="19" c="18 21" t="1"/>
		<b id="20" c="18 13" t="1"/>
		<b id="21" c="13 22" t="1"/>
		<b id="22" c="24 23" t="1"/>
		<b id="23" c="25 23" t="1"/>
		<b id="24" c="23 26" t="1"/>
		<b id="25" c="23 22" t="1"/>
		<b id="26" c="28 27" t="1"/>
		<b id="27" c="29 27" t="1"/>
		<b id="28" c="27 30" t="1"/>
		<b id="29" c="27 22" t="1"/>
		<b id="30" c="22 31" t="1"/>
		<b id="31" c="32 31" t="1"/>
		<b id="32" c="33 31" t="1"/>
		<b id="33" c="31 34" t="1"/>
		<b id="34" c="1 35" t="1"/>
		<b id="35" c="1 36" t="1"/>
		<b id="36" c="1 37" t="1"/>
		<b id="37" c="3 38" t="1"/>
		<b id="38" c="3 39" t="1"/>
		<b id="39" c="3 40" t="1"/>
		<b id="40" c="4 41" t="1"/>
		<b id="41" c="4 42" t="1"/>
		<b id="42" c="4 43" t="1"/>
		<b id="43" c="5 44" t="1"/>
		<b id="44" c="5 45" t="1"/>
	</bonds>
	<geometry>
		<g u="A" t="cart/3d">#45,3:-3.4128,-1.8695,1.1307;-3.6040,-0.4808,0.5312;-4.0105,0.4725,1.6604;-4.7261,-0.5117,-0.4959;-2.2860,0.0527,-0.0736;-1.7511,-0.7938,-1.2295;-1.5528,-1.8135,-0.8832;-2.4720,-0.8490,-2.0506;-0.4436,-0.2105,-1.7676;-0.0622,-0.8631,-2.5626;-0.6247,0.7891,-2.1817;0.4782,-0.1338,-0.6873;2.0727,0.3130,-0.9940;2.9800,-0.9795,-1.9994;2.5298,-1.0818,-2.9914;4.0304,-0.7056,-2.1331;2.9400,-1.9557,-1.5077;2.1811,1.9902,-1.8217;3.2231,2.2959,-1.9517;1.7123,1.9623,-2.8099;1.6710,2.7527,-1.2262;3.0270,0.4628,0.8430;2.2966,1.5229,1.6930;2.3302,2.5112,1.2211;2.7606,1.6143,2.6817;1.2430,1.2614,1.8443;2.9600,-0.9081,1.5471;3.4745,-1.6838,0.9692;1.9241,-1.2344,1.6948;3.4365,-0.8615,2.5330;4.4955,0.8762,0.6273;5.0367,0.1421,0.0204;5.0189,0.9603,1.5866;4.5723,1.8465,0.1245;-4.3274,-2.1427,1.6660;-3.2342,-2.5839,0.3234;-2.5627,-1.8371,1.8181;-4.1562,1.4697,1.2344;-4.9417,0.1086,2.1050;-3.2112,0.4854,2.4074;-4.8030,0.4780,-0.9550;-4.5000,-1.2722,-1.2473;-5.6578,-0.7687,0.0174;-1.5672,0.0968,0.7528;-2.4876,1.0762,-0.4123;</g>
	</geometry>
	<conformers/>
	<properties/>
</molecule>
