<?xml version="1.0" ?>
<!--MOLLI PACKAGE EXPERIMENTAL XML FORMAT-->
<molecule name="react_41_c1_frag_0">
	<atoms>
		<a id="1" s="C" t="C.3" l="C"/>
		<a id="2" s="N" t="N.4" l="N"/>
		<a id="3" s="C" t="C.3" l="C"/>
		<a id="4" s="C" t="C.3" l="C"/>
		<a id="5" s="C" t="C.3" l="C"/>
		<a id="6" s="C" t="C.3" l="C"/>
		<a id="7" s="H" t="H" l="H"/>
		<a id="8" s="H" t="H" l="H"/>
		<a id="9" s="Cl" t="Cl" l="CL"/>
		<a id="10" s="H" t="H" l="H"/>
		<a id="11" s="H" t="H" l="H"/>
		<a id="12" s="H" t="H" l="H"/>
		<a id="13" s="H" t="H" l="H"/>
		<a id="14" s="H" t="H" l="H"/>
		<a id="15" s="H" t="H" l="H"/>
		<a id="16" s="H" t="H" l="H"/>
		<a id="17" s="H" t="H" l="H"/>
		<a id="18" s="H" t="H" l="H"/>
		<a id="19" s="H" t="H" l="H"/>
		<a id="20" s="H" t="H" l="H"/>
	</atoms>
	<bonds>
		<b id="1" c="1 2" t="1"/>
		<b id="2" c="3 2" t="1"/>
		<b id="3" c="4 2" t="1"/>
		<b id="4" c="2 5" t="1"/>
		<b id="5" c="5 6" t="1"/>
		<b id="6" c="7 6" t="1"/>
		<b id="7" c="8 6" t="1"/>
		<b id="8" c="6 9" t="1"/>
		<b id="9" c="1 10" t="1"/>
		<b id="10" c="1 11" t="1"/>
		<b id="11" c="1 12" t="1"/>
		<b id="12" c="3 13" t="1"/>
		<b id="13" c="3 14" t="1"/>
		<b id="14" c="3 15" t="1"/>
		<b id="15" c="4 16" t="1"/>
		<b id="16" c="4 17" t="1"/>
		<b id="17" c="4 18" t="1"/>
		<b id="18" c="5 19" t="1"/>
		<b id="19" c="5 20" t="1"/>
	</bonds>
	<geometry>
		<g u="A" t="cart/3d">#20,3:-0.4261,-1.2298,-0.9159;-0.4287,0.0649,-0.1082;-1.3627,1.0560,-0.8156;-0.9907,-0.2082,1.2824;0.9768,0.7212,-0.0371;2.0886,-0.1105,0.6165;1.7593,-0.6298,1.5186;2.9120,0.5535,0.8975;2.7843,-1.3077,-0.5001;-1.4644,-1.5400,-1.0709;0.0583,-1.0386,-1.8773;0.0956,-2.0010,-0.3454;-0.9767,1.2339,-1.8237;-1.3792,1.9855,-0.2389;-2.3648,0.6191,-0.8619;-0.3893,-0.9833,1.7628;-2.0233,-0.5546,1.1762;-0.9567,0.7212,1.8579;1.2487,1.0070,-1.0605;0.8390,1.6413,0.5438;</g>
	</geometry>
	<conformers/>
	<properties/>
</molecule>
