<?xml version="1.0" ?>
<!--MOLLI PACKAGE EXPERIMENTAL XML FORMAT-->
<molecule name="react_41_c2_frag_0">
	<atoms>
		<a id="1" s="C" t="C.3" l="C"/>
		<a id="2" s="N" t="N.4" l="N"/>
		<a id="3" s="C" t="C.3" l="C"/>
		<a id="4" s="C" t="C.3" l="C"/>
		<a id="5" s="C" t="C.3" l="C"/>
		<a id="6" s="C" t="C.3" l="C"/>
		<a id="7" s="H" t="H" l="H"/>
		<a id="8" s="H" t="H" l="H"/>
		<a id="9" s="C" t="C.3" l="C"/>
		<a id="10" s="H" t="H" l="H"/>
		<a id="11" s="H" t="H" l="H"/>
		<a id="12" s="O" t="O.3" l="O"/>
		<a id="13" s="C" t="C.3" l="C"/>
		<a id="14" s="H" t="H" l="H"/>
		<a id="15" s="H" t="H" l="H"/>
		<a id="16" s="C" t="C.ar" l="C"/>
		<a id="17" s="C" t="C.ar" l="C"/>
		<a id="18" s="H" t="H" l="H"/>
		<a id="19" s="C" t="C.ar" l="C"/>
		<a id="20" s="H" t="H" l="H"/>
		<a id="21" s="C" t="C.ar" l="C"/>
		<a id="22" s="O" t="O.3" l="O"/>
		<a id="23" s="C" t="C.3" l="C"/>
		<a id="24" s="H" t="H" l="H"/>
		<a id="25" s="H" t="H" l="H"/>
		<a id="26" s="H" t="H" l="H"/>
		<a id="27" s="C" t="C.ar" l="C"/>
		<a id="28" s="H" t="H" l="H"/>
		<a id="29" s="C" t="C.ar" l="C"/>
		<a id="30" s="H" t="H" l="H"/>
		<a id="31" s="H" t="H" l="H"/>
		<a id="32" s="H" t="H" l="H"/>
		<a id="33" s="H" t="H" l="H"/>
		<a id="34" s="H" t="H" l="H"/>
		<a id="35" s="H" t="H" l="H"/>
		<a id="36" s="H" t="H" l="H"/>
		<a id="37" s="H" t="H" l="H"/>
		<a id="38" s="H" t="H" l="H"/>
		<a id="39" s="H" t="H" l="H"/>
		<a id="40" s="H" t="H" l="H"/>
		<a id="41" s="H" t="H" l="H"/>
	</atoms>
	<bonds>
		<b id="1" c="1 2" t="1"/>
		<b id="2" c="3 2" t="1"/>
		<b id="3" c="4 2" t="1"/>
		<b id="4" c="2 5" t="1"/>
		<b id="5" c="5 6" t="1"/>
		<b id="6" c="7 6" t="1"/>
		<b id="7" c="8 6" t="1"/>
		<b id="8" c="6 9" t="1"/>
		<b id="9" c="10 9" t="1"/>
		<b id="10" c="11 9" t="1"/>
		<b id="11" c="9 12" t="1"/>
		<b id="12" c="12 13" t="1"/>
		<b id="13" c="14 13" t="1"/>
		<b id="14" c="15 13" t="1"/>
		<b id="15" c="13 16" t="1"/>
		<b id="16" c="16 17" t="ar"/>
		<b id="17" c="18 17" t="1"/>
		<b id="18" c="17 19" t="ar"/>
		<b id="19" c="20 19" t="1"/>
		<b id="20" c="19 21" t="ar"/>
		<b id="21" c="22 23" t="1"/>
		<b id="22" c="24 23" t="1"/>
		<b id="23" c="25 23" t="1"/>
		<b id="24" c="23 26" t="1"/>
		<b id="25" c="22 21" t="1"/>
		<b id="26" c="21 27" t="ar"/>
		<b id="27" c="28 27" t="1"/>
		<b id="28" c="27 29" t="ar"/>
		<b id="29" c="29 30" t="1"/>
		<b id="30" c="29 16" t="ar"/>
		<b id="31" c="1 31" t="1"/>
		<b id="32" c="1 32" t="1"/>
		<b id="33" c="1 33" t="1"/>
		<b id="34" c="3 34" t="1"/>
		<b id="35" c="3 35" t="1"/>
		<b id="36" c="3 36" t="1"/>
		<b id="37" c="4 37" t="1"/>
		<b id="38" c="4 38" t="1"/>
		<b id="39" c="4 39" t="1"/>
		<b id="40" c="5 40" t="1"/>
		<b id="41" c="5 41" t="1"/>
	</bonds>
	<geometry>
		<g u="A" t="cart/3d">#41,3:-4.0682,-1.4332,-0.2276;-3.9643,0.0073,-0.7148;-4.7944,0.9135,0.1897;-4.5538,0.0774,-2.1286;-2.4981,0.4777,-0.7946;-1.7705,0.4574,0.5455;-2.2805,1.0813,1.2871;-1.7398,-0.5540,0.9627;-0.3418,0.9729,0.3811;-0.3674,1.9829,-0.0426;0.2341,0.3453,-0.3080;0.2848,1.0811,1.6551;0.9874,-0.0934,2.0733;0.3373,-0.9697,1.9720;1.2149,0.0206,3.1390;2.2854,-0.2723,1.3261;2.6456,-1.5241,0.8143;1.9992,-2.3882,0.9455;3.8532,-1.6844,0.1303;4.1259,-2.6610,-0.2638;4.7252,-0.6075,-0.0435;5.8678,-0.9046,-0.7324;6.8349,0.1318,-0.8531;7.1811,0.4668,0.1304;7.6973,-0.2766,-1.3887;6.4430,0.9683,-1.4410;4.3788,0.6388,0.4756;5.0267,1.5027,0.3697;3.1688,0.8033,1.1593;2.9167,1.7822,1.5642;-5.1109,-1.7535,-0.3158;-3.7579,-1.4777,0.8192;-3.4222,-2.0568,-0.8521;-4.4633,0.7846,1.2230;-4.6576,1.9481,-0.1377;-5.8449,0.6198,0.1016;-3.9700,-0.5812,-2.7786;-4.4949,1.1131,-2.4760;-5.5962,-0.2528,-2.0884;-2.5169,1.4935,-1.2076;-1.9945,-0.1795,-1.5138;</g>
	</geometry>
	<conformers/>
	<properties/>
</molecule>
