<?xml version="1.0" ?>
<!--MOLLI PACKAGE EXPERIMENTAL XML FORMAT-->
<molecule name="react_42_c2_frag_0">
	<atoms>
		<a id="1" s="C" t="C.3" l="C"/>
		<a id="2" s="N" t="N.4" l="N"/>
		<a id="3" s="C" t="C.3" l="C"/>
		<a id="4" s="C" t="C.3" l="C"/>
		<a id="5" s="C" t="C.3" l="C"/>
		<a id="6" s="C" t="C.3" l="C"/>
		<a id="7" s="H" t="H" l="H"/>
		<a id="8" s="H" t="H" l="H"/>
		<a id="9" s="C" t="C.3" l="C"/>
		<a id="10" s="H" t="H" l="H"/>
		<a id="11" s="H" t="H" l="H"/>
		<a id="12" s="O" t="O.3" l="O"/>
		<a id="13" s="C" t="C.3" l="C"/>
		<a id="14" s="H" t="H" l="H"/>
		<a id="15" s="H" t="H" l="H"/>
		<a id="16" s="C" t="C.ar" l="C"/>
		<a id="17" s="C" t="C.ar" l="C"/>
		<a id="18" s="H" t="H" l="H"/>
		<a id="19" s="C" t="C.ar" l="C"/>
		<a id="20" s="H" t="H" l="H"/>
		<a id="21" s="C" t="C.ar" l="C"/>
		<a id="22" s="H" t="H" l="H"/>
		<a id="23" s="C" t="C.ar" l="C"/>
		<a id="24" s="H" t="H" l="H"/>
		<a id="25" s="C" t="C.ar" l="C"/>
		<a id="26" s="H" t="H" l="H"/>
		<a id="27" s="H" t="H" l="H"/>
		<a id="28" s="H" t="H" l="H"/>
		<a id="29" s="H" t="H" l="H"/>
		<a id="30" s="H" t="H" l="H"/>
		<a id="31" s="H" t="H" l="H"/>
		<a id="32" s="H" t="H" l="H"/>
		<a id="33" s="H" t="H" l="H"/>
		<a id="34" s="H" t="H" l="H"/>
		<a id="35" s="H" t="H" l="H"/>
		<a id="36" s="H" t="H" l="H"/>
		<a id="37" s="H" t="H" l="H"/>
	</atoms>
	<bonds>
		<b id="1" c="1 2" t="1"/>
		<b id="2" c="3 2" t="1"/>
		<b id="3" c="4 2" t="1"/>
		<b id="4" c="2 5" t="1"/>
		<b id="5" c="5 6" t="1"/>
		<b id="6" c="7 6" t="1"/>
		<b id="7" c="8 6" t="1"/>
		<b id="8" c="6 9" t="1"/>
		<b id="9" c="10 9" t="1"/>
		<b id="10" c="11 9" t="1"/>
		<b id="11" c="9 12" t="1"/>
		<b id="12" c="12 13" t="1"/>
		<b id="13" c="14 13" t="1"/>
		<b id="14" c="15 13" t="1"/>
		<b id="15" c="13 16" t="1"/>
		<b id="16" c="16 17" t="ar"/>
		<b id="17" c="18 17" t="1"/>
		<b id="18" c="17 19" t="ar"/>
		<b id="19" c="20 19" t="1"/>
		<b id="20" c="19 21" t="ar"/>
		<b id="21" c="22 21" t="1"/>
		<b id="22" c="21 23" t="ar"/>
		<b id="23" c="24 23" t="1"/>
		<b id="24" c="23 25" t="ar"/>
		<b id="25" c="25 26" t="1"/>
		<b id="26" c="25 16" t="ar"/>
		<b id="27" c="1 27" t="1"/>
		<b id="28" c="1 28" t="1"/>
		<b id="29" c="1 29" t="1"/>
		<b id="30" c="3 30" t="1"/>
		<b id="31" c="3 31" t="1"/>
		<b id="32" c="3 32" t="1"/>
		<b id="33" c="4 33" t="1"/>
		<b id="34" c="4 34" t="1"/>
		<b id="35" c="4 35" t="1"/>
		<b id="36" c="5 36" t="1"/>
		<b id="37" c="5 37" t="1"/>
	</bonds>
	<geometry>
		<g u="A" t="cart/3d">#37,3:4.0366,0.8065,0.4977;3.2770,-0.4986,0.2778;3.9778,-1.5985,1.0840;3.3343,-0.8799,-1.1967;1.8241,-0.3992,0.7847;0.9913,0.6556,0.0645;0.9170,0.4380,-1.0057;1.4460,1.6485,0.1460;-0.4148,0.7184,0.6581;-0.3473,0.9299,1.7310;-0.9405,-0.2363,0.5454;-1.1341,1.7986,0.0728;-1.9127,1.4387,-1.0731;-1.2917,0.8731,-1.7771;-2.2106,2.3671,-1.5728;-3.1614,0.6793,-0.6984;-3.5752,-0.4251,-1.4570;-3.0007,-0.7522,-2.3203;-4.7411,-1.1167,-1.1224;-5.0592,-1.9699,-1.7168;-5.5089,-0.7069,-0.0341;-6.4208,-1.2413,0.2212;-5.1162,0.3982,0.7178;-5.7226,0.7264,1.5586;-3.9517,1.0911,0.3848;-3.6625,1.9601,0.9733;3.9312,1.0955,1.5472;5.0895,0.6384,0.2508;3.6239,1.5740,-0.1615;5.0120,-1.6803,0.7363;3.4447,-2.5396,0.9192;3.9517,-1.3207,2.1418;2.9410,-0.0531,-1.7933;4.3791,-1.0629,-1.4660;2.7372,-1.7843,-1.3435;1.8811,-0.1793,1.8577;1.3767,-1.3924,0.6579;</g>
	</geometry>
	<conformers/>
	<properties/>
</molecule>
