<?xml version="1.0" ?>
<!--MOLLI PACKAGE EXPERIMENTAL XML FORMAT-->
<molecule name="react_45_c1_frag_0">
	<atoms>
		<a id="1" s="C" t="C.3" l="C"/>
		<a id="2" s="N" t="N.4" l="N"/>
		<a id="3" s="C" t="C.3" l="C"/>
		<a id="4" s="C" t="C.3" l="C"/>
		<a id="5" s="C" t="C.3" l="C"/>
		<a id="6" s="C" t="C.ar" l="C"/>
		<a id="7" s="C" t="C.ar" l="C"/>
		<a id="8" s="H" t="H" l="H"/>
		<a id="9" s="C" t="C.ar" l="C"/>
		<a id="10" s="H" t="H" l="H"/>
		<a id="11" s="C" t="C.ar" l="C"/>
		<a id="12" s="C" t="C.ar" l="C"/>
		<a id="13" s="C" t="C.ar" l="C"/>
		<a id="14" s="H" t="H" l="H"/>
		<a id="15" s="C" t="C.ar" l="C"/>
		<a id="16" s="H" t="H" l="H"/>
		<a id="17" s="C" t="C.ar" l="C"/>
		<a id="18" s="H" t="H" l="H"/>
		<a id="19" s="C" t="C.ar" l="C"/>
		<a id="20" s="H" t="H" l="H"/>
		<a id="21" s="C" t="C.ar" l="C"/>
		<a id="22" s="H" t="H" l="H"/>
		<a id="23" s="C" t="C.ar" l="C"/>
		<a id="24" s="F" t="F" l="F"/>
		<a id="25" s="C" t="C.ar" l="C"/>
		<a id="26" s="H" t="H" l="H"/>
		<a id="27" s="H" t="H" l="H"/>
		<a id="28" s="H" t="H" l="H"/>
		<a id="29" s="H" t="H" l="H"/>
		<a id="30" s="H" t="H" l="H"/>
		<a id="31" s="H" t="H" l="H"/>
		<a id="32" s="H" t="H" l="H"/>
		<a id="33" s="H" t="H" l="H"/>
		<a id="34" s="H" t="H" l="H"/>
		<a id="35" s="H" t="H" l="H"/>
		<a id="36" s="H" t="H" l="H"/>
		<a id="37" s="H" t="H" l="H"/>
	</atoms>
	<bonds>
		<b id="1" c="1 2" t="1"/>
		<b id="2" c="3 2" t="1"/>
		<b id="3" c="4 2" t="1"/>
		<b id="4" c="2 5" t="1"/>
		<b id="5" c="5 6" t="1"/>
		<b id="6" c="6 7" t="ar"/>
		<b id="7" c="8 7" t="1"/>
		<b id="8" c="7 9" t="ar"/>
		<b id="9" c="10 9" t="1"/>
		<b id="10" c="9 11" t="ar"/>
		<b id="11" c="12 13" t="ar"/>
		<b id="12" c="14 13" t="1"/>
		<b id="13" c="13 15" t="ar"/>
		<b id="14" c="16 15" t="1"/>
		<b id="15" c="15 17" t="ar"/>
		<b id="16" c="18 17" t="1"/>
		<b id="17" c="17 19" t="ar"/>
		<b id="18" c="20 19" t="1"/>
		<b id="19" c="19 21" t="ar"/>
		<b id="20" c="21 22" t="1"/>
		<b id="21" c="11 12" t="1"/>
		<b id="22" c="11 23" t="ar"/>
		<b id="23" c="24 23" t="1"/>
		<b id="24" c="23 25" t="ar"/>
		<b id="25" c="25 26" t="1"/>
		<b id="26" c="25 6" t="ar"/>
		<b id="27" c="21 12" t="ar"/>
		<b id="28" c="1 27" t="1"/>
		<b id="29" c="1 28" t="1"/>
		<b id="30" c="1 29" t="1"/>
		<b id="31" c="3 30" t="1"/>
		<b id="32" c="3 31" t="1"/>
		<b id="33" c="3 32" t="1"/>
		<b id="34" c="4 33" t="1"/>
		<b id="35" c="4 34" t="1"/>
		<b id="36" c="4 35" t="1"/>
		<b id="37" c="5 36" t="1"/>
		<b id="38" c="5 37" t="1"/>
	</bonds>
	<geometry>
		<g u="A" t="cart/3d">#37,3:-4.8039,-0.2015,0.9247;-3.4229,-0.0269,0.2959;-3.2911,1.4092,-0.1922;-3.3067,-0.9715,-0.8919;-2.3663,-0.3512,1.3719;-0.9206,-0.2511,0.9544;-0.2378,-1.3634,0.4429;-0.7295,-2.3306,0.3484;1.1032,-1.2614,0.0485;1.6012,-2.1434,-0.3553;1.8087,-0.0506,0.1551;3.2180,0.0436,-0.2660;3.6555,1.0675,-1.1238;2.9567,1.8177,-1.4878;4.9904,1.1495,-1.5306;5.3086,1.9511,-2.1926;5.9141,0.2081,-1.0861;6.9532,0.2737,-1.3997;5.5052,-0.8133,-0.2338;6.2272,-1.5450,0.1206;4.1700,-0.8942,0.1720;3.8844,-1.6951,0.8509;1.1139,1.0479,0.6773;1.7208,2.2358,0.8169;-0.2217,0.9563,1.0762;-0.6873,1.8475,1.4896;-4.8894,0.4878,1.7700;-4.9027,-1.2377,1.2618;-5.5625,0.0265,0.1698;-2.3494,1.5172,-0.7363;-4.1287,1.6237,-0.8633;-3.3205,2.0750,0.6753;-4.1421,-0.7757,-1.5714;-2.3622,-0.7823,-1.4085;-3.3513,-2.0003,-0.5231;-2.5788,-1.3681,1.7270;-2.5558,0.3250,2.2158;</g>
	</geometry>
	<conformers/>
	<properties/>
</molecule>
