<?xml version="1.0" ?>
<!--MOLLI PACKAGE EXPERIMENTAL XML FORMAT-->
<molecule name="react_47_c1_frag_0">
	<atoms>
		<a id="1" s="C" t="C.3" l="C"/>
		<a id="2" s="N" t="N.4" l="N"/>
		<a id="3" s="C" t="C.3" l="C"/>
		<a id="4" s="C" t="C.3" l="C"/>
		<a id="5" s="C" t="C.3" l="C"/>
		<a id="6" s="C" t="C.2" l="C"/>
		<a id="7" s="O" t="O.2" l="O"/>
		<a id="8" s="O" t="O.3" l="O"/>
		<a id="9" s="C" t="C.3" l="C"/>
		<a id="10" s="C" t="C.3" l="C"/>
		<a id="11" s="H" t="H" l="H"/>
		<a id="12" s="H" t="H" l="H"/>
		<a id="13" s="H" t="H" l="H"/>
		<a id="14" s="C" t="C.3" l="C"/>
		<a id="15" s="H" t="H" l="H"/>
		<a id="16" s="H" t="H" l="H"/>
		<a id="17" s="H" t="H" l="H"/>
		<a id="18" s="C" t="C.3" l="C"/>
		<a id="19" s="H" t="H" l="H"/>
		<a id="20" s="H" t="H" l="H"/>
		<a id="21" s="H" t="H" l="H"/>
		<a id="22" s="H" t="H" l="H"/>
		<a id="23" s="H" t="H" l="H"/>
		<a id="24" s="H" t="H" l="H"/>
		<a id="25" s="H" t="H" l="H"/>
		<a id="26" s="H" t="H" l="H"/>
		<a id="27" s="H" t="H" l="H"/>
		<a id="28" s="H" t="H" l="H"/>
		<a id="29" s="H" t="H" l="H"/>
		<a id="30" s="H" t="H" l="H"/>
		<a id="31" s="H" t="H" l="H"/>
		<a id="32" s="H" t="H" l="H"/>
	</atoms>
	<bonds>
		<b id="1" c="1 2" t="1"/>
		<b id="2" c="3 2" t="1"/>
		<b id="3" c="4 2" t="1"/>
		<b id="4" c="2 5" t="1"/>
		<b id="5" c="5 6" t="1"/>
		<b id="6" c="6 7" t="2"/>
		<b id="7" c="6 8" t="1"/>
		<b id="8" c="8 9" t="1"/>
		<b id="9" c="11 10" t="1"/>
		<b id="10" c="12 10" t="1"/>
		<b id="11" c="10 13" t="1"/>
		<b id="12" c="10 9" t="1"/>
		<b id="13" c="15 14" t="1"/>
		<b id="14" c="16 14" t="1"/>
		<b id="15" c="14 17" t="1"/>
		<b id="16" c="14 9" t="1"/>
		<b id="17" c="9 18" t="1"/>
		<b id="18" c="19 18" t="1"/>
		<b id="19" c="20 18" t="1"/>
		<b id="20" c="18 21" t="1"/>
		<b id="21" c="1 22" t="1"/>
		<b id="22" c="1 23" t="1"/>
		<b id="23" c="1 24" t="1"/>
		<b id="24" c="3 25" t="1"/>
		<b id="25" c="3 26" t="1"/>
		<b id="26" c="3 27" t="1"/>
		<b id="27" c="4 28" t="1"/>
		<b id="28" c="4 29" t="1"/>
		<b id="29" c="4 30" t="1"/>
		<b id="30" c="5 31" t="1"/>
		<b id="31" c="5 32" t="1"/>
	</bonds>
	<geometry>
		<g u="A" t="cart/3d">#32,3:3.4611,-0.9676,1.0156;2.4585,-0.0529,0.3243;2.5246,1.3298,0.9624;2.8170,0.0509,-1.1537;1.0264,-0.6725,0.5008;-0.1469,0.0857,-0.1195;-0.0465,1.1336,-0.7389;-1.2969,-0.5929,0.1316;-2.5805,-0.0986,-0.3445;-2.9176,1.2577,0.2838;-3.9461,1.5577,0.0557;-2.7981,1.2222,1.3724;-2.2571,2.0512,-0.0784;-3.6036,-1.1359,0.1409;-3.3706,-2.1297,-0.2588;-4.6234,-0.8728,-0.1590;-3.5768,-1.2282,1.2330;-2.6192,-0.0472,-1.8754;-2.2899,-1.0000,-2.3048;-1.9534,0.7235,-2.2753;-3.6286,0.1696,-2.2413;4.4619,-0.5418,0.8966;3.1979,-1.0314,2.0755;3.4091,-1.9549,0.5474;1.8835,2.0199,0.4115;2.1974,1.2447,2.0026;3.5613,1.6776,0.9179;2.6963,-0.9370,-1.6072;2.1668,0.7805,-1.6392;3.8582,0.3792,-1.2305;0.8621,-0.7487,1.5813;1.0731,-1.6717,0.0541;</g>
	</geometry>
	<conformers/>
	<properties/>
</molecule>
