<?xml version="1.0" ?>
<!--MOLLI PACKAGE EXPERIMENTAL XML FORMAT-->
<molecule name="react_47_c2_frag_0">
	<atoms>
		<a id="1" s="C" t="C.3" l="C"/>
		<a id="2" s="N" t="N.4" l="N"/>
		<a id="3" s="C" t="C.3" l="C"/>
		<a id="4" s="C" t="C.3" l="C"/>
		<a id="5" s="C" t="C.3" l="C"/>
		<a id="6" s="C" t="C.3" l="C"/>
		<a id="7" s="H" t="H" l="H"/>
		<a id="8" s="H" t="H" l="H"/>
		<a id="9" s="C" t="C.3" l="C"/>
		<a id="10" s="H" t="H" l="H"/>
		<a id="11" s="H" t="H" l="H"/>
		<a id="12" s="O" t="O.3" l="O"/>
		<a id="13" s="C" t="C.3" l="C"/>
		<a id="14" s="H" t="H" l="H"/>
		<a id="15" s="H" t="H" l="H"/>
		<a id="16" s="C" t="C.ar" l="C"/>
		<a id="17" s="C" t="C.ar" l="C"/>
		<a id="18" s="H" t="H" l="H"/>
		<a id="19" s="C" t="C.ar" l="C"/>
		<a id="20" s="H" t="H" l="H"/>
		<a id="21" s="C" t="C.ar" l="C"/>
		<a id="22" s="O" t="O.3" l="O"/>
		<a id="23" s="C" t="C.3" l="C"/>
		<a id="24" s="H" t="H" l="H"/>
		<a id="25" s="H" t="H" l="H"/>
		<a id="26" s="H" t="H" l="H"/>
		<a id="27" s="C" t="C.ar" l="C"/>
		<a id="28" s="O" t="O.3" l="O"/>
		<a id="29" s="C" t="C.3" l="C"/>
		<a id="30" s="H" t="H" l="H"/>
		<a id="31" s="H" t="H" l="H"/>
		<a id="32" s="H" t="H" l="H"/>
		<a id="33" s="C" t="C.ar" l="C"/>
		<a id="34" s="H" t="H" l="H"/>
		<a id="35" s="H" t="H" l="H"/>
		<a id="36" s="H" t="H" l="H"/>
		<a id="37" s="H" t="H" l="H"/>
		<a id="38" s="H" t="H" l="H"/>
		<a id="39" s="H" t="H" l="H"/>
		<a id="40" s="H" t="H" l="H"/>
		<a id="41" s="H" t="H" l="H"/>
		<a id="42" s="H" t="H" l="H"/>
		<a id="43" s="H" t="H" l="H"/>
		<a id="44" s="H" t="H" l="H"/>
		<a id="45" s="H" t="H" l="H"/>
	</atoms>
	<bonds>
		<b id="1" c="1 2" t="1"/>
		<b id="2" c="3 2" t="1"/>
		<b id="3" c="4 2" t="1"/>
		<b id="4" c="2 5" t="1"/>
		<b id="5" c="5 6" t="1"/>
		<b id="6" c="7 6" t="1"/>
		<b id="7" c="8 6" t="1"/>
		<b id="8" c="6 9" t="1"/>
		<b id="9" c="10 9" t="1"/>
		<b id="10" c="11 9" t="1"/>
		<b id="11" c="9 12" t="1"/>
		<b id="12" c="12 13" t="1"/>
		<b id="13" c="14 13" t="1"/>
		<b id="14" c="15 13" t="1"/>
		<b id="15" c="13 16" t="1"/>
		<b id="16" c="16 17" t="ar"/>
		<b id="17" c="18 17" t="1"/>
		<b id="18" c="17 19" t="ar"/>
		<b id="19" c="20 19" t="1"/>
		<b id="20" c="19 21" t="ar"/>
		<b id="21" c="22 23" t="1"/>
		<b id="22" c="24 23" t="1"/>
		<b id="23" c="25 23" t="1"/>
		<b id="24" c="23 26" t="1"/>
		<b id="25" c="22 21" t="1"/>
		<b id="26" c="21 27" t="ar"/>
		<b id="27" c="28 29" t="1"/>
		<b id="28" c="30 29" t="1"/>
		<b id="29" c="31 29" t="1"/>
		<b id="30" c="29 32" t="1"/>
		<b id="31" c="28 27" t="1"/>
		<b id="32" c="27 33" t="ar"/>
		<b id="33" c="33 34" t="1"/>
		<b id="34" c="33 16" t="ar"/>
		<b id="35" c="1 35" t="1"/>
		<b id="36" c="1 36" t="1"/>
		<b id="37" c="1 37" t="1"/>
		<b id="38" c="3 38" t="1"/>
		<b id="39" c="3 39" t="1"/>
		<b id="40" c="3 40" t="1"/>
		<b id="41" c="4 41" t="1"/>
		<b id="42" c="4 42" t="1"/>
		<b id="43" c="4 43" t="1"/>
		<b id="44" c="5 44" t="1"/>
		<b id="45" c="5 45" t="1"/>
	</bonds>
	<geometry>
		<g u="A" t="cart/3d">#45,3:-5.1382,0.7237,-1.6380;-4.3840,-0.5712,-1.3467;-4.8069,-1.6130,-2.3901;-4.7761,-1.0916,0.0315;-2.8586,-0.3780,-1.4691;-2.2872,0.6463,-0.4942;-2.4786,0.3586,0.5452;-2.7507,1.6294,-0.6324;-0.7807,0.7899,-0.6985;-0.2601,-0.1538,-0.5018;-0.5778,1.0670,-1.7385;-0.2927,1.8536,0.1129;0.2526,1.4380,1.3692;0.3623,2.3340,1.9901;-0.4582,0.7713,1.8714;1.6089,0.7907,1.2286;1.9975,-0.2345,2.1009;1.3245,-0.5772,2.8848;3.2545,-0.8431,1.9802;3.4976,-1.6448,2.6711;4.1547,-0.4278,0.9947;5.3833,-0.9881,0.7716;5.7736,-2.0764,1.5992;6.7668,-2.4041,1.2755;5.8508,-1.7664,2.6467;5.0897,-2.9245,1.4849;3.7825,0.6312,0.1533;4.5853,1.0921,-0.8614;5.7025,1.8157,-0.3424;6.1386,2.3860,-1.1692;5.3993,2.5299,0.4338;6.4750,1.1391,0.0377;2.5219,1.2259,0.2603;2.2596,2.0334,-0.4205;-4.9397,1.4390,-0.8356;-6.2090,0.4981,-1.6714;-4.7987,1.1135,-2.6024;-5.8886,-1.7613,-2.3157;-4.2780,-2.5475,-2.1782;-4.5408,-1.2355,-3.3824;-4.1859,-1.9880,0.2437;-5.8439,-1.3305,0.0193;-4.5820,-0.3135,0.7744;-2.6634,-0.0738,-2.5051;-2.4020,-1.3620,-1.3045;</g>
	</geometry>
	<conformers/>
	<properties/>
</molecule>
