<?xml version="1.0" ?>
<!--MOLLI PACKAGE EXPERIMENTAL XML FORMAT-->
<molecule name="react_48_c1_frag_0">
	<atoms>
		<a id="1" s="C" t="C.3" l="C"/>
		<a id="2" s="N" t="N.4" l="N"/>
		<a id="3" s="C" t="C.3" l="C"/>
		<a id="4" s="C" t="C.3" l="C"/>
		<a id="5" s="C" t="C.3" l="C"/>
		<a id="6" s="C" t="C.ar" l="C"/>
		<a id="7" s="N" t="N.ar" l="N"/>
		<a id="8" s="C" t="C.ar" l="C"/>
		<a id="9" s="C" t="C.2" l="C"/>
		<a id="10" s="O" t="O.2" l="O"/>
		<a id="11" s="C" t="C.3" l="C"/>
		<a id="12" s="H" t="H" l="H"/>
		<a id="13" s="H" t="H" l="H"/>
		<a id="14" s="H" t="H" l="H"/>
		<a id="15" s="N" t="N.ar" l="N"/>
		<a id="16" s="C" t="C.3" l="C"/>
		<a id="17" s="H" t="H" l="H"/>
		<a id="18" s="H" t="H" l="H"/>
		<a id="19" s="C" t="C.3" l="C"/>
		<a id="20" s="H" t="H" l="H"/>
		<a id="21" s="H" t="H" l="H"/>
		<a id="22" s="H" t="H" l="H"/>
		<a id="23" s="C" t="C.ar" l="C"/>
		<a id="24" s="H" t="H" l="H"/>
		<a id="25" s="H" t="H" l="H"/>
		<a id="26" s="H" t="H" l="H"/>
		<a id="27" s="H" t="H" l="H"/>
		<a id="28" s="H" t="H" l="H"/>
		<a id="29" s="H" t="H" l="H"/>
		<a id="30" s="H" t="H" l="H"/>
		<a id="31" s="H" t="H" l="H"/>
		<a id="32" s="H" t="H" l="H"/>
		<a id="33" s="H" t="H" l="H"/>
		<a id="34" s="H" t="H" l="H"/>
		<a id="35" s="H" t="H" l="H"/>
	</atoms>
	<bonds>
		<b id="1" c="1 2" t="1"/>
		<b id="2" c="3 2" t="1"/>
		<b id="3" c="4 2" t="1"/>
		<b id="4" c="2 5" t="1"/>
		<b id="5" c="5 6" t="1"/>
		<b id="6" c="6 7" t="ar"/>
		<b id="7" c="7 8" t="ar"/>
		<b id="8" c="9 10" t="2"/>
		<b id="9" c="9 11" t="1"/>
		<b id="10" c="12 11" t="1"/>
		<b id="11" c="13 11" t="1"/>
		<b id="12" c="11 14" t="1"/>
		<b id="13" c="9 8" t="1"/>
		<b id="14" c="8 15" t="ar"/>
		<b id="15" c="17 16" t="1"/>
		<b id="16" c="18 16" t="1"/>
		<b id="17" c="16 19" t="1"/>
		<b id="18" c="20 19" t="1"/>
		<b id="19" c="21 19" t="1"/>
		<b id="20" c="19 22" t="1"/>
		<b id="21" c="16 15" t="1"/>
		<b id="22" c="15 23" t="ar"/>
		<b id="23" c="23 24" t="1"/>
		<b id="24" c="23 6" t="ar"/>
		<b id="25" c="1 25" t="1"/>
		<b id="26" c="1 26" t="1"/>
		<b id="27" c="1 27" t="1"/>
		<b id="28" c="3 28" t="1"/>
		<b id="29" c="3 29" t="1"/>
		<b id="30" c="3 30" t="1"/>
		<b id="31" c="4 31" t="1"/>
		<b id="32" c="4 32" t="1"/>
		<b id="33" c="4 33" t="1"/>
		<b id="34" c="5 34" t="1"/>
		<b id="35" c="5 35" t="1"/>
	</bonds>
	<geometry>
		<g u="A" t="cart/3d">#35,3:-3.0002,0.1527,-0.9511;-2.7981,0.5394,0.5022;-2.3703,2.0049,0.5738;-4.0992,0.3686,1.2650;-1.7259,-0.3676,1.1523;-0.3702,-0.3766,0.5193;0.3049,0.7965,0.2982;1.4552,0.4873,-0.2827;2.3907,1.5294,-0.6874;2.0191,2.5738,-1.2244;3.8555,1.3090,-0.4105;3.9923,0.7638,0.5267;4.3479,2.2804,-0.3014;4.3226,0.7717,-1.2378;1.5367,-0.8790,-0.4466;2.5486,-1.6393,-1.1584;2.0240,-2.3914,-1.7596;3.0571,-0.9738,-1.8606;3.5347,-2.3186,-0.2249;4.2809,-2.8739,-0.8015;3.0256,-3.0248,0.4397;4.0595,-1.5936,0.4037;0.3845,-1.4335,0.0631;0.2079,-2.5016,0.0418;-3.2801,-0.9042,-0.9927;-3.8016,0.7731,-1.3642;-2.0734,0.3260,-1.5050;-3.2369,2.6234,0.3183;-2.0407,2.2239,1.5933;-1.5793,2.1946,-0.1541;-4.8631,1.0001,0.8011;-4.3980,-0.6827,1.2139;-3.9356,0.6704,2.3039;-1.6343,-0.0455,2.1968;-2.1409,-1.3833,1.1497;</g>
	</geometry>
	<conformers/>
	<properties/>
</molecule>
