<?xml version="1.0" ?>
<!--MOLLI PACKAGE EXPERIMENTAL XML FORMAT-->
<molecule name="react_48_c2_frag_0">
	<atoms>
		<a id="1" s="C" t="C.3" l="C"/>
		<a id="2" s="N" t="N.4" l="N"/>
		<a id="3" s="C" t="C.3" l="C"/>
		<a id="4" s="C" t="C.3" l="C"/>
		<a id="5" s="C" t="C.3" l="C"/>
		<a id="6" s="C" t="C.3" l="C"/>
		<a id="7" s="H" t="H" l="H"/>
		<a id="8" s="H" t="H" l="H"/>
		<a id="9" s="C" t="C.3" l="C"/>
		<a id="10" s="H" t="H" l="H"/>
		<a id="11" s="H" t="H" l="H"/>
		<a id="12" s="O" t="O.3" l="O"/>
		<a id="13" s="Si" t="Si" l="SI"/>
		<a id="14" s="C" t="C.3" l="C"/>
		<a id="15" s="H" t="H" l="H"/>
		<a id="16" s="H" t="H" l="H"/>
		<a id="17" s="H" t="H" l="H"/>
		<a id="18" s="C" t="C.3" l="C"/>
		<a id="19" s="H" t="H" l="H"/>
		<a id="20" s="H" t="H" l="H"/>
		<a id="21" s="H" t="H" l="H"/>
		<a id="22" s="C" t="C.3" l="C"/>
		<a id="23" s="C" t="C.3" l="C"/>
		<a id="24" s="H" t="H" l="H"/>
		<a id="25" s="H" t="H" l="H"/>
		<a id="26" s="H" t="H" l="H"/>
		<a id="27" s="C" t="C.3" l="C"/>
		<a id="28" s="H" t="H" l="H"/>
		<a id="29" s="H" t="H" l="H"/>
		<a id="30" s="H" t="H" l="H"/>
		<a id="31" s="C" t="C.3" l="C"/>
		<a id="32" s="H" t="H" l="H"/>
		<a id="33" s="H" t="H" l="H"/>
		<a id="34" s="H" t="H" l="H"/>
		<a id="35" s="H" t="H" l="H"/>
		<a id="36" s="H" t="H" l="H"/>
		<a id="37" s="H" t="H" l="H"/>
		<a id="38" s="H" t="H" l="H"/>
		<a id="39" s="H" t="H" l="H"/>
		<a id="40" s="H" t="H" l="H"/>
		<a id="41" s="H" t="H" l="H"/>
		<a id="42" s="H" t="H" l="H"/>
		<a id="43" s="H" t="H" l="H"/>
		<a id="44" s="H" t="H" l="H"/>
		<a id="45" s="H" t="H" l="H"/>
	</atoms>
	<bonds>
		<b id="1" c="1 2" t="1"/>
		<b id="2" c="3 2" t="1"/>
		<b id="3" c="4 2" t="1"/>
		<b id="4" c="2 5" t="1"/>
		<b id="5" c="5 6" t="1"/>
		<b id="6" c="7 6" t="1"/>
		<b id="7" c="8 6" t="1"/>
		<b id="8" c="6 9" t="1"/>
		<b id="9" c="10 9" t="1"/>
		<b id="10" c="11 9" t="1"/>
		<b id="11" c="9 12" t="1"/>
		<b id="12" c="12 13" t="1"/>
		<b id="13" c="15 14" t="1"/>
		<b id="14" c="16 14" t="1"/>
		<b id="15" c="14 17" t="1"/>
		<b id="16" c="14 13" t="1"/>
		<b id="17" c="19 18" t="1"/>
		<b id="18" c="20 18" t="1"/>
		<b id="19" c="18 21" t="1"/>
		<b id="20" c="18 13" t="1"/>
		<b id="21" c="13 22" t="1"/>
		<b id="22" c="24 23" t="1"/>
		<b id="23" c="25 23" t="1"/>
		<b id="24" c="23 26" t="1"/>
		<b id="25" c="23 22" t="1"/>
		<b id="26" c="28 27" t="1"/>
		<b id="27" c="29 27" t="1"/>
		<b id="28" c="27 30" t="1"/>
		<b id="29" c="27 22" t="1"/>
		<b id="30" c="22 31" t="1"/>
		<b id="31" c="32 31" t="1"/>
		<b id="32" c="33 31" t="1"/>
		<b id="33" c="31 34" t="1"/>
		<b id="34" c="1 35" t="1"/>
		<b id="35" c="1 36" t="1"/>
		<b id="36" c="1 37" t="1"/>
		<b id="37" c="3 38" t="1"/>
		<b id="38" c="3 39" t="1"/>
		<b id="39" c="3 40" t="1"/>
		<b id="40" c="4 41" t="1"/>
		<b id="41" c="4 42" t="1"/>
		<b id="42" c="4 43" t="1"/>
		<b id="43" c="5 44" t="1"/>
		<b id="44" c="5 45" t="1"/>
	</bonds>
	<geometry>
		<g u="A" t="cart/3d">#45,3:3.9907,-0.9790,1.1957;3.1577,0.0297,0.3901;2.0959,0.5904,1.3300;4.0802,1.1427,-0.0766;2.5230,-0.7396,-0.7845;1.9206,0.0939,-1.9183;2.6596,0.7709,-2.3600;1.6810,-0.6251,-2.7145;0.6320,0.8547,-1.6251;0.8557,1.8103,-1.1395;0.1397,1.0828,-2.5804;-0.1976,0.0730,-0.7749;-1.8593,0.3627,-0.7588;-2.6769,-0.2497,-2.3281;-3.7591,-0.0902,-2.2968;-2.4922,-1.3180,-2.4727;-2.2835,0.2828,-3.1995;-2.2446,2.1739,-0.4739;-1.8885,2.7783,-1.3134;-1.7570,2.5371,0.4355;-3.3217,2.3354,-0.3749;-2.6650,-0.7026,0.8259;-2.2803,-2.1881,0.6682;-2.6732,-2.6101,-0.2635;-1.1927,-2.3235,0.6614;-2.6829,-2.7833,1.4958;-4.1988,-0.5503,0.8195;-4.6401,-0.9420,-0.1034;-4.6459,-1.0996,1.6563;-4.5009,0.4984,0.9149;-2.0860,-0.1513,2.1446;-0.9946,-0.2340,2.1688;-2.4787,-0.7068,3.0038;-2.3438,0.9035,2.2900;3.3300,-1.7866,1.5251;4.4262,-0.4633,2.0570;4.7841,-1.3673,0.5500;1.3989,-0.2111,1.5882;2.5954,0.9605,2.2312;1.5854,1.4215,0.8441;4.5995,1.5525,0.7957;3.4804,1.9259,-0.5480;4.7988,0.7218,-0.7861;1.7948,-1.4410,-0.3603;3.3334,-1.3402,-1.2172;</g>
	</geometry>
	<conformers/>
	<properties/>
</molecule>
