<?xml version="1.0" ?>
<!--MOLLI PACKAGE EXPERIMENTAL XML FORMAT-->
<molecule name="react_49_c2_frag_0">
	<atoms>
		<a id="1" s="C" t="C.3" l="C"/>
		<a id="2" s="N" t="N.4" l="N"/>
		<a id="3" s="C" t="C.3" l="C"/>
		<a id="4" s="C" t="C.3" l="C"/>
		<a id="5" s="C" t="C.3" l="C"/>
		<a id="6" s="C" t="C.ar" l="C"/>
		<a id="7" s="C" t="C.ar" l="C"/>
		<a id="8" s="H" t="H" l="H"/>
		<a id="9" s="C" t="C.ar" l="C"/>
		<a id="10" s="H" t="H" l="H"/>
		<a id="11" s="C" t="C.ar" l="C"/>
		<a id="12" s="O" t="O.3" l="O"/>
		<a id="13" s="C" t="C.3" l="C"/>
		<a id="14" s="H" t="H" l="H"/>
		<a id="15" s="H" t="H" l="H"/>
		<a id="16" s="C" t="C.ar" l="C"/>
		<a id="17" s="C" t="C.ar" l="C"/>
		<a id="18" s="H" t="H" l="H"/>
		<a id="19" s="C" t="C.ar" l="C"/>
		<a id="20" s="H" t="H" l="H"/>
		<a id="21" s="C" t="C.ar" l="C"/>
		<a id="22" s="H" t="H" l="H"/>
		<a id="23" s="C" t="C.ar" l="C"/>
		<a id="24" s="H" t="H" l="H"/>
		<a id="25" s="C" t="C.ar" l="C"/>
		<a id="26" s="H" t="H" l="H"/>
		<a id="27" s="C" t="C.ar" l="C"/>
		<a id="28" s="O" t="O.3" l="O"/>
		<a id="29" s="C" t="C.3" l="C"/>
		<a id="30" s="H" t="H" l="H"/>
		<a id="31" s="H" t="H" l="H"/>
		<a id="32" s="H" t="H" l="H"/>
		<a id="33" s="C" t="C.ar" l="C"/>
		<a id="34" s="H" t="H" l="H"/>
		<a id="35" s="H" t="H" l="H"/>
		<a id="36" s="H" t="H" l="H"/>
		<a id="37" s="H" t="H" l="H"/>
		<a id="38" s="H" t="H" l="H"/>
		<a id="39" s="H" t="H" l="H"/>
		<a id="40" s="H" t="H" l="H"/>
		<a id="41" s="H" t="H" l="H"/>
		<a id="42" s="H" t="H" l="H"/>
		<a id="43" s="H" t="H" l="H"/>
		<a id="44" s="H" t="H" l="H"/>
		<a id="45" s="H" t="H" l="H"/>
	</atoms>
	<bonds>
		<b id="1" c="1 2" t="1"/>
		<b id="2" c="3 2" t="1"/>
		<b id="3" c="4 2" t="1"/>
		<b id="4" c="2 5" t="1"/>
		<b id="5" c="5 6" t="1"/>
		<b id="6" c="6 7" t="ar"/>
		<b id="7" c="8 7" t="1"/>
		<b id="8" c="7 9" t="ar"/>
		<b id="9" c="10 9" t="1"/>
		<b id="10" c="9 11" t="ar"/>
		<b id="11" c="12 13" t="1"/>
		<b id="12" c="14 13" t="1"/>
		<b id="13" c="15 13" t="1"/>
		<b id="14" c="13 16" t="1"/>
		<b id="15" c="16 17" t="ar"/>
		<b id="16" c="18 17" t="1"/>
		<b id="17" c="17 19" t="ar"/>
		<b id="18" c="20 19" t="1"/>
		<b id="19" c="19 21" t="ar"/>
		<b id="20" c="22 21" t="1"/>
		<b id="21" c="21 23" t="ar"/>
		<b id="22" c="24 23" t="1"/>
		<b id="23" c="23 25" t="ar"/>
		<b id="24" c="25 26" t="1"/>
		<b id="25" c="12 11" t="1"/>
		<b id="26" c="11 27" t="ar"/>
		<b id="27" c="28 29" t="1"/>
		<b id="28" c="30 29" t="1"/>
		<b id="29" c="31 29" t="1"/>
		<b id="30" c="29 32" t="1"/>
		<b id="31" c="28 27" t="1"/>
		<b id="32" c="27 33" t="ar"/>
		<b id="33" c="33 34" t="1"/>
		<b id="34" c="33 6" t="ar"/>
		<b id="35" c="25 16" t="ar"/>
		<b id="36" c="1 35" t="1"/>
		<b id="37" c="1 36" t="1"/>
		<b id="38" c="1 37" t="1"/>
		<b id="39" c="3 38" t="1"/>
		<b id="40" c="3 39" t="1"/>
		<b id="41" c="3 40" t="1"/>
		<b id="42" c="4 41" t="1"/>
		<b id="43" c="4 42" t="1"/>
		<b id="44" c="4 43" t="1"/>
		<b id="45" c="5 44" t="1"/>
		<b id="46" c="5 45" t="1"/>
	</bonds>
	<geometry>
		<g u="A" t="cart/3d">#45,3:-5.6750,-1.3883,-0.8022;-4.1757,-1.3252,-0.5224;-3.9332,-1.6922,0.9337;-3.4716,-2.3395,-1.4166;-3.6950,0.1099,-0.8247;-2.2325,0.3947,-0.5918;-1.7723,0.8616,0.6455;-2.4648,1.0543,1.4651;-0.4073,1.0831,0.8638;-0.1011,1.4345,1.8449;0.5277,0.8499,-0.1503;1.8776,0.9873,0.0079;2.3938,1.0618,1.3378;1.9656,0.2758,1.9719;2.1554,2.0484,1.7516;3.8919,0.8688,1.3156;4.4828,-0.1056,0.4957;3.8695,-0.7094,-0.1692;5.8632,-0.3100,0.5155;6.3112,-1.0627,-0.1288;6.6680,0.4488,1.3625;7.7427,0.2885,1.3791;6.0935,1.4115,2.1908;6.7229,2.0004,2.8538;4.7128,1.6182,2.1713;4.2864,2.3717,2.8304;0.0659,0.4389,-1.4089;0.8509,0.1661,-2.5002;1.8590,1.1402,-2.7686;1.5583,2.1514,-2.4690;2.8006,0.8519,-2.2920;2.0317,1.1512,-3.8514;-1.2974,0.1965,-1.6158;-1.6117,-0.1394,-2.6022;-6.1798,-0.6591,-0.1596;-6.0290,-2.3994,-0.5798;-5.8435,-1.1537,-1.8566;-4.3822,-2.6719,1.1233;-4.4022,-0.9316,1.5663;-2.8564,-1.7421,1.1172;-2.4108,-2.3768,-1.1526;-3.6073,-2.0356,-2.4588;-3.9249,-3.3211,-1.2476;-3.9515,0.3123,-1.8725;-4.3061,0.7860,-0.2128;</g>
	</geometry>
	<conformers/>
	<properties/>
</molecule>
