<?xml version="1.0" ?>
<!--MOLLI PACKAGE EXPERIMENTAL XML FORMAT-->
<molecule name="react_50_c1_frag_0">
	<atoms>
		<a id="1" s="C" t="C.3" l="C"/>
		<a id="2" s="N" t="N.4" l="N"/>
		<a id="3" s="C" t="C.3" l="C"/>
		<a id="4" s="C" t="C.3" l="C"/>
		<a id="5" s="C" t="C.3" l="C"/>
		<a id="6" s="C" t="C.3" l="C"/>
		<a id="7" s="H" t="H" l="H"/>
		<a id="8" s="H" t="H" l="H"/>
		<a id="9" s="C" t="C.3" l="C"/>
		<a id="10" s="H" t="H" l="H"/>
		<a id="11" s="H" t="H" l="H"/>
		<a id="12" s="C" t="C.3" l="C"/>
		<a id="13" s="H" t="H" l="H"/>
		<a id="14" s="H" t="H" l="H"/>
		<a id="15" s="C" t="C.3" l="C"/>
		<a id="16" s="H" t="H" l="H"/>
		<a id="17" s="H" t="H" l="H"/>
		<a id="18" s="C" t="C.3" l="C"/>
		<a id="19" s="H" t="H" l="H"/>
		<a id="20" s="H" t="H" l="H"/>
		<a id="21" s="C" t="C.3" l="C"/>
		<a id="22" s="H" t="H" l="H"/>
		<a id="23" s="H" t="H" l="H"/>
		<a id="24" s="C" t="C.3" l="C"/>
		<a id="25" s="H" t="H" l="H"/>
		<a id="26" s="H" t="H" l="H"/>
		<a id="27" s="C" t="C.2" l="C"/>
		<a id="28" s="O" t="O.2" l="O"/>
		<a id="29" s="O" t="O.3" l="O"/>
		<a id="30" s="C" t="C.3" l="C"/>
		<a id="31" s="H" t="H" l="H"/>
		<a id="32" s="H" t="H" l="H"/>
		<a id="33" s="H" t="H" l="H"/>
		<a id="34" s="H" t="H" l="H"/>
		<a id="35" s="H" t="H" l="H"/>
		<a id="36" s="H" t="H" l="H"/>
		<a id="37" s="H" t="H" l="H"/>
		<a id="38" s="H" t="H" l="H"/>
		<a id="39" s="H" t="H" l="H"/>
		<a id="40" s="H" t="H" l="H"/>
		<a id="41" s="H" t="H" l="H"/>
		<a id="42" s="H" t="H" l="H"/>
		<a id="43" s="H" t="H" l="H"/>
		<a id="44" s="H" t="H" l="H"/>
	</atoms>
	<bonds>
		<b id="1" c="1 2" t="1"/>
		<b id="2" c="3 2" t="1"/>
		<b id="3" c="4 2" t="1"/>
		<b id="4" c="2 5" t="1"/>
		<b id="5" c="5 6" t="1"/>
		<b id="6" c="7 6" t="1"/>
		<b id="7" c="8 6" t="1"/>
		<b id="8" c="6 9" t="1"/>
		<b id="9" c="10 9" t="1"/>
		<b id="10" c="11 9" t="1"/>
		<b id="11" c="9 12" t="1"/>
		<b id="12" c="13 12" t="1"/>
		<b id="13" c="14 12" t="1"/>
		<b id="14" c="12 15" t="1"/>
		<b id="15" c="16 15" t="1"/>
		<b id="16" c="17 15" t="1"/>
		<b id="17" c="15 18" t="1"/>
		<b id="18" c="19 18" t="1"/>
		<b id="19" c="20 18" t="1"/>
		<b id="20" c="18 21" t="1"/>
		<b id="21" c="22 21" t="1"/>
		<b id="22" c="23 21" t="1"/>
		<b id="23" c="21 24" t="1"/>
		<b id="24" c="25 24" t="1"/>
		<b id="25" c="26 24" t="1"/>
		<b id="26" c="24 27" t="1"/>
		<b id="27" c="27 28" t="2"/>
		<b id="28" c="27 29" t="1"/>
		<b id="29" c="29 30" t="1"/>
		<b id="30" c="31 30" t="1"/>
		<b id="31" c="32 30" t="1"/>
		<b id="32" c="30 33" t="1"/>
		<b id="33" c="1 34" t="1"/>
		<b id="34" c="1 35" t="1"/>
		<b id="35" c="1 36" t="1"/>
		<b id="36" c="3 37" t="1"/>
		<b id="37" c="3 38" t="1"/>
		<b id="38" c="3 39" t="1"/>
		<b id="39" c="4 40" t="1"/>
		<b id="40" c="4 41" t="1"/>
		<b id="41" c="4 42" t="1"/>
		<b id="42" c="5 43" t="1"/>
		<b id="43" c="5 44" t="1"/>
	</bonds>
	<geometry>
		<g u="A" t="cart/3d">#44,3:2.4906,1.2580,2.7361;2.4236,1.4474,1.2288;1.7470,2.7935,0.9388;3.8284,1.4857,0.6455;1.5614,0.3613,0.5600;2.0427,-1.0706,0.8267;3.1134,-1.1640,0.6224;1.8891,-1.3344,1.8790;1.3167,-2.0964,-0.0569;1.4949,-1.8407,-1.1086;1.7596,-3.0864,0.1062;-0.1874,-2.1703,0.2148;-0.5939,-1.1599,0.2393;-0.3672,-2.6103,1.2027;-0.9188,-2.9789,-0.8580;-0.6053,-4.0285,-0.7972;-0.6163,-2.6329,-1.8530;-2.4488,-2.9145,-0.7462;-2.8819,-3.4137,-1.6219;-2.7595,-3.5014,0.1277;-3.0599,-1.5119,-0.6169;-2.7953,-1.0920,0.3612;-4.1525,-1.6165,-0.5944;-2.6925,-0.5501,-1.7464;-3.4880,-0.5152,-2.4999;-1.7873,-0.8430,-2.2860;-2.4440,0.8384,-1.2067;-1.3603,1.2217,-0.7751;-3.5883,1.5691,-1.2333;-3.4612,2.8991,-0.7296;-4.4395,3.3826,-0.7953;-3.1518,2.8823,0.3200;-2.7489,3.4695,-1.3337;3.0046,2.1210,3.1703;1.4700,1.1868,3.1230;3.0526,0.3460,2.9540;1.7021,2.9315,-0.1457;0.7407,2.7762,1.3676;2.3427,3.5871,1.3997;4.3459,2.3613,1.0494;4.3624,0.5787,0.9383;3.7522,1.5567,-0.4431;0.5497,0.4999,0.9534;1.5582,0.5780,-0.5146;</g>
	</geometry>
	<conformers/>
	<properties/>
</molecule>
