<?xml version="1.0" ?>
<!--MOLLI PACKAGE EXPERIMENTAL XML FORMAT-->
<molecule name="react_51_c2_frag_0">
	<atoms>
		<a id="1" s="C" t="C.3" l="C"/>
		<a id="2" s="N" t="N.4" l="N"/>
		<a id="3" s="C" t="C.3" l="C"/>
		<a id="4" s="C" t="C.3" l="C"/>
		<a id="5" s="C" t="C.3" l="C"/>
		<a id="6" s="C" t="C.3" l="C"/>
		<a id="7" s="H" t="H" l="H"/>
		<a id="8" s="H" t="H" l="H"/>
		<a id="9" s="C" t="C.3" l="C"/>
		<a id="10" s="H" t="H" l="H"/>
		<a id="11" s="H" t="H" l="H"/>
		<a id="12" s="C" t="C.3" l="C"/>
		<a id="13" s="H" t="H" l="H"/>
		<a id="14" s="H" t="H" l="H"/>
		<a id="15" s="C" t="C.3" l="C"/>
		<a id="16" s="H" t="H" l="H"/>
		<a id="17" s="H" t="H" l="H"/>
		<a id="18" s="C" t="C.3" l="C"/>
		<a id="19" s="H" t="H" l="H"/>
		<a id="20" s="H" t="H" l="H"/>
		<a id="21" s="C" t="C.3" l="C"/>
		<a id="22" s="H" t="H" l="H"/>
		<a id="23" s="H" t="H" l="H"/>
		<a id="24" s="C" t="C.3" l="C"/>
		<a id="25" s="H" t="H" l="H"/>
		<a id="26" s="H" t="H" l="H"/>
		<a id="27" s="C" t="C.3" l="C"/>
		<a id="28" s="H" t="H" l="H"/>
		<a id="29" s="H" t="H" l="H"/>
		<a id="30" s="C" t="C.3" l="C"/>
		<a id="31" s="H" t="H" l="H"/>
		<a id="32" s="H" t="H" l="H"/>
		<a id="33" s="C" t="C.3" l="C"/>
		<a id="34" s="H" t="H" l="H"/>
		<a id="35" s="H" t="H" l="H"/>
		<a id="36" s="C" t="C.3" l="C"/>
		<a id="37" s="H" t="H" l="H"/>
		<a id="38" s="H" t="H" l="H"/>
		<a id="39" s="C" t="C.3" l="C"/>
		<a id="40" s="H" t="H" l="H"/>
		<a id="41" s="H" t="H" l="H"/>
		<a id="42" s="C" t="C.3" l="C"/>
		<a id="43" s="H" t="H" l="H"/>
		<a id="44" s="H" t="H" l="H"/>
		<a id="45" s="C" t="C.3" l="C"/>
		<a id="46" s="H" t="H" l="H"/>
		<a id="47" s="H" t="H" l="H"/>
		<a id="48" s="C" t="C.3" l="C"/>
		<a id="49" s="H" t="H" l="H"/>
		<a id="50" s="H" t="H" l="H"/>
		<a id="51" s="H" t="H" l="H"/>
		<a id="52" s="H" t="H" l="H"/>
		<a id="53" s="H" t="H" l="H"/>
		<a id="54" s="H" t="H" l="H"/>
		<a id="55" s="H" t="H" l="H"/>
		<a id="56" s="H" t="H" l="H"/>
		<a id="57" s="H" t="H" l="H"/>
		<a id="58" s="H" t="H" l="H"/>
		<a id="59" s="H" t="H" l="H"/>
		<a id="60" s="H" t="H" l="H"/>
		<a id="61" s="H" t="H" l="H"/>
		<a id="62" s="H" t="H" l="H"/>
	</atoms>
	<bonds>
		<b id="1" c="1 2" t="1"/>
		<b id="2" c="3 2" t="1"/>
		<b id="3" c="4 2" t="1"/>
		<b id="4" c="2 5" t="1"/>
		<b id="5" c="5 6" t="1"/>
		<b id="6" c="7 6" t="1"/>
		<b id="7" c="8 6" t="1"/>
		<b id="8" c="6 9" t="1"/>
		<b id="9" c="10 9" t="1"/>
		<b id="10" c="11 9" t="1"/>
		<b id="11" c="9 12" t="1"/>
		<b id="12" c="13 12" t="1"/>
		<b id="13" c="14 12" t="1"/>
		<b id="14" c="12 15" t="1"/>
		<b id="15" c="16 15" t="1"/>
		<b id="16" c="17 15" t="1"/>
		<b id="17" c="15 18" t="1"/>
		<b id="18" c="19 18" t="1"/>
		<b id="19" c="20 18" t="1"/>
		<b id="20" c="18 21" t="1"/>
		<b id="21" c="22 21" t="1"/>
		<b id="22" c="23 21" t="1"/>
		<b id="23" c="21 24" t="1"/>
		<b id="24" c="25 24" t="1"/>
		<b id="25" c="26 24" t="1"/>
		<b id="26" c="24 27" t="1"/>
		<b id="27" c="28 27" t="1"/>
		<b id="28" c="29 27" t="1"/>
		<b id="29" c="27 30" t="1"/>
		<b id="30" c="31 30" t="1"/>
		<b id="31" c="32 30" t="1"/>
		<b id="32" c="30 33" t="1"/>
		<b id="33" c="34 33" t="1"/>
		<b id="34" c="35 33" t="1"/>
		<b id="35" c="33 36" t="1"/>
		<b id="36" c="37 36" t="1"/>
		<b id="37" c="38 36" t="1"/>
		<b id="38" c="36 39" t="1"/>
		<b id="39" c="40 39" t="1"/>
		<b id="40" c="41 39" t="1"/>
		<b id="41" c="39 42" t="1"/>
		<b id="42" c="43 42" t="1"/>
		<b id="43" c="44 42" t="1"/>
		<b id="44" c="42 45" t="1"/>
		<b id="45" c="46 45" t="1"/>
		<b id="46" c="47 45" t="1"/>
		<b id="47" c="45 48" t="1"/>
		<b id="48" c="49 48" t="1"/>
		<b id="49" c="50 48" t="1"/>
		<b id="50" c="48 51" t="1"/>
		<b id="51" c="1 52" t="1"/>
		<b id="52" c="1 53" t="1"/>
		<b id="53" c="1 54" t="1"/>
		<b id="54" c="3 55" t="1"/>
		<b id="55" c="3 56" t="1"/>
		<b id="56" c="3 57" t="1"/>
		<b id="57" c="4 58" t="1"/>
		<b id="58" c="4 59" t="1"/>
		<b id="59" c="4 60" t="1"/>
		<b id="60" c="5 61" t="1"/>
		<b id="61" c="5 62" t="1"/>
	</bonds>
	<geometry>
		<g u="A" t="cart/3d">#62,3:-7.1674,-1.4446,-0.0272;-6.7397,-0.2336,0.7940;-7.2581,-0.4180,2.2251;-7.3772,1.0264,0.2189;-5.2039,-0.1119,0.8663;-4.5344,0.0418,-0.5008;-4.7078,-0.8453,-1.1191;-4.9604,0.8959,-1.0365;-3.0213,0.2804,-0.3962;-2.6565,0.5247,-1.4004;-2.8299,1.1583,0.2332;-2.2519,-0.9264,0.1485;-2.4496,-1.8062,-0.4758;-2.6108,-1.1652,1.1559;-0.7404,-0.6914,0.2413;-0.5428,0.2018,0.8462;-0.2968,-1.5398,0.7772;-0.0596,-0.5550,-1.1227;-0.4288,0.3370,-1.6404;-0.3091,-1.4216,-1.7466;1.4613,-0.4516,-0.9749;1.7011,0.4029,-0.3361;1.8404,-1.3479,-0.4689;2.1410,-0.3104,-2.3395;1.8630,-1.1831,-2.9447;1.7575,0.5695,-2.8692;3.6711,-0.2641,-2.2545;4.0640,-0.7788,-3.1414;4.0290,-0.8381,-1.3937;4.2728,1.1464,-2.2683;5.3601,1.0647,-2.3795;3.9240,1.6634,-3.1717;3.9561,2.0305,-1.0630;4.3840,3.0251,-1.2438;2.8733,2.1881,-1.0067;4.4557,1.5208,0.2951;4.0510,0.5277,0.5048;4.0285,2.1876,1.0557;5.9810,1.5578,0.4631;6.3907,2.3607,-0.1625;6.2170,1.8355,1.4982;6.7053,0.2499,0.1242;7.7029,0.5110,-0.2522;6.2056,-0.2859,-0.6871;6.9122,-0.6924,1.3149;7.5286,-1.5359,0.9807;7.4839,-0.1801,2.0980;5.6286,-1.2439,1.9111;5.0454,-0.4569,2.3976;5.8614,-1.9969,2.6713;5.0094,-1.7194,1.1439;-8.2518,-1.5587,0.0650;-6.9041,-1.2749,-1.0745;-6.6550,-2.3277,0.3653;-6.9603,0.4542,2.8148;-6.8178,-1.3311,2.6373;-8.3486,-0.5024,2.1924;-8.4632,0.9429,0.3248;-7.0043,1.8893,0.7776;-7.1193,1.1061,-0.8397;-4.9860,0.7541,1.5022;-4.8490,-1.0152,1.3738;</g>
	</geometry>
	<conformers/>
	<properties/>
</molecule>
