<?xml version="1.0" ?>
<!--MOLLI PACKAGE EXPERIMENTAL XML FORMAT-->
<molecule name="react_53_c1_frag_0">
	<atoms>
		<a id="1" s="C" t="C.3" l="C"/>
		<a id="2" s="N" t="N.4" l="N"/>
		<a id="3" s="C" t="C.3" l="C"/>
		<a id="4" s="C" t="C.3" l="C"/>
		<a id="5" s="C" t="C.3" l="C"/>
		<a id="6" s="C" t="C.1" l="C"/>
		<a id="7" s="C" t="C.1" l="C"/>
		<a id="8" s="C" t="C.3" l="C"/>
		<a id="9" s="H" t="H" l="H"/>
		<a id="10" s="H" t="H" l="H"/>
		<a id="11" s="C" t="C.3" l="C"/>
		<a id="12" s="H" t="H" l="H"/>
		<a id="13" s="H" t="H" l="H"/>
		<a id="14" s="C" t="C.3" l="C"/>
		<a id="15" s="H" t="H" l="H"/>
		<a id="16" s="H" t="H" l="H"/>
		<a id="17" s="C" t="C.3" l="C"/>
		<a id="18" s="H" t="H" l="H"/>
		<a id="19" s="H" t="H" l="H"/>
		<a id="20" s="C" t="C.3" l="C"/>
		<a id="21" s="H" t="H" l="H"/>
		<a id="22" s="H" t="H" l="H"/>
		<a id="23" s="C" t="C.3" l="C"/>
		<a id="24" s="H" t="H" l="H"/>
		<a id="25" s="H" t="H" l="H"/>
		<a id="26" s="C" t="C.3" l="C"/>
		<a id="27" s="H" t="H" l="H"/>
		<a id="28" s="H" t="H" l="H"/>
		<a id="29" s="C" t="C.3" l="C"/>
		<a id="30" s="H" t="H" l="H"/>
		<a id="31" s="H" t="H" l="H"/>
		<a id="32" s="C" t="C.3" l="C"/>
		<a id="33" s="H" t="H" l="H"/>
		<a id="34" s="H" t="H" l="H"/>
		<a id="35" s="C" t="C.3" l="C"/>
		<a id="36" s="H" t="H" l="H"/>
		<a id="37" s="H" t="H" l="H"/>
		<a id="38" s="C" t="C.3" l="C"/>
		<a id="39" s="H" t="H" l="H"/>
		<a id="40" s="H" t="H" l="H"/>
		<a id="41" s="C" t="C.3" l="C"/>
		<a id="42" s="H" t="H" l="H"/>
		<a id="43" s="H" t="H" l="H"/>
		<a id="44" s="C" t="C.3" l="C"/>
		<a id="45" s="H" t="H" l="H"/>
		<a id="46" s="H" t="H" l="H"/>
		<a id="47" s="H" t="H" l="H"/>
		<a id="48" s="H" t="H" l="H"/>
		<a id="49" s="H" t="H" l="H"/>
		<a id="50" s="H" t="H" l="H"/>
		<a id="51" s="H" t="H" l="H"/>
		<a id="52" s="H" t="H" l="H"/>
		<a id="53" s="H" t="H" l="H"/>
		<a id="54" s="H" t="H" l="H"/>
		<a id="55" s="H" t="H" l="H"/>
		<a id="56" s="H" t="H" l="H"/>
		<a id="57" s="H" t="H" l="H"/>
		<a id="58" s="H" t="H" l="H"/>
	</atoms>
	<bonds>
		<b id="1" c="1 2" t="1"/>
		<b id="2" c="3 2" t="1"/>
		<b id="3" c="4 2" t="1"/>
		<b id="4" c="2 5" t="1"/>
		<b id="5" c="5 6" t="1"/>
		<b id="6" c="6 7" t="3"/>
		<b id="7" c="7 8" t="1"/>
		<b id="8" c="9 8" t="1"/>
		<b id="9" c="10 8" t="1"/>
		<b id="10" c="8 11" t="1"/>
		<b id="11" c="12 11" t="1"/>
		<b id="12" c="13 11" t="1"/>
		<b id="13" c="11 14" t="1"/>
		<b id="14" c="15 14" t="1"/>
		<b id="15" c="16 14" t="1"/>
		<b id="16" c="14 17" t="1"/>
		<b id="17" c="18 17" t="1"/>
		<b id="18" c="19 17" t="1"/>
		<b id="19" c="17 20" t="1"/>
		<b id="20" c="21 20" t="1"/>
		<b id="21" c="22 20" t="1"/>
		<b id="22" c="20 23" t="1"/>
		<b id="23" c="24 23" t="1"/>
		<b id="24" c="25 23" t="1"/>
		<b id="25" c="23 26" t="1"/>
		<b id="26" c="27 26" t="1"/>
		<b id="27" c="28 26" t="1"/>
		<b id="28" c="26 29" t="1"/>
		<b id="29" c="30 29" t="1"/>
		<b id="30" c="31 29" t="1"/>
		<b id="31" c="29 32" t="1"/>
		<b id="32" c="33 32" t="1"/>
		<b id="33" c="34 32" t="1"/>
		<b id="34" c="32 35" t="1"/>
		<b id="35" c="36 35" t="1"/>
		<b id="36" c="37 35" t="1"/>
		<b id="37" c="35 38" t="1"/>
		<b id="38" c="39 38" t="1"/>
		<b id="39" c="40 38" t="1"/>
		<b id="40" c="38 41" t="1"/>
		<b id="41" c="42 41" t="1"/>
		<b id="42" c="43 41" t="1"/>
		<b id="43" c="41 44" t="1"/>
		<b id="44" c="45 44" t="1"/>
		<b id="45" c="46 44" t="1"/>
		<b id="46" c="44 47" t="1"/>
		<b id="47" c="1 48" t="1"/>
		<b id="48" c="1 49" t="1"/>
		<b id="49" c="1 50" t="1"/>
		<b id="50" c="3 51" t="1"/>
		<b id="51" c="3 52" t="1"/>
		<b id="52" c="3 53" t="1"/>
		<b id="53" c="4 54" t="1"/>
		<b id="54" c="4 55" t="1"/>
		<b id="55" c="4 56" t="1"/>
		<b id="56" c="5 57" t="1"/>
		<b id="57" c="5 58" t="1"/>
	</bonds>
	<geometry>
		<g u="A" t="cart/3d">#58,3:-6.5699,-0.2533,-1.3355;-6.6717,1.1842,-0.8421;-7.5551,1.9718,-1.8019;-7.3066,1.2083,0.5421;-5.2860,1.8482,-0.8147;-4.3608,1.1508,0.0811;-3.5927,0.5831,0.8105;-2.6438,-0.1067,1.7014;-2.6393,0.4021,2.6727;-2.9797,-1.1339,1.8834;-1.2192,-0.1111,1.1419;-0.9113,0.9129,0.8950;-0.5501,-0.4604,1.9337;-1.0699,-1.0054,-0.0952;-1.4098,-2.0236,0.1272;-1.7320,-0.6210,-0.8809;0.3564,-1.0256,-0.6597;0.8682,-0.0782,-0.4608;0.2745,-1.0979,-1.7525;1.2063,-2.2193,-0.2085;0.6684,-3.1434,-0.4574;2.1232,-2.2476,-0.8079;1.5739,-2.2678,1.2731;0.6577,-2.3568,1.8675;2.1303,-3.1960,1.4574;2.3983,-1.0912,1.8080;1.8737,-0.1411,1.6629;2.4696,-1.2308,2.8950;3.8306,-1.0135,1.2632;4.1913,-2.0108,0.9856;4.4727,-0.6644,2.0805;3.9782,-0.0449,0.0863;3.6933,0.9664,0.4012;3.2899,-0.3277,-0.7153;5.3924,-0.0174,-0.5057;5.3508,0.5679,-1.4314;5.6940,-1.0339,-0.7861;6.4343,0.5936,0.4356;6.4782,0.0126,1.3634;6.1322,1.6112,0.7120;7.8449,0.6211,-0.1592;8.5410,0.9585,0.6182;8.1514,-0.3933,-0.4401;7.9828,1.5432,-1.3609;7.4080,1.1769,-2.2167;7.6427,2.5557,-1.1213;9.0315,1.6026,-1.6693;-6.0684,-0.2519,-2.3078;-6.0061,-0.8452,-0.6097;-7.5830,-0.6558,-1.4313;-7.6274,3.0025,-1.4418;-8.5457,1.5076,-1.8252;-7.0993,1.9443,-2.7963;-7.3325,2.2438,0.8940;-6.7192,0.5835,1.2202;-8.3226,0.8098,0.4607;-5.4310,2.8865,-0.4952;-4.9076,1.8480,-1.8432;</g>
	</geometry>
	<conformers/>
	<properties/>
</molecule>
