<?xml version="1.0" ?>
<!--MOLLI PACKAGE EXPERIMENTAL XML FORMAT-->
<molecule name="react_54_c2_frag_0">
	<atoms>
		<a id="1" s="C" t="C.3" l="C"/>
		<a id="2" s="N" t="N.4" l="N"/>
		<a id="3" s="C" t="C.3" l="C"/>
		<a id="4" s="C" t="C.3" l="C"/>
		<a id="5" s="C" t="C.3" l="C"/>
		<a id="6" s="C" t="C.3" l="C"/>
		<a id="7" s="H" t="H" l="H"/>
		<a id="8" s="H" t="H" l="H"/>
		<a id="9" s="C" t="C.3" l="C"/>
		<a id="10" s="H" t="H" l="H"/>
		<a id="11" s="H" t="H" l="H"/>
		<a id="12" s="C" t="C.3" l="C"/>
		<a id="13" s="H" t="H" l="H"/>
		<a id="14" s="H" t="H" l="H"/>
		<a id="15" s="C" t="C.1" l="C"/>
		<a id="16" s="C" t="C.1" l="C"/>
		<a id="17" s="C" t="C.3" l="C"/>
		<a id="18" s="H" t="H" l="H"/>
		<a id="19" s="H" t="H" l="H"/>
		<a id="20" s="C" t="C.3" l="C"/>
		<a id="21" s="H" t="H" l="H"/>
		<a id="22" s="H" t="H" l="H"/>
		<a id="23" s="C" t="C.3" l="C"/>
		<a id="24" s="H" t="H" l="H"/>
		<a id="25" s="H" t="H" l="H"/>
		<a id="26" s="C" t="C.3" l="C"/>
		<a id="27" s="H" t="H" l="H"/>
		<a id="28" s="H" t="H" l="H"/>
		<a id="29" s="C" t="C.3" l="C"/>
		<a id="30" s="H" t="H" l="H"/>
		<a id="31" s="H" t="H" l="H"/>
		<a id="32" s="C" t="C.3" l="C"/>
		<a id="33" s="H" t="H" l="H"/>
		<a id="34" s="H" t="H" l="H"/>
		<a id="35" s="C" t="C.3" l="C"/>
		<a id="36" s="H" t="H" l="H"/>
		<a id="37" s="H" t="H" l="H"/>
		<a id="38" s="C" t="C.3" l="C"/>
		<a id="39" s="H" t="H" l="H"/>
		<a id="40" s="H" t="H" l="H"/>
		<a id="41" s="C" t="C.3" l="C"/>
		<a id="42" s="H" t="H" l="H"/>
		<a id="43" s="H" t="H" l="H"/>
		<a id="44" s="C" t="C.3" l="C"/>
		<a id="45" s="H" t="H" l="H"/>
		<a id="46" s="H" t="H" l="H"/>
		<a id="47" s="H" t="H" l="H"/>
		<a id="48" s="H" t="H" l="H"/>
		<a id="49" s="H" t="H" l="H"/>
		<a id="50" s="H" t="H" l="H"/>
		<a id="51" s="H" t="H" l="H"/>
		<a id="52" s="H" t="H" l="H"/>
		<a id="53" s="H" t="H" l="H"/>
		<a id="54" s="H" t="H" l="H"/>
		<a id="55" s="H" t="H" l="H"/>
		<a id="56" s="H" t="H" l="H"/>
		<a id="57" s="H" t="H" l="H"/>
		<a id="58" s="H" t="H" l="H"/>
	</atoms>
	<bonds>
		<b id="1" c="1 2" t="1"/>
		<b id="2" c="3 2" t="1"/>
		<b id="3" c="4 2" t="1"/>
		<b id="4" c="2 5" t="1"/>
		<b id="5" c="5 6" t="1"/>
		<b id="6" c="7 6" t="1"/>
		<b id="7" c="8 6" t="1"/>
		<b id="8" c="6 9" t="1"/>
		<b id="9" c="10 9" t="1"/>
		<b id="10" c="11 9" t="1"/>
		<b id="11" c="9 12" t="1"/>
		<b id="12" c="13 12" t="1"/>
		<b id="13" c="14 12" t="1"/>
		<b id="14" c="12 15" t="1"/>
		<b id="15" c="15 16" t="3"/>
		<b id="16" c="16 17" t="1"/>
		<b id="17" c="18 17" t="1"/>
		<b id="18" c="19 17" t="1"/>
		<b id="19" c="17 20" t="1"/>
		<b id="20" c="21 20" t="1"/>
		<b id="21" c="22 20" t="1"/>
		<b id="22" c="20 23" t="1"/>
		<b id="23" c="24 23" t="1"/>
		<b id="24" c="25 23" t="1"/>
		<b id="25" c="23 26" t="1"/>
		<b id="26" c="27 26" t="1"/>
		<b id="27" c="28 26" t="1"/>
		<b id="28" c="26 29" t="1"/>
		<b id="29" c="30 29" t="1"/>
		<b id="30" c="31 29" t="1"/>
		<b id="31" c="29 32" t="1"/>
		<b id="32" c="33 32" t="1"/>
		<b id="33" c="34 32" t="1"/>
		<b id="34" c="32 35" t="1"/>
		<b id="35" c="36 35" t="1"/>
		<b id="36" c="37 35" t="1"/>
		<b id="37" c="35 38" t="1"/>
		<b id="38" c="39 38" t="1"/>
		<b id="39" c="40 38" t="1"/>
		<b id="40" c="38 41" t="1"/>
		<b id="41" c="42 41" t="1"/>
		<b id="42" c="43 41" t="1"/>
		<b id="43" c="41 44" t="1"/>
		<b id="44" c="45 44" t="1"/>
		<b id="45" c="46 44" t="1"/>
		<b id="46" c="44 47" t="1"/>
		<b id="47" c="1 48" t="1"/>
		<b id="48" c="1 49" t="1"/>
		<b id="49" c="1 50" t="1"/>
		<b id="50" c="3 51" t="1"/>
		<b id="51" c="3 52" t="1"/>
		<b id="52" c="3 53" t="1"/>
		<b id="53" c="4 54" t="1"/>
		<b id="54" c="4 55" t="1"/>
		<b id="55" c="4 56" t="1"/>
		<b id="56" c="5 57" t="1"/>
		<b id="57" c="5 58" t="1"/>
	</bonds>
	<geometry>
		<g u="A" t="cart/3d">#58,3:6.9345,2.6621,-1.0391;6.6255,1.5360,-0.0447;7.8133,0.5792,-0.0323;6.4540,2.1561,1.3371;5.3369,0.8357,-0.5184;4.8751,-0.2937,0.4057;5.6790,-1.0245,0.5410;4.6218,0.0949,1.3978;3.6632,-1.0504,-0.1533;3.4964,-1.9384,0.4709;3.8949,-1.4224,-1.1598;2.3816,-0.2151,-0.1844;2.1537,0.1534,0.8223;2.5126,0.6615,-0.8275;1.2542,-1.0085,-0.6866;0.3264,-1.6530,-1.0945;-0.8135,-2.4427,-1.5862;-1.0525,-3.2413,-0.8766;-0.5212,-2.9395,-2.5193;-2.0445,-1.5774,-1.8633;-1.7871,-0.8155,-2.6108;-2.8193,-2.2076,-2.3176;-2.6406,-0.8655,-0.6410;-3.4589,-0.2325,-1.0014;-1.8987,-0.1919,-0.1968;-3.1717,-1.8266,0.4249;-2.3543,-2.4603,0.7872;-3.9123,-2.5021,-0.0178;-3.7695,-1.1150,1.6437;-2.9829,-0.5241,2.1296;-4.0735,-1.8772,2.3722;-4.9637,-0.1945,1.3675;-5.2812,0.2355,2.3261;-4.6437,0.6490,0.7502;-6.1534,-0.9180,0.7293;-6.4039,-1.7778,1.3637;-5.8865,-1.3200,-0.2540;-7.4031,-0.0368,0.6131;-7.4383,0.6985,1.4257;-8.2799,-0.6835,0.7484;-7.5745,0.6635,-0.7380;-8.5455,1.1737,-0.7361;-7.6168,-0.0832,-1.5398;-6.4984,1.6849,-1.0606;-6.3683,2.3968,-0.2397;-5.5397,1.2007,-1.2640;-6.7743,2.2493,-1.9575;7.0694,2.2192,-2.0304;7.8503,3.1681,-0.7191;6.0935,3.3618,-1.0405;7.8812,0.0987,-1.0125;7.6658,-0.1626,0.7560;8.7195,1.1569,0.1741;5.5653,2.7935,1.3223;7.3462,2.7481,1.5633;6.3472,1.3565,2.0744;5.5385,0.4522,-1.5257;4.5712,1.6158,-0.5895;</g>
	</geometry>
	<conformers/>
	<properties/>
</molecule>
