<?xml version="1.0" ?>
<!--MOLLI PACKAGE EXPERIMENTAL XML FORMAT-->
<molecule name="react_56_c1_frag_0">
	<atoms>
		<a id="1" s="C" t="C.3" l="C"/>
		<a id="2" s="N" t="N.4" l="N"/>
		<a id="3" s="C" t="C.3" l="C"/>
		<a id="4" s="C" t="C.3" l="C"/>
		<a id="5" s="C" t="C.3" l="C"/>
		<a id="6" s="C" t="C.ar" l="C"/>
		<a id="7" s="C" t="C.ar" l="C"/>
		<a id="8" s="H" t="H" l="H"/>
		<a id="9" s="C" t="C.ar" l="C"/>
		<a id="10" s="H" t="H" l="H"/>
		<a id="11" s="C" t="C.ar" l="C"/>
		<a id="12" s="O" t="O.3" l="O"/>
		<a id="13" s="C" t="C.3" l="C"/>
		<a id="14" s="H" t="H" l="H"/>
		<a id="15" s="H" t="H" l="H"/>
		<a id="16" s="O" t="O.3" l="O"/>
		<a id="17" s="C" t="C.3" l="C"/>
		<a id="18" s="H" t="H" l="H"/>
		<a id="19" s="H" t="H" l="H"/>
		<a id="20" s="H" t="H" l="H"/>
		<a id="21" s="C" t="C.ar" l="C"/>
		<a id="22" s="O" t="O.3" l="O"/>
		<a id="23" s="C" t="C.3" l="C"/>
		<a id="24" s="H" t="H" l="H"/>
		<a id="25" s="H" t="H" l="H"/>
		<a id="26" s="O" t="O.3" l="O"/>
		<a id="27" s="C" t="C.3" l="C"/>
		<a id="28" s="H" t="H" l="H"/>
		<a id="29" s="H" t="H" l="H"/>
		<a id="30" s="H" t="H" l="H"/>
		<a id="31" s="C" t="C.ar" l="C"/>
		<a id="32" s="H" t="H" l="H"/>
		<a id="33" s="H" t="H" l="H"/>
		<a id="34" s="H" t="H" l="H"/>
		<a id="35" s="H" t="H" l="H"/>
		<a id="36" s="H" t="H" l="H"/>
		<a id="37" s="H" t="H" l="H"/>
		<a id="38" s="H" t="H" l="H"/>
		<a id="39" s="H" t="H" l="H"/>
		<a id="40" s="H" t="H" l="H"/>
		<a id="41" s="H" t="H" l="H"/>
		<a id="42" s="H" t="H" l="H"/>
		<a id="43" s="H" t="H" l="H"/>
	</atoms>
	<bonds>
		<b id="1" c="1 2" t="1"/>
		<b id="2" c="3 2" t="1"/>
		<b id="3" c="4 2" t="1"/>
		<b id="4" c="2 5" t="1"/>
		<b id="5" c="5 6" t="1"/>
		<b id="6" c="6 7" t="ar"/>
		<b id="7" c="8 7" t="1"/>
		<b id="8" c="7 9" t="ar"/>
		<b id="9" c="10 9" t="1"/>
		<b id="10" c="9 11" t="ar"/>
		<b id="11" c="12 13" t="1"/>
		<b id="12" c="14 13" t="1"/>
		<b id="13" c="15 13" t="1"/>
		<b id="14" c="13 16" t="1"/>
		<b id="15" c="16 17" t="1"/>
		<b id="16" c="18 17" t="1"/>
		<b id="17" c="19 17" t="1"/>
		<b id="18" c="17 20" t="1"/>
		<b id="19" c="12 11" t="1"/>
		<b id="20" c="11 21" t="ar"/>
		<b id="21" c="22 23" t="1"/>
		<b id="22" c="24 23" t="1"/>
		<b id="23" c="25 23" t="1"/>
		<b id="24" c="23 26" t="1"/>
		<b id="25" c="26 27" t="1"/>
		<b id="26" c="28 27" t="1"/>
		<b id="27" c="29 27" t="1"/>
		<b id="28" c="27 30" t="1"/>
		<b id="29" c="22 21" t="1"/>
		<b id="30" c="21 31" t="ar"/>
		<b id="31" c="31 32" t="1"/>
		<b id="32" c="31 6" t="ar"/>
		<b id="33" c="1 33" t="1"/>
		<b id="34" c="1 34" t="1"/>
		<b id="35" c="1 35" t="1"/>
		<b id="36" c="3 36" t="1"/>
		<b id="37" c="3 37" t="1"/>
		<b id="38" c="3 38" t="1"/>
		<b id="39" c="4 39" t="1"/>
		<b id="40" c="4 40" t="1"/>
		<b id="41" c="4 41" t="1"/>
		<b id="42" c="5 42" t="1"/>
		<b id="43" c="5 43" t="1"/>
	</bonds>
	<geometry>
		<g u="A" t="cart/3d">#43,3:3.1877,0.6777,-1.5847;3.6813,0.8226,-0.1505;5.1746,0.5044,-0.1176;3.4782,2.2591,0.3102;2.9641,-0.1665,0.7923;1.4667,-0.0224,0.9142;0.8951,0.7389,1.9474;1.5181,1.2230,2.6977;-0.4928,0.8835,2.0421;-0.9246,1.4652,2.8536;-1.3244,0.2778,1.1009;-2.6797,0.4402,1.1867;-3.0603,1.7227,0.6722;-2.6635,1.8798,-0.3444;-2.6683,2.5100,1.3295;-4.4799,1.8837,0.6629;-5.1051,1.0799,-0.3328;-4.9954,0.0181,-0.0952;-4.6879,1.2931,-1.3250;-6.1744,1.3180,-0.3464;-0.7737,-0.5273,0.1073;-1.5183,-1.1578,-0.8491;-2.3850,-2.1527,-0.2921;-3.3289,-1.6893,0.0143;-1.9119,-2.6522,0.5632;-2.6559,-3.1314,-1.2960;-3.5481,-4.1324,-0.8220;-3.7196,-4.8494,-1.6335;-4.5108,-3.6884,-0.5355;-3.1074,-4.6664,0.0283;0.6124,-0.6610,0.0030;1.0083,-1.2857,-0.7943;3.8239,1.2890,-2.2314;2.1562,1.0331,-1.6458;3.2581,-0.3775,-1.8694;5.5334,0.6307,0.9093;5.6935,1.1972,-0.7885;5.3175,-0.5292,-0.4530;2.4231,2.5203,0.2088;3.8005,2.3356,1.3524;4.0830,2.9150,-0.3234;3.4286,-0.0497,1.7815;3.2117,-1.1792,0.4420;</g>
	</geometry>
	<conformers/>
	<properties/>
</molecule>
