<?xml version="1.0" ?>
<!--MOLLI PACKAGE EXPERIMENTAL XML FORMAT-->
<molecule name="react_56_c2_frag_0">
	<atoms>
		<a id="1" s="C" t="C.3" l="C"/>
		<a id="2" s="N" t="N.4" l="N"/>
		<a id="3" s="C" t="C.3" l="C"/>
		<a id="4" s="C" t="C.3" l="C"/>
		<a id="5" s="C" t="C.3" l="C"/>
		<a id="6" s="C" t="C.3" l="C"/>
		<a id="7" s="H" t="H" l="H"/>
		<a id="8" s="H" t="H" l="H"/>
		<a id="9" s="C" t="C.ar" l="C"/>
		<a id="10" s="C" t="C.ar" l="C"/>
		<a id="11" s="O" t="O.3" l="O"/>
		<a id="12" s="C" t="C.3" l="C"/>
		<a id="13" s="H" t="H" l="H"/>
		<a id="14" s="H" t="H" l="H"/>
		<a id="15" s="O" t="O.3" l="O"/>
		<a id="16" s="C" t="C.3" l="C"/>
		<a id="17" s="H" t="H" l="H"/>
		<a id="18" s="H" t="H" l="H"/>
		<a id="19" s="H" t="H" l="H"/>
		<a id="20" s="C" t="C.ar" l="C"/>
		<a id="21" s="H" t="H" l="H"/>
		<a id="22" s="C" t="C.ar" l="C"/>
		<a id="23" s="O" t="O.3" l="O"/>
		<a id="24" s="C" t="C.3" l="C"/>
		<a id="25" s="H" t="H" l="H"/>
		<a id="26" s="H" t="H" l="H"/>
		<a id="27" s="O" t="O.3" l="O"/>
		<a id="28" s="C" t="C.3" l="C"/>
		<a id="29" s="H" t="H" l="H"/>
		<a id="30" s="H" t="H" l="H"/>
		<a id="31" s="H" t="H" l="H"/>
		<a id="32" s="C" t="C.ar" l="C"/>
		<a id="33" s="H" t="H" l="H"/>
		<a id="34" s="C" t="C.ar" l="C"/>
		<a id="35" s="O" t="O.3" l="O"/>
		<a id="36" s="C" t="C.3" l="C"/>
		<a id="37" s="H" t="H" l="H"/>
		<a id="38" s="H" t="H" l="H"/>
		<a id="39" s="O" t="O.3" l="O"/>
		<a id="40" s="C" t="C.3" l="C"/>
		<a id="41" s="H" t="H" l="H"/>
		<a id="42" s="H" t="H" l="H"/>
		<a id="43" s="H" t="H" l="H"/>
		<a id="44" s="H" t="H" l="H"/>
		<a id="45" s="H" t="H" l="H"/>
		<a id="46" s="H" t="H" l="H"/>
		<a id="47" s="H" t="H" l="H"/>
		<a id="48" s="H" t="H" l="H"/>
		<a id="49" s="H" t="H" l="H"/>
		<a id="50" s="H" t="H" l="H"/>
		<a id="51" s="H" t="H" l="H"/>
		<a id="52" s="H" t="H" l="H"/>
		<a id="53" s="H" t="H" l="H"/>
		<a id="54" s="H" t="H" l="H"/>
	</atoms>
	<bonds>
		<b id="1" c="1 2" t="1"/>
		<b id="2" c="3 2" t="1"/>
		<b id="3" c="4 2" t="1"/>
		<b id="4" c="2 5" t="1"/>
		<b id="5" c="5 6" t="1"/>
		<b id="6" c="7 6" t="1"/>
		<b id="7" c="8 6" t="1"/>
		<b id="8" c="6 9" t="1"/>
		<b id="9" c="9 10" t="ar"/>
		<b id="10" c="11 12" t="1"/>
		<b id="11" c="13 12" t="1"/>
		<b id="12" c="14 12" t="1"/>
		<b id="13" c="12 15" t="1"/>
		<b id="14" c="15 16" t="1"/>
		<b id="15" c="17 16" t="1"/>
		<b id="16" c="18 16" t="1"/>
		<b id="17" c="16 19" t="1"/>
		<b id="18" c="11 10" t="1"/>
		<b id="19" c="10 20" t="ar"/>
		<b id="20" c="21 20" t="1"/>
		<b id="21" c="20 22" t="ar"/>
		<b id="22" c="23 24" t="1"/>
		<b id="23" c="25 24" t="1"/>
		<b id="24" c="26 24" t="1"/>
		<b id="25" c="24 27" t="1"/>
		<b id="26" c="27 28" t="1"/>
		<b id="27" c="29 28" t="1"/>
		<b id="28" c="30 28" t="1"/>
		<b id="29" c="28 31" t="1"/>
		<b id="30" c="23 22" t="1"/>
		<b id="31" c="22 32" t="ar"/>
		<b id="32" c="33 32" t="1"/>
		<b id="33" c="32 34" t="ar"/>
		<b id="34" c="34 35" t="1"/>
		<b id="35" c="35 36" t="1"/>
		<b id="36" c="37 36" t="1"/>
		<b id="37" c="38 36" t="1"/>
		<b id="38" c="36 39" t="1"/>
		<b id="39" c="39 40" t="1"/>
		<b id="40" c="41 40" t="1"/>
		<b id="41" c="42 40" t="1"/>
		<b id="42" c="40 43" t="1"/>
		<b id="43" c="34 9" t="ar"/>
		<b id="44" c="1 44" t="1"/>
		<b id="45" c="1 45" t="1"/>
		<b id="46" c="1 46" t="1"/>
		<b id="47" c="3 47" t="1"/>
		<b id="48" c="3 48" t="1"/>
		<b id="49" c="3 49" t="1"/>
		<b id="50" c="4 50" t="1"/>
		<b id="51" c="4 51" t="1"/>
		<b id="52" c="4 52" t="1"/>
		<b id="53" c="5 53" t="1"/>
		<b id="54" c="5 54" t="1"/>
	</bonds>
	<geometry>
		<g u="A" t="cart/3d">#54,3:-3.7831,0.4895,0.2482;-3.0774,-0.8491,0.1015;-2.0683,-1.0276,1.2294;-4.1171,-1.9652,0.2318;-2.4124,-1.0029,-1.2871;-1.4592,0.1216,-1.7283;-1.2620,-0.0143,-2.8014;-1.9738,1.0862,-1.6798;-0.1082,0.1774,-1.0499;0.8133,-0.8736,-1.1930;0.4456,-1.9074,-2.0158;0.8189,-3.2182,-1.5749;0.4835,-3.9127,-2.3535;1.9064,-3.3234,-1.4913;0.1520,-3.5569,-0.3574;0.5905,-4.8211,0.1268;0.3770,-5.6068,-0.6044;0.0452,-5.0427,1.0482;1.6609,-4.7941,0.3527;2.0611,-0.8020,-0.5655;2.8052,-1.5825,-0.6950;2.4037,0.2915,0.2365;3.6420,0.2045,0.8073;4.0498,1.2671,1.6656;3.3360,1.3701,2.4903;4.1099,2.2147,1.1159;5.3128,0.9883,2.2680;6.3700,0.9945,1.3187;7.3072,0.8031,1.8483;6.4415,1.9699,0.8283;6.2279,0.2069,0.5730;1.4998,1.3374,0.3877;1.7175,2.1974,1.0119;0.2686,1.2848,-0.2720;-0.6301,2.2967,-0.0548;-0.3590,3.4080,-0.9195;-0.1624,3.0617,-1.9413;0.5119,3.9733,-0.5643;-1.5072,4.2523,-0.9937;-1.6625,5.0392,0.1800;-2.5603,5.6525,0.0649;-1.7879,4.4022,1.0609;-0.8030,5.7031,0.3134;-4.4609,0.6178,-0.6008;-3.0401,1.2880,0.2764;-4.3457,0.4823,1.1871;-1.4895,-1.9351,1.0440;-2.6194,-1.1195,2.1710;-1.4283,-0.1487,1.2848;-4.5978,-1.8834,1.2114;-4.8590,-1.8435,-0.5632;-3.6055,-2.9280,0.1374;-3.2415,-1.0358,-2.0056;-1.9366,-1.9874,-1.2975;</g>
	</geometry>
	<conformers/>
	<properties/>
</molecule>
