<?xml version="1.0" ?>
<!--MOLLI PACKAGE EXPERIMENTAL XML FORMAT-->
<molecule name="react_57_c2_frag_0">
	<atoms>
		<a id="1" s="C" t="C.3" l="C"/>
		<a id="2" s="N" t="N.4" l="N"/>
		<a id="3" s="C" t="C.3" l="C"/>
		<a id="4" s="C" t="C.3" l="C"/>
		<a id="5" s="C" t="C.3" l="C"/>
		<a id="6" s="C" t="C.3" l="C"/>
		<a id="7" s="H" t="H" l="H"/>
		<a id="8" s="H" t="H" l="H"/>
		<a id="9" s="O" t="O.3" l="O"/>
		<a id="10" s="C" t="C.3" l="C"/>
		<a id="11" s="H" t="H" l="H"/>
		<a id="12" s="H" t="H" l="H"/>
		<a id="13" s="C" t="C.ar" l="C"/>
		<a id="14" s="C" t="C.ar" l="C"/>
		<a id="15" s="H" t="H" l="H"/>
		<a id="16" s="C" t="C.ar" l="C"/>
		<a id="17" s="H" t="H" l="H"/>
		<a id="18" s="C" t="C.ar" l="C"/>
		<a id="19" s="H" t="H" l="H"/>
		<a id="20" s="C" t="C.ar" l="C"/>
		<a id="21" s="H" t="H" l="H"/>
		<a id="22" s="C" t="C.ar" l="C"/>
		<a id="23" s="H" t="H" l="H"/>
		<a id="24" s="H" t="H" l="H"/>
		<a id="25" s="H" t="H" l="H"/>
		<a id="26" s="H" t="H" l="H"/>
		<a id="27" s="H" t="H" l="H"/>
		<a id="28" s="H" t="H" l="H"/>
		<a id="29" s="H" t="H" l="H"/>
		<a id="30" s="H" t="H" l="H"/>
		<a id="31" s="H" t="H" l="H"/>
		<a id="32" s="H" t="H" l="H"/>
		<a id="33" s="H" t="H" l="H"/>
		<a id="34" s="H" t="H" l="H"/>
	</atoms>
	<bonds>
		<b id="1" c="1 2" t="1"/>
		<b id="2" c="3 2" t="1"/>
		<b id="3" c="4 2" t="1"/>
		<b id="4" c="2 5" t="1"/>
		<b id="5" c="5 6" t="1"/>
		<b id="6" c="7 6" t="1"/>
		<b id="7" c="8 6" t="1"/>
		<b id="8" c="6 9" t="1"/>
		<b id="9" c="9 10" t="1"/>
		<b id="10" c="11 10" t="1"/>
		<b id="11" c="12 10" t="1"/>
		<b id="12" c="10 13" t="1"/>
		<b id="13" c="13 14" t="ar"/>
		<b id="14" c="15 14" t="1"/>
		<b id="15" c="14 16" t="ar"/>
		<b id="16" c="17 16" t="1"/>
		<b id="17" c="16 18" t="ar"/>
		<b id="18" c="19 18" t="1"/>
		<b id="19" c="18 20" t="ar"/>
		<b id="20" c="21 20" t="1"/>
		<b id="21" c="20 22" t="ar"/>
		<b id="22" c="22 23" t="1"/>
		<b id="23" c="22 13" t="ar"/>
		<b id="24" c="1 24" t="1"/>
		<b id="25" c="1 25" t="1"/>
		<b id="26" c="1 26" t="1"/>
		<b id="27" c="3 27" t="1"/>
		<b id="28" c="3 28" t="1"/>
		<b id="29" c="3 29" t="1"/>
		<b id="30" c="4 30" t="1"/>
		<b id="31" c="4 31" t="1"/>
		<b id="32" c="4 32" t="1"/>
		<b id="33" c="5 33" t="1"/>
		<b id="34" c="5 34" t="1"/>
	</bonds>
	<geometry>
		<g u="A" t="cart/3d">#34,3:3.4793,0.6525,-1.1945;3.1081,-0.3069,-0.0722;3.8539,-1.6262,-0.3010;3.5481,0.2644,1.2685;1.5985,-0.6212,-0.0795;0.6776,0.5878,0.1367;0.8138,1.3312,-0.6547;0.8631,1.0531,1.1096;-0.6639,0.1104,0.0990;-1.6211,1.1522,0.2899;-1.5097,1.9128,-0.4922;-1.4607,1.6366,1.2606;-2.9916,0.5387,0.2316;-3.6670,0.4192,-0.9914;-3.2116,0.7793,-1.9108;-4.9341,-0.1639,-1.0466;-5.4544,-0.2482,-1.9976;-5.5345,-0.6406,0.1169;-6.5218,-1.0939,0.0731;-4.8675,-0.5393,1.3360;-5.3359,-0.9160,2.2420;-3.6003,0.0435,1.3937;-3.0924,0.1077,2.3530;3.1087,0.2424,-2.1383;3.0274,1.6265,-0.9908;4.5690,0.7490,-1.2203;4.9289,-1.4222,-0.2989;3.5950,-2.3147,0.5089;3.5453,-2.0347,-1.2679;3.0942,1.2499,1.3989;4.6384,0.3577,1.2633;3.2261,-0.4191,2.0594;1.4198,-1.3714,0.7013;1.3711,-1.0966,-1.0421;</g>
	</geometry>
	<conformers/>
	<properties/>
</molecule>
