<?xml version="1.0" ?>
<!--MOLLI PACKAGE EXPERIMENTAL XML FORMAT-->
<molecule name="react_59_c2_frag_0">
	<atoms>
		<a id="1" s="C" t="C.3" l="C"/>
		<a id="2" s="N" t="N.4" l="N"/>
		<a id="3" s="C" t="C.3" l="C"/>
		<a id="4" s="C" t="C.3" l="C"/>
		<a id="5" s="C" t="C.3" l="C"/>
		<a id="6" s="C" t="C.ar" l="C"/>
		<a id="7" s="N" t="N.ar" l="N"/>
		<a id="8" s="C" t="C.ar" l="C"/>
		<a id="9" s="C" t="C.2" l="C"/>
		<a id="10" s="O" t="O.2" l="O"/>
		<a id="11" s="C" t="C.3" l="C"/>
		<a id="12" s="H" t="H" l="H"/>
		<a id="13" s="H" t="H" l="H"/>
		<a id="14" s="H" t="H" l="H"/>
		<a id="15" s="N" t="N.ar" l="N"/>
		<a id="16" s="C" t="C.3" l="C"/>
		<a id="17" s="H" t="H" l="H"/>
		<a id="18" s="H" t="H" l="H"/>
		<a id="19" s="O" t="O.3" l="O"/>
		<a id="20" s="C" t="C.3" l="C"/>
		<a id="21" s="H" t="H" l="H"/>
		<a id="22" s="H" t="H" l="H"/>
		<a id="23" s="C" t="C.3" l="C"/>
		<a id="24" s="H" t="H" l="H"/>
		<a id="25" s="H" t="H" l="H"/>
		<a id="26" s="H" t="H" l="H"/>
		<a id="27" s="C" t="C.ar" l="C"/>
		<a id="28" s="H" t="H" l="H"/>
		<a id="29" s="H" t="H" l="H"/>
		<a id="30" s="H" t="H" l="H"/>
		<a id="31" s="H" t="H" l="H"/>
		<a id="32" s="H" t="H" l="H"/>
		<a id="33" s="H" t="H" l="H"/>
		<a id="34" s="H" t="H" l="H"/>
		<a id="35" s="H" t="H" l="H"/>
		<a id="36" s="H" t="H" l="H"/>
		<a id="37" s="H" t="H" l="H"/>
		<a id="38" s="H" t="H" l="H"/>
		<a id="39" s="H" t="H" l="H"/>
	</atoms>
	<bonds>
		<b id="1" c="1 2" t="1"/>
		<b id="2" c="3 2" t="1"/>
		<b id="3" c="4 2" t="1"/>
		<b id="4" c="2 5" t="1"/>
		<b id="5" c="5 6" t="1"/>
		<b id="6" c="6 7" t="ar"/>
		<b id="7" c="7 8" t="ar"/>
		<b id="8" c="9 10" t="2"/>
		<b id="9" c="9 11" t="1"/>
		<b id="10" c="12 11" t="1"/>
		<b id="11" c="13 11" t="1"/>
		<b id="12" c="11 14" t="1"/>
		<b id="13" c="9 8" t="1"/>
		<b id="14" c="8 15" t="ar"/>
		<b id="15" c="17 16" t="1"/>
		<b id="16" c="18 16" t="1"/>
		<b id="17" c="16 19" t="1"/>
		<b id="18" c="19 20" t="1"/>
		<b id="19" c="21 20" t="1"/>
		<b id="20" c="22 20" t="1"/>
		<b id="21" c="20 23" t="1"/>
		<b id="22" c="24 23" t="1"/>
		<b id="23" c="25 23" t="1"/>
		<b id="24" c="23 26" t="1"/>
		<b id="25" c="16 15" t="1"/>
		<b id="26" c="15 27" t="ar"/>
		<b id="27" c="27 28" t="1"/>
		<b id="28" c="27 6" t="ar"/>
		<b id="29" c="1 29" t="1"/>
		<b id="30" c="1 30" t="1"/>
		<b id="31" c="1 31" t="1"/>
		<b id="32" c="3 32" t="1"/>
		<b id="33" c="3 33" t="1"/>
		<b id="34" c="3 34" t="1"/>
		<b id="35" c="4 35" t="1"/>
		<b id="36" c="4 36" t="1"/>
		<b id="37" c="4 37" t="1"/>
		<b id="38" c="5 38" t="1"/>
		<b id="39" c="5 39" t="1"/>
	</bonds>
	<geometry>
		<g u="A" t="cart/3d">#39,3:-3.5137,-1.1103,0.5071;-3.4545,0.3320,0.0026;-4.8536,0.7782,-0.3782;-2.9142,1.2197,1.1093;-2.5493,0.4290,-1.2495;-1.1054,0.0819,-1.0692;-0.7447,-1.0984,-0.4758;0.5793,-1.1186,-0.3932;1.2579,-2.2320,0.2674;0.7085,-2.9013,1.1463;2.6539,-2.5984,-0.1628;2.7591,-2.5140,-1.2471;3.3876,-1.9754,0.3506;2.8457,-3.6433,0.1022;1.0882,0.0317,-0.9619;2.4748,0.4646,-1.0159;3.0417,-0.2652,-1.6004;2.5138,1.4424,-1.5084;2.9475,0.5637,0.3186;4.2963,1.0272,0.3662;4.3584,2.0272,-0.0764;4.9419,0.3435,-0.1959;4.7334,1.0748,1.8164;5.7656,1.4255,1.9018;4.6578,0.0829,2.2742;4.0842,1.7419,2.3931;0.0255,0.7952,-1.3943;0.1678,1.7630,-1.8582;-3.7071,-1.7706,-0.3430;-4.3315,-1.1820,1.2315;-2.5795,-1.3654,1.0106;-4.8043,1.8093,-0.7409;-5.2292,0.1139,-1.1623;-5.4935,0.7213,0.5076;-1.9281,0.8597,1.4156;-2.8483,2.2439,0.7302;-3.6060,1.1732,1.9560;-2.6373,1.4609,-1.6120;-2.9891,-0.2316,-2.0066;</g>
	</geometry>
	<conformers/>
	<properties/>
</molecule>
