<?xml version="1.0" ?>
<!--MOLLI PACKAGE EXPERIMENTAL XML FORMAT-->
<molecule name="react_68_c1_frag_0">
	<atoms>
		<a id="1" s="C" t="C.3" l="C"/>
		<a id="2" s="N" t="N.4" l="N"/>
		<a id="3" s="C" t="C.3" l="C"/>
		<a id="4" s="C" t="C.3" l="C"/>
		<a id="5" s="C" t="C.3" l="C"/>
		<a id="6" s="C" t="C.ar" l="C"/>
		<a id="7" s="C" t="C.ar" l="C"/>
		<a id="8" s="H" t="H" l="H"/>
		<a id="9" s="C" t="C.ar" l="C"/>
		<a id="10" s="H" t="H" l="H"/>
		<a id="11" s="C" t="C.ar" l="C"/>
		<a id="12" s="H" t="H" l="H"/>
		<a id="13" s="C" t="C.ar" l="C"/>
		<a id="14" s="H" t="H" l="H"/>
		<a id="15" s="C" t="C.ar" l="C"/>
		<a id="16" s="H" t="H" l="H"/>
		<a id="17" s="H" t="H" l="H"/>
		<a id="18" s="H" t="H" l="H"/>
		<a id="19" s="H" t="H" l="H"/>
		<a id="20" s="H" t="H" l="H"/>
		<a id="21" s="H" t="H" l="H"/>
		<a id="22" s="H" t="H" l="H"/>
		<a id="23" s="H" t="H" l="H"/>
		<a id="24" s="H" t="H" l="H"/>
		<a id="25" s="H" t="H" l="H"/>
		<a id="26" s="H" t="H" l="H"/>
		<a id="27" s="H" t="H" l="H"/>
	</atoms>
	<bonds>
		<b id="1" c="1 2" t="1"/>
		<b id="2" c="3 2" t="1"/>
		<b id="3" c="4 2" t="1"/>
		<b id="4" c="2 5" t="1"/>
		<b id="5" c="5 6" t="1"/>
		<b id="6" c="6 7" t="ar"/>
		<b id="7" c="8 7" t="1"/>
		<b id="8" c="7 9" t="ar"/>
		<b id="9" c="10 9" t="1"/>
		<b id="10" c="9 11" t="ar"/>
		<b id="11" c="12 11" t="1"/>
		<b id="12" c="11 13" t="ar"/>
		<b id="13" c="14 13" t="1"/>
		<b id="14" c="13 15" t="ar"/>
		<b id="15" c="15 16" t="1"/>
		<b id="16" c="15 6" t="ar"/>
		<b id="17" c="1 17" t="1"/>
		<b id="18" c="1 18" t="1"/>
		<b id="19" c="1 19" t="1"/>
		<b id="20" c="3 20" t="1"/>
		<b id="21" c="3 21" t="1"/>
		<b id="22" c="3 22" t="1"/>
		<b id="23" c="4 23" t="1"/>
		<b id="24" c="4 24" t="1"/>
		<b id="25" c="4 25" t="1"/>
		<b id="26" c="5 26" t="1"/>
		<b id="27" c="5 27" t="1"/>
	</bonds>
	<geometry>
		<g u="A" t="cart/3d">#27,3:-1.4774,1.3664,-0.7091;-1.5687,0.0415,0.0335;-1.5541,-1.0978,-0.9751;-2.8860,-0.0004,0.8015;-0.4178,-0.1043,1.0517;0.9840,-0.0880,0.4961;1.6890,1.1196,0.3667;1.2492,2.0639,0.6818;2.9825,1.1338,-0.1576;3.5259,2.0721,-0.2514;3.5891,-0.0560,-0.5519;4.6003,-0.0441,-0.9541;2.9079,-1.2629,-0.4163;3.3931,-2.1913,-0.7115;1.6143,-1.2812,0.1076;1.1151,-2.2421,0.2171;-0.5871,1.3621,-1.3431;-2.3703,1.4740,-1.3328;-1.4302,2.1746,0.0264;-1.5616,-2.0456,-0.4290;-2.4479,-1.0149,-1.6014;-0.6611,-1.0132,-1.5995;-2.8974,0.8278,1.5164;-2.9531,-0.9596,1.3235;-3.7095,0.1022,0.0884;-0.5913,-1.0438,1.5925;-0.5368,0.7073,1.7815;</g>
	</geometry>
	<conformers/>
	<properties/>
</molecule>
