<?xml version="1.0" ?>
<!--MOLLI PACKAGE EXPERIMENTAL XML FORMAT-->
<molecule name="react_76_c2_frag_0">
	<atoms>
		<a id="1" s="C" t="C.3" l="C"/>
		<a id="2" s="N" t="N.4" l="N"/>
		<a id="3" s="C" t="C.3" l="C"/>
		<a id="4" s="C" t="C.3" l="C"/>
		<a id="5" s="C" t="C.3" l="C"/>
		<a id="6" s="C" t="C.3" l="C"/>
		<a id="7" s="H" t="H" l="H"/>
		<a id="8" s="H" t="H" l="H"/>
		<a id="9" s="C" t="C.3" l="C"/>
		<a id="10" s="H" t="H" l="H"/>
		<a id="11" s="H" t="H" l="H"/>
		<a id="12" s="C" t="C.3" l="C"/>
		<a id="13" s="H" t="H" l="H"/>
		<a id="14" s="H" t="H" l="H"/>
		<a id="15" s="C" t="C.3" l="C"/>
		<a id="16" s="H" t="H" l="H"/>
		<a id="17" s="H" t="H" l="H"/>
		<a id="18" s="C" t="C.3" l="C"/>
		<a id="19" s="H" t="H" l="H"/>
		<a id="20" s="H" t="H" l="H"/>
		<a id="21" s="C" t="C.3" l="C"/>
		<a id="22" s="H" t="H" l="H"/>
		<a id="23" s="H" t="H" l="H"/>
		<a id="24" s="C" t="C.3" l="C"/>
		<a id="25" s="H" t="H" l="H"/>
		<a id="26" s="H" t="H" l="H"/>
		<a id="27" s="C" t="C.3" l="C"/>
		<a id="28" s="H" t="H" l="H"/>
		<a id="29" s="H" t="H" l="H"/>
		<a id="30" s="C" t="C.3" l="C"/>
		<a id="31" s="H" t="H" l="H"/>
		<a id="32" s="H" t="H" l="H"/>
		<a id="33" s="C" t="C.3" l="C"/>
		<a id="34" s="H" t="H" l="H"/>
		<a id="35" s="H" t="H" l="H"/>
		<a id="36" s="H" t="H" l="H"/>
		<a id="37" s="H" t="H" l="H"/>
		<a id="38" s="H" t="H" l="H"/>
		<a id="39" s="H" t="H" l="H"/>
		<a id="40" s="H" t="H" l="H"/>
		<a id="41" s="H" t="H" l="H"/>
		<a id="42" s="H" t="H" l="H"/>
		<a id="43" s="H" t="H" l="H"/>
		<a id="44" s="H" t="H" l="H"/>
		<a id="45" s="H" t="H" l="H"/>
		<a id="46" s="H" t="H" l="H"/>
		<a id="47" s="H" t="H" l="H"/>
	</atoms>
	<bonds>
		<b id="1" c="1 2" t="1"/>
		<b id="2" c="3 2" t="1"/>
		<b id="3" c="4 2" t="1"/>
		<b id="4" c="2 5" t="1"/>
		<b id="5" c="5 6" t="1"/>
		<b id="6" c="7 6" t="1"/>
		<b id="7" c="8 6" t="1"/>
		<b id="8" c="6 9" t="1"/>
		<b id="9" c="10 9" t="1"/>
		<b id="10" c="11 9" t="1"/>
		<b id="11" c="9 12" t="1"/>
		<b id="12" c="13 12" t="1"/>
		<b id="13" c="14 12" t="1"/>
		<b id="14" c="12 15" t="1"/>
		<b id="15" c="16 15" t="1"/>
		<b id="16" c="17 15" t="1"/>
		<b id="17" c="15 18" t="1"/>
		<b id="18" c="19 18" t="1"/>
		<b id="19" c="20 18" t="1"/>
		<b id="20" c="18 21" t="1"/>
		<b id="21" c="22 21" t="1"/>
		<b id="22" c="23 21" t="1"/>
		<b id="23" c="21 24" t="1"/>
		<b id="24" c="25 24" t="1"/>
		<b id="25" c="26 24" t="1"/>
		<b id="26" c="24 27" t="1"/>
		<b id="27" c="28 27" t="1"/>
		<b id="28" c="29 27" t="1"/>
		<b id="29" c="27 30" t="1"/>
		<b id="30" c="31 30" t="1"/>
		<b id="31" c="32 30" t="1"/>
		<b id="32" c="30 33" t="1"/>
		<b id="33" c="34 33" t="1"/>
		<b id="34" c="35 33" t="1"/>
		<b id="35" c="33 36" t="1"/>
		<b id="36" c="1 37" t="1"/>
		<b id="37" c="1 38" t="1"/>
		<b id="38" c="1 39" t="1"/>
		<b id="39" c="3 40" t="1"/>
		<b id="40" c="3 41" t="1"/>
		<b id="41" c="3 42" t="1"/>
		<b id="42" c="4 43" t="1"/>
		<b id="43" c="4 44" t="1"/>
		<b id="44" c="4 45" t="1"/>
		<b id="45" c="5 46" t="1"/>
		<b id="46" c="5 47" t="1"/>
	</bonds>
	<geometry>
		<g u="A" t="cart/3d">#47,3:-4.5480,-1.8725,0.4617;-4.8714,-0.3830,0.4520;-5.2307,0.0535,-0.9636;-6.0945,-0.1542,1.3470;-3.7114,0.4523,1.0251;-2.4099,0.3267,0.2318;-2.5555,0.6519,-0.8035;-2.0716,-0.7143,0.2069;-1.3100,1.1852,0.8655;-1.6332,2.2330,0.8937;-1.1483,0.8679,1.9030;0.0026,1.0742,0.0859;0.3134,0.0239,0.0573;-0.1579,1.3952,-0.9503;1.0995,1.9291,0.7243;1.2998,1.5748,1.7428;0.7412,2.9621,0.8145;2.4032,1.9461,-0.0791;3.0805,2.6739,0.3850;2.2032,2.3050,-1.0960;3.0997,0.5838,-0.1386;3.2380,0.2075,0.8809;2.4703,-0.1366,-0.6723;4.4529,0.6876,-0.8476;5.1144,1.3599,-0.2877;4.3049,1.1410,-1.8356;5.1433,-0.6654,-1.0428;6.0352,-0.5071,-1.6619;4.4840,-1.3368,-1.6063;5.5590,-1.3308,0.2697;4.6762,-1.5719,0.8713;6.1775,-0.6427,0.8574;6.3397,-2.6120,0.0185;7.2543,-2.4099,-0.5481;6.6246,-3.0745,0.9687;5.7386,-3.3334,-0.5441;-3.7534,-2.0692,-0.2622;-5.4493,-2.4234,0.1755;-4.2335,-2.1521,1.4713;-4.4117,-0.2117,-1.6367;-6.1402,-0.4740,-1.2671;-5.3984,1.1343,-0.9607;-5.8453,-0.4787,2.3617;-6.3384,0.9123,1.3323;-6.9294,-0.7415,0.9532;-4.0507,1.4951,1.0417;-3.5631,0.1195,2.0595;</g>
	</geometry>
	<conformers/>
	<properties/>
</molecule>
