<?xml version="1.0" ?>
<!--MOLLI PACKAGE EXPERIMENTAL XML FORMAT-->
<molecule name="react_86_c2_frag_0">
	<atoms>
		<a id="1" s="C" t="C.3" l="C"/>
		<a id="2" s="N" t="N.4" l="N"/>
		<a id="3" s="C" t="C.3" l="C"/>
		<a id="4" s="C" t="C.3" l="C"/>
		<a id="5" s="C" t="C.3" l="C"/>
		<a id="6" s="C" t="C.ar" l="C"/>
		<a id="7" s="C" t="C.ar" l="C"/>
		<a id="8" s="H" t="H" l="H"/>
		<a id="9" s="C" t="C.ar" l="C"/>
		<a id="10" s="C" t="C.ar" l="C"/>
		<a id="11" s="C" t="C.ar" l="C"/>
		<a id="12" s="C" t="C.3" l="C"/>
		<a id="13" s="H" t="H" l="H"/>
		<a id="14" s="H" t="H" l="H"/>
		<a id="15" s="H" t="H" l="H"/>
		<a id="16" s="C" t="C.ar" l="C"/>
		<a id="17" s="O" t="O.3" l="O"/>
		<a id="18" s="C" t="C.3" l="C"/>
		<a id="19" s="H" t="H" l="H"/>
		<a id="20" s="H" t="H" l="H"/>
		<a id="21" s="H" t="H" l="H"/>
		<a id="22" s="O" t="O.3" l="O"/>
		<a id="23" s="C" t="C.3" l="C"/>
		<a id="24" s="H" t="H" l="H"/>
		<a id="25" s="H" t="H" l="H"/>
		<a id="26" s="O" t="O.3" l="O"/>
		<a id="27" s="H" t="H" l="H"/>
		<a id="28" s="H" t="H" l="H"/>
		<a id="29" s="H" t="H" l="H"/>
		<a id="30" s="H" t="H" l="H"/>
		<a id="31" s="H" t="H" l="H"/>
		<a id="32" s="H" t="H" l="H"/>
		<a id="33" s="H" t="H" l="H"/>
		<a id="34" s="H" t="H" l="H"/>
		<a id="35" s="H" t="H" l="H"/>
		<a id="36" s="H" t="H" l="H"/>
		<a id="37" s="H" t="H" l="H"/>
	</atoms>
	<bonds>
		<b id="1" c="1 2" t="1"/>
		<b id="2" c="3 2" t="1"/>
		<b id="3" c="4 2" t="1"/>
		<b id="4" c="2 5" t="1"/>
		<b id="5" c="5 6" t="1"/>
		<b id="6" c="6 7" t="ar"/>
		<b id="7" c="8 7" t="1"/>
		<b id="8" c="7 9" t="ar"/>
		<b id="9" c="9 10" t="ar"/>
		<b id="10" c="13 12" t="1"/>
		<b id="11" c="14 12" t="1"/>
		<b id="12" c="12 15" t="1"/>
		<b id="13" c="12 11" t="1"/>
		<b id="14" c="11 16" t="ar"/>
		<b id="15" c="16 17" t="1"/>
		<b id="16" c="17 18" t="1"/>
		<b id="17" c="19 18" t="1"/>
		<b id="18" c="20 18" t="1"/>
		<b id="19" c="18 21" t="1"/>
		<b id="20" c="11 10" t="ar"/>
		<b id="21" c="10 22" t="1"/>
		<b id="22" c="22 23" t="1"/>
		<b id="23" c="24 23" t="1"/>
		<b id="24" c="25 23" t="1"/>
		<b id="25" c="23 26" t="1"/>
		<b id="26" c="16 6" t="ar"/>
		<b id="27" c="26 9" t="1"/>
		<b id="28" c="1 27" t="1"/>
		<b id="29" c="1 28" t="1"/>
		<b id="30" c="1 29" t="1"/>
		<b id="31" c="3 30" t="1"/>
		<b id="32" c="3 31" t="1"/>
		<b id="33" c="3 32" t="1"/>
		<b id="34" c="4 33" t="1"/>
		<b id="35" c="4 34" t="1"/>
		<b id="36" c="4 35" t="1"/>
		<b id="37" c="5 36" t="1"/>
		<b id="38" c="5 37" t="1"/>
	</bonds>
	<geometry>
		<g u="A" t="cart/3d">#37,3:-2.2484,0.0432,1.5109;-2.5198,0.1772,0.0168;-2.5353,1.6499,-0.3581;-3.8888,-0.4230,-0.2827;-1.4645,-0.6030,-0.8015;-0.0312,-0.1418,-0.6894;0.4559,0.8298,-1.5806;-0.1520,1.2417,-2.3802;1.7536,1.2659,-1.4258;2.5687,0.7911,-0.4261;2.1426,-0.1624,0.4843;3.0610,-0.6238,1.5743;2.5002,-0.9709,2.4480;3.6987,-1.4358,1.2121;3.7001,0.1952,1.9217;0.8406,-0.6651,0.3014;0.3383,-1.6351,1.1358;0.8671,-2.9249,0.8009;1.8663,-3.0608,1.2226;0.2093,-3.6767,1.2473;0.8832,-3.0907,-0.2825;3.7980,1.3771,-0.4543;3.6715,2.2513,-1.5944;4.4182,1.9645,-2.3437;3.8696,3.2799,-1.2723;2.3622,2.2010,-2.2011;-1.3073,0.5437,1.7509;-3.0670,0.5289,2.0516;-2.2118,-1.0198,1.7647;-3.3680,2.1306,0.1650;-2.6716,1.7315,-1.4404;-1.5939,2.1096,-0.0463;-4.6417,0.1153,0.3010;-4.0889,-0.3135,-1.3528;-3.8744,-1.4802,-0.0011;-1.5582,-1.6585,-0.5176;-1.7824,-0.5413,-1.8509;</g>
	</geometry>
	<conformers/>
	<properties/>
</molecule>
