<?xml version="1.0" ?>
<!--MOLLI PACKAGE EXPERIMENTAL XML FORMAT-->
<molecule name="react_93_c2_frag_0">
	<atoms>
		<a id="1" s="C" t="C.3" l="C"/>
		<a id="2" s="N" t="N.4" l="N"/>
		<a id="3" s="C" t="C.3" l="C"/>
		<a id="4" s="C" t="C.3" l="C"/>
		<a id="5" s="C" t="C.3" l="C"/>
		<a id="6" s="C" t="C.ar" l="C"/>
		<a id="7" s="O" t="O.2" l="O"/>
		<a id="8" s="C" t="C.ar" l="C"/>
		<a id="9" s="C" t="C.ar" l="C"/>
		<a id="10" s="C" t="C.ar" l="C"/>
		<a id="11" s="O" t="O.3" l="O"/>
		<a id="12" s="C" t="C.3" l="C"/>
		<a id="13" s="H" t="H" l="H"/>
		<a id="14" s="H" t="H" l="H"/>
		<a id="15" s="H" t="H" l="H"/>
		<a id="16" s="C" t="C.ar" l="C"/>
		<a id="17" s="H" t="H" l="H"/>
		<a id="18" s="C" t="C.ar" l="C"/>
		<a id="19" s="O" t="O.3" l="O"/>
		<a id="20" s="C" t="C.3" l="C"/>
		<a id="21" s="H" t="H" l="H"/>
		<a id="22" s="H" t="H" l="H"/>
		<a id="23" s="H" t="H" l="H"/>
		<a id="24" s="C" t="C.ar" l="C"/>
		<a id="25" s="H" t="H" l="H"/>
		<a id="26" s="C" t="C.ar" l="C"/>
		<a id="27" s="C" t="C.3" l="C"/>
		<a id="28" s="H" t="H" l="H"/>
		<a id="29" s="H" t="H" l="H"/>
		<a id="30" s="O" t="O.3" l="O"/>
		<a id="31" s="Si" t="Si" l="SI"/>
		<a id="32" s="C" t="C.3" l="C"/>
		<a id="33" s="H" t="H" l="H"/>
		<a id="34" s="H" t="H" l="H"/>
		<a id="35" s="H" t="H" l="H"/>
		<a id="36" s="C" t="C.3" l="C"/>
		<a id="37" s="H" t="H" l="H"/>
		<a id="38" s="H" t="H" l="H"/>
		<a id="39" s="H" t="H" l="H"/>
		<a id="40" s="C" t="C.3" l="C"/>
		<a id="41" s="C" t="C.3" l="C"/>
		<a id="42" s="H" t="H" l="H"/>
		<a id="43" s="H" t="H" l="H"/>
		<a id="44" s="H" t="H" l="H"/>
		<a id="45" s="C" t="C.3" l="C"/>
		<a id="46" s="H" t="H" l="H"/>
		<a id="47" s="H" t="H" l="H"/>
		<a id="48" s="H" t="H" l="H"/>
		<a id="49" s="C" t="C.3" l="C"/>
		<a id="50" s="H" t="H" l="H"/>
		<a id="51" s="H" t="H" l="H"/>
		<a id="52" s="H" t="H" l="H"/>
		<a id="53" s="C" t="C.ar" l="C"/>
		<a id="54" s="H" t="H" l="H"/>
		<a id="55" s="C" t="C.ar" l="C"/>
		<a id="56" s="H" t="H" l="H"/>
		<a id="57" s="H" t="H" l="H"/>
		<a id="58" s="H" t="H" l="H"/>
		<a id="59" s="H" t="H" l="H"/>
		<a id="60" s="H" t="H" l="H"/>
		<a id="61" s="H" t="H" l="H"/>
		<a id="62" s="H" t="H" l="H"/>
		<a id="63" s="H" t="H" l="H"/>
		<a id="64" s="H" t="H" l="H"/>
		<a id="65" s="H" t="H" l="H"/>
		<a id="66" s="H" t="H" l="H"/>
		<a id="67" s="H" t="H" l="H"/>
	</atoms>
	<bonds>
		<b id="1" c="1 2" t="1"/>
		<b id="2" c="3 2" t="1"/>
		<b id="3" c="4 2" t="1"/>
		<b id="4" c="2 5" t="1"/>
		<b id="5" c="5 6" t="1"/>
		<b id="6" c="6 7" t="ar"/>
		<b id="7" c="7 8" t="ar"/>
		<b id="8" c="9 10" t="ar"/>
		<b id="9" c="11 12" t="1"/>
		<b id="10" c="13 12" t="1"/>
		<b id="11" c="14 12" t="1"/>
		<b id="12" c="12 15" t="1"/>
		<b id="13" c="11 10" t="1"/>
		<b id="14" c="10 16" t="ar"/>
		<b id="15" c="17 16" t="1"/>
		<b id="16" c="16 18" t="ar"/>
		<b id="17" c="19 20" t="1"/>
		<b id="18" c="21 20" t="1"/>
		<b id="19" c="22 20" t="1"/>
		<b id="20" c="20 23" t="1"/>
		<b id="21" c="19 18" t="1"/>
		<b id="22" c="18 24" t="ar"/>
		<b id="23" c="25 24" t="1"/>
		<b id="24" c="24 26" t="ar"/>
		<b id="25" c="26 27" t="1"/>
		<b id="26" c="28 27" t="1"/>
		<b id="27" c="29 27" t="1"/>
		<b id="28" c="27 30" t="1"/>
		<b id="29" c="30 31" t="1"/>
		<b id="30" c="33 32" t="1"/>
		<b id="31" c="34 32" t="1"/>
		<b id="32" c="32 35" t="1"/>
		<b id="33" c="32 31" t="1"/>
		<b id="34" c="37 36" t="1"/>
		<b id="35" c="38 36" t="1"/>
		<b id="36" c="36 39" t="1"/>
		<b id="37" c="36 31" t="1"/>
		<b id="38" c="31 40" t="1"/>
		<b id="39" c="42 41" t="1"/>
		<b id="40" c="43 41" t="1"/>
		<b id="41" c="41 44" t="1"/>
		<b id="42" c="41 40" t="1"/>
		<b id="43" c="46 45" t="1"/>
		<b id="44" c="47 45" t="1"/>
		<b id="45" c="45 48" t="1"/>
		<b id="46" c="45 40" t="1"/>
		<b id="47" c="40 49" t="1"/>
		<b id="48" c="50 49" t="1"/>
		<b id="49" c="51 49" t="1"/>
		<b id="50" c="49 52" t="1"/>
		<b id="51" c="8 9" t="1"/>
		<b id="52" c="8 53" t="ar"/>
		<b id="53" c="54 53" t="1"/>
		<b id="54" c="53 55" t="ar"/>
		<b id="55" c="55 56" t="1"/>
		<b id="56" c="55 6" t="ar"/>
		<b id="57" c="26 9" t="ar"/>
		<b id="58" c="1 57" t="1"/>
		<b id="59" c="1 58" t="1"/>
		<b id="60" c="1 59" t="1"/>
		<b id="61" c="3 60" t="1"/>
		<b id="62" c="3 61" t="1"/>
		<b id="63" c="3 62" t="1"/>
		<b id="64" c="4 63" t="1"/>
		<b id="65" c="4 64" t="1"/>
		<b id="66" c="4 65" t="1"/>
		<b id="67" c="5 66" t="1"/>
		<b id="68" c="5 67" t="1"/>
	</bonds>
	<geometry>
		<g u="A" t="cart/3d">#67,3:5.2916,-2.1436,-0.5432;4.4787,-2.0088,0.7360;5.0664,-2.9147,1.8078;4.5364,-0.5622,1.2211;3.0098,-2.4312,0.4923;2.2734,-1.6244,-0.5145;1.7510,-0.4478,-0.0662;1.1596,0.1662,-1.1305;0.5236,1.4496,-0.8506;1.3121,2.5561,-0.4460;2.6682,2.3331,-0.3331;3.4862,3.4344,0.0588;3.4482,4.2399,-0.6839;3.2114,3.7925,1.0578;4.5201,3.0792,0.1089;0.7033,3.7957,-0.1980;1.2975,4.6438,0.1148;-0.6722,3.9531,-0.3581;-1.3794,5.1050,-0.1568;-0.6504,6.2729,0.1972;0.0885,6.5275,-0.5700;-0.1766,6.1551,1.1779;-1.3621,7.1023,0.2664;-1.4458,2.8634,-0.7553;-2.5193,3.0056,-0.8784;-0.8760,1.5990,-0.9867;-1.7741,0.4526,-1.4178;-1.3511,-0.5200,-1.1479;-1.8456,0.4805,-2.5112;-3.1018,0.5715,-0.9109;-3.5713,-0.2149,0.4951;-5.0345,0.6620,1.2870;-4.7659,1.6931,1.5378;-5.3438,0.1569,2.2066;-5.8878,0.6900,0.6041;-2.1885,-0.3749,1.7559;-1.3435,-0.9458,1.3555;-1.8224,0.6149,2.0462;-2.5432,-0.8799,2.6605;-4.2008,-2.1353,0.0126;-3.0130,-2.9390,-0.5547;-2.1883,-3.0044,0.1620;-2.6242,-2.4874,-1.4734;-3.3183,-3.9632,-0.7963;-4.7426,-2.8281,1.2800;-3.9772,-2.9004,2.0611;-5.6003,-2.2909,1.7004;-5.0736,-3.8474,1.0504;-5.3160,-2.0317,-1.0501;-6.1856,-1.4812,-0.6732;-4.9635,-1.5201,-1.9536;-5.6627,-3.0272,-1.3480;1.2807,-0.6259,-2.2547;0.9025,-0.3875,-3.2397;1.9878,-1.7883,-1.8553;2.2612,-2.6278,-2.4806;4.9296,-1.4195,-1.2780;5.1818,-3.1663,-0.9156;6.3403,-1.9363,-0.3080;6.1153,-2.6421,1.9599;4.4989,-2.7716,2.7341;4.9883,-3.9519,1.4683;4.2347,0.1029,0.4078;5.5696,-0.3406,1.5069;3.8729,-0.4588,2.0854;2.5020,-2.3733,1.4643;3.0300,-3.4842,0.1859;</g>
	</geometry>
	<conformers/>
	<properties/>
</molecule>
