<?xml version="1.0" ?>
<!--MOLLI PACKAGE EXPERIMENTAL XML FORMAT-->
<molecule name="react_94_c1_frag_0">
	<atoms>
		<a id="1" s="C" t="C.3" l="C"/>
		<a id="2" s="N" t="N.4" l="N"/>
		<a id="3" s="C" t="C.3" l="C"/>
		<a id="4" s="C" t="C.3" l="C"/>
		<a id="5" s="C" t="C.3" l="C"/>
		<a id="6" s="C" t="C.ar" l="C"/>
		<a id="7" s="O" t="O.2" l="O"/>
		<a id="8" s="C" t="C.ar" l="C"/>
		<a id="9" s="C" t="C.ar" l="C"/>
		<a id="10" s="C" t="C.ar" l="C"/>
		<a id="11" s="H" t="H" l="H"/>
		<a id="12" s="C" t="C.ar" l="C"/>
		<a id="13" s="H" t="H" l="H"/>
		<a id="14" s="C" t="C.ar" l="C"/>
		<a id="15" s="H" t="H" l="H"/>
		<a id="16" s="C" t="C.ar" l="C"/>
		<a id="17" s="H" t="H" l="H"/>
		<a id="18" s="C" t="C.ar" l="C"/>
		<a id="19" s="C" t="C.3" l="C"/>
		<a id="20" s="H" t="H" l="H"/>
		<a id="21" s="H" t="H" l="H"/>
		<a id="22" s="O" t="O.3" l="O"/>
		<a id="23" s="H" t="H" l="H"/>
		<a id="24" s="C" t="C.ar" l="C"/>
		<a id="25" s="H" t="H" l="H"/>
		<a id="26" s="C" t="C.ar" l="C"/>
		<a id="27" s="H" t="H" l="H"/>
		<a id="28" s="H" t="H" l="H"/>
		<a id="29" s="H" t="H" l="H"/>
		<a id="30" s="H" t="H" l="H"/>
		<a id="31" s="H" t="H" l="H"/>
		<a id="32" s="H" t="H" l="H"/>
		<a id="33" s="H" t="H" l="H"/>
		<a id="34" s="H" t="H" l="H"/>
		<a id="35" s="H" t="H" l="H"/>
		<a id="36" s="H" t="H" l="H"/>
		<a id="37" s="H" t="H" l="H"/>
		<a id="38" s="H" t="H" l="H"/>
	</atoms>
	<bonds>
		<b id="1" c="1 2" t="1"/>
		<b id="2" c="3 2" t="1"/>
		<b id="3" c="4 2" t="1"/>
		<b id="4" c="2 5" t="1"/>
		<b id="5" c="5 6" t="1"/>
		<b id="6" c="6 7" t="ar"/>
		<b id="7" c="7 8" t="ar"/>
		<b id="8" c="9 10" t="ar"/>
		<b id="9" c="11 10" t="1"/>
		<b id="10" c="10 12" t="ar"/>
		<b id="11" c="13 12" t="1"/>
		<b id="12" c="12 14" t="ar"/>
		<b id="13" c="15 14" t="1"/>
		<b id="14" c="14 16" t="ar"/>
		<b id="15" c="17 16" t="1"/>
		<b id="16" c="16 18" t="ar"/>
		<b id="17" c="18 19" t="1"/>
		<b id="18" c="20 19" t="1"/>
		<b id="19" c="21 19" t="1"/>
		<b id="20" c="19 22" t="1"/>
		<b id="21" c="22 23" t="1"/>
		<b id="22" c="8 9" t="1"/>
		<b id="23" c="8 24" t="ar"/>
		<b id="24" c="25 24" t="1"/>
		<b id="25" c="24 26" t="ar"/>
		<b id="26" c="26 27" t="1"/>
		<b id="27" c="26 6" t="ar"/>
		<b id="28" c="18 9" t="ar"/>
		<b id="29" c="1 28" t="1"/>
		<b id="30" c="1 29" t="1"/>
		<b id="31" c="1 30" t="1"/>
		<b id="32" c="3 31" t="1"/>
		<b id="33" c="3 32" t="1"/>
		<b id="34" c="3 33" t="1"/>
		<b id="35" c="4 34" t="1"/>
		<b id="36" c="4 35" t="1"/>
		<b id="37" c="4 36" t="1"/>
		<b id="38" c="5 37" t="1"/>
		<b id="39" c="5 38" t="1"/>
	</bonds>
	<geometry>
		<g u="A" t="cart/3d">#38,3:-3.2644,-0.3756,0.5363;-2.6821,0.9858,0.1993;-1.5938,1.3338,1.2180;-3.7749,2.0393,0.2771;-2.1052,0.9891,-1.2374;-1.0840,-0.0452,-1.5450;0.0327,-0.0282,-0.7724;0.8406,-1.0485,-1.1691;2.0528,-1.2464,-0.3797;2.4514,-2.5700,-0.1095;1.8797,-3.4101,-0.4992;3.5690,-2.8451,0.6798;3.8556,-3.8747,0.8804;4.3082,-1.8004,1.2179;5.1755,-2.0094,1.8397;3.9388,-0.4827,0.9534;4.5368,0.3210,1.3801;2.8245,-0.1835,0.1420;2.5389,1.2707,-0.1348;3.4782,1.8378,-0.1515;2.0749,1.4247,-1.1137;1.6939,1.8109,0.8783;2.0601,2.6877,1.0881;0.2464,-1.7120,-2.2243;0.6539,-2.5677,-2.7467;-0.9914,-1.0615,-2.4721;-1.7192,-1.3185,-3.2306;-4.0170,-0.6264,-0.2171;-3.7244,-0.3175,1.5275;-2.4633,-1.1198,0.5428;-0.9118,0.4889,1.3289;-2.0796,1.5228,2.1807;-1.0746,2.2332,0.8766;-3.3351,3.0138,0.0446;-4.5542,1.7874,-0.4485;-4.1894,2.0404,1.2898;-1.6853,1.9881,-1.4057;-2.9621,0.8679,-1.9117;</g>
	</geometry>
	<conformers/>
	<properties/>
</molecule>
