<?xml version="1.0" ?>
<!--MOLLI PACKAGE EXPERIMENTAL XML FORMAT-->
<molecule name="react_95_c2_frag_0">
	<atoms>
		<a id="1" s="C" t="C.3" l="C"/>
		<a id="2" s="N" t="N.4" l="N"/>
		<a id="3" s="C" t="C.3" l="C"/>
		<a id="4" s="C" t="C.3" l="C"/>
		<a id="5" s="C" t="C.3" l="C"/>
		<a id="6" s="C" t="C.ar" l="C"/>
		<a id="7" s="O" t="O.2" l="O"/>
		<a id="8" s="C" t="C.ar" l="C"/>
		<a id="9" s="C" t="C.ar" l="C"/>
		<a id="10" s="C" t="C.ar" l="C"/>
		<a id="11" s="H" t="H" l="H"/>
		<a id="12" s="C" t="C.ar" l="C"/>
		<a id="13" s="H" t="H" l="H"/>
		<a id="14" s="C" t="C.ar" l="C"/>
		<a id="15" s="H" t="H" l="H"/>
		<a id="16" s="C" t="C.ar" l="C"/>
		<a id="17" s="H" t="H" l="H"/>
		<a id="18" s="C" t="C.ar" l="C"/>
		<a id="19" s="C" t="C.3" l="C"/>
		<a id="20" s="H" t="H" l="H"/>
		<a id="21" s="H" t="H" l="H"/>
		<a id="22" s="O" t="O.3" l="O"/>
		<a id="23" s="Si" t="Si" l="SI"/>
		<a id="24" s="C" t="C.3" l="C"/>
		<a id="25" s="H" t="H" l="H"/>
		<a id="26" s="H" t="H" l="H"/>
		<a id="27" s="H" t="H" l="H"/>
		<a id="28" s="C" t="C.3" l="C"/>
		<a id="29" s="H" t="H" l="H"/>
		<a id="30" s="H" t="H" l="H"/>
		<a id="31" s="H" t="H" l="H"/>
		<a id="32" s="C" t="C.3" l="C"/>
		<a id="33" s="C" t="C.3" l="C"/>
		<a id="34" s="H" t="H" l="H"/>
		<a id="35" s="H" t="H" l="H"/>
		<a id="36" s="H" t="H" l="H"/>
		<a id="37" s="C" t="C.3" l="C"/>
		<a id="38" s="H" t="H" l="H"/>
		<a id="39" s="H" t="H" l="H"/>
		<a id="40" s="H" t="H" l="H"/>
		<a id="41" s="C" t="C.3" l="C"/>
		<a id="42" s="H" t="H" l="H"/>
		<a id="43" s="H" t="H" l="H"/>
		<a id="44" s="H" t="H" l="H"/>
		<a id="45" s="C" t="C.ar" l="C"/>
		<a id="46" s="H" t="H" l="H"/>
		<a id="47" s="C" t="C.ar" l="C"/>
		<a id="48" s="H" t="H" l="H"/>
		<a id="49" s="H" t="H" l="H"/>
		<a id="50" s="H" t="H" l="H"/>
		<a id="51" s="H" t="H" l="H"/>
		<a id="52" s="H" t="H" l="H"/>
		<a id="53" s="H" t="H" l="H"/>
		<a id="54" s="H" t="H" l="H"/>
		<a id="55" s="H" t="H" l="H"/>
		<a id="56" s="H" t="H" l="H"/>
		<a id="57" s="H" t="H" l="H"/>
		<a id="58" s="H" t="H" l="H"/>
		<a id="59" s="H" t="H" l="H"/>
	</atoms>
	<bonds>
		<b id="1" c="1 2" t="1"/>
		<b id="2" c="3 2" t="1"/>
		<b id="3" c="4 2" t="1"/>
		<b id="4" c="2 5" t="1"/>
		<b id="5" c="5 6" t="1"/>
		<b id="6" c="6 7" t="ar"/>
		<b id="7" c="7 8" t="ar"/>
		<b id="8" c="9 10" t="ar"/>
		<b id="9" c="11 10" t="1"/>
		<b id="10" c="10 12" t="ar"/>
		<b id="11" c="13 12" t="1"/>
		<b id="12" c="12 14" t="ar"/>
		<b id="13" c="15 14" t="1"/>
		<b id="14" c="14 16" t="ar"/>
		<b id="15" c="17 16" t="1"/>
		<b id="16" c="16 18" t="ar"/>
		<b id="17" c="18 19" t="1"/>
		<b id="18" c="20 19" t="1"/>
		<b id="19" c="21 19" t="1"/>
		<b id="20" c="19 22" t="1"/>
		<b id="21" c="22 23" t="1"/>
		<b id="22" c="25 24" t="1"/>
		<b id="23" c="26 24" t="1"/>
		<b id="24" c="24 27" t="1"/>
		<b id="25" c="24 23" t="1"/>
		<b id="26" c="29 28" t="1"/>
		<b id="27" c="30 28" t="1"/>
		<b id="28" c="28 31" t="1"/>
		<b id="29" c="28 23" t="1"/>
		<b id="30" c="23 32" t="1"/>
		<b id="31" c="34 33" t="1"/>
		<b id="32" c="35 33" t="1"/>
		<b id="33" c="33 36" t="1"/>
		<b id="34" c="33 32" t="1"/>
		<b id="35" c="38 37" t="1"/>
		<b id="36" c="39 37" t="1"/>
		<b id="37" c="37 40" t="1"/>
		<b id="38" c="37 32" t="1"/>
		<b id="39" c="32 41" t="1"/>
		<b id="40" c="42 41" t="1"/>
		<b id="41" c="43 41" t="1"/>
		<b id="42" c="41 44" t="1"/>
		<b id="43" c="8 9" t="1"/>
		<b id="44" c="8 45" t="ar"/>
		<b id="45" c="46 45" t="1"/>
		<b id="46" c="45 47" t="ar"/>
		<b id="47" c="47 48" t="1"/>
		<b id="48" c="47 6" t="ar"/>
		<b id="49" c="18 9" t="ar"/>
		<b id="50" c="1 49" t="1"/>
		<b id="51" c="1 50" t="1"/>
		<b id="52" c="1 51" t="1"/>
		<b id="53" c="3 52" t="1"/>
		<b id="54" c="3 53" t="1"/>
		<b id="55" c="3 54" t="1"/>
		<b id="56" c="4 55" t="1"/>
		<b id="57" c="4 56" t="1"/>
		<b id="58" c="4 57" t="1"/>
		<b id="59" c="5 58" t="1"/>
		<b id="60" c="5 59" t="1"/>
	</bonds>
	<geometry>
		<g u="A" t="cart/3d">#59,3:-4.5094,-2.0213,-0.6360;-5.0666,-0.9453,0.2802;-6.5033,-1.2911,0.6463;-4.2336,-0.8849,1.5576;-5.0667,0.4272,-0.4294;-3.7374,0.9391,-0.8528;-2.9569,1.4655,0.1325;-1.7895,1.8768,-0.4440;-0.8125,2.4601,0.4669;-1.2311,3.5134,1.3015;-2.2564,3.8732,1.2555;-0.3432,4.1315,2.1821;-0.6792,4.9489,2.8126;0.9766,3.7049,2.2425;1.6772,4.1849,2.9223;1.4083,2.6602,1.4246;2.4494,2.3475,1.4897;0.5266,2.0127,0.5352;1.0346,0.8872,-0.3494;0.2810,0.0908,-0.3912;1.2049,1.2963,-1.3537;2.2466,0.3365,0.1577;2.9674,-0.9543,-0.6372;3.0049,-0.7221,-2.4978;3.4808,0.2264,-2.7597;3.5556,-1.5291,-2.9878;1.9882,-0.7144,-2.9031;2.1228,-2.5741,-0.2019;2.6609,-3.4301,-0.6252;2.0725,-2.7029,0.8842;1.1003,-2.5900,-0.5915;4.9299,-1.0666,0.0201;5.6400,-2.2462,-0.6729;6.6827,-2.3195,-0.3448;5.6473,-2.1299,-1.7614;5.1572,-3.2006,-0.4417;4.9272,-1.2721,1.5516;5.9520,-1.3098,1.9413;4.4318,-2.2113,1.8319;4.4093,-0.4535,2.0680;5.6403,0.2606,-0.3291;5.1368,1.1184,0.1320;6.6783,0.2549,0.0256;5.6649,0.4277,-1.4117;-1.8300,1.6277,-1.8009;-1.0539,1.8705,-2.5156;-3.0854,1.0242,-2.0655;-3.4631,0.7075,-3.0285;-3.4528,-1.8148,-0.8321;-5.0828,-2.0139,-1.5680;-4.6121,-2.9895,-0.1344;-6.8854,-0.5184,1.3219;-7.0968,-1.3238,-0.2737;-6.5141,-2.2684,1.1403;-4.3799,-1.8228,2.1040;-4.5774,-0.0379,2.1586;-3.1776,-0.7793,1.2946;-5.7229,0.3255,-1.3017;-5.5360,1.1379,0.2617;</g>
	</geometry>
	<conformers/>
	<properties/>
</molecule>
