<?xml version="1.0" ?>
<!--MOLLI PACKAGE EXPERIMENTAL XML FORMAT-->
<molecule name="react_96_c1_frag_0">
	<atoms>
		<a id="1" s="C" t="C.3" l="C"/>
		<a id="2" s="N" t="N.4" l="N"/>
		<a id="3" s="C" t="C.3" l="C"/>
		<a id="4" s="C" t="C.3" l="C"/>
		<a id="5" s="C" t="C.3" l="C"/>
		<a id="6" s="C" t="C.ar" l="C"/>
		<a id="7" s="O" t="O.2" l="O"/>
		<a id="8" s="C" t="C.ar" l="C"/>
		<a id="9" s="C" t="C.ar" l="C"/>
		<a id="10" s="C" t="C.ar" l="C"/>
		<a id="11" s="O" t="O.3" l="O"/>
		<a id="12" s="C" t="C.3" l="C"/>
		<a id="13" s="H" t="H" l="H"/>
		<a id="14" s="H" t="H" l="H"/>
		<a id="15" s="H" t="H" l="H"/>
		<a id="16" s="C" t="C.ar" l="C"/>
		<a id="17" s="H" t="H" l="H"/>
		<a id="18" s="C" t="C.ar" l="C"/>
		<a id="19" s="O" t="O.3" l="O"/>
		<a id="20" s="C" t="C.3" l="C"/>
		<a id="21" s="H" t="H" l="H"/>
		<a id="22" s="H" t="H" l="H"/>
		<a id="23" s="H" t="H" l="H"/>
		<a id="24" s="C" t="C.ar" l="C"/>
		<a id="25" s="H" t="H" l="H"/>
		<a id="26" s="C" t="C.ar" l="C"/>
		<a id="27" s="C" t="C.3" l="C"/>
		<a id="28" s="H" t="H" l="H"/>
		<a id="29" s="H" t="H" l="H"/>
		<a id="30" s="O" t="O.3" l="O"/>
		<a id="31" s="H" t="H" l="H"/>
		<a id="32" s="C" t="C.ar" l="C"/>
		<a id="33" s="H" t="H" l="H"/>
		<a id="34" s="C" t="C.ar" l="C"/>
		<a id="35" s="H" t="H" l="H"/>
		<a id="36" s="H" t="H" l="H"/>
		<a id="37" s="H" t="H" l="H"/>
		<a id="38" s="H" t="H" l="H"/>
		<a id="39" s="H" t="H" l="H"/>
		<a id="40" s="H" t="H" l="H"/>
		<a id="41" s="H" t="H" l="H"/>
		<a id="42" s="H" t="H" l="H"/>
		<a id="43" s="H" t="H" l="H"/>
		<a id="44" s="H" t="H" l="H"/>
		<a id="45" s="H" t="H" l="H"/>
		<a id="46" s="H" t="H" l="H"/>
	</atoms>
	<bonds>
		<b id="1" c="1 2" t="1"/>
		<b id="2" c="3 2" t="1"/>
		<b id="3" c="4 2" t="1"/>
		<b id="4" c="2 5" t="1"/>
		<b id="5" c="5 6" t="1"/>
		<b id="6" c="6 7" t="ar"/>
		<b id="7" c="7 8" t="ar"/>
		<b id="8" c="9 10" t="ar"/>
		<b id="9" c="11 12" t="1"/>
		<b id="10" c="13 12" t="1"/>
		<b id="11" c="14 12" t="1"/>
		<b id="12" c="12 15" t="1"/>
		<b id="13" c="11 10" t="1"/>
		<b id="14" c="10 16" t="ar"/>
		<b id="15" c="17 16" t="1"/>
		<b id="16" c="16 18" t="ar"/>
		<b id="17" c="19 20" t="1"/>
		<b id="18" c="21 20" t="1"/>
		<b id="19" c="22 20" t="1"/>
		<b id="20" c="20 23" t="1"/>
		<b id="21" c="19 18" t="1"/>
		<b id="22" c="18 24" t="ar"/>
		<b id="23" c="25 24" t="1"/>
		<b id="24" c="24 26" t="ar"/>
		<b id="25" c="26 27" t="1"/>
		<b id="26" c="28 27" t="1"/>
		<b id="27" c="29 27" t="1"/>
		<b id="28" c="27 30" t="1"/>
		<b id="29" c="30 31" t="1"/>
		<b id="30" c="8 9" t="1"/>
		<b id="31" c="8 32" t="ar"/>
		<b id="32" c="33 32" t="1"/>
		<b id="33" c="32 34" t="ar"/>
		<b id="34" c="34 35" t="1"/>
		<b id="35" c="34 6" t="ar"/>
		<b id="36" c="26 9" t="ar"/>
		<b id="37" c="1 36" t="1"/>
		<b id="38" c="1 37" t="1"/>
		<b id="39" c="1 38" t="1"/>
		<b id="40" c="3 39" t="1"/>
		<b id="41" c="3 40" t="1"/>
		<b id="42" c="3 41" t="1"/>
		<b id="43" c="4 42" t="1"/>
		<b id="44" c="4 43" t="1"/>
		<b id="45" c="4 44" t="1"/>
		<b id="46" c="5 45" t="1"/>
		<b id="47" c="5 46" t="1"/>
	</bonds>
	<geometry>
		<g u="A" t="cart/3d">#46,3:-4.9661,1.2291,1.1345;-3.7013,0.3908,1.0669;-3.9151,-0.9028,1.8302;-2.5571,1.1730,1.7069;-3.3846,0.0983,-0.4213;-2.1750,-0.7260,-0.6733;-0.9834,-0.1106,-0.4394;-0.0002,-1.0190,-0.6873;1.3506,-0.5459,-0.4314;2.1335,-0.0502,-1.4964;1.5471,-0.0850,-2.7382;2.3297,0.3164,-3.8604;3.2079,-0.3291,-3.9820;1.7071,0.2074,-4.7546;2.6187,1.3730,-3.7847;3.4177,0.4538,-1.2465;4.0165,0.8412,-2.0594;3.9244,0.4787,0.0479;5.1470,0.9601,0.4272;5.9680,1.5394,-0.5829;5.4721,2.3908,-1.0547;6.8781,1.9123,-0.1054;6.2628,0.7930,-1.3241;3.1563,-0.0272,1.0940;3.5661,-0.0012,2.0998;1.8742,-0.5572,0.8771;1.1329,-1.1200,2.0553;1.8124,-1.7401,2.6479;0.2931,-1.7604,1.7718;0.6317,-0.0539,2.8677;0.5909,-0.4035,3.7776;-0.5531,-2.2115,-1.1019;-0.0021,-3.1054,-1.3692;-1.9597,-2.0279,-1.0854;-2.7119,-2.7601,-1.3464;-4.8016,2.1527,0.5675;-5.7840,0.6491,0.6987;-5.1828,1.4568,2.1812;-4.1893,-0.6585,2.8645;-2.9887,-1.4834,1.8245;-4.7223,-1.4606,1.3463;-2.3381,2.0440,1.0809;-2.8801,1.4927,2.7044;-1.6890,0.5159,1.8014;-4.2689,-0.4016,-0.8350;-3.2845,1.0722,-0.9158;</g>
	</geometry>
	<conformers/>
	<properties/>
</molecule>
