<?xml version="1.0" ?>
<!--MOLLI PACKAGE EXPERIMENTAL XML FORMAT-->
<molecule name="react_100_c2_frag_1">
	<atoms>
		<a id="1" s="C" t="C.3" l="C"/>
		<a id="2" s="N" t="N.4" l="N"/>
		<a id="3" s="C" t="C.3" l="C"/>
		<a id="4" s="C" t="C.3" l="C"/>
		<a id="5" s="C" t="C.3" l="C"/>
		<a id="6" s="C" t="C.3" l="C"/>
		<a id="7" s="H" t="H" l="H"/>
		<a id="8" s="H" t="H" l="H"/>
		<a id="9" s="O" t="O.3" l="O"/>
		<a id="10" s="Si" t="Si" l="SI"/>
		<a id="11" s="C" t="C.ar" l="C"/>
		<a id="12" s="C" t="C.ar" l="C"/>
		<a id="13" s="H" t="H" l="H"/>
		<a id="14" s="C" t="C.ar" l="C"/>
		<a id="15" s="H" t="H" l="H"/>
		<a id="16" s="C" t="C.ar" l="C"/>
		<a id="17" s="H" t="H" l="H"/>
		<a id="18" s="C" t="C.ar" l="C"/>
		<a id="19" s="H" t="H" l="H"/>
		<a id="20" s="C" t="C.ar" l="C"/>
		<a id="21" s="H" t="H" l="H"/>
		<a id="22" s="C" t="C.ar" l="C"/>
		<a id="23" s="C" t="C.ar" l="C"/>
		<a id="24" s="H" t="H" l="H"/>
		<a id="25" s="C" t="C.ar" l="C"/>
		<a id="26" s="H" t="H" l="H"/>
		<a id="27" s="C" t="C.ar" l="C"/>
		<a id="28" s="H" t="H" l="H"/>
		<a id="29" s="C" t="C.ar" l="C"/>
		<a id="30" s="H" t="H" l="H"/>
		<a id="31" s="C" t="C.ar" l="C"/>
		<a id="32" s="H" t="H" l="H"/>
		<a id="33" s="C" t="C.3" l="C"/>
		<a id="34" s="C" t="C.3" l="C"/>
		<a id="35" s="H" t="H" l="H"/>
		<a id="36" s="H" t="H" l="H"/>
		<a id="37" s="H" t="H" l="H"/>
		<a id="38" s="C" t="C.3" l="C"/>
		<a id="39" s="H" t="H" l="H"/>
		<a id="40" s="H" t="H" l="H"/>
		<a id="41" s="H" t="H" l="H"/>
		<a id="42" s="C" t="C.3" l="C"/>
		<a id="43" s="H" t="H" l="H"/>
		<a id="44" s="H" t="H" l="H"/>
		<a id="45" s="H" t="H" l="H"/>
		<a id="46" s="H" t="H" l="H"/>
		<a id="47" s="H" t="H" l="H"/>
		<a id="48" s="H" t="H" l="H"/>
		<a id="49" s="H" t="H" l="H"/>
		<a id="50" s="H" t="H" l="H"/>
		<a id="51" s="H" t="H" l="H"/>
		<a id="52" s="H" t="H" l="H"/>
		<a id="53" s="H" t="H" l="H"/>
		<a id="54" s="H" t="H" l="H"/>
		<a id="55" s="H" t="H" l="H"/>
		<a id="56" s="H" t="H" l="H"/>
	</atoms>
	<bonds>
		<b id="1" c="1 2" t="1"/>
		<b id="2" c="3 2" t="1"/>
		<b id="3" c="4 2" t="1"/>
		<b id="4" c="2 5" t="1"/>
		<b id="5" c="5 6" t="1"/>
		<b id="6" c="7 6" t="1"/>
		<b id="7" c="8 6" t="1"/>
		<b id="8" c="6 9" t="1"/>
		<b id="9" c="9 10" t="1"/>
		<b id="10" c="11 12" t="ar"/>
		<b id="11" c="13 12" t="1"/>
		<b id="12" c="12 14" t="ar"/>
		<b id="13" c="15 14" t="1"/>
		<b id="14" c="14 16" t="ar"/>
		<b id="15" c="17 16" t="1"/>
		<b id="16" c="16 18" t="ar"/>
		<b id="17" c="19 18" t="1"/>
		<b id="18" c="18 20" t="ar"/>
		<b id="19" c="20 21" t="1"/>
		<b id="20" c="11 10" t="1"/>
		<b id="21" c="22 23" t="ar"/>
		<b id="22" c="24 23" t="1"/>
		<b id="23" c="23 25" t="ar"/>
		<b id="24" c="26 25" t="1"/>
		<b id="25" c="25 27" t="ar"/>
		<b id="26" c="28 27" t="1"/>
		<b id="27" c="27 29" t="ar"/>
		<b id="28" c="30 29" t="1"/>
		<b id="29" c="29 31" t="ar"/>
		<b id="30" c="31 32" t="1"/>
		<b id="31" c="22 10" t="1"/>
		<b id="32" c="10 33" t="1"/>
		<b id="33" c="35 34" t="1"/>
		<b id="34" c="36 34" t="1"/>
		<b id="35" c="34 37" t="1"/>
		<b id="36" c="34 33" t="1"/>
		<b id="37" c="39 38" t="1"/>
		<b id="38" c="40 38" t="1"/>
		<b id="39" c="38 41" t="1"/>
		<b id="40" c="38 33" t="1"/>
		<b id="41" c="33 42" t="1"/>
		<b id="42" c="43 42" t="1"/>
		<b id="43" c="44 42" t="1"/>
		<b id="44" c="42 45" t="1"/>
		<b id="45" c="20 11" t="ar"/>
		<b id="46" c="31 22" t="ar"/>
		<b id="47" c="1 46" t="1"/>
		<b id="48" c="1 47" t="1"/>
		<b id="49" c="1 48" t="1"/>
		<b id="50" c="3 49" t="1"/>
		<b id="51" c="3 50" t="1"/>
		<b id="52" c="3 51" t="1"/>
		<b id="53" c="4 52" t="1"/>
		<b id="54" c="4 53" t="1"/>
		<b id="55" c="4 54" t="1"/>
		<b id="56" c="5 55" t="1"/>
		<b id="57" c="5 56" t="1"/>
	</bonds>
	<geometry>
		<g u="A" t="cart/3d">#56,3:4.7949,-0.9096,-1.8037;3.6335,-0.8955,-0.8070;3.9682,-1.8345,0.3405;3.4823,0.5267,-0.2791;2.3626,-1.3591,-1.5645;1.0619,-1.3579,-0.7397;1.1786,-1.9222,0.1914;0.3068,-1.8597,-1.3561;0.6553,-0.0190,-0.4696;-0.8259,0.2875,0.2694;-1.5917,1.7475,-0.6726;-2.9404,2.1044,-0.4860;-3.5822,1.5467,0.1950;-3.4988,3.1787,-1.1825;-4.5447,3.4357,-1.0345;-2.7231,3.9152,-2.0723;-3.1601,4.7502,-2.6133;-1.3861,3.5808,-2.2673;-0.7826,4.1596,-2.9603;-0.8230,2.5064,-1.5741;0.2257,2.2767,-1.7490;-1.9727,-1.1772,-0.0442;-2.6163,-1.3219,-1.2919;-2.4904,-0.5776,-2.0811;-3.4459,-2.4142,-1.5588;-3.9426,-2.4955,-2.5236;-3.6457,-3.3906,-0.5909;-4.2976,-4.2367,-0.7950;-3.0213,-3.2722,0.6463;-3.1876,-4.0300,1.4088;-2.1925,-2.1787,0.9178;-1.7375,-2.1338,1.9019;-0.5464,0.8082,2.1844;-1.8877,0.9010,2.9419;-2.4211,-0.0553,2.9523;-2.5542,1.6485,2.4969;-1.7253,1.1937,3.9857;0.3782,-0.2062,2.8963;0.5605,0.0955,3.9344;-0.0511,-1.2112,2.9230;1.3539,-0.2788,2.4024;0.1428,2.1962,2.2377;1.1056,2.1887,1.7113;0.3363,2.4955,3.2746;-0.4805,2.9777,1.7858;5.7105,-0.6279,-1.2777;4.8869,-1.9188,-2.2126;4.5758,-0.1890,-2.5981;3.1813,-1.7712,1.0953;4.0440,-2.8521,-0.0550;4.9228,-1.5221,0.7759;2.8007,0.5202,0.5730;3.1110,1.1630,-1.0867;4.4650,0.8742,0.0540;2.5709,-2.3727,-1.9252;2.2593,-0.6873,-2.4237;</g>
	</geometry>
	<conformers/>
	<properties/>
</molecule>
