<?xml version="1.0" ?>
<!--MOLLI PACKAGE EXPERIMENTAL XML FORMAT-->
<molecule name="react_109_c2_frag_0">
	<atoms>
		<a id="1" s="C" t="C.3" l="C"/>
		<a id="2" s="N" t="N.4" l="N"/>
		<a id="3" s="C" t="C.3" l="C"/>
		<a id="4" s="C" t="C.3" l="C"/>
		<a id="5" s="C" t="C.3" l="C"/>
		<a id="6" s="C" t="C.ar" l="C"/>
		<a id="7" s="C" t="C.ar" l="C"/>
		<a id="8" s="H" t="H" l="H"/>
		<a id="9" s="S" t="S.2" l="S"/>
		<a id="10" s="C" t="C.ar" l="C"/>
		<a id="11" s="S" t="S.3" l="S"/>
		<a id="12" s="C" t="C.3" l="C"/>
		<a id="13" s="H" t="H" l="H"/>
		<a id="14" s="H" t="H" l="H"/>
		<a id="15" s="H" t="H" l="H"/>
		<a id="16" s="C" t="C.ar" l="C"/>
		<a id="17" s="H" t="H" l="H"/>
		<a id="18" s="H" t="H" l="H"/>
		<a id="19" s="H" t="H" l="H"/>
		<a id="20" s="H" t="H" l="H"/>
		<a id="21" s="H" t="H" l="H"/>
		<a id="22" s="H" t="H" l="H"/>
		<a id="23" s="H" t="H" l="H"/>
		<a id="24" s="H" t="H" l="H"/>
		<a id="25" s="H" t="H" l="H"/>
		<a id="26" s="H" t="H" l="H"/>
		<a id="27" s="H" t="H" l="H"/>
		<a id="28" s="H" t="H" l="H"/>
	</atoms>
	<bonds>
		<b id="1" c="1 2" t="1"/>
		<b id="2" c="3 2" t="1"/>
		<b id="3" c="4 2" t="1"/>
		<b id="4" c="2 5" t="1"/>
		<b id="5" c="5 6" t="1"/>
		<b id="6" c="6 7" t="ar"/>
		<b id="7" c="8 7" t="1"/>
		<b id="8" c="7 9" t="ar"/>
		<b id="9" c="9 10" t="ar"/>
		<b id="10" c="11 12" t="1"/>
		<b id="11" c="13 12" t="1"/>
		<b id="12" c="14 12" t="1"/>
		<b id="13" c="12 15" t="1"/>
		<b id="14" c="11 10" t="1"/>
		<b id="15" c="10 16" t="ar"/>
		<b id="16" c="16 17" t="1"/>
		<b id="17" c="16 6" t="ar"/>
		<b id="18" c="1 18" t="1"/>
		<b id="19" c="1 19" t="1"/>
		<b id="20" c="1 20" t="1"/>
		<b id="21" c="3 21" t="1"/>
		<b id="22" c="3 22" t="1"/>
		<b id="23" c="3 23" t="1"/>
		<b id="24" c="4 24" t="1"/>
		<b id="25" c="4 25" t="1"/>
		<b id="26" c="4 26" t="1"/>
		<b id="27" c="5 27" t="1"/>
		<b id="28" c="5 28" t="1"/>
	</bonds>
	<geometry>
		<g u="A" t="cart/3d">#28,3:-2.1934,-0.7114,1.3321;-2.0814,0.0536,0.0212;-1.7940,1.5191,0.3184;-3.4114,-0.0439,-0.7196;-0.9866,-0.5518,-0.8774;0.4060,-0.5478,-0.3262;0.9830,-1.5819,0.3893;0.5490,-2.5357,0.6609;2.5775,-1.2309,0.8935;2.5648,0.2846,0.1127;3.8943,1.4317,0.1318;5.3452,0.3618,-0.0016;6.2340,0.9835,-0.1398;5.2560,-0.3067,-0.8624;5.4810,-0.2274,0.9092;1.3516,0.5213,-0.5004;1.1521,1.4358,-1.0492;-2.3455,-1.7705,1.1043;-1.2783,-0.5656,1.9118;-3.0484,-0.3166,1.8895;-0.8975,1.5900,0.9396;-2.6493,1.9345,0.8605;-1.6547,2.0452,-0.6305;-4.1954,0.3835,-0.0871;-3.3296,0.5178,-1.6550;-3.6196,-1.0988,-0.9217;-1.0122,0.0074,-1.8216;-1.2973,-1.5811,-1.0988;</g>
	</geometry>
	<conformers/>
	<properties/>
</molecule>
