<?xml version="1.0" ?>
<!--MOLLI PACKAGE EXPERIMENTAL XML FORMAT-->
<molecule name="react_113_c2_frag_1">
	<atoms>
		<a id="1" s="C" t="C.3" l="C"/>
		<a id="2" s="N" t="N.4" l="N"/>
		<a id="3" s="C" t="C.3" l="C"/>
		<a id="4" s="C" t="C.3" l="C"/>
		<a id="5" s="C" t="C.3" l="C"/>
		<a id="6" s="C" t="C.3" l="C"/>
		<a id="7" s="H" t="H" l="H"/>
		<a id="8" s="H" t="H" l="H"/>
		<a id="9" s="C" t="C.3" l="C"/>
		<a id="10" s="H" t="H" l="H"/>
		<a id="11" s="H" t="H" l="H"/>
		<a id="12" s="H" t="H" l="H"/>
		<a id="13" s="H" t="H" l="H"/>
		<a id="14" s="H" t="H" l="H"/>
		<a id="15" s="H" t="H" l="H"/>
		<a id="16" s="H" t="H" l="H"/>
		<a id="17" s="H" t="H" l="H"/>
		<a id="18" s="H" t="H" l="H"/>
		<a id="19" s="H" t="H" l="H"/>
		<a id="20" s="H" t="H" l="H"/>
		<a id="21" s="H" t="H" l="H"/>
		<a id="22" s="H" t="H" l="H"/>
		<a id="23" s="H" t="H" l="H"/>
	</atoms>
	<bonds>
		<b id="1" c="1 2" t="1"/>
		<b id="2" c="3 2" t="1"/>
		<b id="3" c="4 2" t="1"/>
		<b id="4" c="2 5" t="1"/>
		<b id="5" c="5 6" t="1"/>
		<b id="6" c="7 6" t="1"/>
		<b id="7" c="8 6" t="1"/>
		<b id="8" c="6 9" t="1"/>
		<b id="9" c="10 9" t="1"/>
		<b id="10" c="11 9" t="1"/>
		<b id="11" c="9 12" t="1"/>
		<b id="12" c="1 13" t="1"/>
		<b id="13" c="1 14" t="1"/>
		<b id="14" c="1 15" t="1"/>
		<b id="15" c="3 16" t="1"/>
		<b id="16" c="3 17" t="1"/>
		<b id="17" c="3 18" t="1"/>
		<b id="18" c="4 19" t="1"/>
		<b id="19" c="4 20" t="1"/>
		<b id="20" c="4 21" t="1"/>
		<b id="21" c="5 22" t="1"/>
		<b id="22" c="5 23" t="1"/>
	</bonds>
	<geometry>
		<g u="A" t="cart/3d">#23,3:-1.8882,0.3478,-1.2062;-0.9309,0.0292,-0.0524;-1.1913,1.0271,1.0700;-1.2313,-1.3825,0.4378;0.5064,0.1471,-0.5926;1.5831,-0.1448,0.4519;1.4804,-1.1602,0.8472;1.5087,0.5484,1.2955;2.9728,-0.0084,-0.1560;3.1094,-0.7111,-0.9842;3.1378,1.0057,-0.5338;3.7382,-0.2188,0.5976;-1.7138,-0.3747,-2.0091;-1.6850,1.3655,-1.5525;-2.9158,0.2684,-0.8387;-0.5998,0.7426,1.9437;-0.9124,2.0244,0.7184;-2.2560,0.9939,1.3213;-0.6384,-1.5820,1.3338;-0.9806,-2.0870,-0.3603;-2.2964,-1.4439,0.6817;0.5873,-0.5537,-1.4324;0.6158,1.1669,-0.9809;</g>
	</geometry>
	<conformers/>
	<properties/>
</molecule>
