<?xml version="1.0" ?>
<!--MOLLI PACKAGE EXPERIMENTAL XML FORMAT-->
<molecule name="react_115_c2_frag_1">
	<atoms>
		<a id="1" s="C" t="C.3" l="C"/>
		<a id="2" s="N" t="N.4" l="N"/>
		<a id="3" s="C" t="C.3" l="C"/>
		<a id="4" s="C" t="C.3" l="C"/>
		<a id="5" s="C" t="C.3" l="C"/>
		<a id="6" s="C" t="C.3" l="C"/>
		<a id="7" s="H" t="H" l="H"/>
		<a id="8" s="H" t="H" l="H"/>
		<a id="9" s="O" t="O.3" l="O"/>
		<a id="10" s="C" t="C.3" l="C"/>
		<a id="11" s="H" t="H" l="H"/>
		<a id="12" s="H" t="H" l="H"/>
		<a id="13" s="H" t="H" l="H"/>
		<a id="14" s="H" t="H" l="H"/>
		<a id="15" s="H" t="H" l="H"/>
		<a id="16" s="H" t="H" l="H"/>
		<a id="17" s="H" t="H" l="H"/>
		<a id="18" s="H" t="H" l="H"/>
		<a id="19" s="H" t="H" l="H"/>
		<a id="20" s="H" t="H" l="H"/>
		<a id="21" s="H" t="H" l="H"/>
		<a id="22" s="H" t="H" l="H"/>
		<a id="23" s="H" t="H" l="H"/>
		<a id="24" s="H" t="H" l="H"/>
	</atoms>
	<bonds>
		<b id="1" c="1 2" t="1"/>
		<b id="2" c="3 2" t="1"/>
		<b id="3" c="4 2" t="1"/>
		<b id="4" c="2 5" t="1"/>
		<b id="5" c="5 6" t="1"/>
		<b id="6" c="7 6" t="1"/>
		<b id="7" c="8 6" t="1"/>
		<b id="8" c="6 9" t="1"/>
		<b id="9" c="9 10" t="1"/>
		<b id="10" c="11 10" t="1"/>
		<b id="11" c="12 10" t="1"/>
		<b id="12" c="10 13" t="1"/>
		<b id="13" c="1 14" t="1"/>
		<b id="14" c="1 15" t="1"/>
		<b id="15" c="1 16" t="1"/>
		<b id="16" c="3 17" t="1"/>
		<b id="17" c="3 18" t="1"/>
		<b id="18" c="3 19" t="1"/>
		<b id="19" c="4 20" t="1"/>
		<b id="20" c="4 21" t="1"/>
		<b id="21" c="4 22" t="1"/>
		<b id="22" c="5 23" t="1"/>
		<b id="23" c="5 24" t="1"/>
	</bonds>
	<geometry>
		<g u="A" t="cart/3d">#24,3:-1.2513,0.8074,1.2531;-1.1219,-0.2076,0.1264;-1.8758,0.2867,-1.1043;-1.7628,-1.5225,0.5812;0.3571,-0.4972,-0.2060;1.1788,0.7291,-0.6325;0.6862,1.2459,-1.4602;1.2977,1.4502,0.1834;2.4520,0.3211,-1.1308;3.4490,0.2079,-0.1212;3.1586,-0.5331,0.6287;4.3794,-0.1188,-0.5932;3.6206,1.1784,0.3539;-0.8777,1.7732,0.9032;-0.6672,0.4524,2.1070;-2.3086,0.8939,1.5211;-2.9391,0.3513,-0.8538;-1.5024,1.2768,-1.3762;-1.7171,-0.4267,-1.9179;-2.8149,-1.3339,0.8153;-1.2325,-1.8758,1.4705;-1.6768,-2.2485,-0.2327;0.8017,-0.9560,0.6853;0.3671,-1.2541,-1.0003;</g>
	</geometry>
	<conformers/>
	<properties/>
</molecule>
