<?xml version="1.0" ?>
<!--MOLLI PACKAGE EXPERIMENTAL XML FORMAT-->
<molecule name="react_117_c2_frag_1">
	<atoms>
		<a id="1" s="C" t="C.3" l="C"/>
		<a id="2" s="N" t="N.4" l="N"/>
		<a id="3" s="C" t="C.3" l="C"/>
		<a id="4" s="C" t="C.3" l="C"/>
		<a id="5" s="C" t="C.3" l="C"/>
		<a id="6" s="C" t="C.ar" l="C"/>
		<a id="7" s="C" t="C.ar" l="C"/>
		<a id="8" s="H" t="H" l="H"/>
		<a id="9" s="C" t="C.ar" l="C"/>
		<a id="10" s="H" t="H" l="H"/>
		<a id="11" s="C" t="C.ar" l="C"/>
		<a id="12" s="N" t="N.pl3" l="N"/>
		<a id="13" s="O" t="O.2" l="O"/>
		<a id="14" s="O" t="O.co2" l="O"/>
		<a id="15" s="C" t="C.ar" l="C"/>
		<a id="16" s="H" t="H" l="H"/>
		<a id="17" s="C" t="C.ar" l="C"/>
		<a id="18" s="H" t="H" l="H"/>
		<a id="19" s="H" t="H" l="H"/>
		<a id="20" s="H" t="H" l="H"/>
		<a id="21" s="H" t="H" l="H"/>
		<a id="22" s="H" t="H" l="H"/>
		<a id="23" s="H" t="H" l="H"/>
		<a id="24" s="H" t="H" l="H"/>
		<a id="25" s="H" t="H" l="H"/>
		<a id="26" s="H" t="H" l="H"/>
		<a id="27" s="H" t="H" l="H"/>
		<a id="28" s="H" t="H" l="H"/>
		<a id="29" s="H" t="H" l="H"/>
	</atoms>
	<bonds>
		<b id="1" c="1 2" t="1"/>
		<b id="2" c="3 2" t="1"/>
		<b id="3" c="4 2" t="1"/>
		<b id="4" c="2 5" t="1"/>
		<b id="5" c="5 6" t="1"/>
		<b id="6" c="6 7" t="ar"/>
		<b id="7" c="8 7" t="1"/>
		<b id="8" c="7 9" t="ar"/>
		<b id="9" c="10 9" t="1"/>
		<b id="10" c="9 11" t="ar"/>
		<b id="11" c="12 13" t="2"/>
		<b id="12" c="12 14" t="1"/>
		<b id="13" c="12 11" t="1"/>
		<b id="14" c="11 15" t="ar"/>
		<b id="15" c="16 15" t="1"/>
		<b id="16" c="15 17" t="ar"/>
		<b id="17" c="17 18" t="1"/>
		<b id="18" c="17 6" t="ar"/>
		<b id="19" c="1 19" t="1"/>
		<b id="20" c="1 20" t="1"/>
		<b id="21" c="1 21" t="1"/>
		<b id="22" c="3 22" t="1"/>
		<b id="23" c="3 23" t="1"/>
		<b id="24" c="3 24" t="1"/>
		<b id="25" c="4 25" t="1"/>
		<b id="26" c="4 26" t="1"/>
		<b id="27" c="4 27" t="1"/>
		<b id="28" c="5 28" t="1"/>
		<b id="29" c="5 29" t="1"/>
	</bonds>
	<geometry>
		<g u="A" t="cart/3d">#29,3:-1.9725,1.2650,-0.5084;-1.9575,-0.1831,-0.0401;-1.8677,-0.2175,1.4789;-3.2686,-0.8441,-0.4640;-0.7991,-0.9687,-0.6872;0.6021,-0.4804,-0.3968;1.2176,0.4673,-1.2332;0.7045,0.8566,-2.1119;2.5130,0.9229,-0.9668;2.9683,1.6559,-1.6323;3.2084,0.4252,0.1414;4.5675,0.9047,0.4275;5.0480,1.7510,-0.3378;5.1408,0.4387,1.4210;2.6155,-0.5279,0.9779;3.1512,-0.9320,1.8365;1.3197,-0.9784,0.7048;0.8875,-1.7337,1.3603;-1.0850,1.7741,-0.1238;-1.9864,1.2763,-1.6021;-2.8721,1.7466,-0.1127;-1.8069,-1.2614,1.7998;-0.9837,0.3410,1.7973;-2.7666,0.2536,1.8887;-3.2627,-1.8809,-0.1146;-3.3386,-0.8062,-1.5552;-4.0990,-0.2946,-0.0104;-0.9015,-2.0115,-0.3594;-0.9759,-0.9586,-1.7707;</g>
	</geometry>
	<conformers/>
	<properties/>
</molecule>
