<?xml version="1.0" ?>
<!--MOLLI PACKAGE EXPERIMENTAL XML FORMAT-->
<molecule name="react_119_c2_frag_1">
	<atoms>
		<a id="1" s="C" t="C.3" l="C"/>
		<a id="2" s="N" t="N.4" l="N"/>
		<a id="3" s="C" t="C.3" l="C"/>
		<a id="4" s="C" t="C.3" l="C"/>
		<a id="5" s="C" t="C.3" l="C"/>
		<a id="6" s="C" t="C.3" l="C"/>
		<a id="7" s="H" t="H" l="H"/>
		<a id="8" s="H" t="H" l="H"/>
		<a id="9" s="C" t="C.3" l="C"/>
		<a id="10" s="H" t="H" l="H"/>
		<a id="11" s="H" t="H" l="H"/>
		<a id="12" s="C" t="C.ar" l="C"/>
		<a id="13" s="C" t="C.ar" l="C"/>
		<a id="14" s="C" t="C.ar" l="C"/>
		<a id="15" s="H" t="H" l="H"/>
		<a id="16" s="C" t="C.ar" l="C"/>
		<a id="17" s="H" t="H" l="H"/>
		<a id="18" s="C" t="C.ar" l="C"/>
		<a id="19" s="H" t="H" l="H"/>
		<a id="20" s="C" t="C.ar" l="C"/>
		<a id="21" s="H" t="H" l="H"/>
		<a id="22" s="H" t="H" l="H"/>
		<a id="23" s="H" t="H" l="H"/>
		<a id="24" s="H" t="H" l="H"/>
		<a id="25" s="H" t="H" l="H"/>
		<a id="26" s="H" t="H" l="H"/>
		<a id="27" s="H" t="H" l="H"/>
		<a id="28" s="H" t="H" l="H"/>
		<a id="29" s="H" t="H" l="H"/>
		<a id="30" s="H" t="H" l="H"/>
		<a id="31" s="H" t="H" l="H"/>
		<a id="32" s="H" t="H" l="H"/>
		<a id="33" s="H" t="H" l="H"/>
	</atoms>
	<bonds>
		<b id="1" c="1 2" t="1"/>
		<b id="2" c="3 2" t="1"/>
		<b id="3" c="4 2" t="1"/>
		<b id="4" c="2 5" t="1"/>
		<b id="5" c="5 6" t="1"/>
		<b id="6" c="7 6" t="1"/>
		<b id="7" c="8 6" t="1"/>
		<b id="8" c="6 9" t="1"/>
		<b id="9" c="10 9" t="1"/>
		<b id="10" c="11 9" t="1"/>
		<b id="11" c="9 12" t="1"/>
		<b id="12" c="12 13" t="ar"/>
		<b id="13" c="13 14" t="ar"/>
		<b id="14" c="15 14" t="1"/>
		<b id="15" c="14 16" t="ar"/>
		<b id="16" c="17 16" t="1"/>
		<b id="17" c="16 18" t="ar"/>
		<b id="18" c="19 18" t="1"/>
		<b id="19" c="18 20" t="ar"/>
		<b id="20" c="20 21" t="1"/>
		<b id="21" c="20 12" t="ar"/>
		<b id="22" c="1 22" t="1"/>
		<b id="23" c="1 23" t="1"/>
		<b id="24" c="1 24" t="1"/>
		<b id="25" c="3 25" t="1"/>
		<b id="26" c="3 26" t="1"/>
		<b id="27" c="3 27" t="1"/>
		<b id="28" c="4 28" t="1"/>
		<b id="29" c="4 29" t="1"/>
		<b id="30" c="4 30" t="1"/>
		<b id="31" c="5 31" t="1"/>
		<b id="32" c="5 32" t="1"/>
		<b id="33" c="13 33" t="1"/>
	</bonds>
	<geometry>
		<g u="A" t="cart/3d">#33,3:-2.5466,-0.9352,1.4310;-2.6397,-0.1516,0.1260;-2.7063,-1.1233,-1.0475;-3.9393,0.6604,0.1481;-1.4696,0.8405,-0.0247;-0.0972,0.1723,-0.0624;0.0786,-0.3995,0.8553;-0.0344,-0.5327,-0.8985;1.0063,1.2252,-0.2134;0.8513,1.8100,-1.1289;0.9638,1.9424,0.6161;2.3673,0.5814,-0.2522;3.0806,0.3554,0.9329;4.3314,-0.2629,0.8976;4.8844,-0.4286,1.8192;4.8786,-0.6631,-0.3195;5.8556,-1.1398,-0.3463;4.1767,-0.4451,-1.5031;4.6092,-0.7528,-2.4523;2.9257,0.1729,-1.4711;2.3983,0.3378,-2.4077;-1.6885,-1.6099,1.3810;-3.4651,-1.5181,1.5498;-2.4359,-0.2239,2.2544;-2.7084,-0.5449,-1.9757;-3.6268,-1.7085,-0.9591;-1.8424,-1.7911,-1.0065;-3.9016,1.3489,0.9975;-4.0169,1.2130,-0.7929;-4.7807,-0.0308,0.2548;-1.6491,1.4014,-0.9498;-1.5350,1.5358,0.8209;2.6754,0.6643,1.8936;</g>
	</geometry>
	<conformers/>
	<properties/>
</molecule>
