<?xml version="1.0" ?>
<!--MOLLI PACKAGE EXPERIMENTAL XML FORMAT-->
<molecule name="react_120_c2_frag_0">
	<atoms>
		<a id="1" s="C" t="C.3" l="C"/>
		<a id="2" s="N" t="N.4" l="N"/>
		<a id="3" s="C" t="C.3" l="C"/>
		<a id="4" s="C" t="C.3" l="C"/>
		<a id="5" s="C" t="C.3" l="C"/>
		<a id="6" s="C" t="C.3" l="C"/>
		<a id="7" s="H" t="H" l="H"/>
		<a id="8" s="H" t="H" l="H"/>
		<a id="9" s="H" t="H" l="H"/>
		<a id="10" s="H" t="H" l="H"/>
		<a id="11" s="H" t="H" l="H"/>
		<a id="12" s="H" t="H" l="H"/>
		<a id="13" s="H" t="H" l="H"/>
		<a id="14" s="H" t="H" l="H"/>
		<a id="15" s="H" t="H" l="H"/>
		<a id="16" s="H" t="H" l="H"/>
		<a id="17" s="H" t="H" l="H"/>
		<a id="18" s="H" t="H" l="H"/>
		<a id="19" s="H" t="H" l="H"/>
		<a id="20" s="H" t="H" l="H"/>
	</atoms>
	<bonds>
		<b id="1" c="1 2" t="1"/>
		<b id="2" c="3 2" t="1"/>
		<b id="3" c="4 2" t="1"/>
		<b id="4" c="2 5" t="1"/>
		<b id="5" c="5 6" t="1"/>
		<b id="6" c="7 6" t="1"/>
		<b id="7" c="8 6" t="1"/>
		<b id="8" c="6 9" t="1"/>
		<b id="9" c="1 10" t="1"/>
		<b id="10" c="1 11" t="1"/>
		<b id="11" c="1 12" t="1"/>
		<b id="12" c="3 13" t="1"/>
		<b id="13" c="3 14" t="1"/>
		<b id="14" c="3 15" t="1"/>
		<b id="15" c="4 16" t="1"/>
		<b id="16" c="4 17" t="1"/>
		<b id="17" c="4 18" t="1"/>
		<b id="18" c="5 19" t="1"/>
		<b id="19" c="5 20" t="1"/>
	</bonds>
	<geometry>
		<g u="A" t="cart/3d">#20,3:-1.0904,-1.1667,0.0672;-0.3706,0.1600,-0.1457;-0.5401,1.0376,1.0892;-1.0245,0.8739,-1.3333;1.1138,-0.0521,-0.4873;1.9004,-0.7556,0.6066;2.9427,-0.8686,0.2890;1.9089,-0.1859,1.5396;1.5163,-1.7587,0.8105;-0.7087,-1.6365,0.9771;-0.9100,-1.8024,-0.8044;-2.1602,-0.9651,0.1786;-1.6046,1.2608,1.2106;-0.1769,0.4937,1.9647;0.0291,1.9595,0.9397;-0.9163,0.2408,-2.2190;-2.0829,1.0323,-1.1051;-0.5189,1.8328,-1.4809;1.5430,0.9373,-0.6834;1.1499,-0.6374,-1.4135;</g>
	</geometry>
	<conformers/>
	<properties/>
</molecule>
