<?xml version="1.0" ?>
<!--MOLLI PACKAGE EXPERIMENTAL XML FORMAT-->
<molecule name="react_120_c2_frag_1">
	<atoms>
		<a id="1" s="C" t="C.3" l="C"/>
		<a id="2" s="N" t="N.4" l="N"/>
		<a id="3" s="C" t="C.3" l="C"/>
		<a id="4" s="C" t="C.3" l="C"/>
		<a id="5" s="C" t="C.3" l="C"/>
		<a id="6" s="C" t="C.3" l="C"/>
		<a id="7" s="H" t="H" l="H"/>
		<a id="8" s="H" t="H" l="H"/>
		<a id="9" s="O" t="O.3" l="O"/>
		<a id="10" s="C" t="C.ar" l="C"/>
		<a id="11" s="C" t="C.ar" l="C"/>
		<a id="12" s="H" t="H" l="H"/>
		<a id="13" s="C" t="C.ar" l="C"/>
		<a id="14" s="H" t="H" l="H"/>
		<a id="15" s="C" t="C.ar" l="C"/>
		<a id="16" s="H" t="H" l="H"/>
		<a id="17" s="C" t="C.ar" l="C"/>
		<a id="18" s="H" t="H" l="H"/>
		<a id="19" s="C" t="C.ar" l="C"/>
		<a id="20" s="H" t="H" l="H"/>
		<a id="21" s="H" t="H" l="H"/>
		<a id="22" s="H" t="H" l="H"/>
		<a id="23" s="H" t="H" l="H"/>
		<a id="24" s="H" t="H" l="H"/>
		<a id="25" s="H" t="H" l="H"/>
		<a id="26" s="H" t="H" l="H"/>
		<a id="27" s="H" t="H" l="H"/>
		<a id="28" s="H" t="H" l="H"/>
		<a id="29" s="H" t="H" l="H"/>
		<a id="30" s="H" t="H" l="H"/>
		<a id="31" s="H" t="H" l="H"/>
	</atoms>
	<bonds>
		<b id="1" c="1 2" t="1"/>
		<b id="2" c="3 2" t="1"/>
		<b id="3" c="4 2" t="1"/>
		<b id="4" c="2 5" t="1"/>
		<b id="5" c="5 6" t="1"/>
		<b id="6" c="7 6" t="1"/>
		<b id="7" c="8 6" t="1"/>
		<b id="8" c="6 9" t="1"/>
		<b id="9" c="9 10" t="1"/>
		<b id="10" c="10 11" t="ar"/>
		<b id="11" c="12 11" t="1"/>
		<b id="12" c="11 13" t="ar"/>
		<b id="13" c="14 13" t="1"/>
		<b id="14" c="13 15" t="ar"/>
		<b id="15" c="16 15" t="1"/>
		<b id="16" c="15 17" t="ar"/>
		<b id="17" c="18 17" t="1"/>
		<b id="18" c="17 19" t="ar"/>
		<b id="19" c="19 20" t="1"/>
		<b id="20" c="19 10" t="ar"/>
		<b id="21" c="1 21" t="1"/>
		<b id="22" c="1 22" t="1"/>
		<b id="23" c="1 23" t="1"/>
		<b id="24" c="3 24" t="1"/>
		<b id="25" c="3 25" t="1"/>
		<b id="26" c="3 26" t="1"/>
		<b id="27" c="4 27" t="1"/>
		<b id="28" c="4 28" t="1"/>
		<b id="29" c="4 29" t="1"/>
		<b id="30" c="5 30" t="1"/>
		<b id="31" c="5 31" t="1"/>
	</bonds>
	<geometry>
		<g u="A" t="cart/3d">#31,3:-2.6829,1.1793,-0.9901;-2.6010,0.0048,-0.0234;-3.7757,-0.9368,-0.3108;-2.7279,0.5028,1.4107;-1.2987,-0.7995,-0.2256;-0.0019,-0.0165,0.0194;0.0357,0.3384,1.0544;0.0682,0.8260,-0.6763;1.0776,-0.9203,-0.2150;2.3461,-0.4347,-0.0544;3.3600,-1.3654,-0.2976;3.1087,-2.3825,-0.5889;4.7020,-1.0041,-0.1707;5.4837,-1.7354,-0.3621;5.0385,0.2944,0.2014;6.0837,0.5784,0.3010;4.0332,1.2280,0.4456;4.3008,2.2416,0.7361;2.6881,0.8663,0.3185;1.9439,1.6282,0.5191;-2.5383,0.8022,-2.0065;-1.9076,1.9047,-0.7312;-3.6696,1.6414,-0.8893;-4.7082,-0.3814,-0.1718;-3.7243,-1.7767,0.3884;-3.6917,-1.2888,-1.3433;-2.6151,-0.3508,2.0851;-3.7151,0.9592,1.5316;-1.9513,1.2491,1.5956;-1.3144,-1.1866,-1.2523;-1.3463,-1.6654,0.4469;</g>
	</geometry>
	<conformers/>
	<properties/>
</molecule>
