<?xml version="1.0" ?>
<!--MOLLI PACKAGE EXPERIMENTAL XML FORMAT-->
<molecule name="react_128_c2_frag_1">
	<atoms>
		<a id="1" s="C" t="C.3" l="C"/>
		<a id="2" s="N" t="N.4" l="N"/>
		<a id="3" s="C" t="C.3" l="C"/>
		<a id="4" s="C" t="C.3" l="C"/>
		<a id="5" s="C" t="C.3" l="C"/>
		<a id="6" s="C" t="C.3" l="C"/>
		<a id="7" s="H" t="H" l="H"/>
		<a id="8" s="H" t="H" l="H"/>
		<a id="9" s="O" t="O.3" l="O"/>
		<a id="10" s="C" t="C.ar" l="C"/>
		<a id="11" s="C" t="C.ar" l="C"/>
		<a id="12" s="H" t="H" l="H"/>
		<a id="13" s="C" t="C.ar" l="C"/>
		<a id="14" s="H" t="H" l="H"/>
		<a id="15" s="C" t="C.ar" l="C"/>
		<a id="16" s="H" t="H" l="H"/>
		<a id="17" s="C" t="C.ar" l="C"/>
		<a id="18" s="O" t="O.3" l="O"/>
		<a id="19" s="C" t="C.3" l="C"/>
		<a id="20" s="H" t="H" l="H"/>
		<a id="21" s="H" t="H" l="H"/>
		<a id="22" s="H" t="H" l="H"/>
		<a id="23" s="C" t="C.ar" l="C"/>
		<a id="24" s="H" t="H" l="H"/>
		<a id="25" s="H" t="H" l="H"/>
		<a id="26" s="H" t="H" l="H"/>
		<a id="27" s="H" t="H" l="H"/>
		<a id="28" s="H" t="H" l="H"/>
		<a id="29" s="H" t="H" l="H"/>
		<a id="30" s="H" t="H" l="H"/>
		<a id="31" s="H" t="H" l="H"/>
		<a id="32" s="H" t="H" l="H"/>
		<a id="33" s="H" t="H" l="H"/>
		<a id="34" s="H" t="H" l="H"/>
		<a id="35" s="H" t="H" l="H"/>
	</atoms>
	<bonds>
		<b id="1" c="1 2" t="1"/>
		<b id="2" c="3 2" t="1"/>
		<b id="3" c="4 2" t="1"/>
		<b id="4" c="2 5" t="1"/>
		<b id="5" c="5 6" t="1"/>
		<b id="6" c="7 6" t="1"/>
		<b id="7" c="8 6" t="1"/>
		<b id="8" c="6 9" t="1"/>
		<b id="9" c="9 10" t="1"/>
		<b id="10" c="10 11" t="ar"/>
		<b id="11" c="12 11" t="1"/>
		<b id="12" c="11 13" t="ar"/>
		<b id="13" c="14 13" t="1"/>
		<b id="14" c="13 15" t="ar"/>
		<b id="15" c="16 15" t="1"/>
		<b id="16" c="15 17" t="ar"/>
		<b id="17" c="18 19" t="1"/>
		<b id="18" c="20 19" t="1"/>
		<b id="19" c="21 19" t="1"/>
		<b id="20" c="19 22" t="1"/>
		<b id="21" c="18 17" t="1"/>
		<b id="22" c="17 23" t="ar"/>
		<b id="23" c="23 24" t="1"/>
		<b id="24" c="23 10" t="ar"/>
		<b id="25" c="1 25" t="1"/>
		<b id="26" c="1 26" t="1"/>
		<b id="27" c="1 27" t="1"/>
		<b id="28" c="3 28" t="1"/>
		<b id="29" c="3 29" t="1"/>
		<b id="30" c="3 30" t="1"/>
		<b id="31" c="4 31" t="1"/>
		<b id="32" c="4 32" t="1"/>
		<b id="33" c="4 33" t="1"/>
		<b id="34" c="5 34" t="1"/>
		<b id="35" c="5 35" t="1"/>
	</bonds>
	<geometry>
		<g u="A" t="cart/3d">#35,3:3.6390,-1.0331,0.1241;3.2277,0.4314,0.2105;4.2127,1.2566,-0.6252;3.3106,0.9091,1.6549;1.8171,0.6548,-0.3756;0.6860,-0.0984,0.3376;0.8560,-1.1784,0.2788;0.6192,0.2220,1.3824;-0.5264,0.2313,-0.3409;-1.6814,-0.3345,0.1294;-1.7815,-1.2065,1.2144;-0.9204,-1.5178,1.7942;-3.0279,-1.7115,1.5879;-3.1148,-2.3915,2.4322;-4.1712,-1.3459,0.8789;-5.1407,-1.7423,1.1740;-4.0836,-0.4750,-0.2075;-5.2770,-0.1991,-0.8136;-5.2514,0.6835,-1.9282;-6.2779,0.7954,-2.2903;-4.6525,0.2688,-2.7457;-4.8902,1.6755,-1.6372;-2.8355,0.0278,-0.5779;-2.7316,0.7070,-1.4175;3.0033,-1.6185,0.7931;4.6835,-1.1177,0.4390;3.5227,-1.3650,-0.9115;5.2191,1.1090,-0.2221;4.1621,0.9091,-1.6614;3.9252,2.3100,-0.5573;4.3525,0.8403,1.9822;2.6851,0.2639,2.2768;2.9630,1.9452,1.6975;1.6234,1.7347,-0.3485;1.8558,0.3599,-1.4319;</g>
	</geometry>
	<conformers/>
	<properties/>
</molecule>
