<?xml version="1.0" ?>
<!--MOLLI PACKAGE EXPERIMENTAL XML FORMAT-->
<molecule name="react_87_c2_frag_0">
	<atoms>
		<a id="1" s="C" t="C.3" l="C"/>
		<a id="2" s="N" t="N.4" l="N"/>
		<a id="3" s="C" t="C.3" l="C"/>
		<a id="4" s="C" t="C.3" l="C"/>
		<a id="5" s="C" t="C.3" l="C"/>
		<a id="6" s="C" t="C.3" l="C"/>
		<a id="7" s="H" t="H" l="H"/>
		<a id="8" s="H" t="H" l="H"/>
		<a id="9" s="O" t="O.3" l="O"/>
		<a id="10" s="Si" t="Si" l="SI"/>
		<a id="11" s="C" t="C.3" l="C"/>
		<a id="12" s="H" t="H" l="H"/>
		<a id="13" s="C" t="C.3" l="C"/>
		<a id="14" s="H" t="H" l="H"/>
		<a id="15" s="H" t="H" l="H"/>
		<a id="16" s="H" t="H" l="H"/>
		<a id="17" s="C" t="C.3" l="C"/>
		<a id="18" s="H" t="H" l="H"/>
		<a id="19" s="H" t="H" l="H"/>
		<a id="20" s="H" t="H" l="H"/>
		<a id="21" s="C" t="C.3" l="C"/>
		<a id="22" s="H" t="H" l="H"/>
		<a id="23" s="C" t="C.3" l="C"/>
		<a id="24" s="H" t="H" l="H"/>
		<a id="25" s="H" t="H" l="H"/>
		<a id="26" s="H" t="H" l="H"/>
		<a id="27" s="C" t="C.3" l="C"/>
		<a id="28" s="H" t="H" l="H"/>
		<a id="29" s="H" t="H" l="H"/>
		<a id="30" s="H" t="H" l="H"/>
		<a id="31" s="C" t="C.3" l="C"/>
		<a id="32" s="H" t="H" l="H"/>
		<a id="33" s="C" t="C.3" l="C"/>
		<a id="34" s="H" t="H" l="H"/>
		<a id="35" s="H" t="H" l="H"/>
		<a id="36" s="H" t="H" l="H"/>
		<a id="37" s="C" t="C.3" l="C"/>
		<a id="38" s="H" t="H" l="H"/>
		<a id="39" s="H" t="H" l="H"/>
		<a id="40" s="H" t="H" l="H"/>
		<a id="41" s="H" t="H" l="H"/>
		<a id="42" s="H" t="H" l="H"/>
		<a id="43" s="H" t="H" l="H"/>
		<a id="44" s="H" t="H" l="H"/>
		<a id="45" s="H" t="H" l="H"/>
		<a id="46" s="H" t="H" l="H"/>
		<a id="47" s="H" t="H" l="H"/>
		<a id="48" s="H" t="H" l="H"/>
		<a id="49" s="H" t="H" l="H"/>
		<a id="50" s="H" t="H" l="H"/>
		<a id="51" s="H" t="H" l="H"/>
	</atoms>
	<bonds>
		<b id="1" c="1 2" t="1"/>
		<b id="2" c="3 2" t="1"/>
		<b id="3" c="4 2" t="1"/>
		<b id="4" c="2 5" t="1"/>
		<b id="5" c="5 6" t="1"/>
		<b id="6" c="7 6" t="1"/>
		<b id="7" c="8 6" t="1"/>
		<b id="8" c="6 9" t="1"/>
		<b id="9" c="9 10" t="1"/>
		<b id="10" c="12 11" t="1"/>
		<b id="11" c="14 13" t="1"/>
		<b id="12" c="15 13" t="1"/>
		<b id="13" c="13 16" t="1"/>
		<b id="14" c="13 11" t="1"/>
		<b id="15" c="11 17" t="1"/>
		<b id="16" c="18 17" t="1"/>
		<b id="17" c="19 17" t="1"/>
		<b id="18" c="17 20" t="1"/>
		<b id="19" c="11 10" t="1"/>
		<b id="20" c="22 21" t="1"/>
		<b id="21" c="24 23" t="1"/>
		<b id="22" c="25 23" t="1"/>
		<b id="23" c="23 26" t="1"/>
		<b id="24" c="23 21" t="1"/>
		<b id="25" c="21 27" t="1"/>
		<b id="26" c="28 27" t="1"/>
		<b id="27" c="29 27" t="1"/>
		<b id="28" c="27 30" t="1"/>
		<b id="29" c="21 10" t="1"/>
		<b id="30" c="10 31" t="1"/>
		<b id="31" c="32 31" t="1"/>
		<b id="32" c="34 33" t="1"/>
		<b id="33" c="35 33" t="1"/>
		<b id="34" c="33 36" t="1"/>
		<b id="35" c="33 31" t="1"/>
		<b id="36" c="31 37" t="1"/>
		<b id="37" c="38 37" t="1"/>
		<b id="38" c="39 37" t="1"/>
		<b id="39" c="37 40" t="1"/>
		<b id="40" c="1 41" t="1"/>
		<b id="41" c="1 42" t="1"/>
		<b id="42" c="1 43" t="1"/>
		<b id="43" c="3 44" t="1"/>
		<b id="44" c="3 45" t="1"/>
		<b id="45" c="3 46" t="1"/>
		<b id="46" c="4 47" t="1"/>
		<b id="47" c="4 48" t="1"/>
		<b id="48" c="4 49" t="1"/>
		<b id="49" c="5 50" t="1"/>
		<b id="50" c="5 51" t="1"/>
	</bonds>
	<geometry>
		<g u="A" t="cart/3d">#51,3:4.2332,-0.9115,-0.7256;3.8487,0.3554,0.0270;4.9443,0.6553,1.0552;3.7655,1.5289,-0.9396;2.5266,0.1689,0.7984;1.3011,-0.1476,-0.0736;1.4581,-1.0841,-0.6165;1.1238,0.6631,-0.7877;0.1859,-0.3050,0.7969;-1.3905,-0.2801,0.2005;-2.6009,-0.6972,1.6929;-2.1362,-1.5740,2.1626;-2.6594,0.4107,2.7489;-3.1864,1.2943,2.3751;-1.6576,0.7190,3.0671;-3.1956,0.0622,3.6387;-4.0164,-1.1023,1.2704;-4.0050,-1.9758,0.6112;-4.5372,-0.2949,0.7484;-4.6157,-1.3701,2.1479;-1.6592,-1.6702,-1.1743;-2.7436,-1.7032,-1.3323;-1.0141,-1.3415,-2.5250;-1.3917,-0.3973,-2.9302;0.0748,-1.2660,-2.4553;-1.2447,-2.1225,-3.2582;-1.2020,-3.0515,-0.6889;-1.4325,-3.8181,-1.4368;-0.1224,-3.0773,-0.5046;-1.7065,-3.3371,0.2405;-1.7724,1.4607,-0.5958;-1.1866,1.4704,-1.5230;-3.2409,1.6608,-0.9777;-3.6171,0.8318,-1.5865;-3.8783,1.7505,-0.0922;-3.3616,2.5801,-1.5617;-1.2784,2.6416,0.2499;-1.4104,3.5830,-0.2951;-1.8250,2.7281,1.1933;-0.2134,2.5483,0.4883;3.5098,-1.0802,-1.5273;4.2334,-1.7474,-0.0203;5.2308,-0.7702,-1.1526;4.6738,1.5696,1.5918;5.8914,0.7909,0.5244;5.0119,-0.1910,1.7453;3.0573,1.2831,-1.7348;4.7586,1.6945,-1.3683;3.4355,2.4122,-0.3852;2.3510,1.0899,1.3688;2.6863,-0.6371,1.5258;</g>
	</geometry>
	<conformers/>
	<properties/>
</molecule>
