<?xml version="1.0" ?>
<!--MOLLI PACKAGE EXPERIMENTAL XML FORMAT-->
<molecule name="react_130_c2_frag_0">
	<atoms>
		<a id="1" s="C" t="C.3" l="C"/>
		<a id="2" s="N" t="N.4" l="N"/>
		<a id="3" s="C" t="C.3" l="C"/>
		<a id="4" s="C" t="C.3" l="C"/>
		<a id="5" s="C" t="C.3" l="C"/>
		<a id="6" s="C" t="C.3" l="C"/>
		<a id="7" s="H" t="H" l="H"/>
		<a id="8" s="H" t="H" l="H"/>
		<a id="9" s="H" t="H" l="H"/>
		<a id="10" s="H" t="H" l="H"/>
		<a id="11" s="H" t="H" l="H"/>
		<a id="12" s="H" t="H" l="H"/>
		<a id="13" s="H" t="H" l="H"/>
		<a id="14" s="H" t="H" l="H"/>
		<a id="15" s="H" t="H" l="H"/>
		<a id="16" s="H" t="H" l="H"/>
		<a id="17" s="H" t="H" l="H"/>
		<a id="18" s="H" t="H" l="H"/>
		<a id="19" s="H" t="H" l="H"/>
		<a id="20" s="H" t="H" l="H"/>
	</atoms>
	<bonds>
		<b id="1" c="1 2" t="1"/>
		<b id="2" c="3 2" t="1"/>
		<b id="3" c="4 2" t="1"/>
		<b id="4" c="2 5" t="1"/>
		<b id="5" c="5 6" t="1"/>
		<b id="6" c="7 6" t="1"/>
		<b id="7" c="8 6" t="1"/>
		<b id="8" c="6 9" t="1"/>
		<b id="9" c="1 10" t="1"/>
		<b id="10" c="1 11" t="1"/>
		<b id="11" c="1 12" t="1"/>
		<b id="12" c="3 13" t="1"/>
		<b id="13" c="3 14" t="1"/>
		<b id="14" c="3 15" t="1"/>
		<b id="15" c="4 16" t="1"/>
		<b id="16" c="4 17" t="1"/>
		<b id="17" c="4 18" t="1"/>
		<b id="18" c="5 19" t="1"/>
		<b id="19" c="5 20" t="1"/>
	</bonds>
	<geometry>
		<g u="A" t="cart/3d">#20,3:-1.0745,-0.7614,-0.9058;-0.3891,0.1400,0.1147;-1.3347,0.3179,1.3072;-0.1374,1.5113,-0.5018;0.9121,-0.4898,0.6396;1.9563,-0.7286,-0.4388;2.8483,-1.1766,0.0124;2.2721,0.2010,-0.9199;1.6035,-1.4206,-1.2082;-0.4601,-0.8084,-1.8083;-1.1950,-1.7549,-0.4646;-2.0504,-0.3293,-1.1476;-0.8513,0.9751,2.0362;-1.5280,-0.6662,1.7444;-2.2666,0.7658,0.9493;0.4041,2.1236,0.2249;-1.1042,1.9655,-0.7397;0.4455,1.3879,-1.4178;1.3095,0.1855,1.4062;0.6400,-1.4380,1.1175;</g>
	</geometry>
	<conformers/>
	<properties/>
</molecule>
