<?xml version="1.0" ?>
<!--MOLLI PACKAGE EXPERIMENTAL XML FORMAT-->
<molecule name="react_130_c2_frag_1">
	<atoms>
		<a id="1" s="C" t="C.3" l="C"/>
		<a id="2" s="N" t="N.4" l="N"/>
		<a id="3" s="C" t="C.3" l="C"/>
		<a id="4" s="C" t="C.3" l="C"/>
		<a id="5" s="C" t="C.3" l="C"/>
		<a id="6" s="C" t="C.3" l="C"/>
		<a id="7" s="H" t="H" l="H"/>
		<a id="8" s="H" t="H" l="H"/>
		<a id="9" s="C" t="C.3" l="C"/>
		<a id="10" s="H" t="H" l="H"/>
		<a id="11" s="H" t="H" l="H"/>
		<a id="12" s="O" t="O.3" l="O"/>
		<a id="13" s="C" t="C.ar" l="C"/>
		<a id="14" s="C" t="C.ar" l="C"/>
		<a id="15" s="H" t="H" l="H"/>
		<a id="16" s="C" t="C.ar" l="C"/>
		<a id="17" s="H" t="H" l="H"/>
		<a id="18" s="C" t="C.ar" l="C"/>
		<a id="19" s="H" t="H" l="H"/>
		<a id="20" s="C" t="C.ar" l="C"/>
		<a id="21" s="H" t="H" l="H"/>
		<a id="22" s="C" t="C.ar" l="C"/>
		<a id="23" s="H" t="H" l="H"/>
		<a id="24" s="H" t="H" l="H"/>
		<a id="25" s="H" t="H" l="H"/>
		<a id="26" s="H" t="H" l="H"/>
		<a id="27" s="H" t="H" l="H"/>
		<a id="28" s="H" t="H" l="H"/>
		<a id="29" s="H" t="H" l="H"/>
		<a id="30" s="H" t="H" l="H"/>
		<a id="31" s="H" t="H" l="H"/>
		<a id="32" s="H" t="H" l="H"/>
		<a id="33" s="H" t="H" l="H"/>
		<a id="34" s="H" t="H" l="H"/>
	</atoms>
	<bonds>
		<b id="1" c="1 2" t="1"/>
		<b id="2" c="3 2" t="1"/>
		<b id="3" c="4 2" t="1"/>
		<b id="4" c="2 5" t="1"/>
		<b id="5" c="5 6" t="1"/>
		<b id="6" c="7 6" t="1"/>
		<b id="7" c="8 6" t="1"/>
		<b id="8" c="6 9" t="1"/>
		<b id="9" c="10 9" t="1"/>
		<b id="10" c="11 9" t="1"/>
		<b id="11" c="9 12" t="1"/>
		<b id="12" c="12 13" t="1"/>
		<b id="13" c="13 14" t="ar"/>
		<b id="14" c="15 14" t="1"/>
		<b id="15" c="14 16" t="ar"/>
		<b id="16" c="17 16" t="1"/>
		<b id="17" c="16 18" t="ar"/>
		<b id="18" c="19 18" t="1"/>
		<b id="19" c="18 20" t="ar"/>
		<b id="20" c="21 20" t="1"/>
		<b id="21" c="20 22" t="ar"/>
		<b id="22" c="22 23" t="1"/>
		<b id="23" c="22 13" t="ar"/>
		<b id="24" c="1 24" t="1"/>
		<b id="25" c="1 25" t="1"/>
		<b id="26" c="1 26" t="1"/>
		<b id="27" c="3 27" t="1"/>
		<b id="28" c="3 28" t="1"/>
		<b id="29" c="3 29" t="1"/>
		<b id="30" c="4 30" t="1"/>
		<b id="31" c="4 31" t="1"/>
		<b id="32" c="4 32" t="1"/>
		<b id="33" c="5 33" t="1"/>
		<b id="34" c="5 34" t="1"/>
	</bonds>
	<geometry>
		<g u="A" t="cart/3d">#34,3:-3.9814,-0.8194,-0.7406;-2.7683,-0.2185,-0.0214;-2.3501,-1.1778,1.0886;-3.1925,1.1132,0.5918;-1.6480,-0.0304,-1.0644;-0.3650,0.5542,-0.4871;-0.5463,1.5285,-0.0205;0.0396,-0.0900,0.2994;0.6886,0.7349,-1.5813;0.2881,1.4062,-2.3504;0.9337,-0.1982,-2.0996;1.8377,1.3848,-1.0477;2.7851,0.6429,-0.4003;3.7806,1.4000,0.2243;3.7562,2.4856,0.1601;4.8132,0.7793,0.9287;5.5833,1.3798,1.4068;4.8596,-0.6093,1.0095;5.6674,-1.0959,1.5511;3.8758,-1.3723,0.3836;3.9237,-2.4575,0.4367;2.8401,-0.7491,-0.3213;2.1103,-1.3877,-0.8028;-4.7861,-0.9567,-0.0121;-4.2935,-0.1267,-1.5278;-3.6862,-1.7819,-1.1688;-1.5653,-0.7091,1.6873;-1.9900,-2.1023,0.6284;-3.2223,-1.3780,1.7186;-4.0736,0.9398,1.2172;-3.4297,1.8073,-0.2195;-2.3759,1.4979,1.2075;-2.0529,0.6235,-1.8460;-1.4561,-1.0173,-1.5025;</g>
	</geometry>
	<conformers/>
	<properties/>
</molecule>
