<?xml version="1.0" ?>
<!--MOLLI PACKAGE EXPERIMENTAL XML FORMAT-->
<molecule name="react_88_c1_frag_1">
	<atoms>
		<a id="1" s="C" t="C.3" l="C"/>
		<a id="2" s="N" t="N.4" l="N"/>
		<a id="3" s="C" t="C.3" l="C"/>
		<a id="4" s="C" t="C.3" l="C"/>
		<a id="5" s="C" t="C.3" l="C"/>
		<a id="6" s="C" t="C.3" l="C"/>
		<a id="7" s="H" t="H" l="H"/>
		<a id="8" s="H" t="H" l="H"/>
		<a id="9" s="C" t="C.3" l="C"/>
		<a id="10" s="H" t="H" l="H"/>
		<a id="11" s="H" t="H" l="H"/>
		<a id="12" s="C" t="C.3" l="C"/>
		<a id="13" s="O" t="O.3" l="O"/>
		<a id="14" s="C" t="C.3" l="C"/>
		<a id="15" s="H" t="H" l="H"/>
		<a id="16" s="H" t="H" l="H"/>
		<a id="17" s="H" t="H" l="H"/>
		<a id="18" s="O" t="O.3" l="O"/>
		<a id="19" s="C" t="C.3" l="C"/>
		<a id="20" s="H" t="H" l="H"/>
		<a id="21" s="H" t="H" l="H"/>
		<a id="22" s="H" t="H" l="H"/>
		<a id="23" s="C" t="C.3" l="C"/>
		<a id="24" s="H" t="H" l="H"/>
		<a id="25" s="H" t="H" l="H"/>
		<a id="26" s="H" t="H" l="H"/>
		<a id="27" s="H" t="H" l="H"/>
		<a id="28" s="H" t="H" l="H"/>
		<a id="29" s="H" t="H" l="H"/>
		<a id="30" s="H" t="H" l="H"/>
		<a id="31" s="H" t="H" l="H"/>
		<a id="32" s="H" t="H" l="H"/>
		<a id="33" s="H" t="H" l="H"/>
		<a id="34" s="H" t="H" l="H"/>
		<a id="35" s="H" t="H" l="H"/>
		<a id="36" s="H" t="H" l="H"/>
		<a id="37" s="H" t="H" l="H"/>
	</atoms>
	<bonds>
		<b id="1" c="1 2" t="1"/>
		<b id="2" c="3 2" t="1"/>
		<b id="3" c="4 2" t="1"/>
		<b id="4" c="2 5" t="1"/>
		<b id="5" c="5 6" t="1"/>
		<b id="6" c="7 6" t="1"/>
		<b id="7" c="8 6" t="1"/>
		<b id="8" c="6 9" t="1"/>
		<b id="9" c="10 9" t="1"/>
		<b id="10" c="11 9" t="1"/>
		<b id="11" c="9 12" t="1"/>
		<b id="12" c="13 14" t="1"/>
		<b id="13" c="15 14" t="1"/>
		<b id="14" c="16 14" t="1"/>
		<b id="15" c="14 17" t="1"/>
		<b id="16" c="13 12" t="1"/>
		<b id="17" c="18 19" t="1"/>
		<b id="18" c="20 19" t="1"/>
		<b id="19" c="21 19" t="1"/>
		<b id="20" c="19 22" t="1"/>
		<b id="21" c="18 12" t="1"/>
		<b id="22" c="12 23" t="1"/>
		<b id="23" c="24 23" t="1"/>
		<b id="24" c="23 25" t="1"/>
		<b id="25" c="1 26" t="1"/>
		<b id="26" c="1 27" t="1"/>
		<b id="27" c="1 28" t="1"/>
		<b id="28" c="3 29" t="1"/>
		<b id="29" c="3 30" t="1"/>
		<b id="30" c="3 31" t="1"/>
		<b id="31" c="4 32" t="1"/>
		<b id="32" c="4 33" t="1"/>
		<b id="33" c="4 34" t="1"/>
		<b id="34" c="5 35" t="1"/>
		<b id="35" c="5 36" t="1"/>
		<b id="36" c="23 37" t="1"/>
	</bonds>
	<geometry>
		<g u="A" t="cart/3d">#37,3:-3.0123,-0.4423,1.5329;-2.4050,0.5916,0.5771;-2.2535,1.9064,1.3294;-3.3647,0.7720,-0.5928;-1.0384,0.0404,0.1122;-0.2583,1.0119,-0.7777;-0.9010,1.4042,-1.5720;0.0748,1.8774,-0.1955;0.9552,0.3668,-1.4708;0.5606,-0.4119,-2.1366;1.4200,1.1140,-2.1276;2.0445,-0.2512,-0.5575;1.4384,-1.3526,0.1319;2.3122,-2.0581,1.0099;1.7881,-2.9550,1.3520;2.5469,-1.4534,1.8898;3.2298,-2.3707,0.5046;3.1813,-0.6499,-1.3280;2.9379,-1.5976,-2.3577;2.4324,-1.1251,-3.2043;2.3566,-2.4497,-1.9947;3.9046,-1.9671,-2.7114;2.5546,0.8051,0.4340;1.8106,1.0426,1.2007;2.8436,1.7246,-0.0871;-2.3378,-0.5640,2.3857;-3.9870,-0.0752,1.8688;-3.1256,-1.3869,0.9925;-1.5241,1.7643,2.1320;-3.2286,2.1824,1.7424;-1.9175,2.6775,0.6314;-3.4063,-0.1647,-1.1558;-4.3526,1.0214,-0.1930;-3.0108,1.5901,-1.2241;-0.4799,-0.1738,1.0291;-1.2438,-0.8989,-0.4142;3.4550,0.4555,0.9525;</g>
	</geometry>
	<conformers/>
	<properties/>
</molecule>
