<?xml version="1.0" ?>
<!--MOLLI PACKAGE EXPERIMENTAL XML FORMAT-->
<molecule name="react_101_c2_frag_1">
	<atoms>
		<a id="1" s="C" t="C.3" l="C"/>
		<a id="2" s="N" t="N.4" l="N"/>
		<a id="3" s="C" t="C.3" l="C"/>
		<a id="4" s="C" t="C.3" l="C"/>
		<a id="5" s="C" t="C.3" l="C"/>
		<a id="6" s="C" t="C.3" l="C"/>
		<a id="7" s="H" t="H" l="H"/>
		<a id="8" s="H" t="H" l="H"/>
		<a id="9" s="O" t="O.3" l="O"/>
		<a id="10" s="Si" t="Si" l="SI"/>
		<a id="11" s="C" t="C.3" l="C"/>
		<a id="12" s="H" t="H" l="H"/>
		<a id="13" s="H" t="H" l="H"/>
		<a id="14" s="H" t="H" l="H"/>
		<a id="15" s="C" t="C.3" l="C"/>
		<a id="16" s="H" t="H" l="H"/>
		<a id="17" s="H" t="H" l="H"/>
		<a id="18" s="H" t="H" l="H"/>
		<a id="19" s="C" t="C.3" l="C"/>
		<a id="20" s="C" t="C.3" l="C"/>
		<a id="21" s="H" t="H" l="H"/>
		<a id="22" s="H" t="H" l="H"/>
		<a id="23" s="H" t="H" l="H"/>
		<a id="24" s="C" t="C.3" l="C"/>
		<a id="25" s="H" t="H" l="H"/>
		<a id="26" s="H" t="H" l="H"/>
		<a id="27" s="H" t="H" l="H"/>
		<a id="28" s="C" t="C.3" l="C"/>
		<a id="29" s="H" t="H" l="H"/>
		<a id="30" s="H" t="H" l="H"/>
		<a id="31" s="H" t="H" l="H"/>
		<a id="32" s="H" t="H" l="H"/>
		<a id="33" s="H" t="H" l="H"/>
		<a id="34" s="H" t="H" l="H"/>
		<a id="35" s="H" t="H" l="H"/>
		<a id="36" s="H" t="H" l="H"/>
		<a id="37" s="H" t="H" l="H"/>
		<a id="38" s="H" t="H" l="H"/>
		<a id="39" s="H" t="H" l="H"/>
		<a id="40" s="H" t="H" l="H"/>
		<a id="41" s="H" t="H" l="H"/>
		<a id="42" s="H" t="H" l="H"/>
	</atoms>
	<bonds>
		<b id="1" c="1 2" t="1"/>
		<b id="2" c="3 2" t="1"/>
		<b id="3" c="4 2" t="1"/>
		<b id="4" c="2 5" t="1"/>
		<b id="5" c="5 6" t="1"/>
		<b id="6" c="7 6" t="1"/>
		<b id="7" c="8 6" t="1"/>
		<b id="8" c="6 9" t="1"/>
		<b id="9" c="9 10" t="1"/>
		<b id="10" c="12 11" t="1"/>
		<b id="11" c="13 11" t="1"/>
		<b id="12" c="11 14" t="1"/>
		<b id="13" c="11 10" t="1"/>
		<b id="14" c="16 15" t="1"/>
		<b id="15" c="17 15" t="1"/>
		<b id="16" c="15 18" t="1"/>
		<b id="17" c="15 10" t="1"/>
		<b id="18" c="10 19" t="1"/>
		<b id="19" c="21 20" t="1"/>
		<b id="20" c="22 20" t="1"/>
		<b id="21" c="20 23" t="1"/>
		<b id="22" c="20 19" t="1"/>
		<b id="23" c="25 24" t="1"/>
		<b id="24" c="26 24" t="1"/>
		<b id="25" c="24 27" t="1"/>
		<b id="26" c="24 19" t="1"/>
		<b id="27" c="19 28" t="1"/>
		<b id="28" c="29 28" t="1"/>
		<b id="29" c="30 28" t="1"/>
		<b id="30" c="28 31" t="1"/>
		<b id="31" c="1 32" t="1"/>
		<b id="32" c="1 33" t="1"/>
		<b id="33" c="1 34" t="1"/>
		<b id="34" c="3 35" t="1"/>
		<b id="35" c="3 36" t="1"/>
		<b id="36" c="3 37" t="1"/>
		<b id="37" c="4 38" t="1"/>
		<b id="38" c="4 39" t="1"/>
		<b id="39" c="4 40" t="1"/>
		<b id="40" c="5 41" t="1"/>
		<b id="41" c="5 42" t="1"/>
	</bonds>
	<geometry>
		<g u="A" t="cart/3d">#42,3:2.2236,0.7149,-1.1975;3.0896,0.4731,0.0366;3.2716,1.7804,0.7906;4.4604,-0.0165,-0.4320;2.4844,-0.6288,0.9469;1.0653,-0.3420,1.4735;1.0183,0.6312,1.9732;0.8254,-1.1174,2.2123;0.1294,-0.3981,0.3991;-1.5201,-0.3302,0.7372;-2.0955,-1.8226,1.7093;-1.6155,-1.8517,2.6920;-1.8478,-2.7497,1.1843;-3.1778,-1.7954,1.8647;-1.9776,1.2543,1.6255;-1.4984,1.2965,2.6081;-1.6547,2.1290,1.0537;-3.0591,1.3213,1.7746;-2.5186,-0.3396,-1.0787;-4.0387,-0.2926,-0.8301;-4.5866,-0.2958,-1.7794;-4.3802,-1.1572,-0.2505;-4.3309,0.6114,-0.2846;-2.0784,0.8933,-1.8945;-0.9978,0.8909,-2.0760;-2.3281,1.8279,-1.3802;-2.5772,0.9111,-2.8703;-2.1465,-1.6286,-1.8404;-1.0665,-1.6950,-2.0151;-2.6426,-1.6590,-2.8172;-2.4506,-2.5250,-1.2886;2.7944,1.3302,-1.9004;1.3244,1.2594,-0.9019;1.9827,-0.2507,-1.6508;3.7974,2.4852,0.1391;2.2896,2.1825,1.0514;3.8595,1.5820,1.6913;4.3223,-0.9413,-1.0000;4.9102,0.7553,-1.0640;5.0830,-0.1953,0.4497;3.1764,-0.7483,1.7882;2.4813,-1.5490,0.3506;</g>
	</geometry>
	<conformers/>
	<properties/>
</molecule>
