<?xml version="1.0" ?>
<!--MOLLI PACKAGE EXPERIMENTAL XML FORMAT-->
<molecule name="react_106_c2_frag_0">
	<atoms>
		<a id="1" s="C" t="C.3" l="C"/>
		<a id="2" s="N" t="N.4" l="N"/>
		<a id="3" s="C" t="C.3" l="C"/>
		<a id="4" s="C" t="C.3" l="C"/>
		<a id="5" s="C" t="C.3" l="C"/>
		<a id="6" s="C" t="C.3" l="C"/>
		<a id="7" s="H" t="H" l="H"/>
		<a id="8" s="H" t="H" l="H"/>
		<a id="9" s="H" t="H" l="H"/>
		<a id="10" s="H" t="H" l="H"/>
		<a id="11" s="H" t="H" l="H"/>
		<a id="12" s="H" t="H" l="H"/>
		<a id="13" s="H" t="H" l="H"/>
		<a id="14" s="H" t="H" l="H"/>
		<a id="15" s="H" t="H" l="H"/>
		<a id="16" s="H" t="H" l="H"/>
		<a id="17" s="H" t="H" l="H"/>
		<a id="18" s="H" t="H" l="H"/>
		<a id="19" s="H" t="H" l="H"/>
		<a id="20" s="H" t="H" l="H"/>
	</atoms>
	<bonds>
		<b id="1" c="1 2" t="1"/>
		<b id="2" c="3 2" t="1"/>
		<b id="3" c="4 2" t="1"/>
		<b id="4" c="2 5" t="1"/>
		<b id="5" c="5 6" t="1"/>
		<b id="6" c="7 6" t="1"/>
		<b id="7" c="8 6" t="1"/>
		<b id="8" c="6 9" t="1"/>
		<b id="9" c="1 10" t="1"/>
		<b id="10" c="1 11" t="1"/>
		<b id="11" c="1 12" t="1"/>
		<b id="12" c="3 13" t="1"/>
		<b id="13" c="3 14" t="1"/>
		<b id="14" c="3 15" t="1"/>
		<b id="15" c="4 16" t="1"/>
		<b id="16" c="4 17" t="1"/>
		<b id="17" c="4 18" t="1"/>
		<b id="18" c="5 19" t="1"/>
		<b id="19" c="5 20" t="1"/>
	</bonds>
	<geometry>
		<g u="A" t="cart/3d">#20,3:-0.5038,0.1117,1.5127;-0.3883,0.1825,-0.0056;-1.1681,1.4102,-0.4880;-1.0225,-1.0576,-0.6250;1.0734,0.3517,-0.4528;1.9773,-0.7994,-0.0425;2.9957,-0.6049,-0.3959;2.0307,-0.9147,1.0434;1.6606,-1.7490,-0.4819;0.0054,0.9804,1.9397;-1.5653,0.1215,1.7790;-0.0465,-0.8176,1.8613;-0.7238,2.3014,-0.0349;-1.0984,1.4569,-1.5788;-2.2118,1.3045,-0.1769;-0.8796,-1.0152,-1.7086;-0.5477,-1.9476,-0.2046;-2.0890,-1.0592,-0.3796;1.0657,0.4544,-1.5441;1.4362,1.2898,-0.0169;</g>
	</geometry>
	<conformers/>
	<properties/>
</molecule>
