<?xml version="1.0" ?>
<!--MOLLI PACKAGE EXPERIMENTAL XML FORMAT-->
<molecule name="react_133_c2_frag_0">
	<atoms>
		<a id="1" s="C" t="C.3" l="C"/>
		<a id="2" s="N" t="N.4" l="N"/>
		<a id="3" s="C" t="C.3" l="C"/>
		<a id="4" s="C" t="C.3" l="C"/>
		<a id="5" s="C" t="C.3" l="C"/>
		<a id="6" s="C" t="C.3" l="C"/>
		<a id="7" s="H" t="H" l="H"/>
		<a id="8" s="H" t="H" l="H"/>
		<a id="9" s="O" t="O.3" l="O"/>
		<a id="10" s="Si" t="Si" l="SI"/>
		<a id="11" s="C" t="C.3" l="C"/>
		<a id="12" s="H" t="H" l="H"/>
		<a id="13" s="H" t="H" l="H"/>
		<a id="14" s="H" t="H" l="H"/>
		<a id="15" s="C" t="C.3" l="C"/>
		<a id="16" s="H" t="H" l="H"/>
		<a id="17" s="H" t="H" l="H"/>
		<a id="18" s="H" t="H" l="H"/>
		<a id="19" s="C" t="C.3" l="C"/>
		<a id="20" s="C" t="C.3" l="C"/>
		<a id="21" s="H" t="H" l="H"/>
		<a id="22" s="H" t="H" l="H"/>
		<a id="23" s="H" t="H" l="H"/>
		<a id="24" s="C" t="C.3" l="C"/>
		<a id="25" s="H" t="H" l="H"/>
		<a id="26" s="H" t="H" l="H"/>
		<a id="27" s="H" t="H" l="H"/>
		<a id="28" s="C" t="C.3" l="C"/>
		<a id="29" s="H" t="H" l="H"/>
		<a id="30" s="H" t="H" l="H"/>
		<a id="31" s="H" t="H" l="H"/>
		<a id="32" s="H" t="H" l="H"/>
		<a id="33" s="H" t="H" l="H"/>
		<a id="34" s="H" t="H" l="H"/>
		<a id="35" s="H" t="H" l="H"/>
		<a id="36" s="H" t="H" l="H"/>
		<a id="37" s="H" t="H" l="H"/>
		<a id="38" s="H" t="H" l="H"/>
		<a id="39" s="H" t="H" l="H"/>
		<a id="40" s="H" t="H" l="H"/>
		<a id="41" s="H" t="H" l="H"/>
		<a id="42" s="H" t="H" l="H"/>
	</atoms>
	<bonds>
		<b id="1" c="1 2" t="1"/>
		<b id="2" c="3 2" t="1"/>
		<b id="3" c="4 2" t="1"/>
		<b id="4" c="2 5" t="1"/>
		<b id="5" c="5 6" t="1"/>
		<b id="6" c="7 6" t="1"/>
		<b id="7" c="8 6" t="1"/>
		<b id="8" c="6 9" t="1"/>
		<b id="9" c="9 10" t="1"/>
		<b id="10" c="12 11" t="1"/>
		<b id="11" c="13 11" t="1"/>
		<b id="12" c="11 14" t="1"/>
		<b id="13" c="11 10" t="1"/>
		<b id="14" c="16 15" t="1"/>
		<b id="15" c="17 15" t="1"/>
		<b id="16" c="15 18" t="1"/>
		<b id="17" c="15 10" t="1"/>
		<b id="18" c="10 19" t="1"/>
		<b id="19" c="21 20" t="1"/>
		<b id="20" c="22 20" t="1"/>
		<b id="21" c="20 23" t="1"/>
		<b id="22" c="20 19" t="1"/>
		<b id="23" c="25 24" t="1"/>
		<b id="24" c="26 24" t="1"/>
		<b id="25" c="24 27" t="1"/>
		<b id="26" c="24 19" t="1"/>
		<b id="27" c="19 28" t="1"/>
		<b id="28" c="29 28" t="1"/>
		<b id="29" c="30 28" t="1"/>
		<b id="30" c="28 31" t="1"/>
		<b id="31" c="1 32" t="1"/>
		<b id="32" c="1 33" t="1"/>
		<b id="33" c="1 34" t="1"/>
		<b id="34" c="3 35" t="1"/>
		<b id="35" c="3 36" t="1"/>
		<b id="36" c="3 37" t="1"/>
		<b id="37" c="4 38" t="1"/>
		<b id="38" c="4 39" t="1"/>
		<b id="39" c="4 40" t="1"/>
		<b id="40" c="5 41" t="1"/>
		<b id="41" c="5 42" t="1"/>
	</bonds>
	<geometry>
		<g u="A" t="cart/3d">#42,3:4.5930,0.8316,0.7884;3.5974,-0.0890,0.0747;3.7976,-1.5055,0.5962;3.8870,-0.0394,-1.4194;2.1794,0.4290,0.3885;1.0336,-0.3748,-0.2472;1.0539,-1.4114,0.1061;1.1179,-0.3597,-1.3391;-0.1899,0.2412,0.1469;-1.6540,-0.3972,-0.3825;-1.9111,-2.1472,0.2364;-2.8920,-2.5276,-0.0624;-1.1501,-2.8168,-0.1755;-1.8442,-2.1886,1.3273;-1.8008,-0.3387,-2.2498;-2.7805,-0.6988,-2.5766;-1.0374,-0.9689,-2.7157;-1.6692,0.6823,-2.6193;-3.1671,0.7750,0.4031;-4.5337,0.2291,-0.0547;-4.6913,-0.8008,0.2840;-5.3497,0.8375,0.3518;-4.6278,0.2395,-1.1461;-2.9832,2.2230,-0.0967;-3.0504,2.2843,-1.1886;-2.0104,2.6309,0.2008;-3.7579,2.8781,0.3181;-3.0737,0.7395,1.9426;-3.2066,-0.2763,2.3313;-3.8499,1.3686,2.3932;-2.1033,1.1070,2.2955;4.3923,0.7909,1.8631;4.4568,1.8486,0.4090;5.6066,0.4782,0.5763;3.1614,-2.1861,0.0249;3.5330,-1.5251,1.6572;4.8481,-1.7792,0.4581;3.2481,-0.7656,-1.9280;3.6855,0.9740,-1.7783;4.9384,-0.2993,-1.5763;2.1339,1.4730,0.0534;2.0705,0.4348,1.4805;</g>
	</geometry>
	<conformers/>
	<properties/>
</molecule>
