<?xml version="1.0" ?>
<!--MOLLI PACKAGE EXPERIMENTAL XML FORMAT-->
<molecule name="react_182_c2_frag_0">
	<atoms>
		<a id="1" s="C" t="C.3" l="C"/>
		<a id="2" s="N" t="N.4" l="N"/>
		<a id="3" s="C" t="C.3" l="C"/>
		<a id="4" s="C" t="C.3" l="C"/>
		<a id="5" s="C" t="C.3" l="C"/>
		<a id="6" s="C" t="C.3" l="C"/>
		<a id="7" s="Cl" t="Cl" l="CL"/>
		<a id="8" s="Cl" t="Cl" l="CL"/>
		<a id="9" s="Cl" t="Cl" l="CL"/>
		<a id="10" s="H" t="H" l="H"/>
		<a id="11" s="H" t="H" l="H"/>
		<a id="12" s="H" t="H" l="H"/>
		<a id="13" s="H" t="H" l="H"/>
		<a id="14" s="H" t="H" l="H"/>
		<a id="15" s="H" t="H" l="H"/>
		<a id="16" s="H" t="H" l="H"/>
		<a id="17" s="H" t="H" l="H"/>
		<a id="18" s="H" t="H" l="H"/>
		<a id="19" s="H" t="H" l="H"/>
		<a id="20" s="H" t="H" l="H"/>
	</atoms>
	<bonds>
		<b id="1" c="1 2" t="1"/>
		<b id="2" c="3 2" t="1"/>
		<b id="3" c="4 2" t="1"/>
		<b id="4" c="2 5" t="1"/>
		<b id="5" c="5 6" t="1"/>
		<b id="6" c="7 6" t="1"/>
		<b id="7" c="8 6" t="1"/>
		<b id="8" c="6 9" t="1"/>
		<b id="9" c="1 10" t="1"/>
		<b id="10" c="1 11" t="1"/>
		<b id="11" c="1 12" t="1"/>
		<b id="12" c="3 13" t="1"/>
		<b id="13" c="3 14" t="1"/>
		<b id="14" c="3 15" t="1"/>
		<b id="15" c="4 16" t="1"/>
		<b id="16" c="4 17" t="1"/>
		<b id="17" c="4 18" t="1"/>
		<b id="18" c="5 19" t="1"/>
		<b id="19" c="5 20" t="1"/>
	</bonds>
	<geometry>
		<g u="A" t="cart/3d">#20,3:-0.8211,1.4346,0.1492;-0.4523,-0.0460,0.1751;-0.0695,-0.4429,1.5981;-1.7154,-0.8437,-0.2034;0.6539,-0.4253,-0.8903;2.1001,0.1833,-0.8523;2.9804,-0.2480,0.6368;2.0985,1.9535,-1.0631;3.0141,-0.5195,-2.2367;-0.0179,2.0081,0.6147;-1.7373,1.5717,0.7325;-0.9853,1.7332,-0.8895;-0.9612,-0.3672,2.2286;0.2981,-1.4723,1.5842;0.6847,0.2529,1.9693;-2.0162,-0.5505,-1.2134;-2.5071,-0.6072,0.5138;-1.4722,-1.9096,-0.1646;0.7299,-1.5194,-0.8298;0.1957,-0.1856,-1.8593;</g>
	</geometry>
	<conformers/>
	<properties/>
</molecule>
