<?xml version="1.0" ?>
<!--MOLLI PACKAGE EXPERIMENTAL XML FORMAT-->
<molecule name="react_187_c2_frag_0">
	<atoms>
		<a id="1" s="C" t="C.3" l="C"/>
		<a id="2" s="N" t="N.4" l="N"/>
		<a id="3" s="C" t="C.3" l="C"/>
		<a id="4" s="C" t="C.3" l="C"/>
		<a id="5" s="C" t="C.3" l="C"/>
		<a id="6" s="C" t="C.3" l="C"/>
		<a id="7" s="H" t="H" l="H"/>
		<a id="8" s="H" t="H" l="H"/>
		<a id="9" s="C" t="C.3" l="C"/>
		<a id="10" s="H" t="H" l="H"/>
		<a id="11" s="H" t="H" l="H"/>
		<a id="12" s="C" t="C.3" l="C"/>
		<a id="13" s="H" t="H" l="H"/>
		<a id="14" s="H" t="H" l="H"/>
		<a id="15" s="C" t="C.3" l="C"/>
		<a id="16" s="H" t="H" l="H"/>
		<a id="17" s="H" t="H" l="H"/>
		<a id="18" s="N" t="N.2" l="N"/>
		<a id="19" s="N" t="N.2" l="N"/>
		<a id="20" s="N" t="N.2" l="N"/>
		<a id="21" s="H" t="H" l="H"/>
		<a id="22" s="H" t="H" l="H"/>
		<a id="23" s="H" t="H" l="H"/>
		<a id="24" s="H" t="H" l="H"/>
		<a id="25" s="H" t="H" l="H"/>
		<a id="26" s="H" t="H" l="H"/>
		<a id="27" s="H" t="H" l="H"/>
		<a id="28" s="H" t="H" l="H"/>
		<a id="29" s="H" t="H" l="H"/>
		<a id="30" s="H" t="H" l="H"/>
		<a id="31" s="H" t="H" l="H"/>
	</atoms>
	<bonds>
		<b id="1" c="1 2" t="1"/>
		<b id="2" c="3 2" t="1"/>
		<b id="3" c="4 2" t="1"/>
		<b id="4" c="2 5" t="1"/>
		<b id="5" c="5 6" t="1"/>
		<b id="6" c="7 6" t="1"/>
		<b id="7" c="8 6" t="1"/>
		<b id="8" c="6 9" t="1"/>
		<b id="9" c="10 9" t="1"/>
		<b id="10" c="11 9" t="1"/>
		<b id="11" c="9 12" t="1"/>
		<b id="12" c="13 12" t="1"/>
		<b id="13" c="14 12" t="1"/>
		<b id="14" c="12 15" t="1"/>
		<b id="15" c="16 15" t="1"/>
		<b id="16" c="17 15" t="1"/>
		<b id="17" c="15 18" t="1"/>
		<b id="18" c="18 19" t="2"/>
		<b id="19" c="19 20" t="2"/>
		<b id="20" c="1 21" t="1"/>
		<b id="21" c="1 22" t="1"/>
		<b id="22" c="1 23" t="1"/>
		<b id="23" c="3 24" t="1"/>
		<b id="24" c="3 25" t="1"/>
		<b id="25" c="3 26" t="1"/>
		<b id="26" c="4 27" t="1"/>
		<b id="27" c="4 28" t="1"/>
		<b id="28" c="4 29" t="1"/>
		<b id="29" c="5 30" t="1"/>
		<b id="30" c="5 31" t="1"/>
	</bonds>
	<geometry>
		<g u="A" t="cart/3d">#31,3:-2.2982,-0.0286,-1.4638;-1.9573,0.4428,-0.0539;-2.9331,-0.1739,0.9415;-2.1282,1.9660,-0.0077;-0.4940,0.1259,0.3100;-0.1638,-1.3676,0.2920;-0.3284,-1.7861,-0.7067;-0.8225,-1.9101,0.9781;1.2828,-1.6737,0.7112;1.4523,-1.3464,1.7438;1.3940,-2.7657,0.7120;2.3394,-1.0894,-0.2321;3.1109,-1.8489,-0.4148;1.9011,-0.8673,-1.2129;3.0294,0.1475,0.3448;2.2935,0.8568,0.7384;3.6878,-0.1495,1.1707;3.7840,0.7919,-0.7313;4.6813,1.5760,-0.3681;5.4895,2.3005,-0.0244;-1.5521,0.3756,-2.1539;-2.2957,-1.1212,-1.4836;-3.2961,0.3408,-1.7194;-2.6331,0.1240,1.9502;-2.9127,-1.2610,0.8340;-3.9375,0.1974,0.7158;-1.8958,2.3082,1.0051;-1.4414,2.4128,-0.7327;-3.1639,2.2086,-0.2641;-0.3183,0.5445,1.3081;0.1259,0.6702,-0.4110;</g>
	</geometry>
	<conformers/>
	<properties/>
</molecule>
