<?xml version="1.0" ?>
<!--MOLLI PACKAGE EXPERIMENTAL XML FORMAT-->
<molecule name="react_189_c2_frag_0">
	<atoms>
		<a id="1" s="C" t="C.3" l="C"/>
		<a id="2" s="N" t="N.4" l="N"/>
		<a id="3" s="C" t="C.3" l="C"/>
		<a id="4" s="C" t="C.3" l="C"/>
		<a id="5" s="C" t="C.3" l="C"/>
		<a id="6" s="C" t="C.3" l="C"/>
		<a id="7" s="H" t="H" l="H"/>
		<a id="8" s="C" t="C.3" l="C"/>
		<a id="9" s="H" t="H" l="H"/>
		<a id="10" s="H" t="H" l="H"/>
		<a id="11" s="C" t="C.3" l="C"/>
		<a id="12" s="H" t="H" l="H"/>
		<a id="13" s="H" t="H" l="H"/>
		<a id="14" s="C" t="C.3" l="C"/>
		<a id="15" s="H" t="H" l="H"/>
		<a id="16" s="H" t="H" l="H"/>
		<a id="17" s="C" t="C.3" l="C"/>
		<a id="18" s="H" t="H" l="H"/>
		<a id="19" s="H" t="H" l="H"/>
		<a id="20" s="H" t="H" l="H"/>
		<a id="21" s="H" t="H" l="H"/>
		<a id="22" s="H" t="H" l="H"/>
		<a id="23" s="H" t="H" l="H"/>
		<a id="24" s="H" t="H" l="H"/>
		<a id="25" s="H" t="H" l="H"/>
		<a id="26" s="H" t="H" l="H"/>
		<a id="27" s="H" t="H" l="H"/>
		<a id="28" s="H" t="H" l="H"/>
		<a id="29" s="H" t="H" l="H"/>
		<a id="30" s="H" t="H" l="H"/>
	</atoms>
	<bonds>
		<b id="1" c="1 2" t="1"/>
		<b id="2" c="3 2" t="1"/>
		<b id="3" c="4 2" t="1"/>
		<b id="4" c="2 5" t="1"/>
		<b id="5" c="5 6" t="1"/>
		<b id="6" c="7 6" t="1"/>
		<b id="7" c="6 8" t="1"/>
		<b id="8" c="9 8" t="1"/>
		<b id="9" c="10 8" t="1"/>
		<b id="10" c="8 11" t="1"/>
		<b id="11" c="12 11" t="1"/>
		<b id="12" c="13 11" t="1"/>
		<b id="13" c="11 14" t="1"/>
		<b id="14" c="15 14" t="1"/>
		<b id="15" c="16 14" t="1"/>
		<b id="16" c="14 17" t="1"/>
		<b id="17" c="18 17" t="1"/>
		<b id="18" c="17 19" t="1"/>
		<b id="19" c="17 6" t="1"/>
		<b id="20" c="1 20" t="1"/>
		<b id="21" c="1 21" t="1"/>
		<b id="22" c="1 22" t="1"/>
		<b id="23" c="3 23" t="1"/>
		<b id="24" c="3 24" t="1"/>
		<b id="25" c="3 25" t="1"/>
		<b id="26" c="4 26" t="1"/>
		<b id="27" c="4 27" t="1"/>
		<b id="28" c="4 28" t="1"/>
		<b id="29" c="5 29" t="1"/>
		<b id="30" c="5 30" t="1"/>
	</bonds>
	<geometry>
		<g u="A" t="cart/3d">#30,3:-2.1440,1.3123,0.2643;-1.7582,-0.1471,0.0470;-1.7511,-0.4552,-1.4423;-2.8381,-1.0226,0.7004;-0.4199,-0.4875,0.7326;0.7973,0.3160,0.2588;0.5593,1.3840,0.2002;1.9612,0.1640,1.2480;1.8260,0.7824,2.1408;2.0737,-0.8794,1.5678;3.1680,0.5957,0.4353;3.1843,1.6868,0.3290;4.1125,0.2823,0.8890;2.9297,-0.0594,-0.9145;3.4092,0.4938,-1.7279;3.3439,-1.0747,-0.9169;1.4095,-0.1270,-1.0800;1.0927,0.5413,-1.8875;1.1139,-1.1446,-1.3570;-1.4608,1.9502,-0.3014;-2.0865,1.5309,1.3344;-3.1654,1.4575,-0.1011;-2.7743,-0.3631,-1.8200;-1.3846,-1.4753,-1.5856;-1.1161,0.2709,-1.9521;-3.8019,-0.7935,0.2358;-2.8684,-0.7940,1.7699;-2.5757,-2.0721,0.5368;-0.5807,-0.3097,1.8036;-0.2554,-1.5631,0.5926;</g>
	</geometry>
	<conformers/>
	<properties/>
</molecule>
