<?xml version="1.0" ?>
<!--MOLLI PACKAGE EXPERIMENTAL XML FORMAT-->
<molecule name="react_192_c2_frag_0">
	<atoms>
		<a id="1" s="C" t="C.3" l="C"/>
		<a id="2" s="N" t="N.4" l="N"/>
		<a id="3" s="C" t="C.3" l="C"/>
		<a id="4" s="C" t="C.3" l="C"/>
		<a id="5" s="C" t="C.3" l="C"/>
		<a id="6" s="Si" t="Si" l="SI"/>
		<a id="7" s="C" t="C.3" l="C"/>
		<a id="8" s="H" t="H" l="H"/>
		<a id="9" s="H" t="H" l="H"/>
		<a id="10" s="C" t="C.3" l="C"/>
		<a id="11" s="H" t="H" l="H"/>
		<a id="12" s="H" t="H" l="H"/>
		<a id="13" s="H" t="H" l="H"/>
		<a id="14" s="C" t="C.3" l="C"/>
		<a id="15" s="H" t="H" l="H"/>
		<a id="16" s="H" t="H" l="H"/>
		<a id="17" s="C" t="C.3" l="C"/>
		<a id="18" s="H" t="H" l="H"/>
		<a id="19" s="H" t="H" l="H"/>
		<a id="20" s="H" t="H" l="H"/>
		<a id="21" s="C" t="C.3" l="C"/>
		<a id="22" s="H" t="H" l="H"/>
		<a id="23" s="H" t="H" l="H"/>
		<a id="24" s="C" t="C.3" l="C"/>
		<a id="25" s="H" t="H" l="H"/>
		<a id="26" s="H" t="H" l="H"/>
		<a id="27" s="H" t="H" l="H"/>
		<a id="28" s="H" t="H" l="H"/>
		<a id="29" s="H" t="H" l="H"/>
		<a id="30" s="H" t="H" l="H"/>
		<a id="31" s="H" t="H" l="H"/>
		<a id="32" s="H" t="H" l="H"/>
		<a id="33" s="H" t="H" l="H"/>
		<a id="34" s="H" t="H" l="H"/>
		<a id="35" s="H" t="H" l="H"/>
		<a id="36" s="H" t="H" l="H"/>
		<a id="37" s="H" t="H" l="H"/>
		<a id="38" s="H" t="H" l="H"/>
	</atoms>
	<bonds>
		<b id="1" c="1 2" t="1"/>
		<b id="2" c="3 2" t="1"/>
		<b id="3" c="4 2" t="1"/>
		<b id="4" c="2 5" t="1"/>
		<b id="5" c="5 6" t="1"/>
		<b id="6" c="8 7" t="1"/>
		<b id="7" c="9 7" t="1"/>
		<b id="8" c="7 10" t="1"/>
		<b id="9" c="11 10" t="1"/>
		<b id="10" c="12 10" t="1"/>
		<b id="11" c="10 13" t="1"/>
		<b id="12" c="7 6" t="1"/>
		<b id="13" c="15 14" t="1"/>
		<b id="14" c="16 14" t="1"/>
		<b id="15" c="14 17" t="1"/>
		<b id="16" c="18 17" t="1"/>
		<b id="17" c="19 17" t="1"/>
		<b id="18" c="17 20" t="1"/>
		<b id="19" c="14 6" t="1"/>
		<b id="20" c="6 21" t="1"/>
		<b id="21" c="22 21" t="1"/>
		<b id="22" c="23 21" t="1"/>
		<b id="23" c="21 24" t="1"/>
		<b id="24" c="25 24" t="1"/>
		<b id="25" c="26 24" t="1"/>
		<b id="26" c="24 27" t="1"/>
		<b id="27" c="1 28" t="1"/>
		<b id="28" c="1 29" t="1"/>
		<b id="29" c="1 30" t="1"/>
		<b id="30" c="3 31" t="1"/>
		<b id="31" c="3 32" t="1"/>
		<b id="32" c="3 33" t="1"/>
		<b id="33" c="4 34" t="1"/>
		<b id="34" c="4 35" t="1"/>
		<b id="35" c="4 36" t="1"/>
		<b id="36" c="5 37" t="1"/>
		<b id="37" c="5 38" t="1"/>
	</bonds>
	<geometry>
		<g u="A" t="cart/3d">#38,3:2.3235,-1.6316,0.3390;2.3120,-0.1113,0.2288;2.5913,0.3014,-1.2138;3.4686,0.4262,1.0922;1.0019,0.5264,0.7798;-0.7119,0.0286,0.1302;-1.0979,-1.7688,0.6415;-0.6163,-1.9500,1.6091;-0.6274,-2.4396,-0.0848;-2.5711,-2.1336,0.7592;-2.6744,-3.1863,1.0426;-3.0729,-1.5330,1.5252;-3.1014,-1.9888,-0.1865;-0.8458,0.2261,-1.7501;-0.3555,1.1663,-2.0269;-0.2807,-0.5856,-2.2201;-2.2524,0.2233,-2.3328;-2.2074,0.3571,-3.4188;-2.7670,-0.7221,-2.1364;-2.8627,1.0343,-1.9225;-1.9859,1.1904,0.9823;-2.9874,0.8905,0.6553;-1.9282,1.0103,2.0616;-1.7955,2.6759,0.7092;-2.5775,3.2529,1.2137;-1.8507,2.8990,-0.3613;-0.8282,3.0313,1.0789;2.0509,-1.9074,1.3614;1.6182,-2.0432,-0.3854;3.3315,-1.9876,0.1037;2.5032,1.3888,-1.2882;3.6053,-0.0181,-1.4743;1.8786,-0.1965,-1.8706;4.4076,0.0076,0.7178;3.4779,1.5174,1.0128;3.2992,0.1146,2.1271;1.0062,0.3279,1.8585;1.1225,1.6072,0.6428;</g>
	</geometry>
	<conformers/>
	<properties/>
</molecule>
