<?xml version="1.0" ?>
<!--MOLLI PACKAGE EXPERIMENTAL XML FORMAT-->
<molecule name="react_212_c2_frag_0">
	<atoms>
		<a id="1" s="C" t="C.3" l="C"/>
		<a id="2" s="N" t="N.4" l="N"/>
		<a id="3" s="C" t="C.3" l="C"/>
		<a id="4" s="C" t="C.3" l="C"/>
		<a id="5" s="C" t="C.3" l="C"/>
		<a id="6" s="C" t="C.3" l="C"/>
		<a id="7" s="H" t="H" l="H"/>
		<a id="8" s="C" t="C.3" l="C"/>
		<a id="9" s="H" t="H" l="H"/>
		<a id="10" s="H" t="H" l="H"/>
		<a id="11" s="C" t="C.3" l="C"/>
		<a id="12" s="H" t="H" l="H"/>
		<a id="13" s="H" t="H" l="H"/>
		<a id="14" s="C" t="C.3" l="C"/>
		<a id="15" s="H" t="H" l="H"/>
		<a id="16" s="H" t="H" l="H"/>
		<a id="17" s="C" t="C.3" l="C"/>
		<a id="18" s="H" t="H" l="H"/>
		<a id="19" s="H" t="H" l="H"/>
		<a id="20" s="C" t="C.3" l="C"/>
		<a id="21" s="H" t="H" l="H"/>
		<a id="22" s="H" t="H" l="H"/>
		<a id="23" s="C" t="C.3" l="C"/>
		<a id="24" s="H" t="H" l="H"/>
		<a id="25" s="H" t="H" l="H"/>
		<a id="26" s="C" t="C.3" l="C"/>
		<a id="27" s="H" t="H" l="H"/>
		<a id="28" s="H" t="H" l="H"/>
		<a id="29" s="H" t="H" l="H"/>
		<a id="30" s="H" t="H" l="H"/>
		<a id="31" s="H" t="H" l="H"/>
		<a id="32" s="H" t="H" l="H"/>
		<a id="33" s="H" t="H" l="H"/>
		<a id="34" s="H" t="H" l="H"/>
		<a id="35" s="H" t="H" l="H"/>
		<a id="36" s="H" t="H" l="H"/>
		<a id="37" s="H" t="H" l="H"/>
		<a id="38" s="H" t="H" l="H"/>
		<a id="39" s="H" t="H" l="H"/>
	</atoms>
	<bonds>
		<b id="1" c="1 2" t="1"/>
		<b id="2" c="3 2" t="1"/>
		<b id="3" c="4 2" t="1"/>
		<b id="4" c="2 5" t="1"/>
		<b id="5" c="5 6" t="1"/>
		<b id="6" c="7 6" t="1"/>
		<b id="7" c="6 8" t="1"/>
		<b id="8" c="9 8" t="1"/>
		<b id="9" c="10 8" t="1"/>
		<b id="10" c="8 11" t="1"/>
		<b id="11" c="12 11" t="1"/>
		<b id="12" c="13 11" t="1"/>
		<b id="13" c="11 14" t="1"/>
		<b id="14" c="15 14" t="1"/>
		<b id="15" c="16 14" t="1"/>
		<b id="16" c="14 17" t="1"/>
		<b id="17" c="18 17" t="1"/>
		<b id="18" c="19 17" t="1"/>
		<b id="19" c="17 20" t="1"/>
		<b id="20" c="21 20" t="1"/>
		<b id="21" c="22 20" t="1"/>
		<b id="22" c="20 23" t="1"/>
		<b id="23" c="24 23" t="1"/>
		<b id="24" c="25 23" t="1"/>
		<b id="25" c="23 26" t="1"/>
		<b id="26" c="27 26" t="1"/>
		<b id="27" c="26 28" t="1"/>
		<b id="28" c="26 6" t="1"/>
		<b id="29" c="1 29" t="1"/>
		<b id="30" c="1 30" t="1"/>
		<b id="31" c="1 31" t="1"/>
		<b id="32" c="3 32" t="1"/>
		<b id="33" c="3 33" t="1"/>
		<b id="34" c="3 34" t="1"/>
		<b id="35" c="4 35" t="1"/>
		<b id="36" c="4 36" t="1"/>
		<b id="37" c="4 37" t="1"/>
		<b id="38" c="5 38" t="1"/>
		<b id="39" c="5 39" t="1"/>
	</bonds>
	<geometry>
		<g u="A" t="cart/3d">#39,3:2.8427,-0.5456,-1.3094;2.7977,-0.0682,0.1355;4.0430,0.8023,0.3823;2.8958,-1.2623,1.0778;1.5651,0.8154,0.4226;0.1993,0.3175,-0.1078;0.2804,0.1295,-1.1861;-0.2703,-1.0253,0.5981;0.0100,-1.0507,1.6555;0.1369,-1.9014,0.0870;-1.7344,-0.9330,0.4279;-1.7162,-0.7654,-0.6510;-1.9484,-0.0963,1.0983;-3.0449,-1.6100,0.5105;-3.2816,-1.9870,1.5092;-3.1311,-2.4277,-0.2120;-3.9914,-0.4136,0.1181;-4.9396,-0.8358,-0.2356;-4.2255,0.1725,1.0162;-3.4309,0.5775,-0.9793;-4.2939,1.1817,-1.2953;-3.1798,-0.0115,-1.8730;-2.2588,1.6302,-0.7368;-2.0016,1.9810,-1.7473;-2.7552,2.4923,-0.2670;-0.8569,1.5328,0.0242;-0.3215,2.4361,-0.3049;-1.0354,1.7135,1.0942;2.7306,0.3232,-1.9643;3.8069,-1.0334,-1.4832;2.0356,-1.2643,-1.4712;4.0141,1.1552,1.4175;4.9356,0.1935,0.2087;4.0213,1.6450,-0.3154;2.1443,-2.0025,0.8073;3.8880,-1.7113,0.9654;2.7537,-0.9113,2.1036;1.5298,0.9753,1.5072;1.7864,1.7821,-0.0465;</g>
	</geometry>
	<conformers/>
	<properties/>
</molecule>
