<?xml version="1.0" ?>
<!--MOLLI PACKAGE EXPERIMENTAL XML FORMAT-->
<molecule name="react_217_c2_frag_0">
	<atoms>
		<a id="1" s="C" t="C.3" l="C"/>
		<a id="2" s="N" t="N.4" l="N"/>
		<a id="3" s="C" t="C.3" l="C"/>
		<a id="4" s="C" t="C.3" l="C"/>
		<a id="5" s="C" t="C.3" l="C"/>
		<a id="6" s="Si" t="Si" l="SI"/>
		<a id="7" s="C" t="C.3" l="C"/>
		<a id="8" s="H" t="H" l="H"/>
		<a id="9" s="C" t="C.3" l="C"/>
		<a id="10" s="H" t="H" l="H"/>
		<a id="11" s="H" t="H" l="H"/>
		<a id="12" s="H" t="H" l="H"/>
		<a id="13" s="C" t="C.3" l="C"/>
		<a id="14" s="H" t="H" l="H"/>
		<a id="15" s="H" t="H" l="H"/>
		<a id="16" s="H" t="H" l="H"/>
		<a id="17" s="C" t="C.3" l="C"/>
		<a id="18" s="H" t="H" l="H"/>
		<a id="19" s="C" t="C.3" l="C"/>
		<a id="20" s="H" t="H" l="H"/>
		<a id="21" s="H" t="H" l="H"/>
		<a id="22" s="H" t="H" l="H"/>
		<a id="23" s="C" t="C.3" l="C"/>
		<a id="24" s="H" t="H" l="H"/>
		<a id="25" s="H" t="H" l="H"/>
		<a id="26" s="H" t="H" l="H"/>
		<a id="27" s="C" t="C.3" l="C"/>
		<a id="28" s="H" t="H" l="H"/>
		<a id="29" s="C" t="C.3" l="C"/>
		<a id="30" s="H" t="H" l="H"/>
		<a id="31" s="H" t="H" l="H"/>
		<a id="32" s="H" t="H" l="H"/>
		<a id="33" s="C" t="C.3" l="C"/>
		<a id="34" s="H" t="H" l="H"/>
		<a id="35" s="H" t="H" l="H"/>
		<a id="36" s="H" t="H" l="H"/>
		<a id="37" s="H" t="H" l="H"/>
		<a id="38" s="H" t="H" l="H"/>
		<a id="39" s="H" t="H" l="H"/>
		<a id="40" s="H" t="H" l="H"/>
		<a id="41" s="H" t="H" l="H"/>
		<a id="42" s="H" t="H" l="H"/>
		<a id="43" s="H" t="H" l="H"/>
		<a id="44" s="H" t="H" l="H"/>
		<a id="45" s="H" t="H" l="H"/>
		<a id="46" s="H" t="H" l="H"/>
		<a id="47" s="H" t="H" l="H"/>
	</atoms>
	<bonds>
		<b id="1" c="1 2" t="1"/>
		<b id="2" c="3 2" t="1"/>
		<b id="3" c="4 2" t="1"/>
		<b id="4" c="2 5" t="1"/>
		<b id="5" c="5 6" t="1"/>
		<b id="6" c="8 7" t="1"/>
		<b id="7" c="10 9" t="1"/>
		<b id="8" c="11 9" t="1"/>
		<b id="9" c="9 12" t="1"/>
		<b id="10" c="9 7" t="1"/>
		<b id="11" c="7 13" t="1"/>
		<b id="12" c="14 13" t="1"/>
		<b id="13" c="15 13" t="1"/>
		<b id="14" c="13 16" t="1"/>
		<b id="15" c="7 6" t="1"/>
		<b id="16" c="18 17" t="1"/>
		<b id="17" c="20 19" t="1"/>
		<b id="18" c="21 19" t="1"/>
		<b id="19" c="19 22" t="1"/>
		<b id="20" c="19 17" t="1"/>
		<b id="21" c="17 23" t="1"/>
		<b id="22" c="24 23" t="1"/>
		<b id="23" c="25 23" t="1"/>
		<b id="24" c="23 26" t="1"/>
		<b id="25" c="17 6" t="1"/>
		<b id="26" c="6 27" t="1"/>
		<b id="27" c="28 27" t="1"/>
		<b id="28" c="30 29" t="1"/>
		<b id="29" c="31 29" t="1"/>
		<b id="30" c="29 32" t="1"/>
		<b id="31" c="29 27" t="1"/>
		<b id="32" c="27 33" t="1"/>
		<b id="33" c="34 33" t="1"/>
		<b id="34" c="35 33" t="1"/>
		<b id="35" c="33 36" t="1"/>
		<b id="36" c="1 37" t="1"/>
		<b id="37" c="1 38" t="1"/>
		<b id="38" c="1 39" t="1"/>
		<b id="39" c="3 40" t="1"/>
		<b id="40" c="3 41" t="1"/>
		<b id="41" c="3 42" t="1"/>
		<b id="42" c="4 43" t="1"/>
		<b id="43" c="4 44" t="1"/>
		<b id="44" c="4 45" t="1"/>
		<b id="45" c="5 46" t="1"/>
		<b id="46" c="5 47" t="1"/>
	</bonds>
	<geometry>
		<g u="A" t="cart/3d">#47,3:3.7680,-0.8031,0.1342;2.4623,-0.1652,0.6514;2.6314,1.3453,0.5617;2.3092,-0.5879,2.1094;1.3088,-0.7101,-0.2408;-0.4831,-0.0908,-0.1342;-1.2155,-0.0848,1.7030;-0.6519,-0.8624,2.2313;-1.0203,1.2536,2.4310;0.0161,1.5964,2.4071;-1.3088,1.1597,3.4839;-1.6372,2.0448,1.9914;-2.7031,-0.4624,1.7758;-3.0544,-0.4421,2.8137;-2.8860,-1.4727,1.4004;-3.3276,0.2272,1.1989;-1.5757,-1.4202,-1.1943;-2.6176,-1.1361,-1.0077;-1.3102,-1.3471,-2.7003;-1.8618,-2.1331,-3.2280;-0.2468,-1.4667,-2.9334;-1.6469,-0.3937,-3.1153;-1.3484,-2.8569,-0.7007;-0.3440,-3.2141,-0.9529;-1.4690,-2.9467,0.3828;-2.0665,-3.5375,-1.1715;-0.6920,1.6976,-0.9110;-0.2772,2.3777,-0.1578;-2.1593,2.0896,-1.1298;-2.6506,1.4368,-1.8587;-2.2310,3.1176,-1.5021;-2.7329,2.0420,-0.1995;0.1007,1.9231,-2.2044;1.1600,1.6833,-2.0828;-0.2795,1.3224,-3.0342;0.0394,2.9743,-2.5085;3.6724,-1.8904,0.2097;3.9116,-0.4991,-0.9069;4.5981,-0.4472,0.7521;3.5050,1.6305,1.1563;1.7423,1.8296,0.9645;2.7868,1.6154,-0.4854;2.1323,-1.6667,2.1432;3.2320,-0.3369,2.6419;1.4797,-0.0434,2.5538;1.6393,-0.5583,-1.2750;1.3019,-1.7911,-0.0627;</g>
	</geometry>
	<conformers/>
	<properties/>
</molecule>
