<?xml version="1.0" ?>
<!--MOLLI PACKAGE EXPERIMENTAL XML FORMAT-->
<molecule name="react_223_c2_frag_0">
	<atoms>
		<a id="1" s="C" t="C.3" l="C"/>
		<a id="2" s="N" t="N.4" l="N"/>
		<a id="3" s="C" t="C.3" l="C"/>
		<a id="4" s="C" t="C.3" l="C"/>
		<a id="5" s="C" t="C.3" l="C"/>
		<a id="6" s="C" t="C.3" l="C"/>
		<a id="7" s="H" t="H" l="H"/>
		<a id="8" s="H" t="H" l="H"/>
		<a id="9" s="Si" t="Si" l="SI"/>
		<a id="10" s="C" t="C.3" l="C"/>
		<a id="11" s="H" t="H" l="H"/>
		<a id="12" s="C" t="C.3" l="C"/>
		<a id="13" s="H" t="H" l="H"/>
		<a id="14" s="H" t="H" l="H"/>
		<a id="15" s="H" t="H" l="H"/>
		<a id="16" s="C" t="C.3" l="C"/>
		<a id="17" s="H" t="H" l="H"/>
		<a id="18" s="H" t="H" l="H"/>
		<a id="19" s="H" t="H" l="H"/>
		<a id="20" s="C" t="C.3" l="C"/>
		<a id="21" s="H" t="H" l="H"/>
		<a id="22" s="C" t="C.3" l="C"/>
		<a id="23" s="H" t="H" l="H"/>
		<a id="24" s="H" t="H" l="H"/>
		<a id="25" s="H" t="H" l="H"/>
		<a id="26" s="C" t="C.3" l="C"/>
		<a id="27" s="H" t="H" l="H"/>
		<a id="28" s="H" t="H" l="H"/>
		<a id="29" s="H" t="H" l="H"/>
		<a id="30" s="C" t="C.3" l="C"/>
		<a id="31" s="H" t="H" l="H"/>
		<a id="32" s="C" t="C.3" l="C"/>
		<a id="33" s="H" t="H" l="H"/>
		<a id="34" s="H" t="H" l="H"/>
		<a id="35" s="H" t="H" l="H"/>
		<a id="36" s="C" t="C.3" l="C"/>
		<a id="37" s="H" t="H" l="H"/>
		<a id="38" s="H" t="H" l="H"/>
		<a id="39" s="H" t="H" l="H"/>
		<a id="40" s="H" t="H" l="H"/>
		<a id="41" s="H" t="H" l="H"/>
		<a id="42" s="H" t="H" l="H"/>
		<a id="43" s="H" t="H" l="H"/>
		<a id="44" s="H" t="H" l="H"/>
		<a id="45" s="H" t="H" l="H"/>
		<a id="46" s="H" t="H" l="H"/>
		<a id="47" s="H" t="H" l="H"/>
		<a id="48" s="H" t="H" l="H"/>
		<a id="49" s="H" t="H" l="H"/>
		<a id="50" s="H" t="H" l="H"/>
	</atoms>
	<bonds>
		<b id="1" c="1 2" t="1"/>
		<b id="2" c="3 2" t="1"/>
		<b id="3" c="4 2" t="1"/>
		<b id="4" c="2 5" t="1"/>
		<b id="5" c="5 6" t="1"/>
		<b id="6" c="7 6" t="1"/>
		<b id="7" c="8 6" t="1"/>
		<b id="8" c="6 9" t="1"/>
		<b id="9" c="11 10" t="1"/>
		<b id="10" c="13 12" t="1"/>
		<b id="11" c="14 12" t="1"/>
		<b id="12" c="12 15" t="1"/>
		<b id="13" c="12 10" t="1"/>
		<b id="14" c="10 16" t="1"/>
		<b id="15" c="17 16" t="1"/>
		<b id="16" c="18 16" t="1"/>
		<b id="17" c="16 19" t="1"/>
		<b id="18" c="10 9" t="1"/>
		<b id="19" c="21 20" t="1"/>
		<b id="20" c="23 22" t="1"/>
		<b id="21" c="24 22" t="1"/>
		<b id="22" c="22 25" t="1"/>
		<b id="23" c="22 20" t="1"/>
		<b id="24" c="20 26" t="1"/>
		<b id="25" c="27 26" t="1"/>
		<b id="26" c="28 26" t="1"/>
		<b id="27" c="26 29" t="1"/>
		<b id="28" c="20 9" t="1"/>
		<b id="29" c="9 30" t="1"/>
		<b id="30" c="31 30" t="1"/>
		<b id="31" c="33 32" t="1"/>
		<b id="32" c="34 32" t="1"/>
		<b id="33" c="32 35" t="1"/>
		<b id="34" c="32 30" t="1"/>
		<b id="35" c="30 36" t="1"/>
		<b id="36" c="37 36" t="1"/>
		<b id="37" c="38 36" t="1"/>
		<b id="38" c="36 39" t="1"/>
		<b id="39" c="1 40" t="1"/>
		<b id="40" c="1 41" t="1"/>
		<b id="41" c="1 42" t="1"/>
		<b id="42" c="3 43" t="1"/>
		<b id="43" c="3 44" t="1"/>
		<b id="44" c="3 45" t="1"/>
		<b id="45" c="4 46" t="1"/>
		<b id="46" c="4 47" t="1"/>
		<b id="47" c="4 48" t="1"/>
		<b id="48" c="5 49" t="1"/>
		<b id="49" c="5 50" t="1"/>
	</bonds>
	<geometry>
		<g u="A" t="cart/3d">#50,3:3.7430,-0.8139,0.4565;3.1867,0.5456,0.0495;3.9188,1.6229,0.8582;3.4679,0.7924,-1.4289;1.6835,0.6634,0.3675;0.8381,-0.4020,-0.3245;1.0080,-0.4060,-1.4047;1.0843,-1.3979,0.0566;-1.0726,-0.1871,-0.0983;-1.5732,-0.3639,1.7765;-2.6618,-0.4983,1.7688;-1.2840,0.8840,2.6199;-0.2137,1.0992,2.6827;-1.6537,0.7484,3.6427;-1.7808,1.7703,2.2121;-0.9530,-1.5972,2.4446;-1.2106,-2.5165,1.9089;0.1397,-1.5271,2.4865;-1.3197,-1.7044,3.4715;-1.9857,-1.5566,-1.1778;-2.0834,-1.1086,-2.1739;-3.3921,-1.8901,-0.6659;-3.9032,-2.5634,-1.3630;-4.0113,-0.9941,-0.5619;-3.3578,-2.3883,0.3093;-1.1704,-2.8474,-1.3267;-0.2021,-2.6560,-1.8011;-0.9823,-3.3235,-0.3587;-1.7023,-3.5685,-1.9570;-1.5780,1.5907,-0.7649;-1.0860,2.2985,-0.0869;-1.0595,1.8608,-2.1833;-1.3158,2.8782,-2.4989;-1.4914,1.1661,-2.9119;0.0302,1.7675,-2.2368;-3.0881,1.8445,-0.7045;-3.4903,1.6611,0.2974;-3.6315,1.2054,-1.4086;-3.3114,2.8853,-0.9641;3.4787,-0.9968,1.5019;4.8302,-0.7930,0.3341;3.3155,-1.5818,-0.1932;3.5302,2.6013,0.5602;4.9890,1.5550,0.6408;3.7338,1.4423,1.9213;4.5521,0.8387,-1.5708;3.0041,1.7403,-1.7161;3.0582,-0.0342,-2.0140;1.5931,0.5797,1.4558;1.3803,1.6749,0.0729;</g>
	</geometry>
	<conformers/>
	<properties/>
</molecule>
