<?xml version="1.0" ?>
<!--MOLLI PACKAGE EXPERIMENTAL XML FORMAT-->
<molecule name="react_226_c2_frag_0">
	<atoms>
		<a id="1" s="C" t="C.3" l="C"/>
		<a id="2" s="N" t="N.4" l="N"/>
		<a id="3" s="C" t="C.3" l="C"/>
		<a id="4" s="C" t="C.3" l="C"/>
		<a id="5" s="C" t="C.3" l="C"/>
		<a id="6" s="C" t="C.3" l="C"/>
		<a id="7" s="C" t="C.3" l="C"/>
		<a id="8" s="H" t="H" l="H"/>
		<a id="9" s="H" t="H" l="H"/>
		<a id="10" s="C" t="C.3" l="C"/>
		<a id="11" s="H" t="H" l="H"/>
		<a id="12" s="C" t="C.3" l="C"/>
		<a id="13" s="H" t="H" l="H"/>
		<a id="14" s="H" t="H" l="H"/>
		<a id="15" s="C" t="C.3" l="C"/>
		<a id="16" s="H" t="H" l="H"/>
		<a id="17" s="C" t="C.3" l="C"/>
		<a id="18" s="H" t="H" l="H"/>
		<a id="19" s="H" t="H" l="H"/>
		<a id="20" s="C" t="C.3" l="C"/>
		<a id="21" s="H" t="H" l="H"/>
		<a id="22" s="H" t="H" l="H"/>
		<a id="23" s="C" t="C.3" l="C"/>
		<a id="24" s="H" t="H" l="H"/>
		<a id="25" s="C" t="C.3" l="C"/>
		<a id="26" s="H" t="H" l="H"/>
		<a id="27" s="H" t="H" l="H"/>
		<a id="28" s="C" t="C.3" l="C"/>
		<a id="29" s="H" t="H" l="H"/>
		<a id="30" s="H" t="H" l="H"/>
		<a id="31" s="H" t="H" l="H"/>
		<a id="32" s="H" t="H" l="H"/>
		<a id="33" s="H" t="H" l="H"/>
		<a id="34" s="H" t="H" l="H"/>
		<a id="35" s="H" t="H" l="H"/>
		<a id="36" s="H" t="H" l="H"/>
		<a id="37" s="H" t="H" l="H"/>
		<a id="38" s="H" t="H" l="H"/>
		<a id="39" s="H" t="H" l="H"/>
		<a id="40" s="H" t="H" l="H"/>
		<a id="41" s="H" t="H" l="H"/>
	</atoms>
	<bonds>
		<b id="1" c="1 2" t="1"/>
		<b id="2" c="3 2" t="1"/>
		<b id="3" c="4 2" t="1"/>
		<b id="4" c="2 5" t="1"/>
		<b id="5" c="5 6" t="1"/>
		<b id="6" c="6 7" t="1"/>
		<b id="7" c="8 7" t="1"/>
		<b id="8" c="9 7" t="1"/>
		<b id="9" c="7 10" t="1"/>
		<b id="10" c="10 11" t="1"/>
		<b id="11" c="10 12" t="1"/>
		<b id="12" c="13 12" t="1"/>
		<b id="13" c="14 12" t="1"/>
		<b id="14" c="12 15" t="1"/>
		<b id="15" c="15 16" t="1"/>
		<b id="16" c="18 17" t="1"/>
		<b id="17" c="17 19" t="1"/>
		<b id="18" c="17 15" t="1"/>
		<b id="19" c="15 20" t="1"/>
		<b id="20" c="21 20" t="1"/>
		<b id="21" c="22 20" t="1"/>
		<b id="22" c="20 23" t="1"/>
		<b id="23" c="23 24" t="1"/>
		<b id="24" c="26 25" t="1"/>
		<b id="25" c="25 27" t="1"/>
		<b id="26" c="25 23" t="1"/>
		<b id="27" c="23 28" t="1"/>
		<b id="28" c="29 28" t="1"/>
		<b id="29" c="28 30" t="1"/>
		<b id="30" c="17 6" t="1"/>
		<b id="31" c="25 6" t="1"/>
		<b id="32" c="28 10" t="1"/>
		<b id="33" c="1 31" t="1"/>
		<b id="34" c="1 32" t="1"/>
		<b id="35" c="1 33" t="1"/>
		<b id="36" c="3 34" t="1"/>
		<b id="37" c="3 35" t="1"/>
		<b id="38" c="3 36" t="1"/>
		<b id="39" c="4 37" t="1"/>
		<b id="40" c="4 38" t="1"/>
		<b id="41" c="4 39" t="1"/>
		<b id="42" c="5 40" t="1"/>
		<b id="43" c="5 41" t="1"/>
	</bonds>
	<geometry>
		<g u="A" t="cart/3d">#41,3:2.7299,1.6463,0.2160;2.5500,0.1607,-0.0907;2.5814,-0.6391,1.1972;3.7819,-0.2674,-0.9190;1.3165,-0.1068,-0.9754;-0.1260,-0.0868,-0.3862;-0.4689,1.1300,0.5022;-0.2498,2.0633,-0.0309;0.1312,1.1229,1.4163;-1.9503,1.1158,0.9269;-2.1576,1.9838,1.5629;-2.2389,-0.1767,1.7080;-1.6181,-0.2164,2.6115;-3.2844,-0.1881,2.0399;-1.9564,-1.4000,0.8212;-2.1675,-2.3179,1.3815;-0.4764,-1.3864,0.3920;0.1319,-1.4890,1.2933;-0.2681,-2.2671,-0.2290;-2.8512,-1.3403,-0.4242;-2.6707,-2.2165,-1.0589;-3.9075,-1.3724,-0.1301;-2.5630,-0.0535,-1.2087;-3.1989,-0.0146,-2.1002;-1.0851,-0.0395,-1.6250;-0.8886,0.8650,-2.2162;-0.8863,-0.8937,-2.2861;-2.8440,1.1654,-0.3197;-3.9003,1.1793,-0.0246;-2.6574,2.0904,-0.8790;3.7236,1.7910,0.6524;2.6424,2.2102,-0.7170;1.9803,1.9675,0.9366;3.5629,-0.5070,1.6643;1.8150,-0.2590,1.8739;2.4219,-1.6935,0.9558;3.7068,-1.3403,-1.1207;3.7837,0.3038,-1.8523;4.6852,-0.0548,-0.3388;1.4816,-1.0938,-1.4284;1.3893,0.6250,-1.7908;</g>
	</geometry>
	<conformers/>
	<properties/>
</molecule>
