<?xml version="1.0" ?>
<!--MOLLI PACKAGE EXPERIMENTAL XML FORMAT-->
<molecule name="react_247_c2_frag_0">
	<atoms>
		<a id="1" s="C" t="C.3" l="C"/>
		<a id="2" s="N" t="N.4" l="N"/>
		<a id="3" s="C" t="C.3" l="C"/>
		<a id="4" s="C" t="C.3" l="C"/>
		<a id="5" s="C" t="C.3" l="C"/>
		<a id="6" s="C" t="C.3" l="C"/>
		<a id="7" s="H" t="H" l="H"/>
		<a id="8" s="H" t="H" l="H"/>
		<a id="9" s="C" t="C.1" l="C"/>
		<a id="10" s="C" t="C.1" l="C"/>
		<a id="11" s="C" t="C.3" l="C"/>
		<a id="12" s="H" t="H" l="H"/>
		<a id="13" s="H" t="H" l="H"/>
		<a id="14" s="C" t="C.3" l="C"/>
		<a id="15" s="H" t="H" l="H"/>
		<a id="16" s="H" t="H" l="H"/>
		<a id="17" s="C" t="C.3" l="C"/>
		<a id="18" s="H" t="H" l="H"/>
		<a id="19" s="H" t="H" l="H"/>
		<a id="20" s="C" t="C.3" l="C"/>
		<a id="21" s="H" t="H" l="H"/>
		<a id="22" s="H" t="H" l="H"/>
		<a id="23" s="C" t="C.3" l="C"/>
		<a id="24" s="H" t="H" l="H"/>
		<a id="25" s="H" t="H" l="H"/>
		<a id="26" s="C" t="C.3" l="C"/>
		<a id="27" s="H" t="H" l="H"/>
		<a id="28" s="H" t="H" l="H"/>
		<a id="29" s="C" t="C.3" l="C"/>
		<a id="30" s="H" t="H" l="H"/>
		<a id="31" s="H" t="H" l="H"/>
		<a id="32" s="C" t="C.3" l="C"/>
		<a id="33" s="H" t="H" l="H"/>
		<a id="34" s="H" t="H" l="H"/>
		<a id="35" s="C" t="C.3" l="C"/>
		<a id="36" s="H" t="H" l="H"/>
		<a id="37" s="H" t="H" l="H"/>
		<a id="38" s="C" t="C.3" l="C"/>
		<a id="39" s="H" t="H" l="H"/>
		<a id="40" s="H" t="H" l="H"/>
		<a id="41" s="C" t="C.3" l="C"/>
		<a id="42" s="H" t="H" l="H"/>
		<a id="43" s="H" t="H" l="H"/>
		<a id="44" s="C" t="C.3" l="C"/>
		<a id="45" s="H" t="H" l="H"/>
		<a id="46" s="H" t="H" l="H"/>
		<a id="47" s="C" t="C.3" l="C"/>
		<a id="48" s="H" t="H" l="H"/>
		<a id="49" s="H" t="H" l="H"/>
		<a id="50" s="H" t="H" l="H"/>
		<a id="51" s="H" t="H" l="H"/>
		<a id="52" s="H" t="H" l="H"/>
		<a id="53" s="H" t="H" l="H"/>
		<a id="54" s="H" t="H" l="H"/>
		<a id="55" s="H" t="H" l="H"/>
		<a id="56" s="H" t="H" l="H"/>
		<a id="57" s="H" t="H" l="H"/>
		<a id="58" s="H" t="H" l="H"/>
		<a id="59" s="H" t="H" l="H"/>
		<a id="60" s="H" t="H" l="H"/>
		<a id="61" s="H" t="H" l="H"/>
	</atoms>
	<bonds>
		<b id="1" c="1 2" t="1"/>
		<b id="2" c="3 2" t="1"/>
		<b id="3" c="4 2" t="1"/>
		<b id="4" c="2 5" t="1"/>
		<b id="5" c="5 6" t="1"/>
		<b id="6" c="7 6" t="1"/>
		<b id="7" c="8 6" t="1"/>
		<b id="8" c="6 9" t="1"/>
		<b id="9" c="9 10" t="3"/>
		<b id="10" c="10 11" t="1"/>
		<b id="11" c="12 11" t="1"/>
		<b id="12" c="13 11" t="1"/>
		<b id="13" c="11 14" t="1"/>
		<b id="14" c="15 14" t="1"/>
		<b id="15" c="16 14" t="1"/>
		<b id="16" c="14 17" t="1"/>
		<b id="17" c="18 17" t="1"/>
		<b id="18" c="19 17" t="1"/>
		<b id="19" c="17 20" t="1"/>
		<b id="20" c="21 20" t="1"/>
		<b id="21" c="22 20" t="1"/>
		<b id="22" c="20 23" t="1"/>
		<b id="23" c="24 23" t="1"/>
		<b id="24" c="25 23" t="1"/>
		<b id="25" c="23 26" t="1"/>
		<b id="26" c="27 26" t="1"/>
		<b id="27" c="28 26" t="1"/>
		<b id="28" c="26 29" t="1"/>
		<b id="29" c="30 29" t="1"/>
		<b id="30" c="31 29" t="1"/>
		<b id="31" c="29 32" t="1"/>
		<b id="32" c="33 32" t="1"/>
		<b id="33" c="34 32" t="1"/>
		<b id="34" c="32 35" t="1"/>
		<b id="35" c="36 35" t="1"/>
		<b id="36" c="37 35" t="1"/>
		<b id="37" c="35 38" t="1"/>
		<b id="38" c="39 38" t="1"/>
		<b id="39" c="40 38" t="1"/>
		<b id="40" c="38 41" t="1"/>
		<b id="41" c="42 41" t="1"/>
		<b id="42" c="43 41" t="1"/>
		<b id="43" c="41 44" t="1"/>
		<b id="44" c="45 44" t="1"/>
		<b id="45" c="46 44" t="1"/>
		<b id="46" c="44 47" t="1"/>
		<b id="47" c="48 47" t="1"/>
		<b id="48" c="49 47" t="1"/>
		<b id="49" c="47 50" t="1"/>
		<b id="50" c="1 51" t="1"/>
		<b id="51" c="1 52" t="1"/>
		<b id="52" c="1 53" t="1"/>
		<b id="53" c="3 54" t="1"/>
		<b id="54" c="3 55" t="1"/>
		<b id="55" c="3 56" t="1"/>
		<b id="56" c="4 57" t="1"/>
		<b id="57" c="4 58" t="1"/>
		<b id="58" c="4 59" t="1"/>
		<b id="59" c="5 60" t="1"/>
		<b id="60" c="5 61" t="1"/>
	</bonds>
	<geometry>
		<g u="A" t="cart/3d">#61,3:-6.8694,2.3461,0.6168;-7.3743,0.9265,0.3886;-7.7276,0.2833,1.7241;-8.6483,1.0010,-0.4600;-6.3417,0.0783,-0.3917;-4.9964,-0.1020,0.3213;-4.5247,0.8672,0.5109;-5.1331,-0.5959,1.2884;-4.0906,-0.9157,-0.5013;-3.3431,-1.5797,-1.1669;-2.4146,-2.3883,-1.9744;-2.9920,-2.9471,-2.7209;-1.7380,-1.7357,-2.5359;-1.6232,-3.3863,-1.1269;-1.0274,-4.0175,-1.7981;-2.3228,-4.0567,-0.6109;-0.6918,-2.7658,-0.0776;-1.2754,-2.1897,0.6501;-0.2219,-3.5844,0.4823;0.4021,-1.8807,-0.6786;-0.0470,-1.0125,-1.1736;0.9532,-2.4432,-1.4417;1.3732,-1.3921,0.3989;0.8200,-0.8369,1.1663;1.8375,-2.2537,0.8940;2.4618,-0.4968,-0.1977;3.0018,-1.0575,-0.9685;1.9977,0.3675,-0.6879;3.4343,-0.0143,0.8808;3.9446,-0.8740,1.3321;2.8643,0.4708,1.6831;4.4727,0.9872,0.3643;3.9627,1.8391,-0.1010;5.0145,1.3771,1.2334;5.4675,0.3749,-0.6248;5.9736,-0.4805,-0.1632;4.9266,-0.0194,-1.4926;6.5009,1.3782,-1.1490;5.9771,2.1748,-1.6921;7.1320,0.8677,-1.8874;7.4040,2.0257,-0.0948;6.8064,2.6410,0.5873;8.0841,2.7154,-0.6109;8.2292,1.0164,0.7037;7.5716,0.3676,1.2921;8.7967,0.3745,0.0202;9.1945,1.7143,1.6497;9.7728,0.9758,2.2136;9.8975,2.3463,1.0978;8.6557,2.3430,2.3658;-6.0231,2.3146,1.3073;-7.6810,2.9348,1.0554;-6.5696,2.7661,-0.3475;-6.8527,0.3204,2.3778;-8.0326,-0.7508,1.5404;-8.5480,0.8506,2.1742;-9.3903,1.5985,0.0781;-9.0189,-0.0163,-0.6166;-8.3997,1.4722,-1.4156;-6.8121,-0.8962,-0.5754;-6.1993,0.5727,-1.3612;</g>
	</geometry>
	<conformers/>
	<properties/>
</molecule>
