<?xml version="1.0" ?>
<!--MOLLI PACKAGE EXPERIMENTAL XML FORMAT-->
<molecule name="react_258_c1_frag_0">
	<atoms>
		<a id="1" s="C" t="C.3" l="C"/>
		<a id="2" s="N" t="N.4" l="N"/>
		<a id="3" s="C" t="C.3" l="C"/>
		<a id="4" s="C" t="C.3" l="C"/>
		<a id="5" s="C" t="C.3" l="C"/>
		<a id="6" s="C" t="C.3" l="C"/>
		<a id="7" s="O" t="O.3" l="O"/>
		<a id="8" s="H" t="H" l="H"/>
		<a id="9" s="C" t="C.3" l="C"/>
		<a id="10" s="H" t="H" l="H"/>
		<a id="11" s="H" t="H" l="H"/>
		<a id="12" s="H" t="H" l="H"/>
		<a id="13" s="C" t="C.3" l="C"/>
		<a id="14" s="H" t="H" l="H"/>
		<a id="15" s="H" t="H" l="H"/>
		<a id="16" s="H" t="H" l="H"/>
		<a id="17" s="H" t="H" l="H"/>
		<a id="18" s="H" t="H" l="H"/>
		<a id="19" s="H" t="H" l="H"/>
		<a id="20" s="H" t="H" l="H"/>
		<a id="21" s="H" t="H" l="H"/>
		<a id="22" s="H" t="H" l="H"/>
		<a id="23" s="H" t="H" l="H"/>
		<a id="24" s="H" t="H" l="H"/>
		<a id="25" s="H" t="H" l="H"/>
		<a id="26" s="H" t="H" l="H"/>
		<a id="27" s="H" t="H" l="H"/>
	</atoms>
	<bonds>
		<b id="1" c="1 2" t="1"/>
		<b id="2" c="3 2" t="1"/>
		<b id="3" c="4 2" t="1"/>
		<b id="4" c="2 5" t="1"/>
		<b id="5" c="5 6" t="1"/>
		<b id="6" c="7 8" t="1"/>
		<b id="7" c="7 6" t="1"/>
		<b id="8" c="10 9" t="1"/>
		<b id="9" c="11 9" t="1"/>
		<b id="10" c="9 12" t="1"/>
		<b id="11" c="9 6" t="1"/>
		<b id="12" c="6 13" t="1"/>
		<b id="13" c="14 13" t="1"/>
		<b id="14" c="15 13" t="1"/>
		<b id="15" c="13 16" t="1"/>
		<b id="16" c="1 17" t="1"/>
		<b id="17" c="1 18" t="1"/>
		<b id="18" c="1 19" t="1"/>
		<b id="19" c="3 20" t="1"/>
		<b id="20" c="3 21" t="1"/>
		<b id="21" c="3 22" t="1"/>
		<b id="22" c="4 23" t="1"/>
		<b id="23" c="4 24" t="1"/>
		<b id="24" c="4 25" t="1"/>
		<b id="25" c="5 26" t="1"/>
		<b id="26" c="5 27" t="1"/>
	</bonds>
	<geometry>
		<g u="A" t="cart/3d">#27,3:-1.3283,1.6580,-0.1114;-1.2359,0.1681,0.1753;-2.2690,-0.1560,1.2644;-1.6164,-0.6255,-1.0698;0.1556,-0.2426,0.7318;1.3464,-0.4093,-0.2647;1.0474,-1.4556,-1.1968;1.8526,-1.6435,-1.7178;2.5728,-0.8626,0.5458;2.8663,-0.1104,1.2855;3.4301,-1.0564,-0.1092;2.3686,-1.8045,1.0680;1.7088,0.8485,-1.0503;2.6740,0.7244,-1.5564;0.9933,1.0438,-1.8534;1.7815,1.7256,-0.3999;-0.9877,2.2055,0.7720;-0.7178,1.9038,-0.9785;-2.3724,1.9048,-0.3293;-3.2581,0.1522,0.9120;-1.9971,0.3950,2.1697;-2.2543,-1.2344,1.4493;-1.4993,-1.6912,-0.8549;-2.6627,-0.4063,-1.3069;-0.9907,-0.3046,-1.9051;0.4023,0.4871,1.5128;-0.0101,-1.2142,1.2157;</g>
	</geometry>
	<conformers/>
	<properties/>
</molecule>
