<?xml version="1.0" ?>
<!--MOLLI PACKAGE EXPERIMENTAL XML FORMAT-->
<molecule name="react_265_c1_frag_0">
	<atoms>
		<a id="1" s="C" t="C.3" l="C"/>
		<a id="2" s="N" t="N.4" l="N"/>
		<a id="3" s="C" t="C.3" l="C"/>
		<a id="4" s="C" t="C.3" l="C"/>
		<a id="5" s="C" t="C.3" l="C"/>
		<a id="6" s="C" t="C.3" l="C"/>
		<a id="7" s="H" t="H" l="H"/>
		<a id="8" s="H" t="H" l="H"/>
		<a id="9" s="C" t="C.3" l="C"/>
		<a id="10" s="H" t="H" l="H"/>
		<a id="11" s="C" t="C.3" l="C"/>
		<a id="12" s="H" t="H" l="H"/>
		<a id="13" s="H" t="H" l="H"/>
		<a id="14" s="H" t="H" l="H"/>
		<a id="15" s="C" t="C.3" l="C"/>
		<a id="16" s="H" t="H" l="H"/>
		<a id="17" s="H" t="H" l="H"/>
		<a id="18" s="H" t="H" l="H"/>
		<a id="19" s="H" t="H" l="H"/>
		<a id="20" s="H" t="H" l="H"/>
		<a id="21" s="H" t="H" l="H"/>
		<a id="22" s="H" t="H" l="H"/>
		<a id="23" s="H" t="H" l="H"/>
		<a id="24" s="H" t="H" l="H"/>
		<a id="25" s="H" t="H" l="H"/>
		<a id="26" s="H" t="H" l="H"/>
		<a id="27" s="H" t="H" l="H"/>
		<a id="28" s="H" t="H" l="H"/>
		<a id="29" s="H" t="H" l="H"/>
	</atoms>
	<bonds>
		<b id="1" c="1 2" t="1"/>
		<b id="2" c="3 2" t="1"/>
		<b id="3" c="4 2" t="1"/>
		<b id="4" c="2 5" t="1"/>
		<b id="5" c="5 6" t="1"/>
		<b id="6" c="7 6" t="1"/>
		<b id="7" c="8 6" t="1"/>
		<b id="8" c="6 9" t="1"/>
		<b id="9" c="10 9" t="1"/>
		<b id="10" c="12 11" t="1"/>
		<b id="11" c="13 11" t="1"/>
		<b id="12" c="11 14" t="1"/>
		<b id="13" c="11 9" t="1"/>
		<b id="14" c="9 15" t="1"/>
		<b id="15" c="16 15" t="1"/>
		<b id="16" c="17 15" t="1"/>
		<b id="17" c="15 18" t="1"/>
		<b id="18" c="1 19" t="1"/>
		<b id="19" c="1 20" t="1"/>
		<b id="20" c="1 21" t="1"/>
		<b id="21" c="3 22" t="1"/>
		<b id="22" c="3 23" t="1"/>
		<b id="23" c="3 24" t="1"/>
		<b id="24" c="4 25" t="1"/>
		<b id="25" c="4 26" t="1"/>
		<b id="26" c="4 27" t="1"/>
		<b id="27" c="5 28" t="1"/>
		<b id="28" c="5 29" t="1"/>
	</bonds>
	<geometry>
		<g u="A" t="cart/3d">#29,3:2.5864,0.7095,-1.3353;1.7391,0.0323,-0.2519;2.1071,-1.4469,-0.2202;2.0790,0.6737,1.0881;0.2563,0.2416,-0.6213;-0.7218,-0.3430,0.4022;-0.4976,-1.4014,0.5711;-0.6111,0.1663,1.3663;-2.1923,-0.2361,-0.0527;-2.2961,-0.7320,-1.0262;-3.0982,-0.9657,0.9427;-2.8109,-2.0187,1.0316;-3.0407,-0.5128,1.9385;-4.1428,-0.9331,0.6151;-2.6547,1.2142,-0.2024;-3.7192,1.2579,-0.4569;-2.5064,1.7760,0.7260;-2.1109,1.7259,-1.0021;2.3395,1.7752,-1.3513;2.3516,0.2447,-2.2975;3.6434,0.5674,-1.0907;1.7936,-1.9024,-1.1638;1.6068,-1.9218,0.6270;3.1915,-1.5301,-0.0973;3.1616,0.6127,1.2354;1.7542,1.7178,1.0643;1.5689,0.1253,1.8840;0.1153,1.3236,-0.7183;0.1082,-0.2203,-1.6046;</g>
	</geometry>
	<conformers/>
	<properties/>
</molecule>
